<?xml version='1.0' encoding='utf-8'?>
<scene xmlns:sumo="https://www.sumochallenge.org"><version>2.0</version><categories><id>fb_categories_v1.0</id><url>https://sumochallenge.org/en/categories-1_0.json</url></categories><project_type>bounding_box</project_type><elements><element><id>30</id><category>wall</category><bounds><corner1> 1.70393254, -1.32351998, -1.77750245</corner1><corner2> 4.13170241,  1.20234879, -1.08046541</corner2></bounds><pose><translation>0., 0., 0.</translation><rotation><c1>1., 0., 0.</c1><c2>0., 1., 0.</c2><c3>0., 0., 1.</c3></rotation></pose><symmetry><x>none</x><y>none</y><z>none</z></symmetry><detectionScore>-1</detectionScore></element><element><id>25</id><category>rug</category><bounds><corner1> 1.48303573, -1.15054434, -0.14290124</corner1><corner2> 2.88932484, -0.67930913,  1.31064913</corner2></bounds><pose><translation>0., 0., 0.</translation><rotation><c1>1., 0., 0.</c1><c2>0., 1., 0.</c2><c3>0., 0., 1.</c3></rotation></pose><symmetry><x>none</x><y>none</y><z>none</z></symmetry><detectionScore>-1</detectionScore></element><element><id>18</id><category>tv_stand</category><bounds><corner1>-3.7608177 , -1.34151655, -1.03723649</corner1><corner2>-3.26472188,  0.51118808,  0.79746218</corner2></bounds><pose><translation>0., 0., 0.</translation><rotation><c1>1., 0., 0.</c1><c2>0., 1., 0.</c2><c3>0., 0., 1.</c3></rotation></pose><symmetry><x>none</x><y>none</y><z>none</z></symmetry><detectionScore>-1</detectionScore></element><element><id>21</id><category>chandelier</category><bounds><corner1> 0.81100819,  0.77849799, -0.71098843</corner1><corner2>1.57996828, 1.21078038, 0.31002388</corner2></bounds><pose><translation>0., 0., 0.</translation><rotation><c1>1., 0., 0.</c1><c2>0., 1., 0.</c2><c3>0., 0., 1.</c3></rotation></pose><symmetry><x>none</x><y>none</y><z>none</z></symmetry><detectionScore>-1</detectionScore></element><element><id>19</id><category>hanging_kitchen_cabinet</category><bounds><corner1> 1.39493984, -0.4340765 , -1.7689471 </corner1><corner2> 3.34058737,  0.957669  , -1.28056584</corner2></bounds><pose><translation>0., 0., 0.</translation><rotation><c1>1., 0., 0.</c1><c2>0., 1., 0.</c2><c3>0., 0., 1.</c3></rotation></pose><symmetry><x>none</x><y>none</y><z>none</z></symmetry><detectionScore>-1</detectionScore></element><element><id>17</id><category>wall</category><bounds><corner1>-7.27187646, -1.37841913, -3.76703634</corner1><corner2>-0.60200518,  1.17142417,  1.11529287</corner2></bounds><pose><translation>0., 0., 0.</translation><rotation><c1>1., 0., 0.</c1><c2>0., 1., 0.</c2><c3>0., 0., 1.</c3></rotation></pose><symmetry><x>none</x><y>none</y><z>none</z></symmetry><detectionScore>-1</detectionScore></element><element><id>31</id><category>refrigerator</category><bounds><corner1> 2.31997049, -1.45132599, -1.71602449</corner1><corner2> 4.41611948,  0.64843718, -0.98050056</corner2></bounds><pose><translation>0., 0., 0.</translation><rotation><c1>1., 0., 0.</c1><c2>0., 1., 0.</c2><c3>0., 0., 1.</c3></rotation></pose><symmetry><x>none</x><y>none</y><z>none</z></symmetry><detectionScore>-1</detectionScore></element><element><id>6</id><category>door</category><bounds><corner1>-3.79185727, -1.45015961, -5.05218008</corner1><corner2>-0.59338126,  0.6417247 , -0.96597626</corner2></bounds><pose><translation>0., 0., 0.</translation><rotation><c1>1., 0., 0.</c1><c2>0., 1., 0.</c2><c3>0., 0., 1.</c3></rotation></pose><symmetry><x>none</x><y>none</y><z>none</z></symmetry><detectionScore>-1</detectionScore></element><element><id>35</id><category>door</category><bounds><corner1>-7.47209141, -1.46953883, -3.84098984</corner1><corner2>-3.64083288,  1.19567134, -1.54864131</corner2></bounds><pose><translation>0., 0., 0.</translation><rotation><c1>1., 0., 0.</c1><c2>0., 1., 0.</c2><c3>0., 0., 1.</c3></rotation></pose><symmetry><x>none</x><y>none</y><z>none</z></symmetry><detectionScore>-1</detectionScore></element><element><id>8</id><category>floor</category><bounds><corner1>-3.77037654, -1.4523381 , -1.05727926</corner1><corner2>-3.25427327, -0.74193719,  1.10873561</corner2></bounds><pose><translation>0., 0., 0.</translation><rotation><c1>1., 0., 0.</c1><c2>0., 1., 0.</c2><c3>0., 0., 1.</c3></rotation></pose><symmetry><x>none</x><y>none</y><z>none</z></symmetry><detectionScore>-1</detectionScore></element><element><id>34</id><category>hanging_kitchen_cabinet</category><bounds><corner1> 0.60142513, -0.14318271, -1.7759184 </corner1><corner2> 1.59633423,  0.74508878, -1.28003297</corner2></bounds><pose><translation>0., 0., 0.</translation><rotation><c1>1., 0., 0.</c1><c2>0., 1., 0.</c2><c3>0., 0., 1.</c3></rotation></pose><symmetry><x>none</x><y>none</y><z>none</z></symmetry><detectionScore>-1</detectionScore></element><element><id>7</id><category>window</category><bounds><corner1>-3.75605841, -1.02861002, -0.88342069</corner1><corner2>-3.28482223,  0.51135418,  0.69912932</corner2></bounds><pose><translation>0., 0., 0.</translation><rotation><c1>1., 0., 0.</c1><c2>0., 1., 0.</c2><c3>0., 0., 1.</c3></rotation></pose><symmetry><x>none</x><y>none</y><z>none</z></symmetry><detectionScore>-1</detectionScore></element><element><id>16</id><category>coffee_table</category><bounds><corner1> 1.4120236 , -1.17621229, -0.04043525</corner1><corner2> 3.26299981, -0.65526952,  1.30393591</corner2></bounds><pose><translation>0., 0., 0.</translation><rotation><c1>1., 0., 0.</c1><c2>0., 1., 0.</c2><c3>0., 0., 1.</c3></rotation></pose><symmetry><x>none</x><y>none</y><z>none</z></symmetry><detectionScore>-1</detectionScore></element><element><id>10</id><category>kitchen_cabinet</category><bounds><corner1>-0.6105822 , -0.9177706 , -1.72891733</corner1><corner2> 0.06190122, -0.35487079, -1.05301123</corner2></bounds><pose><translation>0., 0., 0.</translation><rotation><c1>1., 0., 0.</c1><c2>0., 1., 0.</c2><c3>0., 0., 1.</c3></rotation></pose><symmetry><x>none</x><y>none</y><z>none</z></symmetry><detectionScore>-1</detectionScore></element><element><id>33</id><category>wall</category><bounds><corner1>-0.61018954, -0.7802095 , -1.78689559</corner1><corner2> 1.50398987,  1.02731508, -1.07097157</corner2></bounds><pose><translation>0., 0., 0.</translation><rotation><c1>1., 0., 0.</c1><c2>0., 1., 0.</c2><c3>0., 0., 1.</c3></rotation></pose><symmetry><x>none</x><y>none</y><z>none</z></symmetry><detectionScore>-1</detectionScore></element><element><id>26</id><category>door</category><bounds><corner1>-3.75714188, -1.20344665, -0.88286513</corner1><corner2>-3.26982216,  0.5057682 ,  0.74237272</corner2></bounds><pose><translation>0., 0., 0.</translation><rotation><c1>1., 0., 0.</c1><c2>0., 1., 0.</c2><c3>0., 0., 1.</c3></rotation></pose><symmetry><x>none</x><y>none</y><z>none</z></symmetry><detectionScore>-1</detectionScore></element><element><id>22</id><category>arch</category><bounds><corner1>-7.48136135, -1.47079628, -3.84162852</corner1><corner2>-3.62436213,  1.19659517, -1.65939377</corner2></bounds><pose><translation>0., 0., 0.</translation><rotation><c1>1., 0., 0.</c1><c2>0., 1., 0.</c2><c3>0., 0., 1.</c3></rotation></pose><symmetry><x>none</x><y>none</y><z>none</z></symmetry><detectionScore>-1</detectionScore></element><element><id>40</id><category>kitchen_cabinet</category><bounds><corner1> 2.28698726, -1.45216275, -1.72295381</corner1><corner2> 4.42269512,  0.79128825, -0.97486935</corner2></bounds><pose><translation>0., 0., 0.</translation><rotation><c1>1., 0., 0.</c1><c2>0., 1., 0.</c2><c3>0., 0., 1.</c3></rotation></pose><symmetry><x>none</x><y>none</y><z>none</z></symmetry><detectionScore>-1</detectionScore></element><element><id>23</id><category>chair</category><bounds><corner1> 1.4189839 , -1.47576911, -0.59494296</corner1><corner2> 3.07455687, -0.70816605,  0.34201849</corner2></bounds><pose><translation>0., 0., 0.</translation><rotation><c1>1., 0., 0.</c1><c2>0., 1., 0.</c2><c3>0., 0., 1.</c3></rotation></pose><symmetry><x>none</x><y>none</y><z>none</z></symmetry><detectionScore>-1</detectionScore></element><element><id>11</id><category>dishwasher</category><bounds><corner1>-0.60633016, -0.99765078, -1.5290052 </corner1><corner2> 0.01092479, -0.55802327, -1.05199307</corner2></bounds><pose><translation>0., 0., 0.</translation><rotation><c1>1., 0., 0.</c1><c2>0., 1., 0.</c2><c3>0., 0., 1.</c3></rotation></pose><symmetry><x>none</x><y>none</y><z>none</z></symmetry><detectionScore>-1</detectionScore></element><element><id>2</id><category>hanging_kitchen_cabinet</category><bounds><corner1> 0.37054368, -0.19492296, -1.73801287</corner1><corner2> 1.10783366,  0.6579217 , -1.28001908</corner2></bounds><pose><translation>0., 0., 0.</translation><rotation><c1>1., 0., 0.</c1><c2>0., 1., 0.</c2><c3>0., 0., 1.</c3></rotation></pose><symmetry><x>none</x><y>none</y><z>none</z></symmetry><detectionScore>-1</detectionScore></element><element><id>14</id><category>window</category><bounds><corner1> 1.35301853, -1.06498361,  0.94091802</corner1><corner2>2.75580916, 1.19468084, 1.31179837</corner2></bounds><pose><translation>0., 0., 0.</translation><rotation><c1>1., 0., 0.</c1><c2>0., 1., 0.</c2><c3>0., 0., 1.</c3></rotation></pose><symmetry><x>none</x><y>none</y><z>none</z></symmetry><detectionScore>-1</detectionScore></element><element><id>9</id><category>ceiling</category><bounds><corner1>-7.02640629,  0.50877699, -3.8281725 </corner1><corner2>-3.61392782,  1.20803811, -1.33572873</corner2></bounds><pose><translation>0., 0., 0.</translation><rotation><c1>1., 0., 0.</c1><c2>0., 1., 0.</c2><c3>0., 0., 1.</c3></rotation></pose><symmetry><x>none</x><y>none</y><z>none</z></symmetry><detectionScore>-1</detectionScore></element><element><id>36</id><category>hanging_kitchen_cabinet</category><bounds><corner1>-0.04260266, -0.22777186, -1.75399194</corner1><corner2> 0.61376681,  0.62416427, -1.28002786</corner2></bounds><pose><translation>0., 0., 0.</translation><rotation><c1>1., 0., 0.</c1><c2>0., 1., 0.</c2><c3>0., 0., 1.</c3></rotation></pose><symmetry><x>none</x><y>none</y><z>none</z></symmetry><detectionScore>-1</detectionScore></element><element><id>39</id><category>wall</category><bounds><corner1> 2.13806674, -1.30656415, -1.49491805</corner1><corner2>4.54879471, 1.18863815, 1.23670576</corner2></bounds><pose><translation>0., 0., 0.</translation><rotation><c1>1., 0., 0.</c1><c2>0., 1., 0.</c2><c3>0., 0., 1.</c3></rotation></pose><symmetry><x>none</x><y>none</y><z>none</z></symmetry><detectionScore>-1</detectionScore></element><element><id>20</id><category>chair</category><bounds><corner1> 1.2919547 , -1.43172828,  0.28072542</corner1><corner2> 2.82993579, -0.64621933,  1.30866071</corner2></bounds><pose><translation>0., 0., 0.</translation><rotation><c1>1., 0., 0.</c1><c2>0., 1., 0.</c2><c3>0., 0., 1.</c3></rotation></pose><symmetry><x>none</x><y>none</y><z>none</z></symmetry><detectionScore>-1</detectionScore></element><element><id>5</id><category>floor</category><bounds><corner1> 1.93698382, -1.32681574,  0.17249785</corner1><corner2> 4.44896434, -0.65895701,  1.31400494</corner2></bounds><pose><translation>0., 0., 0.</translation><rotation><c1>1., 0., 0.</c1><c2>0., 1., 0.</c2><c3>0., 0., 1.</c3></rotation></pose><symmetry><x>none</x><y>none</y><z>none</z></symmetry><detectionScore>-1</detectionScore></element><element><id>24</id><category>chair</category><bounds><corner1> 1.3020134 , -1.47448346,  0.06006298</corner1><corner2> 3.9371003 , -0.70186359,  1.29498908</corner2></bounds><pose><translation>0., 0., 0.</translation><rotation><c1>1., 0., 0.</c1><c2>0., 1., 0.</c2><c3>0., 0., 1.</c3></rotation></pose><symmetry><x>none</x><y>none</y><z>none</z></symmetry><detectionScore>-1</detectionScore></element><element><id>38</id><category>wall</category><bounds><corner1>-3.78262533, -1.39784294, -5.03080953</corner1><corner2>-0.59174451,  1.02143902, -0.96700554</corner2></bounds><pose><translation>0., 0., 0.</translation><rotation><c1>1., 0., 0.</c1><c2>0., 1., 0.</c2><c3>0., 0., 1.</c3></rotation></pose><symmetry><x>none</x><y>none</y><z>none</z></symmetry><detectionScore>-1</detectionScore></element><element><id>12</id><category>dining_table</category><bounds><corner1> 1.44494695, -1.15709337, -0.09364545</corner1><corner2> 2.95019464, -0.66136934,  1.30284645</corner2></bounds><pose><translation>0., 0., 0.</translation><rotation><c1>1., 0., 0.</c1><c2>0., 1., 0.</c2><c3>0., 0., 1.</c3></rotation></pose><symmetry><x>none</x><y>none</y><z>none</z></symmetry><detectionScore>-1</detectionScore></element><element><id>29</id><category>kitchen_cabinet</category><bounds><corner1> 0.0180292 , -0.92010069, -1.71700183</corner1><corner2> 1.09954057, -0.45805579, -1.07797548</corner2></bounds><pose><translation>0., 0., 0.</translation><rotation><c1>1., 0., 0.</c1><c2>0., 1., 0.</c2><c3>0., 0., 1.</c3></rotation></pose><symmetry><x>none</x><y>none</y><z>none</z></symmetry><detectionScore>-1</detectionScore></element><element><id>32</id><category>chandelier</category><bounds><corner1>-3.59700752,  0.78676912, -0.55774501</corner1><corner2>-1.98302682,  1.21118112,  0.05754896</corner2></bounds><pose><translation>0., 0., 0.</translation><rotation><c1>1., 0., 0.</c1><c2>0., 1., 0.</c2><c3>0., 0., 1.</c3></rotation></pose><symmetry><x>none</x><y>none</y><z>none</z></symmetry><detectionScore>-1</detectionScore></element><element><id>15</id><category>dishwasher</category><bounds><corner1> 1.60098301, -1.45584974, -1.70940778</corner1><corner2> 3.06720878, -0.59573775, -1.0030677 </corner2></bounds><pose><translation>0., 0., 0.</translation><rotation><c1>1., 0., 0.</c1><c2>0., 1., 0.</c2><c3>0., 0., 1.</c3></rotation></pose><symmetry><x>none</x><y>none</y><z>none</z></symmetry><detectionScore>-1</detectionScore></element><element><id>4</id><category>dining_table</category><bounds><corner1> 1.3100366 , -1.47476558, -0.46200779</corner1><corner2> 2.95407169, -0.70605748,  1.288549  </corner2></bounds><pose><translation>0., 0., 0.</translation><rotation><c1>1., 0., 0.</c1><c2>0., 1., 0.</c2><c3>0., 0., 1.</c3></rotation></pose><symmetry><x>none</x><y>none</y><z>none</z></symmetry><detectionScore>-1</detectionScore></element><element><id>37</id><category>rug</category><bounds><corner1> 1.95603737, -1.32930701,  0.15676873</corner1><corner2> 4.45574444, -0.66505703,  1.31374509</corner2></bounds><pose><translation>0., 0., 0.</translation><rotation><c1>1., 0., 0.</c1><c2>0., 1., 0.</c2><c3>0., 0., 1.</c3></rotation></pose><symmetry><x>none</x><y>none</y><z>none</z></symmetry><detectionScore>-1</detectionScore></element><element><id>1</id><category>coffee_machine</category><bounds><corner1> 0.22953567, -0.67964024, -1.74894726</corner1><corner2> 0.85931448, -0.25492413, -1.15696287</corner2></bounds><pose><translation>0., 0., 0.</translation><rotation><c1>1., 0., 0.</c1><c2>0., 1., 0.</c2><c3>0., 0., 1.</c3></rotation></pose><symmetry><x>none</x><y>none</y><z>none</z></symmetry><detectionScore>-1</detectionScore></element><element><id>28</id><category>curtain</category><bounds><corner1> 1.35397165, -0.94346689,  0.79931663</corner1><corner2>3.20088195, 1.2025939 , 1.3092703 </corner2></bounds><pose><translation>0., 0., 0.</translation><rotation><c1>1., 0., 0.</c1><c2>0., 1., 0.</c2><c3>0., 0., 1.</c3></rotation></pose><symmetry><x>none</x><y>none</y><z>none</z></symmetry><detectionScore>-1</detectionScore></element><element><id>3</id><category>wall</category><bounds><corner1>-7.35879781, -1.46733711, -3.8360442 </corner1><corner2>-3.38483435,  1.20108839, -1.00391828</corner2></bounds><pose><translation>0., 0., 0.</translation><rotation><c1>1., 0., 0.</c1><c2>0., 1., 0.</c2><c3>0., 0., 1.</c3></rotation></pose><symmetry><x>none</x><y>none</y><z>none</z></symmetry><detectionScore>-1</detectionScore></element><element><id>27</id><category>coffee_table</category><bounds><corner1> 1.3120361 , -1.4747445 , -0.29389479</corner1><corner2> 2.85710258, -0.70616954,  1.2942307 </corner2></bounds><pose><translation>0., 0., 0.</translation><rotation><c1>1., 0., 0.</c1><c2>0., 1., 0.</c2><c3>0., 0., 1.</c3></rotation></pose><symmetry><x>none</x><y>none</y><z>none</z></symmetry><detectionScore>-1</detectionScore></element><element><id>13</id><category>kitchen_cabinet</category><bounds><corner1> 1.60398793, -1.45567275, -1.74908669</corner1><corner2> 3.76814761,  0.15339152, -0.95099817</corner2></bounds><pose><translation>0., 0., 0.</translation><rotation><c1>1., 0., 0.</c1><c2>0., 1., 0.</c2><c3>0., 0., 1.</c3></rotation></pose><symmetry><x>none</x><y>none</y><z>none</z></symmetry><detectionScore>-1</detectionScore></element></elements></scene>