<?xml version='1.0' encoding='utf-8'?>
<scene xmlns:sumo="https://www.sumochallenge.org"><version>2.0</version><categories><id>fb_categories_v1_0</id><url>https://sumochallenge.org/en/categories-1_0.json</url></categories><project_type>bounding_box</project_type><elements><element><id>0</id><category>wall</category><bounds><corner1>-12.635006049456088, -1.4629022550642925, -3.5134374491144458</corner1><corner2>12.635006049456088, 1.4629022550642925, 3.5134374491144458</corner2></bounds><pose><translation>5.529253332025565, -0.12435064565106331, 1.7610714899010824</translation><rotation><c1>1, 0, 0</c1><c2>0, 1, 0</c2><c3>0, 0, 1</c3></rotation></pose><symmetry><x>twoFold</x><y>cylindrical</y><z>twoFold</z></symmetry><detectionScore>-1.0</detectionScore></element><element><id>1</id><category>door</category><bounds><corner1>-12.598893049758555, -1.55221293976107, -3.4075791619965745</corner1><corner2>12.598893049758555, 1.55221293976107, 3.4075791619965745</corner2></bounds><pose><translation>5.565366331723097, -0.22495438979494306, 1.755684833355092</translation><rotation><c1>1, 0, 0</c1><c2>0, 1, 0</c2><c3>0, 0, 1</c3></rotation></pose><symmetry><x>twoFold</x><y>cylindrical</y><z>twoFold</z></symmetry><detectionScore>-1.0</detectionScore></element><element><id>2</id><category>utensil_holder</category><bounds><corner1>-0.5207083777137822, -0.42651455883178485, -0.5219933022729193</corner1><corner2>0.5207083777137822, 0.42651455883178485, 0.5219933022729193</corner2></bounds><pose><translation>-1.8914218669476608, -0.677408653258753, -2.398044238559541</translation><rotation><c1>1, 0, 0</c1><c2>0, 1, 0</c2><c3>0, 0, 1</c3></rotation></pose><symmetry><x>twoFold</x><y>cylindrical</y><z>twoFold</z></symmetry><detectionScore>-1.0</detectionScore></element><element><id>3</id><category>kitchen_cabinet</category><bounds><corner1>-0.10608669547145322, -0.2564212058675278, -0.524529112921506</corner1><corner2>0.10608669547145322, 0.2564212058675278, 0.524529112921506</corner2></bounds><pose><translation>-1.6924920542766069, -0.9207455942944216, -0.8487396128813174</translation><rotation><c1>1, 0, 0</c1><c2>0, 1, 0</c2><c3>0, 0, 1</c3></rotation></pose><symmetry><x>twoFold</x><y>cylindrical</y><z>twoFold</z></symmetry><detectionScore>-1.0</detectionScore></element><element><id>4</id><category>water_dispenser</category><bounds><corner1>-1.260179777988149, -0.5985371640566967, -0.6023371205391239</corner1><corner2>1.260179777988149, 0.5985371640566967, 0.6023371205391239</corner2></bounds><pose><translation>1.6774750376261842, -0.624219475070774, 4.864339858097655</translation><rotation><c1>1, 0, 0</c1><c2>0, 1, 0</c2><c3>0, 0, 1</c3></rotation></pose><symmetry><x>twoFold</x><y>cylindrical</y><z>twoFold</z></symmetry><detectionScore>-1.0</detectionScore></element><element><id>5</id><category>kitchen_cabinet</category><bounds><corner1>-0.6524192533163004, -0.4603181007219136, -0.11864641807808107</corner1><corner2>0.6524192533163004, 0.4603181007219136, 0.11864641807808107</corner2></bounds><pose><translation>0.35484386130026524, -1.2372381555143384, -1.9739014500343872</translation><rotation><c1>1, 0, 0</c1><c2>0, 1, 0</c2><c3>0, 0, 1</c3></rotation></pose><symmetry><x>twoFold</x><y>cylindrical</y><z>twoFold</z></symmetry><detectionScore>-1.0</detectionScore></element><element><id>6</id><category>armchair</category><bounds><corner1>-8.584105538112208, -0.7462759157108316, -3.741542192930081</corner1><corner2>8.584105538112208, 0.7462759157108316, 3.741542192930081</corner2></bounds><pose><translation>2.8598736305924364, -1.1254472439140848, 0.5834772780549752</translation><rotation><c1>1, 0, 0</c1><c2>0, 1, 0</c2><c3>0, 0, 1</c3></rotation></pose><symmetry><x>twoFold</x><y>cylindrical</y><z>twoFold</z></symmetry><detectionScore>-1.0</detectionScore></element><element><id>7</id><category>kitchen_cabinet</category><bounds><corner1>-1.4832206619048571, -0.4329689781133855, -0.741007070853759</corner1><corner2>1.4832206619048571, 0.4329689781133855, 0.741007070853759</corner2></bounds><pose><translation>1.5195057232868943, -0.8023772885835625, 4.717745726687791</translation><rotation><c1>1, 0, 0</c1><c2>0, 1, 0</c2><c3>0, 0, 1</c3></rotation></pose><symmetry><x>twoFold</x><y>cylindrical</y><z>twoFold</z></symmetry><detectionScore>-1.0</detectionScore></element><element><id>8</id><category>wall</category><bounds><corner1>-3.111327812668175, -1.4521321627911312, -0.18766976901771049</corner1><corner2>3.111327812668175, 1.4521321627911312, 0.18766976901771049</corner2></bounds><pose><translation>0.7623790132787671, -0.11532986418881824, 5.308166422288796</translation><rotation><c1>1, 0, 0</c1><c2>0, 1, 0</c2><c3>0, 0, 1</c3></rotation></pose><symmetry><x>twoFold</x><y>cylindrical</y><z>twoFold</z></symmetry><detectionScore>-1.0</detectionScore></element><element><id>9</id><category>rug</category><bounds><corner1>-3.2020770115003363, -0.375229410871788, -0.6787811528932779</corner1><corner2>3.2020770115003363, 0.375229410871788, 0.6787811528932779</corner2></bounds><pose><translation>2.974125246472258, -0.8116358404221872, 1.1155702148791282</translation><rotation><c1>1, 0, 0</c1><c2>0, 1, 0</c2><c3>0, 0, 1</c3></rotation></pose><symmetry><x>twoFold</x><y>cylindrical</y><z>twoFold</z></symmetry><detectionScore>-1.0</detectionScore></element><element><id>10</id><category>floor</category><bounds><corner1>-3.049516828376223, -0.37384641680904623, -0.6689044687439232</corner1><corner2>3.049516828376223, 0.37384641680904623, 0.6689044687439232</corner2></bounds><pose><translation>2.952255538864582, -0.812379911829403, 1.1145947001084981</translation><rotation><c1>1, 0, 0</c1><c2>0, 1, 0</c2><c3>0, 0, 1</c3></rotation></pose><symmetry><x>twoFold</x><y>cylindrical</y><z>twoFold</z></symmetry><detectionScore>-1.0</detectionScore></element><element><id>11</id><category>kitchen_cabinet</category><bounds><corner1>-0.4720491529572551, -0.4349962434008484, -0.1100459134006726</corner1><corner2>0.4720491529572551, 0.4349962434008484, 0.1100459134006726</corner2></bounds><pose><translation>-0.43808972787700795, -1.238102993655352, -1.9605490648884092</translation><rotation><c1>1, 0, 0</c1><c2>0, 1, 0</c2><c3>0, 0, 1</c3></rotation></pose><symmetry><x>twoFold</x><y>cylindrical</y><z>twoFold</z></symmetry><detectionScore>-1.0</detectionScore></element><element><id>12</id><category>kitchen_cabinet</category><bounds><corner1>-0.12443977691798591, -0.21321169880341695, -0.9434468705473029</corner1><corner2>0.12443977691798591, 0.21321169880341695, 0.9434468705473029</corner2></bounds><pose><translation>-1.677272277702758, -0.8872532850464913, 1.320328231752296</translation><rotation><c1>1, 0, 0</c1><c2>0, 1, 0</c2><c3>0, 0, 1</c3></rotation></pose><symmetry><x>twoFold</x><y>cylindrical</y><z>twoFold</z></symmetry><detectionScore>-1.0</detectionScore></element><element><id>13</id><category>wall</category><bounds><corner1>-2.0378806888502656, -1.7155939318088818, -1.2049843341703765</corner1><corner2>2.0378806888502656, 1.7155939318088818, 1.2049843341703765</corner2></bounds><pose><translation>-0.3451312939791859, -0.25728388753752385, -2.564278620264105</translation><rotation><c1>1, 0, 0</c1><c2>0, 1, 0</c2><c3>0, 0, 1</c3></rotation></pose><symmetry><x>twoFold</x><y>cylindrical</y><z>twoFold</z></symmetry><detectionScore>-1.0</detectionScore></element><element><id>14</id><category>cutting_board</category><bounds><corner1>-0.36108416325412485, -0.1864723994237707, -0.6565877331475996</corner1><corner2>0.36108416325412485, 0.1864723994237707, 0.6565877331475996</corner2></bounds><pose><translation>-2.018472957306324, -0.8334112094882282, 1.4615780234158025</translation><rotation><c1>1, 0, 0</c1><c2>0, 1, 0</c2><c3>0, 0, 1</c3></rotation></pose><symmetry><x>twoFold</x><y>cylindrical</y><z>twoFold</z></symmetry><detectionScore>-1.0</detectionScore></element><element><id>15</id><category>rug</category><bounds><corner1>-2.7089892188373366, -0.3660553575653321, -0.611874179846932</corner1><corner2>2.7089892188373366, 0.3660553575653321, 0.611874179846932</corner2></bounds><pose><translation>2.774673301850653, -0.8219357552452987, 1.1180691889849919</translation><rotation><c1>1, 0, 0</c1><c2>0, 1, 0</c2><c3>0, 0, 1</c3></rotation></pose><symmetry><x>twoFold</x><y>cylindrical</y><z>twoFold</z></symmetry><detectionScore>-1.0</detectionScore></element><element><id>16</id><category>chair</category><bounds><corner1>-2.3612488228586654, -0.6397961806388166, -2.447884711820951</corner1><corner2>2.3612488228586654, 0.6397961806388166, 2.447884711820951</corner2></bounds><pose><translation>1.403913222282388, -1.0138594245087522, 2.969142065765733</translation><rotation><c1>1, 0, 0</c1><c2>0, 1, 0</c2><c3>0, 0, 1</c3></rotation></pose><symmetry><x>twoFold</x><y>cylindrical</y><z>twoFold</z></symmetry><detectionScore>-1.0</detectionScore></element><element><id>17</id><category>trash_can</category><bounds><corner1>-0.4584283864294767, -0.9892178288869291, -1.247518479050545</corner1><corner2>0.4584283864294767, 0.9892178288869291, 1.247518479050545</corner2></bounds><pose><translation>1.8909357525826673, -1.5973956760339096, -2.261866585655393</translation><rotation><c1>1, 0, 0</c1><c2>0, 1, 0</c2><c3>0, 0, 1</c3></rotation></pose><symmetry><x>twoFold</x><y>cylindrical</y><z>twoFold</z></symmetry><detectionScore>-1.0</detectionScore></element><element><id>18</id><category>chair</category><bounds><corner1>-3.361002404267513, -0.4986697460922417, -3.1363078096217976</corner1><corner2>3.361002404267513, 0.4986697460922417, 3.1363078096217976</corner2></bounds><pose><translation>1.9641256439213512, -0.8567735908945174, 2.2603348018505214</translation><rotation><c1>1, 0, 0</c1><c2>0, 1, 0</c2><c3>0, 0, 1</c3></rotation></pose><symmetry><x>twoFold</x><y>cylindrical</y><z>twoFold</z></symmetry><detectionScore>-1.0</detectionScore></element><element><id>19</id><category>coffee_table</category><bounds><corner1>-3.201054397685893, -0.37546730476304063, -0.6811563171143498</corner1><corner2>3.201054397685893, 0.37546730476304063, 0.6811563171143498</corner2></bounds><pose><translation>2.975147860286701, -0.8118737343134398, 1.1131950506580564</translation><rotation><c1>1, 0, 0</c1><c2>0, 1, 0</c2><c3>0, 0, 1</c3></rotation></pose><symmetry><x>twoFold</x><y>cylindrical</y><z>twoFold</z></symmetry><detectionScore>-1.0</detectionScore></element><element><id>20</id><category>kitchen_cabinet</category><bounds><corner1>-0.7045337040169679, -0.780586059667426, -1.5350351855603863</corner1><corner2>0.7045337040169679, 0.780586059667426, 1.5350351855603863</corner2></bounds><pose><translation>-1.4588619194213768, -0.82744858275658, 3.9515175274061694</translation><rotation><c1>1, 0, 0</c1><c2>0, 1, 0</c2><c3>0, 0, 1</c3></rotation></pose><symmetry><x>twoFold</x><y>cylindrical</y><z>twoFold</z></symmetry><detectionScore>-1.0</detectionScore></element><element><id>21</id><category>kitchen_cabinet</category><bounds><corner1>-0.4844585287534837, -0.5375084218303552, -0.11184294993516786</corner1><corner2>0.4844585287534837, 0.5375084218303552, 0.11184294993516786</corner2></bounds><pose><translation>-1.1704836426102203, -1.2304486016603302, -1.9302995013965634</translation><rotation><c1>1, 0, 0</c1><c2>0, 1, 0</c2><c3>0, 0, 1</c3></rotation></pose><symmetry><x>twoFold</x><y>cylindrical</y><z>twoFold</z></symmetry><detectionScore>-1.0</detectionScore></element><element><id>22</id><category>wall</category><bounds><corner1>-0.15098906250735844, -1.4821042813106369, -1.1556890094484746</corner1><corner2>0.15098906250735844, 1.4821042813106369, 1.1556890094484746</corner2></bounds><pose><translation>5.435221982634612, -0.16523873779428033, 4.162396250358347</translation><rotation><c1>1, 0, 0</c1><c2>0, 1, 0</c2><c3>0, 0, 1</c3></rotation></pose><symmetry><x>twoFold</x><y>cylindrical</y><z>twoFold</z></symmetry><detectionScore>-1.0</detectionScore></element><element><id>23</id><category>kitchen_cabinet</category><bounds><corner1>-0.2020229991856377, -0.39948526990526145, -1.2808652602029702</corner1><corner2>0.2020229991856377, 0.39948526990526145, 1.2808652602029702</corner2></bounds><pose><translation>-1.797412308765316, -0.919561561785662, 0.4008281720037045</translation><rotation><c1>1, 0, 0</c1><c2>0, 1, 0</c2><c3>0, 0, 1</c3></rotation></pose><symmetry><x>twoFold</x><y>cylindrical</y><z>twoFold</z></symmetry><detectionScore>-1.0</detectionScore></element><element><id>24</id><category>kitchen_cabinet</category><bounds><corner1>-0.5029520625387394, -1.7421542697477466, -2.6370681533190434</corner1><corner2>0.5029520625387394, 1.7421542697477466, 2.6370681533190434</corner2></bounds><pose><translation>-1.5335617538043347, -0.5631232892815722, 2.8238101767225587</translation><rotation><c1>1, 0, 0</c1><c2>0, 1, 0</c2><c3>0, 0, 1</c3></rotation></pose><symmetry><x>twoFold</x><y>cylindrical</y><z>twoFold</z></symmetry><detectionScore>-1.0</detectionScore></element><element><id>25</id><category>ottoman</category><bounds><corner1>-3.2003196355668515, -0.37569479017372837, -0.6557012413994896</corner1><corner2>3.2003196355668515, 0.37569479017372837, 0.6557012413994896</corner2></bounds><pose><translation>2.975882622405743, -0.8121012197241275, 1.1094304217446977</translation><rotation><c1>1, 0, 0</c1><c2>0, 1, 0</c2><c3>0, 0, 1</c3></rotation></pose><symmetry><x>twoFold</x><y>cylindrical</y><z>twoFold</z></symmetry><detectionScore>-1.0</detectionScore></element><element><id>26</id><category>kettle</category><bounds><corner1>-0.21757536866468374, -0.17733593728486274, -0.28430769760491903</corner1><corner2>0.21757536866468374, 0.17733593728486274, 0.28430769760491903</corner2></bounds><pose><translation>-2.12343829389333, -0.731998198879588, -1.4144502077627135</translation><rotation><c1>1, 0, 0</c1><c2>0, 1, 0</c2><c3>0, 0, 1</c3></rotation></pose><symmetry><x>twoFold</x><y>cylindrical</y><z>twoFold</z></symmetry><detectionScore>-1.0</detectionScore></element><element><id>27</id><category>chair</category><bounds><corner1>-3.2096370326229366, -0.4963939793562295, -3.4267044377093328</corner1><corner2>3.2096370326229366, 0.4963939793562295, 3.4267044377093328</corner2></bounds><pose><translation>2.3862540992305274, -0.8479145291922101, 1.9092824193980622</translation><rotation><c1>1, 0, 0</c1><c2>0, 1, 0</c2><c3>0, 0, 1</c3></rotation></pose><symmetry><x>twoFold</x><y>cylindrical</y><z>twoFold</z></symmetry><detectionScore>-1.0</detectionScore></element><element><id>28</id><category>chair</category><bounds><corner1>-5.948551173533387, -0.7967168281072066, -2.812880698698287</corner1><corner2>5.948551173533387, 0.7967168281072066, 2.812880698698287</corner2></bounds><pose><translation>2.2186316948769615, -1.211752508486401, 0.8775812778773321</translation><rotation><c1>1, 0, 0</c1><c2>0, 1, 0</c2><c3>0, 0, 1</c3></rotation></pose><symmetry><x>twoFold</x><y>cylindrical</y><z>twoFold</z></symmetry><detectionScore>-1.0</detectionScore></element><element><id>29</id><category>wall</category><bounds><corner1>-11.456157961432599, -1.3031835003507775, -1.6987384280968962</corner1><corner2>11.456157961432599, 1.3031835003507775, 1.6987384280968962</corner2></bounds><pose><translation>5.52192210835931, -0.02707446177681686, 3.4645255672547703</translation><rotation><c1>1, 0, 0</c1><c2>0, 1, 0</c2><c3>0, 0, 1</c3></rotation></pose><symmetry><x>twoFold</x><y>cylindrical</y><z>twoFold</z></symmetry><detectionScore>-1.0</detectionScore></element><element><id>30</id><category>chair</category><bounds><corner1>-2.7057176142803825, -0.3669803938151956, -0.6198739240882303</corner1><corner2>2.7057176142803825, 0.3669803938151956, 0.6198739240882303</corner2></bounds><pose><translation>2.777944906407607, -0.8228607914951622, 1.1100694447436936</translation><rotation><c1>1, 0, 0</c1><c2>0, 1, 0</c2><c3>0, 0, 1</c3></rotation></pose><symmetry><x>twoFold</x><y>cylindrical</y><z>twoFold</z></symmetry><detectionScore>-1.0</detectionScore></element><element><id>31</id><category>chair</category><bounds><corner1>-11.263645653943131, -0.7123077764449264, -4.4471143994280835</corner1><corner2>11.263645653943131, 0.7123077764449264, 4.4471143994280835</corner2></bounds><pose><translation>3.050949586342693, -1.0837154782427145, 0.7096152104278123</translation><rotation><c1>1, 0, 0</c1><c2>0, 1, 0</c2><c3>0, 0, 1</c3></rotation></pose><symmetry><x>twoFold</x><y>cylindrical</y><z>twoFold</z></symmetry><detectionScore>-1.0</detectionScore></element></elements></scene>