<?xml version='1.0' encoding='utf-8'?>
<scene xmlns:sumo="https://www.sumochallenge.org"><version>2.0</version><categories><id>fb_categories_v1_0</id><url>https://sumochallenge.org/en/categories-1_0.json</url></categories><project_type>bounding_box</project_type><elements><element><id>0</id><category>ironing_board</category><bounds><corner1>-0.9010410593524494, -0.16254793585848493, -0.5706354791958613</corner1><corner2>0.9010410593524494, 0.16254793585848493, 0.5706354791958613</corner2></bounds><pose><translation>-1.2392291309690535, 2.469963024187218, -1.2974800283815593</translation><rotation><c1>0, 0, 0</c1><c2>0, 0, 0</c2><c3>0, 0, 0</c3></rotation></pose><symmetry><x>twoFold</x><y>cylindrical</y><z>twoFold</z></symmetry><detectionScore>-1.0</detectionScore></element><element><id>1</id><category>dining_table</category><bounds><corner1>-1.498994485719721, -1.0843042668622247, -0.6523693741439611</corner1><corner2>1.498994485719721, 1.0843042668622247, 0.6523693741439611</corner2></bounds><pose><translation>2.3184720229094635, -4.253680523598861, -1.1063798677009178</translation><rotation><c1>0, 0, 0</c1><c2>0, 0, 0</c2><c3>0, 0, 0</c3></rotation></pose><symmetry><x>twoFold</x><y>cylindrical</y><z>twoFold</z></symmetry><detectionScore>-1.0</detectionScore></element><element><id>2</id><category>fence</category><bounds><corner1>-5.310849250529445, -5.757085311505724, -1.3719654568438604</corner1><corner2>5.310849250529445, 5.757085311505724, 1.3719654568438604</corner2></bounds><pose><translation>10.66454836090412, -5.757085311505724, -0.16943991594564534</translation><rotation><c1>0, 0, 0</c1><c2>0, 0, 0</c2><c3>0, 0, 0</c3></rotation></pose><symmetry><x>twoFold</x><y>cylindrical</y><z>twoFold</z></symmetry><detectionScore>-1.0</detectionScore></element><element><id>3</id><category>wall</category><bounds><corner1>-4.191960193747015, -5.666138688917556, -1.357486333166303</corner1><corner2>4.191960193747015, 5.666138688917556, 1.357486333166303</corner2></bounds><pose><translation>15.140009118784405, 0.698336636199466, -0.13386401369264647</translation><rotation><c1>0, 0, 0</c1><c2>0, 0, 0</c2><c3>0, 0, 0</c3></rotation></pose><symmetry><x>twoFold</x><y>cylindrical</y><z>twoFold</z></symmetry><detectionScore>-1.0</detectionScore></element><element><id>4</id><category>fence</category><bounds><corner1>-3.3489956503257403, -5.8054632448559325, -1.3133050501257229</corner1><corner2>3.3489956503257403, 5.8054632448559325, 1.3133050501257229</corner2></bounds><pose><translation>7.966787707900764, -5.8054632448559325, -0.23812626616509502</translation><rotation><c1>0, 0, 0</c1><c2>0, 0, 0</c2><c3>0, 0, 0</c3></rotation></pose><symmetry><x>twoFold</x><y>cylindrical</y><z>twoFold</z></symmetry><detectionScore>-1.0</detectionScore></element><element><id>5</id><category>wall</category><bounds><corner1>-1.8638753276814417, -0.0793281142911213, -1.534985939904567</corner1><corner2>1.8638753276814417, 0.0793281142911213, 1.534985939904567</corner2></bounds><pose><translation>0.0025322088287103774, 2.59915337188362, -0.13247404220640255</translation><rotation><c1>0, 0, 0</c1><c2>0, 0, 0</c2><c3>0, 0, 0</c3></rotation></pose><symmetry><x>twoFold</x><y>cylindrical</y><z>twoFold</z></symmetry><detectionScore>-1.0</detectionScore></element><element><id>6</id><category>fishbowl</category><bounds><corner1>-0.42403872303765566, -0.24242444338354924, -0.15644368989873025</corner1><corner2>0.42403872303765566, 0.24242444338354924, 0.15644368989873025</corner2></bounds><pose><translation>-1.9182508496464141, -0.6273625295177224, -1.3558005083559737</translation><rotation><c1>0, 0, 0</c1><c2>0, 0, 0</c2><c3>0, 0, 0</c3></rotation></pose><symmetry><x>twoFold</x><y>cylindrical</y><z>twoFold</z></symmetry><detectionScore>-1.0</detectionScore></element><element><id>7</id><category>kitchen_cabinet</category><bounds><corner1>-0.3830083612315952, -1.4949068658865954, -1.591850366075515</corner1><corner2>0.3830083612315952, 1.4949068658865954, 1.591850366075515</corner2></bounds><pose><translation>-1.1575654016541588, -3.034144729832108, -0.37955102924692535</translation><rotation><c1>0, 0, 0</c1><c2>0, 0, 0</c2><c3>0, 0, 0</c3></rotation></pose><symmetry><x>twoFold</x><y>cylindrical</y><z>twoFold</z></symmetry><detectionScore>-1.0</detectionScore></element><element><id>8</id><category>refrigerator</category><bounds><corner1>-0.32848355093696957, -1.5228483144636478, -1.1142056645443286</corner1><corner2>0.32848355093696957, 1.5228483144636478, 1.1142056645443286</corner2></bounds><pose><translation>-1.1007433838571297, -3.023471608510985, -0.5101213235732248</translation><rotation><c1>0, 0, 0</c1><c2>0, 0, 0</c2><c3>0, 0, 0</c3></rotation></pose><symmetry><x>twoFold</x><y>cylindrical</y><z>twoFold</z></symmetry><detectionScore>-1.0</detectionScore></element><element><id>9</id><category>plant</category><bounds><corner1>-4.084458122520745, -5.77024771982431, -1.3396978975437381</corner1><corner2>4.084458122520745, 5.77024771982431, 1.3396978975437381</corner2></bounds><pose><translation>9.827369166194915, -5.77024771982431, -0.292705285311131</translation><rotation><c1>0, 0, 0</c1><c2>0, 0, 0</c2><c3>0, 0, 0</c3></rotation></pose><symmetry><x>twoFold</x><y>cylindrical</y><z>twoFold</z></symmetry><detectionScore>-1.0</detectionScore></element><element><id>10</id><category>plant</category><bounds><corner1>-3.2358677593536607, -5.827468269020893, -1.3221715523419952</corner1><corner2>3.2358677593536607, 5.827468269020893, 1.3221715523419952</corner2></bounds><pose><translation>7.481557330326466, -5.827468269020893, -0.2812336937921692</translation><rotation><c1>0, 0, 0</c1><c2>0, 0, 0</c2><c3>0, 0, 0</c3></rotation></pose><symmetry><x>twoFold</x><y>cylindrical</y><z>twoFold</z></symmetry><detectionScore>-1.0</detectionScore></element><element><id>11</id><category>iron</category><bounds><corner1>-0.41577450768883506, -0.22951936702491904, -0.13823128563474918</corner1><corner2>0.41577450768883506, 0.22951936702491904, 0.13823128563474918</corner2></bounds><pose><translation>-1.9273116151525957, -0.6306957289304647, -1.3337135113553344</translation><rotation><c1>0, 0, 0</c1><c2>0, 0, 0</c2><c3>0, 0, 0</c3></rotation></pose><symmetry><x>twoFold</x><y>cylindrical</y><z>twoFold</z></symmetry><detectionScore>-1.0</detectionScore></element><element><id>12</id><category>wall</category><bounds><corner1>-0.9650242615089795, -2.816955694824547, -1.4042692497523253</corner1><corner2>0.9650242615089795, 2.816955694824547, 1.4042692497523253</corner2></bounds><pose><translation>3.1617166335400357, -6.015995253890062, -0.12478516033728679</translation><rotation><c1>0, 0, 0</c1><c2>0, 0, 0</c2><c3>0, 0, 0</c3></rotation></pose><symmetry><x>twoFold</x><y>cylindrical</y><z>twoFold</z></symmetry><detectionScore>-1.0</detectionScore></element><element><id>13</id><category>game_table</category><bounds><corner1>-5.835984803180649, -2.240046989080099, -0.36580885567478727</corner1><corner2>5.835984803180649, 2.240046989080099, 0.36580885567478727</corner2></bounds><pose><translation>2.4603398690129676, 0.2143256061524062, -1.1144837836138557</translation><rotation><c1>0, 0, 0</c1><c2>0, 0, 0</c2><c3>0, 0, 0</c3></rotation></pose><symmetry><x>twoFold</x><y>cylindrical</y><z>twoFold</z></symmetry><detectionScore>-1.0</detectionScore></element><element><id>14</id><category>armchair</category><bounds><corner1>-1.8053305600909058, -1.1546965829286115, -0.3761915194586906</corner1><corner2>1.8053305600909058, 1.1546965829286115, 0.3761915194586906</corner2></bounds><pose><translation>2.4938836270403435, -4.322812577519526, -0.847956769597741</translation><rotation><c1>0, 0, 0</c1><c2>0, 0, 0</c2><c3>0, 0, 0</c3></rotation></pose><symmetry><x>twoFold</x><y>cylindrical</y><z>twoFold</z></symmetry><detectionScore>-1.0</detectionScore></element><element><id>15</id><category>wall</category><bounds><corner1>-2.9089743412121165, -2.878722979588006, -1.3977358291460624</corner1><corner2>2.9089743412121165, 2.878722979588006, 1.3977358291460624</corner2></bounds><pose><translation>0.9572114712903316, -6.054642838549894, -0.10156134121519408</translation><rotation><c1>0, 0, 0</c1><c2>0, 0, 0</c2><c3>0, 0, 0</c3></rotation></pose><symmetry><x>twoFold</x><y>cylindrical</y><z>twoFold</z></symmetry><detectionScore>-1.0</detectionScore></element><element><id>16</id><category>wall</category><bounds><corner1>-0.2398435668499883, -2.352967806752103, -1.346343255490573</corner1><corner2>0.2398435668499883, 2.352967806752103, 1.346343255490573</corner2></bounds><pose><translation>3.641507663549092, -6.021480106637372, -0.07658113693024843</translation><rotation><c1>0, 0, 0</c1><c2>0, 0, 0</c2><c3>0, 0, 0</c3></rotation></pose><symmetry><x>twoFold</x><y>cylindrical</y><z>twoFold</z></symmetry><detectionScore>-1.0</detectionScore></element><element><id>17</id><category>table_lamp</category><bounds><corner1>-0.3971247082226719, -0.2150973547888418, -0.14753992822979733</corner1><corner2>0.3971247082226719, 0.2150973547888418, 0.14753992822979733</corner2></bounds><pose><translation>-1.890536317448873, -0.6076894998520318, -1.3455044514577499</translation><rotation><c1>0, 0, 0</c1><c2>0, 0, 0</c2><c3>0, 0, 0</c3></rotation></pose><symmetry><x>twoFold</x><y>cylindrical</y><z>twoFold</z></symmetry><detectionScore>-1.0</detectionScore></element><element><id>18</id><category>armchair</category><bounds><corner1>-1.0873944559001933, -0.885218242304262, -0.18148110534508277</corner1><corner2>1.0873944559001933, 0.885218242304262, 0.18148110534508277</corner2></bounds><pose><translation>3.2839128962551025, -4.5195568116995855, -0.7215333001609279</translation><rotation><c1>0, 0, 0</c1><c2>0, 0, 0</c2><c3>0, 0, 0</c3></rotation></pose><symmetry><x>twoFold</x><y>cylindrical</y><z>twoFold</z></symmetry><detectionScore>-1.0</detectionScore></element><element><id>19</id><category>chair</category><bounds><corner1>-0.696410298431358, -2.161897387223343, -0.6094586229988375</corner1><corner2>0.696410298431358, 2.161897387223343, 0.6094586229988375</corner2></bounds><pose><translation>4.342905834291505, -5.8430587841756, -0.8439246822928386</translation><rotation><c1>0, 0, 0</c1><c2>0, 0, 0</c2><c3>0, 0, 0</c3></rotation></pose><symmetry><x>twoFold</x><y>cylindrical</y><z>twoFold</z></symmetry><detectionScore>-1.0</detectionScore></element><element><id>20</id><category>chair</category><bounds><corner1>-0.965656048472916, -1.2138731836868861, -0.6737207244023047</corner1><corner2>0.965656048472916, 1.2138731836868861, 0.6737207244023047</corner2></bounds><pose><translation>2.093521676640758, -4.357577950852811, -1.1243614775921822</translation><rotation><c1>0, 0, 0</c1><c2>0, 0, 0</c2><c3>0, 0, 0</c3></rotation></pose><symmetry><x>twoFold</x><y>cylindrical</y><z>twoFold</z></symmetry><detectionScore>-1.0</detectionScore></element><element><id>21</id><category>kitchen_cabinet</category><bounds><corner1>-1.3379818649103683, -0.15998852445847112, -0.4148439829134116</corner1><corner2>1.3379818649103683, 0.15998852445847112, 0.4148439829134116</corner2></bounds><pose><translation>0.26881527570216224, -3.150539602864848, -1.1642513735918318</translation><rotation><c1>0, 0, 0</c1><c2>0, 0, 0</c2><c3>0, 0, 0</c3></rotation></pose><symmetry><x>twoFold</x><y>cylindrical</y><z>twoFold</z></symmetry><detectionScore>-1.0</detectionScore></element><element><id>22</id><category>chair</category><bounds><corner1>-1.1004340198891596, -0.8698064551425748, -0.1856036880994365</corner1><corner2>1.1004340198891596, 0.8698064551425748, 0.1856036880994365</corner2></bounds><pose><translation>3.2708733322661363, -4.503923746746471, -0.7251752890484693</translation><rotation><c1>0, 0, 0</c1><c2>0, 0, 0</c2><c3>0, 0, 0</c3></rotation></pose><symmetry><x>twoFold</x><y>cylindrical</y><z>twoFold</z></symmetry><detectionScore>-1.0</detectionScore></element><element><id>23</id><category>chair</category><bounds><corner1>-1.6081363015789187, -0.52004042973532, -0.4655435357753762</corner1><corner2>1.6081363015789187, 0.52004042973532, 0.4655435357753762</corner2></bounds><pose><translation>2.725726097890053, -4.168073576011581, -0.9390679522064613</translation><rotation><c1>0, 0, 0</c1><c2>0, 0, 0</c2><c3>0, 0, 0</c3></rotation></pose><symmetry><x>twoFold</x><y>cylindrical</y><z>twoFold</z></symmetry><detectionScore>-1.0</detectionScore></element><element><id>24</id><category>toy</category><bounds><corner1>-0.4439086552859135, -0.25187051192737164, -0.14628842349548554</corner1><corner2>0.4439086552859135, 0.25187051192737164, 0.14628842349548554</corner2></bounds><pose><translation>-1.9411623433176532, -0.6156694549190374, -1.3451433537627757</translation><rotation><c1>0, 0, 0</c1><c2>0, 0, 0</c2><c3>0, 0, 0</c3></rotation></pose><symmetry><x>twoFold</x><y>cylindrical</y><z>twoFold</z></symmetry><detectionScore>-1.0</detectionScore></element><element><id>25</id><category>grill</category><bounds><corner1>-0.273541000734538, -0.21808642399944217, -0.13666921006745714</corner1><corner2>0.273541000734538, 0.21808642399944217, 0.13666921006745714</corner2></bounds><pose><translation>-1.7800424033063484, -0.6296999373861509, -1.332318152670507</translation><rotation><c1>0, 0, 0</c1><c2>0, 0, 0</c2><c3>0, 0, 0</c3></rotation></pose><symmetry><x>twoFold</x><y>cylindrical</y><z>twoFold</z></symmetry><detectionScore>-1.0</detectionScore></element><element><id>26</id><category>chair</category><bounds><corner1>-1.1123308045189741, -0.9168826287702903, -0.9369953079072497</corner1><corner2>1.1123308045189741, 0.9168826287702903, 0.9369953079072497</corner2></bounds><pose><translation>1.616966346179261, -4.022740104547086, -1.3986173674548523</translation><rotation><c1>0, 0, 0</c1><c2>0, 0, 0</c2><c3>0, 0, 0</c3></rotation></pose><symmetry><x>twoFold</x><y>cylindrical</y><z>twoFold</z></symmetry><detectionScore>-1.0</detectionScore></element><element><id>27</id><category>wall</category><bounds><corner1>-0.1874898108562979, -2.0482647812630015, -1.278476143641111</corner1><corner2>0.1874898108562979, 2.0482647812630015, 1.278476143641111</corner2></bounds><pose><translation>3.371687710405425, -6.0326790212783585, 0.005902632005042237</translation><rotation><c1>0, 0, 0</c1><c2>0, 0, 0</c2><c3>0, 0, 0</c3></rotation></pose><symmetry><x>twoFold</x><y>cylindrical</y><z>twoFold</z></symmetry><detectionScore>-1.0</detectionScore></element><element><id>28</id><category>plant</category><bounds><corner1>-1.0478134696384709, -2.287978671750765, -1.2470602947464524</corner1><corner2>1.0478134696384709, 2.287978671750765, 1.2470602947464524</corner2></bounds><pose><translation>4.198832046874953, -5.934551646464543, -0.09880146226947363</translation><rotation><c1>0, 0, 0</c1><c2>0, 0, 0</c2><c3>0, 0, 0</c3></rotation></pose><symmetry><x>twoFold</x><y>cylindrical</y><z>twoFold</z></symmetry><detectionScore>-1.0</detectionScore></element></elements></scene>