<?xml version='1.0' encoding='utf-8'?>
<scene xmlns:sumo="https://www.sumochallenge.org"><version>2.0</version><categories><id>fb_categories_v1.0</id><url>https://sumochallenge.org/en/categories-1_0.json</url></categories><project_type>bounding_box</project_type><elements><element><id>11</id><category>wall</category><bounds><corner1>-2.27145223, -1.19146222, -0.7580196 </corner1><corner2>2.27145223, 1.19146222, 0.7580196 </corner2></bounds><pose><translation> 1.22810849, -0.05064662,  4.04017454</translation><rotation><c1>1., 0., 0.</c1><c2>0., 1., 0.</c2><c3>0., 0., 1.</c3></rotation></pose><symmetry><x>none</x><y>none</y><z>none</z></symmetry><detectionScore>-1</detectionScore></element><element><id>6</id><category>books</category><bounds><corner1>-0.39611034, -0.13985512, -0.09581047</corner1><corner2>0.39611034, 0.13985512, 0.09581047</corner2></bounds><pose><translation> 1.28695935, -0.54034223, -0.70670871</translation><rotation><c1>1., 0., 0.</c1><c2>0., 1., 0.</c2><c3>0., 0., 1.</c3></rotation></pose><symmetry><x>none</x><y>none</y><z>none</z></symmetry><detectionScore>-1</detectionScore></element><element><id>7</id><category>television</category><bounds><corner1>-0.05929083, -0.47478415, -0.92422818</corner1><corner2>0.05929083, 0.47478415, 0.92422818</corner2></bounds><pose><translation>3.54782598, 0.08075207, 1.60683266</translation><rotation><c1>1., 0., 0.</c1><c2>0., 1., 0.</c2><c3>0., 0., 1.</c3></rotation></pose><symmetry><x>none</x><y>none</y><z>none</z></symmetry><detectionScore>-1</detectionScore></element><element><id>5</id><category>chair</category><bounds><corner1>-0.50609444, -0.5885489 , -0.39745041</corner1><corner2>0.50609444, 0.5885489 , 0.39745041</corner2></bounds><pose><translation> 1.71407198, -1.28833527,  1.00714185</translation><rotation><c1>1., 0., 0.</c1><c2>0., 1., 0.</c2><c3>0., 0., 1.</c3></rotation></pose><symmetry><x>none</x><y>none</y><z>none</z></symmetry><detectionScore>-1</detectionScore></element><element><id>3</id><category>gym_equipment</category><bounds><corner1>-0.78633707, -0.77231664, -0.2288589 </corner1><corner2>0.78633707, 0.77231664, 0.2288589 </corner2></bounds><pose><translation> 2.34785185, -0.97508217,  3.86768715</translation><rotation><c1>1., 0., 0.</c1><c2>0., 1., 0.</c2><c3>0., 0., 1.</c3></rotation></pose><symmetry><x>none</x><y>none</y><z>none</z></symmetry><detectionScore>-1</detectionScore></element><element><id>9</id><category>plant</category><bounds><corner1>-0.30748504, -0.30405547, -0.01802916</corner1><corner2>0.30748504, 0.30405547, 0.01802916</corner2></bounds><pose><translation>-0.35466648, -0.44763634, -1.00402264</translation><rotation><c1>1., 0., 0.</c1><c2>0., 1., 0.</c2><c3>0., 0., 1.</c3></rotation></pose><symmetry><x>none</x><y>none</y><z>none</z></symmetry><detectionScore>-1</detectionScore></element><element><id>10</id><category>person</category><bounds><corner1>-1.60387683, -0.70504924, -1.80677236</corner1><corner2>1.60387683, 0.70504924, 1.80677236</corner2></bounds><pose><translation> 1.99490847, -0.88655068,  1.55802336</translation><rotation><c1>1., 0., 0.</c1><c2>0., 1., 0.</c2><c3>0., 0., 1.</c3></rotation></pose><symmetry><x>none</x><y>none</y><z>none</z></symmetry><detectionScore>-1</detectionScore></element><element><id>4</id><category>table_lamp</category><bounds><corner1>-0.12149175, -0.27435376, -0.24282042</corner1><corner2>0.12149175, 0.27435376, 0.24282042</corner2></bounds><pose><translation>-1.16749916, -0.51429509,  0.24460746</translation><rotation><c1>1., 0., 0.</c1><c2>0., 1., 0.</c2><c3>0., 0., 1.</c3></rotation></pose><symmetry><x>none</x><y>none</y><z>none</z></symmetry><detectionScore>-1</detectionScore></element><element><id>2</id><category>stand</category><bounds><corner1>-0.41842048, -0.34231395, -0.77719248</corner1><corner2>0.41842048, 0.34231395, 0.77719248</corner2></bounds><pose><translation>-1.01555547, -0.92854583,  2.00197773</translation><rotation><c1>1., 0., 0.</c1><c2>0., 1., 0.</c2><c3>0., 0., 1.</c3></rotation></pose><symmetry><x>none</x><y>none</y><z>none</z></symmetry><detectionScore>-1</detectionScore></element><element><id>1</id><category>computer</category><bounds><corner1>-0.46078113, -0.39575227, -0.91726294</corner1><corner2>0.46078113, 0.39575227, 0.91726294</corner2></bounds><pose><translation> 3.15499919, -0.69965872,  0.84278233</translation><rotation><c1>1., 0., 0.</c1><c2>0., 1., 0.</c2><c3>0., 0., 1.</c3></rotation></pose><symmetry><x>none</x><y>none</y><z>none</z></symmetry><detectionScore>-1</detectionScore></element><element><id>8</id><category>laptop</category><bounds><corner1>-0.19440066, -0.20420646, -0.5359107 </corner1><corner2>0.19440066, 0.20420646, 0.5359107 </corner2></bounds><pose><translation>-0.07229081, -0.96072156,  1.26501848</translation><rotation><c1>1., 0., 0.</c1><c2>0., 1., 0.</c2><c3>0., 0., 1.</c3></rotation></pose><symmetry><x>none</x><y>none</y><z>none</z></symmetry><detectionScore>-1</detectionScore></element></elements></scene>