<?xml version='1.0' encoding='utf-8'?>
<scene xmlns:sumo="https://www.sumochallenge.org"><version>2.0</version><categories><id>fb_categories_v1_0</id><url>https://sumochallenge.org/en/categories-1_0.json</url></categories><project_type>bounding_box</project_type><elements><element><id>0</id><category>office_chair</category><bounds><corner1>-0.7412851513902303, -0.7613591318013672, -2.48755176153814</corner1><corner2>0.7412851513902303, 0.7613591318013672, 2.48755176153814</corner2></bounds><pose><translation>0.08189164646913476, -1.295708580399672, 2.4287877616225</translation><rotation><c1>1, 0, 0</c1><c2>0, 1, 0</c2><c3>0, 0, 1</c3></rotation></pose><symmetry><x>twoFold</x><y>cylindrical</y><z>twoFold</z></symmetry><detectionScore>-1.0</detectionScore></element><element><id>1</id><category>chair</category><bounds><corner1>-0.4688214226094868, -0.7550458686628114, -0.7763461510988425</corner1><corner2>0.4688214226094868, 0.7550458686628114, 0.7763461510988425</corner2></bounds><pose><translation>-0.0162473633721494, -1.6398671831455764, 3.0190675310223165</translation><rotation><c1>1, 0, 0</c1><c2>0, 1, 0</c2><c3>0, 0, 1</c3></rotation></pose><symmetry><x>twoFold</x><y>cylindrical</y><z>twoFold</z></symmetry><detectionScore>-1.0</detectionScore></element><element><id>2</id><category>window</category><bounds><corner1>-3.3728484812745996, -1.051565741716743, -0.17895621479847446</corner1><corner2>3.3728484812745996, 1.051565741716743, 0.17895621479847446</corner2></bounds><pose><translation>-3.3728484812745996, 0.13425706607677232, 4.74282901628334</translation><rotation><c1>1, 0, 0</c1><c2>0, 1, 0</c2><c3>0, 0, 1</c3></rotation></pose><symmetry><x>twoFold</x><y>cylindrical</y><z>twoFold</z></symmetry><detectionScore>-1.0</detectionScore></element><element><id>3</id><category>chair</category><bounds><corner1>-0.7498994618347532, -0.7150215224566888, -0.9225606981066137</corner1><corner2>0.7498994618347532, 0.7150215224566888, 0.9225606981066137</corner2></bounds><pose><translation>-2.3395194145099065, -1.4936407671836816, 3.924577837333603</translation><rotation><c1>1, 0, 0</c1><c2>0, 1, 0</c2><c3>0, 0, 1</c3></rotation></pose><symmetry><x>twoFold</x><y>cylindrical</y><z>twoFold</z></symmetry><detectionScore>-1.0</detectionScore></element><element><id>4</id><category>chair</category><bounds><corner1>-0.4975774732928329, -0.7300850709745151, -0.4617641637353216</corner1><corner2>0.4975774732928329, 0.7300850709745151, 0.4617641637353216</corner2></bounds><pose><translation>-0.5418094107908937, -1.6365798409087682, -2.1537827844098065</translation><rotation><c1>1, 0, 0</c1><c2>0, 1, 0</c2><c3>0, 0, 1</c3></rotation></pose><symmetry><x>twoFold</x><y>cylindrical</y><z>twoFold</z></symmetry><detectionScore>-1.0</detectionScore></element><element><id>5</id><category>desk</category><bounds><corner1>-2.498478540435512, -0.4787175826841711, -0.1515326194313813</corner1><corner2>2.498478540435512, 0.4787175826841711, 0.1515326194313813</corner2></bounds><pose><translation>4.065514595996338, -0.9174572803473391, -4.623194185947965</translation><rotation><c1>1, 0, 0</c1><c2>0, 1, 0</c2><c3>0, 0, 1</c3></rotation></pose><symmetry><x>twoFold</x><y>cylindrical</y><z>twoFold</z></symmetry><detectionScore>-1.0</detectionScore></element><element><id>6</id><category>chair</category><bounds><corner1>-0.5022656931988465, -0.3843310294352762, -1.5607277005555975</corner1><corner2>0.5022656931988465, 0.3843310294352762, 1.5607277005555975</corner2></bounds><pose><translation>0.016582606686766643, -1.2101847117331788, 3.3285712472424773</translation><rotation><c1>1, 0, 0</c1><c2>0, 1, 0</c2><c3>0, 0, 1</c3></rotation></pose><symmetry><x>twoFold</x><y>cylindrical</y><z>twoFold</z></symmetry><detectionScore>-1.0</detectionScore></element><element><id>7</id><category>chair</category><bounds><corner1>-3.608227428891136, -0.3711777822356252, -0.3392761509910809</corner1><corner2>3.608227428891136, 0.3711777822356252, 0.3392761509910809</corner2></bounds><pose><translation>2.838353561396065, -0.8173651129696211, -4.8703809012520685</translation><rotation><c1>1, 0, 0</c1><c2>0, 1, 0</c2><c3>0, 0, 1</c3></rotation></pose><symmetry><x>twoFold</x><y>cylindrical</y><z>twoFold</z></symmetry><detectionScore>-1.0</detectionScore></element><element><id>8</id><category>chair</category><bounds><corner1>-0.42093932048210914, -0.7284296933381279, -0.5135457313418175</corner1><corner2>0.42093932048210914, 0.7284296933381279, 0.5135457313418175</corner2></bounds><pose><translation>0.0471445744631345, -1.6021913347430898, 3.508656281764243</translation><rotation><c1>1, 0, 0</c1><c2>0, 1, 0</c2><c3>0, 0, 1</c3></rotation></pose><symmetry><x>twoFold</x><y>cylindrical</y><z>twoFold</z></symmetry><detectionScore>-1.0</detectionScore></element><element><id>9</id><category>kitchen_cabinet</category><bounds><corner1>-0.9575161145586089, -0.6280106699046217, -0.7410283717108077</corner1><corner2>0.9575161145586089, 0.6280106699046217, 0.7410283717108077</corner2></bounds><pose><translation>-3.7677698698611226, -1.078114430227239, -2.2487864379538904</translation><rotation><c1>1, 0, 0</c1><c2>0, 1, 0</c2><c3>0, 0, 1</c3></rotation></pose><symmetry><x>twoFold</x><y>cylindrical</y><z>twoFold</z></symmetry><detectionScore>-1.0</detectionScore></element><element><id>10</id><category>wall</category><bounds><corner1>-4.741116396268023, -1.2949340274087644, -9.632456297938406</corner1><corner2>4.741116396268023, 1.2949340274087644, 9.632456297938406</corner2></bounds><pose><translation>2.8717451541596217, -0.10272398763542379, -12.246612441424045</translation><rotation><c1>1, 0, 0</c1><c2>0, 1, 0</c2><c3>0, 0, 1</c3></rotation></pose><symmetry><x>twoFold</x><y>cylindrical</y><z>twoFold</z></symmetry><detectionScore>-1.0</detectionScore></element><element><id>11</id><category>office_chair</category><bounds><corner1>-2.3306134581839038, -0.6503940000137959, -3.0601120112673392</corner1><corner2>2.3306134581839038, 0.6503940000137959, 3.0601120112673392</corner2></bounds><pose><translation>0.7866344562786372, -0.8859470519046753, 1.7719663746341743</translation><rotation><c1>1, 0, 0</c1><c2>0, 1, 0</c2><c3>0, 0, 1</c3></rotation></pose><symmetry><x>twoFold</x><y>cylindrical</y><z>twoFold</z></symmetry><detectionScore>-1.0</detectionScore></element><element><id>12</id><category>desk</category><bounds><corner1>-2.1756142789472013, -1.1873376140776943, -0.7665527040402749</corner1><corner2>2.1756142789472013, 1.1873376140776943, 0.7665527040402749</corner2></bounds><pose><translation>-2.1756142789472013, -1.1873376140776943, 4.14851500264289</translation><rotation><c1>1, 0, 0</c1><c2>0, 1, 0</c2><c3>0, 0, 1</c3></rotation></pose><symmetry><x>twoFold</x><y>cylindrical</y><z>twoFold</z></symmetry><detectionScore>-1.0</detectionScore></element><element><id>13</id><category>wall</category><bounds><corner1>-5.120212839518625, -1.4721509705411346, -4.251499573552235</corner1><corner2>5.120212839518625, 1.4721509705411346, 4.251499573552235</corner2></bounds><pose><translation>-7.93014952960779, -0.19392717775929103, -6.594312474760305</translation><rotation><c1>1, 0, 0</c1><c2>0, 1, 0</c2><c3>0, 0, 1</c3></rotation></pose><symmetry><x>twoFold</x><y>cylindrical</y><z>twoFold</z></symmetry><detectionScore>-1.0</detectionScore></element><element><id>14</id><category>office_chair</category><bounds><corner1>-0.8356245744256738, -0.5623335897789852, -0.5111019407090407</corner1><corner2>0.8356245744256738, 0.5623335897789852, 0.5111019407090407</corner2></bounds><pose><translation>-3.2224482705330715, -0.7852457732322464, -2.5088289404163873</translation><rotation><c1>1, 0, 0</c1><c2>0, 1, 0</c2><c3>0, 0, 1</c3></rotation></pose><symmetry><x>twoFold</x><y>cylindrical</y><z>twoFold</z></symmetry><detectionScore>-1.0</detectionScore></element><element><id>15</id><category>workplace</category><bounds><corner1>-2.660153414369515, -0.7482268769144989, -3.1184715005114367</corner1><corner2>2.660153414369515, 0.7482268769144989, 3.1184715005114367</corner2></bounds><pose><translation>-5.413699542565761, -0.783822478323197, 1.6262356282445256</translation><rotation><c1>1, 0, 0</c1><c2>0, 1, 0</c2><c3>0, 0, 1</c3></rotation></pose><symmetry><x>twoFold</x><y>cylindrical</y><z>twoFold</z></symmetry><detectionScore>-1.0</detectionScore></element><element><id>16</id><category>partition</category><bounds><corner1>-4.081284106097447, -1.1393048639392296, -6.261054107129398</corner1><corner2>4.081284106097447, 1.1393048639392296, 6.261054107129398</corner2></bounds><pose><translation>3.5315774443301975, -0.261812340149351, -11.181890724175197</translation><rotation><c1>1, 0, 0</c1><c2>0, 1, 0</c2><c3>0, 0, 1</c3></rotation></pose><symmetry><x>twoFold</x><y>cylindrical</y><z>twoFold</z></symmetry><detectionScore>-1.0</detectionScore></element><element><id>17</id><category>wall</category><bounds><corner1>-2.1135577735260918, -1.332603711131877, -0.2812969514751442</corner1><corner2>2.1135577735260918, 1.332603711131877, 0.2812969514751442</corner2></bounds><pose><translation>1.761338686872595, 0.023135934720779256, 4.675806489213238</translation><rotation><c1>1, 0, 0</c1><c2>0, 1, 0</c2><c3>0, 0, 1</c3></rotation></pose><symmetry><x>twoFold</x><y>cylindrical</y><z>twoFold</z></symmetry><detectionScore>-1.0</detectionScore></element><element><id>18</id><category>computer</category><bounds><corner1>-0.4244754641635078, -0.37849789046012466, -0.45600444629755454</corner1><corner2>0.4244754641635078, 0.37849789046012466, 0.45600444629755454</corner2></bounds><pose><translation>-3.2308376104014473, -0.5795381352608397, -2.516018152497354</translation><rotation><c1>1, 0, 0</c1><c2>0, 1, 0</c2><c3>0, 0, 1</c3></rotation></pose><symmetry><x>twoFold</x><y>cylindrical</y><z>twoFold</z></symmetry><detectionScore>-1.0</detectionScore></element><element><id>19</id><category>desk</category><bounds><corner1>-1.1198675613883942, -0.634435492950232, -0.8352105973191433</corner1><corner2>1.1198675613883942, 0.634435492950232, 0.8352105973191433</corner2></bounds><pose><translation>-0.5795218599973202, -1.2809164370316006, -2.527229217993628</translation><rotation><c1>1, 0, 0</c1><c2>0, 1, 0</c2><c3>0, 0, 1</c3></rotation></pose><symmetry><x>twoFold</x><y>cylindrical</y><z>twoFold</z></symmetry><detectionScore>-1.0</detectionScore></element><element><id>20</id><category>workplace</category><bounds><corner1>-2.241429555007315, -0.8054595880672857, -1.4879236353181153</corner1><corner2>2.241429555007315, 0.8054595880672857, 1.4879236353181153</corner2></bounds><pose><translation>-5.141041065536572, -1.0066681926445789, -0.7665939587418559</translation><rotation><c1>1, 0, 0</c1><c2>0, 1, 0</c2><c3>0, 0, 1</c3></rotation></pose><symmetry><x>twoFold</x><y>cylindrical</y><z>twoFold</z></symmetry><detectionScore>-1.0</detectionScore></element><element><id>21</id><category>wall</category><bounds><corner1>-0.25311889056319803, -1.4066591614543196, -3.163023010001056</corner1><corner2>0.25311889056319803, 1.4066591614543196, 3.163023010001056</corner2></bounds><pose><translation>6.2976349565687855, -0.12399963427538989, -7.650675145373674</translation><rotation><c1>1, 0, 0</c1><c2>0, 1, 0</c2><c3>0, 0, 1</c3></rotation></pose><symmetry><x>twoFold</x><y>cylindrical</y><z>twoFold</z></symmetry><detectionScore>-1.0</detectionScore></element><element><id>22</id><category>column</category><bounds><corner1>-0.8809268463068275, -1.4151165593118986, -0.9951973467001083</corner1><corner2>0.8809268463068275, 1.4151165593118986, 0.9951973467001083</corner2></bounds><pose><translation>0.8876174790040873, -0.03442494058437956, 3.8862907731684273</translation><rotation><c1>1, 0, 0</c1><c2>0, 1, 0</c2><c3>0, 0, 1</c3></rotation></pose><symmetry><x>twoFold</x><y>cylindrical</y><z>twoFold</z></symmetry><detectionScore>-1.0</detectionScore></element><element><id>23</id><category>desk</category><bounds><corner1>-1.8445731552796816, -0.46036662872271306, -0.6230546758111568</corner1><corner2>1.8445731552796816, 0.46036662872271306, 0.6230546758111568</corner2></bounds><pose><translation>-4.808169757033835, -0.9883511808447839, -2.0661203357098086</translation><rotation><c1>1, 0, 0</c1><c2>0, 1, 0</c2><c3>0, 0, 1</c3></rotation></pose><symmetry><x>twoFold</x><y>cylindrical</y><z>twoFold</z></symmetry><detectionScore>-1.0</detectionScore></element><element><id>24</id><category>computer</category><bounds><corner1>-0.6624733538646985, -0.48150197439115794, -1.2295863760811945</corner1><corner2>0.6624733538646985, 0.48150197439115794, 1.2295863760811945</corner2></bounds><pose><translation>-1.9987031388589072, -0.694288122484344, -3.7683686140995323</translation><rotation><c1>1, 0, 0</c1><c2>0, 1, 0</c2><c3>0, 0, 1</c3></rotation></pose><symmetry><x>twoFold</x><y>cylindrical</y><z>twoFold</z></symmetry><detectionScore>-1.0</detectionScore></element><element><id>25</id><category>desk</category><bounds><corner1>-1.0453605687314744, -0.5711480616967527, -0.5216610766559633</corner1><corner2>1.0453605687314744, 0.5711480616967527, 0.5216610766559633</corner2></bounds><pose><translation>-1.1732980570760019, -1.3118041208461286, 4.393927461523921</translation><rotation><c1>1, 0, 0</c1><c2>0, 1, 0</c2><c3>0, 0, 1</c3></rotation></pose><symmetry><x>twoFold</x><y>cylindrical</y><z>twoFold</z></symmetry><detectionScore>-1.0</detectionScore></element><element><id>26</id><category>laptop</category><bounds><corner1>-0.6707963372906636, -0.3808379130266447, -0.9302199498173787</corner1><corner2>0.6707963372906636, 0.3808379130266447, 0.9302199498173787</corner2></bounds><pose><translation>0.07977736251523337, -1.164854152328452, 3.964534943550099</translation><rotation><c1>1, 0, 0</c1><c2>0, 1, 0</c2><c3>0, 0, 1</c3></rotation></pose><symmetry><x>twoFold</x><y>cylindrical</y><z>twoFold</z></symmetry><detectionScore>-1.0</detectionScore></element><element><id>27</id><category>wall</category><bounds><corner1>-3.2603320461409435, -1.4760379873317462, -5.508696288267772</corner1><corner2>3.2603320461409435, 1.4760379873317462, 5.508696288267772</corner2></bounds><pose><translation>-4.721921268666306, -0.1878692402276873, -8.044939323556045</translation><rotation><c1>1, 0, 0</c1><c2>0, 1, 0</c2><c3>0, 0, 1</c3></rotation></pose><symmetry><x>twoFold</x><y>cylindrical</y><z>twoFold</z></symmetry><detectionScore>-1.0</detectionScore></element><element><id>28</id><category>computer</category><bounds><corner1>-3.3886298848895704, -0.5253418284533963, -0.4982508285955225</corner1><corner2>3.3886298848895704, 0.5253418284533963, 0.4982508285955225</corner2></bounds><pose><translation>3.113974155254894, -0.742133174150974, -5.0238779788436</translation><rotation><c1>1, 0, 0</c1><c2>0, 1, 0</c2><c3>0, 0, 1</c3></rotation></pose><symmetry><x>twoFold</x><y>cylindrical</y><z>twoFold</z></symmetry><detectionScore>-1.0</detectionScore></element><element><id>29</id><category>rug</category><bounds><corner1>-0.6415091036420907, -0.48967035114849455, -0.5182602967007428</corner1><corner2>0.6415091036420907, 0.48967035114849455, 0.5182602967007428</corner2></bounds><pose><translation>-0.45594393408166695, -1.4888923117258077, -2.216928260602718</translation><rotation><c1>1, 0, 0</c1><c2>0, 1, 0</c2><c3>0, 0, 1</c3></rotation></pose><symmetry><x>twoFold</x><y>cylindrical</y><z>twoFold</z></symmetry><detectionScore>-1.0</detectionScore></element><element><id>30</id><category>dining_table</category><bounds><corner1>-0.6293721351777266, -0.6624771628731277, -0.5794546963430889</corner1><corner2>0.6293721351777266, 0.6624771628731277, 0.5794546963430889</corner2></bounds><pose><translation>-0.4652667267010181, -1.5689719328073808, -2.271473317017574</translation><rotation><c1>1, 0, 0</c1><c2>0, 1, 0</c2><c3>0, 0, 1</c3></rotation></pose><symmetry><x>twoFold</x><y>cylindrical</y><z>twoFold</z></symmetry><detectionScore>-1.0</detectionScore></element><element><id>31</id><category>computer</category><bounds><corner1>-2.023218244555757, -0.4199834628642628, -0.5397829934160345</corner1><corner2>2.023218244555757, 0.4199834628642628, 0.5397829934160345</corner2></bounds><pose><translation>4.526162841541532, -0.6065070516657851, -5.019540861742589</translation><rotation><c1>1, 0, 0</c1><c2>0, 1, 0</c2><c3>0, 0, 1</c3></rotation></pose><symmetry><x>twoFold</x><y>cylindrical</y><z>twoFold</z></symmetry><detectionScore>-1.0</detectionScore></element><element><id>32</id><category>computer</category><bounds><corner1>-2.5200312951898067, -0.5796023085326333, -2.692180624962494</corner1><corner2>2.5200312951898067, 0.5796023085326333, 2.692180624962494</corner2></bounds><pose><translation>0.8803804472394999, -0.7834989476557108, 2.18645683503128</translation><rotation><c1>1, 0, 0</c1><c2>0, 1, 0</c2><c3>0, 0, 1</c3></rotation></pose><symmetry><x>twoFold</x><y>cylindrical</y><z>twoFold</z></symmetry><detectionScore>-1.0</detectionScore></element><element><id>33</id><category>computer</category><bounds><corner1>-0.4943545446541062, -0.47934460208223534, -1.534173408151402</corner1><corner2>0.4943545446541062, 0.47934460208223534, 1.534173408151402</corner2></bounds><pose><translation>-5.1115647020974775, -0.4179281109270209, 3.217123510889244</translation><rotation><c1>1, 0, 0</c1><c2>0, 1, 0</c2><c3>0, 0, 1</c3></rotation></pose><symmetry><x>twoFold</x><y>cylindrical</y><z>twoFold</z></symmetry><detectionScore>-1.0</detectionScore></element><element><id>34</id><category>computer</category><bounds><corner1>-0.7553427990156216, -0.41710714250383346, -0.31460500658388746</corner1><corner2>0.7553427990156216, 0.41710714250383346, 0.31460500658388746</corner2></bounds><pose><translation>-1.9987739241721518, -0.6128529169210103, -2.5928124485659487</translation><rotation><c1>1, 0, 0</c1><c2>0, 1, 0</c2><c3>0, 0, 1</c3></rotation></pose><symmetry><x>twoFold</x><y>cylindrical</y><z>twoFold</z></symmetry><detectionScore>-1.0</detectionScore></element><element><id>35</id><category>wall</category><bounds><corner1>-3.3260439004429236, -1.4332772759728352, -10.632510975198064</corner1><corner2>3.3260439004429236, 1.4332772759728352, 10.632510975198064</corner2></bounds><pose><translation>-3.6627393212846218, -0.17128140993817786, -13.219183669577045</translation><rotation><c1>1, 0, 0</c1><c2>0, 1, 0</c2><c3>0, 0, 1</c3></rotation></pose><symmetry><x>twoFold</x><y>cylindrical</y><z>twoFold</z></symmetry><detectionScore>-1.0</detectionScore></element><element><id>36</id><category>desk</category><bounds><corner1>-0.9566134254888454, -0.48263083503598003, -0.45576519400950444</corner1><corner2>0.9566134254888454, 0.48263083503598003, 0.45576519400950444</corner2></bounds><pose><translation>-3.473933666257159, -0.7850384433187395, -2.489030253707136</translation><rotation><c1>1, 0, 0</c1><c2>0, 1, 0</c2><c3>0, 0, 1</c3></rotation></pose><symmetry><x>twoFold</x><y>cylindrical</y><z>twoFold</z></symmetry><detectionScore>-1.0</detectionScore></element><element><id>37</id><category>desk</category><bounds><corner1>-2.4878579632600624, -0.48137864219040294, -1.679267805820413</corner1><corner2>2.4878579632600624, 0.48137864219040294, 1.679267805820413</corner2></bounds><pose><translation>-4.6866739609118895, -1.0986058263175236, 3.0351099975368423</translation><rotation><c1>1, 0, 0</c1><c2>0, 1, 0</c2><c3>0, 0, 1</c3></rotation></pose><symmetry><x>twoFold</x><y>cylindrical</y><z>twoFold</z></symmetry><detectionScore>-1.0</detectionScore></element><element><id>38</id><category>computer</category><bounds><corner1>-0.6042235155354712, -0.4799244752253392, -0.4025983504682431</corner1><corner2>0.6042235155354712, 0.4799244752253392, 0.4025983504682431</corner2></bounds><pose><translation>-0.44695578625575283, -0.7055210271504538, -2.6376311624375783</translation><rotation><c1>1, 0, 0</c1><c2>0, 1, 0</c2><c3>0, 0, 1</c3></rotation></pose><symmetry><x>twoFold</x><y>cylindrical</y><z>twoFold</z></symmetry><detectionScore>-1.0</detectionScore></element><element><id>39</id><category>desk</category><bounds><corner1>-0.873945062952503, -0.6907308156954006, -2.7151708765911566</corner1><corner2>0.873945062952503, 0.6907308156954006, 2.7151708765911566</corner2></bounds><pose><translation>0.24407591132717982, -1.187342306826368, 2.1808716380873365</translation><rotation><c1>1, 0, 0</c1><c2>0, 1, 0</c2><c3>0, 0, 1</c3></rotation></pose><symmetry><x>twoFold</x><y>cylindrical</y><z>twoFold</z></symmetry><detectionScore>-1.0</detectionScore></element><element><id>40</id><category>chair</category><bounds><corner1>-0.6132056184486593, -0.4948528124220479, -2.627861961990552</corner1><corner2>0.6132056184486593, 0.4948528124220479, 2.627861961990552</corner2></bounds><pose><translation>0.002184630802855891, -1.327074551100241, 2.2597988079060847</translation><rotation><c1>1, 0, 0</c1><c2>0, 1, 0</c2><c3>0, 0, 1</c3></rotation></pose><symmetry><x>twoFold</x><y>cylindrical</y><z>twoFold</z></symmetry><detectionScore>-1.0</detectionScore></element><element><id>41</id><category>chair</category><bounds><corner1>-3.1849516093647594, -0.3755070777713904, -0.18398263840866758</corner1><corner2>3.1849516093647594, 0.3755070777713904, 0.18398263840866758</corner2></bounds><pose><translation>3.322946990999929, -0.8395252755827192, -4.686884658405068</translation><rotation><c1>1, 0, 0</c1><c2>0, 1, 0</c2><c3>0, 0, 1</c3></rotation></pose><symmetry><x>twoFold</x><y>cylindrical</y><z>twoFold</z></symmetry><detectionScore>-1.0</detectionScore></element><element><id>42</id><category>coffee_table</category><bounds><corner1>-0.6059815832238997, -0.6285716784650098, -0.5482902666655216</corner1><corner2>0.6059815832238997, 0.6285716784650098, 0.5482902666655216</corner2></bounds><pose><translation>-0.49527984800165786, -1.5350664483992629, -2.2403088873400065</translation><rotation><c1>1, 0, 0</c1><c2>0, 1, 0</c2><c3>0, 0, 1</c3></rotation></pose><symmetry><x>twoFold</x><y>cylindrical</y><z>twoFold</z></symmetry><detectionScore>-1.0</detectionScore></element><element><id>43</id><category>chair</category><bounds><corner1>-1.7789560057664082, -0.4525759604398354, -0.5810813754580442</corner1><corner2>1.7789560057664082, 0.4525759604398354, 0.5810813754580442</corner2></bounds><pose><translation>-4.9626408468789, -1.2160297410350227, -1.7876436442170984</translation><rotation><c1>1, 0, 0</c1><c2>0, 1, 0</c2><c3>0, 0, 1</c3></rotation></pose><symmetry><x>twoFold</x><y>cylindrical</y><z>twoFold</z></symmetry><detectionScore>-1.0</detectionScore></element><element><id>44</id><category>desk</category><bounds><corner1>-3.4230281269762948, -0.3690940050228523, -0.43996748797667795</corner1><corner2>3.4230281269762948, 0.3690940050228523, 0.43996748797667795</corner2></bounds><pose><translation>3.061014820334896, -0.7782337645893532, -4.956251710219558</translation><rotation><c1>1, 0, 0</c1><c2>0, 1, 0</c2><c3>0, 0, 1</c3></rotation></pose><symmetry><x>twoFold</x><y>cylindrical</y><z>twoFold</z></symmetry><detectionScore>-1.0</detectionScore></element><element><id>45</id><category>chair</category><bounds><corner1>-0.6915819701179895, -0.11916079592145445, -2.5519171629935213</corner1><corner2>0.6915819701179895, 0.11916079592145445, 2.5519171629935213</corner2></bounds><pose><translation>-2.1046121875960746, -0.9338852939682739, 1.2832253958969597</translation><rotation><c1>1, 0, 0</c1><c2>0, 1, 0</c2><c3>0, 0, 1</c3></rotation></pose><symmetry><x>twoFold</x><y>cylindrical</y><z>twoFold</z></symmetry><detectionScore>-1.0</detectionScore></element><element><id>46</id><category>floor_lamp</category><bounds><corner1>-1.1752861696716241, -1.6220325141853467, -0.9799257168387459</corner1><corner2>1.1752861696716241, 1.6220325141853467, 0.9799257168387459</corner2></bounds><pose><translation>-4.541390103541847, -0.3041982580212837, 3.7937297375676766</translation><rotation><c1>1, 0, 0</c1><c2>0, 1, 0</c2><c3>0, 0, 1</c3></rotation></pose><symmetry><x>twoFold</x><y>cylindrical</y><z>twoFold</z></symmetry><detectionScore>-1.0</detectionScore></element><element><id>47</id><category>workplace</category><bounds><corner1>-2.9957530422651573, -0.5703853981536618, -2.6036774902628865</corner1><corner2>2.9957530422651573, 0.5703853981536618, 2.6036774902628865</corner2></bounds><pose><translation>3.5281036971750988, -0.7535082476268923, -7.111179721135333</translation><rotation><c1>1, 0, 0</c1><c2>0, 1, 0</c2><c3>0, 0, 1</c3></rotation></pose><symmetry><x>twoFold</x><y>cylindrical</y><z>twoFold</z></symmetry><detectionScore>-1.0</detectionScore></element><element><id>48</id><category>chair</category><bounds><corner1>-0.5159259405617842, -0.6702889577031093, -0.41060700879624923</corner1><corner2>0.5159259405617842, 0.6702889577031093, 0.41060700879624923</corner2></bounds><pose><translation>-4.610390103689225, -1.426005487811592, 3.3340851256545148</translation><rotation><c1>1, 0, 0</c1><c2>0, 1, 0</c2><c3>0, 0, 1</c3></rotation></pose><symmetry><x>twoFold</x><y>cylindrical</y><z>twoFold</z></symmetry><detectionScore>-1.0</detectionScore></element><element><id>49</id><category>desk</category><bounds><corner1>-0.93945648305316, -0.5052846475519488, -0.8013864678412265</corner1><corner2>0.93945648305316, 0.5052846475519488, 0.8013864678412265</corner2></bounds><pose><translation>-5.14016126843748, -1.1603489552103798, -0.8432886703230623</translation><rotation><c1>1, 0, 0</c1><c2>0, 1, 0</c2><c3>0, 0, 1</c3></rotation></pose><symmetry><x>twoFold</x><y>cylindrical</y><z>twoFold</z></symmetry><detectionScore>-1.0</detectionScore></element><element><id>50</id><category>wall</category><bounds><corner1>-0.48936511409422145, -1.2729788776881894, -1.1613871703380383</corner1><corner2>0.48936511409422145, 1.2729788776881894, 1.1613871703380383</corner2></bounds><pose><translation>7.321584636278088, 0.021548048730900146, -5.360018534174698</translation><rotation><c1>1, 0, 0</c1><c2>0, 1, 0</c2><c3>0, 0, 1</c3></rotation></pose><symmetry><x>twoFold</x><y>cylindrical</y><z>twoFold</z></symmetry><detectionScore>-1.0</detectionScore></element><element><id>51</id><category>chair</category><bounds><corner1>-0.7243717692575489, -0.6585986740728688, -0.7326222161369762</corner1><corner2>0.7243717692575489, 0.6585986740728688, 0.7326222161369762</corner2></bounds><pose><translation>-3.5784623430498095, -1.4187722206134157, -2.080175418542045</translation><rotation><c1>1, 0, 0</c1><c2>0, 1, 0</c2><c3>0, 0, 1</c3></rotation></pose><symmetry><x>twoFold</x><y>cylindrical</y><z>twoFold</z></symmetry><detectionScore>-1.0</detectionScore></element><element><id>52</id><category>desk</category><bounds><corner1>-1.048950702636087, -0.5030195223234191, -0.44462141119651033</corner1><corner2>1.048950702636087, 0.5030195223234191, 0.44462141119651033</corner2></bounds><pose><translation>-0.6739219230719593, -0.8389838468863141, -2.6456427076127564</translation><rotation><c1>1, 0, 0</c1><c2>0, 1, 0</c2><c3>0, 0, 1</c3></rotation></pose><symmetry><x>twoFold</x><y>cylindrical</y><z>twoFold</z></symmetry><detectionScore>-1.0</detectionScore></element><element><id>53</id><category>window</category><bounds><corner1>-0.26777209511350186, -1.1365622743960202, -2.657422215763261</corner1><corner2>0.26777209511350186, 1.1365622743960202, 2.657422215763261</corner2></bounds><pose><translation>7.863970106087438, 0.14781873014468322, -4.0062731489651275</translation><rotation><c1>1, 0, 0</c1><c2>0, 1, 0</c2><c3>0, 0, 1</c3></rotation></pose><symmetry><x>twoFold</x><y>cylindrical</y><z>twoFold</z></symmetry><detectionScore>-1.0</detectionScore></element><element><id>54</id><category>person</category><bounds><corner1>-3.4263514482087944, -0.5537425699200386, -0.48444803842140605</corner1><corner2>3.4263514482087944, 0.5537425699200386, 0.48444803842140605</corner2></bounds><pose><translation>3.07625259193567, -0.7512222895381043, -5.010075188669483</translation><rotation><c1>1, 0, 0</c1><c2>0, 1, 0</c2><c3>0, 0, 1</c3></rotation></pose><symmetry><x>twoFold</x><y>cylindrical</y><z>twoFold</z></symmetry><detectionScore>-1.0</detectionScore></element><element><id>55</id><category>floor_lamp</category><bounds><corner1>-0.9878714921815633, -1.5566351334622923, -1.0041423294211245</corner1><corner2>0.9878714921815633, 1.5566351334622923, 1.0041423294211245</corner2></bounds><pose><translation>0.8736887690597251, -0.17899404456648707, 3.877345790447411</translation><rotation><c1>1, 0, 0</c1><c2>0, 1, 0</c2><c3>0, 0, 1</c3></rotation></pose><symmetry><x>twoFold</x><y>cylindrical</y><z>twoFold</z></symmetry><detectionScore>-1.0</detectionScore></element><element><id>56</id><category>armchair</category><bounds><corner1>-0.9712753358286128, -0.7302405110688196, -2.4358852675817744</corner1><corner2>0.9712753358286128, 0.7302405110688196, 2.4358852675817744</corner2></bounds><pose><translation>0.0819818921003082, -1.2927466243757093, 2.461646738849643</translation><rotation><c1>1, 0, 0</c1><c2>0, 1, 0</c2><c3>0, 0, 1</c3></rotation></pose><symmetry><x>twoFold</x><y>cylindrical</y><z>twoFold</z></symmetry><detectionScore>-1.0</detectionScore></element><element><id>57</id><category>kitchen_cabinet</category><bounds><corner1>-1.860714405772732, -0.4658401040038692, -0.6142988276476351</corner1><corner2>1.860714405772732, 0.4658401040038692, 0.6142988276476351</corner2></bounds><pose><translation>-4.824311007526886, -0.9759843525130796, -2.0670423072944772</translation><rotation><c1>1, 0, 0</c1><c2>0, 1, 0</c2><c3>0, 0, 1</c3></rotation></pose><symmetry><x>twoFold</x><y>cylindrical</y><z>twoFold</z></symmetry><detectionScore>-1.0</detectionScore></element><element><id>58</id><category>wall</category><bounds><corner1>-4.16652201862669, -1.421823596112876, -1.7796990335305445</corner1><corner2>4.16652201862669, 1.421823596112876, 1.7796990335305445</corner2></bounds><pose><translation>3.965220182574249, -0.04272341608538249, -0.14369553162738058</translation><rotation><c1>1, 0, 0</c1><c2>0, 1, 0</c2><c3>0, 0, 1</c3></rotation></pose><symmetry><x>twoFold</x><y>cylindrical</y><z>twoFold</z></symmetry><detectionScore>-1.0</detectionScore></element><element><id>59</id><category>armchair</category><bounds><corner1>-3.3634441216148385, -0.5199989869432213, -0.5078068651915588</corner1><corner2>3.3634441216148385, 0.5199989869432213, 0.5078068651915588</corner2></bounds><pose><translation>2.740612648965592, -0.8522388367096295, -5.047268274407709</translation><rotation><c1>1, 0, 0</c1><c2>0, 1, 0</c2><c3>0, 0, 1</c3></rotation></pose><symmetry><x>twoFold</x><y>cylindrical</y><z>twoFold</z></symmetry><detectionScore>-1.0</detectionScore></element><element><id>60</id><category>armchair</category><bounds><corner1>-3.429421946131431, -0.4208340987338202, -0.45872676854989614</corner1><corner2>3.429421946131431, 0.4208340987338202, 0.45872676854989614</corner2></bounds><pose><translation>3.072657221498272, -0.7711857682506552, -4.979357979949578</translation><rotation><c1>1, 0, 0</c1><c2>0, 1, 0</c2><c3>0, 0, 1</c3></rotation></pose><symmetry><x>twoFold</x><y>cylindrical</y><z>twoFold</z></symmetry><detectionScore>-1.0</detectionScore></element><element><id>61</id><category>wall</category><bounds><corner1>-6.161134492090783, -1.43060204487043, -4.6062481801377775</corner1><corner2>6.161134492090783, 1.43060204487043, 4.6062481801377775</corner2></bounds><pose><translation>-10.197662542025935, -0.15139585309675976, -1.1204965834596703</translation><rotation><c1>1, 0, 0</c1><c2>0, 1, 0</c2><c3>0, 0, 1</c3></rotation></pose><symmetry><x>twoFold</x><y>cylindrical</y><z>twoFold</z></symmetry><detectionScore>-1.0</detectionScore></element><element><id>62</id><category>window</category><bounds><corner1>-2.0521222190612036, -1.187330958100874, -0.205872518001196</corner1><corner2>2.0521222190612036, 1.187330958100874, 0.205872518001196</corner2></bounds><pose><translation>-6.663104588737725, 0.10736393957615427, 4.5677829364052265</translation><rotation><c1>1, 0, 0</c1><c2>0, 1, 0</c2><c3>0, 0, 1</c3></rotation></pose><symmetry><x>twoFold</x><y>cylindrical</y><z>twoFold</z></symmetry><detectionScore>-1.0</detectionScore></element><element><id>63</id><category>office_chair</category><bounds><corner1>-0.5201848341739328, -0.5314041798350748, -0.2533179778989534</corner1><corner2>0.5201848341739328, 0.5314041798350748, 0.2533179778989534</corner2></bounds><pose><translation>-1.7026724720039275, -0.7431864215539578, -2.614597895080923</translation><rotation><c1>1, 0, 0</c1><c2>0, 1, 0</c2><c3>0, 0, 1</c3></rotation></pose><symmetry><x>twoFold</x><y>cylindrical</y><z>twoFold</z></symmetry><detectionScore>-1.0</detectionScore></element><element><id>64</id><category>wall</category><bounds><corner1>-0.2670644558754507, -1.174991075144884, -1.7402436474459453</corner1><corner2>0.2670644558754507, 1.174991075144884, 1.7402436474459453</corner2></bounds><pose><translation>7.782479613790214, 0.13015613718905875, -5.301194118094118</translation><rotation><c1>1, 0, 0</c1><c2>0, 1, 0</c2><c3>0, 0, 1</c3></rotation></pose><symmetry><x>twoFold</x><y>cylindrical</y><z>twoFold</z></symmetry><detectionScore>-1.0</detectionScore></element><element><id>65</id><category>desk</category><bounds><corner1>-0.9966790459507973, -0.6394614262713946, -0.7230934625096175</corner1><corner2>0.9966790459507973, 0.6394614262713946, 0.7230934625096175</corner2></bounds><pose><translation>-3.7609745890444577, -1.1201169427080535, -2.2308515287527</translation><rotation><c1>1, 0, 0</c1><c2>0, 1, 0</c2><c3>0, 0, 1</c3></rotation></pose><symmetry><x>twoFold</x><y>cylindrical</y><z>twoFold</z></symmetry><detectionScore>-1.0</detectionScore></element><element><id>66</id><category>wall</category><bounds><corner1>-2.513029239274594, -1.371387014195857, -0.2091088373378156</corner1><corner2>2.513029239274594, 1.371387014195857, 0.2091088373378156</corner2></bounds><pose><translation>-1.6858488599096781, -0.013433349248817266, 4.768283337443049</translation><rotation><c1>1, 0, 0</c1><c2>0, 1, 0</c2><c3>0, 0, 1</c3></rotation></pose><symmetry><x>twoFold</x><y>cylindrical</y><z>twoFold</z></symmetry><detectionScore>-1.0</detectionScore></element><element><id>67</id><category>desk</category><bounds><corner1>-3.383395783188542, -0.5197547123025917, -0.1947322512226144</corner1><corner2>3.383395783188542, 0.5197547123025917, 0.1947322512226144</corner2></bounds><pose><translation>3.0631852070986585, -1.0199096979811733, -4.694771229946956</translation><rotation><c1>1, 0, 0</c1><c2>0, 1, 0</c2><c3>0, 0, 1</c3></rotation></pose><symmetry><x>twoFold</x><y>cylindrical</y><z>twoFold</z></symmetry><detectionScore>-1.0</detectionScore></element><element><id>68</id><category>desk</category><bounds><corner1>-2.81553093089909, -0.5522876972269738, -3.0016928721681535</corner1><corner2>2.81553093089909, 0.5522876972269738, 3.0016928721681535</corner2></bounds><pose><translation>0.8334306230100739, -0.8832296817986846, 1.861132789554501</translation><rotation><c1>1, 0, 0</c1><c2>0, 1, 0</c2><c3>0, 0, 1</c3></rotation></pose><symmetry><x>twoFold</x><y>cylindrical</y><z>twoFold</z></symmetry><detectionScore>-1.0</detectionScore></element><element><id>69</id><category>wall</category><bounds><corner1>-0.5819473922037668, -1.2568713658697603, -2.8038808976690763</corner1><corner2>0.5819473922037668, 1.2568713658697603, 2.8038808976690763</corner2></bounds><pose><translation>7.549794808997173, 0.03832320713641551, -3.896315118782796</translation><rotation><c1>1, 0, 0</c1><c2>0, 1, 0</c2><c3>0, 0, 1</c3></rotation></pose><symmetry><x>twoFold</x><y>cylindrical</y><z>twoFold</z></symmetry><detectionScore>-1.0</detectionScore></element><element><id>70</id><category>chair</category><bounds><corner1>-2.114155714594901, -0.505290140475568, -2.067508510141438</corner1><corner2>2.114155714594901, 0.505290140475568, 2.067508510141438</corner2></bounds><pose><translation>1.871986860528551, -0.9633389491620963, 1.2518396018054356</translation><rotation><c1>1, 0, 0</c1><c2>0, 1, 0</c2><c3>0, 0, 1</c3></rotation></pose><symmetry><x>twoFold</x><y>cylindrical</y><z>twoFold</z></symmetry><detectionScore>-1.0</detectionScore></element><element><id>71</id><category>wall</category><bounds><corner1>-2.5715673216084673, -1.4975743375563315, -1.0502036661902956</corner1><corner2>2.5715673216084673, 1.4975743375563315, 1.0502036661902956</corner2></bounds><pose><translation>-5.205956514218827, -0.1698994347848326, 3.723451788216127</translation><rotation><c1>1, 0, 0</c1><c2>0, 1, 0</c2><c3>0, 0, 1</c3></rotation></pose><symmetry><x>twoFold</x><y>cylindrical</y><z>twoFold</z></symmetry><detectionScore>-1.0</detectionScore></element><element><id>72</id><category>window</category><bounds><corner1>-2.127808154434585, -1.1852520056513804, -0.16190235458881563</corner1><corner2>2.127808154434585, 1.1852520056513804, 0.16190235458881563</corner2></bounds><pose><translation>-1.4462585514860522, 0.1278525111778962, 4.815489820192049</translation><rotation><c1>1, 0, 0</c1><c2>0, 1, 0</c2><c3>0, 0, 1</c3></rotation></pose><symmetry><x>twoFold</x><y>cylindrical</y><z>twoFold</z></symmetry><detectionScore>-1.0</detectionScore></element><element><id>73</id><category>desk</category><bounds><corner1>-0.6119201001067521, -0.5096597752921634, -0.5237083954001389</corner1><corner2>0.6119201001067521, 0.5096597752921634, 0.5237083954001389</corner2></bounds><pose><translation>-1.599891670940988, -0.8217720528248605, -2.8308369962638404</translation><rotation><c1>1, 0, 0</c1><c2>0, 1, 0</c2><c3>0, 0, 1</c3></rotation></pose><symmetry><x>twoFold</x><y>cylindrical</y><z>twoFold</z></symmetry><detectionScore>-1.0</detectionScore></element><element><id>74</id><category>office_chair</category><bounds><corner1>-3.445137077221112, -0.42167702916203037, -0.44493344519491895</corner1><corner2>3.445137077221112, 0.42167702916203037, 0.44493344519491895</corner2></bounds><pose><translation>3.056942090408591, -0.7720286986788654, -4.966494629393433</translation><rotation><c1>1, 0, 0</c1><c2>0, 1, 0</c2><c3>0, 0, 1</c3></rotation></pose><symmetry><x>twoFold</x><y>cylindrical</y><z>twoFold</z></symmetry><detectionScore>-1.0</detectionScore></element><element><id>75</id><category>column</category><bounds><corner1>-1.1583532745921836, -1.5021102629692438, -0.6443833435953987</corner1><corner2>1.1583532745921836, 1.5021102629692438, 0.6443833435953987</corner2></bounds><pose><translation>-4.5428733190606385, -0.17519336382782316, 3.80998036585307</translation><rotation><c1>1, 0, 0</c1><c2>0, 1, 0</c2><c3>0, 0, 1</c3></rotation></pose><symmetry><x>twoFold</x><y>cylindrical</y><z>twoFold</z></symmetry><detectionScore>-1.0</detectionScore></element><element><id>76</id><category>partition</category><bounds><corner1>-6.297121791773764, -1.5644014902419765, -4.62424137744512</corner1><corner2>6.297121791773764, 1.5644014902419765, 4.62424137744512</corner2></bounds><pose><translation>-10.156062213067395, -0.2977083917047373, -0.8458561867782802</translation><rotation><c1>1, 0, 0</c1><c2>0, 1, 0</c2><c3>0, 0, 1</c3></rotation></pose><symmetry><x>twoFold</x><y>cylindrical</y><z>twoFold</z></symmetry><detectionScore>-1.0</detectionScore></element></elements></scene>