<?xml version='1.0' encoding='utf-8'?>
<scene xmlns:sumo="https://www.sumochallenge.org"><version>2.0</version><categories><id>fb_categories_v1.0</id><url>https://sumochallenge.org/en/categories-1_0.json</url></categories><project_type>bounding_box</project_type><elements><element><id>4</id><category>wall</category><bounds><corner1>-0.18911618, -0.98473009, -0.16791877</corner1><corner2>0.18911618, 0.98473009, 0.16791877</corner2></bounds><pose><translation> 0.14814167, -0.01545223, -1.5289596 </translation><rotation><c1>1., 0., 0.</c1><c2>0., 1., 0.</c2><c3>0., 0., 1.</c3></rotation></pose><symmetry><x>none</x><y>twoFold</y><z>none</z></symmetry><detectionScore>0.8125239</detectionScore></element><element><id>5</id><category>curtain</category><bounds><corner1>-1.08068782, -0.91627457, -0.07671302</corner1><corner2>1.08068782, 0.91627457, 0.07671302</corner2></bounds><pose><translation>2.32082598, 0.01941875, 3.98169586</translation><rotation><c1>1., 0., 0.</c1><c2>0., 1., 0.</c2><c3>0., 0., 1.</c3></rotation></pose><symmetry><x>none</x><y>twoFold</y><z>none</z></symmetry><detectionScore>0.95152324</detectionScore></element><element><id>3</id><category>wall</category><bounds><corner1>-0.05196008, -0.32401331, -3.55991996</corner1><corner2>0.05196008, 0.32401331, 3.55991996</corner2></bounds><pose><translation>-1.2990035 , -0.03098184,  0.38821804</translation><rotation><c1>1., 0., 0.</c1><c2>0., 1., 0.</c2><c3>0., 0., 1.</c3></rotation></pose><symmetry><x>none</x><y>twoFold</y><z>none</z></symmetry><detectionScore>0.8672898</detectionScore></element><element><id>2</id><category>wall</category><bounds><corner1>-0.09144494, -1.06062492, -2.18941536</corner1><corner2>0.09144494, 1.06062492, 2.18941536</corner2></bounds><pose><translation> 3.68078669, -0.06976126,  1.27379515</translation><rotation><c1>1., 0., 0.</c1><c2>0., 1., 0.</c2><c3>0., 0., 1.</c3></rotation></pose><symmetry><x>none</x><y>twoFold</y><z>none</z></symmetry><detectionScore>0.68846816</detectionScore></element><element><id>7</id><category>armchair</category><bounds><corner1>-0.5620644 , -0.38908448, -2.49421921</corner1><corner2>0.5620644 , 0.38908448, 2.49421921</corner2></bounds><pose><translation>-2.16904504, -0.71721624,  1.51984601</translation><rotation><c1>1., 0., 0.</c1><c2>0., 1., 0.</c2><c3>0., 0., 1.</c3></rotation></pose><symmetry><x>none</x><y>none</y><z>none</z></symmetry><detectionScore>0.7401618</detectionScore></element><element><id>8</id><category>floor_lamp</category><bounds><corner1>-0.01897346, -0.48533997, -0.09369314</corner1><corner2>0.01897346, 0.48533997, 0.09369314</corner2></bounds><pose><translation> 1.06503247, -0.45156694,  0.01977966</translation><rotation><c1>1., 0., 0.</c1><c2>0., 1., 0.</c2><c3>0., 0., 1.</c3></rotation></pose><symmetry><x>none</x><y>cylindrical</y><z>none</z></symmetry><detectionScore>0.53319454</detectionScore></element><element><id>6</id><category>door</category><bounds><corner1>-0.78301408, -1.20216969, -3.74042721</corner1><corner2>0.78301408, 1.20216969, 3.74042721</corner2></bounds><pose><translation>-0.33840185, -0.50696493,  3.847305  </translation><rotation><c1>1., 0., 0.</c1><c2>0., 1., 0.</c2><c3>0., 0., 1.</c3></rotation></pose><symmetry><x>twoFold</x><y>twoFold</y><z>twoFold</z></symmetry><detectionScore>0.99912447</detectionScore></element></elements></scene>