<?xml version='1.0' encoding='utf-8'?>
<scene xmlns:sumo="https://www.sumochallenge.org"><version>2.0</version><categories><id>fb_categories_v1_0</id><url>https://sumochallenge.org/en/categories-1_0.json</url></categories><project_type>bounding_box</project_type><elements><element><id>0</id><category>door</category><bounds><corner1>-2.720730306094848, -8.908605282375028, -1.2430935852763492</corner1><corner2>2.720730306094848, 8.908605282375028, 1.2430935852763492</corner2></bounds><pose><translation>1.0557852808039172, 2.1961035498099917, -0.40034756109433395</translation><rotation><c1>0, 0, 0</c1><c2>0, 0, 0</c2><c3>0, 0, 0</c3></rotation></pose><symmetry><x>twoFold</x><y>cylindrical</y><z>twoFold</z></symmetry><detectionScore>-1.0</detectionScore></element><element><id>1</id><category>stand</category><bounds><corner1>-0.06969400061078712, -0.6661532643404073, -0.33580803335394815</corner1><corner2>0.06969400061078712, 0.6661532643404073, 0.33580803335394815</corner2></bounds><pose><translation>-2.826678833276289, 1.4132079981024175, -1.3602121328380126</translation><rotation><c1>0, 0, 0</c1><c2>0, 0, 0</c2><c3>0, 0, 0</c3></rotation></pose><symmetry><x>twoFold</x><y>cylindrical</y><z>twoFold</z></symmetry><detectionScore>-1.0</detectionScore></element><element><id>2</id><category>wall</category><bounds><corner1>-2.7083080261315757, -8.28489263833195, -1.598330339296293</corner1><corner2>2.7083080261315757, 8.28489263833195, 1.598330339296293</corner2></bounds><pose><translation>1.0184073008859365, 2.564784498809966, -0.16172476737723046</translation><rotation><c1>0, 0, 0</c1><c2>0, 0, 0</c2><c3>0, 0, 0</c3></rotation></pose><symmetry><x>twoFold</x><y>cylindrical</y><z>twoFold</z></symmetry><detectionScore>-1.0</detectionScore></element><element><id>3</id><category>single_bed</category><bounds><corner1>-0.9710223756532819, -1.8146254741523673, -0.668502338029162</corner1><corner2>0.9710223756532819, 1.8146254741523673, 0.668502338029162</corner2></bounds><pose><translation>-2.6853900790792156, -0.1918507682623653, -1.190962028673193</translation><rotation><c1>0, 0, 0</c1><c2>0, 0, 0</c2><c3>0, 0, 0</c3></rotation></pose><symmetry><x>twoFold</x><y>cylindrical</y><z>twoFold</z></symmetry><detectionScore>-1.0</detectionScore></element><element><id>4</id><category>bunker_bed</category><bounds><corner1>-1.341640968194486, -0.9870414688170883, -1.1196911635054627</corner1><corner2>1.341640968194486, 0.9870414688170883, 1.1196911635054627</corner2></bounds><pose><translation>-1.7140627236307773, 3.6665212277705224, -0.7226507268341782</translation><rotation><c1>0, 0, 0</c1><c2>0, 0, 0</c2><c3>0, 0, 0</c3></rotation></pose><symmetry><x>twoFold</x><y>cylindrical</y><z>twoFold</z></symmetry><detectionScore>-1.0</detectionScore></element><element><id>5</id><category>double_bed</category><bounds><corner1>-0.976441808592933, -1.8292970053461202, -0.6721130145870834</corner1><corner2>0.976441808592933, 1.8292970053461202, 0.6721130145870834</corner2></bounds><pose><translation>-2.638115634974335, -0.21992703523141002, -1.1913545658568583</translation><rotation><c1>0, 0, 0</c1><c2>0, 0, 0</c2><c3>0, 0, 0</c3></rotation></pose><symmetry><x>twoFold</x><y>cylindrical</y><z>twoFold</z></symmetry><detectionScore>-1.0</detectionScore></element><element><id>6</id><category>wall</category><bounds><corner1>-2.313835681393571, -0.13612816088551494, -1.461393755628424</corner1><corner2>2.313835681393571, 0.13612816088551494, 1.461393755628424</corner2></bounds><pose><translation>-1.3766753780926049, 4.535039374587624, -0.13100101973980782</translation><rotation><c1>0, 0, 0</c1><c2>0, 0, 0</c2><c3>0, 0, 0</c3></rotation></pose><symmetry><x>twoFold</x><y>cylindrical</y><z>twoFold</z></symmetry><detectionScore>-1.0</detectionScore></element><element><id>7</id><category>wall</category><bounds><corner1>-1.2830174136959256, -1.4523242402747223, -1.5852718048517338</corner1><corner2>1.2830174136959256, 1.4523242402747223, 1.5852718048517338</corner2></bounds><pose><translation>-3.792634378554662, 0.9594773026992782, -0.2362212794341319</translation><rotation><c1>0, 0, 0</c1><c2>0, 0, 0</c2><c3>0, 0, 0</c3></rotation></pose><symmetry><x>twoFold</x><y>cylindrical</y><z>twoFold</z></symmetry><detectionScore>-1.0</detectionScore></element></elements></scene>