<?xml version='1.0' encoding='utf-8'?>
<scene xmlns:sumo="https://www.sumochallenge.org"><version>2.0</version><categories><id>fb_categories_v1.0</id><url>https://sumochallenge.org/en/categories-1_0.json</url></categories><project_type>bounding_box</project_type><elements><element><id>4</id><category>dresser</category><bounds><corner1>-0.72870439, -0.51296841, -0.0675237 </corner1><corner2>0.72870439, 0.51296841, 0.0675237 </corner2></bounds><pose><translation> 1.80229781, -0.9696276 , -3.44269748</translation><rotation><c1>1., 0., 0.</c1><c2>0., 1., 0.</c2><c3>0., 0., 1.</c3></rotation></pose><symmetry><x>none</x><y>none</y><z>none</z></symmetry><detectionScore>0.66587764</detectionScore></element><element><id>1</id><category>curtain</category><bounds><corner1>-1.3540826 , -1.07043652, -1.17917014</corner1><corner2>1.3540826 , 1.07043652, 1.17917014</corner2></bounds><pose><translation>-1.59263791e+00, -3.44735605e-03, -3.68918527e+00</translation><rotation><c1>1., 0., 0.</c1><c2>0., 1., 0.</c2><c3>0., 0., 1.</c3></rotation></pose><symmetry><x>none</x><y>twoFold</y><z>none</z></symmetry><detectionScore>0.98188764</detectionScore></element><element><id>11</id><category>wall</category><bounds><corner1>-0.46209972, -1.30600454, -0.16294702</corner1><corner2>0.46209972, 1.30600454, 0.16294702</corner2></bounds><pose><translation>-4.03177054, -0.11914648,  1.81526444</translation><rotation><c1>1., 0., 0.</c1><c2>0., 1., 0.</c2><c3>0., 0., 1.</c3></rotation></pose><symmetry><x>none</x><y>twoFold</y><z>none</z></symmetry><detectionScore>0.8470674</detectionScore></element><element><id>10</id><category>tv_stand</category><bounds><corner1>-0.21317364, -0.19767061, -0.80286741</corner1><corner2>0.21317364, 0.19767061, 0.80286741</corner2></bounds><pose><translation> 2.65401355, -1.23875383, -0.19184603</translation><rotation><c1>1., 0., 0.</c1><c2>0., 1., 0.</c2><c3>0., 0., 1.</c3></rotation></pose><symmetry><x>none</x><y>none</y><z>none</z></symmetry><detectionScore>0.9470579</detectionScore></element><element><id>3</id><category>wall</category><bounds><corner1>-0.05038897, -1.18927961, -2.08964568</corner1><corner2>0.05038897, 1.18927961, 2.08964568</corner2></bounds><pose><translation> 3.02681075, -0.06215685,  0.09029343</translation><rotation><c1>1., 0., 0.</c1><c2>0., 1., 0.</c2><c3>0., 0., 1.</c3></rotation></pose><symmetry><x>none</x><y>twoFold</y><z>none</z></symmetry><detectionScore>0.6926522</detectionScore></element><element><id>2</id><category>wall</category><bounds><corner1>-0.64225578, -1.20900184, -2.7635349 </corner1><corner2>0.64225578, 1.20900184, 2.7635349 </corner2></bounds><pose><translation>-6.26164371, -0.1036854 , -0.93041501</translation><rotation><c1>1., 0., 0.</c1><c2>0., 1., 0.</c2><c3>0., 0., 1.</c3></rotation></pose><symmetry><x>none</x><y>twoFold</y><z>none</z></symmetry><detectionScore>0.9749214</detectionScore></element><element><id>9</id><category>dressing_table</category><bounds><corner1>-2.33794688, -0.9736702 , -2.11732062</corner1><corner2>2.33794688, 0.9736702 , 2.11732062</corner2></bounds><pose><translation>-4.49802711, -0.72543824, -3.68763775</translation><rotation><c1>1., 0., 0.</c1><c2>0., 1., 0.</c2><c3>0., 0., 1.</c3></rotation></pose><symmetry><x>none</x><y>none</y><z>none</z></symmetry><detectionScore>0.7883626</detectionScore></element><element><id>8</id><category>chandelier</category><bounds><corner1>-0.35503569, -0.02251273, -0.46790219</corner1><corner2>0.35503569, 0.02251273, 0.46790219</corner2></bounds><pose><translation>-1.76708682,  1.18561032, -0.53680725</translation><rotation><c1>1., 0., 0.</c1><c2>0., 1., 0.</c2><c3>0., 0., 1.</c3></rotation></pose><symmetry><x>none</x><y>cylindrical</y><z>none</z></symmetry><detectionScore>0.99646276</detectionScore></element><element><id>7</id><category>mirror</category><bounds><corner1>-0.24084678, -1.03704372, -0.03096411</corner1><corner2>0.24084678, 1.03704372, 0.03096411</corner2></bounds><pose><translation>1.2829636 , 0.01592604, 1.81200262</translation><rotation><c1>1., 0., 0.</c1><c2>0., 1., 0.</c2><c3>0., 0., 1.</c3></rotation></pose><symmetry><x>none</x><y>none</y><z>twoFold</z></symmetry><detectionScore>0.61484486</detectionScore></element></elements></scene>