<?xml version='1.0' encoding='utf-8'?>
<scene xmlns:sumo="https://www.sumochallenge.org"><version>2.0</version><categories><id>fb_categories_v1_0</id><url>https://sumochallenge.org/en/categories-1_0.json</url></categories><project_type>bounding_box</project_type><elements><element><id>0</id><category>window</category><bounds><corner1>-0.27398608283354253, -0.05822658403526404, -0.3995397044782713</corner1><corner2>0.27398608283354253, 0.05822658403526404, 0.3995397044782713</corner2></bounds><pose><translation>1.243487870011166, 2.334613264358577, 0.002281047666753821</translation><rotation><c1>0, 0, 0</c1><c2>0, 0, 0</c2><c3>0, 0, 0</c3></rotation></pose><symmetry><x>twoFold</x><y>cylindrical</y><z>twoFold</z></symmetry><detectionScore>-1.0</detectionScore></element><element><id>1</id><category>door</category><bounds><corner1>-0.5567572338306848, -0.26348792664682064, -0.5983836766068311</corner1><corner2>0.5567572338306848, 0.26348792664682064, 0.5983836766068311</corner2></bounds><pose><translation>2.5828596622876785, -1.6033150621717787, -0.2864018873995056</translation><rotation><c1>0, 0, 0</c1><c2>0, 0, 0</c2><c3>0, 0, 0</c3></rotation></pose><symmetry><x>twoFold</x><y>cylindrical</y><z>twoFold</z></symmetry><detectionScore>-1.0</detectionScore></element><element><id>2</id><category>window</category><bounds><corner1>-0.0819069103879424, -1.8384593255814399, -0.930277937431288</corner1><corner2>0.0819069103879424, 1.8384593255814399, 0.930277937431288</corner2></bounds><pose><translation>3.0437975299400106, -4.7652539931645554, 0.08441253268657584</translation><rotation><c1>0, 0, 0</c1><c2>0, 0, 0</c2><c3>0, 0, 0</c3></rotation></pose><symmetry><x>twoFold</x><y>cylindrical</y><z>twoFold</z></symmetry><detectionScore>-1.0</detectionScore></element><element><id>3</id><category>door</category><bounds><corner1>-0.17196098374921043, -1.0004326881690213, -0.9012557756298178</corner1><corner2>0.17196098374921043, 1.0004326881690213, 0.9012557756298178</corner2></bounds><pose><translation>-7.842072623116793, -5.5880458313102395, -0.1639311648291447</translation><rotation><c1>0, 0, 0</c1><c2>0, 0, 0</c2><c3>0, 0, 0</c3></rotation></pose><symmetry><x>twoFold</x><y>cylindrical</y><z>twoFold</z></symmetry><detectionScore>-1.0</detectionScore></element><element><id>4</id><category>kitchen_cabinet</category><bounds><corner1>-0.1695647058702674, -0.6117264039463013, -0.7008833259067181</corner1><corner2>0.1695647058702674, 0.6117264039463013, 0.7008833259067181</corner2></bounds><pose><translation>-7.819017517974849, -6.529992417447341, -0.26432434179422426</translation><rotation><c1>0, 0, 0</c1><c2>0, 0, 0</c2><c3>0, 0, 0</c3></rotation></pose><symmetry><x>twoFold</x><y>cylindrical</y><z>twoFold</z></symmetry><detectionScore>-1.0</detectionScore></element><element><id>5</id><category>chair</category><bounds><corner1>-0.16945551761203204, -1.0264108292345968, -0.6396516575150508</corner1><corner2>0.16945551761203204, 1.0264108292345968, 0.6396516575150508</corner2></bounds><pose><translation>-2.8940899548214825, 0.536733407165046, -1.2080382398989493</translation><rotation><c1>0, 0, 0</c1><c2>0, 0, 0</c2><c3>0, 0, 0</c3></rotation></pose><symmetry><x>twoFold</x><y>cylindrical</y><z>twoFold</z></symmetry><detectionScore>-1.0</detectionScore></element><element><id>6</id><category>kitchen_cabinet</category><bounds><corner1>-0.5739967671886719, -0.07279376432548235, -0.4023448592805756</corner1><corner2>0.5739967671886719, 0.07279376432548235, 0.4023448592805756</corner2></bounds><pose><translation>-1.6782878697898287, 2.292975428212248, -0.14575806132151933</translation><rotation><c1>0, 0, 0</c1><c2>0, 0, 0</c2><c3>0, 0, 0</c3></rotation></pose><symmetry><x>twoFold</x><y>cylindrical</y><z>twoFold</z></symmetry><detectionScore>-1.0</detectionScore></element><element><id>7</id><category>kitchen_cabinet</category><bounds><corner1>-0.17096086849059766, -1.2065805558894587, -0.9658617071165622</corner1><corner2>0.17096086849059766, 1.2065805558894587, 0.9658617071165622</corner2></bounds><pose><translation>-7.842199648205138, -5.402053664540352, -0.14331736354498995</translation><rotation><c1>0, 0, 0</c1><c2>0, 0, 0</c2><c3>0, 0, 0</c3></rotation></pose><symmetry><x>twoFold</x><y>cylindrical</y><z>twoFold</z></symmetry><detectionScore>-1.0</detectionScore></element><element><id>8</id><category>window</category><bounds><corner1>-0.07664572224089827, -1.1861671715929614, -0.8316240142825388</corner1><corner2>0.07664572224089827, 1.1861671715929614, 0.8316240142825388</corner2></bounds><pose><translation>3.265919975053949, 0.846819074544313, 0.06657733179780684</translation><rotation><c1>0, 0, 0</c1><c2>0, 0, 0</c2><c3>0, 0, 0</c3></rotation></pose><symmetry><x>twoFold</x><y>cylindrical</y><z>twoFold</z></symmetry><detectionScore>-1.0</detectionScore></element><element><id>9</id><category>door</category><bounds><corner1>-0.4262137116841478, -0.9381489156191678, -1.5710186706329483</corner1><corner2>0.4262137116841478, 0.9381489156191678, 1.5710186706329483</corner2></bounds><pose><translation>2.815717945606442, -1.4244911480495368, -0.5614538793062492</translation><rotation><c1>0, 0, 0</c1><c2>0, 0, 0</c2><c3>0, 0, 0</c3></rotation></pose><symmetry><x>twoFold</x><y>cylindrical</y><z>twoFold</z></symmetry><detectionScore>-1.0</detectionScore></element><element><id>10</id><category>wall</category><bounds><corner1>-1.1833172664692828, -0.09283860518419607, -0.7843434576262819</corner1><corner2>1.1833172664692828, 0.09283860518419607, 0.7843434576262819</corner2></bounds><pose><translation>-3.7707026474538847, 2.1292246709094567, 0.0033786198537958346</translation><rotation><c1>0, 0, 0</c1><c2>0, 0, 0</c2><c3>0, 0, 0</c3></rotation></pose><symmetry><x>twoFold</x><y>cylindrical</y><z>twoFold</z></symmetry><detectionScore>-1.0</detectionScore></element><element><id>11</id><category>wall</category><bounds><corner1>-0.3175648826050381, -0.06001389936040136, -0.6405928616227742</corner1><corner2>0.3175648826050381, 0.06001389936040136, 0.6405928616227742</corner2></bounds><pose><translation>1.2686877949040276, 2.329833825667005, -0.04727183964184798</translation><rotation><c1>0, 0, 0</c1><c2>0, 0, 0</c2><c3>0, 0, 0</c3></rotation></pose><symmetry><x>twoFold</x><y>cylindrical</y><z>twoFold</z></symmetry><detectionScore>-1.0</detectionScore></element><element><id>12</id><category>window</category><bounds><corner1>-0.15821908463725087, -1.068353004207144, -0.751195725639708</corner1><corner2>0.15821908463725087, 1.068353004207144, 0.751195725639708</corner2></bounds><pose><translation>-7.854510049530551, -5.414427918167605, -0.03782004645613023</translation><rotation><c1>0, 0, 0</c1><c2>0, 0, 0</c2><c3>0, 0, 0</c3></rotation></pose><symmetry><x>twoFold</x><y>cylindrical</y><z>twoFold</z></symmetry><detectionScore>-1.0</detectionScore></element><element><id>13</id><category>wall</category><bounds><corner1>-0.13339134810542452, -1.9275542113339559, -1.5100257519379643</corner1><corner2>0.13339134810542452, 1.9275542113339559, 1.5100257519379643</corner2></bounds><pose><translation>3.195858005777011, 0.23978436498651196, -0.17902330753291062</translation><rotation><c1>0, 0, 0</c1><c2>0, 0, 0</c2><c3>0, 0, 0</c3></rotation></pose><symmetry><x>twoFold</x><y>cylindrical</y><z>twoFold</z></symmetry><detectionScore>-1.0</detectionScore></element><element><id>14</id><category>window</category><bounds><corner1>-0.1640805285361715, -1.151537276524548, -0.8111880111925549</corner1><corner2>0.1640805285361715, 1.151537276524548, 0.8111880111925549</corner2></bounds><pose><translation>-7.900520970775118, -3.2729297876008996, 0.023234274426261147</translation><rotation><c1>0, 0, 0</c1><c2>0, 0, 0</c2><c3>0, 0, 0</c3></rotation></pose><symmetry><x>twoFold</x><y>cylindrical</y><z>twoFold</z></symmetry><detectionScore>-1.0</detectionScore></element><element><id>15</id><category>sofa</category><bounds><corner1>-1.2337529563986172, -0.8206018770198789, -0.5831411827961135</corner1><corner2>1.2337529563986172, 0.8206018770198789, 0.5831411827961135</corner2></bounds><pose><translation>-2.7689906427035718, -6.236262056366051, -1.1486830244594035</translation><rotation><c1>0, 0, 0</c1><c2>0, 0, 0</c2><c3>0, 0, 0</c3></rotation></pose><symmetry><x>twoFold</x><y>cylindrical</y><z>twoFold</z></symmetry><detectionScore>-1.0</detectionScore></element><element><id>16</id><category>desk</category><bounds><corner1>-0.06798350930996211, -1.0534583570944536, -0.44750025144132854</corner1><corner2>0.06798350930996211, 1.0534583570944536, 0.44750025144132854</corner2></bounds><pose><translation>-2.8844596510262397, 0.5001630577818301, -1.0095547772386757</translation><rotation><c1>0, 0, 0</c1><c2>0, 0, 0</c2><c3>0, 0, 0</c3></rotation></pose><symmetry><x>twoFold</x><y>cylindrical</y><z>twoFold</z></symmetry><detectionScore>-1.0</detectionScore></element><element><id>17</id><category>kitchen_cabinet</category><bounds><corner1>-0.392603585402295, -0.05670956076810052, -0.33480030957624957</corner1><corner2>0.392603585402295, 0.05670956076810052, 0.33480030957624957</corner2></bounds><pose><translation>-1.2888736818021016, 2.3157229535581334, -0.681507769260951</translation><rotation><c1>0, 0, 0</c1><c2>0, 0, 0</c2><c3>0, 0, 0</c3></rotation></pose><symmetry><x>twoFold</x><y>cylindrical</y><z>twoFold</z></symmetry><detectionScore>-1.0</detectionScore></element><element><id>18</id><category>sofa</category><bounds><corner1>-1.075160627942941, -1.060439925256282, -0.5116964854133045</corner1><corner2>1.075160627942941, 1.060439925256282, 0.5116964854133045</corner2></bounds><pose><translation>-4.790182351396302, -6.166706585393535, -1.1977262331967873</translation><rotation><c1>0, 0, 0</c1><c2>0, 0, 0</c2><c3>0, 0, 0</c3></rotation></pose><symmetry><x>twoFold</x><y>cylindrical</y><z>twoFold</z></symmetry><detectionScore>-1.0</detectionScore></element><element><id>19</id><category>kitchen_cabinet</category><bounds><corner1>-0.17035160636108415, -1.2136895066754962, -0.9911192258971648</corner1><corner2>0.17035160636108415, 1.2136895066754962, 0.9911192258971648</corner2></bounds><pose><translation>-7.8910281336934425, -3.26648260314629, -0.16157944898227866</translation><rotation><c1>0, 0, 0</c1><c2>0, 0, 0</c2><c3>0, 0, 0</c3></rotation></pose><symmetry><x>twoFold</x><y>cylindrical</y><z>twoFold</z></symmetry><detectionScore>-1.0</detectionScore></element><element><id>20</id><category>hanging_kitchen_cabinet</category><bounds><corner1>-0.15852570982293823, -1.0123427317695821, -0.5803160636785804</corner1><corner2>0.15852570982293823, 1.0123427317695821, 0.5803160636785804</corner2></bounds><pose><translation>-7.853326632519139, -5.580220423049093, 0.22223949117987518</translation><rotation><c1>0, 0, 0</c1><c2>0, 0, 0</c2><c3>0, 0, 0</c3></rotation></pose><symmetry><x>twoFold</x><y>cylindrical</y><z>twoFold</z></symmetry><detectionScore>-1.0</detectionScore></element><element><id>21</id><category>wall</category><bounds><corner1>-4.722014306948788, -5.460348263079015, -1.323068659791502</corner1><corner2>4.722014306948788, 5.460348263079015, 1.323068659791502</corner2></bounds><pose><translation>-2.3713544175703825, -10.553321680889518, -0.07268810807214254</translation><rotation><c1>0, 0, 0</c1><c2>0, 0, 0</c2><c3>0, 0, 0</c3></rotation></pose><symmetry><x>twoFold</x><y>cylindrical</y><z>twoFold</z></symmetry><detectionScore>-1.0</detectionScore></element><element><id>22</id><category>wall</category><bounds><corner1>-1.3726113046933486, -0.05390004607960197, -0.44584010929505274</corner1><corner2>1.3726113046933486, 0.05390004607960197, 0.44584010929505274</corner2></bounds><pose><translation>-0.34462398464048444, 2.3686915968941573, -0.03486678279198619</translation><rotation><c1>0, 0, 0</c1><c2>0, 0, 0</c2><c3>0, 0, 0</c3></rotation></pose><symmetry><x>twoFold</x><y>cylindrical</y><z>twoFold</z></symmetry><detectionScore>-1.0</detectionScore></element><element><id>23</id><category>armchair</category><bounds><corner1>-0.22265755712932922, -1.1654884787202384, -0.6594190729756293</corner1><corner2>0.22265755712932922, 1.1654884787202384, 0.6594190729756293</corner2></bounds><pose><translation>-2.905442863993914, 0.5407817479943188, -1.2304717160690766</translation><rotation><c1>0, 0, 0</c1><c2>0, 0, 0</c2><c3>0, 0, 0</c3></rotation></pose><symmetry><x>twoFold</x><y>cylindrical</y><z>twoFold</z></symmetry><detectionScore>-1.0</detectionScore></element><element><id>24</id><category>wall</category><bounds><corner1>-3.5228531740230773, -2.739916736286675, -1.3289897873889718</corner1><corner2>3.5228531740230773, 2.739916736286675, 1.3289897873889718</corner2></bounds><pose><translation>-7.876757312184995, -0.7425285278372911, -0.08521836126143949</translation><rotation><c1>0, 0, 0</c1><c2>0, 0, 0</c2><c3>0, 0, 0</c3></rotation></pose><symmetry><x>twoFold</x><y>cylindrical</y><z>twoFold</z></symmetry><detectionScore>-1.0</detectionScore></element><element><id>25</id><category>table_and_chair</category><bounds><corner1>-0.5643822635776092, -0.06473998050902141, -0.3217277907349832</corner1><corner2>0.5643822635776092, 0.06473998050902141, 0.3217277907349832</corner2></bounds><pose><translation>1.0154386882306046, 2.342222493612609, -0.5246062344156045</translation><rotation><c1>0, 0, 0</c1><c2>0, 0, 0</c2><c3>0, 0, 0</c3></rotation></pose><symmetry><x>twoFold</x><y>cylindrical</y><z>twoFold</z></symmetry><detectionScore>-1.0</detectionScore></element><element><id>26</id><category>workplace</category><bounds><corner1>-1.3858342806833308, -1.3202576241341282, -0.7478273483467335</corner1><corner2>1.3858342806833308, 1.3202576241341282, 0.7478273483467335</corner2></bounds><pose><translation>-4.2109998442211785, 0.8088589963158256, -1.013220269483181</translation><rotation><c1>0, 0, 0</c1><c2>0, 0, 0</c2><c3>0, 0, 0</c3></rotation></pose><symmetry><x>twoFold</x><y>cylindrical</y><z>twoFold</z></symmetry><detectionScore>-1.0</detectionScore></element><element><id>27</id><category>office_chair</category><bounds><corner1>-0.2372394208926365, -1.176224654478912, -0.6433592452531696</corner1><corner2>0.2372394208926365, 1.176224654478912, 0.6433592452531696</corner2></bounds><pose><translation>-2.9065617312933685, 0.5619508385495368, -1.215090193234881</translation><rotation><c1>0, 0, 0</c1><c2>0, 0, 0</c2><c3>0, 0, 0</c3></rotation></pose><symmetry><x>twoFold</x><y>cylindrical</y><z>twoFold</z></symmetry><detectionScore>-1.0</detectionScore></element><element><id>28</id><category>office_chair</category><bounds><corner1>-0.9414119766582552, -0.5221838484979967, -0.7068958417448077</corner1><corner2>0.9414119766582552, 0.5221838484979967, 0.7068958417448077</corner2></bounds><pose><translation>-4.95223135781197, -0.5760459355148767, -1.28743157948073</translation><rotation><c1>0, 0, 0</c1><c2>0, 0, 0</c2><c3>0, 0, 0</c3></rotation></pose><symmetry><x>twoFold</x><y>cylindrical</y><z>twoFold</z></symmetry><detectionScore>-1.0</detectionScore></element><element><id>29</id><category>office_chair</category><bounds><corner1>-1.4195298685737896, -0.3551004333558827, -0.6171931491657998</corner1><corner2>1.4195298685737896, 0.3551004333558827, 0.6171931491657998</corner2></bounds><pose><translation>-4.248976253669187, 1.7876209203902158, -0.9896623902532227</translation><rotation><c1>0, 0, 0</c1><c2>0, 0, 0</c2><c3>0, 0, 0</c3></rotation></pose><symmetry><x>twoFold</x><y>cylindrical</y><z>twoFold</z></symmetry><detectionScore>-1.0</detectionScore></element><element><id>30</id><category>stairs</category><bounds><corner1>-2.2495650268921636, -2.5417126391469194, -0.6482293670987607</corner1><corner2>2.2495650268921636, 2.5417126391469194, 0.6482293670987607</corner2></bounds><pose><translation>0.2901357488471106, -5.3153215585545945, 0.7710543992073431</translation><rotation><c1>0, 0, 0</c1><c2>0, 0, 0</c2><c3>0, 0, 0</c3></rotation></pose><symmetry><x>twoFold</x><y>cylindrical</y><z>twoFold</z></symmetry><detectionScore>-1.0</detectionScore></element><element><id>31</id><category>range_hood</category><bounds><corner1>-0.37779900995203813, -0.04692525034431361, -0.3043794555973251</corner1><corner2>0.37779900995203813, 0.04692525034431361, 0.3043794555973251</corner2></bounds><pose><translation>-0.7853141304963249, 2.3660973442332605, 0.19275848531243828</translation><rotation><c1>0, 0, 0</c1><c2>0, 0, 0</c2><c3>0, 0, 0</c3></rotation></pose><symmetry><x>twoFold</x><y>cylindrical</y><z>twoFold</z></symmetry><detectionScore>-1.0</detectionScore></element><element><id>32</id><category>partition</category><bounds><corner1>-1.2920849718215512, -0.07702149111142154, -1.3982016972278175</corner1><corner2>1.2920849718215512, 0.07702149111142154, 1.3982016972278175</corner2></bounds><pose><translation>-4.184465642509359, 2.1049998616431225, -0.2864753207743639</translation><rotation><c1>0, 0, 0</c1><c2>0, 0, 0</c2><c3>0, 0, 0</c3></rotation></pose><symmetry><x>twoFold</x><y>cylindrical</y><z>twoFold</z></symmetry><detectionScore>-1.0</detectionScore></element><element><id>33</id><category>shelving</category><bounds><corner1>-0.16729233727718817, -1.3027509333417426, -0.9441214532672393</corner1><corner2>0.16729233727718817, 1.3027509333417426, 0.9441214532672393</corner2></bounds><pose><translation>-7.891137615642958, -3.2045496493030106, -0.02303302618225001</translation><rotation><c1>0, 0, 0</c1><c2>0, 0, 0</c2><c3>0, 0, 0</c3></rotation></pose><symmetry><x>twoFold</x><y>cylindrical</y><z>twoFold</z></symmetry><detectionScore>-1.0</detectionScore></element><element><id>34</id><category>fireplace</category><bounds><corner1>-3.1123635064195523, -3.459830242098411, -1.3099124997205769</corner1><corner2>3.1123635064195523, 3.459830242098411, 1.3099124997205769</corner2></bounds><pose><translation>-6.719006297346583, -9.426552817470878, -0.11873364674059088</translation><rotation><c1>0, 0, 0</c1><c2>0, 0, 0</c2><c3>0, 0, 0</c3></rotation></pose><symmetry><x>twoFold</x><y>cylindrical</y><z>twoFold</z></symmetry><detectionScore>-1.0</detectionScore></element><element><id>35</id><category>armchair</category><bounds><corner1>-1.365495177578635, -0.36180065352919577, -0.6200127161783787</corner1><corner2>1.365495177578635, 0.36180065352919577, 0.6200127161783787</corner2></bounds><pose><translation>-4.192362663834184, 1.7844266301833214, -1.0043648294526637</translation><rotation><c1>0, 0, 0</c1><c2>0, 0, 0</c2><c3>0, 0, 0</c3></rotation></pose><symmetry><x>twoFold</x><y>cylindrical</y><z>twoFold</z></symmetry><detectionScore>-1.0</detectionScore></element></elements></scene>