<?xml version='1.0' encoding='utf-8'?>
<scene xmlns:sumo="https://www.sumochallenge.org"><version>2.0</version><categories><id>fb_categories_v1.0</id><url>https://sumochallenge.org/en/categories-1_0.json</url></categories><project_type>bounding_box</project_type><elements><element><id>18</id><category>kitchen_cabinet</category><bounds><corner1>-0.39512724, -0.33803148, -0.03515596</corner1><corner2>0.39512724, 0.33803148, 0.03515596</corner2></bounds><pose><translation> 0.75215666, -1.00429403, -1.98308936</translation><rotation><c1>1., 0., 0.</c1><c2>0., 1., 0.</c2><c3>0., 0., 1.</c3></rotation></pose><symmetry><x>none</x><y>none</y><z>none</z></symmetry><detectionScore>0.99158186</detectionScore></element><element><id>5</id><category>chandelier</category><bounds><corner1>-0.57107105, -0.02432857, -0.18855933</corner1><corner2>0.57107105, 0.02432857, 0.18855933</corner2></bounds><pose><translation> 1.60896427,  1.18369629, -0.04686246</translation><rotation><c1>1., 0., 0.</c1><c2>0., 1., 0.</c2><c3>0., 0., 1.</c3></rotation></pose><symmetry><x>none</x><y>cylindrical</y><z>none</z></symmetry><detectionScore>0.59167546</detectionScore></element><element><id>10</id><category>kitchen_cabinet</category><bounds><corner1>-0.42885361, -0.33160025, -0.03604412</corner1><corner2>0.42885361, 0.33160025, 0.03604412</corner2></bounds><pose><translation>-0.81125528, -0.99719463, -1.98409689</translation><rotation><c1>1., 0., 0.</c1><c2>0., 1., 0.</c2><c3>0., 0., 1.</c3></rotation></pose><symmetry><x>none</x><y>none</y><z>none</z></symmetry><detectionScore>0.8391234</detectionScore></element><element><id>3</id><category>kitchen_cabinet</category><bounds><corner1>-0.31396248, -0.35375111, -0.49181333</corner1><corner2>0.31396248, 0.35375111, 0.49181333</corner2></bounds><pose><translation> 0.22885929, -0.99263919,  1.97202732</translation><rotation><c1>1., 0., 0.</c1><c2>0., 1., 0.</c2><c3>0., 0., 1.</c3></rotation></pose><symmetry><x>none</x><y>none</y><z>none</z></symmetry><detectionScore>0.97479486</detectionScore></element><element><id>2</id><category>kitchen_cabinet</category><bounds><corner1>-0.48172846, -0.33967039, -0.03595935</corner1><corner2>0.48172846, 0.33967039, 0.03595935</corner2></bounds><pose><translation>-0.0754103 , -0.99869752, -1.98401644</translation><rotation><c1>1., 0., 0.</c1><c2>0., 1., 0.</c2><c3>0., 0., 1.</c3></rotation></pose><symmetry><x>none</x><y>none</y><z>none</z></symmetry><detectionScore>0.7951002</detectionScore></element><element><id>22</id><category>window</category><bounds><corner1>-0.08859896, -1.12460644, -0.61308026</corner1><corner2>0.08859896, 1.12460644, 0.61308026</corner2></bounds><pose><translation> 5.42576957, -0.23691347, -2.13389107</translation><rotation><c1>1., 0., 0.</c1><c2>0., 1., 0.</c2><c3>0., 0., 1.</c3></rotation></pose><symmetry><x>none</x><y>twoFold</y><z>none</z></symmetry><detectionScore>0.962943</detectionScore></element><element><id>19</id><category>chandelier</category><bounds><corner1>-2.90393368, -0.02301741, -0.2982349 </corner1><corner2>2.90393368, 0.02301741, 0.2982349 </corner2></bounds><pose><translation> 2.45998011,  1.18437751, -0.03651083</translation><rotation><c1>1., 0., 0.</c1><c2>0., 1., 0.</c2><c3>0., 0., 1.</c3></rotation></pose><symmetry><x>none</x><y>cylindrical</y><z>none</z></symmetry><detectionScore>0.87550527</detectionScore></element><element><id>23</id><category>kitchen_cabinet</category><bounds><corner1>-0.03187373, -0.33159986, -0.40735787</corner1><corner2>0.03187373, 0.33159986, 0.40735787</corner2></bounds><pose><translation>-1.8279342 , -0.98594348, -0.91914504</translation><rotation><c1>1., 0., 0.</c1><c2>0., 1., 0.</c2><c3>0., 0., 1.</c3></rotation></pose><symmetry><x>none</x><y>none</y><z>none</z></symmetry><detectionScore>0.9965456</detectionScore></element><element><id>13</id><category>hanging_kitchen_cabinet</category><bounds><corner1>-0.44342436, -0.31303265, -0.03596015</corner1><corner2>0.44342436, 0.31303265, 0.03596015</corner2></bounds><pose><translation>-0.82151854,  0.28697009,  2.11609971</translation><rotation><c1>1., 0., 0.</c1><c2>0., 1., 0.</c2><c3>0., 0., 1.</c3></rotation></pose><symmetry><x>none</x><y>none</y><z>twoFold</z></symmetry><detectionScore>0.977256</detectionScore></element><element><id>16</id><category>hanging_kitchen_cabinet</category><bounds><corner1>-0.03313802, -0.32220403, -0.46026813</corner1><corner2>0.03313802, 0.32220403, 0.46026813</corner2></bounds><pose><translation>-2.00503841,  0.26771739,  0.81645987</translation><rotation><c1>1., 0., 0.</c1><c2>0., 1., 0.</c2><c3>0., 0., 1.</c3></rotation></pose><symmetry><x>none</x><y>none</y><z>twoFold</z></symmetry><detectionScore>0.7900409</detectionScore></element><element><id>17</id><category>hanging_kitchen_cabinet</category><bounds><corner1>-0.03507324, -0.32509269, -0.42371767</corner1><corner2>0.03507324, 0.32509269, 0.42371767</corner2></bounds><pose><translation>-2.01502818,  0.28140176, -0.93447775</translation><rotation><c1>1., 0., 0.</c1><c2>0., 1., 0.</c2><c3>0., 0., 1.</c3></rotation></pose><symmetry><x>none</x><y>none</y><z>twoFold</z></symmetry><detectionScore>0.99130696</detectionScore></element><element><id>8</id><category>kitchen_cabinet</category><bounds><corner1>-0.03307364, -0.3299036 , -0.59656996</corner1><corner2>0.03307364, 0.3299036 , 0.59656996</corner2></bounds><pose><translation>-1.85804436, -0.98511926,  0.85008706</translation><rotation><c1>1., 0., 0.</c1><c2>0., 1., 0.</c2><c3>0., 0., 1.</c3></rotation></pose><symmetry><x>none</x><y>none</y><z>none</z></symmetry><detectionScore>0.99452645</detectionScore></element><element><id>14</id><category>kitchen_cabinet</category><bounds><corner1>-0.0319782 , -0.34045125, -0.38312809</corner1><corner2>0.0319782 , 0.34045125, 0.38312809</corner2></bounds><pose><translation>-1.83703795, -0.99623691, -0.16180347</translation><rotation><c1>1., 0., 0.</c1><c2>0., 1., 0.</c2><c3>0., 0., 1.</c3></rotation></pose><symmetry><x>none</x><y>none</y><z>none</z></symmetry><detectionScore>0.99800676</detectionScore></element><element><id>20</id><category>kitchen_cabinet</category><bounds><corner1>-0.37406736, -0.33315459, -0.31589603</corner1><corner2>0.37406736, 0.33315459, 0.31589603</corner2></bounds><pose><translation>-1.41506156, -0.9767665 ,  1.96796755</translation><rotation><c1>1., 0., 0.</c1><c2>0., 1., 0.</c2><c3>0., 0., 1.</c3></rotation></pose><symmetry><x>none</x><y>none</y><z>none</z></symmetry><detectionScore>0.56584364</detectionScore></element><element><id>15</id><category>hanging_kitchen_cabinet</category><bounds><corner1>-0.39549503, -0.33771054, -0.40604852</corner1><corner2>0.39549503, 0.33771054, 0.40604852</corner2></bounds><pose><translation>0.87132964, 0.27046859, 2.1270953 </translation><rotation><c1>1., 0., 0.</c1><c2>0., 1., 0.</c2><c3>0., 0., 1.</c3></rotation></pose><symmetry><x>none</x><y>none</y><z>twoFold</z></symmetry><detectionScore>0.99096525</detectionScore></element><element><id>11</id><category>hanging_kitchen_cabinet</category><bounds><corner1>-0.41724468, -0.32565612, -0.05798194</corner1><corner2>0.41724468, 0.32565612, 0.05798194</corner2></bounds><pose><translation>0.12203125, 0.30131749, 2.12695868</translation><rotation><c1>1., 0., 0.</c1><c2>0., 1., 0.</c2><c3>0., 0., 1.</c3></rotation></pose><symmetry><x>none</x><y>none</y><z>twoFold</z></symmetry><detectionScore>0.9764886</detectionScore></element><element><id>4</id><category>hanging_kitchen_cabinet</category><bounds><corner1>-0.1167529 , -0.29040933, -0.03700766</corner1><corner2>0.1167529 , 0.29040933, 0.03700766</corner2></bounds><pose><translation>-1.30268936,  0.25934663, -2.14201655</translation><rotation><c1>1., 0., 0.</c1><c2>0., 1., 0.</c2><c3>0., 0., 1.</c3></rotation></pose><symmetry><x>none</x><y>none</y><z>twoFold</z></symmetry><detectionScore>0.81149876</detectionScore></element><element><id>7</id><category>kitchen_cabinet</category><bounds><corner1>-0.39935319, -0.33648058, -0.35021934</corner1><corner2>0.39935319, 0.33648058, 0.35021934</corner2></bounds><pose><translation>-0.82663697, -0.99722157,  1.96989785</translation><rotation><c1>1., 0., 0.</c1><c2>0., 1., 0.</c2><c3>0., 0., 1.</c3></rotation></pose><symmetry><x>none</x><y>none</y><z>none</z></symmetry><detectionScore>0.9963581</detectionScore></element><element><id>1</id><category>kitchen_cabinet</category><bounds><corner1>-0.75253917, -1.135158  , -0.52702031</corner1><corner2>0.75253917, 1.135158  , 0.52702031</corner2></bounds><pose><translation> 2.94518649, -0.22168153,  1.97793543</translation><rotation><c1>1., 0., 0.</c1><c2>0., 1., 0.</c2><c3>0., 0., 1.</c3></rotation></pose><symmetry><x>none</x><y>none</y><z>none</z></symmetry><detectionScore>0.69085217</detectionScore></element><element><id>12</id><category>chandelier</category><bounds><corner1>-0.38783971, -0.02073412, -0.85688128</corner1><corner2>0.38783971, 0.02073412, 0.85688128</corner2></bounds><pose><translation>-0.84412269,  1.18809113, -3.01685151</translation><rotation><c1>1., 0., 0.</c1><c2>0., 1., 0.</c2><c3>0., 0., 1.</c3></rotation></pose><symmetry><x>none</x><y>cylindrical</y><z>none</z></symmetry><detectionScore>0.522527</detectionScore></element><element><id>21</id><category>kitchen_cabinet</category><bounds><corner1>-0.41919711, -0.33715781, -0.4329606 </corner1><corner2>0.41919711, 0.33715781, 0.4329606 </corner2></bounds><pose><translation> 0.92554619, -0.99920839,  1.98001637</translation><rotation><c1>1., 0., 0.</c1><c2>0., 1., 0.</c2><c3>0., 0., 1.</c3></rotation></pose><symmetry><x>none</x><y>none</y><z>none</z></symmetry><detectionScore>0.9988875</detectionScore></element><element><id>9</id><category>hanging_kitchen_cabinet</category><bounds><corner1>-0.03311583, -0.30635435, -0.38998234</corner1><corner2>0.03311583, 0.30635435, 0.38998234</corner2></bounds><pose><translation>-2.00501672,  0.30018156, -0.1194418 </translation><rotation><c1>1., 0., 0.</c1><c2>0., 1., 0.</c2><c3>0., 0., 1.</c3></rotation></pose><symmetry><x>none</x><y>none</y><z>twoFold</z></symmetry><detectionScore>0.985783</detectionScore></element><element><id>6</id><category>window</category><bounds><corner1>-0.57121117, -0.70000212, -0.05079239</corner1><corner2>0.57121117, 0.70000212, 0.05079239</corner2></bounds><pose><translation>1.86947476, 0.01766994, 2.57521286</translation><rotation><c1>1., 0., 0.</c1><c2>0., 1., 0.</c2><c3>0., 0., 1.</c3></rotation></pose><symmetry><x>none</x><y>twoFold</y><z>none</z></symmetry><detectionScore>0.94075215</detectionScore></element></elements></scene>