<?xml version='1.0' encoding='utf-8'?>
<scene xmlns:sumo="https://www.sumochallenge.org"><version>2.0</version><categories><id>fb_categories_v1.0</id><url>https://sumochallenge.org/en/categories-1_0.json</url></categories><project_type>bounding_box</project_type><elements><element><id>30</id><category>hanging_kitchen_cabinet</category><bounds><corner1> 0.05438253,  0.11914718, -2.06309323</corner1><corner2> 0.87670415,  1.29600453, -1.66595276</corner2></bounds><pose><translation>0., 0., 0.</translation><rotation><c1>1., 0., 0.</c1><c2>0., 1., 0.</c2><c3>0., 0., 1.</c3></rotation></pose><symmetry><x>none</x><y>none</y><z>none</z></symmetry><detectionScore>-1</detectionScore></element><element><id>25</id><category>picture_frame</category><bounds><corner1>-8.42446897, -0.83948983,  1.5087823 </corner1><corner2>-4.6980653 ,  1.26176104,  4.04978044</corner2></bounds><pose><translation>0., 0., 0.</translation><rotation><c1>1., 0., 0.</c1><c2>0., 1., 0.</c2><c3>0., 0., 1.</c3></rotation></pose><symmetry><x>none</x><y>none</y><z>none</z></symmetry><detectionScore>-1</detectionScore></element><element><id>18</id><category>dining_table</category><bounds><corner1>-3.67443986, -1.36552113,  1.04301958</corner1><corner2> 0.18311113, -0.40631774,  4.23690903</corner2></bounds><pose><translation>0., 0., 0.</translation><rotation><c1>1., 0., 0.</c1><c2>0., 1., 0.</c2><c3>0., 0., 1.</c3></rotation></pose><symmetry><x>none</x><y>none</y><z>none</z></symmetry><detectionScore>-1</detectionScore></element><element><id>21</id><category>chair</category><bounds><corner1>-0.70458435, -1.36591954,  1.40303995</corner1><corner2> 0.1086393 , -0.40429043,  3.07000379</corner2></bounds><pose><translation>0., 0., 0.</translation><rotation><c1>1., 0., 0.</c1><c2>0., 1., 0.</c2><c3>0., 0., 1.</c3></rotation></pose><symmetry><x>none</x><y>none</y><z>none</z></symmetry><detectionScore>-1</detectionScore></element><element><id>19</id><category>wall</category><bounds><corner1>-7.54380497, -1.343222  ,  1.32161308</corner1><corner2>-1.96989141,  1.27906136,  6.68405855</corner2></bounds><pose><translation>0., 0., 0.</translation><rotation><c1>1., 0., 0.</c1><c2>0., 1., 0.</c2><c3>0., 0., 1.</c3></rotation></pose><symmetry><x>none</x><y>none</y><z>none</z></symmetry><detectionScore>-1</detectionScore></element><element><id>17</id><category>door</category><bounds><corner1> 4.82449165, -1.26687722, -0.78443812</corner1><corner2>6.92904536, 1.28204229, 2.19880175</corner2></bounds><pose><translation>0., 0., 0.</translation><rotation><c1>1., 0., 0.</c1><c2>0., 1., 0.</c2><c3>0., 0., 1.</c3></rotation></pose><symmetry><x>none</x><y>none</y><z>none</z></symmetry><detectionScore>-1</detectionScore></element><element><id>31</id><category>chair</category><bounds><corner1>-6.38580029, -1.36490408,  1.27633468</corner1><corner2>-1.86500097, -0.34102596,  4.64178235</corner2></bounds><pose><translation>0., 0., 0.</translation><rotation><c1>1., 0., 0.</c1><c2>0., 1., 0.</c2><c3>0., 0., 1.</c3></rotation></pose><symmetry><x>none</x><y>none</y><z>none</z></symmetry><detectionScore>-1</detectionScore></element><element><id>6</id><category>kitchen_cabinet</category><bounds><corner1>-5.03260644, -1.13925865, -2.15903191</corner1><corner2>-1.91808865,  1.08366963, -1.44822415</corner2></bounds><pose><translation>0., 0., 0.</translation><rotation><c1>1., 0., 0.</c1><c2>0., 1., 0.</c2><c3>0., 0., 1.</c3></rotation></pose><symmetry><x>none</x><y>none</y><z>none</z></symmetry><detectionScore>-1</detectionScore></element><element><id>35</id><category>wall</category><bounds><corner1> 1.84506064, -1.201875  , -1.03861526</corner1><corner2>6.92516944, 1.27375696, 2.2585111 </corner2></bounds><pose><translation>0., 0., 0.</translation><rotation><c1>1., 0., 0.</c1><c2>0., 1., 0.</c2><c3>0., 0., 1.</c3></rotation></pose><symmetry><x>none</x><y>none</y><z>none</z></symmetry><detectionScore>-1</detectionScore></element><element><id>8</id><category>door</category><bounds><corner1>-7.57147479, -1.34981608,  1.28678533</corner1><corner2>-1.93302027,  0.83692701,  6.71230214</corner2></bounds><pose><translation>0., 0., 0.</translation><rotation><c1>1., 0., 0.</c1><c2>0., 1., 0.</c2><c3>0., 0., 1.</c3></rotation></pose><symmetry><x>none</x><y>none</y><z>none</z></symmetry><detectionScore>-1</detectionScore></element><element><id>34</id><category>picture_frame</category><bounds><corner1>-8.54792397, -0.91669875, -0.77520354</corner1><corner2>-7.41524165,  1.22899965,  2.00952072</corner2></bounds><pose><translation>0., 0., 0.</translation><rotation><c1>1., 0., 0.</c1><c2>0., 1., 0.</c2><c3>0., 0., 1.</c3></rotation></pose><symmetry><x>none</x><y>none</y><z>none</z></symmetry><detectionScore>-1</detectionScore></element><element><id>7</id><category>wall</category><bounds><corner1>-7.45940563, -1.35600838, -2.17214963</corner1><corner2>-2.40586024,  1.31237058, -0.9185244 </corner2></bounds><pose><translation>0., 0., 0.</translation><rotation><c1>1., 0., 0.</c1><c2>0., 1., 0.</c2><c3>0., 0., 1.</c3></rotation></pose><symmetry><x>none</x><y>none</y><z>none</z></symmetry><detectionScore>-1</detectionScore></element><element><id>16</id><category>kitchen_cabinet</category><bounds><corner1>-0.31484725, -0.78240539, -2.09796781</corner1><corner2> 0.87060787,  0.22146668, -1.44805098</corner2></bounds><pose><translation>0., 0., 0.</translation><rotation><c1>1., 0., 0.</c1><c2>0., 1., 0.</c2><c3>0., 0., 1.</c3></rotation></pose><symmetry><x>none</x><y>none</y><z>none</z></symmetry><detectionScore>-1</detectionScore></element><element><id>10</id><category>wall</category><bounds><corner1> 0.95495477, -1.36131266,  1.96393841</corner1><corner2>1.88979765, 1.31190775, 4.29645003</corner2></bounds><pose><translation>0., 0., 0.</translation><rotation><c1>1., 0., 0.</c1><c2>0., 1., 0.</c2><c3>0., 0., 1.</c3></rotation></pose><symmetry><x>none</x><y>none</y><z>none</z></symmetry><detectionScore>-1</detectionScore></element><element><id>33</id><category>chair</category><bounds><corner1>-6.30048502, -1.36653025,  1.03360783</corner1><corner2>-1.1200008 , -0.34896632,  4.97162802</corner2></bounds><pose><translation>0., 0., 0.</translation><rotation><c1>1., 0., 0.</c1><c2>0., 1., 0.</c2><c3>0., 0., 1.</c3></rotation></pose><symmetry><x>none</x><y>none</y><z>none</z></symmetry><detectionScore>-1</detectionScore></element><element><id>26</id><category>chair</category><bounds><corner1>-0.4659286 , -1.36201944,  1.3909636 </corner1><corner2> 0.42493693, -0.344384  ,  4.33337117</corner2></bounds><pose><translation>0., 0., 0.</translation><rotation><c1>1., 0., 0.</c1><c2>0., 1., 0.</c2><c3>0., 0., 1.</c3></rotation></pose><symmetry><x>none</x><y>none</y><z>none</z></symmetry><detectionScore>-1</detectionScore></element><element><id>22</id><category>wall</category><bounds><corner1> 1.85192317, -1.36060188,  1.34448417</corner1><corner2>6.37427902, 1.30804276, 2.60165947</corner2></bounds><pose><translation>0., 0., 0.</translation><rotation><c1>1., 0., 0.</c1><c2>0., 1., 0.</c2><c3>0., 0., 1.</c3></rotation></pose><symmetry><x>none</x><y>none</y><z>none</z></symmetry><detectionScore>-1</detectionScore></element><element><id>23</id><category>chair</category><bounds><corner1>-3.73888546, -1.36304713,  1.0270205 </corner1><corner2>-0.79248164, -0.34733767,  4.35101029</corner2></bounds><pose><translation>0., 0., 0.</translation><rotation><c1>1., 0., 0.</c1><c2>0., 1., 0.</c2><c3>0., 0., 1.</c3></rotation></pose><symmetry><x>none</x><y>none</y><z>none</z></symmetry><detectionScore>-1</detectionScore></element><element><id>11</id><category>picture_frame</category><bounds><corner1> 1.42727147, -1.35875025,  2.15885873</corner1><corner2> 1.85744049, -0.06210857,  3.41288232</corner2></bounds><pose><translation>0., 0., 0.</translation><rotation><c1>1., 0., 0.</c1><c2>0., 1., 0.</c2><c3>0., 0., 1.</c3></rotation></pose><symmetry><x>none</x><y>none</y><z>none</z></symmetry><detectionScore>-1</detectionScore></element><element><id>2</id><category>door</category><bounds><corner1> 1.84592074, -1.35275201,  1.35248975</corner1><corner2>4.15818445, 0.6882532 , 2.60339216</corner2></bounds><pose><translation>0., 0., 0.</translation><rotation><c1>1., 0., 0.</c1><c2>0., 1., 0.</c2><c3>0., 0., 1.</c3></rotation></pose><symmetry><x>none</x><y>none</y><z>none</z></symmetry><detectionScore>-1</detectionScore></element><element><id>14</id><category>chair</category><bounds><corner1>-6.35162007, -1.36617405,  1.30191958</corner1><corner2>-1.86133771, -0.37374061,  4.52930597</corner2></bounds><pose><translation>0., 0., 0.</translation><rotation><c1>1., 0., 0.</c1><c2>0., 1., 0.</c2><c3>0., 0., 1.</c3></rotation></pose><symmetry><x>none</x><y>none</y><z>none</z></symmetry><detectionScore>-1</detectionScore></element><element><id>9</id><category>door</category><bounds><corner1>-7.33278478, -1.35317106, -2.18145632</corner1><corner2>-2.74195158,  1.30338278, -0.96498457</corner2></bounds><pose><translation>0., 0., 0.</translation><rotation><c1>1., 0., 0.</c1><c2>0., 1., 0.</c2><c3>0., 0., 1.</c3></rotation></pose><symmetry><x>none</x><y>none</y><z>none</z></symmetry><detectionScore>-1</detectionScore></element><element><id>36</id><category>kitchen_cabinet</category><bounds><corner1>-1.66776968, -1.23534036, -2.09704734</corner1><corner2>-0.3531263 ,  0.46103954, -1.44804473</corner2></bounds><pose><translation>0., 0., 0.</translation><rotation><c1>1., 0., 0.</c1><c2>0., 1., 0.</c2><c3>0., 0., 1.</c3></rotation></pose><symmetry><x>none</x><y>none</y><z>none</z></symmetry><detectionScore>-1</detectionScore></element><element><id>20</id><category>wall</category><bounds><corner1>-2.94728544, -1.26983759,  1.67393152</corner1><corner2>1.88160565, 1.30082901, 4.36576815</corner2></bounds><pose><translation>0., 0., 0.</translation><rotation><c1>1., 0., 0.</c1><c2>0., 1., 0.</c2><c3>0., 0., 1.</c3></rotation></pose><symmetry><x>none</x><y>none</y><z>none</z></symmetry><detectionScore>-1</detectionScore></element><element><id>5</id><category>wall</category><bounds><corner1>-8.54450895, -1.11154006, -1.02389848</corner1><corner2>-4.39754195,  1.28533675,  1.95254146</corner2></bounds><pose><translation>0., 0., 0.</translation><rotation><c1>1., 0., 0.</c1><c2>0., 1., 0.</c2><c3>0., 0., 1.</c3></rotation></pose><symmetry><x>none</x><y>none</y><z>none</z></symmetry><detectionScore>-1</detectionScore></element><element><id>24</id><category>chair</category><bounds><corner1>-1.53312822, -1.36543046,  1.3729195 </corner1><corner2>-0.28310438, -0.51539549,  2.89488547</corner2></bounds><pose><translation>0., 0., 0.</translation><rotation><c1>1., 0., 0.</c1><c2>0., 1., 0.</c2><c3>0., 0., 1.</c3></rotation></pose><symmetry><x>none</x><y>none</y><z>none</z></symmetry><detectionScore>-1</detectionScore></element><element><id>12</id><category>range_hood</category><bounds><corner1>-1.42562296,  0.32869905, -2.12207124</corner1><corner2>-0.35334504,  1.13390852, -1.62434868</corner2></bounds><pose><translation>0., 0., 0.</translation><rotation><c1>1., 0., 0.</c1><c2>0., 1., 0.</c2><c3>0., 0., 1.</c3></rotation></pose><symmetry><x>none</x><y>none</y><z>none</z></symmetry><detectionScore>-1</detectionScore></element><element><id>29</id><category>window</category><bounds><corner1>-7.00001611, -1.19783662, -2.18628462</corner1><corner2>-2.82858161,  1.30854031, -1.16383941</corner2></bounds><pose><translation>0., 0., 0.</translation><rotation><c1>1., 0., 0.</c1><c2>0., 1., 0.</c2><c3>0., 0., 1.</c3></rotation></pose><symmetry><x>none</x><y>none</y><z>none</z></symmetry><detectionScore>-1</detectionScore></element><element><id>32</id><category>wall</category><bounds><corner1> 1.73793742, -1.34761552, -1.57820325</corner1><corner2> 1.91391872,  1.30028114, -0.28633941</corner2></bounds><pose><translation>0., 0., 0.</translation><rotation><c1>1., 0., 0.</c1><c2>0., 1., 0.</c2><c3>0., 0., 1.</c3></rotation></pose><symmetry><x>none</x><y>none</y><z>none</z></symmetry><detectionScore>-1</detectionScore></element><element><id>15</id><category>sofa</category><bounds><corner1>-8.42849794, -1.3661514 , -0.56810245</corner1><corner2>-4.21780189, -0.58513713,  2.18092874</corner2></bounds><pose><translation>0., 0., 0.</translation><rotation><c1>1., 0., 0.</c1><c2>0., 1., 0.</c2><c3>0., 0., 1.</c3></rotation></pose><symmetry><x>none</x><y>none</y><z>none</z></symmetry><detectionScore>-1</detectionScore></element><element><id>4</id><category>wall</category><bounds><corner1>-7.82674745, -0.82638769,  1.84654556</corner1><corner2>-3.99681871,  1.29538536,  4.2955105 </corner2></bounds><pose><translation>0., 0., 0.</translation><rotation><c1>1., 0., 0.</c1><c2>0., 1., 0.</c2><c3>0., 0., 1.</c3></rotation></pose><symmetry><x>none</x><y>none</y><z>none</z></symmetry><detectionScore>-1</detectionScore></element><element><id>37</id><category>fireplace</category><bounds><corner1> 1.12531008, -1.36018253,  1.88911998</corner1><corner2>1.91088206, 0.71074955, 4.28916437</corner2></bounds><pose><translation>0., 0., 0.</translation><rotation><c1>1., 0., 0.</c1><c2>0., 1., 0.</c2><c3>0., 0., 1.</c3></rotation></pose><symmetry><x>none</x><y>none</y><z>none</z></symmetry><detectionScore>-1</detectionScore></element><element><id>1</id><category>hanging_kitchen_cabinet</category><bounds><corner1>-0.51980231,  0.11377771, -2.08693021</corner1><corner2> 0.32324179,  1.24405815, -1.71899021</corner2></bounds><pose><translation>0., 0., 0.</translation><rotation><c1>1., 0., 0.</c1><c2>0., 1., 0.</c2><c3>0., 0., 1.</c3></rotation></pose><symmetry><x>none</x><y>none</y><z>none</z></symmetry><detectionScore>-1</detectionScore></element><element><id>28</id><category>sofa</category><bounds><corner1>-7.77744882, -1.35274887,  1.16186334</corner1><corner2>-1.92308619, -0.33066847,  4.31110886</corner2></bounds><pose><translation>0., 0., 0.</translation><rotation><c1>1., 0., 0.</c1><c2>0., 1., 0.</c2><c3>0., 0., 1.</c3></rotation></pose><symmetry><x>none</x><y>none</y><z>none</z></symmetry><detectionScore>-1</detectionScore></element><element><id>3</id><category>hanging_kitchen_cabinet</category><bounds><corner1>-1.41500015,  0.32347424, -2.12207509</corner1><corner2>-0.35315306,  1.12547115, -1.64795691</corner2></bounds><pose><translation>0., 0., 0.</translation><rotation><c1>1., 0., 0.</c1><c2>0., 1., 0.</c2><c3>0., 0., 1.</c3></rotation></pose><symmetry><x>none</x><y>none</y><z>none</z></symmetry><detectionScore>-1</detectionScore></element><element><id>27</id><category>sofa</category><bounds><corner1> 1.84392243, -1.34925757, -0.82054023</corner1><corner2> 6.80188912, -0.12883539, -0.24442932</corner2></bounds><pose><translation>0., 0., 0.</translation><rotation><c1>1., 0., 0.</c1><c2>0., 1., 0.</c2><c3>0., 0., 1.</c3></rotation></pose><symmetry><x>none</x><y>none</y><z>none</z></symmetry><detectionScore>-1</detectionScore></element><element><id>13</id><category>wall</category><bounds><corner1>-8.31933139, -1.20626807, -2.17286554</corner1><corner2>-3.88735906,  1.30368308, -0.51056693</corner2></bounds><pose><translation>0., 0., 0.</translation><rotation><c1>1., 0., 0.</c1><c2>0., 1., 0.</c2><c3>0., 0., 1.</c3></rotation></pose><symmetry><x>none</x><y>none</y><z>none</z></symmetry><detectionScore>-1</detectionScore></element></elements></scene>