<?xml version='1.0' encoding='utf-8'?>
<scene xmlns:sumo="https://www.sumochallenge.org"><version>2.0</version><categories><id>fb_categories_v1_0</id><url>https://sumochallenge.org/en/categories-1_0.json</url></categories><project_type>bounding_box</project_type><elements><element><id>0</id><category>column</category><bounds><corner1>-1.1271724955391162, -0.9570298703591016, -1.4579928095294854</corner1><corner2>1.1271724955391162, 0.9570298703591016, 1.4579928095294854</corner2></bounds><pose><translation>-5.776435861947866, 3.7970045908319907, -0.1874067290866137</translation><rotation><c1>0, 0, 0</c1><c2>0, 0, 0</c2><c3>0, 0, 0</c3></rotation></pose><symmetry><x>twoFold</x><y>cylindrical</y><z>twoFold</z></symmetry><detectionScore>-1.0</detectionScore></element><element><id>1</id><category>armchair</category><bounds><corner1>-1.0742879360317008, -7.356646188885833, -0.6901765873134127</corner1><corner2>1.0742879360317008, 7.356646188885833, 0.6901765873134127</corner2></bounds><pose><translation>-0.23572970031987334, 4.415689794598986, -1.2678742990452068</translation><rotation><c1>0, 0, 0</c1><c2>0, 0, 0</c2><c3>0, 0, 0</c3></rotation></pose><symmetry><x>twoFold</x><y>cylindrical</y><z>twoFold</z></symmetry><detectionScore>-1.0</detectionScore></element><element><id>2</id><category>television</category><bounds><corner1>-1.2378047648540007, -0.14060481263869962, -0.5455091297247389</corner1><corner2>1.2378047648540007, 0.14060481263869962, 0.5455091297247389</corner2></bounds><pose><translation>0.25117520673997923, -2.4787813647135137, 0.9065709357272688</translation><rotation><c1>0, 0, 0</c1><c2>0, 0, 0</c2><c3>0, 0, 0</c3></rotation></pose><symmetry><x>twoFold</x><y>cylindrical</y><z>twoFold</z></symmetry><detectionScore>-1.0</detectionScore></element><element><id>3</id><category>door</category><bounds><corner1>-0.1294760876511123, -1.4843752618210209, -1.6086136185504514</corner1><corner2>0.1294760876511123, 1.4843752618210209, 1.6086136185504514</corner2></bounds><pose><translation>1.853728854952633, 3.984398000206748, -0.36126114842504364</translation><rotation><c1>0, 0, 0</c1><c2>0, 0, 0</c2><c3>0, 0, 0</c3></rotation></pose><symmetry><x>twoFold</x><y>cylindrical</y><z>twoFold</z></symmetry><detectionScore>-1.0</detectionScore></element><element><id>4</id><category>sofa</category><bounds><corner1>-0.7204572395223516, -1.3160109989372613, -0.6995089409797516</corner1><corner2>0.7204572395223516, 1.3160109989372613, 0.6995089409797516</corner2></bounds><pose><translation>-2.4120604464260538, -1.4474079892393057, -1.166552816745908</translation><rotation><c1>0, 0, 0</c1><c2>0, 0, 0</c2><c3>0, 0, 0</c3></rotation></pose><symmetry><x>twoFold</x><y>cylindrical</y><z>twoFold</z></symmetry><detectionScore>-1.0</detectionScore></element><element><id>5</id><category>window</category><bounds><corner1>-0.11164121286261164, -1.4445368363025772, -1.4092069272383583</corner1><corner2>0.11164121286261164, 1.4445368363025772, 1.4092069272383583</corner2></bounds><pose><translation>2.165346169549289, 0.4855678164594933, -0.14045144383733743</translation><rotation><c1>0, 0, 0</c1><c2>0, 0, 0</c2><c3>0, 0, 0</c3></rotation></pose><symmetry><x>twoFold</x><y>cylindrical</y><z>twoFold</z></symmetry><detectionScore>-1.0</detectionScore></element><element><id>6</id><category>curtain</category><bounds><corner1>-1.419139884894311, -2.3598510955649648, -1.3034334861803942</corner1><corner2>1.419139884894311, 2.3598510955649648, 1.3034334861803942</corner2></bounds><pose><translation>-5.681478905063941, 11.361844119233636, -0.06668608092242669</translation><rotation><c1>0, 0, 0</c1><c2>0, 0, 0</c2><c3>0, 0, 0</c3></rotation></pose><symmetry><x>twoFold</x><y>cylindrical</y><z>twoFold</z></symmetry><detectionScore>-1.0</detectionScore></element><element><id>7</id><category>wall</category><bounds><corner1>-3.4926221368391923, -0.6109704484595788, -1.3664302985550114</corner1><corner2>3.4926221368391923, 0.6109704484595788, 1.3664302985550114</corner2></bounds><pose><translation>-1.7195807622600994, 13.523551286341739, -0.12055994001410149</translation><rotation><c1>0, 0, 0</c1><c2>0, 0, 0</c2><c3>0, 0, 0</c3></rotation></pose><symmetry><x>twoFold</x><y>cylindrical</y><z>twoFold</z></symmetry><detectionScore>-1.0</detectionScore></element><element><id>8</id><category>wall</category><bounds><corner1>-0.7808524372034213, -6.608940114060804, -1.598087072603573</corner1><corner2>0.7808524372034213, 6.608940114060804, 1.598087072603573</corner2></bounds><pose><translation>1.173751731163426, 5.11318761706076, -0.28704236815884776</translation><rotation><c1>0, 0, 0</c1><c2>0, 0, 0</c2><c3>0, 0, 0</c3></rotation></pose><symmetry><x>twoFold</x><y>cylindrical</y><z>twoFold</z></symmetry><detectionScore>-1.0</detectionScore></element><element><id>9</id><category>window</category><bounds><corner1>-3.508216370187959, -1.6151778731217525, -1.1950334282235875</corner1><corner2>3.508216370187959, 1.6151778731217525, 1.1950334282235875</corner2></bounds><pose><translation>-5.932762065963194, 0.5951464919957064, -0.029742588486226212</translation><rotation><c1>0, 0, 0</c1><c2>0, 0, 0</c2><c3>0, 0, 0</c3></rotation></pose><symmetry><x>twoFold</x><y>cylindrical</y><z>twoFold</z></symmetry><detectionScore>-1.0</detectionScore></element><element><id>10</id><category>picture_frame</category><bounds><corner1>-0.06490550529456995, -0.6035793226289368, -0.6586698425135564</corner1><corner2>0.06490550529456995, 0.6035793226289368, 0.6586698425135564</corner2></bounds><pose><translation>1.9467152621612607, 3.032918621222043, 0.7166277160467107</translation><rotation><c1>0, 0, 0</c1><c2>0, 0, 0</c2><c3>0, 0, 0</c3></rotation></pose><symmetry><x>twoFold</x><y>cylindrical</y><z>twoFold</z></symmetry><detectionScore>-1.0</detectionScore></element><element><id>11</id><category>chair</category><bounds><corner1>-0.6720701055633103, -2.4860337963562094, -0.49437082674451127</corner1><corner2>0.6720701055633103, 2.4860337963562094, 0.49437082674451127</corner2></bounds><pose><translation>-1.117851160999583, 1.78814838922687, -1.3425019643185232</translation><rotation><c1>0, 0, 0</c1><c2>0, 0, 0</c2><c3>0, 0, 0</c3></rotation></pose><symmetry><x>twoFold</x><y>cylindrical</y><z>twoFold</z></symmetry><detectionScore>-1.0</detectionScore></element><element><id>12</id><category>person</category><bounds><corner1>-0.7297649523452003, -3.308675537738404, -0.6515986632422576</corner1><corner2>0.7297649523452003, 3.308675537738404, 0.6515986632422576</corner2></bounds><pose><translation>1.2965663144835182, 1.8395179557683248, -0.8314854209795683</translation><rotation><c1>0, 0, 0</c1><c2>0, 0, 0</c2><c3>0, 0, 0</c3></rotation></pose><symmetry><x>twoFold</x><y>cylindrical</y><z>twoFold</z></symmetry><detectionScore>-1.0</detectionScore></element><element><id>13</id><category>wall</category><bounds><corner1>-1.4612233818282698, -2.3818986581434967, -1.3065747442700433</corner1><corner2>1.4612233818282698, 2.3818986581434967, 1.3065747442700433</corner2></bounds><pose><translation>-5.67137992563711, 11.372429448866436, -0.06594892257318904</translation><rotation><c1>0, 0, 0</c1><c2>0, 0, 0</c2><c3>0, 0, 0</c3></rotation></pose><symmetry><x>twoFold</x><y>cylindrical</y><z>twoFold</z></symmetry><detectionScore>-1.0</detectionScore></element><element><id>14</id><category>curtain</category><bounds><corner1>-0.8156886942342059, -1.6669995190590452, -1.3503815774463546</corner1><corner2>0.8156886942342059, 1.6669995190590452, 1.3503815774463546</corner2></bounds><pose><translation>-5.720306792091985, 10.019224973424153, -0.10044613469523879</translation><rotation><c1>0, 0, 0</c1><c2>0, 0, 0</c2><c3>0, 0, 0</c3></rotation></pose><symmetry><x>twoFold</x><y>cylindrical</y><z>twoFold</z></symmetry><detectionScore>-1.0</detectionScore></element><element><id>15</id><category>wall</category><bounds><corner1>-1.5283471964250337, -2.4761671557673477, -1.3866527907173058</corner1><corner2>1.5283471964250337, 2.4761671557673477, 1.3866527907173058</corner2></bounds><pose><translation>-5.688701234291814, 9.992349313368415, -0.12437091741444023</translation><rotation><c1>0, 0, 0</c1><c2>0, 0, 0</c2><c3>0, 0, 0</c3></rotation></pose><symmetry><x>twoFold</x><y>cylindrical</y><z>twoFold</z></symmetry><detectionScore>-1.0</detectionScore></element><element><id>16</id><category>wall</category><bounds><corner1>-1.4378368880426153, -0.6526196480675779, -1.4525783794962537</corner1><corner2>1.4378368880426153, 0.6526196480675779, 1.4525783794962537</corner2></bounds><pose><translation>-5.6536125805788995, 11.185097578808566, -0.19183829475014869</translation><rotation><c1>0, 0, 0</c1><c2>0, 0, 0</c2><c3>0, 0, 0</c3></rotation></pose><symmetry><x>twoFold</x><y>cylindrical</y><z>twoFold</z></symmetry><detectionScore>-1.0</detectionScore></element><element><id>17</id><category>curtain</category><bounds><corner1>-3.8886049071733813, -1.8493629174488595, -1.3376654131639774</corner1><corner2>3.8886049071733813, 1.8493629174488595, 1.3376654131639774</corner2></bounds><pose><translation>-5.9165569423261, 0.457509862016973, -0.08671779821217612</translation><rotation><c1>0, 0, 0</c1><c2>0, 0, 0</c2><c3>0, 0, 0</c3></rotation></pose><symmetry><x>twoFold</x><y>cylindrical</y><z>twoFold</z></symmetry><detectionScore>-1.0</detectionScore></element><element><id>18</id><category>chandelier</category><bounds><corner1>-1.1833022237992727, -2.7046559981813614, -0.08786788802322576</corner1><corner2>1.1833022237992727, 2.7046559981813614, 0.08786788802322576</corner2></bounds><pose><translation>0.6818492622376369, 2.247210776561724, 1.4118482900722924</translation><rotation><c1>0, 0, 0</c1><c2>0, 0, 0</c2><c3>0, 0, 0</c3></rotation></pose><symmetry><x>twoFold</x><y>cylindrical</y><z>twoFold</z></symmetry><detectionScore>-1.0</detectionScore></element><element><id>19</id><category>plant</category><bounds><corner1>-1.1581558998348704, -1.3852637927699716, -0.585555395506849</corner1><corner2>1.1581558998348704, 1.3852637927699716, 0.585555395506849</corner2></bounds><pose><translation>-5.76098535833087, 4.439212605393683, -1.1226588842932803</translation><rotation><c1>0, 0, 0</c1><c2>0, 0, 0</c2><c3>0, 0, 0</c3></rotation></pose><symmetry><x>twoFold</x><y>cylindrical</y><z>twoFold</z></symmetry><detectionScore>-1.0</detectionScore></element><element><id>20</id><category>window</category><bounds><corner1>-1.104636118470327, -0.655675085958574, -1.445549936816945</corner1><corner2>1.104636118470327, 0.655675085958574, 1.445549936816945</corner2></bounds><pose><translation>-5.675226713833859, 11.18204214091757, -0.187799074191753</translation><rotation><c1>0, 0, 0</c1><c2>0, 0, 0</c2><c3>0, 0, 0</c3></rotation></pose><symmetry><x>twoFold</x><y>cylindrical</y><z>twoFold</z></symmetry><detectionScore>-1.0</detectionScore></element><element><id>21</id><category>wall</category><bounds><corner1>-1.2511419616668538, -1.6223751293796282, -1.426843393873408</corner1><corner2>1.2511419616668538, 1.6223751293796282, 1.426843393873408</corner2></bounds><pose><translation>-3.2412564237084647, -2.1793120842842795, -0.1280227326044231</translation><rotation><c1>0, 0, 0</c1><c2>0, 0, 0</c2><c3>0, 0, 0</c3></rotation></pose><symmetry><x>twoFold</x><y>cylindrical</y><z>twoFold</z></symmetry><detectionScore>-1.0</detectionScore></element><element><id>22</id><category>wall</category><bounds><corner1>-3.849689200604868, -3.1170616840978567, -1.3462393935694847</corner1><corner2>3.849689200604868, 3.1170616840978567, 1.3462393935694847</corner2></bounds><pose><translation>-5.880984242625896, 0.5800736964727746, -0.11094531009827255</translation><rotation><c1>0, 0, 0</c1><c2>0, 0, 0</c2><c3>0, 0, 0</c3></rotation></pose><symmetry><x>twoFold</x><y>cylindrical</y><z>twoFold</z></symmetry><detectionScore>-1.0</detectionScore></element><element><id>23</id><category>curtain</category><bounds><corner1>-0.16763486853892284, -1.5138993904590166, -1.6309307929003225</corner1><corner2>0.16763486853892284, 1.5138993904590166, 1.6309307929003225</corner2></bounds><pose><translation>1.805808626909686, 3.9493055190899096, -0.3134339099978186</translation><rotation><c1>0, 0, 0</c1><c2>0, 0, 0</c2><c3>0, 0, 0</c3></rotation></pose><symmetry><x>twoFold</x><y>cylindrical</y><z>twoFold</z></symmetry><detectionScore>-1.0</detectionScore></element><element><id>24</id><category>floor_lamp</category><bounds><corner1>-1.0474036855354112, -1.6877780485699532, -1.2545570752265882</corner1><corner2>1.0474036855354112, 1.6877780485699532, 1.2545570752265882</corner2></bounds><pose><translation>-4.911125323941448, 12.142446008346155, -0.6878531795362923</translation><rotation><c1>0, 0, 0</c1><c2>0, 0, 0</c2><c3>0, 0, 0</c3></rotation></pose><symmetry><x>twoFold</x><y>cylindrical</y><z>twoFold</z></symmetry><detectionScore>-1.0</detectionScore></element><element><id>25</id><category>window</category><bounds><corner1>-0.17623089421857907, -1.431797555224188, -1.5541022654202954</corner1><corner2>0.17623089421857907, 1.431797555224188, 1.5541022654202954</corner2></bounds><pose><translation>1.7961057360173733, 4.046168872154588, -0.2871619617145772</translation><rotation><c1>0, 0, 0</c1><c2>0, 0, 0</c2><c3>0, 0, 0</c3></rotation></pose><symmetry><x>twoFold</x><y>cylindrical</y><z>twoFold</z></symmetry><detectionScore>-1.0</detectionScore></element><element><id>26</id><category>person</category><bounds><corner1>-1.8002611573273282, -9.360290291993415, -0.7282454364380145</corner1><corner2>1.8002611573273282, 9.360290291993415, 0.7282454364380145</corner2></bounds><pose><translation>-0.2308891910065403, 4.542762770245232, -1.05513942016612</translation><rotation><c1>0, 0, 0</c1><c2>0, 0, 0</c2><c3>0, 0, 0</c3></rotation></pose><symmetry><x>twoFold</x><y>cylindrical</y><z>twoFold</z></symmetry><detectionScore>-1.0</detectionScore></element><element><id>27</id><category>stairs</category><bounds><corner1>-1.9189562622058964, -0.9560722015656534, -1.0659760330204522</corner1><corner2>1.9189562622058964, 0.9560722015656534, 1.0659760330204522</corner2></bounds><pose><translation>-3.8543066162793727, -0.9820245634052568, 0.3417756108283251</translation><rotation><c1>0, 0, 0</c1><c2>0, 0, 0</c2><c3>0, 0, 0</c3></rotation></pose><symmetry><x>twoFold</x><y>cylindrical</y><z>twoFold</z></symmetry><detectionScore>-1.0</detectionScore></element><element><id>28</id><category>window</category><bounds><corner1>-0.16727748119043273, -1.2317864353601298, -1.1584719319678312</corner1><corner2>0.16727748119043273, 1.2317864353601298, 1.1584719319678312</corner2></bounds><pose><translation>-5.749035537652535, 10.16313964472201, -0.10148207102913331</translation><rotation><c1>0, 0, 0</c1><c2>0, 0, 0</c2><c3>0, 0, 0</c3></rotation></pose><symmetry><x>twoFold</x><y>cylindrical</y><z>twoFold</z></symmetry><detectionScore>-1.0</detectionScore></element><element><id>29</id><category>sofa</category><bounds><corner1>-1.7887943533558373, -9.15094365932283, -0.7342480942664856</corner1><corner2>1.7887943533558373, 9.15094365932283, 0.7342480942664856</corner2></bounds><pose><translation>-0.0803542871327799, 4.5043096205970325, -1.2924017449700798</translation><rotation><c1>0, 0, 0</c1><c2>0, 0, 0</c2><c3>0, 0, 0</c3></rotation></pose><symmetry><x>twoFold</x><y>cylindrical</y><z>twoFold</z></symmetry><detectionScore>-1.0</detectionScore></element><element><id>30</id><category>curtain</category><bounds><corner1>-0.818278560776182, -4.46999562730673, -1.6511976903530412</corner1><corner2>0.818278560776182, 4.46999562730673, 1.6511976903530412</corner2></bounds><pose><translation>1.1380428655369452, 5.07920180318963, -0.3404327084720805</translation><rotation><c1>0, 0, 0</c1><c2>0, 0, 0</c2><c3>0, 0, 0</c3></rotation></pose><symmetry><x>twoFold</x><y>cylindrical</y><z>twoFold</z></symmetry><detectionScore>-1.0</detectionScore></element><element><id>31</id><category>armchair</category><bounds><corner1>-0.8723637851405408, -0.988673030529353, -0.8193772979233868</corner1><corner2>0.8723637851405408, 0.988673030529353, 0.8193772979233868</corner2></bounds><pose><translation>-2.334273508097468, -0.8422624261964451, -1.2878345091043248</translation><rotation><c1>0, 0, 0</c1><c2>0, 0, 0</c2><c3>0, 0, 0</c3></rotation></pose><symmetry><x>twoFold</x><y>cylindrical</y><z>twoFold</z></symmetry><detectionScore>-1.0</detectionScore></element></elements></scene>