<?xml version='1.0' encoding='utf-8'?>
<scene xmlns:sumo="https://www.sumochallenge.org"><version>2.0</version><categories><id>fb_categories_v1.0</id><url>https://sumochallenge.org/en/categories-1_0.json</url></categories><project_type>bounding_box</project_type><elements><element><id>18</id><category>person</category><bounds><corner1>-0.088946  , -0.8469354 , -7.22365925</corner1><corner2>0.088946  , 0.8469354 , 7.22365925</corner2></bounds><pose><translation>-1.56100981, -0.23459296,  1.00350109</translation><rotation><c1>1., 0., 0.</c1><c2>0., 1., 0.</c2><c3>0., 0., 1.</c3></rotation></pose><symmetry><x>none</x><y>none</y><z>none</z></symmetry><detectionScore>-1</detectionScore></element><element><id>15</id><category>wall</category><bounds><corner1>-0.66023602, -1.24950372, -2.77398123</corner1><corner2>0.66023602, 1.24950372, 2.77398123</corner2></bounds><pose><translation> 4.64940242, -0.08087534,  1.14914221</translation><rotation><c1>1., 0., 0.</c1><c2>0., 1., 0.</c2><c3>0., 0., 1.</c3></rotation></pose><symmetry><x>none</x><y>none</y><z>none</z></symmetry><detectionScore>-1</detectionScore></element><element><id>7</id><category>kitchen_cabinet</category><bounds><corner1>-0.53665512, -0.31259261, -0.58970616</corner1><corner2>0.53665512, 0.31259261, 0.58970616</corner2></bounds><pose><translation> 2.15314583, -0.99075068,  1.56119955</translation><rotation><c1>1., 0., 0.</c1><c2>0., 1., 0.</c2><c3>0., 0., 1.</c3></rotation></pose><symmetry><x>none</x><y>none</y><z>none</z></symmetry><detectionScore>-1</detectionScore></element><element><id>9</id><category>kitchen_cabinet</category><bounds><corner1>-0.3588681 , -0.47218414, -0.39557137</corner1><corner2>0.3588681 , 0.47218414, 0.39557137</corner2></bounds><pose><translation> 2.15607797, -1.00667761,  0.92513278</translation><rotation><c1>1., 0., 0.</c1><c2>0., 1., 0.</c2><c3>0., 0., 1.</c3></rotation></pose><symmetry><x>none</x><y>none</y><z>none</z></symmetry><detectionScore>-1</detectionScore></element><element><id>5</id><category>person</category><bounds><corner1>-0.28058094, -0.94989491, -0.12300282</corner1><corner2>0.28058094, 0.94989491, 0.12300282</corner2></bounds><pose><translation>-1.39912277, -0.65049756, -2.20707789</translation><rotation><c1>1., 0., 0.</c1><c2>0., 1., 0.</c2><c3>0., 0., 1.</c3></rotation></pose><symmetry><x>none</x><y>none</y><z>none</z></symmetry><detectionScore>-1</detectionScore></element><element><id>16</id><category>trash_can</category><bounds><corner1>-0.46133734, -0.49659014, -0.3386018 </corner1><corner2>0.46133734, 0.49659014, 0.3386018 </corner2></bounds><pose><translation>-3.4365346 , -0.95006996, -2.68259191</translation><rotation><c1>1., 0., 0.</c1><c2>0., 1., 0.</c2><c3>0., 0., 1.</c3></rotation></pose><symmetry><x>none</x><y>none</y><z>none</z></symmetry><detectionScore>-1</detectionScore></element><element><id>4</id><category>person</category><bounds><corner1>-2.83239412, -0.81227011, -2.1489007 </corner1><corner2>2.83239412, 0.81227011, 2.1489007 </corner2></bounds><pose><translation> 2.42291693, -0.44384418,  2.2125672 </translation><rotation><c1>1., 0., 0.</c1><c2>0., 1., 0.</c2><c3>0., 0., 1.</c3></rotation></pose><symmetry><x>none</x><y>none</y><z>none</z></symmetry><detectionScore>-1</detectionScore></element><element><id>11</id><category>wall</category><bounds><corner1>-7.34743207, -1.05791261, -3.73288023</corner1><corner2>7.34743207, 1.05791261, 3.73288023</corner2></bounds><pose><translation>-8.93746752, -0.09859526,  0.45717253</translation><rotation><c1>1., 0., 0.</c1><c2>0., 1., 0.</c2><c3>0., 0., 1.</c3></rotation></pose><symmetry><x>none</x><y>none</y><z>none</z></symmetry><detectionScore>-1</detectionScore></element><element><id>10</id><category>wall</category><bounds><corner1>-1.81820221, -1.32287647, -0.72800019</corner1><corner2>1.81820221, 1.32287647, 0.72800019</corner2></bounds><pose><translation>-0.17627643, -0.1598251 , -2.73203795</translation><rotation><c1>1., 0., 0.</c1><c2>0., 1., 0.</c2><c3>0., 0., 1.</c3></rotation></pose><symmetry><x>none</x><y>none</y><z>none</z></symmetry><detectionScore>-1</detectionScore></element><element><id>17</id><category>wall</category><bounds><corner1>-0.04302889, -1.38429807, -3.54308048</corner1><corner2>0.04302889, 1.38429807, 3.54308048</corner2></bounds><pose><translation> 2.14296729, -0.19364925,  5.46450535</translation><rotation><c1>1., 0., 0.</c1><c2>0., 1., 0.</c2><c3>0., 0., 1.</c3></rotation></pose><symmetry><x>none</x><y>none</y><z>none</z></symmetry><detectionScore>-1</detectionScore></element><element><id>6</id><category>trash_can</category><bounds><corner1>-0.41105206, -0.41730243, -0.40179309</corner1><corner2>0.41105206, 0.41730243, 0.40179309</corner2></bounds><pose><translation>-3.81008674, -0.90886349, -2.6614471 </translation><rotation><c1>1., 0., 0.</c1><c2>0., 1., 0.</c2><c3>0., 0., 1.</c3></rotation></pose><symmetry><x>none</x><y>none</y><z>none</z></symmetry><detectionScore>-1</detectionScore></element><element><id>19</id><category>person</category><bounds><corner1>-3.44722845, -1.68667026, -0.87470205</corner1><corner2>3.44722845, 1.68667026, 0.87470205</corner2></bounds><pose><translation> 1.79897975, -0.69141446,  0.31939641</translation><rotation><c1>1., 0., 0.</c1><c2>0., 1., 0.</c2><c3>0., 0., 1.</c3></rotation></pose><symmetry><x>none</x><y>none</y><z>none</z></symmetry><detectionScore>-1</detectionScore></element><element><id>13</id><category>person</category><bounds><corner1>-0.38739275, -1.03220008, -0.53295791</corner1><corner2>0.38739275, 1.03220008, 0.53295791</corner2></bounds><pose><translation>-3.82174361, -0.73748515, -2.63215033</translation><rotation><c1>1., 0., 0.</c1><c2>0., 1., 0.</c2><c3>0., 0., 1.</c3></rotation></pose><symmetry><x>none</x><y>none</y><z>none</z></symmetry><detectionScore>-1</detectionScore></element><element><id>3</id><category>person</category><bounds><corner1>-1.19275586, -1.06600217, -1.34947879</corner1><corner2>1.19275586, 1.06600217, 1.34947879</corner2></bounds><pose><translation> 1.8910833 , -0.72722855,  3.05524337</translation><rotation><c1>1., 0., 0.</c1><c2>0., 1., 0.</c2><c3>0., 0., 1.</c3></rotation></pose><symmetry><x>none</x><y>none</y><z>none</z></symmetry><detectionScore>-1</detectionScore></element><element><id>2</id><category>person</category><bounds><corner1>-0.21211569, -1.94273662, -5.12062689</corner1><corner2>0.21211569, 1.94273662, 5.12062689</corner2></bounds><pose><translation>-1.68805883, -0.75345   ,  0.87213162</translation><rotation><c1>1., 0., 0.</c1><c2>0., 1., 0.</c2><c3>0., 0., 1.</c3></rotation></pose><symmetry><x>none</x><y>none</y><z>none</z></symmetry><detectionScore>-1</detectionScore></element><element><id>12</id><category>person</category><bounds><corner1>-6.49413302, -0.77508604, -4.84570088</corner1><corner2>6.49413302, 0.77508604, 4.84570088</corner2></bounds><pose><translation>-8.03717645, -0.47606026,  6.02222777</translation><rotation><c1>1., 0., 0.</c1><c2>0., 1., 0.</c2><c3>0., 0., 1.</c3></rotation></pose><symmetry><x>none</x><y>none</y><z>none</z></symmetry><detectionScore>-1</detectionScore></element><element><id>8</id><category>wall</category><bounds><corner1>-2.14019604, -1.31526847, -0.26742759</corner1><corner2>2.14019604, 1.31526847, 0.26742759</corner2></bounds><pose><translation>-0.14756089, -0.1413226 , 10.96459485</translation><rotation><c1>1., 0., 0.</c1><c2>0., 1., 0.</c2><c3>0., 0., 1.</c3></rotation></pose><symmetry><x>none</x><y>none</y><z>none</z></symmetry><detectionScore>-1</detectionScore></element><element><id>1</id><category>trash_can</category><bounds><corner1>-0.03505975, -0.459607  , -0.46965882</corner1><corner2>0.03505975, 0.459607  , 0.46965882</corner2></bounds><pose><translation>-2.13009342, -0.92563452, -0.09281758</translation><rotation><c1>1., 0., 0.</c1><c2>0., 1., 0.</c2><c3>0., 0., 1.</c3></rotation></pose><symmetry><x>none</x><y>none</y><z>none</z></symmetry><detectionScore>-1</detectionScore></element><element><id>14</id><category>person</category><bounds><corner1>-0.37744124, -0.90783497, -0.08910167</corner1><corner2>0.37744124, 0.90783497, 0.08910167</corner2></bounds><pose><translation> 0.20618439, -0.63285751, -2.03310562</translation><rotation><c1>1., 0., 0.</c1><c2>0., 1., 0.</c2><c3>0., 0., 1.</c3></rotation></pose><symmetry><x>none</x><y>none</y><z>none</z></symmetry><detectionScore>-1</detectionScore></element></elements></scene>