<?xml version='1.0' encoding='utf-8'?>
<scene xmlns:sumo="https://www.sumochallenge.org"><version>2.0</version><categories><id>fb_categories_v1.0</id><url>https://sumochallenge.org/en/categories-1_0.json</url></categories><project_type>bounding_box</project_type><elements><element><id>12</id><category>kitchen_cabinet</category><bounds><corner1>-0.77705513, -0.41024696, -0.65273143</corner1><corner2>0.77705513, 0.41024696, 0.65273143</corner2></bounds><pose><translation>-2.04002367, -0.96291203,  3.79680727</translation><rotation><c1>1., 0., 0.</c1><c2>0., 1., 0.</c2><c3>0., 0., 1.</c3></rotation></pose><symmetry><x>none</x><y>none</y><z>none</z></symmetry><detectionScore>-1</detectionScore></element><element><id>11</id><category>door</category><bounds><corner1>-5.86891213, -1.07389348, -3.52036054</corner1><corner2>5.86891213, 1.07389348, 3.52036054</corner2></bounds><pose><translation>4.21228271, 0.09498877, 1.90666236</translation><rotation><c1>1., 0., 0.</c1><c2>0., 1., 0.</c2><c3>0., 0., 1.</c3></rotation></pose><symmetry><x>none</x><y>none</y><z>none</z></symmetry><detectionScore>-1</detectionScore></element><element><id>7</id><category>range_oven</category><bounds><corner1>-0.21594896, -0.39038423, -0.77501939</corner1><corner2>0.21594896, 0.39038423, 0.77501939</corner2></bounds><pose><translation>-2.05315596, -0.99061111,  2.8209096 </translation><rotation><c1>1., 0., 0.</c1><c2>0., 1., 0.</c2><c3>0., 0., 1.</c3></rotation></pose><symmetry><x>none</x><y>none</y><z>none</z></symmetry><detectionScore>-1</detectionScore></element><element><id>2</id><category>wall</category><bounds><corner1>-0.70475888, -1.27741012, -0.61897404</corner1><corner2>0.70475888, 1.27741012, 0.61897404</corner2></bounds><pose><translation> 3.53276868, -0.08993891, -2.21011624</translation><rotation><c1>1., 0., 0.</c1><c2>0., 1., 0.</c2><c3>0., 0., 1.</c3></rotation></pose><symmetry><x>none</x><y>none</y><z>none</z></symmetry><detectionScore>-1</detectionScore></element><element><id>5</id><category>wall</category><bounds><corner1>-0.63298299, -1.27512982, -1.2895275 </corner1><corner2>0.63298299, 1.27512982, 1.2895275 </corner2></bounds><pose><translation>-1.51099573, -0.09354029, -0.08644511</translation><rotation><c1>1., 0., 0.</c1><c2>0., 1., 0.</c2><c3>0., 0., 1.</c3></rotation></pose><symmetry><x>none</x><y>none</y><z>none</z></symmetry><detectionScore>-1</detectionScore></element><element><id>9</id><category>wall</category><bounds><corner1>-0.15421685, -1.2397083 , -0.34497259</corner1><corner2>0.15421685, 1.2397083 , 0.34497259</corner2></bounds><pose><translation>-2.13908752, -0.06176868,  1.46011573</translation><rotation><c1>1., 0., 0.</c1><c2>0., 1., 0.</c2><c3>0., 0., 1.</c3></rotation></pose><symmetry><x>none</x><y>none</y><z>none</z></symmetry><detectionScore>-1</detectionScore></element><element><id>13</id><category>kitchen_cabinet</category><bounds><corner1>-0.62386587, -0.03587634, -0.07801586</corner1><corner2>0.62386587, 0.03587634, 0.07801586</corner2></bounds><pose><translation>-0.24838389, -0.69763607, -1.12103692</translation><rotation><c1>1., 0., 0.</c1><c2>0., 1., 0.</c2><c3>0., 0., 1.</c3></rotation></pose><symmetry><x>none</x><y>none</y><z>none</z></symmetry><detectionScore>-1</detectionScore></element><element><id>4</id><category>refrigerator</category><bounds><corner1>-0.03713992, -0.93223227, -0.49629246</corner1><corner2>0.03713992, 0.93223227, 0.49629246</corner2></bounds><pose><translation>-1.98705707, -0.46142119,  0.71066958</translation><rotation><c1>1., 0., 0.</c1><c2>0., 1., 0.</c2><c3>0., 0., 1.</c3></rotation></pose><symmetry><x>none</x><y>none</y><z>none</z></symmetry><detectionScore>-1</detectionScore></element><element><id>8</id><category>door</category><bounds><corner1>-1.5922125 , -0.98227809, -0.73301735</corner1><corner2>1.5922125 , 0.98227809, 0.73301735</corner2></bounds><pose><translation> 4.21708330e+00, -4.17014637e-03, -2.45922419e-01</translation><rotation><c1>1., 0., 0.</c1><c2>0., 1., 0.</c2><c3>0., 0., 1.</c3></rotation></pose><symmetry><x>none</x><y>none</y><z>none</z></symmetry><detectionScore>-1</detectionScore></element><element><id>1</id><category>wall</category><bounds><corner1>-3.16941237, -1.1809521 , -3.97313365</corner1><corner2>3.16941237, 1.1809521 , 3.97313365</corner2></bounds><pose><translation> 2.69054451e-01, -4.57193599e-03,  4.63160324e+00</translation><rotation><c1>1., 0., 0.</c1><c2>0., 1., 0.</c2><c3>0., 0., 1.</c3></rotation></pose><symmetry><x>none</x><y>none</y><z>none</z></symmetry><detectionScore>-1</detectionScore></element><element><id>10</id><category>person</category><bounds><corner1>-0.97302226, -0.98964207, -0.28807303</corner1><corner2>0.97302226, 0.98964207, 0.28807303</corner2></bounds><pose><translation> 3.25589017, -0.71440883, -2.41437771</translation><rotation><c1>1., 0., 0.</c1><c2>0., 1., 0.</c2><c3>0., 0., 1.</c3></rotation></pose><symmetry><x>none</x><y>none</y><z>none</z></symmetry><detectionScore>-1</detectionScore></element></elements></scene>