<?xml version='1.0' encoding='utf-8'?>
<scene xmlns:sumo="https://www.sumochallenge.org"><version>2.0</version><categories><id>fb_categories_v1.0</id><url>https://sumochallenge.org/en/categories-1_0.json</url></categories><project_type>bounding_box</project_type><elements><element><id>4</id><category>sofa</category><bounds><corner1>-0.55575781, -0.40523305, -0.15986499</corner1><corner2>0.55575781, 0.40523305, 0.15986499</corner2></bounds><pose><translation>-1.35351312, -1.01040182, -3.10272078</translation><rotation><c1>1., 0., 0.</c1><c2>0., 1., 0.</c2><c3>0., 0., 1.</c3></rotation></pose><symmetry><x>none</x><y>none</y><z>none</z></symmetry><detectionScore>0.99618185</detectionScore></element><element><id>1</id><category>coffee_table</category><bounds><corner1>-0.70537058, -0.29751139, -0.16777865</corner1><corner2>0.70537058, 0.29751139, 0.16777865</corner2></bounds><pose><translation> 0.47420546, -1.2727123 , -2.48292126</translation><rotation><c1>1., 0., 0.</c1><c2>0., 1., 0.</c2><c3>0., 0., 1.</c3></rotation></pose><symmetry><x>none</x><y>twoFold</y><z>none</z></symmetry><detectionScore>0.91109407</detectionScore></element><element><id>5</id><category>wall</category><bounds><corner1>-2.21247357, -1.24564639, -1.96083402</corner1><corner2>2.21247357, 1.24564639, 1.96083402</corner2></bounds><pose><translation> 0.7709504 , -0.16381763, -6.6708097 </translation><rotation><c1>1., 0., 0.</c1><c2>0., 1., 0.</c2><c3>0., 0., 1.</c3></rotation></pose><symmetry><x>none</x><y>twoFold</y><z>none</z></symmetry><detectionScore>0.975571</detectionScore></element><element><id>10</id><category>coffee_table</category><bounds><corner1>-0.50115629, -0.29127479, -0.58661565</corner1><corner2>0.50115629, 0.29127479, 0.58661565</corner2></bounds><pose><translation> 2.75798857, -1.26999297, -1.83953474</translation><rotation><c1>1., 0., 0.</c1><c2>0., 1., 0.</c2><c3>0., 0., 1.</c3></rotation></pose><symmetry><x>none</x><y>twoFold</y><z>none</z></symmetry><detectionScore>0.7162562</detectionScore></element><element><id>3</id><category>wall</category><bounds><corner1>-0.29919204, -0.78051729, -6.71245001</corner1><corner2>0.29919204, 0.78051729, 6.71245001</corner2></bounds><pose><translation> 0.10433853, -0.02788503,  1.25801234</translation><rotation><c1>1., 0., 0.</c1><c2>0., 1., 0.</c2><c3>0., 0., 1.</c3></rotation></pose><symmetry><x>none</x><y>twoFold</y><z>none</z></symmetry><detectionScore>0.7987774</detectionScore></element><element><id>2</id><category>television</category><bounds><corner1>-0.41305971, -0.34158075, -0.58908051</corner1><corner2>0.41305971, 0.34158075, 0.58908051</corner2></bounds><pose><translation> 2.86392821, -0.60333167, -1.86095429</translation><rotation><c1>1., 0., 0.</c1><c2>0., 1., 0.</c2><c3>0., 0., 1.</c3></rotation></pose><symmetry><x>none</x><y>none</y><z>twoFold</z></symmetry><detectionScore>0.9993555</detectionScore></element><element><id>7</id><category>door</category><bounds><corner1>-0.364115  , -1.02260981, -1.27046431</corner1><corner2>0.364115  , 1.02260981, 1.27046431</corner2></bounds><pose><translation> 2.91973021, -0.40447758, -5.06606457</translation><rotation><c1>1., 0., 0.</c1><c2>0., 1., 0.</c2><c3>0., 0., 1.</c3></rotation></pose><symmetry><x>twoFold</x><y>twoFold</y><z>twoFold</z></symmetry><detectionScore>0.9992762</detectionScore></element><element><id>9</id><category>fireplace</category><bounds><corner1>-1.42886117, -1.35160867, -0.28948807</corner1><corner2>1.42886117, 1.35160867, 0.28948807</corner2></bounds><pose><translation> 1.8619795 , -0.25777898,  0.6449284 </translation><rotation><c1>1., 0., 0.</c1><c2>0., 1., 0.</c2><c3>0., 0., 1.</c3></rotation></pose><symmetry><x>none</x><y>none</y><z>none</z></symmetry><detectionScore>0.6585795</detectionScore></element><element><id>8</id><category>door</category><bounds><corner1>-2.18309139, -1.125569  , -0.42051555</corner1><corner2>2.18309139, 1.125569  , 0.42051555</corner2></bounds><pose><translation>-2.18309139, -0.51527507, -0.35274128</translation><rotation><c1>1., 0., 0.</c1><c2>0., 1., 0.</c2><c3>0., 0., 1.</c3></rotation></pose><symmetry><x>twoFold</x><y>twoFold</y><z>twoFold</z></symmetry><detectionScore>0.9995634</detectionScore></element><element><id>6</id><category>door</category><bounds><corner1>-3.84911436, -1.25153125, -0.62789955</corner1><corner2>3.84911436, 1.25153125, 0.62789955</corner2></bounds><pose><translation> 3.32976644, -0.44954937, -0.26053471</translation><rotation><c1>1., 0., 0.</c1><c2>0., 1., 0.</c2><c3>0., 0., 1.</c3></rotation></pose><symmetry><x>twoFold</x><y>twoFold</y><z>twoFold</z></symmetry><detectionScore>0.9984067</detectionScore></element></elements></scene>