<?xml version='1.0' encoding='utf-8'?>
<scene xmlns:sumo="https://www.sumochallenge.org"><version>2.0</version><categories><id>fb_categories_v1.0</id><url>https://sumochallenge.org/en/categories-1_0.json</url></categories><project_type>bounding_box</project_type><elements><element><id>4</id><category>chandelier</category><bounds><corner1>-1.52317333, -0.02350119, -0.30573598</corner1><corner2>1.52317333, 0.02350119, 0.30573598</corner2></bounds><pose><translation> 2.57497472,  1.29623084, -0.68298708</translation><rotation><c1>1., 0., 0.</c1><c2>0., 1., 0.</c2><c3>0., 0., 1.</c3></rotation></pose><symmetry><x>none</x><y>cylindrical</y><z>none</z></symmetry><detectionScore>0.8583886</detectionScore></element><element><id>6</id><category>door</category><bounds><corner1>-0.40997779, -0.83425301, -0.04719398</corner1><corner2>0.40997779, 0.83425301, 0.04719398</corner2></bounds><pose><translation>-1.45797853, -0.15258595,  0.53708557</translation><rotation><c1>1., 0., 0.</c1><c2>0., 1., 0.</c2><c3>0., 0., 1.</c3></rotation></pose><symmetry><x>twoFold</x><y>twoFold</y><z>twoFold</z></symmetry><detectionScore>0.8834091</detectionScore></element><element><id>1</id><category>chandelier</category><bounds><corner1>-0.58146457, -0.02240132, -0.2897249 </corner1><corner2>0.58146457, 0.02240132, 0.2897249 </corner2></bounds><pose><translation>-1.90149131,  1.29728015, -0.61339162</translation><rotation><c1>1., 0., 0.</c1><c2>0., 1., 0.</c2><c3>0., 0., 1.</c3></rotation></pose><symmetry><x>none</x><y>cylindrical</y><z>none</z></symmetry><detectionScore>0.96341425</detectionScore></element><element><id>5</id><category>window</category><bounds><corner1>-1.84029704, -1.52786142, -0.99764667</corner1><corner2>1.84029704, 1.52786142, 0.99764667</corner2></bounds><pose><translation>-3.37431043, -0.24778111, -1.5064316 </translation><rotation><c1>1., 0., 0.</c1><c2>0., 1., 0.</c2><c3>0., 0., 1.</c3></rotation></pose><symmetry><x>none</x><y>twoFold</y><z>none</z></symmetry><detectionScore>0.87070787</detectionScore></element><element><id>3</id><category>arch</category><bounds><corner1>-7.41677216, -1.48284452, -1.39969702</corner1><corner2>7.41677216, 1.48284452, 1.39969702</corner2></bounds><pose><translation> 5.20568404, -0.18362738, -0.8506191 </translation><rotation><c1>1., 0., 0.</c1><c2>0., 1., 0.</c2><c3>0., 0., 1.</c3></rotation></pose><symmetry><x>none</x><y>twoFold</y><z>none</z></symmetry><detectionScore>0.9513812</detectionScore></element></elements></scene>