<?xml version='1.0' encoding='utf-8'?>
<scene xmlns:sumo="https://www.sumochallenge.org"><version>2.0</version><categories><id>fb_categories_v1_0</id><url>https://sumochallenge.org/en/categories-1_0.json</url></categories><project_type>bounding_box</project_type><elements><element><id>0</id><category>wall</category><bounds><corner1>-3.111488742890537, -1.5800876421647805, -1.118062418709847</corner1><corner2>3.111488742890537, 1.5800876421647805, 1.118062418709847</corner2></bounds><pose><translation>2.607958430579515, -0.19362145190354477, -3.5252496090629952</translation><rotation><c1>1, 0, 0</c1><c2>0, 1, 0</c2><c3>0, 0, 1</c3></rotation></pose><symmetry><x>twoFold</x><y>cylindrical</y><z>twoFold</z></symmetry><detectionScore>-1.0</detectionScore></element><element><id>1</id><category>dresser</category><bounds><corner1>-0.11131213996051414, -0.5658527525989159, -0.6609297953737995</corner1><corner2>0.11131213996051414, 0.5658527525989159, 0.6609297953737995</corner2></bounds><pose><translation>-2.2250695965552314, -1.1521097049052438, -0.2001324443063239</translation><rotation><c1>1, 0, 0</c1><c2>0, 1, 0</c2><c3>0, 0, 1</c3></rotation></pose><symmetry><x>twoFold</x><y>cylindrical</y><z>twoFold</z></symmetry><detectionScore>-1.0</detectionScore></element><element><id>2</id><category>wall</category><bounds><corner1>-0.18075610458711822, -1.3898831608914632, -3.1977943071939414</corner1><corner2>0.18075610458711822, 1.3898831608914632, 3.1977943071939414</corner2></bounds><pose><translation>5.751140636677154, -0.06203485798473501, -1.8623461470229028</translation><rotation><c1>1, 0, 0</c1><c2>0, 1, 0</c2><c3>0, 0, 1</c3></rotation></pose><symmetry><x>twoFold</x><y>cylindrical</y><z>twoFold</z></symmetry><detectionScore>-1.0</detectionScore></element><element><id>3</id><category>wall_lamp</category><bounds><corner1>-0.19668793527670303, -0.2945072656366565, -0.27022351864384797</corner1><corner2>0.19668793527670303, 0.2945072656366565, 0.27022351864384797</corner2></bounds><pose><translation>-2.78414245711711, 0.812169864006955, -3.384197716471417</translation><rotation><c1>1, 0, 0</c1><c2>0, 1, 0</c2><c3>0, 0, 1</c3></rotation></pose><symmetry><x>twoFold</x><y>cylindrical</y><z>twoFold</z></symmetry><detectionScore>-1.0</detectionScore></element><element><id>4</id><category>picture_frame</category><bounds><corner1>-0.4029266911477474, -0.6295635719661167, -1.567432737133084</corner1><corner2>0.4029266911477474, 0.6295635719661167, 1.567432737133084</corner2></bounds><pose><translation>-2.945133989346432, 0.8044860828620718, -1.08193551161311</translation><rotation><c1>1, 0, 0</c1><c2>0, 1, 0</c2><c3>0, 0, 1</c3></rotation></pose><symmetry><x>twoFold</x><y>cylindrical</y><z>twoFold</z></symmetry><detectionScore>-1.0</detectionScore></element><element><id>5</id><category>chandelier</category><bounds><corner1>-2.042566080476982, -0.11692881320425075, -0.7560952384956031</corner1><corner2>2.042566080476982, 0.11692881320425075, 0.7560952384956031</corner2></bounds><pose><translation>3.8728949712918985, 1.3368316066069292, -1.31330804764342</translation><rotation><c1>1, 0, 0</c1><c2>0, 1, 0</c2><c3>0, 0, 1</c3></rotation></pose><symmetry><x>twoFold</x><y>cylindrical</y><z>twoFold</z></symmetry><detectionScore>-1.0</detectionScore></element><element><id>6</id><category>arch</category><bounds><corner1>-5.564666115915806, -1.6426420023096595, -7.417290597364973</corner1><corner2>5.564666115915806, 1.6426420023096595, 7.417290597364973</corner2></bounds><pose><translation>2.269980012340099, -0.3576705787451536, -11.151370316765389</translation><rotation><c1>1, 0, 0</c1><c2>0, 1, 0</c2><c3>0, 0, 1</c3></rotation></pose><symmetry><x>twoFold</x><y>cylindrical</y><z>twoFold</z></symmetry><detectionScore>-1.0</detectionScore></element><element><id>7</id><category>door</category><bounds><corner1>-2.4718696685289614, -1.651970782318922, -0.8506880990312786</corner1><corner2>2.4718696685289614, 1.651970782318922, 0.8506880990312786</corner2></bounds><pose><translation>3.3774757281057144, -0.3227535123833859, 1.4324021324932543</translation><rotation><c1>1, 0, 0</c1><c2>0, 1, 0</c2><c3>0, 0, 1</c3></rotation></pose><symmetry><x>twoFold</x><y>cylindrical</y><z>twoFold</z></symmetry><detectionScore>-1.0</detectionScore></element><element><id>8</id><category>refrigerator</category><bounds><corner1>-1.02893180457082, -1.250288834921999, -1.8643614504855606</corner1><corner2>1.02893180457082, 1.250288834921999, 1.8643614504855606</corner2></bounds><pose><translation>-1.7584458444034103, -0.36758329692769426, -6.170688376258086</translation><rotation><c1>1, 0, 0</c1><c2>0, 1, 0</c2><c3>0, 0, 1</c3></rotation></pose><symmetry><x>twoFold</x><y>cylindrical</y><z>twoFold</z></symmetry><detectionScore>-1.0</detectionScore></element><element><id>9</id><category>arch</category><bounds><corner1>-1.0798612834540613, -1.5738296933126474, -0.8723320768013993</corner1><corner2>1.0798612834540613, 1.5738296933126474, 0.8723320768013993</corner2></bounds><pose><translation>4.7694841131806145, -0.19460278062396436, 1.4107581547231336</translation><rotation><c1>1, 0, 0</c1><c2>0, 1, 0</c2><c3>0, 0, 1</c3></rotation></pose><symmetry><x>twoFold</x><y>cylindrical</y><z>twoFold</z></symmetry><detectionScore>-1.0</detectionScore></element><element><id>10</id><category>kitchen_cabinet</category><bounds><corner1>-0.4568756577998514, -0.5153796704529385, -0.8858725520836956</corner1><corner2>0.4568756577998514, 0.5153796704529385, 0.8858725520836956</corner2></bounds><pose><translation>-2.0219881869509315, -0.9710852931332463, -3.678310818404432</translation><rotation><c1>1, 0, 0</c1><c2>0, 1, 0</c2><c3>0, 0, 1</c3></rotation></pose><symmetry><x>twoFold</x><y>cylindrical</y><z>twoFold</z></symmetry><detectionScore>-1.0</detectionScore></element><element><id>11</id><category>kitchen_cabinet</category><bounds><corner1>-0.11053100034381869, -0.6007677227974446, -0.6652030798123333</corner1><corner2>0.11053100034381869, 0.6007677227974446, 0.6652030798123333</corner2></bounds><pose><translation>-2.2080258619889865, -1.0661363946725388, -0.8338532595798761</translation><rotation><c1>1, 0, 0</c1><c2>0, 1, 0</c2><c3>0, 0, 1</c3></rotation></pose><symmetry><x>twoFold</x><y>cylindrical</y><z>twoFold</z></symmetry><detectionScore>-1.0</detectionScore></element><element><id>12</id><category>wall</category><bounds><corner1>-6.139852510133459, -1.4061485732912478, -3.7442995490952917</corner1><corner2>6.139852510133459, 1.4061485732912478, 3.7442995490952917</corner2></bounds><pose><translation>1.6947936181224454, -0.12117714972674193, -6.779955535836671</translation><rotation><c1>1, 0, 0</c1><c2>0, 1, 0</c2><c3>0, 0, 1</c3></rotation></pose><symmetry><x>twoFold</x><y>cylindrical</y><z>twoFold</z></symmetry><detectionScore>-1.0</detectionScore></element><element><id>13</id><category>door</category><bounds><corner1>-0.777547224439944, -1.134067453883803, -0.0995242795854494</corner1><corner2>0.777547224439944, 1.134067453883803, 0.0995242795854494</corner2></bounds><pose><translation>-0.37312815987720205, -0.22579057174640751, 1.7154419480442917</translation><rotation><c1>1, 0, 0</c1><c2>0, 1, 0</c2><c3>0, 0, 1</c3></rotation></pose><symmetry><x>twoFold</x><y>cylindrical</y><z>twoFold</z></symmetry><detectionScore>-1.0</detectionScore></element><element><id>14</id><category>window</category><bounds><corner1>-0.1760836981749394, -1.3399039555221712, -1.9599351276361303</corner1><corner2>0.1760836981749394, 1.3399039555221712, 1.9599351276361303</corner2></bounds><pose><translation>5.7546725083129955, -0.10712448713096386, -2.3736145400190316</translation><rotation><c1>1, 0, 0</c1><c2>0, 1, 0</c2><c3>0, 0, 1</c3></rotation></pose><symmetry><x>twoFold</x><y>cylindrical</y><z>twoFold</z></symmetry><detectionScore>-1.0</detectionScore></element><element><id>15</id><category>kitchen_cabinet</category><bounds><corner1>-1.0603704769546032, -1.2674185322415046, -1.9915570513283907</corner1><corner2>1.0603704769546032, 1.2674185322415046, 1.9915570513283907</corner2></bounds><pose><translation>-1.8188579493761692, -0.29428351971311706, -6.165465145647851</translation><rotation><c1>1, 0, 0</c1><c2>0, 1, 0</c2><c3>0, 0, 1</c3></rotation></pose><symmetry><x>twoFold</x><y>cylindrical</y><z>twoFold</z></symmetry><detectionScore>-1.0</detectionScore></element><element><id>16</id><category>kitchen_cabinet</category><bounds><corner1>-0.05564837886168439, -0.6673197390150588, -0.08873409703018753</corner1><corner2>0.05564837886168439, 0.6673197390150588, 0.08873409703018753</corner2></bounds><pose><translation>-2.063287257800752, -0.8161295532477949, -2.9480139468683038</translation><rotation><c1>1, 0, 0</c1><c2>0, 1, 0</c2><c3>0, 0, 1</c3></rotation></pose><symmetry><x>twoFold</x><y>cylindrical</y><z>twoFold</z></symmetry><detectionScore>-1.0</detectionScore></element><element><id>17</id><category>desk</category><bounds><corner1>-3.589375279619316, -0.8957786481172066, -0.8823513189174794</corner1><corner2>3.589375279619316, 0.8957786481172066, 0.8823513189174794</corner2></bounds><pose><translation>1.7662831625536195, -1.4808409831768685, -4.469831026408168</translation><rotation><c1>1, 0, 0</c1><c2>0, 1, 0</c2><c3>0, 0, 1</c3></rotation></pose><symmetry><x>twoFold</x><y>cylindrical</y><z>twoFold</z></symmetry><detectionScore>-1.0</detectionScore></element><element><id>18</id><category>kitchen_cabinet</category><bounds><corner1>-3.6014062940786014, -0.6300835668180678, -0.9692510227079127</corner1><corner2>3.6014062940786014, 0.6300835668180678, 0.9692510227079127</corner2></bounds><pose><translation>2.316366699795683, -1.0718841302549427, -1.4121186244686648</translation><rotation><c1>1, 0, 0</c1><c2>0, 1, 0</c2><c3>0, 0, 1</c3></rotation></pose><symmetry><x>twoFold</x><y>cylindrical</y><z>twoFold</z></symmetry><detectionScore>-1.0</detectionScore></element><element><id>19</id><category>chair</category><bounds><corner1>-3.453149063774082, -0.33359945965776056, -0.565681446483276</corner1><corner2>3.453149063774082, 0.33359945965776056, 0.565681446483276</corner2></bounds><pose><translation>2.423776553546621, -0.7450740068729935, -1.6854825966479365</translation><rotation><c1>1, 0, 0</c1><c2>0, 1, 0</c2><c3>0, 0, 1</c3></rotation></pose><symmetry><x>twoFold</x><y>cylindrical</y><z>twoFold</z></symmetry><detectionScore>-1.0</detectionScore></element><element><id>20</id><category>kitchen_cabinet</category><bounds><corner1>-0.16380933053753566, -0.876256685516051, -2.6891597800907654</corner1><corner2>0.16380933053753566, 0.876256685516051, 2.6891597800907654</corner2></bounds><pose><translation>5.667495078628426, -0.4512182721744026, -4.797834396771923</translation><rotation><c1>1, 0, 0</c1><c2>0, 1, 0</c2><c3>0, 0, 1</c3></rotation></pose><symmetry><x>twoFold</x><y>cylindrical</y><z>twoFold</z></symmetry><detectionScore>-1.0</detectionScore></element><element><id>21</id><category>glass</category><bounds><corner1>-0.29689173683247905, -0.16734590342396982, -0.2025723500443587</corner1><corner2>0.29689173683247905, 0.16734590342396982, 0.2025723500443587</corner2></bounds><pose><translation>-2.9430587522787355, 0.5353653884139473, -1.0894485072676403</translation><rotation><c1>1, 0, 0</c1><c2>0, 1, 0</c2><c3>0, 0, 1</c3></rotation></pose><symmetry><x>twoFold</x><y>cylindrical</y><z>twoFold</z></symmetry><detectionScore>-1.0</detectionScore></element><element><id>22</id><category>knife_rack</category><bounds><corner1>-0.31473562785155895, -0.2306526998779096, -0.21172340144058244</corner1><corner2>0.31473562785155895, 0.2306526998779096, 0.21172340144058244</corner2></bounds><pose><translation>-2.9609026432978154, 0.5581321379120209, -1.016735231356423</translation><rotation><c1>1, 0, 0</c1><c2>0, 1, 0</c2><c3>0, 0, 1</c3></rotation></pose><symmetry><x>twoFold</x><y>cylindrical</y><z>twoFold</z></symmetry><detectionScore>-1.0</detectionScore></element><element><id>23</id><category>wall</category><bounds><corner1>-2.247332390206702, -1.4992690321082989, -0.8685059887688165</corner1><corner2>2.247332390206702, 1.4992690321082989, 0.8685059887688165</corner2></bounds><pose><translation>3.6254170572913202, -0.10544351596243944, 1.4145842427557165</translation><rotation><c1>1, 0, 0</c1><c2>0, 1, 0</c2><c3>0, 0, 1</c3></rotation></pose><symmetry><x>twoFold</x><y>cylindrical</y><z>twoFold</z></symmetry><detectionScore>-1.0</detectionScore></element><element><id>24</id><category>door</category><bounds><corner1>-0.1715962371265629, -1.2897088292847352, -2.7076951247345393</corner1><corner2>0.1715962371265629, 1.2897088292847352, 2.7076951247345393</corner2></bounds><pose><translation>5.677684393994563, -0.4067845196465304, -4.230512052530438</translation><rotation><c1>1, 0, 0</c1><c2>0, 1, 0</c2><c3>0, 0, 1</c3></rotation></pose><symmetry><x>twoFold</x><y>cylindrical</y><z>twoFold</z></symmetry><detectionScore>-1.0</detectionScore></element><element><id>25</id><category>kitchen_cabinet</category><bounds><corner1>-5.4786368762260285, -0.8449199999199518, -1.7062664976528956</corner1><corner2>5.4786368762260285, 0.8449199999199518, 1.7062664976528956</corner2></bounds><pose><translation>2.3560092520298768, -0.7345192413340399, -4.333222350850831</translation><rotation><c1>1, 0, 0</c1><c2>0, 1, 0</c2><c3>0, 0, 1</c3></rotation></pose><symmetry><x>twoFold</x><y>cylindrical</y><z>twoFold</z></symmetry><detectionScore>-1.0</detectionScore></element><element><id>26</id><category>dining_table</category><bounds><corner1>-3.961611677123283, -0.8761103911243632, -0.9939113932064596</corner1><corner2>3.961611677123283, 0.8761103911243632, 0.9939113932064596</corner2></bounds><pose><translation>1.8206626222611126, -1.461172726184025, -4.577651094495778</translation><rotation><c1>1, 0, 0</c1><c2>0, 1, 0</c2><c3>0, 0, 1</c3></rotation></pose><symmetry><x>twoFold</x><y>cylindrical</y><z>twoFold</z></symmetry><detectionScore>-1.0</detectionScore></element><element><id>27</id><category>kitchen_cabinet</category><bounds><corner1>-0.05819553167385161, -0.48927214624437565, -0.27880182065553294</corner1><corner2>0.05819553167385161, 0.48927214624437565, 0.27880182065553294</corner2></bounds><pose><translation>-2.0121298825283787, -0.8278998575769909, -3.89398906597819</translation><rotation><c1>1, 0, 0</c1><c2>0, 1, 0</c2><c3>0, 0, 1</c3></rotation></pose><symmetry><x>twoFold</x><y>cylindrical</y><z>twoFold</z></symmetry><detectionScore>-1.0</detectionScore></element><element><id>28</id><category>wall</category><bounds><corner1>-0.17726350938441193, -1.315081845080298, -2.5780709096116174</corner1><corner2>0.17726350938441193, 1.315081845080298, 2.5780709096116174</corner2></bounds><pose><translation>5.664173494647519, -0.005568308578650098, -4.433128964891249</translation><rotation><c1>1, 0, 0</c1><c2>0, 1, 0</c2><c3>0, 0, 1</c3></rotation></pose><symmetry><x>twoFold</x><y>cylindrical</y><z>twoFold</z></symmetry><detectionScore>-1.0</detectionScore></element><element><id>29</id><category>wall</category><bounds><corner1>-5.35776588873486, -1.4031780105655831, -8.905045536382463</corner1><corner2>5.35776588873486, 1.4031780105655831, 8.905045536382463</corner2></bounds><pose><translation>1.5464212290507346, -0.1396258623039539, -13.244389343927494</translation><rotation><c1>1, 0, 0</c1><c2>0, 1, 0</c2><c3>0, 0, 1</c3></rotation></pose><symmetry><x>twoFold</x><y>cylindrical</y><z>twoFold</z></symmetry><detectionScore>-1.0</detectionScore></element><element><id>30</id><category>chandelier</category><bounds><corner1>-0.24910974691980114, -0.08510530583972975, -0.4090378856385637</corner1><corner2>0.24910974691980114, 0.08510530583972975, 0.4090378856385637</corner2></bounds><pose><translation>-1.5919433779577998, 1.463628735645256, -0.9903997923014447</translation><rotation><c1>1, 0, 0</c1><c2>0, 1, 0</c2><c3>0, 0, 1</c3></rotation></pose><symmetry><x>twoFold</x><y>cylindrical</y><z>twoFold</z></symmetry><detectionScore>-1.0</detectionScore></element></elements></scene>