<?xml version='1.0' encoding='utf-8'?>
<scene xmlns:sumo="https://www.sumochallenge.org"><version>2.0</version><categories><id>fb_categories_v1_0</id><url>https://sumochallenge.org/en/categories-1_0.json</url></categories><project_type>bounding_box</project_type><elements><element><id>0</id><category>wall</category><bounds><corner1>-14.035137868067698, -2.285859115613786, -1.1804055686163402</corner1><corner2>14.035137868067698, 2.285859115613786, 1.1804055686163402</corner2></bounds><pose><translation>6.649783113564505, 0.0, -0.025078239307476304</translation><rotation><c1>0, 0, 0</c1><c2>0, 0, 0</c2><c3>0, 0, 0</c3></rotation></pose><symmetry><x>twoFold</x><y>cylindrical</y><z>twoFold</z></symmetry><detectionScore>-1.0</detectionScore></element><element><id>1</id><category>door</category><bounds><corner1>-1.3285027960284603, -1.1902209935611223, -1.1658628520099525</corner1><corner2>1.3285027960284603, 1.1902209935611223, 1.1658628520099525</corner2></bounds><pose><translation>3.8812281679090423, -3.2785871802894953, -0.42291272755927667</translation><rotation><c1>0, 0, 0</c1><c2>0, 0, 0</c2><c3>0, 0, 0</c3></rotation></pose><symmetry><x>twoFold</x><y>cylindrical</y><z>twoFold</z></symmetry><detectionScore>-1.0</detectionScore></element><element><id>2</id><category>fence</category><bounds><corner1>-14.157033823819887, -1.5867453962365872, -0.8071121054299972</corner1><corner2>14.157033823819887, 1.5867453962365872, 0.8071121054299972</corner2></bounds><pose><translation>6.833943160474526, -0.43310805501212224, -0.254191794982072</translation><rotation><c1>0, 0, 0</c1><c2>0, 0, 0</c2><c3>0, 0, 0</c3></rotation></pose><symmetry><x>twoFold</x><y>cylindrical</y><z>twoFold</z></symmetry><detectionScore>-1.0</detectionScore></element><element><id>3</id><category>door</category><bounds><corner1>-0.20723096126400087, -0.6460444466450719, -1.2619925692397342</corner1><corner2>0.20723096126400087, 0.6460444466450719, 1.2619925692397342</corner2></bounds><pose><translation>6.101248246029277, 2.189175358725425, -0.3824200415952348</translation><rotation><c1>0, 0, 0</c1><c2>0, 0, 0</c2><c3>0, 0, 0</c3></rotation></pose><symmetry><x>twoFold</x><y>cylindrical</y><z>twoFold</z></symmetry><detectionScore>-1.0</detectionScore></element><element><id>4</id><category>armchair</category><bounds><corner1>-0.6575811031512498, -0.4116143667841161, -0.5961856437310377</corner1><corner2>0.6575811031512498, 0.4116143667841161, 0.5961856437310377</corner2></bounds><pose><translation>-0.8014916618248982, -2.4451090519995127, -1.2272486288543725</translation><rotation><c1>0, 0, 0</c1><c2>0, 0, 0</c2><c3>0, 0, 0</c3></rotation></pose><symmetry><x>twoFold</x><y>cylindrical</y><z>twoFold</z></symmetry><detectionScore>-1.0</detectionScore></element><element><id>5</id><category>wall</category><bounds><corner1>-1.7182450025034468, -0.889330272107856, -1.3962887507251511</corner1><corner2>1.7182450025034468, 0.889330272107856, 1.3962887507251511</corner2></bounds><pose><translation>4.491323574401777, -3.269824536420206, -0.10976129976623583</translation><rotation><c1>0, 0, 0</c1><c2>0, 0, 0</c2><c3>0, 0, 0</c3></rotation></pose><symmetry><x>twoFold</x><y>cylindrical</y><z>twoFold</z></symmetry><detectionScore>-1.0</detectionScore></element><element><id>6</id><category>floor</category><bounds><corner1>-1.0937325722352378, -4.4760179538840505, -0.38843528299328045</corner1><corner2>1.0937325722352378, 4.4760179538840505, 0.38843528299328045</corner2></bounds><pose><translation>0.26789864088806364, 4.3163024752675705, -0.9557548581127788</translation><rotation><c1>0, 0, 0</c1><c2>0, 0, 0</c2><c3>0, 0, 0</c3></rotation></pose><symmetry><x>twoFold</x><y>cylindrical</y><z>twoFold</z></symmetry><detectionScore>-1.0</detectionScore></element><element><id>7</id><category>garage_door</category><bounds><corner1>-13.991701675910775, -2.2106959363455916, -1.4910977200568916</corner1><corner2>13.991701675910775, 2.2106959363455916, 1.4910977200568916</corner2></bounds><pose><translation>6.804680770099986, -1.4796291182117416, -0.2702232420325894</translation><rotation><c1>0, 0, 0</c1><c2>0, 0, 0</c2><c3>0, 0, 0</c3></rotation></pose><symmetry><x>twoFold</x><y>cylindrical</y><z>twoFold</z></symmetry><detectionScore>-1.0</detectionScore></element><element><id>8</id><category>car</category><bounds><corner1>-14.110654505436926, -2.6452107567844503, -0.8802494117652037</corner1><corner2>14.110654505436926, 2.6452107567844503, 0.8802494117652037</corner2></bounds><pose><translation>6.738749903331133, -1.9243658409527917, -0.8802494117652037</translation><rotation><c1>0, 0, 0</c1><c2>0, 0, 0</c2><c3>0, 0, 0</c3></rotation></pose><symmetry><x>twoFold</x><y>cylindrical</y><z>twoFold</z></symmetry><detectionScore>-1.0</detectionScore></element><element><id>9</id><category>floor_lamp</category><bounds><corner1>-1.5700056077201268, -0.5118311150560566, -1.060356871631366</corner1><corner2>1.5700056077201268, 0.5118311150560566, 1.060356871631366</corner2></bounds><pose><translation>3.637687153102471, -2.580008358587975, -0.7329095129311591</translation><rotation><c1>0, 0, 0</c1><c2>0, 0, 0</c2><c3>0, 0, 0</c3></rotation></pose><symmetry><x>twoFold</x><y>cylindrical</y><z>twoFold</z></symmetry><detectionScore>-1.0</detectionScore></element><element><id>10</id><category>wall</category><bounds><corner1>-4.956553911619924, -8.634529914455394, -1.5205735660178605</corner1><corner2>4.956553911619924, 8.634529914455394, 1.5205735660178605</corner2></bounds><pose><translation>0.9592179386896195, 6.8335431869749925, -0.2864519751517145</translation><rotation><c1>0, 0, 0</c1><c2>0, 0, 0</c2><c3>0, 0, 0</c3></rotation></pose><symmetry><x>twoFold</x><y>cylindrical</y><z>twoFold</z></symmetry><detectionScore>-1.0</detectionScore></element><element><id>11</id><category>wall</category><bounds><corner1>-0.14971845261488248, -0.9065492531907022, -1.1666489583439428</corner1><corner2>0.14971845261488248, 0.9065492531907022, 1.1666489583439428</corner2></bounds><pose><translation>6.161542988850194, 2.2320374527959883, -0.11383367848629686</translation><rotation><c1>0, 0, 0</c1><c2>0, 0, 0</c2><c3>0, 0, 0</c3></rotation></pose><symmetry><x>twoFold</x><y>cylindrical</y><z>twoFold</z></symmetry><detectionScore>-1.0</detectionScore></element><element><id>12</id><category>tv_stand</category><bounds><corner1>-4.901166919220673, -9.812133536811128, -1.0146480652664327</corner1><corner2>4.901166919220673, 9.812133536811128, 1.0146480652664327</corner2></bounds><pose><translation>1.0282337222042677, 4.3100256490270645, -0.9182839961948452</translation><rotation><c1>0, 0, 0</c1><c2>0, 0, 0</c2><c3>0, 0, 0</c3></rotation></pose><symmetry><x>twoFold</x><y>cylindrical</y><z>twoFold</z></symmetry><detectionScore>-1.0</detectionScore></element><element><id>13</id><category>dining_table</category><bounds><corner1>-1.5146474301157102, -2.9754137846617015, -0.5241701969929299</corner1><corner2>1.5146474301157102, 2.9754137846617015, 0.5241701969929299</corner2></bounds><pose><translation>4.601823405707612, 5.445810352201602, -1.1677171407842712</translation><rotation><c1>0, 0, 0</c1><c2>0, 0, 0</c2><c3>0, 0, 0</c3></rotation></pose><symmetry><x>twoFold</x><y>cylindrical</y><z>twoFold</z></symmetry><detectionScore>-1.0</detectionScore></element><element><id>14</id><category>desk</category><bounds><corner1>-0.9821474484094935, -8.009743443940248, -0.5631493151672763</corner1><corner2>0.9821474484094935, 8.009743443940248, 0.5631493151672763</corner2></bounds><pose><translation>-0.7294809614109502, 5.4870725230875115, -1.075894422968429</translation><rotation><c1>0, 0, 0</c1><c2>0, 0, 0</c2><c3>0, 0, 0</c3></rotation></pose><symmetry><x>twoFold</x><y>cylindrical</y><z>twoFold</z></symmetry><detectionScore>-1.0</detectionScore></element><element><id>15</id><category>wall</category><bounds><corner1>-2.805631880882075, -2.533705777501046, -1.4000584966229161</corner1><corner2>2.805631880882075, 2.533705777501046, 1.4000584966229161</corner2></bounds><pose><translation>6.163721444975877, 2.9283177112841416, -0.12719950956277487</translation><rotation><c1>0, 0, 0</c1><c2>0, 0, 0</c2><c3>0, 0, 0</c3></rotation></pose><symmetry><x>twoFold</x><y>cylindrical</y><z>twoFold</z></symmetry><detectionScore>-1.0</detectionScore></element><element><id>16</id><category>wall</category><bounds><corner1>-0.16693973755917924, -4.866695450888619, -1.4952777342815995</corner1><corner2>0.16693973755917924, 4.866695450888619, 1.4952777342815995</corner2></bounds><pose><translation>5.955603748944592, 8.76770745133886, -0.23433000297926837</translation><rotation><c1>0, 0, 0</c1><c2>0, 0, 0</c2><c3>0, 0, 0</c3></rotation></pose><symmetry><x>twoFold</x><y>cylindrical</y><z>twoFold</z></symmetry><detectionScore>-1.0</detectionScore></element><element><id>17</id><category>sofa</category><bounds><corner1>-0.636633441651347, -0.38956421293767685, -0.5759937227773175</corner1><corner2>0.636633441651347, 0.38956421293767685, 0.5759937227773175</corner2></bounds><pose><translation>-0.7880716347832962, -2.429391028898639, -1.2312000722778398</translation><rotation><c1>0, 0, 0</c1><c2>0, 0, 0</c2><c3>0, 0, 0</c3></rotation></pose><symmetry><x>twoFold</x><y>cylindrical</y><z>twoFold</z></symmetry><detectionScore>-1.0</detectionScore></element></elements></scene>