<?xml version='1.0' encoding='utf-8'?>
<scene xmlns:sumo="https://www.sumochallenge.org"><version>2.0</version><categories><id>fb_categories_v1.0</id><url>https://sumochallenge.org/en/categories-1_0.json</url></categories><project_type>bounding_box</project_type><elements><element><id>6</id><category>wall</category><bounds><corner1>-3.70562101, -1.2069337 , -3.40180862</corner1><corner2>3.70562101, 1.2069337 , 3.40180862</corner2></bounds><pose><translation>-5.17760203, -0.10137952,  0.87653143</translation><rotation><c1>1., 0., 0.</c1><c2>0., 1., 0.</c2><c3>0., 0., 1.</c3></rotation></pose><symmetry><x>none</x><y>none</y><z>none</z></symmetry><detectionScore>-1</detectionScore></element><element><id>7</id><category>kitchen_cabinet</category><bounds><corner1>-0.52896099, -0.02198532, -0.03102034</corner1><corner2>0.52896099, 0.02198532, 0.03102034</corner2></bounds><pose><translation>-0.34869292, -0.68134658, -1.05201152</translation><rotation><c1>1., 0., 0.</c1><c2>0., 1., 0.</c2><c3>0., 0., 1.</c3></rotation></pose><symmetry><x>none</x><y>none</y><z>none</z></symmetry><detectionScore>-1</detectionScore></element><element><id>3</id><category>kitchen_cabinet</category><bounds><corner1>-1.22015752, -0.95152794, -0.62357477</corner1><corner2>1.22015752, 0.95152794, 0.62357477</corner2></bounds><pose><translation>-1.09332956, -0.28624779,  4.17911932</translation><rotation><c1>1., 0., 0.</c1><c2>0., 1., 0.</c2><c3>0., 0., 1.</c3></rotation></pose><symmetry><x>none</x><y>none</y><z>none</z></symmetry><detectionScore>-1</detectionScore></element><element><id>5</id><category>refrigerator</category><bounds><corner1>-1.23419517, -0.80525325, -0.04779946</corner1><corner2>1.23419517, 0.80525325, 0.04779946</corner2></bounds><pose><translation> 1.56295258, -0.37774976, -1.00095051</translation><rotation><c1>1., 0., 0.</c1><c2>0., 1., 0.</c2><c3>0., 0., 1.</c3></rotation></pose><symmetry><x>none</x><y>none</y><z>none</z></symmetry><detectionScore>-1</detectionScore></element><element><id>9</id><category>kitchen_cabinet</category><bounds><corner1>-0.82105824, -0.39539217, -0.08582606</corner1><corner2>0.82105824, 0.39539217, 0.08582606</corner2></bounds><pose><translation> 2.13003849, -0.88876426, -0.99348519</translation><rotation><c1>1., 0., 0.</c1><c2>0., 1., 0.</c2><c3>0., 0., 1.</c3></rotation></pose><symmetry><x>none</x><y>none</y><z>none</z></symmetry><detectionScore>-1</detectionScore></element><element><id>2</id><category>kitchen_cabinet</category><bounds><corner1>-0.56603035, -0.27623054, -0.18312357</corner1><corner2>0.56603035, 0.27623054, 0.18312357</corner2></bounds><pose><translation>-1.88608839, -0.8581665 , -1.03181584</translation><rotation><c1>1., 0., 0.</c1><c2>0., 1., 0.</c2><c3>0., 0., 1.</c3></rotation></pose><symmetry><x>none</x><y>none</y><z>none</z></symmetry><detectionScore>-1</detectionScore></element><element><id>8</id><category>door</category><bounds><corner1>-0.56130122, -1.06932811, -2.55681254</corner1><corner2>0.56130122, 1.06932811, 2.55681254</corner2></bounds><pose><translation> 1.9542148 , -0.46327179,  5.11948911</translation><rotation><c1>1., 0., 0.</c1><c2>0., 1., 0.</c2><c3>0., 0., 1.</c3></rotation></pose><symmetry><x>none</x><y>none</y><z>none</z></symmetry><detectionScore>-1</detectionScore></element></elements></scene>