<?xml version='1.0' encoding='utf-8'?>
<scene xmlns:sumo="https://www.sumochallenge.org"><version>2.0</version><categories><id>fb_categories_v1.0</id><url>https://sumochallenge.org/en/categories-1_0.json</url></categories><project_type>bounding_box</project_type><elements><element><id>2</id><category>table_and_chair</category><bounds><corner1>-0.87518852, -0.57648373, -2.09035492</corner1><corner2>0.87518852, 0.57648373, 2.09035492</corner2></bounds><pose><translation>-2.95715684, -1.18944585,  1.0511584 </translation><rotation><c1>1., 0., 0.</c1><c2>0., 1., 0.</c2><c3>0., 0., 1.</c3></rotation></pose><symmetry><x>none</x><y>twoFold</y><z>none</z></symmetry><detectionScore>0.56929356</detectionScore></element><element><id>4</id><category>partition</category><bounds><corner1>-1.70452512, -1.12319074, -2.37721969</corner1><corner2>1.70452512, 1.12319074, 2.37721969</corner2></bounds><pose><translation>-0.3772172 , -0.12915571, -3.40021681</translation><rotation><c1>1., 0., 0.</c1><c2>0., 1., 0.</c2><c3>0., 0., 1.</c3></rotation></pose><symmetry><x>twoFold</x><y>twoFold</y><z>twoFold</z></symmetry><detectionScore>0.6046202</detectionScore></element><element><id>1</id><category>kitchen_cabinet</category><bounds><corner1>-0.09999692, -0.0947377 , -0.06499716</corner1><corner2>0.09999692, 0.0947377 , 0.06499716</corner2></bounds><pose><translation>-0.60593091, -0.17192884, -1.08099422</translation><rotation><c1>1., 0., 0.</c1><c2>0., 1., 0.</c2><c3>0., 0., 1.</c3></rotation></pose><symmetry><x>none</x><y>none</y><z>none</z></symmetry><detectionScore>0.53866965</detectionScore></element><element><id>5</id><category>game_table</category><bounds><corner1>-2.1189559 , -0.48922851, -0.1846293 </corner1><corner2>2.1189559 , 0.48922851, 0.1846293 </corner2></bounds><pose><translation>-3.55589138, -0.68688908, -1.19841852</translation><rotation><c1>1., 0., 0.</c1><c2>0., 1., 0.</c2><c3>0., 0., 1.</c3></rotation></pose><symmetry><x>none</x><y>twoFold</y><z>none</z></symmetry><detectionScore>0.88035476</detectionScore></element><element><id>3</id><category>partition</category><bounds><corner1>-5.51195284, -1.17502504, -1.75738153</corner1><corner2>5.51195284, 1.17502504, 1.75738153</corner2></bounds><pose><translation>-7.51185823, -0.03627476, -1.88174442</translation><rotation><c1>1., 0., 0.</c1><c2>0., 1., 0.</c2><c3>0., 0., 1.</c3></rotation></pose><symmetry><x>twoFold</x><y>twoFold</y><z>twoFold</z></symmetry><detectionScore>0.95468307</detectionScore></element></elements></scene>