<?xml version='1.0' encoding='utf-8'?>
<scene xmlns:sumo="https://www.sumochallenge.org"><version>2.0</version><categories><id>fb_categories_v1.0</id><url>https://sumochallenge.org/en/categories-1_0.json</url></categories><project_type>bounding_box</project_type><elements><element><id>15</id><category>refrigerator</category><bounds><corner1>-0.74093758, -0.82431616, -0.11230935</corner1><corner2>0.74093758, 0.82431616, 0.11230935</corner2></bounds><pose><translation> 3.16890005, -0.3088999 , -0.96203959</translation><rotation><c1>1., 0., 0.</c1><c2>0., 1., 0.</c2><c3>0., 0., 1.</c3></rotation></pose><symmetry><x>none</x><y>none</y><z>none</z></symmetry><detectionScore>-1</detectionScore></element><element><id>7</id><category>sofa</category><bounds><corner1>-2.63992294, -0.23937761, -2.61172626</corner1><corner2>2.63992294, 0.23937761, 2.61172626</corner2></bounds><pose><translation> 3.47073518, -0.67838359,  4.39037637</translation><rotation><c1>1., 0., 0.</c1><c2>0., 1., 0.</c2><c3>0., 0., 1.</c3></rotation></pose><symmetry><x>none</x><y>none</y><z>none</z></symmetry><detectionScore>-1</detectionScore></element><element><id>4</id><category>chandelier</category><bounds><corner1>-1.26332128, -0.02367451, -0.69256694</corner1><corner2>1.26332128, 0.02367451, 0.69256694</corner2></bounds><pose><translation>1.88597174, 1.2949944 , 1.18853201</translation><rotation><c1>1., 0., 0.</c1><c2>0., 1., 0.</c2><c3>0., 0., 1.</c3></rotation></pose><symmetry><x>none</x><y>none</y><z>none</z></symmetry><detectionScore>-1</detectionScore></element><element><id>9</id><category>wall</category><bounds><corner1>-3.90305873, -1.19979795, -0.29003506</corner1><corner2>3.90305873, 1.19979795, 0.29003506</corner2></bounds><pose><translation>1.74168159, 0.02323531, 8.00123956</translation><rotation><c1>1., 0., 0.</c1><c2>0., 1., 0.</c2><c3>0., 0., 1.</c3></rotation></pose><symmetry><x>none</x><y>none</y><z>none</z></symmetry><detectionScore>-1</detectionScore></element><element><id>5</id><category>sofa</category><bounds><corner1>-2.32075805, -0.28723235, -4.79799593</corner1><corner2>2.32075805, 0.28723235, 4.79799593</corner2></bounds><pose><translation> 1.30978996, -0.74811502,  3.21874002</translation><rotation><c1>1., 0., 0.</c1><c2>0., 1., 0.</c2><c3>0., 0., 1.</c3></rotation></pose><symmetry><x>none</x><y>none</y><z>none</z></symmetry><detectionScore>-1</detectionScore></element><element><id>12</id><category>knife_rack</category><bounds><corner1>-0.22260775, -0.11268569, -0.09203573</corner1><corner2>0.22260775, 0.11268569, 0.09203573</corner2></bounds><pose><translation> 0.4431532 , -0.19863301, -1.32100253</translation><rotation><c1>1., 0., 0.</c1><c2>0., 1., 0.</c2><c3>0., 0., 1.</c3></rotation></pose><symmetry><x>none</x><y>none</y><z>none</z></symmetry><detectionScore>-1</detectionScore></element><element><id>11</id><category>chair</category><bounds><corner1>-0.92391227, -0.16227507, -0.35804158</corner1><corner2>0.92391227, 0.16227507, 0.35804158</corner2></bounds><pose><translation> 1.30397941, -0.62900324,  0.46260568</translation><rotation><c1>1., 0., 0.</c1><c2>0., 1., 0.</c2><c3>0., 0., 1.</c3></rotation></pose><symmetry><x>none</x><y>none</y><z>none</z></symmetry><detectionScore>-1</detectionScore></element><element><id>2</id><category>window</category><bounds><corner1>-1.14274651, -1.11384328, -0.53774439</corner1><corner2>1.14274651, 1.11384328, 0.53774439</corner2></bounds><pose><translation>-3.51286141,  0.01026933,  1.57388125</translation><rotation><c1>1., 0., 0.</c1><c2>0., 1., 0.</c2><c3>0., 0., 1.</c3></rotation></pose><symmetry><x>none</x><y>none</y><z>none</z></symmetry><detectionScore>-1</detectionScore></element><element><id>6</id><category>chandelier</category><bounds><corner1>-0.07693392, -0.02539829, -0.13886333</corner1><corner2>0.07693392, 0.02539829, 0.13886333</corner2></bounds><pose><translation>-0.3088719 ,  1.29410525,  1.77408129</translation><rotation><c1>1., 0., 0.</c1><c2>0., 1., 0.</c2><c3>0., 0., 1.</c3></rotation></pose><symmetry><x>none</x><y>none</y><z>none</z></symmetry><detectionScore>-1</detectionScore></element><element><id>13</id><category>chair</category><bounds><corner1>-1.20769143, -0.02514128, -2.11674129</corner1><corner2>1.20769143, 0.02514128, 2.11674129</corner2></bounds><pose><translation> 0.40309649, -0.59266176,  1.10998586</translation><rotation><c1>1., 0., 0.</c1><c2>0., 1., 0.</c2><c3>0., 0., 1.</c3></rotation></pose><symmetry><x>none</x><y>none</y><z>none</z></symmetry><detectionScore>-1</detectionScore></element><element><id>3</id><category>picture_frame</category><bounds><corner1>-1.53426162, -1.02596978, -0.1483491 </corner1><corner2>1.53426162, 1.02596978, 0.1483491 </corner2></bounds><pose><translation>4.52154512, 0.13594067, 8.15309449</translation><rotation><c1>1., 0., 0.</c1><c2>0., 1., 0.</c2><c3>0., 0., 1.</c3></rotation></pose><symmetry><x>none</x><y>none</y><z>none</z></symmetry><detectionScore>-1</detectionScore></element><element><id>8</id><category>chair</category><bounds><corner1>-4.58324598, -0.09967562, -3.79313844</corner1><corner2>4.58324598, 0.09967562, 3.79313844</corner2></bounds><pose><translation> 1.37201815, -0.59091468,  1.0501183 </translation><rotation><c1>1., 0., 0.</c1><c2>0., 1., 0.</c2><c3>0., 0., 1.</c3></rotation></pose><symmetry><x>none</x><y>none</y><z>none</z></symmetry><detectionScore>-1</detectionScore></element><element><id>1</id><category>wall</category><bounds><corner1>-0.33137594, -1.19894801, -2.04222394</corner1><corner2>0.33137594, 1.19894801, 2.04222394</corner2></bounds><pose><translation> 6.20017743, -0.06753966,  0.07975827</translation><rotation><c1>1., 0., 0.</c1><c2>0., 1., 0.</c2><c3>0., 0., 1.</c3></rotation></pose><symmetry><x>none</x><y>none</y><z>none</z></symmetry><detectionScore>-1</detectionScore></element><element><id>14</id><category>wall</category><bounds><corner1>-0.1031027 , -1.13661474, -0.75435014</corner1><corner2>0.1031027 , 1.13661474, 0.75435014</corner2></bounds><pose><translation> 3.86464404,  0.04221571, -0.8579932 </translation><rotation><c1>1., 0., 0.</c1><c2>0., 1., 0.</c2><c3>0., 0., 1.</c3></rotation></pose><symmetry><x>none</x><y>none</y><z>none</z></symmetry><detectionScore>-1</detectionScore></element></elements></scene>