<?xml version='1.0' encoding='utf-8'?>
<scene xmlns:sumo="https://www.sumochallenge.org"><version>2.0</version><categories><id>fb_categories_v1_0</id><url>https://sumochallenge.org/en/categories-1_0.json</url></categories><project_type>bounding_box</project_type><elements><element><id>0</id><category>door</category><bounds><corner1>-0.1258226832053151, -0.2591344001559328, -1.2953223414617996</corner1><corner2>0.1258226832053151, 0.2591344001559328, 1.2953223414617996</corner2></bounds><pose><translation>0.9355142761534445, 3.5667165066414404, -0.24679806001347032</translation><rotation><c1>0, 0, 0</c1><c2>0, 0, 0</c2><c3>0, 0, 0</c3></rotation></pose><symmetry><x>twoFold</x><y>cylindrical</y><z>twoFold</z></symmetry><detectionScore>-1.0</detectionScore></element><element><id>1</id><category>chair</category><bounds><corner1>-0.675829955566255, -2.2570602988127275, -0.22860589539409448</corner1><corner2>0.675829955566255, 2.2570602988127275, 0.22860589539409448</corner2></bounds><pose><translation>0.0064132922354045935, 1.478379922101592, -0.9122815140182692</translation><rotation><c1>0, 0, 0</c1><c2>0, 0, 0</c2><c3>0, 0, 0</c3></rotation></pose><symmetry><x>twoFold</x><y>cylindrical</y><z>twoFold</z></symmetry><detectionScore>-1.0</detectionScore></element><element><id>2</id><category>rug</category><bounds><corner1>-0.8508779548109766, -0.9080863466272509, -0.24540163802014892</corner1><corner2>0.8508779548109766, 0.9080863466272509, 0.24540163802014892</corner2></bounds><pose><translation>0.18991766244982483, 1.350609844150938, -0.9794142529164628</translation><rotation><c1>0, 0, 0</c1><c2>0, 0, 0</c2><c3>0, 0, 0</c3></rotation></pose><symmetry><x>twoFold</x><y>cylindrical</y><z>twoFold</z></symmetry><detectionScore>-1.0</detectionScore></element><element><id>3</id><category>picture_frame</category><bounds><corner1>-0.748517350567742, -0.12982220778778064, -0.5751798432814568</corner1><corner2>0.748517350567742, 0.12982220778778064, 0.5751798432814568</corner2></bounds><pose><translation>-2.1105689018340446, 3.5422303431528976, -0.8807898805588281</translation><rotation><c1>0, 0, 0</c1><c2>0, 0, 0</c2><c3>0, 0, 0</c3></rotation></pose><symmetry><x>twoFold</x><y>cylindrical</y><z>twoFold</z></symmetry><detectionScore>-1.0</detectionScore></element><element><id>4</id><category>wall</category><bounds><corner1>-1.0762919255340233, -0.48388022059592295, -1.4443804224771433</corner1><corner2>1.0762919255340233, 0.48388022059592295, 1.4443804224771433</corner2></bounds><pose><translation>-0.10003914600220613, -3.3338212061888517, -0.025863371484740494</translation><rotation><c1>0, 0, 0</c1><c2>0, 0, 0</c2><c3>0, 0, 0</c3></rotation></pose><symmetry><x>twoFold</x><y>cylindrical</y><z>twoFold</z></symmetry><detectionScore>-1.0</detectionScore></element><element><id>5</id><category>television</category><bounds><corner1>-0.72901621526383, -0.15401765241362542, -0.5490528316228591</corner1><corner2>0.72901621526383, 0.15401765241362542, 0.5490528316228591</corner2></bounds><pose><translation>-2.0530674934128825, 3.5508280390784877, -0.853939105098857</translation><rotation><c1>0, 0, 0</c1><c2>0, 0, 0</c2><c3>0, 0, 0</c3></rotation></pose><symmetry><x>twoFold</x><y>cylindrical</y><z>twoFold</z></symmetry><detectionScore>-1.0</detectionScore></element><element><id>6</id><category>window</category><bounds><corner1>-0.06483543036022699, -1.1032613476330932, -1.2488697701587481</corner1><corner2>0.06483543036022699, 1.1032613476330932, 1.2488697701587481</corner2></bounds><pose><translation>1.0348215191043644, 2.696557143732461, -0.10357975504696847</translation><rotation><c1>0, 0, 0</c1><c2>0, 0, 0</c2><c3>0, 0, 0</c3></rotation></pose><symmetry><x>twoFold</x><y>cylindrical</y><z>twoFold</z></symmetry><detectionScore>-1.0</detectionScore></element><element><id>7</id><category>armchair</category><bounds><corner1>-0.8681652245091989, -2.19978294416159, -0.25531451919877424</corner1><corner2>0.8681652245091989, 2.19978294416159, 0.25531451919877424</corner2></bounds><pose><translation>0.0046829999893319395, 1.5828105568826962, -0.9206762676376545</translation><rotation><c1>0, 0, 0</c1><c2>0, 0, 0</c2><c3>0, 0, 0</c3></rotation></pose><symmetry><x>twoFold</x><y>cylindrical</y><z>twoFold</z></symmetry><detectionScore>-1.0</detectionScore></element><element><id>8</id><category>chair</category><bounds><corner1>-0.467559579214166, -0.49077168678124705, -0.5483036008515811</corner1><corner2>0.467559579214166, 0.49077168678124705, 0.5483036008515811</corner2></bounds><pose><translation>-3.90459009242813, 3.1399372402249353, -1.1731151982464878</translation><rotation><c1>0, 0, 0</c1><c2>0, 0, 0</c2><c3>0, 0, 0</c3></rotation></pose><symmetry><x>twoFold</x><y>cylindrical</y><z>twoFold</z></symmetry><detectionScore>-1.0</detectionScore></element><element><id>9</id><category>door</category><bounds><corner1>-0.9298731453399068, -0.10416086803578262, -1.3591700144201084</corner1><corner2>0.9298731453399068, 0.10416086803578262, 1.3591700144201084</corner2></bounds><pose><translation>0.05215778017086709, 3.758319161747063, -0.2556130190973589</translation><rotation><c1>0, 0, 0</c1><c2>0, 0, 0</c2><c3>0, 0, 0</c3></rotation></pose><symmetry><x>twoFold</x><y>cylindrical</y><z>twoFold</z></symmetry><detectionScore>-1.0</detectionScore></element><element><id>10</id><category>window</category><bounds><corner1>-0.10960706001847265, -0.4191055925496925, -1.4884006945917805</corner1><corner2>0.10960706001847265, 0.4191055925496925, 1.4884006945917805</corner2></bounds><pose><translation>1.0914126054386641, -1.60114925579354, -0.03517074479232441</translation><rotation><c1>0, 0, 0</c1><c2>0, 0, 0</c2><c3>0, 0, 0</c3></rotation></pose><symmetry><x>twoFold</x><y>cylindrical</y><z>twoFold</z></symmetry><detectionScore>-1.0</detectionScore></element><element><id>11</id><category>ottoman</category><bounds><corner1>-0.40239728250853074, -0.7398443429024191, -0.18482148447493774</corner1><corner2>0.40239728250853074, 0.7398443429024191, 0.18482148447493774</corner2></bounds><pose><translation>-0.09385310010963643, 1.0069156922615285, -0.9063794285431019</translation><rotation><c1>0, 0, 0</c1><c2>0, 0, 0</c2><c3>0, 0, 0</c3></rotation></pose><symmetry><x>twoFold</x><y>cylindrical</y><z>twoFold</z></symmetry><detectionScore>-1.0</detectionScore></element><element><id>12</id><category>double_bed</category><bounds><corner1>-0.6986155073788163, -2.6464810617136605, -0.7667139255718329</corner1><corner2>0.6986155073788163, 2.6464810617136605, 0.7667139255718329</corner2></bounds><pose><translation>-2.3497274427671586, 0.31076890628564624, -1.105217749273056</translation><rotation><c1>0, 0, 0</c1><c2>0, 0, 0</c2><c3>0, 0, 0</c3></rotation></pose><symmetry><x>twoFold</x><y>cylindrical</y><z>twoFold</z></symmetry><detectionScore>-1.0</detectionScore></element><element><id>13</id><category>stand</category><bounds><corner1>-0.4823203704750427, -0.41139948110878954, -0.15571282667209085</corner1><corner2>0.4823203704750427, 0.41139948110878954, 0.15571282667209085</corner2></bounds><pose><translation>-2.9876539684239347, -1.9809893499703874, -1.6274780955191503</translation><rotation><c1>0, 0, 0</c1><c2>0, 0, 0</c2><c3>0, 0, 0</c3></rotation></pose><symmetry><x>twoFold</x><y>cylindrical</y><z>twoFold</z></symmetry><detectionScore>-1.0</detectionScore></element><element><id>14</id><category>toilet</category><bounds><corner1>-0.8151841978913099, -0.4978184539745121, -0.2955159735637094</corner1><corner2>0.8151841978913099, 0.4978184539745121, 0.2955159735637094</corner2></bounds><pose><translation>0.17705439999827605, -2.294950614022565, -1.3819739737157175</translation><rotation><c1>0, 0, 0</c1><c2>0, 0, 0</c2><c3>0, 0, 0</c3></rotation></pose><symmetry><x>twoFold</x><y>cylindrical</y><z>twoFold</z></symmetry><detectionScore>-1.0</detectionScore></element><element><id>15</id><category>wall</category><bounds><corner1>-1.8626764028378808, -2.8020066823047856, -1.4331970291800988</corner1><corner2>1.8626764028378808, 2.8020066823047856, 1.4331970291800988</corner2></bounds><pose><translation>-4.45914775836826, 0.4327484401595179, -0.08308818786554423</translation><rotation><c1>0, 0, 0</c1><c2>0, 0, 0</c2><c3>0, 0, 0</c3></rotation></pose><symmetry><x>twoFold</x><y>cylindrical</y><z>twoFold</z></symmetry><detectionScore>-1.0</detectionScore></element><element><id>16</id><category>wall</category><bounds><corner1>-1.9826562358354325, -0.9312631658700141, -1.3913924865913905</corner1><corner2>1.9826562358354325, 0.9312631658700141, 1.3913924865913905</corner2></bounds><pose><translation>-4.440510512194727, 2.589712996264142, -0.0300691869073089</translation><rotation><c1>0, 0, 0</c1><c2>0, 0, 0</c2><c3>0, 0, 0</c3></rotation></pose><symmetry><x>twoFold</x><y>cylindrical</y><z>twoFold</z></symmetry><detectionScore>-1.0</detectionScore></element><element><id>17</id><category>book</category><bounds><corner1>-0.4139257197644586, -0.380468140512463, -0.17730859610234018</corner1><corner2>0.4139257197644586, 0.380468140512463, 0.17730859610234018</corner2></bounds><pose><translation>-3.2257960011073212, -2.1479692724946524, -1.6151048375682842</translation><rotation><c1>0, 0, 0</c1><c2>0, 0, 0</c2><c3>0, 0, 0</c3></rotation></pose><symmetry><x>twoFold</x><y>cylindrical</y><z>twoFold</z></symmetry><detectionScore>-1.0</detectionScore></element><element><id>18</id><category>sofa</category><bounds><corner1>-0.5331651100787964, -2.257993857336655, -0.3773743599467516</corner1><corner2>0.5331651100787964, 2.257993857336655, 0.3773743599467516</corner2></bounds><pose><translation>-2.1667669524256237, 0.1854412371298506, -1.2136888846788638</translation><rotation><c1>0, 0, 0</c1><c2>0, 0, 0</c2><c3>0, 0, 0</c3></rotation></pose><symmetry><x>twoFold</x><y>cylindrical</y><z>twoFold</z></symmetry><detectionScore>-1.0</detectionScore></element><element><id>19</id><category>coffee_table</category><bounds><corner1>-0.8061062682124306, -1.5424962977667742, -0.21507323011038737</corner1><corner2>0.8061062682124306, 1.5424962977667742, 0.21507323011038737</corner2></bounds><pose><translation>0.25040437304994756, 1.6375492157382388, -0.9515355324858741</translation><rotation><c1>0, 0, 0</c1><c2>0, 0, 0</c2><c3>0, 0, 0</c3></rotation></pose><symmetry><x>twoFold</x><y>cylindrical</y><z>twoFold</z></symmetry><detectionScore>-1.0</detectionScore></element><element><id>20</id><category>curtain</category><bounds><corner1>-0.10993177241623697, -0.4202976439121491, -1.4648186736382294</corner1><corner2>0.10993177241623697, 0.4202976439121491, 1.4648186736382294</corner2></bounds><pose><translation>1.0884581124481132, -1.6098630064098727, 0.03209699753982315</translation><rotation><c1>0, 0, 0</c1><c2>0, 0, 0</c2><c3>0, 0, 0</c3></rotation></pose><symmetry><x>twoFold</x><y>cylindrical</y><z>twoFold</z></symmetry><detectionScore>-1.0</detectionScore></element><element><id>21</id><category>ottoman</category><bounds><corner1>-0.24201383100618878, -0.7051487044158918, -0.06796979229758504</corner1><corner2>0.24201383100618878, 0.7051487044158918, 0.06796979229758504</corner2></bounds><pose><translation>-1.85598478534266, 0.6746839054975265, -1.287342718247229</translation><rotation><c1>0, 0, 0</c1><c2>0, 0, 0</c2><c3>0, 0, 0</c3></rotation></pose><symmetry><x>twoFold</x><y>cylindrical</y><z>twoFold</z></symmetry><detectionScore>-1.0</detectionScore></element><element><id>22</id><category>coffee_table</category><bounds><corner1>-0.46363752639233013, -2.0038346124172897, -0.20351805987849236</corner1><corner2>0.46363752639233013, 2.0038346124172897, 0.20351805987849236</corner2></bounds><pose><translation>-0.21421592463992578, 1.5396674185373518, -0.9254495175719274</translation><rotation><c1>0, 0, 0</c1><c2>0, 0, 0</c2><c3>0, 0, 0</c3></rotation></pose><symmetry><x>twoFold</x><y>cylindrical</y><z>twoFold</z></symmetry><detectionScore>-1.0</detectionScore></element><element><id>23</id><category>coffee_table</category><bounds><corner1>-0.8454649666324733, -0.8812771827843868, -0.2376839589292108</corner1><corner2>0.8454649666324733, 0.8812771827843868, 0.2376839589292108</corner2></bounds><pose><translation>0.1749183689036263, 1.3773889798248222, -0.9728734982732249</translation><rotation><c1>0, 0, 0</c1><c2>0, 0, 0</c2><c3>0, 0, 0</c3></rotation></pose><symmetry><x>twoFold</x><y>cylindrical</y><z>twoFold</z></symmetry><detectionScore>-1.0</detectionScore></element><element><id>24</id><category>tv_stand</category><bounds><corner1>-0.8414673416098812, -0.35231267445195824, -0.4236943512278457</corner1><corner2>0.8414673416098812, 0.35231267445195824, 0.4236943512278457</corner2></bounds><pose><translation>-2.1277109985957234, 3.3334755354487915, -1.1833547025854294</translation><rotation><c1>0, 0, 0</c1><c2>0, 0, 0</c2><c3>0, 0, 0</c3></rotation></pose><symmetry><x>twoFold</x><y>cylindrical</y><z>twoFold</z></symmetry><detectionScore>-1.0</detectionScore></element><element><id>25</id><category>chair</category><bounds><corner1>-0.7892876773537776, -0.4869902556923271, -0.3424951013536146</corner1><corner2>0.7892876773537776, 0.4869902556923271, 0.3424951013536146</corner2></bounds><pose><translation>0.21052890757197013, -2.279872437795531, -1.3843055939219562</translation><rotation><c1>0, 0, 0</c1><c2>0, 0, 0</c2><c3>0, 0, 0</c3></rotation></pose><symmetry><x>twoFold</x><y>cylindrical</y><z>twoFold</z></symmetry><detectionScore>-1.0</detectionScore></element><element><id>26</id><category>office_chair</category><bounds><corner1>-0.7260734837448032, -2.051080545195301, -0.34220307222140656</corner1><corner2>0.7260734837448032, 2.051080545195301, 0.34220307222140656</corner2></bounds><pose><translation>0.06960116420141874, 1.7616730290373785, -0.9248485824091138</translation><rotation><c1>0, 0, 0</c1><c2>0, 0, 0</c2><c3>0, 0, 0</c3></rotation></pose><symmetry><x>twoFold</x><y>cylindrical</y><z>twoFold</z></symmetry><detectionScore>-1.0</detectionScore></element><element><id>27</id><category>mirror</category><bounds><corner1>-0.9712464142274667, -0.46424108874983583, -1.434406939607816</corner1><corner2>0.9712464142274667, 0.46424108874983583, 1.434406939607816</corner2></bounds><pose><translation>-0.009836168139060754, -3.3391837695477324, -0.00984878932319233</translation><rotation><c1>0, 0, 0</c1><c2>0, 0, 0</c2><c3>0, 0, 0</c3></rotation></pose><symmetry><x>twoFold</x><y>cylindrical</y><z>twoFold</z></symmetry><detectionScore>-1.0</detectionScore></element><element><id>28</id><category>floor_lamp</category><bounds><corner1>-0.3170230775253355, -0.3390786894926001, -1.2341753878160948</corner1><corner2>0.3170230775253355, 0.3390786894926001, 1.2341753878160948</corner2></bounds><pose><translation>-0.797473656897897, -3.1870869692732864, -0.48828314931697614</translation><rotation><c1>0, 0, 0</c1><c2>0, 0, 0</c2><c3>0, 0, 0</c3></rotation></pose><symmetry><x>twoFold</x><y>cylindrical</y><z>twoFold</z></symmetry><detectionScore>-1.0</detectionScore></element><element><id>29</id><category>shower</category><bounds><corner1>-1.0048043088232514, -1.0507742870279766, -1.590309721560277</corner1><corner2>1.0048043088232514, 1.0507742870279766, 1.590309721560277</corner2></bounds><pose><translation>-0.036536010814360684, -3.3336700596398785, -0.1686400241521546</translation><rotation><c1>0, 0, 0</c1><c2>0, 0, 0</c2><c3>0, 0, 0</c3></rotation></pose><symmetry><x>twoFold</x><y>cylindrical</y><z>twoFold</z></symmetry><detectionScore>-1.0</detectionScore></element><element><id>30</id><category>window</category><bounds><corner1>-0.1160599633973789, -0.7794089942123306, -0.9298773643596343</corner1><corner2>0.1160599633973789, 0.7794089942123306, 0.9298773643596343</corner2></bounds><pose><translation>1.2457440101253006, 0.050360146261408036, -0.14127475260586653</translation><rotation><c1>0, 0, 0</c1><c2>0, 0, 0</c2><c3>0, 0, 0</c3></rotation></pose><symmetry><x>twoFold</x><y>cylindrical</y><z>twoFold</z></symmetry><detectionScore>-1.0</detectionScore></element><element><id>31</id><category>wall</category><bounds><corner1>-1.7724473534434027, -0.1415639774832793, -1.4613808692822527</corner1><corner2>1.7724473534434027, 0.1415639774832793, 1.4613808692822527</corner2></bounds><pose><translation>-0.8654335731765648, 3.70998657729072, -0.09081671723669492</translation><rotation><c1>0, 0, 0</c1><c2>0, 0, 0</c2><c3>0, 0, 0</c3></rotation></pose><symmetry><x>twoFold</x><y>cylindrical</y><z>twoFold</z></symmetry><detectionScore>-1.0</detectionScore></element><element><id>32</id><category>chandelier</category><bounds><corner1>-0.6973268348515271, -1.4079136219183386, -0.08552176674506962</corner1><corner2>0.6973268348515271, 1.4079136219183386, 0.08552176674506962</corner2></bounds><pose><translation>-2.5092890863501114, 0.42121501066968614, 1.4502075223220574</translation><rotation><c1>0, 0, 0</c1><c2>0, 0, 0</c2><c3>0, 0, 0</c3></rotation></pose><symmetry><x>twoFold</x><y>cylindrical</y><z>twoFold</z></symmetry><detectionScore>-1.0</detectionScore></element></elements></scene>