<?xml version='1.0' encoding='utf-8'?>
<scene xmlns:sumo="https://www.sumochallenge.org"><version>2.0</version><categories><id>fb_categories_v1.0</id><url>https://sumochallenge.org/en/categories-1_0.json</url></categories><project_type>bounding_box</project_type><elements><element><id>7</id><category>wall</category><bounds><corner1>-0.69206221, -1.11026454, -0.29965576</corner1><corner2>0.69206221, 1.11026454, 0.29965576</corner2></bounds><pose><translation>-2.09009752,  0.01847656, -0.45841058</translation><rotation><c1>1., 0., 0.</c1><c2>0., 1., 0.</c2><c3>0., 0., 1.</c3></rotation></pose><symmetry><x>none</x><y>none</y><z>none</z></symmetry><detectionScore>-1</detectionScore></element><element><id>4</id><category>partition</category><bounds><corner1>-2.35223469, -1.37356352, -0.18762494</corner1><corner2>2.35223469, 1.37356352, 0.18762494</corner2></bounds><pose><translation> 3.60352557, -0.28515161,  7.39778806</translation><rotation><c1>1., 0., 0.</c1><c2>0., 1., 0.</c2><c3>0., 0., 1.</c3></rotation></pose><symmetry><x>none</x><y>none</y><z>none</z></symmetry><detectionScore>-1</detectionScore></element><element><id>9</id><category>chair</category><bounds><corner1>-0.80986133, -1.03323168, -0.45842009</corner1><corner2>0.80986133, 1.03323168, 0.45842009</corner2></bounds><pose><translation> 1.91595368, -1.42248477,  0.88458779</translation><rotation><c1>1., 0., 0.</c1><c2>0., 1., 0.</c2><c3>0., 0., 1.</c3></rotation></pose><symmetry><x>none</x><y>none</y><z>none</z></symmetry><detectionScore>-1</detectionScore></element><element><id>5</id><category>door</category><bounds><corner1>-0.14620366, -1.11070864, -1.06179858</corner1><corner2>0.14620366, 1.11070864, 1.06179858</corner2></bounds><pose><translation>-2.20213942, -0.54780808, -1.7499311 </translation><rotation><c1>1., 0., 0.</c1><c2>0., 1., 0.</c2><c3>0., 0., 1.</c3></rotation></pose><symmetry><x>none</x><y>none</y><z>none</z></symmetry><detectionScore>-1</detectionScore></element><element><id>12</id><category>column</category><bounds><corner1>-0.40663466, -1.28987502, -0.03099028</corner1><corner2>0.40663466, 1.28987502, 0.03099028</corner2></bounds><pose><translation> 0.58162216, -0.12084313, -1.61093221</translation><rotation><c1>1., 0., 0.</c1><c2>0., 1., 0.</c2><c3>0., 0., 1.</c3></rotation></pose><symmetry><x>none</x><y>none</y><z>none</z></symmetry><detectionScore>-1</detectionScore></element><element><id>2</id><category>dining_table</category><bounds><corner1>-2.80764355, -0.30148376, -0.44012774</corner1><corner2>2.80764355, 0.30148376, 0.44012774</corner2></bounds><pose><translation> 3.25488893, -0.68999278, -0.66047039</translation><rotation><c1>1., 0., 0.</c1><c2>0., 1., 0.</c2><c3>0., 0., 1.</c3></rotation></pose><symmetry><x>none</x><y>none</y><z>none</z></symmetry><detectionScore>-1</detectionScore></element><element><id>6</id><category>column</category><bounds><corner1>-0.52080209, -1.27861513, -0.92191697</corner1><corner2>0.52080209, 1.27861513, 0.92191697</corner2></bounds><pose><translation> 0.69028482, -0.09877616,  2.78003227</translation><rotation><c1>1., 0., 0.</c1><c2>0., 1., 0.</c2><c3>0., 0., 1.</c3></rotation></pose><symmetry><x>none</x><y>none</y><z>none</z></symmetry><detectionScore>-1</detectionScore></element><element><id>13</id><category>stairs</category><bounds><corner1>-2.12430691, -0.39209952, -1.8803019 </corner1><corner2>2.12430691, 0.39209952, 1.8803019 </corner2></bounds><pose><translation> 4.0967341 ,  0.81143224, -0.05681028</translation><rotation><c1>1., 0., 0.</c1><c2>0., 1., 0.</c2><c3>0., 0., 1.</c3></rotation></pose><symmetry><x>none</x><y>none</y><z>none</z></symmetry><detectionScore>-1</detectionScore></element><element><id>3</id><category>kitchen_cabinet</category><bounds><corner1>-0.02903051, -0.14096369, -0.19203842</corner1><corner2>0.02903051, 0.14096369, 0.19203842</corner2></bounds><pose><translation>-1.40099188, -0.79867298, -0.1153952 </translation><rotation><c1>1., 0., 0.</c1><c2>0., 1., 0.</c2><c3>0., 0., 1.</c3></rotation></pose><symmetry><x>none</x><y>none</y><z>none</z></symmetry><detectionScore>-1</detectionScore></element><element><id>8</id><category>window</category><bounds><corner1>-0.99113583, -0.67458526, -0.05398921</corner1><corner2>0.99113583, 0.67458526, 0.05398921</corner2></bounds><pose><translation>-0.72002265,  0.06677027,  3.26904712</translation><rotation><c1>1., 0., 0.</c1><c2>0., 1., 0.</c2><c3>0., 0., 1.</c3></rotation></pose><symmetry><x>none</x><y>none</y><z>none</z></symmetry><detectionScore>-1</detectionScore></element><element><id>1</id><category>chair</category><bounds><corner1>-1.46129507, -1.05408038, -0.41548872</corner1><corner2>1.46129507, 1.05408038, 0.41548872</corner2></bounds><pose><translation> 1.94790895, -1.44443559, -0.73497114</translation><rotation><c1>1., 0., 0.</c1><c2>0., 1., 0.</c2><c3>0., 0., 1.</c3></rotation></pose><symmetry><x>none</x><y>none</y><z>none</z></symmetry><detectionScore>-1</detectionScore></element><element><id>14</id><category>kitchen_cabinet</category><bounds><corner1>-0.03092315, -0.1977953 , -0.41503734</corner1><corner2>0.03092315, 0.1977953 , 0.41503734</corner2></bounds><pose><translation>-1.42396003, -0.85658423,  0.57210672</translation><rotation><c1>1., 0., 0.</c1><c2>0., 1., 0.</c2><c3>0., 0., 1.</c3></rotation></pose><symmetry><x>none</x><y>none</y><z>none</z></symmetry><detectionScore>-1</detectionScore></element></elements></scene>