<?xml version='1.0' encoding='utf-8'?>
<scene xmlns:sumo="https://www.sumochallenge.org"><version>2.0</version><categories><id>fb_categories_v1_0</id><url>https://sumochallenge.org/en/categories-1_0.json</url></categories><project_type>bounding_box</project_type><elements><element><id>0</id><category>window</category><bounds><corner1>-1.6389110572727483, -3.5121901968682323, -1.2966319430151099</corner1><corner2>1.6389110572727483, 3.5121901968682323, 1.2966319430151099</corner2></bounds><pose><translation>-2.7881833670503537, 4.430853589132177, 0.03047985784725465</translation><rotation><c1>0, 0, 0</c1><c2>0, 0, 0</c2><c3>0, 0, 0</c3></rotation></pose><symmetry><x>twoFold</x><y>cylindrical</y><z>twoFold</z></symmetry><detectionScore>-1.0</detectionScore></element><element><id>1</id><category>window</category><bounds><corner1>-0.8697016405275484, -0.08861908682677866, -1.318416776800082</corner1><corner2>0.8697016405275484, 0.08861908682677866, 1.318416776800082</corner2></bounds><pose><translation>-4.896818470199339, 1.9330402271849105, 0.004059756576915785</translation><rotation><c1>0, 0, 0</c1><c2>0, 0, 0</c2><c3>0, 0, 0</c3></rotation></pose><symmetry><x>twoFold</x><y>cylindrical</y><z>twoFold</z></symmetry><detectionScore>-1.0</detectionScore></element><element><id>2</id><category>garage_door</category><bounds><corner1>-6.94180588923742, -2.3029002757665444, -0.3027503940149607</corner1><corner2>6.94180588923742, 2.3029002757665444, 0.3027503940149607</corner2></bounds><pose><translation>0.0, 0.0, 0.0</translation><rotation><c1>0, 0, 0</c1><c2>0, 0, 0</c2><c3>0, 0, 0</c3></rotation></pose><symmetry><x>twoFold</x><y>cylindrical</y><z>twoFold</z></symmetry><detectionScore>-1.0</detectionScore></element><element><id>3</id><category>sofa</category><bounds><corner1>-5.316139643950104, -1.2975912676538464, -1.0793182042871954</corner1><corner2>5.316139643950104, 1.2975912676538464, 1.0793182042871954</corner2></bounds><pose><translation>-5.316139643950104, -0.4332523579000328, -1.0793182042871954</translation><rotation><c1>0, 0, 0</c1><c2>0, 0, 0</c2><c3>0, 0, 0</c3></rotation></pose><symmetry><x>twoFold</x><y>cylindrical</y><z>twoFold</z></symmetry><detectionScore>-1.0</detectionScore></element><element><id>4</id><category>arch</category><bounds><corner1>-4.032924104822561, -6.468462581667974, -1.050309323202985</corner1><corner2>4.032924104822561, 6.468462581667974, 1.050309323202985</corner2></bounds><pose><translation>2.7550974513350983, 3.5769091256202534, -0.5955474507717726</translation><rotation><c1>0, 0, 0</c1><c2>0, 0, 0</c2><c3>0, 0, 0</c3></rotation></pose><symmetry><x>twoFold</x><y>cylindrical</y><z>twoFold</z></symmetry><detectionScore>-1.0</detectionScore></element><element><id>5</id><category>fence</category><bounds><corner1>-6.918057517533098, -0.0, -0.46705770200584296</corner1><corner2>6.918057517533098, 0.0, 0.46705770200584296</corner2></bounds><pose><translation>0.0, 0.0, 0.0</translation><rotation><c1>0, 0, 0</c1><c2>0, 0, 0</c2><c3>0, 0, 0</c3></rotation></pose><symmetry><x>twoFold</x><y>cylindrical</y><z>twoFold</z></symmetry><detectionScore>-1.0</detectionScore></element><element><id>6</id><category>fence</category><bounds><corner1>-6.957500460210737, -3.188526599337033, -0.30228789948087575</corner1><corner2>6.957500460210737, 3.188526599337033, 0.30228789948087575</corner2></bounds><pose><translation>0.0, 0.0, 0.0</translation><rotation><c1>0, 0, 0</c1><c2>0, 0, 0</c2><c3>0, 0, 0</c3></rotation></pose><symmetry><x>twoFold</x><y>cylindrical</y><z>twoFold</z></symmetry><detectionScore>-1.0</detectionScore></element><element><id>7</id><category>fence</category><bounds><corner1>-6.951200632924613, -2.3218823667771047, -0.3024569486511673</corner1><corner2>6.951200632924613, 2.3218823667771047, 0.3024569486511673</corner2></bounds><pose><translation>0.0, 0.0, 0.0</translation><rotation><c1>0, 0, 0</c1><c2>0, 0, 0</c2><c3>0, 0, 0</c3></rotation></pose><symmetry><x>twoFold</x><y>cylindrical</y><z>twoFold</z></symmetry><detectionScore>-1.0</detectionScore></element><element><id>8</id><category>wall</category><bounds><corner1>-1.9056759000201944, -4.532244111324426, -1.3625807511317145</corner1><corner2>1.9056759000201944, 4.532244111324426, 1.3625807511317145</corner2></bounds><pose><translation>-2.761906114424462, 4.090352620871544, -0.009976617181230954</translation><rotation><c1>0, 0, 0</c1><c2>0, 0, 0</c2><c3>0, 0, 0</c3></rotation></pose><symmetry><x>twoFold</x><y>cylindrical</y><z>twoFold</z></symmetry><detectionScore>-1.0</detectionScore></element><element><id>9</id><category>armchair</category><bounds><corner1>-4.04355093725129, -1.687603140158324, -1.2485289656131884</corner1><corner2>4.04355093725129, 1.687603140158324, 1.2485289656131884</corner2></bounds><pose><translation>-4.04355093725129, -1.687603140158324, -1.2485289656131884</translation><rotation><c1>0, 0, 0</c1><c2>0, 0, 0</c2><c3>0, 0, 0</c3></rotation></pose><symmetry><x>twoFold</x><y>cylindrical</y><z>twoFold</z></symmetry><detectionScore>-1.0</detectionScore></element><element><id>10</id><category>fence</category><bounds><corner1>-0.0, -1.6780777261344952, -0.35461964908660665</corner1><corner2>0.0, 1.6780777261344952, 0.35461964908660665</corner2></bounds><pose><translation>0.0, 0.0, 0.0</translation><rotation><c1>0, 0, 0</c1><c2>0, 0, 0</c2><c3>0, 0, 0</c3></rotation></pose><symmetry><x>twoFold</x><y>cylindrical</y><z>twoFold</z></symmetry><detectionScore>-1.0</detectionScore></element><element><id>11</id><category>armchair</category><bounds><corner1>-5.367756913305405, -1.1217486056961419, -1.107013172823938</corner1><corner2>5.367756913305405, 1.1217486056961419, 1.107013172823938</corner2></bounds><pose><translation>-5.367756913305405, -0.5081437125077861, -1.107013172823938</translation><rotation><c1>0, 0, 0</c1><c2>0, 0, 0</c2><c3>0, 0, 0</c3></rotation></pose><symmetry><x>twoFold</x><y>cylindrical</y><z>twoFold</z></symmetry><detectionScore>-1.0</detectionScore></element><element><id>12</id><category>armchair</category><bounds><corner1>-0.5297364491209944, -1.3683967880470154, -0.5995432470965723</corner1><corner2>0.5297364491209944, 1.3683967880470154, 0.5995432470965723</corner2></bounds><pose><translation>-4.123607556685824, 0.6004305907712092, -1.2604613283964639</translation><rotation><c1>0, 0, 0</c1><c2>0, 0, 0</c2><c3>0, 0, 0</c3></rotation></pose><symmetry><x>twoFold</x><y>cylindrical</y><z>twoFold</z></symmetry><detectionScore>-1.0</detectionScore></element><element><id>13</id><category>column</category><bounds><corner1>-0.7195520626510552, -2.9280053306455494, -1.0310611536610845</corner1><corner2>0.7195520626510552, 2.9280053306455494, 1.0310611536610845</corner2></bounds><pose><translation>5.608772111258276, -2.9280053306455494, -0.5329976799467901</translation><rotation><c1>0, 0, 0</c1><c2>0, 0, 0</c2><c3>0, 0, 0</c3></rotation></pose><symmetry><x>twoFold</x><y>cylindrical</y><z>twoFold</z></symmetry><detectionScore>-1.0</detectionScore></element><element><id>14</id><category>outdoor_seating</category><bounds><corner1>-4.14865635628687, -1.5396687539613374, -1.095037253316166</corner1><corner2>4.14865635628687, 1.5396687539613374, 1.095037253316166</corner2></bounds><pose><translation>-4.14865635628687, 0.0, -0.8021354859553324</translation><rotation><c1>0, 0, 0</c1><c2>0, 0, 0</c2><c3>0, 0, 0</c3></rotation></pose><symmetry><x>twoFold</x><y>cylindrical</y><z>twoFold</z></symmetry><detectionScore>-1.0</detectionScore></element><element><id>15</id><category>wall</category><bounds><corner1>-0.8949594428461163, -0.08572423268695983, -1.4965343269563036</corner1><corner2>0.8949594428461163, 0.08572423268695983, 1.4965343269563036</corner2></bounds><pose><translation>-3.767573018932529, 1.9550381381208624, -0.10237779808537466</translation><rotation><c1>0, 0, 0</c1><c2>0, 0, 0</c2><c3>0, 0, 0</c3></rotation></pose><symmetry><x>twoFold</x><y>cylindrical</y><z>twoFold</z></symmetry><detectionScore>-1.0</detectionScore></element><element><id>16</id><category>wall</category><bounds><corner1>-4.689763468794898, -0.2566964566661536, -1.3557255781322646</corner1><corner2>4.689763468794898, 0.2566964566661536, 1.3557255781322646</corner2></bounds><pose><translation>1.9376482441265008, 10.143062888269926, -0.10843078960894549</translation><rotation><c1>0, 0, 0</c1><c2>0, 0, 0</c2><c3>0, 0, 0</c3></rotation></pose><symmetry><x>twoFold</x><y>cylindrical</y><z>twoFold</z></symmetry><detectionScore>-1.0</detectionScore></element><element><id>17</id><category>chair</category><bounds><corner1>-4.215977365613065, -6.317762515528182, -0.8059074753825799</corner1><corner2>4.215977365613065, 6.317762515528182, 0.8059074753825799</corner2></bounds><pose><translation>2.4191998359604536, 3.902231389521811, -0.8929169549909224</translation><rotation><c1>0, 0, 0</c1><c2>0, 0, 0</c2><c3>0, 0, 0</c3></rotation></pose><symmetry><x>twoFold</x><y>cylindrical</y><z>twoFold</z></symmetry><detectionScore>-1.0</detectionScore></element><element><id>18</id><category>door</category><bounds><corner1>-0.889395534907715, -0.09378727603831671, -1.4419561625522233</corner1><corner2>0.889395534907715, 0.09378727603831671, 1.4419561625522233</corner2></bounds><pose><translation>-4.9174612583723665, 1.9248667065981946, -0.12437710701742449</translation><rotation><c1>0, 0, 0</c1><c2>0, 0, 0</c2><c3>0, 0, 0</c3></rotation></pose><symmetry><x>twoFold</x><y>cylindrical</y><z>twoFold</z></symmetry><detectionScore>-1.0</detectionScore></element></elements></scene>