<?xml version='1.0' encoding='utf-8'?>
<scene xmlns:sumo="https://www.sumochallenge.org"><version>2.0</version><categories><id>fb_categories_v1_0</id><url>https://sumochallenge.org/en/categories-1_0.json</url></categories><project_type>bounding_box</project_type><elements><element><id>0</id><category>wall</category><bounds><corner1>-3.9821214210469265, -1.6539603689344116, -0.791041318217693</corner1><corner2>3.9821214210469265, 1.6539603689344116, 0.791041318217693</corner2></bounds><pose><translation>-0.17797639779130123, -0.1882360954870011, -2.0472088827397927</translation><rotation><c1>1, 0, 0</c1><c2>0, 1, 0</c2><c3>0, 0, 1</c3></rotation></pose><symmetry><x>twoFold</x><y>cylindrical</y><z>twoFold</z></symmetry><detectionScore>-1.0</detectionScore></element><element><id>1</id><category>wall</category><bounds><corner1>-0.32809301339242014, -1.710288322713271, -0.27624449710885424</corner1><corner2>0.32809301339242014, 1.710288322713271, 0.27624449710885424</corner2></bounds><pose><translation>0.4993040294733897, -0.19332749697995244, -2.0442934762658846</translation><rotation><c1>1, 0, 0</c1><c2>0, 1, 0</c2><c3>0, 0, 1</c3></rotation></pose><symmetry><x>twoFold</x><y>cylindrical</y><z>twoFold</z></symmetry><detectionScore>-1.0</detectionScore></element><element><id>2</id><category>washer</category><bounds><corner1>-0.9946466834577913, -0.3609229714798932, -0.622510550172807</corner1><corner2>0.9946466834577913, 0.3609229714798932, 0.622510550172807</corner2></bounds><pose><translation>0.06995854423369201, -0.8515919416456371, 1.2669509215573127</translation><rotation><c1>1, 0, 0</c1><c2>0, 1, 0</c2><c3>0, 0, 1</c3></rotation></pose><symmetry><x>twoFold</x><y>cylindrical</y><z>twoFold</z></symmetry><detectionScore>-1.0</detectionScore></element><element><id>3</id><category>kitchen_cabinet</category><bounds><corner1>-0.8121397031530209, -1.5965662238596536, -0.5600116784188172</corner1><corner2>0.8121397031530209, 1.5965662238596536, 0.5600116784188172</corner2></bounds><pose><translation>-2.3993372494098084, -0.5698762283359597, 1.058675373054428</translation><rotation><c1>1, 0, 0</c1><c2>0, 1, 0</c2><c3>0, 0, 1</c3></rotation></pose><symmetry><x>twoFold</x><y>cylindrical</y><z>twoFold</z></symmetry><detectionScore>-1.0</detectionScore></element><element><id>4</id><category>armchair</category><bounds><corner1>-2.1905994199774392, -0.8105168842815786, -0.4400244165751688</corner1><corner2>2.1905994199774392, 0.8105168842815786, 0.4400244165751688</corner2></bounds><pose><translation>3.3325112184257053, -1.4903394136731196, 1.1921521882224344</translation><rotation><c1>1, 0, 0</c1><c2>0, 1, 0</c2><c3>0, 0, 1</c3></rotation></pose><symmetry><x>twoFold</x><y>cylindrical</y><z>twoFold</z></symmetry><detectionScore>-1.0</detectionScore></element><element><id>5</id><category>wall</category><bounds><corner1>-0.14749824168356973, -1.3969064629570376, -1.4974900785150123</corner1><corner2>0.14749824168356973, 1.3969064629570376, 1.4974900785150123</corner2></bounds><pose><translation>5.236258556719141, -0.1004608332989817, -6.872346613667996</translation><rotation><c1>1, 0, 0</c1><c2>0, 1, 0</c2><c3>0, 0, 1</c3></rotation></pose><symmetry><x>twoFold</x><y>cylindrical</y><z>twoFold</z></symmetry><detectionScore>-1.0</detectionScore></element><element><id>6</id><category>wall</category><bounds><corner1>-1.1186565917258973, -1.4274467443011971, -0.6934410762031202</corner1><corner2>1.1186565917258973, 1.4274467443011971, 0.6934410762031202</corner2></bounds><pose><translation>4.227481694902829, -0.14621362972608637, -7.0925797488294995</translation><rotation><c1>1, 0, 0</c1><c2>0, 1, 0</c2><c3>0, 0, 1</c3></rotation></pose><symmetry><x>twoFold</x><y>cylindrical</y><z>twoFold</z></symmetry><detectionScore>-1.0</detectionScore></element><element><id>7</id><category>wall</category><bounds><corner1>-0.658916570836678, -1.446487166014531, -3.076780141672561</corner1><corner2>0.658916570836678, 1.446487166014531, 3.076780141672561</corner2></bounds><pose><translation>5.413867556513246, -0.11311399155532359, -1.5159807924373336</translation><rotation><c1>1, 0, 0</c1><c2>0, 1, 0</c2><c3>0, 0, 1</c3></rotation></pose><symmetry><x>twoFold</x><y>cylindrical</y><z>twoFold</z></symmetry><detectionScore>-1.0</detectionScore></element><element><id>8</id><category>picture_frame</category><bounds><corner1>-0.2970294760791282, -0.3419943761627344, -0.05390349188663679</corner1><corner2>0.2970294760791282, 0.3419943761627344, 0.05390349188663679</corner2></bounds><pose><translation>0.5378706373727826, 0.3957818682874956, 1.8653207090217159</translation><rotation><c1>1, 0, 0</c1><c2>0, 1, 0</c2><c3>0, 0, 1</c3></rotation></pose><symmetry><x>twoFold</x><y>cylindrical</y><z>twoFold</z></symmetry><detectionScore>-1.0</detectionScore></element><element><id>9</id><category>desk</category><bounds><corner1>-1.4909146144585685, -0.6858731809075254, -0.5982804341391934</corner1><corner2>1.4909146144585685, 0.6858731809075254, 0.5982804341391934</corner2></bounds><pose><translation>4.050317713296091, -1.2684351754698089, 1.0165852417417527</translation><rotation><c1>1, 0, 0</c1><c2>0, 1, 0</c2><c3>0, 0, 1</c3></rotation></pose><symmetry><x>twoFold</x><y>cylindrical</y><z>twoFold</z></symmetry><detectionScore>-1.0</detectionScore></element><element><id>10</id><category>wall</category><bounds><corner1>-0.6987931707604202, -1.359722831071763, -4.024424156573555</corner1><corner2>0.6987931707604202, 1.359722831071763, 4.024424156573555</corner2></bounds><pose><translation>5.373990956589504, -0.03689069569590166, -4.024424156573555</translation><rotation><c1>1, 0, 0</c1><c2>0, 1, 0</c2><c3>0, 0, 1</c3></rotation></pose><symmetry><x>twoFold</x><y>cylindrical</y><z>twoFold</z></symmetry><detectionScore>-1.0</detectionScore></element><element><id>11</id><category>chair</category><bounds><corner1>-2.1199611658729274, -0.7863297208161006, -0.4482317573196697</corner1><corner2>2.1199611658729274, 0.7863297208161006, 0.4482317573196697</corner2></bounds><pose><translation>3.403149472530217, -1.4351684092868524, 1.1836058585350222</translation><rotation><c1>1, 0, 0</c1><c2>0, 1, 0</c2><c3>0, 0, 1</c3></rotation></pose><symmetry><x>twoFold</x><y>cylindrical</y><z>twoFold</z></symmetry><detectionScore>-1.0</detectionScore></element><element><id>12</id><category>kitchen_cabinet</category><bounds><corner1>-0.7933975440525538, -1.7486339490083789, -0.49348424133419</corner1><corner2>0.7933975440525538, 1.7486339490083789, 0.49348424133419</corner2></bounds><pose><translation>-1.9672365644691827, -0.31607233987246064, 1.2818949668705075</translation><rotation><c1>1, 0, 0</c1><c2>0, 1, 0</c2><c3>0, 0, 1</c3></rotation></pose><symmetry><x>twoFold</x><y>cylindrical</y><z>twoFold</z></symmetry><detectionScore>-1.0</detectionScore></element><element><id>13</id><category>range_oven</category><bounds><corner1>-0.5409687206510159, -0.3782370626846254, -0.2740776676622343</corner1><corner2>0.5409687206510159, 0.3782370626846254, 0.2740776676622343</corner2></bounds><pose><translation>-0.7039340807926491, -0.9060551360120568, -1.368741445772693</translation><rotation><c1>1, 0, 0</c1><c2>0, 1, 0</c2><c3>0, 0, 1</c3></rotation></pose><symmetry><x>twoFold</x><y>cylindrical</y><z>twoFold</z></symmetry><detectionScore>-1.0</detectionScore></element><element><id>14</id><category>refrigerator</category><bounds><corner1>-0.1376443655340749, -1.21130139171408, -0.5107407391228659</corner1><corner2>0.1376443655340749, 1.21130139171408, 0.5107407391228659</corner2></bounds><pose><translation>-3.671167100527674, -0.5184940186824021, -0.21125352185866292</translation><rotation><c1>1, 0, 0</c1><c2>0, 1, 0</c2><c3>0, 0, 1</c3></rotation></pose><symmetry><x>twoFold</x><y>cylindrical</y><z>twoFold</z></symmetry><detectionScore>-1.0</detectionScore></element><element><id>15</id><category>kitchen_cabinet</category><bounds><corner1>-1.4647145799058374, -0.5915708561202553, -0.609032490186976</corner1><corner2>1.4647145799058374, 0.5915708561202553, 0.609032490186976</corner2></bounds><pose><translation>-3.421865974882674, -0.9128711698262683, 0.9779570578429103</translation><rotation><c1>1, 0, 0</c1><c2>0, 1, 0</c2><c3>0, 0, 1</c3></rotation></pose><symmetry><x>twoFold</x><y>cylindrical</y><z>twoFold</z></symmetry><detectionScore>-1.0</detectionScore></element><element><id>16</id><category>hanger</category><bounds><corner1>-0.12306118630328378, -0.8192679367907596, -0.5084713882768934</corner1><corner2>0.12306118630328378, 0.8192679367907596, 0.5084713882768934</corner2></bounds><pose><translation>5.278239881085413, -0.8858642446073536, -5.750373088107208</translation><rotation><c1>1, 0, 0</c1><c2>0, 1, 0</c2><c3>0, 0, 1</c3></rotation></pose><symmetry><x>twoFold</x><y>cylindrical</y><z>twoFold</z></symmetry><detectionScore>-1.0</detectionScore></element><element><id>17</id><category>shelving</category><bounds><corner1>-0.15938650012425182, -0.8898611972883447, -0.9348461532403141</corner1><corner2>0.15938650012425182, 0.8898611972883447, 0.9348461532403141</corner2></bounds><pose><translation>5.364381198881137, 0.22359007331496353, -2.822231550358408</translation><rotation><c1>1, 0, 0</c1><c2>0, 1, 0</c2><c3>0, 0, 1</c3></rotation></pose><symmetry><x>twoFold</x><y>cylindrical</y><z>twoFold</z></symmetry><detectionScore>-1.0</detectionScore></element><element><id>18</id><category>door</category><bounds><corner1>-0.6729859593877592, -1.1679046883411215, -4.618561858044921</corner1><corner2>0.6729859593877592, 1.1679046883411215, 4.618561858044921</corner2></bounds><pose><translation>5.399798167962165, -0.2779446091704594, -4.618561858044921</translation><rotation><c1>1, 0, 0</c1><c2>0, 1, 0</c2><c3>0, 0, 1</c3></rotation></pose><symmetry><x>twoFold</x><y>cylindrical</y><z>twoFold</z></symmetry><detectionScore>-1.0</detectionScore></element><element><id>19</id><category>wall</category><bounds><corner1>-1.5736673154452956, -1.43293012197908, -1.662606960108126</corner1><corner2>1.5736673154452956, 1.43293012197908, 1.662606960108126</corner2></bounds><pose><translation>-3.9618363710439044, -0.06379323980802987, -0.04675069354853183</translation><rotation><c1>1, 0, 0</c1><c2>0, 1, 0</c2><c3>0, 0, 1</c3></rotation></pose><symmetry><x>twoFold</x><y>cylindrical</y><z>twoFold</z></symmetry><detectionScore>-1.0</detectionScore></element><element><id>20</id><category>kitchen_cabinet</category><bounds><corner1>-0.14099131045252467, -1.3418842355915377, -0.5396815046807455</corner1><corner2>0.14099131045252467, 1.3418842355915377, 0.5396815046807455</corner2></bounds><pose><translation>-3.6745140454461236, -0.41518029772849646, -0.20552640900237776</translation><rotation><c1>1, 0, 0</c1><c2>0, 1, 0</c2><c3>0, 0, 1</c3></rotation></pose><symmetry><x>twoFold</x><y>cylindrical</y><z>twoFold</z></symmetry><detectionScore>-1.0</detectionScore></element><element><id>21</id><category>door</category><bounds><corner1>-0.15167705506851092, -1.1693399734540055, -0.6965012565006452</corner1><corner2>0.15167705506851092, 1.1693399734540055, 0.6965012565006452</corner2></bounds><pose><translation>5.206389830701916, -0.5030214272392686, -7.0956399291270245</translation><rotation><c1>1, 0, 0</c1><c2>0, 1, 0</c2><c3>0, 0, 1</c3></rotation></pose><symmetry><x>twoFold</x><y>cylindrical</y><z>twoFold</z></symmetry><detectionScore>-1.0</detectionScore></element><element><id>22</id><category>dishwasher</category><bounds><corner1>-0.9485329927291707, -0.33910026504034063, -0.6203638666960662</corner1><corner2>0.9485329927291707, 0.33910026504034063, 0.6203638666960662</corner2></bounds><pose><translation>0.08312371037046194, -0.8515661502324554, 1.2692759804180012</translation><rotation><c1>1, 0, 0</c1><c2>0, 1, 0</c2><c3>0, 0, 1</c3></rotation></pose><symmetry><x>twoFold</x><y>cylindrical</y><z>twoFold</z></symmetry><detectionScore>-1.0</detectionScore></element><element><id>23</id><category>wall</category><bounds><corner1>-4.520743750304037, -1.341967220815834, -0.07952997294128972</corner1><corner2>4.520743750304037, 1.341967220815834, 0.07952997294128972</corner2></bounds><pose><translation>0.7921823191019576, -0.04674655204117778, -2.1072344604153246</translation><rotation><c1>1, 0, 0</c1><c2>0, 1, 0</c2><c3>0, 0, 1</c3></rotation></pose><symmetry><x>twoFold</x><y>cylindrical</y><z>twoFold</z></symmetry><detectionScore>-1.0</detectionScore></element><element><id>24</id><category>mirror</category><bounds><corner1>-0.30722018342914825, -0.3610290247357808, -0.05658407123935083</corner1><corner2>0.30722018342914825, 0.3610290247357808, 0.05658407123935083</corner2></bounds><pose><translation>0.5413377544682385, 0.388472031906024, 1.8651036766631248</translation><rotation><c1>1, 0, 0</c1><c2>0, 1, 0</c2><c3>0, 0, 1</c3></rotation></pose><symmetry><x>twoFold</x><y>cylindrical</y><z>twoFold</z></symmetry><detectionScore>-1.0</detectionScore></element><element><id>25</id><category>dining_table</category><bounds><corner1>-1.6069854360143085, -0.7947122551630736, -0.6148675969322379</corner1><corner2>1.6069854360143085, 0.7947122551630736, 0.6148675969322379</corner2></bounds><pose><translation>3.9342468917403512, -1.3944479486640906, 1.0065985631748509</translation><rotation><c1>1, 0, 0</c1><c2>0, 1, 0</c2><c3>0, 0, 1</c3></rotation></pose><symmetry><x>twoFold</x><y>cylindrical</y><z>twoFold</z></symmetry><detectionScore>-1.0</detectionScore></element></elements></scene>