<?xml version='1.0' encoding='utf-8'?>
<scene xmlns:sumo="https://www.sumochallenge.org"><version>2.0</version><categories><id>fb_categories_v1.0</id><url>https://sumochallenge.org/en/categories-1_0.json</url></categories><project_type>bounding_box</project_type><elements><element><id>2</id><category>vacuum_cleaner</category><bounds><corner1>-0.47749432, -0.65327066, -0.44498609</corner1><corner2>0.47749432, 0.65327066, 0.44498609</corner2></bounds><pose><translation>-0.73243886, -1.19104927, -2.09300532</translation><rotation><c1>1., 0., 0.</c1><c2>0., 1., 0.</c2><c3>0., 0., 1.</c3></rotation></pose><symmetry><x>none</x><y>cylindrical</y><z>none</z></symmetry><detectionScore>0.9505242</detectionScore></element><element><id>4</id><category>iron</category><bounds><corner1>-0.31272656, -0.11330419, -0.30499095</corner1><corner2>0.31272656, 0.11330419, 0.30499095</corner2></bounds><pose><translation>-1.5221286 , -1.44204329,  2.2329748 </translation><rotation><c1>1., 0., 0.</c1><c2>0., 1., 0.</c2><c3>0., 0., 1.</c3></rotation></pose><symmetry><x>none</x><y>cylindrical</y><z>none</z></symmetry><detectionScore>0.5941107</detectionScore></element><element><id>1</id><category>ironing_board</category><bounds><corner1>-0.9140483 , -0.57443798, -0.10612261</corner1><corner2>0.9140483 , 0.57443798, 0.10612261</corner2></bounds><pose><translation>-1.05510496, -1.24372252,  2.45704513</translation><rotation><c1>1., 0., 0.</c1><c2>0., 1., 0.</c2><c3>0., 0., 1.</c3></rotation></pose><symmetry><x>none</x><y>twoFold</y><z>none</z></symmetry><detectionScore>0.9878906</detectionScore></element><element><id>5</id><category>wall</category><bounds><corner1>-0.12596051, -1.08040848, -2.01925418</corner1><corner2>0.12596051, 1.08040848, 2.01925418</corner2></bounds><pose><translation> 4.77954725, -0.06106216,  0.08998089</translation><rotation><c1>1., 0., 0.</c1><c2>0., 1., 0.</c2><c3>0., 0., 1.</c3></rotation></pose><symmetry><x>none</x><y>twoFold</y><z>none</z></symmetry><detectionScore>0.97991574</detectionScore></element><element><id>3</id><category>door</category><bounds><corner1>-0.14496488, -1.04088301, -0.22393011</corner1><corner2>0.14496488, 1.04088301, 0.22393011</corner2></bounds><pose><translation>-1.97791518, -0.45582439,  1.55430718</translation><rotation><c1>1., 0., 0.</c1><c2>0., 1., 0.</c2><c3>0., 0., 1.</c3></rotation></pose><symmetry><x>twoFold</x><y>twoFold</y><z>twoFold</z></symmetry><detectionScore>0.98434466</detectionScore></element></elements></scene>