<?xml version='1.0' encoding='utf-8'?>
<scene xmlns:sumo="https://www.sumochallenge.org"><version>2.0</version><categories><id>fb_categories_v1.0</id><url>https://sumochallenge.org/en/categories-1_0.json</url></categories><project_type>bounding_box</project_type><elements><element><id>6</id><category>arch</category><bounds><corner1>-1.3222559 , -1.24448554, -1.88369982</corner1><corner2>1.3222559 , 1.24448554, 1.88369982</corner2></bounds><pose><translation>-2.87289498, -0.25156652,  4.33984792</translation><rotation><c1>1., 0., 0.</c1><c2>0., 1., 0.</c2><c3>0., 0., 1.</c3></rotation></pose><symmetry><x>none</x><y>none</y><z>none</z></symmetry><detectionScore>-1</detectionScore></element><element><id>5</id><category>picture_frame</category><bounds><corner1>-0.77039666, -0.44006775, -0.04516949</corner1><corner2>0.77039666, 0.44006775, 0.04516949</corner2></bounds><pose><translation>1.62454199, 0.37704746, 2.51879654</translation><rotation><c1>1., 0., 0.</c1><c2>0., 1., 0.</c2><c3>0., 0., 1.</c3></rotation></pose><symmetry><x>none</x><y>none</y><z>none</z></symmetry><detectionScore>-1</detectionScore></element><element><id>3</id><category>sofa</category><bounds><corner1>-0.9303169 , -0.49705769, -1.0599308 </corner1><corner2>0.9303169 , 0.49705769, 1.0599308 </corner2></bounds><pose><translation> 2.72083921, -0.94450686,  0.1440996 </translation><rotation><c1>1., 0., 0.</c1><c2>0., 1., 0.</c2><c3>0., 0., 1.</c3></rotation></pose><symmetry><x>none</x><y>none</y><z>none</z></symmetry><detectionScore>-1</detectionScore></element><element><id>4</id><category>plant</category><bounds><corner1>-0.85987957, -1.29259231, -0.74094769</corner1><corner2>0.85987957, 1.29259231, 0.74094769</corner2></bounds><pose><translation> 2.7739914 , -0.10152898,  1.83531536</translation><rotation><c1>1., 0., 0.</c1><c2>0., 1., 0.</c2><c3>0., 0., 1.</c3></rotation></pose><symmetry><x>none</x><y>none</y><z>none</z></symmetry><detectionScore>-1</detectionScore></element><element><id>2</id><category>picture_frame</category><bounds><corner1>-0.07396663, -1.02312933, -1.95243375</corner1><corner2>0.07396663, 1.02312933, 1.95243375</corner2></bounds><pose><translation> 3.62684128,  0.039132  , -0.16896448</translation><rotation><c1>1., 0., 0.</c1><c2>0., 1., 0.</c2><c3>0., 0., 1.</c3></rotation></pose><symmetry><x>none</x><y>none</y><z>none</z></symmetry><detectionScore>-1</detectionScore></element><element><id>1</id><category>picture_frame</category><bounds><corner1>-0.29396599, -1.23043434, -2.1098034 </corner1><corner2>0.29396599, 1.23043434, 2.1098034 </corner2></bounds><pose><translation>-2.90178637, -0.04781507,  0.10647945</translation><rotation><c1>1., 0., 0.</c1><c2>0., 1., 0.</c2><c3>0., 0., 1.</c3></rotation></pose><symmetry><x>none</x><y>none</y><z>none</z></symmetry><detectionScore>-1</detectionScore></element></elements></scene>