<?xml version='1.0' encoding='utf-8'?>
<scene xmlns:sumo="https://www.sumochallenge.org"><version>2.0</version><categories><id>fb_categories_v1_0</id><url>https://sumochallenge.org/en/categories-1_0.json</url></categories><project_type>bounding_box</project_type><elements><element><id>0</id><category>laptop</category><bounds><corner1>-0.027006741595511752, -0.6462023774950838, -0.0932398542308091</corner1><corner2>0.027006741595511752, 0.6462023774950838, 0.0932398542308091</corner2></bounds><pose><translation>-1.1412630311692364, 1.9886363425809166, -0.5356823596306225</translation><rotation><c1>0, 0, 0</c1><c2>0, 0, 0</c2><c3>0, 0, 0</c3></rotation></pose><symmetry><x>twoFold</x><y>cylindrical</y><z>twoFold</z></symmetry><detectionScore>-1.0</detectionScore></element><element><id>1</id><category>door</category><bounds><corner1>-0.6059609207443153, -1.1889164296821382, -1.6334448647452442</corner1><corner2>0.6059609207443153, 1.1889164296821382, 1.6334448647452442</corner2></bounds><pose><translation>-2.441375321852454, 1.2715939964529182, -0.2831045085957926</translation><rotation><c1>0, 0, 0</c1><c2>0, 0, 0</c2><c3>0, 0, 0</c3></rotation></pose><symmetry><x>twoFold</x><y>cylindrical</y><z>twoFold</z></symmetry><detectionScore>-1.0</detectionScore></element><element><id>2</id><category>window</category><bounds><corner1>-0.0940380285865805, -0.8750053405732812, -0.8125888234423458</corner1><corner2>0.0940380285865805, 0.8750053405732812, 0.8125888234423458</corner2></bounds><pose><translation>4.046859143036546, -2.7594892455237723, 0.066500104091066</translation><rotation><c1>0, 0, 0</c1><c2>0, 0, 0</c2><c3>0, 0, 0</c3></rotation></pose><symmetry><x>twoFold</x><y>cylindrical</y><z>twoFold</z></symmetry><detectionScore>-1.0</detectionScore></element><element><id>3</id><category>kitchen_cabinet</category><bounds><corner1>-0.8903413765341681, -0.5004301353280767, -1.609274799848399</corner1><corner2>0.8903413765341681, 0.5004301353280767, 1.609274799848399</corner2></bounds><pose><translation>3.14008438445241, 1.9143109933247573, -0.5448843430638142</translation><rotation><c1>0, 0, 0</c1><c2>0, 0, 0</c2><c3>0, 0, 0</c3></rotation></pose><symmetry><x>twoFold</x><y>cylindrical</y><z>twoFold</z></symmetry><detectionScore>-1.0</detectionScore></element><element><id>4</id><category>coffee_table</category><bounds><corner1>-0.5732629735652943, -0.5755609153924759, -0.3420730857514097</corner1><corner2>0.5732629735652943, 0.5755609153924759, 0.3420730857514097</corner2></bounds><pose><translation>-0.8708128250922413, 2.0054535347401075, -0.9279181503626526</translation><rotation><c1>0, 0, 0</c1><c2>0, 0, 0</c2><c3>0, 0, 0</c3></rotation></pose><symmetry><x>twoFold</x><y>cylindrical</y><z>twoFold</z></symmetry><detectionScore>-1.0</detectionScore></element><element><id>5</id><category>kitchen_cabinet</category><bounds><corner1>-0.5134001199916431, -0.6790405376785493, -1.4111763711328011</corner1><corner2>0.5134001199916431, 0.6790405376785493, 1.4111763711328011</corner2></bounds><pose><translation>3.5615592536653553, 1.6606686996201012, -0.4712797765952361</translation><rotation><c1>0, 0, 0</c1><c2>0, 0, 0</c2><c3>0, 0, 0</c3></rotation></pose><symmetry><x>twoFold</x><y>cylindrical</y><z>twoFold</z></symmetry><detectionScore>-1.0</detectionScore></element><element><id>6</id><category>window</category><bounds><corner1>-0.8435688985953249, -0.07855672634292876, -0.847611261742463</corner1><corner2>0.8435688985953249, 0.07855672634292876, 0.847611261742463</corner2></bounds><pose><translation>-0.8255606278137758, 2.6477994105882905, 0.06356306338565111</translation><rotation><c1>0, 0, 0</c1><c2>0, 0, 0</c2><c3>0, 0, 0</c3></rotation></pose><symmetry><x>twoFold</x><y>cylindrical</y><z>twoFold</z></symmetry><detectionScore>-1.0</detectionScore></element><element><id>7</id><category>wall</category><bounds><corner1>-0.31030117769463583, -1.6864094615808596, -1.3706751298865592</corner1><corner2>0.31030117769463583, 1.6864094615808596, 1.3706751298865592</corner2></bounds><pose><translation>-2.159899137747657, 0.7564747952908215, -0.018103052675090693</translation><rotation><c1>0, 0, 0</c1><c2>0, 0, 0</c2><c3>0, 0, 0</c3></rotation></pose><symmetry><x>twoFold</x><y>cylindrical</y><z>twoFold</z></symmetry><detectionScore>-1.0</detectionScore></element><element><id>8</id><category>microwave</category><bounds><corner1>-0.31119439841323393, -0.7562112781020938, -0.22077305153363214</corner1><corner2>0.31119439841323393, 0.7562112781020938, 0.22077305153363214</corner2></bounds><pose><translation>-1.3974538274179718, 1.8212305297121656, -0.620729281247496</translation><rotation><c1>0, 0, 0</c1><c2>0, 0, 0</c2><c3>0, 0, 0</c3></rotation></pose><symmetry><x>twoFold</x><y>cylindrical</y><z>twoFold</z></symmetry><detectionScore>-1.0</detectionScore></element><element><id>9</id><category>wall</category><bounds><corner1>-1.4365390779183707, -0.20922159960746223, -1.5060910046350267</corner1><corner2>1.4365390779183707, 0.20922159960746223, 1.5060910046350267</corner2></bounds><pose><translation>-0.17977283716561743, 2.500636793115814, -0.08546665487750343</translation><rotation><c1>0, 0, 0</c1><c2>0, 0, 0</c2><c3>0, 0, 0</c3></rotation></pose><symmetry><x>twoFold</x><y>cylindrical</y><z>twoFold</z></symmetry><detectionScore>-1.0</detectionScore></element><element><id>10</id><category>chandelier</category><bounds><corner1>-1.4677649266750015, -0.41914516563036364, -0.08431024315125812</corner1><corner2>1.4677649266750015, 0.41914516563036364, 0.08431024315125812</corner2></bounds><pose><translation>2.6171337903637584, -0.9714337500581403, 1.3778019945701823</translation><rotation><c1>0, 0, 0</c1><c2>0, 0, 0</c2><c3>0, 0, 0</c3></rotation></pose><symmetry><x>twoFold</x><y>cylindrical</y><z>twoFold</z></symmetry><detectionScore>-1.0</detectionScore></element><element><id>11</id><category>washer</category><bounds><corner1>-0.6491033789434124, -0.531484908980398, -0.47130989173024374</corner1><corner2>0.6491033789434124, 0.531484908980398, 0.47130989173024374</corner2></bounds><pose><translation>3.4148555870861563, -1.1831451565643216, -1.1038304182509295</translation><rotation><c1>0, 0, 0</c1><c2>0, 0, 0</c2><c3>0, 0, 0</c3></rotation></pose><symmetry><x>twoFold</x><y>cylindrical</y><z>twoFold</z></symmetry><detectionScore>-1.0</detectionScore></element><element><id>12</id><category>table_and_chair</category><bounds><corner1>-1.7209916328903463, -0.5155357936359168, -0.9797542625555976</corner1><corner2>1.7209916328903463, 0.5155357936359168, 0.9797542625555976</corner2></bounds><pose><translation>0.7643094367264129, -2.4896885514260525, -1.5647064119488854</translation><rotation><c1>0, 0, 0</c1><c2>0, 0, 0</c2><c3>0, 0, 0</c3></rotation></pose><symmetry><x>twoFold</x><y>cylindrical</y><z>twoFold</z></symmetry><detectionScore>-1.0</detectionScore></element><element><id>13</id><category>wall</category><bounds><corner1>-2.584900932151653, -1.580079646269036, -1.4427367636643254</corner1><corner2>2.584900932151653, 1.580079646269036, 1.4427367636643254</corner2></bounds><pose><translation>0.9747960481899645, -3.722248129945303, -0.1048860483886235</translation><rotation><c1>0, 0, 0</c1><c2>0, 0, 0</c2><c3>0, 0, 0</c3></rotation></pose><symmetry><x>twoFold</x><y>cylindrical</y><z>twoFold</z></symmetry><detectionScore>-1.0</detectionScore></element><element><id>14</id><category>wall</category><bounds><corner1>-0.15351230484698775, -2.695951696182446, -1.5038858905806074</corner1><corner2>0.15351230484698775, 2.695951696182446, 1.5038858905806074</corner2></bounds><pose><translation>3.973439918180504, -0.6373328589374502, -0.18345772845930847</translation><rotation><c1>0, 0, 0</c1><c2>0, 0, 0</c2><c3>0, 0, 0</c3></rotation></pose><symmetry><x>twoFold</x><y>cylindrical</y><z>twoFold</z></symmetry><detectionScore>-1.0</detectionScore></element><element><id>15</id><category>desk</category><bounds><corner1>-0.569793883733501, -0.537097228185698, -0.39369633963978123</corner1><corner2>0.569793883733501, 0.537097228185698, 0.39369633963978123</corner2></bounds><pose><translation>-0.8636694809210989, 2.0470156409175404, -0.9745981414371736</translation><rotation><c1>0, 0, 0</c1><c2>0, 0, 0</c2><c3>0, 0, 0</c3></rotation></pose><symmetry><x>twoFold</x><y>cylindrical</y><z>twoFold</z></symmetry><detectionScore>-1.0</detectionScore></element><element><id>16</id><category>chair</category><bounds><corner1>-0.3947564086632288, -0.46540761828763966, -0.5579596905373956</corner1><corner2>0.3947564086632288, 0.46540761828763966, 0.5579596905373956</corner2></bounds><pose><translation>0.04432013485910801, -2.5325618413508413, -1.2753726101276919</translation><rotation><c1>0, 0, 0</c1><c2>0, 0, 0</c2><c3>0, 0, 0</c3></rotation></pose><symmetry><x>twoFold</x><y>cylindrical</y><z>twoFold</z></symmetry><detectionScore>-1.0</detectionScore></element><element><id>17</id><category>hanging_kitchen_cabinet</category><bounds><corner1>-0.44364358436284324, -0.27599466693022734, -0.3032272934653144</corner1><corner2>0.44364358436284324, 0.27599466693022734, 0.3032272934653144</corner2></bounds><pose><translation>3.2775163934834066, 2.076614032768063, 0.30791171652971294</translation><rotation><c1>0, 0, 0</c1><c2>0, 0, 0</c2><c3>0, 0, 0</c3></rotation></pose><symmetry><x>twoFold</x><y>cylindrical</y><z>twoFold</z></symmetry><detectionScore>-1.0</detectionScore></element><element><id>18</id><category>table_and_chair</category><bounds><corner1>-1.292190877267595, -0.8121778419320034, -0.33620258281755094</corner1><corner2>1.292190877267595, 0.8121778419320034, 0.33620258281755094</corner2></bounds><pose><translation>0.9049189432768145, -2.8677077546981566, -0.8225954191099336</translation><rotation><c1>0, 0, 0</c1><c2>0, 0, 0</c2><c3>0, 0, 0</c3></rotation></pose><symmetry><x>twoFold</x><y>cylindrical</y><z>twoFold</z></symmetry><detectionScore>-1.0</detectionScore></element><element><id>19</id><category>refrigerator</category><bounds><corner1>-0.9259523003997686, -0.5899304895840372, -1.1652289957134292</corner1><corner2>0.9259523003997686, 0.5899304895840372, 1.1652289957134292</corner2></bounds><pose><translation>0.6644715300349769, 1.9350214520674038, -0.7220920682370178</translation><rotation><c1>0, 0, 0</c1><c2>0, 0, 0</c2><c3>0, 0, 0</c3></rotation></pose><symmetry><x>twoFold</x><y>cylindrical</y><z>twoFold</z></symmetry><detectionScore>-1.0</detectionScore></element><element><id>20</id><category>kitchen_cabinet</category><bounds><corner1>-0.6449479332400099, -0.46916124557359173, -0.832094874153881</corner1><corner2>0.6449479332400099, 0.46916124557359173, 0.832094874153881</corner2></bounds><pose><translation>3.479631672942073, -0.41155618999086513, -0.859830821639396</translation><rotation><c1>0, 0, 0</c1><c2>0, 0, 0</c2><c3>0, 0, 0</c3></rotation></pose><symmetry><x>twoFold</x><y>cylindrical</y><z>twoFold</z></symmetry><detectionScore>-1.0</detectionScore></element><element><id>21</id><category>chandelier</category><bounds><corner1>-0.44571220553778446, -0.30091289708629465, -0.6179404668156248</corner1><corner2>0.44571220553778446, 0.30091289708629465, 0.6179404668156248</corner2></bounds><pose><translation>-0.5570158034981281, -1.2320837460817275, 0.866531146148908</translation><rotation><c1>0, 0, 0</c1><c2>0, 0, 0</c2><c3>0, 0, 0</c3></rotation></pose><symmetry><x>twoFold</x><y>cylindrical</y><z>twoFold</z></symmetry><detectionScore>-1.0</detectionScore></element><element><id>22</id><category>dining_table</category><bounds><corner1>-1.2904098778530289, -0.3870120894733189, -0.7706239406264677</corner1><corner2>1.2904098778530289, 0.3870120894733189, 0.7706239406264677</corner2></bounds><pose><translation>0.6987028049981839, -2.4031452897781924, -1.4516171201331394</translation><rotation><c1>0, 0, 0</c1><c2>0, 0, 0</c2><c3>0, 0, 0</c3></rotation></pose><symmetry><x>twoFold</x><y>cylindrical</y><z>twoFold</z></symmetry><detectionScore>-1.0</detectionScore></element><element><id>23</id><category>dining_table</category><bounds><corner1>-0.5776943491393332, -0.5501883360266726, -0.37219698517197153</corner1><corner2>0.5776943491393332, 0.5501883360266726, 0.37219698517197153</corner2></bounds><pose><translation>-0.8544156802747724, 2.030866859078003, -0.9725146371810198</translation><rotation><c1>0, 0, 0</c1><c2>0, 0, 0</c2><c3>0, 0, 0</c3></rotation></pose><symmetry><x>twoFold</x><y>cylindrical</y><z>twoFold</z></symmetry><detectionScore>-1.0</detectionScore></element><element><id>24</id><category>kitchen_cabinet</category><bounds><corner1>-0.3532616404644342, -0.6242323355723851, -1.3324741915158973</corner1><corner2>0.3532616404644342, 0.6242323355723851, 1.3324741915158973</corner2></bounds><pose><translation>3.7679666378026972, 0.630187326520675, -0.5012079919358412</translation><rotation><c1>0, 0, 0</c1><c2>0, 0, 0</c2><c3>0, 0, 0</c3></rotation></pose><symmetry><x>twoFold</x><y>cylindrical</y><z>twoFold</z></symmetry><detectionScore>-1.0</detectionScore></element></elements></scene>