<?xml version='1.0' encoding='utf-8'?>
<scene xmlns:sumo="https://www.sumochallenge.org"><version>2.0</version><categories><id>fb_categories_v1_0</id><url>https://sumochallenge.org/en/categories-1_0.json</url></categories><project_type>bounding_box</project_type><elements><element><id>0</id><category>kitchen_cabinet</category><bounds><corner1>-0.34641094234785796, -0.5550109056633925, -0.47588174084315193</corner1><corner2>0.34641094234785796, 0.5550109056633925, 0.47588174084315193</corner2></bounds><pose><translation>-1.0997975314736939, -0.9814878689949883, -2.535932530308896</translation><rotation><c1>1, 0, 0</c1><c2>0, 1, 0</c2><c3>0, 0, 1</c3></rotation></pose><symmetry><x>twoFold</x><y>cylindrical</y><z>twoFold</z></symmetry><detectionScore>-1.0</detectionScore></element><element><id>1</id><category>chair</category><bounds><corner1>-1.798371243491978, -1.4063212518892567, -0.6156327773528163</corner1><corner2>1.798371243491978, 1.4063212518892567, 0.6156327773528163</corner2></bounds><pose><translation>2.2906399450626846, -1.6414585420904781, -1.2060560189099787</translation><rotation><c1>1, 0, 0</c1><c2>0, 1, 0</c2><c3>0, 0, 1</c3></rotation></pose><symmetry><x>twoFold</x><y>cylindrical</y><z>twoFold</z></symmetry><detectionScore>-1.0</detectionScore></element><element><id>2</id><category>chair</category><bounds><corner1>-2.11898403465082, -0.8677817136175661, -0.9213149535155087</corner1><corner2>2.11898403465082, 0.8677817136175661, 0.9213149535155087</corner2></bounds><pose><translation>1.1991138111422341, -1.0921230198923606, -2.0961923686955797</translation><rotation><c1>1, 0, 0</c1><c2>0, 1, 0</c2><c3>0, 0, 1</c3></rotation></pose><symmetry><x>twoFold</x><y>cylindrical</y><z>twoFold</z></symmetry><detectionScore>-1.0</detectionScore></element><element><id>3</id><category>chair</category><bounds><corner1>-1.5492704411942009, -0.8769432933836605, -1.7325096889254021</corner1><corner2>1.5492704411942009, 0.8769432933836605, 1.7325096889254021</corner2></bounds><pose><translation>1.06552478809381, -1.0867049394490436, -3.157461159469685</translation><rotation><c1>1, 0, 0</c1><c2>0, 1, 0</c2><c3>0, 0, 1</c3></rotation></pose><symmetry><x>twoFold</x><y>cylindrical</y><z>twoFold</z></symmetry><detectionScore>-1.0</detectionScore></element><element><id>4</id><category>chair</category><bounds><corner1>-2.8549551796722366, -0.5229418315623182, -0.49409392315548695</corner1><corner2>2.8549551796722366, 0.5229418315623182, 0.49409392315548695</corner2></bounds><pose><translation>1.0826830913002337, -0.7561770556799093, -1.399739026897537</translation><rotation><c1>1, 0, 0</c1><c2>0, 1, 0</c2><c3>0, 0, 1</c3></rotation></pose><symmetry><x>twoFold</x><y>cylindrical</y><z>twoFold</z></symmetry><detectionScore>-1.0</detectionScore></element><element><id>5</id><category>coffee_table</category><bounds><corner1>-2.7874210398610058, -0.8348043606935875, -1.5818471957861837</corner1><corner2>2.7874210398610058, 0.8348043606935875, 1.5818471957861837</corner2></bounds><pose><translation>1.1607181622608609, -1.052322356968898, -2.5534868668237034</translation><rotation><c1>1, 0, 0</c1><c2>0, 1, 0</c2><c3>0, 0, 1</c3></rotation></pose><symmetry><x>twoFold</x><y>cylindrical</y><z>twoFold</z></symmetry><detectionScore>-1.0</detectionScore></element><element><id>6</id><category>hanging_kitchen_cabinet</category><bounds><corner1>-0.704609936327857, -1.0853717194013397, -0.6825491483744746</corner1><corner2>0.704609936327857, 1.0853717194013397, 0.6825491483744746</corner2></bounds><pose><translation>-1.5045408453247269, 0.27705820988307883, -2.6072039813940893</translation><rotation><c1>1, 0, 0</c1><c2>0, 1, 0</c2><c3>0, 0, 1</c3></rotation></pose><symmetry><x>twoFold</x><y>cylindrical</y><z>twoFold</z></symmetry><detectionScore>-1.0</detectionScore></element><element><id>7</id><category>window</category><bounds><corner1>-0.46492769417028423, -1.3089878601849636, -0.6501260226084806</corner1><corner2>0.46492769417028423, 1.3089878601849636, 0.6501260226084806</corner2></bounds><pose><translation>-1.5706276683753537, -0.13202051724156494, -2.303075631816688</translation><rotation><c1>1, 0, 0</c1><c2>0, 1, 0</c2><c3>0, 0, 1</c3></rotation></pose><symmetry><x>twoFold</x><y>cylindrical</y><z>twoFold</z></symmetry><detectionScore>-1.0</detectionScore></element><element><id>8</id><category>wall</category><bounds><corner1>-0.16934401655585085, -1.555618910357526, -0.8315877724627657</corner1><corner2>0.16934401655585085, 1.555618910357526, 0.8315877724627657</corner2></bounds><pose><translation>-1.308732581910514, -0.01709764824415373, 0.13971471450195452</translation><rotation><c1>1, 0, 0</c1><c2>0, 1, 0</c2><c3>0, 0, 1</c3></rotation></pose><symmetry><x>twoFold</x><y>cylindrical</y><z>twoFold</z></symmetry><detectionScore>-1.0</detectionScore></element><element><id>9</id><category>water_dispenser</category><bounds><corner1>-1.8368768478982522, -0.820684711404777, -0.22611025115963435</corner1><corner2>1.8368768478982522, 0.820684711404777, 0.22611025115963435</corner2></bounds><pose><translation>2.1623644454584405, -0.9890905968013772, 0.7139892529793336</translation><rotation><c1>1, 0, 0</c1><c2>0, 1, 0</c2><c3>0, 0, 1</c3></rotation></pose><symmetry><x>twoFold</x><y>cylindrical</y><z>twoFold</z></symmetry><detectionScore>-1.0</detectionScore></element><element><id>10</id><category>kitchen_cabinet</category><bounds><corner1>-0.7499909066727346, -1.939388779350533, -1.065959500881091</corner1><corner2>0.7499909066727346, 1.939388779350533, 1.065959500881091</corner2></bounds><pose><translation>-1.3073209728607187, -0.5824102056127435, -2.510867933750612</translation><rotation><c1>1, 0, 0</c1><c2>0, 1, 0</c2><c3>0, 0, 1</c3></rotation></pose><symmetry><x>twoFold</x><y>cylindrical</y><z>twoFold</z></symmetry><detectionScore>-1.0</detectionScore></element><element><id>11</id><category>refrigerator</category><bounds><corner1>-0.15550114187415254, -1.4640000728715215, -0.7809984840735131</corner1><corner2>0.15550114187415254, 1.4640000728715215, 0.7809984840735131</corner2></bounds><pose><translation>-1.2948897072288157, -0.18221479067084603, 0.0442233698533376</translation><rotation><c1>1, 0, 0</c1><c2>0, 1, 0</c2><c3>0, 0, 1</c3></rotation></pose><symmetry><x>twoFold</x><y>cylindrical</y><z>twoFold</z></symmetry><detectionScore>-1.0</detectionScore></element><element><id>12</id><category>range_oven</category><bounds><corner1>-0.6759116541425102, -0.4949533732428264, -0.15655973210968632</corner1><corner2>0.6759116541425102, 0.4949533732428264, 0.15655973210968632</corner2></bounds><pose><translation>-0.15897925786856237, -1.1414850748928966, -4.192718656995854</translation><rotation><c1>1, 0, 0</c1><c2>0, 1, 0</c2><c3>0, 0, 1</c3></rotation></pose><symmetry><x>twoFold</x><y>cylindrical</y><z>twoFold</z></symmetry><detectionScore>-1.0</detectionScore></element><element><id>13</id><category>kitchen_cabinet</category><bounds><corner1>-0.4752510717220002, -1.5347011650946552, -0.6426935902201523</corner1><corner2>0.4752510717220002, 1.5347011650946552, 0.6426935902201523</corner2></bounds><pose><translation>-1.6557538199575708, -0.16620971867941667, -0.9172164133162564</translation><rotation><c1>1, 0, 0</c1><c2>0, 1, 0</c2><c3>0, 0, 1</c3></rotation></pose><symmetry><x>twoFold</x><y>cylindrical</y><z>twoFold</z></symmetry><detectionScore>-1.0</detectionScore></element><element><id>14</id><category>desk</category><bounds><corner1>-2.857190034814719, -0.7242481000495683, -1.1014003322367145</corner1><corner2>2.857190034814719, 0.7242481000495683, 1.1014003322367145</corner2></bounds><pose><translation>1.1467940611153442, -0.947390772238321, -2.0272792568940674</translation><rotation><c1>1, 0, 0</c1><c2>0, 1, 0</c2><c3>0, 0, 1</c3></rotation></pose><symmetry><x>twoFold</x><y>cylindrical</y><z>twoFold</z></symmetry><detectionScore>-1.0</detectionScore></element><element><id>15</id><category>person</category><bounds><corner1>-0.5385900984567874, -1.8333122153193875, -0.4404312710361258</corner1><corner2>0.5385900984567874, 1.8333122153193875, 0.4404312710361258</corner2></bounds><pose><translation>-1.063980843465325, -0.7634480068909449, -2.651389403957758</translation><rotation><c1>1, 0, 0</c1><c2>0, 1, 0</c2><c3>0, 0, 1</c3></rotation></pose><symmetry><x>twoFold</x><y>cylindrical</y><z>twoFold</z></symmetry><detectionScore>-1.0</detectionScore></element><element><id>16</id><category>dining_table</category><bounds><corner1>-2.8018296100564206, -0.8251675723321681, -1.6037617135762683</corner1><corner2>2.8018296100564206, 0.8251675723321681, 1.6037617135762683</corner2></bounds><pose><translation>1.150189952610336, -1.0440718739323416, -2.555226111581181</translation><rotation><c1>1, 0, 0</c1><c2>0, 1, 0</c2><c3>0, 0, 1</c3></rotation></pose><symmetry><x>twoFold</x><y>cylindrical</y><z>twoFold</z></symmetry><detectionScore>-1.0</detectionScore></element><element><id>17</id><category>wall</category><bounds><corner1>-2.973581798058552, -1.4897795003338907, -3.712904886101997</corner1><corner2>2.973581798058552, 1.4897795003338907, 3.712904886101997</corner2></bounds><pose><translation>0.9673569000807167, -0.13315523244353208, -4.7206416691476525</translation><rotation><c1>1, 0, 0</c1><c2>0, 1, 0</c2><c3>0, 0, 1</c3></rotation></pose><symmetry><x>twoFold</x><y>cylindrical</y><z>twoFold</z></symmetry><detectionScore>-1.0</detectionScore></element></elements></scene>