<?xml version='1.0' encoding='utf-8'?>
<scene xmlns:sumo="https://www.sumochallenge.org"><version>2.0</version><categories><id>fb_categories_v1.0</id><url>https://sumochallenge.org/en/categories-1_0.json</url></categories><project_type>bounding_box</project_type><elements><element><id>4</id><category>chandelier</category><bounds><corner1>-0.93309208, -0.03142469, -0.39902536</corner1><corner2>0.93309208, 0.03142469, 0.39902536</corner2></bounds><pose><translation> 0.91992523,  1.17457557, -2.19904105</translation><rotation><c1>1., 0., 0.</c1><c2>0., 1., 0.</c2><c3>0., 0., 1.</c3></rotation></pose><symmetry><x>none</x><y>cylindrical</y><z>none</z></symmetry><detectionScore>0.5116305</detectionScore></element><element><id>1</id><category>chandelier</category><bounds><corner1>-0.29990898, -0.02544133, -0.2758052 </corner1><corner2>0.29990898, 0.02544133, 0.2758052 </corner2></bounds><pose><translation>-1.5419373 ,  1.18193824, -0.56913206</translation><rotation><c1>1., 0., 0.</c1><c2>0., 1., 0.</c2><c3>0., 0., 1.</c3></rotation></pose><symmetry><x>none</x><y>cylindrical</y><z>none</z></symmetry><detectionScore>0.99845016</detectionScore></element><element><id>5</id><category>window</category><bounds><corner1>-1.1000326 , -0.90203795, -0.86898287</corner1><corner2>1.1000326 , 0.90203795, 0.86898287</corner2></bounds><pose><translation> 1.36053941, -0.02153378, -3.61092252</translation><rotation><c1>1., 0., 0.</c1><c2>0., 1., 0.</c2><c3>0., 0., 1.</c3></rotation></pose><symmetry><x>none</x><y>twoFold</y><z>none</z></symmetry><detectionScore>0.5773555</detectionScore></element><element><id>11</id><category>wall</category><bounds><corner1>-1.89487606, -1.18006092, -2.12191004</corner1><corner2>1.89487606, 1.18006092, 2.12191004</corner2></bounds><pose><translation> 3.66588742, -0.03296476, -0.17537849</translation><rotation><c1>1., 0., 0.</c1><c2>0., 1., 0.</c2><c3>0., 0., 1.</c3></rotation></pose><symmetry><x>none</x><y>twoFold</y><z>none</z></symmetry><detectionScore>0.8911806</detectionScore></element><element><id>10</id><category>ottoman</category><bounds><corner1>-0.4431993 , -0.30119356, -0.07693771</corner1><corner2>0.4431993 , 0.30119356, 0.07693771</corner2></bounds><pose><translation> 0.30684056, -1.29091014, -1.71000121</translation><rotation><c1>1., 0., 0.</c1><c2>0., 1., 0.</c2><c3>0., 0., 1.</c3></rotation></pose><symmetry><x>none</x><y>twoFold</y><z>none</z></symmetry><detectionScore>0.9196109</detectionScore></element><element><id>3</id><category>door</category><bounds><corner1>-3.74857137, -1.45713576, -0.8504491 </corner1><corner2>3.74857137, 1.45713576, 0.8504491 </corner2></bounds><pose><translation> 3.76382294, -0.28558854, -2.33998631</translation><rotation><c1>1., 0., 0.</c1><c2>0., 1., 0.</c2><c3>0., 0., 1.</c3></rotation></pose><symmetry><x>twoFold</x><y>twoFold</y><z>twoFold</z></symmetry><detectionScore>0.9865422</detectionScore></element><element><id>2</id><category>dressing_table</category><bounds><corner1>-0.462827  , -0.79123406, -1.11106738</corner1><corner2>0.462827  , 0.79123406, 1.11106738</corner2></bounds><pose><translation>-4.25894807, -0.55582623, -3.03615465</translation><rotation><c1>1., 0., 0.</c1><c2>0., 1., 0.</c2><c3>0., 0., 1.</c3></rotation></pose><symmetry><x>none</x><y>none</y><z>none</z></symmetry><detectionScore>0.9710615</detectionScore></element><element><id>7</id><category>wall</category><bounds><corner1>-0.60807265, -1.22476528, -2.28413086</corner1><corner2>0.60807265, 1.22476528, 2.28413086</corner2></bounds><pose><translation>-4.28391993, -0.13829997, -0.54752682</translation><rotation><c1>1., 0., 0.</c1><c2>0., 1., 0.</c2><c3>0., 0., 1.</c3></rotation></pose><symmetry><x>none</x><y>twoFold</y><z>none</z></symmetry><detectionScore>0.9826398</detectionScore></element><element><id>9</id><category>dresser</category><bounds><corner1>-0.13128554, -0.43880333, -0.68085126</corner1><corner2>0.13128554, 0.43880333, 0.68085126</corner2></bounds><pose><translation>-3.80917613, -0.93612368,  1.0134493 </translation><rotation><c1>1., 0., 0.</c1><c2>0., 1., 0.</c2><c3>0., 0., 1.</c3></rotation></pose><symmetry><x>none</x><y>none</y><z>none</z></symmetry><detectionScore>0.6102073</detectionScore></element><element><id>8</id><category>floor_lamp</category><bounds><corner1>-0.08249705, -1.64031332, -0.74160473</corner1><corner2>0.08249705, 1.64031332, 0.74160473</corner2></bounds><pose><translation> 3.65974399, -0.64608903, -0.10590699</translation><rotation><c1>1., 0., 0.</c1><c2>0., 1., 0.</c2><c3>0., 0., 1.</c3></rotation></pose><symmetry><x>none</x><y>cylindrical</y><z>none</z></symmetry><detectionScore>0.99553573</detectionScore></element><element><id>6</id><category>door</category><bounds><corner1>-0.50993907, -0.95145961, -3.64215417</corner1><corner2>0.50993907, 0.95145961, 3.64215417</corner2></bounds><pose><translation> 0.        ,  0.        , -3.64215417</translation><rotation><c1>1., 0., 0.</c1><c2>0., 1., 0.</c2><c3>0., 0., 1.</c3></rotation></pose><symmetry><x>twoFold</x><y>twoFold</y><z>twoFold</z></symmetry><detectionScore>0.9981989</detectionScore></element></elements></scene>