<?xml version='1.0' encoding='utf-8'?>
<scene xmlns:sumo="https://www.sumochallenge.org"><version>2.0</version><categories><id>fb_categories_v1.0</id><url>https://sumochallenge.org/en/categories-1_0.json</url></categories><project_type>bounding_box</project_type><elements><element><id>6</id><category>stand</category><bounds><corner1>-0.42132772, -0.37600021, -0.02700814</corner1><corner2>0.42132772, 0.37600021, 0.02700814</corner2></bounds><pose><translation> 0.24128984, -0.97139949, -1.60698233</translation><rotation><c1>1., 0., 0.</c1><c2>0., 1., 0.</c2><c3>0., 0., 1.</c3></rotation></pose><symmetry><x>none</x><y>none</y><z>none</z></symmetry><detectionScore>-1</detectionScore></element><element><id>7</id><category>chandelier</category><bounds><corner1>-0.2907957 , -0.02155768, -0.27095619</corner1><corner2>0.2907957 , 0.02155768, 0.27095619</corner2></bounds><pose><translation>-1.16072324,  1.18595552,  1.49195895</translation><rotation><c1>1., 0., 0.</c1><c2>0., 1., 0.</c2><c3>0., 0., 1.</c3></rotation></pose><symmetry><x>none</x><y>none</y><z>none</z></symmetry><detectionScore>-1</detectionScore></element><element><id>5</id><category>plant</category><bounds><corner1>-0.35898555, -0.38028526, -0.2550588 </corner1><corner2>0.35898555, 0.38028526, 0.2550588 </corner2></bounds><pose><translation>-0.53761816, -0.45089852, -1.8580631 </translation><rotation><c1>1., 0., 0.</c1><c2>0., 1., 0.</c2><c3>0., 0., 1.</c3></rotation></pose><symmetry><x>none</x><y>none</y><z>none</z></symmetry><detectionScore>-1</detectionScore></element><element><id>3</id><category>table_lamp</category><bounds><corner1>-0.42119019, -0.43818877, -0.29696699</corner1><corner2>0.42119019, 0.43818877, 0.29696699</corner2></bounds><pose><translation> 0.4726508 , -0.34363793, -1.87302167</translation><rotation><c1>1., 0., 0.</c1><c2>0., 1., 0.</c2><c3>0., 0., 1.</c3></rotation></pose><symmetry><x>none</x><y>none</y><z>none</z></symmetry><detectionScore>-1</detectionScore></element><element><id>9</id><category>window</category><bounds><corner1>-0.03483455, -0.66091539, -0.64246419</corner1><corner2>0.03483455, 0.66091539, 0.64246419</corner2></bounds><pose><translation>-1.9349062 , -0.10025243, -0.33130227</translation><rotation><c1>1., 0., 0.</c1><c2>0., 1., 0.</c2><c3>0., 0., 1.</c3></rotation></pose><symmetry><x>none</x><y>none</y><z>none</z></symmetry><detectionScore>-1</detectionScore></element><element><id>4</id><category>wall</category><bounds><corner1>-0.09533553, -1.15302819, -1.43290867</corner1><corner2>0.09533553, 1.15302819, 1.43290867</corner2></bounds><pose><translation> 4.60141370e+00, -4.51803636e-03, -5.96884057e-01</translation><rotation><c1>1., 0., 0.</c1><c2>0., 1., 0.</c2><c3>0., 0., 1.</c3></rotation></pose><symmetry><x>none</x><y>none</y><z>none</z></symmetry><detectionScore>-1</detectionScore></element><element><id>2</id><category>wall</category><bounds><corner1>-1.06627008, -1.09212349, -0.90581119</corner1><corner2>1.06627008, 1.09212349, 0.90581119</corner2></bounds><pose><translation> 3.15112817,  0.09769029, -2.03677003</translation><rotation><c1>1., 0., 0.</c1><c2>0., 1., 0.</c2><c3>0., 0., 1.</c3></rotation></pose><symmetry><x>none</x><y>none</y><z>none</z></symmetry><detectionScore>-1</detectionScore></element><element><id>1</id><category>window</category><bounds><corner1>-0.47503322, -0.83032459, -0.32947097</corner1><corner2>0.47503322, 0.83032459, 0.32947097</corner2></bounds><pose><translation>-1.92907686, -0.10093304, -1.25412744</translation><rotation><c1>1., 0., 0.</c1><c2>0., 1., 0.</c2><c3>0., 0., 1.</c3></rotation></pose><symmetry><x>none</x><y>none</y><z>none</z></symmetry><detectionScore>-1</detectionScore></element><element><id>8</id><category>armchair</category><bounds><corner1>-0.73290917, -0.47026737, -0.59209094</corner1><corner2>0.73290917, 0.47026737, 0.59209094</corner2></bounds><pose><translation> 3.92637826, -1.03052978,  0.33433632</translation><rotation><c1>1., 0., 0.</c1><c2>0., 1., 0.</c2><c3>0., 0., 1.</c3></rotation></pose><symmetry><x>none</x><y>none</y><z>none</z></symmetry><detectionScore>-1</detectionScore></element></elements></scene>