<?xml version='1.0' encoding='utf-8'?>
<scene xmlns:sumo="https://www.sumochallenge.org"><version>2.0</version><categories><id>fb_categories_v1.0</id><url>https://sumochallenge.org/en/categories-1_0.json</url></categories><project_type>bounding_box</project_type><elements><element><id>4</id><category>floor_lamp</category><bounds><corner1>-1.26501859, -1.07763922, -2.46002733</corner1><corner2>1.26501859, 1.07763922, 2.46002733</corner2></bounds><pose><translation> 1.53168327, -0.51006143, -4.08503404</translation><rotation><c1>1., 0., 0.</c1><c2>0., 1., 0.</c2><c3>0., 0., 1.</c3></rotation></pose><symmetry><x>none</x><y>cylindrical</y><z>none</z></symmetry><detectionScore>0.53670883</detectionScore></element><element><id>1</id><category>door</category><bounds><corner1>-0.61392781, -1.33644089, -0.16947987</corner1><corner2>0.61392781, 1.33644089, 0.16947987</corner2></bounds><pose><translation>-2.61429827, -0.14982197, -4.1267516 </translation><rotation><c1>1., 0., 0.</c1><c2>0., 1., 0.</c2><c3>0., 0., 1.</c3></rotation></pose><symmetry><x>twoFold</x><y>twoFold</y><z>twoFold</z></symmetry><detectionScore>0.79548025</detectionScore></element><element><id>5</id><category>person</category><bounds><corner1>-6.71040288, -0.60795906, -0.59286062</corner1><corner2>6.71040288, 0.60795906, 0.59286062</corner2></bounds><pose><translation> 2.10708665, -0.94965901, -0.57873598</translation><rotation><c1>1., 0., 0.</c1><c2>0., 1., 0.</c2><c3>0., 0., 1.</c3></rotation></pose><symmetry><x>none</x><y>none</y><z>none</z></symmetry><detectionScore>0.91673225</detectionScore></element><element><id>3</id><category>person</category><bounds><corner1>-1.55132078, -0.92629898, -1.42992868</corner1><corner2>1.55132078, 0.92629898, 1.42992868</corner2></bounds><pose><translation> 2.15429832, -0.6353974 , -2.81789089</translation><rotation><c1>1., 0., 0.</c1><c2>0., 1., 0.</c2><c3>0., 0., 1.</c3></rotation></pose><symmetry><x>none</x><y>none</y><z>none</z></symmetry><detectionScore>0.94432455</detectionScore></element><element><id>2</id><category>door</category><bounds><corner1>-3.12978067, -0.64249678, -0.82915819</corner1><corner2>3.12978067, 0.64249678, 0.82915819</corner2></bounds><pose><translation>-3.12978067, -0.0900944 ,  0.        </translation><rotation><c1>1., 0., 0.</c1><c2>0., 1., 0.</c2><c3>0., 0., 1.</c3></rotation></pose><symmetry><x>twoFold</x><y>twoFold</y><z>twoFold</z></symmetry><detectionScore>0.99888223</detectionScore></element><element><id>9</id><category>person</category><bounds><corner1>-0.25696742, -1.1698156 , -0.16085694</corner1><corner2>0.25696742, 1.1698156 , 0.16085694</corner2></bounds><pose><translation>-0.91393333, -0.66129195, -3.19310145</translation><rotation><c1>1., 0., 0.</c1><c2>0., 1., 0.</c2><c3>0., 0., 1.</c3></rotation></pose><symmetry><x>none</x><y>none</y><z>none</z></symmetry><detectionScore>0.9093628</detectionScore></element><element><id>8</id><category>wall</category><bounds><corner1>-0.16822859, -1.22044997, -2.45153506</corner1><corner2>0.16822859, 1.22044997, 2.45153506</corner2></bounds><pose><translation> 8.78733822, -0.04356199, -1.50593965</translation><rotation><c1>1., 0., 0.</c1><c2>0., 1., 0.</c2><c3>0., 0., 1.</c3></rotation></pose><symmetry><x>none</x><y>twoFold</y><z>none</z></symmetry><detectionScore>0.9198959</detectionScore></element><element><id>7</id><category>partition</category><bounds><corner1>-1.81231749, -1.1886788 , -1.94585985</corner1><corner2>1.81231749, 1.1886788 , 1.94585985</corner2></bounds><pose><translation> 1.00652339, -0.23007634, -4.12687247</translation><rotation><c1>1., 0., 0.</c1><c2>0., 1., 0.</c2><c3>0., 0., 1.</c3></rotation></pose><symmetry><x>twoFold</x><y>twoFold</y><z>twoFold</z></symmetry><detectionScore>0.9139097</detectionScore></element></elements></scene>