<?xml version='1.0' encoding='utf-8'?>
<scene xmlns:sumo="https://www.sumochallenge.org"><version>2.0</version><categories><id>fb_categories_v1.0</id><url>https://sumochallenge.org/en/categories-1_0.json</url></categories><project_type>bounding_box</project_type><elements><element><id>3</id><category>wall</category><bounds><corner1>-1.70985401, -1.16309602, -0.07053483</corner1><corner2>1.70985401, 1.16309602, 0.07053483</corner2></bounds><pose><translation> 1.01424579, -0.17211132,  4.28037668</translation><rotation><c1>1., 0., 0.</c1><c2>0., 1., 0.</c2><c3>0., 0., 1.</c3></rotation></pose><symmetry><x>none</x><y>none</y><z>none</z></symmetry><detectionScore>-1</detectionScore></element><element><id>4</id><category>wall</category><bounds><corner1>-2.41650646, -1.15610225, -2.49284393</corner1><corner2>2.41650646, 1.15610225, 2.49284393</corner2></bounds><pose><translation>-4.56137009, -0.20958456,  1.46519845</translation><rotation><c1>1., 0., 0.</c1><c2>0., 1., 0.</c2><c3>0., 0., 1.</c3></rotation></pose><symmetry><x>none</x><y>none</y><z>none</z></symmetry><detectionScore>-1</detectionScore></element><element><id>2</id><category>window</category><bounds><corner1>-0.0680859 , -0.70840505, -1.15880446</corner1><corner2>0.0680859 , 0.70840505, 1.15880446</corner2></bounds><pose><translation> 2.88493438,  0.05410648, -1.15880446</translation><rotation><c1>1., 0., 0.</c1><c2>0., 1., 0.</c2><c3>0., 0., 1.</c3></rotation></pose><symmetry><x>none</x><y>none</y><z>none</z></symmetry><detectionScore>-1</detectionScore></element><element><id>1</id><category>television</category><bounds><corner1>-0.04898344, -0.23715495, -0.45457386</corner1><corner2>0.04898344, 0.23715495, 0.45457386</corner2></bounds><pose><translation>2.73604519, 0.5676947 , 0.82051557</translation><rotation><c1>1., 0., 0.</c1><c2>0., 1., 0.</c2><c3>0., 0., 1.</c3></rotation></pose><symmetry><x>none</x><y>none</y><z>none</z></symmetry><detectionScore>-1</detectionScore></element></elements></scene>