<?xml version='1.0' encoding='utf-8'?>
<scene xmlns:sumo="https://www.sumochallenge.org"><version>2.0</version><categories><id>fb_categories_v1_0</id><url>https://sumochallenge.org/en/categories-1_0.json</url></categories><project_type>bounding_box</project_type><elements><element><id>0</id><category>chandelier</category><bounds><corner1>-0.2676002609374035, -0.08699469336160481, -0.5646193428386728</corner1><corner2>0.2676002609374035, 0.08699469336160481, 0.5646193428386728</corner2></bounds><pose><translation>-2.1877631326387936, 1.3909562222953924, -1.670946562500905</translation><rotation><c1>1, 0, 0</c1><c2>0, 1, 0</c2><c3>0, 0, 1</c3></rotation></pose><symmetry><x>twoFold</x><y>cylindrical</y><z>twoFold</z></symmetry><detectionScore>-1.0</detectionScore></element><element><id>1</id><category>sofa</category><bounds><corner1>-7.753878489012018, -0.7963713937946075, -0.9238594097583727</corner1><corner2>7.753878489012018, 0.7963713937946075, 0.9238594097583727</corner2></bounds><pose><translation>3.4313342310490382, -1.0208701023702376, -1.2284615033784116</translation><rotation><c1>1, 0, 0</c1><c2>0, 1, 0</c2><c3>0, 0, 1</c3></rotation></pose><symmetry><x>twoFold</x><y>cylindrical</y><z>twoFold</z></symmetry><detectionScore>-1.0</detectionScore></element><element><id>2</id><category>books</category><bounds><corner1>-0.4559754262772653, -0.16051057521064044, -0.2235712846463469</corner1><corner2>0.4559754262772653, 0.16051057521064044, 0.2235712846463469</corner2></bounds><pose><translation>-2.2653694976618834, -0.055091938385947496, 1.4416589170644314</translation><rotation><c1>1, 0, 0</c1><c2>0, 1, 0</c2><c3>0, 0, 1</c3></rotation></pose><symmetry><x>twoFold</x><y>cylindrical</y><z>twoFold</z></symmetry><detectionScore>-1.0</detectionScore></element><element><id>3</id><category>books</category><bounds><corner1>-0.6102751966566899, -0.32717555273026677, -0.2532139486292935</corner1><corner2>0.6102751966566899, 0.32717555273026677, 0.2532139486292935</corner2></bounds><pose><translation>-2.222494234940284, -0.0319970306025729, 1.5091949486575358</translation><rotation><c1>1, 0, 0</c1><c2>0, 1, 0</c2><c3>0, 0, 1</c3></rotation></pose><symmetry><x>twoFold</x><y>cylindrical</y><z>twoFold</z></symmetry><detectionScore>-1.0</detectionScore></element><element><id>4</id><category>wall</category><bounds><corner1>-1.6503632186445047, -1.420651493978772, -1.6451919932747807</corner1><corner2>1.6503632186445047, 1.420651493978772, 1.6451919932747807</corner2></bounds><pose><translation>0.5507191860383193, -0.02611588280459652, -1.6451919932747807</translation><rotation><c1>1, 0, 0</c1><c2>0, 1, 0</c2><c3>0, 0, 1</c3></rotation></pose><symmetry><x>twoFold</x><y>cylindrical</y><z>twoFold</z></symmetry><detectionScore>-1.0</detectionScore></element><element><id>5</id><category>kitchen_cabinet</category><bounds><corner1>-0.6690613061502155, -0.2898439635143332, -0.06316634224079709</corner1><corner2>0.6690613061502155, 0.2898439635143332, 0.06316634224079709</corner2></bounds><pose><translation>1.700876234447752, -0.3397201285580999, -1.306521426756873</translation><rotation><c1>1, 0, 0</c1><c2>0, 1, 0</c2><c3>0, 0, 1</c3></rotation></pose><symmetry><x>twoFold</x><y>cylindrical</y><z>twoFold</z></symmetry><detectionScore>-1.0</detectionScore></element><element><id>6</id><category>desk</category><bounds><corner1>-1.5072925345784183, -0.8980013381889741, -1.0093563593391195</corner1><corner2>1.5072925345784183, 0.8980013381889741, 1.0093563593391195</corner2></bounds><pose><translation>-3.1882804259516955, -0.8738046808687908, 0.13316299552175506</translation><rotation><c1>1, 0, 0</c1><c2>0, 1, 0</c2><c3>0, 0, 1</c3></rotation></pose><symmetry><x>twoFold</x><y>cylindrical</y><z>twoFold</z></symmetry><detectionScore>-1.0</detectionScore></element><element><id>7</id><category>wall</category><bounds><corner1>-0.5220347186892983, -1.4297181858631114, -0.09316288485865454</corner1><corner2>0.5220347186892983, 1.4297181858631114, 0.09316288485865454</corner2></bounds><pose><translation>-0.7396623374984502, -0.07044492396220774, -1.4997407769960418</translation><rotation><c1>1, 0, 0</c1><c2>0, 1, 0</c2><c3>0, 0, 1</c3></rotation></pose><symmetry><x>twoFold</x><y>cylindrical</y><z>twoFold</z></symmetry><detectionScore>-1.0</detectionScore></element><element><id>8</id><category>window</category><bounds><corner1>-0.09485998156133224, -1.3192992473329102, -0.12679869714821157</corner1><corner2>0.09485998156133224, 1.3192992473329102, 0.12679869714821157</corner2></bounds><pose><translation>-2.8464883368926723, -0.2490791745310288, -4.032009561015789</translation><rotation><c1>1, 0, 0</c1><c2>0, 1, 0</c2><c3>0, 0, 1</c3></rotation></pose><symmetry><x>twoFold</x><y>cylindrical</y><z>twoFold</z></symmetry><detectionScore>-1.0</detectionScore></element><element><id>9</id><category>office_chair</category><bounds><corner1>-0.7864463737089533, -0.749346730388153, -1.0572211143847718</corner1><corner2>0.7864463737089533, 0.749346730388153, 1.0572211143847718</corner2></bounds><pose><translation>-2.4540784258098567, -1.188312563072015, 0.37820552607997776</translation><rotation><c1>1, 0, 0</c1><c2>0, 1, 0</c2><c3>0, 0, 1</c3></rotation></pose><symmetry><x>twoFold</x><y>cylindrical</y><z>twoFold</z></symmetry><detectionScore>-1.0</detectionScore></element><element><id>10</id><category>wall</category><bounds><corner1>-0.09615796125022591, -0.7986075357686276, -1.0049251653486087</corner1><corner2>0.09615796125022591, 0.7986075357686276, 1.0049251653486087</corner2></bounds><pose><translation>2.251929222045103, 0.009088210342370196, -3.1022928776771375</translation><rotation><c1>1, 0, 0</c1><c2>0, 1, 0</c2><c3>0, 0, 1</c3></rotation></pose><symmetry><x>twoFold</x><y>cylindrical</y><z>twoFold</z></symmetry><detectionScore>-1.0</detectionScore></element><element><id>11</id><category>wall</category><bounds><corner1>-1.72973083557568, -1.570524335751852, -2.2328204881838727</corner1><corner2>1.72973083557568, 1.570524335751852, 2.2328204881838727</corner2></bounds><pose><translation>-3.4418441334453402, -0.16479834468376042, -0.558026641508017</translation><rotation><c1>1, 0, 0</c1><c2>0, 1, 0</c2><c3>0, 0, 1</c3></rotation></pose><symmetry><x>twoFold</x><y>cylindrical</y><z>twoFold</z></symmetry><detectionScore>-1.0</detectionScore></element><element><id>12</id><category>clock</category><bounds><corner1>-0.18454525962158008, -0.23026239094904755, -0.09426578519374806</corner1><corner2>0.18454525962158008, 0.23026239094904755, 0.09426578519374806</corner2></bounds><pose><translation>-0.7832351295784702, 0.902015369112541, 1.8018798632060604</translation><rotation><c1>1, 0, 0</c1><c2>0, 1, 0</c2><c3>0, 0, 1</c3></rotation></pose><symmetry><x>twoFold</x><y>cylindrical</y><z>twoFold</z></symmetry><detectionScore>-1.0</detectionScore></element><element><id>13</id><category>book</category><bounds><corner1>-0.3109426195376177, -0.1389187028771024, -0.2681508712171765</corner1><corner2>0.3109426195376177, 0.1389187028771024, 0.2681508712171765</corner2></bounds><pose><translation>-2.12563582528129, -0.8447567423626635, 1.3116798912023113</translation><rotation><c1>1, 0, 0</c1><c2>0, 1, 0</c2><c3>0, 0, 1</c3></rotation></pose><symmetry><x>twoFold</x><y>cylindrical</y><z>twoFold</z></symmetry><detectionScore>-1.0</detectionScore></element><element><id>14</id><category>floor</category><bounds><corner1>-7.2027165520405525, -1.0849908948464222, -1.4035089446750029</corner1><corner2>7.2027165520405525, 1.0849908948464222, 1.4035089446750029</corner2></bounds><pose><translation>3.8497508665392797, -1.3846596733720917, 0.07230044808619966</translation><rotation><c1>1, 0, 0</c1><c2>0, 1, 0</c2><c3>0, 0, 1</c3></rotation></pose><symmetry><x>twoFold</x><y>cylindrical</y><z>twoFold</z></symmetry><detectionScore>-1.0</detectionScore></element><element><id>15</id><category>door</category><bounds><corner1>-1.3561737294018341, -1.5736847707115795, -2.039290044309209</corner1><corner2>1.3561737294018341, 1.5736847707115795, 2.039290044309209</corner2></bounds><pose><translation>0.9449105041506467, -0.15020323301363153, -2.039290044309209</translation><rotation><c1>1, 0, 0</c1><c2>0, 1, 0</c2><c3>0, 0, 1</c3></rotation></pose><symmetry><x>twoFold</x><y>cylindrical</y><z>twoFold</z></symmetry><detectionScore>-1.0</detectionScore></element><element><id>16</id><category>door</category><bounds><corner1>-5.41519268438914, -1.2857316920031852, -1.7422317246440462</corner1><corner2>5.41519268438914, 1.2857316920031852, 1.7422317246440462</corner2></bounds><pose><translation>5.874214126945869, -0.1573501571517227, -1.7422317246440462</translation><rotation><c1>1, 0, 0</c1><c2>0, 1, 0</c2><c3>0, 0, 1</c3></rotation></pose><symmetry><x>twoFold</x><y>cylindrical</y><z>twoFold</z></symmetry><detectionScore>-1.0</detectionScore></element><element><id>17</id><category>rug</category><bounds><corner1>-3.9007066567070545, -1.1082606480299035, -1.4429625380865962</corner1><corner2>3.9007066567070545, 1.1082606480299035, 1.4429625380865962</corner2></bounds><pose><translation>3.7732832169574433, -1.484359333046019, 0.032846854674606414</translation><rotation><c1>1, 0, 0</c1><c2>0, 1, 0</c2><c3>0, 0, 1</c3></rotation></pose><symmetry><x>twoFold</x><y>cylindrical</y><z>twoFold</z></symmetry><detectionScore>-1.0</detectionScore></element><element><id>18</id><category>fish_tank</category><bounds><corner1>-4.418566471332712, -0.7927313164808705, -0.5747000661606974</corner1><corner2>4.418566471332712, 0.7927313164808705, 0.5747000661606974</corner2></bounds><pose><translation>2.8105822384372368, -0.7150744455751386, 1.1461421153982476</translation><rotation><c1>1, 0, 0</c1><c2>0, 1, 0</c2><c3>0, 0, 1</c3></rotation></pose><symmetry><x>twoFold</x><y>cylindrical</y><z>twoFold</z></symmetry><detectionScore>-1.0</detectionScore></element><element><id>19</id><category>shelving</category><bounds><corner1>-1.5440450209259862, -0.9041510322672681, -1.052415608922509</corner1><corner2>1.5440450209259862, 0.9041510322672681, 1.052415608922509</corner2></bounds><pose><translation>-3.230724748158314, -0.8100178595101574, 0.07724097235920725</translation><rotation><c1>1, 0, 0</c1><c2>0, 1, 0</c2><c3>0, 0, 1</c3></rotation></pose><symmetry><x>twoFold</x><y>cylindrical</y><z>twoFold</z></symmetry><detectionScore>-1.0</detectionScore></element><element><id>20</id><category>plant</category><bounds><corner1>-5.1688081148482805, -0.9154842985233861, -0.6212088797202615</corner1><corner2>5.1688081148482805, 0.9154842985233861, 0.6212088797202615</corner2></bounds><pose><translation>2.4222637395394337, -0.9519788246811314, 1.1416926213975145</translation><rotation><c1>1, 0, 0</c1><c2>0, 1, 0</c2><c3>0, 0, 1</c3></rotation></pose><symmetry><x>twoFold</x><y>cylindrical</y><z>twoFold</z></symmetry><detectionScore>-1.0</detectionScore></element><element><id>21</id><category>window</category><bounds><corner1>-0.29671751234600796, -1.3394796827672468, -0.0733096697152058</corner1><corner2>0.29671751234600796, 1.3394796827672468, 0.0733096697152058</corner2></bounds><pose><translation>-0.7700370770361444, -0.059432843530639705, -1.4864926291414826</translation><rotation><c1>1, 0, 0</c1><c2>0, 1, 0</c2><c3>0, 0, 1</c3></rotation></pose><symmetry><x>twoFold</x><y>cylindrical</y><z>twoFold</z></symmetry><detectionScore>-1.0</detectionScore></element><element><id>22</id><category>floor_lamp</category><bounds><corner1>-0.6274702437445168, -0.7590211771840335, -0.2740285646868814</corner1><corner2>0.6274702437445168, 0.7590211771840335, 0.2740285646868814</corner2></bounds><pose><translation>-2.3603718803435267, -0.416501225600325, 1.4677535479938568</translation><rotation><c1>1, 0, 0</c1><c2>0, 1, 0</c2><c3>0, 0, 1</c3></rotation></pose><symmetry><x>twoFold</x><y>cylindrical</y><z>twoFold</z></symmetry><detectionScore>-1.0</detectionScore></element><element><id>23</id><category>wall</category><bounds><corner1>-3.8572058960168834, -1.3253349880925311, -2.7487194094723213</corner1><corner2>3.8572058960168834, 1.3253349880925311, 2.7487194094723213</corner2></bounds><pose><translation>7.432200915318126, -0.021122527538322212, -1.1846384119632043</translation><rotation><c1>1, 0, 0</c1><c2>0, 1, 0</c2><c3>0, 0, 1</c3></rotation></pose><symmetry><x>twoFold</x><y>cylindrical</y><z>twoFold</z></symmetry><detectionScore>-1.0</detectionScore></element><element><id>24</id><category>person</category><bounds><corner1>-6.9771440814912715, -0.9405519208994081, -1.2305859980156615</corner1><corner2>6.9771440814912715, 0.9405519208994081, 1.2305859980156615</corner2></bounds><pose><translation>4.296285013404782, -0.9405519208994081, -1.2305859980156615</translation><rotation><c1>1, 0, 0</c1><c2>0, 1, 0</c2><c3>0, 0, 1</c3></rotation></pose><symmetry><x>twoFold</x><y>cylindrical</y><z>twoFold</z></symmetry><detectionScore>-1.0</detectionScore></element><element><id>25</id><category>chair</category><bounds><corner1>-0.08426255744987898, -0.5149374051455168, -0.5962746150458305</corner1><corner2>0.08426255744987898, 0.5149374051455168, 0.5962746150458305</corner2></bounds><pose><translation>2.2528266928257255, -0.7996420247122724, -3.1250434084049057</translation><rotation><c1>1, 0, 0</c1><c2>0, 1, 0</c2><c3>0, 0, 1</c3></rotation></pose><symmetry><x>twoFold</x><y>cylindrical</y><z>twoFold</z></symmetry><detectionScore>-1.0</detectionScore></element><element><id>26</id><category>door</category><bounds><corner1>-0.9053822768810482, -1.336655887545018, -0.20343067750950516</corner1><corner2>0.9053822768810482, 1.336655887545018, 0.20343067750950516</corner2></bounds><pose><translation>-2.706255541991003, -0.1576150069394014, 1.5235261701184326</translation><rotation><c1>1, 0, 0</c1><c2>0, 1, 0</c2><c3>0, 0, 1</c3></rotation></pose><symmetry><x>twoFold</x><y>cylindrical</y><z>twoFold</z></symmetry><detectionScore>-1.0</detectionScore></element><element><id>27</id><category>wall</category><bounds><corner1>-4.343303247245515, -1.3177858811002574, -0.19853910828569088</corner1><corner2>4.343303247245515, 1.3177858811002574, 0.19853910828569088</corner2></bounds><pose><translation>3.3271084830261017, 0.03451881605896406, 1.5106587608516693</translation><rotation><c1>1, 0, 0</c1><c2>0, 1, 0</c2><c3>0, 0, 1</c3></rotation></pose><symmetry><x>twoFold</x><y>cylindrical</y><z>twoFold</z></symmetry><detectionScore>-1.0</detectionScore></element><element><id>28</id><category>shelving</category><bounds><corner1>-0.39833948843083045, -0.568959530706851, -0.9134373974185724</corner1><corner2>0.39833948843083045, 0.568959530706851, 0.9134373974185724</corner2></bounds><pose><translation>-3.4845289813135865, 0.5634324568939105, -0.017064905086931027</translation><rotation><c1>1, 0, 0</c1><c2>0, 1, 0</c2><c3>0, 0, 1</c3></rotation></pose><symmetry><x>twoFold</x><y>cylindrical</y><z>twoFold</z></symmetry><detectionScore>-1.0</detectionScore></element><element><id>29</id><category>plant</category><bounds><corner1>-0.8822462807946776, -0.7721617676127142, -0.7955591203147296</corner1><corner2>0.8822462807946776, 0.7721617676127142, 0.7955591203147296</corner2></bounds><pose><translation>1.4043677568062911, -1.1612336530398573, -2.311124919180394</translation><rotation><c1>1, 0, 0</c1><c2>0, 1, 0</c2><c3>0, 0, 1</c3></rotation></pose><symmetry><x>twoFold</x><y>cylindrical</y><z>twoFold</z></symmetry><detectionScore>-1.0</detectionScore></element><element><id>30</id><category>wall</category><bounds><corner1>-5.474734608968408, -1.2919641728814348, -0.07982135514919686</corner1><corner2>5.474734608968408, 1.2919641728814348, 0.07982135514919686</corner2></bounds><pose><translation>2.1613157514440484, -0.002108983769152549, -1.296841555788793</translation><rotation><c1>1, 0, 0</c1><c2>0, 1, 0</c2><c3>0, 0, 1</c3></rotation></pose><symmetry><x>twoFold</x><y>cylindrical</y><z>twoFold</z></symmetry><detectionScore>-1.0</detectionScore></element><element><id>31</id><category>picture_frame</category><bounds><corner1>-0.6640224152780503, -0.7981603281086502, -0.16324107770336616</corner1><corner2>0.6640224152780503, 0.7981603281086502, 0.16324107770336616</corner2></bounds><pose><translation>-2.8563359094481444, 0.3750340640219736, 1.5601035126902842</translation><rotation><c1>1, 0, 0</c1><c2>0, 1, 0</c2><c3>0, 0, 1</c3></rotation></pose><symmetry><x>twoFold</x><y>cylindrical</y><z>twoFold</z></symmetry><detectionScore>-1.0</detectionScore></element><element><id>32</id><category>table_lamp</category><bounds><corner1>-0.6592103222303998, -0.5229646426020678, -0.22472949366391237</corner1><corner2>0.6592103222303998, 0.5229646426020678, 0.22472949366391237</corner2></bounds><pose><translation>-2.344874213801756, -0.5250636333455092, 1.472131434910949</translation><rotation><c1>1, 0, 0</c1><c2>0, 1, 0</c2><c3>0, 0, 1</c3></rotation></pose><symmetry><x>twoFold</x><y>cylindrical</y><z>twoFold</z></symmetry><detectionScore>-1.0</detectionScore></element></elements></scene>