<?xml version='1.0' encoding='utf-8'?>
<scene xmlns:sumo="https://www.sumochallenge.org"><version>2.0</version><categories><id>fb_categories_v1_0</id><url>https://sumochallenge.org/en/categories-1_0.json</url></categories><project_type>bounding_box</project_type><elements><element><id>0</id><category>floor</category><bounds><corner1>-4.670416362562347, -1.0512864098863313, -0.3797420706237008</corner1><corner2>4.670416362562347, 1.0512864098863313, 0.3797420706237008</corner2></bounds><pose><translation>4.156586076741587, -0.41591244565691676, -0.9933127945750804</translation><rotation><c1>0, 0, 0</c1><c2>0, 0, 0</c2><c3>0, 0, 0</c3></rotation></pose><symmetry><x>twoFold</x><y>cylindrical</y><z>twoFold</z></symmetry><detectionScore>-1.0</detectionScore></element><element><id>1</id><category>floor</category><bounds><corner1>-1.7989998274761128, -0.897072247584515, -0.36817998643329464</corner1><corner2>1.7989998274761128, 0.897072247584515, 0.36817998643329464</corner2></bounds><pose><translation>4.16251065655267, 0.2782656905263259, -1.3709890994072875</translation><rotation><c1>0, 0, 0</c1><c2>0, 0, 0</c2><c3>0, 0, 0</c3></rotation></pose><symmetry><x>twoFold</x><y>cylindrical</y><z>twoFold</z></symmetry><detectionScore>-1.0</detectionScore></element><element><id>2</id><category>wall</category><bounds><corner1>-0.5989040572476787, -0.34651874642340796, -1.5015411141996975</corner1><corner2>0.5989040572476787, 0.34651874642340796, 1.5015411141996975</corner2></bounds><pose><translation>4.147353495259898, 0.9078330293416009, -0.152470194670097</translation><rotation><c1>0, 0, 0</c1><c2>0, 0, 0</c2><c3>0, 0, 0</c3></rotation></pose><symmetry><x>twoFold</x><y>cylindrical</y><z>twoFold</z></symmetry><detectionScore>-1.0</detectionScore></element><element><id>3</id><category>door</category><bounds><corner1>-0.7269669546580007, -0.08483226161965818, -1.3170782980262716</corner1><corner2>0.7269669546580007, 0.08483226161965818, 1.3170782980262716</corner2></bounds><pose><translation>2.8003798817167564, 1.3955467117240508, -0.35895167049897203</translation><rotation><c1>0, 0, 0</c1><c2>0, 0, 0</c2><c3>0, 0, 0</c3></rotation></pose><symmetry><x>twoFold</x><y>cylindrical</y><z>twoFold</z></symmetry><detectionScore>-1.0</detectionScore></element><element><id>4</id><category>shelving</category><bounds><corner1>-0.9826976481094822, -0.5314211449628679, -0.9559734091516506</corner1><corner2>0.9826976481094822, 0.5314211449628679, 0.9559734091516506</corner2></bounds><pose><translation>1.4567994967536395, -4.144531680158182, 0.15149035127294516</translation><rotation><c1>0, 0, 0</c1><c2>0, 0, 0</c2><c3>0, 0, 0</c3></rotation></pose><symmetry><x>twoFold</x><y>cylindrical</y><z>twoFold</z></symmetry><detectionScore>-1.0</detectionScore></element><element><id>5</id><category>curtain</category><bounds><corner1>-0.7901284604657826, -0.10240041672058497, -1.619049127086888</corner1><corner2>0.7901284604657826, 0.10240041672058497, 1.619049127086888</corner2></bounds><pose><translation>2.696932238597663, 1.3854547332715608, -0.20308018988077492</translation><rotation><c1>0, 0, 0</c1><c2>0, 0, 0</c2><c3>0, 0, 0</c3></rotation></pose><symmetry><x>twoFold</x><y>cylindrical</y><z>twoFold</z></symmetry><detectionScore>-1.0</detectionScore></element><element><id>6</id><category>shelving</category><bounds><corner1>-0.7620560213386596, -0.5818076661285057, -1.0370921022018675</corner1><corner2>0.7620560213386596, 0.5818076661285057, 1.0370921022018675</corner2></bounds><pose><translation>-0.3068527708957455, -4.20849494328985, -0.7674258655692885</translation><rotation><c1>0, 0, 0</c1><c2>0, 0, 0</c2><c3>0, 0, 0</c3></rotation></pose><symmetry><x>twoFold</x><y>cylindrical</y><z>twoFold</z></symmetry><detectionScore>-1.0</detectionScore></element><element><id>7</id><category>loudspeaker</category><bounds><corner1>-0.20524382949586584, -0.5409714188904897, -0.5184811322889274</corner1><corner2>0.20524382949586584, 0.5409714188904897, 0.5184811322889274</corner2></bounds><pose><translation>-1.283819107627615, -2.4888164264803097, -1.095204545839282</translation><rotation><c1>0, 0, 0</c1><c2>0, 0, 0</c2><c3>0, 0, 0</c3></rotation></pose><symmetry><x>twoFold</x><y>cylindrical</y><z>twoFold</z></symmetry><detectionScore>-1.0</detectionScore></element><element><id>8</id><category>loudspeaker</category><bounds><corner1>-0.10852595742999904, -0.2124308992419307, -0.270816646330563</corner1><corner2>0.10852595742999904, 0.2124308992419307, 0.270816646330563</corner2></bounds><pose><translation>-1.4245928633336504, -0.943938629322648, -0.9119667306671682</translation><rotation><c1>0, 0, 0</c1><c2>0, 0, 0</c2><c3>0, 0, 0</c3></rotation></pose><symmetry><x>twoFold</x><y>cylindrical</y><z>twoFold</z></symmetry><detectionScore>-1.0</detectionScore></element><element><id>9</id><category>rug</category><bounds><corner1>-4.454316535933887, -1.0161763187886255, -0.3553204056799043</corner1><corner2>4.454316535933887, 1.0161763187886255, 0.3553204056799043</corner2></bounds><pose><translation>4.156387917227431, -0.40698091385484253, -1.0007153965787126</translation><rotation><c1>0, 0, 0</c1><c2>0, 0, 0</c2><c3>0, 0, 0</c3></rotation></pose><symmetry><x>twoFold</x><y>cylindrical</y><z>twoFold</z></symmetry><detectionScore>-1.0</detectionScore></element><element><id>10</id><category>loudspeaker</category><bounds><corner1>-0.2544207963856522, -0.2451733008378041, -0.053732038103593394</corner1><corner2>0.2544207963856522, 0.2451733008378041, 0.053732038103593394</corner2></bounds><pose><translation>-1.613584727578846, -0.9957728350973902, -0.6890720472690285</translation><rotation><c1>0, 0, 0</c1><c2>0, 0, 0</c2><c3>0, 0, 0</c3></rotation></pose><symmetry><x>twoFold</x><y>cylindrical</y><z>twoFold</z></symmetry><detectionScore>-1.0</detectionScore></element><element><id>11</id><category>wall</category><bounds><corner1>-2.78540334620463, -0.8717659270758409, -1.5152675590806977</corner1><corner2>2.78540334620463, 0.8717659270758409, 1.5152675590806977</corner2></bounds><pose><translation>1.0913169604643638, -4.1462400064765355, -0.1831468445909401</translation><rotation><c1>0, 0, 0</c1><c2>0, 0, 0</c2><c3>0, 0, 0</c3></rotation></pose><symmetry><x>twoFold</x><y>cylindrical</y><z>twoFold</z></symmetry><detectionScore>-1.0</detectionScore></element><element><id>12</id><category>wall</category><bounds><corner1>-4.786450556674954, -1.8137663059833478, -1.3861131919385654</corner1><corner2>4.786450556674954, 1.8137663059833478, 1.3861131919385654</corner2></bounds><pose><translation>4.146041857767356, -0.6346289358961236, -0.1347109660165027</translation><rotation><c1>0, 0, 0</c1><c2>0, 0, 0</c2><c3>0, 0, 0</c3></rotation></pose><symmetry><x>twoFold</x><y>cylindrical</y><z>twoFold</z></symmetry><detectionScore>-1.0</detectionScore></element><element><id>13</id><category>door</category><bounds><corner1>-4.731970915088409, -0.427458657904739, -1.372789297588276</corner1><corner2>4.731970915088409, 0.427458657904739, 1.372789297588276</corner2></bounds><pose><translation>4.353000112538242, 0.6147016495244453, -0.5205460580877973</translation><rotation><c1>0, 0, 0</c1><c2>0, 0, 0</c2><c3>0, 0, 0</c3></rotation></pose><symmetry><x>twoFold</x><y>cylindrical</y><z>twoFold</z></symmetry><detectionScore>-1.0</detectionScore></element><element><id>14</id><category>mirror</category><bounds><corner1>-1.24748527511536, -0.12698366266534622, -0.6588552944232822</corner1><corner2>1.24748527511536, 0.12698366266534622, 0.6588552944232822</corner2></bounds><pose><translation>2.739325458853822, -3.3438405104690574, -1.0135717549606265</translation><rotation><c1>0, 0, 0</c1><c2>0, 0, 0</c2><c3>0, 0, 0</c3></rotation></pose><symmetry><x>twoFold</x><y>cylindrical</y><z>twoFold</z></symmetry><detectionScore>-1.0</detectionScore></element><element><id>15</id><category>wall</category><bounds><corner1>-0.6041025064534331, -0.19760340738662285, -1.5663907521675124</corner1><corner2>0.6041025064534331, 0.19760340738662285, 1.5663907521675124</corner2></bounds><pose><translation>2.9654835875978733, 1.2665016502816555, -0.1480088318674935</translation><rotation><c1>0, 0, 0</c1><c2>0, 0, 0</c2><c3>0, 0, 0</c3></rotation></pose><symmetry><x>twoFold</x><y>cylindrical</y><z>twoFold</z></symmetry><detectionScore>-1.0</detectionScore></element></elements></scene>