<?xml version='1.0' encoding='utf-8'?>
<scene xmlns:sumo="https://www.sumochallenge.org"><version>2.0</version><categories><id>fb_categories_v1_0</id><url>https://sumochallenge.org/en/categories-1_0.json</url></categories><project_type>bounding_box</project_type><elements><element><id>0</id><category>partition</category><bounds><corner1>-2.2758990877770904, -2.4427616121529585, -1.385515134986153</corner1><corner2>2.2758990877770904, 2.4427616121529585, 1.385515134986153</corner2></bounds><pose><translation>-4.587404947383991, 1.1703286730243245, -0.2203294791559862</translation><rotation><c1>0, 0, 0</c1><c2>0, 0, 0</c2><c3>0, 0, 0</c3></rotation></pose><symmetry><x>twoFold</x><y>cylindrical</y><z>twoFold</z></symmetry><detectionScore>-1.0</detectionScore></element><element><id>1</id><category>wall</category><bounds><corner1>-1.0003105565165353, -1.7082340653448227, -1.372203741227652</corner1><corner2>1.0003105565165353, 1.7082340653448227, 1.372203741227652</corner2></bounds><pose><translation>-4.570005007619727, -2.9164607335488713, -0.07625544073018112</translation><rotation><c1>0, 0, 0</c1><c2>0, 0, 0</c2><c3>0, 0, 0</c3></rotation></pose><symmetry><x>twoFold</x><y>cylindrical</y><z>twoFold</z></symmetry><detectionScore>-1.0</detectionScore></element><element><id>2</id><category>kitchen_cabinet</category><bounds><corner1>-0.10215307924945871, -0.06204543095721582, -0.08131295435342945</corner1><corner2>0.10215307924945871, 0.06204543095721582, 0.08131295435342945</corner2></bounds><pose><translation>-1.242055340745621, 1.499505341270743, -0.5863325844727459</translation><rotation><c1>0, 0, 0</c1><c2>0, 0, 0</c2><c3>0, 0, 0</c3></rotation></pose><symmetry><x>twoFold</x><y>cylindrical</y><z>twoFold</z></symmetry><detectionScore>-1.0</detectionScore></element><element><id>3</id><category>person</category><bounds><corner1>-1.527890057537314, -1.6225769359205455, -1.211986666702223</corner1><corner2>1.527890057537314, 1.6225769359205455, 1.211986666702223</corner2></bounds><pose><translation>-3.2180111579082693, 2.4865073906715476, -0.7488609147917318</translation><rotation><c1>0, 0, 0</c1><c2>0, 0, 0</c2><c3>0, 0, 0</c3></rotation></pose><symmetry><x>twoFold</x><y>cylindrical</y><z>twoFold</z></symmetry><detectionScore>-1.0</detectionScore></element><element><id>4</id><category>door</category><bounds><corner1>-1.036814139929512, -3.555529458864455, -0.9083066498019519</corner1><corner2>1.036814139929512, 3.555529458864455, 0.9083066498019519</corner2></bounds><pose><translation>0.0, -3.555529458864455, -0.17615699960692432</translation><rotation><c1>0, 0, 0</c1><c2>0, 0, 0</c2><c3>0, 0, 0</c3></rotation></pose><symmetry><x>twoFold</x><y>cylindrical</y><z>twoFold</z></symmetry><detectionScore>-1.0</detectionScore></element><element><id>5</id><category>ceiling</category><bounds><corner1>-0.7406470419520628, -0.7695971928041341, -0.08000149423078029</corner1><corner2>0.7406470419520628, 0.7695971928041341, 0.08000149423078029</corner2></bounds><pose><translation>-4.61158091756584, -0.9606483895436398, 1.2817549099752565</translation><rotation><c1>0, 0, 0</c1><c2>0, 0, 0</c2><c3>0, 0, 0</c3></rotation></pose><symmetry><x>twoFold</x><y>cylindrical</y><z>twoFold</z></symmetry><detectionScore>-1.0</detectionScore></element><element><id>6</id><category>door</category><bounds><corner1>-0.25473995232142244, -0.975893033209333, -1.490946197685985</corner1><corner2>0.25473995232142244, 0.975893033209333, 1.490946197685985</corner2></bounds><pose><translation>-4.558553088472519, -2.8953758565450567, -0.17367525499190137</translation><rotation><c1>0, 0, 0</c1><c2>0, 0, 0</c2><c3>0, 0, 0</c3></rotation></pose><symmetry><x>twoFold</x><y>cylindrical</y><z>twoFold</z></symmetry><detectionScore>-1.0</detectionScore></element><element><id>7</id><category>wall</category><bounds><corner1>-2.757952568509802, -0.19955731783629282, -1.3107763985890426</corner1><corner2>2.757952568509802, 0.19955731783629282, 1.3107763985890426</corner2></bounds><pose><translation>-1.5562035216963963, 9.27170113919689, -0.046189667336013346</translation><rotation><c1>0, 0, 0</c1><c2>0, 0, 0</c2><c3>0, 0, 0</c3></rotation></pose><symmetry><x>twoFold</x><y>cylindrical</y><z>twoFold</z></symmetry><detectionScore>-1.0</detectionScore></element><element><id>8</id><category>coffee_table</category><bounds><corner1>-0.12702069437271613, -2.5750108219760355, -0.10572388186034382</corner1><corner2>0.12702069437271613, 2.5750108219760355, 0.10572388186034382</corner2></bounds><pose><translation>-1.217952530940005, 1.5476257330516499, -0.5607044440851175</translation><rotation><c1>0, 0, 0</c1><c2>0, 0, 0</c2><c3>0, 0, 0</c3></rotation></pose><symmetry><x>twoFold</x><y>cylindrical</y><z>twoFold</z></symmetry><detectionScore>-1.0</detectionScore></element><element><id>9</id><category>partition</category><bounds><corner1>-0.9607972443232264, -1.5763251328510353, -1.3825033327981988</corner1><corner2>0.9607972443232264, 1.5763251328510353, 1.3825033327981988</corner2></bounds><pose><translation>-4.561884723759787, -2.8361286545853064, -0.04908247782651361</translation><rotation><c1>0, 0, 0</c1><c2>0, 0, 0</c2><c3>0, 0, 0</c3></rotation></pose><symmetry><x>twoFold</x><y>cylindrical</y><z>twoFold</z></symmetry><detectionScore>-1.0</detectionScore></element><element><id>10</id><category>partition</category><bounds><corner1>-0.13578207854305258, -7.183553664654452, -1.318022922039517</corner1><corner2>0.13578207854305258, 7.183553664654452, 1.318022922039517</corner2></bounds><pose><translation>-1.2264951937856994, 1.6808255259944453, -0.042868381037204493</translation><rotation><c1>0, 0, 0</c1><c2>0, 0, 0</c2><c3>0, 0, 0</c3></rotation></pose><symmetry><x>twoFold</x><y>cylindrical</y><z>twoFold</z></symmetry><detectionScore>-1.0</detectionScore></element><element><id>11</id><category>door</category><bounds><corner1>-0.12029184660363557, -7.198772293496482, -1.3646840186567932</corner1><corner2>0.12029184660363557, 7.198772293496482, 1.3646840186567932</corner2></bounds><pose><translation>-1.209090784164473, 1.8712196991768155, -0.09405802391257626</translation><rotation><c1>0, 0, 0</c1><c2>0, 0, 0</c2><c3>0, 0, 0</c3></rotation></pose><symmetry><x>twoFold</x><y>cylindrical</y><z>twoFold</z></symmetry><detectionScore>-1.0</detectionScore></element><element><id>12</id><category>wall</category><bounds><corner1>-0.14697863947322665, -7.235986731347034, -1.2789709697052216</corner1><corner2>0.14697863947322665, 7.235986731347034, 1.2789709697052216</corner2></bounds><pose><translation>-1.2373878286268885, 1.6782301828444541, -0.009590080791645089</translation><rotation><c1>0, 0, 0</c1><c2>0, 0, 0</c2><c3>0, 0, 0</c3></rotation></pose><symmetry><x>twoFold</x><y>cylindrical</y><z>twoFold</z></symmetry><detectionScore>-1.0</detectionScore></element><element><id>13</id><category>person</category><bounds><corner1>-0.9716394064563023, -5.358208548874353, -0.9435672712792283</corner1><corner2>0.9716394064563023, 5.358208548874353, 0.9435672712792283</corner2></bounds><pose><translation>-1.7673126190185353, 4.056032463208524, -0.7331492754693079</translation><rotation><c1>0, 0, 0</c1><c2>0, 0, 0</c2><c3>0, 0, 0</c3></rotation></pose><symmetry><x>twoFold</x><y>cylindrical</y><z>twoFold</z></symmetry><detectionScore>-1.0</detectionScore></element><element><id>14</id><category>partition</category><bounds><corner1>-1.0410757289393313, -1.1774464835383758, -1.1528957912039346</corner1><corner2>1.0410757289393313, 1.1774464835383758, 1.1528957912039346</corner2></bounds><pose><translation>-3.32118847812403, 2.8079075618085936, -0.2000695878811147</translation><rotation><c1>0, 0, 0</c1><c2>0, 0, 0</c2><c3>0, 0, 0</c3></rotation></pose><symmetry><x>twoFold</x><y>cylindrical</y><z>twoFold</z></symmetry><detectionScore>-1.0</detectionScore></element><element><id>15</id><category>chair</category><bounds><corner1>-0.118516597950169, -1.2173744323237534, -0.10714825083750024</corner1><corner2>0.118516597950169, 1.2173744323237534, 0.10714825083750024</corner2></bounds><pose><translation>-1.2088988700583985, 1.5433484272177387, -0.5580436287512264</translation><rotation><c1>0, 0, 0</c1><c2>0, 0, 0</c2><c3>0, 0, 0</c3></rotation></pose><symmetry><x>twoFold</x><y>cylindrical</y><z>twoFold</z></symmetry><detectionScore>-1.0</detectionScore></element><element><id>16</id><category>person</category><bounds><corner1>-0.09036995866769049, -6.297583082690624, -1.613460985360316</corner1><corner2>0.09036995866769049, 6.297583082690624, 1.613460985360316</corner2></bounds><pose><translation>-1.1791602329088318, 1.632276189642167, -0.4111456992036497</translation><rotation><c1>0, 0, 0</c1><c2>0, 0, 0</c2><c3>0, 0, 0</c3></rotation></pose><symmetry><x>twoFold</x><y>cylindrical</y><z>twoFold</z></symmetry><detectionScore>-1.0</detectionScore></element><element><id>17</id><category>partition</category><bounds><corner1>-2.258879553080217, -1.4385007334119853, -1.2293836413150747</corner1><corner2>2.258879553080217, 1.4385007334119853, 1.2293836413150747</corner2></bounds><pose><translation>-4.533935936161415, 2.436053606093378, -0.3780777949108854</translation><rotation><c1>0, 0, 0</c1><c2>0, 0, 0</c2><c3>0, 0, 0</c3></rotation></pose><symmetry><x>twoFold</x><y>cylindrical</y><z>twoFold</z></symmetry><detectionScore>-1.0</detectionScore></element><element><id>18</id><category>chair</category><bounds><corner1>-0.5254158130031178, -3.4352278132253513, -1.003455263870054</corner1><corner2>0.5254158130031178, 3.4352278132253513, 1.003455263870054</corner2></bounds><pose><translation>-0.32860906113855315, 2.138658019854989, -1.5986668073805133</translation><rotation><c1>0, 0, 0</c1><c2>0, 0, 0</c2><c3>0, 0, 0</c3></rotation></pose><symmetry><x>twoFold</x><y>cylindrical</y><z>twoFold</z></symmetry><detectionScore>-1.0</detectionScore></element><element><id>19</id><category>chair</category><bounds><corner1>-0.1036026516073576, -0.06853710518923051, -0.08589145695989908</corner1><corner2>0.1036026516073576, 0.06853710518923051, 0.08589145695989908</corner2></bounds><pose><translation>-1.2420124898614497, 1.4992879282704128, -0.5862919834981403</translation><rotation><c1>0, 0, 0</c1><c2>0, 0, 0</c2><c3>0, 0, 0</c3></rotation></pose><symmetry><x>twoFold</x><y>cylindrical</y><z>twoFold</z></symmetry><detectionScore>-1.0</detectionScore></element><element><id>20</id><category>floor_lamp</category><bounds><corner1>-2.6289748003497824, -1.4295733057036637, -1.4027697839868818</corner1><corner2>2.6289748003497824, 1.4295733057036637, 1.4027697839868818</corner2></bounds><pose><translation>-4.531257176732881, 1.7541942624322657, -0.660544795670926</translation><rotation><c1>0, 0, 0</c1><c2>0, 0, 0</c2><c3>0, 0, 0</c3></rotation></pose><symmetry><x>twoFold</x><y>cylindrical</y><z>twoFold</z></symmetry><detectionScore>-1.0</detectionScore></element><element><id>21</id><category>wall</category><bounds><corner1>-2.2180717132562866, -1.2815750768980534, -1.0072110611358727</corner1><corner2>2.2180717132562866, 1.2815750768980534, 1.0072110611358727</corner2></bounds><pose><translation>-4.491482191683824, 2.598696261760592, -0.1350730762806835</translation><rotation><c1>0, 0, 0</c1><c2>0, 0, 0</c2><c3>0, 0, 0</c3></rotation></pose><symmetry><x>twoFold</x><y>cylindrical</y><z>twoFold</z></symmetry><detectionScore>-1.0</detectionScore></element><element><id>22</id><category>person</category><bounds><corner1>-0.7297812733034441, -6.822908649230566, -0.8642917913157697</corner1><corner2>0.7297812733034441, 6.822908649230566, 0.8642917913157697</corner2></bounds><pose><translation>-0.629646092412181, 2.56772746239211, -1.1270628141572763</translation><rotation><c1>0, 0, 0</c1><c2>0, 0, 0</c2><c3>0, 0, 0</c3></rotation></pose><symmetry><x>twoFold</x><y>cylindrical</y><z>twoFold</z></symmetry><detectionScore>-1.0</detectionScore></element><element><id>23</id><category>wall</category><bounds><corner1>-0.8037149735833975, -3.428778733442944, -1.3421624597998518</corner1><corner2>0.8037149735833975, 3.428778733442944, 1.3421624597998518</corner2></bounds><pose><translation>0.5550461339282826, -3.428778733442944, 0.0</translation><rotation><c1>0, 0, 0</c1><c2>0, 0, 0</c2><c3>0, 0, 0</c3></rotation></pose><symmetry><x>twoFold</x><y>cylindrical</y><z>twoFold</z></symmetry><detectionScore>-1.0</detectionScore></element><element><id>24</id><category>chair</category><bounds><corner1>-0.9741868439348182, -1.6504913298116808, -0.22503479772371338</corner1><corner2>0.9741868439348182, 1.6504913298116808, 0.22503479772371338</corner2></bounds><pose><translation>-2.6622985771589467, 1.1701633278722037, -1.0536975799012316</translation><rotation><c1>0, 0, 0</c1><c2>0, 0, 0</c2><c3>0, 0, 0</c3></rotation></pose><symmetry><x>twoFold</x><y>cylindrical</y><z>twoFold</z></symmetry><detectionScore>-1.0</detectionScore></element><element><id>25</id><category>person</category><bounds><corner1>-0.3658635082027919, -0.3465745842150769, -1.724241404577592</corner1><corner2>0.3658635082027919, 0.3465745842150769, 1.724241404577592</corner2></bounds><pose><translation>-3.8336392263756167, -1.0517477886275668, -0.7022492269843241</translation><rotation><c1>0, 0, 0</c1><c2>0, 0, 0</c2><c3>0, 0, 0</c3></rotation></pose><symmetry><x>twoFold</x><y>cylindrical</y><z>twoFold</z></symmetry><detectionScore>-1.0</detectionScore></element><element><id>26</id><category>wall</category><bounds><corner1>-2.306559236041092, -2.173095196023568, -0.9360850533458576</corner1><corner2>2.306559236041092, 2.173095196023568, 0.9360850533458576</corner2></bounds><pose><translation>-4.599031981219834, 0.8533512995961543, -0.08716090869352154</translation><rotation><c1>0, 0, 0</c1><c2>0, 0, 0</c2><c3>0, 0, 0</c3></rotation></pose><symmetry><x>twoFold</x><y>cylindrical</y><z>twoFold</z></symmetry><detectionScore>-1.0</detectionScore></element></elements></scene>