<?xml version='1.0' encoding='utf-8'?>
<scene xmlns:sumo="https://www.sumochallenge.org"><version>2.0</version><categories><id>fb_categories_v1.0</id><url>https://sumochallenge.org/en/categories-1_0.json</url></categories><project_type>bounding_box</project_type><elements><element><id>5</id><category>window</category><bounds><corner1>-0.07680748, -0.64205856, -0.99596036</corner1><corner2>0.07680748, 0.64205856, 0.99596036</corner2></bounds><pose><translation>4.67548704, 0.06960383, 0.65019331</translation><rotation><c1>1., 0., 0.</c1><c2>0., 1., 0.</c2><c3>0., 0., 1.</c3></rotation></pose><symmetry><x>none</x><y>twoFold</y><z>none</z></symmetry><detectionScore>0.85355425</detectionScore></element><element><id>10</id><category>window</category><bounds><corner1>-0.18856778, -0.42059997, -0.09672074</corner1><corner2>0.18856778, 0.42059997, 0.09672074</corner2></bounds><pose><translation>-2.86727567, -0.02730772, -5.63653651</translation><rotation><c1>1., 0., 0.</c1><c2>0., 1., 0.</c2><c3>0., 0., 1.</c3></rotation></pose><symmetry><x>none</x><y>twoFold</y><z>none</z></symmetry><detectionScore>0.50361013</detectionScore></element><element><id>11</id><category>window</category><bounds><corner1>-0.07673592, -0.63028399, -1.0614373 </corner1><corner2>0.07673592, 0.63028399, 1.0614373 </corner2></bounds><pose><translation> 4.65250888,  0.09565168, -2.67428923</translation><rotation><c1>1., 0., 0.</c1><c2>0., 1., 0.</c2><c3>0., 0., 1.</c3></rotation></pose><symmetry><x>none</x><y>twoFold</y><z>none</z></symmetry><detectionScore>0.9992944</detectionScore></element><element><id>4</id><category>dresser</category><bounds><corner1>-1.3220094 , -0.50542349, -0.39789864</corner1><corner2>1.3220094 , 0.50542349, 0.39789864</corner2></bounds><pose><translation> 2.39686832, -1.01218882,  1.24967383</translation><rotation><c1>1., 0., 0.</c1><c2>0., 1., 0.</c2><c3>0., 0., 1.</c3></rotation></pose><symmetry><x>none</x><y>none</y><z>none</z></symmetry><detectionScore>0.7646478</detectionScore></element><element><id>6</id><category>chandelier</category><bounds><corner1>-0.26800343, -0.31720584, -0.320996  </corner1><corner2>0.26800343, 0.31720584, 0.320996  </corner2></bounds><pose><translation>-2.44909354,  0.35703368, -5.46034557</translation><rotation><c1>1., 0., 0.</c1><c2>0., 1., 0.</c2><c3>0., 0., 1.</c3></rotation></pose><symmetry><x>none</x><y>cylindrical</y><z>none</z></symmetry><detectionScore>0.54565</detectionScore></element><element><id>3</id><category>floor</category><bounds><corner1>-1.69746079, -0.44175215, -0.52520575</corner1><corner2>1.69746079, 0.44175215, 0.52520575</corner2></bounds><pose><translation>-2.54568988, -1.04503001, -5.53761964</translation><rotation><c1>1., 0., 0.</c1><c2>0., 1., 0.</c2><c3>0., 0., 1.</c3></rotation></pose><symmetry><x>twoFold</x><y>cylindrical</y><z>twoFold</z></symmetry><detectionScore>0.54181826</detectionScore></element><element><id>12</id><category>wall</category><bounds><corner1>-0.25279526, -1.2216082 , -2.05932619</corner1><corner2>0.25279526, 1.2216082 , 2.05932619</corner2></bounds><pose><translation>-3.84801788, -0.0498141 , -0.75046718</translation><rotation><c1>1., 0., 0.</c1><c2>0., 1., 0.</c2><c3>0., 0., 1.</c3></rotation></pose><symmetry><x>none</x><y>twoFold</y><z>none</z></symmetry><detectionScore>0.60275865</detectionScore></element><element><id>2</id><category>door</category><bounds><corner1>-1.2039478 , -1.17874662, -0.46184703</corner1><corner2>1.2039478 , 1.17874662, 0.46184703</corner2></bounds><pose><translation>-2.19548402, -0.54154542, -5.51276016</translation><rotation><c1>1., 0., 0.</c1><c2>0., 1., 0.</c2><c3>0., 0., 1.</c3></rotation></pose><symmetry><x>twoFold</x><y>twoFold</y><z>twoFold</z></symmetry><detectionScore>0.9822089</detectionScore></element><element><id>1</id><category>toy</category><bounds><corner1>-0.19126857, -0.5757279 , -0.45034641</corner1><corner2>0.19126857, 0.5757279 , 0.45034641</corner2></bounds><pose><translation>-3.36410712, -0.94484739,  1.17601144</translation><rotation><c1>1., 0., 0.</c1><c2>0., 1., 0.</c2><c3>0., 0., 1.</c3></rotation></pose><symmetry><x>none</x><y>cylindrical</y><z>none</z></symmetry><detectionScore>0.5029448</detectionScore></element><element><id>9</id><category>wall</category><bounds><corner1>-0.10077109, -1.25625298, -2.71446285</corner1><corner2>0.10077109, 1.25625298, 2.71446285</corner2></bounds><pose><translation> 4.61088873, -0.15115519, -1.07035775</translation><rotation><c1>1., 0., 0.</c1><c2>0., 1., 0.</c2><c3>0., 0., 1.</c3></rotation></pose><symmetry><x>none</x><y>twoFold</y><z>none</z></symmetry><detectionScore>0.9644403</detectionScore></element><element><id>8</id><category>wall</category><bounds><corner1>-3.29679384, -1.1500453 , -3.89670544</corner1><corner2>3.29679384, 1.1500453 , 3.89670544</corner2></bounds><pose><translation> 0.12602311, -0.20975239, -5.58277826</translation><rotation><c1>1., 0., 0.</c1><c2>0., 1., 0.</c2><c3>0., 0., 1.</c3></rotation></pose><symmetry><x>none</x><y>twoFold</y><z>none</z></symmetry><detectionScore>0.6582551</detectionScore></element><element><id>7</id><category>door</category><bounds><corner1>-0.35999932, -1.09613514, -1.41339682</corner1><corner2>0.35999932, 1.09613514, 1.41339682</corner2></bounds><pose><translation>-4.13067839, -0.51582884, -2.62491706</translation><rotation><c1>1., 0., 0.</c1><c2>0., 1., 0.</c2><c3>0., 0., 1.</c3></rotation></pose><symmetry><x>twoFold</x><y>twoFold</y><z>twoFold</z></symmetry><detectionScore>0.9988226</detectionScore></element></elements></scene>