<?xml version='1.0' encoding='utf-8'?>
<scene xmlns:sumo="https://www.sumochallenge.org"><version>2.0</version><categories><id>fb_categories_v1_0</id><url>https://sumochallenge.org/en/categories-1_0.json</url></categories><project_type>bounding_box</project_type><elements><element><id>5</id><category>floor</category><bounds><corner1>-4.1670194, -0.025    , -9.955077 </corner1><corner2>4.1668286, 0.025    , 9.955077 </corner2></bounds><pose><translation>-6.566011 , -1.475    ,  1.2691957</translation><rotation><c1> 1.20773341e-03, -2.22044446e-16, -9.99999285e-01</c1><c2> 0.00000000e+00,  1.00000000e+00, -2.22044605e-16</c2><c3>9.99999285e-01, 2.68170688e-19, 1.20773341e-03</c3></rotation></pose><symmetry><x>twoFold</x><y>cylindrical</y><z>twoFold</z></symmetry><detectionScore>-1.0</detectionScore></element><element><id>11</id><category>wall</category><bounds><corner1>-4.175776  , -1.3675    , -0.02500326</corner1><corner2>4.1757736 , 1.3675    , 0.02499774</corner2></bounds><pose><translation> 3.26890251, -0.13250005,  1.26871197</translation><rotation><c1> 0.01934342,  0.        , -0.9998129 </c1><c2>0., 1., 0.</c2><c3>0.9998129 , 0.        , 0.01934342</c3></rotation></pose><symmetry><x>none</x><y>twoFold</y><z>none</z></symmetry><detectionScore>-1.0</detectionScore></element><element><id>9</id><category>wall</category><bounds><corner1>-5.005001  , -1.3675    , -0.02500153</corner1><corner2>5.0049973 , 1.3675    , 0.02499771</corner2></bounds><pose><translation>-1.59110549, -0.13250005, -2.84080427</translation><rotation><c1>-1.,  0.,  0.</c1><c2>0., 1., 0.</c2><c3> 0.,  0., -1.</c3></rotation></pose><symmetry><x>none</x><y>twoFold</y><z>none</z></symmetry><detectionScore>-1.0</detectionScore></element><element><id>13</id><category>wall</category><bounds><corner1>-9.900002  , -1.3675    , -0.02499771</corner1><corner2>9.899998  , 1.3675    , 0.02500153</corner2></bounds><pose><translation>-6.64609817, -0.13250005,  5.37919695</translation><rotation><c1>1., 0., 0.</c1><c2>0., 1., 0.</c2><c3>0., 0., 1.</c3></rotation></pose><symmetry><x>none</x><y>twoFold</y><z>none</z></symmetry><detectionScore>-1.0</detectionScore></element><element><id>7</id><category>ceiling</category><bounds><corner1>-4.1670194, -0.0250001, -9.955077 </corner1><corner2>4.1668286 , 0.02499986, 9.955077  </corner2></bounds><pose><translation>-6.56601103,  1.21500015,  1.26919566</translation><rotation><c1> 1.20773341e-03, -2.22044446e-16, -9.99999285e-01</c1><c2> 0.00000000e+00,  1.00000000e+00, -2.22044605e-16</c2><c3>9.99999285e-01, 2.68170688e-19, 1.20773341e-03</c3></rotation></pose><symmetry><x>twoFold</x><y>cylindrical</y><z>twoFold</z></symmetry><detectionScore>-1.0</detectionScore></element><element><id>60</id><category>wall</category><bounds><corner1>-2.6049995 , -1.3675    , -0.02499771</corner1><corner2>2.6049995 , 1.3675    , 0.02500153</corner2></bounds><pose><translation>-6.21110061, -0.13250005,  1.23393328</translation><rotation><c1>1., 0., 0.</c1><c2>0., 1., 0.</c2><c3>0., 0., 1.</c3></rotation></pose><symmetry><x>none</x><y>twoFold</y><z>none</z></symmetry><detectionScore>-1.0</detectionScore></element><element><id>58</id><category>wall</category><bounds><corner1>-2.079998  , -1.3675    , -0.02500153</corner1><corner2>2.0800018 , 1.3675    , 0.02499771</corner2></bounds><pose><translation>-3.62636093, -0.13250005, -0.82579725</translation><rotation><c1>-2.22044605e-16,  0.00000000e+00, -1.00000000e+00</c1><c2>0., 1., 0.</c2><c3> 1.00000000e+00,  0.00000000e+00, -2.22044605e-16</c3></rotation></pose><symmetry><x>none</x><y>twoFold</y><z>none</z></symmetry><detectionScore>-1.0</detectionScore></element><element><id>138</id><category>partition</category><bounds><corner1>-1.9999499 , -1.3249978 , -0.01000005</corner1><corner2>1.9999499 , 1.3249978 , 0.01000005</corner2></bounds><pose><translation>-5.57615611, -0.12429769,  1.16420056</translation><rotation><c1>1., 0., 0.</c1><c2>0., 1., 0.</c2><c3>0., 0., 1.</c3></rotation></pose><symmetry><x>twoFold</x><y>twoFold</y><z>twoFold</z></symmetry><detectionScore>-1.0</detectionScore></element><element><id>97</id><category>bunker_bed</category><bounds><corner1>-0.95      , -0.913045  , -0.55048597</corner1><corner2>0.95      , 0.913045  , 0.55048597</corner2></bounds><pose><translation>-1.05610183, -0.53695509, -1.75531491</translation><rotation><c1>1., 0., 0.</c1><c2>0., 1., 0.</c2><c3>0., 0., 1.</c3></rotation></pose><symmetry><x>none</x><y>none</y><z>none</z></symmetry><detectionScore>-1.0</detectionScore></element><element><id>98</id><category>single_bed</category><bounds><corner1>-0.55      , -0.38582954, -1.045     </corner1><corner2>0.55      , 0.38582954, 1.045     </corner2></bounds><pose><translation> 1.05389878, -1.06417052, -0.03580015</translation><rotation><c1>1., 0., 0.</c1><c2>0., 1., 0.</c2><c3>0., 0., 1.</c3></rotation></pose><symmetry><x>none</x><y>none</y><z>none</z></symmetry><detectionScore>-1.0</detectionScore></element><element><id>102</id><category>kitchen_cabinet</category><bounds><corner1>-0.2      , -0.3909955, -0.3000005</corner1><corner2>0.2      , 0.3909955, 0.3000005</corner2></bounds><pose><translation>-6.39610198, -1.0590045 ,  3.99420293</translation><rotation><c1>1., 0., 0.</c1><c2>0., 1., 0.</c2><c3>0., 0., 1.</c3></rotation></pose><symmetry><x>none</x><y>none</y><z>none</z></symmetry><detectionScore>-1.0</detectionScore></element><element><id>104</id><category>kitchen_cabinet</category><bounds><corner1>-0.6       , -0.45000702, -0.6000005 </corner1><corner2>0.6      , 0.450007 , 0.6000005</corner2></bounds><pose><translation>-3.6140514 , -0.99999305,  3.74497313</translation><rotation><c1>1., 0., 0.</c1><c2>0., 1., 0.</c2><c3>0., 0., 1.</c3></rotation></pose><symmetry><x>none</x><y>cylindrical</y><z>none</z></symmetry><detectionScore>-1.0</detectionScore></element><element><id>105</id><category>kitchen_cabinet</category><bounds><corner1>-1.5      , -1.075    , -0.3299745</corner1><corner2>1.5      , 1.075    , 0.3299745</corner2></bounds><pose><translation>-0.92494682, -0.37499988,  2.95416839</translation><rotation><c1>1., 0., 0.</c1><c2>0., 1., 0.</c2><c3>0., 0., 1.</c3></rotation></pose><symmetry><x>none</x><y>none</y><z>none</z></symmetry><detectionScore>-1.0</detectionScore></element><element><id>106</id><category>kitchen_cabinet</category><bounds><corner1>-0.225, -0.73 , -0.31 </corner1><corner2>0.225, 0.73 , 0.31 </corner2></bounds><pose><translation>-4.39610198, -0.71999998,  1.87419969</translation><rotation><c1>1., 0., 0.</c1><c2>0., 1., 0.</c2><c3>0., 0., 1.</c3></rotation></pose><symmetry><x>none</x><y>none</y><z>twoFold</z></symmetry><detectionScore>-1.0</detectionScore></element><element><id>108</id><category>kitchen_cabinet</category><bounds><corner1>-1.2 , -1.35, -0.8 </corner1><corner2>1.2 , 1.35, 0.8 </corner2></bounds><pose><translation>-2.27609924, -0.09999998,  0.52419741</translation><rotation><c1>1., 0., 0.</c1><c2>0., 1., 0.</c2><c3>0., 0., 1.</c3></rotation></pose><symmetry><x>none</x><y>fourFold</y><z>none</z></symmetry><detectionScore>-1.0</detectionScore></element><element><id>109</id><category>shower</category><bounds><corner1>-0.39999402, -1.039635  , -0.3999945 </corner1><corner2>0.39999402, 1.039635  , 0.3999945 </corner2></bounds><pose><translation> 0.67388789, -0.41036513, -2.02579252</translation><rotation><c1>1., 0., 0.</c1><c2>0., 1., 0.</c2><c3>0., 0., 1.</c3></rotation></pose><symmetry><x>none</x><y>cylindrical</y><z>none</z></symmetry><detectionScore>-1.0</detectionScore></element><element><id>110</id><category>chandelier</category><bounds><corner1>-0.384782  , -0.34964398, -0.345     </corner1><corner2>0.384782  , 0.34964398, 0.345     </corner2></bounds><pose><translation>1.53389832, 0.84035602, 1.78419954</translation><rotation><c1>1., 0., 0.</c1><c2>0., 1., 0.</c2><c3>0., 0., 1.</c3></rotation></pose><symmetry><x>none</x><y>cylindrical</y><z>none</z></symmetry><detectionScore>-1.0</detectionScore></element><element><id>111</id><category>chandelier</category><bounds><corner1>-0.23, -0.34, -0.23</corner1><corner2>0.23, 0.34, 0.23</corner2></bounds><pose><translation>2.12389847, 0.84999999, 3.60419924</translation><rotation><c1>1., 0., 0.</c1><c2>0., 1., 0.</c2><c3>0., 0., 1.</c3></rotation></pose><symmetry><x>none</x><y>fourFold</y><z>none</z></symmetry><detectionScore>-1.0</detectionScore></element><element><id>112</id><category>chandelier</category><bounds><corner1>-0.44      , -0.25511247, -0.12      </corner1><corner2>0.44     , 0.2551125, 0.12     </corner2></bounds><pose><translation>1.75389954, 0.93488756, 4.59420092</translation><rotation><c1>1., 0., 0.</c1><c2>0., 1., 0.</c2><c3>0., 0., 1.</c3></rotation></pose><symmetry><x>none</x><y>twoFold</y><z>none</z></symmetry><detectionScore>-1.0</detectionScore></element><element><id>113</id><category>door</category><bounds><corner1>-0.650021, -1.06    , -0.500198</corner1><corner2>0.650021, 1.06    , 0.500198</corner2></bounds><pose><translation>-10.73860076,  -0.42000013,   5.81439645</translation><rotation><c1> 1.00000000e+00,  0.00000000e+00, -1.22464685e-16</c1><c2>0., 1., 0.</c2><c3>1.22464685e-16, 0.00000000e+00, 1.00000000e+00</c3></rotation></pose><symmetry><x>twoFold</x><y>twoFold</y><z>twoFold</z></symmetry><detectionScore>-1.0</detectionScore></element></elements></scene>