<?xml version='1.0' encoding='utf-8'?>
<scene xmlns:sumo="https://www.sumochallenge.org"><version>2.0</version><categories><id>fb_categories_v1.0</id><url>https://sumochallenge.org/en/categories-1_0.json</url></categories><project_type>bounding_box</project_type><elements><element><id>4</id><category>wall</category><bounds><corner1>-2.78581513, -1.20340238, -0.1022237 </corner1><corner2>2.78581513, 1.20340238, 0.1022237 </corner2></bounds><pose><translation>-0.68311955, -0.06740959, -4.02217533</translation><rotation><c1>1., 0., 0.</c1><c2>0., 1., 0.</c2><c3>0., 0., 1.</c3></rotation></pose><symmetry><x>none</x><y>twoFold</y><z>none</z></symmetry><detectionScore>0.6962204</detectionScore></element><element><id>1</id><category>wall</category><bounds><corner1>-0.8070422 , -1.2430405 , -3.75138463</corner1><corner2>0.8070422 , 1.2430405 , 3.75138463</corner2></bounds><pose><translation>-6.17267082, -0.12645043, -0.41250509</translation><rotation><c1>1., 0., 0.</c1><c2>0., 1., 0.</c2><c3>0., 0., 1.</c3></rotation></pose><symmetry><x>none</x><y>twoFold</y><z>none</z></symmetry><detectionScore>0.7063287</detectionScore></element><element><id>5</id><category>wall</category><bounds><corner1>-3.99229033, -1.17883054, -0.1262857 </corner1><corner2>3.99229033, 1.17883054, 0.1262857 </corner2></bounds><pose><translation>-1.90564465, -0.15663427,  7.61746794</translation><rotation><c1>1., 0., 0.</c1><c2>0., 1., 0.</c2><c3>0., 0., 1.</c3></rotation></pose><symmetry><x>none</x><y>twoFold</y><z>none</z></symmetry><detectionScore>0.9927239</detectionScore></element><element><id>3</id><category>shelving</category><bounds><corner1>-0.07496285, -0.3062159 , -0.2626463 </corner1><corner2>0.07496285, 0.3062159 , 0.2626463 </corner2></bounds><pose><translation>2.29602922, 0.19424589, 1.4369458 </translation><rotation><c1>1., 0., 0.</c1><c2>0., 1., 0.</c2><c3>0., 0., 1.</c3></rotation></pose><symmetry><x>twoFold</x><y>twoFold</y><z>twoFold</z></symmetry><detectionScore>0.6513165</detectionScore></element><element><id>2</id><category>door</category><bounds><corner1>-0.74519027, -1.04213199, -0.21186158</corner1><corner2>0.74519027, 1.04213199, 0.21186158</corner2></bounds><pose><translation>-3.25485471, -0.40570717, -4.18190185</translation><rotation><c1>1., 0., 0.</c1><c2>0., 1., 0.</c2><c3>0., 0., 1.</c3></rotation></pose><symmetry><x>twoFold</x><y>twoFold</y><z>twoFold</z></symmetry><detectionScore>0.99519855</detectionScore></element><element><id>6</id><category>toilet</category><bounds><corner1>-0.1750339 , -0.2809215 , -0.15270728</corner1><corner2>0.1750339 , 0.2809215 , 0.15270728</corner2></bounds><pose><translation> 2.18787139, -1.16707514, -0.83823519</translation><rotation><c1>1., 0., 0.</c1><c2>0., 1., 0.</c2><c3>0., 0., 1.</c3></rotation></pose><symmetry><x>none</x><y>none</y><z>none</z></symmetry><detectionScore>0.99729115</detectionScore></element></elements></scene>