<?xml version='1.0' encoding='utf-8'?>
<scene xmlns:sumo="https://www.sumochallenge.org"><version>2.0</version><categories><id>fb_categories_v1.0</id><url>https://sumochallenge.org/en/categories-1_0.json</url></categories><project_type>bounding_box</project_type><elements><element><id>2</id><category>wall</category><bounds><corner1>-2.42154158, -1.04588778, -5.26806428</corner1><corner2>2.42154158, 1.04588778, 5.26806428</corner2></bounds><pose><translation>-11.63074814,  -0.12403934,   3.89223168</translation><rotation><c1>1., 0., 0.</c1><c2>0., 1., 0.</c2><c3>0., 0., 1.</c3></rotation></pose><symmetry><x>none</x><y>twoFold</y><z>none</z></symmetry><detectionScore>0.6319263</detectionScore></element><element><id>4</id><category>sofa</category><bounds><corner1>-1.44681238, -0.36740523, -0.61771734</corner1><corner2>1.44681238, 0.36740523, 0.61771734</corner2></bounds><pose><translation>-4.20687034, -0.84121497, -1.30132532</translation><rotation><c1>1., 0., 0.</c1><c2>0., 1., 0.</c2><c3>0., 0., 1.</c3></rotation></pose><symmetry><x>none</x><y>none</y><z>none</z></symmetry><detectionScore>0.85381144</detectionScore></element><element><id>1</id><category>wall</category><bounds><corner1>-5.66979608, -1.12235817, -0.29781684</corner1><corner2>5.66979608, 1.12235817, 0.29781684</corner2></bounds><pose><translation>-2.67410287, -0.14281629, 13.03844218</translation><rotation><c1>1., 0., 0.</c1><c2>0., 1., 0.</c2><c3>0., 0., 1.</c3></rotation></pose><symmetry><x>none</x><y>twoFold</y><z>none</z></symmetry><detectionScore>0.930284</detectionScore></element><element><id>5</id><category>loudspeaker</category><bounds><corner1>-0.15503719, -0.44785507, -0.02697071</corner1><corner2>0.15503719, 0.44785507, 0.02697071</corner2></bounds><pose><translation>-0.24004945, -0.93465467, -1.51501923</translation><rotation><c1>1., 0., 0.</c1><c2>0., 1., 0.</c2><c3>0., 0., 1.</c3></rotation></pose><symmetry><x>none</x><y>fourFold</y><z>none</z></symmetry><detectionScore>0.9991786</detectionScore></element><element><id>3</id><category>sofa</category><bounds><corner1>-0.73914225, -0.52176449, -2.68517495</corner1><corner2>0.73914225, 0.52176449, 2.68517495</corner2></bounds><pose><translation> 2.63163899, -0.99562826,  5.29543464</translation><rotation><c1>1., 0., 0.</c1><c2>0., 1., 0.</c2><c3>0., 0., 1.</c3></rotation></pose><symmetry><x>none</x><y>none</y><z>none</z></symmetry><detectionScore>0.94380885</detectionScore></element></elements></scene>