<?xml version='1.0' encoding='utf-8'?>
<scene xmlns:sumo="https://www.sumochallenge.org"><version>2.0</version><categories><id>fb_categories_v1_0</id><url>https://sumochallenge.org/en/categories-1_0.json</url></categories><project_type>bounding_box</project_type><elements><element><id>0</id><category>sofa</category><bounds><corner1>-4.295101911712982, -2.3482225546032165, -0.37569065830099435</corner1><corner2>4.295101911712982, 2.3482225546032165, 0.37569065830099435</corner2></bounds><pose><translation>4.11502293135409, 1.4551619609681314, -0.8322639301065401</translation><rotation><c1>0, 0, 0</c1><c2>0, 0, 0</c2><c3>0, 0, 0</c3></rotation></pose><symmetry><x>twoFold</x><y>cylindrical</y><z>twoFold</z></symmetry><detectionScore>-1.0</detectionScore></element><element><id>1</id><category>wall</category><bounds><corner1>-7.79952349626314, -0.08760325972686528, -1.2838598454115648</corner1><corner2>7.79952349626314, 0.08760325972686528, 1.2838598454115648</corner2></bounds><pose><translation>0.6584438931463192, -0.5097553103910084, -0.017132446592720323</translation><rotation><c1>0, 0, 0</c1><c2>0, 0, 0</c2><c3>0, 0, 0</c3></rotation></pose><symmetry><x>twoFold</x><y>cylindrical</y><z>twoFold</z></symmetry><detectionScore>-1.0</detectionScore></element><element><id>2</id><category>hanging_kitchen_cabinet</category><bounds><corner1>-0.9136504282604463, -0.7062028034838694, -0.6611581688621455</corner1><corner2>0.9136504282604463, 0.7062028034838694, 0.6611581688621455</corner2></bounds><pose><translation>-2.1089953745161534, 3.316667831628282, 0.3288953235133852</translation><rotation><c1>0, 0, 0</c1><c2>0, 0, 0</c2><c3>0, 0, 0</c3></rotation></pose><symmetry><x>twoFold</x><y>cylindrical</y><z>twoFold</z></symmetry><detectionScore>-1.0</detectionScore></element><element><id>3</id><category>chandelier</category><bounds><corner1>-0.28624166050764477, -1.030269423472021, -0.06456507177183868</corner1><corner2>0.28624166050764477, 1.030269423472021, 0.06456507177183868</corner2></bounds><pose><translation>-1.0781157130491574, 1.9716553200542952, 1.4423455379098238</translation><rotation><c1>0, 0, 0</c1><c2>0, 0, 0</c2><c3>0, 0, 0</c3></rotation></pose><symmetry><x>twoFold</x><y>cylindrical</y><z>twoFold</z></symmetry><detectionScore>-1.0</detectionScore></element><element><id>4</id><category>wall</category><bounds><corner1>-0.18068607732945274, -3.6906553772521793, -1.4206366754084445</corner1><corner2>0.18068607732945274, 3.6906553772521793, 1.4206366754084445</corner2></bounds><pose><translation>8.401076622142433, -0.08915540554835692, -0.15668785522546216</translation><rotation><c1>0, 0, 0</c1><c2>0, 0, 0</c2><c3>0, 0, 0</c3></rotation></pose><symmetry><x>twoFold</x><y>cylindrical</y><z>twoFold</z></symmetry><detectionScore>-1.0</detectionScore></element><element><id>5</id><category>chair</category><bounds><corner1>-3.418731906476401, -2.5315441036930264, -0.32164211587489633</corner1><corner2>3.418731906476401, 2.5315441036930264, 0.32164211587489633</corner2></bounds><pose><translation>2.102060568495549, 1.3156681293880035, -0.8665946546109689</translation><rotation><c1>0, 0, 0</c1><c2>0, 0, 0</c2><c3>0, 0, 0</c3></rotation></pose><symmetry><x>twoFold</x><y>cylindrical</y><z>twoFold</z></symmetry><detectionScore>-1.0</detectionScore></element><element><id>6</id><category>picture_frame</category><bounds><corner1>-7.354971992649451, -0.05033581645105806, -0.9617545297515218</corner1><corner2>7.354971992649451, 0.05033581645105806, 0.9617545297515218</corner2></bounds><pose><translation>0.6792390260096818, -0.4722647961963487, 0.007373178606972137</translation><rotation><c1>0, 0, 0</c1><c2>0, 0, 0</c2><c3>0, 0, 0</c3></rotation></pose><symmetry><x>twoFold</x><y>cylindrical</y><z>twoFold</z></symmetry><detectionScore>-1.0</detectionScore></element><element><id>7</id><category>sofa</category><bounds><corner1>-3.233125623620551, -1.5282005988535365, -0.297035763463914</corner1><corner2>3.233125623620551, 1.5282005988535365, 0.297035763463914</corner2></bounds><pose><translation>4.154206059276937, 2.284103624183752, -0.8895342926373849</translation><rotation><c1>0, 0, 0</c1><c2>0, 0, 0</c2><c3>0, 0, 0</c3></rotation></pose><symmetry><x>twoFold</x><y>cylindrical</y><z>twoFold</z></symmetry><detectionScore>-1.0</detectionScore></element><element><id>8</id><category>chair</category><bounds><corner1>-1.991744030485238, -1.2125133393602265, -0.047207174369257365</corner1><corner2>1.991744030485238, 1.2125133393602265, 0.047207174369257365</corner2></bounds><pose><translation>2.171240042763473, 1.133886090287557, -0.8475098576176783</translation><rotation><c1>0, 0, 0</c1><c2>0, 0, 0</c2><c3>0, 0, 0</c3></rotation></pose><symmetry><x>twoFold</x><y>cylindrical</y><z>twoFold</z></symmetry><detectionScore>-1.0</detectionScore></element><element><id>9</id><category>chair</category><bounds><corner1>-1.0358546604669312, -1.0796424363359578, -0.3932109816547589</corner1><corner2>1.0358546604669312, 1.0796424363359578, 0.3932109816547589</corner2></bounds><pose><translation>1.5803063669850757, 1.0041771535399406, -0.921463764449951</translation><rotation><c1>0, 0, 0</c1><c2>0, 0, 0</c2><c3>0, 0, 0</c3></rotation></pose><symmetry><x>twoFold</x><y>cylindrical</y><z>twoFold</z></symmetry><detectionScore>-1.0</detectionScore></element><element><id>10</id><category>chair</category><bounds><corner1>-2.008555158379075, -1.7013608927264543, -0.2194670615244131</corner1><corner2>2.008555158379075, 1.7013608927264543, 0.2194670615244131</corner2></bounds><pose><translation>2.2718451991573505, 0.9297876568160568, -0.8889201002039016</translation><rotation><c1>0, 0, 0</c1><c2>0, 0, 0</c2><c3>0, 0, 0</c3></rotation></pose><symmetry><x>twoFold</x><y>cylindrical</y><z>twoFold</z></symmetry><detectionScore>-1.0</detectionScore></element><element><id>11</id><category>vase</category><bounds><corner1>-0.27891523989114075, -0.2606522997502444, -0.4111182709586195</corner1><corner2>0.27891523989114075, 0.2606522997502444, 0.4111182709586195</corner2></bounds><pose><translation>-2.3656143887951093, 0.26803991346205924, -0.585241773410696</translation><rotation><c1>0, 0, 0</c1><c2>0, 0, 0</c2><c3>0, 0, 0</c3></rotation></pose><symmetry><x>twoFold</x><y>cylindrical</y><z>twoFold</z></symmetry><detectionScore>-1.0</detectionScore></element><element><id>12</id><category>chair</category><bounds><corner1>-5.958965600626192, -0.6367174005714903, -0.8813891599518469</corner1><corner2>5.958965600626192, 0.6367174005714903, 0.8813891599518469</corner2></bounds><pose><translation>2.2258554793547853, 0.03140071190883463, -1.536451369875894</translation><rotation><c1>0, 0, 0</c1><c2>0, 0, 0</c2><c3>0, 0, 0</c3></rotation></pose><symmetry><x>twoFold</x><y>cylindrical</y><z>twoFold</z></symmetry><detectionScore>-1.0</detectionScore></element><element><id>13</id><category>dining_table</category><bounds><corner1>-3.4418422645520224, -2.4202539275334276, -0.4905167481390522</corner1><corner2>3.4418422645520224, 2.4202539275334276, 0.4905167481390522</corner2></bounds><pose><translation>2.1063524368407354, 0.765669299992874, -1.1942092277311858</translation><rotation><c1>0, 0, 0</c1><c2>0, 0, 0</c2><c3>0, 0, 0</c3></rotation></pose><symmetry><x>twoFold</x><y>cylindrical</y><z>twoFold</z></symmetry><detectionScore>-1.0</detectionScore></element><element><id>14</id><category>chandelier</category><bounds><corner1>-3.4739513254057606, -2.5036791743218436, -0.13471593160994533</corner1><corner2>3.4739513254057606, 2.5036791743218436, 0.13471593160994533</corner2></bounds><pose><translation>2.2680787378761913, 1.2007100443188317, 1.3611621628527208</translation><rotation><c1>0, 0, 0</c1><c2>0, 0, 0</c2><c3>0, 0, 0</c3></rotation></pose><symmetry><x>twoFold</x><y>cylindrical</y><z>twoFold</z></symmetry><detectionScore>-1.0</detectionScore></element><element><id>15</id><category>kitchen_cabinet</category><bounds><corner1>-0.6247765620420942, -0.7489933996765513, -0.31786885405418097</corner1><corner2>0.6247765620420942, 0.7489933996765513, 0.31786885405418097</corner2></bounds><pose><translation>-2.090368869897086, 0.982882293179442, -0.9105021181113787</translation><rotation><c1>0, 0, 0</c1><c2>0, 0, 0</c2><c3>0, 0, 0</c3></rotation></pose><symmetry><x>twoFold</x><y>cylindrical</y><z>twoFold</z></symmetry><detectionScore>-1.0</detectionScore></element><element><id>16</id><category>window</category><bounds><corner1>-1.1383907568179068, -0.10070400765148957, -0.7824991783459179</corner1><corner2>1.1383907568179068, 0.10070400765148957, 0.7824991783459179</corner2></bounds><pose><translation>2.3799487223681948, 4.013176200565938, 0.07348813666470577</translation><rotation><c1>0, 0, 0</c1><c2>0, 0, 0</c2><c3>0, 0, 0</c3></rotation></pose><symmetry><x>twoFold</x><y>cylindrical</y><z>twoFold</z></symmetry><detectionScore>-1.0</detectionScore></element><element><id>17</id><category>kitchen_cabinet</category><bounds><corner1>-0.8946518263627223, -0.923102597069291, -0.6259302042845922</corner1><corner2>0.8946518263627223, 0.923102597069291, 0.6259302042845922</corner2></bounds><pose><translation>-1.9502525295514284, 3.0772418811491304, -1.0979120234733761</translation><rotation><c1>0, 0, 0</c1><c2>0, 0, 0</c2><c3>0, 0, 0</c3></rotation></pose><symmetry><x>twoFold</x><y>cylindrical</y><z>twoFold</z></symmetry><detectionScore>-1.0</detectionScore></element><element><id>18</id><category>microwave</category><bounds><corner1>-0.2791919218036334, -1.0704971294901298, -0.2847542989699713</corner1><corner2>0.2791919218036334, 1.0704971294901298, 0.2847542989699713</corner2></bounds><pose><translation>-2.2041520399401153, 2.9293452690698456, -0.5624022410950753</translation><rotation><c1>0, 0, 0</c1><c2>0, 0, 0</c2><c3>0, 0, 0</c3></rotation></pose><symmetry><x>twoFold</x><y>cylindrical</y><z>twoFold</z></symmetry><detectionScore>-1.0</detectionScore></element><element><id>19</id><category>refrigerator</category><bounds><corner1>-0.45271546401286605, -0.7060641001698027, -1.139434765578463</corner1><corner2>0.45271546401286605, 0.7060641001698027, 1.139434765578463</corner2></bounds><pose><translation>0.009620030454229721, 3.356800261064391, -0.5303399176795656</translation><rotation><c1>0, 0, 0</c1><c2>0, 0, 0</c2><c3>0, 0, 0</c3></rotation></pose><symmetry><x>twoFold</x><y>cylindrical</y><z>twoFold</z></symmetry><detectionScore>-1.0</detectionScore></element><element><id>20</id><category>plant</category><bounds><corner1>-0.41047154649371104, -0.09638519057792605, -1.0490607676996813</corner1><corner2>0.41047154649371104, 0.09638519057792605, 1.0490607676996813</corner2></bounds><pose><translation>-0.8163963041371061, 3.9838191223330717, -0.9267676758681379</translation><rotation><c1>0, 0, 0</c1><c2>0, 0, 0</c2><c3>0, 0, 0</c3></rotation></pose><symmetry><x>twoFold</x><y>cylindrical</y><z>twoFold</z></symmetry><detectionScore>-1.0</detectionScore></element><element><id>21</id><category>wall</category><bounds><corner1>-3.1788864457848156, -0.12183278390703123, -1.475034827143228</corner1><corner2>3.1788864457848156, 0.12183278390703123, 1.475034827143228</corner2></bounds><pose><translation>0.5865870441968697, 3.96379886310765, -0.15200293751809235</translation><rotation><c1>0, 0, 0</c1><c2>0, 0, 0</c2><c3>0, 0, 0</c3></rotation></pose><symmetry><x>twoFold</x><y>cylindrical</y><z>twoFold</z></symmetry><detectionScore>-1.0</detectionScore></element><element><id>22</id><category>armchair</category><bounds><corner1>-3.401928536583819, -2.6222487765658737, -0.30876766651456433</corner1><corner2>3.401928536583819, 2.6222487765658737, 0.30876766651456433</corner2></bounds><pose><translation>2.094236725116188, 1.2081618507215475, -0.8721091904393399</translation><rotation><c1>0, 0, 0</c1><c2>0, 0, 0</c2><c3>0, 0, 0</c3></rotation></pose><symmetry><x>twoFold</x><y>cylindrical</y><z>twoFold</z></symmetry><detectionScore>-1.0</detectionScore></element><element><id>23</id><category>armchair</category><bounds><corner1>-3.5586465298089696, -1.4197179906841932, -0.26457563157850994</corner1><corner2>3.5586465298089696, 1.4197179906841932, 0.26457563157850994</corner2></bounds><pose><translation>4.1903244005159985, 2.4161291099235633, -0.8575568962696691</translation><rotation><c1>0, 0, 0</c1><c2>0, 0, 0</c2><c3>0, 0, 0</c3></rotation></pose><symmetry><x>twoFold</x><y>cylindrical</y><z>twoFold</z></symmetry><detectionScore>-1.0</detectionScore></element><element><id>24</id><category>wall</category><bounds><corner1>-2.8579390190402965, -0.10775701988411512, -1.3725069227864883</corner1><corner2>2.8579390190402965, 0.10775701988411512, 1.3725069227864883</corner2></bounds><pose><translation>5.478070155548247, 3.7904090814209264, -0.08078687692676094</translation><rotation><c1>0, 0, 0</c1><c2>0, 0, 0</c2><c3>0, 0, 0</c3></rotation></pose><symmetry><x>twoFold</x><y>cylindrical</y><z>twoFold</z></symmetry><detectionScore>-1.0</detectionScore></element><element><id>25</id><category>armchair</category><bounds><corner1>-3.883061148210144, -2.3347389340213267, -0.37333039322688877</corner1><corner2>3.883061148210144, 2.3347389340213267, 0.37333039322688877</corner2></bounds><pose><translation>2.6669999845268273, 1.2518460294706064, -0.8439125102556471</translation><rotation><c1>0, 0, 0</c1><c2>0, 0, 0</c2><c3>0, 0, 0</c3></rotation></pose><symmetry><x>twoFold</x><y>cylindrical</y><z>twoFold</z></symmetry><detectionScore>-1.0</detectionScore></element></elements></scene>