<?xml version='1.0' encoding='utf-8'?>
<scene xmlns:sumo="https://www.sumochallenge.org"><version>2.0</version><categories><id>fb_categories_v1.0</id><url>https://sumochallenge.org/en/categories-1_0.json</url></categories><project_type>bounding_box</project_type><elements><element><id>5</id><category>wall</category><bounds><corner1>-0.8571124 , -1.36855441, -1.21270305</corner1><corner2>0.8571124 , 1.36855441, 1.21270305</corner2></bounds><pose><translation>-2.73517214, -0.02714261, -0.23398759</translation><rotation><c1>1., 0., 0.</c1><c2>0., 1., 0.</c2><c3>0., 0., 1.</c3></rotation></pose><symmetry><x>none</x><y>twoFold</y><z>none</z></symmetry><detectionScore>0.8616701</detectionScore></element><element><id>10</id><category>wall</category><bounds><corner1>-0.040986  , -1.30477952, -1.38442951</corner1><corner2>0.040986  , 1.30477952, 1.38442951</corner2></bounds><pose><translation> 1.89807942,  0.03157739, -0.0165406 </translation><rotation><c1>1., 0., 0.</c1><c2>0., 1., 0.</c2><c3>0., 0., 1.</c3></rotation></pose><symmetry><x>none</x><y>twoFold</y><z>none</z></symmetry><detectionScore>0.6739871</detectionScore></element><element><id>11</id><category>plant</category><bounds><corner1>-0.44463922, -0.27928837, -0.5190153 </corner1><corner2>0.44463922, 0.27928837, 0.5190153 </corner2></bounds><pose><translation>-1.02474527, -0.37792914, -1.61001517</translation><rotation><c1>1., 0., 0.</c1><c2>0., 1., 0.</c2><c3>0., 0., 1.</c3></rotation></pose><symmetry><x>none</x><y>cylindrical</y><z>none</z></symmetry><detectionScore>0.5502673</detectionScore></element><element><id>4</id><category>wall_lamp</category><bounds><corner1>-0.20695108, -0.32144861, -0.13191721</corner1><corner2>0.20695108, 0.32144861, 0.13191721</corner2></bounds><pose><translation>1.72702886, 0.38848613, 0.12978673</translation><rotation><c1>1., 0., 0.</c1><c2>0., 1., 0.</c2><c3>0., 0., 1.</c3></rotation></pose><symmetry><x>none</x><y>none</y><z>none</z></symmetry><detectionScore>0.72442615</detectionScore></element><element><id>6</id><category>door</category><bounds><corner1>-0.10670241, -0.46237952, -2.2407015 </corner1><corner2>0.10670241, 0.46237952, 2.2407015 </corner2></bounds><pose><translation>-0.23305655, -0.13920649,  1.29698112</translation><rotation><c1>1., 0., 0.</c1><c2>0., 1., 0.</c2><c3>0., 0., 1.</c3></rotation></pose><symmetry><x>twoFold</x><y>twoFold</y><z>twoFold</z></symmetry><detectionScore>0.5452333</detectionScore></element><element><id>3</id><category>wall</category><bounds><corner1>-0.87503287, -1.35871345, -5.35584695</corner1><corner2>0.87503287, 1.35871345, 5.35584695</corner2></bounds><pose><translation> 1.03200251, -0.01040779,  5.42541462</translation><rotation><c1>1., 0., 0.</c1><c2>0., 1., 0.</c2><c3>0., 0., 1.</c3></rotation></pose><symmetry><x>none</x><y>twoFold</y><z>none</z></symmetry><detectionScore>0.8740242</detectionScore></element><element><id>12</id><category>range_oven</category><bounds><corner1>-0.38965873, -0.13850621, -0.06296752</corner1><corner2>0.38965873, 0.13850621, 0.06296752</corner2></bounds><pose><translation>-0.47504657, -0.63679834, -1.06099985</translation><rotation><c1>1., 0., 0.</c1><c2>0., 1., 0.</c2><c3>0., 0., 1.</c3></rotation></pose><symmetry><x>none</x><y>none</y><z>none</z></symmetry><detectionScore>0.89253044</detectionScore></element><element><id>2</id><category>coffee_machine</category><bounds><corner1>-0.29608584, -0.18208271, -0.15046585</corner1><corner2>0.29608584, 0.18208271, 0.15046585</corner2></bounds><pose><translation> 1.62499637, -0.39916479, -1.28652332</translation><rotation><c1>1., 0., 0.</c1><c2>0., 1., 0.</c2><c3>0., 0., 1.</c3></rotation></pose><symmetry><x>none</x><y>none</y><z>none</z></symmetry><detectionScore>0.6752607</detectionScore></element><element><id>1</id><category>plant</category><bounds><corner1>-0.602418  , -0.37688364, -0.55498448</corner1><corner2>0.602418  , 0.37688364, 0.55498448</corner2></bounds><pose><translation> 0.76895701, -0.52849318, -1.72598338</translation><rotation><c1>1., 0., 0.</c1><c2>0., 1., 0.</c2><c3>0., 0., 1.</c3></rotation></pose><symmetry><x>none</x><y>cylindrical</y><z>none</z></symmetry><detectionScore>0.6037101</detectionScore></element><element><id>13</id><category>door</category><bounds><corner1>-0.05471302, -1.13346262, -1.32308941</corner1><corner2>0.05471302, 1.13346262, 1.32308941</corner2></bounds><pose><translation> 1.88802999, -0.31070009,  4.1100535 </translation><rotation><c1>1., 0., 0.</c1><c2>0., 1., 0.</c2><c3>0., 0., 1.</c3></rotation></pose><symmetry><x>twoFold</x><y>twoFold</y><z>twoFold</z></symmetry><detectionScore>0.747711</detectionScore></element><element><id>9</id><category>refrigerator</category><bounds><corner1>-0.84893818, -0.89104358, -0.44446132</corner1><corner2>0.84893818, 0.89104358, 0.44446132</corner2></bounds><pose><translation>-2.11695773, -0.44782714,  0.76390284</translation><rotation><c1>1., 0., 0.</c1><c2>0., 1., 0.</c2><c3>0., 0., 1.</c3></rotation></pose><symmetry><x>none</x><y>none</y><z>twoFold</z></symmetry><detectionScore>0.65076715</detectionScore></element><element><id>8</id><category>chandelier</category><bounds><corner1>-0.24908695, -0.37026358, -0.15948266</corner1><corner2>0.24908695, 0.37026358, 0.15948266</corner2></bounds><pose><translation>-2.35204571,  0.73079757, -1.6168227 </translation><rotation><c1>1., 0., 0.</c1><c2>0., 1., 0.</c2><c3>0., 0., 1.</c3></rotation></pose><symmetry><x>none</x><y>cylindrical</y><z>none</z></symmetry><detectionScore>0.5625517</detectionScore></element><element><id>7</id><category>window</category><bounds><corner1>-0.66135197, -0.72701255, -0.32600559</corner1><corner2>0.66135197, 0.72701255, 0.32600559</corner2></bounds><pose><translation> 0.8387814 ,  0.27953104, -2.04997064</translation><rotation><c1>1., 0., 0.</c1><c2>0., 1., 0.</c2><c3>0., 0., 1.</c3></rotation></pose><symmetry><x>none</x><y>twoFold</y><z>none</z></symmetry><detectionScore>0.81557596</detectionScore></element></elements></scene>