<?xml version='1.0' encoding='utf-8'?>
<scene xmlns:sumo="https://www.sumochallenge.org"><version>2.0</version><categories><id>fb_categories_v1_0</id><url>https://sumochallenge.org/en/categories-1_0.json</url></categories><project_type>bounding_box</project_type><elements><element><id>0</id><category>window</category><bounds><corner1>-0.09479959397122872, -0.8967142040880018, -1.335507420844849</corner1><corner2>0.09479959397122872, 0.8967142040880018, 1.335507420844849</corner2></bounds><pose><translation>2.4733060099328057, 0.1958769293557021, -0.8467208794527402</translation><rotation><c1>1, 0, 0</c1><c2>0, 1, 0</c2><c3>0, 0, 1</c3></rotation></pose><symmetry><x>twoFold</x><y>cylindrical</y><z>twoFold</z></symmetry><detectionScore>-1.0</detectionScore></element><element><id>1</id><category>floor</category><bounds><corner1>-2.5365780825496884, -0.685624743754627, -1.3169887700492104</corner1><corner2>2.5365780825496884, 0.685624743754627, 1.3169887700492104</corner2></bounds><pose><translation>-4.094982533778558, -0.9028783640427316, -0.26087310979959927</translation><rotation><c1>1, 0, 0</c1><c2>0, 1, 0</c2><c3>0, 0, 1</c3></rotation></pose><symmetry><x>twoFold</x><y>cylindrical</y><z>twoFold</z></symmetry><detectionScore>-1.0</detectionScore></element><element><id>2</id><category>person</category><bounds><corner1>-1.9450498277923844, -0.06596399862894264, -0.772609267963885</corner1><corner2>1.9450498277923844, 0.06596399862894264, 0.772609267963885</corner2></bounds><pose><translation>-3.664302125244221, 1.47538315181868, 0.07431523238841348</translation><rotation><c1>1, 0, 0</c1><c2>0, 1, 0</c2><c3>0, 0, 1</c3></rotation></pose><symmetry><x>twoFold</x><y>cylindrical</y><z>twoFold</z></symmetry><detectionScore>-1.0</detectionScore></element><element><id>3</id><category>door</category><bounds><corner1>-0.4703117324226591, -1.6721409696828586, -0.7424778032218168</corner1><corner2>0.4703117324226591, 1.6721409696828586, 0.7424778032218168</corner2></bounds><pose><translation>-4.324770938807107, -0.34946827237124245, -1.1149198700576495</translation><rotation><c1>1, 0, 0</c1><c2>0, 1, 0</c2><c3>0, 0, 1</c3></rotation></pose><symmetry><x>twoFold</x><y>cylindrical</y><z>twoFold</z></symmetry><detectionScore>-1.0</detectionScore></element><element><id>4</id><category>wall</category><bounds><corner1>-2.554587325207433, -1.5129622475549966, -1.831587320134822</corner1><corner2>2.554587325207433, 1.5129622475549966, 1.831587320134822</corner2></bounds><pose><translation>-4.112991776436303, -0.014510739471100237, -0.7950933820309154</translation><rotation><c1>1, 0, 0</c1><c2>0, 1, 0</c2><c3>0, 0, 1</c3></rotation></pose><symmetry><x>twoFold</x><y>cylindrical</y><z>twoFold</z></symmetry><detectionScore>-1.0</detectionScore></element><element><id>5</id><category>vacuum_cleaner</category><bounds><corner1>-1.1504773081741568, -0.885225004152627, -1.4398791936683135</corner1><corner2>1.1504773081741568, 0.885225004152627, 1.4398791936683135</corner2></bounds><pose><translation>0.7680561062151776, -1.4072238521484217, -2.4549771032584036</translation><rotation><c1>1, 0, 0</c1><c2>0, 1, 0</c2><c3>0, 0, 1</c3></rotation></pose><symmetry><x>twoFold</x><y>cylindrical</y><z>twoFold</z></symmetry><detectionScore>-1.0</detectionScore></element><element><id>6</id><category>window</category><bounds><corner1>-1.2871794153039637, -0.9264737385851353, -0.6015326608370017</corner1><corner2>1.2871794153039637, 0.9264737385851353, 0.6015326608370017</corner2></bounds><pose><translation>-1.3044984423876849, 0.21116930334230752, -2.5948386860597332</translation><rotation><c1>1, 0, 0</c1><c2>0, 1, 0</c2><c3>0, 0, 1</c3></rotation></pose><symmetry><x>twoFold</x><y>cylindrical</y><z>twoFold</z></symmetry><detectionScore>-1.0</detectionScore></element><element><id>7</id><category>person</category><bounds><corner1>-0.5459018447275754, -2.109695102891763, -0.7429417179472426</corner1><corner2>0.5459018447275754, 2.109695102891763, 0.7429417179472426</corner2></bounds><pose><translation>-2.0931846929614446, -0.6043930174760577, 0.09271269700596174</translation><rotation><c1>1, 0, 0</c1><c2>0, 1, 0</c2><c3>0, 0, 1</c3></rotation></pose><symmetry><x>twoFold</x><y>cylindrical</y><z>twoFold</z></symmetry><detectionScore>-1.0</detectionScore></element></elements></scene>