<?xml version='1.0' encoding='utf-8'?>
<scene xmlns:sumo="https://www.sumochallenge.org"><version>2.0</version><categories><id>fb_categories_v1_0</id><url>https://sumochallenge.org/en/categories-1_0.json</url></categories><project_type>bounding_box</project_type><elements><element><id>0</id><category>wall</category><bounds><corner1>-1.0343141666631666, -0.6240356700829433, -0.7605612693304687</corner1><corner2>1.0343141666631666, 0.6240356700829433, 0.7605612693304687</corner2></bounds><pose><translation>2.316858210077529, -1.6835388227622259, -0.08213317567629652</translation><rotation><c1>0, 0, 0</c1><c2>0, 0, 0</c2><c3>0, 0, 0</c3></rotation></pose><symmetry><x>twoFold</x><y>cylindrical</y><z>twoFold</z></symmetry><detectionScore>-1.0</detectionScore></element><element><id>1</id><category>door</category><bounds><corner1>-0.3950192482572965, -3.640168560613642, -1.5675402063109496</corner1><corner2>0.3950192482572965, 3.640168560613642, 1.5675402063109496</corner2></bounds><pose><translation>2.7106024049771564, 3.858425030989417, -0.2090718764031268</translation><rotation><c1>0, 0, 0</c1><c2>0, 0, 0</c2><c3>0, 0, 0</c3></rotation></pose><symmetry><x>twoFold</x><y>cylindrical</y><z>twoFold</z></symmetry><detectionScore>-1.0</detectionScore></element><element><id>2</id><category>kitchen_cabinet</category><bounds><corner1>-1.111727804309547, -0.1264272566830822, -0.3119052523951984</corner1><corner2>1.111727804309547, 0.1264272566830822, 0.3119052523951984</corner2></bounds><pose><translation>2.046042345627225, -1.1006012896532678, -0.729122892671525</translation><rotation><c1>0, 0, 0</c1><c2>0, 0, 0</c2><c3>0, 0, 0</c3></rotation></pose><symmetry><x>twoFold</x><y>cylindrical</y><z>twoFold</z></symmetry><detectionScore>-1.0</detectionScore></element><element><id>3</id><category>window</category><bounds><corner1>-0.502160981515047, -0.7515300527610549, -1.282673111483874</corner1><corner2>0.502160981515047, 0.7515300527610549, 1.282673111483874</corner2></bounds><pose><translation>3.5582163731391336, -1.013969290904924, 0.16189185684400265</translation><rotation><c1>0, 0, 0</c1><c2>0, 0, 0</c2><c3>0, 0, 0</c3></rotation></pose><symmetry><x>twoFold</x><y>cylindrical</y><z>twoFold</z></symmetry><detectionScore>-1.0</detectionScore></element><element><id>4</id><category>wall</category><bounds><corner1>-0.5209953654602573, -4.294797998851184, -1.3522441312171627</corner1><corner2>0.5209953654602573, 4.294797998851184, 1.3522441312171627</corner2></bounds><pose><translation>2.6137776469659193, 3.8567836684686934, 0.03199328585803548</translation><rotation><c1>0, 0, 0</c1><c2>0, 0, 0</c2><c3>0, 0, 0</c3></rotation></pose><symmetry><x>twoFold</x><y>cylindrical</y><z>twoFold</z></symmetry><detectionScore>-1.0</detectionScore></element><element><id>5</id><category>chair</category><bounds><corner1>-1.9052468980258062, -0.8013196217078975, -0.30436159843938837</corner1><corner2>1.9052468980258062, 0.8013196217078975, 0.30436159843938837</corner2></bounds><pose><translation>1.5277306670765225, 0.4254666544476431, -0.8515395610218213</translation><rotation><c1>0, 0, 0</c1><c2>0, 0, 0</c2><c3>0, 0, 0</c3></rotation></pose><symmetry><x>twoFold</x><y>cylindrical</y><z>twoFold</z></symmetry><detectionScore>-1.0</detectionScore></element><element><id>6</id><category>curtain</category><bounds><corner1>-0.5480755798673105, -0.8971245850803921, -1.5441326523515775</corner1><corner2>0.5480755798673105, 0.8971245850803921, 1.5441326523515775</corner2></bounds><pose><translation>3.531289502639863, -0.9903610113073598, -0.05340651110657753</translation><rotation><c1>0, 0, 0</c1><c2>0, 0, 0</c2><c3>0, 0, 0</c3></rotation></pose><symmetry><x>twoFold</x><y>cylindrical</y><z>twoFold</z></symmetry><detectionScore>-1.0</detectionScore></element><element><id>7</id><category>plant</category><bounds><corner1>-0.5722690420600127, -0.5301750851280189, -0.7540678938190033</corner1><corner2>0.5722690420600127, 0.5301750851280189, 0.7540678938190033</corner2></bounds><pose><translation>3.3070667895638897, -1.1092784330946062, -0.6019559166927527</translation><rotation><c1>0, 0, 0</c1><c2>0, 0, 0</c2><c3>0, 0, 0</c3></rotation></pose><symmetry><x>twoFold</x><y>cylindrical</y><z>twoFold</z></symmetry><detectionScore>-1.0</detectionScore></element><element><id>8</id><category>kitchen_cabinet</category><bounds><corner1>-0.6587663633416015, -0.3368408560470162, -1.2570312651018105</corner1><corner2>0.6587663633416015, 0.3368408560470162, 1.2570312651018105</corner2></bounds><pose><translation>0.22264008286290393, -1.6633805302088547, 0.12161941934009587</translation><rotation><c1>0, 0, 0</c1><c2>0, 0, 0</c2><c3>0, 0, 0</c3></rotation></pose><symmetry><x>twoFold</x><y>cylindrical</y><z>twoFold</z></symmetry><detectionScore>-1.0</detectionScore></element><element><id>9</id><category>kitchen_cabinet</category><bounds><corner1>-0.7353334428690879, -0.63876132002852, -0.523052927732791</corner1><corner2>0.7353334428690879, 0.63876132002852, 0.523052927732791</corner2></bounds><pose><translation>3.176488580634441, -0.99614547782605, -1.089503672676368</translation><rotation><c1>0, 0, 0</c1><c2>0, 0, 0</c2><c3>0, 0, 0</c3></rotation></pose><symmetry><x>twoFold</x><y>cylindrical</y><z>twoFold</z></symmetry><detectionScore>-1.0</detectionScore></element><element><id>10</id><category>toy</category><bounds><corner1>-0.4039996378931938, -1.460223981417929, -0.36889001919961295</corner1><corner2>0.4039996378931938, 1.460223981417929, 0.36889001919961295</corner2></bounds><pose><translation>-0.6580444009287301, 1.2743759162939543, -0.6471627878097093</translation><rotation><c1>0, 0, 0</c1><c2>0, 0, 0</c2><c3>0, 0, 0</c3></rotation></pose><symmetry><x>twoFold</x><y>cylindrical</y><z>twoFold</z></symmetry><detectionScore>-1.0</detectionScore></element><element><id>11</id><category>chair</category><bounds><corner1>-2.0649998707671195, -1.6412152756362381, -0.3170669077211569</corner1><corner2>2.0649998707671195, 1.6412152756362381, 0.3170669077211569</corner2></bounds><pose><translation>1.6376233517978247, 0.8852153248427457, -0.7888500604357472</translation><rotation><c1>0, 0, 0</c1><c2>0, 0, 0</c2><c3>0, 0, 0</c3></rotation></pose><symmetry><x>twoFold</x><y>cylindrical</y><z>twoFold</z></symmetry><detectionScore>-1.0</detectionScore></element><element><id>12</id><category>wall</category><bounds><corner1>-0.6431992146376437, -1.9113289793980095, -1.5300362688418279</corner1><corner2>0.6431992146376437, 1.9113289793980095, 1.5300362688418279</corner2></bounds><pose><translation>3.419970720040464, 0.118229501520068, -0.05649447211970475</translation><rotation><c1>0, 0, 0</c1><c2>0, 0, 0</c2><c3>0, 0, 0</c3></rotation></pose><symmetry><x>twoFold</x><y>cylindrical</y><z>twoFold</z></symmetry><detectionScore>-1.0</detectionScore></element><element><id>13</id><category>wall</category><bounds><corner1>-0.33551989827270223, -1.609551774759216, -1.023268208965569</corner1><corner2>0.33551989827270223, 1.609551774759216, 1.023268208965569</corner2></bounds><pose><translation>-0.7943512671615063, 2.334578632422695, 0.037608831128907574</translation><rotation><c1>0, 0, 0</c1><c2>0, 0, 0</c2><c3>0, 0, 0</c3></rotation></pose><symmetry><x>twoFold</x><y>cylindrical</y><z>twoFold</z></symmetry><detectionScore>-1.0</detectionScore></element><element><id>14</id><category>wall</category><bounds><corner1>-2.316887296436386, -3.718764263142356, -1.3942638810613581</corner1><corner2>2.316887296436386, 3.718764263142356, 1.3942638810613581</corner2></bounds><pose><translation>0.6076941151925345, 5.446354381256322, -0.008809731005812576</translation><rotation><c1>0, 0, 0</c1><c2>0, 0, 0</c2><c3>0, 0, 0</c3></rotation></pose><symmetry><x>twoFold</x><y>cylindrical</y><z>twoFold</z></symmetry><detectionScore>-1.0</detectionScore></element><element><id>15</id><category>armchair</category><bounds><corner1>-1.876977144814814, -3.6003619358606374, -0.3032912269257078</corner1><corner2>1.876977144814814, 3.6003619358606374, 0.3032912269257078</corner2></bounds><pose><translation>0.7231849473244103, 1.9058686595841978, -0.7794077318810261</translation><rotation><c1>0, 0, 0</c1><c2>0, 0, 0</c2><c3>0, 0, 0</c3></rotation></pose><symmetry><x>twoFold</x><y>cylindrical</y><z>twoFold</z></symmetry><detectionScore>-1.0</detectionScore></element><element><id>16</id><category>kitchen_cabinet</category><bounds><corner1>-0.09538493305212237, -0.9034318072056291, -1.4201280204684177</corner1><corner2>0.09538493305212237, 0.9034318072056291, 1.4201280204684177</corner2></bounds><pose><translation>3.3992670507132736, 1.2477960547282352, -0.3161902519198752</translation><rotation><c1>0, 0, 0</c1><c2>0, 0, 0</c2><c3>0, 0, 0</c3></rotation></pose><symmetry><x>twoFold</x><y>cylindrical</y><z>twoFold</z></symmetry><detectionScore>-1.0</detectionScore></element><element><id>17</id><category>arch</category><bounds><corner1>-1.6862364295615104, -5.178602106102585, -1.4387082323218756</corner1><corner2>1.6862364295615104, 5.178602106102585, 1.4387082323218756</corner2></bounds><pose><translation>1.365176586385851, 3.9218437891906612, -0.026442663596636773</translation><rotation><c1>0, 0, 0</c1><c2>0, 0, 0</c2><c3>0, 0, 0</c3></rotation></pose><symmetry><x>twoFold</x><y>cylindrical</y><z>twoFold</z></symmetry><detectionScore>-1.0</detectionScore></element><element><id>18</id><category>wall</category><bounds><corner1>-0.44172460883467446, -0.988062787878814, -1.4688931741472335</corner1><corner2>0.44172460883467446, 0.988062787878814, 1.4688931741472335</corner2></bounds><pose><translation>3.426919984987424, 2.0919929109330675, -0.04502167840635845</translation><rotation><c1>0, 0, 0</c1><c2>0, 0, 0</c2><c3>0, 0, 0</c3></rotation></pose><symmetry><x>twoFold</x><y>cylindrical</y><z>twoFold</z></symmetry><detectionScore>-1.0</detectionScore></element><element><id>19</id><category>armchair</category><bounds><corner1>-1.9170067629975664, -0.7714059597504376, -0.33749031603171586</corner1><corner2>1.9170067629975664, 0.7714059597504376, 0.33749031603171586</corner2></bounds><pose><translation>1.5223809930063064, 0.38396563047600696, -0.868918087260653</translation><rotation><c1>0, 0, 0</c1><c2>0, 0, 0</c2><c3>0, 0, 0</c3></rotation></pose><symmetry><x>twoFold</x><y>cylindrical</y><z>twoFold</z></symmetry><detectionScore>-1.0</detectionScore></element><element><id>20</id><category>armchair</category><bounds><corner1>-1.9976832440954189, -1.6021669324180365, -0.31297380291073423</corner1><corner2>1.9976832440954189, 1.6021669324180365, 0.31297380291073423</corner2></bounds><pose><translation>1.7115571544520187, 0.9299523680814664, -0.7808062401411661</translation><rotation><c1>0, 0, 0</c1><c2>0, 0, 0</c2><c3>0, 0, 0</c3></rotation></pose><symmetry><x>twoFold</x><y>cylindrical</y><z>twoFold</z></symmetry><detectionScore>-1.0</detectionScore></element><element><id>21</id><category>refrigerator</category><bounds><corner1>-0.10331740860319005, -0.5886963015497242, -1.174498504294963</corner1><corner2>0.10331740860319005, 0.5886963015497242, 1.174498504294963</corner2></bounds><pose><translation>3.395007328030716, 0.46400140571544185, -0.5181603003442856</translation><rotation><c1>0, 0, 0</c1><c2>0, 0, 0</c2><c3>0, 0, 0</c3></rotation></pose><symmetry><x>twoFold</x><y>cylindrical</y><z>twoFold</z></symmetry><detectionScore>-1.0</detectionScore></element><element><id>22</id><category>hanging_kitchen_cabinet</category><bounds><corner1>-0.06414555399184607, -0.3497486757049506, -0.33339313491114675</corner1><corner2>0.06414555399184607, 0.3497486757049506, 0.33339313491114675</corner2></bounds><pose><translation>3.424757811636386, 1.784309054808154, 0.17732174821730226</translation><rotation><c1>0, 0, 0</c1><c2>0, 0, 0</c2><c3>0, 0, 0</c3></rotation></pose><symmetry><x>twoFold</x><y>cylindrical</y><z>twoFold</z></symmetry><detectionScore>-1.0</detectionScore></element><element><id>23</id><category>wall</category><bounds><corner1>-0.56169804986274, -0.8995850880320282, -1.4696396814634385</corner1><corner2>0.56169804986274, 0.8995850880320282, 1.4696396814634385</corner2></bounds><pose><translation>3.410949719514252, 1.2872281174520885, -0.04961456957699842</translation><rotation><c1>0, 0, 0</c1><c2>0, 0, 0</c2><c3>0, 0, 0</c3></rotation></pose><symmetry><x>twoFold</x><y>cylindrical</y><z>twoFold</z></symmetry><detectionScore>-1.0</detectionScore></element><element><id>24</id><category>kitchen_cabinet</category><bounds><corner1>-0.3537097219104878, -0.07965479835181277, -0.945725078855669</corner1><corner2>0.3537097219104878, 0.07965479835181277, 0.945725078855669</corner2></bounds><pose><translation>-0.5907087296213432, -1.3712403231966668, -0.18272590017476273</translation><rotation><c1>0, 0, 0</c1><c2>0, 0, 0</c2><c3>0, 0, 0</c3></rotation></pose><symmetry><x>twoFold</x><y>cylindrical</y><z>twoFold</z></symmetry><detectionScore>-1.0</detectionScore></element><element><id>25</id><category>picture_frame</category><bounds><corner1>-0.11846327023382974, -0.882705846011957, -0.9383243495871111</corner1><corner2>0.11846327023382974, 0.882705846011957, 0.9383243495871111</corner2></bounds><pose><translation>-0.8587203568895374, 1.3460910024195782, 0.662841361126992</translation><rotation><c1>0, 0, 0</c1><c2>0, 0, 0</c2><c3>0, 0, 0</c3></rotation></pose><symmetry><x>twoFold</x><y>cylindrical</y><z>twoFold</z></symmetry><detectionScore>-1.0</detectionScore></element><element><id>26</id><category>chair</category><bounds><corner1>-1.8238791656823803, -2.0473430586606325, -0.2528624732281246</corner1><corner2>1.8238791656823803, 2.0473430586606325, 0.2528624732281246</corner2></bounds><pose><translation>1.1678507114106023, 1.850050017772958, -0.72735330759015</translation><rotation><c1>0, 0, 0</c1><c2>0, 0, 0</c2><c3>0, 0, 0</c3></rotation></pose><symmetry><x>twoFold</x><y>cylindrical</y><z>twoFold</z></symmetry><detectionScore>-1.0</detectionScore></element><element><id>27</id><category>person</category><bounds><corner1>-0.44408505351849925, -2.212158793551077, -0.3872634971769976</corner1><corner2>0.44408505351849925, 2.212158793551077, 0.3872634971769976</corner2></bounds><pose><translation>-0.7083898719447191, 1.2758691583317732, -0.6227965235829199</translation><rotation><c1>0, 0, 0</c1><c2>0, 0, 0</c2><c3>0, 0, 0</c3></rotation></pose><symmetry><x>twoFold</x><y>cylindrical</y><z>twoFold</z></symmetry><detectionScore>-1.0</detectionScore></element><element><id>28</id><category>chair</category><bounds><corner1>-1.2834210855009076, -3.5978783489301227, -0.3213742572495713</corner1><corner2>1.2834210855009076, 3.5978783489301227, 0.3213742572495713</corner2></bounds><pose><translation>0.5888374650577293, 1.9124868388000706, -0.7964864953116156</translation><rotation><c1>0, 0, 0</c1><c2>0, 0, 0</c2><c3>0, 0, 0</c3></rotation></pose><symmetry><x>twoFold</x><y>cylindrical</y><z>twoFold</z></symmetry><detectionScore>-1.0</detectionScore></element><element><id>29</id><category>kitchen_cabinet</category><bounds><corner1>-0.10910089107838594, -0.6254973489990678, -1.3145040835298183</corner1><corner2>0.10910089107838594, 0.6254973489990678, 1.3145040835298183</corner2></bounds><pose><translation>3.4008701932865564, 0.4687215011489738, -0.3691461658302715</translation><rotation><c1>0, 0, 0</c1><c2>0, 0, 0</c2><c3>0, 0, 0</c3></rotation></pose><symmetry><x>twoFold</x><y>cylindrical</y><z>twoFold</z></symmetry><detectionScore>-1.0</detectionScore></element><element><id>30</id><category>hanging_kitchen_cabinet</category><bounds><corner1>-0.6730595588759973, -0.10101498337417958, -0.7453155343088536</corner1><corner2>0.6730595588759973, 0.10101498337417958, 0.7453155343088536</corner2></bounds><pose><translation>0.3169633956846771, -1.666137493364342, 0.8346657235718842</translation><rotation><c1>0, 0, 0</c1><c2>0, 0, 0</c2><c3>0, 0, 0</c3></rotation></pose><symmetry><x>twoFold</x><y>cylindrical</y><z>twoFold</z></symmetry><detectionScore>-1.0</detectionScore></element><element><id>31</id><category>kitchen_cabinet</category><bounds><corner1>-0.7388854224910744, -0.07588495698409115, -0.26937693645199584</corner1><corner2>0.7388854224910744, 0.07588495698409115, 0.26937693645199584</corner2></bounds><pose><translation>0.5932812515818446, -1.366831608229166, -0.751486602485106</translation><rotation><c1>0, 0, 0</c1><c2>0, 0, 0</c2><c3>0, 0, 0</c3></rotation></pose><symmetry><x>twoFold</x><y>cylindrical</y><z>twoFold</z></symmetry><detectionScore>-1.0</detectionScore></element></elements></scene>