<?xml version='1.0' encoding='utf-8'?>
<scene xmlns:sumo="https://www.sumochallenge.org"><version>2.0</version><categories><id>fb_categories_v1.0</id><url>https://sumochallenge.org/en/categories-1_0.json</url></categories><project_type>bounding_box</project_type><elements><element><id>6</id><category>wall</category><bounds><corner1>-1.15989655, -1.32130992, -0.09305852</corner1><corner2>1.15989655, 1.32130992, 0.09305852</corner2></bounds><pose><translation> 0.03669265, -0.20928502,  3.43296199</translation><rotation><c1>1., 0., 0.</c1><c2>0., 1., 0.</c2><c3>0., 0., 1.</c3></rotation></pose><symmetry><x>none</x><y>none</y><z>none</z></symmetry><detectionScore>-1</detectionScore></element><element><id>7</id><category>chair</category><bounds><corner1>-0.30560822, -0.20376779, -1.94121465</corner1><corner2>0.30560822, 0.20376779, 1.94121465</corner2></bounds><pose><translation>-0.6285103 , -0.57590994,  0.94399408</translation><rotation><c1>1., 0., 0.</c1><c2>0., 1., 0.</c2><c3>0., 0., 1.</c3></rotation></pose><symmetry><x>none</x><y>none</y><z>none</z></symmetry><detectionScore>-1</detectionScore></element><element><id>2</id><category>door</category><bounds><corner1>-0.53367681, -1.05225225, -0.06013767</corner1><corner2>0.53367681, 1.05225225, 0.06013767</corner2></bounds><pose><translation> 0.65884582, -0.34773494,  3.44714717</translation><rotation><c1>1., 0., 0.</c1><c2>0., 1., 0.</c2><c3>0., 0., 1.</c3></rotation></pose><symmetry><x>none</x><y>none</y><z>none</z></symmetry><detectionScore>-1</detectionScore></element><element><id>3</id><category>refrigerator</category><bounds><corner1>-0.4920734 , -0.95964463, -0.0751071 </corner1><corner2>0.4920734 , 0.95964463, 0.0751071 </corner2></bounds><pose><translation>-0.80257842, -0.65298665,  3.4530184 </translation><rotation><c1>1., 0., 0.</c1><c2>0., 1., 0.</c2><c3>0., 0., 1.</c3></rotation></pose><symmetry><x>none</x><y>none</y><z>none</z></symmetry><detectionScore>-1</detectionScore></element><element><id>9</id><category>books</category><bounds><corner1>-0.25502201, -0.18955001, -0.35368691</corner1><corner2>0.25502201, 0.18955001, 0.35368691</corner2></bounds><pose><translation>0.94599494, 0.24319397, 0.58107713</translation><rotation><c1>1., 0., 0.</c1><c2>0., 1., 0.</c2><c3>0., 0., 1.</c3></rotation></pose><symmetry><x>none</x><y>none</y><z>none</z></symmetry><detectionScore>-1</detectionScore></element><element><id>4</id><category>plant</category><bounds><corner1>-0.14445962, -0.40495532, -0.31695956</corner1><corner2>0.14445962, 0.40495532, 0.31695956</corner2></bounds><pose><translation> 0.97779817, -0.30637157, -1.62692463</translation><rotation><c1>1., 0., 0.</c1><c2>0., 1., 0.</c2><c3>0., 0., 1.</c3></rotation></pose><symmetry><x>none</x><y>none</y><z>none</z></symmetry><detectionScore>-1</detectionScore></element><element><id>8</id><category>picture_frame</category><bounds><corner1>-0.0300976 , -0.45436029, -0.44165162</corner1><corner2>0.0300976 , 0.45436029, 0.44165162</corner2></bounds><pose><translation>-1.79006057,  0.06832774, -0.80147074</translation><rotation><c1>1., 0., 0.</c1><c2>0., 1., 0.</c2><c3>0., 0., 1.</c3></rotation></pose><symmetry><x>none</x><y>none</y><z>none</z></symmetry><detectionScore>-1</detectionScore></element><element><id>1</id><category>books</category><bounds><corner1>-0.24298946, -0.12637525, -0.28450885</corner1><corner2>0.24298946, 0.12637525, 0.28450885</corner2></bounds><pose><translation> 0.95797618, -0.71494536,  0.57123291</translation><rotation><c1>1., 0., 0.</c1><c2>0., 1., 0.</c2><c3>0., 0., 1.</c3></rotation></pose><symmetry><x>none</x><y>none</y><z>none</z></symmetry><detectionScore>-1</detectionScore></element><element><id>10</id><category>cup</category><bounds><corner1>-0.11377282, -0.08069393, -0.18998687</corner1><corner2>0.11377282, 0.08069393, 0.18998687</corner2></bounds><pose><translation>-0.43828914, -0.57517484,  0.75401679</translation><rotation><c1>1., 0., 0.</c1><c2>0., 1., 0.</c2><c3>0., 0., 1.</c3></rotation></pose><symmetry><x>none</x><y>none</y><z>none</z></symmetry><detectionScore>-1</detectionScore></element></elements></scene>