<?xml version='1.0' encoding='utf-8'?>
<scene xmlns:sumo="https://www.sumochallenge.org"><version>2.0</version><categories><id>fb_categories_v1_0</id><url>https://sumochallenge.org/en/categories-1_0.json</url></categories><project_type>bounding_box</project_type><elements><element><id>0</id><category>fence</category><bounds><corner1>-17.37050144440188, -0.9551409497967122, -0.43386722906203445</corner1><corner2>17.37050144440188, 0.9551409497967122, 0.43386722906203445</corner2></bounds><pose><translation>2.7203688071224654, -0.9551409497967122, -0.43386722906203445</translation><rotation><c1>0, 0, 0</c1><c2>0, 0, 0</c2><c3>0, 0, 0</c3></rotation></pose><symmetry><x>twoFold</x><y>cylindrical</y><z>twoFold</z></symmetry><detectionScore>-1.0</detectionScore></element><element><id>1</id><category>fence</category><bounds><corner1>-17.550218123052854, -1.1261284858604566, -0.5846610761982562</corner1><corner2>17.550218123052854, 1.1261284858604566, 0.5846610761982562</corner2></bounds><pose><translation>2.564904727277663, -1.1261284858604566, -0.5846610761982562</translation><rotation><c1>0, 0, 0</c1><c2>0, 0, 0</c2><c3>0, 0, 0</c3></rotation></pose><symmetry><x>twoFold</x><y>cylindrical</y><z>twoFold</z></symmetry><detectionScore>-1.0</detectionScore></element><element><id>2</id><category>fence</category><bounds><corner1>-18.680404527946184, -1.0663807133817598, -0.24612983834186392</corner1><corner2>18.680404527946184, 1.0663807133817598, 0.24612983834186392</corner2></bounds><pose><translation>1.237045343975965, -1.0663807133817598, -0.24612983834186392</translation><rotation><c1>0, 0, 0</c1><c2>0, 0, 0</c2><c3>0, 0, 0</c3></rotation></pose><symmetry><x>twoFold</x><y>cylindrical</y><z>twoFold</z></symmetry><detectionScore>-1.0</detectionScore></element><element><id>3</id><category>floor</category><bounds><corner1>-1.9894000831649743, -2.30113538363358, -0.5492135688903574</corner1><corner2>1.9894000831649743, 2.30113538363358, 0.5492135688903574</corner2></bounds><pose><translation>-0.27274868036868544, 3.4201840527951837, -1.1014542433162515</translation><rotation><c1>0, 0, 0</c1><c2>0, 0, 0</c2><c3>0, 0, 0</c3></rotation></pose><symmetry><x>twoFold</x><y>cylindrical</y><z>twoFold</z></symmetry><detectionScore>-1.0</detectionScore></element><element><id>4</id><category>fence</category><bounds><corner1>-4.800885835929825, -11.966652012190277, -1.6631881682375615</corner1><corner2>4.800885835929825, 11.966652012190277, 1.6631881682375615</corner2></bounds><pose><translation>6.562320380030017, -11.966652012190277, -1.6631881682375615</translation><rotation><c1>0, 0, 0</c1><c2>0, 0, 0</c2><c3>0, 0, 0</c3></rotation></pose><symmetry><x>twoFold</x><y>cylindrical</y><z>twoFold</z></symmetry><detectionScore>-1.0</detectionScore></element><element><id>5</id><category>door</category><bounds><corner1>-0.48248901942667977, -0.06816985866886371, -0.9494360440088996</corner1><corner2>0.48248901942667977, 0.06816985866886371, 0.9494360440088996</corner2></bounds><pose><translation>-2.091300740498447, 3.432385099226395, -0.13820321875828562</translation><rotation><c1>0, 0, 0</c1><c2>0, 0, 0</c2><c3>0, 0, 0</c3></rotation></pose><symmetry><x>twoFold</x><y>cylindrical</y><z>twoFold</z></symmetry><detectionScore>-1.0</detectionScore></element><element><id>6</id><category>fence</category><bounds><corner1>-2.00314556062681, -12.187535847502687, -2.485230597488757</corner1><corner2>2.00314556062681, 12.187535847502687, 2.485230597488757</corner2></bounds><pose><translation>2.8049446295336367, -12.187535847502687, -2.485230597488757</translation><rotation><c1>0, 0, 0</c1><c2>0, 0, 0</c2><c3>0, 0, 0</c3></rotation></pose><symmetry><x>twoFold</x><y>cylindrical</y><z>twoFold</z></symmetry><detectionScore>-1.0</detectionScore></element><element><id>7</id><category>chair</category><bounds><corner1>-2.6283604588426117, -5.215554236997878, -2.9783489793247933</corner1><corner2>2.6283604588426117, 5.215554236997878, 2.9783489793247933</corner2></bounds><pose><translation>4.5586913464403755, -6.402043371808715, -3.728097270824201</translation><rotation><c1>0, 0, 0</c1><c2>0, 0, 0</c2><c3>0, 0, 0</c3></rotation></pose><symmetry><x>twoFold</x><y>cylindrical</y><z>twoFold</z></symmetry><detectionScore>-1.0</detectionScore></element><element><id>8</id><category>fence</category><bounds><corner1>-3.9182023867866, -12.190923898706552, -2.3951027612918985</corner1><corner2>3.9182023867866, 12.190923898706552, 2.3951027612918985</corner2></bounds><pose><translation>4.585516624413273, -12.190923898706552, -2.3951027612918985</translation><rotation><c1>0, 0, 0</c1><c2>0, 0, 0</c2><c3>0, 0, 0</c3></rotation></pose><symmetry><x>twoFold</x><y>cylindrical</y><z>twoFold</z></symmetry><detectionScore>-1.0</detectionScore></element><element><id>9</id><category>fence</category><bounds><corner1>-2.3931163312647983, -12.15939135265254, -2.28373453199401</corner1><corner2>2.3931163312647983, 12.15939135265254, 2.28373453199401</corner2></bounds><pose><translation>0.0, -12.15939135265254, -2.28373453199401</translation><rotation><c1>0, 0, 0</c1><c2>0, 0, 0</c2><c3>0, 0, 0</c3></rotation></pose><symmetry><x>twoFold</x><y>cylindrical</y><z>twoFold</z></symmetry><detectionScore>-1.0</detectionScore></element><element><id>10</id><category>chair</category><bounds><corner1>-5.278683785230792, -5.3866456815331825, -2.9276845410904384</corner1><corner2>5.278683785230792, 5.3866456815331825, 2.9276845410904384</corner2></bounds><pose><translation>2.9558830600266974, -6.463654715623571, -3.379259664974615</translation><rotation><c1>0, 0, 0</c1><c2>0, 0, 0</c2><c3>0, 0, 0</c3></rotation></pose><symmetry><x>twoFold</x><y>cylindrical</y><z>twoFold</z></symmetry><detectionScore>-1.0</detectionScore></element><element><id>11</id><category>fence</category><bounds><corner1>-2.869484109011297, -1.9434963585731404, -0.9136969098493242</corner1><corner2>2.869484109011297, 1.9434963585731404, 0.9136969098493242</corner2></bounds><pose><translation>-2.869484109011297, 1.4021068794901284, -0.9136969098493242</translation><rotation><c1>0, 0, 0</c1><c2>0, 0, 0</c2><c3>0, 0, 0</c3></rotation></pose><symmetry><x>twoFold</x><y>cylindrical</y><z>twoFold</z></symmetry><detectionScore>-1.0</detectionScore></element><element><id>12</id><category>chair</category><bounds><corner1>-1.4661095107377964, -6.973824457265773, -3.6766678118896117</corner1><corner2>1.4661095107377964, 6.973824457265773, 3.6766678118896117</corner2></bounds><pose><translation>5.443068549840882, -8.235272789870923, -4.242015198794684</translation><rotation><c1>0, 0, 0</c1><c2>0, 0, 0</c2><c3>0, 0, 0</c3></rotation></pose><symmetry><x>twoFold</x><y>cylindrical</y><z>twoFold</z></symmetry><detectionScore>-1.0</detectionScore></element><element><id>13</id><category>floor_lamp</category><bounds><corner1>-1.5096778312616563, -0.6079161983776253, -0.9953653098888549</corner1><corner2>1.5096778312616563, 0.6079161983776253, 0.9953653098888549</corner2></bounds><pose><translation>-1.5096778312616563, -0.6079161983776253, -0.9953653098888549</translation><rotation><c1>0, 0, 0</c1><c2>0, 0, 0</c2><c3>0, 0, 0</c3></rotation></pose><symmetry><x>twoFold</x><y>cylindrical</y><z>twoFold</z></symmetry><detectionScore>-1.0</detectionScore></element><element><id>14</id><category>chair</category><bounds><corner1>-2.0771285847205476, -2.772642039915363, -2.5464085721804253</corner1><corner2>2.0771285847205476, 2.772642039915363, 2.5464085721804253</corner2></bounds><pose><translation>-2.0771285847205476, -2.772642039915363, -2.5464085721804253</translation><rotation><c1>0, 0, 0</c1><c2>0, 0, 0</c2><c3>0, 0, 0</c3></rotation></pose><symmetry><x>twoFold</x><y>cylindrical</y><z>twoFold</z></symmetry><detectionScore>-1.0</detectionScore></element><element><id>15</id><category>fence</category><bounds><corner1>-1.4907512825389495, -0.644194543482737, -0.8751760762686365</corner1><corner2>1.4907512825389495, 0.644194543482737, 0.8751760762686365</corner2></bounds><pose><translation>-1.4907512825389495, -0.644194543482737, -0.8751760762686365</translation><rotation><c1>0, 0, 0</c1><c2>0, 0, 0</c2><c3>0, 0, 0</c3></rotation></pose><symmetry><x>twoFold</x><y>cylindrical</y><z>twoFold</z></symmetry><detectionScore>-1.0</detectionScore></element><element><id>16</id><category>plant</category><bounds><corner1>-1.0793394503094556, -6.321474000767857, -3.348147607278363</corner1><corner2>1.0793394503094556, 6.321474000767857, 3.348147607278363</corner2></bounds><pose><translation>-1.0752430506253354, -7.679628107254978, -4.121203969239592</translation><rotation><c1>0, 0, 0</c1><c2>0, 0, 0</c2><c3>0, 0, 0</c3></rotation></pose><symmetry><x>twoFold</x><y>cylindrical</y><z>twoFold</z></symmetry><detectionScore>-1.0</detectionScore></element><element><id>17</id><category>plant</category><bounds><corner1>-17.503800284647216, -0.8837385077191214, -0.14531941006257554</corner1><corner2>17.503800284647216, 0.8837385077191214, 0.14531941006257554</corner2></bounds><pose><translation>2.618074795413978, -0.8837385077191214, -0.14531941006257554</translation><rotation><c1>0, 0, 0</c1><c2>0, 0, 0</c2><c3>0, 0, 0</c3></rotation></pose><symmetry><x>twoFold</x><y>cylindrical</y><z>twoFold</z></symmetry><detectionScore>-1.0</detectionScore></element><element><id>18</id><category>plant</category><bounds><corner1>-17.297193314781214, -0.9208285890349511, -1.3779661436060902</corner1><corner2>17.297193314781214, 0.9208285890349511, 1.3779661436060902</corner2></bounds><pose><translation>2.610616218856318, -0.9208285890349511, -1.3779661436060902</translation><rotation><c1>0, 0, 0</c1><c2>0, 0, 0</c2><c3>0, 0, 0</c3></rotation></pose><symmetry><x>twoFold</x><y>cylindrical</y><z>twoFold</z></symmetry><detectionScore>-1.0</detectionScore></element><element><id>19</id><category>chair</category><bounds><corner1>-4.496817403952286, -1.8350542885924126, -0.30825721829720887</corner1><corner2>4.496817403952286, 1.8350542885924126, 0.30825721829720887</corner2></bounds><pose><translation>2.8627304421157147, 1.400779776702405, -1.108263866439027</translation><rotation><c1>0, 0, 0</c1><c2>0, 0, 0</c2><c3>0, 0, 0</c3></rotation></pose><symmetry><x>twoFold</x><y>cylindrical</y><z>twoFold</z></symmetry><detectionScore>-1.0</detectionScore></element><element><id>20</id><category>plant</category><bounds><corner1>-15.761365699402528, -0.8385088941952866, -0.7169218684483984</corner1><corner2>15.761365699402528, 0.8385088941952866, 0.7169218684483984</corner2></bounds><pose><translation>4.156374876903668, -0.8385088941952866, -0.7169218684483984</translation><rotation><c1>0, 0, 0</c1><c2>0, 0, 0</c2><c3>0, 0, 0</c3></rotation></pose><symmetry><x>twoFold</x><y>cylindrical</y><z>twoFold</z></symmetry><detectionScore>-1.0</detectionScore></element><element><id>21</id><category>door</category><bounds><corner1>-0.8772695767985177, -2.4834651418766094, -1.4745289853092134</corner1><corner2>0.8772695767985177, 2.4834651418766094, 1.4745289853092134</corner2></bounds><pose><translation>-0.9486666493118506, 3.410769446157001, -0.5921773057136431</translation><rotation><c1>0, 0, 0</c1><c2>0, 0, 0</c2><c3>0, 0, 0</c3></rotation></pose><symmetry><x>twoFold</x><y>cylindrical</y><z>twoFold</z></symmetry><detectionScore>-1.0</detectionScore></element><element><id>22</id><category>window</category><bounds><corner1>-1.389760322345163, -0.08210683882216019, -0.887807230235342</corner1><corner2>1.389760322345163, 0.08210683882216019, 0.887807230235342</corner2></bounds><pose><translation>6.386982688643223, 3.2631047100607637, 0.07169866700824547</translation><rotation><c1>0, 0, 0</c1><c2>0, 0, 0</c2><c3>0, 0, 0</c3></rotation></pose><symmetry><x>twoFold</x><y>cylindrical</y><z>twoFold</z></symmetry><detectionScore>-1.0</detectionScore></element><element><id>23</id><category>window</category><bounds><corner1>-0.45336149218432875, -0.06665413199544457, -0.8027857660627239</corner1><corner2>0.45336149218432875, 0.06665413199544457, 0.8027857660627239</corner2></bounds><pose><translation>-2.1274783169419917, 3.434960559469323, 0.09112332696184369</translation><rotation><c1>0, 0, 0</c1><c2>0, 0, 0</c2><c3>0, 0, 0</c3></rotation></pose><symmetry><x>twoFold</x><y>cylindrical</y><z>twoFold</z></symmetry><detectionScore>-1.0</detectionScore></element><element><id>24</id><category>fence</category><bounds><corner1>-4.8137075418118975, -1.6521124191450305, -1.2201045529482009</corner1><corner2>4.8137075418118975, 1.6521124191450305, 1.2201045529482009</corner2></bounds><pose><translation>-4.8137075418118975, 0.5808275400084746, -1.2201045529482009</translation><rotation><c1>0, 0, 0</c1><c2>0, 0, 0</c2><c3>0, 0, 0</c3></rotation></pose><symmetry><x>twoFold</x><y>cylindrical</y><z>twoFold</z></symmetry><detectionScore>-1.0</detectionScore></element><element><id>25</id><category>fence</category><bounds><corner1>-2.1702829780430872, -12.334922334311187, -2.7871115197507947</corner1><corner2>2.1702829780430872, 12.334922334311187, 2.7871115197507947</corner2></bounds><pose><translation>-2.1702829780430872, -12.334922334311187, -2.7871115197507947</translation><rotation><c1>0, 0, 0</c1><c2>0, 0, 0</c2><c3>0, 0, 0</c3></rotation></pose><symmetry><x>twoFold</x><y>cylindrical</y><z>twoFold</z></symmetry><detectionScore>-1.0</detectionScore></element><element><id>26</id><category>sofa</category><bounds><corner1>-3.6753595810296833, -8.299975442526428, -3.6723912854172354</corner1><corner2>3.6753595810296833, 8.299975442526428, 3.6723912854172354</corner2></bounds><pose><translation>-3.6753595810296833, -8.299975442526428, -3.6723912854172354</translation><rotation><c1>0, 0, 0</c1><c2>0, 0, 0</c2><c3>0, 0, 0</c3></rotation></pose><symmetry><x>twoFold</x><y>cylindrical</y><z>twoFold</z></symmetry><detectionScore>-1.0</detectionScore></element><element><id>27</id><category>wall</category><bounds><corner1>-1.0106870222414577, -2.3118145629303917, -1.414049832793138</corner1><corner2>1.0106870222414577, 2.3118145629303917, 1.414049832793138</corner2></bounds><pose><translation>-1.9389362752475376, 3.4182983847705315, -0.046568851878951135</translation><rotation><c1>0, 0, 0</c1><c2>0, 0, 0</c2><c3>0, 0, 0</c3></rotation></pose><symmetry><x>twoFold</x><y>cylindrical</y><z>twoFold</z></symmetry><detectionScore>-1.0</detectionScore></element><element><id>28</id><category>plant</category><bounds><corner1>-2.958866889749724, -1.6568663534775423, -1.0427413242778403</corner1><corner2>2.958866889749724, 1.6568663534775423, 1.0427413242778403</corner2></bounds><pose><translation>-2.958866889749724, 0.1761334778632383, -1.0427413242778403</translation><rotation><c1>0, 0, 0</c1><c2>0, 0, 0</c2><c3>0, 0, 0</c3></rotation></pose><symmetry><x>twoFold</x><y>cylindrical</y><z>twoFold</z></symmetry><detectionScore>-1.0</detectionScore></element><element><id>29</id><category>plant</category><bounds><corner1>-4.722698630903218, -1.3446380661662904, -0.9838520945937343</corner1><corner2>4.722698630903218, 1.3446380661662904, 0.9838520945937343</corner2></bounds><pose><translation>-4.722698630903218, 1.7930029608056457, -0.9838520945937343</translation><rotation><c1>0, 0, 0</c1><c2>0, 0, 0</c2><c3>0, 0, 0</c3></rotation></pose><symmetry><x>twoFold</x><y>cylindrical</y><z>twoFold</z></symmetry><detectionScore>-1.0</detectionScore></element><element><id>30</id><category>ceiling</category><bounds><corner1>-1.4471755205349253, -0.14651821737366566, -0.3845986690856029</corner1><corner2>1.4471755205349253, 0.14651821737366566, 0.3845986690856029</corner2></bounds><pose><translation>-1.4680893698914501, 3.414886903529245, 1.0333211236087725</translation><rotation><c1>0, 0, 0</c1><c2>0, 0, 0</c2><c3>0, 0, 0</c3></rotation></pose><symmetry><x>twoFold</x><y>cylindrical</y><z>twoFold</z></symmetry><detectionScore>-1.0</detectionScore></element><element><id>31</id><category>fence</category><bounds><corner1>-8.399369244887078, -1.4041936218939584, -0.38896931303223736</corner1><corner2>8.399369244887078, 1.4041936218939584, 0.38896931303223736</corner2></bounds><pose><translation>0.8762381417802995, -1.4041936218939584, -0.38896931303223736</translation><rotation><c1>0, 0, 0</c1><c2>0, 0, 0</c2><c3>0, 0, 0</c3></rotation></pose><symmetry><x>twoFold</x><y>cylindrical</y><z>twoFold</z></symmetry><detectionScore>-1.0</detectionScore></element><element><id>32</id><category>fence</category><bounds><corner1>-4.148184938389474, -9.404212774582572, -2.1677813849820127</corner1><corner2>4.148184938389474, 9.404212774582572, 2.1677813849820127</corner2></bounds><pose><translation>-4.148184938389474, -9.404212774582572, -2.1677813849820127</translation><rotation><c1>0, 0, 0</c1><c2>0, 0, 0</c2><c3>0, 0, 0</c3></rotation></pose><symmetry><x>twoFold</x><y>cylindrical</y><z>twoFold</z></symmetry><detectionScore>-1.0</detectionScore></element><element><id>33</id><category>chair</category><bounds><corner1>-1.4486344573140135, -0.9733507342241052, -0.8982545468824504</corner1><corner2>1.4486344573140135, 0.9733507342241052, 0.8982545468824504</corner2></bounds><pose><translation>-1.4486344573140135, -0.9733507342241052, -0.8982545468824504</translation><rotation><c1>0, 0, 0</c1><c2>0, 0, 0</c2><c3>0, 0, 0</c3></rotation></pose><symmetry><x>twoFold</x><y>cylindrical</y><z>twoFold</z></symmetry><detectionScore>-1.0</detectionScore></element><element><id>34</id><category>wall</category><bounds><corner1>-1.1435383264245298, -2.4315012550182544, -1.0928748171068212</corner1><corner2>1.1435383264245298, 2.4315012550182544, 1.0928748171068212</corner2></bounds><pose><translation>-0.7383622360199319, 3.451540961563457, -0.08622293823942723</translation><rotation><c1>0, 0, 0</c1><c2>0, 0, 0</c2><c3>0, 0, 0</c3></rotation></pose><symmetry><x>twoFold</x><y>cylindrical</y><z>twoFold</z></symmetry><detectionScore>-1.0</detectionScore></element><element><id>35</id><category>plant</category><bounds><corner1>-1.4599576243707342, -2.0684971353218664, -0.5045754778754715</corner1><corner2>1.4599576243707342, 2.0684971353218664, 0.5045754778754715</corner2></bounds><pose><translation>-2.905487570091963, 1.165450759348545, -1.05389406864315</translation><rotation><c1>0, 0, 0</c1><c2>0, 0, 0</c2><c3>0, 0, 0</c3></rotation></pose><symmetry><x>twoFold</x><y>cylindrical</y><z>twoFold</z></symmetry><detectionScore>-1.0</detectionScore></element><element><id>36</id><category>plant</category><bounds><corner1>-1.2787777012467496, -0.8319158278364571, -0.5094148788509391</corner1><corner2>1.2787777012467496, 0.8319158278364571, 0.5094148788509391</corner2></bounds><pose><translation>-1.2787777012467496, -0.8319158278364571, -0.5094148788509391</translation><rotation><c1>0, 0, 0</c1><c2>0, 0, 0</c2><c3>0, 0, 0</c3></rotation></pose><symmetry><x>twoFold</x><y>cylindrical</y><z>twoFold</z></symmetry><detectionScore>-1.0</detectionScore></element></elements></scene>