<?xml version='1.0' encoding='utf-8'?>
<scene xmlns:sumo="https://www.sumochallenge.org"><version>2.0</version><categories><id>fb_categories_v1.0</id><url>https://sumochallenge.org/en/categories-1_0.json</url></categories><project_type>bounding_box</project_type><elements><element><id>6</id><category>curtain</category><bounds><corner1>-0.13868329, -1.15720659, -1.13210142</corner1><corner2>0.13868329, 1.15720659, 1.13210142</corner2></bounds><pose><translation>-3.23392564, -0.15544934, -0.76392722</translation><rotation><c1>1., 0., 0.</c1><c2>0., 1., 0.</c2><c3>0., 0., 1.</c3></rotation></pose><symmetry><x>none</x><y>none</y><z>none</z></symmetry><detectionScore>-1</detectionScore></element><element><id>4</id><category>wall</category><bounds><corner1>-0.10902522, -1.27085698, -2.21981572</corner1><corner2>0.10902522, 1.27085698, 2.21981572</corner2></bounds><pose><translation> 6.40233701, -0.16725052, -0.79178197</translation><rotation><c1>1., 0., 0.</c1><c2>0., 1., 0.</c2><c3>0., 0., 1.</c3></rotation></pose><symmetry><x>none</x><y>none</y><z>none</z></symmetry><detectionScore>-1</detectionScore></element><element><id>3</id><category>bunker_bed</category><bounds><corner1>-1.96442507, -1.02557012, -0.39953011</corner1><corner2>1.96442507, 1.02557012, 0.39953011</corner2></bounds><pose><translation> 3.31485191, -0.63791043, -2.37956555</translation><rotation><c1>1., 0., 0.</c1><c2>0., 1., 0.</c2><c3>0., 0., 1.</c3></rotation></pose><symmetry><x>none</x><y>none</y><z>none</z></symmetry><detectionScore>-1</detectionScore></element><element><id>2</id><category>door</category><bounds><corner1>-0.63885745, -1.41503113, -0.82004519</corner1><corner2>0.63885745, 1.41503113, 0.82004519</corner2></bounds><pose><translation> 1.94507858, -0.67096733, -3.37892891</translation><rotation><c1>1., 0., 0.</c1><c2>0., 1., 0.</c2><c3>0., 0., 1.</c3></rotation></pose><symmetry><x>none</x><y>none</y><z>none</z></symmetry><detectionScore>-1</detectionScore></element></elements></scene>