<?xml version='1.0' encoding='utf-8'?>
<scene xmlns:sumo="https://www.sumochallenge.org"><version>2.0</version><categories><id>fb_categories_v1.0</id><url>https://sumochallenge.org/en/categories-1_0.json</url></categories><project_type>bounding_box</project_type><elements><element><id>18</id><category>wall</category><bounds><corner1>-2.62791096, -1.22829667, -3.46634105</corner1><corner2>2.62791096, 1.22829667, 3.46634105</corner2></bounds><pose><translation> 1.2885171 , -0.05701016, -7.65542477</translation><rotation><c1>1., 0., 0.</c1><c2>0., 1., 0.</c2><c3>0., 0., 1.</c3></rotation></pose><symmetry><x>none</x><y>none</y><z>none</z></symmetry><detectionScore>-1</detectionScore></element><element><id>15</id><category>person</category><bounds><corner1>-1.01168125, -0.43133592, -0.42217326</corner1><corner2>1.01168125, 0.43133592, 0.42217326</corner2></bounds><pose><translation> 3.0390009 , -0.49035622, -1.52575445</translation><rotation><c1>1., 0., 0.</c1><c2>0., 1., 0.</c2><c3>0., 0., 1.</c3></rotation></pose><symmetry><x>none</x><y>none</y><z>none</z></symmetry><detectionScore>-1</detectionScore></element><element><id>7</id><category>chair</category><bounds><corner1>-1.64868117, -0.33556604, -0.3146267 </corner1><corner2>1.64868117, 0.33556604, 0.3146267 </corner2></bounds><pose><translation> 1.75806592, -1.01759961, -0.83914299</translation><rotation><c1>1., 0., 0.</c1><c2>0., 1., 0.</c2><c3>0., 0., 1.</c3></rotation></pose><symmetry><x>none</x><y>none</y><z>none</z></symmetry><detectionScore>-1</detectionScore></element><element><id>9</id><category>wall</category><bounds><corner1>-1.72866046, -1.48755375, -0.09137185</corner1><corner2>1.72866046, 1.48755375, 0.09137185</corner2></bounds><pose><translation>2.25215672, 0.05470504, 1.80602136</translation><rotation><c1>1., 0., 0.</c1><c2>0., 1., 0.</c2><c3>0., 0., 1.</c3></rotation></pose><symmetry><x>none</x><y>none</y><z>none</z></symmetry><detectionScore>-1</detectionScore></element><element><id>5</id><category>chair</category><bounds><corner1>-2.94777897, -0.0141013 , -0.50904857</corner1><corner2>2.94777897, 0.0141013 , 0.50904857</corner2></bounds><pose><translation> 1.05341296, -0.70093863, -1.56206697</translation><rotation><c1>1., 0., 0.</c1><c2>0., 1., 0.</c2><c3>0., 0., 1.</c3></rotation></pose><symmetry><x>none</x><y>none</y><z>none</z></symmetry><detectionScore>-1</detectionScore></element><element><id>16</id><category>door</category><bounds><corner1>-5.46762053, -1.17201625, -0.57320611</corner1><corner2>5.46762053, 1.17201625, 0.57320611</corner2></bounds><pose><translation> 3.60086692, -0.26398901,  0.78953426</translation><rotation><c1>1., 0., 0.</c1><c2>0., 1., 0.</c2><c3>0., 0., 1.</c3></rotation></pose><symmetry><x>none</x><y>none</y><z>none</z></symmetry><detectionScore>-1</detectionScore></element><element><id>11</id><category>wall</category><bounds><corner1>-0.51104271, -1.16254216, -0.05908635</corner1><corner2>0.51104271, 1.16254216, 0.05908635</corner2></bounds><pose><translation>-2.24596052,  0.03094028,  1.85648936</translation><rotation><c1>1., 0., 0.</c1><c2>0., 1., 0.</c2><c3>0., 0., 1.</c3></rotation></pose><symmetry><x>none</x><y>none</y><z>none</z></symmetry><detectionScore>-1</detectionScore></element><element><id>10</id><category>wall</category><bounds><corner1>-0.39497174, -1.31808834, -0.65404126</corner1><corner2>0.39497174, 1.31808834, 0.65404126</corner2></bounds><pose><translation>-0.99558951, -0.12168427, -3.77517456</translation><rotation><c1>1., 0., 0.</c1><c2>0., 1., 0.</c2><c3>0., 0., 1.</c3></rotation></pose><symmetry><x>none</x><y>none</y><z>none</z></symmetry><detectionScore>-1</detectionScore></element><element><id>17</id><category>chair</category><bounds><corner1>-1.51412338, -0.60981238, -0.34639399</corner1><corner2>1.51412338, 0.60981238, 0.34639399</corner2></bounds><pose><translation> 2.38015881, -1.29668173, -0.69853265</translation><rotation><c1>1., 0., 0.</c1><c2>0., 1., 0.</c2><c3>0., 0., 1.</c3></rotation></pose><symmetry><x>none</x><y>none</y><z>none</z></symmetry><detectionScore>-1</detectionScore></element><element><id>6</id><category>door</category><bounds><corner1>-0.8046255 , -1.43449635, -3.66038238</corner1><corner2>0.8046255 , 1.43449635, 3.66038238</corner2></bounds><pose><translation>-2.04929734, -0.24465112,  3.23707119</translation><rotation><c1>1., 0., 0.</c1><c2>0., 1., 0.</c2><c3>0., 0., 1.</c3></rotation></pose><symmetry><x>none</x><y>none</y><z>none</z></symmetry><detectionScore>-1</detectionScore></element><element><id>13</id><category>door</category><bounds><corner1>-4.89776747, -1.08324688, -0.61670732</corner1><corner2>4.89776747, 1.08324688, 0.61670732</corner2></bounds><pose><translation> 3.63410995, -0.40847897, -0.98909443</translation><rotation><c1>1., 0., 0.</c1><c2>0., 1., 0.</c2><c3>0., 0., 1.</c3></rotation></pose><symmetry><x>none</x><y>none</y><z>none</z></symmetry><detectionScore>-1</detectionScore></element><element><id>2</id><category>chair</category><bounds><corner1>-0.40170027, -0.32657029, -0.56305031</corner1><corner2>0.40170027, 0.32657029, 0.56305031</corner2></bounds><pose><translation> 0.40941505, -1.02236884, -1.8130423 </translation><rotation><c1>1., 0., 0.</c1><c2>0., 1., 0.</c2><c3>0., 0., 1.</c3></rotation></pose><symmetry><x>none</x><y>none</y><z>none</z></symmetry><detectionScore>-1</detectionScore></element><element><id>19</id><category>stairs</category><bounds><corner1>-1.99692521, -0.98975553, -0.94362015</corner1><corner2>1.99692521, 0.98975553, 0.94362015</corner2></bounds><pose><translation>2.03593735, 0.29269472, 0.93764034</translation><rotation><c1>1., 0., 0.</c1><c2>0., 1., 0.</c2><c3>0., 0., 1.</c3></rotation></pose><symmetry><x>none</x><y>none</y><z>none</z></symmetry><detectionScore>-1</detectionScore></element><element><id>8</id><category>wall</category><bounds><corner1>-3.97979112, -1.45889746, -2.00442928</corner1><corner2>3.97979112, 1.45889746, 2.00442928</corner2></bounds><pose><translation>-6.07981528, -0.302504  , -0.5937492 </translation><rotation><c1>1., 0., 0.</c1><c2>0., 1., 0.</c2><c3>0., 0., 1.</c3></rotation></pose><symmetry><x>none</x><y>none</y><z>none</z></symmetry><detectionScore>-1</detectionScore></element><element><id>1</id><category>person</category><bounds><corner1>-0.39585332, -0.26270413, -1.09734694</corner1><corner2>0.39585332, 0.26270413, 1.09734694</corner2></bounds><pose><translation>-2.12491411, -0.67638355,  0.79401738</translation><rotation><c1>1., 0., 0.</c1><c2>0., 1., 0.</c2><c3>0., 0., 1.</c3></rotation></pose><symmetry><x>none</x><y>none</y><z>none</z></symmetry><detectionScore>-1</detectionScore></element><element><id>14</id><category>wall</category><bounds><corner1>-4.4887175 , -1.15404224, -2.03485774</corner1><corner2>4.4887175 , 1.15404224, 2.03485774</corner2></bounds><pose><translation> 3.94980219e+00, -3.64325625e-03, -8.31048758e-01</translation><rotation><c1>1., 0., 0.</c1><c2>0., 1., 0.</c2><c3>0., 0., 1.</c3></rotation></pose><symmetry><x>none</x><y>none</y><z>none</z></symmetry><detectionScore>-1</detectionScore></element></elements></scene>