<?xml version='1.0' encoding='utf-8'?>
<scene xmlns:sumo="https://www.sumochallenge.org"><version>2.0</version><categories><id>fb_categories_v1_0</id><url>https://sumochallenge.org/en/categories-1_0.json</url></categories><project_type>bounding_box</project_type><elements><element><id>0</id><category>chandelier</category><bounds><corner1>-0.4665977458543107, -0.21960032500332427, -0.06751641076353865</corner1><corner2>0.4665977458543107, 0.21960032500332427, 0.06751641076353865</corner2></bounds><pose><translation>-1.6731257259440524, -2.1890196777793043, 1.3902106272916204</translation><rotation><c1>0, 0, 0</c1><c2>0, 0, 0</c2><c3>0, 0, 0</c3></rotation></pose><symmetry><x>twoFold</x><y>cylindrical</y><z>twoFold</z></symmetry><detectionScore>-1.0</detectionScore></element><element><id>1</id><category>sofa</category><bounds><corner1>-0.7939392197999048, -4.162611199473504, -0.7016014998999882</corner1><corner2>0.7939392197999048, 4.162611199473504, 0.7016014998999882</corner2></bounds><pose><translation>-1.2233979705807592, 3.425141814237449, -1.026128133878484</translation><rotation><c1>0, 0, 0</c1><c2>0, 0, 0</c2><c3>0, 0, 0</c3></rotation></pose><symmetry><x>twoFold</x><y>cylindrical</y><z>twoFold</z></symmetry><detectionScore>-1.0</detectionScore></element><element><id>2</id><category>books</category><bounds><corner1>-0.17901865376411452, -0.3716750911173343, -0.1424309103719114</corner1><corner2>0.17901865376411452, 0.3716750911173343, 0.1424309103719114</corner2></bounds><pose><translation>1.4417795612597044, -2.260696522143507, -0.04951587556566541</translation><rotation><c1>0, 0, 0</c1><c2>0, 0, 0</c2><c3>0, 0, 0</c3></rotation></pose><symmetry><x>twoFold</x><y>cylindrical</y><z>twoFold</z></symmetry><detectionScore>-1.0</detectionScore></element><element><id>3</id><category>books</category><bounds><corner1>-0.22370967554507803, -0.4880909157911708, -0.2917287077197297</corner1><corner2>0.22370967554507803, 0.4880909157911708, 0.2917287077197297</corner2></bounds><pose><translation>1.5075388854815186, -2.2165281741133924, -0.031817689867764315</translation><rotation><c1>0, 0, 0</c1><c2>0, 0, 0</c2><c3>0, 0, 0</c3></rotation></pose><symmetry><x>twoFold</x><y>cylindrical</y><z>twoFold</z></symmetry><detectionScore>-1.0</detectionScore></element><element><id>4</id><category>wall</category><bounds><corner1>-0.1882179131725359, -1.6330702502769234, -0.9457333000631973</corner1><corner2>0.1882179131725359, 1.6330702502769234, 0.9457333000631973</corner2></bounds><pose><translation>-1.636121704184228, 0.5406642500317693, -0.024435972254419357</translation><rotation><c1>0, 0, 0</c1><c2>0, 0, 0</c2><c3>0, 0, 0</c3></rotation></pose><symmetry><x>twoFold</x><y>cylindrical</y><z>twoFold</z></symmetry><detectionScore>-1.0</detectionScore></element><element><id>5</id><category>kitchen_cabinet</category><bounds><corner1>-0.04502240820770176, -0.6298535047842211, -0.27244279464557253</corner1><corner2>0.04502240820770176, 0.6298535047842211, 0.27244279464557253</corner2></bounds><pose><translation>-1.3059322012359862, 1.6915659092925661, -0.3350664747844365</translation><rotation><c1>0, 0, 0</c1><c2>0, 0, 0</c2><c3>0, 0, 0</c3></rotation></pose><symmetry><x>twoFold</x><y>cylindrical</y><z>twoFold</z></symmetry><detectionScore>-1.0</detectionScore></element><element><id>6</id><category>desk</category><bounds><corner1>-0.9478607854814416, -1.4677535068208132, -0.8774084834659883</corner1><corner2>0.9478607854814416, 1.4677535068208132, 0.8774084834659883</corner2></bounds><pose><translation>0.14105525162586524, -3.187205315118331, -0.8804873789249634</translation><rotation><c1>0, 0, 0</c1><c2>0, 0, 0</c2><c3>0, 0, 0</c3></rotation></pose><symmetry><x>twoFold</x><y>cylindrical</y><z>twoFold</z></symmetry><detectionScore>-1.0</detectionScore></element><element><id>7</id><category>wall</category><bounds><corner1>-0.06231237348311325, -0.4768340866804784, -1.382412271793754</corner1><corner2>0.06231237348311325, 0.4768340866804784, 1.382412271793754</corner2></bounds><pose><translation>-1.4962892980162803, -0.7168111038408267, -0.07300227023723589</translation><rotation><c1>0, 0, 0</c1><c2>0, 0, 0</c2><c3>0, 0, 0</c3></rotation></pose><symmetry><x>twoFold</x><y>cylindrical</y><z>twoFold</z></symmetry><detectionScore>-1.0</detectionScore></element><element><id>8</id><category>window</category><bounds><corner1>-0.0988075952076457, -0.06857125216362459, -1.2670907017773214</corner1><corner2>0.0988075952076457, 0.06857125216362459, 1.2670907017773214</corner2></bounds><pose><translation>-4.03217510945643, -2.8466495317702933, -0.2526185433942611</translation><rotation><c1>0, 0, 0</c1><c2>0, 0, 0</c2><c3>0, 0, 0</c3></rotation></pose><symmetry><x>twoFold</x><y>cylindrical</y><z>twoFold</z></symmetry><detectionScore>-1.0</detectionScore></element><element><id>9</id><category>office_chair</category><bounds><corner1>-0.8701107594683576, -0.7478321704422881, -0.5642675118807142</corner1><corner2>0.8701107594683576, 0.7478321704422881, 0.5642675118807142</corner2></bounds><pose><translation>0.3917374282730771, -2.454655362113571, -1.1984272664426991</translation><rotation><c1>0, 0, 0</c1><c2>0, 0, 0</c2><c3>0, 0, 0</c3></rotation></pose><symmetry><x>twoFold</x><y>cylindrical</y><z>twoFold</z></symmetry><detectionScore>-1.0</detectionScore></element><element><id>10</id><category>wall</category><bounds><corner1>-0.961587581443089, -0.07413545674742394, -0.6390622397397528</corner1><corner2>0.961587581443089, 0.07413545674742394, 0.6390622397397528</corner2></bounds><pose><translation>-3.096446231601419, 2.255530439893235, 0.009526450348029687</translation><rotation><c1>0, 0, 0</c1><c2>0, 0, 0</c2><c3>0, 0, 0</c3></rotation></pose><symmetry><x>twoFold</x><y>cylindrical</y><z>twoFold</z></symmetry><detectionScore>-1.0</detectionScore></element><element><id>11</id><category>wall</category><bounds><corner1>-2.153153423291414, -1.3232506499055452, -1.5155170207874495</corner1><corner2>2.153153423291414, 1.3232506499055452, 1.5155170207874495</corner2></bounds><pose><translation>-0.5986847915327166, -3.444981786785756, -0.14662318173420627</translation><rotation><c1>0, 0, 0</c1><c2>0, 0, 0</c2><c3>0, 0, 0</c3></rotation></pose><symmetry><x>twoFold</x><y>cylindrical</y><z>twoFold</z></symmetry><detectionScore>-1.0</detectionScore></element><element><id>12</id><category>clock</category><bounds><corner1>-0.07365433555488221, -0.1713124169210748, -0.20731932325972968</corner1><corner2>0.07365433555488221, 0.1713124169210748, 0.20731932325972968</corner2></bounds><pose><translation>1.8003587981145106, -0.7843288553039364, 0.902015369112541</translation><rotation><c1>0, 0, 0</c1><c2>0, 0, 0</c2><c3>0, 0, 0</c3></rotation></pose><symmetry><x>twoFold</x><y>cylindrical</y><z>twoFold</z></symmetry><detectionScore>-1.0</detectionScore></element><element><id>13</id><category>book</category><bounds><corner1>-0.23499858079477653, -0.27345298264281004, -0.11524579612498276</corner1><corner2>0.23499858079477653, 0.27345298264281004, 0.11524579612498276</corner2></bounds><pose><translation>1.3107528623439395, -2.1230306498255107, -0.8446684130689989</translation><rotation><c1>0, 0, 0</c1><c2>0, 0, 0</c2><c3>0, 0, 0</c3></rotation></pose><symmetry><x>twoFold</x><y>cylindrical</y><z>twoFold</z></symmetry><detectionScore>-1.0</detectionScore></element><element><id>14</id><category>floor</category><bounds><corner1>-1.214410310539981, -3.717647049035052, -1.029703258283558</corner1><corner2>1.214410310539981, 3.717647049035052, 1.029703258283558</corner2></bounds><pose><translation>0.03813118050108846, 3.8564364978100167, -1.4187403365586762</translation><rotation><c1>0, 0, 0</c1><c2>0, 0, 0</c2><c3>0, 0, 0</c3></rotation></pose><symmetry><x>twoFold</x><y>cylindrical</y><z>twoFold</z></symmetry><detectionScore>-1.0</detectionScore></element><element><id>15</id><category>door</category><bounds><corner1>-1.9709443567752893, -1.3777922189111036, -1.4031221821763658</corner1><corner2>1.9709443567752893, 1.3777922189111036, 1.4031221821763658</corner2></bounds><pose><translation>-1.9709443567752893, 0.892371082102928, -0.15599600817933107</translation><rotation><c1>0, 0, 0</c1><c2>0, 0, 0</c2><c3>0, 0, 0</c3></rotation></pose><symmetry><x>twoFold</x><y>cylindrical</y><z>twoFold</z></symmetry><detectionScore>-1.0</detectionScore></element><element><id>16</id><category>door</category><bounds><corner1>-1.7041749325481597, -2.377799407458144, -1.2189408149407883</corner1><corner2>1.7041749325481597, 2.377799407458144, 1.2189408149407883</corner2></bounds><pose><translation>-1.7041749325481597, 5.859404567068165, -0.15907045796014213</translation><rotation><c1>0, 0, 0</c1><c2>0, 0, 0</c2><c3>0, 0, 0</c3></rotation></pose><symmetry><x>twoFold</x><y>cylindrical</y><z>twoFold</z></symmetry><detectionScore>-1.0</detectionScore></element><element><id>17</id><category>rug</category><bounds><corner1>-1.2083814293000281, -3.773334762967918, -1.0504448508451407</corner1><corner2>1.2083814293000281, 3.773334762967918, 1.0504448508451407</corner2></bounds><pose><translation>0.003300258472247052, 3.7644542624506836, -1.5218399703968568</translation><rotation><c1>0, 0, 0</c1><c2>0, 0, 0</c2><c3>0, 0, 0</c3></rotation></pose><symmetry><x>twoFold</x><y>cylindrical</y><z>twoFold</z></symmetry><detectionScore>-1.0</detectionScore></element><element><id>18</id><category>fish_tank</category><bounds><corner1>-0.5467557486716363, -2.8091461121539494, -0.7357281805533854</corner1><corner2>0.5467557486716363, 2.8091461121539494, 0.7357281805533854</corner2></bounds><pose><translation>1.144868968389051, 2.7742481848098812, -0.7260552685833103</translation><rotation><c1>0, 0, 0</c1><c2>0, 0, 0</c2><c3>0, 0, 0</c3></rotation></pose><symmetry><x>twoFold</x><y>cylindrical</y><z>twoFold</z></symmetry><detectionScore>-1.0</detectionScore></element><element><id>19</id><category>shelving</category><bounds><corner1>-1.004773285247018, -1.3951445075389097, -0.8769209940538915</corner1><corner2>1.004773285247018, 1.3951445075389097, 0.8769209940538915</corner2></bounds><pose><translation>0.07293001898506443, -3.2225705634913524, -0.8116964360157397</translation><rotation><c1>0, 0, 0</c1><c2>0, 0, 0</c2><c3>0, 0, 0</c3></rotation></pose><symmetry><x>twoFold</x><y>cylindrical</y><z>twoFold</z></symmetry><detectionScore>-1.0</detectionScore></element><element><id>20</id><category>plant</category><bounds><corner1>-0.5710028019794124, -3.068432422914148, -0.8713366033867376</corner1><corner2>0.5710028019794124, 3.068432422914148, 0.8713366033867376</corner2></bounds><pose><translation>1.1408280482403548, 2.4235764116460587, -0.9604362781320148</translation><rotation><c1>0, 0, 0</c1><c2>0, 0, 0</c2><c3>0, 0, 0</c3></rotation></pose><symmetry><x>twoFold</x><y>cylindrical</y><z>twoFold</z></symmetry><detectionScore>-1.0</detectionScore></element><element><id>21</id><category>window</category><bounds><corner1>-0.04930552129836219, -0.2683560771787854, -1.2416677997257817</corner1><corner2>0.04930552129836219, 0.2683560771787854, 1.2416677997257817</corner2></bounds><pose><translation>-1.4834659622488413, -0.7598361533694088, -0.05384747031033718</translation><rotation><c1>0, 0, 0</c1><c2>0, 0, 0</c2><c3>0, 0, 0</c3></rotation></pose><symmetry><x>twoFold</x><y>cylindrical</y><z>twoFold</z></symmetry><detectionScore>-1.0</detectionScore></element><element><id>22</id><category>floor_lamp</category><bounds><corner1>-0.23632381130508562, -0.4781178591934454, -0.6974558723801962</corner1><corner2>0.23632381130508562, 0.4781178591934454, 0.6974558723801962</corner2></bounds><pose><translation>1.465483447703211, -2.359221387410801, -0.43069361072584444</translation><rotation><c1>0, 0, 0</c1><c2>0, 0, 0</c2><c3>0, 0, 0</c3></rotation></pose><symmetry><x>twoFold</x><y>cylindrical</y><z>twoFold</z></symmetry><detectionScore>-1.0</detectionScore></element><element><id>23</id><category>wall</category><bounds><corner1>-2.729437643018078, -0.554663477277269, -1.3284219923720257</corner1><corner2>2.729437643018078, 0.554663477277269, 1.3284219923720257</corner2></bounds><pose><translation>-1.2206589125297322, 7.43517461699296, -0.051440145993487355</translation><rotation><c1>0, 0, 0</c1><c2>0, 0, 0</c2><c3>0, 0, 0</c3></rotation></pose><symmetry><x>twoFold</x><y>cylindrical</y><z>twoFold</z></symmetry><detectionScore>-1.0</detectionScore></element><element><id>24</id><category>person</category><bounds><corner1>-0.7958615679784783, -3.656895007209232, -0.5990505566055682</corner1><corner2>0.7958615679784783, 3.656895007209232, 0.5990505566055682</corner2></bounds><pose><translation>-1.2287732516373548, 4.2250044477274145, -0.9433208945179589</translation><rotation><c1>0, 0, 0</c1><c2>0, 0, 0</c2><c3>0, 0, 0</c3></rotation></pose><symmetry><x>twoFold</x><y>cylindrical</y><z>twoFold</z></symmetry><detectionScore>-1.0</detectionScore></element><element><id>25</id><category>chair</category><bounds><corner1>-0.5450174806034851, -0.06618773329904926, -0.46418547949013134</corner1><corner2>0.5450174806034851, 0.06618773329904926, 0.46418547949013134</corner2></bounds><pose><translation>-3.126184299649914, 2.252867813606023, -0.7981602631246857</translation><rotation><c1>0, 0, 0</c1><c2>0, 0, 0</c2><c3>0, 0, 0</c3></rotation></pose><symmetry><x>twoFold</x><y>cylindrical</y><z>twoFold</z></symmetry><detectionScore>-1.0</detectionScore></element><element><id>26</id><category>door</category><bounds><corner1>-0.17657076348099254, -0.8047484980868633, -1.1960662425384365</corner1><corner2>0.17657076348099254, 0.8047484980868633, 1.1960662425384365</corner2></bounds><pose><translation>1.5247756880207355, -2.699039656417068, -0.13970849620667808</translation><rotation><c1>0, 0, 0</c1><c2>0, 0, 0</c2><c3>0, 0, 0</c3></rotation></pose><symmetry><x>twoFold</x><y>cylindrical</y><z>twoFold</z></symmetry><detectionScore>-1.0</detectionScore></element><element><id>27</id><category>wall</category><bounds><corner1>-0.15250404520830085, -4.082620541489151, -1.2675013494750293</corner1><corner2>0.15250404520830085, 4.082620541489151, 1.2675013494750293</corner2></bounds><pose><translation>1.5345563020828286, 3.3271084830261017, 0.05281515905756621</translation><rotation><c1>0, 0, 0</c1><c2>0, 0, 0</c2><c3>0, 0, 0</c3></rotation></pose><symmetry><x>twoFold</x><y>cylindrical</y><z>twoFold</z></symmetry><detectionScore>-1.0</detectionScore></element><element><id>28</id><category>shelving</category><bounds><corner1>-0.8656767984993452, -0.31487426369060056, -0.5278093886939335</corner1><corner2>0.8656767984993452, 0.31487426369060056, 0.5278093886939335</corner2></bounds><pose><translation>-0.010250564346868081, -3.483587464620994, 0.5726623777021163</translation><rotation><c1>0, 0, 0</c1><c2>0, 0, 0</c2><c3>0, 0, 0</c3></rotation></pose><symmetry><x>twoFold</x><y>cylindrical</y><z>twoFold</z></symmetry><detectionScore>-1.0</detectionScore></element><element><id>29</id><category>plant</category><bounds><corner1>-0.722362621559939, -0.8391823741883462, -0.7015412317467893</corner1><corner2>0.722362621559939, 0.8391823741883462, 0.7015412317467893</corner2></bounds><pose><translation>-2.29683231504566, 1.411797132280944, -1.1717505617657111</translation><rotation><c1>0, 0, 0</c1><c2>0, 0, 0</c2><c3>0, 0, 0</c3></rotation></pose><symmetry><x>twoFold</x><y>cylindrical</y><z>twoFold</z></symmetry><detectionScore>-1.0</detectionScore></element><element><id>30</id><category>wall</category><bounds><corner1>-0.0626246612611121, -5.3518693496842795, -1.1582850381601755</corner1><corner2>0.0626246612611121, 5.3518693496842795, 1.1582850381601755</corner2></bounds><pose><translation>-1.2949625538776872, 2.135968134452149, -0.0059640058999871765</translation><rotation><c1>0, 0, 0</c1><c2>0, 0, 0</c2><c3>0, 0, 0</c3></rotation></pose><symmetry><x>twoFold</x><y>cylindrical</y><z>twoFold</z></symmetry><detectionScore>-1.0</detectionScore></element><element><id>31</id><category>picture_frame</category><bounds><corner1>-0.147189441155386, -0.6113974983139387, -0.6855737715169381</corner1><corner2>0.147189441155386, 0.6113974983139387, 0.6855737715169381</corner2></bounds><pose><translation>1.5587862999352171, -2.8571112111868424, 0.3901458010710736</translation><rotation><c1>0, 0, 0</c1><c2>0, 0, 0</c2><c3>0, 0, 0</c3></rotation></pose><symmetry><x>twoFold</x><y>cylindrical</y><z>twoFold</z></symmetry><detectionScore>-1.0</detectionScore></element><element><id>32</id><category>table_lamp</category><bounds><corner1>-0.20665137107251308, -0.4777926837354003, -0.5202480509067104</corner1><corner2>0.20665137107251308, 0.4777926837354003, 0.5202480509067104</corner2></bounds><pose><translation>1.472658014174203, -2.3474525923710434, -0.5354196846886614</translation><rotation><c1>0, 0, 0</c1><c2>0, 0, 0</c2><c3>0, 0, 0</c3></rotation></pose><symmetry><x>twoFold</x><y>cylindrical</y><z>twoFold</z></symmetry><detectionScore>-1.0</detectionScore></element></elements></scene>