<?xml version='1.0' encoding='utf-8'?>
<scene xmlns:sumo="https://www.sumochallenge.org"><version>2.0</version><categories><id>fb_categories_v1_0</id><url>https://sumochallenge.org/en/categories-1_0.json</url></categories><project_type>bounding_box</project_type><elements><element><id>0</id><category>door</category><bounds><corner1>-6.088609544794321, -1.3371985879614698, -4.096971588790825</corner1><corner2>6.088609544794321, 1.3371985879614698, 4.096971588790825</corner2></bounds><pose><translation>-7.621829996052775, -0.05421262115174933, -5.372562669186557</translation><rotation><c1>1, 0, 0</c1><c2>0, 1, 0</c2><c3>0, 0, 1</c3></rotation></pose><symmetry><x>twoFold</x><y>cylindrical</y><z>twoFold</z></symmetry><detectionScore>-1.0</detectionScore></element><element><id>1</id><category>partition</category><bounds><corner1>-2.364418542311811, -1.4548684351260035, -5.038577493279542</corner1><corner2>2.364418542311811, 1.4548684351260035, 5.038577493279542</corner2></bounds><pose><translation>0.5879943045161441, -0.17220993651238783, -6.512713565708761</translation><rotation><c1>1, 0, 0</c1><c2>0, 1, 0</c2><c3>0, 0, 1</c3></rotation></pose><symmetry><x>twoFold</x><y>cylindrical</y><z>twoFold</z></symmetry><detectionScore>-1.0</detectionScore></element><element><id>2</id><category>kitchen_cabinet</category><bounds><corner1>-0.16483820076299227, -0.22047396822987467, -0.1473480810271055</corner1><corner2>0.16483820076299227, 0.22047396822987467, 0.1473480810271055</corner2></bounds><pose><translation>-0.8607607753131796, -0.2266160907890789, -1.5792248335229155</translation><rotation><c1>1, 0, 0</c1><c2>0, 1, 0</c2><c3>0, 0, 1</c3></rotation></pose><symmetry><x>twoFold</x><y>cylindrical</y><z>twoFold</z></symmetry><detectionScore>-1.0</detectionScore></element><element><id>3</id><category>partition</category><bounds><corner1>-1.6743339634502794, -1.4379875857625146, -2.0435815915469324</corner1><corner2>1.6743339634502794, 1.4379875857625146, 2.0435815915469324</corner2></bounds><pose><translation>-2.1458975188278653, -0.17909278080796767, -3.448365021609226</translation><rotation><c1>1, 0, 0</c1><c2>0, 1, 0</c2><c3>0, 0, 1</c3></rotation></pose><symmetry><x>twoFold</x><y>cylindrical</y><z>twoFold</z></symmetry><detectionScore>-1.0</detectionScore></element><element><id>4</id><category>wall</category><bounds><corner1>-5.7302012766792885, -1.1035879574383172, -3.4844512932069516</corner1><corner2>5.7302012766792885, 1.1035879574383172, 3.4844512932069516</corner2></bounds><pose><translation>-7.9280166821721405, 0.1485835127515457, -4.740949277894665</translation><rotation><c1>1, 0, 0</c1><c2>0, 1, 0</c2><c3>0, 0, 1</c3></rotation></pose><symmetry><x>twoFold</x><y>cylindrical</y><z>twoFold</z></symmetry><detectionScore>-1.0</detectionScore></element><element><id>5</id><category>partition</category><bounds><corner1>-2.4782974560600466, -1.4234726191099827, -6.022450431558155</corner1><corner2>2.4782974560600466, 1.4234726191099827, 6.022450431558155</corner2></bounds><pose><translation>-0.47958893855558044, -0.1408141204963672, -7.4654122425810465</translation><rotation><c1>1, 0, 0</c1><c2>0, 1, 0</c2><c3>0, 0, 1</c3></rotation></pose><symmetry><x>twoFold</x><y>cylindrical</y><z>twoFold</z></symmetry><detectionScore>-1.0</detectionScore></element><element><id>6</id><category>dining_table</category><bounds><corner1>-0.8328612373702697, -0.529591571494132, -0.45940863086398676</corner1><corner2>0.8328612373702697, 0.529591571494132, 0.45940863086398676</corner2></bounds><pose><translation>-2.3608830695261265, -0.7007489255011979, -1.3343835161397224</translation><rotation><c1>1, 0, 0</c1><c2>0, 1, 0</c2><c3>0, 0, 1</c3></rotation></pose><symmetry><x>twoFold</x><y>cylindrical</y><z>twoFold</z></symmetry><detectionScore>-1.0</detectionScore></element><element><id>7</id><category>wall</category><bounds><corner1>-6.2724484943643475, -1.3159799570497757, -3.539468095414578</corner1><corner2>6.2724484943643475, 1.3159799570497757, 3.539468095414578</corner2></bounds><pose><translation>-7.9806269007260635, -0.03914841286814304, -1.8977111129819961</translation><rotation><c1>1, 0, 0</c1><c2>0, 1, 0</c2><c3>0, 0, 1</c3></rotation></pose><symmetry><x>twoFold</x><y>cylindrical</y><z>twoFold</z></symmetry><detectionScore>-1.0</detectionScore></element><element><id>8</id><category>partition</category><bounds><corner1>-5.926414196949942, -1.3492395500886696, -2.067371284224963</corner1><corner2>5.926414196949942, 1.3492395500886696, 2.067371284224963</corner2></bounds><pose><translation>-7.979206509956776, -0.054687629490583076, -1.8370108625947446</translation><rotation><c1>1, 0, 0</c1><c2>0, 1, 0</c2><c3>0, 0, 1</c3></rotation></pose><symmetry><x>twoFold</x><y>cylindrical</y><z>twoFold</z></symmetry><detectionScore>-1.0</detectionScore></element><element><id>9</id><category>refrigerator</category><bounds><corner1>-0.9527663386946814, -0.47464337134753487, -1.9537627316551804</corner1><corner2>0.9527663386946814, 0.47464337134753487, 1.9537627316551804</corner2></bounds><pose><translation>-1.6342820611136575, -0.20541009075024166, -3.3971189359835</translation><rotation><c1>1, 0, 0</c1><c2>0, 1, 0</c2><c3>0, 0, 1</c3></rotation></pose><symmetry><x>twoFold</x><y>cylindrical</y><z>twoFold</z></symmetry><detectionScore>-1.0</detectionScore></element><element><id>10</id><category>plant</category><bounds><corner1>-2.394235975398492, -0.4230438348406526, -1.8617653958510068</corner1><corner2>2.394235975398492, 0.4230438348406526, 1.8617653958510068</corner2></bounds><pose><translation>-4.820176357700587, -0.8405859639911802, 1.5538217740705025</translation><rotation><c1>1, 0, 0</c1><c2>0, 1, 0</c2><c3>0, 0, 1</c3></rotation></pose><symmetry><x>twoFold</x><y>cylindrical</y><z>twoFold</z></symmetry><detectionScore>-1.0</detectionScore></element><element><id>11</id><category>partition</category><bounds><corner1>-4.743316743875003, -1.3942580024906281, -5.653201774693394</corner1><corner2>4.743316743875003, 1.3942580024906281, 5.653201774693394</corner2></bounds><pose><translation>-5.778175366038723, -0.12321653795132938, -7.0140876459751835</translation><rotation><c1>1, 0, 0</c1><c2>0, 1, 0</c2><c3>0, 0, 1</c3></rotation></pose><symmetry><x>twoFold</x><y>cylindrical</y><z>twoFold</z></symmetry><detectionScore>-1.0</detectionScore></element><element><id>12</id><category>kitchen_cabinet</category><bounds><corner1>-0.8240207119646163, -1.4125600295737517, -2.032478160304737</corner1><corner2>0.8240207119646163, 1.4125600295737517, 2.032478160304737</corner2></bounds><pose><translation>-0.5443274305772877, -0.1810062167666275, -3.4911301665023995</translation><rotation><c1>1, 0, 0</c1><c2>0, 1, 0</c2><c3>0, 0, 1</c3></rotation></pose><symmetry><x>twoFold</x><y>cylindrical</y><z>twoFold</z></symmetry><detectionScore>-1.0</detectionScore></element><element><id>13</id><category>wall</category><bounds><corner1>-2.2840276443623617, -1.4624307023088354, -3.485112748002076</corner1><corner2>2.2840276443623617, 1.4624307023088354, 3.485112748002076</corner2></bounds><pose><translation>-8.087836865507217, -0.20974641164250846, -0.18015878036629793</translation><rotation><c1>1, 0, 0</c1><c2>0, 1, 0</c2><c3>0, 0, 1</c3></rotation></pose><symmetry><x>twoFold</x><y>cylindrical</y><z>twoFold</z></symmetry><detectionScore>-1.0</detectionScore></element><element><id>14</id><category>dryer</category><bounds><corner1>-0.9349503614952162, -0.6720122371217477, -1.1781620138486981</corner1><corner2>0.9349503614952162, 0.6720122371217477, 1.1781620138486981</corner2></bounds><pose><translation>2.2080420011615765, -1.0467478221864321, 1.1772476957063405</translation><rotation><c1>1, 0, 0</c1><c2>0, 1, 0</c2><c3>0, 0, 1</c3></rotation></pose><symmetry><x>twoFold</x><y>cylindrical</y><z>twoFold</z></symmetry><detectionScore>-1.0</detectionScore></element><element><id>15</id><category>door</category><bounds><corner1>-1.5294142155479125, -1.2309253419592205, -2.0716024820100607</corner1><corner2>1.5294142155479125, 1.2309253419592205, 2.0716024820100607</corner2></bounds><pose><translation>-1.889008118172255, -0.17512839844586758, -3.5019567334959696</translation><rotation><c1>1, 0, 0</c1><c2>0, 1, 0</c2><c3>0, 0, 1</c3></rotation></pose><symmetry><x>twoFold</x><y>cylindrical</y><z>twoFold</z></symmetry><detectionScore>-1.0</detectionScore></element><element><id>16</id><category>partition</category><bounds><corner1>-1.7310722971709898, -0.9229960808906202, -4.3721279919435805</corner1><corner2>1.7310722971709898, 0.9229960808906202, 4.3721279919435805</corner2></bounds><pose><translation>-2.3089426650805116, 0.3770483638550791, -7.556251403613901</translation><rotation><c1>1, 0, 0</c1><c2>0, 1, 0</c2><c3>0, 0, 1</c3></rotation></pose><symmetry><x>twoFold</x><y>cylindrical</y><z>twoFold</z></symmetry><detectionScore>-1.0</detectionScore></element><element><id>17</id><category>game_table</category><bounds><corner1>-2.2874029966010587, -0.5956683326631548, -0.47405914838919194</corner1><corner2>2.2874029966010587, 0.5956683326631548, 0.47405914838919194</corner2></bounds><pose><translation>-4.030736240505861, -0.7581875063018968, -1.3292954424558414</translation><rotation><c1>1, 0, 0</c1><c2>0, 1, 0</c2><c3>0, 0, 1</c3></rotation></pose><symmetry><x>twoFold</x><y>cylindrical</y><z>twoFold</z></symmetry><detectionScore>-1.0</detectionScore></element><element><id>18</id><category>kitchen_cabinet</category><bounds><corner1>-1.4647805171244075, -1.145696729739433, -2.0494947150709235</corner1><corner2>1.4647805171244075, 1.145696729739433, 2.0494947150709235</corner2></bounds><pose><translation>-1.8192653276283286, -0.1779726003937696, -3.477240884033653</translation><rotation><c1>1, 0, 0</c1><c2>0, 1, 0</c2><c3>0, 0, 1</c3></rotation></pose><symmetry><x>twoFold</x><y>cylindrical</y><z>twoFold</z></symmetry><detectionScore>-1.0</detectionScore></element><element><id>19</id><category>dishwasher</category><bounds><corner1>-0.9408813365210724, -0.6946975274793198, -1.1435113144794415</corner1><corner2>0.9408813365210724, 0.6946975274793198, 1.1435113144794415</corner2></bounds><pose><translation>2.20211102613572, -1.0694331125440042, 1.1878543413242377</translation><rotation><c1>1, 0, 0</c1><c2>0, 1, 0</c2><c3>0, 0, 1</c3></rotation></pose><symmetry><x>twoFold</x><y>cylindrical</y><z>twoFold</z></symmetry><detectionScore>-1.0</detectionScore></element><element><id>20</id><category>trash_can</category><bounds><corner1>-0.9843449653557479, -0.7589826947358722, -1.258172721352875</corner1><corner2>0.9843449653557479, 0.7589826947358722, 1.258172721352875</corner2></bounds><pose><translation>2.217955744136672, -1.081625262810295, 1.201843747295584</translation><rotation><c1>1, 0, 0</c1><c2>0, 1, 0</c2><c3>0, 0, 1</c3></rotation></pose><symmetry><x>twoFold</x><y>cylindrical</y><z>twoFold</z></symmetry><detectionScore>-1.0</detectionScore></element><element><id>21</id><category>partition</category><bounds><corner1>-1.4261364502120435, -0.7039868323852458, -1.9329840980331614</corner1><corner2>1.4261364502120435, 0.7039868323852458, 1.9329840980331614</corner2></bounds><pose><translation>-2.4557279119845914, -0.17768840079630802, -3.3397096878915007</translation><rotation><c1>1, 0, 0</c1><c2>0, 1, 0</c2><c3>0, 0, 1</c3></rotation></pose><symmetry><x>twoFold</x><y>cylindrical</y><z>twoFold</z></symmetry><detectionScore>-1.0</detectionScore></element><element><id>22</id><category>partition</category><bounds><corner1>-6.245462706008958, -1.13163473181038, -3.6625343251711886</corner1><corner2>6.245462706008958, 1.13163473181038, 3.6625343251711886</corner2></bounds><pose><translation>-7.89391372258102, 0.1330354586886547, -4.916745940041144</translation><rotation><c1>1, 0, 0</c1><c2>0, 1, 0</c2><c3>0, 0, 1</c3></rotation></pose><symmetry><x>twoFold</x><y>cylindrical</y><z>twoFold</z></symmetry><detectionScore>-1.0</detectionScore></element><element><id>23</id><category>water_dispenser</category><bounds><corner1>-0.9757413748227304, -0.9990272362682027, -1.055593300944745</corner1><corner2>0.9757413748227304, 0.9990272362682027, 1.055593300944745</corner2></bounds><pose><translation>2.2224114707720366, -0.8525368964137465, 1.2757723548589344</translation><rotation><c1>1, 0, 0</c1><c2>0, 1, 0</c2><c3>0, 0, 1</c3></rotation></pose><symmetry><x>twoFold</x><y>cylindrical</y><z>twoFold</z></symmetry><detectionScore>-1.0</detectionScore></element><element><id>24</id><category>partition</category><bounds><corner1>-1.3634459874568634, -0.8523718491142642, -1.9566379145956394</corner1><corner2>1.3634459874568634, 0.8523718491142642, 1.9566379145956394</corner2></bounds><pose><translation>-2.3367746576154214, -0.1805244615399587, -3.3716447380443495</translation><rotation><c1>1, 0, 0</c1><c2>0, 1, 0</c2><c3>0, 0, 1</c3></rotation></pose><symmetry><x>twoFold</x><y>cylindrical</y><z>twoFold</z></symmetry><detectionScore>-1.0</detectionScore></element><element><id>25</id><category>partition</category><bounds><corner1>-3.852182591472846, -1.2661037354183131, -6.072949517001205</corner1><corner2>3.852182591472846, 1.2661037354183131, 6.072949517001205</corner2></bounds><pose><translation>-4.675030428662617, -0.0073382092588576255, -7.473035441270242</translation><rotation><c1>1, 0, 0</c1><c2>0, 1, 0</c2><c3>0, 0, 1</c3></rotation></pose><symmetry><x>twoFold</x><y>cylindrical</y><z>twoFold</z></symmetry><detectionScore>-1.0</detectionScore></element><element><id>26</id><category>kitchen_cabinet</category><bounds><corner1>-0.32908875451421926, -0.14531887559503345, -0.06951380178713751</corner1><corner2>0.32908875451421926, 0.14531887559503345, 0.06951380178713751</corner2></bounds><pose><translation>-1.0305377201214714, -0.3049581608005015, -1.4445209052132455</translation><rotation><c1>1, 0, 0</c1><c2>0, 1, 0</c2><c3>0, 0, 1</c3></rotation></pose><symmetry><x>twoFold</x><y>cylindrical</y><z>twoFold</z></symmetry><detectionScore>-1.0</detectionScore></element><element><id>27</id><category>bathtub</category><bounds><corner1>-2.5989939666314816, -0.34162630926614523, -1.5811421462473763</corner1><corner2>2.5989939666314816, 0.34162630926614523, 1.5811421462473763</corner2></bounds><pose><translation>0.47408473180644806, -1.0442591942105484, 2.095963187325839</translation><rotation><c1>1, 0, 0</c1><c2>0, 1, 0</c2><c3>0, 0, 1</c3></rotation></pose><symmetry><x>twoFold</x><y>cylindrical</y><z>twoFold</z></symmetry><detectionScore>-1.0</detectionScore></element><element><id>28</id><category>wall</category><bounds><corner1>-3.0874287732581696, -1.6327803004704375, -0.13295557014238835</corner1><corner2>3.0874287732581696, 1.6327803004704375, 0.13295557014238835</corner2></bounds><pose><translation>-0.03274650334159977, -0.23420844802347301, 3.559083376929237</translation><rotation><c1>1, 0, 0</c1><c2>0, 1, 0</c2><c3>0, 0, 1</c3></rotation></pose><symmetry><x>twoFold</x><y>cylindrical</y><z>twoFold</z></symmetry><detectionScore>-1.0</detectionScore></element><element><id>29</id><category>door</category><bounds><corner1>-1.796597089031283, -1.4284838933422919, -1.9082885284814701</corner1><corner2>1.796597089031283, 1.4284838933422919, 1.9082885284814701</corner2></bounds><pose><translation>-2.8180438121654103, -0.1745281344518081, -3.26959698190714</translation><rotation><c1>1, 0, 0</c1><c2>0, 1, 0</c2><c3>0, 0, 1</c3></rotation></pose><symmetry><x>twoFold</x><y>cylindrical</y><z>twoFold</z></symmetry><detectionScore>-1.0</detectionScore></element><element><id>30</id><category>table_and_chair</category><bounds><corner1>-1.139501955797913, -0.9261257630504339, -2.2697525890666035</corner1><corner2>1.139501955797913, 0.9261257630504339, 2.2697525890666035</corner2></bounds><pose><translation>-3.530808045502653, -1.3298271864341957, 1.263323508116628</translation><rotation><c1>1, 0, 0</c1><c2>0, 1, 0</c2><c3>0, 0, 1</c3></rotation></pose><symmetry><x>twoFold</x><y>cylindrical</y><z>twoFold</z></symmetry><detectionScore>-1.0</detectionScore></element><element><id>31</id><category>door</category><bounds><corner1>-5.586280040147112, -1.4243876126512902, -5.0462338282043255</corner1><corner2>5.586280040147112, 1.4243876126512902, 5.0462338282043255</corner2></bounds><pose><translation>-6.950645882297076, -0.16380415759669595, -6.363939141817147</translation><rotation><c1>1, 0, 0</c1><c2>0, 1, 0</c2><c3>0, 0, 1</c3></rotation></pose><symmetry><x>twoFold</x><y>cylindrical</y><z>twoFold</z></symmetry><detectionScore>-1.0</detectionScore></element><element><id>32</id><category>partition</category><bounds><corner1>-4.049088093655922, -1.2379133994995475, -6.011105928317994</corner1><corner2>4.049088093655922, 1.2379133994995475, 6.011105928317994</corner2></bounds><pose><translation>-4.9933001867539115, -0.14684678667504902, -7.428870591536149</translation><rotation><c1>1, 0, 0</c1><c2>0, 1, 0</c2><c3>0, 0, 1</c3></rotation></pose><symmetry><x>twoFold</x><y>cylindrical</y><z>twoFold</z></symmetry><detectionScore>-1.0</detectionScore></element><element><id>33</id><category>table_and_chair</category><bounds><corner1>-1.8552661750140635, -0.3854556241827529, -2.1179249877581716</corner1><corner2>1.8552661750140635, 0.3854556241827529, 2.1179249877581716</corner2></bounds><pose><translation>-4.261081257268711, -1.0029634376557968, 1.319040462312729</translation><rotation><c1>1, 0, 0</c1><c2>0, 1, 0</c2><c3>0, 0, 1</c3></rotation></pose><symmetry><x>twoFold</x><y>cylindrical</y><z>twoFold</z></symmetry><detectionScore>-1.0</detectionScore></element><element><id>34</id><category>door</category><bounds><corner1>-2.61628731807817, -1.4396300524410184, -5.088115748712561</corner1><corner2>2.61628731807817, 1.4396300524410184, 5.088115748712561</corner2></bounds><pose><translation>-3.320525540396756, -0.17161609440691283, -6.495812145745355</translation><rotation><c1>1, 0, 0</c1><c2>0, 1, 0</c2><c3>0, 0, 1</c3></rotation></pose><symmetry><x>twoFold</x><y>cylindrical</y><z>twoFold</z></symmetry><detectionScore>-1.0</detectionScore></element></elements></scene>