<?xml version='1.0' encoding='utf-8'?>
<scene xmlns:sumo="https://www.sumochallenge.org"><version>2.0</version><categories><id>fb_categories_v1.0</id><url>https://sumochallenge.org/en/categories-1_0.json</url></categories><project_type>bounding_box</project_type><elements><element><id>6</id><category>wall</category><bounds><corner1>-0.91114742, -1.2215406 , -0.4825349 </corner1><corner2>0.91114742, 1.2215406 , 0.4825349 </corner2></bounds><pose><translation> 0.45137111, -0.15375068, -5.17189207</translation><rotation><c1>1., 0., 0.</c1><c2>0., 1., 0.</c2><c3>0., 0., 1.</c3></rotation></pose><symmetry><x>none</x><y>none</y><z>none</z></symmetry><detectionScore>-1</detectionScore></element><element><id>7</id><category>kitchen_cabinet</category><bounds><corner1>-0.05659638, -0.88380127, -0.54399546</corner1><corner2>0.05659638, 0.88380127, 0.54399546</corner2></bounds><pose><translation>-0.74379847, -0.44975105, -1.76397977</translation><rotation><c1>1., 0., 0.</c1><c2>0., 1., 0.</c2><c3>0., 0., 1.</c3></rotation></pose><symmetry><x>none</x><y>none</y><z>none</z></symmetry><detectionScore>-1</detectionScore></element><element><id>5</id><category>kettle</category><bounds><corner1>-0.05200313, -0.1361409 , -0.14810651</corner1><corner2>0.05200313, 0.1361409 , 0.14810651</corner2></bounds><pose><translation>-0.9600052 , -0.60085876, -0.08581586</translation><rotation><c1>1., 0., 0.</c1><c2>0., 1., 0.</c2><c3>0., 0., 1.</c3></rotation></pose><symmetry><x>none</x><y>none</y><z>none</z></symmetry><detectionScore>-1</detectionScore></element><element><id>3</id><category>window</category><bounds><corner1>-0.15610594, -0.8767593 , -0.98649275</corner1><corner2>0.15610594, 0.8767593 , 0.98649275</corner2></bounds><pose><translation> 7.0883418 ,  0.20038666, -3.04456004</translation><rotation><c1>1., 0., 0.</c1><c2>0., 1., 0.</c2><c3>0., 0., 1.</c3></rotation></pose><symmetry><x>none</x><y>none</y><z>none</z></symmetry><detectionScore>-1</detectionScore></element><element><id>9</id><category>wall</category><bounds><corner1>-0.19057637, -1.18808722, -2.34262566</corner1><corner2>0.19057637, 1.18808722, 2.34262566</corner2></bounds><pose><translation> 7.01879279, -0.06185945, -1.89362901</translation><rotation><c1>1., 0., 0.</c1><c2>0., 1., 0.</c2><c3>0., 0., 1.</c3></rotation></pose><symmetry><x>none</x><y>none</y><z>none</z></symmetry><detectionScore>-1</detectionScore></element><element><id>10</id><category>wall</category><bounds><corner1>-0.90514928, -1.20957924, -1.52986531</corner1><corner2>0.90514928, 1.20957924, 1.52986531</corner2></bounds><pose><translation> 1.99362054, -0.04234422, -4.73869227</translation><rotation><c1>1., 0., 0.</c1><c2>0., 1., 0.</c2><c3>0., 0., 1.</c3></rotation></pose><symmetry><x>none</x><y>none</y><z>none</z></symmetry><detectionScore>-1</detectionScore></element><element><id>4</id><category>chair</category><bounds><corner1>-1.63520895, -0.57161938, -0.37168371</corner1><corner2>1.63520895, 0.57161938, 0.37168371</corner2></bounds><pose><translation> 5.53944491, -0.99673973, -2.90316908</translation><rotation><c1>1., 0., 0.</c1><c2>0., 1., 0.</c2><c3>0., 0., 1.</c3></rotation></pose><symmetry><x>none</x><y>none</y><z>none</z></symmetry><detectionScore>-1</detectionScore></element><element><id>2</id><category>chandelier</category><bounds><corner1>-0.38429916, -0.07563675, -0.78565514</corner1><corner2>0.38429916, 0.07563675, 0.78565514</corner2></bounds><pose><translation> 2.58452441,  1.12944373, -4.19085204</translation><rotation><c1>1., 0., 0.</c1><c2>0., 1., 0.</c2><c3>0., 0., 1.</c3></rotation></pose><symmetry><x>none</x><y>none</y><z>none</z></symmetry><detectionScore>-1</detectionScore></element><element><id>1</id><category>chandelier</category><bounds><corner1>-0.80649144, -0.32961221, -0.55493316</corner1><corner2>0.80649144, 0.32961221, 0.55493316</corner2></bounds><pose><translation> 6.40698203,  0.86616852, -3.58150151</translation><rotation><c1>1., 0., 0.</c1><c2>0., 1., 0.</c2><c3>0., 0., 1.</c3></rotation></pose><symmetry><x>none</x><y>none</y><z>none</z></symmetry><detectionScore>-1</detectionScore></element><element><id>8</id><category>chair</category><bounds><corner1>-1.52623993, -0.57591231, -0.32435917</corner1><corner2>1.52623993, 0.57591231, 0.32435917</corner2></bounds><pose><translation> 4.96055912, -0.94827086, -3.77015756</translation><rotation><c1>1., 0., 0.</c1><c2>0., 1., 0.</c2><c3>0., 0., 1.</c3></rotation></pose><symmetry><x>none</x><y>none</y><z>none</z></symmetry><detectionScore>-1</detectionScore></element></elements></scene>