<?xml version='1.0' encoding='utf-8'?>
<scene xmlns:sumo="https://www.sumochallenge.org"><version>2.0</version><categories><id>fb_categories_v1.0</id><url>https://sumochallenge.org/en/categories-1_0.json</url></categories><project_type>bounding_box</project_type><elements><element><id>30</id><category>refrigerator</category><bounds><corner1> 1.21460592, -1.45468022,  2.61084094</corner1><corner2>2.13333738, 0.53264316, 3.17581041</corner2></bounds><pose><translation>0., 0., 0.</translation><rotation><c1>1., 0., 0.</c1><c2>0., 1., 0.</c2><c3>0., 0., 1.</c3></rotation></pose><symmetry><x>none</x><y>none</y><z>none</z></symmetry><detectionScore>-1</detectionScore></element><element><id>25</id><category>tv_stand</category><bounds><corner1>-1.62795172, -1.10486166, -0.90101193</corner1><corner2>0.        , 0.07978007, 0.68302923</corner2></bounds><pose><translation>0., 0., 0.</translation><rotation><c1>1., 0., 0.</c1><c2>0., 1., 0.</c2><c3>0., 0., 1.</c3></rotation></pose><symmetry><x>none</x><y>none</y><z>none</z></symmetry><detectionScore>-1</detectionScore></element><element><id>18</id><category>door</category><bounds><corner1>-1.70693469, -1.1023006 ,  0.        </corner1><corner2>0.        , 0.67776674, 1.47781041</corner2></bounds><pose><translation>0., 0., 0.</translation><rotation><c1>1., 0., 0.</c1><c2>0., 1., 0.</c2><c3>0., 0., 1.</c3></rotation></pose><symmetry><x>none</x><y>none</y><z>none</z></symmetry><detectionScore>-1</detectionScore></element><element><id>21</id><category>shelving</category><bounds><corner1>-1.62999255, -0.25474988, -1.24140189</corner1><corner2>0.        , 0.25420801, 0.6734583 </corner2></bounds><pose><translation>0., 0., 0.</translation><rotation><c1>1., 0., 0.</c1><c2>0., 1., 0.</c2><c3>0., 0., 1.</c3></rotation></pose><symmetry><x>none</x><y>none</y><z>none</z></symmetry><detectionScore>-1</detectionScore></element><element><id>19</id><category>wall</category><bounds><corner1>-0.68571275, -1.19191627,  1.76389147</corner1><corner2>1.88205884, 1.18807384, 3.3888907 </corner2></bounds><pose><translation>0., 0., 0.</translation><rotation><c1>1., 0., 0.</c1><c2>0., 1., 0.</c2><c3>0., 0., 1.</c3></rotation></pose><symmetry><x>none</x><y>none</y><z>none</z></symmetry><detectionScore>-1</detectionScore></element><element><id>17</id><category>dining_table</category><bounds><corner1> 1.95396193, -1.47449948,  0.73038979</corner1><corner2> 3.34167592, -0.62939633,  2.43341677</corner2></bounds><pose><translation>0., 0., 0.</translation><rotation><c1>1., 0., 0.</c1><c2>0., 1., 0.</c2><c3>0., 0., 1.</c3></rotation></pose><symmetry><x>none</x><y>none</y><z>none</z></symmetry><detectionScore>-1</detectionScore></element><element><id>31</id><category>candle</category><bounds><corner1>-1.63007392,  0.24987738, -0.34820122</corner1><corner2>-1.19896525,  0.99098246, -0.02961787</corner2></bounds><pose><translation>0., 0., 0.</translation><rotation><c1>1., 0., 0.</c1><c2>0., 1., 0.</c2><c3>0., 0., 1.</c3></rotation></pose><symmetry><x>none</x><y>none</y><z>none</z></symmetry><detectionScore>-1</detectionScore></element><element><id>6</id><category>television</category><bounds><corner1>-1.47903942, -1.00407383, -0.56345055</corner1><corner2>-1.34396767, -0.29638192,  0.49803294</corner2></bounds><pose><translation>0., 0., 0.</translation><rotation><c1>1., 0., 0.</c1><c2>0., 1., 0.</c2><c3>0., 0., 1.</c3></rotation></pose><symmetry><x>none</x><y>none</y><z>none</z></symmetry><detectionScore>-1</detectionScore></element><element><id>8</id><category>kitchen_cabinet</category><bounds><corner1>-0.50336782, -1.45646497,  1.70492378</corner1><corner2> 0.77077025, -0.55196022,  3.35516087</corner2></bounds><pose><translation>0., 0., 0.</translation><rotation><c1>1., 0., 0.</c1><c2>0., 1., 0.</c2><c3>0., 0., 1.</c3></rotation></pose><symmetry><x>none</x><y>none</y><z>none</z></symmetry><detectionScore>-1</detectionScore></element><element><id>7</id><category>coffee_table</category><bounds><corner1> 1.90500033, -1.47077248,  0.5208459 </corner1><corner2> 3.33917205, -0.64548924,  2.36953892</corner2></bounds><pose><translation>0., 0., 0.</translation><rotation><c1>1., 0., 0.</c1><c2>0., 1., 0.</c2><c3>0., 0., 1.</c3></rotation></pose><symmetry><x>none</x><y>none</y><z>none</z></symmetry><detectionScore>-1</detectionScore></element><element><id>16</id><category>wall</category><bounds><corner1> 1.95109651, -1.21341286, -0.97418182</corner1><corner2>3.35406764, 1.19027351, 1.87782755</corner2></bounds><pose><translation>0., 0., 0.</translation><rotation><c1>1., 0., 0.</c1><c2>0., 1., 0.</c2><c3>0., 0., 1.</c3></rotation></pose><symmetry><x>none</x><y>none</y><z>none</z></symmetry><detectionScore>-1</detectionScore></element><element><id>10</id><category>vase</category><bounds><corner1>-1.62293326, -1.00331442, -0.9078539 </corner1><corner2>-1.28196603, -0.4487616 , -0.5561545 </corner2></bounds><pose><translation>0., 0., 0.</translation><rotation><c1>1., 0., 0.</c1><c2>0., 1., 0.</c2><c3>0., 0., 1.</c3></rotation></pose><symmetry><x>none</x><y>none</y><z>none</z></symmetry><detectionScore>-1</detectionScore></element><element><id>26</id><category>wall</category><bounds><corner1>-0.73197508, -1.302327  ,  1.60113702</corner1><corner2>-0.36733816,  1.20554331,  3.17992764</corner2></bounds><pose><translation>0., 0., 0.</translation><rotation><c1>1., 0., 0.</c1><c2>0., 1., 0.</c2><c3>0., 0., 1.</c3></rotation></pose><symmetry><x>none</x><y>none</y><z>none</z></symmetry><detectionScore>-1</detectionScore></element><element><id>22</id><category>sofa</category><bounds><corner1> 1.79895393, -1.470651  ,  0.40408634</corner1><corner2> 3.32920253, -0.58430497,  1.67142091</corner2></bounds><pose><translation>0., 0., 0.</translation><rotation><c1>1., 0., 0.</c1><c2>0., 1., 0.</c2><c3>0., 0., 1.</c3></rotation></pose><symmetry><x>none</x><y>none</y><z>none</z></symmetry><detectionScore>-1</detectionScore></element><element><id>23</id><category>curtain</category><bounds><corner1>-0.91926614, -1.20066371, -1.51703685</corner1><corner2> 1.29615262,  1.00519248, -0.64898632</corner2></bounds><pose><translation>0., 0., 0.</translation><rotation><c1>1., 0., 0.</c1><c2>0., 1., 0.</c2><c3>0., 0., 1.</c3></rotation></pose><symmetry><x>none</x><y>none</y><z>none</z></symmetry><detectionScore>-1</detectionScore></element><element><id>11</id><category>chair</category><bounds><corner1> 1.9790308 , -1.19387161,  0.51581685</corner1><corner2> 3.25105017, -0.51526786,  1.47210759</corner2></bounds><pose><translation>0., 0., 0.</translation><rotation><c1>1., 0., 0.</c1><c2>0., 1., 0.</c2><c3>0., 0., 1.</c3></rotation></pose><symmetry><x>none</x><y>none</y><z>none</z></symmetry><detectionScore>-1</detectionScore></element><element><id>2</id><category>kitchen_cabinet</category><bounds><corner1>-0.70598006, -1.45694431,  1.68595802</corner1><corner2>-0.0887334 , -0.51786408,  2.67207958</corner2></bounds><pose><translation>0., 0., 0.</translation><rotation><c1>1., 0., 0.</c1><c2>0., 1., 0.</c2><c3>0., 0., 1.</c3></rotation></pose><symmetry><x>none</x><y>none</y><z>none</z></symmetry><detectionScore>-1</detectionScore></element><element><id>14</id><category>sofa</category><bounds><corner1> 0.87997925, -1.46889242, -1.04818416</corner1><corner2> 3.10196546, -0.54118062,  1.31876839</corner2></bounds><pose><translation>0., 0., 0.</translation><rotation><c1>1., 0., 0.</c1><c2>0., 1., 0.</c2><c3>0., 0., 1.</c3></rotation></pose><symmetry><x>none</x><y>none</y><z>none</z></symmetry><detectionScore>-1</detectionScore></element><element><id>9</id><category>wall</category><bounds><corner1> 2.35206323, -1.26681083,  1.38061518</corner1><corner2>3.3971814 , 1.19222787, 2.38367563</corner2></bounds><pose><translation>0., 0., 0.</translation><rotation><c1>1., 0., 0.</c1><c2>0., 1., 0.</c2><c3>0., 0., 1.</c3></rotation></pose><symmetry><x>none</x><y>none</y><z>none</z></symmetry><detectionScore>-1</detectionScore></element><element><id>20</id><category>office_chair</category><bounds><corner1> 0.25947722, -0.76275244, -1.47900353</corner1><corner2> 1.14726436, -0.21169851, -0.62499312</corner2></bounds><pose><translation>0., 0., 0.</translation><rotation><c1>1., 0., 0.</c1><c2>0., 1., 0.</c2><c3>0., 0., 1.</c3></rotation></pose><symmetry><x>none</x><y>none</y><z>none</z></symmetry><detectionScore>-1</detectionScore></element><element><id>5</id><category>trash_can</category><bounds><corner1> 1.17017494, -1.45296437,  2.61079457</corner1><corner2> 2.13281296, -0.85466636,  2.88318721</corner2></bounds><pose><translation>0., 0., 0.</translation><rotation><c1>1., 0., 0.</c1><c2>0., 1., 0.</c2><c3>0., 0., 1.</c3></rotation></pose><symmetry><x>none</x><y>none</y><z>none</z></symmetry><detectionScore>-1</detectionScore></element><element><id>24</id><category>tv_stand</category><bounds><corner1>-1.60404452, -1.16836442, -0.78305196</corner1><corner2>0.        , 0.        , 0.69633407</corner2></bounds><pose><translation>0., 0., 0.</translation><rotation><c1>1., 0., 0.</c1><c2>0., 1., 0.</c2><c3>0., 0., 1.</c3></rotation></pose><symmetry><x>none</x><y>none</y><z>none</z></symmetry><detectionScore>-1</detectionScore></element><element><id>12</id><category>plant</category><bounds><corner1>-1.62997379,  0.        , -0.07035423</corner1><corner2>0.        , 1.18938618, 0.75371622</corner2></bounds><pose><translation>0., 0., 0.</translation><rotation><c1>1., 0., 0.</c1><c2>0., 1., 0.</c2><c3>0., 0., 1.</c3></rotation></pose><symmetry><x>none</x><y>none</y><z>none</z></symmetry><detectionScore>-1</detectionScore></element><element><id>29</id><category>pedestal_fan</category><bounds><corner1>-0.30805315, -1.45508805, -1.52607445</corner1><corner2> 0.22326842, -0.35359865, -1.0840002 </corner2></bounds><pose><translation>0., 0., 0.</translation><rotation><c1>1., 0., 0.</c1><c2>0., 1., 0.</c2><c3>0., 0., 1.</c3></rotation></pose><symmetry><x>none</x><y>none</y><z>none</z></symmetry><detectionScore>-1</detectionScore></element><element><id>15</id><category>wall</category><bounds><corner1>-1.54195626, -1.39412367,  1.57202208</corner1><corner2>-0.67847999,  1.19260794,  1.79904856</corner2></bounds><pose><translation>0., 0., 0.</translation><rotation><c1>1., 0., 0.</c1><c2>0., 1., 0.</c2><c3>0., 0., 1.</c3></rotation></pose><symmetry><x>none</x><y>none</y><z>none</z></symmetry><detectionScore>-1</detectionScore></element><element><id>4</id><category>chair</category><bounds><corner1> 2.29313396, -1.4730351 ,  1.61779623</corner1><corner2> 3.12887115, -0.41859939,  2.6107217 </corner2></bounds><pose><translation>0., 0., 0.</translation><rotation><c1>1., 0., 0.</c1><c2>0., 1., 0.</c2><c3>0., 0., 1.</c3></rotation></pose><symmetry><x>none</x><y>none</y><z>none</z></symmetry><detectionScore>-1</detectionScore></element><element><id>1</id><category>computer</category><bounds><corner1> 0.2751544 , -0.71153184, -1.49094984</corner1><corner2> 1.07520792, -0.09618112, -1.08602913</corner2></bounds><pose><translation>0., 0., 0.</translation><rotation><c1>1., 0., 0.</c1><c2>0., 1., 0.</c2><c3>0., 0., 1.</c3></rotation></pose><symmetry><x>none</x><y>none</y><z>none</z></symmetry><detectionScore>-1</detectionScore></element><element><id>28</id><category>wall</category><bounds><corner1> 0.77198543, -0.90580434, -1.07217689</corner1><corner2> 2.1501095 ,  1.19895855, -0.47416638</corner2></bounds><pose><translation>0., 0., 0.</translation><rotation><c1>1., 0., 0.</c1><c2>0., 1., 0.</c2><c3>0., 0., 1.</c3></rotation></pose><symmetry><x>none</x><y>none</y><z>none</z></symmetry><detectionScore>-1</detectionScore></element><element><id>3</id><category>window</category><bounds><corner1>-0.75325759, -0.68528223, -1.51894261</corner1><corner2> 1.06145605,  0.75265717, -1.12300616</corner2></bounds><pose><translation>0., 0., 0.</translation><rotation><c1>1., 0., 0.</c1><c2>0., 1., 0.</c2><c3>0., 0., 1.</c3></rotation></pose><symmetry><x>none</x><y>none</y><z>none</z></symmetry><detectionScore>-1</detectionScore></element><element><id>27</id><category>kitchen_cabinet</category><bounds><corner1> 0.4017496 , -1.32470096,  2.74601699</corner1><corner2> 1.40430264, -0.63545866,  3.24098138</corner2></bounds><pose><translation>0., 0., 0.</translation><rotation><c1>1., 0., 0.</c1><c2>0., 1., 0.</c2><c3>0., 0., 1.</c3></rotation></pose><symmetry><x>none</x><y>none</y><z>none</z></symmetry><detectionScore>-1</detectionScore></element><element><id>13</id><category>books</category><bounds><corner1>-1.60906004, -0.05633946, -1.3521407 </corner1><corner2>-1.19001669,  0.24756859, -0.87685792</corner2></bounds><pose><translation>0., 0., 0.</translation><rotation><c1>1., 0., 0.</c1><c2>0., 1., 0.</c2><c3>0., 0., 1.</c3></rotation></pose><symmetry><x>none</x><y>none</y><z>none</z></symmetry><detectionScore>-1</detectionScore></element></elements></scene>