<?xml version='1.0' encoding='utf-8'?>
<scene xmlns:sumo="https://www.sumochallenge.org"><version>2.0</version><categories><id>fb_categories_v1_0</id><url>https://sumochallenge.org/en/categories-1_0.json</url></categories><project_type>bounding_box</project_type><elements><element><id>0</id><category>picture_frame</category><bounds><corner1>-0.5322395729376155, -0.07419888148604903, -0.5431002769918677</corner1><corner2>0.5322395729376155, 0.07419888148604903, 0.5431002769918677</corner2></bounds><pose><translation>1.8533954831341142, -3.8478719876903487, 0.6416409654225549</translation><rotation><c1>0, 0, 0</c1><c2>0, 0, 0</c2><c3>0, 0, 0</c3></rotation></pose><symmetry><x>twoFold</x><y>cylindrical</y><z>twoFold</z></symmetry><detectionScore>-1.0</detectionScore></element><element><id>1</id><category>window</category><bounds><corner1>-0.5783031864741006, -1.6183809893777754, -1.1669707735803099</corner1><corner2>0.5783031864741006, 1.6183809893777754, 1.1669707735803099</corner2></bounds><pose><translation>-4.451000472674068, -0.8068260631919448, -0.030010160344312593</translation><rotation><c1>0, 0, 0</c1><c2>0, 0, 0</c2><c3>0, 0, 0</c3></rotation></pose><symmetry><x>twoFold</x><y>cylindrical</y><z>twoFold</z></symmetry><detectionScore>-1.0</detectionScore></element><element><id>2</id><category>wall</category><bounds><corner1>-4.56904073300886, -2.6208083693056095, -1.3157587182431563</corner1><corner2>4.56904073300886, 2.6208083693056095, 1.3157587182431563</corner2></bounds><pose><translation>10.462059663181805, -1.144877639701463, -0.06200227714256268</translation><rotation><c1>0, 0, 0</c1><c2>0, 0, 0</c2><c3>0, 0, 0</c3></rotation></pose><symmetry><x>twoFold</x><y>cylindrical</y><z>twoFold</z></symmetry><detectionScore>-1.0</detectionScore></element><element><id>3</id><category>ottoman</category><bounds><corner1>-0.2837252022472594, -0.8729673897697183, -0.30123216581255485</corner1><corner2>0.2837252022472594, 0.8729673897697183, 0.30123216581255485</corner2></bounds><pose><translation>-3.3795876745970634, 0.849067191929705, -1.290340638004906</translation><rotation><c1>0, 0, 0</c1><c2>0, 0, 0</c2><c3>0, 0, 0</c3></rotation></pose><symmetry><x>twoFold</x><y>cylindrical</y><z>twoFold</z></symmetry><detectionScore>-1.0</detectionScore></element><element><id>4</id><category>door</category><bounds><corner1>-3.01950596727609, -0.2618176462377839, -1.6223189980947865</corner1><corner2>3.01950596727609, 0.2618176462377839, 1.6223189980947865</corner2></bounds><pose><translation>5.356674202522872, 1.4649783469800177, -0.41552033344752787</translation><rotation><c1>0, 0, 0</c1><c2>0, 0, 0</c2><c3>0, 0, 0</c3></rotation></pose><symmetry><x>twoFold</x><y>cylindrical</y><z>twoFold</z></symmetry><detectionScore>-1.0</detectionScore></element><element><id>5</id><category>wall</category><bounds><corner1>-1.7639884222159798, -9.199519091854356, -1.3533407785334817</corner1><corner2>1.7639884222159798, 9.199519091854356, 1.3533407785334817</corner2></bounds><pose><translation>-0.8750360741140472, -13.079840017591522, -0.151055551087192</translation><rotation><c1>0, 0, 0</c1><c2>0, 0, 0</c2><c3>0, 0, 0</c3></rotation></pose><symmetry><x>twoFold</x><y>cylindrical</y><z>twoFold</z></symmetry><detectionScore>-1.0</detectionScore></element><element><id>6</id><category>sofa</category><bounds><corner1>-0.46085938730196174, -0.786007197924306, -0.5408482387357837</corner1><corner2>0.46085938730196174, 0.786007197924306, 0.5408482387357837</corner2></bounds><pose><translation>-3.551095560128251, 0.944963877402027, -1.2047842858419195</translation><rotation><c1>0, 0, 0</c1><c2>0, 0, 0</c2><c3>0, 0, 0</c3></rotation></pose><symmetry><x>twoFold</x><y>cylindrical</y><z>twoFold</z></symmetry><detectionScore>-1.0</detectionScore></element><element><id>7</id><category>dresser</category><bounds><corner1>-0.1420060906540006, -1.2436604467623114, -0.34490344937508377</corner1><corner2>0.1420060906540006, 1.2436604467623114, 0.34490344937508377</corner2></bounds><pose><translation>-3.983491419156093, -0.7964476950851368, -1.1475529589700129</translation><rotation><c1>0, 0, 0</c1><c2>0, 0, 0</c2><c3>0, 0, 0</c3></rotation></pose><symmetry><x>twoFold</x><y>cylindrical</y><z>twoFold</z></symmetry><detectionScore>-1.0</detectionScore></element><element><id>8</id><category>door</category><bounds><corner1>-1.0661057607465279, -2.127813356807973, -1.5317747614868804</corner1><corner2>1.0661057607465279, 2.127813356807973, 1.5317747614868804</corner2></bounds><pose><translation>-0.0734435993695395, 1.9443479712475582, -0.23876831199225204</translation><rotation><c1>0, 0, 0</c1><c2>0, 0, 0</c2><c3>0, 0, 0</c3></rotation></pose><symmetry><x>twoFold</x><y>cylindrical</y><z>twoFold</z></symmetry><detectionScore>-1.0</detectionScore></element><element><id>9</id><category>chair</category><bounds><corner1>-2.2907491790414567, -0.3719171607624826, -0.5165279859091404</corner1><corner2>2.2907491790414567, 0.3719171607624826, 0.5165279859091404</corner2></bounds><pose><translation>2.184712084044675, -0.46510549990961103, -1.1748925052005186</translation><rotation><c1>0, 0, 0</c1><c2>0, 0, 0</c2><c3>0, 0, 0</c3></rotation></pose><symmetry><x>twoFold</x><y>cylindrical</y><z>twoFold</z></symmetry><detectionScore>-1.0</detectionScore></element><element><id>10</id><category>curtain</category><bounds><corner1>-0.5702710262764277, -1.8171969215959867, -1.353928927025394</corner1><corner2>0.5702710262764277, 1.8171969215959867, 1.353928927025394</corner2></bounds><pose><translation>-4.415786371980012, -0.9396247978552004, -0.03994782993274511</translation><rotation><c1>0, 0, 0</c1><c2>0, 0, 0</c2><c3>0, 0, 0</c3></rotation></pose><symmetry><x>twoFold</x><y>cylindrical</y><z>twoFold</z></symmetry><detectionScore>-1.0</detectionScore></element><element><id>11</id><category>armchair</category><bounds><corner1>-0.6395484581291115, -0.704560404877201, -0.6496360131682095</corner1><corner2>0.6395484581291115, 0.704560404877201, 0.6496360131682095</corner2></bounds><pose><translation>-3.6878317997607173, -2.74698204892713, -1.1492216093366245</translation><rotation><c1>0, 0, 0</c1><c2>0, 0, 0</c2><c3>0, 0, 0</c3></rotation></pose><symmetry><x>twoFold</x><y>cylindrical</y><z>twoFold</z></symmetry><detectionScore>-1.0</detectionScore></element><element><id>12</id><category>chair</category><bounds><corner1>-4.261215600379811, -0.3993635131578327, -0.34529229383521676</corner1><corner2>4.261215600379811, 0.3993635131578327, 0.34529229383521676</corner2></bounds><pose><translation>1.6854994988267233, -1.2185112861746477, -0.9436102062568573</translation><rotation><c1>0, 0, 0</c1><c2>0, 0, 0</c2><c3>0, 0, 0</c3></rotation></pose><symmetry><x>twoFold</x><y>cylindrical</y><z>twoFold</z></symmetry><detectionScore>-1.0</detectionScore></element><element><id>13</id><category>wall</category><bounds><corner1>-2.45273143779508, -0.11739470135897445, -1.4989322106016132</corner1><corner2>2.45273143779508, 0.11739470135897445, 1.4989322106016132</corner2></bounds><pose><translation>4.759850383963831, 1.6533560375867982, -0.14361927321086884</translation><rotation><c1>0, 0, 0</c1><c2>0, 0, 0</c2><c3>0, 0, 0</c3></rotation></pose><symmetry><x>twoFold</x><y>cylindrical</y><z>twoFold</z></symmetry><detectionScore>-1.0</detectionScore></element><element><id>14</id><category>chair</category><bounds><corner1>-4.3099455794606, -0.9999025736262019, -0.2642906816847075</corner1><corner2>4.3099455794606, 0.9999025736262019, 0.2642906816847075</corner2></bounds><pose><translation>2.2885856707533083, -2.0140361655176164, -0.8098754597393121</translation><rotation><c1>0, 0, 0</c1><c2>0, 0, 0</c2><c3>0, 0, 0</c3></rotation></pose><symmetry><x>twoFold</x><y>cylindrical</y><z>twoFold</z></symmetry><detectionScore>-1.0</detectionScore></element><element><id>15</id><category>chair</category><bounds><corner1>-1.989384927513853, -0.4561513583656753, -0.20435193444314204</corner1><corner2>1.989384927513853, 0.4561513583656753, 0.20435193444314204</corner2></bounds><pose><translation>2.7093365158765184, -0.5408199062198313, -0.8512087719639329</translation><rotation><c1>0, 0, 0</c1><c2>0, 0, 0</c2><c3>0, 0, 0</c3></rotation></pose><symmetry><x>twoFold</x><y>cylindrical</y><z>twoFold</z></symmetry><detectionScore>-1.0</detectionScore></element><element><id>16</id><category>fence</category><bounds><corner1>-6.431515903555571, -1.776189341489956, -1.0508657233752015</corner1><corner2>6.431515903555571, 1.776189341489956, 1.0508657233752015</corner2></bounds><pose><translation>6.5352443187084805, -3.743153821759069, -0.5110613086492043</translation><rotation><c1>0, 0, 0</c1><c2>0, 0, 0</c2><c3>0, 0, 0</c3></rotation></pose><symmetry><x>twoFold</x><y>cylindrical</y><z>twoFold</z></symmetry><detectionScore>-1.0</detectionScore></element><element><id>17</id><category>table_and_chair</category><bounds><corner1>-1.3385946198588248, -1.529719445265009, -0.695086558465777</corner1><corner2>1.3385946198588248, 1.529719445265009, 0.695086558465777</corner2></bounds><pose><translation>-2.1406555026447585, -8.490331830268552, -1.2805279443108342</translation><rotation><c1>0, 0, 0</c1><c2>0, 0, 0</c2><c3>0, 0, 0</c3></rotation></pose><symmetry><x>twoFold</x><y>cylindrical</y><z>twoFold</z></symmetry><detectionScore>-1.0</detectionScore></element><element><id>18</id><category>plant</category><bounds><corner1>-0.36348422559643323, -0.8766201078564948, -1.1929208874499757</corner1><corner2>0.36348422559643323, 0.8766201078564948, 1.1929208874499757</corner2></bounds><pose><translation>-1.510942135073372, 0.9582975766817012, -0.3109265094551205</translation><rotation><c1>0, 0, 0</c1><c2>0, 0, 0</c2><c3>0, 0, 0</c3></rotation></pose><symmetry><x>twoFold</x><y>cylindrical</y><z>twoFold</z></symmetry><detectionScore>-1.0</detectionScore></element><element><id>19</id><category>window</category><bounds><corner1>-1.3077696161260133, -1.3100061437937538, -0.9920311392612525</corner1><corner2>1.3077696161260133, 1.3100061437937538, 0.9920311392612525</corner2></bounds><pose><translation>-4.294947885383441, -5.053847529445891, -0.014745858705535665</translation><rotation><c1>0, 0, 0</c1><c2>0, 0, 0</c2><c3>0, 0, 0</c3></rotation></pose><symmetry><x>twoFold</x><y>cylindrical</y><z>twoFold</z></symmetry><detectionScore>-1.0</detectionScore></element><element><id>20</id><category>plant</category><bounds><corner1>-6.313120615704217, -3.748452711788703, -0.940538975447119</corner1><corner2>6.313120615704217, 3.748452711788703, 0.940538975447119</corner2></bounds><pose><translation>6.6124852986171065, -3.748452711788703, 0.3988741146460868</translation><rotation><c1>0, 0, 0</c1><c2>0, 0, 0</c2><c3>0, 0, 0</c3></rotation></pose><symmetry><x>twoFold</x><y>cylindrical</y><z>twoFold</z></symmetry><detectionScore>-1.0</detectionScore></element><element><id>21</id><category>plant</category><bounds><corner1>-0.34675758889743336, -2.149409916704136, -0.4570673546387425</corner1><corner2>0.34675758889743336, 2.149409916704136, 0.4570673546387425</corner2></bounds><pose><translation>0.6696049064709729, 1.9488494540725239, -0.7626674313748377</translation><rotation><c1>0, 0, 0</c1><c2>0, 0, 0</c2><c3>0, 0, 0</c3></rotation></pose><symmetry><x>twoFold</x><y>cylindrical</y><z>twoFold</z></symmetry><detectionScore>-1.0</detectionScore></element><element><id>22</id><category>door</category><bounds><corner1>-1.3540480644679107, -0.08219065138042803, -1.5581300237956612</corner1><corner2>1.3540480644679107, 0.08219065138042803, 1.5581300237956612</corner2></bounds><pose><translation>2.9570957650304734, 1.7805746335933001, -0.503345482578374</translation><rotation><c1>0, 0, 0</c1><c2>0, 0, 0</c2><c3>0, 0, 0</c3></rotation></pose><symmetry><x>twoFold</x><y>cylindrical</y><z>twoFold</z></symmetry><detectionScore>-1.0</detectionScore></element><element><id>23</id><category>wall</category><bounds><corner1>-2.728814382247692, -2.3336200220072287, -1.3563303491571042</corner1><corner2>2.728814382247692, 2.3336200220072287, 1.3563303491571042</corner2></bounds><pose><translation>-3.616468343460048, -9.32870371956211, -0.12082688740698787</translation><rotation><c1>0, 0, 0</c1><c2>0, 0, 0</c2><c3>0, 0, 0</c3></rotation></pose><symmetry><x>twoFold</x><y>cylindrical</y><z>twoFold</z></symmetry><detectionScore>-1.0</detectionScore></element><element><id>24</id><category>wall</category><bounds><corner1>-1.0143443937074748, -0.11233120308156863, -1.264878542286126</corner1><corner2>1.0143443937074748, 0.11233120308156863, 1.264878542286126</corner2></bounds><pose><translation>0.8903391050604905, -3.9348123991142225, -0.019143944851895668</translation><rotation><c1>0, 0, 0</c1><c2>0, 0, 0</c2><c3>0, 0, 0</c3></rotation></pose><symmetry><x>twoFold</x><y>cylindrical</y><z>twoFold</z></symmetry><detectionScore>-1.0</detectionScore></element><element><id>25</id><category>arch</category><bounds><corner1>-2.8432005266674594, -2.253379878084142, -1.3497561218859075</corner1><corner2>2.8432005266674594, 2.253379878084142, 1.3497561218859075</corner2></bounds><pose><translation>12.197539968532517, -1.2819299004030795, -0.15650885424751887</translation><rotation><c1>0, 0, 0</c1><c2>0, 0, 0</c2><c3>0, 0, 0</c3></rotation></pose><symmetry><x>twoFold</x><y>cylindrical</y><z>twoFold</z></symmetry><detectionScore>-1.0</detectionScore></element><element><id>26</id><category>tv_stand</category><bounds><corner1>-0.13702523460396776, -1.1986136447289892, -0.34625632450242916</corner1><corner2>0.13702523460396776, 1.1986136447289892, 0.34625632450242916</corner2></bounds><pose><translation>-3.978248854179009, -0.7821650447236219, -1.1432982461487327</translation><rotation><c1>0, 0, 0</c1><c2>0, 0, 0</c2><c3>0, 0, 0</c3></rotation></pose><symmetry><x>twoFold</x><y>cylindrical</y><z>twoFold</z></symmetry><detectionScore>-1.0</detectionScore></element><element><id>27</id><category>wall</category><bounds><corner1>-1.5134333300754679, -1.9708519549841377, -1.3831637091848723</corner1><corner2>1.5134333300754679, 1.9708519549841377, 1.3831637091848723</corner2></bounds><pose><translation>-4.250997402785644, -7.6910329330835, -0.10979235002821879</translation><rotation><c1>0, 0, 0</c1><c2>0, 0, 0</c2><c3>0, 0, 0</c3></rotation></pose><symmetry><x>twoFold</x><y>cylindrical</y><z>twoFold</z></symmetry><detectionScore>-1.0</detectionScore></element><element><id>28</id><category>armchair</category><bounds><corner1>-1.8507377161916425, -0.7782289603102354, -0.8634106757808419</corner1><corner2>1.8507377161916425, 0.7782289603102354, 0.8634106757808419</corner2></bounds><pose><translation>-3.641091993284946, 0.9584592410215994, -1.1909896859518454</translation><rotation><c1>0, 0, 0</c1><c2>0, 0, 0</c2><c3>0, 0, 0</c3></rotation></pose><symmetry><x>twoFold</x><y>cylindrical</y><z>twoFold</z></symmetry><detectionScore>-1.0</detectionScore></element><element><id>29</id><category>wall</category><bounds><corner1>-1.1964909863979223, -2.57703519253198, -1.5009397488979075</corner1><corner2>1.1964909863979223, 2.57703519253198, 1.5009397488979075</corner2></bounds><pose><translation>-4.39659951658331, -1.0265772015746608, -0.17306413198108117</translation><rotation><c1>0, 0, 0</c1><c2>0, 0, 0</c2><c3>0, 0, 0</c3></rotation></pose><symmetry><x>twoFold</x><y>cylindrical</y><z>twoFold</z></symmetry><detectionScore>-1.0</detectionScore></element><element><id>30</id><category>plant</category><bounds><corner1>-0.8028906380937166, -0.6833393616580983, -1.1692924373844371</corner1><corner2>0.8028906380937166, 0.6833393616580983, 1.1692924373844371</corner2></bounds><pose><translation>-4.293361857556052, -6.187154060206559, -0.5806560079604042</translation><rotation><c1>0, 0, 0</c1><c2>0, 0, 0</c2><c3>0, 0, 0</c3></rotation></pose><symmetry><x>twoFold</x><y>cylindrical</y><z>twoFold</z></symmetry><detectionScore>-1.0</detectionScore></element></elements></scene>