<?xml version='1.0' encoding='utf-8'?>
<scene xmlns:sumo="https://www.sumochallenge.org"><version>2.0</version><categories><id>fb_categories_v1.0</id><url>https://sumochallenge.org/en/categories-1_0.json</url></categories><project_type>bounding_box</project_type><elements><element><id>4</id><category>armchair</category><bounds><corner1>-1.09605465, -0.58369995, -1.97606374</corner1><corner2>1.09605465, 0.58369995, 1.97606374</corner2></bounds><pose><translation>-1.53334186, -1.2066085 , -3.02708426</translation><rotation><c1>1., 0., 0.</c1><c2>0., 1., 0.</c2><c3>0., 0., 1.</c3></rotation></pose><symmetry><x>none</x><y>none</y><z>none</z></symmetry><detectionScore>0.73313355</detectionScore></element><element><id>1</id><category>wall</category><bounds><corner1>-0.11092769, -1.19788331, -3.36348204</corner1><corner2>0.11092769, 1.19788331, 3.36348204</corner2></bounds><pose><translation> 6.68354731, -0.13707396, -1.71045416</translation><rotation><c1>1., 0., 0.</c1><c2>0., 1., 0.</c2><c3>0., 0., 1.</c3></rotation></pose><symmetry><x>none</x><y>twoFold</y><z>none</z></symmetry><detectionScore>0.97803247</detectionScore></element><element><id>5</id><category>plant</category><bounds><corner1>-0.55482876, -0.77769451, -0.59894394</corner1><corner2>0.55482876, 0.77769451, 0.59894394</corner2></bounds><pose><translation>-3.83100703, -1.02484069,  1.07990257</translation><rotation><c1>1., 0., 0.</c1><c2>0., 1., 0.</c2><c3>0., 0., 1.</c3></rotation></pose><symmetry><x>none</x><y>cylindrical</y><z>none</z></symmetry><detectionScore>0.9847066</detectionScore></element><element><id>3</id><category>door</category><bounds><corner1>-0.61530936, -1.20837715, -1.09302395</corner1><corner2>0.61530936, 1.20837715, 1.09302395</corner2></bounds><pose><translation>-4.03229945, -0.54215428, -2.41193924</translation><rotation><c1>1., 0., 0.</c1><c2>0., 1., 0.</c2><c3>0., 0., 1.</c3></rotation></pose><symmetry><x>twoFold</x><y>twoFold</y><z>twoFold</z></symmetry><detectionScore>0.8902418</detectionScore></element><element><id>2</id><category>window</category><bounds><corner1>-0.61310457, -0.90029549, -0.03888006</corner1><corner2>0.61310457, 0.90029549, 0.03888006</corner2></bounds><pose><translation>-2.3261384 ,  0.07150684,  1.709033  </translation><rotation><c1>1., 0., 0.</c1><c2>0., 1., 0.</c2><c3>0., 0., 1.</c3></rotation></pose><symmetry><x>none</x><y>twoFold</y><z>none</z></symmetry><detectionScore>0.97354364</detectionScore></element><element><id>7</id><category>books</category><bounds><corner1>-0.16843574, -0.08257977, -0.30999162</corner1><corner2>0.16843574, 0.08257977, 0.30999162</corner2></bounds><pose><translation>-0.42788192, -0.87266979,  1.35995386</translation><rotation><c1>1., 0., 0.</c1><c2>0., 1., 0.</c2><c3>0., 0., 1.</c3></rotation></pose><symmetry><x>twoFold</x><y>twoFold</y><z>twoFold</z></symmetry><detectionScore>0.9944431</detectionScore></element><element><id>6</id><category>wall</category><bounds><corner1>-3.33374896, -1.20538307, -0.42489894</corner1><corner2>3.33374896, 1.20538307, 0.42489894</corner2></bounds><pose><translation>-0.21673723, -0.07888983, -5.47744264</translation><rotation><c1>1., 0., 0.</c1><c2>0., 1., 0.</c2><c3>0., 0., 1.</c3></rotation></pose><symmetry><x>none</x><y>twoFold</y><z>none</z></symmetry><detectionScore>0.6711374</detectionScore></element></elements></scene>