<?xml version='1.0' encoding='utf-8'?>
<scene xmlns:sumo="https://www.sumochallenge.org"><version>2.0</version><categories><id>fb_categories_v1.0</id><url>https://sumochallenge.org/en/categories-1_0.json</url></categories><project_type>bounding_box</project_type><elements><element><id>7</id><category>kitchen_cabinet</category><bounds><corner1>-0.56294124, -0.0214628 , -0.47293153</corner1><corner2>0.56294124, 0.0214628 , 0.47293153</corner2></bounds><pose><translation> 1.10901096, -0.69633363,  0.08509288</translation><rotation><c1>1., 0., 0.</c1><c2>0., 1., 0.</c2><c3>0., 0., 1.</c3></rotation></pose><symmetry><x>none</x><y>none</y><z>none</z></symmetry><detectionScore>-1</detectionScore></element><element><id>4</id><category>coffee_machine</category><bounds><corner1>-0.40201216, -0.21072071, -0.14701927</corner1><corner2>0.40201216, 0.21072071, 0.14701927</corner2></bounds><pose><translation> 1.2949769 , -0.49027816, -0.68953796</translation><rotation><c1>1., 0., 0.</c1><c2>0., 1., 0.</c2><c3>0., 0., 1.</c3></rotation></pose><symmetry><x>none</x><y>none</y><z>none</z></symmetry><detectionScore>-1</detectionScore></element><element><id>2</id><category>wall</category><bounds><corner1>-1.85398869, -1.31723946, -0.91493052</corner1><corner2>1.85398869, 1.31723946, 0.91493052</corner2></bounds><pose><translation>-0.60969721, -0.17782006, -3.21485897</translation><rotation><c1>1., 0., 0.</c1><c2>0., 1., 0.</c2><c3>0., 0., 1.</c3></rotation></pose><symmetry><x>none</x><y>none</y><z>none</z></symmetry><detectionScore>-1</detectionScore></element><element><id>5</id><category>kitchen_cabinet</category><bounds><corner1>-0.50656419, -0.9462429 , -0.61700194</corner1><corner2>0.50656419, 0.9462429 , 0.61700194</corner2></bounds><pose><translation> 1.11616348, -0.46198025, -2.299909  </translation><rotation><c1>1., 0., 0.</c1><c2>0., 1., 0.</c2><c3>0., 0., 1.</c3></rotation></pose><symmetry><x>none</x><y>none</y><z>none</z></symmetry><detectionScore>-1</detectionScore></element><element><id>12</id><category>range_hood</category><bounds><corner1>-0.04901586, -0.52482878, -0.39921893</corner1><corner2>0.04901586, 0.52482878, 0.39921893</corner2></bounds><pose><translation>1.66693953, 0.47977047, 0.09385276</translation><rotation><c1>1., 0., 0.</c1><c2>0., 1., 0.</c2><c3>0., 0., 1.</c3></rotation></pose><symmetry><x>none</x><y>none</y><z>none</z></symmetry><detectionScore>-1</detectionScore></element><element><id>11</id><category>water_dispenser</category><bounds><corner1>-0.2442825 , -0.55788302, -0.31996528</corner1><corner2>0.2442825 , 0.55788302, 0.31996528</corner2></bounds><pose><translation> 0.17668934, -0.64896939,  1.46600923</translation><rotation><c1>1., 0., 0.</c1><c2>0., 1., 0.</c2><c3>0., 0., 1.</c3></rotation></pose><symmetry><x>none</x><y>none</y><z>none</z></symmetry><detectionScore>-1</detectionScore></element><element><id>10</id><category>door</category><bounds><corner1>-0.60090091, -1.10819872, -0.34370658</corner1><corner2>0.60090091, 1.10819872, 0.34370658</corner2></bounds><pose><translation>-0.6476572 , -0.48865491, -3.49771246</translation><rotation><c1>1., 0., 0.</c1><c2>0., 1., 0.</c2><c3>0., 0., 1.</c3></rotation></pose><symmetry><x>none</x><y>none</y><z>none</z></symmetry><detectionScore>-1</detectionScore></element><element><id>6</id><category>floor</category><bounds><corner1>-1.27676661, -0.42313518, -1.04071812</corner1><corner2>1.27676661, 0.42313518, 1.04071812</corner2></bounds><pose><translation>-0.00936607, -0.9285839 , -3.22181067</translation><rotation><c1>1., 0., 0.</c1><c2>0., 1., 0.</c2><c3>0., 0., 1.</c3></rotation></pose><symmetry><x>none</x><y>none</y><z>none</z></symmetry><detectionScore>-1</detectionScore></element><element><id>13</id><category>kitchen_cabinet</category><bounds><corner1>-0.48296229, -0.09546511, -0.35454071</corner1><corner2>0.48296229, 0.09546511, 0.35454071</corner2></bounds><pose><translation> 1.12898007, -0.69731562, -0.68216952</translation><rotation><c1>1., 0., 0.</c1><c2>0., 1., 0.</c2><c3>0., 0., 1.</c3></rotation></pose><symmetry><x>none</x><y>none</y><z>none</z></symmetry><detectionScore>-1</detectionScore></element><element><id>3</id><category>table_and_chair</category><bounds><corner1>-0.91788722, -0.13791089, -1.80403092</corner1><corner2>0.91788722, 0.13791089, 1.80403092</corner2></bounds><pose><translation>-2.00891814, -0.6900928 , -0.11328042</translation><rotation><c1>1., 0., 0.</c1><c2>0., 1., 0.</c2><c3>0., 0., 1.</c3></rotation></pose><symmetry><x>none</x><y>none</y><z>none</z></symmetry><detectionScore>-1</detectionScore></element><element><id>8</id><category>door</category><bounds><corner1>-1.29787554, -0.93837412, -0.2480062 </corner1><corner2>1.29787554, 0.93837412, 0.2480062 </corner2></bounds><pose><translation>-2.63386804, -0.37682283,  1.49877269</translation><rotation><c1>1., 0., 0.</c1><c2>0., 1., 0.</c2><c3>0., 0., 1.</c3></rotation></pose><symmetry><x>none</x><y>none</y><z>none</z></symmetry><detectionScore>-1</detectionScore></element><element><id>1</id><category>microwave</category><bounds><corner1>-0.18902293, -0.21402316, -0.17307934</corner1><corner2>0.18902293, 0.21402316, 0.17307934</corner2></bounds><pose><translation> 0.54591144, -0.43981582,  1.20896069</translation><rotation><c1>1., 0., 0.</c1><c2>0., 1., 0.</c2><c3>0., 0., 1.</c3></rotation></pose><symmetry><x>none</x><y>none</y><z>none</z></symmetry><detectionScore>-1</detectionScore></element></elements></scene>