<?xml version='1.0' encoding='utf-8'?>
<scene xmlns:sumo="https://www.sumochallenge.org"><version>2.0</version><categories><id>fb_categories_v1.0</id><url>https://sumochallenge.org/en/categories-1_0.json</url></categories><project_type>bounding_box</project_type><elements><element><id>2</id><category>door</category><bounds><corner1>-0.72071201, -0.85144133, -1.17292752</corner1><corner2>0.72071201, 0.85144133, 1.17292752</corner2></bounds><pose><translation>-0.18770585, -0.36318232,  5.84156903</translation><rotation><c1>1., 0., 0.</c1><c2>0., 1., 0.</c2><c3>0., 0., 1.</c3></rotation></pose><symmetry><x>none</x><y>none</y><z>none</z></symmetry><detectionScore>-1</detectionScore></element><element><id>16</id><category>wall</category><bounds><corner1>-5.1318766 , -1.29471324, -2.90617062</corner1><corner2>5.1318766 , 1.29471324, 2.90617062</corner2></bounds><pose><translation>-8.58090855, -0.14463525, -1.18048359</translation><rotation><c1>1., 0., 0.</c1><c2>0., 1., 0.</c2><c3>0., 0., 1.</c3></rotation></pose><symmetry><x>none</x><y>none</y><z>none</z></symmetry><detectionScore>-1</detectionScore></element><element><id>25</id><category>mirror</category><bounds><corner1>-0.76412204, -0.44369372, -0.34564367</corner1><corner2>0.76412204, 0.44369372, 0.34564367</corner2></bounds><pose><translation>-3.51610053,  0.05846724,  1.8468529 </translation><rotation><c1>1., 0., 0.</c1><c2>0., 1., 0.</c2><c3>0., 0., 1.</c3></rotation></pose><symmetry><x>none</x><y>none</y><z>none</z></symmetry><detectionScore>-1</detectionScore></element><element><id>20</id><category>sofa</category><bounds><corner1>-0.65019123, -0.43964496, -1.28137704</corner1><corner2>0.65019123, 0.43964496, 1.28137704</corner2></bounds><pose><translation>-5.4568767 , -1.01829511, -1.20495901</translation><rotation><c1>1., 0., 0.</c1><c2>0., 1., 0.</c2><c3>0., 0., 1.</c3></rotation></pose><symmetry><x>none</x><y>none</y><z>none</z></symmetry><detectionScore>-1</detectionScore></element><element><id>4</id><category>dining_table</category><bounds><corner1>-0.76681636, -0.74103269, -2.35118095</corner1><corner2>0.76681636, 0.74103269, 2.35118095</corner2></bounds><pose><translation>-1.29916618, -1.43810274,  3.83310343</translation><rotation><c1>1., 0., 0.</c1><c2>0., 1., 0.</c2><c3>0., 0., 1.</c3></rotation></pose><symmetry><x>none</x><y>none</y><z>none</z></symmetry><detectionScore>-1</detectionScore></element><element><id>22</id><category>piano</category><bounds><corner1>-0.72638263, -0.91303792, -0.48939467</corner1><corner2>0.72638263, 0.91303792, 0.48939467</corner2></bounds><pose><translation>-0.38701287, -1.42307837, -3.40029175</translation><rotation><c1>1., 0., 0.</c1><c2>0., 1., 0.</c2><c3>0., 0., 1.</c3></rotation></pose><symmetry><x>none</x><y>none</y><z>none</z></symmetry><detectionScore>-1</detectionScore></element><element><id>11</id><category>wall</category><bounds><corner1>-0.84941547, -1.09303279, -0.8385383 </corner1><corner2>0.84941547, 1.09303279, 0.8385383 </corner2></bounds><pose><translation>-0.45326746, -0.04933472,  5.66239217</translation><rotation><c1>1., 0., 0.</c1><c2>0., 1., 0.</c2><c3>0., 0., 1.</c3></rotation></pose><symmetry><x>none</x><y>none</y><z>none</z></symmetry><detectionScore>-1</detectionScore></element><element><id>17</id><category>fireplace</category><bounds><corner1>-0.47337546, -1.24318323, -1.83288167</corner1><corner2>0.47337546, 1.24318323, 1.83288167</corner2></bounds><pose><translation> 6.10227588, -0.06991438, -3.26270492</translation><rotation><c1>1., 0., 0.</c1><c2>0., 1., 0.</c2><c3>0., 0., 1.</c3></rotation></pose><symmetry><x>none</x><y>none</y><z>none</z></symmetry><detectionScore>-1</detectionScore></element><element><id>19</id><category>armchair</category><bounds><corner1>-1.98741582, -0.75518335, -1.06314651</corner1><corner2>1.98741582, 0.75518335, 1.06314651</corner2></bounds><pose><translation> 2.74206879, -1.42187685,  0.66957869</translation><rotation><c1>1., 0., 0.</c1><c2>0., 1., 0.</c2><c3>0., 0., 1.</c3></rotation></pose><symmetry><x>none</x><y>none</y><z>none</z></symmetry><detectionScore>-1</detectionScore></element><element><id>14</id><category>wall</category><bounds><corner1>-1.96178676, -1.0745175 , -4.1497718 </corner1><corner2>1.96178676, 1.0745175 , 4.1497718 </corner2></bounds><pose><translation> 0.85204339, -0.04551099, -5.75171538</translation><rotation><c1>1., 0., 0.</c1><c2>0., 1., 0.</c2><c3>0., 0., 1.</c3></rotation></pose><symmetry><x>none</x><y>none</y><z>none</z></symmetry><detectionScore>-1</detectionScore></element><element><id>23</id><category>floor_lamp</category><bounds><corner1>-0.93608673, -1.26348008, -0.69558315</corner1><corner2>0.93608673, 1.26348008, 0.69558315</corner2></bounds><pose><translation>-4.91728368, -0.88474026, -1.95386504</translation><rotation><c1>1., 0., 0.</c1><c2>0., 1., 0.</c2><c3>0., 0., 1.</c3></rotation></pose><symmetry><x>none</x><y>none</y><z>none</z></symmetry><detectionScore>-1</detectionScore></element><element><id>8</id><category>ceiling</category><bounds><corner1>-0.9494835 , -0.03169008, -1.74178349</corner1><corner2>0.9494835 , 0.03169008, 1.74178349</corner2></bounds><pose><translation>-4.53033288,  1.17444892, -8.23389315</translation><rotation><c1>1., 0., 0.</c1><c2>0., 1., 0.</c2><c3>0., 0., 1.</c3></rotation></pose><symmetry><x>none</x><y>none</y><z>none</z></symmetry><detectionScore>-1</detectionScore></element><element><id>24</id><category>shelving</category><bounds><corner1>-0.3520574 , -1.25298988, -0.73611677</corner1><corner2>0.3520574 , 1.25298988, 0.73611677</corner2></bounds><pose><translation>-2.97503141, -0.65686317,  1.0209729 </translation><rotation><c1>1., 0., 0.</c1><c2>0., 1., 0.</c2><c3>0., 0., 1.</c3></rotation></pose><symmetry><x>none</x><y>none</y><z>none</z></symmetry><detectionScore>-1</detectionScore></element><element><id>15</id><category>wall</category><bounds><corner1>-1.98270335, -1.15739614, -5.13271355</corner1><corner2>1.98270335, 1.15739614, 5.13271355</corner2></bounds><pose><translation>-1.272282  , -0.12324384, -8.45973996</translation><rotation><c1>1., 0., 0.</c1><c2>0., 1., 0.</c2><c3>0., 0., 1.</c3></rotation></pose><symmetry><x>none</x><y>none</y><z>none</z></symmetry><detectionScore>-1</detectionScore></element><element><id>7</id><category>sofa</category><bounds><corner1>-2.76330851, -0.41604681, -0.54576628</corner1><corner2>2.76330851, 0.41604681, 0.54576628</corner2></bounds><pose><translation> 3.3159377 , -1.10045799, -1.71221192</translation><rotation><c1>1., 0., 0.</c1><c2>0., 1., 0.</c2><c3>0., 0., 1.</c3></rotation></pose><symmetry><x>none</x><y>none</y><z>none</z></symmetry><detectionScore>-1</detectionScore></element><element><id>5</id><category>armchair</category><bounds><corner1>-0.1962539 , -0.35331887, -0.86357299</corner1><corner2>0.1962539 , 0.35331887, 0.86357299</corner2></bounds><pose><translation>-4.27154553, -0.88019266, -5.73598409</translation><rotation><c1>1., 0., 0.</c1><c2>0., 1., 0.</c2><c3>0., 0., 1.</c3></rotation></pose><symmetry><x>none</x><y>none</y><z>none</z></symmetry><detectionScore>-1</detectionScore></element><element><id>9</id><category>chandelier</category><bounds><corner1>-0.54055236, -0.02827251, -2.4087292 </corner1><corner2>0.54055236, 0.02827251, 2.4087292 </corner2></bounds><pose><translation>-1.32608241,  1.17830784,  3.7611359 </translation><rotation><c1>1., 0., 0.</c1><c2>0., 1., 0.</c2><c3>0., 0., 1.</c3></rotation></pose><symmetry><x>none</x><y>none</y><z>none</z></symmetry><detectionScore>-1</detectionScore></element><element><id>12</id><category>floor_lamp</category><bounds><corner1>-0.11280467, -0.84915303, -1.03404351</corner1><corner2>0.11280467, 0.84915303, 1.03404351</corner2></bounds><pose><translation> 6.49746488, -0.73280052, -5.19507579</translation><rotation><c1>1., 0., 0.</c1><c2>0., 1., 0.</c2><c3>0., 0., 1.</c3></rotation></pose><symmetry><x>none</x><y>none</y><z>none</z></symmetry><detectionScore>-1</detectionScore></element><element><id>10</id><category>wall</category><bounds><corner1>-0.40578996, -1.34334794, -0.71837952</corner1><corner2>0.40578996, 1.34334794, 0.71837952</corner2></bounds><pose><translation>-2.65287173, -0.15124261,  1.03104365</translation><rotation><c1>1., 0., 0.</c1><c2>0., 1., 0.</c2><c3>0., 0., 1.</c3></rotation></pose><symmetry><x>none</x><y>none</y><z>none</z></symmetry><detectionScore>-1</detectionScore></element><element><id>6</id><category>column</category><bounds><corner1>-0.06207395, -1.31158959, -0.10844353</corner1><corner2>0.06207395, 1.31158959, 0.10844353</corner2></bounds><pose><translation>-2.56301262, -0.12226087, -1.6296407 </translation><rotation><c1>1., 0., 0.</c1><c2>0., 1., 0.</c2><c3>0., 0., 1.</c3></rotation></pose><symmetry><x>none</x><y>none</y><z>none</z></symmetry><detectionScore>-1</detectionScore></element><element><id>13</id><category>wall</category><bounds><corner1>-0.15212038, -1.17088989, -2.51204512</corner1><corner2>0.15212038, 1.17088989, 2.51204512</corner2></bounds><pose><translation> 6.44123919, -0.07718231, -0.96532124</translation><rotation><c1>1., 0., 0.</c1><c2>0., 1., 0.</c2><c3>0., 0., 1.</c3></rotation></pose><symmetry><x>none</x><y>none</y><z>none</z></symmetry><detectionScore>-1</detectionScore></element><element><id>3</id><category>chandelier</category><bounds><corner1>-2.73876367, -0.03111291, -0.66865676</corner1><corner2>2.73876367, 0.03111291, 0.66865676</corner2></bounds><pose><translation> 3.77211664,  1.17527144, -1.8650488 </translation><rotation><c1>1., 0., 0.</c1><c2>0., 1., 0.</c2><c3>0., 0., 1.</c3></rotation></pose><symmetry><x>none</x><y>none</y><z>none</z></symmetry><detectionScore>-1</detectionScore></element><element><id>21</id><category>column</category><bounds><corner1>-1.60370774, -1.3410246 , -0.03603924</corner1><corner2>1.60370774, 1.3410246 , 0.03603924</corner2></bounds><pose><translation> 0.79380265, -0.15155852, -1.62206284</translation><rotation><c1>1., 0., 0.</c1><c2>0., 1., 0.</c2><c3>0., 0., 1.</c3></rotation></pose><symmetry><x>none</x><y>none</y><z>none</z></symmetry><detectionScore>-1</detectionScore></element><element><id>1</id><category>wall</category><bounds><corner1>-0.60994552, -1.23098977, -0.72504908</corner1><corner2>0.60994552, 1.23098977, 0.72504908</corner2></bounds><pose><translation>-2.92306395, -0.12442708,  1.55785779</translation><rotation><c1>1., 0., 0.</c1><c2>0., 1., 0.</c2><c3>0., 0., 1.</c3></rotation></pose><symmetry><x>none</x><y>none</y><z>none</z></symmetry><detectionScore>-1</detectionScore></element></elements></scene>