<?xml version='1.0' encoding='utf-8'?>
<scene xmlns:sumo="https://www.sumochallenge.org"><version>2.0</version><categories><id>fb_categories_v1_0</id><url>https://sumochallenge.org/en/categories-1_0.json</url></categories><project_type>bounding_box</project_type><elements><element><id>0</id><category>floor_lamp</category><bounds><corner1>-0.2555346142324342, -1.067106718805766, -0.7692691992927245</corner1><corner2>0.2555346142324342, 1.067106718805766, 0.7692691992927245</corner2></bounds><pose><translation>-1.3929495877263516, -0.7606316286260972, 1.8025715726681701</translation><rotation><c1>1, 0, 0</c1><c2>0, 1, 0</c2><c3>0, 0, 1</c3></rotation></pose><symmetry><x>twoFold</x><y>cylindrical</y><z>twoFold</z></symmetry><detectionScore>-1.0</detectionScore></element><element><id>1</id><category>wall</category><bounds><corner1>-1.5950715578452888, -1.4768192930465915, -0.16867328264196413</corner1><corner2>1.5950715578452888, 1.4768192930465915, 0.16867328264196413</corner2></bounds><pose><translation>0.26770107917604236, -0.12110575413332443, 4.6662455545341714</translation><rotation><c1>1, 0, 0</c1><c2>0, 1, 0</c2><c3>0, 0, 1</c3></rotation></pose><symmetry><x>twoFold</x><y>cylindrical</y><z>twoFold</z></symmetry><detectionScore>-1.0</detectionScore></element><element><id>2</id><category>window</category><bounds><corner1>-0.8765004882123005, -1.5156566609996531, -0.138918291405004</corner1><corner2>0.8765004882123005, 1.5156566609996531, 0.138918291405004</corner2></bounds><pose><translation>-0.034370563243553275, -0.1411538120792337, -3.192534164422919</translation><rotation><c1>1, 0, 0</c1><c2>0, 1, 0</c2><c3>0, 0, 1</c3></rotation></pose><symmetry><x>twoFold</x><y>cylindrical</y><z>twoFold</z></symmetry><detectionScore>-1.0</detectionScore></element><element><id>3</id><category>chair</category><bounds><corner1>-0.8380903407839859, -0.964891469977528, -0.23730813050951394</corner1><corner2>0.8380903407839859, 0.964891469977528, 0.23730813050951394</corner2></bounds><pose><translation>0.30440666036087444, -1.3508186078699025, 4.594213444172424</translation><rotation><c1>1, 0, 0</c1><c2>0, 1, 0</c2><c3>0, 0, 1</c3></rotation></pose><symmetry><x>twoFold</x><y>cylindrical</y><z>twoFold</z></symmetry><detectionScore>-1.0</detectionScore></element><element><id>4</id><category>wall</category><bounds><corner1>-0.7240201599691407, -1.6342416530311457, -1.707622237504499</corner1><corner2>0.7240201599691407, 1.6342416530311457, 1.707622237504499</corner2></bounds><pose><translation>-1.4958667032455792, -0.20243022131157037, 3.0446117170646345</translation><rotation><c1>1, 0, 0</c1><c2>0, 1, 0</c2><c3>0, 0, 1</c3></rotation></pose><symmetry><x>twoFold</x><y>cylindrical</y><z>twoFold</z></symmetry><detectionScore>-1.0</detectionScore></element><element><id>5</id><category>wall</category><bounds><corner1>-1.6886131136596736, -1.5760758856049446, -0.8286002096282048</corner1><corner2>1.6886131136596736, 1.5760758856049446, 0.8286002096282048</corner2></bounds><pose><translation>0.19562320655975535, -0.14340921553126282, -3.137492921006059</translation><rotation><c1>1, 0, 0</c1><c2>0, 1, 0</c2><c3>0, 0, 1</c3></rotation></pose><symmetry><x>twoFold</x><y>cylindrical</y><z>twoFold</z></symmetry><detectionScore>-1.0</detectionScore></element><element><id>6</id><category>wall</category><bounds><corner1>-0.6801184927504216, -1.4309516483307967, -1.733258909716298</corner1><corner2>0.6801184927504216, 1.4309516483307967, 1.733258909716298</corner2></bounds><pose><translation>1.89335107998921, -0.07353914344196522, 2.9895758911422536</translation><rotation><c1>1, 0, 0</c1><c2>0, 1, 0</c2><c3>0, 0, 1</c3></rotation></pose><symmetry><x>twoFold</x><y>cylindrical</y><z>twoFold</z></symmetry><detectionScore>-1.0</detectionScore></element><element><id>7</id><category>floor_lamp</category><bounds><corner1>-0.3284087324846363, -0.9418234975723943, -0.542860534453055</corner1><corner2>0.3284087324846363, 0.9418234975723943, 0.542860534453055</corner2></bounds><pose><translation>1.7211641479978483, -0.8001410346576758, 1.2715907025059459</translation><rotation><c1>1, 0, 0</c1><c2>0, 1, 0</c2><c3>0, 0, 1</c3></rotation></pose><symmetry><x>twoFold</x><y>cylindrical</y><z>twoFold</z></symmetry><detectionScore>-1.0</detectionScore></element><element><id>8</id><category>floor_lamp</category><bounds><corner1>-0.3114361648681412, -0.974780853832871, -0.17112180360139062</corner1><corner2>0.3114361648681412, 0.974780853832871, 0.17112180360139062</corner2></bounds><pose><translation>1.5777861908641233, -0.8294331133896417, -2.8028141864154943</translation><rotation><c1>1, 0, 0</c1><c2>0, 1, 0</c2><c3>0, 0, 1</c3></rotation></pose><symmetry><x>twoFold</x><y>cylindrical</y><z>twoFold</z></symmetry><detectionScore>-1.0</detectionScore></element><element><id>9</id><category>gym_equipment</category><bounds><corner1>-1.0249305829470012, -0.9621753788224052, -0.2248186474328353</corner1><corner2>1.0249305829470012, 0.9621753788224052, 0.2248186474328353</corner2></bounds><pose><translation>0.3006470356098808, -1.3481025167147798, 4.606702927249103</translation><rotation><c1>1, 0, 0</c1><c2>0, 1, 0</c2><c3>0, 0, 1</c3></rotation></pose><symmetry><x>twoFold</x><y>cylindrical</y><z>twoFold</z></symmetry><detectionScore>-1.0</detectionScore></element><element><id>10</id><category>door</category><bounds><corner1>-0.44952542899622405, -1.4910015126632996, -1.7421288185039487</corner1><corner2>0.44952542899622405, 1.4910015126632996, 1.7421288185039487</corner2></bounds><pose><translation>-1.5094964421994612, -0.38233061532426615, 2.9995470546056953</translation><rotation><c1>1, 0, 0</c1><c2>0, 1, 0</c2><c3>0, 0, 1</c3></rotation></pose><symmetry><x>twoFold</x><y>cylindrical</y><z>twoFold</z></symmetry><detectionScore>-1.0</detectionScore></element><element><id>11</id><category>vacuum_cleaner</category><bounds><corner1>-0.8276277038494559, -0.796949120398038, -0.7838890692308333</corner1><corner2>0.8276277038494559, 0.796949120398038, 0.7838890692308333</corner2></bounds><pose><translation>-1.3779941292391413, -1.2517774094864436, -2.5707326107382085</translation><rotation><c1>1, 0, 0</c1><c2>0, 1, 0</c2><c3>0, 0, 1</c3></rotation></pose><symmetry><x>twoFold</x><y>cylindrical</y><z>twoFold</z></symmetry><detectionScore>-1.0</detectionScore></element><element><id>12</id><category>wall</category><bounds><corner1>-1.905926086141423, -1.2109040724723397, -0.5820438239401335</corner1><corner2>1.905926086141423, 1.2109040724723397, 0.5820438239401335</corner2></bounds><pose><translation>-1.905926086141423, -0.039467500440267124, 0.4045060119703266</translation><rotation><c1>1, 0, 0</c1><c2>0, 1, 0</c2><c3>0, 0, 1</c3></rotation></pose><symmetry><x>twoFold</x><y>cylindrical</y><z>twoFold</z></symmetry><detectionScore>-1.0</detectionScore></element><element><id>13</id><category>office_chair</category><bounds><corner1>-0.7745537988204751, -0.9527380151276632, -0.7718248524801457</corner1><corner2>0.7745537988204751, 0.9527380151276632, 0.7718248524801457</corner2></bounds><pose><translation>-1.2714686284774692, -1.3661700132610413, -2.5301796712449045</translation><rotation><c1>1, 0, 0</c1><c2>0, 1, 0</c2><c3>0, 0, 1</c3></rotation></pose><symmetry><x>twoFold</x><y>cylindrical</y><z>twoFold</z></symmetry><detectionScore>-1.0</detectionScore></element><element><id>14</id><category>door</category><bounds><corner1>-1.9819991972377349, -1.6148056292081732, -1.3153448912953836</corner1><corner2>1.9819991972377349, 1.6148056292081732, 1.3153448912953836</corner2></bounds><pose><translation>-1.9819991972377349, -0.19630572647662428, -0.32760402780603215</translation><rotation><c1>1, 0, 0</c1><c2>0, 1, 0</c2><c3>0, 0, 1</c3></rotation></pose><symmetry><x>twoFold</x><y>cylindrical</y><z>twoFold</z></symmetry><detectionScore>-1.0</detectionScore></element><element><id>15</id><category>door</category><bounds><corner1>-0.7650010693758136, -1.7762832755058673, -0.7971288895706321</corner1><corner2>0.7650010693758136, 1.7762832755058673, 0.7971288895706321</corner2></bounds><pose><translation>1.808468503363818, -0.5125199490052665, 3.9462487162296966</translation><rotation><c1>1, 0, 0</c1><c2>0, 1, 0</c2><c3>0, 0, 1</c3></rotation></pose><symmetry><x>twoFold</x><y>cylindrical</y><z>twoFold</z></symmetry><detectionScore>-1.0</detectionScore></element></elements></scene>