<?xml version='1.0' encoding='utf-8'?>
<scene xmlns:sumo="https://www.sumochallenge.org"><version>2.0</version><categories><id>fb_categories_v1_0</id><url>https://sumochallenge.org/en/categories-1_0.json</url></categories><project_type>bounding_box</project_type><elements><element><id>0</id><category>wall</category><bounds><corner1>-0.20210982885948514, -1.278105155859875, -1.012548803289167</corner1><corner2>0.20210982885948514, 1.278105155859875, 1.012548803289167</corner2></bounds><pose><translation>-4.279455646477621, -0.12657278669350758, -3.2728029941513572</translation><rotation><c1>1, 0, 0</c1><c2>0, 1, 0</c2><c3>0, 0, 1</c3></rotation></pose><symmetry><x>twoFold</x><y>cylindrical</y><z>twoFold</z></symmetry><detectionScore>-1.0</detectionScore></element><element><id>1</id><category>dresser</category><bounds><corner1>-1.9677243082618205, -0.7832352095592714, -0.5237272603078746</corner1><corner2>1.9677243082618205, 0.7832352095592714, 0.5237272603078746</corner2></bounds><pose><translation>2.833988102779936, -1.160719439319899, 1.4468995570893117</translation><rotation><c1>1, 0, 0</c1><c2>0, 1, 0</c2><c3>0, 0, 1</c3></rotation></pose><symmetry><x>twoFold</x><y>cylindrical</y><z>twoFold</z></symmetry><detectionScore>-1.0</detectionScore></element><element><id>2</id><category>window</category><bounds><corner1>-0.15007710035837807, -0.7754433161818777, -1.3695333212988035</corner1><corner2>0.15007710035837807, 0.7754433161818777, 1.3695333212988035</corner2></bounds><pose><translation>5.077545414127418, 0.10418802756332222, -2.9266085309156886</translation><rotation><c1>1, 0, 0</c1><c2>0, 1, 0</c2><c3>0, 0, 1</c3></rotation></pose><symmetry><x>twoFold</x><y>cylindrical</y><z>twoFold</z></symmetry><detectionScore>-1.0</detectionScore></element><element><id>3</id><category>wall</category><bounds><corner1>-0.21707387687365998, -1.493100318995977, -2.9550215389432273</corner1><corner2>0.21707387687365998, 1.493100318995977, 2.9550215389432273</corner2></bounds><pose><translation>5.054876272596349, -0.1491113367257493, -1.0499727103634309</translation><rotation><c1>1, 0, 0</c1><c2>0, 1, 0</c2><c3>0, 0, 1</c3></rotation></pose><symmetry><x>twoFold</x><y>cylindrical</y><z>twoFold</z></symmetry><detectionScore>-1.0</detectionScore></element><element><id>4</id><category>door</category><bounds><corner1>-1.5069903536451705, -1.6150983105362908, -0.7274453185085425</corner1><corner2>1.5069903536451705, 1.6150983105362908, 0.7274453185085425</corner2></bounds><pose><translation>-2.363175885235101, -0.5397115541024735, -6.011534768969837</translation><rotation><c1>1, 0, 0</c1><c2>0, 1, 0</c2><c3>0, 0, 1</c3></rotation></pose><symmetry><x>twoFold</x><y>cylindrical</y><z>twoFold</z></symmetry><detectionScore>-1.0</detectionScore></element><element><id>5</id><category>picture_frame</category><bounds><corner1>-0.2660117276348015, -0.27999724889193456, -0.174243272316283</corner1><corner2>0.2660117276348015, 0.27999724889193456, 0.174243272316283</corner2></bounds><pose><translation>-3.0017699645790845, 0.26735038134241684, -6.071962082065642</translation><rotation><c1>1, 0, 0</c1><c2>0, 1, 0</c2><c3>0, 0, 1</c3></rotation></pose><symmetry><x>twoFold</x><y>cylindrical</y><z>twoFold</z></symmetry><detectionScore>-1.0</detectionScore></element><element><id>6</id><category>shelving</category><bounds><corner1>-0.27138952268813954, -0.2928099316822586, -0.18445628661052282</corner1><corner2>0.27138952268813954, 0.2928099316822586, 0.18445628661052282</corner2></bounds><pose><translation>-3.0017699645790845, 0.27927947645277, -6.070581702392264</translation><rotation><c1>1, 0, 0</c1><c2>0, 1, 0</c2><c3>0, 0, 1</c3></rotation></pose><symmetry><x>twoFold</x><y>cylindrical</y><z>twoFold</z></symmetry><detectionScore>-1.0</detectionScore></element><element><id>7</id><category>shelving</category><bounds><corner1>-0.29983349855931873, -0.274538062589179, -0.1173895594283847</corner1><corner2>0.29983349855931873, 0.274538062589179, 0.1173895594283847</corner2></bounds><pose><translation>-3.424740067991313, -0.1839646891242717, -6.080364468428088</translation><rotation><c1>1, 0, 0</c1><c2>0, 1, 0</c2><c3>0, 0, 1</c3></rotation></pose><symmetry><x>twoFold</x><y>cylindrical</y><z>twoFold</z></symmetry><detectionScore>-1.0</detectionScore></element><element><id>8</id><category>wall</category><bounds><corner1>-0.7447129932493839, -1.459916658409578, -2.7016057898548693</corner1><corner2>0.7447129932493839, 1.459916658409578, 2.7016057898548693</corner2></bounds><pose><translation>-4.32137667800887, -0.08564357908707311, -0.8645356544784011</translation><rotation><c1>1, 0, 0</c1><c2>0, 1, 0</c2><c3>0, 0, 1</c3></rotation></pose><symmetry><x>twoFold</x><y>cylindrical</y><z>twoFold</z></symmetry><detectionScore>-1.0</detectionScore></element><element><id>9</id><category>shelving</category><bounds><corner1>-0.2502810533102, -1.3037292833465792, -2.559363674632139</corner1><corner2>0.2502810533102, 1.3037292833465792, 2.559363674632139</corner2></bounds><pose><translation>4.860946573803901, -0.3624815740592815, -4.329229069857521</translation><rotation><c1>1, 0, 0</c1><c2>0, 1, 0</c2><c3>0, 0, 1</c3></rotation></pose><symmetry><x>twoFold</x><y>cylindrical</y><z>twoFold</z></symmetry><detectionScore>-1.0</detectionScore></element><element><id>10</id><category>pedestal_fan</category><bounds><corner1>-0.2538528915534335, -0.6998495318439415, -0.5327911495072555</corner1><corner2>0.2538528915534335, 0.6998495318439415, 0.5327911495072555</corner2></bounds><pose><translation>-3.8105546357178484, -1.0913509952508214, 1.3191400134417646</translation><rotation><c1>1, 0, 0</c1><c2>0, 1, 0</c2><c3>0, 0, 1</c3></rotation></pose><symmetry><x>twoFold</x><y>cylindrical</y><z>twoFold</z></symmetry><detectionScore>-1.0</detectionScore></element><element><id>11</id><category>toy</category><bounds><corner1>-0.21458320892143323, -0.7114499860531186, -0.5653738561660201</corner1><corner2>0.21458320892143323, 0.7114499860531186, 0.5653738561660201</corner2></bounds><pose><translation>5.013039305564363, -0.6149913561624271, -1.2064412500220167</translation><rotation><c1>1, 0, 0</c1><c2>0, 1, 0</c2><c3>0, 0, 1</c3></rotation></pose><symmetry><x>twoFold</x><y>cylindrical</y><z>twoFold</z></symmetry><detectionScore>-1.0</detectionScore></element><element><id>12</id><category>wall</category><bounds><corner1>-4.230609072073166, -1.4592673748521243, -4.30678035153348</corner1><corner2>4.230609072073166, 1.4592673748521243, 4.30678035153348</corner2></bounds><pose><translation>-0.14959679405155762, -0.13721320303277332, -6.030569117562155</translation><rotation><c1>1, 0, 0</c1><c2>0, 1, 0</c2><c3>0, 0, 1</c3></rotation></pose><symmetry><x>twoFold</x><y>cylindrical</y><z>twoFold</z></symmetry><detectionScore>-1.0</detectionScore></element><element><id>13</id><category>wall</category><bounds><corner1>-0.5066659786614998, -0.36866734295265813, -0.917783755973375</corner1><corner2>0.5066659786614998, 0.36866734295265813, 0.917783755973375</corner2></bounds><pose><translation>-4.253753610884317, 0.9918070720989991, -2.786162059538156</translation><rotation><c1>1, 0, 0</c1><c2>0, 1, 0</c2><c3>0, 0, 1</c3></rotation></pose><symmetry><x>twoFold</x><y>cylindrical</y><z>twoFold</z></symmetry><detectionScore>-1.0</detectionScore></element><element><id>14</id><category>door</category><bounds><corner1>-0.4327665468985522, -0.9115094131759214, -0.15669300393784447</corner1><corner2>0.4327665468985522, 0.9115094131759214, 0.15669300393784447</corner2></bounds><pose><translation>-3.2029054870502454, -0.33869968033791065, -6.078660174533531</translation><rotation><c1>1, 0, 0</c1><c2>0, 1, 0</c2><c3>0, 0, 1</c3></rotation></pose><symmetry><x>twoFold</x><y>cylindrical</y><z>twoFold</z></symmetry><detectionScore>-1.0</detectionScore></element><element><id>15</id><category>window</category><bounds><corner1>-0.3004136199308127, -0.2993042857695372, -0.11738369243041191</corner1><corner2>0.3004136199308127, 0.2993042857695372, 0.11738369243041191</corner2></bounds><pose><translation>-3.425320189362807, -0.16053110686477798, -6.080358601430115</translation><rotation><c1>1, 0, 0</c1><c2>0, 1, 0</c2><c3>0, 0, 1</c3></rotation></pose><symmetry><x>twoFold</x><y>cylindrical</y><z>twoFold</z></symmetry><detectionScore>-1.0</detectionScore></element><element><id>16</id><category>tv_stand</category><bounds><corner1>-2.062780389719319, -0.757628490541145, -0.49956197851991524</corner1><corner2>2.062780389719319, 0.757628490541145, 0.49956197851991524</corner2></bounds><pose><translation>2.843079187887178, -1.1046638629520815, 1.4710648388772711</translation><rotation><c1>1, 0, 0</c1><c2>0, 1, 0</c2><c3>0, 0, 1</c3></rotation></pose><symmetry><x>twoFold</x><y>cylindrical</y><z>twoFold</z></symmetry><detectionScore>-1.0</detectionScore></element><element><id>17</id><category>curtain</category><bounds><corner1>-0.3229978855717137, -0.3739005623147905, -0.3994613619669245</corner1><corner2>0.3229978855717137, 0.3739005623147905, 0.3994613619669245</corner2></bounds><pose><translation>-2.672969072805722, 0.37199549708944435, -5.931347559041924</translation><rotation><c1>1, 0, 0</c1><c2>0, 1, 0</c2><c3>0, 0, 1</c3></rotation></pose><symmetry><x>twoFold</x><y>cylindrical</y><z>twoFold</z></symmetry><detectionScore>-1.0</detectionScore></element><element><id>18</id><category>floor</category><bounds><corner1>-2.168766950938406, -0.5695233023766519, -0.821622942150384</corner1><corner2>2.168766950938406, 0.5695233023766519, 0.821622942150384</corner2></bounds><pose><translation>-2.8815818699987736, -1.1279412051903495, -6.002714203836556</translation><rotation><c1>1, 0, 0</c1><c2>0, 1, 0</c2><c3>0, 0, 1</c3></rotation></pose><symmetry><x>twoFold</x><y>cylindrical</y><z>twoFold</z></symmetry><detectionScore>-1.0</detectionScore></element><element><id>19</id><category>chandelier</category><bounds><corner1>-0.27138952268813954, -0.2928099316822586, -0.18445628661052282</corner1><corner2>0.27138952268813954, 0.2928099316822586, 0.18445628661052282</corner2></bounds><pose><translation>-3.0017699645790845, 0.27927947645277, -6.070581702392264</translation><rotation><c1>1, 0, 0</c1><c2>0, 1, 0</c2><c3>0, 0, 1</c3></rotation></pose><symmetry><x>twoFold</x><y>cylindrical</y><z>twoFold</z></symmetry><detectionScore>-1.0</detectionScore></element><element><id>20</id><category>toy</category><bounds><corner1>-0.40892796976131507, -0.7852279867910199, -0.524086885236823</corner1><corner2>0.40892796976131507, 0.7852279867910199, 0.524086885236823</corner2></bounds><pose><translation>-3.8638560189492663, -1.0857424156026976, 1.3404851316916386</translation><rotation><c1>1, 0, 0</c1><c2>0, 1, 0</c2><c3>0, 0, 1</c3></rotation></pose><symmetry><x>twoFold</x><y>cylindrical</y><z>twoFold</z></symmetry><detectionScore>-1.0</detectionScore></element><element><id>21</id><category>window</category><bounds><corner1>-0.2654550388904604, -0.5073862049430535, -0.13301777165118445</corner1><corner2>0.2654550388904604, 0.5073862049430535, 0.13301777165118445</corner2></bounds><pose><translation>-3.097826628427029, -0.02963394315362589, -6.081806500819394</translation><rotation><c1>1, 0, 0</c1><c2>0, 1, 0</c2><c3>0, 0, 1</c3></rotation></pose><symmetry><x>twoFold</x><y>cylindrical</y><z>twoFold</z></symmetry><detectionScore>-1.0</detectionScore></element><element><id>22</id><category>table_lamp</category><bounds><corner1>-0.15176875607059026, -0.46695337343337295, -0.2339585597910281</corner1><corner2>0.15176875607059026, 0.46695337343337295, 0.2339585597910281</corner2></bounds><pose><translation>-3.7043172924515315, -1.0423732142579123, -5.576247176744985</translation><rotation><c1>1, 0, 0</c1><c2>0, 1, 0</c2><c3>0, 0, 1</c3></rotation></pose><symmetry><x>twoFold</x><y>cylindrical</y><z>twoFold</z></symmetry><detectionScore>-1.0</detectionScore></element><element><id>23</id><category>chandelier</category><bounds><corner1>-0.34954479632917446, -0.3757105531132408, -0.4368726818635773</corner1><corner2>0.34954479632917446, 0.3757105531132408, 0.4368726818635773</corner2></bounds><pose><translation>-2.6614369095636645, 0.3941195077866601, -5.92962795785457</translation><rotation><c1>1, 0, 0</c1><c2>0, 1, 0</c2><c3>0, 0, 1</c3></rotation></pose><symmetry><x>twoFold</x><y>cylindrical</y><z>twoFold</z></symmetry><detectionScore>-1.0</detectionScore></element><element><id>24</id><category>curtain</category><bounds><corner1>-0.2654550388904604, -0.5202586151116043, -0.13280488433239945</corner1><corner2>0.2654550388904604, 0.5202586151116043, 0.13280488433239945</corner2></bounds><pose><translation>-3.097826628427029, -0.017826007773647998, -6.081593613500609</translation><rotation><c1>1, 0, 0</c1><c2>0, 1, 0</c2><c3>0, 0, 1</c3></rotation></pose><symmetry><x>twoFold</x><y>cylindrical</y><z>twoFold</z></symmetry><detectionScore>-1.0</detectionScore></element><element><id>25</id><category>window</category><bounds><corner1>-0.11091109016431755, -0.7821872523604116, -1.1319771565972903</corner1><corner2>0.11091109016431755, 0.7821872523604116, 1.1319771565972903</corner2></bounds><pose><translation>5.161039059305692, 0.08571531861045746, 0.7629202632908322</translation><rotation><c1>1, 0, 0</c1><c2>0, 1, 0</c2><c3>0, 0, 1</c3></rotation></pose><symmetry><x>twoFold</x><y>cylindrical</y><z>twoFold</z></symmetry><detectionScore>-1.0</detectionScore></element><element><id>26</id><category>wall</category><bounds><corner1>-2.4742823714240982, -1.5263583616620624, -4.2228601382212085</corner1><corner2>2.4742823714240982, 1.5263583616620624, 4.2228601382212085</corner2></bounds><pose><translation>-3.269780123090457, -0.2177033797633505, -6.056813190596188</translation><rotation><c1>1, 0, 0</c1><c2>0, 1, 0</c2><c3>0, 0, 1</c3></rotation></pose><symmetry><x>twoFold</x><y>cylindrical</y><z>twoFold</z></symmetry><detectionScore>-1.0</detectionScore></element><element><id>27</id><category>hanging_kitchen_cabinet</category><bounds><corner1>-0.2660117276348015, -0.27999724889193456, -0.174243272316283</corner1><corner2>0.2660117276348015, 0.27999724889193456, 0.174243272316283</corner2></bounds><pose><translation>-3.0017699645790845, 0.26735038134241684, -6.071962082065642</translation><rotation><c1>1, 0, 0</c1><c2>0, 1, 0</c2><c3>0, 0, 1</c3></rotation></pose><symmetry><x>twoFold</x><y>cylindrical</y><z>twoFold</z></symmetry><detectionScore>-1.0</detectionScore></element><element><id>28</id><category>vacuum_cleaner</category><bounds><corner1>-0.3145688830786164, -0.7318613637758886, -0.5247520754211805</corner1><corner2>0.3145688830786164, 0.7318613637758886, 0.5247520754211805</corner2></bounds><pose><translation>-3.8712706272430313, -1.0781780959628993, 1.3385695335285404</translation><rotation><c1>1, 0, 0</c1><c2>0, 1, 0</c2><c3>0, 0, 1</c3></rotation></pose><symmetry><x>twoFold</x><y>cylindrical</y><z>twoFold</z></symmetry><detectionScore>-1.0</detectionScore></element><element><id>29</id><category>wall</category><bounds><corner1>-0.26532852158659503, -0.5191943074438152, -0.13272576476986497</corner1><corner2>0.26532852158659503, 0.5191943074438152, 0.13272576476986497</corner2></bounds><pose><translation>-3.0977001111231637, -0.04144204565438762, -6.081514493938075</translation><rotation><c1>1, 0, 0</c1><c2>0, 1, 0</c2><c3>0, 0, 1</c3></rotation></pose><symmetry><x>twoFold</x><y>cylindrical</y><z>twoFold</z></symmetry><detectionScore>-1.0</detectionScore></element><element><id>30</id><category>door</category><bounds><corner1>-0.5693956597284808, -1.8354046333215066, -1.6976828819387522</corner1><corner2>0.5693956597284808, 1.8354046333215066, 1.6976828819387522</corner2></bounds><pose><translation>-4.541736468199873, -0.5689731677246792, -2.8770914989371352</translation><rotation><c1>1, 0, 0</c1><c2>0, 1, 0</c2><c3>0, 0, 1</c3></rotation></pose><symmetry><x>twoFold</x><y>cylindrical</y><z>twoFold</z></symmetry><detectionScore>-1.0</detectionScore></element><element><id>31</id><category>fence</category><bounds><corner1>-0.30004174966137853, -0.298624020467098, -0.11735595608105864</corner1><corner2>0.30004174966137853, 0.298624020467098, 0.11735595608105864</corner2></bounds><pose><translation>-3.4249483190933727, -0.1839646891242717, -6.080330865080762</translation><rotation><c1>1, 0, 0</c1><c2>0, 1, 0</c2><c3>0, 0, 1</c3></rotation></pose><symmetry><x>twoFold</x><y>cylindrical</y><z>twoFold</z></symmetry><detectionScore>-1.0</detectionScore></element><element><id>32</id><category>pet</category><bounds><corner1>-0.2049547124068174, -0.31757138425091247, -0.5232516455513427</corner1><corner2>0.2049547124068174, 0.31757138425091247, 0.5232516455513427</corner2></bounds><pose><translation>-3.7641496435883797, -1.522931304028434, 1.333076774502647</translation><rotation><c1>1, 0, 0</c1><c2>0, 1, 0</c2><c3>0, 0, 1</c3></rotation></pose><symmetry><x>twoFold</x><y>cylindrical</y><z>twoFold</z></symmetry><detectionScore>-1.0</detectionScore></element><element><id>33</id><category>column</category><bounds><corner1>-0.43826441196148913, -0.039694233913181165, -0.48820692145536304</corner1><corner2>0.43826441196148913, 0.039694233913181165, 0.48820692145536304</corner2></bounds><pose><translation>4.108012999628957, -1.5912177023110976, -3.4981387975447413</translation><rotation><c1>1, 0, 0</c1><c2>0, 1, 0</c2><c3>0, 0, 1</c3></rotation></pose><symmetry><x>twoFold</x><y>cylindrical</y><z>twoFold</z></symmetry><detectionScore>-1.0</detectionScore></element><element><id>34</id><category>stand</category><bounds><corner1>-1.729558375704042, -0.7509983430414215, -0.5039264325062618</corner1><corner2>1.729558375704042, 0.7509983430414215, 0.5039264325062618</corner2></bounds><pose><translation>2.8191848436791096, -1.1342010511499412, 1.4637956192376924</translation><rotation><c1>1, 0, 0</c1><c2>0, 1, 0</c2><c3>0, 0, 1</c3></rotation></pose><symmetry><x>twoFold</x><y>cylindrical</y><z>twoFold</z></symmetry><detectionScore>-1.0</detectionScore></element></elements></scene>