<?xml version='1.0' encoding='utf-8'?>
<scene xmlns:sumo="https://www.sumochallenge.org"><version>2.0</version><categories><id>fb_categories_v1.0</id><url>https://sumochallenge.org/en/categories-1_0.json</url></categories><project_type>bounding_box</project_type><elements><element><id>7</id><category>loudspeaker</category><bounds><corner1>-0.03408296, -0.34297217, -0.09623656</corner1><corner2>0.03408296, 0.34297217, 0.09623656</corner2></bounds><pose><translation>-1.17204692, -0.82746398, -0.76770613</translation><rotation><c1>1., 0., 0.</c1><c2>0., 1., 0.</c2><c3>0., 0., 1.</c3></rotation></pose><symmetry><x>none</x><y>none</y><z>none</z></symmetry><detectionScore>-1</detectionScore></element><element><id>9</id><category>television</category><bounds><corner1>-0.0259572 , -0.34030429, -0.59150537</corner1><corner2>0.0259572 , 0.34030429, 0.59150537</corner2></bounds><pose><translation>-1.41695151,  0.63157026,  0.26299578</translation><rotation><c1>1., 0., 0.</c1><c2>0., 1., 0.</c2><c3>0., 0., 1.</c3></rotation></pose><symmetry><x>none</x><y>none</y><z>none</z></symmetry><detectionScore>-1</detectionScore></element><element><id>5</id><category>window</category><bounds><corner1>-0.633879  , -0.55738907, -0.03261096</corner1><corner2>0.633879  , 0.55738907, 0.03261096</corner2></bounds><pose><translation> 2.17912948, -0.14671127,  1.56593978</translation><rotation><c1>1., 0., 0.</c1><c2>0., 1., 0.</c2><c3>0., 0., 1.</c3></rotation></pose><symmetry><x>none</x><y>none</y><z>none</z></symmetry><detectionScore>-1</detectionScore></element><element><id>4</id><category>window</category><bounds><corner1>-0.49573967, -0.52909421, -0.02595269</corner1><corner2>0.49573967, 0.52909421, 0.02595269</corner2></bounds><pose><translation>-0.10278708, -0.11524527,  1.57501666</translation><rotation><c1>1., 0., 0.</c1><c2>0., 1., 0.</c2><c3>0., 0., 1.</c3></rotation></pose><symmetry><x>none</x><y>none</y><z>none</z></symmetry><detectionScore>-1</detectionScore></element><element><id>11</id><category>chandelier</category><bounds><corner1>-0.67652278, -0.21750163, -0.18989802</corner1><corner2>0.67652278, 0.21750163, 0.18989802</corner2></bounds><pose><translation> 1.03516152,  0.98661486, -2.75000314</translation><rotation><c1>1., 0., 0.</c1><c2>0., 1., 0.</c2><c3>0., 0., 1.</c3></rotation></pose><symmetry><x>none</x><y>none</y><z>none</z></symmetry><detectionScore>-1</detectionScore></element><element><id>10</id><category>table_and_chair</category><bounds><corner1>-1.15385664, -0.62807144, -0.33398825</corner1><corner2>1.15385664, 0.62807144, 0.33398825</corner2></bounds><pose><translation> 0.11067644, -1.20411072, -2.38495605</translation><rotation><c1>1., 0., 0.</c1><c2>0., 1., 0.</c2><c3>0., 0., 1.</c3></rotation></pose><symmetry><x>none</x><y>none</y><z>none</z></symmetry><detectionScore>-1</detectionScore></element><element><id>6</id><category>vase</category><bounds><corner1>-0.15464187, -0.09706856, -0.2040432 </corner1><corner2>0.15464187, 0.09706856, 0.2040432 </corner2></bounds><pose><translation>-0.12029782, -1.12161677,  1.34197266</translation><rotation><c1>1., 0., 0.</c1><c2>0., 1., 0.</c2><c3>0., 0., 1.</c3></rotation></pose><symmetry><x>none</x><y>none</y><z>none</z></symmetry><detectionScore>-1</detectionScore></element><element><id>13</id><category>wall</category><bounds><corner1>-2.2437427 , -1.16128041, -1.39441781</corner1><corner2>2.2437427 , 1.16128041, 1.39441781</corner2></bounds><pose><translation> 0.35521915, -0.0389712 , -3.66334573</translation><rotation><c1>1., 0., 0.</c1><c2>0., 1., 0.</c2><c3>0., 0., 1.</c3></rotation></pose><symmetry><x>none</x><y>none</y><z>none</z></symmetry><detectionScore>-1</detectionScore></element><element><id>3</id><category>washer</category><bounds><corner1>-0.54773331, -0.47280175, -0.51083025</corner1><corner2>0.54773331, 0.47280175, 0.51083025</corner2></bounds><pose><translation>-1.19668661, -0.97498397,  1.89909187</translation><rotation><c1>1., 0., 0.</c1><c2>0., 1., 0.</c2><c3>0., 0., 1.</c3></rotation></pose><symmetry><x>none</x><y>none</y><z>none</z></symmetry><detectionScore>-1</detectionScore></element><element><id>2</id><category>sofa</category><bounds><corner1>-0.86796437, -0.43321813, -1.25252986</corner1><corner2>0.86796437, 0.43321813, 1.25252986</corner2></bounds><pose><translation> 1.96500252, -1.04747989,  0.07509923</translation><rotation><c1>1., 0., 0.</c1><c2>0., 1., 0.</c2><c3>0., 0., 1.</c3></rotation></pose><symmetry><x>none</x><y>none</y><z>none</z></symmetry><detectionScore>-1</detectionScore></element><element><id>12</id><category>pedestal_fan</category><bounds><corner1>-0.06923039, -0.56544964, -0.52350611</corner1><corner2>0.06923039, 0.56544964, 0.52350611</corner2></bounds><pose><translation> 2.80076608, -0.96422469, -1.55210091</translation><rotation><c1>1., 0., 0.</c1><c2>0., 1., 0.</c2><c3>0., 0., 1.</c3></rotation></pose><symmetry><x>none</x><y>none</y><z>none</z></symmetry><detectionScore>-1</detectionScore></element><element><id>8</id><category>loudspeaker</category><bounds><corner1>-0.20097698, -0.04123127, -0.16150453</corner1><corner2>0.20097698, 0.04123127, 0.16150453</corner2></bounds><pose><translation>-1.34699081, -0.51725325, -0.82213101</translation><rotation><c1>1., 0., 0.</c1><c2>0., 1., 0.</c2><c3>0., 0., 1.</c3></rotation></pose><symmetry><x>none</x><y>none</y><z>none</z></symmetry><detectionScore>-1</detectionScore></element><element><id>1</id><category>refrigerator</category><bounds><corner1>-0.40647238, -0.81948965, -0.05194298</corner1><corner2>0.40647238, 0.81948965, 0.05194298</corner2></bounds><pose><translation>-1.37421491, -0.5549246 , -3.09479733</translation><rotation><c1>1., 0., 0.</c1><c2>0., 1., 0.</c2><c3>0., 0., 1.</c3></rotation></pose><symmetry><x>none</x><y>none</y><z>none</z></symmetry><detectionScore>-1</detectionScore></element></elements></scene>