<?xml version='1.0' encoding='utf-8'?>
<scene xmlns:sumo="https://www.sumochallenge.org"><version>2.0</version><categories><id>fb_categories_v1.0</id><url>https://sumochallenge.org/en/categories-1_0.json</url></categories><project_type>bounding_box</project_type><elements><element><id>25</id><category>television</category><bounds><corner1> 1.50896177, -0.23849556,  0.31190394</corner1><corner2>1.57397318, 0.48646996, 1.50259607</corner2></bounds><pose><translation>0., 0., 0.</translation><rotation><c1>1., 0., 0.</c1><c2>0., 1., 0.</c2><c3>0., 0., 1.</c3></rotation></pose><symmetry><x>none</x><y>none</y><z>none</z></symmetry><detectionScore>-1</detectionScore></element><element><id>18</id><category>window</category><bounds><corner1>-1.39542609, -1.29451869,  2.47315409</corner1><corner2>-0.44580617,  0.79716874,  2.58993974</corner2></bounds><pose><translation>0., 0., 0.</translation><rotation><c1>1., 0., 0.</c1><c2>0., 1., 0.</c2><c3>0., 0., 1.</c3></rotation></pose><symmetry><x>none</x><y>none</y><z>none</z></symmetry><detectionScore>-1</detectionScore></element><element><id>21</id><category>picture_frame</category><bounds><corner1>-3.44519049, -1.13410949, -0.8377658 </corner1><corner2>-3.30719518,  0.83641025, -0.15494493</corner2></bounds><pose><translation>0., 0., 0.</translation><rotation><c1>1., 0., 0.</c1><c2>0., 1., 0.</c2><c3>0., 0., 1.</c3></rotation></pose><symmetry><x>none</x><y>none</y><z>none</z></symmetry><detectionScore>-1</detectionScore></element><element><id>19</id><category>plant</category><bounds><corner1> 0.76137639, -1.35090869,  1.33503311</corner1><corner2>1.61724414, 0.23999449, 2.55517692</corner2></bounds><pose><translation>0., 0., 0.</translation><rotation><c1>1., 0., 0.</c1><c2>0., 1., 0.</c2><c3>0., 0., 1.</c3></rotation></pose><symmetry><x>none</x><y>none</y><z>none</z></symmetry><detectionScore>-1</detectionScore></element><element><id>17</id><category>plant</category><bounds><corner1> 0.41914693, -1.36064798,  1.92598322</corner1><corner2> 1.28200027, -0.12592417,  2.58296796</corner2></bounds><pose><translation>0., 0., 0.</translation><rotation><c1>1., 0., 0.</c1><c2>0., 1., 0.</c2><c3>0., 0., 1.</c3></rotation></pose><symmetry><x>none</x><y>none</y><z>none</z></symmetry><detectionScore>-1</detectionScore></element><element><id>6</id><category>sofa</category><bounds><corner1>-3.40290081, -1.27889687,  0.04127305</corner1><corner2>-1.57396879, -0.31350049,  2.24108659</corner2></bounds><pose><translation>0., 0., 0.</translation><rotation><c1>1., 0., 0.</c1><c2>0., 1., 0.</c2><c3>0., 0., 1.</c3></rotation></pose><symmetry><x>none</x><y>none</y><z>none</z></symmetry><detectionScore>-1</detectionScore></element><element><id>8</id><category>wall</category><bounds><corner1>-1.60250775, -0.75097777,  2.11001279</corner1><corner2>0.95552536, 0.77459533, 2.58989789</corner2></bounds><pose><translation>0., 0., 0.</translation><rotation><c1>1., 0., 0.</c1><c2>0., 1., 0.</c2><c3>0., 0., 1.</c3></rotation></pose><symmetry><x>none</x><y>none</y><z>none</z></symmetry><detectionScore>-1</detectionScore></element><element><id>7</id><category>chair</category><bounds><corner1>-2.12010289, -1.36339588, -2.54995871</corner1><corner2>-1.13552012, -0.42909422, -1.42896225</corner2></bounds><pose><translation>0., 0., 0.</translation><rotation><c1>1., 0., 0.</c1><c2>0., 1., 0.</c2><c3>0., 0., 1.</c3></rotation></pose><symmetry><x>none</x><y>none</y><z>none</z></symmetry><detectionScore>-1</detectionScore></element><element><id>16</id><category>door</category><bounds><corner1>-6.57531651, -1.35546158, -3.59418678</corner1><corner2>-1.63104028,  1.26224715, -0.91471684</corner2></bounds><pose><translation>0., 0., 0.</translation><rotation><c1>1., 0., 0.</c1><c2>0., 1., 0.</c2><c3>0., 0., 1.</c3></rotation></pose><symmetry><x>none</x><y>none</y><z>none</z></symmetry><detectionScore>-1</detectionScore></element><element><id>10</id><category>window</category><bounds><corner1>-0.43823136, -1.12992382,  2.02994387</corner1><corner2>1.12519628, 0.80790229, 2.58900666</corner2></bounds><pose><translation>0., 0., 0.</translation><rotation><c1>1., 0., 0.</c1><c2>0., 1., 0.</c2><c3>0., 0., 1.</c3></rotation></pose><symmetry><x>none</x><y>none</y><z>none</z></symmetry><detectionScore>-1</detectionScore></element><element><id>26</id><category>wall</category><bounds><corner1>-0.03500652, -1.34614642, -7.0557734 </corner1><corner2> 1.48881107,  1.30487009, -1.77007969</corner2></bounds><pose><translation>0., 0., 0.</translation><rotation><c1>1., 0., 0.</c1><c2>0., 1., 0.</c2><c3>0., 0., 1.</c3></rotation></pose><symmetry><x>none</x><y>none</y><z>none</z></symmetry><detectionScore>-1</detectionScore></element><element><id>22</id><category>door</category><bounds><corner1>-1.50682494, -1.3102811 ,  2.46998199</corner1><corner2>-0.40136056,  0.78348105,  2.58990535</corner2></bounds><pose><translation>0., 0., 0.</translation><rotation><c1>1., 0., 0.</c1><c2>0., 1., 0.</c2><c3>0., 0., 1.</c3></rotation></pose><symmetry><x>none</x><y>none</y><z>none</z></symmetry><detectionScore>-1</detectionScore></element><element><id>23</id><category>wall</category><bounds><corner1>-6.49849521, -1.34236062, -3.34709403</corner1><corner2>-1.68599214,  1.24777883,  2.47917612</corner2></bounds><pose><translation>0., 0., 0.</translation><rotation><c1>1., 0., 0.</c1><c2>0., 1., 0.</c2><c3>0., 0., 1.</c3></rotation></pose><symmetry><x>none</x><y>none</y><z>none</z></symmetry><detectionScore>-1</detectionScore></element><element><id>11</id><category>clock</category><bounds><corner1>-1.94293856,  0.54785015, -2.55411048</corner1><corner2>-1.59391633,  0.86075203, -2.4390081 </corner2></bounds><pose><translation>0., 0., 0.</translation><rotation><c1>1., 0., 0.</c1><c2>0., 1., 0.</c2><c3>0., 0., 1.</c3></rotation></pose><symmetry><x>none</x><y>none</y><z>none</z></symmetry><detectionScore>-1</detectionScore></element><element><id>2</id><category>wall</category><bounds><corner1> 0.75607484, -0.92727897,  1.7180031 </corner1><corner2>1.61011174, 1.21570335, 2.57905477</corner2></bounds><pose><translation>0., 0., 0.</translation><rotation><c1>1., 0., 0.</c1><c2>0., 1., 0.</c2><c3>0., 0., 1.</c3></rotation></pose><symmetry><x>none</x><y>none</y><z>none</z></symmetry><detectionScore>-1</detectionScore></element><element><id>14</id><category>plant</category><bounds><corner1> 1.07574696, -0.80739148,  1.54401439</corner1><corner2> 1.62171099, -0.12301397,  2.5481634 </corner2></bounds><pose><translation>0., 0., 0.</translation><rotation><c1>1., 0., 0.</c1><c2>0., 1., 0.</c2><c3>0., 0., 1.</c3></rotation></pose><symmetry><x>none</x><y>none</y><z>none</z></symmetry><detectionScore>-1</detectionScore></element><element><id>9</id><category>window</category><bounds><corner1>-6.59045059, -1.17631941, -3.61391672</corner1><corner2>-2.29904131,  1.28889997, -0.91247377</corner2></bounds><pose><translation>0., 0., 0.</translation><rotation><c1>1., 0., 0.</c1><c2>0., 1., 0.</c2><c3>0., 0., 1.</c3></rotation></pose><symmetry><x>none</x><y>none</y><z>none</z></symmetry><detectionScore>-1</detectionScore></element><element><id>20</id><category>wall</category><bounds><corner1>-1.35500373, -1.29054078, -9.1033172 </corner1><corner2> 0.52416638,  1.07213422, -1.92205688</corner2></bounds><pose><translation>0., 0., 0.</translation><rotation><c1>1., 0., 0.</c1><c2>0., 1., 0.</c2><c3>0., 0., 1.</c3></rotation></pose><symmetry><x>none</x><y>none</y><z>none</z></symmetry><detectionScore>-1</detectionScore></element><element><id>5</id><category>dresser</category><bounds><corner1> 1.11498056, -0.87893186, -0.02330848</corner1><corner2> 1.60096231, -0.42498661,  0.72088553</corner2></bounds><pose><translation>0., 0., 0.</translation><rotation><c1>1., 0., 0.</c1><c2>0., 1., 0.</c2><c3>0., 0., 1.</c3></rotation></pose><symmetry><x>none</x><y>none</y><z>none</z></symmetry><detectionScore>-1</detectionScore></element><element><id>24</id><category>picture_frame</category><bounds><corner1>-3.43917598,  0.0439266 ,  0.3779181 </corner1><corner2>-3.29882411,  0.89097762,  2.21164445</corner2></bounds><pose><translation>0., 0., 0.</translation><rotation><c1>1., 0., 0.</c1><c2>0., 1., 0.</c2><c3>0., 0., 1.</c3></rotation></pose><symmetry><x>none</x><y>none</y><z>none</z></symmetry><detectionScore>-1</detectionScore></element><element><id>12</id><category>wall</category><bounds><corner1>-6.58554964, -1.11410617, -3.58755493</corner1><corner2>-3.31077505,  1.28269488, -0.32786298</corner2></bounds><pose><translation>0., 0., 0.</translation><rotation><c1>1., 0., 0.</c1><c2>0., 1., 0.</c2><c3>0., 0., 1.</c3></rotation></pose><symmetry><x>none</x><y>none</y><z>none</z></symmetry><detectionScore>-1</detectionScore></element><element><id>15</id><category>wall</category><bounds><corner1>-6.54885673, -1.34514772, -3.60119802</corner1><corner2>-1.51204327,  1.30042025, -0.97621327</corner2></bounds><pose><translation>0., 0., 0.</translation><rotation><c1>1., 0., 0.</c1><c2>0., 1., 0.</c2><c3>0., 0., 1.</c3></rotation></pose><symmetry><x>none</x><y>none</y><z>none</z></symmetry><detectionScore>-1</detectionScore></element><element><id>4</id><category>coffee_table</category><bounds><corner1>-2.48101525, -1.36485   ,  0.51878621</corner1><corner2>-1.56503733, -0.61340828,  1.50271916</corner2></bounds><pose><translation>0., 0., 0.</translation><rotation><c1>1., 0., 0.</c1><c2>0., 1., 0.</c2><c3>0., 0., 1.</c3></rotation></pose><symmetry><x>none</x><y>none</y><z>none</z></symmetry><detectionScore>-1</detectionScore></element><element><id>1</id><category>kitchen_cabinet</category><bounds><corner1>-6.58928997, -1.34686375, -3.61352737</corner1><corner2>-2.15353437,  1.28773855, -1.03735297</corner2></bounds><pose><translation>0., 0., 0.</translation><rotation><c1>1., 0., 0.</c1><c2>0., 1., 0.</c2><c3>0., 0., 1.</c3></rotation></pose><symmetry><x>none</x><y>none</y><z>none</z></symmetry><detectionScore>-1</detectionScore></element><element><id>3</id><category>door</category><bounds><corner1>-0.19440828, -1.36095503, -8.96229358</corner1><corner2> 1.13283037,  1.18920008, -1.88510226</corner2></bounds><pose><translation>0., 0., 0.</translation><rotation><c1>1., 0., 0.</c1><c2>0., 1., 0.</c2><c3>0., 0., 1.</c3></rotation></pose><symmetry><x>none</x><y>none</y><z>none</z></symmetry><detectionScore>-1</detectionScore></element><element><id>27</id><category>arch</category><bounds><corner1>-6.57676091, -1.35528537, -3.59608144</corner1><corner2>-1.66696508,  1.26546171, -0.9512672 </corner2></bounds><pose><translation>0., 0., 0.</translation><rotation><c1>1., 0., 0.</c1><c2>0., 1., 0.</c2><c3>0., 0., 1.</c3></rotation></pose><symmetry><x>none</x><y>none</y><z>none</z></symmetry><detectionScore>-1</detectionScore></element><element><id>13</id><category>floor</category><bounds><corner1>-1.37819705, -1.35006381, -5.0292323 </corner1><corner2> 1.28219269, -0.44676606, -1.7160666 </corner2></bounds><pose><translation>0., 0., 0.</translation><rotation><c1>1., 0., 0.</c1><c2>0., 1., 0.</c2><c3>0., 0., 1.</c3></rotation></pose><symmetry><x>none</x><y>none</y><z>none</z></symmetry><detectionScore>-1</detectionScore></element></elements></scene>