<?xml version='1.0' encoding='utf-8'?>
<scene xmlns:sumo="https://www.sumochallenge.org"><version>2.0</version><categories><id>fb_categories_v1.0</id><url>https://sumochallenge.org/en/categories-1_0.json</url></categories><project_type>bounding_box</project_type><elements><element><id>4</id><category>door</category><bounds><corner1>-1.53853508, -1.22976786, -0.06055641</corner1><corner2>1.53853508, 1.22976786, 0.06055641</corner2></bounds><pose><translation> 5.12593345, -0.09052348,  3.66220448</translation><rotation><c1>1., 0., 0.</c1><c2>0., 1., 0.</c2><c3>0., 0., 1.</c3></rotation></pose><symmetry><x>twoFold</x><y>twoFold</y><z>twoFold</z></symmetry><detectionScore>0.578919</detectionScore></element><element><id>1</id><category>wall</category><bounds><corner1>-0.13835399, -1.23613714, -2.02525294</corner1><corner2>0.13835399, 1.23613714, 2.02525294</corner2></bounds><pose><translation> 8.45547961, -0.09125222,  1.58370369</translation><rotation><c1>1., 0., 0.</c1><c2>0., 1., 0.</c2><c3>0., 0., 1.</c3></rotation></pose><symmetry><x>none</x><y>twoFold</y><z>none</z></symmetry><detectionScore>0.98156893</detectionScore></element><element><id>5</id><category>kitchen_cabinet</category><bounds><corner1>-1.3984828 , -0.99009761, -0.51296677</corner1><corner2>1.3984828 , 0.99009761, 0.51296677</corner2></bounds><pose><translation>-0.83923134, -0.3796315 ,  3.12998425</translation><rotation><c1>1., 0., 0.</c1><c2>0., 1., 0.</c2><c3>0., 0., 1.</c3></rotation></pose><symmetry><x>none</x><y>none</y><z>none</z></symmetry><detectionScore>0.9913474</detectionScore></element><element><id>3</id><category>kitchen_cabinet</category><bounds><corner1>-0.59853969, -0.66432775, -0.55052501</corner1><corner2>0.59853969, 0.66432775, 0.55052501</corner2></bounds><pose><translation> 0.93927712, -0.69845501,  3.12281283</translation><rotation><c1>1., 0., 0.</c1><c2>0., 1., 0.</c2><c3>0., 0., 1.</c3></rotation></pose><symmetry><x>none</x><y>none</y><z>none</z></symmetry><detectionScore>0.81218654</detectionScore></element><element><id>2</id><category>armchair</category><bounds><corner1>-3.01244752, -0.14281033, -0.41453791</corner1><corner2>3.01244752, 0.14281033, 0.41453791</corner2></bounds><pose><translation> 1.47396768, -0.74668419,  0.11158894</translation><rotation><c1>1., 0., 0.</c1><c2>0., 1., 0.</c2><c3>0., 0., 1.</c3></rotation></pose><symmetry><x>none</x><y>none</y><z>none</z></symmetry><detectionScore>0.9624675</detectionScore></element><element><id>6</id><category>window</category><bounds><corner1>-1.48984057, -0.94305273, -0.0416887 </corner1><corner2>1.48984057, 0.94305273, 0.0416887 </corner2></bounds><pose><translation> 2.23798234,  0.11327137, -0.90608557</translation><rotation><c1>1., 0., 0.</c1><c2>0., 1., 0.</c2><c3>0., 0., 1.</c3></rotation></pose><symmetry><x>none</x><y>twoFold</y><z>none</z></symmetry><detectionScore>0.84905547</detectionScore></element></elements></scene>