<?xml version='1.0' encoding='utf-8'?>
<scene xmlns:sumo="https://www.sumochallenge.org"><version>2.0</version><categories><id>fb_categories_v1.0</id><url>https://sumochallenge.org/en/categories-1_0.json</url></categories><project_type>bounding_box</project_type><elements><element><id>4</id><category>chair</category><bounds><corner1>-0.58978674, -0.03494057, -0.46199731</corner1><corner2>0.58978674, 0.03494057, 0.46199731</corner2></bounds><pose><translation> 0.38499479, -0.422692  , -0.99099058</translation><rotation><c1>1., 0., 0.</c1><c2>0., 1., 0.</c2><c3>0., 0., 1.</c3></rotation></pose><symmetry><x>none</x><y>none</y><z>none</z></symmetry><detectionScore>0.95496833</detectionScore></element><element><id>1</id><category>door</category><bounds><corner1>-0.19140755, -0.92789763, -0.35518945</corner1><corner2>0.19140755, 0.92789763, 0.35518945</corner2></bounds><pose><translation>-4.16977351, -0.28041724, -0.28700934</translation><rotation><c1>1., 0., 0.</c1><c2>0., 1., 0.</c2><c3>0., 0., 1.</c3></rotation></pose><symmetry><x>twoFold</x><y>twoFold</y><z>twoFold</z></symmetry><detectionScore>0.70762223</detectionScore></element><element><id>5</id><category>kitchen_cabinet</category><bounds><corner1>-0.62923567, -0.49362762, -0.57710925</corner1><corner2>0.62923567, 0.49362762, 0.57710925</corner2></bounds><pose><translation>-0.83444532, -0.93546884,  2.23284958</translation><rotation><c1>1., 0., 0.</c1><c2>0., 1., 0.</c2><c3>0., 0., 1.</c3></rotation></pose><symmetry><x>none</x><y>none</y><z>none</z></symmetry><detectionScore>0.9969463</detectionScore></element><element><id>11</id><category>rug</category><bounds><corner1>-0.18744844, -0.2305378 , -0.85997161</corner1><corner2>0.18744844, 0.2305378 , 0.85997161</corner2></bounds><pose><translation> 0.60861409, -0.42230571, -1.58196669</translation><rotation><c1>1., 0., 0.</c1><c2>0., 1., 0.</c2><c3>0., 0., 1.</c3></rotation></pose><symmetry><x>none</x><y>twoFold</y><z>none</z></symmetry><detectionScore>0.6092928</detectionScore></element><element><id>10</id><category>person</category><bounds><corner1>-0.55703061, -0.60249809, -0.36821099</corner1><corner2>0.55703061, 0.60249809, 0.36821099</corner2></bounds><pose><translation>-1.70099535, -0.70046721, -0.75940379</translation><rotation><c1>1., 0., 0.</c1><c2>0., 1., 0.</c2><c3>0., 0., 1.</c3></rotation></pose><symmetry><x>none</x><y>none</y><z>none</z></symmetry><detectionScore>0.97958046</detectionScore></element><element><id>3</id><category>wall_lamp</category><bounds><corner1>-0.20455204, -0.23547421, -0.29002387</corner1><corner2>0.20455204, 0.23547421, 0.29002387</corner2></bounds><pose><translation>-1.42351007,  0.67997129,  1.69502268</translation><rotation><c1>1., 0., 0.</c1><c2>0., 1., 0.</c2><c3>0., 0., 1.</c3></rotation></pose><symmetry><x>none</x><y>none</y><z>none</z></symmetry><detectionScore>0.88349515</detectionScore></element><element><id>2</id><category>kettle</category><bounds><corner1>-0.37608967, -0.22290165, -0.44104488</corner1><corner2>0.37608967, 0.22290165, 0.44104488</corner2></bounds><pose><translation> 0.53987975, -0.61743453,  0.84900225</translation><rotation><c1>1., 0., 0.</c1><c2>0., 1., 0.</c2><c3>0., 0., 1.</c3></rotation></pose><symmetry><x>none</x><y>cylindrical</y><z>none</z></symmetry><detectionScore>0.6057703</detectionScore></element><element><id>8</id><category>kitchen_cabinet</category><bounds><corner1>-0.43536212, -0.14917828, -0.4430395 </corner1><corner2>0.43536212, 0.14917828, 0.4430395 </corner2></bounds><pose><translation> 0.34440867, -0.8140845 ,  1.81300863</translation><rotation><c1>1., 0., 0.</c1><c2>0., 1., 0.</c2><c3>0., 0., 1.</c3></rotation></pose><symmetry><x>none</x><y>none</y><z>none</z></symmetry><detectionScore>0.79023683</detectionScore></element><element><id>6</id><category>chair</category><bounds><corner1>-0.61107684, -0.18087767, -0.4576097 </corner1><corner2>0.61107684, 0.18087767, 0.4576097 </corner2></bounds><pose><translation>-1.8490702 , -0.68917468, -1.19098928</translation><rotation><c1>1., 0., 0.</c1><c2>0., 1., 0.</c2><c3>0., 0., 1.</c3></rotation></pose><symmetry><x>none</x><y>none</y><z>none</z></symmetry><detectionScore>0.8203608</detectionScore></element><element><id>12</id><category>wall</category><bounds><corner1>-2.359837  , -1.14483883, -0.95059799</corner1><corner2>2.359837  , 1.14483883, 0.95059799</corner2></bounds><pose><translation>-4.03076575, -0.02568618, -0.66213903</translation><rotation><c1>1., 0., 0.</c1><c2>0., 1., 0.</c2><c3>0., 0., 1.</c3></rotation></pose><symmetry><x>none</x><y>twoFold</y><z>none</z></symmetry><detectionScore>0.9794957</detectionScore></element></elements></scene>