<?xml version='1.0' encoding='utf-8'?>
<scene xmlns:sumo="https://www.sumochallenge.org"><version>2.0</version><categories><id>fb_categories_v1_0</id><url>https://sumochallenge.org/en/categories-1_0.json</url></categories><project_type>bounding_box</project_type><elements><element><id>0</id><category>desk</category><bounds><corner1>-0.8533734101119559, -0.5249175767024433, -3.668640903909085</corner1><corner2>0.8533734101119559, 0.5249175767024433, 3.668640903909085</corner2></bounds><pose><translation>-0.7081300025849726, -1.1186431586502026, -6.787989352150511</translation><rotation><c1>1, 0, 0</c1><c2>0, 1, 0</c2><c3>0, 0, 1</c3></rotation></pose><symmetry><x>twoFold</x><y>cylindrical</y><z>twoFold</z></symmetry><detectionScore>-1.0</detectionScore></element><element><id>1</id><category>wall</category><bounds><corner1>-1.7226061733642357, -1.4203249407929455, -1.3979983340329902</corner1><corner2>1.7226061733642357, 1.4203249407929455, 1.3979983340329902</corner2></bounds><pose><translation>-6.268693981153388, -0.07558540469123934, -2.365954863025147</translation><rotation><c1>1, 0, 0</c1><c2>0, 1, 0</c2><c3>0, 0, 1</c3></rotation></pose><symmetry><x>twoFold</x><y>cylindrical</y><z>twoFold</z></symmetry><detectionScore>-1.0</detectionScore></element><element><id>2</id><category>coffee_table</category><bounds><corner1>-0.862575792151491, -0.5094843904758779, -3.6923175561638013</corner1><corner2>0.862575792151491, 0.5094843904758779, 3.6923175561638013</corner2></bounds><pose><translation>-0.6900066272086492, -1.1296239456270842, -6.755359461809485</translation><rotation><c1>1, 0, 0</c1><c2>0, 1, 0</c2><c3>0, 0, 1</c3></rotation></pose><symmetry><x>twoFold</x><y>cylindrical</y><z>twoFold</z></symmetry><detectionScore>-1.0</detectionScore></element><element><id>3</id><category>wall</category><bounds><corner1>-0.22343688981573795, -1.3808254192362084, -2.455007701761021</corner1><corner2>0.22343688981573795, 1.3808254192362084, 2.455007701761021</corner2></bounds><pose><translation>6.127292714882941, -0.0664595975554967, -2.8994778888687733</translation><rotation><c1>1, 0, 0</c1><c2>0, 1, 0</c2><c3>0, 0, 1</c3></rotation></pose><symmetry><x>twoFold</x><y>cylindrical</y><z>twoFold</z></symmetry><detectionScore>-1.0</detectionScore></element><element><id>4</id><category>window</category><bounds><corner1>-0.1535810637295434, -1.0821083807034064, -1.650448232239297</corner1><corner2>0.1535810637295434, 1.0821083807034064, 1.650448232239297</corner2></bounds><pose><translation>7.658946632746171, 0.18710106798944517, 0.8444261232945866</translation><rotation><c1>1, 0, 0</c1><c2>0, 1, 0</c2><c3>0, 0, 1</c3></rotation></pose><symmetry><x>twoFold</x><y>cylindrical</y><z>twoFold</z></symmetry><detectionScore>-1.0</detectionScore></element><element><id>5</id><category>workplace</category><bounds><corner1>-2.401603161448428, -0.686541981268658, -4.882247438116306</corner1><corner2>2.401603161448428, 0.686541981268658, 4.882247438116306</corner2></bounds><pose><translation>-5.003974334888241, -0.527447893887356, 3.6081585015862236</translation><rotation><c1>1, 0, 0</c1><c2>0, 1, 0</c2><c3>0, 0, 1</c3></rotation></pose><symmetry><x>twoFold</x><y>cylindrical</y><z>twoFold</z></symmetry><detectionScore>-1.0</detectionScore></element><element><id>6</id><category>office_chair</category><bounds><corner1>-1.1237825488284319, -0.5405670015648589, -1.7309818690669916</corner1><corner2>1.1237825488284319, 0.5405670015648589, 1.7309818690669916</corner2></bounds><pose><translation>-6.360519510110559, -0.890117620089218, -8.833523125163547</translation><rotation><c1>1, 0, 0</c1><c2>0, 1, 0</c2><c3>0, 0, 1</c3></rotation></pose><symmetry><x>twoFold</x><y>cylindrical</y><z>twoFold</z></symmetry><detectionScore>-1.0</detectionScore></element><element><id>7</id><category>kitchen_cabinet</category><bounds><corner1>-1.9466639349055976, -0.42521845552457127, -0.1267847818544401</corner1><corner2>1.9466639349055976, 0.42521845552457127, 0.1267847818544401</corner2></bounds><pose><translation>0.5538678653580156, -1.2202066714895097, -2.564892228097362</translation><rotation><c1>1, 0, 0</c1><c2>0, 1, 0</c2><c3>0, 0, 1</c3></rotation></pose><symmetry><x>twoFold</x><y>cylindrical</y><z>twoFold</z></symmetry><detectionScore>-1.0</detectionScore></element><element><id>8</id><category>kitchen_cabinet</category><bounds><corner1>-0.9045290255946599, -0.38685557610104326, -1.001151279326677</corner1><corner2>0.9045290255946599, 0.38685557610104326, 1.001151279326677</corner2></bounds><pose><translation>5.361785698986303, -0.9341507553436913, -3.7798917495784896</translation><rotation><c1>1, 0, 0</c1><c2>0, 1, 0</c2><c3>0, 0, 1</c3></rotation></pose><symmetry><x>twoFold</x><y>cylindrical</y><z>twoFold</z></symmetry><detectionScore>-1.0</detectionScore></element><element><id>9</id><category>mirror</category><bounds><corner1>-0.26713468947676144, -0.7080109972359881, -0.5280730670290752</corner1><corner2>0.26713468947676144, 0.7080109972359881, 0.5280730670290752</corner2></bounds><pose><translation>-4.848922450293465, -0.608574600897639, -4.077707397126346</translation><rotation><c1>1, 0, 0</c1><c2>0, 1, 0</c2><c3>0, 0, 1</c3></rotation></pose><symmetry><x>twoFold</x><y>cylindrical</y><z>twoFold</z></symmetry><detectionScore>-1.0</detectionScore></element><element><id>10</id><category>office_chair</category><bounds><corner1>-1.417403572387098, -0.7172846305682967, -2.115838638985762</corner1><corner2>1.417403572387098, 0.7172846305682967, 2.115838638985762</corner2></bounds><pose><translation>-5.560727441730583, -1.0661445605851416, -8.769461940223113</translation><rotation><c1>1, 0, 0</c1><c2>0, 1, 0</c2><c3>0, 0, 1</c3></rotation></pose><symmetry><x>twoFold</x><y>cylindrical</y><z>twoFold</z></symmetry><detectionScore>-1.0</detectionScore></element><element><id>11</id><category>dresser</category><bounds><corner1>-2.188505511676195, -0.4311089537848537, -0.1256106853077168</corner1><corner2>2.188505511676195, 0.4311089537848537, 0.1256106853077168</corner2></bounds><pose><translation>0.5610527937728774, -1.205631543578682, -2.573032912842065</translation><rotation><c1>1, 0, 0</c1><c2>0, 1, 0</c2><c3>0, 0, 1</c3></rotation></pose><symmetry><x>twoFold</x><y>cylindrical</y><z>twoFold</z></symmetry><detectionScore>-1.0</detectionScore></element><element><id>12</id><category>floor</category><bounds><corner1>-1.1261533397904406, -0.5276393906627153, -1.0253610070308203</corner1><corner2>1.1261533397904406, 0.5276393906627153, 1.0253610070308203</corner2></bounds><pose><translation>-6.351895003752781, -0.9009791671688914, -2.3607751599478752</translation><rotation><c1>1, 0, 0</c1><c2>0, 1, 0</c2><c3>0, 0, 1</c3></rotation></pose><symmetry><x>twoFold</x><y>cylindrical</y><z>twoFold</z></symmetry><detectionScore>-1.0</detectionScore></element><element><id>13</id><category>wall</category><bounds><corner1>-1.2417413881960406, -1.2448183549686112, -3.7109343701359743</corner1><corner2>1.2417413881960406, 1.2448183549686112, 3.7109343701359743</corner2></bounds><pose><translation>-0.6015717984174808, 0.04018264746048744, -8.29925160676888</translation><rotation><c1>1, 0, 0</c1><c2>0, 1, 0</c2><c3>0, 0, 1</c3></rotation></pose><symmetry><x>twoFold</x><y>cylindrical</y><z>twoFold</z></symmetry><detectionScore>-1.0</detectionScore></element><element><id>14</id><category>desk</category><bounds><corner1>-1.5408482283146583, -0.5513177859436137, -2.232283598373118</corner1><corner2>1.5408482283146583, 0.5513177859436137, 2.232283598373118</corner2></bounds><pose><translation>3.1398555058287485, -1.0683086505669939, -6.343103704552486</translation><rotation><c1>1, 0, 0</c1><c2>0, 1, 0</c2><c3>0, 0, 1</c3></rotation></pose><symmetry><x>twoFold</x><y>cylindrical</y><z>twoFold</z></symmetry><detectionScore>-1.0</detectionScore></element><element><id>15</id><category>computer</category><bounds><corner1>-2.8014376629797306, -0.3370868886317545, -3.836066701194862</corner1><corner2>2.8014376629797306, 0.3370868886317545, 3.836066701194862</corner2></bounds><pose><translation>-6.004638717189181, -0.347023242097696, 4.630938950458941</translation><rotation><c1>1, 0, 0</c1><c2>0, 1, 0</c2><c3>0, 0, 1</c3></rotation></pose><symmetry><x>twoFold</x><y>cylindrical</y><z>twoFold</z></symmetry><detectionScore>-1.0</detectionScore></element><element><id>16</id><category>chair</category><bounds><corner1>-1.1227994228151283, -0.5218149925206175, -1.7275545253667302</corner1><corner2>1.1227994228151283, 0.5218149925206175, 1.7275545253667302</corner2></bounds><pose><translation>-6.359536384097256, -0.8713656110449767, -8.830095781463285</translation><rotation><c1>1, 0, 0</c1><c2>0, 1, 0</c2><c3>0, 0, 1</c3></rotation></pose><symmetry><x>twoFold</x><y>cylindrical</y><z>twoFold</z></symmetry><detectionScore>-1.0</detectionScore></element><element><id>17</id><category>office_chair</category><bounds><corner1>-3.639895741783155, -0.3261571228285933, -0.5067589432570612</corner1><corner2>3.639895741783155, 0.3261571228285933, 0.5067589432570612</corner2></bounds><pose><translation>2.6673563110319396, -1.086304216741584, -0.9748401631307814</translation><rotation><c1>1, 0, 0</c1><c2>0, 1, 0</c2><c3>0, 0, 1</c3></rotation></pose><symmetry><x>twoFold</x><y>cylindrical</y><z>twoFold</z></symmetry><detectionScore>-1.0</detectionScore></element><element><id>18</id><category>computer</category><bounds><corner1>-0.5634118035523796, -0.3340829408668315, -0.4111476276169399</corner1><corner2>0.5634118035523796, 0.3340829408668315, 0.4111476276169399</corner2></bounds><pose><translation>5.732281607970078, -0.3872907200416639, -3.1380602264853</translation><rotation><c1>1, 0, 0</c1><c2>0, 1, 0</c2><c3>0, 0, 1</c3></rotation></pose><symmetry><x>twoFold</x><y>cylindrical</y><z>twoFold</z></symmetry><detectionScore>-1.0</detectionScore></element><element><id>19</id><category>dressing_table</category><bounds><corner1>-1.0348521960137118, -0.7816795007728955, -0.68617750732</corner1><corner2>1.0348521960137118, 0.7816795007728955, 0.68617750732</corner2></bounds><pose><translation>6.767161388023545, -0.8128191332755611, 2.074340618403873</translation><rotation><c1>1, 0, 0</c1><c2>0, 1, 0</c2><c3>0, 0, 1</c3></rotation></pose><symmetry><x>twoFold</x><y>cylindrical</y><z>twoFold</z></symmetry><detectionScore>-1.0</detectionScore></element><element><id>20</id><category>wall</category><bounds><corner1>-7.427107625605341, -1.1997619415758485, -5.963715283382156</corner1><corner2>7.427107625605341, 1.1997619415758485, 5.963715283382156</corner2></bounds><pose><translation>-10.623177435243827, 0.07309671546691521, 2.2324021014606905</translation><rotation><c1>1, 0, 0</c1><c2>0, 1, 0</c2><c3>0, 0, 1</c3></rotation></pose><symmetry><x>twoFold</x><y>cylindrical</y><z>twoFold</z></symmetry><detectionScore>-1.0</detectionScore></element><element><id>21</id><category>desk</category><bounds><corner1>-2.221730392205848, -0.4089121617393241, -0.10321619652374281</corner1><corner2>2.221730392205848, 0.4089121617393241, 0.10321619652374281</corner2></bounds><pose><translation>0.5278279132432243, -1.1738409956389353, -2.5790379432336716</translation><rotation><c1>1, 0, 0</c1><c2>0, 1, 0</c2><c3>0, 0, 1</c3></rotation></pose><symmetry><x>twoFold</x><y>cylindrical</y><z>twoFold</z></symmetry><detectionScore>-1.0</detectionScore></element><element><id>22</id><category>office_chair</category><bounds><corner1>-1.0782286914620887, -0.4382972905817817, -1.1508735758844626</corner1><corner2>1.0782286914620887, 0.4382972905817817, 1.1508735758844626</corner2></bounds><pose><translation>5.15956458902887, -0.8992861973100335, -3.9252847261070265</translation><rotation><c1>1, 0, 0</c1><c2>0, 1, 0</c2><c3>0, 0, 1</c3></rotation></pose><symmetry><x>twoFold</x><y>cylindrical</y><z>twoFold</z></symmetry><detectionScore>-1.0</detectionScore></element><element><id>23</id><category>chair</category><bounds><corner1>-0.5480573182840063, -0.4388464415711647, -5.816001198739657</corner1><corner2>0.5480573182840063, 0.4388464415711647, 5.816001198739657</corner2></bounds><pose><translation>-1.6148571997911294, -0.8742953843506699, 2.2920160901031794</translation><rotation><c1>1, 0, 0</c1><c2>0, 1, 0</c2><c3>0, 0, 1</c3></rotation></pose><symmetry><x>twoFold</x><y>cylindrical</y><z>twoFold</z></symmetry><detectionScore>-1.0</detectionScore></element><element><id>24</id><category>wall</category><bounds><corner1>-0.3163468803612126, -1.3860573606905455, -0.7133066054470802</corner1><corner2>0.3163468803612126, 1.3860573606905455, 0.7133066054470802</corner2></bounds><pose><translation>-5.202414967636341, -0.09827757448543217, -5.885617320379</translation><rotation><c1>1, 0, 0</c1><c2>0, 1, 0</c2><c3>0, 0, 1</c3></rotation></pose><symmetry><x>twoFold</x><y>cylindrical</y><z>twoFold</z></symmetry><detectionScore>-1.0</detectionScore></element><element><id>25</id><category>office_chair</category><bounds><corner1>-1.305102045492523, -0.5394063042854053, -5.8224106066840395</corner1><corner2>1.305102045492523, 0.5394063042854053, 5.8224106066840395</corner2></bounds><pose><translation>-3.259784998770006, -0.7835560338738147, 2.1566825663157045</translation><rotation><c1>1, 0, 0</c1><c2>0, 1, 0</c2><c3>0, 0, 1</c3></rotation></pose><symmetry><x>twoFold</x><y>cylindrical</y><z>twoFold</z></symmetry><detectionScore>-1.0</detectionScore></element><element><id>26</id><category>wall</category><bounds><corner1>-4.473460408047636, -1.3866808510038209, -2.8854531004253587</corner1><corner2>4.473460408047636, 1.3866808510038209, 2.8854531004253587</corner2></bounds><pose><translation>3.1827275873483596, -0.10969751796629339, -7.445431001032726</translation><rotation><c1>1, 0, 0</c1><c2>0, 1, 0</c2><c3>0, 0, 1</c3></rotation></pose><symmetry><x>twoFold</x><y>cylindrical</y><z>twoFold</z></symmetry><detectionScore>-1.0</detectionScore></element><element><id>27</id><category>window</category><bounds><corner1>-1.9573825441905224, -1.1649489780815128, -0.24459164685296741</corner1><corner2>1.9573825441905224, 1.1649489780815128, 0.24459164685296741</corner2></bounds><pose><translation>-1.4174293123082609, 0.04407073627416835, 8.997629684919765</translation><rotation><c1>1, 0, 0</c1><c2>0, 1, 0</c2><c3>0, 0, 1</c3></rotation></pose><symmetry><x>twoFold</x><y>cylindrical</y><z>twoFold</z></symmetry><detectionScore>-1.0</detectionScore></element><element><id>28</id><category>workplace</category><bounds><corner1>-1.00580285573737, -0.8929893415980745, -0.8784454539727251</corner1><corner2>1.00580285573737, 0.8929893415980745, 0.8784454539727251</corner2></bounds><pose><translation>6.802983598357686, -0.9207084814851247, 1.8999418822190706</translation><rotation><c1>1, 0, 0</c1><c2>0, 1, 0</c2><c3>0, 0, 1</c3></rotation></pose><symmetry><x>twoFold</x><y>cylindrical</y><z>twoFold</z></symmetry><detectionScore>-1.0</detectionScore></element><element><id>29</id><category>wall</category><bounds><corner1>-0.6845886703337438, -1.409602790501411, -1.1374322762498483</corner1><corner2>0.6845886703337438, 1.409602790501411, 1.1374322762498483</corner2></bounds><pose><translation>-5.281275425150842, -0.08748017469070223, -3.4610175231550775</translation><rotation><c1>1, 0, 0</c1><c2>0, 1, 0</c2><c3>0, 0, 1</c3></rotation></pose><symmetry><x>twoFold</x><y>cylindrical</y><z>twoFold</z></symmetry><detectionScore>-1.0</detectionScore></element><element><id>30</id><category>dining_table</category><bounds><corner1>-0.8786866638787348, -0.5285288966167382, -3.71284698110832</corner1><corner2>0.8786866638787348, 0.5285288966167382, 3.71284698110832</corner2></bounds><pose><translation>-0.706117498935893, -1.1222544785644974, -6.775888886754004</translation><rotation><c1>1, 0, 0</c1><c2>0, 1, 0</c2><c3>0, 0, 1</c3></rotation></pose><symmetry><x>twoFold</x><y>cylindrical</y><z>twoFold</z></symmetry><detectionScore>-1.0</detectionScore></element><element><id>31</id><category>wall</category><bounds><corner1>-1.5835418746601206, -1.41988785331215, -0.950134488560975</corner1><corner2>1.5835418746601206, 1.41988785331215, 0.950134488560975</corner2></bounds><pose><translation>-4.03911509818029, -0.14017180333300958, -9.51510539099593</translation><rotation><c1>1, 0, 0</c1><c2>0, 1, 0</c2><c3>0, 0, 1</c3></rotation></pose><symmetry><x>twoFold</x><y>cylindrical</y><z>twoFold</z></symmetry><detectionScore>-1.0</detectionScore></element><element><id>32</id><category>desk</category><bounds><corner1>-0.871368230407799, -0.5834809049064841, -0.867329751328278</corner1><corner2>0.871368230407799, 0.5834809049064841, 0.867329751328278</corner2></bounds><pose><translation>6.931204572672808, -1.0206865286239644, 1.8829219016165042</translation><rotation><c1>1, 0, 0</c1><c2>0, 1, 0</c2><c3>0, 0, 1</c3></rotation></pose><symmetry><x>twoFold</x><y>cylindrical</y><z>twoFold</z></symmetry><detectionScore>-1.0</detectionScore></element><element><id>33</id><category>plant</category><bounds><corner1>-2.3013257109267338, -0.8305234746574448, -2.2996428569854688</corner1><corner2>2.3013257109267338, 0.8305234746574448, 2.2996428569854688</corner2></bounds><pose><translation>3.3262465058971724, -0.4996023988248754, -6.922352716757429</translation><rotation><c1>1, 0, 0</c1><c2>0, 1, 0</c2><c3>0, 0, 1</c3></rotation></pose><symmetry><x>twoFold</x><y>cylindrical</y><z>twoFold</z></symmetry><detectionScore>-1.0</detectionScore></element><element><id>34</id><category>chair</category><bounds><corner1>-2.113485331938413, -0.5532770917407042, -4.6033667129505345</corner1><corner2>2.113485331938413, 0.5532770917407042, 4.6033667129505345</corner2></bounds><pose><translation>-4.665553308189083, -0.7897599595779499, 3.879524004642657</translation><rotation><c1>1, 0, 0</c1><c2>0, 1, 0</c2><c3>0, 0, 1</c3></rotation></pose><symmetry><x>twoFold</x><y>cylindrical</y><z>twoFold</z></symmetry><detectionScore>-1.0</detectionScore></element><element><id>35</id><category>desk</category><bounds><corner1>-0.788137850027554, -0.5470113403131347, -4.577136378704514</corner1><corner2>0.788137850027554, 0.5470113403131347, 4.577136378704514</corner2></bounds><pose><translation>-0.9115001697636094, -1.117504973695179, 1.98749371936228</translation><rotation><c1>1, 0, 0</c1><c2>0, 1, 0</c2><c3>0, 0, 1</c3></rotation></pose><symmetry><x>twoFold</x><y>cylindrical</y><z>twoFold</z></symmetry><detectionScore>-1.0</detectionScore></element><element><id>36</id><category>desk</category><bounds><corner1>-0.6406932244886006, -0.498535576030354, -6.66496475738198</corner1><corner2>0.6406932244886006, 0.498535576030354, 6.66496475738198</corner2></bounds><pose><translation>-1.045083522634193, -0.853783464680254, 2.4149760137319385</translation><rotation><c1>1, 0, 0</c1><c2>0, 1, 0</c2><c3>0, 0, 1</c3></rotation></pose><symmetry><x>twoFold</x><y>cylindrical</y><z>twoFold</z></symmetry><detectionScore>-1.0</detectionScore></element><element><id>37</id><category>plant</category><bounds><corner1>-1.354133932884683, -1.0348890047200547, -3.4593408817959554</corner1><corner2>1.354133932884683, 1.0348890047200547, 3.4593408817959554</corner2></bounds><pose><translation>-1.082057868306886, -0.4981533967412952, -8.22641518821014</translation><rotation><c1>1, 0, 0</c1><c2>0, 1, 0</c2><c3>0, 0, 1</c3></rotation></pose><symmetry><x>twoFold</x><y>cylindrical</y><z>twoFold</z></symmetry><detectionScore>-1.0</detectionScore></element><element><id>38</id><category>plant</category><bounds><corner1>-2.2093508804246547, -0.8157375141722575, -1.5958379350938223</corner1><corner2>2.2093508804246547, 0.8157375141722575, 1.5958379350938223</corner2></bounds><pose><translation>5.143025913899308, -0.3987028814786943, -6.890714186256783</translation><rotation><c1>1, 0, 0</c1><c2>0, 1, 0</c2><c3>0, 0, 1</c3></rotation></pose><symmetry><x>twoFold</x><y>cylindrical</y><z>twoFold</z></symmetry><detectionScore>-1.0</detectionScore></element><element><id>39</id><category>desk</category><bounds><corner1>-2.181957031569242, -0.5656998870971665, -4.69200478313922</corner1><corner2>2.181957031569242, 0.5656998870971665, 4.69200478313922</corner2></bounds><pose><translation>-4.6494913148633925, -0.8039723176745789, 3.790885934453972</translation><rotation><c1>1, 0, 0</c1><c2>0, 1, 0</c2><c3>0, 0, 1</c3></rotation></pose><symmetry><x>twoFold</x><y>cylindrical</y><z>twoFold</z></symmetry><detectionScore>-1.0</detectionScore></element><element><id>40</id><category>desk</category><bounds><corner1>-0.8036962557286118, -0.42053591391019135, -3.1415984028516872</corner1><corner2>0.8036962557286118, 0.42053591391019135, 3.1415984028516872</corner2></bounds><pose><translation>-2.6173188417367337, -0.7971836382493127, 1.9369309191431456</translation><rotation><c1>1, 0, 0</c1><c2>0, 1, 0</c2><c3>0, 0, 1</c3></rotation></pose><symmetry><x>twoFold</x><y>cylindrical</y><z>twoFold</z></symmetry><detectionScore>-1.0</detectionScore></element><element><id>41</id><category>workplace</category><bounds><corner1>-5.1640885735114, -0.8232394188283103, -6.479359953038311</corner1><corner2>5.1640885735114, 0.8232394188283103, 6.479359953038311</corner2></bounds><pose><translation>-8.353642496397779, -0.7053982868403073, 1.3091590515716673</translation><rotation><c1>1, 0, 0</c1><c2>0, 1, 0</c2><c3>0, 0, 1</c3></rotation></pose><symmetry><x>twoFold</x><y>cylindrical</y><z>twoFold</z></symmetry><detectionScore>-1.0</detectionScore></element><element><id>42</id><category>sofa</category><bounds><corner1>-1.165905257018561, -0.47493548902276017, -3.1400622592118976</corner1><corner2>1.165905257018561, 0.47493548902276017, 3.1400622592118976</corner2></bounds><pose><translation>-0.8336156018780936, -0.7853069762728512, -6.934651231786676</translation><rotation><c1>1, 0, 0</c1><c2>0, 1, 0</c2><c3>0, 0, 1</c3></rotation></pose><symmetry><x>twoFold</x><y>cylindrical</y><z>twoFold</z></symmetry><detectionScore>-1.0</detectionScore></element><element><id>43</id><category>wall</category><bounds><corner1>-3.7084999224355526, -1.3137855673280874, -0.2933516537586396</corner1><corner2>3.7084999224355526, 1.3137855673280874, 0.2933516537586396</corner2></bounds><pose><translation>-0.3308574606876513, -0.026521115023567233, 8.948869678014093</translation><rotation><c1>1, 0, 0</c1><c2>0, 1, 0</c2><c3>0, 0, 1</c3></rotation></pose><symmetry><x>twoFold</x><y>cylindrical</y><z>twoFold</z></symmetry><detectionScore>-1.0</detectionScore></element><element><id>44</id><category>desk</category><bounds><corner1>-5.635553648175179, -0.7149530295164601, -0.5548002739014026</corner1><corner2>5.635553648175179, 0.7149530295164601, 0.5548002739014026</corner2></bounds><pose><translation>2.04835060772349, -1.2137337225068179, -0.5473565852153531</translation><rotation><c1>1, 0, 0</c1><c2>0, 1, 0</c2><c3>0, 0, 1</c3></rotation></pose><symmetry><x>twoFold</x><y>cylindrical</y><z>twoFold</z></symmetry><detectionScore>-1.0</detectionScore></element><element><id>45</id><category>desk</category><bounds><corner1>-1.0421937834901192, -0.4514087145784278, -2.0854743681496486</corner1><corner2>1.0421937834901192, 0.4514087145784278, 2.0854743681496486</corner2></bounds><pose><translation>5.278930456759666, -1.1251785089376125, -2.7481402722933352</translation><rotation><c1>1, 0, 0</c1><c2>0, 1, 0</c2><c3>0, 0, 1</c3></rotation></pose><symmetry><x>twoFold</x><y>cylindrical</y><z>twoFold</z></symmetry><detectionScore>-1.0</detectionScore></element><element><id>46</id><category>office_chair</category><bounds><corner1>-0.5446880842989817, -0.5632457639580132, -6.258083621859113</corner1><corner2>0.5446880842989817, 0.5632457639580132, 6.258083621859113</corner2></bounds><pose><translation>-1.122777971774293, -0.8815482653884034, 2.249238562107212</translation><rotation><c1>1, 0, 0</c1><c2>0, 1, 0</c2><c3>0, 0, 1</c3></rotation></pose><symmetry><x>twoFold</x><y>cylindrical</y><z>twoFold</z></symmetry><detectionScore>-1.0</detectionScore></element><element><id>47</id><category>desk</category><bounds><corner1>-2.0813744917865034, -0.6056547012299152, -3.5969283818987243</corner1><corner2>2.0813744917865034, 0.6056547012299152, 3.5969283818987243</corner2></bounds><pose><translation>0.7688182125402334, -1.158313530492788, 5.580817078619733</translation><rotation><c1>1, 0, 0</c1><c2>0, 1, 0</c2><c3>0, 0, 1</c3></rotation></pose><symmetry><x>twoFold</x><y>cylindrical</y><z>twoFold</z></symmetry><detectionScore>-1.0</detectionScore></element><element><id>48</id><category>kitchen_cabinet</category><bounds><corner1>-0.8164896220710727, -0.28799789713395874, -1.0811210969068457</corner1><corner2>0.8164896220710727, 0.28799789713395874, 1.0811210969068457</corner2></bounds><pose><translation>5.265376211531301, -1.027458556642748, -3.8598615671586582</translation><rotation><c1>1, 0, 0</c1><c2>0, 1, 0</c2><c3>0, 0, 1</c3></rotation></pose><symmetry><x>twoFold</x><y>cylindrical</y><z>twoFold</z></symmetry><detectionScore>-1.0</detectionScore></element><element><id>49</id><category>office_chair</category><bounds><corner1>-2.1126753075020166, -0.5829872573053055, -4.606752869870288</corner1><corner2>2.1126753075020166, 0.5829872573053055, 4.606752869870288</corner2></bounds><pose><translation>-4.664743283752687, -0.7889240456320955, 3.878317618936803</translation><rotation><c1>1, 0, 0</c1><c2>0, 1, 0</c2><c3>0, 0, 1</c3></rotation></pose><symmetry><x>twoFold</x><y>cylindrical</y><z>twoFold</z></symmetry><detectionScore>-1.0</detectionScore></element><element><id>50</id><category>partition</category><bounds><corner1>-7.4268911314096595, -1.2782648246508819, -5.891410187619195</corner1><corner2>7.4268911314096595, 1.2782648246508819, 5.891410187619195</corner2></bounds><pose><translation>-10.622960941048145, -0.01044745201899539, 2.2601606821360005</translation><rotation><c1>1, 0, 0</c1><c2>0, 1, 0</c2><c3>0, 0, 1</c3></rotation></pose><symmetry><x>twoFold</x><y>cylindrical</y><z>twoFold</z></symmetry><detectionScore>-1.0</detectionScore></element><element><id>51</id><category>wall</category><bounds><corner1>-3.519989078294663, -1.6203789095500754, -0.24197339446893373</corner1><corner2>3.519989078294663, 1.6203789095500754, 0.24197339446893373</corner2></bounds><pose><translation>4.2138394148861895, -0.23397347270924732, 2.74724803824516</translation><rotation><c1>1, 0, 0</c1><c2>0, 1, 0</c2><c3>0, 0, 1</c3></rotation></pose><symmetry><x>twoFold</x><y>cylindrical</y><z>twoFold</z></symmetry><detectionScore>-1.0</detectionScore></element><element><id>52</id><category>chair</category><bounds><corner1>-0.973597796821994, -0.8857296093644469, -0.7118912258475698</corner1><corner2>0.973597796821994, 0.8857296093644469, 0.7118912258475698</corner2></bounds><pose><translation>-3.750095597597823, -1.6282596084190533, 0.6494719981951189</translation><rotation><c1>1, 0, 0</c1><c2>0, 1, 0</c2><c3>0, 0, 1</c3></rotation></pose><symmetry><x>twoFold</x><y>cylindrical</y><z>twoFold</z></symmetry><detectionScore>-1.0</detectionScore></element><element><id>53</id><category>kitchen_cabinet</category><bounds><corner1>-2.05653741957304, -0.6773453463096989, -3.6208827157825496</corner1><corner2>2.05653741957304, 0.6773453463096989, 3.6208827157825496</corner2></bounds><pose><translation>0.75686909491655, -1.136569437767399, 5.583744219521444</translation><rotation><c1>1, 0, 0</c1><c2>0, 1, 0</c2><c3>0, 0, 1</c3></rotation></pose><symmetry><x>twoFold</x><y>cylindrical</y><z>twoFold</z></symmetry><detectionScore>-1.0</detectionScore></element><element><id>54</id><category>desk</category><bounds><corner1>-1.0534523114446726, -0.4446524571244481, -3.052802338721545</corner1><corner2>1.0534523114446726, 0.4446524571244481, 3.052802338721545</corner2></bounds><pose><translation>-2.6337163011416473, -0.8101014043206678, 1.192019591449246</translation><rotation><c1>1, 0, 0</c1><c2>0, 1, 0</c2><c3>0, 0, 1</c3></rotation></pose><symmetry><x>twoFold</x><y>cylindrical</y><z>twoFold</z></symmetry><detectionScore>-1.0</detectionScore></element><element><id>55</id><category>chair</category><bounds><corner1>-0.791644248643439, -0.9076153835534745, -1.10756822843363</corner1><corner2>0.791644248643439, 0.9076153835534745, 1.10756822843363</corner2></bounds><pose><translation>-4.856590851824325, -0.9686467630028293, -4.049490503519289</translation><rotation><c1>1, 0, 0</c1><c2>0, 1, 0</c2><c3>0, 0, 1</c3></rotation></pose><symmetry><x>twoFold</x><y>cylindrical</y><z>twoFold</z></symmetry><detectionScore>-1.0</detectionScore></element><element><id>56</id><category>chair</category><bounds><corner1>-0.9585302772162416, -0.4632918423062037, -2.0158491388646302</corner1><corner2>0.9585302772162416, 0.4632918423062037, 2.0158491388646302</corner2></bounds><pose><translation>5.310276830390086, -1.2146837934801944, -3.5500149974624087</translation><rotation><c1>1, 0, 0</c1><c2>0, 1, 0</c2><c3>0, 0, 1</c3></rotation></pose><symmetry><x>twoFold</x><y>cylindrical</y><z>twoFold</z></symmetry><detectionScore>-1.0</detectionScore></element><element><id>57</id><category>armchair</category><bounds><corner1>-1.1237825488284319, -0.5405670015648589, -1.7309818690669916</corner1><corner2>1.1237825488284319, 0.5405670015648589, 1.7309818690669916</corner2></bounds><pose><translation>-6.360519510110559, -0.890117620089218, -8.833523125163547</translation><rotation><c1>1, 0, 0</c1><c2>0, 1, 0</c2><c3>0, 0, 1</c3></rotation></pose><symmetry><x>twoFold</x><y>cylindrical</y><z>twoFold</z></symmetry><detectionScore>-1.0</detectionScore></element><element><id>58</id><category>desk</category><bounds><corner1>-0.849269165970572, -0.5639539797472994, -0.7552637648303997</corner1><corner2>0.849269165970572, 0.5639539797472994, 0.7552637648303997</corner2></bounds><pose><translation>-7.08120509503492, -1.1055363073425646, -1.5460649903253918</translation><rotation><c1>1, 0, 0</c1><c2>0, 1, 0</c2><c3>0, 0, 1</c3></rotation></pose><symmetry><x>twoFold</x><y>cylindrical</y><z>twoFold</z></symmetry><detectionScore>-1.0</detectionScore></element><element><id>59</id><category>desk</category><bounds><corner1>-0.9225777256133707, -0.5507255463645566, -5.731432027948542</corner1><corner2>0.9225777256133707, 0.5507255463645566, 5.731432027948542</corner2></bounds><pose><translation>-3.6645723551583935, -0.7513155337998593, 2.2302508922896065</translation><rotation><c1>1, 0, 0</c1><c2>0, 1, 0</c2><c3>0, 0, 1</c3></rotation></pose><symmetry><x>twoFold</x><y>cylindrical</y><z>twoFold</z></symmetry><detectionScore>-1.0</detectionScore></element><element><id>60</id><category>curtain</category><bounds><corner1>-4.264021499787271, -1.3461791769915368, -0.35647985677404215</corner1><corner2>4.264021499787271, 1.3461791769915368, 0.35647985677404215</corner2></bounds><pose><translation>-6.186942128348502, -0.1135957152465229, 8.798682309992913</translation><rotation><c1>1, 0, 0</c1><c2>0, 1, 0</c2><c3>0, 0, 1</c3></rotation></pose><symmetry><x>twoFold</x><y>cylindrical</y><z>twoFold</z></symmetry><detectionScore>-1.0</detectionScore></element><element><id>61</id><category>whiteboard</category><bounds><corner1>-0.5249729245678543, -0.8639190053201552, -0.9350071325674412</corner1><corner2>0.5249729245678543, 0.8639190053201552, 0.9350071325674412</corner2></bounds><pose><translation>-4.908331126184455, -0.8686096690164073, -4.058646775205943</translation><rotation><c1>1, 0, 0</c1><c2>0, 1, 0</c2><c3>0, 0, 1</c3></rotation></pose><symmetry><x>twoFold</x><y>cylindrical</y><z>twoFold</z></symmetry><detectionScore>-1.0</detectionScore></element><element><id>62</id><category>window</category><bounds><corner1>-4.535411482124222, -1.2219598872646253, -0.3148906307775281</corner1><corner2>4.535411482124222, 1.2219598872646253, 0.3148906307775281</corner2></bounds><pose><translation>-6.458332110685453, -0.026182474362049693, 8.840271535989427</translation><rotation><c1>1, 0, 0</c1><c2>0, 1, 0</c2><c3>0, 0, 1</c3></rotation></pose><symmetry><x>twoFold</x><y>cylindrical</y><z>twoFold</z></symmetry><detectionScore>-1.0</detectionScore></element><element><id>63</id><category>desk</category><bounds><corner1>-1.0558643857253145, -0.3210654142222854, -1.1113644701900736</corner1><corner2>1.0558643857253145, 0.3210654142222854, 1.1113644701900736</corner2></bounds><pose><translation>5.186509604142424, -0.9127219962078209, -3.88993380834011</translation><rotation><c1>1, 0, 0</c1><c2>0, 1, 0</c2><c3>0, 0, 1</c3></rotation></pose><symmetry><x>twoFold</x><y>cylindrical</y><z>twoFold</z></symmetry><detectionScore>-1.0</detectionScore></element><element><id>64</id><category>armchair</category><bounds><corner1>-1.471649325224293, -0.7290608114383846, -2.1700400867758365</corner1><corner2>1.471649325224293, 0.7290608114383846, 2.1700400867758365</corner2></bounds><pose><translation>-5.509063727580976, -1.072020229737511, -8.750780424932467</translation><rotation><c1>1, 0, 0</c1><c2>0, 1, 0</c2><c3>0, 0, 1</c3></rotation></pose><symmetry><x>twoFold</x><y>cylindrical</y><z>twoFold</z></symmetry><detectionScore>-1.0</detectionScore></element><element><id>65</id><category>wall</category><bounds><corner1>-0.8877584321681331, -1.396126952052211, -2.6086662414154773</corner1><corner2>0.8877584321681331, 1.396126952052211, 2.6086662414154773</corner2></bounds><pose><translation>-5.5240419664021365, -0.11956464828132912, -8.82585972300737</translation><rotation><c1>1, 0, 0</c1><c2>0, 1, 0</c2><c3>0, 0, 1</c3></rotation></pose><symmetry><x>twoFold</x><y>cylindrical</y><z>twoFold</z></symmetry><detectionScore>-1.0</detectionScore></element><element><id>66</id><category>computer</category><bounds><corner1>-0.8038082555660919, -0.4533996258164782, -5.666693496096064</corner1><corner2>0.8038082555660919, 0.4533996258164782, 5.666693496096064</corner2></bounds><pose><translation>-3.7348591500282917, -0.6457458893860909, 2.2949894241420847</translation><rotation><c1>1, 0, 0</c1><c2>0, 1, 0</c2><c3>0, 0, 1</c3></rotation></pose><symmetry><x>twoFold</x><y>cylindrical</y><z>twoFold</z></symmetry><detectionScore>-1.0</detectionScore></element><element><id>67</id><category>desk</category><bounds><corner1>-1.222780390373217, -0.5427475776040753, -4.186515118767917</corner1><corner2>1.222780390373217, 0.5427475776040753, 4.186515118767917</corner2></bounds><pose><translation>-3.1415951467513983, -0.7525315795789224, 4.932055671787968</translation><rotation><c1>1, 0, 0</c1><c2>0, 1, 0</c2><c3>0, 0, 1</c3></rotation></pose><symmetry><x>twoFold</x><y>cylindrical</y><z>twoFold</z></symmetry><detectionScore>-1.0</detectionScore></element><element><id>68</id><category>water_dispenser</category><bounds><corner1>-1.5607468881902866, -0.6405640374956447, -2.4789660297658997</corner1><corner2>1.5607468881902866, 0.6405640374956447, 2.4789660297658997</corner2></bounds><pose><translation>4.634163348473196, -0.7868084915250734, -5.36871208604389</translation><rotation><c1>1, 0, 0</c1><c2>0, 1, 0</c2><c3>0, 0, 1</c3></rotation></pose><symmetry><x>twoFold</x><y>cylindrical</y><z>twoFold</z></symmetry><detectionScore>-1.0</detectionScore></element><element><id>69</id><category>workplace</category><bounds><corner1>-1.0101038394319672, -0.796032272568055, -6.710849064873561</corner1><corner2>1.0101038394319672, 0.796032272568055, 6.710849064873561</corner2></bounds><pose><translation>-1.0101038394319672, -0.796032272568055, 2.495700233316801</translation><rotation><c1>1, 0, 0</c1><c2>0, 1, 0</c2><c3>0, 0, 1</c3></rotation></pose><symmetry><x>twoFold</x><y>cylindrical</y><z>twoFold</z></symmetry><detectionScore>-1.0</detectionScore></element><element><id>70</id><category>gym_equipment</category><bounds><corner1>-1.3121401656099634, -0.6152522131910989, -1.6720792377227776</corner1><corner2>1.3121401656099634, 0.6152522131910989, 1.6720792377227776</corner2></bounds><pose><translation>-5.408977758512749, -1.0332981399939436, -8.865989361018423</translation><rotation><c1>1, 0, 0</c1><c2>0, 1, 0</c2><c3>0, 0, 1</c3></rotation></pose><symmetry><x>twoFold</x><y>cylindrical</y><z>twoFold</z></symmetry><detectionScore>-1.0</detectionScore></element><element><id>71</id><category>workplace</category><bounds><corner1>-2.6809253887813984, -0.6028716146638582, -3.3981260500137607</corner1><corner2>2.6809253887813984, 0.6028716146638582, 3.3981260500137607</corner2></bounds><pose><translation>3.127846393213697, -0.9501534302513683, -6.366546061427424</translation><rotation><c1>1, 0, 0</c1><c2>0, 1, 0</c2><c3>0, 0, 1</c3></rotation></pose><symmetry><x>twoFold</x><y>cylindrical</y><z>twoFold</z></symmetry><detectionScore>-1.0</detectionScore></element><element><id>72</id><category>computer</category><bounds><corner1>-1.0470038451249892, -0.6743668925791281, -6.743557421830928</corner1><corner2>1.0470038451249892, 0.6743668925791281, 6.743557421830928</corner2></bounds><pose><translation>-1.0470038451249892, -0.6743668925791281, 2.444962062588996</translation><rotation><c1>1, 0, 0</c1><c2>0, 1, 0</c2><c3>0, 0, 1</c3></rotation></pose><symmetry><x>twoFold</x><y>cylindrical</y><z>twoFold</z></symmetry><detectionScore>-1.0</detectionScore></element><element><id>73</id><category>desk</category><bounds><corner1>-4.78840224352033, -0.5386101728358483, -0.6130753759801936</corner1><corner2>4.78840224352033, 0.5386101728358483, 0.6130753759801936</corner2></bounds><pose><translation>2.969681477251603, -0.8526415283514779, -0.5147025870167996</translation><rotation><c1>1, 0, 0</c1><c2>0, 1, 0</c2><c3>0, 0, 1</c3></rotation></pose><symmetry><x>twoFold</x><y>cylindrical</y><z>twoFold</z></symmetry><detectionScore>-1.0</detectionScore></element><element><id>74</id><category>chair</category><bounds><corner1>-1.4908434335233887, -0.40269464036782876, -1.0655225260105023</corner1><corner2>1.4908434335233887, 0.40269464036782876, 1.0655225260105023</corner2></bounds><pose><translation>4.74694984696757, -0.9073338016514018, -3.8399336762330663</translation><rotation><c1>1, 0, 0</c1><c2>0, 1, 0</c2><c3>0, 0, 1</c3></rotation></pose><symmetry><x>twoFold</x><y>cylindrical</y><z>twoFold</z></symmetry><detectionScore>-1.0</detectionScore></element><element><id>75</id><category>workplace</category><bounds><corner1>-4.176440817362857, -0.8941897623758859, -1.6115125337326368</corner1><corner2>4.176440817362857, 0.8941897623758859, 1.6115125337326368</corner2></bounds><pose><translation>-10.426172410189563, -0.7300838659282066, -0.9417802106879107</translation><rotation><c1>1, 0, 0</c1><c2>0, 1, 0</c2><c3>0, 0, 1</c3></rotation></pose><symmetry><x>twoFold</x><y>cylindrical</y><z>twoFold</z></symmetry><detectionScore>-1.0</detectionScore></element><element><id>76</id><category>chair</category><bounds><corner1>-3.548566520764819, -0.48029965338137826, -0.9044026683441155</corner1><corner2>3.548566520764819, 0.48029965338137826, 0.9044026683441155</corner2></bounds><pose><translation>2.7586855320502757, -1.2800657595769576, -1.4967814466809126</translation><rotation><c1>1, 0, 0</c1><c2>0, 1, 0</c2><c3>0, 0, 1</c3></rotation></pose><symmetry><x>twoFold</x><y>cylindrical</y><z>twoFold</z></symmetry><detectionScore>-1.0</detectionScore></element><element><id>77</id><category>wall</category><bounds><corner1>-0.19657889025218012, -1.3829195144841808, -2.031585114513421</corner1><corner2>0.19657889025218012, 1.3829195144841808, 2.031585114513421</corner2></bounds><pose><translation>7.6159488062235345, -0.08208749601291242, 0.6948915320083446</translation><rotation><c1>1, 0, 0</c1><c2>0, 1, 0</c2><c3>0, 0, 1</c3></rotation></pose><symmetry><x>twoFold</x><y>cylindrical</y><z>twoFold</z></symmetry><detectionScore>-1.0</detectionScore></element></elements></scene>