<?xml version='1.0' encoding='utf-8'?>
<scene xmlns:sumo="https://www.sumochallenge.org"><version>2.0</version><categories><id>fb_categories_v1_0</id><url>https://sumochallenge.org/en/categories-1_0.json</url></categories><project_type>bounding_box</project_type><elements><element><id>0</id><category>door</category><bounds><corner1>-0.6775755309897691, -1.2852981879636596, -0.09435718640628687</corner1><corner2>0.6775755309897691, 1.2852981879636596, 0.09435718640628687</corner2></bounds><pose><translation>-1.1258278929790269, -0.31347332180104176, 2.9906122019661994</translation><rotation><c1>1, 0, 0</c1><c2>0, 1, 0</c2><c3>0, 0, 1</c3></rotation></pose><symmetry><x>twoFold</x><y>cylindrical</y><z>twoFold</z></symmetry><detectionScore>-1.0</detectionScore></element><element><id>1</id><category>coffee_table</category><bounds><corner1>-0.3355184016614001, -0.6019901963099917, -0.942968715594108</corner1><corner2>0.3355184016614001, 0.6019901963099917, 0.942968715594108</corner2></bounds><pose><translation>-2.2564865733145485, -1.3154696585164805, 1.072456587409218</translation><rotation><c1>1, 0, 0</c1><c2>0, 1, 0</c2><c3>0, 0, 1</c3></rotation></pose><symmetry><x>twoFold</x><y>cylindrical</y><z>twoFold</z></symmetry><detectionScore>-1.0</detectionScore></element><element><id>2</id><category>wall</category><bounds><corner1>-1.2415540696092622, -1.4514960140616833, -0.6215214072059876</corner1><corner2>1.2415540696092622, 1.4514960140616833, 0.6215214072059876</corner2></bounds><pose><translation>-0.5252336893488951, -0.026609195495361507, -2.9857643363693818</translation><rotation><c1>1, 0, 0</c1><c2>0, 1, 0</c2><c3>0, 0, 1</c3></rotation></pose><symmetry><x>twoFold</x><y>cylindrical</y><z>twoFold</z></symmetry><detectionScore>-1.0</detectionScore></element><element><id>3</id><category>television</category><bounds><corner1>-0.13949859465235437, -0.4968132114357338, -0.797129186990879</corner1><corner2>0.13949859465235437, 0.4968132114357338, 0.797129186990879</corner2></bounds><pose><translation>1.968319222922909, 0.15974152930815227, 1.1631061498814919</translation><rotation><c1>1, 0, 0</c1><c2>0, 1, 0</c2><c3>0, 0, 1</c3></rotation></pose><symmetry><x>twoFold</x><y>cylindrical</y><z>twoFold</z></symmetry><detectionScore>-1.0</detectionScore></element><element><id>4</id><category>dresser</category><bounds><corner1>-0.5385220614147586, -0.32215679211547765, -0.6622012916042761</corner1><corner2>0.5385220614147586, 0.32215679211547765, 0.6622012916042761</corner2></bounds><pose><translation>1.5668444128325238, -0.8481969998241912, 0.39004682165871646</translation><rotation><c1>1, 0, 0</c1><c2>0, 1, 0</c2><c3>0, 0, 1</c3></rotation></pose><symmetry><x>twoFold</x><y>cylindrical</y><z>twoFold</z></symmetry><detectionScore>-1.0</detectionScore></element><element><id>5</id><category>window</category><bounds><corner1>-1.0041330635262224, -1.1971548456057466, -0.08338045035818542</corner1><corner2>1.0041330635262224, 1.1971548456057466, 0.08338045035818542</corner2></bounds><pose><translation>0.43975456248951794, -0.1866365467979246, 3.0086753021269974</translation><rotation><c1>1, 0, 0</c1><c2>0, 1, 0</c2><c3>0, 0, 1</c3></rotation></pose><symmetry><x>twoFold</x><y>cylindrical</y><z>twoFold</z></symmetry><detectionScore>-1.0</detectionScore></element><element><id>6</id><category>arch</category><bounds><corner1>-2.908582652065538, -1.6714929752272492, -1.4727824189807073</corner1><corner2>2.908582652065538, 1.6714929752272492, 1.4727824189807073</corner2></bounds><pose><translation>-4.8053365165329405, -0.25411676359090746, -2.5153896209008675</translation><rotation><c1>1, 0, 0</c1><c2>0, 1, 0</c2><c3>0, 0, 1</c3></rotation></pose><symmetry><x>twoFold</x><y>cylindrical</y><z>twoFold</z></symmetry><detectionScore>-1.0</detectionScore></element><element><id>7</id><category>wall</category><bounds><corner1>-2.0639720216566575, -1.512065467955293, -1.4852712550032199</corner1><corner2>2.0639720216566575, 1.512065467955293, 1.4852712550032199</corner2></bounds><pose><translation>-3.8236666463767475, -0.01563535919949872, -2.6432201167045433</translation><rotation><c1>1, 0, 0</c1><c2>0, 1, 0</c2><c3>0, 0, 1</c3></rotation></pose><symmetry><x>twoFold</x><y>cylindrical</y><z>twoFold</z></symmetry><detectionScore>-1.0</detectionScore></element><element><id>8</id><category>wall</category><bounds><corner1>-0.9426717270336862, -1.601249407200345, -0.8198255087931559</corner1><corner2>0.9426717270336862, 1.601249407200345, 0.8198255087931559</corner2></bounds><pose><translation>0.9443882177723679, -0.031884383118668015, -2.9052897625883656</translation><rotation><c1>1, 0, 0</c1><c2>0, 1, 0</c2><c3>0, 0, 1</c3></rotation></pose><symmetry><x>twoFold</x><y>cylindrical</y><z>twoFold</z></symmetry><detectionScore>-1.0</detectionScore></element><element><id>9</id><category>kitchen_cabinet</category><bounds><corner1>-3.7207232377780115, -1.6078884685894355, -1.5539201650747922</corner1><corner2>3.7207232377780115, 1.6078884685894355, 1.5539201650747922</corner2></bounds><pose><translation>-6.145183036605028, -0.19051225695309362, -2.6992195660801084</translation><rotation><c1>1, 0, 0</c1><c2>0, 1, 0</c2><c3>0, 0, 1</c3></rotation></pose><symmetry><x>twoFold</x><y>cylindrical</y><z>twoFold</z></symmetry><detectionScore>-1.0</detectionScore></element><element><id>10</id><category>chair</category><bounds><corner1>-0.45680873800827926, -0.5790059197386839, -0.7788011528461805</corner1><corner2>0.45680873800827926, 0.5790059197386839, 0.7788011528461805</corner2></bounds><pose><translation>-1.654176496237093, -1.0685098427599047, -2.5089180281419883</translation><rotation><c1>1, 0, 0</c1><c2>0, 1, 0</c2><c3>0, 0, 1</c3></rotation></pose><symmetry><x>twoFold</x><y>cylindrical</y><z>twoFold</z></symmetry><detectionScore>-1.0</detectionScore></element><element><id>11</id><category>door</category><bounds><corner1>-2.8839425652215356, -1.7602360068661222, -1.536639810225509</corner1><corner2>2.8839425652215356, 1.7602360068661222, 1.536639810225509</corner2></bounds><pose><translation>-4.745416999273867, -0.3428597952297806, -2.534891216780074</translation><rotation><c1>1, 0, 0</c1><c2>0, 1, 0</c2><c3>0, 0, 1</c3></rotation></pose><symmetry><x>twoFold</x><y>cylindrical</y><z>twoFold</z></symmetry><detectionScore>-1.0</detectionScore></element><element><id>12</id><category>window</category><bounds><corner1>-3.4882035640243023, -1.3436127438348142, -1.6426373853845504</corner1><corner2>3.4882035640243023, 1.3436127438348142, 1.6426373853845504</corner2></bounds><pose><translation>-6.1461318970335315, 0.07376346780152758, -2.6440967622655327</translation><rotation><c1>1, 0, 0</c1><c2>0, 1, 0</c2><c3>0, 0, 1</c3></rotation></pose><symmetry><x>twoFold</x><y>cylindrical</y><z>twoFold</z></symmetry><detectionScore>-1.0</detectionScore></element><element><id>13</id><category>wall</category><bounds><corner1>-2.0172847850464906, -1.5260284333895782, -2.793839581715751</corner1><corner2>2.0172847850464906, 1.5260284333895782, 2.793839581715751</corner2></bounds><pose><translation>-3.843780083319359, -0.055882102309246236, 0.10277963245430544</translation><rotation><c1>1, 0, 0</c1><c2>0, 1, 0</c2><c3>0, 0, 1</c3></rotation></pose><symmetry><x>twoFold</x><y>cylindrical</y><z>twoFold</z></symmetry><detectionScore>-1.0</detectionScore></element><element><id>14</id><category>clock</category><bounds><corner1>-0.20220547465823513, -0.20390463627107824, -0.07018263714796635</corner1><corner2>0.20220547465823513, 0.20390463627107824, 0.07018263714796635</corner2></bounds><pose><translation>-2.031591496923168, 0.8095806270018241, -2.8924274558766534</translation><rotation><c1>1, 0, 0</c1><c2>0, 1, 0</c2><c3>0, 0, 1</c3></rotation></pose><symmetry><x>twoFold</x><y>cylindrical</y><z>twoFold</z></symmetry><detectionScore>-1.0</detectionScore></element><element><id>15</id><category>floor</category><bounds><corner1>-1.4874669672590657, -0.6554887829374788, -0.9521852256016503</corner1><corner2>1.4874669672590657, 0.6554887829374788, 0.9521852256016503</corner2></bounds><pose><translation>0.17666990961414986, -1.0860371816112508, -2.938955337658359</translation><rotation><c1>1, 0, 0</c1><c2>0, 1, 0</c2><c3>0, 0, 1</c3></rotation></pose><symmetry><x>twoFold</x><y>cylindrical</y><z>twoFold</z></symmetry><detectionScore>-1.0</detectionScore></element><element><id>16</id><category>wall</category><bounds><corner1>-0.5269237661940456, -1.4124274611761454, -0.3260272737730503</corner1><corner2>0.5269237661940456, 1.4124274611761454, 0.3260272737730503</corner2></bounds><pose><translation>1.3866314968580695, 0.07792670940804478, 2.7396692616673337</translation><rotation><c1>1, 0, 0</c1><c2>0, 1, 0</c2><c3>0, 0, 1</c3></rotation></pose><symmetry><x>twoFold</x><y>cylindrical</y><z>twoFold</z></symmetry><detectionScore>-1.0</detectionScore></element><element><id>17</id><category>door</category><bounds><corner1>-0.8756213609929832, -1.9411467478480295, -0.745831779254372</corner1><corner2>0.8756213609929832, 1.9411467478480295, 0.745831779254372</corner2></bounds><pose><translation>0.5090700148198889, -0.48518465715516296, -2.936559097712398</translation><rotation><c1>1, 0, 0</c1><c2>0, 1, 0</c2><c3>0, 0, 1</c3></rotation></pose><symmetry><x>twoFold</x><y>cylindrical</y><z>twoFold</z></symmetry><detectionScore>-1.0</detectionScore></element><element><id>18</id><category>plant</category><bounds><corner1>-0.31518846258026745, -0.44539361547927253, -0.5378586765940385</corner1><corner2>0.31518846258026745, 0.44539361547927253, 0.5378586765940385</corner2></bounds><pose><translation>1.6117611761007096, -0.5720070478434373, 2.4864539849484903</translation><rotation><c1>1, 0, 0</c1><c2>0, 1, 0</c2><c3>0, 0, 1</c3></rotation></pose><symmetry><x>twoFold</x><y>cylindrical</y><z>twoFold</z></symmetry><detectionScore>-1.0</detectionScore></element><element><id>19</id><category>plant</category><bounds><corner1>-0.6985435614346256, -0.8613178854551419, -0.4504963517255991</corner1><corner2>0.6985435614346256, 0.8613178854551419, 0.4504963517255991</corner2></bounds><pose><translation>0.9327063229679131, -0.9736793004082496, 2.632439377895657</translation><rotation><c1>1, 0, 0</c1><c2>0, 1, 0</c2><c3>0, 0, 1</c3></rotation></pose><symmetry><x>twoFold</x><y>cylindrical</y><z>twoFold</z></symmetry><detectionScore>-1.0</detectionScore></element><element><id>20</id><category>plant</category><bounds><corner1>-0.5508666049127091, -1.0742109055886278, -0.6426722582278401</corner1><corner2>0.5508666049127091, 1.0742109055886278, 0.6426722582278401</corner2></bounds><pose><translation>1.4038604705051692, -0.6852299615452405, 2.415489920219135</translation><rotation><c1>1, 0, 0</c1><c2>0, 1, 0</c2><c3>0, 0, 1</c3></rotation></pose><symmetry><x>twoFold</x><y>cylindrical</y><z>twoFold</z></symmetry><detectionScore>-1.0</detectionScore></element><element><id>21</id><category>sofa</category><bounds><corner1>-1.0618390968715992, -0.6480528341915972, -1.7462802245397335</corner1><corner2>1.0618390968715992, 0.6480528341915972, 1.7462802245397335</corner2></bounds><pose><translation>-2.984942410578359, -0.9444891247129492, 1.172505735685775</translation><rotation><c1>1, 0, 0</c1><c2>0, 1, 0</c2><c3>0, 0, 1</c3></rotation></pose><symmetry><x>twoFold</x><y>cylindrical</y><z>twoFold</z></symmetry><detectionScore>-1.0</detectionScore></element><element><id>22</id><category>picture_frame</category><bounds><corner1>-0.10589594428518101, -1.1846913187472623, -0.40171600807892394</corner1><corner2>0.10589594428518101, 1.1846913187472623, 0.40171600807892394</corner2></bounds><pose><translation>-3.862845457688934, -0.16990937723391614, -0.5692362621299759</translation><rotation><c1>1, 0, 0</c1><c2>0, 1, 0</c2><c3>0, 0, 1</c3></rotation></pose><symmetry><x>twoFold</x><y>cylindrical</y><z>twoFold</z></symmetry><detectionScore>-1.0</detectionScore></element><element><id>23</id><category>window</category><bounds><corner1>-0.5975931759486546, -1.2832350282157154, -0.08927862979489065</corner1><corner2>0.5975931759486546, 1.2832350282157154, 0.08927862979489065</corner2></bounds><pose><translation>-1.0973516150647982, -0.29045336816334716, 2.9938931704023686</translation><rotation><c1>1, 0, 0</c1><c2>0, 1, 0</c2><c3>0, 0, 1</c3></rotation></pose><symmetry><x>twoFold</x><y>cylindrical</y><z>twoFold</z></symmetry><detectionScore>-1.0</detectionScore></element><element><id>24</id><category>wall</category><bounds><corner1>-1.2532178259845645, -1.3230719342802166, -1.374290622064021</corner1><corner2>1.2532178259845645, 1.3230719342802166, 1.374290622064021</corner2></bounds><pose><translation>-3.932681056879631, 0.09430427735612516, -1.7191357137807337</translation><rotation><c1>1, 0, 0</c1><c2>0, 1, 0</c2><c3>0, 0, 1</c3></rotation></pose><symmetry><x>twoFold</x><y>cylindrical</y><z>twoFold</z></symmetry><detectionScore>-1.0</detectionScore></element><element><id>25</id><category>wall</category><bounds><corner1>-1.6073540042190444, -0.9380520011709834, -0.08283789013894927</corner1><corner2>1.6073540042190444, 0.9380520011709834, 0.08283789013894927</corner2></bounds><pose><translation>-0.3583173739967053, 0.014749596530400656, 3.0092178623462336</translation><rotation><c1>1, 0, 0</c1><c2>0, 1, 0</c2><c3>0, 0, 1</c3></rotation></pose><symmetry><x>twoFold</x><y>cylindrical</y><z>twoFold</z></symmetry><detectionScore>-1.0</detectionScore></element><element><id>26</id><category>picture_frame</category><bounds><corner1>-0.12974091357906614, -0.5185208870929279, -1.0925681883470673</corner1><corner2>0.12974091357906614, 0.5185208870929279, 1.0925681883470673</corner2></bounds><pose><translation>-3.8276119594683506, 0.526370294624543, 1.469099901464249</translation><rotation><c1>1, 0, 0</c1><c2>0, 1, 0</c2><c3>0, 0, 1</c3></rotation></pose><symmetry><x>twoFold</x><y>cylindrical</y><z>twoFold</z></symmetry><detectionScore>-1.0</detectionScore></element></elements></scene>