<?xml version='1.0' encoding='utf-8'?>
<scene xmlns:sumo="https://www.sumochallenge.org"><version>2.0</version><categories><id>fb_categories_v1.0</id><url>https://sumochallenge.org/en/categories-1_0.json</url></categories><project_type>bounding_box</project_type><elements><element><id>25</id><category>chair</category><bounds><corner1>-1.58958221, -1.44724633,  1.11996353</corner1><corner2>-0.64563046, -0.66910177,  2.29685883</corner2></bounds><pose><translation>0., 0., 0.</translation><rotation><c1>1., 0., 0.</c1><c2>0., 1., 0.</c2><c3>0., 0., 1.</c3></rotation></pose><symmetry><x>none</x><y>none</y><z>none</z></symmetry><detectionScore>-1</detectionScore></element><element><id>24</id><category>mirror</category><bounds><corner1> 0.30668796, -0.73358941, -2.61177183</corner1><corner2> 0.50982548,  1.18905893, -1.27698197</corner2></bounds><pose><translation>0., 0., 0.</translation><rotation><c1>1., 0., 0.</c1><c2>0., 1., 0.</c2><c3>0., 0., 1.</c3></rotation></pose><symmetry><x>none</x><y>none</y><z>none</z></symmetry><detectionScore>-1</detectionScore></element><element><id>19</id><category>table_lamp</category><bounds><corner1> 0.57797249, -0.62653428, -1.2399979 </corner1><corner2> 1.07881515, -0.42051636, -0.99599896</corner2></bounds><pose><translation>0., 0., 0.</translation><rotation><c1>1., 0., 0.</c1><c2>0., 1., 0.</c2><c3>0., 0., 1.</c3></rotation></pose><symmetry><x>none</x><y>none</y><z>none</z></symmetry><detectionScore>-1</detectionScore></element><element><id>17</id><category>stand</category><bounds><corner1> 2.21608278, -1.45799467,  1.11229489</corner1><corner2> 3.70254536, -0.72409682,  2.30403162</corner2></bounds><pose><translation>0., 0., 0.</translation><rotation><c1>1., 0., 0.</c1><c2>0., 1., 0.</c2><c3>0., 0., 1.</c3></rotation></pose><symmetry><x>none</x><y>none</y><z>none</z></symmetry><detectionScore>-1</detectionScore></element><element><id>12</id><category>picture_frame</category><bounds><corner1> 0.30627845, -0.69265714, -2.61105268</corner1><corner2> 0.50980608,  1.17949089, -1.27695572</corner2></bounds><pose><translation>0., 0., 0.</translation><rotation><c1>1., 0., 0.</c1><c2>0., 1., 0.</c2><c3>0., 0., 1.</c3></rotation></pose><symmetry><x>none</x><y>none</y><z>none</z></symmetry><detectionScore>-1</detectionScore></element><element><id>36</id><category>kitchen_cabinet</category><bounds><corner1>-2.02201969, -1.35813824, -0.60407052</corner1><corner2>-1.54001814, -0.46130622,  0.00457608</corner2></bounds><pose><translation>0., 0., 0.</translation><rotation><c1>1., 0., 0.</c1><c2>0., 1., 0.</c2><c3>0., 0., 1.</c3></rotation></pose><symmetry><x>none</x><y>none</y><z>none</z></symmetry><detectionScore>-1</detectionScore></element><element><id>44</id><category>curtain</category><bounds><corner1>-2.2821323 , -1.24453271,  0.61550703</corner1><corner2>-1.22700047,  0.95392157,  2.05370822</corner2></bounds><pose><translation>0., 0., 0.</translation><rotation><c1>1., 0., 0.</c1><c2>0., 1., 0.</c2><c3>0., 0., 1.</c3></rotation></pose><symmetry><x>none</x><y>none</y><z>none</z></symmetry><detectionScore>-1</detectionScore></element><element><id>7</id><category>dishwasher</category><bounds><corner1>-1.78304395, -1.42668485, -0.56338893</corner1><corner2>-1.5409507 , -0.54191932, -0.00767555</corner2></bounds><pose><translation>0., 0., 0.</translation><rotation><c1>1., 0., 0.</c1><c2>0., 1., 0.</c2><c3>0., 0., 1.</c3></rotation></pose><symmetry><x>none</x><y>none</y><z>none</z></symmetry><detectionScore>-1</detectionScore></element><element><id>45</id><category>stand</category><bounds><corner1> 0.50441851, -0.79976741, -1.23500709</corner1><corner2> 1.13490819, -0.49914382, -0.87198437</corner2></bounds><pose><translation>0., 0., 0.</translation><rotation><c1>1., 0., 0.</c1><c2>0., 1., 0.</c2><c3>0., 0., 1.</c3></rotation></pose><symmetry><x>none</x><y>none</y><z>none</z></symmetry><detectionScore>-1</detectionScore></element><element><id>10</id><category>washer</category><bounds><corner1>-1.45418705, -1.44321668, -2.72362447</corner1><corner2>-0.12504354, -0.55512092, -2.07989158</corner2></bounds><pose><translation>0., 0., 0.</translation><rotation><c1>1., 0., 0.</c1><c2>0., 1., 0.</c2><c3>0., 0., 1.</c3></rotation></pose><symmetry><x>none</x><y>none</y><z>none</z></symmetry><detectionScore>-1</detectionScore></element><element><id>43</id><category>sofa</category><bounds><corner1> 2.35213536, -1.46136015,  0.5460999 </corner1><corner2> 3.7125038 , -0.65997325,  1.92952561</corner2></bounds><pose><translation>0., 0., 0.</translation><rotation><c1>1., 0., 0.</c1><c2>0., 1., 0.</c2><c3>0., 0., 1.</c3></rotation></pose><symmetry><x>none</x><y>none</y><z>none</z></symmetry><detectionScore>-1</detectionScore></element><element><id>26</id><category>curtain</category><bounds><corner1>-2.13109871, -1.3280931 ,  1.14298982</corner1><corner2>-0.71309294,  0.89882708,  2.3089815 </corner2></bounds><pose><translation>0., 0., 0.</translation><rotation><c1>1., 0., 0.</c1><c2>0., 1., 0.</c2><c3>0., 0., 1.</c3></rotation></pose><symmetry><x>none</x><y>none</y><z>none</z></symmetry><detectionScore>-1</detectionScore></element><element><id>41</id><category>wall</category><bounds><corner1> 0.26391272, -1.33607626, -2.75906012</corner1><corner2> 0.54359321,  1.20573507, -1.19903524</corner2></bounds><pose><translation>0., 0., 0.</translation><rotation><c1>1., 0., 0.</c1><c2>0., 1., 0.</c2><c3>0., 0., 1.</c3></rotation></pose><symmetry><x>none</x><y>none</y><z>none</z></symmetry><detectionScore>-1</detectionScore></element><element><id>2</id><category>wall</category><bounds><corner1> 2.72322386, -1.43780899, -1.16651572</corner1><corner2>3.71715801, 1.18919279, 2.28538431</corner2></bounds><pose><translation>0., 0., 0.</translation><rotation><c1>1., 0., 0.</c1><c2>0., 1., 0.</c2><c3>0., 0., 1.</c3></rotation></pose><symmetry><x>none</x><y>none</y><z>none</z></symmetry><detectionScore>-1</detectionScore></element><element><id>40</id><category>refrigerator</category><bounds><corner1>-2.24390101, -1.4520603 , -0.14131755</corner1><corner2>-1.51997399,  0.67936141,  0.64437285</corner2></bounds><pose><translation>0., 0., 0.</translation><rotation><c1>1., 0., 0.</c1><c2>0., 1., 0.</c2><c3>0., 0., 1.</c3></rotation></pose><symmetry><x>none</x><y>none</y><z>none</z></symmetry><detectionScore>-1</detectionScore></element><element><id>38</id><category>wall_lamp</category><bounds><corner1> 0.29197168,  0.22488874, -2.48569395</corner1><corner2> 0.50904056,  1.10146091, -1.26600999</corner2></bounds><pose><translation>0., 0., 0.</translation><rotation><c1>1., 0., 0.</c1><c2>0., 1., 0.</c2><c3>0., 0., 1.</c3></rotation></pose><symmetry><x>none</x><y>none</y><z>none</z></symmetry><detectionScore>-1</detectionScore></element><element><id>48</id><category>chair</category><bounds><corner1>-2.267124  , -1.45763775,  0.79628402</corner1><corner2>-1.12399632, -0.66773435,  1.66417745</corner2></bounds><pose><translation>0., 0., 0.</translation><rotation><c1>1., 0., 0.</c1><c2>0., 1., 0.</c2><c3>0., 0., 1.</c3></rotation></pose><symmetry><x>none</x><y>none</y><z>none</z></symmetry><detectionScore>-1</detectionScore></element><element><id>31</id><category>mirror</category><bounds><corner1> 0.92923096, -0.63316627,  1.60196139</corner1><corner2>1.59919656, 0.44242401, 2.31314379</corner2></bounds><pose><translation>0., 0., 0.</translation><rotation><c1>1., 0., 0.</c1><c2>0., 1., 0.</c2><c3>0., 0., 1.</c3></rotation></pose><symmetry><x>none</x><y>none</y><z>none</z></symmetry><detectionScore>-1</detectionScore></element><element><id>50</id><category>chair</category><bounds><corner1>-2.26785222, -1.46728107,  0.58873546</corner1><corner2>-1.13201978, -0.66825442,  1.75933183</corner2></bounds><pose><translation>0., 0., 0.</translation><rotation><c1>1., 0., 0.</c1><c2>0., 1., 0.</c2><c3>0., 0., 1.</c3></rotation></pose><symmetry><x>none</x><y>none</y><z>none</z></symmetry><detectionScore>-1</detectionScore></element><element><id>1</id><category>plant</category><bounds><corner1> 0.94572791, -1.23692777,  1.4240297 </corner1><corner2> 2.09921655, -0.02832112,  2.32504605</corner2></bounds><pose><translation>0., 0., 0.</translation><rotation><c1>1., 0., 0.</c1><c2>0., 1., 0.</c2><c3>0., 0., 1.</c3></rotation></pose><symmetry><x>none</x><y>none</y><z>none</z></symmetry><detectionScore>-1</detectionScore></element><element><id>27</id><category>chandelier</category><bounds><corner1>-1.82676578, -0.19341688, -2.77515781</corner1><corner2>-1.45203725,  0.04455958, -2.36313384</corner2></bounds><pose><translation>0., 0., 0.</translation><rotation><c1>1., 0., 0.</c1><c2>0., 1., 0.</c2><c3>0., 0., 1.</c3></rotation></pose><symmetry><x>none</x><y>none</y><z>none</z></symmetry><detectionScore>-1</detectionScore></element><element><id>46</id><category>vase</category><bounds><corner1> 0.9423718 , -1.26802993,  1.38699711</corner1><corner2> 2.06234945, -0.07176679,  2.32796955</corner2></bounds><pose><translation>0., 0., 0.</translation><rotation><c1>1., 0., 0.</c1><c2>0., 1., 0.</c2><c3>0., 0., 1.</c3></rotation></pose><symmetry><x>none</x><y>none</y><z>none</z></symmetry><detectionScore>-1</detectionScore></element><element><id>47</id><category>wall_lamp</category><bounds><corner1> 1.19897567,  0.29074428, -1.23854956</corner1><corner2> 1.61108416,  0.79622545, -0.99617414</corner2></bounds><pose><translation>0., 0., 0.</translation><rotation><c1>1., 0., 0.</c1><c2>0., 1., 0.</c2><c3>0., 0., 1.</c3></rotation></pose><symmetry><x>none</x><y>none</y><z>none</z></symmetry><detectionScore>-1</detectionScore></element><element><id>18</id><category>kitchen_cabinet</category><bounds><corner1>-1.57957821, -1.44782935, -2.75293106</corner1><corner2>-0.07674852, -0.46597392, -2.07994436</corner2></bounds><pose><translation>0., 0., 0.</translation><rotation><c1>1., 0., 0.</c1><c2>0., 1., 0.</c2><c3>0., 0., 1.</c3></rotation></pose><symmetry><x>none</x><y>none</y><z>none</z></symmetry><detectionScore>-1</detectionScore></element><element><id>21</id><category>floor_lamp</category><bounds><corner1> 1.34497368, -1.45457198,  0.77493207</corner1><corner2>3.70853942, 0.08925251, 2.31607609</corner2></bounds><pose><translation>0., 0., 0.</translation><rotation><c1>1., 0., 0.</c1><c2>0., 1., 0.</c2><c3>0., 0., 1.</c3></rotation></pose><symmetry><x>none</x><y>none</y><z>none</z></symmetry><detectionScore>-1</detectionScore></element><element><id>9</id><category>door</category><bounds><corner1>-2.29406355, -0.82377362,  0.64149329</corner1><corner2>-2.07804324,  0.7627908 ,  1.98438152</corner2></bounds><pose><translation>0., 0., 0.</translation><rotation><c1>1., 0., 0.</c1><c2>0., 1., 0.</c2><c3>0., 0., 1.</c3></rotation></pose><symmetry><x>none</x><y>none</y><z>none</z></symmetry><detectionScore>-1</detectionScore></element><element><id>32</id><category>window</category><bounds><corner1>-2.07563131, -0.74314579,  2.15002788</corner1><corner2>-0.88407419,  0.66664742,  2.32596097</corner2></bounds><pose><translation>0., 0., 0.</translation><rotation><c1>1., 0., 0.</c1><c2>0., 1., 0.</c2><c3>0., 0., 1.</c3></rotation></pose><symmetry><x>none</x><y>none</y><z>none</z></symmetry><detectionScore>-1</detectionScore></element><element><id>6</id><category>pet</category><bounds><corner1> 1.10396733, -1.45687471,  0.62610302</corner1><corner2> 2.76478733, -0.69951571,  1.66763708</corner2></bounds><pose><translation>0., 0., 0.</translation><rotation><c1>1., 0., 0.</c1><c2>0., 1., 0.</c2><c3>0., 0., 1.</c3></rotation></pose><symmetry><x>none</x><y>none</y><z>none</z></symmetry><detectionScore>-1</detectionScore></element><element><id>35</id><category>plant</category><bounds><corner1> 2.03107682, -1.15148641,  1.53493004</corner1><corner2> 3.43499923, -0.39371014,  2.35204238</corner2></bounds><pose><translation>0., 0., 0.</translation><rotation><c1>1., 0., 0.</c1><c2>0., 1., 0.</c2><c3>0., 0., 1.</c3></rotation></pose><symmetry><x>none</x><y>none</y><z>none</z></symmetry><detectionScore>-1</detectionScore></element><element><id>8</id><category>sink</category><bounds><corner1>-1.78502179, -1.32293796, -2.77511099</corner1><corner2> 0.26702666,  0.66487354, -2.07095007</corner2></bounds><pose><translation>0., 0., 0.</translation><rotation><c1>1., 0., 0.</c1><c2>0., 1., 0.</c2><c3>0., 0., 1.</c3></rotation></pose><symmetry><x>none</x><y>none</y><z>none</z></symmetry><detectionScore>-1</detectionScore></element><element><id>16</id><category>door</category><bounds><corner1> 3.12122442, -1.46662298, -0.86165501</corner1><corner2>3.70573015, 0.74647207, 0.37129794</corner2></bounds><pose><translation>0., 0., 0.</translation><rotation><c1>1., 0., 0.</c1><c2>0., 1., 0.</c2><c3>0., 0., 1.</c3></rotation></pose><symmetry><x>none</x><y>none</y><z>none</z></symmetry><detectionScore>-1</detectionScore></element><element><id>33</id><category>wall</category><bounds><corner1>-2.27396046, -1.43880724, -0.20143681</corner1><corner2>-1.16604486,  1.08624742,  1.94132419</corner2></bounds><pose><translation>0., 0., 0.</translation><rotation><c1>1., 0., 0.</c1><c2>0., 1., 0.</c2><c3>0., 0., 1.</c3></rotation></pose><symmetry><x>none</x><y>none</y><z>none</z></symmetry><detectionScore>-1</detectionScore></element><element><id>22</id><category>door</category><bounds><corner1>-0.31367241, -1.45468229,  2.1490994 </corner1><corner2>0.78486201, 0.64082938, 2.41109338</corner2></bounds><pose><translation>0., 0., 0.</translation><rotation><c1>1., 0., 0.</c1><c2>0., 1., 0.</c2><c3>0., 0., 1.</c3></rotation></pose><symmetry><x>none</x><y>none</y><z>none</z></symmetry><detectionScore>-1</detectionScore></element><element><id>23</id><category>wall</category><bounds><corner1> 1.27503239, -1.33594948, -1.23915989</corner1><corner2> 3.62578576,  1.15701669, -1.00788468</corner2></bounds><pose><translation>0., 0., 0.</translation><rotation><c1>1., 0., 0.</c1><c2>0., 1., 0.</c2><c3>0., 0., 1.</c3></rotation></pose><symmetry><x>none</x><y>none</y><z>none</z></symmetry><detectionScore>-1</detectionScore></element><element><id>11</id><category>coffee_table</category><bounds><corner1> 1.02803408, -1.46765221,  0.53778154</corner1><corner2> 3.40276008, -0.715407  ,  1.85520189</corner2></bounds><pose><translation>0., 0., 0.</translation><rotation><c1>1., 0., 0.</c1><c2>0., 1., 0.</c2><c3>0., 0., 1.</c3></rotation></pose><symmetry><x>none</x><y>none</y><z>none</z></symmetry><detectionScore>-1</detectionScore></element><element><id>20</id><category>mirror</category><bounds><corner1> 0.98889725, -0.28353965,  1.65905407</corner1><corner2>1.43976493, 0.37050373, 2.31008963</corner2></bounds><pose><translation>0., 0., 0.</translation><rotation><c1>1., 0., 0.</c1><c2>0., 1., 0.</c2><c3>0., 0., 1.</c3></rotation></pose><symmetry><x>none</x><y>none</y><z>none</z></symmetry><detectionScore>-1</detectionScore></element><element><id>14</id><category>chandelier</category><bounds><corner1>1.93296106, 0.65925336, 0.57539979</corner1><corner2>3.71388596, 1.21115782, 2.14878826</corner2></bounds><pose><translation>0., 0., 0.</translation><rotation><c1>1., 0., 0.</c1><c2>0., 1., 0.</c2><c3>0., 0., 1.</c3></rotation></pose><symmetry><x>none</x><y>none</y><z>none</z></symmetry><detectionScore>-1</detectionScore></element><element><id>34</id><category>wall_lamp</category><bounds><corner1>-1.82873269, -0.20369237, -2.77589155</corner1><corner2>-1.46135893,  0.03516999, -2.36313191</corner2></bounds><pose><translation>0., 0., 0.</translation><rotation><c1>1., 0., 0.</c1><c2>0., 1., 0.</c2><c3>0., 0., 1.</c3></rotation></pose><symmetry><x>none</x><y>none</y><z>none</z></symmetry><detectionScore>-1</detectionScore></element><element><id>39</id><category>chair</category><bounds><corner1> 1.01497017, -1.46464829,  0.5370644 </corner1><corner2> 3.5908092 , -0.71953044,  1.87561171</corner2></bounds><pose><translation>0., 0., 0.</translation><rotation><c1>1., 0., 0.</c1><c2>0., 1., 0.</c2><c3>0., 0., 1.</c3></rotation></pose><symmetry><x>none</x><y>none</y><z>none</z></symmetry><detectionScore>-1</detectionScore></element><element><id>49</id><category>chair</category><bounds><corner1>-2.27113387, -1.31713659,  0.653978  </corner1><corner2>-1.150008  , -0.67272368,  1.42420878</corner2></bounds><pose><translation>0., 0., 0.</translation><rotation><c1>1., 0., 0.</c1><c2>0., 1., 0.</c2><c3>0., 0., 1.</c3></rotation></pose><symmetry><x>none</x><y>none</y><z>none</z></symmetry><detectionScore>-1</detectionScore></element><element><id>5</id><category>table_lamp</category><bounds><corner1> 0.94956059, -1.09750828,  1.56504283</corner1><corner2> 1.9706288 , -0.01915464,  2.3261195 </corner2></bounds><pose><translation>0., 0., 0.</translation><rotation><c1>1., 0., 0.</c1><c2>0., 1., 0.</c2><c3>0., 0., 1.</c3></rotation></pose><symmetry><x>none</x><y>none</y><z>none</z></symmetry><detectionScore>-1</detectionScore></element><element><id>37</id><category>clock</category><bounds><corner1> 0.2919186 ,  0.20992772, -2.43311875</corner1><corner2> 0.50886359,  1.06979324, -1.26600591</corner2></bounds><pose><translation>0., 0., 0.</translation><rotation><c1>1., 0., 0.</c1><c2>0., 1., 0.</c2><c3>0., 0., 1.</c3></rotation></pose><symmetry><x>none</x><y>none</y><z>none</z></symmetry><detectionScore>-1</detectionScore></element><element><id>29</id><category>door</category><bounds><corner1> 1.04303077, -1.46718604, -1.23920957</corner1><corner2> 3.50180923,  1.18779909, -0.67813818</corner2></bounds><pose><translation>0., 0., 0.</translation><rotation><c1>1., 0., 0.</c1><c2>0., 1., 0.</c2><c3>0., 0., 1.</c3></rotation></pose><symmetry><x>none</x><y>none</y><z>none</z></symmetry><detectionScore>-1</detectionScore></element><element><id>30</id><category>wall</category><bounds><corner1>-2.18440252, -1.18581474, -2.78297209</corner1><corner2> 0.50238896,  1.10920361, -1.45397245</corner2></bounds><pose><translation>0., 0., 0.</translation><rotation><c1>1., 0., 0.</c1><c2>0., 1., 0.</c2><c3>0., 0., 1.</c3></rotation></pose><symmetry><x>none</x><y>none</y><z>none</z></symmetry><detectionScore>-1</detectionScore></element><element><id>15</id><category>chair</category><bounds><corner1>-1.73743033, -1.47213251,  1.13600241</corner1><corner2>-0.65535738, -0.66946073,  2.29093387</corner2></bounds><pose><translation>0., 0., 0.</translation><rotation><c1>1., 0., 0.</c1><c2>0., 1., 0.</c2><c3>0., 0., 1.</c3></rotation></pose><symmetry><x>none</x><y>none</y><z>none</z></symmetry><detectionScore>-1</detectionScore></element><element><id>4</id><category>coffee_table</category><bounds><corner1> 2.22194494, -1.45690623,  1.11618468</corner1><corner2> 3.70368888, -0.68476191,  2.307189  </corner2></bounds><pose><translation>0., 0., 0.</translation><rotation><c1>1., 0., 0.</c1><c2>0., 1., 0.</c2><c3>0., 0., 1.</c3></rotation></pose><symmetry><x>none</x><y>none</y><z>none</z></symmetry><detectionScore>-1</detectionScore></element><element><id>42</id><category>hanging_kitchen_cabinet</category><bounds><corner1>-1.5850446 , -0.04424002, -2.62005215</corner1><corner2>-1.3054179 ,  0.56297911, -2.36987062</corner2></bounds><pose><translation>0., 0., 0.</translation><rotation><c1>1., 0., 0.</c1><c2>0., 1., 0.</c2><c3>0., 0., 1.</c3></rotation></pose><symmetry><x>none</x><y>none</y><z>none</z></symmetry><detectionScore>-1</detectionScore></element><element><id>28</id><category>hanging_kitchen_cabinet</category><bounds><corner1>-1.92604473, -0.04621649, -1.57236228</corner1><corner2>-1.85493111,  0.51480329, -0.6851648 </corner2></bounds><pose><translation>0., 0., 0.</translation><rotation><c1>1., 0., 0.</c1><c2>0., 1., 0.</c2><c3>0., 0., 1.</c3></rotation></pose><symmetry><x>none</x><y>none</y><z>none</z></symmetry><detectionScore>-1</detectionScore></element><element><id>3</id><category>window</category><bounds><corner1>-2.2969543 , -0.76652608,  0.67284727</corner1><corner2>-2.10298079,  0.73023711,  1.99809535</corner2></bounds><pose><translation>0., 0., 0.</translation><rotation><c1>1., 0., 0.</c1><c2>0., 1., 0.</c2><c3>0., 0., 1.</c3></rotation></pose><symmetry><x>none</x><y>none</y><z>none</z></symmetry><detectionScore>-1</detectionScore></element><element><id>13</id><category>picture_frame</category><bounds><corner1> 2.93401269, -1.21373212,  0.43871031</corner1><corner2>3.71916008, 0.68264283, 2.03896885</corner2></bounds><pose><translation>0., 0., 0.</translation><rotation><c1>1., 0., 0.</c1><c2>0., 1., 0.</c2><c3>0., 0., 1.</c3></rotation></pose><symmetry><x>none</x><y>none</y><z>none</z></symmetry><detectionScore>-1</detectionScore></element></elements></scene>