<?xml version='1.0' encoding='utf-8'?>
<scene xmlns:sumo="https://www.sumochallenge.org"><version>2.0</version><categories><id>fb_categories_v1.0</id><url>https://sumochallenge.org/en/categories-1_0.json</url></categories><project_type>bounding_box</project_type><elements><element><id>12</id><category>wall</category><bounds><corner1>-0.58794951, -1.1256794 , -1.20304641</corner1><corner2>0.58794951, 1.1256794 , 1.20304641</corner2></bounds><pose><translation>-3.50683994, -0.21803386, -1.75995153</translation><rotation><c1>1., 0., 0.</c1><c2>0., 1., 0.</c2><c3>0., 0., 1.</c3></rotation></pose><symmetry><x>none</x><y>none</y><z>none</z></symmetry><detectionScore>-1</detectionScore></element><element><id>6</id><category>curtain</category><bounds><corner1>-0.07215536, -0.57266367, -0.81994079</corner1><corner2>0.07215536, 0.57266367, 0.81994079</corner2></bounds><pose><translation> 4.30603847,  0.36585148, -2.28137322</translation><rotation><c1>1., 0., 0.</c1><c2>0., 1., 0.</c2><c3>0., 0., 1.</c3></rotation></pose><symmetry><x>none</x><y>none</y><z>none</z></symmetry><detectionScore>-1</detectionScore></element><element><id>7</id><category>plant</category><bounds><corner1>-2.88282396, -1.20369437, -0.84358518</corner1><corner2>2.88282396, 1.20369437, 0.84358518</corner2></bounds><pose><translation>-4.06579397, -0.21089388,  1.48932651</translation><rotation><c1>1., 0., 0.</c1><c2>0., 1., 0.</c2><c3>0., 0., 1.</c3></rotation></pose><symmetry><x>none</x><y>none</y><z>none</z></symmetry><detectionScore>-1</detectionScore></element><element><id>5</id><category>wall</category><bounds><corner1>-2.41688954, -1.1862534 , -0.89799124</corner1><corner2>2.41688954, 1.1862534 , 0.89799124</corner2></bounds><pose><translation>-6.53028119, -0.19884426,  0.92735186</translation><rotation><c1>1., 0., 0.</c1><c2>0., 1., 0.</c2><c3>0., 0., 1.</c3></rotation></pose><symmetry><x>none</x><y>none</y><z>none</z></symmetry><detectionScore>-1</detectionScore></element><element><id>3</id><category>kitchen_cabinet</category><bounds><corner1>-0.63676171, -0.860694  , -0.91515698</corner1><corner2>0.63676171, 0.860694  , 0.91515698</corner2></bounds><pose><translation>-1.40808109, -0.35207088, -2.52418958</translation><rotation><c1>1., 0., 0.</c1><c2>0., 1., 0.</c2><c3>0., 0., 1.</c3></rotation></pose><symmetry><x>none</x><y>none</y><z>none</z></symmetry><detectionScore>-1</detectionScore></element><element><id>4</id><category>chair</category><bounds><corner1>-2.1234693 , -0.51719985, -0.84933217</corner1><corner2>2.1234693 , 0.51719985, 0.84933217</corner2></bounds><pose><translation> 2.17802557, -0.97603502,  0.89013622</translation><rotation><c1>1., 0., 0.</c1><c2>0., 1., 0.</c2><c3>0., 0., 1.</c3></rotation></pose><symmetry><x>none</x><y>none</y><z>none</z></symmetry><detectionScore>-1</detectionScore></element><element><id>2</id><category>plant</category><bounds><corner1>-0.70528318, -0.44618036, -1.8234548 </corner1><corner2>0.70528318, 0.44618036, 1.8234548 </corner2></bounds><pose><translation> 3.64175047, -0.24990202, -2.18967045</translation><rotation><c1>1., 0., 0.</c1><c2>0., 1., 0.</c2><c3>0., 0., 1.</c3></rotation></pose><symmetry><x>none</x><y>none</y><z>none</z></symmetry><detectionScore>-1</detectionScore></element><element><id>1</id><category>plant</category><bounds><corner1>-0.63858883, -0.38419366, -0.91049889</corner1><corner2>0.63858883, 0.38419366, 0.91049889</corner2></bounds><pose><translation> 3.71007592, -0.78591405,  2.73573851</translation><rotation><c1>1., 0., 0.</c1><c2>0., 1., 0.</c2><c3>0., 0., 1.</c3></rotation></pose><symmetry><x>none</x><y>none</y><z>none</z></symmetry><detectionScore>-1</detectionScore></element><element><id>10</id><category>kitchen_cabinet</category><bounds><corner1>-0.28373237, -0.28074194, -0.03801098</corner1><corner2>0.28373237, 0.28074194, 0.03801098</corner2></bounds><pose><translation>-0.84427374, -0.97928238, -1.62494206</translation><rotation><c1>1., 0., 0.</c1><c2>0., 1., 0.</c2><c3>0., 0., 1.</c3></rotation></pose><symmetry><x>none</x><y>none</y><z>none</z></symmetry><detectionScore>-1</detectionScore></element></elements></scene>