<?xml version='1.0' encoding='utf-8'?>
<scene xmlns:sumo="https://www.sumochallenge.org"><version>2.0</version><categories><id>fb_categories_v1_0</id><url>https://sumochallenge.org/en/categories-1_0.json</url></categories><project_type>bounding_box</project_type><elements><element><id>0</id><category>wall</category><bounds><corner1>-0.3105669318573072, -0.9572348327338743, -0.5609298303551165</corner1><corner2>0.3105669318573072, 0.9572348327338743, 0.5609298303551165</corner2></bounds><pose><translation>-1.5706367498953981, 0.004635309955390828, -0.2747067559935774</translation><rotation><c1>1, 0, 0</c1><c2>0, 1, 0</c2><c3>0, 0, 1</c3></rotation></pose><symmetry><x>twoFold</x><y>cylindrical</y><z>twoFold</z></symmetry><detectionScore>-1.0</detectionScore></element><element><id>1</id><category>wall</category><bounds><corner1>-1.970818771528993, -1.5372328348830857, -7.1750252614870575</corner1><corner2>1.970818771528993, 1.5372328348830857, 7.1750252614870575</corner2></bounds><pose><translation>0.3837114268542053, 0.11858670135388849, 2.310175158250446</translation><rotation><c1>1, 0, 0</c1><c2>0, 1, 0</c2><c3>0, 0, 1</c3></rotation></pose><symmetry><x>twoFold</x><y>cylindrical</y><z>twoFold</z></symmetry><detectionScore>-1.0</detectionScore></element><element><id>2</id><category>wall</category><bounds><corner1>-0.9831128814799114, -1.6428222965165076, -2.875211422377472</corner1><corner2>0.9831128814799114, 1.6428222965165076, 2.875211422377472</corner2></bounds><pose><translation>0.03595488576269624, 0.015790073414531064, -5.350371086779657</translation><rotation><c1>1, 0, 0</c1><c2>0, 1, 0</c2><c3>0, 0, 1</c3></rotation></pose><symmetry><x>twoFold</x><y>cylindrical</y><z>twoFold</z></symmetry><detectionScore>-1.0</detectionScore></element><element><id>3</id><category>wall</category><bounds><corner1>-0.49304814326118573, -1.7128865858298405, -1.6243435039177538</corner1><corner2>0.49304814326118573, 1.7128865858298405, 1.6243435039177538</corner2></bounds><pose><translation>-1.171150973352077, 0.10514939211141046, 2.2320421631934564</translation><rotation><c1>1, 0, 0</c1><c2>0, 1, 0</c2><c3>0, 0, 1</c3></rotation></pose><symmetry><x>twoFold</x><y>cylindrical</y><z>twoFold</z></symmetry><detectionScore>-1.0</detectionScore></element><element><id>4</id><category>desk</category><bounds><corner1>-0.349676331278555, -0.572921816260828, -2.4989853101240382</corner1><corner2>0.349676331278555, 0.572921816260828, 2.4989853101240382</corner2></bounds><pose><translation>0.6685771370353814, -0.7073615363442707, -5.069207874351855</translation><rotation><c1>1, 0, 0</c1><c2>0, 1, 0</c2><c3>0, 0, 1</c3></rotation></pose><symmetry><x>twoFold</x><y>cylindrical</y><z>twoFold</z></symmetry><detectionScore>-1.0</detectionScore></element><element><id>5</id><category>picture_frame</category><bounds><corner1>-0.9821329099210341, -0.9895940295758515, -2.4641674858345026</corner1><corner2>0.9821329099210341, 0.9895940295758515, 2.4641674858345026</corner2></bounds><pose><translation>0.036934857321573575, 0.34292679646515445, -5.403313781963791</translation><rotation><c1>1, 0, 0</c1><c2>0, 1, 0</c2><c3>0, 0, 1</c3></rotation></pose><symmetry><x>twoFold</x><y>cylindrical</y><z>twoFold</z></symmetry><detectionScore>-1.0</detectionScore></element><element><id>6</id><category>desk</category><bounds><corner1>-1.0357847535860352, -0.6454736903210716, -0.9145025188929061</corner1><corner2>1.0357847535860352, 0.6454736903210716, 0.9145025188929061</corner2></bounds><pose><translation>-0.08721789709691823, -1.1044948787677806, -4.9277162538383585</translation><rotation><c1>1, 0, 0</c1><c2>0, 1, 0</c2><c3>0, 0, 1</c3></rotation></pose><symmetry><x>twoFold</x><y>cylindrical</y><z>twoFold</z></symmetry><detectionScore>-1.0</detectionScore></element><element><id>7</id><category>wall</category><bounds><corner1>-1.2236209544708099, -1.6957718569004512, -0.255659910533665</corner1><corner2>1.2236209544708099, 1.6957718569004512, 0.255659910533665</corner2></bounds><pose><translation>2.3580204705614483, -0.0333387918684474, 4.736612609547759</translation><rotation><c1>1, 0, 0</c1><c2>0, 1, 0</c2><c3>0, 0, 1</c3></rotation></pose><symmetry><x>twoFold</x><y>cylindrical</y><z>twoFold</z></symmetry><detectionScore>-1.0</detectionScore></element><element><id>8</id><category>door</category><bounds><corner1>-1.3093591430801697, -2.0914695890796815, -6.955864378721365</corner1><corner2>1.3093591430801697, 2.0914695890796815, 6.955864378721365</corner2></bounds><pose><translation>-0.41085871269487884, -0.3639864535069843, 2.529336041016139</translation><rotation><c1>1, 0, 0</c1><c2>0, 1, 0</c2><c3>0, 0, 1</c3></rotation></pose><symmetry><x>twoFold</x><y>cylindrical</y><z>twoFold</z></symmetry><detectionScore>-1.0</detectionScore></element><element><id>9</id><category>stairs</category><bounds><corner1>-0.20156311669784865, -0.5968963656081608, -0.29141277159479173</corner1><corner2>0.20156311669784865, 0.5968963656081608, 0.29141277159479173</corner2></bounds><pose><translation>-1.3913570290974036, 0.15700669763231542, -0.5041161915801372</translation><rotation><c1>1, 0, 0</c1><c2>0, 1, 0</c2><c3>0, 0, 1</c3></rotation></pose><symmetry><x>twoFold</x><y>cylindrical</y><z>twoFold</z></symmetry><detectionScore>-1.0</detectionScore></element><element><id>10</id><category>wall</category><bounds><corner1>-0.6089229787250203, -1.7524906671375649, -1.9254435203363003</corner1><corner2>0.6089229787250203, 1.7524906671375649, 1.9254435203363003</corner2></bounds><pose><translation>-0.9028384071459433, -0.028676450314137576, 2.9277298239231606</translation><rotation><c1>1, 0, 0</c1><c2>0, 1, 0</c2><c3>0, 0, 1</c3></rotation></pose><symmetry><x>twoFold</x><y>cylindrical</y><z>twoFold</z></symmetry><detectionScore>-1.0</detectionScore></element><element><id>11</id><category>door</category><bounds><corner1>-2.2043691719372642, -1.3734669035274796, -2.6670198442985633</corner1><corner2>2.2043691719372642, 1.3734669035274796, 2.6670198442985633</corner2></bounds><pose><translation>0.8882980274537092, -0.22545896618321704, 2.3252526757828607</translation><rotation><c1>1, 0, 0</c1><c2>0, 1, 0</c2><c3>0, 0, 1</c3></rotation></pose><symmetry><x>twoFold</x><y>cylindrical</y><z>twoFold</z></symmetry><detectionScore>-1.0</detectionScore></element><element><id>12</id><category>wall</category><bounds><corner1>-1.234928571201726, -1.8342336512003572, -7.226494709628014</corner1><corner2>1.234928571201726, 1.8342336512003572, 7.226494709628014</corner2></bounds><pose><translation>-0.33642814081643513, -0.002267472508022403, 2.2587057101094903</translation><rotation><c1>1, 0, 0</c1><c2>0, 1, 0</c2><c3>0, 0, 1</c3></rotation></pose><symmetry><x>twoFold</x><y>cylindrical</y><z>twoFold</z></symmetry><detectionScore>-1.0</detectionScore></element></elements></scene>