<?xml version='1.0' encoding='utf-8'?>
<scene xmlns:sumo="https://www.sumochallenge.org"><version>2.0</version><categories><id>fb_categories_v1.0</id><url>https://sumochallenge.org/en/categories-1_0.json</url></categories><project_type>bounding_box</project_type><elements><element><id>4</id><category>window</category><bounds><corner1>-1.06424145, -0.66936851, -1.16934545</corner1><corner2>1.06424145, 0.66936851, 1.16934545</corner2></bounds><pose><translation>-4.52849247,  0.14669267, -0.36852144</translation><rotation><c1>1., 0., 0.</c1><c2>0., 1., 0.</c2><c3>0., 0., 1.</c3></rotation></pose><symmetry><x>none</x><y>twoFold</y><z>none</z></symmetry><detectionScore>0.73455477</detectionScore></element><element><id>1</id><category>door</category><bounds><corner1>-0.22048483, -1.00961888, -0.37103274</corner1><corner2>0.22048483, 1.00961888, 0.37103274</corner2></bounds><pose><translation> 3.82922896, -0.41386805, -1.43073291</translation><rotation><c1>1., 0., 0.</c1><c2>0., 1., 0.</c2><c3>0., 0., 1.</c3></rotation></pose><symmetry><x>twoFold</x><y>twoFold</y><z>twoFold</z></symmetry><detectionScore>0.994365</detectionScore></element><element><id>5</id><category>wall</category><bounds><corner1>-1.08559184, -1.268887  , -1.39831971</corner1><corner2>1.08559184, 1.268887  , 1.39831971</corner2></bounds><pose><translation>-4.46239112, -0.1834428 ,  0.10168698</translation><rotation><c1>1., 0., 0.</c1><c2>0., 1., 0.</c2><c3>0., 0., 1.</c3></rotation></pose><symmetry><x>none</x><y>twoFold</y><z>none</z></symmetry><detectionScore>0.99609876</detectionScore></element><element><id>3</id><category>stand</category><bounds><corner1>-0.08396204, -0.32091724, -0.33243027</corner1><corner2>0.08396204, 0.32091724, 0.33243027</corner2></bounds><pose><translation>-2.63880968, -1.17907314,  1.47939381</translation><rotation><c1>1., 0., 0.</c1><c2>0., 1., 0.</c2><c3>0., 0., 1.</c3></rotation></pose><symmetry><x>none</x><y>none</y><z>none</z></symmetry><detectionScore>0.78836423</detectionScore></element><element><id>2</id><category>wall</category><bounds><corner1>-0.06980688, -1.23478611, -1.9440276 </corner1><corner2>0.06980688, 1.23478611, 1.9440276 </corner2></bounds><pose><translation> 3.9979435 , -0.08270403, -0.13644125</translation><rotation><c1>1., 0., 0.</c1><c2>0., 1., 0.</c2><c3>0., 0., 1.</c3></rotation></pose><symmetry><x>none</x><y>twoFold</y><z>none</z></symmetry><detectionScore>0.99351925</detectionScore></element><element><id>7</id><category>desk</category><bounds><corner1>-0.23193155, -0.50012047, -0.89268702</corner1><corner2>0.23193155, 0.50012047, 0.89268702</corner2></bounds><pose><translation>-3.31420386, -1.04939277, -1.60603626</translation><rotation><c1>1., 0., 0.</c1><c2>0., 1., 0.</c2><c3>0., 0., 1.</c3></rotation></pose><symmetry><x>none</x><y>none</y><z>none</z></symmetry><detectionScore>0.9603737</detectionScore></element><element><id>9</id><category>tv_stand</category><bounds><corner1>-1.62285864, -0.25570147, -0.7984944 </corner1><corner2>1.62285864, 0.25570147, 0.7984944 </corner2></bounds><pose><translation> 1.80505324, -1.08901448,  0.24352075</translation><rotation><c1>1., 0., 0.</c1><c2>0., 1., 0.</c2><c3>0., 0., 1.</c3></rotation></pose><symmetry><x>none</x><y>none</y><z>none</z></symmetry><detectionScore>0.7993647</detectionScore></element><element><id>8</id><category>ottoman</category><bounds><corner1>-0.9247174 , -0.18138614, -0.5307773 </corner1><corner2>0.9247174 , 0.18138614, 0.5307773 </corner2></bounds><pose><translation> 1.95609884, -1.24342442,  1.31685059</translation><rotation><c1>1., 0., 0.</c1><c2>0., 1., 0.</c2><c3>0., 0., 1.</c3></rotation></pose><symmetry><x>none</x><y>twoFold</y><z>none</z></symmetry><detectionScore>0.80609953</detectionScore></element><element><id>6</id><category>bunker_bed</category><bounds><corner1>-0.5195829 , -1.07868358, -0.70989805</corner1><corner2>0.5195829 , 1.07868358, 0.70989805</corner2></bounds><pose><translation>-3.50668357, -0.63776637,  1.12108805</translation><rotation><c1>1., 0., 0.</c1><c2>0., 1., 0.</c2><c3>0., 0., 1.</c3></rotation></pose><symmetry><x>none</x><y>none</y><z>none</z></symmetry><detectionScore>0.99218565</detectionScore></element></elements></scene>