<?xml version='1.0' encoding='utf-8'?>
<scene xmlns:sumo="https://www.sumochallenge.org"><version>2.0</version><categories><id>fb_categories_v1.0</id><url>https://sumochallenge.org/en/categories-1_0.json</url></categories><project_type>bounding_box</project_type><elements><element><id>4</id><category>chair</category><bounds><corner1>-1.31419186, -0.72064108, -0.83933788</corner1><corner2>1.31419186, 0.72064108, 0.83933788</corner2></bounds><pose><translation> 2.30749589, -1.43566661,  0.99123961</translation><rotation><c1>1., 0., 0.</c1><c2>0., 1., 0.</c2><c3>0., 0., 1.</c3></rotation></pose><symmetry><x>none</x><y>none</y><z>none</z></symmetry><detectionScore>0.91454774</detectionScore></element><element><id>1</id><category>arch</category><bounds><corner1>-0.71992391, -1.7709883 , -4.4978425 </corner1><corner2>0.71992391, 1.7709883 , 4.4978425 </corner2></bounds><pose><translation> 0.14052302, -0.58123157,  2.80384069</translation><rotation><c1>1., 0., 0.</c1><c2>0., 1., 0.</c2><c3>0., 0., 1.</c3></rotation></pose><symmetry><x>none</x><y>twoFold</y><z>none</z></symmetry><detectionScore>0.99578226</detectionScore></element><element><id>5</id><category>kitchen_cabinet</category><bounds><corner1>-1.38604625, -0.46928195, -1.86245777</corner1><corner2>1.38604625, 0.46928195, 1.86245777</corner2></bounds><pose><translation> 3.2825318 , -0.82782006,  5.2174609 </translation><rotation><c1>1., 0., 0.</c1><c2>0., 1., 0.</c2><c3>0., 0., 1.</c3></rotation></pose><symmetry><x>none</x><y>none</y><z>none</z></symmetry><detectionScore>0.6930881</detectionScore></element><element><id>3</id><category>wall</category><bounds><corner1>-0.24774555, -1.42543199, -2.04948556</corner1><corner2>0.24774555, 1.42543199, 2.04948556</corner2></bounds><pose><translation> 0.68524004, -0.24421355,  2.12406421</translation><rotation><c1>1., 0., 0.</c1><c2>0., 1., 0.</c2><c3>0., 0., 1.</c3></rotation></pose><symmetry><x>none</x><y>twoFold</y><z>none</z></symmetry><detectionScore>0.9735951</detectionScore></element><element><id>2</id><category>window</category><bounds><corner1>-0.47190682, -1.09674166, -0.05996784</corner1><corner2>0.47190682, 1.09674166, 0.05996784</corner2></bounds><pose><translation> 1.69397639, -0.00676041, -0.91569103</translation><rotation><c1>1., 0., 0.</c1><c2>0., 1., 0.</c2><c3>0., 0., 1.</c3></rotation></pose><symmetry><x>none</x><y>twoFold</y><z>none</z></symmetry><detectionScore>0.53484046</detectionScore></element><element><id>6</id><category>wall</category><bounds><corner1>-1.19211876, -1.05003285, -5.30610298</corner1><corner2>1.19211876, 1.05003285, 5.30610298</corner2></bounds><pose><translation>-0.64037107, -0.01050788,  2.1310772 </translation><rotation><c1>1., 0., 0.</c1><c2>0., 1., 0.</c2><c3>0., 0., 1.</c3></rotation></pose><symmetry><x>none</x><y>twoFold</y><z>none</z></symmetry><detectionScore>0.6064646</detectionScore></element></elements></scene>