<?xml version='1.0' encoding='utf-8'?>
<scene xmlns:sumo="https://www.sumochallenge.org"><version>2.0</version><categories><id>fb_categories_v1.0</id><url>https://sumochallenge.org/en/categories-1_0.json</url></categories><project_type>bounding_box</project_type><elements><element><id>4</id><category>fence</category><bounds><corner1>-1.46008066, -0.06776669, -6.39969101</corner1><corner2>1.46008066, 0.06776669, 6.39969101</corner2></bounds><pose><translation>0., 0., 0.</translation><rotation><c1>1., 0., 0.</c1><c2>0., 1., 0.</c2><c3>0., 0., 1.</c3></rotation></pose><symmetry><x>none</x><y>twoFold</y><z>none</z></symmetry><detectionScore>0.83563817</detectionScore></element><element><id>1</id><category>fence</category><bounds><corner1>-1.36384542, -0.11103267, -0.        </corner1><corner2> 1.36384542,  0.11103267, -0.        </corner2></bounds><pose><translation>0., 0., 0.</translation><rotation><c1>1., 0., 0.</c1><c2>0., 1., 0.</c2><c3>0., 0., 1.</c3></rotation></pose><symmetry><x>none</x><y>twoFold</y><z>none</z></symmetry><detectionScore>0.9776478</detectionScore></element><element><id>5</id><category>wall</category><bounds><corner1>-0.04255682, -1.28682923, -0.69771832</corner1><corner2>0.04255682, 1.28682923, 0.69771832</corner2></bounds><pose><translation> 1.74328583, -0.09219759, -3.25691124</translation><rotation><c1>1., 0., 0.</c1><c2>0., 1., 0.</c2><c3>0., 0., 1.</c3></rotation></pose><symmetry><x>none</x><y>twoFold</y><z>none</z></symmetry><detectionScore>0.8794053</detectionScore></element><element><id>3</id><category>window</category><bounds><corner1>-2.83764665, -1.09363323, -1.30248965</corner1><corner2>2.83764665, 1.09363323, 1.30248965</corner2></bounds><pose><translation> 3.94229778,  0.09587107, -2.54390406</translation><rotation><c1>1., 0., 0.</c1><c2>0., 1., 0.</c2><c3>0., 0., 1.</c3></rotation></pose><symmetry><x>none</x><y>twoFold</y><z>none</z></symmetry><detectionScore>0.99067897</detectionScore></element><element><id>2</id><category>window</category><bounds><corner1>-0.05186993, -1.08265859, -0.79721433</corner1><corner2>0.05186993, 1.08265859, 0.79721433</corner2></bounds><pose><translation> 1.75646774,  0.10474477, -4.43435567</translation><rotation><c1>1., 0., 0.</c1><c2>0., 1., 0.</c2><c3>0., 0., 1.</c3></rotation></pose><symmetry><x>none</x><y>twoFold</y><z>none</z></symmetry><detectionScore>0.9050343</detectionScore></element><element><id>6</id><category>wall</category><bounds><corner1>-0.18613108, -1.2341362 , -4.31572964</corner1><corner2>0.18613108, 1.2341362 , 4.31572964</corner2></bounds><pose><translation> 9.68921662, -0.12129121,  1.90728838</translation><rotation><c1>1., 0., 0.</c1><c2>0., 1., 0.</c2><c3>0., 0., 1.</c3></rotation></pose><symmetry><x>none</x><y>twoFold</y><z>none</z></symmetry><detectionScore>0.9855724</detectionScore></element></elements></scene>