<?xml version='1.0' encoding='utf-8'?>
<scene xmlns:sumo="https://www.sumochallenge.org"><version>2.0</version><categories><id>fb_categories_v1_0</id><url>https://sumochallenge.org/en/categories-1_0.json</url></categories><project_type>bounding_box</project_type><elements><element><id>0</id><category>wall</category><bounds><corner1>-3.02047412819389, -1.4779511243409424, -5.316667852260315</corner1><corner2>3.02047412819389, 1.4779511243409424, 5.316667852260315</corner2></bounds><pose><translation>-0.3515214076028326, -0.1470700678546878, 5.490550881959738</translation><rotation><c1>1, 0, 0</c1><c2>0, 1, 0</c2><c3>0, 0, 1</c3></rotation></pose><symmetry><x>twoFold</x><y>cylindrical</y><z>twoFold</z></symmetry><detectionScore>-1.0</detectionScore></element><element><id>1</id><category>chair</category><bounds><corner1>-0.14648879135612192, -0.20236842828566823, -0.042516861663757344</corner1><corner2>0.14648879135612192, 0.20236842828566823, 0.042516861663757344</corner2></bounds><pose><translation>1.1983983710563861, -0.3407920217604774, -0.846255506712667</translation><rotation><c1>1, 0, 0</c1><c2>0, 1, 0</c2><c3>0, 0, 1</c3></rotation></pose><symmetry><x>twoFold</x><y>cylindrical</y><z>twoFold</z></symmetry><detectionScore>-1.0</detectionScore></element><element><id>2</id><category>kitchen_cabinet</category><bounds><corner1>-0.2087262800221681, -0.5301383489036415, -0.8148969795931341</corner1><corner2>0.2087262800221681, 0.5301383489036415, 0.8148969795931341</corner2></bounds><pose><translation>-3.22022269435927, -1.154122847153665, 0.8056856864050043</translation><rotation><c1>1, 0, 0</c1><c2>0, 1, 0</c2><c3>0, 0, 1</c3></rotation></pose><symmetry><x>twoFold</x><y>cylindrical</y><z>twoFold</z></symmetry><detectionScore>-1.0</detectionScore></element><element><id>3</id><category>coffee_table</category><bounds><corner1>-4.4156747304161375, -0.6154188977465705, -7.180812018806011</corner1><corner2>4.4156747304161375, 0.6154188977465705, 7.180812018806011</corner2></bounds><pose><translation>3.1628845178000473, -0.6154188977465705, -7.180812018806011</translation><rotation><c1>1, 0, 0</c1><c2>0, 1, 0</c2><c3>0, 0, 1</c3></rotation></pose><symmetry><x>twoFold</x><y>cylindrical</y><z>twoFold</z></symmetry><detectionScore>-1.0</detectionScore></element><element><id>4</id><category>floor_lamp</category><bounds><corner1>-0.617559258440715, -1.2737358879280838, -0.5182290604794884</corner1><corner2>0.617559258440715, 1.2737358879280838, 0.5182290604794884</corner2></bounds><pose><translation>3.604253629843364, -0.9482868281673918, -0.06901559960452945</translation><rotation><c1>1, 0, 0</c1><c2>0, 1, 0</c2><c3>0, 0, 1</c3></rotation></pose><symmetry><x>twoFold</x><y>cylindrical</y><z>twoFold</z></symmetry><detectionScore>-1.0</detectionScore></element><element><id>5</id><category>armchair</category><bounds><corner1>-1.6018048759481238, -1.1733397325366632, -4.474455057476538</corner1><corner2>1.6018048759481238, 1.1733397325366632, 4.474455057476538</corner2></bounds><pose><translation>-1.6018048759481238, -1.1733397325366632, -4.474455057476538</translation><rotation><c1>1, 0, 0</c1><c2>0, 1, 0</c2><c3>0, 0, 1</c3></rotation></pose><symmetry><x>twoFold</x><y>cylindrical</y><z>twoFold</z></symmetry><detectionScore>-1.0</detectionScore></element><element><id>6</id><category>window</category><bounds><corner1>-1.1174536841298761, -1.6127535484529314, -0.23221386865771204</corner1><corner2>1.1174536841298761, 1.6127535484529314, 0.23221386865771204</corner2></bounds><pose><translation>2.6732040646557973, -0.16771887829159007, -0.6544811915986829</translation><rotation><c1>1, 0, 0</c1><c2>0, 1, 0</c2><c3>0, 0, 1</c3></rotation></pose><symmetry><x>twoFold</x><y>cylindrical</y><z>twoFold</z></symmetry><detectionScore>-1.0</detectionScore></element><element><id>7</id><category>wall</category><bounds><corner1>-0.8795525091539735, -1.4334053575968024, -2.053477585740234</corner1><corner2>0.8795525091539735, 1.4334053575968024, 2.053477585740234</corner2></bounds><pose><translation>2.272796478333764, -0.07004379024887279, 3.589831664162797</translation><rotation><c1>1, 0, 0</c1><c2>0, 1, 0</c2><c3>0, 0, 1</c3></rotation></pose><symmetry><x>twoFold</x><y>cylindrical</y><z>twoFold</z></symmetry><detectionScore>-1.0</detectionScore></element><element><id>8</id><category>refrigerator</category><bounds><corner1>-1.6825281345342256, -0.7136848928919538, -2.1298848346457278</corner1><corner2>1.6825281345342256, 0.7136848928919538, 2.1298848346457278</corner2></bounds><pose><translation>-3.0875420563042497, -0.5343792625073257, 3.4110629291065044</translation><rotation><c1>1, 0, 0</c1><c2>0, 1, 0</c2><c3>0, 0, 1</c3></rotation></pose><symmetry><x>twoFold</x><y>cylindrical</y><z>twoFold</z></symmetry><detectionScore>-1.0</detectionScore></element><element><id>9</id><category>window</category><bounds><corner1>-2.269546973107475, -1.3290283080689653, -0.6980871600205822</corner1><corner2>2.269546973107475, 1.3290283080689653, 0.6980871600205822</corner2></bounds><pose><translation>-2.269546973107475, 0.0022287182419524674, -0.6980871600205822</translation><rotation><c1>1, 0, 0</c1><c2>0, 1, 0</c2><c3>0, 0, 1</c3></rotation></pose><symmetry><x>twoFold</x><y>cylindrical</y><z>twoFold</z></symmetry><detectionScore>-1.0</detectionScore></element><element><id>10</id><category>hanging_kitchen_cabinet</category><bounds><corner1>-0.37021114443348546, -0.7015701985244417, -0.6602991589468105</corner1><corner2>0.37021114443348546, 0.7015701985244417, 0.6602991589468105</corner2></bounds><pose><translation>-3.350266449663791, 0.3712827338493473, -0.1395431341020289</translation><rotation><c1>1, 0, 0</c1><c2>0, 1, 0</c2><c3>0, 0, 1</c3></rotation></pose><symmetry><x>twoFold</x><y>cylindrical</y><z>twoFold</z></symmetry><detectionScore>-1.0</detectionScore></element><element><id>11</id><category>kitchen_cabinet</category><bounds><corner1>-0.3030850299549286, -0.5882927465776528, -0.6047990637981592</corner1><corner2>0.3030850299549286, 0.5882927465776528, 0.6047990637981592</corner2></bounds><pose><translation>-3.2245074924492876, -1.2334615360430914, -0.0852294087198269</translation><rotation><c1>1, 0, 0</c1><c2>0, 1, 0</c2><c3>0, 0, 1</c3></rotation></pose><symmetry><x>twoFold</x><y>cylindrical</y><z>twoFold</z></symmetry><detectionScore>-1.0</detectionScore></element><element><id>12</id><category>sofa</category><bounds><corner1>-1.4634688224630588, -0.5195317658927074, -0.7818796744966497</corner1><corner2>1.4634688224630588, 0.5195317658927074, 0.7818796744966497</corner2></bounds><pose><translation>2.7495108995831585, -1.1424523308084302, -0.008047325699018438</translation><rotation><c1>1, 0, 0</c1><c2>0, 1, 0</c2><c3>0, 0, 1</c3></rotation></pose><symmetry><x>twoFold</x><y>cylindrical</y><z>twoFold</z></symmetry><detectionScore>-1.0</detectionScore></element><element><id>13</id><category>kitchen_cabinet</category><bounds><corner1>-1.5246652572630761, -0.2916173255502993, -1.2627845968439526</corner1><corner2>1.5246652572630761, 0.2916173255502993, 1.2627845968439526</corner2></bounds><pose><translation>-3.194751939968566, -0.9228521419780654, 1.557918036709968</translation><rotation><c1>1, 0, 0</c1><c2>0, 1, 0</c2><c3>0, 0, 1</c3></rotation></pose><symmetry><x>twoFold</x><y>cylindrical</y><z>twoFold</z></symmetry><detectionScore>-1.0</detectionScore></element><element><id>14</id><category>armchair</category><bounds><corner1>-0.6053089432103809, -0.43390961433831854, -3.226568107806515</corner1><corner2>0.6053089432103809, 0.43390961433831854, 3.226568107806515</corner2></bounds><pose><translation>-0.17366065190349073, -1.078589654633916, 2.3820106597078707</translation><rotation><c1>1, 0, 0</c1><c2>0, 1, 0</c2><c3>0, 0, 1</c3></rotation></pose><symmetry><x>twoFold</x><y>cylindrical</y><z>twoFold</z></symmetry><detectionScore>-1.0</detectionScore></element><element><id>15</id><category>gym_equipment</category><bounds><corner1>-1.8420055365130887, -1.2831500601843253, -4.653292672891932</corner1><corner2>1.8420055365130887, 1.2831500601843253, 4.653292672891932</corner2></bounds><pose><translation>-1.8420055365130887, -1.048438301742571, -4.653292672891932</translation><rotation><c1>1, 0, 0</c1><c2>0, 1, 0</c2><c3>0, 0, 1</c3></rotation></pose><symmetry><x>twoFold</x><y>cylindrical</y><z>twoFold</z></symmetry><detectionScore>-1.0</detectionScore></element><element><id>16</id><category>outdoor_seating</category><bounds><corner1>-4.680672814155345, -1.6639920456500294, -0.0</corner1><corner2>4.680672814155345, 1.6639920456500294, 0.0</corner2></bounds><pose><translation>0.0, 0.0, 0.0</translation><rotation><c1>1, 0, 0</c1><c2>0, 1, 0</c2><c3>0, 0, 1</c3></rotation></pose><symmetry><x>twoFold</x><y>cylindrical</y><z>twoFold</z></symmetry><detectionScore>-1.0</detectionScore></element><element><id>17</id><category>wall</category><bounds><corner1>-0.13839747609759456, -1.4951765681656153, -2.2093598368724203</corner1><corner2>0.13839747609759456, 1.4951765681656153, 2.2093598368724203</corner2></bounds><pose><translation>4.0834154121864845, -0.12259036896294997, 1.3672604968843345</translation><rotation><c1>1, 0, 0</c1><c2>0, 1, 0</c2><c3>0, 0, 1</c3></rotation></pose><symmetry><x>twoFold</x><y>cylindrical</y><z>twoFold</z></symmetry><detectionScore>-1.0</detectionScore></element><element><id>18</id><category>armchair</category><bounds><corner1>-1.4652262628939563, -0.5976390637191493, -0.7553630093340948</corner1><corner2>1.4652262628939563, 0.5976390637191493, 0.7553630093340948</corner2></bounds><pose><translation>2.747645561743853, -1.1808449807178243, -0.0778788546784405</translation><rotation><c1>1, 0, 0</c1><c2>0, 1, 0</c2><c3>0, 0, 1</c3></rotation></pose><symmetry><x>twoFold</x><y>cylindrical</y><z>twoFold</z></symmetry><detectionScore>-1.0</detectionScore></element><element><id>19</id><category>curtain</category><bounds><corner1>-1.3191015336955316, -1.5854329156555265, -0.26855538131505485</corner1><corner2>1.3191015336955316, 1.5854329156555265, 0.26855538131505485</corner2></bounds><pose><translation>2.664873458902921, -0.12480223513557016, -0.6527600908550669</translation><rotation><c1>1, 0, 0</c1><c2>0, 1, 0</c2><c3>0, 0, 1</c3></rotation></pose><symmetry><x>twoFold</x><y>cylindrical</y><z>twoFold</z></symmetry><detectionScore>-1.0</detectionScore></element><element><id>20</id><category>hanging_kitchen_cabinet</category><bounds><corner1>-0.09548545127996144, -0.5066018170671698, -0.843378663822256</corner1><corner2>0.09548545127996144, 0.5066018170671698, 0.843378663822256</corner2></bounds><pose><translation>-3.3244257506786905, 0.3441990911496097, 1.8064723829664413</translation><rotation><c1>1, 0, 0</c1><c2>0, 1, 0</c2><c3>0, 0, 1</c3></rotation></pose><symmetry><x>twoFold</x><y>cylindrical</y><z>twoFold</z></symmetry><detectionScore>-1.0</detectionScore></element><element><id>21</id><category>hanging_kitchen_cabinet</category><bounds><corner1>-0.43682845752577437, -0.7078921692977489, -1.3065259428713776</corner1><corner2>0.43682845752577437, 0.7078921692977489, 1.3065259428713776</corner2></bounds><pose><translation>-2.511561752431318, 0.3395511481627828, 2.2195370161388097</translation><rotation><c1>1, 0, 0</c1><c2>0, 1, 0</c2><c3>0, 0, 1</c3></rotation></pose><symmetry><x>twoFold</x><y>cylindrical</y><z>twoFold</z></symmetry><detectionScore>-1.0</detectionScore></element><element><id>22</id><category>wall</category><bounds><corner1>-1.6239455509282301, -0.6498457070073054, -2.099962528721162</corner1><corner2>1.6239455509282301, 0.6498457070073054, 2.099962528721162</corner2></bounds><pose><translation>-3.0533948769588894, -0.18988251215359367, 3.4346263523279554</translation><rotation><c1>1, 0, 0</c1><c2>0, 1, 0</c2><c3>0, 0, 1</c3></rotation></pose><symmetry><x>twoFold</x><y>cylindrical</y><z>twoFold</z></symmetry><detectionScore>-1.0</detectionScore></element><element><id>23</id><category>person</category><bounds><corner1>-6.944175373402186, -0.39282567861709405, -0.9932335109194992</corner1><corner2>6.944175373402186, 0.39282567861709405, 0.9932335109194992</corner2></bounds><pose><translation>0.6343838748139989, -0.17004064696398966, -0.9932335109194992</translation><rotation><c1>1, 0, 0</c1><c2>0, 1, 0</c2><c3>0, 0, 1</c3></rotation></pose><symmetry><x>twoFold</x><y>cylindrical</y><z>twoFold</z></symmetry><detectionScore>-1.0</detectionScore></element><element><id>24</id><category>outdoor_seating</category><bounds><corner1>-2.703530831786417, -2.3827327027726177, -7.37623817673493</corner1><corner2>2.703530831786417, 2.3827327027726177, 7.37623817673493</corner2></bounds><pose><translation>-2.703530831786417, -0.7656824117000204, -7.37623817673493</translation><rotation><c1>1, 0, 0</c1><c2>0, 1, 0</c2><c3>0, 0, 1</c3></rotation></pose><symmetry><x>twoFold</x><y>cylindrical</y><z>twoFold</z></symmetry><detectionScore>-1.0</detectionScore></element><element><id>25</id><category>wall</category><bounds><corner1>-1.1986389516264824, -0.6047957806123087, -0.16975000645487115</corner1><corner2>1.1986389516264824, 0.6047957806123087, 0.16975000645487115</corner2></bounds><pose><translation>1.5323850279438376, -0.01673956040939762, -0.8017142633942272</translation><rotation><c1>1, 0, 0</c1><c2>0, 1, 0</c2><c3>0, 0, 1</c3></rotation></pose><symmetry><x>twoFold</x><y>cylindrical</y><z>twoFold</z></symmetry><detectionScore>-1.0</detectionScore></element><element><id>26</id><category>chair</category><bounds><corner1>-0.0715105986106992, -0.08530248061516557, -0.02742426194208547</corner1><corner2>0.0715105986106992, 0.08530248061516557, 0.02742426194208547</corner2></bounds><pose><translation>0.8285389353650596, -0.1437585117041769, -0.9378693229069343</translation><rotation><c1>1, 0, 0</c1><c2>0, 1, 0</c2><c3>0, 0, 1</c3></rotation></pose><symmetry><x>twoFold</x><y>cylindrical</y><z>twoFold</z></symmetry><detectionScore>-1.0</detectionScore></element><element><id>27</id><category>kitchen_cabinet</category><bounds><corner1>-1.423660607449813, -0.4159854638912579, -1.0681558352382732</corner1><corner2>1.423660607449813, 0.4159854638912579, 1.0681558352382732</corner2></bounds><pose><translation>-3.1476958531375523, -0.804117002257201, 2.23663750042193</translation><rotation><c1>1, 0, 0</c1><c2>0, 1, 0</c2><c3>0, 0, 1</c3></rotation></pose><symmetry><x>twoFold</x><y>cylindrical</y><z>twoFold</z></symmetry><detectionScore>-1.0</detectionScore></element><element><id>28</id><category>arch</category><bounds><corner1>-0.8682009314885195, -1.5241834334715811, -5.259981396047724</corner1><corner2>0.8682009314885195, 1.5241834334715811, 5.259981396047724</corner2></bounds><pose><translation>1.8007517891025375, -0.1864176705762467, 5.547237338172328</translation><rotation><c1>1, 0, 0</c1><c2>0, 1, 0</c2><c3>0, 0, 1</c3></rotation></pose><symmetry><x>twoFold</x><y>cylindrical</y><z>twoFold</z></symmetry><detectionScore>-1.0</detectionScore></element><element><id>29</id><category>chair</category><bounds><corner1>-4.382627740673563, -0.7285501247178248, -7.210692723072185</corner1><corner2>4.382627740673563, 0.7285501247178248, 7.210692723072185</corner2></bounds><pose><translation>3.1959315075426216, -0.7285501247178248, -7.210692723072185</translation><rotation><c1>1, 0, 0</c1><c2>0, 1, 0</c2><c3>0, 0, 1</c3></rotation></pose><symmetry><x>twoFold</x><y>cylindrical</y><z>twoFold</z></symmetry><detectionScore>-1.0</detectionScore></element><element><id>30</id><category>wall</category><bounds><corner1>-0.236145833644001, -1.4935096257553453, -0.2842342155262081</corner1><corner2>0.236145833644001, 1.4935096257553453, 0.2842342155262081</corner2></bounds><pose><translation>-3.3837857257966353, -0.14662196394254634, -0.3738621267765642</translation><rotation><c1>1, 0, 0</c1><c2>0, 1, 0</c2><c3>0, 0, 1</c3></rotation></pose><symmetry><x>twoFold</x><y>cylindrical</y><z>twoFold</z></symmetry><detectionScore>-1.0</detectionScore></element><element><id>31</id><category>sofa</category><bounds><corner1>-1.5807188507774306, -1.172419019538578, -4.43049354607322</corner1><corner2>1.5807188507774306, 1.172419019538578, 4.43049354607322</corner2></bounds><pose><translation>-1.5807188507774306, -1.172419019538578, -4.43049354607322</translation><rotation><c1>1, 0, 0</c1><c2>0, 1, 0</c2><c3>0, 0, 1</c3></rotation></pose><symmetry><x>twoFold</x><y>cylindrical</y><z>twoFold</z></symmetry><detectionScore>-1.0</detectionScore></element><element><id>32</id><category>chair</category><bounds><corner1>-0.4362185047367624, -0.4334742498629437, -3.5753296052376267</corner1><corner2>0.4362185047367624, 0.4334742498629437, 3.5753296052376267</corner2></bounds><pose><translation>-0.1721455090768436, -1.1017263633031154, 2.030624989020254</translation><rotation><c1>1, 0, 0</c1><c2>0, 1, 0</c2><c3>0, 0, 1</c3></rotation></pose><symmetry><x>twoFold</x><y>cylindrical</y><z>twoFold</z></symmetry><detectionScore>-1.0</detectionScore></element><element><id>33</id><category>chair</category><bounds><corner1>-5.310808235055842, -0.20795854331643052, -0.049657314657517104</corner1><corner2>5.310808235055842, 0.20795854331643052, 0.049657314657517104</corner2></bounds><pose><translation>0.6716887925219034, -0.3335047020457916, -0.9674451239446351</translation><rotation><c1>1, 0, 0</c1><c2>0, 1, 0</c2><c3>0, 0, 1</c3></rotation></pose><symmetry><x>twoFold</x><y>cylindrical</y><z>twoFold</z></symmetry><detectionScore>-1.0</detectionScore></element><element><id>34</id><category>door</category><bounds><corner1>-1.6382740312975042, -0.671429782858332, -2.0065936198223504</corner1><corner2>1.6382740312975042, 0.671429782858332, 2.0065936198223504</corner2></bounds><pose><translation>-3.0677233573281635, -0.3486535759337165, 3.527995261226767</translation><rotation><c1>1, 0, 0</c1><c2>0, 1, 0</c2><c3>0, 0, 1</c3></rotation></pose><symmetry><x>twoFold</x><y>cylindrical</y><z>twoFold</z></symmetry><detectionScore>-1.0</detectionScore></element><element><id>35</id><category>fence</category><bounds><corner1>-5.777918813182972, -1.5543475340676771, -0.0</corner1><corner2>5.777918813182972, 1.5543475340676771, 0.0</corner2></bounds><pose><translation>0.0, 0.0, 0.0</translation><rotation><c1>1, 0, 0</c1><c2>0, 1, 0</c2><c3>0, 0, 1</c3></rotation></pose><symmetry><x>twoFold</x><y>cylindrical</y><z>twoFold</z></symmetry><detectionScore>-1.0</detectionScore></element><element><id>36</id><category>plant</category><bounds><corner1>-2.3585077402595953, -3.314077675949623, -6.817332774450088</corner1><corner2>2.3585077402595953, 3.314077675949623, 6.817332774450088</corner2></bounds><pose><translation>-2.3585077402595953, 0.0, -6.817332774450088</translation><rotation><c1>1, 0, 0</c1><c2>0, 1, 0</c2><c3>0, 0, 1</c3></rotation></pose><symmetry><x>twoFold</x><y>cylindrical</y><z>twoFold</z></symmetry><detectionScore>-1.0</detectionScore></element><element><id>37</id><category>wall</category><bounds><corner1>-0.5018262595547851, -1.372395831821735, -5.292930449801234</corner1><corner2>0.5018262595547851, 1.372395831821735, 5.292930449801234</corner2></bounds><pose><translation>2.167126461036272, -0.08877762838861494, 5.514288284418819</translation><rotation><c1>1, 0, 0</c1><c2>0, 1, 0</c2><c3>0, 0, 1</c3></rotation></pose><symmetry><x>twoFold</x><y>cylindrical</y><z>twoFold</z></symmetry><detectionScore>-1.0</detectionScore></element><element><id>38</id><category>wall</category><bounds><corner1>-1.296167919911302, -1.2937489273592957, -0.1847245635322743</corner1><corner2>1.296167919911302, 1.2937489273592957, 0.1847245635322743</corner2></bounds><pose><translation>-2.012997892541982, -0.20952238903741977, 5.422135850931714</translation><rotation><c1>1, 0, 0</c1><c2>0, 1, 0</c2><c3>0, 0, 1</c3></rotation></pose><symmetry><x>twoFold</x><y>cylindrical</y><z>twoFold</z></symmetry><detectionScore>-1.0</detectionScore></element><element><id>39</id><category>coffee_table</category><bounds><corner1>-1.2700609914448076, -0.7730375169038678, -1.4848609273866202</corner1><corner2>1.2700609914448076, 0.7730375169038678, 1.4848609273866202</corner2></bounds><pose><translation>2.9182640437509746, -1.4066439359359266, 1.4130068952166552</translation><rotation><c1>1, 0, 0</c1><c2>0, 1, 0</c2><c3>0, 0, 1</c3></rotation></pose><symmetry><x>twoFold</x><y>cylindrical</y><z>twoFold</z></symmetry><detectionScore>-1.0</detectionScore></element><element><id>40</id><category>plant</category><bounds><corner1>-0.06929038017203815, -0.10499721375755497, -0.025853810626429552</corner1><corner2>0.06929038017203815, 0.10499721375755497, 0.025853810626429552</corner2></bounds><pose><translation>0.8173150717180738, -0.03410292383192486, -0.9434349739923137</translation><rotation><c1>1, 0, 0</c1><c2>0, 1, 0</c2><c3>0, 0, 1</c3></rotation></pose><symmetry><x>twoFold</x><y>cylindrical</y><z>twoFold</z></symmetry><detectionScore>-1.0</detectionScore></element><element><id>41</id><category>office_chair</category><bounds><corner1>-0.15219761482478478, -0.18013723878361318, -0.05343214306092403</corner1><corner2>0.15219761482478478, 0.18013723878361318, 0.05343214306092403</corner2></bounds><pose><translation>1.516260593230844, -0.28453705747459385, -0.7946248807580608</translation><rotation><c1>1, 0, 0</c1><c2>0, 1, 0</c2><c3>0, 0, 1</c3></rotation></pose><symmetry><x>twoFold</x><y>cylindrical</y><z>twoFold</z></symmetry><detectionScore>-1.0</detectionScore></element><element><id>42</id><category>plant</category><bounds><corner1>-1.777136077398016, -1.4354961861294109, -4.63472829453539</corner1><corner2>1.777136077398016, 1.4354961861294109, 4.63472829453539</corner2></bounds><pose><translation>-1.777136077398016, -1.0668300407256694, -4.63472829453539</translation><rotation><c1>1, 0, 0</c1><c2>0, 1, 0</c2><c3>0, 0, 1</c3></rotation></pose><symmetry><x>twoFold</x><y>cylindrical</y><z>twoFold</z></symmetry><detectionScore>-1.0</detectionScore></element></elements></scene>