<?xml version='1.0' encoding='utf-8'?>
<scene xmlns:sumo="https://www.sumochallenge.org"><version>2.0</version><categories><id>fb_categories_v1.0</id><url>https://sumochallenge.org/en/categories-1_0.json</url></categories><project_type>bounding_box</project_type><elements><element><id>4</id><category>door</category><bounds><corner1>-0.51342907, -0.62831482, -1.71793359</corner1><corner2>0.51342907, 0.62831482, 1.71793359</corner2></bounds><pose><translation>-0.41397897,  0.        , -1.71793359</translation><rotation><c1>1., 0., 0.</c1><c2>0., 1., 0.</c2><c3>0., 0., 1.</c3></rotation></pose><symmetry><x>twoFold</x><y>twoFold</y><z>twoFold</z></symmetry><detectionScore>0.997656</detectionScore></element><element><id>1</id><category>fruit_bowl</category><bounds><corner1>-0.62266947, -0.1525496 , -0.33976829</corner1><corner2>0.62266947, 0.1525496 , 0.33976829</corner2></bounds><pose><translation> 2.19410606, -0.92233368,  1.78608739</translation><rotation><c1>1., 0., 0.</c1><c2>0., 1., 0.</c2><c3>0., 0., 1.</c3></rotation></pose><symmetry><x>none</x><y>cylindrical</y><z>none</z></symmetry><detectionScore>0.71293294</detectionScore></element><element><id>5</id><category>stairs</category><bounds><corner1>-1.49011294, -0.78166269, -0.82809797</corner1><corner2>1.49011294, 0.78166269, 0.82809797</corner2></bounds><pose><translation> 4.69852376,  0.42116524, -0.45956871</translation><rotation><c1>1., 0., 0.</c1><c2>0., 1., 0.</c2><c3>0., 0., 1.</c3></rotation></pose><symmetry><x>none</x><y>none</y><z>none</z></symmetry><detectionScore>0.9538882</detectionScore></element><element><id>3</id><category>door</category><bounds><corner1>-1.95536478, -0.83923733, -1.74524817</corner1><corner2>1.95536478, 0.83923733, 1.74524817</corner2></bounds><pose><translation> 1.90703143, -0.07523144,  4.19794822</translation><rotation><c1>1., 0., 0.</c1><c2>0., 1., 0.</c2><c3>0., 0., 1.</c3></rotation></pose><symmetry><x>twoFold</x><y>twoFold</y><z>twoFold</z></symmetry><detectionScore>0.99543935</detectionScore></element><element><id>2</id><category>wall</category><bounds><corner1>-0.12139006, -1.15992632, -2.35221855</corner1><corner2>0.12139006, 1.15992632, 2.35221855</corner2></bounds><pose><translation> 6.09381118, -0.06588316,  1.37128685</translation><rotation><c1>1., 0., 0.</c1><c2>0., 1., 0.</c2><c3>0., 0., 1.</c3></rotation></pose><symmetry><x>none</x><y>twoFold</y><z>none</z></symmetry><detectionScore>0.98682296</detectionScore></element><element><id>7</id><category>plant</category><bounds><corner1>-0.54408886, -0.55489772, -1.38203756</corner1><corner2>0.54408886, 0.55489772, 1.38203756</corner2></bounds><pose><translation> 0.57072696, -0.55489772, -1.38203756</translation><rotation><c1>1., 0., 0.</c1><c2>0., 1., 0.</c2><c3>0., 0., 1.</c3></rotation></pose><symmetry><x>none</x><y>cylindrical</y><z>none</z></symmetry><detectionScore>0.735375</detectionScore></element><element><id>6</id><category>ironing_board</category><bounds><corner1>-0.85718102, -0.47016987, -0.07873896</corner1><corner2>0.85718102, 0.47016987, 0.07873896</corner2></bounds><pose><translation> 0.47660538, -1.14121742,  4.18518377</translation><rotation><c1>1., 0., 0.</c1><c2>0., 1., 0.</c2><c3>0., 0., 1.</c3></rotation></pose><symmetry><x>none</x><y>twoFold</y><z>none</z></symmetry><detectionScore>0.91279936</detectionScore></element></elements></scene>