<?xml version='1.0' encoding='utf-8'?>
<scene xmlns:sumo="https://www.sumochallenge.org"><version>2.0</version><categories><id>fb_categories_v1.0</id><url>https://sumochallenge.org/en/categories-1_0.json</url></categories><project_type>bounding_box</project_type><elements><element><id>5</id><category>sofa</category><bounds><corner1>-0.93714397, -0.44456855, -1.09639585</corner1><corner2>0.93714397, 0.44456855, 1.09639585</corner2></bounds><pose><translation>-2.55617984, -0.79547612,  1.06454122</translation><rotation><c1>1., 0., 0.</c1><c2>0., 1., 0.</c2><c3>0., 0., 1.</c3></rotation></pose><symmetry><x>none</x><y>none</y><z>none</z></symmetry><detectionScore>0.56527853</detectionScore></element><element><id>15</id><category>window</category><bounds><corner1>-0.65214249, -0.89601247, -0.04506922</corner1><corner2>0.65214249, 0.89601247, 0.04506922</corner2></bounds><pose><translation> 0.35117012, -0.14853121,  2.53596538</translation><rotation><c1>1., 0., 0.</c1><c2>0., 1., 0.</c2><c3>0., 0., 1.</c3></rotation></pose><symmetry><x>none</x><y>twoFold</y><z>none</z></symmetry><detectionScore>0.93818074</detectionScore></element><element><id>10</id><category>picture_frame</category><bounds><corner1>-0.05521539, -0.38556755, -0.84995323</corner1><corner2>0.05521539, 0.38556755, 0.84995323</corner2></bounds><pose><translation>-3.36607574,  0.46208794,  1.29634476</translation><rotation><c1>1., 0., 0.</c1><c2>0., 1., 0.</c2><c3>0., 0., 1.</c3></rotation></pose><symmetry><x>none</x><y>fourFold</y><z>none</z></symmetry><detectionScore>0.9948763</detectionScore></element><element><id>11</id><category>wall</category><bounds><corner1>-0.97094001, -0.545031  , -0.55076638</corner1><corner2>0.97094001, 0.545031  , 0.55076638</corner2></bounds><pose><translation>-0.56526943, -0.0221221 , -2.51284399</translation><rotation><c1>1., 0., 0.</c1><c2>0., 1., 0.</c2><c3>0., 0., 1.</c3></rotation></pose><symmetry><x>none</x><y>twoFold</y><z>none</z></symmetry><detectionScore>0.7255976</detectionScore></element><element><id>4</id><category>coffee_table</category><bounds><corner1>-0.27601907, -0.36097077, -0.60961637</corner1><corner2>0.27601907, 0.36097077, 0.60961637</corner2></bounds><pose><translation>-1.86201341, -1.0701039 ,  0.86254191</translation><rotation><c1>1., 0., 0.</c1><c2>0., 1., 0.</c2><c3>0., 0., 1.</c3></rotation></pose><symmetry><x>none</x><y>twoFold</y><z>none</z></symmetry><detectionScore>0.908358</detectionScore></element><element><id>3</id><category>picture_frame</category><bounds><corner1>-0.05625546, -0.91706338, -0.31568442</corner1><corner2>0.05625546, 0.91706338, 0.31568442</corner2></bounds><pose><translation>-3.37609167, -0.14689864, -0.49696412</translation><rotation><c1>1., 0., 0.</c1><c2>0., 1., 0.</c2><c3>0., 0., 1.</c3></rotation></pose><symmetry><x>none</x><y>fourFold</y><z>none</z></symmetry><detectionScore>0.88641495</detectionScore></element><element><id>12</id><category>wall</category><bounds><corner1>-1.10137988, -1.19343895, -1.91065612</corner1><corner2>1.10137988, 1.19343895, 1.91065612</corner2></bounds><pose><translation>-3.37423162, -0.0296274 ,  0.29837292</translation><rotation><c1>1., 0., 0.</c1><c2>0., 1., 0.</c2><c3>0., 0., 1.</c3></rotation></pose><symmetry><x>none</x><y>twoFold</y><z>none</z></symmetry><detectionScore>0.89798963</detectionScore></element><element><id>2</id><category>arch</category><bounds><corner1>-2.3918025 , -1.18757488, -1.30576619</corner1><corner2>2.3918025 , 1.18757488, 1.30576619</corner2></bounds><pose><translation>-4.32186127, -0.15634823, -2.29240069</translation><rotation><c1>1., 0., 0.</c1><c2>0., 1., 0.</c2><c3>0., 0., 1.</c3></rotation></pose><symmetry><x>none</x><y>twoFold</y><z>none</z></symmetry><detectionScore>0.83461785</detectionScore></element><element><id>1</id><category>floor</category><bounds><corner1>-1.29915401, -0.38960777, -0.61095424</corner1><corner2>1.29915401, 0.38960777, 0.61095424</corner2></bounds><pose><translation>-0.09483467, -0.91142596, -2.5028595 </translation><rotation><c1>1., 0., 0.</c1><c2>0., 1., 0.</c2><c3>0., 0., 1.</c3></rotation></pose><symmetry><x>twoFold</x><y>cylindrical</y><z>twoFold</z></symmetry><detectionScore>0.86653626</detectionScore></element><element><id>13</id><category>television</category><bounds><corner1>-0.02604001, -0.33334774, -0.54945249</corner1><corner2>0.02604001, 0.33334774, 0.54945249</corner2></bounds><pose><translation>1.54297339, 0.12625944, 0.9098222 </translation><rotation><c1>1., 0., 0.</c1><c2>0., 1., 0.</c2><c3>0., 0., 1.</c3></rotation></pose><symmetry><x>none</x><y>none</y><z>twoFold</z></symmetry><detectionScore>0.9920157</detectionScore></element><element><id>9</id><category>plant</category><bounds><corner1>-0.36323167, -0.65824139, -0.36993809</corner1><corner2>0.36323167, 0.65824139, 0.36993809</corner2></bounds><pose><translation> 0.77303509, -0.83602543,  2.19387159</translation><rotation><c1>1., 0., 0.</c1><c2>0., 1., 0.</c2><c3>0., 0., 1.</c3></rotation></pose><symmetry><x>none</x><y>cylindrical</y><z>none</z></symmetry><detectionScore>0.92485535</detectionScore></element><element><id>8</id><category>door</category><bounds><corner1>-0.59496287, -1.39741046, -0.51377229</corner1><corner2>0.59496287, 1.39741046, 0.51377229</corner2></bounds><pose><translation> 0.48106689, -0.40559187, -2.43984877</translation><rotation><c1>1., 0., 0.</c1><c2>0., 1., 0.</c2><c3>0., 0., 1.</c3></rotation></pose><symmetry><x>twoFold</x><y>twoFold</y><z>twoFold</z></symmetry><detectionScore>0.9997187</detectionScore></element><element><id>7</id><category>door</category><bounds><corner1>-0.51011526, -0.97827628, -0.04183371</corner1><corner2>0.51011526, 0.97827628, 0.04183371</corner2></bounds><pose><translation>-0.9462273 , -0.26435351,  2.54111336</translation><rotation><c1>1., 0., 0.</c1><c2>0., 1., 0.</c2><c3>0., 0., 1.</c3></rotation></pose><symmetry><x>twoFold</x><y>twoFold</y><z>twoFold</z></symmetry><detectionScore>0.5902727</detectionScore></element><element><id>14</id><category>plant</category><bounds><corner1>-0.46104723, -0.73714959, -0.52703119</corner1><corner2>0.46104723, 0.73714959, 0.52703119</corner2></bounds><pose><translation> 1.13857992, -0.56303693,  1.98607728</translation><rotation><c1>1., 0., 0.</c1><c2>0., 1., 0.</c2><c3>0., 0., 1.</c3></rotation></pose><symmetry><x>none</x><y>cylindrical</y><z>none</z></symmetry><detectionScore>0.94000715</detectionScore></element></elements></scene>