<?xml version='1.0' encoding='utf-8'?>
<scene xmlns:sumo="https://www.sumochallenge.org"><version>2.0</version><categories><id>fb_categories_v1.0</id><url>https://sumochallenge.org/en/categories-1_0.json</url></categories><project_type>bounding_box</project_type><elements><element><id>13</id><category>coffee_table</category><bounds><corner1>-2.87212861, -1.35839896, -0.64105216</corner1><corner2>-2.28700957, -0.57577237, -0.04153386</corner2></bounds><pose><translation>0., 0., 0.</translation><rotation><c1>1., 0., 0.</c1><c2>0., 1., 0.</c2><c3>0., 0., 1.</c3></rotation></pose><symmetry><x>none</x><y>none</y><z>none</z></symmetry><detectionScore>-1</detectionScore></element><element><id>9</id><category>door</category><bounds><corner1>-1.16212603, -1.32541222,  1.80497312</corner1><corner2>0.01314506, 0.97195574, 2.02996969</corner2></bounds><pose><translation>0., 0., 0.</translation><rotation><c1>1., 0., 0.</c1><c2>0., 1., 0.</c2><c3>0., 0., 1.</c3></rotation></pose><symmetry><x>none</x><y>none</y><z>none</z></symmetry><detectionScore>-1</detectionScore></element><element><id>5</id><category>chair</category><bounds><corner1>-2.87290979, -1.35912843, -0.59492573</corner1><corner2>-2.29507048, -0.48657939, -0.07308034</corner2></bounds><pose><translation>0., 0., 0.</translation><rotation><c1>1., 0., 0.</c1><c2>0., 1., 0.</c2><c3>0., 0., 1.</c3></rotation></pose><symmetry><x>none</x><y>none</y><z>none</z></symmetry><detectionScore>-1</detectionScore></element><element><id>6</id><category>window</category><bounds><corner1>-2.29137864, -1.21012664, -4.0046564 </corner1><corner2> 0.13604198,  1.24443039, -1.84092395</corner2></bounds><pose><translation>0., 0., 0.</translation><rotation><c1>1., 0., 0.</c1><c2>0., 1., 0.</c2><c3>0., 0., 1.</c3></rotation></pose><symmetry><x>none</x><y>none</y><z>none</z></symmetry><detectionScore>-1</detectionScore></element><element><id>12</id><category>wall</category><bounds><corner1>-2.8741503 , -1.34030267, -0.70829293</corner1><corner2>-2.18898143,  1.28673307,  0.91114776</corner2></bounds><pose><translation>0., 0., 0.</translation><rotation><c1>1., 0., 0.</c1><c2>0., 1., 0.</c2><c3>0., 0., 1.</c3></rotation></pose><symmetry><x>none</x><y>none</y><z>none</z></symmetry><detectionScore>-1</detectionScore></element><element><id>14</id><category>vase</category><bounds><corner1> 0.23804435, -0.73809398,  0.6189886 </corner1><corner2> 0.58939355, -0.32881452,  0.99802653</corner2></bounds><pose><translation>0., 0., 0.</translation><rotation><c1>1., 0., 0.</c1><c2>0., 1., 0.</c2><c3>0., 0., 1.</c3></rotation></pose><symmetry><x>none</x><y>none</y><z>none</z></symmetry><detectionScore>-1</detectionScore></element><element><id>8</id><category>wall</category><bounds><corner1>-2.79357447, -1.09630433, -4.04202588</corner1><corner2> 0.58080842,  1.23001626, -1.97992139</corner2></bounds><pose><translation>0., 0., 0.</translation><rotation><c1>1., 0., 0.</c1><c2>0., 1., 0.</c2><c3>0., 0., 1.</c3></rotation></pose><symmetry><x>none</x><y>none</y><z>none</z></symmetry><detectionScore>-1</detectionScore></element><element><id>3</id><category>partition</category><bounds><corner1>-0.02105674,  0.61004646,  0.96497109</corner1><corner2>0.05652124, 1.31792501, 1.96397042</corner2></bounds><pose><translation>0., 0., 0.</translation><rotation><c1>1., 0., 0.</c1><c2>0., 1., 0.</c2><c3>0., 0., 1.</c3></rotation></pose><symmetry><x>none</x><y>none</y><z>none</z></symmetry><detectionScore>-1</detectionScore></element><element><id>15</id><category>curtain</category><bounds><corner1>-2.74862791, -1.21627347, -4.03317409</corner1><corner2> 0.44606881,  1.26415207, -1.76797871</corner2></bounds><pose><translation>0., 0., 0.</translation><rotation><c1>1., 0., 0.</c1><c2>0., 1., 0.</c2><c3>0., 0., 1.</c3></rotation></pose><symmetry><x>none</x><y>none</y><z>none</z></symmetry><detectionScore>-1</detectionScore></element><element><id>4</id><category>picture_frame</category><bounds><corner1> 0.4218802 , -0.89613368, -2.42807469</corner1><corner2> 0.59645553,  1.29813058, -0.99098642</corner2></bounds><pose><translation>0., 0., 0.</translation><rotation><c1>1., 0., 0.</c1><c2>0., 1., 0.</c2><c3>0., 0., 1.</c3></rotation></pose><symmetry><x>none</x><y>none</y><z>none</z></symmetry><detectionScore>-1</detectionScore></element><element><id>7</id><category>stand</category><bounds><corner1>-2.87287152, -1.35961462, -0.60178543</corner1><corner2>-2.29660432, -0.61361988, -0.06270293</corner2></bounds><pose><translation>0., 0., 0.</translation><rotation><c1>1., 0., 0.</c1><c2>0., 1., 0.</c2><c3>0., 0., 1.</c3></rotation></pose><symmetry><x>none</x><y>none</y><z>none</z></symmetry><detectionScore>-1</detectionScore></element><element><id>16</id><category>wall</category><bounds><corner1>-1.50874794, -1.32040395,  0.46699745</corner1><corner2>0.26753088, 1.26940598, 2.02402696</corner2></bounds><pose><translation>0., 0., 0.</translation><rotation><c1>1., 0., 0.</c1><c2>0., 1., 0.</c2><c3>0., 0., 1.</c3></rotation></pose><symmetry><x>none</x><y>none</y><z>none</z></symmetry><detectionScore>-1</detectionScore></element><element><id>10</id><category>window</category><bounds><corner1>-2.38773159, -0.17338306, -3.89439051</corner1><corner2>-1.86942999,  0.44508982, -3.64311546</corner2></bounds><pose><translation>0., 0., 0.</translation><rotation><c1>1., 0., 0.</c1><c2>0., 1., 0.</c2><c3>0., 0., 1.</c3></rotation></pose><symmetry><x>none</x><y>none</y><z>none</z></symmetry><detectionScore>-1</detectionScore></element><element><id>1</id><category>sofa</category><bounds><corner1>-0.58125707, -1.35857852, -3.90923699</corner1><corner2> 0.59400025, -0.28716575, -1.47998817</corner2></bounds><pose><translation>0., 0., 0.</translation><rotation><c1>1., 0., 0.</c1><c2>0., 1., 0.</c2><c3>0., 0., 1.</c3></rotation></pose><symmetry><x>none</x><y>none</y><z>none</z></symmetry><detectionScore>-1</detectionScore></element><element><id>11</id><category>mirror</category><bounds><corner1>-2.70203907, -0.50414977,  0.7537818 </corner1><corner2>-1.23304071,  0.90073884,  0.99841497</corner2></bounds><pose><translation>0., 0., 0.</translation><rotation><c1>1., 0., 0.</c1><c2>0., 1., 0.</c2><c3>0., 0., 1.</c3></rotation></pose><symmetry><x>none</x><y>none</y><z>none</z></symmetry><detectionScore>-1</detectionScore></element><element><id>2</id><category>armchair</category><bounds><corner1>-0.53869411, -1.35875153, -3.90614375</corner1><corner2> 0.59218506, -0.39844384, -1.54396508</corner2></bounds><pose><translation>0., 0., 0.</translation><rotation><c1>1., 0., 0.</c1><c2>0., 1., 0.</c2><c3>0., 0., 1.</c3></rotation></pose><symmetry><x>none</x><y>none</y><z>none</z></symmetry><detectionScore>-1</detectionScore></element></elements></scene>