<?xml version='1.0' encoding='utf-8'?>
<scene xmlns:sumo="https://www.sumochallenge.org"><version>2.0</version><categories><id>fb_categories_v1_0</id><url>https://sumochallenge.org/en/categories-1_0.json</url></categories><project_type>bounding_box</project_type><elements><element><id>0</id><category>armchair</category><bounds><corner1>-0.6681728618273122, -0.4589963570909329, -0.48292713245067653</corner1><corner2>0.6681728618273122, 0.4589963570909329, 0.48292713245067653</corner2></bounds><pose><translation>-2.0166646215116284, -0.9186392873314708, -1.392517275430107</translation><rotation><c1>1, 0, 0</c1><c2>0, 1, 0</c2><c3>0, 0, 1</c3></rotation></pose><symmetry><x>twoFold</x><y>cylindrical</y><z>twoFold</z></symmetry><detectionScore>-1.0</detectionScore></element><element><id>1</id><category>shelving</category><bounds><corner1>-0.42420683790165503, -1.4764816886690753, -2.85405421042126</corner1><corner2>0.42420683790165503, 1.4764816886690753, 2.85405421042126</corner2></bounds><pose><translation>3.7943458314705976, -0.05011969782381378, 0.060841057005201066</translation><rotation><c1>1, 0, 0</c1><c2>0, 1, 0</c2><c3>0, 0, 1</c3></rotation></pose><symmetry><x>twoFold</x><y>cylindrical</y><z>twoFold</z></symmetry><detectionScore>-1.0</detectionScore></element><element><id>2</id><category>wall</category><bounds><corner1>-0.17055726665965842, -1.4369014343668827, -2.895241541618885</corner1><corner2>0.17055726665965842, 1.4369014343668827, 2.895241541618885</corner2></bounds><pose><translation>4.047995402712594, -0.04371229944563915, -0.09370430915656622</translation><rotation><c1>1, 0, 0</c1><c2>0, 1, 0</c2><c3>0, 0, 1</c3></rotation></pose><symmetry><x>twoFold</x><y>cylindrical</y><z>twoFold</z></symmetry><detectionScore>-1.0</detectionScore></element><element><id>3</id><category>chair</category><bounds><corner1>-0.674825649079557, -0.6500932613200436, -0.44408503619578577</corner1><corner2>0.674825649079557, 0.6500932613200436, 0.44408503619578577</corner2></bounds><pose><translation>-2.0370234963178424, -1.1129504629088844, -1.3536751791752162</translation><rotation><c1>1, 0, 0</c1><c2>0, 1, 0</c2><c3>0, 0, 1</c3></rotation></pose><symmetry><x>twoFold</x><y>cylindrical</y><z>twoFold</z></symmetry><detectionScore>-1.0</detectionScore></element><element><id>4</id><category>person</category><bounds><corner1>-0.7783878000896484, -0.6497939936047925, -0.9391922736905627</corner1><corner2>0.7783878000896484, 0.6497939936047925, 0.9391922736905627</corner2></bounds><pose><translation>0.05550170061683986, -1.105314189508034, -2.5203790715513086</translation><rotation><c1>1, 0, 0</c1><c2>0, 1, 0</c2><c3>0, 0, 1</c3></rotation></pose><symmetry><x>twoFold</x><y>cylindrical</y><z>twoFold</z></symmetry><detectionScore>-1.0</detectionScore></element><element><id>5</id><category>shelving</category><bounds><corner1>-0.13853627139461544, -1.58497821149847, -1.3712175690292008</corner1><corner2>0.13853627139461544, 1.58497821149847, 1.3712175690292008</corner2></bounds><pose><translation>4.066156541687067, -0.21661134563180595, -2.061923644672023</translation><rotation><c1>1, 0, 0</c1><c2>0, 1, 0</c2><c3>0, 0, 1</c3></rotation></pose><symmetry><x>twoFold</x><y>cylindrical</y><z>twoFold</z></symmetry><detectionScore>-1.0</detectionScore></element><element><id>6</id><category>chair</category><bounds><corner1>-0.32932283251383754, -0.3284194556884571, -0.3840310589393541</corner1><corner2>0.32932283251383754, 0.3284194556884571, 0.3840310589393541</corner2></bounds><pose><translation>-0.7522481116540852, -0.9507971549722681, -1.4312302996857904</translation><rotation><c1>1, 0, 0</c1><c2>0, 1, 0</c2><c3>0, 0, 1</c3></rotation></pose><symmetry><x>twoFold</x><y>cylindrical</y><z>twoFold</z></symmetry><detectionScore>-1.0</detectionScore></element><element><id>7</id><category>picture_frame</category><bounds><corner1>-0.12407634286853853, -1.2614031050365475, -1.2498487524667385</corner1><corner2>0.12407634286853853, 1.2614031050365475, 1.2498487524667385</corner2></bounds><pose><translation>4.07209812450554, -0.25617841292614624, -2.2033228068521775</translation><rotation><c1>1, 0, 0</c1><c2>0, 1, 0</c2><c3>0, 0, 1</c3></rotation></pose><symmetry><x>twoFold</x><y>cylindrical</y><z>twoFold</z></symmetry><detectionScore>-1.0</detectionScore></element><element><id>8</id><category>plant</category><bounds><corner1>-1.0294732894016176, -1.5453368352779693, -0.9806840233537419</corner1><corner2>1.0294732894016176, 1.5453368352779693, 0.9806840233537419</corner2></bounds><pose><translation>3.1669940019188587, -0.12311474231638503, 1.985732169125509</translation><rotation><c1>1, 0, 0</c1><c2>0, 1, 0</c2><c3>0, 0, 1</c3></rotation></pose><symmetry><x>twoFold</x><y>cylindrical</y><z>twoFold</z></symmetry><detectionScore>-1.0</detectionScore></element><element><id>9</id><category>picture_frame</category><bounds><corner1>-1.6783522393771844, -1.5209220390673799, -2.789372360881719</corner1><corner2>1.6783522393771844, 1.5209220390673799, 2.789372360881719</corner2></bounds><pose><translation>-3.3396472082178907, -0.09504243187653356, 0.04956275717498219</translation><rotation><c1>1, 0, 0</c1><c2>0, 1, 0</c2><c3>0, 0, 1</c3></rotation></pose><symmetry><x>twoFold</x><y>cylindrical</y><z>twoFold</z></symmetry><detectionScore>-1.0</detectionScore></element><element><id>10</id><category>office_chair</category><bounds><corner1>-0.7160499400497952, -0.49308038559645906, -0.8727753945809089</corner1><corner2>0.7160499400497952, 0.49308038559645906, 0.8727753945809089</corner2></bounds><pose><translation>0.11293203874026798, -1.2279433677976874, -2.4992948189205797</translation><rotation><c1>1, 0, 0</c1><c2>0, 1, 0</c2><c3>0, 0, 1</c3></rotation></pose><symmetry><x>twoFold</x><y>cylindrical</y><z>twoFold</z></symmetry><detectionScore>-1.0</detectionScore></element><element><id>11</id><category>wall</category><bounds><corner1>-1.6414925673460727, -1.5057468748000826, -2.7808942665616163</corner1><corner2>1.6414925673460727, 1.5057468748000826, 2.7808942665616163</corner2></bounds><pose><translation>-3.3381762179831056, -0.08190203307923914, 0.16804613368842378</translation><rotation><c1>1, 0, 0</c1><c2>0, 1, 0</c2><c3>0, 0, 1</c3></rotation></pose><symmetry><x>twoFold</x><y>cylindrical</y><z>twoFold</z></symmetry><detectionScore>-1.0</detectionScore></element><element><id>12</id><category>picture_frame</category><bounds><corner1>-0.14439897268242063, -1.3245416932851783, -3.0136068562225238</corner1><corner2>0.14439897268242063, 1.3245416932851783, 3.0136068562225238</corner2></bounds><pose><translation>4.074153696689832, 0.04357844299412631, -0.14697446369062891</translation><rotation><c1>1, 0, 0</c1><c2>0, 1, 0</c2><c3>0, 0, 1</c3></rotation></pose><symmetry><x>twoFold</x><y>cylindrical</y><z>twoFold</z></symmetry><detectionScore>-1.0</detectionScore></element><element><id>13</id><category>picture_frame</category><bounds><corner1>-0.34722436908314425, -0.9355766233009533, -0.6204883395888534</corner1><corner2>0.34722436908314425, 0.9355766233009533, 0.6204883395888534</corner2></bounds><pose><translation>-3.2944510993518183, -0.83278907175952, 2.3433990553634296</translation><rotation><c1>1, 0, 0</c1><c2>0, 1, 0</c2><c3>0, 0, 1</c3></rotation></pose><symmetry><x>twoFold</x><y>cylindrical</y><z>twoFold</z></symmetry><detectionScore>-1.0</detectionScore></element><element><id>14</id><category>shelving</category><bounds><corner1>-1.7056978087057106, -1.5037355313036487, -2.8248378024986103</corner1><corner2>1.7056978087057106, 1.5037355313036487, 2.8248378024986103</corner2></bounds><pose><translation>-3.335846910798581, -0.06881480692913743, 0.04949550963542092</translation><rotation><c1>1, 0, 0</c1><c2>0, 1, 0</c2><c3>0, 0, 1</c3></rotation></pose><symmetry><x>twoFold</x><y>cylindrical</y><z>twoFold</z></symmetry><detectionScore>-1.0</detectionScore></element><element><id>15</id><category>armchair</category><bounds><corner1>-0.9240169687925823, -0.4909950923690355, -1.0004956767949225</corner1><corner2>0.9240169687925823, 0.4909950923690355, 1.0004956767949225</corner2></bounds><pose><translation>0.10009278058800475, -1.132556089857402, -2.519364149271958</translation><rotation><c1>1, 0, 0</c1><c2>0, 1, 0</c2><c3>0, 0, 1</c3></rotation></pose><symmetry><x>twoFold</x><y>cylindrical</y><z>twoFold</z></symmetry><detectionScore>-1.0</detectionScore></element><element><id>16</id><category>picture_frame</category><bounds><corner1>-1.0252673522583013, -0.6095009718847706, -0.15623425392163304</corner1><corner2>1.0252673522583013, 0.6095009718847706, 0.15623425392163304</corner2></bounds><pose><translation>1.8934760642973603, 0.4386018890161487, 2.9342563654283635</translation><rotation><c1>1, 0, 0</c1><c2>0, 1, 0</c2><c3>0, 0, 1</c3></rotation></pose><symmetry><x>twoFold</x><y>cylindrical</y><z>twoFold</z></symmetry><detectionScore>-1.0</detectionScore></element><element><id>17</id><category>picture_frame</category><bounds><corner1>-0.2281988243700983, -1.132118444116236, -0.6908744074242477</corner1><corner2>0.2281988243700983, 1.132118444116236, 0.6908744074242477</corner2></bounds><pose><translation>-3.3077413695670117, 0.25568462074792, 2.2580659928257925</translation><rotation><c1>1, 0, 0</c1><c2>0, 1, 0</c2><c3>0, 0, 1</c3></rotation></pose><symmetry><x>twoFold</x><y>cylindrical</y><z>twoFold</z></symmetry><detectionScore>-1.0</detectionScore></element><element><id>18</id><category>picture_frame</category><bounds><corner1>-2.0711133950916527, -1.4089826599331112, -1.4401168427440565</corner1><corner2>2.0711133950916527, 1.4089826599331112, 1.4401168427440565</corner2></bounds><pose><translation>-0.3214732586012691, 0.042020575642471275, -2.8413702138335193</translation><rotation><c1>1, 0, 0</c1><c2>0, 1, 0</c2><c3>0, 0, 1</c3></rotation></pose><symmetry><x>twoFold</x><y>cylindrical</y><z>twoFold</z></symmetry><detectionScore>-1.0</detectionScore></element><element><id>19</id><category>sofa</category><bounds><corner1>-1.0231199303441914, -0.7999716885831768, -1.8713644657206192</corner1><corner2>1.0231199303441914, 0.7999716885831768, 1.8713644657206192</corner2></bounds><pose><translation>3.191831378234067, -1.1264428459771592, 0.12898309250738568</translation><rotation><c1>1, 0, 0</c1><c2>0, 1, 0</c2><c3>0, 0, 1</c3></rotation></pose><symmetry><x>twoFold</x><y>cylindrical</y><z>twoFold</z></symmetry><detectionScore>-1.0</detectionScore></element><element><id>20</id><category>arch</category><bounds><corner1>-1.7479122817071389, -1.626927965726125, -3.0374903034444305</corner1><corner2>1.7479122817071389, 1.626927965726125, 3.0374903034444305</corner2></bounds><pose><translation>-1.5534424497368036, -0.26289542189012594, 4.28157135196626</translation><rotation><c1>1, 0, 0</c1><c2>0, 1, 0</c2><c3>0, 0, 1</c3></rotation></pose><symmetry><x>twoFold</x><y>cylindrical</y><z>twoFold</z></symmetry><detectionScore>-1.0</detectionScore></element><element><id>21</id><category>picture_frame</category><bounds><corner1>-0.6718499489182732, -0.49445817217437443, -2.6246560687549865</corner1><corner2>0.6718499489182732, 0.49445817217437443, 2.6246560687549865</corner2></bounds><pose><translation>-3.360110607110728, -0.33576508982897785, -0.41448069115166053</translation><rotation><c1>1, 0, 0</c1><c2>0, 1, 0</c2><c3>0, 0, 1</c3></rotation></pose><symmetry><x>twoFold</x><y>cylindrical</y><z>twoFold</z></symmetry><detectionScore>-1.0</detectionScore></element><element><id>22</id><category>wall</category><bounds><corner1>-2.19402878178515, -1.3914527613294292, -2.6167552564385073</corner1><corner2>2.19402878178515, 1.3914527613294292, 2.6167552564385073</corner2></bounds><pose><translation>-2.7156148259715964, -0.050997332438643295, 4.702306398972183</translation><rotation><c1>1, 0, 0</c1><c2>0, 1, 0</c2><c3>0, 0, 1</c3></rotation></pose><symmetry><x>twoFold</x><y>cylindrical</y><z>twoFold</z></symmetry><detectionScore>-1.0</detectionScore></element><element><id>23</id><category>arch</category><bounds><corner1>-1.6831749223137322, -1.6390019991614915, -2.575195067559946</corner1><corner2>1.6831749223137322, 1.6390019991614915, 2.575195067559946</corner2></bounds><pose><translation>-3.1002561371233286, -0.3585673230505721, 4.743866587850745</translation><rotation><c1>1, 0, 0</c1><c2>0, 1, 0</c2><c3>0, 0, 1</c3></rotation></pose><symmetry><x>twoFold</x><y>cylindrical</y><z>twoFold</z></symmetry><detectionScore>-1.0</detectionScore></element><element><id>24</id><category>office_chair</category><bounds><corner1>-0.6729624966928931, -0.45927766313500096, -0.48259032972380145</corner1><corner2>0.6729624966928931, 0.45927766313500096, 0.48259032972380145</corner2></bounds><pose><translation>-2.0269439468399577, -0.9198103616020825, -1.3921804727032319</translation><rotation><c1>1, 0, 0</c1><c2>0, 1, 0</c2><c3>0, 0, 1</c3></rotation></pose><symmetry><x>twoFold</x><y>cylindrical</y><z>twoFold</z></symmetry><detectionScore>-1.0</detectionScore></element><element><id>25</id><category>picture_frame</category><bounds><corner1>-0.0846005698494885, -0.7414611843716779, -1.4169590162408876</corner1><corner2>0.0846005698494885, 0.7414611843716779, 1.4169590162408876</corner2></bounds><pose><translation>4.133952099522764, 0.12468802372939274, 0.32783278166044605</translation><rotation><c1>1, 0, 0</c1><c2>0, 1, 0</c2><c3>0, 0, 1</c3></rotation></pose><symmetry><x>twoFold</x><y>cylindrical</y><z>twoFold</z></symmetry><detectionScore>-1.0</detectionScore></element></elements></scene>