<?xml version='1.0' encoding='utf-8'?>
<scene xmlns:sumo="https://www.sumochallenge.org"><version>2.0</version><categories><id>fb_categories_v1_0</id><url>https://sumochallenge.org/en/categories-1_0.json</url></categories><project_type>bounding_box</project_type><elements><element><id>0</id><category>person</category><bounds><corner1>-2.1292364507069763, -1.5513839642271146, -1.6648564842338613</corner1><corner2>2.1292364507069763, 1.5513839642271146, 1.6648564842338613</corner2></bounds><pose><translation>1.5901823673559303, -0.5871385959651044, -2.703117243415069</translation><rotation><c1>1, 0, 0</c1><c2>0, 1, 0</c2><c3>0, 0, 1</c3></rotation></pose><symmetry><x>twoFold</x><y>cylindrical</y><z>twoFold</z></symmetry><detectionScore>-1.0</detectionScore></element><element><id>1</id><category>chandelier</category><bounds><corner1>-1.3897562600052837, -0.11180380668307666, -0.38298601901006</corner1><corner2>1.3897562600052837, 0.11180380668307666, 0.38298601901006</corner2></bounds><pose><translation>1.2418302070100746, 1.5264654139177676, -2.1021482245170047</translation><rotation><c1>1, 0, 0</c1><c2>0, 1, 0</c2><c3>0, 0, 1</c3></rotation></pose><symmetry><x>twoFold</x><y>cylindrical</y><z>twoFold</z></symmetry><detectionScore>-1.0</detectionScore></element><element><id>2</id><category>wall</category><bounds><corner1>-2.885292532594111, -1.3831903788911482, -6.3373413845690445</corner1><corner2>2.885292532594111, 1.3831903788911482, 6.3373413845690445</corner2></bounds><pose><translation>0.7261019699445668, 0.024776302031300993, -8.318216280244568</translation><rotation><c1>1, 0, 0</c1><c2>0, 1, 0</c2><c3>0, 0, 1</c3></rotation></pose><symmetry><x>twoFold</x><y>cylindrical</y><z>twoFold</z></symmetry><detectionScore>-1.0</detectionScore></element><element><id>3</id><category>kitchen_cabinet</category><bounds><corner1>-0.4689701631141019, -1.7038750275623313, -3.118522875382698</corner1><corner2>0.4689701631141019, 1.7038750275623313, 3.118522875382698</corner2></bounds><pose><translation>3.258533054204105, -0.2898292146790739, -4.164709562159059</translation><rotation><c1>1, 0, 0</c1><c2>0, 1, 0</c2><c3>0, 0, 1</c3></rotation></pose><symmetry><x>twoFold</x><y>cylindrical</y><z>twoFold</z></symmetry><detectionScore>-1.0</detectionScore></element><element><id>4</id><category>chair</category><bounds><corner1>-1.8855406182183319, -0.7634173608054188, -0.5308477203192554</corner1><corner2>1.8855406182183319, 0.7634173608054188, 0.5308477203192554</corner2></bounds><pose><translation>2.053766318787182, -1.0361202303284527, -0.051629133121336816</translation><rotation><c1>1, 0, 0</c1><c2>0, 1, 0</c2><c3>0, 0, 1</c3></rotation></pose><symmetry><x>twoFold</x><y>cylindrical</y><z>twoFold</z></symmetry><detectionScore>-1.0</detectionScore></element><element><id>5</id><category>chair</category><bounds><corner1>-1.724169769574127, -0.5570871161513233, -0.42597063112703293</corner1><corner2>1.724169769574127, 0.5570871161513233, 0.42597063112703293</corner2></bounds><pose><translation>2.2082839187983723, -0.7966280383426594, -0.6597735332064284</translation><rotation><c1>1, 0, 0</c1><c2>0, 1, 0</c2><c3>0, 0, 1</c3></rotation></pose><symmetry><x>twoFold</x><y>cylindrical</y><z>twoFold</z></symmetry><detectionScore>-1.0</detectionScore></element><element><id>6</id><category>chair</category><bounds><corner1>-1.8488131508399506, -0.5037739996682885, -0.5632526151410038</corner1><corner2>1.8488131508399506, 0.5037739996682885, 0.5632526151410038</corner2></bounds><pose><translation>2.031093680086735, -0.7524142167636183, -1.2142932458584494</translation><rotation><c1>1, 0, 0</c1><c2>0, 1, 0</c2><c3>0, 0, 1</c3></rotation></pose><symmetry><x>twoFold</x><y>cylindrical</y><z>twoFold</z></symmetry><detectionScore>-1.0</detectionScore></element><element><id>7</id><category>chair</category><bounds><corner1>-0.8842219549957648, -0.46177428180485447, -1.0617887667849202</corner1><corner2>0.8842219549957648, 0.46177428180485447, 1.0617887667849202</corner2></bounds><pose><translation>2.9638750877835576, -0.7460510206046242, -1.7602172475601559</translation><rotation><c1>1, 0, 0</c1><c2>0, 1, 0</c2><c3>0, 0, 1</c3></rotation></pose><symmetry><x>twoFold</x><y>cylindrical</y><z>twoFold</z></symmetry><detectionScore>-1.0</detectionScore></element><element><id>8</id><category>chair</category><bounds><corner1>-1.2484487756601392, -0.1302674496710684, -0.4302903574193727</corner1><corner2>1.2484487756601392, 0.1302674496710684, 0.4302903574193727</corner2></bounds><pose><translation>1.4804246164854893, -0.8599736085593769, -0.6595467904151896</translation><rotation><c1>1, 0, 0</c1><c2>0, 1, 0</c2><c3>0, 0, 1</c3></rotation></pose><symmetry><x>twoFold</x><y>cylindrical</y><z>twoFold</z></symmetry><detectionScore>-1.0</detectionScore></element><element><id>9</id><category>switch</category><bounds><corner1>-0.04701015349345278, -0.08970323472851785, -0.03366425818046759</corner1><corner2>0.04701015349345278, 0.08970323472851785, 0.03366425818046759</corner2></bounds><pose><translation>-0.4368771064411756, -0.30052777247986495, 1.4930642344902345</translation><rotation><c1>1, 0, 0</c1><c2>0, 1, 0</c2><c3>0, 0, 1</c3></rotation></pose><symmetry><x>twoFold</x><y>cylindrical</y><z>twoFold</z></symmetry><detectionScore>-1.0</detectionScore></element><element><id>10</id><category>chair</category><bounds><corner1>-2.0665472585675255, -0.7561780003481777, -0.42870942508119403</corner1><corner2>2.0665472585675255, 0.7561780003481777, 0.42870942508119403</corner2></bounds><pose><translation>0.9791472912221632, -1.0293258106337815, -2.1886595280910144</translation><rotation><c1>1, 0, 0</c1><c2>0, 1, 0</c2><c3>0, 0, 1</c3></rotation></pose><symmetry><x>twoFold</x><y>cylindrical</y><z>twoFold</z></symmetry><detectionScore>-1.0</detectionScore></element><element><id>11</id><category>kitchen_cabinet</category><bounds><corner1>-0.7356520940369777, -1.5709834975270422, -4.292230601302187</corner1><corner2>0.7356520940369777, 1.5709834975270422, 4.292230601302187</corner2></bounds><pose><translation>2.946634997380351, -0.15826713748792565, -6.269519008745173</translation><rotation><c1>1, 0, 0</c1><c2>0, 1, 0</c2><c3>0, 0, 1</c3></rotation></pose><symmetry><x>twoFold</x><y>cylindrical</y><z>twoFold</z></symmetry><detectionScore>-1.0</detectionScore></element><element><id>12</id><category>refrigerator</category><bounds><corner1>-0.6044875165068884, -1.7246724496830104, -0.9897134794517202</corner1><corner2>0.6044875165068884, 1.7246724496830104, 0.9897134794517202</corner2></bounds><pose><translation>-1.488592506303484, -0.5748844368846461, -3.1538291433650394</translation><rotation><c1>1, 0, 0</c1><c2>0, 1, 0</c2><c3>0, 0, 1</c3></rotation></pose><symmetry><x>twoFold</x><y>cylindrical</y><z>twoFold</z></symmetry><detectionScore>-1.0</detectionScore></element><element><id>13</id><category>chair</category><bounds><corner1>-2.5516218081426465, -0.31426295606330146, -1.023146016897668</corner1><corner2>2.5516218081426465, 0.31426295606330146, 1.023146016897668</corner2></bounds><pose><translation>1.1779361404214042, -0.629212378872198, -2.0107445276263705</translation><rotation><c1>1, 0, 0</c1><c2>0, 1, 0</c2><c3>0, 0, 1</c3></rotation></pose><symmetry><x>twoFold</x><y>cylindrical</y><z>twoFold</z></symmetry><detectionScore>-1.0</detectionScore></element><element><id>14</id><category>heater</category><bounds><corner1>-0.2553504037489298, -0.4384109328205509, -0.6230052593584114</corner1><corner2>0.2553504037489298, 0.4384109328205509, 0.6230052593584114</corner2></bounds><pose><translation>-2.1516195875532573, -1.1578490886723494, 0.5871682849272295</translation><rotation><c1>1, 0, 0</c1><c2>0, 1, 0</c2><c3>0, 0, 1</c3></rotation></pose><symmetry><x>twoFold</x><y>cylindrical</y><z>twoFold</z></symmetry><detectionScore>-1.0</detectionScore></element><element><id>15</id><category>curtain</category><bounds><corner1>-1.9954465117324522, -1.3572866517362259, -6.149095101375336</corner1><corner2>1.9954465117324522, 1.3572866517362259, 6.149095101375336</corner2></bounds><pose><translation>0.7199507426262034, 0.04123485664311562, -8.380214264360323</translation><rotation><c1>1, 0, 0</c1><c2>0, 1, 0</c2><c3>0, 0, 1</c3></rotation></pose><symmetry><x>twoFold</x><y>cylindrical</y><z>twoFold</z></symmetry><detectionScore>-1.0</detectionScore></element><element><id>16</id><category>hanging_kitchen_cabinet</category><bounds><corner1>-0.08291365970282172, -0.6824052460204962, -0.5036543966143907</corner1><corner2>0.08291365970282172, 0.6824052460204962, 0.5036543966143907</corner2></bounds><pose><translation>-1.9782338866775868, 0.6286427827628708, -0.4692078642582768</translation><rotation><c1>1, 0, 0</c1><c2>0, 1, 0</c2><c3>0, 0, 1</c3></rotation></pose><symmetry><x>twoFold</x><y>cylindrical</y><z>twoFold</z></symmetry><detectionScore>-1.0</detectionScore></element><element><id>17</id><category>switch</category><bounds><corner1>-0.06018477919568921, -0.07189876524983516, -0.04997678448332832</corner1><corner2>0.06018477919568921, 0.07189876524983516, 0.04997678448332832</corner2></bounds><pose><translation>-0.508848025023808, -0.31473416514984753, 1.4694240610373392</translation><rotation><c1>1, 0, 0</c1><c2>0, 1, 0</c2><c3>0, 0, 1</c3></rotation></pose><symmetry><x>twoFold</x><y>cylindrical</y><z>twoFold</z></symmetry><detectionScore>-1.0</detectionScore></element><element><id>18</id><category>kitchen_cabinet</category><bounds><corner1>-0.18891245337677187, -0.3677433996742201, -0.4772483666145268</corner1><corner2>0.18891245337677187, 0.3677433996742201, 0.4772483666145268</corner2></bounds><pose><translation>-1.7356073451429963, -1.0139224734037626, -0.4248571754628661</translation><rotation><c1>1, 0, 0</c1><c2>0, 1, 0</c2><c3>0, 0, 1</c3></rotation></pose><symmetry><x>twoFold</x><y>cylindrical</y><z>twoFold</z></symmetry><detectionScore>-1.0</detectionScore></element><element><id>19</id><category>water_dispenser</category><bounds><corner1>-0.5976194164835844, -0.5662579011996364, -1.749366272251102</corner1><corner2>0.5976194164835844, 0.5662579011996364, 1.749366272251102</corner2></bounds><pose><translation>3.254465363561899, -0.46495368734524545, -2.4477947530263378</translation><rotation><c1>1, 0, 0</c1><c2>0, 1, 0</c2><c3>0, 0, 1</c3></rotation></pose><symmetry><x>twoFold</x><y>cylindrical</y><z>twoFold</z></symmetry><detectionScore>-1.0</detectionScore></element><element><id>20</id><category>range_oven</category><bounds><corner1>-0.6998809364195848, -0.4459118016585591, -1.6233349058409097</corner1><corner2>0.6998809364195848, 0.4459118016585591, 1.6233349058409097</corner2></bounds><pose><translation>3.149747869151368, -0.7099596777089145, -2.327424954089699</translation><rotation><c1>1, 0, 0</c1><c2>0, 1, 0</c2><c3>0, 0, 1</c3></rotation></pose><symmetry><x>twoFold</x><y>cylindrical</y><z>twoFold</z></symmetry><detectionScore>-1.0</detectionScore></element></elements></scene>