<?xml version='1.0' encoding='utf-8'?>
<scene xmlns:sumo="https://www.sumochallenge.org"><version>2.0</version><categories><id>fb_categories_v1.0</id><url>https://sumochallenge.org/en/categories-1_0.json</url></categories><project_type>bounding_box</project_type><elements><element><id>4</id><category>door</category><bounds><corner1>-0.56941311, -1.09384395, -0.03703164</corner1><corner2>0.56941311, 1.09384395, 0.03703164</corner2></bounds><pose><translation>-0.59812513, -0.20830641,  1.98306519</translation><rotation><c1>1., 0., 0.</c1><c2>0., 1., 0.</c2><c3>0., 0., 1.</c3></rotation></pose><symmetry><x>twoFold</x><y>twoFold</y><z>twoFold</z></symmetry><detectionScore>0.95183206</detectionScore></element><element><id>6</id><category>armchair</category><bounds><corner1>-0.44366151, -0.37336364, -1.14191288</corner1><corner2>0.44366151, 0.37336364, 1.14191288</corner2></bounds><pose><translation> 0.14260312, -0.87276337, -2.76888915</translation><rotation><c1>1., 0., 0.</c1><c2>0., 1., 0.</c2><c3>0., 0., 1.</c3></rotation></pose><symmetry><x>none</x><y>none</y><z>none</z></symmetry><detectionScore>0.60483503</detectionScore></element><element><id>1</id><category>picture_frame</category><bounds><corner1>-0.08831638, -1.09921442, -0.29299589</corner1><corner2>0.08831638, 1.09921442, 0.29299589</corner2></bounds><pose><translation> 0.50349626,  0.12689906, -1.29401081</translation><rotation><c1>1., 0., 0.</c1><c2>0., 1., 0.</c2><c3>0., 0., 1.</c3></rotation></pose><symmetry><x>none</x><y>fourFold</y><z>none</z></symmetry><detectionScore>0.7871307</detectionScore></element><element><id>5</id><category>wall</category><bounds><corner1>-1.44202096, -1.12129531, -1.55299846</corner1><corner2>1.44202096, 1.12129531, 1.55299846</corner2></bounds><pose><translation>-1.00048242,  0.01140378, -3.81006121</translation><rotation><c1>1., 0., 0.</c1><c2>0., 1., 0.</c2><c3>0., 0., 1.</c3></rotation></pose><symmetry><x>none</x><y>twoFold</y><z>none</z></symmetry><detectionScore>0.7157585</detectionScore></element><element><id>3</id><category>mirror</category><bounds><corner1>-0.50001808, -0.61550656, -0.05627619</corner1><corner2>0.50001808, 0.61550656, 0.05627619</corner2></bounds><pose><translation>-1.78706602,  0.1407572 ,  0.9369305 </translation><rotation><c1>1., 0., 0.</c1><c2>0., 1., 0.</c2><c3>0., 0., 1.</c3></rotation></pose><symmetry><x>none</x><y>none</y><z>twoFold</z></symmetry><detectionScore>0.9487663</detectionScore></element></elements></scene>