<?xml version='1.0' encoding='utf-8'?>
<scene xmlns:sumo="https://www.sumochallenge.org"><version>2.0</version><categories><id>fb_categories_v1_0</id><url>https://sumochallenge.org/en/categories-1_0.json</url></categories><project_type>bounding_box</project_type><elements><element><id>0</id><category>wall</category><bounds><corner1>-1.6072914023442748, -5.419603653338295, -1.1553732229430584</corner1><corner2>1.6072914023442748, 5.419603653338295, 1.1553732229430584</corner2></bounds><pose><translation>-1.6072914023442748, 3.743897108257463, 0.010978907984043603</translation><rotation><c1>0, 0, 0</c1><c2>0, 0, 0</c2><c3>0, 0, 0</c3></rotation></pose><symmetry><x>twoFold</x><y>cylindrical</y><z>twoFold</z></symmetry><detectionScore>-1.0</detectionScore></element><element><id>1</id><category>coffee_table</category><bounds><corner1>-0.5217130177863858, -1.0811973465230489, -0.4719336814445707</corner1><corner2>0.5217130177863858, 1.0811973465230489, 0.4719336814445707</corner2></bounds><pose><translation>-3.2641261275641753, 1.4633747772855816, -1.6198601373843773</translation><rotation><c1>0, 0, 0</c1><c2>0, 0, 0</c2><c3>0, 0, 0</c3></rotation></pose><symmetry><x>twoFold</x><y>cylindrical</y><z>twoFold</z></symmetry><detectionScore>-1.0</detectionScore></element><element><id>2</id><category>door</category><bounds><corner1>-0.5912085571866328, -2.651899260713493, -1.4587785858694844</corner1><corner2>0.5912085571866328, 2.651899260713493, 1.4587785858694844</corner2></bounds><pose><translation>-0.4590543485852563, -2.651899260713493, -0.6441277742944925</translation><rotation><c1>0, 0, 0</c1><c2>0, 0, 0</c2><c3>0, 0, 0</c3></rotation></pose><symmetry><x>twoFold</x><y>cylindrical</y><z>twoFold</z></symmetry><detectionScore>-1.0</detectionScore></element><element><id>3</id><category>wall</category><bounds><corner1>-1.2386009768163593, -0.1419126325522031, -1.33657640355991</corner1><corner2>1.2386009768163593, 0.1419126325522031, 1.33657640355991</corner2></bounds><pose><translation>-5.019321727545176, 3.503572828110513, -0.057991221600336054</translation><rotation><c1>0, 0, 0</c1><c2>0, 0, 0</c2><c3>0, 0, 0</c3></rotation></pose><symmetry><x>twoFold</x><y>cylindrical</y><z>twoFold</z></symmetry><detectionScore>-1.0</detectionScore></element><element><id>4</id><category>plant</category><bounds><corner1>-1.4953012074472651, -2.41652156935949, -0.6925046740309502</corner1><corner2>1.4953012074472651, 2.41652156935949, 0.6925046740309502</corner2></bounds><pose><translation>-1.4953012074472651, -2.41652156935949, -0.44518753281191353</translation><rotation><c1>0, 0, 0</c1><c2>0, 0, 0</c2><c3>0, 0, 0</c3></rotation></pose><symmetry><x>twoFold</x><y>cylindrical</y><z>twoFold</z></symmetry><detectionScore>-1.0</detectionScore></element><element><id>5</id><category>plant</category><bounds><corner1>-0.7829481161292979, -0.6504100674898929, -1.2938576552339551</corner1><corner2>0.7829481161292979, 0.6504100674898929, 1.2938576552339551</corner2></bounds><pose><translation>0.7878044056199944, -1.891993864202036, -0.25967374296417145</translation><rotation><c1>0, 0, 0</c1><c2>0, 0, 0</c2><c3>0, 0, 0</c3></rotation></pose><symmetry><x>twoFold</x><y>cylindrical</y><z>twoFold</z></symmetry><detectionScore>-1.0</detectionScore></element><element><id>6</id><category>fireplace</category><bounds><corner1>-0.38254432757167656, -1.4017853789119283, -1.643136061918824</corner1><corner2>0.38254432757167656, 1.4017853789119283, 1.643136061918824</corner2></bounds><pose><translation>0.8416760894175793, 2.397094695458472, -0.27251645528460405</translation><rotation><c1>0, 0, 0</c1><c2>0, 0, 0</c2><c3>0, 0, 0</c3></rotation></pose><symmetry><x>twoFold</x><y>cylindrical</y><z>twoFold</z></symmetry><detectionScore>-1.0</detectionScore></element><element><id>7</id><category>television</category><bounds><corner1>-0.696048345940258, -0.45117492932000447, -0.4205826683308479</corner1><corner2>0.696048345940258, 0.45117492932000447, 0.4205826683308479</corner2></bounds><pose><translation>-2.1187452609862643, 3.273151723922698, -0.6891593815879555</translation><rotation><c1>0, 0, 0</c1><c2>0, 0, 0</c2><c3>0, 0, 0</c3></rotation></pose><symmetry><x>twoFold</x><y>cylindrical</y><z>twoFold</z></symmetry><detectionScore>-1.0</detectionScore></element><element><id>8</id><category>wall</category><bounds><corner1>-0.12763848060949945, -0.09536016215028553, -1.2127540691995933</corner1><corner2>0.12763848060949945, 0.09536016215028553, 1.2127540691995933</corner2></bounds><pose><translation>-3.474541658331615, -2.24711710787763, 0.13038962771299825</translation><rotation><c1>0, 0, 0</c1><c2>0, 0, 0</c2><c3>0, 0, 0</c3></rotation></pose><symmetry><x>twoFold</x><y>cylindrical</y><z>twoFold</z></symmetry><detectionScore>-1.0</detectionScore></element><element><id>9</id><category>wall</category><bounds><corner1>-1.006199785030549, -4.691838256201438, -1.5840405887260143</corner1><corner2>1.006199785030549, 4.691838256201438, 1.5840405887260143</corner2></bounds><pose><translation>0.07698974739651121, 3.7685350923425105, -0.22168647331261843</translation><rotation><c1>0, 0, 0</c1><c2>0, 0, 0</c2><c3>0, 0, 0</c3></rotation></pose><symmetry><x>twoFold</x><y>cylindrical</y><z>twoFold</z></symmetry><detectionScore>-1.0</detectionScore></element><element><id>10</id><category>wall</category><bounds><corner1>-2.4001947598126145, -2.6822772071875427, -1.4319740977603606</corner1><corner2>2.4001947598126145, 2.6822772071875427, 1.4319740977603606</corner2></bounds><pose><translation>-7.155712834950743, 0.7363229698873996, -0.1613918356650091</translation><rotation><c1>0, 0, 0</c1><c2>0, 0, 0</c2><c3>0, 0, 0</c3></rotation></pose><symmetry><x>twoFold</x><y>cylindrical</y><z>twoFold</z></symmetry><detectionScore>-1.0</detectionScore></element><element><id>11</id><category>sofa</category><bounds><corner1>-0.26454742798447617, -0.8126509925053587, -0.6142485776076663</corner1><corner2>0.26454742798447617, 0.8126509925053587, 0.6142485776076663</corner2></bounds><pose><translation>-3.5494069499627416, -1.5515377245336373, -1.1633235854819624</translation><rotation><c1>0, 0, 0</c1><c2>0, 0, 0</c2><c3>0, 0, 0</c3></rotation></pose><symmetry><x>twoFold</x><y>cylindrical</y><z>twoFold</z></symmetry><detectionScore>-1.0</detectionScore></element><element><id>12</id><category>door</category><bounds><corner1>-0.8024036749257013, -5.364223382948786, -1.5007571044678598</corner1><corner2>0.8024036749257013, 5.364223382948786, 1.5007571044678598</corner2></bounds><pose><translation>-0.319369152477951, 3.8156537996908964, -0.44825124443948866</translation><rotation><c1>0, 0, 0</c1><c2>0, 0, 0</c2><c3>0, 0, 0</c3></rotation></pose><symmetry><x>twoFold</x><y>cylindrical</y><z>twoFold</z></symmetry><detectionScore>-1.0</detectionScore></element><element><id>13</id><category>coffee_table</category><bounds><corner1>-0.7481819180095313, -0.5302260984065126, -0.34332884420029464</corner1><corner2>0.7481819180095313, 0.5302260984065126, 0.34332884420029464</corner2></bounds><pose><translation>-2.089876456152365, 3.1644781208204655, -1.4436489109851083</translation><rotation><c1>0, 0, 0</c1><c2>0, 0, 0</c2><c3>0, 0, 0</c3></rotation></pose><symmetry><x>twoFold</x><y>cylindrical</y><z>twoFold</z></symmetry><detectionScore>-1.0</detectionScore></element><element><id>14</id><category>window</category><bounds><corner1>-0.09694324919530883, -0.10594998435640468, -0.042583991864936444</corner1><corner2>0.09694324919530883, 0.10594998435640468, 0.042583991864936444</corner2></bounds><pose><translation>1.0781506798278397, -1.3841776636471759, -0.3376161649879674</translation><rotation><c1>0, 0, 0</c1><c2>0, 0, 0</c2><c3>0, 0, 0</c3></rotation></pose><symmetry><x>twoFold</x><y>cylindrical</y><z>twoFold</z></symmetry><detectionScore>-1.0</detectionScore></element><element><id>15</id><category>rug</category><bounds><corner1>-0.6417694062000188, -2.17096183788634, -0.4821289339855357</corner1><corner2>0.6417694062000188, 2.17096183788634, 0.4821289339855357</corner2></bounds><pose><translation>-2.445590769256537, 0.5897191501701935, -1.6975972689466223</translation><rotation><c1>0, 0, 0</c1><c2>0, 0, 0</c2><c3>0, 0, 0</c3></rotation></pose><symmetry><x>twoFold</x><y>cylindrical</y><z>twoFold</z></symmetry><detectionScore>-1.0</detectionScore></element><element><id>16</id><category>wall</category><bounds><corner1>-0.09983887454344442, -0.1073437969855342, -0.045999591343075685</corner1><corner2>0.09983887454344442, 0.1073437969855342, 0.045999591343075685</corner2></bounds><pose><translation>1.0776049602468518, -1.3860491463279212, -0.34126918290688446</translation><rotation><c1>0, 0, 0</c1><c2>0, 0, 0</c2><c3>0, 0, 0</c3></rotation></pose><symmetry><x>twoFold</x><y>cylindrical</y><z>twoFold</z></symmetry><detectionScore>-1.0</detectionScore></element><element><id>17</id><category>door</category><bounds><corner1>-1.5572780376665878, -0.4236926953280524, -1.2987560698331033</corner1><corner2>1.5572780376665878, 0.4236926953280524, 1.2987560698331033</corner2></bounds><pose><translation>-5.494750763239274, 3.1721871149125342, -0.48543089709807974</translation><rotation><c1>0, 0, 0</c1><c2>0, 0, 0</c2><c3>0, 0, 0</c3></rotation></pose><symmetry><x>twoFold</x><y>cylindrical</y><z>twoFold</z></symmetry><detectionScore>-1.0</detectionScore></element><element><id>18</id><category>rug</category><bounds><corner1>-0.4663090823831295, -1.0865742625762302, -0.4699164818286634</corner1><corner2>0.4663090823831295, 1.0865742625762302, 0.4699164818286634</corner2></bounds><pose><translation>-3.214696410618922, 1.4685770077462763, -1.6237718725512718</translation><rotation><c1>0, 0, 0</c1><c2>0, 0, 0</c2><c3>0, 0, 0</c3></rotation></pose><symmetry><x>twoFold</x><y>cylindrical</y><z>twoFold</z></symmetry><detectionScore>-1.0</detectionScore></element><element><id>19</id><category>coffee_table</category><bounds><corner1>-0.23428708861310854, -0.9545533595811078, -0.4326643371107979</corner1><corner2>0.23428708861310854, 0.9545533595811078, 0.4326643371107979</corner2></bounds><pose><translation>-2.9457216881897526, 0.5521070081250625, -1.5034282599065456</translation><rotation><c1>0, 0, 0</c1><c2>0, 0, 0</c2><c3>0, 0, 0</c3></rotation></pose><symmetry><x>twoFold</x><y>cylindrical</y><z>twoFold</z></symmetry><detectionScore>-1.0</detectionScore></element><element><id>20</id><category>wall</category><bounds><corner1>-6.318086412910841, -0.3475609662155035, -1.3481942414906527</corner1><corner2>6.318086412910841, 0.3475609662155035, 1.3481942414906527</corner2></bounds><pose><translation>1.5145115181332442, -0.8222339584758545, -0.04171493887468748</translation><rotation><c1>0, 0, 0</c1><c2>0, 0, 0</c2><c3>0, 0, 0</c3></rotation></pose><symmetry><x>twoFold</x><y>cylindrical</y><z>twoFold</z></symmetry><detectionScore>-1.0</detectionScore></element><element><id>21</id><category>tv_stand</category><bounds><corner1>-0.7401855903485337, -0.5267933186379588, -0.3319720938007358</corner1><corner2>0.7401855903485337, 0.5267933186379588, 0.3319720938007358</corner2></bounds><pose><translation>-2.097760827375905, 3.171931515168457, -1.4432712853661276</translation><rotation><c1>0, 0, 0</c1><c2>0, 0, 0</c2><c3>0, 0, 0</c3></rotation></pose><symmetry><x>twoFold</x><y>cylindrical</y><z>twoFold</z></symmetry><detectionScore>-1.0</detectionScore></element><element><id>22</id><category>door</category><bounds><corner1>-0.8713250668728802, -0.1188126298337, -0.9805969301294083</corner1><corner2>0.8713250668728802, 0.1188126298337, 0.9805969301294083</corner2></bounds><pose><translation>-4.670139432073036, 3.527965988828154, -0.2962248146416263</translation><rotation><c1>0, 0, 0</c1><c2>0, 0, 0</c2><c3>0, 0, 0</c3></rotation></pose><symmetry><x>twoFold</x><y>cylindrical</y><z>twoFold</z></symmetry><detectionScore>-1.0</detectionScore></element><element><id>23</id><category>wall</category><bounds><corner1>-6.782588025177849, -0.49371131382576455, -1.1144330381367449</corner1><corner2>6.782588025177849, 0.49371131382576455, 1.1144330381367449</corner2></bounds><pose><translation>1.7525016735892638, 0.09746268567208811, -0.041602852314473984</translation><rotation><c1>0, 0, 0</c1><c2>0, 0, 0</c2><c3>0, 0, 0</c3></rotation></pose><symmetry><x>twoFold</x><y>cylindrical</y><z>twoFold</z></symmetry><detectionScore>-1.0</detectionScore></element><element><id>24</id><category>ceiling_fan</category><bounds><corner1>-2.02491200079097, -1.7414229661234204, -0.09294743217263823</corner1><corner2>2.02491200079097, 1.7414229661234204, 0.09294743217263823</corner2></bounds><pose><translation>-3.5090541745697923, 0.6251723119653385, 1.3432308761258314</translation><rotation><c1>0, 0, 0</c1><c2>0, 0, 0</c2><c3>0, 0, 0</c3></rotation></pose><symmetry><x>twoFold</x><y>cylindrical</y><z>twoFold</z></symmetry><detectionScore>-1.0</detectionScore></element></elements></scene>