<?xml version='1.0' encoding='utf-8'?>
<scene xmlns:sumo="https://www.sumochallenge.org"><version>2.0</version><categories><id>fb_categories_v1.0</id><url>https://sumochallenge.org/en/categories-1_0.json</url></categories><project_type>bounding_box</project_type><elements><element><id>15</id><category>door</category><bounds><corner1>-2.84849732, -0.9139343 , -0.66271576</corner1><corner2>2.84849732, 0.9139343 , 0.66271576</corner2></bounds><pose><translation> 3.73531657, -0.31629718, -1.08483812</translation><rotation><c1>1., 0., 0.</c1><c2>0., 1., 0.</c2><c3>0., 0., 1.</c3></rotation></pose><symmetry><x>none</x><y>none</y><z>none</z></symmetry><detectionScore>-1</detectionScore></element><element><id>7</id><category>wall</category><bounds><corner1>-0.32868951, -1.12727789, -1.98862385</corner1><corner2>0.32868951, 1.12727789, 1.98862385</corner2></bounds><pose><translation> 3.62460317,  0.04576326, -1.60833269</translation><rotation><c1>1., 0., 0.</c1><c2>0., 1., 0.</c2><c3>0., 0., 1.</c3></rotation></pose><symmetry><x>none</x><y>none</y><z>none</z></symmetry><detectionScore>-1</detectionScore></element><element><id>9</id><category>window</category><bounds><corner1>-1.42547921, -0.84079347, -0.07488009</corner1><corner2>1.42547921, 0.84079347, 0.07488009</corner2></bounds><pose><translation>-2.46284183,  0.24606025,  4.60494861</translation><rotation><c1>1., 0., 0.</c1><c2>0., 1., 0.</c2><c3>0., 0., 1.</c3></rotation></pose><symmetry><x>none</x><y>none</y><z>none</z></symmetry><detectionScore>-1</detectionScore></element><element><id>5</id><category>door</category><bounds><corner1>-1.11817555, -1.15153448, -0.40200608</corner1><corner2>1.11817555, 1.15153448, 0.40200608</corner2></bounds><pose><translation>-0.77720593, -0.54215268, -3.78323603</translation><rotation><c1>1., 0., 0.</c1><c2>0., 1., 0.</c2><c3>0., 0., 1.</c3></rotation></pose><symmetry><x>none</x><y>none</y><z>none</z></symmetry><detectionScore>-1</detectionScore></element><element><id>16</id><category>shelving</category><bounds><corner1>-0.49636589, -0.80909609, -0.311006  </corner1><corner2>0.49636589, 0.80909609, 0.311006  </corner2></bounds><pose><translation> 1.33214131, -0.64386502, -3.39417733</translation><rotation><c1>1., 0., 0.</c1><c2>0., 1., 0.</c2><c3>0., 0., 1.</c3></rotation></pose><symmetry><x>none</x><y>none</y><z>none</z></symmetry><detectionScore>-1</detectionScore></element><element><id>4</id><category>vase</category><bounds><corner1>-0.7621226 , -0.51751589, -0.17886605</corner1><corner2>0.7621226 , 0.51751589, 0.17886605</corner2></bounds><pose><translation> 2.20790892, -0.97799583, -3.0167831 </translation><rotation><c1>1., 0., 0.</c1><c2>0., 1., 0.</c2><c3>0., 0., 1.</c3></rotation></pose><symmetry><x>none</x><y>none</y><z>none</z></symmetry><detectionScore>-1</detectionScore></element><element><id>11</id><category>loudspeaker</category><bounds><corner1>-2.14328749, -0.40566467, -0.40051127</corner1><corner2>2.14328749, 0.40566467, 0.40051127</corner2></bounds><pose><translation>-4.20527341, -0.82057957,  2.36796186</translation><rotation><c1>1., 0., 0.</c1><c2>0., 1., 0.</c2><c3>0., 0., 1.</c3></rotation></pose><symmetry><x>none</x><y>none</y><z>none</z></symmetry><detectionScore>-1</detectionScore></element><element><id>10</id><category>window</category><bounds><corner1>-0.34979139, -0.67464391, -0.07967966</corner1><corner2>0.34979139, 0.67464391, 0.07967966</corner2></bounds><pose><translation>2.93463903, 0.09462023, 4.59911264</translation><rotation><c1>1., 0., 0.</c1><c2>0., 1., 0.</c2><c3>0., 0., 1.</c3></rotation></pose><symmetry><x>none</x><y>none</y><z>none</z></symmetry><detectionScore>-1</detectionScore></element><element><id>17</id><category>shelving</category><bounds><corner1>-0.84335574, -1.06990096, -0.456327  </corner1><corner2>0.84335574, 1.06990096, 0.456327  </corner2></bounds><pose><translation>-4.39468858, -0.44966915, -3.24096117</translation><rotation><c1>1., 0., 0.</c1><c2>0., 1., 0.</c2><c3>0., 0., 1.</c3></rotation></pose><symmetry><x>none</x><y>none</y><z>none</z></symmetry><detectionScore>-1</detectionScore></element><element><id>6</id><category>wall</category><bounds><corner1>-0.84724078, -1.13030763, -2.88606386</corner1><corner2>0.84724078, 1.13030763, 2.88606386</corner2></bounds><pose><translation>-4.5225404 , -0.06598843,  0.04946368</translation><rotation><c1>1., 0., 0.</c1><c2>0., 1., 0.</c2><c3>0., 0., 1.</c3></rotation></pose><symmetry><x>none</x><y>none</y><z>none</z></symmetry><detectionScore>-1</detectionScore></element><element><id>13</id><category>door</category><bounds><corner1>-1.49906343, -1.02109148, -0.45638705</corner1><corner2>1.49906343, 1.02109148, 0.45638705</corner2></bounds><pose><translation>-4.57737197, -0.43413264,  3.2992747 </translation><rotation><c1>1., 0., 0.</c1><c2>0., 1., 0.</c2><c3>0., 0., 1.</c3></rotation></pose><symmetry><x>none</x><y>none</y><z>none</z></symmetry><detectionScore>-1</detectionScore></element><element><id>3</id><category>vase</category><bounds><corner1>-0.64709076, -0.52948999, -0.22527936</corner1><corner2>0.64709076, 0.52948999, 0.22527936</corner2></bounds><pose><translation> 3.02696304, -0.70927684, -2.35085793</translation><rotation><c1>1., 0., 0.</c1><c2>0., 1., 0.</c2><c3>0., 0., 1.</c3></rotation></pose><symmetry><x>none</x><y>none</y><z>none</z></symmetry><detectionScore>-1</detectionScore></element><element><id>2</id><category>shelving</category><bounds><corner1>-0.62608235, -0.79422747, -0.22117201</corner1><corner2>0.62608235, 0.79422747, 0.22117201</corner2></bounds><pose><translation>-2.43579795, -0.68694703, -3.29328175</translation><rotation><c1>1., 0., 0.</c1><c2>0., 1., 0.</c2><c3>0., 0., 1.</c3></rotation></pose><symmetry><x>none</x><y>none</y><z>none</z></symmetry><detectionScore>-1</detectionScore></element><element><id>12</id><category>door</category><bounds><corner1>-4.82470182, -0.92053904, -1.93920744</corner1><corner2>4.82470182, 0.92053904, 1.93920744</corner2></bounds><pose><translation> 3.79696799, -0.28792867,  2.52653603</translation><rotation><c1>1., 0., 0.</c1><c2>0., 1., 0.</c2><c3>0., 0., 1.</c3></rotation></pose><symmetry><x>none</x><y>none</y><z>none</z></symmetry><detectionScore>-1</detectionScore></element><element><id>8</id><category>tv_stand</category><bounds><corner1>-0.27240007, -1.01145867, -1.40951059</corner1><corner2>0.27240007, 1.01145867, 1.40951059</corner2></bounds><pose><translation>-4.26176271, -0.49837626,  0.91057551</translation><rotation><c1>1., 0., 0.</c1><c2>0., 1., 0.</c2><c3>0., 0., 1.</c3></rotation></pose><symmetry><x>none</x><y>none</y><z>none</z></symmetry><detectionScore>-1</detectionScore></element><element><id>1</id><category>shelving</category><bounds><corner1>-0.40741878, -0.93694121, -0.25211742</corner1><corner2>0.40741878, 0.93694121, 0.25211742</corner2></bounds><pose><translation>-4.44496265, -0.50601029,  2.22379184</translation><rotation><c1>1., 0., 0.</c1><c2>0., 1., 0.</c2><c3>0., 0., 1.</c3></rotation></pose><symmetry><x>none</x><y>none</y><z>none</z></symmetry><detectionScore>-1</detectionScore></element><element><id>14</id><category>door</category><bounds><corner1>-0.8299959 , -0.92752481, -2.28384306</corner1><corner2>0.8299959 , 0.92752481, 2.28384306</corner2></bounds><pose><translation> 0.7992668 , -0.3282424 ,  4.81123779</translation><rotation><c1>1., 0., 0.</c1><c2>0., 1., 0.</c2><c3>0., 0., 1.</c3></rotation></pose><symmetry><x>none</x><y>none</y><z>none</z></symmetry><detectionScore>-1</detectionScore></element></elements></scene>