<?xml version='1.0' encoding='utf-8'?>
<scene xmlns:sumo="https://www.sumochallenge.org"><version>2.0</version><categories><id>fb_categories_v1_0</id><url>https://sumochallenge.org/en/categories-1_0.json</url></categories><project_type>bounding_box</project_type><elements><element><id>0</id><category>books</category><bounds><corner1>-0.0716316506272896, -0.6315686675271697, -0.3371989130026197</corner1><corner2>0.0716316506272896, 0.6315686675271697, 0.3371989130026197</corner2></bounds><pose><translation>-1.1334608937111603, 1.6297524366276428, 0.30992556723580733</translation><rotation><c1>0, 0, 0</c1><c2>0, 0, 0</c2><c3>0, 0, 0</c3></rotation></pose><symmetry><x>twoFold</x><y>cylindrical</y><z>twoFold</z></symmetry><detectionScore>-1.0</detectionScore></element><element><id>1</id><category>computer</category><bounds><corner1>-0.32425047410859864, -1.0215439569437872, -0.47552395642007983</corner1><corner2>0.32425047410859864, 1.0215439569437872, 0.47552395642007983</corner2></bounds><pose><translation>-0.9240109286373612, 1.8934361392027554, -0.6611293530610594</translation><rotation><c1>0, 0, 0</c1><c2>0, 0, 0</c2><c3>0, 0, 0</c3></rotation></pose><symmetry><x>twoFold</x><y>cylindrical</y><z>twoFold</z></symmetry><detectionScore>-1.0</detectionScore></element><element><id>2</id><category>wall</category><bounds><corner1>-0.6876793372363779, -2.5154497332719434, -1.3670097179195262</corner1><corner2>0.6876793372363779, 2.5154497332719434, 1.3670097179195262</corner2></bounds><pose><translation>-1.8360842974362293, -4.062838029574122, -0.0503417922124135</translation><rotation><c1>0, 0, 0</c1><c2>0, 0, 0</c2><c3>0, 0, 0</c3></rotation></pose><symmetry><x>twoFold</x><y>cylindrical</y><z>twoFold</z></symmetry><detectionScore>-1.0</detectionScore></element><element><id>3</id><category>books</category><bounds><corner1>-0.06734806623972789, -0.7108493345378419, -0.3115094205734891</corner1><corner2>0.06734806623972789, 0.7108493345378419, 0.3115094205734891</corner2></bounds><pose><translation>-1.0944761595822163, 1.914970391362429, 0.3024494707218573</translation><rotation><c1>0, 0, 0</c1><c2>0, 0, 0</c2><c3>0, 0, 0</c3></rotation></pose><symmetry><x>twoFold</x><y>cylindrical</y><z>twoFold</z></symmetry><detectionScore>-1.0</detectionScore></element><element><id>4</id><category>wall</category><bounds><corner1>-2.5566969354974383, -2.2640813464605047, -1.457180673563318</corner1><corner2>2.5566969354974383, 2.2640813464605047, 1.457180673563318</corner2></bounds><pose><translation>1.6626088475020024, -4.537794824558785, -0.14774927132716972</translation><rotation><c1>0, 0, 0</c1><c2>0, 0, 0</c2><c3>0, 0, 0</c3></rotation></pose><symmetry><x>twoFold</x><y>cylindrical</y><z>twoFold</z></symmetry><detectionScore>-1.0</detectionScore></element><element><id>5</id><category>window</category><bounds><corner1>-0.10823595886885151, -1.1837442147654071, -0.7742489102287877</corner1><corner2>0.10823595886885151, 1.1837442147654071, 0.7742489102287877</corner2></bounds><pose><translation>4.901581667260321, -3.0720022502518485, 0.07205421936526085</translation><rotation><c1>0, 0, 0</c1><c2>0, 0, 0</c2><c3>0, 0, 0</c3></rotation></pose><symmetry><x>twoFold</x><y>cylindrical</y><z>twoFold</z></symmetry><detectionScore>-1.0</detectionScore></element><element><id>6</id><category>wall</category><bounds><corner1>-0.1283578331783053, -1.0791084420063668, -1.4046909713715034</corner1><corner2>0.1283578331783053, 1.0791084420063668, 1.4046909713715034</corner2></bounds><pose><translation>4.89299790650166, 1.565882703456301, -0.10159247722758609</translation><rotation><c1>0, 0, 0</c1><c2>0, 0, 0</c2><c3>0, 0, 0</c3></rotation></pose><symmetry><x>twoFold</x><y>cylindrical</y><z>twoFold</z></symmetry><detectionScore>-1.0</detectionScore></element><element><id>7</id><category>window</category><bounds><corner1>-0.08970046899421646, -1.1565684596243804, -0.794819913566321</corner1><corner2>0.08970046899421646, 1.1565684596243804, 0.794819913566321</corner2></bounds><pose><translation>4.974472635584823, -0.20650185905905954, 0.08286256704939758</translation><rotation><c1>0, 0, 0</c1><c2>0, 0, 0</c2><c3>0, 0, 0</c3></rotation></pose><symmetry><x>twoFold</x><y>cylindrical</y><z>twoFold</z></symmetry><detectionScore>-1.0</detectionScore></element><element><id>8</id><category>armchair</category><bounds><corner1>-1.8938222364377628, -0.25008031205591075, -0.49119187716915536</corner1><corner2>1.8938222364377628, 0.25008031205591075, 0.49119187716915536</corner2></bounds><pose><translation>0.5005213347580204, -1.9285514520510536, -1.1588692487348071</translation><rotation><c1>0, 0, 0</c1><c2>0, 0, 0</c2><c3>0, 0, 0</c3></rotation></pose><symmetry><x>twoFold</x><y>cylindrical</y><z>twoFold</z></symmetry><detectionScore>-1.0</detectionScore></element><element><id>9</id><category>television</category><bounds><corner1>-0.814548701662964, -0.09178544981007342, -0.48863204921303505</corner1><corner2>0.814548701662964, 0.09178544981007342, 0.48863204921303505</corner2></bounds><pose><translation>2.0003062078920215, -4.5427685808462535, 0.19033550675636235</translation><rotation><c1>0, 0, 0</c1><c2>0, 0, 0</c2><c3>0, 0, 0</c3></rotation></pose><symmetry><x>twoFold</x><y>cylindrical</y><z>twoFold</z></symmetry><detectionScore>-1.0</detectionScore></element><element><id>10</id><category>sofa</category><bounds><corner1>-1.9406254813062724, -0.25400633782459714, -0.4874569790024553</corner1><corner2>1.9406254813062724, 0.25400633782459714, 0.4874569790024553</corner2></bounds><pose><translation>0.5552429876845468, -1.9328333403724647, -1.1558620421438524</translation><rotation><c1>0, 0, 0</c1><c2>0, 0, 0</c2><c3>0, 0, 0</c3></rotation></pose><symmetry><x>twoFold</x><y>cylindrical</y><z>twoFold</z></symmetry><detectionScore>-1.0</detectionScore></element><element><id>11</id><category>whiteboard</category><bounds><corner1>-0.5143185238683535, -2.0105524168144338, -0.8245981656054848</corner1><corner2>0.5143185238683535, 2.0105524168144338, 0.8245981656054848</corner2></bounds><pose><translation>-0.5996859610682989, -4.097056351872271, -0.9071395711626432</translation><rotation><c1>0, 0, 0</c1><c2>0, 0, 0</c2><c3>0, 0, 0</c3></rotation></pose><symmetry><x>twoFold</x><y>cylindrical</y><z>twoFold</z></symmetry><detectionScore>-1.0</detectionScore></element><element><id>12</id><category>wall</category><bounds><corner1>-0.14696404675075048, -3.509957773527426, -1.4422488431956069</corner1><corner2>0.14696404675075048, 3.509957773527426, 1.4422488431956069</corner2></bounds><pose><translation>4.8905821616747245, -0.8212136197777573, -0.13106975932302067</translation><rotation><c1>0, 0, 0</c1><c2>0, 0, 0</c2><c3>0, 0, 0</c3></rotation></pose><symmetry><x>twoFold</x><y>cylindrical</y><z>twoFold</z></symmetry><detectionScore>-1.0</detectionScore></element><element><id>13</id><category>desk</category><bounds><corner1>-0.3489627970352024, -1.0885453856730556, -0.3385899018488093</corner1><corner2>0.3489627970352024, 1.0885453856730556, 0.3385899018488093</corner2></bounds><pose><translation>-0.8968457908916697, 1.757112209761174, -0.9072669989409018</translation><rotation><c1>0, 0, 0</c1><c2>0, 0, 0</c2><c3>0, 0, 0</c3></rotation></pose><symmetry><x>twoFold</x><y>cylindrical</y><z>twoFold</z></symmetry><detectionScore>-1.0</detectionScore></element><element><id>14</id><category>arch</category><bounds><corner1>-0.46702852555427443, -1.5199545608739635, -1.6033366144628713</corner1><corner2>0.46702852555427443, 1.5199545608739635, 1.6033366144628713</corner2></bounds><pose><translation>-1.3779877752735399, -3.0630565038320303, -0.17191491082839583</translation><rotation><c1>0, 0, 0</c1><c2>0, 0, 0</c2><c3>0, 0, 0</c3></rotation></pose><symmetry><x>twoFold</x><y>cylindrical</y><z>twoFold</z></symmetry><detectionScore>-1.0</detectionScore></element><element><id>15</id><category>picture_frame</category><bounds><corner1>-0.8297842008689571, -0.09200704221552414, -0.452470171583948</corner1><corner2>0.8297842008689571, 0.09200704221552414, 0.452470171583948</corner2></bounds><pose><translation>2.0009409909442577, -4.541927604438855, 0.19033035279889285</translation><rotation><c1>0, 0, 0</c1><c2>0, 0, 0</c2><c3>0, 0, 0</c3></rotation></pose><symmetry><x>twoFold</x><y>cylindrical</y><z>twoFold</z></symmetry><detectionScore>-1.0</detectionScore></element><element><id>16</id><category>office_chair</category><bounds><corner1>-0.5815339932872642, -0.483455765163725, -0.679810700718641</corner1><corner2>0.5815339932872642, 0.483455765163725, 0.679810700718641</corner2></bounds><pose><translation>-0.03259579082007777, 2.4599791111560263, -1.255332884445862</translation><rotation><c1>0, 0, 0</c1><c2>0, 0, 0</c2><c3>0, 0, 0</c3></rotation></pose><symmetry><x>twoFold</x><y>cylindrical</y><z>twoFold</z></symmetry><detectionScore>-1.0</detectionScore></element></elements></scene>