<?xml version='1.0' encoding='utf-8'?>
<scene xmlns:sumo="https://www.sumochallenge.org"><version>2.0</version><categories><id>fb_categories_v1.0</id><url>https://sumochallenge.org/en/categories-1_0.json</url></categories><project_type>bounding_box</project_type><elements><element><id>6</id><category>loudspeaker</category><bounds><corner1>-0.15870609, -0.36081044, -0.03099784</corner1><corner2>0.15870609, 0.36081044, 0.03099784</corner2></bounds><pose><translation>-0.41842464, -0.84548238, -1.42703991</translation><rotation><c1>1., 0., 0.</c1><c2>0., 1., 0.</c2><c3>0., 0., 1.</c3></rotation></pose><symmetry><x>none</x><y>none</y><z>none</z></symmetry><detectionScore>-1</detectionScore></element><element><id>7</id><category>laptop</category><bounds><corner1>-1.53312096, -0.14068219, -0.2150364 </corner1><corner2>1.53312096, 0.14068219, 0.2150364 </corner2></bounds><pose><translation> 1.4570539 , -0.63188126, -0.06933478</translation><rotation><c1>1., 0., 0.</c1><c2>0., 1., 0.</c2><c3>0., 0., 1.</c3></rotation></pose><symmetry><x>none</x><y>none</y><z>none</z></symmetry><detectionScore>-1</detectionScore></element><element><id>2</id><category>wall</category><bounds><corner1>-2.55451602, -1.07280713, -1.39916145</corner1><corner2>2.55451602, 1.07280713, 1.39916145</corner2></bounds><pose><translation>-5.71553614, -0.07574129, -0.1232495 </translation><rotation><c1>1., 0., 0.</c1><c2>0., 1., 0.</c2><c3>0., 0., 1.</c3></rotation></pose><symmetry><x>none</x><y>none</y><z>none</z></symmetry><detectionScore>-1</detectionScore></element><element><id>5</id><category>loudspeaker</category><bounds><corner1>-0.0511057 , -0.48137574, -0.1391828 </corner1><corner2>0.0511057 , 0.48137574, 0.1391828 </corner2></bounds><pose><translation>-2.11901005, -0.96809672, -1.50328881</translation><rotation><c1>1., 0., 0.</c1><c2>0., 1., 0.</c2><c3>0., 0., 1.</c3></rotation></pose><symmetry><x>none</x><y>none</y><z>none</z></symmetry><detectionScore>-1</detectionScore></element><element><id>4</id><category>chandelier</category><bounds><corner1>-1.40613495, -0.0268164 , -0.26255954</corner1><corner2>1.40613495, 0.0268164 , 0.26255954</corner2></bounds><pose><translation> 1.62997537,  1.17983706, -0.33903766</translation><rotation><c1>1., 0., 0.</c1><c2>0., 1., 0.</c2><c3>0., 0., 1.</c3></rotation></pose><symmetry><x>none</x><y>none</y><z>none</z></symmetry><detectionScore>-1</detectionScore></element><element><id>8</id><category>water_dispenser</category><bounds><corner1>-0.25388351, -0.54109932, -0.05705344</corner1><corner2>0.25388351, 0.54109932, 0.05705344</corner2></bounds><pose><translation> 0.18890565, -0.63522722, -1.40801478</translation><rotation><c1>1., 0., 0.</c1><c2>0., 1., 0.</c2><c3>0., 0., 1.</c3></rotation></pose><symmetry><x>none</x><y>none</y><z>none</z></symmetry><detectionScore>-1</detectionScore></element><element><id>1</id><category>wall</category><bounds><corner1>-0.0551873 , -1.13289343, -1.31413892</corner1><corner2>0.0551873 , 1.13289343, 1.31413892</corner2></bounds><pose><translation> 3.02777329, -0.06258916, -0.20235931</translation><rotation><c1>1., 0., 0.</c1><c2>0., 1., 0.</c2><c3>0., 0., 1.</c3></rotation></pose><symmetry><x>none</x><y>none</y><z>none</z></symmetry><detectionScore>-1</detectionScore></element></elements></scene>