<?xml version='1.0' encoding='utf-8'?>
<scene xmlns:sumo="https://www.sumochallenge.org"><version>2.0</version><categories><id>fb_categories_v1_0</id><url>https://sumochallenge.org/en/categories-1_0.json</url></categories><project_type>bounding_box</project_type><elements><element><id>0</id><category>chair</category><bounds><corner1>-4.4762238634697065, -0.5818945730148424, -0.26542872903478076</corner1><corner2>4.4762238634697065, 0.5818945730148424, 0.26542872903478076</corner2></bounds><pose><translation>1.760641965322683, -0.7821415248874773, -0.47538434373465643</translation><rotation><c1>1, 0, 0</c1><c2>0, 1, 0</c2><c3>0, 0, 1</c3></rotation></pose><symmetry><x>twoFold</x><y>cylindrical</y><z>twoFold</z></symmetry><detectionScore>-1.0</detectionScore></element><element><id>1</id><category>wall</category><bounds><corner1>-0.9544340557206463, -1.3511460137454852, -1.5515262897708415</corner1><corner2>0.9544340557206463, 1.3511460137454852, 1.5515262897708415</corner2></bounds><pose><translation>-2.9075376569197044, -0.07738662428513036, -0.72978248273069</translation><rotation><c1>1, 0, 0</c1><c2>0, 1, 0</c2><c3>0, 0, 1</c3></rotation></pose><symmetry><x>twoFold</x><y>cylindrical</y><z>twoFold</z></symmetry><detectionScore>-1.0</detectionScore></element><element><id>2</id><category>chair</category><bounds><corner1>-1.3719146160258051, -1.1088910487327632, -1.8475378355990608</corner1><corner2>1.3719146160258051, 1.1088910487327632, 1.8475378355990608</corner2></bounds><pose><translation>1.917818295126047, -1.6534945883321548, 0.812952452170985</translation><rotation><c1>1, 0, 0</c1><c2>0, 1, 0</c2><c3>0, 0, 1</c3></rotation></pose><symmetry><x>twoFold</x><y>cylindrical</y><z>twoFold</z></symmetry><detectionScore>-1.0</detectionScore></element><element><id>3</id><category>curtain</category><bounds><corner1>-1.5182105066984128, -1.3754380800601667, -0.07728376808187165</corner1><corner2>1.5182105066984128, 1.3754380800601667, 0.07728376808187165</corner2></bounds><pose><translation>0.8936781176847637, -0.048707485869283404, -1.3461698189315305</translation><rotation><c1>1, 0, 0</c1><c2>0, 1, 0</c2><c3>0, 0, 1</c3></rotation></pose><symmetry><x>twoFold</x><y>cylindrical</y><z>twoFold</z></symmetry><detectionScore>-1.0</detectionScore></element><element><id>4</id><category>chair</category><bounds><corner1>-4.481972008755958, -1.3440304131765484, -1.4163145044351817</corner1><corner2>4.481972008755958, 1.3440304131765484, 1.4163145044351817</corner2></bounds><pose><translation>2.6475349993073882, -1.5523018900477301, 0.07704518211485764</translation><rotation><c1>1, 0, 0</c1><c2>0, 1, 0</c2><c3>0, 0, 1</c3></rotation></pose><symmetry><x>twoFold</x><y>cylindrical</y><z>twoFold</z></symmetry><detectionScore>-1.0</detectionScore></element><element><id>5</id><category>window</category><bounds><corner1>-5.2409892640867355, -1.2552747708778338, -0.956648171594868</corner1><corner2>5.2409892640867355, 1.2552747708778338, 0.956648171594868</corner2></bounds><pose><translation>1.898689517262126, -0.04449167811196435, -1.0811305832689992</translation><rotation><c1>1, 0, 0</c1><c2>0, 1, 0</c2><c3>0, 0, 1</c3></rotation></pose><symmetry><x>twoFold</x><y>cylindrical</y><z>twoFold</z></symmetry><detectionScore>-1.0</detectionScore></element><element><id>6</id><category>wall</category><bounds><corner1>-6.8962311555279605, -1.4389271584702579, -0.3116830792347631</corner1><corner2>6.8962311555279605, 1.4389271584702579, 0.3116830792347631</corner2></bounds><pose><translation>-0.009598199020866123, -0.15941673861094657, 9.711900727266848</translation><rotation><c1>1, 0, 0</c1><c2>0, 1, 0</c2><c3>0, 0, 1</c3></rotation></pose><symmetry><x>twoFold</x><y>cylindrical</y><z>twoFold</z></symmetry><detectionScore>-1.0</detectionScore></element><element><id>7</id><category>partition</category><bounds><corner1>-1.8672877928885008, -1.3272255874317156, -1.3559697320361517</corner1><corner2>1.8672877928885008, 1.3272255874317156, 1.3559697320361517</corner2></bounds><pose><translation>-4.010717194615924, -0.22184744529471212, 5.33696674274878</translation><rotation><c1>1, 0, 0</c1><c2>0, 1, 0</c2><c3>0, 0, 1</c3></rotation></pose><symmetry><x>twoFold</x><y>cylindrical</y><z>twoFold</z></symmetry><detectionScore>-1.0</detectionScore></element><element><id>8</id><category>trash_can</category><bounds><corner1>-0.1911782408615217, -0.21002791328576087, -0.05201286426153473</corner1><corner2>0.1911782408615217, 0.21002791328576087, 0.05201286426153473</corner2></bounds><pose><translation>-0.8020797854602055, -0.246354022949974, -1.3184457141253487</translation><rotation><c1>1, 0, 0</c1><c2>0, 1, 0</c2><c3>0, 0, 1</c3></rotation></pose><symmetry><x>twoFold</x><y>cylindrical</y><z>twoFold</z></symmetry><detectionScore>-1.0</detectionScore></element><element><id>9</id><category>partition</category><bounds><corner1>-0.8870826765794741, -1.3693578062832013, -0.925302730490547</corner1><corner2>0.8870826765794741, 1.3693578062832013, 0.925302730490547</corner2></bounds><pose><translation>-2.917917869811648, -0.09452390526396776, -0.7208695476625764</translation><rotation><c1>1, 0, 0</c1><c2>0, 1, 0</c2><c3>0, 0, 1</c3></rotation></pose><symmetry><x>twoFold</x><y>cylindrical</y><z>twoFold</z></symmetry><detectionScore>-1.0</detectionScore></element><element><id>10</id><category>gym_equipment</category><bounds><corner1>-1.4803150637827214, -1.2489767671217566, -1.7049440102452562</corner1><corner2>1.4803150637827214, 1.2489767671217566, 1.7049440102452562</corner2></bounds><pose><translation>5.65936371756614, -0.146069741993714, -0.039410281013570164</translation><rotation><c1>1, 0, 0</c1><c2>0, 1, 0</c2><c3>0, 0, 1</c3></rotation></pose><symmetry><x>twoFold</x><y>cylindrical</y><z>twoFold</z></symmetry><detectionScore>-1.0</detectionScore></element><element><id>11</id><category>partition</category><bounds><corner1>-0.3990654692411586, -1.5487241992389826, -0.871788183403511</corner1><corner2>0.3990654692411586, 1.5487241992389826, 0.871788183403511</corner2></bounds><pose><translation>-4.1906813147420445, -0.17729158477438858, 1.1175823131940026</translation><rotation><c1>1, 0, 0</c1><c2>0, 1, 0</c2><c3>0, 0, 1</c3></rotation></pose><symmetry><x>twoFold</x><y>cylindrical</y><z>twoFold</z></symmetry><detectionScore>-1.0</detectionScore></element><element><id>12</id><category>wall</category><bounds><corner1>-1.2492990171288385, -1.2953482637316087, -4.615848335211592</corner1><corner2>1.2492990171288385, 1.2953482637316087, 4.615848335211592</corner2></bounds><pose><translation>-4.030832512144907, -0.06820750325077796, 5.335874666896458</translation><rotation><c1>1, 0, 0</c1><c2>0, 1, 0</c2><c3>0, 0, 1</c3></rotation></pose><symmetry><x>twoFold</x><y>cylindrical</y><z>twoFold</z></symmetry><detectionScore>-1.0</detectionScore></element><element><id>13</id><category>chair</category><bounds><corner1>-0.9261269826817551, -0.734007594138668, -0.541686039260915</corner1><corner2>0.9261269826817551, 0.734007594138668, 0.541686039260915</corner2></bounds><pose><translation>-2.311687664880078, -1.273164430555732, -0.6281483433526649</translation><rotation><c1>1, 0, 0</c1><c2>0, 1, 0</c2><c3>0, 0, 1</c3></rotation></pose><symmetry><x>twoFold</x><y>cylindrical</y><z>twoFold</z></symmetry><detectionScore>-1.0</detectionScore></element><element><id>14</id><category>kitchen_cabinet</category><bounds><corner1>-1.6213869354415444, -0.23254565420300907, -0.05801290191886377</corner1><corner2>1.6213869354415444, 0.23254565420300907, 0.05801290191886377</corner2></bounds><pose><translation>0.7859775434420887, -0.33903957867316536, -1.3201331069293456</translation><rotation><c1>1, 0, 0</c1><c2>0, 1, 0</c2><c3>0, 0, 1</c3></rotation></pose><symmetry><x>twoFold</x><y>cylindrical</y><z>twoFold</z></symmetry><detectionScore>-1.0</detectionScore></element><element><id>15</id><category>floor_lamp</category><bounds><corner1>-3.8769362966577154, -2.037910225312629, -1.6603656602825418</corner1><corner2>3.8769362966577154, 2.037910225312629, 1.6603656602825418</corner2></bounds><pose><translation>3.2627424846911457, -1.2386341678129644, 0.11594328922740466</translation><rotation><c1>1, 0, 0</c1><c2>0, 1, 0</c2><c3>0, 0, 1</c3></rotation></pose><symmetry><x>twoFold</x><y>cylindrical</y><z>twoFold</z></symmetry><detectionScore>-1.0</detectionScore></element><element><id>16</id><category>sofa</category><bounds><corner1>-0.5828749065279051, -0.4566698395427565, -0.5337159501468596</corner1><corner2>0.5828749065279051, 0.4566698395427565, 0.5337159501468596</corner2></bounds><pose><translation>-1.8715828587631667, -0.5767293941299311, -1.1529842689507024</translation><rotation><c1>1, 0, 0</c1><c2>0, 1, 0</c2><c3>0, 0, 1</c3></rotation></pose><symmetry><x>twoFold</x><y>cylindrical</y><z>twoFold</z></symmetry><detectionScore>-1.0</detectionScore></element><element><id>17</id><category>door</category><bounds><corner1>-1.2823890757564915, -1.6881859117075113, -1.327257627274297</corner1><corner2>1.2823890757564915, 1.6881859117075113, 1.327257627274297</corner2></bounds><pose><translation>-3.0423381813630503, -0.2636839535432101, -0.5055138202341457</translation><rotation><c1>1, 0, 0</c1><c2>0, 1, 0</c2><c3>0, 0, 1</c3></rotation></pose><symmetry><x>twoFold</x><y>cylindrical</y><z>twoFold</z></symmetry><detectionScore>-1.0</detectionScore></element><element><id>18</id><category>wall</category><bounds><corner1>-0.30025973207568946, -1.3373663965717135, -4.894540211812847</corner1><corner2>0.30025973207568946, 1.3373663965717135, 4.894540211812847</corner2></bounds><pose><translation>6.839419049273172, -0.03403253856645745, 1.4173034851958548</translation><rotation><c1>1, 0, 0</c1><c2>0, 1, 0</c2><c3>0, 0, 1</c3></rotation></pose><symmetry><x>twoFold</x><y>cylindrical</y><z>twoFold</z></symmetry><detectionScore>-1.0</detectionScore></element><element><id>19</id><category>wall</category><bounds><corner1>-5.068759435337, -1.3464834308110185, -2.77388274362041</corner1><corner2>5.068759435337, 1.3464834308110185, 2.77388274362041</corner2></bounds><pose><translation>2.0709193460118605, -0.03766354483795414, -0.9716019318466432</translation><rotation><c1>1, 0, 0</c1><c2>0, 1, 0</c2><c3>0, 0, 1</c3></rotation></pose><symmetry><x>twoFold</x><y>cylindrical</y><z>twoFold</z></symmetry><detectionScore>-1.0</detectionScore></element><element><id>20</id><category>cup</category><bounds><corner1>-0.13487402898909617, -0.16560887074396446, -0.042870986310929116</corner1><corner2>0.13487402898909617, 0.16560887074396446, 0.042870986310929116</corner2></bounds><pose><translation>0.9871698733254648, -0.5094497011738731, -1.2746332876657114</translation><rotation><c1>1, 0, 0</c1><c2>0, 1, 0</c2><c3>0, 0, 1</c3></rotation></pose><symmetry><x>twoFold</x><y>cylindrical</y><z>twoFold</z></symmetry><detectionScore>-1.0</detectionScore></element><element><id>21</id><category>candle</category><bounds><corner1>-0.03636613395907706, -0.15640179956303646, -0.021387111126797587</corner1><corner2>0.03636613395907706, 0.15640179956303646, 0.021387111126797587</corner2></bounds><pose><translation>1.5365191769212385, -0.23476442280422266, -1.2047548722370771</translation><rotation><c1>1, 0, 0</c1><c2>0, 1, 0</c2><c3>0, 0, 1</c3></rotation></pose><symmetry><x>twoFold</x><y>cylindrical</y><z>twoFold</z></symmetry><detectionScore>-1.0</detectionScore></element><element><id>22</id><category>knife_rack</category><bounds><corner1>-0.16716136285425565, -0.18951938809467117, -0.047632019266554915</corner1><corner2>0.16716136285425565, 0.18951938809467117, 0.047632019266554915</corner2></bounds><pose><translation>1.0115339327202129, -0.4592806513400418, -1.274307002855053</translation><rotation><c1>1, 0, 0</c1><c2>0, 1, 0</c2><c3>0, 0, 1</c3></rotation></pose><symmetry><x>twoFold</x><y>cylindrical</y><z>twoFold</z></symmetry><detectionScore>-1.0</detectionScore></element><element><id>23</id><category>gym_equipment</category><bounds><corner1>-0.8569366520586856, -0.17097942708065705, -5.260003686987651</corner1><corner2>0.8569366520586856, 0.17097942708065705, 5.260003686987651</corner2></bounds><pose><translation>-0.553850973435855, -0.7989361957880969, 4.760086129576352</translation><rotation><c1>1, 0, 0</c1><c2>0, 1, 0</c2><c3>0, 0, 1</c3></rotation></pose><symmetry><x>twoFold</x><y>cylindrical</y><z>twoFold</z></symmetry><detectionScore>-1.0</detectionScore></element><element><id>24</id><category>plant</category><bounds><corner1>-0.8014402888234191, -0.1391348966864231, -5.820429463413888</corner1><corner2>0.8014402888234191, 0.1391348966864231, 5.820429463413888</corner2></bounds><pose><translation>-2.1863257179330073, -0.7926377997783235, 4.15716537417444</translation><rotation><c1>1, 0, 0</c1><c2>0, 1, 0</c2><c3>0, 0, 1</c3></rotation></pose><symmetry><x>twoFold</x><y>cylindrical</y><z>twoFold</z></symmetry><detectionScore>-1.0</detectionScore></element><element><id>25</id><category>chair</category><bounds><corner1>-0.8977359170159189, -0.11157516962550529, -5.364330887080514</corner1><corner2>0.8977359170159189, 0.11157516962550529, 5.364330887080514</corner2></bounds><pose><translation>-0.5170170240171723, -0.7951353128268107, 4.655758929483489</translation><rotation><c1>1, 0, 0</c1><c2>0, 1, 0</c2><c3>0, 0, 1</c3></rotation></pose><symmetry><x>twoFold</x><y>cylindrical</y><z>twoFold</z></symmetry><detectionScore>-1.0</detectionScore></element><element><id>26</id><category>partition</category><bounds><corner1>-1.3131085831980918, -1.6729677054530252, -1.4848414272397257</corner1><corner2>1.3131085831980918, 1.6729677054530252, 1.4848414272397257</corner2></bounds><pose><translation>-2.7156469387506803, -0.177410996633374, -0.5937254741713867</translation><rotation><c1>1, 0, 0</c1><c2>0, 1, 0</c2><c3>0, 0, 1</c3></rotation></pose><symmetry><x>twoFold</x><y>cylindrical</y><z>twoFold</z></symmetry><detectionScore>-1.0</detectionScore></element><element><id>27</id><category>wall</category><bounds><corner1>-1.797129910546564, -1.3659422093789726, -0.10982433203640496</corner1><corner2>1.797129910546564, 1.3659422093789726, 0.10982433203640496</corner2></bounds><pose><translation>0.6147587138366127, -0.027253759529025656, -1.3846652282495973</translation><rotation><c1>1, 0, 0</c1><c2>0, 1, 0</c2><c3>0, 0, 1</c3></rotation></pose><symmetry><x>twoFold</x><y>cylindrical</y><z>twoFold</z></symmetry><detectionScore>-1.0</detectionScore></element><element><id>28</id><category>partition</category><bounds><corner1>-1.5431252584164206, -1.4081286278363994, -0.06966136346570528</corner1><corner2>1.5431252584164206, 1.4081286278363994, 0.06966136346570528</corner2></bounds><pose><translation>0.868763365966756, -0.09130962387757188, -1.328848915379408</translation><rotation><c1>1, 0, 0</c1><c2>0, 1, 0</c2><c3>0, 0, 1</c3></rotation></pose><symmetry><x>twoFold</x><y>cylindrical</y><z>twoFold</z></symmetry><detectionScore>-1.0</detectionScore></element><element><id>29</id><category>plant</category><bounds><corner1>-1.3459374010907386, -0.6977920141748231, -5.675500416362553</corner1><corner2>1.3459374010907386, 0.6977920141748231, 5.675500416362553</corner2></bounds><pose><translation>-2.470000433710514, -0.9314669854036143, 4.31795343495911</translation><rotation><c1>1, 0, 0</c1><c2>0, 1, 0</c2><c3>0, 0, 1</c3></rotation></pose><symmetry><x>twoFold</x><y>cylindrical</y><z>twoFold</z></symmetry><detectionScore>-1.0</detectionScore></element><element><id>30</id><category>refrigerator</category><bounds><corner1>-1.5922135434622118, -0.9991216170510263, -0.06374559287438708</corner1><corner2>1.5922135434622118, 0.9991216170510263, 0.06374559287438708</corner2></bounds><pose><translation>0.8196750809209647, -0.16218209972372388, -1.3265959598472925</translation><rotation><c1>1, 0, 0</c1><c2>0, 1, 0</c2><c3>0, 0, 1</c3></rotation></pose><symmetry><x>twoFold</x><y>cylindrical</y><z>twoFold</z></symmetry><detectionScore>-1.0</detectionScore></element><element><id>31</id><category>glass</category><bounds><corner1>-0.13472753991650355, -0.17335936247802491, -0.042934739453924786</corner1><corner2>0.13472753991650355, 0.17335936247802491, 0.042934739453924786</corner2></bounds><pose><translation>0.9873163623980574, -0.5070903720051823, -1.274697040808707</translation><rotation><c1>1, 0, 0</c1><c2>0, 1, 0</c2><c3>0, 0, 1</c3></rotation></pose><symmetry><x>twoFold</x><y>cylindrical</y><z>twoFold</z></symmetry><detectionScore>-1.0</detectionScore></element><element><id>32</id><category>hanger</category><bounds><corner1>-4.052691768928737, -1.9137579787065029, -1.5518781250102265</corner1><corner2>4.052691768928737, 1.9137579787065029, 1.5518781250102265</corner2></bounds><pose><translation>3.0869870124201246, -1.2835044984833954, 0.11285074915255945</translation><rotation><c1>1, 0, 0</c1><c2>0, 1, 0</c2><c3>0, 0, 1</c3></rotation></pose><symmetry><x>twoFold</x><y>cylindrical</y><z>twoFold</z></symmetry><detectionScore>-1.0</detectionScore></element><element><id>33</id><category>gym_equipment</category><bounds><corner1>-4.364348148755043, -1.2636417071364072, -1.6599163311461327</corner1><corner2>4.364348148755043, 1.2636417071364072, 1.6599163311461327</corner2></bounds><pose><translation>2.772667840329258, -1.3177704287713603, 0.15384157566720802</translation><rotation><c1>1, 0, 0</c1><c2>0, 1, 0</c2><c3>0, 0, 1</c3></rotation></pose><symmetry><x>twoFold</x><y>cylindrical</y><z>twoFold</z></symmetry><detectionScore>-1.0</detectionScore></element><element><id>34</id><category>curtain</category><bounds><corner1>-1.334560945274432, -1.3330692485303395, -0.039958056566499645</corner1><corner2>1.334560945274432, 1.3330692485303395, 0.039958056566499645</corner2></bounds><pose><translation>-0.036722826265872366, -0.006806598726054408, -1.3883485682370933</translation><rotation><c1>1, 0, 0</c1><c2>0, 1, 0</c2><c3>0, 0, 1</c3></rotation></pose><symmetry><x>twoFold</x><y>cylindrical</y><z>twoFold</z></symmetry><detectionScore>-1.0</detectionScore></element><element><id>35</id><category>game_table</category><bounds><corner1>-2.405482374492506, -0.7552751510310544, -6.015787380162935</corner1><corner2>2.405482374492506, 0.7552751510310544, 6.015787380162935</corner2></bounds><pose><translation>-1.5157875322814023, -1.3450179562865874, 3.9991252259076013</translation><rotation><c1>1, 0, 0</c1><c2>0, 1, 0</c2><c3>0, 0, 1</c3></rotation></pose><symmetry><x>twoFold</x><y>cylindrical</y><z>twoFold</z></symmetry><detectionScore>-1.0</detectionScore></element><element><id>36</id><category>kitchen_cabinet</category><bounds><corner1>-1.6291623687632084, -1.456263999993379, -0.10389685004057747</corner1><corner2>1.6291623687632084, 1.456263999993379, 0.10389685004057747</corner2></bounds><pose><translation>0.782726255619968, -0.0865153118825358, -1.3738091065474967</translation><rotation><c1>1, 0, 0</c1><c2>0, 1, 0</c2><c3>0, 0, 1</c3></rotation></pose><symmetry><x>twoFold</x><y>cylindrical</y><z>twoFold</z></symmetry><detectionScore>-1.0</detectionScore></element><element><id>37</id><category>wall</category><bounds><corner1>-0.2702758898144437, -1.378830667890784, -5.015095117208056</corner1><corner2>0.2702758898144437, 1.378830667890784, 5.015095117208056</corner2></bounds><pose><translation>-4.154295132925936, -0.15824003591834881, 2.1697060949914055</translation><rotation><c1>1, 0, 0</c1><c2>0, 1, 0</c2><c3>0, 0, 1</c3></rotation></pose><symmetry><x>twoFold</x><y>cylindrical</y><z>twoFold</z></symmetry><detectionScore>-1.0</detectionScore></element></elements></scene>