<?xml version='1.0' encoding='utf-8'?>
<scene xmlns:sumo="https://www.sumochallenge.org"><version>2.0</version><categories><id>fb_categories_v1.0</id><url>https://sumochallenge.org/en/categories-1_0.json</url></categories><project_type>bounding_box</project_type><elements><element><id>6</id><category>kitchen_cabinet</category><bounds><corner1>-0.33543016, -1.05481345, -1.12041536</corner1><corner2>0.33543016, 1.05481345, 1.12041536</corner2></bounds><pose><translation>-2.5974853 , -0.42420874,  3.5911604 </translation><rotation><c1>1., 0., 0.</c1><c2>0., 1., 0.</c2><c3>0., 0., 1.</c3></rotation></pose><symmetry><x>none</x><y>none</y><z>none</z></symmetry><detectionScore>-1</detectionScore></element><element><id>7</id><category>chair</category><bounds><corner1>-2.80466682, -0.53927586, -1.01313532</corner1><corner2>2.80466682, 0.53927586, 1.01313532</corner2></bounds><pose><translation> 2.10693745, -1.12746379,  0.23720405</translation><rotation><c1>1., 0., 0.</c1><c2>0., 1., 0.</c2><c3>0., 0., 1.</c3></rotation></pose><symmetry><x>none</x><y>none</y><z>none</z></symmetry><detectionScore>-1</detectionScore></element><element><id>5</id><category>kitchen_cabinet</category><bounds><corner1>-0.19012993, -0.39625629, -0.89013805</corner1><corner2>0.19012993, 0.39625629, 0.89013805</corner2></bounds><pose><translation>-2.30485849, -0.86265025,  4.44988725</translation><rotation><c1>1., 0., 0.</c1><c2>0., 1., 0.</c2><c3>0., 0., 1.</c3></rotation></pose><symmetry><x>none</x><y>none</y><z>none</z></symmetry><detectionScore>-1</detectionScore></element><element><id>3</id><category>wall</category><bounds><corner1>-5.29601903, -1.18070336, -3.18081986</corner1><corner2>5.29601903, 1.18070336, 3.18081986</corner2></bounds><pose><translation>-0.42206476, -0.15518095,  5.37944724</translation><rotation><c1>1., 0., 0.</c1><c2>0., 1., 0.</c2><c3>0., 0., 1.</c3></rotation></pose><symmetry><x>none</x><y>none</y><z>none</z></symmetry><detectionScore>-1</detectionScore></element><element><id>4</id><category>wall</category><bounds><corner1>-0.10684589, -1.2118604 , -3.99961054</corner1><corner2>0.10684589, 1.2118604 , 3.99961054</corner2></bounds><pose><translation> 5.91533534, -0.04051418,  1.03736595</translation><rotation><c1>1., 0., 0.</c1><c2>0., 1., 0.</c2><c3>0., 0., 1.</c3></rotation></pose><symmetry><x>none</x><y>none</y><z>none</z></symmetry><detectionScore>-1</detectionScore></element><element><id>2</id><category>wall</category><bounds><corner1>-1.02867419, -1.26978803, -0.08923518</corner1><corner2>1.02867419, 1.26978803, 0.08923518</corner2></bounds><pose><translation>-1.72459232, -0.08743211,  5.29740115</translation><rotation><c1>1., 0., 0.</c1><c2>0., 1., 0.</c2><c3>0., 0., 1.</c3></rotation></pose><symmetry><x>none</x><y>none</y><z>none</z></symmetry><detectionScore>-1</detectionScore></element><element><id>1</id><category>wall</category><bounds><corner1>-0.23725737, -1.03463368, -0.09136833</corner1><corner2>0.23725737, 1.03463368, 0.09136833</corner2></bounds><pose><translation>3.78147954, 0.1501919 , 5.29739561</translation><rotation><c1>1., 0., 0.</c1><c2>0., 1., 0.</c2><c3>0., 0., 1.</c3></rotation></pose><symmetry><x>none</x><y>none</y><z>none</z></symmetry><detectionScore>-1</detectionScore></element></elements></scene>