<?xml version='1.0' encoding='utf-8'?>
<scene xmlns:sumo="https://www.sumochallenge.org"><version>2.0</version><categories><id>fb_categories_v1.0</id><url>https://sumochallenge.org/en/categories-1_0.json</url></categories><project_type>bounding_box</project_type><elements><element><id>18</id><category>television</category><bounds><corner1>-0.03195354, -0.31822535, -0.4915205 </corner1><corner2>0.03195354, 0.31822535, 0.4915205 </corner2></bounds><pose><translation>-1.38896075, -0.64190183, -0.03395877</translation><rotation><c1>1., 0., 0.</c1><c2>0., 1., 0.</c2><c3>0., 0., 1.</c3></rotation></pose><symmetry><x>none</x><y>none</y><z>twoFold</z></symmetry><detectionScore>0.99913824</detectionScore></element><element><id>5</id><category>sofa</category><bounds><corner1>-0.76706082, -0.37980168, -1.12304609</corner1><corner2>0.76706082, 0.37980168, 1.12304609</corner2></bounds><pose><translation> 1.82604773, -1.0919885 , -0.08270582</translation><rotation><c1>1., 0., 0.</c1><c2>0., 1., 0.</c2><c3>0., 0., 1.</c3></rotation></pose><symmetry><x>none</x><y>none</y><z>none</z></symmetry><detectionScore>0.94339013</detectionScore></element><element><id>15</id><category>wall</category><bounds><corner1>-0.30735401, -1.10946881, -0.40475332</corner1><corner2>0.30735401, 1.10946881, 0.40475332</corner2></bounds><pose><translation>3.05495143, 0.05045145, 1.92922379</translation><rotation><c1>1., 0., 0.</c1><c2>0., 1., 0.</c2><c3>0., 0., 1.</c3></rotation></pose><symmetry><x>none</x><y>twoFold</y><z>none</z></symmetry><detectionScore>0.7534587</detectionScore></element><element><id>10</id><category>wall</category><bounds><corner1>-0.9516019 , -1.1783886 , -0.47771305</corner1><corner2>0.9516019 , 1.1783886 , 0.47771305</corner2></bounds><pose><translation> 0.6749002 , -0.06773077,  2.89019467</translation><rotation><c1>1., 0., 0.</c1><c2>0., 1., 0.</c2><c3>0., 0., 1.</c3></rotation></pose><symmetry><x>none</x><y>twoFold</y><z>none</z></symmetry><detectionScore>0.9673391</detectionScore></element><element><id>11</id><category>pedestal_fan</category><bounds><corner1>-0.23667797, -0.54195869, -0.36394472</corner1><corner2>0.23667797, 0.54195869, 0.36394472</corner2></bounds><pose><translation>-0.03347459, -0.93021044, -1.46793354</translation><rotation><c1>1., 0., 0.</c1><c2>0., 1., 0.</c2><c3>0., 0., 1.</c3></rotation></pose><symmetry><x>none</x><y>none</y><z>none</z></symmetry><detectionScore>0.82849926</detectionScore></element><element><id>4</id><category>kitchen_cabinet</category><bounds><corner1>-0.47637994, -0.30447461, -0.24090745</corner1><corner2>0.47637994, 0.30447461, 0.24090745</corner2></bounds><pose><translation> 0.91330267, -0.96528778,  2.83998527</translation><rotation><c1>1., 0., 0.</c1><c2>0., 1., 0.</c2><c3>0., 0., 1.</c3></rotation></pose><symmetry><x>none</x><y>none</y><z>none</z></symmetry><detectionScore>0.6748002</detectionScore></element><element><id>6</id><category>books</category><bounds><corner1>-0.15804229, -0.1393768 , -0.24111426</corner1><corner2>0.15804229, 0.1393768 , 0.24111426</corner2></bounds><pose><translation>-1.36001793,  0.0843451 , -1.12581492</translation><rotation><c1>1., 0., 0.</c1><c2>0., 1., 0.</c2><c3>0., 0., 1.</c3></rotation></pose><symmetry><x>twoFold</x><y>twoFold</y><z>twoFold</z></symmetry><detectionScore>0.5358339</detectionScore></element><element><id>3</id><category>kitchen_cabinet</category><bounds><corner1>-0.29483717, -0.400043  , -0.67117753</corner1><corner2>0.29483717, 0.400043  , 0.67117753</corner2></bounds><pose><translation>-0.40297593, -0.9787016 ,  1.73294406</translation><rotation><c1>1., 0., 0.</c1><c2>0., 1., 0.</c2><c3>0., 0., 1.</c3></rotation></pose><symmetry><x>none</x><y>none</y><z>none</z></symmetry><detectionScore>0.9730901</detectionScore></element><element><id>19</id><category>window</category><bounds><corner1>-0.80620222, -0.63470084, -0.31000771</corner1><corner2>0.80620222, 0.63470084, 0.31000771</corner2></bounds><pose><translation> 0.20062174,  0.06536077, -1.46797837</translation><rotation><c1>1., 0., 0.</c1><c2>0., 1., 0.</c2><c3>0., 0., 1.</c3></rotation></pose><symmetry><x>none</x><y>twoFold</y><z>none</z></symmetry><detectionScore>0.6542265</detectionScore></element><element><id>12</id><category>refrigerator</category><bounds><corner1>-0.49977119, -0.93814325, -0.26138222</corner1><corner2>0.49977119, 0.93814325, 0.26138222</corner2></bounds><pose><translation> 1.59294998, -0.4782413 ,  2.67082017</translation><rotation><c1>1., 0., 0.</c1><c2>0., 1., 0.</c2><c3>0., 0., 1.</c3></rotation></pose><symmetry><x>none</x><y>none</y><z>twoFold</z></symmetry><detectionScore>0.9986696</detectionScore></element><element><id>2</id><category>wall</category><bounds><corner1>-0.41810814, -0.99807372, -0.55221723</corner1><corner2>0.41810814, 0.99807372, 0.55221723</corner2></bounds><pose><translation> 1.70700162,  0.18786101, -1.04784677</translation><rotation><c1>1., 0., 0.</c1><c2>0., 1., 0.</c2><c3>0., 0., 1.</c3></rotation></pose><symmetry><x>none</x><y>twoFold</y><z>none</z></symmetry><detectionScore>0.84720784</detectionScore></element><element><id>1</id><category>computer</category><bounds><corner1>-0.44670059, -0.32426349, -0.14399816</corner1><corner2>0.44670059, 0.32426349, 0.14399816</corner2></bounds><pose><translation> 0.59088832, -0.44346819, -1.25897022</translation><rotation><c1>1., 0., 0.</c1><c2>0., 1., 0.</c2><c3>0., 0., 1.</c3></rotation></pose><symmetry><x>none</x><y>none</y><z>none</z></symmetry><detectionScore>0.9583226</detectionScore></element><element><id>17</id><category>chair</category><bounds><corner1>-0.3741412 , -0.55792698, -0.29204476</corner1><corner2>0.3741412 , 0.55792698, 0.29204476</corner2></bounds><pose><translation> 2.71181824, -1.02028512,  2.28530146</translation><rotation><c1>1., 0., 0.</c1><c2>0., 1., 0.</c2><c3>0., 0., 1.</c3></rotation></pose><symmetry><x>none</x><y>none</y><z>none</z></symmetry><detectionScore>0.89885986</detectionScore></element><element><id>13</id><category>chair</category><bounds><corner1>-0.35911817, -0.30590835, -0.48190637</corner1><corner2>0.35911817, 0.30590835, 0.48190637</corner2></bounds><pose><translation> 2.84897517, -0.87208905,  0.92444459</translation><rotation><c1>1., 0., 0.</c1><c2>0., 1., 0.</c2><c3>0., 0., 1.</c3></rotation></pose><symmetry><x>none</x><y>none</y><z>none</z></symmetry><detectionScore>0.66227823</detectionScore></element><element><id>16</id><category>wall</category><bounds><corner1>-0.72131186, -1.1490675 , -1.71833795</corner1><corner2>0.72131186, 1.1490675 , 1.71833795</corner2></bounds><pose><translation> 2.55693662, -0.03439445,  0.07560314</translation><rotation><c1>1., 0., 0.</c1><c2>0., 1., 0.</c2><c3>0., 0., 1.</c3></rotation></pose><symmetry><x>none</x><y>twoFold</y><z>none</z></symmetry><detectionScore>0.79188985</detectionScore></element><element><id>9</id><category>candle</category><bounds><corner1>-0.35698776, -0.34039302, -0.12631437</corner1><corner2>0.35698776, 0.34039302, 0.12631437</corner2></bounds><pose><translation>-1.59595603,  0.62578605, -0.16770986</translation><rotation><c1>1., 0., 0.</c1><c2>0., 1., 0.</c2><c3>0., 0., 1.</c3></rotation></pose><symmetry><x>none</x><y>twoFold</y><z>none</z></symmetry><detectionScore>0.9434274</detectionScore></element><element><id>8</id><category>dining_table</category><bounds><corner1>-0.59089543, -0.59111891, -0.78052687</corner1><corner2>0.59089543, 0.59111891, 0.78052687</corner2></bounds><pose><translation> 2.63806667, -1.26296477,  1.54843546</translation><rotation><c1>1., 0., 0.</c1><c2>0., 1., 0.</c2><c3>0., 0., 1.</c3></rotation></pose><symmetry><x>none</x><y>twoFold</y><z>none</z></symmetry><detectionScore>0.51512396</detectionScore></element><element><id>7</id><category>vase</category><bounds><corner1>-0.0850812 , -0.25431434, -0.1477784 </corner1><corner2>0.0850812 , 0.25431434, 0.1477784 </corner2></bounds><pose><translation>-1.37803008, -0.7334118 , -0.71761177</translation><rotation><c1>1., 0., 0.</c1><c2>0., 1., 0.</c2><c3>0., 0., 1.</c3></rotation></pose><symmetry><x>none</x><y>cylindrical</y><z>none</z></symmetry><detectionScore>0.97160405</detectionScore></element><element><id>14</id><category>wall</category><bounds><corner1>-0.28897541, -1.2134914 , -1.01295322</corner1><corner2>0.28897541, 1.2134914 , 1.01295322</corner2></bounds><pose><translation>-0.69420923, -0.02127747,  1.88605967</translation><rotation><c1>1., 0., 0.</c1><c2>0., 1., 0.</c2><c3>0., 0., 1.</c3></rotation></pose><symmetry><x>none</x><y>twoFold</y><z>none</z></symmetry><detectionScore>0.9928012</detectionScore></element></elements></scene>