<?xml version='1.0' encoding='utf-8'?>
<scene xmlns:sumo="https://www.sumochallenge.org"><version>2.0</version><categories><id>fb_categories_v1.0</id><url>https://sumochallenge.org/en/categories-1_0.json</url></categories><project_type>bounding_box</project_type><elements><element><id>11</id><category>chair</category><bounds><corner1>-0.56190567, -0.6640273 , -0.22114203</corner1><corner2>0.56190567, 0.6640273 , 0.22114203</corner2></bounds><pose><translation>-2.10992993, -1.12603944,  1.63343794</translation><rotation><c1>1., 0., 0.</c1><c2>0., 1., 0.</c2><c3>0., 0., 1.</c3></rotation></pose><symmetry><x>none</x><y>none</y><z>none</z></symmetry><detectionScore>-1</detectionScore></element><element><id>12</id><category>armchair</category><bounds><corner1>-0.48094845, -0.43566757, -0.31801885</corner1><corner2>0.48094845, 0.43566757, 0.31801885</corner2></bounds><pose><translation> 0.65569433, -1.01815766, -2.06798667</translation><rotation><c1>1., 0., 0.</c1><c2>0., 1., 0.</c2><c3>0., 0., 1.</c3></rotation></pose><symmetry><x>none</x><y>none</y><z>none</z></symmetry><detectionScore>-1</detectionScore></element><element><id>2</id><category>wall</category><bounds><corner1>-2.00291024, -1.0656647 , -2.37400775</corner1><corner2>2.00291024, 1.0656647 , 2.37400775</corner2></bounds><pose><translation>-5.64285877,  0.01663865, -0.51487174</translation><rotation><c1>1., 0., 0.</c1><c2>0., 1., 0.</c2><c3>0., 0., 1.</c3></rotation></pose><symmetry><x>none</x><y>none</y><z>none</z></symmetry><detectionScore>-1</detectionScore></element><element><id>3</id><category>wall</category><bounds><corner1>-0.16084888, -1.29561902, -1.44590257</corner1><corner2>0.16084888, 1.29561902, 1.44590257</corner2></bounds><pose><translation>-0.48072932, -0.10581361,  2.33206934</translation><rotation><c1>1., 0., 0.</c1><c2>0., 1., 0.</c2><c3>0., 0., 1.</c3></rotation></pose><symmetry><x>none</x><y>none</y><z>none</z></symmetry><detectionScore>-1</detectionScore></element><element><id>9</id><category>dining_table</category><bounds><corner1>-0.46912408, -0.53973878, -0.29590304</corner1><corner2>0.46912408, 0.53973878, 0.29590304</corner2></bounds><pose><translation>-0.28183009, -1.20948452, -1.85691882</translation><rotation><c1>1., 0., 0.</c1><c2>0., 1., 0.</c2><c3>0., 0., 1.</c3></rotation></pose><symmetry><x>none</x><y>none</y><z>none</z></symmetry><detectionScore>-1</detectionScore></element><element><id>13</id><category>chair</category><bounds><corner1>-0.38708727, -0.35741683, -0.1289861 </corner1><corner2>0.38708727, 0.35741683, 0.1289861 </corner2></bounds><pose><translation>-1.07565084, -0.71821977,  1.73203683</translation><rotation><c1>1., 0., 0.</c1><c2>0., 1., 0.</c2><c3>0., 0., 1.</c3></rotation></pose><symmetry><x>none</x><y>none</y><z>none</z></symmetry><detectionScore>-1</detectionScore></element><element><id>4</id><category>wall</category><bounds><corner1>-1.5023235 , -1.26332803, -0.69605982</corner1><corner2>1.5023235 , 1.26332803, 0.69605982</corner2></bounds><pose><translation> 0.01209056, -0.13165015, -2.46607058</translation><rotation><c1>1., 0., 0.</c1><c2>0., 1., 0.</c2><c3>0., 0., 1.</c3></rotation></pose><symmetry><x>none</x><y>none</y><z>none</z></symmetry><detectionScore>-1</detectionScore></element><element><id>8</id><category>armchair</category><bounds><corner1>-0.43014927, -0.46720395, -0.28112879</corner1><corner2>0.43014927, 0.46720395, 0.28112879</corner2></bounds><pose><translation>-1.08711671, -1.04979064, -1.99604078</translation><rotation><c1>1., 0., 0.</c1><c2>0., 1., 0.</c2><c3>0., 0., 1.</c3></rotation></pose><symmetry><x>none</x><y>none</y><z>none</z></symmetry><detectionScore>-1</detectionScore></element><element><id>1</id><category>door</category><bounds><corner1>-0.54380635, -1.03116742, -0.07275415</corner1><corner2>0.54380635, 1.03116742, 0.07275415</corner2></bounds><pose><translation> 1.46256242, -0.37627495,  3.86717557</translation><rotation><c1>1., 0., 0.</c1><c2>0., 1., 0.</c2><c3>0., 0., 1.</c3></rotation></pose><symmetry><x>none</x><y>none</y><z>none</z></symmetry><detectionScore>-1</detectionScore></element><element><id>10</id><category>chair</category><bounds><corner1>-0.76707962, -0.51929695, -0.18578751</corner1><corner2>0.76707962, 0.51929695, 0.18578751</corner2></bounds><pose><translation>-2.78097047, -0.92567133,  1.66922408</translation><rotation><c1>1., 0., 0.</c1><c2>0., 1., 0.</c2><c3>0., 0., 1.</c3></rotation></pose><symmetry><x>none</x><y>none</y><z>none</z></symmetry><detectionScore>-1</detectionScore></element></elements></scene>