<?xml version='1.0' encoding='utf-8'?>
<scene xmlns:sumo="https://www.sumochallenge.org"><version>2.0</version><categories><id>fb_categories_v1_0</id><url>https://sumochallenge.org/en/categories-1_0.json</url></categories><project_type>bounding_box</project_type><elements><element><id>0</id><category>single_bed</category><bounds><corner1>-1.2861953071717755, -0.7525489803775077, -0.8052447379879293</corner1><corner2>1.2861953071717755, 0.7525489803775077, 0.8052447379879293</corner2></bounds><pose><translation>-0.8937952853978235, -1.1169615006346192, -2.610490828479682</translation><rotation><c1>1, 0, 0</c1><c2>0, 1, 0</c2><c3>0, 0, 1</c3></rotation></pose><symmetry><x>twoFold</x><y>cylindrical</y><z>twoFold</z></symmetry><detectionScore>-1.0</detectionScore></element><element><id>1</id><category>door</category><bounds><corner1>-2.7457343434935373, -1.4839738154189854, -0.49357163680379146</corner1><corner2>2.7457343434935373, 1.4839738154189854, 0.49357163680379146</corner2></bounds><pose><translation>4.346462613096725, -0.5234297453132618, 1.5731065064825922</translation><rotation><c1>1, 0, 0</c1><c2>0, 1, 0</c2><c3>0, 0, 1</c3></rotation></pose><symmetry><x>twoFold</x><y>cylindrical</y><z>twoFold</z></symmetry><detectionScore>-1.0</detectionScore></element><element><id>2</id><category>television</category><bounds><corner1>-0.8861999741367587, -0.5446005524653377, -0.25625714627128016</corner1><corner2>0.8861999741367587, 0.5446005524653377, 0.25625714627128016</corner2></bounds><pose><translation>0.6209662457390338, -0.8473039821402779, 1.8253893516833664</translation><rotation><c1>1, 0, 0</c1><c2>0, 1, 0</c2><c3>0, 0, 1</c3></rotation></pose><symmetry><x>twoFold</x><y>cylindrical</y><z>twoFold</z></symmetry><detectionScore>-1.0</detectionScore></element><element><id>3</id><category>table_lamp</category><bounds><corner1>-0.597667747951871, -0.4243737108955118, -0.556488078773131</corner1><corner2>0.597667747951871, 0.4243737108955118, 0.556488078773131</corner2></bounds><pose><translation>2.9764374930487425, -0.5894038895595457, -3.62483571804393</translation><rotation><c1>1, 0, 0</c1><c2>0, 1, 0</c2><c3>0, 0, 1</c3></rotation></pose><symmetry><x>twoFold</x><y>cylindrical</y><z>twoFold</z></symmetry><detectionScore>-1.0</detectionScore></element><element><id>4</id><category>computer</category><bounds><corner1>-0.43910830128023015, -0.2854779584482925, -0.9185824428066125</corner1><corner2>0.43910830128023015, 0.2854779584482925, 0.9185824428066125</corner2></bounds><pose><translation>4.002410277612638, -0.49524719913321263, -3.133646578267457</translation><rotation><c1>1, 0, 0</c1><c2>0, 1, 0</c2><c3>0, 0, 1</c3></rotation></pose><symmetry><x>twoFold</x><y>cylindrical</y><z>twoFold</z></symmetry><detectionScore>-1.0</detectionScore></element><element><id>5</id><category>desk</category><bounds><corner1>-0.671068472922308, -0.5426895467770989, -0.6497978660163839</corner1><corner2>0.671068472922308, 0.5426895467770989, 0.6497978660163839</corner2></bounds><pose><translation>3.7910159391201668, -1.0082956462766233, -2.434257809199244</translation><rotation><c1>1, 0, 0</c1><c2>0, 1, 0</c2><c3>0, 0, 1</c3></rotation></pose><symmetry><x>twoFold</x><y>cylindrical</y><z>twoFold</z></symmetry><detectionScore>-1.0</detectionScore></element><element><id>6</id><category>table_lamp</category><bounds><corner1>-0.14019438222785308, -0.3852692325858774, -0.4083285933559653</corner1><corner2>0.14019438222785308, 0.3852692325858774, 0.4083285933559653</corner2></bounds><pose><translation>4.319269155697766, -0.4229920719879289, -2.500694919931552</translation><rotation><c1>1, 0, 0</c1><c2>0, 1, 0</c2><c3>0, 0, 1</c3></rotation></pose><symmetry><x>twoFold</x><y>cylindrical</y><z>twoFold</z></symmetry><detectionScore>-1.0</detectionScore></element><element><id>7</id><category>office_chair</category><bounds><corner1>-1.2755591900397598, -0.7818487931737852, -0.8005326556413608</corner1><corner2>1.2755591900397598, 0.7818487931737852, 0.8005326556413608</corner2></bounds><pose><translation>3.163122903714506, -1.1447076213878224, -2.5511428053064953</translation><rotation><c1>1, 0, 0</c1><c2>0, 1, 0</c2><c3>0, 0, 1</c3></rotation></pose><symmetry><x>twoFold</x><y>cylindrical</y><z>twoFold</z></symmetry><detectionScore>-1.0</detectionScore></element><element><id>8</id><category>floor</category><bounds><corner1>-2.6805466678452614, -0.5394316450632174, -1.1633864201348563</corner1><corner2>2.6805466678452614, 0.5394316450632174, 1.1633864201348563</corner2></bounds><pose><translation>4.398017428767901, -1.388052034473957, 0.8958108624426737</translation><rotation><c1>1, 0, 0</c1><c2>0, 1, 0</c2><c3>0, 0, 1</c3></rotation></pose><symmetry><x>twoFold</x><y>cylindrical</y><z>twoFold</z></symmetry><detectionScore>-1.0</detectionScore></element><element><id>9</id><category>double_bed</category><bounds><corner1>-1.6190214551885216, -0.7472964920543325, -0.9972237629794993</corner1><corner2>1.6190214551885216, 0.7472964920543325, 0.9972237629794993</corner2></bounds><pose><translation>-0.9486170766638605, -1.0741380494004307, -2.6257928619584874</translation><rotation><c1>1, 0, 0</c1><c2>0, 1, 0</c2><c3>0, 0, 1</c3></rotation></pose><symmetry><x>twoFold</x><y>cylindrical</y><z>twoFold</z></symmetry><detectionScore>-1.0</detectionScore></element><element><id>10</id><category>wall</category><bounds><corner1>-2.4368463306266417, -1.511534868930064, -1.1843843283845357</corner1><corner2>2.4368463306266417, 1.511534868930064, 1.1843843283845357</corner2></bounds><pose><translation>1.0816635478136276, -0.13259449042370974, -3.8709390720469514</translation><rotation><c1>1, 0, 0</c1><c2>0, 1, 0</c2><c3>0, 0, 1</c3></rotation></pose><symmetry><x>twoFold</x><y>cylindrical</y><z>twoFold</z></symmetry><detectionScore>-1.0</detectionScore></element><element><id>11</id><category>mirror</category><bounds><corner1>-0.4249958716774538, -0.7517914529503712, -0.08946679210195185</corner1><corner2>0.4249958716774538, 0.7517914529503712, 0.08946679210195185</corner2></bounds><pose><translation>1.2527172348177558, -0.05566866487633015, -3.8020464312286664</translation><rotation><c1>1, 0, 0</c1><c2>0, 1, 0</c2><c3>0, 0, 1</c3></rotation></pose><symmetry><x>twoFold</x><y>cylindrical</y><z>twoFold</z></symmetry><detectionScore>-1.0</detectionScore></element><element><id>12</id><category>wall</category><bounds><corner1>-2.70066888951696, -1.468459127651873, -2.873282352809418</corner1><corner2>2.70066888951696, 1.468459127651873, 2.873282352809418</corner2></bounds><pose><translation>4.391528067073303, -0.09976522541068394, -0.8066042095230342</translation><rotation><c1>1, 0, 0</c1><c2>0, 1, 0</c2><c3>0, 0, 1</c3></rotation></pose><symmetry><x>twoFold</x><y>cylindrical</y><z>twoFold</z></symmetry><detectionScore>-1.0</detectionScore></element><element><id>13</id><category>playstation</category><bounds><corner1>-0.3003766222697559, -0.1057754831688884, -0.23620789762453276</corner1><corner2>0.3003766222697559, 0.1057754831688884, 0.23620789762453276</corner2></bounds><pose><translation>-0.7125831140483105, -1.243893232257083, 1.77123609760265</translation><rotation><c1>1, 0, 0</c1><c2>0, 1, 0</c2><c3>0, 0, 1</c3></rotation></pose><symmetry><x>twoFold</x><y>cylindrical</y><z>twoFold</z></symmetry><detectionScore>-1.0</detectionScore></element><element><id>14</id><category>xbox</category><bounds><corner1>-0.3822825546592846, -0.19961086824513985, -0.19227186454755896</corner1><corner2>0.3822825546592846, 0.19961086824513985, 0.19227186454755896</corner2></bounds><pose><translation>-0.7836657147913586, -1.2429861975404841, 1.8232221911512674</translation><rotation><c1>1, 0, 0</c1><c2>0, 1, 0</c2><c3>0, 0, 1</c3></rotation></pose><symmetry><x>twoFold</x><y>cylindrical</y><z>twoFold</z></symmetry><detectionScore>-1.0</detectionScore></element><element><id>15</id><category>laptop</category><bounds><corner1>-1.2893021285205166, -0.15719593373970642, -0.1085506337976212</corner1><corner2>1.2893021285205166, 0.15719593373970642, 0.1085506337976212</corner2></bounds><pose><translation>3.1384603971889686, -0.6436277224370818, -2.3187879297218332</translation><rotation><c1>1, 0, 0</c1><c2>0, 1, 0</c2><c3>0, 0, 1</c3></rotation></pose><symmetry><x>twoFold</x><y>cylindrical</y><z>twoFold</z></symmetry><detectionScore>-1.0</detectionScore></element><element><id>16</id><category>wall</category><bounds><corner1>-0.7195314211026682, -1.6299997365390513, -0.5663353263476374</corner1><corner2>0.7195314211026682, 1.6299997365390513, 0.5663353263476374</corner2></bounds><pose><translation>-1.2577491715054279, -0.14119378698334345, -2.277978486757138</translation><rotation><c1>1, 0, 0</c1><c2>0, 1, 0</c2><c3>0, 0, 1</c3></rotation></pose><symmetry><x>twoFold</x><y>cylindrical</y><z>twoFold</z></symmetry><detectionScore>-1.0</detectionScore></element><element><id>17</id><category>vase</category><bounds><corner1>-0.1487321451311221, -0.3840496734562101, -0.3892371872539364</corner1><corner2>0.1487321451311221, 0.3840496734562101, 0.3892371872539364</corner2></bounds><pose><translation>4.310731392794497, -0.42177251285826156, -2.500694919931552</translation><rotation><c1>1, 0, 0</c1><c2>0, 1, 0</c2><c3>0, 0, 1</c3></rotation></pose><symmetry><x>twoFold</x><y>cylindrical</y><z>twoFold</z></symmetry><detectionScore>-1.0</detectionScore></element></elements></scene>