<?xml version='1.0' encoding='utf-8'?>
<scene xmlns:sumo="https://www.sumochallenge.org"><version>2.0</version><categories><id>fb_categories_v1.0</id><url>https://sumochallenge.org/en/categories-1_0.json</url></categories><project_type>bounding_box</project_type><elements><element><id>30</id><category>cutting_board</category><bounds><corner1>-3.2059949 , -1.09127195, -2.28853154</corner1><corner2>-1.26399399, -0.66214942, -0.71498261</corner2></bounds><pose><translation>0., 0., 0.</translation><rotation><c1>1., 0., 0.</c1><c2>0., 1., 0.</c2><c3>0., 0., 1.</c3></rotation></pose><symmetry><x>none</x><y>none</y><z>none</z></symmetry><detectionScore>-1</detectionScore></element><element><id>25</id><category>desk</category><bounds><corner1>-3.17011224, -1.46663992, -0.85583719</corner1><corner2>-1.63605289, -0.42832688,  0.6525229 </corner2></bounds><pose><translation>0., 0., 0.</translation><rotation><c1>1., 0., 0.</c1><c2>0., 1., 0.</c2><c3>0., 0., 1.</c3></rotation></pose><symmetry><x>none</x><y>none</y><z>none</z></symmetry><detectionScore>-1</detectionScore></element><element><id>18</id><category>tv_stand</category><bounds><corner1>-3.10647266, -1.46643773,  3.46114945</corner1><corner2>-1.61923265,  1.18987423,  6.53798438</corner2></bounds><pose><translation>0., 0., 0.</translation><rotation><c1>1., 0., 0.</c1><c2>0., 1., 0.</c2><c3>0., 0., 1.</c3></rotation></pose><symmetry><x>none</x><y>none</y><z>none</z></symmetry><detectionScore>-1</detectionScore></element><element><id>21</id><category>wall</category><bounds><corner1>-3.19979464, -1.23706886, -0.84969862</corner1><corner2>-1.65397825,  1.19681056,  0.81433893</corner2></bounds><pose><translation>0., 0., 0.</translation><rotation><c1>1., 0., 0.</c1><c2>0., 1., 0.</c2><c3>0., 0., 1.</c3></rotation></pose><symmetry><x>none</x><y>none</y><z>none</z></symmetry><detectionScore>-1</detectionScore></element><element><id>19</id><category>picture_frame</category><bounds><corner1>-3.30778808, -0.21646499, -6.14604932</corner1><corner2>-2.8797943 ,  1.19933336, -4.57782497</corner2></bounds><pose><translation>0., 0., 0.</translation><rotation><c1>1., 0., 0.</c1><c2>0., 1., 0.</c2><c3>0., 0., 1.</c3></rotation></pose><symmetry><x>none</x><y>none</y><z>none</z></symmetry><detectionScore>-1</detectionScore></element><element><id>17</id><category>sofa</category><bounds><corner1>-3.26484638, -1.46087858, -6.94376189</corner1><corner2>-0.44750029, -0.41186088, -1.82901322</corner2></bounds><pose><translation>0., 0., 0.</translation><rotation><c1>1., 0., 0.</c1><c2>0., 1., 0.</c2><c3>0., 0., 1.</c3></rotation></pose><symmetry><x>none</x><y>none</y><z>none</z></symmetry><detectionScore>-1</detectionScore></element><element><id>31</id><category>window</category><bounds><corner1>-3.13296786, -1.35061974,  0.98889002</corner1><corner2>-2.81921045,  0.79648365,  2.67850572</corner2></bounds><pose><translation>0., 0., 0.</translation><rotation><c1>1., 0., 0.</c1><c2>0., 1., 0.</c2><c3>0., 0., 1.</c3></rotation></pose><symmetry><x>none</x><y>none</y><z>none</z></symmetry><detectionScore>-1</detectionScore></element><element><id>6</id><category>picture_frame</category><bounds><corner1>-3.22484282, -0.33825381, -2.35219444</corner1><corner2>-2.20008463,  1.12577488,  0.25987877</corner2></bounds><pose><translation>0., 0., 0.</translation><rotation><c1>1., 0., 0.</c1><c2>0., 1., 0.</c2><c3>0., 0., 1.</c3></rotation></pose><symmetry><x>none</x><y>none</y><z>none</z></symmetry><detectionScore>-1</detectionScore></element><element><id>35</id><category>computer</category><bounds><corner1>-3.23881015, -0.87179365, -2.86300554</corner1><corner2>-2.11701888, -0.23718844, -1.08593307</corner2></bounds><pose><translation>0., 0., 0.</translation><rotation><c1>1., 0., 0.</c1><c2>0., 1., 0.</c2><c3>0., 0., 1.</c3></rotation></pose><symmetry><x>none</x><y>none</y><z>none</z></symmetry><detectionScore>-1</detectionScore></element><element><id>41</id><category>door</category><bounds><corner1>-3.13304449, -1.45548854,  1.00190998</corner1><corner2>-2.82704887,  0.67186111,  2.79059246</corner2></bounds><pose><translation>0., 0., 0.</translation><rotation><c1>1., 0., 0.</c1><c2>0., 1., 0.</c2><c3>0., 0., 1.</c3></rotation></pose><symmetry><x>none</x><y>none</y><z>none</z></symmetry><detectionScore>-1</detectionScore></element><element><id>8</id><category>plant</category><bounds><corner1> 1.27901194, -0.98923339,  0.80702387</corner1><corner2> 1.89499262, -0.28697827,  1.68809011</corner2></bounds><pose><translation>0., 0., 0.</translation><rotation><c1>1., 0., 0.</c1><c2>0., 1., 0.</c2><c3>0., 0., 1.</c3></rotation></pose><symmetry><x>none</x><y>none</y><z>none</z></symmetry><detectionScore>-1</detectionScore></element><element><id>34</id><category>wall</category><bounds><corner1> 1.07506491, -1.11769183,  2.78004235</corner1><corner2>1.93625969, 1.1987218 , 6.55151729</corner2></bounds><pose><translation>0., 0., 0.</translation><rotation><c1>1., 0., 0.</c1><c2>0., 1., 0.</c2><c3>0., 0., 1.</c3></rotation></pose><symmetry><x>none</x><y>none</y><z>none</z></symmetry><detectionScore>-1</detectionScore></element><element><id>7</id><category>stand</category><bounds><corner1> 1.1379895 , -1.4579397 ,  0.65217216</corner1><corner2> 1.88409736, -0.62801902,  1.61817718</corner2></bounds><pose><translation>0., 0., 0.</translation><rotation><c1>1., 0., 0.</c1><c2>0., 1., 0.</c2><c3>0., 0., 1.</c3></rotation></pose><symmetry><x>none</x><y>none</y><z>none</z></symmetry><detectionScore>-1</detectionScore></element><element><id>16</id><category>shelving</category><bounds><corner1>-3.03228344, -1.46320464,  3.46600186</corner1><corner2>-1.76814794,  1.17346901,  6.54415246</corner2></bounds><pose><translation>0., 0., 0.</translation><rotation><c1>1., 0., 0.</c1><c2>0., 1., 0.</c2><c3>0., 0., 1.</c3></rotation></pose><symmetry><x>none</x><y>none</y><z>none</z></symmetry><detectionScore>-1</detectionScore></element><element><id>10</id><category>chair</category><bounds><corner1>-3.2019539 , -1.46737843, -1.92241461</corner1><corner2>-1.26296742, -0.47270554, -0.33373575</corner2></bounds><pose><translation>0., 0., 0.</translation><rotation><c1>1., 0., 0.</c1><c2>0., 1., 0.</c2><c3>0., 0., 1.</c3></rotation></pose><symmetry><x>none</x><y>none</y><z>none</z></symmetry><detectionScore>-1</detectionScore></element><element><id>33</id><category>dressing_table</category><bounds><corner1> 1.27996395, -1.44480823,  0.36123201</corner1><corner2> 1.8989718 , -0.30370605,  1.48459334</corner2></bounds><pose><translation>0., 0., 0.</translation><rotation><c1>1., 0., 0.</c1><c2>0., 1., 0.</c2><c3>0., 0., 1.</c3></rotation></pose><symmetry><x>none</x><y>none</y><z>none</z></symmetry><detectionScore>-1</detectionScore></element><element><id>26</id><category>wall</category><bounds><corner1>-3.23161681, -1.33378614, -7.10479361</corner1><corner2> 1.50360229,  1.16779977, -3.60332393</corner2></bounds><pose><translation>0., 0., 0.</translation><rotation><c1>1., 0., 0.</c1><c2>0., 1., 0.</c2><c3>0., 0., 1.</c3></rotation></pose><symmetry><x>none</x><y>none</y><z>none</z></symmetry><detectionScore>-1</detectionScore></element><element><id>22</id><category>wall</category><bounds><corner1>-2.70380931, -1.36501705,  4.01288952</corner1><corner2>1.83781991, 1.18911076, 7.73822711</corner2></bounds><pose><translation>0., 0., 0.</translation><rotation><c1>1., 0., 0.</c1><c2>0., 1., 0.</c2><c3>0., 0., 1.</c3></rotation></pose><symmetry><x>none</x><y>none</y><z>none</z></symmetry><detectionScore>-1</detectionScore></element><element><id>40</id><category>ceiling_fan</category><bounds><corner1>-2.51520186,  0.80686982,  2.71114117</corner1><corner2>-0.37401735,  1.21179571,  5.92003054</corner2></bounds><pose><translation>0., 0., 0.</translation><rotation><c1>1., 0., 0.</c1><c2>0., 1., 0.</c2><c3>0., 0., 1.</c3></rotation></pose><symmetry><x>none</x><y>none</y><z>none</z></symmetry><detectionScore>-1</detectionScore></element><element><id>23</id><category>office_chair</category><bounds><corner1>-3.16523177, -1.47447377, -0.89860459</corner1><corner2>-1.61892645, -0.43272382,  0.24713792</corner2></bounds><pose><translation>0., 0., 0.</translation><rotation><c1>1., 0., 0.</c1><c2>0., 1., 0.</c2><c3>0., 0., 1.</c3></rotation></pose><symmetry><x>none</x><y>none</y><z>none</z></symmetry><detectionScore>-1</detectionScore></element><element><id>11</id><category>double_bed</category><bounds><corner1>-3.27638604, -1.45579291, -6.9705255 </corner1><corner2>-0.45442592, -0.32085712, -1.85203553</corner2></bounds><pose><translation>0., 0., 0.</translation><rotation><c1>1., 0., 0.</c1><c2>0., 1., 0.</c2><c3>0., 0., 1.</c3></rotation></pose><symmetry><x>none</x><y>none</y><z>none</z></symmetry><detectionScore>-1</detectionScore></element><element><id>2</id><category>plant</category><bounds><corner1>-3.21887316, -1.06767584, -2.07195356</corner1><corner2>-1.82207973,  0.05660875, -0.6980262 </corner2></bounds><pose><translation>0., 0., 0.</translation><rotation><c1>1., 0., 0.</c1><c2>0., 1., 0.</c2><c3>0., 0., 1.</c3></rotation></pose><symmetry><x>none</x><y>none</y><z>none</z></symmetry><detectionScore>-1</detectionScore></element><element><id>14</id><category>armchair</category><bounds><corner1>-3.16501123, -1.47438287, -0.87638882</corner1><corner2>-1.6320131 , -0.43361134,  0.34535335</corner2></bounds><pose><translation>0., 0., 0.</translation><rotation><c1>1., 0., 0.</c1><c2>0., 1., 0.</c2><c3>0., 0., 1.</c3></rotation></pose><symmetry><x>none</x><y>none</y><z>none</z></symmetry><detectionScore>-1</detectionScore></element><element><id>9</id><category>rug</category><bounds><corner1>-3.20374684, -1.46186491, -2.23366491</corner1><corner2>-1.27996026, -0.63402159, -0.671298  </corner2></bounds><pose><translation>0., 0., 0.</translation><rotation><c1>1., 0., 0.</c1><c2>0., 1., 0.</c2><c3>0., 0., 1.</c3></rotation></pose><symmetry><x>none</x><y>none</y><z>none</z></symmetry><detectionScore>-1</detectionScore></element><element><id>36</id><category>door</category><bounds><corner1> 1.84004821, -1.43094871, -0.92828998</corner1><corner2>1.97508945, 0.48233872, 0.17675686</corner2></bounds><pose><translation>0., 0., 0.</translation><rotation><c1>1., 0., 0.</c1><c2>0., 1., 0.</c2><c3>0., 0., 1.</c3></rotation></pose><symmetry><x>none</x><y>none</y><z>none</z></symmetry><detectionScore>-1</detectionScore></element><element><id>39</id><category>curtain</category><bounds><corner1> 1.0801658 , -1.0181457 ,  3.10001234</corner1><corner2>1.95240963, 1.19748974, 6.64392363</corner2></bounds><pose><translation>0., 0., 0.</translation><rotation><c1>1., 0., 0.</c1><c2>0., 1., 0.</c2><c3>0., 0., 1.</c3></rotation></pose><symmetry><x>none</x><y>none</y><z>none</z></symmetry><detectionScore>-1</detectionScore></element><element><id>20</id><category>door</category><bounds><corner1> 1.8170135 , -0.4309713 , -0.28257964</corner1><corner2>1.97403924, 0.25679914, 0.48562103</corner2></bounds><pose><translation>0., 0., 0.</translation><rotation><c1>1., 0., 0.</c1><c2>0., 1., 0.</c2><c3>0., 0., 1.</c3></rotation></pose><symmetry><x>none</x><y>none</y><z>none</z></symmetry><detectionScore>-1</detectionScore></element><element><id>5</id><category>stand</category><bounds><corner1> 1.27495835, -1.45624493,  0.40888283</corner1><corner2> 1.88989905, -0.63274144,  0.97687644</corner2></bounds><pose><translation>0., 0., 0.</translation><rotation><c1>1., 0., 0.</c1><c2>0., 1., 0.</c2><c3>0., 0., 1.</c3></rotation></pose><symmetry><x>none</x><y>none</y><z>none</z></symmetry><detectionScore>-1</detectionScore></element><element><id>24</id><category>loudspeaker</category><bounds><corner1> 1.27497291, -1.45833633,  0.40848723</corner1><corner2> 1.88996405, -0.63301242,  0.9691964 </corner2></bounds><pose><translation>0., 0., 0.</translation><rotation><c1>1., 0., 0.</c1><c2>0., 1., 0.</c2><c3>0., 0., 1.</c3></rotation></pose><symmetry><x>none</x><y>none</y><z>none</z></symmetry><detectionScore>-1</detectionScore></element><element><id>38</id><category>wall</category><bounds><corner1>-3.10464736, -1.45687034,  3.46319817</corner1><corner2>-1.70658962,  1.20271437,  6.48708923</corner2></bounds><pose><translation>0., 0., 0.</translation><rotation><c1>1., 0., 0.</c1><c2>0., 1., 0.</c2><c3>0., 0., 1.</c3></rotation></pose><symmetry><x>none</x><y>none</y><z>none</z></symmetry><detectionScore>-1</detectionScore></element><element><id>12</id><category>double_bed</category><bounds><corner1>-0.85269046, -1.46205492,  2.99181346</corner1><corner2> 1.83938369, -0.30512865,  7.69301263</corner2></bounds><pose><translation>0., 0., 0.</translation><rotation><c1>1., 0., 0.</c1><c2>0., 1., 0.</c2><c3>0., 0., 1.</c3></rotation></pose><symmetry><x>none</x><y>none</y><z>none</z></symmetry><detectionScore>-1</detectionScore></element><element><id>29</id><category>office_chair</category><bounds><corner1>-3.22816056, -1.09452138, -2.86572236</corner1><corner2>-1.21503125, -0.27699559, -0.71832754</corner2></bounds><pose><translation>0., 0., 0.</translation><rotation><c1>1., 0., 0.</c1><c2>0., 1., 0.</c2><c3>0., 0., 1.</c3></rotation></pose><symmetry><x>none</x><y>none</y><z>none</z></symmetry><detectionScore>-1</detectionScore></element><element><id>32</id><category>wall</category><bounds><corner1>-3.22883616, -1.06177012, -2.64152247</corner1><corner2>-1.81596398,  1.19603919, -0.68129354</corner2></bounds><pose><translation>0., 0., 0.</translation><rotation><c1>1., 0., 0.</c1><c2>0., 1., 0.</c2><c3>0., 0., 1.</c3></rotation></pose><symmetry><x>none</x><y>none</y><z>none</z></symmetry><detectionScore>-1</detectionScore></element><element><id>15</id><category>curtain</category><bounds><corner1>-3.13795602, -1.41501981,  0.79692801</corner1><corner2>-2.81709564,  0.93954841,  2.79457085</corner2></bounds><pose><translation>0., 0., 0.</translation><rotation><c1>1., 0., 0.</c1><c2>0., 1., 0.</c2><c3>0., 0., 1.</c3></rotation></pose><symmetry><x>none</x><y>none</y><z>none</z></symmetry><detectionScore>-1</detectionScore></element><element><id>4</id><category>window</category><bounds><corner1> 1.18952316, -0.98452265,  3.08292493</corner1><corner2>1.91109098, 1.19050682, 5.89518067</corner2></bounds><pose><translation>0., 0., 0.</translation><rotation><c1>1., 0., 0.</c1><c2>0., 1., 0.</c2><c3>0., 0., 1.</c3></rotation></pose><symmetry><x>none</x><y>none</y><z>none</z></symmetry><detectionScore>-1</detectionScore></element><element><id>37</id><category>whiteboard</category><bounds><corner1>-3.16311623, -1.47435432, -0.92877593</corner1><corner2>-1.63179627, -0.43107249,  0.31888369</corner2></bounds><pose><translation>0., 0., 0.</translation><rotation><c1>1., 0., 0.</c1><c2>0., 1., 0.</c2><c3>0., 0., 1.</c3></rotation></pose><symmetry><x>none</x><y>none</y><z>none</z></symmetry><detectionScore>-1</detectionScore></element><element><id>43</id><category>picture_frame</category><bounds><corner1>-3.15734254, -0.1184813 , -0.69219257</corner1><corner2>-3.00799847,  1.07253154,  0.32016448</corner2></bounds><pose><translation>0., 0., 0.</translation><rotation><c1>1., 0., 0.</c1><c2>0., 1., 0.</c2><c3>0., 0., 1.</c3></rotation></pose><symmetry><x>none</x><y>none</y><z>none</z></symmetry><detectionScore>-1</detectionScore></element><element><id>42</id><category>rug</category><bounds><corner1>-0.35945707, -1.47719754, -6.00630716</corner1><corner2> 1.22449774, -1.41052441, -3.18309571</corner2></bounds><pose><translation>0., 0., 0.</translation><rotation><c1>1., 0., 0.</c1><c2>0., 1., 0.</c2><c3>0., 0., 1.</c3></rotation></pose><symmetry><x>none</x><y>none</y><z>none</z></symmetry><detectionScore>-1</detectionScore></element><element><id>1</id><category>bookshelf</category><bounds><corner1>-3.03603763, -1.46752584,  3.40430342</corner1><corner2>-1.68388614,  1.14692756,  6.38918894</corner2></bounds><pose><translation>0., 0., 0.</translation><rotation><c1>1., 0., 0.</c1><c2>0., 1., 0.</c2><c3>0., 0., 1.</c3></rotation></pose><symmetry><x>none</x><y>none</y><z>none</z></symmetry><detectionScore>-1</detectionScore></element><element><id>28</id><category>stereo_set</category><bounds><corner1>-3.20778424, -0.70766807, -2.52028344</corner1><corner2>-2.09699504, -0.12296151, -0.96108743</corner2></bounds><pose><translation>0., 0., 0.</translation><rotation><c1>1., 0., 0.</c1><c2>0., 1., 0.</c2><c3>0., 0., 1.</c3></rotation></pose><symmetry><x>none</x><y>none</y><z>none</z></symmetry><detectionScore>-1</detectionScore></element><element><id>3</id><category>wall</category><bounds><corner1> 1.84001847, -0.53588357, -1.3577497 </corner1><corner2>1.97406813, 0.40449815, 0.28516911</corner2></bounds><pose><translation>0., 0., 0.</translation><rotation><c1>1., 0., 0.</c1><c2>0., 1., 0.</c2><c3>0., 0., 1.</c3></rotation></pose><symmetry><x>none</x><y>none</y><z>none</z></symmetry><detectionScore>-1</detectionScore></element><element><id>27</id><category>picture_frame</category><bounds><corner1>-3.13288814, -0.18351141, -2.50767355</corner1><corner2>-2.16294803,  1.05011678, -1.15745197</corner2></bounds><pose><translation>0., 0., 0.</translation><rotation><c1>1., 0., 0.</c1><c2>0., 1., 0.</c2><c3>0., 0., 1.</c3></rotation></pose><symmetry><x>none</x><y>none</y><z>none</z></symmetry><detectionScore>-1</detectionScore></element><element><id>13</id><category>laptop</category><bounds><corner1>-3.21003832, -1.09109317, -2.28354725</corner1><corner2>-1.2860333 , -0.66361168, -0.74810909</corner2></bounds><pose><translation>0., 0., 0.</translation><rotation><c1>1., 0., 0.</c1><c2>0., 1., 0.</c2><c3>0., 0., 1.</c3></rotation></pose><symmetry><x>none</x><y>none</y><z>none</z></symmetry><detectionScore>-1</detectionScore></element></elements></scene>