<?xml version='1.0' encoding='utf-8'?>
<scene xmlns:sumo="https://www.sumochallenge.org"><version>2.0</version><categories><id>fb_categories_v1_0</id><url>https://sumochallenge.org/en/categories-1_0.json</url></categories><project_type>bounding_box</project_type><elements><element><id>0</id><category>desk</category><bounds><corner1>-1.3017824502262916, -0.7225515049049673, -1.510625197894767</corner1><corner2>1.3017824502262916, 0.7225515049049673, 1.510625197894767</corner2></bounds><pose><translation>-1.8536910052492321, -1.2916527586172455, -4.8745374254095974</translation><rotation><c1>1, 0, 0</c1><c2>0, 1, 0</c2><c3>0, 0, 1</c3></rotation></pose><symmetry><x>twoFold</x><y>cylindrical</y><z>twoFold</z></symmetry><detectionScore>-1.0</detectionScore></element><element><id>1</id><category>wall</category><bounds><corner1>-2.1778516257476923, -1.4296003779442947, -1.980151867405699</corner1><corner2>2.1778516257476923, 1.4296003779442947, 1.980151867405699</corner2></bounds><pose><translation>-1.187364567009274, -0.10992829953853323, -5.34406409492053</translation><rotation><c1>1, 0, 0</c1><c2>0, 1, 0</c2><c3>0, 0, 1</c3></rotation></pose><symmetry><x>twoFold</x><y>cylindrical</y><z>twoFold</z></symmetry><detectionScore>-1.0</detectionScore></element><element><id>2</id><category>wall</category><bounds><corner1>-1.5531058076082478, -1.3169141817034602, -4.451567937232379</corner1><corner2>1.5531058076082478, 1.3169141817034602, 4.451567937232379</corner2></bounds><pose><translation>2.284469840315189, -0.03669490059258337, -9.740393334497432</translation><rotation><c1>1, 0, 0</c1><c2>0, 1, 0</c2><c3>0, 0, 1</c3></rotation></pose><symmetry><x>twoFold</x><y>cylindrical</y><z>twoFold</z></symmetry><detectionScore>-1.0</detectionScore></element><element><id>3</id><category>kitchen_cabinet</category><bounds><corner1>-1.2462975651482853, -0.6791580458661224, -1.5344107092939256</corner1><corner2>1.2462975651482853, 0.6791580458661224, 1.5344107092939256</corner2></bounds><pose><translation>-1.8200683199817922, -1.1467632563457293, -4.898322936808756</translation><rotation><c1>1, 0, 0</c1><c2>0, 1, 0</c2><c3>0, 0, 1</c3></rotation></pose><symmetry><x>twoFold</x><y>cylindrical</y><z>twoFold</z></symmetry><detectionScore>-1.0</detectionScore></element><element><id>4</id><category>wall</category><bounds><corner1>-0.8348783790457448, -1.4014463956551293, -0.41814897903544423</corner1><corner2>0.8348783790457448, 1.4014463956551293, 0.41814897903544423</corner2></bounds><pose><translation>4.473386948688952, -0.08740778181509706, -5.2547528577377784</translation><rotation><c1>1, 0, 0</c1><c2>0, 1, 0</c2><c3>0, 0, 1</c3></rotation></pose><symmetry><x>twoFold</x><y>cylindrical</y><z>twoFold</z></symmetry><detectionScore>-1.0</detectionScore></element><element><id>5</id><category>ironing_board</category><bounds><corner1>-1.0948438064738342, -0.8717457283338941, -2.5270827137596275</corner1><corner2>1.0948438064738342, 0.8717457283338941, 2.5270827137596275</corner2></bounds><pose><translation>-1.7237287382143307, -1.5784802657676857, -4.322525608175182</translation><rotation><c1>1, 0, 0</c1><c2>0, 1, 0</c2><c3>0, 0, 1</c3></rotation></pose><symmetry><x>twoFold</x><y>cylindrical</y><z>twoFold</z></symmetry><detectionScore>-1.0</detectionScore></element><element><id>6</id><category>coffee_table</category><bounds><corner1>-0.4362232874290002, -0.603461843088007, -0.40184740322375223</corner1><corner2>0.4362232874290002, 0.603461843088007, 0.40184740322375223</corner2></bounds><pose><translation>-3.076864354763564, -1.430425251590538, 1.3924188285326247</translation><rotation><c1>1, 0, 0</c1><c2>0, 1, 0</c2><c3>0, 0, 1</c3></rotation></pose><symmetry><x>twoFold</x><y>cylindrical</y><z>twoFold</z></symmetry><detectionScore>-1.0</detectionScore></element><element><id>7</id><category>stairs</category><bounds><corner1>-3.4607670622648365, -1.214583735556106, -1.0948734596718035</corner1><corner2>3.4607670622648365, 1.214583735556106, 1.0948734596718035</corner2></bounds><pose><translation>4.025988195349065, 0.16447264224150018, -2.4062279940662563</translation><rotation><c1>1, 0, 0</c1><c2>0, 1, 0</c2><c3>0, 0, 1</c3></rotation></pose><symmetry><x>twoFold</x><y>cylindrical</y><z>twoFold</z></symmetry><detectionScore>-1.0</detectionScore></element><element><id>8</id><category>door</category><bounds><corner1>-3.451515047791026, -1.4989018418642968, -0.7246927522282913</corner1><corner2>3.451515047791026, 1.4989018418642968, 0.7246927522282913</corner2></bounds><pose><translation>4.0352402098228755, -0.4780661849694284, -2.6446333599006517</translation><rotation><c1>1, 0, 0</c1><c2>0, 1, 0</c2><c3>0, 0, 1</c3></rotation></pose><symmetry><x>twoFold</x><y>cylindrical</y><z>twoFold</z></symmetry><detectionScore>-1.0</detectionScore></element><element><id>9</id><category>game_table</category><bounds><corner1>-1.3483898552520854, -0.8472804889693636, -3.0588232805704436</corner1><corner2>1.3483898552520854, 0.8472804889693636, 3.0588232805704436</corner2></bounds><pose><translation>-1.8540337723136768, -1.379612821060808, -4.834892766583194</translation><rotation><c1>1, 0, 0</c1><c2>0, 1, 0</c2><c3>0, 0, 1</c3></rotation></pose><symmetry><x>twoFold</x><y>cylindrical</y><z>twoFold</z></symmetry><detectionScore>-1.0</detectionScore></element><element><id>10</id><category>window</category><bounds><corner1>-1.2147450224782346, -1.4763486455685606, -0.2315217996765082</corner1><corner2>1.2147450224782346, 1.4763486455685606, 0.2315217996765082</corner2></bounds><pose><translation>-0.35625956977601775, -0.11567702390234248, 1.8460887213891108</translation><rotation><c1>1, 0, 0</c1><c2>0, 1, 0</c2><c3>0, 0, 1</c3></rotation></pose><symmetry><x>twoFold</x><y>cylindrical</y><z>twoFold</z></symmetry><detectionScore>-1.0</detectionScore></element><element><id>11</id><category>curtain</category><bounds><corner1>-1.3830168906603537, -1.4164778105014273, -0.23400244850914986</corner1><corner2>1.3830168906603537, 1.4164778105014273, 0.23400244850914986</corner2></bounds><pose><translation>-0.20547594753733925, 0.020243861028280616, 1.8436080725564692</translation><rotation><c1>1, 0, 0</c1><c2>0, 1, 0</c2><c3>0, 0, 1</c3></rotation></pose><symmetry><x>twoFold</x><y>cylindrical</y><z>twoFold</z></symmetry><detectionScore>-1.0</detectionScore></element><element><id>12</id><category>wall</category><bounds><corner1>-3.4652150551377847, -1.5645732037417799, -2.2616908181163984</corner1><corner2>3.4652150551377847, 1.5645732037417799, 2.2616908181163984</corner2></bounds><pose><translation>4.021540202476117, -0.19421100564285873, -0.5263666176041973</translation><rotation><c1>1, 0, 0</c1><c2>0, 1, 0</c2><c3>0, 0, 1</c3></rotation></pose><symmetry><x>twoFold</x><y>cylindrical</y><z>twoFold</z></symmetry><detectionScore>-1.0</detectionScore></element><element><id>13</id><category>kitchen_cabinet</category><bounds><corner1>-0.9067598508773511, -0.34782184593061616, -1.4987372384834003</corner1><corner2>0.9067598508773511, 0.34782184593061616, 1.4987372384834003</corner2></bounds><pose><translation>-2.667329831764284, -0.9258959090186688, -4.871836968936942</translation><rotation><c1>1, 0, 0</c1><c2>0, 1, 0</c2><c3>0, 0, 1</c3></rotation></pose><symmetry><x>twoFold</x><y>cylindrical</y><z>twoFold</z></symmetry><detectionScore>-1.0</detectionScore></element><element><id>14</id><category>wall</category><bounds><corner1>-0.15066826729574156, -1.535997996831078, -1.4002285738229787</corner1><corner2>0.15066826729574156, 1.535997996831078, 1.4002285738229787</corner2></bounds><pose><translation>3.7992402645155376, -0.2097341497326404, -6.387621518033273</translation><rotation><c1>1, 0, 0</c1><c2>0, 1, 0</c2><c3>0, 0, 1</c3></rotation></pose><symmetry><x>twoFold</x><y>cylindrical</y><z>twoFold</z></symmetry><detectionScore>-1.0</detectionScore></element><element><id>15</id><category>dresser</category><bounds><corner1>-1.2586864436958591, -0.6668197825098386, -1.5243654903426633</corner1><corner2>1.2586864436958591, 0.6668197825098386, 1.5243654903426633</corner2></bounds><pose><translation>-1.7988711447442463, -1.2248071400286331, -4.888277717857494</translation><rotation><c1>1, 0, 0</c1><c2>0, 1, 0</c2><c3>0, 0, 1</c3></rotation></pose><symmetry><x>twoFold</x><y>cylindrical</y><z>twoFold</z></symmetry><detectionScore>-1.0</detectionScore></element><element><id>16</id><category>wall</category><bounds><corner1>-3.4705016796426404, -1.486252460373692, -0.7403263430645464</corner1><corner2>3.4705016796426404, 1.486252460373692, 0.7403263430645464</corner2></bounds><pose><translation>4.016253577971261, -0.16218482634029524, -2.295912284637313</translation><rotation><c1>1, 0, 0</c1><c2>0, 1, 0</c2><c3>0, 0, 1</c3></rotation></pose><symmetry><x>twoFold</x><y>cylindrical</y><z>twoFold</z></symmetry><detectionScore>-1.0</detectionScore></element></elements></scene>