<?xml version='1.0' encoding='utf-8'?>
<scene xmlns:sumo="https://www.sumochallenge.org"><version>2.0</version><categories><id>fb_categories_v1.0</id><url>https://sumochallenge.org/en/categories-1_0.json</url></categories><project_type>bounding_box</project_type><elements><element><id>6</id><category>wall</category><bounds><corner1>-2.30724491, -1.19067071, -1.8136074 </corner1><corner2>2.30724491, 1.19067071, 1.8136074 </corner2></bounds><pose><translation>-8.55581392, -0.02485748,  1.90500035</translation><rotation><c1>1., 0., 0.</c1><c2>0., 1., 0.</c2><c3>0., 0., 1.</c3></rotation></pose><symmetry><x>none</x><y>none</y><z>none</z></symmetry><detectionScore>-1</detectionScore></element><element><id>7</id><category>wall</category><bounds><corner1>-2.59499904, -1.26787991, -0.07833657</corner1><corner2>2.59499904, 1.26787991, 0.07833657</corner2></bounds><pose><translation>-6.4371526 , -0.07978062,  3.88618009</translation><rotation><c1>1., 0., 0.</c1><c2>0., 1., 0.</c2><c3>0., 0., 1.</c3></rotation></pose><symmetry><x>none</x><y>none</y><z>none</z></symmetry><detectionScore>-1</detectionScore></element><element><id>5</id><category>sofa</category><bounds><corner1>-0.78164429, -0.47526452, -0.99667603</corner1><corner2>0.78164429, 0.47526452, 0.99667603</corner2></bounds><pose><translation>-4.10291501, -1.09662151, -0.43153525</translation><rotation><c1>1., 0., 0.</c1><c2>0., 1., 0.</c2><c3>0., 0., 1.</c3></rotation></pose><symmetry><x>none</x><y>none</y><z>none</z></symmetry><detectionScore>-1</detectionScore></element><element><id>3</id><category>chandelier</category><bounds><corner1>-0.53492017, -0.02355207, -1.39339522</corner1><corner2>0.53492017, 0.02355207, 1.39339522</corner2></bounds><pose><translation>-3.13292961,  1.18432215,  0.89967885</translation><rotation><c1>1., 0., 0.</c1><c2>0., 1., 0.</c2><c3>0., 0., 1.</c3></rotation></pose><symmetry><x>none</x><y>none</y><z>none</z></symmetry><detectionScore>-1</detectionScore></element><element><id>9</id><category>sofa</category><bounds><corner1>-2.24451677, -0.36998369, -2.14775574</corner1><corner2>2.24451677, 0.36998369, 2.14775574</corner2></bounds><pose><translation>-3.57351718, -0.9108545 ,  2.29592414</translation><rotation><c1>1., 0., 0.</c1><c2>0., 1., 0.</c2><c3>0., 0., 1.</c3></rotation></pose><symmetry><x>none</x><y>none</y><z>none</z></symmetry><detectionScore>-1</detectionScore></element><element><id>4</id><category>wall</category><bounds><corner1>-0.83475117, -1.06344827, -2.76656259</corner1><corner2>0.83475117, 1.06344827, 2.76656259</corner2></bounds><pose><translation> 0.18872014, -0.08259689,  3.92823332</translation><rotation><c1>1., 0., 0.</c1><c2>0., 1., 0.</c2><c3>0., 0., 1.</c3></rotation></pose><symmetry><x>none</x><y>none</y><z>none</z></symmetry><detectionScore>-1</detectionScore></element><element><id>2</id><category>chandelier</category><bounds><corner1>-1.22365821, -0.03228376, -3.67254855</corner1><corner2>1.22365821, 0.03228376, 3.67254855</corner2></bounds><pose><translation>-3.93442987,  1.17420049,  5.75502129</translation><rotation><c1>1., 0., 0.</c1><c2>0., 1., 0.</c2><c3>0., 0., 1.</c3></rotation></pose><symmetry><x>none</x><y>none</y><z>none</z></symmetry><detectionScore>-1</detectionScore></element><element><id>1</id><category>table_and_chair</category><bounds><corner1>-0.9887169 , -0.5458681 , -3.01340617</corner1><corner2>0.9887169 , 0.5458681 , 3.01340617</corner2></bounds><pose><translation>-3.31845437, -1.1531424 ,  4.76002635</translation><rotation><c1>1., 0., 0.</c1><c2>0., 1., 0.</c2><c3>0., 0., 1.</c3></rotation></pose><symmetry><x>none</x><y>none</y><z>none</z></symmetry><detectionScore>-1</detectionScore></element><element><id>8</id><category>stairs</category><bounds><corner1>-0.56195691, -0.97367265, -3.29944062</corner1><corner2>0.56195691, 0.97367265, 3.29944062</corner2></bounds><pose><translation>0.66310928, 0.22429395, 3.19108214</translation><rotation><c1>1., 0., 0.</c1><c2>0., 1., 0.</c2><c3>0., 0., 1.</c3></rotation></pose><symmetry><x>none</x><y>none</y><z>none</z></symmetry><detectionScore>-1</detectionScore></element></elements></scene>