<?xml version='1.0' encoding='utf-8'?>
<scene xmlns:sumo="https://www.sumochallenge.org"><version>2.0</version><categories><id>fb_categories_v1.0</id><url>https://sumochallenge.org/en/categories-1_0.json</url></categories><project_type>bounding_box</project_type><elements><element><id>30</id><category>floor_lamp</category><bounds><corner1>-3.03133075, -1.44807985,  3.17725088</corner1><corner2>-2.01107927,  0.31761791,  4.83438718</corner2></bounds><pose><translation>0., 0., 0.</translation><rotation><c1>1., 0., 0.</c1><c2>0., 1., 0.</c2><c3>0., 0., 1.</c3></rotation></pose><symmetry><x>none</x><y>none</y><z>none</z></symmetry><detectionScore>-1</detectionScore></element><element><id>25</id><category>chandelier</category><bounds><corner1> 0.86573761,  0.636746  , -3.51929023</corner1><corner2> 1.85049969,  1.20747438, -2.16004285</corner2></bounds><pose><translation>0., 0., 0.</translation><rotation><c1>1., 0., 0.</c1><c2>0., 1., 0.</c2><c3>0., 0., 1.</c3></rotation></pose><symmetry><x>none</x><y>none</y><z>none</z></symmetry><detectionScore>-1</detectionScore></element><element><id>18</id><category>chandelier</category><bounds><corner1> 0.93350318,  0.87598624, -2.78112252</corner1><corner2> 1.82306309,  1.21159099, -1.81908409</corner2></bounds><pose><translation>0., 0., 0.</translation><rotation><c1>1., 0., 0.</c1><c2>0., 1., 0.</c2><c3>0., 0., 1.</c3></rotation></pose><symmetry><x>none</x><y>none</y><z>none</z></symmetry><detectionScore>-1</detectionScore></element><element><id>21</id><category>chair</category><bounds><corner1>-3.03424831, -1.05918906, -2.56165011</corner1><corner2>-1.51306303, -0.41739388, -0.90276921</corner2></bounds><pose><translation>0., 0., 0.</translation><rotation><c1>1., 0., 0.</c1><c2>0., 1., 0.</c2><c3>0., 0., 1.</c3></rotation></pose><symmetry><x>none</x><y>none</y><z>none</z></symmetry><detectionScore>-1</detectionScore></element><element><id>19</id><category>table_lamp</category><bounds><corner1>-3.04997442, -0.87449742,  0.88674785</corner1><corner2>-1.66621758, -0.02019709,  2.16379742</corner2></bounds><pose><translation>0., 0., 0.</translation><rotation><c1>1., 0., 0.</c1><c2>0., 1., 0.</c2><c3>0., 0., 1.</c3></rotation></pose><symmetry><x>none</x><y>none</y><z>none</z></symmetry><detectionScore>-1</detectionScore></element><element><id>17</id><category>wall</category><bounds><corner1>0.25694044, 0.5557927 , 1.23419276</corner1><corner2>0.91364599, 1.2078776 , 3.62090895</corner2></bounds><pose><translation>0., 0., 0.</translation><rotation><c1>1., 0., 0.</c1><c2>0., 1., 0.</c2><c3>0., 0., 1.</c3></rotation></pose><symmetry><x>none</x><y>none</y><z>none</z></symmetry><detectionScore>-1</detectionScore></element><element><id>31</id><category>floor_lamp</category><bounds><corner1>-3.04783837, -0.9226854 ,  0.87083402</corner1><corner2>-1.53107112,  0.03220339,  2.1461879 </corner2></bounds><pose><translation>0., 0., 0.</translation><rotation><c1>1., 0., 0.</c1><c2>0., 1., 0.</c2><c3>0., 0., 1.</c3></rotation></pose><symmetry><x>none</x><y>none</y><z>none</z></symmetry><detectionScore>-1</detectionScore></element><element><id>6</id><category>wall</category><bounds><corner1> 0.3911507 , -0.88887409,  2.80979702</corner1><corner2>0.92562907, 0.90189187, 4.9102396 </corner2></bounds><pose><translation>0., 0., 0.</translation><rotation><c1>1., 0., 0.</c1><c2>0., 1., 0.</c2><c3>0., 0., 1.</c3></rotation></pose><symmetry><x>none</x><y>none</y><z>none</z></symmetry><detectionScore>-1</detectionScore></element><element><id>35</id><category>chair</category><bounds><corner1>-1.57703308, -1.46711729, -3.48112695</corner1><corner2>-0.13940921, -0.4961363 , -1.09096639</corner2></bounds><pose><translation>0., 0., 0.</translation><rotation><c1>1., 0., 0.</c1><c2>0., 1., 0.</c2><c3>0., 0., 1.</c3></rotation></pose><symmetry><x>none</x><y>none</y><z>none</z></symmetry><detectionScore>-1</detectionScore></element><element><id>8</id><category>tv_stand</category><bounds><corner1> 0.45721848, -1.42822301,  2.37102997</corner1><corner2>0.9248237 , 0.342194  , 4.88813483</corner2></bounds><pose><translation>0., 0., 0.</translation><rotation><c1>1., 0., 0.</c1><c2>0., 1., 0.</c2><c3>0., 0., 1.</c3></rotation></pose><symmetry><x>none</x><y>none</y><z>none</z></symmetry><detectionScore>-1</detectionScore></element><element><id>34</id><category>chair</category><bounds><corner1>-2.50299362, -1.00545046, -3.4949645 </corner1><corner2>-0.6058781 , -0.35594671, -1.11397154</corner2></bounds><pose><translation>0., 0., 0.</translation><rotation><c1>1., 0., 0.</c1><c2>0., 1., 0.</c2><c3>0., 0., 1.</c3></rotation></pose><symmetry><x>none</x><y>none</y><z>none</z></symmetry><detectionScore>-1</detectionScore></element><element><id>7</id><category>chandelier</category><bounds><corner1> 0.94359969,  0.78592099, -3.50448761</corner1><corner2> 2.12370744,  1.21150575, -2.09057444</corner2></bounds><pose><translation>0., 0., 0.</translation><rotation><c1>1., 0., 0.</c1><c2>0., 1., 0.</c2><c3>0., 0., 1.</c3></rotation></pose><symmetry><x>none</x><y>none</y><z>none</z></symmetry><detectionScore>-1</detectionScore></element><element><id>16</id><category>tv_stand</category><bounds><corner1> 0.33600202, -1.46644513,  2.18588218</corner1><corner2> 0.92532099, -0.49460752,  4.15315383</corner2></bounds><pose><translation>0., 0., 0.</translation><rotation><c1>1., 0., 0.</c1><c2>0., 1., 0.</c2><c3>0., 0., 1.</c3></rotation></pose><symmetry><x>none</x><y>none</y><z>none</z></symmetry><detectionScore>-1</detectionScore></element><element><id>10</id><category>vase</category><bounds><corner1>-2.41392178, -0.86298208, -3.51908315</corner1><corner2>-0.98616218, -0.18035712, -1.66996914</corner2></bounds><pose><translation>0., 0., 0.</translation><rotation><c1>1., 0., 0.</c1><c2>0., 1., 0.</c2><c3>0., 0., 1.</c3></rotation></pose><symmetry><x>none</x><y>none</y><z>none</z></symmetry><detectionScore>-1</detectionScore></element><element><id>33</id><category>window</category><bounds><corner1>-2.73947762, -1.1437513 ,  4.03617021</corner1><corner2>-1.40883629,  1.01765756,  4.83372283</corner2></bounds><pose><translation>0., 0., 0.</translation><rotation><c1>1., 0., 0.</c1><c2>0., 1., 0.</c2><c3>0., 0., 1.</c3></rotation></pose><symmetry><x>none</x><y>none</y><z>none</z></symmetry><detectionScore>-1</detectionScore></element><element><id>26</id><category>armchair</category><bounds><corner1>-2.07842055, -1.46220218,  1.05497913</corner1><corner2> 0.24675284, -0.55895577,  4.69496534</corner2></bounds><pose><translation>0., 0., 0.</translation><rotation><c1>1., 0., 0.</c1><c2>0., 1., 0.</c2><c3>0., 0., 1.</c3></rotation></pose><symmetry><x>none</x><y>none</y><z>none</z></symmetry><detectionScore>-1</detectionScore></element><element><id>22</id><category>chandelier</category><bounds><corner1>-2.57084502,  0.15208559, -3.51219573</corner1><corner2>-0.67576285,  1.21076678, -1.51902957</corner2></bounds><pose><translation>0., 0., 0.</translation><rotation><c1>1., 0., 0.</c1><c2>0., 1., 0.</c2><c3>0., 0., 1.</c3></rotation></pose><symmetry><x>none</x><y>none</y><z>none</z></symmetry><detectionScore>-1</detectionScore></element><element><id>23</id><category>window</category><bounds><corner1> 0.88664457, -0.69759241, -3.55225769</corner1><corner2> 2.62776336,  0.99755591, -1.02499529</corner2></bounds><pose><translation>0., 0., 0.</translation><rotation><c1>1., 0., 0.</c1><c2>0., 1., 0.</c2><c3>0., 0., 1.</c3></rotation></pose><symmetry><x>none</x><y>none</y><z>none</z></symmetry><detectionScore>-1</detectionScore></element><element><id>11</id><category>dresser</category><bounds><corner1>-2.86082989, -1.36827411, -1.53714575</corner1><corner2>-0.92844089, -0.48196736, -0.31133852</corner2></bounds><pose><translation>0., 0., 0.</translation><rotation><c1>1., 0., 0.</c1><c2>0., 1., 0.</c2><c3>0., 0., 1.</c3></rotation></pose><symmetry><x>none</x><y>none</y><z>none</z></symmetry><detectionScore>-1</detectionScore></element><element><id>2</id><category>coffee_table</category><bounds><corner1>-2.31896854, -1.45779265,  0.7437539 </corner1><corner2>-1.53385626, -0.91919504,  1.08910178</corner2></bounds><pose><translation>0., 0., 0.</translation><rotation><c1>1., 0., 0.</c1><c2>0., 1., 0.</c2><c3>0., 0., 1.</c3></rotation></pose><symmetry><x>none</x><y>none</y><z>none</z></symmetry><detectionScore>-1</detectionScore></element><element><id>14</id><category>wall</category><bounds><corner1> 0.88580007, -1.14539918, -3.52914035</corner1><corner2> 2.58614806,  1.18968461, -0.97698565</corner2></bounds><pose><translation>0., 0., 0.</translation><rotation><c1>1., 0., 0.</c1><c2>0., 1., 0.</c2><c3>0., 0., 1.</c3></rotation></pose><symmetry><x>none</x><y>none</y><z>none</z></symmetry><detectionScore>-1</detectionScore></element><element><id>9</id><category>kitchen_cabinet</category><bounds><corner1>-2.57593358, -1.44481148, -1.48529642</corner1><corner2>-0.89099126, -0.48214698, -0.31128645</corner2></bounds><pose><translation>0., 0., 0.</translation><rotation><c1>1., 0., 0.</c1><c2>0., 1., 0.</c2><c3>0., 0., 1.</c3></rotation></pose><symmetry><x>none</x><y>none</y><z>none</z></symmetry><detectionScore>-1</detectionScore></element><element><id>36</id><category>chandelier</category><bounds><corner1> 0.87396565,  0.87312405, -2.1488912 </corner1><corner2> 1.58148894,  1.21037414, -1.40705466</corner2></bounds><pose><translation>0., 0., 0.</translation><rotation><c1>1., 0., 0.</c1><c2>0., 1., 0.</c2><c3>0., 0., 1.</c3></rotation></pose><symmetry><x>none</x><y>none</y><z>none</z></symmetry><detectionScore>-1</detectionScore></element><element><id>39</id><category>ottoman</category><bounds><corner1>-2.30803682, -1.45498924,  0.74615986</corner1><corner2>-1.53357764, -0.91340062,  1.08921703</corner2></bounds><pose><translation>0., 0., 0.</translation><rotation><c1>1., 0., 0.</c1><c2>0., 1., 0.</c2><c3>0., 0., 1.</c3></rotation></pose><symmetry><x>none</x><y>none</y><z>none</z></symmetry><detectionScore>-1</detectionScore></element><element><id>20</id><category>sofa</category><bounds><corner1>-2.13266971, -1.45995529,  1.06002483</corner1><corner2> 0.08414988, -0.55773638,  4.78576548</corner2></bounds><pose><translation>0., 0., 0.</translation><rotation><c1>1., 0., 0.</c1><c2>0., 1., 0.</c2><c3>0., 0., 1.</c3></rotation></pose><symmetry><x>none</x><y>none</y><z>none</z></symmetry><detectionScore>-1</detectionScore></element><element><id>5</id><category>wall</category><bounds><corner1> 0.87501854, -1.25499828, -0.22814655</corner1><corner2>4.9528624 , 1.06445116, 0.51551236</corner2></bounds><pose><translation>0., 0., 0.</translation><rotation><c1>1., 0., 0.</c1><c2>0., 1., 0.</c2><c3>0., 0., 1.</c3></rotation></pose><symmetry><x>none</x><y>none</y><z>none</z></symmetry><detectionScore>-1</detectionScore></element><element><id>24</id><category>kitchen_cabinet</category><bounds><corner1> 0.90640619, -1.46771833, -2.96582224</corner1><corner2> 2.14509118, -0.57149553, -2.34501523</corner2></bounds><pose><translation>0., 0., 0.</translation><rotation><c1>1., 0., 0.</c1><c2>0., 1., 0.</c2><c3>0., 0., 1.</c3></rotation></pose><symmetry><x>none</x><y>none</y><z>none</z></symmetry><detectionScore>-1</detectionScore></element><element><id>38</id><category>curtain</category><bounds><corner1>-2.84515176, -1.26736472,  3.76266972</corner1><corner2>-1.13464269,  1.13737556,  4.94438959</corner2></bounds><pose><translation>0., 0., 0.</translation><rotation><c1>1., 0., 0.</c1><c2>0., 1., 0.</c2><c3>0., 0., 1.</c3></rotation></pose><symmetry><x>none</x><y>none</y><z>none</z></symmetry><detectionScore>-1</detectionScore></element><element><id>12</id><category>window</category><bounds><corner1>-1.07725931, -1.01234268,  4.603464  </corner1><corner2>0.45341021, 1.07362903, 4.88723781</corner2></bounds><pose><translation>0., 0., 0.</translation><rotation><c1>1., 0., 0.</c1><c2>0., 1., 0.</c2><c3>0., 0., 1.</c3></rotation></pose><symmetry><x>none</x><y>none</y><z>none</z></symmetry><detectionScore>-1</detectionScore></element><element><id>29</id><category>door</category><bounds><corner1> 0.48588552, -0.96157549,  2.58395655</corner1><corner2>0.92628389, 0.68219037, 4.5879436 </corner2></bounds><pose><translation>0., 0., 0.</translation><rotation><c1>1., 0., 0.</c1><c2>0., 1., 0.</c2><c3>0., 0., 1.</c3></rotation></pose><symmetry><x>none</x><y>none</y><z>none</z></symmetry><detectionScore>-1</detectionScore></element><element><id>32</id><category>plant</category><bounds><corner1>-3.05198013, -1.46831485, -0.13169207</corner1><corner2>-2.45215232,  0.05496109,  0.53711477</corner2></bounds><pose><translation>0., 0., 0.</translation><rotation><c1>1., 0., 0.</c1><c2>0., 1., 0.</c2><c3>0., 0., 1.</c3></rotation></pose><symmetry><x>none</x><y>none</y><z>none</z></symmetry><detectionScore>-1</detectionScore></element><element><id>15</id><category>door</category><bounds><corner1> 1.70504179, -1.47106803,  0.43650346</corner1><corner2>6.79601568, 1.19057448, 1.84866451</corner2></bounds><pose><translation>0., 0., 0.</translation><rotation><c1>1., 0., 0.</c1><c2>0., 1., 0.</c2><c3>0., 0., 1.</c3></rotation></pose><symmetry><x>none</x><y>none</y><z>none</z></symmetry><detectionScore>-1</detectionScore></element><element><id>4</id><category>coffee_table</category><bounds><corner1>-2.08227455, -1.45868112,  1.05801097</corner1><corner2>-0.03568952, -0.55670397,  4.68444715</corner2></bounds><pose><translation>0., 0., 0.</translation><rotation><c1>1., 0., 0.</c1><c2>0., 1., 0.</c2><c3>0., 0., 1.</c3></rotation></pose><symmetry><x>none</x><y>none</y><z>none</z></symmetry><detectionScore>-1</detectionScore></element><element><id>37</id><category>plant</category><bounds><corner1> 0.89002253, -1.47175571, -2.91796769</corner1><corner2> 1.93675091, -0.67804597, -2.34086302</corner2></bounds><pose><translation>0., 0., 0.</translation><rotation><c1>1., 0., 0.</c1><c2>0., 1., 0.</c2><c3>0., 0., 1.</c3></rotation></pose><symmetry><x>none</x><y>none</y><z>none</z></symmetry><detectionScore>-1</detectionScore></element><element><id>1</id><category>curtain</category><bounds><corner1>-1.24360864, -1.19431482,  4.13303695</corner1><corner2>0.39622409, 1.15284857, 4.92749874</corner2></bounds><pose><translation>0., 0., 0.</translation><rotation><c1>1., 0., 0.</c1><c2>0., 1., 0.</c2><c3>0., 0., 1.</c3></rotation></pose><symmetry><x>none</x><y>none</y><z>none</z></symmetry><detectionScore>-1</detectionScore></element><element><id>28</id><category>picture_frame</category><bounds><corner1>-1.98449936, -0.87960489, -3.51665208</corner1><corner2>-0.43084394,  0.65582296, -1.49999098</corner2></bounds><pose><translation>0., 0., 0.</translation><rotation><c1>1., 0., 0.</c1><c2>0., 1., 0.</c2><c3>0., 0., 1.</c3></rotation></pose><symmetry><x>none</x><y>none</y><z>none</z></symmetry><detectionScore>-1</detectionScore></element><element><id>3</id><category>wall</category><bounds><corner1>-2.48514785, -1.33939228, -3.52408924</corner1><corner2> 0.89016788,  1.16104617, -1.51593772</corner2></bounds><pose><translation>0., 0., 0.</translation><rotation><c1>1., 0., 0.</c1><c2>0., 1., 0.</c2><c3>0., 0., 1.</c3></rotation></pose><symmetry><x>none</x><y>none</y><z>none</z></symmetry><detectionScore>-1</detectionScore></element><element><id>27</id><category>chair</category><bounds><corner1>-2.56684111, -1.46815089, -1.42127667</corner1><corner2>-0.87300906, -0.48677055, -0.31857014</corner2></bounds><pose><translation>0., 0., 0.</translation><rotation><c1>1., 0., 0.</c1><c2>0., 1., 0.</c2><c3>0., 0., 1.</c3></rotation></pose><symmetry><x>none</x><y>none</y><z>none</z></symmetry><detectionScore>-1</detectionScore></element><element><id>13</id><category>wall</category><bounds><corner1>-2.61820357, -1.35602228,  3.70266094</corner1><corner2>0.49217149, 1.1562959 , 4.92492919</corner2></bounds><pose><translation>0., 0., 0.</translation><rotation><c1>1., 0., 0.</c1><c2>0., 1., 0.</c2><c3>0., 0., 1.</c3></rotation></pose><symmetry><x>none</x><y>none</y><z>none</z></symmetry><detectionScore>-1</detectionScore></element></elements></scene>