<?xml version='1.0' encoding='utf-8'?>
<scene xmlns:sumo="https://www.sumochallenge.org"><version>2.0</version><categories><id>fb_categories_v1.0</id><url>https://sumochallenge.org/en/categories-1_0.json</url></categories><project_type>bounding_box</project_type><elements><element><id>4</id><category>sofa</category><bounds><corner1>-0.30084669, -0.42030695, -0.83425009</corner1><corner2>0.30084669, 0.42030695, 0.83425009</corner2></bounds><pose><translation>-3.92675785, -1.01791006, -0.98864445</translation><rotation><c1>1., 0., 0.</c1><c2>0., 1., 0.</c2><c3>0., 0., 1.</c3></rotation></pose><symmetry><x>none</x><y>none</y><z>none</z></symmetry><detectionScore>0.9818408</detectionScore></element><element><id>1</id><category>window</category><bounds><corner1>-0.07937506, -0.65080547, -0.67729226</corner1><corner2>0.07937506, 0.65080547, 0.67729226</corner2></bounds><pose><translation> 4.79013219,  0.04195097, -2.38663023</translation><rotation><c1>1., 0., 0.</c1><c2>0., 1., 0.</c2><c3>0., 0., 1.</c3></rotation></pose><symmetry><x>none</x><y>twoFold</y><z>none</z></symmetry><detectionScore>0.7424158</detectionScore></element><element><id>11</id><category>table_and_chair</category><bounds><corner1>-1.93513066, -0.48730885, -0.85361262</corner1><corner2>1.93513066, 0.48730885, 0.85361262</corner2></bounds><pose><translation> 2.78494438, -1.06724955,  0.43595872</translation><rotation><c1>1., 0., 0.</c1><c2>0., 1., 0.</c2><c3>0., 0., 1.</c3></rotation></pose><symmetry><x>none</x><y>twoFold</y><z>none</z></symmetry><detectionScore>0.6934135</detectionScore></element><element><id>10</id><category>wall</category><bounds><corner1>-2.18535867, -1.21351805, -3.6940446 </corner1><corner2>2.18535867, 1.21351805, 3.6940446 </corner2></bounds><pose><translation>-6.68643248, -0.04593219, -1.99426354</translation><rotation><c1>1., 0., 0.</c1><c2>0., 1., 0.</c2><c3>0., 0., 1.</c3></rotation></pose><symmetry><x>none</x><y>twoFold</y><z>none</z></symmetry><detectionScore>0.93700016</detectionScore></element><element><id>3</id><category>door</category><bounds><corner1>-0.04889967, -0.56054678, -0.0200043 </corner1><corner2>0.04889967, 0.56054678, 0.0200043 </corner2></bounds><pose><translation>-0.54188125, -0.06580311, -0.74099372</translation><rotation><c1>1., 0., 0.</c1><c2>0., 1., 0.</c2><c3>0., 0., 1.</c3></rotation></pose><symmetry><x>twoFold</x><y>twoFold</y><z>twoFold</z></symmetry><detectionScore>0.6185769</detectionScore></element><element><id>2</id><category>refrigerator</category><bounds><corner1>-0.4006213 , -0.90255175, -0.05955981</corner1><corner2>0.4006213 , 0.90255175, 0.05955981</corner2></bounds><pose><translation> 2.08108545, -0.43044402, -3.16977706</translation><rotation><c1>1., 0., 0.</c1><c2>0., 1., 0.</c2><c3>0., 0., 1.</c3></rotation></pose><symmetry><x>none</x><y>none</y><z>twoFold</z></symmetry><detectionScore>0.99753076</detectionScore></element><element><id>7</id><category>plant</category><bounds><corner1>-0.47980474, -0.78637478, -0.06716469</corner1><corner2>0.47980474, 0.78637478, 0.06716469</corner2></bounds><pose><translation>-4.17001651, -0.83784525,  2.12390346</translation><rotation><c1>1., 0., 0.</c1><c2>0., 1., 0.</c2><c3>0., 0., 1.</c3></rotation></pose><symmetry><x>none</x><y>cylindrical</y><z>none</z></symmetry><detectionScore>0.9588513</detectionScore></element><element><id>9</id><category>chair</category><bounds><corner1>-1.05403307, -0.55192217, -0.30526162</corner1><corner2>1.05403307, 0.55192217, 0.30526162</corner2></bounds><pose><translation> 1.73107406, -1.44337036, -0.85467814</translation><rotation><c1>1., 0., 0.</c1><c2>0., 1., 0.</c2><c3>0., 0., 1.</c3></rotation></pose><symmetry><x>none</x><y>none</y><z>none</z></symmetry><detectionScore>0.95404637</detectionScore></element><element><id>8</id><category>wall</category><bounds><corner1>-0.09956648, -1.1470935 , -2.18080834</corner1><corner2>0.09956648, 1.1470935 , 2.18080834</corner2></bounds><pose><translation> 4.73801204, -0.07775448, -1.30351263</translation><rotation><c1>1., 0., 0.</c1><c2>0., 1., 0.</c2><c3>0., 0., 1.</c3></rotation></pose><symmetry><x>none</x><y>twoFold</y><z>none</z></symmetry><detectionScore>0.98793936</detectionScore></element><element><id>6</id><category>floor_lamp</category><bounds><corner1>-3.25570913, -0.99761138, -3.28713698</corner1><corner2>3.25570913, 0.99761138, 3.28713698</corner2></bounds><pose><translation>-4.80469475, -0.73127846, -4.54180068</translation><rotation><c1>1., 0., 0.</c1><c2>0., 1., 0.</c2><c3>0., 0., 1.</c3></rotation></pose><symmetry><x>none</x><y>cylindrical</y><z>none</z></symmetry><detectionScore>0.65491617</detectionScore></element></elements></scene>