<?xml version='1.0' encoding='utf-8'?>
<scene xmlns:sumo="https://www.sumochallenge.org"><version>2.0</version><categories><id>fb_categories_v1_0</id><url>https://sumochallenge.org/en/categories-1_0.json</url></categories><project_type>bounding_box</project_type><elements><element><id>0</id><category>sofa</category><bounds><corner1>-2.0347839014988796, -0.5795521627008514, -1.582722950420555</corner1><corner2>2.0347839014988796, 0.5795521627008514, 1.582722950420555</corner2></bounds><pose><translation>-4.174033119765657, -1.08270614005318, -0.5710668357630071</translation><rotation><c1>1, 0, 0</c1><c2>0, 1, 0</c2><c3>0, 0, 1</c3></rotation></pose><symmetry><x>twoFold</x><y>cylindrical</y><z>twoFold</z></symmetry><detectionScore>-1.0</detectionScore></element><element><id>1</id><category>wall</category><bounds><corner1>-3.2261347477408906, -1.3690307177888654, -3.8662976738106885</corner1><corner2>3.2261347477408906, 1.3690307177888654, 3.8662976738106885</corner2></bounds><pose><translation>-4.290855384393777, -0.10737558277578897, 11.978646248767411</translation><rotation><c1>1, 0, 0</c1><c2>0, 1, 0</c2><c3>0, 0, 1</c3></rotation></pose><symmetry><x>twoFold</x><y>cylindrical</y><z>twoFold</z></symmetry><detectionScore>-1.0</detectionScore></element><element><id>2</id><category>fireplace</category><bounds><corner1>-2.67453716320828, -0.4189133176426332, -1.628759012958379</corner1><corner2>2.67453716320828, 0.4189133176426332, 1.628759012958379</corner2></bounds><pose><translation>-4.546757190140841, -0.9564537118595445, -2.572571927918692</translation><rotation><c1>1, 0, 0</c1><c2>0, 1, 0</c2><c3>0, 0, 1</c3></rotation></pose><symmetry><x>twoFold</x><y>cylindrical</y><z>twoFold</z></symmetry><detectionScore>-1.0</detectionScore></element><element><id>3</id><category>chessboard</category><bounds><corner1>-0.2664704866453578, -0.14553049094252102, -0.5875590933554211</corner1><corner2>0.2664704866453578, 0.14553049094252102, 0.5875590933554211</corner2></bounds><pose><translation>-1.881132179703855, -1.2168189777908134, -0.08972724096633267</translation><rotation><c1>1, 0, 0</c1><c2>0, 1, 0</c2><c3>0, 0, 1</c3></rotation></pose><symmetry><x>twoFold</x><y>cylindrical</y><z>twoFold</z></symmetry><detectionScore>-1.0</detectionScore></element><element><id>4</id><category>coffee_table</category><bounds><corner1>-0.29738056252817713, -0.45850434330901313, -3.619702279374028</corner1><corner2>0.29738056252817713, 0.45850434330901313, 3.619702279374028</corner2></bounds><pose><translation>-1.2417738291388065, -1.0700792679659732, 2.7873218469468144</translation><rotation><c1>1, 0, 0</c1><c2>0, 1, 0</c2><c3>0, 0, 1</c3></rotation></pose><symmetry><x>twoFold</x><y>cylindrical</y><z>twoFold</z></symmetry><detectionScore>-1.0</detectionScore></element><element><id>5</id><category>wall</category><bounds><corner1>-1.030090275452463, -1.4696812393506278, -0.924211907443047</corner1><corner2>1.030090275452463, 1.4696812393506278, 0.924211907443047</corner2></bounds><pose><translation>-1.8854457873424952, -0.2104363465126524, -3.7521300153263324</translation><rotation><c1>1, 0, 0</c1><c2>0, 1, 0</c2><c3>0, 0, 1</c3></rotation></pose><symmetry><x>twoFold</x><y>cylindrical</y><z>twoFold</z></symmetry><detectionScore>-1.0</detectionScore></element><element><id>6</id><category>wall</category><bounds><corner1>-0.4813379132568807, -1.3537789038465387, -5.678399681426321</corner1><corner2>0.4813379132568807, 1.3537789038465387, 5.678399681426321</corner2></bounds><pose><translation>1.3249529005141432, -0.06855630635975012, 5.438442109559467</translation><rotation><c1>1, 0, 0</c1><c2>0, 1, 0</c2><c3>0, 0, 1</c3></rotation></pose><symmetry><x>twoFold</x><y>cylindrical</y><z>twoFold</z></symmetry><detectionScore>-1.0</detectionScore></element><element><id>7</id><category>wall</category><bounds><corner1>-2.3912858639438723, -1.5700872381215172, -1.9157777729439278</corner1><corner2>2.3912858639438723, 1.5700872381215172, 1.9157777729439278</corner2></bounds><pose><translation>-0.5035408266175699, -0.18096873181137546, -3.737434224640883</translation><rotation><c1>1, 0, 0</c1><c2>0, 1, 0</c2><c3>0, 0, 1</c3></rotation></pose><symmetry><x>twoFold</x><y>cylindrical</y><z>twoFold</z></symmetry><detectionScore>-1.0</detectionScore></element><element><id>8</id><category>piano</category><bounds><corner1>-0.8547030155682244, -0.47984204595605146, -11.1779432299729</corner1><corner2>0.8547030155682244, 0.47984204595605146, 11.1779432299729</corner2></bounds><pose><translation>-1.7105549079936582, -0.9476430435986051, 4.602933424948058</translation><rotation><c1>1, 0, 0</c1><c2>0, 1, 0</c2><c3>0, 0, 1</c3></rotation></pose><symmetry><x>twoFold</x><y>cylindrical</y><z>twoFold</z></symmetry><detectionScore>-1.0</detectionScore></element><element><id>9</id><category>door</category><bounds><corner1>-0.40201852458119713, -1.9858505185351047, -5.7913147742351025</corner1><corner2>0.40201852458119713, 1.9858505185351047, 5.7913147742351025</corner2></bounds><pose><translation>1.5604572799511758, -0.6509630617709025, 2.895518935466129</translation><rotation><c1>1, 0, 0</c1><c2>0, 1, 0</c2><c3>0, 0, 1</c3></rotation></pose><symmetry><x>twoFold</x><y>cylindrical</y><z>twoFold</z></symmetry><detectionScore>-1.0</detectionScore></element><element><id>10</id><category>armchair</category><bounds><corner1>-2.514546873502163, -0.5788704087086018, -6.707241895090854</corner1><corner2>2.514546873502163, 0.5788704087086018, 6.707241895090854</corner2></bounds><pose><translation>-3.663624979889924, -0.9908946619489254, 6.366623525409405</translation><rotation><c1>1, 0, 0</c1><c2>0, 1, 0</c2><c3>0, 0, 1</c3></rotation></pose><symmetry><x>twoFold</x><y>cylindrical</y><z>twoFold</z></symmetry><detectionScore>-1.0</detectionScore></element><element><id>11</id><category>door</category><bounds><corner1>-3.2269123525811487, -1.4062579126598695, -1.8415490363602287</corner1><corner2>3.2269123525811487, 1.4062579126598695, 1.8415490363602287</corner2></bounds><pose><translation>-4.888656015037348, -0.5380669424195348, 2.7439485077913717</translation><rotation><c1>1, 0, 0</c1><c2>0, 1, 0</c2><c3>0, 0, 1</c3></rotation></pose><symmetry><x>twoFold</x><y>cylindrical</y><z>twoFold</z></symmetry><detectionScore>-1.0</detectionScore></element><element><id>12</id><category>armchair</category><bounds><corner1>-0.5343999229829193, -0.5396988810490436, -10.743871345250405</corner1><corner2>0.5343999229829193, 0.5396988810490436, 10.743871345250405</corner2></bounds><pose><translation>-1.2434554441902144, -1.024736530696386, 4.123722550255629</translation><rotation><c1>1, 0, 0</c1><c2>0, 1, 0</c2><c3>0, 0, 1</c3></rotation></pose><symmetry><x>twoFold</x><y>cylindrical</y><z>twoFold</z></symmetry><detectionScore>-1.0</detectionScore></element><element><id>13</id><category>door</category><bounds><corner1>-1.4196025456718455, -1.3070207391483395, -2.4745831973940016</corner1><corner2>1.4196025456718455, 1.3070207391483395, 2.4745831973940016</corner2></bounds><pose><translation>-2.8178614880404247, -0.5522120846614023, -4.101529971194514</translation><rotation><c1>1, 0, 0</c1><c2>0, 1, 0</c2><c3>0, 0, 1</c3></rotation></pose><symmetry><x>twoFold</x><y>cylindrical</y><z>twoFold</z></symmetry><detectionScore>-1.0</detectionScore></element><element><id>14</id><category>wall</category><bounds><corner1>-3.1014837566375197, -1.3859636681519594, -4.844992395327459</corner1><corner2>3.1014837566375197, 1.3859636681519594, 4.844992395327459</corner2></bounds><pose><translation>-4.747383713737407, -0.12509212877370618, 8.378431622358091</translation><rotation><c1>1, 0, 0</c1><c2>0, 1, 0</c2><c3>0, 0, 1</c3></rotation></pose><symmetry><x>twoFold</x><y>cylindrical</y><z>twoFold</z></symmetry><detectionScore>-1.0</detectionScore></element><element><id>15</id><category>door</category><bounds><corner1>-0.8241069032242324, -1.6941877648198194, -0.9423734676136708</corner1><corner2>0.8241069032242324, 1.6941877648198194, 0.9423734676136708</corner2></bounds><pose><translation>-0.8955302699518026, -0.601190060496631, -3.5969677141944087</translation><rotation><c1>1, 0, 0</c1><c2>0, 1, 0</c2><c3>0, 0, 1</c3></rotation></pose><symmetry><x>twoFold</x><y>cylindrical</y><z>twoFold</z></symmetry><detectionScore>-1.0</detectionScore></element><element><id>16</id><category>wall</category><bounds><corner1>-1.6749814565516636, -1.466397254422384, -6.641832763909585</corner1><corner2>1.6749814565516636, 1.466397254422384, 6.641832763909585</corner2></bounds><pose><translation>0.08051214725839372, -0.1854972855430092, 9.136151542935332</translation><rotation><c1>1, 0, 0</c1><c2>0, 1, 0</c2><c3>0, 0, 1</c3></rotation></pose><symmetry><x>twoFold</x><y>cylindrical</y><z>twoFold</z></symmetry><detectionScore>-1.0</detectionScore></element><element><id>17</id><category>wall</category><bounds><corner1>-1.0841050853812098, -1.4791794302419732, -2.617517160369665</corner1><corner2>1.0841050853812098, 1.4791794302419732, 2.617517160369665</corner2></bounds><pose><translation>-4.970569238750305, -0.1318931138968394, -0.8339221031730079</translation><rotation><c1>1, 0, 0</c1><c2>0, 1, 0</c2><c3>0, 0, 1</c3></rotation></pose><symmetry><x>twoFold</x><y>cylindrical</y><z>twoFold</z></symmetry><detectionScore>-1.0</detectionScore></element><element><id>18</id><category>door</category><bounds><corner1>-3.3196070519258165, -1.672439372267928, -2.7668351444908383</corner1><corner2>3.3196070519258165, 1.672439372267928, 2.7668351444908383</corner2></bounds><pose><translation>-4.698839078094872, -0.5567183691132127, 5.8080790094686305</translation><rotation><c1>1, 0, 0</c1><c2>0, 1, 0</c2><c3>0, 0, 1</c3></rotation></pose><symmetry><x>twoFold</x><y>cylindrical</y><z>twoFold</z></symmetry><detectionScore>-1.0</detectionScore></element><element><id>19</id><category>dresser</category><bounds><corner1>-2.1492535343441954, -0.4153479188379031, -1.699000229312917</corner1><corner2>2.1492535343441954, 0.4153479188379031, 1.699000229312917</corner2></bounds><pose><translation>-3.6845639945481348, -0.8309865232354084, -3.066807111519276</translation><rotation><c1>1, 0, 0</c1><c2>0, 1, 0</c2><c3>0, 0, 1</c3></rotation></pose><symmetry><x>twoFold</x><y>cylindrical</y><z>twoFold</z></symmetry><detectionScore>-1.0</detectionScore></element><element><id>20</id><category>coffee_table</category><bounds><corner1>-0.39706384064560574, -0.17586007818633909, -0.9383840197619516</corner1><corner2>0.39706384064560574, 0.17586007818633909, 0.9383840197619516</corner2></bounds><pose><translation>-1.8509718554912808, -1.2471485650346315, -0.05102981680750614</translation><rotation><c1>1, 0, 0</c1><c2>0, 1, 0</c2><c3>0, 0, 1</c3></rotation></pose><symmetry><x>twoFold</x><y>cylindrical</y><z>twoFold</z></symmetry><detectionScore>-1.0</detectionScore></element><element><id>21</id><category>stand</category><bounds><corner1>-2.127366594059995, -0.4328817039120527, -1.6840347185331297</corner1><corner2>2.127366594059995, 0.4328817039120527, 1.6840347185331297</corner2></bounds><pose><translation>-3.673036271916248, -0.8342745533562693, -3.063361773462517</translation><rotation><c1>1, 0, 0</c1><c2>0, 1, 0</c2><c3>0, 0, 1</c3></rotation></pose><symmetry><x>twoFold</x><y>cylindrical</y><z>twoFold</z></symmetry><detectionScore>-1.0</detectionScore></element><element><id>22</id><category>wall</category><bounds><corner1>-3.123973488391895, -1.5008730755615474, -2.3938544452147723</corner1><corner2>3.123973488391895, 1.5008730755615474, 2.3938544452147723</corner2></bounds><pose><translation>-4.935353726752479, -0.15199340065469766, 2.2322481013138664</translation><rotation><c1>1, 0, 0</c1><c2>0, 1, 0</c2><c3>0, 0, 1</c3></rotation></pose><symmetry><x>twoFold</x><y>cylindrical</y><z>twoFold</z></symmetry><detectionScore>-1.0</detectionScore></element><element><id>23</id><category>sofa</category><bounds><corner1>-0.9247081740379377, -0.48327043318941576, -10.765543101889264</corner1><corner2>0.9247081740379377, 0.48327043318941576, 10.765543101889264</corner2></bounds><pose><translation>-1.9223361024150862, -0.9683080828367582, 4.570739164047846</translation><rotation><c1>1, 0, 0</c1><c2>0, 1, 0</c2><c3>0, 0, 1</c3></rotation></pose><symmetry><x>twoFold</x><y>cylindrical</y><z>twoFold</z></symmetry><detectionScore>-1.0</detectionScore></element><element><id>24</id><category>door</category><bounds><corner1>-0.48129731269673703, -1.7419622173522742, -5.472645522024836</corner1><corner2>0.48129731269673703, 1.7419622173522742, 5.472645522024836</corner2></bounds><pose><translation>1.3343639112679244, -0.4559322822960839, 3.8504791094288175</translation><rotation><c1>1, 0, 0</c1><c2>0, 1, 0</c2><c3>0, 0, 1</c3></rotation></pose><symmetry><x>twoFold</x><y>cylindrical</y><z>twoFold</z></symmetry><detectionScore>-1.0</detectionScore></element><element><id>25</id><category>fish_tank</category><bounds><corner1>-0.5908827887821197, -1.0121229396840157, -0.366622302806765</corner1><corner2>0.5908827887821197, 1.0121229396840157, 0.366622302806765</corner2></bounds><pose><translation>1.3505056563499187, -0.9562535169264859, -3.019314268261821</translation><rotation><c1>1, 0, 0</c1><c2>0, 1, 0</c2><c3>0, 0, 1</c3></rotation></pose><symmetry><x>twoFold</x><y>cylindrical</y><z>twoFold</z></symmetry><detectionScore>-1.0</detectionScore></element><element><id>26</id><category>wall</category><bounds><corner1>-3.255215238097938, -1.611253303250793, -0.8800195495669056</corner1><corner2>3.255215238097938, 1.611253303250793, 0.8800195495669056</corner2></bounds><pose><translation>-4.89800984257992, -0.29306336776091724, 4.063448360784993</translation><rotation><c1>1, 0, 0</c1><c2>0, 1, 0</c2><c3>0, 0, 1</c3></rotation></pose><symmetry><x>twoFold</x><y>cylindrical</y><z>twoFold</z></symmetry><detectionScore>-1.0</detectionScore></element></elements></scene>