<?xml version='1.0' encoding='utf-8'?>
<scene xmlns:sumo="https://www.sumochallenge.org"><version>2.0</version><categories><id>fb_categories_v1.0</id><url>https://sumochallenge.org/en/categories-1_0.json</url></categories><project_type>bounding_box</project_type><elements><element><id>6</id><category>dresser</category><bounds><corner1>-0.84647589, -0.50635882, -0.46490983</corner1><corner2>0.84647589, 0.50635882, 0.46490983</corner2></bounds><pose><translation> 0.00713337, -0.92562928,  2.43914034</translation><rotation><c1>1., 0., 0.</c1><c2>0., 1., 0.</c2><c3>0., 0., 1.</c3></rotation></pose><symmetry><x>none</x><y>none</y><z>none</z></symmetry><detectionScore>-1</detectionScore></element><element><id>7</id><category>wall</category><bounds><corner1>-1.23407063, -1.18508839, -0.39005602</corner1><corner2>1.23407063, 1.18508839, 0.39005602</corner2></bounds><pose><translation> 0.08514457, -0.0526252 ,  2.55314292</translation><rotation><c1>1., 0., 0.</c1><c2>0., 1., 0.</c2><c3>0., 0., 1.</c3></rotation></pose><symmetry><x>none</x><y>none</y><z>none</z></symmetry><detectionScore>-1</detectionScore></element><element><id>3</id><category>wall</category><bounds><corner1>-3.73183074, -1.31185064, -2.39364598</corner1><corner2>3.73183074, 1.31185064, 2.39364598</corner2></bounds><pose><translation>-6.30090144, -0.18058253,  0.24345218</translation><rotation><c1>1., 0., 0.</c1><c2>0., 1., 0.</c2><c3>0., 0., 1.</c3></rotation></pose><symmetry><x>none</x><y>none</y><z>none</z></symmetry><detectionScore>-1</detectionScore></element><element><id>5</id><category>wall</category><bounds><corner1>-4.46163373, -1.23984586, -0.64300466</corner1><corner2>4.46163373, 1.23984586, 0.64300466</corner2></bounds><pose><translation> 5.50792939, -0.11347467,  0.20142523</translation><rotation><c1>1., 0., 0.</c1><c2>0., 1., 0.</c2><c3>0., 0., 1.</c3></rotation></pose><symmetry><x>none</x><y>none</y><z>none</z></symmetry><detectionScore>-1</detectionScore></element><element><id>9</id><category>wall</category><bounds><corner1>-0.23537462, -1.27092425, -0.04815829</corner1><corner2>0.23537462, 1.27092425, 0.04815829</corner2></bounds><pose><translation>-4.36426807, -0.08646025,  2.91461052</translation><rotation><c1>1., 0., 0.</c1><c2>0., 1., 0.</c2><c3>0., 0., 1.</c3></rotation></pose><symmetry><x>none</x><y>none</y><z>none</z></symmetry><detectionScore>-1</detectionScore></element><element><id>4</id><category>plant</category><bounds><corner1>-0.54103677, -1.0661338 , -5.94495158</corner1><corner2>0.54103677, 1.0661338 , 5.94495158</corner2></bounds><pose><translation>-1.37727014, -0.26718841,  2.97291366</translation><rotation><c1>1., 0., 0.</c1><c2>0., 1., 0.</c2><c3>0., 0., 1.</c3></rotation></pose><symmetry><x>none</x><y>none</y><z>none</z></symmetry><detectionScore>-1</detectionScore></element><element><id>2</id><category>dining_table</category><bounds><corner1>-0.47298472, -0.73520572, -1.25550523</corner1><corner2>0.47298472, 0.73520572, 1.25550523</corner2></bounds><pose><translation>-2.18005195, -1.42196174,  0.37384179</translation><rotation><c1>1., 0., 0.</c1><c2>0., 1., 0.</c2><c3>0., 0., 1.</c3></rotation></pose><symmetry><x>none</x><y>none</y><z>none</z></symmetry><detectionScore>-1</detectionScore></element><element><id>10</id><category>wall</category><bounds><corner1>-0.6617928 , -1.32101569, -0.08430122</corner1><corner2>0.6617928 , 1.32101569, 0.08430122</corner2></bounds><pose><translation>-4.70623758, -0.13131832,  2.88081886</translation><rotation><c1>1., 0., 0.</c1><c2>0., 1., 0.</c2><c3>0., 0., 1.</c3></rotation></pose><symmetry><x>none</x><y>none</y><z>none</z></symmetry><detectionScore>-1</detectionScore></element></elements></scene>