<?xml version='1.0' encoding='utf-8'?>
<scene xmlns:sumo="https://www.sumochallenge.org"><version>2.0</version><categories><id>fb_categories_v1.0</id><url>https://sumochallenge.org/en/categories-1_0.json</url></categories><project_type>bounding_box</project_type><elements><element><id>5</id><category>mirror</category><bounds><corner1>-0.49370537, -1.17938993, -0.68440725</corner1><corner2>0.49370537, 1.17938993, 0.68440725</corner2></bounds><pose><translation>-1.86523622, -0.24578096,  2.71888464</translation><rotation><c1>1., 0., 0.</c1><c2>0., 1., 0.</c2><c3>0., 0., 1.</c3></rotation></pose><symmetry><x>none</x><y>none</y><z>twoFold</z></symmetry><detectionScore>0.87985927</detectionScore></element><element><id>15</id><category>window</category><bounds><corner1>-1.65233481, -0.95886828, -1.22714623</corner1><corner2>1.65233481, 0.95886828, 1.22714623</corner2></bounds><pose><translation>-7.01473589,  0.10253806, -5.59416168</translation><rotation><c1>1., 0., 0.</c1><c2>0., 1., 0.</c2><c3>0., 0., 1.</c3></rotation></pose><symmetry><x>none</x><y>twoFold</y><z>none</z></symmetry><detectionScore>0.64876574</detectionScore></element><element><id>10</id><category>ceiling_fan</category><bounds><corner1>-1.88180265, -0.03210813, -0.68426645</corner1><corner2>1.88180265, 0.03210813, 0.68426645</corner2></bounds><pose><translation>5.60544467, 1.17415875, 3.66839455</translation><rotation><c1>1., 0., 0.</c1><c2>0., 1., 0.</c2><c3>0., 0., 1.</c3></rotation></pose><symmetry><x>none</x><y>cylindrical</y><z>none</z></symmetry><detectionScore>0.5860328</detectionScore></element><element><id>11</id><category>fireplace</category><bounds><corner1>-4.04795973, -1.08494709, -1.55972723</corner1><corner2>4.04795973, 1.08494709, 1.55972723</corner2></bounds><pose><translation>-6.86102312, -0.25293755, -2.8743453 </translation><rotation><c1>1., 0., 0.</c1><c2>0., 1., 0.</c2><c3>0., 0., 1.</c3></rotation></pose><symmetry><x>none</x><y>none</y><z>none</z></symmetry><detectionScore>0.9689873</detectionScore></element><element><id>4</id><category>arch</category><bounds><corner1>-1.74327658, -1.13547996, -5.73852288</corner1><corner2>1.74327658, 1.13547996, 5.73852288</corner2></bounds><pose><translation> 0.30627231, -0.06219562,  7.17878835</translation><rotation><c1>1., 0., 0.</c1><c2>0., 1., 0.</c2><c3>0., 0., 1.</c3></rotation></pose><symmetry><x>none</x><y>twoFold</y><z>none</z></symmetry><detectionScore>0.988236</detectionScore></element><element><id>6</id><category>rug</category><bounds><corner1>-0.52324631, -0.17754671, -0.30307943</corner1><corner2>0.52324631, 0.17754671, 0.30307943</corner2></bounds><pose><translation> 0.28574546, -1.42868068, -2.09800688</translation><rotation><c1>1., 0., 0.</c1><c2>0., 1., 0.</c2><c3>0., 0., 1.</c3></rotation></pose><symmetry><x>none</x><y>twoFold</y><z>none</z></symmetry><detectionScore>0.877597</detectionScore></element><element><id>3</id><category>door</category><bounds><corner1>-1.83898893, -1.07011199, -8.80371222</corner1><corner2>1.83898893, 1.07011199, 8.80371222</corner2></bounds><pose><translation> 0.        ,  0.        , -8.80371222</translation><rotation><c1>1., 0., 0.</c1><c2>0., 1., 0.</c2><c3>0., 0., 1.</c3></rotation></pose><symmetry><x>twoFold</x><y>twoFold</y><z>twoFold</z></symmetry><detectionScore>0.9654209</detectionScore></element><element><id>12</id><category>wall</category><bounds><corner1>-0.13810246, -1.17847036, -3.70866886</corner1><corner2>0.13810246, 1.17847036, 3.70866886</corner2></bounds><pose><translation> 7.47367576e+00, -7.19267165e-03,  1.68980167e-01</translation><rotation><c1>1., 0., 0.</c1><c2>0., 1., 0.</c2><c3>0., 0., 1.</c3></rotation></pose><symmetry><x>none</x><y>twoFold</y><z>none</z></symmetry><detectionScore>0.7272381</detectionScore></element><element><id>2</id><category>window</category><bounds><corner1>-3.26684846, -0.74352082, -4.42978064</corner1><corner2>3.26684846, 0.74352082, 4.42978064</corner2></bounds><pose><translation>-5.96618665,  0.30398372, -8.81623898</translation><rotation><c1>1., 0., 0.</c1><c2>0., 1., 0.</c2><c3>0., 0., 1.</c3></rotation></pose><symmetry><x>none</x><y>twoFold</y><z>none</z></symmetry><detectionScore>0.6112524</detectionScore></element><element><id>1</id><category>kitchen_cabinet</category><bounds><corner1>-2.40251706, -0.53070608, -0.0802035 </corner1><corner2>2.40251706, 0.53070608, 0.0802035 </corner2></bounds><pose><translation> 5.05880766, -0.58517652, -3.06966017</translation><rotation><c1>1., 0., 0.</c1><c2>0., 1., 0.</c2><c3>0., 0., 1.</c3></rotation></pose><symmetry><x>none</x><y>none</y><z>none</z></symmetry><detectionScore>0.7266178</detectionScore></element><element><id>13</id><category>ottoman</category><bounds><corner1>-0.96871654, -0.18483376, -0.06406834</corner1><corner2>0.96871654, 0.18483376, 0.06406834</corner2></bounds><pose><translation> 0.40989957, -1.17423083, -2.34502989</translation><rotation><c1>1., 0., 0.</c1><c2>0., 1., 0.</c2><c3>0., 0., 1.</c3></rotation></pose><symmetry><x>none</x><y>twoFold</y><z>none</z></symmetry><detectionScore>0.6673932</detectionScore></element><element><id>16</id><category>kitchen_cabinet</category><bounds><corner1>-0.80698094, -1.29775948, -0.36657131</corner1><corner2>0.80698094, 1.29775948, 0.36657131</corner2></bounds><pose><translation> 6.72915962, -0.19407536, -3.36534264</translation><rotation><c1>1., 0., 0.</c1><c2>0., 1., 0.</c2><c3>0., 0., 1.</c3></rotation></pose><symmetry><x>none</x><y>none</y><z>none</z></symmetry><detectionScore>0.523367</detectionScore></element><element><id>14</id><category>wall</category><bounds><corner1>-0.42777934, -1.35528362, -1.26935652</corner1><corner2>0.42777934, 1.35528362, 1.26935652</corner2></bounds><pose><translation>-2.25787536, -0.16040738,  1.2112698 </translation><rotation><c1>1., 0., 0.</c1><c2>0., 1., 0.</c2><c3>0., 0., 1.</c3></rotation></pose><symmetry><x>none</x><y>twoFold</y><z>none</z></symmetry><detectionScore>0.96606123</detectionScore></element><element><id>8</id><category>kitchen_cabinet</category><bounds><corner1>-0.11398803, -0.4749015 , -0.05139229</corner1><corner2>0.11398803, 0.4749015 , 0.05139229</corner2></bounds><pose><translation> 4.76835348, -0.75304156, -3.031459  </translation><rotation><c1>1., 0., 0.</c1><c2>0., 1., 0.</c2><c3>0., 0., 1.</c3></rotation></pose><symmetry><x>none</x><y>none</y><z>none</z></symmetry><detectionScore>0.87326026</detectionScore></element><element><id>7</id><category>window</category><bounds><corner1>-2.00094521, -0.95513884, -1.1493802 </corner1><corner2>2.00094521, 0.95513884, 1.1493802 </corner2></bounds><pose><translation>-7.01970164e+00,  6.81048912e-03, -7.49919724e-02</translation><rotation><c1>1., 0., 0.</c1><c2>0., 1., 0.</c2><c3>0., 0., 1.</c3></rotation></pose><symmetry><x>none</x><y>twoFold</y><z>none</z></symmetry><detectionScore>0.97294337</detectionScore></element><element><id>17</id><category>armchair</category><bounds><corner1>-0.49571763, -0.45502012, -0.64680718</corner1><corner2>0.49571763, 0.45502012, 0.64680718</corner2></bounds><pose><translation>-4.13457772, -1.19274396, -0.65924247</translation><rotation><c1>1., 0., 0.</c1><c2>0., 1., 0.</c2><c3>0., 0., 1.</c3></rotation></pose><symmetry><x>none</x><y>none</y><z>none</z></symmetry><detectionScore>0.8793923</detectionScore></element></elements></scene>