<?xml version='1.0' encoding='utf-8'?>
<scene xmlns:sumo="https://www.sumochallenge.org"><version>2.0</version><categories><id>fb_categories_v1_0</id><url>https://sumochallenge.org/en/categories-1_0.json</url></categories><project_type>bounding_box</project_type><elements><element><id>0</id><category>wall</category><bounds><corner1>-3.7160812074919582, -0.7349753247320869, -1.3169107358326513</corner1><corner2>3.7160812074919582, 0.7349753247320869, 1.3169107358326513</corner2></bounds><pose><translation>0.7503052300927986, 10.28666623521102, -0.07397315902375426</translation><rotation><c1>0, 0, 0</c1><c2>0, 0, 0</c2><c3>0, 0, 0</c3></rotation></pose><symmetry><x>twoFold</x><y>cylindrical</y><z>twoFold</z></symmetry><detectionScore>-1.0</detectionScore></element><element><id>1</id><category>partition</category><bounds><corner1>-0.4843274938125859, -4.040966764947433, -0.9158998930089068</corner1><corner2>0.4843274938125859, 4.040966764947433, 0.9158998930089068</corner2></bounds><pose><translation>-3.6585003660815536, 6.752094566272486, -0.020059489316218267</translation><rotation><c1>0, 0, 0</c1><c2>0, 0, 0</c2><c3>0, 0, 0</c3></rotation></pose><symmetry><x>twoFold</x><y>cylindrical</y><z>twoFold</z></symmetry><detectionScore>-1.0</detectionScore></element><element><id>2</id><category>chandelier</category><bounds><corner1>-0.44412616854275955, -4.108120296067402, -0.36354536326056075</corner1><corner2>0.44412616854275955, 4.108120296067402, 0.36354536326056075</corner2></bounds><pose><translation>-3.549939638955084, 6.751623700852462, 0.9165201989898106</translation><rotation><c1>0, 0, 0</c1><c2>0, 0, 0</c2><c3>0, 0, 0</c3></rotation></pose><symmetry><x>twoFold</x><y>cylindrical</y><z>twoFold</z></symmetry><detectionScore>-1.0</detectionScore></element><element><id>3</id><category>desk</category><bounds><corner1>-1.1977859046167465, -1.2353230105164164, -0.7825959985043375</corner1><corner2>1.1977859046167465, 1.2353230105164164, 0.7825959985043375</corner2></bounds><pose><translation>3.7790281683654143, -0.6838131544300328, -1.3599526509209434</translation><rotation><c1>0, 0, 0</c1><c2>0, 0, 0</c2><c3>0, 0, 0</c3></rotation></pose><symmetry><x>twoFold</x><y>cylindrical</y><z>twoFold</z></symmetry><detectionScore>-1.0</detectionScore></element><element><id>4</id><category>table_and_chair</category><bounds><corner1>-1.62842346437786, -6.723722384472645, -0.8993468857259386</corner1><corner2>1.62842346437786, 6.723722384472645, 0.8993468857259386</corner2></bounds><pose><translation>-0.3230263147299174, 3.6138362194413114, -1.544038005755117</translation><rotation><c1>0, 0, 0</c1><c2>0, 0, 0</c2><c3>0, 0, 0</c3></rotation></pose><symmetry><x>twoFold</x><y>cylindrical</y><z>twoFold</z></symmetry><detectionScore>-1.0</detectionScore></element><element><id>5</id><category>shelving</category><bounds><corner1>-1.3580612953644149, -0.45739376222351535, -1.1348616750189313</corner1><corner2>1.3580612953644149, 0.45739376222351535, 1.1348616750189313</corner2></bounds><pose><translation>-5.448156132328986, -1.2567730109780793, -0.5534287238564506</translation><rotation><c1>0, 0, 0</c1><c2>0, 0, 0</c2><c3>0, 0, 0</c3></rotation></pose><symmetry><x>twoFold</x><y>cylindrical</y><z>twoFold</z></symmetry><detectionScore>-1.0</detectionScore></element><element><id>6</id><category>door</category><bounds><corner1>-2.4940933464148998, -3.903728702697059, -1.502290328373536</corner1><corner2>2.4940933464148998, 3.903728702697059, 1.502290328373536</corner2></bounds><pose><translation>-3.4617390485036212, 7.118412356701699, -0.24217194442086387</translation><rotation><c1>0, 0, 0</c1><c2>0, 0, 0</c2><c3>0, 0, 0</c3></rotation></pose><symmetry><x>twoFold</x><y>cylindrical</y><z>twoFold</z></symmetry><detectionScore>-1.0</detectionScore></element><element><id>7</id><category>wall</category><bounds><corner1>-0.49139085983634256, -4.052731669354516, -0.9915276041354949</corner1><corner2>0.49139085983634256, 4.052731669354516, 0.9915276041354949</corner2></bounds><pose><translation>-3.667204994852858, 6.753150157020743, -0.0194924382131694</translation><rotation><c1>0, 0, 0</c1><c2>0, 0, 0</c2><c3>0, 0, 0</c3></rotation></pose><symmetry><x>twoFold</x><y>cylindrical</y><z>twoFold</z></symmetry><detectionScore>-1.0</detectionScore></element><element><id>8</id><category>refrigerator</category><bounds><corner1>-0.5194237770836945, -3.9419936257741686, -1.1117497693799714</corner1><corner2>0.5194237770836945, 3.9419936257741686, 1.1117497693799714</corner2></bounds><pose><translation>-3.6955088373458906, 6.760408511135353, -0.5745095549718311</translation><rotation><c1>0, 0, 0</c1><c2>0, 0, 0</c2><c3>0, 0, 0</c3></rotation></pose><symmetry><x>twoFold</x><y>cylindrical</y><z>twoFold</z></symmetry><detectionScore>-1.0</detectionScore></element><element><id>9</id><category>partition</category><bounds><corner1>-0.25412725463023467, -0.12059770985548735, -1.409456832473111</corner1><corner2>0.25412725463023467, 0.12059770985548735, 1.409456832473111</corner2></bounds><pose><translation>-4.301026021873142, 6.731053685624402, -0.16578515872198044</translation><rotation><c1>0, 0, 0</c1><c2>0, 0, 0</c2><c3>0, 0, 0</c3></rotation></pose><symmetry><x>twoFold</x><y>cylindrical</y><z>twoFold</z></symmetry><detectionScore>-1.0</detectionScore></element><element><id>10</id><category>wall</category><bounds><corner1>-0.11586975752190742, -2.485065577572171, -1.4659460409721512</corner1><corner2>0.11586975752190742, 2.485065577572171, 1.4659460409721512</corner2></bounds><pose><translation>4.881380286602763, 1.3494266088695959, -0.16475337395863854</translation><rotation><c1>0, 0, 0</c1><c2>0, 0, 0</c2><c3>0, 0, 0</c3></rotation></pose><symmetry><x>twoFold</x><y>cylindrical</y><z>twoFold</z></symmetry><detectionScore>-1.0</detectionScore></element><element><id>11</id><category>partition</category><bounds><corner1>-1.448423254315117, -4.223098644413797, -1.337833088328231</corner1><corner2>1.448423254315117, 4.223098644413797, 1.337833088328231</corner2></bounds><pose><translation>-0.9844781560647407, 6.7767739279017825, -0.08532891543502902</translation><rotation><c1>0, 0, 0</c1><c2>0, 0, 0</c2><c3>0, 0, 0</c3></rotation></pose><symmetry><x>twoFold</x><y>cylindrical</y><z>twoFold</z></symmetry><detectionScore>-1.0</detectionScore></element><element><id>12</id><category>wall</category><bounds><corner1>-1.4650138708948797, -2.9557633161293255, -1.3445210248311934</corner1><corner2>1.4650138708948797, 2.9557633161293255, 1.3445210248311934</corner2></bounds><pose><translation>-5.593224454177778, 2.0020352343067387, -0.07072000933701295</translation><rotation><c1>0, 0, 0</c1><c2>0, 0, 0</c2><c3>0, 0, 0</c3></rotation></pose><symmetry><x>twoFold</x><y>cylindrical</y><z>twoFold</z></symmetry><detectionScore>-1.0</detectionScore></element><element><id>13</id><category>wall</category><bounds><corner1>-2.051648591557475, -4.21482550263664, -1.3627006104439796</corner1><corner2>2.051648591557475, 4.21482550263664, 1.3627006104439796</corner2></bounds><pose><translation>-2.2845270825110795, 6.795217919769613, -0.11078877652417439</translation><rotation><c1>0, 0, 0</c1><c2>0, 0, 0</c2><c3>0, 0, 0</c3></rotation></pose><symmetry><x>twoFold</x><y>cylindrical</y><z>twoFold</z></symmetry><detectionScore>-1.0</detectionScore></element><element><id>14</id><category>wall</category><bounds><corner1>-0.23003838743754823, -0.12058009394115388, -0.43649304682288276</corner1><corner2>0.23003838743754823, 0.12058009394115388, 0.43649304682288276</corner2></bounds><pose><translation>-4.475556965781593, 6.729634794132382, -0.05867991037068312</translation><rotation><c1>0, 0, 0</c1><c2>0, 0, 0</c2><c3>0, 0, 0</c3></rotation></pose><symmetry><x>twoFold</x><y>cylindrical</y><z>twoFold</z></symmetry><detectionScore>-1.0</detectionScore></element><element><id>15</id><category>door</category><bounds><corner1>-0.48011842782918857, -4.082903381496623, -1.1909910265524193</corner1><corner2>0.48011842782918857, 4.082903381496623, 1.1909910265524193</corner2></bounds><pose><translation>-3.6602518584594392, 6.768995357391935, -0.4190046740138593</translation><rotation><c1>0, 0, 0</c1><c2>0, 0, 0</c2><c3>0, 0, 0</c3></rotation></pose><symmetry><x>twoFold</x><y>cylindrical</y><z>twoFold</z></symmetry><detectionScore>-1.0</detectionScore></element><element><id>16</id><category>kitchen_cabinet</category><bounds><corner1>-0.48438003671438956, -4.048276055696627, -1.1658860317898885</corner1><corner2>0.48438003671438956, 4.048276055696627, 1.1658860317898885</corner2></bounds><pose><translation>-3.6639918756691294, 6.764544065436061, -0.40105651602352227</translation><rotation><c1>0, 0, 0</c1><c2>0, 0, 0</c2><c3>0, 0, 0</c3></rotation></pose><symmetry><x>twoFold</x><y>cylindrical</y><z>twoFold</z></symmetry><detectionScore>-1.0</detectionScore></element><element><id>17</id><category>loudspeaker</category><bounds><corner1>-0.9597963647416914, -0.19775660180418542, -0.5647055845833846</corner1><corner2>0.9597963647416914, 0.19775660180418542, 0.5647055845833846</corner2></bounds><pose><translation>2.8514936804714597, -1.2154746007294186, -1.1209889257042736</translation><rotation><c1>0, 0, 0</c1><c2>0, 0, 0</c2><c3>0, 0, 0</c3></rotation></pose><symmetry><x>twoFold</x><y>cylindrical</y><z>twoFold</z></symmetry><detectionScore>-1.0</detectionScore></element><element><id>18</id><category>armchair</category><bounds><corner1>-0.4954237655442477, -1.0515748866425678, -0.4475161425569587</corner1><corner2>0.4954237655442477, 1.0515748866425678, 0.4475161425569587</corner2></bounds><pose><translation>-4.316088914827327, 1.7133436403634303, -1.2508845364503833</translation><rotation><c1>0, 0, 0</c1><c2>0, 0, 0</c2><c3>0, 0, 0</c3></rotation></pose><symmetry><x>twoFold</x><y>cylindrical</y><z>twoFold</z></symmetry><detectionScore>-1.0</detectionScore></element><element><id>19</id><category>kitchen_cabinet</category><bounds><corner1>-1.4871677768187697, -4.201866501637992, -1.3533699995108563</corner1><corner2>1.4871677768187697, 4.201866501637992, 1.3533699995108563</corner2></bounds><pose><translation>-0.8697286912997433, 6.774220386043732, -0.07279773971157082</translation><rotation><c1>0, 0, 0</c1><c2>0, 0, 0</c2><c3>0, 0, 0</c3></rotation></pose><symmetry><x>twoFold</x><y>cylindrical</y><z>twoFold</z></symmetry><detectionScore>-1.0</detectionScore></element><element><id>20</id><category>partition</category><bounds><corner1>-1.0969588325014974, -0.13481730251787294, -1.4718840365761667</corner1><corner2>1.0969588325014974, 0.13481730251787294, 1.4718840365761667</corner2></bounds><pose><translation>-4.533795537705098, 6.719579589016696, -0.23245477039033574</translation><rotation><c1>0, 0, 0</c1><c2>0, 0, 0</c2><c3>0, 0, 0</c3></rotation></pose><symmetry><x>twoFold</x><y>cylindrical</y><z>twoFold</z></symmetry><detectionScore>-1.0</detectionScore></element><element><id>21</id><category>armchair</category><bounds><corner1>-0.4192787120171477, -1.4763745456351138, -0.4744224233192087</corner1><corner2>0.4192787120171477, 1.4763745456351138, 0.4744224233192087</corner2></bounds><pose><translation>-4.48974572595917, 2.862805250576862, -1.2125907546185497</translation><rotation><c1>0, 0, 0</c1><c2>0, 0, 0</c2><c3>0, 0, 0</c3></rotation></pose><symmetry><x>twoFold</x><y>cylindrical</y><z>twoFold</z></symmetry><detectionScore>-1.0</detectionScore></element><element><id>22</id><category>wall</category><bounds><corner1>-1.1174759992879926, -0.14264577220841623, -1.1913399978600587</corner1><corner2>1.1174759992879926, 0.14264577220841623, 1.1913399978600587</corner2></bounds><pose><translation>-4.728946921019791, 6.707272553038145, -0.18948703771178843</translation><rotation><c1>0, 0, 0</c1><c2>0, 0, 0</c2><c3>0, 0, 0</c3></rotation></pose><symmetry><x>twoFold</x><y>cylindrical</y><z>twoFold</z></symmetry><detectionScore>-1.0</detectionScore></element><element><id>23</id><category>wall</category><bounds><corner1>-0.765892549723314, -1.1266410304973489, -0.03976763846445919</corner1><corner2>0.765892549723314, 1.1266410304973489, 0.03976763846445919</corner2></bounds><pose><translation>-3.0694339710781344, 6.053093439288227, 1.28104481985148</translation><rotation><c1>0, 0, 0</c1><c2>0, 0, 0</c2><c3>0, 0, 0</c3></rotation></pose><symmetry><x>twoFold</x><y>cylindrical</y><z>twoFold</z></symmetry><detectionScore>-1.0</detectionScore></element><element><id>24</id><category>fireplace</category><bounds><corner1>-1.4743434443159105, -1.1184280438568783, -0.5544738765764421</corner1><corner2>1.4743434443159105, 1.1184280438568783, 0.5544738765764421</corner2></bounds><pose><translation>-5.447940301588439, 1.5518763888113125, -0.9729163214388272</translation><rotation><c1>0, 0, 0</c1><c2>0, 0, 0</c2><c3>0, 0, 0</c3></rotation></pose><symmetry><x>twoFold</x><y>cylindrical</y><z>twoFold</z></symmetry><detectionScore>-1.0</detectionScore></element></elements></scene>