<?xml version='1.0' encoding='utf-8'?>
<scene xmlns:sumo="https://www.sumochallenge.org"><version>2.0</version><categories><id>fb_categories_v1.0</id><url>https://sumochallenge.org/en/categories-1_0.json</url></categories><project_type>bounding_box</project_type><elements><element><id>13</id><category>wall</category><bounds><corner1>-2.8088001 , -1.44252017, -1.46363433</corner1><corner2>-1.74105659,  1.19976133,  1.7964022 </corner2></bounds><pose><translation>0., 0., 0.</translation><rotation><c1>1., 0., 0.</c1><c2>0., 1., 0.</c2><c3>0., 0., 1.</c3></rotation></pose><symmetry><x>none</x><y>none</y><z>none</z></symmetry><detectionScore>-1</detectionScore></element><element><id>9</id><category>kitchen_cabinet</category><bounds><corner1>-2.74408798, -1.44407822, -1.45304702</corner1><corner2>-1.24696486, -0.55453463, -0.94343151</corner2></bounds><pose><translation>0., 0., 0.</translation><rotation><c1>1., 0., 0.</c1><c2>0., 1., 0.</c2><c3>0., 0., 1.</c3></rotation></pose><symmetry><x>none</x><y>none</y><z>none</z></symmetry><detectionScore>-1</detectionScore></element><element><id>5</id><category>trash_can</category><bounds><corner1> 1.39296909, -0.68898832, -0.99195617</corner1><corner2> 2.09103785,  0.10775506, -0.52149313</corner2></bounds><pose><translation>0., 0., 0.</translation><rotation><c1>1., 0., 0.</c1><c2>0., 1., 0.</c2><c3>0., 0., 1.</c3></rotation></pose><symmetry><x>none</x><y>none</y><z>none</z></symmetry><detectionScore>-1</detectionScore></element><element><id>6</id><category>switch</category><bounds><corner1> 1.09001768, -0.43969479,  0.8618587 </corner1><corner2> 1.46400421, -0.1128701 ,  0.89523689</corner2></bounds><pose><translation>0., 0., 0.</translation><rotation><c1>1., 0., 0.</c1><c2>0., 1., 0.</c2><c3>0., 0., 1.</c3></rotation></pose><symmetry><x>none</x><y>none</y><z>none</z></symmetry><detectionScore>-1</detectionScore></element><element><id>12</id><category>mirror</category><bounds><corner1>-0.43877146, -0.23544821, -1.4679824 </corner1><corner2> 0.7934987 ,  0.57435811, -1.35295726</corner2></bounds><pose><translation>0., 0., 0.</translation><rotation><c1>1., 0., 0.</c1><c2>0., 1., 0.</c2><c3>0., 0., 1.</c3></rotation></pose><symmetry><x>none</x><y>none</y><z>none</z></symmetry><detectionScore>-1</detectionScore></element><element><id>14</id><category>wall</category><bounds><corner1> 0.21989456, -1.42481888,  1.4540548 </corner1><corner2>0.49921545, 1.19800083, 1.96808382</corner2></bounds><pose><translation>0., 0., 0.</translation><rotation><c1>1., 0., 0.</c1><c2>0., 1., 0.</c2><c3>0., 0., 1.</c3></rotation></pose><symmetry><x>none</x><y>none</y><z>none</z></symmetry><detectionScore>-1</detectionScore></element><element><id>8</id><category>picture_frame</category><bounds><corner1> 2.03206835, -1.38867115,  0.10472001</corner1><corner2>2.11088128, 0.10667825, 0.61992943</corner2></bounds><pose><translation>0., 0., 0.</translation><rotation><c1>1., 0., 0.</c1><c2>0., 1., 0.</c2><c3>0., 0., 1.</c3></rotation></pose><symmetry><x>none</x><y>none</y><z>none</z></symmetry><detectionScore>-1</detectionScore></element><element><id>3</id><category>towel_hanger</category><bounds><corner1> 1.39495395, -0.76907868, -1.00738979</corner1><corner2> 2.09289795,  0.0454821 , -0.52368388</corner2></bounds><pose><translation>0., 0., 0.</translation><rotation><c1>1., 0., 0.</c1><c2>0., 1., 0.</c2><c3>0., 0., 1.</c3></rotation></pose><symmetry><x>none</x><y>none</y><z>none</z></symmetry><detectionScore>-1</detectionScore></element><element><id>4</id><category>door</category><bounds><corner1>-1.17159342, -1.44414025,  1.87189201</corner1><corner2>-0.00949716,  0.75081621,  2.00898198</corner2></bounds><pose><translation>0., 0., 0.</translation><rotation><c1>1., 0., 0.</c1><c2>0., 1., 0.</c2><c3>0., 0., 1.</c3></rotation></pose><symmetry><x>none</x><y>none</y><z>none</z></symmetry><detectionScore>-1</detectionScore></element><element><id>7</id><category>hanger</category><bounds><corner1>-2.80998146, -1.43857838, -1.4881809 </corner1><corner2>-1.55793537,  0.26574995, -0.95506925</corner2></bounds><pose><translation>0., 0., 0.</translation><rotation><c1>1., 0., 0.</c1><c2>0., 1., 0.</c2><c3>0., 0., 1.</c3></rotation></pose><symmetry><x>none</x><y>none</y><z>none</z></symmetry><detectionScore>-1</detectionScore></element><element><id>10</id><category>wall</category><bounds><corner1> 0.35353902, -1.01463562,  0.87602269</corner1><corner2>0.8090143 , 1.20046314, 1.94114591</corner2></bounds><pose><translation>0., 0., 0.</translation><rotation><c1>1., 0., 0.</c1><c2>0., 1., 0.</c2><c3>0., 0., 1.</c3></rotation></pose><symmetry><x>none</x><y>none</y><z>none</z></symmetry><detectionScore>-1</detectionScore></element><element><id>1</id><category>wall</category><bounds><corner1> 1.13597465, -1.4395376 , -1.46553516</corner1><corner2>2.10496261, 1.19959972, 1.17394305</corner2></bounds><pose><translation>0., 0., 0.</translation><rotation><c1>1., 0., 0.</c1><c2>0., 1., 0.</c2><c3>0., 0., 1.</c3></rotation></pose><symmetry><x>none</x><y>none</y><z>none</z></symmetry><detectionScore>-1</detectionScore></element><element><id>11</id><category>wall_lamp</category><bounds><corner1> 1.39600778, -0.79025886, -1.02291047</corner1><corner2> 2.09207494,  0.27196297, -0.52622857</corner2></bounds><pose><translation>0., 0., 0.</translation><rotation><c1>1., 0., 0.</c1><c2>0., 1., 0.</c2><c3>0., 0., 1.</c3></rotation></pose><symmetry><x>none</x><y>none</y><z>none</z></symmetry><detectionScore>-1</detectionScore></element><element><id>2</id><category>shelving</category><bounds><corner1>-2.81018122, -1.4053164 , -1.48811895</corner1><corner2>-1.58995475,  0.35782639, -0.95570914</corner2></bounds><pose><translation>0., 0., 0.</translation><rotation><c1>1., 0., 0.</c1><c2>0., 1., 0.</c2><c3>0., 0., 1.</c3></rotation></pose><symmetry><x>none</x><y>none</y><z>none</z></symmetry><detectionScore>-1</detectionScore></element></elements></scene>