<?xml version='1.0' encoding='utf-8'?>
<scene xmlns:sumo="https://www.sumochallenge.org"><version>2.0</version><categories><id>fb_categories_v1_0</id><url>https://sumochallenge.org/en/categories-1_0.json</url></categories><project_type>bounding_box</project_type><elements><element><id>0</id><category>plant</category><bounds><corner1>-16.10104474468112, -2.462653159937703, -1.0192204449667828</corner1><corner2>16.10104474468112, 2.462653159937703, 1.0192204449667828</corner2></bounds><pose><translation>1.334050879615987, -0.11734450288648789, -1.0192204449667828</translation><rotation><c1>1, 0, 0</c1><c2>0, 1, 0</c2><c3>0, 0, 1</c3></rotation></pose><symmetry><x>twoFold</x><y>cylindrical</y><z>twoFold</z></symmetry><detectionScore>-1.0</detectionScore></element><element><id>1</id><category>window</category><bounds><corner1>-2.6899619711702902, -1.1095360970937183, -0.12976482787176735</corner1><corner2>2.6899619711702902, 1.1095360970937183, 0.12976482787176735</corner2></bounds><pose><translation>-5.833088102956209, -1.993963562099185, 5.120380425725477</translation><rotation><c1>1, 0, 0</c1><c2>0, 1, 0</c2><c3>0, 0, 1</c3></rotation></pose><symmetry><x>twoFold</x><y>cylindrical</y><z>twoFold</z></symmetry><detectionScore>-1.0</detectionScore></element><element><id>2</id><category>window</category><bounds><corner1>-0.3799114114533686, -0.3053370925790069, -0.06267945281790066</corner1><corner2>0.3799114114533686, 0.3053370925790069, 0.06267945281790066</corner2></bounds><pose><translation>1.2554770421101953, -0.04931305732698902, 2.018530984420616</translation><rotation><c1>1, 0, 0</c1><c2>0, 1, 0</c2><c3>0, 0, 1</c3></rotation></pose><symmetry><x>twoFold</x><y>cylindrical</y><z>twoFold</z></symmetry><detectionScore>-1.0</detectionScore></element><element><id>3</id><category>fence</category><bounds><corner1>-13.179444590491322, -1.6635033183368533, -1.1317892278825228</corner1><corner2>13.179444590491322, 1.6635033183368533, 1.1317892278825228</corner2></bounds><pose><translation>4.2556510338057825, -0.2856170032959986, -1.1317892278825228</translation><rotation><c1>1, 0, 0</c1><c2>0, 1, 0</c2><c3>0, 0, 1</c3></rotation></pose><symmetry><x>twoFold</x><y>cylindrical</y><z>twoFold</z></symmetry><detectionScore>-1.0</detectionScore></element><element><id>4</id><category>wall</category><bounds><corner1>-5.049818653007223, -1.5307632716944723, -1.9789091897066171</corner1><corner2>5.049818653007223, 1.5307632716944723, 1.9789091897066171</corner2></bounds><pose><translation>4.1452651564900735, -0.1427472630090255, 1.7207639141977562</translation><rotation><c1>1, 0, 0</c1><c2>0, 1, 0</c2><c3>0, 0, 1</c3></rotation></pose><symmetry><x>twoFold</x><y>cylindrical</y><z>twoFold</z></symmetry><detectionScore>-1.0</detectionScore></element><element><id>5</id><category>chair</category><bounds><corner1>-13.997510732115288, -1.3186413613635608, -2.628235496563228</corner1><corner2>13.997510732115288, 1.3186413613635608, 2.628235496563228</corner2></bounds><pose><translation>3.4244358842820226, -1.3186413613635608, 0.011024359884515347</translation><rotation><c1>1, 0, 0</c1><c2>0, 1, 0</c2><c3>0, 0, 1</c3></rotation></pose><symmetry><x>twoFold</x><y>cylindrical</y><z>twoFold</z></symmetry><detectionScore>-1.0</detectionScore></element><element><id>6</id><category>plant</category><bounds><corner1>-13.341581530175826, -1.3692393963070595, -1.1107616856074585</corner1><corner2>13.341581530175826, 1.3692393963070595, 1.1107616856074585</corner2></bounds><pose><translation>4.093514094121279, -0.7889052896307357, -1.1107616856074585</translation><rotation><c1>1, 0, 0</c1><c2>0, 1, 0</c2><c3>0, 0, 1</c3></rotation></pose><symmetry><x>twoFold</x><y>cylindrical</y><z>twoFold</z></symmetry><detectionScore>-1.0</detectionScore></element><element><id>7</id><category>wall</category><bounds><corner1>-0.4515218043951293, -1.4023939588613696, -3.313925921506703</corner1><corner2>0.4515218043951293, 1.4023939588613696, 3.313925921506703</corner2></bounds><pose><translation>-0.7344403249716791, -0.08812731442391594, 2.0400466246687943</translation><rotation><c1>1, 0, 0</c1><c2>0, 1, 0</c2><c3>0, 0, 1</c3></rotation></pose><symmetry><x>twoFold</x><y>cylindrical</y><z>twoFold</z></symmetry><detectionScore>-1.0</detectionScore></element><element><id>8</id><category>plant</category><bounds><corner1>-13.062465904669333, -0.84545424695483, -0.9987105879830322</corner1><corner2>13.062465904669333, 0.84545424695483, 0.9987105879830322</corner2></bounds><pose><translation>1.2784625745408946, -0.84545424695483, -0.9987105879830322</translation><rotation><c1>1, 0, 0</c1><c2>0, 1, 0</c2><c3>0, 0, 1</c3></rotation></pose><symmetry><x>twoFold</x><y>cylindrical</y><z>twoFold</z></symmetry><detectionScore>-1.0</detectionScore></element><element><id>9</id><category>ottoman</category><bounds><corner1>-0.7080507942067709, -0.17288901683342006, -1.1434850763699371</corner1><corner2>0.7080507942067709, 0.17288901683342006, 1.1434850763699371</corner2></bounds><pose><translation>-0.35804857576006366, -1.3174095210434162, 1.740436822272175</translation><rotation><c1>1, 0, 0</c1><c2>0, 1, 0</c2><c3>0, 0, 1</c3></rotation></pose><symmetry><x>twoFold</x><y>cylindrical</y><z>twoFold</z></symmetry><detectionScore>-1.0</detectionScore></element><element><id>10</id><category>plant</category><bounds><corner1>-7.615994416101437, -3.859195838753941, -5.653440949755859</corner1><corner2>7.615994416101437, 3.859195838753941, 5.653440949755859</corner2></bounds><pose><translation>2.1919406348553565, -3.859195838753941, -5.653440949755859</translation><rotation><c1>1, 0, 0</c1><c2>0, 1, 0</c2><c3>0, 0, 1</c3></rotation></pose><symmetry><x>twoFold</x><y>cylindrical</y><z>twoFold</z></symmetry><detectionScore>-1.0</detectionScore></element><element><id>11</id><category>wall</category><bounds><corner1>-0.38020542261799484, -1.4967050176043852, -0.08068202736326491</corner1><corner2>0.38020542261799484, 1.4967050176043852, 0.08068202736326491</corner2></bounds><pose><translation>-0.49497616834908026, -0.04174020617825177, 2.001838512282109</translation><rotation><c1>1, 0, 0</c1><c2>0, 1, 0</c2><c3>0, 0, 1</c3></rotation></pose><symmetry><x>twoFold</x><y>cylindrical</y><z>twoFold</z></symmetry><detectionScore>-1.0</detectionScore></element><element><id>12</id><category>window</category><bounds><corner1>-0.17223614968594325, -0.21027466800565608, -0.04315150790302047</corner1><corner2>0.17223614968594325, 0.21027466800565608, 0.04315150790302047</corner2></bounds><pose><translation>1.0467983169037223, -0.04175641698583245, 2.038058929335496</translation><rotation><c1>1, 0, 0</c1><c2>0, 1, 0</c2><c3>0, 0, 1</c3></rotation></pose><symmetry><x>twoFold</x><y>cylindrical</y><z>twoFold</z></symmetry><detectionScore>-1.0</detectionScore></element><element><id>13</id><category>plant</category><bounds><corner1>-1.2288590372966455, -0.715324162882133, -1.3718007807891432</corner1><corner2>1.2288590372966455, 0.715324162882133, 1.3718007807891432</corner2></bounds><pose><translation>-1.2288590372966455, -0.715324162882133, -1.3718007807891432</translation><rotation><c1>1, 0, 0</c1><c2>0, 1, 0</c2><c3>0, 0, 1</c3></rotation></pose><symmetry><x>twoFold</x><y>cylindrical</y><z>twoFold</z></symmetry><detectionScore>-1.0</detectionScore></element><element><id>14</id><category>sofa</category><bounds><corner1>-0.09284458831485409, -0.11451891460079058, -0.03880737985805993</corner1><corner2>0.09284458831485409, 0.11451891460079058, 0.03880737985805993</corner2></bounds><pose><translation>1.056205973544934, -0.280728312253234, 2.037495542556508</translation><rotation><c1>1, 0, 0</c1><c2>0, 1, 0</c2><c3>0, 0, 1</c3></rotation></pose><symmetry><x>twoFold</x><y>cylindrical</y><z>twoFold</z></symmetry><detectionScore>-1.0</detectionScore></element><element><id>15</id><category>chair</category><bounds><corner1>-0.0, -0.0, -0.0</corner1><corner2>0.0, 0.0, 0.0</corner2></bounds><pose><translation>0.0, 0.0, 0.0</translation><rotation><c1>1, 0, 0</c1><c2>0, 1, 0</c2><c3>0, 0, 1</c3></rotation></pose><symmetry><x>twoFold</x><y>cylindrical</y><z>twoFold</z></symmetry><detectionScore>-1.0</detectionScore></element><element><id>16</id><category>door</category><bounds><corner1>-11.459875703245665, -1.2675940961703291, -2.837370392648277</corner1><corner2>11.459875703245665, 1.2675940961703291, 2.837370392648277</corner2></bounds><pose><translation>5.150884582769215, 0.0, 0.0</translation><rotation><c1>1, 0, 0</c1><c2>0, 1, 0</c2><c3>0, 0, 1</c3></rotation></pose><symmetry><x>twoFold</x><y>cylindrical</y><z>twoFold</z></symmetry><detectionScore>-1.0</detectionScore></element><element><id>17</id><category>office_chair</category><bounds><corner1>-2.2562200912593777, -0.21951196778788964, -3.543854741193105</corner1><corner2>2.2562200912593777, 0.21951196778788964, 3.543854741193105</corner2></bounds><pose><translation>1.256152870549591, -0.4155963261891499, 2.015140487388632</translation><rotation><c1>1, 0, 0</c1><c2>0, 1, 0</c2><c3>0, 0, 1</c3></rotation></pose><symmetry><x>twoFold</x><y>cylindrical</y><z>twoFold</z></symmetry><detectionScore>-1.0</detectionScore></element><element><id>18</id><category>wall</category><bounds><corner1>-0.785953021857069, -0.3698853411566313, -0.08805942896526853</corner1><corner2>0.785953021857069, 0.3698853411566313, 0.08805942896526853</corner2></bounds><pose><translation>0.8859402839715471, -0.04162651008872545, 2.0292777012690912</translation><rotation><c1>1, 0, 0</c1><c2>0, 1, 0</c2><c3>0, 0, 1</c3></rotation></pose><symmetry><x>twoFold</x><y>cylindrical</y><z>twoFold</z></symmetry><detectionScore>-1.0</detectionScore></element><element><id>19</id><category>plant</category><bounds><corner1>-0.5273215338014872, -0.6525147621996481, -1.797099304475815</corner1><corner2>0.5273215338014872, 0.6525147621996481, 1.797099304475815</corner2></bounds><pose><translation>-3.490737772144085, -1.6818626747402474, -0.41895948667428246</translation><rotation><c1>1, 0, 0</c1><c2>0, 1, 0</c2><c3>0, 0, 1</c3></rotation></pose><symmetry><x>twoFold</x><y>cylindrical</y><z>twoFold</z></symmetry><detectionScore>-1.0</detectionScore></element><element><id>20</id><category>fence</category><bounds><corner1>-10.42778565094605, -0.7372272055087736, -1.0011064627178827</corner1><corner2>10.42778565094605, 0.7372272055087736, 1.0011064627178827</corner2></bounds><pose><translation>1.254629909179392, -0.7372272055087736, -1.0011064627178827</translation><rotation><c1>1, 0, 0</c1><c2>0, 1, 0</c2><c3>0, 0, 1</c3></rotation></pose><symmetry><x>twoFold</x><y>cylindrical</y><z>twoFold</z></symmetry><detectionScore>-1.0</detectionScore></element><element><id>21</id><category>plant</category><bounds><corner1>-8.074321547763175, -3.048213807135023, -5.3165897366578765</corner1><corner2>8.074321547763175, 3.048213807135023, 5.3165897366578765</corner2></bounds><pose><translation>-8.074321547763175, -3.048213807135023, -5.3165897366578765</translation><rotation><c1>1, 0, 0</c1><c2>0, 1, 0</c2><c3>0, 0, 1</c3></rotation></pose><symmetry><x>twoFold</x><y>cylindrical</y><z>twoFold</z></symmetry><detectionScore>-1.0</detectionScore></element><element><id>22</id><category>column</category><bounds><corner1>-3.2320707075919115, -1.3938707965527473, -0.8183150143593053</corner1><corner2>3.2320707075919115, 1.3938707965527473, 0.8183150143593053</corner2></bounds><pose><translation>-3.2320707075919115, 0.0, -0.8183150143593053</translation><rotation><c1>1, 0, 0</c1><c2>0, 1, 0</c2><c3>0, 0, 1</c3></rotation></pose><symmetry><x>twoFold</x><y>cylindrical</y><z>twoFold</z></symmetry><detectionScore>-1.0</detectionScore></element><element><id>23</id><category>plant</category><bounds><corner1>-3.462222588296264, -2.340471466225306, -3.014079907301458</corner1><corner2>3.462222588296264, 2.340471466225306, 3.014079907301458</corner2></bounds><pose><translation>-3.462222588296264, -0.6209208093201611, 2.2039403729540505</translation><rotation><c1>1, 0, 0</c1><c2>0, 1, 0</c2><c3>0, 0, 1</c3></rotation></pose><symmetry><x>twoFold</x><y>cylindrical</y><z>twoFold</z></symmetry><detectionScore>-1.0</detectionScore></element><element><id>24</id><category>wall</category><bounds><corner1>-11.473832058245307, -1.1785281822508404, -1.9702120943818178</corner1><corner2>11.473832058245307, 1.1785281822508404, 1.9702120943818178</corner2></bounds><pose><translation>5.134186091786763, 0.09129631737446561, 1.7294610095225555</translation><rotation><c1>1, 0, 0</c1><c2>0, 1, 0</c2><c3>0, 0, 1</c3></rotation></pose><symmetry><x>twoFold</x><y>cylindrical</y><z>twoFold</z></symmetry><detectionScore>-1.0</detectionScore></element><element><id>25</id><category>plant</category><bounds><corner1>-5.330733016902921, -2.886676589706399, -3.314089357061431</corner1><corner2>5.330733016902921, 2.886676589706399, 3.314089357061431</corner2></bounds><pose><translation>-5.330733016902921, -2.886676589706399, -3.314089357061431</translation><rotation><c1>1, 0, 0</c1><c2>0, 1, 0</c2><c3>0, 0, 1</c3></rotation></pose><symmetry><x>twoFold</x><y>cylindrical</y><z>twoFold</z></symmetry><detectionScore>-1.0</detectionScore></element><element><id>26</id><category>column</category><bounds><corner1>-1.845870918257991, -0.3668994319387384, -3.5605672221035274</corner1><corner2>1.845870918257991, 0.3668994319387384, 3.5605672221035274</corner2></bounds><pose><translation>1.0131774920106218, -0.801063930208865, 2.0339681357617847</translation><rotation><c1>1, 0, 0</c1><c2>0, 1, 0</c2><c3>0, 0, 1</c3></rotation></pose><symmetry><x>twoFold</x><y>cylindrical</y><z>twoFold</z></symmetry><detectionScore>-1.0</detectionScore></element><element><id>27</id><category>column</category><bounds><corner1>-0.267326728466843, -1.516839791447671, -0.08851102178288084</corner1><corner2>0.267326728466843, 1.516839791447671, 0.08851102178288084</corner2></bounds><pose><translation>-3.2850912640033294, -0.14533784737585168, 2.2831332258479753</translation><rotation><c1>1, 0, 0</c1><c2>0, 1, 0</c2><c3>0, 0, 1</c3></rotation></pose><symmetry><x>twoFold</x><y>cylindrical</y><z>twoFold</z></symmetry><detectionScore>-1.0</detectionScore></element><element><id>28</id><category>wall</category><bounds><corner1>-6.1322409573671415, -1.3695584761634976, -1.8823703056314995</corner1><corner2>6.1322409573671415, 1.3695584761634976, 1.8823703056314995</corner2></bounds><pose><translation>3.0318366767048626, -0.0692571369854758, 1.8173027982728738</translation><rotation><c1>1, 0, 0</c1><c2>0, 1, 0</c2><c3>0, 0, 1</c3></rotation></pose><symmetry><x>twoFold</x><y>cylindrical</y><z>twoFold</z></symmetry><detectionScore>-1.0</detectionScore></element><element><id>29</id><category>armchair</category><bounds><corner1>-14.030488115103354, -1.3687466805568882, -2.681559086105017</corner1><corner2>14.030488115103354, 1.3687466805568882, 2.681559086105017</corner2></bounds><pose><translation>3.3914585012939553, -1.3687466805568882, -0.0705125156470138</translation><rotation><c1>1, 0, 0</c1><c2>0, 1, 0</c2><c3>0, 0, 1</c3></rotation></pose><symmetry><x>twoFold</x><y>cylindrical</y><z>twoFold</z></symmetry><detectionScore>-1.0</detectionScore></element><element><id>30</id><category>window</category><bounds><corner1>-6.365151260865573, -1.1522242967708705, -1.97550664807604</corner1><corner2>6.365151260865573, 1.1522242967708705, 1.97550664807604</corner2></bounds><pose><translation>5.155783151749648, 0.11785785279343837, 1.7241664558283334</translation><rotation><c1>1, 0, 0</c1><c2>0, 1, 0</c2><c3>0, 0, 1</c3></rotation></pose><symmetry><x>twoFold</x><y>cylindrical</y><z>twoFold</z></symmetry><detectionScore>-1.0</detectionScore></element><element><id>31</id><category>plant</category><bounds><corner1>-8.554736895768542, -0.5969295368425439, -1.3915620988419817</corner1><corner2>8.554736895768542, 0.5969295368425439, 1.3915620988419817</corner2></bounds><pose><translation>0.9899156468927435, -0.5969295368425439, -1.3915620988419817</translation><rotation><c1>1, 0, 0</c1><c2>0, 1, 0</c2><c3>0, 0, 1</c3></rotation></pose><symmetry><x>twoFold</x><y>cylindrical</y><z>twoFold</z></symmetry><detectionScore>-1.0</detectionScore></element><element><id>32</id><category>armchair</category><bounds><corner1>-2.2566131997277052, -0.21853395117256041, -3.5441649912139592</corner1><corner2>2.2566131997277052, 0.21853395117256041, 3.5441649912139592</corner2></bounds><pose><translation>1.2557597620812633, -0.40735644686117745, 2.0148302373677778</translation><rotation><c1>1, 0, 0</c1><c2>0, 1, 0</c2><c3>0, 0, 1</c3></rotation></pose><symmetry><x>twoFold</x><y>cylindrical</y><z>twoFold</z></symmetry><detectionScore>-1.0</detectionScore></element><element><id>33</id><category>plant</category><bounds><corner1>-3.3381471835092187, -2.41248010213195, -6.933589962965887</corner1><corner2>3.3381471835092187, 2.41248010213195, 6.933589962965887</corner2></bounds><pose><translation>-3.3381471835092187, 0.0, -6.933589962965887</translation><rotation><c1>1, 0, 0</c1><c2>0, 1, 0</c2><c3>0, 0, 1</c3></rotation></pose><symmetry><x>twoFold</x><y>cylindrical</y><z>twoFold</z></symmetry><detectionScore>-1.0</detectionScore></element><element><id>34</id><category>armchair</category><bounds><corner1>-0.09284458831485409, -0.11451891460079058, -0.03880737985805993</corner1><corner2>0.09284458831485409, 0.11451891460079058, 0.03880737985805993</corner2></bounds><pose><translation>1.056205973544934, -0.280728312253234, 2.037495542556508</translation><rotation><c1>1, 0, 0</c1><c2>0, 1, 0</c2><c3>0, 0, 1</c3></rotation></pose><symmetry><x>twoFold</x><y>cylindrical</y><z>twoFold</z></symmetry><detectionScore>-1.0</detectionScore></element><element><id>35</id><category>door</category><bounds><corner1>-6.026954262722048, -1.4498418741711656, -1.9895833836134513</corner1><corner2>6.026954262722048, 1.4498418741711656, 1.9895833836134513</corner2></bounds><pose><translation>5.493980149893173, -0.18317435478565106, 1.710089720290922</translation><rotation><c1>1, 0, 0</c1><c2>0, 1, 0</c2><c3>0, 0, 1</c3></rotation></pose><symmetry><x>twoFold</x><y>cylindrical</y><z>twoFold</z></symmetry><detectionScore>-1.0</detectionScore></element><element><id>36</id><category>office_chair</category><bounds><corner1>-2.572202342425025, -0.22488352875784975, -3.500408717984479</corner1><corner2>2.572202342425025, 0.22488352875784975, 3.500408717984479</corner2></bounds><pose><translation>1.4297842329727029, -0.4428940783897301, 2.0003084004145464</translation><rotation><c1>1, 0, 0</c1><c2>0, 1, 0</c2><c3>0, 0, 1</c3></rotation></pose><symmetry><x>twoFold</x><y>cylindrical</y><z>twoFold</z></symmetry><detectionScore>-1.0</detectionScore></element><element><id>37</id><category>fence</category><bounds><corner1>-8.041307342330795, -3.06918204917348, -3.5869271618758374</corner1><corner2>8.041307342330795, 3.06918204917348, 3.5869271618758374</corner2></bounds><pose><translation>-8.041307342330795, -3.06918204917348, -3.5869271618758374</translation><rotation><c1>1, 0, 0</c1><c2>0, 1, 0</c2><c3>0, 0, 1</c3></rotation></pose><symmetry><x>twoFold</x><y>cylindrical</y><z>twoFold</z></symmetry><detectionScore>-1.0</detectionScore></element><element><id>38</id><category>window</category><bounds><corner1>-0.04879231552981289, -0.3077362079034991, -0.03437431853670425</corner1><corner2>0.04879231552981289, 0.3077362079034991, 0.03437431853670425</corner2></bounds><pose><translation>1.208479051032146, -0.10873054806958973, 2.0251223808008016</translation><rotation><c1>1, 0, 0</c1><c2>0, 1, 0</c2><c3>0, 0, 1</c3></rotation></pose><symmetry><x>twoFold</x><y>cylindrical</y><z>twoFold</z></symmetry><detectionScore>-1.0</detectionScore></element><element><id>39</id><category>fence</category><bounds><corner1>-1.9156855028156279, -0.5271976953285384, -0.99951098302533</corner1><corner2>1.9156855028156279, 0.5271976953285384, 0.99951098302533</corner2></bounds><pose><translation>-1.9156855028156279, -0.1344498353123569, -0.99951098302533</translation><rotation><c1>1, 0, 0</c1><c2>0, 1, 0</c2><c3>0, 0, 1</c3></rotation></pose><symmetry><x>twoFold</x><y>cylindrical</y><z>twoFold</z></symmetry><detectionScore>-1.0</detectionScore></element><element><id>40</id><category>fence</category><bounds><corner1>-0.0, -0.17981545103323116, -2.6258437025088543</corner1><corner2>0.0, 0.17981545103323116, 2.6258437025088543</corner2></bounds><pose><translation>0.0, 0.0, 0.0</translation><rotation><c1>1, 0, 0</c1><c2>0, 1, 0</c2><c3>0, 0, 1</c3></rotation></pose><symmetry><x>twoFold</x><y>cylindrical</y><z>twoFold</z></symmetry><detectionScore>-1.0</detectionScore></element><element><id>41</id><category>fence</category><bounds><corner1>-8.095744268274158, -3.201733650010441, -5.270754351077883</corner1><corner2>8.095744268274158, 3.201733650010441, 5.270754351077883</corner2></bounds><pose><translation>-8.095744268274158, -3.201733650010441, -5.270754351077883</translation><rotation><c1>1, 0, 0</c1><c2>0, 1, 0</c2><c3>0, 0, 1</c3></rotation></pose><symmetry><x>twoFold</x><y>cylindrical</y><z>twoFold</z></symmetry><detectionScore>-1.0</detectionScore></element><element><id>42</id><category>person</category><bounds><corner1>-0.09389841203425053, -0.12114376705579932, -0.03893011893938203</corner1><corner2>0.09389841203425053, 0.12114376705579932, 0.03893011893938203</corner2></bounds><pose><translation>1.0606471029083422, -0.2721202957121201, 2.037372803475186</translation><rotation><c1>1, 0, 0</c1><c2>0, 1, 0</c2><c3>0, 0, 1</c3></rotation></pose><symmetry><x>twoFold</x><y>cylindrical</y><z>twoFold</z></symmetry><detectionScore>-1.0</detectionScore></element><element><id>43</id><category>fence</category><bounds><corner1>-1.0199931726925229, -1.1214402629875913, -5.407749774732786</corner1><corner2>1.0199931726925229, 1.1214402629875913, 5.407749774732786</corner2></bounds><pose><translation>-3.7131277821567283, -0.6086545487817959, 5.148134095921118</translation><rotation><c1>1, 0, 0</c1><c2>0, 1, 0</c2><c3>0, 0, 1</c3></rotation></pose><symmetry><x>twoFold</x><y>cylindrical</y><z>twoFold</z></symmetry><detectionScore>-1.0</detectionScore></element><element><id>44</id><category>fence</category><bounds><corner1>-4.081851504440425, -1.5381193822591923, -7.256032664173729</corner1><corner2>4.081851504440425, 1.5381193822591923, 7.256032664173729</corner2></bounds><pose><translation>-4.081851504440425, -0.4975265366054876, -7.256032664173729</translation><rotation><c1>1, 0, 0</c1><c2>0, 1, 0</c2><c3>0, 0, 1</c3></rotation></pose><symmetry><x>twoFold</x><y>cylindrical</y><z>twoFold</z></symmetry><detectionScore>-1.0</detectionScore></element><element><id>45</id><category>column</category><bounds><corner1>-3.357508542219616, -3.6551075946059064, -2.9022966222167703</corner1><corner2>3.357508542219616, 3.6551075946059064, 2.9022966222167703</corner2></bounds><pose><translation>-3.357508542219616, -0.3377771909097752, 2.3222036161103556</translation><rotation><c1>1, 0, 0</c1><c2>0, 1, 0</c2><c3>0, 0, 1</c3></rotation></pose><symmetry><x>twoFold</x><y>cylindrical</y><z>twoFold</z></symmetry><detectionScore>-1.0</detectionScore></element><element><id>46</id><category>window</category><bounds><corner1>-0.21158237671326252, -0.15816648322718327, -0.05047213177450449</corner1><corner2>0.21158237671326252, 0.15816648322718327, 0.05047213177450449</corner2></bounds><pose><translation>1.5249699156283663, -0.048646826369205136, 1.9941803022022808</translation><rotation><c1>1, 0, 0</c1><c2>0, 1, 0</c2><c3>0, 0, 1</c3></rotation></pose><symmetry><x>twoFold</x><y>cylindrical</y><z>twoFold</z></symmetry><detectionScore>-1.0</detectionScore></element><element><id>47</id><category>fence</category><bounds><corner1>-6.376292522707139, -1.5761323911829295, -1.4024795130902847</corner1><corner2>6.376292522707139, 1.5761323911829295, 1.4024795130902847</corner2></bounds><pose><translation>0.0, 0.0, -1.4024795130902847</translation><rotation><c1>1, 0, 0</c1><c2>0, 1, 0</c2><c3>0, 0, 1</c3></rotation></pose><symmetry><x>twoFold</x><y>cylindrical</y><z>twoFold</z></symmetry><detectionScore>-1.0</detectionScore></element><element><id>48</id><category>fence</category><bounds><corner1>-6.369878461767323, -1.5666020029351264, -2.9543321658862456</corner1><corner2>6.369878461767323, 1.5666020029351264, 2.9543321658862456</corner2></bounds><pose><translation>-6.369878461767323, -0.8705057719101298, 2.1968738835364525</translation><rotation><c1>1, 0, 0</c1><c2>0, 1, 0</c2><c3>0, 0, 1</c3></rotation></pose><symmetry><x>twoFold</x><y>cylindrical</y><z>twoFold</z></symmetry><detectionScore>-1.0</detectionScore></element><element><id>49</id><category>plant</category><bounds><corner1>-4.872590039913069, -0.5967456949803766, -1.432118562865406</corner1><corner2>4.872590039913069, 0.5967456949803766, 1.432118562865406</corner2></bounds><pose><translation>0.40409948039232596, -0.5967456949803766, -1.432118562865406</translation><rotation><c1>1, 0, 0</c1><c2>0, 1, 0</c2><c3>0, 0, 1</c3></rotation></pose><symmetry><x>twoFold</x><y>cylindrical</y><z>twoFold</z></symmetry><detectionScore>-1.0</detectionScore></element><element><id>50</id><category>window</category><bounds><corner1>-0.04242426915908171, -0.26999121225846723, -0.03401747459001969</corner1><corner2>0.04242426915908171, 0.26999121225846723, 0.03401747459001969</corner2></bounds><pose><translation>1.238166343060386, -0.017845990304109875, 2.0221801306366993</translation><rotation><c1>1, 0, 0</c1><c2>0, 1, 0</c2><c3>0, 0, 1</c3></rotation></pose><symmetry><x>twoFold</x><y>cylindrical</y><z>twoFold</z></symmetry><detectionScore>-1.0</detectionScore></element><element><id>51</id><category>plant</category><bounds><corner1>-2.382651481506727, -1.2293969876453046, -7.772274013041165</corner1><corner2>2.382651481506727, 1.2293969876453046, 7.772274013041165</corner2></bounds><pose><translation>-2.382651481506727, -0.4254457058091393, -7.772274013041165</translation><rotation><c1>1, 0, 0</c1><c2>0, 1, 0</c2><c3>0, 0, 1</c3></rotation></pose><symmetry><x>twoFold</x><y>cylindrical</y><z>twoFold</z></symmetry><detectionScore>-1.0</detectionScore></element><element><id>52</id><category>door</category><bounds><corner1>-5.379585303338848, -1.6220637546646124, -1.9250668150834338</corner1><corner2>5.379585303338848, 1.6220637546646124, 1.9250668150834338</corner2></bounds><pose><translation>3.7844923307331566, -0.40052530994885976, 1.7746062888209395</translation><rotation><c1>1, 0, 0</c1><c2>0, 1, 0</c2><c3>0, 0, 1</c3></rotation></pose><symmetry><x>twoFold</x><y>cylindrical</y><z>twoFold</z></symmetry><detectionScore>-1.0</detectionScore></element></elements></scene>