<?xml version='1.0' encoding='utf-8'?>
<scene xmlns:sumo="https://www.sumochallenge.org"><version>2.0</version><categories><id>fb_categories_v1.0</id><url>https://sumochallenge.org/en/categories-1_0.json</url></categories><project_type>bounding_box</project_type><elements><element><id>4</id><category>wall</category><bounds><corner1>-2.62872434, -1.16098343, -1.17201071</corner1><corner2>2.62872434, 1.16098343, 1.17201071</corner2></bounds><pose><translation>-3.43173814, -0.05731971,  0.38121749</translation><rotation><c1>1., 0., 0.</c1><c2>0., 1., 0.</c2><c3>0., 0., 1.</c3></rotation></pose><symmetry><x>none</x><y>twoFold</y><z>none</z></symmetry><detectionScore>0.8635639</detectionScore></element><element><id>5</id><category>door</category><bounds><corner1>-7.60594944, -0.98992754, -3.43907244</corner1><corner2>7.60594944, 0.98992754, 3.43907244</corner2></bounds><pose><translation> 8.84747461, -0.07854463,  1.97636611</translation><rotation><c1>1., 0., 0.</c1><c2>0., 1., 0.</c2><c3>0., 0., 1.</c3></rotation></pose><symmetry><x>twoFold</x><y>twoFold</y><z>twoFold</z></symmetry><detectionScore>0.9479242</detectionScore></element><element><id>11</id><category>kitchen_cabinet</category><bounds><corner1>-1.95553388, -1.06641089, -0.88663523</corner1><corner2>1.95553388, 1.06641089, 0.88663523</corner2></bounds><pose><translation> 3.06711483, -0.15866295,  8.30280384</translation><rotation><c1>1., 0., 0.</c1><c2>0., 1., 0.</c2><c3>0., 0., 1.</c3></rotation></pose><symmetry><x>none</x><y>none</y><z>none</z></symmetry><detectionScore>0.53341967</detectionScore></element><element><id>10</id><category>kitchen_cabinet</category><bounds><corner1>-1.32683089, -1.03430325, -0.37056798</corner1><corner2>1.32683089, 1.03430325, 0.37056798</corner2></bounds><pose><translation> 4.5799092 , -0.05892652,  8.41721441</translation><rotation><c1>1., 0., 0.</c1><c2>0., 1., 0.</c2><c3>0., 0., 1.</c3></rotation></pose><symmetry><x>none</x><y>none</y><z>none</z></symmetry><detectionScore>0.8476028</detectionScore></element><element><id>3</id><category>wall</category><bounds><corner1>-1.20308033, -1.28146946, -0.03175862</corner1><corner2>1.20308033, 1.28146946, 0.03175862</corner2></bounds><pose><translation>-3.00102678, -0.09229901,  1.57845183</translation><rotation><c1>1., 0., 0.</c1><c2>0., 1., 0.</c2><c3>0., 0., 1.</c3></rotation></pose><symmetry><x>none</x><y>twoFold</y><z>none</z></symmetry><detectionScore>0.6418215</detectionScore></element><element><id>2</id><category>ottoman</category><bounds><corner1>-0.08512793, -0.12316501, -0.769152  </corner1><corner2>0.08512793, 0.12316501, 0.769152  </corner2></bounds><pose><translation>-1.58507512, -1.06017276,  0.81482803</translation><rotation><c1>1., 0., 0.</c1><c2>0., 1., 0.</c2><c3>0., 0., 1.</c3></rotation></pose><symmetry><x>none</x><y>twoFold</y><z>none</z></symmetry><detectionScore>0.66310656</detectionScore></element><element><id>8</id><category>food_processor</category><bounds><corner1>-1.51456479, -0.36792479, -0.24052057</corner1><corner2>1.51456479, 0.36792479, 0.24052057</corner2></bounds><pose><translation> 3.30398238, -0.11214337, -2.12786176</translation><rotation><c1>1., 0., 0.</c1><c2>0., 1., 0.</c2><c3>0., 0., 1.</c3></rotation></pose><symmetry><x>none</x><y>fourFold</y><z>none</z></symmetry><detectionScore>0.91207004</detectionScore></element><element><id>6</id><category>kitchen_cabinet</category><bounds><corner1>-3.38954843, -0.5949368 , -0.08877677</corner1><corner2>3.38954843, 0.5949368 , 0.08877677</corner2></bounds><pose><translation> 4.68356287, -0.62908361, -1.82165034</translation><rotation><c1>1., 0., 0.</c1><c2>0., 1., 0.</c2><c3>0., 0., 1.</c3></rotation></pose><symmetry><x>none</x><y>none</y><z>none</z></symmetry><detectionScore>0.6504378</detectionScore></element><element><id>12</id><category>person</category><bounds><corner1>-0.86127693, -1.28432108, -0.36102035</corner1><corner2>0.86127693, 1.28432108, 0.36102035</corner2></bounds><pose><translation> 0.75667284, -0.57964004, -1.65697796</translation><rotation><c1>1., 0., 0.</c1><c2>0., 1., 0.</c2><c3>0., 0., 1.</c3></rotation></pose><symmetry><x>none</x><y>none</y><z>none</z></symmetry><detectionScore>0.9622493</detectionScore></element></elements></scene>