<?xml version='1.0' encoding='utf-8'?>
<scene xmlns:sumo="https://www.sumochallenge.org"><version>2.0</version><categories><id>fb_categories_v1_0</id><url>https://sumochallenge.org/en/categories-1_0.json</url></categories><project_type>bounding_box</project_type><elements><element><id>0</id><category>window</category><bounds><corner1>-0.2500798348144413, -0.9791789280273809, -0.9444400877048267</corner1><corner2>0.2500798348144413, 0.9791789280273809, 0.9444400877048267</corner2></bounds><pose><translation>-1.498353978795169, 0.08355945854850785, -0.3350082997907016</translation><rotation><c1>1, 0, 0</c1><c2>0, 1, 0</c2><c3>0, 0, 1</c3></rotation></pose><symmetry><x>twoFold</x><y>cylindrical</y><z>twoFold</z></symmetry><detectionScore>-1.0</detectionScore></element><element><id>1</id><category>coffee_table</category><bounds><corner1>-0.5625732830824561, -0.586504778042058, -0.4724213818347822</corner1><corner2>0.5625732830824561, 0.586504778042058, 0.4724213818347822</corner2></bounds><pose><translation>-0.4107772510286708, -1.2806643524839947, -1.855030780540312</translation><rotation><c1>1, 0, 0</c1><c2>0, 1, 0</c2><c3>0, 0, 1</c3></rotation></pose><symmetry><x>twoFold</x><y>cylindrical</y><z>twoFold</z></symmetry><detectionScore>-1.0</detectionScore></element><element><id>2</id><category>cart</category><bounds><corner1>-0.5004258554438181, -0.5913951571472048, -0.43289545557077</corner1><corner2>0.5004258554438181, 0.5913951571472048, 0.43289545557077</corner2></bounds><pose><translation>-0.40189825093292986, -1.287201344758322, -1.8067450555332374</translation><rotation><c1>1, 0, 0</c1><c2>0, 1, 0</c2><c3>0, 0, 1</c3></rotation></pose><symmetry><x>twoFold</x><y>cylindrical</y><z>twoFold</z></symmetry><detectionScore>-1.0</detectionScore></element><element><id>3</id><category>sofa</category><bounds><corner1>-1.5733770405675391, -0.8539237133163313, -3.537783171188403</corner1><corner2>1.5733770405675391, 0.8539237133163313, 3.537783171188403</corner2></bounds><pose><translation>-0.4695777254224496, -1.1520943102274845, 1.8518941847880563</translation><rotation><c1>1, 0, 0</c1><c2>0, 1, 0</c2><c3>0, 0, 1</c3></rotation></pose><symmetry><x>twoFold</x><y>cylindrical</y><z>twoFold</z></symmetry><detectionScore>-1.0</detectionScore></element><element><id>4</id><category>kitchen_cabinet</category><bounds><corner1>-0.6781616413716434, -0.39750732539948685, -1.0113380311616802</corner1><corner2>0.6781616413716434, 0.39750732539948685, 1.0113380311616802</corner2></bounds><pose><translation>-0.4406037844439445, -0.9454266824414002, -2.4202198173487073</translation><rotation><c1>1, 0, 0</c1><c2>0, 1, 0</c2><c3>0, 0, 1</c3></rotation></pose><symmetry><x>twoFold</x><y>cylindrical</y><z>twoFold</z></symmetry><detectionScore>-1.0</detectionScore></element><element><id>5</id><category>kitchen_cabinet</category><bounds><corner1>-0.4517105566141985, -1.5903952287792489, -1.5108104981608528</corner1><corner2>0.4517105566141985, 1.5903952287792489, 1.5108104981608528</corner2></bounds><pose><translation>-0.2914812738043302, -0.5073645966710131, -2.9959421183213415</translation><rotation><c1>1, 0, 0</c1><c2>0, 1, 0</c2><c3>0, 0, 1</c3></rotation></pose><symmetry><x>twoFold</x><y>cylindrical</y><z>twoFold</z></symmetry><detectionScore>-1.0</detectionScore></element><element><id>6</id><category>curtain</category><bounds><corner1>-0.23883349560060685, -1.1587197959930549, -1.0684124954509888</corner1><corner2>0.23883349560060685, 1.1587197959930549, 1.0684124954509888</corner2></bounds><pose><translation>-1.4168979261540209, 0.08192659652105024, -0.28561183427429054</translation><rotation><c1>1, 0, 0</c1><c2>0, 1, 0</c2><c3>0, 0, 1</c3></rotation></pose><symmetry><x>twoFold</x><y>cylindrical</y><z>twoFold</z></symmetry><detectionScore>-1.0</detectionScore></element><element><id>7</id><category>wall</category><bounds><corner1>-3.1829093164506066, -1.350279638855446, -10.154582453134392</corner1><corner2>3.1829093164506066, 1.350279638855446, 10.154582453134392</corner2></bounds><pose><translation>2.192213588628932, -0.005120045026007086, 5.177244440462952</translation><rotation><c1>1, 0, 0</c1><c2>0, 1, 0</c2><c3>0, 0, 1</c3></rotation></pose><symmetry><x>twoFold</x><y>cylindrical</y><z>twoFold</z></symmetry><detectionScore>-1.0</detectionScore></element><element><id>8</id><category>desk</category><bounds><corner1>-0.5379640550087398, -0.5813920075933605, -0.46693245421746643</corner1><corner2>0.5379640550087398, 0.5813920075933605, 0.46693245421746643</corner2></bounds><pose><translation>-0.4180612075529161, -1.2755515820352972, -1.8509970861801632</translation><rotation><c1>1, 0, 0</c1><c2>0, 1, 0</c2><c3>0, 0, 1</c3></rotation></pose><symmetry><x>twoFold</x><y>cylindrical</y><z>twoFold</z></symmetry><detectionScore>-1.0</detectionScore></element><element><id>9</id><category>wall</category><bounds><corner1>-2.026221061423264, -1.5343517588853108, -1.5522763158454786</corner1><corner2>2.026221061423264, 1.5343517588853108, 1.5522763158454786</corner2></bounds><pose><translation>0.6507119673081644, -0.11874267217025845, -3.015605286597047</translation><rotation><c1>1, 0, 0</c1><c2>0, 1, 0</c2><c3>0, 0, 1</c3></rotation></pose><symmetry><x>twoFold</x><y>cylindrical</y><z>twoFold</z></symmetry><detectionScore>-1.0</detectionScore></element><element><id>10</id><category>wall</category><bounds><corner1>-13.091820254259382, -1.5535950232287117, -13.961906979759984</corner1><corner2>13.091820254259382, 1.5535950232287117, 13.961906979759984</corner2></bounds><pose><translation>5.8551729711711, -0.07451758812591798, 1.0439636313963847</translation><rotation><c1>1, 0, 0</c1><c2>0, 1, 0</c2><c3>0, 0, 1</c3></rotation></pose><symmetry><x>twoFold</x><y>cylindrical</y><z>twoFold</z></symmetry><detectionScore>-1.0</detectionScore></element><element><id>11</id><category>plant</category><bounds><corner1>-0.7221880528435287, -0.9018117030626558, -1.3499654984980305</corner1><corner2>0.7221880528435287, 0.9018117030626558, 1.3499654984980305</corner2></bounds><pose><translation>-0.6031336799990614, -0.7395160127500098, 4.012061129444587</translation><rotation><c1>1, 0, 0</c1><c2>0, 1, 0</c2><c3>0, 0, 1</c3></rotation></pose><symmetry><x>twoFold</x><y>cylindrical</y><z>twoFold</z></symmetry><detectionScore>-1.0</detectionScore></element><element><id>12</id><category>wall</category><bounds><corner1>-13.122143407070137, -1.5980870997259409, -10.532204268573672</corner1><corner2>13.122143407070137, 1.5980870997259409, 10.532204268573672</corner2></bounds><pose><translation>5.824849818360344, -0.11900966462314717, 4.473666342582699</translation><rotation><c1>1, 0, 0</c1><c2>0, 1, 0</c2><c3>0, 0, 1</c3></rotation></pose><symmetry><x>twoFold</x><y>cylindrical</y><z>twoFold</z></symmetry><detectionScore>-1.0</detectionScore></element><element><id>13</id><category>kitchen_cabinet</category><bounds><corner1>-0.7870487899538562, -1.6519614298181247, -1.2026883993366448</corner1><corner2>0.7870487899538562, 1.6519614298181247, 1.2026883993366448</corner2></bounds><pose><translation>0.6396591641242063, -0.5307902954626245, -2.9956708455995265</translation><rotation><c1>1, 0, 0</c1><c2>0, 1, 0</c2><c3>0, 0, 1</c3></rotation></pose><symmetry><x>twoFold</x><y>cylindrical</y><z>twoFold</z></symmetry><detectionScore>-1.0</detectionScore></element><element><id>14</id><category>kitchen_cabinet</category><bounds><corner1>-0.5064397767227881, -0.811886287953447, -1.235008661245252</corner1><corner2>0.5064397767227881, 0.811886287953447, 1.235008661245252</corner2></bounds><pose><translation>-0.8368006769334682, -0.6841547625536699, -2.6730586289249745</translation><rotation><c1>1, 0, 0</c1><c2>0, 1, 0</c2><c3>0, 0, 1</c3></rotation></pose><symmetry><x>twoFold</x><y>cylindrical</y><z>twoFold</z></symmetry><detectionScore>-1.0</detectionScore></element><element><id>15</id><category>door</category><bounds><corner1>-3.5525822257058897, -1.381334878544691, -10.129735437060235</corner1><corner2>3.5525822257058897, 1.381334878544691, 10.129735437060235</corner2></bounds><pose><translation>1.822540679373649, -0.046870847173251254, 5.20209145653711</translation><rotation><c1>1, 0, 0</c1><c2>0, 1, 0</c2><c3>0, 0, 1</c3></rotation></pose><symmetry><x>twoFold</x><y>cylindrical</y><z>twoFold</z></symmetry><detectionScore>-1.0</detectionScore></element><element><id>16</id><category>chair</category><bounds><corner1>-0.43823797899300315, -0.645040480911679, -0.4871393348631545</corner1><corner2>0.43823797899300315, 0.645040480911679, 0.4871393348631545</corner2></bounds><pose><translation>-0.45715108033639407, -1.2566417566015253, -1.8697487335686842</translation><rotation><c1>1, 0, 0</c1><c2>0, 1, 0</c2><c3>0, 0, 1</c3></rotation></pose><symmetry><x>twoFold</x><y>cylindrical</y><z>twoFold</z></symmetry><detectionScore>-1.0</detectionScore></element><element><id>17</id><category>door</category><bounds><corner1>-13.165302174609852, -1.9507694971424274, -9.915143678258449</corner1><corner2>13.165302174609852, 1.9507694971424274, 9.915143678258449</corner2></bounds><pose><translation>5.781691050820631, -0.47169206203963354, 5.09072693289792</translation><rotation><c1>1, 0, 0</c1><c2>0, 1, 0</c2><c3>0, 0, 1</c3></rotation></pose><symmetry><x>twoFold</x><y>cylindrical</y><z>twoFold</z></symmetry><detectionScore>-1.0</detectionScore></element><element><id>18</id><category>kitchen_cabinet</category><bounds><corner1>-1.0028228135796338, -1.5700755855560242, -0.4038540982699126</corner1><corner2>1.0028228135796338, 1.5700755855560242, 0.4038540982699126</corner2></bounds><pose><translation>1.6264816519550884, -0.5210372693313586, -2.9349762673571855</translation><rotation><c1>1, 0, 0</c1><c2>0, 1, 0</c2><c3>0, 0, 1</c3></rotation></pose><symmetry><x>twoFold</x><y>cylindrical</y><z>twoFold</z></symmetry><detectionScore>-1.0</detectionScore></element><element><id>19</id><category>xbox</category><bounds><corner1>-2.1206322918164022, -0.32368005463993477, -2.244345626007844</corner1><corner2>2.1206322918164022, 0.32368005463993477, 2.244345626007844</corner2></bounds><pose><translation>1.7547299199352189, -1.444239850658944, 3.090113052892071</translation><rotation><c1>1, 0, 0</c1><c2>0, 1, 0</c2><c3>0, 0, 1</c3></rotation></pose><symmetry><x>twoFold</x><y>cylindrical</y><z>twoFold</z></symmetry><detectionScore>-1.0</detectionScore></element><element><id>20</id><category>plant</category><bounds><corner1>-0.934803180544848, -1.2383722456022168, -1.1881628999574414</corner1><corner2>0.934803180544848, 1.2383722456022168, 1.1881628999574414</corner2></bounds><pose><translation>5.053534729693415, -0.6603101749073416, -2.2024667801644657</translation><rotation><c1>1, 0, 0</c1><c2>0, 1, 0</c2><c3>0, 0, 1</c3></rotation></pose><symmetry><x>twoFold</x><y>cylindrical</y><z>twoFold</z></symmetry><detectionScore>-1.0</detectionScore></element><element><id>21</id><category>coffee_table</category><bounds><corner1>-2.0510284082043446, -0.5835936364787866, -1.7511922877590407</corner1><corner2>2.0510284082043446, 0.5835936364787866, 1.7511922877590407</corner2></bounds><pose><translation>1.7393655078069725, -1.61978867572186, 2.905347751343338</translation><rotation><c1>1, 0, 0</c1><c2>0, 1, 0</c2><c3>0, 0, 1</c3></rotation></pose><symmetry><x>twoFold</x><y>cylindrical</y><z>twoFold</z></symmetry><detectionScore>-1.0</detectionScore></element><element><id>22</id><category>table_and_chair</category><bounds><corner1>-1.762462156523397, -0.9315613377473078, -1.208573813546593</corner1><corner2>1.762462156523397, 0.9315613377473078, 1.208573813546593</corner2></bounds><pose><translation>4.241936857478791, -1.3313510955135048, -1.4915293110303243</translation><rotation><c1>1, 0, 0</c1><c2>0, 1, 0</c2><c3>0, 0, 1</c3></rotation></pose><symmetry><x>twoFold</x><y>cylindrical</y><z>twoFold</z></symmetry><detectionScore>-1.0</detectionScore></element><element><id>23</id><category>curtain</category><bounds><corner1>-3.265210619074329, -1.3344640313714398, -10.137945277843269</corner1><corner2>3.265210619074329, 1.3344640313714398, 10.137945277843269</corner2></bounds><pose><translation>2.1099122860052097, 0.0, 5.1938816157540755</translation><rotation><c1>1, 0, 0</c1><c2>0, 1, 0</c2><c3>0, 0, 1</c3></rotation></pose><symmetry><x>twoFold</x><y>cylindrical</y><z>twoFold</z></symmetry><detectionScore>-1.0</detectionScore></element><element><id>24</id><category>chandelier</category><bounds><corner1>-3.05076241613318, -0.09887129166083142, -2.9324824851142615</corner1><corner2>3.05076241613318, 0.09887129166083142, 2.9324824851142615</corner2></bounds><pose><translation>2.8961033117499397, 1.3401801377118547, 1.9376687297538013</translation><rotation><c1>1, 0, 0</c1><c2>0, 1, 0</c2><c3>0, 0, 1</c3></rotation></pose><symmetry><x>twoFold</x><y>cylindrical</y><z>twoFold</z></symmetry><detectionScore>-1.0</detectionScore></element></elements></scene>