<?xml version='1.0' encoding='utf-8'?>
<scene xmlns:sumo="https://www.sumochallenge.org"><version>2.0</version><categories><id>fb_categories_v1_0</id><url>https://sumochallenge.org/en/categories-1_0.json</url></categories><project_type>bounding_box</project_type><elements><element><id>0</id><category>partition</category><bounds><corner1>-10.165338057090892, -1.1368853660231328, -1.4525017198591357</corner1><corner2>10.165338057090892, 1.1368853660231328, 1.4525017198591357</corner2></bounds><pose><translation>3.9686408273690654, 1.1890862330120593, -0.12112477744446337</translation><rotation><c1>0, 0, 0</c1><c2>0, 0, 0</c2><c3>0, 0, 0</c3></rotation></pose><symmetry><x>twoFold</x><y>cylindrical</y><z>twoFold</z></symmetry><detectionScore>-1.0</detectionScore></element><element><id>1</id><category>column</category><bounds><corner1>-3.4930606973065164, -0.8795725719319423, -1.4330939812683219</corner1><corner2>3.4930606973065164, 0.8795725719319423, 1.4330939812683219</corner2></bounds><pose><translation>3.9290025653634464, 1.540213552144703, -0.10975117047907464</translation><rotation><c1>0, 0, 0</c1><c2>0, 0, 0</c2><c3>0, 0, 0</c3></rotation></pose><symmetry><x>twoFold</x><y>cylindrical</y><z>twoFold</z></symmetry><detectionScore>-1.0</detectionScore></element><element><id>2</id><category>wall</category><bounds><corner1>-1.0109311963036385, -1.7403197671567447, -1.4167178335435764</corner1><corner2>1.0109311963036385, 1.7403197671567447, 1.4167178335435764</corner2></bounds><pose><translation>-2.136409145077402, -6.220371384980682, -0.1314373979241255</translation><rotation><c1>0, 0, 0</c1><c2>0, 0, 0</c2><c3>0, 0, 0</c3></rotation></pose><symmetry><x>twoFold</x><y>cylindrical</y><z>twoFold</z></symmetry><detectionScore>-1.0</detectionScore></element><element><id>3</id><category>shelving</category><bounds><corner1>-1.748031976376643, -0.24275233977660982, -0.5491834931815269</corner1><corner2>1.748031976376643, 0.24275233977660982, 0.5491834931815269</corner2></bounds><pose><translation>0.20395168407442626, 2.386854790470607, -1.3936642358244469</translation><rotation><c1>0, 0, 0</c1><c2>0, 0, 0</c2><c3>0, 0, 0</c3></rotation></pose><symmetry><x>twoFold</x><y>cylindrical</y><z>twoFold</z></symmetry><detectionScore>-1.0</detectionScore></element><element><id>4</id><category>wall</category><bounds><corner1>-2.3037496530578787, -0.11340964701708289, -1.4848680109081773</corner1><corner2>2.3037496530578787, 0.11340964701708289, 1.4848680109081773</corner2></bounds><pose><translation>-0.07159118504248914, 2.5303918998286226, -0.10028385608654632</translation><rotation><c1>0, 0, 0</c1><c2>0, 0, 0</c2><c3>0, 0, 0</c3></rotation></pose><symmetry><x>twoFold</x><y>cylindrical</y><z>twoFold</z></symmetry><detectionScore>-1.0</detectionScore></element><element><id>5</id><category>wall</category><bounds><corner1>-10.91291894745449, -1.1602482161661962, -1.2985789015040734</corner1><corner2>10.91291894745449, 1.1602482161661962, 1.2985789015040734</corner2></bounds><pose><translation>3.9724605742320263, -2.7885472641192495, -0.05851192352031246</translation><rotation><c1>0, 0, 0</c1><c2>0, 0, 0</c2><c3>0, 0, 0</c3></rotation></pose><symmetry><x>twoFold</x><y>cylindrical</y><z>twoFold</z></symmetry><detectionScore>-1.0</detectionScore></element><element><id>6</id><category>table_lamp</category><bounds><corner1>-1.9931790745316338, -1.0574403030738493, -1.0193660568791958</corner1><corner2>1.9931790745316338, 1.0574403030738493, 1.0193660568791958</corner2></bounds><pose><translation>3.8596692142288305, 1.3690407631670563, -1.004847233910977</translation><rotation><c1>0, 0, 0</c1><c2>0, 0, 0</c2><c3>0, 0, 0</c3></rotation></pose><symmetry><x>twoFold</x><y>cylindrical</y><z>twoFold</z></symmetry><detectionScore>-1.0</detectionScore></element><element><id>7</id><category>column</category><bounds><corner1>-0.4689814172608262, -3.8845765907750724, -1.0858418187869134</corner1><corner2>0.4689814172608262, 3.8845765907750724, 1.0858418187869134</corner2></bounds><pose><translation>9.15355499106018, -14.564309953555435, 0.1570694564735171</translation><rotation><c1>0, 0, 0</c1><c2>0, 0, 0</c2><c3>0, 0, 0</c3></rotation></pose><symmetry><x>twoFold</x><y>cylindrical</y><z>twoFold</z></symmetry><detectionScore>-1.0</detectionScore></element><element><id>8</id><category>stand</category><bounds><corner1>-2.0948463512929134, -1.5194131215819842, -0.4289947933907986</corner1><corner2>2.0948463512929134, 1.5194131215819842, 0.4289947933907986</corner2></bounds><pose><translation>2.543422187143503, 0.825757354241107, -1.2947551604143712</translation><rotation><c1>0, 0, 0</c1><c2>0, 0, 0</c2><c3>0, 0, 0</c3></rotation></pose><symmetry><x>twoFold</x><y>cylindrical</y><z>twoFold</z></symmetry><detectionScore>-1.0</detectionScore></element><element><id>9</id><category>wall</category><bounds><corner1>-11.006687928977314, -1.1842232303950928, -1.45691665020322</corner1><corner2>11.006687928977314, 1.1842232303950928, 1.45691665020322</corner2></bounds><pose><translation>3.9810948979423886, -1.7216645145057783, -0.1595059288719698</translation><rotation><c1>0, 0, 0</c1><c2>0, 0, 0</c2><c3>0, 0, 0</c3></rotation></pose><symmetry><x>twoFold</x><y>cylindrical</y><z>twoFold</z></symmetry><detectionScore>-1.0</detectionScore></element><element><id>10</id><category>wall</category><bounds><corner1>-6.195593104317201, -6.527558672015904, -1.3059009278281435</corner1><corner2>6.195593104317201, 6.527558672015904, 1.3059009278281435</corner2></bounds><pose><translation>0.37947680389940563, -9.368011404299445, -0.06875938051998123</translation><rotation><c1>0, 0, 0</c1><c2>0, 0, 0</c2><c3>0, 0, 0</c3></rotation></pose><symmetry><x>twoFold</x><y>cylindrical</y><z>twoFold</z></symmetry><detectionScore>-1.0</detectionScore></element><element><id>11</id><category>door</category><bounds><corner1>-0.7990035649702985, -1.5260489669536996, -1.1896303061726972</corner1><corner2>0.7990035649702985, 1.5260489669536996, 1.1896303061726972</corner2></bounds><pose><translation>-2.1597037233880516, -5.630820030513464, -0.26217085127946427</translation><rotation><c1>0, 0, 0</c1><c2>0, 0, 0</c2><c3>0, 0, 0</c3></rotation></pose><symmetry><x>twoFold</x><y>cylindrical</y><z>twoFold</z></symmetry><detectionScore>-1.0</detectionScore></element><element><id>12</id><category>floor_lamp</category><bounds><corner1>-5.867264674419406, -2.820089006677098, -1.1406791402476288</corner1><corner2>5.867264674419406, 2.820089006677098, 1.1406791402476288</corner2></bounds><pose><translation>3.966086271269442, -5.8539163152978615, -1.207719864690557</translation><rotation><c1>0, 0, 0</c1><c2>0, 0, 0</c2><c3>0, 0, 0</c3></rotation></pose><symmetry><x>twoFold</x><y>cylindrical</y><z>twoFold</z></symmetry><detectionScore>-1.0</detectionScore></element><element><id>13</id><category>window</category><bounds><corner1>-0.12711194816337956, -0.7749228311755536, -1.4709152869011894</corner1><corner2>0.12711194816337956, 0.7749228311755536, 1.4709152869011894</corner2></bounds><pose><translation>-2.5201705805680805, 0.4676367336084284, -0.23881263324534066</translation><rotation><c1>0, 0, 0</c1><c2>0, 0, 0</c2><c3>0, 0, 0</c3></rotation></pose><symmetry><x>twoFold</x><y>cylindrical</y><z>twoFold</z></symmetry><detectionScore>-1.0</detectionScore></element><element><id>14</id><category>wall</category><bounds><corner1>-2.6037217688891614, -10.800587991061326, -1.291668017388479</corner1><corner2>2.6037217688891614, 10.800587991061326, 1.291668017388479</corner2></bounds><pose><translation>7.074705150421438, -14.573834778325029, -0.08367701317953152</translation><rotation><c1>0, 0, 0</c1><c2>0, 0, 0</c2><c3>0, 0, 0</c3></rotation></pose><symmetry><x>twoFold</x><y>cylindrical</y><z>twoFold</z></symmetry><detectionScore>-1.0</detectionScore></element><element><id>15</id><category>picture_frame</category><bounds><corner1>-0.4252772130103195, -0.649612277351344, -0.9652076943516572</corner1><corner2>0.4252772130103195, 0.649612277351344, 0.9652076943516572</corner2></bounds><pose><translation>-2.2205280312091826, -3.1373390944793305, 0.39982627277396765</translation><rotation><c1>0, 0, 0</c1><c2>0, 0, 0</c2><c3>0, 0, 0</c3></rotation></pose><symmetry><x>twoFold</x><y>cylindrical</y><z>twoFold</z></symmetry><detectionScore>-1.0</detectionScore></element><element><id>16</id><category>dining_table</category><bounds><corner1>-0.9385711504164775, -0.5300517614032167, -0.4588762925292251</corner1><corner2>0.9385711504164775, 0.5300517614032167, 0.4588762925292251</corner2></bounds><pose><translation>0.03044793901462754, -3.325830345326818, -1.6528007758180652</translation><rotation><c1>0, 0, 0</c1><c2>0, 0, 0</c2><c3>0, 0, 0</c3></rotation></pose><symmetry><x>twoFold</x><y>cylindrical</y><z>twoFold</z></symmetry><detectionScore>-1.0</detectionScore></element><element><id>17</id><category>sofa</category><bounds><corner1>-2.860027273028808, -1.6509427407849784, -0.5809473365402905</corner1><corner2>2.860027273028808, 1.6509427407849784, 0.5809473365402905</corner2></bounds><pose><translation>-0.5480659648087289, -4.703874520548718, -1.1355755881778882</translation><rotation><c1>0, 0, 0</c1><c2>0, 0, 0</c2><c3>0, 0, 0</c3></rotation></pose><symmetry><x>twoFold</x><y>cylindrical</y><z>twoFold</z></symmetry><detectionScore>-1.0</detectionScore></element><element><id>18</id><category>chair</category><bounds><corner1>-4.963692330378844, -3.714264132155565, -1.2714973145465112</corner1><corner2>4.963692330378844, 3.714264132155565, 1.2714973145465112</corner2></bounds><pose><translation>4.862678157267089, -6.788995923026141, -1.5092308533323642</translation><rotation><c1>0, 0, 0</c1><c2>0, 0, 0</c2><c3>0, 0, 0</c3></rotation></pose><symmetry><x>twoFold</x><y>cylindrical</y><z>twoFold</z></symmetry><detectionScore>-1.0</detectionScore></element><element><id>19</id><category>table_lamp</category><bounds><corner1>-4.93022867466892, -3.790230216014492, -1.2995150112474583</corner1><corner2>4.93022867466892, 3.790230216014492, 1.2995150112474583</corner2></bounds><pose><translation>4.909582868055769, -6.882554398328867, -1.50886973296271</translation><rotation><c1>0, 0, 0</c1><c2>0, 0, 0</c2><c3>0, 0, 0</c3></rotation></pose><symmetry><x>twoFold</x><y>cylindrical</y><z>twoFold</z></symmetry><detectionScore>-1.0</detectionScore></element><element><id>20</id><category>chair</category><bounds><corner1>-0.618494003778319, -0.3540517953096516, -0.45988749196628587</corner1><corner2>0.618494003778319, 0.3540517953096516, 0.45988749196628587</corner2></bounds><pose><translation>0.2101501369303855, -3.2112701041977347, -1.6596541834761416</translation><rotation><c1>0, 0, 0</c1><c2>0, 0, 0</c2><c3>0, 0, 0</c3></rotation></pose><symmetry><x>twoFold</x><y>cylindrical</y><z>twoFold</z></symmetry><detectionScore>-1.0</detectionScore></element><element><id>21</id><category>floor_lamp</category><bounds><corner1>-1.1224772963339456, -2.3514886891229487, -1.9763748053327228</corner1><corner2>1.1224772963339456, 2.3514886891229487, 1.9763748053327228</corner2></bounds><pose><translation>-0.4794417837814138, -5.194185998771455, -0.7057806984303134</translation><rotation><c1>0, 0, 0</c1><c2>0, 0, 0</c2><c3>0, 0, 0</c3></rotation></pose><symmetry><x>twoFold</x><y>cylindrical</y><z>twoFold</z></symmetry><detectionScore>-1.0</detectionScore></element><element><id>22</id><category>kitchen_cabinet</category><bounds><corner1>-11.101667258330234, -2.4696728375920176, -1.5948647054038334</corner1><corner2>11.101667258330234, 2.4696728375920176, 1.5948647054038334</corner2></bounds><pose><translation>4.030196751542851, -0.1566376998535738, -0.3540308096951861</translation><rotation><c1>0, 0, 0</c1><c2>0, 0, 0</c2><c3>0, 0, 0</c3></rotation></pose><symmetry><x>twoFold</x><y>cylindrical</y><z>twoFold</z></symmetry><detectionScore>-1.0</detectionScore></element><element><id>23</id><category>wall</category><bounds><corner1>-10.323537637507416, -1.1529387592091485, -1.531486243994951</corner1><corner2>10.323537637507416, 1.1529387592091485, 1.531486243994951</corner2></bounds><pose><translation>3.9705609490675156, 1.1739722080110855, -0.21840015803446386</translation><rotation><c1>0, 0, 0</c1><c2>0, 0, 0</c2><c3>0, 0, 0</c3></rotation></pose><symmetry><x>twoFold</x><y>cylindrical</y><z>twoFold</z></symmetry><detectionScore>-1.0</detectionScore></element><element><id>24</id><category>floor_lamp</category><bounds><corner1>-4.46091539369346, -1.0685856302244476, -1.369675487074586</corner1><corner2>4.46091539369346, 1.0685856302244476, 1.369675487074586</corner2></bounds><pose><translation>2.8289530926117767, 1.3571580018306981, -1.1352663807147025</translation><rotation><c1>0, 0, 0</c1><c2>0, 0, 0</c2><c3>0, 0, 0</c3></rotation></pose><symmetry><x>twoFold</x><y>cylindrical</y><z>twoFold</z></symmetry><detectionScore>-1.0</detectionScore></element><element><id>25</id><category>coffee_table</category><bounds><corner1>-0.952990707643278, -0.4959978575134407, -0.4569423738060021</corner1><corner2>0.952990707643278, 0.4959978575134407, 0.4569423738060021</corner2></bounds><pose><translation>0.10351085983087076, -3.3409295976883318, -1.6503867783812083</translation><rotation><c1>0, 0, 0</c1><c2>0, 0, 0</c2><c3>0, 0, 0</c3></rotation></pose><symmetry><x>twoFold</x><y>cylindrical</y><z>twoFold</z></symmetry><detectionScore>-1.0</detectionScore></element><element><id>26</id><category>television</category><bounds><corner1>-1.7185336388632426, -0.11878602550167106, -0.8203435433040547</corner1><corner2>1.7185336388632426, 0.11878602550167106, 0.8203435433040547</corner2></bounds><pose><translation>0.30451000015143764, 2.5058757894803683, -0.13134101050486138</translation><rotation><c1>0, 0, 0</c1><c2>0, 0, 0</c2><c3>0, 0, 0</c3></rotation></pose><symmetry><x>twoFold</x><y>cylindrical</y><z>twoFold</z></symmetry><detectionScore>-1.0</detectionScore></element><element><id>27</id><category>door</category><bounds><corner1>-10.306591239781325, -1.18715877561165, -1.5408433896236546</corner1><corner2>10.306591239781325, 1.18715877561165, 1.5408433896236546</corner2></bounds><pose><translation>3.966630168497199, 1.138382795980159, -0.21719826902124748</translation><rotation><c1>0, 0, 0</c1><c2>0, 0, 0</c2><c3>0, 0, 0</c3></rotation></pose><symmetry><x>twoFold</x><y>cylindrical</y><z>twoFold</z></symmetry><detectionScore>-1.0</detectionScore></element><element><id>28</id><category>column</category><bounds><corner1>-9.206583811951681, -1.0435262925936548, -1.1921791487138853</corner1><corner2>9.206583811951681, 1.0435262925936548, 1.1921791487138853</corner2></bounds><pose><translation>3.917615095762393, -2.9360844613781287, 0.12190251463619618</translation><rotation><c1>0, 0, 0</c1><c2>0, 0, 0</c2><c3>0, 0, 0</c3></rotation></pose><symmetry><x>twoFold</x><y>cylindrical</y><z>twoFold</z></symmetry><detectionScore>-1.0</detectionScore></element><element><id>29</id><category>wall</category><bounds><corner1>-0.4610339950726736, -3.883179720687586, -1.1420000876214746</corner1><corner2>0.4610339950726736, 3.883179720687586, 1.1420000876214746</corner2></bounds><pose><translation>9.161502413248332, -14.566985930541385, 0.10059612436493623</translation><rotation><c1>0, 0, 0</c1><c2>0, 0, 0</c2><c3>0, 0, 0</c3></rotation></pose><symmetry><x>twoFold</x><y>cylindrical</y><z>twoFold</z></symmetry><detectionScore>-1.0</detectionScore></element></elements></scene>