<?xml version='1.0' encoding='utf-8'?>
<scene xmlns:sumo="https://www.sumochallenge.org"><version>2.0</version><categories><id>fb_categories_v1.0</id><url>https://sumochallenge.org/en/categories-1_0.json</url></categories><project_type>bounding_box</project_type><elements><element><id>6</id><category>window</category><bounds><corner1>-0.71450291, -1.07896228, -0.03799819</corner1><corner2>0.71450291, 1.07896228, 0.03799819</corner2></bounds><pose><translation>-0.184622  , -0.07256184,  2.36694089</translation><rotation><c1>1., 0., 0.</c1><c2>0., 1., 0.</c2><c3>0., 0., 1.</c3></rotation></pose><symmetry><x>none</x><y>none</y><z>none</z></symmetry><detectionScore>-1</detectionScore></element><element><id>7</id><category>books</category><bounds><corner1>-0.1825811 , -0.19926978, -0.32193144</corner1><corner2>0.1825811 , 0.19926978, 0.32193144</corner2></bounds><pose><translation> 1.01329663, -0.30553552, -1.61895073</translation><rotation><c1>1., 0., 0.</c1><c2>0., 1., 0.</c2><c3>0., 0., 1.</c3></rotation></pose><symmetry><x>none</x><y>none</y><z>none</z></symmetry><detectionScore>-1</detectionScore></element><element><id>2</id><category>office_chair</category><bounds><corner1>-0.45510077, -0.53880493, -0.47591496</corner1><corner2>0.45510077, 0.53880493, 0.47591496</corner2></bounds><pose><translation> 0.533018  , -1.20893629,  1.89306391</translation><rotation><c1>1., 0., 0.</c1><c2>0., 1., 0.</c2><c3>0., 0., 1.</c3></rotation></pose><symmetry><x>none</x><y>none</y><z>none</z></symmetry><detectionScore>-1</detectionScore></element><element><id>3</id><category>clock</category><bounds><corner1>-0.02119467, -0.26320157, -0.28500677</corner1><corner2>0.02119467, 0.26320157, 0.28500677</corner2></bounds><pose><translation>1.19827545, 0.50038716, 1.65498896</translation><rotation><c1>1., 0., 0.</c1><c2>0., 1., 0.</c2><c3>0., 0., 1.</c3></rotation></pose><symmetry><x>none</x><y>none</y><z>none</z></symmetry><detectionScore>-1</detectionScore></element><element><id>4</id><category>door</category><bounds><corner1>-0.46650907, -1.05740879, -0.28912298</corner1><corner2>0.46650907, 1.05740879, 0.28912298</corner2></bounds><pose><translation>-0.83084447, -0.45107465, -2.66116841</translation><rotation><c1>1., 0., 0.</c1><c2>0., 1., 0.</c2><c3>0., 0., 1.</c3></rotation></pose><symmetry><x>none</x><y>none</y><z>none</z></symmetry><detectionScore>-1</detectionScore></element><element><id>8</id><category>laptop</category><bounds><corner1>-0.23033106, -0.2441288 , -0.61608982</corner1><corner2>0.23033106, 0.2441288 , 0.61608982</corner2></bounds><pose><translation> 0.98045521, -0.56315782,  1.3159555 </translation><rotation><c1>1., 0., 0.</c1><c2>0., 1., 0.</c2><c3>0., 0., 1.</c3></rotation></pose><symmetry><x>none</x><y>none</y><z>none</z></symmetry><detectionScore>-1</detectionScore></element><element><id>1</id><category>wall</category><bounds><corner1>-1.25207712, -1.23579707, -0.60697111</corner1><corner2>1.25207712, 1.23579707, 0.60697111</corner2></bounds><pose><translation>-0.18485615, -0.12301126, -2.66797645</translation><rotation><c1>1., 0., 0.</c1><c2>0., 1., 0.</c2><c3>0., 0., 1.</c3></rotation></pose><symmetry><x>none</x><y>none</y><z>none</z></symmetry><detectionScore>-1</detectionScore></element></elements></scene>