<?xml version='1.0' encoding='utf-8'?>
<scene xmlns:sumo="https://www.sumochallenge.org"><version>2.0</version><categories><id>fb_categories_v1_0</id><url>https://sumochallenge.org/en/categories-1_0.json</url></categories><project_type>bounding_box</project_type><elements><element><id>0</id><category>candle</category><bounds><corner1>-0.21547584808104814, -0.11754385538194079, -0.5590473090808772</corner1><corner2>0.21547584808104814, 0.11754385538194079, 0.5590473090808772</corner2></bounds><pose><translation>-2.261541133893982, 4.979995873821123, 0.6974217563352412</translation><rotation><c1>0, 0, 0</c1><c2>0, 0, 0</c2><c3>0, 0, 0</c3></rotation></pose><symmetry><x>twoFold</x><y>cylindrical</y><z>twoFold</z></symmetry><detectionScore>-1.0</detectionScore></element><element><id>1</id><category>chair</category><bounds><corner1>-0.39225156077084633, -0.4633607002291029, -0.26390334695354534</corner1><corner2>0.39225156077084633, 0.4633607002291029, 0.26390334695354534</corner2></bounds><pose><translation>-1.366842150819021, -1.794208437572363, -0.7701678494950429</translation><rotation><c1>0, 0, 0</c1><c2>0, 0, 0</c2><c3>0, 0, 0</c3></rotation></pose><symmetry><x>twoFold</x><y>cylindrical</y><z>twoFold</z></symmetry><detectionScore>-1.0</detectionScore></element><element><id>2</id><category>picture_frame</category><bounds><corner1>-0.08421244823254392, -0.8887626710131548, -0.4695976628740525</corner1><corner2>0.08421244823254392, 0.8887626710131548, 0.4695976628740525</corner2></bounds><pose><translation>2.2179416127695224, 0.2162389552676579, 0.14606464505787425</translation><rotation><c1>0, 0, 0</c1><c2>0, 0, 0</c2><c3>0, 0, 0</c3></rotation></pose><symmetry><x>twoFold</x><y>cylindrical</y><z>twoFold</z></symmetry><detectionScore>-1.0</detectionScore></element><element><id>3</id><category>range_hood</category><bounds><corner1>-0.4923929485948848, -1.1987146823055426, -0.37224004233091956</corner1><corner2>0.4923929485948848, 1.1987146823055426, 0.37224004233091956</corner2></bounds><pose><translation>1.5852187560271094, 3.416924902151351, 1.153754041162986</translation><rotation><c1>0, 0, 0</c1><c2>0, 0, 0</c2><c3>0, 0, 0</c3></rotation></pose><symmetry><x>twoFold</x><y>cylindrical</y><z>twoFold</z></symmetry><detectionScore>-1.0</detectionScore></element><element><id>4</id><category>plant</category><bounds><corner1>-0.9942992586561799, -4.795083086512918, -0.7371581016363653</corner1><corner2>0.9942992586561799, 4.795083086512918, 0.7371581016363653</corner2></bounds><pose><translation>-3.699063402952228, 5.006728682733042, 0.7045235373857714</translation><rotation><c1>0, 0, 0</c1><c2>0, 0, 0</c2><c3>0, 0, 0</c3></rotation></pose><symmetry><x>twoFold</x><y>cylindrical</y><z>twoFold</z></symmetry><detectionScore>-1.0</detectionScore></element><element><id>5</id><category>plant</category><bounds><corner1>-0.5515723371149814, -0.6384934589508109, -1.072916036692598</corner1><corner2>0.5515723371149814, 0.6384934589508109, 1.072916036692598</corner2></bounds><pose><translation>-4.247128755912816, 1.3859886624471442, -0.6784459963373137</translation><rotation><c1>0, 0, 0</c1><c2>0, 0, 0</c2><c3>0, 0, 0</c3></rotation></pose><symmetry><x>twoFold</x><y>cylindrical</y><z>twoFold</z></symmetry><detectionScore>-1.0</detectionScore></element><element><id>6</id><category>chair</category><bounds><corner1>-0.4992251236254617, -0.5186813093007328, -0.2523811587703295</corner1><corner2>0.4992251236254617, 0.5186813093007328, 0.2523811587703295</corner2></bounds><pose><translation>-1.849886548165154, -1.5278873388893914, -0.7590544837995056</translation><rotation><c1>0, 0, 0</c1><c2>0, 0, 0</c2><c3>0, 0, 0</c3></rotation></pose><symmetry><x>twoFold</x><y>cylindrical</y><z>twoFold</z></symmetry><detectionScore>-1.0</detectionScore></element><element><id>7</id><category>picture_frame</category><bounds><corner1>-0.08573776373561426, -0.5998169847832191, -0.5712256386228707</corner1><corner2>0.08573776373561426, 0.5998169847832191, 0.5712256386228707</corner2></bounds><pose><translation>-4.37811179237025, 3.0201622471105933, 0.20796652034541557</translation><rotation><c1>0, 0, 0</c1><c2>0, 0, 0</c2><c3>0, 0, 0</c3></rotation></pose><symmetry><x>twoFold</x><y>cylindrical</y><z>twoFold</z></symmetry><detectionScore>-1.0</detectionScore></element><element><id>8</id><category>air_conditioner</category><bounds><corner1>-0.03678286584668511, -0.2020951652613255, -0.09236971803432548</corner1><corner2>0.03678286584668511, 0.2020951652613255, 0.09236971803432548</corner2></bounds><pose><translation>1.756702943066321, 0.21594321135017844, 1.277584649343813</translation><rotation><c1>0, 0, 0</c1><c2>0, 0, 0</c2><c3>0, 0, 0</c3></rotation></pose><symmetry><x>twoFold</x><y>cylindrical</y><z>twoFold</z></symmetry><detectionScore>-1.0</detectionScore></element><element><id>9</id><category>wall</category><bounds><corner1>-1.617858279190938, -2.857815731323569, -1.3997884710528434</corner1><corner2>1.617858279190938, 2.857815731323569, 1.3997884710528434</corner2></bounds><pose><translation>-3.802482211388392, -0.5214047642610377, 0.08198401836091629</translation><rotation><c1>0, 0, 0</c1><c2>0, 0, 0</c2><c3>0, 0, 0</c3></rotation></pose><symmetry><x>twoFold</x><y>cylindrical</y><z>twoFold</z></symmetry><detectionScore>-1.0</detectionScore></element><element><id>10</id><category>glass</category><bounds><corner1>-0.21405214961352437, -0.1654757180583779, -0.3091393421982106</corner1><corner2>0.21405214961352437, 0.1654757180583779, 0.3091393421982106</corner2></bounds><pose><translation>-2.3703416986935566, 4.9318847349522335, 0.5438890148924336</translation><rotation><c1>0, 0, 0</c1><c2>0, 0, 0</c2><c3>0, 0, 0</c3></rotation></pose><symmetry><x>twoFold</x><y>cylindrical</y><z>twoFold</z></symmetry><detectionScore>-1.0</detectionScore></element><element><id>11</id><category>wall</category><bounds><corner1>-0.10684502930016038, -1.107385732332104, -0.6306349304598416</corner1><corner2>0.10684502930016038, 1.107385732332104, 0.6306349304598416</corner2></bounds><pose><translation>2.187934373040293, 0.2648606798772881, -0.010939557277303872</translation><rotation><c1>0, 0, 0</c1><c2>0, 0, 0</c2><c3>0, 0, 0</c3></rotation></pose><symmetry><x>twoFold</x><y>cylindrical</y><z>twoFold</z></symmetry><detectionScore>-1.0</detectionScore></element><element><id>12</id><category>curtain</category><bounds><corner1>-1.2580399475166772, -0.7210970040907423, -1.0299145376519898</corner1><corner2>1.2580399475166772, 0.7210970040907423, 1.0299145376519898</corner2></bounds><pose><translation>-1.6050786367140257, -3.1014358219608265, 0.3467481827128921</translation><rotation><c1>0, 0, 0</c1><c2>0, 0, 0</c2><c3>0, 0, 0</c3></rotation></pose><symmetry><x>twoFold</x><y>cylindrical</y><z>twoFold</z></symmetry><detectionScore>-1.0</detectionScore></element><element><id>13</id><category>plant</category><bounds><corner1>-0.4175597329324855, -0.7180441358371792, -0.9766127342046838</corner1><corner2>0.4175597329324855, 0.7180441358371792, 0.9766127342046838</corner2></bounds><pose><translation>0.2891073655145535, -3.17193885839203, -1.1069298813423973</translation><rotation><c1>0, 0, 0</c1><c2>0, 0, 0</c2><c3>0, 0, 0</c3></rotation></pose><symmetry><x>twoFold</x><y>cylindrical</y><z>twoFold</z></symmetry><detectionScore>-1.0</detectionScore></element><element><id>14</id><category>chair</category><bounds><corner1>-0.4895115632177301, -0.49731731966652526, -0.5095640943078847</corner1><corner2>0.4895115632177301, 0.49731731966652526, 0.5095640943078847</corner2></bounds><pose><translation>-0.5392243348841879, -2.2023277386617295, -1.172753050146039</translation><rotation><c1>0, 0, 0</c1><c2>0, 0, 0</c2><c3>0, 0, 0</c3></rotation></pose><symmetry><x>twoFold</x><y>cylindrical</y><z>twoFold</z></symmetry><detectionScore>-1.0</detectionScore></element><element><id>15</id><category>chandelier</category><bounds><corner1>-0.5302592976985558, -0.16564516521786388, -0.355733736975522</corner1><corner2>0.5302592976985558, 0.16564516521786388, 0.355733736975522</corner2></bounds><pose><translation>-2.2015508937568757, 4.927432067718837, 1.1224385680714897</translation><rotation><c1>0, 0, 0</c1><c2>0, 0, 0</c2><c3>0, 0, 0</c3></rotation></pose><symmetry><x>twoFold</x><y>cylindrical</y><z>twoFold</z></symmetry><detectionScore>-1.0</detectionScore></element><element><id>16</id><category>picture_frame</category><bounds><corner1>-0.40507722665487655, -0.8542182808134686, -0.5748329737281213</corner1><corner2>0.40507722665487655, 0.8542182808134686, 0.5748329737281213</corner2></bounds><pose><translation>-4.436259904982248, 1.8583491442874662, 0.1778274448652378</translation><rotation><c1>0, 0, 0</c1><c2>0, 0, 0</c2><c3>0, 0, 0</c3></rotation></pose><symmetry><x>twoFold</x><y>cylindrical</y><z>twoFold</z></symmetry><detectionScore>-1.0</detectionScore></element><element><id>17</id><category>chair</category><bounds><corner1>-0.45508403134080294, -0.2821703773639255, -0.05021163080979241</corner1><corner2>0.45508403134080294, 0.2821703773639255, 0.05021163080979241</corner2></bounds><pose><translation>-0.46394101453962294, -2.1228478612920334, -1.0956914356845184</translation><rotation><c1>0, 0, 0</c1><c2>0, 0, 0</c2><c3>0, 0, 0</c3></rotation></pose><symmetry><x>twoFold</x><y>cylindrical</y><z>twoFold</z></symmetry><detectionScore>-1.0</detectionScore></element><element><id>18</id><category>bottle</category><bounds><corner1>-0.21405214961352437, -0.1654757180583779, -0.3091393421982106</corner1><corner2>0.21405214961352437, 0.1654757180583779, 0.3091393421982106</corner2></bounds><pose><translation>-2.3703416986935566, 4.9318847349522335, 0.5438890148924336</translation><rotation><c1>0, 0, 0</c1><c2>0, 0, 0</c2><c3>0, 0, 0</c3></rotation></pose><symmetry><x>twoFold</x><y>cylindrical</y><z>twoFold</z></symmetry><detectionScore>-1.0</detectionScore></element><element><id>19</id><category>chair</category><bounds><corner1>-0.5178266014833822, -0.5007930513717465, -0.3038794194070654</corner1><corner2>0.5178266014833822, 0.5007930513717465, 0.3038794194070654</corner2></bounds><pose><translation>-0.5647569590252058, -2.340534210311022, -1.0651921017259935</translation><rotation><c1>0, 0, 0</c1><c2>0, 0, 0</c2><c3>0, 0, 0</c3></rotation></pose><symmetry><x>twoFold</x><y>cylindrical</y><z>twoFold</z></symmetry><detectionScore>-1.0</detectionScore></element><element><id>20</id><category>gym_equipment</category><bounds><corner1>-0.4295943999755871, -1.5751112161010368, -0.5488356780527367</corner1><corner2>0.4295943999755871, 1.5751112161010368, 0.5488356780527367</corner2></bounds><pose><translation>1.6469177788630471, 2.535423925476715, -0.04756869838877516</translation><rotation><c1>0, 0, 0</c1><c2>0, 0, 0</c2><c3>0, 0, 0</c3></rotation></pose><symmetry><x>twoFold</x><y>cylindrical</y><z>twoFold</z></symmetry><detectionScore>-1.0</detectionScore></element><element><id>21</id><category>wall</category><bounds><corner1>-1.0828689966295897, -0.8781917500675243, -1.3050445310514958</corner1><corner2>1.0828689966295897, 0.8781917500675243, 1.3050445310514958</corner2></bounds><pose><translation>0.5893279389577282, -3.1716097666056626, 0.20272239273396836</translation><rotation><c1>0, 0, 0</c1><c2>0, 0, 0</c2><c3>0, 0, 0</c3></rotation></pose><symmetry><x>twoFold</x><y>cylindrical</y><z>twoFold</z></symmetry><detectionScore>-1.0</detectionScore></element><element><id>22</id><category>wall</category><bounds><corner1>-2.8608973165020153, -4.302819125762973, -1.4329073283835876</corner1><corner2>2.8608973165020153, 4.302819125762973, 1.4329073283835876</corner2></bounds><pose><translation>-1.0833380668170423, 4.949933400060553, -0.004829376064006484</translation><rotation><c1>0, 0, 0</c1><c2>0, 0, 0</c2><c3>0, 0, 0</c3></rotation></pose><symmetry><x>twoFold</x><y>cylindrical</y><z>twoFold</z></symmetry><detectionScore>-1.0</detectionScore></element><element><id>23</id><category>picture_frame</category><bounds><corner1>-1.1588639870745117, -0.22691074873618833, -0.9287131168520903</corner1><corner2>1.1588639870745117, 0.22691074873618833, 0.9287131168520903</corner2></bounds><pose><translation>-1.5265667220942274, -3.105450201359065, 0.4648560208531647</translation><rotation><c1>0, 0, 0</c1><c2>0, 0, 0</c2><c3>0, 0, 0</c3></rotation></pose><symmetry><x>twoFold</x><y>cylindrical</y><z>twoFold</z></symmetry><detectionScore>-1.0</detectionScore></element><element><id>24</id><category>kitchen_cabinet</category><bounds><corner1>-1.2667980016900362, -1.043727400827274, -0.7656522204093404</corner1><corner2>1.2667980016900362, 1.043727400827274, 0.7656522204093404</corner2></bounds><pose><translation>-0.1621697823195055, 4.016242065925403, -0.7800630014808355</translation><rotation><c1>0, 0, 0</c1><c2>0, 0, 0</c2><c3>0, 0, 0</c3></rotation></pose><symmetry><x>twoFold</x><y>cylindrical</y><z>twoFold</z></symmetry><detectionScore>-1.0</detectionScore></element><element><id>25</id><category>picture_frame</category><bounds><corner1>-1.7154940445741351, -0.14775559813081252, -1.21945631537152</corner1><corner2>1.7154940445741351, 0.14775559813081252, 1.21945631537152</corner2></bounds><pose><translation>-0.21455141168448139, 4.989404444550752, 0.06373334476785658</translation><rotation><c1>0, 0, 0</c1><c2>0, 0, 0</c2><c3>0, 0, 0</c3></rotation></pose><symmetry><x>twoFold</x><y>cylindrical</y><z>twoFold</z></symmetry><detectionScore>-1.0</detectionScore></element><element><id>26</id><category>wall</category><bounds><corner1>-1.397492235102479, -4.713052693837903, -1.3329027961192441</corner1><corner2>1.397492235102479, 4.713052693837903, 1.3329027961192441</corner2></bounds><pose><translation>-4.0009138552886, 4.98608759817779, 0.08235314046457151</translation><rotation><c1>0, 0, 0</c1><c2>0, 0, 0</c2><c3>0, 0, 0</c3></rotation></pose><symmetry><x>twoFold</x><y>cylindrical</y><z>twoFold</z></symmetry><detectionScore>-1.0</detectionScore></element><element><id>27</id><category>hanging_kitchen_cabinet</category><bounds><corner1>-0.43533244584966235, -1.2534275786787816, -0.5495192743139603</corner1><corner2>0.43533244584966235, 1.2534275786787816, 0.5495192743139603</corner2></bounds><pose><translation>1.6318273269245287, 3.51111295246314, 0.9273854571665854</translation><rotation><c1>0, 0, 0</c1><c2>0, 0, 0</c2><c3>0, 0, 0</c3></rotation></pose><symmetry><x>twoFold</x><y>cylindrical</y><z>twoFold</z></symmetry><detectionScore>-1.0</detectionScore></element><element><id>28</id><category>chandelier</category><bounds><corner1>-0.5918345934861227, -0.882043358059573, -0.06400336459192824</corner1><corner2>0.5918345934861227, 0.882043358059573, 0.06400336459192824</corner2></bounds><pose><translation>0.7992374283256047, 3.4040456365002796, 1.4701436854515588</translation><rotation><c1>0, 0, 0</c1><c2>0, 0, 0</c2><c3>0, 0, 0</c3></rotation></pose><symmetry><x>twoFold</x><y>cylindrical</y><z>twoFold</z></symmetry><detectionScore>-1.0</detectionScore></element><element><id>29</id><category>toy</category><bounds><corner1>-0.4616280455012549, -0.8953789883998948, -0.9414507505654659</corner1><corner2>0.4616280455012549, 0.8953789883998948, 0.9414507505654659</corner2></bounds><pose><translation>0.2670080299659251, -3.1655046959336075, -1.1340981119293472</translation><rotation><c1>0, 0, 0</c1><c2>0, 0, 0</c2><c3>0, 0, 0</c3></rotation></pose><symmetry><x>twoFold</x><y>cylindrical</y><z>twoFold</z></symmetry><detectionScore>-1.0</detectionScore></element><element><id>30</id><category>kitchen_cabinet</category><bounds><corner1>-1.9292563598248131, -1.8209576803983447, -1.5351478081900913</corner1><corner2>1.9292563598248131, 1.8209576803983447, 1.5351478081900913</corner2></bounds><pose><translation>-3.7670742067576057, -1.1391802718653299, -0.05459816079087075</translation><rotation><c1>0, 0, 0</c1><c2>0, 0, 0</c2><c3>0, 0, 0</c3></rotation></pose><symmetry><x>twoFold</x><y>cylindrical</y><z>twoFold</z></symmetry><detectionScore>-1.0</detectionScore></element><element><id>31</id><category>window</category><bounds><corner1>-1.2143175843023508, -0.27535377858697574, -0.7683511879354727</corner1><corner2>1.2143175843023508, 0.27535377858697574, 0.7683511879354727</corner2></bounds><pose><translation>-1.7079697243399186, -3.179049155206032, 0.2564123813347505</translation><rotation><c1>0, 0, 0</c1><c2>0, 0, 0</c2><c3>0, 0, 0</c3></rotation></pose><symmetry><x>twoFold</x><y>cylindrical</y><z>twoFold</z></symmetry><detectionScore>-1.0</detectionScore></element><element><id>32</id><category>picture_frame</category><bounds><corner1>-0.4688694108696132, -0.056838275825656925, -0.5431717331838932</corner1><corner2>0.4688694108696132, 0.056838275825656925, 0.5431717331838932</corner2></bounds><pose><translation>0.5801231096152641, -3.173212522919506, 0.4420247842289415</translation><rotation><c1>0, 0, 0</c1><c2>0, 0, 0</c2><c3>0, 0, 0</c3></rotation></pose><symmetry><x>twoFold</x><y>cylindrical</y><z>twoFold</z></symmetry><detectionScore>-1.0</detectionScore></element><element><id>33</id><category>dresser</category><bounds><corner1>-1.280814549347819, -1.0162674088063683, -0.6411780690445261</corner1><corner2>1.280814549347819, 1.0162674088063683, 0.6411780690445261</corner2></bounds><pose><translation>-0.2530616213552664, 4.01436822383748, -0.7637207911779861</translation><rotation><c1>0, 0, 0</c1><c2>0, 0, 0</c2><c3>0, 0, 0</c3></rotation></pose><symmetry><x>twoFold</x><y>cylindrical</y><z>twoFold</z></symmetry><detectionScore>-1.0</detectionScore></element><element><id>34</id><category>door</category><bounds><corner1>-1.2204862750195136, -4.744414919007772, -1.5041230187591403</corner1><corner2>1.2204862750195136, 4.744414919007772, 1.5041230187591403</corner2></bounds><pose><translation>-4.082489320267879, 5.029698666765407, -0.2718308040223689</translation><rotation><c1>0, 0, 0</c1><c2>0, 0, 0</c2><c3>0, 0, 0</c3></rotation></pose><symmetry><x>twoFold</x><y>cylindrical</y><z>twoFold</z></symmetry><detectionScore>-1.0</detectionScore></element><element><id>35</id><category>wall</category><bounds><corner1>-1.157219200739378, -3.4796117797445962, -1.152739751221135</corner1><corner2>1.157219200739378, 3.4796117797445962, 1.152739751221135</corner2></bounds><pose><translation>-4.014953026982464, 6.40555230675276, 0.1699142295406387</translation><rotation><c1>0, 0, 0</c1><c2>0, 0, 0</c2><c3>0, 0, 0</c3></rotation></pose><symmetry><x>twoFold</x><y>cylindrical</y><z>twoFold</z></symmetry><detectionScore>-1.0</detectionScore></element><element><id>36</id><category>shelving</category><bounds><corner1>-0.9418145005312897, -0.1356281504137451, -1.0860581049617866</corner1><corner2>0.9418145005312897, 0.1356281504137451, 1.0860581049617866</corner2></bounds><pose><translation>-2.2468973129137817, 4.970930893483889, -0.2105203873036092</translation><rotation><c1>0, 0, 0</c1><c2>0, 0, 0</c2><c3>0, 0, 0</c3></rotation></pose><symmetry><x>twoFold</x><y>cylindrical</y><z>twoFold</z></symmetry><detectionScore>-1.0</detectionScore></element><element><id>37</id><category>chandelier</category><bounds><corner1>-0.3508202746548821, -0.48191523424914295, -0.0634187259716239</corner1><corner2>0.3508202746548821, 0.48191523424914295, 0.0634187259716239</corner2></bounds><pose><translation>-3.1797858629714333, -1.187646237668414, 1.4755637366583376</translation><rotation><c1>0, 0, 0</c1><c2>0, 0, 0</c2><c3>0, 0, 0</c3></rotation></pose><symmetry><x>twoFold</x><y>cylindrical</y><z>twoFold</z></symmetry><detectionScore>-1.0</detectionScore></element></elements></scene>