<?xml version='1.0' encoding='utf-8'?>
<scene xmlns:sumo="https://www.sumochallenge.org"><version>2.0</version><categories><id>fb_categories_v1_0</id><url>https://sumochallenge.org/en/categories-1_0.json</url></categories><project_type>bounding_box</project_type><elements><element><id>0</id><category>door</category><bounds><corner1>-0.0843192178358727, -0.8011090170869513, -1.4359072426646753</corner1><corner2>0.0843192178358727, 0.8011090170869513, 1.4359072426646753</corner2></bounds><pose><translation>4.076224598598621, -0.7811147054034844, -0.3009161066256474</translation><rotation><c1>0, 0, 0</c1><c2>0, 0, 0</c2><c3>0, 0, 0</c3></rotation></pose><symmetry><x>twoFold</x><y>cylindrical</y><z>twoFold</z></symmetry><detectionScore>-1.0</detectionScore></element><element><id>1</id><category>refrigerator</category><bounds><corner1>-0.4108817486059077, -0.09137912856061248, -0.80564095715985</corner1><corner2>0.4108817486059077, 0.09137912856061248, 0.80564095715985</corner2></bounds><pose><translation>0.38296644155300424, -1.4591740186500954, -0.2609227503198342</translation><rotation><c1>0, 0, 0</c1><c2>0, 0, 0</c2><c3>0, 0, 0</c3></rotation></pose><symmetry><x>twoFold</x><y>cylindrical</y><z>twoFold</z></symmetry><detectionScore>-1.0</detectionScore></element><element><id>2</id><category>books</category><bounds><corner1>-0.07855639838760853, -0.17444339660846042, -0.11064961894062453</corner1><corner2>0.07855639838760853, 0.17444339660846042, 0.11064961894062453</corner2></bounds><pose><translation>3.5999387001568404, 2.3204004257036646, -1.008859176668372</translation><rotation><c1>0, 0, 0</c1><c2>0, 0, 0</c2><c3>0, 0, 0</c3></rotation></pose><symmetry><x>twoFold</x><y>cylindrical</y><z>twoFold</z></symmetry><detectionScore>-1.0</detectionScore></element><element><id>3</id><category>plant</category><bounds><corner1>-0.28107205639897415, -0.1661754197114198, -0.25204342138101077</corner1><corner2>0.28107205639897415, 0.1661754197114198, 0.25204342138101077</corner2></bounds><pose><translation>1.5402517595308336, -1.8258362666242078, -0.19805772388191464</translation><rotation><c1>0, 0, 0</c1><c2>0, 0, 0</c2><c3>0, 0, 0</c3></rotation></pose><symmetry><x>twoFold</x><y>cylindrical</y><z>twoFold</z></symmetry><detectionScore>-1.0</detectionScore></element><element><id>4</id><category>wall</category><bounds><corner1>-0.06981309822270032, -0.4789261464452059, -0.7910638772260802</corner1><corner2>0.06981309822270032, 0.4789261464452059, 0.7910638772260802</corner2></bounds><pose><translation>-1.4492189317353537, -0.601847117951805, -0.15682902378481609</translation><rotation><c1>0, 0, 0</c1><c2>0, 0, 0</c2><c3>0, 0, 0</c3></rotation></pose><symmetry><x>twoFold</x><y>cylindrical</y><z>twoFold</z></symmetry><detectionScore>-1.0</detectionScore></element><element><id>5</id><category>window</category><bounds><corner1>-0.4299903521281123, -0.06019665456311296, -0.3297835503714607</corner1><corner2>0.4299903521281123, 0.06019665456311296, 0.3297835503714607</corner2></bounds><pose><translation>1.2467861941757645, -1.7185624857174449, -0.10559145419031797</translation><rotation><c1>0, 0, 0</c1><c2>0, 0, 0</c2><c3>0, 0, 0</c3></rotation></pose><symmetry><x>twoFold</x><y>cylindrical</y><z>twoFold</z></symmetry><detectionScore>-1.0</detectionScore></element><element><id>6</id><category>picture_frame</category><bounds><corner1>-1.1642764008343116, -0.11433164488152259, -1.3719734679732627</corner1><corner2>1.1642764008343116, 0.11433164488152259, 1.3719734679732627</corner2></bounds><pose><translation>2.3196259544799167, -1.6047542056827266, -0.15584649379543847</translation><rotation><c1>0, 0, 0</c1><c2>0, 0, 0</c2><c3>0, 0, 0</c3></rotation></pose><symmetry><x>twoFold</x><y>cylindrical</y><z>twoFold</z></symmetry><detectionScore>-1.0</detectionScore></element><element><id>7</id><category>wall</category><bounds><corner1>-0.02273898682386455, -0.06750414822425688, -0.26226842609275647</corner1><corner2>0.02273898682386455, 0.06750414822425688, 0.26226842609275647</corner2></bounds><pose><translation>1.0775860816852911, -1.7223278270348037, -0.39310542651075253</translation><rotation><c1>0, 0, 0</c1><c2>0, 0, 0</c2><c3>0, 0, 0</c3></rotation></pose><symmetry><x>twoFold</x><y>cylindrical</y><z>twoFold</z></symmetry><detectionScore>-1.0</detectionScore></element><element><id>8</id><category>wall</category><bounds><corner1>-0.031037011768582312, -0.04106181111697693, -0.15725457753702032</corner1><corner2>0.031037011768582312, 0.04106181111697693, 0.15725457753702032</corner2></bounds><pose><translation>1.152778604512071, -1.6981136884262051, -0.28539943620798097</translation><rotation><c1>0, 0, 0</c1><c2>0, 0, 0</c2><c3>0, 0, 0</c3></rotation></pose><symmetry><x>twoFold</x><y>cylindrical</y><z>twoFold</z></symmetry><detectionScore>-1.0</detectionScore></element><element><id>9</id><category>sofa</category><bounds><corner1>-2.1431622914319695, -0.912417548614552, -0.5220576082879297</corner1><corner2>2.1431622914319695, 0.912417548614552, 0.5220576082879297</corner2></bounds><pose><translation>0.4270101108356592, 2.795466973770378, -0.924664000375899</translation><rotation><c1>0, 0, 0</c1><c2>0, 0, 0</c2><c3>0, 0, 0</c3></rotation></pose><symmetry><x>twoFold</x><y>cylindrical</y><z>twoFold</z></symmetry><detectionScore>-1.0</detectionScore></element><element><id>10</id><category>tv_stand</category><bounds><corner1>-0.3979180865254026, -0.9328858009209802, -0.49393341682594405</corner1><corner2>0.3979180865254026, 0.9328858009209802, 0.49393341682594405</corner2></bounds><pose><translation>3.658660548687932, 1.63435157905627, -1.2260484105748317</translation><rotation><c1>0, 0, 0</c1><c2>0, 0, 0</c2><c3>0, 0, 0</c3></rotation></pose><symmetry><x>twoFold</x><y>cylindrical</y><z>twoFold</z></symmetry><detectionScore>-1.0</detectionScore></element><element><id>11</id><category>curtain</category><bounds><corner1>-0.20372606086283218, -0.31302370728789514, -1.0550806309758014</corner1><corner2>0.20372606086283218, 0.31302370728789514, 1.0550806309758014</corner2></bounds><pose><translation>-1.637757635434877, 0.04862739833415005, -0.15439210006738557</translation><rotation><c1>0, 0, 0</c1><c2>0, 0, 0</c2><c3>0, 0, 0</c3></rotation></pose><symmetry><x>twoFold</x><y>cylindrical</y><z>twoFold</z></symmetry><detectionScore>-1.0</detectionScore></element><element><id>12</id><category>wall</category><bounds><corner1>-1.9996508697992907, -0.13608392644458167, -1.335601211437294</corner1><corner2>1.9996508697992907, 0.13608392644458167, 1.335601211437294</corner2></bounds><pose><translation>0.4506044996832382, 3.592388014933175, 0.03550862515164609</translation><rotation><c1>0, 0, 0</c1><c2>0, 0, 0</c2><c3>0, 0, 0</c3></rotation></pose><symmetry><x>twoFold</x><y>cylindrical</y><z>twoFold</z></symmetry><detectionScore>-1.0</detectionScore></element><element><id>13</id><category>curtain</category><bounds><corner1>-1.1742380651747544, -0.446951957153372, -1.472870268360969</corner1><corner2>1.1742380651747544, 0.446951957153372, 1.472870268360969</corner2></bounds><pose><translation>2.235107305222776, -1.5976740282927429, -0.020628413928632714</translation><rotation><c1>0, 0, 0</c1><c2>0, 0, 0</c2><c3>0, 0, 0</c3></rotation></pose><symmetry><x>twoFold</x><y>cylindrical</y><z>twoFold</z></symmetry><detectionScore>-1.0</detectionScore></element><element><id>14</id><category>window</category><bounds><corner1>-1.0707135921818751, -0.13152495233321138, -1.3989004707779147</corner1><corner2>1.0707135921818751, 0.13152495233321138, 1.3989004707779147</corner2></bounds><pose><translation>2.455734308980424, -1.5920591886188955, -0.16230395751894575</translation><rotation><c1>0, 0, 0</c1><c2>0, 0, 0</c2><c3>0, 0, 0</c3></rotation></pose><symmetry><x>twoFold</x><y>cylindrical</y><z>twoFold</z></symmetry><detectionScore>-1.0</detectionScore></element><element><id>15</id><category>wall</category><bounds><corner1>-0.1328788098398821, -2.447078629088007, -1.450533137353987</corner1><corner2>0.1328788098398821, 2.447078629088007, 1.450533137353987</corner2></bounds><pose><translation>4.010438024855923, 1.1062341969012512, -0.10792948926600276</translation><rotation><c1>0, 0, 0</c1><c2>0, 0, 0</c2><c3>0, 0, 0</c3></rotation></pose><symmetry><x>twoFold</x><y>cylindrical</y><z>twoFold</z></symmetry><detectionScore>-1.0</detectionScore></element><element><id>16</id><category>wall</category><bounds><corner1>-0.04403306825476805, -0.061379301088496874, -0.39606981779166023</corner1><corner2>0.04403306825476805, 0.061379301088496874, 0.39606981779166023</corner2></bounds><pose><translation>1.1438645790777664, -1.716441519003024, -0.11955695989923316</translation><rotation><c1>0, 0, 0</c1><c2>0, 0, 0</c2><c3>0, 0, 0</c3></rotation></pose><symmetry><x>twoFold</x><y>cylindrical</y><z>twoFold</z></symmetry><detectionScore>-1.0</detectionScore></element><element><id>17</id><category>person</category><bounds><corner1>-1.5365870142906515, -0.8439936767035636, -0.6413752450204742</corner1><corner2>1.5365870142906515, 0.8439936767035636, 0.6413752450204742</corner2></bounds><pose><translation>1.1708615737718324, 2.8453749776091426, -0.8924794887128156</translation><rotation><c1>0, 0, 0</c1><c2>0, 0, 0</c2><c3>0, 0, 0</c3></rotation></pose><symmetry><x>twoFold</x><y>cylindrical</y><z>twoFold</z></symmetry><detectionScore>-1.0</detectionScore></element><element><id>18</id><category>double_bed</category><bounds><corner1>-1.7215058811639334, -0.7835772391592815, -0.4810595719197104</corner1><corner2>1.7215058811639334, 0.7835772391592815, 0.4810595719197104</corner2></bounds><pose><translation>1.1314202279642895, 2.902112372432467, -0.8918986471515479</translation><rotation><c1>0, 0, 0</c1><c2>0, 0, 0</c2><c3>0, 0, 0</c3></rotation></pose><symmetry><x>twoFold</x><y>cylindrical</y><z>twoFold</z></symmetry><detectionScore>-1.0</detectionScore></element><element><id>19</id><category>television</category><bounds><corner1>-0.31204991044638364, -0.9025145995884365, -0.416297804067682</corner1><corner2>0.31204991044638364, 0.9025145995884365, 0.416297804067682</corner2></bounds><pose><translation>3.7707134111577374, 1.6032127725819578, -0.23991098683714573</translation><rotation><c1>0, 0, 0</c1><c2>0, 0, 0</c2><c3>0, 0, 0</c3></rotation></pose><symmetry><x>twoFold</x><y>cylindrical</y><z>twoFold</z></symmetry><detectionScore>-1.0</detectionScore></element><element><id>20</id><category>column</category><bounds><corner1>-0.1525364252692114, -0.17779824494905783, -0.1871423694983092</corner1><corner2>0.1525364252692114, 0.17779824494905783, 0.1871423694983092</corner2></bounds><pose><translation>2.1864536781475743, -1.5816095366757734, -1.6323214576696166</translation><rotation><c1>0, 0, 0</c1><c2>0, 0, 0</c2><c3>0, 0, 0</c3></rotation></pose><symmetry><x>twoFold</x><y>cylindrical</y><z>twoFold</z></symmetry><detectionScore>-1.0</detectionScore></element><element><id>21</id><category>picture_frame</category><bounds><corner1>-1.1495051847467181, -0.08964128935489724, -1.0531902339551842</corner1><corner2>1.1495051847467181, 0.08964128935489724, 1.0531902339551842</corner2></bounds><pose><translation>0.5402187775309242, 3.587912417734229, 0.2990955902069852</translation><rotation><c1>0, 0, 0</c1><c2>0, 0, 0</c2><c3>0, 0, 0</c3></rotation></pose><symmetry><x>twoFold</x><y>cylindrical</y><z>twoFold</z></symmetry><detectionScore>-1.0</detectionScore></element><element><id>22</id><category>armchair</category><bounds><corner1>-1.40671156343207, -1.0008985122825136, -0.5467156604061416</corner1><corner2>1.40671156343207, 1.0008985122825136, 0.5467156604061416</corner2></bounds><pose><translation>1.0177914298156128, 2.6760020044354373, -0.9079273103197445</translation><rotation><c1>0, 0, 0</c1><c2>0, 0, 0</c2><c3>0, 0, 0</c3></rotation></pose><symmetry><x>twoFold</x><y>cylindrical</y><z>twoFold</z></symmetry><detectionScore>-1.0</detectionScore></element><element><id>23</id><category>window</category><bounds><corner1>-0.07865648927485491, -0.7895009805382172, -1.1650015254647548</corner1><corner2>0.07865648927485491, 0.7895009805382172, 1.1650015254647548</corner2></bounds><pose><translation>4.083770288147094, -0.6888472909903176, -0.08402426918503317</translation><rotation><c1>0, 0, 0</c1><c2>0, 0, 0</c2><c3>0, 0, 0</c3></rotation></pose><symmetry><x>twoFold</x><y>cylindrical</y><z>twoFold</z></symmetry><detectionScore>-1.0</detectionScore></element><element><id>24</id><category>curtain</category><bounds><corner1>-0.5595438458653508, -0.44480927333807885, -1.6222507919930271</corner1><corner2>0.5595438458653508, 0.44480927333807885, 1.6222507919930271</corner2></bounds><pose><translation>3.0861287757143354, -1.5410127304118817, -0.20572648815903163</translation><rotation><c1>0, 0, 0</c1><c2>0, 0, 0</c2><c3>0, 0, 0</c3></rotation></pose><symmetry><x>twoFold</x><y>cylindrical</y><z>twoFold</z></symmetry><detectionScore>-1.0</detectionScore></element><element><id>25</id><category>picture_frame</category><bounds><corner1>-0.2048037497190478, -0.33446844091286515, -1.0128229075652828</corner1><corner2>0.2048037497190478, 0.33446844091286515, 1.0128229075652828</corner2></bounds><pose><translation>-1.645080269409604, 0.016098490955023543, -0.16435835789910827</translation><rotation><c1>0, 0, 0</c1><c2>0, 0, 0</c2><c3>0, 0, 0</c3></rotation></pose><symmetry><x>twoFold</x><y>cylindrical</y><z>twoFold</z></symmetry><detectionScore>-1.0</detectionScore></element><element><id>26</id><category>wall</category><bounds><corner1>-0.20484597740250976, -0.45947189566811286, -0.9945770571840262</corner1><corner2>0.20484597740250976, 0.45947189566811286, 0.9945770571840262</corner2></bounds><pose><translation>-1.6112026975296196, -0.1202091055456099, -0.14333345115749982</translation><rotation><c1>0, 0, 0</c1><c2>0, 0, 0</c2><c3>0, 0, 0</c3></rotation></pose><symmetry><x>twoFold</x><y>cylindrical</y><z>twoFold</z></symmetry><detectionScore>-1.0</detectionScore></element><element><id>27</id><category>shelving</category><bounds><corner1>-0.3933379334359066, -1.2606561801734835, -0.49559561677903585</corner1><corner2>0.3933379334359066, 1.2606561801734835, 0.49559561677903585</corner2></bounds><pose><translation>3.6603086725461362, 1.7570672319514473, -1.231001293480166</translation><rotation><c1>0, 0, 0</c1><c2>0, 0, 0</c2><c3>0, 0, 0</c3></rotation></pose><symmetry><x>twoFold</x><y>cylindrical</y><z>twoFold</z></symmetry><detectionScore>-1.0</detectionScore></element><element><id>28</id><category>mirror</category><bounds><corner1>-0.12230030825888139, -0.5611767307084631, -0.8816785427036051</corner1><corner2>0.12230030825888139, 0.5611767307084631, 0.8816785427036051</corner2></bounds><pose><translation>-1.5475454726862403, 0.3691669251572427, -0.1600766755908411</translation><rotation><c1>0, 0, 0</c1><c2>0, 0, 0</c2><c3>0, 0, 0</c3></rotation></pose><symmetry><x>twoFold</x><y>cylindrical</y><z>twoFold</z></symmetry><detectionScore>-1.0</detectionScore></element><element><id>29</id><category>desk</category><bounds><corner1>-0.40451745642430614, -1.3418062158065474, -0.5840501290861743</corner1><corner2>0.40451745642430614, 1.3418062158065474, 0.5840501290861743</corner2></bounds><pose><translation>3.674658238317837, 1.6585581684863997, -1.1722596125265619</translation><rotation><c1>0, 0, 0</c1><c2>0, 0, 0</c2><c3>0, 0, 0</c3></rotation></pose><symmetry><x>twoFold</x><y>cylindrical</y><z>twoFold</z></symmetry><detectionScore>-1.0</detectionScore></element><element><id>30</id><category>curtain</category><bounds><corner1>-1.384297044708588, -0.13353155538953576, -1.191345574337161</corner1><corner2>1.384297044708588, 0.13353155538953576, 1.191345574337161</corner2></bounds><pose><translation>0.5230092950493633, 3.5872796797965356, 0.1588471791652652</translation><rotation><c1>0, 0, 0</c1><c2>0, 0, 0</c2><c3>0, 0, 0</c3></rotation></pose><symmetry><x>twoFold</x><y>cylindrical</y><z>twoFold</z></symmetry><detectionScore>-1.0</detectionScore></element></elements></scene>