<?xml version='1.0' encoding='utf-8'?>
<scene xmlns:sumo="https://www.sumochallenge.org"><version>2.0</version><categories><id>fb_categories_v1.0</id><url>https://sumochallenge.org/en/categories-1_0.json</url></categories><project_type>bounding_box</project_type><elements><element><id>18</id><category>door</category><bounds><corner1>-5.7640684 , -1.13732532,  3.24417058</corner1><corner2>-4.28937024,  0.61327886,  4.00713179</corner2></bounds><pose><translation>0., 0., 0.</translation><rotation><c1>1., 0., 0.</c1><c2>0., 1., 0.</c2><c3>0., 0., 1.</c3></rotation></pose><symmetry><x>none</x><y>none</y><z>none</z></symmetry><detectionScore>-1</detectionScore></element><element><id>21</id><category>refrigerator</category><bounds><corner1> 0.49541772, -1.35015453,  1.37698929</corner1><corner2>1.4839012 , 0.60394081, 3.90492689</corner2></bounds><pose><translation>0., 0., 0.</translation><rotation><c1>1., 0., 0.</c1><c2>0., 1., 0.</c2><c3>0., 0., 1.</c3></rotation></pose><symmetry><x>none</x><y>none</y><z>none</z></symmetry><detectionScore>-1</detectionScore></element><element><id>19</id><category>kettle</category><bounds><corner1> 0.95200593, -0.71031156,  0.29353094</corner1><corner2> 1.68797462, -0.46014398,  1.12490405</corner2></bounds><pose><translation>0., 0., 0.</translation><rotation><c1>1., 0., 0.</c1><c2>0., 1., 0.</c2><c3>0., 0., 1.</c3></rotation></pose><symmetry><x>none</x><y>none</y><z>none</z></symmetry><detectionScore>-1</detectionScore></element><element><id>17</id><category>food_processor</category><bounds><corner1> 0.95197881, -0.71008742,  0.27962781</corner1><corner2> 1.69805684, -0.42480536,  1.17533067</corner2></bounds><pose><translation>0., 0., 0.</translation><rotation><c1>1., 0., 0.</c1><c2>0., 1., 0.</c2><c3>0., 0., 1.</c3></rotation></pose><symmetry><x>none</x><y>none</y><z>none</z></symmetry><detectionScore>-1</detectionScore></element><element><id>6</id><category>stairs</category><bounds><corner1>-6.45670877, -1.44949605, -0.42408262</corner1><corner2>-1.27002438,  1.20265382,  1.57065945</corner2></bounds><pose><translation>0., 0., 0.</translation><rotation><c1>1., 0., 0.</c1><c2>0., 1., 0.</c2><c3>0., 0., 1.</c3></rotation></pose><symmetry><x>none</x><y>none</y><z>none</z></symmetry><detectionScore>-1</detectionScore></element><element><id>8</id><category>kitchen_cabinet</category><bounds><corner1>-1.26707393, -0.86606578,  1.36301139</corner1><corner2>0.49397553, 1.20358723, 3.93163725</corner2></bounds><pose><translation>0., 0., 0.</translation><rotation><c1>1., 0., 0.</c1><c2>0., 1., 0.</c2><c3>0., 0., 1.</c3></rotation></pose><symmetry><x>none</x><y>none</y><z>none</z></symmetry><detectionScore>-1</detectionScore></element><element><id>7</id><category>cutting_board</category><bounds><corner1> 0.92400741, -0.74577541,  0.20483141</corner1><corner2> 1.68701255, -0.49717576,  1.20349721</corner2></bounds><pose><translation>0., 0., 0.</translation><rotation><c1>1., 0., 0.</c1><c2>0., 1., 0.</c2><c3>0., 0., 1.</c3></rotation></pose><symmetry><x>none</x><y>none</y><z>none</z></symmetry><detectionScore>-1</detectionScore></element><element><id>16</id><category>piano</category><bounds><corner1>-6.46683593, -1.4454701 ,  1.09420183</corner1><corner2>-2.41899891, -0.35794532,  3.97640643</corner2></bounds><pose><translation>0., 0., 0.</translation><rotation><c1>1., 0., 0.</c1><c2>0., 1., 0.</c2><c3>0., 0., 1.</c3></rotation></pose><symmetry><x>none</x><y>none</y><z>none</z></symmetry><detectionScore>-1</detectionScore></element><element><id>10</id><category>wall</category><bounds><corner1> 0.94498198, -0.81727825, -1.287968  </corner1><corner2>1.73492679, 1.19199211, 1.0036119 </corner2></bounds><pose><translation>0., 0., 0.</translation><rotation><c1>1., 0., 0.</c1><c2>0., 1., 0.</c2><c3>0., 0., 1.</c3></rotation></pose><symmetry><x>none</x><y>none</y><z>none</z></symmetry><detectionScore>-1</detectionScore></element><element><id>22</id><category>door</category><bounds><corner1>-1.28462476, -0.95356174,  1.39401364</corner1><corner2>-0.32559776,  0.69343533,  3.89326436</corner2></bounds><pose><translation>0., 0., 0.</translation><rotation><c1>1., 0., 0.</c1><c2>0., 1., 0.</c2><c3>0., 0., 1.</c3></rotation></pose><symmetry><x>none</x><y>none</y><z>none</z></symmetry><detectionScore>-1</detectionScore></element><element><id>23</id><category>plant</category><bounds><corner1>-3.07961762, -0.79520305,  1.91104613</corner1><corner2>-1.25577805,  0.23896645,  3.97305592</corner2></bounds><pose><translation>0., 0., 0.</translation><rotation><c1>1., 0., 0.</c1><c2>0., 1., 0.</c2><c3>0., 0., 1.</c3></rotation></pose><symmetry><x>none</x><y>none</y><z>none</z></symmetry><detectionScore>-1</detectionScore></element><element><id>11</id><category>hanging_kitchen_cabinet</category><bounds><corner1>-0.21701605,  0.06048586, -1.31003881</corner1><corner2> 0.6576282 ,  0.9077146 , -1.16801054</corner2></bounds><pose><translation>0., 0., 0.</translation><rotation><c1>1., 0., 0.</c1><c2>0., 1., 0.</c2><c3>0., 0., 1.</c3></rotation></pose><symmetry><x>none</x><y>none</y><z>none</z></symmetry><detectionScore>-1</detectionScore></element><element><id>2</id><category>wall</category><bounds><corner1>-1.26555692, -1.09005363,  1.4090188 </corner1><corner2>1.37478865, 1.18529959, 3.93815158</corner2></bounds><pose><translation>0., 0., 0.</translation><rotation><c1>1., 0., 0.</c1><c2>0., 1., 0.</c2><c3>0., 0., 1.</c3></rotation></pose><symmetry><x>none</x><y>none</y><z>none</z></symmetry><detectionScore>-1</detectionScore></element><element><id>14</id><category>wall</category><bounds><corner1>-6.42402951, -0.96636672,  2.85046889</corner1><corner2>-4.18291062,  0.97437502,  4.00801796</corner2></bounds><pose><translation>0., 0., 0.</translation><rotation><c1>1., 0., 0.</c1><c2>0., 1., 0.</c2><c3>0., 0., 1.</c3></rotation></pose><symmetry><x>none</x><y>none</y><z>none</z></symmetry><detectionScore>-1</detectionScore></element><element><id>9</id><category>vase</category><bounds><corner1>-5.58060825, -1.47266538,  3.00679697</corner1><corner2>-4.30594962, -0.83805376,  4.01086777</corner2></bounds><pose><translation>0., 0., 0.</translation><rotation><c1>1., 0., 0.</c1><c2>0., 1., 0.</c2><c3>0., 0., 1.</c3></rotation></pose><symmetry><x>none</x><y>none</y><z>none</z></symmetry><detectionScore>-1</detectionScore></element><element><id>20</id><category>kitchen_cabinet</category><bounds><corner1> 0.49098549, -1.38662864,  1.37795729</corner1><corner2>1.58113835, 1.00867185, 3.91077982</corner2></bounds><pose><translation>0., 0., 0.</translation><rotation><c1>1., 0., 0.</c1><c2>0., 1., 0.</c2><c3>0., 0., 1.</c3></rotation></pose><symmetry><x>none</x><y>none</y><z>none</z></symmetry><detectionScore>-1</detectionScore></element><element><id>5</id><category>table_and_chair</category><bounds><corner1>-6.46820763, -1.44422491,  1.01163395</corner1><corner2>-2.4200797 , -0.35192946,  3.98631418</corner2></bounds><pose><translation>0., 0., 0.</translation><rotation><c1>1., 0., 0.</c1><c2>0., 1., 0.</c2><c3>0., 0., 1.</c3></rotation></pose><symmetry><x>none</x><y>none</y><z>none</z></symmetry><detectionScore>-1</detectionScore></element><element><id>24</id><category>refrigerator</category><bounds><corner1>-1.28011805, -0.94580987,  1.39299793</corner1><corner2>-0.30083725,  0.49987598,  3.87389232</corner2></bounds><pose><translation>0., 0., 0.</translation><rotation><c1>1., 0., 0.</c1><c2>0., 1., 0.</c2><c3>0., 0., 1.</c3></rotation></pose><symmetry><x>none</x><y>none</y><z>none</z></symmetry><detectionScore>-1</detectionScore></element><element><id>12</id><category>kitchen_cabinet</category><bounds><corner1> 0.93102145, -1.00381363, -0.8301969 </corner1><corner2> 1.47099338, -0.68640254, -0.04108893</corner2></bounds><pose><translation>0., 0., 0.</translation><rotation><c1>1., 0., 0.</c1><c2>0., 1., 0.</c2><c3>0., 0., 1.</c3></rotation></pose><symmetry><x>none</x><y>none</y><z>none</z></symmetry><detectionScore>-1</detectionScore></element><element><id>15</id><category>window</category><bounds><corner1>-6.54619154, -0.51849452,  2.36400524</corner1><corner2>-5.56537367,  0.82523499,  3.23721009</corner2></bounds><pose><translation>0., 0., 0.</translation><rotation><c1>1., 0., 0.</c1><c2>0., 1., 0.</c2><c3>0., 0., 1.</c3></rotation></pose><symmetry><x>none</x><y>none</y><z>none</z></symmetry><detectionScore>-1</detectionScore></element><element><id>4</id><category>utensil_holder</category><bounds><corner1> 1.27994985, -0.71023961,  0.97056243</corner1><corner2> 1.70603727, -0.23019725,  1.66515072</corner2></bounds><pose><translation>0., 0., 0.</translation><rotation><c1>1., 0., 0.</c1><c2>0., 1., 0.</c2><c3>0., 0., 1.</c3></rotation></pose><symmetry><x>none</x><y>none</y><z>none</z></symmetry><detectionScore>-1</detectionScore></element><element><id>1</id><category>table_and_chair</category><bounds><corner1>-6.39098127, -1.47555958,  0.3960842 </corner1><corner2>-2.38388196, -0.57728716,  3.9279756 </corner2></bounds><pose><translation>0., 0., 0.</translation><rotation><c1>1., 0., 0.</c1><c2>0., 1., 0.</c2><c3>0., 0., 1.</c3></rotation></pose><symmetry><x>none</x><y>none</y><z>none</z></symmetry><detectionScore>-1</detectionScore></element><element><id>3</id><category>kitchen_cabinet</category><bounds><corner1>-1.28330645, -0.94485776,  1.39503223</corner1><corner2>-0.2825381 ,  0.70170608,  3.902159  </corner2></bounds><pose><translation>0., 0., 0.</translation><rotation><c1>1., 0., 0.</c1><c2>0., 1., 0.</c2><c3>0., 0., 1.</c3></rotation></pose><symmetry><x>none</x><y>none</y><z>none</z></symmetry><detectionScore>-1</detectionScore></element><element><id>13</id><category>wall</category><bounds><corner1>-6.5099194 , -1.15760146, -0.45189311</corner1><corner2>-1.27202328,  1.18546671,  3.75421311</corner2></bounds><pose><translation>0., 0., 0.</translation><rotation><c1>1., 0., 0.</c1><c2>0., 1., 0.</c2><c3>0., 0., 1.</c3></rotation></pose><symmetry><x>none</x><y>none</y><z>none</z></symmetry><detectionScore>-1</detectionScore></element></elements></scene>