<?xml version='1.0' encoding='utf-8'?>
<scene xmlns:sumo="https://www.sumochallenge.org"><version>2.0</version><categories><id>fb_categories_v1.0</id><url>https://sumochallenge.org/en/categories-1_0.json</url></categories><project_type>bounding_box</project_type><elements><element><id>7</id><category>plant</category><bounds><corner1>-0.50311812, -1.48755489, -0.78125084</corner1><corner2>0.50311812, 1.48755489, 0.78125084</corner2></bounds><pose><translation>-2.5131538 , -0.782894  , -0.72633772</translation><rotation><c1>1., 0., 0.</c1><c2>0., 1., 0.</c2><c3>0., 0., 1.</c3></rotation></pose><symmetry><x>none</x><y>none</y><z>none</z></symmetry><detectionScore>-1</detectionScore></element><element><id>4</id><category>wall_lamp</category><bounds><corner1>-0.0518638 , -0.33428666, -0.11370929</corner1><corner2>0.0518638 , 0.33428666, 0.11370929</corner2></bounds><pose><translation> 1.90405816, -0.0871152 , -0.34188744</translation><rotation><c1>1., 0., 0.</c1><c2>0., 1., 0.</c2><c3>0., 0., 1.</c3></rotation></pose><symmetry><x>none</x><y>none</y><z>none</z></symmetry><detectionScore>-1</detectionScore></element><element><id>9</id><category>wall</category><bounds><corner1>-2.3126346 , -1.21804522, -0.68417228</corner1><corner2>2.3126346 , 1.21804522, 0.68417228</corner2></bounds><pose><translation>-0.68909381, -0.04879288, -3.27802938</translation><rotation><c1>1., 0., 0.</c1><c2>0., 1., 0.</c2><c3>0., 0., 1.</c3></rotation></pose><symmetry><x>none</x><y>none</y><z>none</z></symmetry><detectionScore>-1</detectionScore></element><element><id>5</id><category>curtain</category><bounds><corner1>-0.82305603, -1.02216137, -0.80244074</corner1><corner2>0.82305603, 1.02216137, 0.80244074</corner2></bounds><pose><translation>-2.98013003, -0.01537502,  0.41536275</translation><rotation><c1>1., 0., 0.</c1><c2>0., 1., 0.</c2><c3>0., 0., 1.</c3></rotation></pose><symmetry><x>none</x><y>none</y><z>none</z></symmetry><detectionScore>-1</detectionScore></element><element><id>12</id><category>towel_rack</category><bounds><corner1>-0.33843172, -0.44209177, -0.02792215</corner1><corner2>0.33843172, 0.44209177, 0.02792215</corner2></bounds><pose><translation>-0.56442111,  0.14528565,  1.59902713</translation><rotation><c1>1., 0., 0.</c1><c2>0., 1., 0.</c2><c3>0., 0., 1.</c3></rotation></pose><symmetry><x>none</x><y>none</y><z>none</z></symmetry><detectionScore>-1</detectionScore></element><element><id>11</id><category>window</category><bounds><corner1>-0.84999751, -0.76912918, -1.04304492</corner1><corner2>0.84999751, 0.76912918, 1.04304492</corner2></bounds><pose><translation>-2.93801769,  0.11774938, -1.90158179</translation><rotation><c1>1., 0., 0.</c1><c2>0., 1., 0.</c2><c3>0., 0., 1.</c3></rotation></pose><symmetry><x>none</x><y>none</y><z>none</z></symmetry><detectionScore>-1</detectionScore></element><element><id>10</id><category>chair</category><bounds><corner1>-0.4321808 , -0.40342575, -0.34678298</corner1><corner2>0.4321808 , 0.40342575, 0.34678298</corner2></bounds><pose><translation> 1.06237321, -1.07049673, -2.08387192</translation><rotation><c1>1., 0., 0.</c1><c2>0., 1., 0.</c2><c3>0., 0., 1.</c3></rotation></pose><symmetry><x>none</x><y>none</y><z>none</z></symmetry><detectionScore>-1</detectionScore></element><element><id>6</id><category>chandelier</category><bounds><corner1>-0.44271931, -0.02909826, -0.15500595</corner1><corner2>0.44271931, 0.02909826, 0.15500595</corner2></bounds><pose><translation> 0.72010219,  1.17851409, -1.83307541</translation><rotation><c1>1., 0., 0.</c1><c2>0., 1., 0.</c2><c3>0., 0., 1.</c3></rotation></pose><symmetry><x>none</x><y>none</y><z>none</z></symmetry><detectionScore>-1</detectionScore></element><element><id>13</id><category>toilet</category><bounds><corner1>-0.09415628, -0.43831371, -0.23654603</corner1><corner2>0.09415628, 0.43831371, 0.23654603</corner2></bounds><pose><translation>-2.00006369, -1.08450023,  1.40970135</translation><rotation><c1>1., 0., 0.</c1><c2>0., 1., 0.</c2><c3>0., 0., 1.</c3></rotation></pose><symmetry><x>none</x><y>none</y><z>none</z></symmetry><detectionScore>-1</detectionScore></element><element><id>3</id><category>chandelier</category><bounds><corner1>-0.2741176 , -0.03226358, -0.35202551</corner1><corner2>0.2741176 , 0.03226358, 0.35202551</corner2></bounds><pose><translation>-1.93607371,  1.17463534,  1.29717322</translation><rotation><c1>1., 0., 0.</c1><c2>0., 1., 0.</c2><c3>0., 0., 1.</c3></rotation></pose><symmetry><x>none</x><y>none</y><z>none</z></symmetry><detectionScore>-1</detectionScore></element><element><id>8</id><category>mirror</category><bounds><corner1>-0.76003155, -1.0814435 , -0.39087787</corner1><corner2>0.76003155, 1.0814435 , 0.39087787</corner2></bounds><pose><translation> 0.82799537, -0.02253207, -3.29407611</translation><rotation><c1>1., 0., 0.</c1><c2>0., 1., 0.</c2><c3>0., 0., 1.</c3></rotation></pose><symmetry><x>none</x><y>none</y><z>none</z></symmetry><detectionScore>-1</detectionScore></element><element><id>1</id><category>door</category><bounds><corner1>-0.04797137, -1.01890528, -0.4005214 </corner1><corner2>0.04797137, 1.01890528, 0.4005214 </corner2></bounds><pose><translation> 2.00497989, -0.42792139,  1.08225039</translation><rotation><c1>1., 0., 0.</c1><c2>0., 1., 0.</c2><c3>0., 0., 1.</c3></rotation></pose><symmetry><x>none</x><y>none</y><z>none</z></symmetry><detectionScore>-1</detectionScore></element><element><id>14</id><category>mirror</category><bounds><corner1>-0.76581651, -1.03736867, -0.25057618</corner1><corner2>0.76581651, 1.03736867, 0.25057618</corner2></bounds><pose><translation>-2.14052645,  0.03505599, -3.28386185</translation><rotation><c1>1., 0., 0.</c1><c2>0., 1., 0.</c2><c3>0., 0., 1.</c3></rotation></pose><symmetry><x>none</x><y>none</y><z>none</z></symmetry><detectionScore>-1</detectionScore></element></elements></scene>