<?xml version='1.0' encoding='utf-8'?>
<scene xmlns:sumo="https://www.sumochallenge.org"><version>2.0</version><categories><id>fb_categories_v1_0</id><url>https://sumochallenge.org/en/categories-1_0.json</url></categories><project_type>bounding_box</project_type><elements><element><id>0</id><category>door</category><bounds><corner1>-0.6610301354911093, -1.3113398835370633, -2.366984174473048</corner1><corner2>0.6610301354911093, 1.3113398835370633, 2.366984174473048</corner2></bounds><pose><translation>-1.1837158591284664, -0.1935498653311888, -3.8018703165387753</translation><rotation><c1>1, 0, 0</c1><c2>0, 1, 0</c2><c3>0, 0, 1</c3></rotation></pose><symmetry><x>twoFold</x><y>cylindrical</y><z>twoFold</z></symmetry><detectionScore>-1.0</detectionScore></element><element><id>1</id><category>wall</category><bounds><corner1>-1.1678137952589491, -2.0383400874054125, -9.935320949105165</corner1><corner2>1.1678137952589491, 2.0383400874054125, 9.935320949105165</corner2></bounds><pose><translation>-0.6164693346015839, -0.03600093659504806, 5.205281522175514</translation><rotation><c1>1, 0, 0</c1><c2>0, 1, 0</c2><c3>0, 0, 1</c3></rotation></pose><symmetry><x>twoFold</x><y>cylindrical</y><z>twoFold</z></symmetry><detectionScore>-1.0</detectionScore></element><element><id>2</id><category>wall</category><bounds><corner1>-0.2746062661226706, -1.4954554231987776, -0.5342718335249663</corner1><corner2>0.2746062661226706, 1.4954554231987776, 0.5342718335249663</corner2></bounds><pose><translation>0.7171307027395347, -0.07905033875224517, -1.4692830946996254</translation><rotation><c1>1, 0, 0</c1><c2>0, 1, 0</c2><c3>0, 0, 1</c3></rotation></pose><symmetry><x>twoFold</x><y>cylindrical</y><z>twoFold</z></symmetry><detectionScore>-1.0</detectionScore></element><element><id>3</id><category>rug</category><bounds><corner1>-0.8153072924902939, -0.5683876767822208, -2.3453926494779003</corner1><corner2>0.8153072924902939, 0.5683876767822208, 2.3453926494779003</corner2></bounds><pose><translation>-0.884684702446502, -0.7797176397458176, -3.789796765720662</translation><rotation><c1>1, 0, 0</c1><c2>0, 1, 0</c2><c3>0, 0, 1</c3></rotation></pose><symmetry><x>twoFold</x><y>cylindrical</y><z>twoFold</z></symmetry><detectionScore>-1.0</detectionScore></element><element><id>4</id><category>wall</category><bounds><corner1>-1.3667106022860873, -1.5375653555853501, -2.2975099828672683</corner1><corner2>1.3667106022860873, 1.5375653555853501, 2.2975099828672683</corner2></bounds><pose><translation>-2.0213586579756226, -0.16313786436776265, -3.7068987270492264</translation><rotation><c1>1, 0, 0</c1><c2>0, 1, 0</c2><c3>0, 0, 1</c3></rotation></pose><symmetry><x>twoFold</x><y>cylindrical</y><z>twoFold</z></symmetry><detectionScore>-1.0</detectionScore></element><element><id>5</id><category>plant</category><bounds><corner1>-0.7348761750997443, -0.9905774946663136, -1.769587837318737</corner1><corner2>0.7348761750997443, 0.9905774946663136, 1.769587837318737</corner2></bounds><pose><translation>-1.1508548649581103, -0.8565503356687411, -3.170542951030031</translation><rotation><c1>1, 0, 0</c1><c2>0, 1, 0</c2><c3>0, 0, 1</c3></rotation></pose><symmetry><x>twoFold</x><y>cylindrical</y><z>twoFold</z></symmetry><detectionScore>-1.0</detectionScore></element><element><id>6</id><category>window</category><bounds><corner1>-0.07791150684423964, -1.274370128442554, -2.8773203918112413</corner1><corner2>0.07791150684423964, 1.274370128442554, 2.8773203918112413</corner2></bounds><pose><translation>0.6913715923447369, 0.025170042366905773, 2.0213875826754233</translation><rotation><c1>1, 0, 0</c1><c2>0, 1, 0</c2><c3>0, 0, 1</c3></rotation></pose><symmetry><x>twoFold</x><y>cylindrical</y><z>twoFold</z></symmetry><detectionScore>-1.0</detectionScore></element><element><id>7</id><category>wall</category><bounds><corner1>-2.1040558609934434, -1.5541417410864835, -6.950629465664526</corner1><corner2>2.1040558609934434, 1.5541417410864835, 6.950629465664526</corner2></bounds><pose><translation>-3.240927301272199, 0.055112725528540914, 6.0140253228699825</translation><rotation><c1>1, 0, 0</c1><c2>0, 1, 0</c2><c3>0, 0, 1</c3></rotation></pose><symmetry><x>twoFold</x><y>cylindrical</y><z>twoFold</z></symmetry><detectionScore>-1.0</detectionScore></element><element><id>8</id><category>plant</category><bounds><corner1>-0.7203834858702868, -0.6832672946511938, -1.1207239354574086</corner1><corner2>0.7203834858702868, 0.6832672946511938, 1.1207239354574086</corner2></bounds><pose><translation>-1.2937044246242948, -0.7132553585043768, -2.5359256308847526</translation><rotation><c1>1, 0, 0</c1><c2>0, 1, 0</c2><c3>0, 0, 1</c3></rotation></pose><symmetry><x>twoFold</x><y>cylindrical</y><z>twoFold</z></symmetry><detectionScore>-1.0</detectionScore></element><element><id>9</id><category>door</category><bounds><corner1>-0.2952964593761285, -1.6375204634464084, -0.5118758985005394</corner1><corner2>0.2952964593761285, 1.6375204634464084, 0.5118758985005394</corner2></bounds><pose><translation>0.6964405094860768, -0.18123757857846748, -1.559004361816764</translation><rotation><c1>1, 0, 0</c1><c2>0, 1, 0</c2><c3>0, 0, 1</c3></rotation></pose><symmetry><x>twoFold</x><y>cylindrical</y><z>twoFold</z></symmetry><detectionScore>-1.0</detectionScore></element><element><id>10</id><category>wall</category><bounds><corner1>-1.5163001733765005, -1.5345797704594617, -2.5009021732827135</corner1><corner2>1.5163001733765005, 1.5345797704594617, 2.5009021732827135</corner2></bounds><pose><translation>-4.002427624374888, -0.20344928395070314, 5.369156837970553</translation><rotation><c1>1, 0, 0</c1><c2>0, 1, 0</c2><c3>0, 0, 1</c3></rotation></pose><symmetry><x>twoFold</x><y>cylindrical</y><z>twoFold</z></symmetry><detectionScore>-1.0</detectionScore></element><element><id>11</id><category>fireplace</category><bounds><corner1>-1.4149030985543043, -1.5181534789161593, -2.3008028787802246</corner1><corner2>1.4149030985543043, 1.5181534789161593, 2.3008028787802246</corner2></bounds><pose><translation>-2.0927940000983436, -0.14946209667025848, -3.710191622962183</translation><rotation><c1>1, 0, 0</c1><c2>0, 1, 0</c2><c3>0, 0, 1</c3></rotation></pose><symmetry><x>twoFold</x><y>cylindrical</y><z>twoFold</z></symmetry><detectionScore>-1.0</detectionScore></element><element><id>12</id><category>window</category><bounds><corner1>-0.653671699895545, -1.3333093008077108, -2.3704282102933556</corner1><corner2>0.653671699895545, 1.3333093008077108, 2.3704282102933556</corner2></bounds><pose><translation>-1.1745075678370733, -0.18617221421335037, -3.805745987708184</translation><rotation><c1>1, 0, 0</c1><c2>0, 1, 0</c2><c3>0, 0, 1</c3></rotation></pose><symmetry><x>twoFold</x><y>cylindrical</y><z>twoFold</z></symmetry><detectionScore>-1.0</detectionScore></element><element><id>13</id><category>floor_lamp</category><bounds><corner1>-0.9871732056638479, -2.0372900624004115, -1.2508005096277754</corner1><corner2>0.9871732056638479, 2.0372900624004115, 1.2508005096277754</corner2></bounds><pose><translation>-1.652621268477751, -0.6597905482657603, -2.659282587487216</translation><rotation><c1>1, 0, 0</c1><c2>0, 1, 0</c2><c3>0, 0, 1</c3></rotation></pose><symmetry><x>twoFold</x><y>cylindrical</y><z>twoFold</z></symmetry><detectionScore>-1.0</detectionScore></element><element><id>14</id><category>sofa</category><bounds><corner1>-0.1633695297065152, -0.42161039822680724, -0.6184396915509481</corner1><corner2>0.1633695297065152, 0.42161039822680724, 0.6184396915509481</corner2></bounds><pose><translation>-1.412583813742707, -1.0150683110665537, -0.8665449249156105</translation><rotation><c1>1, 0, 0</c1><c2>0, 1, 0</c2><c3>0, 0, 1</c3></rotation></pose><symmetry><x>twoFold</x><y>cylindrical</y><z>twoFold</z></symmetry><detectionScore>-1.0</detectionScore></element><element><id>15</id><category>armchair</category><bounds><corner1>-0.6634716239176578, -0.818062461689522, -0.8946118364967639</corner1><corner2>0.6634716239176578, 0.818062461689522, 0.8946118364967639</corner2></bounds><pose><translation>-1.192011218995085, -1.024313355751096, -2.2733642052243974</translation><rotation><c1>1, 0, 0</c1><c2>0, 1, 0</c2><c3>0, 0, 1</c3></rotation></pose><symmetry><x>twoFold</x><y>cylindrical</y><z>twoFold</z></symmetry><detectionScore>-1.0</detectionScore></element><element><id>16</id><category>wall</category><bounds><corner1>-0.09497598151334485, -1.2996014284710238, -3.5708055762032718</corner1><corner2>0.09497598151334485, 1.2996014284710238, 3.5708055762032718</corner2></bounds><pose><translation>0.6994657130053323, 0.027450220586728573, 1.753013034501322</translation><rotation><c1>1, 0, 0</c1><c2>0, 1, 0</c2><c3>0, 0, 1</c3></rotation></pose><symmetry><x>twoFold</x><y>cylindrical</y><z>twoFold</z></symmetry><detectionScore>-1.0</detectionScore></element><element><id>17</id><category>armchair</category><bounds><corner1>-0.14553877327624032, -0.3726903015509305, -0.5659034009083049</corner1><corner2>0.14553877327624032, 0.3726903015509305, 0.5659034009083049</corner2></bounds><pose><translation>-1.3977912890873645, -0.9675176180779035, -0.8108742371290802</translation><rotation><c1>1, 0, 0</c1><c2>0, 1, 0</c2><c3>0, 0, 1</c3></rotation></pose><symmetry><x>twoFold</x><y>cylindrical</y><z>twoFold</z></symmetry><detectionScore>-1.0</detectionScore></element><element><id>18</id><category>bookshelf</category><bounds><corner1>-3.146446514311445, -1.083825341284477, -2.1891846783264537</corner1><corner2>3.146446514311445, 1.083825341284477, 2.1891846783264537</corner2></bounds><pose><translation>-4.489369040498111, -0.6002108043348624, -3.039478484976543</translation><rotation><c1>1, 0, 0</c1><c2>0, 1, 0</c2><c3>0, 0, 1</c3></rotation></pose><symmetry><x>twoFold</x><y>cylindrical</y><z>twoFold</z></symmetry><detectionScore>-1.0</detectionScore></element><element><id>19</id><category>wall</category><bounds><corner1>-1.391244215923044, -1.3452503704527845, -2.363400521472892</corner1><corner2>1.391244215923044, 1.3452503704527845, 2.363400521472892</corner2></bounds><pose><translation>-0.8227351158929542, -0.08454234607237732, -3.784641751178706</translation><rotation><c1>1, 0, 0</c1><c2>0, 1, 0</c2><c3>0, 0, 1</c3></rotation></pose><symmetry><x>twoFold</x><y>cylindrical</y><z>twoFold</z></symmetry><detectionScore>-1.0</detectionScore></element><element><id>20</id><category>armchair</category><bounds><corner1>-0.6864928092414178, -1.1029995697888186, -1.5582965248237814</corner1><corner2>0.6864928092414178, 1.1029995697888186, 1.5582965248237814</corner2></bounds><pose><translation>-0.9873016217800324, -1.3092504638503926, -2.946123114632488</translation><rotation><c1>1, 0, 0</c1><c2>0, 1, 0</c2><c3>0, 0, 1</c3></rotation></pose><symmetry><x>twoFold</x><y>cylindrical</y><z>twoFold</z></symmetry><detectionScore>-1.0</detectionScore></element><element><id>21</id><category>door</category><bounds><corner1>-1.0470861179141537, -2.3942497538186136, -9.927254331869694</corner1><corner2>1.0470861179141537, 2.3942497538186136, 9.927254331869694</corner2></bounds><pose><translation>-0.5325333127289456, -0.39191060300824915, 5.213348139410986</translation><rotation><c1>1, 0, 0</c1><c2>0, 1, 0</c2><c3>0, 0, 1</c3></rotation></pose><symmetry><x>twoFold</x><y>cylindrical</y><z>twoFold</z></symmetry><detectionScore>-1.0</detectionScore></element><element><id>22</id><category>door</category><bounds><corner1>-0.06589976215691173, -1.3720239906302871, -2.985673034931659</corner1><corner2>0.06589976215691173, 1.3720239906302871, 2.985673034931659</corner2></bounds><pose><translation>0.6770725787352321, -0.03687645643901266, 2.242261915521379</translation><rotation><c1>1, 0, 0</c1><c2>0, 1, 0</c2><c3>0, 0, 1</c3></rotation></pose><symmetry><x>twoFold</x><y>cylindrical</y><z>twoFold</z></symmetry><detectionScore>-1.0</detectionScore></element><element><id>23</id><category>chair</category><bounds><corner1>-0.8206700046314563, -1.0784593841279635, -1.3957844307608802</corner1><corner2>0.8206700046314563, 1.0784593841279635, 1.3957844307608802</corner2></bounds><pose><translation>-2.8165732652669853, -1.5976891249189118, 0.320061966693021</translation><rotation><c1>1, 0, 0</c1><c2>0, 1, 0</c2><c3>0, 0, 1</c3></rotation></pose><symmetry><x>twoFold</x><y>cylindrical</y><z>twoFold</z></symmetry><detectionScore>-1.0</detectionScore></element><element><id>24</id><category>wall</category><bounds><corner1>-1.547464027248267, -0.06562542584560926, -2.560831598735078</corner1><corner2>1.547464027248267, 0.06562542584560926, 2.560831598735078</corner2></bounds><pose><translation>-3.3681100080864046, 1.2897136503808078, 4.8136460502850635</translation><rotation><c1>1, 0, 0</c1><c2>0, 1, 0</c2><c3>0, 0, 1</c3></rotation></pose><symmetry><x>twoFold</x><y>cylindrical</y><z>twoFold</z></symmetry><detectionScore>-1.0</detectionScore></element><element><id>25</id><category>floor</category><bounds><corner1>-0.8373942265072377, -0.5689845744222309, -2.347710522696195</corner1><corner2>0.8373942265072377, 0.5689845744222309, 2.347710522696195</corner2></bounds><pose><translation>-0.8774919975313022, -0.7704864674922192, -3.7921146389389566</translation><rotation><c1>1, 0, 0</c1><c2>0, 1, 0</c2><c3>0, 0, 1</c3></rotation></pose><symmetry><x>twoFold</x><y>cylindrical</y><z>twoFold</z></symmetry><detectionScore>-1.0</detectionScore></element><element><id>26</id><category>shelving</category><bounds><corner1>-3.1263838658346907, -1.3558553551460386, -2.2590999647509986</corner1><corner2>3.1263838658346907, 1.3558553551460386, 2.2590999647509986</corner2></bounds><pose><translation>-4.469767133559323, -0.6051862201358414, -3.127891524039057</translation><rotation><c1>1, 0, 0</c1><c2>0, 1, 0</c2><c3>0, 0, 1</c3></rotation></pose><symmetry><x>twoFold</x><y>cylindrical</y><z>twoFold</z></symmetry><detectionScore>-1.0</detectionScore></element><element><id>27</id><category>ceiling</category><bounds><corner1>-1.8194180189148437, -0.17050485741847554, -2.74013685356877</corner1><corner2>1.8194180189148437, 0.17050485741847554, 2.74013685356877</corner2></bounds><pose><translation>-3.517931763544801, 1.1783193553333957, 5.149906471071426</translation><rotation><c1>1, 0, 0</c1><c2>0, 1, 0</c2><c3>0, 0, 1</c3></rotation></pose><symmetry><x>twoFold</x><y>cylindrical</y><z>twoFold</z></symmetry><detectionScore>-1.0</detectionScore></element><element><id>28</id><category>shelving</category><bounds><corner1>-1.5659447440150007, -1.4328877642438649, -0.9794839865742122</corner1><corner2>1.5659447440150007, 1.4328877642438649, 0.9794839865742122</corner2></bounds><pose><translation>-4.883365522633055, -0.0926270301953036, 0.16837224024080383</translation><rotation><c1>1, 0, 0</c1><c2>0, 1, 0</c2><c3>0, 0, 1</c3></rotation></pose><symmetry><x>twoFold</x><y>cylindrical</y><z>twoFold</z></symmetry><detectionScore>-1.0</detectionScore></element><element><id>29</id><category>wall</category><bounds><corner1>-3.204397314002388, -1.440663627745549, -3.9358164000869915</corner1><corner2>3.204397314002388, 1.440663627745549, 3.9358164000869915</corner2></bounds><pose><translation>-4.900480821866258, -0.0914169640955829, 0.09474011623944419</translation><rotation><c1>1, 0, 0</c1><c2>0, 1, 0</c2><c3>0, 0, 1</c3></rotation></pose><symmetry><x>twoFold</x><y>cylindrical</y><z>twoFold</z></symmetry><detectionScore>-1.0</detectionScore></element><element><id>30</id><category>floor_lamp</category><bounds><corner1>-0.7193901033595764, -1.666039754870111, -2.322355374742051</corner1><corner2>0.7193901033595764, 1.666039754870111, 2.322355374742051</corner2></bounds><pose><translation>-1.1642553368336774, -0.6053141334000404, -3.723310488453345</translation><rotation><c1>1, 0, 0</c1><c2>0, 1, 0</c2><c3>0, 0, 1</c3></rotation></pose><symmetry><x>twoFold</x><y>cylindrical</y><z>twoFold</z></symmetry><detectionScore>-1.0</detectionScore></element><element><id>31</id><category>window</category><bounds><corner1>-1.6258457441404177, -1.2449374486086766, -2.302752983558973</corner1><corner2>1.6258457441404177, 1.2449374486086766, 2.302752983558973</corner2></bounds><pose><translation>-2.4104064346337917, -0.18750954726517038, -3.7286407193114974</translation><rotation><c1>1, 0, 0</c1><c2>0, 1, 0</c2><c3>0, 0, 1</c3></rotation></pose><symmetry><x>twoFold</x><y>cylindrical</y><z>twoFold</z></symmetry><detectionScore>-1.0</detectionScore></element><element><id>32</id><category>window</category><bounds><corner1>-0.047476964020897294, -0.41128050916280195, -0.22873650188108385</corner1><corner2>0.047476964020897294, 0.41128050916280195, 0.22873650188108385</corner2></bounds><pose><translation>0.7905089448484415, -0.014394467395566964, 1.1260608544138746</translation><rotation><c1>1, 0, 0</c1><c2>0, 1, 0</c2><c3>0, 0, 1</c3></rotation></pose><symmetry><x>twoFold</x><y>cylindrical</y><z>twoFold</z></symmetry><detectionScore>-1.0</detectionScore></element><element><id>33</id><category>arch</category><bounds><corner1>-0.7282746385496883, -1.5698743882388213, -2.3604064980002084</corner1><corner2>0.7282746385496883, 1.5698743882388213, 2.3604064980002084</corner2></bounds><pose><translation>-1.2402613136146419, -0.23840237561363473, -3.774591978767621</translation><rotation><c1>1, 0, 0</c1><c2>0, 1, 0</c2><c3>0, 0, 1</c3></rotation></pose><symmetry><x>twoFold</x><y>cylindrical</y><z>twoFold</z></symmetry><detectionScore>-1.0</detectionScore></element><element><id>34</id><category>door</category><bounds><corner1>-1.8666081477795666, -1.5500209154048392, -1.528118618539973</corner1><corner2>1.8666081477795666, 1.5500209154048392, 1.528118618539973</corner2></bounds><pose><translation>-3.5560508272007936, -0.24995867484081596, 6.36652055144485</translation><rotation><c1>1, 0, 0</c1><c2>0, 1, 0</c2><c3>0, 0, 1</c3></rotation></pose><symmetry><x>twoFold</x><y>cylindrical</y><z>twoFold</z></symmetry><detectionScore>-1.0</detectionScore></element><element><id>35</id><category>chair</category><bounds><corner1>-0.666903732613588, -1.1418128334598272, -1.5163820803469195</corner1><corner2>0.666903732613588, 1.1418128334598272, 1.5163820803469195</corner2></bounds><pose><translation>-0.9770798221891175, -1.353142796423424, -2.901074245832311</translation><rotation><c1>1, 0, 0</c1><c2>0, 1, 0</c2><c3>0, 0, 1</c3></rotation></pose><symmetry><x>twoFold</x><y>cylindrical</y><z>twoFold</z></symmetry><detectionScore>-1.0</detectionScore></element><element><id>36</id><category>chandelier</category><bounds><corner1>-1.0772736637660698, -0.7273634843951823, -0.30975911735788464</corner1><corner2>1.0772736637660698, 0.7273634843951823, 0.30975911735788464</corner2></bounds><pose><translation>-2.7630685431506765, 0.6856054724372321, -1.3553904842392352</translation><rotation><c1>1, 0, 0</c1><c2>0, 1, 0</c2><c3>0, 0, 1</c3></rotation></pose><symmetry><x>twoFold</x><y>cylindrical</y><z>twoFold</z></symmetry><detectionScore>-1.0</detectionScore></element><element><id>37</id><category>range_hood</category><bounds><corner1>-1.0334241787336513, -0.894803285679445, -0.2878198716841267</corner1><corner2>1.0334241787336513, 0.894803285679445, 0.2878198716841267</corner2></bounds><pose><translation>-2.7547487556002173, 0.47791096686108675, -1.3307831294082197</translation><rotation><c1>1, 0, 0</c1><c2>0, 1, 0</c2><c3>0, 0, 1</c3></rotation></pose><symmetry><x>twoFold</x><y>cylindrical</y><z>twoFold</z></symmetry><detectionScore>-1.0</detectionScore></element><element><id>38</id><category>coffee_table</category><bounds><corner1>-0.2731755871729933, -0.2014468882336682, -0.47863073891809216</corner1><corner2>0.2731755871729933, 0.2014468882336682, 0.47863073891809216</corner2></bounds><pose><translation>-1.5581207586664327, -0.8000021047453796, -0.7004275342716725</translation><rotation><c1>1, 0, 0</c1><c2>0, 1, 0</c2><c3>0, 0, 1</c3></rotation></pose><symmetry><x>twoFold</x><y>cylindrical</y><z>twoFold</z></symmetry><detectionScore>-1.0</detectionScore></element><element><id>39</id><category>door</category><bounds><corner1>-1.6075103531009707, -1.329914472382316, -2.2869816838117822</corner1><corner2>1.6075103531009707, 1.329914472382316, 2.2869816838117822</corner2></bounds><pose><translation>-2.3445582346873133, -0.3120591443038859, -3.712869419564307</translation><rotation><c1>1, 0, 0</c1><c2>0, 1, 0</c2><c3>0, 0, 1</c3></rotation></pose><symmetry><x>twoFold</x><y>cylindrical</y><z>twoFold</z></symmetry><detectionScore>-1.0</detectionScore></element><element><id>40</id><category>sofa</category><bounds><corner1>-2.2081244371039106, -0.8200569564559368, -2.2666695181860756</corner1><corner2>2.2081244371039106, 0.8200569564559368, 2.2666695181860756</corner2></bounds><pose><translation>-3.704558580135265, -0.9802792023352248, 5.626793514682067</translation><rotation><c1>1, 0, 0</c1><c2>0, 1, 0</c2><c3>0, 0, 1</c3></rotation></pose><symmetry><x>twoFold</x><y>cylindrical</y><z>twoFold</z></symmetry><detectionScore>-1.0</detectionScore></element><element><id>41</id><category>arch</category><bounds><corner1>-1.5462602154909253, -1.3232206559830375, -2.301038922973288</corner1><corner2>1.5462602154909253, 1.3232206559830375, 2.301038922973288</corner2></bounds><pose><translation>-2.3044287086109008, -0.2023045341988319, -3.7222801526791023</translation><rotation><c1>1, 0, 0</c1><c2>0, 1, 0</c2><c3>0, 0, 1</c3></rotation></pose><symmetry><x>twoFold</x><y>cylindrical</y><z>twoFold</z></symmetry><detectionScore>-1.0</detectionScore></element><element><id>42</id><category>window</category><bounds><corner1>-1.20076677536179, -1.0551000813980402, -0.9452813756240955</corner1><corner2>1.20076677536179, 1.0551000813980402, 0.9452813756240955</corner2></bounds><pose><translation>-4.839374565183617, 0.20911666785233762, 0.18331121897029715</translation><rotation><c1>1, 0, 0</c1><c2>0, 1, 0</c2><c3>0, 0, 1</c3></rotation></pose><symmetry><x>twoFold</x><y>cylindrical</y><z>twoFold</z></symmetry><detectionScore>-1.0</detectionScore></element><element><id>43</id><category>picture_frame</category><bounds><corner1>-1.55000148998559, -1.2159502942533942, -2.3191093363318664</corner1><corner2>1.55000148998559, 1.2159502942533942, 2.3191093363318664</corner2></bounds><pose><translation>-2.3466344426929173, -0.1512951507080172, -3.7449970720843906</translation><rotation><c1>1, 0, 0</c1><c2>0, 1, 0</c2><c3>0, 0, 1</c3></rotation></pose><symmetry><x>twoFold</x><y>cylindrical</y><z>twoFold</z></symmetry><detectionScore>-1.0</detectionScore></element><element><id>44</id><category>wall</category><bounds><corner1>-2.897183245042098, -1.665876615006168, -1.6523094772227003</corner1><corner2>2.897183245042098, 1.665876615006168, 1.6523094772227003</corner2></bounds><pose><translation>-4.409520005610882, -0.3198295163368589, -2.2662403207886577</translation><rotation><c1>1, 0, 0</c1><c2>0, 1, 0</c2><c3>0, 0, 1</c3></rotation></pose><symmetry><x>twoFold</x><y>cylindrical</y><z>twoFold</z></symmetry><detectionScore>-1.0</detectionScore></element></elements></scene>