<?xml version='1.0' encoding='utf-8'?>
<scene xmlns:sumo="https://www.sumochallenge.org"><version>2.0</version><categories><id>fb_categories_v1.0</id><url>https://sumochallenge.org/en/categories-1_0.json</url></categories><project_type>bounding_box</project_type><elements><element><id>25</id><category>ceiling</category><bounds><corner1>-5.43453069,  0.85230819, -8.60654881</corner1><corner2>-3.39579585,  1.2110479 , -6.39134915</corner2></bounds><pose><translation>0., 0., 0.</translation><rotation><c1>1., 0., 0.</c1><c2>0., 1., 0.</c2><c3>0., 0., 1.</c3></rotation></pose><symmetry><x>none</x><y>none</y><z>none</z></symmetry><detectionScore>-1</detectionScore></element><element><id>24</id><category>wall</category><bounds><corner1>-3.59394038, -1.4324047 ,  0.        </corner1><corner2>0.60747039, 1.17550888, 7.01383696</corner2></bounds><pose><translation>0., 0., 0.</translation><rotation><c1>1., 0., 0.</c1><c2>0., 1., 0.</c2><c3>0., 0., 1.</c3></rotation></pose><symmetry><x>none</x><y>none</y><z>none</z></symmetry><detectionScore>-1</detectionScore></element><element><id>19</id><category>column</category><bounds><corner1> 0.66862892, -1.43031581, -8.59679314</corner1><corner2> 5.57323127,  1.19290529, -1.5880149 </corner2></bounds><pose><translation>0., 0., 0.</translation><rotation><c1>1., 0., 0.</c1><c2>0., 1., 0.</c2><c3>0., 0., 1.</c3></rotation></pose><symmetry><x>none</x><y>none</y><z>none</z></symmetry><detectionScore>-1</detectionScore></element><element><id>17</id><category>wall</category><bounds><corner1>-6.50051415, -1.46790325,  0.61501113</corner1><corner2>-2.16212122,  1.20548835,  1.78979765</corner2></bounds><pose><translation>0., 0., 0.</translation><rotation><c1>1., 0., 0.</c1><c2>0., 1., 0.</c2><c3>0., 0., 1.</c3></rotation></pose><symmetry><x>none</x><y>none</y><z>none</z></symmetry><detectionScore>-1</detectionScore></element><element><id>12</id><category>curtain</category><bounds><corner1>-7.38851324, -0.12044617,  2.10958639</corner1><corner2>-3.47918696,  1.17112912,  4.98850277</corner2></bounds><pose><translation>0., 0., 0.</translation><rotation><c1>1., 0., 0.</c1><c2>0., 1., 0.</c2><c3>0., 0., 1.</c3></rotation></pose><symmetry><x>none</x><y>none</y><z>none</z></symmetry><detectionScore>-1</detectionScore></element><element><id>36</id><category>armchair</category><bounds><corner1> 2.39894634, -1.47576418,  0.30680054</corner1><corner2> 5.82329384, -0.60735822,  1.76605977</corner2></bounds><pose><translation>0., 0., 0.</translation><rotation><c1>1., 0., 0.</c1><c2>0., 1., 0.</c2><c3>0., 0., 1.</c3></rotation></pose><symmetry><x>none</x><y>none</y><z>none</z></symmetry><detectionScore>-1</detectionScore></element><element><id>56</id><category>curtain</category><bounds><corner1>-7.30956886, -1.2206949 ,  1.51592808</corner1><corner2>-2.76591138,  1.1565707 ,  4.96676881</corner2></bounds><pose><translation>0., 0., 0.</translation><rotation><c1>1., 0., 0.</c1><c2>0., 1., 0.</c2><c3>0., 0., 1.</c3></rotation></pose><symmetry><x>none</x><y>none</y><z>none</z></symmetry><detectionScore>-1</detectionScore></element><element><id>44</id><category>wall</category><bounds><corner1> -3.42494145,  -1.44456305, -16.44531548</corner1><corner2> 0.79112366,  1.14482732, -3.12984069</corner2></bounds><pose><translation>0., 0., 0.</translation><rotation><c1>1., 0., 0.</c1><c2>0., 1., 0.</c2><c3>0., 0., 1.</c3></rotation></pose><symmetry><x>none</x><y>none</y><z>none</z></symmetry><detectionScore>-1</detectionScore></element><element><id>7</id><category>wall</category><bounds><corner1>-3.6486131 , -0.96277321,  1.72377897</corner1><corner2>-2.83619538,  0.64863825,  2.3670618 </corner2></bounds><pose><translation>0., 0., 0.</translation><rotation><c1>1., 0., 0.</c1><c2>0., 1., 0.</c2><c3>0., 0., 1.</c3></rotation></pose><symmetry><x>none</x><y>none</y><z>none</z></symmetry><detectionScore>-1</detectionScore></element><element><id>45</id><category>wall</category><bounds><corner1>-5.76319349, -1.45047978, -8.60694088</corner1><corner2>-2.45207301,  1.1925618 , -5.71261499</corner2></bounds><pose><translation>0., 0., 0.</translation><rotation><c1>1., 0., 0.</c1><c2>0., 1., 0.</c2><c3>0., 0., 1.</c3></rotation></pose><symmetry><x>none</x><y>none</y><z>none</z></symmetry><detectionScore>-1</detectionScore></element><element><id>10</id><category>coffee_table</category><bounds><corner1>-3.11396358, -1.47642696,  3.24407833</corner1><corner2>-0.47473759, -0.68189599,  6.87205697</corner2></bounds><pose><translation>0., 0., 0.</translation><rotation><c1>1., 0., 0.</c1><c2>0., 1., 0.</c2><c3>0., 0., 1.</c3></rotation></pose><symmetry><x>none</x><y>none</y><z>none</z></symmetry><detectionScore>-1</detectionScore></element><element><id>43</id><category>wall</category><bounds><corner1>-3.65309743, -1.04267524,  1.56683919</corner1><corner2>-2.74467316,  0.79732802,  2.20123041</corner2></bounds><pose><translation>0., 0., 0.</translation><rotation><c1>1., 0., 0.</c1><c2>0., 1., 0.</c2><c3>0., 0., 1.</c3></rotation></pose><symmetry><x>none</x><y>none</y><z>none</z></symmetry><detectionScore>-1</detectionScore></element><element><id>26</id><category>dressing_table</category><bounds><corner1>-7.11503761, -1.46991259,  1.0164527 </corner1><corner2>-2.29292426, -0.169912  ,  4.90558551</corner2></bounds><pose><translation>0., 0., 0.</translation><rotation><c1>1., 0., 0.</c1><c2>0., 1., 0.</c2><c3>0., 0., 1.</c3></rotation></pose><symmetry><x>none</x><y>none</y><z>none</z></symmetry><detectionScore>-1</detectionScore></element><element><id>63</id><category>window</category><bounds><corner1>-7.3865308 , -0.78722034,  2.17284434</corner1><corner2>-3.48001405,  0.44839301,  5.00183533</corner2></bounds><pose><translation>0., 0., 0.</translation><rotation><c1>1., 0., 0.</c1><c2>0., 1., 0.</c2><c3>0., 0., 1.</c3></rotation></pose><symmetry><x>none</x><y>none</y><z>none</z></symmetry><detectionScore>-1</detectionScore></element><element><id>61</id><category>floor_lamp</category><bounds><corner1>-8.81575975, -1.47317498, -4.10735901</corner1><corner2>-3.83576862,  0.51406303, -1.12062332</corner2></bounds><pose><translation>0., 0., 0.</translation><rotation><c1>1., 0., 0.</c1><c2>0., 1., 0.</c2><c3>0., 0., 1.</c3></rotation></pose><symmetry><x>none</x><y>none</y><z>none</z></symmetry><detectionScore>-1</detectionScore></element><element><id>41</id><category>shelving</category><bounds><corner1>-7.96356062, -1.47106124,  0.61745593</corner1><corner2>-2.53318337,  1.16686662,  1.77566277</corner2></bounds><pose><translation>0., 0., 0.</translation><rotation><c1>1., 0., 0.</c1><c2>0., 1., 0.</c2><c3>0., 0., 1.</c3></rotation></pose><symmetry><x>none</x><y>none</y><z>none</z></symmetry><detectionScore>-1</detectionScore></element><element><id>64</id><category>door</category><bounds><corner1>-1.84483891, -1.4611773 ,  0.        </corner1><corner2>0.61509622, 0.56635646, 9.31963421</corner2></bounds><pose><translation>0., 0., 0.</translation><rotation><c1>1., 0., 0.</c1><c2>0., 1., 0.</c2><c3>0., 0., 1.</c3></rotation></pose><symmetry><x>none</x><y>none</y><z>none</z></symmetry><detectionScore>-1</detectionScore></element><element><id>2</id><category>wall</category><bounds><corner1>-8.85567739, -1.33403707, -4.18934925</corner1><corner2>-2.72985946,  1.19201394,  1.76559992</corner2></bounds><pose><translation>0., 0., 0.</translation><rotation><c1>1., 0., 0.</c1><c2>0., 1., 0.</c2><c3>0., 0., 1.</c3></rotation></pose><symmetry><x>none</x><y>none</y><z>none</z></symmetry><detectionScore>-1</detectionScore></element><element><id>55</id><category>wall</category><bounds><corner1>-7.30121701, -1.44874058,  1.51075644</corner1><corner2>-2.76890305,  1.18831258,  4.95919563</corner2></bounds><pose><translation>0., 0., 0.</translation><rotation><c1>1., 0., 0.</c1><c2>0., 1., 0.</c2><c3>0., 0., 1.</c3></rotation></pose><symmetry><x>none</x><y>none</y><z>none</z></symmetry><detectionScore>-1</detectionScore></element><element><id>40</id><category>armchair</category><bounds><corner1>-6.85767636, -1.47185644,  1.01837125</corner1><corner2>-2.29113947, -0.45557608,  4.8645444 </corner2></bounds><pose><translation>0., 0., 0.</translation><rotation><c1>1., 0., 0.</c1><c2>0., 1., 0.</c2><c3>0., 0., 1.</c3></rotation></pose><symmetry><x>none</x><y>none</y><z>none</z></symmetry><detectionScore>-1</detectionScore></element><element><id>38</id><category>armchair</category><bounds><corner1> 2.42188624, -1.46445997,  0.19551767</corner1><corner2> 6.60320278, -0.60819838,  1.7128135 </corner2></bounds><pose><translation>0., 0., 0.</translation><rotation><c1>1., 0., 0.</c1><c2>0., 1., 0.</c2><c3>0., 0., 1.</c3></rotation></pose><symmetry><x>none</x><y>none</y><z>none</z></symmetry><detectionScore>-1</detectionScore></element><element><id>48</id><category>mirror</category><bounds><corner1>-3.61707859, -0.70365734,  1.48266258</corner1><corner2>-2.73358698,  0.38459337,  2.05373668</corner2></bounds><pose><translation>0., 0., 0.</translation><rotation><c1>1., 0., 0.</c1><c2>0., 1., 0.</c2><c3>0., 0., 1.</c3></rotation></pose><symmetry><x>none</x><y>none</y><z>none</z></symmetry><detectionScore>-1</detectionScore></element><element><id>31</id><category>wall</category><bounds><corner1>-8.7295586 , -1.13581828, -7.73211465</corner1><corner2>-2.50818596,  1.19113162, -1.52527156</corner2></bounds><pose><translation>0., 0., 0.</translation><rotation><c1>1., 0., 0.</c1><c2>0., 1., 0.</c2><c3>0., 0., 1.</c3></rotation></pose><symmetry><x>none</x><y>none</y><z>none</z></symmetry><detectionScore>-1</detectionScore></element><element><id>54</id><category>sofa</category><bounds><corner1>-6.83945839, -1.47175522,  1.01675602</corner1><corner2>-2.2928859 , -0.45839504,  4.86390185</corner2></bounds><pose><translation>0., 0., 0.</translation><rotation><c1>1., 0., 0.</c1><c2>0., 1., 0.</c2><c3>0., 0., 1.</c3></rotation></pose><symmetry><x>none</x><y>none</y><z>none</z></symmetry><detectionScore>-1</detectionScore></element><element><id>58</id><category>wall</category><bounds><corner1>-7.66565869, -1.1628302 , -8.58921745</corner1><corner2>-4.07211739,  1.19968581, -4.76064048</corner2></bounds><pose><translation>0., 0., 0.</translation><rotation><c1>1., 0., 0.</c1><c2>0., 1., 0.</c2><c3>0., 0., 1.</c3></rotation></pose><symmetry><x>none</x><y>none</y><z>none</z></symmetry><detectionScore>-1</detectionScore></element><element><id>50</id><category>plant</category><bounds><corner1>-7.34586137, -1.17132556,  2.17706101</corner1><corner2>-3.48198567, -0.05189739,  4.98822205</corner2></bounds><pose><translation>0., 0., 0.</translation><rotation><c1>1., 0., 0.</c1><c2>0., 1., 0.</c2><c3>0., 0., 1.</c3></rotation></pose><symmetry><x>none</x><y>none</y><z>none</z></symmetry><detectionScore>-1</detectionScore></element><element><id>60</id><category>window</category><bounds><corner1>-3.61617231, -0.44484842,  1.12394081</corner1><corner2>-2.32091089,  0.53895853,  2.21697131</corner2></bounds><pose><translation>0., 0., 0.</translation><rotation><c1>1., 0., 0.</c1><c2>0., 1., 0.</c2><c3>0., 0., 1.</c3></rotation></pose><symmetry><x>none</x><y>none</y><z>none</z></symmetry><detectionScore>-1</detectionScore></element><element><id>52</id><category>piano</category><bounds><corner1>-2.76717774, -1.4757825 , -9.1466284 </corner1><corner2> 0.62671337, -0.50118737, -2.87908749</corner2></bounds><pose><translation>0., 0., 0.</translation><rotation><c1>1., 0., 0.</c1><c2>0., 1., 0.</c2><c3>0., 0., 1.</c3></rotation></pose><symmetry><x>none</x><y>none</y><z>none</z></symmetry><detectionScore>-1</detectionScore></element><element><id>59</id><category>wall</category><bounds><corner1> 0.66898567, -1.44281249, -8.60514631</corner1><corner2> 2.9345818 ,  1.18768098, -1.59097839</corner2></bounds><pose><translation>0., 0., 0.</translation><rotation><c1>1., 0., 0.</c1><c2>0., 1., 0.</c2><c3>0., 0., 1.</c3></rotation></pose><symmetry><x>none</x><y>none</y><z>none</z></symmetry><detectionScore>-1</detectionScore></element><element><id>1</id><category>window</category><bounds><corner1>-7.39043507, -0.14974059,  2.10842695</corner1><corner2>-3.4788812 ,  1.14863485,  4.98910352</corner2></bounds><pose><translation>0., 0., 0.</translation><rotation><c1>1., 0., 0.</c1><c2>0., 1., 0.</c2><c3>0., 0., 1.</c3></rotation></pose><symmetry><x>none</x><y>none</y><z>none</z></symmetry><detectionScore>-1</detectionScore></element><element><id>27</id><category>fireplace</category><bounds><corner1> 3.1427685 , -1.16664613, -3.73003032</corner1><corner2> 6.53190899,  1.18944713, -1.60760644</corner2></bounds><pose><translation>0., 0., 0.</translation><rotation><c1>1., 0., 0.</c1><c2>0., 1., 0.</c2><c3>0., 0., 1.</c3></rotation></pose><symmetry><x>none</x><y>none</y><z>none</z></symmetry><detectionScore>-1</detectionScore></element><element><id>57</id><category>plant</category><bounds><corner1>-3.69364936, -1.45985252,  3.26477309</corner1><corner2>-1.11320491,  0.37336832,  6.42581709</corner2></bounds><pose><translation>0., 0., 0.</translation><rotation><c1>1., 0., 0.</c1><c2>0., 1., 0.</c2><c3>0., 0., 1.</c3></rotation></pose><symmetry><x>none</x><y>none</y><z>none</z></symmetry><detectionScore>-1</detectionScore></element><element><id>46</id><category>sofa</category><bounds><corner1> 3.14578743, -1.46761709, -4.17564028</corner1><corner2> 6.39489706, -0.6656246 , -0.99622677</corner2></bounds><pose><translation>0., 0., 0.</translation><rotation><c1>1., 0., 0.</c1><c2>0., 1., 0.</c2><c3>0., 0., 1.</c3></rotation></pose><symmetry><x>none</x><y>none</y><z>none</z></symmetry><detectionScore>-1</detectionScore></element><element><id>51</id><category>chandelier</category><bounds><corner1>-7.17291049,  0.42450066,  2.16245566</corner1><corner2>-3.49277488,  1.2077762 ,  4.86262464</corner2></bounds><pose><translation>0., 0., 0.</translation><rotation><c1>1., 0., 0.</c1><c2>0., 1., 0.</c2><c3>0., 0., 1.</c3></rotation></pose><symmetry><x>none</x><y>none</y><z>none</z></symmetry><detectionScore>-1</detectionScore></element><element><id>47</id><category>coffee_table</category><bounds><corner1> 2.41807957, -1.47340842,  0.00423882</corner1><corner2> 6.51987115, -0.60387911,  1.74558309</corner2></bounds><pose><translation>0., 0., 0.</translation><rotation><c1>1., 0., 0.</c1><c2>0., 1., 0.</c2><c3>0., 0., 1.</c3></rotation></pose><symmetry><x>none</x><y>none</y><z>none</z></symmetry><detectionScore>-1</detectionScore></element><element><id>18</id><category>shelving</category><bounds><corner1> 4.78007001, -1.37324604, -1.20873829</corner1><corner2>6.60614572, 0.57474657, 1.19508244</corner2></bounds><pose><translation>0., 0., 0.</translation><rotation><c1>1., 0., 0.</c1><c2>0., 1., 0.</c2><c3>0., 0., 1.</c3></rotation></pose><symmetry><x>none</x><y>none</y><z>none</z></symmetry><detectionScore>-1</detectionScore></element><element><id>21</id><category>wall</category><bounds><corner1> 0.94900772, -1.45995302,  0.65817658</corner1><corner2>6.48873006, 1.19850916, 1.7871042 </corner2></bounds><pose><translation>0., 0., 0.</translation><rotation><c1>1., 0., 0.</c1><c2>0., 1., 0.</c2><c3>0., 0., 1.</c3></rotation></pose><symmetry><x>none</x><y>none</y><z>none</z></symmetry><detectionScore>-1</detectionScore></element><element><id>9</id><category>window</category><bounds><corner1>-0.30553163, -0.70357197,  1.01200784</corner1><corner2>0.65960331, 0.728874  , 6.25946737</corner2></bounds><pose><translation>0., 0., 0.</translation><rotation><c1>1., 0., 0.</c1><c2>0., 1., 0.</c2><c3>0., 0., 1.</c3></rotation></pose><symmetry><x>none</x><y>none</y><z>none</z></symmetry><detectionScore>-1</detectionScore></element><element><id>32</id><category>desk</category><bounds><corner1>-1.00984876, -1.47288044, -6.17170628</corner1><corner2> 0.6433746 , -0.50152127, -2.87799823</corner2></bounds><pose><translation>0., 0., 0.</translation><rotation><c1>1., 0., 0.</c1><c2>0., 1., 0.</c2><c3>0., 0., 1.</c3></rotation></pose><symmetry><x>none</x><y>none</y><z>none</z></symmetry><detectionScore>-1</detectionScore></element><element><id>6</id><category>sofa</category><bounds><corner1>-8.79369654, -1.47140966, -3.52469765</corner1><corner2>-4.20104477, -0.51795962,  0.19323447</corner2></bounds><pose><translation>0., 0., 0.</translation><rotation><c1>1., 0., 0.</c1><c2>0., 1., 0.</c2><c3>0., 0., 1.</c3></rotation></pose><symmetry><x>none</x><y>none</y><z>none</z></symmetry><detectionScore>-1</detectionScore></element><element><id>35</id><category>ottoman</category><bounds><corner1>-3.33810496, -1.47655865, -6.16323908</corner1><corner2>-0.77825437, -0.69530609, -2.87986038</corner2></bounds><pose><translation>0., 0., 0.</translation><rotation><c1>1., 0., 0.</c1><c2>0., 1., 0.</c2><c3>0., 0., 1.</c3></rotation></pose><symmetry><x>none</x><y>none</y><z>none</z></symmetry><detectionScore>-1</detectionScore></element><element><id>8</id><category>armchair</category><bounds><corner1>-6.88296923, -1.46946967, -8.25038617</corner1><corner2>-4.04681615, -0.50055709, -4.80571883</corner2></bounds><pose><translation>0., 0., 0.</translation><rotation><c1>1., 0., 0.</c1><c2>0., 1., 0.</c2><c3>0., 0., 1.</c3></rotation></pose><symmetry><x>none</x><y>none</y><z>none</z></symmetry><detectionScore>-1</detectionScore></element><element><id>53</id><category>chandelier</category><bounds><corner1>-2.95726899,  0.5507742 ,  3.03170906</corner1><corner2>-0.6904972 ,  1.2110211 ,  6.22712787</corner2></bounds><pose><translation>0., 0., 0.</translation><rotation><c1>1., 0., 0.</c1><c2>0., 1., 0.</c2><c3>0., 0., 1.</c3></rotation></pose><symmetry><x>none</x><y>none</y><z>none</z></symmetry><detectionScore>-1</detectionScore></element><element><id>62</id><category>fireplace</category><bounds><corner1> 3.15519956, -1.3465541 , -5.05592586</corner1><corner2> 6.61703854,  1.19463146, -1.2243242 </corner2></bounds><pose><translation>0., 0., 0.</translation><rotation><c1>1., 0., 0.</c1><c2>0., 1., 0.</c2><c3>0., 0., 1.</c3></rotation></pose><symmetry><x>none</x><y>none</y><z>none</z></symmetry><detectionScore>-1</detectionScore></element><element><id>16</id><category>wall</category><bounds><corner1>-3.72720572, -1.46454056,  4.7731272 </corner1><corner2>-2.92100035,  1.19249465,  6.22209702</corner2></bounds><pose><translation>0., 0., 0.</translation><rotation><c1>1., 0., 0.</c1><c2>0., 1., 0.</c2><c3>0., 0., 1.</c3></rotation></pose><symmetry><x>none</x><y>none</y><z>none</z></symmetry><detectionScore>-1</detectionScore></element><element><id>33</id><category>column</category><bounds><corner1> 0.60637963, -1.46470348, -8.46455611</corner1><corner2> 5.19405695,  1.20220903, -1.53896032</corner2></bounds><pose><translation>0., 0., 0.</translation><rotation><c1>1., 0., 0.</c1><c2>0., 1., 0.</c2><c3>0., 0., 1.</c3></rotation></pose><symmetry><x>none</x><y>none</y><z>none</z></symmetry><detectionScore>-1</detectionScore></element><element><id>22</id><category>mirror</category><bounds><corner1>-3.61614623, -0.43126129,  1.12401013</corner1><corner2>-2.32091441,  0.53924342,  2.21704385</corner2></bounds><pose><translation>0., 0., 0.</translation><rotation><c1>1., 0., 0.</c1><c2>0., 1., 0.</c2><c3>0., 0., 1.</c3></rotation></pose><symmetry><x>none</x><y>none</y><z>none</z></symmetry><detectionScore>-1</detectionScore></element><element><id>23</id><category>wall</category><bounds><corner1> 0.6723436 , -0.94073644, -8.62126287</corner1><corner2> 6.54469705,  1.15733789, -1.58898023</corner2></bounds><pose><translation>0., 0., 0.</translation><rotation><c1>1., 0., 0.</c1><c2>0., 1., 0.</c2><c3>0., 0., 1.</c3></rotation></pose><symmetry><x>none</x><y>none</y><z>none</z></symmetry><detectionScore>-1</detectionScore></element><element><id>11</id><category>wall</category><bounds><corner1> 3.23672812, -1.38436453, -3.61563147</corner1><corner2>6.62296391, 1.18413276, 1.74335462</corner2></bounds><pose><translation>0., 0., 0.</translation><rotation><c1>1., 0., 0.</c1><c2>0., 1., 0.</c2><c3>0., 0., 1.</c3></rotation></pose><symmetry><x>none</x><y>none</y><z>none</z></symmetry><detectionScore>-1</detectionScore></element><element><id>20</id><category>window</category><bounds><corner1> 0.85098792, -0.01696944,  0.65812084</corner1><corner2>3.24606855, 1.18944383, 1.7637089 </corner2></bounds><pose><translation>0., 0., 0.</translation><rotation><c1>1., 0., 0.</c1><c2>0., 1., 0.</c2><c3>0., 0., 1.</c3></rotation></pose><symmetry><x>none</x><y>none</y><z>none</z></symmetry><detectionScore>-1</detectionScore></element><element><id>65</id><category>door</category><bounds><corner1>-3.64416626, -0.92694264,  1.68734993</corner1><corner2>-2.80394217,  0.43481506,  2.36437182</corner2></bounds><pose><translation>0., 0., 0.</translation><rotation><c1>1., 0., 0.</c1><c2>0., 1., 0.</c2><c3>0., 0., 1.</c3></rotation></pose><symmetry><x>none</x><y>none</y><z>none</z></symmetry><detectionScore>-1</detectionScore></element><element><id>14</id><category>floor_lamp</category><bounds><corner1>-7.21577831, -1.47016178,  1.01905496</corner1><corner2>-2.29000341,  0.37567929,  4.93177601</corner2></bounds><pose><translation>0., 0., 0.</translation><rotation><c1>1., 0., 0.</c1><c2>0., 1., 0.</c2><c3>0., 0., 1.</c3></rotation></pose><symmetry><x>none</x><y>none</y><z>none</z></symmetry><detectionScore>-1</detectionScore></element><element><id>34</id><category>dining_table</category><bounds><corner1>-3.05744759, -1.47666906,  3.20811183</corner1><corner2>-0.44275984, -0.6451671 ,  8.40403855</corner2></bounds><pose><translation>0., 0., 0.</translation><rotation><c1>1., 0., 0.</c1><c2>0., 1., 0.</c2><c3>0., 0., 1.</c3></rotation></pose><symmetry><x>none</x><y>none</y><z>none</z></symmetry><detectionScore>-1</detectionScore></element><element><id>39</id><category>column</category><bounds><corner1>-8.36404727, -1.45835031, -6.14940683</corner1><corner2>-2.36588945,  1.20107626, -1.42900059</corner2></bounds><pose><translation>0., 0., 0.</translation><rotation><c1>1., 0., 0.</c1><c2>0., 1., 0.</c2><c3>0., 0., 1.</c3></rotation></pose><symmetry><x>none</x><y>none</y><z>none</z></symmetry><detectionScore>-1</detectionScore></element><element><id>49</id><category>window</category><bounds><corner1>-4.34460122, -0.63644788,  4.6849314 </corner1><corner2>-3.52756234,  0.68081927,  6.15273472</corner2></bounds><pose><translation>0., 0., 0.</translation><rotation><c1>1., 0., 0.</c1><c2>0., 1., 0.</c2><c3>0., 0., 1.</c3></rotation></pose><symmetry><x>none</x><y>none</y><z>none</z></symmetry><detectionScore>-1</detectionScore></element><element><id>5</id><category>picture_frame</category><bounds><corner1>-7.38961997, -0.12124522,  2.10947373</corner1><corner2>-3.4791575 ,  1.15033051,  4.98872994</corner2></bounds><pose><translation>0., 0., 0.</translation><rotation><c1>1., 0., 0.</c1><c2>0., 1., 0.</c2><c3>0., 0., 1.</c3></rotation></pose><symmetry><x>none</x><y>none</y><z>none</z></symmetry><detectionScore>-1</detectionScore></element><element><id>37</id><category>picture_frame</category><bounds><corner1>0.98097494, 0.05548324, 0.65671859</corner1><corner2>3.48201118, 1.19339056, 1.77574166</corner2></bounds><pose><translation>0., 0., 0.</translation><rotation><c1>1., 0., 0.</c1><c2>0., 1., 0.</c2><c3>0., 0., 1.</c3></rotation></pose><symmetry><x>none</x><y>none</y><z>none</z></symmetry><detectionScore>-1</detectionScore></element><element><id>29</id><category>wall</category><bounds><corner1>-3.64611857, -1.41525483,  1.01501231</corner1><corner2>-2.28897931,  1.19029278,  2.33605332</corner2></bounds><pose><translation>0., 0., 0.</translation><rotation><c1>1., 0., 0.</c1><c2>0., 1., 0.</c2><c3>0., 0., 1.</c3></rotation></pose><symmetry><x>none</x><y>none</y><z>none</z></symmetry><detectionScore>-1</detectionScore></element><element><id>30</id><category>armchair</category><bounds><corner1> 3.14206714, -1.46886931, -4.06999621</corner1><corner2> 6.34254935, -0.66544248, -0.97072528</corner2></bounds><pose><translation>0., 0., 0.</translation><rotation><c1>1., 0., 0.</c1><c2>0., 1., 0.</c2><c3>0., 0., 1.</c3></rotation></pose><symmetry><x>none</x><y>none</y><z>none</z></symmetry><detectionScore>-1</detectionScore></element><element><id>15</id><category>chair</category><bounds><corner1>-6.85644794, -1.46831449, -8.25790375</corner1><corner2>-4.04760543, -0.46847822, -4.82562108</corner2></bounds><pose><translation>0., 0., 0.</translation><rotation><c1>1., 0., 0.</c1><c2>0., 1., 0.</c2><c3>0., 0., 1.</c3></rotation></pose><symmetry><x>none</x><y>none</y><z>none</z></symmetry><detectionScore>-1</detectionScore></element><element><id>4</id><category>sofa</category><bounds><corner1> -2.67922656,  -1.47293532, -12.17587443</corner1><corner2> 0.32938176, -0.40065748, -2.87412669</corner2></bounds><pose><translation>0., 0., 0.</translation><rotation><c1>1., 0., 0.</c1><c2>0., 1., 0.</c2><c3>0., 0., 1.</c3></rotation></pose><symmetry><x>none</x><y>none</y><z>none</z></symmetry><detectionScore>-1</detectionScore></element><element><id>67</id><category>chandelier</category><bounds><corner1> 2.93423356,  0.56533979, -4.08339946</corner1><corner2> 6.58196045,  1.21097138, -1.06176502</corner2></bounds><pose><translation>0., 0., 0.</translation><rotation><c1>1., 0., 0.</c1><c2>0., 1., 0.</c2><c3>0., 0., 1.</c3></rotation></pose><symmetry><x>none</x><y>none</y><z>none</z></symmetry><detectionScore>-1</detectionScore></element><element><id>42</id><category>chair</category><bounds><corner1> 2.41298246, -1.4759108 ,  0.33107446</corner1><corner2> 4.68073194, -0.6189776 ,  1.75805001</corner2></bounds><pose><translation>0., 0., 0.</translation><rotation><c1>1., 0., 0.</c1><c2>0., 1., 0.</c2><c3>0., 0., 1.</c3></rotation></pose><symmetry><x>none</x><y>none</y><z>none</z></symmetry><detectionScore>-1</detectionScore></element><element><id>66</id><category>floor_lamp</category><bounds><corner1> 4.46720489, -1.46320549, -5.85123777</corner1><corner2> 6.62789372,  0.17394542, -3.66512794</corner2></bounds><pose><translation>0., 0., 0.</translation><rotation><c1>1., 0., 0.</c1><c2>0., 1., 0.</c2><c3>0., 0., 1.</c3></rotation></pose><symmetry><x>none</x><y>none</y><z>none</z></symmetry><detectionScore>-1</detectionScore></element><element><id>28</id><category>chair</category><bounds><corner1>-6.74548877, -1.17825376, -8.25791938</corner1><corner2>-4.04970492, -0.52706487, -4.91258027</corner2></bounds><pose><translation>0., 0., 0.</translation><rotation><c1>1., 0., 0.</c1><c2>0., 1., 0.</c2><c3>0., 0., 1.</c3></rotation></pose><symmetry><x>none</x><y>none</y><z>none</z></symmetry><detectionScore>-1</detectionScore></element><element><id>3</id><category>dining_table</category><bounds><corner1> 2.41712694, -1.4753975 ,  0.1732517 </corner1><corner2> 5.27399748, -0.6044719 ,  1.75985533</corner2></bounds><pose><translation>0., 0., 0.</translation><rotation><c1>1., 0., 0.</c1><c2>0., 1., 0.</c2><c3>0., 0., 1.</c3></rotation></pose><symmetry><x>none</x><y>none</y><z>none</z></symmetry><detectionScore>-1</detectionScore></element><element><id>13</id><category>wall</category><bounds><corner1>-3.66130398, -1.45357644,  3.27105456</corner1><corner2>-1.20945239,  1.18102356,  6.30967133</corner2></bounds><pose><translation>0., 0., 0.</translation><rotation><c1>1., 0., 0.</c1><c2>0., 1., 0.</c2><c3>0., 0., 1.</c3></rotation></pose><symmetry><x>none</x><y>none</y><z>none</z></symmetry><detectionScore>-1</detectionScore></element></elements></scene>