<?xml version='1.0' encoding='utf-8'?>
<scene xmlns:sumo="https://www.sumochallenge.org"><version>2.0</version><categories><id>fb_categories_v1.0</id><url>https://sumochallenge.org/en/categories-1_0.json</url></categories><project_type>bounding_box</project_type><elements><element><id>7</id><category>person</category><bounds><corner1>-2.57961398, -0.31997162, -1.87289198</corner1><corner2>2.57961398, 0.31997162, 1.87289198</corner2></bounds><pose><translation> 1.5810411 , -0.82520122,  0.8486458 </translation><rotation><c1>1., 0., 0.</c1><c2>0., 1., 0.</c2><c3>0., 0., 1.</c3></rotation></pose><symmetry><x>none</x><y>none</y><z>none</z></symmetry><detectionScore>-1</detectionScore></element><element><id>3</id><category>door</category><bounds><corner1>-2.27527995, -1.14281275, -2.28036599</corner1><corner2>2.27527995, 1.14281275, 2.28036599</corner2></bounds><pose><translation> 4.09277816, -0.01224824,  0.28036683</translation><rotation><c1>1., 0., 0.</c1><c2>0., 1., 0.</c2><c3>0., 0., 1.</c3></rotation></pose><symmetry><x>none</x><y>none</y><z>none</z></symmetry><detectionScore>-1</detectionScore></element><element><id>5</id><category>shelving</category><bounds><corner1>-0.15207818, -0.2545035 , -0.14643327</corner1><corner2>0.15207818, 0.2545035 , 0.14643327</corner2></bounds><pose><translation> 3.94637743,  0.24120803, -2.23249781</translation><rotation><c1>1., 0., 0.</c1><c2>0., 1., 0.</c2><c3>0., 0., 1.</c3></rotation></pose><symmetry><x>none</x><y>none</y><z>none</z></symmetry><detectionScore>-1</detectionScore></element><element><id>9</id><category>heater</category><bounds><corner1>-0.45288123, -0.29536274, -0.05695915</corner1><corner2>0.45288123, 0.29536274, 0.05695915</corner2></bounds><pose><translation>-0.10336147, -1.15270803, -2.25207973</translation><rotation><c1>1., 0., 0.</c1><c2>0., 1., 0.</c2><c3>0., 0., 1.</c3></rotation></pose><symmetry><x>none</x><y>none</y><z>none</z></symmetry><detectionScore>-1</detectionScore></element><element><id>4</id><category>loudspeaker</category><bounds><corner1>-0.74551121, -0.42880107, -0.30353476</corner1><corner2>0.74551121, 0.42880107, 0.30353476</corner2></bounds><pose><translation> 2.82990836, -0.91239866,  2.46602164</translation><rotation><c1>1., 0., 0.</c1><c2>0., 1., 0.</c2><c3>0., 0., 1.</c3></rotation></pose><symmetry><x>none</x><y>none</y><z>none</z></symmetry><detectionScore>-1</detectionScore></element><element><id>2</id><category>loudspeaker</category><bounds><corner1>-0.26167299, -0.45513089, -0.28987467</corner1><corner2>0.26167299, 0.45513089, 0.28987467</corner2></bounds><pose><translation> 0.58451079, -0.93947894,  2.48306457</translation><rotation><c1>1., 0., 0.</c1><c2>0., 1., 0.</c2><c3>0., 0., 1.</c3></rotation></pose><symmetry><x>none</x><y>none</y><z>none</z></symmetry><detectionScore>-1</detectionScore></element><element><id>8</id><category>desk</category><bounds><corner1>-0.97812178, -0.25031051, -0.57508595</corner1><corner2>0.97812178, 0.25031051, 0.57508595</corner2></bounds><pose><translation> 2.58281981, -0.79355823, -1.12196301</translation><rotation><c1>1., 0., 0.</c1><c2>0., 1., 0.</c2><c3>0., 0., 1.</c3></rotation></pose><symmetry><x>none</x><y>none</y><z>none</z></symmetry><detectionScore>-1</detectionScore></element></elements></scene>