<?xml version='1.0' encoding='utf-8'?>
<scene xmlns:sumo="https://www.sumochallenge.org"><version>2.0</version><categories><id>fb_categories_v1_0</id><url>https://sumochallenge.org/en/categories-1_0.json</url></categories><project_type>bounding_box</project_type><elements><element><id>0</id><category>plant</category><bounds><corner1>-0.8069300854146814, -0.5259006982726256, -0.6922293626680618</corner1><corner2>0.8069300854146814, 0.5259006982726256, 0.6922293626680618</corner2></bounds><pose><translation>0.9732791196647929, -0.6508099680674334, -2.17116880293777</translation><rotation><c1>1, 0, 0</c1><c2>0, 1, 0</c2><c3>0, 0, 1</c3></rotation></pose><symmetry><x>twoFold</x><y>cylindrical</y><z>twoFold</z></symmetry><detectionScore>-1.0</detectionScore></element><element><id>1</id><category>wall</category><bounds><corner1>-1.0536766855015458, -1.1503849643920696, -0.838454000442874</corner1><corner2>1.0536766855015458, 1.1503849643920696, 0.838454000442874</corner2></bounds><pose><translation>0.8431470414421023, 0.2001779733433129, -2.4022651700202853</translation><rotation><c1>1, 0, 0</c1><c2>0, 1, 0</c2><c3>0, 0, 1</c3></rotation></pose><symmetry><x>twoFold</x><y>cylindrical</y><z>twoFold</z></symmetry><detectionScore>-1.0</detectionScore></element><element><id>2</id><category>chandelier</category><bounds><corner1>-0.21748150049284365, -0.04955030230981872, -0.2510105279389503</corner1><corner2>0.21748150049284365, 0.04955030230981872, 0.2510105279389503</corner2></bounds><pose><translation>0.7589761973060141, 1.7958378694899262, 2.152141246219963</translation><rotation><c1>1, 0, 0</c1><c2>0, 1, 0</c2><c3>0, 0, 1</c3></rotation></pose><symmetry><x>twoFold</x><y>cylindrical</y><z>twoFold</z></symmetry><detectionScore>-1.0</detectionScore></element><element><id>3</id><category>picture_frame</category><bounds><corner1>-0.7923446872941506, -0.7123414015452588, -0.964987329527708</corner1><corner2>0.7923446872941506, 0.7123414015452588, 0.964987329527708</corner2></bounds><pose><translation>-1.4953142665780945, 0.39980988667334183, -2.452573359078148</translation><rotation><c1>1, 0, 0</c1><c2>0, 1, 0</c2><c3>0, 0, 1</c3></rotation></pose><symmetry><x>twoFold</x><y>cylindrical</y><z>twoFold</z></symmetry><detectionScore>-1.0</detectionScore></element><element><id>4</id><category>wall_lamp</category><bounds><corner1>-0.22949288621118624, -0.4660599810932692, -0.21606601599760875</corner1><corner2>0.22949288621118624, 0.4660599810932692, 0.21606601599760875</corner2></bounds><pose><translation>2.217832757192991, 0.5094615657608121, 0.1468910912073371</translation><rotation><c1>1, 0, 0</c1><c2>0, 1, 0</c2><c3>0, 0, 1</c3></rotation></pose><symmetry><x>twoFold</x><y>cylindrical</y><z>twoFold</z></symmetry><detectionScore>-1.0</detectionScore></element><element><id>5</id><category>chandelier</category><bounds><corner1>-0.23032207406578387, -0.20647016711468824, -0.30634431065349044</corner1><corner2>0.23032207406578387, 0.20647016711468824, 0.30634431065349044</corner2></bounds><pose><translation>-2.6081714780014686, 1.5640311391650883, -1.8337973899485944</translation><rotation><c1>1, 0, 0</c1><c2>0, 1, 0</c2><c3>0, 0, 1</c3></rotation></pose><symmetry><x>twoFold</x><y>cylindrical</y><z>twoFold</z></symmetry><detectionScore>-1.0</detectionScore></element><element><id>6</id><category>dresser</category><bounds><corner1>-1.2168138477045727, -0.3572120286142264, -0.1126109887961293</corner1><corner2>1.2168138477045727, 0.3572120286142264, 0.1126109887961293</corner2></bounds><pose><translation>0.6704998158602591, -0.8715345723726883, -1.4793278277964355</translation><rotation><c1>1, 0, 0</c1><c2>0, 1, 0</c2><c3>0, 0, 1</c3></rotation></pose><symmetry><x>twoFold</x><y>cylindrical</y><z>twoFold</z></symmetry><detectionScore>-1.0</detectionScore></element><element><id>7</id><category>kettle</category><bounds><corner1>-0.350323122964733, -0.1977102502237486, -0.2537014817232186</corner1><corner2>0.350323122964733, 0.1977102502237486, 0.2537014817232186</corner2></bounds><pose><translation>2.012455993699537, -0.5644134525754482, -1.5666299945049926</translation><rotation><c1>1, 0, 0</c1><c2>0, 1, 0</c2><c3>0, 0, 1</c3></rotation></pose><symmetry><x>twoFold</x><y>cylindrical</y><z>twoFold</z></symmetry><detectionScore>-1.0</detectionScore></element><element><id>8</id><category>floor_lamp</category><bounds><corner1>-0.9409226608453698, -1.2021300831418458, -0.5828492526032301</corner1><corner2>0.9409226608453698, 1.2021300831418458, 0.5828492526032301</corner2></bounds><pose><translation>-2.7355854193134324, -0.018930254485703162, -1.865993820199321</translation><rotation><c1>1, 0, 0</c1><c2>0, 1, 0</c2><c3>0, 0, 1</c3></rotation></pose><symmetry><x>twoFold</x><y>cylindrical</y><z>twoFold</z></symmetry><detectionScore>-1.0</detectionScore></element><element><id>9</id><category>wall</category><bounds><corner1>-1.1044804915374138, -1.6820590851249277, -7.746125776651708</corner1><corner2>1.1044804915374138, 1.6820590851249277, 7.746125776651708</corner2></bounds><pose><translation>1.033691975920912, -0.02875468565236618, 5.905898443842754</translation><rotation><c1>1, 0, 0</c1><c2>0, 1, 0</c2><c3>0, 0, 1</c3></rotation></pose><symmetry><x>twoFold</x><y>cylindrical</y><z>twoFold</z></symmetry><detectionScore>-1.0</detectionScore></element><element><id>10</id><category>plant</category><bounds><corner1>-0.6366874527995966, -0.33152586177846355, -0.554217766449169</corner1><corner2>0.6366874527995966, 0.33152586177846355, 0.554217766449169</corner2></bounds><pose><translation>-1.3431044232425635, -0.4280686371851185, -2.041803795999609</translation><rotation><c1>1, 0, 0</c1><c2>0, 1, 0</c2><c3>0, 0, 1</c3></rotation></pose><symmetry><x>twoFold</x><y>cylindrical</y><z>twoFold</z></symmetry><detectionScore>-1.0</detectionScore></element><element><id>11</id><category>kitchen_cabinet</category><bounds><corner1>-0.40058221153389173, -0.5192183248022622, -0.2165887581288548</corner1><corner2>0.40058221153389173, 0.5192183248022622, 0.2165887581288548</corner2></bounds><pose><translation>1.9847728426063065, -0.8697620980160834, -1.347872523197623</translation><rotation><c1>1, 0, 0</c1><c2>0, 1, 0</c2><c3>0, 0, 1</c3></rotation></pose><symmetry><x>twoFold</x><y>cylindrical</y><z>twoFold</z></symmetry><detectionScore>-1.0</detectionScore></element><element><id>12</id><category>plant</category><bounds><corner1>-0.9200809615784683, -0.6428502945082567, -0.9458081911511211</corner1><corner2>0.9200809615784683, 0.6428502945082567, 0.9458081911511211</corner2></bounds><pose><translation>-1.7425483543725924, -0.03546473069824477, -2.4333942207015613</translation><rotation><c1>1, 0, 0</c1><c2>0, 1, 0</c2><c3>0, 0, 1</c3></rotation></pose><symmetry><x>twoFold</x><y>cylindrical</y><z>twoFold</z></symmetry><detectionScore>-1.0</detectionScore></element><element><id>13</id><category>utensil_holder</category><bounds><corner1>-0.5761612113481787, -0.46754289239598623, -0.18303715689406008</corner1><corner2>0.5761612113481787, 0.46754289239598623, 0.18303715689406008</corner2></bounds><pose><translation>-1.9495525269953613, -0.5337619368636249, 1.4583448194875301</translation><rotation><c1>1, 0, 0</c1><c2>0, 1, 0</c2><c3>0, 0, 1</c3></rotation></pose><symmetry><x>twoFold</x><y>cylindrical</y><z>twoFold</z></symmetry><detectionScore>-1.0</detectionScore></element><element><id>14</id><category>chandelier</category><bounds><corner1>-0.10801565805326963, -0.4725411379969663, -0.31800223877545486</corner1><corner2>0.10801565805326963, 0.4725411379969663, 0.31800223877545486</corner2></bounds><pose><translation>1.8529948157507574, 0.9086339609770012, -2.0074873694548026</translation><rotation><c1>1, 0, 0</c1><c2>0, 1, 0</c2><c3>0, 0, 1</c3></rotation></pose><symmetry><x>twoFold</x><y>cylindrical</y><z>twoFold</z></symmetry><detectionScore>-1.0</detectionScore></element><element><id>15</id><category>food_processor</category><bounds><corner1>-0.2848325598502637, -0.250296837721943, -0.23862636071143384</corner1><corner2>0.2848325598502637, 0.250296837721943, 0.23862636071143384</corner2></bounds><pose><translation>2.086392097226951, -0.5803715973227107, -1.5326409569401198</translation><rotation><c1>1, 0, 0</c1><c2>0, 1, 0</c2><c3>0, 0, 1</c3></rotation></pose><symmetry><x>twoFold</x><y>cylindrical</y><z>twoFold</z></symmetry><detectionScore>-1.0</detectionScore></element><element><id>16</id><category>kitchen_cabinet</category><bounds><corner1>-0.888202952431391, -0.5512758992679174, -0.7107678362969019</corner1><corner2>0.888202952431391, 0.5512758992679174, 0.7107678362969019</corner2></bounds><pose><translation>-2.33926424764467, -0.7971313295499586, 0.867993659870177</translation><rotation><c1>1, 0, 0</c1><c2>0, 1, 0</c2><c3>0, 0, 1</c3></rotation></pose><symmetry><x>twoFold</x><y>cylindrical</y><z>twoFold</z></symmetry><detectionScore>-1.0</detectionScore></element><element><id>17</id><category>door</category><bounds><corner1>-0.2144850956982056, -1.70513409064832, -4.226625306187106</corner1><corner2>0.2144850956982056, 1.70513409064832, 4.226625306187106</corner2></bounds><pose><translation>-0.3031798873592622, -0.1897714397291991, 1.780923836481043</translation><rotation><c1>1, 0, 0</c1><c2>0, 1, 0</c2><c3>0, 0, 1</c3></rotation></pose><symmetry><x>twoFold</x><y>cylindrical</y><z>twoFold</z></symmetry><detectionScore>-1.0</detectionScore></element><element><id>18</id><category>wall</category><bounds><corner1>-0.18432854777574909, -1.245171042866077, -4.225322651585115</corner1><corner2>0.18432854777574909, 1.245171042866077, 4.225322651585115</corner2></bounds><pose><translation>-0.23000271132916397, 0.6210505279508997, 1.7822264910830339</translation><rotation><c1>1, 0, 0</c1><c2>0, 1, 0</c2><c3>0, 0, 1</c3></rotation></pose><symmetry><x>twoFold</x><y>cylindrical</y><z>twoFold</z></symmetry><detectionScore>-1.0</detectionScore></element><element><id>19</id><category>chandelier</category><bounds><corner1>-0.29612682026722403, -0.04975480426025869, -0.10160594976773604</corner1><corner2>0.29612682026722403, 0.04975480426025869, 0.10160594976773604</corner2></bounds><pose><translation>-2.7868189248540247, 1.7527056855201932, -0.28054041626814225</translation><rotation><c1>1, 0, 0</c1><c2>0, 1, 0</c2><c3>0, 0, 1</c3></rotation></pose><symmetry><x>twoFold</x><y>cylindrical</y><z>twoFold</z></symmetry><detectionScore>-1.0</detectionScore></element><element><id>20</id><category>chandelier</category><bounds><corner1>-0.4226887993741757, -0.3495264493284691, -0.15002283609604827</corner1><corner2>0.4226887993741757, 0.3495264493284691, 0.15002283609604827</corner2></bounds><pose><translation>-2.8937993519276626, 1.158182299149252, -1.848667053224044</translation><rotation><c1>1, 0, 0</c1><c2>0, 1, 0</c2><c3>0, 0, 1</c3></rotation></pose><symmetry><x>twoFold</x><y>cylindrical</y><z>twoFold</z></symmetry><detectionScore>-1.0</detectionScore></element><element><id>21</id><category>wall</category><bounds><corner1>-0.14261267566437796, -1.7918451939136735, -1.8220162073965005</corner1><corner2>0.14261267566437796, 1.7918451939136735, 1.8220162073965005</corner2></bounds><pose><translation>2.3054188360796832, 0.03454477168371653, -0.0617294271274546</translation><rotation><c1>1, 0, 0</c1><c2>0, 1, 0</c2><c3>0, 0, 1</c3></rotation></pose><symmetry><x>twoFold</x><y>cylindrical</y><z>twoFold</z></symmetry><detectionScore>-1.0</detectionScore></element><element><id>22</id><category>chandelier</category><bounds><corner1>-0.34981419307488526, -0.6674820964734086, -0.26129151332823297</corner1><corner2>0.34981419307488526, 0.6674820964734086, 0.26129151332823297</corner2></bounds><pose><translation>-2.74305069353796, 0.8205167763796201, -1.8726795267546934</translation><rotation><c1>1, 0, 0</c1><c2>0, 1, 0</c2><c3>0, 0, 1</c3></rotation></pose><symmetry><x>twoFold</x><y>cylindrical</y><z>twoFold</z></symmetry><detectionScore>-1.0</detectionScore></element><element><id>23</id><category>coffee_machine</category><bounds><corner1>-0.3407009816025881, -0.2827853532213391, -0.274572654038328</corner1><corner2>0.3407009816025881, 0.2827853532213391, 0.274572654038328</corner2></bounds><pose><translation>2.02710737384258, -0.4965599322996329, -1.582189190679696</translation><rotation><c1>1, 0, 0</c1><c2>0, 1, 0</c2><c3>0, 0, 1</c3></rotation></pose><symmetry><x>twoFold</x><y>cylindrical</y><z>twoFold</z></symmetry><detectionScore>-1.0</detectionScore></element><element><id>24</id><category>range_oven</category><bounds><corner1>-0.5721723107849384, -0.3331482086325913, -0.15454230881530617</corner1><corner2>0.5721723107849384, 0.3331482086325913, 0.15454230881530617</corner2></bounds><pose><translation>-0.6264806498770692, -0.8731714209172905, -1.46005718996325</translation><rotation><c1>1, 0, 0</c1><c2>0, 1, 0</c2><c3>0, 0, 1</c3></rotation></pose><symmetry><x>twoFold</x><y>cylindrical</y><z>twoFold</z></symmetry><detectionScore>-1.0</detectionScore></element><element><id>25</id><category>chandelier</category><bounds><corner1>-0.19658902056728156, -0.1667432995132585, -0.2548421436233861</corner1><corner2>0.19658902056728156, 0.1667432995132585, 0.2548421436233861</corner2></bounds><pose><translation>-2.4288155799185307, 1.6119855261520069, -1.8365725273354898</translation><rotation><c1>1, 0, 0</c1><c2>0, 1, 0</c2><c3>0, 0, 1</c3></rotation></pose><symmetry><x>twoFold</x><y>cylindrical</y><z>twoFold</z></symmetry><detectionScore>-1.0</detectionScore></element><element><id>26</id><category>door</category><bounds><corner1>-0.12507365745188448, -1.7216899775441947, -1.4155022337142373</corner1><corner2>0.12507365745188448, 1.7216899775441947, 1.4155022337142373</corner2></bounds><pose><translation>2.08537542664391, -0.4183228198947438, 4.587311633520803</translation><rotation><c1>1, 0, 0</c1><c2>0, 1, 0</c2><c3>0, 0, 1</c3></rotation></pose><symmetry><x>twoFold</x><y>cylindrical</y><z>twoFold</z></symmetry><detectionScore>-1.0</detectionScore></element><element><id>27</id><category>chandelier</category><bounds><corner1>-0.06997669551625152, -0.1611159484206437, -0.2442535067196998</corner1><corner2>0.06997669551625152, 0.1611159484206437, 0.2442535067196998</corner2></bounds><pose><translation>1.8543245019336017, 1.1553195107053973, -2.0106640516960805</translation><rotation><c1>1, 0, 0</c1><c2>0, 1, 0</c2><c3>0, 0, 1</c3></rotation></pose><symmetry><x>twoFold</x><y>cylindrical</y><z>twoFold</z></symmetry><detectionScore>-1.0</detectionScore></element><element><id>28</id><category>dining_table</category><bounds><corner1>-0.4843318539630359, -0.2442284458994438, -1.473223339776091</corner1><corner2>0.4843318539630359, 0.2442284458994438, 1.473223339776091</corner2></bounds><pose><translation>1.9501981285571577, -0.7102037373189545, 0.4474581808989288</translation><rotation><c1>1, 0, 0</c1><c2>0, 1, 0</c2><c3>0, 0, 1</c3></rotation></pose><symmetry><x>twoFold</x><y>cylindrical</y><z>twoFold</z></symmetry><detectionScore>-1.0</detectionScore></element><element><id>29</id><category>window</category><bounds><corner1>-0.8721317562253291, -0.9971207161916491, -0.6804490197095516</corner1><corner2>0.8721317562253291, 0.9971207161916491, 0.6804490197095516</corner2></bounds><pose><translation>0.9993063230601141, 0.32999278397815573, -2.484097623584421</translation><rotation><c1>1, 0, 0</c1><c2>0, 1, 0</c2><c3>0, 0, 1</c3></rotation></pose><symmetry><x>twoFold</x><y>cylindrical</y><z>twoFold</z></symmetry><detectionScore>-1.0</detectionScore></element><element><id>30</id><category>chandelier</category><bounds><corner1>-0.3004191562459594, -0.2794884664882933, -0.36348814665420415</corner1><corner2>0.3004191562459594, 0.2794884664882933, 0.36348814665420415</corner2></bounds><pose><translation>0.5715599522547582, 1.3199997244799682, -2.1737224863397526</translation><rotation><c1>1, 0, 0</c1><c2>0, 1, 0</c2><c3>0, 0, 1</c3></rotation></pose><symmetry><x>twoFold</x><y>cylindrical</y><z>twoFold</z></symmetry><detectionScore>-1.0</detectionScore></element><element><id>31</id><category>picture_frame</category><bounds><corner1>-0.863526367694046, -0.9759999301536466, -0.680575090215418</corner1><corner2>0.863526367694046, 0.9759999301536466, 0.680575090215418</corner2></bounds><pose><translation>0.9998163963802343, 0.35458001989666216, -2.4842236940902875</translation><rotation><c1>1, 0, 0</c1><c2>0, 1, 0</c2><c3>0, 0, 1</c3></rotation></pose><symmetry><x>twoFold</x><y>cylindrical</y><z>twoFold</z></symmetry><detectionScore>-1.0</detectionScore></element><element><id>32</id><category>armchair</category><bounds><corner1>-0.4870866543580008, -0.4205583144537369, -0.4716443859617866</corner1><corner2>0.4870866543580008, 0.4205583144537369, 0.4716443859617866</corner2></bounds><pose><translation>1.917004661750942, -1.1021363036283223, -0.44944159321229665</translation><rotation><c1>1, 0, 0</c1><c2>0, 1, 0</c2><c3>0, 0, 1</c3></rotation></pose><symmetry><x>twoFold</x><y>cylindrical</y><z>twoFold</z></symmetry><detectionScore>-1.0</detectionScore></element><element><id>33</id><category>desk</category><bounds><corner1>-0.48913329047841336, -0.2464195960376362, -1.4805552795631785</corner1><corner2>0.48913329047841336, 0.2464195960376362, 1.4805552795631785</corner2></bounds><pose><translation>1.9453966920417802, -0.7123948874571469, 0.41427731743236756</translation><rotation><c1>1, 0, 0</c1><c2>0, 1, 0</c2><c3>0, 0, 1</c3></rotation></pose><symmetry><x>twoFold</x><y>cylindrical</y><z>twoFold</z></symmetry><detectionScore>-1.0</detectionScore></element><element><id>34</id><category>wall</category><bounds><corner1>-1.1723692726906922, -1.5800915074165305, -0.6025870436625291</corner1><corner2>1.1723692726906922, 1.5800915074165305, 0.6025870436625291</corner2></bounds><pose><translation>-2.7115152897840695, 0.013399515636750849, -1.8694987729691361</translation><rotation><c1>1, 0, 0</c1><c2>0, 1, 0</c2><c3>0, 0, 1</c3></rotation></pose><symmetry><x>twoFold</x><y>cylindrical</y><z>twoFold</z></symmetry><detectionScore>-1.0</detectionScore></element><element><id>35</id><category>wall</category><bounds><corner1>-1.483246472254029, -1.7787157242633769, -1.805499102693253</corner1><corner2>1.483246472254029, 1.7787157242633769, 1.805499102693253</corner2></bounds><pose><translation>-3.186602438205517, -0.021911958847571376, -0.2674041971549823</translation><rotation><c1>1, 0, 0</c1><c2>0, 1, 0</c2><c3>0, 0, 1</c3></rotation></pose><symmetry><x>twoFold</x><y>cylindrical</y><z>twoFold</z></symmetry><detectionScore>-1.0</detectionScore></element><element><id>36</id><category>chair</category><bounds><corner1>-0.38008609162698104, -0.4283337038266718, -0.458270034255998</corner1><corner2>0.38008609162698104, 0.4283337038266718, 0.458270034255998</corner2></bounds><pose><translation>2.0311022859540198, -1.0932480509843359, -0.482201605560951</translation><rotation><c1>1, 0, 0</c1><c2>0, 1, 0</c2><c3>0, 0, 1</c3></rotation></pose><symmetry><x>twoFold</x><y>cylindrical</y><z>twoFold</z></symmetry><detectionScore>-1.0</detectionScore></element><element><id>37</id><category>chair</category><bounds><corner1>-0.809844194997331, -0.37070411824419036, -1.1280507623980958</corner1><corner2>0.809844194997331, 0.37070411824419036, 1.1280507623980958</corner2></bounds><pose><translation>1.5198345282697876, -1.047615247434804, 1.122410575655488</translation><rotation><c1>1, 0, 0</c1><c2>0, 1, 0</c2><c3>0, 0, 1</c3></rotation></pose><symmetry><x>twoFold</x><y>cylindrical</y><z>twoFold</z></symmetry><detectionScore>-1.0</detectionScore></element><element><id>38</id><category>washer</category><bounds><corner1>-0.5675715773462731, -0.34560809416740623, -0.16568607717588013</corner1><corner2>0.5675715773462731, 0.34560809416740623, 0.16568607717588013</corner2></bounds><pose><translation>-0.6222907108531203, -0.8427671118787888, -1.471200958323824</translation><rotation><c1>1, 0, 0</c1><c2>0, 1, 0</c2><c3>0, 0, 1</c3></rotation></pose><symmetry><x>twoFold</x><y>cylindrical</y><z>twoFold</z></symmetry><detectionScore>-1.0</detectionScore></element><element><id>39</id><category>kitchen_cabinet</category><bounds><corner1>-1.2486573747945966, -0.26929557702953155, -0.11695948746569806</corner1><corner2>1.2486573747945966, 0.26929557702953155, 0.11695948746569806</corner2></bounds><pose><translation>0.6269458756118294, -0.8450893512434855, -1.4878685523068533</translation><rotation><c1>1, 0, 0</c1><c2>0, 1, 0</c2><c3>0, 0, 1</c3></rotation></pose><symmetry><x>twoFold</x><y>cylindrical</y><z>twoFold</z></symmetry><detectionScore>-1.0</detectionScore></element><element><id>40</id><category>column</category><bounds><corner1>-0.7858950035813643, -1.3050133065957592, -0.5852638824410807</corner1><corner2>0.7858950035813643, 1.3050133065957592, 0.5852638824410807</corner2></bounds><pose><translation>-2.7404737063100773, 0.157399296473347, -1.8691899291022853</translation><rotation><c1>1, 0, 0</c1><c2>0, 1, 0</c2><c3>0, 0, 1</c3></rotation></pose><symmetry><x>twoFold</x><y>cylindrical</y><z>twoFold</z></symmetry><detectionScore>-1.0</detectionScore></element><element><id>41</id><category>range_hood</category><bounds><corner1>-0.7445359169530048, -0.7880053346907898, -0.5613681669437476</corner1><corner2>0.7445359169530048, 0.7880053346907898, 0.5613681669437476</corner2></bounds><pose><translation>-0.7258561040136271, 0.5360379671459379, -2.0489541964941878</translation><rotation><c1>1, 0, 0</c1><c2>0, 1, 0</c2><c3>0, 0, 1</c3></rotation></pose><symmetry><x>twoFold</x><y>cylindrical</y><z>twoFold</z></symmetry><detectionScore>-1.0</detectionScore></element><element><id>42</id><category>kitchen_cabinet</category><bounds><corner1>-0.28463329161903284, -0.5748830680209314, -1.4860713560503633</corner1><corner2>0.28463329161903284, 0.5748830680209314, 1.4860713560503633</corner2></bounds><pose><translation>1.9761521469803935, -1.3227714385861464, 3.1303785048446118</translation><rotation><c1>1, 0, 0</c1><c2>0, 1, 0</c2><c3>0, 0, 1</c3></rotation></pose><symmetry><x>twoFold</x><y>cylindrical</y><z>twoFold</z></symmetry><detectionScore>-1.0</detectionScore></element><element><id>43</id><category>refrigerator</category><bounds><corner1>-1.0836224815950541, -1.3639085464979936, -0.656850069061038</corner1><corner2>1.0836224815950541, 1.3639085464979936, 0.656850069061038</corner2></bounds><pose><translation>-2.5703402729763702, -0.5549622740491287, 0.8973868378901052</translation><rotation><c1>1, 0, 0</c1><c2>0, 1, 0</c2><c3>0, 0, 1</c3></rotation></pose><symmetry><x>twoFold</x><y>cylindrical</y><z>twoFold</z></symmetry><detectionScore>-1.0</detectionScore></element></elements></scene>