<?xml version='1.0' encoding='utf-8'?>
<scene xmlns:sumo="https://www.sumochallenge.org"><version>2.0</version><categories><id>fb_categories_v1.0</id><url>https://sumochallenge.org/en/categories-1_0.json</url></categories><project_type>bounding_box</project_type><elements><element><id>13</id><category>wall</category><bounds><corner1> 1.34998346, -1.43871233,  0.47532493</corner1><corner2>2.07307551, 1.19006827, 0.85633721</corner2></bounds><pose><translation>0., 0., 0.</translation><rotation><c1>1., 0., 0.</c1><c2>0., 1., 0.</c2><c3>0., 0., 1.</c3></rotation></pose><symmetry><x>none</x><y>none</y><z>none</z></symmetry><detectionScore>-1</detectionScore></element><element><id>9</id><category>chair</category><bounds><corner1> 0.1321699 , -1.09273063, -1.7770762 </corner1><corner2> 0.96996457, -0.43769041, -1.2650137 </corner2></bounds><pose><translation>0., 0., 0.</translation><rotation><c1>1., 0., 0.</c1><c2>0., 1., 0.</c2><c3>0., 0., 1.</c3></rotation></pose><symmetry><x>none</x><y>none</y><z>none</z></symmetry><detectionScore>-1</detectionScore></element><element><id>18</id><category>hanging_kitchen_cabinet</category><bounds><corner1> 1.40403695,  0.07691625, -0.03483885</corner1><corner2>1.93195648, 1.18668533, 0.79170016</corner2></bounds><pose><translation>0., 0., 0.</translation><rotation><c1>1., 0., 0.</c1><c2>0., 1., 0.</c2><c3>0., 0., 1.</c3></rotation></pose><symmetry><x>none</x><y>none</y><z>none</z></symmetry><detectionScore>-1</detectionScore></element><element><id>5</id><category>mirror</category><bounds><corner1>-0.87345224, -0.29440191, -1.95908229</corner1><corner2>-0.16354598,  0.85272627, -1.85397331</corner2></bounds><pose><translation>0., 0., 0.</translation><rotation><c1>1., 0., 0.</c1><c2>0., 1., 0.</c2><c3>0., 0., 1.</c3></rotation></pose><symmetry><x>none</x><y>none</y><z>none</z></symmetry><detectionScore>-1</detectionScore></element><element><id>19</id><category>toilet</category><bounds><corner1>-0.77252211, -1.46460948,  0.88399102</corner1><corner2> 0.2244308 , -0.66437132,  2.00009409</corner2></bounds><pose><translation>0., 0., 0.</translation><rotation><c1>1., 0., 0.</c1><c2>0., 1., 0.</c2><c3>0., 0., 1.</c3></rotation></pose><symmetry><x>none</x><y>none</y><z>none</z></symmetry><detectionScore>-1</detectionScore></element><element><id>17</id><category>water_dispenser</category><bounds><corner1> 1.46202593, -0.49954355, -1.21860043</corner1><corner2> 1.79705053, -0.12433694, -0.89022666</corner2></bounds><pose><translation>0., 0., 0.</translation><rotation><c1>1., 0., 0.</c1><c2>0., 1., 0.</c2><c3>0., 0., 1.</c3></rotation></pose><symmetry><x>none</x><y>none</y><z>none</z></symmetry><detectionScore>-1</detectionScore></element><element><id>6</id><category>partition</category><bounds><corner1> 1.36797636, -1.31116284, -0.65132773</corner1><corner2>1.93001671, 1.18850926, 0.80711467</corner2></bounds><pose><translation>0., 0., 0.</translation><rotation><c1>1., 0., 0.</c1><c2>0., 1., 0.</c2><c3>0., 0., 1.</c3></rotation></pose><symmetry><x>none</x><y>none</y><z>none</z></symmetry><detectionScore>-1</detectionScore></element><element><id>12</id><category>picture_frame</category><bounds><corner1>-1.49786831, -0.24413056,  1.89899801</corner1><corner2>-0.50507392,  0.82226528,  1.9910618 </corner2></bounds><pose><translation>0., 0., 0.</translation><rotation><c1>1., 0., 0.</c1><c2>0., 1., 0.</c2><c3>0., 0., 1.</c3></rotation></pose><symmetry><x>none</x><y>none</y><z>none</z></symmetry><detectionScore>-1</detectionScore></element><element><id>14</id><category>wall</category><bounds><corner1>-1.05065133, -0.73604525, -1.99104392</corner1><corner2> 1.46420298,  1.10019205, -1.27400589</corner2></bounds><pose><translation>0., 0., 0.</translation><rotation><c1>1., 0., 0.</c1><c2>0., 1., 0.</c2><c3>0., 0., 1.</c3></rotation></pose><symmetry><x>none</x><y>none</y><z>none</z></symmetry><detectionScore>-1</detectionScore></element><element><id>8</id><category>heater</category><bounds><corner1> 1.40502509, -1.14360938, -0.38064499</corner1><corner2> 1.47669668, -0.23891809,  0.30002647</corner2></bounds><pose><translation>0., 0., 0.</translation><rotation><c1>1., 0., 0.</c1><c2>0., 1., 0.</c2><c3>0., 0., 1.</c3></rotation></pose><symmetry><x>none</x><y>none</y><z>none</z></symmetry><detectionScore>-1</detectionScore></element><element><id>3</id><category>hanging_kitchen_cabinet</category><bounds><corner1> 1.36403877, -0.11955613, -1.31497174</corner1><corner2> 1.78904869,  0.39210707, -0.65122154</corner2></bounds><pose><translation>0., 0., 0.</translation><rotation><c1>1., 0., 0.</c1><c2>0., 1., 0.</c2><c3>0., 0., 1.</c3></rotation></pose><symmetry><x>none</x><y>none</y><z>none</z></symmetry><detectionScore>-1</detectionScore></element><element><id>15</id><category>mirror</category><bounds><corner1> 0.10804804, -0.26535782, -1.96794046</corner1><corner2> 0.79128949,  0.78770161, -1.89395998</corner2></bounds><pose><translation>0., 0., 0.</translation><rotation><c1>1., 0., 0.</c1><c2>0., 1., 0.</c2><c3>0., 0., 1.</c3></rotation></pose><symmetry><x>none</x><y>none</y><z>none</z></symmetry><detectionScore>-1</detectionScore></element><element><id>4</id><category>plant</category><bounds><corner1> 0.62243565, -0.51783996, -1.99204733</corner1><corner2> 1.45088367,  0.09269478, -1.37601102</corner2></bounds><pose><translation>0., 0., 0.</translation><rotation><c1>1., 0., 0.</c1><c2>0., 1., 0.</c2><c3>0., 0., 1.</c3></rotation></pose><symmetry><x>none</x><y>none</y><z>none</z></symmetry><detectionScore>-1</detectionScore></element><element><id>7</id><category>chandelier</category><bounds><corner1>0.909023  , 0.25994181, 0.82975236</corner1><corner2>1.9359772 , 1.19003117, 1.4984086 </corner2></bounds><pose><translation>0., 0., 0.</translation><rotation><c1>1., 0., 0.</c1><c2>0., 1., 0.</c2><c3>0., 0., 1.</c3></rotation></pose><symmetry><x>none</x><y>none</y><z>none</z></symmetry><detectionScore>-1</detectionScore></element><element><id>16</id><category>toy</category><bounds><corner1>-2.53196175, -0.82893566,  0.74326115</corner1><corner2>-2.28699389, -0.13476659,  1.42890256</corner2></bounds><pose><translation>0., 0., 0.</translation><rotation><c1>1., 0., 0.</c1><c2>0., 1., 0.</c2><c3>0., 0., 1.</c3></rotation></pose><symmetry><x>none</x><y>none</y><z>none</z></symmetry><detectionScore>-1</detectionScore></element><element><id>10</id><category>wall</category><bounds><corner1>-2.55188513, -1.41655174, -1.98140432</corner1><corner2>-1.39701708,  1.17571623,  1.97064321</corner2></bounds><pose><translation>0., 0., 0.</translation><rotation><c1>1., 0., 0.</c1><c2>0., 1., 0.</c2><c3>0., 0., 1.</c3></rotation></pose><symmetry><x>none</x><y>none</y><z>none</z></symmetry><detectionScore>-1</detectionScore></element><element><id>1</id><category>door</category><bounds><corner1>-2.56018826, -1.45738958, -1.98757979</corner1><corner2>-2.27193226,  1.03550818, -0.57536899</corner2></bounds><pose><translation>0., 0., 0.</translation><rotation><c1>1., 0., 0.</c1><c2>0., 1., 0.</c2><c3>0., 0., 1.</c3></rotation></pose><symmetry><x>none</x><y>none</y><z>none</z></symmetry><detectionScore>-1</detectionScore></element><element><id>11</id><category>washer</category><bounds><corner1> 1.40499687, -1.10288912, -0.44978628</corner1><corner2> 1.47602104, -0.24900349,  0.50270334</corner2></bounds><pose><translation>0., 0., 0.</translation><rotation><c1>1., 0., 0.</c1><c2>0., 1., 0.</c2><c3>0., 0., 1.</c3></rotation></pose><symmetry><x>none</x><y>none</y><z>none</z></symmetry><detectionScore>-1</detectionScore></element><element><id>2</id><category>trash_can</category><bounds><corner1>-0.91342258, -1.47083641,  0.8929875 </corner1><corner2> 0.17860284, -0.7541642 ,  1.99606623</corner2></bounds><pose><translation>0., 0., 0.</translation><rotation><c1>1., 0., 0.</c1><c2>0., 1., 0.</c2><c3>0., 0., 1.</c3></rotation></pose><symmetry><x>none</x><y>none</y><z>none</z></symmetry><detectionScore>-1</detectionScore></element></elements></scene>