<?xml version='1.0' encoding='utf-8'?>
<scene xmlns:sumo="https://www.sumochallenge.org"><version>2.0</version><categories><id>fb_categories_v1.0</id><url>https://sumochallenge.org/en/categories-1_0.json</url></categories><project_type>bounding_box</project_type><elements><element><id>12</id><category>picture_frame</category><bounds><corner1>-2.7534566 , -1.02856769, -2.95998452</corner1><corner2>2.7534566 , 1.02856769, 2.95998452</corner2></bounds><pose><translation>  1.75812824,   0.11888345, -13.36961906</translation><rotation><c1>1., 0., 0.</c1><c2>0., 1., 0.</c2><c3>0., 0., 1.</c3></rotation></pose><symmetry><x>none</x><y>none</y><z>none</z></symmetry><detectionScore>-1</detectionScore></element><element><id>11</id><category>window</category><bounds><corner1>-1.16290973, -0.93803776, -0.08823586</corner1><corner2>1.16290973, 0.93803776, 0.08823586</corner2></bounds><pose><translation> 3.08102153, -0.01142892,  1.15260598</translation><rotation><c1>1., 0., 0.</c1><c2>0., 1., 0.</c2><c3>0., 0., 1.</c3></rotation></pose><symmetry><x>none</x><y>none</y><z>none</z></symmetry><detectionScore>-1</detectionScore></element><element><id>6</id><category>chair</category><bounds><corner1>-0.95547816, -0.25251539, -0.29205196</corner1><corner2>0.95547816, 0.25251539, 0.29205196</corner2></bounds><pose><translation> 0.63968819, -0.81983233, -1.35503548</translation><rotation><c1>1., 0., 0.</c1><c2>0., 1., 0.</c2><c3>0., 0., 1.</c3></rotation></pose><symmetry><x>none</x><y>none</y><z>none</z></symmetry><detectionScore>-1</detectionScore></element><element><id>7</id><category>chair</category><bounds><corner1>-2.46153069, -0.09618031, -0.47796675</corner1><corner2>2.46153069, 0.09618031, 0.47796675</corner2></bounds><pose><translation> 1.01968088, -0.69992661, -1.58398103</translation><rotation><c1>1., 0., 0.</c1><c2>0., 1., 0.</c2><c3>0., 0., 1.</c3></rotation></pose><symmetry><x>none</x><y>none</y><z>none</z></symmetry><detectionScore>-1</detectionScore></element><element><id>5</id><category>mirror</category><bounds><corner1>-0.12342739, -0.71076351, -1.57323467</corner1><corner2>0.12342739, 0.71076351, 1.57323467</corner2></bounds><pose><translation> 4.969117  ,  0.46866121, -2.53903643</translation><rotation><c1>1., 0., 0.</c1><c2>0., 1., 0.</c2><c3>0., 0., 1.</c3></rotation></pose><symmetry><x>none</x><y>none</y><z>none</z></symmetry><detectionScore>-1</detectionScore></element><element><id>3</id><category>picture_frame</category><bounds><corner1>-0.03102813, -0.46206703, -0.4417372 </corner1><corner2>0.03102813, 0.46206703, 0.4417372 </corner2></bounds><pose><translation>-1.88301632,  0.04594597,  0.14151623</translation><rotation><c1>1., 0., 0.</c1><c2>0., 1., 0.</c2><c3>0., 0., 1.</c3></rotation></pose><symmetry><x>none</x><y>none</y><z>none</z></symmetry><detectionScore>-1</detectionScore></element><element><id>9</id><category>picture_frame</category><bounds><corner1>-0.03097534, -0.47162597, -0.3980778 </corner1><corner2>0.03097534, 0.47162597, 0.3980778 </corner2></bounds><pose><translation>-1.8839568 ,  0.03088656, -3.59215872</translation><rotation><c1>1., 0., 0.</c1><c2>0., 1., 0.</c2><c3>0., 0., 1.</c3></rotation></pose><symmetry><x>none</x><y>none</y><z>none</z></symmetry><detectionScore>-1</detectionScore></element><element><id>4</id><category>wall</category><bounds><corner1>-0.57321767, -1.21289731, -0.08461563</corner1><corner2>0.57321767, 1.21289731, 0.08461563</corner2></bounds><pose><translation>-1.3267758 , -0.09368528, -4.587471  </translation><rotation><c1>1., 0., 0.</c1><c2>0., 1., 0.</c2><c3>0., 0., 1.</c3></rotation></pose><symmetry><x>none</x><y>none</y><z>none</z></symmetry><detectionScore>-1</detectionScore></element><element><id>2</id><category>chair</category><bounds><corner1>-3.07209359, -0.21535273, -0.26283472</corner1><corner2>3.07209359, 0.21535273, 0.26283472</corner2></bounds><pose><translation> 1.5049905 , -0.71518693, -0.41708506</translation><rotation><c1>1., 0., 0.</c1><c2>0., 1., 0.</c2><c3>0., 0., 1.</c3></rotation></pose><symmetry><x>none</x><y>none</y><z>none</z></symmetry><detectionScore>-1</detectionScore></element><element><id>1</id><category>wall</category><bounds><corner1>-0.13357799, -1.35708377, -2.15184925</corner1><corner2>0.13357799, 1.35708377, 2.15184925</corner2></bounds><pose><translation> 4.9674781 , -0.18980939, -1.14575953</translation><rotation><c1>1., 0., 0.</c1><c2>0., 1., 0.</c2><c3>0., 0., 1.</c3></rotation></pose><symmetry><x>none</x><y>none</y><z>none</z></symmetry><detectionScore>-1</detectionScore></element><element><id>8</id><category>window</category><bounds><corner1>-0.31395119, -0.48623872, -0.02401931</corner1><corner2>0.31395119, 0.48623872, 0.02401931</corner2></bounds><pose><translation>-0.00603502,  0.01321265,  1.22700262</translation><rotation><c1>1., 0., 0.</c1><c2>0., 1., 0.</c2><c3>0., 0., 1.</c3></rotation></pose><symmetry><x>none</x><y>none</y><z>none</z></symmetry><detectionScore>-1</detectionScore></element></elements></scene>