<?xml version='1.0' encoding='utf-8'?>
<scene xmlns:sumo="https://www.sumochallenge.org"><version>2.0</version><categories><id>fb_categories_v1.0</id><url>https://sumochallenge.org/en/categories-1_0.json</url></categories><project_type>bounding_box</project_type><elements><element><id>25</id><category>atm</category><bounds><corner1>-5.66735181, -1.4617349 , -1.80440453</corner1><corner2>-2.54401558, -0.22220468, -0.63547391</corner2></bounds><pose><translation>0., 0., 0.</translation><rotation><c1>1., 0., 0.</c1><c2>0., 1., 0.</c2><c3>0., 0., 1.</c3></rotation></pose><symmetry><x>none</x><y>none</y><z>none</z></symmetry><detectionScore>-1</detectionScore></element><element><id>18</id><category>door</category><bounds><corner1> 0.35967257, -1.37286686,  1.26196849</corner1><corner2>1.5885809 , 0.96995652, 5.39973565</corner2></bounds><pose><translation>0., 0., 0.</translation><rotation><c1>1., 0., 0.</c1><c2>0., 1., 0.</c2><c3>0., 0., 1.</c3></rotation></pose><symmetry><x>none</x><y>none</y><z>none</z></symmetry><detectionScore>-1</detectionScore></element><element><id>21</id><category>office_chair</category><bounds><corner1>-0.97301051, -0.96152141,  0.90001045</corner1><corner2> 0.01328088, -0.40155042,  2.46986894</corner2></bounds><pose><translation>0., 0., 0.</translation><rotation><c1>1., 0., 0.</c1><c2>0., 1., 0.</c2><c3>0., 0., 1.</c3></rotation></pose><symmetry><x>none</x><y>none</y><z>none</z></symmetry><detectionScore>-1</detectionScore></element><element><id>19</id><category>shelving</category><bounds><corner1>-8.69084739, -1.3984312 ,  2.24102319</corner1><corner2>-3.93742143,  0.55414523,  4.71020394</corner2></bounds><pose><translation>0., 0., 0.</translation><rotation><c1>1., 0., 0.</c1><c2>0., 1., 0.</c2><c3>0., 0., 1.</c3></rotation></pose><symmetry><x>none</x><y>none</y><z>none</z></symmetry><detectionScore>-1</detectionScore></element><element><id>17</id><category>shelving</category><bounds><corner1>-4.2662693 , -1.4281851 ,  2.37340818</corner1><corner2>-3.22209686,  0.3948982 ,  2.47700848</corner2></bounds><pose><translation>0., 0., 0.</translation><rotation><c1>1., 0., 0.</c1><c2>0., 1., 0.</c2><c3>0., 0., 1.</c3></rotation></pose><symmetry><x>none</x><y>none</y><z>none</z></symmetry><detectionScore>-1</detectionScore></element><element><id>6</id><category>computer</category><bounds><corner1>-5.07834418, -1.47062853, -1.80210654</corner1><corner2>-2.23293101, -0.25709047, -0.59943413</corner2></bounds><pose><translation>0., 0., 0.</translation><rotation><c1>1., 0., 0.</c1><c2>0., 1., 0.</c2><c3>0., 0., 1.</c3></rotation></pose><symmetry><x>none</x><y>none</y><z>none</z></symmetry><detectionScore>-1</detectionScore></element><element><id>8</id><category>atm</category><bounds><corner1> 0.25645864, -1.37253108,  1.0120064 </corner1><corner2> 1.58798449, -0.20484072,  4.71512295</corner2></bounds><pose><translation>0., 0., 0.</translation><rotation><c1>1., 0., 0.</c1><c2>0., 1., 0.</c2><c3>0., 0., 1.</c3></rotation></pose><symmetry><x>none</x><y>none</y><z>none</z></symmetry><detectionScore>-1</detectionScore></element><element><id>7</id><category>door</category><bounds><corner1>-0.64308534, -1.30907433, -1.8069958 </corner1><corner2>1.57684503, 0.89176752, 0.        </corner2></bounds><pose><translation>0., 0., 0.</translation><rotation><c1>1., 0., 0.</c1><c2>0., 1., 0.</c2><c3>0., 0., 1.</c3></rotation></pose><symmetry><x>none</x><y>none</y><z>none</z></symmetry><detectionScore>-1</detectionScore></element><element><id>16</id><category>partition</category><bounds><corner1>-5.33812023, -1.44404113,  2.35827808</corner1><corner2>-2.78579693,  1.18961296,  3.53031728</corner2></bounds><pose><translation>0., 0., 0.</translation><rotation><c1>1., 0., 0.</c1><c2>0., 1., 0.</c2><c3>0., 0., 1.</c3></rotation></pose><symmetry><x>none</x><y>none</y><z>none</z></symmetry><detectionScore>-1</detectionScore></element><element><id>10</id><category>partition</category><bounds><corner1>-1.2164587 , -0.95036872,  1.63492862</corner1><corner2>0.51307231, 1.1935794 , 3.7302617 </corner2></bounds><pose><translation>0., 0., 0.</translation><rotation><c1>1., 0., 0.</c1><c2>0., 1., 0.</c2><c3>0., 0., 1.</c3></rotation></pose><symmetry><x>none</x><y>none</y><z>none</z></symmetry><detectionScore>-1</detectionScore></element><element><id>22</id><category>tv_stand</category><bounds><corner1> 0.28757411, -1.37105428,  1.13497772</corner1><corner2>1.58837388, 0.54743674, 5.35132906</corner2></bounds><pose><translation>0., 0., 0.</translation><rotation><c1>1., 0., 0.</c1><c2>0., 1., 0.</c2><c3>0., 0., 1.</c3></rotation></pose><symmetry><x>none</x><y>none</y><z>none</z></symmetry><detectionScore>-1</detectionScore></element><element><id>23</id><category>kitchen_cabinet</category><bounds><corner1>-1.04654271, -0.9713767 ,  1.15699961</corner1><corner2>-0.02097233, -0.11589986,  2.47602036</corner2></bounds><pose><translation>0., 0., 0.</translation><rotation><c1>1., 0., 0.</c1><c2>0., 1., 0.</c2><c3>0., 0., 1.</c3></rotation></pose><symmetry><x>none</x><y>none</y><z>none</z></symmetry><detectionScore>-1</detectionScore></element><element><id>11</id><category>chair</category><bounds><corner1>-0.9614821 , -0.96247261,  0.88101858</corner1><corner2> 0.00722542, -0.46404738,  2.46800271</corner2></bounds><pose><translation>0., 0., 0.</translation><rotation><c1>1., 0., 0.</c1><c2>0., 1., 0.</c2><c3>0., 0., 1.</c3></rotation></pose><symmetry><x>none</x><y>none</y><z>none</z></symmetry><detectionScore>-1</detectionScore></element><element><id>2</id><category>wall</category><bounds><corner1>-1.24491357, -1.36075971, -1.80809321</corner1><corner2>1.56123425, 1.1914453 , 0.        </corner2></bounds><pose><translation>0., 0., 0.</translation><rotation><c1>1., 0., 0.</c1><c2>0., 1., 0.</c2><c3>0., 0., 1.</c3></rotation></pose><symmetry><x>none</x><y>none</y><z>none</z></symmetry><detectionScore>-1</detectionScore></element><element><id>14</id><category>partition</category><bounds><corner1> 0.35181546, -1.37249417,  1.20901131</corner1><corner2>1.58870211, 1.17717555, 5.38828081</corner2></bounds><pose><translation>0., 0., 0.</translation><rotation><c1>1., 0., 0.</c1><c2>0., 1., 0.</c2><c3>0., 0., 1.</c3></rotation></pose><symmetry><x>none</x><y>none</y><z>none</z></symmetry><detectionScore>-1</detectionScore></element><element><id>9</id><category>washer</category><bounds><corner1>-4.66443939, -1.45334559, -1.79092263</corner1><corner2>-2.57815388, -0.27917803, -0.75042227</corner2></bounds><pose><translation>0., 0., 0.</translation><rotation><c1>1., 0., 0.</c1><c2>0., 1., 0.</c2><c3>0., 0., 1.</c3></rotation></pose><symmetry><x>none</x><y>none</y><z>none</z></symmetry><detectionScore>-1</detectionScore></element><element><id>20</id><category>computer</category><bounds><corner1> 0.28923546, -1.37313037,  0.99399176</corner1><corner2> 1.58706677, -0.23085958,  4.71356467</corner2></bounds><pose><translation>0., 0., 0.</translation><rotation><c1>1., 0., 0.</c1><c2>0., 1., 0.</c2><c3>0., 0., 1.</c3></rotation></pose><symmetry><x>none</x><y>none</y><z>none</z></symmetry><detectionScore>-1</detectionScore></element><element><id>5</id><category>coffee_machine</category><bounds><corner1> 0.34106513, -1.37308181,  1.00698048</corner1><corner2> 1.58553608, -0.1072858 ,  4.70309671</corner2></bounds><pose><translation>0., 0., 0.</translation><rotation><c1>1., 0., 0.</c1><c2>0., 1., 0.</c2><c3>0., 0., 1.</c3></rotation></pose><symmetry><x>none</x><y>none</y><z>none</z></symmetry><detectionScore>-1</detectionScore></element><element><id>24</id><category>dryer</category><bounds><corner1>-4.11962393, -1.45535187, -1.795409  </corner1><corner2>-2.57795305, -0.3013039 , -0.72116455</corner2></bounds><pose><translation>0., 0., 0.</translation><rotation><c1>1., 0., 0.</c1><c2>0., 1., 0.</c2><c3>0., 0., 1.</c3></rotation></pose><symmetry><x>none</x><y>none</y><z>none</z></symmetry><detectionScore>-1</detectionScore></element><element><id>12</id><category>shelving</category><bounds><corner1> 0.52719249, -1.37010064,  1.59603178</corner1><corner2>1.58878237, 0.55379356, 5.58096985</corner2></bounds><pose><translation>0., 0., 0.</translation><rotation><c1>1., 0., 0.</c1><c2>0., 1., 0.</c2><c3>0., 0., 1.</c3></rotation></pose><symmetry><x>none</x><y>none</y><z>none</z></symmetry><detectionScore>-1</detectionScore></element><element><id>15</id><category>wall</category><bounds><corner1>-8.68789374, -1.03144973, -1.57479286</corner1><corner2>-4.01939597,  1.09527257,  4.61079046</corner2></bounds><pose><translation>0., 0., 0.</translation><rotation><c1>1., 0., 0.</c1><c2>0., 1., 0.</c2><c3>0., 0., 1.</c3></rotation></pose><symmetry><x>none</x><y>none</y><z>none</z></symmetry><detectionScore>-1</detectionScore></element><element><id>4</id><category>air_conditioner</category><bounds><corner1>-5.46456699, -1.45521616, -1.80323685</corner1><corner2>-2.55787782, -0.23039698, -0.7395874 </corner2></bounds><pose><translation>0., 0., 0.</translation><rotation><c1>1., 0., 0.</c1><c2>0., 1., 0.</c2><c3>0., 0., 1.</c3></rotation></pose><symmetry><x>none</x><y>none</y><z>none</z></symmetry><detectionScore>-1</detectionScore></element><element><id>1</id><category>coffee_machine</category><bounds><corner1>-4.5878019 , -1.45611805, -1.8013754 </corner1><corner2>-2.48101556, -0.25999682, -0.76434261</corner2></bounds><pose><translation>0., 0., 0.</translation><rotation><c1>1., 0., 0.</c1><c2>0., 1., 0.</c2><c3>0., 0., 1.</c3></rotation></pose><symmetry><x>none</x><y>none</y><z>none</z></symmetry><detectionScore>-1</detectionScore></element><element><id>3</id><category>trash_can</category><bounds><corner1>-5.64733334, -1.45463601, -1.79855895</corner1><corner2>-2.57914441, -0.2532401 , -0.73056588</corner2></bounds><pose><translation>0., 0., 0.</translation><rotation><c1>1., 0., 0.</c1><c2>0., 1., 0.</c2><c3>0., 0., 1.</c3></rotation></pose><symmetry><x>none</x><y>none</y><z>none</z></symmetry><detectionScore>-1</detectionScore></element><element><id>13</id><category>television</category><bounds><corner1> 0.34204341, -1.37351743,  1.00101528</corner1><corner2> 1.57967197, -0.11833388,  4.72345721</corner2></bounds><pose><translation>0., 0., 0.</translation><rotation><c1>1., 0., 0.</c1><c2>0., 1., 0.</c2><c3>0., 0., 1.</c3></rotation></pose><symmetry><x>none</x><y>none</y><z>none</z></symmetry><detectionScore>-1</detectionScore></element></elements></scene>