<?xml version='1.0' encoding='utf-8'?>
<scene xmlns:sumo="https://www.sumochallenge.org"><version>2.0</version><categories><id>fb_categories_v1.0</id><url>https://sumochallenge.org/en/categories-1_0.json</url></categories><project_type>bounding_box</project_type><elements><element><id>6</id><category>wall</category><bounds><corner1>-6.36595664, -1.27354549, -3.42565624</corner1><corner2>6.36595664, 1.27354549, 3.42565624</corner2></bounds><pose><translation>  1.61983633,  -0.11257296, -10.44289333</translation><rotation><c1>1., 0., 0.</c1><c2>0., 1., 0.</c2><c3>0., 0., 1.</c3></rotation></pose><symmetry><x>none</x><y>none</y><z>none</z></symmetry><detectionScore>-1</detectionScore></element><element><id>7</id><category>window</category><bounds><corner1>-2.13819898, -1.43218127, -0.67174872</corner1><corner2>2.13819898, 1.43218127, 0.67174872</corner2></bounds><pose><translation> 3.03689084, -0.24229793,  0.19768234</translation><rotation><c1>1., 0., 0.</c1><c2>0., 1., 0.</c2><c3>0., 0., 1.</c3></rotation></pose><symmetry><x>none</x><y>none</y><z>none</z></symmetry><detectionScore>-1</detectionScore></element><element><id>5</id><category>car</category><bounds><corner1>-1.09091829, -0.65097994, -3.56198868</corner1><corner2>1.09091829, 0.65097994, 3.56198868</corner2></bounds><pose><translation>-2.80880809, -0.8516763 , -6.79286252</translation><rotation><c1>1., 0., 0.</c1><c2>0., 1., 0.</c2><c3>0., 0., 1.</c3></rotation></pose><symmetry><x>none</x><y>none</y><z>none</z></symmetry><detectionScore>-1</detectionScore></element><element><id>3</id><category>car</category><bounds><corner1>-0.79594855, -0.69606809, -2.08312154</corner1><corner2>0.79594855, 0.69606809, 2.08312154</corner2></bounds><pose><translation>-3.02091912, -0.77101295,  0.19574189</translation><rotation><c1>1., 0., 0.</c1><c2>0., 1., 0.</c2><c3>0., 0., 1.</c3></rotation></pose><symmetry><x>none</x><y>none</y><z>none</z></symmetry><detectionScore>-1</detectionScore></element><element><id>4</id><category>car</category><bounds><corner1>-1.10430538, -0.63221279, -3.46647114</corner1><corner2>1.10430538, 0.63221279, 3.46647114</corner2></bounds><pose><translation>-3.26041068, -0.4545941 ,  7.20749688</translation><rotation><c1>1., 0., 0.</c1><c2>0., 1., 0.</c2><c3>0., 0., 1.</c3></rotation></pose><symmetry><x>none</x><y>none</y><z>none</z></symmetry><detectionScore>-1</detectionScore></element><element><id>2</id><category>car</category><bounds><corner1>-4.73554403, -0.81274078, -1.07013242</corner1><corner2>4.73554403, 0.81274078, 1.07013242</corner2></bounds><pose><translation> 2.39494572, -0.9443913 , -0.94311006</translation><rotation><c1>1., 0., 0.</c1><c2>0., 1., 0.</c2><c3>0., 0., 1.</c3></rotation></pose><symmetry><x>none</x><y>none</y><z>none</z></symmetry><detectionScore>-1</detectionScore></element><element><id>1</id><category>wall</category><bounds><corner1>-3.94582486, -1.23306159, -0.22856306</corner1><corner2>3.94582486, 1.23306159, 0.22856306</corner2></bounds><pose><translation>-1.65343789, -0.06523451, 10.74027986</translation><rotation><c1>1., 0., 0.</c1><c2>0., 1., 0.</c2><c3>0., 0., 1.</c3></rotation></pose><symmetry><x>none</x><y>none</y><z>none</z></symmetry><detectionScore>-1</detectionScore></element></elements></scene>