<?xml version='1.0' encoding='utf-8'?>
<scene xmlns:sumo="https://www.sumochallenge.org"><version>2.0</version><categories><id>fb_categories_v1_0</id><url>https://sumochallenge.org/en/categories-1_0.json</url></categories><project_type>bounding_box</project_type><elements><element><id>0</id><category>computer</category><bounds><corner1>-0.4053360286596024, -0.31968401453102935, -0.22949179517297663</corner1><corner2>0.4053360286596024, 0.31968401453102935, 0.22949179517297663</corner2></bounds><pose><translation>1.604598433898734, 0.07984164564871744, -0.5583543679574181</translation><rotation><c1>0, 0, 0</c1><c2>0, 0, 0</c2><c3>0, 0, 0</c3></rotation></pose><symmetry><x>twoFold</x><y>cylindrical</y><z>twoFold</z></symmetry><detectionScore>-1.0</detectionScore></element><element><id>1</id><category>wall</category><bounds><corner1>-1.0735811334426608, -0.45302317385705604, -0.7331243693319485</corner1><corner2>1.0735811334426608, 0.45302317385705604, 0.7331243693319485</corner2></bounds><pose><translation>0.4224373721861578, -1.9452633731772018, 0.3517264660131734</translation><rotation><c1>0, 0, 0</c1><c2>0, 0, 0</c2><c3>0, 0, 0</c3></rotation></pose><symmetry><x>twoFold</x><y>cylindrical</y><z>twoFold</z></symmetry><detectionScore>-1.0</detectionScore></element><element><id>2</id><category>kitchen_cabinet</category><bounds><corner1>-0.6335560675261911, -0.5523283667859367, -0.25534918596627054</corner1><corner2>0.6335560675261911, 0.5523283667859367, 0.25534918596627054</corner2></bounds><pose><translation>1.3321221430726267, -0.08130981410767302, -0.7933784637637267</translation><rotation><c1>0, 0, 0</c1><c2>0, 0, 0</c2><c3>0, 0, 0</c3></rotation></pose><symmetry><x>twoFold</x><y>cylindrical</y><z>twoFold</z></symmetry><detectionScore>-1.0</detectionScore></element><element><id>3</id><category>wall</category><bounds><corner1>-0.14529970327441832, -2.147389835679202, -1.415147747803037</corner1><corner2>0.14529970327441832, 2.147389835679202, 1.415147747803037</corner2></bounds><pose><translation>-2.2710699873540943, -0.08605992934851181, -0.107643721215684</translation><rotation><c1>0, 0, 0</c1><c2>0, 0, 0</c2><c3>0, 0, 0</c3></rotation></pose><symmetry><x>twoFold</x><y>cylindrical</y><z>twoFold</z></symmetry><detectionScore>-1.0</detectionScore></element><element><id>4</id><category>chandelier</category><bounds><corner1>-0.7224147994314101, -2.515579114981047, -0.102185973005114</corner1><corner2>0.7224147994314101, 2.515579114981047, 0.102185973005114</corner2></bounds><pose><translation>1.1110169543042325, 3.5098311537043494, 1.3569202968029395</translation><rotation><c1>0, 0, 0</c1><c2>0, 0, 0</c2><c3>0, 0, 0</c3></rotation></pose><symmetry><x>twoFold</x><y>cylindrical</y><z>twoFold</z></symmetry><detectionScore>-1.0</detectionScore></element><element><id>5</id><category>picture_frame</category><bounds><corner1>-0.05183894455145843, -0.19783194861633424, -0.35044094022597877</corner1><corner2>0.05183894455145843, 0.19783194861633424, 0.35044094022597877</corner2></bounds><pose><translation>-2.758580103073963, 3.8534239880664827, 0.2967157890881669</translation><rotation><c1>0, 0, 0</c1><c2>0, 0, 0</c2><c3>0, 0, 0</c3></rotation></pose><symmetry><x>twoFold</x><y>cylindrical</y><z>twoFold</z></symmetry><detectionScore>-1.0</detectionScore></element><element><id>6</id><category>table_lamp</category><bounds><corner1>-0.3698753553050089, -0.1853758587956278, -0.3281767435728967</corner1><corner2>0.3698753553050089, 0.1853758587956278, 0.3281767435728967</corner2></bounds><pose><translation>1.0042078623758044, -1.6766691762379686, -0.518791602038883</translation><rotation><c1>0, 0, 0</c1><c2>0, 0, 0</c2><c3>0, 0, 0</c3></rotation></pose><symmetry><x>twoFold</x><y>cylindrical</y><z>twoFold</z></symmetry><detectionScore>-1.0</detectionScore></element><element><id>7</id><category>kettle</category><bounds><corner1>-0.36853955427818774, -0.3329617388708698, -0.22993676869951551</corner1><corner2>0.36853955427818774, 0.3329617388708698, 0.22993676869951551</corner2></bounds><pose><translation>1.6441656447292143, 0.0835818549747401, -0.5201530412738014</translation><rotation><c1>0, 0, 0</c1><c2>0, 0, 0</c2><c3>0, 0, 0</c3></rotation></pose><symmetry><x>twoFold</x><y>cylindrical</y><z>twoFold</z></symmetry><detectionScore>-1.0</detectionScore></element><element><id>8</id><category>kitchen_cabinet</category><bounds><corner1>-0.08552809079339374, -0.5860857927763551, -1.2435921124362876</corner1><corner2>0.08552809079339374, 0.5860857927763551, 1.2435921124362876</corner2></bounds><pose><translation>-2.2679215064967484, -1.2291595465264844, -0.45611187298732364</translation><rotation><c1>0, 0, 0</c1><c2>0, 0, 0</c2><c3>0, 0, 0</c3></rotation></pose><symmetry><x>twoFold</x><y>cylindrical</y><z>twoFold</z></symmetry><detectionScore>-1.0</detectionScore></element><element><id>9</id><category>food_processor</category><bounds><corner1>-0.37979655913863564, -0.31748517302065343, -0.22942680979893204</corner1><corner2>0.37979655913863564, 0.31748517302065343, 0.22942680979893204</corner2></bounds><pose><translation>1.6330507700702293, 0.07636221348979866, -0.519671413095192</translation><rotation><c1>0, 0, 0</c1><c2>0, 0, 0</c2><c3>0, 0, 0</c3></rotation></pose><symmetry><x>twoFold</x><y>cylindrical</y><z>twoFold</z></symmetry><detectionScore>-1.0</detectionScore></element><element><id>10</id><category>wall</category><bounds><corner1>-0.772764582481919, -0.3010522384848193, -0.6600340499971029</corner1><corner2>0.772764582481919, 0.3010522384848193, 0.6600340499971029</corner2></bounds><pose><translation>-0.5104671418104256, -1.9595478586549362, 0.005882482356837029</translation><rotation><c1>0, 0, 0</c1><c2>0, 0, 0</c2><c3>0, 0, 0</c3></rotation></pose><symmetry><x>twoFold</x><y>cylindrical</y><z>twoFold</z></symmetry><detectionScore>-1.0</detectionScore></element><element><id>11</id><category>chair</category><bounds><corner1>-1.1247163519562227, -1.7073420378967836, -0.9036870914342379</corner1><corner2>1.1247163519562227, 1.7073420378967836, 0.9036870914342379</corner2></bounds><pose><translation>-1.5036889987780384, 3.860069909297335, -1.600933334493692</translation><rotation><c1>0, 0, 0</c1><c2>0, 0, 0</c2><c3>0, 0, 0</c3></rotation></pose><symmetry><x>twoFold</x><y>cylindrical</y><z>twoFold</z></symmetry><detectionScore>-1.0</detectionScore></element><element><id>12</id><category>dresser</category><bounds><corner1>-0.9308837914891545, -0.07695419941020898, -0.2606551914132468</corner1><corner2>0.9308837914891545, 0.07695419941020898, 0.2606551914132468</corner2></bounds><pose><translation>0.4691468289591344, -1.3869652334472167, -0.8791137643830844</translation><rotation><c1>0, 0, 0</c1><c2>0, 0, 0</c2><c3>0, 0, 0</c3></rotation></pose><symmetry><x>twoFold</x><y>cylindrical</y><z>twoFold</z></symmetry><detectionScore>-1.0</detectionScore></element><element><id>13</id><category>armchair</category><bounds><corner1>-0.8591230905246179, -1.7532985562270516, -0.8949605257168087</corner1><corner2>0.8591230905246179, 1.7532985562270516, 0.8949605257168087</corner2></bounds><pose><translation>-1.5136540138622239, 3.884098663613728, -1.5979069835100363</translation><rotation><c1>0, 0, 0</c1><c2>0, 0, 0</c2><c3>0, 0, 0</c3></rotation></pose><symmetry><x>twoFold</x><y>cylindrical</y><z>twoFold</z></symmetry><detectionScore>-1.0</detectionScore></element><element><id>14</id><category>toilet</category><bounds><corner1>-0.38449173123922, -0.19784939895355835, -0.3400124504467557</corner1><corner2>0.38449173123922, 0.19784939895355835, 0.3400124504467557</corner2></bounds><pose><translation>1.0016466968721467, -1.6753798947384029, -0.5461072427352837</translation><rotation><c1>0, 0, 0</c1><c2>0, 0, 0</c2><c3>0, 0, 0</c3></rotation></pose><symmetry><x>twoFold</x><y>cylindrical</y><z>twoFold</z></symmetry><detectionScore>-1.0</detectionScore></element><element><id>15</id><category>beer</category><bounds><corner1>-0.41928992786111396, -0.260969100265388, -0.16197752049983805</corner1><corner2>0.41928992786111396, 0.260969100265388, 0.16197752049983805</corner2></bounds><pose><translation>1.5036438276102555, -1.187230739907144, -0.582672191744136</translation><rotation><c1>0, 0, 0</c1><c2>0, 0, 0</c2><c3>0, 0, 0</c3></rotation></pose><symmetry><x>twoFold</x><y>cylindrical</y><z>twoFold</z></symmetry><detectionScore>-1.0</detectionScore></element><element><id>16</id><category>shower</category><bounds><corner1>-0.10346268640778433, -0.6325977987016889, -1.2701447680333313</corner1><corner2>0.10346268640778433, 0.6325977987016889, 1.2701447680333313</corner2></bounds><pose><translation>-2.2567683723773913, -0.16952956773039968, -0.45938022422639113</translation><rotation><c1>0, 0, 0</c1><c2>0, 0, 0</c2><c3>0, 0, 0</c3></rotation></pose><symmetry><x>twoFold</x><y>cylindrical</y><z>twoFold</z></symmetry><detectionScore>-1.0</detectionScore></element><element><id>17</id><category>range_hood</category><bounds><corner1>-0.4985910285712581, -0.36411523184449535, -0.3821027456959638</corner1><corner2>0.4985910285712581, 0.36411523184449535, 0.3821027456959638</corner2></bounds><pose><translation>-0.8010444690832049, -1.7383578446021979, 1.1472643222387644</translation><rotation><c1>0, 0, 0</c1><c2>0, 0, 0</c2><c3>0, 0, 0</c3></rotation></pose><symmetry><x>twoFold</x><y>cylindrical</y><z>twoFold</z></symmetry><detectionScore>-1.0</detectionScore></element><element><id>18</id><category>heater</category><bounds><corner1>-0.07339195629544237, -0.5123894026286763, -0.51973975031867</corner1><corner2>0.07339195629544237, 0.5123894026286763, 0.51973975031867</corner2></bounds><pose><translation>-2.207420653798176, -0.20476785362763955, -1.2989856998286562</translation><rotation><c1>0, 0, 0</c1><c2>0, 0, 0</c2><c3>0, 0, 0</c3></rotation></pose><symmetry><x>twoFold</x><y>cylindrical</y><z>twoFold</z></symmetry><detectionScore>-1.0</detectionScore></element><element><id>19</id><category>picture_frame</category><bounds><corner1>-0.05703757648031038, -0.4465991299735892, -0.291512514907996</corner1><corner2>0.05703757648031038, 0.4465991299735892, 0.291512514907996</corner2></bounds><pose><translation>-2.748450239992699, 4.133471496109796, 0.27344638428537604</translation><rotation><c1>0, 0, 0</c1><c2>0, 0, 0</c2><c3>0, 0, 0</c3></rotation></pose><symmetry><x>twoFold</x><y>cylindrical</y><z>twoFold</z></symmetry><detectionScore>-1.0</detectionScore></element><element><id>20</id><category>kitchen_cabinet</category><bounds><corner1>-0.5179929057132755, -0.07906313335086024, -0.22397348660489702</corner1><corner2>0.5179929057132755, 0.07906313335086024, 0.22397348660489702</corner2></bounds><pose><translation>-0.7749459519133943, -1.3771372704624203, -0.784769029645829</translation><rotation><c1>0, 0, 0</c1><c2>0, 0, 0</c2><c3>0, 0, 0</c3></rotation></pose><symmetry><x>twoFold</x><y>cylindrical</y><z>twoFold</z></symmetry><detectionScore>-1.0</detectionScore></element><element><id>21</id><category>kitchen_cabinet</category><bounds><corner1>-0.10903696074794045, -0.6536320396390409, -1.4590304202551483</corner1><corner2>0.10903696074794045, 0.6536320396390409, 1.4590304202551483</corner2></bounds><pose><translation>-2.2658395886830887, -0.1918501049959599, -0.23922944233448043</translation><rotation><c1>0, 0, 0</c1><c2>0, 0, 0</c2><c3>0, 0, 0</c3></rotation></pose><symmetry><x>twoFold</x><y>cylindrical</y><z>twoFold</z></symmetry><detectionScore>-1.0</detectionScore></element><element><id>22</id><category>kitchen_cabinet</category><bounds><corner1>-0.7305777736658537, -1.0174114774210592, -0.4138930999886049</corner1><corner2>0.7305777736658537, 1.0174114774210592, 0.4138930999886049</corner2></bounds><pose><translation>0.24018287318482356, 1.854353283408925, -1.0455221439475744</translation><rotation><c1>0, 0, 0</c1><c2>0, 0, 0</c2><c3>0, 0, 0</c3></rotation></pose><symmetry><x>twoFold</x><y>cylindrical</y><z>twoFold</z></symmetry><detectionScore>-1.0</detectionScore></element><element><id>23</id><category>chandelier</category><bounds><corner1>-0.28569636751490024, -0.8037682223109788, -0.05044336707249508</corner1><corner2>0.28569636751490024, 0.8037682223109788, 0.05044336707249508</corner2></bounds><pose><translation>0.11537647188439334, 2.9639390519611304, 1.4021647685600014</translation><rotation><c1>0, 0, 0</c1><c2>0, 0, 0</c2><c3>0, 0, 0</c3></rotation></pose><symmetry><x>twoFold</x><y>cylindrical</y><z>twoFold</z></symmetry><detectionScore>-1.0</detectionScore></element><element><id>24</id><category>kitchen_cabinet</category><bounds><corner1>-0.6442062075754527, -0.47326586678864024, -0.2522167255111739</corner1><corner2>0.6442062075754527, 0.47326586678864024, 0.2522167255111739</corner2></bounds><pose><translation>1.2996378143651677, -0.8792743016891156, -0.7672957728851488</translation><rotation><c1>0, 0, 0</c1><c2>0, 0, 0</c2><c3>0, 0, 0</c3></rotation></pose><symmetry><x>twoFold</x><y>cylindrical</y><z>twoFold</z></symmetry><detectionScore>-1.0</detectionScore></element><element><id>25</id><category>table_and_chair</category><bounds><corner1>-1.2604223967540042, -1.9876319728702212, -0.2530229125796938</corner1><corner2>1.2604223967540042, 1.9876319728702212, 0.2530229125796938</corner2></bounds><pose><translation>-1.2671699653959139, 4.033052688999261, -0.887167468586016</translation><rotation><c1>0, 0, 0</c1><c2>0, 0, 0</c2><c3>0, 0, 0</c3></rotation></pose><symmetry><x>twoFold</x><y>cylindrical</y><z>twoFold</z></symmetry><detectionScore>-1.0</detectionScore></element><element><id>26</id><category>dining_table</category><bounds><corner1>-1.1076133254365328, -2.0441603145235296, -0.2513083674094483</corner1><corner2>1.1076133254365328, 2.0441603145235296, 0.2513083674094483</corner2></bounds><pose><translation>-1.1322307791532082, 3.95841035684969, -0.8906409560982921</translation><rotation><c1>0, 0, 0</c1><c2>0, 0, 0</c2><c3>0, 0, 0</c3></rotation></pose><symmetry><x>twoFold</x><y>cylindrical</y><z>twoFold</z></symmetry><detectionScore>-1.0</detectionScore></element><element><id>27</id><category>kitchen_cabinet</category><bounds><corner1>-0.9150739167188349, -0.07808400970035878, -0.2473777451870517</corner1><corner2>0.9150739167188349, 0.07808400970035878, 0.2473777451870517</corner2></bounds><pose><translation>0.47630542579207175, -1.3931721441162463, -0.847655780869364</translation><rotation><c1>0, 0, 0</c1><c2>0, 0, 0</c2><c3>0, 0, 0</c3></rotation></pose><symmetry><x>twoFold</x><y>cylindrical</y><z>twoFold</z></symmetry><detectionScore>-1.0</detectionScore></element><element><id>28</id><category>chandelier</category><bounds><corner1>-0.9251774259729512, -0.14648939079948953, -0.48106195837196997</corner1><corner2>0.9251774259729512, 0.14648939079948953, 0.48106195837196997</corner2></bounds><pose><translation>-1.6929904861822378, 5.936872993986525, 0.84404252994033</translation><rotation><c1>0, 0, 0</c1><c2>0, 0, 0</c2><c3>0, 0, 0</c3></rotation></pose><symmetry><x>twoFold</x><y>cylindrical</y><z>twoFold</z></symmetry><detectionScore>-1.0</detectionScore></element><element><id>29</id><category>food_processor</category><bounds><corner1>-0.4596418941703675, -0.2557898647555872, -0.33536001637806234</corner1><corner2>0.4596418941703675, 0.2557898647555872, 0.33536001637806234</corner2></bounds><pose><translation>1.0237068951481403, -1.7064383694032221, -0.5611902007520708</translation><rotation><c1>0, 0, 0</c1><c2>0, 0, 0</c2><c3>0, 0, 0</c3></rotation></pose><symmetry><x>twoFold</x><y>cylindrical</y><z>twoFold</z></symmetry><detectionScore>-1.0</detectionScore></element><element><id>30</id><category>hanging_kitchen_cabinet</category><bounds><corner1>-0.0649562953503815, -0.5627965440239441, -0.43032712982102495</corner1><corner2>0.0649562953503815, 0.5627965440239441, 0.43032712982102495</corner2></bounds><pose><translation>-2.3051550491324817, -0.15202023137358972, 0.8259662046570249</translation><rotation><c1>0, 0, 0</c1><c2>0, 0, 0</c2><c3>0, 0, 0</c3></rotation></pose><symmetry><x>twoFold</x><y>cylindrical</y><z>twoFold</z></symmetry><detectionScore>-1.0</detectionScore></element><element><id>31</id><category>wall</category><bounds><corner1>-2.0662000323517433, -2.4880009669748624, -1.3493098525825171</corner1><corner2>2.0662000323517433, 2.4880009669748624, 1.3493098525825171</corner2></bounds><pose><translation>-0.30293623563189304, 5.889757690772051, -0.06965724412494449</translation><rotation><c1>0, 0, 0</c1><c2>0, 0, 0</c2><c3>0, 0, 0</c3></rotation></pose><symmetry><x>twoFold</x><y>cylindrical</y><z>twoFold</z></symmetry><detectionScore>-1.0</detectionScore></element><element><id>32</id><category>door</category><bounds><corner1>-1.164018328297096, -6.560319579771435, -1.2692276811706558</corner1><corner2>1.164018328297096, 6.560319579771435, 1.2692276811706558</corner2></bounds><pose><translation>0.47169331655349644, 5.648736680772941, -0.46630010510838166</translation><rotation><c1>0, 0, 0</c1><c2>0, 0, 0</c2><c3>0, 0, 0</c3></rotation></pose><symmetry><x>twoFold</x><y>cylindrical</y><z>twoFold</z></symmetry><detectionScore>-1.0</detectionScore></element><element><id>33</id><category>door</category><bounds><corner1>-0.10620723910589369, -0.6895704838848673, -1.3927120109584075</corner1><corner2>0.10620723910589369, 0.6895704838848673, 1.3927120109584075</corner2></bounds><pose><translation>-2.2695161254810827, -0.21976982405128456, -0.1800816357694265</translation><rotation><c1>0, 0, 0</c1><c2>0, 0, 0</c2><c3>0, 0, 0</c3></rotation></pose><symmetry><x>twoFold</x><y>cylindrical</y><z>twoFold</z></symmetry><detectionScore>-1.0</detectionScore></element><element><id>34</id><category>wall</category><bounds><corner1>-0.641769580471029, -2.693987751717242, -1.527453760808058</corner1><corner2>0.641769580471029, 2.693987751717242, 1.527453760808058</corner2></bounds><pose><translation>1.6026104966863715, 2.937695033905661, -0.1250907102618642</translation><rotation><c1>0, 0, 0</c1><c2>0, 0, 0</c2><c3>0, 0, 0</c3></rotation></pose><symmetry><x>twoFold</x><y>cylindrical</y><z>twoFold</z></symmetry><detectionScore>-1.0</detectionScore></element><element><id>35</id><category>door</category><bounds><corner1>-0.601279081877149, -2.7689429176707883, -1.7171579930557594</corner1><corner2>0.601279081877149, 2.7689429176707883, 1.7171579930557594</corner2></bounds><pose><translation>1.6473730326915632, 2.616185625445274, -0.5466150142142574</translation><rotation><c1>0, 0, 0</c1><c2>0, 0, 0</c2><c3>0, 0, 0</c3></rotation></pose><symmetry><x>twoFold</x><y>cylindrical</y><z>twoFold</z></symmetry><detectionScore>-1.0</detectionScore></element><element><id>36</id><category>books</category><bounds><corner1>-0.41067702338213863, -0.252379233205675, -0.15644438212915457</corner1><corner2>0.41067702338213863, 0.252379233205675, 0.15644438212915457</corner2></bounds><pose><translation>1.5117905753416343, -1.193986536203988, -0.5806373913623735</translation><rotation><c1>0, 0, 0</c1><c2>0, 0, 0</c2><c3>0, 0, 0</c3></rotation></pose><symmetry><x>twoFold</x><y>cylindrical</y><z>twoFold</z></symmetry><detectionScore>-1.0</detectionScore></element><element><id>37</id><category>chair</category><bounds><corner1>-0.4303621276483274, -0.3410350367182884, -0.22001209491381457</corner1><corner2>0.4303621276483274, 0.3410350367182884, 0.22001209491381457</corner2></bounds><pose><translation>1.498358637250439, -1.1702934090211703, -0.6078823511709437</translation><rotation><c1>0, 0, 0</c1><c2>0, 0, 0</c2><c3>0, 0, 0</c3></rotation></pose><symmetry><x>twoFold</x><y>cylindrical</y><z>twoFold</z></symmetry><detectionScore>-1.0</detectionScore></element><element><id>38</id><category>refrigerator</category><bounds><corner1>-0.10237756345236315, -0.6144633996511673, -1.2787271811352272</corner1><corner2>0.10237756345236315, 0.6144633996511673, 1.2787271811352272</corner2></bounds><pose><translation>-2.2578747641798653, -0.17766351843719907, -0.40632866840218884</translation><rotation><c1>0, 0, 0</c1><c2>0, 0, 0</c2><c3>0, 0, 0</c3></rotation></pose><symmetry><x>twoFold</x><y>cylindrical</y><z>twoFold</z></symmetry><detectionScore>-1.0</detectionScore></element></elements></scene>