<?xml version='1.0' encoding='utf-8'?>
<scene xmlns:sumo="https://www.sumochallenge.org"><version>2.0</version><categories><id>fb_categories_v1.0</id><url>https://sumochallenge.org/en/categories-1_0.json</url></categories><project_type>bounding_box</project_type><elements><element><id>6</id><category>desk</category><bounds><corner1>-0.6685297 , -0.58952382, -0.37876207</corner1><corner2>0.6685297 , 0.58952382, 0.37876207</corner2></bounds><pose><translation>-0.68416332, -1.20392146, -2.49481717</translation><rotation><c1>1., 0., 0.</c1><c2>0., 1., 0.</c2><c3>0., 0., 1.</c3></rotation></pose><symmetry><x>none</x><y>none</y><z>none</z></symmetry><detectionScore>-1</detectionScore></element><element><id>7</id><category>door</category><bounds><corner1>-1.09792013, -0.83788986, -1.73654249</corner1><corner2>1.09792013, 0.83788986, 1.73654249</corner2></bounds><pose><translation> 2.74640492, -0.23820198,  3.92491106</translation><rotation><c1>1., 0., 0.</c1><c2>0., 1., 0.</c2><c3>0., 0., 1.</c3></rotation></pose><symmetry><x>none</x><y>none</y><z>none</z></symmetry><detectionScore>-1</detectionScore></element><element><id>5</id><category>shelving</category><bounds><corner1>-0.74702009, -0.33450251, -0.18623907</corner1><corner2>0.74702009, 0.33450251, 0.18623907</corner2></bounds><pose><translation>-0.70550865,  0.5779577 , -2.81410996</translation><rotation><c1>1., 0., 0.</c1><c2>0., 1., 0.</c2><c3>0., 0., 1.</c3></rotation></pose><symmetry><x>none</x><y>none</y><z>none</z></symmetry><detectionScore>-1</detectionScore></element><element><id>3</id><category>television</category><bounds><corner1>-0.03889766, -0.36939498, -0.59914379</corner1><corner2>0.03889766, 0.36939498, 0.59914379</corner2></bounds><pose><translation>-2.14493865, -0.45431386, -1.23588128</translation><rotation><c1>1., 0., 0.</c1><c2>0., 1., 0.</c2><c3>0., 0., 1.</c3></rotation></pose><symmetry><x>none</x><y>none</y><z>none</z></symmetry><detectionScore>-1</detectionScore></element><element><id>4</id><category>wall</category><bounds><corner1>-2.45722998, -1.18014182, -0.36325265</corner1><corner2>2.45722998, 1.18014182, 0.36325265</corner2></bounds><pose><translation> 0.48091945, -0.09451302,  5.95671363</translation><rotation><c1>1., 0., 0.</c1><c2>0., 1., 0.</c2><c3>0., 0., 1.</c3></rotation></pose><symmetry><x>none</x><y>none</y><z>none</z></symmetry><detectionScore>-1</detectionScore></element><element><id>2</id><category>floor_lamp</category><bounds><corner1>-0.14532069, -0.67915322, -0.04425812</corner1><corner2>0.14532069, 0.67915322, 0.04425812</corner2></bounds><pose><translation> 1.01541671, -0.70378084, -2.545162  </translation><rotation><c1>1., 0., 0.</c1><c2>0., 1., 0.</c2><c3>0., 0., 1.</c3></rotation></pose><symmetry><x>none</x><y>none</y><z>none</z></symmetry><detectionScore>-1</detectionScore></element><element><id>1</id><category>shelving</category><bounds><corner1>-0.9289337 , -1.1642218 , -1.20923226</corner1><corner2>0.9289337 , 1.1642218 , 1.20923226</corner2></bounds><pose><translation>-2.21083895, -0.61843232,  5.02374848</translation><rotation><c1>1., 0., 0.</c1><c2>0., 1., 0.</c2><c3>0., 0., 1.</c3></rotation></pose><symmetry><x>none</x><y>none</y><z>none</z></symmetry><detectionScore>-1</detectionScore></element><element><id>8</id><category>plant</category><bounds><corner1>-0.39479152, -0.3442808 , -0.28103789</corner1><corner2>0.39479152, 0.3442808 , 0.28103789</corner2></bounds><pose><translation> 0.46749169, -1.25681862, -2.56009669</translation><rotation><c1>1., 0., 0.</c1><c2>0., 1., 0.</c2><c3>0., 0., 1.</c3></rotation></pose><symmetry><x>none</x><y>none</y><z>none</z></symmetry><detectionScore>-1</detectionScore></element></elements></scene>