<?xml version='1.0' encoding='utf-8'?>
<scene xmlns:sumo="https://www.sumochallenge.org"><version>2.0</version><categories><id>fb_categories_v1.0</id><url>https://sumochallenge.org/en/categories-1_0.json</url></categories><project_type>bounding_box</project_type><elements><element><id>6</id><category>loudspeaker</category><bounds><corner1>-0.18563046, -0.02157411, -0.21299005</corner1><corner2>0.18563046, 0.02157411, 0.21299005</corner2></bounds><pose><translation>-0.7457583 , -0.49562312, -1.20799579</translation><rotation><c1>1., 0., 0.</c1><c2>0., 1., 0.</c2><c3>0., 0., 1.</c3></rotation></pose><symmetry><x>none</x><y>none</y><z>none</z></symmetry><detectionScore>-1</detectionScore></element><element><id>7</id><category>curtain</category><bounds><corner1>-0.07228977, -1.32727511, -0.69786707</corner1><corner2>0.07228977, 1.32727511, 0.69786707</corner2></bounds><pose><translation> 1.16764018, -0.15065476,  2.22314079</translation><rotation><c1>1., 0., 0.</c1><c2>0., 1., 0.</c2><c3>0., 0., 1.</c3></rotation></pose><symmetry><x>none</x><y>none</y><z>none</z></symmetry><detectionScore>-1</detectionScore></element><element><id>5</id><category>shelving</category><bounds><corner1>-0.49513534, -0.79004607, -0.8394069 </corner1><corner2>0.49513534, 0.79004607, 0.8394069 </corner2></bounds><pose><translation>-3.68195304,  0.13191677,  1.28245052</translation><rotation><c1>1., 0., 0.</c1><c2>0., 1., 0.</c2><c3>0., 0., 1.</c3></rotation></pose><symmetry><x>none</x><y>none</y><z>none</z></symmetry><detectionScore>-1</detectionScore></element><element><id>3</id><category>loudspeaker</category><bounds><corner1>-0.15576495, -0.21664581, -0.035033  </corner1><corner2>0.15576495, 0.21664581, 0.035033  </corner2></bounds><pose><translation>-0.71326228, -0.69664007, -1.0170047 </translation><rotation><c1>1., 0., 0.</c1><c2>0., 1., 0.</c2><c3>0., 0., 1.</c3></rotation></pose><symmetry><x>none</x><y>none</y><z>none</z></symmetry><detectionScore>-1</detectionScore></element><element><id>4</id><category>shelving</category><bounds><corner1>-0.5430479 , -0.84124276, -0.60388387</corner1><corner2>0.5430479 , 0.84124276, 0.60388387</corner2></bounds><pose><translation>-3.72281375, -0.68506172, -0.27034996</translation><rotation><c1>1., 0., 0.</c1><c2>0., 1., 0.</c2><c3>0., 0., 1.</c3></rotation></pose><symmetry><x>none</x><y>none</y><z>none</z></symmetry><detectionScore>-1</detectionScore></element><element><id>2</id><category>wall</category><bounds><corner1>-0.74168149, -1.2672728 , -2.25696323</corner1><corner2>0.74168149, 1.2672728 , 2.25696323</corner2></bounds><pose><translation>-3.70364173, -0.15154083,  0.94422177</translation><rotation><c1>1., 0., 0.</c1><c2>0., 1., 0.</c2><c3>0., 0., 1.</c3></rotation></pose><symmetry><x>none</x><y>none</y><z>none</z></symmetry><detectionScore>-1</detectionScore></element><element><id>1</id><category>loudspeaker</category><bounds><corner1>-0.42585944, -0.38056571, -0.06366459</corner1><corner2>0.42585944, 0.38056571, 0.06366459</corner2></bounds><pose><translation>-2.07091307, -0.90031272, -1.05113008</translation><rotation><c1>1., 0., 0.</c1><c2>0., 1., 0.</c2><c3>0., 0., 1.</c3></rotation></pose><symmetry><x>none</x><y>none</y><z>none</z></symmetry><detectionScore>-1</detectionScore></element></elements></scene>