<?xml version='1.0' encoding='utf-8'?>
<scene xmlns:sumo="https://www.sumochallenge.org"><version>2.0</version><categories><id>fb_categories_v1.0</id><url>https://sumochallenge.org/en/categories-1_0.json</url></categories><project_type>bounding_box</project_type><elements><element><id>4</id><category>coffee_table</category><bounds><corner1>-0.37198806, -0.12390894, -0.69514968</corner1><corner2>0.37198806, 0.12390894, 0.69514968</corner2></bounds><pose><translation>-1.79596451, -1.00294764,  0.07639714</translation><rotation><c1>1., 0., 0.</c1><c2>0., 1., 0.</c2><c3>0., 0., 1.</c3></rotation></pose><symmetry><x>none</x><y>twoFold</y><z>none</z></symmetry><detectionScore>0.9329478</detectionScore></element><element><id>1</id><category>fireplace</category><bounds><corner1>-1.02598654, -1.3238768 , -0.24752511</corner1><corner2>1.02598654, 1.3238768 , 0.24752511</corner2></bounds><pose><translation>-1.4280215 , -0.14605709, -4.42489921</translation><rotation><c1>1., 0., 0.</c1><c2>0., 1., 0.</c2><c3>0., 0., 1.</c3></rotation></pose><symmetry><x>none</x><y>none</y><z>none</z></symmetry><detectionScore>0.99868625</detectionScore></element><element><id>5</id><category>dresser</category><bounds><corner1>-0.12635874, -0.41473411, -0.87224304</corner1><corner2>0.12635874, 0.41473411, 0.87224304</corner2></bounds><pose><translation>-2.64519318, -0.92346327, -1.66288721</translation><rotation><c1>1., 0., 0.</c1><c2>0., 1., 0.</c2><c3>0., 0., 1.</c3></rotation></pose><symmetry><x>none</x><y>none</y><z>none</z></symmetry><detectionScore>0.9688065</detectionScore></element><element><id>2</id><category>wall</category><bounds><corner1>-0.50554124, -0.73077664, -5.12684603</corner1><corner2>0.50554124, 0.73077664, 5.12684603</corner2></bounds><pose><translation> 0.09052485, -0.05295021,  1.75199231</translation><rotation><c1>1., 0., 0.</c1><c2>0., 1., 0.</c2><c3>0., 0., 1.</c3></rotation></pose><symmetry><x>none</x><y>twoFold</y><z>none</z></symmetry><detectionScore>0.6752525</detectionScore></element><element><id>7</id><category>sofa</category><bounds><corner1>-0.53211019, -0.39243246, -1.12980671</corner1><corner2>0.53211019, 0.39243246, 1.12980671</corner2></bounds><pose><translation>-2.06207542, -0.90274478,  0.62452427</translation><rotation><c1>1., 0., 0.</c1><c2>0., 1., 0.</c2><c3>0., 0., 1.</c3></rotation></pose><symmetry><x>none</x><y>none</y><z>none</z></symmetry><detectionScore>0.9005298</detectionScore></element><element><id>9</id><category>coffee_table</category><bounds><corner1>-0.17699216, -0.01543316, -0.69967731</corner1><corner2>0.17699216, 0.01543316, 0.69967731</corner2></bounds><pose><translation>-1.81595289, -0.89120792,  0.07298431</translation><rotation><c1>1., 0., 0.</c1><c2>0., 1., 0.</c2><c3>0., 0., 1.</c3></rotation></pose><symmetry><x>none</x><y>twoFold</y><z>none</z></symmetry><detectionScore>0.56160766</detectionScore></element><element><id>8</id><category>door</category><bounds><corner1>-0.74296139, -1.17860271, -4.721547  </corner1><corner2>0.74296139, 1.17860271, 4.721547  </corner2></bounds><pose><translation>-0.88131   , -0.30454662,  1.74999951</translation><rotation><c1>1., 0., 0.</c1><c2>0., 1., 0.</c2><c3>0., 0., 1.</c3></rotation></pose><symmetry><x>twoFold</x><y>twoFold</y><z>twoFold</z></symmetry><detectionScore>0.99819785</detectionScore></element><element><id>6</id><category>desk</category><bounds><corner1>-0.54530507, -0.47652252, -0.27186018</corner1><corner2>0.54530507, 0.47652252, 0.27186018</corner2></bounds><pose><translation> 1.17225327, -1.08624681, -3.47788338</translation><rotation><c1>1., 0., 0.</c1><c2>0., 1., 0.</c2><c3>0., 0., 1.</c3></rotation></pose><symmetry><x>none</x><y>none</y><z>none</z></symmetry><detectionScore>0.98761266</detectionScore></element></elements></scene>