<?xml version='1.0' encoding='utf-8'?>
<scene xmlns:sumo="https://www.sumochallenge.org"><version>2.0</version><categories><id>fb_categories_v1.0</id><url>https://sumochallenge.org/en/categories-1_0.json</url></categories><project_type>bounding_box</project_type><elements><element><id>5</id><category>window</category><bounds><corner1>-0.86095427, -0.79617458, -0.04711776</corner1><corner2>0.86095427, 0.79617458, 0.04711776</corner2></bounds><pose><translation>2.90914282, 0.06897352, 2.37180885</translation><rotation><c1>1., 0., 0.</c1><c2>0., 1., 0.</c2><c3>0., 0., 1.</c3></rotation></pose><symmetry><x>none</x><y>twoFold</y><z>none</z></symmetry><detectionScore>0.95669776</detectionScore></element><element><id>10</id><category>wall</category><bounds><corner1>-0.11300576, -1.26085138, -3.46019313</corner1><corner2>0.11300576, 1.26085138, 3.46019313</corner2></bounds><pose><translation> 5.95136556, -0.12294938, -1.49523963</translation><rotation><c1>1., 0., 0.</c1><c2>0., 1., 0.</c2><c3>0., 0., 1.</c3></rotation></pose><symmetry><x>none</x><y>twoFold</y><z>none</z></symmetry><detectionScore>0.7696216</detectionScore></element><element><id>11</id><category>door</category><bounds><corner1>-1.08626512, -0.98438527, -0.57825872</corner1><corner2>1.08626512, 0.98438527, 0.57825872</corner2></bounds><pose><translation> 0.2384409 , -0.16418732,  2.32485141</translation><rotation><c1>1., 0., 0.</c1><c2>0., 1., 0.</c2><c3>0., 0., 1.</c3></rotation></pose><symmetry><x>twoFold</x><y>twoFold</y><z>twoFold</z></symmetry><detectionScore>0.99775714</detectionScore></element><element><id>4</id><category>person</category><bounds><corner1>-0.37785363, -1.15288179, -0.57273789</corner1><corner2>0.37785363, 1.15288179, 0.57273789</corner2></bounds><pose><translation>-2.5169254 , -0.679149  ,  1.82124633</translation><rotation><c1>1., 0., 0.</c1><c2>0., 1., 0.</c2><c3>0., 0., 1.</c3></rotation></pose><symmetry><x>none</x><y>none</y><z>none</z></symmetry><detectionScore>0.9865789</detectionScore></element><element><id>6</id><category>wall</category><bounds><corner1>-4.42528895, -1.20537273, -0.33597604</corner1><corner2>4.42528895, 1.20537273, 0.33597604</corner2></bounds><pose><translation> 1.46875634, -0.07131086, -6.66417616</translation><rotation><c1>1., 0., 0.</c1><c2>0., 1., 0.</c2><c3>0., 0., 1.</c3></rotation></pose><symmetry><x>none</x><y>twoFold</y><z>none</z></symmetry><detectionScore>0.8728739</detectionScore></element><element><id>3</id><category>door</category><bounds><corner1>-0.11233076, -1.11710546, -1.1735686 </corner1><corner2>0.11233076, 1.11710546, 1.1735686 </corner2></bounds><pose><translation>-3.95158546, -0.51969296, -3.61971998</translation><rotation><c1>1., 0., 0.</c1><c2>0., 1., 0.</c2><c3>0., 0., 1.</c3></rotation></pose><symmetry><x>twoFold</x><y>twoFold</y><z>twoFold</z></symmetry><detectionScore>0.9072775</detectionScore></element><element><id>12</id><category>sofa</category><bounds><corner1>-2.01114786, -0.3738475 , -0.42184094</corner1><corner2>2.01114786, 0.3738475 , 0.42184094</corner2></bounds><pose><translation> 3.5242435 , -0.99802807,  1.90604576</translation><rotation><c1>1., 0., 0.</c1><c2>0., 1., 0.</c2><c3>0., 0., 1.</c3></rotation></pose><symmetry><x>none</x><y>none</y><z>none</z></symmetry><detectionScore>0.9123744</detectionScore></element><element><id>2</id><category>door</category><bounds><corner1>-0.25771858, -1.06057647, -0.37890767</corner1><corner2>0.25771858, 1.06057647, 0.37890767</corner2></bounds><pose><translation>-4.08455386, -0.43465487,  1.61503415</translation><rotation><c1>1., 0., 0.</c1><c2>0., 1., 0.</c2><c3>0., 0., 1.</c3></rotation></pose><symmetry><x>twoFold</x><y>twoFold</y><z>twoFold</z></symmetry><detectionScore>0.9961569</detectionScore></element><element><id>1</id><category>person</category><bounds><corner1>-0.62744851, -0.9837558 , -1.38391058</corner1><corner2>0.62744851, 0.9837558 , 1.38391058</corner2></bounds><pose><translation> 0.19469459, -0.63212995,  1.68995532</translation><rotation><c1>1., 0., 0.</c1><c2>0., 1., 0.</c2><c3>0., 0., 1.</c3></rotation></pose><symmetry><x>none</x><y>none</y><z>none</z></symmetry><detectionScore>0.991072</detectionScore></element><element><id>13</id><category>door</category><bounds><corner1>-0.08435031, -1.04144486, -0.61226875</corner1><corner2>0.08435031, 1.04144486, 0.61226875</corner2></bounds><pose><translation>-3.93567765, -0.33404947, -5.14331135</translation><rotation><c1>1., 0., 0.</c1><c2>0., 1., 0.</c2><c3>0., 0., 1.</c3></rotation></pose><symmetry><x>twoFold</x><y>twoFold</y><z>twoFold</z></symmetry><detectionScore>0.94810927</detectionScore></element><element><id>9</id><category>door</category><bounds><corner1>-1.09944626, -1.26211021, -0.5379553 </corner1><corner2>1.09944626, 1.26211021, 0.5379553 </corner2></bounds><pose><translation>-0.63567341, -0.08463867, -6.65304783</translation><rotation><c1>1., 0., 0.</c1><c2>0., 1., 0.</c2><c3>0., 0., 1.</c3></rotation></pose><symmetry><x>twoFold</x><y>twoFold</y><z>twoFold</z></symmetry><detectionScore>0.51067</detectionScore></element><element><id>8</id><category>window</category><bounds><corner1>-0.10579627, -1.03222706, -1.32702711</corner1><corner2>0.10579627, 1.03222706, 1.32702711</corner2></bounds><pose><translation> 5.98929825, -0.05304365, -2.23958123</translation><rotation><c1>1., 0., 0.</c1><c2>0., 1., 0.</c2><c3>0., 0., 1.</c3></rotation></pose><symmetry><x>none</x><y>twoFold</y><z>none</z></symmetry><detectionScore>0.9991179</detectionScore></element><element><id>7</id><category>sofa</category><bounds><corner1>-2.31280745, -0.45787633, -0.68500974</corner1><corner2>2.31280745, 0.45787633, 0.68500974</corner2></bounds><pose><translation> 3.63935518, -1.04022534, -0.66762239</translation><rotation><c1>1., 0., 0.</c1><c2>0., 1., 0.</c2><c3>0., 0., 1.</c3></rotation></pose><symmetry><x>none</x><y>none</y><z>none</z></symmetry><detectionScore>0.71922386</detectionScore></element><element><id>14</id><category>window</category><bounds><corner1>-1.3940081 , -1.13074826, -0.11915297</corner1><corner2>1.3940081 , 1.13074826, 0.11915297</corner2></bounds><pose><translation> 2.80110911, -0.12477928, -6.74196301</translation><rotation><c1>1., 0., 0.</c1><c2>0., 1., 0.</c2><c3>0., 0., 1.</c3></rotation></pose><symmetry><x>none</x><y>twoFold</y><z>none</z></symmetry><detectionScore>0.996406</detectionScore></element></elements></scene>