<?xml version='1.0' encoding='utf-8'?>
<scene xmlns:sumo="https://www.sumochallenge.org"><version>2.0</version><categories><id>fb_categories_v1.0</id><url>https://sumochallenge.org/en/categories-1_0.json</url></categories><project_type>bounding_box</project_type><elements><element><id>25</id><category>window</category><bounds><corner1>-0.06731537, -0.40963556, -4.7355751 </corner1><corner2> 3.70728309,  0.82531119, -4.40965448</corner2></bounds><pose><translation>0., 0., 0.</translation><rotation><c1>1., 0., 0.</c1><c2>0., 1., 0.</c2><c3>0., 0., 1.</c3></rotation></pose><symmetry><x>none</x><y>none</y><z>none</z></symmetry><detectionScore>-1</detectionScore></element><element><id>24</id><category>armchair</category><bounds><corner1> 1.22895575, -1.04937892,  0.62213019</corner1><corner2> 5.48649621, -0.50332121,  3.23032322</corner2></bounds><pose><translation>0., 0., 0.</translation><rotation><c1>1., 0., 0.</c1><c2>0., 1., 0.</c2><c3>0., 0., 1.</c3></rotation></pose><symmetry><x>none</x><y>none</y><z>none</z></symmetry><detectionScore>-1</detectionScore></element><element><id>19</id><category>picture_frame</category><bounds><corner1> 1.67094038, -0.48507099, -0.90663745</corner1><corner2> 4.66710012,  0.87509144, -0.6516046 </corner2></bounds><pose><translation>0., 0., 0.</translation><rotation><c1>1., 0., 0.</c1><c2>0., 1., 0.</c2><c3>0., 0., 1.</c3></rotation></pose><symmetry><x>none</x><y>none</y><z>none</z></symmetry><detectionScore>-1</detectionScore></element><element><id>17</id><category>chair</category><bounds><corner1>-6.04213946, -1.47452837,  0.02684377</corner1><corner2>-1.86990666, -0.66636594,  2.37399243</corner2></bounds><pose><translation>0., 0., 0.</translation><rotation><c1>1., 0., 0.</c1><c2>0., 1., 0.</c2><c3>0., 0., 1.</c3></rotation></pose><symmetry><x>none</x><y>none</y><z>none</z></symmetry><detectionScore>-1</detectionScore></element><element><id>12</id><category>armchair</category><bounds><corner1> 0.52321915, -1.46976771,  0.86602241</corner1><corner2> 2.07034844, -0.39097374,  3.37307228</corner2></bounds><pose><translation>0., 0., 0.</translation><rotation><c1>1., 0., 0.</c1><c2>0., 1., 0.</c2><c3>0., 0., 1.</c3></rotation></pose><symmetry><x>none</x><y>none</y><z>none</z></symmetry><detectionScore>-1</detectionScore></element><element><id>36</id><category>floor_lamp</category><bounds><corner1>-5.20273544, -1.3477641 ,  2.27797703</corner1><corner2>-1.99014801e+00, -5.09195256e-03,  5.34880213e+00</corner2></bounds><pose><translation>0., 0., 0.</translation><rotation><c1>1., 0., 0.</c1><c2>0., 1., 0.</c2><c3>0., 0., 1.</c3></rotation></pose><symmetry><x>none</x><y>none</y><z>none</z></symmetry><detectionScore>-1</detectionScore></element><element><id>44</id><category>wall</category><bounds><corner1> 2.07108159, -1.28402969, -0.66711576</corner1><corner2>5.57441606, 1.17962057, 3.04983388</corner2></bounds><pose><translation>0., 0., 0.</translation><rotation><c1>1., 0., 0.</c1><c2>0., 1., 0.</c2><c3>0., 0., 1.</c3></rotation></pose><symmetry><x>none</x><y>none</y><z>none</z></symmetry><detectionScore>-1</detectionScore></element><element><id>7</id><category>floor_lamp</category><bounds><corner1> 1.69003294, -1.0540804 ,  1.10535781</corner1><corner2>5.4034222 , 0.04287323, 3.37279597</corner2></bounds><pose><translation>0., 0., 0.</translation><rotation><c1>1., 0., 0.</c1><c2>0., 1., 0.</c2><c3>0., 0., 1.</c3></rotation></pose><symmetry><x>none</x><y>none</y><z>none</z></symmetry><detectionScore>-1</detectionScore></element><element><id>45</id><category>kitchen_cabinet</category><bounds><corner1> 0.11913845, -1.45286816, -4.55751737</corner1><corner2> 1.89958802, -0.427844  , -2.44003619</corner2></bounds><pose><translation>0., 0., 0.</translation><rotation><c1>1., 0., 0.</c1><c2>0., 1., 0.</c2><c3>0., 0., 1.</c3></rotation></pose><symmetry><x>none</x><y>none</y><z>none</z></symmetry><detectionScore>-1</detectionScore></element><element><id>10</id><category>rug</category><bounds><corner1>-5.14054214, -1.47395578, -0.19321917</corner1><corner2>-1.82104031, -0.6972183 ,  4.01179033</corner2></bounds><pose><translation>0., 0., 0.</translation><rotation><c1>1., 0., 0.</c1><c2>0., 1., 0.</c2><c3>0., 0., 1.</c3></rotation></pose><symmetry><x>none</x><y>none</y><z>none</z></symmetry><detectionScore>-1</detectionScore></element><element><id>43</id><category>desk</category><bounds><corner1> 1.0060143 , -1.06696604, -4.01312452</corner1><corner2> 4.61068632, -0.10725051, -0.6686508 </corner2></bounds><pose><translation>0., 0., 0.</translation><rotation><c1>1., 0., 0.</c1><c2>0., 1., 0.</c2><c3>0., 0., 1.</c3></rotation></pose><symmetry><x>none</x><y>none</y><z>none</z></symmetry><detectionScore>-1</detectionScore></element><element><id>26</id><category>armchair</category><bounds><corner1> 1.00597973, -1.45866146, -2.01223973</corner1><corner2> 2.50814796, -0.34215912, -0.66849382</corner2></bounds><pose><translation>0., 0., 0.</translation><rotation><c1>1., 0., 0.</c1><c2>0., 1., 0.</c2><c3>0., 0., 1.</c3></rotation></pose><symmetry><x>none</x><y>none</y><z>none</z></symmetry><detectionScore>-1</detectionScore></element><element><id>41</id><category>wall</category><bounds><corner1>-0.82702299, -1.22601191, -4.70658034</corner1><corner2> 4.04862535,  1.19132261, -1.59692316</corner2></bounds><pose><translation>0., 0., 0.</translation><rotation><c1>1., 0., 0.</c1><c2>0., 1., 0.</c2><c3>0., 0., 1.</c3></rotation></pose><symmetry><x>none</x><y>none</y><z>none</z></symmetry><detectionScore>-1</detectionScore></element><element><id>2</id><category>range_oven</category><bounds><corner1>-0.77652611, -1.45085141, -4.55220836</corner1><corner2> 0.27159108, -0.45764923, -3.82715499</corner2></bounds><pose><translation>0., 0., 0.</translation><rotation><c1>1., 0., 0.</c1><c2>0., 1., 0.</c2><c3>0., 0., 1.</c3></rotation></pose><symmetry><x>none</x><y>none</y><z>none</z></symmetry><detectionScore>-1</detectionScore></element><element><id>40</id><category>wall</category><bounds><corner1>-11.81643694,  -1.43352093,  -1.36605612</corner1><corner2>-2.36866206,  1.19291875, -0.34843186</corner2></bounds><pose><translation>0., 0., 0.</translation><rotation><c1>1., 0., 0.</c1><c2>0., 1., 0.</c2><c3>0., 0., 1.</c3></rotation></pose><symmetry><x>none</x><y>none</y><z>none</z></symmetry><detectionScore>-1</detectionScore></element><element><id>38</id><category>chair</category><bounds><corner1> 1.32101034, -1.44290881,  0.14754658</corner1><corner2> 3.67288203, -0.49878247,  0.89413799</corner2></bounds><pose><translation>0., 0., 0.</translation><rotation><c1>1., 0., 0.</c1><c2>0., 1., 0.</c2><c3>0., 0., 1.</c3></rotation></pose><symmetry><x>none</x><y>none</y><z>none</z></symmetry><detectionScore>-1</detectionScore></element><element><id>48</id><category>trash_can</category><bounds><corner1>-0.80883459, -1.42736906, -4.55520064</corner1><corner2> 0.27160299, -0.43778967, -3.82721542</corner2></bounds><pose><translation>0., 0., 0.</translation><rotation><c1>1., 0., 0.</c1><c2>0., 1., 0.</c2><c3>0., 0., 1.</c3></rotation></pose><symmetry><x>none</x><y>none</y><z>none</z></symmetry><detectionScore>-1</detectionScore></element><element><id>31</id><category>window</category><bounds><corner1> 1.00402935, -0.49195109, -3.97897688</corner1><corner2> 4.67334986,  0.60842631, -0.66973544</corner2></bounds><pose><translation>0., 0., 0.</translation><rotation><c1>1., 0., 0.</c1><c2>0., 1., 0.</c2><c3>0., 0., 1.</c3></rotation></pose><symmetry><x>none</x><y>none</y><z>none</z></symmetry><detectionScore>-1</detectionScore></element><element><id>50</id><category>door</category><bounds><corner1>-4.04070524, -1.44431636,  5.15777967</corner1><corner2>-2.52508095,  0.74693662,  5.38576718</corner2></bounds><pose><translation>0., 0., 0.</translation><rotation><c1>1., 0., 0.</c1><c2>0., 1., 0.</c2><c3>0., 0., 1.</c3></rotation></pose><symmetry><x>none</x><y>none</y><z>none</z></symmetry><detectionScore>-1</detectionScore></element><element><id>1</id><category>kitchen_cabinet</category><bounds><corner1> 1.12904347, -0.7105429 , -4.56802114</corner1><corner2> 4.17838436, -0.2912834 , -1.63693889</corner2></bounds><pose><translation>0., 0., 0.</translation><rotation><c1>1., 0., 0.</c1><c2>0., 1., 0.</c2><c3>0., 0., 1.</c3></rotation></pose><symmetry><x>none</x><y>none</y><z>none</z></symmetry><detectionScore>-1</detectionScore></element><element><id>27</id><category>chair</category><bounds><corner1> 1.32796414, -1.46721944, -0.04768298</corner1><corner2> 5.55377646, -0.46552513,  0.94890184</corner2></bounds><pose><translation>0., 0., 0.</translation><rotation><c1>1., 0., 0.</c1><c2>0., 1., 0.</c2><c3>0., 0., 1.</c3></rotation></pose><symmetry><x>none</x><y>none</y><z>none</z></symmetry><detectionScore>-1</detectionScore></element><element><id>46</id><category>wall</category><bounds><corner1>-4.92849287, -1.46975974, -0.73005552</corner1><corner2>-1.47805611,  1.20635673, -0.26141514</corner2></bounds><pose><translation>0., 0., 0.</translation><rotation><c1>1., 0., 0.</c1><c2>0., 1., 0.</c2><c3>0., 0., 1.</c3></rotation></pose><symmetry><x>none</x><y>none</y><z>none</z></symmetry><detectionScore>-1</detectionScore></element><element><id>51</id><category>wall</category><bounds><corner1> 1.00796887, -0.72701605, -4.27810744</corner1><corner2> 4.67987312,  1.0706645 , -0.66779198</corner2></bounds><pose><translation>0., 0., 0.</translation><rotation><c1>1., 0., 0.</c1><c2>0., 1., 0.</c2><c3>0., 0., 1.</c3></rotation></pose><symmetry><x>none</x><y>none</y><z>none</z></symmetry><detectionScore>-1</detectionScore></element><element><id>47</id><category>kitchen_cabinet</category><bounds><corner1> 1.00600163, -1.06858582, -4.04220562</corner1><corner2> 4.6265791 , -0.09421291, -0.66873925</corner2></bounds><pose><translation>0., 0., 0.</translation><rotation><c1>1., 0., 0.</c1><c2>0., 1., 0.</c2><c3>0., 0., 1.</c3></rotation></pose><symmetry><x>none</x><y>none</y><z>none</z></symmetry><detectionScore>-1</detectionScore></element><element><id>18</id><category>ceiling</category><bounds><corner1>-7.88716897,  0.59073201,  2.7845238 </corner1><corner2>-6.25386561,  1.20797438,  3.7316175 </corner2></bounds><pose><translation>0., 0., 0.</translation><rotation><c1>1., 0., 0.</c1><c2>0., 1., 0.</c2><c3>0., 0., 1.</c3></rotation></pose><symmetry><x>none</x><y>none</y><z>none</z></symmetry><detectionScore>-1</detectionScore></element><element><id>21</id><category>armchair</category><bounds><corner1>-7.42121425, -1.47422736,  0.04947371</corner1><corner2>-1.84402276, -0.66824793,  2.7315618 </corner2></bounds><pose><translation>0., 0., 0.</translation><rotation><c1>1., 0., 0.</c1><c2>0., 1., 0.</c2><c3>0., 0., 1.</c3></rotation></pose><symmetry><x>none</x><y>none</y><z>none</z></symmetry><detectionScore>-1</detectionScore></element><element><id>9</id><category>sofa</category><bounds><corner1>-11.16689594,  -1.47290159,   0.25537039</corner1><corner2>-2.222018  , -0.60180139,  3.35278337</corner2></bounds><pose><translation>0., 0., 0.</translation><rotation><c1>1., 0., 0.</c1><c2>0., 1., 0.</c2><c3>0., 0., 1.</c3></rotation></pose><symmetry><x>none</x><y>none</y><z>none</z></symmetry><detectionScore>-1</detectionScore></element><element><id>32</id><category>chair</category><bounds><corner1> 1.17298758, -1.04732578,  0.61145219</corner1><corner2> 5.48259394, -0.50683807,  3.26462199</corner2></bounds><pose><translation>0., 0., 0.</translation><rotation><c1>1., 0., 0.</c1><c2>0., 1., 0.</c2><c3>0., 0., 1.</c3></rotation></pose><symmetry><x>none</x><y>none</y><z>none</z></symmetry><detectionScore>-1</detectionScore></element><element><id>6</id><category>table_lamp</category><bounds><corner1> 1.35520528, -0.75962696,  1.86290536</corner1><corner2>2.63923793, 0.00969515, 3.37801768</corner2></bounds><pose><translation>0., 0., 0.</translation><rotation><c1>1., 0., 0.</c1><c2>0., 1., 0.</c2><c3>0., 0., 1.</c3></rotation></pose><symmetry><x>none</x><y>none</y><z>none</z></symmetry><detectionScore>-1</detectionScore></element><element><id>35</id><category>chair</category><bounds><corner1> 0.52251996, -1.47152315,  0.8999904 </corner1><corner2> 1.95032625, -0.39048637,  3.37028385</corner2></bounds><pose><translation>0., 0., 0.</translation><rotation><c1>1., 0., 0.</c1><c2>0., 1., 0.</c2><c3>0., 0., 1.</c3></rotation></pose><symmetry><x>none</x><y>none</y><z>none</z></symmetry><detectionScore>-1</detectionScore></element><element><id>8</id><category>chandelier</category><bounds><corner1>1.92422161, 0.12579985, 0.66705167</corner1><corner2>5.54957186, 1.21118394, 3.35838616</corner2></bounds><pose><translation>0., 0., 0.</translation><rotation><c1>1., 0., 0.</c1><c2>0., 1., 0.</c2><c3>0., 0., 1.</c3></rotation></pose><symmetry><x>none</x><y>none</y><z>none</z></symmetry><detectionScore>-1</detectionScore></element><element><id>16</id><category>wall</category><bounds><corner1>-11.91830978,  -1.22112147,  -0.68963532</corner1><corner2>-6.1951454 ,  1.19974689,  3.24835874</corner2></bounds><pose><translation>0., 0., 0.</translation><rotation><c1>1., 0., 0.</c1><c2>0., 1., 0.</c2><c3>0., 0., 1.</c3></rotation></pose><symmetry><x>none</x><y>none</y><z>none</z></symmetry><detectionScore>-1</detectionScore></element><element><id>33</id><category>dresser</category><bounds><corner1>-2.12874705, -1.46332546,  4.68861104</corner1><corner2> 0.46704783, -0.64055794,  5.28577913</corner2></bounds><pose><translation>0., 0., 0.</translation><rotation><c1>1., 0., 0.</c1><c2>0., 1., 0.</c2><c3>0., 0., 1.</c3></rotation></pose><symmetry><x>none</x><y>none</y><z>none</z></symmetry><detectionScore>-1</detectionScore></element><element><id>22</id><category>wall</category><bounds><corner1>-7.27577428, -1.4077417 ,  2.26029478</corner1><corner2>-4.10117808,  1.09927562,  5.30454082</corner2></bounds><pose><translation>0., 0., 0.</translation><rotation><c1>1., 0., 0.</c1><c2>0., 1., 0.</c2><c3>0., 0., 1.</c3></rotation></pose><symmetry><x>none</x><y>none</y><z>none</z></symmetry><detectionScore>-1</detectionScore></element><element><id>23</id><category>door</category><bounds><corner1>-3.26294421, -1.45324856, -0.72828275</corner1><corner2>-0.85201881,  0.98469039, -0.52114037</corner2></bounds><pose><translation>0., 0., 0.</translation><rotation><c1>1., 0., 0.</c1><c2>0., 1., 0.</c2><c3>0., 0., 1.</c3></rotation></pose><symmetry><x>none</x><y>none</y><z>none</z></symmetry><detectionScore>-1</detectionScore></element><element><id>11</id><category>door</category><bounds><corner1>-7.2866528 , -1.45057593,  2.36785745</corner1><corner2>-4.04301329,  0.77151826,  5.11154202</corner2></bounds><pose><translation>0., 0., 0.</translation><rotation><c1>1., 0., 0.</c1><c2>0., 1., 0.</c2><c3>0., 0., 1.</c3></rotation></pose><symmetry><x>none</x><y>none</y><z>none</z></symmetry><detectionScore>-1</detectionScore></element><element><id>20</id><category>kitchen_cabinet</category><bounds><corner1>-0.82029987, -1.45019418, -4.56814538</corner1><corner2> 0.2428965 , -0.35272512, -3.82778011</corner2></bounds><pose><translation>0., 0., 0.</translation><rotation><c1>1., 0., 0.</c1><c2>0., 1., 0.</c2><c3>0., 0., 1.</c3></rotation></pose><symmetry><x>none</x><y>none</y><z>none</z></symmetry><detectionScore>-1</detectionScore></element><element><id>14</id><category>floor_lamp</category><bounds><corner1> 1.11253527, -1.09581187,  1.68399462</corner1><corner2> 2.60269677, -0.00857039,  3.3749959 </corner2></bounds><pose><translation>0., 0., 0.</translation><rotation><c1>1., 0., 0.</c1><c2>0., 1., 0.</c2><c3>0., 0., 1.</c3></rotation></pose><symmetry><x>none</x><y>none</y><z>none</z></symmetry><detectionScore>-1</detectionScore></element><element><id>34</id><category>door</category><bounds><corner1> 0.74623426, -1.45010519,  2.86200524</corner1><corner2>1.35249854, 0.82796385, 4.99551954</corner2></bounds><pose><translation>0., 0., 0.</translation><rotation><c1>1., 0., 0.</c1><c2>0., 1., 0.</c2><c3>0., 0., 1.</c3></rotation></pose><symmetry><x>none</x><y>none</y><z>none</z></symmetry><detectionScore>-1</detectionScore></element><element><id>39</id><category>wall</category><bounds><corner1>-7.41568988, -1.38123827,  2.09563701</corner1><corner2>-4.22968289,  1.02259202,  3.89960036</corner2></bounds><pose><translation>0., 0., 0.</translation><rotation><c1>1., 0., 0.</c1><c2>0., 1., 0.</c2><c3>0., 0., 1.</c3></rotation></pose><symmetry><x>none</x><y>none</y><z>none</z></symmetry><detectionScore>-1</detectionScore></element><element><id>49</id><category>armchair</category><bounds><corner1>-7.64437493, -1.47360455,  1.47193076</corner1><corner2>-3.46165007, -0.66992453,  4.87902848</corner2></bounds><pose><translation>0., 0., 0.</translation><rotation><c1>1., 0., 0.</c1><c2>0., 1., 0.</c2><c3>0., 0., 1.</c3></rotation></pose><symmetry><x>none</x><y>none</y><z>none</z></symmetry><detectionScore>-1</detectionScore></element><element><id>5</id><category>person</category><bounds><corner1>-11.75294249,  -1.47144491,   0.41701436</corner1><corner2>-2.15798015, -0.08818942,  3.35523743</corner2></bounds><pose><translation>0., 0., 0.</translation><rotation><c1>1., 0., 0.</c1><c2>0., 1., 0.</c2><c3>0., 0., 1.</c3></rotation></pose><symmetry><x>none</x><y>none</y><z>none</z></symmetry><detectionScore>-1</detectionScore></element><element><id>37</id><category>wall</category><bounds><corner1> 1.42899454, -1.33917227, -0.89830836</corner1><corner2> 4.68367611,  0.90134064, -0.65474126</corner2></bounds><pose><translation>0., 0., 0.</translation><rotation><c1>1., 0., 0.</c1><c2>0., 1., 0.</c2><c3>0., 0., 1.</c3></rotation></pose><symmetry><x>none</x><y>none</y><z>none</z></symmetry><detectionScore>-1</detectionScore></element><element><id>29</id><category>door</category><bounds><corner1> 2.02708745, -1.45433633, -0.59309721</corner1><corner2>5.59071266, 0.87991686, 0.9208261 </corner2></bounds><pose><translation>0., 0., 0.</translation><rotation><c1>1., 0., 0.</c1><c2>0., 1., 0.</c2><c3>0., 0., 1.</c3></rotation></pose><symmetry><x>none</x><y>none</y><z>none</z></symmetry><detectionScore>-1</detectionScore></element><element><id>30</id><category>chair</category><bounds><corner1> 0.99902669, -1.44854794,  0.1494712 </corner1><corner2> 4.87855704, -0.47977558,  1.33365416</corner2></bounds><pose><translation>0., 0., 0.</translation><rotation><c1>1., 0., 0.</c1><c2>0., 1., 0.</c2><c3>0., 0., 1.</c3></rotation></pose><symmetry><x>none</x><y>none</y><z>none</z></symmetry><detectionScore>-1</detectionScore></element><element><id>15</id><category>wall</category><bounds><corner1> 0.53762963, -1.36000424,  1.01199847</corner1><corner2>2.56815439, 1.18946593, 3.3799983 </corner2></bounds><pose><translation>0., 0., 0.</translation><rotation><c1>1., 0., 0.</c1><c2>0., 1., 0.</c2><c3>0., 0., 1.</c3></rotation></pose><symmetry><x>none</x><y>none</y><z>none</z></symmetry><detectionScore>-1</detectionScore></element><element><id>4</id><category>wall</category><bounds><corner1>-11.74036022,  -1.45203169,   1.77429549</corner1><corner2>-6.06233757,  1.20105078,  3.38397145</corner2></bounds><pose><translation>0., 0., 0.</translation><rotation><c1>1., 0., 0.</c1><c2>0., 1., 0.</c2><c3>0., 0., 1.</c3></rotation></pose><symmetry><x>none</x><y>none</y><z>none</z></symmetry><detectionScore>-1</detectionScore></element><element><id>42</id><category>door</category><bounds><corner1>-4.46308143, -1.45302756, -0.73130604</corner1><corner2>-1.59501673,  0.83695744, -0.56700777</corner2></bounds><pose><translation>0., 0., 0.</translation><rotation><c1>1., 0., 0.</c1><c2>0., 1., 0.</c2><c3>0., 0., 1.</c3></rotation></pose><symmetry><x>none</x><y>none</y><z>none</z></symmetry><detectionScore>-1</detectionScore></element><element><id>28</id><category>chair</category><bounds><corner1> 1.00600258, -1.46424905, -2.00455466</corner1><corner2> 2.44383702, -0.37848217, -0.66830089</corner2></bounds><pose><translation>0., 0., 0.</translation><rotation><c1>1., 0., 0.</c1><c2>0., 1., 0.</c2><c3>0., 0., 1.</c3></rotation></pose><symmetry><x>none</x><y>none</y><z>none</z></symmetry><detectionScore>-1</detectionScore></element><element><id>3</id><category>wall</category><bounds><corner1>-3.69831716, -1.39057835,  4.70581926</corner1><corner2>0.84390285, 1.18221434, 5.3624837 </corner2></bounds><pose><translation>0., 0., 0.</translation><rotation><c1>1., 0., 0.</c1><c2>0., 1., 0.</c2><c3>0., 0., 1.</c3></rotation></pose><symmetry><x>none</x><y>none</y><z>none</z></symmetry><detectionScore>-1</detectionScore></element><element><id>13</id><category>chair</category><bounds><corner1>-7.39463889, -1.47380906,  0.88360028</corner1><corner2>-2.25298316, -0.68742315,  4.91936211</corner2></bounds><pose><translation>0., 0., 0.</translation><rotation><c1>1., 0., 0.</c1><c2>0., 1., 0.</c2><c3>0., 0., 1.</c3></rotation></pose><symmetry><x>none</x><y>none</y><z>none</z></symmetry><detectionScore>-1</detectionScore></element></elements></scene>