<?xml version='1.0' encoding='utf-8'?>
<scene xmlns:sumo="https://www.sumochallenge.org"><version>2.0</version><categories><id>fb_categories_v1.0</id><url>https://sumochallenge.org/en/categories-1_0.json</url></categories><project_type>bounding_box</project_type><elements><element><id>7</id><category>refrigerator</category><bounds><corner1>-1.66579674, -0.87465182, -1.19641742</corner1><corner2>1.66579674, 0.87465182, 1.19641742</corner2></bounds><pose><translation>-3.49584472, -0.63835418, -2.25523348</translation><rotation><c1>1., 0., 0.</c1><c2>0., 1., 0.</c2><c3>0., 0., 1.</c3></rotation></pose><symmetry><x>none</x><y>none</y><z>none</z></symmetry><detectionScore>-1</detectionScore></element><element><id>9</id><category>door</category><bounds><corner1>-0.59006959, -1.18637519, -0.52405712</corner1><corner2>0.59006959, 1.18637519, 0.52405712</corner2></bounds><pose><translation> 0.56289173, -0.45516305, -2.94320615</translation><rotation><c1>1., 0., 0.</c1><c2>0., 1., 0.</c2><c3>0., 0., 1.</c3></rotation></pose><symmetry><x>none</x><y>none</y><z>none</z></symmetry><detectionScore>-1</detectionScore></element><element><id>5</id><category>window</category><bounds><corner1>-0.09357629, -0.70360763, -0.12498158</corner1><corner2>0.09357629, 0.70360763, 0.12498158</corner2></bounds><pose><translation>-2.94778037,  0.03747856,  1.59336069</translation><rotation><c1>1., 0., 0.</c1><c2>0., 1., 0.</c2><c3>0., 0., 1.</c3></rotation></pose><symmetry><x>none</x><y>none</y><z>none</z></symmetry><detectionScore>-1</detectionScore></element><element><id>4</id><category>door</category><bounds><corner1>-0.63047098, -0.41095509, -0.74192816</corner1><corner2>0.63047098, 0.41095509, 0.74192816</corner2></bounds><pose><translation>0.       , 0.       , 1.6149623</translation><rotation><c1>1., 0., 0.</c1><c2>0., 1., 0.</c2><c3>0., 0., 1.</c3></rotation></pose><symmetry><x>none</x><y>none</y><z>none</z></symmetry><detectionScore>-1</detectionScore></element><element><id>11</id><category>wall</category><bounds><corner1>-1.76375237, -1.18429711, -1.72849254</corner1><corner2>1.76375237, 1.18429711, 1.72849254</corner2></bounds><pose><translation>-3.61978229, -0.17074978, -0.51200405</translation><rotation><c1>1., 0., 0.</c1><c2>0., 1., 0.</c2><c3>0., 0., 1.</c3></rotation></pose><symmetry><x>none</x><y>none</y><z>none</z></symmetry><detectionScore>-1</detectionScore></element><element><id>10</id><category>kitchen_cabinet</category><bounds><corner1>-0.49702796, -1.57376194, -0.81999309</corner1><corner2>0.49702796, 1.57376194, 0.81999309</corner2></bounds><pose><translation>-2.1010839 , -0.3738442 , -0.61516234</translation><rotation><c1>1., 0., 0.</c1><c2>0., 1., 0.</c2><c3>0., 0., 1.</c3></rotation></pose><symmetry><x>none</x><y>none</y><z>none</z></symmetry><detectionScore>-1</detectionScore></element><element><id>6</id><category>column</category><bounds><corner1>-1.11983527, -1.17839493, -0.02692839</corner1><corner2>1.11983527, 1.17839493, 0.02692839</corner2></bounds><pose><translation> 0.94588991,  0.00674305, -1.38195339</translation><rotation><c1>1., 0., 0.</c1><c2>0., 1., 0.</c2><c3>0., 0., 1.</c3></rotation></pose><symmetry><x>none</x><y>none</y><z>none</z></symmetry><detectionScore>-1</detectionScore></element><element><id>3</id><category>window</category><bounds><corner1>-1.12502504, -0.87348015, -0.03703544</corner1><corner2>1.12502504, 0.87348015, 0.03703544</corner2></bounds><pose><translation>2.90279819, 0.31959799, 1.69784666</translation><rotation><c1>1., 0., 0.</c1><c2>0., 1., 0.</c2><c3>0., 0., 1.</c3></rotation></pose><symmetry><x>none</x><y>none</y><z>none</z></symmetry><detectionScore>-1</detectionScore></element><element><id>2</id><category>kitchen_cabinet</category><bounds><corner1>-0.41200613, -0.2932067 , -0.63789438</corner1><corner2>0.41200613, 0.2932067 , 0.63789438</corner2></bounds><pose><translation>-1.73000993, -0.86637617,  1.05716239</translation><rotation><c1>1., 0., 0.</c1><c2>0., 1., 0.</c2><c3>0., 0., 1.</c3></rotation></pose><symmetry><x>none</x><y>none</y><z>none</z></symmetry><detectionScore>-1</detectionScore></element><element><id>12</id><category>wall</category><bounds><corner1>-0.09566149, -1.20230327, -2.83302474</corner1><corner2>0.09566149, 1.20230327, 2.83302474</corner2></bounds><pose><translation> 5.86908775, -0.06306316, -1.19852152</translation><rotation><c1>1., 0., 0.</c1><c2>0., 1., 0.</c2><c3>0., 0., 1.</c3></rotation></pose><symmetry><x>none</x><y>none</y><z>none</z></symmetry><detectionScore>-1</detectionScore></element><element><id>8</id><category>column</category><bounds><corner1>-0.18653915, -1.19866203, -0.05396859</corner1><corner2>0.18653915, 1.19866203, 0.05396859</corner2></bounds><pose><translation> 0.89471237, -0.07103575,  1.60600008</translation><rotation><c1>1., 0., 0.</c1><c2>0., 1., 0.</c2><c3>0., 0., 1.</c3></rotation></pose><symmetry><x>none</x><y>none</y><z>none</z></symmetry><detectionScore>-1</detectionScore></element><element><id>1</id><category>kitchen_cabinet</category><bounds><corner1>-0.74210396, -0.1339125 , -0.60717011</corner1><corner2>0.74210396, 0.1339125 , 0.60717011</corner2></bounds><pose><translation>-2.35410869, -0.79169993,  0.99942721</translation><rotation><c1>1., 0., 0.</c1><c2>0., 1., 0.</c2><c3>0., 0., 1.</c3></rotation></pose><symmetry><x>none</x><y>none</y><z>none</z></symmetry><detectionScore>-1</detectionScore></element></elements></scene>