<?xml version='1.0' encoding='utf-8'?>
<scene xmlns:sumo="https://www.sumochallenge.org"><version>2.0</version><categories><id>fb_categories_v1.0</id><url>https://sumochallenge.org/en/categories-1_0.json</url></categories><project_type>bounding_box</project_type><elements><element><id>2</id><category>shelving</category><bounds><corner1>-0.37806812, -0.92854129, -0.4093982 </corner1><corner2>0.37806812, 0.92854129, 0.4093982 </corner2></bounds><pose><translation>-1.94710414, -0.5319789 , -0.40247229</translation><rotation><c1>1., 0., 0.</c1><c2>0., 1., 0.</c2><c3>0., 0., 1.</c3></rotation></pose><symmetry><x>twoFold</x><y>twoFold</y><z>twoFold</z></symmetry><detectionScore>0.7043028</detectionScore></element><element><id>4</id><category>shelving</category><bounds><corner1>-0.62518053, -1.06157226, -0.51937774</corner1><corner2>0.62518053, 1.06157226, 0.51937774</corner2></bounds><pose><translation>-2.97806928, -0.52953911,  0.60967906</translation><rotation><c1>1., 0., 0.</c1><c2>0., 1., 0.</c2><c3>0., 0., 1.</c3></rotation></pose><symmetry><x>twoFold</x><y>twoFold</y><z>twoFold</z></symmetry><detectionScore>0.99857306</detectionScore></element><element><id>1</id><category>door</category><bounds><corner1>-1.38197964, -1.13375146, -3.27097045</corner1><corner2>1.38197964, 1.13375146, 3.27097045</corner2></bounds><pose><translation>-0.06147602, -0.03162373,  3.32985135</translation><rotation><c1>1., 0., 0.</c1><c2>0., 1., 0.</c2><c3>0., 0., 1.</c3></rotation></pose><symmetry><x>twoFold</x><y>twoFold</y><z>twoFold</z></symmetry><detectionScore>0.99642086</detectionScore></element><element><id>3</id><category>door</category><bounds><corner1>-0.69810509, -1.4403552 , -0.58703977</corner1><corner2>0.69810509, 1.4403552 , 0.58703977</corner2></bounds><pose><translation>-1.8080839 , -0.36156286, -0.88508871</translation><rotation><c1>1., 0., 0.</c1><c2>0., 1., 0.</c2><c3>0., 0., 1.</c3></rotation></pose><symmetry><x>twoFold</x><y>twoFold</y><z>twoFold</z></symmetry><detectionScore>0.94455034</detectionScore></element></elements></scene>