<?xml version='1.0' encoding='utf-8'?>
<scene xmlns:sumo="https://www.sumochallenge.org"><version>2.0</version><categories><id>fb_categories_v1_0</id><url>https://sumochallenge.org/en/categories-1_0.json</url></categories><project_type>bounding_box</project_type><elements><element><id>0</id><category>wall</category><bounds><corner1>-2.102792128749768, -1.2766886547401048, -5.604250052499619</corner1><corner2>2.102792128749768, 1.2766886547401048, 5.604250052499619</corner2></bounds><pose><translation>1.7434241953116099, 0.01028370694188284, -9.515655754418944</translation><rotation><c1>1, 0, 0</c1><c2>0, 1, 0</c2><c3>0, 0, 1</c3></rotation></pose><symmetry><x>twoFold</x><y>cylindrical</y><z>twoFold</z></symmetry><detectionScore>-1.0</detectionScore></element><element><id>1</id><category>partition</category><bounds><corner1>-0.20586250645219017, -1.489047328467103, -0.8741553480973276</corner1><corner2>0.20586250645219017, 1.489047328467103, 0.8741553480973276</corner2></bounds><pose><translation>3.905263268745812, -0.0874466361617187, 0.7406007855088432</translation><rotation><c1>1, 0, 0</c1><c2>0, 1, 0</c2><c3>0, 0, 1</c3></rotation></pose><symmetry><x>twoFold</x><y>cylindrical</y><z>twoFold</z></symmetry><detectionScore>-1.0</detectionScore></element><element><id>2</id><category>door</category><bounds><corner1>-3.71558108521878, -1.6536404862367298, -1.8678523343074098</corner1><corner2>3.71558108521878, 1.6536404862367298, 1.8678523343074098</corner2></bounds><pose><translation>3.8246832696857025, -0.2560891351797733, -1.998466551135736</translation><rotation><c1>1, 0, 0</c1><c2>0, 1, 0</c2><c3>0, 0, 1</c3></rotation></pose><symmetry><x>twoFold</x><y>cylindrical</y><z>twoFold</z></symmetry><detectionScore>-1.0</detectionScore></element><element><id>3</id><category>window</category><bounds><corner1>-0.7019745859157733, -1.4049600171396082, -2.2964620590208833</corner1><corner2>0.7019745859157733, 1.4049600171396082, 2.2964620590208833</corner2></bounds><pose><translation>-1.119953935626868, -0.09436593252696167, -7.315209756278051</translation><rotation><c1>1, 0, 0</c1><c2>0, 1, 0</c2><c3>0, 0, 1</c3></rotation></pose><symmetry><x>twoFold</x><y>cylindrical</y><z>twoFold</z></symmetry><detectionScore>-1.0</detectionScore></element><element><id>4</id><category>kitchen_cabinet</category><bounds><corner1>-0.9184748654880992, -0.7062428078815475, -1.709022861472583</corner1><corner2>0.9184748654880992, 0.7062428078815475, 1.709022861472583</corner2></bounds><pose><translation>2.921721972984821, -0.993641882009265, -5.609564810567327</translation><rotation><c1>1, 0, 0</c1><c2>0, 1, 0</c2><c3>0, 0, 1</c3></rotation></pose><symmetry><x>twoFold</x><y>cylindrical</y><z>twoFold</z></symmetry><detectionScore>-1.0</detectionScore></element><element><id>5</id><category>bunker_bed</category><bounds><corner1>-0.9730886424177325, -1.7743671188017596, -1.2070819901135073</corner1><corner2>0.9730886424177325, 1.7743671188017596, 1.2070819901135073</corner2></bounds><pose><translation>2.9388775477535094, -0.4755353379607589, -5.0621650958555815</translation><rotation><c1>1, 0, 0</c1><c2>0, 1, 0</c2><c3>0, 0, 1</c3></rotation></pose><symmetry><x>twoFold</x><y>cylindrical</y><z>twoFold</z></symmetry><detectionScore>-1.0</detectionScore></element><element><id>6</id><category>picture_frame</category><bounds><corner1>-2.68978410920126, -1.4135197353312718, -0.13357847428685155</corner1><corner2>2.68978410920126, 1.4135197353312718, 0.13357847428685155</corner2></bounds><pose><translation>1.137400740235701, -0.07657679863029619, 5.213325187376603</translation><rotation><c1>1, 0, 0</c1><c2>0, 1, 0</c2><c3>0, 0, 1</c3></rotation></pose><symmetry><x>twoFold</x><y>cylindrical</y><z>twoFold</z></symmetry><detectionScore>-1.0</detectionScore></element><element><id>7</id><category>picture_frame</category><bounds><corner1>-0.14257241852976987, -1.0947272696812274, -0.9096822704475751</corner1><corner2>0.14257241852976987, 1.0947272696812274, 0.9096822704475751</corner2></bounds><pose><translation>3.9685533566682323, 0.29259300022283496, 0.8233878487765744</translation><rotation><c1>1, 0, 0</c1><c2>0, 1, 0</c2><c3>0, 0, 1</c3></rotation></pose><symmetry><x>twoFold</x><y>cylindrical</y><z>twoFold</z></symmetry><detectionScore>-1.0</detectionScore></element><element><id>8</id><category>armchair</category><bounds><corner1>-1.495101539726337, -0.44729954118787263, -2.4282419365585595</corner1><corner2>1.495101539726337, 0.44729954118787263, 2.4282419365585595</corner2></bounds><pose><translation>2.464252409818397, -1.0691319558105534, 0.9377717350553845</translation><rotation><c1>1, 0, 0</c1><c2>0, 1, 0</c2><c3>0, 0, 1</c3></rotation></pose><symmetry><x>twoFold</x><y>cylindrical</y><z>twoFold</z></symmetry><detectionScore>-1.0</detectionScore></element><element><id>9</id><category>kitchen_cabinet</category><bounds><corner1>-0.8999808109804768, -0.5827828177310572, -0.2812947964173511</corner1><corner2>0.8999808109804768, 0.5827828177310572, 0.2812947964173511</corner2></bounds><pose><translation>3.0278370101145304, -1.022727853029281, -4.127927467546484</translation><rotation><c1>1, 0, 0</c1><c2>0, 1, 0</c2><c3>0, 0, 1</c3></rotation></pose><symmetry><x>twoFold</x><y>cylindrical</y><z>twoFold</z></symmetry><detectionScore>-1.0</detectionScore></element><element><id>10</id><category>chandelier</category><bounds><corner1>-1.9562397990278708, -0.11222826765765825, -2.1320160781049724</corner1><corner2>1.9562397990278708, 0.11222826765765825, 2.1320160781049724</corner2></bounds><pose><translation>1.977052426654503, 1.332815317515838, 2.883827301566223</translation><rotation><c1>1, 0, 0</c1><c2>0, 1, 0</c2><c3>0, 0, 1</c3></rotation></pose><symmetry><x>twoFold</x><y>cylindrical</y><z>twoFold</z></symmetry><detectionScore>-1.0</detectionScore></element><element><id>11</id><category>chandelier</category><bounds><corner1>-0.7593924448541203, -0.0820994123899017, -2.20764505246668</corner1><corner2>0.7593924448541203, 0.0820994123899017, 2.20764505246668</corner2></bounds><pose><translation>-4.599318966218916, 1.2739375383049574, 2.953769630034931</translation><rotation><c1>1, 0, 0</c1><c2>0, 1, 0</c2><c3>0, 0, 1</c3></rotation></pose><symmetry><x>twoFold</x><y>cylindrical</y><z>twoFold</z></symmetry><detectionScore>-1.0</detectionScore></element><element><id>12</id><category>vase</category><bounds><corner1>-0.6738093306395863, -0.3738177724023254, -1.7805967138283574</corner1><corner2>0.6738093306395863, 0.3738177724023254, 1.7805967138283574</corner2></bounds><pose><translation>-4.455290744335004, -0.640212340785965, 3.399626604859396</translation><rotation><c1>1, 0, 0</c1><c2>0, 1, 0</c2><c3>0, 0, 1</c3></rotation></pose><symmetry><x>twoFold</x><y>cylindrical</y><z>twoFold</z></symmetry><detectionScore>-1.0</detectionScore></element><element><id>13</id><category>dining_table</category><bounds><corner1>-1.0054020856913866, -0.6945428441689185, -2.975288863458653</corner1><corner2>1.0054020856913866, 0.6945428441689185, 2.975288863458653</corner2></bounds><pose><translation>-3.710401162623122, -1.0602486669438775, 2.228397338355977</translation><rotation><c1>1, 0, 0</c1><c2>0, 1, 0</c2><c3>0, 0, 1</c3></rotation></pose><symmetry><x>twoFold</x><y>cylindrical</y><z>twoFold</z></symmetry><detectionScore>-1.0</detectionScore></element><element><id>14</id><category>kitchen_cabinet</category><bounds><corner1>-0.8978086625194481, -1.5874682573558563, -1.6395143878168366</corner1><corner2>0.8978086625194481, 1.5874682573558563, 1.6395143878168366</corner2></bounds><pose><translation>2.94840766154193, -0.27483323433442314, -5.511849767144589</translation><rotation><c1>1, 0, 0</c1><c2>0, 1, 0</c2><c3>0, 0, 1</c3></rotation></pose><symmetry><x>twoFold</x><y>cylindrical</y><z>twoFold</z></symmetry><detectionScore>-1.0</detectionScore></element><element><id>15</id><category>chair</category><bounds><corner1>-0.22197378564725234, -0.6062407257333587, -2.916131875279942</corner1><corner2>0.22197378564725234, 0.6062407257333587, 2.916131875279942</corner2></bounds><pose><translation>-3.14034103433222, -0.8442149986256581, 2.2516969744066895</translation><rotation><c1>1, 0, 0</c1><c2>0, 1, 0</c2><c3>0, 0, 1</c3></rotation></pose><symmetry><x>twoFold</x><y>cylindrical</y><z>twoFold</z></symmetry><detectionScore>-1.0</detectionScore></element><element><id>16</id><category>wall</category><bounds><corner1>-0.1849661334197754, -1.436524233426058, -0.9350420274327147</corner1><corner2>0.1849661334197754, 1.436524233426058, 0.9350420274327147</corner2></bounds><pose><translation>3.9261596417782267, -0.04326581391981142, 0.7225500243143577</translation><rotation><c1>1, 0, 0</c1><c2>0, 1, 0</c2><c3>0, 0, 1</c3></rotation></pose><symmetry><x>twoFold</x><y>cylindrical</y><z>twoFold</z></symmetry><detectionScore>-1.0</detectionScore></element><element><id>17</id><category>chair</category><bounds><corner1>-0.8453846906103459, -0.5474091368887554, -2.0968716012756614</corner1><corner2>0.8453846906103459, 0.5474091368887554, 2.0968716012756614</corner2></bounds><pose><translation>-4.329143868800176, -0.7792850399486949, 1.9157855622475022</translation><rotation><c1>1, 0, 0</c1><c2>0, 1, 0</c2><c3>0, 0, 1</c3></rotation></pose><symmetry><x>twoFold</x><y>cylindrical</y><z>twoFold</z></symmetry><detectionScore>-1.0</detectionScore></element><element><id>18</id><category>window</category><bounds><corner1>-0.8827574435374799, -0.833964770126954, -0.6342983339371577</corner1><corner2>0.8827574435374799, 0.833964770126954, 0.6342983339371577</corner2></bounds><pose><translation>-1.2927257806276322, 0.705147022708703, -2.0785810922054724</translation><rotation><c1>1, 0, 0</c1><c2>0, 1, 0</c2><c3>0, 0, 1</c3></rotation></pose><symmetry><x>twoFold</x><y>cylindrical</y><z>twoFold</z></symmetry><detectionScore>-1.0</detectionScore></element><element><id>19</id><category>sofa</category><bounds><corner1>-1.4725238687214661, -0.44265613060957487, -2.4392962068725175</corner1><corner2>1.4725238687214661, 0.44265613060957487, 2.4392962068725175</corner2></bounds><pose><translation>2.486830080823268, -1.0632257940547174, 0.9783039432199834</translation><rotation><c1>1, 0, 0</c1><c2>0, 1, 0</c2><c3>0, 0, 1</c3></rotation></pose><symmetry><x>twoFold</x><y>cylindrical</y><z>twoFold</z></symmetry><detectionScore>-1.0</detectionScore></element><element><id>20</id><category>sofa</category><bounds><corner1>-1.9562610491750476, -0.5426574251673263, -1.2542524871158145</corner1><corner2>1.9562610491750476, 0.5426574251673263, 1.2542524871158145</corner2></bounds><pose><translation>1.784518775904064, -1.1163759555483106, 4.081762614475534</translation><rotation><c1>1, 0, 0</c1><c2>0, 1, 0</c2><c3>0, 0, 1</c3></rotation></pose><symmetry><x>twoFold</x><y>cylindrical</y><z>twoFold</z></symmetry><detectionScore>-1.0</detectionScore></element><element><id>21</id><category>chair</category><bounds><corner1>-0.5848920126851134, -0.19347688781558192, -2.6622865758378755</corner1><corner2>0.5848920126851134, 0.19347688781558192, 2.6622865758378755</corner2></bounds><pose><translation>-3.5126839419317473, -0.780967075781408, 2.5018648169191837</translation><rotation><c1>1, 0, 0</c1><c2>0, 1, 0</c2><c3>0, 0, 1</c3></rotation></pose><symmetry><x>twoFold</x><y>cylindrical</y><z>twoFold</z></symmetry><detectionScore>-1.0</detectionScore></element><element><id>22</id><category>kitchen_set</category><bounds><corner1>-1.0012201141376424, -1.6062940428384667, -1.4916813786091176</corner1><corner2>1.0012201141376424, 1.6062940428384667, 1.4916813786091176</corner2></bounds><pose><translation>2.9342247545744207, -0.28045905801703025, -5.324364268176682</translation><rotation><c1>1, 0, 0</c1><c2>0, 1, 0</c2><c3>0, 0, 1</c3></rotation></pose><symmetry><x>twoFold</x><y>cylindrical</y><z>twoFold</z></symmetry><detectionScore>-1.0</detectionScore></element><element><id>23</id><category>chair</category><bounds><corner1>-0.9247118636611567, -0.6086846009960447, -1.9178830943353078</corner1><corner2>0.9247118636611567, 0.6086846009960447, 1.9178830943353078</corner2></bounds><pose><translation>-4.358420972732719, -0.7830982150217987, 2.4743144335698095</translation><rotation><c1>1, 0, 0</c1><c2>0, 1, 0</c2><c3>0, 0, 1</c3></rotation></pose><symmetry><x>twoFold</x><y>cylindrical</y><z>twoFold</z></symmetry><detectionScore>-1.0</detectionScore></element><element><id>24</id><category>armchair</category><bounds><corner1>-0.8913325840608962, -0.554999844076, -2.6421025261843796</corner1><corner2>0.8913325840608962, 0.554999844076, 2.6421025261843796</corner2></bounds><pose><translation>-0.07059155502060187, -1.3443528970367498, 2.691754504853543</translation><rotation><c1>1, 0, 0</c1><c2>0, 1, 0</c2><c3>0, 0, 1</c3></rotation></pose><symmetry><x>twoFold</x><y>cylindrical</y><z>twoFold</z></symmetry><detectionScore>-1.0</detectionScore></element><element><id>25</id><category>chair</category><bounds><corner1>-0.3123752185108133, -0.5738721142847683, -2.5028330107122607</corner1><corner2>0.3123752185108133, 0.5738721142847683, 2.5028330107122607</corner2></bounds><pose><translation>-3.011962179531116, -0.8973567580718267, 2.716486122880783</translation><rotation><c1>1, 0, 0</c1><c2>0, 1, 0</c2><c3>0, 0, 1</c3></rotation></pose><symmetry><x>twoFold</x><y>cylindrical</y><z>twoFold</z></symmetry><detectionScore>-1.0</detectionScore></element><element><id>26</id><category>wall</category><bounds><corner1>-0.4152841539330545, -1.507542135435506, -0.11395732688008575</corner1><corner2>0.4152841539330545, 1.507542135435506, 0.11395732688008575</corner2></bounds><pose><translation>3.425834709895657, -0.14481469082276627, -2.327485797767326</translation><rotation><c1>1, 0, 0</c1><c2>0, 1, 0</c2><c3>0, 0, 1</c3></rotation></pose><symmetry><x>twoFold</x><y>cylindrical</y><z>twoFold</z></symmetry><detectionScore>-1.0</detectionScore></element><element><id>27</id><category>wall</category><bounds><corner1>-2.80215191966437, -1.5415200530006112, -0.1520190999219002</corner1><corner2>2.80215191966437, 1.5415200530006112, 0.1520190999219002</corner2></bounds><pose><translation>1.1081932139663515, -0.19909352479207068, 5.200210821752753</translation><rotation><c1>1, 0, 0</c1><c2>0, 1, 0</c2><c3>0, 0, 1</c3></rotation></pose><symmetry><x>twoFold</x><y>cylindrical</y><z>twoFold</z></symmetry><detectionScore>-1.0</detectionScore></element><element><id>28</id><category>wall</category><bounds><corner1>-5.592949711068131, -1.398368876848403, -2.855127907957993</corner1><corner2>5.592949711068131, 1.398368876848403, 2.855127907957993</corner2></bounds><pose><translation>-7.098464395980454, -0.14945770115884466, 2.3098777411115656</translation><rotation><c1>1, 0, 0</c1><c2>0, 1, 0</c2><c3>0, 0, 1</c3></rotation></pose><symmetry><x>twoFold</x><y>cylindrical</y><z>twoFold</z></symmetry><detectionScore>-1.0</detectionScore></element><element><id>29</id><category>sofa</category><bounds><corner1>-0.8914014359008665, -0.5497680799997375, -2.6212247693744746</corner1><corner2>0.8914014359008665, 0.5497680799997375, 2.6212247693744746</corner2></bounds><pose><translation>-0.0706604068605722, -1.3391211329604873, 2.712632261663448</translation><rotation><c1>1, 0, 0</c1><c2>0, 1, 0</c2><c3>0, 0, 1</c3></rotation></pose><symmetry><x>twoFold</x><y>cylindrical</y><z>twoFold</z></symmetry><detectionScore>-1.0</detectionScore></element><element><id>30</id><category>wall</category><bounds><corner1>-0.3595638562781276, -1.3584932946997539, -0.48817717544898853</corner1><corner2>0.3595638562781276, 1.3584932946997539, 0.48817717544898853</corner2></bounds><pose><translation>3.60704586401712, 0.017754392772710455, -2.6049047364943245</translation><rotation><c1>1, 0, 0</c1><c2>0, 1, 0</c2><c3>0, 0, 1</c3></rotation></pose><symmetry><x>twoFold</x><y>cylindrical</y><z>twoFold</z></symmetry><detectionScore>-1.0</detectionScore></element><element><id>31</id><category>door</category><bounds><corner1>-0.8366704107237148, -1.3572785963957275, -1.225221020715228</corner1><corner2>0.8366704107237148, 1.3572785963957275, 1.225221020715228</corner2></bounds><pose><translation>3.0095459133376634, -0.3001155444057758, -5.0994815923272325</translation><rotation><c1>1, 0, 0</c1><c2>0, 1, 0</c2><c3>0, 0, 1</c3></rotation></pose><symmetry><x>twoFold</x><y>cylindrical</y><z>twoFold</z></symmetry><detectionScore>-1.0</detectionScore></element><element><id>32</id><category>kitchen_cabinet</category><bounds><corner1>-2.2361096075684, -0.8189510444431, -3.3226169239667644</corner1><corner2>2.2361096075684, 0.8189510444431, 3.3226169239667644</corner2></bounds><pose><translation>0.7477307708267539, -1.0960531175543855, -7.373350192924364</translation><rotation><c1>1, 0, 0</c1><c2>0, 1, 0</c2><c3>0, 0, 1</c3></rotation></pose><symmetry><x>twoFold</x><y>cylindrical</y><z>twoFold</z></symmetry><detectionScore>-1.0</detectionScore></element><element><id>33</id><category>shelving</category><bounds><corner1>-0.99124011456753, -1.8072067572898816, -1.2321500116415134</corner1><corner2>0.99124011456753, 1.8072067572898816, 1.2321500116415134</corner2></bounds><pose><translation>2.8772291158579133, -0.5086552497728101, -5.104485390969266</translation><rotation><c1>1, 0, 0</c1><c2>0, 1, 0</c2><c3>0, 0, 1</c3></rotation></pose><symmetry><x>twoFold</x><y>cylindrical</y><z>twoFold</z></symmetry><detectionScore>-1.0</detectionScore></element><element><id>34</id><category>wall</category><bounds><corner1>-3.6700377801044293, -1.4937277226968733, -1.1925352921006456</corner1><corner2>3.6700377801044293, 1.4937277226968733, 1.1925352921006456</corner2></bounds><pose><translation>3.870226574800053, -0.11371581897735364, -2.46019467201483</translation><rotation><c1>1, 0, 0</c1><c2>0, 1, 0</c2><c3>0, 0, 1</c3></rotation></pose><symmetry><x>twoFold</x><y>cylindrical</y><z>twoFold</z></symmetry><detectionScore>-1.0</detectionScore></element><element><id>35</id><category>chair</category><bounds><corner1>-0.6127746974642121, -0.6326955766293134, -2.434446908629739</corner1><corner2>0.6127746974642121, 0.6326955766293134, 2.434446908629739</corner2></bounds><pose><translation>-3.8750120436692717, -0.9429716045666775, 2.1317656382343264</translation><rotation><c1>1, 0, 0</c1><c2>0, 1, 0</c2><c3>0, 0, 1</c3></rotation></pose><symmetry><x>twoFold</x><y>cylindrical</y><z>twoFold</z></symmetry><detectionScore>-1.0</detectionScore></element><element><id>36</id><category>wall</category><bounds><corner1>-0.0515593482664356, -1.4096900327525237, -1.3978596159910435</corner1><corner2>0.0515593482664356, 1.4096900327525237, 1.3978596159910435</corner2></bounds><pose><translation>-1.531695377915716, -0.07884593599205651, -0.058472123031634717</translation><rotation><c1>1, 0, 0</c1><c2>0, 1, 0</c2><c3>0, 0, 1</c3></rotation></pose><symmetry><x>twoFold</x><y>cylindrical</y><z>twoFold</z></symmetry><detectionScore>-1.0</detectionScore></element><element><id>37</id><category>wall</category><bounds><corner1>-1.5015411241153607, -1.459995625086767, -0.37934909418606866</corner1><corner2>1.5015411241153607, 1.459995625086767, 0.37934909418606866</corner2></bounds><pose><translation>3.980172435752045, -0.11960188453113563, -2.5229069575981438</translation><rotation><c1>1, 0, 0</c1><c2>0, 1, 0</c2><c3>0, 0, 1</c3></rotation></pose><symmetry><x>twoFold</x><y>cylindrical</y><z>twoFold</z></symmetry><detectionScore>-1.0</detectionScore></element><element><id>38</id><category>chair</category><bounds><corner1>-0.9520930593724213, -0.5909540057110737, -2.325396876830423</corner1><corner2>0.9520930593724213, 0.5909540057110737, 2.325396876830423</corner2></bounds><pose><translation>-4.011953540789803, -0.8021516360768107, 2.5817421139052703</translation><rotation><c1>1, 0, 0</c1><c2>0, 1, 0</c2><c3>0, 0, 1</c3></rotation></pose><symmetry><x>twoFold</x><y>cylindrical</y><z>twoFold</z></symmetry><detectionScore>-1.0</detectionScore></element><element><id>39</id><category>chair</category><bounds><corner1>-0.8202398907299049, -0.56607231017706, -2.5432581198123025</corner1><corner2>0.8202398907299049, 0.56607231017706, 2.5432581198123025</corner2></bounds><pose><translation>-3.616464880764097, -0.8040465830693593, 2.6597694584678693</translation><rotation><c1>1, 0, 0</c1><c2>0, 1, 0</c2><c3>0, 0, 1</c3></rotation></pose><symmetry><x>twoFold</x><y>cylindrical</y><z>twoFold</z></symmetry><detectionScore>-1.0</detectionScore></element></elements></scene>