<?xml version='1.0' encoding='utf-8'?>
<scene xmlns:sumo="https://www.sumochallenge.org"><version>2.0</version><categories><id>fb_categories_v1_0</id><url>https://sumochallenge.org/en/categories-1_0.json</url></categories><project_type>bounding_box</project_type><elements><element><id>0</id><category>door</category><bounds><corner1>-2.4474085128974132, -1.4378734221823661, -1.3808318744286185</corner1><corner2>2.4474085128974132, 1.4378734221823661, 1.3808318744286185</corner2></bounds><pose><translation>-5.5000312517494825, -0.4590811352421875, -4.419252987709497</translation><rotation><c1>1, 0, 0</c1><c2>0, 1, 0</c2><c3>0, 0, 1</c3></rotation></pose><symmetry><x>twoFold</x><y>cylindrical</y><z>twoFold</z></symmetry><detectionScore>-1.0</detectionScore></element><element><id>1</id><category>rug</category><bounds><corner1>-2.050868945382666, -0.23557780626163416, -0.603124011091432</corner1><corner2>2.050868945382666, 0.23557780626163416, 0.603124011091432</corner2></bounds><pose><translation>2.1928795110037784, -0.993184504810468, -0.3845666304826605</translation><rotation><c1>1, 0, 0</c1><c2>0, 1, 0</c2><c3>0, 0, 1</c3></rotation></pose><symmetry><x>twoFold</x><y>cylindrical</y><z>twoFold</z></symmetry><detectionScore>-1.0</detectionScore></element><element><id>2</id><category>wall</category><bounds><corner1>-1.920051738725941, -1.3343592065800063, -1.1491875133607703</corner1><corner2>1.920051738725941, 1.3343592065800063, 1.1491875133607703</corner2></bounds><pose><translation>0.41885816198819786, -0.0850878423730306, -3.2052061281501474</translation><rotation><c1>1, 0, 0</c1><c2>0, 1, 0</c2><c3>0, 0, 1</c3></rotation></pose><symmetry><x>twoFold</x><y>cylindrical</y><z>twoFold</z></symmetry><detectionScore>-1.0</detectionScore></element><element><id>3</id><category>person</category><bounds><corner1>-2.778558955251389, -0.839963199392612, -2.715799347090332</corner1><corner2>2.778558955251389, 0.839963199392612, 2.715799347090332</corner2></bounds><pose><translation>2.182215260223382, -0.7923356194668792, 4.265652195582192</translation><rotation><c1>1, 0, 0</c1><c2>0, 1, 0</c2><c3>0, 0, 1</c3></rotation></pose><symmetry><x>twoFold</x><y>cylindrical</y><z>twoFold</z></symmetry><detectionScore>-1.0</detectionScore></element><element><id>4</id><category>wall</category><bounds><corner1>-5.767260491507046, -2.401229540603508, -4.307777940052578</corner1><corner2>5.767260491507046, 2.401229540603508, 4.307777940052578</corner2></bounds><pose><translation>-5.767260491507046, -0.14592765524086043, -1.416701006973582</translation><rotation><c1>1, 0, 0</c1><c2>0, 1, 0</c2><c3>0, 0, 1</c3></rotation></pose><symmetry><x>twoFold</x><y>cylindrical</y><z>twoFold</z></symmetry><detectionScore>-1.0</detectionScore></element><element><id>5</id><category>rug</category><bounds><corner1>-0.6672904361390235, -0.7785675322469956, -0.9382835340349653</corner1><corner2>0.6672904361390235, 0.7785675322469956, 0.9382835340349653</corner2></bounds><pose><translation>-2.7318513661040527, -1.6773128331135654, -0.9817698097440908</translation><rotation><c1>1, 0, 0</c1><c2>0, 1, 0</c2><c3>0, 0, 1</c3></rotation></pose><symmetry><x>twoFold</x><y>cylindrical</y><z>twoFold</z></symmetry><detectionScore>-1.0</detectionScore></element><element><id>6</id><category>shelving</category><bounds><corner1>-0.5878538060748077, -1.2118503804126601, -0.8281086770428545</corner1><corner2>0.5878538060748077, 1.2118503804126601, 0.8281086770428545</corner2></bounds><pose><translation>4.97541766148161, -0.4244193509899707, 3.6107621645659713</translation><rotation><c1>1, 0, 0</c1><c2>0, 1, 0</c2><c3>0, 0, 1</c3></rotation></pose><symmetry><x>twoFold</x><y>cylindrical</y><z>twoFold</z></symmetry><detectionScore>-1.0</detectionScore></element><element><id>7</id><category>door</category><bounds><corner1>-0.508291163668497, -0.44219695934695086, -1.7050215180636967</corner1><corner2>0.508291163668497, 0.44219695934695086, 1.7050215180636967</corner2></bounds><pose><translation>-1.8196141392516199, -0.28573443637026114, 1.1909785672681714</translation><rotation><c1>1, 0, 0</c1><c2>0, 1, 0</c2><c3>0, 0, 1</c3></rotation></pose><symmetry><x>twoFold</x><y>cylindrical</y><z>twoFold</z></symmetry><detectionScore>-1.0</detectionScore></element><element><id>8</id><category>sofa</category><bounds><corner1>-7.291248256148839, -0.5889856003573142, -3.5541679692295025</corner1><corner2>7.291248256148839, 0.5889856003573142, 3.5541679692295025</corner2></bounds><pose><translation>4.128710570619249, -0.9079360850347943, -0.6527599743549217</translation><rotation><c1>1, 0, 0</c1><c2>0, 1, 0</c2><c3>0, 0, 1</c3></rotation></pose><symmetry><x>twoFold</x><y>cylindrical</y><z>twoFold</z></symmetry><detectionScore>-1.0</detectionScore></element><element><id>9</id><category>chandelier</category><bounds><corner1>-1.3169799229854786, -0.1666190189618728, -0.7508777166632823</corner1><corner2>1.3169799229854786, 0.1666190189618728, 0.7508777166632823</corner2></bounds><pose><translation>-2.8321597271097296, 1.3039714271330243, -0.8535959760255118</translation><rotation><c1>1, 0, 0</c1><c2>0, 1, 0</c2><c3>0, 0, 1</c3></rotation></pose><symmetry><x>twoFold</x><y>cylindrical</y><z>twoFold</z></symmetry><detectionScore>-1.0</detectionScore></element><element><id>10</id><category>dining_table</category><bounds><corner1>-0.6594758554635658, -0.8087288915897518, -0.7527944426854762</corner1><corner2>0.6594758554635658, 0.8087288915897518, 0.7527944426854762</corner2></bounds><pose><translation>-2.9107492036600755, -1.6457535333455, -0.9527026106084449</translation><rotation><c1>1, 0, 0</c1><c2>0, 1, 0</c2><c3>0, 0, 1</c3></rotation></pose><symmetry><x>twoFold</x><y>cylindrical</y><z>twoFold</z></symmetry><detectionScore>-1.0</detectionScore></element><element><id>11</id><category>wall</category><bounds><corner1>-1.2659659612350946, -0.9082147962251875, -1.065108302140347</corner1><corner2>1.2659659612350946, 0.9082147962251875, 1.065108302140347</corner2></bounds><pose><translation>-5.7708030827790635, -0.08431627446611947, -3.8119951582622615</translation><rotation><c1>1, 0, 0</c1><c2>0, 1, 0</c2><c3>0, 0, 1</c3></rotation></pose><symmetry><x>twoFold</x><y>cylindrical</y><z>twoFold</z></symmetry><detectionScore>-1.0</detectionScore></element><element><id>12</id><category>person</category><bounds><corner1>-3.4018815981843944, -3.295727273074569, -0.7148004973212421</corner1><corner2>3.4018815981843944, 3.295727273074569, 0.7148004973212421</corner2></bounds><pose><translation>-3.4018815981843944, -1.0404253877119216, -0.0450230802449211</translation><rotation><c1>1, 0, 0</c1><c2>0, 1, 0</c2><c3>0, 0, 1</c3></rotation></pose><symmetry><x>twoFold</x><y>cylindrical</y><z>twoFold</z></symmetry><detectionScore>-1.0</detectionScore></element><element><id>13</id><category>coffee_table</category><bounds><corner1>-0.6256270893402186, -0.40729741006646436, -0.6622571963288792</corner1><corner2>0.6256270893402186, 0.40729741006646436, 0.6622571963288792</corner2></bounds><pose><translation>-1.1001128996075324, -1.7039731181795528, 2.396986264800934</translation><rotation><c1>1, 0, 0</c1><c2>0, 1, 0</c2><c3>0, 0, 1</c3></rotation></pose><symmetry><x>twoFold</x><y>cylindrical</y><z>twoFold</z></symmetry><detectionScore>-1.0</detectionScore></element><element><id>14</id><category>arch</category><bounds><corner1>-5.89721308425212, -1.4839650937877198, -2.1268745017708652</corner1><corner2>5.89721308425212, 1.4839650937877198, 2.1268745017708652</corner2></bounds><pose><translation>5.5834749971818765, -0.20010723276386141, 2.149510828580754</translation><rotation><c1>1, 0, 0</c1><c2>0, 1, 0</c2><c3>0, 0, 1</c3></rotation></pose><symmetry><x>twoFold</x><y>cylindrical</y><z>twoFold</z></symmetry><detectionScore>-1.0</detectionScore></element><element><id>15</id><category>coffee_table</category><bounds><corner1>-0.4787864699787524, -0.8682922530855193, -0.2967864335575947</corner1><corner2>0.4787864699787524, 0.8682922530855193, 0.2967864335575947</corner2></bounds><pose><translation>-0.22656555975530504, -1.6623403250975388, -2.2315522902783993</translation><rotation><c1>1, 0, 0</c1><c2>0, 1, 0</c2><c3>0, 0, 1</c3></rotation></pose><symmetry><x>twoFold</x><y>cylindrical</y><z>twoFold</z></symmetry><detectionScore>-1.0</detectionScore></element><element><id>16</id><category>door</category><bounds><corner1>-0.8003474930583102, -1.1109622340862206, -3.197255333402764</corner1><corner2>0.8003474930583102, 1.1109622340862206, 3.197255333402764</corner2></bounds><pose><translation>-1.7876547001517629, -0.08708412160257747, 1.5093699353306476</translation><rotation><c1>1, 0, 0</c1><c2>0, 1, 0</c2><c3>0, 0, 1</c3></rotation></pose><symmetry><x>twoFold</x><y>cylindrical</y><z>twoFold</z></symmetry><detectionScore>-1.0</detectionScore></element><element><id>17</id><category>floor</category><bounds><corner1>-2.7725133506652146, -0.7407398118354163, -1.8595990859173328</corner1><corner2>2.7725133506652146, 0.7407398118354163, 1.8595990859173328</corner2></bounds><pose><translation>-5.668059967440503, -1.0212595736814434, -0.08822389155735112</translation><rotation><c1>1, 0, 0</c1><c2>0, 1, 0</c2><c3>0, 0, 1</c3></rotation></pose><symmetry><x>twoFold</x><y>cylindrical</y><z>twoFold</z></symmetry><detectionScore>-1.0</detectionScore></element><element><id>18</id><category>armchair</category><bounds><corner1>-1.4185857010088188, -0.9367399271169852, -2.9257447003811987</corner1><corner2>1.4185857010088188, 0.9367399271169852, 2.9257447003811987</corner2></bounds><pose><translation>-3.0555705536690847, -1.1934054713303333, 1.7292268843550285</translation><rotation><c1>1, 0, 0</c1><c2>0, 1, 0</c2><c3>0, 0, 1</c3></rotation></pose><symmetry><x>twoFold</x><y>cylindrical</y><z>twoFold</z></symmetry><detectionScore>-1.0</detectionScore></element><element><id>19</id><category>wall</category><bounds><corner1>-0.8749293418705946, -0.8960963136790234, -1.0409368564760908</corner1><corner2>0.8749293418705946, 0.8960963136790234, 1.0409368564760908</corner2></bounds><pose><translation>-1.9085472849194836, -0.0031871621748993375, -3.225262594724427</translation><rotation><c1>1, 0, 0</c1><c2>0, 1, 0</c2><c3>0, 0, 1</c3></rotation></pose><symmetry><x>twoFold</x><y>cylindrical</y><z>twoFold</z></symmetry><detectionScore>-1.0</detectionScore></element><element><id>20</id><category>armchair</category><bounds><corner1>-2.756696375468974, -0.5774763122091068, -2.957914063816205</corner1><corner2>2.756696375468974, 0.5774763122091068, 2.957914063816205</corner2></bounds><pose><translation>2.14673145512538, -0.989020228577588, 3.965104621597104</translation><rotation><c1>1, 0, 0</c1><c2>0, 1, 0</c2><c3>0, 0, 1</c3></rotation></pose><symmetry><x>twoFold</x><y>cylindrical</y><z>twoFold</z></symmetry><detectionScore>-1.0</detectionScore></element><element><id>21</id><category>ottoman</category><bounds><corner1>-0.6495227327152868, -0.2446187280372375, -0.4679461193160519</corner1><corner2>0.6495227327152868, 0.2446187280372375, 0.4679461193160519</corner2></bounds><pose><translation>1.9996601364728126, -0.9871865080479516, -0.7107721075572155</translation><rotation><c1>1, 0, 0</c1><c2>0, 1, 0</c2><c3>0, 0, 1</c3></rotation></pose><symmetry><x>twoFold</x><y>cylindrical</y><z>twoFold</z></symmetry><detectionScore>-1.0</detectionScore></element><element><id>22</id><category>rug</category><bounds><corner1>-2.554426533866788, -0.33412128884691394, -0.5293128947746186</corner1><corner2>2.554426533866788, 0.33412128884691394, 0.5293128947746186</corner2></bounds><pose><translation>2.4819535631313445, -0.9901164993081061, -0.7472494514861221</translation><rotation><c1>1, 0, 0</c1><c2>0, 1, 0</c2><c3>0, 0, 1</c3></rotation></pose><symmetry><x>twoFold</x><y>cylindrical</y><z>twoFold</z></symmetry><detectionScore>-1.0</detectionScore></element><element><id>23</id><category>door</category><bounds><corner1>-0.5871210819104054, -1.2515105493242253, -1.2957273769764805</corner1><corner2>0.5871210819104054, 1.2515105493242253, 1.2957273769764805</corner2></bounds><pose><translation>4.9798854459532205, -0.3885609687704068, 3.5481962371720313</translation><rotation><c1>1, 0, 0</c1><c2>0, 1, 0</c2><c3>0, 0, 1</c3></rotation></pose><symmetry><x>twoFold</x><y>cylindrical</y><z>twoFold</z></symmetry><detectionScore>-1.0</detectionScore></element><element><id>24</id><category>wall</category><bounds><corner1>-4.3642594992946595, -1.2545614518793822, -1.6084230254444156</corner1><corner2>4.3642594992946595, 1.2545614518793822, 1.6084230254444156</corner2></bounds><pose><translation>-5.770588915960817, -0.1667943087681233, 1.3108103748869397</translation><rotation><c1>1, 0, 0</c1><c2>0, 1, 0</c2><c3>0, 0, 1</c3></rotation></pose><symmetry><x>twoFold</x><y>cylindrical</y><z>twoFold</z></symmetry><detectionScore>-1.0</detectionScore></element><element><id>25</id><category>chandelier</category><bounds><corner1>-1.6971178635635598, -0.08969133385275785, -1.294988435087637</corner1><corner2>1.6971178635635598, 0.08969133385275785, 1.294988435087637</corner2></bounds><pose><translation>3.0737414730948736, 1.2484625580111546, 5.678332488237689</translation><rotation><c1>1, 0, 0</c1><c2>0, 1, 0</c2><c3>0, 0, 1</c3></rotation></pose><symmetry><x>twoFold</x><y>cylindrical</y><z>twoFold</z></symmetry><detectionScore>-1.0</detectionScore></element><element><id>26</id><category>door</category><bounds><corner1>-1.138939865965673, -0.7523079970945695, -1.2466395743600382</corner1><corner2>1.138939865965673, 0.7523079970945695, 1.2466395743600382</corner2></bounds><pose><translation>-2.518293957599523, -0.2138185759286001, 1.5222890231973678</translation><rotation><c1>1, 0, 0</c1><c2>0, 1, 0</c2><c3>0, 0, 1</c3></rotation></pose><symmetry><x>twoFold</x><y>cylindrical</y><z>twoFold</z></symmetry><detectionScore>-1.0</detectionScore></element><element><id>27</id><category>wall</category><bounds><corner1>-1.4602455679201836, -1.4170367912375277, -2.5247259047436823</corner1><corner2>1.4602455679201836, 1.4170367912375277, 2.5247259047436823</corner2></bounds><pose><translation>-1.5558912015001087, -0.05859385832993435, -4.5169045083677</translation><rotation><c1>1, 0, 0</c1><c2>0, 1, 0</c2><c3>0, 0, 1</c3></rotation></pose><symmetry><x>twoFold</x><y>cylindrical</y><z>twoFold</z></symmetry><detectionScore>-1.0</detectionScore></element><element><id>28</id><category>person</category><bounds><corner1>-3.2592598988344914, -0.3551601103534996, -0.8823338603345806</corner1><corner2>3.2592598988344914, 0.3551601103534996, 0.8823338603345806</corner2></bounds><pose><translation>2.3176665361255235, -1.0111553208146917, -0.9143589253072638</translation><rotation><c1>1, 0, 0</c1><c2>0, 1, 0</c2><c3>0, 0, 1</c3></rotation></pose><symmetry><x>twoFold</x><y>cylindrical</y><z>twoFold</z></symmetry><detectionScore>-1.0</detectionScore></element><element><id>29</id><category>chandelier</category><bounds><corner1>-0.8068352185700993, -0.3683642130128022, -1.2265128292819578</corner1><corner2>0.8068352185700993, 0.3683642130128022, 1.2265128292819578</corner2></bounds><pose><translation>-5.16700889487523, 0.9577401652782396, -4.402036124584447</translation><rotation><c1>1, 0, 0</c1><c2>0, 1, 0</c2><c3>0, 0, 1</c3></rotation></pose><symmetry><x>twoFold</x><y>cylindrical</y><z>twoFold</z></symmetry><detectionScore>-1.0</detectionScore></element><element><id>30</id><category>coffee_table</category><bounds><corner1>-2.7428373149752963, -0.33602354031138426, -0.49863943967889496</corner1><corner2>2.7428373149752963, 0.33602354031138426, 0.49863943967889496</corner2></bounds><pose><translation>2.487680291074714, -0.9920187507725764, -0.7600501914683669</translation><rotation><c1>1, 0, 0</c1><c2>0, 1, 0</c2><c3>0, 0, 1</c3></rotation></pose><symmetry><x>twoFold</x><y>cylindrical</y><z>twoFold</z></symmetry><detectionScore>-1.0</detectionScore></element><element><id>31</id><category>vase</category><bounds><corner1>-0.33074468662976775, -0.7945808378179915, -0.5249420065926165</corner1><corner2>0.33074468662976775, 0.7945808378179915, 0.5249420065926165</corner2></bounds><pose><translation>-0.24919781115161269, -1.4853123351793251, -2.502496107359766</translation><rotation><c1>1, 0, 0</c1><c2>0, 1, 0</c2><c3>0, 0, 1</c3></rotation></pose><symmetry><x>twoFold</x><y>cylindrical</y><z>twoFold</z></symmetry><detectionScore>-1.0</detectionScore></element><element><id>32</id><category>shelving</category><bounds><corner1>-0.6448676307787905, -0.3727120779113344, -1.4374436304708789</corner1><corner2>0.6448676307787905, 0.3727120779113344, 1.4374436304708789</corner2></bounds><pose><translation>-1.0988501495390284, -0.2059487514257317, 1.6762097851060143</translation><rotation><c1>1, 0, 0</c1><c2>0, 1, 0</c2><c3>0, 0, 1</c3></rotation></pose><symmetry><x>twoFold</x><y>cylindrical</y><z>twoFold</z></symmetry><detectionScore>-1.0</detectionScore></element><element><id>33</id><category>chandelier</category><bounds><corner1>-2.2788383208201357, -0.12315185924405903, -0.8175836714380404</corner1><corner2>2.2788383208201357, 0.12315185924405903, 0.8175836714380404</corner2></bounds><pose><translation>3.3282459182458397, 1.3142208583256854, -1.4815971342826255</translation><rotation><c1>1, 0, 0</c1><c2>0, 1, 0</c2><c3>0, 0, 1</c3></rotation></pose><symmetry><x>twoFold</x><y>cylindrical</y><z>twoFold</z></symmetry><detectionScore>-1.0</detectionScore></element><element><id>34</id><category>plant</category><bounds><corner1>-0.815834978222095, -0.6184870372275797, -0.9806854989575196</corner1><corner2>0.815834978222095, 0.6184870372275797, 0.9806854989575196</corner2></bounds><pose><translation>-5.3182237603217875, -1.1871734614586966, -3.987455432883681</translation><rotation><c1>1, 0, 0</c1><c2>0, 1, 0</c2><c3>0, 0, 1</c3></rotation></pose><symmetry><x>twoFold</x><y>cylindrical</y><z>twoFold</z></symmetry><detectionScore>-1.0</detectionScore></element><element><id>35</id><category>coffee_table</category><bounds><corner1>-0.6064285597866381, -0.810711466380644, -0.6843853441481448</corner1><corner2>0.6064285597866381, 0.810711466380644, 0.6843853441481448</corner2></bounds><pose><translation>-2.8814602210571842, -1.6484749555005163, -0.8602166670057042</translation><rotation><c1>1, 0, 0</c1><c2>0, 1, 0</c2><c3>0, 0, 1</c3></rotation></pose><symmetry><x>twoFold</x><y>cylindrical</y><z>twoFold</z></symmetry><detectionScore>-1.0</detectionScore></element><element><id>36</id><category>rug</category><bounds><corner1>-0.44791459478924645, -0.022553040147471393, -0.4226896744004239</corner1><corner2>0.44791459478924645, 0.022553040147471393, 0.4226896744004239</corner2></bounds><pose><translation>1.603616428013998, -0.8456095662833659, -0.1744652181385915</translation><rotation><c1>1, 0, 0</c1><c2>0, 1, 0</c2><c3>0, 0, 1</c3></rotation></pose><symmetry><x>twoFold</x><y>cylindrical</y><z>twoFold</z></symmetry><detectionScore>-1.0</detectionScore></element><element><id>37</id><category>wall</category><bounds><corner1>-0.8246140267233607, -1.3506300427068705, -3.205909667380138</corner1><corner2>0.8246140267233607, 1.3506300427068705, 3.205909667380138</corner2></bounds><pose><translation>-1.7707955198864394, 0.006449317271515363, 1.5007156013532734</translation><rotation><c1>1, 0, 0</c1><c2>0, 1, 0</c2><c3>0, 0, 1</c3></rotation></pose><symmetry><x>twoFold</x><y>cylindrical</y><z>twoFold</z></symmetry><detectionScore>-1.0</detectionScore></element><element><id>38</id><category>door</category><bounds><corner1>-5.52790789446507, -2.685790102832084, -1.2403263926868093</corner1><corner2>5.52790789446507, 2.685790102832084, 1.2403263926868093</corner2></bounds><pose><translation>-5.52790789446507, -0.43048821746943644, -1.0377160175887077</translation><rotation><c1>1, 0, 0</c1><c2>0, 1, 0</c2><c3>0, 0, 1</c3></rotation></pose><symmetry><x>twoFold</x><y>cylindrical</y><z>twoFold</z></symmetry><detectionScore>-1.0</detectionScore></element><element><id>39</id><category>ottoman</category><bounds><corner1>-2.5767536238852133, -0.33419734988004357, -0.5106621541836381</corner1><corner2>2.5767536238852133, 0.33419734988004357, 0.5106621541836381</corner2></bounds><pose><translation>2.459626473112919, -0.9901925603412357, -0.7624670550382555</translation><rotation><c1>1, 0, 0</c1><c2>0, 1, 0</c2><c3>0, 0, 1</c3></rotation></pose><symmetry><x>twoFold</x><y>cylindrical</y><z>twoFold</z></symmetry><detectionScore>-1.0</detectionScore></element><element><id>40</id><category>rug</category><bounds><corner1>-0.2539390728396991, -0.16857467140723603, -0.482220483055998</corner1><corner2>0.2539390728396991, 0.16857467140723603, 0.482220483055998</corner2></bounds><pose><translation>2.0033000144951476, -0.9900195006249037, -0.4934242148016389</translation><rotation><c1>1, 0, 0</c1><c2>0, 1, 0</c2><c3>0, 0, 1</c3></rotation></pose><symmetry><x>twoFold</x><y>cylindrical</y><z>twoFold</z></symmetry><detectionScore>-1.0</detectionScore></element><element><id>41</id><category>armchair</category><bounds><corner1>-2.7481061785284537, -0.6550413077598475, -0.23132932861143995</corner1><corner2>2.7481061785284537, 0.6550413077598475, 0.23132932861143995</corner2></bounds><pose><translation>-4.542295485628086, -0.8109815893339366, 2.330090125539548</translation><rotation><c1>1, 0, 0</c1><c2>0, 1, 0</c2><c3>0, 0, 1</c3></rotation></pose><symmetry><x>twoFold</x><y>cylindrical</y><z>twoFold</z></symmetry><detectionScore>-1.0</detectionScore></element><element><id>42</id><category>door</category><bounds><corner1>-1.4308782578356116, -1.4260650583177192, -5.721913819736544</corner1><corner2>1.4308782578356116, 1.4260650583177192, 5.721913819736544</corner2></bounds><pose><translation>0.04719505543567842, -0.08804420036767294, 1.3178400071927618</translation><rotation><c1>1, 0, 0</c1><c2>0, 1, 0</c2><c3>0, 0, 1</c3></rotation></pose><symmetry><x>twoFold</x><y>cylindrical</y><z>twoFold</z></symmetry><detectionScore>-1.0</detectionScore></element><element><id>43</id><category>wall</category><bounds><corner1>-3.511351374089756, -1.3696848325296505, -2.0797452030813828</corner1><corner2>3.511351374089756, 1.3696848325296505, 2.0797452030813828</corner2></bounds><pose><translation>1.931687544243638, -0.07243547528322782, 4.960771886972015</translation><rotation><c1>1, 0, 0</c1><c2>0, 1, 0</c2><c3>0, 0, 1</c3></rotation></pose><symmetry><x>twoFold</x><y>cylindrical</y><z>twoFold</z></symmetry><detectionScore>-1.0</detectionScore></element><element><id>44</id><category>plant</category><bounds><corner1>-1.6679364891174435, -1.2812435489044656, -3.9189482689245665</corner1><corner2>1.6679364891174435, 1.2812435489044656, 3.9189482689245665</corner2></bounds><pose><translation>0.5353737875116255, -1.4625987177474993, 3.041968918228566</translation><rotation><c1>1, 0, 0</c1><c2>0, 1, 0</c2><c3>0, 0, 1</c3></rotation></pose><symmetry><x>twoFold</x><y>cylindrical</y><z>twoFold</z></symmetry><detectionScore>-1.0</detectionScore></element><element><id>45</id><category>chandelier</category><bounds><corner1>-1.1442606109837152, -0.7549363387971556, -4.719688217185775</corner1><corner2>1.1442606109837152, 0.7549363387971556, 4.719688217185775</corner2></bounds><pose><translation>0.22056848457267716, 0.6735112771730313, 2.182888164754464</translation><rotation><c1>1, 0, 0</c1><c2>0, 1, 0</c2><c3>0, 0, 1</c3></rotation></pose><symmetry><x>twoFold</x><y>cylindrical</y><z>twoFold</z></symmetry><detectionScore>-1.0</detectionScore></element><element><id>46</id><category>bookshelf</category><bounds><corner1>-0.5870114282311292, -1.265223519860523, -0.8015507906124473</corner1><corner2>0.5870114282311292, 1.265223519860523, 0.8015507906124473</corner2></bounds><pose><translation>4.97442254062539, -0.4252855405796619, 3.6158240696244315</translation><rotation><c1>1, 0, 0</c1><c2>0, 1, 0</c2><c3>0, 0, 1</c3></rotation></pose><symmetry><x>twoFold</x><y>cylindrical</y><z>twoFold</z></symmetry><detectionScore>-1.0</detectionScore></element><element><id>47</id><category>chair</category><bounds><corner1>-2.527881565859079, -0.5097823600728906, -3.043088032278489</corner1><corner2>2.527881565859079, 0.5097823600728906, 3.043088032278489</corner2></bounds><pose><translation>2.921607954271043, -0.8861244964709243, 3.9145834744405383</translation><rotation><c1>1, 0, 0</c1><c2>0, 1, 0</c2><c3>0, 0, 1</c3></rotation></pose><symmetry><x>twoFold</x><y>cylindrical</y><z>twoFold</z></symmetry><detectionScore>-1.0</detectionScore></element><element><id>48</id><category>chair</category><bounds><corner1>-2.7195511250014874, -0.5133466785953887, -3.3094783625180613</corner1><corner2>2.7195511250014874, 0.5133466785953887, 3.3094783625180613</corner2></bounds><pose><translation>2.2532452597981534, -0.8284789743228274, 3.648193144200966</translation><rotation><c1>1, 0, 0</c1><c2>0, 1, 0</c2><c3>0, 0, 1</c3></rotation></pose><symmetry><x>twoFold</x><y>cylindrical</y><z>twoFold</z></symmetry><detectionScore>-1.0</detectionScore></element><element><id>49</id><category>wall</category><bounds><corner1>-0.6569876820067617, -0.9705430548717895, -1.7675772282183693</corner1><corner2>0.6569876820067617, 0.9705430548717895, 1.7675772282183693</corner2></bounds><pose><translation>-1.8045576066423008, 0.021361732358234076, 1.1677455255737064</translation><rotation><c1>1, 0, 0</c1><c2>0, 1, 0</c2><c3>0, 0, 1</c3></rotation></pose><symmetry><x>twoFold</x><y>cylindrical</y><z>twoFold</z></symmetry><detectionScore>-1.0</detectionScore></element><element><id>50</id><category>wall</category><bounds><corner1>-2.972581837632789, -0.8967442389856106, -0.32618266955299147</corner1><corner2>2.972581837632789, 0.8967442389856106, 0.32618266955299147</corner2></bounds><pose><translation>-4.312495010524412, -0.10000465680839737, 2.594787293088589</translation><rotation><c1>1, 0, 0</c1><c2>0, 1, 0</c2><c3>0, 0, 1</c3></rotation></pose><symmetry><x>twoFold</x><y>cylindrical</y><z>twoFold</z></symmetry><detectionScore>-1.0</detectionScore></element><element><id>51</id><category>rug</category><bounds><corner1>-0.16437224548742257, -0.19617034407528056, -0.46109676747845474</corner1><corner2>0.16437224548742257, 0.19617034407528056, 0.46109676747845474</corner2></bounds><pose><translation>1.8339608039262638, -1.0226935169981708, -0.5630469569136403</translation><rotation><c1>1, 0, 0</c1><c2>0, 1, 0</c2><c3>0, 0, 1</c3></rotation></pose><symmetry><x>twoFold</x><y>cylindrical</y><z>twoFold</z></symmetry><detectionScore>-1.0</detectionScore></element><element><id>52</id><category>dining_table</category><bounds><corner1>-2.8861403363467892, -0.6830012850362013, -2.9078177986201807</corner1><corner2>2.8861403363467892, 0.6830012850362013, 2.9078177986201807</corner2></bounds><pose><translation>2.483755570033589, -1.1588179360327011, 3.5996063530171063</translation><rotation><c1>1, 0, 0</c1><c2>0, 1, 0</c2><c3>0, 0, 1</c3></rotation></pose><symmetry><x>twoFold</x><y>cylindrical</y><z>twoFold</z></symmetry><detectionScore>-1.0</detectionScore></element><element><id>53</id><category>wall</category><bounds><corner1>-1.2601657355426763, -1.4500238457514583, -0.28176865487867886</corner1><corner2>1.2601657355426763, 1.4500238457514583, 0.28176865487867886</corner2></bounds><pose><translation>4.190025900333621, -0.1514707994701308, 6.70683144273217</translation><rotation><c1>1, 0, 0</c1><c2>0, 1, 0</c2><c3>0, 0, 1</c3></rotation></pose><symmetry><x>twoFold</x><y>cylindrical</y><z>twoFold</z></symmetry><detectionScore>-1.0</detectionScore></element><element><id>54</id><category>person</category><bounds><corner1>-2.1272555238574062, -0.8331752371335881, -2.7933050125532475</corner1><corner2>2.1272555238574062, 0.8331752371335881, 2.7933050125532475</corner2></bounds><pose><translation>3.342393661131111, -0.7045937769183037, 4.162404835688342</translation><rotation><c1>1, 0, 0</c1><c2>0, 1, 0</c2><c3>0, 0, 1</c3></rotation></pose><symmetry><x>twoFold</x><y>cylindrical</y><z>twoFold</z></symmetry><detectionScore>-1.0</detectionScore></element><element><id>55</id><category>shelving</category><bounds><corner1>-1.2173382113143334, -1.4454128051775403, -2.3962586873708553</corner1><corner2>1.2173382113143334, 1.4454128051775403, 2.3962586873708553</corner2></bounds><pose><translation>-1.2152488994214072, -0.25258929281896153, -4.445012914636728</translation><rotation><c1>1, 0, 0</c1><c2>0, 1, 0</c2><c3>0, 0, 1</c3></rotation></pose><symmetry><x>twoFold</x><y>cylindrical</y><z>twoFold</z></symmetry><detectionScore>-1.0</detectionScore></element><element><id>56</id><category>chair</category><bounds><corner1>-0.6657387233593768, -0.7784774289276233, -0.7188276645945186</corner1><corner2>0.6657387233593768, 0.7784774289276233, 0.7188276645945186</corner2></bounds><pose><translation>-1.0969211535556702, -1.6799000991152118, 2.3979526296852716</translation><rotation><c1>1, 0, 0</c1><c2>0, 1, 0</c2><c3>0, 0, 1</c3></rotation></pose><symmetry><x>twoFold</x><y>cylindrical</y><z>twoFold</z></symmetry><detectionScore>-1.0</detectionScore></element><element><id>57</id><category>wall</category><bounds><corner1>-0.5430416248008942, -1.4073572126660998, -1.7046621037991638</corner1><corner2>0.5430416248008942, 1.4073572126660998, 1.7046621037991638</corner2></bounds><pose><translation>5.0421843436476905, -0.08320203018493641, 3.370874006645857</translation><rotation><c1>1, 0, 0</c1><c2>0, 1, 0</c2><c3>0, 0, 1</c3></rotation></pose><symmetry><x>twoFold</x><y>cylindrical</y><z>twoFold</z></symmetry><detectionScore>-1.0</detectionScore></element><element><id>58</id><category>wall</category><bounds><corner1>-6.004220799538226, -1.4675010855693178, -3.877164887291599</corner1><corner2>6.004220799538226, 1.4675010855693178, 3.877164887291599</corner2></bounds><pose><translation>5.47646728189577, -0.1346188463543591, 0.39922044306002014</translation><rotation><c1>1, 0, 0</c1><c2>0, 1, 0</c2><c3>0, 0, 1</c3></rotation></pose><symmetry><x>twoFold</x><y>cylindrical</y><z>twoFold</z></symmetry><detectionScore>-1.0</detectionScore></element><element><id>59</id><category>chair</category><bounds><corner1>-2.1487097378303557, -0.49927521752076587, -2.9320442591682045</corner1><corner2>2.1487097378303557, 0.49927521752076587, 2.9320442591682045</corner2></bounds><pose><translation>3.320258769705434, -0.7218768785282048, 3.9998144905836783</translation><rotation><c1>1, 0, 0</c1><c2>0, 1, 0</c2><c3>0, 0, 1</c3></rotation></pose><symmetry><x>twoFold</x><y>cylindrical</y><z>twoFold</z></symmetry><detectionScore>-1.0</detectionScore></element><element><id>60</id><category>rug</category><bounds><corner1>-0.6287459423779742, -0.23766952071572234, -0.4727751061752471</corner1><corner2>0.6287459423779742, 0.23766952071572234, 0.4727751061752471</corner2></bounds><pose><translation>1.9985725691875018, -0.9883318214448805, -0.7014277781231433</translation><rotation><c1>1, 0, 0</c1><c2>0, 1, 0</c2><c3>0, 0, 1</c3></rotation></pose><symmetry><x>twoFold</x><y>cylindrical</y><z>twoFold</z></symmetry><detectionScore>-1.0</detectionScore></element></elements></scene>