<?xml version='1.0' encoding='utf-8'?>
<scene xmlns:sumo="https://www.sumochallenge.org"><version>2.0</version><categories><id>fb_categories_v1.0</id><url>https://sumochallenge.org/en/categories-1_0.json</url></categories><project_type>bounding_box</project_type><elements><element><id>18</id><category>wall</category><bounds><corner1>-1.92640317, -1.12221199, -2.65537949</corner1><corner2>1.92640317, 1.12221199, 2.65537949</corner2></bounds><pose><translation>-0.8840503 , -0.1049151 , -4.19631156</translation><rotation><c1>1., 0., 0.</c1><c2>0., 1., 0.</c2><c3>0., 0., 1.</c3></rotation></pose><symmetry><x>none</x><y>twoFold</y><z>none</z></symmetry><detectionScore>0.8333465</detectionScore></element><element><id>5</id><category>refrigerator</category><bounds><corner1>-0.10387149, -0.8636595 , -0.40413405</corner1><corner2>0.10387149, 0.8636595 , 0.40413405</corner2></bounds><pose><translation> 1.59804741, -0.43677066, -0.86377534</translation><rotation><c1>1., 0., 0.</c1><c2>0., 1., 0.</c2><c3>0., 0., 1.</c3></rotation></pose><symmetry><x>none</x><y>none</y><z>twoFold</z></symmetry><detectionScore>0.95744526</detectionScore></element><element><id>15</id><category>kitchen_cabinet</category><bounds><corner1>-0.46593694, -0.34506147, -0.31481617</corner1><corner2>0.46593694, 0.34506147, 0.31481617</corner2></bounds><pose><translation> 1.60094958, -0.9891089 ,  0.6028012 </translation><rotation><c1>1., 0., 0.</c1><c2>0., 1., 0.</c2><c3>0., 0., 1.</c3></rotation></pose><symmetry><x>none</x><y>none</y><z>none</z></symmetry><detectionScore>0.95680815</detectionScore></element><element><id>10</id><category>floor_lamp</category><bounds><corner1>-1.83844791, -1.49585035, -1.03335   </corner1><corner2>1.83844791, 1.49585035, 1.03335   </corner2></bounds><pose><translation>-6.03894582, -0.37123275, -2.94515935</translation><rotation><c1>1., 0., 0.</c1><c2>0., 1., 0.</c2><c3>0., 0., 1.</c3></rotation></pose><symmetry><x>none</x><y>cylindrical</y><z>none</z></symmetry><detectionScore>0.95692617</detectionScore></element><element><id>3</id><category>hanging_kitchen_cabinet</category><bounds><corner1>-0.15700453, -0.27052856, -0.29210325</corner1><corner2>0.15700453, 0.27052856, 0.29210325</corner2></bounds><pose><translation>1.83098062, 0.23926997, 0.60763071</translation><rotation><c1>1., 0., 0.</c1><c2>0., 1., 0.</c2><c3>0., 0., 1.</c3></rotation></pose><symmetry><x>none</x><y>none</y><z>twoFold</z></symmetry><detectionScore>0.8176216</detectionScore></element><element><id>4</id><category>stairs</category><bounds><corner1>-1.24912792, -0.76701979, -1.62720881</corner1><corner2>1.24912792, 0.76701979, 1.62720881</corner2></bounds><pose><translation> 0.91488594,  0.43562167, -3.34314746</translation><rotation><c1>1., 0., 0.</c1><c2>0., 1., 0.</c2><c3>0., 0., 1.</c3></rotation></pose><symmetry><x>none</x><y>none</y><z>none</z></symmetry><detectionScore>0.9462457</detectionScore></element><element><id>12</id><category>kitchen_cabinet</category><bounds><corner1>-0.34002329, -0.35289619, -0.3866632 </corner1><corner2>0.34002329, 0.35289619, 0.3866632 </corner2></bounds><pose><translation> 1.59700981, -1.00464025, -0.05931479</translation><rotation><c1>1., 0., 0.</c1><c2>0., 1., 0.</c2><c3>0., 0., 1.</c3></rotation></pose><symmetry><x>none</x><y>none</y><z>none</z></symmetry><detectionScore>0.99475765</detectionScore></element><element><id>2</id><category>chair</category><bounds><corner1>-0.43942114, -0.4793749 , -0.38107618</corner1><corner2>0.43942114, 0.4793749 , 0.38107618</corner2></bounds><pose><translation>-1.49870668, -0.90523345, -1.89509088</translation><rotation><c1>1., 0., 0.</c1><c2>0., 1., 0.</c2><c3>0., 0., 1.</c3></rotation></pose><symmetry><x>none</x><y>none</y><z>none</z></symmetry><detectionScore>0.6822455</detectionScore></element><element><id>1</id><category>chair</category><bounds><corner1>-0.16468425, -0.37705836, -0.841147  </corner1><corner2>0.16468425, 0.37705836, 0.841147  </corner2></bounds><pose><translation>-0.72853699, -0.80339976, -2.39408347</translation><rotation><c1>1., 0., 0.</c1><c2>0., 1., 0.</c2><c3>0., 0., 1.</c3></rotation></pose><symmetry><x>none</x><y>none</y><z>none</z></symmetry><detectionScore>0.80947846</detectionScore></element><element><id>17</id><category>hanging_kitchen_cabinet</category><bounds><corner1>-0.32614573, -0.31532089, -0.57648336</corner1><corner2>0.32614573, 0.31532089, 0.57648336</corner2></bounds><pose><translation>1.83094973, 0.3057475 , 1.19855949</translation><rotation><c1>1., 0., 0.</c1><c2>0., 1., 0.</c2><c3>0., 0., 1.</c3></rotation></pose><symmetry><x>none</x><y>none</y><z>twoFold</z></symmetry><detectionScore>0.9425091</detectionScore></element><element><id>13</id><category>chandelier</category><bounds><corner1>-0.61085073, -0.02941063, -0.66299024</corner1><corner2>0.61085073, 0.02941063, 0.66299024</corner2></bounds><pose><translation>-1.48345322,  1.17733289, -2.41702658</translation><rotation><c1>1., 0., 0.</c1><c2>0., 1., 0.</c2><c3>0., 0., 1.</c3></rotation></pose><symmetry><x>none</x><y>cylindrical</y><z>none</z></symmetry><detectionScore>0.9593505</detectionScore></element><element><id>16</id><category>ottoman</category><bounds><corner1>-1.6793033 , -0.67002804, -0.71960198</corner1><corner2>1.6793033 , 0.67002804, 0.71960198</corner2></bounds><pose><translation>-3.48539222, -1.36078221, -2.23265969</translation><rotation><c1>1., 0., 0.</c1><c2>0., 1., 0.</c2><c3>0., 0., 1.</c3></rotation></pose><symmetry><x>none</x><y>twoFold</y><z>none</z></symmetry><detectionScore>0.5704033</detectionScore></element><element><id>9</id><category>kitchen_cabinet</category><bounds><corner1>-0.39764413, -0.34762736, -0.41709816</corner1><corner2>0.39764413, 0.34762736, 0.41709816</corner2></bounds><pose><translation> 0.59944989, -1.00270886,  1.56595885</translation><rotation><c1>1., 0., 0.</c1><c2>0., 1., 0.</c2><c3>0., 0., 1.</c3></rotation></pose><symmetry><x>none</x><y>none</y><z>none</z></symmetry><detectionScore>0.98406434</detectionScore></element><element><id>8</id><category>chair</category><bounds><corner1>-0.26211327, -0.48626497, -0.04695995</corner1><corner2>0.26211327, 0.48626497, 0.04695995</corner2></bounds><pose><translation>-0.97949527, -0.87851744, -1.55492605</translation><rotation><c1>1., 0., 0.</c1><c2>0., 1., 0.</c2><c3>0., 0., 1.</c3></rotation></pose><symmetry><x>none</x><y>none</y><z>none</z></symmetry><detectionScore>0.92069703</detectionScore></element><element><id>7</id><category>plant</category><bounds><corner1>-0.62912953, -0.88296798, -0.03593361</corner1><corner2>0.62912953, 0.88296798, 0.03593361</corner2></bounds><pose><translation>-3.11721107, -0.49019901,  2.18024829</translation><rotation><c1>1., 0., 0.</c1><c2>0., 1., 0.</c2><c3>0., 0., 1.</c3></rotation></pose><symmetry><x>none</x><y>cylindrical</y><z>none</z></symmetry><detectionScore>0.8477524</detectionScore></element><element><id>14</id><category>wall</category><bounds><corner1>-1.12404267, -1.29782023, -2.92583023</corner1><corner2>1.12404267, 1.29782023, 2.92583023</corner2></bounds><pose><translation>-6.09452883, -0.1811355 , -0.89842131</translation><rotation><c1>1., 0., 0.</c1><c2>0., 1., 0.</c2><c3>0., 0., 1.</c3></rotation></pose><symmetry><x>none</x><y>twoFold</y><z>none</z></symmetry><detectionScore>0.9896471</detectionScore></element></elements></scene>