<?xml version='1.0' encoding='utf-8'?>
<scene xmlns:sumo="https://www.sumochallenge.org"><version>2.0</version><categories><id>fb_categories_v1_0</id><url>https://sumochallenge.org/en/categories-1_0.json</url></categories><project_type>bounding_box</project_type><elements><element><id>0</id><category>sofa</category><bounds><corner1>-1.0087887223616754, -0.562763726534842, -0.6511988400934339</corner1><corner2>1.0087887223616754, 0.562763726534842, 0.6511988400934339</corner2></bounds><pose><translation>-3.041717049307069, -1.0235303426476272, -4.2351286052746735</translation><rotation><c1>1, 0, 0</c1><c2>0, 1, 0</c2><c3>0, 0, 1</c3></rotation></pose><symmetry><x>twoFold</x><y>cylindrical</y><z>twoFold</z></symmetry><detectionScore>-1.0</detectionScore></element><element><id>1</id><category>window</category><bounds><corner1>-1.7647052326451762, -1.3794266382891711, -1.462850354514662</corner1><corner2>1.7647052326451762, 1.3794266382891711, 1.462850354514662</corner2></bounds><pose><translation>-1.4735886289759403, -0.025226883239803457, -5.155992946497115</translation><rotation><c1>1, 0, 0</c1><c2>0, 1, 0</c2><c3>0, 0, 1</c3></rotation></pose><symmetry><x>twoFold</x><y>cylindrical</y><z>twoFold</z></symmetry><detectionScore>-1.0</detectionScore></element><element><id>2</id><category>television</category><bounds><corner1>-0.11493356850085501, -0.4512740900454397, -0.6787665280919981</corner1><corner2>0.11493356850085501, 0.4512740900454397, 0.6787665280919981</corner2></bounds><pose><translation>-4.208848573716832, 0.3082477711177424, -2.363640240506414</translation><rotation><c1>1, 0, 0</c1><c2>0, 1, 0</c2><c3>0, 0, 1</c3></rotation></pose><symmetry><x>twoFold</x><y>cylindrical</y><z>twoFold</z></symmetry><detectionScore>-1.0</detectionScore></element><element><id>3</id><category>dining_table</category><bounds><corner1>-0.6195828590815196, -0.3792138610890573, -1.5494521312553986</corner1><corner2>0.6195828590815196, 0.3792138610890573, 1.5494521312553986</corner2></bounds><pose><translation>-0.28839699512134676, -1.1359761521207632, -4.265519576327022</translation><rotation><c1>1, 0, 0</c1><c2>0, 1, 0</c2><c3>0, 0, 1</c3></rotation></pose><symmetry><x>twoFold</x><y>cylindrical</y><z>twoFold</z></symmetry><detectionScore>-1.0</detectionScore></element><element><id>4</id><category>candle</category><bounds><corner1>-0.4446377410834521, -0.3725853262277874, -0.4946109168750765</corner1><corner2>0.4446377410834521, 0.3725853262277874, 0.4946109168750765</corner2></bounds><pose><translation>-4.0808633372063525, -0.8796131437130414, -3.1199802869136843</translation><rotation><c1>1, 0, 0</c1><c2>0, 1, 0</c2><c3>0, 0, 1</c3></rotation></pose><symmetry><x>twoFold</x><y>cylindrical</y><z>twoFold</z></symmetry><detectionScore>-1.0</detectionScore></element><element><id>5</id><category>curtain</category><bounds><corner1>-2.437383667577639, -1.5177861631548402, -1.8128284991040253</corner1><corner2>2.437383667577639, 1.5177861631548402, 1.8128284991040253</corner2></bounds><pose><translation>-1.7374213982559763, -0.06522110072718611, -5.124986550017405</translation><rotation><c1>1, 0, 0</c1><c2>0, 1, 0</c2><c3>0, 0, 1</c3></rotation></pose><symmetry><x>twoFold</x><y>cylindrical</y><z>twoFold</z></symmetry><detectionScore>-1.0</detectionScore></element><element><id>6</id><category>picture_frame</category><bounds><corner1>-0.09001961778447809, -0.9770794356100787, -0.6135876740348107</corner1><corner2>0.09001961778447809, 0.9770794356100787, 0.6135876740348107</corner2></bounds><pose><translation>1.2643116560739158, 0.5933346095357401, -2.2647819863449983</translation><rotation><c1>1, 0, 0</c1><c2>0, 1, 0</c2><c3>0, 0, 1</c3></rotation></pose><symmetry><x>twoFold</x><y>cylindrical</y><z>twoFold</z></symmetry><detectionScore>-1.0</detectionScore></element><element><id>7</id><category>wall</category><bounds><corner1>-2.714730600266231, -1.476217501268183, -0.1398761881473165</corner1><corner2>2.714730600266231, 1.476217501268183, 0.1398761881473165</corner2></bounds><pose><translation>-1.5066345874686493, -0.02779725157977851, 5.681262899482145</translation><rotation><c1>1, 0, 0</c1><c2>0, 1, 0</c2><c3>0, 0, 1</c3></rotation></pose><symmetry><x>twoFold</x><y>cylindrical</y><z>twoFold</z></symmetry><detectionScore>-1.0</detectionScore></element><element><id>8</id><category>sofa</category><bounds><corner1>-0.7704595058015348, -0.4418264671844861, -1.4239316500653154</corner1><corner2>0.7704595058015348, 0.4418264671844861, 1.4239316500653154</corner2></bounds><pose><translation>0.49985228681900307, -0.9084856244971535, -3.08406478155239</translation><rotation><c1>1, 0, 0</c1><c2>0, 1, 0</c2><c3>0, 0, 1</c3></rotation></pose><symmetry><x>twoFold</x><y>cylindrical</y><z>twoFold</z></symmetry><detectionScore>-1.0</detectionScore></element><element><id>9</id><category>door</category><bounds><corner1>-1.0913086957885536, -1.4828698321210518, -1.3357932699632156</corner1><corner2>1.0913086957885536, 1.4828698321210518, 1.3357932699632156</corner2></bounds><pose><translation>-2.9299326784898376, -0.16324175881754982, -5.056902907675523</translation><rotation><c1>1, 0, 0</c1><c2>0, 1, 0</c2><c3>0, 0, 1</c3></rotation></pose><symmetry><x>twoFold</x><y>cylindrical</y><z>twoFold</z></symmetry><detectionScore>-1.0</detectionScore></element><element><id>10</id><category>plant</category><bounds><corner1>-0.6719525238673811, -1.244491721808175, -1.0549686149172741</corner1><corner2>0.6719525238673811, 1.244491721808175, 1.0549686149172741</corner2></bounds><pose><translation>-3.135521374285435, 0.22103004027582687, -4.993266846094595</translation><rotation><c1>1, 0, 0</c1><c2>0, 1, 0</c2><c3>0, 0, 1</c3></rotation></pose><symmetry><x>twoFold</x><y>cylindrical</y><z>twoFold</z></symmetry><detectionScore>-1.0</detectionScore></element><element><id>11</id><category>coffee_table</category><bounds><corner1>-0.6017162024420282, -0.39247273641895186, -1.6034723346092474</corner1><corner2>0.6017162024420282, 0.39247273641895186, 1.6034723346092474</corner2></bounds><pose><translation>-0.3319731359278353, -1.1492350274506578, -4.401780870499086</translation><rotation><c1>1, 0, 0</c1><c2>0, 1, 0</c2><c3>0, 0, 1</c3></rotation></pose><symmetry><x>twoFold</x><y>cylindrical</y><z>twoFold</z></symmetry><detectionScore>-1.0</detectionScore></element><element><id>12</id><category>plant</category><bounds><corner1>-1.8143570765291437, -1.1523578605016338, -2.6249233932451856</corner1><corner2>1.8143570765291437, 1.1523578605016338, 2.6249233932451856</corner2></bounds><pose><translation>-0.5835351607363737, 0.36360193951595965, -5.113313508529146</translation><rotation><c1>1, 0, 0</c1><c2>0, 1, 0</c2><c3>0, 0, 1</c3></rotation></pose><symmetry><x>twoFold</x><y>cylindrical</y><z>twoFold</z></symmetry><detectionScore>-1.0</detectionScore></element><element><id>13</id><category>curtain</category><bounds><corner1>-0.8229373931668742, -1.439611776333938, -1.2245832502542169</corner1><corner2>0.8229373931668742, 1.439611776333938, 1.2245832502542169</corner2></bounds><pose><translation>-3.248154939694139, -0.08329106759315755, -4.983481428806506</translation><rotation><c1>1, 0, 0</c1><c2>0, 1, 0</c2><c3>0, 0, 1</c3></rotation></pose><symmetry><x>twoFold</x><y>cylindrical</y><z>twoFold</z></symmetry><detectionScore>-1.0</detectionScore></element><element><id>14</id><category>window</category><bounds><corner1>-0.8149683773388423, -1.3397403664336314, -1.21676798768755</corner1><corner2>0.8149683773388423, 1.3397403664336314, 1.21676798768755</corner2></bounds><pose><translation>-3.254435295570984, -0.11250463371994815, -4.9826282990335455</translation><rotation><c1>1, 0, 0</c1><c2>0, 1, 0</c2><c3>0, 0, 1</c3></rotation></pose><symmetry><x>twoFold</x><y>cylindrical</y><z>twoFold</z></symmetry><detectionScore>-1.0</detectionScore></element><element><id>15</id><category>vase</category><bounds><corner1>-0.30374386078721693, -0.3328258263707493, -0.20524953834108717</corner1><corner2>0.30374386078721693, 0.3328258263707493, 0.20524953834108717</corner2></bounds><pose><translation>1.213114392083994, -0.8344866637197262, -0.7629630192217518</translation><rotation><c1>1, 0, 0</c1><c2>0, 1, 0</c2><c3>0, 0, 1</c3></rotation></pose><symmetry><x>twoFold</x><y>cylindrical</y><z>twoFold</z></symmetry><detectionScore>-1.0</detectionScore></element><element><id>16</id><category>chair</category><bounds><corner1>-0.5377741452525325, -0.430090747710666, -1.6274196354165809</corner1><corner2>0.5377741452525325, 0.430090747710666, 1.6274196354165809</corner2></bounds><pose><translation>-0.3517092205587289, -1.186853038742372, -4.465909052414573</translation><rotation><c1>1, 0, 0</c1><c2>0, 1, 0</c2><c3>0, 0, 1</c3></rotation></pose><symmetry><x>twoFold</x><y>cylindrical</y><z>twoFold</z></symmetry><detectionScore>-1.0</detectionScore></element><element><id>17</id><category>door</category><bounds><corner1>-0.8043956467967668, -1.6966071646388015, -2.8412113185479817</corner1><corner2>0.8043956467967668, 1.6966071646388015, 2.8412113185479817</corner2></bounds><pose><translation>0.42239440199729333, -0.24252415717928053, -5.065512030822036</translation><rotation><c1>1, 0, 0</c1><c2>0, 1, 0</c2><c3>0, 0, 1</c3></rotation></pose><symmetry><x>twoFold</x><y>cylindrical</y><z>twoFold</z></symmetry><detectionScore>-1.0</detectionScore></element><element><id>18</id><category>door</category><bounds><corner1>-2.00620491301275, -1.5452113793859246, -1.9103039664134367</corner1><corner2>2.00620491301275, 1.5452113793859246, 1.9103039664134367</corner2></bounds><pose><translation>-1.3556811039898475, -0.08568956777171409, -5.1415955518105125</translation><rotation><c1>1, 0, 0</c1><c2>0, 1, 0</c2><c3>0, 0, 1</c3></rotation></pose><symmetry><x>twoFold</x><y>cylindrical</y><z>twoFold</z></symmetry><detectionScore>-1.0</detectionScore></element><element><id>19</id><category>wall</category><bounds><corner1>-2.683452070884261, -1.5250510311658445, -2.7288693368322083</corner1><corner2>2.683452070884261, 1.5250510311658445, 2.7288693368322083</corner2></bounds><pose><translation>-1.4584819554923898, -0.06504180140943036, -5.106874256012401</translation><rotation><c1>1, 0, 0</c1><c2>0, 1, 0</c2><c3>0, 0, 1</c3></rotation></pose><symmetry><x>twoFold</x><y>cylindrical</y><z>twoFold</z></symmetry><detectionScore>-1.0</detectionScore></element><element><id>20</id><category>vase</category><bounds><corner1>-0.3921774689904942, -0.541346666886218, -0.5051001505196062</corner1><corner2>0.3921774689904942, 0.541346666886218, 0.5051001505196062</corner2></bounds><pose><translation>-4.013929344946188, -0.5453786319698548, -3.517634342184573</translation><rotation><c1>1, 0, 0</c1><c2>0, 1, 0</c2><c3>0, 0, 1</c3></rotation></pose><symmetry><x>twoFold</x><y>cylindrical</y><z>twoFold</z></symmetry><detectionScore>-1.0</detectionScore></element><element><id>21</id><category>armchair</category><bounds><corner1>-1.0035163706759769, -0.5698134313574816, -0.6506152872310542</corner1><corner2>1.0035163706759769, 0.5698134313574816, 0.6506152872310542</corner2></bounds><pose><translation>-3.065287422349469, -1.0114906103637578, -4.234545052412294</translation><rotation><c1>1, 0, 0</c1><c2>0, 1, 0</c2><c3>0, 0, 1</c3></rotation></pose><symmetry><x>twoFold</x><y>cylindrical</y><z>twoFold</z></symmetry><detectionScore>-1.0</detectionScore></element><element><id>22</id><category>candle</category><bounds><corner1>-0.37088482873043027, -0.5073397171051538, -0.5767669143109018</corner1><corner2>0.37088482873043027, 0.5073397171051538, 0.5767669143109018</corner2></bounds><pose><translation>-4.002745295441905, -0.6163396640406175, -3.4355925610528932</translation><rotation><c1>1, 0, 0</c1><c2>0, 1, 0</c2><c3>0, 0, 1</c3></rotation></pose><symmetry><x>twoFold</x><y>cylindrical</y><z>twoFold</z></symmetry><detectionScore>-1.0</detectionScore></element><element><id>23</id><category>plant</category><bounds><corner1>-1.2466011086685014, -1.5853032459832093, -1.1467540812748585</corner1><corner2>1.2466011086685014, 1.5853032459832093, 1.1467540812748585</corner2></bounds><pose><translation>-3.5113515609835546, -0.13616880170867837, -4.730683846456098</translation><rotation><c1>1, 0, 0</c1><c2>0, 1, 0</c2><c3>0, 0, 1</c3></rotation></pose><symmetry><x>twoFold</x><y>cylindrical</y><z>twoFold</z></symmetry><detectionScore>-1.0</detectionScore></element></elements></scene>