<?xml version='1.0' encoding='utf-8'?>
<scene xmlns:sumo="https://www.sumochallenge.org"><version>2.0</version><categories><id>fb_categories_v1_0</id><url>https://sumochallenge.org/en/categories-1_0.json</url></categories><project_type>bounding_box</project_type><elements><element><id>0</id><category>sofa</category><bounds><corner1>-0.9597868774217124, -0.6934350175165314, -0.28851270906426363</corner1><corner2>0.9597868774217124, 0.6934350175165314, 0.28851270906426363</corner2></bounds><pose><translation>4.731124824512115, 2.770049780625875, -0.9647086979738997</translation><rotation><c1>0, 0, 0</c1><c2>0, 0, 0</c2><c3>0, 0, 0</c3></rotation></pose><symmetry><x>twoFold</x><y>cylindrical</y><z>twoFold</z></symmetry><detectionScore>-1.0</detectionScore></element><element><id>1</id><category>tv_stand</category><bounds><corner1>-0.3307031047817487, -2.294012553621666, -1.6282702349624003</corner1><corner2>0.3307031047817487, 2.294012553621666, 1.6282702349624003</corner2></bounds><pose><translation>0.8108742920361399, 3.4975952618142947, -0.2886904376369539</translation><rotation><c1>0, 0, 0</c1><c2>0, 0, 0</c2><c3>0, 0, 0</c3></rotation></pose><symmetry><x>twoFold</x><y>cylindrical</y><z>twoFold</z></symmetry><detectionScore>-1.0</detectionScore></element><element><id>2</id><category>partition</category><bounds><corner1>-1.0617518196736637, -2.607382062551527, -1.4842491769421995</corner1><corner2>1.0617518196736637, 2.607382062551527, 1.4842491769421995</corner2></bounds><pose><translation>0.820639328582733, -3.8319922111627216, -0.16982700824362504</translation><rotation><c1>0, 0, 0</c1><c2>0, 0, 0</c2><c3>0, 0, 0</c3></rotation></pose><symmetry><x>twoFold</x><y>cylindrical</y><z>twoFold</z></symmetry><detectionScore>-1.0</detectionScore></element><element><id>3</id><category>coffee_table</category><bounds><corner1>-0.5600356525926543, -0.5936800988154622, -0.6715373424145521</corner1><corner2>0.5600356525926543, 0.5936800988154622, 0.6715373424145521</corner2></bounds><pose><translation>-0.10730948745282726, -2.5359266720943836, -1.6758626971923671</translation><rotation><c1>0, 0, 0</c1><c2>0, 0, 0</c2><c3>0, 0, 0</c3></rotation></pose><symmetry><x>twoFold</x><y>cylindrical</y><z>twoFold</z></symmetry><detectionScore>-1.0</detectionScore></element><element><id>4</id><category>television</category><bounds><corner1>-0.30150938144907935, -0.7833283279378591, -0.16656960496803264</corner1><corner2>0.30150938144907935, 0.7833283279378591, 0.16656960496803264</corner2></bounds><pose><translation>-1.1684649673415048, 3.929486939917516, 0.9726061260943634</translation><rotation><c1>0, 0, 0</c1><c2>0, 0, 0</c2><c3>0, 0, 0</c3></rotation></pose><symmetry><x>twoFold</x><y>cylindrical</y><z>twoFold</z></symmetry><detectionScore>-1.0</detectionScore></element><element><id>5</id><category>window</category><bounds><corner1>-0.24005920606502928, -0.7722204018118104, -0.36989365412101927</corner1><corner2>0.24005920606502928, 0.7722204018118104, 0.36989365412101927</corner2></bounds><pose><translation>-1.0318240354171382, 4.1275265357568784, 0.9851051966597665</translation><rotation><c1>0, 0, 0</c1><c2>0, 0, 0</c2><c3>0, 0, 0</c3></rotation></pose><symmetry><x>twoFold</x><y>cylindrical</y><z>twoFold</z></symmetry><detectionScore>-1.0</detectionScore></element><element><id>6</id><category>sofa</category><bounds><corner1>-0.9016925643359578, -1.2189509200653161, -0.7102826682026048</corner1><corner2>0.9016925643359578, 1.2189509200653161, 0.7102826682026048</corner2></bounds><pose><translation>-1.0179768188652378, -2.604500074574813, -1.2990380165029671</translation><rotation><c1>0, 0, 0</c1><c2>0, 0, 0</c2><c3>0, 0, 0</c3></rotation></pose><symmetry><x>twoFold</x><y>cylindrical</y><z>twoFold</z></symmetry><detectionScore>-1.0</detectionScore></element><element><id>7</id><category>picture_frame</category><bounds><corner1>-0.9380742940872224, -0.11567949550427237, -0.744997003892406</corner1><corner2>0.9380742940872224, 0.11567949550427237, 0.744997003892406</corner2></bounds><pose><translation>3.423692626094457, 5.630353618722787, -0.0055236172950925205</translation><rotation><c1>0, 0, 0</c1><c2>0, 0, 0</c2><c3>0, 0, 0</c3></rotation></pose><symmetry><x>twoFold</x><y>cylindrical</y><z>twoFold</z></symmetry><detectionScore>-1.0</detectionScore></element><element><id>8</id><category>floor_lamp</category><bounds><corner1>-0.5370503366912813, -1.0458529140595316, -1.9394896022714923</corner1><corner2>0.5370503366912813, 1.0458529140595316, 1.9394896022714923</corner2></bounds><pose><translation>-0.20968195731639638, -3.133782442909733, -0.49586328527284823</translation><rotation><c1>0, 0, 0</c1><c2>0, 0, 0</c2><c3>0, 0, 0</c3></rotation></pose><symmetry><x>twoFold</x><y>cylindrical</y><z>twoFold</z></symmetry><detectionScore>-1.0</detectionScore></element><element><id>9</id><category>kitchen_cabinet</category><bounds><corner1>-0.2233498653635977, -1.3883004969271484, -1.2093260926866227</corner1><corner2>0.2233498653635977, 1.3883004969271484, 1.2093260926866227</corner2></bounds><pose><translation>-1.1088394930990355, 4.143167976673685, -0.1323067774153824</translation><rotation><c1>0, 0, 0</c1><c2>0, 0, 0</c2><c3>0, 0, 0</c3></rotation></pose><symmetry><x>twoFold</x><y>cylindrical</y><z>twoFold</z></symmetry><detectionScore>-1.0</detectionScore></element><element><id>10</id><category>chandelier</category><bounds><corner1>-2.4664298006884535, -1.4023277276522657, -0.08755345719514862</corner1><corner2>2.4664298006884535, 1.4023277276522657, 0.08755345719514862</corner2></bounds><pose><translation>3.2111706791056895, 1.0426866330559843, 1.346953062692719</translation><rotation><c1>0, 0, 0</c1><c2>0, 0, 0</c2><c3>0, 0, 0</c3></rotation></pose><symmetry><x>twoFold</x><y>cylindrical</y><z>twoFold</z></symmetry><detectionScore>-1.0</detectionScore></element><element><id>11</id><category>armchair</category><bounds><corner1>-0.9597868774217124, -0.6934350175165314, -0.28851270906426363</corner1><corner2>0.9597868774217124, 0.6934350175165314, 0.28851270906426363</corner2></bounds><pose><translation>4.731124824512115, 2.770049780625875, -0.9647086979738997</translation><rotation><c1>0, 0, 0</c1><c2>0, 0, 0</c2><c3>0, 0, 0</c3></rotation></pose><symmetry><x>twoFold</x><y>cylindrical</y><z>twoFold</z></symmetry><detectionScore>-1.0</detectionScore></element><element><id>12</id><category>hanging_kitchen_cabinet</category><bounds><corner1>-0.3219821639299527, -1.9600483150239993, -0.7771454032107992</corner1><corner2>0.3219821639299527, 1.9600483150239993, 0.7771454032107992</corner2></bounds><pose><translation>-1.3366445425938132, 2.703738870816202, 0.2508293897267524</translation><rotation><c1>0, 0, 0</c1><c2>0, 0, 0</c2><c3>0, 0, 0</c3></rotation></pose><symmetry><x>twoFold</x><y>cylindrical</y><z>twoFold</z></symmetry><detectionScore>-1.0</detectionScore></element><element><id>13</id><category>armchair</category><bounds><corner1>-0.8372976119022488, -1.225248887159671, -0.7066551045731788</corner1><corner2>0.8372976119022488, 1.225248887159671, 0.7066551045731788</corner2></bounds><pose><translation>-1.0535417702832284, -2.5977413018003888, -1.2981290184918859</translation><rotation><c1>0, 0, 0</c1><c2>0, 0, 0</c2><c3>0, 0, 0</c3></rotation></pose><symmetry><x>twoFold</x><y>cylindrical</y><z>twoFold</z></symmetry><detectionScore>-1.0</detectionScore></element><element><id>14</id><category>hanging_kitchen_cabinet</category><bounds><corner1>-0.23542653446770434, -1.11752044128872, -0.7998335976210627</corner1><corner2>0.23542653446770434, 1.11752044128872, 0.7998335976210627</corner2></bounds><pose><translation>-0.9523367738504974, 4.7121417138919375, 0.5036133782964036</translation><rotation><c1>0, 0, 0</c1><c2>0, 0, 0</c2><c3>0, 0, 0</c3></rotation></pose><symmetry><x>twoFold</x><y>cylindrical</y><z>twoFold</z></symmetry><detectionScore>-1.0</detectionScore></element><element><id>15</id><category>chandelier</category><bounds><corner1>-0.31413732557330865, -1.3865292643081233, -0.30324346341750563</corner1><corner2>0.31413732557330865, 1.3865292643081233, 0.30324346341750563</corner2></bounds><pose><translation>-0.9249995096053171, 4.316229771478578, 1.0653920027376083</translation><rotation><c1>0, 0, 0</c1><c2>0, 0, 0</c2><c3>0, 0, 0</c3></rotation></pose><symmetry><x>twoFold</x><y>cylindrical</y><z>twoFold</z></symmetry><detectionScore>-1.0</detectionScore></element><element><id>16</id><category>hanging_kitchen_cabinet</category><bounds><corner1>-0.20897830840200982, -0.42443455015299836, -0.4385135832562791</corner1><corner2>0.20897830840200982, 0.42443455015299836, 0.4385135832562791</corner2></bounds><pose><translation>-1.4607201943960242, 0.9052755755567833, 0.5726588381142846</translation><rotation><c1>0, 0, 0</c1><c2>0, 0, 0</c2><c3>0, 0, 0</c3></rotation></pose><symmetry><x>twoFold</x><y>cylindrical</y><z>twoFold</z></symmetry><detectionScore>-1.0</detectionScore></element><element><id>17</id><category>armchair</category><bounds><corner1>-1.0010321634043695, -1.2282861898557278, -0.40765649483780997</corner1><corner2>1.0010321634043695, 1.2282861898557278, 0.40765649483780997</corner2></bounds><pose><translation>4.6267686826130525, 2.863191673233968, -1.0416339648403663</translation><rotation><c1>0, 0, 0</c1><c2>0, 0, 0</c2><c3>0, 0, 0</c3></rotation></pose><symmetry><x>twoFold</x><y>cylindrical</y><z>twoFold</z></symmetry><detectionScore>-1.0</detectionScore></element><element><id>18</id><category>window</category><bounds><corner1>-0.966541587215042, -1.4769880206974215, -1.4581165382029642</corner1><corner2>0.966541587215042, 1.4769880206974215, 1.4581165382029642</corner2></bounds><pose><translation>-0.3972074781697891, -3.8404964456427164, -0.08666419039397685</translation><rotation><c1>0, 0, 0</c1><c2>0, 0, 0</c2><c3>0, 0, 0</c3></rotation></pose><symmetry><x>twoFold</x><y>cylindrical</y><z>twoFold</z></symmetry><detectionScore>-1.0</detectionScore></element><element><id>19</id><category>sofa</category><bounds><corner1>-1.0068021980969029, -1.2485364374907255, -0.40678190009559845</corner1><corner2>1.0068021980969029, 1.2485364374907255, 0.40678190009559845</corner2></bounds><pose><translation>4.631457487173624, 2.8995743022274794, -1.0414710916136256</translation><rotation><c1>0, 0, 0</c1><c2>0, 0, 0</c2><c3>0, 0, 0</c3></rotation></pose><symmetry><x>twoFold</x><y>cylindrical</y><z>twoFold</z></symmetry><detectionScore>-1.0</detectionScore></element><element><id>20</id><category>armchair</category><bounds><corner1>-2.4888724070830115, -2.2949142024378983, -0.4354374766828777</corner1><corner2>2.4888724070830115, 2.2949142024378983, 0.4354374766828777</corner2></bounds><pose><translation>2.145961199500033, 0.7490653266657813, -1.081263640637565</translation><rotation><c1>0, 0, 0</c1><c2>0, 0, 0</c2><c3>0, 0, 0</c3></rotation></pose><symmetry><x>twoFold</x><y>cylindrical</y><z>twoFold</z></symmetry><detectionScore>-1.0</detectionScore></element><element><id>21</id><category>chandelier</category><bounds><corner1>-0.9924434859592819, -0.17855781155161043, -0.10259646765085706</corner1><corner2>0.9924434859592819, 0.17855781155161043, 0.10259646765085706</corner2></bounds><pose><translation>3.4543719798435775, 5.58367350272024, 1.2199614444962033</translation><rotation><c1>0, 0, 0</c1><c2>0, 0, 0</c2><c3>0, 0, 0</c3></rotation></pose><symmetry><x>twoFold</x><y>cylindrical</y><z>twoFold</z></symmetry><detectionScore>-1.0</detectionScore></element><element><id>22</id><category>kitchen_cabinet</category><bounds><corner1>-0.3147374656619546, -2.27902450348825, -1.6882609819329002</corner1><corner2>0.3147374656619546, 2.27902450348825, 1.6882609819329002</corner2></bounds><pose><translation>0.8149711829160409, 3.493432288848111, -0.3590743096621179</translation><rotation><c1>0, 0, 0</c1><c2>0, 0, 0</c2><c3>0, 0, 0</c3></rotation></pose><symmetry><x>twoFold</x><y>cylindrical</y><z>twoFold</z></symmetry><detectionScore>-1.0</detectionScore></element><element><id>23</id><category>chair</category><bounds><corner1>-2.6851541884785366, -1.927012504621163, -0.543242968856696</corner1><corner2>2.6851541884785366, 1.927012504621163, 0.543242968856696</corner2></bounds><pose><translation>1.8985676255795625, 0.746506448781965, -1.1896801111404554</translation><rotation><c1>0, 0, 0</c1><c2>0, 0, 0</c2><c3>0, 0, 0</c3></rotation></pose><symmetry><x>twoFold</x><y>cylindrical</y><z>twoFold</z></symmetry><detectionScore>-1.0</detectionScore></element><element><id>24</id><category>kitchen_cabinet</category><bounds><corner1>-0.29698445245726224, -0.6917471044728442, -1.1872621272314139</corner1><corner2>0.29698445245726224, 0.6917471044728442, 1.1872621272314139</corner2></bounds><pose><translation>-1.451151895390578, 0.8183073847576486, -0.06350763986149517</translation><rotation><c1>0, 0, 0</c1><c2>0, 0, 0</c2><c3>0, 0, 0</c3></rotation></pose><symmetry><x>twoFold</x><y>cylindrical</y><z>twoFold</z></symmetry><detectionScore>-1.0</detectionScore></element><element><id>25</id><category>chair</category><bounds><corner1>-1.2078953993506254, -0.46008805027042654, -0.4518923860663566</corner1><corner2>1.2078953993506254, 0.46008805027042654, 0.4518923860663566</corner2></bounds><pose><translation>1.891028689660781, -0.15952783768565743, -1.103208940109974</translation><rotation><c1>0, 0, 0</c1><c2>0, 0, 0</c2><c3>0, 0, 0</c3></rotation></pose><symmetry><x>twoFold</x><y>cylindrical</y><z>twoFold</z></symmetry><detectionScore>-1.0</detectionScore></element><element><id>26</id><category>wall_lamp</category><bounds><corner1>-0.31413732557330865, -1.3865292643081233, -0.30324346341750563</corner1><corner2>0.31413732557330865, 1.3865292643081233, 0.30324346341750563</corner2></bounds><pose><translation>-0.9249995096053171, 4.316229771478578, 1.0653920027376083</translation><rotation><c1>0, 0, 0</c1><c2>0, 0, 0</c2><c3>0, 0, 0</c3></rotation></pose><symmetry><x>twoFold</x><y>cylindrical</y><z>twoFold</z></symmetry><detectionScore>-1.0</detectionScore></element><element><id>27</id><category>chandelier</category><bounds><corner1>-2.322385918631162, -0.7713821380117745, -0.07595410605497199</corner1><corner2>2.322385918631162, 0.7713821380117745, 0.07595410605497199</corner2></bounds><pose><translation>3.3582461080112003, 0.3562157629960607, 1.3703592646659155</translation><rotation><c1>0, 0, 0</c1><c2>0, 0, 0</c2><c3>0, 0, 0</c3></rotation></pose><symmetry><x>twoFold</x><y>cylindrical</y><z>twoFold</z></symmetry><detectionScore>-1.0</detectionScore></element><element><id>28</id><category>kitchen_cabinet</category><bounds><corner1>-0.35464074997115214, -1.9516201000606461, -1.1545823184819253</corner1><corner2>0.35464074997115214, 1.9516201000606461, 1.1545823184819253</corner2></bounds><pose><translation>-1.3109950696579349, 2.714388233885513, -0.13137241910474554</translation><rotation><c1>0, 0, 0</c1><c2>0, 0, 0</c2><c3>0, 0, 0</c3></rotation></pose><symmetry><x>twoFold</x><y>cylindrical</y><z>twoFold</z></symmetry><detectionScore>-1.0</detectionScore></element><element><id>29</id><category>dining_table</category><bounds><corner1>-2.4471926815805625, -2.5789516955368064, -0.40442703410390546</corner1><corner2>2.4471926815805625, 2.5789516955368064, 0.40442703410390546</corner2></bounds><pose><translation>2.133256138181873, 0.29279214154549804, -1.0494195992408724</translation><rotation><c1>0, 0, 0</c1><c2>0, 0, 0</c2><c3>0, 0, 0</c3></rotation></pose><symmetry><x>twoFold</x><y>cylindrical</y><z>twoFold</z></symmetry><detectionScore>-1.0</detectionScore></element><element><id>30</id><category>knife_rack</category><bounds><corner1>-0.24658458318476972, -0.4722474493884776, -0.2049063517286842</corner1><corner2>0.24658458318476972, 0.4722474493884776, 0.2049063517286842</corner2></bounds><pose><translation>-1.4488445031879051, 0.7340988225488243, -0.7528381084572413</translation><rotation><c1>0, 0, 0</c1><c2>0, 0, 0</c2><c3>0, 0, 0</c3></rotation></pose><symmetry><x>twoFold</x><y>cylindrical</y><z>twoFold</z></symmetry><detectionScore>-1.0</detectionScore></element><element><id>31</id><category>hanging_kitchen_cabinet</category><bounds><corner1>-0.9824295221370942, -0.11803406549569306, -0.728900551939361</corner1><corner2>0.9824295221370942, 0.11803406549569306, 0.728900551939361</corner2></bounds><pose><translation>3.4425762736419667, 5.628798200368734, 0.038144386641451776</translation><rotation><c1>0, 0, 0</c1><c2>0, 0, 0</c2><c3>0, 0, 0</c3></rotation></pose><symmetry><x>twoFold</x><y>cylindrical</y><z>twoFold</z></symmetry><detectionScore>-1.0</detectionScore></element><element><id>32</id><category>kitchen_cabinet</category><bounds><corner1>-0.20186850998787564, -1.0614063755582075, -0.38145497113667526</corner1><corner2>0.20186850998787564, 1.0614063755582075, 0.38145497113667526</corner2></bounds><pose><translation>-1.0469386355408044, 2.408735550503134, -0.9021801699966718</translation><rotation><c1>0, 0, 0</c1><c2>0, 0, 0</c2><c3>0, 0, 0</c3></rotation></pose><symmetry><x>twoFold</x><y>cylindrical</y><z>twoFold</z></symmetry><detectionScore>-1.0</detectionScore></element><element><id>33</id><category>wall</category><bounds><corner1>-0.2707982046328371, -1.1595395808711713, -1.1577920846197856</corner1><corner2>0.2707982046328371, 1.1595395808711713, 1.1577920846197856</corner2></bounds><pose><translation>-0.9950045940775546, 4.664987837211937, 0.05064137663590191</translation><rotation><c1>0, 0, 0</c1><c2>0, 0, 0</c2><c3>0, 0, 0</c3></rotation></pose><symmetry><x>twoFold</x><y>cylindrical</y><z>twoFold</z></symmetry><detectionScore>-1.0</detectionScore></element><element><id>34</id><category>hanging_kitchen_cabinet</category><bounds><corner1>-0.28987197040916335, -0.9243641582944697, -0.5332827573534202</corner1><corner2>0.28987197040916335, 0.9243641582944697, 0.5332827573534202</corner2></bounds><pose><translation>-1.2215681984625772, 3.8032216152720997, 0.5744190623133094</translation><rotation><c1>0, 0, 0</c1><c2>0, 0, 0</c2><c3>0, 0, 0</c3></rotation></pose><symmetry><x>twoFold</x><y>cylindrical</y><z>twoFold</z></symmetry><detectionScore>-1.0</detectionScore></element><element><id>35</id><category>wall</category><bounds><corner1>-1.2932869402018952, -2.607710278113301, -1.3951778459126023</corner1><corner2>1.2932869402018952, 2.607710278113301, 1.3951778459126023</corner2></bounds><pose><translation>5.600944399340928, 0.9314838837603406, -0.08588272500747308</translation><rotation><c1>0, 0, 0</c1><c2>0, 0, 0</c2><c3>0, 0, 0</c3></rotation></pose><symmetry><x>twoFold</x><y>cylindrical</y><z>twoFold</z></symmetry><detectionScore>-1.0</detectionScore></element><element><id>36</id><category>hanging_kitchen_cabinet</category><bounds><corner1>-0.24014030963855226, -0.7565431624135543, -0.3721292074377667</corner1><corner2>0.24014030963855226, 0.7565431624135543, 0.3721292074377667</corner2></bounds><pose><translation>-1.0392831046938076, 4.144516756325709, 0.9806377040190131</translation><rotation><c1>0, 0, 0</c1><c2>0, 0, 0</c2><c3>0, 0, 0</c3></rotation></pose><symmetry><x>twoFold</x><y>cylindrical</y><z>twoFold</z></symmetry><detectionScore>-1.0</detectionScore></element><element><id>37</id><category>chandelier</category><bounds><corner1>-2.397449523824399, -0.34285508874612247, -0.09133365303949392</corner1><corner2>2.397449523824399, 0.34285508874612247, 0.09133365303949392</corner2></bounds><pose><translation>3.2292434531782295, -0.39096548433652234, 1.3457884043842907</translation><rotation><c1>0, 0, 0</c1><c2>0, 0, 0</c2><c3>0, 0, 0</c3></rotation></pose><symmetry><x>twoFold</x><y>cylindrical</y><z>twoFold</z></symmetry><detectionScore>-1.0</detectionScore></element><element><id>38</id><category>fireplace</category><bounds><corner1>-0.4391151319949621, -2.3006788498878947, -1.5131425732482289</corner1><corner2>0.4391151319949621, 2.3006788498878947, 1.5131425732482289</corner2></bounds><pose><translation>0.8822443456922783, 3.4451415814252426, -0.1335738943968438</translation><rotation><c1>0, 0, 0</c1><c2>0, 0, 0</c2><c3>0, 0, 0</c3></rotation></pose><symmetry><x>twoFold</x><y>cylindrical</y><z>twoFold</z></symmetry><detectionScore>-1.0</detectionScore></element><element><id>39</id><category>window</category><bounds><corner1>-0.2548834186248824, -0.9204078834892329, -0.8215354125973913</corner1><corner2>0.2548834186248824, 0.9204078834892329, 0.8215354125973913</corner2></bounds><pose><translation>-1.1514365211908664, 4.646524331504765, 0.24948812905416867</translation><rotation><c1>0, 0, 0</c1><c2>0, 0, 0</c2><c3>0, 0, 0</c3></rotation></pose><symmetry><x>twoFold</x><y>cylindrical</y><z>twoFold</z></symmetry><detectionScore>-1.0</detectionScore></element><element><id>40</id><category>food_processor</category><bounds><corner1>-0.29448816289926905, -0.519284650631192, -0.375607281492396</corner1><corner2>0.29448816289926905, 0.519284650631192, 0.375607281492396</corner2></bounds><pose><translation>-1.5029832815161819, 0.7421876528809467, -0.6898785992644838</translation><rotation><c1>0, 0, 0</c1><c2>0, 0, 0</c2><c3>0, 0, 0</c3></rotation></pose><symmetry><x>twoFold</x><y>cylindrical</y><z>twoFold</z></symmetry><detectionScore>-1.0</detectionScore></element><element><id>41</id><category>door</category><bounds><corner1>-0.25634989953334353, -1.1601287921993073, -1.1659194402628803</corner1><corner2>0.25634989953334353, 1.1601287921993073, 1.1659194402628803</corner2></bounds><pose><translation>-0.9817236314891382, 4.666489483386894, -0.08804715400883259</translation><rotation><c1>0, 0, 0</c1><c2>0, 0, 0</c2><c3>0, 0, 0</c3></rotation></pose><symmetry><x>twoFold</x><y>cylindrical</y><z>twoFold</z></symmetry><detectionScore>-1.0</detectionScore></element><element><id>42</id><category>refrigerator</category><bounds><corner1>-0.09772331848521021, -0.49769063163212934, -1.020047485018593</corner1><corner2>0.09772331848521021, 0.49769063163212934, 1.020047485018593</corner2></bounds><pose><translation>-1.2830593081321005, -0.051154243287428534, -0.16819323629214122</translation><rotation><c1>0, 0, 0</c1><c2>0, 0, 0</c2><c3>0, 0, 0</c3></rotation></pose><symmetry><x>twoFold</x><y>cylindrical</y><z>twoFold</z></symmetry><detectionScore>-1.0</detectionScore></element><element><id>43</id><category>chandelier</category><bounds><corner1>-0.4512417285222317, -0.468175230726958, -0.27605196441815827</corner1><corner2>0.4512417285222317, 0.468175230726958, 0.27605196441815827</corner2></bounds><pose><translation>-0.17306031606755995, -2.7999989102015705, 1.171632343763023</translation><rotation><c1>0, 0, 0</c1><c2>0, 0, 0</c2><c3>0, 0, 0</c3></rotation></pose><symmetry><x>twoFold</x><y>cylindrical</y><z>twoFold</z></symmetry><detectionScore>-1.0</detectionScore></element><element><id>44</id><category>chandelier</category><bounds><corner1>-0.13778098371806569, -0.21812772758263677, -0.034657360355182076</corner1><corner2>0.13778098371806569, 0.21812772758263677, 0.034657360355182076</corner2></bounds><pose><translation>-0.6639696406315707, 2.647805521779789, 1.4167766632804746</translation><rotation><c1>0, 0, 0</c1><c2>0, 0, 0</c2><c3>0, 0, 0</c3></rotation></pose><symmetry><x>twoFold</x><y>cylindrical</y><z>twoFold</z></symmetry><detectionScore>-1.0</detectionScore></element><element><id>45</id><category>wall</category><bounds><corner1>-0.3372289138437321, -1.5759242543025853, -1.5682320735169264</corner1><corner2>0.3372289138437321, 1.5759242543025853, 1.5682320735169264</corner2></bounds><pose><translation>0.8832119856305012, 3.436182677313415, -0.18091316527478735</translation><rotation><c1>0, 0, 0</c1><c2>0, 0, 0</c2><c3>0, 0, 0</c3></rotation></pose><symmetry><x>twoFold</x><y>cylindrical</y><z>twoFold</z></symmetry><detectionScore>-1.0</detectionScore></element><element><id>46</id><category>column</category><bounds><corner1>-0.4080515929028784, -1.217756203034826, -1.5458348960521155</corner1><corner2>0.4080515929028784, 1.217756203034826, 1.5458348960521155</corner2></bounds><pose><translation>0.9927216029685467, 3.394701955695952, -0.1561825638572444</translation><rotation><c1>0, 0, 0</c1><c2>0, 0, 0</c2><c3>0, 0, 0</c3></rotation></pose><symmetry><x>twoFold</x><y>cylindrical</y><z>twoFold</z></symmetry><detectionScore>-1.0</detectionScore></element><element><id>47</id><category>rug</category><bounds><corner1>-0.8179397549647136, -0.6542257412172181, -0.31024254359847947</corner1><corner2>0.8179397549647136, 0.6542257412172181, 0.31024254359847947</corner2></bounds><pose><translation>-0.44225439447702397, -2.590406469475837, -1.4192355247023678</translation><rotation><c1>0, 0, 0</c1><c2>0, 0, 0</c2><c3>0, 0, 0</c3></rotation></pose><symmetry><x>twoFold</x><y>cylindrical</y><z>twoFold</z></symmetry><detectionScore>-1.0</detectionScore></element><element><id>48</id><category>wall</category><bounds><corner1>-1.5225460717419848, -2.697136344022211, -1.4274882850069415</corner1><corner2>1.5225460717419848, 2.697136344022211, 1.4274882850069415</corner2></bounds><pose><translation>0.3280736903481285, -3.8251190021383836, -0.08278799778524851</translation><rotation><c1>0, 0, 0</c1><c2>0, 0, 0</c2><c3>0, 0, 0</c3></rotation></pose><symmetry><x>twoFold</x><y>cylindrical</y><z>twoFold</z></symmetry><detectionScore>-1.0</detectionScore></element><element><id>49</id><category>ottoman</category><bounds><corner1>-0.6139508147854533, -0.853123147402745, -0.6961452025068036</corner1><corner2>0.6139508147854533, 0.853123147402745, 0.6961452025068036</corner2></bounds><pose><translation>-0.9852744793622857, -2.041134651371742, -1.3403818948278428</translation><rotation><c1>0, 0, 0</c1><c2>0, 0, 0</c2><c3>0, 0, 0</c3></rotation></pose><symmetry><x>twoFold</x><y>cylindrical</y><z>twoFold</z></symmetry><detectionScore>-1.0</detectionScore></element><element><id>50</id><category>wall</category><bounds><corner1>-1.9821490730722786, -0.2253923015713024, -1.3296230052544198</corner1><corner2>1.9821490730722786, 0.2253923015713024, 1.3296230052544198</corner2></bounds><pose><translation>2.9942755967445045, 5.521663295822637, -0.04951277007234289</translation><rotation><c1>0, 0, 0</c1><c2>0, 0, 0</c2><c3>0, 0, 0</c3></rotation></pose><symmetry><x>twoFold</x><y>cylindrical</y><z>twoFold</z></symmetry><detectionScore>-1.0</detectionScore></element><element><id>51</id><category>kitchen_cabinet</category><bounds><corner1>-0.1887547765110762, -1.400481101701624, -0.623434829627799</corner1><corner2>0.1887547765110762, 1.400481101701624, 0.623434829627799</corner2></bounds><pose><translation>-1.036009847961158, 3.3152442820471393, -0.7014579410033971</translation><rotation><c1>0, 0, 0</c1><c2>0, 0, 0</c2><c3>0, 0, 0</c3></rotation></pose><symmetry><x>twoFold</x><y>cylindrical</y><z>twoFold</z></symmetry><detectionScore>-1.0</detectionScore></element><element><id>52</id><category>kitchen_cabinet</category><bounds><corner1>-0.10767913431160636, -0.48251602075172806, -0.30038964507681326</corner1><corner2>0.10767913431160636, 0.48251602075172806, 0.30038964507681326</corner2></bounds><pose><translation>-1.2593660407246956, 0.719428019572657, -0.7822007670536295</translation><rotation><c1>0, 0, 0</c1><c2>0, 0, 0</c2><c3>0, 0, 0</c3></rotation></pose><symmetry><x>twoFold</x><y>cylindrical</y><z>twoFold</z></symmetry><detectionScore>-1.0</detectionScore></element><element><id>53</id><category>chandelier</category><bounds><corner1>-1.3593587193331915, -1.1394474559317156, -0.04436723248572472</corner1><corner2>1.3593587193331915, 1.1394474559317156, 0.04436723248572472</corner2></bounds><pose><translation>4.281428148516373, 2.6883218211410647, 1.3150661545792262</translation><rotation><c1>0, 0, 0</c1><c2>0, 0, 0</c2><c3>0, 0, 0</c3></rotation></pose><symmetry><x>twoFold</x><y>cylindrical</y><z>twoFold</z></symmetry><detectionScore>-1.0</detectionScore></element><element><id>54</id><category>wall</category><bounds><corner1>-0.80379419318853, -0.14376446067760362, -1.362017706631452</corner1><corner2>0.80379419318853, 0.14376446067760362, 1.362017706631452</corner2></bounds><pose><translation>0.05103488139274745, 5.751392585706764, -0.07263116603627462</translation><rotation><c1>0, 0, 0</c1><c2>0, 0, 0</c2><c3>0, 0, 0</c3></rotation></pose><symmetry><x>twoFold</x><y>cylindrical</y><z>twoFold</z></symmetry><detectionScore>-1.0</detectionScore></element><element><id>55</id><category>sofa</category><bounds><corner1>-1.398127978370399, -0.8424357388828003, -0.2565344831776166</corner1><corner2>1.398127978370399, 0.8424357388828003, 0.2565344831776166</corner2></bounds><pose><translation>3.5569128903628315, 4.905695855048084, -1.158841233004641</translation><rotation><c1>0, 0, 0</c1><c2>0, 0, 0</c2><c3>0, 0, 0</c3></rotation></pose><symmetry><x>twoFold</x><y>cylindrical</y><z>twoFold</z></symmetry><detectionScore>-1.0</detectionScore></element><element><id>56</id><category>cutting_board</category><bounds><corner1>-0.23222629915812387, -0.5560815626868614, -0.3140924200563517</corner1><corner2>0.23222629915812387, 0.5560815626868614, 0.3140924200563517</corner2></bounds><pose><translation>-1.4364587492913836, 0.7565150983172937, -0.7323978822016242</translation><rotation><c1>0, 0, 0</c1><c2>0, 0, 0</c2><c3>0, 0, 0</c3></rotation></pose><symmetry><x>twoFold</x><y>cylindrical</y><z>twoFold</z></symmetry><detectionScore>-1.0</detectionScore></element><element><id>57</id><category>window</category><bounds><corner1>-1.4091221966437855, -0.4056209107425671, -1.3943336093226526</corner1><corner2>1.4091221966437855, 0.4056209107425671, 1.3943336093226526</corner2></bounds><pose><translation>1.9262322389652036, -0.97600593508051, 0.0941136741381119</translation><rotation><c1>0, 0, 0</c1><c2>0, 0, 0</c2><c3>0, 0, 0</c3></rotation></pose><symmetry><x>twoFold</x><y>cylindrical</y><z>twoFold</z></symmetry><detectionScore>-1.0</detectionScore></element><element><id>58</id><category>range_hood</category><bounds><corner1>-0.37060771732117204, -1.1772689860853331, -0.5147943841552197</corner1><corner2>0.37060771732117204, 1.1772689860853331, 0.5147943841552197</corner2></bounds><pose><translation>-1.256076580776878, 3.4978397970010917, 0.6376516966318199</translation><rotation><c1>0, 0, 0</c1><c2>0, 0, 0</c2><c3>0, 0, 0</c3></rotation></pose><symmetry><x>twoFold</x><y>cylindrical</y><z>twoFold</z></symmetry><detectionScore>-1.0</detectionScore></element><element><id>59</id><category>window</category><bounds><corner1>-1.2005866996883998, -2.6694837402941185, -1.4019630863066417</corner1><corner2>1.2005866996883998, 2.6694837402941185, 1.4019630863066417</corner2></bounds><pose><translation>0.6745173985754145, -3.83300629565761, -0.0939076007597511</translation><rotation><c1>0, 0, 0</c1><c2>0, 0, 0</c2><c3>0, 0, 0</c3></rotation></pose><symmetry><x>twoFold</x><y>cylindrical</y><z>twoFold</z></symmetry><detectionScore>-1.0</detectionScore></element><element><id>60</id><category>wall</category><bounds><corner1>-1.434471197143726, -0.3825425141618013, -1.2893059996054348</corner1><corner2>1.434471197143726, 0.3825425141618013, 1.2893059996054348</corner2></bounds><pose><translation>1.981531836401064, -0.983680913135733, -0.03256392089166073</translation><rotation><c1>0, 0, 0</c1><c2>0, 0, 0</c2><c3>0, 0, 0</c3></rotation></pose><symmetry><x>twoFold</x><y>cylindrical</y><z>twoFold</z></symmetry><detectionScore>-1.0</detectionScore></element><element><id>61</id><category>fruit_bowl</category><bounds><corner1>-0.1514902830678393, -0.5333509605922593, -0.11574467609099387</corner1><corner2>0.1514902830678393, 0.5333509605922593, 0.11574467609099387</corner2></bounds><pose><translation>-1.406811035028095, 1.1614252925007387, -0.6033093923360956</translation><rotation><c1>0, 0, 0</c1><c2>0, 0, 0</c2><c3>0, 0, 0</c3></rotation></pose><symmetry><x>twoFold</x><y>cylindrical</y><z>twoFold</z></symmetry><detectionScore>-1.0</detectionScore></element></elements></scene>