<?xml version='1.0' encoding='utf-8'?>
<scene xmlns:sumo="https://www.sumochallenge.org"><version>2.0</version><categories><id>fb_categories_v1_0</id><url>https://sumochallenge.org/en/categories-1_0.json</url></categories><project_type>bounding_box</project_type><elements><element><id>0</id><category>partition</category><bounds><corner1>-0.2083307481577843, -0.6071419026612438, -1.5612665212244397</corner1><corner2>0.2083307481577843, 0.6071419026612438, 1.5612665212244397</corner2></bounds><pose><translation>3.9129400332525814, -0.6487802499404244, -0.21719596863331292</translation><rotation><c1>0, 0, 0</c1><c2>0, 0, 0</c2><c3>0, 0, 0</c3></rotation></pose><symmetry><x>twoFold</x><y>cylindrical</y><z>twoFold</z></symmetry><detectionScore>-1.0</detectionScore></element><element><id>1</id><category>chandelier</category><bounds><corner1>-0.2568594079061215, -0.23602864666593532, -0.7176628793104568</corner1><corner2>0.2568594079061215, 0.23602864666593532, 0.7176628793104568</corner2></bounds><pose><translation>-1.32419496838257, -0.5773633339557799, 0.7459809006285912</translation><rotation><c1>0, 0, 0</c1><c2>0, 0, 0</c2><c3>0, 0, 0</c3></rotation></pose><symmetry><x>twoFold</x><y>cylindrical</y><z>twoFold</z></symmetry><detectionScore>-1.0</detectionScore></element><element><id>2</id><category>books</category><bounds><corner1>-0.35258025737711296, -0.2662052763908662, -0.25580635983404687</corner1><corner2>0.35258025737711296, 0.2662052763908662, 0.25580635983404687</corner2></bounds><pose><translation>0.7784275098356225, 1.3189940377113805, -0.979924233726651</translation><rotation><c1>0, 0, 0</c1><c2>0, 0, 0</c2><c3>0, 0, 0</c3></rotation></pose><symmetry><x>twoFold</x><y>cylindrical</y><z>twoFold</z></symmetry><detectionScore>-1.0</detectionScore></element><element><id>3</id><category>plates</category><bounds><corner1>-0.5222456216905567, -0.3895935573664382, -0.11544632599414362</corner1><corner2>0.5222456216905567, 0.3895935573664382, 0.11544632599414362</corner2></bounds><pose><translation>1.087850023022673, -1.7741947322192269, -0.7451117951802</translation><rotation><c1>0, 0, 0</c1><c2>0, 0, 0</c2><c3>0, 0, 0</c3></rotation></pose><symmetry><x>twoFold</x><y>cylindrical</y><z>twoFold</z></symmetry><detectionScore>-1.0</detectionScore></element><element><id>4</id><category>range_oven</category><bounds><corner1>-2.141640838927909, -0.5835560128391089, -0.32400411835631215</corner1><corner2>2.141640838927909, 0.5835560128391089, 0.32400411835631215</corner2></bounds><pose><translation>1.6729502431798926, -1.1206811309408244, -0.7556372603240766</translation><rotation><c1>0, 0, 0</c1><c2>0, 0, 0</c2><c3>0, 0, 0</c3></rotation></pose><symmetry><x>twoFold</x><y>cylindrical</y><z>twoFold</z></symmetry><detectionScore>-1.0</detectionScore></element><element><id>5</id><category>wall</category><bounds><corner1>-1.0066505765494964, -1.2748993037155358, -1.6432875481905658</corner1><corner2>1.0066505765494964, 1.2748993037155358, 1.6432875481905658</corner2></bounds><pose><translation>-2.289190643075836, 0.11005801146338438, -0.2192876454124201</translation><rotation><c1>0, 0, 0</c1><c2>0, 0, 0</c2><c3>0, 0, 0</c3></rotation></pose><symmetry><x>twoFold</x><y>cylindrical</y><z>twoFold</z></symmetry><detectionScore>-1.0</detectionScore></element><element><id>6</id><category>plant</category><bounds><corner1>-0.4512138848429439, -0.20924593929206847, -0.5862754874114974</corner1><corner2>0.4512138848429439, 0.20924593929206847, 0.5862754874114974</corner2></bounds><pose><translation>-2.062424922432012, 1.2282470237409693, -0.41632824164382265</translation><rotation><c1>0, 0, 0</c1><c2>0, 0, 0</c2><c3>0, 0, 0</c3></rotation></pose><symmetry><x>twoFold</x><y>cylindrical</y><z>twoFold</z></symmetry><detectionScore>-1.0</detectionScore></element><element><id>7</id><category>books</category><bounds><corner1>-0.4307905370501012, -0.21924742983575563, -0.28381343391755987</corner1><corner2>0.4307905370501012, 0.21924742983575563, 0.28381343391755987</corner2></bounds><pose><translation>-0.3289837064858568, -1.8704456829086626, -1.0645192708805313</translation><rotation><c1>0, 0, 0</c1><c2>0, 0, 0</c2><c3>0, 0, 0</c3></rotation></pose><symmetry><x>twoFold</x><y>cylindrical</y><z>twoFold</z></symmetry><detectionScore>-1.0</detectionScore></element><element><id>8</id><category>books</category><bounds><corner1>-0.42271701644362103, -0.24316853686839024, -0.24638264310121993</corner1><corner2>0.42271701644362103, 0.24316853686839024, 0.24638264310121993</corner2></bounds><pose><translation>0.8342122493640013, 1.3606268254307134, 0.35208958105836696</translation><rotation><c1>0, 0, 0</c1><c2>0, 0, 0</c2><c3>0, 0, 0</c3></rotation></pose><symmetry><x>twoFold</x><y>cylindrical</y><z>twoFold</z></symmetry><detectionScore>-1.0</detectionScore></element><element><id>9</id><category>chair</category><bounds><corner1>-0.817316731747517, -0.6031113774785075, -0.3542548072455999</corner1><corner2>0.817316731747517, 0.6031113774785075, 0.3542548072455999</corner2></bounds><pose><translation>0.12925130856853978, -1.8499781152408605, -1.0470777244791236</translation><rotation><c1>0, 0, 0</c1><c2>0, 0, 0</c2><c3>0, 0, 0</c3></rotation></pose><symmetry><x>twoFold</x><y>cylindrical</y><z>twoFold</z></symmetry><detectionScore>-1.0</detectionScore></element><element><id>10</id><category>plant</category><bounds><corner1>-0.19708676447038354, -0.14423831075805893, -0.376351709025864</corner1><corner2>0.19708676447038354, 0.14423831075805893, 0.376351709025864</corner2></bounds><pose><translation>-2.121649340703355, 1.1135692765797067, -0.4790391979813122</translation><rotation><c1>0, 0, 0</c1><c2>0, 0, 0</c2><c3>0, 0, 0</c3></rotation></pose><symmetry><x>twoFold</x><y>cylindrical</y><z>twoFold</z></symmetry><detectionScore>-1.0</detectionScore></element><element><id>11</id><category>door</category><bounds><corner1>-0.18263706096070687, -0.5538700109608881, -1.444863947103154</corner1><corner2>0.18263706096070687, 0.5538700109608881, 1.444863947103154</corner2></bounds><pose><translation>3.904635505096332, -0.8974361303010057, -0.49998753150357506</translation><rotation><c1>0, 0, 0</c1><c2>0, 0, 0</c2><c3>0, 0, 0</c3></rotation></pose><symmetry><x>twoFold</x><y>cylindrical</y><z>twoFold</z></symmetry><detectionScore>-1.0</detectionScore></element><element><id>12</id><category>door</category><bounds><corner1>-0.08502326560432438, -0.6089256093717235, -1.3139661460598526</corner1><corner2>0.08502326560432438, 0.6089256093717235, 1.3139661460598526</corner2></bounds><pose><translation>3.921105949305559, 0.764764653974058, -0.41151209819568124</translation><rotation><c1>0, 0, 0</c1><c2>0, 0, 0</c2><c3>0, 0, 0</c3></rotation></pose><symmetry><x>twoFold</x><y>cylindrical</y><z>twoFold</z></symmetry><detectionScore>-1.0</detectionScore></element><element><id>13</id><category>rug</category><bounds><corner1>-0.7063472532992741, -0.5283822767176899, -0.8493015942915015</corner1><corner2>0.7063472532992741, 0.5283822767176899, 0.8493015942915015</corner2></bounds><pose><translation>3.2108860546657465, -0.7451389440527838, -1.6676654262521742</translation><rotation><c1>0, 0, 0</c1><c2>0, 0, 0</c2><c3>0, 0, 0</c3></rotation></pose><symmetry><x>twoFold</x><y>cylindrical</y><z>twoFold</z></symmetry><detectionScore>-1.0</detectionScore></element><element><id>14</id><category>hanging_kitchen_cabinet</category><bounds><corner1>-0.8857732762524506, -0.20321074225068192, -0.7065791860673887</corner1><corner2>0.8857732762524506, 0.20321074225068192, 0.7065791860673887</corner2></bounds><pose><translation>2.5498688192838754, -1.7261651857644256, 0.6803179623739541</translation><rotation><c1>0, 0, 0</c1><c2>0, 0, 0</c2><c3>0, 0, 0</c3></rotation></pose><symmetry><x>twoFold</x><y>cylindrical</y><z>twoFold</z></symmetry><detectionScore>-1.0</detectionScore></element><element><id>15</id><category>curtain</category><bounds><corner1>-0.5469952931500339, -0.787138600160311, -1.6252759387074356</corner1><corner2>0.5469952931500339, 0.787138600160311, 1.6252759387074356</corner2></bounds><pose><translation>-2.4189481920513183, 0.3158021023743337, -0.16211764126555706</translation><rotation><c1>0, 0, 0</c1><c2>0, 0, 0</c2><c3>0, 0, 0</c3></rotation></pose><symmetry><x>twoFold</x><y>cylindrical</y><z>twoFold</z></symmetry><detectionScore>-1.0</detectionScore></element><element><id>16</id><category>chandelier</category><bounds><corner1>-1.3299794689316062, -0.3344952332645085, -0.1065847072184698</corner1><corner2>1.3299794689316062, 0.3344952332645085, 0.1065847072184698</corner2></bounds><pose><translation>2.803487200756577, -0.5847976797962112, 1.3520171858582892</translation><rotation><c1>0, 0, 0</c1><c2>0, 0, 0</c2><c3>0, 0, 0</c3></rotation></pose><symmetry><x>twoFold</x><y>cylindrical</y><z>twoFold</z></symmetry><detectionScore>-1.0</detectionScore></element><element><id>17</id><category>wall</category><bounds><corner1>-0.18033462976321202, -0.8813884172708586, -1.136645562771248</corner1><corner2>0.18033462976321202, 0.8813884172708586, 1.136645562771248</corner2></bounds><pose><translation>3.8361597608233393, -1.3466456313426671, -0.242803131499247</translation><rotation><c1>0, 0, 0</c1><c2>0, 0, 0</c2><c3>0, 0, 0</c3></rotation></pose><symmetry><x>twoFold</x><y>cylindrical</y><z>twoFold</z></symmetry><detectionScore>-1.0</detectionScore></element><element><id>18</id><category>picture_frame</category><bounds><corner1>-0.5961393803044885, -0.07472212201968631, -0.6328864240534227</corner1><corner2>0.5961393803044885, 0.07472212201968631, 0.6328864240534227</corner2></bounds><pose><translation>-1.0115844287202633, -2.240463146842883, 0.08388940189458624</translation><rotation><c1>0, 0, 0</c1><c2>0, 0, 0</c2><c3>0, 0, 0</c3></rotation></pose><symmetry><x>twoFold</x><y>cylindrical</y><z>twoFold</z></symmetry><detectionScore>-1.0</detectionScore></element><element><id>19</id><category>plates</category><bounds><corner1>-0.22891013071768374, -0.19623823740015695, -0.11332584693429926</corner1><corner2>0.22891013071768374, 0.19623823740015695, 0.11332584693429926</corner2></bounds><pose><translation>1.1181309845665366, -0.6509860715152748, -0.8403985065850041</translation><rotation><c1>0, 0, 0</c1><c2>0, 0, 0</c2><c3>0, 0, 0</c3></rotation></pose><symmetry><x>twoFold</x><y>cylindrical</y><z>twoFold</z></symmetry><detectionScore>-1.0</detectionScore></element><element><id>20</id><category>pillow</category><bounds><corner1>-0.39957132621167696, -0.23236851864846053, -0.28963399356859487</corner1><corner2>0.39957132621167696, 0.23236851864846053, 0.28963399356859487</corner2></bounds><pose><translation>-0.34395402818585136, -1.8447595199784748, -1.079501769431448</translation><rotation><c1>0, 0, 0</c1><c2>0, 0, 0</c2><c3>0, 0, 0</c3></rotation></pose><symmetry><x>twoFold</x><y>cylindrical</y><z>twoFold</z></symmetry><detectionScore>-1.0</detectionScore></element><element><id>21</id><category>fireplace</category><bounds><corner1>-2.1708136861141285, -0.6185474191600693, -0.31700487310570763</corner1><corner2>2.1708136861141285, 0.6185474191600693, 0.31700487310570763</corner2></bounds><pose><translation>1.6776962901868493, -1.1701647087110405, -0.7262104649908766</translation><rotation><c1>0, 0, 0</c1><c2>0, 0, 0</c2><c3>0, 0, 0</c3></rotation></pose><symmetry><x>twoFold</x><y>cylindrical</y><z>twoFold</z></symmetry><detectionScore>-1.0</detectionScore></element><element><id>22</id><category>chair</category><bounds><corner1>-2.234560752986781, -0.4301191641361729, -0.3933203372231479</corner1><corner2>2.234560752986781, 0.4301191641361729, 0.3933203372231479</corner2></bounds><pose><translation>1.3546493445041121, -0.8754781923207852, -0.8302320973432741</translation><rotation><c1>0, 0, 0</c1><c2>0, 0, 0</c2><c3>0, 0, 0</c3></rotation></pose><symmetry><x>twoFold</x><y>cylindrical</y><z>twoFold</z></symmetry><detectionScore>-1.0</detectionScore></element><element><id>23</id><category>window</category><bounds><corner1>-0.36168442772331044, -0.7490765459059325, -1.6238052167164054</corner1><corner2>0.36168442772331044, 0.7490765459059325, 1.6238052167164054</corner2></bounds><pose><translation>-2.432629238779455, 0.3112026493984939, -0.19528535719135037</translation><rotation><c1>0, 0, 0</c1><c2>0, 0, 0</c2><c3>0, 0, 0</c3></rotation></pose><symmetry><x>twoFold</x><y>cylindrical</y><z>twoFold</z></symmetry><detectionScore>-1.0</detectionScore></element><element><id>24</id><category>armchair</category><bounds><corner1>-0.8069527220937001, -0.5864415778544223, -0.37589198668338664</corner1><corner2>0.8069527220937001, 0.5864415778544223, 0.37589198668338664</corner2></bounds><pose><translation>0.15703468148213007, -1.866223794166851, -1.0284524743416124</translation><rotation><c1>0, 0, 0</c1><c2>0, 0, 0</c2><c3>0, 0, 0</c3></rotation></pose><symmetry><x>twoFold</x><y>cylindrical</y><z>twoFold</z></symmetry><detectionScore>-1.0</detectionScore></element><element><id>25</id><category>wall</category><bounds><corner1>-0.17856002771760782, -1.4658009858098524, -1.4737591690530985</corner1><corner2>0.17856002771760782, 1.4658009858098524, 1.4737591690530985</corner2></bounds><pose><translation>3.906532585761499, -0.07993421285927166, -0.12040834166877362</translation><rotation><c1>0, 0, 0</c1><c2>0, 0, 0</c2><c3>0, 0, 0</c3></rotation></pose><symmetry><x>twoFold</x><y>cylindrical</y><z>twoFold</z></symmetry><detectionScore>-1.0</detectionScore></element><element><id>26</id><category>pillow</category><bounds><corner1>-0.441009859096559, -0.2439112316041736, -0.2230283398053735</corner1><corner2>0.441009859096559, 0.2439112316041736, 0.2230283398053735</corner2></bounds><pose><translation>-1.0291374732882665, -1.889659097401034, -1.000202438417102</translation><rotation><c1>0, 0, 0</c1><c2>0, 0, 0</c2><c3>0, 0, 0</c3></rotation></pose><symmetry><x>twoFold</x><y>cylindrical</y><z>twoFold</z></symmetry><detectionScore>-1.0</detectionScore></element><element><id>27</id><category>cup</category><bounds><corner1>-0.236339481984154, -0.1941090600210701, -0.11251495458717042</corner1><corner2>0.236339481984154, 0.1941090600210701, 0.11251495458717042</corner2></bounds><pose><translation>1.1196832769245113, -0.6526098853311423, -0.8394992020317507</translation><rotation><c1>0, 0, 0</c1><c2>0, 0, 0</c2><c3>0, 0, 0</c3></rotation></pose><symmetry><x>twoFold</x><y>cylindrical</y><z>twoFold</z></symmetry><detectionScore>-1.0</detectionScore></element><element><id>28</id><category>chandelier</category><bounds><corner1>-0.3095057264569888, -0.3789641929971911, -0.7037071237707562</corner1><corner2>0.3095057264569888, 0.3789641929971911, 0.7037071237707562</corner2></bounds><pose><translation>-1.2455530228878118, -0.7353764540395432, 0.828380814058473</translation><rotation><c1>0, 0, 0</c1><c2>0, 0, 0</c2><c3>0, 0, 0</c3></rotation></pose><symmetry><x>twoFold</x><y>cylindrical</y><z>twoFold</z></symmetry><detectionScore>-1.0</detectionScore></element><element><id>29</id><category>stand</category><bounds><corner1>-2.184062684546979, -0.5720567984351854, -0.3514129501623046</corner1><corner2>2.184062684546979, 0.5720567984351854, 0.3514129501623046</corner2></bounds><pose><translation>1.661414944850602, -1.0511980396478062, -0.7861243633091062</translation><rotation><c1>0, 0, 0</c1><c2>0, 0, 0</c2><c3>0, 0, 0</c3></rotation></pose><symmetry><x>twoFold</x><y>cylindrical</y><z>twoFold</z></symmetry><detectionScore>-1.0</detectionScore></element><element><id>30</id><category>kitchen_cabinet</category><bounds><corner1>-2.153202092034879, -0.5902720729911471, -0.31948920408562453</corner1><corner2>2.153202092034879, 0.5902720729911471, 0.31948920408562453</corner2></bounds><pose><translation>1.6773028355640176, -1.1530298329024222, -0.7509888095464435</translation><rotation><c1>0, 0, 0</c1><c2>0, 0, 0</c2><c3>0, 0, 0</c3></rotation></pose><symmetry><x>twoFold</x><y>cylindrical</y><z>twoFold</z></symmetry><detectionScore>-1.0</detectionScore></element><element><id>31</id><category>refrigerator</category><bounds><corner1>-0.1464817823287694, -0.5876386891801058, -1.176738136930827</corner1><corner2>0.1464817823287694, 0.5876386891801058, 1.176738136930827</corner2></bounds><pose><translation>3.921924108510213, -0.8977185546824777, -0.6818894077599824</translation><rotation><c1>0, 0, 0</c1><c2>0, 0, 0</c2><c3>0, 0, 0</c3></rotation></pose><symmetry><x>twoFold</x><y>cylindrical</y><z>twoFold</z></symmetry><detectionScore>-1.0</detectionScore></element></elements></scene>