<?xml version='1.0' encoding='utf-8'?>
<scene xmlns:sumo="https://www.sumochallenge.org"><version>2.0</version><categories><id>fb_categories_v1_0</id><url>https://sumochallenge.org/en/categories-1_0.json</url></categories><project_type>bounding_box</project_type><elements><element><id>0</id><category>door</category><bounds><corner1>-0.25615398231825537, -0.053169734874193963, -1.011564162403149</corner1><corner2>0.25615398231825537, 0.053169734874193963, 1.011564162403149</corner2></bounds><pose><translation>0.5085715532024144, -1.55178388223171, -0.23684342670828729</translation><rotation><c1>0, 0, 0</c1><c2>0, 0, 0</c2><c3>0, 0, 0</c3></rotation></pose><symmetry><x>twoFold</x><y>cylindrical</y><z>twoFold</z></symmetry><detectionScore>-1.0</detectionScore></element><element><id>1</id><category>wall</category><bounds><corner1>-1.5008437113337147, -2.4264462081242373, -1.4336397976487207</corner1><corner2>1.5008437113337147, 2.4264462081242373, 1.4336397976487207</corner2></bounds><pose><translation>-0.835656210125636, -3.9514344987928713, -0.05041104954732717</translation><rotation><c1>0, 0, 0</c1><c2>0, 0, 0</c2><c3>0, 0, 0</c3></rotation></pose><symmetry><x>twoFold</x><y>cylindrical</y><z>twoFold</z></symmetry><detectionScore>-1.0</detectionScore></element><element><id>2</id><category>coffee_machine</category><bounds><corner1>-1.2891223105926146, -1.4359176771438227, -0.7637815929839314</corner1><corner2>1.2891223105926146, 1.4359176771438227, 0.7637815929839314</corner2></bounds><pose><translation>4.177226208218313, 2.6678955696679525, -0.8619383015289803</translation><rotation><c1>0, 0, 0</c1><c2>0, 0, 0</c2><c3>0, 0, 0</c3></rotation></pose><symmetry><x>twoFold</x><y>cylindrical</y><z>twoFold</z></symmetry><detectionScore>-1.0</detectionScore></element><element><id>3</id><category>door</category><bounds><corner1>-0.5555577972558714, -0.4857606555363896, -1.186161701605517</corner1><corner2>0.5555577972558714, 0.4857606555363896, 1.186161701605517</corner2></bounds><pose><translation>4.4239250522931854, 5.186562168509955, -0.2905811506110124</translation><rotation><c1>0, 0, 0</c1><c2>0, 0, 0</c2><c3>0, 0, 0</c3></rotation></pose><symmetry><x>twoFold</x><y>cylindrical</y><z>twoFold</z></symmetry><detectionScore>-1.0</detectionScore></element><element><id>4</id><category>chandelier</category><bounds><corner1>-0.9154130962516239, -0.4805951196133065, -0.08008445987252255</corner1><corner2>0.9154130962516239, 0.4805951196133065, 0.08008445987252255</corner2></bounds><pose><translation>0.8107978503063885, 1.7819989893018562, 1.5510110516182756</translation><rotation><c1>0, 0, 0</c1><c2>0, 0, 0</c2><c3>0, 0, 0</c3></rotation></pose><symmetry><x>twoFold</x><y>cylindrical</y><z>twoFold</z></symmetry><detectionScore>-1.0</detectionScore></element><element><id>5</id><category>bunker_bed</category><bounds><corner1>-0.3948228987117224, -0.06538499656360997, -1.0464515141336275</corner1><corner2>0.3948228987117224, 0.06538499656360997, 1.0464515141336275</corner2></bounds><pose><translation>0.592554775711541, -1.536940521058095, -0.2626299913016012</translation><rotation><c1>0, 0, 0</c1><c2>0, 0, 0</c2><c3>0, 0, 0</c3></rotation></pose><symmetry><x>twoFold</x><y>cylindrical</y><z>twoFold</z></symmetry><detectionScore>-1.0</detectionScore></element><element><id>6</id><category>wall</category><bounds><corner1>-3.2444940286741293, -0.11553692475065702, -1.4474759785714115</corner1><corner2>3.2444940286741293, 0.11553692475065702, 1.4474759785714115</corner2></bounds><pose><translation>0.44968168298189076, 5.190819284339886, -0.024920867452215348</translation><rotation><c1>0, 0, 0</c1><c2>0, 0, 0</c2><c3>0, 0, 0</c3></rotation></pose><symmetry><x>twoFold</x><y>cylindrical</y><z>twoFold</z></symmetry><detectionScore>-1.0</detectionScore></element><element><id>7</id><category>toy</category><bounds><corner1>-0.1579667855881688, -0.9071573290076571, -1.3039300868356767</corner1><corner2>0.1579667855881688, 0.9071573290076571, 1.3039300868356767</corner2></bounds><pose><translation>5.385741904296335, -1.3843640322978228, -1.1092940269099671</translation><rotation><c1>0, 0, 0</c1><c2>0, 0, 0</c2><c3>0, 0, 0</c3></rotation></pose><symmetry><x>twoFold</x><y>cylindrical</y><z>twoFold</z></symmetry><detectionScore>-1.0</detectionScore></element><element><id>8</id><category>tv_stand</category><bounds><corner1>-1.5445746943846208, -0.9510779123045072, -0.2444596657133873</corner1><corner2>1.5445746943846208, 0.9510779123045072, 0.2444596657133873</corner2></bounds><pose><translation>1.5299233687427143, 4.240914454622221, -1.2466000223615472</translation><rotation><c1>0, 0, 0</c1><c2>0, 0, 0</c2><c3>0, 0, 0</c3></rotation></pose><symmetry><x>twoFold</x><y>cylindrical</y><z>twoFold</z></symmetry><detectionScore>-1.0</detectionScore></element><element><id>9</id><category>wall</category><bounds><corner1>-1.0646072848670731, -0.4785301143771621, -1.230763550285658</corner1><corner2>1.0646072848670731, 0.4785301143771621, 1.230763550285658</corner2></bounds><pose><translation>3.681377818142027, 5.174896836110129, -0.024828279025077088</translation><rotation><c1>0, 0, 0</c1><c2>0, 0, 0</c2><c3>0, 0, 0</c3></rotation></pose><symmetry><x>twoFold</x><y>cylindrical</y><z>twoFold</z></symmetry><detectionScore>-1.0</detectionScore></element><element><id>10</id><category>computer</category><bounds><corner1>-0.28780796316901647, -0.8354311073836445, -0.38204146981321896</corner1><corner2>0.28780796316901647, 0.8354311073836445, 0.38204146981321896</corner2></bounds><pose><translation>-2.5127000666419024, 0.9629063750695475, -0.4733026632586655</translation><rotation><c1>0, 0, 0</c1><c2>0, 0, 0</c2><c3>0, 0, 0</c3></rotation></pose><symmetry><x>twoFold</x><y>cylindrical</y><z>twoFold</z></symmetry><detectionScore>-1.0</detectionScore></element><element><id>11</id><category>wall</category><bounds><corner1>-0.131281605279999, -4.567695502881316, -1.410225220971118</corner1><corner2>0.131281605279999, 4.567695502881316, 1.410225220971118</corner2></bounds><pose><translation>5.415933018889695, 0.4747064958607745, 0.005305621471380098</translation><rotation><c1>0, 0, 0</c1><c2>0, 0, 0</c2><c3>0, 0, 0</c3></rotation></pose><symmetry><x>twoFold</x><y>cylindrical</y><z>twoFold</z></symmetry><detectionScore>-1.0</detectionScore></element><element><id>12</id><category>atm</category><bounds><corner1>-1.2011936299832406, -1.7591216829976535, -0.8025894526725789</corner1><corner2>1.2011936299832406, 1.7591216829976535, 0.8025894526725789</corner2></bounds><pose><translation>4.294463330716183, 2.6549191811545407, -0.9545970917770645</translation><rotation><c1>0, 0, 0</c1><c2>0, 0, 0</c2><c3>0, 0, 0</c3></rotation></pose><symmetry><x>twoFold</x><y>cylindrical</y><z>twoFold</z></symmetry><detectionScore>-1.0</detectionScore></element></elements></scene>