<?xml version='1.0' encoding='utf-8'?>
<scene xmlns:sumo="https://www.sumochallenge.org"><version>2.0</version><categories><id>fb_categories_v1.0</id><url>https://sumochallenge.org/en/categories-1_0.json</url></categories><project_type>bounding_box</project_type><elements><element><id>6</id><category>television</category><bounds><corner1>-0.89586061, -0.49847205, -0.47081571</corner1><corner2>0.89586061, 0.49847205, 0.47081571</corner2></bounds><pose><translation>2.53714334, 0.69927029, 1.35101414</translation><rotation><c1>1., 0., 0.</c1><c2>0., 1., 0.</c2><c3>0., 0., 1.</c3></rotation></pose><symmetry><x>none</x><y>none</y><z>none</z></symmetry><detectionScore>-1</detectionScore></element><element><id>7</id><category>partition</category><bounds><corner1>-0.05807979, -1.15093044, -1.74664471</corner1><corner2>0.05807979, 1.15093044, 1.74664471</corner2></bounds><pose><translation> 3.42169043, -0.07694478, -0.05651493</translation><rotation><c1>1., 0., 0.</c1><c2>0., 1., 0.</c2><c3>0., 0., 1.</c3></rotation></pose><symmetry><x>none</x><y>none</y><z>none</z></symmetry><detectionScore>-1</detectionScore></element><element><id>5</id><category>air_conditioner</category><bounds><corner1>-0.35720886, -0.23411572, -0.33396917</corner1><corner2>0.35720886, 0.23411572, 0.33396917</corner2></bounds><pose><translation>-0.75241568,  0.6527704 ,  2.62799898</translation><rotation><c1>1., 0., 0.</c1><c2>0., 1., 0.</c2><c3>0., 0., 1.</c3></rotation></pose><symmetry><x>none</x><y>none</y><z>none</z></symmetry><detectionScore>-1</detectionScore></element><element><id>3</id><category>wall</category><bounds><corner1>-5.46050582, -1.21966563, -2.02199717</corner1><corner2>5.46050582, 1.21966563, 2.02199717</corner2></bounds><pose><translation>-8.46950126, -0.09148109,  0.52804956</translation><rotation><c1>1., 0., 0.</c1><c2>0., 1., 0.</c2><c3>0., 0., 1.</c3></rotation></pose><symmetry><x>none</x><y>none</y><z>none</z></symmetry><detectionScore>-1</detectionScore></element><element><id>4</id><category>stereo_set</category><bounds><corner1>-0.37620247, -0.17883706, -0.03910141</corner1><corner2>0.37620247, 0.17883706, 0.03910141</corner2></bounds><pose><translation> 0.52904374, -0.82567348, -1.76908268</translation><rotation><c1>1., 0., 0.</c1><c2>0., 1., 0.</c2><c3>0., 0., 1.</c3></rotation></pose><symmetry><x>none</x><y>none</y><z>none</z></symmetry><detectionScore>-1</detectionScore></element><element><id>2</id><category>tv_stand</category><bounds><corner1>-1.65616845, -0.21836987, -1.74736923</corner1><corner2>1.65616845, 0.21836987, 1.74736923</corner2></bounds><pose><translation> 2.22750178, -1.26064228,  1.19047273</translation><rotation><c1>1., 0., 0.</c1><c2>0., 1., 0.</c2><c3>0., 0., 1.</c3></rotation></pose><symmetry><x>none</x><y>none</y><z>none</z></symmetry><detectionScore>-1</detectionScore></element><element><id>1</id><category>column</category><bounds><corner1>-0.05459838, -1.22466959, -1.64229463</corner1><corner2>0.05459838, 1.22466959, 1.64229463</corner2></bounds><pose><translation>-3.02182796, -0.12673934,  1.24388493</translation><rotation><c1>1., 0., 0.</c1><c2>0., 1., 0.</c2><c3>0., 0., 1.</c3></rotation></pose><symmetry><x>none</x><y>none</y><z>none</z></symmetry><detectionScore>-1</detectionScore></element></elements></scene>