<?xml version='1.0' encoding='utf-8'?>
<scene xmlns:sumo="https://www.sumochallenge.org"><version>2.0</version><categories><id>fb_categories_v1_0</id><url>https://sumochallenge.org/en/categories-1_0.json</url></categories><project_type>bounding_box</project_type><elements><element><id>0</id><category>wall</category><bounds><corner1>-2.301965180762553, -1.7058743237834069, -1.2216850053874124</corner1><corner2>2.301965180762553, 1.7058743237834069, 1.2216850053874124</corner2></bounds><pose><translation>-5.122016067987696, 0.023264844321258873, 1.856909374600477</translation><rotation><c1>1, 0, 0</c1><c2>0, 1, 0</c2><c3>0, 0, 1</c3></rotation></pose><symmetry><x>twoFold</x><y>cylindrical</y><z>twoFold</z></symmetry><detectionScore>-1.0</detectionScore></element><element><id>1</id><category>door</category><bounds><corner1>-2.3030763896971034, -1.8196934583136044, -1.2359179851361421</corner1><corner2>2.3030763896971034, 1.8196934583136044, 1.2359179851361421</corner2></bounds><pose><translation>-5.135611036275322, -0.09199657597453782, 1.8349176987611044</translation><rotation><c1>1, 0, 0</c1><c2>0, 1, 0</c2><c3>0, 0, 1</c3></rotation></pose><symmetry><x>twoFold</x><y>cylindrical</y><z>twoFold</z></symmetry><detectionScore>-1.0</detectionScore></element><element><id>2</id><category>wall</category><bounds><corner1>-11.234611354121991, -1.0620796683944642, -2.9812520203933626</corner1><corner2>11.234611354121991, 1.0620796683944642, 2.9812520203933626</corner2></bounds><pose><translation>-11.234611354121991, 0.0, -0.6619797768177311</translation><rotation><c1>1, 0, 0</c1><c2>0, 1, 0</c2><c3>0, 0, 1</c3></rotation></pose><symmetry><x>twoFold</x><y>cylindrical</y><z>twoFold</z></symmetry><detectionScore>-1.0</detectionScore></element><element><id>3</id><category>window</category><bounds><corner1>-5.1943587871380705, -1.6029305015003286, -2.3859372146578366</corner1><corner2>5.1943587871380705, 1.6029305015003286, 2.3859372146578366</corner2></bounds><pose><translation>-10.453382185873343, -0.06367826936613001, -6.218918236862874</translation><rotation><c1>1, 0, 0</c1><c2>0, 1, 0</c2><c3>0, 0, 1</c3></rotation></pose><symmetry><x>twoFold</x><y>cylindrical</y><z>twoFold</z></symmetry><detectionScore>-1.0</detectionScore></element><element><id>4</id><category>chair</category><bounds><corner1>-0.7178614953716691, -0.44830289362756703, -1.1370579010211705</corner1><corner2>0.7178614953716691, 0.44830289362756703, 1.1370579010211705</corner2></bounds><pose><translation>-2.573776577693199, -1.4426243998202164, -4.241609096068351</translation><rotation><c1>1, 0, 0</c1><c2>0, 1, 0</c2><c3>0, 0, 1</c3></rotation></pose><symmetry><x>twoFold</x><y>cylindrical</y><z>twoFold</z></symmetry><detectionScore>-1.0</detectionScore></element><element><id>5</id><category>fence</category><bounds><corner1>-3.036495385124619, -0.8909895383129923, -1.1688104784192883</corner1><corner2>3.036495385124619, 0.8909895383129923, 1.1688104784192883</corner2></bounds><pose><translation>9.845915071828657, -0.030836257900884696, 1.4883565136850558</translation><rotation><c1>1, 0, 0</c1><c2>0, 1, 0</c2><c3>0, 0, 1</c3></rotation></pose><symmetry><x>twoFold</x><y>cylindrical</y><z>twoFold</z></symmetry><detectionScore>-1.0</detectionScore></element><element><id>6</id><category>plant</category><bounds><corner1>-0.934585242354808, -2.1095572688938193, -1.2229784920333455</corner1><corner2>0.934585242354808, 2.1095572688938193, 1.2229784920333455</corner2></bounds><pose><translation>-3.337006640603665, -0.2973663835893997, 1.934462185466527</translation><rotation><c1>1, 0, 0</c1><c2>0, 1, 0</c2><c3>0, 0, 1</c3></rotation></pose><symmetry><x>twoFold</x><y>cylindrical</y><z>twoFold</z></symmetry><detectionScore>-1.0</detectionScore></element><element><id>7</id><category>plant</category><bounds><corner1>-1.405621180284112, -1.6693835884165473, -0.9144318687889452</corner1><corner2>1.405621180284112, 1.6693835884165473, 0.9144318687889452</corner2></bounds><pose><translation>-6.281689127692948, -0.5235731540193164, -4.747412890993982</translation><rotation><c1>1, 0, 0</c1><c2>0, 1, 0</c2><c3>0, 0, 1</c3></rotation></pose><symmetry><x>twoFold</x><y>cylindrical</y><z>twoFold</z></symmetry><detectionScore>-1.0</detectionScore></element><element><id>8</id><category>plant</category><bounds><corner1>-1.9300443307824846, -0.49185175675219206, -3.6478171305583666</corner1><corner2>1.9300443307824846, 0.49185175675219206, 3.6478171305583666</corner2></bounds><pose><translation>-2.431688414327491, 1.4696580600237976, -8.500966151679567</translation><rotation><c1>1, 0, 0</c1><c2>0, 1, 0</c2><c3>0, 0, 1</c3></rotation></pose><symmetry><x>twoFold</x><y>cylindrical</y><z>twoFold</z></symmetry><detectionScore>-1.0</detectionScore></element><element><id>9</id><category>wall</category><bounds><corner1>-7.723466487009173, -0.12181363527214395, -2.5883975111754234</corner1><corner2>7.723466487009173, 0.12181363527214395, 2.5883975111754234</corner2></bounds><pose><translation>1.7798050611372034, 1.8801547864500427, -6.701245220902142</translation><rotation><c1>1, 0, 0</c1><c2>0, 1, 0</c2><c3>0, 0, 1</c3></rotation></pose><symmetry><x>twoFold</x><y>cylindrical</y><z>twoFold</z></symmetry><detectionScore>-1.0</detectionScore></element><element><id>10</id><category>plant</category><bounds><corner1>-5.87822897039788, -1.9629377383260775, -1.1443925862185584</corner1><corner2>5.87822897039788, 1.9629377383260775, 1.1443925862185584</corner2></bounds><pose><translation>4.252237836503578, -0.1467703865009464, 2.0343580863299495</translation><rotation><c1>1, 0, 0</c1><c2>0, 1, 0</c2><c3>0, 0, 1</c3></rotation></pose><symmetry><x>twoFold</x><y>cylindrical</y><z>twoFold</z></symmetry><detectionScore>-1.0</detectionScore></element><element><id>11</id><category>coffee_table</category><bounds><corner1>-6.600465985152727, -0.44601249215600325, -1.6248978876157605</corner1><corner2>6.600465985152727, 0.44601249215600325, 1.6248978876157605</corner2></bounds><pose><translation>6.2975757982642495, -1.401140022611685, -2.7915594067499336</translation><rotation><c1>1, 0, 0</c1><c2>0, 1, 0</c2><c3>0, 0, 1</c3></rotation></pose><symmetry><x>twoFold</x><y>cylindrical</y><z>twoFold</z></symmetry><detectionScore>-1.0</detectionScore></element><element><id>12</id><category>plant</category><bounds><corner1>-4.460222550013341, -1.5100584381926971, -1.190970609037992</corner1><corner2>4.460222550013341, 1.5100584381926971, 1.190970609037992</corner2></bounds><pose><translation>5.67625788412908, -0.2143860526719333, 1.809302496603473</translation><rotation><c1>1, 0, 0</c1><c2>0, 1, 0</c2><c3>0, 0, 1</c3></rotation></pose><symmetry><x>twoFold</x><y>cylindrical</y><z>twoFold</z></symmetry><detectionScore>-1.0</detectionScore></element><element><id>13</id><category>partition</category><bounds><corner1>-0.7231529931436622, -0.4801016496556604, -0.6450108911417844</corner1><corner2>0.7231529931436622, 0.4801016496556604, 0.6450108911417844</corner2></bounds><pose><translation>-3.39996045021276, -1.006282968316367, -4.929109385828631</translation><rotation><c1>1, 0, 0</c1><c2>0, 1, 0</c2><c3>0, 0, 1</c3></rotation></pose><symmetry><x>twoFold</x><y>cylindrical</y><z>twoFold</z></symmetry><detectionScore>-1.0</detectionScore></element><element><id>14</id><category>plant</category><bounds><corner1>-2.3274881837111123, -0.7654806910879556, -0.9738003569077187</corner1><corner2>2.3274881837111123, 0.7654806910879556, 0.9738003569077187</corner2></bounds><pose><translation>3.0923668488547444, -0.7334970929535238, 2.175335983883799</translation><rotation><c1>1, 0, 0</c1><c2>0, 1, 0</c2><c3>0, 0, 1</c3></rotation></pose><symmetry><x>twoFold</x><y>cylindrical</y><z>twoFold</z></symmetry><detectionScore>-1.0</detectionScore></element><element><id>15</id><category>wall</category><bounds><corner1>-2.9417492358399198, -1.6686081687382948, -4.80867083447896</corner1><corner2>2.9417492358399198, 1.6686081687382948, 4.80867083447896</corner2></bounds><pose><translation>9.940661221113356, 0.04780715271278363, -2.026523018886981</translation><rotation><c1>1, 0, 0</c1><c2>0, 1, 0</c2><c3>0, 0, 1</c3></rotation></pose><symmetry><x>twoFold</x><y>cylindrical</y><z>twoFold</z></symmetry><detectionScore>-1.0</detectionScore></element><element><id>16</id><category>partition</category><bounds><corner1>-1.300573927336555, -0.4371430093390215, -0.4372042943848937</corner1><corner2>1.300573927336555, 0.4371430093390215, 0.4372042943848937</corner2></bounds><pose><translation>-3.2741072269181237, -0.9402231518303358, -4.979540637969647</translation><rotation><c1>1, 0, 0</c1><c2>0, 1, 0</c2><c3>0, 0, 1</c3></rotation></pose><symmetry><x>twoFold</x><y>cylindrical</y><z>twoFold</z></symmetry><detectionScore>-1.0</detectionScore></element><element><id>17</id><category>plant</category><bounds><corner1>-5.547196459481983, -0.761792850117949, -1.1118394347588134</corner1><corner2>5.547196459481983, 0.761792850117949, 1.1118394347588134</corner2></bounds><pose><translation>4.519656413896767, -0.5321421127907316, 1.9850286376180912</translation><rotation><c1>1, 0, 0</c1><c2>0, 1, 0</c2><c3>0, 0, 1</c3></rotation></pose><symmetry><x>twoFold</x><y>cylindrical</y><z>twoFold</z></symmetry><detectionScore>-1.0</detectionScore></element><element><id>18</id><category>plant</category><bounds><corner1>-4.954557862452094, -1.6205639528580553, -0.4543093173389092</corner1><corner2>4.954557862452094, 1.6205639528580553, 0.4543093173389092</corner2></bounds><pose><translation>5.1218658068132354, -0.07166156341315648, -4.376344855840067</translation><rotation><c1>1, 0, 0</c1><c2>0, 1, 0</c2><c3>0, 0, 1</c3></rotation></pose><symmetry><x>twoFold</x><y>cylindrical</y><z>twoFold</z></symmetry><detectionScore>-1.0</detectionScore></element><element><id>19</id><category>partition</category><bounds><corner1>-0.618076067170489, -0.5746117391950323, -0.8528751491033226</corner1><corner2>0.618076067170489, 0.5746117391950323, 0.8528751491033226</corner2></bounds><pose><translation>-3.0414291278605847, -1.1022655041395333, -4.930814257767398</translation><rotation><c1>1, 0, 0</c1><c2>0, 1, 0</c2><c3>0, 0, 1</c3></rotation></pose><symmetry><x>twoFold</x><y>cylindrical</y><z>twoFold</z></symmetry><detectionScore>-1.0</detectionScore></element><element><id>20</id><category>sofa</category><bounds><corner1>-1.3931372443942445, -0.4555436595070542, -0.8287619384422094</corner1><corner2>1.3931372443942445, 0.4555436595070542, 0.8287619384422094</corner2></bounds><pose><translation>0.39009421176152886, -1.137710068028165, 2.4967511317573874</translation><rotation><c1>1, 0, 0</c1><c2>0, 1, 0</c2><c3>0, 0, 1</c3></rotation></pose><symmetry><x>twoFold</x><y>cylindrical</y><z>twoFold</z></symmetry><detectionScore>-1.0</detectionScore></element><element><id>21</id><category>plant</category><bounds><corner1>-5.058774909760153, -0.7247623123374283, -0.8495171805740127</corner1><corner2>5.058774909760153, 0.7247623123374283, 0.8495171805740127</corner2></bounds><pose><translation>5.0043345450782954, -0.8548847272806838, -4.699421957098358</translation><rotation><c1>1, 0, 0</c1><c2>0, 1, 0</c2><c3>0, 0, 1</c3></rotation></pose><symmetry><x>twoFold</x><y>cylindrical</y><z>twoFold</z></symmetry><detectionScore>-1.0</detectionScore></element><element><id>22</id><category>window</category><bounds><corner1>-0.37921606980034106, -1.55363723862804, -2.450377819120025</corner1><corner2>0.37921606980034106, 1.55363723862804, 2.450377819120025</corner2></bounds><pose><translation>9.736540778988743, -0.10649992274782459, -6.351063283530954</translation><rotation><c1>1, 0, 0</c1><c2>0, 1, 0</c2><c3>0, 0, 1</c3></rotation></pose><symmetry><x>twoFold</x><y>cylindrical</y><z>twoFold</z></symmetry><detectionScore>-1.0</detectionScore></element><element><id>23</id><category>chair</category><bounds><corner1>-0.31370877770224403, -0.7482387083674602, -1.9930381233803813</corner1><corner2>0.31370877770224403, 0.7482387083674602, 1.9930381233803813</corner2></bounds><pose><translation>9.817416240374408, -0.9858219081136095, -5.758453774637539</translation><rotation><c1>1, 0, 0</c1><c2>0, 1, 0</c2><c3>0, 0, 1</c3></rotation></pose><symmetry><x>twoFold</x><y>cylindrical</y><z>twoFold</z></symmetry><detectionScore>-1.0</detectionScore></element><element><id>24</id><category>wall</category><bounds><corner1>-6.106311489010956, -1.8200482889937581, -3.7168862046825337</corner1><corner2>6.106311489010956, 1.8200482889937581, 3.7168862046825337</corner2></bounds><pose><translation>-0.5754836290456867, 0.06653240387665112, -8.59951222446422</translation><rotation><c1>1, 0, 0</c1><c2>0, 1, 0</c2><c3>0, 0, 1</c3></rotation></pose><symmetry><x>twoFold</x><y>cylindrical</y><z>twoFold</z></symmetry><detectionScore>-1.0</detectionScore></element><element><id>25</id><category>chair</category><bounds><corner1>-5.03891096135767, -0.6800194946513259, -0.8849696072769384</corner1><corner2>5.03891096135767, 0.6800194946513259, 0.8849696072769384</corner2></bounds><pose><translation>5.024198493480778, -0.882599192797813, -4.734874383801284</translation><rotation><c1>1, 0, 0</c1><c2>0, 1, 0</c2><c3>0, 0, 1</c3></rotation></pose><symmetry><x>twoFold</x><y>cylindrical</y><z>twoFold</z></symmetry><detectionScore>-1.0</detectionScore></element><element><id>26</id><category>door</category><bounds><corner1>-2.7099805521238247, -1.4329236221882293, -1.0067602461886676</corner1><corner2>2.7099805521238247, 1.4329236221882293, 1.0067602461886676</corner2></bounds><pose><translation>4.418278520212277, -0.1891780720719849, 2.1082638575010733</translation><rotation><c1>1, 0, 0</c1><c2>0, 1, 0</c2><c3>0, 0, 1</c3></rotation></pose><symmetry><x>twoFold</x><y>cylindrical</y><z>twoFold</z></symmetry><detectionScore>-1.0</detectionScore></element><element><id>27</id><category>gym_equipment</category><bounds><corner1>-0.29857611663064, -0.7328602691104222, -2.0681559190421797</corner1><corner2>0.29857611663064, 0.7328602691104222, 2.0681559190421797</corner2></bounds><pose><translation>9.834871617347028, -0.9704434688565714, -5.776386206367494</translation><rotation><c1>1, 0, 0</c1><c2>0, 1, 0</c2><c3>0, 0, 1</c3></rotation></pose><symmetry><x>twoFold</x><y>cylindrical</y><z>twoFold</z></symmetry><detectionScore>-1.0</detectionScore></element><element><id>28</id><category>wall</category><bounds><corner1>-5.419869828037578, -1.6341915391848962, -1.1251968629296711</corner1><corner2>5.419869828037578, 1.6341915391848962, 1.1251968629296711</corner2></bounds><pose><translation>4.705203500919586, -0.06320508064915265, 1.9530028246349085</translation><rotation><c1>1, 0, 0</c1><c2>0, 1, 0</c2><c3>0, 0, 1</c3></rotation></pose><symmetry><x>twoFold</x><y>cylindrical</y><z>twoFold</z></symmetry><detectionScore>-1.0</detectionScore></element><element><id>29</id><category>coffee_table</category><bounds><corner1>-1.0428963278860461, -0.3794879895683567, -1.2106789235081656</corner1><corner2>1.0428963278860461, 0.3794879895683567, 1.2106789235081656</corner2></bounds><pose><translation>-4.521944176429876, -1.4170428819811502, -2.9910367495235324</translation><rotation><c1>1, 0, 0</c1><c2>0, 1, 0</c2><c3>0, 0, 1</c3></rotation></pose><symmetry><x>twoFold</x><y>cylindrical</y><z>twoFold</z></symmetry><detectionScore>-1.0</detectionScore></element><element><id>30</id><category>window</category><bounds><corner1>-4.978705443728596, -1.3832061171677985, -2.704125322541249</corner1><corner2>4.978705443728596, 1.3832061171677985, 2.704125322541249</corner2></bounds><pose><translation>-11.22198649057151, 0.12051004598622543, -4.180318212730869</translation><rotation><c1>1, 0, 0</c1><c2>0, 1, 0</c2><c3>0, 0, 1</c3></rotation></pose><symmetry><x>twoFold</x><y>cylindrical</y><z>twoFold</z></symmetry><detectionScore>-1.0</detectionScore></element><element><id>31</id><category>trash_can</category><bounds><corner1>-0.7150370662223033, -0.3257000661463798, -0.8902953858353708</corner1><corner2>0.7150370662223033, 0.3257000661463798, 0.8902953858353708</corner2></bounds><pose><translation>-2.8571220813878124, -1.429687718071933, -4.7776829038079685</translation><rotation><c1>1, 0, 0</c1><c2>0, 1, 0</c2><c3>0, 0, 1</c3></rotation></pose><symmetry><x>twoFold</x><y>cylindrical</y><z>twoFold</z></symmetry><detectionScore>-1.0</detectionScore></element><element><id>32</id><category>heater</category><bounds><corner1>-0.7195546439383151, -0.34382227275575694, -0.9223730495530971</corner1><corner2>0.7195546439383151, 0.34382227275575694, 0.9223730495530971</corner2></bounds><pose><translation>-2.8616396591038242, -1.4284326288939804, -4.809760567525695</translation><rotation><c1>1, 0, 0</c1><c2>0, 1, 0</c2><c3>0, 0, 1</c3></rotation></pose><symmetry><x>twoFold</x><y>cylindrical</y><z>twoFold</z></symmetry><detectionScore>-1.0</detectionScore></element><element><id>33</id><category>partition</category><bounds><corner1>-4.188696040280891, -0.9685701479888859, -1.9512931017098407</corner1><corner2>4.188696040280891, 0.9685701479888859, 1.9512931017098407</corner2></bounds><pose><translation>-0.3691469489180449, -1.4512667326690547, -4.696523025468483</translation><rotation><c1>1, 0, 0</c1><c2>0, 1, 0</c2><c3>0, 0, 1</c3></rotation></pose><symmetry><x>twoFold</x><y>cylindrical</y><z>twoFold</z></symmetry><detectionScore>-1.0</detectionScore></element><element><id>34</id><category>window</category><bounds><corner1>-0.22537781571070425, -1.540749361542154, -2.330353817120127</corner1><corner2>0.22537781571070425, 1.540749361542154, 2.330353817120127</corner2></bounds><pose><translation>9.959117230093081, -0.009736838380559061, -3.624044698322146</translation><rotation><c1>1, 0, 0</c1><c2>0, 1, 0</c2><c3>0, 0, 1</c3></rotation></pose><symmetry><x>twoFold</x><y>cylindrical</y><z>twoFold</z></symmetry><detectionScore>-1.0</detectionScore></element><element><id>35</id><category>wall</category><bounds><corner1>-2.9427285037422557, -0.9729873895087278, -1.8918938430013927</corner1><corner2>2.9427285037422557, 0.9729873895087278, 1.8918938430013927</corner2></bounds><pose><translation>9.932561697125184, 0.050627973210990496, 0.7652731491029514</translation><rotation><c1>1, 0, 0</c1><c2>0, 1, 0</c2><c3>0, 0, 1</c3></rotation></pose><symmetry><x>twoFold</x><y>cylindrical</y><z>twoFold</z></symmetry><detectionScore>-1.0</detectionScore></element><element><id>36</id><category>partition</category><bounds><corner1>-5.566386984089008, -1.6839546218852854, -3.0002744519491182</corner1><corner2>5.566386984089008, 1.6839546218852854, 3.0002744519491182</corner2></bounds><pose><translation>-0.6688390346467585, 0.2659978047165318, -7.8558301271865005</translation><rotation><c1>1, 0, 0</c1><c2>0, 1, 0</c2><c3>0, 0, 1</c3></rotation></pose><symmetry><x>twoFold</x><y>cylindrical</y><z>twoFold</z></symmetry><detectionScore>-1.0</detectionScore></element><element><id>37</id><category>chair</category><bounds><corner1>-1.0818333792619392, -0.6091596894501254, -1.4662866812523054</corner1><corner2>1.0818333792619392, 0.6091596894501254, 1.4662866812523054</corner2></bounds><pose><translation>-4.701075232263527, -1.292423320650524, -3.942280896406366</translation><rotation><c1>1, 0, 0</c1><c2>0, 1, 0</c2><c3>0, 0, 1</c3></rotation></pose><symmetry><x>twoFold</x><y>cylindrical</y><z>twoFold</z></symmetry><detectionScore>-1.0</detectionScore></element><element><id>38</id><category>plant</category><bounds><corner1>-0.6405593578991366, -0.7933198527378668, -1.2028729426770055</corner1><corner2>0.6405593578991366, 0.7933198527378668, 1.2028729426770055</corner2></bounds><pose><translation>-3.302091082294089, 0.36499758153060025, 1.8872046211621725</translation><rotation><c1>1, 0, 0</c1><c2>0, 1, 0</c2><c3>0, 0, 1</c3></rotation></pose><symmetry><x>twoFold</x><y>cylindrical</y><z>twoFold</z></symmetry><detectionScore>-1.0</detectionScore></element><element><id>39</id><category>window</category><bounds><corner1>-1.7405609308341639, -0.29312404333706765, -0.1082168322061361</corner1><corner2>1.7405609308341639, 0.29312404333706765, 0.1082168322061361</corner2></bounds><pose><translation>1.114876592944484, 1.458908002578606, 3.2402819814992396</translation><rotation><c1>1, 0, 0</c1><c2>0, 1, 0</c2><c3>0, 0, 1</c3></rotation></pose><symmetry><x>twoFold</x><y>cylindrical</y><z>twoFold</z></symmetry><detectionScore>-1.0</detectionScore></element><element><id>40</id><category>plant</category><bounds><corner1>-0.6193464212395958, -0.7641835658224005, -1.209054185063373</corner1><corner2>0.6193464212395958, 0.7641835658224005, 1.209054185063373</corner2></bounds><pose><translation>-3.3195863688959744, -1.0215106286229996, 1.8698452464643764</translation><rotation><c1>1, 0, 0</c1><c2>0, 1, 0</c2><c3>0, 0, 1</c3></rotation></pose><symmetry><x>twoFold</x><y>cylindrical</y><z>twoFold</z></symmetry><detectionScore>-1.0</detectionScore></element><element><id>41</id><category>partition</category><bounds><corner1>-0.6842578962341694, -0.3746429809649803, -1.03826396697397</corner1><corner2>0.6842578962341694, 0.3746429809649803, 1.03826396697397</corner2></bounds><pose><translation>-2.6791876666769983, -1.4395829398627893, -4.304569109429243</translation><rotation><c1>1, 0, 0</c1><c2>0, 1, 0</c2><c3>0, 0, 1</c3></rotation></pose><symmetry><x>twoFold</x><y>cylindrical</y><z>twoFold</z></symmetry><detectionScore>-1.0</detectionScore></element><element><id>42</id><category>plant</category><bounds><corner1>-2.5511049634988434, -1.8844792764324285, -1.2917421989886464</corner1><corner2>2.5511049634988434, 1.8844792764324285, 1.2917421989886464</corner2></bounds><pose><translation>-5.383639610077062, -0.14172824802865974, 1.7790934849086002</translation><rotation><c1>1, 0, 0</c1><c2>0, 1, 0</c2><c3>0, 0, 1</c3></rotation></pose><symmetry><x>twoFold</x><y>cylindrical</y><z>twoFold</z></symmetry><detectionScore>-1.0</detectionScore></element></elements></scene>