<?xml version='1.0' encoding='utf-8'?>
<scene xmlns:sumo="https://www.sumochallenge.org"><version>2.0</version><categories><id>fb_categories_v1_0</id><url>https://sumochallenge.org/en/categories-1_0.json</url></categories><project_type>bounding_box</project_type><elements><element><id>0</id><category>sofa</category><bounds><corner1>-1.7639941697466583, -1.32256062423243, -0.45393762253686765</corner1><corner2>1.7639941697466583, 1.32256062423243, 0.45393762253686765</corner2></bounds><pose><translation>1.6074702370721923, -0.55070582559666, -1.1838070548932909</translation><rotation><c1>0, 0, 0</c1><c2>0, 0, 0</c2><c3>0, 0, 0</c3></rotation></pose><symmetry><x>twoFold</x><y>cylindrical</y><z>twoFold</z></symmetry><detectionScore>-1.0</detectionScore></element><element><id>1</id><category>playstation</category><bounds><corner1>-0.3285306714792198, -0.3568191963105163, -0.0792451763051969</corner1><corner2>0.3285306714792198, 0.3568191963105163, 0.0792451763051969</corner2></bounds><pose><translation>-0.7486484184328337, 1.6902813656687015, -1.4049421986280095</translation><rotation><c1>0, 0, 0</c1><c2>0, 0, 0</c2><c3>0, 0, 0</c3></rotation></pose><symmetry><x>twoFold</x><y>cylindrical</y><z>twoFold</z></symmetry><detectionScore>-1.0</detectionScore></element><element><id>2</id><category>wall</category><bounds><corner1>-1.9575347543975306, -1.000141951101221, -1.3684447643723947</corner1><corner2>1.9575347543975306, 1.000141951101221, 1.3684447643723947</corner2></bounds><pose><translation>1.2312132949675134, -7.83654129213565, -0.09970505748248032</translation><rotation><c1>0, 0, 0</c1><c2>0, 0, 0</c2><c3>0, 0, 0</c3></rotation></pose><symmetry><x>twoFold</x><y>cylindrical</y><z>twoFold</z></symmetry><detectionScore>-1.0</detectionScore></element><element><id>3</id><category>floor_lamp</category><bounds><corner1>-0.07999149398287164, -0.6663046385438425, -1.2323955262330981</corner1><corner2>0.07999149398287164, 0.6663046385438425, 1.2323955262330981</corner2></bounds><pose><translation>3.329993994385159, -2.7512396290132695, -0.8164277711837584</translation><rotation><c1>0, 0, 0</c1><c2>0, 0, 0</c2><c3>0, 0, 0</c3></rotation></pose><symmetry><x>twoFold</x><y>cylindrical</y><z>twoFold</z></symmetry><detectionScore>-1.0</detectionScore></element><element><id>4</id><category>door</category><bounds><corner1>-1.504935672139149, -3.0504355330820587, -1.0413807220299554</corner1><corner2>1.504935672139149, 3.0504355330820587, 1.0413807220299554</corner2></bounds><pose><translation>-0.5727599598472363, -7.858916378609189, -0.269156321501466</translation><rotation><c1>0, 0, 0</c1><c2>0, 0, 0</c2><c3>0, 0, 0</c3></rotation></pose><symmetry><x>twoFold</x><y>cylindrical</y><z>twoFold</z></symmetry><detectionScore>-1.0</detectionScore></element><element><id>5</id><category>xbox</category><bounds><corner1>-0.339980603721451, -1.042592157465582, -0.15620070989689094</corner1><corner2>0.339980603721451, 1.042592157465582, 0.15620070989689094</corner2></bounds><pose><translation>-0.7461021035924564, 1.844865594185128, -1.399633037639851</translation><rotation><c1>0, 0, 0</c1><c2>0, 0, 0</c2><c3>0, 0, 0</c3></rotation></pose><symmetry><x>twoFold</x><y>cylindrical</y><z>twoFold</z></symmetry><detectionScore>-1.0</detectionScore></element><element><id>6</id><category>wall</category><bounds><corner1>-1.8016937353223255, -4.318860729140697, -0.985751316575762</corner1><corner2>1.8016937353223255, 4.318860729140697, 0.985751316575762</corner2></bounds><pose><translation>-0.6915687295909329, -7.843633181913106, -0.1347089296234488</translation><rotation><c1>0, 0, 0</c1><c2>0, 0, 0</c2><c3>0, 0, 0</c3></rotation></pose><symmetry><x>twoFold</x><y>cylindrical</y><z>twoFold</z></symmetry><detectionScore>-1.0</detectionScore></element><element><id>7</id><category>coffee_table</category><bounds><corner1>-0.46479467937409885, -1.0577768270552235, -0.3396327548062592</corner1><corner2>0.46479467937409885, 1.0577768270552235, 0.3396327548062592</corner2></bounds><pose><translation>-0.8300848477851392, 1.7861042338041724, -1.4022879452206638</translation><rotation><c1>0, 0, 0</c1><c2>0, 0, 0</c2><c3>0, 0, 0</c3></rotation></pose><symmetry><x>twoFold</x><y>cylindrical</y><z>twoFold</z></symmetry><detectionScore>-1.0</detectionScore></element><element><id>8</id><category>wall</category><bounds><corner1>-2.1742689306275045, -0.10863842852160754, -1.4472818891244028</corner1><corner2>2.1742689306275045, 0.10863842852160754, 1.4472818891244028</corner2></bounds><pose><translation>1.0636832542640804, 4.017808416772942, -0.11354266326179635</translation><rotation><c1>0, 0, 0</c1><c2>0, 0, 0</c2><c3>0, 0, 0</c3></rotation></pose><symmetry><x>twoFold</x><y>cylindrical</y><z>twoFold</z></symmetry><detectionScore>-1.0</detectionScore></element><element><id>9</id><category>chandelier</category><bounds><corner1>-1.1117907377755776, -1.133408905517125, -0.08020203472718679</corner1><corner2>1.1117907377755776, 1.133408905517125, 0.08020203472718679</corner2></bounds><pose><translation>2.3327390682894524, -0.5534391339535712, 1.4380527598911559</translation><rotation><c1>0, 0, 0</c1><c2>0, 0, 0</c2><c3>0, 0, 0</c3></rotation></pose><symmetry><x>twoFold</x><y>cylindrical</y><z>twoFold</z></symmetry><detectionScore>-1.0</detectionScore></element><element><id>10</id><category>armchair</category><bounds><corner1>-1.7906644805674707, -1.4265534266946664, -0.46749569047806905</corner1><corner2>1.7906644805674707, 1.4265534266946664, 0.46749569047806905</corner2></bounds><pose><translation>1.6035932833915751, -0.4857356706617575, -1.1983428424709177</translation><rotation><c1>0, 0, 0</c1><c2>0, 0, 0</c2><c3>0, 0, 0</c3></rotation></pose><symmetry><x>twoFold</x><y>cylindrical</y><z>twoFold</z></symmetry><detectionScore>-1.0</detectionScore></element><element><id>11</id><category>sofa</category><bounds><corner1>-1.3951895918829504, -0.9245308532443515, -0.5244166090241879</corner1><corner2>1.3951895918829504, 0.9245308532443515, 0.5244166090241879</corner2></bounds><pose><translation>1.9124154409254528, 3.119702741976898, -1.1280062317005908</translation><rotation><c1>0, 0, 0</c1><c2>0, 0, 0</c2><c3>0, 0, 0</c3></rotation></pose><symmetry><x>twoFold</x><y>cylindrical</y><z>twoFold</z></symmetry><detectionScore>-1.0</detectionScore></element><element><id>12</id><category>armchair</category><bounds><corner1>-1.1591728175790004, -0.6208116337217418, -0.3345494388968546</corner1><corner2>1.1591728175790004, 0.6208116337217418, 0.3345494388968546</corner2></bounds><pose><translation>2.3103063979631457, -0.2317492498993361, -1.0850832825449717</translation><rotation><c1>0, 0, 0</c1><c2>0, 0, 0</c2><c3>0, 0, 0</c3></rotation></pose><symmetry><x>twoFold</x><y>cylindrical</y><z>twoFold</z></symmetry><detectionScore>-1.0</detectionScore></element><element><id>13</id><category>door</category><bounds><corner1>-0.6283604247588486, -0.8492827229905369, -1.6673766787905628</corner1><corner2>0.6283604247588486, 0.8492827229905369, 1.6673766787905628</corner2></bounds><pose><translation>-1.1583333306257364, -2.960709832438593, -0.2533580070751714</translation><rotation><c1>0, 0, 0</c1><c2>0, 0, 0</c2><c3>0, 0, 0</c3></rotation></pose><symmetry><x>twoFold</x><y>cylindrical</y><z>twoFold</z></symmetry><detectionScore>-1.0</detectionScore></element><element><id>14</id><category>hanger</category><bounds><corner1>-0.07646871210759043, -0.6390593385335146, -1.13007486174989</corner1><corner2>0.07646871210759043, 0.6390593385335146, 1.13007486174989</corner2></bounds><pose><translation>3.334572376373642, -2.759525550743402, -0.7255305132129712</translation><rotation><c1>0, 0, 0</c1><c2>0, 0, 0</c2><c3>0, 0, 0</c3></rotation></pose><symmetry><x>twoFold</x><y>cylindrical</y><z>twoFold</z></symmetry><detectionScore>-1.0</detectionScore></element><element><id>15</id><category>wall</category><bounds><corner1>-0.7329100745512369, -0.7637827927000336, -1.6249909469249981</corner1><corner2>0.7329100745512369, 0.7637827927000336, 1.6249909469249981</corner2></bounds><pose><translation>-1.1367130115616424, -2.9502174667633443, -0.16996227001233663</translation><rotation><c1>0, 0, 0</c1><c2>0, 0, 0</c2><c3>0, 0, 0</c3></rotation></pose><symmetry><x>twoFold</x><y>cylindrical</y><z>twoFold</z></symmetry><detectionScore>-1.0</detectionScore></element><element><id>16</id><category>wall</category><bounds><corner1>-0.162933847278792, -1.1300989101879693, -1.1722008289297354</corner1><corner2>0.162933847278792, 1.1300989101879693, 1.1722008289297354</corner2></bounds><pose><translation>-1.165149038583849, -3.3137832419268642, -0.046648981230601835</translation><rotation><c1>0, 0, 0</c1><c2>0, 0, 0</c2><c3>0, 0, 0</c3></rotation></pose><symmetry><x>twoFold</x><y>cylindrical</y><z>twoFold</z></symmetry><detectionScore>-1.0</detectionScore></element><element><id>17</id><category>chandelier</category><bounds><corner1>-1.04721440973836, -0.16416277936861423, -0.07825072958998325</corner1><corner2>1.04721440973836, 0.16416277936861423, 0.07825072958998325</corner2></bounds><pose><translation>2.1803769550732452, 3.9093329768625624, 1.3091889515861004</translation><rotation><c1>0, 0, 0</c1><c2>0, 0, 0</c2><c3>0, 0, 0</c3></rotation></pose><symmetry><x>twoFold</x><y>cylindrical</y><z>twoFold</z></symmetry><detectionScore>-1.0</detectionScore></element></elements></scene>