<?xml version='1.0' encoding='utf-8'?>
<scene xmlns:sumo="https://www.sumochallenge.org"><version>2.0</version><categories><id>fb_categories_v1_0</id><url>https://sumochallenge.org/en/categories-1_0.json</url></categories><project_type>bounding_box</project_type><elements><element><id>0</id><category>chandelier</category><bounds><corner1>-0.7222413784650306, -0.8410901094424796, -0.4752339694699187</corner1><corner2>0.7222413784650306, 0.8410901094424796, 0.4752339694699187</corner2></bounds><pose><translation>-2.1712833121710298, 0.6532803101524143, -0.9122255653399879</translation><rotation><c1>1, 0, 0</c1><c2>0, 1, 0</c2><c3>0, 0, 1</c3></rotation></pose><symmetry><x>twoFold</x><y>cylindrical</y><z>twoFold</z></symmetry><detectionScore>-1.0</detectionScore></element><element><id>1</id><category>wall</category><bounds><corner1>-0.6203124962896487, -1.2834481016946095, -6.517188892789404</corner1><corner2>0.6203124962896487, 1.2834481016946095, 6.517188892789404</corner2></bounds><pose><translation>-8.309001937589315, -0.02435733095177956, 2.5432739751187046</translation><rotation><c1>1, 0, 0</c1><c2>0, 1, 0</c2><c3>0, 0, 1</c3></rotation></pose><symmetry><x>twoFold</x><y>cylindrical</y><z>twoFold</z></symmetry><detectionScore>-1.0</detectionScore></element><element><id>2</id><category>wall</category><bounds><corner1>-6.31820312376695, -1.3124015269136724, -6.018483943357645</corner1><corner2>6.31820312376695, 1.3124015269136724, 6.018483943357645</corner2></bounds><pose><translation>-7.773871991252611, -0.013789321106107344, -0.47841472815848457</translation><rotation><c1>1, 0, 0</c1><c2>0, 1, 0</c2><c3>0, 0, 1</c3></rotation></pose><symmetry><x>twoFold</x><y>cylindrical</y><z>twoFold</z></symmetry><detectionScore>-1.0</detectionScore></element><element><id>3</id><category>picture_frame</category><bounds><corner1>-6.464308828827411, -1.2469429727549233, -2.5627228721068116</corner1><corner2>6.464308828827411, 1.2469429727549233, 2.5627228721068116</corner2></bounds><pose><translation>-8.088494843075669, 0.051669233052641886, -0.11932149454761581</translation><rotation><c1>1, 0, 0</c1><c2>0, 1, 0</c2><c3>0, 0, 1</c3></rotation></pose><symmetry><x>twoFold</x><y>cylindrical</y><z>twoFold</z></symmetry><detectionScore>-1.0</detectionScore></element><element><id>4</id><category>wall</category><bounds><corner1>-3.854352834901257, -1.462470631128808, -11.249539172068003</corner1><corner2>3.854352834901257, 1.462470631128808, 11.249539172068003</corner2></bounds><pose><translation>-0.0812553680949218, -0.19388454729797744, 3.439535185486369</translation><rotation><c1>1, 0, 0</c1><c2>0, 1, 0</c2><c3>0, 0, 1</c3></rotation></pose><symmetry><x>twoFold</x><y>cylindrical</y><z>twoFold</z></symmetry><detectionScore>-1.0</detectionScore></element><element><id>5</id><category>shelving</category><bounds><corner1>-1.0527061017546258, -0.8236553106588712, -2.4401199531293787</corner1><corner2>1.0527061017546258, 0.8236553106588712, 2.4401199531293787</corner2></bounds><pose><translation>2.8045983403904198, -0.05059958026079055, 3.364336320906221</translation><rotation><c1>1, 0, 0</c1><c2>0, 1, 0</c2><c3>0, 0, 1</c3></rotation></pose><symmetry><x>twoFold</x><y>cylindrical</y><z>twoFold</z></symmetry><detectionScore>-1.0</detectionScore></element><element><id>6</id><category>window</category><bounds><corner1>-1.6474782580894507, -1.1471611655401939, -2.521288766158592</corner1><corner2>1.6474782580894507, 1.1471611655401939, 2.521288766158592</corner2></bounds><pose><translation>2.191058875113578, 0.0595518133088178, 3.2831675078770077</translation><rotation><c1>1, 0, 0</c1><c2>0, 1, 0</c2><c3>0, 0, 1</c3></rotation></pose><symmetry><x>twoFold</x><y>cylindrical</y><z>twoFold</z></symmetry><detectionScore>-1.0</detectionScore></element><element><id>7</id><category>shelving</category><bounds><corner1>-0.9834246249897505, -1.4943425948903493, -2.421006085040153</corner1><corner2>0.9834246249897505, 1.4943425948903493, 2.421006085040153</corner2></bounds><pose><translation>2.873879817155295, -0.1624570439021891, 3.3834501889954467</translation><rotation><c1>1, 0, 0</c1><c2>0, 1, 0</c2><c3>0, 0, 1</c3></rotation></pose><symmetry><x>twoFold</x><y>cylindrical</y><z>twoFold</z></symmetry><detectionScore>-1.0</detectionScore></element><element><id>8</id><category>shelving</category><bounds><corner1>-0.13270878202738023, -1.276217111359776, -0.4376740432258872</corner1><corner2>0.13270878202738023, 1.276217111359776, 0.4376740432258872</corner2></bounds><pose><translation>3.695099809884387, -0.02210419790368053, 5.366782230809712</translation><rotation><c1>1, 0, 0</c1><c2>0, 1, 0</c2><c3>0, 0, 1</c3></rotation></pose><symmetry><x>twoFold</x><y>cylindrical</y><z>twoFold</z></symmetry><detectionScore>-1.0</detectionScore></element><element><id>9</id><category>window</category><bounds><corner1>-0.17502501379888136, -0.6954448384999403, -0.5719248165118866</corner1><corner2>0.17502501379888136, 0.6954448384999403, 0.5719248165118866</corner2></bounds><pose><translation>3.65337292077019, 0.29109922835417257, 5.231116904769793</translation><rotation><c1>1, 0, 0</c1><c2>0, 1, 0</c2><c3>0, 0, 1</c3></rotation></pose><symmetry><x>twoFold</x><y>cylindrical</y><z>twoFold</z></symmetry><detectionScore>-1.0</detectionScore></element><element><id>10</id><category>sofa</category><bounds><corner1>-1.9339508918535453, -0.9955854763942811, -2.1756365591624087</corner1><corner2>1.9339508918535453, 0.9955854763942811, 2.1756365591624087</corner2></bounds><pose><translation>-3.386060898998251, -1.1739529357648597, -0.8191513943234875</translation><rotation><c1>1, 0, 0</c1><c2>0, 1, 0</c2><c3>0, 0, 1</c3></rotation></pose><symmetry><x>twoFold</x><y>cylindrical</y><z>twoFold</z></symmetry><detectionScore>-1.0</detectionScore></element><element><id>11</id><category>arch</category><bounds><corner1>-3.3710248927709463, -1.457924064153492, -5.048091753987686</corner1><corner2>3.3710248927709463, 1.457924064153492, 5.048091753987686</corner2></bounds><pose><translation>-8.561694073381593, -0.25986651523333426, 9.274677074927546</translation><rotation><c1>1, 0, 0</c1><c2>0, 1, 0</c2><c3>0, 0, 1</c3></rotation></pose><symmetry><x>twoFold</x><y>cylindrical</y><z>twoFold</z></symmetry><detectionScore>-1.0</detectionScore></element><element><id>12</id><category>wall</category><bounds><corner1>-0.9982363554562426, -1.5237181144637868, -2.411870122564111</corner1><corner2>0.9982363554562426, 1.5237181144637868, 2.411870122564111</corner2></bounds><pose><translation>2.859068086688803, -0.16637845377201682, 3.314375519903231</translation><rotation><c1>1, 0, 0</c1><c2>0, 1, 0</c2><c3>0, 0, 1</c3></rotation></pose><symmetry><x>twoFold</x><y>cylindrical</y><z>twoFold</z></symmetry><detectionScore>-1.0</detectionScore></element><element><id>13</id><category>chair</category><bounds><corner1>-0.43497097326333334, -0.0885442177764133, -0.54903141181278</corner1><corner2>0.43497097326333334, 0.0885442177764133, 0.54903141181278</corner2></bounds><pose><translation>-1.929543963937777, -1.3380379544652763, -0.8331236468731021</translation><rotation><c1>1, 0, 0</c1><c2>0, 1, 0</c2><c3>0, 0, 1</c3></rotation></pose><symmetry><x>twoFold</x><y>cylindrical</y><z>twoFold</z></symmetry><detectionScore>-1.0</detectionScore></element><element><id>14</id><category>television</category><bounds><corner1>-0.1989100612243968, -0.8270467826620257, -1.664446580233169</corner1><corner2>0.1989100612243968, 0.8270467826620257, 1.664446580233169</corner2></bounds><pose><translation>3.836519397433629, -0.15384697235081424, -0.5134263955445174</translation><rotation><c1>1, 0, 0</c1><c2>0, 1, 0</c2><c3>0, 0, 1</c3></rotation></pose><symmetry><x>twoFold</x><y>cylindrical</y><z>twoFold</z></symmetry><detectionScore>-1.0</detectionScore></element><element><id>15</id><category>window</category><bounds><corner1>-0.7612183823614267, -1.4437483306743357, -0.17923078580342322</corner1><corner2>0.7612183823614267, 1.4437483306743357, 0.17923078580342322</corner2></bounds><pose><translation>1.9306452345133491, -0.21215993896359212, -3.1390963039171575</translation><rotation><c1>1, 0, 0</c1><c2>0, 1, 0</c2><c3>0, 0, 1</c3></rotation></pose><symmetry><x>twoFold</x><y>cylindrical</y><z>twoFold</z></symmetry><detectionScore>-1.0</detectionScore></element><element><id>16</id><category>floor_lamp</category><bounds><corner1>-1.3511163233401842, -0.9988212803080413, -1.586622909735614</corner1><corner2>1.3511163233401842, 0.9988212803080413, 1.586622909735614</corner2></bounds><pose><translation>2.6213235974788995, -1.0231787203235108, 1.9014576898756677</translation><rotation><c1>1, 0, 0</c1><c2>0, 1, 0</c2><c3>0, 0, 1</c3></rotation></pose><symmetry><x>twoFold</x><y>cylindrical</y><z>twoFold</z></symmetry><detectionScore>-1.0</detectionScore></element><element><id>17</id><category>wall</category><bounds><corner1>-0.17006191593239128, -1.373956078594023, -0.40801995470936087</corner1><corner2>0.17006191593239128, 1.373956078594023, 0.40801995470936087</corner2></bounds><pose><translation>-1.6191038496383905, -0.014599634930843717, -0.8515897089216586</translation><rotation><c1>1, 0, 0</c1><c2>0, 1, 0</c2><c3>0, 0, 1</c3></rotation></pose><symmetry><x>twoFold</x><y>cylindrical</y><z>twoFold</z></symmetry><detectionScore>-1.0</detectionScore></element><element><id>18</id><category>wall</category><bounds><corner1>-4.274491845796112, -1.386759553827663, -5.132222014945304</corner1><corner2>4.274491845796112, 1.386759553827663, 5.132222014945304</corner2></bounds><pose><translation>-5.318816561244943, -0.12533301246595147, 9.190546813969927</translation><rotation><c1>1, 0, 0</c1><c2>0, 1, 0</c2><c3>0, 0, 1</c3></rotation></pose><symmetry><x>twoFold</x><y>cylindrical</y><z>twoFold</z></symmetry><detectionScore>-1.0</detectionScore></element><element><id>19</id><category>wall</category><bounds><corner1>-1.9800263041871882, -1.4913760485994156, -9.250947455079883</corner1><corner2>1.9800263041871882, 1.4913760485994156, 9.250947455079883</corner2></bounds><pose><translation>1.8532565574416415, -0.17918351306490035, 3.3275842789516705</translation><rotation><c1>1, 0, 0</c1><c2>0, 1, 0</c2><c3>0, 0, 1</c3></rotation></pose><symmetry><x>twoFold</x><y>cylindrical</y><z>twoFold</z></symmetry><detectionScore>-1.0</detectionScore></element><element><id>20</id><category>column</category><bounds><corner1>-0.8990586629239691, -1.2490519229370785, -11.275907362753127</corner1><corner2>0.8990586629239691, 1.2490519229370785, 11.275907362753127</corner2></bounds><pose><translation>-1.62209050442162, 0.14463291942979237, 3.3026013198120703</translation><rotation><c1>1, 0, 0</c1><c2>0, 1, 0</c2><c3>0, 0, 1</c3></rotation></pose><symmetry><x>twoFold</x><y>cylindrical</y><z>twoFold</z></symmetry><detectionScore>-1.0</detectionScore></element><element><id>21</id><category>shelving</category><bounds><corner1>-5.956252794932068, -1.3868764871362824, -2.277921319783498</corner1><corner2>5.956252794932068, 1.3868764871362824, 2.277921319783498</corner2></bounds><pose><translation>-8.11283255255139, -0.09139639714722579, 0.26293343396796315</translation><rotation><c1>1, 0, 0</c1><c2>0, 1, 0</c2><c3>0, 0, 1</c3></rotation></pose><symmetry><x>twoFold</x><y>cylindrical</y><z>twoFold</z></symmetry><detectionScore>-1.0</detectionScore></element><element><id>22</id><category>wall</category><bounds><corner1>-1.7600103191800054, -1.5026327250695233, -2.5405473123193776</corner1><corner2>1.7600103191800054, 1.5026327250695233, 2.5405473123193776</corner2></bounds><pose><translation>2.0785268140230233, -0.1844447505764849, 3.263908961716222</translation><rotation><c1>1, 0, 0</c1><c2>0, 1, 0</c2><c3>0, 0, 1</c3></rotation></pose><symmetry><x>twoFold</x><y>cylindrical</y><z>twoFold</z></symmetry><detectionScore>-1.0</detectionScore></element><element><id>23</id><category>coffee_table</category><bounds><corner1>-0.5721302407059807, -0.14153939739865717, -0.8168119122223427</corner1><corner2>0.5721302407059807, 0.14153939739865717, 0.8168119122223427</corner2></bounds><pose><translation>-2.198649444599625, -1.3397826232958283, -0.7803359326225352</translation><rotation><c1>1, 0, 0</c1><c2>0, 1, 0</c2><c3>0, 0, 1</c3></rotation></pose><symmetry><x>twoFold</x><y>cylindrical</y><z>twoFold</z></symmetry><detectionScore>-1.0</detectionScore></element><element><id>24</id><category>table_lamp</category><bounds><corner1>-0.15866490371461328, -0.8659407724729888, -1.110474185962251</corner1><corner2>0.15866490371461328, 0.8659407724729888, 1.110474185962251</corner2></bounds><pose><translation>3.811828637310791, -0.8696465429055973, 2.351301629539884</translation><rotation><c1>1, 0, 0</c1><c2>0, 1, 0</c2><c3>0, 0, 1</c3></rotation></pose><symmetry><x>twoFold</x><y>cylindrical</y><z>twoFold</z></symmetry><detectionScore>-1.0</detectionScore></element><element><id>25</id><category>kitchen_cabinet</category><bounds><corner1>-4.1906852026758, -1.3716802828167536, -5.148190877443376</corner1><corner2>4.1906852026758, 1.3716802828167536, 5.148190877443376</corner2></bounds><pose><translation>-5.303256081402244, -0.1893256822143826, 9.174577951471855</translation><rotation><c1>1, 0, 0</c1><c2>0, 1, 0</c2><c3>0, 0, 1</c3></rotation></pose><symmetry><x>twoFold</x><y>cylindrical</y><z>twoFold</z></symmetry><detectionScore>-1.0</detectionScore></element><element><id>26</id><category>wall</category><bounds><corner1>-0.16052884235959164, -1.5566260540330474, -3.3724376241826555</corner1><corner2>0.16052884235959164, 1.5566260540330474, 3.3724376241826555</corner2></bounds><pose><translation>3.8749006162984343, -0.17661066007777426, 0.14658576611646318</translation><rotation><c1>1, 0, 0</c1><c2>0, 1, 0</c2><c3>0, 0, 1</c3></rotation></pose><symmetry><x>twoFold</x><y>cylindrical</y><z>twoFold</z></symmetry><detectionScore>-1.0</detectionScore></element><element><id>27</id><category>floor_lamp</category><bounds><corner1>-1.3443592828489452, -1.4666915238725269, -0.5326051111992856</corner1><corner2>1.3443592828489452, 1.4666915238725269, 0.5326051111992856</corner2></bounds><pose><translation>-2.7934012165549444, -0.09159591406495765, -0.94665270683438</translation><rotation><c1>1, 0, 0</c1><c2>0, 1, 0</c2><c3>0, 0, 1</c3></rotation></pose><symmetry><x>twoFold</x><y>cylindrical</y><z>twoFold</z></symmetry><detectionScore>-1.0</detectionScore></element></elements></scene>