<?xml version='1.0' encoding='utf-8'?>
<scene xmlns:sumo="https://www.sumochallenge.org"><version>2.0</version><categories><id>fb_categories_v1.0</id><url>https://sumochallenge.org/en/categories-1_0.json</url></categories><project_type>bounding_box</project_type><elements><element><id>6</id><category>vase</category><bounds><corner1>-0.12195459, -0.30210401, -0.1575976 </corner1><corner2>0.12195459, 0.30210401, 0.1575976 </corner2></bounds><pose><translation> 3.87917186, -0.36806472, -2.23336881</translation><rotation><c1>1., 0., 0.</c1><c2>0., 1., 0.</c2><c3>0., 0., 1.</c3></rotation></pose><symmetry><x>none</x><y>none</y><z>none</z></symmetry><detectionScore>-1</detectionScore></element><element><id>7</id><category>wall</category><bounds><corner1>-0.08056062, -1.23005478, -2.28443872</corner1><corner2>0.08056062, 1.23005478, 2.28443872</corner2></bounds><pose><translation> 3.93973224, -0.06650771, -0.72596785</translation><rotation><c1>1., 0., 0.</c1><c2>0., 1., 0.</c2><c3>0., 0., 1.</c3></rotation></pose><symmetry><x>none</x><y>none</y><z>none</z></symmetry><detectionScore>-1</detectionScore></element><element><id>5</id><category>door</category><bounds><corner1>-2.67654501, -1.17675504, -0.31974522</corner1><corner2>2.67654501, 1.17675504, 0.31974522</corner2></bounds><pose><translation> 3.8279535 , -0.47966419,  1.41695273</translation><rotation><c1>1., 0., 0.</c1><c2>0., 1., 0.</c2><c3>0., 0., 1.</c3></rotation></pose><symmetry><x>none</x><y>none</y><z>none</z></symmetry><detectionScore>-1</detectionScore></element><element><id>3</id><category>office_chair</category><bounds><corner1>-1.14396383, -0.5433221 , -0.36949156</corner1><corner2>1.14396383, 0.5433221 , 0.36949156</corner2></bounds><pose><translation> 2.75786128, -0.97781985, -2.2289047 </translation><rotation><c1>1., 0., 0.</c1><c2>0., 1., 0.</c2><c3>0., 0., 1.</c3></rotation></pose><symmetry><x>none</x><y>none</y><z>none</z></symmetry><detectionScore>-1</detectionScore></element><element><id>4</id><category>single_bed</category><bounds><corner1>-0.87949385, -0.5030649 , -0.61112792</corner1><corner2>0.87949385, 0.5030649 , 0.61112792</corner2></bounds><pose><translation>-0.7068114 , -0.95995906, -2.15405761</translation><rotation><c1>1., 0., 0.</c1><c2>0., 1., 0.</c2><c3>0., 0., 1.</c3></rotation></pose><symmetry><x>none</x><y>none</y><z>none</z></symmetry><detectionScore>-1</detectionScore></element><element><id>2</id><category>television</category><bounds><corner1>-0.4895272 , -0.38433124, -0.1190563 </corner1><corner2>0.4895272 , 0.38433124, 0.1190563 </corner2></bounds><pose><translation> 0.45440986, -0.65055688,  1.39597355</translation><rotation><c1>1., 0., 0.</c1><c2>0., 1., 0.</c2><c3>0., 0., 1.</c3></rotation></pose><symmetry><x>none</x><y>none</y><z>none</z></symmetry><detectionScore>-1</detectionScore></element><element><id>1</id><category>mirror</category><bounds><corner1>-0.2784484 , -0.56960269, -0.05677687</corner1><corner2>0.2784484 , 0.56960269, 0.05677687</corner2></bounds><pose><translation> 1.1001818 , -0.04874762, -3.32874475</translation><rotation><c1>1., 0., 0.</c1><c2>0., 1., 0.</c2><c3>0., 0., 1.</c3></rotation></pose><symmetry><x>none</x><y>none</y><z>none</z></symmetry><detectionScore>-1</detectionScore></element><element><id>8</id><category>playstation</category><bounds><corner1>-0.17291794, -0.04018007, -0.1989973 </corner1><corner2>0.17291794, 0.04018007, 0.1989973 </corner2></bounds><pose><translation>-0.55513472, -0.96624544,  1.37398507</translation><rotation><c1>1., 0., 0.</c1><c2>0., 1., 0.</c2><c3>0., 0., 1.</c3></rotation></pose><symmetry><x>none</x><y>none</y><z>none</z></symmetry><detectionScore>-1</detectionScore></element></elements></scene>