<?xml version='1.0' encoding='utf-8'?>
<scene xmlns:sumo="https://www.sumochallenge.org"><version>2.0</version><categories><id>fb_categories_v1.0</id><url>https://sumochallenge.org/en/categories-1_0.json</url></categories><project_type>bounding_box</project_type><elements><element><id>7</id><category>door</category><bounds><corner1> -1.92149181,  -1.10697749, -10.244343  </corner1><corner2> 1.92149181,  1.10697749, 10.244343  </corner2></bounds><pose><translation>  0.      ,   0.      , -10.244343</translation><rotation><c1>1., 0., 0.</c1><c2>0., 1., 0.</c2><c3>0., 0., 1.</c3></rotation></pose><symmetry><x>none</x><y>none</y><z>none</z></symmetry><detectionScore>-1</detectionScore></element><element><id>9</id><category>kitchen_cabinet</category><bounds><corner1>-0.63440738, -0.40667531, -0.15559775</corner1><corner2>0.63440738, 0.40667531, 0.15559775</corner2></bounds><pose><translation> 6.75218785, -0.95263468, -4.59628206</translation><rotation><c1>1., 0., 0.</c1><c2>0., 1., 0.</c2><c3>0., 0., 1.</c3></rotation></pose><symmetry><x>none</x><y>none</y><z>none</z></symmetry><detectionScore>-1</detectionScore></element><element><id>5</id><category>ottoman</category><bounds><corner1>-2.1440027 , -0.20328102, -0.26030767</corner1><corner2>2.1440027 , 0.20328102, 0.26030767</corner2></bounds><pose><translation> 2.21859212, -1.19644968, -4.06058634</translation><rotation><c1>1., 0., 0.</c1><c2>0., 1., 0.</c2><c3>0., 0., 1.</c3></rotation></pose><symmetry><x>none</x><y>none</y><z>none</z></symmetry><detectionScore>-1</detectionScore></element><element><id>4</id><category>table_lamp</category><bounds><corner1>-0.21401232, -0.55888917, -0.47632631</corner1><corner2>0.21401232, 0.55888917, 0.47632631</corner2></bounds><pose><translation>-1.48004692, -0.64607599,  0.31927801</translation><rotation><c1>1., 0., 0.</c1><c2>0., 1., 0.</c2><c3>0., 0., 1.</c3></rotation></pose><symmetry><x>none</x><y>none</y><z>none</z></symmetry><detectionScore>-1</detectionScore></element><element><id>11</id><category>window</category><bounds><corner1>-5.10211176, -0.90980927, -1.44209731</corner1><corner2>5.10211176, 0.90980927, 1.44209731</corner2></bounds><pose><translation>-6.91706371,  0.14018464, -1.60703522</translation><rotation><c1>1., 0., 0.</c1><c2>0., 1., 0.</c2><c3>0., 0., 1.</c3></rotation></pose><symmetry><x>none</x><y>none</y><z>none</z></symmetry><detectionScore>-1</detectionScore></element><element><id>10</id><category>arch</category><bounds><corner1>-1.97895661, -1.36405791, -1.83731652</corner1><corner2>1.97895661, 1.36405791, 1.83731652</corner2></bounds><pose><translation> 0.55765376, -0.17823506,  4.41773829</translation><rotation><c1>1., 0., 0.</c1><c2>0., 1., 0.</c2><c3>0., 0., 1.</c3></rotation></pose><symmetry><x>none</x><y>none</y><z>none</z></symmetry><detectionScore>-1</detectionScore></element><element><id>6</id><category>wall</category><bounds><corner1>-6.06093003, -1.17199026, -6.33739741</corner1><corner2>6.06093003, 1.17199026, 6.33739741</corner2></bounds><pose><translation>-5.71300683e-01,  9.81687710e-03, -1.02102671e+01</translation><rotation><c1>1., 0., 0.</c1><c2>0., 1., 0.</c2><c3>0., 0., 1.</c3></rotation></pose><symmetry><x>none</x><y>none</y><z>none</z></symmetry><detectionScore>-1</detectionScore></element><element><id>3</id><category>wall</category><bounds><corner1>-0.44197631, -1.31418125, -2.92731959</corner1><corner2>0.44197631, 1.31418125, 2.92731959</corner2></bounds><pose><translation>-1.45352261, -0.17434886,  2.83105014</translation><rotation><c1>1., 0., 0.</c1><c2>0., 1., 0.</c2><c3>0., 0., 1.</c3></rotation></pose><symmetry><x>none</x><y>none</y><z>none</z></symmetry><detectionScore>-1</detectionScore></element><element><id>2</id><category>fireplace</category><bounds><corner1>-1.83756557, -0.8360058 , -1.18401134</corner1><corner2>1.83756557, 0.8360058 , 1.18401134</corner2></bounds><pose><translation>-6.78847779, -0.51223281, -4.1981845 </translation><rotation><c1>1., 0., 0.</c1><c2>0., 1., 0.</c2><c3>0., 0., 1.</c3></rotation></pose><symmetry><x>none</x><y>none</y><z>none</z></symmetry><detectionScore>-1</detectionScore></element><element><id>12</id><category>armchair</category><bounds><corner1>-0.66138986, -0.47695289, -0.61509585</corner1><corner2>0.66138986, 0.47695289, 0.61509585</corner2></bounds><pose><translation>-4.24207055, -1.18692291, -2.05433305</translation><rotation><c1>1., 0., 0.</c1><c2>0., 1., 0.</c2><c3>0., 0., 1.</c3></rotation></pose><symmetry><x>none</x><y>none</y><z>none</z></symmetry><detectionScore>-1</detectionScore></element><element><id>8</id><category>armchair</category><bounds><corner1>-2.1444915 , -0.50100565, -1.1795469 </corner1><corner2>2.1444915 , 0.50100565, 1.1795469 </corner2></bounds><pose><translation> 3.53093614, -1.01790443,  1.63923865</translation><rotation><c1>1., 0., 0.</c1><c2>0., 1., 0.</c2><c3>0., 0., 1.</c3></rotation></pose><symmetry><x>none</x><y>none</y><z>none</z></symmetry><detectionScore>-1</detectionScore></element><element><id>1</id><category>wall</category><bounds><corner1>-0.14073867, -1.18420076, -3.30283681</corner1><corner2>0.14073867, 1.18420076, 3.30283681</corner2></bounds><pose><translation> 7.5536454 , -0.02216597, -1.0190865 </translation><rotation><c1>1., 0., 0.</c1><c2>0., 1., 0.</c2><c3>0., 0., 1.</c3></rotation></pose><symmetry><x>none</x><y>none</y><z>none</z></symmetry><detectionScore>-1</detectionScore></element></elements></scene>