<?xml version='1.0' encoding='utf-8'?>
<scene xmlns:sumo="https://www.sumochallenge.org"><version>2.0</version><categories><id>fb_categories_v1.0</id><url>https://sumochallenge.org/en/categories-1_0.json</url></categories><project_type>bounding_box</project_type><elements><element><id>18</id><category>plant</category><bounds><corner1>-1.98814856, -1.03441293, -5.44146723</corner1><corner2>1.98814856, 1.03441293, 5.44146723</corner2></bounds><pose><translation>-3.74105084, -1.26687117,  2.12643617</translation><rotation><c1>1., 0., 0.</c1><c2>0., 1., 0.</c2><c3>0., 0., 1.</c3></rotation></pose><symmetry><x>none</x><y>none</y><z>none</z></symmetry><detectionScore>-1</detectionScore></element><element><id>15</id><category>chair</category><bounds><corner1>-0.67001238, -0.39876867, -0.92102499</corner1><corner2>0.67001238, 0.39876867, 0.92102499</corner2></bounds><pose><translation> 1.38860193, -0.89953305,  1.66693674</translation><rotation><c1>1., 0., 0.</c1><c2>0., 1., 0.</c2><c3>0., 0., 1.</c3></rotation></pose><symmetry><x>none</x><y>none</y><z>none</z></symmetry><detectionScore>-1</detectionScore></element><element><id>7</id><category>kitchen_cabinet</category><bounds><corner1>-0.10087629, -0.33583765, -0.64884068</corner1><corner2>0.10087629, 0.33583765, 0.64884068</corner2></bounds><pose><translation>-1.22061483, -0.87312545, -2.48994412</translation><rotation><c1>1., 0., 0.</c1><c2>0., 1., 0.</c2><c3>0., 0., 1.</c3></rotation></pose><symmetry><x>none</x><y>none</y><z>none</z></symmetry><detectionScore>-1</detectionScore></element><element><id>9</id><category>kitchen_cabinet</category><bounds><corner1>-0.15459631, -0.44362761, -0.98396782</corner1><corner2>0.15459631, 0.44362761, 0.98396782</corner2></bounds><pose><translation> 1.51411999, -0.66487189, -2.18595569</translation><rotation><c1>1., 0., 0.</c1><c2>0., 1., 0.</c2><c3>0., 0., 1.</c3></rotation></pose><symmetry><x>none</x><y>none</y><z>none</z></symmetry><detectionScore>-1</detectionScore></element><element><id>5</id><category>sofa</category><bounds><corner1>-0.33596993, -0.48741765, -0.52944431</corner1><corner2>0.33596993, 0.48741765, 0.52944431</corner2></bounds><pose><translation> 2.2339926 , -0.68602709, -1.1337501 </translation><rotation><c1>1., 0., 0.</c1><c2>0., 1., 0.</c2><c3>0., 0., 1.</c3></rotation></pose><symmetry><x>none</x><y>none</y><z>none</z></symmetry><detectionScore>-1</detectionScore></element><element><id>20</id><category>fireplace</category><bounds><corner1>-0.47433725, -1.18864285, -0.9432739 </corner1><corner2>0.47433725, 1.18864285, 0.9432739 </corner2></bounds><pose><translation> 5.2368796 , -0.07061391,  1.94512104</translation><rotation><c1>1., 0., 0.</c1><c2>0., 1., 0.</c2><c3>0., 0., 1.</c3></rotation></pose><symmetry><x>none</x><y>none</y><z>none</z></symmetry><detectionScore>-1</detectionScore></element><element><id>16</id><category>dining_table</category><bounds><corner1>-1.62079038, -0.01531075, -0.96378401</corner1><corner2>1.62079038, 0.01531075, 0.96378401</corner2></bounds><pose><translation> 0.05650638, -0.70369414,  1.59906676</translation><rotation><c1>1., 0., 0.</c1><c2>0., 1., 0.</c2><c3>0., 0., 1.</c3></rotation></pose><symmetry><x>none</x><y>none</y><z>none</z></symmetry><detectionScore>-1</detectionScore></element><element><id>4</id><category>door</category><bounds><corner1>-1.84105572, -1.12403193, -2.35231092</corner1><corner2>1.84105572, 1.12403193, 2.35231092</corner2></bounds><pose><translation>-1.84105572, -0.56833908,  0.87329995</translation><rotation><c1>1., 0., 0.</c1><c2>0., 1., 0.</c2><c3>0., 0., 1.</c3></rotation></pose><symmetry><x>none</x><y>none</y><z>none</z></symmetry><detectionScore>-1</detectionScore></element><element><id>11</id><category>wall</category><bounds><corner1>-1.60099695, -1.30737231, -2.03479956</corner1><corner2>1.60099695, 1.30737231, 2.03479956</corner2></bounds><pose><translation> 0.20094661, -0.21023862, -3.28576138</translation><rotation><c1>1., 0., 0.</c1><c2>0., 1., 0.</c2><c3>0., 0., 1.</c3></rotation></pose><symmetry><x>none</x><y>none</y><z>none</z></symmetry><detectionScore>-1</detectionScore></element><element><id>10</id><category>kitchen_cabinet</category><bounds><corner1>-0.04366519, -0.34570729, -0.54806025</corner1><corner2>0.04366519, 0.34570729, 0.54806025</corner2></bounds><pose><translation>-1.22482208, -0.7802947 , -1.82106932</translation><rotation><c1>1., 0., 0.</c1><c2>0., 1., 0.</c2><c3>0., 0., 1.</c3></rotation></pose><symmetry><x>none</x><y>none</y><z>none</z></symmetry><detectionScore>-1</detectionScore></element><element><id>17</id><category>chair</category><bounds><corner1>-0.58613109, -0.56256861, -0.32141466</corner1><corner2>0.58613109, 0.56256861, 0.32141466</corner2></bounds><pose><translation> 1.66501635, -1.42540068, -0.93065203</translation><rotation><c1>1., 0., 0.</c1><c2>0., 1., 0.</c2><c3>0., 0., 1.</c3></rotation></pose><symmetry><x>none</x><y>none</y><z>none</z></symmetry><detectionScore>-1</detectionScore></element><element><id>6</id><category>coffee_machine</category><bounds><corner1>-0.20661073, -0.26342988, -0.74178765</corner1><corner2>0.20661073, 0.26342988, 0.74178765</corner2></bounds><pose><translation> 1.56104454, -0.43161003, -3.02980667</translation><rotation><c1>1., 0., 0.</c1><c2>0., 1., 0.</c2><c3>0., 0., 1.</c3></rotation></pose><symmetry><x>none</x><y>none</y><z>none</z></symmetry><detectionScore>-1</detectionScore></element><element><id>19</id><category>refrigerator</category><bounds><corner1>-0.02099563, -0.6674095 , -0.29245844</corner1><corner2>0.02099563, 0.6674095 , 0.29245844</corner2></bounds><pose><translation>-1.14801638, -0.17422284, -0.41671221</translation><rotation><c1>1., 0., 0.</c1><c2>0., 1., 0.</c2><c3>0., 0., 1.</c3></rotation></pose><symmetry><x>none</x><y>none</y><z>none</z></symmetry><detectionScore>-1</detectionScore></element><element><id>13</id><category>wall</category><bounds><corner1>-0.32975225, -1.14055177, -2.97857214</corner1><corner2>0.32975225, 1.14055177, 2.97857214</corner2></bounds><pose><translation> 5.6026528 , -0.02762394,  1.6247405 </translation><rotation><c1>1., 0., 0.</c1><c2>0., 1., 0.</c2><c3>0., 0., 1.</c3></rotation></pose><symmetry><x>none</x><y>none</y><z>none</z></symmetry><detectionScore>-1</detectionScore></element><element><id>3</id><category>fruit_bowl</category><bounds><corner1>-0.92911348, -0.14173739, -0.11596157</corner1><corner2>0.92911348, 0.14173739, 0.11596157</corner2></bounds><pose><translation> 0.5686931 , -0.65807017, -1.27697545</translation><rotation><c1>1., 0., 0.</c1><c2>0., 1., 0.</c2><c3>0., 0., 1.</c3></rotation></pose><symmetry><x>none</x><y>none</y><z>none</z></symmetry><detectionScore>-1</detectionScore></element><element><id>2</id><category>armchair</category><bounds><corner1>-1.52358227, -0.59666272, -1.76297982</corner1><corner2>1.52358227, 0.59666272, 1.76297982</corner2></bounds><pose><translation> 4.19518115, -1.13779103,  2.87934138</translation><rotation><c1>1., 0., 0.</c1><c2>0., 1., 0.</c2><c3>0., 0., 1.</c3></rotation></pose><symmetry><x>none</x><y>none</y><z>none</z></symmetry><detectionScore>-1</detectionScore></element><element><id>12</id><category>wall</category><bounds><corner1>-1.82081008, -1.17594437, -0.05216329</corner1><corner2>1.82081008, 1.17594437, 0.05216329</corner2></bounds><pose><translation> 0.0629061 , -0.08106388,  2.52793621</translation><rotation><c1>1., 0., 0.</c1><c2>0., 1., 0.</c2><c3>0., 0., 1.</c3></rotation></pose><symmetry><x>none</x><y>none</y><z>none</z></symmetry><detectionScore>-1</detectionScore></element><element><id>8</id><category>chair</category><bounds><corner1>-0.63609046, -0.4474369 , -0.78386767</corner1><corner2>0.63609046, 0.4474369 , 0.78386767</corner2></bounds><pose><translation>-1.1916738 , -1.00061924,  1.75994799</translation><rotation><c1>1., 0., 0.</c1><c2>0., 1., 0.</c2><c3>0., 0., 1.</c3></rotation></pose><symmetry><x>none</x><y>none</y><z>none</z></symmetry><detectionScore>-1</detectionScore></element><element><id>1</id><category>chandelier</category><bounds><corner1>-0.4150903 , -0.02692647, -0.71699447</corner1><corner2>0.4150903 , 0.02692647, 0.71699447</corner2></bounds><pose><translation>0.12526033, 1.18038255, 1.36002825</translation><rotation><c1>1., 0., 0.</c1><c2>0., 1., 0.</c2><c3>0., 0., 1.</c3></rotation></pose><symmetry><x>none</x><y>none</y><z>none</z></symmetry><detectionScore>-1</detectionScore></element><element><id>14</id><category>wall</category><bounds><corner1>-0.67986481, -1.09397455, -0.04776192</corner1><corner2>0.67986481, 1.09397455, 0.04776192</corner2></bounds><pose><translation>1.49277632e+00, 2.52398138e-03, 2.54915131e+00</translation><rotation><c1>1., 0., 0.</c1><c2>0., 1., 0.</c2><c3>0., 0., 1.</c3></rotation></pose><symmetry><x>none</x><y>none</y><z>none</z></symmetry><detectionScore>-1</detectionScore></element></elements></scene>