<?xml version='1.0' encoding='utf-8'?>
<scene xmlns:sumo="https://www.sumochallenge.org"><version>2.0</version><categories><id>fb_categories_v1.0</id><url>https://sumochallenge.org/en/categories-1_0.json</url></categories><project_type>bounding_box</project_type><elements><element><id>5</id><category>kitchen_cabinet</category><bounds><corner1>-0.08104527, -0.23847191, -0.76577955</corner1><corner2>0.08104527, 0.23847191, 0.76577955</corner2></bounds><pose><translation>-1.33501354, -0.7266221 ,  0.30944873</translation><rotation><c1>1., 0., 0.</c1><c2>0., 1., 0.</c2><c3>0., 0., 1.</c3></rotation></pose><symmetry><x>none</x><y>none</y><z>none</z></symmetry><detectionScore>0.9972178</detectionScore></element><element><id>10</id><category>chair</category><bounds><corner1>-2.03291895, -0.38521334, -2.46481711</corner1><corner2>2.03291895, 0.38521334, 2.46481711</corner2></bounds><pose><translation> 1.16836898, -0.85153993,  2.43504551</translation><rotation><c1>1., 0., 0.</c1><c2>0., 1., 0.</c2><c3>0., 0., 1.</c3></rotation></pose><symmetry><x>none</x><y>none</y><z>none</z></symmetry><detectionScore>0.9605218</detectionScore></element><element><id>11</id><category>door</category><bounds><corner1>-9.42286396, -1.32604187, -2.95478935</corner1><corner2>9.42286396, 1.32604187, 2.95478935</corner2></bounds><pose><translation> 5.08975974, -0.14496654,  1.61207364</translation><rotation><c1>1., 0., 0.</c1><c2>0., 1., 0.</c2><c3>0., 0., 1.</c3></rotation></pose><symmetry><x>twoFold</x><y>twoFold</y><z>twoFold</z></symmetry><detectionScore>0.9919802</detectionScore></element><element><id>4</id><category>wall</category><bounds><corner1>-1.29127312, -1.36930404, -0.63703428</corner1><corner2>1.29127312, 1.36930404, 0.63703428</corner2></bounds><pose><translation>-0.31280771, -0.29090863, -2.14008235</translation><rotation><c1>1., 0., 0.</c1><c2>0., 1., 0.</c2><c3>0., 0., 1.</c3></rotation></pose><symmetry><x>none</x><y>twoFold</y><z>none</z></symmetry><detectionScore>0.5231469</detectionScore></element><element><id>6</id><category>chair</category><bounds><corner1>-3.18781049, -0.19462537, -3.24876087</corner1><corner2>3.18781049, 0.19462537, 3.24876087</corner2></bounds><pose><translation> 1.91203537, -0.69026254,  1.53278047</translation><rotation><c1>1., 0., 0.</c1><c2>0., 1., 0.</c2><c3>0., 0., 1.</c3></rotation></pose><symmetry><x>none</x><y>none</y><z>none</z></symmetry><detectionScore>0.8973581</detectionScore></element><element><id>3</id><category>chair</category><bounds><corner1>-1.78128777, -0.37600547, -0.82314197</corner1><corner2>1.78128777, 0.37600547, 0.82314197</corner2></bounds><pose><translation> 1.79603788, -0.92953911,  0.69304286</translation><rotation><c1>1., 0., 0.</c1><c2>0., 1., 0.</c2><c3>0., 0., 1.</c3></rotation></pose><symmetry><x>none</x><y>none</y><z>none</z></symmetry><detectionScore>0.97518075</detectionScore></element><element><id>12</id><category>kitchen_cabinet</category><bounds><corner1>-0.04101578, -0.04966316, -0.3495165 </corner1><corner2>0.04101578, 0.04966316, 0.3495165 </corner2></bounds><pose><translation>-1.2920098 , -0.71066819, -0.65318033</translation><rotation><c1>1., 0., 0.</c1><c2>0., 1., 0.</c2><c3>0., 0., 1.</c3></rotation></pose><symmetry><x>none</x><y>none</y><z>none</z></symmetry><detectionScore>0.96567106</detectionScore></element><element><id>2</id><category>wall</category><bounds><corner1>-2.6579278 , -1.21593034, -0.12387545</corner1><corner2>2.6579278 , 1.21593034, 0.12387545</corner2></bounds><pose><translation> 0.58059141, -0.0909231 ,  4.84612031</translation><rotation><c1>1., 0., 0.</c1><c2>0., 1., 0.</c2><c3>0., 0., 1.</c3></rotation></pose><symmetry><x>none</x><y>twoFold</y><z>none</z></symmetry><detectionScore>0.63903874</detectionScore></element><element><id>1</id><category>utensil_holder</category><bounds><corner1>-0.2995699 , -0.29747279, -0.42589085</corner1><corner2>0.2995699 , 0.29747279, 0.42589085</corner2></bounds><pose><translation>-1.59643964, -0.55950692, -2.04190983</translation><rotation><c1>1., 0., 0.</c1><c2>0., 1., 0.</c2><c3>0., 0., 1.</c3></rotation></pose><symmetry><x>none</x><y>cylindrical</y><z>none</z></symmetry><detectionScore>0.9845962</detectionScore></element><element><id>13</id><category>kitchen_cabinet</category><bounds><corner1>-0.0459547 , -0.89283755, -0.96402289</corner1><corner2>0.0459547 , 0.89283755, 0.96402289</corner2></bounds><pose><translation>-1.29716537, -0.43770279,  2.40012021</translation><rotation><c1>1., 0., 0.</c1><c2>0., 1., 0.</c2><c3>0., 0., 1.</c3></rotation></pose><symmetry><x>none</x><y>none</y><z>none</z></symmetry><detectionScore>0.98316646</detectionScore></element><element><id>14</id><category>trash_can</category><bounds><corner1>-0.30753838, -0.93366341, -1.20203246</corner1><corner2>0.30753838, 0.93366341, 1.20203246</corner2></bounds><pose><translation> 1.60844963, -1.3654285 , -1.92104959</translation><rotation><c1>1., 0., 0.</c1><c2>0., 1., 0.</c2><c3>0., 0., 1.</c3></rotation></pose><symmetry><x>none</x><y>cylindrical</y><z>none</z></symmetry><detectionScore>0.64199865</detectionScore></element><element><id>8</id><category>kitchen_cabinet</category><bounds><corner1>-0.33599389, -0.32312147, -0.03005023</corner1><corner2>0.33599389, 0.32312147, 0.03005023</corner2></bounds><pose><translation>-0.35108515, -1.0076721 , -1.55002631</translation><rotation><c1>1., 0., 0.</c1><c2>0., 1., 0.</c2><c3>0., 0., 1.</c3></rotation></pose><symmetry><x>none</x><y>none</y><z>none</z></symmetry><detectionScore>0.99401397</detectionScore></element><element><id>7</id><category>kitchen_cabinet</category><bounds><corner1>-0.30898272, -0.31675449, -0.03011821</corner1><corner2>0.30898272, 0.31675449, 0.03011821</corner2></bounds><pose><translation> 0.28210749, -0.99876008, -1.55906433</translation><rotation><c1>1., 0., 0.</c1><c2>0., 1., 0.</c2><c3>0., 0., 1.</c3></rotation></pose><symmetry><x>none</x><y>none</y><z>none</z></symmetry><detectionScore>0.9893651</detectionScore></element></elements></scene>