<?xml version='1.0' encoding='utf-8'?>
<scene xmlns:sumo="https://www.sumochallenge.org"><version>2.0</version><categories><id>fb_categories_v1.0</id><url>https://sumochallenge.org/en/categories-1_0.json</url></categories><project_type>bounding_box</project_type><elements><element><id>4</id><category>window</category><bounds><corner1>-0.89789328, -0.68041415, -0.48421326</corner1><corner2>0.89789328, 0.68041415, 0.48421326</corner2></bounds><pose><translation>-2.27931593,  0.07573837, -4.4542449 </translation><rotation><c1>1., 0., 0.</c1><c2>0., 1., 0.</c2><c3>0., 0., 1.</c3></rotation></pose><symmetry><x>none</x><y>twoFold</y><z>none</z></symmetry><detectionScore>0.99613684</detectionScore></element><element><id>1</id><category>door</category><bounds><corner1>-0.08346691, -1.02135177, -0.54936476</corner1><corner2>0.08346691, 1.02135177, 0.54936476</corner2></bounds><pose><translation>-3.45470072, -0.33579933, -1.59162168</translation><rotation><c1>1., 0., 0.</c1><c2>0., 1., 0.</c2><c3>0., 0., 1.</c3></rotation></pose><symmetry><x>twoFold</x><y>twoFold</y><z>twoFold</z></symmetry><detectionScore>0.94782394</detectionScore></element><element><id>5</id><category>wall</category><bounds><corner1>-2.15017085, -1.25809977, -0.4226403 </corner1><corner2>2.15017085, 1.25809977, 0.4226403 </corner2></bounds><pose><translation> 2.03596386, -0.06422465, -0.90037278</translation><rotation><c1>1., 0., 0.</c1><c2>0., 1., 0.</c2><c3>0., 0., 1.</c3></rotation></pose><symmetry><x>none</x><y>twoFold</y><z>none</z></symmetry><detectionScore>0.89317834</detectionScore></element><element><id>10</id><category>window</category><bounds><corner1>-0.61087468, -0.69556899, -0.47783758</corner1><corner2>0.61087468, 0.69556899, 0.47783758</corner2></bounds><pose><translation> 0.4838517 ,  0.04896994, -4.39870763</translation><rotation><c1>1., 0., 0.</c1><c2>0., 1., 0.</c2><c3>0., 0., 1.</c3></rotation></pose><symmetry><x>none</x><y>twoFold</y><z>none</z></symmetry><detectionScore>0.99887556</detectionScore></element><element><id>3</id><category>window</category><bounds><corner1>-0.07868041, -0.66540317, -1.04081005</corner1><corner2>0.07868041, 0.66540317, 1.04081005</corner2></bounds><pose><translation>-3.47283675,  0.0574569 ,  0.13214698</translation><rotation><c1>1., 0., 0.</c1><c2>0., 1., 0.</c2><c3>0., 0., 1.</c3></rotation></pose><symmetry><x>none</x><y>twoFold</y><z>none</z></symmetry><detectionScore>0.9978655</detectionScore></element><element><id>2</id><category>window</category><bounds><corner1>-1.68488307, -0.78156731, -0.04994764</corner1><corner2>1.68488307, 0.78156731, 0.04994764</corner2></bounds><pose><translation> 2.63891902,  0.11672018, -0.9359532 </translation><rotation><c1>1., 0., 0.</c1><c2>0., 1., 0.</c2><c3>0., 0., 1.</c3></rotation></pose><symmetry><x>none</x><y>twoFold</y><z>none</z></symmetry><detectionScore>0.78218865</detectionScore></element><element><id>7</id><category>window</category><bounds><corner1>-0.92916984, -0.73388074, -0.0701335 </corner1><corner2>0.92916984, 0.73388074, 0.0701335 </corner2></bounds><pose><translation>2.81880029, 0.05744557, 1.52572016</translation><rotation><c1>1., 0., 0.</c1><c2>0., 1., 0.</c2><c3>0., 0., 1.</c3></rotation></pose><symmetry><x>none</x><y>twoFold</y><z>none</z></symmetry><detectionScore>0.8957785</detectionScore></element><element><id>9</id><category>wall</category><bounds><corner1>-0.2619005 , -1.13556803, -1.96692438</corner1><corner2>0.2619005 , 1.13556803, 1.96692438</corner2></bounds><pose><translation>-3.43473374, -0.16162118, -0.45033489</translation><rotation><c1>1., 0., 0.</c1><c2>0., 1., 0.</c2><c3>0., 0., 1.</c3></rotation></pose><symmetry><x>none</x><y>twoFold</y><z>none</z></symmetry><detectionScore>0.5045324</detectionScore></element><element><id>11</id><category>coffee_table</category><bounds><corner1>-0.69647219, -0.0864624 , -0.49815009</corner1><corner2>0.69647219, 0.0864624 , 0.49815009</corner2></bounds><pose><translation>-1.25680907, -1.35561869, -3.08325637</translation><rotation><c1>1., 0., 0.</c1><c2>0., 1., 0.</c2><c3>0., 0., 1.</c3></rotation></pose><symmetry><x>none</x><y>twoFold</y><z>none</z></symmetry><detectionScore>0.7521749</detectionScore></element><element><id>6</id><category>wall</category><bounds><corner1>-0.09841089, -1.16730025, -1.11704053</corner1><corner2>0.09841089, 1.16730025, 1.11704053</corner2></bounds><pose><translation> 5.02860579, -0.06457758,  0.34026392</translation><rotation><c1>1., 0., 0.</c1><c2>0., 1., 0.</c2><c3>0., 0., 1.</c3></rotation></pose><symmetry><x>none</x><y>twoFold</y><z>none</z></symmetry><detectionScore>0.9793871</detectionScore></element><element><id>12</id><category>wall</category><bounds><corner1>-0.85293093, -1.25336242, -0.7366538 </corner1><corner2>0.85293093, 1.25336242, 0.7366538 </corner2></bounds><pose><translation> 0.71066494, -0.07969472, -4.1897058 </translation><rotation><c1>1., 0., 0.</c1><c2>0., 1., 0.</c2><c3>0., 0., 1.</c3></rotation></pose><symmetry><x>none</x><y>twoFold</y><z>none</z></symmetry><detectionScore>0.9772339</detectionScore></element></elements></scene>