<?xml version='1.0' encoding='utf-8'?>
<scene xmlns:sumo="https://www.sumochallenge.org"><version>2.0</version><categories><id>fb_categories_v1.0</id><url>https://sumochallenge.org/en/categories-1_0.json</url></categories><project_type>bounding_box</project_type><elements><element><id>4</id><category>chair</category><bounds><corner1>-0.47683416, -0.65153077, -0.67081052</corner1><corner2>0.47683416, 0.65153077, 0.67081052</corner2></bounds><pose><translation>-2.80281671, -1.15363403,  1.06480595</translation><rotation><c1>1., 0., 0.</c1><c2>0., 1., 0.</c2><c3>0., 0., 1.</c3></rotation></pose><symmetry><x>none</x><y>none</y><z>none</z></symmetry><detectionScore>0.66357976</detectionScore></element><element><id>5</id><category>chair</category><bounds><corner1>-1.14088191, -0.5525492 , -2.43027889</corner1><corner2>1.14088191, 0.5525492 , 2.43027889</corner2></bounds><pose><translation> 1.13273858, -0.68525439,  2.25912151</translation><rotation><c1>1., 0., 0.</c1><c2>0., 1., 0.</c2><c3>0., 0., 1.</c3></rotation></pose><symmetry><x>none</x><y>none</y><z>none</z></symmetry><detectionScore>0.65310293</detectionScore></element><element><id>3</id><category>chair</category><bounds><corner1>-1.04796579, -0.52476937, -2.09130376</corner1><corner2>1.04796579, 0.52476937, 2.09130376</corner2></bounds><pose><translation> 0.90511979, -0.75038636,  1.60603102</translation><rotation><c1>1., 0., 0.</c1><c2>0., 1., 0.</c2><c3>0., 0., 1.</c3></rotation></pose><symmetry><x>none</x><y>none</y><z>none</z></symmetry><detectionScore>0.6656524</detectionScore></element><element><id>2</id><category>wall</category><bounds><corner1>-0.2068994 , -1.06467889, -2.15244262</corner1><corner2>0.2068994 , 1.06467889, 2.15244262</corner2></bounds><pose><translation>9.81257447, 0.        , 2.76355135</translation><rotation><c1>1., 0., 0.</c1><c2>0., 1., 0.</c2><c3>0., 0., 1.</c3></rotation></pose><symmetry><x>none</x><y>twoFold</y><z>none</z></symmetry><detectionScore>0.5143781</detectionScore></element><element><id>8</id><category>wall</category><bounds><corner1>-2.12038216, -0.56740243, -8.64961638</corner1><corner2>2.12038216, 0.56740243, 8.64961638</corner2></bounds><pose><translation>-0.17390722, -0.00596184,  1.15697385</translation><rotation><c1>1., 0., 0.</c1><c2>0., 1., 0.</c2><c3>0., 0., 1.</c3></rotation></pose><symmetry><x>none</x><y>twoFold</y><z>none</z></symmetry><detectionScore>0.7256107</detectionScore></element><element><id>7</id><category>fence</category><bounds><corner1>-0.64103515, -0.83358224, -1.45443603</corner1><corner2>0.64103515, 0.83358224, 1.45443603</corner2></bounds><pose><translation> 1.72001101, -0.83358224,  0.        </translation><rotation><c1>1., 0., 0.</c1><c2>0., 1., 0.</c2><c3>0., 0., 1.</c3></rotation></pose><symmetry><x>none</x><y>twoFold</y><z>none</z></symmetry><detectionScore>0.77346504</detectionScore></element></elements></scene>