<?xml version='1.0' encoding='utf-8'?>
<scene xmlns:sumo="https://www.sumochallenge.org"><version>2.0</version><categories><id>fb_categories_v1_0</id><url>https://sumochallenge.org/en/categories-1_0.json</url></categories><project_type>bounding_box</project_type><elements><element><id>0</id><category>wall</category><bounds><corner1>-0.42842790357467875, -0.8678864752032512, -0.9211543259003232</corner1><corner2>0.42842790357467875, 0.8678864752032512, 0.9211543259003232</corner2></bounds><pose><translation>-3.089333748658047, -1.2287370248998342, -0.06392095029023225</translation><rotation><c1>0, 0, 0</c1><c2>0, 0, 0</c2><c3>0, 0, 0</c3></rotation></pose><symmetry><x>twoFold</x><y>cylindrical</y><z>twoFold</z></symmetry><detectionScore>-1.0</detectionScore></element><element><id>1</id><category>plant</category><bounds><corner1>-0.6678400277899814, -0.4219558602599047, -0.5626105432156852</corner1><corner2>0.6678400277899814, 0.4219558602599047, 0.5626105432156852</corner2></bounds><pose><translation>-2.783052162444185, -4.22149721191577, -1.255983798745605</translation><rotation><c1>0, 0, 0</c1><c2>0, 0, 0</c2><c3>0, 0, 0</c3></rotation></pose><symmetry><x>twoFold</x><y>cylindrical</y><z>twoFold</z></symmetry><detectionScore>-1.0</detectionScore></element><element><id>2</id><category>plant</category><bounds><corner1>-0.34638052807060715, -0.6581186351667188, -0.3328382798397992</corner1><corner2>0.34638052807060715, 0.6581186351667188, 0.3328382798397992</corner2></bounds><pose><translation>3.1913203603824716, -0.6743984327294752, -1.1151809432292743</translation><rotation><c1>0, 0, 0</c1><c2>0, 0, 0</c2><c3>0, 0, 0</c3></rotation></pose><symmetry><x>twoFold</x><y>cylindrical</y><z>twoFold</z></symmetry><detectionScore>-1.0</detectionScore></element><element><id>3</id><category>armchair</category><bounds><corner1>-1.6884101582147575, -0.5655441859127275, -0.3526959802862202</corner1><corner2>1.6884101582147575, 0.5655441859127275, 0.3526959802862202</corner2></bounds><pose><translation>1.8055950446646238, -1.1410942626614573, -0.9906307552941644</translation><rotation><c1>0, 0, 0</c1><c2>0, 0, 0</c2><c3>0, 0, 0</c3></rotation></pose><symmetry><x>twoFold</x><y>cylindrical</y><z>twoFold</z></symmetry><detectionScore>-1.0</detectionScore></element><element><id>4</id><category>book</category><bounds><corner1>-0.15408274273883116, -0.3561897741559541, -0.05970870068970002</corner1><corner2>0.15408274273883116, 0.3561897741559541, 0.05970870068970002</corner2></bounds><pose><translation>2.3833541323821996, -4.38446478924164, -0.9787031613520489</translation><rotation><c1>0, 0, 0</c1><c2>0, 0, 0</c2><c3>0, 0, 0</c3></rotation></pose><symmetry><x>twoFold</x><y>cylindrical</y><z>twoFold</z></symmetry><detectionScore>-1.0</detectionScore></element><element><id>5</id><category>plant</category><bounds><corner1>-0.1653259181921971, -0.5275803882987634, -0.9084946135099489</corner1><corner2>0.1653259181921971, 0.5275803882987634, 0.9084946135099489</corner2></bounds><pose><translation>3.372363623705829, -1.1223743551529166, -0.9119339154187058</translation><rotation><c1>0, 0, 0</c1><c2>0, 0, 0</c2><c3>0, 0, 0</c3></rotation></pose><symmetry><x>twoFold</x><y>cylindrical</y><z>twoFold</z></symmetry><detectionScore>-1.0</detectionScore></element><element><id>6</id><category>wall</category><bounds><corner1>-3.0610193742293323, -1.7280708016538178, -1.4494266214685059</corner1><corner2>3.0610193742293323, 1.7280708016538178, 1.4494266214685059</corner2></bounds><pose><translation>0.24143845464500474, -4.537260577362405, -0.12669755268745742</translation><rotation><c1>0, 0, 0</c1><c2>0, 0, 0</c2><c3>0, 0, 0</c3></rotation></pose><symmetry><x>twoFold</x><y>cylindrical</y><z>twoFold</z></symmetry><detectionScore>-1.0</detectionScore></element><element><id>7</id><category>plant</category><bounds><corner1>-0.5788390662923728, -0.2611149772347463, -0.9058029941564636</corner1><corner2>0.5788390662923728, 0.2611149772347463, 0.9058029941564636</corner2></bounds><pose><translation>-2.821013058053002, 1.3644858762289318, -0.9895957325440313</translation><rotation><c1>0, 0, 0</c1><c2>0, 0, 0</c2><c3>0, 0, 0</c3></rotation></pose><symmetry><x>twoFold</x><y>cylindrical</y><z>twoFold</z></symmetry><detectionScore>-1.0</detectionScore></element><element><id>8</id><category>table_lamp</category><bounds><corner1>-0.15188810216189896, -0.37323952060559673, -0.07698557611215562</corner1><corner2>0.15188810216189896, 0.37323952060559673, 0.07698557611215562</corner2></bounds><pose><translation>2.3880410157666607, -4.403061439593469, -0.975781836582311</translation><rotation><c1>0, 0, 0</c1><c2>0, 0, 0</c2><c3>0, 0, 0</c3></rotation></pose><symmetry><x>twoFold</x><y>cylindrical</y><z>twoFold</z></symmetry><detectionScore>-1.0</detectionScore></element><element><id>9</id><category>stand</category><bounds><corner1>-0.17930285607070795, -0.3292062548305985, -0.08737460864903424</corner1><corner2>0.17930285607070795, 0.3292062548305985, 0.08737460864903424</corner2></bounds><pose><translation>2.379806613521475, -4.364009947906309, -0.9870376268239024</translation><rotation><c1>0, 0, 0</c1><c2>0, 0, 0</c2><c3>0, 0, 0</c3></rotation></pose><symmetry><x>twoFold</x><y>cylindrical</y><z>twoFold</z></symmetry><detectionScore>-1.0</detectionScore></element><element><id>10</id><category>double_bed</category><bounds><corner1>-2.461991220136716, -0.2114648328129367, -0.6838049998240565</corner1><corner2>2.461991220136716, 0.2114648328129367, 0.6838049998240565</corner2></bounds><pose><translation>0.8103619224523494, -2.49657041547659, -1.1568544332319513</translation><rotation><c1>0, 0, 0</c1><c2>0, 0, 0</c2><c3>0, 0, 0</c3></rotation></pose><symmetry><x>twoFold</x><y>cylindrical</y><z>twoFold</z></symmetry><detectionScore>-1.0</detectionScore></element><element><id>11</id><category>stand</category><bounds><corner1>-1.237980001890704, -0.6895763083050044, -0.1499997349611304</corner1><corner2>1.237980001890704, 0.6895763083050044, 0.1499997349611304</corner2></bounds><pose><translation>1.5504424444076617, -3.0981456691410383, -1.0129261291155915</translation><rotation><c1>0, 0, 0</c1><c2>0, 0, 0</c2><c3>0, 0, 0</c3></rotation></pose><symmetry><x>twoFold</x><y>cylindrical</y><z>twoFold</z></symmetry><detectionScore>-1.0</detectionScore></element><element><id>12</id><category>sofa</category><bounds><corner1>-1.1819151774778476, -0.8935772025634082, -0.46688426864423027</corner1><corner2>1.1819151774778476, 0.8935772025634082, 0.46688426864423027</corner2></bounds><pose><translation>2.3427401858808694, 0.6874496975931982, -1.2048576018668251</translation><rotation><c1>0, 0, 0</c1><c2>0, 0, 0</c2><c3>0, 0, 0</c3></rotation></pose><symmetry><x>twoFold</x><y>cylindrical</y><z>twoFold</z></symmetry><detectionScore>-1.0</detectionScore></element><element><id>13</id><category>fireplace</category><bounds><corner1>-0.41252374134652836, -1.0042583283613056, -0.6874532833935192</corner1><corner2>0.41252374134652836, 1.0042583283613056, 0.6874532833935192</corner2></bounds><pose><translation>-3.0575413155257074, -0.4970214748513584, -1.0787500063570665</translation><rotation><c1>0, 0, 0</c1><c2>0, 0, 0</c2><c3>0, 0, 0</c3></rotation></pose><symmetry><x>twoFold</x><y>cylindrical</y><z>twoFold</z></symmetry><detectionScore>-1.0</detectionScore></element><element><id>14</id><category>door</category><bounds><corner1>-0.3904651844752838, -0.6689204573340446, -1.3966426568713874</corner1><corner2>0.3904651844752838, 0.6689204573340446, 1.3966426568713874</corner2></bounds><pose><translation>-2.9040651335882455, -1.7773435460621618, -0.47192579441347604</translation><rotation><c1>0, 0, 0</c1><c2>0, 0, 0</c2><c3>0, 0, 0</c3></rotation></pose><symmetry><x>twoFold</x><y>cylindrical</y><z>twoFold</z></symmetry><detectionScore>-1.0</detectionScore></element><element><id>15</id><category>wall</category><bounds><corner1>-0.4583859445082745, -1.748881986108281, -1.5303023829885796</corner1><corner2>0.4583859445082745, 1.748881986108281, 1.5303023829885796</corner2></bounds><pose><translation>-3.108818196894683, -0.40128340554780495, -0.14244586714943444</translation><rotation><c1>0, 0, 0</c1><c2>0, 0, 0</c2><c3>0, 0, 0</c3></rotation></pose><symmetry><x>twoFold</x><y>cylindrical</y><z>twoFold</z></symmetry><detectionScore>-1.0</detectionScore></element><element><id>16</id><category>laptop</category><bounds><corner1>-0.15188810216189896, -0.37323952060559673, -0.07698557611215562</corner1><corner2>0.15188810216189896, 0.37323952060559673, 0.07698557611215562</corner2></bounds><pose><translation>2.3880410157666607, -4.403061439593469, -0.975781836582311</translation><rotation><c1>0, 0, 0</c1><c2>0, 0, 0</c2><c3>0, 0, 0</c3></rotation></pose><symmetry><x>twoFold</x><y>cylindrical</y><z>twoFold</z></symmetry><detectionScore>-1.0</detectionScore></element><element><id>17</id><category>dressing_table</category><bounds><corner1>-0.44728240848190026, -0.9902108062420467, -0.9461808414116063</corner1><corner2>0.44728240848190026, 0.9902108062420467, 0.9461808414116063</corner2></bounds><pose><translation>-3.094274492659706, -0.496266074279706, -0.9741164709324843</translation><rotation><c1>0, 0, 0</c1><c2>0, 0, 0</c2><c3>0, 0, 0</c3></rotation></pose><symmetry><x>twoFold</x><y>cylindrical</y><z>twoFold</z></symmetry><detectionScore>-1.0</detectionScore></element></elements></scene>