<?xml version='1.0' encoding='utf-8'?>
<scene xmlns:sumo="https://www.sumochallenge.org"><version>2.0</version><categories><id>fb_categories_v1_0</id><url>https://sumochallenge.org/en/categories-1_0.json</url></categories><project_type>bounding_box</project_type><elements><element><id>0</id><category>floor_lamp</category><bounds><corner1>-0.5395560069412135, -0.42402599515572925, -0.8007942921871147</corner1><corner2>0.5395560069412135, 0.42402599515572925, 0.8007942921871147</corner2></bounds><pose><translation>-3.5699294581257397, 2.340046941758239, -1.136614524076957</translation><rotation><c1>0, 0, 0</c1><c2>0, 0, 0</c2><c3>0, 0, 0</c3></rotation></pose><symmetry><x>twoFold</x><y>cylindrical</y><z>twoFold</z></symmetry><detectionScore>-1.0</detectionScore></element><element><id>1</id><category>plant</category><bounds><corner1>-0.14105727753335717, -1.3036285805998775, -0.9537410202417163</corner1><corner2>0.14105727753335717, 1.3036285805998775, 0.9537410202417163</corner2></bounds><pose><translation>1.5756696004600068, -2.9253320973468036, -0.8288988138642706</translation><rotation><c1>0, 0, 0</c1><c2>0, 0, 0</c2><c3>0, 0, 0</c3></rotation></pose><symmetry><x>twoFold</x><y>cylindrical</y><z>twoFold</z></symmetry><detectionScore>-1.0</detectionScore></element><element><id>2</id><category>coffee_table</category><bounds><corner1>-0.39276330649983104, -1.0061249564509014, -0.13711442565350218</corner1><corner2>0.39276330649983104, 1.0061249564509014, 0.13711442565350218</corner2></bounds><pose><translation>-1.8511026623193896, -0.5246677384959088, -1.2978725373060997</translation><rotation><c1>0, 0, 0</c1><c2>0, 0, 0</c2><c3>0, 0, 0</c3></rotation></pose><symmetry><x>twoFold</x><y>cylindrical</y><z>twoFold</z></symmetry><detectionScore>-1.0</detectionScore></element><element><id>3</id><category>chandelier</category><bounds><corner1>-0.20736062354102147, -1.173231887882386, -0.5027210305123633</corner1><corner2>0.20736062354102147, 1.173231887882386, 0.5027210305123633</corner2></bounds><pose><translation>-0.14274593399240537, 1.8033418272913615, 0.9862121921991363</translation><rotation><c1>0, 0, 0</c1><c2>0, 0, 0</c2><c3>0, 0, 0</c3></rotation></pose><symmetry><x>twoFold</x><y>cylindrical</y><z>twoFold</z></symmetry><detectionScore>-1.0</detectionScore></element><element><id>4</id><category>door</category><bounds><corner1>-0.802448043219852, -2.6492641912134163, -1.3387028876454412</corner1><corner2>0.802448043219852, 2.6492641912134163, 1.3387028876454412</corner2></bounds><pose><translation>0.13629118589901196, 2.9146262178827724, -0.26922815048937376</translation><rotation><c1>0, 0, 0</c1><c2>0, 0, 0</c2><c3>0, 0, 0</c3></rotation></pose><symmetry><x>twoFold</x><y>cylindrical</y><z>twoFold</z></symmetry><detectionScore>-1.0</detectionScore></element><element><id>5</id><category>person</category><bounds><corner1>-0.9896947232965083, -0.8333473482128908, -0.9393981766299662</corner1><corner2>0.9896947232965083, 0.8333473482128908, 0.9393981766299662</corner2></bounds><pose><translation>-2.626992343483475, -1.0612948747029287, -1.1644750891392097</translation><rotation><c1>0, 0, 0</c1><c2>0, 0, 0</c2><c3>0, 0, 0</c3></rotation></pose><symmetry><x>twoFold</x><y>cylindrical</y><z>twoFold</z></symmetry><detectionScore>-1.0</detectionScore></element><element><id>6</id><category>wall</category><bounds><corner1>-1.5662433692185276, -1.5788414468665444, -1.4943022165998914</corner1><corner2>1.5662433692185276, 1.5788414468665444, 1.4943022165998914</corner2></bounds><pose><translation>-2.865232710838554, 3.6045945255935203, -0.19187748189247245</translation><rotation><c1>0, 0, 0</c1><c2>0, 0, 0</c2><c3>0, 0, 0</c3></rotation></pose><symmetry><x>twoFold</x><y>cylindrical</y><z>twoFold</z></symmetry><detectionScore>-1.0</detectionScore></element><element><id>7</id><category>refrigerator</category><bounds><corner1>-1.222432541129278, -0.9592908712490846, -1.1446440196914174</corner1><corner2>1.222432541129278, 0.9592908712490846, 1.1446440196914174</corner2></bounds><pose><translation>-2.940553476713647, 3.6312975597671837, -0.6887246011704395</translation><rotation><c1>0, 0, 0</c1><c2>0, 0, 0</c2><c3>0, 0, 0</c3></rotation></pose><symmetry><x>twoFold</x><y>cylindrical</y><z>twoFold</z></symmetry><detectionScore>-1.0</detectionScore></element><element><id>8</id><category>door</category><bounds><corner1>-1.4322768440182096, -0.8360677040333164, -0.881342403682088</corner1><corner2>1.4322768440182096, 0.8360677040333164, 0.881342403682088</corner2></bounds><pose><translation>-2.835616674812806, 3.773659008367868, -0.406170777869581</translation><rotation><c1>0, 0, 0</c1><c2>0, 0, 0</c2><c3>0, 0, 0</c3></rotation></pose><symmetry><x>twoFold</x><y>cylindrical</y><z>twoFold</z></symmetry><detectionScore>-1.0</detectionScore></element><element><id>9</id><category>person</category><bounds><corner1>-0.7663101770786436, -1.4153474318709882, -0.3971554647947616</corner1><corner2>0.7663101770786436, 1.4153474318709882, 0.3971554647947616</corner2></bounds><pose><translation>-2.907885426520668, -0.38780532064714907, -0.9987927394972504</translation><rotation><c1>0, 0, 0</c1><c2>0, 0, 0</c2><c3>0, 0, 0</c3></rotation></pose><symmetry><x>twoFold</x><y>cylindrical</y><z>twoFold</z></symmetry><detectionScore>-1.0</detectionScore></element><element><id>10</id><category>wall</category><bounds><corner1>-1.1316498310485033, -2.879148268407892, -1.506028842161602</corner1><corner2>1.1316498310485033, 2.879148268407892, 1.506028842161602</corner2></bounds><pose><translation>-3.623819079577443, -0.22722257873505403, -0.1618636451715386</translation><rotation><c1>0, 0, 0</c1><c2>0, 0, 0</c2><c3>0, 0, 0</c3></rotation></pose><symmetry><x>twoFold</x><y>cylindrical</y><z>twoFold</z></symmetry><detectionScore>-1.0</detectionScore></element><element><id>11</id><category>piano</category><bounds><corner1>-1.761788826480968, -0.6258350109816264, -0.4097891188491506</corner1><corner2>1.761788826480968, 0.6258350109816264, 0.4097891188491506</corner2></bounds><pose><translation>-0.09359051033750933, -2.2116011608734167, -0.9742144996395216</translation><rotation><c1>0, 0, 0</c1><c2>0, 0, 0</c2><c3>0, 0, 0</c3></rotation></pose><symmetry><x>twoFold</x><y>cylindrical</y><z>twoFold</z></symmetry><detectionScore>-1.0</detectionScore></element><element><id>12</id><category>heater</category><bounds><corner1>-0.9924721332369622, -0.774879776586608, -0.21921615251968374</corner1><corner2>0.9924721332369622, 0.774879776586608, 0.21921615251968374</corner2></bounds><pose><translation>-3.4718055044668517, -2.3633782780513446, -1.030468874840964</translation><rotation><c1>0, 0, 0</c1><c2>0, 0, 0</c2><c3>0, 0, 0</c3></rotation></pose><symmetry><x>twoFold</x><y>cylindrical</y><z>twoFold</z></symmetry><detectionScore>-1.0</detectionScore></element><element><id>13</id><category>arch</category><bounds><corner1>-0.7746438239305303, -2.647280248773211, -1.3078633165880622</corner1><corner2>0.7746438239305303, 2.647280248773211, 1.3078633165880622</corner2></bounds><pose><translation>0.16727848582475047, 2.920008920001071, -0.23474457479678293</translation><rotation><c1>0, 0, 0</c1><c2>0, 0, 0</c2><c3>0, 0, 0</c3></rotation></pose><symmetry><x>twoFold</x><y>cylindrical</y><z>twoFold</z></symmetry><detectionScore>-1.0</detectionScore></element><element><id>14</id><category>window</category><bounds><corner1>-1.85142022178509, -1.6688826430185155, -1.4021714545039232</corner1><corner2>1.85142022178509, 1.6688826430185155, 1.4021714545039232</corner2></bounds><pose><translation>-0.47841195832924177, -3.3295399771427148, -0.11363736920669498</translation><rotation><c1>0, 0, 0</c1><c2>0, 0, 0</c2><c3>0, 0, 0</c3></rotation></pose><symmetry><x>twoFold</x><y>cylindrical</y><z>twoFold</z></symmetry><detectionScore>-1.0</detectionScore></element><element><id>15</id><category>door</category><bounds><corner1>-0.6842084577613815, -2.8982853345466375, -0.8530454471000433</corner1><corner2>0.6842084577613815, 2.8982853345466375, 0.8530454471000433</corner2></bounds><pose><translation>0.6234764234412183, 2.6573489930646574, -0.067959433352814</translation><rotation><c1>0, 0, 0</c1><c2>0, 0, 0</c2><c3>0, 0, 0</c3></rotation></pose><symmetry><x>twoFold</x><y>cylindrical</y><z>twoFold</z></symmetry><detectionScore>-1.0</detectionScore></element><element><id>16</id><category>wall</category><bounds><corner1>-1.8364741920436345, -2.656663695419568, -1.5334594733961218</corner1><corner2>1.8364741920436345, 2.656663695419568, 1.5334594733961218</corner2></bounds><pose><translation>-0.17531616332085895, 2.8768335179067615, -0.1536661709522596</translation><rotation><c1>0, 0, 0</c1><c2>0, 0, 0</c2><c3>0, 0, 0</c3></rotation></pose><symmetry><x>twoFold</x><y>cylindrical</y><z>twoFold</z></symmetry><detectionScore>-1.0</detectionScore></element><element><id>17</id><category>desk</category><bounds><corner1>-1.7034119369316516, -0.5150826163170898, -0.3728653474868189</corner1><corner2>1.7034119369316516, 0.5150826163170898, 0.3728653474868189</corner2></bounds><pose><translation>-0.05223612265403638, -2.0988575736818693, -0.9937112925403307</translation><rotation><c1>0, 0, 0</c1><c2>0, 0, 0</c2><c3>0, 0, 0</c3></rotation></pose><symmetry><x>twoFold</x><y>cylindrical</y><z>twoFold</z></symmetry><detectionScore>-1.0</detectionScore></element><element><id>18</id><category>stairs</category><bounds><corner1>-1.1269678872444826, -3.2347999688409876, -1.203017670395683</corner1><corner2>1.1269678872444826, 3.2347999688409876, 1.203017670395683</corner2></bounds><pose><translation>0.44606830914106516, 2.3072352823901996, 0.29689560863911735</translation><rotation><c1>0, 0, 0</c1><c2>0, 0, 0</c2><c3>0, 0, 0</c3></rotation></pose><symmetry><x>twoFold</x><y>cylindrical</y><z>twoFold</z></symmetry><detectionScore>-1.0</detectionScore></element><element><id>19</id><category>chandelier</category><bounds><corner1>-0.42233125759021084, -0.5045304483563999, -0.5642707646458369</corner1><corner2>0.42233125759021084, 0.5045304483563999, 0.5642707646458369</corner2></bounds><pose><translation>-1.3475937089117207, -0.6356061898635625, 0.9469450453314603</translation><rotation><c1>0, 0, 0</c1><c2>0, 0, 0</c2><c3>0, 0, 0</c3></rotation></pose><symmetry><x>twoFold</x><y>cylindrical</y><z>twoFold</z></symmetry><detectionScore>-1.0</detectionScore></element><element><id>20</id><category>television</category><bounds><corner1>-0.07719479452417088, -0.8165198958505815, -0.5061530599933114</corner1><corner2>0.07719479452417088, 0.8165198958505815, 0.5061530599933114</corner2></bounds><pose><translation>1.8177811891537983, -0.4690113542335424, 0.8356124650668976</translation><rotation><c1>0, 0, 0</c1><c2>0, 0, 0</c2><c3>0, 0, 0</c3></rotation></pose><symmetry><x>twoFold</x><y>cylindrical</y><z>twoFold</z></symmetry><detectionScore>-1.0</detectionScore></element><element><id>21</id><category>sofa</category><bounds><corner1>-0.7747196537495149, -1.8137908675722514, -0.5467878574290653</corner1><corner2>0.7747196537495149, 1.8137908675722514, 0.5467878574290653</corner2></bounds><pose><translation>-2.5745006559691648, -0.52807540406579, -1.1841480768080785</translation><rotation><c1>0, 0, 0</c1><c2>0, 0, 0</c2><c3>0, 0, 0</c3></rotation></pose><symmetry><x>twoFold</x><y>cylindrical</y><z>twoFold</z></symmetry><detectionScore>-1.0</detectionScore></element><element><id>22</id><category>desk</category><bounds><corner1>-0.6702999524766062, -1.2940547168849716, -0.29072571683106974</corner1><corner2>0.6702999524766062, 1.2940547168849716, 0.29072571683106974</corner2></bounds><pose><translation>-2.148298063190764, -0.49674377641391826, -1.2864168703956353</translation><rotation><c1>0, 0, 0</c1><c2>0, 0, 0</c2><c3>0, 0, 0</c3></rotation></pose><symmetry><x>twoFold</x><y>cylindrical</y><z>twoFold</z></symmetry><detectionScore>-1.0</detectionScore></element><element><id>23</id><category>pedestal_fan</category><bounds><corner1>-0.6135169679674397, -0.47574738210615575, -0.8294210941682503</corner1><corner2>0.6135169679674397, 0.47574738210615575, 0.8294210941682503</corner2></bounds><pose><translation>-3.571397657466952, 2.285762682587769, -1.1658529081252504</translation><rotation><c1>0, 0, 0</c1><c2>0, 0, 0</c2><c3>0, 0, 0</c3></rotation></pose><symmetry><x>twoFold</x><y>cylindrical</y><z>twoFold</z></symmetry><detectionScore>-1.0</detectionScore></element><element><id>24</id><category>wall</category><bounds><corner1>-0.8924578289747354, -0.5182931142949672, -1.207426707427219</corner1><corner2>0.8924578289747354, 0.5182931142949672, 1.207426707427219</corner2></bounds><pose><translation>0.7916808125775283, 2.836264847754449, 0.028162527540858587</translation><rotation><c1>0, 0, 0</c1><c2>0, 0, 0</c2><c3>0, 0, 0</c3></rotation></pose><symmetry><x>twoFold</x><y>cylindrical</y><z>twoFold</z></symmetry><detectionScore>-1.0</detectionScore></element></elements></scene>