<?xml version='1.0' encoding='utf-8'?>
<scene xmlns:sumo="https://www.sumochallenge.org"><version>2.0</version><categories><id>fb_categories_v1_0</id><url>https://sumochallenge.org/en/categories-1_0.json</url></categories><project_type>bounding_box</project_type><elements><element><id>0</id><category>wall</category><bounds><corner1>-4.212795265934582, -4.832888030123133, -1.1197845240443047</corner1><corner2>4.212795265934582, 4.832888030123133, 1.1197845240443047</corner2></bounds><pose><translation>1.3527706494544536, 1.8208652845312352, -0.06714620287674725</translation><rotation><c1>0, 0, 0</c1><c2>0, 0, 0</c2><c3>0, 0, 0</c3></rotation></pose><symmetry><x>twoFold</x><y>cylindrical</y><z>twoFold</z></symmetry><detectionScore>-1.0</detectionScore></element><element><id>1</id><category>wall</category><bounds><corner1>-3.967877823358629, -0.456467639714381, -1.3411772788243477</corner1><corner2>3.967877823358629, 0.456467639714381, 1.3411772788243477</corner2></bounds><pose><translation>1.1060346518278594, 6.291078651291484, -0.08026428366242834</translation><rotation><c1>0, 0, 0</c1><c2>0, 0, 0</c2><c3>0, 0, 0</c3></rotation></pose><symmetry><x>twoFold</x><y>cylindrical</y><z>twoFold</z></symmetry><detectionScore>-1.0</detectionScore></element><element><id>2</id><category>dishwasher</category><bounds><corner1>-0.1292559456868312, -0.6453096876445464, -0.10211072165310231</corner1><corner2>0.1292559456868312, 0.6453096876445464, 0.10211072165310231</corner2></bounds><pose><translation>-1.2884239053897117, 0.5336931335735461, -0.9066885062426687</translation><rotation><c1>0, 0, 0</c1><c2>0, 0, 0</c2><c3>0, 0, 0</c3></rotation></pose><symmetry><x>twoFold</x><y>cylindrical</y><z>twoFold</z></symmetry><detectionScore>-1.0</detectionScore></element><element><id>3</id><category>wall</category><bounds><corner1>-0.071153324784615, -1.4112223490277418, -1.4832176607107912</corner1><corner2>0.071153324784615, 1.4112223490277418, 1.4832176607107912</corner2></bounds><pose><translation>3.7296205830783538, -0.16295241318237808, -0.1259901505877228</translation><rotation><c1>0, 0, 0</c1><c2>0, 0, 0</c2><c3>0, 0, 0</c3></rotation></pose><symmetry><x>twoFold</x><y>cylindrical</y><z>twoFold</z></symmetry><detectionScore>-1.0</detectionScore></element><element><id>4</id><category>wall</category><bounds><corner1>-6.6949304072834845, -5.513018724101363, -1.3158554604690893</corner1><corner2>6.6949304072834845, 5.513018724101363, 1.3158554604690893</corner2></bounds><pose><translation>3.765384068405485, 0.9898826668643633, -0.18519746331635534</translation><rotation><c1>0, 0, 0</c1><c2>0, 0, 0</c2><c3>0, 0, 0</c3></rotation></pose><symmetry><x>twoFold</x><y>cylindrical</y><z>twoFold</z></symmetry><detectionScore>-1.0</detectionScore></element><element><id>5</id><category>arch</category><bounds><corner1>-3.9657958253831103, -3.5533213352148967, -1.1377177801903722</corner1><corner2>3.9657958253831103, 3.5533213352148967, 1.1377177801903722</corner2></bounds><pose><translation>1.771461757600339, 3.1371912566414877, -0.08887034825156608</translation><rotation><c1>0, 0, 0</c1><c2>0, 0, 0</c2><c3>0, 0, 0</c3></rotation></pose><symmetry><x>twoFold</x><y>cylindrical</y><z>twoFold</z></symmetry><detectionScore>-1.0</detectionScore></element><element><id>6</id><category>window</category><bounds><corner1>-1.3632317844173265, -0.1964532499768037, -1.2219035412119412</corner1><corner2>1.3632317844173265, 0.1964532499768037, 1.2219035412119412</corner2></bounds><pose><translation>9.495675882333302, 6.374875806385543, -0.13734715598799474</translation><rotation><c1>0, 0, 0</c1><c2>0, 0, 0</c2><c3>0, 0, 0</c3></rotation></pose><symmetry><x>twoFold</x><y>cylindrical</y><z>twoFold</z></symmetry><detectionScore>-1.0</detectionScore></element><element><id>7</id><category>window</category><bounds><corner1>-2.5141190126399544, -0.22418148116104675, -1.0706798775271393</corner1><corner2>2.5141190126399544, 0.22418148116104675, 1.0706798775271393</corner2></bounds><pose><translation>2.224657922788492, 6.525028819338855, -0.030860859762297865</translation><rotation><c1>0, 0, 0</c1><c2>0, 0, 0</c2><c3>0, 0, 0</c3></rotation></pose><symmetry><x>twoFold</x><y>cylindrical</y><z>twoFold</z></symmetry><detectionScore>-1.0</detectionScore></element><element><id>8</id><category>wall</category><bounds><corner1>-1.6556606755954384, -0.2518182588845743, -1.4263151137866603</corner1><corner2>1.6556606755954384, 0.2518182588845743, 1.4263151137866603</corner2></bounds><pose><translation>9.166609133483208, 6.298605071440887, -0.17054897316961773</translation><rotation><c1>0, 0, 0</c1><c2>0, 0, 0</c2><c3>0, 0, 0</c3></rotation></pose><symmetry><x>twoFold</x><y>cylindrical</y><z>twoFold</z></symmetry><detectionScore>-1.0</detectionScore></element><element><id>9</id><category>window</category><bounds><corner1>-0.7469202501620362, -0.16915428968593282, -0.6260987821110191</corner1><corner2>0.7469202501620362, 0.16915428968593282, 0.6260987821110191</corner2></bounds><pose><translation>7.322518481727382, 6.441930927171545, -0.4706387266661155</translation><rotation><c1>0, 0, 0</c1><c2>0, 0, 0</c2><c3>0, 0, 0</c3></rotation></pose><symmetry><x>twoFold</x><y>cylindrical</y><z>twoFold</z></symmetry><detectionScore>-1.0</detectionScore></element><element><id>10</id><category>chandelier</category><bounds><corner1>-5.307581364273311, -2.9603412789024257, -0.6555872338721167</corner1><corner2>5.307581364273311, 2.9603412789024257, 0.6555872338721167</corner2></bounds><pose><translation>5.30822137248323, 3.554997285453529, 0.6461861564070102</translation><rotation><c1>0, 0, 0</c1><c2>0, 0, 0</c2><c3>0, 0, 0</c3></rotation></pose><symmetry><x>twoFold</x><y>cylindrical</y><z>twoFold</z></symmetry><detectionScore>-1.0</detectionScore></element><element><id>11</id><category>kitchen_cabinet</category><bounds><corner1>-0.19884209616461723, -1.733836039919602, -0.38515456547451665</corner1><corner2>0.19884209616461723, 1.733836039919602, 0.38515456547451665</corner2></bounds><pose><translation>-1.0646979255537956, 2.581268410953082, -0.8869221760296583</translation><rotation><c1>0, 0, 0</c1><c2>0, 0, 0</c2><c3>0, 0, 0</c3></rotation></pose><symmetry><x>twoFold</x><y>cylindrical</y><z>twoFold</z></symmetry><detectionScore>-1.0</detectionScore></element><element><id>12</id><category>arch</category><bounds><corner1>-3.0381517769708903, -0.8381956512914623, -1.5884488004690578</corner1><corner2>3.0381517769708903, 0.8381956512914623, 1.5884488004690578</corner2></bounds><pose><translation>7.678115506561479, 5.740497375812595, -0.34019318805945076</translation><rotation><c1>0, 0, 0</c1><c2>0, 0, 0</c2><c3>0, 0, 0</c3></rotation></pose><symmetry><x>twoFold</x><y>cylindrical</y><z>twoFold</z></symmetry><detectionScore>-1.0</detectionScore></element><element><id>13</id><category>door</category><bounds><corner1>-0.7580279925314866, -0.16083850991789905, -0.6609580634185861</corner1><corner2>0.7580279925314866, 0.16083850991789905, 0.6609580634185861</corner2></bounds><pose><translation>7.347521478748211, 6.4502557692012035, -0.5339659485701836</translation><rotation><c1>0, 0, 0</c1><c2>0, 0, 0</c2><c3>0, 0, 0</c3></rotation></pose><symmetry><x>twoFold</x><y>cylindrical</y><z>twoFold</z></symmetry><detectionScore>-1.0</detectionScore></element><element><id>14</id><category>chandelier</category><bounds><corner1>-2.230884674768168, -1.6042767839460401, -0.111805930449836</corner1><corner2>2.230884674768168, 1.6042767839460401, 0.111805930449836</corner2></bounds><pose><translation>3.9758725886697617, 5.049796086410543, 1.2226199554367692</translation><rotation><c1>0, 0, 0</c1><c2>0, 0, 0</c2><c3>0, 0, 0</c3></rotation></pose><symmetry><x>twoFold</x><y>cylindrical</y><z>twoFold</z></symmetry><detectionScore>-1.0</detectionScore></element><element><id>15</id><category>refrigerator</category><bounds><corner1>-0.43961934448978457, -0.08773643429138467, -0.9374355864042179</corner1><corner2>0.43961934448978457, 0.08773643429138467, 0.9374355864042179</corner2></bounds><pose><translation>-0.31596147460471147, -1.3728419277489445, -0.18387788697839466</translation><rotation><c1>0, 0, 0</c1><c2>0, 0, 0</c2><c3>0, 0, 0</c3></rotation></pose><symmetry><x>twoFold</x><y>cylindrical</y><z>twoFold</z></symmetry><detectionScore>-1.0</detectionScore></element><element><id>16</id><category>hanging_kitchen_cabinet</category><bounds><corner1>-0.4284411500378149, -0.06084363127726644, -0.41681631933532937</corner1><corner2>0.4284411500378149, 0.06084363127726644, 0.41681631933532937</corner2></bounds><pose><translation>-0.3162379754699274, -1.3859676190749426, 0.3415859333170441</translation><rotation><c1>0, 0, 0</c1><c2>0, 0, 0</c2><c3>0, 0, 0</c3></rotation></pose><symmetry><x>twoFold</x><y>cylindrical</y><z>twoFold</z></symmetry><detectionScore>-1.0</detectionScore></element><element><id>17</id><category>hanging_kitchen_cabinet</category><bounds><corner1>-0.058203297688947275, -0.336565036079317, -0.6620808483339866</corner1><corner2>0.058203297688947275, 0.336565036079317, 0.6620808483339866</corner2></bounds><pose><translation>-1.5404109261995582, -0.9973318731980716, 0.3966789189561053</translation><rotation><c1>0, 0, 0</c1><c2>0, 0, 0</c2><c3>0, 0, 0</c3></rotation></pose><symmetry><x>twoFold</x><y>cylindrical</y><z>twoFold</z></symmetry><detectionScore>-1.0</detectionScore></element><element><id>18</id><category>door</category><bounds><corner1>-3.197031435138773, -0.28338085468513796, -1.386133812340366</corner1><corner2>3.197031435138773, 0.28338085468513796, 1.386133812340366</corner2></bounds><pose><translation>7.2933549726660205, 6.3051329520561215, -0.6204693763631332</translation><rotation><c1>0, 0, 0</c1><c2>0, 0, 0</c2><c3>0, 0, 0</c3></rotation></pose><symmetry><x>twoFold</x><y>cylindrical</y><z>twoFold</z></symmetry><detectionScore>-1.0</detectionScore></element><element><id>19</id><category>range_oven</category><bounds><corner1>-0.21420354086592108, -1.028945627489227, -0.3433212491677675</corner1><corner2>0.21420354086592108, 1.028945627489227, 0.3433212491677675</corner2></bounds><pose><translation>-1.0828229151972797, 2.1400166281959705, -0.9587436334289359</translation><rotation><c1>0, 0, 0</c1><c2>0, 0, 0</c2><c3>0, 0, 0</c3></rotation></pose><symmetry><x>twoFold</x><y>cylindrical</y><z>twoFold</z></symmetry><detectionScore>-1.0</detectionScore></element><element><id>20</id><category>wall</category><bounds><corner1>-0.07238730225597934, -0.5298136676656582, -1.4615564131311238</corner1><corner2>0.07238730225597934, 0.5298136676656582, 1.4615564131311238</corner2></bounds><pose><translation>3.7150119438447398, -1.2460175070802069, -0.1765398967521784</translation><rotation><c1>0, 0, 0</c1><c2>0, 0, 0</c2><c3>0, 0, 0</c3></rotation></pose><symmetry><x>twoFold</x><y>cylindrical</y><z>twoFold</z></symmetry><detectionScore>-1.0</detectionScore></element><element><id>21</id><category>kitchen_cabinet</category><bounds><corner1>-0.4814877660505712, -0.09328749485018784, -1.383292143169248</corner1><corner2>0.4814877660505712, 0.09328749485018784, 1.383292143169248</corner2></bounds><pose><translation>-0.31112057869205256, -1.3716731709020917, -0.1592562063980455</translation><rotation><c1>0, 0, 0</c1><c2>0, 0, 0</c2><c3>0, 0, 0</c3></rotation></pose><symmetry><x>twoFold</x><y>cylindrical</y><z>twoFold</z></symmetry><detectionScore>-1.0</detectionScore></element><element><id>22</id><category>chandelier</category><bounds><corner1>-1.4136614979020532, -1.697246101407285, -0.09840367902265257</corner1><corner2>1.4136614979020532, 1.697246101407285, 0.09840367902265257</corner2></bounds><pose><translation>1.0102089938178374, 5.050691992366006, 1.2724400945782004</translation><rotation><c1>0, 0, 0</c1><c2>0, 0, 0</c2><c3>0, 0, 0</c3></rotation></pose><symmetry><x>twoFold</x><y>cylindrical</y><z>twoFold</z></symmetry><detectionScore>-1.0</detectionScore></element><element><id>23</id><category>wall</category><bounds><corner1>-3.9433623294861615, -1.883083066794045, -1.5307875564031503</corner1><corner2>3.9433623294861615, 1.883083066794045, 1.5307875564031503</corner2></bounds><pose><translation>6.698295324038627, 4.691900277717364, -0.27551016811899204</translation><rotation><c1>0, 0, 0</c1><c2>0, 0, 0</c2><c3>0, 0, 0</c3></rotation></pose><symmetry><x>twoFold</x><y>cylindrical</y><z>twoFold</z></symmetry><detectionScore>-1.0</detectionScore></element><element><id>24</id><category>window</category><bounds><corner1>-4.214751758602189, -4.856167090112797, -0.946778481117196</corner1><corner2>4.214751758602189, 4.856167090112797, 0.946778481117196</corner2></bounds><pose><translation>1.3261700521145667, 1.8014340051032631, -0.06584194954604183</translation><rotation><c1>0, 0, 0</c1><c2>0, 0, 0</c2><c3>0, 0, 0</c3></rotation></pose><symmetry><x>twoFold</x><y>cylindrical</y><z>twoFold</z></symmetry><detectionScore>-1.0</detectionScore></element><element><id>25</id><category>kitchen_cabinet</category><bounds><corner1>-1.1736609790247161, -0.6915616227434329, -0.5546400317635491</corner1><corner2>1.1736609790247161, 0.6915616227434329, 0.5546400317635491</corner2></bounds><pose><translation>-0.06996078184385943, 6.025103648721292, -0.939887825150481</translation><rotation><c1>0, 0, 0</c1><c2>0, 0, 0</c2><c3>0, 0, 0</c3></rotation></pose><symmetry><x>twoFold</x><y>cylindrical</y><z>twoFold</z></symmetry><detectionScore>-1.0</detectionScore></element><element><id>26</id><category>curtain</category><bounds><corner1>-4.227978177924597, -4.847405129604014, -1.0175856464190496</corner1><corner2>4.227978177924597, 4.847405129604014, 1.0175856464190496</corner2></bounds><pose><translation>1.3375371748067904, 1.8090504168108705, -0.06301590886759717</translation><rotation><c1>0, 0, 0</c1><c2>0, 0, 0</c2><c3>0, 0, 0</c3></rotation></pose><symmetry><x>twoFold</x><y>cylindrical</y><z>twoFold</z></symmetry><detectionScore>-1.0</detectionScore></element><element><id>27</id><category>column</category><bounds><corner1>-0.9912256101141228, -0.31659885332817606, -0.6674821243244419</corner1><corner2>0.9912256101141228, 0.31659885332817606, 0.6674821243244419</corner2></bounds><pose><translation>6.548108531449769, 6.263516512763132, -0.4545823040382462</translation><rotation><c1>0, 0, 0</c1><c2>0, 0, 0</c2><c3>0, 0, 0</c3></rotation></pose><symmetry><x>twoFold</x><y>cylindrical</y><z>twoFold</z></symmetry><detectionScore>-1.0</detectionScore></element><element><id>28</id><category>hanging_kitchen_cabinet</category><bounds><corner1>-0.35339841836722274, -1.3704934092456433, -0.738404792763314</corner1><corner2>0.35339841836722274, 1.3704934092456433, 0.738404792763314</corner2></bounds><pose><translation>-1.5305743174129327, 2.6847514566603916, 0.3048782738075203</translation><rotation><c1>0, 0, 0</c1><c2>0, 0, 0</c2><c3>0, 0, 0</c3></rotation></pose><symmetry><x>twoFold</x><y>cylindrical</y><z>twoFold</z></symmetry><detectionScore>-1.0</detectionScore></element><element><id>29</id><category>kitchen_cabinet</category><bounds><corner1>-0.4686575408429762, -2.6839528986525876, -1.107857079041935</corner1><corner2>0.4686575408429762, 2.6839528986525876, 1.107857079041935</corner2></bounds><pose><translation>-1.4409940305234046, 3.8947131301401, -0.3897725926619707</translation><rotation><c1>0, 0, 0</c1><c2>0, 0, 0</c2><c3>0, 0, 0</c3></rotation></pose><symmetry><x>twoFold</x><y>cylindrical</y><z>twoFold</z></symmetry><detectionScore>-1.0</detectionScore></element><element><id>30</id><category>hanging_kitchen_cabinet</category><bounds><corner1>-0.060778096316921326, -0.4314110489582849, -0.7247443566846026</corner1><corner2>0.060778096316921326, 0.4314110489582849, 0.7247443566846026</corner2></bounds><pose><translation>-1.5934348700931604, -0.39798559350150686, 0.42039188606296185</translation><rotation><c1>0, 0, 0</c1><c2>0, 0, 0</c2><c3>0, 0, 0</c3></rotation></pose><symmetry><x>twoFold</x><y>cylindrical</y><z>twoFold</z></symmetry><detectionScore>-1.0</detectionScore></element><element><id>31</id><category>hanging_kitchen_cabinet</category><bounds><corner1>-0.37303624973964855, -0.19775297744644593, -0.42145222763605733</corner1><corner2>0.37303624973964855, 0.19775297744644593, 0.42145222763605733</corner2></bounds><pose><translation>-1.0884362033379742, -1.5236440984322095, 0.4169618933755989</translation><rotation><c1>0, 0, 0</c1><c2>0, 0, 0</c2><c3>0, 0, 0</c3></rotation></pose><symmetry><x>twoFold</x><y>cylindrical</y><z>twoFold</z></symmetry><detectionScore>-1.0</detectionScore></element><element><id>32</id><category>washer</category><bounds><corner1>-0.20727043493366937, -0.6753182127188879, -0.1093734230637382</corner1><corner2>0.20727043493366937, 0.6753182127188879, 0.1093734230637382</corner2></bounds><pose><translation>-1.378685175479088, 0.5603420463266302, -0.8937361987128585</translation><rotation><c1>0, 0, 0</c1><c2>0, 0, 0</c2><c3>0, 0, 0</c3></rotation></pose><symmetry><x>twoFold</x><y>cylindrical</y><z>twoFold</z></symmetry><detectionScore>-1.0</detectionScore></element><element><id>33</id><category>chandelier</category><bounds><corner1>-6.782835274904459, -4.924294892730565, -1.060857529202567</corner1><corner2>6.782835274904459, 4.924294892730565, 1.060857529202567</corner2></bounds><pose><translation>2.1027303996090034, 1.5580672403252236, 0.22245605492218362</translation><rotation><c1>0, 0, 0</c1><c2>0, 0, 0</c2><c3>0, 0, 0</c3></rotation></pose><symmetry><x>twoFold</x><y>cylindrical</y><z>twoFold</z></symmetry><detectionScore>-1.0</detectionScore></element><element><id>34</id><category>window</category><bounds><corner1>-0.3792141546518992, -1.2793887693102777, -0.7892124329369208</corner1><corner2>0.3792141546518992, 1.2793887693102777, 0.7892124329369208</corner2></bounds><pose><translation>-1.5568699065063876, 2.790075418013089, 0.25710134018209535</translation><rotation><c1>0, 0, 0</c1><c2>0, 0, 0</c2><c3>0, 0, 0</c3></rotation></pose><symmetry><x>twoFold</x><y>cylindrical</y><z>twoFold</z></symmetry><detectionScore>-1.0</detectionScore></element><element><id>35</id><category>range_hood</category><bounds><corner1>-0.48184308452285207, -1.5899974139248059, -0.7949958245489902</corner1><corner2>0.48184308452285207, 1.5899974139248059, 0.7949958245489902</corner2></bounds><pose><translation>-1.6844920519836566, 2.4157636560019853, 0.41686066440561376</translation><rotation><c1>0, 0, 0</c1><c2>0, 0, 0</c2><c3>0, 0, 0</c3></rotation></pose><symmetry><x>twoFold</x><y>cylindrical</y><z>twoFold</z></symmetry><detectionScore>-1.0</detectionScore></element><element><id>36</id><category>wall</category><bounds><corner1>-4.153680881935804, -3.0228057312583574, -1.266556560953796</corner1><corner2>4.153680881935804, 3.0228057312583574, 1.266556560953796</corner2></bounds><pose><translation>6.640307176297538, 3.395052181474838, -0.14922144630855239</translation><rotation><c1>0, 0, 0</c1><c2>0, 0, 0</c2><c3>0, 0, 0</c3></rotation></pose><symmetry><x>twoFold</x><y>cylindrical</y><z>twoFold</z></symmetry><detectionScore>-1.0</detectionScore></element><element><id>37</id><category>chair</category><bounds><corner1>-2.642386011810157, -2.74016302491602, -0.06945268591448106</corner1><corner2>2.642386011810157, 2.74016302491602, 0.06945268591448106</corner2></bounds><pose><translation>1.2935543104652316, 2.033138865576823, -0.8192931631590131</translation><rotation><c1>0, 0, 0</c1><c2>0, 0, 0</c2><c3>0, 0, 0</c3></rotation></pose><symmetry><x>twoFold</x><y>cylindrical</y><z>twoFold</z></symmetry><detectionScore>-1.0</detectionScore></element><element><id>38</id><category>kitchen_cabinet</category><bounds><corner1>-0.23070054173186794, -1.7284522353840988, -0.2617770444289458</corner1><corner2>0.23070054173186794, 1.7284522353840988, 0.2617770444289458</corner2></bounds><pose><translation>-1.0029467641677439, 3.5122175065834558, -0.9679669869006956</translation><rotation><c1>0, 0, 0</c1><c2>0, 0, 0</c2><c3>0, 0, 0</c3></rotation></pose><symmetry><x>twoFold</x><y>cylindrical</y><z>twoFold</z></symmetry><detectionScore>-1.0</detectionScore></element><element><id>39</id><category>kitchen_cabinet</category><bounds><corner1>-0.2662099524934034, -0.5673300742909019, -0.16826946302963375</corner1><corner2>0.2662099524934034, 0.5673300742909019, 0.16826946302963375</corner2></bounds><pose><translation>-1.4591612095926418, -0.3364195781569231, -0.9270187454840169</translation><rotation><c1>0, 0, 0</c1><c2>0, 0, 0</c2><c3>0, 0, 0</c3></rotation></pose><symmetry><x>twoFold</x><y>cylindrical</y><z>twoFold</z></symmetry><detectionScore>-1.0</detectionScore></element><element><id>40</id><category>dishwasher</category><bounds><corner1>-0.14402237848972144, -0.47421863946745735, -0.11315139886094094</corner1><corner2>0.14402237848972144, 0.47421863946745735, 0.11315139886094094</corner2></bounds><pose><translation>-1.3225110095053254, -0.2967643751372354, -0.954639979769307</translation><rotation><c1>0, 0, 0</c1><c2>0, 0, 0</c2><c3>0, 0, 0</c3></rotation></pose><symmetry><x>twoFold</x><y>cylindrical</y><z>twoFold</z></symmetry><detectionScore>-1.0</detectionScore></element><element><id>41</id><category>door</category><bounds><corner1>-4.507835465406571, -4.81462356826605, -0.8101814735656405</corner1><corner2>4.507835465406571, 4.81462356826605, 0.8101814735656405</corner2></bounds><pose><translation>1.3431587874856372, 1.8527773050359027, -0.13057023056308364</translation><rotation><c1>0, 0, 0</c1><c2>0, 0, 0</c2><c3>0, 0, 0</c3></rotation></pose><symmetry><x>twoFold</x><y>cylindrical</y><z>twoFold</z></symmetry><detectionScore>-1.0</detectionScore></element><element><id>42</id><category>range_oven</category><bounds><corner1>-0.17504390930958136, -1.250329047095743, -0.2628799104485373</corner1><corner2>0.17504390930958136, 1.250329047095743, 0.2628799104485373</corner2></bounds><pose><translation>-1.0233011819704794, 2.8794931274500026, -0.959933740648454</translation><rotation><c1>0, 0, 0</c1><c2>0, 0, 0</c2><c3>0, 0, 0</c3></rotation></pose><symmetry><x>twoFold</x><y>cylindrical</y><z>twoFold</z></symmetry><detectionScore>-1.0</detectionScore></element></elements></scene>