<?xml version='1.0' encoding='utf-8'?>
<scene xmlns:sumo="https://www.sumochallenge.org"><version>2.0</version><categories><id>fb_categories_v1_0</id><url>https://sumochallenge.org/en/categories-1_0.json</url></categories><project_type>bounding_box</project_type><elements><element><id>0</id><category>sofa</category><bounds><corner1>-1.4518704775436175, -1.8734713193474373, -0.5567708466003848</corner1><corner2>1.4518704775436175, 1.8734713193474373, 0.5567708466003848</corner2></bounds><pose><translation>-0.5593930660132371, -4.126857655432087, -1.0897587818554033</translation><rotation><c1>0, 0, 0</c1><c2>0, 0, 0</c2><c3>0, 0, 0</c3></rotation></pose><symmetry><x>twoFold</x><y>cylindrical</y><z>twoFold</z></symmetry><detectionScore>-1.0</detectionScore></element><element><id>1</id><category>wall</category><bounds><corner1>-3.7104724810647784, -3.0267432654241624, -1.317608665253165</corner1><corner2>3.7104724810647784, 3.0267432654241624, 1.317608665253165</corner2></bounds><pose><translation>12.006223171623287, -4.330715522189048, -0.07630033887436022</translation><rotation><c1>0, 0, 0</c1><c2>0, 0, 0</c2><c3>0, 0, 0</c3></rotation></pose><symmetry><x>twoFold</x><y>cylindrical</y><z>twoFold</z></symmetry><detectionScore>-1.0</detectionScore></element><element><id>2</id><category>fireplace</category><bounds><corner1>-1.5533688382985769, -2.6039515278218737, -0.4079065876798814</corner1><corner2>1.5533688382985769, 2.6039515278218737, 0.4079065876798814</corner2></bounds><pose><translation>-2.5928222741909464, -4.549002342572748, -0.9803266547290742</translation><rotation><c1>0, 0, 0</c1><c2>0, 0, 0</c2><c3>0, 0, 0</c3></rotation></pose><symmetry><x>twoFold</x><y>cylindrical</y><z>twoFold</z></symmetry><detectionScore>-1.0</detectionScore></element><element><id>3</id><category>chessboard</category><bounds><corner1>-0.3822269917414475, -0.22843379047243895, -0.07168517239310912</corner1><corner2>0.3822269917414475, 0.22843379047243895, 0.07168517239310912</corner2></bounds><pose><translation>-0.08159925775978212, -1.8726396300739077, -1.2158611302410278</translation><rotation><c1>0, 0, 0</c1><c2>0, 0, 0</c2><c3>0, 0, 0</c3></rotation></pose><symmetry><x>twoFold</x><y>cylindrical</y><z>twoFold</z></symmetry><detectionScore>-1.0</detectionScore></element><element><id>4</id><category>coffee_table</category><bounds><corner1>-3.03761283677433, -0.17340603160464507, -0.3636359475240838</corner1><corner2>3.03761283677433, 0.17340603160464507, 0.3636359475240838</corner2></bounds><pose><translation>2.768045052216502, -1.2375675674229043, -1.0663040140359987</translation><rotation><c1>0, 0, 0</c1><c2>0, 0, 0</c2><c3>0, 0, 0</c3></rotation></pose><symmetry><x>twoFold</x><y>cylindrical</y><z>twoFold</z></symmetry><detectionScore>-1.0</detectionScore></element><element><id>5</id><category>wall</category><bounds><corner1>-0.8552753500618531, -0.9779725403022521, -1.3838922977538748</corner1><corner2>0.8552753500618531, 0.9779725403022521, 1.3838922977538748</corner2></bounds><pose><translation>-3.751468123826524, -1.8801811411430502, -0.1885979923829234</translation><rotation><c1>0, 0, 0</c1><c2>0, 0, 0</c2><c3>0, 0, 0</c3></rotation></pose><symmetry><x>twoFold</x><y>cylindrical</y><z>twoFold</z></symmetry><detectionScore>-1.0</detectionScore></element><element><id>6</id><category>wall</category><bounds><corner1>-4.815229607627951, -0.43752857417820223, -1.2601576296040975</corner1><corner2>4.815229607627951, 0.43752857417820223, 1.2601576296040975</corner2></bounds><pose><translation>5.392427908352544, 1.317930676918842, -0.07688622914491525</translation><rotation><c1>0, 0, 0</c1><c2>0, 0, 0</c2><c3>0, 0, 0</c3></rotation></pose><symmetry><x>twoFold</x><y>cylindrical</y><z>twoFold</z></symmetry><detectionScore>-1.0</detectionScore></element><element><id>7</id><category>wall</category><bounds><corner1>-0.8183160140722459, -2.262764372299711, -1.5320525932669247</corner1><corner2>0.8183160140722459, 2.262764372299711, 1.5320525932669247</corner2></bounds><pose><translation>-3.7389842146968393, -0.4751569825689197, -0.18346070758718702</translation><rotation><c1>0, 0, 0</c1><c2>0, 0, 0</c2><c3>0, 0, 0</c3></rotation></pose><symmetry><x>twoFold</x><y>cylindrical</y><z>twoFold</z></symmetry><detectionScore>-1.0</detectionScore></element><element><id>8</id><category>piano</category><bounds><corner1>-9.068605293778731, -0.6665901781938239, -0.3993982352838459</corner1><corner2>9.068605293778731, 0.6665901781938239, 0.3993982352838459</corner2></bounds><pose><translation>4.579535619442105, -1.7193832860931835, -0.9515538871269121</translation><rotation><c1>0, 0, 0</c1><c2>0, 0, 0</c2><c3>0, 0, 0</c3></rotation></pose><symmetry><x>twoFold</x><y>cylindrical</y><z>twoFold</z></symmetry><detectionScore>-1.0</detectionScore></element><element><id>9</id><category>door</category><bounds><corner1>-3.3332337418016564, -0.36010396058742145, -1.9336326970008346</corner1><corner2>3.3332337418016564, 0.36010396058742145, 1.9336326970008346</corner2></bounds><pose><translation>2.9053948377946526, 1.5538023615224221, -0.6599124746243384</translation><rotation><c1>0, 0, 0</c1><c2>0, 0, 0</c2><c3>0, 0, 0</c3></rotation></pose><symmetry><x>twoFold</x><y>cylindrical</y><z>twoFold</z></symmetry><detectionScore>-1.0</detectionScore></element><element><id>10</id><category>armchair</category><bounds><corner1>-5.396276944045014, -2.376998632338294, -0.4461713430423646</corner1><corner2>5.396276944045014, 2.376998632338294, 0.4461713430423646</corner2></bounds><pose><translation>6.05346292079629, -3.61639856351782, -1.0016073350327113</translation><rotation><c1>0, 0, 0</c1><c2>0, 0, 0</c2><c3>0, 0, 0</c3></rotation></pose><symmetry><x>twoFold</x><y>cylindrical</y><z>twoFold</z></symmetry><detectionScore>-1.0</detectionScore></element><element><id>11</id><category>door</category><bounds><corner1>-1.6474679705133566, -3.031176585776513, -1.3101774035611469</corner1><corner2>1.6474679705133566, 3.031176585776513, 1.3101774035611469</corner2></bounds><pose><translation>2.8891834973387107, -4.889504429029679, -0.5006605059674946</translation><rotation><c1>0, 0, 0</c1><c2>0, 0, 0</c2><c3>0, 0, 0</c3></rotation></pose><symmetry><x>twoFold</x><y>cylindrical</y><z>twoFold</z></symmetry><detectionScore>-1.0</detectionScore></element><element><id>12</id><category>armchair</category><bounds><corner1>-4.974964574407022, -0.3808297201615374, -0.4543201039283249</corner1><corner2>4.974964574407022, 0.3808297201615374, 0.4543201039283249</corner2></bounds><pose><translation>4.119561258760204, -1.2440323110133846, -1.0251111937658655</translation><rotation><c1>0, 0, 0</c1><c2>0, 0, 0</c2><c3>0, 0, 0</c3></rotation></pose><symmetry><x>twoFold</x><y>cylindrical</y><z>twoFold</z></symmetry><detectionScore>-1.0</detectionScore></element><element><id>13</id><category>door</category><bounds><corner1>-0.6142242525889299, -1.2037643979548773, -1.2346237874549715</corner1><corner2>0.6142242525889299, 1.2037643979548773, 1.2346237874549715</corner2></bounds><pose><translation>-4.15068355677881, -2.846830696270365, -0.537805824486379</translation><rotation><c1>0, 0, 0</c1><c2>0, 0, 0</c2><c3>0, 0, 0</c3></rotation></pose><symmetry><x>twoFold</x><y>cylindrical</y><z>twoFold</z></symmetry><detectionScore>-1.0</detectionScore></element><element><id>14</id><category>wall</category><bounds><corner1>-4.3730269511190425, -1.0829898083641476, -1.1741798964956405</corner1><corner2>4.3730269511190425, 1.0829898083641476, 1.1741798964956405</corner2></bounds><pose><translation>8.370028519540128, -4.74984322175174, -0.11317309101942825</translation><rotation><c1>0, 0, 0</c1><c2>0, 0, 0</c2><c3>0, 0, 0</c3></rotation></pose><symmetry><x>twoFold</x><y>cylindrical</y><z>twoFold</z></symmetry><detectionScore>-1.0</detectionScore></element><element><id>15</id><category>door</category><bounds><corner1>-0.8060391726257099, -0.7744635844950472, -1.6032686329813535</corner1><corner2>0.8060391726257099, 0.7744635844950472, 1.6032686329813535</corner2></bounds><pose><translation>-3.5815930807686707, -0.8963643242541117, -0.5817320831260747</translation><rotation><c1>0, 0, 0</c1><c2>0, 0, 0</c2><c3>0, 0, 0</c3></rotation></pose><symmetry><x>twoFold</x><y>cylindrical</y><z>twoFold</z></symmetry><detectionScore>-1.0</detectionScore></element><element><id>16</id><category>wall</category><bounds><corner1>-1.1064556879653331, -1.6499872699871503, -1.4324566026099528</corner1><corner2>1.1064556879653331, 1.6499872699871503, 1.4324566026099528</corner2></bounds><pose><translation>9.137426005651633, 0.04496470648667497, -0.19053810390725523</translation><rotation><c1>0, 0, 0</c1><c2>0, 0, 0</c2><c3>0, 0, 0</c3></rotation></pose><symmetry><x>twoFold</x><y>cylindrical</y><z>twoFold</z></symmetry><detectionScore>-1.0</detectionScore></element><element><id>17</id><category>wall</category><bounds><corner1>-2.5526300369722295, -1.0112992680586692, -1.4473493306829874</corner1><corner2>2.5526300369722295, 1.0112992680586692, 1.4473493306829874</corner2></bounds><pose><translation>-0.87831512622192, -4.971966610547284, -0.13122348932205607</translation><rotation><c1>0, 0, 0</c1><c2>0, 0, 0</c2><c3>0, 0, 0</c3></rotation></pose><symmetry><x>twoFold</x><y>cylindrical</y><z>twoFold</z></symmetry><detectionScore>-1.0</detectionScore></element><element><id>18</id><category>door</category><bounds><corner1>-2.4455480404389567, -3.104407907364352, -1.4073309900822188</corner1><corner2>2.4455480404389567, 3.104407907364352, 1.4073309900822188</corner2></bounds><pose><translation>5.817320922210459, -4.697070678059155, -0.5390796603347522</translation><rotation><c1>0, 0, 0</c1><c2>0, 0, 0</c2><c3>0, 0, 0</c3></rotation></pose><symmetry><x>twoFold</x><y>cylindrical</y><z>twoFold</z></symmetry><detectionScore>-1.0</detectionScore></element><element><id>19</id><category>dresser</category><bounds><corner1>-1.6535897072013215, -2.074715479694668, -0.334658098284585</corner1><corner2>1.6535897072013215, 2.074715479694668, 0.334658098284585</corner2></bounds><pose><translation>-3.0598134041680676, -3.67206008466416, -0.8326074620715895</translation><rotation><c1>0, 0, 0</c1><c2>0, 0, 0</c2><c3>0, 0, 0</c3></rotation></pose><symmetry><x>twoFold</x><y>cylindrical</y><z>twoFold</z></symmetry><detectionScore>-1.0</detectionScore></element><element><id>20</id><category>coffee_table</category><bounds><corner1>-0.7695044106647254, -0.3362535404761082, -0.0677234940623983</corner1><corner2>0.7695044106647254, 0.3362535404761082, 0.0677234940623983</corner2></bounds><pose><translation>-0.05063313575301465, -1.821549515764003, -1.2434827105494985</translation><rotation><c1>0, 0, 0</c1><c2>0, 0, 0</c2><c3>0, 0, 0</c3></rotation></pose><symmetry><x>twoFold</x><y>cylindrical</y><z>twoFold</z></symmetry><detectionScore>-1.0</detectionScore></element><element><id>21</id><category>stand</category><bounds><corner1>-1.641698646932973, -2.048289015164367, -0.34838366344653315</corner1><corner2>1.641698646932973, 2.048289015164367, 0.34838366344653315</corner2></bounds><pose><translation>-3.0508584844813447, -3.6550517558622415, -0.835122489768058</translation><rotation><c1>0, 0, 0</c1><c2>0, 0, 0</c2><c3>0, 0, 0</c3></rotation></pose><symmetry><x>twoFold</x><y>cylindrical</y><z>twoFold</z></symmetry><detectionScore>-1.0</detectionScore></element><element><id>22</id><category>wall</category><bounds><corner1>-2.270596713799322, -0.9692173049988106, -1.4303174358399</corner1><corner2>2.270596713799322, 0.9692173049988106, 1.4303174358399</corner2></bounds><pose><translation>2.2621453304115695, -4.936480718674112, -0.11761509209655038</translation><rotation><c1>0, 0, 0</c1><c2>0, 0, 0</c2><c3>0, 0, 0</c3></rotation></pose><symmetry><x>twoFold</x><y>cylindrical</y><z>twoFold</z></symmetry><detectionScore>-1.0</detectionScore></element><element><id>23</id><category>sofa</category><bounds><corner1>-8.070442420602806, -0.840506677793905, -0.40612156671668254</corner1><corner2>8.070442420602806, 0.840506677793905, 0.40612156671668254</corner2></bounds><pose><translation>4.554162483022758, -1.9365412783488374, -0.9693747125430572</translation><rotation><c1>0, 0, 0</c1><c2>0, 0, 0</c2><c3>0, 0, 0</c3></rotation></pose><symmetry><x>twoFold</x><y>cylindrical</y><z>twoFold</z></symmetry><detectionScore>-1.0</detectionScore></element><element><id>24</id><category>door</category><bounds><corner1>-5.199918322077227, -0.4254872383871684, -1.4929378014640189</corner1><corner2>5.199918322077227, 0.4254872383871684, 1.4929378014640189</corner2></bounds><pose><translation>3.804332247674296, 1.3262842375081796, -0.46300463425589694</translation><rotation><c1>0, 0, 0</c1><c2>0, 0, 0</c2><c3>0, 0, 0</c3></rotation></pose><symmetry><x>twoFold</x><y>cylindrical</y><z>twoFold</z></symmetry><detectionScore>-1.0</detectionScore></element><element><id>25</id><category>fish_tank</category><bounds><corner1>-0.28980481774171807, -0.5467929931435962, -0.9529564748659084</corner1><corner2>0.28980481774171807, 0.5467929931435962, 0.9529564748659084</corner2></bounds><pose><translation>-3.026683175261143, 1.3577610686804125, -0.9338693427936847</translation><rotation><c1>0, 0, 0</c1><c2>0, 0, 0</c2><c3>0, 0, 0</c3></rotation></pose><symmetry><x>twoFold</x><y>cylindrical</y><z>twoFold</z></symmetry><detectionScore>-1.0</detectionScore></element><element><id>26</id><category>wall</category><bounds><corner1>-0.7802399645434281, -3.105787661278321, -1.4991036345398376</corner1><corner2>0.7802399645434281, 3.105787661278321, 1.4991036345398376</corner2></bounds><pose><translation>4.062951470089462, -4.898306891408551, -0.24428893499431906</translation><rotation><c1>0, 0, 0</c1><c2>0, 0, 0</c2><c3>0, 0, 0</c3></rotation></pose><symmetry><x>twoFold</x><y>cylindrical</y><z>twoFold</z></symmetry><detectionScore>-1.0</detectionScore></element></elements></scene>