<?xml version='1.0' encoding='utf-8'?>
<scene xmlns:sumo="https://www.sumochallenge.org"><version>2.0</version><categories><id>fb_categories_v1.0</id><url>https://sumochallenge.org/en/categories-1_0.json</url></categories><project_type>bounding_box</project_type><elements><element><id>6</id><category>coffee_table</category><bounds><corner1>-0.78995421, -0.21810859, -0.64331414</corner1><corner2>0.78995421, 0.21810859, 0.64331414</corner2></bounds><pose><translation> 3.00312687, -1.05818302,  1.93801914</translation><rotation><c1>1., 0., 0.</c1><c2>0., 1., 0.</c2><c3>0., 0., 1.</c3></rotation></pose><symmetry><x>none</x><y>none</y><z>none</z></symmetry><detectionScore>-1</detectionScore></element><element><id>7</id><category>double_bed</category><bounds><corner1>-2.85255133, -0.43925772, -1.22470532</corner1><corner2>2.85255133, 0.43925772, 1.22470532</corner2></bounds><pose><translation> 4.16607952, -1.01692195, -2.37488072</translation><rotation><c1>1., 0., 0.</c1><c2>0., 1., 0.</c2><c3>0., 0., 1.</c3></rotation></pose><symmetry><x>none</x><y>none</y><z>none</z></symmetry><detectionScore>-1</detectionScore></element><element><id>5</id><category>window</category><bounds><corner1>-0.12071187, -0.97141056, -1.18609938</corner1><corner2>0.12071187, 0.97141056, 1.18609938</corner2></bounds><pose><translation> 7.05214829,  0.04844811, -0.50330635</translation><rotation><c1>1., 0., 0.</c1><c2>0., 1., 0.</c2><c3>0., 0., 1.</c3></rotation></pose><symmetry><x>none</x><y>none</y><z>none</z></symmetry><detectionScore>-1</detectionScore></element><element><id>3</id><category>door</category><bounds><corner1>-0.3846093 , -1.06671132, -1.3539955 </corner1><corner2>0.3846093 , 1.06671132, 1.3539955 </corner2></bounds><pose><translation> 1.21701296, -0.46777282,  2.74584647</translation><rotation><c1>1., 0., 0.</c1><c2>0., 1., 0.</c2><c3>0., 0., 1.</c3></rotation></pose><symmetry><x>none</x><y>none</y><z>none</z></symmetry><detectionScore>-1</detectionScore></element><element><id>9</id><category>window</category><bounds><corner1>-1.19869432, -0.99326196, -0.38206791</corner1><corner2>1.19869432, 0.99326196, 0.38206791</corner2></bounds><pose><translation> 1.18541458,  0.08492231, -3.43426884</translation><rotation><c1>1., 0., 0.</c1><c2>0., 1., 0.</c2><c3>0., 0., 1.</c3></rotation></pose><symmetry><x>none</x><y>none</y><z>none</z></symmetry><detectionScore>-1</detectionScore></element><element><id>10</id><category>wall</category><bounds><corner1>-0.13518506, -1.2226574 , -2.62694712</corner1><corner2>0.13518506, 1.2226574 , 2.62694712</corner2></bounds><pose><translation> 7.005613  , -0.10315689, -0.30901763</translation><rotation><c1>1., 0., 0.</c1><c2>0., 1., 0.</c2><c3>0., 0., 1.</c3></rotation></pose><symmetry><x>none</x><y>none</y><z>none</z></symmetry><detectionScore>-1</detectionScore></element><element><id>4</id><category>door</category><bounds><corner1>-1.52085507, -0.87181063, -0.19713863</corner1><corner2>1.52085507, 0.87181063, 0.19713863</corner2></bounds><pose><translation> 4.30684089, -0.28739681,  2.59083671</translation><rotation><c1>1., 0., 0.</c1><c2>0., 1., 0.</c2><c3>0., 0., 1.</c3></rotation></pose><symmetry><x>none</x><y>none</y><z>none</z></symmetry><detectionScore>-1</detectionScore></element><element><id>2</id><category>stand</category><bounds><corner1>-0.31769351, -0.44711739, -0.15388543</corner1><corner2>0.31769351, 0.44711739, 0.15388543</corner2></bounds><pose><translation>-0.43174774, -1.03116886, -2.83578782</translation><rotation><c1>1., 0., 0.</c1><c2>0., 1., 0.</c2><c3>0., 0., 1.</c3></rotation></pose><symmetry><x>none</x><y>none</y><z>none</z></symmetry><detectionScore>-1</detectionScore></element><element><id>1</id><category>floor_lamp</category><bounds><corner1>-0.31388881, -0.9514757 , -0.05710751</corner1><corner2>0.31388881, 0.9514757 , 0.05710751</corner2></bounds><pose><translation>-0.12368382, -0.86894759,  2.5809325 </translation><rotation><c1>1., 0., 0.</c1><c2>0., 1., 0.</c2><c3>0., 0., 1.</c3></rotation></pose><symmetry><x>none</x><y>none</y><z>none</z></symmetry><detectionScore>-1</detectionScore></element><element><id>8</id><category>window</category><bounds><corner1>-1.70284987, -1.21437917, -0.56485143</corner1><corner2>1.70284987, 1.21437917, 0.56485143</corner2></bounds><pose><translation> 4.26094483, -0.0252495 , -3.11394642</translation><rotation><c1>1., 0., 0.</c1><c2>0., 1., 0.</c2><c3>0., 0., 1.</c3></rotation></pose><symmetry><x>none</x><y>none</y><z>none</z></symmetry><detectionScore>-1</detectionScore></element></elements></scene>