<?xml version='1.0' encoding='utf-8'?>
<scene xmlns:sumo="https://www.sumochallenge.org"><version>2.0</version><categories><id>fb_categories_v1.0</id><url>https://sumochallenge.org/en/categories-1_0.json</url></categories><project_type>bounding_box</project_type><elements><element><id>6</id><category>picture_frame</category><bounds><corner1>-0.05578698, -0.3785752 , -0.50570824</corner1><corner2>0.05578698, 0.3785752 , 0.50570824</corner2></bounds><pose><translation> 2.69606131,  0.33821726, -0.02910008</translation><rotation><c1>1., 0., 0.</c1><c2>0., 1., 0.</c2><c3>0., 0., 1.</c3></rotation></pose><symmetry><x>none</x><y>none</y><z>none</z></symmetry><detectionScore>-1</detectionScore></element><element><id>7</id><category>picture_frame</category><bounds><corner1>-0.0372215 , -0.53340347, -0.53089569</corner1><corner2>0.0372215 , 0.53340347, 0.53089569</corner2></bounds><pose><translation>-2.24006735, -0.0594968 ,  1.0920734 </translation><rotation><c1>1., 0., 0.</c1><c2>0., 1., 0.</c2><c3>0., 0., 1.</c3></rotation></pose><symmetry><x>none</x><y>none</y><z>none</z></symmetry><detectionScore>-1</detectionScore></element><element><id>2</id><category>picture_frame</category><bounds><corner1>-0.03805145, -0.17188697, -0.15270221</corner1><corner2>0.03805145, 0.17188697, 0.15270221</corner2></bounds><pose><translation>-2.21712422,  0.01983784, -1.30076881</translation><rotation><c1>1., 0., 0.</c1><c2>0., 1., 0.</c2><c3>0., 0., 1.</c3></rotation></pose><symmetry><x>none</x><y>none</y><z>none</z></symmetry><detectionScore>-1</detectionScore></element><element><id>3</id><category>wall</category><bounds><corner1>-0.06188352, -1.19387051, -2.03523546</corner1><corner2>0.06188352, 1.19387051, 2.03523546</corner2></bounds><pose><translation> 2.7300497 , -0.09555566, -0.52390919</translation><rotation><c1>1., 0., 0.</c1><c2>0., 1., 0.</c2><c3>0., 0., 1.</c3></rotation></pose><symmetry><x>none</x><y>none</y><z>none</z></symmetry><detectionScore>-1</detectionScore></element><element><id>9</id><category>picture_frame</category><bounds><corner1>-0.03617271, -0.26269285, -0.29638482</corner1><corner2>0.03617271, 0.26269285, 0.29638482</corner2></bounds><pose><translation>-2.23305203,  0.0590232 , -0.30293531</translation><rotation><c1>1., 0., 0.</c1><c2>0., 1., 0.</c2><c3>0., 0., 1.</c3></rotation></pose><symmetry><x>none</x><y>none</y><z>none</z></symmetry><detectionScore>-1</detectionScore></element><element><id>4</id><category>picture_frame</category><bounds><corner1>-0.54592669, -0.41068578, -0.04288112</corner1><corner2>0.54592669, 0.41068578, 0.04288112</corner2></bounds><pose><translation>-1.23388736,  0.24342852, -2.48090076</translation><rotation><c1>1., 0., 0.</c1><c2>0., 1., 0.</c2><c3>0., 0., 1.</c3></rotation></pose><symmetry><x>none</x><y>none</y><z>none</z></symmetry><detectionScore>-1</detectionScore></element><element><id>8</id><category>chair</category><bounds><corner1>-0.96606083, -0.55032668, -0.29391657</corner1><corner2>0.96606083, 0.55032668, 0.29391657</corner2></bounds><pose><translation> 1.774978  , -0.94601933, -0.15288547</translation><rotation><c1>1., 0., 0.</c1><c2>0., 1., 0.</c2><c3>0., 0., 1.</c3></rotation></pose><symmetry><x>none</x><y>none</y><z>none</z></symmetry><detectionScore>-1</detectionScore></element><element><id>1</id><category>plant</category><bounds><corner1>-0.21595788, -0.7939423 , -0.26232427</corner1><corner2>0.21595788, 0.7939423 , 0.26232427</corner2></bounds><pose><translation> 2.56613453, -0.8548248 ,  1.47619055</translation><rotation><c1>1., 0., 0.</c1><c2>0., 1., 0.</c2><c3>0., 0., 1.</c3></rotation></pose><symmetry><x>none</x><y>none</y><z>none</z></symmetry><detectionScore>-1</detectionScore></element></elements></scene>