<?xml version='1.0' encoding='utf-8'?>
<scene xmlns:sumo="https://www.sumochallenge.org"><version>2.0</version><categories><id>fb_categories_v1.0</id><url>https://sumochallenge.org/en/categories-1_0.json</url></categories><project_type>bounding_box</project_type><elements><element><id>13</id><category>chair</category><bounds><corner1> 1.46164657, -0.78464576, -2.2455058 </corner1><corner2> 3.35072152, -0.26765615, -0.88911207</corner2></bounds><pose><translation>0., 0., 0.</translation><rotation><c1>1., 0., 0.</c1><c2>0., 1., 0.</c2><c3>0., 0., 1.</c3></rotation></pose><symmetry><x>none</x><y>none</y><z>none</z></symmetry><detectionScore>-1</detectionScore></element><element><id>9</id><category>refrigerator</category><bounds><corner1>-1.8108256 , -1.35679661, -5.39052712</corner1><corner2>-0.94591309,  0.69196313, -1.85905419</corner2></bounds><pose><translation>0., 0., 0.</translation><rotation><c1>1., 0., 0.</c1><c2>0., 1., 0.</c2><c3>0., 0., 1.</c3></rotation></pose><symmetry><x>none</x><y>none</y><z>none</z></symmetry><detectionScore>-1</detectionScore></element><element><id>18</id><category>water_dispenser</category><bounds><corner1> 0.58200898, -0.75490806, -2.9571367 </corner1><corner2> 3.39364663,  0.06767667, -0.43543213</corner2></bounds><pose><translation>0., 0., 0.</translation><rotation><c1>1., 0., 0.</c1><c2>0., 1., 0.</c2><c3>0., 0., 1.</c3></rotation></pose><symmetry><x>none</x><y>none</y><z>none</z></symmetry><detectionScore>-1</detectionScore></element><element><id>20</id><category>chandelier</category><bounds><corner1> 0.47068269,  1.01660794, -2.60200806</corner1><corner2> 2.0202599 ,  1.31731381, -1.46094471</corner2></bounds><pose><translation>0., 0., 0.</translation><rotation><c1>1., 0., 0.</c1><c2>0., 1., 0.</c2><c3>0., 0., 1.</c3></rotation></pose><symmetry><x>none</x><y>none</y><z>none</z></symmetry><detectionScore>-1</detectionScore></element><element><id>5</id><category>switch</category><bounds><corner1>-0.33729087, -0.2735325 ,  0.96899584</corner1><corner2>-0.26926562, -0.14685646,  1.04800826</corner2></bounds><pose><translation>0., 0., 0.</translation><rotation><c1>1., 0., 0.</c1><c2>0., 1., 0.</c2><c3>0., 0., 1.</c3></rotation></pose><symmetry><x>none</x><y>none</y><z>none</z></symmetry><detectionScore>-1</detectionScore></element><element><id>19</id><category>kitchen_cabinet</category><bounds><corner1>-1.8319553 , -1.32473804, -0.76117081</corner1><corner2>-1.20696324, -0.54708357,  0.02672718</corner2></bounds><pose><translation>0., 0., 0.</translation><rotation><c1>1., 0., 0.</c1><c2>0., 1., 0.</c2><c3>0., 0., 1.</c3></rotation></pose><symmetry><x>none</x><y>none</y><z>none</z></symmetry><detectionScore>-1</detectionScore></element><element><id>17</id><category>switch</category><bounds><corner1>-0.39673629, -0.27433927,  0.96401418</corner1><corner2>-0.30817254, -0.17055903,  1.04701912</corner2></bounds><pose><translation>0., 0., 0.</translation><rotation><c1>1., 0., 0.</c1><c2>0., 1., 0.</c2><c3>0., 0., 1.</c3></rotation></pose><symmetry><x>none</x><y>none</y><z>none</z></symmetry><detectionScore>-1</detectionScore></element><element><id>6</id><category>person</category><bounds><corner1> 0.58594609, -1.35031987, -6.81243453</corner1><corner2> 3.37336176,  0.60860551, -0.71400688</corner2></bounds><pose><translation>0., 0., 0.</translation><rotation><c1>1., 0., 0.</c1><c2>0., 1., 0.</c2><c3>0., 0., 1.</c3></rotation></pose><symmetry><x>none</x><y>none</y><z>none</z></symmetry><detectionScore>-1</detectionScore></element><element><id>12</id><category>chair</category><bounds><corner1> 0.58101162, -0.77858823, -2.28056935</corner1><corner2> 3.39079642, -0.22490242, -0.43139129</corner2></bounds><pose><translation>0., 0., 0.</translation><rotation><c1>1., 0., 0.</c1><c2>0., 1., 0.</c2><c3>0., 0., 1.</c3></rotation></pose><symmetry><x>none</x><y>none</y><z>none</z></symmetry><detectionScore>-1</detectionScore></element><element><id>14</id><category>chair</category><bounds><corner1> 0.86899475, -1.36668594, -0.47906536</corner1><corner2> 3.43021329, -0.32511758,  0.25414191</corner2></bounds><pose><translation>0., 0., 0.</translation><rotation><c1>1., 0., 0.</c1><c2>0., 1., 0.</c2><c3>0., 0., 1.</c3></rotation></pose><symmetry><x>none</x><y>none</y><z>none</z></symmetry><detectionScore>-1</detectionScore></element><element><id>8</id><category>kitchen_cabinet</category><bounds><corner1> 0.58603792, -0.85554288, -6.32215809</corner1><corner2> 3.39070285,  1.18761942, -0.7280157 </corner2></bounds><pose><translation>0., 0., 0.</translation><rotation><c1>1., 0., 0.</c1><c2>0., 1., 0.</c2><c3>0., 0., 1.</c3></rotation></pose><symmetry><x>none</x><y>none</y><z>none</z></symmetry><detectionScore>-1</detectionScore></element><element><id>3</id><category>curtain</category><bounds><corner1>-0.94732713, -1.10825959, -8.20180988</corner1><corner2> 2.40644676,  1.27717318, -1.95009059</corner2></bounds><pose><translation>0., 0., 0.</translation><rotation><c1>1., 0., 0.</c1><c2>0., 1., 0.</c2><c3>0., 0., 1.</c3></rotation></pose><symmetry><x>none</x><y>none</y><z>none</z></symmetry><detectionScore>-1</detectionScore></element><element><id>15</id><category>chair</category><bounds><corner1> 0.97598344, -0.80254787, -1.37204075</corner1><corner2> 3.41803964, -0.22837279, -0.19961034</corner2></bounds><pose><translation>0., 0., 0.</translation><rotation><c1>1., 0., 0.</c1><c2>0., 1., 0.</c2><c3>0., 0., 1.</c3></rotation></pose><symmetry><x>none</x><y>none</y><z>none</z></symmetry><detectionScore>-1</detectionScore></element><element><id>4</id><category>heater</category><bounds><corner1>-1.85510012, -1.34074006,  0.03806234</corner1><corner2>-1.66597998, -0.61752948,  0.95488622</corner2></bounds><pose><translation>0., 0., 0.</translation><rotation><c1>1., 0., 0.</c1><c2>0., 1., 0.</c2><c3>0., 0., 1.</c3></rotation></pose><symmetry><x>none</x><y>none</y><z>none</z></symmetry><detectionScore>-1</detectionScore></element><element><id>7</id><category>chair</category><bounds><corner1> 0.51377754, -1.36813849, -5.9753195 </corner1><corner2> 2.74007128, -0.26084469, -1.46203005</corner2></bounds><pose><translation>0., 0., 0.</translation><rotation><c1>1., 0., 0.</c1><c2>0., 1., 0.</c2><c3>0., 0., 1.</c3></rotation></pose><symmetry><x>none</x><y>none</y><z>none</z></symmetry><detectionScore>-1</detectionScore></element><element><id>16</id><category>wall</category><bounds><corner1>-1.78831978, -1.25919226, -8.18317448</corner1><corner2> 3.25334279,  1.2991633 , -1.7079506 </corner2></bounds><pose><translation>0., 0., 0.</translation><rotation><c1>1., 0., 0.</c1><c2>0., 1., 0.</c2><c3>0., 0., 1.</c3></rotation></pose><symmetry><x>none</x><y>none</y><z>none</z></symmetry><detectionScore>-1</detectionScore></element><element><id>10</id><category>chair</category><bounds><corner1> 0.58169434, -0.90131995, -4.14351877</corner1><corner2> 3.17967683, -0.21803003, -0.66000264</corner2></bounds><pose><translation>0., 0., 0.</translation><rotation><c1>1., 0., 0.</c1><c2>0., 1., 0.</c2><c3>0., 0., 1.</c3></rotation></pose><symmetry><x>none</x><y>none</y><z>none</z></symmetry><detectionScore>-1</detectionScore></element><element><id>21</id><category>chair</category><bounds><corner1> 0.8589968 , -0.76215655, -1.21338312</corner1><corner2> 2.15794596, -0.61448818, -0.18103924</corner2></bounds><pose><translation>0., 0., 0.</translation><rotation><c1>1., 0., 0.</c1><c2>0., 1., 0.</c2><c3>0., 0., 1.</c3></rotation></pose><symmetry><x>none</x><y>none</y><z>none</z></symmetry><detectionScore>-1</detectionScore></element><element><id>1</id><category>range_oven</category><bounds><corner1> 0.59300085, -0.76207663, -2.88731154</corner1><corner2> 3.36311314, -0.21614498, -0.46191884</corner2></bounds><pose><translation>0., 0., 0.</translation><rotation><c1>1., 0., 0.</c1><c2>0., 1., 0.</c2><c3>0., 0., 1.</c3></rotation></pose><symmetry><x>none</x><y>none</y><z>none</z></symmetry><detectionScore>-1</detectionScore></element><element><id>11</id><category>kitchen_cabinet</category><bounds><corner1> 0.56821095, -1.1669597 , -8.10690458</corner1><corner2> 3.3837873 ,  1.29414035, -1.5679571 </corner2></bounds><pose><translation>0., 0., 0.</translation><rotation><c1>1., 0., 0.</c1><c2>0., 1., 0.</c2><c3>0., 0., 1.</c3></rotation></pose><symmetry><x>none</x><y>none</y><z>none</z></symmetry><detectionScore>-1</detectionScore></element><element><id>2</id><category>hanging_kitchen_cabinet</category><bounds><corner1>-1.83498657,  0.1170315 , -0.7390542 </corner1><corner2>-1.48702468,  1.03168974,  0.01583912</corner2></bounds><pose><translation>0., 0., 0.</translation><rotation><c1>1., 0., 0.</c1><c2>0., 1., 0.</c2><c3>0., 0., 1.</c3></rotation></pose><symmetry><x>none</x><y>none</y><z>none</z></symmetry><detectionScore>-1</detectionScore></element></elements></scene>