<?xml version='1.0' encoding='utf-8'?>
<scene xmlns:sumo="https://www.sumochallenge.org"><version>2.0</version><categories><id>fb_categories_v1.0</id><url>https://sumochallenge.org/en/categories-1_0.json</url></categories><project_type>bounding_box</project_type><elements><element><id>11</id><category>door</category><bounds><corner1>-0.74014568, -1.14880764, -4.34014866</corner1><corner2>0.74014568, 1.14880764, 4.34014866</corner2></bounds><pose><translation> 4.30892186, -0.12586197, -6.14819439</translation><rotation><c1>1., 0., 0.</c1><c2>0., 1., 0.</c2><c3>0., 0., 1.</c3></rotation></pose><symmetry><x>none</x><y>none</y><z>none</z></symmetry><detectionScore>-1</detectionScore></element><element><id>6</id><category>curtain</category><bounds><corner1>-0.27629112, -1.31108616, -0.82300765</corner1><corner2>0.27629112, 1.31108616, 0.82300765</corner2></bounds><pose><translation>-1.67039211,  0.0131173 ,  2.53599876</translation><rotation><c1>1., 0., 0.</c1><c2>0., 1., 0.</c2><c3>0., 0., 1.</c3></rotation></pose><symmetry><x>none</x><y>none</y><z>none</z></symmetry><detectionScore>-1</detectionScore></element><element><id>7</id><category>door</category><bounds><corner1>-0.51408411, -1.62572796, -0.9930826 </corner1><corner2>0.51408411, 1.62572796, 0.9930826 </corner2></bounds><pose><translation> 2.838254  , -0.30441411,  6.31504034</translation><rotation><c1>1., 0., 0.</c1><c2>0., 1., 0.</c2><c3>0., 0., 1.</c3></rotation></pose><symmetry><x>none</x><y>none</y><z>none</z></symmetry><detectionScore>-1</detectionScore></element><element><id>5</id><category>chandelier</category><bounds><corner1>-1.34563539, -0.02290974, -0.63508614</corner1><corner2>1.34563539, 0.02290974, 0.63508614</corner2></bounds><pose><translation> 0.90288849,  1.32597549, -1.72705041</translation><rotation><c1>1., 0., 0.</c1><c2>0., 1., 0.</c2><c3>0., 0., 1.</c3></rotation></pose><symmetry><x>none</x><y>none</y><z>none</z></symmetry><detectionScore>-1</detectionScore></element><element><id>3</id><category>wall</category><bounds><corner1>-2.45609007, -1.1765728 , -2.87283281</corner1><corner2>2.45609007, 1.1765728 , 2.87283281</corner2></bounds><pose><translation> 0.72065379,  0.12644269, -5.87380423</translation><rotation><c1>1., 0., 0.</c1><c2>0., 1., 0.</c2><c3>0., 0., 1.</c3></rotation></pose><symmetry><x>none</x><y>none</y><z>none</z></symmetry><detectionScore>-1</detectionScore></element><element><id>9</id><category>door</category><bounds><corner1>-0.79760049, -1.22485279, -3.71643293</corner1><corner2>0.79760049, 1.22485279, 3.71643293</corner2></bounds><pose><translation>-1.18763761, -0.14058651,  4.0151739 </translation><rotation><c1>1., 0., 0.</c1><c2>0., 1., 0.</c2><c3>0., 0., 1.</c3></rotation></pose><symmetry><x>none</x><y>none</y><z>none</z></symmetry><detectionScore>-1</detectionScore></element><element><id>10</id><category>kitchen_cabinet</category><bounds><corner1>-0.34810171, -1.34893152, -0.38548607</corner1><corner2>0.34810171, 1.34893152, 0.38548607</corner2></bounds><pose><translation>-1.42267359, -0.27604056, -3.75375662</translation><rotation><c1>1., 0., 0.</c1><c2>0., 1., 0.</c2><c3>0., 0., 1.</c3></rotation></pose><symmetry><x>none</x><y>none</y><z>none</z></symmetry><detectionScore>-1</detectionScore></element><element><id>4</id><category>fence</category><bounds><corner1>-5.08047511, -0.98061845, -1.10055829</corner1><corner2>5.08047511, 0.98061845, 1.10055829</corner2></bounds><pose><translation> 4.73724618, -0.27987131, -0.10534383</translation><rotation><c1>1., 0., 0.</c1><c2>0., 1., 0.</c2><c3>0., 0., 1.</c3></rotation></pose><symmetry><x>none</x><y>none</y><z>none</z></symmetry><detectionScore>-1</detectionScore></element><element><id>2</id><category>wall</category><bounds><corner1>-1.35021253, -1.25419249, -1.02366239</corner1><corner2>1.35021253, 1.25419249, 1.02366239</corner2></bounds><pose><translation>-0.18198512,  0.06871441,  3.79631527</translation><rotation><c1>1., 0., 0.</c1><c2>0., 1., 0.</c2><c3>0., 0., 1.</c3></rotation></pose><symmetry><x>none</x><y>none</y><z>none</z></symmetry><detectionScore>-1</detectionScore></element><element><id>1</id><category>loudspeaker</category><bounds><corner1>-0.03000523, -1.28865619, -0.54128769</corner1><corner2>0.03000523, 1.28865619, 0.54128769</corner2></bounds><pose><translation>-1.29503481, -0.07374081,  0.78990412</translation><rotation><c1>1., 0., 0.</c1><c2>0., 1., 0.</c2><c3>0., 0., 1.</c3></rotation></pose><symmetry><x>none</x><y>none</y><z>none</z></symmetry><detectionScore>-1</detectionScore></element><element><id>8</id><category>plant</category><bounds><corner1>-0.42958885, -0.54626889, -2.24067435</corner1><corner2>0.42958885, 0.54626889, 2.24067435</corner2></bounds><pose><translation> 0.75052927, -0.96391519,  1.61300865</translation><rotation><c1>1., 0., 0.</c1><c2>0., 1., 0.</c2><c3>0., 0., 1.</c3></rotation></pose><symmetry><x>none</x><y>none</y><z>none</z></symmetry><detectionScore>-1</detectionScore></element></elements></scene>