<?xml version='1.0' encoding='utf-8'?>
<scene xmlns:sumo="https://www.sumochallenge.org"><version>2.0</version><categories><id>fb_categories_v1.0</id><url>https://sumochallenge.org/en/categories-1_0.json</url></categories><project_type>bounding_box</project_type><elements><element><id>4</id><category>wall</category><bounds><corner1>-0.12190009, -1.3377516 , -1.75031745</corner1><corner2>0.12190009, 1.3377516 , 1.75031745</corner2></bounds><pose><translation> 1.72447366, -0.04045703,  2.42899522</translation><rotation><c1>1., 0., 0.</c1><c2>0., 1., 0.</c2><c3>0., 0., 1.</c3></rotation></pose><symmetry><x>none</x><y>twoFold</y><z>none</z></symmetry><detectionScore>0.52422357</detectionScore></element><element><id>1</id><category>wall</category><bounds><corner1>-3.24359845, -1.11406128, -1.36625315</corner1><corner2>3.24359845, 1.11406128, 1.36625315</corner2></bounds><pose><translation>-7.51217664,  0.10941976,  2.85667095</translation><rotation><c1>1., 0., 0.</c1><c2>0., 1., 0.</c2><c3>0., 0., 1.</c3></rotation></pose><symmetry><x>none</x><y>twoFold</y><z>none</z></symmetry><detectionScore>0.80119693</detectionScore></element><element><id>5</id><category>hanging_kitchen_cabinet</category><bounds><corner1>-0.35898834, -0.52941707, -0.02996155</corner1><corner2>0.35898834, 0.52941707, 0.02996155</corner2></bounds><pose><translation>-0.06239855,  0.67928356, -1.75393209</translation><rotation><c1>1., 0., 0.</c1><c2>0., 1., 0.</c2><c3>0., 0., 1.</c3></rotation></pose><symmetry><x>none</x><y>none</y><z>twoFold</z></symmetry><detectionScore>0.9242787</detectionScore></element><element><id>3</id><category>door</category><bounds><corner1>-2.0904958 , -0.74676706, -0.89220476</corner1><corner2>2.0904958 , 0.74676706, 0.89220476</corner2></bounds><pose><translation> 1.8849639 , -0.33583386,  1.65880437</translation><rotation><c1>1., 0., 0.</c1><c2>0., 1., 0.</c2><c3>0., 0., 1.</c3></rotation></pose><symmetry><x>twoFold</x><y>twoFold</y><z>twoFold</z></symmetry><detectionScore>0.6632603</detectionScore></element><element><id>2</id><category>chair</category><bounds><corner1>-0.31588293, -0.40277338, -1.17098848</corner1><corner2>0.31588293, 0.40277338, 1.17098848</corner2></bounds><pose><translation>-0.2480591 , -0.94390067,  1.6789526 </translation><rotation><c1>1., 0., 0.</c1><c2>0., 1., 0.</c2><c3>0., 0., 1.</c3></rotation></pose><symmetry><x>none</x><y>none</y><z>none</z></symmetry><detectionScore>0.95868915</detectionScore></element><element><id>7</id><category>door</category><bounds><corner1>-3.8252254 , -1.00061135, -2.15086039</corner1><corner2>3.8252254 , 1.00061135, 2.15086039</corner2></bounds><pose><translation>-5.90634163, -0.29079041,  4.4237574 </translation><rotation><c1>1., 0., 0.</c1><c2>0., 1., 0.</c2><c3>0., 0., 1.</c3></rotation></pose><symmetry><x>twoFold</x><y>twoFold</y><z>twoFold</z></symmetry><detectionScore>0.70163095</detectionScore></element><element><id>9</id><category>sofa</category><bounds><corner1>-0.39900234, -0.42531679, -2.15746744</corner1><corner2>0.39900234, 0.42531679, 2.15746744</corner2></bounds><pose><translation>-4.24825411, -0.81110577,  2.08625659</translation><rotation><c1>1., 0., 0.</c1><c2>0., 1., 0.</c2><c3>0., 0., 1.</c3></rotation></pose><symmetry><x>none</x><y>none</y><z>none</z></symmetry><detectionScore>0.9618308</detectionScore></element><element><id>8</id><category>wall</category><bounds><corner1>-4.98162374, -1.08429569, -2.42644436</corner1><corner2>4.98162374, 1.08429569, 2.42644436</corner2></bounds><pose><translation> 1.91006054,  0.01288586, -0.3845034 </translation><rotation><c1>1., 0., 0.</c1><c2>0., 1., 0.</c2><c3>0., 0., 1.</c3></rotation></pose><symmetry><x>none</x><y>twoFold</y><z>none</z></symmetry><detectionScore>0.8324214</detectionScore></element><element><id>6</id><category>wall</category><bounds><corner1>-0.94697364, -1.1894275 , -1.33237542</corner1><corner2>0.94697364, 1.1894275 , 1.33237542</corner2></bounds><pose><translation>-8.33798847e+00,  8.16059703e-03,  5.17525126e-01</translation><rotation><c1>1., 0., 0.</c1><c2>0., 1., 0.</c2><c3>0., 0., 1.</c3></rotation></pose><symmetry><x>none</x><y>twoFold</y><z>none</z></symmetry><detectionScore>0.8551978</detectionScore></element></elements></scene>