<?xml version='1.0' encoding='utf-8'?>
<scene xmlns:sumo="https://www.sumochallenge.org"><version>2.0</version><categories><id>fb_categories_v1_0</id><url>https://sumochallenge.org/en/categories-1_0.json</url></categories><project_type>bounding_box</project_type><elements><element><id>0</id><category>stand</category><bounds><corner1>-0.8675714279565252, -0.3840204325121257, -0.3721396611233199</corner1><corner2>0.8675714279565252, 0.3840204325121257, 0.3721396611233199</corner2></bounds><pose><translation>-3.4021784729723334, -1.4074416166509314, -0.23444676270262196</translation><rotation><c1>1, 0, 0</c1><c2>0, 1, 0</c2><c3>0, 0, 1</c3></rotation></pose><symmetry><x>twoFold</x><y>cylindrical</y><z>twoFold</z></symmetry><detectionScore>-1.0</detectionScore></element><element><id>1</id><category>coffee_table</category><bounds><corner1>-1.1077785987637792, -0.5329307162345172, -0.7068697676865252</corner1><corner2>1.1077785987637792, 0.5329307162345172, 0.7068697676865252</corner2></bounds><pose><translation>1.0176204259147799, -0.9939434669218692, -1.8445341538116582</translation><rotation><c1>1, 0, 0</c1><c2>0, 1, 0</c2><c3>0, 0, 1</c3></rotation></pose><symmetry><x>twoFold</x><y>cylindrical</y><z>twoFold</z></symmetry><detectionScore>-1.0</detectionScore></element><element><id>2</id><category>mirror</category><bounds><corner1>-0.5695522729952277, -1.1523191820695424, -0.11125224420700919</corner1><corner2>0.5695522729952277, 1.1523191820695424, 0.11125224420700919</corner2></bounds><pose><translation>-0.07217729862536892, -0.5603193743323748, -3.514020271951491</translation><rotation><c1>1, 0, 0</c1><c2>0, 1, 0</c2><c3>0, 0, 1</c3></rotation></pose><symmetry><x>twoFold</x><y>cylindrical</y><z>twoFold</z></symmetry><detectionScore>-1.0</detectionScore></element><element><id>3</id><category>stand</category><bounds><corner1>-0.5686212110399542, -0.10270016266834214, -0.6667836506666649</corner1><corner2>0.5686212110399542, 0.10270016266834214, 0.6667836506666649</corner2></bounds><pose><translation>-2.765138246506045, -1.0643552645055003, -2.1856383598751807</translation><rotation><c1>1, 0, 0</c1><c2>0, 1, 0</c2><c3>0, 0, 1</c3></rotation></pose><symmetry><x>twoFold</x><y>cylindrical</y><z>twoFold</z></symmetry><detectionScore>-1.0</detectionScore></element><element><id>4</id><category>plant</category><bounds><corner1>-0.7765956830182703, -0.2199831815919262, -0.7804450828850822</corner1><corner2>0.7765956830182703, 0.2199831815919262, 0.7804450828850822</corner2></bounds><pose><translation>-2.071886943895466, -1.2070045300783088, 2.82072286407864</translation><rotation><c1>1, 0, 0</c1><c2>0, 1, 0</c2><c3>0, 0, 1</c3></rotation></pose><symmetry><x>twoFold</x><y>cylindrical</y><z>twoFold</z></symmetry><detectionScore>-1.0</detectionScore></element><element><id>5</id><category>coffee_table</category><bounds><corner1>-0.45812686396039337, -0.20919989697987673, -0.3765756595016405</corner1><corner2>0.45812686396039337, 0.20919989697987673, 0.3765756595016405</corner2></bounds><pose><translation>-1.2032155951008732, -1.2472524801350884, -2.023546429462192</translation><rotation><c1>1, 0, 0</c1><c2>0, 1, 0</c2><c3>0, 0, 1</c3></rotation></pose><symmetry><x>twoFold</x><y>cylindrical</y><z>twoFold</z></symmetry><detectionScore>-1.0</detectionScore></element><element><id>6</id><category>laptop</category><bounds><corner1>-0.700885559218865, -0.25125775234151393, -0.34336581340721795</corner1><corner2>0.700885559218865, 0.25125775234151393, 0.34336581340721795</corner2></bounds><pose><translation>-1.5693623270955077, -1.1785133545927329, -2.2312119703422058</translation><rotation><c1>1, 0, 0</c1><c2>0, 1, 0</c2><c3>0, 0, 1</c3></rotation></pose><symmetry><x>twoFold</x><y>cylindrical</y><z>twoFold</z></symmetry><detectionScore>-1.0</detectionScore></element><element><id>7</id><category>chandelier</category><bounds><corner1>-0.7379103305594619, -0.3892139130232566, -0.7302249166991903</corner1><corner2>0.7379103305594619, 0.3892139130232566, 0.7302249166991903</corner2></bounds><pose><translation>-3.845903533243636, 0.9918012971214851, -2.6723469213412283</translation><rotation><c1>1, 0, 0</c1><c2>0, 1, 0</c2><c3>0, 0, 1</c3></rotation></pose><symmetry><x>twoFold</x><y>cylindrical</y><z>twoFold</z></symmetry><detectionScore>-1.0</detectionScore></element><element><id>8</id><category>chandelier</category><bounds><corner1>-0.5400224860203717, -0.1306322880532076, -0.25931864553397777</corner1><corner2>0.5400224860203717, 0.1306322880532076, 0.25931864553397777</corner2></bounds><pose><translation>0.2348777144341913, 1.428068485958357, -1.7419624482575595</translation><rotation><c1>1, 0, 0</c1><c2>0, 1, 0</c2><c3>0, 0, 1</c3></rotation></pose><symmetry><x>twoFold</x><y>cylindrical</y><z>twoFold</z></symmetry><detectionScore>-1.0</detectionScore></element><element><id>9</id><category>hanger</category><bounds><corner1>-1.2762453439450376, -0.7025139644748877, -1.4070677896486947</corner1><corner2>1.2762453439450376, 0.7025139644748877, 1.4070677896486947</corner2></bounds><pose><translation>-2.4994654091747894, -0.397145973263029, 1.743332058398009</translation><rotation><c1>1, 0, 0</c1><c2>0, 1, 0</c2><c3>0, 0, 1</c3></rotation></pose><symmetry><x>twoFold</x><y>cylindrical</y><z>twoFold</z></symmetry><detectionScore>-1.0</detectionScore></element><element><id>10</id><category>wall</category><bounds><corner1>-1.776687362669539, -1.5660503393010903, -2.0810219698584396</corner1><corner2>1.776687362669539, 1.5660503393010903, 2.0810219698584396</corner2></bounds><pose><translation>0.8542175012643065, -0.1618635422147384, -3.5163839463190993</translation><rotation><c1>1, 0, 0</c1><c2>0, 1, 0</c2><c3>0, 0, 1</c3></rotation></pose><symmetry><x>twoFold</x><y>cylindrical</y><z>twoFold</z></symmetry><detectionScore>-1.0</detectionScore></element><element><id>11</id><category>chandelier</category><bounds><corner1>-0.21679464768012924, -0.14575833052620557, -0.22289342285714087</corner1><corner2>0.21679464768012924, 0.14575833052620557, 0.22289342285714087</corner2></bounds><pose><translation>-1.3213187131874145, 1.3670021636028662, -1.714937809588463</translation><rotation><c1>1, 0, 0</c1><c2>0, 1, 0</c2><c3>0, 0, 1</c3></rotation></pose><symmetry><x>twoFold</x><y>cylindrical</y><z>twoFold</z></symmetry><detectionScore>-1.0</detectionScore></element><element><id>12</id><category>hanger</category><bounds><corner1>-0.4262493721424834, -0.9170863280830959, -0.49613905384645995</corner1><corner2>0.4262493721424834, 0.9170863280830959, 0.49613905384645995</corner2></bounds><pose><translation>2.504599512075846, -0.9096800731509515, 0.1450352772213204</translation><rotation><c1>1, 0, 0</c1><c2>0, 1, 0</c2><c3>0, 0, 1</c3></rotation></pose><symmetry><x>twoFold</x><y>cylindrical</y><z>twoFold</z></symmetry><detectionScore>-1.0</detectionScore></element><element><id>13</id><category>plant</category><bounds><corner1>-0.5259979435155628, -0.8529079231315448, -0.6537412562361522</corner1><corner2>0.5259979435155628, 0.8529079231315448, 0.6537412562361522</corner2></bounds><pose><translation>2.351433361662104, -0.8111103231968958, -1.308686569196073</translation><rotation><c1>1, 0, 0</c1><c2>0, 1, 0</c2><c3>0, 0, 1</c3></rotation></pose><symmetry><x>twoFold</x><y>cylindrical</y><z>twoFold</z></symmetry><detectionScore>-1.0</detectionScore></element><element><id>14</id><category>shelving</category><bounds><corner1>-0.05196574735062287, -0.050382560027286916, -0.01813947440620356</corner1><corner2>0.05196574735062287, 0.050382560027286916, 0.01813947440620356</corner2></bounds><pose><translation>0.14976448047046131, 0.3647344825074689, 0.9899713742487881</translation><rotation><c1>1, 0, 0</c1><c2>0, 1, 0</c2><c3>0, 0, 1</c3></rotation></pose><symmetry><x>twoFold</x><y>cylindrical</y><z>twoFold</z></symmetry><detectionScore>-1.0</detectionScore></element><element><id>15</id><category>floor</category><bounds><corner1>-2.1353242348210264, -0.45768135341722316, -1.3482850133559627</corner1><corner2>2.1353242348210264, 0.45768135341722316, 1.3482850133559627</corner2></bounds><pose><translation>0.318466131118919, -1.1086742037901158, -3.5287928560096105</translation><rotation><c1>1, 0, 0</c1><c2>0, 1, 0</c2><c3>0, 0, 1</c3></rotation></pose><symmetry><x>twoFold</x><y>cylindrical</y><z>twoFold</z></symmetry><detectionScore>-1.0</detectionScore></element><element><id>16</id><category>hanging_kitchen_cabinet</category><bounds><corner1>-0.15820596672234966, -0.9136148639419367, -0.34810418302555357</corner1><corner2>0.15820596672234966, 0.9136148639419367, 0.34810418302555357</corner2></bounds><pose><translation>-0.555247831523677, 0.5718024192466958, -1.540591088522382</translation><rotation><c1>1, 0, 0</c1><c2>0, 1, 0</c2><c3>0, 0, 1</c3></rotation></pose><symmetry><x>twoFold</x><y>cylindrical</y><z>twoFold</z></symmetry><detectionScore>-1.0</detectionScore></element><element><id>17</id><category>whiteboard</category><bounds><corner1>-1.5327770160775565, -0.6446954449871976, -0.4973287851450856</corner1><corner2>1.5327770160775565, 0.6446954449871976, 0.4973287851450856</corner2></bounds><pose><translation>1.086193034138987, -0.9242840157864483, -1.625792258850445</translation><rotation><c1>1, 0, 0</c1><c2>0, 1, 0</c2><c3>0, 0, 1</c3></rotation></pose><symmetry><x>twoFold</x><y>cylindrical</y><z>twoFold</z></symmetry><detectionScore>-1.0</detectionScore></element><element><id>18</id><category>computer</category><bounds><corner1>-1.576723094361792, -0.5794788769618908, -0.3891919353547062</corner1><corner2>1.576723094361792, 0.5794788769618908, 0.3891919353547062</corner2></bounds><pose><translation>1.0977260786712555, -0.8634684526977453, -1.6032467433159354</translation><rotation><c1>1, 0, 0</c1><c2>0, 1, 0</c2><c3>0, 0, 1</c3></rotation></pose><symmetry><x>twoFold</x><y>cylindrical</y><z>twoFold</z></symmetry><detectionScore>-1.0</detectionScore></element><element><id>19</id><category>shelving</category><bounds><corner1>-1.6591161313904732, -0.9739332414769173, -0.2928705013584101</corner1><corner2>1.6591161313904732, 0.9739332414769173, 0.2928705013584101</corner2></bounds><pose><translation>-3.833016380124439, -0.7148592763204004, 2.6831783603269495</translation><rotation><c1>1, 0, 0</c1><c2>0, 1, 0</c2><c3>0, 0, 1</c3></rotation></pose><symmetry><x>twoFold</x><y>cylindrical</y><z>twoFold</z></symmetry><detectionScore>-1.0</detectionScore></element><element><id>20</id><category>shelving</category><bounds><corner1>-1.3761344621669447, -0.7447533538400735, -0.9715857793408236</corner1><corner2>1.3761344621669447, 0.7447533538400735, 0.9715857793408236</corner2></bounds><pose><translation>-2.6007320979325885, -0.4862626554110263, 1.7640420712632303</translation><rotation><c1>1, 0, 0</c1><c2>0, 1, 0</c2><c3>0, 0, 1</c3></rotation></pose><symmetry><x>twoFold</x><y>cylindrical</y><z>twoFold</z></symmetry><detectionScore>-1.0</detectionScore></element><element><id>21</id><category>wall</category><bounds><corner1>-0.8006319308248833, -1.4230681263193914, -2.688962128353351</corner1><corner2>0.8006319308248833, 1.4230681263193914, 2.688962128353351</corner2></bounds><pose><translation>-2.02676664312565, -0.05811908598461337, 0.7741470133298483</translation><rotation><c1>1, 0, 0</c1><c2>0, 1, 0</c2><c3>0, 0, 1</c3></rotation></pose><symmetry><x>twoFold</x><y>cylindrical</y><z>twoFold</z></symmetry><detectionScore>-1.0</detectionScore></element><element><id>22</id><category>wall</category><bounds><corner1>-1.1312127054847256, -1.5100462708391613, -1.6534820419142564</corner1><corner2>1.1312127054847256, 1.5100462708391613, 1.6534820419142564</corner2></bounds><pose><translation>-1.7029948750432133, -0.15727133817867536, -2.7885596570871187</translation><rotation><c1>1, 0, 0</c1><c2>0, 1, 0</c2><c3>0, 0, 1</c3></rotation></pose><symmetry><x>twoFold</x><y>cylindrical</y><z>twoFold</z></symmetry><detectionScore>-1.0</detectionScore></element><element><id>23</id><category>shelving</category><bounds><corner1>-1.2493051305414589, -0.6815313754023301, -1.4591031706491908</corner1><corner2>1.2493051305414589, 0.6815313754023301, 1.4591031706491908</corner2></bounds><pose><translation>-2.474859589917942, -0.37616338419047146, 1.6912966773975129</translation><rotation><c1>1, 0, 0</c1><c2>0, 1, 0</c2><c3>0, 0, 1</c3></rotation></pose><symmetry><x>twoFold</x><y>cylindrical</y><z>twoFold</z></symmetry><detectionScore>-1.0</detectionScore></element><element><id>24</id><category>shelving</category><bounds><corner1>-0.38519889722111644, -0.9235304461993561, -0.9651322749061853</corner1><corner2>0.38519889722111644, 0.9235304461993561, 0.9651322749061853</corner2></bounds><pose><translation>2.545649986997213, -0.8577705005334215, -0.3672524805377994</translation><rotation><c1>1, 0, 0</c1><c2>0, 1, 0</c2><c3>0, 0, 1</c3></rotation></pose><symmetry><x>twoFold</x><y>cylindrical</y><z>twoFold</z></symmetry><detectionScore>-1.0</detectionScore></element><element><id>25</id><category>door</category><bounds><corner1>-1.1634912834432631, -1.337420908891148, -2.0074442579428817</corner1><corner2>1.1634912834432631, 1.337420908891148, 2.0074442579428817</corner2></bounds><pose><translation>1.4156548928302901, -0.39683637294234564, -3.4992060048552234</translation><rotation><c1>1, 0, 0</c1><c2>0, 1, 0</c2><c3>0, 0, 1</c3></rotation></pose><symmetry><x>twoFold</x><y>cylindrical</y><z>twoFold</z></symmetry><detectionScore>-1.0</detectionScore></element><element><id>26</id><category>pedestal_fan</category><bounds><corner1>-1.0063376520403342, -0.6408996234185121, -0.6303419511132383</corner1><corner2>1.0063376520403342, 0.6408996234185121, 0.6303419511132383</corner2></bounds><pose><translation>1.8630807489228467, -0.9515914107097123, -1.3027898610720068</translation><rotation><c1>1, 0, 0</c1><c2>0, 1, 0</c2><c3>0, 0, 1</c3></rotation></pose><symmetry><x>twoFold</x><y>cylindrical</y><z>twoFold</z></symmetry><detectionScore>-1.0</detectionScore></element><element><id>27</id><category>stand</category><bounds><corner1>-0.4792479796328142, -0.2342851352510369, -0.4213888893737203</corner1><corner2>0.4792479796328142, 0.2342851352510369, 0.4213888893737203</corner2></bounds><pose><translation>-1.2264046722271618, -1.2565164155970672, -1.94206411035087</translation><rotation><c1>1, 0, 0</c1><c2>0, 1, 0</c2><c3>0, 0, 1</c3></rotation></pose><symmetry><x>twoFold</x><y>cylindrical</y><z>twoFold</z></symmetry><detectionScore>-1.0</detectionScore></element><element><id>28</id><category>hanger</category><bounds><corner1>-1.3734312935228563, -0.7687056495726075, -0.9752818875115155</corner1><corner2>1.3734312935228563, 0.7687056495726075, 0.9752818875115155</corner2></bounds><pose><translation>-2.596651358752608, -0.4940521989710907, 1.7603459630925384</translation><rotation><c1>1, 0, 0</c1><c2>0, 1, 0</c2><c3>0, 0, 1</c3></rotation></pose><symmetry><x>twoFold</x><y>cylindrical</y><z>twoFold</z></symmetry><detectionScore>-1.0</detectionScore></element><element><id>29</id><category>armchair</category><bounds><corner1>-1.5136355112616, -0.6405554668730049, -0.42190596454113893</corner1><corner2>1.5136355112616, 0.6405554668730049, 0.42190596454113893</corner2></bounds><pose><translation>1.0818403323690737, -0.9363365508885968, -1.6006980219598568</translation><rotation><c1>1, 0, 0</c1><c2>0, 1, 0</c2><c3>0, 0, 1</c3></rotation></pose><symmetry><x>twoFold</x><y>cylindrical</y><z>twoFold</z></symmetry><detectionScore>-1.0</detectionScore></element><element><id>30</id><category>sofa</category><bounds><corner1>-1.1708950179104631, -0.5705529008033268, -0.7851517544692288</corner1><corner2>1.1708950179104631, 0.5705529008033268, 0.7851517544692288</corner2></bounds><pose><translation>-0.8870083902483276, -1.2265232423140564, 2.9008900719163293</translation><rotation><c1>1, 0, 0</c1><c2>0, 1, 0</c2><c3>0, 0, 1</c3></rotation></pose><symmetry><x>twoFold</x><y>cylindrical</y><z>twoFold</z></symmetry><detectionScore>-1.0</detectionScore></element><element><id>31</id><category>wall</category><bounds><corner1>-1.5562539859320332, -1.5240281924353414, -1.786216042988298</corner1><corner2>1.5562539859320332, 1.5240281924353414, 1.786216042988298</corner2></bounds><pose><translation>-3.9017422490278935, -0.1348587981018688, -1.186325202830878</translation><rotation><c1>1, 0, 0</c1><c2>0, 1, 0</c2><c3>0, 0, 1</c3></rotation></pose><symmetry><x>twoFold</x><y>cylindrical</y><z>twoFold</z></symmetry><detectionScore>-1.0</detectionScore></element><element><id>32</id><category>wall</category><bounds><corner1>-0.15945942687939618, -0.5579325382136159, -0.5274241536085145</corner1><corner2>0.15945942687939618, 0.5579325382136159, 0.5274241536085145</corner2></bounds><pose><translation>-0.6976674057862581, 0.9626129500855453, -1.5993104352924836</translation><rotation><c1>1, 0, 0</c1><c2>0, 1, 0</c2><c3>0, 0, 1</c3></rotation></pose><symmetry><x>twoFold</x><y>cylindrical</y><z>twoFold</z></symmetry><detectionScore>-1.0</detectionScore></element><element><id>33</id><category>chair</category><bounds><corner1>-1.1172717512474377, -0.6097983143893144, -0.6532267689750479</corner1><corner2>1.1172717512474377, 0.6097983143893144, 0.6532267689750479</corner2></bounds><pose><translation>1.0449638521689004, -0.9856694132237186, -1.7639139227000429</translation><rotation><c1>1, 0, 0</c1><c2>0, 1, 0</c2><c3>0, 0, 1</c3></rotation></pose><symmetry><x>twoFold</x><y>cylindrical</y><z>twoFold</z></symmetry><detectionScore>-1.0</detectionScore></element><element><id>34</id><category>shelving</category><bounds><corner1>-1.8466276538415822, -1.2874674485609567, -1.6859272434407702</corner1><corner2>1.8466276538415822, 1.2874674485609567, 1.6859272434407702</corner2></bounds><pose><translation>-3.5161088797485247, -0.49070746502585444, -4.075993686118772</translation><rotation><c1>1, 0, 0</c1><c2>0, 1, 0</c2><c3>0, 0, 1</c3></rotation></pose><symmetry><x>twoFold</x><y>cylindrical</y><z>twoFold</z></symmetry><detectionScore>-1.0</detectionScore></element><element><id>35</id><category>bookshelf</category><bounds><corner1>-1.8781203094278325, -1.333979953835415, -1.7392826342872683</corner1><corner2>1.8781203094278325, 1.333979953835415, 1.7392826342872683</corner2></bounds><pose><translation>-3.5234263816747484, -0.49283715257382, -4.078083702187238</translation><rotation><c1>1, 0, 0</c1><c2>0, 1, 0</c2><c3>0, 0, 1</c3></rotation></pose><symmetry><x>twoFold</x><y>cylindrical</y><z>twoFold</z></symmetry><detectionScore>-1.0</detectionScore></element></elements></scene>