<?xml version='1.0' encoding='utf-8'?>
<scene xmlns:sumo="https://www.sumochallenge.org"><version>2.0</version><categories><id>fb_categories_v1_0</id><url>https://sumochallenge.org/en/categories-1_0.json</url></categories><project_type>bounding_box</project_type><elements><element><id>0</id><category>floor</category><bounds><corner1>-1.0917397539718423, -0.4075878818768033, -5.075313246862534</corner1><corner2>1.0917397539718423, 0.4075878818768033, 5.075313246862534</corner2></bounds><pose><translation>-0.40167032882212683, -1.0007806834193875, 4.157673190412599</translation><rotation><c1>1, 0, 0</c1><c2>0, 1, 0</c2><c3>0, 0, 1</c3></rotation></pose><symmetry><x>twoFold</x><y>cylindrical</y><z>twoFold</z></symmetry><detectionScore>-1.0</detectionScore></element><element><id>1</id><category>floor</category><bounds><corner1>-0.9142548993761069, -0.4100075127687849, -2.4843860003202343</corner1><corner2>0.9142548993761069, 0.4100075127687849, 2.4843860003202343</corner2></bounds><pose><translation>0.29061575337281076, -1.376120431105548, 4.160841002638464</translation><rotation><c1>1, 0, 0</c1><c2>0, 1, 0</c2><c3>0, 0, 1</c3></rotation></pose><symmetry><x>twoFold</x><y>cylindrical</y><z>twoFold</z></symmetry><detectionScore>-1.0</detectionScore></element><element><id>2</id><category>wall</category><bounds><corner1>-0.6342734471390536, -1.5111757269394768, -4.948333873364315</corner1><corner2>0.6342734471390536, 1.5111757269394768, 4.948333873364315</corner2></bounds><pose><translation>0.9048195512348345, -0.13410865196642907, 4.144280405507426</translation><rotation><c1>1, 0, 0</c1><c2>0, 1, 0</c2><c3>0, 0, 1</c3></rotation></pose><symmetry><x>twoFold</x><y>cylindrical</y><z>twoFold</z></symmetry><detectionScore>-1.0</detectionScore></element><element><id>3</id><category>door</category><bounds><corner1>-0.12056991129875883, -1.5834663523702102, -0.7779459214484286</corner1><corner2>0.12056991129875883, 1.5834663523702102, 0.7779459214484286</corner2></bounds><pose><translation>1.392713720658509, -0.34798341251429576, 2.8093002818339494</translation><rotation><c1>1, 0, 0</c1><c2>0, 1, 0</c2><c3>0, 0, 1</c3></rotation></pose><symmetry><x>twoFold</x><y>cylindrical</y><z>twoFold</z></symmetry><detectionScore>-1.0</detectionScore></element><element><id>4</id><category>shelving</category><bounds><corner1>-0.5982406646021947, -1.0073018480062956, -1.0622792709442512</corner1><corner2>0.5982406646021947, 1.0073018480062956, 1.0622792709442512</corner2></bounds><pose><translation>-4.146364645596701, 0.15128798986143477, 1.4457890638236424</translation><rotation><c1>1, 0, 0</c1><c2>0, 1, 0</c2><c3>0, 0, 1</c3></rotation></pose><symmetry><x>twoFold</x><y>cylindrical</y><z>twoFold</z></symmetry><detectionScore>-1.0</detectionScore></element><element><id>5</id><category>curtain</category><bounds><corner1>-0.14353153554285614, -1.653045653737198, -0.918540995720476</corner1><corner2>0.14353153554285614, 1.653045653737198, 0.918540995720476</corner2></bounds><pose><translation>1.3765360980242793, -0.20532429664854704, 2.6632047538793877</translation><rotation><c1>1, 0, 0</c1><c2>0, 1, 0</c2><c3>0, 0, 1</c3></rotation></pose><symmetry><x>twoFold</x><y>cylindrical</y><z>twoFold</z></symmetry><detectionScore>-1.0</detectionScore></element><element><id>6</id><category>shelving</category><bounds><corner1>-0.6413548890336624, -1.0651634999086075, -0.7971110244842099</corner1><corner2>0.6413548890336624, 1.0651634999086075, 0.7971110244842099</corner2></bounds><pose><translation>-4.212452313854225, -0.7601116407687318, -0.3011837877077645</translation><rotation><c1>1, 0, 0</c1><c2>0, 1, 0</c2><c3>0, 0, 1</c3></rotation></pose><symmetry><x>twoFold</x><y>cylindrical</y><z>twoFold</z></symmetry><detectionScore>-1.0</detectionScore></element><element><id>7</id><category>loudspeaker</category><bounds><corner1>-0.6263431998758155, -0.5372897606046281, -0.3274016969074285</corner1><corner2>0.6263431998758155, 0.5372897606046281, 0.3274016969074285</corner2></bounds><pose><translation>-2.49243994446871, -1.0975288948293422, -1.285073829017421</translation><rotation><c1>1, 0, 0</c1><c2>0, 1, 0</c2><c3>0, 0, 1</c3></rotation></pose><symmetry><x>twoFold</x><y>cylindrical</y><z>twoFold</z></symmetry><detectionScore>-1.0</detectionScore></element><element><id>8</id><category>loudspeaker</category><bounds><corner1>-0.23837943813089546, -0.2947461593657973, -0.15944591754135362</corner1><corner2>0.23837943813089546, 0.2947461593657973, 0.15944591754135362</corner2></bounds><pose><translation>-0.9495860758331919, -0.9180272455922939, -1.45207136819783</translation><rotation><c1>1, 0, 0</c1><c2>0, 1, 0</c2><c3>0, 0, 1</c3></rotation></pose><symmetry><x>twoFold</x><y>cylindrical</y><z>twoFold</z></symmetry><detectionScore>-1.0</detectionScore></element><element><id>9</id><category>rug</category><bounds><corner1>-1.0766212650780278, -0.38390705763034183, -5.073752465681745</corner1><corner2>1.0766212650780278, 0.38390705763034183, 5.073752465681745</corner2></bounds><pose><translation>-0.39319216794967493, -1.0078302362425071, 4.15731252736716</translation><rotation><c1>1, 0, 0</c1><c2>0, 1, 0</c2><c3>0, 0, 1</c3></rotation></pose><symmetry><x>twoFold</x><y>cylindrical</y><z>twoFold</z></symmetry><detectionScore>-1.0</detectionScore></element><element><id>10</id><category>loudspeaker</category><bounds><corner1>-0.2523213217725939, -0.07254342434069494, -0.2911904719327558</corner1><corner2>0.2523213217725939, 0.07254342434069494, 0.2911904719327558</corner2></bounds><pose><translation>-0.9911659249311929, -0.6962698323138613, -1.6246942987768447</translation><rotation><c1>1, 0, 0</c1><c2>0, 1, 0</c2><c3>0, 0, 1</c3></rotation></pose><symmetry><x>twoFold</x><y>cylindrical</y><z>twoFold</z></symmetry><detectionScore>-1.0</detectionScore></element><element><id>11</id><category>wall</category><bounds><corner1>-1.6505768518256367, -1.5510724000028024, -3.0509024167524137</corner1><corner2>1.6505768518256367, 1.5510724000028024, 3.0509024167524137</corner2></bounds><pose><translation>-4.142555716915982, -0.18001756104090047, 1.027416194036408</translation><rotation><c1>1, 0, 0</c1><c2>0, 1, 0</c2><c3>0, 0, 1</c3></rotation></pose><symmetry><x>twoFold</x><y>cylindrical</y><z>twoFold</z></symmetry><detectionScore>-1.0</detectionScore></element><element><id>12</id><category>wall</category><bounds><corner1>-2.1029302529783322, -1.4530563339120464, -5.096026523900363</corner1><corner2>2.1029302529783322, 1.4530563339120464, 5.096026523900363</corner2></bounds><pose><translation>-0.5638372546044441, -0.13981259128017504, 4.146181020349985</translation><rotation><c1>1, 0, 0</c1><c2>0, 1, 0</c2><c3>0, 0, 1</c3></rotation></pose><symmetry><x>twoFold</x><y>cylindrical</y><z>twoFold</z></symmetry><detectionScore>-1.0</detectionScore></element><element><id>13</id><category>door</category><bounds><corner1>-0.9307353391485724, -1.8197463337839257, -4.897960285896381</corner1><corner2>0.9307353391485724, 1.8197463337839257, 4.897960285896381</corner2></bounds><pose><translation>0.6083576592253157, -0.5345111594527765, 4.344247258353968</translation><rotation><c1>1, 0, 0</c1><c2>0, 1, 0</c2><c3>0, 0, 1</c3></rotation></pose><symmetry><x>twoFold</x><y>cylindrical</y><z>twoFold</z></symmetry><detectionScore>-1.0</detectionScore></element><element><id>14</id><category>mirror</category><bounds><corner1>-0.2294932348980585, -0.6929030040641907, -1.3348491539217302</corner1><corner2>0.2294932348980585, 0.6929030040641907, 1.3348491539217302</corner2></bounds><pose><translation>-3.3461856880959897, -1.0243200342227659, 2.7475776209191145</translation><rotation><c1>1, 0, 0</c1><c2>0, 1, 0</c2><c3>0, 0, 1</c3></rotation></pose><symmetry><x>twoFold</x><y>cylindrical</y><z>twoFold</z></symmetry><detectionScore>-1.0</detectionScore></element><element><id>15</id><category>wall</category><bounds><corner1>-0.2257310826421315, -1.5816287768407982, -0.6589761632360314</corner1><corner2>0.2257310826421315, 1.5816287768407982, 0.6589761632360314</corner2></bounds><pose><translation>1.2640108962493417, -0.13526854231560403, 2.9471066620310093</translation><rotation><c1>1, 0, 0</c1><c2>0, 1, 0</c2><c3>0, 0, 1</c3></rotation></pose><symmetry><x>twoFold</x><y>cylindrical</y><z>twoFold</z></symmetry><detectionScore>-1.0</detectionScore></element></elements></scene>