<?xml version='1.0' encoding='utf-8'?>
<scene xmlns:sumo="https://www.sumochallenge.org"><version>2.0</version><categories><id>fb_categories_v1.0</id><url>https://sumochallenge.org/en/categories-1_0.json</url></categories><project_type>bounding_box</project_type><elements><element><id>12</id><category>rug</category><bounds><corner1>-1.05295845, -0.02749179, -0.47409822</corner1><corner2>1.05295845, 0.02749179, 0.47409822</corner2></bounds><pose><translation>-1.95977094, -1.3033748 , -3.45533312</translation><rotation><c1>1., 0., 0.</c1><c2>0., 1., 0.</c2><c3>0., 0., 1.</c3></rotation></pose><symmetry><x>none</x><y>none</y><z>none</z></symmetry><detectionScore>-1</detectionScore></element><element><id>11</id><category>arch</category><bounds><corner1>-1.94468171, -1.21756099, -1.78832566</corner1><corner2>1.94468171, 1.21756099, 1.78832566</corner2></bounds><pose><translation>-6.27000186, -0.25136904, -7.44451158</translation><rotation><c1>1., 0., 0.</c1><c2>0., 1., 0.</c2><c3>0., 0., 1.</c3></rotation></pose><symmetry><x>none</x><y>none</y><z>none</z></symmetry><detectionScore>-1</detectionScore></element><element><id>6</id><category>picture_frame</category><bounds><corner1>-0.01969423, -0.57985683, -0.47905847</corner1><corner2>0.01969423, 0.57985683, 0.47905847</corner2></bounds><pose><translation>0.79967948, 0.60988928, 1.77292095</translation><rotation><c1>1., 0., 0.</c1><c2>0., 1., 0.</c2><c3>0., 0., 1.</c3></rotation></pose><symmetry><x>none</x><y>none</y><z>none</z></symmetry><detectionScore>-1</detectionScore></element><element><id>7</id><category>door</category><bounds><corner1>-1.27706938, -1.0037885 , -0.57970621</corner1><corner2>1.27706938, 1.0037885 , 0.57970621</corner2></bounds><pose><translation> 0.98702063, -0.01225148, -0.18555424</translation><rotation><c1>1., 0., 0.</c1><c2>0., 1., 0.</c2><c3>0., 0., 1.</c3></rotation></pose><symmetry><x>none</x><y>none</y><z>none</z></symmetry><detectionScore>-1</detectionScore></element><element><id>3</id><category>wall</category><bounds><corner1>-3.13321534, -1.18643368, -5.04610992</corner1><corner2>3.13321534, 1.18643368, 5.04610992</corner2></bounds><pose><translation>-1.14356786, -0.10746863, -5.66110015</translation><rotation><c1>1., 0., 0.</c1><c2>0., 1., 0.</c2><c3>0., 0., 1.</c3></rotation></pose><symmetry><x>none</x><y>none</y><z>none</z></symmetry><detectionScore>-1</detectionScore></element><element><id>5</id><category>fireplace</category><bounds><corner1>-1.02507194, -1.30677715, -0.28615685</corner1><corner2>1.02507194, 1.30677715, 0.28615685</corner2></bounds><pose><translation>-1.88915337, -0.13312714, -5.24427168</translation><rotation><c1>1., 0., 0.</c1><c2>0., 1., 0.</c2><c3>0., 0., 1.</c3></rotation></pose><symmetry><x>none</x><y>none</y><z>none</z></symmetry><detectionScore>-1</detectionScore></element><element><id>9</id><category>wall</category><bounds><corner1>-0.03501548, -0.88819788, -2.38367481</corner1><corner2>0.03501548, 0.88819788, 2.38367481</corner2></bounds><pose><translation>-1.27203788, -0.04028293, -0.04606913</translation><rotation><c1>1., 0., 0.</c1><c2>0., 1., 0.</c2><c3>0., 0., 1.</c3></rotation></pose><symmetry><x>none</x><y>none</y><z>none</z></symmetry><detectionScore>-1</detectionScore></element><element><id>4</id><category>chandelier</category><bounds><corner1>-0.26485916, -0.02166627, -0.87615393</corner1><corner2>0.26485916, 0.02166627, 0.87615393</corner2></bounds><pose><translation>-0.46651316,  1.18565055,  1.45199445</translation><rotation><c1>1., 0., 0.</c1><c2>0., 1., 0.</c2><c3>0., 0., 1.</c3></rotation></pose><symmetry><x>none</x><y>none</y><z>none</z></symmetry><detectionScore>-1</detectionScore></element><element><id>8</id><category>picture_frame</category><bounds><corner1>-0.02202143, -0.20914435, -0.22355004</corner1><corner2>0.02202143, 0.20914435, 0.22355004</corner2></bounds><pose><translation>-1.24502315,  0.30929461, -0.26806575</translation><rotation><c1>1., 0., 0.</c1><c2>0., 1., 0.</c2><c3>0., 0., 1.</c3></rotation></pose><symmetry><x>none</x><y>none</y><z>none</z></symmetry><detectionScore>-1</detectionScore></element><element><id>1</id><category>wall</category><bounds><corner1>-0.92764816, -0.81794089, -5.13050529</corner1><corner2>0.92764816, 0.81794089, 5.13050529</corner2></bounds><pose><translation> 1.23160002, -0.02040988, -5.69251393</translation><rotation><c1>1., 0., 0.</c1><c2>0., 1., 0.</c2><c3>0., 0., 1.</c3></rotation></pose><symmetry><x>none</x><y>none</y><z>none</z></symmetry><detectionScore>-1</detectionScore></element><element><id>10</id><category>door</category><bounds><corner1>-0.55894271, -1.09258976, -1.02224832</corner1><corner2>0.55894271, 1.09258976, 1.02224832</corner2></bounds><pose><translation>-0.71379298, -0.40739097,  2.69184319</translation><rotation><c1>1., 0., 0.</c1><c2>0., 1., 0.</c2><c3>0., 0., 1.</c3></rotation></pose><symmetry><x>none</x><y>none</y><z>none</z></symmetry><detectionScore>-1</detectionScore></element></elements></scene>