<?xml version='1.0' encoding='utf-8'?>
<scene xmlns:sumo="https://www.sumochallenge.org"><version>2.0</version><categories><id>fb_categories_v1.0</id><url>https://sumochallenge.org/en/categories-1_0.json</url></categories><project_type>bounding_box</project_type><elements><element><id>6</id><category>dishwasher</category><bounds><corner1>-0.41568678, -0.02452363, -0.0850011 </corner1><corner2>0.41568678, 0.02452363, 0.0850011 </corner2></bounds><pose><translation> 0.38315639, -0.64346756, -0.90601641</translation><rotation><c1>1., 0., 0.</c1><c2>0., 1., 0.</c2><c3>0., 0., 1.</c3></rotation></pose><symmetry><x>none</x><y>none</y><z>none</z></symmetry><detectionScore>-1</detectionScore></element><element><id>7</id><category>hanging_kitchen_cabinet</category><bounds><corner1>-0.24896418, -0.31728697, -0.02104594</corner1><corner2>0.24896418, 0.31728697, 0.02104594</corner2></bounds><pose><translation>-0.74283495,  0.30125646, -1.13203421</translation><rotation><c1>1., 0., 0.</c1><c2>0., 1., 0.</c2><c3>0., 0., 1.</c3></rotation></pose><symmetry><x>none</x><y>none</y><z>none</z></symmetry><detectionScore>-1</detectionScore></element><element><id>5</id><category>wall</category><bounds><corner1>-0.48397627, -1.10170784, -2.82863943</corner1><corner2>0.48397627, 1.10170784, 2.82863943</corner2></bounds><pose><translation> 5.75180227, -0.08748467,  0.87514547</translation><rotation><c1>1., 0., 0.</c1><c2>0., 1., 0.</c2><c3>0., 0., 1.</c3></rotation></pose><symmetry><x>none</x><y>none</y><z>none</z></symmetry><detectionScore>-1</detectionScore></element><element><id>3</id><category>arch</category><bounds><corner1>-0.97930052, -1.52347691, -2.84668085</corner1><corner2>0.97930052, 1.52347691, 2.84668085</corner2></bounds><pose><translation> 5.25770631, -0.43279203,  7.18260915</translation><rotation><c1>1., 0., 0.</c1><c2>0., 1., 0.</c2><c3>0., 0., 1.</c3></rotation></pose><symmetry><x>none</x><y>none</y><z>none</z></symmetry><detectionScore>-1</detectionScore></element><element><id>9</id><category>hanging_kitchen_cabinet</category><bounds><corner1>-0.28847882, -0.55560976, -0.0210259 </corner1><corner2>0.28847882, 0.55560976, 0.0210259 </corner2></bounds><pose><translation>-0.28736655,  0.30432061, -1.13002157</translation><rotation><c1>1., 0., 0.</c1><c2>0., 1., 0.</c2><c3>0., 0., 1.</c3></rotation></pose><symmetry><x>none</x><y>none</y><z>none</z></symmetry><detectionScore>-1</detectionScore></element><element><id>4</id><category>range_oven</category><bounds><corner1>-0.79780287, -0.17015097, -0.029515  </corner1><corner2>0.79780287, 0.17015097, 0.029515  </corner2></bounds><pose><translation> 1.71204535, -0.76267729, -0.85754049</translation><rotation><c1>1., 0., 0.</c1><c2>0., 1., 0.</c2><c3>0., 0., 1.</c3></rotation></pose><symmetry><x>none</x><y>none</y><z>none</z></symmetry><detectionScore>-1</detectionScore></element><element><id>2</id><category>kitchen_cabinet</category><bounds><corner1>-1.3909369 , -0.21184314, -0.07131926</corner1><corner2>1.3909369 , 0.21184314, 0.07131926</corner2></bounds><pose><translation> 3.00609778, -0.83291489, -0.86137664</translation><rotation><c1>1., 0., 0.</c1><c2>0., 1., 0.</c2><c3>0., 0., 1.</c3></rotation></pose><symmetry><x>none</x><y>none</y><z>none</z></symmetry><detectionScore>-1</detectionScore></element><element><id>1</id><category>wall</category><bounds><corner1>-1.14087782, -1.20960049, -0.05397375</corner1><corner2>1.14087782, 1.20960049, 0.05397375</corner2></bounds><pose><translation>-0.13685272, -0.09839203,  3.25380017</translation><rotation><c1>1., 0., 0.</c1><c2>0., 1., 0.</c2><c3>0., 0., 1.</c3></rotation></pose><symmetry><x>none</x><y>none</y><z>none</z></symmetry><detectionScore>-1</detectionScore></element><element><id>8</id><category>hanging_kitchen_cabinet</category><bounds><corner1>-0.01697488, -0.26990755, -0.26099697</corner1><corner2>0.01697488, 0.26990755, 0.26099697</corner2></bounds><pose><translation>-0.92099363,  0.2279593 , -0.20798985</translation><rotation><c1>1., 0., 0.</c1><c2>0., 1., 0.</c2><c3>0., 0., 1.</c3></rotation></pose><symmetry><x>none</x><y>none</y><z>none</z></symmetry><detectionScore>-1</detectionScore></element></elements></scene>