<?xml version='1.0' encoding='utf-8'?>
<scene xmlns:sumo="https://www.sumochallenge.org"><version>2.0</version><categories><id>fb_categories_v1_0</id><url>https://sumochallenge.org/en/categories-1_0.json</url></categories><project_type>bounding_box</project_type><elements><element><id>0</id><category>air_conditioner</category><bounds><corner1>-0.4534873467261129, -0.2514981479142788, -0.7826538608519347</corner1><corner2>0.4534873467261129, 0.2514981479142788, 0.7826538608519347</corner2></bounds><pose><translation>-1.307520865167424, -3.2183790881197725, -1.0427561607935782</translation><rotation><c1>0, 0, 0</c1><c2>0, 0, 0</c2><c3>0, 0, 0</c3></rotation></pose><symmetry><x>twoFold</x><y>cylindrical</y><z>twoFold</z></symmetry><detectionScore>-1.0</detectionScore></element><element><id>1</id><category>washer</category><bounds><corner1>-0.3159796972456992, -0.21955630371530788, -0.6651692132087712</corner1><corner2>0.3159796972456992, 0.21955630371530788, 0.6651692132087712</corner2></bounds><pose><translation>-1.173525956801878, -3.234234949356835, -0.9911235134267918</translation><rotation><c1>0, 0, 0</c1><c2>0, 0, 0</c2><c3>0, 0, 0</c3></rotation></pose><symmetry><x>twoFold</x><y>cylindrical</y><z>twoFold</z></symmetry><detectionScore>-1.0</detectionScore></element><element><id>2</id><category>wall</category><bounds><corner1>-3.226775818527499, -3.7693817153561415, -1.1959925939631677</corner1><corner2>3.226775818527499, 3.7693817153561415, 1.1959925939631677</corner2></bounds><pose><translation>1.620177426680282, -8.215685564786636, -0.03921651917315654</translation><rotation><c1>0, 0, 0</c1><c2>0, 0, 0</c2><c3>0, 0, 0</c3></rotation></pose><symmetry><x>twoFold</x><y>cylindrical</y><z>twoFold</z></symmetry><detectionScore>-1.0</detectionScore></element><element><id>3</id><category>atm</category><bounds><corner1>-0.5883309602875415, -0.3495657421412228, -0.812789154262886</corner1><corner2>0.5883309602875415, 0.3495657421412228, 0.812789154262886</corner2></bounds><pose><translation>-1.3207782626951419, -3.2983090546499017, -1.0642336537244323</translation><rotation><c1>0, 0, 0</c1><c2>0, 0, 0</c2><c3>0, 0, 0</c3></rotation></pose><symmetry><x>twoFold</x><y>cylindrical</y><z>twoFold</z></symmetry><detectionScore>-1.0</detectionScore></element><element><id>4</id><category>computer</category><bounds><corner1>-0.5713393609825783, -0.4945682602064907, -0.8998201202048091</corner1><corner2>0.5713393609825783, 0.4945682602064907, 0.8998201202048091</corner2></bounds><pose><translation>-1.2747953444551663, -3.121784600196973, -1.1948664887958715</translation><rotation><c1>0, 0, 0</c1><c2>0, 0, 0</c2><c3>0, 0, 0</c3></rotation></pose><symmetry><x>twoFold</x><y>cylindrical</y><z>twoFold</z></symmetry><detectionScore>-1.0</detectionScore></element><element><id>5</id><category>partition</category><bounds><corner1>-1.0797142791291878, -0.560884104984801, -1.6154239050763157</corner1><corner2>1.0797142791291878, 0.560884104984801, 1.6154239050763157</corner2></bounds><pose><translation>2.7205167865919524, -3.719135054901831, -0.3339336228141068</translation><rotation><c1>0, 0, 0</c1><c2>0, 0, 0</c2><c3>0, 0, 0</c3></rotation></pose><symmetry><x>twoFold</x><y>cylindrical</y><z>twoFold</z></symmetry><detectionScore>-1.0</detectionScore></element><element><id>6</id><category>coffee_machine</category><bounds><corner1>-3.105821101847962, -0.7340586209801814, -0.7097479442230846</corner1><corner2>3.105821101847962, 0.7340586209801814, 0.7097479442230846</corner2></bounds><pose><translation>2.0690668641236316, 1.1236670675096876, -0.8369859324933709</translation><rotation><c1>0, 0, 0</c1><c2>0, 0, 0</c2><c3>0, 0, 0</c3></rotation></pose><symmetry><x>twoFold</x><y>cylindrical</y><z>twoFold</z></symmetry><detectionScore>-1.0</detectionScore></element><element><id>7</id><category>door</category><bounds><corner1>-3.040015731856266, -0.600050830270004, -1.5007169196545191</corner1><corner2>3.040015731856266, 0.600050830270004, 1.5007169196545191</corner2></bounds><pose><translation>2.8396201122349587, 1.2498926779996222, -0.41766662233662144</translation><rotation><c1>0, 0, 0</c1><c2>0, 0, 0</c2><c3>0, 0, 0</c3></rotation></pose><symmetry><x>twoFold</x><y>cylindrical</y><z>twoFold</z></symmetry><detectionScore>-1.0</detectionScore></element><element><id>8</id><category>partition</category><bounds><corner1>-1.2919385823900633, -0.9916441622845574, -1.4689665503254177</corner1><corner2>1.2919385823900633, 0.9916441622845574, 1.4689665503254177</corner2></bounds><pose><translation>2.9039997824842603, -0.37851154523174657, -0.12093514657609836</translation><rotation><c1>0, 0, 0</c1><c2>0, 0, 0</c2><c3>0, 0, 0</c3></rotation></pose><symmetry><x>twoFold</x><y>cylindrical</y><z>twoFold</z></symmetry><detectionScore>-1.0</detectionScore></element><element><id>9</id><category>television</category><bounds><corner1>-3.139338760194998, -0.7751544051435437, -0.682943854003529</corner1><corner2>3.139338760194998, 0.7751544051435437, 0.682943854003529</corner2></bounds><pose><translation>2.0556082844094385, 1.0470433339272738, -0.8234370787271137</translation><rotation><c1>0, 0, 0</c1><c2>0, 0, 0</c2><c3>0, 0, 0</c3></rotation></pose><symmetry><x>twoFold</x><y>cylindrical</y><z>twoFold</z></symmetry><detectionScore>-1.0</detectionScore></element><element><id>10</id><category>coffee_machine</category><bounds><corner1>-0.4147169079208084, -0.2265161527838666, -0.782986857756639</corner1><corner2>0.4147169079208084, 0.2265161527838666, 0.782986857756639</corner2></bounds><pose><translation>-1.3017861703450817, -3.1125265823248163, -1.082203004365288</translation><rotation><c1>0, 0, 0</c1><c2>0, 0, 0</c2><c3>0, 0, 0</c3></rotation></pose><symmetry><x>twoFold</x><y>cylindrical</y><z>twoFold</z></symmetry><detectionScore>-1.0</detectionScore></element><element><id>11</id><category>kitchen_cabinet</category><bounds><corner1>-0.23751939419139667, -0.5006424023990266, -0.7245688801540864</corner1><corner2>0.23751939419139667, 0.5006424023990266, 0.7245688801540864</corner2></bounds><pose><translation>2.724794483901869, -0.5262570417637762, -0.8634593964865476</translation><rotation><c1>0, 0, 0</c1><c2>0, 0, 0</c2><c3>0, 0, 0</c3></rotation></pose><symmetry><x>twoFold</x><y>cylindrical</y><z>twoFold</z></symmetry><detectionScore>-1.0</detectionScore></element><element><id>12</id><category>office_chair</category><bounds><corner1>-1.0644940842775246, -0.4018021211858127, -0.43009791574815326</corner1><corner2>1.0644940842775246, 0.4018021211858127, 0.43009791574815326</corner2></bounds><pose><translation>1.87528670706172, -0.3835985118153227, -0.9116191392095041</translation><rotation><c1>0, 0, 0</c1><c2>0, 0, 0</c2><c3>0, 0, 0</c3></rotation></pose><symmetry><x>twoFold</x><y>cylindrical</y><z>twoFold</z></symmetry><detectionScore>-1.0</detectionScore></element><element><id>13</id><category>shelving</category><bounds><corner1>-3.158205995572372, -0.5245208910244137, -0.9457042170256535</corner1><corner2>3.158205995572372, 0.5245208910244137, 0.9457042170256535</corner2></bounds><pose><translation>2.903020209993479, 1.3215666658635183, -0.30133745467228235</translation><rotation><c1>0, 0, 0</c1><c2>0, 0, 0</c2><c3>0, 0, 0</c3></rotation></pose><symmetry><x>twoFold</x><y>cylindrical</y><z>twoFold</z></symmetry><detectionScore>-1.0</detectionScore></element><element><id>14</id><category>door</category><bounds><corner1>-1.9499503041422626, -1.8481380104477803, -1.1014260834828058</corner1><corner2>1.9499503041422626, 1.8481380104477803, 1.1014260834828058</corner2></bounds><pose><translation>-1.9499503041422626, 0.06171018510667657, 0.0</translation><rotation><c1>0, 0, 0</c1><c2>0, 0, 0</c2><c3>0, 0, 0</c3></rotation></pose><symmetry><x>twoFold</x><y>cylindrical</y><z>twoFold</z></symmetry><detectionScore>-1.0</detectionScore></element><element><id>15</id><category>partition</category><bounds><corner1>-3.035693869030852, -0.5829916582275652, -1.71382786480405</corner1><corner2>3.035693869030852, 0.5829916582275652, 1.71382786480405</corner2></bounds><pose><translation>2.831542948313131, 1.2680799508057259, -0.41359462931518187</translation><rotation><c1>0, 0, 0</c1><c2>0, 0, 0</c2><c3>0, 0, 0</c3></rotation></pose><symmetry><x>twoFold</x><y>cylindrical</y><z>twoFold</z></symmetry><detectionScore>-1.0</detectionScore></element><element><id>16</id><category>shelving</category><bounds><corner1>-1.4661944955393778, -4.493496566956984, -1.0116862200129386</corner1><corner2>1.4661944955393778, 4.493496566956984, 1.0116862200129386</corner2></bounds><pose><translation>3.4846878278535214, -8.855876827925464, -0.42400861489512315</translation><rotation><c1>0, 0, 0</c1><c2>0, 0, 0</c2><c3>0, 0, 0</c3></rotation></pose><symmetry><x>twoFold</x><y>cylindrical</y><z>twoFold</z></symmetry><detectionScore>-1.0</detectionScore></element><element><id>17</id><category>computer</category><bounds><corner1>-3.1114130461174514, -0.7331480576240377, -0.613288162719372</corner1><corner2>3.1114130461174514, 0.7331480576240377, 0.613288162719372</corner2></bounds><pose><translation>2.0754719834387854, 1.1433946969909363, -0.8880010496989207</translation><rotation><c1>0, 0, 0</c1><c2>0, 0, 0</c2><c3>0, 0, 0</c3></rotation></pose><symmetry><x>twoFold</x><y>cylindrical</y><z>twoFold</z></symmetry><detectionScore>-1.0</detectionScore></element><element><id>18</id><category>shelving</category><bounds><corner1>-0.06018565753128158, -0.46281955472398684, -0.9798143009028258</corner1><corner2>0.06018565753128158, 0.46281955472398684, 0.9798143009028258</corner2></bounds><pose><translation>2.701239561369969, -4.080020144160872, -0.5416147312134897</translation><rotation><c1>0, 0, 0</c1><c2>0, 0, 0</c2><c3>0, 0, 0</c3></rotation></pose><symmetry><x>twoFold</x><y>cylindrical</y><z>twoFold</z></symmetry><detectionScore>-1.0</detectionScore></element><element><id>19</id><category>tv_stand</category><bounds><corner1>-3.1408572214278907, -0.6504722169177211, -1.1470497871331569</corner1><corner2>3.1408572214278907, 0.6504722169177211, 1.1470497871331569</corner2></bounds><pose><translation>2.689949493723848, 1.2094751112789663, -0.5180011713033651</translation><rotation><c1>0, 0, 0</c1><c2>0, 0, 0</c2><c3>0, 0, 0</c3></rotation></pose><symmetry><x>twoFold</x><y>cylindrical</y><z>twoFold</z></symmetry><detectionScore>-1.0</detectionScore></element><element><id>20</id><category>chair</category><bounds><corner1>-1.1267112517869218, -0.38168604978725207, -0.358596675663586</corner1><corner2>1.1267112517869218, 0.38168604978725207, 0.358596675663586</corner2></bounds><pose><translation>1.8066997553003312, -0.3720127496086653, -0.9178630947052866</translation><rotation><c1>0, 0, 0</c1><c2>0, 0, 0</c2><c3>0, 0, 0</c3></rotation></pose><symmetry><x>twoFold</x><y>cylindrical</y><z>twoFold</z></symmetry><detectionScore>-1.0</detectionScore></element><element><id>21</id><category>wall</category><bounds><corner1>-2.1231585077497797, -1.879251792805752, -1.464734535644358</corner1><corner2>2.1231585077497797, 1.879251792805752, 1.464734535644358</corner2></bounds><pose><translation>-2.1231585077497797, 0.0, 0.0</translation><rotation><c1>0, 0, 0</c1><c2>0, 0, 0</c2><c3>0, 0, 0</c3></rotation></pose><symmetry><x>twoFold</x><y>cylindrical</y><z>twoFold</z></symmetry><detectionScore>-1.0</detectionScore></element><element><id>22</id><category>atm</category><bounds><corner1>-3.0198357235002136, -0.7295994506848147, -0.6355969301835841</corner1><corner2>3.0198357235002136, 0.7295994506848147, 0.6355969301835841</corner2></bounds><pose><translation>2.1682857525513275, 1.1565653834128506, -0.8789612870215309</translation><rotation><c1>0, 0, 0</c1><c2>0, 0, 0</c2><c3>0, 0, 0</c3></rotation></pose><symmetry><x>twoFold</x><y>cylindrical</y><z>twoFold</z></symmetry><detectionScore>-1.0</detectionScore></element><element><id>23</id><category>trash_can</category><bounds><corner1>-0.3645899935378194, -0.29046109997621583, -0.6840845302049459</corner1><corner2>0.3645899935378194, 0.29046109997621583, 0.6840845302049459</corner2></bounds><pose><translation>-1.199891888999262, -3.305973835416975, -0.9747744214557282</translation><rotation><c1>0, 0, 0</c1><c2>0, 0, 0</c2><c3>0, 0, 0</c3></rotation></pose><symmetry><x>twoFold</x><y>cylindrical</y><z>twoFold</z></symmetry><detectionScore>-1.0</detectionScore></element><element><id>24</id><category>dryer</category><bounds><corner1>-0.3917230027986315, -0.1264777379976234, -0.7337120755431279</corner1><corner2>0.3917230027986315, 0.1264777379976234, 0.7337120755431279</corner2></bounds><pose><translation>-1.2212381380877588, -3.1325608198196133, -1.0855353283819014</translation><rotation><c1>0, 0, 0</c1><c2>0, 0, 0</c2><c3>0, 0, 0</c3></rotation></pose><symmetry><x>twoFold</x><y>cylindrical</y><z>twoFold</z></symmetry><detectionScore>-1.0</detectionScore></element></elements></scene>