<?xml version='1.0' encoding='utf-8'?>
<scene xmlns:sumo="https://www.sumochallenge.org"><version>2.0</version><categories><id>fb_categories_v1.0</id><url>https://sumochallenge.org/en/categories-1_0.json</url></categories><project_type>bounding_box</project_type><elements><element><id>18</id><category>door</category><bounds><corner1>-3.59339   , -1.01293879, -0.72165791</corner1><corner2>3.59339   , 1.01293879, 0.72165791</corner2></bounds><pose><translation> 3.63390344,  0.17798464, -1.0021147 </translation><rotation><c1>1., 0., 0.</c1><c2>0., 1., 0.</c2><c3>0., 0., 1.</c3></rotation></pose><symmetry><x>none</x><y>none</y><z>none</z></symmetry><detectionScore>-1</detectionScore></element><element><id>15</id><category>person</category><bounds><corner1>-2.02580855, -1.08764625, -0.31100487</corner1><corner2>2.02580855, 1.08764625, 0.31100487</corner2></bounds><pose><translation> 1.58180261, -0.50945265, -2.95502537</translation><rotation><c1>1., 0., 0.</c1><c2>0., 1., 0.</c2><c3>0., 0., 1.</c3></rotation></pose><symmetry><x>none</x><y>none</y><z>none</z></symmetry><detectionScore>-1</detectionScore></element><element><id>7</id><category>armchair</category><bounds><corner1>-0.92184341, -0.3412345 , -0.60707455</corner1><corner2>0.92184341, 0.3412345 , 0.60707455</corner2></bounds><pose><translation>-0.0381561 , -0.80905562,  1.54794644</translation><rotation><c1>1., 0., 0.</c1><c2>0., 1., 0.</c2><c3>0., 0., 1.</c3></rotation></pose><symmetry><x>none</x><y>none</y><z>none</z></symmetry><detectionScore>-1</detectionScore></element><element><id>9</id><category>chair</category><bounds><corner1>-0.6592519 , -0.87675319, -1.14608221</corner1><corner2>0.6592519 , 0.87675319, 1.14608221</corner2></bounds><pose><translation>-0.94329897, -1.3226273 , -1.9640922 </translation><rotation><c1>1., 0., 0.</c1><c2>0., 1., 0.</c2><c3>0., 0., 1.</c3></rotation></pose><symmetry><x>none</x><y>none</y><z>none</z></symmetry><detectionScore>-1</detectionScore></element><element><id>5</id><category>person</category><bounds><corner1>-0.88013462, -0.61409514, -0.63292073</corner1><corner2>0.88013462, 0.61409514, 0.63292073</corner2></bounds><pose><translation>-3.02010954, -0.67614755,  2.04459249</translation><rotation><c1>1., 0., 0.</c1><c2>0., 1., 0.</c2><c3>0., 0., 1.</c3></rotation></pose><symmetry><x>none</x><y>none</y><z>none</z></symmetry><detectionScore>-1</detectionScore></element><element><id>20</id><category>armchair</category><bounds><corner1>-0.51337903, -0.33595889, -0.67800521</corner1><corner2>0.51337903, 0.33595889, 0.67800521</corner2></bounds><pose><translation>-0.73652883, -0.8045533 ,  1.97210367</translation><rotation><c1>1., 0., 0.</c1><c2>0., 1., 0.</c2><c3>0., 0., 1.</c3></rotation></pose><symmetry><x>none</x><y>none</y><z>none</z></symmetry><detectionScore>-1</detectionScore></element><element><id>12</id><category>person</category><bounds><corner1>-0.18795192, -1.61170939, -0.39442537</corner1><corner2>0.18795192, 1.61170939, 0.39442537</corner2></bounds><pose><translation>-1.61295362, -0.44307779, -0.16362222</translation><rotation><c1>1., 0., 0.</c1><c2>0., 1., 0.</c2><c3>0., 0., 1.</c3></rotation></pose><symmetry><x>none</x><y>none</y><z>none</z></symmetry><detectionScore>-1</detectionScore></element><element><id>22</id><category>chair</category><bounds><corner1>-0.25695843, -0.9394461 , -0.36923916</corner1><corner2>0.25695843, 0.9394461 , 0.36923916</corner2></bounds><pose><translation>-1.70194357, -1.33498837, -0.03857471</translation><rotation><c1>1., 0., 0.</c1><c2>0., 1., 0.</c2><c3>0., 0., 1.</c3></rotation></pose><symmetry><x>none</x><y>none</y><z>none</z></symmetry><detectionScore>-1</detectionScore></element><element><id>11</id><category>coffee_table</category><bounds><corner1>-0.33166747, -0.39305942, -0.85915767</corner1><corner2>0.33166747, 0.39305942, 0.85915767</corner2></bounds><pose><translation>-0.02810738, -0.84927132,  1.78791872</translation><rotation><c1>1., 0., 0.</c1><c2>0., 1., 0.</c2><c3>0., 0., 1.</c3></rotation></pose><symmetry><x>none</x><y>none</y><z>none</z></symmetry><detectionScore>-1</detectionScore></element><element><id>2</id><category>chandelier</category><bounds><corner1>-1.22218632, -0.30680461, -1.41895576</corner1><corner2>1.22218632, 0.30680461, 1.41895576</corner2></bounds><pose><translation> 0.82284317,  0.99884671, -4.76568712</translation><rotation><c1>1., 0., 0.</c1><c2>0., 1., 0.</c2><c3>0., 0., 1.</c3></rotation></pose><symmetry><x>none</x><y>none</y><z>none</z></symmetry><detectionScore>-1</detectionScore></element><element><id>17</id><category>person</category><bounds><corner1>-1.25107443, -0.74265959, -0.99884633</corner1><corner2>1.25107443, 0.74265959, 0.99884633</corner2></bounds><pose><translation> 2.40203525, -0.77448577,  1.60724062</translation><rotation><c1>1., 0., 0.</c1><c2>0., 1., 0.</c2><c3>0., 0., 1.</c3></rotation></pose><symmetry><x>none</x><y>none</y><z>none</z></symmetry><detectionScore>-1</detectionScore></element><element><id>6</id><category>armchair</category><bounds><corner1>-0.13012676, -0.37895926, -0.97222767</corner1><corner2>0.13012676, 0.37895926, 0.97222767</corner2></bounds><pose><translation>-2.29910275, -0.92917677,  1.10939734</translation><rotation><c1>1., 0., 0.</c1><c2>0., 1., 0.</c2><c3>0., 0., 1.</c3></rotation></pose><symmetry><x>none</x><y>none</y><z>none</z></symmetry><detectionScore>-1</detectionScore></element><element><id>13</id><category>chair</category><bounds><corner1>-1.37879328, -0.87446796, -0.25280602</corner1><corner2>1.37879328, 0.87446796, 0.25280602</corner2></bounds><pose><translation> 2.3000795 , -1.33048378, -0.18747295</translation><rotation><c1>1., 0., 0.</c1><c2>0., 1., 0.</c2><c3>0., 0., 1.</c3></rotation></pose><symmetry><x>none</x><y>none</y><z>none</z></symmetry><detectionScore>-1</detectionScore></element><element><id>3</id><category>chair</category><bounds><corner1>-1.22811041, -0.33494834, -2.52685138</corner1><corner2>1.22811041, 0.33494834, 2.52685138</corner2></bounds><pose><translation>-1.64991606, -0.77756827, -3.37484606</translation><rotation><c1>1., 0., 0.</c1><c2>0., 1., 0.</c2><c3>0., 0., 1.</c3></rotation></pose><symmetry><x>none</x><y>none</y><z>none</z></symmetry><detectionScore>-1</detectionScore></element><element><id>10</id><category>person</category><bounds><corner1>-1.83812629, -0.79724851, -2.00804911</corner1><corner2>1.83812629, 0.79724851, 2.00804911</corner2></bounds><pose><translation> 2.06734239, -0.29482554, -2.92907602</translation><rotation><c1>1., 0., 0.</c1><c2>0., 1., 0.</c2><c3>0., 0., 1.</c3></rotation></pose><symmetry><x>none</x><y>none</y><z>none</z></symmetry><detectionScore>-1</detectionScore></element><element><id>21</id><category>armchair</category><bounds><corner1>-0.49776977, -0.33368575, -0.67585793</corner1><corner2>0.49776977, 0.33368575, 0.67585793</corner2></bounds><pose><translation> 0.53850864, -0.81218437,  1.96609627</translation><rotation><c1>1., 0., 0.</c1><c2>0., 1., 0.</c2><c3>0., 0., 1.</c3></rotation></pose><symmetry><x>none</x><y>none</y><z>none</z></symmetry><detectionScore>-1</detectionScore></element><element><id>1</id><category>arch</category><bounds><corner1>-0.57450599, -0.76448276, -0.04998466</corner1><corner2>0.57450599, 0.76448276, 0.04998466</corner2></bounds><pose><translation>-0.0960462 ,  0.18941655,  2.68398528</translation><rotation><c1>1., 0., 0.</c1><c2>0., 1., 0.</c2><c3>0., 0., 1.</c3></rotation></pose><symmetry><x>none</x><y>none</y><z>none</z></symmetry><detectionScore>-1</detectionScore></element></elements></scene>