<?xml version='1.0' encoding='utf-8'?>
<scene xmlns:sumo="https://www.sumochallenge.org"><version>2.0</version><categories><id>fb_categories_v1_0</id><url>https://sumochallenge.org/en/categories-1_0.json</url></categories><project_type>bounding_box</project_type><elements><element><id>0</id><category>floor_lamp</category><bounds><corner1>-0.46494376777609947, -0.8382705715897281, -0.6169679497705167</corner1><corner2>0.46494376777609947, 0.8382705715897281, 0.6169679497705167</corner2></bounds><pose><translation>2.328677568120561, -1.142215648799128, -3.5688355958729616</translation><rotation><c1>1, 0, 0</c1><c2>0, 1, 0</c2><c3>0, 0, 1</c3></rotation></pose><symmetry><x>twoFold</x><y>cylindrical</y><z>twoFold</z></symmetry><detectionScore>-1.0</detectionScore></element><element><id>1</id><category>plant</category><bounds><corner1>-1.313773494397055, -0.9918509658166521, -0.17089158902253465</corner1><corner2>1.313773494397055, 0.9918509658166521, 0.17089158902253465</corner2></bounds><pose><translation>-2.909712942117601, -0.8219554047586141, 1.5677176969297284</translation><rotation><c1>1, 0, 0</c1><c2>0, 1, 0</c2><c3>0, 0, 1</c3></rotation></pose><symmetry><x>twoFold</x><y>cylindrical</y><z>twoFold</z></symmetry><detectionScore>-1.0</detectionScore></element><element><id>2</id><category>coffee_table</category><bounds><corner1>-1.0680514119958133, -0.22116171464633272, -0.4701050299271843</corner1><corner2>1.0680514119958133, 0.22116171464633272, 0.4701050299271843</corner2></bounds><pose><translation>-0.5094133964897418, -1.2996879897983922, -1.878555777841889</translation><rotation><c1>1, 0, 0</c1><c2>0, 1, 0</c2><c3>0, 0, 1</c3></rotation></pose><symmetry><x>twoFold</x><y>cylindrical</y><z>twoFold</z></symmetry><detectionScore>-1.0</detectionScore></element><element><id>3</id><category>chandelier</category><bounds><corner1>-1.148190957679702, -0.5404735199957617, -0.23827044250006593</corner1><corner2>1.148190957679702, 0.5404735199957617, 0.23827044250006593</corner2></bounds><pose><translation>1.8594414623198265, 0.9706168004832477, -0.1416457669635447</translation><rotation><c1>1, 0, 0</c1><c2>0, 1, 0</c2><c3>0, 0, 1</c3></rotation></pose><symmetry><x>twoFold</x><y>cylindrical</y><z>twoFold</z></symmetry><detectionScore>-1.0</detectionScore></element><element><id>4</id><category>door</category><bounds><corner1>-2.7299733498875387, -1.5249718895442164, -1.2092297668703522</corner1><corner2>2.7299733498875387, 1.5249718895442164, 1.2092297668703522</corner2></bounds><pose><translation>2.9142949978786614, -0.25686686515850415, 0.10709432018884496</translation><rotation><c1>1, 0, 0</c1><c2>0, 1, 0</c2><c3>0, 0, 1</c3></rotation></pose><symmetry><x>twoFold</x><y>cylindrical</y><z>twoFold</z></symmetry><detectionScore>-1.0</detectionScore></element><element><id>5</id><category>person</category><bounds><corner1>-0.9052954289204157, -0.9913250995985864, -1.0587791761101142</corner1><corner2>0.9052954289204157, 0.9913250995985864, 1.0587791761101142</corner2></bounds><pose><translation>-1.0625940788062564, -1.1651381507782541, -2.6263376259953173</translation><rotation><c1>1, 0, 0</c1><c2>0, 1, 0</c2><c3>0, 0, 1</c3></rotation></pose><symmetry><x>twoFold</x><y>cylindrical</y><z>twoFold</z></symmetry><detectionScore>-1.0</detectionScore></element><element><id>6</id><category>wall</category><bounds><corner1>-2.035839903973877, -1.4878398335575134, -1.611134502888389</corner1><corner2>2.035839903973877, 1.4878398335575134, 1.611134502888389</corner2></bounds><pose><translation>3.610643966038864, -0.14997796096399887, -2.8667400693115046</translation><rotation><c1>1, 0, 0</c1><c2>0, 1, 0</c2><c3>0, 0, 1</c3></rotation></pose><symmetry><x>twoFold</x><y>cylindrical</y><z>twoFold</z></symmetry><detectionScore>-1.0</detectionScore></element><element><id>7</id><category>refrigerator</category><bounds><corner1>-1.0534212709866688, -1.221658926850823, -1.2727876508168248</corner1><corner2>1.0534212709866688, 1.221658926850823, 1.2727876508168248</corner2></bounds><pose><translation>3.630480667440815, -0.6813857946907057, -2.937214155210569</translation><rotation><c1>1, 0, 0</c1><c2>0, 1, 0</c2><c3>0, 0, 1</c3></rotation></pose><symmetry><x>twoFold</x><y>cylindrical</y><z>twoFold</z></symmetry><detectionScore>-1.0</detectionScore></element><element><id>8</id><category>door</category><bounds><corner1>-0.8960033195935289, -0.9454919592116069, -1.471579061539007</corner1><corner2>0.8960033195935289, 0.9454919592116069, 1.471579061539007</corner2></bounds><pose><translation>3.787898618833955, -0.40521882705148987, -2.8384570129608813</translation><rotation><c1>1, 0, 0</c1><c2>0, 1, 0</c2><c3>0, 0, 1</c3></rotation></pose><symmetry><x>twoFold</x><y>cylindrical</y><z>twoFold</z></symmetry><detectionScore>-1.0</detectionScore></element><element><id>9</id><category>person</category><bounds><corner1>-1.5743050005146066, -0.467921980775334, -0.8125844048513096</corner1><corner2>1.5743050005146066, 0.467921980775334, 0.8125844048513096</corner2></bounds><pose><translation>-0.3759194878768585, -0.990683138101582, -2.9162242253383743</translation><rotation><c1>1, 0, 0</c1><c2>0, 1, 0</c2><c3>0, 0, 1</c3></rotation></pose><symmetry><x>twoFold</x><y>cylindrical</y><z>twoFold</z></symmetry><detectionScore>-1.0</detectionScore></element><element><id>10</id><category>wall</category><bounds><corner1>-2.997645573657748, -1.559594189281033, -1.51059129716942</corner1><corner2>2.997645573657748, 1.559594189281033, 1.51059129716942</corner2></bounds><pose><translation>-0.2065776485463524, -0.1677107165217612, -3.6205550193191587</translation><rotation><c1>1, 0, 0</c1><c2>0, 1, 0</c2><c3>0, 0, 1</c3></rotation></pose><symmetry><x>twoFold</x><y>cylindrical</y><z>twoFold</z></symmetry><detectionScore>-1.0</detectionScore></element><element><id>11</id><category>piano</category><bounds><corner1>-0.695614513915283, -0.5292309904307183, -1.7733828413588095</corner1><corner2>0.695614513915283, 0.5292309904307183, 1.7733828413588095</corner2></bounds><pose><translation>-2.237323475958304, -0.9736276908727173, -0.061674377281608066</translation><rotation><c1>1, 0, 0</c1><c2>0, 1, 0</c2><c3>0, 0, 1</c3></rotation></pose><symmetry><x>twoFold</x><y>cylindrical</y><z>twoFold</z></symmetry><detectionScore>-1.0</detectionScore></element><element><id>12</id><category>heater</category><bounds><corner1>-0.8058562328519216, -0.23912009899921127, -1.0337768205148876</corner1><corner2>0.8058562328519216, 0.23912009899921127, 1.0337768205148876</corner2></bounds><pose><translation>-2.368597482747909, -1.0314509240673118, -3.4731708299738986</translation><rotation><c1>1, 0, 0</c1><c2>0, 1, 0</c2><c3>0, 0, 1</c3></rotation></pose><symmetry><x>twoFold</x><y>cylindrical</y><z>twoFold</z></symmetry><detectionScore>-1.0</detectionScore></element><element><id>13</id><category>arch</category><bounds><corner1>-2.723199031767763, -1.5111830465634293, -1.173089035178315</corner1><corner2>2.723199031767763, 1.5111830465634293, 1.173089035178315</corner2></bounds><pose><translation>2.9210693159984373, -0.20905085470991253, 0.14323505188088226</translation><rotation><c1>1, 0, 0</c1><c2>0, 1, 0</c2><c3>0, 0, 1</c3></rotation></pose><symmetry><x>twoFold</x><y>cylindrical</y><z>twoFold</z></symmetry><detectionScore>-1.0</detectionScore></element><element><id>14</id><category>window</category><bounds><corner1>-1.7381948213879905, -1.480913155387892, -1.904603488206485</corner1><corner2>1.7381948213879905, 1.480913155387892, 1.904603488206485</corner2></bounds><pose><translation>-3.3263095424048092, -0.12125779657703915, -0.45612113270795124</translation><rotation><c1>1, 0, 0</c1><c2>0, 1, 0</c2><c3>0, 0, 1</c3></rotation></pose><symmetry><x>twoFold</x><y>cylindrical</y><z>twoFold</z></symmetry><detectionScore>-1.0</detectionScore></element><element><id>15</id><category>door</category><bounds><corner1>-2.9595530403345562, -0.8802924786534245, -0.7527037049972393</corner1><corner2>2.9595530403345562, 0.8802924786534245, 0.7527037049972393</corner2></bounds><pose><translation>2.684715307431644, -0.04897925695882004, 0.6050940026805646</translation><rotation><c1>1, 0, 0</c1><c2>0, 1, 0</c2><c3>0, 0, 1</c3></rotation></pose><symmetry><x>twoFold</x><y>cylindrical</y><z>twoFold</z></symmetry><detectionScore>-1.0</detectionScore></element><element><id>16</id><category>wall</category><bounds><corner1>-2.7689613391187606, -1.5533551406206676, -1.8506142400821841</corner1><corner2>2.7689613391187606, 1.5533551406206676, 1.8506142400821841</corner2></bounds><pose><translation>2.8775225308939802, -0.11464385308227501, -0.13341138234737637</translation><rotation><c1>1, 0, 0</c1><c2>0, 1, 0</c2><c3>0, 0, 1</c3></rotation></pose><symmetry><x>twoFold</x><y>cylindrical</y><z>twoFold</z></symmetry><detectionScore>-1.0</detectionScore></element><element><id>17</id><category>desk</category><bounds><corner1>-0.6047967499818305, -0.39735940174360707, -1.729631668738203</corner1><corner2>0.6047967499818305, 0.39735940174360707, 1.729631668738203</corner2></bounds><pose><translation>-2.1465057120248514, -0.9969185971856205, -0.03041839588432238</translation><rotation><c1>1, 0, 0</c1><c2>0, 1, 0</c2><c3>0, 0, 1</c3></rotation></pose><symmetry><x>twoFold</x><y>cylindrical</y><z>twoFold</z></symmetry><detectionScore>-1.0</detectionScore></element><element><id>18</id><category>stairs</category><bounds><corner1>-3.279683055789992, -1.2475837497693039, -1.243743370800319</corner1><corner2>3.279683055789992, 1.2475837497693039, 1.243743370800319</corner2></bounds><pose><translation>2.364585291976208, 0.2948264714716497, 0.4137270251248197</translation><rotation><c1>1, 0, 0</c1><c2>0, 1, 0</c2><c3>0, 0, 1</c3></rotation></pose><symmetry><x>twoFold</x><y>cylindrical</y><z>twoFold</z></symmetry><detectionScore>-1.0</detectionScore></element><element><id>19</id><category>chandelier</category><bounds><corner1>-0.5453256279176898, -0.5670590628806946, -0.48640869229452854</corner1><corner2>0.5453256279176898, 0.5670590628806946, 0.48640869229452854</corner2></bounds><pose><translation>-0.6272152789436597, 0.9832778788663263, -1.3825720732880722</translation><rotation><c1>1, 0, 0</c1><c2>0, 1, 0</c2><c3>0, 0, 1</c3></rotation></pose><symmetry><x>twoFold</x><y>cylindrical</y><z>twoFold</z></symmetry><detectionScore>-1.0</detectionScore></element><element><id>20</id><category>television</category><bounds><corner1>-0.8606011129159606, -0.5476173141102135, -0.1305425827042508</corner1><corner2>0.8606011129159606, 0.5476173141102135, 0.1305425827042508</corner2></bounds><pose><translation>-0.47616089188816785, 0.836618553576513, 1.818430122398722</translation><rotation><c1>1, 0, 0</c1><c2>0, 1, 0</c2><c3>0, 0, 1</c3></rotation></pose><symmetry><x>twoFold</x><y>cylindrical</y><z>twoFold</z></symmetry><detectionScore>-1.0</detectionScore></element><element><id>21</id><category>sofa</category><bounds><corner1>-2.0275593765258892, -0.6356548669298113, -0.8657485326269172</corner1><corner2>2.0275593765258892, 0.6356548669298113, 0.8657485326269172</corner2></bounds><pose><translation>-0.514915147081754, -1.1811438622876762, -2.582822164951458</translation><rotation><c1>1, 0, 0</c1><c2>0, 1, 0</c2><c3>0, 0, 1</c3></rotation></pose><symmetry><x>twoFold</x><y>cylindrical</y><z>twoFold</z></symmetry><detectionScore>-1.0</detectionScore></element><element><id>22</id><category>desk</category><bounds><corner1>-1.36253278634024, -0.37066017126808437, -0.7440662657085508</corner1><corner2>1.36253278634024, 0.37066017126808437, 0.7440662657085508</corner2></bounds><pose><translation>-0.49288053405512583, -1.2880288100002277, -2.156435372517025</translation><rotation><c1>1, 0, 0</c1><c2>0, 1, 0</c2><c3>0, 0, 1</c3></rotation></pose><symmetry><x>twoFold</x><y>cylindrical</y><z>twoFold</z></symmetry><detectionScore>-1.0</detectionScore></element><element><id>23</id><category>pedestal_fan</category><bounds><corner1>-0.5191448604646713, -0.8667534842372251, -0.6994400907762821</corner1><corner2>0.5191448604646713, 0.8667534842372251, 0.6994400907762821</corner2></bounds><pose><translation>2.2744764754319893, -1.170698561446625, -3.5701876472295586</translation><rotation><c1>1, 0, 0</c1><c2>0, 1, 0</c2><c3>0, 0, 1</c3></rotation></pose><symmetry><x>twoFold</x><y>cylindrical</y><z>twoFold</z></symmetry><detectionScore>-1.0</detectionScore></element><element><id>24</id><category>wall</category><bounds><corner1>-2.097986155687196, -1.2978538596097895, -0.933425259858554</corner1><corner2>2.097986155687196, 1.2978538596097895, 0.933425259858554</corner2></bounds><pose><translation>2.8394345957729428, 0.050426711868769326, 0.7818741437133028</translation><rotation><c1>1, 0, 0</c1><c2>0, 1, 0</c2><c3>0, 0, 1</c3></rotation></pose><symmetry><x>twoFold</x><y>cylindrical</y><z>twoFold</z></symmetry><detectionScore>-1.0</detectionScore></element></elements></scene>