<?xml version='1.0' encoding='utf-8'?>
<scene xmlns:sumo="https://www.sumochallenge.org"><version>2.0</version><categories><id>fb_categories_v1.0</id><url>https://sumochallenge.org/en/categories-1_0.json</url></categories><project_type>bounding_box</project_type><elements><element><id>6</id><category>laptop</category><bounds><corner1>-1.48575857, -0.18732351, -1.12646823</corner1><corner2>1.48575857, 0.18732351, 1.12646823</corner2></bounds><pose><translation> 1.38405026, -0.99132293,  0.8530403 </translation><rotation><c1>1., 0., 0.</c1><c2>0., 1., 0.</c2><c3>0., 0., 1.</c3></rotation></pose><symmetry><x>none</x><y>none</y><z>none</z></symmetry><detectionScore>-1</detectionScore></element><element><id>5</id><category>switch</category><bounds><corner1>-0.03322094, -0.0254468 , -0.01498318</corner1><corner2>0.03322094, 0.0254468 , 0.01498318</corner2></bounds><pose><translation> 0.19134325, -0.25446269, -0.63599198</translation><rotation><c1>1., 0., 0.</c1><c2>0., 1., 0.</c2><c3>0., 0., 1.</c3></rotation></pose><symmetry><x>none</x><y>none</y><z>none</z></symmetry><detectionScore>-1</detectionScore></element><element><id>3</id><category>door</category><bounds><corner1>-1.40496997, -0.97166932, -0.63816358</corner1><corner2>1.40496997, 0.97166932, 0.63816358</corner2></bounds><pose><translation> 2.36774213, -0.30982957,  3.77733392</translation><rotation><c1>1., 0., 0.</c1><c2>0., 1., 0.</c2><c3>0., 0., 1.</c3></rotation></pose><symmetry><x>none</x><y>none</y><z>none</z></symmetry><detectionScore>-1</detectionScore></element><element><id>4</id><category>wall</category><bounds><corner1>-2.69625185, -1.33086164, -0.4346098 </corner1><corner2>2.69625185, 1.33086164, 0.4346098 </corner2></bounds><pose><translation>1.04498026, 0.12103465, 3.93075843</translation><rotation><c1>1., 0., 0.</c1><c2>0., 1., 0.</c2><c3>0., 0., 1.</c3></rotation></pose><symmetry><x>none</x><y>none</y><z>none</z></symmetry><detectionScore>-1</detectionScore></element><element><id>2</id><category>table_and_chair</category><bounds><corner1>-2.2870425 , -0.78305581, -2.23174183</corner1><corner2>2.2870425 , 0.78305581, 2.23174183</corner2></bounds><pose><translation> 0.84296798, -1.38523233,  2.00293545</translation><rotation><c1>1., 0., 0.</c1><c2>0., 1., 0.</c2><c3>0., 0., 1.</c3></rotation></pose><symmetry><x>none</x><y>none</y><z>none</z></symmetry><detectionScore>-1</detectionScore></element><element><id>1</id><category>sofa</category><bounds><corner1>-2.56547239, -0.37478092, -1.18694474</corner1><corner2>2.56547239, 0.37478092, 1.18694474</corner2></bounds><pose><translation> 1.45294596, -0.69618759, -0.33832257</translation><rotation><c1>1., 0., 0.</c1><c2>0., 1., 0.</c2><c3>0., 0., 1.</c3></rotation></pose><symmetry><x>none</x><y>none</y><z>none</z></symmetry><detectionScore>-1</detectionScore></element></elements></scene>