<?xml version='1.0' encoding='utf-8'?>
<scene xmlns:sumo="https://www.sumochallenge.org"><version>2.0</version><categories><id>fb_categories_v1.0</id><url>https://sumochallenge.org/en/categories-1_0.json</url></categories><project_type>bounding_box</project_type><elements><element><id>6</id><category>wall</category><bounds><corner1>-0.226006  , -0.62792348, -0.15107132</corner1><corner2>0.226006  , 0.62792348, 0.15107132</corner2></bounds><pose><translation>-0.857012  , -0.01783069, -0.00589938</translation><rotation><c1>1., 0., 0.</c1><c2>0., 1., 0.</c2><c3>0., 0., 1.</c3></rotation></pose><symmetry><x>none</x><y>none</y><z>none</z></symmetry><detectionScore>-1</detectionScore></element><element><id>7</id><category>ironing_board</category><bounds><corner1>-2.34981896, -1.31563595, -1.3647361 </corner1><corner2>2.34981896, 1.31563595, 1.3647361 </corner2></bounds><pose><translation>-2.34981896, -1.31563595, -1.3647361 </translation><rotation><c1>1., 0., 0.</c1><c2>0., 1., 0.</c2><c3>0., 0., 1.</c3></rotation></pose><symmetry><x>none</x><y>none</y><z>none</z></symmetry><detectionScore>-1</detectionScore></element><element><id>5</id><category>kitchen_cabinet</category><bounds><corner1>-0.40595812, -0.24282074, -1.75187193</corner1><corner2>0.40595812, 0.24282074, 1.75187193</corner2></bounds><pose><translation>-0.13640763, -0.54831927,  1.17301654</translation><rotation><c1>1., 0., 0.</c1><c2>0., 1., 0.</c2><c3>0., 0., 1.</c3></rotation></pose><symmetry><x>none</x><y>none</y><z>none</z></symmetry><detectionScore>-1</detectionScore></element><element><id>3</id><category>door</category><bounds><corner1>-1.03750361, -1.02838234, -3.87318937</corner1><corner2>1.03750361, 1.02838234, 3.87318937</corner2></bounds><pose><translation> 3.17265457, -0.36946988,  6.22462798</translation><rotation><c1>1., 0., 0.</c1><c2>0., 1., 0.</c2><c3>0., 0., 1.</c3></rotation></pose><symmetry><x>none</x><y>none</y><z>none</z></symmetry><detectionScore>-1</detectionScore></element><element><id>4</id><category>kitchen_cabinet</category><bounds><corner1>-0.30595424, -0.01723139, -0.06203298</corner1><corner2>0.30595424, 0.01723139, 0.06203298</corner2></bounds><pose><translation> 0.03208729, -0.69717085, -1.04201749</translation><rotation><c1>1., 0., 0.</c1><c2>0., 1., 0.</c2><c3>0., 0., 1.</c3></rotation></pose><symmetry><x>none</x><y>none</y><z>none</z></symmetry><detectionScore>-1</detectionScore></element><element><id>2</id><category>window</category><bounds><corner1>-0.54780235, -1.09203919, -0.73592224</corner1><corner2>0.54780235, 1.09203919, 0.73592224</corner2></bounds><pose><translation>-2.3898481 ,  0.10099169, -1.71136128</translation><rotation><c1>1., 0., 0.</c1><c2>0., 1., 0.</c2><c3>0., 0., 1.</c3></rotation></pose><symmetry><x>none</x><y>none</y><z>none</z></symmetry><detectionScore>-1</detectionScore></element><element><id>1</id><category>wall</category><bounds><corner1>-0.13996531, -1.1696264 , -3.50532489</corner1><corner2>0.13996531, 1.1696264 , 3.50532489</corner2></bounds><pose><translation> 6.44492346, -0.04418518,  2.1451293 </translation><rotation><c1>1., 0., 0.</c1><c2>0., 1., 0.</c2><c3>0., 0., 1.</c3></rotation></pose><symmetry><x>none</x><y>none</y><z>none</z></symmetry><detectionScore>-1</detectionScore></element></elements></scene>