<?xml version='1.0' encoding='utf-8'?>
<scene xmlns:sumo="https://www.sumochallenge.org"><version>2.0</version><categories><id>fb_categories_v1.0</id><url>https://sumochallenge.org/en/categories-1_0.json</url></categories><project_type>bounding_box</project_type><elements><element><id>6</id><category>chandelier</category><bounds><corner1>-0.49791328, -0.02393304, -0.42587824</corner1><corner2>0.49791328, 0.02393304, 0.42587824</corner2></bounds><pose><translation>-0.89861337,  1.1834329 , -2.03994439</translation><rotation><c1>1., 0., 0.</c1><c2>0., 1., 0.</c2><c3>0., 0., 1.</c3></rotation></pose><symmetry><x>none</x><y>none</y><z>none</z></symmetry><detectionScore>-1</detectionScore></element><element><id>7</id><category>loudspeaker</category><bounds><corner1>-0.31606942, -0.33442649, -0.12588975</corner1><corner2>0.31606942, 0.33442649, 0.12588975</corner2></bounds><pose><translation> 1.20400178, -0.81559849, -0.60904698</translation><rotation><c1>1., 0., 0.</c1><c2>0., 1., 0.</c2><c3>0., 0., 1.</c3></rotation></pose><symmetry><x>none</x><y>none</y><z>none</z></symmetry><detectionScore>-1</detectionScore></element><element><id>5</id><category>office_chair</category><bounds><corner1>-0.20592486, -0.54156793, -0.92619731</corner1><corner2>0.20592486, 0.54156793, 0.92619731</corner2></bounds><pose><translation>-2.10992429, -1.04529819,  0.6035181 </translation><rotation><c1>1., 0., 0.</c1><c2>0., 1., 0.</c2><c3>0., 0., 1.</c3></rotation></pose><symmetry><x>none</x><y>none</y><z>none</z></symmetry><detectionScore>-1</detectionScore></element><element><id>3</id><category>coffee_table</category><bounds><corner1>-0.33302869, -0.0946094 , -0.39487185</corner1><corner2>0.33302869, 0.0946094 , 0.39487185</corner2></bounds><pose><translation>-1.119685  , -0.99000777, -1.89993872</translation><rotation><c1>1., 0., 0.</c1><c2>0., 1., 0.</c2><c3>0., 0., 1.</c3></rotation></pose><symmetry><x>none</x><y>none</y><z>none</z></symmetry><detectionScore>-1</detectionScore></element><element><id>2</id><category>wall</category><bounds><corner1>-2.68657623, -1.22802352, -0.95028835</corner1><corner2>2.68657623, 1.22802352, 0.95028835</corner2></bounds><pose><translation>-1.29381237, -0.07813262, -4.26311735</translation><rotation><c1>1., 0., 0.</c1><c2>0., 1., 0.</c2><c3>0., 0., 1.</c3></rotation></pose><symmetry><x>none</x><y>none</y><z>none</z></symmetry><detectionScore>-1</detectionScore></element><element><id>1</id><category>wall</category><bounds><corner1>-1.36115573, -1.18916332, -2.10313459</corner1><corner2>1.36115573, 1.18916332, 2.10313459</corner2></bounds><pose><translation>-3.85513274, -0.03425431, -0.82250866</translation><rotation><c1>1., 0., 0.</c1><c2>0., 1., 0.</c2><c3>0., 0., 1.</c3></rotation></pose><symmetry><x>none</x><y>none</y><z>none</z></symmetry><detectionScore>-1</detectionScore></element><element><id>8</id><category>shelving</category><bounds><corner1>-0.04096512, -0.35711269, -0.48277315</corner1><corner2>0.04096512, 0.35711269, 0.48277315</corner2></bounds><pose><translation>1.49802111, 0.59063974, 0.40800386</translation><rotation><c1>1., 0., 0.</c1><c2>0., 1., 0.</c2><c3>0., 0., 1.</c3></rotation></pose><symmetry><x>none</x><y>none</y><z>none</z></symmetry><detectionScore>-1</detectionScore></element></elements></scene>