<?xml version='1.0' encoding='utf-8'?>
<scene xmlns:sumo="https://www.sumochallenge.org"><version>2.0</version><categories><id>fb_categories_v1.0</id><url>https://sumochallenge.org/en/categories-1_0.json</url></categories><project_type>bounding_box</project_type><elements><element><id>6</id><category>stand</category><bounds><corner1>-0.31341687, -0.45425734, -0.23210083</corner1><corner2>0.31341687, 0.45425734, 0.23210083</corner2></bounds><pose><translation> 0.2134487 , -0.98778398, -1.69904839</translation><rotation><c1>1., 0., 0.</c1><c2>0., 1., 0.</c2><c3>0., 0., 1.</c3></rotation></pose><symmetry><x>none</x><y>none</y><z>none</z></symmetry><detectionScore>-1</detectionScore></element><element><id>5</id><category>curtain</category><bounds><corner1>-0.68409161, -0.98699862, -0.40912526</corner1><corner2>0.68409161, 0.98699862, 0.40912526</corner2></bounds><pose><translation>-0.25547631,  0.13886173, -2.05608459</translation><rotation><c1>1., 0., 0.</c1><c2>0., 1., 0.</c2><c3>0., 0., 1.</c3></rotation></pose><symmetry><x>none</x><y>none</y><z>none</z></symmetry><detectionScore>-1</detectionScore></element><element><id>3</id><category>mirror</category><bounds><corner1>-0.46090089, -0.39268434, -0.03885587</corner1><corner2>0.46090089, 0.39268434, 0.03885587</corner2></bounds><pose><translation> 1.33605654,  0.66035888, -2.13086486</translation><rotation><c1>1., 0., 0.</c1><c2>0., 1., 0.</c2><c3>0., 0., 1.</c3></rotation></pose><symmetry><x>none</x><y>none</y><z>none</z></symmetry><detectionScore>-1</detectionScore></element><element><id>9</id><category>curtain</category><bounds><corner1>-1.19594634, -1.17463252, -1.02018753</corner1><corner2>1.19594634, 1.17463252, 1.02018753</corner2></bounds><pose><translation> 2.41495386, -0.01893299, -2.0256192 </translation><rotation><c1>1., 0., 0.</c1><c2>0., 1., 0.</c2><c3>0., 0., 1.</c3></rotation></pose><symmetry><x>none</x><y>none</y><z>none</z></symmetry><detectionScore>-1</detectionScore></element><element><id>10</id><category>chandelier</category><bounds><corner1>-0.2627274 , -0.10763685, -0.15498519</corner1><corner2>0.2627274 , 0.10763685, 0.15498519</corner2></bounds><pose><translation>-0.45383168,  1.09824532, -1.34094802</translation><rotation><c1>1., 0., 0.</c1><c2>0., 1., 0.</c2><c3>0., 0., 1.</c3></rotation></pose><symmetry><x>none</x><y>none</y><z>none</z></symmetry><detectionScore>-1</detectionScore></element><element><id>4</id><category>wall</category><bounds><corner1>-0.10201873, -1.17464682, -1.32540058</corner1><corner2>0.10201873, 1.17464682, 1.32540058</corner2></bounds><pose><translation> 3.98233389, -0.09090466, -0.59147987</translation><rotation><c1>1., 0., 0.</c1><c2>0., 1., 0.</c2><c3>0., 0., 1.</c3></rotation></pose><symmetry><x>none</x><y>none</y><z>none</z></symmetry><detectionScore>-1</detectionScore></element><element><id>2</id><category>door</category><bounds><corner1>-0.11932586, -1.03786746, -0.64481006</corner1><corner2>0.11932586, 1.03786746, 0.64481006</corner2></bounds><pose><translation> 4.0059344 , -0.33906138, -1.82174418</translation><rotation><c1>1., 0., 0.</c1><c2>0., 1., 0.</c2><c3>0., 0., 1.</c3></rotation></pose><symmetry><x>none</x><y>none</y><z>none</z></symmetry><detectionScore>-1</detectionScore></element><element><id>1</id><category>armchair</category><bounds><corner1>-0.52020505, -0.40783835, -0.28393892</corner1><corner2>0.52020505, 0.40783835, 0.28393892</corner2></bounds><pose><translation>-0.52180861, -0.94712437, -1.51294493</translation><rotation><c1>1., 0., 0.</c1><c2>0., 1., 0.</c2><c3>0., 0., 1.</c3></rotation></pose><symmetry><x>none</x><y>none</y><z>none</z></symmetry><detectionScore>-1</detectionScore></element><element><id>8</id><category>chandelier</category><bounds><corner1>-1.6756503 , -0.02355492, -0.69151572</corner1><corner2>1.6756503 , 0.02355492, 0.69151572</corner2></bounds><pose><translation> 2.00005772,  1.18337942, -1.32278142</translation><rotation><c1>1., 0., 0.</c1><c2>0., 1., 0.</c2><c3>0., 0., 1.</c3></rotation></pose><symmetry><x>none</x><y>none</y><z>none</z></symmetry><detectionScore>-1</detectionScore></element></elements></scene>