<?xml version='1.0' encoding='utf-8'?>
<scene xmlns:sumo="https://www.sumochallenge.org"><version>2.0</version><categories><id>fb_categories_v1.0</id><url>https://sumochallenge.org/en/categories-1_0.json</url></categories><project_type>bounding_box</project_type><elements><element><id>4</id><category>sofa</category><bounds><corner1>-1.48442938, -0.40029428, -1.66713728</corner1><corner2>1.48442938, 0.40029428, 1.66713728</corner2></bounds><pose><translation>-4.22035387, -1.01463442, -0.49035674</translation><rotation><c1>1., 0., 0.</c1><c2>0., 1., 0.</c2><c3>0., 0., 1.</c3></rotation></pose><symmetry><x>none</x><y>none</y><z>none</z></symmetry><detectionScore>0.53302664</detectionScore></element><element><id>1</id><category>wall</category><bounds><corner1>-6.44130469, -1.15592944, -5.59287793</corner1><corner2>6.44130469, 1.15592944, 5.59287793</corner2></bounds><pose><translation>-8.80716606, -0.07728018,  0.2926461 </translation><rotation><c1>1., 0., 0.</c1><c2>0., 1., 0.</c2><c3>0., 0., 1.</c3></rotation></pose><symmetry><x>none</x><y>twoFold</y><z>none</z></symmetry><detectionScore>0.9101262</detectionScore></element><element><id>5</id><category>coffee_table</category><bounds><corner1>-0.39105354, -0.40102462, -0.7081878 </corner1><corner2>0.39105354, 0.40102462, 0.7081878 </corner2></bounds><pose><translation>-2.85408573, -1.44074262,  0.09136835</translation><rotation><c1>1., 0., 0.</c1><c2>0., 1., 0.</c2><c3>0., 0., 1.</c3></rotation></pose><symmetry><x>none</x><y>twoFold</y><z>none</z></symmetry><detectionScore>0.9510211</detectionScore></element><element><id>3</id><category>wall</category><bounds><corner1>-2.20711532, -1.11932204, -0.38097954</corner1><corner2>2.20711532, 1.11932204, 0.38097954</corner2></bounds><pose><translation>-14.14447535,   0.07002955,   8.89810139</translation><rotation><c1>1., 0., 0.</c1><c2>0., 1., 0.</c2><c3>0., 0., 1.</c3></rotation></pose><symmetry><x>none</x><y>twoFold</y><z>none</z></symmetry><detectionScore>0.51261824</detectionScore></element><element><id>2</id><category>floor_lamp</category><bounds><corner1>-2.68358993, -1.29489356, -5.74711865</corner1><corner2>2.68358993, 1.29489356, 5.74711865</corner2></bounds><pose><translation>-5.36361044, -1.42792473,  3.56702083</translation><rotation><c1>1., 0., 0.</c1><c2>0., 1., 0.</c2><c3>0., 0., 1.</c3></rotation></pose><symmetry><x>none</x><y>cylindrical</y><z>none</z></symmetry><detectionScore>0.5695469</detectionScore></element><element><id>7</id><category>wall</category><bounds><corner1>-5.14833651, -1.166055  , -2.34375196</corner1><corner2>5.14833651, 1.166055  , 2.34375196</corner2></bounds><pose><translation>-14.13291928,  -0.09658455,   6.84610743</translation><rotation><c1>1., 0., 0.</c1><c2>0., 1., 0.</c2><c3>0., 0., 1.</c3></rotation></pose><symmetry><x>none</x><y>twoFold</y><z>none</z></symmetry><detectionScore>0.6701461</detectionScore></element><element><id>9</id><category>floor_lamp</category><bounds><corner1>-1.03599584, -1.08221284, -2.13223223</corner1><corner2>1.03599584, 1.08221284, 2.13223223</corner2></bounds><pose><translation> 1.13822837, -0.97164   ,  2.3409601 </translation><rotation><c1>1., 0., 0.</c1><c2>0., 1., 0.</c2><c3>0., 0., 1.</c3></rotation></pose><symmetry><x>none</x><y>cylindrical</y><z>none</z></symmetry><detectionScore>0.7891714</detectionScore></element><element><id>8</id><category>window</category><bounds><corner1>-0.59423014, -1.11480355, -0.0808922 </corner1><corner2>0.59423014, 1.11480355, 0.0808922 </corner2></bounds><pose><translation> 0.37639006, -0.18501172, -2.0639828 </translation><rotation><c1>1., 0., 0.</c1><c2>0., 1., 0.</c2><c3>0., 0., 1.</c3></rotation></pose><symmetry><x>none</x><y>twoFold</y><z>none</z></symmetry><detectionScore>0.8997481</detectionScore></element><element><id>6</id><category>television</category><bounds><corner1>-0.04006303, -0.60232587, -1.27108664</corner1><corner2>0.04006303, 0.60232587, 1.27108664</corner2></bounds><pose><translation> 2.03707147, -0.10968333,  0.25140315</translation><rotation><c1>1., 0., 0.</c1><c2>0., 1., 0.</c2><c3>0., 0., 1.</c3></rotation></pose><symmetry><x>none</x><y>none</y><z>twoFold</z></symmetry><detectionScore>0.9914521</detectionScore></element></elements></scene>