<?xml version='1.0' encoding='utf-8'?>
<scene xmlns:sumo="https://www.sumochallenge.org"><version>2.0</version><categories><id>fb_categories_v1.0</id><url>https://sumochallenge.org/en/categories-1_0.json</url></categories><project_type>bounding_box</project_type><elements><element><id>5</id><category>chandelier</category><bounds><corner1>-0.28463062, -0.03023708, -1.92396594</corner1><corner2>0.28463062, 0.03023708, 1.92396594</corner2></bounds><pose><translation>-0.47030058,  1.17661763,  1.59403315</translation><rotation><c1>1., 0., 0.</c1><c2>0., 1., 0.</c2><c3>0., 0., 1.</c3></rotation></pose><symmetry><x>none</x><y>cylindrical</y><z>none</z></symmetry><detectionScore>0.99784243</detectionScore></element><element><id>10</id><category>fence</category><bounds><corner1>-1.17787174, -0.15369342, -0.        </corner1><corner2> 1.17787174,  0.15369342, -0.        </corner2></bounds><pose><translation>0., 0., 0.</translation><rotation><c1>1., 0., 0.</c1><c2>0., 1., 0.</c2><c3>0., 0., 1.</c3></rotation></pose><symmetry><x>none</x><y>twoFold</y><z>none</z></symmetry><detectionScore>0.96429306</detectionScore></element><element><id>11</id><category>door</category><bounds><corner1>-0.19206502, -1.38313427, -5.4354274 </corner1><corner2>0.19206502, 1.38313427, 5.4354274 </corner2></bounds><pose><translation>-2.31021251, -0.37588163,  4.94852813</translation><rotation><c1>1., 0., 0.</c1><c2>0., 1., 0.</c2><c3>0., 0., 1.</c3></rotation></pose><symmetry><x>twoFold</x><y>twoFold</y><z>twoFold</z></symmetry><detectionScore>0.77089894</detectionScore></element><element><id>4</id><category>wall</category><bounds><corner1>-2.03114199, -1.31763234, -0.1877799 </corner1><corner2>2.03114199, 1.31763234, 0.1877799 </corner2></bounds><pose><translation>-0.07657778, -0.15977612,  8.55389879</translation><rotation><c1>1., 0., 0.</c1><c2>0., 1., 0.</c2><c3>0., 0., 1.</c3></rotation></pose><symmetry><x>none</x><y>twoFold</y><z>none</z></symmetry><detectionScore>0.7231453</detectionScore></element><element><id>6</id><category>fence</category><bounds><corner1>-0.        , -0.41231817, -0.        </corner1><corner2>-0.        ,  0.41231817, -0.        </corner2></bounds><pose><translation>0., 0., 0.</translation><rotation><c1>1., 0., 0.</c1><c2>0., 1., 0.</c2><c3>0., 0., 1.</c3></rotation></pose><symmetry><x>none</x><y>twoFold</y><z>none</z></symmetry><detectionScore>0.8855616</detectionScore></element><element><id>3</id><category>person</category><bounds><corner1>-1.20761078, -0.4961989 , -5.14942914</corner1><corner2>1.20761078, 0.4961989 , 5.14942914</corner2></bounds><pose><translation> 0.90102547, -0.8778361 ,  1.60002786</translation><rotation><c1>1., 0., 0.</c1><c2>0., 1., 0.</c2><c3>0., 0., 1.</c3></rotation></pose><symmetry><x>none</x><y>none</y><z>none</z></symmetry><detectionScore>0.84951204</detectionScore></element><element><id>12</id><category>coffee_table</category><bounds><corner1>-0.28176605, -0.02097149, -1.0640841 </corner1><corner2>0.28176605, 0.02097149, 1.0640841 </corner2></bounds><pose><translation>-0.41636184, -1.05153849,  1.52306199</translation><rotation><c1>1., 0., 0.</c1><c2>0., 1., 0.</c2><c3>0., 0., 1.</c3></rotation></pose><symmetry><x>none</x><y>twoFold</y><z>none</z></symmetry><detectionScore>0.6564914</detectionScore></element><element><id>2</id><category>sofa</category><bounds><corner1>-0.5434743 , -0.3644303 , -4.34169429</corner1><corner2>0.5434743 , 0.3644303 , 4.34169429</corner2></bounds><pose><translation>-0.48980415, -1.04207924,  2.57215147</translation><rotation><c1>1., 0., 0.</c1><c2>0., 1., 0.</c2><c3>0., 0., 1.</c3></rotation></pose><symmetry><x>none</x><y>none</y><z>none</z></symmetry><detectionScore>0.95379955</detectionScore></element><element><id>1</id><category>television</category><bounds><corner1>-0.03597724, -0.34650463, -0.64926539</corner1><corner2>0.03597724, 0.34650463, 0.64926539</corner2></bounds><pose><translation>-2.08796131, -0.59917489,  1.14006028</translation><rotation><c1>1., 0., 0.</c1><c2>0., 1., 0.</c2><c3>0., 0., 1.</c3></rotation></pose><symmetry><x>none</x><y>none</y><z>twoFold</z></symmetry><detectionScore>0.99922276</detectionScore></element><element><id>9</id><category>wall</category><bounds><corner1>-1.81193387, -1.19287652, -0.22878256</corner1><corner2>1.81193387, 1.19287652, 0.22878256</corner2></bounds><pose><translation> 2.1210442 , -0.04138685,  8.5242093 </translation><rotation><c1>1., 0., 0.</c1><c2>0., 1., 0.</c2><c3>0., 0., 1.</c3></rotation></pose><symmetry><x>none</x><y>twoFold</y><z>none</z></symmetry><detectionScore>0.55299354</detectionScore></element><element><id>8</id><category>wall</category><bounds><corner1>-0.33387571, -1.32409313, -0.19461917</corner1><corner2>0.33387571, 1.32409313, 0.19461917</corner2></bounds><pose><translation> 1.88301819, -0.13248145, -0.53681833</translation><rotation><c1>1., 0., 0.</c1><c2>0., 1., 0.</c2><c3>0., 0., 1.</c3></rotation></pose><symmetry><x>none</x><y>twoFold</y><z>none</z></symmetry><detectionScore>0.503564</detectionScore></element><element><id>7</id><category>shelving</category><bounds><corner1>-0.3889827 , -1.09657719, -0.3231778 </corner1><corner2>0.3889827 , 1.09657719, 0.3231778 </corner2></bounds><pose><translation>-2.06905546, -0.47681052, -0.43704636</translation><rotation><c1>1., 0., 0.</c1><c2>0., 1., 0.</c2><c3>0., 0., 1.</c3></rotation></pose><symmetry><x>twoFold</x><y>twoFold</y><z>twoFold</z></symmetry><detectionScore>0.9451675</detectionScore></element></elements></scene>