<?xml version='1.0' encoding='utf-8'?>
<scene xmlns:sumo="https://www.sumochallenge.org"><version>2.0</version><categories><id>fb_categories_v1_0</id><url>https://sumochallenge.org/en/categories-1_0.json</url></categories><project_type>bounding_box</project_type><elements><element><id>0</id><category>kitchen_cabinet</category><bounds><corner1>-3.6916196664374583, -1.4204244330367066, -3.0117110197059445</corner1><corner2>3.6916196664374583, 1.4204244330367066, 3.0117110197059445</corner2></bounds><pose><translation>-5.691082322703856, -0.09402187086033646, 1.1133714099430063</translation><rotation><c1>1, 0, 0</c1><c2>0, 1, 0</c2><c3>0, 0, 1</c3></rotation></pose><symmetry><x>twoFold</x><y>cylindrical</y><z>twoFold</z></symmetry><detectionScore>-1.0</detectionScore></element><element><id>1</id><category>fruit_bowl</category><bounds><corner1>-0.21725360539955463, -0.21063164243949406, -1.049573807788357</corner1><corner2>0.21725360539955463, 0.21063164243949406, 1.049573807788357</corner2></bounds><pose><translation>-1.5406922949054473, -0.7953714850186818, 1.0694051582904762</translation><rotation><c1>1, 0, 0</c1><c2>0, 1, 0</c2><c3>0, 0, 1</c3></rotation></pose><symmetry><x>twoFold</x><y>cylindrical</y><z>twoFold</z></symmetry><detectionScore>-1.0</detectionScore></element><element><id>2</id><category>armchair</category><bounds><corner1>-1.2459562515541869, -0.8657799633025257, -2.3331597214225153</corner1><corner2>1.2459562515541869, 0.8657799633025257, 2.3331597214225153</corner2></bounds><pose><translation>-1.2459562515541869, -0.8657799633025257, -2.3331597214225153</translation><rotation><c1>1, 0, 0</c1><c2>0, 1, 0</c2><c3>0, 0, 1</c3></rotation></pose><symmetry><x>twoFold</x><y>cylindrical</y><z>twoFold</z></symmetry><detectionScore>-1.0</detectionScore></element><element><id>3</id><category>kitchen_cabinet</category><bounds><corner1>-2.216895095660278, -0.2866484266801482, -1.1235974087212508</corner1><corner2>2.216895095660278, 0.2866484266801482, 1.1235974087212508</corner2></bounds><pose><translation>-4.4785829278775, -0.7725722707498348, 3.2983943233029267</translation><rotation><c1>1, 0, 0</c1><c2>0, 1, 0</c2><c3>0, 0, 1</c3></rotation></pose><symmetry><x>twoFold</x><y>cylindrical</y><z>twoFold</z></symmetry><detectionScore>-1.0</detectionScore></element><element><id>4</id><category>window</category><bounds><corner1>-0.922179880940486, -0.8255893509852537, -0.5500034300223433</corner1><corner2>0.922179880940486, 0.8255893509852537, 0.5500034300223433</corner2></bounds><pose><translation>-2.592933803294876, 0.06618256132775314, 4.025735918351349</translation><rotation><c1>1, 0, 0</c1><c2>0, 1, 0</c2><c3>0, 0, 1</c3></rotation></pose><symmetry><x>twoFold</x><y>cylindrical</y><z>twoFold</z></symmetry><detectionScore>-1.0</detectionScore></element><element><id>5</id><category>wall</category><bounds><corner1>-5.5806630327557265, -1.3790480530830962, -4.218432718627869</corner1><corner2>5.5806630327557265, 1.3790480530830962, 4.218432718627869</corner2></bounds><pose><translation>-7.522798542969909, -0.08271967174777509, 0.05277458246855763</translation><rotation><c1>1, 0, 0</c1><c2>0, 1, 0</c2><c3>0, 0, 1</c3></rotation></pose><symmetry><x>twoFold</x><y>cylindrical</y><z>twoFold</z></symmetry><detectionScore>-1.0</detectionScore></element><element><id>6</id><category>window</category><bounds><corner1>-2.248090720943614, -0.6817988132904166, -4.006728408425268</corner1><corner2>2.248090720943614, 0.6817988132904166, 4.006728408425268</corner2></bounds><pose><translation>-2.248090720943614, 0.0, -4.006728408425268</translation><rotation><c1>1, 0, 0</c1><c2>0, 1, 0</c2><c3>0, 0, 1</c3></rotation></pose><symmetry><x>twoFold</x><y>cylindrical</y><z>twoFold</z></symmetry><detectionScore>-1.0</detectionScore></element><element><id>7</id><category>kitchen_cabinet</category><bounds><corner1>-1.5597139009461587, -0.315423777831235, -0.7446294343166722</corner1><corner2>1.5597139009461587, 0.315423777831235, 0.7446294343166722</corner2></bounds><pose><translation>-2.6134781195664973, -0.944610105254825, 3.7608901047192207</translation><rotation><c1>1, 0, 0</c1><c2>0, 1, 0</c2><c3>0, 0, 1</c3></rotation></pose><symmetry><x>twoFold</x><y>cylindrical</y><z>twoFold</z></symmetry><detectionScore>-1.0</detectionScore></element><element><id>8</id><category>chandelier</category><bounds><corner1>-4.7766915525571125, -0.2737706091940524, -3.83225522690774</corner1><corner2>4.7766915525571125, 0.2737706091940524, 3.83225522690774</corner2></bounds><pose><translation>-4.7766915525571125, 1.0726424533757164, -3.83225522690774</translation><rotation><c1>1, 0, 0</c1><c2>0, 1, 0</c2><c3>0, 0, 1</c3></rotation></pose><symmetry><x>twoFold</x><y>cylindrical</y><z>twoFold</z></symmetry><detectionScore>-1.0</detectionScore></element><element><id>9</id><category>window</category><bounds><corner1>-1.9617170939980406, -1.0170157323456153, -0.8564604344747568</corner1><corner2>1.9617170939980406, 1.0170157323456153, 0.8564604344747568</corner2></bounds><pose><translation>-6.2647427607464, 0.030774767410985004, -3.8526950442420405</translation><rotation><c1>1, 0, 0</c1><c2>0, 1, 0</c2><c3>0, 0, 1</c3></rotation></pose><symmetry><x>twoFold</x><y>cylindrical</y><z>twoFold</z></symmetry><detectionScore>-1.0</detectionScore></element><element><id>10</id><category>chair</category><bounds><corner1>-2.2607425840893125, -1.1778804111925845, -1.6345086069232757</corner1><corner2>2.2607425840893125, 1.1778804111925845, 1.6345086069232757</corner2></bounds><pose><translation>-2.2607425840893125, -1.1778804111925845, -1.6345086069232757</translation><rotation><c1>1, 0, 0</c1><c2>0, 1, 0</c2><c3>0, 0, 1</c3></rotation></pose><symmetry><x>twoFold</x><y>cylindrical</y><z>twoFold</z></symmetry><detectionScore>-1.0</detectionScore></element><element><id>11</id><category>chair</category><bounds><corner1>-0.7638590576735684, -0.29382718730589674, -2.980455326752735</corner1><corner2>0.7638590576735684, 0.29382718730589674, 2.980455326752735</corner2></bounds><pose><translation>-2.067846761729903, -0.8434175923050455, 0.7025483846951528</translation><rotation><c1>1, 0, 0</c1><c2>0, 1, 0</c2><c3>0, 0, 1</c3></rotation></pose><symmetry><x>twoFold</x><y>cylindrical</y><z>twoFold</z></symmetry><detectionScore>-1.0</detectionScore></element><element><id>12</id><category>wall</category><bounds><corner1>-1.52389070102107, -1.5281767291622261, -2.721634349297063</corner1><corner2>1.52389070102107, 1.5281767291622261, 2.721634349297063</corner2></bounds><pose><translation>-0.7594519678239147, -0.15480973339363802, -4.038521395393894</translation><rotation><c1>1, 0, 0</c1><c2>0, 1, 0</c2><c3>0, 0, 1</c3></rotation></pose><symmetry><x>twoFold</x><y>cylindrical</y><z>twoFold</z></symmetry><detectionScore>-1.0</detectionScore></element><element><id>13</id><category>chair</category><bounds><corner1>-1.1968523442315375, -0.8955768798952879, -2.465151159802875</corner1><corner2>1.1968523442315375, 0.8955768798952879, 2.465151159802875</corner2></bounds><pose><translation>-1.1968523442315375, -0.8955768798952879, -2.465151159802875</translation><rotation><c1>1, 0, 0</c1><c2>0, 1, 0</c2><c3>0, 0, 1</c3></rotation></pose><symmetry><x>twoFold</x><y>cylindrical</y><z>twoFold</z></symmetry><detectionScore>-1.0</detectionScore></element><element><id>14</id><category>chandelier</category><bounds><corner1>-2.727412505986916, -0.30861501446117234, -3.8671863854509887</corner1><corner2>2.727412505986916, 0.30861501446117234, 3.8671863854509887</corner2></bounds><pose><translation>-2.727412505986916, 1.0607010457403419, -3.8671863854509887</translation><rotation><c1>1, 0, 0</c1><c2>0, 1, 0</c2><c3>0, 0, 1</c3></rotation></pose><symmetry><x>twoFold</x><y>cylindrical</y><z>twoFold</z></symmetry><detectionScore>-1.0</detectionScore></element><element><id>15</id><category>chandelier</category><bounds><corner1>-0.6044023977319035, -0.09556659785289678, -1.48043983404442</corner1><corner2>0.6044023977319035, 0.09556659785289678, 1.48043983404442</corner2></bounds><pose><translation>0.29701108490838807, 1.4683411654930465, 1.7252773125581118</translation><rotation><c1>1, 0, 0</c1><c2>0, 1, 0</c2><c3>0, 0, 1</c3></rotation></pose><symmetry><x>twoFold</x><y>cylindrical</y><z>twoFold</z></symmetry><detectionScore>-1.0</detectionScore></element><element><id>16</id><category>kitchen_cabinet</category><bounds><corner1>-3.0346825124460644, -0.28117093376801616, -0.705942242073939</corner1><corner2>3.0346825124460644, 0.28117093376801616, 0.705942242073939</corner2></bounds><pose><translation>-5.646738063653599, -0.7670947778377027, 3.544869785969314</translation><rotation><c1>1, 0, 0</c1><c2>0, 1, 0</c2><c3>0, 0, 1</c3></rotation></pose><symmetry><x>twoFold</x><y>cylindrical</y><z>twoFold</z></symmetry><detectionScore>-1.0</detectionScore></element><element><id>17</id><category>chair</category><bounds><corner1>-0.8266969063188578, -0.34916438453790033, -0.3945375024156347</corner1><corner2>0.8266969063188578, 0.34916438453790033, 0.3945375024156347</corner2></bounds><pose><translation>-2.041114924347569, -1.1928925720158035, -0.07395068655572337</translation><rotation><c1>1, 0, 0</c1><c2>0, 1, 0</c2><c3>0, 0, 1</c3></rotation></pose><symmetry><x>twoFold</x><y>cylindrical</y><z>twoFold</z></symmetry><detectionScore>-1.0</detectionScore></element><element><id>18</id><category>ottoman</category><bounds><corner1>-0.2312553668743691, -0.06219097990549072, -0.39964991261699123</corner1><corner2>0.2312553668743691, 0.06219097990549072, 0.39964991261699123</corner2></bounds><pose><translation>-1.4307613268578154, -1.1912877464316507, -0.06877780448046962</translation><rotation><c1>1, 0, 0</c1><c2>0, 1, 0</c2><c3>0, 0, 1</c3></rotation></pose><symmetry><x>twoFold</x><y>cylindrical</y><z>twoFold</z></symmetry><detectionScore>-1.0</detectionScore></element><element><id>19</id><category>wall</category><bounds><corner1>-2.4672456994002716, -0.8219357398580032, -2.5511441335546605</corner1><corner2>2.4672456994002716, 0.8219357398580032, 2.5511441335546605</corner2></bounds><pose><translation>-4.233409063531434, -0.059790309117212906, 1.8772805822069127</translation><rotation><c1>1, 0, 0</c1><c2>0, 1, 0</c2><c3>0, 0, 1</c3></rotation></pose><symmetry><x>twoFold</x><y>cylindrical</y><z>twoFold</z></symmetry><detectionScore>-1.0</detectionScore></element><element><id>20</id><category>kitchen_cabinet</category><bounds><corner1>-0.7540723818755403, -0.3992467988153401, -0.6757270288813002</corner1><corner2>0.7540723818755403, 0.3992467988153401, 0.6757270288813002</corner2></bounds><pose><translation>-1.392368838998372, -1.0662497444487582, 3.841219576815174</translation><rotation><c1>1, 0, 0</c1><c2>0, 1, 0</c2><c3>0, 0, 1</c3></rotation></pose><symmetry><x>twoFold</x><y>cylindrical</y><z>twoFold</z></symmetry><detectionScore>-1.0</detectionScore></element><element><id>21</id><category>wall</category><bounds><corner1>-2.21478960223362, -1.47874143848143, -0.6312154023147114</corner1><corner2>2.21478960223362, 1.47874143848143, 0.6312154023147114</corner2></bounds><pose><translation>-1.464012436489747, -0.11975300703128261, 3.9445239460589807</translation><rotation><c1>1, 0, 0</c1><c2>0, 1, 0</c2><c3>0, 0, 1</c3></rotation></pose><symmetry><x>twoFold</x><y>cylindrical</y><z>twoFold</z></symmetry><detectionScore>-1.0</detectionScore></element><element><id>22</id><category>refrigerator</category><bounds><corner1>-0.5613152369620595, -1.1103482392424049, -0.6817940826587217</corner1><corner2>0.5613152369620595, 1.1103482392424049, 0.6817940826587217</corner2></bounds><pose><translation>-0.10244022763066651, -0.663263432676288, 3.8802254275873604</translation><rotation><c1>1, 0, 0</c1><c2>0, 1, 0</c2><c3>0, 0, 1</c3></rotation></pose><symmetry><x>twoFold</x><y>cylindrical</y><z>twoFold</z></symmetry><detectionScore>-1.0</detectionScore></element><element><id>23</id><category>refrigerator</category><bounds><corner1>-0.5657373683139196, -1.1418399223575395, -0.6858373978811785</corner1><corner2>0.5657373683139196, 1.1418399223575395, 0.6858373978811785</corner2></bounds><pose><translation>-1.0749245509757195, -0.6854943262845844, 3.8510353242421815</translation><rotation><c1>1, 0, 0</c1><c2>0, 1, 0</c2><c3>0, 0, 1</c3></rotation></pose><symmetry><x>twoFold</x><y>cylindrical</y><z>twoFold</z></symmetry><detectionScore>-1.0</detectionScore></element><element><id>24</id><category>chandelier</category><bounds><corner1>-0.6000412482913269, -0.09777733527680099, -0.5633435733707655</corner1><corner2>0.6000412482913269, 0.09777733527680099, 0.5633435733707655</corner2></bounds><pose><translation>0.26755328750826646, 1.4575352288827563, -1.808071151867411</translation><rotation><c1>1, 0, 0</c1><c2>0, 1, 0</c2><c3>0, 0, 1</c3></rotation></pose><symmetry><x>twoFold</x><y>cylindrical</y><z>twoFold</z></symmetry><detectionScore>-1.0</detectionScore></element><element><id>25</id><category>kitchen_cabinet</category><bounds><corner1>-3.805524886757171, -0.18398004345704977, -0.9176630312478853</corner1><corner2>3.805524886757171, 0.18398004345704977, 0.9176630312478853</corner2></bounds><pose><translation>-7.029975589180272, -0.7858398045048789, 3.018399031320648</translation><rotation><c1>1, 0, 0</c1><c2>0, 1, 0</c2><c3>0, 0, 1</c3></rotation></pose><symmetry><x>twoFold</x><y>cylindrical</y><z>twoFold</z></symmetry><detectionScore>-1.0</detectionScore></element><element><id>26</id><category>chandelier</category><bounds><corner1>-2.2537284344472375, -0.6860538905373983, -3.31225072244908</corner1><corner2>2.2537284344472375, 0.6860538905373983, 3.31225072244908</corner2></bounds><pose><translation>-2.2537284344472375, 0.5767500370565384, -3.31225072244908</translation><rotation><c1>1, 0, 0</c1><c2>0, 1, 0</c2><c3>0, 0, 1</c3></rotation></pose><symmetry><x>twoFold</x><y>cylindrical</y><z>twoFold</z></symmetry><detectionScore>-1.0</detectionScore></element><element><id>27</id><category>wall</category><bounds><corner1>-0.5683933645303014, -1.4904562547144669, -0.45728003743108214</corner1><corner2>0.5683933645303014, 1.4904562547144669, 0.45728003743108214</corner2></bounds><pose><translation>0.21522672271860904, -0.11633631625926144, 4.106877656393957</translation><rotation><c1>1, 0, 0</c1><c2>0, 1, 0</c2><c3>0, 0, 1</c3></rotation></pose><symmetry><x>twoFold</x><y>cylindrical</y><z>twoFold</z></symmetry><detectionScore>-1.0</detectionScore></element><element><id>28</id><category>window</category><bounds><corner1>-0.8265256780229382, -0.8600600801807129, -0.9758187026814711</corner1><corner2>0.8265256780229382, 0.8600600801807129, 0.9758187026814711</corner2></bounds><pose><translation>-0.5483195522148568, 0.06819312900308379, -4.1012629378035</translation><rotation><c1>1, 0, 0</c1><c2>0, 1, 0</c2><c3>0, 0, 1</c3></rotation></pose><symmetry><x>twoFold</x><y>cylindrical</y><z>twoFold</z></symmetry><detectionScore>-1.0</detectionScore></element><element><id>29</id><category>kitchen_cabinet</category><bounds><corner1>-0.8425143501247327, -0.23665228093328117, -3.0471084831146777</corner1><corner2>0.8425143501247327, 0.23665228093328117, 3.0471084831146777</corner2></bounds><pose><translation>-2.1563711465068938, -0.8505304467544315, 0.6036665577496175</translation><rotation><c1>1, 0, 0</c1><c2>0, 1, 0</c2><c3>0, 0, 1</c3></rotation></pose><symmetry><x>twoFold</x><y>cylindrical</y><z>twoFold</z></symmetry><detectionScore>-1.0</detectionScore></element><element><id>30</id><category>chandelier</category><bounds><corner1>-1.8277990927592187, -0.4393114187745062, -1.311707243510217</corner1><corner2>1.8277990927592187, 0.4393114187745062, 1.311707243510217</corner2></bounds><pose><translation>-7.699969667367607, 0.87026900981901, -1.958060482783838</translation><rotation><c1>1, 0, 0</c1><c2>0, 1, 0</c2><c3>0, 0, 1</c3></rotation></pose><symmetry><x>twoFold</x><y>cylindrical</y><z>twoFold</z></symmetry><detectionScore>-1.0</detectionScore></element><element><id>31</id><category>window</category><bounds><corner1>-3.6669191456168906, -0.26433166923471024, -0.634113593099578</corner1><corner2>3.6669191456168906, 0.26433166923471024, 0.634113593099578</corner2></bounds><pose><translation>-5.433082509748053, 0.02775021577807211, 3.794311122661995</translation><rotation><c1>1, 0, 0</c1><c2>0, 1, 0</c2><c3>0, 0, 1</c3></rotation></pose><symmetry><x>twoFold</x><y>cylindrical</y><z>twoFold</z></symmetry><detectionScore>-1.0</detectionScore></element><element><id>32</id><category>chandelier</category><bounds><corner1>-0.4871283856676597, -0.11251305482567342, -1.08938434802824</corner1><corner2>0.4871283856676597, 0.11251305482567342, 1.08938434802824</corner2></bounds><pose><translation>-1.0727530981049045, 1.3291816968965313, 3.4573055088737057</translation><rotation><c1>1, 0, 0</c1><c2>0, 1, 0</c2><c3>0, 0, 1</c3></rotation></pose><symmetry><x>twoFold</x><y>cylindrical</y><z>twoFold</z></symmetry><detectionScore>-1.0</detectionScore></element><element><id>33</id><category>wall</category><bounds><corner1>-3.6620758529996538, -1.4508679848196875, -2.538440382373443</corner1><corner2>3.6620758529996538, 1.4508679848196875, 2.538440382373443</corner2></bounds><pose><translation>-5.891334069714212, -0.13530607691054883, -3.82895540977752</translation><rotation><c1>1, 0, 0</c1><c2>0, 1, 0</c2><c3>0, 0, 1</c3></rotation></pose><symmetry><x>twoFold</x><y>cylindrical</y><z>twoFold</z></symmetry><detectionScore>-1.0</detectionScore></element></elements></scene>