<?xml version='1.0' encoding='utf-8'?>
<scene xmlns:sumo="https://www.sumochallenge.org"><version>2.0</version><categories><id>fb_categories_v1_0</id><url>https://sumochallenge.org/en/categories-1_0.json</url></categories><project_type>bounding_box</project_type><elements><element><id>0</id><category>laptop</category><bounds><corner1>-0.6887987391302175, -0.1022616994815318, -0.03459208539777192</corner1><corner2>0.6887987391302175, 0.1022616994815318, 0.03459208539777192</corner2></bounds><pose><translation>1.9923088783337917, -0.537490959246672, -1.1418531243815295</translation><rotation><c1>1, 0, 0</c1><c2>0, 1, 0</c2><c3>0, 0, 1</c3></rotation></pose><symmetry><x>twoFold</x><y>cylindrical</y><z>twoFold</z></symmetry><detectionScore>-1.0</detectionScore></element><element><id>1</id><category>door</category><bounds><corner1>-1.033687085244115, -1.660144131851129, -0.7075256817155244</corner1><corner2>1.033687085244115, 1.660144131851129, 0.7075256817155244</corner2></bounds><pose><translation>1.4595306593442663, -0.2620127804483592, -2.4724810612842294</translation><rotation><c1>1, 0, 0</c1><c2>0, 1, 0</c2><c3>0, 0, 1</c3></rotation></pose><symmetry><x>twoFold</x><y>cylindrical</y><z>twoFold</z></symmetry><detectionScore>-1.0</detectionScore></element><element><id>2</id><category>window</category><bounds><corner1>-1.1954951240252665, -0.8628118982502773, -0.12232894919461135</corner1><corner2>1.1954951240252665, 0.8628118982502773, 0.12232894919461135</corner2></bounds><pose><translation>-2.7513634811564005, 0.05933339717587609, 4.044267179760595</translation><rotation><c1>1, 0, 0</c1><c2>0, 1, 0</c2><c3>0, 0, 1</c3></rotation></pose><symmetry><x>twoFold</x><y>cylindrical</y><z>twoFold</z></symmetry><detectionScore>-1.0</detectionScore></element><element><id>3</id><category>kitchen_cabinet</category><bounds><corner1>-0.5503161993966217, -1.7435614325862319, -0.9673387761740937</corner1><corner2>0.5503161993966217, 1.7435614325862319, 0.9673387761740937</corner2></bounds><pose><translation>1.9094880757303196, -0.5516094436497676, 3.132556414985089</translation><rotation><c1>1, 0, 0</c1><c2>0, 1, 0</c2><c3>0, 0, 1</c3></rotation></pose><symmetry><x>twoFold</x><y>cylindrical</y><z>twoFold</z></symmetry><detectionScore>-1.0</detectionScore></element><element><id>4</id><category>coffee_table</category><bounds><corner1>-0.6830986658294602, -0.41482172064870526, -0.5913085538613557</corner1><corner2>0.6830986658294602, 0.41482172064870526, 0.5913085538613557</corner2></bounds><pose><translation>2.0069624704658073, -0.9370661520224428, -0.8727863136776625</translation><rotation><c1>1, 0, 0</c1><c2>0, 1, 0</c2><c3>0, 0, 1</c3></rotation></pose><symmetry><x>twoFold</x><y>cylindrical</y><z>twoFold</z></symmetry><detectionScore>-1.0</detectionScore></element><element><id>5</id><category>kitchen_cabinet</category><bounds><corner1>-0.7467718660810263, -1.5074574351127001, -0.5622310627903895</corner1><corner2>0.7467718660810263, 1.5074574351127001, 0.5622310627903895</corner2></bounds><pose><translation>1.6584470522605126, -0.4983676472090842, 3.5601740930851014</translation><rotation><c1>1, 0, 0</c1><c2>0, 1, 0</c2><c3>0, 0, 1</c3></rotation></pose><symmetry><x>twoFold</x><y>cylindrical</y><z>twoFold</z></symmetry><detectionScore>-1.0</detectionScore></element><element><id>6</id><category>window</category><bounds><corner1>-0.10160657245364568, -0.9106525949377828, -0.8588319843429202</corner1><corner2>0.10160657245364568, 0.9106525949377828, 0.8588319843429202</corner2></bounds><pose><translation>2.6443245892561738, 0.04944231830821399, -0.8143344252430909</translation><rotation><c1>1, 0, 0</c1><c2>0, 1, 0</c2><c3>0, 0, 1</c3></rotation></pose><symmetry><x>twoFold</x><y>cylindrical</y><z>twoFold</z></symmetry><detectionScore>-1.0</detectionScore></element><element><id>7</id><category>wall</category><bounds><corner1>-1.6539868577730452, -1.4003485898278578, -0.41076367429984817</corner1><corner2>1.6539868577730452, 1.4003485898278578, 0.41076367429984817</corner2></bounds><pose><translation>0.8241544644653672, -0.002217238425088006, -2.190614261570886</translation><rotation><c1>1, 0, 0</c1><c2>0, 1, 0</c2><c3>0, 0, 1</c3></rotation></pose><symmetry><x>twoFold</x><y>cylindrical</y><z>twoFold</z></symmetry><detectionScore>-1.0</detectionScore></element><element><id>8</id><category>microwave</category><bounds><corner1>-0.8554251938124653, -0.26991939010092575, -0.44432146565967656</corner1><corner2>0.8554251938124653, 0.26991939010092575, 0.44432146565967656</corner2></bounds><pose><translation>1.8238102152736537, -0.6199554241718842, -1.4093866032205586</translation><rotation><c1>1, 0, 0</c1><c2>0, 1, 0</c2><c3>0, 0, 1</c3></rotation></pose><symmetry><x>twoFold</x><y>cylindrical</y><z>twoFold</z></symmetry><detectionScore>-1.0</detectionScore></element><element><id>9</id><category>wall</category><bounds><corner1>-0.23013849888530347, -1.5339902731639852, -1.6960169280037773</corner1><corner2>0.23013849888530347, 1.5339902731639852, 1.6960169280037773</corner2></bounds><pose><translation>2.515792662824516, -0.07036275442342008, -0.23982845571972014</translation><rotation><c1>1, 0, 0</c1><c2>0, 1, 0</c2><c3>0, 0, 1</c3></rotation></pose><symmetry><x>twoFold</x><y>cylindrical</y><z>twoFold</z></symmetry><detectionScore>-1.0</detectionScore></element><element><id>10</id><category>chandelier</category><bounds><corner1>-0.4954564112960941, -0.10733391352109023, -1.5334378397526547</corner1><corner2>0.4954564112960941, 0.10733391352109023, 1.5334378397526547</corner2></bounds><pose><translation>-0.965905016094434, 1.3775001630055248, 2.6000224199065705</translation><rotation><c1>1, 0, 0</c1><c2>0, 1, 0</c2><c3>0, 0, 1</c3></rotation></pose><symmetry><x>twoFold</x><y>cylindrical</y><z>twoFold</z></symmetry><detectionScore>-1.0</detectionScore></element><element><id>11</id><category>washer</category><bounds><corner1>-0.5653199032704941, -0.5765589481904964, -0.7298494251919427</corner1><corner2>0.5653199032704941, 0.5765589481904964, 0.7298494251919427</corner2></bounds><pose><translation>-1.1911505065512447, -1.1073854009936668, 3.4177604172591787</translation><rotation><c1>1, 0, 0</c1><c2>0, 1, 0</c2><c3>0, 0, 1</c3></rotation></pose><symmetry><x>twoFold</x><y>cylindrical</y><z>twoFold</z></symmetry><detectionScore>-1.0</detectionScore></element><element><id>12</id><category>table_and_chair</category><bounds><corner1>-0.6081046798184488, -1.0034254128101514, -1.9021327071304117</corner1><corner2>0.6081046798184488, 1.0034254128101514, 1.9021327071304117</corner2></bounds><pose><translation>-2.5115656462543554, -1.5325192119581852, 0.7521261793704201</translation><rotation><c1>1, 0, 0</c1><c2>0, 1, 0</c2><c3>0, 0, 1</c3></rotation></pose><symmetry><x>twoFold</x><y>cylindrical</y><z>twoFold</z></symmetry><detectionScore>-1.0</detectionScore></element><element><id>13</id><category>wall</category><bounds><corner1>-1.71699041511549, -1.5079479748274538, -2.8104822464583625</corner1><corner2>1.71699041511549, 1.5079479748274538, 2.8104822464583625</corner2></bounds><pose><translation>-3.719867022374193, -0.12060681533116921, 0.8996666087030483</translation><rotation><c1>1, 0, 0</c1><c2>0, 1, 0</c2><c3>0, 0, 1</c3></rotation></pose><symmetry><x>twoFold</x><y>cylindrical</y><z>twoFold</z></symmetry><detectionScore>-1.0</detectionScore></element><element><id>14</id><category>wall</category><bounds><corner1>-3.0707755020281207, -1.5189491195202787, -0.1936294653351882</corner1><corner2>3.0707755020281207, 1.5189491195202787, 0.1936294653351882</corner2></bounds><pose><translation>-0.71702713558025, -0.14452784233003738, 3.9729666636200185</translation><rotation><c1>1, 0, 0</c1><c2>0, 1, 0</c2><c3>0, 0, 1</c3></rotation></pose><symmetry><x>twoFold</x><y>cylindrical</y><z>twoFold</z></symmetry><detectionScore>-1.0</detectionScore></element><element><id>15</id><category>desk</category><bounds><corner1>-0.6531463945027833, -0.4643473029591454, -0.591448029600445</corner1><corner2>0.6531463945027833, 0.4643473029591454, 0.591448029600445</corner2></bounds><pose><translation>2.053227901430891, -0.9820466442132392, -0.8615259085474778</translation><rotation><c1>1, 0, 0</c1><c2>0, 1, 0</c2><c3>0, 0, 1</c3></rotation></pose><symmetry><x>twoFold</x><y>cylindrical</y><z>twoFold</z></symmetry><detectionScore>-1.0</detectionScore></element><element><id>16</id><category>chair</category><bounds><corner1>-0.5220402309208958, -0.6519417104920143, -0.5150980333860031</corner1><corner2>0.5220402309208958, 0.6519417104920143, 0.5150980333860031</corner2></bounds><pose><translation>-2.5460467238761963, -1.2719547697247608, 0.043434861173461264</translation><rotation><c1>1, 0, 0</c1><c2>0, 1, 0</c2><c3>0, 0, 1</c3></rotation></pose><symmetry><x>twoFold</x><y>cylindrical</y><z>twoFold</z></symmetry><detectionScore>-1.0</detectionScore></element><element><id>17</id><category>hanging_kitchen_cabinet</category><bounds><corner1>-0.3307889137225608, -0.33648521556950534, -0.6809760441650656</corner1><corner2>0.3307889137225608, 0.33648521556950534, 0.6809760441650656</corner2></bounds><pose><translation>2.076435732005535, 0.3043866956906727, 3.285227399052225</translation><rotation><c1>1, 0, 0</c1><c2>0, 1, 0</c2><c3>0, 0, 1</c3></rotation></pose><symmetry><x>twoFold</x><y>cylindrical</y><z>twoFold</z></symmetry><detectionScore>-1.0</detectionScore></element><element><id>18</id><category>table_and_chair</category><bounds><corner1>-0.9484977712910609, -0.3636936664031775, -1.3569893192462708</corner1><corner2>0.9484977712910609, 0.3636936664031775, 1.3569893192462708</corner2></bounds><pose><translation>-2.9525114068217264, -0.8244335994525599, 0.911258893652782</translation><rotation><c1>1, 0, 0</c1><c2>0, 1, 0</c2><c3>0, 0, 1</c3></rotation></pose><symmetry><x>twoFold</x><y>cylindrical</y><z>twoFold</z></symmetry><detectionScore>-1.0</detectionScore></element><element><id>19</id><category>refrigerator</category><bounds><corner1>-0.7317664181891568, -1.367421808329237, -1.0225210212421634</corner1><corner2>0.7317664181891568, 1.367421808329237, 1.0225210212421634</corner2></bounds><pose><translation>1.9352067591809987, -0.7253547636527552, 0.664297224309356</translation><rotation><c1>1, 0, 0</c1><c2>0, 1, 0</c2><c3>0, 0, 1</c3></rotation></pose><symmetry><x>twoFold</x><y>cylindrical</y><z>twoFold</z></symmetry><detectionScore>-1.0</detectionScore></element><element><id>20</id><category>kitchen_cabinet</category><bounds><corner1>-0.4940695171609999, -0.8411161067941327, -0.6735072294218423</corner1><corner2>0.4940695171609999, 0.8411161067941327, 0.6735072294218423</corner2></bounds><pose><translation>-0.4172434220979829, -0.8444584356122772, 3.4813884523412337</translation><rotation><c1>1, 0, 0</c1><c2>0, 1, 0</c2><c3>0, 0, 1</c3></rotation></pose><symmetry><x>twoFold</x><y>cylindrical</y><z>twoFold</z></symmetry><detectionScore>-1.0</detectionScore></element><element><id>21</id><category>chandelier</category><bounds><corner1>-0.3508990091300216, -0.6567128534884954, -0.47227908458476775</corner1><corner2>0.3508990091300216, 0.6567128534884954, 0.47227908458476775</corner2></bounds><pose><translation>-1.2478403205444513, 0.8679990839506901, -0.5561935981997634</translation><rotation><c1>1, 0, 0</c1><c2>0, 1, 0</c2><c3>0, 0, 1</c3></rotation></pose><symmetry><x>twoFold</x><y>cylindrical</y><z>twoFold</z></symmetry><detectionScore>-1.0</detectionScore></element><element><id>22</id><category>dining_table</category><bounds><corner1>-0.46419442196417937, -0.8306534943603323, -1.5120552841185606</corner1><corner2>0.46419442196417937, 0.8306534943603323, 1.5120552841185606</corner2></bounds><pose><translation>-2.4165465564029254, -1.4173307125886916, 0.6958498799086421</translation><rotation><c1>1, 0, 0</c1><c2>0, 1, 0</c2><c3>0, 0, 1</c3></rotation></pose><symmetry><x>twoFold</x><y>cylindrical</y><z>twoFold</z></symmetry><detectionScore>-1.0</detectionScore></element><element><id>23</id><category>dining_table</category><bounds><corner1>-0.5992330528274028, -0.4463134222815711, -0.6497451370773498</corner1><corner2>0.5992330528274028, 0.4463134222815711, 0.6497451370773498</corner2></bounds><pose><translation>2.054580226316576, -0.982927845421271, -0.8544979121022103</translation><rotation><c1>1, 0, 0</c1><c2>0, 1, 0</c2><c3>0, 0, 1</c3></rotation></pose><symmetry><x>twoFold</x><y>cylindrical</y><z>twoFold</z></symmetry><detectionScore>-1.0</detectionScore></element><element><id>24</id><category>kitchen_cabinet</category><bounds><corner1>-0.7113248546486073, -1.460160407237558, -0.3808678153174547</corner1><corner2>0.7113248546486073, 1.460160407237558, 0.3808678153174547</corner2></bounds><pose><translation>0.6294586676323, -0.5095578611721523, 3.770061503567253</translation><rotation><c1>1, 0, 0</c1><c2>0, 1, 0</c2><c3>0, 0, 1</c3></rotation></pose><symmetry><x>twoFold</x><y>cylindrical</y><z>twoFold</z></symmetry><detectionScore>-1.0</detectionScore></element></elements></scene>