<?xml version='1.0' encoding='utf-8'?>
<scene xmlns:sumo="https://www.sumochallenge.org"><version>2.0</version><categories><id>fb_categories_v1.0</id><url>https://sumochallenge.org/en/categories-1_0.json</url></categories><project_type>bounding_box</project_type><elements><element><id>4</id><category>toy</category><bounds><corner1>-0.69827507, -0.52952499, -0.3849724 </corner1><corner2>0.69827507, 0.52952499, 0.3849724 </corner2></bounds><pose><translation> 1.34714415, -0.94399187, -2.25586547</translation><rotation><c1>1., 0., 0.</c1><c2>0., 1., 0.</c2><c3>0., 0., 1.</c3></rotation></pose><symmetry><x>none</x><y>cylindrical</y><z>none</z></symmetry><detectionScore>0.9291632</detectionScore></element><element><id>1</id><category>atm</category><bounds><corner1>-0.41392794, -0.61936995, -0.12883262</corner1><corner2>0.41392794, 0.61936995, 0.12883262</corner2></bounds><pose><translation>-1.02791666, -0.97858387, -2.69983614</translation><rotation><c1>1., 0., 0.</c1><c2>0., 1., 0.</c2><c3>0., 0., 1.</c3></rotation></pose><symmetry><x>none</x><y>none</y><z>none</z></symmetry><detectionScore>0.9247278</detectionScore></element><element><id>5</id><category>wall</category><bounds><corner1>-4.33970433, -1.35518678, -2.28020774</corner1><corner2>4.33970433, 1.35518678, 2.28020774</corner2></bounds><pose><translation>-14.68350564,  -0.29705548,  -0.93874523</translation><rotation><c1>1., 0., 0.</c1><c2>0., 1., 0.</c2><c3>0., 0., 1.</c3></rotation></pose><symmetry><x>none</x><y>twoFold</y><z>none</z></symmetry><detectionScore>0.9660254</detectionScore></element><element><id>2</id><category>toy</category><bounds><corner1>-0.261176  , -0.38574159, -0.439088  </corner1><corner2>0.261176  , 0.38574159, 0.439088  </corner2></bounds><pose><translation> 1.79794337, -1.18436286,  0.52468454</translation><rotation><c1>1., 0., 0.</c1><c2>0., 1., 0.</c2><c3>0., 0., 1.</c3></rotation></pose><symmetry><x>none</x><y>cylindrical</y><z>none</z></symmetry><detectionScore>0.56876</detectionScore></element><element><id>7</id><category>toy</category><bounds><corner1>-0.58390705, -0.15573608, -0.6485929 </corner1><corner2>0.58390705, 0.15573608, 0.6485929 </corner2></bounds><pose><translation> 1.47896816, -0.8108002 , -0.02957598</translation><rotation><c1>1., 0., 0.</c1><c2>0., 1., 0.</c2><c3>0., 0., 1.</c3></rotation></pose><symmetry><x>none</x><y>cylindrical</y><z>none</z></symmetry><detectionScore>0.6172717</detectionScore></element><element><id>6</id><category>toy</category><bounds><corner1>-0.66394988, -0.32724755, -0.56486309</corner1><corner2>0.66394988, 0.32724755, 0.56486309</corner2></bounds><pose><translation> 1.38736261, -1.07893553, -1.96490135</translation><rotation><c1>1., 0., 0.</c1><c2>0., 1., 0.</c2><c3>0., 0., 1.</c3></rotation></pose><symmetry><x>none</x><y>cylindrical</y><z>none</z></symmetry><detectionScore>0.50664073</detectionScore></element></elements></scene>