<?xml version='1.0' encoding='utf-8'?>
<scene xmlns:sumo="https://www.sumochallenge.org"><version>2.0</version><categories><id>fb_categories_v1.0</id><url>https://sumochallenge.org/en/categories-1_0.json</url></categories><project_type>bounding_box</project_type><elements><element><id>5</id><category>vase</category><bounds><corner1>-0.11803046, -0.26355337, -0.08515718</corner1><corner2>0.11803046, 0.26355337, 0.08515718</corner2></bounds><pose><translation>-1.12258566, -0.49942473, -1.76907416</translation><rotation><c1>1., 0., 0.</c1><c2>0., 1., 0.</c2><c3>0., 0., 1.</c3></rotation></pose><symmetry><x>none</x><y>cylindrical</y><z>none</z></symmetry><detectionScore>0.9070651</detectionScore></element><element><id>10</id><category>dresser</category><bounds><corner1>-1.34110804, -0.26588389, -0.54795888</corner1><corner2>1.34110804, 0.26588389, 0.54795888</corner2></bounds><pose><translation>-2.50309412, -0.75829262, -0.8911619 </translation><rotation><c1>1., 0., 0.</c1><c2>0., 1., 0.</c2><c3>0., 0., 1.</c3></rotation></pose><symmetry><x>none</x><y>none</y><z>none</z></symmetry><detectionScore>0.6750273</detectionScore></element><element><id>11</id><category>tv_stand</category><bounds><corner1>-0.22959758, -0.42633182, -1.44216378</corner1><corner2>0.22959758, 0.42633182, 1.44216378</corner2></bounds><pose><translation> 0.68699691, -1.01061568,  2.40617129</translation><rotation><c1>1., 0., 0.</c1><c2>0., 1., 0.</c2><c3>0., 0., 1.</c3></rotation></pose><symmetry><x>none</x><y>none</y><z>none</z></symmetry><detectionScore>0.90533423</detectionScore></element><element><id>4</id><category>chair</category><bounds><corner1>-0.38655281, -0.29804032, -0.44005605</corner1><corner2>0.38655281, 0.29804032, 0.44005605</corner2></bounds><pose><translation>-0.56804763, -0.94916611, -1.55703978</translation><rotation><c1>1., 0., 0.</c1><c2>0., 1., 0.</c2><c3>0., 0., 1.</c3></rotation></pose><symmetry><x>none</x><y>none</y><z>none</z></symmetry><detectionScore>0.96146643</detectionScore></element><element><id>6</id><category>wall</category><bounds><corner1>-1.44417706, -1.13567332, -0.15416283</corner1><corner2>1.44417706, 1.13567332, 0.15416283</corner2></bounds><pose><translation>-1.0111562 , -0.07023047,  4.71922479</translation><rotation><c1>1., 0., 0.</c1><c2>0., 1., 0.</c2><c3>0., 0., 1.</c3></rotation></pose><symmetry><x>none</x><y>twoFold</y><z>none</z></symmetry><detectionScore>0.9450335</detectionScore></element><element><id>12</id><category>door</category><bounds><corner1>-2.43887306, -1.47534386, -0.71379427</corner1><corner2>2.43887306, 1.47534386, 0.71379427</corner2></bounds><pose><translation> 2.43299538, -0.50607021,  1.03833805</translation><rotation><c1>1., 0., 0.</c1><c2>0., 1., 0.</c2><c3>0., 0., 1.</c3></rotation></pose><symmetry><x>twoFold</x><y>twoFold</y><z>twoFold</z></symmetry><detectionScore>0.9931235</detectionScore></element><element><id>2</id><category>wall</category><bounds><corner1>-1.54147055, -1.23722808, -1.73981494</corner1><corner2>1.54147055, 1.23722808, 1.73981494</corner2></bounds><pose><translation>-0.76837826, -0.17252988, -3.4307286 </translation><rotation><c1>1., 0., 0.</c1><c2>0., 1., 0.</c2><c3>0., 0., 1.</c3></rotation></pose><symmetry><x>none</x><y>twoFold</y><z>none</z></symmetry><detectionScore>0.9661452</detectionScore></element><element><id>1</id><category>table_lamp</category><bounds><corner1>-0.8142603 , -0.46887648, -0.59194802</corner1><corner2>0.8142603 , 0.46887648, 0.59194802</corner2></bounds><pose><translation>-2.53717198, -0.52040939,  1.53065805</translation><rotation><c1>1., 0., 0.</c1><c2>0., 1., 0.</c2><c3>0., 0., 1.</c3></rotation></pose><symmetry><x>none</x><y>cylindrical</y><z>none</z></symmetry><detectionScore>0.90922886</detectionScore></element><element><id>13</id><category>chandelier</category><bounds><corner1>-0.45891885, -0.02214275, -0.70002547</corner1><corner2>0.45891885, 0.02214275, 0.70002547</corner2></bounds><pose><translation> 1.57584514,  1.18525282, -2.86702223</translation><rotation><c1>1., 0., 0.</c1><c2>0., 1., 0.</c2><c3>0., 0., 1.</c3></rotation></pose><symmetry><x>none</x><y>cylindrical</y><z>none</z></symmetry><detectionScore>0.6909069</detectionScore></element><element><id>9</id><category>plant</category><bounds><corner1>-0.55153186, -0.38827288, -0.23017567</corner1><corner2>0.55153186, 0.38827288, 0.23017567</corner2></bounds><pose><translation> 1.3333464 , -1.14850585, -2.58706795</translation><rotation><c1>1., 0., 0.</c1><c2>0., 1., 0.</c2><c3>0., 0., 1.</c3></rotation></pose><symmetry><x>none</x><y>cylindrical</y><z>none</z></symmetry><detectionScore>0.83238655</detectionScore></element><element><id>8</id><category>plant</category><bounds><corner1>-0.49102303, -0.82047018, -0.33340033</corner1><corner2>0.49102303, 0.82047018, 0.33340033</corner2></bounds><pose><translation>-2.97109964, -0.82934063,  0.17500048</translation><rotation><c1>1., 0., 0.</c1><c2>0., 1., 0.</c2><c3>0., 0., 1.</c3></rotation></pose><symmetry><x>none</x><y>cylindrical</y><z>none</z></symmetry><detectionScore>0.99697363</detectionScore></element><element><id>7</id><category>floor_lamp</category><bounds><corner1>-0.31530347, -0.88203786, -0.50424666</corner1><corner2>0.31530347, 0.88203786, 0.50424666</corner2></bounds><pose><translation>-2.36583597, -0.65172221,  4.28422112</translation><rotation><c1>1., 0., 0.</c1><c2>0., 1., 0.</c2><c3>0., 0., 1.</c3></rotation></pose><symmetry><x>none</x><y>cylindrical</y><z>none</z></symmetry><detectionScore>0.9703672</detectionScore></element></elements></scene>