<?xml version='1.0' encoding='utf-8'?>
<scene xmlns:sumo="https://www.sumochallenge.org"><version>2.0</version><categories><id>fb_categories_v1_0</id><url>https://sumochallenge.org/en/categories-1_0.json</url></categories><project_type>bounding_box</project_type><elements><element><id>0</id><category>chandelier</category><bounds><corner1>-3.505081507929188, -0.6555119386675736, -0.6681978148432627</corner1><corner2>3.505081507929188, 0.6555119386675736, 0.6681978148432627</corner2></bounds><pose><translation>2.997262845444788, -2.358814764713301, 0.7551568840106943</translation><rotation><c1>0, 0, 0</c1><c2>0, 0, 0</c2><c3>0, 0, 0</c3></rotation></pose><symmetry><x>twoFold</x><y>cylindrical</y><z>twoFold</z></symmetry><detectionScore>-1.0</detectionScore></element><element><id>1</id><category>wall</category><bounds><corner1>-5.461359488869045, -1.9838613340843334, -1.5211341315985494</corner1><corner2>5.461359488869045, 1.9838613340843334, 1.5211341315985494</corner2></bounds><pose><translation>2.990447358908153, -1.9838613340843334, -0.16888153772169778</translation><rotation><c1>0, 0, 0</c1><c2>0, 0, 0</c2><c3>0, 0, 0</c3></rotation></pose><symmetry><x>twoFold</x><y>cylindrical</y><z>twoFold</z></symmetry><detectionScore>-1.0</detectionScore></element><element><id>2</id><category>window</category><bounds><corner1>-0.058688230624917015, -0.7245112018147501, -0.8276176304700189</corner1><corner2>0.058688230624917015, 0.7245112018147501, 0.8276176304700189</corner2></bounds><pose><translation>3.1646733855076477, -0.17702942599444618, 0.08909285457148831</translation><rotation><c1>0, 0, 0</c1><c2>0, 0, 0</c2><c3>0, 0, 0</c3></rotation></pose><symmetry><x>twoFold</x><y>cylindrical</y><z>twoFold</z></symmetry><detectionScore>-1.0</detectionScore></element><element><id>3</id><category>desk</category><bounds><corner1>-0.3982488062232936, -0.8664308348096363, -0.3926371642914076</corner1><corner2>0.3982488062232936, 0.8664308348096363, 0.3926371642914076</corner2></bounds><pose><translation>2.6863944284132577, 1.2366265806504635, -1.193720355892108</translation><rotation><c1>0, 0, 0</c1><c2>0, 0, 0</c2><c3>0, 0, 0</c3></rotation></pose><symmetry><x>twoFold</x><y>cylindrical</y><z>twoFold</z></symmetry><detectionScore>-1.0</detectionScore></element><element><id>4</id><category>armchair</category><bounds><corner1>-1.309798921022642, -1.7547844676074589, -0.44835468088172614</corner1><corner2>1.309798921022642, 1.7547844676074589, 0.44835468088172614</corner2></bounds><pose><translation>1.0881069823826302, 1.824168623568954, -1.207991830959342</translation><rotation><c1>0, 0, 0</c1><c2>0, 0, 0</c2><c3>0, 0, 0</c3></rotation></pose><symmetry><x>twoFold</x><y>cylindrical</y><z>twoFold</z></symmetry><detectionScore>-1.0</detectionScore></element><element><id>5</id><category>computer</category><bounds><corner1>-0.10352032536349931, -0.5759653043065918, -0.39299670307681783</corner1><corner2>0.10352032536349931, 0.5759653043065918, 0.39299670307681783</corner2></bounds><pose><translation>3.022371699802269, 1.2662171406228995, -0.371885239662195</translation><rotation><c1>0, 0, 0</c1><c2>0, 0, 0</c2><c3>0, 0, 0</c3></rotation></pose><symmetry><x>twoFold</x><y>cylindrical</y><z>twoFold</z></symmetry><detectionScore>-1.0</detectionScore></element><element><id>6</id><category>wall</category><bounds><corner1>-0.477341381719784, -1.2307654639241017, -1.5515592945417866</corner1><corner2>0.477341381719784, 1.2307654639241017, 1.5515592945417866</corner2></bounds><pose><translation>-1.3634780735125454, 2.6915712223114467, -0.13230837816708918</translation><rotation><c1>0, 0, 0</c1><c2>0, 0, 0</c2><c3>0, 0, 0</c3></rotation></pose><symmetry><x>twoFold</x><y>cylindrical</y><z>twoFold</z></symmetry><detectionScore>-1.0</detectionScore></element><element><id>7</id><category>door</category><bounds><corner1>-0.8001056933913623, -0.43070485179246365, -1.692901765817642</corner1><corner2>0.8001056933913623, 0.43070485179246365, 1.692901765817642</corner2></bounds><pose><translation>-0.8028925316106018, -2.6559205290570116, -0.5201939217139162</translation><rotation><c1>0, 0, 0</c1><c2>0, 0, 0</c2><c3>0, 0, 0</c3></rotation></pose><symmetry><x>twoFold</x><y>cylindrical</y><z>twoFold</z></symmetry><detectionScore>-1.0</detectionScore></element><element><id>8</id><category>window</category><bounds><corner1>-0.8364650555221501, -0.07561669298697016, -0.8111429487687061</corner1><corner2>0.8364650555221501, 0.07561669298697016, 0.8111429487687061</corner2></bounds><pose><translation>-0.09025120643716689, 3.9753734048403038, 0.04980824079203318</translation><rotation><c1>0, 0, 0</c1><c2>0, 0, 0</c2><c3>0, 0, 0</c3></rotation></pose><symmetry><x>twoFold</x><y>cylindrical</y><z>twoFold</z></symmetry><detectionScore>-1.0</detectionScore></element><element><id>9</id><category>wall</category><bounds><corner1>-0.1397328021007862, -1.5034799191651445, -1.5010442445839116</corner1><corner2>0.1397328021007862, 1.5034799191651445, 1.5010442445839116</corner2></bounds><pose><translation>3.069993140831765, 0.3104889769659559, -0.13948067385058588</translation><rotation><c1>0, 0, 0</c1><c2>0, 0, 0</c2><c3>0, 0, 0</c3></rotation></pose><symmetry><x>twoFold</x><y>cylindrical</y><z>twoFold</z></symmetry><detectionScore>-1.0</detectionScore></element><element><id>10</id><category>coffee_table</category><bounds><corner1>-1.10894529235027, -1.2059478283681913, -0.07934932614858958</corner1><corner2>1.10894529235027, 1.2059478283681913, 0.07934932614858958</corner2></bounds><pose><translation>1.9495242985100938, 1.0882114851037705, -1.2377805659460386</translation><rotation><c1>0, 0, 0</c1><c2>0, 0, 0</c2><c3>0, 0, 0</c3></rotation></pose><symmetry><x>twoFold</x><y>cylindrical</y><z>twoFold</z></symmetry><detectionScore>-1.0</detectionScore></element><element><id>11</id><category>wall</category><bounds><corner1>-3.003092275927779, -4.478489725420886, -1.3987071931791277</corner1><corner2>3.003092275927779, 4.478489725420886, 1.3987071931791277</corner2></bounds><pose><translation>0.5918844866817526, 3.893474330645111, -0.05075862170913681</translation><rotation><c1>0, 0, 0</c1><c2>0, 0, 0</c2><c3>0, 0, 0</c3></rotation></pose><symmetry><x>twoFold</x><y>cylindrical</y><z>twoFold</z></symmetry><detectionScore>-1.0</detectionScore></element><element><id>12</id><category>picture_frame</category><bounds><corner1>-0.08021640075309433, -0.620016207406914, -0.519171458187454</corner1><corner2>0.08021640075309433, 0.620016207406914, 0.519171458187454</corner2></bounds><pose><translation>-1.4575374495788238, 0.5143112350352748, 0.8656227940579775</translation><rotation><c1>0, 0, 0</c1><c2>0, 0, 0</c2><c3>0, 0, 0</c3></rotation></pose><symmetry><x>twoFold</x><y>cylindrical</y><z>twoFold</z></symmetry><detectionScore>-1.0</detectionScore></element><element><id>13</id><category>door</category><bounds><corner1>-5.528522747511526, -2.39819057075521, -1.6103940071397154</corner1><corner2>5.528522747511526, 2.39819057075521, 1.6103940071397154</corner2></bounds><pose><translation>2.9726726251157585, -2.39819057075521, -0.5817254302500291</translation><rotation><c1>0, 0, 0</c1><c2>0, 0, 0</c2><c3>0, 0, 0</c3></rotation></pose><symmetry><x>twoFold</x><y>cylindrical</y><z>twoFold</z></symmetry><detectionScore>-1.0</detectionScore></element><element><id>14</id><category>dressing_table</category><bounds><corner1>-0.22204913093985645, -0.844669913481394, -0.8148455293189609</corner1><corner2>0.22204913093985645, 0.844669913481394, 0.8148455293189609</corner2></bounds><pose><translation>2.8872651615126332, 1.309730318562514, -0.9960544432578855</translation><rotation><c1>0, 0, 0</c1><c2>0, 0, 0</c2><c3>0, 0, 0</c3></rotation></pose><symmetry><x>twoFold</x><y>cylindrical</y><z>twoFold</z></symmetry><detectionScore>-1.0</detectionScore></element><element><id>15</id><category>sofa</category><bounds><corner1>-1.6806940662473742, -0.5989410165033173, -0.19680287581274714</corner1><corner2>1.6806940662473742, 0.5989410165033173, 0.19680287581274714</corner2></bounds><pose><translation>1.9362028660538644, -0.3965923020230878, -1.1055541613403481</translation><rotation><c1>0, 0, 0</c1><c2>0, 0, 0</c2><c3>0, 0, 0</c3></rotation></pose><symmetry><x>twoFold</x><y>cylindrical</y><z>twoFold</z></symmetry><detectionScore>-1.0</detectionScore></element><element><id>16</id><category>television</category><bounds><corner1>-0.1030835615995711, -0.49649256445332846, -0.36149527249016294</corner1><corner2>0.1030835615995711, 0.49649256445332846, 0.36149527249016294</corner2></bounds><pose><translation>3.0139538025216424, 1.2579325610019314, -0.31127653994752535</translation><rotation><c1>0, 0, 0</c1><c2>0, 0, 0</c2><c3>0, 0, 0</c3></rotation></pose><symmetry><x>twoFold</x><y>cylindrical</y><z>twoFold</z></symmetry><detectionScore>-1.0</detectionScore></element><element><id>17</id><category>door</category><bounds><corner1>-1.0491418942632944, -0.49083052739257393, -1.642197026869466</corner1><corner2>1.0491418942632944, 0.49083052739257393, 1.642197026869466</corner2></bounds><pose><translation>0.9902977222183191, -2.6913810131982125, -0.472299100506751</translation><rotation><c1>0, 0, 0</c1><c2>0, 0, 0</c2><c3>0, 0, 0</c3></rotation></pose><symmetry><x>twoFold</x><y>cylindrical</y><z>twoFold</z></symmetry><detectionScore>-1.0</detectionScore></element><element><id>18</id><category>door</category><bounds><corner1>-1.7996451350220646, -4.803550519889716, -1.3918289206116097</corner1><corner2>1.7996451350220646, 4.803550519889716, 1.3918289206116097</corner2></bounds><pose><translation>2.0808239295726887, 3.7350792366308623, -0.4153882740899494</translation><rotation><c1>0, 0, 0</c1><c2>0, 0, 0</c2><c3>0, 0, 0</c3></rotation></pose><symmetry><x>twoFold</x><y>cylindrical</y><z>twoFold</z></symmetry><detectionScore>-1.0</detectionScore></element><element><id>19</id><category>wall_lamp</category><bounds><corner1>-3.487864046762273, -0.6596181502502119, -0.6604906519846785</corner1><corner2>3.487864046762273, 0.6596181502502119, 0.6604906519846785</corner2></bounds><pose><translation>2.997610346969829, -2.362920976295939, 0.7612659429460347</translation><rotation><c1>0, 0, 0</c1><c2>0, 0, 0</c2><c3>0, 0, 0</c3></rotation></pose><symmetry><x>twoFold</x><y>cylindrical</y><z>twoFold</z></symmetry><detectionScore>-1.0</detectionScore></element><element><id>20</id><category>door</category><bounds><corner1>-0.15027824889190544, -1.5921152023466885, -1.2162730688854795</corner1><corner2>0.15027824889190544, 1.5921152023466885, 1.2162730688854795</corner2></bounds><pose><translation>-1.396606930372243, 2.3108427948417702, -0.3621141227404183</translation><rotation><c1>0, 0, 0</c1><c2>0, 0, 0</c2><c3>0, 0, 0</c3></rotation></pose><symmetry><x>twoFold</x><y>cylindrical</y><z>twoFold</z></symmetry><detectionScore>-1.0</detectionScore></element><element><id>21</id><category>wall</category><bounds><corner1>-0.7863819505294497, -0.5663230803883121, -1.3734879435212775</corner1><corner2>0.7863819505294497, 0.5663230803883121, 1.3734879435212775</corner2></bounds><pose><translation>-0.609005363267789, -2.821692951110463, -0.06429196498114081</translation><rotation><c1>0, 0, 0</c1><c2>0, 0, 0</c2><c3>0, 0, 0</c3></rotation></pose><symmetry><x>twoFold</x><y>cylindrical</y><z>twoFold</z></symmetry><detectionScore>-1.0</detectionScore></element><element><id>22</id><category>wall</category><bounds><corner1>-1.4319536723149728, -0.5404547273248919, -1.0216265841715697</corner1><corner2>1.4319536723149728, 0.5404547273248919, 1.0216265841715697</corner2></bounds><pose><translation>0.7107414276122002, -2.777590599472479, -0.030280013988558025</translation><rotation><c1>0, 0, 0</c1><c2>0, 0, 0</c2><c3>0, 0, 0</c3></rotation></pose><symmetry><x>twoFold</x><y>cylindrical</y><z>twoFold</z></symmetry><detectionScore>-1.0</detectionScore></element><element><id>23</id><category>window</category><bounds><corner1>-3.494357193078444, -0.647737395117921, -0.6828773200208104</corner1><corner2>3.494357193078444, 0.647737395117921, 0.6828773200208104</corner2></bounds><pose><translation>2.9990174053816325, -2.351570425991622, 0.7702347599900098</translation><rotation><c1>0, 0, 0</c1><c2>0, 0, 0</c2><c3>0, 0, 0</c3></rotation></pose><symmetry><x>twoFold</x><y>cylindrical</y><z>twoFold</z></symmetry><detectionScore>-1.0</detectionScore></element><element><id>24</id><category>plant</category><bounds><corner1>-5.637731498186131, -1.1481060618253958, -1.1694596161430866</corner1><corner2>5.637731498186131, 1.1481060618253958, 1.1694596161430866</corner2></bounds><pose><translation>2.9949451855890334, -1.1481060618253958, 0.0</translation><rotation><c1>0, 0, 0</c1><c2>0, 0, 0</c2><c3>0, 0, 0</c3></rotation></pose><symmetry><x>twoFold</x><y>cylindrical</y><z>twoFold</z></symmetry><detectionScore>-1.0</detectionScore></element></elements></scene>