<?xml version='1.0' encoding='utf-8'?>
<scene xmlns:sumo="https://www.sumochallenge.org"><version>2.0</version><categories><id>fb_categories_v1_0</id><url>https://sumochallenge.org/en/categories-1_0.json</url></categories><project_type>bounding_box</project_type><elements><element><id>0</id><category>dining_table</category><bounds><corner1>-0.8464347360996672, -2.0606845073672035, -0.6884166024906977</corner1><corner2>0.8464347360996672, 2.0606845073672035, 0.6884166024906977</corner2></bounds><pose><translation>-1.1763980921863648, 3.221054695060487, -1.1918617476269517</translation><rotation><c1>0, 0, 0</c1><c2>0, 0, 0</c2><c3>0, 0, 0</c3></rotation></pose><symmetry><x>twoFold</x><y>cylindrical</y><z>twoFold</z></symmetry><detectionScore>-1.0</detectionScore></element><element><id>1</id><category>plant</category><bounds><corner1>-1.82418775869575, -0.6810417944063074, -0.7606143124593927</corner1><corner2>1.82418775869575, 0.6810417944063074, 0.7606143124593927</corner2></bounds><pose><translation>-3.263388608090692, 4.661539463674089, -0.8825594614188482</translation><rotation><c1>0, 0, 0</c1><c2>0, 0, 0</c2><c3>0, 0, 0</c3></rotation></pose><symmetry><x>twoFold</x><y>cylindrical</y><z>twoFold</z></symmetry><detectionScore>-1.0</detectionScore></element><element><id>2</id><category>wall</category><bounds><corner1>-1.3694547727554403, -1.053357501780921, -1.3780619186939633</corner1><corner2>1.3694547727554403, 1.053357501780921, 1.3780619186939633</corner2></bounds><pose><translation>-1.2672186182437386, 4.3323083931187085, -0.07705149283790258</translation><rotation><c1>0, 0, 0</c1><c2>0, 0, 0</c2><c3>0, 0, 0</c3></rotation></pose><symmetry><x>twoFold</x><y>cylindrical</y><z>twoFold</z></symmetry><detectionScore>-1.0</detectionScore></element><element><id>3</id><category>motorcycle</category><bounds><corner1>-1.5958499030157627, -2.684146516494901, -1.1374773872375998</corner1><corner2>1.5958499030157627, 2.684146516494901, 1.1374773872375998</corner2></bounds><pose><translation>0.42857723928699015, -2.684146516494901, -1.1374773872375998</translation><rotation><c1>0, 0, 0</c1><c2>0, 0, 0</c2><c3>0, 0, 0</c3></rotation></pose><symmetry><x>twoFold</x><y>cylindrical</y><z>twoFold</z></symmetry><detectionScore>-1.0</detectionScore></element><element><id>4</id><category>car</category><bounds><corner1>-1.6268528033494687, -2.662398280825723, -1.0800420655394916</corner1><corner2>1.6268528033494687, 2.662398280825723, 1.0800420655394916</corner2></bounds><pose><translation>0.5241043456263164, -2.662398280825723, -1.0800420655394916</translation><rotation><c1>0, 0, 0</c1><c2>0, 0, 0</c2><c3>0, 0, 0</c3></rotation></pose><symmetry><x>twoFold</x><y>cylindrical</y><z>twoFold</z></symmetry><detectionScore>-1.0</detectionScore></element><element><id>5</id><category>door</category><bounds><corner1>-0.8969854472894694, -0.6431500039830444, -0.9974673060202682</corner1><corner2>0.8969854472894694, 0.6431500039830444, 0.9974673060202682</corner2></bounds><pose><translation>2.221077279450648, 0.9243631292400605, -0.178502171086092</translation><rotation><c1>0, 0, 0</c1><c2>0, 0, 0</c2><c3>0, 0, 0</c3></rotation></pose><symmetry><x>twoFold</x><y>cylindrical</y><z>twoFold</z></symmetry><detectionScore>-1.0</detectionScore></element><element><id>6</id><category>wall</category><bounds><corner1>-0.6671071334288107, -2.06447697169063, -1.5442105276870641</corner1><corner2>0.6671071334288107, 2.06447697169063, 1.5442105276870641</corner2></bounds><pose><translation>-1.4008929906434466, -3.7137922789375963, -0.19993009735901812</translation><rotation><c1>0, 0, 0</c1><c2>0, 0, 0</c2><c3>0, 0, 0</c3></rotation></pose><symmetry><x>twoFold</x><y>cylindrical</y><z>twoFold</z></symmetry><detectionScore>-1.0</detectionScore></element><element><id>7</id><category>chair</category><bounds><corner1>-0.5024912208757734, -2.375680955324217, -1.0603141587849798</corner1><corner2>0.5024912208757734, 2.375680955324217, 1.0603141587849798</corner2></bounds><pose><translation>-1.3149529376472284, 2.9154181944004254, -1.5057212370948132</translation><rotation><c1>0, 0, 0</c1><c2>0, 0, 0</c2><c3>0, 0, 0</c3></rotation></pose><symmetry><x>twoFold</x><y>cylindrical</y><z>twoFold</z></symmetry><detectionScore>-1.0</detectionScore></element><element><id>8</id><category>desk</category><bounds><corner1>-0.8509436405346567, -2.0657917018513587, -0.7205612438068159</corner1><corner2>0.8509436405346567, 2.0657917018513587, 0.7205612438068159</corner2></bounds><pose><translation>-1.189199858538671, 3.214079095687795, -1.249217282586284</translation><rotation><c1>0, 0, 0</c1><c2>0, 0, 0</c2><c3>0, 0, 0</c3></rotation></pose><symmetry><x>twoFold</x><y>cylindrical</y><z>twoFold</z></symmetry><detectionScore>-1.0</detectionScore></element><element><id>9</id><category>person</category><bounds><corner1>-0.49217379955231055, -2.2739983266124693, -1.0252149170318503</corner1><corner2>0.49217379955231055, 2.2739983266124693, 1.0252149170318503</corner2></bounds><pose><translation>-1.3348361596958735, 3.079091532429999, -1.0339611883998974</translation><rotation><c1>0, 0, 0</c1><c2>0, 0, 0</c2><c3>0, 0, 0</c3></rotation></pose><symmetry><x>twoFold</x><y>cylindrical</y><z>twoFold</z></symmetry><detectionScore>-1.0</detectionScore></element><element><id>10</id><category>wall</category><bounds><corner1>-0.5640609796596772, -0.08308473262132887, -1.5314692994510588</corner1><corner2>0.5640609796596772, 0.08308473262132887, 1.5314692994510588</corner2></bounds><pose><translation>-2.561858581939969, 2.0119622612119414, -0.08747722154860443</translation><rotation><c1>0, 0, 0</c1><c2>0, 0, 0</c2><c3>0, 0, 0</c3></rotation></pose><symmetry><x>twoFold</x><y>cylindrical</y><z>twoFold</z></symmetry><detectionScore>-1.0</detectionScore></element><element><id>11</id><category>garage_door</category><bounds><corner1>-2.078201602477872, -3.00139235031143, -1.3582727540554542</corner1><corner2>2.078201602477872, 3.00139235031143, 1.3582727540554542</corner2></bounds><pose><translation>0.0, -3.00139235031143, 0.0</translation><rotation><c1>0, 0, 0</c1><c2>0, 0, 0</c2><c3>0, 0, 0</c3></rotation></pose><symmetry><x>twoFold</x><y>cylindrical</y><z>twoFold</z></symmetry><detectionScore>-1.0</detectionScore></element><element><id>12</id><category>wall</category><bounds><corner1>-0.26200817491561823, -1.4788189693058862, -1.515650393343798</corner1><corner2>0.26200817491561823, 1.4788189693058862, 1.515650393343798</corner2></bounds><pose><translation>-0.13709342265440674, 2.206414014055991, -0.07658353739026</translation><rotation><c1>0, 0, 0</c1><c2>0, 0, 0</c2><c3>0, 0, 0</c3></rotation></pose><symmetry><x>twoFold</x><y>cylindrical</y><z>twoFold</z></symmetry><detectionScore>-1.0</detectionScore></element><element><id>13</id><category>wall</category><bounds><corner1>-1.6325352799207438, -0.1142769910566237, -1.452270891248979</corner1><corner2>1.6325352799207438, 0.1142769910566237, 1.452270891248979</corner2></bounds><pose><translation>-3.022292129668399, 5.24499055528423, -0.1596502797242685</translation><rotation><c1>0, 0, 0</c1><c2>0, 0, 0</c2><c3>0, 0, 0</c3></rotation></pose><symmetry><x>twoFold</x><y>cylindrical</y><z>twoFold</z></symmetry><detectionScore>-1.0</detectionScore></element><element><id>14</id><category>garage_door</category><bounds><corner1>-1.988883857976292, -3.744183585226716, -1.2739012276611787</corner1><corner2>1.988883857976292, 3.744183585226716, 1.2739012276611787</corner2></bounds><pose><translation>0.0, -3.744183585226716, 0.0</translation><rotation><c1>0, 0, 0</c1><c2>0, 0, 0</c2><c3>0, 0, 0</c3></rotation></pose><symmetry><x>twoFold</x><y>cylindrical</y><z>twoFold</z></symmetry><detectionScore>-1.0</detectionScore></element><element><id>15</id><category>wall</category><bounds><corner1>-1.9242236067918776, -2.0314045321293976, -1.5015369992623764</corner1><corner2>1.9242236067918776, 2.0314045321293976, 1.5015369992623764</corner2></bounds><pose><translation>-2.9235936165012637, -3.65235746966747, -0.1540156965972114</translation><rotation><c1>0, 0, 0</c1><c2>0, 0, 0</c2><c3>0, 0, 0</c3></rotation></pose><symmetry><x>twoFold</x><y>cylindrical</y><z>twoFold</z></symmetry><detectionScore>-1.0</detectionScore></element><element><id>16</id><category>chandelier</category><bounds><corner1>-0.13493995743018994, -0.45972478775688375, -0.7190508884722812</corner1><corner2>0.13493995743018994, 0.45972478775688375, 0.7190508884722812</corner2></bounds><pose><translation>-1.09221098286917, -2.1099672759772705, 0.6386885851118637</translation><rotation><c1>0, 0, 0</c1><c2>0, 0, 0</c2><c3>0, 0, 0</c3></rotation></pose><symmetry><x>twoFold</x><y>cylindrical</y><z>twoFold</z></symmetry><detectionScore>-1.0</detectionScore></element><element><id>17</id><category>wall</category><bounds><corner1>-0.8555848325318198, -1.3599383888823495, -1.477565536390907</corner1><corner2>0.8555848325318198, 1.3599383888823495, 1.477565536390907</corner2></bounds><pose><translation>2.193010604914753, 0.535287803644725, 0.0</translation><rotation><c1>0, 0, 0</c1><c2>0, 0, 0</c2><c3>0, 0, 0</c3></rotation></pose><symmetry><x>twoFold</x><y>cylindrical</y><z>twoFold</z></symmetry><detectionScore>-1.0</detectionScore></element><element><id>18</id><category>chandelier</category><bounds><corner1>-0.23095988509140009, -0.5163587757823824, -0.7506689148081528</corner1><corner2>0.23095988509140009, 0.5163587757823824, 0.7506689148081528</corner2></bounds><pose><translation>-1.141431084189603, -2.1433200126125365, 0.6312423881107431</translation><rotation><c1>0, 0, 0</c1><c2>0, 0, 0</c2><c3>0, 0, 0</c3></rotation></pose><symmetry><x>twoFold</x><y>cylindrical</y><z>twoFold</z></symmetry><detectionScore>-1.0</detectionScore></element><element><id>19</id><category>wall</category><bounds><corner1>-1.9125987709883698, -3.8278134877260905, -1.28312046159294</corner1><corner2>1.9125987709883698, 3.8278134877260905, 1.28312046159294</corner2></bounds><pose><translation>0.0, -3.8278134877260905, 0.0</translation><rotation><c1>0, 0, 0</c1><c2>0, 0, 0</c2><c3>0, 0, 0</c3></rotation></pose><symmetry><x>twoFold</x><y>cylindrical</y><z>twoFold</z></symmetry><detectionScore>-1.0</detectionScore></element><element><id>20</id><category>armchair</category><bounds><corner1>-0.43611240659998096, -2.2324787187544817, -0.7735019972927007</corner1><corner2>0.43611240659998096, 2.2324787187544817, 0.7735019972927007</corner2></bounds><pose><translation>-1.2595882940728245, 3.0476776860841386, -1.2016992160352467</translation><rotation><c1>0, 0, 0</c1><c2>0, 0, 0</c2><c3>0, 0, 0</c3></rotation></pose><symmetry><x>twoFold</x><y>cylindrical</y><z>twoFold</z></symmetry><detectionScore>-1.0</detectionScore></element><element><id>21</id><category>wall</category><bounds><corner1>-0.18829246800067034, -0.8028944824958393, -1.504869001328263</corner1><corner2>0.18829246800067034, 0.8028944824958393, 1.504869001328263</corner2></bounds><pose><translation>-3.6391871882416473, -2.3839056794894797, -0.17361981053814546</translation><rotation><c1>0, 0, 0</c1><c2>0, 0, 0</c2><c3>0, 0, 0</c3></rotation></pose><symmetry><x>twoFold</x><y>cylindrical</y><z>twoFold</z></symmetry><detectionScore>-1.0</detectionScore></element><element><id>22</id><category>wall</category><bounds><corner1>-1.534685143473368, -1.0389608957758334, -0.05898801398172407</corner1><corner2>1.534685143473368, 1.0389608957758334, 0.05898801398172407</corner2></bounds><pose><translation>0.6549762502371795, -1.0389608957758334, -0.026574042989934446</translation><rotation><c1>0, 0, 0</c1><c2>0, 0, 0</c2><c3>0, 0, 0</c3></rotation></pose><symmetry><x>twoFold</x><y>cylindrical</y><z>twoFold</z></symmetry><detectionScore>-1.0</detectionScore></element><element><id>23</id><category>motorcycle</category><bounds><corner1>-1.1654624395100655, -3.7988085340386983, -0.8694919684545088</corner1><corner2>1.1654624395100655, 3.7988085340386983, 0.8694919684545088</corner2></bounds><pose><translation>-0.03750258021009549, -3.7988085340386983, -0.8694919684545088</translation><rotation><c1>0, 0, 0</c1><c2>0, 0, 0</c2><c3>0, 0, 0</c3></rotation></pose><symmetry><x>twoFold</x><y>cylindrical</y><z>twoFold</z></symmetry><detectionScore>-1.0</detectionScore></element><element><id>24</id><category>wall</category><bounds><corner1>-0.5774109731519723, -1.3599832897725774, -1.340115178455299</corner1><corner2>0.5774109731519723, 1.3599832897725774, 1.340115178455299</corner2></bounds><pose><translation>-3.70765688520234, 0.0692035488500514, -0.0797915913115966</translation><rotation><c1>0, 0, 0</c1><c2>0, 0, 0</c2><c3>0, 0, 0</c3></rotation></pose><symmetry><x>twoFold</x><y>cylindrical</y><z>twoFold</z></symmetry><detectionScore>-1.0</detectionScore></element><element><id>25</id><category>door</category><bounds><corner1>-1.8284063354417543, -2.0582686339480976, -1.7837722389264143</corner1><corner2>1.8284063354417543, 2.0582686339480976, 1.7837722389264143</corner2></bounds><pose><translation>-2.869266050847772, -3.7144936829291586, -0.5870421928937408</translation><rotation><c1>0, 0, 0</c1><c2>0, 0, 0</c2><c3>0, 0, 0</c3></rotation></pose><symmetry><x>twoFold</x><y>cylindrical</y><z>twoFold</z></symmetry><detectionScore>-1.0</detectionScore></element><element><id>26</id><category>wall</category><bounds><corner1>-0.8167886846027317, -0.7910655374364239, -1.5029733326611023</corner1><corner2>0.8167886846027317, 0.7910655374364239, 1.5029733326611023</corner2></bounds><pose><translation>-3.533030674702094, 4.5013660730891925, -0.17894709347395485</translation><rotation><c1>0, 0, 0</c1><c2>0, 0, 0</c2><c3>0, 0, 0</c3></rotation></pose><symmetry><x>twoFold</x><y>cylindrical</y><z>twoFold</z></symmetry><detectionScore>-1.0</detectionScore></element></elements></scene>