<?xml version='1.0' encoding='utf-8'?>
<scene xmlns:sumo="https://www.sumochallenge.org"><version>2.0</version><categories><id>fb_categories_v1.0</id><url>https://sumochallenge.org/en/categories-1_0.json</url></categories><project_type>bounding_box</project_type><elements><element><id>4</id><category>picture_frame</category><bounds><corner1>-0.48907421, -0.47776659, -0.06495717</corner1><corner2>0.48907421, 0.47776659, 0.06495717</corner2></bounds><pose><translation> 2.74269194,  0.18970951, -3.9652007 </translation><rotation><c1>1., 0., 0.</c1><c2>0., 1., 0.</c2><c3>0., 0., 1.</c3></rotation></pose><symmetry><x>none</x><y>fourFold</y><z>none</z></symmetry><detectionScore>0.9966845</detectionScore></element><element><id>1</id><category>plant</category><bounds><corner1>-0.58589789, -0.74933976, -0.33409569</corner1><corner2>0.58589789, 0.74933976, 0.33409569</corner2></bounds><pose><translation>-2.69401454, -0.92109591,  0.23745561</translation><rotation><c1>1., 0., 0.</c1><c2>0., 1., 0.</c2><c3>0., 0., 1.</c3></rotation></pose><symmetry><x>none</x><y>cylindrical</y><z>none</z></symmetry><detectionScore>0.95320183</detectionScore></element><element><id>5</id><category>picture_frame</category><bounds><corner1>-0.657913  , -0.36016416, -0.07292164</corner1><corner2>0.657913  , 0.36016416, 0.07292164</corner2></bounds><pose><translation>0.16299539, 0.11569376, 1.73402964</translation><rotation><c1>1., 0., 0.</c1><c2>0., 1., 0.</c2><c3>0., 0., 1.</c3></rotation></pose><symmetry><x>none</x><y>fourFold</y><z>none</z></symmetry><detectionScore>0.7518374</detectionScore></element><element><id>11</id><category>door</category><bounds><corner1>-4.48676952, -1.21755342, -1.07525769</corner1><corner2>4.48676952, 1.21755342, 1.07525769</corner2></bounds><pose><translation> 4.60969978, -0.26062098, -3.73729771</translation><rotation><c1>1., 0., 0.</c1><c2>0., 1., 0.</c2><c3>0., 0., 1.</c3></rotation></pose><symmetry><x>twoFold</x><y>twoFold</y><z>twoFold</z></symmetry><detectionScore>0.70626056</detectionScore></element><element><id>10</id><category>chair</category><bounds><corner1>-0.39197609, -0.30199481, -0.36230226</corner1><corner2>0.39197609, 0.30199481, 0.36230226</corner2></bounds><pose><translation>-1.74095597, -0.89742465, -0.43831073</translation><rotation><c1>1., 0., 0.</c1><c2>0., 1., 0.</c2><c3>0., 0., 1.</c3></rotation></pose><symmetry><x>none</x><y>none</y><z>none</z></symmetry><detectionScore>0.9667946</detectionScore></element><element><id>3</id><category>window</category><bounds><corner1>-0.23505551, -0.59994576, -0.98313514</corner1><corner2>0.23505551, 0.59994576, 0.98313514</corner2></bounds><pose><translation>-2.7601424 ,  0.23489353, -1.46843655</translation><rotation><c1>1., 0., 0.</c1><c2>0., 1., 0.</c2><c3>0., 0., 1.</c3></rotation></pose><symmetry><x>none</x><y>twoFold</y><z>none</z></symmetry><detectionScore>0.9121043</detectionScore></element><element><id>2</id><category>chandelier</category><bounds><corner1>-0.36262972, -0.03631079, -0.28514617</corner1><corner2>0.36262972, 0.03631079, 0.28514617</corner2></bounds><pose><translation>-1.02356888,  1.28163198, -2.73208731</translation><rotation><c1>1., 0., 0.</c1><c2>0., 1., 0.</c2><c3>0., 0., 1.</c3></rotation></pose><symmetry><x>none</x><y>cylindrical</y><z>none</z></symmetry><detectionScore>0.7457754</detectionScore></element><element><id>9</id><category>glass</category><bounds><corner1>-0.13537833, -0.25400893, -0.16955928</corner1><corner2>0.13537833, 0.25400893, 0.16955928</corner2></bounds><pose><translation> 4.49099851,  0.49352332, -2.15308856</translation><rotation><c1>1., 0., 0.</c1><c2>0., 1., 0.</c2><c3>0., 0., 1.</c3></rotation></pose><symmetry><x>none</x><y>cylindrical</y><z>none</z></symmetry><detectionScore>0.59377986</detectionScore></element><element><id>8</id><category>picture_frame</category><bounds><corner1>-0.04494363, -0.42789753, -0.37096558</corner1><corner2>0.04494363, 0.42789753, 0.37096558</corner2></bounds><pose><translation>-2.68992018,  0.37562865,  0.49213174</translation><rotation><c1>1., 0., 0.</c1><c2>0., 1., 0.</c2><c3>0., 0., 1.</c3></rotation></pose><symmetry><x>none</x><y>fourFold</y><z>none</z></symmetry><detectionScore>0.99476445</detectionScore></element><element><id>7</id><category>wall</category><bounds><corner1>-3.33527076, -1.23684419, -2.3050891 </corner1><corner2>3.33527076, 1.23684419, 2.3050891 </corner2></bounds><pose><translation> 4.50351795, -0.01332895, -0.95575505</translation><rotation><c1>1., 0., 0.</c1><c2>0., 1., 0.</c2><c3>0., 0., 1.</c3></rotation></pose><symmetry><x>none</x><y>twoFold</y><z>none</z></symmetry><detectionScore>0.9545644</detectionScore></element></elements></scene>