<?xml version='1.0' encoding='utf-8'?>
<scene xmlns:sumo="https://www.sumochallenge.org"><version>2.0</version><categories><id>fb_categories_v1_0</id><url>https://sumochallenge.org/en/categories-1_0.json</url></categories><project_type>bounding_box</project_type><elements><element><id>0</id><category>kitchen_cabinet</category><bounds><corner1>-2.6854125645914477, -3.049868454604077, -1.3923937320428488</corner1><corner2>2.6854125645914477, 3.049868454604077, 1.3923937320428488</corner2></bounds><pose><translation>1.1211418341676282, -5.158963423891976, -0.09369426588183696</translation><rotation><c1>0, 0, 0</c1><c2>0, 0, 0</c2><c3>0, 0, 0</c3></rotation></pose><symmetry><x>twoFold</x><y>cylindrical</y><z>twoFold</z></symmetry><detectionScore>-1.0</detectionScore></element><element><id>1</id><category>fruit_bowl</category><bounds><corner1>-0.8270775744773058, -0.20460668201794063, -0.16503641827795057</corner1><corner2>0.8270775744773058, 0.20460668201794063, 0.16503641827795057</corner2></bounds><pose><translation>1.0770249123687294, -1.5510444727270138, -0.796945836003516</translation><rotation><c1>0, 0, 0</c1><c2>0, 0, 0</c2><c3>0, 0, 0</c3></rotation></pose><symmetry><x>twoFold</x><y>cylindrical</y><z>twoFold</z></symmetry><detectionScore>-1.0</detectionScore></element><element><id>2</id><category>armchair</category><bounds><corner1>-2.2940253519085925, -1.2288740430891618, -0.8638145856037378</corner1><corner2>2.2940253519085925, 1.2288740430891618, 0.8638145856037378</corner2></bounds><pose><translation>-2.2940253519085925, -1.2288740430891618, -0.8638145856037378</translation><rotation><c1>0, 0, 0</c1><c2>0, 0, 0</c2><c3>0, 0, 0</c3></rotation></pose><symmetry><x>twoFold</x><y>cylindrical</y><z>twoFold</z></symmetry><detectionScore>-1.0</detectionScore></element><element><id>3</id><category>kitchen_cabinet</category><bounds><corner1>-0.9687719945643098, -2.141060894193584, -0.19846003766554532</corner1><corner2>0.9687719945643098, 2.141060894193584, 0.19846003766554532</corner2></bounds><pose><translation>3.3103176347246968, -4.478725414232618, -0.7724329957295553</translation><rotation><c1>0, 0, 0</c1><c2>0, 0, 0</c2><c3>0, 0, 0</c3></rotation></pose><symmetry><x>twoFold</x><y>cylindrical</y><z>twoFold</z></symmetry><detectionScore>-1.0</detectionScore></element><element><id>4</id><category>window</category><bounds><corner1>-0.5124214214242517, -0.9125796380797124, -0.7883749652178844</corner1><corner2>0.5124214214242517, 0.9125796380797124, 0.7883749652178844</corner2></bounds><pose><translation>4.019208079891274, -2.6083002491211644, 0.059083298889839236</translation><rotation><c1>0, 0, 0</c1><c2>0, 0, 0</c2><c3>0, 0, 0</c3></rotation></pose><symmetry><x>twoFold</x><y>cylindrical</y><z>twoFold</z></symmetry><detectionScore>-1.0</detectionScore></element><element><id>5</id><category>wall</category><bounds><corner1>-3.716311353101352, -5.366544813988165, -1.3466488899767042</corner1><corner2>3.716311353101352, 5.366544813988165, 1.3466488899767042</corner2></bounds><pose><translation>0.08358271571462604, -7.480316045854785, -0.08360745435487477</translation><rotation><c1>0, 0, 0</c1><c2>0, 0, 0</c2><c3>0, 0, 0</c3></rotation></pose><symmetry><x>twoFold</x><y>cylindrical</y><z>twoFold</z></symmetry><detectionScore>-1.0</detectionScore></element><element><id>6</id><category>window</category><bounds><corner1>-4.002510189668115, -2.238599142435289, -0.643564909203513</corner1><corner2>4.002510189668115, 2.238599142435289, 0.643564909203513</corner2></bounds><pose><translation>-4.002510189668115, -2.238599142435289, 0.0</translation><rotation><c1>0, 0, 0</c1><c2>0, 0, 0</c2><c3>0, 0, 0</c3></rotation></pose><symmetry><x>twoFold</x><y>cylindrical</y><z>twoFold</z></symmetry><detectionScore>-1.0</detectionScore></element><element><id>7</id><category>kitchen_cabinet</category><bounds><corner1>-0.6433077923424255, -1.3801950838334993, -0.27073614082482433</corner1><corner2>0.6433077923424255, 1.3801950838334993, 0.27073614082482433</corner2></bounds><pose><translation>3.7586799560664925, -2.627852071678872, -0.9712636434723646</translation><rotation><c1>0, 0, 0</c1><c2>0, 0, 0</c2><c3>0, 0, 0</c3></rotation></pose><symmetry><x>twoFold</x><y>cylindrical</y><z>twoFold</z></symmetry><detectionScore>-1.0</detectionScore></element><element><id>8</id><category>chandelier</category><bounds><corner1>-1.3206297839938297, -0.7981335786783434, -0.24799412076994054</corner1><corner2>1.3206297839938297, 0.7981335786783434, 0.24799412076994054</corner2></bounds><pose><translation>-3.834794662622594, -4.8031562479474905, 1.079600026010461</translation><rotation><c1>0, 0, 0</c1><c2>0, 0, 0</c2><c3>0, 0, 0</c3></rotation></pose><symmetry><x>twoFold</x><y>cylindrical</y><z>twoFold</z></symmetry><detectionScore>-1.0</detectionScore></element><element><id>9</id><category>window</category><bounds><corner1>-0.7926722402499498, -1.850650828840931, -0.9056488170206066</corner1><corner2>0.7926722402499498, 1.850650828840931, 0.9056488170206066</corner2></bounds><pose><translation>-3.856261421611036, -6.254373979653359, 0.006855600752825016</translation><rotation><c1>0, 0, 0</c1><c2>0, 0, 0</c2><c3>0, 0, 0</c3></rotation></pose><symmetry><x>twoFold</x><y>cylindrical</y><z>twoFold</z></symmetry><detectionScore>-1.0</detectionScore></element><element><id>10</id><category>chair</category><bounds><corner1>-1.621076844524957, -2.2447072564881854, -1.1720483205441097</corner1><corner2>1.621076844524957, 2.2447072564881854, 1.1720483205441097</corner2></bounds><pose><translation>-1.621076844524957, -2.2447072564881854, -1.1720483205441097</translation><rotation><c1>0, 0, 0</c1><c2>0, 0, 0</c2><c3>0, 0, 0</c3></rotation></pose><symmetry><x>twoFold</x><y>cylindrical</y><z>twoFold</z></symmetry><detectionScore>-1.0</detectionScore></element><element><id>11</id><category>chair</category><bounds><corner1>-1.201711070320969, -0.6944732156829052, -0.16744719360170202</corner1><corner2>1.201711070320969, 0.6944732156829052, 0.16744719360170202</corner2></bounds><pose><translation>0.6997888802112489, -2.0462205751294493, -0.8403940630061981</translation><rotation><c1>0, 0, 0</c1><c2>0, 0, 0</c2><c3>0, 0, 0</c3></rotation></pose><symmetry><x>twoFold</x><y>cylindrical</y><z>twoFold</z></symmetry><detectionScore>-1.0</detectionScore></element><element><id>12</id><category>wall</category><bounds><corner1>-2.4488663692160606, -1.5484607662879566, -1.4990143263574727</corner1><corner2>2.4488663692160606, 1.5484607662879566, 1.4990143263574727</corner2></bounds><pose><translation>-4.040519703574479, -0.803079532521301, -0.19530386381253734</translation><rotation><c1>0, 0, 0</c1><c2>0, 0, 0</c2><c3>0, 0, 0</c3></rotation></pose><symmetry><x>twoFold</x><y>cylindrical</y><z>twoFold</z></symmetry><detectionScore>-1.0</detectionScore></element><element><id>13</id><category>chair</category><bounds><corner1>-2.4257023255271934, -1.1885101163918472, -0.8906147899227054</corner1><corner2>2.4257023255271934, 1.1885101163918472, 0.8906147899227054</corner2></bounds><pose><translation>-2.4257023255271934, -1.1885101163918472, -0.8906147899227054</translation><rotation><c1>0, 0, 0</c1><c2>0, 0, 0</c2><c3>0, 0, 0</c3></rotation></pose><symmetry><x>twoFold</x><y>cylindrical</y><z>twoFold</z></symmetry><detectionScore>-1.0</detectionScore></element><element><id>14</id><category>chandelier</category><bounds><corner1>-3.8473507112355434, -2.7210586646401596, -0.2960372630783672</corner1><corner2>3.8473507112355434, 2.7210586646401596, 0.2960372630783672</corner2></bounds><pose><translation>-3.8473507112355434, -2.7210586646401596, 1.0542460035044545</translation><rotation><c1>0, 0, 0</c1><c2>0, 0, 0</c2><c3>0, 0, 0</c3></rotation></pose><symmetry><x>twoFold</x><y>cylindrical</y><z>twoFold</z></symmetry><detectionScore>-1.0</detectionScore></element><element><id>15</id><category>chandelier</category><bounds><corner1>-0.952343127582052, -0.5700592145432976, -0.07204943330590896</corner1><corner2>0.952343127582052, 0.5700592145432976, 0.07204943330590896</corner2></bounds><pose><translation>1.7283095063313816, 0.3066486503967988, 1.472941328812105</translation><rotation><c1>0, 0, 0</c1><c2>0, 0, 0</c2><c3>0, 0, 0</c3></rotation></pose><symmetry><x>twoFold</x><y>cylindrical</y><z>twoFold</z></symmetry><detectionScore>-1.0</detectionScore></element><element><id>16</id><category>kitchen_cabinet</category><bounds><corner1>-0.41127271956505673, -2.9811491457895944, -0.25448141058048457</corner1><corner2>0.41127271956505673, 2.9811491457895944, 0.25448141058048457</corner2></bounds><pose><translation>3.5441448360245937, -5.641642902505794, -0.7686696450564111</translation><rotation><c1>0, 0, 0</c1><c2>0, 0, 0</c2><c3>0, 0, 0</c3></rotation></pose><symmetry><x>twoFold</x><y>cylindrical</y><z>twoFold</z></symmetry><detectionScore>-1.0</detectionScore></element><element><id>17</id><category>chair</category><bounds><corner1>-0.38079042334301194, -0.7808076026721731, -0.1306104891009019</corner1><corner2>0.38079042334301194, 0.7808076026721731, 0.1306104891009019</corner2></bounds><pose><translation>-0.0729073863367028, -2.0215362304311633, -1.190732939434505</translation><rotation><c1>0, 0, 0</c1><c2>0, 0, 0</c2><c3>0, 0, 0</c3></rotation></pose><symmetry><x>twoFold</x><y>cylindrical</y><z>twoFold</z></symmetry><detectionScore>-1.0</detectionScore></element><element><id>18</id><category>ottoman</category><bounds><corner1>-0.3809728847791677, -0.1943939092664715, -0.045081722496020715</corner1><corner2>0.3809728847791677, 0.1943939092664715, 0.045081722496020715</corner2></bounds><pose><translation>-0.06195060026998373, -1.4138551489479554, -1.1895933504497187</translation><rotation><c1>0, 0, 0</c1><c2>0, 0, 0</c2><c3>0, 0, 0</c3></rotation></pose><symmetry><x>twoFold</x><y>cylindrical</y><z>twoFold</z></symmetry><detectionScore>-1.0</detectionScore></element><element><id>19</id><category>wall</category><bounds><corner1>-2.455738870362432, -2.4440456739473024, -0.6989753577571295</corner1><corner2>2.455738870362432, 2.4440456739473024, 0.6989753577571295</corner2></bounds><pose><translation>1.8772805822069127, -4.233409063531434, -0.06725977284881775</translation><rotation><c1>0, 0, 0</c1><c2>0, 0, 0</c2><c3>0, 0, 0</c3></rotation></pose><symmetry><x>twoFold</x><y>cylindrical</y><z>twoFold</z></symmetry><detectionScore>-1.0</detectionScore></element><element><id>20</id><category>kitchen_cabinet</category><bounds><corner1>-0.6111773909553042, -0.7159271850934359, -0.376815698303569</corner1><corner2>0.6111773909553042, 0.7159271850934359, 0.376815698303569</corner2></bounds><pose><translation>3.8396292849769535, -1.3896729010933078, -1.0767249144212019</translation><rotation><c1>0, 0, 0</c1><c2>0, 0, 0</c2><c3>0, 0, 0</c3></rotation></pose><symmetry><x>twoFold</x><y>cylindrical</y><z>twoFold</z></symmetry><detectionScore>-1.0</detectionScore></element><element><id>21</id><category>wall</category><bounds><corner1>-0.6051389959687983, -2.1907923040697845, -1.4449954493026123</corner1><corner2>0.6051389959687983, 2.1907923040697845, 1.4449954493026123</corner2></bounds><pose><translation>3.9286568300733125, -1.4693320856725887, -0.1353217099904049</translation><rotation><c1>0, 0, 0</c1><c2>0, 0, 0</c2><c3>0, 0, 0</c3></rotation></pose><symmetry><x>twoFold</x><y>cylindrical</y><z>twoFold</z></symmetry><detectionScore>-1.0</detectionScore></element><element><id>22</id><category>refrigerator</category><bounds><corner1>-0.110895235015533, -0.4822562568987617, -1.022313047917025</corner1><corner2>0.110895235015533, 0.4822562568987617, 1.022313047917025</corner2></bounds><pose><translation>3.8799512131278284, -0.10390045496014248, -0.6586504886921178</translation><rotation><c1>0, 0, 0</c1><c2>0, 0, 0</c2><c3>0, 0, 0</c3></rotation></pose><symmetry><x>twoFold</x><y>cylindrical</y><z>twoFold</z></symmetry><detectionScore>-1.0</detectionScore></element><element><id>23</id><category>refrigerator</category><bounds><corner1>-0.5946091129558724, -0.520758490076984, -1.0326855402482433</corner1><corner2>0.5946091129558724, 0.520758490076984, 1.0326855402482433</corner2></bounds><pose><translation>3.850727560186172, -1.0825689039018453, -0.6706343465115174</translation><rotation><c1>0, 0, 0</c1><c2>0, 0, 0</c2><c3>0, 0, 0</c3></rotation></pose><symmetry><x>twoFold</x><y>cylindrical</y><z>twoFold</z></symmetry><detectionScore>-1.0</detectionScore></element><element><id>24</id><category>chandelier</category><bounds><corner1>-0.5520857323285475, -0.5670553629343982, -0.07588114694954329</corner1><corner2>0.5520857323285475, 0.5670553629343982, 0.07588114694954329</corner2></bounds><pose><translation>-1.8130923603401121, 0.27515627024181427, 1.461561728018182</translation><rotation><c1>0, 0, 0</c1><c2>0, 0, 0</c2><c3>0, 0, 0</c3></rotation></pose><symmetry><x>twoFold</x><y>cylindrical</y><z>twoFold</z></symmetry><detectionScore>-1.0</detectionScore></element><element><id>25</id><category>kitchen_cabinet</category><bounds><corner1>-0.6188411731802996, -3.7268114312299088, -0.1452151435589275</corner1><corner2>0.6188411731802996, 3.7268114312299088, 0.1452151435589275</corner2></bounds><pose><translation>3.0233682081571653, -7.036376235209628, -0.8024973806527783</translation><rotation><c1>0, 0, 0</c1><c2>0, 0, 0</c2><c3>0, 0, 0</c3></rotation></pose><symmetry><x>twoFold</x><y>cylindrical</y><z>twoFold</z></symmetry><detectionScore>-1.0</detectionScore></element><element><id>26</id><category>chandelier</category><bounds><corner1>-3.291964553399438, -2.2423447413431132, -0.6725701231046903</corner1><corner2>3.291964553399438, 2.2423447413431132, 0.6725701231046903</corner2></bounds><pose><translation>-3.291964553399438, -2.2423447413431132, 0.5548170629462947</translation><rotation><c1>0, 0, 0</c1><c2>0, 0, 0</c2><c3>0, 0, 0</c3></rotation></pose><symmetry><x>twoFold</x><y>cylindrical</y><z>twoFold</z></symmetry><detectionScore>-1.0</detectionScore></element><element><id>27</id><category>wall</category><bounds><corner1>-0.5445140567159941, -0.5404556206853006, -1.511940017105339</corner1><corner2>0.5445140567159941, 0.5404556206853006, 1.511940017105339</corner2></bounds><pose><translation>4.001757215913813, 0.2150907014366003, -0.16872126514041236</translation><rotation><c1>0, 0, 0</c1><c2>0, 0, 0</c2><c3>0, 0, 0</c3></rotation></pose><symmetry><x>twoFold</x><y>cylindrical</y><z>twoFold</z></symmetry><detectionScore>-1.0</detectionScore></element><element><id>28</id><category>window</category><bounds><corner1>-0.895472749594278, -0.817782126994828, -0.8295567293316867</corner1><corner2>0.895472749594278, 0.817782126994828, 0.8295567293316867</corner2></bounds><pose><translation>-4.103374046897041, -0.5730054415109243, 0.060349763072588894</translation><rotation><c1>0, 0, 0</c1><c2>0, 0, 0</c2><c3>0, 0, 0</c3></rotation></pose><symmetry><x>twoFold</x><y>cylindrical</y><z>twoFold</z></symmetry><detectionScore>-1.0</detectionScore></element><element><id>29</id><category>kitchen_cabinet</category><bounds><corner1>-1.2680386746311205, -0.7690779603466078, -0.11603327031343635</corner1><corner2>1.2680386746311205, 0.7690779603466078, 0.11603327031343635</corner2></bounds><pose><translation>0.6040151201991348, -2.1303331576839915, -0.8468116377822477</translation><rotation><c1>0, 0, 0</c1><c2>0, 0, 0</c2><c3>0, 0, 0</c3></rotation></pose><symmetry><x>twoFold</x><y>cylindrical</y><z>twoFold</z></symmetry><detectionScore>-1.0</detectionScore></element><element><id>30</id><category>chandelier</category><bounds><corner1>-1.2082320497415908, -1.7142298158951181, -0.41099866340931124</corner1><corner2>1.2082320497415908, 1.7142298158951181, 0.41099866340931124</corner2></bounds><pose><translation>-1.9891569803670555, -7.704771695417456, 0.8832939585726121</translation><rotation><c1>0, 0, 0</c1><c2>0, 0, 0</c2><c3>0, 0, 0</c3></rotation></pose><symmetry><x>twoFold</x><y>cylindrical</y><z>twoFold</z></symmetry><detectionScore>-1.0</detectionScore></element><element><id>31</id><category>window</category><bounds><corner1>-0.5806337620172997, -3.6563087822104636, -0.2527847130670239</corner1><corner2>0.5806337620172997, 3.6563087822104636, 0.2527847130670239</corner2></bounds><pose><translation>3.805009801801119, -5.436060094607496, 0.028027738840421323</translation><rotation><c1>0, 0, 0</c1><c2>0, 0, 0</c2><c3>0, 0, 0</c3></rotation></pose><symmetry><x>twoFold</x><y>cylindrical</y><z>twoFold</z></symmetry><detectionScore>-1.0</detectionScore></element><element><id>32</id><category>chandelier</category><bounds><corner1>-1.0223890435096403, -0.41454056854483234, -0.09112495313254554</corner1><corner2>1.0223890435096403, 0.41454056854483234, 0.09112495313254554</corner2></bounds><pose><translation>3.4944697951229657, -1.0840466533401092, 1.3297405399119973</translation><rotation><c1>0, 0, 0</c1><c2>0, 0, 0</c2><c3>0, 0, 0</c3></rotation></pose><symmetry><x>twoFold</x><y>cylindrical</y><z>twoFold</z></symmetry><detectionScore>-1.0</detectionScore></element><element><id>33</id><category>wall</category><bounds><corner1>-0.9099215736348194, -1.5771034090938238, -1.4450190298411916</corner1><corner2>0.9099215736348194, 1.5771034090938238, 1.4450190298411916</corner2></bounds><pose><translation>-3.832511742658044, -5.914812751842689, -0.15486599747890772</translation><rotation><c1>0, 0, 0</c1><c2>0, 0, 0</c2><c3>0, 0, 0</c3></rotation></pose><symmetry><x>twoFold</x><y>cylindrical</y><z>twoFold</z></symmetry><detectionScore>-1.0</detectionScore></element></elements></scene>