<?xml version='1.0' encoding='utf-8'?>
<scene xmlns:sumo="https://www.sumochallenge.org"><version>2.0</version><categories><id>fb_categories_v1_0</id><url>https://sumochallenge.org/en/categories-1_0.json</url></categories><project_type>bounding_box</project_type><elements><element><id>0</id><category>window</category><bounds><corner1>-1.2392392166207042, -0.11918256684970086, -0.8063592856696501</corner1><corner2>1.2392392166207042, 0.11918256684970086, 0.8063592856696501</corner2></bounds><pose><translation>0.16602379618243832, -3.9597122134469163, 0.0663562012816479</translation><rotation><c1>0, 0, 0</c1><c2>0, 0, 0</c2><c3>0, 0, 0</c3></rotation></pose><symmetry><x>twoFold</x><y>cylindrical</y><z>twoFold</z></symmetry><detectionScore>-1.0</detectionScore></element><element><id>1</id><category>wall</category><bounds><corner1>-1.2839917915007701, -0.14287518461537907, -1.369342851458233</corner1><corner2>1.2839917915007701, 0.14287518461537907, 1.369342851458233</corner2></bounds><pose><translation>0.38352682900135926, 5.516914648965396, -0.07006803201281958</translation><rotation><c1>0, 0, 0</c1><c2>0, 0, 0</c2><c3>0, 0, 0</c3></rotation></pose><symmetry><x>twoFold</x><y>cylindrical</y><z>twoFold</z></symmetry><detectionScore>-1.0</detectionScore></element><element><id>2</id><category>tv_stand</category><bounds><corner1>-0.5793011351048287, -0.8668387052393244, -0.17696654221023222</corner1><corner2>0.5793011351048287, 0.8668387052393244, 0.17696654221023222</corner2></bounds><pose><translation>-3.5744737112502554, -1.4212248593718342, -1.5519295339549988</translation><rotation><c1>0, 0, 0</c1><c2>0, 0, 0</c2><c3>0, 0, 0</c3></rotation></pose><symmetry><x>twoFold</x><y>cylindrical</y><z>twoFold</z></symmetry><detectionScore>-1.0</detectionScore></element><element><id>3</id><category>window</category><bounds><corner1>-0.12168206098741208, -0.9974993939408501, -0.9902339535545981</corner1><corner2>0.12168206098741208, 0.9974993939408501, 0.9902339535545981</corner2></bounds><pose><translation>1.7188311001644927, 3.3067587840310315, 0.06653828255215988</translation><rotation><c1>0, 0, 0</c1><c2>0, 0, 0</c2><c3>0, 0, 0</c3></rotation></pose><symmetry><x>twoFold</x><y>cylindrical</y><z>twoFold</z></symmetry><detectionScore>-1.0</detectionScore></element><element><id>4</id><category>wall</category><bounds><corner1>-2.2360161661482647, -0.5553959552552659, -1.3805333064495966</corner1><corner2>2.2360161661482647, 0.5553959552552659, 1.3805333064495966</corner2></bounds><pose><translation>-0.4840453422663476, -3.89364364534482, -0.17424829726062785</translation><rotation><c1>0, 0, 0</c1><c2>0, 0, 0</c2><c3>0, 0, 0</c3></rotation></pose><symmetry><x>twoFold</x><y>cylindrical</y><z>twoFold</z></symmetry><detectionScore>-1.0</detectionScore></element><element><id>5</id><category>window</category><bounds><corner1>-0.622233763893455, -0.07642686563773671, -1.1834585488782685</corner1><corner2>0.622233763893455, 0.07642686563773671, 1.1834585488782685</corner2></bounds><pose><translation>-2.5568613611817588, 1.9119393175587374, 0.08617216828256312</translation><rotation><c1>0, 0, 0</c1><c2>0, 0, 0</c2><c3>0, 0, 0</c3></rotation></pose><symmetry><x>twoFold</x><y>cylindrical</y><z>twoFold</z></symmetry><detectionScore>-1.0</detectionScore></element><element><id>6</id><category>curtain</category><bounds><corner1>-0.672495437948823, -0.11609355460578907, -1.2970550221951545</corner1><corner2>0.672495437948823, 0.11609355460578907, 1.2970550221951545</corner2></bounds><pose><translation>-1.888115583688092, -3.8865103840030804, -0.21331640720610284</translation><rotation><c1>0, 0, 0</c1><c2>0, 0, 0</c2><c3>0, 0, 0</c3></rotation></pose><symmetry><x>twoFold</x><y>cylindrical</y><z>twoFold</z></symmetry><detectionScore>-1.0</detectionScore></element><element><id>7</id><category>wall</category><bounds><corner1>-0.6220691526049291, -2.720868986860315, -1.509701317573286</corner1><corner2>0.6220691526049291, 2.720868986860315, 1.509701317573286</corner2></bounds><pose><translation>-1.0829299270932866, 2.5507382210454925, -0.03364121985159221</translation><rotation><c1>0, 0, 0</c1><c2>0, 0, 0</c2><c3>0, 0, 0</c3></rotation></pose><symmetry><x>twoFold</x><y>cylindrical</y><z>twoFold</z></symmetry><detectionScore>-1.0</detectionScore></element><element><id>8</id><category>window</category><bounds><corner1>-0.5820026475876778, -0.7591675283311263, -0.8653184789843144</corner1><corner2>0.5820026475876778, 0.7591675283311263, 0.8653184789843144</corner2></bounds><pose><translation>-4.906877440631614, 0.5099416020015501, 0.05375412905186215</translation><rotation><c1>0, 0, 0</c1><c2>0, 0, 0</c2><c3>0, 0, 0</c3></rotation></pose><symmetry><x>twoFold</x><y>cylindrical</y><z>twoFold</z></symmetry><detectionScore>-1.0</detectionScore></element><element><id>9</id><category>window</category><bounds><corner1>-0.5982669584703411, -1.0546236347698368, -0.846731864368116</corner1><corner2>0.5982669584703411, 1.0546236347698368, 0.846731864368116</corner2></bounds><pose><translation>-4.910371127695105, -2.4790057182318317, 0.08204668611816206</translation><rotation><c1>0, 0, 0</c1><c2>0, 0, 0</c2><c3>0, 0, 0</c3></rotation></pose><symmetry><x>twoFold</x><y>cylindrical</y><z>twoFold</z></symmetry><detectionScore>-1.0</detectionScore></element><element><id>10</id><category>wall</category><bounds><corner1>-0.986833619661426, -1.0871986036009373, -1.4178767142599376</corner1><corner2>0.986833619661426, 1.0871986036009373, 1.4178767142599376</corner2></bounds><pose><translation>-4.708521232463326, 0.7048850219732896, -0.0868604516358009</translation><rotation><c1>0, 0, 0</c1><c2>0, 0, 0</c2><c3>0, 0, 0</c3></rotation></pose><symmetry><x>twoFold</x><y>cylindrical</y><z>twoFold</z></symmetry><detectionScore>-1.0</detectionScore></element><element><id>11</id><category>wall</category><bounds><corner1>-0.3614871236941586, -0.14799632443257016, -1.5333066766593455</corner1><corner2>0.3614871236941586, 0.14799632443257016, 1.5333066766593455</corner2></bounds><pose><translation>-1.4654747029098545, 1.9475841706510808, -0.10438158715913239</translation><rotation><c1>0, 0, 0</c1><c2>0, 0, 0</c2><c3>0, 0, 0</c3></rotation></pose><symmetry><x>twoFold</x><y>cylindrical</y><z>twoFold</z></symmetry><detectionScore>-1.0</detectionScore></element><element><id>12</id><category>door</category><bounds><corner1>-0.656907857839024, -0.10665331888250895, -1.2462214082750998</corner1><corner2>0.656907857839024, 0.10665331888250895, 1.2462214082750998</corner2></bounds><pose><translation>-1.79727393928983, -3.892896644846407, -0.38332383902831924</translation><rotation><c1>0, 0, 0</c1><c2>0, 0, 0</c2><c3>0, 0, 0</c3></rotation></pose><symmetry><x>twoFold</x><y>cylindrical</y><z>twoFold</z></symmetry><detectionScore>-1.0</detectionScore></element><element><id>13</id><category>wall</category><bounds><corner1>-0.8321950101415823, -1.7712311116873094, -1.4136011605442818</corner1><corner2>0.8321950101415823, 1.7712311116873094, 1.4136011605442818</corner2></bounds><pose><translation>-4.784913517853108, -2.576035388920979, -0.10014810129597773</translation><rotation><c1>0, 0, 0</c1><c2>0, 0, 0</c2><c3>0, 0, 0</c3></rotation></pose><symmetry><x>twoFold</x><y>cylindrical</y><z>twoFold</z></symmetry><detectionScore>-1.0</detectionScore></element><element><id>14</id><category>column</category><bounds><corner1>-0.31155084494839924, -0.9079681205863324, -1.5780111702703643</corner1><corner2>0.31155084494839924, 0.9079681205863324, 1.5780111702703643</corner2></bounds><pose><translation>-1.124523191581254, 2.055382969588021, -0.09548736080719887</translation><rotation><c1>0, 0, 0</c1><c2>0, 0, 0</c2><c3>0, 0, 0</c3></rotation></pose><symmetry><x>twoFold</x><y>cylindrical</y><z>twoFold</z></symmetry><detectionScore>-1.0</detectionScore></element><element><id>15</id><category>coffee_table</category><bounds><corner1>-0.6297335500337629, -0.9071708098091726, -0.23308987672624437</corner1><corner2>0.6297335500337629, 0.9071708098091726, 0.23308987672624437</corner2></bounds><pose><translation>-3.5708172646249547, -1.4450750312393623, -1.5667572128855676</translation><rotation><c1>0, 0, 0</c1><c2>0, 0, 0</c2><c3>0, 0, 0</c3></rotation></pose><symmetry><x>twoFold</x><y>cylindrical</y><z>twoFold</z></symmetry><detectionScore>-1.0</detectionScore></element><element><id>16</id><category>rug</category><bounds><corner1>-0.38309485112709885, -0.873670277510959, -0.08032520295668233</corner1><corner2>0.38309485112709885, 0.873670277510959, 0.08032520295668233</corner2></bounds><pose><translation>-3.5280753015142947, -1.218476719781831, -1.5138639363844666</translation><rotation><c1>0, 0, 0</c1><c2>0, 0, 0</c2><c3>0, 0, 0</c3></rotation></pose><symmetry><x>twoFold</x><y>cylindrical</y><z>twoFold</z></symmetry><detectionScore>-1.0</detectionScore></element><element><id>17</id><category>window</category><bounds><corner1>-0.11195403755192535, -1.7424941614987413, -1.1344510656735078</corner1><corner2>0.11195403755192535, 1.7424941614987413, 1.1344510656735078</corner2></bounds><pose><translation>-1.096945083338405, 3.194418073280162, 0.1329413512880211</translation><rotation><c1>0, 0, 0</c1><c2>0, 0, 0</c2><c3>0, 0, 0</c3></rotation></pose><symmetry><x>twoFold</x><y>cylindrical</y><z>twoFold</z></symmetry><detectionScore>-1.0</detectionScore></element></elements></scene>