<?xml version='1.0' encoding='utf-8'?>
<scene xmlns:sumo="https://www.sumochallenge.org"><version>2.0</version><categories><id>fb_categories_v1_0</id><url>https://sumochallenge.org/en/categories-1_0.json</url></categories><project_type>bounding_box</project_type><elements><element><id>0</id><category>kitchen_cabinet</category><bounds><corner1>-0.5345676187474317, -0.3887513154007163, -0.1726247967413292</corner1><corner2>0.5345676187474317, 0.3887513154007163, 0.1726247967413292</corner2></bounds><pose><translation>1.25920374406608, -0.43714856590830575, -0.6665476254864264</translation><rotation><c1>0, 0, 0</c1><c2>0, 0, 0</c2><c3>0, 0, 0</c3></rotation></pose><symmetry><x>twoFold</x><y>cylindrical</y><z>twoFold</z></symmetry><detectionScore>-1.0</detectionScore></element><element><id>1</id><category>wall</category><bounds><corner1>-2.355143427662207, -1.802135039844679, -1.3010211354787236</corner1><corner2>2.355143427662207, 1.802135039844679, 1.3010211354787236</corner2></bounds><pose><translation>-3.582764506489412, 2.509747530376034, 0.1077854362412832</translation><rotation><c1>0, 0, 0</c1><c2>0, 0, 0</c2><c3>0, 0, 0</c3></rotation></pose><symmetry><x>twoFold</x><y>cylindrical</y><z>twoFold</z></symmetry><detectionScore>-1.0</detectionScore></element><element><id>2</id><category>pan</category><bounds><corner1>-0.4393058945646573, -0.32547232487734085, -0.09411315376010865</corner1><corner2>0.4393058945646573, 0.32547232487734085, 0.09411315376010865</corner2></bounds><pose><translation>1.2311640281063112, -0.7642107954200201, -0.6485530953361134</translation><rotation><c1>0, 0, 0</c1><c2>0, 0, 0</c2><c3>0, 0, 0</c3></rotation></pose><symmetry><x>twoFold</x><y>cylindrical</y><z>twoFold</z></symmetry><detectionScore>-1.0</detectionScore></element><element><id>3</id><category>chandelier</category><bounds><corner1>-0.11237710277515278, -0.5507066449843321, -0.09314216736333591</corner1><corner2>0.11237710277515278, 0.5507066449843321, 0.09314216736333591</corner2></bounds><pose><translation>1.1656668801761578, 2.0616643018920016, 1.5057987860799364</translation><rotation><c1>0, 0, 0</c1><c2>0, 0, 0</c2><c3>0, 0, 0</c3></rotation></pose><symmetry><x>twoFold</x><y>cylindrical</y><z>twoFold</z></symmetry><detectionScore>-1.0</detectionScore></element><element><id>4</id><category>chair</category><bounds><corner1>-0.3110069036124772, -3.2956410456292087, -0.059764435961902895</corner1><corner2>0.3110069036124772, 3.2956410456292087, 0.059764435961902895</corner2></bounds><pose><translation>-1.4447312723306196, 1.191149062251644, -0.32253546020872464</translation><rotation><c1>0, 0, 0</c1><c2>0, 0, 0</c2><c3>0, 0, 0</c3></rotation></pose><symmetry><x>twoFold</x><y>cylindrical</y><z>twoFold</z></symmetry><detectionScore>-1.0</detectionScore></element><element><id>5</id><category>chair</category><bounds><corner1>-0.2301638778943016, -0.6926823927170682, -0.3809493676302706</corner1><corner2>0.2301638778943016, 0.6926823927170682, 0.3809493676302706</corner2></bounds><pose><translation>-1.2835228241406513, 0.7045641424715099, -0.6678929272918517</translation><rotation><c1>0, 0, 0</c1><c2>0, 0, 0</c2><c3>0, 0, 0</c3></rotation></pose><symmetry><x>twoFold</x><y>cylindrical</y><z>twoFold</z></symmetry><detectionScore>-1.0</detectionScore></element><element><id>6</id><category>chandelier</category><bounds><corner1>-0.24448292828211238, -0.36936479440852565, -0.0547153441343442</corner1><corner2>0.24448292828211238, 0.36936479440852565, 0.0547153441343442</corner2></bounds><pose><translation>-1.782677702632156, -0.9792616473915564, 1.5868975055723644</translation><rotation><c1>0, 0, 0</c1><c2>0, 0, 0</c2><c3>0, 0, 0</c3></rotation></pose><symmetry><x>twoFold</x><y>cylindrical</y><z>twoFold</z></symmetry><detectionScore>-1.0</detectionScore></element><element><id>7</id><category>chair</category><bounds><corner1>-0.5680378235718155, -0.2717964796866541, -0.71714751112296</corner1><corner2>0.5680378235718155, 0.2717964796866541, 0.71714751112296</corner2></bounds><pose><translation>-1.2336999231024237, 2.459430090372229, -0.9717702912309415</translation><rotation><c1>0, 0, 0</c1><c2>0, 0, 0</c2><c3>0, 0, 0</c3></rotation></pose><symmetry><x>twoFold</x><y>cylindrical</y><z>twoFold</z></symmetry><detectionScore>-1.0</detectionScore></element><element><id>8</id><category>window</category><bounds><corner1>-2.1537614491949513, -1.471971115404651, -1.0822036610791366</corner1><corner2>2.1537614491949513, 1.471971115404651, 1.0822036610791366</corner2></bounds><pose><translation>-3.559698388674954, 2.5319398462126177, 0.12123486924065166</translation><rotation><c1>0, 0, 0</c1><c2>0, 0, 0</c2><c3>0, 0, 0</c3></rotation></pose><symmetry><x>twoFold</x><y>cylindrical</y><z>twoFold</z></symmetry><detectionScore>-1.0</detectionScore></element><element><id>9</id><category>wall</category><bounds><corner1>-0.42928006118955997, -1.146348084894832, -0.9859089313012419</corner1><corner2>0.42928006118955997, 1.146348084894832, 0.9859089313012419</corner2></bounds><pose><translation>1.3904474806632146, -0.09187481136940376, 0.10993857403168006</translation><rotation><c1>0, 0, 0</c1><c2>0, 0, 0</c2><c3>0, 0, 0</c3></rotation></pose><symmetry><x>twoFold</x><y>cylindrical</y><z>twoFold</z></symmetry><detectionScore>-1.0</detectionScore></element><element><id>10</id><category>plant</category><bounds><corner1>-0.7135802490861269, -1.528756501643619, -0.8332754646113231</corner1><corner2>0.7135802490861269, 1.528756501643619, 0.8332754646113231</corner2></bounds><pose><translation>-1.9020366760059169, 1.0607048423744785, -0.2195023765232346</translation><rotation><c1>0, 0, 0</c1><c2>0, 0, 0</c2><c3>0, 0, 0</c3></rotation></pose><symmetry><x>twoFold</x><y>cylindrical</y><z>twoFold</z></symmetry><detectionScore>-1.0</detectionScore></element><element><id>11</id><category>plant</category><bounds><corner1>-2.6872322521194, -1.0833176511347724, -0.7826442980469417</corner1><corner2>2.6872322521194, 1.0833176511347724, 0.7826442980469417</corner2></bounds><pose><translation>-4.3409658853525865, 1.4761272582421654, 0.7208952433012783</translation><rotation><c1>0, 0, 0</c1><c2>0, 0, 0</c2><c3>0, 0, 0</c3></rotation></pose><symmetry><x>twoFold</x><y>cylindrical</y><z>twoFold</z></symmetry><detectionScore>-1.0</detectionScore></element><element><id>12</id><category>wall</category><bounds><corner1>-1.465695061046577, -0.2894812871962089, -1.2646058951264296</corner1><corner2>1.465695061046577, 0.2894812871962089, 1.2646058951264296</corner2></bounds><pose><translation>-2.918088784208033, -1.2115770187244383, -0.03268984951288965</translation><rotation><c1>0, 0, 0</c1><c2>0, 0, 0</c2><c3>0, 0, 0</c3></rotation></pose><symmetry><x>twoFold</x><y>cylindrical</y><z>twoFold</z></symmetry><detectionScore>-1.0</detectionScore></element><element><id>13</id><category>window</category><bounds><corner1>-0.6383759211870852, -0.1092834444236166, -0.8700522519470709</corner1><corner2>0.6383759211870852, 0.1092834444236166, 0.8700522519470709</corner2></bounds><pose><translation>-1.6011436273132347, 2.665683791640201, 0.5778557230736311</translation><rotation><c1>0, 0, 0</c1><c2>0, 0, 0</c2><c3>0, 0, 0</c3></rotation></pose><symmetry><x>twoFold</x><y>cylindrical</y><z>twoFold</z></symmetry><detectionScore>-1.0</detectionScore></element><element><id>14</id><category>chandelier</category><bounds><corner1>-0.22024266298816764, -0.24865522056328304, -0.04365062526129759</corner1><corner2>0.22024266298816764, 0.24865522056328304, 0.04365062526129759</corner2></bounds><pose><translation>0.43506917121299493, 2.24655999507376, 1.5691512428337226</translation><rotation><c1>0, 0, 0</c1><c2>0, 0, 0</c2><c3>0, 0, 0</c3></rotation></pose><symmetry><x>twoFold</x><y>cylindrical</y><z>twoFold</z></symmetry><detectionScore>-1.0</detectionScore></element><element><id>15</id><category>chandelier</category><bounds><corner1>-0.20122965606476595, -0.14464584277904693, -0.036194008811327505</corner1><corner2>0.20122965606476595, 0.14464584277904693, 0.036194008811327505</corner2></bounds><pose><translation>-2.0062144695629125, 0.057590212083219024, 1.6068596236650863</translation><rotation><c1>0, 0, 0</c1><c2>0, 0, 0</c2><c3>0, 0, 0</c3></rotation></pose><symmetry><x>twoFold</x><y>cylindrical</y><z>twoFold</z></symmetry><detectionScore>-1.0</detectionScore></element><element><id>16</id><category>picture_frame</category><bounds><corner1>-0.34017633274611825, -0.07003726323824022, -0.8395211416666484</corner1><corner2>0.34017633274611825, 0.07003726323824022, 0.8395211416666484</corner2></bounds><pose><translation>-1.6322710930482054, -1.1540325813024699, 0.6909677875270299</translation><rotation><c1>0, 0, 0</c1><c2>0, 0, 0</c2><c3>0, 0, 0</c3></rotation></pose><symmetry><x>twoFold</x><y>cylindrical</y><z>twoFold</z></symmetry><detectionScore>-1.0</detectionScore></element><element><id>17</id><category>wall</category><bounds><corner1>-3.6423201131611602, -2.6436800298570224, -1.5002579147116835</corner1><corner2>3.6423201131611602, 2.6436800298570224, 1.5002579147116835</corner2></bounds><pose><translation>-4.939928035835501, -0.340095455208201, -0.06481936515772241</translation><rotation><c1>0, 0, 0</c1><c2>0, 0, 0</c2><c3>0, 0, 0</c3></rotation></pose><symmetry><x>twoFold</x><y>cylindrical</y><z>twoFold</z></symmetry><detectionScore>-1.0</detectionScore></element><element><id>18</id><category>chandelier</category><bounds><corner1>-0.26738277298795476, -0.1910809749682854, -0.04427178607166593</corner1><corner2>0.26738277298795476, 0.1910809749682854, 0.04427178607166593</corner2></bounds><pose><translation>-1.8061162887404014, 0.0015588471728953163, 1.6167851043306036</translation><rotation><c1>0, 0, 0</c1><c2>0, 0, 0</c2><c3>0, 0, 0</c3></rotation></pose><symmetry><x>twoFold</x><y>cylindrical</y><z>twoFold</z></symmetry><detectionScore>-1.0</detectionScore></element><element><id>19</id><category>kitchen_cabinet</category><bounds><corner1>-0.41861233549932675, -0.5349552290708228, -1.7725428630754054</corner1><corner2>0.41861233549932675, 0.5349552290708228, 1.7725428630754054</corner2></bounds><pose><translation>-0.5629028124628858, 2.14276351301124, -0.22689272336700672</translation><rotation><c1>0, 0, 0</c1><c2>0, 0, 0</c2><c3>0, 0, 0</c3></rotation></pose><symmetry><x>twoFold</x><y>cylindrical</y><z>twoFold</z></symmetry><detectionScore>-1.0</detectionScore></element><element><id>20</id><category>kitchen_cabinet</category><bounds><corner1>-0.5490007288574843, -0.6472402984582494, -0.10837878220167607</corner1><corner2>0.5490007288574843, 0.6472402984582494, 0.10837878220167607</corner2></bounds><pose><translation>1.237474354661912, 0.3163757208501239, -0.6744054910170759</translation><rotation><c1>0, 0, 0</c1><c2>0, 0, 0</c2><c3>0, 0, 0</c3></rotation></pose><symmetry><x>twoFold</x><y>cylindrical</y><z>twoFold</z></symmetry><detectionScore>-1.0</detectionScore></element><element><id>21</id><category>chandelier</category><bounds><corner1>-0.17046356295618836, -0.2555475065877717, -0.04604402799150731</corner1><corner2>0.17046356295618836, 0.2555475065877717, 0.04604402799150731</corner2></bounds><pose><translation>-1.2111534545747085, 2.161509358962426, 1.5450485413649382</translation><rotation><c1>0, 0, 0</c1><c2>0, 0, 0</c2><c3>0, 0, 0</c3></rotation></pose><symmetry><x>twoFold</x><y>cylindrical</y><z>twoFold</z></symmetry><detectionScore>-1.0</detectionScore></element><element><id>22</id><category>chair</category><bounds><corner1>-0.38703087496888444, -0.10046096134579185, -0.6435675601891807</corner1><corner2>0.38703087496888444, 0.10046096134579185, 0.6435675601891807</corner2></bounds><pose><translation>-2.023549279052922, -1.1645700238753016, -0.8912740295389249</translation><rotation><c1>0, 0, 0</c1><c2>0, 0, 0</c2><c3>0, 0, 0</c3></rotation></pose><symmetry><x>twoFold</x><y>cylindrical</y><z>twoFold</z></symmetry><detectionScore>-1.0</detectionScore></element><element><id>23</id><category>coffee_table</category><bounds><corner1>-1.1354962123418038, -0.6479663749865554, -1.0647846337402003</corner1><corner2>1.1354962123418038, 0.6479663749865554, 1.0647846337402003</corner2></bounds><pose><translation>-2.3927180400316765, -0.13928120767515867, -1.6167438223624129</translation><rotation><c1>0, 0, 0</c1><c2>0, 0, 0</c2><c3>0, 0, 0</c3></rotation></pose><symmetry><x>twoFold</x><y>cylindrical</y><z>twoFold</z></symmetry><detectionScore>-1.0</detectionScore></element><element><id>24</id><category>arch</category><bounds><corner1>-3.7069968208162267, -1.6067476656872994, -1.442932377292234</corner1><corner2>3.7069968208162267, 1.6067476656872994, 1.442932377292234</corner2></bounds><pose><translation>-5.003171979871782, -0.1696687900467443, -0.13367388798186797</translation><rotation><c1>0, 0, 0</c1><c2>0, 0, 0</c2><c3>0, 0, 0</c3></rotation></pose><symmetry><x>twoFold</x><y>cylindrical</y><z>twoFold</z></symmetry><detectionScore>-1.0</detectionScore></element><element><id>25</id><category>chandelier</category><bounds><corner1>-1.7891564778603448, -0.33377928563452564, -0.360200052047406</corner1><corner2>1.7891564778603448, 0.33377928563452564, 0.360200052047406</corner2></bounds><pose><translation>-3.41840559810073, 2.248022982110972, 1.141799515236735</translation><rotation><c1>0, 0, 0</c1><c2>0, 0, 0</c2><c3>0, 0, 0</c3></rotation></pose><symmetry><x>twoFold</x><y>cylindrical</y><z>twoFold</z></symmetry><detectionScore>-1.0</detectionScore></element><element><id>26</id><category>hanging_kitchen_cabinet</category><bounds><corner1>-0.4479571919578206, -0.5169525206772732, -1.0406727142692387</corner1><corner2>0.4479571919578206, 0.5169525206772732, 1.0406727142692387</corner2></bounds><pose><translation>0.17137917302212646, 2.1689070963970445, 0.37250703000129887</translation><rotation><c1>0, 0, 0</c1><c2>0, 0, 0</c2><c3>0, 0, 0</c3></rotation></pose><symmetry><x>twoFold</x><y>cylindrical</y><z>twoFold</z></symmetry><detectionScore>-1.0</detectionScore></element><element><id>27</id><category>door</category><bounds><corner1>-3.7009335165352, -1.645822394691601, -1.4581650344739148</corner1><corner2>3.7009335165352, 1.645822394691601, 1.4581650344739148</corner2></bounds><pose><translation>-5.001341100410288, -0.2995355653542412, -0.11187755873477226</translation><rotation><c1>0, 0, 0</c1><c2>0, 0, 0</c2><c3>0, 0, 0</c3></rotation></pose><symmetry><x>twoFold</x><y>cylindrical</y><z>twoFold</z></symmetry><detectionScore>-1.0</detectionScore></element><element><id>28</id><category>coffee_table</category><bounds><corner1>-0.9389926271693256, -0.3929179998452177, -1.0950944875208888</corner1><corner2>0.9389926271693256, 0.3929179998452177, 1.0950944875208888</corner2></bounds><pose><translation>-2.057442111342004, 0.3498053959957905, -1.590746236772041</translation><rotation><c1>0, 0, 0</c1><c2>0, 0, 0</c2><c3>0, 0, 0</c3></rotation></pose><symmetry><x>twoFold</x><y>cylindrical</y><z>twoFold</z></symmetry><detectionScore>-1.0</detectionScore></element><element><id>29</id><category>food_processor</category><bounds><corner1>-0.17086422760120912, -0.5070676973768675, -0.28471808929206305</corner1><corner2>0.17086422760120912, 0.5070676973768675, 0.28471808929206305</corner2></bounds><pose><translation>-1.3717619411727888, 2.2653145081179877, -0.015508521771168151</translation><rotation><c1>0, 0, 0</c1><c2>0, 0, 0</c2><c3>0, 0, 0</c3></rotation></pose><symmetry><x>twoFold</x><y>cylindrical</y><z>twoFold</z></symmetry><detectionScore>-1.0</detectionScore></element><element><id>30</id><category>door</category><bounds><corner1>-2.2818397528918757, -1.7117210191307182, -1.0517391296776966</corner1><corner2>2.2818397528918757, 1.7117210191307182, 1.0517391296776966</corner2></bounds><pose><translation>-3.490125913788023, 2.5124607534084857, -0.033240968261799946</translation><rotation><c1>0, 0, 0</c1><c2>0, 0, 0</c2><c3>0, 0, 0</c3></rotation></pose><symmetry><x>twoFold</x><y>cylindrical</y><z>twoFold</z></symmetry><detectionScore>-1.0</detectionScore></element><element><id>31</id><category>dining_table</category><bounds><corner1>-0.4747297154190202, -0.07224978831829132, -0.49118099523169206</corner1><corner2>0.4747297154190202, 0.07224978831829132, 0.49118099523169206</corner2></bounds><pose><translation>-2.0459812822226433, -1.1846778891607768, -0.730876511064499</translation><rotation><c1>0, 0, 0</c1><c2>0, 0, 0</c2><c3>0, 0, 0</c3></rotation></pose><symmetry><x>twoFold</x><y>cylindrical</y><z>twoFold</z></symmetry><detectionScore>-1.0</detectionScore></element></elements></scene>