<?xml version='1.0' encoding='utf-8'?>
<scene xmlns:sumo="https://www.sumochallenge.org"><version>2.0</version><categories><id>fb_categories_v1_0</id><url>https://sumochallenge.org/en/categories-1_0.json</url></categories><project_type>bounding_box</project_type><elements><element><id>0</id><category>curtain</category><bounds><corner1>-0.3626197533341724, -1.9763180484426592, -1.3427889373395685</corner1><corner2>0.3626197533341724, 1.9763180484426592, 1.3427889373395685</corner2></bounds><pose><translation>-5.956638731479001, 3.0008247042883096, -0.23358883196017288</translation><rotation><c1>0, 0, 0</c1><c2>0, 0, 0</c2><c3>0, 0, 0</c3></rotation></pose><symmetry><x>twoFold</x><y>cylindrical</y><z>twoFold</z></symmetry><detectionScore>-1.0</detectionScore></element><element><id>1</id><category>window</category><bounds><corner1>-0.20501726807168996, -1.7776537713933172, -1.0457360560430755</corner1><corner2>0.20501726807168996, 1.7776537713933172, 1.0457360560430755</corner2></bounds><pose><translation>-5.9648741770077915, 2.9717667338448237, -0.1562274133170044</translation><rotation><c1>0, 0, 0</c1><c2>0, 0, 0</c2><c3>0, 0, 0</c3></rotation></pose><symmetry><x>twoFold</x><y>cylindrical</y><z>twoFold</z></symmetry><detectionScore>-1.0</detectionScore></element><element><id>2</id><category>wall</category><bounds><corner1>-0.9550684972591839, -0.9262336835025973, -1.3227906099505071</corner1><corner2>0.9550684972591839, 0.9262336835025973, 1.3227906099505071</corner2></bounds><pose><translation>-6.118091485313361, -2.481230825965452, -0.01967045650571693</translation><rotation><c1>0, 0, 0</c1><c2>0, 0, 0</c2><c3>0, 0, 0</c3></rotation></pose><symmetry><x>twoFold</x><y>cylindrical</y><z>twoFold</z></symmetry><detectionScore>-1.0</detectionScore></element><element><id>3</id><category>coffee_table</category><bounds><corner1>-2.16033619291013, -0.5478122206804921, -0.6397775860911974</corner1><corner2>2.16033619291013, 0.5478122206804921, 0.6397775860911974</corner2></bounds><pose><translation>-3.070925907811554, 4.77087710026926, -1.3269981156576867</translation><rotation><c1>0, 0, 0</c1><c2>0, 0, 0</c2><c3>0, 0, 0</c3></rotation></pose><symmetry><x>twoFold</x><y>cylindrical</y><z>twoFold</z></symmetry><detectionScore>-1.0</detectionScore></element><element><id>4</id><category>chair</category><bounds><corner1>-1.7284211580395237, -0.5507466963923857, -0.6009913580355425</corner1><corner2>1.7284211580395237, 0.5507466963923857, 0.6009913580355425</corner2></bounds><pose><translation>-2.7542249500542915, 4.7810204524725854, -1.2886156898541146</translation><rotation><c1>0, 0, 0</c1><c2>0, 0, 0</c2><c3>0, 0, 0</c3></rotation></pose><symmetry><x>twoFold</x><y>cylindrical</y><z>twoFold</z></symmetry><detectionScore>-1.0</detectionScore></element><element><id>5</id><category>wall</category><bounds><corner1>-0.3391282530938664, -1.6524206038142182, -1.836565579078218</corner1><corner2>0.3391282530938664, 1.6524206038142182, 1.836565579078218</corner2></bounds><pose><translation>2.2059260962405816, 0.3118643219049362, 0.05531903194315271</translation><rotation><c1>0, 0, 0</c1><c2>0, 0, 0</c2><c3>0, 0, 0</c3></rotation></pose><symmetry><x>twoFold</x><y>cylindrical</y><z>twoFold</z></symmetry><detectionScore>-1.0</detectionScore></element><element><id>6</id><category>armchair</category><bounds><corner1>-1.427910453765195, -0.4816783634306283, -0.4523543332763763</corner1><corner2>1.427910453765195, 0.4816783634306283, 0.4523543332763763</corner2></bounds><pose><translation>-4.149250241665155, -2.527702304075776, -0.9918591487674591</translation><rotation><c1>0, 0, 0</c1><c2>0, 0, 0</c2><c3>0, 0, 0</c3></rotation></pose><symmetry><x>twoFold</x><y>cylindrical</y><z>twoFold</z></symmetry><detectionScore>-1.0</detectionScore></element><element><id>7</id><category>hanging_kitchen_cabinet</category><bounds><corner1>-0.869198774808609, -1.0450442053192743, -0.77863304799737</corner1><corner2>0.869198774808609, 1.0450442053192743, 0.77863304799737</corner2></bounds><pose><translation>1.4353418414369916, -3.9731827793042136, 0.3502238542953848</translation><rotation><c1>0, 0, 0</c1><c2>0, 0, 0</c2><c3>0, 0, 0</c3></rotation></pose><symmetry><x>twoFold</x><y>cylindrical</y><z>twoFold</z></symmetry><detectionScore>-1.0</detectionScore></element><element><id>8</id><category>door</category><bounds><corner1>-1.4517090060092959, -1.1438453735884897, -1.0318866909911506</corner1><corner2>1.4517090060092959, 1.1438453735884897, 1.0318866909911506</corner2></bounds><pose><translation>2.38952811263489, 4.083096938973117, -0.42451542600390235</translation><rotation><c1>0, 0, 0</c1><c2>0, 0, 0</c2><c3>0, 0, 0</c3></rotation></pose><symmetry><x>twoFold</x><y>cylindrical</y><z>twoFold</z></symmetry><detectionScore>-1.0</detectionScore></element><element><id>9</id><category>armchair</category><bounds><corner1>-0.19667307804684198, -1.362379034882699, -0.5850421033928634</corner1><corner2>0.19667307804684198, 1.362379034882699, 0.5850421033928634</corner2></bounds><pose><translation>-2.8422569772306603, 0.3180500834815096, -1.2325461883411124</translation><rotation><c1>0, 0, 0</c1><c2>0, 0, 0</c2><c3>0, 0, 0</c3></rotation></pose><symmetry><x>twoFold</x><y>cylindrical</y><z>twoFold</z></symmetry><detectionScore>-1.0</detectionScore></element><element><id>10</id><category>wall</category><bounds><corner1>-3.180693083675501, -1.0107723084384117, -1.2809781158304283</corner1><corner2>3.180693083675501, 1.0107723084384117, 1.2809781158304283</corner2></bounds><pose><translation>-6.688503234245696, -1.0298676461039715, 0.006647477089208055</translation><rotation><c1>0, 0, 0</c1><c2>0, 0, 0</c2><c3>0, 0, 0</c3></rotation></pose><symmetry><x>twoFold</x><y>cylindrical</y><z>twoFold</z></symmetry><detectionScore>-1.0</detectionScore></element><element><id>11</id><category>stairs</category><bounds><corner1>-0.33315256923116765, -1.8406599321433683, -1.8401800450375516</corner1><corner2>0.33315256923116765, 1.8406599321433683, 1.8401800450375516</corner2></bounds><pose><translation>2.2097883021807254, 0.35064095216349234, 0.007270562111869629</translation><rotation><c1>0, 0, 0</c1><c2>0, 0, 0</c2><c3>0, 0, 0</c3></rotation></pose><symmetry><x>twoFold</x><y>cylindrical</y><z>twoFold</z></symmetry><detectionScore>-1.0</detectionScore></element><element><id>12</id><category>window</category><bounds><corner1>-1.1172433434581313, -0.768247491632859, -0.7649928677671737</corner1><corner2>1.1172433434581313, 0.768247491632859, 0.7649928677671737</corner2></bounds><pose><translation>1.1484837013426554, -3.994535188590487, 0.1960651433900689</translation><rotation><c1>0, 0, 0</c1><c2>0, 0, 0</c2><c3>0, 0, 0</c3></rotation></pose><symmetry><x>twoFold</x><y>cylindrical</y><z>twoFold</z></symmetry><detectionScore>-1.0</detectionScore></element><element><id>13</id><category>rug</category><bounds><corner1>-0.10131651528993535, -3.084336369294132, -0.15032979539099434</corner1><corner2>0.10131651528993535, 3.084336369294132, 0.15032979539099434</corner2></bounds><pose><translation>-0.9233743877434198, 1.9070161143301498, -0.8308260974874848</translation><rotation><c1>0, 0, 0</c1><c2>0, 0, 0</c2><c3>0, 0, 0</c3></rotation></pose><symmetry><x>twoFold</x><y>cylindrical</y><z>twoFold</z></symmetry><detectionScore>-1.0</detectionScore></element><element><id>14</id><category>wall</category><bounds><corner1>-3.0356056646810923, -1.779642489154226, -1.3986133168857735</corner1><corner2>3.0356056646810923, 1.779642489154226, 1.3986133168857735</corner2></bounds><pose><translation>-0.816349241942475, -4.052090555081964, -0.06563476996319287</translation><rotation><c1>0, 0, 0</c1><c2>0, 0, 0</c2><c3>0, 0, 0</c3></rotation></pose><symmetry><x>twoFold</x><y>cylindrical</y><z>twoFold</z></symmetry><detectionScore>-1.0</detectionScore></element><element><id>15</id><category>coffee_table</category><bounds><corner1>-1.3991881639102084, -2.546486184871495, -0.4854898026573209</corner1><corner2>1.3991881639102084, 2.546486184871495, 0.4854898026573209</corner2></bounds><pose><translation>-3.1105940351305463, 1.9911633001475249, -1.4164495209650025</translation><rotation><c1>0, 0, 0</c1><c2>0, 0, 0</c2><c3>0, 0, 0</c3></rotation></pose><symmetry><x>twoFold</x><y>cylindrical</y><z>twoFold</z></symmetry><detectionScore>-1.0</detectionScore></element><element><id>16</id><category>chair</category><bounds><corner1>-0.6277945076583853, -1.2846072517248128, -0.5403634201969961</corner1><corner2>0.6277945076583853, 1.2846072517248128, 0.5403634201969961</corner2></bounds><pose><translation>-2.9911773026446573, -3.964281358195164, -1.1255309537581097</translation><rotation><c1>0, 0, 0</c1><c2>0, 0, 0</c2><c3>0, 0, 0</c3></rotation></pose><symmetry><x>twoFold</x><y>cylindrical</y><z>twoFold</z></symmetry><detectionScore>-1.0</detectionScore></element><element><id>17</id><category>wall</category><bounds><corner1>-2.3343344188365167, -0.9992550930542188, -1.355818267210815</corner1><corner2>2.3343344188365167, 0.9992550930542188, 1.355818267210815</corner2></bounds><pose><translation>-5.828261818714012, -3.1383930250290035, -0.05113282590128281</translation><rotation><c1>0, 0, 0</c1><c2>0, 0, 0</c2><c3>0, 0, 0</c3></rotation></pose><symmetry><x>twoFold</x><y>cylindrical</y><z>twoFold</z></symmetry><detectionScore>-1.0</detectionScore></element><element><id>18</id><category>window</category><bounds><corner1>-1.3411308813885832, -1.1336950838127398, -0.9671885107322822</corner1><corner2>1.3411308813885832, 1.1336950838127398, 0.9671885107322822</corner2></bounds><pose><translation>-6.515816432728715, -1.9373870517073006, 0.09910711353355704</translation><rotation><c1>0, 0, 0</c1><c2>0, 0, 0</c2><c3>0, 0, 0</c3></rotation></pose><symmetry><x>twoFold</x><y>cylindrical</y><z>twoFold</z></symmetry><detectionScore>-1.0</detectionScore></element><element><id>19</id><category>dresser</category><bounds><corner1>-0.4627403057838042, -0.3460274977197958, -0.48533427159921294</corner1><corner2>0.4627403057838042, 0.3460274977197958, 0.48533427159921294</corner2></bounds><pose><translation>2.042786139040846, -0.6731018017125434, -1.2912702967581613</translation><rotation><c1>0, 0, 0</c1><c2>0, 0, 0</c2><c3>0, 0, 0</c3></rotation></pose><symmetry><x>twoFold</x><y>cylindrical</y><z>twoFold</z></symmetry><detectionScore>-1.0</detectionScore></element><element><id>20</id><category>plant</category><bounds><corner1>-3.1798636857152776, -1.2086535786591897, -0.7767945493115213</corner1><corner2>3.1798636857152776, 1.2086535786591897, 0.7767945493115213</corner2></bounds><pose><translation>-6.116003553103292, -0.611998067197139, -0.8354380399226993</translation><rotation><c1>0, 0, 0</c1><c2>0, 0, 0</c2><c3>0, 0, 0</c3></rotation></pose><symmetry><x>twoFold</x><y>cylindrical</y><z>twoFold</z></symmetry><detectionScore>-1.0</detectionScore></element><element><id>21</id><category>plant</category><bounds><corner1>-2.978011548951563, -1.1482875293679404, -1.3696842085128353</corner1><corner2>2.978011548951563, 1.1482875293679404, 1.3696842085128353</corner2></bounds><pose><translation>-5.759471711707853, -3.2879454569906716, -0.42112614911079504</translation><rotation><c1>0, 0, 0</c1><c2>0, 0, 0</c2><c3>0, 0, 0</c3></rotation></pose><symmetry><x>twoFold</x><y>cylindrical</y><z>twoFold</z></symmetry><detectionScore>-1.0</detectionScore></element><element><id>22</id><category>door</category><bounds><corner1>-0.21128935446109587, -1.7271509114844883, -1.3340681024900773</corner1><corner2>0.21128935446109587, 1.7271509114844883, 1.3340681024900773</corner2></bounds><pose><translation>-5.964859988208732, 2.932378613277582, -0.1820355073672854</translation><rotation><c1>0, 0, 0</c1><c2>0, 0, 0</c2><c3>0, 0, 0</c3></rotation></pose><symmetry><x>twoFold</x><y>cylindrical</y><z>twoFold</z></symmetry><detectionScore>-1.0</detectionScore></element><element><id>23</id><category>stand</category><bounds><corner1>-0.45252492327653115, -0.3277968985253992, -0.47396216533941726</corner1><corner2>0.45252492327653115, 0.3277968985253992, 0.47396216533941726</corner2></bounds><pose><translation>2.0415701664174914, -0.659548231872917, -1.305805899725327</translation><rotation><c1>0, 0, 0</c1><c2>0, 0, 0</c2><c3>0, 0, 0</c3></rotation></pose><symmetry><x>twoFold</x><y>cylindrical</y><z>twoFold</z></symmetry><detectionScore>-1.0</detectionScore></element><element><id>24</id><category>armchair</category><bounds><corner1>-0.6157871371273496, -1.3340056407577605, -0.5473054901335116</corner1><corner2>0.6157871371273496, 1.3340056407577605, 0.5473054901335116</corner2></bounds><pose><translation>-2.965276834757203, -3.9925011091613674, -1.10667694462031</translation><rotation><c1>0, 0, 0</c1><c2>0, 0, 0</c2><c3>0, 0, 0</c3></rotation></pose><symmetry><x>twoFold</x><y>cylindrical</y><z>twoFold</z></symmetry><detectionScore>-1.0</detectionScore></element><element><id>25</id><category>chair</category><bounds><corner1>-0.49681457980412613, -0.34488196031893636, -0.38395371718558247</corner1><corner2>0.49681457980412613, 0.34488196031893636, 0.38395371718558247</corner2></bounds><pose><translation>-3.116702215001968, -2.589371853377502, -0.919951211396041</translation><rotation><c1>0, 0, 0</c1><c2>0, 0, 0</c2><c3>0, 0, 0</c3></rotation></pose><symmetry><x>twoFold</x><y>cylindrical</y><z>twoFold</z></symmetry><detectionScore>-1.0</detectionScore></element><element><id>26</id><category>wall</category><bounds><corner1>-3.225470036426845, -0.11697157959481252, -1.4185383809517456</corner1><corner2>3.225470036426845, 0.11697157959481252, 1.4185383809517456</corner2></bounds><pose><translation>-1.0165897921907239, 5.304503886649053, -0.13794766270280423</translation><rotation><c1>0, 0, 0</c1><c2>0, 0, 0</c2><c3>0, 0, 0</c3></rotation></pose><symmetry><x>twoFold</x><y>cylindrical</y><z>twoFold</z></symmetry><detectionScore>-1.0</detectionScore></element><element><id>27</id><category>chair</category><bounds><corner1>-1.1756815423532552, -0.4466507151530288, -0.5374802566881622</corner1><corner2>1.1756815423532552, 0.4466507151530288, 0.5374802566881622</corner2></bounds><pose><translation>-3.998283354440615, -2.5062144183990673, -1.0934233393751238</translation><rotation><c1>0, 0, 0</c1><c2>0, 0, 0</c2><c3>0, 0, 0</c3></rotation></pose><symmetry><x>twoFold</x><y>cylindrical</y><z>twoFold</z></symmetry><detectionScore>-1.0</detectionScore></element><element><id>28</id><category>sofa</category><bounds><corner1>-0.11830654251457151, -1.3960747798161242, -0.5392720456472926</corner1><corner2>0.11830654251457151, 1.3960747798161242, 0.5392720456472926</corner2></bounds><pose><translation>-2.8496717635924673, 0.36940083002115864, -1.1860967376456155</translation><rotation><c1>0, 0, 0</c1><c2>0, 0, 0</c2><c3>0, 0, 0</c3></rotation></pose><symmetry><x>twoFold</x><y>cylindrical</y><z>twoFold</z></symmetry><detectionScore>-1.0</detectionScore></element><element><id>29</id><category>range_hood</category><bounds><corner1>-0.2752487728725965, -0.36558248332326837, -0.883950177655001</corner1><corner2>0.2752487728725965, 0.36558248332326837, 0.883950177655001</corner2></bounds><pose><translation>2.1169062945181523, -2.9312270633865847, 0.49580413171249277</translation><rotation><c1>0, 0, 0</c1><c2>0, 0, 0</c2><c3>0, 0, 0</c3></rotation></pose><symmetry><x>twoFold</x><y>cylindrical</y><z>twoFold</z></symmetry><detectionScore>-1.0</detectionScore></element><element><id>30</id><category>clock</category><bounds><corner1>-0.06082991195960519, -1.030730517215905, -0.2300439654234856</corner1><corner2>0.06082991195960519, 1.030730517215905, 0.2300439654234856</corner2></bounds><pose><translation>2.3950020708950017, -1.8708645432570183, 0.7024878127001921</translation><rotation><c1>0, 0, 0</c1><c2>0, 0, 0</c2><c3>0, 0, 0</c3></rotation></pose><symmetry><x>twoFold</x><y>cylindrical</y><z>twoFold</z></symmetry><detectionScore>-1.0</detectionScore></element><element><id>31</id><category>wall</category><bounds><corner1>-1.6576730157413024, -2.4360848557111927, -1.4117042224380931</corner1><corner2>1.6576730157413024, 2.4360848557111927, 1.4117042224380931</corner2></bounds><pose><translation>-5.965078594510771, 2.780568178709381, -0.12425367694338947</translation><rotation><c1>0, 0, 0</c1><c2>0, 0, 0</c2><c3>0, 0, 0</c3></rotation></pose><symmetry><x>twoFold</x><y>cylindrical</y><z>twoFold</z></symmetry><detectionScore>-1.0</detectionScore></element><element><id>32</id><category>floor_lamp</category><bounds><corner1>-0.8397087403636738, -0.1312648710727533, -1.207506443550702</corner1><corner2>0.8397087403636738, 0.1312648710727533, 1.207506443550702</corner2></bounds><pose><translation>-3.170285011626701, 5.235465882782458, -0.6111865407327772</translation><rotation><c1>0, 0, 0</c1><c2>0, 0, 0</c2><c3>0, 0, 0</c3></rotation></pose><symmetry><x>twoFold</x><y>cylindrical</y><z>twoFold</z></symmetry><detectionScore>-1.0</detectionScore></element><element><id>33</id><category>shelving</category><bounds><corner1>-0.6517820810928412, -0.4832796221196882, -1.3089790356997586</corner1><corner2>0.6517820810928412, 0.4832796221196882, 1.3089790356997586</corner2></bounds><pose><translation>-1.370082645648542, -4.171391831825226, -0.2591880475699677</translation><rotation><c1>0, 0, 0</c1><c2>0, 0, 0</c2><c3>0, 0, 0</c3></rotation></pose><symmetry><x>twoFold</x><y>cylindrical</y><z>twoFold</z></symmetry><detectionScore>-1.0</detectionScore></element><element><id>34</id><category>wall</category><bounds><corner1>-1.5134953994625855, -0.9481896611557863, -0.8365266031280872</corner1><corner2>1.5134953994625855, 0.9481896611557863, 0.8365266031280872</corner2></bounds><pose><translation>2.3888145606470115, 4.112117746642407, -0.21124305692712197</translation><rotation><c1>0, 0, 0</c1><c2>0, 0, 0</c2><c3>0, 0, 0</c3></rotation></pose><symmetry><x>twoFold</x><y>cylindrical</y><z>twoFold</z></symmetry><detectionScore>-1.0</detectionScore></element><element><id>35</id><category>window</category><bounds><corner1>-1.7400355576616322, -1.7416111403993826, -1.358922138038883</corner1><corner2>1.7400355576616322, 1.7416111403993826, 1.358922138038883</corner2></bounds><pose><translation>-4.3695777649862135, -4.012387941474421, -0.07103603720109772</translation><rotation><c1>0, 0, 0</c1><c2>0, 0, 0</c2><c3>0, 0, 0</c3></rotation></pose><symmetry><x>twoFold</x><y>cylindrical</y><z>twoFold</z></symmetry><detectionScore>-1.0</detectionScore></element><element><id>36</id><category>kitchen_cabinet</category><bounds><corner1>-0.9222657489549837, -0.8380767964605074, -0.21947307027911012</corner1><corner2>0.9222657489549837, 0.8380767964605074, 0.21947307027911012</corner2></bounds><pose><translation>1.4025525443605518, -2.5424442639061593, -0.7893218560727917</translation><rotation><c1>0, 0, 0</c1><c2>0, 0, 0</c2><c3>0, 0, 0</c3></rotation></pose><symmetry><x>twoFold</x><y>cylindrical</y><z>twoFold</z></symmetry><detectionScore>-1.0</detectionScore></element></elements></scene>