<?xml version='1.0' encoding='utf-8'?>
<scene xmlns:sumo="https://www.sumochallenge.org"><version>2.0</version><categories><id>fb_categories_v1.0</id><url>https://sumochallenge.org/en/categories-1_0.json</url></categories><project_type>bounding_box</project_type><elements><element><id>18</id><category>chair</category><bounds><corner1>-0.29328693, -0.5295744 , -0.46933502</corner1><corner2>0.29328693, 0.5295744 , 0.46933502</corner2></bounds><pose><translation>-2.37716885, -1.18973307, -1.26532109</translation><rotation><c1>1., 0., 0.</c1><c2>0., 1., 0.</c2><c3>0., 0., 1.</c3></rotation></pose><symmetry><x>none</x><y>none</y><z>none</z></symmetry><detectionScore>-1</detectionScore></element><element><id>15</id><category>chair</category><bounds><corner1>-1.59989914, -0.41280426, -1.45730185</corner1><corner2>1.59989914, 0.41280426, 1.45730185</corner2></bounds><pose><translation> 1.79048298, -1.01818635,  2.31791955</translation><rotation><c1>1., 0., 0.</c1><c2>0., 1., 0.</c2><c3>0., 0., 1.</c3></rotation></pose><symmetry><x>none</x><y>none</y><z>none</z></symmetry><detectionScore>-1</detectionScore></element><element><id>4</id><category>column</category><bounds><corner1>-1.7709568 , -1.19331381, -3.9888006 </corner1><corner2>1.7709568 , 1.19331381, 3.9888006 </corner2></bounds><pose><translation>-4.18598218,  0.01492165,  4.90830591</translation><rotation><c1>1., 0., 0.</c1><c2>0., 1., 0.</c2><c3>0., 0., 1.</c3></rotation></pose><symmetry><x>none</x><y>none</y><z>none</z></symmetry><detectionScore>-1</detectionScore></element><element><id>9</id><category>chair</category><bounds><corner1>-1.16916404, -0.33517165, -0.64772387</corner1><corner2>1.16916404, 0.33517165, 0.64772387</corner2></bounds><pose><translation>-2.86121681, -0.84062495,  0.18800033</translation><rotation><c1>1., 0., 0.</c1><c2>0., 1., 0.</c2><c3>0., 0., 1.</c3></rotation></pose><symmetry><x>none</x><y>none</y><z>none</z></symmetry><detectionScore>-1</detectionScore></element><element><id>5</id><category>window</category><bounds><corner1>-0.08278714, -0.9854038 , -2.0358171 </corner1><corner2>0.08278714, 0.9854038 , 2.0358171 </corner2></bounds><pose><translation>3.43818448, 0.22360437, 6.04386158</translation><rotation><c1>1., 0., 0.</c1><c2>0., 1., 0.</c2><c3>0., 0., 1.</c3></rotation></pose><symmetry><x>none</x><y>none</y><z>none</z></symmetry><detectionScore>-1</detectionScore></element><element><id>16</id><category>chair</category><bounds><corner1>-0.14095908, -0.55643523, -0.45256533</corner1><corner2>0.14095908, 0.55643523, 0.45256533</corner2></bounds><pose><translation>-1.77301956, -1.11097057, -0.12007749</translation><rotation><c1>1., 0., 0.</c1><c2>0., 1., 0.</c2><c3>0., 0., 1.</c3></rotation></pose><symmetry><x>none</x><y>none</y><z>none</z></symmetry><detectionScore>-1</detectionScore></element><element><id>12</id><category>chair</category><bounds><corner1>-0.66831127, -0.25890336, -5.41928796</corner1><corner2>0.66831127, 0.25890336, 5.41928796</corner2></bounds><pose><translation>-2.59249587, -0.7483566 ,  3.4826454 </translation><rotation><c1>1., 0., 0.</c1><c2>0., 1., 0.</c2><c3>0., 0., 1.</c3></rotation></pose><symmetry><x>none</x><y>none</y><z>none</z></symmetry><detectionScore>-1</detectionScore></element><element><id>11</id><category>chair</category><bounds><corner1>-1.32956368, -0.47083537, -4.30730722</corner1><corner2>1.32956368, 0.47083537, 4.30730722</corner2></bounds><pose><translation> 1.08997003, -1.05595566,  2.88189436</translation><rotation><c1>1., 0., 0.</c1><c2>0., 1., 0.</c2><c3>0., 0., 1.</c3></rotation></pose><symmetry><x>none</x><y>none</y><z>none</z></symmetry><detectionScore>-1</detectionScore></element><element><id>2</id><category>plant</category><bounds><corner1>-1.41572888, -0.69777446, -1.17870972</corner1><corner2>1.41572888, 0.69777446, 1.17870972</corner2></bounds><pose><translation> 2.00596096, -1.29806152,  0.33430542</translation><rotation><c1>1., 0., 0.</c1><c2>0., 1., 0.</c2><c3>0., 0., 1.</c3></rotation></pose><symmetry><x>none</x><y>none</y><z>none</z></symmetry><detectionScore>-1</detectionScore></element><element><id>6</id><category>window</category><bounds><corner1>-1.9161307 , -0.88758772, -0.18071415</corner1><corner2>1.9161307 , 0.88758772, 0.18071415</corner2></bounds><pose><translation>-5.02991622,  0.18275778,  8.88138882</translation><rotation><c1>1., 0., 0.</c1><c2>0., 1., 0.</c2><c3>0., 0., 1.</c3></rotation></pose><symmetry><x>none</x><y>none</y><z>none</z></symmetry><detectionScore>-1</detectionScore></element><element><id>13</id><category>chair</category><bounds><corner1>-0.17317537, -0.44455291, -5.26260288</corner1><corner2>0.17317537, 0.44455291, 5.26260288</corner2></bounds><pose><translation>-6.23701741, -1.01250507,  3.59374811</translation><rotation><c1>1., 0., 0.</c1><c2>0., 1., 0.</c2><c3>0., 0., 1.</c3></rotation></pose><symmetry><x>none</x><y>none</y><z>none</z></symmetry><detectionScore>-1</detectionScore></element><element><id>3</id><category>chair</category><bounds><corner1>-1.22118015, -0.4959632 , -2.54215071</corner1><corner2>1.22118015, 0.4959632 , 2.54215071</corner2></bounds><pose><translation>-3.65200539, -1.02854704,  2.58756652</translation><rotation><c1>1., 0., 0.</c1><c2>0., 1., 0.</c2><c3>0., 0., 1.</c3></rotation></pose><symmetry><x>none</x><y>none</y><z>none</z></symmetry><detectionScore>-1</detectionScore></element><element><id>10</id><category>wall</category><bounds><corner1>-5.31035932, -1.20364394, -0.17816093</corner1><corner2>5.31035932, 1.20364394, 0.17816093</corner2></bounds><pose><translation>-2.49878928, -0.04274853,  8.83554863</translation><rotation><c1>1., 0., 0.</c1><c2>0., 1., 0.</c2><c3>0., 0., 1.</c3></rotation></pose><symmetry><x>none</x><y>none</y><z>none</z></symmetry><detectionScore>-1</detectionScore></element><element><id>1</id><category>chair</category><bounds><corner1>-0.39580678, -0.49693475, -5.46884083</corner1><corner2>0.39580678, 0.49693475, 5.46884083</corner2></bounds><pose><translation>-2.05062277, -1.14108896,  3.33666946</translation><rotation><c1>1., 0., 0.</c1><c2>0., 1., 0.</c2><c3>0., 0., 1.</c3></rotation></pose><symmetry><x>none</x><y>none</y><z>none</z></symmetry><detectionScore>-1</detectionScore></element><element><id>14</id><category>window</category><bounds><corner1>-0.07515062, -0.97418021, -1.26351159</corner1><corner2>0.07515062, 0.97418021, 1.26351159</corner2></bounds><pose><translation>3.4587759 , 0.11157166, 1.03018897</translation><rotation><c1>1., 0., 0.</c1><c2>0., 1., 0.</c2><c3>0., 0., 1.</c3></rotation></pose><symmetry><x>none</x><y>none</y><z>none</z></symmetry><detectionScore>-1</detectionScore></element></elements></scene>