<?xml version='1.0' encoding='utf-8'?>
<scene xmlns:sumo="https://www.sumochallenge.org"><version>2.0</version><categories><id>fb_categories_v1.0</id><url>https://sumochallenge.org/en/categories-1_0.json</url></categories><project_type>bounding_box</project_type><elements><element><id>6</id><category>picture_frame</category><bounds><corner1>-0.39378417, -0.88290145, -2.20200098</corner1><corner2>0.39378417, 0.88290145, 2.20200098</corner2></bounds><pose><translation>-0.30189296,  0.16501316, -2.88901139</translation><rotation><c1>1., 0., 0.</c1><c2>0., 1., 0.</c2><c3>0., 0., 1.</c3></rotation></pose><symmetry><x>none</x><y>none</y><z>none</z></symmetry><detectionScore>-1</detectionScore></element><element><id>7</id><category>table_lamp</category><bounds><corner1> -0.56320603,  -0.99713387, -11.70169086</corner1><corner2> 0.56320603,  0.99713387, 11.70169086</corner2></bounds><pose><translation> 0.03538472, -0.98441178,  1.38704508</translation><rotation><c1>1., 0., 0.</c1><c2>0., 1., 0.</c2><c3>0., 0., 1.</c3></rotation></pose><symmetry><x>none</x><y>none</y><z>none</z></symmetry><detectionScore>-1</detectionScore></element><element><id>3</id><category>picture_frame</category><bounds><corner1>-1.62547346, -1.1938862 , -1.86275032</corner1><corner2>1.62547346, 1.1938862 , 1.86275032</corner2></bounds><pose><translation>-5.5931633 , -0.04897141, -0.28993613</translation><rotation><c1>1., 0., 0.</c1><c2>0., 1., 0.</c2><c3>0., 0., 1.</c3></rotation></pose><symmetry><x>none</x><y>none</y><z>none</z></symmetry><detectionScore>-1</detectionScore></element><element><id>5</id><category>floor_lamp</category><bounds><corner1>-1.78002584, -1.58774783, -2.05638987</corner1><corner2>1.78002584, 1.58774783, 2.05638987</corner2></bounds><pose><translation>-3.50495656, -0.60459413, -2.98134968</translation><rotation><c1>1., 0., 0.</c1><c2>0., 1., 0.</c2><c3>0., 0., 1.</c3></rotation></pose><symmetry><x>none</x><y>none</y><z>none</z></symmetry><detectionScore>-1</detectionScore></element><element><id>9</id><category>arch</category><bounds><corner1>-2.82671865, -1.19365236, -4.98959481</corner1><corner2>2.82671865, 1.19365236, 4.98959481</corner2></bounds><pose><translation>-6.11967812, -0.12278166,  8.52885445</translation><rotation><c1>1., 0., 0.</c1><c2>0., 1., 0.</c2><c3>0., 0., 1.</c3></rotation></pose><symmetry><x>none</x><y>none</y><z>none</z></symmetry><detectionScore>-1</detectionScore></element><element><id>10</id><category>wall</category><bounds><corner1>-0.12585329, -1.13960903, -2.68783614</corner1><corner2>0.12585329, 1.13960903, 2.68783614</corner2></bounds><pose><translation> 5.48277654, -0.06949645, -0.24606863</translation><rotation><c1>1., 0., 0.</c1><c2>0., 1., 0.</c2><c3>0., 0., 1.</c3></rotation></pose><symmetry><x>none</x><y>none</y><z>none</z></symmetry><detectionScore>-1</detectionScore></element><element><id>4</id><category>column</category><bounds><corner1>-3.91971539, -1.25102638, -4.51945571</corner1><corner2>3.91971539, 1.25102638, 4.51945571</corner2></bounds><pose><translation> 1.56890218, -0.06105649,  2.48192619</translation><rotation><c1>1., 0., 0.</c1><c2>0., 1., 0.</c2><c3>0., 0., 1.</c3></rotation></pose><symmetry><x>none</x><y>none</y><z>none</z></symmetry><detectionScore>-1</detectionScore></element><element><id>2</id><category>wall</category><bounds><corner1>-5.30315652, -1.03131625, -3.30895404</corner1><corner2>5.30315652, 1.03131625, 3.30895404</corner2></bounds><pose><translation>-10.65923097,  -0.09346806,   4.72575407</translation><rotation><c1>1., 0., 0.</c1><c2>0., 1., 0.</c2><c3>0., 0., 1.</c3></rotation></pose><symmetry><x>none</x><y>none</y><z>none</z></symmetry><detectionScore>-1</detectionScore></element><element><id>8</id><category>television</category><bounds><corner1>-0.15724567, -0.69241827, -1.20868343</corner1><corner2>0.15724567, 0.69241827, 1.20868343</corner2></bounds><pose><translation> 5.40356677, -0.26911466, -0.82764744</translation><rotation><c1>1., 0., 0.</c1><c2>0., 1., 0.</c2><c3>0., 0., 1.</c3></rotation></pose><symmetry><x>none</x><y>none</y><z>none</z></symmetry><detectionScore>-1</detectionScore></element></elements></scene>