<?xml version='1.0' encoding='utf-8'?>
<scene xmlns:sumo="https://www.sumochallenge.org"><version>2.0</version><categories><id>fb_categories_v1_0</id><url>https://sumochallenge.org/en/categories-1_0.json</url></categories><project_type>bounding_box</project_type><elements><element><id>0</id><category>office_chair</category><bounds><corner1>-0.43841117300821747, -0.7342952654442758, -0.3063977999307794</corner1><corner2>0.43841117300821747, 0.7342952654442758, 0.3063977999307794</corner2></bounds><pose><translation>-0.5017101771066727, -1.233003739388662, -2.6667999999647027</translation><rotation><c1>1, 0, 0</c1><c2>0, 1, 0</c2><c3>0, 0, 1</c3></rotation></pose><symmetry><x>twoFold</x><y>cylindrical</y><z>twoFold</z></symmetry><detectionScore>-1.0</detectionScore></element><element><id>1</id><category>coffee_table</category><bounds><corner1>-0.07805641588414036, -0.42788521681537145, -0.24286196836783036</corner1><corner2>0.07805641588414036, 0.42788521681537145, 0.24286196836783036</corner2></bounds><pose><translation>-1.9980897013070618, -0.7792265933499849, -1.1243428789086594</translation><rotation><c1>1, 0, 0</c1><c2>0, 1, 0</c2><c3>0, 0, 1</c3></rotation></pose><symmetry><x>twoFold</x><y>cylindrical</y><z>twoFold</z></symmetry><detectionScore>-1.0</detectionScore></element><element><id>2</id><category>plant</category><bounds><corner1>-0.7657478893988885, -0.5845110638936492, -0.1730118743620368</corner1><corner2>0.7657478893988885, 0.5845110638936492, 0.1730118743620368</corner2></bounds><pose><translation>3.1841216204382365, -1.3956469278351078, 1.7629320746449304</translation><rotation><c1>1, 0, 0</c1><c2>0, 1, 0</c2><c3>0, 0, 1</c3></rotation></pose><symmetry><x>twoFold</x><y>cylindrical</y><z>twoFold</z></symmetry><detectionScore>-1.0</detectionScore></element><element><id>3</id><category>desk</category><bounds><corner1>-1.4038000531570876, -0.9178778930806717, -0.46682615294698016</corner1><corner2>1.4038000531570876, 0.9178778930806717, 0.46682615294698016</corner2></bounds><pose><translation>-1.1558876333034782, -1.3381507942430695, -2.492067401944252</translation><rotation><c1>1, 0, 0</c1><c2>0, 1, 0</c2><c3>0, 0, 1</c3></rotation></pose><symmetry><x>twoFold</x><y>cylindrical</y><z>twoFold</z></symmetry><detectionScore>-1.0</detectionScore></element><element><id>4</id><category>armchair</category><bounds><corner1>-0.5334186888519934, -0.5581352650042037, -0.45629005482976726</corner1><corner2>0.5334186888519934, 0.5581352650042037, 0.45629005482976726</corner2></bounds><pose><translation>-2.45458837622895, -0.8201668417165441, -1.085507107585519</translation><rotation><c1>1, 0, 0</c1><c2>0, 1, 0</c2><c3>0, 0, 1</c3></rotation></pose><symmetry><x>twoFold</x><y>cylindrical</y><z>twoFold</z></symmetry><detectionScore>-1.0</detectionScore></element><element><id>5</id><category>wall</category><bounds><corner1>-1.3914105770971874, -1.5132715665504046, -1.6107640313314082</corner1><corner2>1.3914105770971874, 1.5132715665504046, 1.6107640313314082</corner2></bounds><pose><translation>-0.2890933612439657, -0.12387370982351929, -3.8264268741129657</translation><rotation><c1>1, 0, 0</c1><c2>0, 1, 0</c2><c3>0, 0, 1</c3></rotation></pose><symmetry><x>twoFold</x><y>cylindrical</y><z>twoFold</z></symmetry><detectionScore>-1.0</detectionScore></element><element><id>6</id><category>wall</category><bounds><corner1>-0.14269107608579823, -1.3771743444164266, -1.3064067281746572</corner1><corner2>0.14269107608579823, 1.3771743444164266, 1.3064067281746572</corner2></bounds><pose><translation>-2.05700793226135, -0.07340943360368737, -1.047300703048954</translation><rotation><c1>1, 0, 0</c1><c2>0, 1, 0</c2><c3>0, 0, 1</c3></rotation></pose><symmetry><x>twoFold</x><y>cylindrical</y><z>twoFold</z></symmetry><detectionScore>-1.0</detectionScore></element><element><id>7</id><category>door</category><bounds><corner1>-0.38586708777202183, -2.036749651558406, -0.6643036265113635</corner1><corner2>0.38586708777202183, 2.036749651558406, 0.6643036265113635</corner2></bounds><pose><translation>-2.2486226675690952, -0.6698120166284227, -0.5846504226314289</translation><rotation><c1>1, 0, 0</c1><c2>0, 1, 0</c2><c3>0, 0, 1</c3></rotation></pose><symmetry><x>twoFold</x><y>cylindrical</y><z>twoFold</z></symmetry><detectionScore>-1.0</detectionScore></element><element><id>8</id><category>wall</category><bounds><corner1>-1.0354666333871947, -1.4828954755601538, -1.7452824767633786</corner1><corner2>1.0354666333871947, 1.4828954755601538, 1.7452824767633786</corner2></bounds><pose><translation>2.962575474711105, -0.10151547841521769, 0.1491437575114093</translation><rotation><c1>1, 0, 0</c1><c2>0, 1, 0</c2><c3>0, 0, 1</c3></rotation></pose><symmetry><x>twoFold</x><y>cylindrical</y><z>twoFold</z></symmetry><detectionScore>-1.0</detectionScore></element><element><id>9</id><category>sofa</category><bounds><corner1>-0.07878322034478269, -0.48102287734833943, -0.25162330456686566</corner1><corner2>0.07878322034478269, 0.48102287734833943, 0.25162330456686566</corner2></bounds><pose><translation>-1.998816505767704, -0.7712782127627461, -1.1335647879593493</translation><rotation><c1>1, 0, 0</c1><c2>0, 1, 0</c2><c3>0, 0, 1</c3></rotation></pose><symmetry><x>twoFold</x><y>cylindrical</y><z>twoFold</z></symmetry><detectionScore>-1.0</detectionScore></element><element><id>10</id><category>bunker_bed</category><bounds><corner1>-1.9822513401738195, -1.3280478111104381, -0.920027092121239</corner1><corner2>1.9822513401738195, 1.3280478111104381, 0.920027092121239</corner2></bounds><pose><translation>2.0086432975969832, -0.2891624600640256, -0.37173555847658674</translation><rotation><c1>1, 0, 0</c1><c2>0, 1, 0</c2><c3>0, 0, 1</c3></rotation></pose><symmetry><x>twoFold</x><y>cylindrical</y><z>twoFold</z></symmetry><detectionScore>-1.0</detectionScore></element></elements></scene>