<?xml version='1.0' encoding='utf-8'?>
<scene xmlns:sumo="https://www.sumochallenge.org"><version>2.0</version><categories><id>fb_categories_v1_0</id><url>https://sumochallenge.org/en/categories-1_0.json</url></categories><project_type>bounding_box</project_type><elements><element><id>0</id><category>vase</category><bounds><corner1>-0.2943742818064967, -0.44457374747672807, -0.3138943688557614</corner1><corner2>0.2943742818064967, 0.44457374747672807, 0.3138943688557614</corner2></bounds><pose><translation>-2.0750842841072847, -0.6438837122529829, -0.8502976303017398</translation><rotation><c1>1, 0, 0</c1><c2>0, 1, 0</c2><c3>0, 0, 1</c3></rotation></pose><symmetry><x>twoFold</x><y>cylindrical</y><z>twoFold</z></symmetry><detectionScore>-1.0</detectionScore></element><element><id>1</id><category>stairs</category><bounds><corner1>-0.0843280272416207, -0.8437958595626476, -1.3694536563138062</corner1><corner2>0.0843280272416207, 0.8437958595626476, 1.3694536563138062</corner2></bounds><pose><translation>-1.5801863667287352, 0.6153252655206873, 1.0057888077032715</translation><rotation><c1>1, 0, 0</c1><c2>0, 1, 0</c2><c3>0, 0, 1</c3></rotation></pose><symmetry><x>twoFold</x><y>cylindrical</y><z>twoFold</z></symmetry><detectionScore>-1.0</detectionScore></element><element><id>2</id><category>curtain</category><bounds><corner1>-0.2056525360542496, -0.7815363596150045, -0.92240610884211</corner1><corner2>0.2056525360542496, 0.7815363596150045, 0.92240610884211</corner2></bounds><pose><translation>3.706863828615735, 0.380443644103007, 0.865494252204607</translation><rotation><c1>1, 0, 0</c1><c2>0, 1, 0</c2><c3>0, 0, 1</c3></rotation></pose><symmetry><x>twoFold</x><y>cylindrical</y><z>twoFold</z></symmetry><detectionScore>-1.0</detectionScore></element><element><id>3</id><category>television</category><bounds><corner1>-4.203819813258153, -0.6692777799720863, -2.3382092136828723</corner1><corner2>4.203819813258153, 0.6692777799720863, 2.3382092136828723</corner2></bounds><pose><translation>1.7285943566645185, -0.6692777799720863, 0.8859182576652951</translation><rotation><c1>1, 0, 0</c1><c2>0, 1, 0</c2><c3>0, 0, 1</c3></rotation></pose><symmetry><x>twoFold</x><y>cylindrical</y><z>twoFold</z></symmetry><detectionScore>-1.0</detectionScore></element><element><id>4</id><category>hanging_kitchen_cabinet</category><bounds><corner1>-0.9095203490043975, -0.5810266764347575, -0.4988377886502655</corner1><corner2>0.9095203490043975, 0.5810266764347575, 0.4988377886502655</corner2></bounds><pose><translation>1.2385728976079626, 0.3635004829238252, 3.710745119803359</translation><rotation><c1>1, 0, 0</c1><c2>0, 1, 0</c2><c3>0, 0, 1</c3></rotation></pose><symmetry><x>twoFold</x><y>cylindrical</y><z>twoFold</z></symmetry><detectionScore>-1.0</detectionScore></element><element><id>5</id><category>window</category><bounds><corner1>-8.387450648116735, -0.666847991623173, -0.2205963437276519</corner1><corner2>8.387450648116735, 0.666847991623173, 0.2205963437276519</corner2></bounds><pose><translation>3.638857095577583, -0.12242362878571093, -2.1943735097199712</translation><rotation><c1>1, 0, 0</c1><c2>0, 1, 0</c2><c3>0, 0, 1</c3></rotation></pose><symmetry><x>twoFold</x><y>cylindrical</y><z>twoFold</z></symmetry><detectionScore>-1.0</detectionScore></element><element><id>6</id><category>curtain</category><bounds><corner1>-0.07745114731862657, -0.44590935674177, -0.1614403953467678</corner1><corner2>0.07745114731862657, 0.44590935674177, 0.1614403953467678</corner2></bounds><pose><translation>3.6391871882416473, 0.2312141912160006, -1.955539248441894</translation><rotation><c1>1, 0, 0</c1><c2>0, 1, 0</c2><c3>0, 0, 1</c3></rotation></pose><symmetry><x>twoFold</x><y>cylindrical</y><z>twoFold</z></symmetry><detectionScore>-1.0</detectionScore></element><element><id>7</id><category>window</category><bounds><corner1>-9.352474543018998, -0.835995023270432, -1.702494660302201</corner1><corner2>9.352474543018998, 0.835995023270432, 1.702494660302201</corner2></bounds><pose><translation>3.7058822569214755, 0.08320617270040932, 0.8195137407770248</translation><rotation><c1>1, 0, 0</c1><c2>0, 1, 0</c2><c3>0, 0, 1</c3></rotation></pose><symmetry><x>twoFold</x><y>cylindrical</y><z>twoFold</z></symmetry><detectionScore>-1.0</detectionScore></element><element><id>8</id><category>chair</category><bounds><corner1>-1.2563632530031021, -0.26002701754461066, -1.1108147624569176</corner1><corner2>1.2563632530031021, 0.26002701754461066, 1.1108147624569176</corner2></bounds><pose><translation>1.7024006049977969, -0.8469221422396982, 2.538713925314888</translation><rotation><c1>1, 0, 0</c1><c2>0, 1, 0</c2><c3>0, 0, 1</c3></rotation></pose><symmetry><x>twoFold</x><y>cylindrical</y><z>twoFold</z></symmetry><detectionScore>-1.0</detectionScore></element><element><id>9</id><category>window</category><bounds><corner1>-8.438160330161288, -0.7934525521680609, -0.9277887888029198</corner1><corner2>8.438160330161288, 0.7934525521680609, 0.9277887888029198</corner2></bounds><pose><translation>3.6755583766240862, 0.0679984171320027, -1.6925226382497833</translation><rotation><c1>1, 0, 0</c1><c2>0, 1, 0</c2><c3>0, 0, 1</c3></rotation></pose><symmetry><x>twoFold</x><y>cylindrical</y><z>twoFold</z></symmetry><detectionScore>-1.0</detectionScore></element><element><id>10</id><category>plant</category><bounds><corner1>-8.409725790274418, -0.8739856694600325, -0.9236386355748855</corner1><corner2>8.409725790274418, 0.8739856694600325, 0.9236386355748855</corner2></bounds><pose><translation>3.703992916510957, -0.9461118742377723, -1.2331770113691527</translation><rotation><c1>1, 0, 0</c1><c2>0, 1, 0</c2><c3>0, 0, 1</c3></rotation></pose><symmetry><x>twoFold</x><y>cylindrical</y><z>twoFold</z></symmetry><detectionScore>-1.0</detectionScore></element><element><id>11</id><category>plant</category><bounds><corner1>-8.288942234210474, -0.43319031297117216, -0.2973637362358257</corner1><corner2>8.288942234210474, 0.43319031297117216, 0.2973637362358257</corner2></bounds><pose><translation>3.726523131413783, -0.43666242180835724, -2.024585052426229</translation><rotation><c1>1, 0, 0</c1><c2>0, 1, 0</c2><c3>0, 0, 1</c3></rotation></pose><symmetry><x>twoFold</x><y>cylindrical</y><z>twoFold</z></symmetry><detectionScore>-1.0</detectionScore></element><element><id>12</id><category>hanging_kitchen_cabinet</category><bounds><corner1>-0.5631744408497097, -0.5847948226873799, -0.537014013757438</corner1><corner2>0.5631744408497097, 0.5847948226873799, 0.537014013757438</corner2></bounds><pose><translation>3.141476413271771, 0.405755622009106, 3.575645728436461</translation><rotation><c1>1, 0, 0</c1><c2>0, 1, 0</c2><c3>0, 0, 1</c3></rotation></pose><symmetry><x>twoFold</x><y>cylindrical</y><z>twoFold</z></symmetry><detectionScore>-1.0</detectionScore></element><element><id>13</id><category>wall</category><bounds><corner1>-3.328013803527153, -1.4044266638544074, -0.23908441832081717</corner1><corner2>3.328013803527153, 1.4044266638544074, 0.23908441832081717</corner2></bounds><pose><translation>0.36598093931395714, -0.028573213220467575, 4.051780568796902</translation><rotation><c1>1, 0, 0</c1><c2>0, 1, 0</c2><c3>0, 0, 1</c3></rotation></pose><symmetry><x>twoFold</x><y>cylindrical</y><z>twoFold</z></symmetry><detectionScore>-1.0</detectionScore></element><element><id>14</id><category>hanging_kitchen_cabinet</category><bounds><corner1>-0.6071855512683229, -0.4929993925453918, -0.3603315964150302</corner1><corner2>0.6071855512683229, 0.4929993925453918, 0.3603315964150302</corner2></bounds><pose><translation>2.020217284165163, 0.2315431683008867, 3.8144720176315636</translation><rotation><c1>1, 0, 0</c1><c2>0, 1, 0</c2><c3>0, 0, 1</c3></rotation></pose><symmetry><x>twoFold</x><y>cylindrical</y><z>twoFold</z></symmetry><detectionScore>-1.0</detectionScore></element><element><id>15</id><category>ottoman</category><bounds><corner1>-1.2402318740182903, -0.08325175025702336, -0.46651901743079066</corner1><corner2>1.2402318740182903, 0.08325175025702336, 0.46651901743079066</corner2></bounds><pose><translation>2.0156319689028783, -1.3820183258851806, -0.8031072655476812</translation><rotation><c1>1, 0, 0</c1><c2>0, 1, 0</c2><c3>0, 0, 1</c3></rotation></pose><symmetry><x>twoFold</x><y>cylindrical</y><z>twoFold</z></symmetry><detectionScore>-1.0</detectionScore></element><element><id>16</id><category>curtain</category><bounds><corner1>-0.2140443845011868, -0.7600924633913559, -0.9066686669153936</corner1><corner2>0.2140443845011868, 0.7600924633913559, 0.9066686669153936</corner2></bounds><pose><translation>3.670950150851201, 0.31176277727881146, -1.6261781836513556</translation><rotation><c1>1, 0, 0</c1><c2>0, 1, 0</c2><c3>0, 0, 1</c3></rotation></pose><symmetry><x>twoFold</x><y>cylindrical</y><z>twoFold</z></symmetry><detectionScore>-1.0</detectionScore></element><element><id>17</id><category>window</category><bounds><corner1>-1.4700113259260896, -0.7900080967394429, -0.14184565129367055</corner1><corner2>1.4700113259260896, 0.7900080967394429, 0.14184565129367055</corner2></bounds><pose><translation>-1.4700113259260896, 0.139183516562902, 4.147334405768486</translation><rotation><c1>1, 0, 0</c1><c2>0, 1, 0</c2><c3>0, 0, 1</c3></rotation></pose><symmetry><x>twoFold</x><y>cylindrical</y><z>twoFold</z></symmetry><detectionScore>-1.0</detectionScore></element><element><id>18</id><category>kitchen_cabinet</category><bounds><corner1>-1.680953319660942, -0.31885840718010094, -1.3719262170030144</corner1><corner2>1.680953319660942, 0.31885840718010094, 1.3719262170030144</corner2></bounds><pose><translation>1.7359819656367306, -0.8244545410638872, 2.7914616672042727</translation><rotation><c1>1, 0, 0</c1><c2>0, 1, 0</c2><c3>0, 0, 1</c3></rotation></pose><symmetry><x>twoFold</x><y>cylindrical</y><z>twoFold</z></symmetry><detectionScore>-1.0</detectionScore></element><element><id>19</id><category>window</category><bounds><corner1>-8.318784519881694, -0.4423976898776507, -0.25590293959861055</corner1><corner2>8.318784519881694, 0.4423976898776507, 0.25590293959861055</corner2></bounds><pose><translation>3.6724451185859284, -0.20052409879773364, -2.008604909014968</translation><rotation><c1>1, 0, 0</c1><c2>0, 1, 0</c2><c3>0, 0, 1</c3></rotation></pose><symmetry><x>twoFold</x><y>cylindrical</y><z>twoFold</z></symmetry><detectionScore>-1.0</detectionScore></element><element><id>20</id><category>fence</category><bounds><corner1>-8.290503566691694, -0.4330281715581499, -0.29359632968840166</corner1><corner2>8.290503566691694, 0.4330281715581499, 0.29359632968840166</corner2></bounds><pose><translation>3.7249617989325627, -0.40777455924529665, -2.0343517571935763</translation><rotation><c1>1, 0, 0</c1><c2>0, 1, 0</c2><c3>0, 0, 1</c3></rotation></pose><symmetry><x>twoFold</x><y>cylindrical</y><z>twoFold</z></symmetry><detectionScore>-1.0</detectionScore></element><element><id>21</id><category>wall</category><bounds><corner1>-1.4056385000055798, -1.374754661591097, -0.5225303258289928</corner1><corner2>1.4056385000055798, 1.374754661591097, 0.5225303258289928</corner2></bounds><pose><translation>2.2559310577030396, -0.17470834104074898, 3.6600408949686223</translation><rotation><c1>1, 0, 0</c1><c2>0, 1, 0</c2><c3>0, 0, 1</c3></rotation></pose><symmetry><x>twoFold</x><y>cylindrical</y><z>twoFold</z></symmetry><detectionScore>-1.0</detectionScore></element><element><id>22</id><category>coffee_table</category><bounds><corner1>-1.1592470800202384, -0.08473238400091265, -0.4510163529367204</corner1><corner2>1.1592470800202384, 0.08473238400091265, 0.4510163529367204</corner2></bounds><pose><translation>1.9457693293672647, -1.3834989596290699, -0.7805277736864015</translation><rotation><c1>1, 0, 0</c1><c2>0, 1, 0</c2><c3>0, 0, 1</c3></rotation></pose><symmetry><x>twoFold</x><y>cylindrical</y><z>twoFold</z></symmetry><detectionScore>-1.0</detectionScore></element><element><id>23</id><category>door</category><bounds><corner1>-1.2775400036819955, -1.468994249890916, -2.906948489992333</corner1><corner2>1.2775400036819955, 1.468994249890916, 2.906948489992333</corner2></bounds><pose><translation>-1.2775400036819955, -0.43933083572294945, -2.906948489992333</translation><rotation><c1>1, 0, 0</c1><c2>0, 1, 0</c2><c3>0, 0, 1</c3></rotation></pose><symmetry><x>twoFold</x><y>cylindrical</y><z>twoFold</z></symmetry><detectionScore>-1.0</detectionScore></element><element><id>24</id><category>wall</category><bounds><corner1>-9.35432909697774, -1.386628191037824, -3.0787700490078036</corner1><corner2>9.35432909697774, 1.386628191037824, 3.0787700490078036</corner2></bounds><pose><translation>3.704027702962734, -0.010970185027601687, 0.21744772278464713</translation><rotation><c1>1, 0, 0</c1><c2>0, 1, 0</c2><c3>0, 0, 1</c3></rotation></pose><symmetry><x>twoFold</x><y>cylindrical</y><z>twoFold</z></symmetry><detectionScore>-1.0</detectionScore></element><element><id>25</id><category>chair</category><bounds><corner1>-0.6609254900009258, -0.4568053211881592, -0.41932224326429424</corner1><corner2>0.6609254900009258, 0.4568053211881592, 0.41932224326429424</corner2></bounds><pose><translation>-1.7917368909484832, -0.9213697987960983, -0.3420233650949693</translation><rotation><c1>1, 0, 0</c1><c2>0, 1, 0</c2><c3>0, 0, 1</c3></rotation></pose><symmetry><x>twoFold</x><y>cylindrical</y><z>twoFold</z></symmetry><detectionScore>-1.0</detectionScore></element><element><id>26</id><category>chair</category><bounds><corner1>-0.5860651049030949, -0.4920175007227528, -0.46205366943401166</corner1><corner2>0.5860651049030949, 0.4920175007227528, 0.46205366943401166</corner2></bounds><pose><translation>-1.7443100041505946, -0.8564602639152356, -0.9555349289975121</translation><rotation><c1>1, 0, 0</c1><c2>0, 1, 0</c2><c3>0, 0, 1</c3></rotation></pose><symmetry><x>twoFold</x><y>cylindrical</y><z>twoFold</z></symmetry><detectionScore>-1.0</detectionScore></element><element><id>27</id><category>refrigerator</category><bounds><corner1>-0.8405505458611313, -0.8240501077667248, -0.7533795176585656</corner1><corner2>0.8405505458611313, 0.8240501077667248, 0.7533795176585656</corner2></bounds><pose><translation>1.123126172103325, -0.7980241125132786, 3.450610299006799</translation><rotation><c1>1, 0, 0</c1><c2>0, 1, 0</c2><c3>0, 0, 1</c3></rotation></pose><symmetry><x>twoFold</x><y>cylindrical</y><z>twoFold</z></symmetry><detectionScore>-1.0</detectionScore></element><element><id>28</id><category>plant</category><bounds><corner1>-8.431613027337946, -0.7565764396263605, -0.5892708047678501</corner1><corner2>8.431613027337946, 0.7565764396263605, 0.5892708047678501</corner2></bounds><pose><translation>3.6175284356144166, -0.6720835670512701, -2.072032369763826</translation><rotation><c1>1, 0, 0</c1><c2>0, 1, 0</c2><c3>0, 0, 1</c3></rotation></pose><symmetry><x>twoFold</x><y>cylindrical</y><z>twoFold</z></symmetry><detectionScore>-1.0</detectionScore></element></elements></scene>