<?xml version='1.0' encoding='utf-8'?>
<scene xmlns:sumo="https://www.sumochallenge.org"><version>2.0</version><categories><id>fb_categories_v1.0</id><url>https://sumochallenge.org/en/categories-1_0.json</url></categories><project_type>bounding_box</project_type><elements><element><id>6</id><category>wall</category><bounds><corner1>-0.9878728 , -1.34803993, -1.09215784</corner1><corner2>0.9878728 , 1.34803993, 1.09215784</corner2></bounds><pose><translation>-2.74583063, -0.20400656,  0.21394023</translation><rotation><c1>1., 0., 0.</c1><c2>0., 1., 0.</c2><c3>0., 0., 1.</c3></rotation></pose><symmetry><x>none</x><y>none</y><z>none</z></symmetry><detectionScore>-1</detectionScore></element><element><id>5</id><category>mirror</category><bounds><corner1>-0.5507231 , -0.36856623, -0.02399663</corner1><corner2>0.5507231 , 0.36856623, 0.02399663</corner2></bounds><pose><translation> 0.15430729,  0.1765455 , -1.37998899</translation><rotation><c1>1., 0., 0.</c1><c2>0., 1., 0.</c2><c3>0., 0., 1.</c3></rotation></pose><symmetry><x>none</x><y>none</y><z>none</z></symmetry><detectionScore>-1</detectionScore></element><element><id>3</id><category>wall</category><bounds><corner1>-0.04286982, -1.28912831, -0.94976395</corner1><corner2>0.04286982, 1.28912831, 0.94976395</corner2></bounds><pose><translation> 2.05111511, -0.15328572, -0.05805516</translation><rotation><c1>1., 0., 0.</c1><c2>0., 1., 0.</c2><c3>0., 0., 1.</c3></rotation></pose><symmetry><x>none</x><y>none</y><z>none</z></symmetry><detectionScore>-1</detectionScore></element><element><id>4</id><category>shelving</category><bounds><corner1>-0.88315503, -0.77239075, -0.2872143 </corner1><corner2>0.88315503, 0.77239075, 0.2872143 </corner2></bounds><pose><translation>-2.57111359, -0.48881486, -1.25271709</translation><rotation><c1>1., 0., 0.</c1><c2>0., 1., 0.</c2><c3>0., 0., 1.</c3></rotation></pose><symmetry><x>none</x><y>none</y><z>none</z></symmetry><detectionScore>-1</detectionScore></element><element><id>2</id><category>door</category><bounds><corner1>-0.55234031, -1.03545853, -0.03609743</corner1><corner2>0.55234031, 1.03545853, 0.03609743</corner2></bounds><pose><translation>-0.60336354, -0.37188424,  1.96399045</translation><rotation><c1>1., 0., 0.</c1><c2>0., 1., 0.</c2><c3>0., 0., 1.</c3></rotation></pose><symmetry><x>none</x><y>none</y><z>none</z></symmetry><detectionScore>-1</detectionScore></element><element><id>1</id><category>wall_lamp</category><bounds><corner1>-0.04097972, -0.43389716, -0.18757575</corner1><corner2>0.04097972, 0.43389716, 0.18757575</corner2></bounds><pose><translation> 2.04505583, -0.1995447 , -0.72880126</translation><rotation><c1>1., 0., 0.</c1><c2>0., 1., 0.</c2><c3>0., 0., 1.</c3></rotation></pose><symmetry><x>none</x><y>none</y><z>none</z></symmetry><detectionScore>-1</detectionScore></element></elements></scene>