<?xml version='1.0' encoding='utf-8'?>
<scene xmlns:sumo="https://www.sumochallenge.org"><version>2.0</version><categories><id>fb_categories_v1.0</id><url>https://sumochallenge.org/en/categories-1_0.json</url></categories><project_type>bounding_box</project_type><elements><element><id>6</id><category>kitchen_cabinet</category><bounds><corner1>-0.07500281, -0.43985413, -0.40205963</corner1><corner2>0.07500281, 0.43985413, 0.40205963</corner2></bounds><pose><translation>-1.88005676, -1.01207448,  0.78394935</translation><rotation><c1>1., 0., 0.</c1><c2>0., 1., 0.</c2><c3>0., 0., 1.</c3></rotation></pose><symmetry><x>none</x><y>none</y><z>none</z></symmetry><detectionScore>-1</detectionScore></element><element><id>7</id><category>wall</category><bounds><corner1>-1.41067976, -1.17753992, -1.16075914</corner1><corner2>1.41067976, 1.17753992, 1.16075914</corner2></bounds><pose><translation>-0.98906088, -0.05452219, -3.74177503</translation><rotation><c1>1., 0., 0.</c1><c2>0., 1., 0.</c2><c3>0., 0., 1.</c3></rotation></pose><symmetry><x>none</x><y>none</y><z>none</z></symmetry><detectionScore>-1</detectionScore></element><element><id>5</id><category>chair</category><bounds><corner1>-0.28100119, -0.44135549, -0.36037827</corner1><corner2>0.28100119, 0.44135549, 0.36037827</corner2></bounds><pose><translation>-1.49596397, -0.91924607, -0.98294136</translation><rotation><c1>1., 0., 0.</c1><c2>0., 1., 0.</c2><c3>0., 0., 1.</c3></rotation></pose><symmetry><x>none</x><y>none</y><z>none</z></symmetry><detectionScore>-1</detectionScore></element><element><id>3</id><category>door</category><bounds><corner1>-0.52512881, -0.9291462 , -0.02994951</corner1><corner2>0.52512881, 0.9291462 , 0.02994951</corner2></bounds><pose><translation>-0.00742213, -0.18666791,  1.53805761</translation><rotation><c1>1., 0., 0.</c1><c2>0., 1., 0.</c2><c3>0., 0., 1.</c3></rotation></pose><symmetry><x>none</x><y>none</y><z>none</z></symmetry><detectionScore>-1</detectionScore></element><element><id>2</id><category>wall</category><bounds><corner1>-0.90408255, -1.25975158, -1.44044937</corner1><corner2>0.90408255, 1.25975158, 1.44044937</corner2></bounds><pose><translation>-1.88806848, -0.14534907,  0.03003151</translation><rotation><c1>1., 0., 0.</c1><c2>0., 1., 0.</c2><c3>0., 0., 1.</c3></rotation></pose><symmetry><x>none</x><y>none</y><z>none</z></symmetry><detectionScore>-1</detectionScore></element><element><id>1</id><category>kitchen_cabinet</category><bounds><corner1>-0.08109861, -0.42906046, -0.39523732</corner1><corner2>0.08109861, 0.42906046, 0.39523732</corner2></bounds><pose><translation>-1.87901756, -0.99899367, -0.28425188</translation><rotation><c1>1., 0., 0.</c1><c2>0., 1., 0.</c2><c3>0., 0., 1.</c3></rotation></pose><symmetry><x>none</x><y>none</y><z>none</z></symmetry><detectionScore>-1</detectionScore></element></elements></scene>