<?xml version='1.0' encoding='utf-8'?>
<scene xmlns:sumo="https://www.sumochallenge.org"><version>2.0</version><categories><id>fb_categories_v1_0</id><url>https://sumochallenge.org/en/categories-1_0.json</url></categories><project_type>bounding_box</project_type><elements><element><id>0</id><category>bookshelf</category><bounds><corner1>-1.9089914024467491, -1.9588795732862676, -0.4008668935494297</corner1><corner2>1.9089914024467491, 1.9588795732862676, 0.4008668935494297</corner2></bounds><pose><translation>2.7562092073084026, -0.5813724549065213, 0.18152319735376263</translation><rotation><c1>1, 0, 0</c1><c2>0, 1, 0</c2><c3>0, 0, 1</c3></rotation></pose><symmetry><x>twoFold</x><y>cylindrical</y><z>twoFold</z></symmetry><detectionScore>-1.0</detectionScore></element><element><id>1</id><category>curtain</category><bounds><corner1>-0.23031859410060918, -1.2820568289631953, -1.3422546988708293</corner1><corner2>0.23031859410060918, 1.2820568289631953, 1.3422546988708293</corner2></bounds><pose><translation>4.506287881914905, -0.039523752234242024, -1.8746996355536483</translation><rotation><c1>1, 0, 0</c1><c2>0, 1, 0</c2><c3>0, 0, 1</c3></rotation></pose><symmetry><x>twoFold</x><y>cylindrical</y><z>twoFold</z></symmetry><detectionScore>-1.0</detectionScore></element><element><id>2</id><category>wall</category><bounds><corner1>-0.2646404145823693, -1.433753536539492, -2.1522702144208847</corner1><corner2>0.2646404145823693, 1.433753536539492, 2.1522702144208847</corner2></bounds><pose><translation>4.471966061433145, -0.08172847057948801, -1.714843311618703</translation><rotation><c1>1, 0, 0</c1><c2>0, 1, 0</c2><c3>0, 0, 1</c3></rotation></pose><symmetry><x>twoFold</x><y>cylindrical</y><z>twoFold</z></symmetry><detectionScore>-1.0</detectionScore></element><element><id>3</id><category>single_bed</category><bounds><corner1>-3.3543345277519285, -0.710604756686505, -0.767034624681975</corner1><corner2>3.3543345277519285, 0.710604756686505, 0.767034624681975</corner2></bounds><pose><translation>0.040022374404387245, -1.195428704798166, -2.2980747920898246</translation><rotation><c1>1, 0, 0</c1><c2>0, 1, 0</c2><c3>0, 0, 1</c3></rotation></pose><symmetry><x>twoFold</x><y>cylindrical</y><z>twoFold</z></symmetry><detectionScore>-1.0</detectionScore></element><element><id>4</id><category>curtain</category><bounds><corner1>-1.3181253830866313, -1.322510433569934, -1.312162678685708</corner1><corner2>1.3181253830866313, 1.322510433569934, 1.312162678685708</corner2></bounds><pose><translation>1.847516540723204, -0.03016247560239884, -4.3434614534755145</translation><rotation><c1>1, 0, 0</c1><c2>0, 1, 0</c2><c3>0, 0, 1</c3></rotation></pose><symmetry><x>twoFold</x><y>cylindrical</y><z>twoFold</z></symmetry><detectionScore>-1.0</detectionScore></element><element><id>5</id><category>desk</category><bounds><corner1>-1.3813651445966952, -0.57660590274936, -1.647496193438812</corner1><corner2>1.3813651445966952, 0.57660590274936, 1.647496193438812</corner2></bounds><pose><translation>2.0357479091023563, -1.1933360873239334, -3.8378387292073652</translation><rotation><c1>1, 0, 0</c1><c2>0, 1, 0</c2><c3>0, 0, 1</c3></rotation></pose><symmetry><x>twoFold</x><y>cylindrical</y><z>twoFold</z></symmetry><detectionScore>-1.0</detectionScore></element><element><id>6</id><category>rug</category><bounds><corner1>-2.710354196109373, -0.5966618076954485, -0.6964414092979483</corner1><corner2>2.710354196109373, 0.5966618076954485, 0.6964414092979483</corner2></bounds><pose><translation>0.022250651290189685, -1.1898596297110327, -2.2281353872202025</translation><rotation><c1>1, 0, 0</c1><c2>0, 1, 0</c2><c3>0, 0, 1</c3></rotation></pose><symmetry><x>twoFold</x><y>cylindrical</y><z>twoFold</z></symmetry><detectionScore>-1.0</detectionScore></element><element><id>7</id><category>wall</category><bounds><corner1>-2.6262617208338073, -1.5479998910151713, -2.0861254521203394</corner1><corner2>2.6262617208338073, 1.5479998910151713, 2.0861254521203394</corner2></bounds><pose><translation>1.441188839477219, -0.17484252076753926, -4.276467987888893</translation><rotation><c1>1, 0, 0</c1><c2>0, 1, 0</c2><c3>0, 0, 1</c3></rotation></pose><symmetry><x>twoFold</x><y>cylindrical</y><z>twoFold</z></symmetry><detectionScore>-1.0</detectionScore></element><element><id>8</id><category>window</category><bounds><corner1>-1.0779567487773383, -0.9258652397050467, -1.3229883354480414</corner1><corner2>1.0779567487773383, 0.9258652397050467, 1.3229883354480414</corner2></bounds><pose><translation>1.9490923453030917, 0.09949247014204733, -4.396246734080466</translation><rotation><c1>1, 0, 0</c1><c2>0, 1, 0</c2><c3>0, 0, 1</c3></rotation></pose><symmetry><x>twoFold</x><y>cylindrical</y><z>twoFold</z></symmetry><detectionScore>-1.0</detectionScore></element><element><id>9</id><category>shelving</category><bounds><corner1>-1.904756722506575, -1.890619987335746, -0.3854953288197088</corner1><corner2>1.904756722506575, 1.890619987335746, 0.3854953288197088</corner2></bounds><pose><translation>2.760443887248577, -0.5079069303891205, 0.1935352122639442</translation><rotation><c1>1, 0, 0</c1><c2>0, 1, 0</c2><c3>0, 0, 1</c3></rotation></pose><symmetry><x>twoFold</x><y>cylindrical</y><z>twoFold</z></symmetry><detectionScore>-1.0</detectionScore></element></elements></scene>