<?xml version='1.0' encoding='utf-8'?>
<scene xmlns:sumo="https://www.sumochallenge.org"><version>2.0</version><categories><id>fb_categories_v1_0</id><url>https://sumochallenge.org/en/categories-1_0.json</url></categories><project_type>bounding_box</project_type><elements><element><id>0</id><category>sofa</category><bounds><corner1>-2.291012056450545, -1.9302836047004124, -0.16731539436747134</corner1><corner2>2.291012056450545, 1.9302836047004124, 0.16731539436747134</corner2></bounds><pose><translation>2.7439717078820083, 1.8758283453275164, -0.8529835509812597</translation><rotation><c1>0, 0, 0</c1><c2>0, 0, 0</c2><c3>0, 0, 0</c3></rotation></pose><symmetry><x>twoFold</x><y>cylindrical</y><z>twoFold</z></symmetry><detectionScore>-1.0</detectionScore></element><element><id>1</id><category>tv_stand</category><bounds><corner1>-1.6714627373857136, -1.9143904124153304, -1.222966594663436</corner1><corner2>1.6714627373857136, 1.9143904124153304, 1.222966594663436</corner2></bounds><pose><translation>1.0176816045752435, -4.744467978576192, -0.5581727105074186</translation><rotation><c1>0, 0, 0</c1><c2>0, 0, 0</c2><c3>0, 0, 0</c3></rotation></pose><symmetry><x>twoFold</x><y>cylindrical</y><z>twoFold</z></symmetry><detectionScore>-1.0</detectionScore></element><element><id>2</id><category>ottoman</category><bounds><corner1>-2.0733423895175385, -1.343786928228038, -0.36642925596285936</corner1><corner2>2.0733423895175385, 1.343786928228038, 0.36642925596285936</corner2></bounds><pose><translation>0.5385673086185092, -2.550179949980195, -0.972436586554481</translation><rotation><c1>0, 0, 0</c1><c2>0, 0, 0</c2><c3>0, 0, 0</c3></rotation></pose><symmetry><x>twoFold</x><y>cylindrical</y><z>twoFold</z></symmetry><detectionScore>-1.0</detectionScore></element><element><id>3</id><category>window</category><bounds><corner1>-0.09633363140994877, -0.40225219079390806, -0.7915681066552328</corner1><corner2>0.09633363140994877, 0.40225219079390806, 0.7915681066552328</corner2></bounds><pose><translation>5.0175372141347365, 3.2082148182874777, 0.1033702061428642</translation><rotation><c1>0, 0, 0</c1><c2>0, 0, 0</c2><c3>0, 0, 0</c3></rotation></pose><symmetry><x>twoFold</x><y>cylindrical</y><z>twoFold</z></symmetry><detectionScore>-1.0</detectionScore></element><element><id>4</id><category>wall</category><bounds><corner1>-4.3218739346163, -5.411181381393826, -1.2722241037183688</corner1><corner2>4.3218739346163, 5.411181381393826, 1.2722241037183688</corner2></bounds><pose><translation>0.4305253302021468, 4.126436712977533, -0.01345141852844483</translation><rotation><c1>0, 0, 0</c1><c2>0, 0, 0</c2><c3>0, 0, 0</c3></rotation></pose><symmetry><x>twoFold</x><y>cylindrical</y><z>twoFold</z></symmetry><detectionScore>-1.0</detectionScore></element><element><id>5</id><category>wall</category><bounds><corner1>-1.7469062304671867, -5.307333228143303, -1.2611466385302565</corner1><corner2>1.7469062304671867, 5.307333228143303, 1.2611466385302565</corner2></bounds><pose><translation>3.060353483576834, 4.077696183837732, -0.05648783513110896</translation><rotation><c1>0, 0, 0</c1><c2>0, 0, 0</c2><c3>0, 0, 0</c3></rotation></pose><symmetry><x>twoFold</x><y>cylindrical</y><z>twoFold</z></symmetry><detectionScore>-1.0</detectionScore></element><element><id>6</id><category>tv_stand</category><bounds><corner1>-1.7906928523230272, -3.0894116564418703, -0.7212388775741458</corner1><corner2>1.7906928523230272, 3.0894116564418703, 0.7212388775741458</corner2></bounds><pose><translation>0.7644371915311267, -4.334507390071061, -1.3300024312570955</translation><rotation><c1>0, 0, 0</c1><c2>0, 0, 0</c2><c3>0, 0, 0</c3></rotation></pose><symmetry><x>twoFold</x><y>cylindrical</y><z>twoFold</z></symmetry><detectionScore>-1.0</detectionScore></element><element><id>7</id><category>door</category><bounds><corner1>-0.5565455851754599, -2.22461788709513, -1.21333351677621</corner1><corner2>0.5565455851754599, 2.22461788709513, 1.21333351677621</corner2></bounds><pose><translation>3.5927575886811125, -4.982251701701796, -0.48542315557497034</translation><rotation><c1>0, 0, 0</c1><c2>0, 0, 0</c2><c3>0, 0, 0</c3></rotation></pose><symmetry><x>twoFold</x><y>cylindrical</y><z>twoFold</z></symmetry><detectionScore>-1.0</detectionScore></element><element><id>8</id><category>wall</category><bounds><corner1>-4.049365896652743, -1.9595898238076979, -1.3277135985670447</corner1><corner2>4.049365896652743, 1.9595898238076979, 1.3277135985670447</corner2></bounds><pose><translation>5.002491392178957, 1.9776457072249554, -0.014686188586054446</translation><rotation><c1>0, 0, 0</c1><c2>0, 0, 0</c2><c3>0, 0, 0</c3></rotation></pose><symmetry><x>twoFold</x><y>cylindrical</y><z>twoFold</z></symmetry><detectionScore>-1.0</detectionScore></element><element><id>9</id><category>wall</category><bounds><corner1>-0.29417230828381524, -0.0718431764035703, -0.3497772659046747</corner1><corner2>0.29417230828381524, 0.0718431764035703, 0.3497772659046747</corner2></bounds><pose><translation>-2.14215584500281, 4.069021600631438, 0.051800602103683514</translation><rotation><c1>0, 0, 0</c1><c2>0, 0, 0</c2><c3>0, 0, 0</c3></rotation></pose><symmetry><x>twoFold</x><y>cylindrical</y><z>twoFold</z></symmetry><detectionScore>-1.0</detectionScore></element><element><id>10</id><category>wall</category><bounds><corner1>-0.14702910800123714, -1.036365804493812, -1.157886564628582</corner1><corner2>0.14702910800123714, 1.036365804493812, 1.157886564628582</corner2></bounds><pose><translation>3.090286544331934, -4.974552258264028, -0.024539501430370845</translation><rotation><c1>0, 0, 0</c1><c2>0, 0, 0</c2><c3>0, 0, 0</c3></rotation></pose><symmetry><x>twoFold</x><y>cylindrical</y><z>twoFold</z></symmetry><detectionScore>-1.0</detectionScore></element><element><id>11</id><category>armchair</category><bounds><corner1>-2.3992235901172, -1.968752640453221, -0.1567469732123653</corner1><corner2>2.3992235901172, 1.968752640453221, 0.1567469732123653</corner2></bounds><pose><translation>2.628878085953778, 1.75712820446963, -0.8552210992323118</translation><rotation><c1>0, 0, 0</c1><c2>0, 0, 0</c2><c3>0, 0, 0</c3></rotation></pose><symmetry><x>twoFold</x><y>cylindrical</y><z>twoFold</z></symmetry><detectionScore>-1.0</detectionScore></element><element><id>12</id><category>wall</category><bounds><corner1>-2.3233987406308603, -0.6401751470567216, -1.377371608897597</corner1><corner2>2.3233987406308603, 0.6401751470567216, 1.377371608897597</corner2></bounds><pose><translation>-1.700748592569445, 4.063419148699849, -0.028627869021157073</translation><rotation><c1>0, 0, 0</c1><c2>0, 0, 0</c2><c3>0, 0, 0</c3></rotation></pose><symmetry><x>twoFold</x><y>cylindrical</y><z>twoFold</z></symmetry><detectionScore>-1.0</detectionScore></element><element><id>13</id><category>door</category><bounds><corner1>-7.671727391864968, -0.9027722684572754, -1.129631409051962</corner1><corner2>7.671727391864968, 0.9027722684572754, 1.129631409051962</corner2></bounds><pose><translation>5.2648825356073825, 0.9805277080420338, -0.3785596340457134</translation><rotation><c1>0, 0, 0</c1><c2>0, 0, 0</c2><c3>0, 0, 0</c3></rotation></pose><symmetry><x>twoFold</x><y>cylindrical</y><z>twoFold</z></symmetry><detectionScore>-1.0</detectionScore></element><element><id>14</id><category>wall</category><bounds><corner1>-0.9072104577463318, -0.5432212173429258, -0.9490170363781691</corner1><corner2>0.9072104577463318, 0.5432212173429258, 0.9490170363781691</corner2></bounds><pose><translation>-1.9544819246893241, 4.073395933417861, -0.003928849860295767</translation><rotation><c1>0, 0, 0</c1><c2>0, 0, 0</c2><c3>0, 0, 0</c3></rotation></pose><symmetry><x>twoFold</x><y>cylindrical</y><z>twoFold</z></symmetry><detectionScore>-1.0</detectionScore></element><element><id>15</id><category>loudspeaker</category><bounds><corner1>-0.6041094263003592, -2.252988136138559, -0.5677553895174071</corner1><corner2>0.6041094263003592, 2.252988136138559, 0.5677553895174071</corner2></bounds><pose><translation>2.6090418488596088, -4.637176878614124, -0.9626356521492794</translation><rotation><c1>0, 0, 0</c1><c2>0, 0, 0</c2><c3>0, 0, 0</c3></rotation></pose><symmetry><x>twoFold</x><y>cylindrical</y><z>twoFold</z></symmetry><detectionScore>-1.0</detectionScore></element><element><id>16</id><category>shelving</category><bounds><corner1>-0.264461465014763, -0.7161470627334605, -0.9462829066496589</corner1><corner2>0.264461465014763, 0.7161470627334605, 0.9462829066496589</corner2></bounds><pose><translation>-3.685035283706509, -2.727437716874716, -0.764936206156208</translation><rotation><c1>0, 0, 0</c1><c2>0, 0, 0</c2><c3>0, 0, 0</c3></rotation></pose><symmetry><x>twoFold</x><y>cylindrical</y><z>twoFold</z></symmetry><detectionScore>-1.0</detectionScore></element><element><id>17</id><category>shelving</category><bounds><corner1>-0.3463808958550403, -0.775599299406083, -1.0002806143681497</corner1><corner2>0.3463808958550403, 0.775599299406083, 1.0002806143681497</corner2></bounds><pose><translation>-3.8414490919883857, 1.5116755709987137, -0.7264952607458535</translation><rotation><c1>0, 0, 0</c1><c2>0, 0, 0</c2><c3>0, 0, 0</c3></rotation></pose><symmetry><x>twoFold</x><y>cylindrical</y><z>twoFold</z></symmetry><detectionScore>-1.0</detectionScore></element><element><id>18</id><category>wall</category><bounds><corner1>-0.09751962834373051, -0.06898161400386371, -0.5331097591914632</corner1><corner2>0.09751962834373051, 0.06898161400386371, 0.5331097591914632</corner2></bounds><pose><translation>-2.1727493899991224, 4.067346019872481, -0.09281410771585447</translation><rotation><c1>0, 0, 0</c1><c2>0, 0, 0</c2><c3>0, 0, 0</c3></rotation></pose><symmetry><x>twoFold</x><y>cylindrical</y><z>twoFold</z></symmetry><detectionScore>-1.0</detectionScore></element><element><id>19</id><category>vase</category><bounds><corner1>-0.36897273680795983, -0.6306198940597487, -0.6310722544854309</corner1><corner2>0.36897273680795983, 0.6306198940597487, 0.6310722544854309</corner2></bounds><pose><translation>-2.658932684892286, 3.4565867320522066, -0.7785552770308525</translation><rotation><c1>0, 0, 0</c1><c2>0, 0, 0</c2><c3>0, 0, 0</c3></rotation></pose><symmetry><x>twoFold</x><y>cylindrical</y><z>twoFold</z></symmetry><detectionScore>-1.0</detectionScore></element><element><id>20</id><category>vase</category><bounds><corner1>-0.24890431131159696, -0.8346811825994007, -0.6326330239820903</corner1><corner2>0.24890431131159696, 0.8346811825994007, 0.6326330239820903</corner2></bounds><pose><translation>-3.440206732281279, 2.504135464063114, -1.0925707232384982</translation><rotation><c1>0, 0, 0</c1><c2>0, 0, 0</c2><c3>0, 0, 0</c3></rotation></pose><symmetry><x>twoFold</x><y>cylindrical</y><z>twoFold</z></symmetry><detectionScore>-1.0</detectionScore></element><element><id>21</id><category>wall</category><bounds><corner1>-1.329679113998174, -1.4338686561794423, -1.345235375484779</corner1><corner2>1.329679113998174, 1.4338686561794423, 1.345235375484779</corner2></bounds><pose><translation>3.0193704676938733, -4.96920906775333, -0.12152505818326717</translation><rotation><c1>0, 0, 0</c1><c2>0, 0, 0</c2><c3>0, 0, 0</c3></rotation></pose><symmetry><x>twoFold</x><y>cylindrical</y><z>twoFold</z></symmetry><detectionScore>-1.0</detectionScore></element><element><id>22</id><category>door</category><bounds><corner1>-0.41666176113305387, -1.3066821813641205, -1.7827453386651628</corner1><corner2>0.41666176113305387, 1.3066821813641205, 1.7827453386651628</corner2></bounds><pose><translation>-4.233605407351142, -0.8446698680822061, -0.5826827170166208</translation><rotation><c1>0, 0, 0</c1><c2>0, 0, 0</c2><c3>0, 0, 0</c3></rotation></pose><symmetry><x>twoFold</x><y>cylindrical</y><z>twoFold</z></symmetry><detectionScore>-1.0</detectionScore></element><element><id>23</id><category>shelving</category><bounds><corner1>-0.2940326959350692, -2.1621688517899047, -1.1433559210621485</corner1><corner2>0.2940326959350692, 2.1621688517899047, 1.1433559210621485</corner2></bounds><pose><translation>2.451886922325838, -4.90106470231927, -0.5859351549725222</translation><rotation><c1>0, 0, 0</c1><c2>0, 0, 0</c2><c3>0, 0, 0</c3></rotation></pose><symmetry><x>twoFold</x><y>cylindrical</y><z>twoFold</z></symmetry><detectionScore>-1.0</detectionScore></element><element><id>24</id><category>window</category><bounds><corner1>-1.6506564758897202, -5.22658017999032, -0.9991420150984197</corner1><corner2>1.6506564758897202, 5.22658017999032, 0.9991420150984197</corner2></bounds><pose><translation>3.194291333068179, 4.313401222707556, 0.04513071903676329</translation><rotation><c1>0, 0, 0</c1><c2>0, 0, 0</c2><c3>0, 0, 0</c3></rotation></pose><symmetry><x>twoFold</x><y>cylindrical</y><z>twoFold</z></symmetry><detectionScore>-1.0</detectionScore></element><element><id>25</id><category>wall</category><bounds><corner1>-3.6874233036751756, -2.840047736078979, -1.396783586012015</corner1><corner2>3.6874233036751756, 2.840047736078979, 1.396783586012015</corner2></bounds><pose><translation>0.023452666022408423, -4.977170266794742, -0.1265398397683435</translation><rotation><c1>0, 0, 0</c1><c2>0, 0, 0</c2><c3>0, 0, 0</c3></rotation></pose><symmetry><x>twoFold</x><y>cylindrical</y><z>twoFold</z></symmetry><detectionScore>-1.0</detectionScore></element><element><id>26</id><category>shelving</category><bounds><corner1>-2.52084306917098, -3.3078971031214475, -1.3441409539769504</corner1><corner2>2.52084306917098, 3.3078971031214475, 1.3441409539769504</corner2></bounds><pose><translation>-3.520102050415365, -4.768837277862485, -0.5304158048991686</translation><rotation><c1>0, 0, 0</c1><c2>0, 0, 0</c2><c3>0, 0, 0</c3></rotation></pose><symmetry><x>twoFold</x><y>cylindrical</y><z>twoFold</z></symmetry><detectionScore>-1.0</detectionScore></element><element><id>27</id><category>coffee_table</category><bounds><corner1>-2.1191723646702707, -1.5327925838243126, -0.45252608473029654</corner1><corner2>2.1191723646702707, 1.5327925838243126, 0.45252608473029654</corner2></bounds><pose><translation>0.5388031102549398, -2.743093046111462, -1.0591031865342515</translation><rotation><c1>0, 0, 0</c1><c2>0, 0, 0</c2><c3>0, 0, 0</c3></rotation></pose><symmetry><x>twoFold</x><y>cylindrical</y><z>twoFold</z></symmetry><detectionScore>-1.0</detectionScore></element><element><id>28</id><category>door</category><bounds><corner1>-2.0242698128018652, -5.348908944552022, -1.2912037576111444</corner1><corner2>2.0242698128018652, 5.348908944552022, 1.2912037576111444</corner2></bounds><pose><translation>2.777065376171839, 4.1922143706947015, -0.38182808139142715</translation><rotation><c1>0, 0, 0</c1><c2>0, 0, 0</c2><c3>0, 0, 0</c3></rotation></pose><symmetry><x>twoFold</x><y>cylindrical</y><z>twoFold</z></symmetry><detectionScore>-1.0</detectionScore></element><element><id>29</id><category>floor</category><bounds><corner1>-2.001809063549112, -0.7221352553356284, -0.36681047671676825</corner1><corner2>2.001809063549112, 0.7221352553356284, 0.36681047671676825</corner2></bounds><pose><translation>-1.8709497652202767, 3.9379541515709957, -0.9226268993033623</translation><rotation><c1>0, 0, 0</c1><c2>0, 0, 0</c2><c3>0, 0, 0</c3></rotation></pose><symmetry><x>twoFold</x><y>cylindrical</y><z>twoFold</z></symmetry><detectionScore>-1.0</detectionScore></element><element><id>30</id><category>wall</category><bounds><corner1>-0.4202903757668266, -1.0841138401727415, -1.2318637646783106</corner1><corner2>0.4202903757668266, 1.0841138401727415, 1.2318637646783106</corner2></bounds><pose><translation>3.2442811490273438, -4.98068374102157, -0.04298785871686551</translation><rotation><c1>0, 0, 0</c1><c2>0, 0, 0</c2><c3>0, 0, 0</c3></rotation></pose><symmetry><x>twoFold</x><y>cylindrical</y><z>twoFold</z></symmetry><detectionScore>-1.0</detectionScore></element><element><id>31</id><category>door</category><bounds><corner1>-0.8222666984745169, -5.446328910652321, -1.30282973095583</corner1><corner2>0.8222666984745169, 5.446328910652321, 1.30282973095583</corner2></bounds><pose><translation>-1.2077342099609258, 4.161972497303365, -0.43250139256057996</translation><rotation><c1>0, 0, 0</c1><c2>0, 0, 0</c2><c3>0, 0, 0</c3></rotation></pose><symmetry><x>twoFold</x><y>cylindrical</y><z>twoFold</z></symmetry><detectionScore>-1.0</detectionScore></element><element><id>32</id><category>window</category><bounds><corner1>-0.11766055300442257, -1.703678894151162, -0.9795665037088956</corner1><corner2>0.11766055300442257, 1.703678894151162, 0.9795665037088956</corner2></bounds><pose><translation>5.03762244585682, -2.7203097836797188, 0.27266171505283654</translation><rotation><c1>0, 0, 0</c1><c2>0, 0, 0</c2><c3>0, 0, 0</c3></rotation></pose><symmetry><x>twoFold</x><y>cylindrical</y><z>twoFold</z></symmetry><detectionScore>-1.0</detectionScore></element></elements></scene>