<?xml version='1.0' encoding='utf-8'?>
<scene xmlns:sumo="https://www.sumochallenge.org"><version>2.0</version><categories><id>fb_categories_v1_0</id><url>https://sumochallenge.org/en/categories-1_0.json</url></categories><project_type>bounding_box</project_type><elements><element><id>0</id><category>wall</category><bounds><corner1>-0.3013171206449421, -6.1768238957817765, -1.314813079545988</corner1><corner2>0.3013171206449421, 6.1768238957817765, 1.314813079545988</corner2></bounds><pose><translation>1.648106298693171, 7.779156235292557, -0.06626376613100517</translation><rotation><c1>0, 0, 0</c1><c2>0, 0, 0</c2><c3>0, 0, 0</c3></rotation></pose><symmetry><x>twoFold</x><y>cylindrical</y><z>twoFold</z></symmetry><detectionScore>-1.0</detectionScore></element><element><id>1</id><category>picture_frame</category><bounds><corner1>-3.0114254822804156, -0.43158672015646893, -0.993051832333897</corner1><corner2>3.0114254822804156, 0.43158672015646893, 0.993051832333897</corner2></bounds><pose><translation>-7.104104340848316, 13.51571376836733, -0.17526165922693882</translation><rotation><c1>0, 0, 0</c1><c2>0, 0, 0</c2><c3>0, 0, 0</c3></rotation></pose><symmetry><x>twoFold</x><y>cylindrical</y><z>twoFold</z></symmetry><detectionScore>-1.0</detectionScore></element><element><id>2</id><category>picture_frame</category><bounds><corner1>-0.5950253033873885, -0.0831729972441364, -0.573283276945149</corner1><corner2>0.5950253033873885, 0.0831729972441364, 0.573283276945149</corner2></bounds><pose><translation>-2.06771957845877, -4.098065442963311, 0.43463575134566534</translation><rotation><c1>0, 0, 0</c1><c2>0, 0, 0</c2><c3>0, 0, 0</c3></rotation></pose><symmetry><x>twoFold</x><y>cylindrical</y><z>twoFold</z></symmetry><detectionScore>-1.0</detectionScore></element><element><id>3</id><category>column</category><bounds><corner1>-3.8746989206778353, -0.890024898970518, -1.2154287614942598</corner1><corner2>3.8746989206778353, 0.890024898970518, 1.2154287614942598</corner2></bounds><pose><translation>-6.957999255570856, 13.044438164076356, 0.06411935661589524</translation><rotation><c1>0, 0, 0</c1><c2>0, 0, 0</c2><c3>0, 0, 0</c3></rotation></pose><symmetry><x>twoFold</x><y>cylindrical</y><z>twoFold</z></symmetry><detectionScore>-1.0</detectionScore></element><element><id>4</id><category>sofa</category><bounds><corner1>-0.9490761683386215, -8.020459196209595, -0.43829815360220536</corner1><corner2>0.9490761683386215, 8.020459196209595, 0.43829815360220536</corner2></bounds><pose><translation>-1.8822680170807067, 5.481447569881189, -1.06937455128778</translation><rotation><c1>0, 0, 0</c1><c2>0, 0, 0</c2><c3>0, 0, 0</c3></rotation></pose><symmetry><x>twoFold</x><y>cylindrical</y><z>twoFold</z></symmetry><detectionScore>-1.0</detectionScore></element><element><id>5</id><category>chandelier</category><bounds><corner1>-0.34876904873128844, -0.2751329762730441, -0.06877624992576248</corner1><corner2>0.34876904873128844, 0.2751329762730441, 0.06877624992576248</corner2></bounds><pose><translation>-1.5842315363551214, -1.9336526768586058, 1.4380579787556143</translation><rotation><c1>0, 0, 0</c1><c2>0, 0, 0</c2><c3>0, 0, 0</c3></rotation></pose><symmetry><x>twoFold</x><y>cylindrical</y><z>twoFold</z></symmetry><detectionScore>-1.0</detectionScore></element><element><id>6</id><category>kitchen_cabinet</category><bounds><corner1>-4.3421404853606935, -0.2460699020074506, -0.36452190191426326</corner1><corner2>4.3421404853606935, 0.2460699020074506, 0.36452190191426326</corner2></bounds><pose><translation>1.968140709878505, -1.5526152536903535, -0.521565963905202</translation><rotation><c1>0, 0, 0</c1><c2>0, 0, 0</c2><c3>0, 0, 0</c3></rotation></pose><symmetry><x>twoFold</x><y>cylindrical</y><z>twoFold</z></symmetry><detectionScore>-1.0</detectionScore></element><element><id>7</id><category>curtain</category><bounds><corner1>-4.151282614196934, -0.6406691399117648, -1.3910966789668548</corner1><corner2>4.151282614196934, 0.6406691399117648, 1.3910966789668548</corner2></bounds><pose><translation>-7.684639921138418, 11.392390337308775, -0.12583741239875817</translation><rotation><c1>0, 0, 0</c1><c2>0, 0, 0</c2><c3>0, 0, 0</c3></rotation></pose><symmetry><x>twoFold</x><y>cylindrical</y><z>twoFold</z></symmetry><detectionScore>-1.0</detectionScore></element><element><id>8</id><category>window</category><bounds><corner1>-4.1166839020660895, -0.7034866714036649, -1.5356346052918086</corner1><corner2>4.1166839020660895, 0.7034866714036649, 1.5356346052918086</corner2></bounds><pose><translation>-7.594769775637182, 11.861614977927204, -0.29011497012510873</translation><rotation><c1>0, 0, 0</c1><c2>0, 0, 0</c2><c3>0, 0, 0</c3></rotation></pose><symmetry><x>twoFold</x><y>cylindrical</y><z>twoFold</z></symmetry><detectionScore>-1.0</detectionScore></element><element><id>9</id><category>floor_lamp</category><bounds><corner1>-4.115841436391451, -0.7527790753867407, -1.5929506726623048</corner1><corner2>4.115841436391451, 0.7527790753867407, 1.5929506726623048</corner2></bounds><pose><translation>-7.592952751673624, 11.882412442822666, -0.35834318089363554</translation><rotation><c1>0, 0, 0</c1><c2>0, 0, 0</c2><c3>0, 0, 0</c3></rotation></pose><symmetry><x>twoFold</x><y>cylindrical</y><z>twoFold</z></symmetry><detectionScore>-1.0</detectionScore></element><element><id>10</id><category>arch</category><bounds><corner1>-6.8941787673734165, -2.2226334822468514, -2.0318438105107237</corner1><corner2>6.8941787673734165, 2.2226334822468514, 2.0318438105107237</corner2></bounds><pose><translation>3.042043555665069, -0.9608904416171938, -0.5616911345701547</translation><rotation><c1>0, 0, 0</c1><c2>0, 0, 0</c2><c3>0, 0, 0</c3></rotation></pose><symmetry><x>twoFold</x><y>cylindrical</y><z>twoFold</z></symmetry><detectionScore>-1.0</detectionScore></element><element><id>11</id><category>desk</category><bounds><corner1>-3.220226849286295, -0.8035730794933038, -0.6936862112493825</corner1><corner2>3.220226849286295, 0.8035730794933038, 0.6936862112493825</corner2></bounds><pose><translation>3.972350470677795, 0.41917109807939945, -1.3976777493065256</translation><rotation><c1>0, 0, 0</c1><c2>0, 0, 0</c2><c3>0, 0, 0</c3></rotation></pose><symmetry><x>twoFold</x><y>cylindrical</y><z>twoFold</z></symmetry><detectionScore>-1.0</detectionScore></element><element><id>12</id><category>column</category><bounds><corner1>-4.321564454334311, -1.1057798302911568, -1.2399167944279417</corner1><corner2>4.321564454334311, 1.1057798302911568, 1.2399167944279417</corner2></bounds><pose><translation>-7.607080166611281, 12.253202742624122, 0.03549454411924215</translation><rotation><c1>0, 0, 0</c1><c2>0, 0, 0</c2><c3>0, 0, 0</c3></rotation></pose><symmetry><x>twoFold</x><y>cylindrical</y><z>twoFold</z></symmetry><detectionScore>-1.0</detectionScore></element><element><id>13</id><category>floor_lamp</category><bounds><corner1>-4.167072958987586, -3.8691480307991633, -1.9330666761476292</corner1><corner2>4.167072958987586, 3.8691480307991633, 1.9330666761476292</corner2></bounds><pose><translation>-7.375202565225729, 9.843683181610452, -0.6523841821018709</translation><rotation><c1>0, 0, 0</c1><c2>0, 0, 0</c2><c3>0, 0, 0</c3></rotation></pose><symmetry><x>twoFold</x><y>cylindrical</y><z>twoFold</z></symmetry><detectionScore>-1.0</detectionScore></element><element><id>14</id><category>wall</category><bounds><corner1>-4.784582386534091, -10.627924992994535, -1.3187902736595958</corner1><corner2>4.784582386534091, 10.627924992994535, 1.3187902736595958</corner2></bounds><pose><translation>-3.1758944947391106, 13.737090824614905, -0.06517863019766994</translation><rotation><c1>0, 0, 0</c1><c2>0, 0, 0</c2><c3>0, 0, 0</c3></rotation></pose><symmetry><x>twoFold</x><y>cylindrical</y><z>twoFold</z></symmetry><detectionScore>-1.0</detectionScore></element><element><id>15</id><category>floor_lamp</category><bounds><corner1>-1.2432106905375417, -0.9399998687121387, -1.3593800717956803</corner1><corner2>1.2432106905375417, 0.9399998687121387, 1.3593800717956803</corner2></bounds><pose><translation>-3.018009665279664, -1.741120476495558, -0.7956494966814553</translation><rotation><c1>0, 0, 0</c1><c2>0, 0, 0</c2><c3>0, 0, 0</c3></rotation></pose><symmetry><x>twoFold</x><y>cylindrical</y><z>twoFold</z></symmetry><detectionScore>-1.0</detectionScore></element><element><id>16</id><category>television</category><bounds><corner1>-3.722930211056645, -1.8785770767797976, -0.9204537465609148</corner1><corner2>3.722930211056645, 1.8785770767797976, 0.9204537465609148</corner2></bounds><pose><translation>-7.74934966426482, 5.170916642078316, 0.18768344962915956</translation><rotation><c1>0, 0, 0</c1><c2>0, 0, 0</c2><c3>0, 0, 0</c3></rotation></pose><symmetry><x>twoFold</x><y>cylindrical</y><z>twoFold</z></symmetry><detectionScore>-1.0</detectionScore></element><element><id>17</id><category>wall</category><bounds><corner1>-4.830048475920539, -3.194947851018714, -1.3172519810147187</corner1><corner2>4.830048475920539, 3.194947851018714, 1.3172519810147187</corner2></bounds><pose><translation>-7.914688161874845, -0.618375494074215, -0.054036973997378286</translation><rotation><c1>0, 0, 0</c1><c2>0, 0, 0</c2><c3>0, 0, 0</c3></rotation></pose><symmetry><x>twoFold</x><y>cylindrical</y><z>twoFold</z></symmetry><detectionScore>-1.0</detectionScore></element><element><id>18</id><category>window</category><bounds><corner1>-3.6118577059462744, -2.4565844066179605, -1.3177879039574134</corner1><corner2>3.6118577059462744, 2.4565844066179605, 1.3177879039574134</corner2></bounds><pose><translation>-7.918343831495896, -0.4422118454783823, -0.17719588486593146</translation><rotation><c1>0, 0, 0</c1><c2>0, 0, 0</c2><c3>0, 0, 0</c3></rotation></pose><symmetry><x>twoFold</x><y>cylindrical</y><z>twoFold</z></symmetry><detectionScore>-1.0</detectionScore></element><element><id>19</id><category>dining_table</category><bounds><corner1>-1.1418430849777481, -0.5873199395603051, -0.1872385879710725</corner1><corner2>1.1418430849777481, 0.5873199395603051, 0.1872385879710725</corner2></bounds><pose><translation>-2.735400319292921, -1.2662071707485811, -0.8628188085807628</translation><rotation><c1>0, 0, 0</c1><c2>0, 0, 0</c2><c3>0, 0, 0</c3></rotation></pose><symmetry><x>twoFold</x><y>cylindrical</y><z>twoFold</z></symmetry><detectionScore>-1.0</detectionScore></element><element><id>20</id><category>chair</category><bounds><corner1>-0.3660471085837148, -0.4968582503093373, -0.34587155744761167</corner1><corner2>0.3660471085837148, 0.4968582503093373, 0.34587155744761167</corner2></bounds><pose><translation>-1.1998294048477522, -1.8607174697493636, -0.9358415324385594</translation><rotation><c1>0, 0, 0</c1><c2>0, 0, 0</c2><c3>0, 0, 0</c3></rotation></pose><symmetry><x>twoFold</x><y>cylindrical</y><z>twoFold</z></symmetry><detectionScore>-1.0</detectionScore></element><element><id>21</id><category>chair</category><bounds><corner1>-0.2902489815266963, -0.2534625762731775, -0.09390985520409756</corner1><corner2>0.2902489815266963, 0.2534625762731775, 0.09390985520409756</corner2></bounds><pose><translation>-1.1507656910385466, -1.7894901723033112, -0.8943808822803393</translation><rotation><c1>0, 0, 0</c1><c2>0, 0, 0</c2><c3>0, 0, 0</c3></rotation></pose><symmetry><x>twoFold</x><y>cylindrical</y><z>twoFold</z></symmetry><detectionScore>-1.0</detectionScore></element><element><id>22</id><category>mirror</category><bounds><corner1>-0.6094060423650212, -0.08412785622843177, -0.6209412296228377</corner1><corner2>0.6094060423650212, 0.08412785622843177, 0.6209412296228377</corner2></bounds><pose><translation>-2.0524853942946533, -4.0998689887748005, 0.43490577614582715</translation><rotation><c1>0, 0, 0</c1><c2>0, 0, 0</c2><c3>0, 0, 0</c3></rotation></pose><symmetry><x>twoFold</x><y>cylindrical</y><z>twoFold</z></symmetry><detectionScore>-1.0</detectionScore></element><element><id>23</id><category>wall</category><bounds><corner1>-2.562611052615465, -2.0894907566351977, -1.3436507863915343</corner1><corner2>2.562611052615465, 2.0894907566351977, 1.3436507863915343</corner2></bounds><pose><translation>-5.445352188788081, -3.574472613114165, -0.04279858923302746</translation><rotation><c1>0, 0, 0</c1><c2>0, 0, 0</c2><c3>0, 0, 0</c3></rotation></pose><symmetry><x>twoFold</x><y>cylindrical</y><z>twoFold</z></symmetry><detectionScore>-1.0</detectionScore></element><element><id>24</id><category>chair</category><bounds><corner1>-2.2028520083320613, -0.527250771618865, -0.44310853344192613</corner1><corner2>2.2028520083320613, 0.527250771618865, 0.44310853344192613</corner2></bounds><pose><translation>-4.18679786142689, -0.9947496513308942, -0.9969271582090454</translation><rotation><c1>0, 0, 0</c1><c2>0, 0, 0</c2><c3>0, 0, 0</c3></rotation></pose><symmetry><x>twoFold</x><y>cylindrical</y><z>twoFold</z></symmetry><detectionScore>-1.0</detectionScore></element><element><id>25</id><category>chair</category><bounds><corner1>-0.9635996705031773, -7.428679876825057, -0.7362355340833392</corner1><corner2>0.9635996705031773, 7.428679876825057, 0.7362355340833392</corner2></bounds><pose><translation>-3.8927949490182154, 6.004952873834001, -1.3851337985435568</translation><rotation><c1>0, 0, 0</c1><c2>0, 0, 0</c2><c3>0, 0, 0</c3></rotation></pose><symmetry><x>twoFold</x><y>cylindrical</y><z>twoFold</z></symmetry><detectionScore>-1.0</detectionScore></element><element><id>26</id><category>window</category><bounds><corner1>-4.159466661407607, -0.6332893403059767, -1.4505541130867448</corner1><corner2>4.159466661407607, 0.6332893403059767, 1.4505541130867448</corner2></bounds><pose><translation>-7.687447618180501, 11.400680711137586, -0.19443804904445708</translation><rotation><c1>0, 0, 0</c1><c2>0, 0, 0</c2><c3>0, 0, 0</c3></rotation></pose><symmetry><x>twoFold</x><y>cylindrical</y><z>twoFold</z></symmetry><detectionScore>-1.0</detectionScore></element><element><id>27</id><category>chair</category><bounds><corner1>-0.7154330034480174, -0.5278516553497259, -0.08351213437396887</corner1><corner2>0.7154330034480174, 0.5278516553497259, 0.08351213437396887</corner2></bounds><pose><translation>-2.635084582657504, -1.6194244234879778, -0.8247021876708075</translation><rotation><c1>0, 0, 0</c1><c2>0, 0, 0</c2><c3>0, 0, 0</c3></rotation></pose><symmetry><x>twoFold</x><y>cylindrical</y><z>twoFold</z></symmetry><detectionScore>-1.0</detectionScore></element><element><id>28</id><category>wall</category><bounds><corner1>-3.7071722630616932, -1.802517940491776, -1.3379353122978583</corner1><corner2>3.7071722630616932, 1.802517940491776, 1.3379353122978583</corner2></bounds><pose><translation>5.970470040383162, -3.1127511091829443, -0.04141134032020747</translation><rotation><c1>0, 0, 0</c1><c2>0, 0, 0</c2><c3>0, 0, 0</c3></rotation></pose><symmetry><x>twoFold</x><y>cylindrical</y><z>twoFold</z></symmetry><detectionScore>-1.0</detectionScore></element><element><id>29</id><category>chair</category><bounds><corner1>-1.017270368963067, -2.447802658843936, -0.6363988275726474</corner1><corner2>1.017270368963067, 2.447802658843936, 0.6363988275726474</corner2></bounds><pose><translation>-5.171231064904716, 2.7592191189236113, -1.3075552665659687</translation><rotation><c1>0, 0, 0</c1><c2>0, 0, 0</c2><c3>0, 0, 0</c3></rotation></pose><symmetry><x>twoFold</x><y>cylindrical</y><z>twoFold</z></symmetry><detectionScore>-1.0</detectionScore></element><element><id>30</id><category>kitchen_cabinet</category><bounds><corner1>-12.150452574930625, -3.422601650584281, -1.628016620262177</corner1><corner2>12.150452574930625, 3.422601650584281, 1.628016620262177</corner2></bounds><pose><translation>4.549075018341701, 1.6393439490244734, -0.28814482870678965</translation><rotation><c1>0, 0, 0</c1><c2>0, 0, 0</c2><c3>0, 0, 0</c3></rotation></pose><symmetry><x>twoFold</x><y>cylindrical</y><z>twoFold</z></symmetry><detectionScore>-1.0</detectionScore></element><element><id>31</id><category>wall</category><bounds><corner1>-4.319691464723977, -1.1171425461755078, -1.2635263499037304</corner1><corner2>4.319691464723977, 1.1171425461755078, 1.2635263499037304</corner2></bounds><pose><translation>-7.605207177000948, 12.241840026739771, 0.011884988643453522</translation><rotation><c1>0, 0, 0</c1><c2>0, 0, 0</c2><c3>0, 0, 0</c3></rotation></pose><symmetry><x>twoFold</x><y>cylindrical</y><z>twoFold</z></symmetry><detectionScore>-1.0</detectionScore></element><element><id>32</id><category>dining_table</category><bounds><corner1>-3.375844465806583, -0.8680987814370742, -0.7246619076435241</corner1><corner2>3.375844465806583, 0.8680987814370742, 0.7246619076435241</corner2></bounds><pose><translation>3.993573950827083, 0.4112500485670201, -1.409115054676549</translation><rotation><c1>0, 0, 0</c1><c2>0, 0, 0</c2><c3>0, 0, 0</c3></rotation></pose><symmetry><x>twoFold</x><y>cylindrical</y><z>twoFold</z></symmetry><detectionScore>-1.0</detectionScore></element><element><id>33</id><category>chandelier</category><bounds><corner1>-2.1228339413312307, -1.2891232248928257, -0.47345220815699895</corner1><corner2>2.1228339413312307, 1.2891232248928257, 0.47345220815699895</corner2></bounds><pose><translation>-5.012501025363041, -2.6279878189406185, 0.8880840369213829</translation><rotation><c1>0, 0, 0</c1><c2>0, 0, 0</c2><c3>0, 0, 0</c3></rotation></pose><symmetry><x>twoFold</x><y>cylindrical</y><z>twoFold</z></symmetry><detectionScore>-1.0</detectionScore></element><element><id>34</id><category>wall</category><bounds><corner1>-9.885638662687136, -3.3226117680299394, -1.3034119709841907</corner1><corner2>9.885638662687136, 3.3226117680299394, 1.3034119709841907</corner2></bounds><pose><translation>6.859094903764794, 1.9904894982581014, -0.016156232149796525</translation><rotation><c1>0, 0, 0</c1><c2>0, 0, 0</c2><c3>0, 0, 0</c3></rotation></pose><symmetry><x>twoFold</x><y>cylindrical</y><z>twoFold</z></symmetry><detectionScore>-1.0</detectionScore></element><element><id>35</id><category>coffee_table</category><bounds><corner1>-1.6256804410523225, -5.402919960773017, -0.5922299555262607</corner1><corner2>1.6256804410523225, 5.402919960773017, 0.5922299555262607</corner2></bounds><pose><translation>-3.598615056302787, 5.6412410637824735, -1.3939835410602832</translation><rotation><c1>0, 0, 0</c1><c2>0, 0, 0</c2><c3>0, 0, 0</c3></rotation></pose><symmetry><x>twoFold</x><y>cylindrical</y><z>twoFold</z></symmetry><detectionScore>-1.0</detectionScore></element><element><id>36</id><category>floor_lamp</category><bounds><corner1>-4.735235969994067, -3.2356542287988797, -1.839848722331665</corner1><corner2>4.735235969994067, 3.2356542287988797, 1.839848722331665</corner2></bounds><pose><translation>-7.691138386002934, 3.568910567257225, -0.5289656992918425</translation><rotation><c1>0, 0, 0</c1><c2>0, 0, 0</c2><c3>0, 0, 0</c3></rotation></pose><symmetry><x>twoFold</x><y>cylindrical</y><z>twoFold</z></symmetry><detectionScore>-1.0</detectionScore></element><element><id>37</id><category>wall</category><bounds><corner1>-2.8325083360062804, -2.238390720143218, -1.425036546260807</corner1><corner2>2.8325083360062804, 2.238390720143218, 1.425036546260807</corner2></bounds><pose><translation>-1.2050219215005369, -4.133010594788825, -0.06815252557650624</translation><rotation><c1>0, 0, 0</c1><c2>0, 0, 0</c2><c3>0, 0, 0</c3></rotation></pose><symmetry><x>twoFold</x><y>cylindrical</y><z>twoFold</z></symmetry><detectionScore>-1.0</detectionScore></element><element><id>38</id><category>chair</category><bounds><corner1>-1.015920613908229, -0.4760484836410076, -0.3676280449206294</corner1><corner2>1.015920613908229, 0.4760484836410076, 0.3676280449206294</corner2></bounds><pose><translation>-2.7854934872604677, -1.0883514214893797, -1.003754847994927</translation><rotation><c1>0, 0, 0</c1><c2>0, 0, 0</c2><c3>0, 0, 0</c3></rotation></pose><symmetry><x>twoFold</x><y>cylindrical</y><z>twoFold</z></symmetry><detectionScore>-1.0</detectionScore></element><element><id>39</id><category>wall</category><bounds><corner1>-6.834377030149421, -4.811904354372157, -1.3650006342508476</corner1><corner2>6.834377030149421, 4.811904354372157, 1.3650006342508476</corner2></bounds><pose><translation>9.809333569214479, -0.5243293443953982, -0.08623708577930919</translation><rotation><c1>0, 0, 0</c1><c2>0, 0, 0</c2><c3>0, 0, 0</c3></rotation></pose><symmetry><x>twoFold</x><y>cylindrical</y><z>twoFold</z></symmetry><detectionScore>-1.0</detectionScore></element><element><id>40</id><category>chair</category><bounds><corner1>-0.7988940626961938, -0.5307368572852896, -0.25811096316533444</corner1><corner2>0.7988940626961938, 0.5307368572852896, 0.25811096316533444</corner2></bounds><pose><translation>-2.244777300907548, -1.4450762612654082, -0.8573666765400347</translation><rotation><c1>0, 0, 0</c1><c2>0, 0, 0</c2><c3>0, 0, 0</c3></rotation></pose><symmetry><x>twoFold</x><y>cylindrical</y><z>twoFold</z></symmetry><detectionScore>-1.0</detectionScore></element><element><id>41</id><category>floor_lamp</category><bounds><corner1>-3.961783114096585, -1.372520159209321, -1.6251136345699373</corner1><corner2>3.961783114096585, 1.372520159209321, 1.6251136345699373</corner2></bounds><pose><translation>-7.189264001992633, 12.552714485034551, -0.3619093908107352</translation><rotation><c1>0, 0, 0</c1><c2>0, 0, 0</c2><c3>0, 0, 0</c3></rotation></pose><symmetry><x>twoFold</x><y>cylindrical</y><z>twoFold</z></symmetry><detectionScore>-1.0</detectionScore></element><element><id>42</id><category>window</category><bounds><corner1>-4.187337805297075, -2.3450026092293648, -1.4087329088808618</corner1><corner2>4.187337805297075, 2.3450026092293648, 1.4087329088808618</corner2></bounds><pose><translation>-7.707085516292683, 10.030870329820525, -0.1379023491316197</translation><rotation><c1>0, 0, 0</c1><c2>0, 0, 0</c2><c3>0, 0, 0</c3></rotation></pose><symmetry><x>twoFold</x><y>cylindrical</y><z>twoFold</z></symmetry><detectionScore>-1.0</detectionScore></element><element><id>43</id><category>armchair</category><bounds><corner1>-1.6335015024398363, -3.119333110598654, -0.531637804770439</corner1><corner2>1.6335015024398363, 3.119333110598654, 0.531637804770439</corner2></bounds><pose><translation>-4.967158785292064, 2.779298887769973, -1.1534705045157272</translation><rotation><c1>0, 0, 0</c1><c2>0, 0, 0</c2><c3>0, 0, 0</c3></rotation></pose><symmetry><x>twoFold</x><y>cylindrical</y><z>twoFold</z></symmetry><detectionScore>-1.0</detectionScore></element><element><id>44</id><category>table_lamp</category><bounds><corner1>-0.9027281663715949, -0.7389218336555097, -1.0102111925581838</corner1><corner2>0.9027281663715949, 0.7389218336555097, 1.0102111925581838</corner2></bounds><pose><translation>-3.066621518910808, -1.8146388894207115, -0.7801886302816357</translation><rotation><c1>0, 0, 0</c1><c2>0, 0, 0</c2><c3>0, 0, 0</c3></rotation></pose><symmetry><x>twoFold</x><y>cylindrical</y><z>twoFold</z></symmetry><detectionScore>-1.0</detectionScore></element><element><id>45</id><category>curtain</category><bounds><corner1>-4.548143547792773, -2.7608458441440344, -1.313896130681513</corner1><corner2>4.548143547792773, 2.7608458441440344, 1.313896130681513</corner2></bounds><pose><translation>-7.918265687868323, -0.5095111157834443, -0.11472313141637394</translation><rotation><c1>0, 0, 0</c1><c2>0, 0, 0</c2><c3>0, 0, 0</c3></rotation></pose><symmetry><x>twoFold</x><y>cylindrical</y><z>twoFold</z></symmetry><detectionScore>-1.0</detectionScore></element><element><id>46</id><category>chair</category><bounds><corner1>-0.41246665729643817, -0.3758166460938872, -0.3598366028405846</corner1><corner2>0.41246665729643817, 0.3758166460938872, 0.3598366028405846</corner2></bounds><pose><translation>-1.8947524850901136, -1.1676708069073445, -1.2081995059000648</translation><rotation><c1>0, 0, 0</c1><c2>0, 0, 0</c2><c3>0, 0, 0</c3></rotation></pose><symmetry><x>twoFold</x><y>cylindrical</y><z>twoFold</z></symmetry><detectionScore>-1.0</detectionScore></element><element><id>47</id><category>chair</category><bounds><corner1>-0.7399379916062199, -0.5462329070342176, -0.11914662942148069</corner1><corner2>0.7399379916062199, 0.5462329070342176, 0.11914662942148069</corner2></bounds><pose><translation>-2.6688175098669484, -1.8692251649251101, -0.827303734729522</translation><rotation><c1>0, 0, 0</c1><c2>0, 0, 0</c2><c3>0, 0, 0</c3></rotation></pose><symmetry><x>twoFold</x><y>cylindrical</y><z>twoFold</z></symmetry><detectionScore>-1.0</detectionScore></element><element><id>48</id><category>chair</category><bounds><corner1>-0.661887983706938, -0.5677069285719483, -0.19770877021388455</corner1><corner2>0.661887983706938, 0.5677069285719483, 0.19770877021388455</corner2></bounds><pose><translation>-2.416517068937698, -1.8996236277368086, -0.8290271561052711</translation><rotation><c1>0, 0, 0</c1><c2>0, 0, 0</c2><c3>0, 0, 0</c3></rotation></pose><symmetry><x>twoFold</x><y>cylindrical</y><z>twoFold</z></symmetry><detectionScore>-1.0</detectionScore></element><element><id>49</id><category>wall</category><bounds><corner1>-0.2024870363207869, -6.735040489546169, -1.471770711197538</corner1><corner2>0.2024870363207869, 6.735040489546169, 1.471770711197538</corner2></bounds><pose><translation>1.7009566888365029, 4.94335105960881, -0.14631072633964315</translation><rotation><c1>0, 0, 0</c1><c2>0, 0, 0</c2><c3>0, 0, 0</c3></rotation></pose><symmetry><x>twoFold</x><y>cylindrical</y><z>twoFold</z></symmetry><detectionScore>-1.0</detectionScore></element><element><id>50</id><category>door</category><bounds><corner1>-0.2703537768362436, -2.476859472724416, -1.1485704889160362</corner1><corner2>0.2703537768362436, 2.476859472724416, 1.1485704889160362</corner2></bounds><pose><translation>1.6874724013509108, 5.707751700836062, -0.3875930430403666</translation><rotation><c1>0, 0, 0</c1><c2>0, 0, 0</c2><c3>0, 0, 0</c3></rotation></pose><symmetry><x>twoFold</x><y>cylindrical</y><z>twoFold</z></symmetry><detectionScore>-1.0</detectionScore></element><element><id>51</id><category>chair</category><bounds><corner1>-1.258447412677075, -3.540937193032166, -0.5452372230779859</corner1><corner2>1.258447412677075, 3.540937193032166, 0.5452372230779859</corner2></bounds><pose><translation>-4.372602538698851, 2.7554946714953283, -1.2159424000783727</translation><rotation><c1>0, 0, 0</c1><c2>0, 0, 0</c2><c3>0, 0, 0</c3></rotation></pose><symmetry><x>twoFold</x><y>cylindrical</y><z>twoFold</z></symmetry><detectionScore>-1.0</detectionScore></element><element><id>52</id><category>chandelier</category><bounds><corner1>-1.1939632362238812, -1.4596080785142267, -0.22990322635705107</corner1><corner2>1.1939632362238812, 1.4596080785142267, 0.22990322635705107</corner2></bounds><pose><translation>-2.6386387858730544, -3.2595068958560747, 1.2054977272418925</translation><rotation><c1>0, 0, 0</c1><c2>0, 0, 0</c2><c3>0, 0, 0</c3></rotation></pose><symmetry><x>twoFold</x><y>cylindrical</y><z>twoFold</z></symmetry><detectionScore>-1.0</detectionScore></element><element><id>53</id><category>curtain</category><bounds><corner1>-4.209830289117461, -3.1106132599358, -1.4249817177855306</corner1><corner2>4.209830289117461, 3.1106132599358, 1.4249817177855306</corner2></bounds><pose><translation>-7.683942141705523, 9.860215443356235, -0.14907482267409186</translation><rotation><c1>0, 0, 0</c1><c2>0, 0, 0</c2><c3>0, 0, 0</c3></rotation></pose><symmetry><x>twoFold</x><y>cylindrical</y><z>twoFold</z></symmetry><detectionScore>-1.0</detectionScore></element><element><id>54</id><category>curtain</category><bounds><corner1>-4.115357808678631, -0.6860023480464807, -1.4699621740613595</corner1><corner2>4.115357808678631, 0.6860023480464807, 1.4699621740613595</corner2></bounds><pose><translation>-7.5976093954464545, 11.879851304175247, -0.21680655201138893</translation><rotation><c1>0, 0, 0</c1><c2>0, 0, 0</c2><c3>0, 0, 0</c3></rotation></pose><symmetry><x>twoFold</x><y>cylindrical</y><z>twoFold</z></symmetry><detectionScore>-1.0</detectionScore></element></elements></scene>