<?xml version='1.0' encoding='utf-8'?>
<scene xmlns:sumo="https://www.sumochallenge.org"><version>2.0</version><categories><id>fb_categories_v1.0</id><url>https://sumochallenge.org/en/categories-1_0.json</url></categories><project_type>bounding_box</project_type><elements><element><id>6</id><category>bathtub</category><bounds><corner1>-0.76273054, -0.36623151, -0.4982281 </corner1><corner2>0.76273054, 0.36623151, 0.4982281 </corner2></bounds><pose><translation> 3.35102155, -0.67249085,  1.12420156</translation><rotation><c1>1., 0., 0.</c1><c2>0., 1., 0.</c2><c3>0., 0., 1.</c3></rotation></pose><symmetry><x>none</x><y>none</y><z>none</z></symmetry><detectionScore>-1</detectionScore></element><element><id>7</id><category>stand</category><bounds><corner1>-0.04486817, -0.27813518, -0.29228483</corner1><corner2>0.04486817, 0.27813518, 0.29228483</corner2></bounds><pose><translation>-1.9949144 , -1.10517922,  1.03078042</translation><rotation><c1>1., 0., 0.</c1><c2>0., 1., 0.</c2><c3>0., 0., 1.</c3></rotation></pose><symmetry><x>none</x><y>none</y><z>none</z></symmetry><detectionScore>-1</detectionScore></element><element><id>5</id><category>wall</category><bounds><corner1>-0.22281288, -0.95816209, -0.32972331</corner1><corner2>0.22281288, 0.95816209, 0.32972331</corner2></bounds><pose><translation> 6.37656307, -0.1076334 ,  0.38875552</translation><rotation><c1>1., 0., 0.</c1><c2>0., 1., 0.</c2><c3>0., 0., 1.</c3></rotation></pose><symmetry><x>none</x><y>none</y><z>none</z></symmetry><detectionScore>-1</detectionScore></element><element><id>3</id><category>wall</category><bounds><corner1>-2.29188856, -1.10867737, -0.06451455</corner1><corner2>2.29188856, 1.10867737, 0.06451455</corner2></bounds><pose><translation> 0.20649558, -0.06058452,  3.70881418</translation><rotation><c1>1., 0., 0.</c1><c2>0., 1., 0.</c2><c3>0., 0., 1.</c3></rotation></pose><symmetry><x>none</x><y>none</y><z>none</z></symmetry><detectionScore>-1</detectionScore></element><element><id>9</id><category>partition</category><bounds><corner1>-0.05830677, -0.9624645 , -0.45576937</corner1><corner2>0.05830677, 0.9624645 , 0.45576937</corner2></bounds><pose><translation> 3.34974096, -0.3239924 ,  1.1746369 </translation><rotation><c1>1., 0., 0.</c1><c2>0., 1., 0.</c2><c3>0., 0., 1.</c3></rotation></pose><symmetry><x>none</x><y>none</y><z>none</z></symmetry><detectionScore>-1</detectionScore></element><element><id>4</id><category>wall_lamp</category><bounds><corner1>-0.17907817, -0.1583153 , -0.16216681</corner1><corner2>0.17907817, 0.1583153 , 0.16216681</corner2></bounds><pose><translation>-2.34407034,  0.68534656,  1.07390583</translation><rotation><c1>1., 0., 0.</c1><c2>0., 1., 0.</c2><c3>0., 0., 1.</c3></rotation></pose><symmetry><x>none</x><y>none</y><z>none</z></symmetry><detectionScore>-1</detectionScore></element><element><id>2</id><category>ottoman</category><bounds><corner1>-0.23497783, -0.02459734, -0.41831907</corner1><corner2>0.23497783, 0.02459734, 0.41831907</corner2></bounds><pose><translation>-1.37199244, -0.99586226, -0.03790254</translation><rotation><c1>1., 0., 0.</c1><c2>0., 1., 0.</c2><c3>0., 0., 1.</c3></rotation></pose><symmetry><x>none</x><y>none</y><z>none</z></symmetry><detectionScore>-1</detectionScore></element><element><id>1</id><category>chandelier</category><bounds><corner1>-0.70118235, -0.01977845, -1.32379603</corner1><corner2>0.70118235, 0.01977845, 1.32379603</corner2></bounds><pose><translation>-0.8828859 ,  1.18864155,  2.40204866</translation><rotation><c1>1., 0., 0.</c1><c2>0., 1., 0.</c2><c3>0., 0., 1.</c3></rotation></pose><symmetry><x>none</x><y>none</y><z>none</z></symmetry><detectionScore>-1</detectionScore></element><element><id>8</id><category>television</category><bounds><corner1>-2.01816843, -0.45905032, -0.13310413</corner1><corner2>2.01816843, 0.45905032, 0.13310413</corner2></bounds><pose><translation> 1.60594649, -0.15420752, -0.39603146</translation><rotation><c1>1., 0., 0.</c1><c2>0., 1., 0.</c2><c3>0., 0., 1.</c3></rotation></pose><symmetry><x>none</x><y>none</y><z>none</z></symmetry><detectionScore>-1</detectionScore></element></elements></scene>