<?xml version='1.0' encoding='utf-8'?>
<scene xmlns:sumo="https://www.sumochallenge.org"><version>2.0</version><categories><id>fb_categories_v1.0</id><url>https://sumochallenge.org/en/categories-1_0.json</url></categories><project_type>bounding_box</project_type><elements><element><id>4</id><category>fence</category><bounds><corner1>-11.73463354,  -2.5620088 ,  -1.82815565</corner1><corner2>11.73463354,  2.5620088 ,  1.82815565</corner2></bounds><pose><translation>-11.73463354,  -2.5620088 ,  -1.82815565</translation><rotation><c1>1., 0., 0.</c1><c2>0., 1., 0.</c2><c3>0., 0., 1.</c3></rotation></pose><symmetry><x>none</x><y>twoFold</y><z>none</z></symmetry><detectionScore>0.8048606</detectionScore></element><element><id>1</id><category>window</category><bounds><corner1>-0.04990039, -0.65575574, -0.37378867</corner1><corner2>0.04990039, 0.65575574, 0.37378867</corner2></bounds><pose><translation> 3.01187238,  0.07970249, -1.85996316</translation><rotation><c1>1., 0., 0.</c1><c2>0., 1., 0.</c2><c3>0., 0., 1.</c3></rotation></pose><symmetry><x>none</x><y>twoFold</y><z>none</z></symmetry><detectionScore>0.62992483</detectionScore></element><element><id>5</id><category>door</category><bounds><corner1>-2.36342306, -1.16019119, -0.65999802</corner1><corner2>2.36342306, 1.16019119, 0.65999802</corner2></bounds><pose><translation> 2.91413613, -0.47471223, -0.76915108</translation><rotation><c1>1., 0., 0.</c1><c2>0., 1., 0.</c2><c3>0., 0., 1.</c3></rotation></pose><symmetry><x>twoFold</x><y>twoFold</y><z>twoFold</z></symmetry><detectionScore>0.99759465</detectionScore></element><element><id>3</id><category>plant</category><bounds><corner1> -0.75924888,  -1.12277006, -15.16819098</corner1><corner2> 0.75924888,  1.12277006, 15.16819098</corner2></bounds><pose><translation>-0.75924888, -1.12277006,  2.16306681</translation><rotation><c1>1., 0., 0.</c1><c2>0., 1., 0.</c2><c3>0., 0., 1.</c3></rotation></pose><symmetry><x>none</x><y>cylindrical</y><z>none</z></symmetry><detectionScore>0.8759084</detectionScore></element><element><id>2</id><category>wall</category><bounds><corner1>-0.08870161, -1.1658585 , -0.84913905</corner1><corner2>0.08870161, 1.1658585 , 0.84913905</corner2></bounds><pose><translation> 2.99720082, -0.03255764, -1.72393018</translation><rotation><c1>1., 0., 0.</c1><c2>0., 1., 0.</c2><c3>0., 0., 1.</c3></rotation></pose><symmetry><x>none</x><y>twoFold</y><z>none</z></symmetry><detectionScore>0.52607393</detectionScore></element><element><id>7</id><category>window</category><bounds><corner1>-0.05464087, -0.71812097, -1.33246335</corner1><corner2>0.05464087, 0.71812097, 1.33246335</corner2></bounds><pose><translation>3.04282673, 0.06691488, 5.88738872</translation><rotation><c1>1., 0., 0.</c1><c2>0., 1., 0.</c2><c3>0., 0., 1.</c3></rotation></pose><symmetry><x>none</x><y>twoFold</y><z>none</z></symmetry><detectionScore>0.9358244</detectionScore></element><element><id>8</id><category>plant</category><bounds><corner1>-1.39702551, -0.76581063, -1.14700288</corner1><corner2>1.39702551, 0.76581063, 1.14700288</corner2></bounds><pose><translation> 0.12194311, -0.76581063, -1.14700288</translation><rotation><c1>1., 0., 0.</c1><c2>0., 1., 0.</c2><c3>0., 0., 1.</c3></rotation></pose><symmetry><x>none</x><y>cylindrical</y><z>none</z></symmetry><detectionScore>0.60934436</detectionScore></element><element><id>6</id><category>plant</category><bounds><corner1> -0.65518944,  -0.02965552, -17.33018486</corner1><corner2> 0.65518944,  0.02965552, 17.33018486</corner2></bounds><pose><translation>-0.65518944, -0.02965552,  2.12411142</translation><rotation><c1>1., 0., 0.</c1><c2>0., 1., 0.</c2><c3>0., 0., 1.</c3></rotation></pose><symmetry><x>none</x><y>cylindrical</y><z>none</z></symmetry><detectionScore>0.5264754</detectionScore></element></elements></scene>