<?xml version='1.0' encoding='utf-8'?>
<scene xmlns:sumo="https://www.sumochallenge.org"><version>2.0</version><categories><id>fb_categories_v1.0</id><url>https://sumochallenge.org/en/categories-1_0.json</url></categories><project_type>bounding_box</project_type><elements><element><id>15</id><category>door</category><bounds><corner1>-0.53592842, -1.30187513, -0.42985318</corner1><corner2>0.53592842, 1.30187513, 0.42985318</corner2></bounds><pose><translation>-2.12297412, -0.40018696, -0.46996515</translation><rotation><c1>1., 0., 0.</c1><c2>0., 1., 0.</c2><c3>0., 0., 1.</c3></rotation></pose><symmetry><x>none</x><y>none</y><z>none</z></symmetry><detectionScore>-1</detectionScore></element><element><id>7</id><category>sofa</category><bounds><corner1>-1.2314382 , -0.45684652, -0.08563162</corner1><corner2>1.2314382 , 0.45684652, 0.08563162</corner2></bounds><pose><translation> 0.11757865, -0.82569696, -3.6529615 </translation><rotation><c1>1., 0., 0.</c1><c2>0., 1., 0.</c2><c3>0., 0., 1.</c3></rotation></pose><symmetry><x>none</x><y>none</y><z>none</z></symmetry><detectionScore>-1</detectionScore></element><element><id>3</id><category>coffee_table</category><bounds><corner1>-3.3654396 , -0.88678344, -0.60824662</corner1><corner2>3.3654396 , 0.88678344, 0.60824662</corner2></bounds><pose><translation> 4.35228591, -1.42606995, -1.31554937</translation><rotation><c1>1., 0., 0.</c1><c2>0., 1., 0.</c2><c3>0., 0., 1.</c3></rotation></pose><symmetry><x>none</x><y>none</y><z>none</z></symmetry><detectionScore>-1</detectionScore></element><element><id>9</id><category>window</category><bounds><corner1>-0.48096847, -0.60731737, -0.15965234</corner1><corner2>0.48096847, 0.60731737, 0.15965234</corner2></bounds><pose><translation>3.56266555, 0.15642554, 6.33127839</translation><rotation><c1>1., 0., 0.</c1><c2>0., 1., 0.</c2><c3>0., 0., 1.</c3></rotation></pose><symmetry><x>none</x><y>none</y><z>none</z></symmetry><detectionScore>-1</detectionScore></element><element><id>16</id><category>door</category><bounds><corner1>-0.01446954, -1.13295471, -0.45005912</corner1><corner2>0.01446954, 1.13295471, 0.45005912</corner2></bounds><pose><translation>-0.67354276, -0.04633777, -1.67906319</translation><rotation><c1>1., 0., 0.</c1><c2>0., 1., 0.</c2><c3>0., 0., 1.</c3></rotation></pose><symmetry><x>none</x><y>none</y><z>none</z></symmetry><detectionScore>-1</detectionScore></element><element><id>4</id><category>door</category><bounds><corner1>-0.10495622, -1.09571291, -1.07427366</corner1><corner2>0.10495622, 1.09571291, 1.07427366</corner2></bounds><pose><translation> 5.8702213 , -0.32313466, -4.64452769</translation><rotation><c1>1., 0., 0.</c1><c2>0., 1., 0.</c2><c3>0., 0., 1.</c3></rotation></pose><symmetry><x>none</x><y>none</y><z>none</z></symmetry><detectionScore>-1</detectionScore></element><element><id>11</id><category>wall</category><bounds><corner1>-0.4069885 , -1.16854968, -0.20800635</corner1><corner2>0.4069885 , 1.16854968, 0.20800635</corner2></bounds><pose><translation>-1.69501674,  0.0229153 , -0.64989403</translation><rotation><c1>1., 0., 0.</c1><c2>0., 1., 0.</c2><c3>0., 0., 1.</c3></rotation></pose><symmetry><x>none</x><y>none</y><z>none</z></symmetry><detectionScore>-1</detectionScore></element><element><id>10</id><category>door</category><bounds><corner1>-1.07943148, -0.93435475, -0.1498109 </corner1><corner2>1.07943148, 0.93435475, 0.1498109 </corner2></bounds><pose><translation> 3.96655459, -0.13031787,  6.32427943</translation><rotation><c1>1., 0., 0.</c1><c2>0., 1., 0.</c2><c3>0., 0., 1.</c3></rotation></pose><symmetry><x>none</x><y>none</y><z>none</z></symmetry><detectionScore>-1</detectionScore></element><element><id>6</id><category>chandelier</category><bounds><corner1>-3.83114525, -0.02817179, -0.60531555</corner1><corner2>3.83114525, 0.02817179, 0.60531555</corner2></bounds><pose><translation> 4.53437636,  1.1782276 , -1.34672059</translation><rotation><c1>1., 0., 0.</c1><c2>0., 1., 0.</c2><c3>0., 0., 1.</c3></rotation></pose><symmetry><x>none</x><y>none</y><z>none</z></symmetry><detectionScore>-1</detectionScore></element><element><id>13</id><category>door</category><bounds><corner1>-5.54497732, -1.21319311, -3.0266194 </corner1><corner2>5.54497732, 1.21319311, 3.0266194 </corner2></bounds><pose><translation> 6.18254519, -0.16398271, -9.88868221</translation><rotation><c1>1., 0., 0.</c1><c2>0., 1., 0.</c2><c3>0., 0., 1.</c3></rotation></pose><symmetry><x>none</x><y>none</y><z>none</z></symmetry><detectionScore>-1</detectionScore></element><element><id>2</id><category>door</category><bounds><corner1>-0.09808796, -1.06084215, -0.67991374</corner1><corner2>0.09808796, 1.06084215, 0.67991374</corner2></bounds><pose><translation>-3.12188593, -0.38600243,  0.94595821</translation><rotation><c1>1., 0., 0.</c1><c2>0., 1., 0.</c2><c3>0., 0., 1.</c3></rotation></pose><symmetry><x>none</x><y>none</y><z>none</z></symmetry><detectionScore>-1</detectionScore></element><element><id>8</id><category>wall</category><bounds><corner1>-1.44069517, -0.94437658, -0.12350148</corner1><corner2>1.44069517, 0.94437658, 0.12350148</corner2></bounds><pose><translation> 0.32098901, -0.14576932,  3.9693974 </translation><rotation><c1>1., 0., 0.</c1><c2>0., 1., 0.</c2><c3>0., 0., 1.</c3></rotation></pose><symmetry><x>none</x><y>none</y><z>none</z></symmetry><detectionScore>-1</detectionScore></element><element><id>1</id><category>wall</category><bounds><corner1>-6.13831601, -1.17802785, -6.25127447</corner1><corner2>6.13831601, 1.17802785, 6.25127447</corner2></bounds><pose><translation> 1.68800365, -0.02942318, -9.85032159</translation><rotation><c1>1., 0., 0.</c1><c2>0., 1., 0.</c2><c3>0., 0., 1.</c3></rotation></pose><symmetry><x>none</x><y>none</y><z>none</z></symmetry><detectionScore>-1</detectionScore></element><element><id>14</id><category>arch</category><bounds><corner1>-8.2427226 , -1.39312346, -2.23537824</corner1><corner2>8.2427226 , 1.39312346, 2.23537824</corner2></bounds><pose><translation> 8.78332171, -0.2491039 ,  4.88736116</translation><rotation><c1>1., 0., 0.</c1><c2>0., 1., 0.</c2><c3>0., 0., 1.</c3></rotation></pose><symmetry><x>none</x><y>none</y><z>none</z></symmetry><detectionScore>-1</detectionScore></element></elements></scene>