<?xml version='1.0' encoding='utf-8'?>
<scene xmlns:sumo="https://www.sumochallenge.org"><version>2.0</version><categories><id>fb_categories_v1_0</id><url>https://sumochallenge.org/en/categories-1_0.json</url></categories><project_type>bounding_box</project_type><elements><element><id>0</id><category>wall</category><bounds><corner1>-1.8077666668794745, -1.4208165366038301, -2.3897680624182627</corner1><corner2>1.8077666668794745, 1.4208165366038301, 2.3897680624182627</corner2></bounds><pose><translation>-3.7966494950577636, -0.04089842533156112, -1.0894792769611998</translation><rotation><c1>1, 0, 0</c1><c2>0, 1, 0</c2><c3>0, 0, 1</c3></rotation></pose><symmetry><x>twoFold</x><y>cylindrical</y><z>twoFold</z></symmetry><detectionScore>-1.0</detectionScore></element><element><id>1</id><category>hanging_kitchen_cabinet</category><bounds><corner1>-1.28567634131187, -0.9400370220851592, -0.12575889174724875</corner1><corner2>1.28567634131187, 0.9400370220851592, 0.12575889174724875</corner2></bounds><pose><translation>0.5866655965137234, 0.4351237792322734, -1.805509173741832</translation><rotation><c1>1, 0, 0</c1><c2>0, 1, 0</c2><c3>0, 0, 1</c3></rotation></pose><symmetry><x>twoFold</x><y>cylindrical</y><z>twoFold</z></symmetry><detectionScore>-1.0</detectionScore></element><element><id>2</id><category>wall</category><bounds><corner1>-4.163559426629566, -1.4358488408996404, -1.7226999951313615</corner1><corner2>4.163559426629566, 1.4358488408996404, 1.7226999951313615</corner2></bounds><pose><translation>4.92718172481169, -0.13773283485566104, -2.1032998328564716</translation><rotation><c1>1, 0, 0</c1><c2>0, 1, 0</c2><c3>0, 0, 1</c3></rotation></pose><symmetry><x>twoFold</x><y>cylindrical</y><z>twoFold</z></symmetry><detectionScore>-1.0</detectionScore></element><element><id>3</id><category>floor_lamp</category><bounds><corner1>-0.9646012121934406, -1.5258521202520559, -1.6478635341526213</corner1><corner2>0.9646012121934406, 1.5258521202520559, 1.6478635341526213</corner2></bounds><pose><translation>-2.0308030624034936, -0.9529320108600048, 2.649624442907141</translation><rotation><c1>1, 0, 0</c1><c2>0, 1, 0</c2><c3>0, 0, 1</c3></rotation></pose><symmetry><x>twoFold</x><y>cylindrical</y><z>twoFold</z></symmetry><detectionScore>-1.0</detectionScore></element><element><id>4</id><category>picture_frame</category><bounds><corner1>-0.5835399637125975, -1.0089109012196023, -0.5683158342703147</corner1><corner2>0.5835399637125975, 1.0089109012196023, 0.5683158342703147</corner2></bounds><pose><translation>-2.002557565927121, 0.6225909122711771, 2.333329456203968</translation><rotation><c1>1, 0, 0</c1><c2>0, 1, 0</c2><c3>0, 0, 1</c3></rotation></pose><symmetry><x>twoFold</x><y>cylindrical</y><z>twoFold</z></symmetry><detectionScore>-1.0</detectionScore></element><element><id>5</id><category>washer</category><bounds><corner1>-2.2402501840186346, -0.6840059070262605, -0.41553324266598046</corner1><corner2>2.2402501840186346, 0.6840059070262605, 0.41553324266598046</corner2></bounds><pose><translation>2.7086931063060344, -1.1341717785264578, 0.9437776395754961</translation><rotation><c1>1, 0, 0</c1><c2>0, 1, 0</c2><c3>0, 0, 1</c3></rotation></pose><symmetry><x>twoFold</x><y>cylindrical</y><z>twoFold</z></symmetry><detectionScore>-1.0</detectionScore></element><element><id>6</id><category>rug</category><bounds><corner1>-1.76108373348386, -0.4449516686097339, -2.5053160919812374</corner1><corner2>1.76108373348386, 0.4449516686097339, 2.5053160919812374</corner2></bounds><pose><translation>0.93842274291936, -1.5571569324313137, 4.643391532197319</translation><rotation><c1>1, 0, 0</c1><c2>0, 1, 0</c2><c3>0, 0, 1</c3></rotation></pose><symmetry><x>twoFold</x><y>cylindrical</y><z>twoFold</z></symmetry><detectionScore>-1.0</detectionScore></element><element><id>7</id><category>picture_frame</category><bounds><corner1>-0.3825298615611663, -1.3381010279019334, -0.16008412235498914</corner1><corner2>0.3825298615611663, 1.3381010279019334, 0.16008412235498914</corner2></bounds><pose><translation>-2.4429628150955596, 0.12308810731145504, 1.2187916190815793</translation><rotation><c1>1, 0, 0</c1><c2>0, 1, 0</c2><c3>0, 0, 1</c3></rotation></pose><symmetry><x>twoFold</x><y>cylindrical</y><z>twoFold</z></symmetry><detectionScore>-1.0</detectionScore></element><element><id>8</id><category>window</category><bounds><corner1>-0.9055779805159849, -1.273837424813089, -0.2491162730125822</corner1><corner2>0.9055779805159849, 1.273837424813089, 0.2491162730125822</corner2></bounds><pose><translation>7.012096604579972, 1.8024868696106817, 8.279281335498405</translation><rotation><c1>1, 0, 0</c1><c2>0, 1, 0</c2><c3>0, 0, 1</c3></rotation></pose><symmetry><x>twoFold</x><y>cylindrical</y><z>twoFold</z></symmetry><detectionScore>-1.0</detectionScore></element><element><id>9</id><category>mirror</category><bounds><corner1>-1.251380479314622, -1.7034573839614646, -0.28299519868651046</corner1><corner2>1.251380479314622, 1.7034573839614646, 0.28299519868651046</corner2></bounds><pose><translation>4.809616727969468, 1.1267403632429813, 8.305354355276874</translation><rotation><c1>1, 0, 0</c1><c2>0, 1, 0</c2><c3>0, 0, 1</c3></rotation></pose><symmetry><x>twoFold</x><y>cylindrical</y><z>twoFold</z></symmetry><detectionScore>-1.0</detectionScore></element><element><id>10</id><category>wall</category><bounds><corner1>-1.4130765949914723, -0.91514428536044, -0.24531414629970216</corner1><corner2>1.4130765949914723, 0.91514428536044, 0.24531414629970216</corner2></bounds><pose><translation>5.689813282176706, -0.03918635717613063, -2.6154195149549655</translation><rotation><c1>1, 0, 0</c1><c2>0, 1, 0</c2><c3>0, 0, 1</c3></rotation></pose><symmetry><x>twoFold</x><y>cylindrical</y><z>twoFold</z></symmetry><detectionScore>-1.0</detectionScore></element><element><id>11</id><category>bookshelf</category><bounds><corner1>-2.2147783495500386, -1.7997437482716927, -0.42888766555873326</corner1><corner2>2.2147783495500386, 1.7997437482716927, 0.42888766555873326</corner2></bounds><pose><translation>2.7411466847217465, -0.448587524377241, 0.9187137891653037</translation><rotation><c1>1, 0, 0</c1><c2>0, 1, 0</c2><c3>0, 0, 1</c3></rotation></pose><symmetry><x>twoFold</x><y>cylindrical</y><z>twoFold</z></symmetry><detectionScore>-1.0</detectionScore></element><element><id>12</id><category>chandelier</category><bounds><corner1>-1.2738143195320708, -0.9070602644122282, -0.21318594632940702</corner1><corner2>1.2738143195320708, 0.9070602644122282, 0.21318594632940702</corner2></bounds><pose><translation>0.5723737279486151, 0.4992538812329931, -1.8929362283239903</translation><rotation><c1>1, 0, 0</c1><c2>0, 1, 0</c2><c3>0, 0, 1</c3></rotation></pose><symmetry><x>twoFold</x><y>cylindrical</y><z>twoFold</z></symmetry><detectionScore>-1.0</detectionScore></element><element><id>13</id><category>picture_frame</category><bounds><corner1>-2.8083594733981427, -2.000347600533261, -0.2510745616974148</corner1><corner2>2.8083594733981427, 2.000347600533261, 0.2510745616974148</corner2></bounds><pose><translation>1.3289086549278202, 1.1123928072531388, 8.381254825757274</translation><rotation><c1>1, 0, 0</c1><c2>0, 1, 0</c2><c3>0, 0, 1</c3></rotation></pose><symmetry><x>twoFold</x><y>cylindrical</y><z>twoFold</z></symmetry><detectionScore>-1.0</detectionScore></element><element><id>14</id><category>shelving</category><bounds><corner1>-0.3208395724943356, -0.8898962337501812, -0.11878941921254182</corner1><corner2>0.3208395724943356, 0.8898962337501812, 0.11878941921254182</corner2></bounds><pose><translation>-1.1774466008282525, 0.4800928236122673, -1.741690078808266</translation><rotation><c1>1, 0, 0</c1><c2>0, 1, 0</c2><c3>0, 0, 1</c3></rotation></pose><symmetry><x>twoFold</x><y>cylindrical</y><z>twoFold</z></symmetry><detectionScore>-1.0</detectionScore></element><element><id>15</id><category>chair</category><bounds><corner1>-1.2506798111198467, -0.19703584985786615, -0.5086668954039952</corner1><corner2>1.2506798111198467, 0.19703584985786615, 0.5086668954039952</corner2></bounds><pose><translation>0.339377742941947, -0.9255505847107995, -1.9090121676242837</translation><rotation><c1>1, 0, 0</c1><c2>0, 1, 0</c2><c3>0, 0, 1</c3></rotation></pose><symmetry><x>twoFold</x><y>cylindrical</y><z>twoFold</z></symmetry><detectionScore>-1.0</detectionScore></element><element><id>16</id><category>coffee_table</category><bounds><corner1>-5.279676446565086, -0.809479480954623, -5.677524085731459</corner1><corner2>5.279676446565086, 0.809479480954623, 5.677524085731459</corner2></bounds><pose><translation>2.3916470533457805, -1.2044529972473057, 1.4650375275054046</translation><rotation><c1>1, 0, 0</c1><c2>0, 1, 0</c2><c3>0, 0, 1</c3></rotation></pose><symmetry><x>twoFold</x><y>cylindrical</y><z>twoFold</z></symmetry><detectionScore>-1.0</detectionScore></element><element><id>17</id><category>shelving</category><bounds><corner1>-1.2938647885374115, -0.9169581249016865, -0.1267536188289755</corner1><corner2>1.2938647885374115, 0.9169581249016865, 0.1267536188289755</corner2></bounds><pose><translation>0.5969710369869028, 0.4605432636865429, -1.8065039008235588</translation><rotation><c1>1, 0, 0</c1><c2>0, 1, 0</c2><c3>0, 0, 1</c3></rotation></pose><symmetry><x>twoFold</x><y>cylindrical</y><z>twoFold</z></symmetry><detectionScore>-1.0</detectionScore></element><element><id>18</id><category>chair</category><bounds><corner1>-0.43773761996127686, -0.1659548548068125, -0.31875851998092486</corner1><corner2>0.43773761996127686, 0.1659548548068125, 0.31875851998092486</corner2></bounds><pose><translation>-0.531260705188403, -0.8788912995984637, -1.9010135555231986</translation><rotation><c1>1, 0, 0</c1><c2>0, 1, 0</c2><c3>0, 0, 1</c3></rotation></pose><symmetry><x>twoFold</x><y>cylindrical</y><z>twoFold</z></symmetry><detectionScore>-1.0</detectionScore></element><element><id>19</id><category>kitchen_cabinet</category><bounds><corner1>-0.6502934426520368, -1.0904922524431655, -0.18738116653629433</corner1><corner2>0.6502934426520368, 1.0904922524431655, 0.18738116653629433</corner2></bounds><pose><translation>3.1774490423520105, -0.6033813321249375, -4.254692237952467</translation><rotation><c1>1, 0, 0</c1><c2>0, 1, 0</c2><c3>0, 0, 1</c3></rotation></pose><symmetry><x>twoFold</x><y>cylindrical</y><z>twoFold</z></symmetry><detectionScore>-1.0</detectionScore></element><element><id>20</id><category>window</category><bounds><corner1>-1.811134912631708, -1.4087219995756601, -1.710454936456428</corner1><corner2>1.811134912631708, 1.4087219995756601, 1.710454936456428</corner2></bounds><pose><translation>-3.803439301763383, -0.10789779791053425, -1.728634280520136</translation><rotation><c1>1, 0, 0</c1><c2>0, 1, 0</c2><c3>0, 0, 1</c3></rotation></pose><symmetry><x>twoFold</x><y>cylindrical</y><z>twoFold</z></symmetry><detectionScore>-1.0</detectionScore></element><element><id>21</id><category>coffee_table</category><bounds><corner1>-0.49639224600854, -0.12830297196425766, -0.24815498044455642</corner1><corner2>0.49639224600854, 0.12830297196425766, 0.24815498044455642</corner2></bounds><pose><translation>-0.42554676449733825, -0.8741325561219785, -1.8617658268867021</translation><rotation><c1>1, 0, 0</c1><c2>0, 1, 0</c2><c3>0, 0, 1</c3></rotation></pose><symmetry><x>twoFold</x><y>cylindrical</y><z>twoFold</z></symmetry><detectionScore>-1.0</detectionScore></element><element><id>22</id><category>coffee_table</category><bounds><corner1>-0.7769112184683968, -0.5586841564518146, -1.0107831034007209</corner1><corner2>0.7769112184683968, 0.5586841564518146, 1.0107831034007209</corner2></bounds><pose><translation>-1.0461751801385664, -1.4054378881287142, 3.909779042599335</translation><rotation><c1>1, 0, 0</c1><c2>0, 1, 0</c2><c3>0, 0, 1</c3></rotation></pose><symmetry><x>twoFold</x><y>cylindrical</y><z>twoFold</z></symmetry><detectionScore>-1.0</detectionScore></element><element><id>23</id><category>picture_frame</category><bounds><corner1>-0.8291607561475951, -1.2318585294037336, -0.24902973509399118</corner1><corner2>0.8291607561475951, 1.2318585294037336, 0.24902973509399118</corner2></bounds><pose><translation>6.9946850672049905, 1.8808099449915612, 8.279367873416996</translation><rotation><c1>1, 0, 0</c1><c2>0, 1, 0</c2><c3>0, 0, 1</c3></rotation></pose><symmetry><x>twoFold</x><y>cylindrical</y><z>twoFold</z></symmetry><detectionScore>-1.0</detectionScore></element><element><id>24</id><category>heater</category><bounds><corner1>-0.4487929976126801, -0.5714100287658455, -0.5550828020714262</corner1><corner2>0.4487929976126801, 0.5714100287658455, 0.5550828020714262</corner2></bounds><pose><translation>-3.6475361960013744, -1.200643307795914, 0.509115079077822</translation><rotation><c1>1, 0, 0</c1><c2>0, 1, 0</c2><c3>0, 0, 1</c3></rotation></pose><symmetry><x>twoFold</x><y>cylindrical</y><z>twoFold</z></symmetry><detectionScore>-1.0</detectionScore></element><element><id>25</id><category>rug</category><bounds><corner1>-2.897534201067252, -0.4312682705040187, -3.198547503849351</corner1><corner2>2.897534201067252, 0.4312682705040187, 3.198547503849351</corner2></bounds><pose><translation>2.2093095208136946, -1.5446696039288847, 4.755567810033636</translation><rotation><c1>1, 0, 0</c1><c2>0, 1, 0</c2><c3>0, 0, 1</c3></rotation></pose><symmetry><x>twoFold</x><y>cylindrical</y><z>twoFold</z></symmetry><detectionScore>-1.0</detectionScore></element><element><id>26</id><category>sofa</category><bounds><corner1>-2.802102490759889, -0.7348076124228001, -2.1887899835598894</corner1><corner2>2.802102490759889, 0.7348076124228001, 2.1887899835598894</corner2></bounds><pose><translation>1.238808280438994, -1.2352799282038056, 6.442365036680048</translation><rotation><c1>1, 0, 0</c1><c2>0, 1, 0</c2><c3>0, 0, 1</c3></rotation></pose><symmetry><x>twoFold</x><y>cylindrical</y><z>twoFold</z></symmetry><detectionScore>-1.0</detectionScore></element><element><id>27</id><category>sofa</category><bounds><corner1>-8.631377323775917, -0.3942256073386446, -7.0004628556187445</corner1><corner2>8.631377323775917, 0.3942256073386446, 7.0004628556187445</corner2></bounds><pose><translation>2.3975110488964653, -0.5118266881378287, 1.381109247909809</translation><rotation><c1>1, 0, 0</c1><c2>0, 1, 0</c2><c3>0, 0, 1</c3></rotation></pose><symmetry><x>twoFold</x><y>cylindrical</y><z>twoFold</z></symmetry><detectionScore>-1.0</detectionScore></element><element><id>28</id><category>refrigerator</category><bounds><corner1>-2.2178582895673338, -1.8298410060519195, -0.42385290579494184</corner1><corner2>2.2178582895673338, 1.8298410060519195, 0.42385290579494184</corner2></bounds><pose><translation>2.7380667447044513, -0.4860393580021408, 0.9306174159671516</translation><rotation><c1>1, 0, 0</c1><c2>0, 1, 0</c2><c3>0, 0, 1</c3></rotation></pose><symmetry><x>twoFold</x><y>cylindrical</y><z>twoFold</z></symmetry><detectionScore>-1.0</detectionScore></element><element><id>29</id><category>chessboard</category><bounds><corner1>-2.905439318145962, -0.4601111651259484, -3.717218114879281</corner1><corner2>2.905439318145962, 0.4601111651259484, 3.717218114879281</corner2></bounds><pose><translation>2.333859453578833, -1.5345091801460855, 4.87056022814422</translation><rotation><c1>1, 0, 0</c1><c2>0, 1, 0</c2><c3>0, 0, 1</c3></rotation></pose><symmetry><x>twoFold</x><y>cylindrical</y><z>twoFold</z></symmetry><detectionScore>-1.0</detectionScore></element><element><id>30</id><category>coffee_table</category><bounds><corner1>-3.12852402509695, -0.46743956529341957, -3.8061540650463366</corner1><corner2>3.12852402509695, 0.46743956529341957, 3.8061540650463366</corner2></bounds><pose><translation>2.228169427826317, -1.543302741167277, 4.768324944583024</translation><rotation><c1>1, 0, 0</c1><c2>0, 1, 0</c2><c3>0, 0, 1</c3></rotation></pose><symmetry><x>twoFold</x><y>cylindrical</y><z>twoFold</z></symmetry><detectionScore>-1.0</detectionScore></element><element><id>31</id><category>picture_frame</category><bounds><corner1>-1.0820174779406626, -0.5517842913010658, -0.22446692022348458</corner1><corner2>1.0820174779406626, 0.5517842913010658, 0.22446692022348458</corner2></bounds><pose><translation>7.208548814418655, 0.33106080052939585, 8.280131176674628</translation><rotation><c1>1, 0, 0</c1><c2>0, 1, 0</c2><c3>0, 0, 1</c3></rotation></pose><symmetry><x>twoFold</x><y>cylindrical</y><z>twoFold</z></symmetry><detectionScore>-1.0</detectionScore></element><element><id>32</id><category>wall</category><bounds><corner1>-1.2949927372919166, -1.3849465001107892, -0.13483738686795022</corner1><corner2>1.2949927372919166, 1.3849465001107892, 0.13483738686795022</corner2></bounds><pose><translation>2.4116183769430286, 0.12088497918420645, 1.326530265633582</translation><rotation><c1>1, 0, 0</c1><c2>0, 1, 0</c2><c3>0, 0, 1</c3></rotation></pose><symmetry><x>twoFold</x><y>cylindrical</y><z>twoFold</z></symmetry><detectionScore>-1.0</detectionScore></element><element><id>33</id><category>arch</category><bounds><corner1>-3.150052411137797, -1.565390715501783, -1.278496161477344</corner1><corner2>3.150052411137797, 1.565390715501783, 1.278496161477344</corner2></bounds><pose><translation>5.940688740303458, -0.2672747094578035, -2.5392444600214987</translation><rotation><c1>1, 0, 0</c1><c2>0, 1, 0</c2><c3>0, 0, 1</c3></rotation></pose><symmetry><x>twoFold</x><y>cylindrical</y><z>twoFold</z></symmetry><detectionScore>-1.0</detectionScore></element><element><id>34</id><category>chandelier</category><bounds><corner1>-0.4598734901114805, -0.8735332525848633, -0.35630311738856624</corner1><corner2>0.4598734901114805, 0.8735332525848633, 0.35630311738856624</corner2></bounds><pose><translation>-1.2116332691616054, 0.5470589922146719, -1.9792037769842905</translation><rotation><c1>1, 0, 0</c1><c2>0, 1, 0</c2><c3>0, 0, 1</c3></rotation></pose><symmetry><x>twoFold</x><y>cylindrical</y><z>twoFold</z></symmetry><detectionScore>-1.0</detectionScore></element><element><id>35</id><category>plant</category><bounds><corner1>-0.1044759184033004, -0.7751652904578926, -0.7544499397020585</corner1><corner2>0.1044759184033004, 0.7751652904578926, 0.7544499397020585</corner2></bounds><pose><translation>-3.798096200094753, -0.248799741965673, -2.083100547920744</translation><rotation><c1>1, 0, 0</c1><c2>0, 1, 0</c2><c3>0, 0, 1</c3></rotation></pose><symmetry><x>twoFold</x><y>cylindrical</y><z>twoFold</z></symmetry><detectionScore>-1.0</detectionScore></element><element><id>36</id><category>picture_frame</category><bounds><corner1>-1.2868294040111867, -0.9408660904974513, -0.1233385532496949</corner1><corner2>1.2868294040111867, 0.9408660904974513, 0.1233385532496949</corner2></bounds><pose><translation>0.5855125338144067, 0.43149172843288136, -1.8030888352442782</translation><rotation><c1>1, 0, 0</c1><c2>0, 1, 0</c2><c3>0, 0, 1</c3></rotation></pose><symmetry><x>twoFold</x><y>cylindrical</y><z>twoFold</z></symmetry><detectionScore>-1.0</detectionScore></element><element><id>37</id><category>wall</category><bounds><corner1>-2.951054399564577, -1.2933317892771732, -1.0714559406232154</corner1><corner2>2.951054399564577, 1.2933317892771732, 1.0714559406232154</corner2></bounds><pose><translation>4.871119051049831, 0.004784216766806291, -2.6550722047883553</translation><rotation><c1>1, 0, 0</c1><c2>0, 1, 0</c2><c3>0, 0, 1</c3></rotation></pose><symmetry><x>twoFold</x><y>cylindrical</y><z>twoFold</z></symmetry><detectionScore>-1.0</detectionScore></element><element><id>38</id><category>wall</category><bounds><corner1>-1.1940966183296557, -3.4609727366379053, -3.9586335087154194</corner1><corner2>1.1940966183296557, 3.4609727366379053, 3.9586335087154194</corner2></bounds><pose><translation>-2.0484119126428295, -0.07904505026416105, 3.646838766391151</translation><rotation><c1>1, 0, 0</c1><c2>0, 1, 0</c2><c3>0, 0, 1</c3></rotation></pose><symmetry><x>twoFold</x><y>cylindrical</y><z>twoFold</z></symmetry><detectionScore>-1.0</detectionScore></element><element><id>39</id><category>fishbowl</category><bounds><corner1>-0.41717507522869346, -0.10479751606116261, -0.3137695327989054</corner1><corner2>0.41717507522869346, 0.10479751606116261, 0.3137695327989054</corner2></bounds><pose><translation>-0.46910823102416666, -0.8506271002188834, -1.927380379241051</translation><rotation><c1>1, 0, 0</c1><c2>0, 1, 0</c2><c3>0, 0, 1</c3></rotation></pose><symmetry><x>twoFold</x><y>cylindrical</y><z>twoFold</z></symmetry><detectionScore>-1.0</detectionScore></element><element><id>40</id><category>sofa</category><bounds><corner1>-1.0169689649395444, -0.7723325034999414, -4.345406301141679</corner1><corner2>1.0169689649395444, 0.7723325034999414, 4.345406301141679</corner2></bounds><pose><translation>-0.9306371111773839, -1.2216292444175048, 4.279186846834509</translation><rotation><c1>1, 0, 0</c1><c2>0, 1, 0</c2><c3>0, 0, 1</c3></rotation></pose><symmetry><x>twoFold</x><y>cylindrical</y><z>twoFold</z></symmetry><detectionScore>-1.0</detectionScore></element><element><id>41</id><category>wall</category><bounds><corner1>-4.262538584935359, -1.4289954436242849, -2.497521952079403</corner1><corner2>4.262538584935359, 1.4289954436242849, 2.497521952079403</corner2></bounds><pose><translation>4.8282025665058965, -0.07952741922549843, -1.2570466205424347</translation><rotation><c1>1, 0, 0</c1><c2>0, 1, 0</c2><c3>0, 0, 1</c3></rotation></pose><symmetry><x>twoFold</x><y>cylindrical</y><z>twoFold</z></symmetry><detectionScore>-1.0</detectionScore></element><element><id>42</id><category>hanging_kitchen_cabinet</category><bounds><corner1>-1.1905794204744282, -0.6085434827995524, -2.568790609279295</corner1><corner2>1.1905794204744282, 0.6085434827995524, 2.568790609279295</corner2></bounds><pose><translation>2.5357315575642705, 0.6161878667008709, -4.264405476556538</translation><rotation><c1>1, 0, 0</c1><c2>0, 1, 0</c2><c3>0, 0, 1</c3></rotation></pose><symmetry><x>twoFold</x><y>cylindrical</y><z>twoFold</z></symmetry><detectionScore>-1.0</detectionScore></element><element><id>43</id><category>picture_frame</category><bounds><corner1>-0.8273172152341495, -0.7315445177897903, -0.2738553598187945</corner1><corner2>0.8273172152341495, 0.7315445177897903, 0.2738553598187945</corner2></bounds><pose><translation>4.942324993088639, 0.2835237306838086, 8.30643304342812</translation><rotation><c1>1, 0, 0</c1><c2>0, 1, 0</c2><c3>0, 0, 1</c3></rotation></pose><symmetry><x>twoFold</x><y>cylindrical</y><z>twoFold</z></symmetry><detectionScore>-1.0</detectionScore></element><element><id>44</id><category>picture_frame</category><bounds><corner1>-0.17704553806160028, -1.2089682762157898, -0.8548616425766635</corner1><corner2>0.17704553806160028, 1.2089682762157898, 0.8548616425766635</corner2></bounds><pose><translation>4.79875745466118, -0.032788470672611744, -0.2103623258271394</translation><rotation><c1>1, 0, 0</c1><c2>0, 1, 0</c2><c3>0, 0, 1</c3></rotation></pose><symmetry><x>twoFold</x><y>cylindrical</y><z>twoFold</z></symmetry><detectionScore>-1.0</detectionScore></element><element><id>45</id><category>picture_frame</category><bounds><corner1>-1.1039677296848556, -1.4249069866875719, -0.17898929029212063</corner1><corner2>1.1039677296848556, 1.4249069866875719, 0.17898929029212063</corner2></bounds><pose><translation>4.8200839157791195, 1.305157703435843, 8.299664133629253</translation><rotation><c1>1, 0, 0</c1><c2>0, 1, 0</c2><c3>0, 0, 1</c3></rotation></pose><symmetry><x>twoFold</x><y>cylindrical</y><z>twoFold</z></symmetry><detectionScore>-1.0</detectionScore></element><element><id>46</id><category>window</category><bounds><corner1>-1.453295051011229, -3.8458247304711595, -3.638063820958834</corner1><corner2>1.453295051011229, 3.8458247304711595, 3.638063820958834</corner2></bounds><pose><translation>-2.0361284765737615, 0.389854035853582, 3.3505627394268442</translation><rotation><c1>1, 0, 0</c1><c2>0, 1, 0</c2><c3>0, 0, 1</c3></rotation></pose><symmetry><x>twoFold</x><y>cylindrical</y><z>twoFold</z></symmetry><detectionScore>-1.0</detectionScore></element><element><id>47</id><category>plant</category><bounds><corner1>-1.2283151371249348, -1.9435553459068702, -2.6343831457904736</corner1><corner2>1.2283151371249348, 1.9435553459068702, 2.6343831457904736</corner2></bounds><pose><translation>-1.396796686523169, -0.4090443798160157, 5.995173912079816</translation><rotation><c1>1, 0, 0</c1><c2>0, 1, 0</c2><c3>0, 0, 1</c3></rotation></pose><symmetry><x>twoFold</x><y>cylindrical</y><z>twoFold</z></symmetry><detectionScore>-1.0</detectionScore></element><element><id>48</id><category>floor</category><bounds><corner1>-3.9996625545955897, -0.7746550648773981, -1.4872969241275924</corner1><corner2>3.9996625545955897, 0.7746550648773981, 1.4872969241275924</corner2></bounds><pose><translation>5.08891079633754, -1.411724011569476, -2.457661498363829</translation><rotation><c1>1, 0, 0</c1><c2>0, 1, 0</c2><c3>0, 0, 1</c3></rotation></pose><symmetry><x>twoFold</x><y>cylindrical</y><z>twoFold</z></symmetry><detectionScore>-1.0</detectionScore></element><element><id>49</id><category>wall</category><bounds><corner1>-8.64540480735884, -3.6675021205604432, -7.015669824541559</corner1><corner2>8.64540480735884, 3.6675021205604432, 7.015669824541559</corner2></bounds><pose><translation>2.4020815680676697, 0.1741213760881258, 1.4727281096312181</translation><rotation><c1>1, 0, 0</c1><c2>0, 1, 0</c2><c3>0, 0, 1</c3></rotation></pose><symmetry><x>twoFold</x><y>cylindrical</y><z>twoFold</z></symmetry><detectionScore>-1.0</detectionScore></element><element><id>50</id><category>kitchen_cabinet</category><bounds><corner1>-2.2175657152384303, -1.763706985765622, -0.4120106040405216</corner1><corner2>2.2175657152384303, 1.763706985765622, 0.4120106040405216</corner2></bounds><pose><translation>2.738359319033355, -0.3991711358547835, 0.9445426586093466</translation><rotation><c1>1, 0, 0</c1><c2>0, 1, 0</c2><c3>0, 0, 1</c3></rotation></pose><symmetry><x>twoFold</x><y>cylindrical</y><z>twoFold</z></symmetry><detectionScore>-1.0</detectionScore></element><element><id>51</id><category>wall</category><bounds><corner1>-4.879831230029108, -2.9500733358682623, -0.30604655400327196</corner1><corner2>4.879831230029108, 2.9500733358682623, 0.30604655400327196</corner2></bounds><pose><translation>2.2976892125297956, 0.9648704907404168, 8.326282833451417</translation><rotation><c1>1, 0, 0</c1><c2>0, 1, 0</c2><c3>0, 0, 1</c3></rotation></pose><symmetry><x>twoFold</x><y>cylindrical</y><z>twoFold</z></symmetry><detectionScore>-1.0</detectionScore></element><element><id>52</id><category>heater</category><bounds><corner1>-1.8022917327600099, -0.7037167518113769, -0.4233309610562933</corner1><corner2>1.8022917327600099, 0.7037167518113769, 0.4233309610562933</corner2></bounds><pose><translation>2.7090928204308757, -1.1609839213920008, 0.9324365763845627</translation><rotation><c1>1, 0, 0</c1><c2>0, 1, 0</c2><c3>0, 0, 1</c3></rotation></pose><symmetry><x>twoFold</x><y>cylindrical</y><z>twoFold</z></symmetry><detectionScore>-1.0</detectionScore></element><element><id>53</id><category>wall</category><bounds><corner1>-2.1077764756911392, -1.389804999045241, -2.528717575832882</corner1><corner2>2.1077764756911392, 1.389804999045241, 2.528717575832882</corner2></bounds><pose><translation>-3.118311519626305, -0.0530079809377127, -4.154048768298418</translation><rotation><c1>1, 0, 0</c1><c2>0, 1, 0</c2><c3>0, 0, 1</c3></rotation></pose><symmetry><x>twoFold</x><y>cylindrical</y><z>twoFold</z></symmetry><detectionScore>-1.0</detectionScore></element><element><id>54</id><category>wall</category><bounds><corner1>-2.661106774139413, -1.3015476979914715, -2.647330664104172</corner1><corner2>2.661106774139413, 1.3015476979914715, 2.647330664104172</corner2></bounds><pose><translation>-0.514622073594883, -0.2819229041812047, -4.280544958105248</translation><rotation><c1>1, 0, 0</c1><c2>0, 1, 0</c2><c3>0, 0, 1</c3></rotation></pose><symmetry><x>twoFold</x><y>cylindrical</y><z>twoFold</z></symmetry><detectionScore>-1.0</detectionScore></element></elements></scene>