<?xml version='1.0' encoding='utf-8'?>
<scene xmlns:sumo="https://www.sumochallenge.org"><version>2.0</version><categories><id>fb_categories_v1_0</id><url>https://sumochallenge.org/en/categories-1_0.json</url></categories><project_type>bounding_box</project_type><elements><element><id>0</id><category>shelving</category><bounds><corner1>-0.3779910877080037, -0.8336318934461078, -0.39149266539065675</corner1><corner2>0.3779910877080037, 0.8336318934461078, 0.39149266539065675</corner2></bounds><pose><translation>1.5537501572778074, 0.1240657645756898, -2.4870980611767255</translation><rotation><c1>1, 0, 0</c1><c2>0, 1, 0</c2><c3>0, 0, 1</c3></rotation></pose><symmetry><x>twoFold</x><y>cylindrical</y><z>twoFold</z></symmetry><detectionScore>-1.0</detectionScore></element><element><id>1</id><category>shelving</category><bounds><corner1>-0.36821888400434943, -1.1904741843160929, -0.5636936018455274</corner1><corner2>0.36821888400434943, 1.1904741843160929, 0.5636936018455274</corner2></bounds><pose><translation>-2.1653057910116464, 0.15870194389346448, -3.5718226416646273</translation><rotation><c1>1, 0, 0</c1><c2>0, 1, 0</c2><c3>0, 0, 1</c3></rotation></pose><symmetry><x>twoFold</x><y>cylindrical</y><z>twoFold</z></symmetry><detectionScore>-1.0</detectionScore></element><element><id>2</id><category>floor</category><bounds><corner1>-1.6117203420291193, -0.8016648305847096, -1.1623340099256843</corner1><corner2>1.6117203420291193, 0.8016648305847096, 1.1623340099256843</corner2></bounds><pose><translation>3.509104714051387, -1.391721271512561, -1.4030441482522624</translation><rotation><c1>1, 0, 0</c1><c2>0, 1, 0</c2><c3>0, 0, 1</c3></rotation></pose><symmetry><x>twoFold</x><y>cylindrical</y><z>twoFold</z></symmetry><detectionScore>-1.0</detectionScore></element><element><id>3</id><category>wall</category><bounds><corner1>-0.14967412527491541, -1.52055416775886, -0.594425695295556</corner1><corner2>0.14967412527491541, 1.52055416775886, 0.594425695295556</corner2></bounds><pose><translation>3.6006667798805605, -0.14613510837189275, -1.650461276614351</translation><rotation><c1>1, 0, 0</c1><c2>0, 1, 0</c2><c3>0, 0, 1</c3></rotation></pose><symmetry><x>twoFold</x><y>cylindrical</y><z>twoFold</z></symmetry><detectionScore>-1.0</detectionScore></element><element><id>4</id><category>shelving</category><bounds><corner1>-0.22247976636994982, -1.456976910947418, -0.7559346418965183</corner1><corner2>0.22247976636994982, 1.456976910947418, 0.7559346418965183</corner2></bounds><pose><translation>-2.129480320009192, -0.5434229459113674, -0.4320154647639329</translation><rotation><c1>1, 0, 0</c1><c2>0, 1, 0</c2><c3>0, 0, 1</c3></rotation></pose><symmetry><x>twoFold</x><y>cylindrical</y><z>twoFold</z></symmetry><detectionScore>-1.0</detectionScore></element><element><id>5</id><category>floor</category><bounds><corner1>-3.234009416943702, -0.5321647912514277, -1.0023615096942995</corner1><corner2>3.234009416943702, 0.5321647912514277, 1.0023615096942995</corner2></bounds><pose><translation>3.6451725081087627, -0.9558863271162324, -0.2947172594634316</translation><rotation><c1>1, 0, 0</c1><c2>0, 1, 0</c2><c3>0, 0, 1</c3></rotation></pose><symmetry><x>twoFold</x><y>cylindrical</y><z>twoFold</z></symmetry><detectionScore>-1.0</detectionScore></element><element><id>6</id><category>floor</category><bounds><corner1>-3.220106144297805, -0.48212657696674643, -1.0911544286596957</corner1><corner2>3.220106144297805, 0.48212657696674643, 1.0911544286596957</corner2></bounds><pose><translation>3.6590757807546597, -1.184360250480763, 0.7364886147600047</translation><rotation><c1>1, 0, 0</c1><c2>0, 1, 0</c2><c3>0, 0, 1</c3></rotation></pose><symmetry><x>twoFold</x><y>cylindrical</y><z>twoFold</z></symmetry><detectionScore>-1.0</detectionScore></element><element><id>7</id><category>wall</category><bounds><corner1>-0.9893102621834906, -1.3796213591386994, -0.08872792940931129</corner1><corner2>0.9893102621834906, 1.3796213591386994, 0.08872792940931129</corner2></bounds><pose><translation>0.2823581493095768, -0.06641477343857956, -2.5198996863650467</translation><rotation><c1>1, 0, 0</c1><c2>0, 1, 0</c2><c3>0, 0, 1</c3></rotation></pose><symmetry><x>twoFold</x><y>cylindrical</y><z>twoFold</z></symmetry><detectionScore>-1.0</detectionScore></element><element><id>8</id><category>books</category><bounds><corner1>-0.10358330369570634, -0.30160375370004544, -0.4776854575302633</corner1><corner2>0.10358330369570634, 0.30160375370004544, 0.4776854575302633</corner2></bounds><pose><translation>-2.13249950853001, 0.3888437124179105, -0.4607985659294811</translation><rotation><c1>1, 0, 0</c1><c2>0, 1, 0</c2><c3>0, 0, 1</c3></rotation></pose><symmetry><x>twoFold</x><y>cylindrical</y><z>twoFold</z></symmetry><detectionScore>-1.0</detectionScore></element><element><id>9</id><category>rug</category><bounds><corner1>-0.9626072175079587, -0.5820237426423385, -0.4591474766586141</corner1><corner2>0.9626072175079587, 0.5820237426423385, 0.4591474766586141</corner2></bounds><pose><translation>-1.3469836555782968, -1.6782875346868884, -2.683969164212585</translation><rotation><c1>1, 0, 0</c1><c2>0, 1, 0</c2><c3>0, 0, 1</c3></rotation></pose><symmetry><x>twoFold</x><y>cylindrical</y><z>twoFold</z></symmetry><detectionScore>-1.0</detectionScore></element><element><id>10</id><category>shelving</category><bounds><corner1>-0.12466151823368543, -0.3287907009521819, -0.64386874356805</corner1><corner2>0.12466151823368543, 0.3287907009521819, 0.64386874356805</corner2></bounds><pose><translation>-2.1440753154993253, 0.3705685346576143, -0.44678030314573247</translation><rotation><c1>1, 0, 0</c1><c2>0, 1, 0</c2><c3>0, 0, 1</c3></rotation></pose><symmetry><x>twoFold</x><y>cylindrical</y><z>twoFold</z></symmetry><detectionScore>-1.0</detectionScore></element><element><id>11</id><category>wall</category><bounds><corner1>-3.914638500364915, -1.5759773834731479, -1.7728414856056398</corner1><corner2>3.914638500364915, 1.5759773834731479, 1.7728414856056398</corner2></bounds><pose><translation>3.650141851242294, -0.1731382578784691, 0.0609565663090953</translation><rotation><c1>1, 0, 0</c1><c2>0, 1, 0</c2><c3>0, 0, 1</c3></rotation></pose><symmetry><x>twoFold</x><y>cylindrical</y><z>twoFold</z></symmetry><detectionScore>-1.0</detectionScore></element><element><id>12</id><category>door</category><bounds><corner1>-1.6712687845682392, -1.350666775606165, -0.4506891960420487</corner1><corner2>1.6712687845682392, 1.350666775606165, 0.4506891960420487</corner2></bounds><pose><translation>2.0496312065520415, -0.36625599295053324, -1.8520075194282637</translation><rotation><c1>1, 0, 0</c1><c2>0, 1, 0</c2><c3>0, 0, 1</c3></rotation></pose><symmetry><x>twoFold</x><y>cylindrical</y><z>twoFold</z></symmetry><detectionScore>-1.0</detectionScore></element><element><id>13</id><category>wall</category><bounds><corner1>-1.9651600917332108, -1.5197218268188226, -7.180225160843905</corner1><corner2>1.9651600917332108, 1.5197218268188226, 7.180225160843905</corner2></bounds><pose><translation>-0.16168266706212567, -0.1320443970663741, 4.011879419656131</translation><rotation><c1>1, 0, 0</c1><c2>0, 1, 0</c2><c3>0, 0, 1</c3></rotation></pose><symmetry><x>twoFold</x><y>cylindrical</y><z>twoFold</z></symmetry><detectionScore>-1.0</detectionScore></element><element><id>14</id><category>floor_lamp</category><bounds><corner1>-0.16811328978124204, -0.6753608676774734, -0.0793865963871605</corner1><corner2>0.16811328978124204, 0.6753608676774734, 0.0793865963871605</corner2></bounds><pose><translation>-0.16558226131460024, -1.0364408419821167, -2.528222434947559</translation><rotation><c1>1, 0, 0</c1><c2>0, 1, 0</c2><c3>0, 0, 1</c3></rotation></pose><symmetry><x>twoFold</x><y>cylindrical</y><z>twoFold</z></symmetry><detectionScore>-1.0</detectionScore></element><element><id>15</id><category>window</category><bounds><corner1>-0.7402585210837929, -0.8778644447511794, -0.10414601295421289</corner1><corner2>0.7402585210837929, 0.8778644447511794, 0.10414601295421289</corner2></bounds><pose><translation>1.0453552667727914, 0.04378777422089629, 4.06685652388091</translation><rotation><c1>1, 0, 0</c1><c2>0, 1, 0</c2><c3>0, 0, 1</c3></rotation></pose><symmetry><x>twoFold</x><y>cylindrical</y><z>twoFold</z></symmetry><detectionScore>-1.0</detectionScore></element><element><id>16</id><category>door</category><bounds><corner1>-4.030551319441685, -1.8226612423330484, -0.6871705568188097</corner1><corner2>4.030551319441685, 1.8226612423330484, 0.6871705568188097</corner2></bounds><pose><translation>3.5342290321655243, -0.5263904929074583, -0.5214906945403364</translation><rotation><c1>1, 0, 0</c1><c2>0, 1, 0</c2><c3>0, 0, 1</c3></rotation></pose><symmetry><x>twoFold</x><y>cylindrical</y><z>twoFold</z></symmetry><detectionScore>-1.0</detectionScore></element><element><id>17</id><category>picture_frame</category><bounds><corner1>-0.6834964901749828, -0.6452584623629884, -0.07758104477501737</corner1><corner2>0.6834964901749828, 0.6452584623629884, 0.07758104477501737</corner2></bounds><pose><translation>0.45311113189554064, 0.061322537010629806, -2.505289681374196</translation><rotation><c1>1, 0, 0</c1><c2>0, 1, 0</c2><c3>0, 0, 1</c3></rotation></pose><symmetry><x>twoFold</x><y>cylindrical</y><z>twoFold</z></symmetry><detectionScore>-1.0</detectionScore></element><element><id>18</id><category>door</category><bounds><corner1>-0.9884604257108802, -1.4630868194050524, -7.135792333603371</corner1><corner2>0.9884604257108802, 1.4630868194050524, 7.135792333603371</corner2></bounds><pose><translation>-0.6999587130657836, -0.36651291604849356, 4.056312246896665</translation><rotation><c1>1, 0, 0</c1><c2>0, 1, 0</c2><c3>0, 0, 1</c3></rotation></pose><symmetry><x>twoFold</x><y>cylindrical</y><z>twoFold</z></symmetry><detectionScore>-1.0</detectionScore></element><element><id>19</id><category>air_conditioner</category><bounds><corner1>-0.19243229736519263, -0.2072581636392249, -0.5903076908002957</corner1><corner2>0.19243229736519263, 0.2072581636392249, 0.5903076908002957</corner2></bounds><pose><translation>-2.1965215224568007, 0.7305949347069739, -0.42452756269492925</translation><rotation><c1>1, 0, 0</c1><c2>0, 1, 0</c2><c3>0, 0, 1</c3></rotation></pose><symmetry><x>twoFold</x><y>cylindrical</y><z>twoFold</z></symmetry><detectionScore>-1.0</detectionScore></element></elements></scene>