<?xml version='1.0' encoding='utf-8'?>
<scene xmlns:sumo="https://www.sumochallenge.org"><version>2.0</version><categories><id>fb_categories_v1_0</id><url>https://sumochallenge.org/en/categories-1_0.json</url></categories><project_type>bounding_box</project_type><elements><element><id>0</id><category>door</category><bounds><corner1>-0.89961291378268, -1.3196010893459464, -0.4307783944876946</corner1><corner2>0.89961291378268, 1.3196010893459464, 0.4307783944876946</corner2></bounds><pose><translation>-0.4261292821692019, 0.14942211322352203, 2.209183850958667</translation><rotation><c1>1, 0, 0</c1><c2>0, 1, 0</c2><c3>0, 0, 1</c3></rotation></pose><symmetry><x>twoFold</x><y>cylindrical</y><z>twoFold</z></symmetry><detectionScore>-1.0</detectionScore></element><element><id>1</id><category>kitchen_cabinet</category><bounds><corner1>-0.7846849813179635, -0.424788039412602, -0.815112082146066</corner1><corner2>0.7846849813179635, 0.424788039412602, 0.815112082146066</corner2></bounds><pose><translation>-2.167344862831266, -0.6147001028468403, -1.1920274170674712</translation><rotation><c1>1, 0, 0</c1><c2>0, 1, 0</c2><c3>0, 0, 1</c3></rotation></pose><symmetry><x>twoFold</x><y>cylindrical</y><z>twoFold</z></symmetry><detectionScore>-1.0</detectionScore></element><element><id>2</id><category>window</category><bounds><corner1>-0.7531163690568747, -1.0952877714196447, -0.43206667712747215</corner1><corner2>0.7531163690568747, 1.0952877714196447, 0.43206667712747215</corner2></bounds><pose><translation>-0.48765058737177264, 0.3737354311498237, 2.2078955683188894</translation><rotation><c1>1, 0, 0</c1><c2>0, 1, 0</c2><c3>0, 0, 1</c3></rotation></pose><symmetry><x>twoFold</x><y>cylindrical</y><z>twoFold</z></symmetry><detectionScore>-1.0</detectionScore></element><element><id>3</id><category>chair</category><bounds><corner1>-0.4464613877924857, -0.5190247098509146, -0.8293640773317115</corner1><corner2>0.4464613877924857, 0.5190247098509146, 0.8293640773317115</corner2></bounds><pose><translation>-1.859482438218659, -1.0232856988851822, -0.20243840972345353</translation><rotation><c1>1, 0, 0</c1><c2>0, 1, 0</c2><c3>0, 0, 1</c3></rotation></pose><symmetry><x>twoFold</x><y>cylindrical</y><z>twoFold</z></symmetry><detectionScore>-1.0</detectionScore></element><element><id>4</id><category>chair</category><bounds><corner1>-0.41863280731127395, -0.4786079674310615, -0.5122280751693749</corner1><corner2>0.41863280731127395, 0.4786079674310615, 0.5122280751693749</corner2></bounds><pose><translation>-1.7761025057580808, -1.006824256619281, -0.934242885671331</translation><rotation><c1>1, 0, 0</c1><c2>0, 1, 0</c2><c3>0, 0, 1</c3></rotation></pose><symmetry><x>twoFold</x><y>cylindrical</y><z>twoFold</z></symmetry><detectionScore>-1.0</detectionScore></element><element><id>5</id><category>wall</category><bounds><corner1>-0.12626926956445317, -1.5901954383508337, -1.9727180074341195</corner1><corner2>0.12626926956445317, 1.5901954383508337, 1.9727180074341195</corner2></bounds><pose><translation>2.5246376781742526, -0.14207620935805615, 0.44477651331239226</translation><rotation><c1>1, 0, 0</c1><c2>0, 1, 0</c2><c3>0, 0, 1</c3></rotation></pose><symmetry><x>twoFold</x><y>cylindrical</y><z>twoFold</z></symmetry><detectionScore>-1.0</detectionScore></element><element><id>6</id><category>door</category><bounds><corner1>-3.644460890869692, -1.616608197622132, -0.8405255266988524</corner1><corner2>3.644460890869692, 1.616608197622132, 0.8405255266988524</corner2></bounds><pose><translation>-5.602530765650771, -0.28294282881822924, 0.5238105308878108</translation><rotation><c1>1, 0, 0</c1><c2>0, 1, 0</c2><c3>0, 0, 1</c3></rotation></pose><symmetry><x>twoFold</x><y>cylindrical</y><z>twoFold</z></symmetry><detectionScore>-1.0</detectionScore></element><element><id>7</id><category>chair</category><bounds><corner1>-0.6106426903984095, -0.4048671074647392, -0.5867224709163971</corner1><corner2>0.6106426903984095, 0.4048671074647392, 0.5867224709163971</corner2></bounds><pose><translation>-1.9681123888452163, -0.6462476798046877, -1.2404026975875195</translation><rotation><c1>1, 0, 0</c1><c2>0, 1, 0</c2><c3>0, 0, 1</c3></rotation></pose><symmetry><x>twoFold</x><y>cylindrical</y><z>twoFold</z></symmetry><detectionScore>-1.0</detectionScore></element><element><id>8</id><category>kitchen_cabinet</category><bounds><corner1>-1.0161152832454496, -1.5976997767290133, -0.49912656656407983</corner1><corner2>1.0161152832454496, 1.5976997767290133, 0.49912656656407983</corner2></bounds><pose><translation>-2.896847885273785, -0.19765289736382213, 1.8716516647616348</translation><rotation><c1>1, 0, 0</c1><c2>0, 1, 0</c2><c3>0, 0, 1</c3></rotation></pose><symmetry><x>twoFold</x><y>cylindrical</y><z>twoFold</z></symmetry><detectionScore>-1.0</detectionScore></element><element><id>9</id><category>dresser</category><bounds><corner1>-0.8097360815130505, -0.673745216667079, -0.7336301803510468</corner1><corner2>0.8097360815130505, 0.673745216667079, 0.7336301803510468</corner2></bounds><pose><translation>-0.5059742406583746, -1.1488814509500789, 1.8931897866591725</translation><rotation><c1>1, 0, 0</c1><c2>0, 1, 0</c2><c3>0, 0, 1</c3></rotation></pose><symmetry><x>twoFold</x><y>cylindrical</y><z>twoFold</z></symmetry><detectionScore>-1.0</detectionScore></element><element><id>10</id><category>hanging_kitchen_cabinet</category><bounds><corner1>-0.7442930036765991, -0.8763863351226653, -0.4447074331171863</corner1><corner2>0.7442930036765991, 0.8763863351226653, 0.4447074331171863</corner2></bounds><pose><translation>-0.4993825317110966, 0.6054106574607543, 2.1952548123291753</translation><rotation><c1>1, 0, 0</c1><c2>0, 1, 0</c2><c3>0, 0, 1</c3></rotation></pose><symmetry><x>twoFold</x><y>cylindrical</y><z>twoFold</z></symmetry><detectionScore>-1.0</detectionScore></element><element><id>11</id><category>hanging_kitchen_cabinet</category><bounds><corner1>-1.0894100237146231, -0.5296754004157761, -0.6781659114523051</corner1><corner2>1.0894100237146231, 0.5296754004157761, 0.6781659114523051</corner2></bounds><pose><translation>-4.254501861529382, 0.83693028730735, -1.5215097974106888</translation><rotation><c1>1, 0, 0</c1><c2>0, 1, 0</c2><c3>0, 0, 1</c3></rotation></pose><symmetry><x>twoFold</x><y>cylindrical</y><z>twoFold</z></symmetry><detectionScore>-1.0</detectionScore></element><element><id>12</id><category>door</category><bounds><corner1>-4.76247447858699, -1.7139591078342251, -14.01658642301567</corner1><corner2>4.76247447858699, 1.7139591078342251, 14.01658642301567</corner2></bounds><pose><translation>1.4102270808828679, -0.289679276725156, 2.486928973582593</translation><rotation><c1>1, 0, 0</c1><c2>0, 1, 0</c2><c3>0, 0, 1</c3></rotation></pose><symmetry><x>twoFold</x><y>cylindrical</y><z>twoFold</z></symmetry><detectionScore>-1.0</detectionScore></element><element><id>13</id><category>wall</category><bounds><corner1>-5.617719164966994, -1.3416694229798545, -13.98383941176589</corner1><corner2>5.617719164966994, 1.3416694229798545, 13.98383941176589</corner2></bounds><pose><translation>0.5549823945028645, -0.019447239721133245, 2.5196759848323733</translation><rotation><c1>1, 0, 0</c1><c2>0, 1, 0</c2><c3>0, 0, 1</c3></rotation></pose><symmetry><x>twoFold</x><y>cylindrical</y><z>twoFold</z></symmetry><detectionScore>-1.0</detectionScore></element><element><id>14</id><category>hanging_kitchen_cabinet</category><bounds><corner1>-0.5391820427343537, -0.7979714836983007, -0.07615518331815552</corner1><corner2>0.5391820427343537, 0.7979714836983007, 0.07615518331815552</corner2></bounds><pose><translation>-2.9904791677447355, 0.5397986377165036, 1.979571871621718</translation><rotation><c1>1, 0, 0</c1><c2>0, 1, 0</c2><c3>0, 0, 1</c3></rotation></pose><symmetry><x>twoFold</x><y>cylindrical</y><z>twoFold</z></symmetry><detectionScore>-1.0</detectionScore></element><element><id>15</id><category>door</category><bounds><corner1>-2.2560967078914347, -1.5008027521570593, -1.104618369090197</corner1><corner2>2.2560967078914347, 1.5008027521570593, 1.104618369090197</corner2></bounds><pose><translation>-4.1356612121844, -0.16689007196144995, -1.5062007778736024</translation><rotation><c1>1, 0, 0</c1><c2>0, 1, 0</c2><c3>0, 0, 1</c3></rotation></pose><symmetry><x>twoFold</x><y>cylindrical</y><z>twoFold</z></symmetry><detectionScore>-1.0</detectionScore></element><element><id>16</id><category>window</category><bounds><corner1>-0.6324671491034646, -0.4077900553195624, -0.577454726066523</corner1><corner2>0.6324671491034646, 0.4077900553195624, 0.577454726066523</corner2></bounds><pose><translation>-2.3875344181583507, 0.057690281175677, -2.013434570612769</translation><rotation><c1>1, 0, 0</c1><c2>0, 1, 0</c2><c3>0, 0, 1</c3></rotation></pose><symmetry><x>twoFold</x><y>cylindrical</y><z>twoFold</z></symmetry><detectionScore>-1.0</detectionScore></element><element><id>17</id><category>chandelier</category><bounds><corner1>-0.6656981978276892, -0.5517859533062757, -0.47533557234504387</corner1><corner2>0.6656981978276892, 0.5517859533062757, 0.47533557234504387</corner2></bounds><pose><translation>-3.109957473202, 0.8516441004749462, -1.6004772639974283</translation><rotation><c1>1, 0, 0</c1><c2>0, 1, 0</c2><c3>0, 0, 1</c3></rotation></pose><symmetry><x>twoFold</x><y>cylindrical</y><z>twoFold</z></symmetry><detectionScore>-1.0</detectionScore></element><element><id>18</id><category>kitchen_cabinet</category><bounds><corner1>-0.8960690963722642, -1.8849734467476873, -0.467779645921099</corner1><corner2>0.8960690963722642, 1.8849734467476873, 0.467779645921099</corner2></bounds><pose><translation>-0.4752259392715193, -0.3900775221116837, 2.1721825995252626</translation><rotation><c1>1, 0, 0</c1><c2>0, 1, 0</c2><c3>0, 0, 1</c3></rotation></pose><symmetry><x>twoFold</x><y>cylindrical</y><z>twoFold</z></symmetry><detectionScore>-1.0</detectionScore></element><element><id>19</id><category>chandelier</category><bounds><corner1>-0.27757306470740706, -0.6141727784091263, -1.3707384666344868</corner1><corner2>0.27757306470740706, 0.6141727784091263, 1.3707384666344868</corner2></bounds><pose><translation>-1.177717017063666, 0.9074453176231015, 0.48518175375859734</translation><rotation><c1>1, 0, 0</c1><c2>0, 1, 0</c2><c3>0, 0, 1</c3></rotation></pose><symmetry><x>twoFold</x><y>cylindrical</y><z>twoFold</z></symmetry><detectionScore>-1.0</detectionScore></element><element><id>20</id><category>wall</category><bounds><corner1>-1.8549561071744338, -1.213899393431928, -1.0553056048967817</corner1><corner2>1.8549561071744338, 1.213899393431928, 1.0553056048967817</corner2></bounds><pose><translation>-3.8541561288262782, 0.10395849218680911, -1.6834623566113132</translation><rotation><c1>1, 0, 0</c1><c2>0, 1, 0</c2><c3>0, 0, 1</c3></rotation></pose><symmetry><x>twoFold</x><y>cylindrical</y><z>twoFold</z></symmetry><detectionScore>-1.0</detectionScore></element><element><id>21</id><category>chandelier</category><bounds><corner1>-0.16066306699448485, -0.656688191533005, -0.5677903837517295</corner1><corner2>0.16066306699448485, 0.656688191533005, 0.5677903837517295</corner2></bounds><pose><translation>-1.188044709903929, 0.8340049180715123, 0.3081809274969832</translation><rotation><c1>1, 0, 0</c1><c2>0, 1, 0</c2><c3>0, 0, 1</c3></rotation></pose><symmetry><x>twoFold</x><y>cylindrical</y><z>twoFold</z></symmetry><detectionScore>-1.0</detectionScore></element><element><id>22</id><category>hanging_kitchen_cabinet</category><bounds><corner1>-0.7884474494163216, -0.7129368723960529, -0.6040312152280816</corner1><corner2>0.7884474494163216, 0.7129368723960529, 0.6040312152280816</corner2></bounds><pose><translation>-2.6857484606785516, 0.7130116479120202, -1.6328063878857515</translation><rotation><c1>1, 0, 0</c1><c2>0, 1, 0</c2><c3>0, 0, 1</c3></rotation></pose><symmetry><x>twoFold</x><y>cylindrical</y><z>twoFold</z></symmetry><detectionScore>-1.0</detectionScore></element><element><id>23</id><category>shelving</category><bounds><corner1>-0.6523855367619609, -0.5527776723267799, -0.44979131551012075</corner1><corner2>0.6523855367619609, 0.5527776723267799, 0.44979131551012075</corner2></bounds><pose><translation>-3.0966448121362715, 0.8492244496549364, -1.6011149255589718</translation><rotation><c1>1, 0, 0</c1><c2>0, 1, 0</c2><c3>0, 0, 1</c3></rotation></pose><symmetry><x>twoFold</x><y>cylindrical</y><z>twoFold</z></symmetry><detectionScore>-1.0</detectionScore></element><element><id>24</id><category>fruit_bowl</category><bounds><corner1>-0.6790445371648337, -0.21301069996467148, -0.646340040967123</corner1><corner2>0.6790445371648337, 0.21301069996467148, 0.646340040967123</corner2></bounds><pose><translation>1.943844774394841, -0.8395564134928951, 0.725406606493827</translation><rotation><c1>1, 0, 0</c1><c2>0, 1, 0</c2><c3>0, 0, 1</c3></rotation></pose><symmetry><x>twoFold</x><y>cylindrical</y><z>twoFold</z></symmetry><detectionScore>-1.0</detectionScore></element><element><id>25</id><category>kitchen_cabinet</category><bounds><corner1>-2.453895775024289, -1.636462636761173, -0.45864108499303946</corner1><corner2>2.453895775024289, 1.636462636761173, 0.45864108499303946</corner2></bounds><pose><translation>-3.927345553542046, -0.26558673316464787, 0.9899091912878176</translation><rotation><c1>1, 0, 0</c1><c2>0, 1, 0</c2><c3>0, 0, 1</c3></rotation></pose><symmetry><x>twoFold</x><y>cylindrical</y><z>twoFold</z></symmetry><detectionScore>-1.0</detectionScore></element><element><id>26</id><category>wall</category><bounds><corner1>-6.589134281428592, -1.36034618521313, -14.061435892384976</corner1><corner2>6.589134281428592, 1.36034618521313, 14.061435892384976</corner2></bounds><pose><translation>-0.41643272195873415, -0.0023671526691675447, 2.4420795042132872</translation><rotation><c1>1, 0, 0</c1><c2>0, 1, 0</c2><c3>0, 0, 1</c3></rotation></pose><symmetry><x>twoFold</x><y>cylindrical</y><z>twoFold</z></symmetry><detectionScore>-1.0</detectionScore></element><element><id>27</id><category>floor</category><bounds><corner1>-3.4703173577506616, -0.6177706241574958, -5.544718941851409</corner1><corner2>3.4703173577506616, 0.6177706241574958, 5.544718941851409</corner2></bounds><pose><translation>0.3356920789879723, -1.0418231332764205, 2.484568583441669</translation><rotation><c1>1, 0, 0</c1><c2>0, 1, 0</c2><c3>0, 0, 1</c3></rotation></pose><symmetry><x>twoFold</x><y>cylindrical</y><z>twoFold</z></symmetry><detectionScore>-1.0</detectionScore></element><element><id>28</id><category>wall</category><bounds><corner1>-0.7149984360147132, -1.4881116786553215, -0.5965906664061944</corner1><corner2>0.7149984360147132, 1.4881116786553215, 0.5965906664061944</corner2></bounds><pose><translation>-3.65795941335792, -0.09962585374240965, 1.391354731290274</translation><rotation><c1>1, 0, 0</c1><c2>0, 1, 0</c2><c3>0, 0, 1</c3></rotation></pose><symmetry><x>twoFold</x><y>cylindrical</y><z>twoFold</z></symmetry><detectionScore>-1.0</detectionScore></element><element><id>29</id><category>range_hood</category><bounds><corner1>-0.6983684110508306, -0.5892328168710919, -0.43291995653803994</corner1><corner2>0.6983684110508306, 0.5892328168710919, 0.43291995653803994</corner2></bounds><pose><translation>-3.1426276864251412, 0.8082167118302594, -1.6040611285822648</translation><rotation><c1>1, 0, 0</c1><c2>0, 1, 0</c2><c3>0, 0, 1</c3></rotation></pose><symmetry><x>twoFold</x><y>cylindrical</y><z>twoFold</z></symmetry><detectionScore>-1.0</detectionScore></element><element><id>30</id><category>sofa</category><bounds><corner1>-3.993687601155079, -0.2635263120945831, -7.252125359993595</corner1><corner2>3.993687601155079, 0.2635263120945831, 7.252125359993595</corner2></bounds><pose><translation>1.7709448034893702, -0.4170733196931035, 2.473685401677267</translation><rotation><c1>1, 0, 0</c1><c2>0, 1, 0</c2><c3>0, 0, 1</c3></rotation></pose><symmetry><x>twoFold</x><y>cylindrical</y><z>twoFold</z></symmetry><detectionScore>-1.0</detectionScore></element><element><id>31</id><category>chandelier</category><bounds><corner1>-0.9873851559989886, -0.5846161703766429, -0.7624755591402308</corner1><corner2>0.9873851559989886, 0.5846161703766429, 0.7624755591402308</corner2></bounds><pose><translation>1.6335985531146067, 0.9515302094672639, 0.1684582038384885</translation><rotation><c1>1, 0, 0</c1><c2>0, 1, 0</c2><c3>0, 0, 1</c3></rotation></pose><symmetry><x>twoFold</x><y>cylindrical</y><z>twoFold</z></symmetry><detectionScore>-1.0</detectionScore></element><element><id>32</id><category>wall</category><bounds><corner1>-3.208207911247381, -1.362032214708854, -1.342976258189796</corner1><corner2>3.208207911247381, 1.362032214708854, 1.342976258189796</corner2></bounds><pose><translation>-5.650665597173202, -0.027691532379790648, -0.14949667567719835</translation><rotation><c1>1, 0, 0</c1><c2>0, 1, 0</c2><c3>0, 0, 1</c3></rotation></pose><symmetry><x>twoFold</x><y>cylindrical</y><z>twoFold</z></symmetry><detectionScore>-1.0</detectionScore></element><element><id>33</id><category>kitchen_cabinet</category><bounds><corner1>-2.700439468233458, -1.624177590751622, -1.158920187742145</corner1><corner2>2.700439468233458, 1.624177590751622, 1.158920187742145</corner2></bounds><pose><translation>-4.124851610514284, -0.28102233333250276, -1.4058748208324208</translation><rotation><c1>1, 0, 0</c1><c2>0, 1, 0</c2><c3>0, 0, 1</c3></rotation></pose><symmetry><x>twoFold</x><y>cylindrical</y><z>twoFold</z></symmetry><detectionScore>-1.0</detectionScore></element><element><id>34</id><category>wall</category><bounds><corner1>-3.8792483266595323, -1.2370563063236666, -9.496831785697296</corner1><corner2>3.8792483266595323, 1.2370563063236666, 9.496831785697296</corner2></bounds><pose><translation>2.12369974814561, 0.002435176526754081, 2.490193010808543</translation><rotation><c1>1, 0, 0</c1><c2>0, 1, 0</c2><c3>0, 0, 1</c3></rotation></pose><symmetry><x>twoFold</x><y>cylindrical</y><z>twoFold</z></symmetry><detectionScore>-1.0</detectionScore></element><element><id>35</id><category>column</category><bounds><corner1>-1.826123196390859, -1.1692175109232947, -1.0194231380798744</corner1><corner2>1.826123196390859, 1.1692175109232947, 1.0194231380798744</corner2></bounds><pose><translation>-3.8253232180427035, 0.11916868860976118, -1.6944305334799838</translation><rotation><c1>1, 0, 0</c1><c2>0, 1, 0</c2><c3>0, 0, 1</c3></rotation></pose><symmetry><x>twoFold</x><y>cylindrical</y><z>twoFold</z></symmetry><detectionScore>-1.0</detectionScore></element></elements></scene>