<?xml version='1.0' encoding='utf-8'?>
<scene xmlns:sumo="https://www.sumochallenge.org"><version>2.0</version><categories><id>fb_categories_v1.0</id><url>https://sumochallenge.org/en/categories-1_0.json</url></categories><project_type>bounding_box</project_type><elements><element><id>10</id><category>kitchen_cabinet</category><bounds><corner1>-0.37742208, -1.18838746, -0.33684679</corner1><corner2>0.37742208, 1.18838746, 0.33684679</corner2></bounds><pose><translation> 0.35650947, -0.46928693, -2.38094386</translation><rotation><c1>1., 0., 0.</c1><c2>0., 1., 0.</c2><c3>0., 0., 1.</c3></rotation></pose><symmetry><x>none</x><y>none</y><z>none</z></symmetry><detectionScore>0.84587973</detectionScore></element><element><id>11</id><category>trash_can</category><bounds><corner1>-0.33344199, -0.24353596, -0.10089516</corner1><corner2>0.33344199, 0.24353596, 0.10089516</corner2></bounds><pose><translation> 0.90218241, -1.17705858, -1.94588415</translation><rotation><c1>1., 0., 0.</c1><c2>0., 1., 0.</c2><c3>0., 0., 1.</c3></rotation></pose><symmetry><x>none</x><y>cylindrical</y><z>none</z></symmetry><detectionScore>0.8385535</detectionScore></element><element><id>4</id><category>kitchen_cabinet</category><bounds><corner1>-0.10898481, -0.30872397, -0.42932775</corner1><corner2>0.10898481, 0.30872397, 0.42932775</corner2></bounds><pose><translation>-3.13681485, -0.94940591, -0.12023359</translation><rotation><c1>1., 0., 0.</c1><c2>0., 1., 0.</c2><c3>0., 0., 1.</c3></rotation></pose><symmetry><x>none</x><y>none</y><z>none</z></symmetry><detectionScore>0.6876847</detectionScore></element><element><id>6</id><category>door</category><bounds><corner1>-0.03712466, -1.22620069, -0.6355027 </corner1><corner2>0.03712466, 1.22620069, 0.6355027 </corner2></bounds><pose><translation> 1.77795081, -0.10348365,  0.10957798</translation><rotation><c1>1., 0., 0.</c1><c2>0., 1., 0.</c2><c3>0., 0., 1.</c3></rotation></pose><symmetry><x>twoFold</x><y>twoFold</y><z>twoFold</z></symmetry><detectionScore>0.7183341</detectionScore></element><element><id>3</id><category>window</category><bounds><corner1>-0.40296568, -0.6918848 , -0.04809598</corner1><corner2>0.40296568, 0.6918848 , 0.04809598</corner2></bounds><pose><translation>-1.6864919 ,  0.08405421,  2.1898782 </translation><rotation><c1>1., 0., 0.</c1><c2>0., 1., 0.</c2><c3>0., 0., 1.</c3></rotation></pose><symmetry><x>none</x><y>twoFold</y><z>none</z></symmetry><detectionScore>0.9105261</detectionScore></element><element><id>12</id><category>chair</category><bounds><corner1>-0.52818037, -0.71346224, -0.70644107</corner1><corner2>0.52818037, 0.71346224, 0.70644107</corner2></bounds><pose><translation>-2.39314401, -1.4227493 ,  1.09506744</translation><rotation><c1>1., 0., 0.</c1><c2>0., 1., 0.</c2><c3>0., 0., 1.</c3></rotation></pose><symmetry><x>none</x><y>none</y><z>none</z></symmetry><detectionScore>0.98351383</detectionScore></element><element><id>2</id><category>kitchen_cabinet</category><bounds><corner1>-0.30047151, -1.01859863, -0.12393779</corner1><corner2>0.30047151, 1.01859863, 0.12393779</corner2></bounds><pose><translation>-1.18863921, -0.29604704, -2.73280348</translation><rotation><c1>1., 0., 0.</c1><c2>0., 1., 0.</c2><c3>0., 0., 1.</c3></rotation></pose><symmetry><x>none</x><y>none</y><z>none</z></symmetry><detectionScore>0.75680655</detectionScore></element><element><id>1</id><category>window</category><bounds><corner1>-0.21840189, -0.80822443, -0.21297595</corner1><corner2>0.21840189, 0.80822443, 0.21297595</corner2></bounds><pose><translation>0.87167274, 0.06313679, 1.58803877</translation><rotation><c1>1., 0., 0.</c1><c2>0., 1., 0.</c2><c3>0., 0., 1.</c3></rotation></pose><symmetry><x>none</x><y>twoFold</y><z>none</z></symmetry><detectionScore>0.93221444</detectionScore></element><element><id>13</id><category>chair</category><bounds><corner1>-0.37887409, -0.31896351, -0.42798738</corner1><corner2>0.37887409, 0.31896351, 0.42798738</corner2></bounds><pose><translation> 0.58757854, -1.04504928,  1.52003993</translation><rotation><c1>1., 0., 0.</c1><c2>0., 1., 0.</c2><c3>0., 0., 1.</c3></rotation></pose><symmetry><x>none</x><y>none</y><z>none</z></symmetry><detectionScore>0.67114955</detectionScore></element><element><id>9</id><category>wall</category><bounds><corner1>-0.62259489, -0.76383521, -1.42877286</corner1><corner2>0.62259489, 0.76383521, 1.42877286</corner2></bounds><pose><translation>-1.44914651, -0.11783709, -2.73381884</translation><rotation><c1>1., 0., 0.</c1><c2>0., 1., 0.</c2><c3>0., 0., 1.</c3></rotation></pose><symmetry><x>none</x><y>twoFold</y><z>none</z></symmetry><detectionScore>0.53062034</detectionScore></element><element><id>8</id><category>window</category><bounds><corner1>-0.12354915, -0.61906816, -0.66293487</corner1><corner2>0.12354915, 0.61906816, 0.66293487</corner2></bounds><pose><translation> 1.31337632,  0.05661028, -2.02692528</translation><rotation><c1>1., 0., 0.</c1><c2>0., 1., 0.</c2><c3>0., 0., 1.</c3></rotation></pose><symmetry><x>none</x><y>twoFold</y><z>none</z></symmetry><detectionScore>0.55454654</detectionScore></element><element><id>7</id><category>wall</category><bounds><corner1>-1.20006099, -1.4102024 , -0.49473997</corner1><corner2>1.20006099, 1.4102024 , 0.49473997</corner2></bounds><pose><translation>-3.18297439,  0.07587022,  1.21432884</translation><rotation><c1>1., 0., 0.</c1><c2>0., 1., 0.</c2><c3>0., 0., 1.</c3></rotation></pose><symmetry><x>none</x><y>twoFold</y><z>none</z></symmetry><detectionScore>0.92329544</detectionScore></element><element><id>14</id><category>kitchen_cabinet</category><bounds><corner1>-0.4921251 , -0.97061972, -0.3609855 </corner1><corner2>0.4921251 , 0.97061972, 0.3609855 </corner2></bounds><pose><translation>-0.52843498, -0.34054844, -2.89901887</translation><rotation><c1>1., 0., 0.</c1><c2>0., 1., 0.</c2><c3>0., 0., 1.</c3></rotation></pose><symmetry><x>none</x><y>none</y><z>none</z></symmetry><detectionScore>0.96856</detectionScore></element></elements></scene>