<?xml version='1.0' encoding='utf-8'?>
<scene xmlns:sumo="https://www.sumochallenge.org"><version>2.0</version><categories><id>fb_categories_v1_0</id><url>https://sumochallenge.org/en/categories-1_0.json</url></categories><project_type>bounding_box</project_type><elements><element><id>0</id><category>kitchen_cabinet</category><bounds><corner1>-0.0685487404341345, -0.5295333400208723, -0.4751233147327477</corner1><corner2>0.0685487404341345, 0.5295333400208723, 0.4751233147327477</corner2></bounds><pose><translation>-1.9687135195591825, -0.08261700962944024, -1.1031043074654694</translation><rotation><c1>0, 0, 0</c1><c2>0, 0, 0</c2><c3>0, 0, 0</c3></rotation></pose><symmetry><x>twoFold</x><y>cylindrical</y><z>twoFold</z></symmetry><detectionScore>-1.0</detectionScore></element><element><id>1</id><category>wall</category><bounds><corner1>-2.910328481950181, -4.899764334321593, -1.3557806572492428</corner1><corner2>2.910328481950181, 4.899764334321593, 1.3557806572492428</corner2></bounds><pose><translation>-3.8771922837040567, -7.377019674891029, -0.0927911059195285</translation><rotation><c1>0, 0, 0</c1><c2>0, 0, 0</c2><c3>0, 0, 0</c3></rotation></pose><symmetry><x>twoFold</x><y>cylindrical</y><z>twoFold</z></symmetry><detectionScore>-1.0</detectionScore></element><element><id>2</id><category>trash_can</category><bounds><corner1>-0.10825762206403233, -0.4283674573445193, -0.11825774139527778</corner1><corner2>0.10825762206403233, 0.4283674573445193, 0.11825774139527778</corner2></bounds><pose><translation>-1.354492857592581, 1.9589825706458281, -0.5680478597057264</translation><rotation><c1>0, 0, 0</c1><c2>0, 0, 0</c2><c3>0, 0, 0</c3></rotation></pose><symmetry><x>twoFold</x><y>cylindrical</y><z>twoFold</z></symmetry><detectionScore>-1.0</detectionScore></element><element><id>3</id><category>wall</category><bounds><corner1>-0.18226183673840524, -1.9345792275573996, -1.554269545189905</corner1><corner2>0.18226183673840524, 1.9345792275573996, 1.554269545189905</corner2></bounds><pose><translation>3.0780419311933995, -0.10834747199066051, -0.16896475366058197</translation><rotation><c1>0, 0, 0</c1><c2>0, 0, 0</c2><c3>0, 0, 0</c3></rotation></pose><symmetry><x>twoFold</x><y>cylindrical</y><z>twoFold</z></symmetry><detectionScore>-1.0</detectionScore></element><element><id>4</id><category>hanger</category><bounds><corner1>-0.07803335802486222, -1.1377204494238962, -1.2600894087656849</corner1><corner2>0.07803335802486222, 1.1377204494238962, 1.2600894087656849</corner2></bounds><pose><translation>2.9680882824849064, -4.421835968618783, -0.4638229586957623</translation><rotation><c1>0, 0, 0</c1><c2>0, 0, 0</c2><c3>0, 0, 0</c3></rotation></pose><symmetry><x>twoFold</x><y>cylindrical</y><z>twoFold</z></symmetry><detectionScore>-1.0</detectionScore></element><element><id>5</id><category>utensil_holder</category><bounds><corner1>-0.3693333906804359, -0.31230076702440535, -0.3414800020813181</corner1><corner2>0.3693333906804359, 0.31230076702440535, 0.3414800020813181</corner2></bounds><pose><translation>-1.6831941185101813, 2.0752823264451865, -0.4937807257627471</translation><rotation><c1>0, 0, 0</c1><c2>0, 0, 0</c2><c3>0, 0, 0</c3></rotation></pose><symmetry><x>twoFold</x><y>cylindrical</y><z>twoFold</z></symmetry><detectionScore>-1.0</detectionScore></element><element><id>6</id><category>beer</category><bounds><corner1>-0.1121897443691402, -0.4296018160171071, -0.12131171204689789</corner1><corner2>0.1121897443691402, 0.4296018160171071, 0.12131171204689789</corner2></bounds><pose><translation>-1.3542080120981326, 1.9554370407384871, -0.5748900184537953</translation><rotation><c1>0, 0, 0</c1><c2>0, 0, 0</c2><c3>0, 0, 0</c3></rotation></pose><symmetry><x>twoFold</x><y>cylindrical</y><z>twoFold</z></symmetry><detectionScore>-1.0</detectionScore></element><element><id>7</id><category>food_processor</category><bounds><corner1>-0.37389983586536224, -0.31269769993143415, -0.3283952411022717</corner1><corner2>0.37389983586536224, 0.31269769993143415, 0.3283952411022717</corner2></bounds><pose><translation>-1.6834381630447295, 2.0757354839473705, -0.48904506645009077</translation><rotation><c1>0, 0, 0</c1><c2>0, 0, 0</c2><c3>0, 0, 0</c3></rotation></pose><symmetry><x>twoFold</x><y>cylindrical</y><z>twoFold</z></symmetry><detectionScore>-1.0</detectionScore></element><element><id>8</id><category>window</category><bounds><corner1>-0.1435872591585987, -1.2047680187370138, -0.8329831234701934</corner1><corner2>0.1435872591585987, 1.2047680187370138, 0.8329831234701934</corner2></bounds><pose><translation>3.1379127125690274, -0.7328861188908599, 0.07020042037621471</translation><rotation><c1>0, 0, 0</c1><c2>0, 0, 0</c2><c3>0, 0, 0</c3></rotation></pose><symmetry><x>twoFold</x><y>cylindrical</y><z>twoFold</z></symmetry><detectionScore>-1.0</detectionScore></element><element><id>9</id><category>books</category><bounds><corner1>-0.03374591617180456, -0.3739302893093104, -0.0974719846861975</corner1><corner2>0.03374591617180456, 0.3739302893093104, 0.0974719846861975</corner2></bounds><pose><translation>-1.3096624228950144, 2.0222335424076645, -0.5472421081396763</translation><rotation><c1>0, 0, 0</c1><c2>0, 0, 0</c2><c3>0, 0, 0</c3></rotation></pose><symmetry><x>twoFold</x><y>cylindrical</y><z>twoFold</z></symmetry><detectionScore>-1.0</detectionScore></element><element><id>10</id><category>door</category><bounds><corner1>-0.09292818522398472, -1.2942715737130759, -1.491468844485922</corner1><corner2>0.09292818522398472, 1.2942715737130759, 1.491468844485922</corner2></bounds><pose><translation>2.9516546682982487, -4.41496365093843, -0.354892462341243</translation><rotation><c1>0, 0, 0</c1><c2>0, 0, 0</c2><c3>0, 0, 0</c3></rotation></pose><symmetry><x>twoFold</x><y>cylindrical</y><z>twoFold</z></symmetry><detectionScore>-1.0</detectionScore></element><element><id>11</id><category>chandelier</category><bounds><corner1>-0.3268794092058742, -0.23057881473491082, -0.18721848140390995</corner1><corner2>0.3268794092058742, 0.23057881473491082, 0.18721848140390995</corner2></bounds><pose><translation>1.4818581076652362, -0.08087718008299412, 1.3583666942367039</translation><rotation><c1>0, 0, 0</c1><c2>0, 0, 0</c2><c3>0, 0, 0</c3></rotation></pose><symmetry><x>twoFold</x><y>cylindrical</y><z>twoFold</z></symmetry><detectionScore>-1.0</detectionScore></element><element><id>12</id><category>picture_frame</category><bounds><corner1>-0.056583667422469563, -0.2863178756720046, -0.19956868487692536</corner1><corner2>0.056583667422469563, 0.2863178756720046, 0.19956868487692536</corner2></bounds><pose><translation>2.9926703798560608, -4.757615208916326, 0.11418930753086264</translation><rotation><c1>0, 0, 0</c1><c2>0, 0, 0</c2><c3>0, 0, 0</c3></rotation></pose><symmetry><x>twoFold</x><y>cylindrical</y><z>twoFold</z></symmetry><detectionScore>-1.0</detectionScore></element><element><id>13</id><category>kitchen_cabinet</category><bounds><corner1>-0.46953675529952066, -0.6089178526477107, -1.2554103945064974</corner1><corner2>0.46953675529952066, 0.6089178526477107, 1.2554103945064974</corner2></bounds><pose><translation>-2.41972752618169, -0.1518552132816506, -0.2708684470481145</translation><rotation><c1>0, 0, 0</c1><c2>0, 0, 0</c2><c3>0, 0, 0</c3></rotation></pose><symmetry><x>twoFold</x><y>cylindrical</y><z>twoFold</z></symmetry><detectionScore>-1.0</detectionScore></element><element><id>14</id><category>beer</category><bounds><corner1>-0.03186279277487847, -0.36934496113157245, -0.09774115803665456</corner1><corner2>0.03186279277487847, 0.36934496113157245, 0.09774115803665456</corner2></bounds><pose><translation>-1.3092498318533123, 2.0285617444428197, -0.5395903288673413</translation><rotation><c1>0, 0, 0</c1><c2>0, 0, 0</c2><c3>0, 0, 0</c3></rotation></pose><symmetry><x>twoFold</x><y>cylindrical</y><z>twoFold</z></symmetry><detectionScore>-1.0</detectionScore></element><element><id>15</id><category>refrigerator</category><bounds><corner1>-0.7994051895048266, -0.11314167607167303, -1.2090820178571389</corner1><corner2>0.7994051895048266, 0.11314167607167303, 1.2090820178571389</corner2></bounds><pose><translation>2.351762378993985, 1.5742977250883476, -0.5448220560707016</translation><rotation><c1>0, 0, 0</c1><c2>0, 0, 0</c2><c3>0, 0, 0</c3></rotation></pose><symmetry><x>twoFold</x><y>cylindrical</y><z>twoFold</z></symmetry><detectionScore>-1.0</detectionScore></element><element><id>16</id><category>hanging_kitchen_cabinet</category><bounds><corner1>-0.05520097727422901, -0.4318724681564903, -0.16549013311089697</corner1><corner2>0.05520097727422901, 0.4318724681564903, 0.16549013311089697</corner2></bounds><pose><translation>-1.297443662471999, 1.9399444303823992, 0.08618008993678558</translation><rotation><c1>0, 0, 0</c1><c2>0, 0, 0</c2><c3>0, 0, 0</c3></rotation></pose><symmetry><x>twoFold</x><y>cylindrical</y><z>twoFold</z></symmetry><detectionScore>-1.0</detectionScore></element><element><id>17</id><category>wall</category><bounds><corner1>-0.3305030585191526, -1.3442728916702034, -1.481542102972902</corner1><corner2>0.3305030585191526, 1.3442728916702034, 1.481542102972902</corner2></bounds><pose><translation>-2.2460063492021396, -0.16805440867838814, -0.04978441733842527</translation><rotation><c1>0, 0, 0</c1><c2>0, 0, 0</c2><c3>0, 0, 0</c3></rotation></pose><symmetry><x>twoFold</x><y>cylindrical</y><z>twoFold</z></symmetry><detectionScore>-1.0</detectionScore></element><element><id>18</id><category>wall</category><bounds><corner1>-0.16835659096796562, -0.10641410649881866, -1.5581351945089192</corner1><corner2>0.16835659096796562, 0.10641410649881866, 1.5581351945089192</corner2></bounds><pose><translation>-2.050372152116251, 1.1674496571399577, -0.09843684105775496</translation><rotation><c1>0, 0, 0</c1><c2>0, 0, 0</c2><c3>0, 0, 0</c3></rotation></pose><symmetry><x>twoFold</x><y>cylindrical</y><z>twoFold</z></symmetry><detectionScore>-1.0</detectionScore></element><element><id>19</id><category>curtain</category><bounds><corner1>-0.26163495617254595, -4.813646085617078, -1.5501891059782436</corner1><corner2>0.26163495617254595, 4.813646085617078, 1.5501891059782436</corner2></bounds><pose><translation>2.6549495031660633, -7.152147873489092, -0.2603555023382048</translation><rotation><c1>0, 0, 0</c1><c2>0, 0, 0</c2><c3>0, 0, 0</c3></rotation></pose><symmetry><x>twoFold</x><y>cylindrical</y><z>twoFold</z></symmetry><detectionScore>-1.0</detectionScore></element><element><id>20</id><category>plant</category><bounds><corner1>-0.10252456619830896, -0.39434809548356053, -0.5149571574628824</corner1><corner2>0.10252456619830896, 0.39434809548356053, 0.5149571574628824</corner2></bounds><pose><translation>2.8912010094839236, -5.3552004339524775, -1.0536848832981143</translation><rotation><c1>0, 0, 0</c1><c2>0, 0, 0</c2><c3>0, 0, 0</c3></rotation></pose><symmetry><x>twoFold</x><y>cylindrical</y><z>twoFold</z></symmetry><detectionScore>-1.0</detectionScore></element><element><id>21</id><category>hanging_kitchen_cabinet</category><bounds><corner1>-0.051177879277436666, -0.03279196646504112, -0.17471389847501456</corner1><corner2>0.051177879277436666, 0.03279196646504112, 0.17471389847501456</corner2></bounds><pose><translation>-1.236867024890429, 1.946239762751441, 0.10871743577448566</translation><rotation><c1>0, 0, 0</c1><c2>0, 0, 0</c2><c3>0, 0, 0</c3></rotation></pose><symmetry><x>twoFold</x><y>cylindrical</y><z>twoFold</z></symmetry><detectionScore>-1.0</detectionScore></element><element><id>22</id><category>wall</category><bounds><corner1>-2.8245554336013945, -0.8600576575091925, -1.5273856047690575</corner1><corner2>2.8245554336013945, 0.8600576575091925, 1.5273856047690575</corner2></bounds><pose><translation>-0.016087509534108556, -2.742885056421563, -0.19906107572669612</translation><rotation><c1>0, 0, 0</c1><c2>0, 0, 0</c2><c3>0, 0, 0</c3></rotation></pose><symmetry><x>twoFold</x><y>cylindrical</y><z>twoFold</z></symmetry><detectionScore>-1.0</detectionScore></element><element><id>23</id><category>wall</category><bounds><corner1>-0.592970465850998, -0.5025766169430073, -1.3825484480986276</corner1><corner2>0.592970465850998, 0.5025766169430073, 1.3825484480986276</corner2></bounds><pose><translation>2.510179694191626, -2.0259853977919344, 0.032794721055655535</translation><rotation><c1>0, 0, 0</c1><c2>0, 0, 0</c2><c3>0, 0, 0</c3></rotation></pose><symmetry><x>twoFold</x><y>cylindrical</y><z>twoFold</z></symmetry><detectionScore>-1.0</detectionScore></element><element><id>24</id><category>kitchen_cabinet</category><bounds><corner1>-0.06320908133962866, -0.4503825192579428, -0.48638320638943144</corner1><corner2>0.06320908133962866, 0.4503825192579428, 0.48638320638943144</corner2></bounds><pose><translation>-1.9329431510890367, -0.9886181639664887, -1.1219981197929847</translation><rotation><c1>0, 0, 0</c1><c2>0, 0, 0</c2><c3>0, 0, 0</c3></rotation></pose><symmetry><x>twoFold</x><y>cylindrical</y><z>twoFold</z></symmetry><detectionScore>-1.0</detectionScore></element><element><id>25</id><category>hanging_kitchen_cabinet</category><bounds><corner1>-0.42324450216487997, -0.09132217738461224, -0.4797170739241463</corner1><corner2>0.42324450216487997, 0.09132217738461224, 0.4797170739241463</corner2></bounds><pose><translation>-0.862555868394945, 1.9711331273678652, 0.40407084380946656</translation><rotation><c1>0, 0, 0</c1><c2>0, 0, 0</c2><c3>0, 0, 0</c3></rotation></pose><symmetry><x>twoFold</x><y>cylindrical</y><z>twoFold</z></symmetry><detectionScore>-1.0</detectionScore></element><element><id>26</id><category>door</category><bounds><corner1>-2.943908039080334, -3.4884423276112684, -1.1065659560950518</corner1><corner2>2.943908039080334, 3.4884423276112684, 1.1065659560950518</corner2></bounds><pose><translation>-4.29626306650661, -5.963884482819854, -0.3401880101257876</translation><rotation><c1>0, 0, 0</c1><c2>0, 0, 0</c2><c3>0, 0, 0</c3></rotation></pose><symmetry><x>twoFold</x><y>cylindrical</y><z>twoFold</z></symmetry><detectionScore>-1.0</detectionScore></element><element><id>27</id><category>kitchen_cabinet</category><bounds><corner1>-0.6671393841145452, -0.5147218779528487, -0.34259516586304173</corner1><corner2>0.6671393841145452, 0.5147218779528487, 0.34259516586304173</corner2></bounds><pose><translation>2.4862880445758897, -0.3397234054844807, -1.0308968763421578</translation><rotation><c1>0, 0, 0</c1><c2>0, 0, 0</c2><c3>0, 0, 0</c3></rotation></pose><symmetry><x>twoFold</x><y>cylindrical</y><z>twoFold</z></symmetry><detectionScore>-1.0</detectionScore></element><element><id>28</id><category>kitchen_cabinet</category><bounds><corner1>-0.8046542429501203, -0.09461816415819846, -0.48062324093828246</corner1><corner2>0.8046542429501203, 0.09461816415819846, 0.48062324093828246</corner2></bounds><pose><translation>0.08734426074648904, -1.897065602886336, -1.124761175923765</translation><rotation><c1>0, 0, 0</c1><c2>0, 0, 0</c2><c3>0, 0, 0</c3></rotation></pose><symmetry><x>twoFold</x><y>cylindrical</y><z>twoFold</z></symmetry><detectionScore>-1.0</detectionScore></element><element><id>29</id><category>hanging_kitchen_cabinet</category><bounds><corner1>-0.03636092738048813, -0.028662557653830856, -0.3286242275641413</corner1><corner2>0.03636092738048813, 0.028662557653830856, 0.3286242275641413</corner2></bounds><pose><translation>-2.1898916535378117, -1.334274307419247, 0.17930229466063735</translation><rotation><c1>0, 0, 0</c1><c2>0, 0, 0</c2><c3>0, 0, 0</c3></rotation></pose><symmetry><x>twoFold</x><y>cylindrical</y><z>twoFold</z></symmetry><detectionScore>-1.0</detectionScore></element><element><id>30</id><category>hanging_kitchen_cabinet</category><bounds><corner1>-0.06796962529549155, -0.5264923411250133, -0.4756941401255857</corner1><corner2>0.06796962529549155, 0.5264923411250133, 0.4756941401255857</corner2></bounds><pose><translation>-2.2038739607290116, -1.0878992211764753, 0.40006117931854074</translation><rotation><c1>0, 0, 0</c1><c2>0, 0, 0</c2><c3>0, 0, 0</c3></rotation></pose><symmetry><x>twoFold</x><y>cylindrical</y><z>twoFold</z></symmetry><detectionScore>-1.0</detectionScore></element><element><id>31</id><category>kitchen_cabinet</category><bounds><corner1>-0.4879952655508283, -0.5235922442078091, -0.3321013950277274</corner1><corner2>0.4879952655508283, 0.5235922442078091, 0.3321013950277274</corner2></bounds><pose><translation>-0.8689614138817312, 1.7113884042978171, -0.9281105263232436</translation><rotation><c1>0, 0, 0</c1><c2>0, 0, 0</c2><c3>0, 0, 0</c3></rotation></pose><symmetry><x>twoFold</x><y>cylindrical</y><z>twoFold</z></symmetry><detectionScore>-1.0</detectionScore></element><element><id>32</id><category>hanging_kitchen_cabinet</category><bounds><corner1>-0.4601832773258745, -0.5778935419513815, -0.667728390643498</corner1><corner2>0.4601832773258745, 0.5778935419513815, 0.667728390643498</corner2></bounds><pose><translation>-2.614999565520562, -0.11040432598700857, 0.38511254604146006</translation><rotation><c1>0, 0, 0</c1><c2>0, 0, 0</c2><c3>0, 0, 0</c3></rotation></pose><symmetry><x>twoFold</x><y>cylindrical</y><z>twoFold</z></symmetry><detectionScore>-1.0</detectionScore></element><element><id>33</id><category>kitchen_cabinet</category><bounds><corner1>-0.7282862936893086, -0.8307838436795112, -0.5203419010585499</corner1><corner2>0.7282862936893086, 0.8307838436795112, 0.5203419010585499</corner2></bounds><pose><translation>2.4511003167314813, -1.153072233532933, -1.1330246221224196</translation><rotation><c1>0, 0, 0</c1><c2>0, 0, 0</c2><c3>0, 0, 0</c3></rotation></pose><symmetry><x>twoFold</x><y>cylindrical</y><z>twoFold</z></symmetry><detectionScore>-1.0</detectionScore></element><element><id>34</id><category>wall</category><bounds><corner1>-0.25337737432677887, -4.899567119494058, -1.603050556190821</corner1><corner2>0.25337737432677887, 4.899567119494058, 1.603050556190821</corner2></bounds><pose><translation>2.6650009613708594, -7.240931832713503, -0.3219506174910332</translation><rotation><c1>0, 0, 0</c1><c2>0, 0, 0</c2><c3>0, 0, 0</c3></rotation></pose><symmetry><x>twoFold</x><y>cylindrical</y><z>twoFold</z></symmetry><detectionScore>-1.0</detectionScore></element><element><id>35</id><category>kitchen_cabinet</category><bounds><corner1>-1.4061800700487685, -4.861213509794894, -1.5835144804236696</corner1><corner2>1.4061800700487685, 4.861213509794894, 1.5835144804236696</corner2></bounds><pose><translation>-1.7758397339900913, -7.394484235586903, -0.30044173172955113</translation><rotation><c1>0, 0, 0</c1><c2>0, 0, 0</c2><c3>0, 0, 0</c3></rotation></pose><symmetry><x>twoFold</x><y>cylindrical</y><z>twoFold</z></symmetry><detectionScore>-1.0</detectionScore></element><element><id>36</id><category>hanging_kitchen_cabinet</category><bounds><corner1>-0.39609061616645125, -0.4553434034578998, -0.4918286993059422</corner1><corner2>0.39609061616645125, 0.4553434034578998, 0.4918286993059422</corner2></bounds><pose><translation>0.6875331069876671, 1.985420080311138, 0.3961128699312535</translation><rotation><c1>0, 0, 0</c1><c2>0, 0, 0</c2><c3>0, 0, 0</c3></rotation></pose><symmetry><x>twoFold</x><y>cylindrical</y><z>twoFold</z></symmetry><detectionScore>-1.0</detectionScore></element><element><id>37</id><category>hanging_kitchen_cabinet</category><bounds><corner1>-0.3826131676027445, -0.4404217886132762, -0.7283569499367115</corner1><corner2>0.3826131676027445, 0.4404217886132762, 0.7283569499367115</corner2></bounds><pose><translation>-0.08041855209395493, 2.0098954060814216, 0.4353825682485384</translation><rotation><c1>0, 0, 0</c1><c2>0, 0, 0</c2><c3>0, 0, 0</c3></rotation></pose><symmetry><x>twoFold</x><y>cylindrical</y><z>twoFold</z></symmetry><detectionScore>-1.0</detectionScore></element><element><id>38</id><category>wall</category><bounds><corner1>-1.314430964447834, -0.47264764456414254, -1.4398762930874234</corner1><corner2>1.314430964447834, 0.47264764456414254, 1.4398762930874234</corner2></bounds><pose><translation>-0.20403401754828598, 1.9884525176876438, -0.029009981110642877</translation><rotation><c1>0, 0, 0</c1><c2>0, 0, 0</c2><c3>0, 0, 0</c3></rotation></pose><symmetry><x>twoFold</x><y>cylindrical</y><z>twoFold</z></symmetry><detectionScore>-1.0</detectionScore></element><element><id>39</id><category>hanging_kitchen_cabinet</category><bounds><corner1>-0.4054919668482838, -0.46038305486806896, -0.4400087720988164</corner1><corner2>0.4054919668482838, 0.46038305486806896, 0.4400087720988164</corner2></bounds><pose><translation>-1.3606736703409403, 1.9288545755209672, 0.33994318469432305</translation><rotation><c1>0, 0, 0</c1><c2>0, 0, 0</c2><c3>0, 0, 0</c3></rotation></pose><symmetry><x>twoFold</x><y>cylindrical</y><z>twoFold</z></symmetry><detectionScore>-1.0</detectionScore></element><element><id>40</id><category>wall</category><bounds><corner1>-0.1629736306783367, -2.5013898477465646, -1.5511478409406811</corner1><corner2>0.1629736306783367, 2.5013898477465646, 1.5511478409406811</corner2></bounds><pose><translation>2.8748823489778115, -5.048681691801887, -0.22810594288468775</translation><rotation><c1>0, 0, 0</c1><c2>0, 0, 0</c2><c3>0, 0, 0</c3></rotation></pose><symmetry><x>twoFold</x><y>cylindrical</y><z>twoFold</z></symmetry><detectionScore>-1.0</detectionScore></element><element><id>41</id><category>range_hood</category><bounds><corner1>-0.42640450480984127, -0.5864706430181439, -0.7386670432429127</corner1><corner2>0.42640450480984127, 0.5864706430181439, 0.7386670432429127</corner2></bounds><pose><translation>-2.5865630527822905, -0.1184309423548369, 0.7080710192808485</translation><rotation><c1>0, 0, 0</c1><c2>0, 0, 0</c2><c3>0, 0, 0</c3></rotation></pose><symmetry><x>twoFold</x><y>cylindrical</y><z>twoFold</z></symmetry><detectionScore>-1.0</detectionScore></element><element><id>42</id><category>hanging_kitchen_cabinet</category><bounds><corner1>-0.06528185647009721, -0.4601952720506346, -0.5325253023109737</corner1><corner2>0.06528185647009721, 0.4601952720506346, 0.5325253023109737</corner2></bounds><pose><translation>-2.232349954116603, 0.7479674790166349, 0.36326520335508133</translation><rotation><c1>0, 0, 0</c1><c2>0, 0, 0</c2><c3>0, 0, 0</c3></rotation></pose><symmetry><x>twoFold</x><y>cylindrical</y><z>twoFold</z></symmetry><detectionScore>-1.0</detectionScore></element><element><id>43</id><category>hanging_kitchen_cabinet</category><bounds><corner1>-0.04258670770319162, -0.14347495284375444, -0.34020894611637015</corner1><corner2>0.04258670770319162, 0.14347495284375444, 0.34020894611637015</corner2></bounds><pose><translation>-2.1666564465711122, -1.6000689230590086, 0.2061239438059807</translation><rotation><c1>0, 0, 0</c1><c2>0, 0, 0</c2><c3>0, 0, 0</c3></rotation></pose><symmetry><x>twoFold</x><y>cylindrical</y><z>twoFold</z></symmetry><detectionScore>-1.0</detectionScore></element><element><id>44</id><category>hanging_kitchen_cabinet</category><bounds><corner1>-0.034059544453197255, -0.04939641708771847, -0.2141968001072789</corner1><corner2>0.034059544453197255, 0.04939641708771847, 0.2141968001072789</corner2></bounds><pose><translation>-2.2132667120151246, -1.0358274261234255, 0.21926074368049528</translation><rotation><c1>0, 0, 0</c1><c2>0, 0, 0</c2><c3>0, 0, 0</c3></rotation></pose><symmetry><x>twoFold</x><y>cylindrical</y><z>twoFold</z></symmetry><detectionScore>-1.0</detectionScore></element><element><id>45</id><category>hanging_kitchen_cabinet</category><bounds><corner1>-0.040733861591673026, -0.10562775178663353, -0.3674765735990372</corner1><corner2>0.040733861591673026, 0.10562775178663353, 0.3674765735990372</corner2></bounds><pose><translation>-2.1822386272390557, -1.441743937431932, 0.19071134553609703</translation><rotation><c1>0, 0, 0</c1><c2>0, 0, 0</c2><c3>0, 0, 0</c3></rotation></pose><symmetry><x>twoFold</x><y>cylindrical</y><z>twoFold</z></symmetry><detectionScore>-1.0</detectionScore></element><element><id>46</id><category>kitchen_cabinet</category><bounds><corner1>-0.5327086808541963, -0.7045819707806333, -0.3511265384071023</corner1><corner2>0.5327086808541963, 0.7045819707806333, 0.3511265384071023</corner2></bounds><pose><translation>-0.10314353297912462, 1.7641299404954411, -0.808196369841923</translation><rotation><c1>0, 0, 0</c1><c2>0, 0, 0</c2><c3>0, 0, 0</c3></rotation></pose><symmetry><x>twoFold</x><y>cylindrical</y><z>twoFold</z></symmetry><detectionScore>-1.0</detectionScore></element><element><id>47</id><category>picture_frame</category><bounds><corner1>-0.36901870979094475, -0.3889488732959774, -0.4362262357827968</corner1><corner2>0.36901870979094475, 0.3889488732959774, 0.4362262357827968</corner2></bounds><pose><translation>0.7056166899097114, 1.9859928584719446, 0.3555003001718184</translation><rotation><c1>0, 0, 0</c1><c2>0, 0, 0</c2><c3>0, 0, 0</c3></rotation></pose><symmetry><x>twoFold</x><y>cylindrical</y><z>twoFold</z></symmetry><detectionScore>-1.0</detectionScore></element><element><id>48</id><category>curtain</category><bounds><corner1>-0.18236701193955174, -1.4036337046336058, -1.174793842900021</corner1><corner2>0.18236701193955174, 1.4036337046336058, 1.174793842900021</corner2></bounds><pose><translation>3.0926606175311773, -0.6874792579065275, 0.009462198899199487</translation><rotation><c1>0, 0, 0</c1><c2>0, 0, 0</c2><c3>0, 0, 0</c3></rotation></pose><symmetry><x>twoFold</x><y>cylindrical</y><z>twoFold</z></symmetry><detectionScore>-1.0</detectionScore></element><element><id>49</id><category>kitchen_cabinet</category><bounds><corner1>-0.5867835618034221, -0.546177366859869, -0.21404734715401974</corner1><corner2>0.5867835618034221, 0.546177366859869, 0.21404734715401974</corner2></bounds><pose><translation>2.639511801620747, -0.9508554365309276, -0.8185964495902833</translation><rotation><c1>0, 0, 0</c1><c2>0, 0, 0</c2><c3>0, 0, 0</c3></rotation></pose><symmetry><x>twoFold</x><y>cylindrical</y><z>twoFold</z></symmetry><detectionScore>-1.0</detectionScore></element><element><id>50</id><category>kitchen_cabinet</category><bounds><corner1>-0.39041933027079656, -0.6886042796064804, -0.3414093627816749</corner1><corner2>0.39041933027079656, 0.6886042796064804, 0.3414093627816749</corner2></bounds><pose><translation>0.7189667836756506, 1.6835423641836278, -0.9020181583315638</translation><rotation><c1>0, 0, 0</c1><c2>0, 0, 0</c2><c3>0, 0, 0</c3></rotation></pose><symmetry><x>twoFold</x><y>cylindrical</y><z>twoFold</z></symmetry><detectionScore>-1.0</detectionScore></element><element><id>51</id><category>kitchen_cabinet</category><bounds><corner1>-0.8574206541117477, -0.09357145222877605, -0.4900474626095926</corner1><corner2>0.8574206541117477, 0.09357145222877605, 0.4900474626095926</corner2></bounds><pose><translation>-1.1144029108534885, -1.976579325386572, -0.8331035575604971</translation><rotation><c1>0, 0, 0</c1><c2>0, 0, 0</c2><c3>0, 0, 0</c3></rotation></pose><symmetry><x>twoFold</x><y>cylindrical</y><z>twoFold</z></symmetry><detectionScore>-1.0</detectionScore></element><element><id>52</id><category>wall</category><bounds><corner1>-0.3039434301153845, -1.029472122010568, -0.7312265415597032</corner1><corner2>0.3039434301153845, 1.029472122010568, 0.7312265415597032</corner2></bounds><pose><translation>-4.35084428668691, -6.095935939392181, 0.07614646468593125</translation><rotation><c1>0, 0, 0</c1><c2>0, 0, 0</c2><c3>0, 0, 0</c3></rotation></pose><symmetry><x>twoFold</x><y>cylindrical</y><z>twoFold</z></symmetry><detectionScore>-1.0</detectionScore></element><element><id>53</id><category>dishwasher</category><bounds><corner1>-0.35904001218542925, -0.5437588222403051, -0.3048286998585287</corner1><corner2>0.35904001218542925, 0.5437588222403051, 0.3048286998585287</corner2></bounds><pose><translation>0.7465689880710736, 1.6774608369105013, -0.9076906366596769</translation><rotation><c1>0, 0, 0</c1><c2>0, 0, 0</c2><c3>0, 0, 0</c3></rotation></pose><symmetry><x>twoFold</x><y>cylindrical</y><z>twoFold</z></symmetry><detectionScore>-1.0</detectionScore></element><element><id>54</id><category>kitchen_cabinet</category><bounds><corner1>-0.06117104129525708, -0.42622594176680484, -0.5350737504480846</corner1><corner2>0.06117104129525708, 0.42622594176680484, 0.5350737504480846</corner2></bounds><pose><translation>-1.9400025400612426, 0.8036817713841771, -1.1341043534127917</translation><rotation><c1>0, 0, 0</c1><c2>0, 0, 0</c2><c3>0, 0, 0</c3></rotation></pose><symmetry><x>twoFold</x><y>cylindrical</y><z>twoFold</z></symmetry><detectionScore>-1.0</detectionScore></element><element><id>55</id><category>wall</category><bounds><corner1>-3.1601131384263472, -8.57549993750122, -1.4651609490610125</corner1><corner2>3.1601131384263472, 8.57549993750122, 1.4651609490610125</corner2></bounds><pose><translation>-0.41475616700085594, -11.031034742038756, -0.28956041237532426</translation><rotation><c1>0, 0, 0</c1><c2>0, 0, 0</c2><c3>0, 0, 0</c3></rotation></pose><symmetry><x>twoFold</x><y>cylindrical</y><z>twoFold</z></symmetry><detectionScore>-1.0</detectionScore></element><element><id>56</id><category>kettle</category><bounds><corner1>-0.10825762206403233, -0.4283674573445193, -0.11825774139527778</corner1><corner2>0.10825762206403233, 0.4283674573445193, 0.11825774139527778</corner2></bounds><pose><translation>-1.354492857592581, 1.9589825706458281, -0.5680478597057264</translation><rotation><c1>0, 0, 0</c1><c2>0, 0, 0</c2><c3>0, 0, 0</c3></rotation></pose><symmetry><x>twoFold</x><y>cylindrical</y><z>twoFold</z></symmetry><detectionScore>-1.0</detectionScore></element><element><id>57</id><category>window</category><bounds><corner1>-0.2209240375208088, -0.9664564835110774, -0.7051382867145856</corner1><corner2>0.2209240375208088, 0.9664564835110774, 0.7051382867145856</corner2></bounds><pose><translation>-4.355510162506178, -6.206981855008537, 0.10596521277035478</translation><rotation><c1>0, 0, 0</c1><c2>0, 0, 0</c2><c3>0, 0, 0</c3></rotation></pose><symmetry><x>twoFold</x><y>cylindrical</y><z>twoFold</z></symmetry><detectionScore>-1.0</detectionScore></element></elements></scene>