<?xml version='1.0' encoding='utf-8'?>
<scene xmlns:sumo="https://www.sumochallenge.org"><version>2.0</version><categories><id>fb_categories_v1.0</id><url>https://sumochallenge.org/en/categories-1_0.json</url></categories><project_type>bounding_box</project_type><elements><element><id>4</id><category>atm</category><bounds><corner1>-0.33598934, -0.60093166, -0.48445674</corner1><corner2>0.33598934, 0.60093166, 0.48445674</corner2></bounds><pose><translation>-2.09848078, -0.74600399, -3.21770987</translation><rotation><c1>1., 0., 0.</c1><c2>0., 1., 0.</c2><c3>0., 0., 1.</c3></rotation></pose><symmetry><x>none</x><y>none</y><z>none</z></symmetry><detectionScore>0.6152147</detectionScore></element><element><id>1</id><category>television</category><bounds><corner1>-1.70328293, -0.8314162 , -0.09198389</corner1><corner2>1.70328293, 0.8314162 , 0.09198389</corner2></bounds><pose><translation> 6.85423162,  0.14971874, -5.51322936</translation><rotation><c1>1., 0., 0.</c1><c2>0., 1., 0.</c2><c3>0., 0., 1.</c3></rotation></pose><symmetry><x>none</x><y>none</y><z>twoFold</z></symmetry><detectionScore>0.99777156</detectionScore></element><element><id>5</id><category>shelving</category><bounds><corner1>-1.62096033, -0.8485208 , -0.28794936</corner1><corner2>1.62096033, 0.8485208 , 0.28794936</corner2></bounds><pose><translation> 2.03770336, -0.57820646, -3.98365304</translation><rotation><c1>1., 0., 0.</c1><c2>0., 1., 0.</c2><c3>0., 0., 1.</c3></rotation></pose><symmetry><x>twoFold</x><y>twoFold</y><z>twoFold</z></symmetry><detectionScore>0.56574017</detectionScore></element><element><id>10</id><category>window</category><bounds><corner1>-0.51543634, -1.79004431, -3.34001351</corner1><corner2>0.51543634, 1.79004431, 3.34001351</corner2></bounds><pose><translation>17.17766048, -0.18250255,  4.72936365</translation><rotation><c1>1., 0., 0.</c1><c2>0., 1., 0.</c2><c3>0., 0., 1.</c3></rotation></pose><symmetry><x>none</x><y>twoFold</y><z>none</z></symmetry><detectionScore>0.540062</detectionScore></element><element><id>2</id><category>plant</category><bounds><corner1> -4.77863798,  -1.94205238, -10.75588417</corner1><corner2> 4.77863798,  1.94205238, 10.75588417</corner2></bounds><pose><translation> 3.68556487, -0.217807  ,  6.05142534</translation><rotation><c1>1., 0., 0.</c1><c2>0., 1., 0.</c2><c3>0., 0., 1.</c3></rotation></pose><symmetry><x>none</x><y>cylindrical</y><z>none</z></symmetry><detectionScore>0.7629154</detectionScore></element><element><id>7</id><category>chair</category><bounds><corner1>-0.46594609, -0.64664444, -0.56974422</corner1><corner2>0.46594609, 0.64664444, 0.56974422</corner2></bounds><pose><translation>-2.24500265, -1.25400396,  0.84073817</translation><rotation><c1>1., 0., 0.</c1><c2>0., 1., 0.</c2><c3>0., 0., 1.</c3></rotation></pose><symmetry><x>none</x><y>none</y><z>none</z></symmetry><detectionScore>0.97805446</detectionScore></element><element><id>9</id><category>picture_frame</category><bounds><corner1>-2.90207635, -1.17544606, -1.75713787</corner1><corner2>2.90207635, 1.17544606, 1.75713787</corner2></bounds><pose><translation> 1.05739449,  0.32885734, -5.50806058</translation><rotation><c1>1., 0., 0.</c1><c2>0., 1., 0.</c2><c3>0., 0., 1.</c3></rotation></pose><symmetry><x>none</x><y>fourFold</y><z>none</z></symmetry><detectionScore>0.7523935</detectionScore></element><element><id>8</id><category>chair</category><bounds><corner1>-4.51775542, -0.32674283, -0.58197063</corner1><corner2>4.51775542, 0.32674283, 0.58197063</corner2></bounds><pose><translation> 1.78200251, -0.91152794, -0.0189761 </translation><rotation><c1>1., 0., 0.</c1><c2>0., 1., 0.</c2><c3>0., 0., 1.</c3></rotation></pose><symmetry><x>none</x><y>none</y><z>none</z></symmetry><detectionScore>0.8752856</detectionScore></element><element><id>6</id><category>door</category><bounds><corner1>-3.03273386, -0.92887039, -0.79733107</corner1><corner2>3.03273386, 0.92887039, 0.79733107</corner2></bounds><pose><translation>-3.03273386, -0.30933404, -0.79733107</translation><rotation><c1>1., 0., 0.</c1><c2>0., 1., 0.</c2><c3>0., 0., 1.</c3></rotation></pose><symmetry><x>twoFold</x><y>twoFold</y><z>twoFold</z></symmetry><detectionScore>0.9997645</detectionScore></element></elements></scene>