<?xml version='1.0' encoding='utf-8'?>
<scene xmlns:sumo="https://www.sumochallenge.org"><version>2.0</version><categories><id>fb_categories_v1.0</id><url>https://sumochallenge.org/en/categories-1_0.json</url></categories><project_type>bounding_box</project_type><elements><element><id>2</id><category>person</category><bounds><corner1>-0.28933758, -1.23923691, -0.26889064</corner1><corner2>0.28933758, 1.23923691, 0.26889064</corner2></bounds><pose><translation>-0.91909932, -0.67737904, -2.18195821</translation><rotation><c1>1., 0., 0.</c1><c2>0., 1., 0.</c2><c3>0., 0., 1.</c3></rotation></pose><symmetry><x>none</x><y>none</y><z>none</z></symmetry><detectionScore>0.9868507</detectionScore></element><element><id>4</id><category>water_dispenser</category><bounds><corner1>-0.33708464, -0.58313957, -0.16417605</corner1><corner2>0.33708464, 0.58313957, 0.16417605</corner2></bounds><pose><translation> 1.72300119, -0.8030704 ,  0.56677128</translation><rotation><c1>1., 0., 0.</c1><c2>0., 1., 0.</c2><c3>0., 0., 1.</c3></rotation></pose><symmetry><x>none</x><y>fourFold</y><z>none</z></symmetry><detectionScore>0.962993</detectionScore></element><element><id>1</id><category>refrigerator</category><bounds><corner1>-0.01500608, -0.61164741, -0.54769677</corner1><corner2>0.01500608, 0.61164741, 0.54769677</corner2></bounds><pose><translation>-0.83300238, -0.1034277 ,  0.01706226</translation><rotation><c1>1., 0., 0.</c1><c2>0., 1., 0.</c2><c3>0., 0., 1.</c3></rotation></pose><symmetry><x>none</x><y>none</y><z>twoFold</z></symmetry><detectionScore>0.9857503</detectionScore></element><element><id>5</id><category>wall</category><bounds><corner1>-2.44280304, -1.26846217, -2.97805798</corner1><corner2>2.44280304, 1.26846217, 2.97805798</corner2></bounds><pose><translation> 0.81073827, -0.11984606, -4.27401764</translation><rotation><c1>1., 0., 0.</c1><c2>0., 1., 0.</c2><c3>0., 0., 1.</c3></rotation></pose><symmetry><x>none</x><y>twoFold</y><z>none</z></symmetry><detectionScore>0.9729073</detectionScore></element><element><id>6</id><category>range_oven</category><bounds><corner1>-0.54636803, -0.40427752, -0.07619584</corner1><corner2>0.54636803, 0.40427752, 0.07619584</corner2></bounds><pose><translation>-0.15502448, -1.01789796, -3.68990823</translation><rotation><c1>1., 0., 0.</c1><c2>0., 1., 0.</c2><c3>0., 0., 1.</c3></rotation></pose><symmetry><x>none</x><y>none</y><z>none</z></symmetry><detectionScore>0.5030148</detectionScore></element></elements></scene>