<?xml version='1.0' encoding='utf-8'?>
<scene xmlns:sumo="https://www.sumochallenge.org"><version>2.0</version><categories><id>fb_categories_v1_0</id><url>https://sumochallenge.org/en/categories-1_0.json</url></categories><project_type>bounding_box</project_type><elements><element><id>0</id><category>wall</category><bounds><corner1>-0.46943756746805076, -0.5886968903141181, -1.3648622244496669</corner1><corner2>0.46943756746805076, 0.5886968903141181, 1.3648622244496669</corner2></bounds><pose><translation>0.7714638565411819, -1.7979927661168162, 0.13003910103041186</translation><rotation><c1>0, 0, 0</c1><c2>0, 0, 0</c2><c3>0, 0, 0</c3></rotation></pose><symmetry><x>twoFold</x><y>cylindrical</y><z>twoFold</z></symmetry><detectionScore>-1.0</detectionScore></element><element><id>1</id><category>desk</category><bounds><corner1>-0.2098448803682489, -0.9092345531926433, -0.6688562534228533</corner1><corner2>0.2098448803682489, 0.9092345531926433, 0.6688562534228533</corner2></bounds><pose><translation>3.684957201103411, -1.9293345457167312, -1.1702628496869296</translation><rotation><c1>0, 0, 0</c1><c2>0, 0, 0</c2><c3>0, 0, 0</c3></rotation></pose><symmetry><x>twoFold</x><y>cylindrical</y><z>twoFold</z></symmetry><detectionScore>-1.0</detectionScore></element><element><id>2</id><category>kitchen_cabinet</category><bounds><corner1>-0.15918137968149448, -1.4956068767567834, -0.876453275737671</corner1><corner2>0.15918137968149448, 1.4956068767567834, 0.876453275737671</corner2></bounds><pose><translation>3.7041682225827692, -2.5803478359418337, -1.080282085524145</translation><rotation><c1>0, 0, 0</c1><c2>0, 0, 0</c2><c3>0, 0, 0</c3></rotation></pose><symmetry><x>twoFold</x><y>cylindrical</y><z>twoFold</z></symmetry><detectionScore>-1.0</detectionScore></element><element><id>3</id><category>wall</category><bounds><corner1>-0.15077948665464413, -1.7606087580051266, -1.328924301123509</corner1><corner2>0.15077948665464413, 1.7606087580051266, 1.328924301123509</corner2></bounds><pose><translation>3.797151348509692, -1.1665079329053807, 0.0</translation><rotation><c1>0, 0, 0</c1><c2>0, 0, 0</c2><c3>0, 0, 0</c3></rotation></pose><symmetry><x>twoFold</x><y>cylindrical</y><z>twoFold</z></symmetry><detectionScore>-1.0</detectionScore></element><element><id>4</id><category>shelving</category><bounds><corner1>-1.0189698276333379, -0.5171025469726778, -1.027067521913719</corner1><corner2>1.0189698276333379, 0.5171025469726778, 1.027067521913719</corner2></bounds><pose><translation>0.014324490682673979, -1.6965015397162735, -0.20813493339664138</translation><rotation><c1>0, 0, 0</c1><c2>0, 0, 0</c2><c3>0, 0, 0</c3></rotation></pose><symmetry><x>twoFold</x><y>cylindrical</y><z>twoFold</z></symmetry><detectionScore>-1.0</detectionScore></element><element><id>5</id><category>shelving</category><bounds><corner1>-0.21878145500405122, -0.8342561181652748, -0.9389294645018502</corner1><corner2>0.21878145500405122, 0.8342561181652748, 0.9389294645018502</corner2></bounds><pose><translation>3.6764456055477464, -1.8554207629086614, -1.114145471135775</translation><rotation><c1>0, 0, 0</c1><c2>0, 0, 0</c2><c3>0, 0, 0</c3></rotation></pose><symmetry><x>twoFold</x><y>cylindrical</y><z>twoFold</z></symmetry><detectionScore>-1.0</detectionScore></element><element><id>6</id><category>door</category><bounds><corner1>-1.9198756313111913, -1.3508150389667388, -0.8825372552049089</corner1><corner2>1.9198756313111913, 1.3508150389667388, 0.8825372552049089</corner2></bounds><pose><translation>1.8706225137994388, -2.552088287275837, -0.11629787744166713</translation><rotation><c1>0, 0, 0</c1><c2>0, 0, 0</c2><c3>0, 0, 0</c3></rotation></pose><symmetry><x>twoFold</x><y>cylindrical</y><z>twoFold</z></symmetry><detectionScore>-1.0</detectionScore></element><element><id>7</id><category>chair</category><bounds><corner1>-0.5976872396199231, -1.264352433642492, -0.5986258334630173</corner1><corner2>0.5976872396199231, 1.264352433642492, 0.5986258334630173</corner2></bounds><pose><translation>3.256740258850638, -2.3371338497384815, -1.2013090664587536</translation><rotation><c1>0, 0, 0</c1><c2>0, 0, 0</c2><c3>0, 0, 0</c3></rotation></pose><symmetry><x>twoFold</x><y>cylindrical</y><z>twoFold</z></symmetry><detectionScore>-1.0</detectionScore></element><element><id>8</id><category>shelving</category><bounds><corner1>-0.9483691315360343, -0.41085628303662436, -1.431231226570276</corner1><corner2>0.9483691315360343, 0.41085628303662436, 1.431231226570276</corner2></bounds><pose><translation>-2.263625593403705, -1.3708855773839133, -0.5598780883848303</translation><rotation><c1>0, 0, 0</c1><c2>0, 0, 0</c2><c3>0, 0, 0</c3></rotation></pose><symmetry><x>twoFold</x><y>cylindrical</y><z>twoFold</z></symmetry><detectionScore>-1.0</detectionScore></element><element><id>9</id><category>wall</category><bounds><corner1>-3.0182593729621763, -5.680634032755247, -1.1425001367129866</corner1><corner2>3.0182593729621763, 5.680634032755247, 1.1425001367129866</corner2></bounds><pose><translation>1.3045260535255776, 1.7267567560464117, 0.0</translation><rotation><c1>0, 0, 0</c1><c2>0, 0, 0</c2><c3>0, 0, 0</c3></rotation></pose><symmetry><x>twoFold</x><y>cylindrical</y><z>twoFold</z></symmetry><detectionScore>-1.0</detectionScore></element><element><id>10</id><category>kitchen_cabinet</category><bounds><corner1>-0.136084691708398, -0.9045344252264662, -0.6521834689612735</corner1><corner2>0.136084691708398, 0.9045344252264662, 0.6521834689612735</corner2></bounds><pose><translation>3.759503805859821, -1.9914251894874806, -1.1325226481180153</translation><rotation><c1>0, 0, 0</c1><c2>0, 0, 0</c2><c3>0, 0, 0</c3></rotation></pose><symmetry><x>twoFold</x><y>cylindrical</y><z>twoFold</z></symmetry><detectionScore>-1.0</detectionScore></element><element><id>11</id><category>desk</category><bounds><corner1>-0.19270969958826045, -0.644485599510786, -0.840517408563082</corner1><corner2>0.19270969958826045, 0.644485599510786, 0.840517408563082</corner2></bounds><pose><translation>3.742319221887532, -0.5586090636640866, -1.0854213037469589</translation><rotation><c1>0, 0, 0</c1><c2>0, 0, 0</c2><c3>0, 0, 0</c3></rotation></pose><symmetry><x>twoFold</x><y>cylindrical</y><z>twoFold</z></symmetry><detectionScore>-1.0</detectionScore></element><element><id>12</id><category>plant</category><bounds><corner1>-3.5771509834942754, -10.383402709623343, -1.3169566281364724</corner1><corner2>3.5771509834942754, 10.383402709623343, 1.3169566281364724</corner2></bounds><pose><translation>0.8116314909537724, 1.8017410017353512, -0.2722683198979645</translation><rotation><c1>0, 0, 0</c1><c2>0, 0, 0</c2><c3>0, 0, 0</c3></rotation></pose><symmetry><x>twoFold</x><y>cylindrical</y><z>twoFold</z></symmetry><detectionScore>-1.0</detectionScore></element><element><id>13</id><category>car</category><bounds><corner1>-4.011923120363821, -5.393957737117608, -0.46025343022455356</corner1><corner2>4.011923120363821, 5.393957737117608, 0.46025343022455356</corner2></bounds><pose><translation>0.1677560719030454, 2.092483932051291, -0.46025343022455356</translation><rotation><c1>0, 0, 0</c1><c2>0, 0, 0</c2><c3>0, 0, 0</c3></rotation></pose><symmetry><x>twoFold</x><y>cylindrical</y><z>twoFold</z></symmetry><detectionScore>-1.0</detectionScore></element><element><id>14</id><category>garage_door</category><bounds><corner1>-3.0678900844112382, -5.990902130157179, -1.605049333160249</corner1><corner2>3.0678900844112382, 5.990902130157179, 1.605049333160249</corner2></bounds><pose><translation>1.0394074943178906, 1.7613316148705083, -0.2538051216921048</translation><rotation><c1>0, 0, 0</c1><c2>0, 0, 0</c2><c3>0, 0, 0</c3></rotation></pose><symmetry><x>twoFold</x><y>cylindrical</y><z>twoFold</z></symmetry><detectionScore>-1.0</detectionScore></element><element><id>15</id><category>motorcycle</category><bounds><corner1>-3.9391571018993083, -5.544014262961868, -0.2716776264047961</corner1><corner2>3.9391571018993083, 5.544014262961868, 0.2716776264047961</corner2></bounds><pose><translation>0.17613885228337553, 1.8864893916541075, -0.5145495867990582</translation><rotation><c1>0, 0, 0</c1><c2>0, 0, 0</c2><c3>0, 0, 0</c3></rotation></pose><symmetry><x>twoFold</x><y>cylindrical</y><z>twoFold</z></symmetry><detectionScore>-1.0</detectionScore></element><element><id>16</id><category>wall</category><bounds><corner1>-3.993162783254552, -6.184184231815575, -1.4295858776113413</corner1><corner2>3.993162783254552, 6.184184231815575, 1.4295858776113413</corner2></bounds><pose><translation>0.0, 5.603696065966421, -0.15558770354386972</translation><rotation><c1>0, 0, 0</c1><c2>0, 0, 0</c2><c3>0, 0, 0</c3></rotation></pose><symmetry><x>twoFold</x><y>cylindrical</y><z>twoFold</z></symmetry><detectionScore>-1.0</detectionScore></element></elements></scene>