<?xml version='1.0' encoding='utf-8'?>
<scene xmlns:sumo="https://www.sumochallenge.org"><version>2.0</version><categories><id>fb_categories_v1.0</id><url>https://sumochallenge.org/en/categories-1_0.json</url></categories><project_type>bounding_box</project_type><elements><element><id>4</id><category>armchair</category><bounds><corner1>-0.03010082, -0.34485141, -0.57264452</corner1><corner2>0.03010082, 0.34485141, 0.57264452</corner2></bounds><pose><translation>-1.40706054, -0.80629673,  0.62109086</translation><rotation><c1>1., 0., 0.</c1><c2>0., 1., 0.</c2><c3>0., 0., 1.</c3></rotation></pose><symmetry><x>none</x><y>none</y><z>none</z></symmetry><detectionScore>0.94647586</detectionScore></element><element><id>1</id><category>window</category><bounds><corner1>-0.65818078, -0.66557361, -0.08114901</corner1><corner2>0.65818078, 0.66557361, 0.08114901</corner2></bounds><pose><translation> 0.51192002,  0.16267394, -3.86890151</translation><rotation><c1>1., 0., 0.</c1><c2>0., 1., 0.</c2><c3>0., 0., 1.</c3></rotation></pose><symmetry><x>none</x><y>twoFold</y><z>none</z></symmetry><detectionScore>0.997251</detectionScore></element><element><id>5</id><category>armchair</category><bounds><corner1>-0.29787122, -0.4472301 , -0.44985324</corner1><corner2>0.29787122, 0.4472301 , 0.44985324</corner2></bounds><pose><translation>-2.35492578, -0.84497849, -0.51464687</translation><rotation><c1>1., 0., 0.</c1><c2>0., 1., 0.</c2><c3>0., 0., 1.</c3></rotation></pose><symmetry><x>none</x><y>none</y><z>none</z></symmetry><detectionScore>0.99342597</detectionScore></element><element><id>10</id><category>window</category><bounds><corner1>-1.15623273, -0.60789782, -0.08872935</corner1><corner2>1.15623273, 0.60789782, 0.08872935</corner2></bounds><pose><translation> 6.28002122,  0.10505675, -3.84919719</translation><rotation><c1>1., 0., 0.</c1><c2>0., 1., 0.</c2><c3>0., 0., 1.</c3></rotation></pose><symmetry><x>none</x><y>twoFold</y><z>none</z></symmetry><detectionScore>0.54019445</detectionScore></element><element><id>3</id><category>wall</category><bounds><corner1>-2.0907191 , -1.29754523, -2.66319548</corner1><corner2>2.0907191 , 1.29754523, 2.66319548</corner2></bounds><pose><translation> 9.66411173, -0.01070205, -1.94788321</translation><rotation><c1>1., 0., 0.</c1><c2>0., 1., 0.</c2><c3>0., 0., 1.</c3></rotation></pose><symmetry><x>none</x><y>twoFold</y><z>none</z></symmetry><detectionScore>0.8998112</detectionScore></element><element><id>2</id><category>window</category><bounds><corner1>-0.08927803, -0.64753963, -0.97658326</corner1><corner2>0.08927803, 0.64753963, 0.97658326</corner2></bounds><pose><translation>-3.41497115,  0.18931713, -1.55305558</translation><rotation><c1>1., 0., 0.</c1><c2>0., 1., 0.</c2><c3>0., 0., 1.</c3></rotation></pose><symmetry><x>none</x><y>twoFold</y><z>none</z></symmetry><detectionScore>0.9993062</detectionScore></element><element><id>7</id><category>wall</category><bounds><corner1>-2.28704722, -1.24484992, -0.17629922</corner1><corner2>2.28704722, 1.24484992, 0.17629922</corner2></bounds><pose><translation>-0.63697   ,  0.02590964, -3.81418836</translation><rotation><c1>1., 0., 0.</c1><c2>0., 1., 0.</c2><c3>0., 0., 1.</c3></rotation></pose><symmetry><x>none</x><y>twoFold</y><z>none</z></symmetry><detectionScore>0.59952885</detectionScore></element><element><id>9</id><category>picture_frame</category><bounds><corner1>-1.13491775, -0.97206597, -0.03294278</corner1><corner2>1.13491775, 0.97206597, 0.03294278</corner2></bounds><pose><translation>2.69991517, 0.30981103, 1.16325338</translation><rotation><c1>1., 0., 0.</c1><c2>0., 1., 0.</c2><c3>0., 0., 1.</c3></rotation></pose><symmetry><x>none</x><y>fourFold</y><z>none</z></symmetry><detectionScore>0.6602992</detectionScore></element><element><id>8</id><category>picture_frame</category><bounds><corner1>-0.44013101, -0.4316589 , -0.06367279</corner1><corner2>0.44013101, 0.4316589 , 0.06367279</corner2></bounds><pose><translation> 2.57372639,  0.18754484, -3.79675422</translation><rotation><c1>1., 0., 0.</c1><c2>0., 1., 0.</c2><c3>0., 0., 1.</c3></rotation></pose><symmetry><x>none</x><y>fourFold</y><z>none</z></symmetry><detectionScore>0.99482733</detectionScore></element><element><id>6</id><category>door</category><bounds><corner1>-0.67863508, -1.01408293, -0.19267163</corner1><corner2>0.67863508, 1.01408293, 0.19267163</corner2></bounds><pose><translation>-2.07876065, -0.33461034, -3.93454022</translation><rotation><c1>1., 0., 0.</c1><c2>0., 1., 0.</c2><c3>0., 0., 1.</c3></rotation></pose><symmetry><x>twoFold</x><y>twoFold</y><z>twoFold</z></symmetry><detectionScore>0.9826041</detectionScore></element></elements></scene>