<?xml version='1.0' encoding='utf-8'?>
<scene xmlns:sumo="https://www.sumochallenge.org"><version>2.0</version><categories><id>fb_categories_v1.0</id><url>https://sumochallenge.org/en/categories-1_0.json</url></categories><project_type>bounding_box</project_type><elements><element><id>7</id><category>door</category><bounds><corner1>-3.78758955, -0.97883168, -0.4731061 </corner1><corner2>3.78758955, 0.97883168, 0.4731061 </corner2></bounds><pose><translation> 2.88594986, -0.36673465, -0.47892143</translation><rotation><c1>1., 0., 0.</c1><c2>0., 1., 0.</c2><c3>0., 0., 1.</c3></rotation></pose><symmetry><x>none</x><y>none</y><z>none</z></symmetry><detectionScore>-1</detectionScore></element><element><id>4</id><category>wall</category><bounds><corner1>-3.84486576, -0.67117595, -0.45696651</corner1><corner2>3.84486576, 0.67117595, 0.45696651</corner2></bounds><pose><translation> 2.86513947, -0.01412878, -1.28662942</translation><rotation><c1>1., 0., 0.</c1><c2>0., 1., 0.</c2><c3>0., 0., 1.</c3></rotation></pose><symmetry><x>none</x><y>none</y><z>none</z></symmetry><detectionScore>-1</detectionScore></element><element><id>2</id><category>wall</category><bounds><corner1>-0.64040548, -0.32959343, -3.50799022</corner1><corner2>0.64040548, 0.32959343, 3.50799022</corner2></bounds><pose><translation> 0.2725702 , -0.02065755,  1.09003137</translation><rotation><c1>1., 0., 0.</c1><c2>0., 1., 0.</c2><c3>0., 0., 1.</c3></rotation></pose><symmetry><x>none</x><y>none</y><z>none</z></symmetry><detectionScore>-1</detectionScore></element><element><id>5</id><category>single_bed</category><bounds><corner1>-0.72799959, -0.42451868, -0.64697513</corner1><corner2>0.72799959, 0.42451868, 0.64697513</corner2></bounds><pose><translation>-0.11247451, -0.99190772, -1.97193457</translation><rotation><c1>1., 0., 0.</c1><c2>0., 1., 0.</c2><c3>0., 0., 1.</c3></rotation></pose><symmetry><x>none</x><y>none</y><z>none</z></symmetry><detectionScore>-1</detectionScore></element><element><id>12</id><category>laptop</category><bounds><corner1>-0.54056183, -0.17938799, -0.3591456 </corner1><corner2>0.54056183, 0.17938799, 0.3591456 </corner2></bounds><pose><translation> 1.41450762, -0.68636192,  0.77221663</translation><rotation><c1>1., 0., 0.</c1><c2>0., 1., 0.</c2><c3>0., 0., 1.</c3></rotation></pose><symmetry><x>none</x><y>none</y><z>none</z></symmetry><detectionScore>-1</detectionScore></element><element><id>11</id><category>ottoman</category><bounds><corner1>-0.46465554, -0.56629732, -0.4360565 </corner1><corner2>0.46465554, 0.56629732, 0.4360565 </corner2></bounds><pose><translation> 2.08963891, -1.37094784, -3.07591814</translation><rotation><c1>1., 0., 0.</c1><c2>0., 1., 0.</c2><c3>0., 0., 1.</c3></rotation></pose><symmetry><x>none</x><y>none</y><z>none</z></symmetry><detectionScore>-1</detectionScore></element><element><id>10</id><category>mirror</category><bounds><corner1>-0.10605843, -0.4999713 , -0.31801416</corner1><corner2>0.10605843, 0.4999713 , 0.31801416</corner2></bounds><pose><translation>-0.48938864, -0.51004079, -1.24204125</translation><rotation><c1>1., 0., 0.</c1><c2>0., 1., 0.</c2><c3>0., 0., 1.</c3></rotation></pose><symmetry><x>none</x><y>none</y><z>none</z></symmetry><detectionScore>-1</detectionScore></element><element><id>6</id><category>wall</category><bounds><corner1>-0.63509126, -1.08635036, -1.82597349</corner1><corner2>0.63509126, 1.08635036, 1.82597349</corner2></bounds><pose><translation> 2.86277904, -0.06324841, -0.82043979</translation><rotation><c1>1., 0., 0.</c1><c2>0., 1., 0.</c2><c3>0., 0., 1.</c3></rotation></pose><symmetry><x>none</x><y>none</y><z>none</z></symmetry><detectionScore>-1</detectionScore></element><element><id>13</id><category>person</category><bounds><corner1>-1.9792538 , -0.5307878 , -0.75562344</corner1><corner2>1.9792538 , 0.5307878 , 0.75562344</corner2></bounds><pose><translation> 1.2610018 , -0.64081152,  0.24181978</translation><rotation><c1>1., 0., 0.</c1><c2>0., 1., 0.</c2><c3>0., 0., 1.</c3></rotation></pose><symmetry><x>none</x><y>none</y><z>none</z></symmetry><detectionScore>-1</detectionScore></element><element><id>3</id><category>wall</category><bounds><corner1>-1.62166977, -1.24428187, -0.9166324 </corner1><corner2>1.62166977, 1.24428187, 0.9166324 </corner2></bounds><pose><translation> 0.94383797, -0.13636888, -3.99451927</translation><rotation><c1>1., 0., 0.</c1><c2>0., 1., 0.</c2><c3>0., 0., 1.</c3></rotation></pose><symmetry><x>none</x><y>none</y><z>none</z></symmetry><detectionScore>-1</detectionScore></element><element><id>8</id><category>toy</category><bounds><corner1>-0.97524251, -1.1431717 , -1.44536962</corner1><corner2>0.97524251, 1.1431717 , 1.44536962</corner2></bounds><pose><translation> 1.20804213, -1.37220563, -3.64427537</translation><rotation><c1>1., 0., 0.</c1><c2>0., 1., 0.</c2><c3>0., 0., 1.</c3></rotation></pose><symmetry><x>none</x><y>none</y><z>none</z></symmetry><detectionScore>-1</detectionScore></element><element><id>1</id><category>door</category><bounds><corner1>-0.6202161 , -0.84565414, -0.16196903</corner1><corner2>0.6202161 , 0.84565414, 0.16196903</corner2></bounds><pose><translation>-0.10669288, -0.03096032,  1.10498728</translation><rotation><c1>1., 0., 0.</c1><c2>0., 1., 0.</c2><c3>0., 0., 1.</c3></rotation></pose><symmetry><x>none</x><y>none</y><z>none</z></symmetry><detectionScore>-1</detectionScore></element></elements></scene>