<?xml version='1.0' encoding='utf-8'?>
<scene xmlns:sumo="https://www.sumochallenge.org"><version>2.0</version><categories><id>fb_categories_v1_0</id><url>https://sumochallenge.org/en/categories-1_0.json</url></categories><project_type>bounding_box</project_type><elements><element><id>0</id><category>kitchen_cabinet</category><bounds><corner1>-0.16434469913123628, -1.1283384491219866, -1.0229669970921962</corner1><corner2>0.16434469913123628, 1.1283384491219866, 1.0229669970921962</corner2></bounds><pose><translation>-7.392003709678308, -1.8734375208749718, -0.22275056287808423</translation><rotation><c1>0, 0, 0</c1><c2>0, 0, 0</c2><c3>0, 0, 0</c3></rotation></pose><symmetry><x>twoFold</x><y>cylindrical</y><z>twoFold</z></symmetry><detectionScore>-1.0</detectionScore></element><element><id>1</id><category>shelving</category><bounds><corner1>-0.16353275416986524, -1.1342929371803017, -0.8836730917044078</corner1><corner2>0.16353275416986524, 1.1342929371803017, 0.8836730917044078</corner2></bounds><pose><translation>-7.3985165829084645, -1.9078466840613282, -0.07847367896112006</translation><rotation><c1>0, 0, 0</c1><c2>0, 0, 0</c2><c3>0, 0, 0</c3></rotation></pose><symmetry><x>twoFold</x><y>cylindrical</y><z>twoFold</z></symmetry><detectionScore>-1.0</detectionScore></element><element><id>2</id><category>wall</category><bounds><corner1>-7.352529076345842, -3.5506064692411496, -1.2656395782047851</corner1><corner2>7.352529076345842, 3.5506064692411496, 1.2656395782047851</corner2></bounds><pose><translation>-7.352529076345842, 0.0, -0.050204948526706185</translation><rotation><c1>0, 0, 0</c1><c2>0, 0, 0</c2><c3>0, 0, 0</c3></rotation></pose><symmetry><x>twoFold</x><y>cylindrical</y><z>twoFold</z></symmetry><detectionScore>-1.0</detectionScore></element><element><id>3</id><category>door</category><bounds><corner1>-0.2970099443044836, -0.8409664292058554, -1.583806604289098</corner1><corner2>0.2970099443044836, 0.8409664292058554, 1.583806604289098</corner2></bounds><pose><translation>3.481510231411425, -1.1815491414411596, -0.6193653727857605</translation><rotation><c1>0, 0, 0</c1><c2>0, 0, 0</c2><c3>0, 0, 0</c3></rotation></pose><symmetry><x>twoFold</x><y>cylindrical</y><z>twoFold</z></symmetry><detectionScore>-1.0</detectionScore></element><element><id>4</id><category>chair</category><bounds><corner1>-0.12493330568080019, -0.06267041863288947, -0.44492212699524275</corner1><corner2>0.12493330568080019, 0.06267041863288947, 0.44492212699524275</corner2></bounds><pose><translation>-2.4851510541705233, 3.7073740005329103, -0.7195986540912829</translation><rotation><c1>0, 0, 0</c1><c2>0, 0, 0</c2><c3>0, 0, 0</c3></rotation></pose><symmetry><x>twoFold</x><y>cylindrical</y><z>twoFold</z></symmetry><detectionScore>-1.0</detectionScore></element><element><id>5</id><category>wall</category><bounds><corner1>-0.13291871446876558, -2.1351456292164737, -1.576568162172046</corner1><corner2>0.13291871446876558, 2.1351456292164737, 1.576568162172046</corner2></bounds><pose><translation>3.527250488164884, -5.581845350259773, -0.2771285855517958</translation><rotation><c1>0, 0, 0</c1><c2>0, 0, 0</c2><c3>0, 0, 0</c3></rotation></pose><symmetry><x>twoFold</x><y>cylindrical</y><z>twoFold</z></symmetry><detectionScore>-1.0</detectionScore></element><element><id>6</id><category>partition</category><bounds><corner1>-2.1405320111786343, -0.08913490368793031, -1.204417012843359</corner1><corner2>2.1405320111786343, 0.08913490368793031, 1.204417012843359</corner2></bounds><pose><translation>-1.020540933216261, 3.761964436599655, 0.0183965638503376</translation><rotation><c1>0, 0, 0</c1><c2>0, 0, 0</c2><c3>0, 0, 0</c3></rotation></pose><symmetry><x>twoFold</x><y>cylindrical</y><z>twoFold</z></symmetry><detectionScore>-1.0</detectionScore></element><element><id>7</id><category>window</category><bounds><corner1>-0.1566971905171579, -0.8398740312192849, -0.7782971681340596</corner1><corner2>0.1566971905171579, 0.8398740312192849, 0.7782971681340596</corner2></bounds><pose><translation>-7.296447737754416, -6.3848352998278015, -0.007236627058839726</translation><rotation><c1>0, 0, 0</c1><c2>0, 0, 0</c2><c3>0, 0, 0</c3></rotation></pose><symmetry><x>twoFold</x><y>cylindrical</y><z>twoFold</z></symmetry><detectionScore>-1.0</detectionScore></element><element><id>8</id><category>window</category><bounds><corner1>-0.6093971718852829, -0.07897936091341551, -0.7595633441648886</corner1><corner2>0.6093971718852829, 0.07897936091341551, 0.7595633441648886</corner2></bounds><pose><translation>2.7669093811747048, 3.7011871995962498, 0.0540907840314889</translation><rotation><c1>0, 0, 0</c1><c2>0, 0, 0</c2><c3>0, 0, 0</c3></rotation></pose><symmetry><x>twoFold</x><y>cylindrical</y><z>twoFold</z></symmetry><detectionScore>-1.0</detectionScore></element><element><id>9</id><category>wall</category><bounds><corner1>-0.9382706498720745, -0.0912053868440541, -1.4042981355723163</corner1><corner2>0.9382706498720745, 0.0912053868440541, 1.4042981355723163</corner2></bounds><pose><translation>2.5859286023041874, 3.7058100337018964, -0.10580793926378518</translation><rotation><c1>0, 0, 0</c1><c2>0, 0, 0</c2><c3>0, 0, 0</c3></rotation></pose><symmetry><x>twoFold</x><y>cylindrical</y><z>twoFold</z></symmetry><detectionScore>-1.0</detectionScore></element><element><id>10</id><category>refrigerator</category><bounds><corner1>-1.6595213618289306, -0.1108552551075741, -0.7871465929877494</corner1><corner2>1.6595213618289306, 0.1108552551075741, 0.7871465929877494</corner2></bounds><pose><translation>-5.001813434741645, 3.547909007399461, -0.47100286980523676</translation><rotation><c1>0, 0, 0</c1><c2>0, 0, 0</c2><c3>0, 0, 0</c3></rotation></pose><symmetry><x>twoFold</x><y>cylindrical</y><z>twoFold</z></symmetry><detectionScore>-1.0</detectionScore></element><element><id>11</id><category>partition</category><bounds><corner1>-1.8167553084232462, -0.10471285993737212, -0.9883013857333023</corner1><corner2>1.8167553084232462, 0.10471285993737212, 0.9883013857333023</corner2></bounds><pose><translation>-5.034436605941095, 3.554466748417461, -0.3396607262632619</translation><rotation><c1>0, 0, 0</c1><c2>0, 0, 0</c2><c3>0, 0, 0</c3></rotation></pose><symmetry><x>twoFold</x><y>cylindrical</y><z>twoFold</z></symmetry><detectionScore>-1.0</detectionScore></element><element><id>12</id><category>kitchen_cabinet</category><bounds><corner1>-0.9726923596690804, -0.09655460781015268, -0.8080675911868832</corner1><corner2>0.9726923596690804, 0.09655460781015268, 0.8080675911868832</corner2></bounds><pose><translation>-2.042561908831969, 3.729974643775687, -0.24796636013085435</translation><rotation><c1>0, 0, 0</c1><c2>0, 0, 0</c2><c3>0, 0, 0</c3></rotation></pose><symmetry><x>twoFold</x><y>cylindrical</y><z>twoFold</z></symmetry><detectionScore>-1.0</detectionScore></element><element><id>13</id><category>kitchen_cabinet</category><bounds><corner1>-0.16544120769735837, -1.4207733637278808, -1.0070297475610432</corner1><corner2>0.16544120769735837, 1.4207733637278808, 1.0070297475610432</corner2></bounds><pose><translation>-7.3461190985169535, -3.9312570525296513, -0.23565364086858676</translation><rotation><c1>0, 0, 0</c1><c2>0, 0, 0</c2><c3>0, 0, 0</c3></rotation></pose><symmetry><x>twoFold</x><y>cylindrical</y><z>twoFold</z></symmetry><detectionScore>-1.0</detectionScore></element><element><id>14</id><category>window</category><bounds><corner1>-0.09227654561966192, -0.9671525062723241, -0.9258655457548803</corner1><corner2>0.09227654561966192, 0.9671525062723241, 0.9258655457548803</corner2></bounds><pose><translation>3.5905341195652323, -5.287128383322711, 0.08089009484158577</translation><rotation><c1>0, 0, 0</c1><c2>0, 0, 0</c2><c3>0, 0, 0</c3></rotation></pose><symmetry><x>twoFold</x><y>cylindrical</y><z>twoFold</z></symmetry><detectionScore>-1.0</detectionScore></element><element><id>15</id><category>window</category><bounds><corner1>-0.10177472029031875, -1.1021317728871263, -0.7946740393900983</corner1><corner2>0.10177472029031875, 1.1021317728871263, 0.7946740393900983</corner2></bounds><pose><translation>3.7328785086052987, 2.4376623100590398, 0.07025853144277572</translation><rotation><c1>0, 0, 0</c1><c2>0, 0, 0</c2><c3>0, 0, 0</c3></rotation></pose><symmetry><x>twoFold</x><y>cylindrical</y><z>twoFold</z></symmetry><detectionScore>-1.0</detectionScore></element><element><id>16</id><category>wall</category><bounds><corner1>-3.4186069141772553, -3.7045418660273626, -1.4078413881896419</corner1><corner2>3.4186069141772553, 3.7045418660273626, 1.4078413881896419</corner2></bounds><pose><translation>-5.695766907783961, -8.216043456429254, -0.15673325525740947</translation><rotation><c1>0, 0, 0</c1><c2>0, 0, 0</c2><c3>0, 0, 0</c3></rotation></pose><symmetry><x>twoFold</x><y>cylindrical</y><z>twoFold</z></symmetry><detectionScore>-1.0</detectionScore></element><element><id>17</id><category>table_and_chair</category><bounds><corner1>-0.8459200353053293, -0.08298763249171559, -0.5309770527973273</corner1><corner2>0.8459200353053293, 0.08298763249171559, 0.5309770527973273</corner2></bounds><pose><translation>1.5497681013497489, 3.7556928559034275, -0.7095253693843139</translation><rotation><c1>0, 0, 0</c1><c2>0, 0, 0</c2><c3>0, 0, 0</c3></rotation></pose><symmetry><x>twoFold</x><y>cylindrical</y><z>twoFold</z></symmetry><detectionScore>-1.0</detectionScore></element><element><id>18</id><category>door</category><bounds><corner1>-3.0148061283184893, -1.1241029530466433, -1.5688789216269647</corner1><corner2>3.0148061283184893, 1.1241029530466433, 1.5688789216269647</corner2></bounds><pose><translation>3.624474026693254, 0.18176935046396098, -0.5681880046428373</translation><rotation><c1>0, 0, 0</c1><c2>0, 0, 0</c2><c3>0, 0, 0</c3></rotation></pose><symmetry><x>twoFold</x><y>cylindrical</y><z>twoFold</z></symmetry><detectionScore>-1.0</detectionScore></element><element><id>19</id><category>wall</category><bounds><corner1>-4.816081239340196, -5.431605886978815, -1.3059662997560828</corner1><corner2>4.816081239340196, 5.431605886978815, 1.3059662997560828</corner2></bounds><pose><translation>-1.7817719542452952, -9.166646491110665, -0.048371987847243406</translation><rotation><c1>0, 0, 0</c1><c2>0, 0, 0</c2><c3>0, 0, 0</c3></rotation></pose><symmetry><x>twoFold</x><y>cylindrical</y><z>twoFold</z></symmetry><detectionScore>-1.0</detectionScore></element><element><id>20</id><category>dining_table</category><bounds><corner1>-1.5817395710390927, -1.443825745985436, -0.642735356540711</corner1><corner2>1.5817395710390927, 1.443825745985436, 0.642735356540711</corner2></bounds><pose><translation>-4.006780720335212, 2.175533641495681, -1.3615873395366545</translation><rotation><c1>0, 0, 0</c1><c2>0, 0, 0</c2><c3>0, 0, 0</c3></rotation></pose><symmetry><x>twoFold</x><y>cylindrical</y><z>twoFold</z></symmetry><detectionScore>-1.0</detectionScore></element><element><id>21</id><category>desk</category><bounds><corner1>-1.5183763412917184, -1.443692536685147, -0.7423893168410409</corner1><corner2>1.5183763412917184, 1.443692536685147, 0.7423893168410409</corner2></bounds><pose><translation>-3.9667753218168764, 2.1713101812217657, -1.4824745367667576</translation><rotation><c1>0, 0, 0</c1><c2>0, 0, 0</c2><c3>0, 0, 0</c3></rotation></pose><symmetry><x>twoFold</x><y>cylindrical</y><z>twoFold</z></symmetry><detectionScore>-1.0</detectionScore></element><element><id>22</id><category>armchair</category><bounds><corner1>-1.816173009964126, -0.9072499631110427, -0.4046831817175498</corner1><corner2>1.816173009964126, 0.9072499631110427, 0.4046831817175498</corner2></bounds><pose><translation>-4.258355196782289, 2.7323389068031156, -0.9284757399117921</translation><rotation><c1>0, 0, 0</c1><c2>0, 0, 0</c2><c3>0, 0, 0</c3></rotation></pose><symmetry><x>twoFold</x><y>cylindrical</y><z>twoFold</z></symmetry><detectionScore>-1.0</detectionScore></element><element><id>23</id><category>sofa</category><bounds><corner1>-1.267614240560151, -0.7543555802504471, -0.5273680538815655</corner1><corner2>1.267614240560151, 0.7543555802504471, 0.5273680538815655</corner2></bounds><pose><translation>-2.203412933865281, -4.939245994201744, -1.1014278473091654</translation><rotation><c1>0, 0, 0</c1><c2>0, 0, 0</c2><c3>0, 0, 0</c3></rotation></pose><symmetry><x>twoFold</x><y>cylindrical</y><z>twoFold</z></symmetry><detectionScore>-1.0</detectionScore></element><element><id>24</id><category>door</category><bounds><corner1>-0.7193873123784604, -0.07274641857667996, -1.1851252667656642</corner1><corner2>0.7193873123784604, 0.07274641857667996, 1.1851252667656642</corner2></bounds><pose><translation>-0.8835236040314763, 3.7771863780477704, 0.11466939506003844</translation><rotation><c1>0, 0, 0</c1><c2>0, 0, 0</c2><c3>0, 0, 0</c3></rotation></pose><symmetry><x>twoFold</x><y>cylindrical</y><z>twoFold</z></symmetry><detectionScore>-1.0</detectionScore></element><element><id>25</id><category>wall</category><bounds><corner1>-1.3397475314846825, -0.06783500674824383, -0.6137665114389689</corner1><corner2>1.3397475314846825, 0.06783500674824383, 0.6137665114389689</corner2></bounds><pose><translation>0.23625784759905755, 3.7900583136342703, -0.025940147876833894</translation><rotation><c1>0, 0, 0</c1><c2>0, 0, 0</c2><c3>0, 0, 0</c3></rotation></pose><symmetry><x>twoFold</x><y>cylindrical</y><z>twoFold</z></symmetry><detectionScore>-1.0</detectionScore></element><element><id>26</id><category>window</category><bounds><corner1>-0.1593565065793765, -1.3719513279796338, -0.7840743083319651</corner1><corner2>0.1593565065793765, 1.3719513279796338, 0.7840743083319651</corner2></bounds><pose><translation>-7.3582054707381355, -3.942100615358064, -0.007156461606661932</translation><rotation><c1>0, 0, 0</c1><c2>0, 0, 0</c2><c3>0, 0, 0</c3></rotation></pose><symmetry><x>twoFold</x><y>cylindrical</y><z>twoFold</z></symmetry><detectionScore>-1.0</detectionScore></element><element><id>27</id><category>partition</category><bounds><corner1>-0.6421828953957074, -0.07588447059897607, -0.7386676584518395</corner1><corner2>0.6421828953957074, 0.07588447059897607, 0.7386676584518395</corner2></bounds><pose><translation>-4.285761539103111, 3.6151639152363058, -0.253430575003759</translation><rotation><c1>0, 0, 0</c1><c2>0, 0, 0</c2><c3>0, 0, 0</c3></rotation></pose><symmetry><x>twoFold</x><y>cylindrical</y><z>twoFold</z></symmetry><detectionScore>-1.0</detectionScore></element><element><id>28</id><category>office_chair</category><bounds><corner1>-0.8050846875797735, -1.3485571231546465, -0.7646121069293523</corner1><corner2>0.8050846875797735, 1.3485571231546465, 0.7646121069293523</corner2></bounds><pose><translation>-4.279083325896526, 1.1449119519102688, -1.3690454657706534</translation><rotation><c1>0, 0, 0</c1><c2>0, 0, 0</c2><c3>0, 0, 0</c3></rotation></pose><symmetry><x>twoFold</x><y>cylindrical</y><z>twoFold</z></symmetry><detectionScore>-1.0</detectionScore></element><element><id>29</id><category>chair</category><bounds><corner1>-1.6540488256812007, -1.0334765915687631, -0.3081903486539189</corner1><corner2>1.6540488256812007, 1.0334765915687631, 0.3081903486539189</corner2></bounds><pose><translation>-4.192988891907523, 2.5757102232112405, -0.9376587815462328</translation><rotation><c1>0, 0, 0</c1><c2>0, 0, 0</c2><c3>0, 0, 0</c3></rotation></pose><symmetry><x>twoFold</x><y>cylindrical</y><z>twoFold</z></symmetry><detectionScore>-1.0</detectionScore></element><element><id>30</id><category>chandelier</category><bounds><corner1>-0.5961738345860723, -0.44378454573468984, -0.08048681043372019</corner1><corner2>0.5961738345860723, 0.44378454573468984, 0.08048681043372019</corner2></bounds><pose><translation>-2.0626382230153575, -2.683129065771421, 1.3446515369068623</translation><rotation><c1>0, 0, 0</c1><c2>0, 0, 0</c2><c3>0, 0, 0</c3></rotation></pose><symmetry><x>twoFold</x><y>cylindrical</y><z>twoFold</z></symmetry><detectionScore>-1.0</detectionScore></element><element><id>31</id><category>stairs</category><bounds><corner1>-2.496993301047993, -1.7948639273685778, -0.6647574508503061</corner1><corner2>2.496993301047993, 1.7948639273685778, 0.6647574508503061</corner2></bounds><pose><translation>1.0462063086394457, -3.9099283469387247, 0.8071783196264487</translation><rotation><c1>0, 0, 0</c1><c2>0, 0, 0</c2><c3>0, 0, 0</c3></rotation></pose><symmetry><x>twoFold</x><y>cylindrical</y><z>twoFold</z></symmetry><detectionScore>-1.0</detectionScore></element><element><id>32</id><category>office_chair</category><bounds><corner1>-1.8143449070034094, -0.8298313383199623, -0.4039226361638216</corner1><corner2>1.8143449070034094, 0.8298313383199623, 0.4039226361638216</corner2></bounds><pose><translation>-4.24813975202747, 2.810798328994549, -0.9258462720908468</translation><rotation><c1>0, 0, 0</c1><c2>0, 0, 0</c2><c3>0, 0, 0</c3></rotation></pose><symmetry><x>twoFold</x><y>cylindrical</y><z>twoFold</z></symmetry><detectionScore>-1.0</detectionScore></element><element><id>33</id><category>kitchen_cabinet</category><bounds><corner1>-3.0828070815849156, -2.4880269875418253, -1.0249318569681105</corner1><corner2>3.0828070815849156, 2.4880269875418253, 1.0249318569681105</corner2></bounds><pose><translation>-7.280215330344366, -6.175149842784836, -0.31766227845282685</translation><rotation><c1>0, 0, 0</c1><c2>0, 0, 0</c2><c3>0, 0, 0</c3></rotation></pose><symmetry><x>twoFold</x><y>cylindrical</y><z>twoFold</z></symmetry><detectionScore>-1.0</detectionScore></element><element><id>34</id><category>window</category><bounds><corner1>-0.15814287061794552, -1.107046810763217, -0.8023489261032655</corner1><corner2>0.15814287061794552, 1.107046810763217, 0.8023489261032655</corner2></bounds><pose><translation>-7.403850822751569, -1.8807093219763835, -0.02138316933513626</translation><rotation><c1>0, 0, 0</c1><c2>0, 0, 0</c2><c3>0, 0, 0</c3></rotation></pose><symmetry><x>twoFold</x><y>cylindrical</y><z>twoFold</z></symmetry><detectionScore>-1.0</detectionScore></element><element><id>35</id><category>door</category><bounds><corner1>-1.116100608286025, -0.1001837265460428, -1.307554580444534</corner1><corner2>1.116100608286025, 0.1001837265460428, 1.307554580444534</corner2></bounds><pose><translation>-2.1153274804283533, 3.723648241617784, -0.1678358830207605</translation><rotation><c1>0, 0, 0</c1><c2>0, 0, 0</c2><c3>0, 0, 0</c3></rotation></pose><symmetry><x>twoFold</x><y>cylindrical</y><z>twoFold</z></symmetry><detectionScore>-1.0</detectionScore></element><element><id>36</id><category>partition</category><bounds><corner1>-1.0328517226372078, -0.09590206127051104, -1.4091649774044965</corner1><corner2>1.0328517226372078, 0.09590206127051104, 1.4091649774044965</corner2></bounds><pose><translation>2.160181826455867, 3.7259875464300545, -0.062401313076259075</translation><rotation><c1>0, 0, 0</c1><c2>0, 0, 0</c2><c3>0, 0, 0</c3></rotation></pose><symmetry><x>twoFold</x><y>cylindrical</y><z>twoFold</z></symmetry><detectionScore>-1.0</detectionScore></element><element><id>37</id><category>fireplace</category><bounds><corner1>-3.36063751515599, -3.4466099927160894, -1.4136183121556127</corner1><corner2>3.36063751515599, 3.4466099927160894, 1.4136183121556127</corner2></bounds><pose><translation>-6.2281569719544585, -7.9471937692367804, -0.21157824369306893</translation><rotation><c1>0, 0, 0</c1><c2>0, 0, 0</c2><c3>0, 0, 0</c3></rotation></pose><symmetry><x>twoFold</x><y>cylindrical</y><z>twoFold</z></symmetry><detectionScore>-1.0</detectionScore></element><element><id>38</id><category>kitchen_cabinet</category><bounds><corner1>-0.1317636435471634, -0.06264557659339465, -0.4330267168477084</corner1><corner2>0.1317636435471634, 0.06264557659339465, 0.4330267168477084</corner2></bounds><pose><translation>-2.4923434687176895, 3.7072832722712974, -0.7076030454941395</translation><rotation><c1>0, 0, 0</c1><c2>0, 0, 0</c2><c3>0, 0, 0</c3></rotation></pose><symmetry><x>twoFold</x><y>cylindrical</y><z>twoFold</z></symmetry><detectionScore>-1.0</detectionScore></element><element><id>39</id><category>chandelier</category><bounds><corner1>-0.9827413305548403, -1.043091093374576, -0.055348738963773014</corner1><corner2>0.9827413305548403, 1.043091093374576, 0.055348738963773014</corner2></bounds><pose><translation>-5.162228293088173, 2.5533106330188287, 1.2838922305716802</translation><rotation><c1>0, 0, 0</c1><c2>0, 0, 0</c2><c3>0, 0, 0</c3></rotation></pose><symmetry><x>twoFold</x><y>cylindrical</y><z>twoFold</z></symmetry><detectionScore>-1.0</detectionScore></element><element><id>40</id><category>floor_lamp</category><bounds><corner1>-1.5970952350010492, -0.15361167908142948, -0.833372261661312</corner1><corner2>1.5970952350010492, 0.15361167908142948, 0.833372261661312</corner2></bounds><pose><translation>-4.772116903702509, 3.504866193486585, -0.6578510818299084</translation><rotation><c1>0, 0, 0</c1><c2>0, 0, 0</c2><c3>0, 0, 0</c3></rotation></pose><symmetry><x>twoFold</x><y>cylindrical</y><z>twoFold</z></symmetry><detectionScore>-1.0</detectionScore></element><element><id>41</id><category>wall</category><bounds><corner1>-0.9135732252504334, -0.09731993394336991, -0.5984123739615004</corner1><corner2>0.9135732252504334, 0.09731993394336991, 0.5984123739615004</corner2></bounds><pose><translation>-2.287524634494557, 3.7195802562608926, -0.03298066567510092</translation><rotation><c1>0, 0, 0</c1><c2>0, 0, 0</c2><c3>0, 0, 0</c3></rotation></pose><symmetry><x>twoFold</x><y>cylindrical</y><z>twoFold</z></symmetry><detectionScore>-1.0</detectionScore></element></elements></scene>