<?xml version='1.0' encoding='utf-8'?>
<scene xmlns:sumo="https://www.sumochallenge.org"><version>2.0</version><categories><id>fb_categories_v1_0</id><url>https://sumochallenge.org/en/categories-1_0.json</url></categories><project_type>bounding_box</project_type><elements><element><id>23</id><category>floor</category><bounds><corner1>-0.9300003, -0.025    , -2.5700016</corner1><corner2>0.9300003, 0.025    , 2.5699997</corner2></bounds><pose><translation>-2.4050015, -1.475    ,  1.0745014</translation><rotation><c1>1., 0., 0.</c1><c2> 0.00000000e+00,  1.00000000e+00, -2.22044605e-16</c2><c3>0.00000000e+00, 2.22044605e-16, 1.00000000e+00</c3></rotation></pose><symmetry><x>twoFold</x><y>cylindrical</y><z>twoFold</z></symmetry><detectionScore>-1.0</detectionScore></element><element><id>29</id><category>wall</category><bounds><corner1>-2.5900002 , -1.3675    , -0.02500153</corner1><corner2>2.5899982 , 1.3675    , 0.02499771</corner2></bounds><pose><translation>-1.51999939, -0.13250005,  1.07449756</translation><rotation><c1>-2.22044605e-16,  0.00000000e+00, -1.00000000e+00</c1><c2>0., 1., 0.</c2><c3> 1.00000000e+00,  0.00000000e+00, -2.22044605e-16</c3></rotation></pose><symmetry><x>none</x><y>twoFold</y><z>none</z></symmetry><detectionScore>-1.0</detectionScore></element><element><id>30</id><category>wall</category><bounds><corner1>-2.5900002 , -1.3675    , -0.02500153</corner1><corner2>2.5899982 , 1.3675    , 0.02499771</corner2></bounds><pose><translation>-1.47526062, -0.13250005,  1.07449756</translation><rotation><c1>-2.22044605e-16,  0.00000000e+00, -1.00000000e+00</c1><c2>0., 1., 0.</c2><c3> 1.00000000e+00,  0.00000000e+00, -2.22044605e-16</c3></rotation></pose><symmetry><x>none</x><y>twoFold</y><z>none</z></symmetry><detectionScore>-1.0</detectionScore></element><element><id>35</id><category>floor</category><bounds><corner1>-2.4000015, -0.025    , -2.5700016</corner1><corner2>2.3999977, 0.025    , 2.5699997</corner2></bounds><pose><translation> 0.8849994, -1.475    ,  1.0745014</translation><rotation><c1>1., 0., 0.</c1><c2> 0.00000000e+00,  1.00000000e+00, -2.22044605e-16</c2><c3>0.00000000e+00, 2.22044605e-16, 1.00000000e+00</c3></rotation></pose><symmetry><x>twoFold</x><y>cylindrical</y><z>twoFold</z></symmetry><detectionScore>-1.0</detectionScore></element><element><id>45</id><category>wall</category><bounds><corner1>-2.5900002 , -1.3675    , -0.02500153</corner1><corner2>2.5900002 , 1.3675    , 0.02499771</corner2></bounds><pose><translation>-1.47000397, -0.13250005,  1.07449756</translation><rotation><c1>-2.22044605e-16,  0.00000000e+00,  1.00000000e+00</c1><c2>0., 1., 0.</c2><c3>-1.00000000e+00,  0.00000000e+00, -2.22044605e-16</c3></rotation></pose><symmetry><x>none</x><y>twoFold</y><z>none</z></symmetry><detectionScore>-1.0</detectionScore></element><element><id>39</id><category>wall</category><bounds><corner1>-2.4199982 , -1.3675    , -0.02499962</corner1><corner2>2.420002  , 1.3675    , 0.02499962</corner2></bounds><pose><translation> 0.88499939, -0.13250005, -1.45050015</translation><rotation><c1>-1.,  0.,  0.</c1><c2>0., 1., 0.</c2><c3> 0.,  0., -1.</c3></rotation></pose><symmetry><x>none</x><y>twoFold</y><z>none</z></symmetry><detectionScore>-1.0</detectionScore></element><element><id>43</id><category>wall</category><bounds><corner1>-2.420002  , -1.3675    , -0.02499771</corner1><corner2>2.4199982 , 1.3675    , 0.02500153</corner2></bounds><pose><translation> 0.88499939, -0.13250005,  3.59949908</translation><rotation><c1>1., 0., 0.</c1><c2>0., 1., 0.</c2><c3>0., 0., 1.</c3></rotation></pose><symmetry><x>none</x><y>twoFold</y><z>none</z></symmetry><detectionScore>-1.0</detectionScore></element><element><id>41</id><category>wall</category><bounds><corner1>-2.5900002 , -1.3675    , -0.02500153</corner1><corner2>2.5899982 , 1.3675    , 0.02499771</corner2></bounds><pose><translation> 3.24000275, -0.13250005,  1.07449756</translation><rotation><c1>-2.22044605e-16,  0.00000000e+00, -1.00000000e+00</c1><c2>0., 1., 0.</c2><c3> 1.00000000e+00,  0.00000000e+00, -2.22044605e-16</c3></rotation></pose><symmetry><x>none</x><y>twoFold</y><z>none</z></symmetry><detectionScore>-1.0</detectionScore></element><element><id>46</id><category>wall</category><bounds><corner1>-2.5900002 , -1.3675    , -0.02499771</corner1><corner2>2.5900002 , 1.3675    , 0.02500153</corner2></bounds><pose><translation>-1.51473511, -0.13250005,  1.07449756</translation><rotation><c1>-2.22044605e-16,  0.00000000e+00,  1.00000000e+00</c1><c2>0., 1., 0.</c2><c3>-1.00000000e+00,  0.00000000e+00, -2.22044605e-16</c3></rotation></pose><symmetry><x>none</x><y>twoFold</y><z>none</z></symmetry><detectionScore>-1.0</detectionScore></element><element><id>37</id><category>ceiling</category><bounds><corner1>-2.4000015, -0.0250001, -2.5700016</corner1><corner2>2.3999977 , 0.02499986, 2.5699997 </corner2></bounds><pose><translation>0.88499939, 1.21500015, 1.07450137</translation><rotation><c1>1., 0., 0.</c1><c2> 0.00000000e+00,  1.00000000e+00, -2.22044605e-16</c2><c3>0.00000000e+00, 2.22044605e-16, 1.00000000e+00</c3></rotation></pose><symmetry><x>twoFold</x><y>cylindrical</y><z>twoFold</z></symmetry><detectionScore>-1.0</detectionScore></element><element><id>82</id><category>wall</category><bounds><corner1>-1.2099991 , -1.3675    , -0.02499771</corner1><corner2>1.2099991 , 1.3675    , 0.02500153</corner2></bounds><pose><translation>-4.48500336, -0.13250005,  3.60476337</translation><rotation><c1>-1.,  0.,  0.</c1><c2>0., 1., 0.</c2><c3> 0.,  0., -1.</c3></rotation></pose><symmetry><x>none</x><y>twoFold</y><z>none</z></symmetry><detectionScore>-1.0</detectionScore></element><element><id>468</id><category>door</category><bounds><corner1>-1.3000001 , -1.3250002 , -0.06750006</corner1><corner2>1.3000001 , 1.3250002 , 0.06750006</corner2></bounds><pose><translation>-1.49249791, -0.1349998 ,  1.81616626</translation><rotation><c1>-2.22044605e-16,  0.00000000e+00, -1.00000000e+00</c1><c2>0., 1., 0.</c2><c3> 1.00000000e+00,  0.00000000e+00, -1.11022302e-16</c3></rotation></pose><symmetry><x>twoFold</x><y>twoFold</y><z>twoFold</z></symmetry><detectionScore>-1.0</detectionScore></element><element><id>475</id><category>door</category><bounds><corner1>-0.7       , -1.25      , -0.36499953</corner1><corner2>0.7       , 1.25      , 0.36499956</corner2></bounds><pose><translation>-0.61500061, -0.23000004,  3.32950116</translation><rotation><c1>-1.0000000e+00,  0.0000000e+00,  1.2246468e-16</c1><c2>0., 1., 0.</c2><c3>-1.2246468e-16,  0.0000000e+00, -1.0000000e+00</c3></rotation></pose><symmetry><x>twoFold</x><y>twoFold</y><z>twoFold</z></symmetry><detectionScore>-1.0</detectionScore></element><element><id>510</id><category>door</category><bounds><corner1>-0.6       , -1.25      , -0.36499906</corner1><corner2>0.6       , 1.25      , 0.36499906</corner2></bounds><pose><translation> 3.56000322, -0.23000004,  2.72069202</translation><rotation><c1>-2.22044605e-16,  0.00000000e+00, -1.00000000e+00</c1><c2>0., 1., 0.</c2><c3> 1.00000000e+00,  0.00000000e+00, -2.22044605e-16</c3></rotation></pose><symmetry><x>twoFold</x><y>twoFold</y><z>twoFold</z></symmetry><detectionScore>-1.0</detectionScore></element><element><id>471</id><category>table_and_chair</category><bounds><corner1>-0.724852  , -0.44504952, -0.3502475 </corner1><corner2>0.724852  , 0.44504952, 0.3502475 </corner2></bounds><pose><translation>-2.84518695, -1.00517736,  2.75465643</translation><rotation><c1>0.65605902, 0.        , 0.75470959</c1><c2>0., 1., 0.</c2><c3>-0.75470959,  0.        ,  0.65605902</c3></rotation></pose><symmetry><x>none</x><y>fourFold</y><z>none</z></symmetry><detectionScore>-1.0</detectionScore></element><element><id>476</id><category>curtain</category><bounds><corner1>-1.3649999, -1.335495 , -0.115    </corner1><corner2>1.3649999, 1.335495 , 0.115    </corner2></bounds><pose><translation>-1.32499969, -0.11450501,  1.88449512</translation><rotation><c1> 2.22044605e-16,  0.00000000e+00, -1.00000000e+00</c1><c2>0., 1., 0.</c2><c3>1.00000000e+00, 0.00000000e+00, 2.22044605e-16</c3></rotation></pose><symmetry><x>none</x><y>twoFold</y><z>none</z></symmetry><detectionScore>-1.0</detectionScore></element><element><id>477</id><category>wardrobe_cabinet</category><bounds><corner1>-1.025     , -1.3250002 , -0.97999996</corner1><corner2>1.025     , 1.3250003 , 0.97999996</corner2></bounds><pose><translation>-0.36500061, -0.12499992, -0.43550267</translation><rotation><c1>1., 0., 0.</c1><c2>0., 1., 0.</c2><c3>0., 0., 1.</c3></rotation></pose><symmetry><x>twoFold</x><y>cylindrical</y><z>twoFold</z></symmetry><detectionScore>-1.0</detectionScore></element><element><id>478</id><category>double_bed</category><bounds><corner1>-1.04   , -0.72684, -1.145  </corner1><corner2>1.04   , 0.72684, 1.145  </corner2></bounds><pose><translation> 2.06499969, -0.72315991,  0.43450198</translation><rotation><c1>2.22044605e-16, 0.00000000e+00, 1.00000000e+00</c1><c2>0., 1., 0.</c2><c3>-1.00000000e+00,  0.00000000e+00,  2.22044605e-16</c3></rotation></pose><symmetry><x>none</x><y>none</y><z>none</z></symmetry><detectionScore>-1.0</detectionScore></element><element><id>479</id><category>stand</category><bounds><corner1>-0.3 , -0.32, -0.26</corner1><corner2>0.3 , 0.32, 0.26</corner2></bounds><pose><translation> 2.92500031, -1.13000003, -0.81549992</translation><rotation><c1>2.22044605e-16, 0.00000000e+00, 1.00000000e+00</c1><c2>0., 1., 0.</c2><c3>-1.00000000e+00,  0.00000000e+00,  2.22044605e-16</c3></rotation></pose><symmetry><x>none</x><y>none</y><z>twoFold</z></symmetry><detectionScore>-1.0</detectionScore></element><element><id>480</id><category>tv_stand</category><bounds><corner1>-0.8750093 , -0.39896256, -0.245     </corner1><corner2>0.8750093 , 0.39896256, 0.245     </corner2></bounds><pose><translation> 1.44501014, -1.05103743,  3.31090305</translation><rotation><c1>-1.00000000e+00,  0.00000000e+00,  1.22464707e-16</c1><c2>0., 1., 0.</c2><c3>-1.22464707e-16,  2.22044605e-16, -1.00000000e+00</c3></rotation></pose><symmetry><x>none</x><y>twoFold</y><z>none</z></symmetry><detectionScore>-1.0</detectionScore></element><element><id>481</id><category>stand</category><bounds><corner1>-0.3 , -0.32, -0.26</corner1><corner2>0.3 , 0.32, 0.26</corner2></bounds><pose><translation> 2.93499863, -1.13000003,  1.62450061</translation><rotation><c1>2.22044605e-16, 0.00000000e+00, 1.00000000e+00</c1><c2>0., 1., 0.</c2><c3>-1.00000000e+00,  0.00000000e+00,  2.22044605e-16</c3></rotation></pose><symmetry><x>none</x><y>none</y><z>twoFold</z></symmetry><detectionScore>-1.0</detectionScore></element><element><id>482</id><category>window</category><bounds><corner1>-0.39999998, -1.25      , -0.05750005</corner1><corner2>0.39999998, 1.25      , 0.05750005</corner2></bounds><pose><translation> 1.14031708, -0.15000001, -1.47299982</translation><rotation><c1>1., 0., 0.</c1><c2>0., 1., 0.</c2><c3>0., 0., 1.</c3></rotation></pose><symmetry><x>twoFold</x><y>twoFold</y><z>twoFold</z></symmetry><detectionScore>-1.0</detectionScore></element><element><id>483</id><category>curtain</category><bounds><corner1>-0.42      , -1.17      , -0.04500036</corner1><corner2>0.42      , 1.17      , 0.04500036</corner2></bounds><pose><translation> 1.14500534, -0.08000012, -1.39550039</translation><rotation><c1>1., 0., 0.</c1><c2>0., 1., 0.</c2><c3>0., 0., 1.</c3></rotation></pose><symmetry><x>none</x><y>twoFold</y><z>none</z></symmetry><detectionScore>-1.0</detectionScore></element><element><id>484</id><category>television</category><bounds><corner1>-0.64      , -0.386758  , -0.04997495</corner1><corner2>0.64      , 0.386758  , 0.04997495</corner2></bounds><pose><translation> 1.40499985, -0.26531568,  3.32452301</translation><rotation><c1>1., 0., 0.</c1><c2>0., 1., 0.</c2><c3>0., 0., 1.</c3></rotation></pose><symmetry><x>none</x><y>none</y><z>twoFold</z></symmetry><detectionScore>-1.0</detectionScore></element><element><id>485</id><category>chandelier</category><bounds><corner1>-0.19     , -0.6000999, -0.19     </corner1><corner2>0.19     , 0.6000999, 0.19     </corner2></bounds><pose><translation> 2.95499908,  0.58009996, -0.81549992</translation><rotation><c1>1., 0., 0.</c1><c2>0., 1., 0.</c2><c3>0., 0., 1.</c3></rotation></pose><symmetry><x>none</x><y>cylindrical</y><z>none</z></symmetry><detectionScore>-1.0</detectionScore></element><element><id>486</id><category>chandelier</category><bounds><corner1>-0.19     , -0.6000999, -0.19     </corner1><corner2>0.19     , 0.6000999, 0.19     </corner2></bounds><pose><translation>2.98499786, 0.58009996, 1.63449512</translation><rotation><c1>1., 0., 0.</c1><c2>0., 1., 0.</c2><c3>0., 0., 1.</c3></rotation></pose><symmetry><x>none</x><y>cylindrical</y><z>none</z></symmetry><detectionScore>-1.0</detectionScore></element><element><id>487</id><category>ottoman</category><bounds><corner1>-0.125     , -0.09138961, -0.09      </corner1><corner2>0.125    , 0.0913896, 0.09     </corner2></bounds><pose><translation> 0.83500015, -0.8986104 ,  3.30450092</translation><rotation><c1>1., 0., 0.</c1><c2>0., 1., 0.</c2><c3>0., 0., 1.</c3></rotation></pose><symmetry><x>none</x><y>fourFold</y><z>none</z></symmetry><detectionScore>-1.0</detectionScore></element><element><id>488</id><category>books</category><bounds><corner1>-0.09353985, -0.11026617, -0.1502545 </corner1><corner2>0.09353985, 0.11026616, 0.1502545 </corner2></bounds><pose><translation> 2.08474566, -0.87857322,  3.26449995</translation><rotation><c1> 2.22044605e-16,  0.00000000e+00, -1.00000000e+00</c1><c2>0., 1., 0.</c2><c3>1.00000000e+00, 0.00000000e+00, 2.22044605e-16</c3></rotation></pose><symmetry><x>twoFold</x><y>twoFold</y><z>twoFold</z></symmetry><detectionScore>-1.0</detectionScore></element><element><id>489</id><category>books</category><bounds><corner1>-0.095    , -0.11     , -0.1502545</corner1><corner2>0.095    , 0.11     , 0.1502545</corner2></bounds><pose><translation> 0.7837731 , -1.15029499,  3.31449924</translation><rotation><c1>2.22044605e-16, 0.00000000e+00, 1.00000000e+00</c1><c2> 1.00000000e+00,  0.00000000e+00, -2.22044605e-16</c2><c3>0., 1., 0.</c3></rotation></pose><symmetry><x>twoFold</x><y>twoFold</y><z>twoFold</z></symmetry><detectionScore>-1.0</detectionScore></element><element><id>490</id><category>telephone</category><bounds><corner1>-0.03    , -0.070916, -0.035   </corner1><corner2>0.03    , 0.070916, 0.035   </corner2></bounds><pose><translation> 2.95499908, -0.73908401,  1.77450214</translation><rotation><c1>2.22044605e-16, 0.00000000e+00, 1.00000000e+00</c1><c2>0., 1., 0.</c2><c3>-1.00000000e+00,  0.00000000e+00,  2.22044605e-16</c3></rotation></pose><symmetry><x>none</x><y>fourFold</y><z>none</z></symmetry><detectionScore>-1.0</detectionScore></element><element><id>491</id><category>camera</category><bounds><corner1>-0.07     , -0.0546445, -0.07     </corner1><corner2>0.07     , 0.0546445, 0.07     </corner2></bounds><pose><translation> 1.245     , -1.2459048 ,  3.28450046</translation><rotation><c1>-1.00000000e+00,  0.00000000e+00, -1.22464685e-16</c1><c2>0., 1., 0.</c2><c3> 1.22464685e-16,  0.00000000e+00, -1.00000000e+00</c3></rotation></pose><symmetry><x>none</x><y>none</y><z>none</z></symmetry><detectionScore>-1.0</detectionScore></element><element><id>492</id><category>headphones_on_stand</category><bounds><corner1>-0.095   , -0.116733, -0.05    </corner1><corner2>0.095   , 0.116733, 0.05    </corner2></bounds><pose><translation> 1.22499954, -0.87326701,  3.29449878</translation><rotation><c1>1., 0., 0.</c1><c2>0., 1., 0.</c2><c3>0., 0., 1.</c3></rotation></pose><symmetry><x>none</x><y>twoFold</y><z>none</z></symmetry><detectionScore>-1.0</detectionScore></element><element><id>493</id><category>vase</category><bounds><corner1>-0.09961815, -0.12      , -0.0996182 </corner1><corner2>0.09961815, 0.12      , 0.0996182 </corner2></bounds><pose><translation> 1.61499888, -0.86883862,  3.25449786</translation><rotation><c1>1., 0., 0.</c1><c2>0., 1., 0.</c2><c3>0., 0., 1.</c3></rotation></pose><symmetry><x>none</x><y>cylindrical</y><z>none</z></symmetry><detectionScore>-1.0</detectionScore></element><element><id>494</id><category>trinket</category><bounds><corner1>-0.08 , -0.125, -0.08 </corner1><corner2>0.08 , 0.125, 0.08 </corner2></bounds><pose><translation> 1.67500031, -1.17500001,  3.29449878</translation><rotation><c1>1., 0., 0.</c1><c2>0., 1., 0.</c2><c3>0., 0., 1.</c3></rotation></pose><symmetry><x>none</x><y>fourFold</y><z>none</z></symmetry><detectionScore>-1.0</detectionScore></element><element><id>495</id><category>trinket</category><bounds><corner1>-0.07     , -0.1382175, -0.07     </corner1><corner2>0.07      , 0.13821751, 0.07      </corner2></bounds><pose><translation> 2.11499893, -1.16178251,  3.29449496</translation><rotation><c1>-1.00000000e+00,  0.00000000e+00, -1.22464685e-16</c1><c2>0., 1., 0.</c2><c3> 1.22464685e-16,  0.00000000e+00, -1.00000000e+00</c3></rotation></pose><symmetry><x>none</x><y>cylindrical</y><z>none</z></symmetry><detectionScore>-1.0</detectionScore></element><element><id>496</id><category>plant</category><bounds><corner1>-0.07460261, -0.19938195, -0.07516182</corner1><corner2>0.07460261, 0.19938195, 0.07516182</corner2></bounds><pose><translation> 2.95064213, -0.61061799,  1.48917673</translation><rotation><c1>1., 0., 0.</c1><c2>0., 1., 0.</c2><c3>0., 0., 1.</c3></rotation></pose><symmetry><x>none</x><y>cylindrical</y><z>none</z></symmetry><detectionScore>-1.0</detectionScore></element><element><id>497</id><category>plant</category><bounds><corner1>-0.13528   , -0.136821  , -0.13953051</corner1><corner2>0.13528   , 0.136821  , 0.13953051</corner2></bounds><pose><translation> 3.01551745, -0.673179  , -0.95484172</translation><rotation><c1>1., 0., 0.</c1><c2>0., 1., 0.</c2><c3>0., 0., 1.</c3></rotation></pose><symmetry><x>none</x><y>cylindrical</y><z>none</z></symmetry><detectionScore>-1.0</detectionScore></element><element><id>498</id><category>ipad</category><bounds><corner1>-0.085, -0.12 , -0.005</corner1><corner2>0.085, 0.12 , 0.005</corner2></bounds><pose><translation> 2.83500015, -0.805     , -0.66550031</translation><rotation><c1>1., 0., 0.</c1><c2> 0.,  0., -1.</c2><c3>0., 1., 0.</c3></rotation></pose><symmetry><x>none</x><y>none</y><z>twoFold</z></symmetry><detectionScore>-1.0</detectionScore></element><element><id>499</id><category>cellphone</category><bounds><corner1>-0.035     , -0.06999999, -0.005     </corner1><corner2>0.035     , 0.06999999, 0.005     </corner2></bounds><pose><translation> 2.81499969, -0.80500006, -0.98550381</translation><rotation><c1>0.95105651, 0.        , 0.309017  </c1><c2> 0.309017  ,  0.        , -0.95105651</c2><c3>-6.86155583e-17,  1.00000000e+00,  2.11176968e-16</c3></rotation></pose><symmetry><x>twoFold</x><y>twoFold</y><z>twoFold</z></symmetry><detectionScore>-1.0</detectionScore></element><element><id>500</id><category>rug</category><bounds><corner1>-1.4999999, -0.01     , -1.2499998</corner1><corner2>1.4999999, 0.01     , 1.2499998</corner2></bounds><pose><translation> 1.71499359, -1.44000001,  0.43450198</translation><rotation><c1>2.22044605e-16, 0.00000000e+00, 1.00000000e+00</c1><c2>0., 1., 0.</c2><c3>-1.00000000e+00,  0.00000000e+00,  1.11022302e-16</c3></rotation></pose><symmetry><x>none</x><y>twoFold</y><z>none</z></symmetry><detectionScore>-1.0</detectionScore></element><element><id>501</id><category>cloth</category><bounds><corner1>-0.17     , -0.6074198, -0.100001 </corner1><corner2>0.17     , 0.6074197, 0.100001 </corner2></bounds><pose><translation> 0.14499871, -0.11161971, -1.22549977</translation><rotation><c1>2.22044605e-16, 0.00000000e+00, 1.00000000e+00</c1><c2>0., 1., 0.</c2><c3>-1.00000000e+00,  0.00000000e+00,  2.22044605e-16</c3></rotation></pose><symmetry><x>none</x><y>cylindrical</y><z>none</z></symmetry><detectionScore>-1.0</detectionScore></element><element><id>502</id><category>shoes</category><bounds><corner1>-0.13499999, -0.01629635, -0.13499999</corner1><corner2>0.13499999, 0.01629635, 0.13499999</corner2></bounds><pose><translation>-0.006132  , -1.40370366, -1.23611399</translation><rotation><c1>-1.,  0.,  0.</c1><c2>0., 1., 0.</c2><c3> 0.,  0., -1.</c3></rotation></pose><symmetry><x>none</x><y>fourFold</y><z>none</z></symmetry><detectionScore>-1.0</detectionScore></element><element><id>503</id><category>cloth</category><bounds><corner1>-0.17     , -0.6074198, -0.100001 </corner1><corner2>0.17     , 0.6074197, 0.100001 </corner2></bounds><pose><translation> 0.01500146, -0.11161971, -1.22549977</translation><rotation><c1>2.22044605e-16, 0.00000000e+00, 1.00000000e+00</c1><c2>0., 1., 0.</c2><c3>-1.00000000e+00,  0.00000000e+00,  2.22044605e-16</c3></rotation></pose><symmetry><x>none</x><y>cylindrical</y><z>none</z></symmetry><detectionScore>-1.0</detectionScore></element><element><id>504</id><category>cloth</category><bounds><corner1>-0.17     , -0.6074198, -0.100001 </corner1><corner2>0.17     , 0.6074197, 0.100001 </corner2></bounds><pose><translation>-0.10500129, -0.11161971, -1.24550023</translation><rotation><c1>2.22044605e-16, 0.00000000e+00, 1.00000000e+00</c1><c2>0., 1., 0.</c2><c3>-1.00000000e+00,  0.00000000e+00,  2.22044605e-16</c3></rotation></pose><symmetry><x>none</x><y>cylindrical</y><z>none</z></symmetry><detectionScore>-1.0</detectionScore></element><element><id>505</id><category>ottoman</category><bounds><corner1>-0.125     , -0.09138961, -0.09      </corner1><corner2>0.125    , 0.0913896, 0.09     </corner2></bounds><pose><translation> 0.00499832, -1.00861045, -1.22549977</translation><rotation><c1>1., 0., 0.</c1><c2>0., 1., 0.</c2><c3>0., 0., 1.</c3></rotation></pose><symmetry><x>none</x><y>fourFold</y><z>none</z></symmetry><detectionScore>-1.0</detectionScore></element><element><id>506</id><category>ottoman</category><bounds><corner1>-0.19500001, -0.11599452, -0.09      </corner1><corner2>0.19500001, 0.11599451, 0.09      </corner2></bounds><pose><translation>-0.005     ,  0.65599471, -1.1955029 </translation><rotation><c1>1., 0., 0.</c1><c2>0., 1., 0.</c2><c3>0., 0., 1.</c3></rotation></pose><symmetry><x>none</x><y>fourFold</y><z>none</z></symmetry><detectionScore>-1.0</detectionScore></element><element><id>507</id><category>ottoman</category><bounds><corner1>-0.19500001, -0.11599452, -0.09      </corner1><corner2>0.19500001, 0.11599451, 0.09      </corner2></bounds><pose><translation> 0.00499832,  0.97599465, -1.20550122</translation><rotation><c1>1., 0., 0.</c1><c2>0., 1., 0.</c2><c3>0., 0., 1.</c3></rotation></pose><symmetry><x>none</x><y>fourFold</y><z>none</z></symmetry><detectionScore>-1.0</detectionScore></element><element><id>508</id><category>mirror</category><bounds><corner1>-0.28      , -1.237887  , -0.00999895</corner1><corner2>0.28      , 1.2378869 , 0.00999895</corner2></bounds><pose><translation>-0.53499496, -0.12211313, -1.01549878</translation><rotation><c1>1., 0., 0.</c1><c2>0., 1., 0.</c2><c3>0., 0., 1.</c3></rotation></pose><symmetry><x>none</x><y>none</y><z>twoFold</z></symmetry><detectionScore>-1.0</detectionScore></element><element><id>509</id><category>plant</category><bounds><corner1>-0.280704, -0.75    , -0.264899</corner1><corner2>0.280704, 0.75    , 0.264899</corner2></bounds><pose><translation> 1.18430262, -0.7       , -1.11550107</translation><rotation><c1>1., 0., 0.</c1><c2>0., 1., 0.</c2><c3>0., 0., 1.</c3></rotation></pose><symmetry><x>none</x><y>cylindrical</y><z>none</z></symmetry><detectionScore>-1.0</detectionScore></element><element><id>392</id><category>unknown</category><bounds><corner1>-1.05, -1.35, -0.04</corner1><corner2>1.05, 1.35, 0.04</corner2></bounds><pose><translation> 3.17500031, -0.08000004,  0.45449863</translation><rotation><c1>2.22044605e-16, 0.00000000e+00, 1.00000000e+00</c1><c2>0., 1., 0.</c2><c3>-1.00000000e+00,  0.00000000e+00,  2.22044605e-16</c3></rotation></pose><symmetry><x>twoFold</x><y>twoFold</y><z>twoFold</z></symmetry><detectionScore>-1.0</detectionScore></element></elements></scene>