<?xml version='1.0' encoding='utf-8'?>
<scene xmlns:sumo="https://www.sumochallenge.org"><version>2.0</version><categories><id>fb_categories_v1.0</id><url>https://sumochallenge.org/en/categories-1_0.json</url></categories><project_type>bounding_box</project_type><elements><element><id>3</id><category>office_chair</category><bounds><corner1>-0.65090231, -0.42164395, -1.93797663</corner1><corner2>0.65090231, 0.42164395, 1.93797663</corner2></bounds><pose><translation> 0.34369837, -0.70095455,  1.27900881</translation><rotation><c1>1., 0., 0.</c1><c2>0., 1., 0.</c2><c3>0., 0., 1.</c3></rotation></pose><symmetry><x>none</x><y>none</y><z>none</z></symmetry><detectionScore>-1</detectionScore></element><element><id>4</id><category>window</category><bounds><corner1>-0.07012275, -1.13273566, -2.11879222</corner1><corner2>0.07012275, 1.13273566, 2.11879222</corner2></bounds><pose><translation> 3.75203303, -0.06275219,  0.60089974</translation><rotation><c1>1., 0., 0.</c1><c2>0., 1., 0.</c2><c3>0., 0., 1.</c3></rotation></pose><symmetry><x>none</x><y>none</y><z>none</z></symmetry><detectionScore>-1</detectionScore></element><element><id>2</id><category>wall</category><bounds><corner1>-2.16983066, -1.24941855, -0.18465934</corner1><corner2>2.16983066, 1.24941855, 0.18465934</corner2></bounds><pose><translation> 1.38344155, -0.11834134, -7.13975268</translation><rotation><c1>1., 0., 0.</c1><c2>0., 1., 0.</c2><c3>0., 0., 1.</c3></rotation></pose><symmetry><x>none</x><y>none</y><z>none</z></symmetry><detectionScore>-1</detectionScore></element><element><id>1</id><category>fish_tank</category><bounds><corner1>-0.38778897, -0.75590664, -0.33466295</corner1><corner2>0.38778897, 0.75590664, 0.33466295</corner2></bounds><pose><translation> 3.25782252, -0.78320293, -2.36053379</translation><rotation><c1>1., 0., 0.</c1><c2>0., 1., 0.</c2><c3>0., 0., 1.</c3></rotation></pose><symmetry><x>none</x><y>none</y><z>none</z></symmetry><detectionScore>-1</detectionScore></element></elements></scene>