<?xml version='1.0' encoding='utf-8'?>
<scene xmlns:sumo="https://www.sumochallenge.org"><version>2.0</version><categories><id>fb_categories_v1_0</id><url>https://sumochallenge.org/en/categories-1_0.json</url></categories><project_type>bounding_box</project_type><elements><element><id>0</id><category>wall</category><bounds><corner1>-0.3840746084939396, -0.10890755590872936, -1.3418607344889135</corner1><corner2>0.3840746084939396, 0.10890755590872936, 1.3418607344889135</corner2></bounds><pose><translation>0.8517795867884929, -1.4863955981530257, 0.015478568431712874</translation><rotation><c1>0, 0, 0</c1><c2>0, 0, 0</c2><c3>0, 0, 0</c3></rotation></pose><symmetry><x>twoFold</x><y>cylindrical</y><z>twoFold</z></symmetry><detectionScore>-1.0</detectionScore></element><element><id>1</id><category>window</category><bounds><corner1>-0.11038593253085005, -0.6937276188529067, -0.8529330202783724</corner1><corner2>0.11038593253085005, 0.6937276188529067, 0.8529330202783724</corner2></bounds><pose><translation>1.3704819766800036, -0.5044116448060123, -0.15786100154654178</translation><rotation><c1>0, 0, 0</c1><c2>0, 0, 0</c2><c3>0, 0, 0</c3></rotation></pose><symmetry><x>twoFold</x><y>cylindrical</y><z>twoFold</z></symmetry><detectionScore>-1.0</detectionScore></element><element><id>2</id><category>vase</category><bounds><corner1>-0.25574803009329106, -0.14060827433644718, -0.3576572519340072</corner1><corner2>0.25574803009329106, 0.14060827433644718, 0.3576572519340072</corner2></bounds><pose><translation>-2.4413789772148347, 4.074363019615339, -0.5653554639660578</translation><rotation><c1>0, 0, 0</c1><c2>0, 0, 0</c2><c3>0, 0, 0</c3></rotation></pose><symmetry><x>twoFold</x><y>cylindrical</y><z>twoFold</z></symmetry><detectionScore>-1.0</detectionScore></element><element><id>3</id><category>wall</category><bounds><corner1>-0.983695190172247, -0.2455464807566332, -1.1654758524017406</corner1><corner2>0.983695190172247, 0.2455464807566332, 1.1654758524017406</corner2></bounds><pose><translation>0.292209392355788, -1.6353539329993927, -0.26861096287580766</translation><rotation><c1>0, 0, 0</c1><c2>0, 0, 0</c2><c3>0, 0, 0</c3></rotation></pose><symmetry><x>twoFold</x><y>cylindrical</y><z>twoFold</z></symmetry><detectionScore>-1.0</detectionScore></element><element><id>4</id><category>wall</category><bounds><corner1>-3.3466882734349803, -2.4345041590130894, -1.3241037917492566</corner1><corner2>3.3466882734349803, 2.4345041590130894, 1.3241037917492566</corner2></bounds><pose><translation>-4.222857034192226, 1.4531905954757838, -0.05625484096933985</translation><rotation><c1>0, 0, 0</c1><c2>0, 0, 0</c2><c3>0, 0, 0</c3></rotation></pose><symmetry><x>twoFold</x><y>cylindrical</y><z>twoFold</z></symmetry><detectionScore>-1.0</detectionScore></element><element><id>5</id><category>window</category><bounds><corner1>-0.1070839569604718, -1.0905137861172225, -1.2781713818522416</corner1><corner2>0.1070839569604718, 1.0905137861172225, 1.2781713818522416</corner2></bounds><pose><translation>1.0990457996505114, 3.146291271328159, 0.02894807830752338</translation><rotation><c1>0, 0, 0</c1><c2>0, 0, 0</c2><c3>0, 0, 0</c3></rotation></pose><symmetry><x>twoFold</x><y>cylindrical</y><z>twoFold</z></symmetry><detectionScore>-1.0</detectionScore></element><element><id>6</id><category>window</category><bounds><corner1>-0.17547486497659648, -0.07176394253177176, -0.20008735719091875</corner1><corner2>0.17547486497659648, 0.07176394253177176, 0.20008735719091875</corner2></bounds><pose><translation>-2.8317012077260992, -1.4153906487384875, 1.8179255767624871</translation><rotation><c1>0, 0, 0</c1><c2>0, 0, 0</c2><c3>0, 0, 0</c3></rotation></pose><symmetry><x>twoFold</x><y>cylindrical</y><z>twoFold</z></symmetry><detectionScore>-1.0</detectionScore></element><element><id>7</id><category>arch</category><bounds><corner1>-0.4797502812077038, -0.10016863501452966, -1.1399332383802032</corner1><corner2>0.4797502812077038, 0.10016863501452966, 1.1399332383802032</corner2></bounds><pose><translation>0.7129811015024775, -1.4689827166293994, -0.33937839347798004</translation><rotation><c1>0, 0, 0</c1><c2>0, 0, 0</c2><c3>0, 0, 0</c3></rotation></pose><symmetry><x>twoFold</x><y>cylindrical</y><z>twoFold</z></symmetry><detectionScore>-1.0</detectionScore></element><element><id>8</id><category>shelving</category><bounds><corner1>-0.20418673210803828, -0.1512919477435961, -1.380902089103341</corner1><corner2>0.20418673210803828, 0.1512919477435961, 1.380902089103341</corner2></bounds><pose><translation>0.9111630710457704, 4.205501674140846, -0.23205008920025894</translation><rotation><c1>0, 0, 0</c1><c2>0, 0, 0</c2><c3>0, 0, 0</c3></rotation></pose><symmetry><x>twoFold</x><y>cylindrical</y><z>twoFold</z></symmetry><detectionScore>-1.0</detectionScore></element><element><id>9</id><category>fence</category><bounds><corner1>-0.5020815188124357, -0.7454937978343197, -0.21898362904274274</corner1><corner2>0.5020815188124357, 0.7454937978343197, 0.21898362904274274</corner2></bounds><pose><translation>-4.327243097523251, 2.82567370552695, -0.4113560632898428</translation><rotation><c1>0, 0, 0</c1><c2>0, 0, 0</c2><c3>0, 0, 0</c3></rotation></pose><symmetry><x>twoFold</x><y>cylindrical</y><z>twoFold</z></symmetry><detectionScore>-1.0</detectionScore></element><element><id>10</id><category>stairs</category><bounds><corner1>-0.8827819524894371, -0.8639908794527623, -1.4846399305482376</corner1><corner2>0.8827819524894371, 0.8639908794527623, 1.4846399305482376</corner2></bounds><pose><translation>-3.1529020755441337, -0.9485326424043268, 1.3002462871775307</translation><rotation><c1>0, 0, 0</c1><c2>0, 0, 0</c2><c3>0, 0, 0</c3></rotation></pose><symmetry><x>twoFold</x><y>cylindrical</y><z>twoFold</z></symmetry><detectionScore>-1.0</detectionScore></element><element><id>11</id><category>picture_frame</category><bounds><corner1>-0.5396616678581085, -0.07174097048097505, -0.4729824575934012</corner1><corner2>0.5396616678581085, 0.07174097048097505, 0.4729824575934012</corner2></bounds><pose><translation>-0.2363026766073486, -1.6491610188776118, 0.7861257680740863</translation><rotation><c1>0, 0, 0</c1><c2>0, 0, 0</c2><c3>0, 0, 0</c3></rotation></pose><symmetry><x>twoFold</x><y>cylindrical</y><z>twoFold</z></symmetry><detectionScore>-1.0</detectionScore></element><element><id>12</id><category>plant</category><bounds><corner1>-0.7405273836272768, -0.829088205263095, -0.8425864011481752</corner1><corner2>0.7405273836272768, 0.829088205263095, 0.8425864011481752</corner2></bounds><pose><translation>-4.251475798989717, 3.3015607200664876, -1.1536457113869627</translation><rotation><c1>0, 0, 0</c1><c2>0, 0, 0</c2><c3>0, 0, 0</c3></rotation></pose><symmetry><x>twoFold</x><y>cylindrical</y><z>twoFold</z></symmetry><detectionScore>-1.0</detectionScore></element><element><id>13</id><category>plant</category><bounds><corner1>-0.678014239242311, -0.6276492074075222, -0.2679537728289668</corner1><corner2>0.678014239242311, 0.6276492074075222, 0.2679537728289668</corner2></bounds><pose><translation>-4.314419325878697, 2.410027925166795, -0.8889326415128898</translation><rotation><c1>0, 0, 0</c1><c2>0, 0, 0</c2><c3>0, 0, 0</c3></rotation></pose><symmetry><x>twoFold</x><y>cylindrical</y><z>twoFold</z></symmetry><detectionScore>-1.0</detectionScore></element><element><id>14</id><category>window</category><bounds><corner1>-0.6089095615985181, -1.419577404797308, -0.9638437378910149</corner1><corner2>0.6089095615985181, 1.419577404797308, 0.9638437378910149</corner2></bounds><pose><translation>-4.340019154090314, 2.3105098618303015, -0.0375797219863951</translation><rotation><c1>0, 0, 0</c1><c2>0, 0, 0</c2><c3>0, 0, 0</c3></rotation></pose><symmetry><x>twoFold</x><y>cylindrical</y><z>twoFold</z></symmetry><detectionScore>-1.0</detectionScore></element><element><id>15</id><category>wall_lamp</category><bounds><corner1>-0.22641280804576747, -0.04474663310469351, -0.5380486534731113</corner1><corner2>0.22641280804576747, 0.04474663310469351, 0.5380486534731113</corner2></bounds><pose><translation>-2.337654868975754, -1.4398725193264523, 1.8757597024102595</translation><rotation><c1>0, 0, 0</c1><c2>0, 0, 0</c2><c3>0, 0, 0</c3></rotation></pose><symmetry><x>twoFold</x><y>cylindrical</y><z>twoFold</z></symmetry><detectionScore>-1.0</detectionScore></element><element><id>16</id><category>arch</category><bounds><corner1>-1.522452678137316, -3.5868644014336963, -1.5635209326960995</corner1><corner2>1.522452678137316, 3.5868644014336963, 1.5635209326960995</corner2></bounds><pose><translation>-0.5800297490474404, 4.324489617255512, -0.3013176366774789</translation><rotation><c1>0, 0, 0</c1><c2>0, 0, 0</c2><c3>0, 0, 0</c3></rotation></pose><symmetry><x>twoFold</x><y>cylindrical</y><z>twoFold</z></symmetry><detectionScore>-1.0</detectionScore></element><element><id>17</id><category>curtain</category><bounds><corner1>-3.424555664587529, -1.059356286488359, -1.3089399098847916</corner1><corner2>3.424555664587529, 1.059356286488359, 1.3089399098847916</corner2></bounds><pose><translation>-4.293727769471849, 1.4417241478316427, -0.04753252284150925</translation><rotation><c1>0, 0, 0</c1><c2>0, 0, 0</c2><c3>0, 0, 0</c3></rotation></pose><symmetry><x>twoFold</x><y>cylindrical</y><z>twoFold</z></symmetry><detectionScore>-1.0</detectionScore></element><element><id>18</id><category>door</category><bounds><corner1>-1.5471310944179177, -3.546061712066842, -1.4361422043397252</corner1><corner2>1.5471310944179177, 3.546061712066842, 1.4361422043397252</corner2></bounds><pose><translation>-0.6652395921815992, 4.377540280042086, -0.3401767850358357</translation><rotation><c1>0, 0, 0</c1><c2>0, 0, 0</c2><c3>0, 0, 0</c3></rotation></pose><symmetry><x>twoFold</x><y>cylindrical</y><z>twoFold</z></symmetry><detectionScore>-1.0</detectionScore></element><element><id>19</id><category>table_lamp</category><bounds><corner1>-0.2565893216833972, -0.1327933120610023, -0.3633454882240401</corner1><corner2>0.2565893216833972, 0.1327933120610023, 0.3633454882240401</corner2></bounds><pose><translation>-2.444565153499558, 4.0821779818907835, -0.5537176771985783</translation><rotation><c1>0, 0, 0</c1><c2>0, 0, 0</c2><c3>0, 0, 0</c3></rotation></pose><symmetry><x>twoFold</x><y>cylindrical</y><z>twoFold</z></symmetry><detectionScore>-1.0</detectionScore></element><element><id>20</id><category>wall</category><bounds><corner1>-2.395127576602354, -3.6406662529237632, -1.343623005651259</corner1><corner2>2.395127576602354, 3.6406662529237632, 1.343623005651259</corner2></bounds><pose><translation>-1.316951510574868, 4.2344282225956125, -0.10127926710170679</translation><rotation><c1>0, 0, 0</c1><c2>0, 0, 0</c2><c3>0, 0, 0</c3></rotation></pose><symmetry><x>twoFold</x><y>cylindrical</y><z>twoFold</z></symmetry><detectionScore>-1.0</detectionScore></element><element><id>21</id><category>chair</category><bounds><corner1>-0.6758584750073173, -0.6463136670191005, -0.2574667314658122</corner1><corner2>0.6758584750073173, 0.6463136670191005, 0.2574667314658122</corner2></bounds><pose><translation>-4.315675640210406, 2.409101079102781, -0.8787001122953524</translation><rotation><c1>0, 0, 0</c1><c2>0, 0, 0</c2><c3>0, 0, 0</c3></rotation></pose><symmetry><x>twoFold</x><y>cylindrical</y><z>twoFold</z></symmetry><detectionScore>-1.0</detectionScore></element><element><id>22</id><category>wall</category><bounds><corner1>-1.1443653042306063, -0.5477202190858704, -2.0329472560402277</corner1><corner2>1.1443653042306063, 0.5477202190858704, 2.0329472560402277</corner2></bounds><pose><translation>-2.009296598649275, -0.43358519771909504, 0.0697245532598025</translation><rotation><c1>0, 0, 0</c1><c2>0, 0, 0</c2><c3>0, 0, 0</c3></rotation></pose><symmetry><x>twoFold</x><y>cylindrical</y><z>twoFold</z></symmetry><detectionScore>-1.0</detectionScore></element><element><id>23</id><category>wall</category><bounds><corner1>-1.0709155110258008, -0.50581788267181, -0.9370863118032426</corner1><corner2>1.0709155110258008, 0.50581788267181, 0.9370863118032426</corner2></bounds><pose><translation>-2.3940584309465707, 0.23484172000787762, 1.3766171028834782</translation><rotation><c1>0, 0, 0</c1><c2>0, 0, 0</c2><c3>0, 0, 0</c3></rotation></pose><symmetry><x>twoFold</x><y>cylindrical</y><z>twoFold</z></symmetry><detectionScore>-1.0</detectionScore></element><element><id>24</id><category>clock</category><bounds><corner1>-0.21964285487321922, -0.04203335795104923, -0.5131383649711985</corner1><corner2>0.21964285487321922, 0.04203335795104923, 0.5131383649711985</corner2></bounds><pose><translation>-2.337873579044702, -1.4394527063271192, 1.8712308855556843</translation><rotation><c1>0, 0, 0</c1><c2>0, 0, 0</c2><c3>0, 0, 0</c3></rotation></pose><symmetry><x>twoFold</x><y>cylindrical</y><z>twoFold</z></symmetry><detectionScore>-1.0</detectionScore></element><element><id>25</id><category>column</category><bounds><corner1>-0.19923095537091906, -0.14343652488836423, -1.4027616305016606</corner1><corner2>0.19923095537091906, 0.14343652488836423, 1.4027616305016606</corner2></bounds><pose><translation>0.9138614864778438, 4.2135947390286805, -0.15485034707520867</translation><rotation><c1>0, 0, 0</c1><c2>0, 0, 0</c2><c3>0, 0, 0</c3></rotation></pose><symmetry><x>twoFold</x><y>cylindrical</y><z>twoFold</z></symmetry><detectionScore>-1.0</detectionScore></element><element><id>26</id><category>curtain</category><bounds><corner1>-0.4768295377868492, -0.813875430144686, -1.2393467255832458</corner1><corner2>0.4768295377868492, 0.813875430144686, 1.2393467255832458</corner2></bounds><pose><translation>-4.298807913455267, 3.157025708476766, -0.18061695837314642</translation><rotation><c1>0, 0, 0</c1><c2>0, 0, 0</c2><c3>0, 0, 0</c3></rotation></pose><symmetry><x>twoFold</x><y>cylindrical</y><z>twoFold</z></symmetry><detectionScore>-1.0</detectionScore></element><element><id>27</id><category>wall</category><bounds><corner1>-0.1760450437095329, -0.15340458889864372, -1.4287797217293017</corner1><corner2>0.1760450437095329, 0.15340458889864372, 1.4287797217293017</corner2></bounds><pose><translation>0.9403487933888124, 4.2019011545106, -0.1384396439869311</translation><rotation><c1>0, 0, 0</c1><c2>0, 0, 0</c2><c3>0, 0, 0</c3></rotation></pose><symmetry><x>twoFold</x><y>cylindrical</y><z>twoFold</z></symmetry><detectionScore>-1.0</detectionScore></element><element><id>28</id><category>window</category><bounds><corner1>-0.5958943594242809, -0.5946041498516728, -0.2444499641368279</corner1><corner2>0.5958943594242809, 0.5946041498516728, 0.2444499641368279</corner2></bounds><pose><translation>-4.336499244379645, 3.197838794686266, -0.26593600348790186</translation><rotation><c1>0, 0, 0</c1><c2>0, 0, 0</c2><c3>0, 0, 0</c3></rotation></pose><symmetry><x>twoFold</x><y>cylindrical</y><z>twoFold</z></symmetry><detectionScore>-1.0</detectionScore></element><element><id>29</id><category>floor</category><bounds><corner1>-1.5338904127328958, -3.0767370324293477, -0.8332729938166286</corner1><corner2>1.5338904127328958, 3.0767370324293477, 0.8332729938166286</corner2></bounds><pose><translation>-0.6328618646902984, 4.376172553819265, -1.4832918051931308</translation><rotation><c1>0, 0, 0</c1><c2>0, 0, 0</c2><c3>0, 0, 0</c3></rotation></pose><symmetry><x>twoFold</x><y>cylindrical</y><z>twoFold</z></symmetry><detectionScore>-1.0</detectionScore></element><element><id>30</id><category>wall</category><bounds><corner1>-0.6075924178818006, -0.4485017780745171, -0.6911677516583097</corner1><corner2>0.6075924178818006, 0.4485017780745171, 0.6911677516583097</corner2></bounds><pose><translation>-2.2603570743187675, -0.9027757921628883, 0.09129289190198335</translation><rotation><c1>0, 0, 0</c1><c2>0, 0, 0</c2><c3>0, 0, 0</c3></rotation></pose><symmetry><x>twoFold</x><y>cylindrical</y><z>twoFold</z></symmetry><detectionScore>-1.0</detectionScore></element><element><id>31</id><category>dresser</category><bounds><corner1>-0.5366886901668997, -0.4805164296561082, -0.45955432423857134</corner1><corner2>0.5366886901668997, 0.4805164296561082, 0.45955432423857134</corner2></bounds><pose><translation>-2.328869372552033, 3.754032444447191, -1.086928917274569</translation><rotation><c1>0, 0, 0</c1><c2>0, 0, 0</c2><c3>0, 0, 0</c3></rotation></pose><symmetry><x>twoFold</x><y>cylindrical</y><z>twoFold</z></symmetry><detectionScore>-1.0</detectionScore></element><element><id>32</id><category>picture_frame</category><bounds><corner1>-0.12241267928757615, -0.2876604685614994, -0.48415801324606395</corner1><corner2>0.12241267928757615, 0.2876604685614994, 0.48415801324606395</corner2></bounds><pose><translation>1.3459382607094206, -0.8091524052564284, -0.4163248675692666</translation><rotation><c1>0, 0, 0</c1><c2>0, 0, 0</c2><c3>0, 0, 0</c3></rotation></pose><symmetry><x>twoFold</x><y>cylindrical</y><z>twoFold</z></symmetry><detectionScore>-1.0</detectionScore></element><element><id>33</id><category>shelving</category><bounds><corner1>-0.46579972291341676, -0.4847904195310534, -0.644737250213467</corner1><corner2>0.46579972291341676, 0.4847904195310534, 0.644737250213467</corner2></bounds><pose><translation>-2.2680217374052103, -0.9082857247403374, 0.11755257997214083</translation><rotation><c1>0, 0, 0</c1><c2>0, 0, 0</c2><c3>0, 0, 0</c3></rotation></pose><symmetry><x>twoFold</x><y>cylindrical</y><z>twoFold</z></symmetry><detectionScore>-1.0</detectionScore></element><element><id>34</id><category>picture_frame</category><bounds><corner1>-0.10732802089833915, -1.0744530791416191, -1.279965314677268</corner1><corner2>0.10732802089833915, 1.0744530791416191, 1.279965314677268</corner2></bounds><pose><translation>1.0991885022236108, 3.148925158222936, 0.0333730320939404</translation><rotation><c1>0, 0, 0</c1><c2>0, 0, 0</c2><c3>0, 0, 0</c3></rotation></pose><symmetry><x>twoFold</x><y>cylindrical</y><z>twoFold</z></symmetry><detectionScore>-1.0</detectionScore></element><element><id>35</id><category>wall</category><bounds><corner1>-0.11359335328762699, -0.9652297153073102, -1.38901775340472</corner1><corner2>0.11359335328762699, 0.9652297153073102, 1.38901775340472</corner2></bounds><pose><translation>1.090791316094868, 3.331930084709964, -0.11473001016140454</translation><rotation><c1>0, 0, 0</c1><c2>0, 0, 0</c2><c3>0, 0, 0</c3></rotation></pose><symmetry><x>twoFold</x><y>cylindrical</y><z>twoFold</z></symmetry><detectionScore>-1.0</detectionScore></element><element><id>36</id><category>armchair</category><bounds><corner1>-2.789717679571161, -1.0126074471682387, -0.7797141866708903</corner1><corner2>2.789717679571161, 1.0126074471682387, 0.7797141866708903</corner2></bounds><pose><translation>-3.5861378019140058, 1.178163480354624, -1.049501819082546</translation><rotation><c1>0, 0, 0</c1><c2>0, 0, 0</c2><c3>0, 0, 0</c3></rotation></pose><symmetry><x>twoFold</x><y>cylindrical</y><z>twoFold</z></symmetry><detectionScore>-1.0</detectionScore></element><element><id>37</id><category>wall</category><bounds><corner1>-2.3149651497743666, -0.8755602055992766, -1.1870318956109043</corner1><corner2>2.3149651497743666, 0.8755602055992766, 1.1870318956109043</corner2></bounds><pose><translation>-3.6957313862676036, -0.7738560518113509, 2.193024594092514</translation><rotation><c1>0, 0, 0</c1><c2>0, 0, 0</c2><c3>0, 0, 0</c3></rotation></pose><symmetry><x>twoFold</x><y>cylindrical</y><z>twoFold</z></symmetry><detectionScore>-1.0</detectionScore></element><element><id>38</id><category>wall</category><bounds><corner1>-0.42199228820843526, -0.11117914485787717, -0.6020277947488806</corner1><corner2>0.42199228820843526, 0.11117914485787717, 0.6020277947488806</corner2></bounds><pose><translation>-2.7416481322620014, -1.4310449883325795, 1.209019892463722</translation><rotation><c1>0, 0, 0</c1><c2>0, 0, 0</c2><c3>0, 0, 0</c3></rotation></pose><symmetry><x>twoFold</x><y>cylindrical</y><z>twoFold</z></symmetry><detectionScore>-1.0</detectionScore></element><element><id>39</id><category>television</category><bounds><corner1>-0.44936056396327273, -0.09853329053967652, -0.41809524402844217</corner1><corner2>0.44936056396327273, 0.09853329053967652, 0.41809524402844217</corner2></bounds><pose><translation>-2.387570631955473, 4.135817608991874, -0.3650002183253835</translation><rotation><c1>0, 0, 0</c1><c2>0, 0, 0</c2><c3>0, 0, 0</c3></rotation></pose><symmetry><x>twoFold</x><y>cylindrical</y><z>twoFold</z></symmetry><detectionScore>-1.0</detectionScore></element><element><id>40</id><category>table_lamp</category><bounds><corner1>-0.4557729298006148, -0.10072319518398665, -0.302249007671074</corner1><corner2>0.4557729298006148, 0.10072319518398665, 0.302249007671074</corner2></bounds><pose><translation>-2.470105225493751, 4.1146614794968706, -0.45921527115149274</translation><rotation><c1>0, 0, 0</c1><c2>0, 0, 0</c2><c3>0, 0, 0</c3></rotation></pose><symmetry><x>twoFold</x><y>cylindrical</y><z>twoFold</z></symmetry><detectionScore>-1.0</detectionScore></element><element><id>41</id><category>curtain</category><bounds><corner1>-0.11827740605958503, -0.6504597488229287, -0.28937819772957085</corner1><corner2>0.11827740605958503, 0.6504597488229287, 0.28937819772957085</corner2></bounds><pose><translation>-4.325995036436222, 2.990269423902335, -0.06282280406155316</translation><rotation><c1>0, 0, 0</c1><c2>0, 0, 0</c2><c3>0, 0, 0</c3></rotation></pose><symmetry><x>twoFold</x><y>cylindrical</y><z>twoFold</z></symmetry><detectionScore>-1.0</detectionScore></element><element><id>42</id><category>picture_frame</category><bounds><corner1>-0.3479272280786305, -0.08334311778903913, -0.33071036440158497</corner1><corner2>0.3479272280786305, 0.08334311778903913, 0.33071036440158497</corner2></bounds><pose><translation>-2.3478161330455434, 4.143329869108082, -0.34281656699188834</translation><rotation><c1>0, 0, 0</c1><c2>0, 0, 0</c2><c3>0, 0, 0</c3></rotation></pose><symmetry><x>twoFold</x><y>cylindrical</y><z>twoFold</z></symmetry><detectionScore>-1.0</detectionScore></element><element><id>43</id><category>wall</category><bounds><corner1>-0.4144580862205336, -0.853155450035465, -1.9310301538560444</corner1><corner2>0.4144580862205336, 0.853155450035465, 1.9310301538560444</corner2></bounds><pose><translation>-2.011945300235914, -1.2811562176188205, 0.2280009128818243</translation><rotation><c1>0, 0, 0</c1><c2>0, 0, 0</c2><c3>0, 0, 0</c3></rotation></pose><symmetry><x>twoFold</x><y>cylindrical</y><z>twoFold</z></symmetry><detectionScore>-1.0</detectionScore></element><element><id>44</id><category>picture_frame</category><bounds><corner1>-0.12481270468783068, -0.6980255386164638, -1.0049375784366352</corner1><corner2>0.12481270468783068, 0.6980255386164638, 1.0049375784366352</corner2></bounds><pose><translation>1.352638437302277, -0.5210841500942668, 0.051266988011454934</translation><rotation><c1>0, 0, 0</c1><c2>0, 0, 0</c2><c3>0, 0, 0</c3></rotation></pose><symmetry><x>twoFold</x><y>cylindrical</y><z>twoFold</z></symmetry><detectionScore>-1.0</detectionScore></element></elements></scene>