<?xml version='1.0' encoding='utf-8'?>
<scene xmlns:sumo="https://www.sumochallenge.org"><version>2.0</version><categories><id>fb_categories_v1_0</id><url>https://sumochallenge.org/en/categories-1_0.json</url></categories><project_type>bounding_box</project_type><elements><element><id>0</id><category>kitchen_cabinet</category><bounds><corner1>-5.590436952002895, -0.185840139889609, -0.3661758826947656</corner1><corner2>5.590436952002895, 0.185840139889609, 0.3661758826947656</corner2></bounds><pose><translation>3.8247585179350168, -5.816318258662742, -0.7170732601986475</translation><rotation><c1>0, 0, 0</c1><c2>0, 0, 0</c2><c3>0, 0, 0</c3></rotation></pose><symmetry><x>twoFold</x><y>cylindrical</y><z>twoFold</z></symmetry><detectionScore>-1.0</detectionScore></element><element><id>1</id><category>person</category><bounds><corner1>-0.411329809107403, -0.31565662292984653, -2.1376430658811345</corner1><corner2>0.411329809107403, 0.31565662292984653, 2.1376430658811345</corner2></bounds><pose><translation>-1.4099516085441228, -2.3876215646303303, -0.872320424179716</translation><rotation><c1>0, 0, 0</c1><c2>0, 0, 0</c2><c3>0, 0, 0</c3></rotation></pose><symmetry><x>twoFold</x><y>cylindrical</y><z>twoFold</z></symmetry><detectionScore>-1.0</detectionScore></element><element><id>2</id><category>trash_can</category><bounds><corner1>-0.7383962935820658, -0.06520423426179889, -0.547132143698906</corner1><corner2>0.7383962935820658, 0.06520423426179889, 0.547132143698906</corner2></bounds><pose><translation>0.13010678000872372, -2.962796768780627, -1.0737608624519308</translation><rotation><c1>0, 0, 0</c1><c2>0, 0, 0</c2><c3>0, 0, 0</c3></rotation></pose><symmetry><x>twoFold</x><y>cylindrical</y><z>twoFold</z></symmetry><detectionScore>-1.0</detectionScore></element><element><id>3</id><category>wall</category><bounds><corner1>-2.6087078029997333, -0.6648501291336419, -1.3797215601190997</corner1><corner2>2.6087078029997333, 0.6648501291336419, 1.3797215601190997</corner2></bounds><pose><translation>0.09937439557282235, 4.738236120678344, -0.09723897953542447</translation><rotation><c1>0, 0, 0</c1><c2>0, 0, 0</c2><c3>0, 0, 0</c3></rotation></pose><symmetry><x>twoFold</x><y>cylindrical</y><z>twoFold</z></symmetry><detectionScore>-1.0</detectionScore></element><element><id>4</id><category>person</category><bounds><corner1>-4.531023596864195, -0.9289982819129935, -1.0743000233864073</corner1><corner2>4.531023596864195, 0.9289982819129935, 1.0743000233864073</corner2></bounds><pose><translation>5.284118364067657, -1.0375318126757525, -1.0091086487606793</translation><rotation><c1>0, 0, 0</c1><c2>0, 0, 0</c2><c3>0, 0, 0</c3></rotation></pose><symmetry><x>twoFold</x><y>cylindrical</y><z>twoFold</z></symmetry><detectionScore>-1.0</detectionScore></element><element><id>5</id><category>bunker_bed</category><bounds><corner1>-0.6500211395949682, -0.9056267289520712, -1.1173938254663318</corner1><corner2>0.6500211395949682, 0.9056267289520712, 1.1173938254663318</corner2></bounds><pose><translation>-5.0840740321047875, -1.849224214958756, -0.5310771799214475</translation><rotation><c1>0, 0, 0</c1><c2>0, 0, 0</c2><c3>0, 0, 0</c3></rotation></pose><symmetry><x>twoFold</x><y>cylindrical</y><z>twoFold</z></symmetry><detectionScore>-1.0</detectionScore></element><element><id>6</id><category>trash_can</category><bounds><corner1>-0.13071780288048096, -0.32668490768883407, -0.2780234954763853</corner1><corner2>0.13071780288048096, 0.32668490768883407, 0.2780234954763853</corner2></bounds><pose><translation>-5.020155781608364, -4.081504968693513, -0.700195241546149</translation><rotation><c1>0, 0, 0</c1><c2>0, 0, 0</c2><c3>0, 0, 0</c3></rotation></pose><symmetry><x>twoFold</x><y>cylindrical</y><z>twoFold</z></symmetry><detectionScore>-1.0</detectionScore></element><element><id>7</id><category>wall</category><bounds><corner1>-0.7653319903837836, -3.031992427483131, -1.4333151649580618</corner1><corner2>0.7653319903837836, 3.031992427483131, 1.4333151649580618</corner2></bounds><pose><translation>-5.136605888049734, -1.4486780073285181, -0.14204278243192123</translation><rotation><c1>0, 0, 0</c1><c2>0, 0, 0</c2><c3>0, 0, 0</c3></rotation></pose><symmetry><x>twoFold</x><y>cylindrical</y><z>twoFold</z></symmetry><detectionScore>-1.0</detectionScore></element><element><id>8</id><category>kitchen_cabinet</category><bounds><corner1>-0.48274703612968006, -0.6821756704998689, -0.546551861939127</corner1><corner2>0.48274703612968006, 0.6821756704998689, 0.546551861939127</corner2></bounds><pose><translation>-1.10355925238911, 2.1464733382827648, -1.1907129678422972</translation><rotation><c1>0, 0, 0</c1><c2>0, 0, 0</c2><c3>0, 0, 0</c3></rotation></pose><symmetry><x>twoFold</x><y>cylindrical</y><z>twoFold</z></symmetry><detectionScore>-1.0</detectionScore></element><element><id>9</id><category>person</category><bounds><corner1>-5.442055979205067, -3.52992763019215, -0.7507552008770648</corner1><corner2>5.442055979205067, 3.52992763019215, 0.7507552008770648</corner2></bounds><pose><translation>4.170613779380622, -3.52992763019215, -0.7507552008770648</translation><rotation><c1>0, 0, 0</c1><c2>0, 0, 0</c2><c3>0, 0, 0</c3></rotation></pose><symmetry><x>twoFold</x><y>cylindrical</y><z>twoFold</z></symmetry><detectionScore>-1.0</detectionScore></element><element><id>10</id><category>person</category><bounds><corner1>-0.44724525754020084, -2.35242153228977, -0.9004164351388372</corner1><corner2>0.44724525754020084, 2.35242153228977, 0.9004164351388372</corner2></bounds><pose><translation>-1.0947970507680853, 2.423359397440473, -0.628242640798701</translation><rotation><c1>0, 0, 0</c1><c2>0, 0, 0</c2><c3>0, 0, 0</c3></rotation></pose><symmetry><x>twoFold</x><y>cylindrical</y><z>twoFold</z></symmetry><detectionScore>-1.0</detectionScore></element><element><id>11</id><category>dining_table</category><bounds><corner1>-5.315579989258977, -1.6941128499908382, -0.6475812035151212</corner1><corner2>5.315579989258977, 1.6941128499908382, 0.6475812035151212</corner2></bounds><pose><translation>4.283953609090151, 0.129296360526252, -1.0232531421558961</translation><rotation><c1>0, 0, 0</c1><c2>0, 0, 0</c2><c3>0, 0, 0</c3></rotation></pose><symmetry><x>twoFold</x><y>cylindrical</y><z>twoFold</z></symmetry><detectionScore>-1.0</detectionScore></element><element><id>12</id><category>person</category><bounds><corner1>-2.26507706248997, -2.5839791540731527, -0.9282460535222669</corner1><corner2>2.26507706248997, 2.5839791540731527, 0.9282460535222669</corner2></bounds><pose><translation>-4.420968991621656, -5.446933412888386, -0.5750944794095085</translation><rotation><c1>0, 0, 0</c1><c2>0, 0, 0</c2><c3>0, 0, 0</c3></rotation></pose><symmetry><x>twoFold</x><y>cylindrical</y><z>twoFold</z></symmetry><detectionScore>-1.0</detectionScore></element><element><id>13</id><category>kitchen_cabinet</category><bounds><corner1>-0.6447243721552063, -0.7290847469092674, -1.0538080661808205</corner1><corner2>0.6447243721552063, 0.7290847469092674, 1.0538080661808205</corner2></bounds><pose><translation>-5.073137953097582, -1.844800787674136, -0.5350985980730045</translation><rotation><c1>0, 0, 0</c1><c2>0, 0, 0</c2><c3>0, 0, 0</c3></rotation></pose><symmetry><x>twoFold</x><y>cylindrical</y><z>twoFold</z></symmetry><detectionScore>-1.0</detectionScore></element><element><id>14</id><category>armchair</category><bounds><corner1>-5.56985302914021, -0.19457858571034503, -0.39386866895723766</corner1><corner2>5.56985302914021, 0.19457858571034503, 0.39386866895723766</corner2></bounds><pose><translation>3.843661124789005, -5.825859069534097, -0.7242398420485605</translation><rotation><c1>0, 0, 0</c1><c2>0, 0, 0</c2><c3>0, 0, 0</c3></rotation></pose><symmetry><x>twoFold</x><y>cylindrical</y><z>twoFold</z></symmetry><detectionScore>-1.0</detectionScore></element><element><id>15</id><category>trash_can</category><bounds><corner1>-0.08873922519314359, -0.1935750974795769, -0.44847911790724826</corner1><corner2>0.08873922519314359, 0.1935750974795769, 0.44847911790724826</corner2></bounds><pose><translation>-4.9831724818228285, -3.595541246898435, -0.9863664951152942</translation><rotation><c1>0, 0, 0</c1><c2>0, 0, 0</c2><c3>0, 0, 0</c3></rotation></pose><symmetry><x>twoFold</x><y>cylindrical</y><z>twoFold</z></symmetry><detectionScore>-1.0</detectionScore></element><element><id>16</id><category>kitchen_cabinet</category><bounds><corner1>-0.5291338281743464, -0.6440388235612997, -0.567613385767962</corner1><corner2>0.5291338281743464, 0.6440388235612997, 0.567613385767962</corner2></bounds><pose><translation>-1.0697626137732932, -2.949518979185502, -1.0217676318467392</translation><rotation><c1>0, 0, 0</c1><c2>0, 0, 0</c2><c3>0, 0, 0</c3></rotation></pose><symmetry><x>twoFold</x><y>cylindrical</y><z>twoFold</z></symmetry><detectionScore>-1.0</detectionScore></element><element><id>17</id><category>wall</category><bounds><corner1>-0.37621164221054815, -0.11209860762988644, -1.3793672486694442</corner1><corner2>0.37621164221054815, 0.11209860762988644, 1.3793672486694442</corner2></bounds><pose><translation>-1.4321975591584293, -2.3885955164277592, -0.12381861698443883</translation><rotation><c1>0, 0, 0</c1><c2>0, 0, 0</c2><c3>0, 0, 0</c3></rotation></pose><symmetry><x>twoFold</x><y>cylindrical</y><z>twoFold</z></symmetry><detectionScore>-1.0</detectionScore></element><element><id>18</id><category>person</category><bounds><corner1>-0.6241097676186111, -0.4349916413332511, -1.1960675811789039</corner1><corner2>0.6241097676186111, 0.4349916413332511, 1.1960675811789039</corner2></bounds><pose><translation>-5.0455148335303015, -2.0232659654458702, -0.6606489934403924</translation><rotation><c1>0, 0, 0</c1><c2>0, 0, 0</c2><c3>0, 0, 0</c3></rotation></pose><symmetry><x>twoFold</x><y>cylindrical</y><z>twoFold</z></symmetry><detectionScore>-1.0</detectionScore></element><element><id>19</id><category>refrigerator</category><bounds><corner1>-0.6381996588323631, -0.5316493400564326, -0.9568408050106554</corner1><corner2>0.6381996588323631, 0.5316493400564326, 0.9568408050106554</corner2></bounds><pose><translation>-5.061577904379709, -1.8804719300978108, -0.5968454511382115</translation><rotation><c1>0, 0, 0</c1><c2>0, 0, 0</c2><c3>0, 0, 0</c3></rotation></pose><symmetry><x>twoFold</x><y>cylindrical</y><z>twoFold</z></symmetry><detectionScore>-1.0</detectionScore></element><element><id>20</id><category>chair</category><bounds><corner1>-5.584147310149039, -0.18910828570072358, -0.39167655165100507</corner1><corner2>5.584147310149039, 0.18910828570072358, 0.39167655165100507</corner2></bounds><pose><translation>3.8310481597888733, -5.819813377514629, -0.7211278907761027</translation><rotation><c1>0, 0, 0</c1><c2>0, 0, 0</c2><c3>0, 0, 0</c3></rotation></pose><symmetry><x>twoFold</x><y>cylindrical</y><z>twoFold</z></symmetry><detectionScore>-1.0</detectionScore></element><element><id>21</id><category>refrigerator</category><bounds><corner1>-0.5353744056560409, -2.8180973528691515, -0.8360803771866165</corner1><corner2>0.5353744056560409, 2.8180973528691515, 0.8360803771866165</corner2></bounds><pose><translation>-1.2819738744345088, 2.4590358366011946, -0.3612443894713167</translation><rotation><c1>0, 0, 0</c1><c2>0, 0, 0</c2><c3>0, 0, 0</c3></rotation></pose><symmetry><x>twoFold</x><y>cylindrical</y><z>twoFold</z></symmetry><detectionScore>-1.0</detectionScore></element><element><id>22</id><category>chair</category><bounds><corner1>-4.510130258741977, -1.1154214156174191, -0.8229548172930369</corner1><corner2>4.510130258741977, 1.1154214156174191, 0.8229548172930369</corner2></bounds><pose><translation>5.0569841201551355, -5.865711025139054, -1.337034761580153</translation><rotation><c1>0, 0, 0</c1><c2>0, 0, 0</c2><c3>0, 0, 0</c3></rotation></pose><symmetry><x>twoFold</x><y>cylindrical</y><z>twoFold</z></symmetry><detectionScore>-1.0</detectionScore></element><element><id>23</id><category>kitchen_cabinet</category><bounds><corner1>-0.4633296048061972, -0.9641560729916172, -0.5303842164843707</corner1><corner2>0.4633296048061972, 0.9641560729916172, 0.5303842164843707</corner2></bounds><pose><translation>0.43489340319754244, 2.1597072979842338, -1.2707245605565864</translation><rotation><c1>0, 0, 0</c1><c2>0, 0, 0</c2><c3>0, 0, 0</c3></rotation></pose><symmetry><x>twoFold</x><y>cylindrical</y><z>twoFold</z></symmetry><detectionScore>-1.0</detectionScore></element><element><id>24</id><category>shelving</category><bounds><corner1>-0.6440662340049963, -0.7637814244439718, -1.0064358351436309</corner1><corner2>0.6440662340049963, 0.7637814244439718, 1.0064358351436309</corner2></bounds><pose><translation>-5.074098123150995, -1.841997929945183, -0.6011439925421762</translation><rotation><c1>0, 0, 0</c1><c2>0, 0, 0</c2><c3>0, 0, 0</c3></rotation></pose><symmetry><x>twoFold</x><y>cylindrical</y><z>twoFold</z></symmetry><detectionScore>-1.0</detectionScore></element><element><id>25</id><category>person</category><bounds><corner1>-5.000519854998254, -0.6961584406535586, -1.2028904088759904</corner1><corner2>5.000519854998254, 0.6961584406535586, 1.2028904088759904</corner2></bounds><pose><translation>3.8215773949952703, -6.335582035368889, -0.6893011268664976</translation><rotation><c1>0, 0, 0</c1><c2>0, 0, 0</c2><c3>0, 0, 0</c3></rotation></pose><symmetry><x>twoFold</x><y>cylindrical</y><z>twoFold</z></symmetry><detectionScore>-1.0</detectionScore></element><element><id>26</id><category>person</category><bounds><corner1>-6.574188711486394, -1.5243703853834925, -1.9215811174208306</corner1><corner2>6.574188711486394, 1.5243703853834925, 1.9215811174208306</corner2></bounds><pose><translation>3.1802229099049706, 0.33268158966835226, -0.9877748139069151</translation><rotation><c1>0, 0, 0</c1><c2>0, 0, 0</c2><c3>0, 0, 0</c3></rotation></pose><symmetry><x>twoFold</x><y>cylindrical</y><z>twoFold</z></symmetry><detectionScore>-1.0</detectionScore></element><element><id>27</id><category>person</category><bounds><corner1>-1.7075958292515656, -2.8959890717965635, -1.166134642216521</corner1><corner2>1.7075958292515656, 2.8959890717965635, 1.166134642216521</corner2></bounds><pose><translation>0.8508100488707537, 2.4866580889461396, -0.7363791634985286</translation><rotation><c1>0, 0, 0</c1><c2>0, 0, 0</c2><c3>0, 0, 0</c3></rotation></pose><symmetry><x>twoFold</x><y>cylindrical</y><z>twoFold</z></symmetry><detectionScore>-1.0</detectionScore></element><element><id>28</id><category>wall</category><bounds><corner1>-0.6852567203504054, -0.15896537058347482, -1.6228381881337826</corner1><corner2>0.6852567203504054, 0.15896537058347482, 1.6228381881337826</corner2></bounds><pose><translation>-3.461903263870102, 1.9606271795003107, -0.22909127093658319</translation><rotation><c1>0, 0, 0</c1><c2>0, 0, 0</c2><c3>0, 0, 0</c3></rotation></pose><symmetry><x>twoFold</x><y>cylindrical</y><z>twoFold</z></symmetry><detectionScore>-1.0</detectionScore></element><element><id>29</id><category>desk</category><bounds><corner1>-5.585793617403672, -0.19308480326217037, -0.3753752828912428</corner1><corner2>5.585793617403672, 0.19308480326217037, 0.3753752828912428</corner2></bounds><pose><translation>3.840647118588267, -5.82365686972204, -0.7264866968661547</translation><rotation><c1>0, 0, 0</c1><c2>0, 0, 0</c2><c3>0, 0, 0</c3></rotation></pose><symmetry><x>twoFold</x><y>cylindrical</y><z>twoFold</z></symmetry><detectionScore>-1.0</detectionScore></element><element><id>30</id><category>computer</category><bounds><corner1>-0.4521577006212394, -2.316505187422875, -0.47041133253882045</corner1><corner2>0.4521577006212394, 2.316505187422875, 0.47041133253882045</corner2></bounds><pose><translation>-1.1748772471667859, 2.438013079506841, -0.5565746875932363</translation><rotation><c1>0, 0, 0</c1><c2>0, 0, 0</c2><c3>0, 0, 0</c3></rotation></pose><symmetry><x>twoFold</x><y>cylindrical</y><z>twoFold</z></symmetry><detectionScore>-1.0</detectionScore></element><element><id>31</id><category>kitchen_cabinet</category><bounds><corner1>-0.4199072903987464, -2.537352963230519, -0.43316477867954417</corner1><corner2>0.4199072903987464, 2.537352963230519, 0.43316477867954417</corner2></bounds><pose><translation>-0.35171965035688174, 2.175691216853481, -1.245504709829203</translation><rotation><c1>0, 0, 0</c1><c2>0, 0, 0</c2><c3>0, 0, 0</c3></rotation></pose><symmetry><x>twoFold</x><y>cylindrical</y><z>twoFold</z></symmetry><detectionScore>-1.0</detectionScore></element><element><id>32</id><category>tv_stand</category><bounds><corner1>-0.6491674013088993, -0.8940215995207742, -1.080772682146868</corner1><corner2>0.6491674013088993, 0.8940215995207742, 1.080772682146868</corner2></bounds><pose><translation>-5.081747382605628, -1.814194382163743, -0.5626425881969653</translation><rotation><c1>0, 0, 0</c1><c2>0, 0, 0</c2><c3>0, 0, 0</c3></rotation></pose><symmetry><x>twoFold</x><y>cylindrical</y><z>twoFold</z></symmetry><detectionScore>-1.0</detectionScore></element><element><id>33</id><category>office_chair</category><bounds><corner1>-5.303141366925358, -3.4888900334112485, -0.7692350737424324</corner1><corner2>5.303141366925358, 3.4888900334112485, 0.7692350737424324</corner2></bounds><pose><translation>4.215864866415208, -3.4888900334112485, -0.7692350737424324</translation><rotation><c1>0, 0, 0</c1><c2>0, 0, 0</c2><c3>0, 0, 0</c3></rotation></pose><symmetry><x>twoFold</x><y>cylindrical</y><z>twoFold</z></symmetry><detectionScore>-1.0</detectionScore></element><element><id>34</id><category>person</category><bounds><corner1>-4.141434197067629, -6.113304652936923, -0.9530637312466919</corner1><corner2>4.141434197067629, 6.113304652936923, 0.9530637312466919</corner2></bounds><pose><translation>0.7569078846939812, -9.069385262620925, -0.5751752288256059</translation><rotation><c1>0, 0, 0</c1><c2>0, 0, 0</c2><c3>0, 0, 0</c3></rotation></pose><symmetry><x>twoFold</x><y>cylindrical</y><z>twoFold</z></symmetry><detectionScore>-1.0</detectionScore></element><element><id>35</id><category>wall</category><bounds><corner1>-0.31088839042501704, -2.208374569395038, -1.2989075238344083</corner1><corner2>0.31088839042501704, 2.208374569395038, 1.2989075238344083</corner2></bounds><pose><translation>9.51432453756, -0.3686382925369245, -0.038383175230702476</translation><rotation><c1>0, 0, 0</c1><c2>0, 0, 0</c2><c3>0, 0, 0</c3></rotation></pose><symmetry><x>twoFold</x><y>cylindrical</y><z>twoFold</z></symmetry><detectionScore>-1.0</detectionScore></element><element><id>36</id><category>wall</category><bounds><corner1>-5.221746502229937, -7.655150719671359, -1.1897057562086804</corner1><corner2>5.221746502229937, 7.655150719671359, 1.1897057562086804</corner2></bounds><pose><translation>-0.009400494426981685, -12.407638990439585, -0.11409851798510748</translation><rotation><c1>0, 0, 0</c1><c2>0, 0, 0</c2><c3>0, 0, 0</c3></rotation></pose><symmetry><x>twoFold</x><y>cylindrical</y><z>twoFold</z></symmetry><detectionScore>-1.0</detectionScore></element><element><id>37</id><category>trash_can</category><bounds><corner1>-0.6384260041786849, -0.8742891458333568, -0.6731554937247638</corner1><corner2>0.6384260041786849, 0.8742891458333568, 0.6731554937247638</corner2></bounds><pose><translation>-5.07536660938662, -1.9339105810768449, -0.8296262191854314</translation><rotation><c1>0, 0, 0</c1><c2>0, 0, 0</c2><c3>0, 0, 0</c3></rotation></pose><symmetry><x>twoFold</x><y>cylindrical</y><z>twoFold</z></symmetry><detectionScore>-1.0</detectionScore></element><element><id>38</id><category>trash_can</category><bounds><corner1>-0.97989106398841, -0.6122826225718452, -0.6357059302936927</corner1><corner2>0.97989106398841, 0.6122826225718452, 0.6357059302936927</corner2></bounds><pose><translation>-2.371459187977166, -2.9004992876663427, -0.9647484119905032</translation><rotation><c1>0, 0, 0</c1><c2>0, 0, 0</c2><c3>0, 0, 0</c3></rotation></pose><symmetry><x>twoFold</x><y>cylindrical</y><z>twoFold</z></symmetry><detectionScore>-1.0</detectionScore></element><element><id>39</id><category>desk</category><bounds><corner1>-1.6818786731609032, -0.7560092713204574, -0.4776039464885603</corner1><corner2>1.6818786731609032, 0.7560092713204574, 0.4776039464885603</corner2></bounds><pose><translation>4.251958853119001, -3.3326259356740557, -1.1136757817091718</translation><rotation><c1>0, 0, 0</c1><c2>0, 0, 0</c2><c3>0, 0, 0</c3></rotation></pose><symmetry><x>twoFold</x><y>cylindrical</y><z>twoFold</z></symmetry><detectionScore>-1.0</detectionScore></element><element><id>40</id><category>trash_can</category><bounds><corner1>-0.10623702614587849, -0.2817347861830095, -0.49460284015405775</corner1><corner2>0.10623702614587849, 0.2817347861830095, 0.49460284015405775</corner2></bounds><pose><translation>-4.976236767611165, -4.1258800838854, -1.008885663699172</translation><rotation><c1>0, 0, 0</c1><c2>0, 0, 0</c2><c3>0, 0, 0</c3></rotation></pose><symmetry><x>twoFold</x><y>cylindrical</y><z>twoFold</z></symmetry><detectionScore>-1.0</detectionScore></element><element><id>41</id><category>wall</category><bounds><corner1>-9.707313883969679, -0.0, -0.4578025745695843</corner1><corner2>9.707313883969679, 0.0, 0.4578025745695843</corner2></bounds><pose><translation>0.0, 0.0, 0.0</translation><rotation><c1>0, 0, 0</c1><c2>0, 0, 0</c2><c3>0, 0, 0</c3></rotation></pose><symmetry><x>twoFold</x><y>cylindrical</y><z>twoFold</z></symmetry><detectionScore>-1.0</detectionScore></element><element><id>42</id><category>dishwasher</category><bounds><corner1>-0.5189110136692039, -0.64500198997683, -0.5651218385230519</corner1><corner2>0.5189110136692039, 0.64500198997683, 0.5651218385230519</corner2></bounds><pose><translation>-1.0826232317217157, -2.9473166663280304, -1.0332421354511199</translation><rotation><c1>0, 0, 0</c1><c2>0, 0, 0</c2><c3>0, 0, 0</c3></rotation></pose><symmetry><x>twoFold</x><y>cylindrical</y><z>twoFold</z></symmetry><detectionScore>-1.0</detectionScore></element><element><id>43</id><category>trash_can</category><bounds><corner1>-0.10642764990763265, -0.583304547731569, -0.5049532886355772</corner1><corner2>0.10642764990763265, 0.583304547731569, 0.5049532886355772</corner2></bounds><pose><translation>-5.0031886296319215, -3.4728502259578393, -0.9959341206165422</translation><rotation><c1>0, 0, 0</c1><c2>0, 0, 0</c2><c3>0, 0, 0</c3></rotation></pose><symmetry><x>twoFold</x><y>cylindrical</y><z>twoFold</z></symmetry><detectionScore>-1.0</detectionScore></element><element><id>44</id><category>person</category><bounds><corner1>-2.2580545687605458, -2.5490522882748126, -1.018400202480528</corner1><corner2>2.2580545687605458, 2.5490522882748126, 1.018400202480528</corner2></bounds><pose><translation>4.294828428071055, -2.5490522882748126, -0.7465435987639899</translation><rotation><c1>0, 0, 0</c1><c2>0, 0, 0</c2><c3>0, 0, 0</c3></rotation></pose><symmetry><x>twoFold</x><y>cylindrical</y><z>twoFold</z></symmetry><detectionScore>-1.0</detectionScore></element><element><id>45</id><category>person</category><bounds><corner1>-1.3951840763400394, -3.1347909299097045, -1.6749396807786563</corner1><corner2>1.3951840763400394, 3.1347909299097045, 1.6749396807786563</corner2></bounds><pose><translation>1.433326733624529, 1.8310685521010468, -0.732909814767387</translation><rotation><c1>0, 0, 0</c1><c2>0, 0, 0</c2><c3>0, 0, 0</c3></rotation></pose><symmetry><x>twoFold</x><y>cylindrical</y><z>twoFold</z></symmetry><detectionScore>-1.0</detectionScore></element><element><id>46</id><category>person</category><bounds><corner1>-4.788716772909449, -0.7607827491141412, -1.276017922737609</corner1><corner2>4.788716772909449, 0.7607827491141412, 1.276017922737609</corner2></bounds><pose><translation>4.8038317401766655, -6.143977682352002, -0.8459079431966292</translation><rotation><c1>0, 0, 0</c1><c2>0, 0, 0</c2><c3>0, 0, 0</c3></rotation></pose><symmetry><x>twoFold</x><y>cylindrical</y><z>twoFold</z></symmetry><detectionScore>-1.0</detectionScore></element><element><id>47</id><category>kitchen_cabinet</category><bounds><corner1>-0.45924832731679865, -0.7861073711505524, -0.6494878782277989</corner1><corner2>0.45924832731679865, 0.7861073711505524, 0.6494878782277989</corner2></bounds><pose><translation>1.1750887289160965, 2.1146858289803503, -1.166006595472532</translation><rotation><c1>0, 0, 0</c1><c2>0, 0, 0</c2><c3>0, 0, 0</c3></rotation></pose><symmetry><x>twoFold</x><y>cylindrical</y><z>twoFold</z></symmetry><detectionScore>-1.0</detectionScore></element><element><id>48</id><category>trash_can</category><bounds><corner1>-0.1535801620784305, -0.5489132584311553, -0.1684046643863122</corner1><corner2>0.1535801620784305, 0.5489132584311553, 0.1684046643863122</corner2></bounds><pose><translation>-5.059117584532347, -3.6553398876578242, -0.611630143231708</translation><rotation><c1>0, 0, 0</c1><c2>0, 0, 0</c2><c3>0, 0, 0</c3></rotation></pose><symmetry><x>twoFold</x><y>cylindrical</y><z>twoFold</z></symmetry><detectionScore>-1.0</detectionScore></element><element><id>49</id><category>desk</category><bounds><corner1>-4.9622417674016654, -1.5946599665717287, -0.6431678214541787</corner1><corner2>4.9622417674016654, 1.5946599665717287, 0.6431678214541787</corner2></bounds><pose><translation>4.2689983472218165, 0.13958021675933635, -1.053552710162964</translation><rotation><c1>0, 0, 0</c1><c2>0, 0, 0</c2><c3>0, 0, 0</c3></rotation></pose><symmetry><x>twoFold</x><y>cylindrical</y><z>twoFold</z></symmetry><detectionScore>-1.0</detectionScore></element><element><id>50</id><category>person</category><bounds><corner1>-5.609689029155861, -0.18804794160710703, -1.0847404696127843</corner1><corner2>5.609689029155861, 0.18804794160710703, 1.0847404696127843</corner2></bounds><pose><translation>3.9027602686543035, -5.811949679362222, -0.7425600086198773</translation><rotation><c1>0, 0, 0</c1><c2>0, 0, 0</c2><c3>0, 0, 0</c3></rotation></pose><symmetry><x>twoFold</x><y>cylindrical</y><z>twoFold</z></symmetry><detectionScore>-1.0</detectionScore></element><element><id>51</id><category>door</category><bounds><corner1>-0.3077560128314616, -0.08669138962187661, -1.4246599223517968</corner1><corner2>0.3077560128314616, 0.08669138962187661, 1.4246599223517968</corner2></bounds><pose><translation>-1.3651705222483779, -2.3594018721163996, -0.21579514988569082</translation><rotation><c1>0, 0, 0</c1><c2>0, 0, 0</c2><c3>0, 0, 0</c3></rotation></pose><symmetry><x>twoFold</x><y>cylindrical</y><z>twoFold</z></symmetry><detectionScore>-1.0</detectionScore></element><element><id>52</id><category>wall</category><bounds><corner1>-4.325939833567572, -0.1621114674204822, -1.6204347115189421</corner1><corner2>4.325939833567572, 0.1621114674204822, 1.6204347115189421</corner2></bounds><pose><translation>3.601168330959126, 1.9359672645664894, -0.22325791031705003</translation><rotation><c1>0, 0, 0</c1><c2>0, 0, 0</c2><c3>0, 0, 0</c3></rotation></pose><symmetry><x>twoFold</x><y>cylindrical</y><z>twoFold</z></symmetry><detectionScore>-1.0</detectionScore></element><element><id>53</id><category>trash_can</category><bounds><corner1>-0.673991840519657, -0.6385915761390306, -0.586075892449158</corner1><corner2>0.673991840519657, 0.6385915761390306, 0.586075892449158</corner2></bounds><pose><translation>-0.9383419745340351, -2.956922136140759, -1.000931553389569</translation><rotation><c1>0, 0, 0</c1><c2>0, 0, 0</c2><c3>0, 0, 0</c3></rotation></pose><symmetry><x>twoFold</x><y>cylindrical</y><z>twoFold</z></symmetry><detectionScore>-1.0</detectionScore></element></elements></scene>