<?xml version='1.0' encoding='utf-8'?>
<scene xmlns:sumo="https://www.sumochallenge.org"><version>2.0</version><categories><id>fb_categories_v1.0</id><url>https://sumochallenge.org/en/categories-1_0.json</url></categories><project_type>bounding_box</project_type><elements><element><id>4</id><category>kitchen_cabinet</category><bounds><corner1>-0.14416837, -1.05456532, -2.00704964</corner1><corner2>0.14416837, 1.05456532, 2.00704964</corner2></bounds><pose><translation>-7.28814604, -0.37679746,  1.57795001</translation><rotation><c1>1., 0., 0.</c1><c2>0., 1., 0.</c2><c3>0., 0., 1.</c3></rotation></pose><symmetry><x>none</x><y>none</y><z>none</z></symmetry><detectionScore>0.9892757</detectionScore></element><element><id>1</id><category>kitchen_cabinet</category><bounds><corner1>-0.33776902, -1.08957281, -1.12322195</corner1><corner2>0.33776902, 1.08957281, 1.12322195</corner2></bounds><pose><translation>-7.42932314, -0.38890872,  4.67584026</translation><rotation><c1>1., 0., 0.</c1><c2>0., 1., 0.</c2><c3>0., 0., 1.</c3></rotation></pose><symmetry><x>none</x><y>none</y><z>none</z></symmetry><detectionScore>0.9203204</detectionScore></element><element><id>3</id><category>chair</category><bounds><corner1>-0.59455325, -0.43426739, -3.06150963</corner1><corner2>0.59455325, 0.43426739, 3.06150963</corner2></bounds><pose><translation> 0.39450684, -0.9917227 ,  1.98100361</translation><rotation><c1>1., 0., 0.</c1><c2>0., 1., 0.</c2><c3>0., 0., 1.</c3></rotation></pose><symmetry><x>none</x><y>none</y><z>none</z></symmetry><detectionScore>0.8133891</detectionScore></element><element><id>2</id><category>wall</category><bounds><corner1>-0.94907544, -1.21178023, -0.12915354</corner1><corner2>0.94907544, 1.21178023, 0.12915354</corner2></bounds><pose><translation>-0.10967796, -0.07812679,  7.38591538</translation><rotation><c1>1., 0., 0.</c1><c2>0., 1., 0.</c2><c3>0., 0., 1.</c3></rotation></pose><symmetry><x>none</x><y>twoFold</y><z>none</z></symmetry><detectionScore>0.8160269</detectionScore></element><element><id>7</id><category>chair</category><bounds><corner1>-0.71534198, -0.06812869, -5.02605828</corner1><corner2>0.71534198, 0.06812869, 5.02605828</corner2></bounds><pose><translation>-1.75112731, -0.70921376,  2.36913189</translation><rotation><c1>1., 0., 0.</c1><c2>0., 1., 0.</c2><c3>0., 0., 1.</c3></rotation></pose><symmetry><x>none</x><y>none</y><z>none</z></symmetry><detectionScore>0.584015</detectionScore></element><element><id>6</id><category>door</category><bounds><corner1>-3.57329877, -1.49716234, -3.60943078</corner1><corner2>3.57329877, 1.49716234, 3.60943078</corner2></bounds><pose><translation>-3.57329877, -0.38206461, 10.42732588</translation><rotation><c1>1., 0., 0.</c1><c2>0., 1., 0.</c2><c3>0., 0., 1.</c3></rotation></pose><symmetry><x>twoFold</x><y>twoFold</y><z>twoFold</z></symmetry><detectionScore>0.7400357</detectionScore></element></elements></scene>