<?xml version='1.0' encoding='utf-8'?>
<scene xmlns:sumo="https://www.sumochallenge.org"><version>2.0</version><categories><id>fb_categories_v1.0</id><url>https://sumochallenge.org/en/categories-1_0.json</url></categories><project_type>bounding_box</project_type><elements><element><id>25</id><category>wall</category><bounds><corner1>-1.88282992, -1.05167163, -2.10211737</corner1><corner2> 1.25621292,  1.18662993, -1.28498332</corner2></bounds><pose><translation>0., 0., 0.</translation><rotation><c1>1., 0., 0.</c1><c2>0., 1., 0.</c2><c3>0., 0., 1.</c3></rotation></pose><symmetry><x>none</x><y>none</y><z>none</z></symmetry><detectionScore>-1</detectionScore></element><element><id>18</id><category>wall</category><bounds><corner1> 2.59212395, -1.0997253 , -2.06471757</corner1><corner2>4.71455392, 1.19109841, 0.93227084</corner2></bounds><pose><translation>0., 0., 0.</translation><rotation><c1>1., 0., 0.</c1><c2>0., 1., 0.</c2><c3>0., 0., 1.</c3></rotation></pose><symmetry><x>none</x><y>none</y><z>none</z></symmetry><detectionScore>-1</detectionScore></element><element><id>21</id><category>chair</category><bounds><corner1> 1.24895074, -0.99521642, -2.0549846 </corner1><corner2> 4.16335708, -0.59124264, -0.32875543</corner2></bounds><pose><translation>0., 0., 0.</translation><rotation><c1>1., 0., 0.</c1><c2>0., 1., 0.</c2><c3>0., 0., 1.</c3></rotation></pose><symmetry><x>none</x><y>none</y><z>none</z></symmetry><detectionScore>-1</detectionScore></element><element><id>19</id><category>armchair</category><bounds><corner1> 2.18097513, -1.47152251, -0.23177887</corner1><corner2> 4.70052243, -0.50633013,  0.93982052</corner2></bounds><pose><translation>0., 0., 0.</translation><rotation><c1>1., 0., 0.</c1><c2>0., 1., 0.</c2><c3>0., 0., 1.</c3></rotation></pose><symmetry><x>none</x><y>none</y><z>none</z></symmetry><detectionScore>-1</detectionScore></element><element><id>17</id><category>picture_frame</category><bounds><corner1> 2.24603522, -0.90132122, -2.09521912</corner1><corner2> 4.2150386 ,  1.2010397 , -1.31834116</corner2></bounds><pose><translation>0., 0., 0.</translation><rotation><c1>1., 0., 0.</c1><c2>0., 1., 0.</c2><c3>0., 0., 1.</c3></rotation></pose><symmetry><x>none</x><y>none</y><z>none</z></symmetry><detectionScore>-1</detectionScore></element><element><id>6</id><category>floor_lamp</category><bounds><corner1> 0.18788355, -1.29075325, -2.09906334</corner1><corner2> 0.9046993 ,  0.2845673 , -1.56695867</corner2></bounds><pose><translation>0., 0., 0.</translation><rotation><c1>1., 0., 0.</c1><c2>0., 1., 0.</c2><c3>0., 0., 1.</c3></rotation></pose><symmetry><x>none</x><y>none</y><z>none</z></symmetry><detectionScore>-1</detectionScore></element><element><id>8</id><category>stand</category><bounds><corner1>-1.3520956 , -1.3321331 , -2.06396669</corner1><corner2>-0.08939477, -0.54942305, -0.93198542</corner2></bounds><pose><translation>0., 0., 0.</translation><rotation><c1>1., 0., 0.</c1><c2>0., 1., 0.</c2><c3>0., 0., 1.</c3></rotation></pose><symmetry><x>none</x><y>none</y><z>none</z></symmetry><detectionScore>-1</detectionScore></element><element><id>7</id><category>floor_lamp</category><bounds><corner1> 1.5960325 , -0.98198224, -2.08646789</corner1><corner2> 4.69006685,  0.45415509, -0.42301068</corner2></bounds><pose><translation>0., 0., 0.</translation><rotation><c1>1., 0., 0.</c1><c2>0., 1., 0.</c2><c3>0., 0., 1.</c3></rotation></pose><symmetry><x>none</x><y>none</y><z>none</z></symmetry><detectionScore>-1</detectionScore></element><element><id>16</id><category>window</category><bounds><corner1>-4.02232812, -2.06174472,  0.82008921</corner1><corner2>-1.85209537,  1.14971946,  2.63703791</corner2></bounds><pose><translation>0., 0., 0.</translation><rotation><c1>1., 0., 0.</c1><c2>0., 1., 0.</c2><c3>0., 0., 1.</c3></rotation></pose><symmetry><x>none</x><y>none</y><z>none</z></symmetry><detectionScore>-1</detectionScore></element><element><id>10</id><category>dresser</category><bounds><corner1>-0.26375535, -1.45462158, -2.07291119</corner1><corner2> 0.74999959, -0.49950848, -1.57500486</corner2></bounds><pose><translation>0., 0., 0.</translation><rotation><c1>1., 0., 0.</c1><c2>0., 1., 0.</c2><c3>0., 0., 1.</c3></rotation></pose><symmetry><x>none</x><y>none</y><z>none</z></symmetry><detectionScore>-1</detectionScore></element><element><id>22</id><category>column</category><bounds><corner1>-4.01142901, -2.99579446,  0.9282117 </corner1><corner2>-1.71101863, -1.32495415,  2.53861733</corner2></bounds><pose><translation>0., 0., 0.</translation><rotation><c1>1., 0., 0.</c1><c2>0., 1., 0.</c2><c3>0., 0., 1.</c3></rotation></pose><symmetry><x>none</x><y>none</y><z>none</z></symmetry><detectionScore>-1</detectionScore></element><element><id>23</id><category>window</category><bounds><corner1>-1.97096015, -0.81584957, -1.02452666</corner1><corner2>-1.89303897,  0.61190456,  0.36091485</corner2></bounds><pose><translation>0., 0., 0.</translation><rotation><c1>1., 0., 0.</c1><c2>0., 1., 0.</c2><c3>0., 0., 1.</c3></rotation></pose><symmetry><x>none</x><y>none</y><z>none</z></symmetry><detectionScore>-1</detectionScore></element><element><id>11</id><category>dresser</category><bounds><corner1>-1.36387277, -1.31397942, -2.06593012</corner1><corner2>-0.02697667, -0.51038423, -0.93902357</corner2></bounds><pose><translation>0., 0., 0.</translation><rotation><c1>1., 0., 0.</c1><c2>0., 1., 0.</c2><c3>0., 0., 1.</c3></rotation></pose><symmetry><x>none</x><y>none</y><z>none</z></symmetry><detectionScore>-1</detectionScore></element><element><id>2</id><category>window</category><bounds><corner1>-1.96999503, -0.87185527, -1.54528447</corner1><corner2>-1.39405666,  0.79893271, -0.82216726</corner2></bounds><pose><translation>0., 0., 0.</translation><rotation><c1>1., 0., 0.</c1><c2>0., 1., 0.</c2><c3>0., 0., 1.</c3></rotation></pose><symmetry><x>none</x><y>none</y><z>none</z></symmetry><detectionScore>-1</detectionScore></element><element><id>14</id><category>table_lamp</category><bounds><corner1> 0.20791524, -0.67948593, -2.10111684</corner1><corner2> 0.93231219,  0.12363721, -1.56102445</corner2></bounds><pose><translation>0., 0., 0.</translation><rotation><c1>1., 0., 0.</c1><c2>0., 1., 0.</c2><c3>0., 0., 1.</c3></rotation></pose><symmetry><x>none</x><y>none</y><z>none</z></symmetry><detectionScore>-1</detectionScore></element><element><id>9</id><category>stand</category><bounds><corner1>-0.22442194, -1.46001907, -2.06690974</corner1><corner2> 0.7178666 , -0.51728834, -1.57500969</corner2></bounds><pose><translation>0., 0., 0.</translation><rotation><c1>1., 0., 0.</c1><c2>0., 1., 0.</c2><c3>0., 0., 1.</c3></rotation></pose><symmetry><x>none</x><y>none</y><z>none</z></symmetry><detectionScore>-1</detectionScore></element><element><id>20</id><category>dressing_table</category><bounds><corner1> 1.9810787 , -1.04665589, -2.08341484</corner1><corner2> 4.69924741,  0.43545695, -0.19843784</corner2></bounds><pose><translation>0., 0., 0.</translation><rotation><c1>1., 0., 0.</c1><c2>0., 1., 0.</c2><c3>0., 0., 1.</c3></rotation></pose><symmetry><x>none</x><y>none</y><z>none</z></symmetry><detectionScore>-1</detectionScore></element><element><id>5</id><category>plant</category><bounds><corner1>-1.04045195, -0.73338483, -2.10141863</corner1><corner2>-0.14565385, -0.03828922, -1.58598718</corner2></bounds><pose><translation>0., 0., 0.</translation><rotation><c1>1., 0., 0.</c1><c2>0., 1., 0.</c2><c3>0., 0., 1.</c3></rotation></pose><symmetry><x>none</x><y>none</y><z>none</z></symmetry><detectionScore>-1</detectionScore></element><element><id>24</id><category>chandelier</category><bounds><corner1> 2.0429674 ,  1.1579419 , -1.32440453</corner1><corner2> 2.60988256,  1.2113578 , -0.70970253</corner2></bounds><pose><translation>0., 0., 0.</translation><rotation><c1>1., 0., 0.</c1><c2>0., 1., 0.</c2><c3>0., 0., 1.</c3></rotation></pose><symmetry><x>none</x><y>none</y><z>none</z></symmetry><detectionScore>-1</detectionScore></element><element><id>12</id><category>wall</category><bounds><corner1> 1.79797877, -0.87707757, -2.0968699 </corner1><corner2> 4.44320174,  1.20309084, -0.96243567</corner2></bounds><pose><translation>0., 0., 0.</translation><rotation><c1>1., 0., 0.</c1><c2>0., 1., 0.</c2><c3>0., 0., 1.</c3></rotation></pose><symmetry><x>none</x><y>none</y><z>none</z></symmetry><detectionScore>-1</detectionScore></element><element><id>15</id><category>wall</category><bounds><corner1>-3.98519559, -2.0167912 ,  0.49131277</corner1><corner2>-1.75702173,  1.18914021,  2.36838027</corner2></bounds><pose><translation>0., 0., 0.</translation><rotation><c1>1., 0., 0.</c1><c2>0., 1., 0.</c2><c3>0., 0., 1.</c3></rotation></pose><symmetry><x>none</x><y>none</y><z>none</z></symmetry><detectionScore>-1</detectionScore></element><element><id>4</id><category>wall</category><bounds><corner1>-3.95873396, -1.47715363, -1.50262894</corner1><corner2>-1.18003337,  1.0568603 ,  2.44616876</corner2></bounds><pose><translation>0., 0., 0.</translation><rotation><c1>1., 0., 0.</c1><c2>0., 1., 0.</c2><c3>0., 0., 1.</c3></rotation></pose><symmetry><x>none</x><y>none</y><z>none</z></symmetry><detectionScore>-1</detectionScore></element><element><id>1</id><category>table_and_chair</category><bounds><corner1> 2.0990532 , -1.04450631, -2.08240451</corner1><corner2> 4.66234131, -0.27850882, -0.32695451</corner2></bounds><pose><translation>0., 0., 0.</translation><rotation><c1>1., 0., 0.</c1><c2>0., 1., 0.</c2><c3>0., 0., 1.</c3></rotation></pose><symmetry><x>none</x><y>none</y><z>none</z></symmetry><detectionScore>-1</detectionScore></element><element><id>3</id><category>chandelier</category><bounds><corner1>-1.58992502,  0.73852961,  0.93400293</corner1><corner2>-0.57007279,  1.21121286,  1.79009273</corner2></bounds><pose><translation>0., 0., 0.</translation><rotation><c1>1., 0., 0.</c1><c2>0., 1., 0.</c2><c3>0., 0., 1.</c3></rotation></pose><symmetry><x>none</x><y>none</y><z>none</z></symmetry><detectionScore>-1</detectionScore></element><element><id>13</id><category>wall</category><bounds><corner1>-1.96991433, -0.9486668 , -1.58496419</corner1><corner2>-1.31200798,  1.14275407, -0.67940237</corner2></bounds><pose><translation>0., 0., 0.</translation><rotation><c1>1., 0., 0.</c1><c2>0., 1., 0.</c2><c3>0., 0., 1.</c3></rotation></pose><symmetry><x>none</x><y>none</y><z>none</z></symmetry><detectionScore>-1</detectionScore></element></elements></scene>