<?xml version='1.0' encoding='utf-8'?>
<scene xmlns:sumo="https://www.sumochallenge.org"><version>2.0</version><categories><id>fb_categories_v1_0</id><url>https://sumochallenge.org/en/categories-1_0.json</url></categories><project_type>bounding_box</project_type><elements><element><id>0</id><category>shelving</category><bounds><corner1>-0.7349778625954668, -0.2824028008662762, -0.38352882973138813</corner1><corner2>0.7349778625954668, 0.2824028008662762, 0.38352882973138813</corner2></bounds><pose><translation>3.7097566984353687, 2.5811805853622127, 0.576807659079627</translation><rotation><c1>0, 0, 0</c1><c2>0, 0, 0</c2><c3>0, 0, 0</c3></rotation></pose><symmetry><x>twoFold</x><y>cylindrical</y><z>twoFold</z></symmetry><detectionScore>-1.0</detectionScore></element><element><id>1</id><category>door</category><bounds><corner1>-0.08940638581082849, -0.60854863553343, -1.1416761811638139</corner1><corner2>0.08940638581082849, 0.60854863553343, 1.1416761811638139</corner2></bounds><pose><translation>-2.65915391572686, -1.6464732696603739, -0.4296489862513785</translation><rotation><c1>0, 0, 0</c1><c2>0, 0, 0</c2><c3>0, 0, 0</c3></rotation></pose><symmetry><x>twoFold</x><y>cylindrical</y><z>twoFold</z></symmetry><detectionScore>-1.0</detectionScore></element><element><id>2</id><category>shelving</category><bounds><corner1>-1.1429061029921392, -0.7636370536991621, -1.2533148345011809</corner1><corner2>1.1429061029921392, 0.7636370536991621, 1.2533148345011809</corner2></bounds><pose><translation>3.3525447911252853, -2.390737747856032, -0.44169046177909466</translation><rotation><c1>0, 0, 0</c1><c2>0, 0, 0</c2><c3>0, 0, 0</c3></rotation></pose><symmetry><x>twoFold</x><y>cylindrical</y><z>twoFold</z></symmetry><detectionScore>-1.0</detectionScore></element><element><id>3</id><category>window</category><bounds><corner1>-1.5358324287118936, -0.07721736201836604, -1.476038293556536</corner1><corner2>1.5358324287118936, 0.07721736201836604, 1.476038293556536</corner2></bounds><pose><translation>-0.45000232818412067, 2.9951454506981046, -0.17315064697617022</translation><rotation><c1>0, 0, 0</c1><c2>0, 0, 0</c2><c3>0, 0, 0</c3></rotation></pose><symmetry><x>twoFold</x><y>cylindrical</y><z>twoFold</z></symmetry><detectionScore>-1.0</detectionScore></element><element><id>4</id><category>wall</category><bounds><corner1>-0.11076981736224667, -2.6734937861941206, -1.4379090727725108</corner1><corner2>0.11076981736224667, 2.6734937861941206, 1.4379090727725108</corner2></bounds><pose><translation>4.4591894568514165, 0.12747447411049667, -0.1002384743886943</translation><rotation><c1>0, 0, 0</c1><c2>0, 0, 0</c2><c3>0, 0, 0</c3></rotation></pose><symmetry><x>twoFold</x><y>cylindrical</y><z>twoFold</z></symmetry><detectionScore>-1.0</detectionScore></element><element><id>5</id><category>fireplace</category><bounds><corner1>-0.19570668200663022, -0.6123773700870019, -0.6707499156824483</corner1><corner2>0.19570668200663022, 0.6123773700870019, 0.6707499156824483</corner2></bounds><pose><translation>-2.693744008370139, 1.827280520150146, -1.1556938299723964</translation><rotation><c1>0, 0, 0</c1><c2>0, 0, 0</c2><c3>0, 0, 0</c3></rotation></pose><symmetry><x>twoFold</x><y>cylindrical</y><z>twoFold</z></symmetry><detectionScore>-1.0</detectionScore></element><element><id>6</id><category>hanging_kitchen_cabinet</category><bounds><corner1>-0.7268605541347712, -0.2852111156266415, -0.29533930676016673</corner1><corner2>0.7268605541347712, 0.2852111156266415, 0.29533930676016673</corner2></bounds><pose><translation>3.7150675885582007, 2.5785283506633565, 0.5697498868690944</translation><rotation><c1>0, 0, 0</c1><c2>0, 0, 0</c2><c3>0, 0, 0</c3></rotation></pose><symmetry><x>twoFold</x><y>cylindrical</y><z>twoFold</z></symmetry><detectionScore>-1.0</detectionScore></element><element><id>7</id><category>television</category><bounds><corner1>-0.5218821090438523, -0.32416988454760043, -0.39891827667232616</corner1><corner2>0.5218821090438523, 0.32416988454760043, 0.39891827667232616</corner2></bounds><pose><translation>3.955327459576289, 2.5454732842504044, 0.5801839535429382</translation><rotation><c1>0, 0, 0</c1><c2>0, 0, 0</c2><c3>0, 0, 0</c3></rotation></pose><symmetry><x>twoFold</x><y>cylindrical</y><z>twoFold</z></symmetry><detectionScore>-1.0</detectionScore></element><element><id>8</id><category>television</category><bounds><corner1>-0.07849474981586013, -0.6796764253751533, -0.43732301480549635</corner1><corner2>0.07849474981586013, 0.6796764253751533, 0.43732301480549635</corner2></bounds><pose><translation>-2.9057236578869974, 1.7950867804103774, 0.23125181054107297</translation><rotation><c1>0, 0, 0</c1><c2>0, 0, 0</c2><c3>0, 0, 0</c3></rotation></pose><symmetry><x>twoFold</x><y>cylindrical</y><z>twoFold</z></symmetry><detectionScore>-1.0</detectionScore></element><element><id>9</id><category>wall</category><bounds><corner1>-0.09372406523913268, -2.2991013790838206, -1.4504883347188768</corner1><corner2>0.09372406523913268, 2.2991013790838206, 1.4504883347188768</corner2></bounds><pose><translation>-2.6766605134726467, 0.13303593266554475, -0.12771870883748618</translation><rotation><c1>0, 0, 0</c1><c2>0, 0, 0</c2><c3>0, 0, 0</c3></rotation></pose><symmetry><x>twoFold</x><y>cylindrical</y><z>twoFold</z></symmetry><detectionScore>-1.0</detectionScore></element><element><id>10</id><category>books</category><bounds><corner1>-0.7279258748903366, -0.2867588039648181, -0.2881450368294758</corner1><corner2>0.7279258748903366, 0.2867588039648181, 0.2881450368294758</corner2></bounds><pose><translation>3.7037986732451524, 2.5773920661535206, 0.5677925997503468</translation><rotation><c1>0, 0, 0</c1><c2>0, 0, 0</c2><c3>0, 0, 0</c3></rotation></pose><symmetry><x>twoFold</x><y>cylindrical</y><z>twoFold</z></symmetry><detectionScore>-1.0</detectionScore></element><element><id>11</id><category>wall</category><bounds><corner1>-0.0806552855957281, -0.7704597149918554, -1.2068447229437664</corner1><corner2>0.0806552855957281, 0.7704597149918554, 1.2068447229437664</corner2></bounds><pose><translation>-2.659089137415433, -1.4684807677182856, -0.10089789802102261</translation><rotation><c1>0, 0, 0</c1><c2>0, 0, 0</c2><c3>0, 0, 0</c3></rotation></pose><symmetry><x>twoFold</x><y>cylindrical</y><z>twoFold</z></symmetry><detectionScore>-1.0</detectionScore></element><element><id>12</id><category>armchair</category><bounds><corner1>-1.1362246860083176, -0.465233417940352, -0.4244045144094718</corner1><corner2>1.1362246860083176, 0.465233417940352, 0.4244045144094718</corner2></bounds><pose><translation>3.3850604817847834, -1.464591157376028, -1.169671020365128</translation><rotation><c1>0, 0, 0</c1><c2>0, 0, 0</c2><c3>0, 0, 0</c3></rotation></pose><symmetry><x>twoFold</x><y>cylindrical</y><z>twoFold</z></symmetry><detectionScore>-1.0</detectionScore></element><element><id>13</id><category>door</category><bounds><corner1>-0.6633467099615732, -0.3594422053451001, -1.623956117578184</corner1><corner2>0.6633467099615732, 0.3594422053451001, 1.623956117578184</corner2></bounds><pose><translation>0.35566853670348986, -2.8437784700434356, -0.17522427276388225</translation><rotation><c1>0, 0, 0</c1><c2>0, 0, 0</c2><c3>0, 0, 0</c3></rotation></pose><symmetry><x>twoFold</x><y>cylindrical</y><z>twoFold</z></symmetry><detectionScore>-1.0</detectionScore></element><element><id>14</id><category>kitchen_cabinet</category><bounds><corner1>-0.6405687063825434, -0.25533963168468077, -1.6380982470038437</corner1><corner2>0.6405687063825434, 0.25533963168468077, 1.6380982470038437</corner2></bounds><pose><translation>0.33843710162430474, -2.850399058931413, -0.23728344301555612</translation><rotation><c1>0, 0, 0</c1><c2>0, 0, 0</c2><c3>0, 0, 0</c3></rotation></pose><symmetry><x>twoFold</x><y>cylindrical</y><z>twoFold</z></symmetry><detectionScore>-1.0</detectionScore></element><element><id>15</id><category>plant</category><bounds><corner1>-0.516076780711263, -0.2631622926757671, -0.4722089716687622</corner1><corner2>0.516076780711263, 0.2631622926757671, 0.4722089716687622</corner2></bounds><pose><translation>-2.0285379913708663, 2.6639006310506743, -1.4324223863777243</translation><rotation><c1>0, 0, 0</c1><c2>0, 0, 0</c2><c3>0, 0, 0</c3></rotation></pose><symmetry><x>twoFold</x><y>cylindrical</y><z>twoFold</z></symmetry><detectionScore>-1.0</detectionScore></element><element><id>16</id><category>plant</category><bounds><corner1>-0.5520456813544183, -0.2866202839917942, -0.42223562775268586</corner1><corner2>0.5520456813544183, 0.2866202839917942, 0.42223562775268586</corner2></bounds><pose><translation>1.7334297350643268, 2.7131416467656218, -1.4105063133611118</translation><rotation><c1>0, 0, 0</c1><c2>0, 0, 0</c2><c3>0, 0, 0</c3></rotation></pose><symmetry><x>twoFold</x><y>cylindrical</y><z>twoFold</z></symmetry><detectionScore>-1.0</detectionScore></element><element><id>17</id><category>books</category><bounds><corner1>-0.6440577880731184, -0.2472334357700281, -0.3596315381360208</corner1><corner2>0.6440577880731184, 0.2472334357700281, 0.3596315381360208</corner2></bounds><pose><translation>3.3782600481763274, 2.620964700912683, 0.6349177439107739</translation><rotation><c1>0, 0, 0</c1><c2>0, 0, 0</c2><c3>0, 0, 0</c3></rotation></pose><symmetry><x>twoFold</x><y>cylindrical</y><z>twoFold</z></symmetry><detectionScore>-1.0</detectionScore></element><element><id>18</id><category>loudspeaker</category><bounds><corner1>-0.09707753751588033, -0.3852705565682861, -0.7210533581366805</corner1><corner2>0.09707753751588033, 0.3852705565682861, 0.7210533581366805</corner2></bounds><pose><translation>-2.6629639212516647, 0.9653865617157615, -1.0057473525258496</translation><rotation><c1>0, 0, 0</c1><c2>0, 0, 0</c2><c3>0, 0, 0</c3></rotation></pose><symmetry><x>twoFold</x><y>cylindrical</y><z>twoFold</z></symmetry><detectionScore>-1.0</detectionScore></element><element><id>19</id><category>desk</category><bounds><corner1>-1.25111132589821, -0.8276837896003593, -0.7446007482300383</corner1><corner2>1.25111132589821, 0.8276837896003593, 0.7446007482300383</corner2></bounds><pose><translation>3.229117390147104, -2.297439538239928, -1.16492480834596</translation><rotation><c1>0, 0, 0</c1><c2>0, 0, 0</c2><c3>0, 0, 0</c3></rotation></pose><symmetry><x>twoFold</x><y>cylindrical</y><z>twoFold</z></symmetry><detectionScore>-1.0</detectionScore></element></elements></scene>