<?xml version='1.0' encoding='utf-8'?>
<scene xmlns:sumo="https://www.sumochallenge.org"><version>2.0</version><categories><id>fb_categories_v1.0</id><url>https://sumochallenge.org/en/categories-1_0.json</url></categories><project_type>bounding_box</project_type><elements><element><id>3</id><category>door</category><bounds><corner1>-1.48796207, -0.83065287, -0.22902624</corner1><corner2>1.48796207, 0.83065287, 0.22902624</corner2></bounds><pose><translation> 1.7189302 , -0.32746312,  0.84049585</translation><rotation><c1>1., 0., 0.</c1><c2>0., 1., 0.</c2><c3>0., 0., 1.</c3></rotation></pose><symmetry><x>none</x><y>none</y><z>none</z></symmetry><detectionScore>-1</detectionScore></element><element><id>2</id><category>single_bed</category><bounds><corner1>-1.3869323 , -0.43589806, -0.78314069</corner1><corner2>1.3869323 , 0.43589806, 0.78314069</corner2></bounds><pose><translation>-0.16618844, -0.96984467, -2.21013436</translation><rotation><c1>1., 0., 0.</c1><c2>0., 1., 0.</c2><c3>0., 0., 1.</c3></rotation></pose><symmetry><x>none</x><y>none</y><z>none</z></symmetry><detectionScore>-1</detectionScore></element><element><id>1</id><category>bunker_bed</category><bounds><corner1>-0.94288135, -0.9372756 , -1.1721694 </corner1><corner2>0.94288135, 0.9372756 , 1.1721694 </corner2></bounds><pose><translation> 3.20918243, -0.66202425, -1.55164835</translation><rotation><c1>1., 0., 0.</c1><c2>0., 1., 0.</c2><c3>0., 0., 1.</c3></rotation></pose><symmetry><x>none</x><y>none</y><z>none</z></symmetry><detectionScore>-1</detectionScore></element></elements></scene>