<?xml version='1.0' encoding='utf-8'?>
<scene xmlns:sumo="https://www.sumochallenge.org"><version>2.0</version><categories><id>fb_categories_v1_0</id><url>https://sumochallenge.org/en/categories-1_0.json</url></categories><project_type>bounding_box</project_type><elements><element><id>0</id><category>gym_equipment</category><bounds><corner1>-1.1228013221388804, -0.7521185891154454, -1.0989042502435933</corner1><corner2>1.1228013221388804, 0.7521185891154454, 1.0989042502435933</corner2></bounds><pose><translation>-2.434905625728848, -1.2834577564897391, 0.15875603187049583</translation><rotation><c1>1, 0, 0</c1><c2>0, 1, 0</c2><c3>0, 0, 1</c3></rotation></pose><symmetry><x>twoFold</x><y>cylindrical</y><z>twoFold</z></symmetry><detectionScore>-1.0</detectionScore></element><element><id>1</id><category>ironing_board</category><bounds><corner1>-1.480988159909468, -0.757045517916178, -0.37386201936054864</corner1><corner2>1.480988159909468, 0.757045517916178, 0.37386201936054864</corner2></bounds><pose><translation>0.2749182816704098, -1.20101393134366, 6.861148702984111</translation><rotation><c1>1, 0, 0</c1><c2>0, 1, 0</c2><c3>0, 0, 1</c3></rotation></pose><symmetry><x>twoFold</x><y>cylindrical</y><z>twoFold</z></symmetry><detectionScore>-1.0</detectionScore></element><element><id>2</id><category>kitchen_cabinet</category><bounds><corner1>-0.4763178268044945, -0.5806771182208715, -2.1330540356168846</corner1><corner2>0.4763178268044945, 0.5806771182208715, 2.1330540356168846</corner2></bounds><pose><translation>-2.2748740165644374, -0.8587347009946099, 3.4560403279596534</translation><rotation><c1>1, 0, 0</c1><c2>0, 1, 0</c2><c3>0, 0, 1</c3></rotation></pose><symmetry><x>twoFold</x><y>cylindrical</y><z>twoFold</z></symmetry><detectionScore>-1.0</detectionScore></element><element><id>3</id><category>cart</category><bounds><corner1>-0.9478354432954632, -0.5564445621146085, -0.6021103076149831</corner1><corner2>0.9478354432954632, 0.5564445621146085, 0.6021103076149831</corner2></bounds><pose><translation>-2.6523818803878347, -1.0728551187712787, 0.9058474201023164</translation><rotation><c1>1, 0, 0</c1><c2>0, 1, 0</c2><c3>0, 0, 1</c3></rotation></pose><symmetry><x>twoFold</x><y>cylindrical</y><z>twoFold</z></symmetry><detectionScore>-1.0</detectionScore></element><element><id>4</id><category>office_chair</category><bounds><corner1>-0.8504522937304662, -0.5947852307542051, -1.0637470484478333</corner1><corner2>0.8504522937304662, 0.5947852307542051, 1.0637470484478333</corner2></bounds><pose><translation>-2.100434835687193, -1.3040489114197462, 0.15942284225682332</translation><rotation><c1>1, 0, 0</c1><c2>0, 1, 0</c2><c3>0, 0, 1</c3></rotation></pose><symmetry><x>twoFold</x><y>cylindrical</y><z>twoFold</z></symmetry><detectionScore>-1.0</detectionScore></element><element><id>5</id><category>ceiling_fan</category><bounds><corner1>-1.3847959965199537, -0.08477434261006023, -2.2093460050064775</corner1><corner2>1.3847959965199537, 0.08477434261006023, 2.2093460050064775</corner2></bounds><pose><translation>0.3353518294979251, 1.4868909650472781, 3.350658072657954</translation><rotation><c1>1, 0, 0</c1><c2>0, 1, 0</c2><c3>0, 0, 1</c3></rotation></pose><symmetry><x>twoFold</x><y>cylindrical</y><z>twoFold</z></symmetry><detectionScore>-1.0</detectionScore></element><element><id>6</id><category>gym_equipment</category><bounds><corner1>-0.9727263053081627, -0.6035920129444333, -0.7520489633073149</corner1><corner2>0.9727263053081627, 0.6035920129444333, 0.7520489633073149</corner2></bounds><pose><translation>-2.642869396239726, -1.1200025696011036, 0.8381621848119913</translation><rotation><c1>1, 0, 0</c1><c2>0, 1, 0</c2><c3>0, 0, 1</c3></rotation></pose><symmetry><x>twoFold</x><y>cylindrical</y><z>twoFold</z></symmetry><detectionScore>-1.0</detectionScore></element><element><id>7</id><category>shelving</category><bounds><corner1>-0.38079169241355926, -0.5418625089650264, -0.44054649277451163</corner1><corner2>0.38079169241355926, 0.5418625089650264, 0.44054649277451163</corner2></bounds><pose><translation>-2.718482805651147, -1.0611674128052906, 0.8680164381313883</translation><rotation><c1>1, 0, 0</c1><c2>0, 1, 0</c2><c3>0, 0, 1</c3></rotation></pose><symmetry><x>twoFold</x><y>cylindrical</y><z>twoFold</z></symmetry><detectionScore>-1.0</detectionScore></element><element><id>8</id><category>gym_equipment</category><bounds><corner1>-1.8597047373202864, -1.185094213387505, -0.3103124923800289</corner1><corner2>1.8597047373202864, 1.185094213387505, 0.3103124923800289</corner2></bounds><pose><translation>0.5401851989043633, -1.0508920565514266, 6.9268377618150945</translation><rotation><c1>1, 0, 0</c1><c2>0, 1, 0</c2><c3>0, 0, 1</c3></rotation></pose><symmetry><x>twoFold</x><y>cylindrical</y><z>twoFold</z></symmetry><detectionScore>-1.0</detectionScore></element><element><id>9</id><category>gym_equipment</category><bounds><corner1>-1.3542528391564344, -0.7729602171199363, -0.5229922130758864</corner1><corner2>1.3542528391564344, 0.7729602171199363, 0.5229922130758864</corner2></bounds><pose><translation>-3.104148678270388, -1.111136578649176, 0.25733480772581524</translation><rotation><c1>1, 0, 0</c1><c2>0, 1, 0</c2><c3>0, 0, 1</c3></rotation></pose><symmetry><x>twoFold</x><y>cylindrical</y><z>twoFold</z></symmetry><detectionScore>-1.0</detectionScore></element><element><id>10</id><category>ironing_board</category><bounds><corner1>-0.9437862278129605, -0.6272496737911853, -0.44260096016586636</corner1><corner2>0.9437862278129605, 0.6272496737911853, 0.44260096016586636</corner2></bounds><pose><translation>-2.6074163521403997, -1.1526875198178763, 0.873116664899216</translation><rotation><c1>1, 0, 0</c1><c2>0, 1, 0</c2><c3>0, 0, 1</c3></rotation></pose><symmetry><x>twoFold</x><y>cylindrical</y><z>twoFold</z></symmetry><detectionScore>-1.0</detectionScore></element><element><id>11</id><category>gym_equipment</category><bounds><corner1>-1.272826094373456, -1.7172837312039855, -1.2454992612980726</corner1><corner2>1.272826094373456, 1.7172837312039855, 1.2454992612980726</corner2></bounds><pose><translation>2.3917650064163904, -0.992629979530033, 5.968489792896763</translation><rotation><c1>1, 0, 0</c1><c2>0, 1, 0</c2><c3>0, 0, 1</c3></rotation></pose><symmetry><x>twoFold</x><y>cylindrical</y><z>twoFold</z></symmetry><detectionScore>-1.0</detectionScore></element><element><id>12</id><category>wall</category><bounds><corner1>-0.18963214611681067, -1.5790515502147378, -2.0995375892343793</corner1><corner2>0.18963214611681067, 1.5790515502147378, 2.0995375892343793</corner2></bounds><pose><translation>3.7286695868199575, -0.06882710113501166, 1.1688472515294528</translation><rotation><c1>1, 0, 0</c1><c2>0, 1, 0</c2><c3>0, 0, 1</c3></rotation></pose><symmetry><x>twoFold</x><y>cylindrical</y><z>twoFold</z></symmetry><detectionScore>-1.0</detectionScore></element><element><id>13</id><category>plant</category><bounds><corner1>-1.2773364336136817, -1.1216918866898657, -0.4216259454817901</corner1><corner2>1.2773364336136817, 1.1216918866898657, 0.4216259454817901</corner2></bounds><pose><translation>-2.7871843272872057, -0.8374026530009466, -0.5856776589359578</translation><rotation><c1>1, 0, 0</c1><c2>0, 1, 0</c2><c3>0, 0, 1</c3></rotation></pose><symmetry><x>twoFold</x><y>cylindrical</y><z>twoFold</z></symmetry><detectionScore>-1.0</detectionScore></element><element><id>14</id><category>vacuum_cleaner</category><bounds><corner1>-1.2345884573836652, -1.008555321853029, -1.8978695222649806</corner1><corner2>1.2345884573836652, 1.008555321853029, 1.8978695222649806</corner2></bounds><pose><translation>2.406749143420363, -1.4141435651500738, 5.309200702742506</translation><rotation><c1>1, 0, 0</c1><c2>0, 1, 0</c2><c3>0, 0, 1</c3></rotation></pose><symmetry><x>twoFold</x><y>cylindrical</y><z>twoFold</z></symmetry><detectionScore>-1.0</detectionScore></element><element><id>15</id><category>wall</category><bounds><corner1>-3.284107281071235, -1.4602030563727988, -0.18539469952110288</corner1><corner2>3.284107281071235, 1.4602030563727988, 0.18539469952110288</corner2></bounds><pose><translation>0.32768942918375416, -0.03441480979451597, 7.051887022771925</translation><rotation><c1>1, 0, 0</c1><c2>0, 1, 0</c2><c3>0, 0, 1</c3></rotation></pose><symmetry><x>twoFold</x><y>cylindrical</y><z>twoFold</z></symmetry><detectionScore>-1.0</detectionScore></element><element><id>16</id><category>armchair</category><bounds><corner1>-0.74612514131459, -0.5367290140885456, -1.1815324308764725</corner1><corner2>0.74612514131459, 0.5367290140885456, 1.1815324308764725</corner2></bounds><pose><translation>-1.9820089621952859, -1.3028852286772181, 0.08473734846334015</translation><rotation><c1>1, 0, 0</c1><c2>0, 1, 0</c2><c3>0, 0, 1</c3></rotation></pose><symmetry><x>twoFold</x><y>cylindrical</y><z>twoFold</z></symmetry><detectionScore>-1.0</detectionScore></element><element><id>17</id><category>fence</category><bounds><corner1>-2.710604851598935, -1.7002232197484737, -5.680355637766134</corner1><corner2>2.710604851598935, 1.7002232197484737, 5.680355637766134</corner2></bounds><pose><translation>-3.670065480546023, -1.9811678796250016, -6.796129878645869</translation><rotation><c1>1, 0, 0</c1><c2>0, 1, 0</c2><c3>0, 0, 1</c3></rotation></pose><symmetry><x>twoFold</x><y>cylindrical</y><z>twoFold</z></symmetry><detectionScore>-1.0</detectionScore></element><element><id>18</id><category>chair</category><bounds><corner1>-1.4541602516900136, -0.4988226270107975, -0.08828618455336135</corner1><corner2>1.4541602516900136, 0.4988226270107975, 0.08828618455336135</corner2></bounds><pose><translation>0.506867121489399, -0.8399314801466259, -1.218319159066304</translation><rotation><c1>1, 0, 0</c1><c2>0, 1, 0</c2><c3>0, 0, 1</c3></rotation></pose><symmetry><x>twoFold</x><y>cylindrical</y><z>twoFold</z></symmetry><detectionScore>-1.0</detectionScore></element><element><id>19</id><category>plant</category><bounds><corner1>-1.3717391250843978, -0.6465445583201728, -9.156292052126314</corner1><corner2>1.3717391250843978, 0.6465445583201728, 9.156292052126314</corner2></bounds><pose><translation>0.0, -0.6465445583201728, -9.156292052126314</translation><rotation><c1>1, 0, 0</c1><c2>0, 1, 0</c2><c3>0, 0, 1</c3></rotation></pose><symmetry><x>twoFold</x><y>cylindrical</y><z>twoFold</z></symmetry><detectionScore>-1.0</detectionScore></element><element><id>20</id><category>desk</category><bounds><corner1>-1.5387404555269715, -0.8334655587692126, -0.4810812956787043</corner1><corner2>1.5387404555269715, 0.8334655587692126, 0.4810812956787043</corner2></bounds><pose><translation>0.6240363575132242, -1.197884508724834, 6.753947515695678</translation><rotation><c1>1, 0, 0</c1><c2>0, 1, 0</c2><c3>0, 0, 1</c3></rotation></pose><symmetry><x>twoFold</x><y>cylindrical</y><z>twoFold</z></symmetry><detectionScore>-1.0</detectionScore></element><element><id>21</id><category>shelving</category><bounds><corner1>-0.569876743413575, -1.5700803633815106, -0.3862418146477751</corner1><corner2>0.569876743413575, 1.5700803633815106, 0.3862418146477751</corner2></bounds><pose><translation>3.2891169858008187, -0.5567476665006845, -0.5582140748877573</translation><rotation><c1>1, 0, 0</c1><c2>0, 1, 0</c2><c3>0, 0, 1</c3></rotation></pose><symmetry><x>twoFold</x><y>cylindrical</y><z>twoFold</z></symmetry><detectionScore>-1.0</detectionScore></element><element><id>22</id><category>fence</category><bounds><corner1>-3.6837585824948937, -1.5926614265773842, -2.965424985535089</corner1><corner2>3.6837585824948937, 1.5926614265773842, 2.965424985535089</corner2></bounds><pose><translation>-0.26757964031107073, -1.5926614265773842, -2.965424985535089</translation><rotation><c1>1, 0, 0</c1><c2>0, 1, 0</c2><c3>0, 0, 1</c3></rotation></pose><symmetry><x>twoFold</x><y>cylindrical</y><z>twoFold</z></symmetry><detectionScore>-1.0</detectionScore></element><element><id>23</id><category>shoes_cabinet</category><bounds><corner1>-0.9018462609087989, -0.5456561556834899, -0.5045301446483547</corner1><corner2>0.9018462609087989, 0.5456561556834899, 0.5045301446483547</corner2></bounds><pose><translation>-2.7218063334790763, -1.0626680537640827, 0.8627493874379503</translation><rotation><c1>1, 0, 0</c1><c2>0, 1, 0</c2><c3>0, 0, 1</c3></rotation></pose><symmetry><x>twoFold</x><y>cylindrical</y><z>twoFold</z></symmetry><detectionScore>-1.0</detectionScore></element><element><id>24</id><category>kitchen_cabinet</category><bounds><corner1>-0.5760437426076346, -0.6157720426930249, -2.642151278914583</corner1><corner2>0.5760437426076346, 0.6157720426930249, 2.642151278914583</corner2></bounds><pose><translation>-2.265837711563306, -0.8062918720806185, 4.556928770001242</translation><rotation><c1>1, 0, 0</c1><c2>0, 1, 0</c2><c3>0, 0, 1</c3></rotation></pose><symmetry><x>twoFold</x><y>cylindrical</y><z>twoFold</z></symmetry><detectionScore>-1.0</detectionScore></element><element><id>25</id><category>door</category><bounds><corner1>-0.28142720122468834, -1.5979215769288628, -1.0002579181621962</corner1><corner2>0.28142720122468834, 1.5979215769288628, 1.0002579181621962</corner2></bounds><pose><translation>3.63687453171208, -0.3672331510033038, 1.3722118724160361</translation><rotation><c1>1, 0, 0</c1><c2>0, 1, 0</c2><c3>0, 0, 1</c3></rotation></pose><symmetry><x>twoFold</x><y>cylindrical</y><z>twoFold</z></symmetry><detectionScore>-1.0</detectionScore></element><element><id>26</id><category>plant</category><bounds><corner1>-3.681802618181014, -2.617707326261319, -6.853497939443371</corner1><corner2>3.681802618181014, 2.617707326261319, 6.853497939443371</corner2></bounds><pose><translation>-0.30056067160616284, -0.07538238724082885, -6.853497939443371</translation><rotation><c1>1, 0, 0</c1><c2>0, 1, 0</c2><c3>0, 0, 1</c3></rotation></pose><symmetry><x>twoFold</x><y>cylindrical</y><z>twoFold</z></symmetry><detectionScore>-1.0</detectionScore></element><element><id>27</id><category>plant</category><bounds><corner1>-1.8673921682491583, -0.8362002317627089, -3.2335770530019032</corner1><corner2>1.8673921682491583, 0.8362002317627089, 3.2335770530019032</corner2></bounds><pose><translation>-4.446026062762139, -2.1165696933386724, -6.885661533931671</translation><rotation><c1>1, 0, 0</c1><c2>0, 1, 0</c2><c3>0, 0, 1</c3></rotation></pose><symmetry><x>twoFold</x><y>cylindrical</y><z>twoFold</z></symmetry><detectionScore>-1.0</detectionScore></element><element><id>28</id><category>plant</category><bounds><corner1>-0.723974461187364, -1.147388942332587, -4.954142935714174</corner1><corner2>0.723974461187364, 1.147388942332587, 4.954142935714174</corner2></bounds><pose><translation>1.0935254976755913, -1.7156960061198696, -6.838144374878721</translation><rotation><c1>1, 0, 0</c1><c2>0, 1, 0</c2><c3>0, 0, 1</c3></rotation></pose><symmetry><x>twoFold</x><y>cylindrical</y><z>twoFold</z></symmetry><detectionScore>-1.0</detectionScore></element><element><id>29</id><category>plant</category><bounds><corner1>-1.452609613122154, -0.8198134618984357, -3.6029493387302916</corner1><corner2>1.452609613122154, 0.8198134618984357, 3.6029493387302916</corner2></bounds><pose><translation>-0.9940549872611935, -1.5730309906858142, -6.328063165346539</translation><rotation><c1>1, 0, 0</c1><c2>0, 1, 0</c2><c3>0, 0, 1</c3></rotation></pose><symmetry><x>twoFold</x><y>cylindrical</y><z>twoFold</z></symmetry><detectionScore>-1.0</detectionScore></element><element><id>30</id><category>plant</category><bounds><corner1>-1.151962979989181, -1.4724352193215517, -0.5247733137799726</corner1><corner2>1.151962979989181, 1.4724352193215517, 0.5247733137799726</corner2></bounds><pose><translation>2.7374666104054373, -0.9305306075913479, -0.6219300438206052</translation><rotation><c1>1, 0, 0</c1><c2>0, 1, 0</c2><c3>0, 0, 1</c3></rotation></pose><symmetry><x>twoFold</x><y>cylindrical</y><z>twoFold</z></symmetry><detectionScore>-1.0</detectionScore></element><element><id>31</id><category>shelving</category><bounds><corner1>-1.359953771281436, -1.202592097690105, -0.22196803372907592</corner1><corner2>1.359953771281436, 1.202592097690105, 0.22196803372907592</corner2></bounds><pose><translation>0.45094195904462553, -0.644521677084002, 7.0153136885639515</translation><rotation><c1>1, 0, 0</c1><c2>0, 1, 0</c2><c3>0, 0, 1</c3></rotation></pose><symmetry><x>twoFold</x><y>cylindrical</y><z>twoFold</z></symmetry><detectionScore>-1.0</detectionScore></element><element><id>32</id><category>plant</category><bounds><corner1>-0.1277718175099336, -1.060239502221382, -0.8998523192890944</corner1><corner2>0.1277718175099336, 1.060239502221382, 0.8998523192890944</corner2></bounds><pose><translation>3.6828562477440197, -0.8260331484928927, 2.8324336776895636</translation><rotation><c1>1, 0, 0</c1><c2>0, 1, 0</c2><c3>0, 0, 1</c3></rotation></pose><symmetry><x>twoFold</x><y>cylindrical</y><z>twoFold</z></symmetry><detectionScore>-1.0</detectionScore></element><element><id>33</id><category>washer</category><bounds><corner1>-0.11469447358469864, -0.5217601499137302, -1.1359731227616279</corner1><corner2>0.11469447358469864, 0.5217601499137302, 1.1359731227616279</corner2></bounds><pose><translation>-2.374510333116107, -1.0357342710399993, 1.6449838470800864</translation><rotation><c1>1, 0, 0</c1><c2>0, 1, 0</c2><c3>0, 0, 1</c3></rotation></pose><symmetry><x>twoFold</x><y>cylindrical</y><z>twoFold</z></symmetry><detectionScore>-1.0</detectionScore></element><element><id>34</id><category>plant</category><bounds><corner1>-2.3851428258186096, -1.2279099110720777, -3.9900130612764633</corner1><corner2>2.3851428258186096, 1.2279099110720777, 3.9900130612764633</corner2></bounds><pose><translation>-3.352959777161937, -1.9811274398594563, -6.805312627234702</translation><rotation><c1>1, 0, 0</c1><c2>0, 1, 0</c2><c3>0, 0, 1</c3></rotation></pose><symmetry><x>twoFold</x><y>cylindrical</y><z>twoFold</z></symmetry><detectionScore>-1.0</detectionScore></element><element><id>35</id><category>washer</category><bounds><corner1>-0.5044894289042625, -0.5530327725846866, -1.2753839835002654</corner1><corner2>0.5044894289042625, 0.5530327725846866, 1.2753839835002654</corner2></bounds><pose><translation>-2.269522602060984, -0.9646042560051896, 3.126423088950532</translation><rotation><c1>1, 0, 0</c1><c2>0, 1, 0</c2><c3>0, 0, 1</c3></rotation></pose><symmetry><x>twoFold</x><y>cylindrical</y><z>twoFold</z></symmetry><detectionScore>-1.0</detectionScore></element><element><id>36</id><category>hanger</category><bounds><corner1>-1.3152576514947776, -0.9055269284529184, -0.3808592435477506</corner1><corner2>1.3152576514947776, 0.9055269284529184, 0.3808592435477506</corner2></bounds><pose><translation>-3.1170026516845333, -1.0420963353723778, 0.2021904870870793</translation><rotation><c1>1, 0, 0</c1><c2>0, 1, 0</c2><c3>0, 0, 1</c3></rotation></pose><symmetry><x>twoFold</x><y>cylindrical</y><z>twoFold</z></symmetry><detectionScore>-1.0</detectionScore></element><element><id>37</id><category>plant</category><bounds><corner1>-1.4687566261778757, -0.5119721341502459, -0.10905912350207703</corner1><corner2>1.4687566261778757, 0.5119721341502459, 0.10905912350207703</corner2></bounds><pose><translation>0.49227074700153695, -0.7793783650209014, -1.253042946449229</translation><rotation><c1>1, 0, 0</c1><c2>0, 1, 0</c2><c3>0, 0, 1</c3></rotation></pose><symmetry><x>twoFold</x><y>cylindrical</y><z>twoFold</z></symmetry><detectionScore>-1.0</detectionScore></element></elements></scene>