<?xml version='1.0' encoding='utf-8'?>
<scene xmlns:sumo="https://www.sumochallenge.org"><version>2.0</version><categories><id>fb_categories_v1.0</id><url>https://sumochallenge.org/en/categories-1_0.json</url></categories><project_type>bounding_box</project_type><elements><element><id>18</id><category>wall</category><bounds><corner1>-0.38626864, -1.14689873, -1.17042003</corner1><corner2>0.38626864, 1.14689873, 1.17042003</corner2></bounds><pose><translation>-3.07823652,  0.08139181,  0.2695093 </translation><rotation><c1>1., 0., 0.</c1><c2>0., 1., 0.</c2><c3>0., 0., 1.</c3></rotation></pose><symmetry><x>none</x><y>twoFold</y><z>none</z></symmetry><detectionScore>0.93967474</detectionScore></element><element><id>5</id><category>sofa</category><bounds><corner1>-2.08724674, -0.41629533, -2.67569578</corner1><corner2>2.08724674, 0.41629533, 2.67569578</corner2></bounds><pose><translation> 0.36548145, -0.82517729,  1.38994837</translation><rotation><c1>1., 0., 0.</c1><c2>0., 1., 0.</c2><c3>0., 0., 1.</c3></rotation></pose><symmetry><x>none</x><y>none</y><z>none</z></symmetry><detectionScore>0.78646594</detectionScore></element><element><id>15</id><category>curtain</category><bounds><corner1>-0.05510788, -0.74944051, -0.44457468</corner1><corner2>0.05510788, 0.74944051, 0.44457468</corner2></bounds><pose><translation>-3.07323484,  0.28449492, -0.42343672</translation><rotation><c1>1., 0., 0.</c1><c2>0., 1., 0.</c2><c3>0., 0., 1.</c3></rotation></pose><symmetry><x>none</x><y>twoFold</y><z>none</z></symmetry><detectionScore>0.54954505</detectionScore></element><element><id>10</id><category>chandelier</category><bounds><corner1>-0.12602171, -0.04311974, -0.31888663</corner1><corner2>0.12602171, 0.04311974, 0.31888663</corner2></bounds><pose><translation>-1.55707124,  1.27081149,  0.24421898</translation><rotation><c1>1., 0., 0.</c1><c2>0., 1., 0.</c2><c3>0., 0., 1.</c3></rotation></pose><symmetry><x>none</x><y>cylindrical</y><z>none</z></symmetry><detectionScore>0.9972011</detectionScore></element><element><id>11</id><category>door</category><bounds><corner1>-2.76098518, -1.11480032, -0.40004838</corner1><corner2>2.76098518, 1.11480032, 0.40004838</corner2></bounds><pose><translation> 3.44388408, -0.32098219, -0.25586127</translation><rotation><c1>1., 0., 0.</c1><c2>0., 1., 0.</c2><c3>0., 0., 1.</c3></rotation></pose><symmetry><x>twoFold</x><y>twoFold</y><z>twoFold</z></symmetry><detectionScore>0.94884473</detectionScore></element><element><id>4</id><category>door</category><bounds><corner1>-0.09663107, -0.80164313, -0.0230163 </corner1><corner2>0.09663107, 0.80164313, 0.0230163 </corner2></bounds><pose><translation>-0.52098737, -0.07141548, -1.04398762</translation><rotation><c1>1., 0., 0.</c1><c2>0., 1., 0.</c2><c3>0., 0., 1.</c3></rotation></pose><symmetry><x>twoFold</x><y>twoFold</y><z>twoFold</z></symmetry><detectionScore>0.81942093</detectionScore></element><element><id>3</id><category>window</category><bounds><corner1>-0.33696484, -0.66679451, -0.07408321</corner1><corner2>0.33696484, 0.66679451, 0.07408321</corner2></bounds><pose><translation> 0.26442823,  0.1381203 , -2.0919799 </translation><rotation><c1>1., 0., 0.</c1><c2>0., 1., 0.</c2><c3>0., 0., 1.</c3></rotation></pose><symmetry><x>none</x><y>twoFold</y><z>none</z></symmetry><detectionScore>0.9950949</detectionScore></element><element><id>19</id><category>wall</category><bounds><corner1>-0.20490525, -0.97908817, -1.07613135</corner1><corner2>0.20490525, 0.97908817, 1.07613135</corner2></bounds><pose><translation>-0.44871674,  0.32179489,  1.63600943</translation><rotation><c1>1., 0., 0.</c1><c2>0., 1., 0.</c2><c3>0., 0., 1.</c3></rotation></pose><symmetry><x>none</x><y>twoFold</y><z>none</z></symmetry><detectionScore>0.645157</detectionScore></element><element><id>12</id><category>wall</category><bounds><corner1>-0.63451135, -1.29237168, -0.16112712</corner1><corner2>0.63451135, 1.29237168, 0.16112712</corner2></bounds><pose><translation> 0.22016322, -0.0140816 , -2.03709898</translation><rotation><c1>1., 0., 0.</c1><c2>0., 1., 0.</c2><c3>0., 0., 1.</c3></rotation></pose><symmetry><x>none</x><y>twoFold</y><z>none</z></symmetry><detectionScore>0.69161457</detectionScore></element><element><id>2</id><category>sofa</category><bounds><corner1>-0.70485311, -0.14548378, -0.27333562</corner1><corner2>0.70485311, 0.14548378, 0.27333562</corner2></bounds><pose><translation>-2.22087672, -0.79606512, -0.44672037</translation><rotation><c1>1., 0., 0.</c1><c2>0., 1., 0.</c2><c3>0., 0., 1.</c3></rotation></pose><symmetry><x>none</x><y>none</y><z>none</z></symmetry><detectionScore>0.65986</detectionScore></element><element><id>1</id><category>television</category><bounds><corner1>-0.05713122, -0.38692035, -0.53387421</corner1><corner2>0.05713122, 0.38692035, 0.53387421</corner2></bounds><pose><translation> 3.2208878 , -0.23875228,  2.34487608</translation><rotation><c1>1., 0., 0.</c1><c2>0., 1., 0.</c2><c3>0., 0., 1.</c3></rotation></pose><symmetry><x>none</x><y>none</y><z>twoFold</z></symmetry><detectionScore>0.9931242</detectionScore></element><element><id>13</id><category>wall</category><bounds><corner1>-2.43809869, -1.14301069, -1.50262944</corner1><corner2>2.43809869, 1.14301069, 1.50262944</corner2></bounds><pose><translation> 3.28304905,  0.10453923, -0.38806076</translation><rotation><c1>1., 0., 0.</c1><c2>0., 1., 0.</c2><c3>0., 0., 1.</c3></rotation></pose><symmetry><x>none</x><y>twoFold</y><z>none</z></symmetry><detectionScore>0.677621</detectionScore></element><element><id>16</id><category>wall</category><bounds><corner1>-1.69161975, -1.15517894, -0.13128512</corner1><corner2>1.69161975, 1.15517894, 0.13128512</corner2></bounds><pose><translation>1.22592075, 0.02837121, 4.062974  </translation><rotation><c1>1., 0., 0.</c1><c2>0., 1., 0.</c2><c3>0., 0., 1.</c3></rotation></pose><symmetry><x>none</x><y>twoFold</y><z>none</z></symmetry><detectionScore>0.9491689</detectionScore></element><element><id>17</id><category>chandelier</category><bounds><corner1>-0.42103194, -0.11828631, -0.3248717 </corner1><corner2>0.42103194, 0.11828631, 0.3248717 </corner2></bounds><pose><translation>1.40896524, 1.19376969, 0.19628011</translation><rotation><c1>1., 0., 0.</c1><c2>0., 1., 0.</c2><c3>0., 0., 1.</c3></rotation></pose><symmetry><x>none</x><y>cylindrical</y><z>none</z></symmetry><detectionScore>0.95798117</detectionScore></element><element><id>8</id><category>door</category><bounds><corner1>-3.77784391, -1.05915367, -0.60887846</corner1><corner2>3.77784391, 1.05915367, 0.60887846</corner2></bounds><pose><translation> 2.17089145, -0.20986101, -1.03475111</translation><rotation><c1>1., 0., 0.</c1><c2>0., 1., 0.</c2><c3>0., 0., 1.</c3></rotation></pose><symmetry><x>twoFold</x><y>twoFold</y><z>twoFold</z></symmetry><detectionScore>0.975239</detectionScore></element><element><id>7</id><category>curtain</category><bounds><corner1>-0.05509915, -0.81459103, -0.44319934</corner1><corner2>0.05509915, 0.81459103, 0.44319934</corner2></bounds><pose><translation>-3.07487154,  0.18360286,  0.92465035</translation><rotation><c1>1., 0., 0.</c1><c2>0., 1., 0.</c2><c3>0., 0., 1.</c3></rotation></pose><symmetry><x>none</x><y>twoFold</y><z>none</z></symmetry><detectionScore>0.57522523</detectionScore></element><element><id>20</id><category>coffee_table</category><bounds><corner1>-0.39097367, -0.08737776, -0.19868588</corner1><corner2>0.39097367, 0.08737776, 0.19868588</corner2></bounds><pose><translation>-1.57094145, -0.82187982, -0.52652113</translation><rotation><c1>1., 0., 0.</c1><c2>0., 1., 0.</c2><c3>0., 0., 1.</c3></rotation></pose><symmetry><x>none</x><y>twoFold</y><z>none</z></symmetry><detectionScore>0.70355254</detectionScore></element></elements></scene>