<?xml version='1.0' encoding='utf-8'?>
<scene xmlns:sumo="https://www.sumochallenge.org"><version>2.0</version><categories><id>fb_categories_v1.0</id><url>https://sumochallenge.org/en/categories-1_0.json</url></categories><project_type>bounding_box</project_type><elements><element><id>7</id><category>kitchen_cabinet</category><bounds><corner1>-0.12195355, -1.01135944, -1.08314905</corner1><corner2>0.12195355, 1.01135944, 1.08314905</corner2></bounds><pose><translation>-0.93419463, -0.13879086,  1.58902978</translation><rotation><c1>1., 0., 0.</c1><c2>0., 1., 0.</c2><c3>0., 0., 1.</c3></rotation></pose><symmetry><x>none</x><y>none</y><z>none</z></symmetry><detectionScore>-1</detectionScore></element><element><id>9</id><category>chandelier</category><bounds><corner1>-2.86430417, -0.14540364, -1.25729492</corner1><corner2>2.86430417, 0.14540364, 1.25729492</corner2></bounds><pose><translation>1.81008526, 1.04964175, 0.79431547</translation><rotation><c1>1., 0., 0.</c1><c2>0., 1., 0.</c2><c3>0., 0., 1.</c3></rotation></pose><symmetry><x>none</x><y>none</y><z>none</z></symmetry><detectionScore>-1</detectionScore></element><element><id>5</id><category>wall</category><bounds><corner1>-2.26226254, -1.1893945 , -2.71599167</corner1><corner2>2.26226254, 1.1893945 , 2.71599167</corner2></bounds><pose><translation>7.73771439, 0.        , 0.        </translation><rotation><c1>1., 0., 0.</c1><c2>0., 1., 0.</c2><c3>0., 0., 1.</c3></rotation></pose><symmetry><x>none</x><y>none</y><z>none</z></symmetry><detectionScore>-1</detectionScore></element><element><id>4</id><category>hanging_kitchen_cabinet</category><bounds><corner1>-0.68324663, -0.6067207 , -0.27503594</corner1><corner2>0.68324663, 0.6067207 , 0.27503594</corner2></bounds><pose><translation>1.08322892, 0.38043844, 2.70318216</translation><rotation><c1>1., 0., 0.</c1><c2>0., 1., 0.</c2><c3>0., 0., 1.</c3></rotation></pose><symmetry><x>none</x><y>none</y><z>none</z></symmetry><detectionScore>-1</detectionScore></element><element><id>11</id><category>wall</category><bounds><corner1>-2.48534314, -1.22101939, -1.12784297</corner1><corner2>2.48534314, 1.22101939, 1.12784297</corner2></bounds><pose><translation>-7.43693251, -0.03706626, -1.2975593 </translation><rotation><c1>1., 0., 0.</c1><c2>0., 1., 0.</c2><c3>0., 0., 1.</c3></rotation></pose><symmetry><x>none</x><y>none</y><z>none</z></symmetry><detectionScore>-1</detectionScore></element><element><id>10</id><category>kitchen_cabinet</category><bounds><corner1>-0.59204874, -0.42235247, -0.57421013</corner1><corner2>0.59204874, 0.42235247, 0.57421013</corner2></bounds><pose><translation> 1.0521627 , -0.91710635,  2.34095318</translation><rotation><c1>1., 0., 0.</c1><c2>0., 1., 0.</c2><c3>0., 0., 1.</c3></rotation></pose><symmetry><x>none</x><y>none</y><z>none</z></symmetry><detectionScore>-1</detectionScore></element><element><id>6</id><category>chair</category><bounds><corner1>-5.28579028, -0.27792029, -0.45583512</corner1><corner2>5.28579028, 0.27792029, 0.45583512</corner2></bounds><pose><translation> 1.39103064, -0.80538929,  0.09016317</translation><rotation><c1>1., 0., 0.</c1><c2>0., 1., 0.</c2><c3>0., 0., 1.</c3></rotation></pose><symmetry><x>none</x><y>none</y><z>none</z></symmetry><detectionScore>-1</detectionScore></element><element><id>3</id><category>kitchen_cabinet</category><bounds><corner1>-0.50479966, -0.93344004, -0.29697504</corner1><corner2>0.50479966, 0.93344004, 0.29697504</corner2></bounds><pose><translation>-0.27440754, -0.07179445, -1.68497401</translation><rotation><c1>1., 0., 0.</c1><c2>0., 1., 0.</c2><c3>0., 0., 1.</c3></rotation></pose><symmetry><x>none</x><y>none</y><z>none</z></symmetry><detectionScore>-1</detectionScore></element><element><id>2</id><category>door</category><bounds><corner1>-0.8811195 , -1.46822627, -0.57519128</corner1><corner2>0.8811195 , 1.46822627, 0.57519128</corner2></bounds><pose><translation>-3.71199936, -0.53589074, -1.99922007</translation><rotation><c1>1., 0., 0.</c1><c2>0., 1., 0.</c2><c3>0., 0., 1.</c3></rotation></pose><symmetry><x>none</x><y>none</y><z>none</z></symmetry><detectionScore>-1</detectionScore></element><element><id>12</id><category>kitchen_cabinet</category><bounds><corner1>-1.88071158, -0.88720262, -0.02868425</corner1><corner2>1.88071158, 0.88720262, 0.02868425</corner2></bounds><pose><translation> 2.76396474, -0.40391213, -1.3204169 </translation><rotation><c1>1., 0., 0.</c1><c2>0., 1., 0.</c2><c3>0., 0., 1.</c3></rotation></pose><symmetry><x>none</x><y>none</y><z>none</z></symmetry><detectionScore>-1</detectionScore></element><element><id>8</id><category>wall</category><bounds><corner1>-0.23496391, -1.22690274, -0.15372929</corner1><corner2>0.23496391, 1.22690274, 0.15372929</corner2></bounds><pose><translation>-1.81004059, -0.03259658,  0.28618967</translation><rotation><c1>1., 0., 0.</c1><c2>0., 1., 0.</c2><c3>0., 0., 1.</c3></rotation></pose><symmetry><x>none</x><y>none</y><z>none</z></symmetry><detectionScore>-1</detectionScore></element><element><id>1</id><category>kitchen_cabinet</category><bounds><corner1>-0.40848449, -1.01253768, -0.37485133</corner1><corner2>0.40848449, 1.01253768, 0.37485133</corner2></bounds><pose><translation>-0.87216901, -0.06064398,  2.58391657</translation><rotation><c1>1., 0., 0.</c1><c2>0., 1., 0.</c2><c3>0., 0., 1.</c3></rotation></pose><symmetry><x>none</x><y>none</y><z>none</z></symmetry><detectionScore>-1</detectionScore></element></elements></scene>