<?xml version='1.0' encoding='utf-8'?>
<scene xmlns:sumo="https://www.sumochallenge.org"><version>2.0</version><categories><id>fb_categories_v1.0</id><url>https://sumochallenge.org/en/categories-1_0.json</url></categories><project_type>bounding_box</project_type><elements><element><id>6</id><category>window</category><bounds><corner1>-0.88163374, -1.09345263, -0.1467989 </corner1><corner2>0.88163374, 1.09345263, 0.1467989 </corner2></bounds><pose><translation>-1.23551561, -0.04744963,  3.63589221</translation><rotation><c1>1., 0., 0.</c1><c2>0., 1., 0.</c2><c3>0., 0., 1.</c3></rotation></pose><symmetry><x>none</x><y>none</y><z>none</z></symmetry><detectionScore>-1</detectionScore></element><element><id>7</id><category>wall</category><bounds><corner1>-0.03798793, -1.28845722, -0.4767799 </corner1><corner2>0.03798793, 1.28845722, 0.4767799 </corner2></bounds><pose><translation>-2.16306924, -0.11042613,  1.28210224</translation><rotation><c1>1., 0., 0.</c1><c2>0., 1., 0.</c2><c3>0., 0., 1.</c3></rotation></pose><symmetry><x>none</x><y>none</y><z>none</z></symmetry><detectionScore>-1</detectionScore></element><element><id>3</id><category>wall</category><bounds><corner1>-0.20775243, -1.20454819, -1.89417345</corner1><corner2>0.20775243, 1.20454819, 1.89417345</corner2></bounds><pose><translation> 2.93801841, -0.07324355, -0.22256142</translation><rotation><c1>1., 0., 0.</c1><c2>0., 1., 0.</c2><c3>0., 0., 1.</c3></rotation></pose><symmetry><x>none</x><y>none</y><z>none</z></symmetry><detectionScore>-1</detectionScore></element><element><id>5</id><category>door</category><bounds><corner1>-0.40638285, -0.97818094, -1.23521142</corner1><corner2>0.40638285, 0.97818094, 1.23521142</corner2></bounds><pose><translation>-0.0971407 , -0.3303428 , -3.44411842</translation><rotation><c1>1., 0., 0.</c1><c2>0., 1., 0.</c2><c3>0., 0., 1.</c3></rotation></pose><symmetry><x>none</x><y>none</y><z>none</z></symmetry><detectionScore>-1</detectionScore></element><element><id>15</id><category>kitchen_cabinet</category><bounds><corner1>-0.76208348, -0.33776445, -0.82230081</corner1><corner2>0.76208348, 0.33776445, 0.82230081</corner2></bounds><pose><translation>-3.70014988e+00, -9.18288208e-01, -3.49433054e-03</translation><rotation><c1>1., 0., 0.</c1><c2>0., 1., 0.</c2><c3>0., 0., 1.</c3></rotation></pose><symmetry><x>none</x><y>none</y><z>none</z></symmetry><detectionScore>-1</detectionScore></element><element><id>13</id><category>wall</category><bounds><corner1>-2.86167286, -1.29945278, -1.61515893</corner1><corner2>2.86167286, 1.29945278, 1.61515893</corner2></bounds><pose><translation>-5.02262045, -0.16279818, -0.14905069</translation><rotation><c1>1., 0., 0.</c1><c2>0., 1., 0.</c2><c3>0., 0., 1.</c3></rotation></pose><symmetry><x>none</x><y>none</y><z>none</z></symmetry><detectionScore>-1</detectionScore></element><element><id>12</id><category>television</category><bounds><corner1>-0.09090692, -0.63528033, -0.6744833 </corner1><corner2>0.09090692, 0.63528033, 0.6744833 </corner2></bounds><pose><translation> 3.07710054,  0.13319827, -0.2311063 </translation><rotation><c1>1., 0., 0.</c1><c2>0., 1., 0.</c2><c3>0., 0., 1.</c3></rotation></pose><symmetry><x>none</x><y>none</y><z>none</z></symmetry><detectionScore>-1</detectionScore></element><element><id>14</id><category>chair</category><bounds><corner1>-0.16547754, -0.65547326, -1.32113565</corner1><corner2>0.16547754, 0.65547326, 1.32113565</corner2></bounds><pose><translation> 0.09419936, -1.33816504,  1.66307098</translation><rotation><c1>1., 0., 0.</c1><c2>0., 1., 0.</c2><c3>0., 0., 1.</c3></rotation></pose><symmetry><x>none</x><y>none</y><z>none</z></symmetry><detectionScore>-1</detectionScore></element><element><id>11</id><category>dining_table</category><bounds><corner1>-0.68018191, -0.42241757, -1.22296071</corner1><corner2>0.68018191, 0.42241757, 1.22296071</corner2></bounds><pose><translation>-1.13633198, -1.04560949,  2.31013735</translation><rotation><c1>1., 0., 0.</c1><c2>0., 1., 0.</c2><c3>0., 0., 1.</c3></rotation></pose><symmetry><x>none</x><y>none</y><z>none</z></symmetry><detectionScore>-1</detectionScore></element><element><id>10</id><category>picture_frame</category><bounds><corner1>-0.65391189, -0.31959864, -0.03811937</corner1><corner2>0.65391189, 0.31959864, 0.03811937</corner2></bounds><pose><translation> 1.27245121,  0.29754968, -2.32098926</translation><rotation><c1>1., 0., 0.</c1><c2>0., 1., 0.</c2><c3>0., 0., 1.</c3></rotation></pose><symmetry><x>none</x><y>none</y><z>none</z></symmetry><detectionScore>-1</detectionScore></element></elements></scene>