<?xml version='1.0' encoding='utf-8'?>
<scene xmlns:sumo="https://www.sumochallenge.org"><version>2.0</version><categories><id>fb_categories_v1_0</id><url>https://sumochallenge.org/en/categories-1_0.json</url></categories><project_type>bounding_box</project_type><elements><element><id>0</id><category>column</category><bounds><corner1>-0.07473742227315938, -0.11658540506215753, -1.2084631036462028</corner1><corner2>0.07473742227315938, 0.11658540506215753, 1.2084631036462028</corner2></bounds><pose><translation>3.269040272488229, -1.3755665597128508, 0.4208778198251403</translation><rotation><c1>0, 0, 0</c1><c2>0, 0, 0</c2><c3>0, 0, 0</c3></rotation></pose><symmetry><x>twoFold</x><y>cylindrical</y><z>twoFold</z></symmetry><detectionScore>-1.0</detectionScore></element><element><id>1</id><category>window</category><bounds><corner1>-0.9394652352659639, -2.6864399621567125, -1.0297973427687406</corner1><corner2>0.9394652352659639, 2.6864399621567125, 1.0297973427687406</corner2></bounds><pose><translation>-1.3203883208653053, -3.722665827178644, 0.41876957742577137</translation><rotation><c1>0, 0, 0</c1><c2>0, 0, 0</c2><c3>0, 0, 0</c3></rotation></pose><symmetry><x>twoFold</x><y>cylindrical</y><z>twoFold</z></symmetry><detectionScore>-1.0</detectionScore></element><element><id>2</id><category>door</category><bounds><corner1>-1.023671990593166, -2.6847353306896364, -1.9360674839926417</corner1><corner2>1.023671990593166, 2.6847353306896364, 1.9360674839926417</corner2></bounds><pose><translation>-1.4199857413141252, -3.708243880103228, 0.10252714677274147</translation><rotation><c1>0, 0, 0</c1><c2>0, 0, 0</c2><c3>0, 0, 0</c3></rotation></pose><symmetry><x>twoFold</x><y>cylindrical</y><z>twoFold</z></symmetry><detectionScore>-1.0</detectionScore></element><element><id>3</id><category>wall</category><bounds><corner1>-2.6006436878504924, -2.4959916347307836, -1.7109108676514304</corner1><corner2>2.6006436878504924, 2.4959916347307836, 1.7109108676514304</corner2></bounds><pose><translation>0.419609279128336, -3.5886400105273415, -0.1003238131197541</translation><rotation><c1>0, 0, 0</c1><c2>0, 0, 0</c2><c3>0, 0, 0</c3></rotation></pose><symmetry><x>twoFold</x><y>cylindrical</y><z>twoFold</z></symmetry><detectionScore>-1.0</detectionScore></element><element><id>4</id><category>desk</category><bounds><corner1>-1.0286007657452607, -0.5682317028345047, -0.601502321319732</corner1><corner2>1.0286007657452607, 0.5682317028345047, 0.601502321319732</corner2></bounds><pose><translation>0.6986964657351253, 2.624995930860502, -1.178903957220929</translation><rotation><c1>0, 0, 0</c1><c2>0, 0, 0</c2><c3>0, 0, 0</c3></rotation></pose><symmetry><x>twoFold</x><y>cylindrical</y><z>twoFold</z></symmetry><detectionScore>-1.0</detectionScore></element><element><id>5</id><category>plant</category><bounds><corner1>-0.5668481452505348, -0.37184126228952774, -0.3484849722820047</corner1><corner2>0.5668481452505348, 0.37184126228952774, 0.3484849722820047</corner2></bounds><pose><translation>-1.5666793446892666, 0.3289025523740774, -0.864383226919734</translation><rotation><c1>0, 0, 0</c1><c2>0, 0, 0</c2><c3>0, 0, 0</c3></rotation></pose><symmetry><x>twoFold</x><y>cylindrical</y><z>twoFold</z></symmetry><detectionScore>-1.0</detectionScore></element><element><id>6</id><category>armchair</category><bounds><corner1>-0.49351748081179947, -0.8797432206188703, -0.5266684173510822</corner1><corner2>0.49351748081179947, 0.8797432206188703, 0.5266684173510822</corner2></bounds><pose><translation>2.845529020297328, 0.7361891909048869, -1.1808459169919552</translation><rotation><c1>0, 0, 0</c1><c2>0, 0, 0</c2><c3>0, 0, 0</c3></rotation></pose><symmetry><x>twoFold</x><y>cylindrical</y><z>twoFold</z></symmetry><detectionScore>-1.0</detectionScore></element><element><id>7</id><category>wall</category><bounds><corner1>-0.06836080411392742, -0.6397668557260802, -0.3804459232480932</corner1><corner2>0.06836080411392742, 0.6397668557260802, 0.3804459232480932</corner2></bounds><pose><translation>-1.614648854281818, -0.3395956609616353, 0.17887126313964213</translation><rotation><c1>0, 0, 0</c1><c2>0, 0, 0</c2><c3>0, 0, 0</c3></rotation></pose><symmetry><x>twoFold</x><y>cylindrical</y><z>twoFold</z></symmetry><detectionScore>-1.0</detectionScore></element><element><id>8</id><category>coffee_table</category><bounds><corner1>-0.9986550118107348, -0.5547514607306141, -0.5661650029407272</corner1><corner2>0.9986550118107348, 0.5547514607306141, 0.5661650029407272</corner2></bounds><pose><translation>0.7095088890545761, 2.6366970253271127, -1.1517601445173016</translation><rotation><c1>0, 0, 0</c1><c2>0, 0, 0</c2><c3>0, 0, 0</c3></rotation></pose><symmetry><x>twoFold</x><y>cylindrical</y><z>twoFold</z></symmetry><detectionScore>-1.0</detectionScore></element><element><id>9</id><category>plant</category><bounds><corner1>-0.5565873256443898, -0.78058519419347, -1.2535199336396168</corner1><corner2>0.5565873256443898, 0.78058519419347, 1.2535199336396168</corner2></bounds><pose><translation>-1.5697608307672064, 0.2694380964084021, -0.0740863376739484</translation><rotation><c1>0, 0, 0</c1><c2>0, 0, 0</c2><c3>0, 0, 0</c3></rotation></pose><symmetry><x>twoFold</x><y>cylindrical</y><z>twoFold</z></symmetry><detectionScore>-1.0</detectionScore></element><element><id>10</id><category>pillow</category><bounds><corner1>-0.30704862185407533, -0.4743916679859811, -0.2890048503879695</corner1><corner2>0.30704862185407533, 0.4743916679859811, 0.2890048503879695</corner2></bounds><pose><translation>3.012094173155844, 0.45824226339995267, -1.047456595144279</translation><rotation><c1>0, 0, 0</c1><c2>0, 0, 0</c2><c3>0, 0, 0</c3></rotation></pose><symmetry><x>twoFold</x><y>cylindrical</y><z>twoFold</z></symmetry><detectionScore>-1.0</detectionScore></element><element><id>11</id><category>door</category><bounds><corner1>-1.44660727560871, -4.540008818825518, -1.5734435897808474</corner1><corner2>1.44660727560871, 4.540008818825518, 1.5734435897808474</corner2></bounds><pose><translation>1.6505807057203181, -5.679706013936838, -0.5978563895320395</translation><rotation><c1>0, 0, 0</c1><c2>0, 0, 0</c2><c3>0, 0, 0</c3></rotation></pose><symmetry><x>twoFold</x><y>cylindrical</y><z>twoFold</z></symmetry><detectionScore>-1.0</detectionScore></element><element><id>12</id><category>chair</category><bounds><corner1>-0.6567524031337859, -1.040093514227479, -0.46824893862824035</corner1><corner2>0.6567524031337859, 1.040093514227479, 0.46824893862824035</corner2></bounds><pose><translation>2.622042164967679, 1.2283189618424868, -1.2147997886367206</translation><rotation><c1>0, 0, 0</c1><c2>0, 0, 0</c2><c3>0, 0, 0</c3></rotation></pose><symmetry><x>twoFold</x><y>cylindrical</y><z>twoFold</z></symmetry><detectionScore>-1.0</detectionScore></element><element><id>13</id><category>ottoman</category><bounds><corner1>-0.2911095020940418, -0.28352151965730044, -0.3553163377117493</corner1><corner2>0.2911095020940418, 0.28352151965730044, 0.3553163377117493</corner2></bounds><pose><translation>0.35018896232640223, -1.658472830104518, -1.2306152040387495</translation><rotation><c1>0, 0, 0</c1><c2>0, 0, 0</c2><c3>0, 0, 0</c3></rotation></pose><symmetry><x>twoFold</x><y>cylindrical</y><z>twoFold</z></symmetry><detectionScore>-1.0</detectionScore></element><element><id>14</id><category>chair</category><bounds><corner1>-0.5269085243237308, -0.675361406438423, -0.4691343490369302</corner1><corner2>0.5269085243237308, 0.675361406438423, 0.4691343490369302</corner2></bounds><pose><translation>2.8069193441992653, 0.4802549376842979, -1.18853736806049</translation><rotation><c1>0, 0, 0</c1><c2>0, 0, 0</c2><c3>0, 0, 0</c3></rotation></pose><symmetry><x>twoFold</x><y>cylindrical</y><z>twoFold</z></symmetry><detectionScore>-1.0</detectionScore></element><element><id>15</id><category>wall</category><bounds><corner1>-1.0760898126333565, -2.5728487979978585, -2.1753503044806517</corner1><corner2>1.0760898126333565, 2.5728487979978585, 2.1753503044806517</corner2></bounds><pose><translation>-1.3890574841734085, -3.597984286367841, 0.32430477787461615</translation><rotation><c1>0, 0, 0</c1><c2>0, 0, 0</c2><c3>0, 0, 0</c3></rotation></pose><symmetry><x>twoFold</x><y>cylindrical</y><z>twoFold</z></symmetry><detectionScore>-1.0</detectionScore></element><element><id>16</id><category>chandelier</category><bounds><corner1>-0.5436010053989366, -1.0966246471790777, -0.39180128308872253</corner1><corner2>0.5436010053989366, 1.0966246471790777, 0.39180128308872253</corner2></bounds><pose><translation>1.0489802219779454, -2.0558115496714633, 1.397467156863995</translation><rotation><c1>0, 0, 0</c1><c2>0, 0, 0</c2><c3>0, 0, 0</c3></rotation></pose><symmetry><x>twoFold</x><y>cylindrical</y><z>twoFold</z></symmetry><detectionScore>-1.0</detectionScore></element><element><id>17</id><category>chair</category><bounds><corner1>-1.9244227602584822, -0.6335611379480277, -0.40838801741909525</corner1><corner2>1.9244227602584822, 0.6335611379480277, 0.40838801741909525</corner2></bounds><pose><translation>1.2139031856754339, -1.917096915506407, -0.8397382962354557</translation><rotation><c1>0, 0, 0</c1><c2>0, 0, 0</c2><c3>0, 0, 0</c3></rotation></pose><symmetry><x>twoFold</x><y>cylindrical</y><z>twoFold</z></symmetry><detectionScore>-1.0</detectionScore></element><element><id>18</id><category>chair</category><bounds><corner1>-0.6553599793915879, -0.49933420645558235, -0.5481591371910485</corner1><corner2>0.6553599793915879, 0.49933420645558235, 0.5481591371910485</corner2></bounds><pose><translation>0.4275244441421011, -1.9042723913600732, -1.1905397226999204</translation><rotation><c1>0, 0, 0</c1><c2>0, 0, 0</c2><c3>0, 0, 0</c3></rotation></pose><symmetry><x>twoFold</x><y>cylindrical</y><z>twoFold</z></symmetry><detectionScore>-1.0</detectionScore></element><element><id>19</id><category>pillow</category><bounds><corner1>-0.35182802541943214, -0.8998414742500389, -0.30994347333203187</corner1><corner2>0.35182802541943214, 0.8998414742500389, 0.30994347333203187</corner2></bounds><pose><translation>2.9244407742936076, 1.4573324046330904, -1.0719853490047906</translation><rotation><c1>0, 0, 0</c1><c2>0, 0, 0</c2><c3>0, 0, 0</c3></rotation></pose><symmetry><x>twoFold</x><y>cylindrical</y><z>twoFold</z></symmetry><detectionScore>-1.0</detectionScore></element><element><id>20</id><category>sofa</category><bounds><corner1>-0.4901940053508569, -1.2740692623334526, -0.5080933347513396</corner1><corner2>0.4901940053508569, 1.2740692623334526, 0.5080933347513396</corner2></bounds><pose><translation>2.849310571659241, 0.9090080067553479, -1.1718521538516082</translation><rotation><c1>0, 0, 0</c1><c2>0, 0, 0</c2><c3>0, 0, 0</c3></rotation></pose><symmetry><x>twoFold</x><y>cylindrical</y><z>twoFold</z></symmetry><detectionScore>-1.0</detectionScore></element><element><id>21</id><category>wall_lamp</category><bounds><corner1>-0.4805627957949208, -1.0831652149161126, -0.3945289498345894</corner1><corner2>0.4805627957949208, 1.0831652149161126, 0.3945289498345894</corner2></bounds><pose><translation>1.054463673533812, -2.0459680720367923, 1.3919813945220876</translation><rotation><c1>0, 0, 0</c1><c2>0, 0, 0</c2><c3>0, 0, 0</c3></rotation></pose><symmetry><x>twoFold</x><y>cylindrical</y><z>twoFold</z></symmetry><detectionScore>-1.0</detectionScore></element><element><id>22</id><category>dining_table</category><bounds><corner1>-1.042604831463533, -0.5663527798158068, -0.5945087834269284</corner1><corner2>1.042604831463533, 0.5663527798158068, 0.5945087834269284</corner2></bounds><pose><translation>0.7067913447545087, 2.6268650733908228, -1.1695039763465267</translation><rotation><c1>0, 0, 0</c1><c2>0, 0, 0</c2><c3>0, 0, 0</c3></rotation></pose><symmetry><x>twoFold</x><y>cylindrical</y><z>twoFold</z></symmetry><detectionScore>-1.0</detectionScore></element><element><id>23</id><category>armchair</category><bounds><corner1>-1.6938902426659266, -0.782702750726447, -0.39206731872118233</corner1><corner2>1.6938902426659266, 0.782702750726447, 0.39206731872118233</corner2></bounds><pose><translation>1.4412111889463888, -2.4129259736957396, -0.812166354357671</translation><rotation><c1>0, 0, 0</c1><c2>0, 0, 0</c2><c3>0, 0, 0</c3></rotation></pose><symmetry><x>twoFold</x><y>cylindrical</y><z>twoFold</z></symmetry><detectionScore>-1.0</detectionScore></element><element><id>24</id><category>person</category><bounds><corner1>-1.269395864608289, -0.7885829127890716, -0.4029609413065047</corner1><corner2>1.269395864608289, 0.7885829127890716, 0.4029609413065047</corner2></bounds><pose><translation>1.8794502276206633, -2.744688939063481, -0.790998452668683</translation><rotation><c1>0, 0, 0</c1><c2>0, 0, 0</c2><c3>0, 0, 0</c3></rotation></pose><symmetry><x>twoFold</x><y>cylindrical</y><z>twoFold</z></symmetry><detectionScore>-1.0</detectionScore></element><element><id>25</id><category>wall</category><bounds><corner1>-1.25109903439952, -0.49441656337580087, -1.4623759943296615</corner1><corner2>1.25109903439952, 0.49441656337580087, 1.4623759943296615</corner2></bounds><pose><translation>-0.0760479700726795, 2.7481334424174717, 0.2749583807539536</translation><rotation><c1>0, 0, 0</c1><c2>0, 0, 0</c2><c3>0, 0, 0</c3></rotation></pose><symmetry><x>twoFold</x><y>cylindrical</y><z>twoFold</z></symmetry><detectionScore>-1.0</detectionScore></element><element><id>26</id><category>chandelier</category><bounds><corner1>-0.21191634291203074, -0.6344874052574454, -0.08553078806949332</corner1><corner2>0.21191634291203074, 0.6344874052574454, 0.08553078806949332</corner2></bounds><pose><translation>-0.36777727883916667, 2.216558124206095, 1.7342311071988528</translation><rotation><c1>0, 0, 0</c1><c2>0, 0, 0</c2><c3>0, 0, 0</c3></rotation></pose><symmetry><x>twoFold</x><y>cylindrical</y><z>twoFold</z></symmetry><detectionScore>-1.0</detectionScore></element></elements></scene>