<?xml version='1.0' encoding='utf-8'?>
<scene xmlns:sumo="https://www.sumochallenge.org"><version>2.0</version><categories><id>fb_categories_v1.0</id><url>https://sumochallenge.org/en/categories-1_0.json</url></categories><project_type>bounding_box</project_type><elements><element><id>6</id><category>window</category><bounds><corner1>-1.3071875 , -1.10405248, -1.32192333</corner1><corner2>1.3071875 , 1.10405248, 1.32192333</corner2></bounds><pose><translation>-0.16245108, -0.10418842, -3.68085713</translation><rotation><c1>1., 0., 0.</c1><c2>0., 1., 0.</c2><c3>0., 0., 1.</c3></rotation></pose><symmetry><x>none</x><y>none</y><z>none</z></symmetry><detectionScore>-1</detectionScore></element><element><id>7</id><category>wall</category><bounds><corner1>-0.04689056, -0.49378588, -1.01329047</corner1><corner2>0.04689056, 0.49378588, 1.01329047</corner2></bounds><pose><translation>-2.67396837, -0.0289407 , -0.66292861</translation><rotation><c1>1., 0., 0.</c1><c2>0., 1., 0.</c2><c3>0., 0., 1.</c3></rotation></pose><symmetry><x>none</x><y>none</y><z>none</z></symmetry><detectionScore>-1</detectionScore></element><element><id>5</id><category>door</category><bounds><corner1>-3.92523434, -1.15160368, -0.97307818</corner1><corner2>3.92523434, 1.15160368, 0.97307818</corner2></bounds><pose><translation> 2.34385866, -0.35584218, -0.97307818</translation><rotation><c1>1., 0., 0.</c1><c2>0., 1., 0.</c2><c3>0., 0., 1.</c3></rotation></pose><symmetry><x>none</x><y>none</y><z>none</z></symmetry><detectionScore>-1</detectionScore></element><element><id>3</id><category>person</category><bounds><corner1>-1.07334306, -0.30757812, -0.55498809</corner1><corner2>1.07334306, 0.30757812, 0.55498809</corner2></bounds><pose><translation> 0.25549423, -0.80724858, -2.04994803</translation><rotation><c1>1., 0., 0.</c1><c2>0., 1., 0.</c2><c3>0., 0., 1.</c3></rotation></pose><symmetry><x>none</x><y>none</y><z>none</z></symmetry><detectionScore>-1</detectionScore></element><element><id>9</id><category>computer</category><bounds><corner1>-0.24993329, -0.31550323, -0.2863329 </corner1><corner2>0.24993329, 0.31550323, 0.2863329 </corner2></bounds><pose><translation>-1.42994174, -0.4233912 ,  1.07721244</translation><rotation><c1>1., 0., 0.</c1><c2>0., 1., 0.</c2><c3>0., 0., 1.</c3></rotation></pose><symmetry><x>none</x><y>none</y><z>none</z></symmetry><detectionScore>-1</detectionScore></element><element><id>10</id><category>person</category><bounds><corner1>-0.23005203, -0.58010888, -0.58431339</corner1><corner2>0.23005203, 0.58010888, 0.58431339</corner2></bounds><pose><translation>-1.41602714, -0.69432841,  0.76562557</translation><rotation><c1>1., 0., 0.</c1><c2>0., 1., 0.</c2><c3>0., 0., 1.</c3></rotation></pose><symmetry><x>none</x><y>none</y><z>none</z></symmetry><detectionScore>-1</detectionScore></element><element><id>4</id><category>double_bed</category><bounds><corner1>-1.93957812, -0.40235987, -0.14195503</corner1><corner2>1.93957812, 0.40235987, 0.14195503</corner2></bounds><pose><translation> 0.38115513, -0.9578379 , -1.53197014</translation><rotation><c1>1., 0., 0.</c1><c2>0., 1., 0.</c2><c3>0., 0., 1.</c3></rotation></pose><symmetry><x>none</x><y>none</y><z>none</z></symmetry><detectionScore>-1</detectionScore></element><element><id>2</id><category>shelving</category><bounds><corner1>-0.11581824, -0.87907957, -0.30480042</corner1><corner2>0.11581824, 0.87907957, 0.30480042</corner2></bounds><pose><translation> 2.21360351, -0.59091845, -3.59008805</translation><rotation><c1>1., 0., 0.</c1><c2>0., 1., 0.</c2><c3>0., 0., 1.</c3></rotation></pose><symmetry><x>none</x><y>none</y><z>none</z></symmetry><detectionScore>-1</detectionScore></element><element><id>1</id><category>television</category><bounds><corner1>-0.47080109, -0.30716591, -0.02509758</corner1><corner2>0.47080109, 0.30716591, 0.02509758</corner2></bounds><pose><translation>-0.17918096,  0.55769573,  1.29995629</translation><rotation><c1>1., 0., 0.</c1><c2>0., 1., 0.</c2><c3>0., 0., 1.</c3></rotation></pose><symmetry><x>none</x><y>none</y><z>none</z></symmetry><detectionScore>-1</detectionScore></element><element><id>8</id><category>door</category><bounds><corner1>-1.57982988, -1.32201039, -0.31553203</corner1><corner2>1.57982988, 1.32201039, 0.31553203</corner2></bounds><pose><translation>-2.93885716, -0.41686006,  0.20094411</translation><rotation><c1>1., 0., 0.</c1><c2>0., 1., 0.</c2><c3>0., 0., 1.</c3></rotation></pose><symmetry><x>none</x><y>none</y><z>none</z></symmetry><detectionScore>-1</detectionScore></element></elements></scene>