<?xml version='1.0' encoding='utf-8'?>
<scene xmlns:sumo="https://www.sumochallenge.org"><version>2.0</version><categories><id>fb_categories_v1_0</id><url>https://sumochallenge.org/en/categories-1_0.json</url></categories><project_type>bounding_box</project_type><elements><element><id>0</id><category>kitchen_cabinet</category><bounds><corner1>-0.28653296411380325, -0.5301883645342885, -0.5778189729430537</corner1><corner2>0.28653296411380325, 0.5301883645342885, 0.5778189729430537</corner2></bounds><pose><translation>-4.081051054078852, 0.8136284373950743, -0.9646371625613412</translation><rotation><c1>0, 0, 0</c1><c2>0, 0, 0</c2><c3>0, 0, 0</c3></rotation></pose><symmetry><x>twoFold</x><y>cylindrical</y><z>twoFold</z></symmetry><detectionScore>-1.0</detectionScore></element><element><id>1</id><category>wall</category><bounds><corner1>-1.248293152551273, -1.0332029409347232, -1.1697224974994997</corner1><corner2>1.248293152551273, 1.0332029409347232, 1.1697224974994997</corner2></bounds><pose><translation>0.38226730791471586, -1.8458187962155288, 0.12188913009718266</translation><rotation><c1>0, 0, 0</c1><c2>0, 0, 0</c2><c3>0, 0, 0</c3></rotation></pose><symmetry><x>twoFold</x><y>cylindrical</y><z>twoFold</z></symmetry><detectionScore>-1.0</detectionScore></element><element><id>2</id><category>kitchen_cabinet</category><bounds><corner1>-1.100345405672449, -0.48632399425298767, -0.40620001586854004</corner1><corner2>1.100345405672449, 0.48632399425298767, 0.40620001586854004</corner2></bounds><pose><translation>-1.8716663632160149, -1.117294795954353, -0.508618815389634</translation><rotation><c1>0, 0, 0</c1><c2>0, 0, 0</c2><c3>0, 0, 0</c3></rotation></pose><symmetry><x>twoFold</x><y>cylindrical</y><z>twoFold</z></symmetry><detectionScore>-1.0</detectionScore></element><element><id>3</id><category>coffee_machine</category><bounds><corner1>-1.8253285347697572, -1.1089463868497509, -0.41841779896167774</corner1><corner2>1.8253285347697572, 1.1089463868497509, 0.41841779896167774</corner2></bounds><pose><translation>-5.194092689384373, -3.030697642111, -0.4347677613257728</translation><rotation><c1>0, 0, 0</c1><c2>0, 0, 0</c2><c3>0, 0, 0</c3></rotation></pose><symmetry><x>twoFold</x><y>cylindrical</y><z>twoFold</z></symmetry><detectionScore>-1.0</detectionScore></element><element><id>4</id><category>kitchen_cabinet</category><bounds><corner1>-1.4130816896146103, -0.41676578701711153, -1.246358337384639</corner1><corner2>1.4130816896146103, 0.41676578701711153, 1.246358337384639</corner2></bounds><pose><translation>2.087677985776003, 0.9482231502529959, -0.7679765004139263</translation><rotation><c1>0, 0, 0</c1><c2>0, 0, 0</c2><c3>0, 0, 0</c3></rotation></pose><symmetry><x>twoFold</x><y>cylindrical</y><z>twoFold</z></symmetry><detectionScore>-1.0</detectionScore></element><element><id>5</id><category>rug</category><bounds><corner1>-0.40515815582472275, -4.3790669987853725, -0.18050055511933122</corner1><corner2>0.40515815582472275, 4.3790669987853725, 0.18050055511933122</corner2></bounds><pose><translation>-0.772765013966456, 1.6612768552119717, -0.5567566543786406</translation><rotation><c1>0, 0, 0</c1><c2>0, 0, 0</c2><c3>0, 0, 0</c3></rotation></pose><symmetry><x>twoFold</x><y>cylindrical</y><z>twoFold</z></symmetry><detectionScore>-1.0</detectionScore></element><element><id>6</id><category>door</category><bounds><corner1>-0.9619212469278052, -0.7136514770830872, -0.8151229575099599</corner1><corner2>0.9619212469278052, 0.7136514770830872, 0.8151229575099599</corner2></bounds><pose><translation>0.7743933652943563, -1.474327299466961, -0.09731196506669589</translation><rotation><c1>0, 0, 0</c1><c2>0, 0, 0</c2><c3>0, 0, 0</c3></rotation></pose><symmetry><x>twoFold</x><y>cylindrical</y><z>twoFold</z></symmetry><detectionScore>-1.0</detectionScore></element><element><id>7</id><category>kitchen_cabinet</category><bounds><corner1>-2.370464509014785, -1.7005886002720523, -1.3254189438653485</corner1><corner2>2.370464509014785, 1.7005886002720523, 1.3254189438653485</corner2></bounds><pose><translation>-3.1959803122065673, -0.6565129732358235, 0.19944096925836283</translation><rotation><c1>0, 0, 0</c1><c2>0, 0, 0</c2><c3>0, 0, 0</c3></rotation></pose><symmetry><x>twoFold</x><y>cylindrical</y><z>twoFold</z></symmetry><detectionScore>-1.0</detectionScore></element><element><id>8</id><category>plant</category><bounds><corner1>-0.25229075123746125, -0.41949685135794423, -0.4545959643596946</corner1><corner2>0.25229075123746125, 0.41949685135794423, 0.4545959643596946</corner2></bounds><pose><translation>1.6183823099990495, -0.3854291496461326, -1.2296383202569192</translation><rotation><c1>0, 0, 0</c1><c2>0, 0, 0</c2><c3>0, 0, 0</c3></rotation></pose><symmetry><x>twoFold</x><y>cylindrical</y><z>twoFold</z></symmetry><detectionScore>-1.0</detectionScore></element><element><id>9</id><category>kitchen_cabinet</category><bounds><corner1>-1.818714497747183, -1.1048809286014443, -0.4810348746888242</corner1><corner2>1.818714497747183, 1.1048809286014443, 0.4810348746888242</corner2></bounds><pose><translation>-5.174836547582211, -3.0079906508280545, -0.47552364172435</translation><rotation><c1>0, 0, 0</c1><c2>0, 0, 0</c2><c3>0, 0, 0</c3></rotation></pose><symmetry><x>twoFold</x><y>cylindrical</y><z>twoFold</z></symmetry><detectionScore>-1.0</detectionScore></element><element><id>10</id><category>range_hood</category><bounds><corner1>-0.7932759212912548, -0.6646682359123012, -0.41754449111843805</corner1><corner2>0.7932759212912548, 0.6646682359123012, 0.41754449111843805</corner2></bounds><pose><translation>-3.6393408016477733, -1.5387349127999388, 1.0247675122129893</translation><rotation><c1>0, 0, 0</c1><c2>0, 0, 0</c2><c3>0, 0, 0</c3></rotation></pose><symmetry><x>twoFold</x><y>cylindrical</y><z>twoFold</z></symmetry><detectionScore>-1.0</detectionScore></element><element><id>11</id><category>coffee_table</category><bounds><corner1>-0.3771923771417306, -4.521019392259209, -0.18959619175639475</corner1><corner2>0.3771923771417306, 4.521019392259209, 0.18959619175639475</corner2></bounds><pose><translation>-0.7887697807774282, 1.6603330709240995, -0.5532594049642001</translation><rotation><c1>0, 0, 0</c1><c2>0, 0, 0</c2><c3>0, 0, 0</c3></rotation></pose><symmetry><x>twoFold</x><y>cylindrical</y><z>twoFold</z></symmetry><detectionScore>-1.0</detectionScore></element><element><id>12</id><category>fence</category><bounds><corner1>-2.5906710889956095, -5.015190835036623, -0.37814375725461946</corner1><corner2>2.5906710889956095, 5.015190835036623, 0.37814375725461946</corner2></bounds><pose><translation>-2.5906710889956095, 1.5119912296082858, -0.22794307788731674</translation><rotation><c1>0, 0, 0</c1><c2>0, 0, 0</c2><c3>0, 0, 0</c3></rotation></pose><symmetry><x>twoFold</x><y>cylindrical</y><z>twoFold</z></symmetry><detectionScore>-1.0</detectionScore></element><element><id>13</id><category>wall</category><bounds><corner1>-2.6814095006812946, -4.651828783644012, -1.0960399095878381</corner1><corner2>2.6814095006812946, 4.651828783644012, 1.0960399095878381</corner2></bounds><pose><translation>-2.6814095006812946, 1.4391865045972372, -0.05223265863713761</translation><rotation><c1>0, 0, 0</c1><c2>0, 0, 0</c2><c3>0, 0, 0</c3></rotation></pose><symmetry><x>twoFold</x><y>cylindrical</y><z>twoFold</z></symmetry><detectionScore>-1.0</detectionScore></element><element><id>14</id><category>wall</category><bounds><corner1>-1.4021376753336212, -0.5939850574367449, -0.8326077194980439</corner1><corner2>1.4021376753336212, 0.5939850574367449, 0.8326077194980439</corner2></bounds><pose><translation>2.119836307706937, 0.4976944610509611, -0.24714172187922817</translation><rotation><c1>0, 0, 0</c1><c2>0, 0, 0</c2><c3>0, 0, 0</c3></rotation></pose><symmetry><x>twoFold</x><y>cylindrical</y><z>twoFold</z></symmetry><detectionScore>-1.0</detectionScore></element><element><id>15</id><category>kitchen_cabinet</category><bounds><corner1>-1.240625720099354, -0.46393400934488926, -0.4526114784984724</corner1><corner2>1.240625720099354, 0.46393400934488926, 0.4526114784984724</corner2></bounds><pose><translation>-3.1524925702832873, -1.256062937367151, -0.971941278438655</translation><rotation><c1>0, 0, 0</c1><c2>0, 0, 0</c2><c3>0, 0, 0</c3></rotation></pose><symmetry><x>twoFold</x><y>cylindrical</y><z>twoFold</z></symmetry><detectionScore>-1.0</detectionScore></element><element><id>16</id><category>wall</category><bounds><corner1>-4.075155831017778, -2.154512675012068, -1.370037171323539</corner1><corner2>4.075155831017778, 2.154512675012068, 1.370037171323539</corner2></bounds><pose><translation>-5.061413495019076, -1.040633068766383, -0.005591792445496656</translation><rotation><c1>0, 0, 0</c1><c2>0, 0, 0</c2><c3>0, 0, 0</c3></rotation></pose><symmetry><x>twoFold</x><y>cylindrical</y><z>twoFold</z></symmetry><detectionScore>-1.0</detectionScore></element><element><id>17</id><category>chair</category><bounds><corner1>-2.5710297378279323, -2.3350755068492317, -1.102511039102016</corner1><corner2>2.5710297378279323, 2.3350755068492317, 1.102511039102016</corner2></bounds><pose><translation>-3.59614758767931, 5.519200874213114, -1.3000016192330137</translation><rotation><c1>0, 0, 0</c1><c2>0, 0, 0</c2><c3>0, 0, 0</c3></rotation></pose><symmetry><x>twoFold</x><y>cylindrical</y><z>twoFold</z></symmetry><detectionScore>-1.0</detectionScore></element><element><id>18</id><category>chair</category><bounds><corner1>-0.9473561429886936, -0.4016524144813626, -0.6611584482503506</corner1><corner2>0.9473561429886936, 0.4016524144813626, 0.6611584482503506</corner2></bounds><pose><translation>-2.888532568153341, -1.162449481150401, -1.3199890197715956</translation><rotation><c1>0, 0, 0</c1><c2>0, 0, 0</c2><c3>0, 0, 0</c3></rotation></pose><symmetry><x>twoFold</x><y>cylindrical</y><z>twoFold</z></symmetry><detectionScore>-1.0</detectionScore></element><element><id>19</id><category>chair</category><bounds><corner1>-0.03578243634707623, -0.028589996209185564, -0.2800213281185965</corner1><corner2>0.03578243634707623, 0.028589996209185564, 0.2800213281185965</corner2></bounds><pose><translation>-1.0066488010490051, 1.639144115396906, -0.4046814634677594</translation><rotation><c1>0, 0, 0</c1><c2>0, 0, 0</c2><c3>0, 0, 0</c3></rotation></pose><symmetry><x>twoFold</x><y>cylindrical</y><z>twoFold</z></symmetry><detectionScore>-1.0</detectionScore></element><element><id>20</id><category>plant</category><bounds><corner1>-0.7178909629367198, -4.813943675062414, -0.5124683947068178</corner1><corner2>0.7178909629367198, 4.813943675062414, 0.5124683947068178</corner2></bounds><pose><translation>-2.7232262038146797, 1.4991397508495634, -0.4769601523002724</translation><rotation><c1>0, 0, 0</c1><c2>0, 0, 0</c2><c3>0, 0, 0</c3></rotation></pose><symmetry><x>twoFold</x><y>cylindrical</y><z>twoFold</z></symmetry><detectionScore>-1.0</detectionScore></element><element><id>21</id><category>chandelier</category><bounds><corner1>-0.1390207238265403, -0.03865256689734686, -0.9774615611834916</corner1><corner2>0.1390207238265403, 0.03865256689734686, 0.9774615611834916</corner2></bounds><pose><translation>-0.9634772170885135, -0.6640591777155129, 0.4840025779038646</translation><rotation><c1>0, 0, 0</c1><c2>0, 0, 0</c2><c3>0, 0, 0</c3></rotation></pose><symmetry><x>twoFold</x><y>cylindrical</y><z>twoFold</z></symmetry><detectionScore>-1.0</detectionScore></element><element><id>22</id><category>door</category><bounds><corner1>-1.4883468256806358, -0.5154447476640979, -1.8382738754956705</corner1><corner2>1.4883468256806358, 0.5154447476640979, 1.8382738754956705</corner2></bounds><pose><translation>2.0173294750212127, 0.8658734839306238, -0.3737535010844433</translation><rotation><c1>0, 0, 0</c1><c2>0, 0, 0</c2><c3>0, 0, 0</c3></rotation></pose><symmetry><x>twoFold</x><y>cylindrical</y><z>twoFold</z></symmetry><detectionScore>-1.0</detectionScore></element><element><id>23</id><category>kitchen_cabinet</category><bounds><corner1>-0.9341584453893388, -0.7491170625919696, -1.4133688403437463</corner1><corner2>0.9341584453893388, 0.7491170625919696, 1.4133688403437463</corner2></bounds><pose><translation>-3.649929853120867, -1.1705563650910484, 0.0055566635302664175</translation><rotation><c1>0, 0, 0</c1><c2>0, 0, 0</c2><c3>0, 0, 0</c3></rotation></pose><symmetry><x>twoFold</x><y>cylindrical</y><z>twoFold</z></symmetry><detectionScore>-1.0</detectionScore></element><element><id>24</id><category>chair</category><bounds><corner1>-1.2227179802500197, -0.47954773751215174, -0.7512977786051287</corner1><corner2>1.2227179802500197, 0.47954773751215174, 0.7512977786051287</corner2></bounds><pose><translation>-1.994996606261186, -1.0868076415952632, -0.9807660850868832</translation><rotation><c1>0, 0, 0</c1><c2>0, 0, 0</c2><c3>0, 0, 0</c3></rotation></pose><symmetry><x>twoFold</x><y>cylindrical</y><z>twoFold</z></symmetry><detectionScore>-1.0</detectionScore></element><element><id>25</id><category>plant</category><bounds><corner1>-1.0943723167050807, -0.6650332401458166, -0.7164991267847624</corner1><corner2>1.0943723167050807, 0.6650332401458166, 0.7164991267847624</corner2></bounds><pose><translation>0.6334515797311102, -1.4233450944290686, -0.5293380395844683</translation><rotation><c1>0, 0, 0</c1><c2>0, 0, 0</c2><c3>0, 0, 0</c3></rotation></pose><symmetry><x>twoFold</x><y>cylindrical</y><z>twoFold</z></symmetry><detectionScore>-1.0</detectionScore></element><element><id>26</id><category>plant</category><bounds><corner1>-2.428430932583786, -3.0919552317554593, -0.3822752561163966</corner1><corner2>2.428430932583786, 3.0919552317554593, 0.3822752561163966</corner2></bounds><pose><translation>-4.436941691281825, 3.677890617456995, -0.4536360951556206</translation><rotation><c1>0, 0, 0</c1><c2>0, 0, 0</c2><c3>0, 0, 0</c3></rotation></pose><symmetry><x>twoFold</x><y>cylindrical</y><z>twoFold</z></symmetry><detectionScore>-1.0</detectionScore></element><element><id>27</id><category>wall</category><bounds><corner1>-1.5917643206362357, -0.9148087584197278, -1.4491819273897117</corner1><corner2>1.5917643206362357, 0.9148087584197278, 1.4491819273897117</corner2></bounds><pose><translation>1.9030318085120004, 0.48146573328784864, -0.09202288356594747</translation><rotation><c1>0, 0, 0</c1><c2>0, 0, 0</c2><c3>0, 0, 0</c3></rotation></pose><symmetry><x>twoFold</x><y>cylindrical</y><z>twoFold</z></symmetry><detectionScore>-1.0</detectionScore></element><element><id>28</id><category>chair</category><bounds><corner1>-0.9304811733836028, -0.30931319444006145, -0.28658603652647646</corner1><corner2>0.9304811733836028, 0.30931319444006145, 0.28658603652647646</corner2></bounds><pose><translation>0.036710862707282375, -1.102053085470911, -0.6037321706550903</translation><rotation><c1>0, 0, 0</c1><c2>0, 0, 0</c2><c3>0, 0, 0</c3></rotation></pose><symmetry><x>twoFold</x><y>cylindrical</y><z>twoFold</z></symmetry><detectionScore>-1.0</detectionScore></element><element><id>29</id><category>kitchen_cabinet</category><bounds><corner1>-2.6937008386401873, -1.2894653954787338, -0.9152976978871472</corner1><corner2>2.6937008386401873, 1.2894653954787338, 0.9152976978871472</corner2></bounds><pose><translation>-3.6390113930674097, -1.9303249039065613, -0.4353648192945182</translation><rotation><c1>0, 0, 0</c1><c2>0, 0, 0</c2><c3>0, 0, 0</c3></rotation></pose><symmetry><x>twoFold</x><y>cylindrical</y><z>twoFold</z></symmetry><detectionScore>-1.0</detectionScore></element></elements></scene>