<?xml version='1.0' encoding='utf-8'?>
<scene xmlns:sumo="https://www.sumochallenge.org"><version>2.0</version><categories><id>fb_categories_v1.0</id><url>https://sumochallenge.org/en/categories-1_0.json</url></categories><project_type>bounding_box</project_type><elements><element><id>11</id><category>shelving</category><bounds><corner1>-0.11376354, -0.71781222, -0.75616971</corner1><corner2>0.11376354, 0.71781222, 0.75616971</corner2></bounds><pose><translation> 4.91486672,  0.2079661 , -2.59260595</translation><rotation><c1>1., 0., 0.</c1><c2>0., 1., 0.</c2><c3>0., 0., 1.</c3></rotation></pose><symmetry><x>none</x><y>none</y><z>none</z></symmetry><detectionScore>-1</detectionScore></element><element><id>6</id><category>door</category><bounds><corner1>-0.09916593, -0.99964125, -0.44978832</corner1><corner2>0.09916593, 0.99964125, 0.44978832</corner2></bounds><pose><translation> 4.92747489, -0.46986331, -6.71636282</translation><rotation><c1>1., 0., 0.</c1><c2>0., 1., 0.</c2><c3>0., 0., 1.</c3></rotation></pose><symmetry><x>none</x><y>none</y><z>none</z></symmetry><detectionScore>-1</detectionScore></element><element><id>7</id><category>wall</category><bounds><corner1>-0.9197225 , -1.22841418, -1.30816808</corner1><corner2>0.9197225 , 1.22841418, 1.30816808</corner2></bounds><pose><translation>-3.4498278 , -0.11428585, -0.09469089</translation><rotation><c1>1., 0., 0.</c1><c2>0., 1., 0.</c2><c3>0., 0., 1.</c3></rotation></pose><symmetry><x>none</x><y>none</y><z>none</z></symmetry><detectionScore>-1</detectionScore></element><element><id>2</id><category>kitchen_cabinet</category><bounds><corner1>-1.04687253, -0.41107773, -0.32714324</corner1><corner2>1.04687253, 0.41107773, 0.32714324</corner2></bounds><pose><translation>-2.83691333, -0.81776251,  0.82101561</translation><rotation><c1>1., 0., 0.</c1><c2>0., 1., 0.</c2><c3>0., 0., 1.</c3></rotation></pose><symmetry><x>none</x><y>none</y><z>none</z></symmetry><detectionScore>-1</detectionScore></element><element><id>5</id><category>washer</category><bounds><corner1>-0.60630007, -0.03621871, -0.5399581 </corner1><corner2>0.60630007, 0.03621871, 0.5399581 </corner2></bounds><pose><translation> 0.05747837, -0.57543104,  0.85501251</translation><rotation><c1>1., 0., 0.</c1><c2>0., 1., 0.</c2><c3>0., 0., 1.</c3></rotation></pose><symmetry><x>none</x><y>none</y><z>none</z></symmetry><detectionScore>-1</detectionScore></element><element><id>9</id><category>door</category><bounds><corner1>-0.47144996, -1.02025276, -0.79064753</corner1><corner2>0.47144996, 1.02025276, 0.79064753</corner2></bounds><pose><translation> 5.01932899, -0.31160153, -3.90770476</translation><rotation><c1>1., 0., 0.</c1><c2>0., 1., 0.</c2><c3>0., 0., 1.</c3></rotation></pose><symmetry><x>none</x><y>none</y><z>none</z></symmetry><detectionScore>-1</detectionScore></element><element><id>4</id><category>range_oven</category><bounds><corner1>-0.3489051 , -0.15312241, -0.02799415</corner1><corner2>0.3489051 , 0.15312241, 0.02799415</corner2></bounds><pose><translation>-0.49161556, -0.66129862, -0.98200682</translation><rotation><c1>1., 0., 0.</c1><c2>0., 1., 0.</c2><c3>0., 0., 1.</c3></rotation></pose><symmetry><x>none</x><y>none</y><z>none</z></symmetry><detectionScore>-1</detectionScore></element><element><id>8</id><category>wall</category><bounds><corner1>-3.48817719, -0.97279953, -0.04000543</corner1><corner2>3.48817719, 0.97279953, 0.04000543</corner2></bounds><pose><translation> 0.57859947, -0.03610469, -1.61795334</translation><rotation><c1>1., 0., 0.</c1><c2>0., 1., 0.</c2><c3>0., 0., 1.</c3></rotation></pose><symmetry><x>none</x><y>none</y><z>none</z></symmetry><detectionScore>-1</detectionScore></element><element><id>1</id><category>mirror</category><bounds><corner1>-0.20481269, -0.23732325, -0.02208955</corner1><corner2>0.20481269, 0.23732325, 0.02208955</corner2></bounds><pose><translation>0.40631343, 0.29138557, 1.39895811</translation><rotation><c1>1., 0., 0.</c1><c2>0., 1., 0.</c2><c3>0., 0., 1.</c3></rotation></pose><symmetry><x>none</x><y>none</y><z>none</z></symmetry><detectionScore>-1</detectionScore></element><element><id>10</id><category>armchair</category><bounds><corner1>-1.35279442, -0.64674678, -0.37293097</corner1><corner2>1.35279442, 0.64674678, 0.37293097</corner2></bounds><pose><translation> 2.89376883, -1.30636154,  1.02731362</translation><rotation><c1>1., 0., 0.</c1><c2>0., 1., 0.</c2><c3>0., 0., 1.</c3></rotation></pose><symmetry><x>none</x><y>none</y><z>none</z></symmetry><detectionScore>-1</detectionScore></element></elements></scene>