<?xml version='1.0' encoding='utf-8'?>
<scene xmlns:sumo="https://www.sumochallenge.org"><version>2.0</version><categories><id>fb_categories_v1_0</id><url>https://sumochallenge.org/en/categories-1_0.json</url></categories><project_type>bounding_box</project_type><elements><element><id>0</id><category>single_bed</category><bounds><corner1>-0.7338974435902395, -1.2014022458231246, -0.6602730866021674</corner1><corner2>0.7338974435902395, 1.2014022458231246, 0.6602730866021674</corner2></bounds><pose><translation>-2.606008166574948, -0.8931912041740584, -1.121997960595611</translation><rotation><c1>0, 0, 0</c1><c2>0, 0, 0</c2><c3>0, 0, 0</c3></rotation></pose><symmetry><x>twoFold</x><y>cylindrical</y><z>twoFold</z></symmetry><detectionScore>-1.0</detectionScore></element><element><id>1</id><category>door</category><bounds><corner1>-0.4168289132921572, -2.7120933479667855, -1.3892603652614772</corner1><corner2>0.4168289132921572, 2.7120933479667855, 1.3892603652614772</corner2></bounds><pose><translation>1.5669748558929721, 4.3392734290487285, -0.5251451996736215</translation><rotation><c1>0, 0, 0</c1><c2>0, 0, 0</c2><c3>0, 0, 0</c3></rotation></pose><symmetry><x>twoFold</x><y>cylindrical</y><z>twoFold</z></symmetry><detectionScore>-1.0</detectionScore></element><element><id>2</id><category>television</category><bounds><corner1>-0.19664438672522278, -0.6920244190914734, -0.5253663196643878</corner1><corner2>0.19664438672522278, 0.6920244190914734, 0.5253663196643878</corner2></bounds><pose><translation>1.8258281878075568, 0.6207957279532118, -0.8533842091021194</translation><rotation><c1>0, 0, 0</c1><c2>0, 0, 0</c2><c3>0, 0, 0</c3></rotation></pose><symmetry><x>twoFold</x><y>cylindrical</y><z>twoFold</z></symmetry><detectionScore>-1.0</detectionScore></element><element><id>3</id><category>table_lamp</category><bounds><corner1>-0.49358275740733193, -0.5232642391678062, -0.406458400229203</corner1><corner2>0.49358275740733193, 0.5232642391678062, 0.406458400229203</corner2></bounds><pose><translation>-3.6207584317446986, 2.9832348839612166, -0.5832522927156305</translation><rotation><c1>0, 0, 0</c1><c2>0, 0, 0</c2><c3>0, 0, 0</c3></rotation></pose><symmetry><x>twoFold</x><y>cylindrical</y><z>twoFold</z></symmetry><detectionScore>-1.0</detectionScore></element><element><id>4</id><category>computer</category><bounds><corner1>-0.8725697023590531, -0.4067713294134787, -0.2576092442741397</corner1><corner2>0.8725697023590531, 0.4067713294134787, 0.2576092442741397</corner2></bounds><pose><translation>-3.143772430161284, 4.010797890296103, -0.4887738812856208</translation><rotation><c1>0, 0, 0</c1><c2>0, 0, 0</c2><c3>0, 0, 0</c3></rotation></pose><symmetry><x>twoFold</x><y>cylindrical</y><z>twoFold</z></symmetry><detectionScore>-1.0</detectionScore></element><element><id>5</id><category>desk</category><bounds><corner1>-0.4019491441726206, -0.5982297559124028, -0.503710743964317</corner1><corner2>0.4019491441726206, 0.5982297559124028, 0.503710743964317</corner2></bounds><pose><translation>-2.4285442561059165, 3.7870746857846482, -1.008718872292866</translation><rotation><c1>0, 0, 0</c1><c2>0, 0, 0</c2><c3>0, 0, 0</c3></rotation></pose><symmetry><x>twoFold</x><y>cylindrical</y><z>twoFold</z></symmetry><detectionScore>-1.0</detectionScore></element><element><id>6</id><category>table_lamp</category><bounds><corner1>-0.27014068896951615, -0.12494014578333879, -0.36944800622330703</corner1><corner2>0.27014068896951615, 0.12494014578333879, 0.36944800622330703</corner2></bounds><pose><translation>-2.503633848987867, 4.318064828402014, -0.416331156844216</translation><rotation><c1>0, 0, 0</c1><c2>0, 0, 0</c2><c3>0, 0, 0</c3></rotation></pose><symmetry><x>twoFold</x><y>cylindrical</y><z>twoFold</z></symmetry><detectionScore>-1.0</detectionScore></element><element><id>7</id><category>office_chair</category><bounds><corner1>-0.606405366972423, -1.2140327680957128, -0.7130221766859539</corner1><corner2>0.606405366972423, 1.2140327680957128, 0.7130221766859539</corner2></bounds><pose><translation>-2.547819695740474, 3.160637093696164, -1.1405454344649506</translation><rotation><c1>0, 0, 0</c1><c2>0, 0, 0</c2><c3>0, 0, 0</c3></rotation></pose><symmetry><x>twoFold</x><y>cylindrical</y><z>twoFold</z></symmetry><detectionScore>-1.0</detectionScore></element><element><id>8</id><category>floor</category><bounds><corner1>-0.9103728856873204, -2.1828540810677435, -0.4346619395208057</corner1><corner2>0.9103728856873204, 2.1828540810677435, 0.4346619395208057</corner2></bounds><pose><translation>0.8636369774543836, 4.400326218209055, -1.3862910586633839</translation><rotation><c1>0, 0, 0</c1><c2>0, 0, 0</c2><c3>0, 0, 0</c3></rotation></pose><symmetry><x>twoFold</x><y>cylindrical</y><z>twoFold</z></symmetry><detectionScore>-1.0</detectionScore></element><element><id>9</id><category>double_bed</category><bounds><corner1>-0.9297424216384333, -1.5054634890142133, -0.6676226950274824</corner1><corner2>0.9297424216384333, 1.5054634890142133, 0.6676226950274824</corner2></bounds><pose><translation>-2.6185394211740936, -0.9517825302192462, -1.0841102392559927</translation><rotation><c1>0, 0, 0</c1><c2>0, 0, 0</c2><c3>0, 0, 0</c3></rotation></pose><symmetry><x>twoFold</x><y>cylindrical</y><z>twoFold</z></symmetry><detectionScore>-1.0</detectionScore></element><element><id>10</id><category>wall</category><bounds><corner1>-0.8820226781562415, -2.1806434925960003, -1.4619094788462303</corner1><corner2>0.8820226781562415, 2.1806434925960003, 1.4619094788462303</corner2></bounds><pose><translation>-3.8730323489070915, 1.1600476096605448, -0.13428789288934181</translation><rotation><c1>0, 0, 0</c1><c2>0, 0, 0</c2><c3>0, 0, 0</c3></rotation></pose><symmetry><x>twoFold</x><y>cylindrical</y><z>twoFold</z></symmetry><detectionScore>-1.0</detectionScore></element><element><id>11</id><category>mirror</category><bounds><corner1>-0.06820983756150545, -0.3555946807851966, -0.720752540232932</corner1><corner2>0.06820983756150545, 0.3555946807851966, 0.720752540232932</corner2></bounds><pose><translation>-3.800752805260747, 1.2502523687835267, -0.055620828938359096</translation><rotation><c1>0, 0, 0</c1><c2>0, 0, 0</c2><c3>0, 0, 0</c3></rotation></pose><symmetry><x>twoFold</x><y>cylindrical</y><z>twoFold</z></symmetry><detectionScore>-1.0</detectionScore></element><element><id>12</id><category>wall</category><bounds><corner1>-2.6222893080476184, -2.5691288093681415, -1.428079503981731</corner1><corner2>2.6222893080476184, 2.5691288093681415, 1.428079503981731</corner2></bounds><pose><translation>-0.8305025861923091, 4.393120246735942, -0.09113606482613347</translation><rotation><c1>0, 0, 0</c1><c2>0, 0, 0</c2><c3>0, 0, 0</c3></rotation></pose><symmetry><x>twoFold</x><y>cylindrical</y><z>twoFold</z></symmetry><detectionScore>-1.0</detectionScore></element><element><id>13</id><category>playstation</category><bounds><corner1>-0.21880767419054847, -0.25941919233904726, -0.08117258030058339</corner1><corner2>0.21880767419054847, 0.25941919233904726, 0.08117258030058339</corner2></bounds><pose><translation>1.7697615533432716, -0.7148931362183589, -1.2432474022573252</translation><rotation><c1>0, 0, 0</c1><c2>0, 0, 0</c2><c3>0, 0, 0</c3></rotation></pose><symmetry><x>twoFold</x><y>cylindrical</y><z>twoFold</z></symmetry><detectionScore>-1.0</detectionScore></element><element><id>14</id><category>xbox</category><bounds><corner1>-0.17089985015283404, -0.3377334413118134, -0.16855764194427358</corner1><corner2>0.17089985015283404, 0.3377334413118134, 0.16855764194427358</corner2></bounds><pose><translation>1.8223863359090198, -0.7888777875078562, -1.242691610361489</translation><rotation><c1>0, 0, 0</c1><c2>0, 0, 0</c2><c3>0, 0, 0</c3></rotation></pose><symmetry><x>twoFold</x><y>cylindrical</y><z>twoFold</z></symmetry><detectionScore>-1.0</detectionScore></element><element><id>15</id><category>laptop</category><bounds><corner1>-0.08954051668466345, -1.2465264677800723, -0.14115567084334601</corner1><corner2>0.08954051668466345, 1.2465264677800723, 0.14115567084334601</corner2></bounds><pose><translation>-2.3161229561893752, 3.13801613639215, -0.6428444185457352</translation><rotation><c1>0, 0, 0</c1><c2>0, 0, 0</c2><c3>0, 0, 0</c3></rotation></pose><symmetry><x>twoFold</x><y>cylindrical</y><z>twoFold</z></symmetry><detectionScore>-1.0</detectionScore></element><element><id>16</id><category>wall</category><bounds><corner1>-0.5451728628658414, -0.6132194833229049, -1.564704333673412</corner1><corner2>0.5451728628658414, 0.6132194833229049, 1.564704333673412</corner2></bounds><pose><translation>-2.308186705728362, -1.2625491013059316, -0.1130187522304231</translation><rotation><c1>0, 0, 0</c1><c2>0, 0, 0</c2><c3>0, 0, 0</c3></rotation></pose><symmetry><x>twoFold</x><y>cylindrical</y><z>twoFold</z></symmetry><detectionScore>-1.0</detectionScore></element><element><id>17</id><category>vase</category><bounds><corner1>-0.26338117107450465, -0.13311311018565508, -0.36911341359007704</corner1><corner2>0.26338117107450465, 0.13311311018565508, 0.36911341359007704</corner2></bounds><pose><translation>-2.503084132115755, 4.309192168277462, -0.4160206710369339</translation><rotation><c1>0, 0, 0</c1><c2>0, 0, 0</c2><c3>0, 0, 0</c3></rotation></pose><symmetry><x>twoFold</x><y>cylindrical</y><z>twoFold</z></symmetry><detectionScore>-1.0</detectionScore></element></elements></scene>