<?xml version='1.0' encoding='utf-8'?>
<scene xmlns:sumo="https://www.sumochallenge.org"><version>2.0</version><categories><id>fb_categories_v1_0</id><url>https://sumochallenge.org/en/categories-1_0.json</url></categories><project_type>bounding_box</project_type><elements><element><id>0</id><category>shelving</category><bounds><corner1>-2.081677869531725, -1.1893584169754363, -0.3430138106872289</corner1><corner2>2.081677869531725, 1.1893584169754363, 0.3430138106872289</corner2></bounds><pose><translation>2.4502718216434403, -0.858463030524275, 1.5188379332243709</translation><rotation><c1>1, 0, 0</c1><c2>0, 1, 0</c2><c3>0, 0, 1</c3></rotation></pose><symmetry><x>twoFold</x><y>cylindrical</y><z>twoFold</z></symmetry><detectionScore>-1.0</detectionScore></element><element><id>1</id><category>rug</category><bounds><corner1>-1.316230353843399, -0.3198309404604207, -1.6522076562841341</corner1><corner2>1.316230353843399, 0.3198309404604207, 1.6522076562841341</corner2></bounds><pose><translation>3.442100672188589, -1.660835212651283, -0.19195437341909097</translation><rotation><c1>1, 0, 0</c1><c2>0, 1, 0</c2><c3>0, 0, 1</c3></rotation></pose><symmetry><x>twoFold</x><y>cylindrical</y><z>twoFold</z></symmetry><detectionScore>-1.0</detectionScore></element><element><id>2</id><category>window</category><bounds><corner1>-0.8329828449179567, -1.4613053558706948, -1.7193206440740938</corner1><corner2>0.8329828449179567, 1.4613053558706948, 1.7193206440740938</corner2></bounds><pose><translation>-0.7120668762223422, -0.20270193798041097, -4.207508286224001</translation><rotation><c1>1, 0, 0</c1><c2>0, 1, 0</c2><c3>0, 0, 1</c3></rotation></pose><symmetry><x>twoFold</x><y>cylindrical</y><z>twoFold</z></symmetry><detectionScore>-1.0</detectionScore></element><element><id>3</id><category>shelving</category><bounds><corner1>-0.5190139298418934, -1.422437684906306, -0.31039661178065137</corner1><corner2>0.5190139298418934, 1.422437684906306, 0.31039661178065137</corner2></bounds><pose><translation>4.727886696116272, -0.4854420022498091, 1.442299865073183</translation><rotation><c1>1, 0, 0</c1><c2>0, 1, 0</c2><c3>0, 0, 1</c3></rotation></pose><symmetry><x>twoFold</x><y>cylindrical</y><z>twoFold</z></symmetry><detectionScore>-1.0</detectionScore></element><element><id>4</id><category>shoes_cabinet</category><bounds><corner1>-1.0863729471458954, -0.1812721270710751, -0.6741279000545908</corner1><corner2>1.0863729471458954, 0.1812721270710751, 0.6741279000545908</corner2></bounds><pose><translation>0.67360572624952, -1.4182205867397517, 1.8474927299038586</translation><rotation><c1>1, 0, 0</c1><c2>0, 1, 0</c2><c3>0, 0, 1</c3></rotation></pose><symmetry><x>twoFold</x><y>cylindrical</y><z>twoFold</z></symmetry><detectionScore>-1.0</detectionScore></element><element><id>5</id><category>wall</category><bounds><corner1>-0.15976452966691834, -1.4548848683777633, -2.9553458086595468</corner1><corner2>0.15976452966691834, 1.4548848683777633, 2.9553458086595468</corner2></bounds><pose><translation>5.106362802700987, -0.1129645594967047, -1.237631548730125</translation><rotation><c1>1, 0, 0</c1><c2>0, 1, 0</c2><c3>0, 0, 1</c3></rotation></pose><symmetry><x>twoFold</x><y>cylindrical</y><z>twoFold</z></symmetry><detectionScore>-1.0</detectionScore></element><element><id>6</id><category>wall</category><bounds><corner1>-3.135895085578025, -1.491045981105478, -1.7743565927023068</corner1><corner2>3.135895085578025, 1.491045981105478, 1.7743565927023068</corner2></bounds><pose><translation>0.8715063752821299, -0.1180887579596704, -4.145849984111347</translation><rotation><c1>1, 0, 0</c1><c2>0, 1, 0</c2><c3>0, 0, 1</c3></rotation></pose><symmetry><x>twoFold</x><y>cylindrical</y><z>twoFold</z></symmetry><detectionScore>-1.0</detectionScore></element><element><id>7</id><category>door</category><bounds><corner1>-0.44572017987548573, -1.311978583853024, -1.0239773410203123</corner1><corner2>0.44572017987548573, 1.311978583853024, 1.0239773410203123</corner2></bounds><pose><translation>4.791952867978614, -0.46127822981747213, -2.6436043221288923</translation><rotation><c1>1, 0, 0</c1><c2>0, 1, 0</c2><c3>0, 0, 1</c3></rotation></pose><symmetry><x>twoFold</x><y>cylindrical</y><z>twoFold</z></symmetry><detectionScore>-1.0</detectionScore></element><element><id>8</id><category>floor_lamp</category><bounds><corner1>-0.46163675644116964, -1.0297152509086602, -1.6979766136683498</corner1><corner2>0.46163675644116964, 1.0297152509086602, 1.6979766136683498</corner2></bounds><pose><translation>4.717189739594739, -0.7723101866581779, -3.499098985787159</translation><rotation><c1>1, 0, 0</c1><c2>0, 1, 0</c2><c3>0, 0, 1</c3></rotation></pose><symmetry><x>twoFold</x><y>cylindrical</y><z>twoFold</z></symmetry><detectionScore>-1.0</detectionScore></element><element><id>9</id><category>stand</category><bounds><corner1>-0.13485253958789611, -0.5254096590604578, -0.43847613759607507</corner1><corner2>0.13485253958789611, 0.5254096590604578, 0.43847613759607507</corner2></bounds><pose><translation>-1.6184196887214193, -0.9755981666102492, -3.160851379251478</translation><rotation><c1>1, 0, 0</c1><c2>0, 1, 0</c2><c3>0, 0, 1</c3></rotation></pose><symmetry><x>twoFold</x><y>cylindrical</y><z>twoFold</z></symmetry><detectionScore>-1.0</detectionScore></element><element><id>10</id><category>heater</category><bounds><corner1>-0.11670697768007443, -0.5002535332475972, -0.8867886979918399</corner1><corner2>0.11670697768007443, 0.5002535332475972, 0.8867886979918399</corner2></bounds><pose><translation>5.144338264086299, -1.0986535383535454, -1.0114580817707197</translation><rotation><c1>1, 0, 0</c1><c2>0, 1, 0</c2><c3>0, 0, 1</c3></rotation></pose><symmetry><x>twoFold</x><y>cylindrical</y><z>twoFold</z></symmetry><detectionScore>-1.0</detectionScore></element><element><id>11</id><category>stand</category><bounds><corner1>-1.073754168963648, -0.17845849538289316, -0.6879414043359173</corner1><corner2>1.073754168963648, 0.17845849538289316, 0.6879414043359173</corner2></bounds><pose><translation>0.6524800023612675, -1.4159270279267897, 1.833679225622532</translation><rotation><c1>1, 0, 0</c1><c2>0, 1, 0</c2><c3>0, 0, 1</c3></rotation></pose><symmetry><x>twoFold</x><y>cylindrical</y><z>twoFold</z></symmetry><detectionScore>-1.0</detectionScore></element><element><id>12</id><category>ironing_board</category><bounds><corner1>-0.12086320600123024, -0.5509122185403925, -0.9493597075567524</corner1><corner2>0.12086320600123024, 0.5509122185403925, 0.9493597075567524</corner2></bounds><pose><translation>5.1409235454282864, -1.129225849426692, -0.9815872878333661</translation><rotation><c1>1, 0, 0</c1><c2>0, 1, 0</c2><c3>0, 0, 1</c3></rotation></pose><symmetry><x>twoFold</x><y>cylindrical</y><z>twoFold</z></symmetry><detectionScore>-1.0</detectionScore></element><element><id>13</id><category>wall</category><bounds><corner1>-0.36785428117688923, -1.3857559265385921, -1.1043979463544096</corner1><corner2>0.36785428117688923, 1.3857559265385921, 1.1043979463544096</corner2></bounds><pose><translation>4.835574739179759, -0.060456012025319104, -2.855171539331603</translation><rotation><c1>1, 0, 0</c1><c2>0, 1, 0</c2><c3>0, 0, 1</c3></rotation></pose><symmetry><x>twoFold</x><y>cylindrical</y><z>twoFold</z></symmetry><detectionScore>-1.0</detectionScore></element><element><id>14</id><category>double_bed</category><bounds><corner1>-2.9730612588287566, -0.8666639519349996, -0.3647987608386154</corner1><corner2>2.9730612588287566, 0.8666639519349996, 0.3647987608386154</corner2></bounds><pose><translation>0.14981129238321503, -1.22241177544387, -2.1071870796206897</translation><rotation><c1>1, 0, 0</c1><c2>0, 1, 0</c2><c3>0, 0, 1</c3></rotation></pose><symmetry><x>twoFold</x><y>cylindrical</y><z>twoFold</z></symmetry><detectionScore>-1.0</detectionScore></element><element><id>15</id><category>window</category><bounds><corner1>-1.0360403065834967, -1.385763910250471, -1.4876368002985942</corner1><corner2>1.0360403065834967, 1.385763910250471, 1.4876368002985942</corner2></bounds><pose><translation>2.2245596937295176, -0.10212456577892394, -4.153756205716548</translation><rotation><c1>1, 0, 0</c1><c2>0, 1, 0</c2><c3>0, 0, 1</c3></rotation></pose><symmetry><x>twoFold</x><y>cylindrical</y><z>twoFold</z></symmetry><detectionScore>-1.0</detectionScore></element><element><id>16</id><category>floor_lamp</category><bounds><corner1>-0.5025280921920048, -1.0711195080960192, -0.14208478426618765</corner1><corner2>0.5025280921920048, 1.0711195080960192, 0.14208478426618765</corner2></bounds><pose><translation>-0.3123471202097951, -0.8007975668802356, 1.9138751793186874</translation><rotation><c1>1, 0, 0</c1><c2>0, 1, 0</c2><c3>0, 0, 1</c3></rotation></pose><symmetry><x>twoFold</x><y>cylindrical</y><z>twoFold</z></symmetry><detectionScore>-1.0</detectionScore></element><element><id>17</id><category>chandelier</category><bounds><corner1>-0.11036302365498152, -0.39674291050948185, -0.17308447025296303</corner1><corner2>0.11036302365498152, 0.39674291050948185, 0.17308447025296303</corner2></bounds><pose><translation>5.127310024199118, 0.6152372953425583, -2.2382140121049408</translation><rotation><c1>1, 0, 0</c1><c2>0, 1, 0</c2><c3>0, 0, 1</c3></rotation></pose><symmetry><x>twoFold</x><y>cylindrical</y><z>twoFold</z></symmetry><detectionScore>-1.0</detectionScore></element><element><id>18</id><category>floor_lamp</category><bounds><corner1>-0.8412397178868113, -0.9608514870881482, -1.5198740298446483</corner1><corner2>0.8412397178868113, 0.9608514870881482, 1.5198740298446483</corner2></bounds><pose><translation>-1.6495096270665934, -0.7003122254305499, -3.658552032428878</translation><rotation><c1>1, 0, 0</c1><c2>0, 1, 0</c2><c3>0, 0, 1</c3></rotation></pose><symmetry><x>twoFold</x><y>cylindrical</y><z>twoFold</z></symmetry><detectionScore>-1.0</detectionScore></element><element><id>19</id><category>dresser</category><bounds><corner1>-0.8479688086633163, -0.7591605073883427, -0.6210238210861312</corner1><corner2>0.8479688086633163, 0.7591605073883427, 0.6210238210861312</corner2></bounds><pose><translation>-1.6772760872762307, -1.16970906805858, -2.4579112540144323</translation><rotation><c1>1, 0, 0</c1><c2>0, 1, 0</c2><c3>0, 0, 1</c3></rotation></pose><symmetry><x>twoFold</x><y>cylindrical</y><z>twoFold</z></symmetry><detectionScore>-1.0</detectionScore></element></elements></scene>