<?xml version='1.0' encoding='utf-8'?>
<scene xmlns:sumo="https://www.sumochallenge.org"><version>2.0</version><categories><id>fb_categories_v1_0</id><url>https://sumochallenge.org/en/categories-1_0.json</url></categories><project_type>bounding_box</project_type><elements><element><id>0</id><category>air_conditioner</category><bounds><corner1>-0.7607637513595438, -0.4611608659975426, -0.36486248775803976</corner1><corner2>0.7607637513595438, 0.4611608659975426, 0.36486248775803976</corner2></bounds><pose><translation>1.1243537304889977, 0.8077371999283047, 1.6721448796119383</translation><rotation><c1>1, 0, 0</c1><c2>0, 1, 0</c2><c3>0, 0, 1</c3></rotation></pose><symmetry><x>twoFold</x><y>cylindrical</y><z>twoFold</z></symmetry><detectionScore>-1.0</detectionScore></element><element><id>1</id><category>floor_lamp</category><bounds><corner1>-1.2186174769948996, -1.0646678156086626, -1.3632095633528043</corner1><corner2>1.2186174769948996, 1.0646678156086626, 1.3632095633528043</corner2></bounds><pose><translation>-3.8361290355081, -0.6678470589185571, -4.348196801762306</translation><rotation><c1>1, 0, 0</c1><c2>0, 1, 0</c2><c3>0, 0, 1</c3></rotation></pose><symmetry><x>twoFold</x><y>cylindrical</y><z>twoFold</z></symmetry><detectionScore>-1.0</detectionScore></element><element><id>2</id><category>range_hood</category><bounds><corner1>-0.11321776337265477, -0.573393182403073, -0.9320585230288138</corner1><corner2>0.11321776337265477, 0.573393182403073, 0.9320585230288138</corner2></bounds><pose><translation>1.922344809793705, 0.9334290501316725, 0.4386601954730164</translation><rotation><c1>1, 0, 0</c1><c2>0, 1, 0</c2><c3>0, 0, 1</c3></rotation></pose><symmetry><x>twoFold</x><y>cylindrical</y><z>twoFold</z></symmetry><detectionScore>-1.0</detectionScore></element><element><id>3</id><category>office_chair</category><bounds><corner1>-0.3688505814534886, -0.8557499510055365, -1.0644889030742157</corner1><corner2>0.3688505814534886, 0.8557499510055365, 1.0644889030742157</corner2></bounds><pose><translation>-2.5581890258248072, -1.3770815645828591, 0.7391345741351644</translation><rotation><c1>1, 0, 0</c1><c2>0, 1, 0</c2><c3>0, 0, 1</c3></rotation></pose><symmetry><x>twoFold</x><y>cylindrical</y><z>twoFold</z></symmetry><detectionScore>-1.0</detectionScore></element><element><id>4</id><category>workplace</category><bounds><corner1>-1.67238254817766, -1.133749372034269, -1.165121539038835</corner1><corner2>1.67238254817766, 1.133749372034269, 1.165121539038835</corner2></bounds><pose><translation>-4.000273394022251, -0.6518140033054819, 0.6465660573609037</translation><rotation><c1>1, 0, 0</c1><c2>0, 1, 0</c2><c3>0, 0, 1</c3></rotation></pose><symmetry><x>twoFold</x><y>cylindrical</y><z>twoFold</z></symmetry><detectionScore>-1.0</detectionScore></element><element><id>5</id><category>candle</category><bounds><corner1>-0.15569264306404884, -0.5252498992806888, -0.8819407977561089</corner1><corner2>0.15569264306404884, 0.5252498992806888, 0.8819407977561089</corner2></bounds><pose><translation>1.6250149162103442, -0.6991162366151765, -3.281111070398292</translation><rotation><c1>1, 0, 0</c1><c2>0, 1, 0</c2><c3>0, 0, 1</c3></rotation></pose><symmetry><x>twoFold</x><y>cylindrical</y><z>twoFold</z></symmetry><detectionScore>-1.0</detectionScore></element><element><id>6</id><category>loudspeaker</category><bounds><corner1>-0.3856264078823819, -0.48290943604491743, -0.2600758575587031</corner1><corner2>0.3856264078823819, 0.48290943604491743, 0.2600758575587031</corner2></bounds><pose><translation>1.6178664316006008, -1.0598335234436451, -0.8059596963859099</translation><rotation><c1>1, 0, 0</c1><c2>0, 1, 0</c2><c3>0, 0, 1</c3></rotation></pose><symmetry><x>twoFold</x><y>cylindrical</y><z>twoFold</z></symmetry><detectionScore>-1.0</detectionScore></element><element><id>7</id><category>shelving</category><bounds><corner1>-0.10476944131318833, -0.4986244969235297, -0.7050750689056443</corner1><corner2>0.10476944131318833, 0.4986244969235297, 0.7050750689056443</corner2></bounds><pose><translation>1.9307931318531715, 0.7740796322773941, 0.5228534534049875</translation><rotation><c1>1, 0, 0</c1><c2>0, 1, 0</c2><c3>0, 0, 1</c3></rotation></pose><symmetry><x>twoFold</x><y>cylindrical</y><z>twoFold</z></symmetry><detectionScore>-1.0</detectionScore></element><element><id>8</id><category>wall</category><bounds><corner1>-1.9706677045701553, -1.424396733257766, -2.6767327523595257</corner1><corner2>1.9706677045701553, 1.424396733257766, 2.6767327523595257</corner2></bounds><pose><translation>-4.2985585504147465, -0.05494396427421716, -0.8977012778009382</translation><rotation><c1>1, 0, 0</c1><c2>0, 1, 0</c2><c3>0, 0, 1</c3></rotation></pose><symmetry><x>twoFold</x><y>cylindrical</y><z>twoFold</z></symmetry><detectionScore>-1.0</detectionScore></element><element><id>9</id><category>coffee_table</category><bounds><corner1>-0.6976679296663407, -0.35708766467257724, -0.5839665458639884</corner1><corner2>0.6976679296663407, 0.35708766467257724, 0.5839665458639884</corner2></bounds><pose><translation>-1.3867120361630492, -1.2074077135573718, -2.3806693154424905</translation><rotation><c1>1, 0, 0</c1><c2>0, 1, 0</c2><c3>0, 0, 1</c3></rotation></pose><symmetry><x>twoFold</x><y>cylindrical</y><z>twoFold</z></symmetry><detectionScore>-1.0</detectionScore></element><element><id>10</id><category>desk</category><bounds><corner1>-0.8148235917184663, -0.5163247457965293, -1.1573297034275187</corner1><corner2>0.8148235917184663, 0.5163247457965293, 1.1573297034275187</corner2></bounds><pose><translation>-3.1427144375630576, -1.037656359373852, 0.6427560791703171</translation><rotation><c1>1, 0, 0</c1><c2>0, 1, 0</c2><c3>0, 0, 1</c3></rotation></pose><symmetry><x>twoFold</x><y>cylindrical</y><z>twoFold</z></symmetry><detectionScore>-1.0</detectionScore></element><element><id>11</id><category>wall</category><bounds><corner1>-1.2500872359195179, -0.9701254051467343, -1.007713498279466</corner1><corner2>1.2500872359195179, 0.9701254051467343, 1.007713498279466</corner2></bounds><pose><translation>-4.353673970913387, -0.02130497392950243, -0.5087019828932502</translation><rotation><c1>1, 0, 0</c1><c2>0, 1, 0</c2><c3>0, 0, 1</c3></rotation></pose><symmetry><x>twoFold</x><y>cylindrical</y><z>twoFold</z></symmetry><detectionScore>-1.0</detectionScore></element><element><id>12</id><category>chandelier</category><bounds><corner1>-0.7726954968550147, -0.1397239023675343, -0.5484517046351984</corner1><corner2>0.7726954968550147, 0.1397239023675343, 0.5484517046351984</corner2></bounds><pose><translation>-1.0847167703871674, 1.3713744158335814, -2.442328265585399</translation><rotation><c1>1, 0, 0</c1><c2>0, 1, 0</c2><c3>0, 0, 1</c3></rotation></pose><symmetry><x>twoFold</x><y>cylindrical</y><z>twoFold</z></symmetry><detectionScore>-1.0</detectionScore></element><element><id>13</id><category>wall</category><bounds><corner1>-3.1425420233181045, -1.4446105131004583, -2.572639307547389</corner1><corner2>3.1425420233181045, 1.4446105131004583, 2.572639307547389</corner2></bounds><pose><translation>-1.4048657507696456, -0.08829880628097246, -4.709937992252098</translation><rotation><c1>1, 0, 0</c1><c2>0, 1, 0</c2><c3>0, 0, 1</c3></rotation></pose><symmetry><x>twoFold</x><y>cylindrical</y><z>twoFold</z></symmetry><detectionScore>-1.0</detectionScore></element><element><id>14</id><category>shelving</category><bounds><corner1>-0.19901144709907603, -1.1621674638848312, -1.3835910240061091</corner1><corner2>0.19901144709907603, 1.1621674638848312, 1.3835910240061091</corner2></bounds><pose><translation>1.5624135235321308, -0.5900124997696314, -4.099854532707347</translation><rotation><c1>1, 0, 0</c1><c2>0, 1, 0</c2><c3>0, 0, 1</c3></rotation></pose><symmetry><x>twoFold</x><y>cylindrical</y><z>twoFold</z></symmetry><detectionScore>-1.0</detectionScore></element><element><id>15</id><category>door</category><bounds><corner1>-2.350040613654613, -1.4874084580852527, -2.4209538315527417</corner1><corner2>2.350040613654613, 1.4874084580852527, 2.4209538315527417</corner2></bounds><pose><translation>-1.3559223854099198, -0.161082465750624, -4.761444902787265</translation><rotation><c1>1, 0, 0</c1><c2>0, 1, 0</c2><c3>0, 0, 1</c3></rotation></pose><symmetry><x>twoFold</x><y>cylindrical</y><z>twoFold</z></symmetry><detectionScore>-1.0</detectionScore></element><element><id>16</id><category>coffee_table</category><bounds><corner1>-0.4770248540716232, -0.22957957819257901, -0.589538635535197</corner1><corner2>0.4770248540716232, 0.22957957819257901, 0.589538635535197</corner2></bounds><pose><translation>-1.1949053589516763, -1.1681875331759193, -2.7765285282897314</translation><rotation><c1>1, 0, 0</c1><c2>0, 1, 0</c2><c3>0, 0, 1</c3></rotation></pose><symmetry><x>twoFold</x><y>cylindrical</y><z>twoFold</z></symmetry><detectionScore>-1.0</detectionScore></element></elements></scene>