<?xml version='1.0' encoding='utf-8'?>
<scene xmlns:sumo="https://www.sumochallenge.org"><version>2.0</version><categories><id>fb_categories_v1.0</id><url>https://sumochallenge.org/en/categories-1_0.json</url></categories><project_type>bounding_box</project_type><elements><element><id>4</id><category>door</category><bounds><corner1>-0.74860895, -1.1829822 , -0.27405529</corner1><corner2>0.74860895, 1.1829822 , 0.27405529</corner2></bounds><pose><translation> 1.06585755, -0.39528432,  3.24487594</translation><rotation><c1>1., 0., 0.</c1><c2>0., 1., 0.</c2><c3>0., 0., 1.</c3></rotation></pose><symmetry><x>twoFold</x><y>twoFold</y><z>twoFold</z></symmetry><detectionScore>0.99913055</detectionScore></element><element><id>1</id><category>piano</category><bounds><corner1>-0.08227705, -0.65756515, -0.69911629</corner1><corner2>0.08227705, 0.65756515, 0.69911629</corner2></bounds><pose><translation> 3.29401759, -0.73774698,  0.69949407</translation><rotation><c1>1., 0., 0.</c1><c2>0., 1., 0.</c2><c3>0., 0., 1.</c3></rotation></pose><symmetry><x>none</x><y>none</y><z>none</z></symmetry><detectionScore>0.9975069</detectionScore></element><element><id>5</id><category>plant</category><bounds><corner1>-1.11709502, -1.01242433, -0.54264792</corner1><corner2>1.11709502, 1.01242433, 0.54264792</corner2></bounds><pose><translation>-3.40417116, -0.56700516, -0.88345807</translation><rotation><c1>1., 0., 0.</c1><c2>0., 1., 0.</c2><c3>0., 0., 1.</c3></rotation></pose><symmetry><x>none</x><y>cylindrical</y><z>none</z></symmetry><detectionScore>0.99874854</detectionScore></element><element><id>10</id><category>pet</category><bounds><corner1>-0.39909633, -0.32344337, -1.24872171</corner1><corner2>0.39909633, 0.32344337, 1.24872171</corner2></bounds><pose><translation> 0.31340309, -1.44723769,  2.07006199</translation><rotation><c1>1., 0., 0.</c1><c2>0., 1., 0.</c2><c3>0., 0., 1.</c3></rotation></pose><symmetry><x>none</x><y>none</y><z>none</z></symmetry><detectionScore>0.6167903</detectionScore></element><element><id>11</id><category>chandelier</category><bounds><corner1>-0.10893937, -0.03783402, -0.17673168</corner1><corner2>0.10893937, 0.03783402, 0.17673168</corner2></bounds><pose><translation>-1.90201967,  1.16749023,  0.17604048</translation><rotation><c1>1., 0., 0.</c1><c2>0., 1., 0.</c2><c3>0., 0., 1.</c3></rotation></pose><symmetry><x>none</x><y>cylindrical</y><z>none</z></symmetry><detectionScore>0.9733507</detectionScore></element><element><id>2</id><category>coffee_table</category><bounds><corner1>-0.43693705, -0.27724301, -0.99671765</corner1><corner2>0.43693705, 0.27724301, 0.99671765</corner2></bounds><pose><translation>-1.74895567, -1.00961782,  0.37031647</translation><rotation><c1>1., 0., 0.</c1><c2>0., 1., 0.</c2><c3>0., 0., 1.</c3></rotation></pose><symmetry><x>none</x><y>twoFold</y><z>none</z></symmetry><detectionScore>0.8915166</detectionScore></element><element><id>7</id><category>wall</category><bounds><corner1>-0.11475445, -1.2079814 , -2.57321614</corner1><corner2>0.11475445, 1.2079814 , 2.57321614</corner2></bounds><pose><translation> 3.57091287, -0.06978523,  0.64007174</translation><rotation><c1>1., 0., 0.</c1><c2>0., 1., 0.</c2><c3>0., 0., 1.</c3></rotation></pose><symmetry><x>none</x><y>twoFold</y><z>none</z></symmetry><detectionScore>0.96707267</detectionScore></element><element><id>9</id><category>mirror</category><bounds><corner1>-0.35402379, -0.56885516, -0.03003495</corner1><corner2>0.35402379, 0.56885516, 0.03003495</corner2></bounds><pose><translation> 2.06097733, -0.04275707, -1.49346177</translation><rotation><c1>1., 0., 0.</c1><c2>0., 1., 0.</c2><c3>0., 0., 1.</c3></rotation></pose><symmetry><x>none</x><y>none</y><z>twoFold</z></symmetry><detectionScore>0.9064661</detectionScore></element><element><id>8</id><category>curtain</category><bounds><corner1>-0.51958324, -0.76658795, -0.03290557</corner1><corner2>0.51958324, 0.76658795, 0.03290557</corner2></bounds><pose><translation>-0.52721528,  0.1255038 , -1.45496446</translation><rotation><c1>1., 0., 0.</c1><c2>0., 1., 0.</c2><c3>0., 0., 1.</c3></rotation></pose><symmetry><x>none</x><y>twoFold</y><z>none</z></symmetry><detectionScore>0.80890894</detectionScore></element><element><id>6</id><category>wall</category><bounds><corner1>-1.09924193, -1.19401723, -1.47793163</corner1><corner2>1.09924193, 1.19401723, 1.47793163</corner2></bounds><pose><translation>-4.01242216, -0.0750742 , -0.08068421</translation><rotation><c1>1., 0., 0.</c1><c2>0., 1., 0.</c2><c3>0., 0., 1.</c3></rotation></pose><symmetry><x>none</x><y>twoFold</y><z>none</z></symmetry><detectionScore>0.973664</detectionScore></element><element><id>12</id><category>sofa</category><bounds><corner1>-0.17414721, -0.33447911, -0.40775964</corner1><corner2>0.17414721, 0.33447911, 0.40775964</corner2></bounds><pose><translation>-2.40611748, -1.10095472, -1.03203042</translation><rotation><c1>1., 0., 0.</c1><c2>0., 1., 0.</c2><c3>0., 0., 1.</c3></rotation></pose><symmetry><x>none</x><y>none</y><z>none</z></symmetry><detectionScore>0.99098337</detectionScore></element></elements></scene>