<?xml version='1.0' encoding='utf-8'?>
<scene xmlns:sumo="https://www.sumochallenge.org"><version>2.0</version><categories><id>fb_categories_v1_0</id><url>https://sumochallenge.org/en/categories-1_0.json</url></categories><project_type>bounding_box</project_type><elements><element><id>0</id><category>stand</category><bounds><corner1>-1.0695345131819514, -0.09986145931564616, -1.653312174915389</corner1><corner2>1.0695345131819514, 0.09986145931564616, 1.653312174915389</corner2></bounds><pose><translation>1.3328442115305725, -0.6481626842694355, 2.0780297061721296</translation><rotation><c1>1, 0, 0</c1><c2>0, 1, 0</c2><c3>0, 0, 1</c3></rotation></pose><symmetry><x>twoFold</x><y>cylindrical</y><z>twoFold</z></symmetry><detectionScore>-1.0</detectionScore></element><element><id>1</id><category>desk</category><bounds><corner1>-6.092570529023192, -0.23262536773723086, -3.084624689220857</corner1><corner2>6.092570529023192, 0.23262536773723086, 3.084624689220857</corner2></bounds><pose><translation>1.5895164403470314, -0.828586881756489, 0.8488467924432859</translation><rotation><c1>1, 0, 0</c1><c2>0, 1, 0</c2><c3>0, 0, 1</c3></rotation></pose><symmetry><x>twoFold</x><y>cylindrical</y><z>twoFold</z></symmetry><detectionScore>-1.0</detectionScore></element><element><id>2</id><category>kitchen_cabinet</category><bounds><corner1>-0.8067186455284405, -1.6774686047375538, -0.37918078301371727</corner1><corner2>0.8067186455284405, 1.6774686047375538, 0.37918078301371727</corner2></bounds><pose><translation>1.3476358641236317, -0.18505561248494926, 3.690581962102081</translation><rotation><c1>1, 0, 0</c1><c2>0, 1, 0</c2><c3>0, 0, 1</c3></rotation></pose><symmetry><x>twoFold</x><y>cylindrical</y><z>twoFold</z></symmetry><detectionScore>-1.0</detectionScore></element><element><id>3</id><category>kitchen_cabinet</category><bounds><corner1>-1.10176899081206, -1.4492301329114072, -1.9752247316984852</corner1><corner2>1.10176899081206, 1.4492301329114072, 1.9752247316984852</corner2></bounds><pose><translation>1.4264321948787304, -0.02448206532731799, -5.0948295274442446</translation><rotation><c1>1, 0, 0</c1><c2>0, 1, 0</c2><c3>0, 0, 1</c3></rotation></pose><symmetry><x>twoFold</x><y>cylindrical</y><z>twoFold</z></symmetry><detectionScore>-1.0</detectionScore></element><element><id>4</id><category>plant</category><bounds><corner1>-0.48110616749631574, -1.4243519848681392, -1.3265988601605487</corner1><corner2>0.48110616749631574, 1.4243519848681392, 1.3265988601605487</corner2></bounds><pose><translation>-1.494196595547447, 0.11296193118784296, 2.6761722267225228</translation><rotation><c1>1, 0, 0</c1><c2>0, 1, 0</c2><c3>0, 0, 1</c3></rotation></pose><symmetry><x>twoFold</x><y>cylindrical</y><z>twoFold</z></symmetry><detectionScore>-1.0</detectionScore></element><element><id>5</id><category>armchair</category><bounds><corner1>-1.789084375907918, -0.18995675610952306, -1.1885552049824737</corner1><corner2>1.789084375907918, 0.18995675610952306, 1.1885552049824737</corner2></bounds><pose><translation>4.879402435741858, -0.606430340084209, -4.454717244563658</translation><rotation><c1>1, 0, 0</c1><c2>0, 1, 0</c2><c3>0, 0, 1</c3></rotation></pose><symmetry><x>twoFold</x><y>cylindrical</y><z>twoFold</z></symmetry><detectionScore>-1.0</detectionScore></element><element><id>6</id><category>plant</category><bounds><corner1>-0.10689523099683806, -0.5061086285267669, -0.633626294013975</corner1><corner2>0.10689523099683806, 0.5061086285267669, 0.633626294013975</corner2></bounds><pose><translation>-1.5100583883333176, -0.5919868665002148, 2.514332673667623</translation><rotation><c1>1, 0, 0</c1><c2>0, 1, 0</c2><c3>0, 0, 1</c3></rotation></pose><symmetry><x>twoFold</x><y>cylindrical</y><z>twoFold</z></symmetry><detectionScore>-1.0</detectionScore></element><element><id>7</id><category>armchair</category><bounds><corner1>-2.294367915113215, -0.4329177631250703, -0.5494878386960163</corner1><corner2>2.294367915113215, 0.4329177631250703, 0.5494878386960163</corner2></bounds><pose><translation>4.3831358530421385, -0.8627603180044104, -3.813561164446503</translation><rotation><c1>1, 0, 0</c1><c2>0, 1, 0</c2><c3>0, 0, 1</c3></rotation></pose><symmetry><x>twoFold</x><y>cylindrical</y><z>twoFold</z></symmetry><detectionScore>-1.0</detectionScore></element><element><id>8</id><category>door</category><bounds><corner1>-1.4705876060423009, -1.4703513334240006, -1.2531605146640512</corner1><corner2>1.4705876060423009, 1.4703513334240006, 1.2531605146640512</corner2></bounds><pose><translation>9.2097438127796, -0.06901981074586191, -1.3370100881372204</translation><rotation><c1>1, 0, 0</c1><c2>0, 1, 0</c2><c3>0, 0, 1</c3></rotation></pose><symmetry><x>twoFold</x><y>cylindrical</y><z>twoFold</z></symmetry><detectionScore>-1.0</detectionScore></element><element><id>9</id><category>chair</category><bounds><corner1>-4.058708921091409, -0.59914926578102, -0.3934791530323092</corner1><corner2>4.058708921091409, 0.59914926578102, 0.3934791530323092</corner2></bounds><pose><translation>5.150834113814403, -1.0845916405317115, -3.490650510726377</translation><rotation><c1>1, 0, 0</c1><c2>0, 1, 0</c2><c3>0, 0, 1</c3></rotation></pose><symmetry><x>twoFold</x><y>cylindrical</y><z>twoFold</z></symmetry><detectionScore>-1.0</detectionScore></element><element><id>10</id><category>outdoor_seating</category><bounds><corner1>-0.04707522891450355, -0.24485863717167058, -0.25847447274564617</corner1><corner2>0.04707522891450355, 0.24485863717167058, 0.25847447274564617</corner2></bounds><pose><translation>-1.7312362156557453, -0.37357693928939356, -0.18429892359324496</translation><rotation><c1>1, 0, 0</c1><c2>0, 1, 0</c2><c3>0, 0, 1</c3></rotation></pose><symmetry><x>twoFold</x><y>cylindrical</y><z>twoFold</z></symmetry><detectionScore>-1.0</detectionScore></element><element><id>11</id><category>plant</category><bounds><corner1>-0.2556230279110703, -1.0124943218507205, -0.6789782026103106</corner1><corner2>0.2556230279110703, 1.0124943218507205, 0.6789782026103106</corner2></bounds><pose><translation>-1.4670410127797266, -0.3266064475100119, -2.916247309669727</translation><rotation><c1>1, 0, 0</c1><c2>0, 1, 0</c2><c3>0, 0, 1</c3></rotation></pose><symmetry><x>twoFold</x><y>cylindrical</y><z>twoFold</z></symmetry><detectionScore>-1.0</detectionScore></element><element><id>12</id><category>chair</category><bounds><corner1>-2.2758381352751336, -0.3964456177966425, -0.5766882464156167</corner1><corner2>2.2758381352751336, 0.3964456177966425, 0.5766882464156167</corner2></bounds><pose><translation>4.40166563288022, -0.8262881726759826, -3.8407615721661035</translation><rotation><c1>1, 0, 0</c1><c2>0, 1, 0</c2><c3>0, 0, 1</c3></rotation></pose><symmetry><x>twoFold</x><y>cylindrical</y><z>twoFold</z></symmetry><detectionScore>-1.0</detectionScore></element><element><id>13</id><category>toy</category><bounds><corner1>-0.04682128348065273, -0.24845215714029095, -0.2582310649688011</corner1><corner2>0.04682128348065273, 0.24845215714029095, 0.2582310649688011</corner2></bounds><pose><translation>-1.7309822702218944, -0.3702492691586142, -0.19774426259484423</translation><rotation><c1>1, 0, 0</c1><c2>0, 1, 0</c2><c3>0, 0, 1</c3></rotation></pose><symmetry><x>twoFold</x><y>cylindrical</y><z>twoFold</z></symmetry><detectionScore>-1.0</detectionScore></element><element><id>14</id><category>door</category><bounds><corner1>-0.6751803847792751, -1.8205342769685684, -0.7830148783676449</corner1><corner2>0.6751803847792751, 1.8205342769685684, 0.7830148783676449</corner2></bounds><pose><translation>-1.433416084353899, -0.35436618070509285, -3.418719674786749</translation><rotation><c1>1, 0, 0</c1><c2>0, 1, 0</c2><c3>0, 0, 1</c3></rotation></pose><symmetry><x>twoFold</x><y>cylindrical</y><z>twoFold</z></symmetry><detectionScore>-1.0</detectionScore></element><element><id>15</id><category>chair</category><bounds><corner1>-1.9860854971510955, -0.3721209206444195, -0.44397710966628434</corner1><corner2>1.9860854971510955, 0.3721209206444195, 0.44397710966628434</corner2></bounds><pose><translation>4.697524119212051, -0.82714018264138, -3.721696400881187</translation><rotation><c1>1, 0, 0</c1><c2>0, 1, 0</c2><c3>0, 0, 1</c3></rotation></pose><symmetry><x>twoFold</x><y>cylindrical</y><z>twoFold</z></symmetry><detectionScore>-1.0</detectionScore></element><element><id>16</id><category>picture_frame</category><bounds><corner1>-0.3979343014526471, -1.3697531730817771, -2.458844247672198</corner1><corner2>0.3979343014526471, 1.3697531730817771, 2.458844247672198</corner2></bounds><pose><translation>8.801274566269132, 0.025929638862343455, 1.4228066009610192</translation><rotation><c1>1, 0, 0</c1><c2>0, 1, 0</c2><c3>0, 0, 1</c3></rotation></pose><symmetry><x>twoFold</x><y>cylindrical</y><z>twoFold</z></symmetry><detectionScore>-1.0</detectionScore></element><element><id>17</id><category>window</category><bounds><corner1>-0.15271391375296317, -1.419330398317149, -0.5449446749801325</corner1><corner2>0.15271391375296317, 1.419330398317149, 0.5449446749801325</corner2></bounds><pose><translation>-1.6780298379631822, 0.07857378251343856, 0.9807164870688236</translation><rotation><c1>1, 0, 0</c1><c2>0, 1, 0</c2><c3>0, 0, 1</c3></rotation></pose><symmetry><x>twoFold</x><y>cylindrical</y><z>twoFold</z></symmetry><detectionScore>-1.0</detectionScore></element><element><id>18</id><category>table_lamp</category><bounds><corner1>-1.0669999643172643, -0.09433696958595517, -1.6501595725429477</corner1><corner2>1.0669999643172643, 0.09433696958595517, 1.6501595725429477</corner2></bounds><pose><translation>1.3353787603952596, -0.6426381945397445, 2.081182308544571</translation><rotation><c1>1, 0, 0</c1><c2>0, 1, 0</c2><c3>0, 0, 1</c3></rotation></pose><symmetry><x>twoFold</x><y>cylindrical</y><z>twoFold</z></symmetry><detectionScore>-1.0</detectionScore></element><element><id>19</id><category>wall</category><bounds><corner1>-1.6706738020121605, -1.493690289772932, -1.75213603328069</corner1><corner2>1.6706738020121605, 1.493690289772932, 1.75213603328069</corner2></bounds><pose><translation>9.00965761680974, -0.13469140343405608, -0.8272319988526703</translation><rotation><c1>1, 0, 0</c1><c2>0, 1, 0</c2><c3>0, 0, 1</c3></rotation></pose><symmetry><x>twoFold</x><y>cylindrical</y><z>twoFold</z></symmetry><detectionScore>-1.0</detectionScore></element><element><id>20</id><category>wall</category><bounds><corner1>-0.6922683960138585, -1.4994196050577135, -3.6471208326617512</corner1><corner2>0.6922683960138585, 1.4994196050577135, 3.6471208326617512</corner2></bounds><pose><translation>8.980737252947025, -0.10784096713811345, -4.569636265044969</translation><rotation><c1>1, 0, 0</c1><c2>0, 1, 0</c2><c3>0, 0, 1</c3></rotation></pose><symmetry><x>twoFold</x><y>cylindrical</y><z>twoFold</z></symmetry><detectionScore>-1.0</detectionScore></element><element><id>21</id><category>chair</category><bounds><corner1>-2.561940856534366, -0.23904024289537618, -0.6490176953560467</corner1><corner2>2.561940856534366, 0.23904024289537618, 0.6490176953560467</corner2></bounds><pose><translation>4.094166498428905, -0.7302931449982587, -3.924506661161713</translation><rotation><c1>1, 0, 0</c1><c2>0, 1, 0</c2><c3>0, 0, 1</c3></rotation></pose><symmetry><x>twoFold</x><y>cylindrical</y><z>twoFold</z></symmetry><detectionScore>-1.0</detectionScore></element><element><id>22</id><category>sofa</category><bounds><corner1>-7.755192732357297, -0.47513180902813984, -0.8798833381798384</corner1><corner2>7.755192732357297, 0.47513180902813984, 0.8798833381798384</corner2></bounds><pose><translation>2.9064721779496425, -0.9750332576025413, -0.9782980826603037</translation><rotation><c1>1, 0, 0</c1><c2>0, 1, 0</c2><c3>0, 0, 1</c3></rotation></pose><symmetry><x>twoFold</x><y>cylindrical</y><z>twoFold</z></symmetry><detectionScore>-1.0</detectionScore></element><element><id>23</id><category>door</category><bounds><corner1>-0.8973931490931815, -1.6437112573570758, -3.6525955048930676</corner1><corner2>0.8973931490931815, 1.6437112573570758, 3.6525955048930676</corner2></bounds><pose><translation>8.351826780954987, -0.255420637644662, -4.948720336085834</translation><rotation><c1>1, 0, 0</c1><c2>0, 1, 0</c2><c3>0, 0, 1</c3></rotation></pose><symmetry><x>twoFold</x><y>cylindrical</y><z>twoFold</z></symmetry><detectionScore>-1.0</detectionScore></element><element><id>24</id><category>fence</category><bounds><corner1>-0.10448675206782143, -0.5058162905082132, -0.6523942156195073</corner1><corner2>0.10448675206782143, 0.5058162905082132, 0.6523942156195073</corner2></bounds><pose><translation>-1.509113017884876, -0.5749533924511547, 2.530235607881617</translation><rotation><c1>1, 0, 0</c1><c2>0, 1, 0</c2><c3>0, 0, 1</c3></rotation></pose><symmetry><x>twoFold</x><y>cylindrical</y><z>twoFold</z></symmetry><detectionScore>-1.0</detectionScore></element><element><id>25</id><category>rug</category><bounds><corner1>-3.384589905708191, -0.24837323131904643, -3.0520475555612587</corner1><corner2>3.384589905708191, 0.24837323131904643, 3.0520475555612587</corner2></bounds><pose><translation>1.4690593831760763, -0.8294618509180701, 0.5371088813170862</translation><rotation><c1>1, 0, 0</c1><c2>0, 1, 0</c2><c3>0, 0, 1</c3></rotation></pose><symmetry><x>twoFold</x><y>cylindrical</y><z>twoFold</z></symmetry><detectionScore>-1.0</detectionScore></element><element><id>26</id><category>picture_frame</category><bounds><corner1>-1.1023087417580153, -1.1596679513954349, -0.09807876362585599</corner1><corner2>1.1023087417580153, 1.1596679513954349, 0.09807876362585599</corner2></bounds><pose><translation>-0.18650224330338439, 0.011925391771506899, 4.06120473640791</translation><rotation><c1>1, 0, 0</c1><c2>0, 1, 0</c2><c3>0, 0, 1</c3></rotation></pose><symmetry><x>twoFold</x><y>cylindrical</y><z>twoFold</z></symmetry><detectionScore>-1.0</detectionScore></element><element><id>27</id><category>kitchen_cabinet</category><bounds><corner1>-0.8274720070497554, -0.5150028574921715, -0.9730144983598983</corner1><corner2>0.8274720070497554, 0.5150028574921715, 0.9730144983598983</corner2></bounds><pose><translation>-0.034332803268566095, -0.9647713417853389, -5.033415893879179</translation><rotation><c1>1, 0, 0</c1><c2>0, 1, 0</c2><c3>0, 0, 1</c3></rotation></pose><symmetry><x>twoFold</x><y>cylindrical</y><z>twoFold</z></symmetry><detectionScore>-1.0</detectionScore></element><element><id>28</id><category>bookshelf</category><bounds><corner1>-0.7127051785424614, -1.6674003703276103, -0.4654260156497054</corner1><corner2>0.7127051785424614, 1.6674003703276103, 0.4654260156497054</corner2></bounds><pose><translation>1.3051018223338913, -0.17849973425358792, 3.699127035361907</translation><rotation><c1>1, 0, 0</c1><c2>0, 1, 0</c2><c3>0, 0, 1</c3></rotation></pose><symmetry><x>twoFold</x><y>cylindrical</y><z>twoFold</z></symmetry><detectionScore>-1.0</detectionScore></element><element><id>29</id><category>dining_table</category><bounds><corner1>-0.8172891587975496, -0.536218663469301, -0.9548457491467159</corner1><corner2>0.8172891587975496, 0.536218663469301, 0.9548457491467159</corner2></bounds><pose><translation>-0.043941627692045654, -1.0006814231764103, -5.015247144665997</translation><rotation><c1>1, 0, 0</c1><c2>0, 1, 0</c2><c3>0, 0, 1</c3></rotation></pose><symmetry><x>twoFold</x><y>cylindrical</y><z>twoFold</z></symmetry><detectionScore>-1.0</detectionScore></element><element><id>30</id><category>wall</category><bounds><corner1>-3.9912953315362585, -1.3838753841572524, -1.9830919797482172</corner1><corner2>3.9912953315362585, 1.3838753841572524, 1.9830919797482172</corner2></bounds><pose><translation>1.2452624336383606, 0.05476315334002171, -5.097768110974666</translation><rotation><c1>1, 0, 0</c1><c2>0, 1, 0</c2><c3>0, 0, 1</c3></rotation></pose><symmetry><x>twoFold</x><y>cylindrical</y><z>twoFold</z></symmetry><detectionScore>-1.0</detectionScore></element><element><id>31</id><category>wall</category><bounds><corner1>-1.8546444202877748, -1.453041992907116, -2.6519439918080563</corner1><corner2>1.8546444202877748, 1.453041992907116, 2.6519439918080563</corner2></bounds><pose><translation>8.812812452729368, -0.06058361937501089, 1.2324149320365019</translation><rotation><c1>1, 0, 0</c1><c2>0, 1, 0</c2><c3>0, 0, 1</c3></rotation></pose><symmetry><x>twoFold</x><y>cylindrical</y><z>twoFold</z></symmetry><detectionScore>-1.0</detectionScore></element><element><id>32</id><category>wall</category><bounds><corner1>-2.8558937913869347, -1.4965399112587152, -0.32500475162509224</corner1><corner2>2.8558937913869347, 1.4965399112587152, 0.32500475162509224</corner2></bounds><pose><translation>6.2806655828591875, -0.08279398793240099, 3.6100729163125056</translation><rotation><c1>1, 0, 0</c1><c2>0, 1, 0</c2><c3>0, 0, 1</c3></rotation></pose><symmetry><x>twoFold</x><y>cylindrical</y><z>twoFold</z></symmetry><detectionScore>-1.0</detectionScore></element><element><id>33</id><category>sink</category><bounds><corner1>-2.0570385218043565, -1.2890388423132326, -2.910045621293984</corner1><corner2>2.0570385218043565, 1.2890388423132326, 2.910045621293984</corner2></bounds><pose><translation>3.7205843478468754, -0.09802203999775733, -6.029378879452033</translation><rotation><c1>1, 0, 0</c1><c2>0, 1, 0</c2><c3>0, 0, 1</c3></rotation></pose><symmetry><x>twoFold</x><y>cylindrical</y><z>twoFold</z></symmetry><detectionScore>-1.0</detectionScore></element><element><id>34</id><category>ottoman</category><bounds><corner1>-3.3418679531016666, -0.2679404459058209, -2.9088130225074624</corner1><corner2>3.3418679531016666, 0.2679404459058209, 2.9088130225074624</corner2></bounds><pose><translation>1.4541910325952072, -0.8490290655048446, 0.43562094102879284</translation><rotation><c1>1, 0, 0</c1><c2>0, 1, 0</c2><c3>0, 0, 1</c3></rotation></pose><symmetry><x>twoFold</x><y>cylindrical</y><z>twoFold</z></symmetry><detectionScore>-1.0</detectionScore></element><element><id>35</id><category>dining_table</category><bounds><corner1>-2.635087882214334, -0.5812728465663858, -0.9434792182823748</corner1><corner2>2.635087882214334, 0.5812728465663858, 0.9434792182823748</corner2></bounds><pose><translation>3.2293435156008625, -1.044518291035404, -4.232043518181836</translation><rotation><c1>1, 0, 0</c1><c2>0, 1, 0</c2><c3>0, 0, 1</c3></rotation></pose><symmetry><x>twoFold</x><y>cylindrical</y><z>twoFold</z></symmetry><detectionScore>-1.0</detectionScore></element><element><id>36</id><category>curtain</category><bounds><corner1>-0.5381768703120856, -1.5938503318224229, -0.742414989646615</corner1><corner2>0.5381768703120856, 1.5938503318224229, 0.742414989646615</corner2></bounds><pose><translation>-1.4304111866505314, -0.08807959058794147, -3.5383887075851193</translation><rotation><c1>1, 0, 0</c1><c2>0, 1, 0</c2><c3>0, 0, 1</c3></rotation></pose><symmetry><x>twoFold</x><y>cylindrical</y><z>twoFold</z></symmetry><detectionScore>-1.0</detectionScore></element><element><id>37</id><category>window</category><bounds><corner1>-0.5286836495558433, -1.6292722702155609, -1.185343094562369</corner1><corner2>0.5286836495558433, 1.6292722702155609, 1.185343094562369</corner2></bounds><pose><translation>-1.4656865147940177, -0.10248046893831911, 2.959022750815252</translation><rotation><c1>1, 0, 0</c1><c2>0, 1, 0</c2><c3>0, 0, 1</c3></rotation></pose><symmetry><x>twoFold</x><y>cylindrical</y><z>twoFold</z></symmetry><detectionScore>-1.0</detectionScore></element><element><id>38</id><category>wall</category><bounds><corner1>-1.3579492056545908, -1.6058102063083801, -0.11316615094119964</corner1><corner2>1.3579492056545908, 1.6058102063083801, 0.11316615094119964</corner2></bounds><pose><translation>-0.05952204933850738, -0.11496325598445141, 4.053869560660333</translation><rotation><c1>1, 0, 0</c1><c2>0, 1, 0</c2><c3>0, 0, 1</c3></rotation></pose><symmetry><x>twoFold</x><y>cylindrical</y><z>twoFold</z></symmetry><detectionScore>-1.0</detectionScore></element><element><id>39</id><category>person</category><bounds><corner1>-7.025390247045207, -0.5092923939018257, -0.8753557201025965</corner1><corner2>7.025390247045207, 0.5092923939018257, 0.8753557201025965</corner2></bounds><pose><translation>3.6543067684992514, -0.8375658285135476, -0.9723643539097618</translation><rotation><c1>1, 0, 0</c1><c2>0, 1, 0</c2><c3>0, 0, 1</c3></rotation></pose><symmetry><x>twoFold</x><y>cylindrical</y><z>twoFold</z></symmetry><detectionScore>-1.0</detectionScore></element><element><id>40</id><category>window</category><bounds><corner1>-0.4297454422041618, -1.4588563184412184, -0.6997132989024109</corner1><corner2>0.4297454422041618, 1.4588563184412184, 0.6997132989024109</corner2></bounds><pose><translation>-1.4367475627275814, 0.05138265550293815, -3.477240014509885</translation><rotation><c1>1, 0, 0</c1><c2>0, 1, 0</c2><c3>0, 0, 1</c3></rotation></pose><symmetry><x>twoFold</x><y>cylindrical</y><z>twoFold</z></symmetry><detectionScore>-1.0</detectionScore></element><element><id>41</id><category>wall</category><bounds><corner1>-0.7003424430616494, -1.6543161952109258, -0.7607770403238518</corner1><corner2>0.7003424430616494, 1.6543161952109258, 0.7607770403238518</corner2></bounds><pose><translation>-1.4221832892397235, -0.11559690336462616, -3.365896970846125</translation><rotation><c1>1, 0, 0</c1><c2>0, 1, 0</c2><c3>0, 0, 1</c3></rotation></pose><symmetry><x>twoFold</x><y>cylindrical</y><z>twoFold</z></symmetry><detectionScore>-1.0</detectionScore></element><element><id>42</id><category>coffee_table</category><bounds><corner1>-3.5358578434675962, -0.7256333554207324, -0.3917769419755692</corner1><corner2>3.5358578434675962, 0.7256333554207324, 0.3917769419755692</corner2></bounds><pose><translation>5.682994119072491, -1.2401438202197366, -3.671114437797906</translation><rotation><c1>1, 0, 0</c1><c2>0, 1, 0</c2><c3>0, 0, 1</c3></rotation></pose><symmetry><x>twoFold</x><y>cylindrical</y><z>twoFold</z></symmetry><detectionScore>-1.0</detectionScore></element><element><id>43</id><category>armchair</category><bounds><corner1>-0.04508606736748244, -0.23854632936942452, -0.2379066032640538</corner1><corner2>0.04508606736748244, 0.23854632936942452, 0.2379066032640538</corner2></bounds><pose><translation>-1.7313161211701875, -0.37368325748390807, -0.19131738150002678</translation><rotation><c1>1, 0, 0</c1><c2>0, 1, 0</c2><c3>0, 0, 1</c3></rotation></pose><symmetry><x>twoFold</x><y>cylindrical</y><z>twoFold</z></symmetry><detectionScore>-1.0</detectionScore></element><element><id>44</id><category>table_and_chair</category><bounds><corner1>-1.0199862701880065, -0.583751969561357, -0.9698094037762308</corner1><corner2>1.0199862701880065, 0.583751969561357, 0.9698094037762308</corner2></bounds><pose><translation>-0.14516005813704458, -1.0256578542998342, -5.030210799295512</translation><rotation><c1>1, 0, 0</c1><c2>0, 1, 0</c2><c3>0, 0, 1</c3></rotation></pose><symmetry><x>twoFold</x><y>cylindrical</y><z>twoFold</z></symmetry><detectionScore>-1.0</detectionScore></element><element><id>45</id><category>sofa</category><bounds><corner1>-3.458650082473767, -0.6438776506636166, -2.8121110599020502</corner1><corner2>3.458650082473767, 0.6438776506636166, 2.8121110599020502</corner2></bounds><pose><translation>5.5842106832635, -0.9973990443573593, 1.085469366208589</translation><rotation><c1>1, 0, 0</c1><c2>0, 1, 0</c2><c3>0, 0, 1</c3></rotation></pose><symmetry><x>twoFold</x><y>cylindrical</y><z>twoFold</z></symmetry><detectionScore>-1.0</detectionScore></element><element><id>46</id><category>kitchen_cabinet</category><bounds><corner1>-1.2932984618308652, -0.4440592620050649, -1.0243184890329058</corner1><corner2>1.2932984618308652, 0.4440592620050649, 1.0243184890329058</corner2></bounds><pose><translation>0.8004971150643386, -0.8177374785688335, -5.084719884552187</translation><rotation><c1>1, 0, 0</c1><c2>0, 1, 0</c2><c3>0, 0, 1</c3></rotation></pose><symmetry><x>twoFold</x><y>cylindrical</y><z>twoFold</z></symmetry><detectionScore>-1.0</detectionScore></element><element><id>47</id><category>chandelier</category><bounds><corner1>-1.8862291028828846, -0.2432020261963137, -1.5303971347935614</corner1><corner2>1.8862291028828846, 0.2432020261963137, 1.5303971347935614</corner2></bounds><pose><translation>4.7475839647238045, 1.2132444693607374, -5.307505739674434</translation><rotation><c1>1, 0, 0</c1><c2>0, 1, 0</c2><c3>0, 0, 1</c3></rotation></pose><symmetry><x>twoFold</x><y>cylindrical</y><z>twoFold</z></symmetry><detectionScore>-1.0</detectionScore></element><element><id>48</id><category>dining_table</category><bounds><corner1>-6.147239618612989, -0.2631793813618323, -3.2391329522890113</corner1><corner2>6.147239618612989, 0.2631793813618323, 3.2391329522890113</corner2></bounds><pose><translation>1.528372455521961, -0.844268000960856, 0.694338529375132</translation><rotation><c1>1, 0, 0</c1><c2>0, 1, 0</c2><c3>0, 0, 1</c3></rotation></pose><symmetry><x>twoFold</x><y>cylindrical</y><z>twoFold</z></symmetry><detectionScore>-1.0</detectionScore></element><element><id>49</id><category>plant</category><bounds><corner1>-0.05327431738522326, -0.2860501050072548, -0.2572734919552566</corner1><corner2>0.05327431738522326, 0.2860501050072548, 0.2572734919552566</corner2></bounds><pose><translation>-1.73744460821125, -0.10028472077595449, 0.7996322466851573</translation><rotation><c1>1, 0, 0</c1><c2>0, 1, 0</c2><c3>0, 0, 1</c3></rotation></pose><symmetry><x>twoFold</x><y>cylindrical</y><z>twoFold</z></symmetry><detectionScore>-1.0</detectionScore></element><element><id>50</id><category>coffee_table</category><bounds><corner1>-5.586143318311191, -0.21459526807351714, -3.132047489603771</corner1><corner2>5.586143318311191, 0.21459526807351714, 3.132047489603771</corner2></bounds><pose><translation>1.5725027789619719, -0.8105567820927753, 0.8014239920603722</translation><rotation><c1>1, 0, 0</c1><c2>0, 1, 0</c2><c3>0, 0, 1</c3></rotation></pose><symmetry><x>twoFold</x><y>cylindrical</y><z>twoFold</z></symmetry><detectionScore>-1.0</detectionScore></element><element><id>51</id><category>plant</category><bounds><corner1>-0.047806489023291654, -0.20746851010116768, -0.3582535161813322</corner1><corner2>0.047806489023291654, 0.20746851010116768, 0.3582535161813322</corner2></bounds><pose><translation>-1.7423060248645836, 0.045981403392550635, -0.046035857059329444</translation><rotation><c1>1, 0, 0</c1><c2>0, 1, 0</c2><c3>0, 0, 1</c3></rotation></pose><symmetry><x>twoFold</x><y>cylindrical</y><z>twoFold</z></symmetry><detectionScore>-1.0</detectionScore></element><element><id>52</id><category>kitchen_set</category><bounds><corner1>-2.2520041960659243, -1.384260027897357, -2.916555740863125</corner1><corner2>2.2520041960659243, 1.384260027897357, 2.916555740863125</corner2></bounds><pose><translation>3.7130253330712164, 0.018926701558736846, -6.035888999021174</translation><rotation><c1>1, 0, 0</c1><c2>0, 1, 0</c2><c3>0, 0, 1</c3></rotation></pose><symmetry><x>twoFold</x><y>cylindrical</y><z>twoFold</z></symmetry><detectionScore>-1.0</detectionScore></element><element><id>53</id><category>wall</category><bounds><corner1>-2.283289614294957, -1.238118419440347, -2.844226571253482</corner1><corner2>2.283289614294957, 1.238118419440347, 2.844226571253482</corner2></bounds><pose><translation>1.7536465174719955, 0.17386674030243413, -5.963711223909711</translation><rotation><c1>1, 0, 0</c1><c2>0, 1, 0</c2><c3>0, 0, 1</c3></rotation></pose><symmetry><x>twoFold</x><y>cylindrical</y><z>twoFold</z></symmetry><detectionScore>-1.0</detectionScore></element><element><id>54</id><category>wall</category><bounds><corner1>-1.4338162028346695, -1.540367838138938, -0.4074032944687169</corner1><corner2>1.4338162028346695, 1.540367838138938, 0.4074032944687169</corner2></bounds><pose><translation>1.7688109686006583, -0.046930342051437535, 3.6725892968103664</translation><rotation><c1>1, 0, 0</c1><c2>0, 1, 0</c2><c3>0, 0, 1</c3></rotation></pose><symmetry><x>twoFold</x><y>cylindrical</y><z>twoFold</z></symmetry><detectionScore>-1.0</detectionScore></element><element><id>55</id><category>chair</category><bounds><corner1>-2.5228671068392488, -0.5605025674136863, -0.7426916552922687</corner1><corner2>2.5228671068392488, 0.5605025674136863, 0.7426916552922687</corner2></bounds><pose><translation>3.3029505800683014, -0.9917499852439112, -4.03125595519173</translation><rotation><c1>1, 0, 0</c1><c2>0, 1, 0</c2><c3>0, 0, 1</c3></rotation></pose><symmetry><x>twoFold</x><y>cylindrical</y><z>twoFold</z></symmetry><detectionScore>-1.0</detectionScore></element><element><id>56</id><category>chandelier</category><bounds><corner1>-1.21398236954813, -0.5534983227412704, -3.115448265726943</corner1><corner2>1.21398236954813, 0.5534983227412704, 3.115448265726943</corner2></bounds><pose><translation>3.8508020962236347, 0.8695516940950554, -6.234932918383172</translation><rotation><c1>1, 0, 0</c1><c2>0, 1, 0</c2><c3>0, 0, 1</c3></rotation></pose><symmetry><x>twoFold</x><y>cylindrical</y><z>twoFold</z></symmetry><detectionScore>-1.0</detectionScore></element><element><id>57</id><category>chandelier</category><bounds><corner1>-3.318295940630594, -0.07735498303358557, -1.7292927809884562</corner1><corner2>3.318295940630594, 0.07735498303358557, 1.7292927809884562</corner2></bounds><pose><translation>5.859783360439356, 1.3912243754626314, 2.1687553367268473</translation><rotation><c1>1, 0, 0</c1><c2>0, 1, 0</c2><c3>0, 0, 1</c3></rotation></pose><symmetry><x>twoFold</x><y>cylindrical</y><z>twoFold</z></symmetry><detectionScore>-1.0</detectionScore></element><element><id>58</id><category>sofa</category><bounds><corner1>-7.700530012845909, -0.2730062712888556, -3.337594882830568</corner1><corner2>7.700530012845909, 0.2730062712888556, 3.337594882830568</corner2></bounds><pose><translation>1.5851144609445604, -0.8540948908878793, 0.6475330805150645</translation><rotation><c1>1, 0, 0</c1><c2>0, 1, 0</c2><c3>0, 0, 1</c3></rotation></pose><symmetry><x>twoFold</x><y>cylindrical</y><z>twoFold</z></symmetry><detectionScore>-1.0</detectionScore></element><element><id>59</id><category>picture_frame</category><bounds><corner1>-0.2504715949956342, -1.41873490145912, -2.177959840564095</corner1><corner2>0.2504715949956342, 1.41873490145912, 2.177959840564095</corner2></bounds><pose><translation>8.987214545769527, -0.06094613569257816, -5.055415958847341</translation><rotation><c1>1, 0, 0</c1><c2>0, 1, 0</c2><c3>0, 0, 1</c3></rotation></pose><symmetry><x>twoFold</x><y>cylindrical</y><z>twoFold</z></symmetry><detectionScore>-1.0</detectionScore></element><element><id>60</id><category>kitchen_cabinet</category><bounds><corner1>-2.0351476699523245, -0.6800307416045058, -2.846896116716779</corner1><corner2>2.0351476699523245, 0.6800307416045058, 2.846896116716779</corner2></bounds><pose><translation>3.5656942603019375, -0.45060561319761794, -5.966229374874828</translation><rotation><c1>1, 0, 0</c1><c2>0, 1, 0</c2><c3>0, 0, 1</c3></rotation></pose><symmetry><x>twoFold</x><y>cylindrical</y><z>twoFold</z></symmetry><detectionScore>-1.0</detectionScore></element><element><id>61</id><category>chair</category><bounds><corner1>-0.035990683915343435, -0.153884760810653, -0.1366492511316092</corner1><corner2>0.035990683915343435, 0.153884760810653, 0.1366492511316092</corner2></bounds><pose><translation>-1.7357080512656522, -0.2967167329619842, -0.22530323418179238</translation><rotation><c1>1, 0, 0</c1><c2>0, 1, 0</c2><c3>0, 0, 1</c3></rotation></pose><symmetry><x>twoFold</x><y>cylindrical</y><z>twoFold</z></symmetry><detectionScore>-1.0</detectionScore></element><element><id>62</id><category>floor</category><bounds><corner1>-0.9900463185822224, -0.507187794436313, -0.9879976934579418</corner1><corner2>0.9900463185822224, 0.507187794436313, 0.9879976934579418</corner2></bounds><pose><translation>0.004670096924978247, -0.9569562787294804, -5.048399088977223</translation><rotation><c1>1, 0, 0</c1><c2>0, 1, 0</c2><c3>0, 0, 1</c3></rotation></pose><symmetry><x>twoFold</x><y>cylindrical</y><z>twoFold</z></symmetry><detectionScore>-1.0</detectionScore></element></elements></scene>