<?xml version='1.0' encoding='utf-8'?>
<scene xmlns:sumo="https://www.sumochallenge.org"><version>2.0</version><categories><id>fb_categories_v1_0</id><url>https://sumochallenge.org/en/categories-1_0.json</url></categories><project_type>bounding_box</project_type><elements><element><id>0</id><category>toilet</category><bounds><corner1>-0.6563317942013573, -0.811618626901669, -0.38476239738212437</corner1><corner2>0.6563317942013573, 0.811618626901669, 0.38476239738212437</corner2></bounds><pose><translation>-4.541046108799552, 3.1547881968313014, -1.0429489397177432</translation><rotation><c1>0, 0, 0</c1><c2>0, 0, 0</c2><c3>0, 0, 0</c3></rotation></pose><symmetry><x>twoFold</x><y>cylindrical</y><z>twoFold</z></symmetry><detectionScore>-1.0</detectionScore></element><element><id>1</id><category>wall_lamp</category><bounds><corner1>-0.060926174966631, -0.4607439283219712, -0.26304923166158445</corner1><corner2>0.060926174966631, 0.4607439283219712, 0.26304923166158445</corner2></bounds><pose><translation>1.567919289983344, 2.200656990015, 0.860053134040142</translation><rotation><c1>0, 0, 0</c1><c2>0, 0, 0</c2><c3>0, 0, 0</c3></rotation></pose><symmetry><x>twoFold</x><y>cylindrical</y><z>twoFold</z></symmetry><detectionScore>-1.0</detectionScore></element><element><id>2</id><category>person</category><bounds><corner1>-0.7236407994861418, -1.2478111800109524, -0.5894716437386149</corner1><corner2>0.7236407994861418, 1.2478111800109524, 0.5894716437386149</corner2></bounds><pose><translation>0.8482887524972682, 2.871279767442652, -1.100389157434324</translation><rotation><c1>0, 0, 0</c1><c2>0, 0, 0</c2><c3>0, 0, 0</c3></rotation></pose><symmetry><x>twoFold</x><y>cylindrical</y><z>twoFold</z></symmetry><detectionScore>-1.0</detectionScore></element><element><id>3</id><category>wall</category><bounds><corner1>-1.042045429669768, -0.35493956957132466, -1.4253338024076223</corner1><corner2>1.042045429669768, 0.35493956957132466, 1.4253338024076223</corner2></bounds><pose><translation>-3.196354546286269, -1.6442875366831076, -0.13565043351108277</translation><rotation><c1>0, 0, 0</c1><c2>0, 0, 0</c2><c3>0, 0, 0</c3></rotation></pose><symmetry><x>twoFold</x><y>cylindrical</y><z>twoFold</z></symmetry><detectionScore>-1.0</detectionScore></element><element><id>4</id><category>wall</category><bounds><corner1>-0.7566072997997502, -0.7812322658783413, -1.4018897764568925</corner1><corner2>0.7566072997997502, 0.7812322658783413, 1.4018897764568925</corner2></bounds><pose><translation>-4.70134697601957, 3.1030469814977897, -0.1231391924928166</translation><rotation><c1>0, 0, 0</c1><c2>0, 0, 0</c2><c3>0, 0, 0</c3></rotation></pose><symmetry><x>twoFold</x><y>cylindrical</y><z>twoFold</z></symmetry><detectionScore>-1.0</detectionScore></element><element><id>5</id><category>towel_rack</category><bounds><corner1>-0.03598356906284228, -0.3788661718370905, -0.36609373565682274</corner1><corner2>0.03598356906284228, 0.3788661718370905, 0.36609373565682274</corner2></bounds><pose><translation>1.8262846553812595, -0.24793500355164064, -0.16977392230634994</translation><rotation><c1>0, 0, 0</c1><c2>0, 0, 0</c2><c3>0, 0, 0</c3></rotation></pose><symmetry><x>twoFold</x><y>cylindrical</y><z>twoFold</z></symmetry><detectionScore>-1.0</detectionScore></element><element><id>6</id><category>toilet</category><bounds><corner1>-0.7903996425349757, -1.1857063533495702, -0.5811518462211854</corner1><corner2>0.7903996425349757, 1.1857063533495702, 0.5811518462211854</corner2></bounds><pose><translation>0.7527175706625087, 2.5540069508133323, -1.3435933850761033</translation><rotation><c1>0, 0, 0</c1><c2>0, 0, 0</c2><c3>0, 0, 0</c3></rotation></pose><symmetry><x>twoFold</x><y>cylindrical</y><z>twoFold</z></symmetry><detectionScore>-1.0</detectionScore></element><element><id>7</id><category>mirror</category><bounds><corner1>-0.2275102737222856, -0.6584650031704068, -0.7765200447544914</corner1><corner2>0.2275102737222856, 0.6584650031704068, 0.7765200447544914</corner2></bounds><pose><translation>1.5884509318279179, 0.9557682439683021, 0.16020596336845916</translation><rotation><c1>0, 0, 0</c1><c2>0, 0, 0</c2><c3>0, 0, 0</c3></rotation></pose><symmetry><x>twoFold</x><y>cylindrical</y><z>twoFold</z></symmetry><detectionScore>-1.0</detectionScore></element><element><id>8</id><category>bathtub</category><bounds><corner1>-0.8253464427920281, -1.4664833883867088, -0.6801605695456312</corner1><corner2>0.8253464427920281, 1.4664833883867088, 0.6801605695456312</corner2></bounds><pose><translation>0.7385971161233855, 2.61461311173092, -1.4143208091430832</translation><rotation><c1>0, 0, 0</c1><c2>0, 0, 0</c2><c3>0, 0, 0</c3></rotation></pose><symmetry><x>twoFold</x><y>cylindrical</y><z>twoFold</z></symmetry><detectionScore>-1.0</detectionScore></element><element><id>9</id><category>wall</category><bounds><corner1>-2.7438915842193605, -0.12761432976750253, -1.4177849098706312</corner1><corner2>2.7438915842193605, 0.12761432976750253, 1.4177849098706312</corner2></bounds><pose><translation>-1.3320383278562242, 4.022045279612682, -0.08324113615871896</translation><rotation><c1>0, 0, 0</c1><c2>0, 0, 0</c2><c3>0, 0, 0</c3></rotation></pose><symmetry><x>twoFold</x><y>cylindrical</y><z>twoFold</z></symmetry><detectionScore>-1.0</detectionScore></element><element><id>10</id><category>window</category><bounds><corner1>-0.5221146944482251, -0.15611296885208237, -0.7488701236590514</corner1><corner2>0.5221146944482251, 0.15611296885208237, 0.7488701236590514</corner2></bounds><pose><translation>-1.7550905475200516, 4.02319199774906, 0.05057599886028685</translation><rotation><c1>0, 0, 0</c1><c2>0, 0, 0</c2><c3>0, 0, 0</c3></rotation></pose><symmetry><x>twoFold</x><y>cylindrical</y><z>twoFold</z></symmetry><detectionScore>-1.0</detectionScore></element><element><id>11</id><category>heater</category><bounds><corner1>-0.5418670410802275, -0.14258863462367222, -0.3296344311728301</corner1><corner2>0.5418670410802275, 0.14258863462367222, 0.3296344311728301</corner2></bounds><pose><translation>-2.8730265396315393, 3.9060189723622023, -1.2301605065880021</translation><rotation><c1>0, 0, 0</c1><c2>0, 0, 0</c2><c3>0, 0, 0</c3></rotation></pose><symmetry><x>twoFold</x><y>cylindrical</y><z>twoFold</z></symmetry><detectionScore>-1.0</detectionScore></element><element><id>12</id><category>shelving</category><bounds><corner1>-0.39213013161664034, -0.46604907414410945, -1.0906180800112997</corner1><corner2>0.39213013161664034, 0.46604907414410945, 1.0906180800112997</corner2></bounds><pose><translation>-0.6303003287551514, -1.81379757658061, -0.5460485956492784</translation><rotation><c1>0, 0, 0</c1><c2>0, 0, 0</c2><c3>0, 0, 0</c3></rotation></pose><symmetry><x>twoFold</x><y>cylindrical</y><z>twoFold</z></symmetry><detectionScore>-1.0</detectionScore></element><element><id>13</id><category>wall</category><bounds><corner1>-0.7403310058052037, -2.561421670652921, -1.3940096081795956</corner1><corner2>0.7403310058052037, 2.561421670652921, 1.3940096081795956</corner2></bounds><pose><translation>-4.7528672851769915, 1.3653184217456742, -0.06994662117629699</translation><rotation><c1>0, 0, 0</c1><c2>0, 0, 0</c2><c3>0, 0, 0</c3></rotation></pose><symmetry><x>twoFold</x><y>cylindrical</y><z>twoFold</z></symmetry><detectionScore>-1.0</detectionScore></element><element><id>14</id><category>shelving</category><bounds><corner1>-0.6829615030483822, -0.25114232060963504, -1.032798589409539</corner1><corner2>0.6829615030483822, 0.25114232060963504, 1.032798589409539</corner2></bounds><pose><translation>-4.58682369963034, 3.731436524460984, -0.667540668543795</translation><rotation><c1>0, 0, 0</c1><c2>0, 0, 0</c2><c3>0, 0, 0</c3></rotation></pose><symmetry><x>twoFold</x><y>cylindrical</y><z>twoFold</z></symmetry><detectionScore>-1.0</detectionScore></element></elements></scene>