<?xml version='1.0' encoding='utf-8'?>
<scene xmlns:sumo="https://www.sumochallenge.org"><version>2.0</version><categories><id>fb_categories_v1_0</id><url>https://sumochallenge.org/en/categories-1_0.json</url></categories><project_type>bounding_box</project_type><elements><element><id>0</id><category>desk</category><bounds><corner1>-1.2092454765622964, -0.7796101641078055, -0.7709690343069822</corner1><corner2>1.2092454765622964, 0.7796101641078055, 0.7709690343069822</corner2></bounds><pose><translation>-0.2710132556616871, 6.1292516246768685, -1.2542403153878094</translation><rotation><c1>0, 0, 0</c1><c2>0, 0, 0</c2><c3>0, 0, 0</c3></rotation></pose><symmetry><x>twoFold</x><y>cylindrical</y><z>twoFold</z></symmetry><detectionScore>-1.0</detectionScore></element><element><id>1</id><category>toy</category><bounds><corner1>-0.741530321274157, -1.5303060136335578, -0.8915534787426899</corner1><corner2>0.741530321274157, 1.5303060136335578, 0.8915534787426899</corner2></bounds><pose><translation>-1.3490335279816508, 5.409980741810887, -0.938544176937282</translation><rotation><c1>0, 0, 0</c1><c2>0, 0, 0</c2><c3>0, 0, 0</c3></rotation></pose><symmetry><x>twoFold</x><y>cylindrical</y><z>twoFold</z></symmetry><detectionScore>-1.0</detectionScore></element><element><id>2</id><category>wall</category><bounds><corner1>-0.4980137517874208, -0.847965774120062, -1.5623778217185764</corner1><corner2>0.4980137517874208, 0.847965774120062, 1.5623778217185764</corner2></bounds><pose><translation>-2.090913937916833, 0.3474882060705372, -0.09479072578031615</translation><rotation><c1>0, 0, 0</c1><c2>0, 0, 0</c2><c3>0, 0, 0</c3></rotation></pose><symmetry><x>twoFold</x><y>cylindrical</y><z>twoFold</z></symmetry><detectionScore>-1.0</detectionScore></element><element><id>3</id><category>dressing_table</category><bounds><corner1>-0.14300622242214955, -2.33872103557134, -0.8955764517261648</corner1><corner2>0.14300622242214955, 2.33872103557134, 0.8955764517261648</corner2></bounds><pose><translation>1.0553056875594198, 2.058903055787603, -0.7936098349466134</translation><rotation><c1>0, 0, 0</c1><c2>0, 0, 0</c2><c3>0, 0, 0</c3></rotation></pose><symmetry><x>twoFold</x><y>cylindrical</y><z>twoFold</z></symmetry><detectionScore>-1.0</detectionScore></element><element><id>4</id><category>dresser</category><bounds><corner1>-0.29479990684720825, -1.9933428947412044, -0.4061930188036358</corner1><corner2>0.29479990684720825, 1.9933428947412044, 0.4061930188036358</corner2></bounds><pose><translation>0.8520716843117462, 1.9485641856736469, -0.9347546902367808</translation><rotation><c1>0, 0, 0</c1><c2>0, 0, 0</c2><c3>0, 0, 0</c3></rotation></pose><symmetry><x>twoFold</x><y>cylindrical</y><z>twoFold</z></symmetry><detectionScore>-1.0</detectionScore></element><element><id>5</id><category>door</category><bounds><corner1>-0.06414000965668176, -3.088580743379143, -1.0276115986027317</corner1><corner2>0.06414000965668176, 3.088580743379143, 1.0276115986027317</corner2></bounds><pose><translation>-1.392884026583434, 3.147303205033722, -0.25633302163670546</translation><rotation><c1>0, 0, 0</c1><c2>0, 0, 0</c2><c3>0, 0, 0</c3></rotation></pose><symmetry><x>twoFold</x><y>cylindrical</y><z>twoFold</z></symmetry><detectionScore>-1.0</detectionScore></element><element><id>6</id><category>wall</category><bounds><corner1>-0.0656919866877983, -0.15118605572040028, -1.3860203351010527</corner1><corner2>0.0656919866877983, 0.15118605572040028, 1.3860203351010527</corner2></bounds><pose><translation>-2.11797338508336, -0.3585352315433679, 0.0020812851078107555</translation><rotation><c1>0, 0, 0</c1><c2>0, 0, 0</c2><c3>0, 0, 0</c3></rotation></pose><symmetry><x>twoFold</x><y>cylindrical</y><z>twoFold</z></symmetry><detectionScore>-1.0</detectionScore></element><element><id>7</id><category>workplace</category><bounds><corner1>-1.21006102999805, -1.1318744199629949, -1.2703800177553646</corner1><corner2>1.21006102999805, 1.1318744199629949, 1.2703800177553646</corner2></bounds><pose><translation>-0.11425695571737764, 5.81481357297461, -0.7776372688267051</translation><rotation><c1>0, 0, 0</c1><c2>0, 0, 0</c2><c3>0, 0, 0</c3></rotation></pose><symmetry><x>twoFold</x><y>cylindrical</y><z>twoFold</z></symmetry><detectionScore>-1.0</detectionScore></element><element><id>8</id><category>wall</category><bounds><corner1>-1.2246066668235236, -1.1285659618062793, -1.4987418593864048</corner1><corner2>1.2246066668235236, 1.1285659618062793, 1.4987418593864048</corner2></bounds><pose><translation>-3.3165770790687548, -1.4422420676298842, -0.14661878359875263</translation><rotation><c1>0, 0, 0</c1><c2>0, 0, 0</c2><c3>0, 0, 0</c3></rotation></pose><symmetry><x>twoFold</x><y>cylindrical</y><z>twoFold</z></symmetry><detectionScore>-1.0</detectionScore></element><element><id>9</id><category>air_conditioner</category><bounds><corner1>-0.17974970934718493, -0.7479695613875388, -0.21681957095906657</corner1><corner2>0.17974970934718493, 0.7479695613875388, 0.21681957095906657</corner2></bounds><pose><translation>1.1245425995119342, 0.040204256359448076, 0.8523520376611056</translation><rotation><c1>0, 0, 0</c1><c2>0, 0, 0</c2><c3>0, 0, 0</c3></rotation></pose><symmetry><x>twoFold</x><y>cylindrical</y><z>twoFold</z></symmetry><detectionScore>-1.0</detectionScore></element><element><id>10</id><category>coffee_table</category><bounds><corner1>-0.5727500865417323, -0.2580254217080631, -0.12134963834708778</corner1><corner2>0.5727500865417323, 0.2580254217080631, 0.12134963834708778</corner2></bounds><pose><translation>0.10606184021762488, -1.9249307861521139, -1.2847362732661345</translation><rotation><c1>0, 0, 0</c1><c2>0, 0, 0</c2><c3>0, 0, 0</c3></rotation></pose><symmetry><x>twoFold</x><y>cylindrical</y><z>twoFold</z></symmetry><detectionScore>-1.0</detectionScore></element><element><id>11</id><category>door</category><bounds><corner1>-0.12959142058780815, -1.9054000624206262, -1.0767575971775434</corner1><corner2>0.12959142058780815, 1.9054000624206262, 1.0767575971775434</corner2></bounds><pose><translation>1.0901082302198648, 2.213262857713665, -0.32816662278118436</translation><rotation><c1>0, 0, 0</c1><c2>0, 0, 0</c2><c3>0, 0, 0</c3></rotation></pose><symmetry><x>twoFold</x><y>cylindrical</y><z>twoFold</z></symmetry><detectionScore>-1.0</detectionScore></element><element><id>12</id><category>wall</category><bounds><corner1>-0.16786058951787397, -2.3077691150501054, -1.1056287296360239</corner1><corner2>0.16786058951787397, 2.3077691150501054, 1.1056287296360239</corner2></bounds><pose><translation>1.0655656694767908, 3.0156014718789756, -0.013396156086685759</translation><rotation><c1>0, 0, 0</c1><c2>0, 0, 0</c2><c3>0, 0, 0</c3></rotation></pose><symmetry><x>twoFold</x><y>cylindrical</y><z>twoFold</z></symmetry><detectionScore>-1.0</detectionScore></element><element><id>13</id><category>chessboard</category><bounds><corner1>-0.39368949456110003, -0.3991314749336907, -0.2186886078537149</corner1><corner2>0.39368949456110003, 0.3991314749336907, 0.2186886078537149</corner2></bounds><pose><translation>-1.9855627585228397, 0.2979956543172041, -0.8819175402987398</translation><rotation><c1>0, 0, 0</c1><c2>0, 0, 0</c2><c3>0, 0, 0</c3></rotation></pose><symmetry><x>twoFold</x><y>cylindrical</y><z>twoFold</z></symmetry><detectionScore>-1.0</detectionScore></element><element><id>14</id><category>coffee_table</category><bounds><corner1>-0.3517832363520452, -0.6654393628122767, -0.28672106950267673</corner1><corner2>0.3517832363520452, 0.6654393628122767, 0.28672106950267673</corner2></bounds><pose><translation>-1.9480596761820705, 0.32492664867052856, -1.0915765207995545</translation><rotation><c1>0, 0, 0</c1><c2>0, 0, 0</c2><c3>0, 0, 0</c3></rotation></pose><symmetry><x>twoFold</x><y>cylindrical</y><z>twoFold</z></symmetry><detectionScore>-1.0</detectionScore></element><element><id>15</id><category>stand</category><bounds><corner1>-0.5563714190084317, -0.23299653237079831, -0.12444089025139382</corner1><corner2>0.5563714190084317, 0.23299653237079831, 0.12444089025139382</corner2></bounds><pose><translation>0.1006335798516863, -1.8975179403541116, -1.2866454183628906</translation><rotation><c1>0, 0, 0</c1><c2>0, 0, 0</c2><c3>0, 0, 0</c3></rotation></pose><symmetry><x>twoFold</x><y>cylindrical</y><z>twoFold</z></symmetry><detectionScore>-1.0</detectionScore></element><element><id>16</id><category>wall</category><bounds><corner1>-1.3244388125965, -0.1638322438755031, -1.3437579294901378</corner1><corner2>1.3244388125965, 0.1638322438755031, 1.3437579294901378</corner2></bounds><pose><translation>-0.3682951826714077, 6.8015437501489355, -0.06072859628514936</translation><rotation><c1>0, 0, 0</c1><c2>0, 0, 0</c2><c3>0, 0, 0</c3></rotation></pose><symmetry><x>twoFold</x><y>cylindrical</y><z>twoFold</z></symmetry><detectionScore>-1.0</detectionScore></element><element><id>17</id><category>ottoman</category><bounds><corner1>-0.24659445349049647, -0.8949166165408706, -0.06642306127579833</corner1><corner2>0.24659445349049647, 0.8949166165408706, 0.06642306127579833</corner2></bounds><pose><translation>-1.765863189975456, 0.3276895449704811, -1.3127398752621549</translation><rotation><c1>0, 0, 0</c1><c2>0, 0, 0</c2><c3>0, 0, 0</c3></rotation></pose><symmetry><x>twoFold</x><y>cylindrical</y><z>twoFold</z></symmetry><detectionScore>-1.0</detectionScore></element><element><id>18</id><category>window</category><bounds><corner1>-0.21735988003723739, -3.3950450217120727, -0.8102627286879035</corner1><corner2>0.21735988003723739, 3.3950450217120727, 0.8102627286879035</corner2></bounds><pose><translation>-1.4047077129091115, 3.394105284764529, 0.01972472254997011</translation><rotation><c1>0, 0, 0</c1><c2>0, 0, 0</c2><c3>0, 0, 0</c3></rotation></pose><symmetry><x>twoFold</x><y>cylindrical</y><z>twoFold</z></symmetry><detectionScore>-1.0</detectionScore></element></elements></scene>