<?xml version='1.0' encoding='utf-8'?>
<scene xmlns:sumo="https://www.sumochallenge.org"><version>2.0</version><categories><id>fb_categories_v1.0</id><url>https://sumochallenge.org/en/categories-1_0.json</url></categories><project_type>bounding_box</project_type><elements><element><id>5</id><category>door</category><bounds><corner1>-0.36316144, -1.34614723, -0.68579547</corner1><corner2>0.36316144, 1.34614723, 0.68579547</corner2></bounds><pose><translation>-2.17707579, -0.45577081, -0.73848635</translation><rotation><c1>1., 0., 0.</c1><c2>0., 1., 0.</c2><c3>0., 0., 1.</c3></rotation></pose><symmetry><x>twoFold</x><y>twoFold</y><z>twoFold</z></symmetry><detectionScore>0.99279296</detectionScore></element><element><id>10</id><category>television</category><bounds><corner1>-0.40678334, -0.27792126, -0.08299383</corner1><corner2>0.40678334, 0.27792126, 0.08299383</corner2></bounds><pose><translation> 1.06666784, -0.26033357,  2.55016435</translation><rotation><c1>1., 0., 0.</c1><c2>0., 1., 0.</c2><c3>0., 0., 1.</c3></rotation></pose><symmetry><x>none</x><y>none</y><z>twoFold</z></symmetry><detectionScore>0.84943885</detectionScore></element><element><id>11</id><category>door</category><bounds><corner1>-0.37405975, -1.29420904, -0.91847277</corner1><corner2>0.37405975, 1.29420904, 0.91847277</corner2></bounds><pose><translation>-2.19799969, -0.40493223,  0.76583529</translation><rotation><c1>1., 0., 0.</c1><c2>0., 1., 0.</c2><c3>0., 0., 1.</c3></rotation></pose><symmetry><x>twoFold</x><y>twoFold</y><z>twoFold</z></symmetry><detectionScore>0.98318005</detectionScore></element><element><id>4</id><category>sofa</category><bounds><corner1>-0.41401789, -0.11073488, -1.1589722 </corner1><corner2>0.41401789, 0.11073488, 1.1589722 </corner2></bounds><pose><translation>-0.29459233, -0.82130368,  1.49195648</translation><rotation><c1>1., 0., 0.</c1><c2>0., 1., 0.</c2><c3>0., 0., 1.</c3></rotation></pose><symmetry><x>none</x><y>none</y><z>none</z></symmetry><detectionScore>0.8515236</detectionScore></element><element><id>6</id><category>door</category><bounds><corner1>-3.72551214, -1.1172157 , -1.34205536</corner1><corner2>3.72551214, 1.1172157 , 1.34205536</corner2></bounds><pose><translation> 3.17915007, -0.34286719,  1.77923464</translation><rotation><c1>1., 0., 0.</c1><c2>0., 1., 0.</c2><c3>0., 0., 1.</c3></rotation></pose><symmetry><x>twoFold</x><y>twoFold</y><z>twoFold</z></symmetry><detectionScore>0.9973578</detectionScore></element><element><id>3</id><category>desk</category><bounds><corner1>-0.75010492, -0.27246836, -0.36212738</corner1><corner2>0.75010492, 0.27246836, 0.36212738</corner2></bounds><pose><translation> 1.02550847, -0.96914169,  2.25699849</translation><rotation><c1>1., 0., 0.</c1><c2>0., 1., 0.</c2><c3>0., 0., 1.</c3></rotation></pose><symmetry><x>none</x><y>none</y><z>none</z></symmetry><detectionScore>0.8153266</detectionScore></element><element><id>2</id><category>window</category><bounds><corner1>-0.56765544, -0.66080237, -0.04424474</corner1><corner2>0.56765544, 0.66080237, 0.04424474</corner2></bounds><pose><translation>-0.14362625,  0.06955957,  2.67682326</translation><rotation><c1>1., 0., 0.</c1><c2>0., 1., 0.</c2><c3>0., 0., 1.</c3></rotation></pose><symmetry><x>none</x><y>twoFold</y><z>none</z></symmetry><detectionScore>0.9993255</detectionScore></element><element><id>1</id><category>picture_frame</category><bounds><corner1>-0.45339811, -0.35042382, -0.02299476</corner1><corner2>0.45339811, 0.35042382, 0.02299476</corner2></bounds><pose><translation> 0.36982255,  0.62006216, -1.05896804</translation><rotation><c1>1., 0., 0.</c1><c2>0., 1., 0.</c2><c3>0., 0., 1.</c3></rotation></pose><symmetry><x>none</x><y>fourFold</y><z>none</z></symmetry><detectionScore>0.9684064</detectionScore></element><element><id>13</id><category>wall</category><bounds><corner1>-1.55497932, -1.16549387, -4.61873162</corner1><corner2>1.55497932, 1.16549387, 4.61873162</corner2></bounds><pose><translation>-1.55497932, -0.11868422,  2.58503314</translation><rotation><c1>1., 0., 0.</c1><c2>0., 1., 0.</c2><c3>0., 0., 1.</c3></rotation></pose><symmetry><x>none</x><y>twoFold</y><z>none</z></symmetry><detectionScore>0.81936467</detectionScore></element><element><id>9</id><category>door</category><bounds><corner1>-1.56512968, -0.92348745, -0.02217362</corner1><corner2>1.56512968, 0.92348745, 0.02217362</corner2></bounds><pose><translation> 1.85490429, -0.30579133, -1.12724369</translation><rotation><c1>1., 0., 0.</c1><c2>0., 1., 0.</c2><c3>0., 0., 1.</c3></rotation></pose><symmetry><x>twoFold</x><y>twoFold</y><z>twoFold</z></symmetry><detectionScore>0.78456455</detectionScore></element><element><id>8</id><category>window</category><bounds><corner1>-0.05798306, -0.67527435, -0.68416447</corner1><corner2>0.05798306, 0.67527435, 0.68416447</corner2></bounds><pose><translation> 3.48529744,  0.03782933, -0.08357985</translation><rotation><c1>1., 0., 0.</c1><c2>0., 1., 0.</c2><c3>0., 0., 1.</c3></rotation></pose><symmetry><x>none</x><y>twoFold</y><z>none</z></symmetry><detectionScore>0.50380653</detectionScore></element><element><id>7</id><category>wall</category><bounds><corner1>-0.34049799, -1.24860251, -1.89502344</corner1><corner2>0.34049799, 1.24860251, 1.89502344</corner2></bounds><pose><translation> 3.42921642, -0.1273715 ,  0.56748465</translation><rotation><c1>1., 0., 0.</c1><c2>0., 1., 0.</c2><c3>0., 0., 1.</c3></rotation></pose><symmetry><x>none</x><y>twoFold</y><z>none</z></symmetry><detectionScore>0.97631264</detectionScore></element></elements></scene>