<?xml version='1.0' encoding='utf-8'?>
<scene xmlns:sumo="https://www.sumochallenge.org"><version>2.0</version><categories><id>fb_categories_v1.0</id><url>https://sumochallenge.org/en/categories-1_0.json</url></categories><project_type>bounding_box</project_type><elements><element><id>6</id><category>chandelier</category><bounds><corner1>-1.74204405, -0.38690402, -0.67701997</corner1><corner2>1.74204405, 0.38690402, 0.67701997</corner2></bounds><pose><translation> 1.39999372,  0.81280843, -0.70475012</translation><rotation><c1>1., 0., 0.</c1><c2>0., 1., 0.</c2><c3>0., 0., 1.</c3></rotation></pose><symmetry><x>none</x><y>none</y><z>none</z></symmetry><detectionScore>-1</detectionScore></element><element><id>7</id><category>window</category><bounds><corner1>-6.0182375 , -0.62097999, -0.81369447</corner1><corner2>6.0182375 , 0.62097999, 0.81369447</corner2></bounds><pose><translation>-6.0182375 ,  0.06530224,  4.37521235</translation><rotation><c1>1., 0., 0.</c1><c2>0., 1., 0.</c2><c3>0., 0., 1.</c3></rotation></pose><symmetry><x>none</x><y>none</y><z>none</z></symmetry><detectionScore>-1</detectionScore></element><element><id>3</id><category>chandelier</category><bounds><corner1>-2.01629361, -0.0224562 , -2.58558201</corner1><corner2>2.01629361, 0.0224562 , 2.58558201</corner2></bounds><pose><translation>1.3219571 , 1.18515795, 1.85808979</translation><rotation><c1>1., 0., 0.</c1><c2>0., 1., 0.</c2><c3>0., 0., 1.</c3></rotation></pose><symmetry><x>none</x><y>none</y><z>none</z></symmetry><detectionScore>-1</detectionScore></element><element><id>5</id><category>wall</category><bounds><corner1>-2.02449419, -1.20240984, -0.08781146</corner1><corner2>2.02449419, 1.20240984, 0.08781146</corner2></bounds><pose><translation> 0.97911416, -0.09841501,  4.84191197</translation><rotation><c1>1., 0., 0.</c1><c2>0., 1., 0.</c2><c3>0., 0., 1.</c3></rotation></pose><symmetry><x>none</x><y>none</y><z>none</z></symmetry><detectionScore>-1</detectionScore></element><element><id>4</id><category>door</category><bounds><corner1>-2.93571661, -1.17609307, -2.81081645</corner1><corner2>2.93571661, 1.17609307, 2.81081645</corner2></bounds><pose><translation>-4.3345548 , -0.11287387,  6.89664815</translation><rotation><c1>1., 0., 0.</c1><c2>0., 1., 0.</c2><c3>0., 0., 1.</c3></rotation></pose><symmetry><x>none</x><y>none</y><z>none</z></symmetry><detectionScore>-1</detectionScore></element><element><id>2</id><category>armchair</category><bounds><corner1>-1.74425529, -0.50705557, -0.45400319</corner1><corner2>1.74425529, 0.50705557, 0.45400319</corner2></bounds><pose><translation> 1.62000755, -1.11609245, -0.08369245</translation><rotation><c1>1., 0., 0.</c1><c2>0., 1., 0.</c2><c3>0., 0., 1.</c3></rotation></pose><symmetry><x>none</x><y>none</y><z>none</z></symmetry><detectionScore>-1</detectionScore></element><element><id>8</id><category>armchair</category><bounds><corner1>-0.47663611, -0.51207068, -2.08963642</corner1><corner2>0.47663611, 0.51207068, 2.08963642</corner2></bounds><pose><translation> 0.30409026, -1.06638395,  2.78181293</translation><rotation><c1>1., 0., 0.</c1><c2>0., 1., 0.</c2><c3>0., 0., 1.</c3></rotation></pose><symmetry><x>none</x><y>none</y><z>none</z></symmetry><detectionScore>-1</detectionScore></element></elements></scene>