<?xml version='1.0' encoding='utf-8'?>
<scene xmlns:sumo="https://www.sumochallenge.org"><version>2.0</version><categories><id>fb_categories_v1.0</id><url>https://sumochallenge.org/en/categories-1_0.json</url></categories><project_type>bounding_box</project_type><elements><element><id>4</id><category>plant</category><bounds><corner1>-3.49681671, -0.4235308 , -0.35926655</corner1><corner2>3.49681671, 0.4235308 , 0.35926655</corner2></bounds><pose><translation> 1.65396659, -0.22425045,  0.70218211</translation><rotation><c1>1., 0., 0.</c1><c2>0., 1., 0.</c2><c3>0., 0., 1.</c3></rotation></pose><symmetry><x>none</x><y>cylindrical</y><z>none</z></symmetry><detectionScore>0.63477385</detectionScore></element><element><id>1</id><category>washer</category><bounds><corner1>-0.58345976, -0.42177066, -0.0310015 </corner1><corner2>0.58345976, 0.42177066, 0.0310015 </corner2></bounds><pose><translation> 1.05709785, -0.00790038, -1.64405884</translation><rotation><c1>1., 0., 0.</c1><c2>0., 1., 0.</c2><c3>0., 0., 1.</c3></rotation></pose><symmetry><x>none</x><y>none</y><z>none</z></symmetry><detectionScore>0.7438489</detectionScore></element><element><id>5</id><category>wall</category><bounds><corner1>-0.99823104, -1.09783546, -0.70815983</corner1><corner2>0.99823104, 1.09783546, 0.70815983</corner2></bounds><pose><translation> 0.05399545,  0.02677139, -2.31712253</translation><rotation><c1>1., 0., 0.</c1><c2>0., 1., 0.</c2><c3>0., 0., 1.</c3></rotation></pose><symmetry><x>none</x><y>twoFold</y><z>none</z></symmetry><detectionScore>0.7569391</detectionScore></element><element><id>11</id><category>towel_rack</category><bounds><corner1>-0.27368336, -0.28950978, -0.02800442</corner1><corner2>0.27368336, 0.28950978, 0.02800442</corner2></bounds><pose><translation> 0.4451443 , -0.79130342,  1.60095297</translation><rotation><c1>1., 0., 0.</c1><c2>0., 1., 0.</c2><c3>0., 0., 1.</c3></rotation></pose><symmetry><x>none</x><y>none</y><z>twoFold</z></symmetry><detectionScore>0.99037826</detectionScore></element><element><id>10</id><category>washer</category><bounds><corner1>-0.37850012, -0.33760164, -0.83504401</corner1><corner2>0.37850012, 0.33760164, 0.83504401</corner2></bounds><pose><translation> 1.07646308, -0.70300185, -1.63103265</translation><rotation><c1>1., 0., 0.</c1><c2>0., 1., 0.</c2><c3>0., 0., 1.</c3></rotation></pose><symmetry><x>none</x><y>none</y><z>none</z></symmetry><detectionScore>0.9198915</detectionScore></element><element><id>3</id><category>chandelier</category><bounds><corner1>-0.14001981, -0.2600443 , -0.50649663</corner1><corner2>0.14001981, 0.2600443 , 0.50649663</corner2></bounds><pose><translation>-1.24202672,  0.94533608,  0.16540659</translation><rotation><c1>1., 0., 0.</c1><c2>0., 1., 0.</c2><c3>0., 0., 1.</c3></rotation></pose><symmetry><x>none</x><y>cylindrical</y><z>none</z></symmetry><detectionScore>0.82290995</detectionScore></element><element><id>2</id><category>mirror</category><bounds><corner1>-0.02004906, -0.45713873, -0.2677501 </corner1><corner2>0.02004906, 0.45713873, 0.2677501 </corner2></bounds><pose><translation>-1.15401571,  0.28076694,  0.23590349</translation><rotation><c1>1., 0., 0.</c1><c2>0., 1., 0.</c2><c3>0., 0., 1.</c3></rotation></pose><symmetry><x>none</x><y>none</y><z>twoFold</z></symmetry><detectionScore>0.53754467</detectionScore></element><element><id>7</id><category>vacuum_cleaner</category><bounds><corner1>-0.65710971, -0.5635852 , -0.65282201</corner1><corner2>0.65710971, 0.5635852 , 0.65282201</corner2></bounds><pose><translation>-1.00516395, -0.96278227, -2.26589615</translation><rotation><c1>1., 0., 0.</c1><c2>0., 1., 0.</c2><c3>0., 0., 1.</c3></rotation></pose><symmetry><x>none</x><y>cylindrical</y><z>none</z></symmetry><detectionScore>0.90586424</detectionScore></element><element><id>9</id><category>sink</category><bounds><corner1>-0.16397845, -0.1659926 , -0.51052043</corner1><corner2>0.16397845, 0.1659926 , 0.51052043</corner2></bounds><pose><translation>-0.99699239, -0.57420058,  0.2812964 </translation><rotation><c1>1., 0., 0.</c1><c2>0., 1., 0.</c2><c3>0., 0., 1.</c3></rotation></pose><symmetry><x>none</x><y>none</y><z>none</z></symmetry><detectionScore>0.72245675</detectionScore></element><element><id>8</id><category>window</category><bounds><corner1>-0.66518771, -0.64588737, -0.08680636</corner1><corner2>0.66518771, 0.64588737, 0.08680636</corner2></bounds><pose><translation>-0.39033346,  0.19572634, -2.37485796</translation><rotation><c1>1., 0., 0.</c1><c2>0., 1., 0.</c2><c3>0., 0., 1.</c3></rotation></pose><symmetry><x>none</x><y>twoFold</y><z>none</z></symmetry><detectionScore>0.9987451</detectionScore></element><element><id>6</id><category>window</category><bounds><corner1>-3.45076473, -0.56902134, -0.55541593</corner1><corner2>3.45076473, 0.56902134, 0.55541593</corner2></bounds><pose><translation>1.70502934, 0.63022196, 0.1591678 </translation><rotation><c1>1., 0., 0.</c1><c2>0., 1., 0.</c2><c3>0., 0., 1.</c3></rotation></pose><symmetry><x>none</x><y>twoFold</y><z>none</z></symmetry><detectionScore>0.99963653</detectionScore></element></elements></scene>