<?xml version='1.0' encoding='utf-8'?>
<scene xmlns:sumo="https://www.sumochallenge.org"><version>2.0</version><categories><id>fb_categories_v1.0</id><url>https://sumochallenge.org/en/categories-1_0.json</url></categories><project_type>bounding_box</project_type><elements><element><id>6</id><category>wall</category><bounds><corner1>-8.04521861, -0.58971052, -0.58379888</corner1><corner2>8.04521861, 0.58971052, 0.58379888</corner2></bounds><pose><translation> 1.02102131, -0.00196777, -0.27545091</translation><rotation><c1>1., 0., 0.</c1><c2>0., 1., 0.</c2><c3>0., 0., 1.</c3></rotation></pose><symmetry><x>none</x><y>none</y><z>none</z></symmetry><detectionScore>-1</detectionScore></element><element><id>7</id><category>wall</category><bounds><corner1>-2.10357009, -1.2454592 , -1.56282033</corner1><corner2>2.10357009, 1.2454592 , 1.56282033</corner2></bounds><pose><translation>-6.04120263, -0.05565737, -2.36597339</translation><rotation><c1>1., 0., 0.</c1><c2>0., 1., 0.</c2><c3>0., 0., 1.</c3></rotation></pose><symmetry><x>none</x><y>none</y><z>none</z></symmetry><detectionScore>-1</detectionScore></element><element><id>5</id><category>partition</category><bounds><corner1>-3.65036005, -1.31194377, -0.10530525</corner1><corner2>3.65036005, 1.31194377, 0.10530525</corner2></bounds><pose><translation> 5.92290661, -0.12118901,  4.25971126</translation><rotation><c1>1., 0., 0.</c1><c2>0., 1., 0.</c2><c3>0., 0., 1.</c3></rotation></pose><symmetry><x>none</x><y>none</y><z>none</z></symmetry><detectionScore>-1</detectionScore></element><element><id>3</id><category>wall</category><bounds><corner1>-1.803626  , -1.20760151, -1.7599948 </corner1><corner2>1.803626  , 1.20760151, 1.7599948 </corner2></bounds><pose><translation>-3.50391605, -0.03977673, -7.36182575</translation><rotation><c1>1., 0., 0.</c1><c2>0., 1., 0.</c2><c3>0., 0., 1.</c3></rotation></pose><symmetry><x>none</x><y>none</y><z>none</z></symmetry><detectionScore>-1</detectionScore></element><element><id>9</id><category>dining_table</category><bounds><corner1>-0.85839819, -0.50499447, -0.61188178</corner1><corner2>0.85839819, 0.50499447, 0.61188178</corner2></bounds><pose><translation>-0.02569623, -1.1489853 , -3.98009469</translation><rotation><c1>1., 0., 0.</c1><c2>0., 1., 0.</c2><c3>0., 0., 1.</c3></rotation></pose><symmetry><x>none</x><y>none</y><z>none</z></symmetry><detectionScore>-1</detectionScore></element><element><id>4</id><category>plant</category><bounds><corner1>-0.90124334, -0.67538269, -1.63931006</corner1><corner2>0.90124334, 0.67538269, 1.63931006</corner2></bounds><pose><translation>-5.07436415, -0.65413574, -7.46521919</translation><rotation><c1>1., 0., 0.</c1><c2>0., 1., 0.</c2><c3>0., 0., 1.</c3></rotation></pose><symmetry><x>none</x><y>none</y><z>none</z></symmetry><detectionScore>-1</detectionScore></element><element><id>2</id><category>wall</category><bounds><corner1>-0.45020796, -1.24731836, -0.73575643</corner1><corner2>0.45020796, 1.24731836, 0.73575643</corner2></bounds><pose><translation> 2.07708653, -0.05717335, -4.19854711</translation><rotation><c1>1., 0., 0.</c1><c2>0., 1., 0.</c2><c3>0., 0., 1.</c3></rotation></pose><symmetry><x>none</x><y>none</y><z>none</z></symmetry><detectionScore>-1</detectionScore></element><element><id>1</id><category>sofa</category><bounds><corner1>-0.68865526, -0.65702239, -1.26302393</corner1><corner2>0.68865526, 0.65702239, 1.26302393</corner2></bounds><pose><translation>-3.11171961, -1.0644387 , -1.57878846</translation><rotation><c1>1., 0., 0.</c1><c2>0., 1., 0.</c2><c3>0., 0., 1.</c3></rotation></pose><symmetry><x>none</x><y>none</y><z>none</z></symmetry><detectionScore>-1</detectionScore></element><element><id>10</id><category>partition</category><bounds><corner1>-1.30204191, -1.15864321, -2.17537241</corner1><corner2>1.30204191, 1.15864321, 2.17537241</corner2></bounds><pose><translation>-0.97568455, -0.03031641, -6.21976766</translation><rotation><c1>1., 0., 0.</c1><c2>0., 1., 0.</c2><c3>0., 0., 1.</c3></rotation></pose><symmetry><x>none</x><y>none</y><z>none</z></symmetry><detectionScore>-1</detectionScore></element></elements></scene>