<?xml version='1.0' encoding='utf-8'?>
<scene xmlns:sumo="https://www.sumochallenge.org"><version>2.0</version><categories><id>fb_categories_v1.0</id><url>https://sumochallenge.org/en/categories-1_0.json</url></categories><project_type>bounding_box</project_type><elements><element><id>6</id><category>desk</category><bounds><corner1>-0.99983241, -0.59800004, -0.33617975</corner1><corner2>0.99983241, 0.59800004, 0.33617975</corner2></bounds><pose><translation>-0.95931088, -1.13685064, -2.08310913</translation><rotation><c1>1., 0., 0.</c1><c2>0., 1., 0.</c2><c3>0., 0., 1.</c3></rotation></pose><symmetry><x>none</x><y>none</y><z>none</z></symmetry><detectionScore>-1</detectionScore></element><element><id>7</id><category>sofa</category><bounds><corner1>-0.03888749, -0.34093515, -0.20770049</corner1><corner2>0.03888749, 0.34093515, 0.20770049</corner2></bounds><pose><translation>-1.57395312, -0.61178216, -0.92041375</translation><rotation><c1>1., 0., 0.</c1><c2>0., 1., 0.</c2><c3>0., 0., 1.</c3></rotation></pose><symmetry><x>none</x><y>none</y><z>none</z></symmetry><detectionScore>-1</detectionScore></element><element><id>2</id><category>office_chair</category><bounds><corner1>-0.29981764, -0.4910162 , -0.13699212</corner1><corner2>0.29981764, 0.4910162 , 0.13699212</corner2></bounds><pose><translation>-0.41083919, -1.00185461, -2.21193337</translation><rotation><c1>1., 0., 0.</c1><c2>0., 1., 0.</c2><c3>0., 0., 1.</c3></rotation></pose><symmetry><x>none</x><y>none</y><z>none</z></symmetry><detectionScore>-1</detectionScore></element><element><id>3</id><category>wall</category><bounds><corner1>-1.13518208, -1.21595973, -1.23086289</corner1><corner2>1.13518208, 1.21595973, 1.23086289</corner2></bounds><pose><translation>-0.2248579 , -0.08307624, -3.3569313 </translation><rotation><c1>1., 0., 0.</c1><c2>0., 1., 0.</c2><c3>0., 0., 1.</c3></rotation></pose><symmetry><x>none</x><y>none</y><z>none</z></symmetry><detectionScore>-1</detectionScore></element><element><id>9</id><category>plant</category><bounds><corner1>-0.65428796, -0.36133575, -0.12575136</corner1><corner2>0.65428796, 0.36133575, 0.12575136</corner2></bounds><pose><translation> 2.78790127, -1.21338017,  1.5300532 </translation><rotation><c1>1., 0., 0.</c1><c2>0., 1., 0.</c2><c3>0., 0., 1.</c3></rotation></pose><symmetry><x>none</x><y>none</y><z>none</z></symmetry><detectionScore>-1</detectionScore></element><element><id>4</id><category>wall</category><bounds><corner1>-0.03894779, -0.57625886, -0.88315756</corner1><corner2>0.03894779, 0.57625886, 0.88315756</corner2></bounds><pose><translation>-1.57494974, -0.05952919, -0.76126231</translation><rotation><c1>1., 0., 0.</c1><c2>0., 1., 0.</c2><c3>0., 0., 1.</c3></rotation></pose><symmetry><x>none</x><y>none</y><z>none</z></symmetry><detectionScore>-1</detectionScore></element><element><id>8</id><category>door</category><bounds><corner1>-0.22901688, -1.42325258, -0.42473039</corner1><corner2>0.22901688, 1.42325258, 0.42473039</corner2></bounds><pose><translation>-1.76198764, -0.66876794, -0.40520523</translation><rotation><c1>1., 0., 0.</c1><c2>0., 1., 0.</c2><c3>0., 0., 1.</c3></rotation></pose><symmetry><x>none</x><y>none</y><z>none</z></symmetry><detectionScore>-1</detectionScore></element><element><id>1</id><category>wall</category><bounds><corner1>-1.92265932, -1.19707791, -1.51823289</corner1><corner2>1.92265932, 1.19707791, 1.51823289</corner2></bounds><pose><translation> 1.55401851, -0.11467422,  0.06420479</translation><rotation><c1>1., 0., 0.</c1><c2>0., 1., 0.</c2><c3>0., 0., 1.</c3></rotation></pose><symmetry><x>none</x><y>none</y><z>none</z></symmetry><detectionScore>-1</detectionScore></element></elements></scene>