<?xml version='1.0' encoding='utf-8'?>
<scene xmlns:sumo="https://www.sumochallenge.org"><version>2.0</version><categories><id>fb_categories_v1_0</id><url>https://sumochallenge.org/en/categories-1_0.json</url></categories><project_type>bounding_box</project_type><elements><element><id>0</id><category>picture_frame</category><bounds><corner1>-0.11008996324468434, -0.5899687953909535, -0.5859520446424591</corner1><corner2>0.11008996324468434, 0.5899687953909535, 0.5859520446424591</corner2></bounds><pose><translation>-3.8482030263828118, 0.6424333217061854, 1.8527885632092722</translation><rotation><c1>1, 0, 0</c1><c2>0, 1, 0</c2><c3>0, 0, 1</c3></rotation></pose><symmetry><x>twoFold</x><y>cylindrical</y><z>twoFold</z></symmetry><detectionScore>-1.0</detectionScore></element><element><id>1</id><category>window</category><bounds><corner1>-1.6809432818175367, -1.245255558184794, -0.9891769281698761</corner1><corner2>1.6809432818175367, 1.245255558184794, 0.9891769281698761</corner2></bounds><pose><translation>-0.7839405613528303, -0.0485566555184754, -4.446640266985491</translation><rotation><c1>1, 0, 0</c1><c2>0, 1, 0</c2><c3>0, 0, 1</c3></rotation></pose><symmetry><x>twoFold</x><y>cylindrical</y><z>twoFold</z></symmetry><detectionScore>-1.0</detectionScore></element><element><id>2</id><category>wall</category><bounds><corner1>-2.7237278432967384, -1.3573161338785233, -4.761439232571002</corner1><corner2>2.7237278432967384, 1.3573161338785233, 4.761439232571002</corner2></bounds><pose><translation>-1.1146547628668826, -0.07797814283544083, 10.344630745830935</translation><rotation><c1>1, 0, 0</c1><c2>0, 1, 0</c2><c3>0, 0, 1</c3></rotation></pose><symmetry><x>twoFold</x><y>cylindrical</y><z>twoFold</z></symmetry><detectionScore>-1.0</detectionScore></element><element><id>3</id><category>ottoman</category><bounds><corner1>-0.906854447751431, -0.3833468297369017, -0.3335590002415012</corner1><corner2>0.906854447751431, 0.3833468297369017, 0.3335590002415012</corner2></bounds><pose><translation>0.8524059238544895, -1.3020791081691554, -3.3891246879332635</translation><rotation><c1>1, 0, 0</c1><c2>0, 1, 0</c2><c3>0, 0, 1</c3></rotation></pose><symmetry><x>twoFold</x><y>cylindrical</y><z>twoFold</z></symmetry><detectionScore>-1.0</detectionScore></element><element><id>4</id><category>door</category><bounds><corner1>-0.2706443571094579, -1.6893816735798373, -4.494099624309134</corner1><corner2>0.2706443571094579, 1.6893816735798373, 4.494099624309134</corner2></bounds><pose><translation>1.4770149530265628, -0.39966925554921395, 5.355128732949054</translation><rotation><c1>1, 0, 0</c1><c2>0, 1, 0</c2><c3>0, 0, 1</c3></rotation></pose><symmetry><x>twoFold</x><y>cylindrical</y><z>twoFold</z></symmetry><detectionScore>-1.0</detectionScore></element><element><id>5</id><category>wall</category><bounds><corner1>-9.262042481987962, -1.4017048490095745, -1.8617740277746084</corner1><corner2>9.262042481987962, 1.4017048490095745, 1.8617740277746084</corner2></bounds><pose><translation>-13.120805139354546, -0.14505420747398726, -0.840013773223729</translation><rotation><c1>1, 0, 0</c1><c2>0, 1, 0</c2><c3>0, 0, 1</c3></rotation></pose><symmetry><x>twoFold</x><y>cylindrical</y><z>twoFold</z></symmetry><detectionScore>-1.0</detectionScore></element><element><id>6</id><category>sofa</category><bounds><corner1>-0.8299977600544899, -0.9234520083834583, -1.969371087446311</corner1><corner2>0.8299977600544899, 0.9234520083834583, 1.969371087446311</corner2></bounds><pose><translation>0.9360726360595337, -1.205994807200141, -3.550594138652575</translation><rotation><c1>1, 0, 0</c1><c2>0, 1, 0</c2><c3>0, 0, 1</c3></rotation></pose><symmetry><x>twoFold</x><y>cylindrical</y><z>twoFold</z></symmetry><detectionScore>-1.0</detectionScore></element><element><id>7</id><category>dresser</category><bounds><corner1>-1.2851122472424217, -0.4272215523492313, -0.4283707205654057</corner1><corner2>1.2851122472424217, 0.4272215523492313, 0.4283707205654057</corner2></bounds><pose><translation>-0.7940951766376522, -1.1483694950804442, -4.011437560095146</translation><rotation><c1>1, 0, 0</c1><c2>0, 1, 0</c2><c3>0, 0, 1</c3></rotation></pose><symmetry><x>twoFold</x><y>cylindrical</y><z>twoFold</z></symmetry><detectionScore>-1.0</detectionScore></element><element><id>8</id><category>door</category><bounds><corner1>-2.508701013794102, -1.6172546326467327, -1.1965503630217948</corner1><corner2>2.508701013794102, 1.6172546326467327, 1.1965503630217948</corner2></bounds><pose><translation>1.9459946171300004, -0.25299112137897195, -0.048520651779714256</translation><rotation><c1>1, 0, 0</c1><c2>0, 1, 0</c2><c3>0, 0, 1</c3></rotation></pose><symmetry><x>twoFold</x><y>cylindrical</y><z>twoFold</z></symmetry><detectionScore>-1.0</detectionScore></element><element><id>9</id><category>chair</category><bounds><corner1>-0.4083691029602179, -0.737090940748431, -6.837115652339287</corner1><corner2>0.4083691029602179, 0.737090940748431, 6.837115652339287</corner2></bounds><pose><translation>-0.46396129398971186, -1.186396399186882, 2.1960681062210914</translation><rotation><c1>1, 0, 0</c1><c2>0, 1, 0</c2><c3>0, 0, 1</c3></rotation></pose><symmetry><x>twoFold</x><y>cylindrical</y><z>twoFold</z></symmetry><detectionScore>-1.0</detectionScore></element><element><id>10</id><category>curtain</category><bounds><corner1>-1.8655687722814278, -1.415044420424655, -0.9710883321365569</corner1><corner2>1.8655687722814278, 1.415044420424655, 0.9710883321365569</corner2></bounds><pose><translation>-0.896883904745664, -0.05728435287022073, -4.419916246289877</translation><rotation><c1>1, 0, 0</c1><c2>0, 1, 0</c2><c3>0, 0, 1</c3></rotation></pose><symmetry><x>twoFold</x><y>cylindrical</y><z>twoFold</z></symmetry><detectionScore>-1.0</detectionScore></element><element><id>11</id><category>armchair</category><bounds><corner1>-0.9329161390516196, -0.6987430999035915, -0.6992962601683392</corner1><corner2>0.9329161390516196, 0.6987430999035915, 0.6992962601683392</corner2></bounds><pose><translation>-2.7460688955707147, -1.1509208882713071, -3.6891019037734933</translation><rotation><c1>1, 0, 0</c1><c2>0, 1, 0</c2><c3>0, 0, 1</c3></rotation></pose><symmetry><x>twoFold</x><y>cylindrical</y><z>twoFold</z></symmetry><detectionScore>-1.0</detectionScore></element><element><id>12</id><category>chair</category><bounds><corner1>-0.4753545011231409, -0.4262544598515339, -5.212824988629565</corner1><corner2>0.4753545011231409, 0.4262544598515339, 5.212824988629565</corner2></bounds><pose><translation>-1.2292329976091603, -0.9551117982090153, 1.6974622792151322</translation><rotation><c1>1, 0, 0</c1><c2>0, 1, 0</c2><c3>0, 0, 1</c3></rotation></pose><symmetry><x>twoFold</x><y>cylindrical</y><z>twoFold</z></symmetry><detectionScore>-1.0</detectionScore></element><element><id>13</id><category>wall</category><bounds><corner1>-0.14483850363133532, -1.4794735176977207, -4.805195673275351</corner1><corner2>0.14483850363133532, 1.4794735176977207, 4.805195673275351</corner2></bounds><pose><translation>1.646927887271448, -0.09886508800852663, 4.674983041618942</translation><rotation><c1>1, 0, 0</c1><c2>0, 1, 0</c2><c3>0, 0, 1</c3></rotation></pose><symmetry><x>twoFold</x><y>cylindrical</y><z>twoFold</z></symmetry><detectionScore>-1.0</detectionScore></element><element><id>14</id><category>chair</category><bounds><corner1>-1.0459627526645772, -0.2933313637882239, -7.118801811880271</corner1><corner2>1.0459627526645772, 0.2933313637882239, 7.118801811880271</corner2></bounds><pose><translation>-2.0193826065283615, -0.8081102487399703, 2.302249026149727</translation><rotation><c1>1, 0, 0</c1><c2>0, 1, 0</c2><c3>0, 0, 1</c3></rotation></pose><symmetry><x>twoFold</x><y>cylindrical</y><z>twoFold</z></symmetry><detectionScore>-1.0</detectionScore></element><element><id>15</id><category>chair</category><bounds><corner1>-0.4681465259923764, -0.2764504927819237, -3.1396706910770034</corner1><corner2>0.4681465259923764, 0.2764504927819237, 3.1396706910770034</corner2></bounds><pose><translation>-0.5218375268415065, -0.8509411769835799, 2.7220548498423396</translation><rotation><c1>1, 0, 0</c1><c2>0, 1, 0</c2><c3>0, 0, 1</c3></rotation></pose><symmetry><x>twoFold</x><y>cylindrical</y><z>twoFold</z></symmetry><detectionScore>-1.0</detectionScore></element><element><id>16</id><category>fence</category><bounds><corner1>-3.7456563138360495, -1.4081188378175078, -8.31674662194115</corner1><corner2>3.7456563138360495, 1.4081188378175078, 8.31674662194115</corner2></bounds><pose><translation>-3.7456563138360495, -0.5001540188399526, 6.598733646176995</translation><rotation><c1>1, 0, 0</c1><c2>0, 1, 0</c2><c3>0, 0, 1</c3></rotation></pose><symmetry><x>twoFold</x><y>cylindrical</y><z>twoFold</z></symmetry><detectionScore>-1.0</detectionScore></element><element><id>17</id><category>table_and_chair</category><bounds><corner1>-1.6465068908840674, -0.745500954116885, -1.496380991221629</corner1><corner2>1.6465068908840674, 0.745500954116885, 1.496380991221629</corner2></bounds><pose><translation>-8.458864632014652, -1.2781531824099264, -2.1295044070446996</translation><rotation><c1>1, 0, 0</c1><c2>0, 1, 0</c2><c3>0, 0, 1</c3></rotation></pose><symmetry><x>twoFold</x><y>cylindrical</y><z>twoFold</z></symmetry><detectionScore>-1.0</detectionScore></element><element><id>18</id><category>plant</category><bounds><corner1>-0.9186901635378403, -1.4145515183260378, -0.4776379588803248</corner1><corner2>0.9186901635378403, 1.4145515183260378, 0.4776379588803248</corner2></bounds><pose><translation>0.9620696727463957, -0.2996386169084074, -1.5418081263359875</translation><rotation><c1>1, 0, 0</c1><c2>0, 1, 0</c2><c3>0, 0, 1</c3></rotation></pose><symmetry><x>twoFold</x><y>cylindrical</y><z>twoFold</z></symmetry><detectionScore>-1.0</detectionScore></element><element><id>19</id><category>window</category><bounds><corner1>-1.361892749618899, -1.2057711386208234, -1.5471350543032458</corner1><corner2>1.361892749618899, 1.2057711386208234, 1.5471350543032458</corner2></bounds><pose><translation>-5.081060483295739, 0.015274893478508406, -4.297116699239498</translation><rotation><c1>1, 0, 0</c1><c2>0, 1, 0</c2><c3>0, 0, 1</c3></rotation></pose><symmetry><x>twoFold</x><y>cylindrical</y><z>twoFold</z></symmetry><detectionScore>-1.0</detectionScore></element><element><id>20</id><category>plant</category><bounds><corner1>-3.7532390506262416, -0.9864335807487168, -8.215987958337676</corner1><corner2>3.7532390506262416, 0.9864335807487168, 8.215987958337676</corner2></bounds><pose><translation>-3.7532390506262416, 0.39253208301970144, 6.699492309780469</translation><rotation><c1>1, 0, 0</c1><c2>0, 1, 0</c2><c3>0, 0, 1</c3></rotation></pose><symmetry><x>twoFold</x><y>cylindrical</y><z>twoFold</z></symmetry><detectionScore>-1.0</detectionScore></element><element><id>21</id><category>plant</category><bounds><corner1>-2.403284379060813, -0.5037468236537954, -0.48338026602385853</corner1><corner2>2.403284379060813, 0.5037468236537954, 0.48338026602385853</corner2></bounds><pose><translation>1.947957257853135, -0.7701739035070756, 0.6613650021048728</translation><rotation><c1>1, 0, 0</c1><c2>0, 1, 0</c2><c3>0, 0, 1</c3></rotation></pose><symmetry><x>twoFold</x><y>cylindrical</y><z>twoFold</z></symmetry><detectionScore>-1.0</detectionScore></element><element><id>22</id><category>door</category><bounds><corner1>-0.10952725180723677, -1.8428214324879713, -1.572253145278593</corner1><corner2>0.10952725180723677, 1.8428214324879713, 1.572253145278593</corner2></bounds><pose><translation>1.7780581201188888, -0.4901122325699209, 2.9437200474922496</translation><rotation><c1>1, 0, 0</c1><c2>0, 1, 0</c2><c3>0, 0, 1</c3></rotation></pose><symmetry><x>twoFold</x><y>cylindrical</y><z>twoFold</z></symmetry><detectionScore>-1.0</detectionScore></element><element><id>23</id><category>wall</category><bounds><corner1>-3.385586820448207, -1.3898122702111024, -2.829868682166663</corner1><corner2>3.385586820448207, 1.3898122702111024, 2.829868682166663</corner2></bounds><pose><translation>-9.336224820388617, -0.12905480483284204, -3.6024227750878683</translation><rotation><c1>1, 0, 0</c1><c2>0, 1, 0</c2><c3>0, 0, 1</c3></rotation></pose><symmetry><x>twoFold</x><y>cylindrical</y><z>twoFold</z></symmetry><detectionScore>-1.0</detectionScore></element><element><id>24</id><category>wall</category><bounds><corner1>-0.16016306365645105, -1.2868233279063035, -1.1095327304370213</corner1><corner2>0.16016306365645105, 1.2868233279063035, 1.1095327304370213</corner2></bounds><pose><translation>-3.9370065845281603, -0.013119693662950115, 0.8670162645396825</translation><rotation><c1>1, 0, 0</c1><c2>0, 1, 0</c2><c3>0, 0, 1</c3></rotation></pose><symmetry><x>twoFold</x><y>cylindrical</y><z>twoFold</z></symmetry><detectionScore>-1.0</detectionScore></element><element><id>25</id><category>arch</category><bounds><corner1>-2.2998156010409665, -1.4154490119753989, -2.7811187645812705</corner1><corner2>2.2998156010409665, 1.4154490119753989, 2.7811187645812705</corner2></bounds><pose><translation>-1.230616754747725, -0.1600017175069167, 12.324951213820666</translation><rotation><c1>1, 0, 0</c1><c2>0, 1, 0</c2><c3>0, 0, 1</c3></rotation></pose><symmetry><x>twoFold</x><y>cylindrical</y><z>twoFold</z></symmetry><detectionScore>-1.0</detectionScore></element><element><id>26</id><category>tv_stand</category><bounds><corner1>-1.2387478409884503, -0.44114159567217814, -0.18745249209258175</corner1><corner2>1.2387478409884503, 0.44114159567217814, 0.18745249209258175</corner2></bounds><pose><translation>-0.7801082773351089, -1.1426300906070286, -3.997697952442644</translation><rotation><c1>1, 0, 0</c1><c2>0, 1, 0</c2><c3>0, 0, 1</c3></rotation></pose><symmetry><x>twoFold</x><y>cylindrical</y><z>twoFold</z></symmetry><detectionScore>-1.0</detectionScore></element><element><id>27</id><category>wall</category><bounds><corner1>-7.652649962106122, -1.3770509115153826, -4.247744632409795</corner1><corner2>7.652649962106122, 1.3770509115153826, 4.247744632409795</corner2></bounds><pose><translation>-7.652649962106122, -0.07838726888419825, -4.247744632409795</translation><rotation><c1>1, 0, 0</c1><c2>0, 1, 0</c2><c3>0, 0, 1</c3></rotation></pose><symmetry><x>twoFold</x><y>cylindrical</y><z>twoFold</z></symmetry><detectionScore>-1.0</detectionScore></element><element><id>28</id><category>armchair</category><bounds><corner1>-0.8331262615838229, -0.9989846918664753, -2.1282961567393865</corner1><corner2>0.8331262615838229, 0.9989846918664753, 2.1282961567393865</corner2></bounds><pose><translation>0.9363001805056492, -1.1904648277202725, -3.621280894901057</translation><rotation><c1>1, 0, 0</c1><c2>0, 1, 0</c2><c3>0, 0, 1</c3></rotation></pose><symmetry><x>twoFold</x><y>cylindrical</y><z>twoFold</z></symmetry><detectionScore>-1.0</detectionScore></element><element><id>29</id><category>wall</category><bounds><corner1>-2.7024902998382183, -1.50022967307022, -2.88511414347801</corner1><corner2>2.7024902998382183, 1.50022967307022, 2.88511414347801</corner2></bounds><pose><translation>-0.9440206090562455, -0.13746617749432438, -4.397042192155284</translation><rotation><c1>1, 0, 0</c1><c2>0, 1, 0</c2><c3>0, 0, 1</c3></rotation></pose><symmetry><x>twoFold</x><y>cylindrical</y><z>twoFold</z></symmetry><detectionScore>-1.0</detectionScore></element><element><id>30</id><category>plant</category><bounds><corner1>-6.193244458635281, -1.2968424950178852, -4.29229118513388</corner1><corner2>6.193244458635281, 1.2968424950178852, 4.29229118513388</corner2></bounds><pose><translation>-6.193244458635281, -0.5781613229209013, -4.29229118513388</translation><rotation><c1>1, 0, 0</c1><c2>0, 1, 0</c2><c3>0, 0, 1</c3></rotation></pose><symmetry><x>twoFold</x><y>cylindrical</y><z>twoFold</z></symmetry><detectionScore>-1.0</detectionScore></element></elements></scene>