<?xml version='1.0' encoding='utf-8'?>
<scene xmlns:sumo="https://www.sumochallenge.org"><version>2.0</version><categories><id>fb_categories_v1_0</id><url>https://sumochallenge.org/en/categories-1_0.json</url></categories><project_type>bounding_box</project_type><elements><element><id>0</id><category>wall</category><bounds><corner1>-2.3782892617081406, -1.3718692809740918, -1.5938035848650185</corner1><corner2>2.3782892617081406, 1.3718692809740918, 1.5938035848650185</corner2></bounds><pose><translation>-3.995908177435785, 0.16620464186926626, -1.6342321220088902</translation><rotation><c1>1, 0, 0</c1><c2>0, 1, 0</c2><c3>0, 0, 1</c3></rotation></pose><symmetry><x>twoFold</x><y>cylindrical</y><z>twoFold</z></symmetry><detectionScore>-1.0</detectionScore></element><element><id>1</id><category>plant</category><bounds><corner1>-7.094583387197147, -0.9494559628702655, -0.8794026874160449</corner1><corner2>7.094583387197147, 0.9494559628702655, 0.8794026874160449</corner2></bounds><pose><translation>6.2759799393503375, -0.44145482127912056, -1.614475979897626</translation><rotation><c1>1, 0, 0</c1><c2>0, 1, 0</c2><c3>0, 0, 1</c3></rotation></pose><symmetry><x>twoFold</x><y>cylindrical</y><z>twoFold</z></symmetry><detectionScore>-1.0</detectionScore></element><element><id>2</id><category>plant</category><bounds><corner1>-8.575706985120572, -0.914585777046982, -1.4065701795250773</corner1><corner2>8.575706985120572, 0.914585777046982, 1.4065701795250773</corner2></bounds><pose><translation>4.342830250789979, 0.6288394849064504, -1.59240039149057</translation><rotation><c1>1, 0, 0</c1><c2>0, 1, 0</c2><c3>0, 0, 1</c3></rotation></pose><symmetry><x>twoFold</x><y>cylindrical</y><z>twoFold</z></symmetry><detectionScore>-1.0</detectionScore></element><element><id>3</id><category>door</category><bounds><corner1>-0.6552846855487335, -1.7144076716220185, -0.08441653458492349</corner1><corner2>0.6552846855487335, 1.7144076716220185, 0.08441653458492349</corner2></bounds><pose><translation>-2.041286798765996, -0.20705686158025943, 0.6968988511844174</translation><rotation><c1>1, 0, 0</c1><c2>0, 1, 0</c2><c3>0, 0, 1</c3></rotation></pose><symmetry><x>twoFold</x><y>cylindrical</y><z>twoFold</z></symmetry><detectionScore>-1.0</detectionScore></element><element><id>4</id><category>chandelier</category><bounds><corner1>-0.6615897035771825, -0.12238003431275124, -0.47194759505451417</corner1><corner2>0.6615897035771825, 0.12238003431275124, 0.47194759505451417</corner2></bounds><pose><translation>-2.279208619304827, 1.5316668983148347, -0.7461929795869995</translation><rotation><c1>1, 0, 0</c1><c2>0, 1, 0</c2><c3>0, 0, 1</c3></rotation></pose><symmetry><x>twoFold</x><y>cylindrical</y><z>twoFold</z></symmetry><detectionScore>-1.0</detectionScore></element><element><id>5</id><category>wall</category><bounds><corner1>-0.9733067185723998, -1.609721332332215, -0.10694181689357596</corner1><corner2>0.9733067185723998, 1.609721332332215, 0.10694181689357596</corner2></bounds><pose><translation>-3.268967082357144, -0.026317971221633586, 0.6119436762101103</translation><rotation><c1>1, 0, 0</c1><c2>0, 1, 0</c2><c3>0, 0, 1</c3></rotation></pose><symmetry><x>twoFold</x><y>cylindrical</y><z>twoFold</z></symmetry><detectionScore>-1.0</detectionScore></element><element><id>6</id><category>fence</category><bounds><corner1>-1.0562940086613009, -0.3417014145370396, -0.09401211854098679</corner1><corner2>1.0562940086613009, 0.3417014145370396, 0.09401211854098679</corner2></bounds><pose><translation>3.401146490097147, -0.01656587560258324, -1.7374242286020465</translation><rotation><c1>1, 0, 0</c1><c2>0, 1, 0</c2><c3>0, 0, 1</c3></rotation></pose><symmetry><x>twoFold</x><y>cylindrical</y><z>twoFold</z></symmetry><detectionScore>-1.0</detectionScore></element><element><id>7</id><category>door</category><bounds><corner1>-2.194839955806377, -1.479140044378509, -1.3880676066687754</corner1><corner2>2.194839955806377, 1.479140044378509, 1.3880676066687754</corner2></bounds><pose><translation>-3.8124588715340217, 0.05902099009746163, -1.6510234120626703</translation><rotation><c1>1, 0, 0</c1><c2>0, 1, 0</c2><c3>0, 0, 1</c3></rotation></pose><symmetry><x>twoFold</x><y>cylindrical</y><z>twoFold</z></symmetry><detectionScore>-1.0</detectionScore></element><element><id>8</id><category>door</category><bounds><corner1>-6.847295591706728, -1.5579882935208682, -1.2823675782806756</corner1><corner2>6.847295591706728, 1.5579882935208682, 1.2823675782806756</corner2></bounds><pose><translation>5.67760648441656, -0.12367574853941167, -1.6047400421483162</translation><rotation><c1>1, 0, 0</c1><c2>0, 1, 0</c2><c3>0, 0, 1</c3></rotation></pose><symmetry><x>twoFold</x><y>cylindrical</y><z>twoFold</z></symmetry><detectionScore>-1.0</detectionScore></element><element><id>9</id><category>arch</category><bounds><corner1>-7.156741935042275, -1.4918525348990102, -2.1074443934138967</corner1><corner2>7.156741935042275, 1.4918525348990102, 2.1074443934138967</corner2></bounds><pose><translation>6.22576023026126, -0.022347138571940876, -0.762102481093493</translation><rotation><c1>1, 0, 0</c1><c2>0, 1, 0</c2><c3>0, 0, 1</c3></rotation></pose><symmetry><x>twoFold</x><y>cylindrical</y><z>twoFold</z></symmetry><detectionScore>-1.0</detectionScore></element><element><id>10</id><category>wall</category><bounds><corner1>-9.388729131826237, -1.341243976234559, -0.7115197257678082</corner1><corner2>9.388729131826237, 1.341243976234559, 0.7115197257678082</corner2></bounds><pose><translation>3.9937730334772983, 0.04521351383085659, 0.6338221865525956</translation><rotation><c1>1, 0, 0</c1><c2>0, 1, 0</c2><c3>0, 0, 1</c3></rotation></pose><symmetry><x>twoFold</x><y>cylindrical</y><z>twoFold</z></symmetry><detectionScore>-1.0</detectionScore></element><element><id>11</id><category>wall</category><bounds><corner1>-7.958703190782027, -1.4753384086405705, -1.2690670566249729</corner1><corner2>7.958703190782027, 1.4753384086405705, 1.2690670566249729</corner2></bounds><pose><translation>5.423798974521508, 0.02164677636055373, -1.3425752829357982</translation><rotation><c1>1, 0, 0</c1><c2>0, 1, 0</c2><c3>0, 0, 1</c3></rotation></pose><symmetry><x>twoFold</x><y>cylindrical</y><z>twoFold</z></symmetry><detectionScore>-1.0</detectionScore></element><element><id>12</id><category>plant</category><bounds><corner1>-2.0679221437529502, -1.1602427595216103, -1.0140819030678347</corner1><corner2>2.0679221437529502, 1.1602427595216103, 1.0140819030678347</corner2></bounds><pose><translation>-5.90393168336277, -0.28328137327572633, -1.641230375055158</translation><rotation><c1>1, 0, 0</c1><c2>0, 1, 0</c2><c3>0, 0, 1</c3></rotation></pose><symmetry><x>twoFold</x><y>cylindrical</y><z>twoFold</z></symmetry><detectionScore>-1.0</detectionScore></element><element><id>13</id><category>chandelier</category><bounds><corner1>-6.045722314372236, -0.1194910190551377, -0.6025624445005431</corner1><corner2>6.045722314372236, 0.1194910190551377, 0.6025624445005431</corner2></bounds><pose><translation>2.940170948092361, 1.4928207306737438, -0.7883926564660356</translation><rotation><c1>1, 0, 0</c1><c2>0, 1, 0</c2><c3>0, 0, 1</c3></rotation></pose><symmetry><x>twoFold</x><y>cylindrical</y><z>twoFold</z></symmetry><detectionScore>-1.0</detectionScore></element><element><id>14</id><category>plant</category><bounds><corner1>-1.0107815293713935, -0.6342539899213782, -0.046187053282332746</corner1><corner2>1.0107815293713935, 0.6342539899213782, 0.046187053282332746</corner2></bounds><pose><translation>-2.8727450064438202, -0.41295419424750607, 0.6757708308431963</translation><rotation><c1>1, 0, 0</c1><c2>0, 1, 0</c2><c3>0, 0, 1</c3></rotation></pose><symmetry><x>twoFold</x><y>cylindrical</y><z>twoFold</z></symmetry><detectionScore>-1.0</detectionScore></element><element><id>15</id><category>partition</category><bounds><corner1>-2.191494978965989, -1.421307409849282, -1.3885675557719863</corner1><corner2>2.191494978965989, 1.421307409849282, 1.3885675557719863</corner2></bounds><pose><translation>-3.809113894693634, 0.12239941698586312, -1.6515233611658813</translation><rotation><c1>1, 0, 0</c1><c2>0, 1, 0</c2><c3>0, 0, 1</c3></rotation></pose><symmetry><x>twoFold</x><y>cylindrical</y><z>twoFold</z></symmetry><detectionScore>-1.0</detectionScore></element><element><id>16</id><category>window</category><bounds><corner1>-5.062681337244092, -1.4985712617249085, -1.2286615549089435</corner1><corner2>5.062681337244092, 1.4985712617249085, 1.2286615549089435</corner2></bounds><pose><translation>5.610893523498747, -0.06547256240990242, -1.599252840165911</translation><rotation><c1>1, 0, 0</c1><c2>0, 1, 0</c2><c3>0, 0, 1</c3></rotation></pose><symmetry><x>twoFold</x><y>cylindrical</y><z>twoFold</z></symmetry><detectionScore>-1.0</detectionScore></element><element><id>17</id><category>fence</category><bounds><corner1>-0.3327463056481963, -0.2602025761409026, -0.10723583037367623</corner1><corner2>0.3327463056481963, 0.2602025761409026, 0.10723583037367623</corner2></bounds><pose><translation>-2.3988084499396725, -0.058556464609063094, -1.8097299144178427</translation><rotation><c1>1, 0, 0</c1><c2>0, 1, 0</c2><c3>0, 0, 1</c3></rotation></pose><symmetry><x>twoFold</x><y>cylindrical</y><z>twoFold</z></symmetry><detectionScore>-1.0</detectionScore></element><element><id>18</id><category>window</category><bounds><corner1>-2.2563329398500214, -1.6256857208780189, -1.3987241404452315</corner1><corner2>2.2563329398500214, 1.6256857208780189, 1.3987241404452315</corner2></bounds><pose><translation>-3.873951855577666, -0.11809629602891615, -1.6715611555334178</translation><rotation><c1>1, 0, 0</c1><c2>0, 1, 0</c2><c3>0, 0, 1</c3></rotation></pose><symmetry><x>twoFold</x><y>cylindrical</y><z>twoFold</z></symmetry><detectionScore>-1.0</detectionScore></element></elements></scene>