<?xml version='1.0' encoding='utf-8'?>
<scene xmlns:sumo="https://www.sumochallenge.org"><version>2.0</version><categories><id>fb_categories_v1.0</id><url>https://sumochallenge.org/en/categories-1_0.json</url></categories><project_type>bounding_box</project_type><elements><element><id>6</id><category>chandelier</category><bounds><corner1>-0.93578067, -0.02011982, -0.56990891</corner1><corner2>0.93578067, 0.02011982, 0.56990891</corner2></bounds><pose><translation> 0.36468635,  1.20946132, -2.04095495</translation><rotation><c1>1., 0., 0.</c1><c2>0., 1., 0.</c2><c3>0., 0., 1.</c3></rotation></pose><symmetry><x>none</x><y>none</y><z>none</z></symmetry><detectionScore>-1</detectionScore></element><element><id>7</id><category>television</category><bounds><corner1>-0.10280359, -0.44876954, -0.58735442</corner1><corner2>0.10280359, 0.44876954, 0.58735442</corner2></bounds><pose><translation> 3.13226331, -0.74706904, -1.80859645</translation><rotation><c1>1., 0., 0.</c1><c2>0., 1., 0.</c2><c3>0., 0., 1.</c3></rotation></pose><symmetry><x>none</x><y>none</y><z>none</z></symmetry><detectionScore>-1</detectionScore></element><element><id>5</id><category>mirror</category><bounds><corner1>-0.40211724, -1.19026364, -0.74130502</corner1><corner2>0.40211724, 1.19026364, 0.74130502</corner2></bounds><pose><translation>-2.86409827,  0.01384998,  0.01929469</translation><rotation><c1>1., 0., 0.</c1><c2>0., 1., 0.</c2><c3>0., 0., 1.</c3></rotation></pose><symmetry><x>none</x><y>none</y><z>none</z></symmetry><detectionScore>-1</detectionScore></element><element><id>3</id><category>double_bed</category><bounds><corner1>-2.15987712, -0.47870827, -0.50398868</corner1><corner2>2.15987712, 0.47870827, 0.50398868</corner2></bounds><pose><translation> 0.23205886, -0.88392767, -1.81201013</translation><rotation><c1>1., 0., 0.</c1><c2>0., 1., 0.</c2><c3>0., 0., 1.</c3></rotation></pose><symmetry><x>none</x><y>none</y><z>none</z></symmetry><detectionScore>-1</detectionScore></element><element><id>2</id><category>wall</category><bounds><corner1>-2.37610101, -1.19391297, -1.44033163</corner1><corner2>2.37610101, 1.19391297, 1.44033163</corner2></bounds><pose><translation> 0.35191098, -0.04134931, -4.00844156</translation><rotation><c1>1., 0., 0.</c1><c2>0., 1., 0.</c2><c3>0., 0., 1.</c3></rotation></pose><symmetry><x>none</x><y>none</y><z>none</z></symmetry><detectionScore>-1</detectionScore></element><element><id>1</id><category>door</category><bounds><corner1>-0.07207189, -1.06775521, -0.72628564</corner1><corner2>0.07207189, 1.06775521, 0.72628564</corner2></bounds><pose><translation> 3.27580473, -0.19091005,  0.06230578</translation><rotation><c1>1., 0., 0.</c1><c2>0., 1., 0.</c2><c3>0., 0., 1.</c3></rotation></pose><symmetry><x>none</x><y>none</y><z>none</z></symmetry><detectionScore>-1</detectionScore></element></elements></scene>