<?xml version='1.0' encoding='utf-8'?>
<scene xmlns:sumo="https://www.sumochallenge.org"><version>2.0</version><categories><id>fb_categories_v1.0</id><url>https://sumochallenge.org/en/categories-1_0.json</url></categories><project_type>bounding_box</project_type><elements><element><id>7</id><category>wall</category><bounds><corner1>-2.25875271, -1.2792238 , -0.19670324</corner1><corner2>2.25875271, 1.2792238 , 0.19670324</corner2></bounds><pose><translation>-0.44106186, -0.09994876,  9.32605103</translation><rotation><c1>1., 0., 0.</c1><c2>0., 1., 0.</c2><c3>0., 0., 1.</c3></rotation></pose><symmetry><x>none</x><y>none</y><z>none</z></symmetry><detectionScore>-1</detectionScore></element><element><id>9</id><category>chair</category><bounds><corner1>-0.33707124, -0.19548095, -0.28623648</corner1><corner2>0.33707124, 0.19548095, 0.28623648</corner2></bounds><pose><translation>-1.46006933, -0.73288613, -0.95612999</translation><rotation><c1>1., 0., 0.</c1><c2>0., 1., 0.</c2><c3>0., 0., 1.</c3></rotation></pose><symmetry><x>none</x><y>none</y><z>none</z></symmetry><detectionScore>-1</detectionScore></element><element><id>5</id><category>door</category><bounds><corner1>-2.24738165, -0.91038986, -0.24864375</corner1><corner2>2.24738165, 0.91038986, 0.24864375</corner2></bounds><pose><translation> 5.08077935, -0.36156383,  1.5350357 </translation><rotation><c1>1., 0., 0.</c1><c2>0., 1., 0.</c2><c3>0., 0., 1.</c3></rotation></pose><symmetry><x>none</x><y>none</y><z>none</z></symmetry><detectionScore>-1</detectionScore></element><element><id>4</id><category>column</category><bounds><corner1>-0.91661158, -1.14853977, -4.12579423</corner1><corner2>0.91661158, 1.14853977, 4.12579423</corner2></bounds><pose><translation>11.88384609,  0.06017622, -7.35517649</translation><rotation><c1>1., 0., 0.</c1><c2>0., 1., 0.</c2><c3>0., 0., 1.</c3></rotation></pose><symmetry><x>none</x><y>none</y><z>none</z></symmetry><detectionScore>-1</detectionScore></element><element><id>11</id><category>coffee_table</category><bounds><corner1>-4.49256014, -0.45106975, -1.48082087</corner1><corner2>4.49256014, 0.45106975, 1.48082087</corner2></bounds><pose><translation> 5.25463656, -1.29412568, -3.34928492</translation><rotation><c1>1., 0., 0.</c1><c2>0., 1., 0.</c2><c3>0., 0., 1.</c3></rotation></pose><symmetry><x>none</x><y>none</y><z>none</z></symmetry><detectionScore>-1</detectionScore></element><element><id>10</id><category>kitchen_cabinet</category><bounds><corner1>-0.19417713, -0.2731416 , -4.086451  </corner1><corner2>0.19417713, 0.2731416 , 4.086451  </corner2></bounds><pose><translation>-1.24248774, -0.41978031,  1.56602173</translation><rotation><c1>1., 0., 0.</c1><c2>0., 1., 0.</c2><c3>0., 0., 1.</c3></rotation></pose><symmetry><x>none</x><y>none</y><z>none</z></symmetry><detectionScore>-1</detectionScore></element><element><id>6</id><category>curtain</category><bounds><corner1>-2.33416981, -1.11577921, -3.11918618</corner1><corner2>2.33416981, 1.11577921, 3.11918618</corner2></bounds><pose><translation>-0.40712425, -0.0809854 , -7.42517359</translation><rotation><c1>1., 0., 0.</c1><c2>0., 1., 0.</c2><c3>0., 0., 1.</c3></rotation></pose><symmetry><x>none</x><y>none</y><z>none</z></symmetry><detectionScore>-1</detectionScore></element><element><id>13</id><category>chair</category><bounds><corner1>-0.34796978, -0.04479228, -0.62890693</corner1><corner2>0.34796978, 0.04479228, 0.62890693</corner2></bounds><pose><translation>-1.16548573, -0.69299741, -1.814903  </translation><rotation><c1>1., 0., 0.</c1><c2>0., 1., 0.</c2><c3>0., 0., 1.</c3></rotation></pose><symmetry><x>none</x><y>none</y><z>none</z></symmetry><detectionScore>-1</detectionScore></element><element><id>3</id><category>mirror</category><bounds><corner1>-0.0625177 , -0.51523633, -0.51005503</corner1><corner2>0.0625177 , 0.51523633, 0.51005503</corner2></bounds><pose><translation>-3.65468853,  0.38772647, -1.82942213</translation><rotation><c1>1., 0., 0.</c1><c2>0., 1., 0.</c2><c3>0., 0., 1.</c3></rotation></pose><symmetry><x>none</x><y>none</y><z>none</z></symmetry><detectionScore>-1</detectionScore></element><element><id>2</id><category>wall</category><bounds><corner1>-10.35512596,  -1.15381469,  -4.67628912</corner1><corner2>10.35512596,  1.15381469,  4.67628912</corner2></bounds><pose><translation> 1.32597945e+01,  1.28727786e-02, -3.42818588e+00</translation><rotation><c1>1., 0., 0.</c1><c2>0., 1., 0.</c2><c3>0., 0., 1.</c3></rotation></pose><symmetry><x>none</x><y>none</y><z>none</z></symmetry><detectionScore>-1</detectionScore></element><element><id>12</id><category>chair</category><bounds><corner1>-0.32149849, -0.11109473, -0.88691621</corner1><corner2>0.32149849, 0.11109473, 0.88691621</corner2></bounds><pose><translation>-0.90722723, -0.78642208, -2.32588817</translation><rotation><c1>1., 0., 0.</c1><c2>0., 1., 0.</c2><c3>0., 0., 1.</c3></rotation></pose><symmetry><x>none</x><y>none</y><z>none</z></symmetry><detectionScore>-1</detectionScore></element><element><id>8</id><category>chair</category><bounds><corner1>-3.25313104, -0.47264194, -1.1376209 </corner1><corner2>3.25313104, 0.47264194, 1.1376209 </corner2></bounds><pose><translation> 2.49444195, -1.12066649, -3.95443548</translation><rotation><c1>1., 0., 0.</c1><c2>0., 1., 0.</c2><c3>0., 0., 1.</c3></rotation></pose><symmetry><x>none</x><y>none</y><z>none</z></symmetry><detectionScore>-1</detectionScore></element><element><id>1</id><category>sofa</category><bounds><corner1>-3.5298969 , -0.36973774, -0.6718201 </corner1><corner2>3.5298969 , 0.36973774, 0.6718201 </corner2></bounds><pose><translation> 4.79787143, -0.99231866, -1.72498596</translation><rotation><c1>1., 0., 0.</c1><c2>0., 1., 0.</c2><c3>0., 0., 1.</c3></rotation></pose><symmetry><x>none</x><y>none</y><z>none</z></symmetry><detectionScore>-1</detectionScore></element><element><id>14</id><category>floor_lamp</category><bounds><corner1>-2.80432488, -1.56000272, -4.47115852</corner1><corner2>2.80432488, 1.56000272, 4.47115852</corner2></bounds><pose><translation> 3.3403446 , -0.35064236, -7.31710709</translation><rotation><c1>1., 0., 0.</c1><c2>0., 1., 0.</c2><c3>0., 0., 1.</c3></rotation></pose><symmetry><x>none</x><y>none</y><z>none</z></symmetry><detectionScore>-1</detectionScore></element></elements></scene>