<?xml version='1.0' encoding='utf-8'?>
<scene xmlns:sumo="https://www.sumochallenge.org"><version>2.0</version><categories><id>fb_categories_v1_0</id><url>https://sumochallenge.org/en/categories-1_0.json</url></categories><project_type>bounding_box</project_type><elements><element><id>0</id><category>window</category><bounds><corner1>-11.212424625788866, -1.1847612905423976, -2.0893095685486958</corner1><corner2>11.212424625788866, 1.1847612905423976, 2.0893095685486958</corner2></bounds><pose><translation>3.3314585544200157, 0.23051792120669784, -2.0893095685486958</translation><rotation><c1>1, 0, 0</c1><c2>0, 1, 0</c2><c3>0, 0, 1</c3></rotation></pose><symmetry><x>twoFold</x><y>cylindrical</y><z>twoFold</z></symmetry><detectionScore>-1.0</detectionScore></element><element><id>1</id><category>chandelier</category><bounds><corner1>-2.0977065601090645, -0.12584662284642278, -1.3342685797623441</corner1><corner2>2.0977065601090645, 0.12584662284642278, 1.3342685797623441</corner2></bounds><pose><translation>2.5495413157470175, 1.3761390655041863, 0.5209522014712308</translation><rotation><c1>1, 0, 0</c1><c2>0, 1, 0</c2><c3>0, 0, 1</c3></rotation></pose><symmetry><x>twoFold</x><y>cylindrical</y><z>twoFold</z></symmetry><detectionScore>-1.0</detectionScore></element><element><id>2</id><category>table_and_chair</category><bounds><corner1>-3.1707708430594432, -0.6216244917589032, -5.062435060388202</corner1><corner2>3.1707708430594432, 0.6216244917589032, 5.062435060388202</corner2></bounds><pose><translation>3.2171586804689825, -0.7252290204983973, 3.6809919454342777</translation><rotation><c1>1, 0, 0</c1><c2>0, 1, 0</c2><c3>0, 0, 1</c3></rotation></pose><symmetry><x>twoFold</x><y>cylindrical</y><z>twoFold</z></symmetry><detectionScore>-1.0</detectionScore></element><element><id>3</id><category>wall</category><bounds><corner1>-0.15086557112191912, -1.4749859683905204, -2.8131602490812546</corner1><corner2>0.15086557112191912, 1.4749859683905204, 2.8131602490812546</corner2></bounds><pose><translation>4.515217337662923, -0.13793932384533747, 0.7340481321371058</translation><rotation><c1>1, 0, 0</c1><c2>0, 1, 0</c2><c3>0, 0, 1</c3></rotation></pose><symmetry><x>twoFold</x><y>cylindrical</y><z>twoFold</z></symmetry><detectionScore>-1.0</detectionScore></element><element><id>4</id><category>wall</category><bounds><corner1>-5.0535002205179484, -1.2131939899303352, -0.9545209373145993</corner1><corner2>5.0535002205179484, 1.2131939899303352, 0.9545209373145993</corner2></bounds><pose><translation>-6.749575316419192, 0.005119751253089203, -0.6634319015018312</translation><rotation><c1>1, 0, 0</c1><c2>0, 1, 0</c2><c3>0, 0, 1</c3></rotation></pose><symmetry><x>twoFold</x><y>cylindrical</y><z>twoFold</z></symmetry><detectionScore>-1.0</detectionScore></element><element><id>5</id><category>chair</category><bounds><corner1>-1.726814524281215, -0.20796899567203075, -2.441222868298662</corner1><corner2>1.726814524281215, 0.20796899567203075, 2.441222868298662</corner2></bounds><pose><translation>3.678107798154585, -0.7166231906047605, 5.658863362812883</translation><rotation><c1>1, 0, 0</c1><c2>0, 1, 0</c2><c3>0, 0, 1</c3></rotation></pose><symmetry><x>twoFold</x><y>cylindrical</y><z>twoFold</z></symmetry><detectionScore>-1.0</detectionScore></element><element><id>6</id><category>chair</category><bounds><corner1>-2.687664379494602, -0.6089346769298895, -3.0483324032070573</corner1><corner2>2.687664379494602, 0.6089346769298895, 3.0483324032070573</corner2></bounds><pose><translation>3.700265144033824, -0.9200436767452973, 5.051753827904488</translation><rotation><c1>1, 0, 0</c1><c2>0, 1, 0</c2><c3>0, 0, 1</c3></rotation></pose><symmetry><x>twoFold</x><y>cylindrical</y><z>twoFold</z></symmetry><detectionScore>-1.0</detectionScore></element><element><id>7</id><category>chair</category><bounds><corner1>-2.0272924869471947, -0.4106972319074864, -2.6841771421851073</corner1><corner2>2.0272924869471947, 0.4106972319074864, 2.6841771421851073</corner2></bounds><pose><translation>3.7096571451438303, -1.1193149163496126, 5.388770485044394</translation><rotation><c1>1, 0, 0</c1><c2>0, 1, 0</c2><c3>0, 0, 1</c3></rotation></pose><symmetry><x>twoFold</x><y>cylindrical</y><z>twoFold</z></symmetry><detectionScore>-1.0</detectionScore></element><element><id>8</id><category>ottoman</category><bounds><corner1>-0.8958060182226524, -0.10893184739346962, -0.208662906834846</corner1><corner2>0.8958060182226524, 0.10893184739346962, 0.208662906834846</corner2></bounds><pose><translation>1.0988585221113896, -0.9638919372007252, -1.839810955996613</translation><rotation><c1>1, 0, 0</c1><c2>0, 1, 0</c2><c3>0, 0, 1</c3></rotation></pose><symmetry><x>twoFold</x><y>cylindrical</y><z>twoFold</z></symmetry><detectionScore>-1.0</detectionScore></element><element><id>9</id><category>window</category><bounds><corner1>-3.581145933600916, -0.44349016231341437, -5.058282970267213</corner1><corner2>3.581145933600916, 0.44349016231341437, 5.058282970267213</corner2></bounds><pose><translation>2.044738163152526, -0.02770913554759325, 3.695184540158981</translation><rotation><c1>1, 0, 0</c1><c2>0, 1, 0</c2><c3>0, 0, 1</c3></rotation></pose><symmetry><x>twoFold</x><y>cylindrical</y><z>twoFold</z></symmetry><detectionScore>-1.0</detectionScore></element><element><id>10</id><category>wall</category><bounds><corner1>-2.291099681053729, -1.3409664881874774, -0.5154286230122924</corner1><corner2>2.291099681053729, 1.3409664881874774, 0.5154286230122924</corner2></bounds><pose><translation>-4.0668334679610725, -0.016032233915417943, -1.0995086080973773</translation><rotation><c1>1, 0, 0</c1><c2>0, 1, 0</c2><c3>0, 0, 1</c3></rotation></pose><symmetry><x>twoFold</x><y>cylindrical</y><z>twoFold</z></symmetry><detectionScore>-1.0</detectionScore></element><element><id>11</id><category>window</category><bounds><corner1>-1.0191118676646498, -1.3177705052804534, -0.612503668144069</corner1><corner2>1.0191118676646498, 1.3177705052804534, 0.612503668144069</corner2></bounds><pose><translation>0.07033585524686041, 0.18506398751097175, -2.3024874879403034</translation><rotation><c1>1, 0, 0</c1><c2>0, 1, 0</c2><c3>0, 0, 1</c3></rotation></pose><symmetry><x>twoFold</x><y>cylindrical</y><z>twoFold</z></symmetry><detectionScore>-1.0</detectionScore></element><element><id>12</id><category>person</category><bounds><corner1>-0.7238808315581498, -0.46916295627594506, -1.4141425800967626</corner1><corner2>0.7238808315581498, 0.46916295627594506, 1.4141425800967626</corner2></bounds><pose><translation>3.9024490288175464, -0.9957593922624468, 2.1643011384478754</translation><rotation><c1>1, 0, 0</c1><c2>0, 1, 0</c2><c3>0, 0, 1</c3></rotation></pose><symmetry><x>twoFold</x><y>cylindrical</y><z>twoFold</z></symmetry><detectionScore>-1.0</detectionScore></element><element><id>13</id><category>window</category><bounds><corner1>-0.2549895583169124, -0.435406233906603, -0.7768961591632516</corner1><corner2>0.2549895583169124, 0.435406233906603, 0.7768961591632516</corner2></bounds><pose><translation>-1.3319815577503074, -0.011775601997338174, 0.7627533194519481</translation><rotation><c1>1, 0, 0</c1><c2>0, 1, 0</c2><c3>0, 0, 1</c3></rotation></pose><symmetry><x>twoFold</x><y>cylindrical</y><z>twoFold</z></symmetry><detectionScore>-1.0</detectionScore></element><element><id>14</id><category>kitchen_cabinet</category><bounds><corner1>-1.0777685475277385, -0.162726529644467, -0.9483463705374753</corner1><corner2>1.0777685475277385, 0.162726529644467, 0.9483463705374753</corner2></bounds><pose><translation>4.6999128149327065, -0.6172952920898386, 7.795080635285004</translation><rotation><c1>1, 0, 0</c1><c2>0, 1, 0</c2><c3>0, 0, 1</c3></rotation></pose><symmetry><x>twoFold</x><y>cylindrical</y><z>twoFold</z></symmetry><detectionScore>-1.0</detectionScore></element><element><id>15</id><category>armchair</category><bounds><corner1>-1.0777685475277385, -0.162726529644467, -0.9483463705374753</corner1><corner2>1.0777685475277385, 0.162726529644467, 0.9483463705374753</corner2></bounds><pose><translation>4.6999128149327065, -0.6172952920898386, 7.795080635285004</translation><rotation><c1>1, 0, 0</c1><c2>0, 1, 0</c2><c3>0, 0, 1</c3></rotation></pose><symmetry><x>twoFold</x><y>cylindrical</y><z>twoFold</z></symmetry><detectionScore>-1.0</detectionScore></element><element><id>16</id><category>armchair</category><bounds><corner1>-2.7991286957505417, -0.7141759448240007, -3.166349945311585</corner1><corner2>2.7991286957505417, 0.7141759448240007, 3.166349945311585</corner2></bounds><pose><translation>3.588800827777884, -1.0655282173555818, 4.93373628579996</translation><rotation><c1>1, 0, 0</c1><c2>0, 1, 0</c2><c3>0, 0, 1</c3></rotation></pose><symmetry><x>twoFold</x><y>cylindrical</y><z>twoFold</z></symmetry><detectionScore>-1.0</detectionScore></element><element><id>17</id><category>coffee_table</category><bounds><corner1>-0.8915592545904025, -0.23626178362387917, -0.39002111636454817</corner1><corner2>0.8915592545904025, 0.23626178362387917, 0.39002111636454817</corner2></bounds><pose><translation>1.1314048185404908, -1.0912218734311347, -2.0171863221771793</translation><rotation><c1>1, 0, 0</c1><c2>0, 1, 0</c2><c3>0, 0, 1</c3></rotation></pose><symmetry><x>twoFold</x><y>cylindrical</y><z>twoFold</z></symmetry><detectionScore>-1.0</detectionScore></element><element><id>18</id><category>plant</category><bounds><corner1>-11.098280046507691, -0.5509422206994743, -2.088040742888719</corner1><corner2>11.098280046507691, 0.5509422206994743, 2.088040742888719</corner2></bounds><pose><translation>3.4456031337011903, -0.5509422206994743, -2.088040742888719</translation><rotation><c1>1, 0, 0</c1><c2>0, 1, 0</c2><c3>0, 0, 1</c3></rotation></pose><symmetry><x>twoFold</x><y>cylindrical</y><z>twoFold</z></symmetry><detectionScore>-1.0</detectionScore></element><element><id>19</id><category>window</category><bounds><corner1>-0.19396483639568984, -1.3160892010969272, -0.24437751442188171</corner1><corner2>0.19396483639568984, 1.3160892010969272, 0.24437751442188171</corner2></bounds><pose><translation>-1.8950218885680463, 0.012387963684996213, -0.8284574995069666</translation><rotation><c1>1, 0, 0</c1><c2>0, 1, 0</c2><c3>0, 0, 1</c3></rotation></pose><symmetry><x>twoFold</x><y>cylindrical</y><z>twoFold</z></symmetry><detectionScore>-1.0</detectionScore></element><element><id>20</id><category>sofa</category><bounds><corner1>-10.778497847366914, -1.1222705512110775, -2.9198642948486073</corner1><corner2>10.778497847366914, 1.1222705512110775, 2.9198642948486073</corner2></bounds><pose><translation>3.765385332841967, -1.1222705512110775, 0.6995219596398835</translation><rotation><c1>1, 0, 0</c1><c2>0, 1, 0</c2><c3>0, 0, 1</c3></rotation></pose><symmetry><x>twoFold</x><y>cylindrical</y><z>twoFold</z></symmetry><detectionScore>-1.0</detectionScore></element><element><id>21</id><category>dining_table</category><bounds><corner1>-3.3309942727083635, -0.5936601024585079, -4.402500935848811</corner1><corner2>3.3309942727083635, 0.5936601024585079, 4.402500935848811</corner2></bounds><pose><translation>3.0569352508200622, -0.7290427926075119, 3.6975852952627344</translation><rotation><c1>1, 0, 0</c1><c2>0, 1, 0</c2><c3>0, 0, 1</c3></rotation></pose><symmetry><x>twoFold</x><y>cylindrical</y><z>twoFold</z></symmetry><detectionScore>-1.0</detectionScore></element><element><id>22</id><category>wall</category><bounds><corner1>-0.8405276066500018, -1.4570597457276147, -3.751709726724104</corner1><corner2>0.8405276066500018, 1.4570597457276147, 3.751709726724104</corner2></bounds><pose><translation>-0.25480323558164486, -0.10450970504532547, 5.087997777437871</translation><rotation><c1>1, 0, 0</c1><c2>0, 1, 0</c2><c3>0, 0, 1</c3></rotation></pose><symmetry><x>twoFold</x><y>cylindrical</y><z>twoFold</z></symmetry><detectionScore>-1.0</detectionScore></element><element><id>23</id><category>wall</category><bounds><corner1>-1.9467286605487013, -0.6170031792281154, -2.587861140577828</corner1><corner2>1.9467286605487013, 0.6170031792281154, 2.587861140577828</corner2></bounds><pose><translation>4.467666128499064, -0.07231116566482904, 6.1656063698483665</translation><rotation><c1>1, 0, 0</c1><c2>0, 1, 0</c2><c3>0, 0, 1</c3></rotation></pose><symmetry><x>twoFold</x><y>cylindrical</y><z>twoFold</z></symmetry><detectionScore>-1.0</detectionScore></element><element><id>24</id><category>kitchen_cabinet</category><bounds><corner1>-3.630806864757213, -0.2650819952844135, -5.077693637818948</corner1><corner2>3.630806864757213, 0.2650819952844135, 5.077693637818948</corner2></bounds><pose><translation>1.9950772319962284, -0.1431798498518342, 3.675773872607246</translation><rotation><c1>1, 0, 0</c1><c2>0, 1, 0</c2><c3>0, 0, 1</c3></rotation></pose><symmetry><x>twoFold</x><y>cylindrical</y><z>twoFold</z></symmetry><detectionScore>-1.0</detectionScore></element><element><id>25</id><category>plant</category><bounds><corner1>-0.23139402877659832, -0.33636078673984915, -0.23720483882008525</corner1><corner2>0.23139402877659832, 0.33636078673984915, 0.23720483882008525</corner2></bounds><pose><translation>-1.6238363853307316, -0.38835393294917125, 0.3914867441362174</translation><rotation><c1>1, 0, 0</c1><c2>0, 1, 0</c2><c3>0, 0, 1</c3></rotation></pose><symmetry><x>twoFold</x><y>cylindrical</y><z>twoFold</z></symmetry><detectionScore>-1.0</detectionScore></element><element><id>26</id><category>wall</category><bounds><corner1>-0.2736090075501654, -1.3455564163670193, -3.8499660745195228</corner1><corner2>0.2736090075501654, 1.3455564163670193, 3.8499660745195228</corner2></bounds><pose><translation>-1.001827033444063, 0.0017602689679014347, 1.7984211880349448</translation><rotation><c1>1, 0, 0</c1><c2>0, 1, 0</c2><c3>0, 0, 1</c3></rotation></pose><symmetry><x>twoFold</x><y>cylindrical</y><z>twoFold</z></symmetry><detectionScore>-1.0</detectionScore></element><element><id>27</id><category>window</category><bounds><corner1>-0.5899246078946871, -1.2999134345521282, -5.168331766462764</corner1><corner2>0.5899246078946871, 1.2999134345521282, 5.168331766462764</corner2></bounds><pose><translation>-0.9540697079149838, 0.22160503383749094, 2.1864740556534694</translation><rotation><c1>1, 0, 0</c1><c2>0, 1, 0</c2><c3>0, 0, 1</c3></rotation></pose><symmetry><x>twoFold</x><y>cylindrical</y><z>twoFold</z></symmetry><detectionScore>-1.0</detectionScore></element><element><id>28</id><category>plant</category><bounds><corner1>-0.24748333615747864, -0.6428664643584507, -0.29318399723559274</corner1><corner2>0.24748333615747864, 0.6428664643584507, 0.29318399723559274</corner2></bounds><pose><translation>-1.930732328379779, -0.3599995306122017, -0.8749378644631199</translation><rotation><c1>1, 0, 0</c1><c2>0, 1, 0</c2><c3>0, 0, 1</c3></rotation></pose><symmetry><x>twoFold</x><y>cylindrical</y><z>twoFold</z></symmetry><detectionScore>-1.0</detectionScore></element><element><id>29</id><category>coffee_table</category><bounds><corner1>-2.023099016504554, -0.4232940625910294, -2.664290351530079</corner1><corner2>2.023099016504554, 0.4232940625910294, 2.664290351530079</corner2></bounds><pose><translation>3.713850615586471, -1.1138697985788633, 5.408657275699422</translation><rotation><c1>1, 0, 0</c1><c2>0, 1, 0</c2><c3>0, 0, 1</c3></rotation></pose><symmetry><x>twoFold</x><y>cylindrical</y><z>twoFold</z></symmetry><detectionScore>-1.0</detectionScore></element><element><id>30</id><category>curtain</category><bounds><corner1>-3.581267414752854, -0.47155125438318624, -5.058371373986322</corner1><corner2>3.581267414752854, 0.47155125438318624, 5.058371373986322</corner2></bounds><pose><translation>2.044616682000588, -0.024330613338177664, 3.695096136439872</translation><rotation><c1>1, 0, 0</c1><c2>0, 1, 0</c2><c3>0, 0, 1</c3></rotation></pose><symmetry><x>twoFold</x><y>cylindrical</y><z>twoFold</z></symmetry><detectionScore>-1.0</detectionScore></element><element><id>31</id><category>wall</category><bounds><corner1>-1.2818152012557982, -0.9241921359976535, -1.8887261802369266</corner1><corner2>1.2818152012557982, 0.9241921359976535, 1.8887261802369266</corner2></bounds><pose><translation>0.6661115933355676, 0.6278430786400349, 1.8714898961198105</translation><rotation><c1>1, 0, 0</c1><c2>0, 1, 0</c2><c3>0, 0, 1</c3></rotation></pose><symmetry><x>twoFold</x><y>cylindrical</y><z>twoFold</z></symmetry><detectionScore>-1.0</detectionScore></element><element><id>32</id><category>wall</category><bounds><corner1>-6.095251951665769, -1.173820615310773, -5.179135292214255</corner1><corner2>6.095251951665769, 1.173820615310773, 5.179135292214255</corner2></bounds><pose><translation>0.8230877574206447, -0.08579668825553488, 3.600543450423529</translation><rotation><c1>1, 0, 0</c1><c2>0, 1, 0</c2><c3>0, 0, 1</c3></rotation></pose><symmetry><x>twoFold</x><y>cylindrical</y><z>twoFold</z></symmetry><detectionScore>-1.0</detectionScore></element></elements></scene>