<?xml version='1.0' encoding='utf-8'?>
<scene xmlns:sumo="https://www.sumochallenge.org"><version>2.0</version><categories><id>fb_categories_v1_0</id><url>https://sumochallenge.org/en/categories-1_0.json</url></categories><project_type>bounding_box</project_type><elements><element><id>0</id><category>plant</category><bounds><corner1>-1.011318295152089, -15.527538227869634, -1.5790059912742949</corner1><corner2>1.011318295152089, 15.527538227869634, 1.5790059912742949</corner2></bounds><pose><translation>-1.011318295152089, 1.3201396968652828, -0.0995196351743824</translation><rotation><c1>0, 0, 0</c1><c2>0, 0, 0</c2><c3>0, 0, 0</c3></rotation></pose><symmetry><x>twoFold</x><y>cylindrical</y><z>twoFold</z></symmetry><detectionScore>-1.0</detectionScore></element><element><id>1</id><category>window</category><bounds><corner1>-0.10812736044294713, -2.643582083891704, -1.0091316694702122</corner1><corner2>0.10812736044294713, 2.643582083891704, 1.0091316694702122</corner2></bounds><pose><translation>5.120398966673288, -5.834591739192545, -1.9953112720878097</translation><rotation><c1>0, 0, 0</c1><c2>0, 0, 0</c2><c3>0, 0, 0</c3></rotation></pose><symmetry><x>twoFold</x><y>cylindrical</y><z>twoFold</z></symmetry><detectionScore>-1.0</detectionScore></element><element><id>2</id><category>window</category><bounds><corner1>-0.048030149243419196, -0.34489140727087353, -0.29078742702697835</corner1><corner2>0.048030149243419196, 0.34489140727087353, 0.29078742702697835</corner2></bounds><pose><translation>2.018764067949889, 1.2585975868178272, -0.04942937453270294</translation><rotation><c1>0, 0, 0</c1><c2>0, 0, 0</c2><c3>0, 0, 0</c3></rotation></pose><symmetry><x>twoFold</x><y>cylindrical</y><z>twoFold</z></symmetry><detectionScore>-1.0</detectionScore></element><element><id>3</id><category>fence</category><bounds><corner1>-1.1105916921293884, -12.81728966822322, -1.3781218837377467</corner1><corner2>1.1105916921293884, 12.81728966822322, 1.3781218837377467</corner2></bounds><pose><translation>-1.1105916921293884, 4.174075727851664, -0.2475834378430512</translation><rotation><c1>0, 0, 0</c1><c2>0, 0, 0</c2><c3>0, 0, 0</c3></rotation></pose><symmetry><x>twoFold</x><y>cylindrical</y><z>twoFold</z></symmetry><detectionScore>-1.0</detectionScore></element><element><id>4</id><category>wall</category><bounds><corner1>-0.18667271901657778, -3.840074930436934, -1.4905740612609821</corner1><corner2>0.18667271901657778, 3.840074930436934, 1.4905740612609821</corner2></bounds><pose><translation>1.7233486480644862, 4.175110618559987, -0.1314179584624947</translation><rotation><c1>0, 0, 0</c1><c2>0, 0, 0</c2><c3>0, 0, 0</c3></rotation></pose><symmetry><x>twoFold</x><y>cylindrical</y><z>twoFold</z></symmetry><detectionScore>-1.0</detectionScore></element><element><id>5</id><category>chair</category><bounds><corner1>-1.2094634382068257, -7.967570063267221, -1.305319952867975</corner1><corner2>1.2094634382068257, 7.967570063267221, 1.305319952867975</corner2></bounds><pose><translation>0.01069131524438721, 3.4100446164778937, -1.305319952867975</translation><rotation><c1>0, 0, 0</c1><c2>0, 0, 0</c2><c3>0, 0, 0</c3></rotation></pose><symmetry><x>twoFold</x><y>cylindrical</y><z>twoFold</z></symmetry><detectionScore>-1.0</detectionScore></element><element><id>6</id><category>plant</category><bounds><corner1>-1.0943731888663133, -12.940107210722708, -0.8312184473528951</corner1><corner2>1.0943731888663133, 12.940107210722708, 0.8312184473528951</corner2></bounds><pose><translation>-1.0943731888663133, 4.027075481542389, -0.7131247112391991</translation><rotation><c1>0, 0, 0</c1><c2>0, 0, 0</c2><c3>0, 0, 0</c3></rotation></pose><symmetry><x>twoFold</x><y>cylindrical</y><z>twoFold</z></symmetry><detectionScore>-1.0</detectionScore></element><element><id>7</id><category>wall</category><bounds><corner1>-3.2877341313848722, -0.4106162851772735, -1.281865499886949</corner1><corner2>3.2877341313848722, 0.4106162851772735, 1.281865499886949</corner2></bounds><pose><translation>2.0380935871668786, -0.7113934790880402, -0.08161426327944209</translation><rotation><c1>0, 0, 0</c1><c2>0, 0, 0</c2><c3>0, 0, 0</c3></rotation></pose><symmetry><x>twoFold</x><y>cylindrical</y><z>twoFold</z></symmetry><detectionScore>-1.0</detectionScore></element><element><id>8</id><category>plant</category><bounds><corner1>-0.9922601197952637, -9.645852736101547, -0.8224568365330237</corner1><corner2>0.9922601197952637, 9.645852736101547, 0.8224568365330237</corner2></bounds><pose><translation>-0.9922601197952637, 1.2672492081874915, -0.8224568365330237</translation><rotation><c1>0, 0, 0</c1><c2>0, 0, 0</c2><c3>0, 0, 0</c3></rotation></pose><symmetry><x>twoFold</x><y>cylindrical</y><z>twoFold</z></symmetry><detectionScore>-1.0</detectionScore></element><element><id>9</id><category>ottoman</category><bounds><corner1>-1.0165386824113973, -0.6580766470749041, -0.13337994557541433</corner1><corner2>1.0165386824113973, 0.6580766470749041, 0.13337994557541433</corner2></bounds><pose><translation>1.718808578788063, -0.3396593484657208, -1.3151480074511455</translation><rotation><c1>0, 0, 0</c1><c2>0, 0, 0</c2><c3>0, 0, 0</c3></rotation></pose><symmetry><x>twoFold</x><y>cylindrical</y><z>twoFold</z></symmetry><detectionScore>-1.0</detectionScore></element><element><id>10</id><category>plant</category><bounds><corner1>-5.429726502640152, -5.9955647715034415, -3.7495190815448876</corner1><corner2>5.429726502640152, 5.9955647715034415, 3.7495190815448876</corner2></bounds><pose><translation>-5.429726502640152, 2.063129759378021, -3.7495190815448876</translation><rotation><c1>0, 0, 0</c1><c2>0, 0, 0</c2><c3>0, 0, 0</c3></rotation></pose><symmetry><x>twoFold</x><y>cylindrical</y><z>twoFold</z></symmetry><detectionScore>-1.0</detectionScore></element><element><id>11</id><category>wall</category><bounds><corner1>-0.06142663588364394, -0.35868575201116737, -1.4184613575649352</corner1><corner2>0.06142663588364394, 0.35868575201116737, 1.4184613575649352</corner2></bounds><pose><translation>2.0028504082906053, -0.502347833063816, -0.0299578942020694</translation><rotation><c1>0, 0, 0</c1><c2>0, 0, 0</c2><c3>0, 0, 0</c3></rotation></pose><symmetry><x>twoFold</x><y>cylindrical</y><z>twoFold</z></symmetry><detectionScore>-1.0</detectionScore></element><element><id>12</id><category>window</category><bounds><corner1>-0.034850468946871604, -0.15407299412757403, -0.20279035947360644</corner1><corner2>0.034850468946871604, 0.15407299412757403, 0.20279035947360644</corner2></bounds><pose><translation>2.038079120221367, 1.0469175059373799, -0.041791424641371394</translation><rotation><c1>0, 0, 0</c1><c2>0, 0, 0</c2><c3>0, 0, 0</c3></rotation></pose><symmetry><x>twoFold</x><y>cylindrical</y><z>twoFold</z></symmetry><detectionScore>-1.0</detectionScore></element><element><id>13</id><category>plant</category><bounds><corner1>-1.360545233151902, -1.215791701286212, -0.6432925816998484</corner1><corner2>1.360545233151902, 1.215791701286212, 0.6432925816998484</corner2></bounds><pose><translation>-1.360545233151902, -1.215791701286212, -0.6432925816998484</translation><rotation><c1>0, 0, 0</c1><c2>0, 0, 0</c2><c3>0, 0, 0</c3></rotation></pose><symmetry><x>twoFold</x><y>cylindrical</y><z>twoFold</z></symmetry><detectionScore>-1.0</detectionScore></element><element><id>14</id><category>sofa</category><bounds><corner1>-0.03229776751161095, -0.0804917877251543, -0.10981147289794979</corner1><corner2>0.03229776751161095, 0.0804917877251543, 0.10981147289794979</corner2></bounds><pose><translation>2.037425382663291, 1.056205973544934, -0.2803738840149098</translation><rotation><c1>0, 0, 0</c1><c2>0, 0, 0</c2><c3>0, 0, 0</c3></rotation></pose><symmetry><x>twoFold</x><y>cylindrical</y><z>twoFold</z></symmetry><detectionScore>-1.0</detectionScore></element><element><id>15</id><category>chair</category><bounds><corner1>-0.0, -0.0, -0.0</corner1><corner2>0.0, 0.0, 0.0</corner2></bounds><pose><translation>0.0, 0.0, 0.0</translation><rotation><c1>0, 0, 0</c1><c2>0, 0, 0</c2><c3>0, 0, 0</c3></rotation></pose><symmetry><x>twoFold</x><y>cylindrical</y><z>twoFold</z></symmetry><detectionScore>-1.0</detectionScore></element><element><id>16</id><category>door</category><bounds><corner1>-2.531976292182039, -12.269644290690284, -1.2489298711398626</corner1><corner2>2.531976292182039, 12.269644290690284, 1.2489298711398626</corner2></bounds><pose><translation>0.0, 3.257064700726672, 0.0</translation><rotation><c1>0, 0, 0</c1><c2>0, 0, 0</c2><c3>0, 0, 0</c3></rotation></pose><symmetry><x>twoFold</x><y>cylindrical</y><z>twoFold</z></symmetry><detectionScore>-1.0</detectionScore></element><element><id>17</id><category>office_chair</category><bounds><corner1>-3.398350375169239, -2.1402261372927045, -0.19906744036850127</corner1><corner2>3.398350375169239, 2.1402261372927045, 0.19906744036850127</corner2></bounds><pose><translation>2.0148474820008198, 1.2560438694822758, -0.4037966319517917</translation><rotation><c1>0, 0, 0</c1><c2>0, 0, 0</c2><c3>0, 0, 0</c3></rotation></pose><symmetry><x>twoFold</x><y>cylindrical</y><z>twoFold</z></symmetry><detectionScore>-1.0</detectionScore></element><element><id>18</id><category>wall</category><bounds><corner1>-0.0451935649555657, -0.7311477069797382, -0.35373125504049985</corner1><corner2>0.0451935649555657, 0.7311477069797382, 0.35373125504049985</corner2></bounds><pose><translation>2.0291392876384795, 0.8756575857792702, -0.04505243535847661</translation><rotation><c1>0, 0, 0</c1><c2>0, 0, 0</c2><c3>0, 0, 0</c3></rotation></pose><symmetry><x>twoFold</x><y>cylindrical</y><z>twoFold</z></symmetry><detectionScore>-1.0</detectionScore></element><element><id>19</id><category>plant</category><bounds><corner1>-1.405042147414803, -0.4516484107757779, -0.5544061588563689</corner1><corner2>1.405042147414803, 0.4516484107757779, 0.5544061588563689</corner2></bounds><pose><translation>-0.4010040652522552, -3.4806101913428775, -1.6795198201940567</translation><rotation><c1>0, 0, 0</c1><c2>0, 0, 0</c2><c3>0, 0, 0</c3></rotation></pose><symmetry><x>twoFold</x><y>cylindrical</y><z>twoFold</z></symmetry><detectionScore>-1.0</detectionScore></element><element><id>20</id><category>fence</category><bounds><corner1>-0.9959496481210005, -9.036205694408823, -0.7235684920457539</corner1><corner2>0.9959496481210005, 9.036205694408823, 0.7235684920457539</corner2></bounds><pose><translation>-0.9959496481210005, 1.2438383957617625, -0.7235684920457539</translation><rotation><c1>0, 0, 0</c1><c2>0, 0, 0</c2><c3>0, 0, 0</c3></rotation></pose><symmetry><x>twoFold</x><y>cylindrical</y><z>twoFold</z></symmetry><detectionScore>-1.0</detectionScore></element><element><id>21</id><category>plant</category><bounds><corner1>-5.270212993519158, -8.062480761106645, -3.043826459718127</corner1><corner2>5.270212993519158, 8.062480761106645, 3.043826459718127</corner2></bounds><pose><translation>-5.270212993519158, -8.062480761106645, -3.043826459718127</translation><rotation><c1>0, 0, 0</c1><c2>0, 0, 0</c2><c3>0, 0, 0</c3></rotation></pose><symmetry><x>twoFold</x><y>cylindrical</y><z>twoFold</z></symmetry><detectionScore>-1.0</detectionScore></element><element><id>22</id><category>column</category><bounds><corner1>-0.8112622122799895, -3.224227706495312, -1.3622409331788803</corner1><corner2>0.8112622122799895, 3.224227706495312, 1.3622409331788803</corner2></bounds><pose><translation>-0.8112622122799895, -3.224227706495312, 0.0</translation><rotation><c1>0, 0, 0</c1><c2>0, 0, 0</c2><c3>0, 0, 0</c3></rotation></pose><symmetry><x>twoFold</x><y>cylindrical</y><z>twoFold</z></symmetry><detectionScore>-1.0</detectionScore></element><element><id>23</id><category>plant</category><bounds><corner1>-2.87167149068127, -3.4360187990650486, -1.2644544548319514</corner1><corner2>2.87167149068127, 3.4360187990650486, 1.2644544548319514</corner2></bounds><pose><translation>2.1890248497065876, -3.4360187990650486, -0.6060061710751075</translation><rotation><c1>0, 0, 0</c1><c2>0, 0, 0</c2><c3>0, 0, 0</c3></rotation></pose><symmetry><x>twoFold</x><y>cylindrical</y><z>twoFold</z></symmetry><detectionScore>-1.0</detectionScore></element><element><id>24</id><category>wall</category><bounds><corner1>-0.4198822844960206, -6.359664443787454, -0.9753874918236549</corner1><corner2>0.4198822844960206, 6.359664443787454, 0.9753874918236549</corner2></bounds><pose><translation>1.7287991922957044, 5.042711560643705, 0.09979236503648536</translation><rotation><c1>0, 0, 0</c1><c2>0, 0, 0</c2><c3>0, 0, 0</c3></rotation></pose><symmetry><x>twoFold</x><y>cylindrical</y><z>twoFold</z></symmetry><detectionScore>-1.0</detectionScore></element><element><id>25</id><category>plant</category><bounds><corner1>-1.2827572012906914, -2.766545362428439, -1.7448309012581742</corner1><corner2>1.2827572012906914, 2.766545362428439, 1.7448309012581742</corner2></bounds><pose><translation>-1.2827572012906914, -2.766545362428439, -1.7448309012581742</translation><rotation><c1>0, 0, 0</c1><c2>0, 0, 0</c2><c3>0, 0, 0</c3></rotation></pose><symmetry><x>twoFold</x><y>cylindrical</y><z>twoFold</z></symmetry><detectionScore>-1.0</detectionScore></element><element><id>26</id><category>column</category><bounds><corner1>-3.4271710589178306, -1.7002590752014946, -0.3531564255667484</corner1><corner2>3.4271710589178306, 1.7002590752014946, 0.3531564255667484</corner2></bounds><pose><translation>2.032855750270389, 1.0120523044006988, -0.7975734809724123</translation><rotation><c1>0, 0, 0</c1><c2>0, 0, 0</c2><c3>0, 0, 0</c3></rotation></pose><symmetry><x>twoFold</x><y>cylindrical</y><z>twoFold</z></symmetry><detectionScore>-1.0</detectionScore></element><element><id>27</id><category>column</category><bounds><corner1>-0.06529388443767647, -0.15570363431259304, -1.5162988813670617</corner1><corner2>0.06529388443767647, 0.15570363431259304, 1.5162988813670617</corner2></bounds><pose><translation>2.2836908951324992, -3.2859413734450493, -0.1692618242095181</translation><rotation><c1>0, 0, 0</c1><c2>0, 0, 0</c2><c3>0, 0, 0</c3></rotation></pose><symmetry><x>twoFold</x><y>cylindrical</y><z>twoFold</z></symmetry><detectionScore>-1.0</detectionScore></element><element><id>28</id><category>wall</category><bounds><corner1>-0.14666659507255853, -3.0553482901110613, -0.9921792402294793</corner1><corner2>0.14666659507255853, 3.0553482901110613, 0.9921792402294793</corner2></bounds><pose><translation>1.81878040544541, 3.000972536604539, -0.07052793810554989</translation><rotation><c1>0, 0, 0</c1><c2>0, 0, 0</c2><c3>0, 0, 0</c3></rotation></pose><symmetry><x>twoFold</x><y>cylindrical</y><z>twoFold</z></symmetry><detectionScore>-1.0</detectionScore></element><element><id>29</id><category>armchair</category><bounds><corner1>-0.7778273163932105, -7.95074670985715, -1.3494735258295785</corner1><corner2>0.7778273163932105, 7.95074670985715, 1.3494735258295785</corner2></bounds><pose><translation>-0.07087111894685742, 3.3768469731255375, -1.3494735258295785</translation><rotation><c1>0, 0, 0</c1><c2>0, 0, 0</c2><c3>0, 0, 0</c3></rotation></pose><symmetry><x>twoFold</x><y>cylindrical</y><z>twoFold</z></symmetry><detectionScore>-1.0</detectionScore></element><element><id>30</id><category>window</category><bounds><corner1>-0.2347615631904829, -3.9396578028496023, -0.9168799161970419</corner1><corner2>0.2347615631904829, 3.9396578028496023, 0.9168799161970419</corner2></bounds><pose><translation>1.7249669632883597, 5.076654328364889, 0.12249703564745605</translation><rotation><c1>0, 0, 0</c1><c2>0, 0, 0</c2><c3>0, 0, 0</c3></rotation></pose><symmetry><x>twoFold</x><y>cylindrical</y><z>twoFold</z></symmetry><detectionScore>-1.0</detectionScore></element><element><id>31</id><category>plant</category><bounds><corner1>-1.3862382667542104, -7.003915981246782, -0.5671496991400462</corner1><corner2>1.3862382667542104, 7.003915981246782, 0.5671496991400462</corner2></bounds><pose><translation>-1.3862382667542104, 0.9794880267825248, -0.5671496991400462</translation><rotation><c1>0, 0, 0</c1><c2>0, 0, 0</c2><c3>0, 0, 0</c3></rotation></pose><symmetry><x>twoFold</x><y>cylindrical</y><z>twoFold</z></symmetry><detectionScore>-1.0</detectionScore></element><element><id>32</id><category>armchair</category><bounds><corner1>-3.398533069825388, -2.1405934468669363, -0.2015034655706807</corner1><corner2>3.398533069825388, 2.1405934468669363, 0.2015034655706807</corner2></bounds><pose><translation>2.0146647873446706, 1.2556765599080437, -0.3975878239719409</translation><rotation><c1>0, 0, 0</c1><c2>0, 0, 0</c2><c3>0, 0, 0</c3></rotation></pose><symmetry><x>twoFold</x><y>cylindrical</y><z>twoFold</z></symmetry><detectionScore>-1.0</detectionScore></element><element><id>33</id><category>plant</category><bounds><corner1>-6.7621945798575345, -3.018495337728091, -1.7961998538714752</corner1><corner2>6.7621945798575345, 3.018495337728091, 1.7961998538714752</corner2></bounds><pose><translation>-6.7621945798575345, -3.018495337728091, 0.0</translation><rotation><c1>0, 0, 0</c1><c2>0, 0, 0</c2><c3>0, 0, 0</c3></rotation></pose><symmetry><x>twoFold</x><y>cylindrical</y><z>twoFold</z></symmetry><detectionScore>-1.0</detectionScore></element><element><id>34</id><category>armchair</category><bounds><corner1>-0.03229776751161095, -0.0804917877251543, -0.10981147289794979</corner1><corner2>0.03229776751161095, 0.0804917877251543, 0.10981147289794979</corner2></bounds><pose><translation>2.037425382663291, 1.056205973544934, -0.2803738840149098</translation><rotation><c1>0, 0, 0</c1><c2>0, 0, 0</c2><c3>0, 0, 0</c3></rotation></pose><symmetry><x>twoFold</x><y>cylindrical</y><z>twoFold</z></symmetry><detectionScore>-1.0</detectionScore></element><element><id>35</id><category>door</category><bounds><corner1>-0.24291867617127738, -3.5673547970675052, -1.1210731313851925</corner1><corner2>0.24291867617127738, 3.5673547970675052, 1.1210731313851925</corner2></bounds><pose><translation>1.7116066502900238, 5.432652909383922, -0.16405668257163217</translation><rotation><c1>0, 0, 0</c1><c2>0, 0, 0</c2><c3>0, 0, 0</c3></rotation></pose><symmetry><x>twoFold</x><y>cylindrical</y><z>twoFold</z></symmetry><detectionScore>-1.0</detectionScore></element><element><id>36</id><category>office_chair</category><bounds><corner1>-3.4137639937938644, -2.4506531828896234, -0.20677461122957103</corner1><corner2>3.4137639937938644, 2.4506531828896234, 0.20677461122957103</corner2></bounds><pose><translation>1.999956776925086, 1.4294621292441336, -0.4323704520386341</translation><rotation><c1>0, 0, 0</c1><c2>0, 0, 0</c2><c3>0, 0, 0</c3></rotation></pose><symmetry><x>twoFold</x><y>cylindrical</y><z>twoFold</z></symmetry><detectionScore>-1.0</detectionScore></element><element><id>37</id><category>fence</category><bounds><corner1>-3.556288227069466, -8.026908552914367, -3.062434738455775</corner1><corner2>3.556288227069466, 8.026908552914367, 3.062434738455775</corner2></bounds><pose><translation>-3.556288227069466, -8.026908552914367, -3.062434738455775</translation><rotation><c1>0, 0, 0</c1><c2>0, 0, 0</c2><c3>0, 0, 0</c3></rotation></pose><symmetry><x>twoFold</x><y>cylindrical</y><z>twoFold</z></symmetry><detectionScore>-1.0</detectionScore></element><element><id>38</id><category>window</category><bounds><corner1>-0.03035850459165923, -0.0400975274871338, -0.2980336034851429</corner1><corner2>0.03035850459165923, 0.0400975274871338, 0.2980336034851429</corner2></bounds><pose><translation>2.02511369916077, 1.2084931646337975, -0.10857278081337521</translation><rotation><c1>0, 0, 0</c1><c2>0, 0, 0</c2><c3>0, 0, 0</c3></rotation></pose><symmetry><x>twoFold</x><y>cylindrical</y><z>twoFold</z></symmetry><detectionScore>-1.0</detectionScore></element><element><id>39</id><category>fence</category><bounds><corner1>-0.9397458223075678, -1.7818449515440289, -0.175782133862198</corner1><corner2>0.9397458223075678, 1.7818449515440289, 0.175782133862198</corner2></bounds><pose><translation>-0.9397458223075678, -1.7818449515440289, -0.08842717715277869</translation><rotation><c1>0, 0, 0</c1><c2>0, 0, 0</c2><c3>0, 0, 0</c3></rotation></pose><symmetry><x>twoFold</x><y>cylindrical</y><z>twoFold</z></symmetry><detectionScore>-1.0</detectionScore></element><element><id>40</id><category>fence</category><bounds><corner1>-2.3441320813170234, -0.0, -0.06070627707567727</corner1><corner2>2.3441320813170234, 0.0, 0.06070627707567727</corner2></bounds><pose><translation>0.0, 0.0, 0.0</translation><rotation><c1>0, 0, 0</c1><c2>0, 0, 0</c2><c3>0, 0, 0</c3></rotation></pose><symmetry><x>twoFold</x><y>cylindrical</y><z>twoFold</z></symmetry><detectionScore>-1.0</detectionScore></element><element><id>41</id><category>fence</category><bounds><corner1>-5.230701313191591, -8.091327613428794, -3.198414897375714</corner1><corner2>5.230701313191591, 8.091327613428794, 3.198414897375714</corner2></bounds><pose><translation>-5.230701313191591, -8.091327613428794, -3.198414897375714</translation><rotation><c1>0, 0, 0</c1><c2>0, 0, 0</c2><c3>0, 0, 0</c3></rotation></pose><symmetry><x>twoFold</x><y>cylindrical</y><z>twoFold</z></symmetry><detectionScore>-1.0</detectionScore></element><element><id>42</id><category>person</category><bounds><corner1>-0.03244556327347059, -0.08371540338757577, -0.11673760874306127</corner1><corner2>0.03244556327347059, 0.08371540338757577, 0.11673760874306127</corner2></bounds><pose><translation>2.0372937708329344, 1.0603152979951818, -0.27183502437877166</translation><rotation><c1>0, 0, 0</c1><c2>0, 0, 0</c2><c3>0, 0, 0</c3></rotation></pose><symmetry><x>twoFold</x><y>cylindrical</y><z>twoFold</z></symmetry><detectionScore>-1.0</detectionScore></element><element><id>43</id><category>fence</category><bounds><corner1>-1.9791797640508495, -0.6641137443928886, -1.0515402471084103</corner1><corner2>1.9791797640508495, 0.6641137443928886, 1.0515402471084103</corner2></bounds><pose><translation>5.147425374791443, -3.697615019197443, -0.5806340076077302</translation><rotation><c1>0, 0, 0</c1><c2>0, 0, 0</c2><c3>0, 0, 0</c3></rotation></pose><symmetry><x>twoFold</x><y>cylindrical</y><z>twoFold</z></symmetry><detectionScore>-1.0</detectionScore></element><element><id>44</id><category>fence</category><bounds><corner1>-7.136346884325412, -3.9699829892440532, -1.189824976881976</corner1><corner2>7.136346884325412, 3.9699829892440532, 1.189824976881976</corner2></bounds><pose><translation>-7.136346884325412, -3.9699829892440532, -0.4615198693673156</translation><rotation><c1>0, 0, 0</c1><c2>0, 0, 0</c2><c3>0, 0, 0</c3></rotation></pose><symmetry><x>twoFold</x><y>cylindrical</y><z>twoFold</z></symmetry><detectionScore>-1.0</detectionScore></element><element><id>45</id><category>column</category><bounds><corner1>-2.8695088262023467, -3.345961086668284, -2.81567398903499</corner1><corner2>2.8695088262023467, 3.345961086668284, 2.81567398903499</corner2></bounds><pose><translation>2.3086363285943805, -3.345961086668284, -0.3548576952403104</translation><rotation><c1>0, 0, 0</c1><c2>0, 0, 0</c2><c3>0, 0, 0</c3></rotation></pose><symmetry><x>twoFold</x><y>cylindrical</y><z>twoFold</z></symmetry><detectionScore>-1.0</detectionScore></element><element><id>46</id><category>window</category><bounds><corner1>-0.039480940505202344, -0.18411841476130775, -0.15259406179792032</corner1><corner2>0.039480940505202344, 0.18411841476130775, 0.15259406179792032</corner2></bounds><pose><translation>1.9941428336642897, 1.5255684138134016, -0.04862168903854253</translation><rotation><c1>0, 0, 0</c1><c2>0, 0, 0</c2><c3>0, 0, 0</c3></rotation></pose><symmetry><x>twoFold</x><y>cylindrical</y><z>twoFold</z></symmetry><detectionScore>-1.0</detectionScore></element><element><id>47</id><category>fence</category><bounds><corner1>-1.3899177473148534, -2.496687563789129, -1.0252952194626237</corner1><corner2>1.3899177473148534, 2.496687563789129, 1.0252952194626237</corner2></bounds><pose><translation>-1.3899177473148534, 0.0, 0.0</translation><rotation><c1>0, 0, 0</c1><c2>0, 0, 0</c2><c3>0, 0, 0</c3></rotation></pose><symmetry><x>twoFold</x><y>cylindrical</y><z>twoFold</z></symmetry><detectionScore>-1.0</detectionScore></element><element><id>48</id><category>fence</category><bounds><corner1>-1.798643452876198, -6.273779336399233, -1.3332444445815272</corner1><corner2>1.798643452876198, 6.273779336399233, 1.3332444445815272</corner2></bounds><pose><translation>2.167210621017118, -6.273779336399233, -0.8695258981286381</translation><rotation><c1>0, 0, 0</c1><c2>0, 0, 0</c2><c3>0, 0, 0</c3></rotation></pose><symmetry><x>twoFold</x><y>cylindrical</y><z>twoFold</z></symmetry><detectionScore>-1.0</detectionScore></element><element><id>49</id><category>plant</category><bounds><corner1>-1.42655424971122, -4.050000897883348, -0.4666037122083336</corner1><corner2>1.42655424971122, 4.050000897883348, 0.4666037122083336</corner2></bounds><pose><translation>-1.42655424971122, 0.3878357612046329, -0.4666037122083336</translation><rotation><c1>0, 0, 0</c1><c2>0, 0, 0</c2><c3>0, 0, 0</c3></rotation></pose><symmetry><x>twoFold</x><y>cylindrical</y><z>twoFold</z></symmetry><detectionScore>-1.0</detectionScore></element><element><id>50</id><category>window</category><bounds><corner1>-0.030719615326373795, -0.03526813135198181, -0.2638329160182165</corner1><corner2>0.030719615326373795, 0.03526813135198181, 0.2638329160182165</corner2></bounds><pose><translation>2.0221801306366993, 1.238136103706592, -0.02176159639345244</translation><rotation><c1>0, 0, 0</c1><c2>0, 0, 0</c2><c3>0, 0, 0</c3></rotation></pose><symmetry><x>twoFold</x><y>cylindrical</y><z>twoFold</z></symmetry><detectionScore>-1.0</detectionScore></element><element><id>51</id><category>plant</category><bounds><corner1>-7.621725440205287, -2.047226064148151, -0.5835899727476086</corner1><corner2>7.621725440205287, 2.047226064148151, 0.5835899727476086</corner2></bounds><pose><translation>-7.621725440205287, -2.047226064148151, -0.418153172050991</translation><rotation><c1>0, 0, 0</c1><c2>0, 0, 0</c2><c3>0, 0, 0</c3></rotation></pose><symmetry><x>twoFold</x><y>cylindrical</y><z>twoFold</z></symmetry><detectionScore>-1.0</detectionScore></element><element><id>52</id><category>door</category><bounds><corner1>-0.15271924564272843, -1.1929615021319395, -1.1426814933116871</corner1><corner2>0.15271924564272843, 1.1929615021319395, 1.1426814933116871</corner2></bounds><pose><translation>1.7751016505470147, 3.741732280001296, -0.39020411237228086</translation><rotation><c1>0, 0, 0</c1><c2>0, 0, 0</c2><c3>0, 0, 0</c3></rotation></pose><symmetry><x>twoFold</x><y>cylindrical</y><z>twoFold</z></symmetry><detectionScore>-1.0</detectionScore></element></elements></scene>