<?xml version='1.0' encoding='utf-8'?>
<scene xmlns:sumo="https://www.sumochallenge.org"><version>2.0</version><categories><id>fb_categories_v1.0</id><url>https://sumochallenge.org/en/categories-1_0.json</url></categories><project_type>bounding_box</project_type><elements><element><id>7</id><category>hanging_kitchen_cabinet</category><bounds><corner1>-0.43591982, -0.35287055, -0.02201839</corner1><corner2>0.43591982, 0.35287055, 0.02201839</corner2></bounds><pose><translation> 0.62208265,  0.21686189, -1.30597591</translation><rotation><c1>1., 0., 0.</c1><c2>0., 1., 0.</c2><c3>0., 0., 1.</c3></rotation></pose><symmetry><x>none</x><y>none</y><z>none</z></symmetry><detectionScore>-1</detectionScore></element><element><id>4</id><category>wall</category><bounds><corner1>-0.11372213, -1.19300885, -1.43210559</corner1><corner2>0.11372213, 1.19300885, 1.43210559</corner2></bounds><pose><translation> 4.39312676, -0.09818951, -0.23263857</translation><rotation><c1>1., 0., 0.</c1><c2>0., 1., 0.</c2><c3>0., 0., 1.</c3></rotation></pose><symmetry><x>none</x><y>none</y><z>none</z></symmetry><detectionScore>-1</detectionScore></element><element><id>9</id><category>chair</category><bounds><corner1>-1.06089755, -0.31408912, -0.80127119</corner1><corner2>1.06089755, 0.31408912, 0.80127119</corner2></bounds><pose><translation> 1.75704879, -1.024764  ,  0.44016063</translation><rotation><c1>1., 0., 0.</c1><c2>0., 1., 0.</c2><c3>0., 0., 1.</c3></rotation></pose><symmetry><x>none</x><y>none</y><z>none</z></symmetry><detectionScore>-1</detectionScore></element><element><id>5</id><category>coffee_machine</category><bounds><corner1>-0.4077432 , -0.23339995, -0.09097365</corner1><corner2>0.4077432 , 0.23339995, 0.09097365</corner2></bounds><pose><translation> 0.41600385, -0.49368275, -1.26600692</translation><rotation><c1>1., 0., 0.</c1><c2>0., 1., 0.</c2><c3>0., 0., 1.</c3></rotation></pose><symmetry><x>none</x><y>none</y><z>none</z></symmetry><detectionScore>-1</detectionScore></element><element><id>12</id><category>refrigerator</category><bounds><corner1>-0.98123035, -0.91439021, -0.13599402</corner1><corner2>0.98123035, 0.91439021, 0.13599402</corner2></bounds><pose><translation> 3.34970046, -0.43723449, -1.18480822</translation><rotation><c1>1., 0., 0.</c1><c2>0., 1., 0.</c2><c3>0., 0., 1.</c3></rotation></pose><symmetry><x>none</x><y>none</y><z>none</z></symmetry><detectionScore>-1</detectionScore></element><element><id>11</id><category>kitchen_cabinet</category><bounds><corner1>-1.13491642, -0.75482892, -0.12624039</corner1><corner2>1.13491642, 0.75482892, 0.12624039</corner2></bounds><pose><translation> 2.50787328, -0.6719883 , -1.20389696</translation><rotation><c1>1., 0., 0.</c1><c2>0., 1., 0.</c2><c3>0., 0., 1.</c3></rotation></pose><symmetry><x>none</x><y>none</y><z>none</z></symmetry><detectionScore>-1</detectionScore></element><element><id>2</id><category>hanging_kitchen_cabinet</category><bounds><corner1>-0.25976595, -0.35228405, -0.02198871</corner1><corner2>0.25976595, 0.35228405, 0.02198871</corner2></bounds><pose><translation> 0.2539917 ,  0.22943259, -1.30597694</translation><rotation><c1>1., 0., 0.</c1><c2>0., 1., 0.</c2><c3>0., 0., 1.</c3></rotation></pose><symmetry><x>none</x><y>none</y><z>none</z></symmetry><detectionScore>-1</detectionScore></element><element><id>6</id><category>kitchen_cabinet</category><bounds><corner1>-0.56778289, -0.15377301, -0.03896188</corner1><corner2>0.56778289, 0.15377301, 0.03896188</corner2></bounds><pose><translation> 0.42839397, -0.67889361, -1.12597646</translation><rotation><c1>1., 0., 0.</c1><c2>0., 1., 0.</c2><c3>0., 0., 1.</c3></rotation></pose><symmetry><x>none</x><y>none</y><z>none</z></symmetry><detectionScore>-1</detectionScore></element><element><id>13</id><category>arch</category><bounds><corner1>-1.26694597, -1.4321051 , -1.99115694</corner1><corner2>1.26694597, 1.4321051 , 1.99115694</corner2></bounds><pose><translation>-4.92335903, -0.2546232 , -3.70446601</translation><rotation><c1>1., 0., 0.</c1><c2>0., 1., 0.</c2><c3>0., 0., 1.</c3></rotation></pose><symmetry><x>none</x><y>none</y><z>none</z></symmetry><detectionScore>-1</detectionScore></element><element><id>3</id><category>dishwasher</category><bounds><corner1>-0.27665314, -0.10891168, -0.02699037</corner1><corner2>0.27665314, 0.10891168, 0.02699037</corner2></bounds><pose><translation>-0.28806169, -0.71911141, -1.08301985</translation><rotation><c1>1., 0., 0.</c1><c2>0., 1., 0.</c2><c3>0., 0., 1.</c3></rotation></pose><symmetry><x>none</x><y>none</y><z>none</z></symmetry><detectionScore>-1</detectionScore></element><element><id>10</id><category>door</category><bounds><corner1>-0.08422072, -0.58865962, -0.03300103</corner1><corner2>0.08422072, 0.58865962, 0.03300103</corner2></bounds><pose><translation>-0.68323017, -0.14125816, -1.00399695</translation><rotation><c1>1., 0., 0.</c1><c2>0., 1., 0.</c2><c3>0., 0., 1.</c3></rotation></pose><symmetry><x>none</x><y>none</y><z>none</z></symmetry><detectionScore>-1</detectionScore></element><element><id>1</id><category>curtain</category><bounds><corner1>-1.15605152, -0.9433961 , -0.09175887</corner1><corner2>1.15605152, 0.9433961 , 0.09175887</corner2></bounds><pose><translation>1.83389509, 0.24627419, 1.20354176</translation><rotation><c1>1., 0., 0.</c1><c2>0., 1., 0.</c2><c3>0., 0., 1.</c3></rotation></pose><symmetry><x>none</x><y>none</y><z>none</z></symmetry><detectionScore>-1</detectionScore></element></elements></scene>