<?xml version='1.0' encoding='utf-8'?>
<scene xmlns:sumo="https://www.sumochallenge.org"><version>2.0</version><categories><id>fb_categories_v1.0</id><url>https://sumochallenge.org/en/categories-1_0.json</url></categories><project_type>bounding_box</project_type><elements><element><id>7</id><category>door</category><bounds><corner1>-2.24314466, -1.20637655, -0.45957472</corner1><corner2>2.24314466, 1.20637655, 0.45957472</corner2></bounds><pose><translation> 2.19102424, -0.42350184,  1.45316351</translation><rotation><c1>1., 0., 0.</c1><c2>0., 1., 0.</c2><c3>0., 0., 1.</c3></rotation></pose><symmetry><x>none</x><y>none</y><z>none</z></symmetry><detectionScore>-1</detectionScore></element><element><id>5</id><category>refrigerator</category><bounds><corner1>-0.45092554, -0.96181894, -0.03409632</corner1><corner2>0.45092554, 0.96181894, 0.03409632</corner2></bounds><pose><translation>-0.13750888, -0.33761356, -1.78004325</translation><rotation><c1>1., 0., 0.</c1><c2>0., 1., 0.</c2><c3>0., 0., 1.</c3></rotation></pose><symmetry><x>none</x><y>none</y><z>none</z></symmetry><detectionScore>-1</detectionScore></element><element><id>3</id><category>picture_frame</category><bounds><corner1>-0.40354738, -0.23131107, -0.04178162</corner1><corner2>0.40354738, 0.23131107, 0.04178162</corner2></bounds><pose><translation> 3.7101963 ,  0.24426653, -2.46810523</translation><rotation><c1>1., 0., 0.</c1><c2>0., 1., 0.</c2><c3>0., 0., 1.</c3></rotation></pose><symmetry><x>none</x><y>none</y><z>none</z></symmetry><detectionScore>-1</detectionScore></element><element><id>4</id><category>kitchen_cabinet</category><bounds><corner1>-0.64691158, -0.31306542, -0.45973316</corner1><corner2>0.64691158, 0.31306542, 0.45973316</corner2></bounds><pose><translation> 1.43903933, -0.83720413,  0.1980068 </translation><rotation><c1>1., 0., 0.</c1><c2>0., 1., 0.</c2><c3>0., 0., 1.</c3></rotation></pose><symmetry><x>none</x><y>none</y><z>none</z></symmetry><detectionScore>-1</detectionScore></element><element><id>2</id><category>kitchen_cabinet</category><bounds><corner1>-0.02705008, -0.11357185, -0.52741553</corner1><corner2>0.02705008, 0.11357185, 0.52741553</corner2></bounds><pose><translation>-0.99503382, -0.60594535,  0.33280012</translation><rotation><c1>1., 0., 0.</c1><c2>0., 1., 0.</c2><c3>0., 0., 1.</c3></rotation></pose><symmetry><x>none</x><y>none</y><z>none</z></symmetry><detectionScore>-1</detectionScore></element><element><id>1</id><category>wall</category><bounds><corner1>-1.48647168, -1.08273485, -0.08691517</corner1><corner2>1.48647168, 1.08273485, 0.08691517</corner2></bounds><pose><translation>-0.04917542, -0.07411213, -1.84395907</translation><rotation><c1>1., 0., 0.</c1><c2>0., 1., 0.</c2><c3>0., 0., 1.</c3></rotation></pose><symmetry><x>none</x><y>none</y><z>none</z></symmetry><detectionScore>-1</detectionScore></element><element><id>8</id><category>wall</category><bounds><corner1>-1.79972167, -1.1631802 , -1.92692468</corner1><corner2>1.79972167, 1.1631802 , 1.92692468</corner2></bounds><pose><translation> 5.4064409 , -0.08361633, -0.42396064</translation><rotation><c1>1., 0., 0.</c1><c2>0., 1., 0.</c2><c3>0., 0., 1.</c3></rotation></pose><symmetry><x>none</x><y>none</y><z>none</z></symmetry><detectionScore>-1</detectionScore></element></elements></scene>