<?xml version='1.0' encoding='utf-8'?>
<scene xmlns:sumo="https://www.sumochallenge.org"><version>2.0</version><categories><id>fb_categories_v1_0</id><url>https://sumochallenge.org/en/categories-1_0.json</url></categories><project_type>bounding_box</project_type><elements><element><id>0</id><category>person</category><bounds><corner1>-1.5505225252107122, -0.5186584418426786, -0.738028541847479</corner1><corner2>1.5505225252107122, 0.5186584418426786, 0.738028541847479</corner2></bounds><pose><translation>2.5159782441940566, -0.4348998338261535, -0.9443859455045822</translation><rotation><c1>0, 0, 0</c1><c2>0, 0, 0</c2><c3>0, 0, 0</c3></rotation></pose><symmetry><x>twoFold</x><y>cylindrical</y><z>twoFold</z></symmetry><detectionScore>-1.0</detectionScore></element><element><id>1</id><category>window</category><bounds><corner1>-0.3113151060356536, -0.298622403043459, -0.7603091558024819</corner1><corner2>0.3113151060356536, 0.298622403043459, 0.7603091558024819</corner2></bounds><pose><translation>4.052919888652936, 3.4446122960680925, -0.020265365924966375</translation><rotation><c1>0, 0, 0</c1><c2>0, 0, 0</c2><c3>0, 0, 0</c3></rotation></pose><symmetry><x>twoFold</x><y>cylindrical</y><z>twoFold</z></symmetry><detectionScore>-1.0</detectionScore></element><element><id>2</id><category>desk</category><bounds><corner1>-0.21261752354958507, -1.4158197973995383, -0.16781603887677066</corner1><corner2>0.21261752354958507, 1.4158197973995383, 0.16781603887677066</corner2></bounds><pose><translation>-1.5218779043640265, -0.07729119451585201, -0.7056536140839313</translation><rotation><c1>0, 0, 0</c1><c2>0, 0, 0</c2><c3>0, 0, 0</c3></rotation></pose><symmetry><x>twoFold</x><y>cylindrical</y><z>twoFold</z></symmetry><detectionScore>-1.0</detectionScore></element><element><id>3</id><category>fruit_bowl</category><bounds><corner1>-0.028899046092177416, -0.22995755339230117, -0.14170322503117616</corner1><corner2>0.028899046092177416, 0.22995755339230117, 0.14170322503117616</corner2></bounds><pose><translation>-1.353294297040823, 0.017204694206498, -1.036633002513898</translation><rotation><c1>0, 0, 0</c1><c2>0, 0, 0</c2><c3>0, 0, 0</c3></rotation></pose><symmetry><x>twoFold</x><y>cylindrical</y><z>twoFold</z></symmetry><detectionScore>-1.0</detectionScore></element><element><id>4</id><category>wall</category><bounds><corner1>-2.5669494911141313, -0.11670317099440819, -1.4433631299154537</corner1><corner2>2.5669494911141313, 0.11670317099440819, 1.4433631299154537</corner2></bounds><pose><translation>1.1341512166361745, 4.560406506609121, -0.11277168076918365</translation><rotation><c1>0, 0, 0</c1><c2>0, 0, 0</c2><c3>0, 0, 0</c3></rotation></pose><symmetry><x>twoFold</x><y>cylindrical</y><z>twoFold</z></symmetry><detectionScore>-1.0</detectionScore></element><element><id>5</id><category>plant</category><bounds><corner1>-0.2408411242291626, -0.5997300111091283, -0.5310932716765903</corner1><corner2>0.2408411242291626, 0.5997300111091283, 0.5310932716765903</corner2></bounds><pose><translation>3.808600810900055, 0.9552575299215803, -1.3892551468844898</translation><rotation><c1>0, 0, 0</c1><c2>0, 0, 0</c2><c3>0, 0, 0</c3></rotation></pose><symmetry><x>twoFold</x><y>cylindrical</y><z>twoFold</z></symmetry><detectionScore>-1.0</detectionScore></element><element><id>6</id><category>desk</category><bounds><corner1>-0.5430030058700401, -1.39412410310294, -0.593833933172592</corner1><corner2>0.5430030058700401, 1.39412410310294, 0.593833933172592</corner2></bounds><pose><translation>-1.2226076648520683, 3.2141248714149304, -1.205042556074688</translation><rotation><c1>0, 0, 0</c1><c2>0, 0, 0</c2><c3>0, 0, 0</c3></rotation></pose><symmetry><x>twoFold</x><y>cylindrical</y><z>twoFold</z></symmetry><detectionScore>-1.0</detectionScore></element><element><id>7</id><category>single_bed</category><bounds><corner1>-2.1863218913525406, -0.7590931461225852, -0.5541416384266649</corner1><corner2>2.1863218913525406, 0.7590931461225852, 0.5541416384266649</corner2></bounds><pose><translation>1.8203228884912628, -0.6171956618746681, -1.0224010929548806</translation><rotation><c1>0, 0, 0</c1><c2>0, 0, 0</c2><c3>0, 0, 0</c3></rotation></pose><symmetry><x>twoFold</x><y>cylindrical</y><z>twoFold</z></symmetry><detectionScore>-1.0</detectionScore></element><element><id>8</id><category>picture_frame</category><bounds><corner1>-0.06144852038377491, -0.5819473382573481, -0.5738370572809444</corner1><corner2>0.06144852038377491, 0.5819473382573481, 0.5738370572809444</corner2></bounds><pose><translation>-1.9287572427595019, -0.33147653301263574, 0.6873521280129489</translation><rotation><c1>0, 0, 0</c1><c2>0, 0, 0</c2><c3>0, 0, 0</c3></rotation></pose><symmetry><x>twoFold</x><y>cylindrical</y><z>twoFold</z></symmetry><detectionScore>-1.0</detectionScore></element><element><id>9</id><category>loudspeaker</category><bounds><corner1>-0.1567829322533698, -1.0160708516487995, -0.524504818417164</corner1><corner2>0.1567829322533698, 1.0160708516487995, 0.524504818417164</corner2></bounds><pose><translation>-1.456792108342936, 2.1422147541609355, -1.062391577172392</translation><rotation><c1>0, 0, 0</c1><c2>0, 0, 0</c2><c3>0, 0, 0</c3></rotation></pose><symmetry><x>twoFold</x><y>cylindrical</y><z>twoFold</z></symmetry><detectionScore>-1.0</detectionScore></element><element><id>10</id><category>dresser</category><bounds><corner1>-1.7420580233122045, -0.6270051951739529, -0.4349014979555119</corner1><corner2>1.7420580233122045, 0.6270051951739529, 0.4349014979555119</corner2></bounds><pose><translation>1.808299138557486, -0.5857893057997967, -1.067556259465074</translation><rotation><c1>0, 0, 0</c1><c2>0, 0, 0</c2><c3>0, 0, 0</c3></rotation></pose><symmetry><x>twoFold</x><y>cylindrical</y><z>twoFold</z></symmetry><detectionScore>-1.0</detectionScore></element><element><id>11</id><category>dresser</category><bounds><corner1>-0.08334414527567113, -1.360458308984179, -0.27665742239815827</corner1><corner2>0.08334414527567113, 1.360458308984179, 0.27665742239815827</corner2></bounds><pose><translation>-1.3474956305070729, -0.09825994577549885, -0.8683645545869046</translation><rotation><c1>0, 0, 0</c1><c2>0, 0, 0</c2><c3>0, 0, 0</c3></rotation></pose><symmetry><x>twoFold</x><y>cylindrical</y><z>twoFold</z></symmetry><detectionScore>-1.0</detectionScore></element><element><id>12</id><category>wall</category><bounds><corner1>-0.3256525523744189, -2.3384072368866495, -1.4510672167354342</corner1><corner2>0.3256525523744189, 2.3384072368866495, 1.4510672167354342</corner2></bounds><pose><translation>3.973995966402118, 1.486247034586032, -0.1534161400190003</translation><rotation><c1>0, 0, 0</c1><c2>0, 0, 0</c2><c3>0, 0, 0</c3></rotation></pose><symmetry><x>twoFold</x><y>cylindrical</y><z>twoFold</z></symmetry><detectionScore>-1.0</detectionScore></element><element><id>13</id><category>wall</category><bounds><corner1>-0.4059168035117624, -0.9926149748299147, -1.1059394299910592</corner1><corner2>0.4059168035117624, 0.9926149748299147, 1.1059394299910592</corner2></bounds><pose><translation>3.952369086930048, 2.767206904611934, -0.10392139521991604</translation><rotation><c1>0, 0, 0</c1><c2>0, 0, 0</c2><c3>0, 0, 0</c3></rotation></pose><symmetry><x>twoFold</x><y>cylindrical</y><z>twoFold</z></symmetry><detectionScore>-1.0</detectionScore></element><element><id>14</id><category>door</category><bounds><corner1>-0.42393583048626393, -0.3985586935613088, -1.2744730418506574</corner1><corner2>0.42393583048626393, 0.3985586935613088, 1.2744730418506574</corner2></bounds><pose><translation>3.962884248763822, 3.4863787177663736, -0.39713529503401507</translation><rotation><c1>0, 0, 0</c1><c2>0, 0, 0</c2><c3>0, 0, 0</c3></rotation></pose><symmetry><x>twoFold</x><y>cylindrical</y><z>twoFold</z></symmetry><detectionScore>-1.0</detectionScore></element><element><id>15</id><category>television</category><bounds><corner1>-0.06363425654109278, -0.5410256475249677, -0.5411853769503729</corner1><corner2>0.06363425654109278, 0.5410256475249677, 0.5411853769503729</corner2></bounds><pose><translation>-1.9320013466585333, -0.3344215827258339, 0.649946327550122</translation><rotation><c1>0, 0, 0</c1><c2>0, 0, 0</c2><c3>0, 0, 0</c3></rotation></pose><symmetry><x>twoFold</x><y>cylindrical</y><z>twoFold</z></symmetry><detectionScore>-1.0</detectionScore></element><element><id>16</id><category>wall</category><bounds><corner1>-0.3093636081824021, -0.1167802088555634, -0.6770787398372947</corner1><corner2>0.3093636081824021, 0.1167802088555634, 0.6770787398372947</corner2></bounds><pose><translation>0.1084129071839788, -0.9862697753349089, -0.0010021151062200517</translation><rotation><c1>0, 0, 0</c1><c2>0, 0, 0</c2><c3>0, 0, 0</c3></rotation></pose><symmetry><x>twoFold</x><y>cylindrical</y><z>twoFold</z></symmetry><detectionScore>-1.0</detectionScore></element><element><id>17</id><category>office_chair</category><bounds><corner1>-0.47052142442682277, -0.18054180885606463, -0.5748230720109446</corner1><corner2>0.47052142442682277, 0.18054180885606463, 0.5748230720109446</corner2></bounds><pose><translation>-0.5111226371016894, 4.492431471922208, -1.114044272578177</translation><rotation><c1>0, 0, 0</c1><c2>0, 0, 0</c2><c3>0, 0, 0</c3></rotation></pose><symmetry><x>twoFold</x><y>cylindrical</y><z>twoFold</z></symmetry><detectionScore>-1.0</detectionScore></element><element><id>18</id><category>switch</category><bounds><corner1>-0.03330935755038911, -0.12522990309264403, -0.07789280490372419</corner1><corner2>0.03330935755038911, 0.12522990309264403, 0.07789280490372419</corner2></bounds><pose><translation>-1.2798265874737678, -0.7929469821299193, -1.0973609377030136</translation><rotation><c1>0, 0, 0</c1><c2>0, 0, 0</c2><c3>0, 0, 0</c3></rotation></pose><symmetry><x>twoFold</x><y>cylindrical</y><z>twoFold</z></symmetry><detectionScore>-1.0</detectionScore></element><element><id>19</id><category>desk</category><bounds><corner1>-1.833784611429115, -0.6573508927395839, -0.43059239388798387</corner1><corner2>1.833784611429115, 0.6573508927395839, 0.43059239388798387</corner2></bounds><pose><translation>1.8086331015877342, -0.5936004430225719, -1.067711315287239</translation><rotation><c1>0, 0, 0</c1><c2>0, 0, 0</c2><c3>0, 0, 0</c3></rotation></pose><symmetry><x>twoFold</x><y>cylindrical</y><z>twoFold</z></symmetry><detectionScore>-1.0</detectionScore></element></elements></scene>