<?xml version='1.0' encoding='utf-8'?>
<scene xmlns:sumo="https://www.sumochallenge.org"><version>2.0</version><categories><id>fb_categories_v1.0</id><url>https://sumochallenge.org/en/categories-1_0.json</url></categories><project_type>bounding_box</project_type><elements><element><id>4</id><category>picture_frame</category><bounds><corner1>-0.26794474, -0.59410515, -0.0624677 </corner1><corner2>0.26794474, 0.59410515, 0.0624677 </corner2></bounds><pose><translation>-1.48195983,  0.42475604,  1.13324188</translation><rotation><c1>1., 0., 0.</c1><c2>0., 1., 0.</c2><c3>0., 0., 1.</c3></rotation></pose><symmetry><x>none</x><y>fourFold</y><z>none</z></symmetry><detectionScore>0.7893878</detectionScore></element><element><id>1</id><category>wall</category><bounds><corner1>-0.11030019, -1.26875964, -1.25648939</corner1><corner2>0.11030019, 1.26875964, 1.25648939</corner2></bounds><pose><translation> 5.08963979, -0.12671964, -0.21399143</translation><rotation><c1>1., 0., 0.</c1><c2>0., 1., 0.</c2><c3>0., 0., 1.</c3></rotation></pose><symmetry><x>none</x><y>twoFold</y><z>none</z></symmetry><detectionScore>0.9830261</detectionScore></element><element><id>5</id><category>coffee_table</category><bounds><corner1>-1.19505884, -0.02136558, -0.34502899</corner1><corner2>1.19505884, 0.02136558, 0.34502899</corner2></bounds><pose><translation> 1.5570262 , -1.00669582, -0.397585  </translation><rotation><c1>1., 0., 0.</c1><c2>0., 1., 0.</c2><c3>0., 0., 1.</c3></rotation></pose><symmetry><x>none</x><y>twoFold</y><z>none</z></symmetry><detectionScore>0.91688323</detectionScore></element><element><id>3</id><category>door</category><bounds><corner1>-0.50876582, -0.94308022, -4.00562653</corner1><corner2>0.50876582, 0.94308022, 4.00562653</corner2></bounds><pose><translation> 0.09823224, -0.04764173,  1.1620363 </translation><rotation><c1>1., 0., 0.</c1><c2>0., 1., 0.</c2><c3>0., 0., 1.</c3></rotation></pose><symmetry><x>twoFold</x><y>twoFold</y><z>twoFold</z></symmetry><detectionScore>0.61913776</detectionScore></element><element><id>2</id><category>window</category><bounds><corner1>-0.24309944, -0.76055524, -4.30741092</corner1><corner2>0.24309944, 0.76055524, 4.30741092</corner2></bounds><pose><translation>-0.0821334 , -0.02228981,  0.96697944</translation><rotation><c1>1., 0., 0.</c1><c2>0., 1., 0.</c2><c3>0., 0., 1.</c3></rotation></pose><symmetry><x>none</x><y>twoFold</y><z>none</z></symmetry><detectionScore>0.70421916</detectionScore></element><element><id>6</id><category>wall</category><bounds><corner1>-0.50406304, -1.18843383, -1.48327393</corner1><corner2>0.50406304, 1.18843383, 1.48327393</corner2></bounds><pose><translation>-2.53311524, -0.05436669, -0.35414165</translation><rotation><c1>1., 0., 0.</c1><c2>0., 1., 0.</c2><c3>0., 0., 1.</c3></rotation></pose><symmetry><x>none</x><y>twoFold</y><z>none</z></symmetry><detectionScore>0.69046724</detectionScore></element></elements></scene>