<?xml version='1.0' encoding='utf-8'?>
<scene xmlns:sumo="https://www.sumochallenge.org"><version>2.0</version><categories><id>fb_categories_v1_0</id><url>https://sumochallenge.org/en/categories-1_0.json</url></categories><project_type>bounding_box</project_type><elements><element><id>0</id><category>kitchen_cabinet</category><bounds><corner1>-0.5530554466321663, -0.6768337022160189, -0.3592652795613711</corner1><corner2>0.5530554466321663, 0.6768337022160189, 0.3592652795613711</corner2></bounds><pose><translation>0.8159077622906502, -0.9644761239888339, -4.092639920190866</translation><rotation><c1>1, 0, 0</c1><c2>0, 1, 0</c2><c3>0, 0, 1</c3></rotation></pose><symmetry><x>twoFold</x><y>cylindrical</y><z>twoFold</z></symmetry><detectionScore>-1.0</detectionScore></element><element><id>1</id><category>wall</category><bounds><corner1>-1.1924861131804363, -1.3509990723709402, -1.2975402091814427</corner1><corner2>1.1924861131804363, 1.3509990723709402, 1.2975402091814427</corner2></bounds><pose><translation>-1.984482786614913, 0.12142133599376893, 0.3811141461599284</translation><rotation><c1>1, 0, 0</c1><c2>0, 1, 0</c2><c3>0, 0, 1</c3></rotation></pose><symmetry><x>twoFold</x><y>cylindrical</y><z>twoFold</z></symmetry><detectionScore>-1.0</detectionScore></element><element><id>2</id><category>kitchen_cabinet</category><bounds><corner1>-0.4809622743378307, -0.42118197086556286, -1.0912474227713074</corner1><corner2>0.4809622743378307, 0.42118197086556286, 1.0912474227713074</corner2></bounds><pose><translation>-1.0958963014805214, -0.5038116261291864, -1.8407567987672344</translation><rotation><c1>1, 0, 0</c1><c2>0, 1, 0</c2><c3>0, 0, 1</c3></rotation></pose><symmetry><x>twoFold</x><y>cylindrical</y><z>twoFold</z></symmetry><detectionScore>-1.0</detectionScore></element><element><id>3</id><category>coffee_machine</category><bounds><corner1>-1.1637830086778096, -0.4294887789016527, -1.8653461246627772</corner1><corner2>1.1637830086778096, 0.4294887789016527, 1.8653461246627772</corner2></bounds><pose><translation>-3.03072946543862, -0.43476960668735287, -5.19411210829644</translation><rotation><c1>1, 0, 0</c1><c2>0, 1, 0</c2><c3>0, 0, 1</c3></rotation></pose><symmetry><x>twoFold</x><y>cylindrical</y><z>twoFold</z></symmetry><detectionScore>-1.0</detectionScore></element><element><id>4</id><category>kitchen_cabinet</category><bounds><corner1>-0.4788583535868044, -1.5690270666950088, -1.483823885050323</corner1><corner2>0.4788583535868044, 1.5690270666950088, 1.483823885050323</corner2></bounds><pose><translation>0.936210890460169, -0.770638378451855, 2.08102876602574</translation><rotation><c1>1, 0, 0</c1><c2>0, 1, 0</c2><c3>0, 0, 1</c3></rotation></pose><symmetry><x>twoFold</x><y>cylindrical</y><z>twoFold</z></symmetry><detectionScore>-1.0</detectionScore></element><element><id>5</id><category>rug</category><bounds><corner1>-4.918776309173863, -0.2002226578769279, -0.42748970565271066</corner1><corner2>4.918776309173863, 0.2002226578769279, 0.42748970565271066</corner2></bounds><pose><translation>1.6618331652183032, -0.5619954233524977, -0.7773818524335625</translation><rotation><c1>1, 0, 0</c1><c2>0, 1, 0</c2><c3>0, 0, 1</c3></rotation></pose><symmetry><x>twoFold</x><y>cylindrical</y><z>twoFold</z></symmetry><detectionScore>-1.0</detectionScore></element><element><id>6</id><category>door</category><bounds><corner1>-0.7493219357031278, -0.9609372394109955, -0.9776401626365029</corner1><corner2>0.7493219357031278, 0.9609372394109955, 0.9776401626365029</corner2></bounds><pose><translation>-1.4847500039511634, -0.09107631243370437, 0.7846098503359366</translation><rotation><c1>1, 0, 0</c1><c2>0, 1, 0</c2><c3>0, 0, 1</c3></rotation></pose><symmetry><x>twoFold</x><y>cylindrical</y><z>twoFold</z></symmetry><detectionScore>-1.0</detectionScore></element><element><id>7</id><category>kitchen_cabinet</category><bounds><corner1>-1.9781904034185736, -1.358101914902378, -2.422195336126484</corner1><corner2>1.9781904034185736, 1.358101914902378, 2.422195336126484</corner2></bounds><pose><translation>-0.6522010731469059, 0.19950229894456953, -3.195755710863176</translation><rotation><c1>1, 0, 0</c1><c2>0, 1, 0</c2><c3>0, 0, 1</c3></rotation></pose><symmetry><x>twoFold</x><y>cylindrical</y><z>twoFold</z></symmetry><detectionScore>-1.0</detectionScore></element><element><id>8</id><category>plant</category><bounds><corner1>-0.43516346639354236, -0.6020770432436747, -0.2549243506085701</corner1><corner2>0.43516346639354236, 0.6020770432436747, 0.2549243506085701</corner2></bounds><pose><translation>-0.3858974888033395, -1.2302059926298894, 1.6368811806950365</translation><rotation><c1>1, 0, 0</c1><c2>0, 1, 0</c2><c3>0, 0, 1</c3></rotation></pose><symmetry><x>twoFold</x><y>cylindrical</y><z>twoFold</z></symmetry><detectionScore>-1.0</detectionScore></element><element><id>9</id><category>kitchen_cabinet</category><bounds><corner1>-1.1495004915117197, -0.49262209885330155, -1.845734519926801</corner1><corner2>1.1495004915117197, 0.49262209885330155, 1.845734519926801</corner2></bounds><pose><translation>-3.0079906508280545, -0.47582486728778295, -5.174500503560464</translation><rotation><c1>1, 0, 0</c1><c2>0, 1, 0</c2><c3>0, 0, 1</c3></rotation></pose><symmetry><x>twoFold</x><y>cylindrical</y><z>twoFold</z></symmetry><detectionScore>-1.0</detectionScore></element><element><id>10</id><category>range_hood</category><bounds><corner1>-0.8226036831934863, -0.4475180042294775, -0.9129237705001922</corner1><corner2>0.8226036831934863, 0.4475180042294775, 0.9129237705001922</corner2></bounds><pose><translation>-1.537125630633663, 1.0177022759729024, -3.638585157664586</translation><rotation><c1>1, 0, 0</c1><c2>0, 1, 0</c2><c3>0, 0, 1</c3></rotation></pose><symmetry><x>twoFold</x><y>cylindrical</y><z>twoFold</z></symmetry><detectionScore>-1.0</detectionScore></element><element><id>11</id><category>coffee_table</category><bounds><corner1>-5.142894904288791, -0.20945286640310118, -0.3980296004886663</corner1><corner2>5.142894904288791, 0.20945286640310118, 0.3980296004886663</corner2></bounds><pose><translation>1.66080679988558, -0.559148571864041, -0.7922747889446335</translation><rotation><c1>1, 0, 0</c1><c2>0, 1, 0</c2><c3>0, 0, 1</c3></rotation></pose><symmetry><x>twoFold</x><y>cylindrical</y><z>twoFold</z></symmetry><detectionScore>-1.0</detectionScore></element><element><id>12</id><category>fence</category><bounds><corner1>-5.222743711263618, -0.542606672032643, -2.616875633840134</corner1><corner2>5.222743711263618, 0.542606672032643, 2.616875633840134</corner2></bounds><pose><translation>1.5143366112660603, -0.23128480473840804, -2.616875633840134</translation><rotation><c1>1, 0, 0</c1><c2>0, 1, 0</c2><c3>0, 0, 1</c3></rotation></pose><symmetry><x>twoFold</x><y>cylindrical</y><z>twoFold</z></symmetry><detectionScore>-1.0</detectionScore></element><element><id>13</id><category>wall</category><bounds><corner1>-5.079356476976612, -1.7735570049249092, -2.7719431450825707</corner1><corner2>5.079356476976612, 1.7735570049249092, 2.7719431450825707</corner2></bounds><pose><translation>1.4630154274202758, -0.05616173517201371, -2.7719431450825707</translation><rotation><c1>1, 0, 0</c1><c2>0, 1, 0</c2><c3>0, 0, 1</c3></rotation></pose><symmetry><x>twoFold</x><y>cylindrical</y><z>twoFold</z></symmetry><detectionScore>-1.0</detectionScore></element><element><id>14</id><category>wall</category><bounds><corner1>-0.6460506442722431, -1.1350165708429238, -1.4463763422884752</corner1><corner2>0.6460506442722431, 1.1350165708429238, 1.4463763422884752</corner2></bounds><pose><translation>0.48149667234893845, -0.25142455174371725, 2.119012978924803</translation><rotation><c1>1, 0, 0</c1><c2>0, 1, 0</c2><c3>0, 0, 1</c3></rotation></pose><symmetry><x>twoFold</x><y>cylindrical</y><z>twoFold</z></symmetry><detectionScore>-1.0</detectionScore></element><element><id>15</id><category>kitchen_cabinet</category><bounds><corner1>-0.4930591588328007, -0.45721369678521073, -1.3652046815614591</corner1><corner2>0.4930591588328007, 0.45721369678521073, 1.3652046815614591</corner2></bounds><pose><translation>-1.2503396955375463, -0.9625862990128311, -3.1538008835283398</translation><rotation><c1>1, 0, 0</c1><c2>0, 1, 0</c2><c3>0, 0, 1</c3></rotation></pose><symmetry><x>twoFold</x><y>cylindrical</y><z>twoFold</z></symmetry><detectionScore>-1.0</detectionScore></element><element><id>16</id><category>wall</category><bounds><corner1>-2.2565696830887387, -1.4586149995936106, -4.142690624948912</corner1><corner2>2.2565696830887387, 1.4586149995936106, 4.142690624948912</corner2></bounds><pose><translation>-0.941531886570884, -0.016538376273248976, -5.087955817406097</translation><rotation><c1>1, 0, 0</c1><c2>0, 1, 0</c2><c3>0, 0, 1</c3></rotation></pose><symmetry><x>twoFold</x><y>cylindrical</y><z>twoFold</z></symmetry><detectionScore>-1.0</detectionScore></element><element><id>17</id><category>chair</category><bounds><corner1>-2.504417377348571, -1.177552562731647, -2.5215610253170353</corner1><corner2>2.504417377348571, 1.177552562731647, 2.5215610253170353</corner2></bounds><pose><translation>5.429614503402041, -1.2888020748869757, -3.533424934636516</translation><rotation><c1>1, 0, 0</c1><c2>0, 1, 0</c2><c3>0, 0, 1</c3></rotation></pose><symmetry><x>twoFold</x><y>cylindrical</y><z>twoFold</z></symmetry><detectionScore>-1.0</detectionScore></element><element><id>18</id><category>chair</category><bounds><corner1>-0.500472956806367, -0.7435758304027159, -1.0396969367294537</corner1><corner2>0.500472956806367, 0.7435758304027159, 1.0396969367294537</corner2></bounds><pose><translation>-1.1624938880914115, -1.30473509660887, -2.879320711122018</translation><rotation><c1>1, 0, 0</c1><c2>0, 1, 0</c2><c3>0, 0, 1</c3></rotation></pose><symmetry><x>twoFold</x><y>cylindrical</y><z>twoFold</z></symmetry><detectionScore>-1.0</detectionScore></element><element><id>19</id><category>chair</category><bounds><corner1>-0.03575473466993495, -0.28860308476828905, -0.04681687720936423</corner1><corner2>0.03575473466993495, 0.28860308476828905, 0.04681687720936423</corner2></bounds><pose><translation>1.6390746085569436, -0.4047419443146762, -1.0066102764327198</translation><rotation><c1>1, 0, 0</c1><c2>0, 1, 0</c2><c3>0, 0, 1</c3></rotation></pose><symmetry><x>twoFold</x><y>cylindrical</y><z>twoFold</z></symmetry><detectionScore>-1.0</detectionScore></element><element><id>20</id><category>plant</category><bounds><corner1>-5.163731756867394, -0.6122836247026621, -2.7902664802020847</corner1><corner2>5.163731756867394, 0.6122836247026621, 2.7902664802020847</corner2></bounds><pose><translation>1.5009109130600307, -0.4745215558848208, -2.7902664802020847</translation><rotation><c1>1, 0, 0</c1><c2>0, 1, 0</c2><c3>0, 0, 1</c3></rotation></pose><symmetry><x>twoFold</x><y>cylindrical</y><z>twoFold</z></symmetry><detectionScore>-1.0</detectionScore></element><element><id>21</id><category>chandelier</category><bounds><corner1>-0.05047184444140351, -0.9966858298079927, -0.1539206422053836</corner1><corner2>0.05047184444140351, 0.9966858298079927, 0.1539206422053836</corner2></bounds><pose><translation>-0.6638736023560156, 0.48836866235726417, -0.9613167569775365</translation><rotation><c1>1, 0, 0</c1><c2>0, 1, 0</c2><c3>0, 0, 1</c3></rotation></pose><symmetry><x>twoFold</x><y>cylindrical</y><z>twoFold</z></symmetry><detectionScore>-1.0</detectionScore></element><element><id>22</id><category>door</category><bounds><corner1>-1.0305963181675304, -1.8952649393942465, -1.556511848777423</corner1><corner2>1.0305963181675304, 1.8952649393942465, 1.556511848777423</corner2></bounds><pose><translation>0.8564757879438396, -0.36913100054088205, 2.0088774724358553</translation><rotation><c1>1, 0, 0</c1><c2>0, 1, 0</c2><c3>0, 0, 1</c3></rotation></pose><symmetry><x>twoFold</x><y>cylindrical</y><z>twoFold</z></symmetry><detectionScore>-1.0</detectionScore></element><element><id>23</id><category>kitchen_cabinet</category><bounds><corner1>-0.7977110809038321, -1.530603431338439, -1.0286257402317656</corner1><corner2>0.7977110809038321, 1.530603431338439, 1.0286257402317656</corner2></bounds><pose><translation>-1.1596767299906865, -0.0827283219714088, -3.648443038916266</translation><rotation><c1>1, 0, 0</c1><c2>0, 1, 0</c2><c3>0, 0, 1</c3></rotation></pose><symmetry><x>twoFold</x><y>cylindrical</y><z>twoFold</z></symmetry><detectionScore>-1.0</detectionScore></element><element><id>24</id><category>chair</category><bounds><corner1>-0.4873506451751032, -0.7689986416246697, -1.2489623418559868</corner1><corner2>0.4873506451751032, 0.7689986416246697, 1.2489623418559868</corner2></bounds><pose><translation>-1.0765890131948497, -0.959971892823351, -1.9914204867129208</translation><rotation><c1>1, 0, 0</c1><c2>0, 1, 0</c2><c3>0, 0, 1</c3></rotation></pose><symmetry><x>twoFold</x><y>cylindrical</y><z>twoFold</z></symmetry><detectionScore>-1.0</detectionScore></element><element><id>25</id><category>plant</category><bounds><corner1>-0.7312635140863377, -0.7933217564078368, -1.1234836497280487</corner1><corner2>0.7312635140863377, 0.7933217564078368, 1.1234836497280487</corner2></bounds><pose><translation>-1.430856428540365, -0.5252604843675958, 0.6387663632443907</translation><rotation><c1>1, 0, 0</c1><c2>0, 1, 0</c2><c3>0, 0, 1</c3></rotation></pose><symmetry><x>twoFold</x><y>cylindrical</y><z>twoFold</z></symmetry><detectionScore>-1.0</detectionScore></element><element><id>26</id><category>plant</category><bounds><corner1>-3.4856279314557175, -0.44962010182167306, -4.438053116794842</corner1><corner2>3.4856279314557175, 0.44962010182167306, 4.438053116794842</corner2></bounds><pose><translation>3.675186951064592, -0.44962010182167306, -4.438053116794842</translation><rotation><c1>1, 0, 0</c1><c2>0, 1, 0</c2><c3>0, 0, 1</c3></rotation></pose><symmetry><x>twoFold</x><y>cylindrical</y><z>twoFold</z></symmetry><detectionScore>-1.0</detectionScore></element><element><id>27</id><category>wall</category><bounds><corner1>-1.41397983798166, -1.6286794361164736, -1.661568103365301</corner1><corner2>1.41397983798166, 1.6286794361164736, 1.661568103365301</corner2></bounds><pose><translation>0.47309226812970995, -0.10254549726310927, 1.9038212178479774</translation><rotation><c1>1, 0, 0</c1><c2>0, 1, 0</c2><c3>0, 0, 1</c3></rotation></pose><symmetry><x>twoFold</x><y>cylindrical</y><z>twoFold</z></symmetry><detectionScore>-1.0</detectionScore></element><element><id>28</id><category>chair</category><bounds><corner1>-0.3528147354053768, -0.39916731299134045, -1.357685166832153</corner1><corner2>0.3528147354053768, 0.39916731299134045, 1.357685166832153</corner2></bounds><pose><translation>-1.1149613104578258, -0.6096689459784462, 0.031459797585727686</translation><rotation><c1>1, 0, 0</c1><c2>0, 1, 0</c2><c3>0, 0, 1</c3></rotation></pose><symmetry><x>twoFold</x><y>cylindrical</y><z>twoFold</z></symmetry><detectionScore>-1.0</detectionScore></element><element><id>29</id><category>kitchen_cabinet</category><bounds><corner1>-1.3367674024896616, -0.9282073685432847, -2.7118241706565023</corner1><corner2>1.3367674024896616, 0.9282073685432847, 2.7118241706565023</corner2></bounds><pose><translation>-1.967356012540839, -0.37092063785575513, -3.639616439503964</translation><rotation><c1>1, 0, 0</c1><c2>0, 1, 0</c2><c3>0, 0, 1</c3></rotation></pose><symmetry><x>twoFold</x><y>cylindrical</y><z>twoFold</z></symmetry><detectionScore>-1.0</detectionScore></element></elements></scene>