<?xml version='1.0' encoding='utf-8'?>
<scene xmlns:sumo="https://www.sumochallenge.org"><version>2.0</version><categories><id>fb_categories_v1_0</id><url>https://sumochallenge.org/en/categories-1_0.json</url></categories><project_type>bounding_box</project_type><elements><element><id>0</id><category>armchair</category><bounds><corner1>-0.08755692721597885, -0.8587158072210269, -0.31031269247048554</corner1><corner2>0.08755692721597885, 0.8587158072210269, 0.31031269247048554</corner2></bounds><pose><translation>-1.522802574493349, 0.6966076672321201, -0.9620016290965389</translation><rotation><c1>0, 0, 0</c1><c2>0, 0, 0</c2><c3>0, 0, 0</c3></rotation></pose><symmetry><x>twoFold</x><y>cylindrical</y><z>twoFold</z></symmetry><detectionScore>-1.0</detectionScore></element><element><id>1</id><category>wall</category><bounds><corner1>-0.9592961066709149, -1.052921507200165, -1.3960260532716569</corner1><corner2>0.9592961066709149, 1.052921507200165, 1.3960260532716569</corner2></bounds><pose><translation>-2.4397902337407347, -4.544489003689976, -0.1455460414879476</translation><rotation><c1>0, 0, 0</c1><c2>0, 0, 0</c2><c3>0, 0, 0</c3></rotation></pose><symmetry><x>twoFold</x><y>cylindrical</y><z>twoFold</z></symmetry><detectionScore>-1.0</detectionScore></element><element><id>2</id><category>tv_stand</category><bounds><corner1>-1.8443688102495774, -0.5225217004547265, -1.666877838260913</corner1><corner2>1.8443688102495774, 0.5225217004547265, 1.666877838260913</corner2></bounds><pose><translation>-0.19173364002943344, 2.4699906163044334, -0.5371160615497138</translation><rotation><c1>0, 0, 0</c1><c2>0, 0, 0</c2><c3>0, 0, 0</c3></rotation></pose><symmetry><x>twoFold</x><y>cylindrical</y><z>twoFold</z></symmetry><detectionScore>-1.0</detectionScore></element><element><id>3</id><category>plant</category><bounds><corner1>-0.27201124090244067, -0.22789550144034787, -0.3062811914844494</corner1><corner2>0.27201124090244067, 0.22789550144034787, 0.3062811914844494</corner2></bounds><pose><translation>-2.2714992360393227, 1.2040747684992748, -0.6349517483861599</translation><rotation><c1>0, 0, 0</c1><c2>0, 0, 0</c2><c3>0, 0, 0</c3></rotation></pose><symmetry><x>twoFold</x><y>cylindrical</y><z>twoFold</z></symmetry><detectionScore>-1.0</detectionScore></element><element><id>4</id><category>wall</category><bounds><corner1>-0.14550895622812998, -1.1547626183384627, -1.6145796515028614</corner1><corner2>0.14550895622812998, 1.1547626183384627, 1.6145796515028614</corner2></bounds><pose><translation>-2.2931279257322936, -0.8796656150343556, -0.17341808877830264</translation><rotation><c1>0, 0, 0</c1><c2>0, 0, 0</c2><c3>0, 0, 0</c3></rotation></pose><symmetry><x>twoFold</x><y>cylindrical</y><z>twoFold</z></symmetry><detectionScore>-1.0</detectionScore></element><element><id>5</id><category>door</category><bounds><corner1>-0.09902780757654606, -0.7166132943704033, -1.4506191975055742</corner1><corner2>0.09902780757654606, 0.7166132943704033, 1.4506191975055742</corner2></bounds><pose><translation>3.294892832370457, -2.064970303751113, -0.3709628571581555</translation><rotation><c1>0, 0, 0</c1><c2>0, 0, 0</c2><c3>0, 0, 0</c3></rotation></pose><symmetry><x>twoFold</x><y>cylindrical</y><z>twoFold</z></symmetry><detectionScore>-1.0</detectionScore></element><element><id>6</id><category>television</category><bounds><corner1>-0.48937950448306833, -0.36916309680425163, -0.3851275587012286</corner1><corner2>0.48937950448306833, 0.36916309680425163, 0.3851275587012286</corner2></bounds><pose><translation>0.19510981862164764, 2.6072275189956953, 0.563781122169795</translation><rotation><c1>0, 0, 0</c1><c2>0, 0, 0</c2><c3>0, 0, 0</c3></rotation></pose><symmetry><x>twoFold</x><y>cylindrical</y><z>twoFold</z></symmetry><detectionScore>-1.0</detectionScore></element><element><id>7</id><category>curtain</category><bounds><corner1>-0.05142059370801033, -0.6156145109972154, -0.17884798077393982</corner1><corner2>0.05142059370801033, 0.6156145109972154, 0.17884798077393982</corner2></bounds><pose><translation>1.7632711764782856, 0.7259380743833969, 1.2597217706850956</translation><rotation><c1>0, 0, 0</c1><c2>0, 0, 0</c2><c3>0, 0, 0</c3></rotation></pose><symmetry><x>twoFold</x><y>cylindrical</y><z>twoFold</z></symmetry><detectionScore>-1.0</detectionScore></element><element><id>8</id><category>tv_stand</category><bounds><corner1>-1.5863205693471876, -0.33124614520236584, -1.0311190800212648</corner1><corner2>1.5863205693471876, 0.33124614520236584, 1.0311190800212648</corner2></bounds><pose><translation>0.3179169956713093, -4.411489515745071, -0.6681622330071693</translation><rotation><c1>0, 0, 0</c1><c2>0, 0, 0</c2><c3>0, 0, 0</c3></rotation></pose><symmetry><x>twoFold</x><y>cylindrical</y><z>twoFold</z></symmetry><detectionScore>-1.0</detectionScore></element><element><id>9</id><category>door</category><bounds><corner1>-0.11627212966619105, -0.7295857201933975, -1.3764254475765705</corner1><corner2>0.11627212966619105, 0.7295857201933975, 1.3764254475765705</corner2></bounds><pose><translation>-2.289532768247095, -1.2433788580492058, -0.4121885685464889</translation><rotation><c1>0, 0, 0</c1><c2>0, 0, 0</c2><c3>0, 0, 0</c3></rotation></pose><symmetry><x>twoFold</x><y>cylindrical</y><z>twoFold</z></symmetry><detectionScore>-1.0</detectionScore></element><element><id>10</id><category>wall</category><bounds><corner1>-3.160289891439166, -0.688623576337442, -1.3885979000597466</corner1><corner2>3.160289891439166, 0.688623576337442, 1.3885979000597466</corner2></bounds><pose><translation>-0.004325500758752169, -4.542748872445889, -0.0816237784121504</translation><rotation><c1>0, 0, 0</c1><c2>0, 0, 0</c2><c3>0, 0, 0</c3></rotation></pose><symmetry><x>twoFold</x><y>cylindrical</y><z>twoFold</z></symmetry><detectionScore>-1.0</detectionScore></element><element><id>11</id><category>chair</category><bounds><corner1>-0.06046328103211174, -0.7780256685742539, -0.3210935837622765</corner1><corner2>0.06046328103211174, 0.7780256685742539, 0.3210935837622765</corner2></bounds><pose><translation>-1.4936386576770428, 0.6790540429184313, -0.9709263926522855</translation><rotation><c1>0, 0, 0</c1><c2>0, 0, 0</c2><c3>0, 0, 0</c3></rotation></pose><symmetry><x>twoFold</x><y>cylindrical</y><z>twoFold</z></symmetry><detectionScore>-1.0</detectionScore></element><element><id>12</id><category>shelving</category><bounds><corner1>-1.3614087513555253, -0.6166891657540754, -0.5394100132105111</corner1><corner2>1.3614087513555253, 0.6166891657540754, 0.5394100132105111</corner2></bounds><pose><translation>-0.774738955852941, 2.2785845712045814, -1.0316661044729334</translation><rotation><c1>0, 0, 0</c1><c2>0, 0, 0</c2><c3>0, 0, 0</c3></rotation></pose><symmetry><x>twoFold</x><y>cylindrical</y><z>twoFold</z></symmetry><detectionScore>-1.0</detectionScore></element><element><id>13</id><category>refrigerator</category><bounds><corner1>-0.5474514883913066, -0.8767151481853386, -1.31427231139612</corner1><corner2>0.5474514883913066, 0.8767151481853386, 1.31427231139612</corner2></bounds><pose><translation>1.2997386096288863, 0.5570356465544573, -0.15685091832428405</translation><rotation><c1>0, 0, 0</c1><c2>0, 0, 0</c2><c3>0, 0, 0</c3></rotation></pose><symmetry><x>twoFold</x><y>cylindrical</y><z>twoFold</z></symmetry><detectionScore>-1.0</detectionScore></element><element><id>14</id><category>shelving</category><bounds><corner1>-0.04965943984933818, -0.5802016661292732, -0.17301665391344834</corner1><corner2>0.04965943984933818, 0.5802016661292732, 0.17301665391344834</corner2></bounds><pose><translation>1.7644317917132608, 0.7417297503920152, 1.2655903213919357</translation><rotation><c1>0, 0, 0</c1><c2>0, 0, 0</c2><c3>0, 0, 0</c3></rotation></pose><symmetry><x>twoFold</x><y>cylindrical</y><z>twoFold</z></symmetry><detectionScore>-1.0</detectionScore></element><element><id>15</id><category>wall</category><bounds><corner1>-1.4299703076826291, -0.37415023784081924, -1.0187995345989957</corner1><corner2>1.4299703076826291, 0.37415023784081924, 1.0187995345989957</corner2></bounds><pose><translation>0.16671368889726246, 2.63300616869974, 0.38683607353146987</translation><rotation><c1>0, 0, 0</c1><c2>0, 0, 0</c2><c3>0, 0, 0</c3></rotation></pose><symmetry><x>twoFold</x><y>cylindrical</y><z>twoFold</z></symmetry><detectionScore>-1.0</detectionScore></element><element><id>16</id><category>mirror</category><bounds><corner1>-0.07901511420280949, -0.40372399594527897, -1.1413306569852781</corner1><corner2>0.07901511420280949, 0.40372399594527897, 1.1413306569852781</corner2></bounds><pose><translation>3.162498226158434, -3.804042273807416, -0.1316951867175361</translation><rotation><c1>0, 0, 0</c1><c2>0, 0, 0</c2><c3>0, 0, 0</c3></rotation></pose><symmetry><x>twoFold</x><y>cylindrical</y><z>twoFold</z></symmetry><detectionScore>-1.0</detectionScore></element><element><id>17</id><category>wall</category><bounds><corner1>-0.538594818202577, -0.061667783577962584, -1.005600039077075</corner1><corner2>0.538594818202577, 0.061667783577962584, 1.005600039077075</corner2></bounds><pose><translation>1.3523826578406593, 0.10851331512222125, 0.009658934450636236</translation><rotation><c1>0, 0, 0</c1><c2>0, 0, 0</c2><c3>0, 0, 0</c3></rotation></pose><symmetry><x>twoFold</x><y>cylindrical</y><z>twoFold</z></symmetry><detectionScore>-1.0</detectionScore></element><element><id>18</id><category>curtain</category><bounds><corner1>-0.8921099305303462, -0.36173736050601457, -0.610675860448809</corner1><corner2>0.8921099305303462, 0.36173736050601457, 0.610675860448809</corner2></bounds><pose><translation>-0.07392908727308284, 2.5998972637438245, 0.6901187864957505</translation><rotation><c1>0, 0, 0</c1><c2>0, 0, 0</c2><c3>0, 0, 0</c3></rotation></pose><symmetry><x>twoFold</x><y>cylindrical</y><z>twoFold</z></symmetry><detectionScore>-1.0</detectionScore></element><element><id>19</id><category>shelving</category><bounds><corner1>-1.6483037971982273, -0.35363739556004603, -0.985746702565952</corner1><corner2>1.6483037971982273, 0.35363739556004603, 0.985746702565952</corner2></bounds><pose><translation>0.3694180683217382, -4.433407664048851, -0.4599396848387317</translation><rotation><c1>0, 0, 0</c1><c2>0, 0, 0</c2><c3>0, 0, 0</c3></rotation></pose><symmetry><x>twoFold</x><y>cylindrical</y><z>twoFold</z></symmetry><detectionScore>-1.0</detectionScore></element><element><id>20</id><category>window</category><bounds><corner1>-1.0166755123391444, -0.38916492196048136, -0.7697825877382196</corner1><corner2>1.0166755123391444, 0.38916492196048136, 0.7697825877382196</corner2></bounds><pose><translation>-0.008778240404356989, 2.6234854196330346, 0.2431045699090762</translation><rotation><c1>0, 0, 0</c1><c2>0, 0, 0</c2><c3>0, 0, 0</c3></rotation></pose><symmetry><x>twoFold</x><y>cylindrical</y><z>twoFold</z></symmetry><detectionScore>-1.0</detectionScore></element><element><id>21</id><category>fireplace</category><bounds><corner1>-1.381048011933069, -0.3241296325984333, -0.971675704569434</corner1><corner2>1.381048011933069, 0.3241296325984333, 0.971675704569434</corner2></bounds><pose><translation>0.2712745308938157, -4.4040065281649134, -0.6252500176802471</translation><rotation><c1>0, 0, 0</c1><c2>0, 0, 0</c2><c3>0, 0, 0</c3></rotation></pose><symmetry><x>twoFold</x><y>cylindrical</y><z>twoFold</z></symmetry><detectionScore>-1.0</detectionScore></element><element><id>22</id><category>wall</category><bounds><corner1>-0.4829747103769424, -0.8739590373484648, -1.4182217012075344</corner1><corner2>0.4829747103769424, 0.8739590373484648, 1.4182217012075344</corner2></bounds><pose><translation>1.3102024107408612, 0.6733917117546969, 0.02668401737397804</translation><rotation><c1>0, 0, 0</c1><c2>0, 0, 0</c2><c3>0, 0, 0</c3></rotation></pose><symmetry><x>twoFold</x><y>cylindrical</y><z>twoFold</z></symmetry><detectionScore>-1.0</detectionScore></element></elements></scene>