<?xml version='1.0' encoding='utf-8'?>
<scene xmlns:sumo="https://www.sumochallenge.org"><version>2.0</version><categories><id>fb_categories_v1.0</id><url>https://sumochallenge.org/en/categories-1_0.json</url></categories><project_type>bounding_box</project_type><elements><element><id>25</id><category>shelving</category><bounds><corner1>-1.62897093, -0.43335675, -2.26399641</corner1><corner2>-1.38284363,  0.28377898, -1.7771019 </corner2></bounds><pose><translation>0., 0., 0.</translation><rotation><c1>1., 0., 0.</c1><c2>0., 1., 0.</c2><c3>0., 0., 1.</c3></rotation></pose><symmetry><x>none</x><y>none</y><z>none</z></symmetry><detectionScore>-1</detectionScore></element><element><id>24</id><category>kitchen_cabinet</category><bounds><corner1>-0.76746919, -1.45105814, -3.42777959</corner1><corner2> 0.34850054,  0.93430474, -2.67816552</corner2></bounds><pose><translation>0., 0., 0.</translation><rotation><c1>1., 0., 0.</c1><c2>0., 1., 0.</c2><c3>0., 0., 1.</c3></rotation></pose><symmetry><x>none</x><y>none</y><z>none</z></symmetry><detectionScore>-1</detectionScore></element><element><id>19</id><category>chair</category><bounds><corner1> 1.46463462, -1.47454847, -2.8120146 </corner1><corner2> 2.60077472, -0.57342253, -1.88412651</corner2></bounds><pose><translation>0., 0., 0.</translation><rotation><c1>1., 0., 0.</c1><c2>0., 1., 0.</c2><c3>0., 0., 1.</c3></rotation></pose><symmetry><x>none</x><y>none</y><z>none</z></symmetry><detectionScore>-1</detectionScore></element><element><id>17</id><category>kitchen_cabinet</category><bounds><corner1>-1.61599924, -0.82576074, -0.42702856</corner1><corner2>-0.97701216, -0.38235805,  0.78059246</corner2></bounds><pose><translation>0., 0., 0.</translation><rotation><c1>1., 0., 0.</c1><c2>0., 1., 0.</c2><c3>0., 0., 1.</c3></rotation></pose><symmetry><x>none</x><y>none</y><z>none</z></symmetry><detectionScore>-1</detectionScore></element><element><id>12</id><category>sofa</category><bounds><corner1> 4.58259714, -1.47132883,  0.87562362</corner1><corner2>10.52917431, -0.35130743,  5.4296915 </corner2></bounds><pose><translation>0., 0., 0.</translation><rotation><c1>1., 0., 0.</c1><c2>0., 1., 0.</c2><c3>0., 0., 1.</c3></rotation></pose><symmetry><x>none</x><y>none</y><z>none</z></symmetry><detectionScore>-1</detectionScore></element><element><id>36</id><category>door</category><bounds><corner1> 0.30668111, -1.43039164, -3.36823207</corner1><corner2> 1.86057196,  1.03979034, -2.57892797</corner2></bounds><pose><translation>0., 0., 0.</translation><rotation><c1>1., 0., 0.</c1><c2>0., 1., 0.</c2><c3>0., 0., 1.</c3></rotation></pose><symmetry><x>none</x><y>none</y><z>none</z></symmetry><detectionScore>-1</detectionScore></element><element><id>44</id><category>wall</category><bounds><corner1> 1.19900385, -1.23267326,  1.12442886</corner1><corner2>13.94799365,  1.2003944 ,  9.01238658</corner2></bounds><pose><translation>0., 0., 0.</translation><rotation><c1>1., 0., 0.</c1><c2>0., 1., 0.</c2><c3>0., 0., 1.</c3></rotation></pose><symmetry><x>none</x><y>none</y><z>none</z></symmetry><detectionScore>-1</detectionScore></element><element><id>7</id><category>wall</category><bounds><corner1> 2.64303927, -0.77792634, -2.80492472</corner1><corner2> 7.9407981 ,  1.16329002, -0.59590124</corner2></bounds><pose><translation>0., 0., 0.</translation><rotation><c1>1., 0., 0.</c1><c2>0., 1., 0.</c2><c3>0., 0., 1.</c3></rotation></pose><symmetry><x>none</x><y>none</y><z>none</z></symmetry><detectionScore>-1</detectionScore></element><element><id>45</id><category>window</category><bounds><corner1> 2.64287815, -0.68806859, -2.80762495</corner1><corner2> 7.88903362,  1.18849731, -0.60634934</corner2></bounds><pose><translation>0., 0., 0.</translation><rotation><c1>1., 0., 0.</c1><c2>0., 1., 0.</c2><c3>0., 0., 1.</c3></rotation></pose><symmetry><x>none</x><y>none</y><z>none</z></symmetry><detectionScore>-1</detectionScore></element><element><id>10</id><category>washer</category><bounds><corner1>-1.45280129, -1.46442452, -2.55996921</corner1><corner2>-0.8227248 , -0.45390188, -1.08299313</corner2></bounds><pose><translation>0., 0., 0.</translation><rotation><c1>1., 0., 0.</c1><c2>0., 1., 0.</c2><c3>0., 0., 1.</c3></rotation></pose><symmetry><x>none</x><y>none</y><z>none</z></symmetry><detectionScore>-1</detectionScore></element><element><id>43</id><category>wall</category><bounds><corner1>-1.69602034, -0.73385136, -1.14807037</corner1><corner2>-0.98399169,  1.09432247,  1.42168218</corner2></bounds><pose><translation>0., 0., 0.</translation><rotation><c1>1., 0., 0.</c1><c2>0., 1., 0.</c2><c3>0., 0., 1.</c3></rotation></pose><symmetry><x>none</x><y>none</y><z>none</z></symmetry><detectionScore>-1</detectionScore></element><element><id>26</id><category>kitchen_cabinet</category><bounds><corner1> 1.17542607, -1.44687578, -3.362923  </corner1><corner2> 2.52882191, -0.27393498, -2.03994954</corner2></bounds><pose><translation>0., 0., 0.</translation><rotation><c1>1., 0., 0.</c1><c2>0., 1., 0.</c2><c3>0., 0., 1.</c3></rotation></pose><symmetry><x>none</x><y>none</y><z>none</z></symmetry><detectionScore>-1</detectionScore></element><element><id>41</id><category>microwave</category><bounds><corner1> 0.43725288, -0.4879585 ,  1.10602804</corner1><corner2> 1.16258278, -0.16729687,  1.43795606</corner2></bounds><pose><translation>0., 0., 0.</translation><rotation><c1>1., 0., 0.</c1><c2>0., 1., 0.</c2><c3>0., 0., 1.</c3></rotation></pose><symmetry><x>none</x><y>none</y><z>none</z></symmetry><detectionScore>-1</detectionScore></element><element><id>2</id><category>chair</category><bounds><corner1> 2.02089441, -1.47398739, -2.10603766</corner1><corner2> 2.7917588 , -0.64042162, -1.03034792</corner2></bounds><pose><translation>0., 0., 0.</translation><rotation><c1>1., 0., 0.</c1><c2>0., 1., 0.</c2><c3>0., 0., 1.</c3></rotation></pose><symmetry><x>none</x><y>none</y><z>none</z></symmetry><detectionScore>-1</detectionScore></element><element><id>40</id><category>kitchen_cabinet</category><bounds><corner1>-1.54869983, -1.46310942, -2.51507891</corner1><corner2>-0.8340226 , -0.43255997, -1.08801155</corner2></bounds><pose><translation>0., 0., 0.</translation><rotation><c1>1., 0., 0.</c1><c2>0., 1., 0.</c2><c3>0., 0., 1.</c3></rotation></pose><symmetry><x>none</x><y>none</y><z>none</z></symmetry><detectionScore>-1</detectionScore></element><element><id>38</id><category>coffee_table</category><bounds><corner1> 2.64500903, -1.46500962, -1.16722889</corner1><corner2> 8.1595188 , -0.29686659,  0.09363889</corner2></bounds><pose><translation>0., 0., 0.</translation><rotation><c1>1., 0., 0.</c1><c2>0., 1., 0.</c2><c3>0., 0., 1.</c3></rotation></pose><symmetry><x>none</x><y>none</y><z>none</z></symmetry><detectionScore>-1</detectionScore></element><element><id>48</id><category>tv_stand</category><bounds><corner1> 1.33702203, -1.43956619,  1.12486876</corner1><corner2>13.97873896,  1.17428821,  9.06883554</corner2></bounds><pose><translation>0., 0., 0.</translation><rotation><c1>1., 0., 0.</c1><c2>0., 1., 0.</c2><c3>0., 0., 1.</c3></rotation></pose><symmetry><x>none</x><y>none</y><z>none</z></symmetry><detectionScore>-1</detectionScore></element><element><id>31</id><category>glass</category><bounds><corner1>-1.0366841 , -0.80521805, -1.52389898</corner1><corner2>-0.95552892, -0.47884983, -1.40317454</corner2></bounds><pose><translation>0., 0., 0.</translation><rotation><c1>1., 0., 0.</c1><c2>0., 1., 0.</c2><c3>0., 0., 1.</c3></rotation></pose><symmetry><x>none</x><y>none</y><z>none</z></symmetry><detectionScore>-1</detectionScore></element><element><id>50</id><category>door</category><bounds><corner1> 2.36493314, -0.73914854, -2.81155582</corner1><corner2> 6.19905992,  1.20383876, -1.21655009</corner2></bounds><pose><translation>0., 0., 0.</translation><rotation><c1>1., 0., 0.</c1><c2>0., 1., 0.</c2><c3>0., 0., 1.</c3></rotation></pose><symmetry><x>none</x><y>none</y><z>none</z></symmetry><detectionScore>-1</detectionScore></element><element><id>1</id><category>window</category><bounds><corner1> 0.        , -0.63799117,  0.        </corner1><corner2>14.09552774,  1.20043492,  9.1549886 </corner2></bounds><pose><translation>0., 0., 0.</translation><rotation><c1>1., 0., 0.</c1><c2>0., 1., 0.</c2><c3>0., 0., 1.</c3></rotation></pose><symmetry><x>none</x><y>none</y><z>none</z></symmetry><detectionScore>-1</detectionScore></element><element><id>27</id><category>picture_frame</category><bounds><corner1> 2.6429429 , -0.68871887, -2.80774985</corner1><corner2> 7.8895565 ,  1.18857012, -0.59764762</corner2></bounds><pose><translation>0., 0., 0.</translation><rotation><c1>1., 0., 0.</c1><c2>0., 1., 0.</c2><c3>0., 0., 1.</c3></rotation></pose><symmetry><x>none</x><y>none</y><z>none</z></symmetry><detectionScore>-1</detectionScore></element><element><id>46</id><category>kitchen_cabinet</category><bounds><corner1>-1.47904863, -0.82702233, -1.19194771</corner1><corner2>-1.01398407, -0.41882328, -0.32884981</corner2></bounds><pose><translation>0., 0., 0.</translation><rotation><c1>1., 0., 0.</c1><c2>0., 1., 0.</c2><c3>0., 0., 1.</c3></rotation></pose><symmetry><x>none</x><y>none</y><z>none</z></symmetry><detectionScore>-1</detectionScore></element><element><id>47</id><category>window</category><bounds><corner1>-1.70700353, -0.4555323 , -0.80131912</corner1><corner2>-1.37599126,  0.57559398,  0.13567758</corner2></bounds><pose><translation>0., 0., 0.</translation><rotation><c1>1., 0., 0.</c1><c2>0., 1., 0.</c2><c3>0., 0., 1.</c3></rotation></pose><symmetry><x>none</x><y>none</y><z>none</z></symmetry><detectionScore>-1</detectionScore></element><element><id>18</id><category>dishwasher</category><bounds><corner1>-1.46103416, -0.91858059, -1.17140629</corner1><corner2>-1.0139903 , -0.42773401, -0.37553462</corner2></bounds><pose><translation>0., 0., 0.</translation><rotation><c1>1., 0., 0.</c1><c2>0., 1., 0.</c2><c3>0., 0., 1.</c3></rotation></pose><symmetry><x>none</x><y>none</y><z>none</z></symmetry><detectionScore>-1</detectionScore></element><element><id>21</id><category>refrigerator</category><bounds><corner1> 0.39532922, -1.38505424, -3.314898  </corner1><corner2> 1.64859456,  0.75844499, -2.57110657</corner2></bounds><pose><translation>0., 0., 0.</translation><rotation><c1>1., 0., 0.</c1><c2>0., 1., 0.</c2><c3>0., 0., 1.</c3></rotation></pose><symmetry><x>none</x><y>none</y><z>none</z></symmetry><detectionScore>-1</detectionScore></element><element><id>9</id><category>fence</category><bounds><corner1>-1.70003095, -0.49267395,  0.17255635</corner1><corner2>-1.51594437,  0.21569383,  1.0966938 </corner2></bounds><pose><translation>0., 0., 0.</translation><rotation><c1>1., 0., 0.</c1><c2>0., 1., 0.</c2><c3>0., 0., 1.</c3></rotation></pose><symmetry><x>none</x><y>none</y><z>none</z></symmetry><detectionScore>-1</detectionScore></element><element><id>32</id><category>wall</category><bounds><corner1>-1.59799747, -1.15323695, -3.42414887</corner1><corner2> 2.69864945,  1.193182  , -2.07497752</corner2></bounds><pose><translation>0., 0., 0.</translation><rotation><c1>1., 0., 0.</c1><c2>0., 1., 0.</c2><c3>0., 0., 1.</c3></rotation></pose><symmetry><x>none</x><y>none</y><z>none</z></symmetry><detectionScore>-1</detectionScore></element><element><id>6</id><category>trash_can</category><bounds><corner1>-1.56897661, -0.81485862, -0.33388446</corner1><corner2>-0.97697623, -0.48366119,  0.63240766</corner2></bounds><pose><translation>0., 0., 0.</translation><rotation><c1>1., 0., 0.</c1><c2>0., 1., 0.</c2><c3>0., 0., 1.</c3></rotation></pose><symmetry><x>none</x><y>none</y><z>none</z></symmetry><detectionScore>-1</detectionScore></element><element><id>35</id><category>door</category><bounds><corner1> 2.64291122, -0.7737558 , -2.80640609</corner1><corner2> 7.87768531,  1.06504925, -0.62612171</corner2></bounds><pose><translation>0., 0., 0.</translation><rotation><c1>1., 0., 0.</c1><c2>0., 1., 0.</c2><c3>0., 0., 1.</c3></rotation></pose><symmetry><x>none</x><y>none</y><z>none</z></symmetry><detectionScore>-1</detectionScore></element><element><id>8</id><category>hanging_kitchen_cabinet</category><bounds><corner1> 0.32220471, -0.27815647, -3.38572622</corner1><corner2> 1.92384058,  1.1242641 , -2.57916075</corner2></bounds><pose><translation>0., 0., 0.</translation><rotation><c1>1., 0., 0.</c1><c2>0., 1., 0.</c2><c3>0., 0., 1.</c3></rotation></pose><symmetry><x>none</x><y>none</y><z>none</z></symmetry><detectionScore>-1</detectionScore></element><element><id>16</id><category>window</category><bounds><corner1> 2.6591036 , -0.62725091, -2.81542854</corner1><corner2> 5.21159356,  1.12789031, -1.44994201</corner2></bounds><pose><translation>0., 0., 0.</translation><rotation><c1>1., 0., 0.</c1><c2>0., 1., 0.</c2><c3>0., 0., 1.</c3></rotation></pose><symmetry><x>none</x><y>none</y><z>none</z></symmetry><detectionScore>-1</detectionScore></element><element><id>33</id><category>rug</category><bounds><corner1> 2.64584812, -1.46784696, -0.98581976</corner1><corner2> 7.01516002, -0.52899375,  0.13713556</corner2></bounds><pose><translation>0., 0., 0.</translation><rotation><c1>1., 0., 0.</c1><c2>0., 1., 0.</c2><c3>0., 0., 1.</c3></rotation></pose><symmetry><x>none</x><y>none</y><z>none</z></symmetry><detectionScore>-1</detectionScore></element><element><id>22</id><category>wall</category><bounds><corner1> 2.64892385, -1.36490281, -2.75935912</corner1><corner2>8.24692306, 1.18503141, 1.19047848</corner2></bounds><pose><translation>0., 0., 0.</translation><rotation><c1>1., 0., 0.</c1><c2>0., 1., 0.</c2><c3>0., 0., 1.</c3></rotation></pose><symmetry><x>none</x><y>none</y><z>none</z></symmetry><detectionScore>-1</detectionScore></element><element><id>23</id><category>wall</category><bounds><corner1> 1.98591099, -1.10409394, -2.81070929</corner1><corner2> 5.69154079,  1.19374772, -1.23080486</corner2></bounds><pose><translation>0., 0., 0.</translation><rotation><c1>1., 0., 0.</c1><c2>0., 1., 0.</c2><c3>0., 0., 1.</c3></rotation></pose><symmetry><x>none</x><y>none</y><z>none</z></symmetry><detectionScore>-1</detectionScore></element><element><id>11</id><category>shelving</category><bounds><corner1> 4.60048612, -1.45853546,  1.16620106</corner1><corner2>14.10883318,  1.20335788,  6.12887826</corner2></bounds><pose><translation>0., 0., 0.</translation><rotation><c1>1., 0., 0.</c1><c2>0., 1., 0.</c2><c3>0., 0., 1.</c3></rotation></pose><symmetry><x>none</x><y>none</y><z>none</z></symmetry><detectionScore>-1</detectionScore></element><element><id>20</id><category>window</category><bounds><corner1>-1.70021203, -0.4977208 , -3.2777756 </corner1><corner2>-1.01689551,  0.54160224, -1.73801703</corner2></bounds><pose><translation>0., 0., 0.</translation><rotation><c1>1., 0., 0.</c1><c2>0., 1., 0.</c2><c3>0., 0., 1.</c3></rotation></pose><symmetry><x>none</x><y>none</y><z>none</z></symmetry><detectionScore>-1</detectionScore></element><element><id>14</id><category>plates</category><bounds><corner1>-1.0366841 , -0.80521805, -1.52389898</corner1><corner2>-0.95552892, -0.47884983, -1.40317454</corner2></bounds><pose><translation>0., 0., 0.</translation><rotation><c1>1., 0., 0.</c1><c2>0., 1., 0.</c2><c3>0., 0., 1.</c3></rotation></pose><symmetry><x>none</x><y>none</y><z>none</z></symmetry><detectionScore>-1</detectionScore></element><element><id>34</id><category>kitchen_cabinet</category><bounds><corner1> 1.24604395, -1.26262729,  1.04492223</corner1><corner2>13.96742143,  1.18112231,  9.05680919</corner2></bounds><pose><translation>0., 0., 0.</translation><rotation><c1>1., 0., 0.</c1><c2>0., 1., 0.</c2><c3>0., 0., 1.</c3></rotation></pose><symmetry><x>none</x><y>none</y><z>none</z></symmetry><detectionScore>-1</detectionScore></element><element><id>39</id><category>kettle</category><bounds><corner1>-1.03750947, -0.8069342 , -1.52494825</corner1><corner2>-0.9555656 , -0.47480633, -1.40397262</corner2></bounds><pose><translation>0., 0., 0.</translation><rotation><c1>1., 0., 0.</c1><c2>0., 1., 0.</c2><c3>0., 0., 1.</c3></rotation></pose><symmetry><x>none</x><y>none</y><z>none</z></symmetry><detectionScore>-1</detectionScore></element><element><id>49</id><category>door</category><bounds><corner1>-1.69399696, -0.82810664, -3.34884451</corner1><corner2>-0.95892986,  0.60482788, -1.43406146</corner2></bounds><pose><translation>0., 0., 0.</translation><rotation><c1>1., 0., 0.</c1><c2>0., 1., 0.</c2><c3>0., 0., 1.</c3></rotation></pose><symmetry><x>none</x><y>none</y><z>none</z></symmetry><detectionScore>-1</detectionScore></element><element><id>5</id><category>kitchen_cabinet</category><bounds><corner1> 4.6013763 , -1.45009116,  1.16734989</corner1><corner2>14.10813408,  1.20562618,  6.12798379</corner2></bounds><pose><translation>0., 0., 0.</translation><rotation><c1>1., 0., 0.</c1><c2>0., 1., 0.</c2><c3>0., 0., 1.</c3></rotation></pose><symmetry><x>none</x><y>none</y><z>none</z></symmetry><detectionScore>-1</detectionScore></element><element><id>37</id><category>dining_table</category><bounds><corner1> 2.64583857, -1.46462432, -1.47206741</corner1><corner2> 8.17456851, -0.26838257,  0.11878677</corner2></bounds><pose><translation>0., 0., 0.</translation><rotation><c1>1., 0., 0.</c1><c2>0., 1., 0.</c2><c3>0., 0., 1.</c3></rotation></pose><symmetry><x>none</x><y>none</y><z>none</z></symmetry><detectionScore>-1</detectionScore></element><element><id>29</id><category>wall</category><bounds><corner1> 4.60315311, -1.09110978,  0.99937554</corner1><corner2>14.200928  ,  1.18866716,  6.1266258 </corner2></bounds><pose><translation>0., 0., 0.</translation><rotation><c1>1., 0., 0.</c1><c2>0., 1., 0.</c2><c3>0., 0., 1.</c3></rotation></pose><symmetry><x>none</x><y>none</y><z>none</z></symmetry><detectionScore>-1</detectionScore></element><element><id>30</id><category>kitchen_cabinet</category><bounds><corner1> 0.28454138, -1.4479856 , -3.35903918</corner1><corner2> 1.77218395,  0.98122878, -2.57817192</corner2></bounds><pose><translation>0., 0., 0.</translation><rotation><c1>1., 0., 0.</c1><c2>0., 1., 0.</c2><c3>0., 0., 1.</c3></rotation></pose><symmetry><x>none</x><y>none</y><z>none</z></symmetry><detectionScore>-1</detectionScore></element><element><id>15</id><category>picture_frame</category><bounds><corner1> 2.646117  , -1.14128663, -2.65585453</corner1><corner2>8.23764379, 1.05584878, 0.50385412</corner2></bounds><pose><translation>0., 0., 0.</translation><rotation><c1>1., 0., 0.</c1><c2>0., 1., 0.</c2><c3>0., 0., 1.</c3></rotation></pose><symmetry><x>none</x><y>none</y><z>none</z></symmetry><detectionScore>-1</detectionScore></element><element><id>4</id><category>kitchen_cabinet</category><bounds><corner1> 0.33854558, -0.49458608,  0.85597929</corner1><corner2> 1.20519781, -0.16981276,  1.43102396</corner2></bounds><pose><translation>0., 0., 0.</translation><rotation><c1>1., 0., 0.</c1><c2>0., 1., 0.</c2><c3>0., 0., 1.</c3></rotation></pose><symmetry><x>none</x><y>none</y><z>none</z></symmetry><detectionScore>-1</detectionScore></element><element><id>42</id><category>kitchen_cabinet</category><bounds><corner1>-1.63362096, -1.46565647, -3.37610568</corner1><corner2>-0.12151011, -0.2853533 , -1.42501982</corner2></bounds><pose><translation>0., 0., 0.</translation><rotation><c1>1., 0., 0.</c1><c2>0., 1., 0.</c2><c3>0., 0., 1.</c3></rotation></pose><symmetry><x>none</x><y>none</y><z>none</z></symmetry><detectionScore>-1</detectionScore></element><element><id>28</id><category>kitchen_cabinet</category><bounds><corner1>-0.30434343, -0.74662386,  0.84400156</corner1><corner2> 0.47656539, -0.43952428,  1.42004419</corner2></bounds><pose><translation>0., 0., 0.</translation><rotation><c1>1., 0., 0.</c1><c2>0., 1., 0.</c2><c3>0., 0., 1.</c3></rotation></pose><symmetry><x>none</x><y>none</y><z>none</z></symmetry><detectionScore>-1</detectionScore></element><element><id>3</id><category>window</category><bounds><corner1>-1.70702795, -0.46115533,  0.07320795</corner1><corner2>-1.54101433,  0.60172945,  1.00959714</corner2></bounds><pose><translation>0., 0., 0.</translation><rotation><c1>1., 0., 0.</c1><c2>0., 1., 0.</c2><c3>0., 0., 1.</c3></rotation></pose><symmetry><x>none</x><y>none</y><z>none</z></symmetry><detectionScore>-1</detectionScore></element><element><id>13</id><category>range_oven</category><bounds><corner1>-1.37160319, -1.46068727, -2.25804186</corner1><corner2>-0.88376012, -0.45686655, -1.10595662</corner2></bounds><pose><translation>0., 0., 0.</translation><rotation><c1>1., 0., 0.</c1><c2>0., 1., 0.</c2><c3>0., 0., 1.</c3></rotation></pose><symmetry><x>none</x><y>none</y><z>none</z></symmetry><detectionScore>-1</detectionScore></element></elements></scene>