<?xml version='1.0' encoding='utf-8'?>
<scene xmlns:sumo="https://www.sumochallenge.org"><version>2.0</version><categories><id>fb_categories_v1.0</id><url>https://sumochallenge.org/en/categories-1_0.json</url></categories><project_type>bounding_box</project_type><elements><element><id>6</id><category>loudspeaker</category><bounds><corner1>-0.59683016, -0.29424731, -0.31397032</corner1><corner2>0.59683016, 0.29424731, 0.31397032</corner2></bounds><pose><translation> 2.0651178 , -0.81800816,  0.63477462</translation><rotation><c1>1., 0., 0.</c1><c2>0., 1., 0.</c2><c3>0., 0., 1.</c3></rotation></pose><symmetry><x>none</x><y>none</y><z>none</z></symmetry><detectionScore>-1</detectionScore></element><element><id>5</id><category>wall</category><bounds><corner1>-1.82661906, -1.25606933, -0.96022075</corner1><corner2>1.82661906, 1.25606933, 0.96022075</corner2></bounds><pose><translation> 0.98998913, -0.17303175, -9.36687549</translation><rotation><c1>1., 0., 0.</c1><c2>0., 1., 0.</c2><c3>0., 0., 1.</c3></rotation></pose><symmetry><x>none</x><y>none</y><z>none</z></symmetry><detectionScore>-1</detectionScore></element><element><id>3</id><category>wall</category><bounds><corner1>-2.02808931, -1.26208137, -2.27313206</corner1><corner2>2.02808931, 1.26208137, 2.27313206</corner2></bounds><pose><translation>-2.8053839 , -0.07160116, -5.03906678</translation><rotation><c1>1., 0., 0.</c1><c2>0., 1., 0.</c2><c3>0., 0., 1.</c3></rotation></pose><symmetry><x>none</x><y>none</y><z>none</z></symmetry><detectionScore>-1</detectionScore></element><element><id>4</id><category>window</category><bounds><corner1>-0.48713207, -1.15562243, -0.0211709 </corner1><corner2>0.48713207, 1.15562243, 0.0211709 </corner2></bounds><pose><translation>-1.85908265,  0.03378679,  1.00262566</translation><rotation><c1>1., 0., 0.</c1><c2>0., 1., 0.</c2><c3>0., 0., 1.</c3></rotation></pose><symmetry><x>none</x><y>none</y><z>none</z></symmetry><detectionScore>-1</detectionScore></element><element><id>2</id><category>stereo_set</category><bounds><corner1>-0.72402461, -0.2615346 , -0.33724668</corner1><corner2>0.72402461, 0.2615346 , 0.33724668</corner2></bounds><pose><translation> 1.59296847, -0.78362719,  0.6246973 </translation><rotation><c1>1., 0., 0.</c1><c2>0., 1., 0.</c2><c3>0., 0., 1.</c3></rotation></pose><symmetry><x>none</x><y>none</y><z>none</z></symmetry><detectionScore>-1</detectionScore></element><element><id>1</id><category>door</category><bounds><corner1>-0.79345583, -1.24105437, -3.39613357</corner1><corner2>0.79345583, 1.24105437, 3.39613357</corner2></bounds><pose><translation> 2.83182949, -0.05458595, -6.23321506</translation><rotation><c1>1., 0., 0.</c1><c2>0., 1., 0.</c2><c3>0., 0., 1.</c3></rotation></pose><symmetry><x>none</x><y>none</y><z>none</z></symmetry><detectionScore>-1</detectionScore></element></elements></scene>