<?xml version='1.0' encoding='utf-8'?>
<scene xmlns:sumo="https://www.sumochallenge.org"><version>2.0</version><categories><id>fb_categories_v1.0</id><url>https://sumochallenge.org/en/categories-1_0.json</url></categories><project_type>bounding_box</project_type><elements><element><id>7</id><category>partition</category><bounds><corner1>-2.24966683, -0.73350637, -0.00863104</corner1><corner2>2.24966683, 0.73350637, 0.00863104</corner2></bounds><pose><translation>1.79498453, 0.46439547, 0.47439459</translation><rotation><c1>1., 0., 0.</c1><c2>0., 1., 0.</c2><c3>0., 0., 1.</c3></rotation></pose><symmetry><x>none</x><y>none</y><z>none</z></symmetry><detectionScore>-1</detectionScore></element><element><id>9</id><category>shelving</category><bounds><corner1>-1.48901822, -0.60038368, -0.23555026</corner1><corner2>1.48901822, 0.60038368, 0.23555026</corner2></bounds><pose><translation> 1.30598518, -0.28729215,  0.49753769</translation><rotation><c1>1., 0., 0.</c1><c2>0., 1., 0.</c2><c3>0., 0., 1.</c3></rotation></pose><symmetry><x>none</x><y>none</y><z>none</z></symmetry><detectionScore>-1</detectionScore></element><element><id>5</id><category>partition</category><bounds><corner1>-0.12806471, -1.04963358, -1.00204663</corner1><corner2>0.12806471, 1.04963358, 1.00204663</corner2></bounds><pose><translation>-7.78624901, -0.19042663, -6.33011309</translation><rotation><c1>1., 0., 0.</c1><c2>0., 1., 0.</c2><c3>0., 0., 1.</c3></rotation></pose><symmetry><x>none</x><y>none</y><z>none</z></symmetry><detectionScore>-1</detectionScore></element><element><id>4</id><category>gym_equipment</category><bounds><corner1>-1.12316807, -0.80688259, -1.06377957</corner1><corner2>1.12316807, 0.80688259, 1.06377957</corner2></bounds><pose><translation> 3.22070801, -0.85660609, -5.5171624 </translation><rotation><c1>1., 0., 0.</c1><c2>0., 1., 0.</c2><c3>0., 0., 1.</c3></rotation></pose><symmetry><x>none</x><y>none</y><z>none</z></symmetry><detectionScore>-1</detectionScore></element><element><id>11</id><category>plant</category><bounds><corner1>-0.72293643, -2.15505098, -0.81116851</corner1><corner2>0.72293643, 2.15505098, 0.81116851</corner2></bounds><pose><translation>-1.13736079, -0.96490552, -2.57718398</translation><rotation><c1>1., 0., 0.</c1><c2>0., 1., 0.</c2><c3>0., 0., 1.</c3></rotation></pose><symmetry><x>none</x><y>none</y><z>none</z></symmetry><detectionScore>-1</detectionScore></element><element><id>10</id><category>gym_equipment</category><bounds><corner1>-1.10559532, -0.6653293 , -0.87226976</corner1><corner2>1.10559532, 0.6653293 , 0.87226976</corner2></bounds><pose><translation> 2.4086932 , -0.95561627, -5.55723961</translation><rotation><c1>1., 0., 0.</c1><c2>0., 1., 0.</c2><c3>0., 0., 1.</c3></rotation></pose><symmetry><x>none</x><y>none</y><z>none</z></symmetry><detectionScore>-1</detectionScore></element><element><id>6</id><category>plant</category><bounds><corner1>-0.89718937, -2.14262535, -0.68291551</corner1><corner2>0.89718937, 2.14262535, 0.68291551</corner2></bounds><pose><translation>-0.21120699, -0.97540602, -2.71799355</translation><rotation><c1>1., 0., 0.</c1><c2>0., 1., 0.</c2><c3>0., 0., 1.</c3></rotation></pose><symmetry><x>none</x><y>none</y><z>none</z></symmetry><detectionScore>-1</detectionScore></element><element><id>3</id><category>partition</category><bounds><corner1>-0.11403832, -1.17079189, -2.9548906 </corner1><corner2>0.11403832, 1.17079189, 2.9548906 </corner2></bounds><pose><translation>-6.49703644, -0.09497276,  1.73801882</translation><rotation><c1>1., 0., 0.</c1><c2>0., 1., 0.</c2><c3>0., 0., 1.</c3></rotation></pose><symmetry><x>none</x><y>none</y><z>none</z></symmetry><detectionScore>-1</detectionScore></element><element><id>2</id><category>partition</category><bounds><corner1>-0.11860881, -1.12093125, -1.83242864</corner1><corner2>0.11860881, 1.12093125, 1.83242864</corner2></bounds><pose><translation> 6.99659577, -0.04785592, -3.65561757</translation><rotation><c1>1., 0., 0.</c1><c2>0., 1., 0.</c2><c3>0., 0., 1.</c3></rotation></pose><symmetry><x>none</x><y>none</y><z>none</z></symmetry><detectionScore>-1</detectionScore></element><element><id>12</id><category>partition</category><bounds><corner1>-1.79388684, -1.1784475 , -0.66072939</corner1><corner2>1.79388684, 1.1784475 , 0.66072939</corner2></bounds><pose><translation> 2.6814012 , -0.16887346, -5.59944625</translation><rotation><c1>1., 0., 0.</c1><c2>0., 1., 0.</c2><c3>0., 0., 1.</c3></rotation></pose><symmetry><x>none</x><y>none</y><z>none</z></symmetry><detectionScore>-1</detectionScore></element><element><id>8</id><category>partition</category><bounds><corner1>-0.02173802, -1.26358298, -2.16147064</corner1><corner2>0.02173802, 1.26358298, 2.16147064</corner2></bounds><pose><translation> 1.28635465, -0.07530325,  2.98422788</translation><rotation><c1>1., 0., 0.</c1><c2>0., 1., 0.</c2><c3>0., 0., 1.</c3></rotation></pose><symmetry><x>none</x><y>none</y><z>none</z></symmetry><detectionScore>-1</detectionScore></element><element><id>1</id><category>door</category><bounds><corner1>-0.30731778, -1.01020032, -1.38649925</corner1><corner2>0.30731778, 1.01020032, 1.38649925</corner2></bounds><pose><translation>-6.26474373, -0.35401492,  5.02030953</translation><rotation><c1>1., 0., 0.</c1><c2>0., 1., 0.</c2><c3>0., 0., 1.</c3></rotation></pose><symmetry><x>none</x><y>none</y><z>none</z></symmetry><detectionScore>-1</detectionScore></element></elements></scene>