<?xml version='1.0' encoding='utf-8'?>
<scene xmlns:sumo="https://www.sumochallenge.org"><version>2.0</version><categories><id>fb_categories_v1.0</id><url>https://sumochallenge.org/en/categories-1_0.json</url></categories><project_type>bounding_box</project_type><elements><element><id>1</id><category>wall</category><bounds><corner1>-0.94632943, -0.83246756, -0.09803452</corner1><corner2>0.94632943, 0.83246756, 0.09803452</corner2></bounds><pose><translation>-0.41725228, -0.00556073, -1.98600467</translation><rotation><c1>1., 0., 0.</c1><c2>0., 1., 0.</c2><c3>0., 0., 1.</c3></rotation></pose><symmetry><x>none</x><y>twoFold</y><z>none</z></symmetry><detectionScore>0.8106207</detectionScore></element><element><id>5</id><category>armchair</category><bounds><corner1>-0.43002554, -0.3008904 , -0.6280677 </corner1><corner2>0.43002554, 0.3008904 , 0.6280677 </corner2></bounds><pose><translation> 1.67901993, -0.97186856,  0.51280854</translation><rotation><c1>1., 0., 0.</c1><c2>0., 1., 0.</c2><c3>0., 0., 1.</c3></rotation></pose><symmetry><x>none</x><y>none</y><z>none</z></symmetry><detectionScore>0.7930188</detectionScore></element><element><id>11</id><category>shelving</category><bounds><corner1>-1.82612847, -1.25283194, -0.9534608 </corner1><corner2>1.82612847, 1.25283194, 0.9534608 </corner2></bounds><pose><translation>-5.369284  , -0.07528829,  0.78754344</translation><rotation><c1>1., 0., 0.</c1><c2>0., 1., 0.</c2><c3>0., 0., 1.</c3></rotation></pose><symmetry><x>twoFold</x><y>twoFold</y><z>twoFold</z></symmetry><detectionScore>0.70284104</detectionScore></element><element><id>10</id><category>air_conditioner</category><bounds><corner1>-0.5858576 , -0.30838281, -1.06522832</corner1><corner2>0.5858576 , 0.30838281, 1.06522832</corner2></bounds><pose><translation> 1.4820319 ,  0.88114855, -0.43481708</translation><rotation><c1>1., 0., 0.</c1><c2>0., 1., 0.</c2><c3>0., 0., 1.</c3></rotation></pose><symmetry><x>none</x><y>none</y><z>twoFold</z></symmetry><detectionScore>0.7971007</detectionScore></element><element><id>3</id><category>door</category><bounds><corner1>-1.83234988, -1.06673821, -0.98357698</corner1><corner2>1.83234988, 1.06673821, 0.98357698</corner2></bounds><pose><translation>0.22544577, 0.        , 3.32625891</translation><rotation><c1>1., 0., 0.</c1><c2>0., 1., 0.</c2><c3>0., 0., 1.</c3></rotation></pose><symmetry><x>twoFold</x><y>twoFold</y><z>twoFold</z></symmetry><detectionScore>0.9674522</detectionScore></element><element><id>4</id><category>picture_frame</category><bounds><corner1>-1.42793014, -0.89309966, -2.36870622</corner1><corner2>1.42793014, 0.89309966, 2.36870622</corner2></bounds><pose><translation>-4.33949086, -0.24920531, -6.41785484</translation><rotation><c1>1., 0., 0.</c1><c2>0., 1., 0.</c2><c3>0., 0., 1.</c3></rotation></pose><symmetry><x>none</x><y>fourFold</y><z>none</z></symmetry><detectionScore>0.7278375</detectionScore></element><element><id>7</id><category>armchair</category><bounds><corner1>-0.46703386, -0.30066536, -0.50485796</corner1><corner2>0.46703386, 0.30066536, 0.50485796</corner2></bounds><pose><translation> 1.63706915, -0.98431488, -0.62377726</translation><rotation><c1>1., 0., 0.</c1><c2>0., 1., 0.</c2><c3>0., 0., 1.</c3></rotation></pose><symmetry><x>none</x><y>none</y><z>none</z></symmetry><detectionScore>0.73942524</detectionScore></element><element><id>9</id><category>shelving</category><bounds><corner1>-2.49106036, -1.24431202, -1.00310984</corner1><corner2>2.49106036, 1.24431202, 1.00310984</corner2></bounds><pose><translation>-5.43598   , -0.16676621, -2.10192588</translation><rotation><c1>1., 0., 0.</c1><c2>0., 1., 0.</c2><c3>0., 0., 1.</c3></rotation></pose><symmetry><x>twoFold</x><y>twoFold</y><z>twoFold</z></symmetry><detectionScore>0.52420515</detectionScore></element><element><id>8</id><category>shelving</category><bounds><corner1>-1.61444834, -1.2132302 , -1.27472037</corner1><corner2>1.61444834, 1.2132302 , 1.27472037</corner2></bounds><pose><translation>-5.41822147, -0.13737336, -3.53209191</translation><rotation><c1>1., 0., 0.</c1><c2>0., 1., 0.</c2><c3>0., 0., 1.</c3></rotation></pose><symmetry><x>twoFold</x><y>twoFold</y><z>twoFold</z></symmetry><detectionScore>0.584488</detectionScore></element><element><id>6</id><category>chandelier</category><bounds><corner1>-0.61722331, -0.02183187, -1.39916725</corner1><corner2>0.61722331, 0.02183187, 1.39916725</corner2></bounds><pose><translation>-3.43218253,  1.18546402,  1.58268938</translation><rotation><c1>1., 0., 0.</c1><c2>0., 1., 0.</c2><c3>0., 0., 1.</c3></rotation></pose><symmetry><x>none</x><y>cylindrical</y><z>none</z></symmetry><detectionScore>0.8764142</detectionScore></element></elements></scene>