<?xml version='1.0' encoding='utf-8'?>
<scene xmlns:sumo="https://www.sumochallenge.org"><version>2.0</version><categories><id>fb_categories_v1_0</id><url>https://sumochallenge.org/en/categories-1_0.json</url></categories><project_type>bounding_box</project_type><elements><element><id>0</id><category>door</category><bounds><corner1>-0.7998969602687973, -1.0249961849646276, -2.1471571701575285</corner1><corner2>0.7998969602687973, 1.0249961849646276, 2.1471571701575285</corner2></bounds><pose><translation>5.8809079579013925, -0.35380738167511855, -4.97485126162296</translation><rotation><c1>1, 0, 0</c1><c2>0, 1, 0</c2><c3>0, 0, 1</c3></rotation></pose><symmetry><x>twoFold</x><y>cylindrical</y><z>twoFold</z></symmetry><detectionScore>-1.0</detectionScore></element><element><id>1</id><category>window</category><bounds><corner1>-1.4772784836687198, -0.8499587175649277, -2.3894845825468334</corner1><corner2>1.4772784836687198, 0.8499587175649277, 2.3894845825468334</corner2></bounds><pose><translation>3.754603864098599, 0.15617649692847488, -6.936969650655372</translation><rotation><c1>1, 0, 0</c1><c2>0, 1, 0</c2><c3>0, 0, 1</c3></rotation></pose><symmetry><x>twoFold</x><y>cylindrical</y><z>twoFold</z></symmetry><detectionScore>-1.0</detectionScore></element><element><id>2</id><category>wall</category><bounds><corner1>-2.7962593514049923, -1.544945473852536, -0.1168941215104744</corner1><corner2>2.7962593514049923, 1.544945473852536, 0.1168941215104744</corner2></bounds><pose><translation>0.6156133022404131, -0.07002545780754514, 3.7830196425340032</translation><rotation><c1>1, 0, 0</c1><c2>0, 1, 0</c2><c3>0, 0, 1</c3></rotation></pose><symmetry><x>twoFold</x><y>cylindrical</y><z>twoFold</z></symmetry><detectionScore>-1.0</detectionScore></element><element><id>3</id><category>wall</category><bounds><corner1>-3.969803610736342, -1.282337273366783, -1.1759975371425324</corner1><corner2>3.969803610736342, 1.282337273366783, 1.1759975371425324</corner2></bounds><pose><translation>6.6355705583066165, 0.03247459460541036, 2.464955537954661</translation><rotation><c1>1, 0, 0</c1><c2>0, 1, 0</c2><c3>0, 0, 1</c3></rotation></pose><symmetry><x>twoFold</x><y>cylindrical</y><z>twoFold</z></symmetry><detectionScore>-1.0</detectionScore></element><element><id>4</id><category>window</category><bounds><corner1>-0.1083803985204903, -0.9370584688529959, -0.4556369327806389</corner1><corner2>0.1083803985204903, 0.9370584688529959, 0.4556369327806389</corner2></bounds><pose><translation>-2.3162255405949446, 0.16621748097002856, 0.8231801140820711</translation><rotation><c1>1, 0, 0</c1><c2>0, 1, 0</c2><c3>0, 0, 1</c3></rotation></pose><symmetry><x>twoFold</x><y>cylindrical</y><z>twoFold</z></symmetry><detectionScore>-1.0</detectionScore></element><element><id>5</id><category>wall</category><bounds><corner1>-3.996219967707902, -1.43576496148128, -4.243321790836983</corner1><corner2>3.996219967707902, 1.43576496148128, 4.243321790836983</corner2></bounds><pose><translation>6.609154201335056, -0.006477181037480269, -0.5984992064588037</translation><rotation><c1>1, 0, 0</c1><c2>0, 1, 0</c2><c3>0, 0, 1</c3></rotation></pose><symmetry><x>twoFold</x><y>cylindrical</y><z>twoFold</z></symmetry><detectionScore>-1.0</detectionScore></element><element><id>6</id><category>refrigerator</category><bounds><corner1>-0.7240483540126466, -0.9693667207012314, -2.1619126551442482</corner1><corner2>0.7240483540126466, 0.9693667207012314, 2.1619126551442482</corner2></bounds><pose><translation>5.874886741983971, -0.46026918888117985, -4.898875630985206</translation><rotation><c1>1, 0, 0</c1><c2>0, 1, 0</c2><c3>0, 0, 1</c3></rotation></pose><symmetry><x>twoFold</x><y>cylindrical</y><z>twoFold</z></symmetry><detectionScore>-1.0</detectionScore></element><element><id>7</id><category>curtain</category><bounds><corner1>-1.77586111386896, -1.2202573193423494, -3.47271496105567</corner1><corner2>1.77586111386896, 1.2202573193423494, 3.47271496105567</corner2></bounds><pose><translation>3.374158827011185, 0.061232533406713835, -6.917685863558304</translation><rotation><c1>1, 0, 0</c1><c2>0, 1, 0</c2><c3>0, 0, 1</c3></rotation></pose><symmetry><x>twoFold</x><y>cylindrical</y><z>twoFold</z></symmetry><detectionScore>-1.0</detectionScore></element><element><id>8</id><category>armchair</category><bounds><corner1>-2.3394850156813733, -0.5964536729003331, -1.5347467409869862</corner1><corner2>2.3394850156813733, 0.5964536729003331, 1.5347467409869862</corner2></bounds><pose><translation>4.440359273884099, -1.0613946944054318, 0.5033038306289884</translation><rotation><c1>1, 0, 0</c1><c2>0, 1, 0</c2><c3>0, 0, 1</c3></rotation></pose><symmetry><x>twoFold</x><y>cylindrical</y><z>twoFold</z></symmetry><detectionScore>-1.0</detectionScore></element><element><id>9</id><category>armchair</category><bounds><corner1>-4.751763003418138, -0.42320320850482734, -0.5029920566338686</corner1><corner2>4.751763003418138, 0.42320320850482734, 0.5029920566338686</corner2></bounds><pose><translation>1.4466058677319686, -0.9220206573134273, -2.1653449799473523</translation><rotation><c1>1, 0, 0</c1><c2>0, 1, 0</c2><c3>0, 0, 1</c3></rotation></pose><symmetry><x>twoFold</x><y>cylindrical</y><z>twoFold</z></symmetry><detectionScore>-1.0</detectionScore></element><element><id>10</id><category>chandelier</category><bounds><corner1>-2.9720102234227004, -0.1351587116579791, -2.0170950749887595</corner1><corner2>2.9720102234227004, 0.1351587116579791, 2.0170950749887595</corner2></bounds><pose><translation>2.810826927378781, 1.4950187507377528, 1.7270765268865504</translation><rotation><c1>1, 0, 0</c1><c2>0, 1, 0</c2><c3>0, 0, 1</c3></rotation></pose><symmetry><x>twoFold</x><y>cylindrical</y><z>twoFold</z></symmetry><detectionScore>-1.0</detectionScore></element><element><id>11</id><category>armchair</category><bounds><corner1>-3.5738069212765615, -0.474427993223261, -1.748328652697196</corner1><corner2>3.5738069212765615, 0.474427993223261, 1.748328652697196</corner2></bounds><pose><translation>2.659229926375971, -0.8491499563652373, -3.7323006878841576</translation><rotation><c1>1, 0, 0</c1><c2>0, 1, 0</c2><c3>0, 0, 1</c3></rotation></pose><symmetry><x>twoFold</x><y>cylindrical</y><z>twoFold</z></symmetry><detectionScore>-1.0</detectionScore></element><element><id>12</id><category>sofa</category><bounds><corner1>-2.273923631142395, -0.563632115797833, -1.576356865583773</corner1><corner2>2.273923631142395, 0.563632115797833, 1.576356865583773</corner2></bounds><pose><translation>4.5059206584230775, -1.0285731373029317, 0.43569534758299405</translation><rotation><c1>1, 0, 0</c1><c2>0, 1, 0</c2><c3>0, 0, 1</c3></rotation></pose><symmetry><x>twoFold</x><y>cylindrical</y><z>twoFold</z></symmetry><detectionScore>-1.0</detectionScore></element><element><id>13</id><category>air_conditioner</category><bounds><corner1>-0.5697864803159751, -0.30921672788459487, -0.3965744186343305</corner1><corner2>0.5697864803159751, 0.30921672788459487, 0.3965744186343305</corner2></bounds><pose><translation>0.7517163401768046, 0.7475593082191391, 3.495280105684478</translation><rotation><c1>1, 0, 0</c1><c2>0, 1, 0</c2><c3>0, 0, 1</c3></rotation></pose><symmetry><x>twoFold</x><y>cylindrical</y><z>twoFold</z></symmetry><detectionScore>-1.0</detectionScore></element><element><id>14</id><category>wall</category><bounds><corner1>-4.399789438822273, -1.4424990370627375, -4.457283779228285</corner1><corner2>4.399789438822273, 1.4424990370627375, 4.457283779228285</corner2></bounds><pose><translation>2.1690109087375506, -0.020474206340524215, -6.948151409256067</translation><rotation><c1>1, 0, 0</c1><c2>0, 1, 0</c2><c3>0, 0, 1</c3></rotation></pose><symmetry><x>twoFold</x><y>cylindrical</y><z>twoFold</z></symmetry><detectionScore>-1.0</detectionScore></element><element><id>15</id><category>sofa</category><bounds><corner1>-2.7690389186272153, -0.5302570153201609, -1.5573826878272843</corner1><corner2>2.7690389186272153, 0.5302570153201609, 1.5573826878272843</corner2></bounds><pose><translation>4.005042172601491, -1.0062878515306848, -1.9862134424470759</translation><rotation><c1>1, 0, 0</c1><c2>0, 1, 0</c2><c3>0, 0, 1</c3></rotation></pose><symmetry><x>twoFold</x><y>cylindrical</y><z>twoFold</z></symmetry><detectionScore>-1.0</detectionScore></element><element><id>16</id><category>kitchen_cabinet</category><bounds><corner1>-0.8086717799100197, -0.6993793280563285, -0.3527100915771686</corner1><corner2>0.8086717799100197, 0.6993793280563285, 0.3527100915771686</corner2></bounds><pose><translation>-1.431727519974667, -1.0112872216167157, -3.3571067082375783</translation><rotation><c1>1, 0, 0</c1><c2>0, 1, 0</c2><c3>0, 0, 1</c3></rotation></pose><symmetry><x>twoFold</x><y>cylindrical</y><z>twoFold</z></symmetry><detectionScore>-1.0</detectionScore></element><element><id>17</id><category>kitchen_cabinet</category><bounds><corner1>-2.3363484481500025, -0.6417153422463047, -0.3035606246562703</corner1><corner2>2.3363484481500025, 0.6417153422463047, 0.3035606246562703</corner2></bounds><pose><translation>0.023505389388306097, -0.9929908702431476, -3.3884491658232427</translation><rotation><c1>1, 0, 0</c1><c2>0, 1, 0</c2><c3>0, 0, 1</c3></rotation></pose><symmetry><x>twoFold</x><y>cylindrical</y><z>twoFold</z></symmetry><detectionScore>-1.0</detectionScore></element><element><id>18</id><category>coffee_table</category><bounds><corner1>-3.015025952664951, -0.549648834622549, -1.1870587251342861</corner1><corner2>3.015025952664951, 0.549648834622549, 1.1870587251342861</corner2></bounds><pose><translation>3.751968237921681, -1.2387070669873508, -1.6074205479390253</translation><rotation><c1>1, 0, 0</c1><c2>0, 1, 0</c2><c3>0, 0, 1</c3></rotation></pose><symmetry><x>twoFold</x><y>cylindrical</y><z>twoFold</z></symmetry><detectionScore>-1.0</detectionScore></element></elements></scene>