<?xml version='1.0' encoding='utf-8'?>
<scene xmlns:sumo="https://www.sumochallenge.org"><version>2.0</version><categories><id>fb_categories_v1.0</id><url>https://sumochallenge.org/en/categories-1_0.json</url></categories><project_type>bounding_box</project_type><elements><element><id>4</id><category>shelving</category><bounds><corner1>-0.40150998, -0.95922667, -1.06757764</corner1><corner2>0.40150998, 0.95922667, 1.06757764</corner2></bounds><pose><translation>-1.15803583, -0.51520601, -4.99198193</translation><rotation><c1>1., 0., 0.</c1><c2>0., 1., 0.</c2><c3>0., 0., 1.</c3></rotation></pose><symmetry><x>twoFold</x><y>twoFold</y><z>twoFold</z></symmetry><detectionScore>0.92898107</detectionScore></element><element><id>1</id><category>wall</category><bounds><corner1>-2.53134619, -1.12716844, -1.2319979 </corner1><corner2>2.53134619, 1.12716844, 1.2319979 </corner2></bounds><pose><translation> 1.77865922, -0.04496088, -5.14454304</translation><rotation><c1>1., 0., 0.</c1><c2>0., 1., 0.</c2><c3>0., 0., 1.</c3></rotation></pose><symmetry><x>none</x><y>twoFold</y><z>none</z></symmetry><detectionScore>0.70411867</detectionScore></element><element><id>5</id><category>refrigerator</category><bounds><corner1>-3.68206713, -0.94487227, -0.4438018 </corner1><corner2>3.68206713, 0.94487227, 0.4438018 </corner2></bounds><pose><translation> 6.31876915, -0.56063129, -3.44076942</translation><rotation><c1>1., 0., 0.</c1><c2>0., 1., 0.</c2><c3>0., 0., 1.</c3></rotation></pose><symmetry><x>none</x><y>none</y><z>twoFold</z></symmetry><detectionScore>0.66111904</detectionScore></element><element><id>11</id><category>partition</category><bounds><corner1>-0.10420339, -1.27360634, -0.95763095</corner1><corner2>0.10420339, 1.27360634, 0.95763095</corner2></bounds><pose><translation> 6.31211285, -0.21558971, -4.24779848</translation><rotation><c1>1., 0., 0.</c1><c2>0., 1., 0.</c2><c3>0., 0., 1.</c3></rotation></pose><symmetry><x>twoFold</x><y>twoFold</y><z>twoFold</z></symmetry><detectionScore>0.7590214</detectionScore></element><element><id>10</id><category>chandelier</category><bounds><corner1>-3.96124982, -0.3453043 , -0.38335735</corner1><corner2>3.96124982, 0.3453043 , 0.38335735</corner2></bounds><pose><translation> 6.31339812,  0.84474706, -3.3272313 </translation><rotation><c1>1., 0., 0.</c1><c2>0., 1., 0.</c2><c3>0., 0., 1.</c3></rotation></pose><symmetry><x>none</x><y>cylindrical</y><z>none</z></symmetry><detectionScore>0.7887576</detectionScore></element><element><id>3</id><category>desk</category><bounds><corner1>-0.96446451, -0.62047206, -1.16154666</corner1><corner2>0.96446451, 0.62047206, 1.16154666</corner2></bounds><pose><translation>-0.58431765, -1.23088446,  3.28391946</translation><rotation><c1>1., 0., 0.</c1><c2>0., 1., 0.</c2><c3>0., 0., 1.</c3></rotation></pose><symmetry><x>none</x><y>none</y><z>none</z></symmetry><detectionScore>0.9802387</detectionScore></element><element><id>2</id><category>armchair</category><bounds><corner1>-0.94983749, -0.32090827, -0.3201194 </corner1><corner2>0.94983749, 0.32090827, 0.3201194 </corner2></bounds><pose><translation> 1.51335943, -1.1093627 , -3.79832278</translation><rotation><c1>1., 0., 0.</c1><c2>0., 1., 0.</c2><c3>0., 0., 1.</c3></rotation></pose><symmetry><x>none</x><y>none</y><z>none</z></symmetry><detectionScore>0.9598253</detectionScore></element><element><id>7</id><category>loudspeaker</category><bounds><corner1>-0.11171382, -0.47102367, -0.47800106</corner1><corner2>0.11171382, 0.47102367, 0.47800106</corner2></bounds><pose><translation>-1.03022829, -0.95975007,  2.41583315</translation><rotation><c1>1., 0., 0.</c1><c2>0., 1., 0.</c2><c3>0., 0., 1.</c3></rotation></pose><symmetry><x>none</x><y>fourFold</y><z>none</z></symmetry><detectionScore>0.998109</detectionScore></element><element><id>9</id><category>table_and_chair</category><bounds><corner1>-4.20173764, -0.67418282, -0.97614944</corner1><corner2>4.20173764, 0.67418282, 0.97614944</corner2></bounds><pose><translation> 3.09108109, -1.35046244, -0.29421543</translation><rotation><c1>1., 0., 0.</c1><c2>0., 1., 0.</c2><c3>0., 0., 1.</c3></rotation></pose><symmetry><x>none</x><y>twoFold</y><z>none</z></symmetry><detectionScore>0.98810273</detectionScore></element><element><id>8</id><category>fireplace</category><bounds><corner1>-0.98017729, -0.45594545, -1.42255492</corner1><corner2>0.98017729, 0.45594545, 1.42255492</corner2></bounds><pose><translation> 1.39801096, -0.86763078, -4.98674263</translation><rotation><c1>1., 0., 0.</c1><c2>0., 1., 0.</c2><c3>0., 0., 1.</c3></rotation></pose><symmetry><x>none</x><y>none</y><z>none</z></symmetry><detectionScore>0.63617235</detectionScore></element><element><id>6</id><category>wall</category><bounds><corner1>-0.92167817, -1.09343829, -3.46839698</corner1><corner2>0.92167817, 1.09343829, 3.46839698</corner2></bounds><pose><translation> 9.57275064, -0.04994996,  0.55673974</translation><rotation><c1>1., 0., 0.</c1><c2>0., 1., 0.</c2><c3>0., 0., 1.</c3></rotation></pose><symmetry><x>none</x><y>twoFold</y><z>none</z></symmetry><detectionScore>0.7220093</detectionScore></element></elements></scene>