<?xml version='1.0' encoding='utf-8'?>
<scene xmlns:sumo="https://www.sumochallenge.org"><version>2.0</version><categories><id>fb_categories_v1.0</id><url>https://sumochallenge.org/en/categories-1_0.json</url></categories><project_type>bounding_box</project_type><elements><element><id>12</id><category>wall</category><bounds><corner1>-2.17831093, -0.95943708, -3.51130526</corner1><corner2>2.17831093, 0.95943708, 3.51130526</corner2></bounds><pose><translation>-1.02581997,  0.01275708, -7.91920241</translation><rotation><c1>1., 0., 0.</c1><c2>0., 1., 0.</c2><c3>0., 0., 1.</c3></rotation></pose><symmetry><x>none</x><y>none</y><z>none</z></symmetry><detectionScore>-1</detectionScore></element><element><id>11</id><category>kitchen_cabinet</category><bounds><corner1>-0.55804882, -0.04300579, -0.55711204</corner1><corner2>0.55804882, 0.04300579, 0.55711204</corner2></bounds><pose><translation> 1.15798904, -0.67828502,  0.51506188</translation><rotation><c1>1., 0., 0.</c1><c2>0., 1., 0.</c2><c3>0., 0., 1.</c3></rotation></pose><symmetry><x>none</x><y>none</y><z>none</z></symmetry><detectionScore>-1</detectionScore></element><element><id>6</id><category>sofa</category><bounds><corner1>-0.41132397, -0.3840153 , -0.43816814</corner1><corner2>0.41132397, 0.3840153 , 0.43816814</corner2></bounds><pose><translation>-4.95961234, -1.03414065, -2.70971209</translation><rotation><c1>1., 0., 0.</c1><c2>0., 1., 0.</c2><c3>0., 0., 1.</c3></rotation></pose><symmetry><x>none</x><y>none</y><z>none</z></symmetry><detectionScore>-1</detectionScore></element><element><id>7</id><category>coffee_machine</category><bounds><corner1>-0.43399854, -0.20080125, -0.14286723</corner1><corner2>0.43399854, 0.20080125, 0.14286723</corner2></bounds><pose><translation> 1.33295813, -0.46010321, -0.21702759</translation><rotation><c1>1., 0., 0.</c1><c2>0., 1., 0.</c2><c3>0., 0., 1.</c3></rotation></pose><symmetry><x>none</x><y>none</y><z>none</z></symmetry><detectionScore>-1</detectionScore></element><element><id>5</id><category>kitchen_cabinet</category><bounds><corner1>-0.31215553, -0.79580913, -0.35593635</corner1><corner2>0.31215553, 0.79580913, 0.35593635</corner2></bounds><pose><translation> 1.13489962, -0.46477493, -2.24101153</translation><rotation><c1>1., 0., 0.</c1><c2>0., 1., 0.</c2><c3>0., 0., 1.</c3></rotation></pose><symmetry><x>none</x><y>none</y><z>none</z></symmetry><detectionScore>-1</detectionScore></element><element><id>3</id><category>kitchen_cabinet</category><bounds><corner1>-0.382583  , -1.0429799 , -1.15734097</corner1><corner2>0.382583  , 1.0429799 , 1.15734097</corner2></bounds><pose><translation> 1.14008383, -0.41465252, -3.60749584</translation><rotation><c1>1., 0., 0.</c1><c2>0., 1., 0.</c2><c3>0., 0., 1.</c3></rotation></pose><symmetry><x>none</x><y>none</y><z>none</z></symmetry><detectionScore>-1</detectionScore></element><element><id>9</id><category>chair</category><bounds><corner1>-0.5454138 , -0.59921559, -0.57913681</corner1><corner2>0.5454138 , 0.59921559, 0.57913681</corner2></bounds><pose><translation>-2.564476  , -1.28198001, -3.47831293</translation><rotation><c1>1., 0., 0.</c1><c2>0., 1., 0.</c2><c3>0., 0., 1.</c3></rotation></pose><symmetry><x>none</x><y>none</y><z>none</z></symmetry><detectionScore>-1</detectionScore></element><element><id>10</id><category>fireplace</category><bounds><corner1>-6.02631845, -1.25980553, -3.81953067</corner1><corner2>6.02631845, 1.25980553, 3.81953067</corner2></bounds><pose><translation>-10.78089864,  -0.07238095,  -6.2625147 </translation><rotation><c1>1., 0., 0.</c1><c2>0., 1., 0.</c2><c3>0., 0., 1.</c3></rotation></pose><symmetry><x>none</x><y>none</y><z>none</z></symmetry><detectionScore>-1</detectionScore></element><element><id>2</id><category>food_processor</category><bounds><corner1>-0.39696221, -0.1763389 , -0.15424314</corner1><corner2>0.39696221, 0.1763389 , 0.15424314</corner2></bounds><pose><translation> 1.41898151, -0.53000939, -0.70694623</translation><rotation><c1>1., 0., 0.</c1><c2>0., 1., 0.</c2><c3>0., 0., 1.</c3></rotation></pose><symmetry><x>none</x><y>none</y><z>none</z></symmetry><detectionScore>-1</detectionScore></element><element><id>1</id><category>arch</category><bounds><corner1>-2.04732424, -1.5527141 , -2.55047211</corner1><corner2>2.04732424, 1.5527141 , 2.55047211</corner2></bounds><pose><translation>-5.26159551, -0.3540132 , -2.59857848</translation><rotation><c1>1., 0., 0.</c1><c2>0., 1., 0.</c2><c3>0., 0., 1.</c3></rotation></pose><symmetry><x>none</x><y>none</y><z>none</z></symmetry><detectionScore>-1</detectionScore></element><element><id>8</id><category>wall</category><bounds><corner1>-7.46066298, -1.21023419, -2.4144806 </corner1><corner2>7.46066298, 1.21023419, 2.4144806 </corner2></bounds><pose><translation>-10.68081433,  -0.02881286,  -1.53009967</translation><rotation><c1>1., 0., 0.</c1><c2>0., 1., 0.</c2><c3>0., 0., 1.</c3></rotation></pose><symmetry><x>none</x><y>none</y><z>none</z></symmetry><detectionScore>-1</detectionScore></element></elements></scene>