<?xml version='1.0' encoding='utf-8'?>
<scene xmlns:sumo="https://www.sumochallenge.org"><version>2.0</version><categories><id>fb_categories_v1_0</id><url>https://sumochallenge.org/en/categories-1_0.json</url></categories><project_type>bounding_box</project_type><elements><element><id>0</id><category>chair</category><bounds><corner1>-0.5811591894781158, -0.523564931080265, -0.5854707708314015</corner1><corner2>0.5811591894781158, 0.523564931080265, 0.5854707708314015</corner2></bounds><pose><translation>-2.1577896238310577, -1.0454409473144468, -1.550076626653788</translation><rotation><c1>1, 0, 0</c1><c2>0, 1, 0</c2><c3>0, 0, 1</c3></rotation></pose><symmetry><x>twoFold</x><y>cylindrical</y><z>twoFold</z></symmetry><detectionScore>-1.0</detectionScore></element><element><id>1</id><category>fireplace</category><bounds><corner1>-0.41421259108691355, -1.5626631659270318, -0.0626641334887248</corner1><corner2>0.41421259108691355, 1.5626631659270318, 0.0626641334887248</corner2></bounds><pose><translation>-0.03522878275494942, -0.09747764145285345, -1.8858242047605267</translation><rotation><c1>1, 0, 0</c1><c2>0, 1, 0</c2><c3>0, 0, 1</c3></rotation></pose><symmetry><x>twoFold</x><y>cylindrical</y><z>twoFold</z></symmetry><detectionScore>-1.0</detectionScore></element><element><id>2</id><category>wall</category><bounds><corner1>-2.9650903377964446, -1.3830621761085717, -4.517186816583901</corner1><corner2>2.9650903377964446, 1.3830621761085717, 4.517186816583901</corner2></bounds><pose><translation>-5.215984835812059, 0.007881795133645219, -8.0595138212677</translation><rotation><c1>1, 0, 0</c1><c2>0, 1, 0</c2><c3>0, 0, 1</c3></rotation></pose><symmetry><x>twoFold</x><y>cylindrical</y><z>twoFold</z></symmetry><detectionScore>-1.0</detectionScore></element><element><id>3</id><category>floor_lamp</category><bounds><corner1>-3.5900416808736626, -1.604949888793287, -1.3843516111006835</corner1><corner2>3.5900416808736626, 1.604949888793287, 1.3843516111006835</corner2></bounds><pose><translation>-5.280463412653439, -0.625678164963588, 1.8662617716885888</translation><rotation><c1>1, 0, 0</c1><c2>0, 1, 0</c2><c3>0, 0, 1</c3></rotation></pose><symmetry><x>twoFold</x><y>cylindrical</y><z>twoFold</z></symmetry><detectionScore>-1.0</detectionScore></element><element><id>4</id><category>curtain</category><bounds><corner1>-2.9440656452680836, -1.2998505311572088, -6.336658920592593</corner1><corner2>2.9440656452680836, 1.2998505311572088, 6.336658920592593</corner2></bounds><pose><translation>-3.2456492716356156, 0.10182448790634964, -8.181000450049249</translation><rotation><c1>1, 0, 0</c1><c2>0, 1, 0</c2><c3>0, 0, 1</c3></rotation></pose><symmetry><x>twoFold</x><y>cylindrical</y><z>twoFold</z></symmetry><detectionScore>-1.0</detectionScore></element><element><id>5</id><category>tv_stand</category><bounds><corner1>-2.2891415156000985, -1.40807706243733, -1.3386086671451807</corner1><corner2>2.2891415156000985, 1.40807706243733, 1.3386086671451807</corner2></bounds><pose><translation>-4.89632082332968, -0.45527279656778774, 3.065708842265151</translation><rotation><c1>1, 0, 0</c1><c2>0, 1, 0</c2><c3>0, 0, 1</c3></rotation></pose><symmetry><x>twoFold</x><y>cylindrical</y><z>twoFold</z></symmetry><detectionScore>-1.0</detectionScore></element><element><id>6</id><category>column</category><bounds><corner1>-2.975068625820303, -1.4117037960014776, -4.502226432575351</corner1><corner2>2.975068625820303, 1.4117037960014776, 4.502226432575351</corner2></bounds><pose><translation>-5.225963123835918, -0.023748788000688883, -8.04455343725915</translation><rotation><c1>1, 0, 0</c1><c2>0, 1, 0</c2><c3>0, 0, 1</c3></rotation></pose><symmetry><x>twoFold</x><y>cylindrical</y><z>twoFold</z></symmetry><detectionScore>-1.0</detectionScore></element><element><id>7</id><category>wall</category><bounds><corner1>-2.2910349020142666, -1.4481984406355362, -6.0939152524263385</corner1><corner2>2.2910349020142666, 1.4481984406355362, 6.0939152524263385</corner2></bounds><pose><translation>-2.1791370162618158, -0.04623639214775526, -7.934838732990433</translation><rotation><c1>1, 0, 0</c1><c2>0, 1, 0</c2><c3>0, 0, 1</c3></rotation></pose><symmetry><x>twoFold</x><y>cylindrical</y><z>twoFold</z></symmetry><detectionScore>-1.0</detectionScore></element><element><id>8</id><category>sofa</category><bounds><corner1>-0.5688183282245782, -0.5433587384642854, -3.2809864049573068</corner1><corner2>0.5688183282245782, 0.5433587384642854, 3.2809864049573068</corner2></bounds><pose><translation>-2.1552118015440853, -1.1182285053041627, 0.7774375887968127</translation><rotation><c1>1, 0, 0</c1><c2>0, 1, 0</c2><c3>0, 0, 1</c3></rotation></pose><symmetry><x>twoFold</x><y>cylindrical</y><z>twoFold</z></symmetry><detectionScore>-1.0</detectionScore></element><element><id>9</id><category>coffee_table</category><bounds><corner1>-0.718156977890063, -0.3308819377319545, -3.5912316645318967</corner1><corner2>0.718156977890063, 0.3308819377319545, 3.5912316645318967</corner2></bounds><pose><translation>-1.24919365861566, -0.9442476345263195, 1.7726402357051902</translation><rotation><c1>1, 0, 0</c1><c2>0, 1, 0</c2><c3>0, 0, 1</c3></rotation></pose><symmetry><x>twoFold</x><y>cylindrical</y><z>twoFold</z></symmetry><detectionScore>-1.0</detectionScore></element><element><id>10</id><category>window</category><bounds><corner1>-3.0457428633766646, -1.2801814401167522, -1.787766597241001</corner1><corner2>3.0457428633766646, 1.2801814401167522, 1.787766597241001</corner2></bounds><pose><translation>-5.4460796072827575, -0.048314187107233855, 1.2120712250398156</translation><rotation><c1>1, 0, 0</c1><c2>0, 1, 0</c2><c3>0, 0, 1</c3></rotation></pose><symmetry><x>twoFold</x><y>cylindrical</y><z>twoFold</z></symmetry><detectionScore>-1.0</detectionScore></element><element><id>11</id><category>kitchen_cabinet</category><bounds><corner1>-0.07279352928568222, -1.450901352099608, -1.2215083402770508</corner1><corner2>0.07279352928568222, 1.450901352099608, 1.2215083402770508</corner2></bounds><pose><translation>0.428325293750426, -0.13025987840324374, 1.5627151261642747</translation><rotation><c1>1, 0, 0</c1><c2>0, 1, 0</c2><c3>0, 0, 1</c3></rotation></pose><symmetry><x>twoFold</x><y>cylindrical</y><z>twoFold</z></symmetry><detectionScore>-1.0</detectionScore></element><element><id>12</id><category>wall</category><bounds><corner1>-1.0495161495375818, -1.4158192878004856, -0.9327393732585874</corner1><corner2>1.0495161495375818, 1.4158192878004856, 0.9327393732585874</corner2></bounds><pose><translation>-0.6455446572065758, 0.07704143047682177, 4.502959724322109</translation><rotation><c1>1, 0, 0</c1><c2>0, 1, 0</c2><c3>0, 0, 1</c3></rotation></pose><symmetry><x>twoFold</x><y>cylindrical</y><z>twoFold</z></symmetry><detectionScore>-1.0</detectionScore></element><element><id>13</id><category>shelving</category><bounds><corner1>-2.3653671662121507, -0.725924650660694, -1.4663160424851713</corner1><corner2>2.3653671662121507, 0.725924650660694, 1.4663160424851713</corner2></bounds><pose><translation>-4.672633154228138, -0.9247804984485174, 2.873547461664644</translation><rotation><c1>1, 0, 0</c1><c2>0, 1, 0</c2><c3>0, 0, 1</c3></rotation></pose><symmetry><x>twoFold</x><y>cylindrical</y><z>twoFold</z></symmetry><detectionScore>-1.0</detectionScore></element><element><id>14</id><category>wall</category><bounds><corner1>-0.4121863347128663, -1.474523575515862, -0.04670951271288448</corner1><corner2>0.4121863347128663, 1.474523575515862, 0.04670951271288448</corner2></bounds><pose><translation>-0.042743234365036985, -0.053375335001351554, -1.8843638259854774</translation><rotation><c1>1, 0, 0</c1><c2>0, 1, 0</c2><c3>0, 0, 1</c3></rotation></pose><symmetry><x>twoFold</x><y>cylindrical</y><z>twoFold</z></symmetry><detectionScore>-1.0</detectionScore></element><element><id>15</id><category>chandelier</category><bounds><corner1>-0.6182918374781798, -0.11820392137498392, -0.6185723418093516</corner1><corner2>0.6182918374781798, 0.11820392137498392, 0.6185723418093516</corner2></bounds><pose><translation>-2.730005367907413, 1.4504430155653256, -1.9173886478736202</translation><rotation><c1>1, 0, 0</c1><c2>0, 1, 0</c2><c3>0, 0, 1</c3></rotation></pose><symmetry><x>twoFold</x><y>cylindrical</y><z>twoFold</z></symmetry><detectionScore>-1.0</detectionScore></element><element><id>16</id><category>wall</category><bounds><corner1>-3.2219379767841447, -1.4757020130157732, -3.2378410670305673</corner1><corner2>3.2219379767841447, 1.4757020130157732, 3.2378410670305673</corner2></bounds><pose><translation>-5.315139255472093, -0.026319204998089818, 1.0437723261350393</translation><rotation><c1>1, 0, 0</c1><c2>0, 1, 0</c2><c3>0, 0, 1</c3></rotation></pose><symmetry><x>twoFold</x><y>cylindrical</y><z>twoFold</z></symmetry><detectionScore>-1.0</detectionScore></element><element><id>17</id><category>wall</category><bounds><corner1>-3.1575247359084457, -1.6278943382550861, -1.7196738978585777</corner1><corner2>3.1575247359084457, 1.6278943382550861, 1.7196738978585777</corner2></bounds><pose><translation>-5.147698702859701, -0.17214138525548806, -2.2698169147326563</translation><rotation><c1>1, 0, 0</c1><c2>0, 1, 0</c2><c3>0, 0, 1</c3></rotation></pose><symmetry><x>twoFold</x><y>cylindrical</y><z>twoFold</z></symmetry><detectionScore>-1.0</detectionScore></element><element><id>18</id><category>kitchen_cabinet</category><bounds><corner1>-2.0026906340373056, -1.5065324297812261, -0.8700077792029128</corner1><corner2>2.0026906340373056, 1.5065324297812261, 0.8700077792029128</corner2></bounds><pose><translation>4.163258086252524, -0.06863106678896541, -0.8326643748375405</translation><rotation><c1>1, 0, 0</c1><c2>0, 1, 0</c2><c3>0, 0, 1</c3></rotation></pose><symmetry><x>twoFold</x><y>cylindrical</y><z>twoFold</z></symmetry><detectionScore>-1.0</detectionScore></element><element><id>19</id><category>wall</category><bounds><corner1>-4.795881398384649, -1.4510344242588122, -1.273514213570036</corner1><corner2>4.795881398384649, 1.4510344242588122, 1.273514213570036</corner2></bounds><pose><translation>1.3700673219051807, -0.01805342139794727, -0.8736500335153659</translation><rotation><c1>1, 0, 0</c1><c2>0, 1, 0</c2><c3>0, 0, 1</c3></rotation></pose><symmetry><x>twoFold</x><y>cylindrical</y><z>twoFold</z></symmetry><detectionScore>-1.0</detectionScore></element><element><id>20</id><category>switch</category><bounds><corner1>-0.05858734007651134, -0.09859388515100265, -0.09022332298076119</corner1><corner2>0.05858734007651134, 0.09859388515100265, 0.09022332298076119</corner2></bounds><pose><translation>1.2186934589081873, -0.6283656273898732, -1.0226164787583119</translation><rotation><c1>1, 0, 0</c1><c2>0, 1, 0</c2><c3>0, 0, 1</c3></rotation></pose><symmetry><x>twoFold</x><y>cylindrical</y><z>twoFold</z></symmetry><detectionScore>-1.0</detectionScore></element><element><id>21</id><category>shelving</category><bounds><corner1>-1.8301860916861363, -0.7202261351980066, -0.7544478012086073</corner1><corner2>1.8301860916861363, 0.7202261351980066, 0.7544478012086073</corner2></bounds><pose><translation>-4.627983219454498, -1.014300250828684, 2.834457288825466</translation><rotation><c1>1, 0, 0</c1><c2>0, 1, 0</c2><c3>0, 0, 1</c3></rotation></pose><symmetry><x>twoFold</x><y>cylindrical</y><z>twoFold</z></symmetry><detectionScore>-1.0</detectionScore></element><element><id>22</id><category>hanging_kitchen_cabinet</category><bounds><corner1>-0.4570330226446746, -0.6251484456823506, -1.6943804169824084</corner1><corner2>0.4570330226446746, 0.6251484456823506, 1.6943804169824084</corner2></bounds><pose><translation>5.6832638431518125, 0.3400824006567781, -2.533560833335991</translation><rotation><c1>1, 0, 0</c1><c2>0, 1, 0</c2><c3>0, 0, 1</c3></rotation></pose><symmetry><x>twoFold</x><y>cylindrical</y><z>twoFold</z></symmetry><detectionScore>-1.0</detectionScore></element><element><id>23</id><category>shelving</category><bounds><corner1>-1.7782878755458014, -0.44890392651806044, -0.7513971351375108</corner1><corner2>1.7782878755458014, 0.44890392651806044, 0.7513971351375108</corner2></bounds><pose><translation>-4.693882536671391, -0.9143376098795097, 3.168243988938001</translation><rotation><c1>1, 0, 0</c1><c2>0, 1, 0</c2><c3>0, 0, 1</c3></rotation></pose><symmetry><x>twoFold</x><y>cylindrical</y><z>twoFold</z></symmetry><detectionScore>-1.0</detectionScore></element><element><id>24</id><category>hanger</category><bounds><corner1>-2.077148994808626, -0.813394659729973, -0.5092378027117852</corner1><corner2>2.077148994808626, 0.813394659729973, 0.5092378027117852</corner2></bounds><pose><translation>-5.504860524226756, -0.6870836667621716, 2.154612882360404</translation><rotation><c1>1, 0, 0</c1><c2>0, 1, 0</c2><c3>0, 0, 1</c3></rotation></pose><symmetry><x>twoFold</x><y>cylindrical</y><z>twoFold</z></symmetry><detectionScore>-1.0</detectionScore></element><element><id>25</id><category>stairs</category><bounds><corner1>-0.6144085765822704, -1.3459115598139797, -0.24185552832344714</corner1><corner2>0.6144085765822704, 1.3459115598139797, 0.24185552832344714</corner2></bounds><pose><translation>-0.273450732036957, 0.09767352388429479, -2.084811608473387</translation><rotation><c1>1, 0, 0</c1><c2>0, 1, 0</c2><c3>0, 0, 1</c3></rotation></pose><symmetry><x>twoFold</x><y>cylindrical</y><z>twoFold</z></symmetry><detectionScore>-1.0</detectionScore></element><element><id>26</id><category>curtain</category><bounds><corner1>-3.1568491896529647, -1.4180625217736404, -2.6406475827616767</corner1><corner2>3.1568491896529647, 1.4180625217736404, 2.6406475827616767</corner2></bounds><pose><translation>-5.318381750062501, -0.04684592254614774, 1.6912526093101474</translation><rotation><c1>1, 0, 0</c1><c2>0, 1, 0</c2><c3>0, 0, 1</c3></rotation></pose><symmetry><x>twoFold</x><y>cylindrical</y><z>twoFold</z></symmetry><detectionScore>-1.0</detectionScore></element><element><id>27</id><category>desk</category><bounds><corner1>-2.320052617800671, -0.6865356063851151, -1.4512298337553897</corner1><corner2>2.320052617800671, 0.6865356063851151, 1.4512298337553897</corner2></bounds><pose><translation>-4.786479522502556, -0.9162057330592638, 2.952079554214042</translation><rotation><c1>1, 0, 0</c1><c2>0, 1, 0</c2><c3>0, 0, 1</c3></rotation></pose><symmetry><x>twoFold</x><y>cylindrical</y><z>twoFold</z></symmetry><detectionScore>-1.0</detectionScore></element><element><id>28</id><category>wall_lamp</category><bounds><corner1>-0.3753989835258259, -0.837181212760801, -1.0697287568891878</corner1><corner2>0.3753989835258259, 0.837181212760801, 1.0697287568891878</corner2></bounds><pose><translation>-0.023067262716173747, 0.6829310708964903, -3.0629230731286965</translation><rotation><c1>1, 0, 0</c1><c2>0, 1, 0</c2><c3>0, 0, 1</c3></rotation></pose><symmetry><x>twoFold</x><y>cylindrical</y><z>twoFold</z></symmetry><detectionScore>-1.0</detectionScore></element><element><id>29</id><category>picture_frame</category><bounds><corner1>-0.05896353011604161, -0.09107293056823351, -0.08961195242192255</corner1><corner2>0.05896353011604161, 0.09107293056823351, 0.08961195242192255</corner2></bounds><pose><translation>1.218292732445038, -0.6283656273898732, -1.0220051081994732</translation><rotation><c1>1, 0, 0</c1><c2>0, 1, 0</c2><c3>0, 0, 1</c3></rotation></pose><symmetry><x>twoFold</x><y>cylindrical</y><z>twoFold</z></symmetry><detectionScore>-1.0</detectionScore></element><element><id>30</id><category>window</category><bounds><corner1>-1.2094500734342448, -1.3683330065669987, -0.7918814080068479</corner1><corner2>1.2094500734342448, 1.3683330065669987, 0.7918814080068479</corner2></bounds><pose><translation>-0.8410102894674821, 0.10204981649875154, 4.643817689573848</translation><rotation><c1>1, 0, 0</c1><c2>0, 1, 0</c2><c3>0, 0, 1</c3></rotation></pose><symmetry><x>twoFold</x><y>cylindrical</y><z>twoFold</z></symmetry><detectionScore>-1.0</detectionScore></element><element><id>31</id><category>chandelier</category><bounds><corner1>-1.2223488657663442, -0.09133325069313614, -0.5805961580822216</corner1><corner2>1.2223488657663442, 0.09133325069313614, 0.5805961580822216</corner2></bounds><pose><translation>-3.527207934155421, 1.4292514931499751, -1.67674536783512</translation><rotation><c1>1, 0, 0</c1><c2>0, 1, 0</c2><c3>0, 0, 1</c3></rotation></pose><symmetry><x>twoFold</x><y>cylindrical</y><z>twoFold</z></symmetry><detectionScore>-1.0</detectionScore></element><element><id>32</id><category>hanging_kitchen_cabinet</category><bounds><corner1>-0.49950563612734733, -0.8435866853149825, -1.0696285911963133</corner1><corner2>0.49950563612734733, 0.8435866853149825, 1.0696285911963133</corner2></bounds><pose><translation>5.664678570971621, 0.24286500252772256, -1.1694752138936113</translation><rotation><c1>1, 0, 0</c1><c2>0, 1, 0</c2><c3>0, 0, 1</c3></rotation></pose><symmetry><x>twoFold</x><y>cylindrical</y><z>twoFold</z></symmetry><detectionScore>-1.0</detectionScore></element><element><id>33</id><category>armchair</category><bounds><corner1>-0.296028742905581, -0.668853933923022, -3.459593313444448</corner1><corner2>0.296028742905581, 0.668853933923022, 3.459593313444448</corner2></bounds><pose><translation>-1.8626377120950806, -1.251459691130413, 0.8235846664095635</translation><rotation><c1>1, 0, 0</c1><c2>0, 1, 0</c2><c3>0, 0, 1</c3></rotation></pose><symmetry><x>twoFold</x><y>cylindrical</y><z>twoFold</z></symmetry><detectionScore>-1.0</detectionScore></element><element><id>34</id><category>door</category><bounds><corner1>-3.094560621188715, -1.688071867596641, -1.9256205520578669</corner1><corner2>3.094560621188715, 1.688071867596641, 1.9256205520578669</corner2></bounds><pose><translation>-5.151312123802145, -0.4378367609177202, -2.858360105578658</translation><rotation><c1>1, 0, 0</c1><c2>0, 1, 0</c2><c3>0, 0, 1</c3></rotation></pose><symmetry><x>twoFold</x><y>cylindrical</y><z>twoFold</z></symmetry><detectionScore>-1.0</detectionScore></element><element><id>35</id><category>armchair</category><bounds><corner1>-1.492432790308514, -0.3695710974758389, -0.669061715339951</corner1><corner2>1.492432790308514, 0.3695710974758389, 0.669061715339951</corner2></bounds><pose><translation>-3.3235104744333515, -0.7848189537701209, -1.0277874174891197</translation><rotation><c1>1, 0, 0</c1><c2>0, 1, 0</c2><c3>0, 0, 1</c3></rotation></pose><symmetry><x>twoFold</x><y>cylindrical</y><z>twoFold</z></symmetry><detectionScore>-1.0</detectionScore></element><element><id>36</id><category>chair</category><bounds><corner1>-0.5747782617136726, -0.3958769326854875, -3.7506616926832277</corner1><corner2>0.5747782617136726, 0.3958769326854875, 3.7506616926832277</corner2></bounds><pose><translation>-1.1770042564601688, -1.018992671308757, 1.6132102075538595</translation><rotation><c1>1, 0, 0</c1><c2>0, 1, 0</c2><c3>0, 0, 1</c3></rotation></pose><symmetry><x>twoFold</x><y>cylindrical</y><z>twoFold</z></symmetry><detectionScore>-1.0</detectionScore></element><element><id>37</id><category>armchair</category><bounds><corner1>-0.712894817439642, -0.344728684368632, -3.659232573344158</corner1><corner2>0.712894817439642, 0.344728684368632, 3.659232573344158</corner2></bounds><pose><translation>-1.2424687687891502, -0.958094381162997, 1.753700061093608</translation><rotation><c1>1, 0, 0</c1><c2>0, 1, 0</c2><c3>0, 0, 1</c3></rotation></pose><symmetry><x>twoFold</x><y>cylindrical</y><z>twoFold</z></symmetry><detectionScore>-1.0</detectionScore></element><element><id>38</id><category>armchair</category><bounds><corner1>-0.7131307148075177, -0.2983680663681248, -0.7159368922196525</corner1><corner2>0.7131307148075177, 0.2983680663681248, 0.7159368922196525</corner2></bounds><pose><translation>-2.3824906009129854, -0.7527237764638849, -1.6718857352675318</translation><rotation><c1>1, 0, 0</c1><c2>0, 1, 0</c2><c3>0, 0, 1</c3></rotation></pose><symmetry><x>twoFold</x><y>cylindrical</y><z>twoFold</z></symmetry><detectionScore>-1.0</detectionScore></element><element><id>39</id><category>sofa</category><bounds><corner1>-1.2749481367706088, -0.7579260231817018, -1.8335182758052462</corner1><corner2>1.2749481367706088, 0.7579260231817018, 1.8335182758052462</corner2></bounds><pose><translation>-1.5731457166771727, -0.8971723852595304, -3.6549783471953075</translation><rotation><c1>1, 0, 0</c1><c2>0, 1, 0</c2><c3>0, 0, 1</c3></rotation></pose><symmetry><x>twoFold</x><y>cylindrical</y><z>twoFold</z></symmetry><detectionScore>-1.0</detectionScore></element><element><id>40</id><category>curtain</category><bounds><corner1>-1.3368874595599551, -0.9581219582078158, -0.7524694175468518</corner1><corner2>1.3368874595599551, 0.9581219582078158, 0.7524694175468518</corner2></bounds><pose><translation>-0.9847937668114272, 0.5233459192561016, 4.681446765743113</translation><rotation><c1>1, 0, 0</c1><c2>0, 1, 0</c2><c3>0, 0, 1</c3></rotation></pose><symmetry><x>twoFold</x><y>cylindrical</y><z>twoFold</z></symmetry><detectionScore>-1.0</detectionScore></element><element><id>41</id><category>armchair</category><bounds><corner1>-1.52393799998026, -0.36136943444474035, -2.2463755487094246</corner1><corner2>1.52393799998026, 0.36136943444474035, 2.2463755487094246</corner2></bounds><pose><translation>-3.1949400177893343, -0.9079676474782401, 0.7480841643163373</translation><rotation><c1>1, 0, 0</c1><c2>0, 1, 0</c2><c3>0, 0, 1</c3></rotation></pose><symmetry><x>twoFold</x><y>cylindrical</y><z>twoFold</z></symmetry><detectionScore>-1.0</detectionScore></element><element><id>42</id><category>chair</category><bounds><corner1>-0.7062386076059053, -0.7790779789168347, -0.6190187697249588</corner1><corner2>0.7062386076059053, 0.7790779789168347, 0.6190187697249588</corner2></bounds><pose><translation>-2.435379763794788, -1.217107314398165, -0.9721894527936974</translation><rotation><c1>1, 0, 0</c1><c2>0, 1, 0</c2><c3>0, 0, 1</c3></rotation></pose><symmetry><x>twoFold</x><y>cylindrical</y><z>twoFold</z></symmetry><detectionScore>-1.0</detectionScore></element><element><id>43</id><category>window</category><bounds><corner1>-2.7639348042483745, -1.2532796521871488, -6.342415804569432</corner1><corner2>2.7639348042483745, 1.2532796521871488, 6.342415804569432</corner2></bounds><pose><translation>-3.022859759162529, 0.05662873487034133, -8.187473718523725</translation><rotation><c1>1, 0, 0</c1><c2>0, 1, 0</c2><c3>0, 0, 1</c3></rotation></pose><symmetry><x>twoFold</x><y>cylindrical</y><z>twoFold</z></symmetry><detectionScore>-1.0</detectionScore></element><element><id>44</id><category>kitchen_cabinet</category><bounds><corner1>-4.098404959056968, -0.3568412509651946, -0.2555141880196394</corner1><corner2>4.098404959056968, 0.3568412509651946, 0.2555141880196394</corner2></bounds><pose><translation>1.4591944506496928, -0.47644691741025885, -0.24901088905291646</translation><rotation><c1>1, 0, 0</c1><c2>0, 1, 0</c2><c3>0, 0, 1</c3></rotation></pose><symmetry><x>twoFold</x><y>cylindrical</y><z>twoFold</z></symmetry><detectionScore>-1.0</detectionScore></element><element><id>45</id><category>floor_lamp</category><bounds><corner1>-2.525469159424066, -1.1166291628512248, -0.4966070069580655</corner1><corner2>2.525469159424066, 1.1166291628512248, 0.4966070069580655</corner2></bounds><pose><translation>-5.484022286905232, -0.7776799259276888, 1.993935974341437</translation><rotation><c1>1, 0, 0</c1><c2>0, 1, 0</c2><c3>0, 0, 1</c3></rotation></pose><symmetry><x>twoFold</x><y>cylindrical</y><z>twoFold</z></symmetry><detectionScore>-1.0</detectionScore></element><element><id>46</id><category>window</category><bounds><corner1>-1.0835381129343729, -1.214231127471871, -1.1964263965404207</corner1><corner2>1.0835381129343729, 1.214231127471871, 1.1964263965404207</corner2></bounds><pose><translation>-5.012081560876088, -0.07946588762424205, 3.182328491513073</translation><rotation><c1>1, 0, 0</c1><c2>0, 1, 0</c2><c3>0, 0, 1</c3></rotation></pose><symmetry><x>twoFold</x><y>cylindrical</y><z>twoFold</z></symmetry><detectionScore>-1.0</detectionScore></element><element><id>47</id><category>kitchen_cabinet</category><bounds><corner1>-0.7973463774986032, -0.5410937270597893, -1.0752118006911549</corner1><corner2>0.7973463774986032, 0.5410937270597893, 1.0752118006911549</corner2></bounds><pose><translation>5.363774969358585, -0.5894134736760378, -1.9106182347308502</translation><rotation><c1>1, 0, 0</c1><c2>0, 1, 0</c2><c3>0, 0, 1</c3></rotation></pose><symmetry><x>twoFold</x><y>cylindrical</y><z>twoFold</z></symmetry><detectionScore>-1.0</detectionScore></element><element><id>48</id><category>person</category><bounds><corner1>-1.3953039526455684, -0.6797802804380992, -2.2626341772176035</corner1><corner2>1.3953039526455684, 0.6797802804380992, 2.2626341772176035</corner2></bounds><pose><translation>-1.7167290007072475, -0.6815849086685715, -4.093585066821269</translation><rotation><c1>1, 0, 0</c1><c2>0, 1, 0</c2><c3>0, 0, 1</c3></rotation></pose><symmetry><x>twoFold</x><y>cylindrical</y><z>twoFold</z></symmetry><detectionScore>-1.0</detectionScore></element><element><id>49</id><category>wall</category><bounds><corner1>-1.468258193375331, -0.08675132641825245, -1.4743042562419322</corner1><corner2>1.468258193375331, 0.08675132641825245, 1.4743042562419322</corner2></bounds><pose><translation>-2.6539656508078218, 1.4196815447743363, -4.764085196764096</translation><rotation><c1>1, 0, 0</c1><c2>0, 1, 0</c2><c3>0, 0, 1</c3></rotation></pose><symmetry><x>twoFold</x><y>cylindrical</y><z>twoFold</z></symmetry><detectionScore>-1.0</detectionScore></element><element><id>50</id><category>plant</category><bounds><corner1>-1.9436635260433763, -1.6803591772814321, -0.8950592628155034</corner1><corner2>1.9436635260433763, 1.6803591772814321, 0.8950592628155034</corner2></bounds><pose><translation>-2.5728139202795295, -0.2241621517162203, 4.540639834765193</translation><rotation><c1>1, 0, 0</c1><c2>0, 1, 0</c2><c3>0, 0, 1</c3></rotation></pose><symmetry><x>twoFold</x><y>cylindrical</y><z>twoFold</z></symmetry><detectionScore>-1.0</detectionScore></element><element><id>51</id><category>plant</category><bounds><corner1>-2.7553436649485006, -1.12893519096976, -4.032151179716761</corner1><corner2>2.7553436649485006, 1.12893519096976, 4.032151179716761</corner2></bounds><pose><translation>-4.89156497358781, -0.19152069302323613, -6.538535687191444</translation><rotation><c1>1, 0, 0</c1><c2>0, 1, 0</c2><c3>0, 0, 1</c3></rotation></pose><symmetry><x>twoFold</x><y>cylindrical</y><z>twoFold</z></symmetry><detectionScore>-1.0</detectionScore></element><element><id>52</id><category>chandelier</category><bounds><corner1>-0.3859013029926226, -0.8075247200511848, -1.3160760295669243</corner1><corner2>0.3859013029926226, 0.8075247200511848, 1.3160760295669243</corner2></bounds><pose><translation>-0.03356958218297046, 0.7200085319958993, -3.309270345806433</translation><rotation><c1>1, 0, 0</c1><c2>0, 1, 0</c2><c3>0, 0, 1</c3></rotation></pose><symmetry><x>twoFold</x><y>cylindrical</y><z>twoFold</z></symmetry><detectionScore>-1.0</detectionScore></element></elements></scene>