<?xml version='1.0' encoding='utf-8'?>
<scene xmlns:sumo="https://www.sumochallenge.org"><version>2.0</version><categories><id>fb_categories_v1.0</id><url>https://sumochallenge.org/en/categories-1_0.json</url></categories><project_type>bounding_box</project_type><elements><element><id>6</id><category>chandelier</category><bounds><corner1>-0.56605768, -0.04610423, -0.1617999 </corner1><corner2>0.56605768, 0.04610423, 0.1617999 </corner2></bounds><pose><translation> 1.82898074,  1.46392905, -0.30358581</translation><rotation><c1>1., 0., 0.</c1><c2>0., 1., 0.</c2><c3>0., 0., 1.</c3></rotation></pose><symmetry><x>none</x><y>none</y><z>none</z></symmetry><detectionScore>-1</detectionScore></element><element><id>5</id><category>wall</category><bounds><corner1>-1.96498741, -1.1266487 , -2.22507472</corner1><corner2>1.96498741, 1.1266487 , 2.22507472</corner2></bounds><pose><translation>-2.64799574, -0.05620493,  0.32508865</translation><rotation><c1>1., 0., 0.</c1><c2>0., 1., 0.</c2><c3>0., 0., 1.</c3></rotation></pose><symmetry><x>none</x><y>none</y><z>none</z></symmetry><detectionScore>-1</detectionScore></element><element><id>3</id><category>chair</category><bounds><corner1>-0.50801548, -0.17844899, -1.86173675</corner1><corner2>0.50801548, 0.17844899, 1.86173675</corner2></bounds><pose><translation>-1.45900874, -0.65011846,  0.92227011</translation><rotation><c1>1., 0., 0.</c1><c2>0., 1., 0.</c2><c3>0., 0., 1.</c3></rotation></pose><symmetry><x>none</x><y>none</y><z>none</z></symmetry><detectionScore>-1</detectionScore></element><element><id>4</id><category>chandelier</category><bounds><corner1>-1.06405896, -0.37088851, -0.43636278</corner1><corner2>1.06405896, 0.37088851, 0.43636278</corner2></bounds><pose><translation>-1.66505979,  1.13571286,  0.85030624</translation><rotation><c1>1., 0., 0.</c1><c2>0., 1., 0.</c2><c3>0., 0., 1.</c3></rotation></pose><symmetry><x>none</x><y>none</y><z>none</z></symmetry><detectionScore>-1</detectionScore></element><element><id>2</id><category>pillow</category><bounds><corner1>-0.36781153, -0.22734085, -0.26204218</corner1><corner2>0.36781153, 0.22734085, 0.26204218</corner2></bounds><pose><translation> 0.38718535, -0.88564219,  2.53389939</translation><rotation><c1>1., 0., 0.</c1><c2>0., 1., 0.</c2><c3>0., 0., 1.</c3></rotation></pose><symmetry><x>none</x><y>none</y><z>none</z></symmetry><detectionScore>-1</detectionScore></element><element><id>1</id><category>chair</category><bounds><corner1>-0.30303824, -0.2918718 , -0.4015097 </corner1><corner2>0.30303824, 0.2918718 , 0.4015097 </corner2></bounds><pose><translation>-1.45600658, -0.93165132,  0.32764591</translation><rotation><c1>1., 0., 0.</c1><c2>0., 1., 0.</c2><c3>0., 0., 1.</c3></rotation></pose><symmetry><x>none</x><y>none</y><z>none</z></symmetry><detectionScore>-1</detectionScore></element></elements></scene>