<?xml version='1.0' encoding='utf-8'?>
<scene xmlns:sumo="https://www.sumochallenge.org"><version>2.0</version><categories><id>fb_categories_v1.0</id><url>https://sumochallenge.org/en/categories-1_0.json</url></categories><project_type>bounding_box</project_type><elements><element><id>3</id><category>kitchen_cabinet</category><bounds><corner1>-3.01098029, -1.70810686, -2.27586922</corner1><corner2>3.01098029, 1.70810686, 2.27586922</corner2></bounds><pose><translation> 6.29192263, -0.23504428,  9.21441043</translation><rotation><c1>1., 0., 0.</c1><c2>0., 1., 0.</c2><c3>0., 0., 1.</c3></rotation></pose><symmetry><x>none</x><y>none</y><z>none</z></symmetry><detectionScore>-1</detectionScore></element><element><id>5</id><category>sofa</category><bounds><corner1>-3.57802062, -0.38472834, -1.19796789</corner1><corner2>3.57802062, 0.38472834, 1.19796789</corner2></bounds><pose><translation> 5.6907328 , -1.00419922,  0.82480007</translation><rotation><c1>1., 0., 0.</c1><c2>0., 1., 0.</c2><c3>0., 0., 1.</c3></rotation></pose><symmetry><x>none</x><y>none</y><z>none</z></symmetry><detectionScore>-1</detectionScore></element><element><id>4</id><category>sofa</category><bounds><corner1>-1.26459478, -0.36332986, -1.22346972</corner1><corner2>1.26459478, 0.36332986, 1.22346972</corner2></bounds><pose><translation>-5.32740604, -0.97035118,  0.63843297</translation><rotation><c1>1., 0., 0.</c1><c2>0., 1., 0.</c2><c3>0., 0., 1.</c3></rotation></pose><symmetry><x>none</x><y>none</y><z>none</z></symmetry><detectionScore>-1</detectionScore></element><element><id>2</id><category>sofa</category><bounds><corner1>-1.50569524, -0.28847799, -2.14579236</corner1><corner2>1.50569524, 0.28847799, 2.14579236</corner2></bounds><pose><translation>-4.1076704 , -0.93908502,  1.31225578</translation><rotation><c1>1., 0., 0.</c1><c2>0., 1., 0.</c2><c3>0., 0., 1.</c3></rotation></pose><symmetry><x>none</x><y>none</y><z>none</z></symmetry><detectionScore>-1</detectionScore></element><element><id>1</id><category>sofa</category><bounds><corner1>-4.58469074, -0.28172324, -1.78933821</corner1><corner2>4.58469074, 0.28172324, 1.78933821</corner2></bounds><pose><translation> 4.62245384, -0.93013918,  1.38809984</translation><rotation><c1>1., 0., 0.</c1><c2>0., 1., 0.</c2><c3>0., 0., 1.</c3></rotation></pose><symmetry><x>none</x><y>none</y><z>none</z></symmetry><detectionScore>-1</detectionScore></element></elements></scene>