<?xml version='1.0' encoding='utf-8'?>
<scene xmlns:sumo="https://www.sumochallenge.org"><version>2.0</version><categories><id>fb_categories_v1.0</id><url>https://sumochallenge.org/en/categories-1_0.json</url></categories><project_type>bounding_box</project_type><elements><element><id>4</id><category>tv_stand</category><bounds><corner1>-0.69178666, -0.12840646, -0.03700434</corner1><corner2>0.69178666, 0.12840646, 0.03700434</corner2></bounds><pose><translation>-0.06122013, -1.11454004, -1.55494249</translation><rotation><c1>1., 0., 0.</c1><c2>0., 1., 0.</c2><c3>0., 0., 1.</c3></rotation></pose><symmetry><x>none</x><y>none</y><z>none</z></symmetry><detectionScore>0.96499467</detectionScore></element><element><id>1</id><category>laptop</category><bounds><corner1>-0.59513156, -0.19086268, -0.66998576</corner1><corner2>0.59513156, 0.19086268, 0.66998576</corner2></bounds><pose><translation> 1.14440927, -0.62750322,  2.32984797</translation><rotation><c1>1., 0., 0.</c1><c2>0., 1., 0.</c2><c3>0., 0., 1.</c3></rotation></pose><symmetry><x>none</x><y>none</y><z>none</z></symmetry><detectionScore>0.5546011</detectionScore></element><element><id>5</id><category>desk</category><bounds><corner1>-1.00509701, -0.23284547, -0.95592432</corner1><corner2>1.00509701, 0.23284547, 0.95592432</corner2></bounds><pose><translation> 0.8639751 , -0.80682061,  1.7900344 </translation><rotation><c1>1., 0., 0.</c1><c2>0., 1., 0.</c2><c3>0., 0., 1.</c3></rotation></pose><symmetry><x>none</x><y>none</y><z>none</z></symmetry><detectionScore>0.74923927</detectionScore></element><element><id>3</id><category>wall</category><bounds><corner1>-2.52968058, -0.98123749, -2.36762533</corner1><corner2>2.52968058, 0.98123749, 2.36762533</corner2></bounds><pose><translation> 1.14498817, -0.02511088,  0.52253181</translation><rotation><c1>1., 0., 0.</c1><c2>0., 1., 0.</c2><c3>0., 0., 1.</c3></rotation></pose><symmetry><x>none</x><y>twoFold</y><z>none</z></symmetry><detectionScore>0.8851868</detectionScore></element><element><id>2</id><category>television</category><bounds><corner1>-0.60743624, -0.36840066, -0.09593814</corner1><corner2>0.60743624, 0.36840066, 0.09593814</corner2></bounds><pose><translation>-0.10144548, -0.6520078 , -1.97903594</translation><rotation><c1>1., 0., 0.</c1><c2>0., 1., 0.</c2><c3>0., 0., 1.</c3></rotation></pose><symmetry><x>none</x><y>none</y><z>twoFold</z></symmetry><detectionScore>0.9988589</detectionScore></element><element><id>9</id><category>wall</category><bounds><corner1>-1.15974158, -1.23371784, -0.44706324</corner1><corner2>1.15974158, 1.23371784, 0.44706324</corner2></bounds><pose><translation>-0.07987257, -0.12021127, -2.01209152</translation><rotation><c1>1., 0., 0.</c1><c2>0., 1., 0.</c2><c3>0., 0., 1.</c3></rotation></pose><symmetry><x>none</x><y>twoFold</y><z>none</z></symmetry><detectionScore>0.86096275</detectionScore></element><element><id>8</id><category>bunker_bed</category><bounds><corner1>-1.06861513, -1.17466827, -0.94679552</corner1><corner2>1.06861513, 1.17466827, 0.94679552</corner2></bounds><pose><translation>-0.42806165, -0.73437356,  2.05198647</translation><rotation><c1>1., 0., 0.</c1><c2>0., 1., 0.</c2><c3>0., 0., 1.</c3></rotation></pose><symmetry><x>none</x><y>none</y><z>none</z></symmetry><detectionScore>0.9962476</detectionScore></element><element><id>7</id><category>loudspeaker</category><bounds><corner1>-1.28692524, -0.02481677, -1.09615234</corner1><corner2>1.28692524, 0.02481677, 1.09615234</corner2></bounds><pose><translation> 0.93500703, -0.49591651,  0.3926429 </translation><rotation><c1>1., 0., 0.</c1><c2>0., 1., 0.</c2><c3>0., 0., 1.</c3></rotation></pose><symmetry><x>none</x><y>fourFold</y><z>none</z></symmetry><detectionScore>0.8685284</detectionScore></element></elements></scene>