<?xml version='1.0' encoding='utf-8'?>
<scene xmlns:sumo="https://www.sumochallenge.org"><version>2.0</version><categories><id>fb_categories_v1_0</id><url>https://sumochallenge.org/en/categories-1_0.json</url></categories><project_type>bounding_box</project_type><elements><element><id>0</id><category>shelving</category><bounds><corner1>-0.3210215047373892, -0.32835930947838055, -0.7746632766589114</corner1><corner2>0.3210215047373892, 0.32835930947838055, 0.7746632766589114</corner2></bounds><pose><translation>-2.486737424741751, 1.5649823289579199, 0.13895980178465772</translation><rotation><c1>0, 0, 0</c1><c2>0, 0, 0</c2><c3>0, 0, 0</c3></rotation></pose><symmetry><x>twoFold</x><y>cylindrical</y><z>twoFold</z></symmetry><detectionScore>-1.0</detectionScore></element><element><id>1</id><category>shelving</category><bounds><corner1>-0.4186144720477718, -0.2572823904959449, -1.1479272579426745</corner1><corner2>0.4186144720477718, 0.2572823904959449, 1.1479272579426745</corner2></bounds><pose><translation>-3.563020773981017, -2.16501348390183, 0.15923524342758147</translation><rotation><c1>0, 0, 0</c1><c2>0, 0, 0</c2><c3>0, 0, 0</c3></rotation></pose><symmetry><x>twoFold</x><y>cylindrical</y><z>twoFold</z></symmetry><detectionScore>-1.0</detectionScore></element><element><id>2</id><category>floor</category><bounds><corner1>-1.1234827394776112, -0.5669544044165549, -0.5221980045136094</corner1><corner2>1.1234827394776112, 0.5669544044165549, 0.5221980045136094</corner2></bounds><pose><translation>-1.4063022805365293, 3.5288293472978416, -1.3907663986441188</translation><rotation><c1>0, 0, 0</c1><c2>0, 0, 0</c2><c3>0, 0, 0</c3></rotation></pose><symmetry><x>twoFold</x><y>cylindrical</y><z>twoFold</z></symmetry><detectionScore>-1.0</detectionScore></element><element><id>3</id><category>wall</category><bounds><corner1>-0.5701273312698569, -0.11221581620970111, -1.4417007103590802</corner1><corner2>0.5701273312698569, 0.11221581620970111, 1.4417007103590802</corner2></bounds><pose><translation>-1.676835806228495, 3.5999840801051124, -0.15751787804329012</translation><rotation><c1>0, 0, 0</c1><c2>0, 0, 0</c2><c3>0, 0, 0</c3></rotation></pose><symmetry><x>twoFold</x><y>cylindrical</y><z>twoFold</z></symmetry><detectionScore>-1.0</detectionScore></element><element><id>4</id><category>shelving</category><bounds><corner1>-0.7457366503228782, -0.15607825280091148, -1.3907143708262364</corner1><corner2>0.7457366503228782, 0.15607825280091148, 1.3907143708262364</corner2></bounds><pose><translation>-0.450747420536576, -2.132048148374878, -0.5638331016062437</translation><rotation><c1>0, 0, 0</c1><c2>0, 0, 0</c2><c3>0, 0, 0</c3></rotation></pose><symmetry><x>twoFold</x><y>cylindrical</y><z>twoFold</z></symmetry><detectionScore>-1.0</detectionScore></element><element><id>5</id><category>floor</category><bounds><corner1>-0.9187789462534359, -1.236701159337593, -0.4658182436446388</corner1><corner2>0.9187789462534359, 1.236701159337593, 0.4658182436446388</corner2></bounds><pose><translation>-0.25134107981481896, 3.6427138874843585, -0.954160791959453</translation><rotation><c1>0, 0, 0</c1><c2>0, 0, 0</c2><c3>0, 0, 0</c3></rotation></pose><symmetry><x>twoFold</x><y>cylindrical</y><z>twoFold</z></symmetry><detectionScore>-1.0</detectionScore></element><element><id>6</id><category>floor</category><bounds><corner1>-1.0333509194930368, -0.0803366967969259, -0.4218529062881555</corner1><corner2>1.0333509194930368, 0.0803366967969259, 0.4218529062881555</corner2></bounds><pose><translation>0.7624369181753982, 3.660029054030937, -1.1901709195115902</translation><rotation><c1>0, 0, 0</c1><c2>0, 0, 0</c2><c3>0, 0, 0</c3></rotation></pose><symmetry><x>twoFold</x><y>cylindrical</y><z>twoFold</z></symmetry><detectionScore>-1.0</detectionScore></element><element><id>7</id><category>wall</category><bounds><corner1>-0.0617990153130048, -0.9189918636145409, -1.217956476323097</corner1><corner2>0.0617990153130048, 0.9189918636145409, 1.217956476323097</corner2></bounds><pose><translation>-2.518290508411718, 0.3065410437341273, -0.07107508760319681</translation><rotation><c1>0, 0, 0</c1><c2>0, 0, 0</c2><c3>0, 0, 0</c3></rotation></pose><symmetry><x>twoFold</x><y>cylindrical</y><z>twoFold</z></symmetry><detectionScore>-1.0</detectionScore></element><element><id>8</id><category>books</category><bounds><corner1>-0.4526361162081251, -0.07155517653638732, -0.17815770829863115</corner1><corner2>0.4526361162081251, 0.07155517653638732, 0.17815770829863115</corner2></bounds><pose><translation>-0.4505613685707839, -2.132560945843747, 0.38802045226131093</translation><rotation><c1>0, 0, 0</c1><c2>0, 0, 0</c2><c3>0, 0, 0</c3></rotation></pose><symmetry><x>twoFold</x><y>cylindrical</y><z>twoFold</z></symmetry><detectionScore>-1.0</detectionScore></element><element><id>9</id><category>rug</category><bounds><corner1>-0.4094748319939616, -0.9090557827679164, -0.41663909789214526</corner1><corner2>0.4094748319939616, 0.9090557827679164, 0.41663909789214526</corner2></bounds><pose><translation>-2.699910619016989, -1.3446837275874377, -1.6792245555730778</translation><rotation><c1>0, 0, 0</c1><c2>0, 0, 0</c2><c3>0, 0, 0</c3></rotation></pose><symmetry><x>twoFold</x><y>cylindrical</y><z>twoFold</z></symmetry><detectionScore>-1.0</detectionScore></element><element><id>10</id><category>shelving</category><bounds><corner1>-0.6092861854857161, -0.08372579395781576, -0.30790888952177664</corner1><corner2>0.6092861854857161, 0.08372579395781576, 0.30790888952177664</corner2></bounds><pose><translation>-0.4443645605409309, -2.140687920367278, 0.36948662288886247</translation><rotation><c1>0, 0, 0</c1><c2>0, 0, 0</c2><c3>0, 0, 0</c3></rotation></pose><symmetry><x>twoFold</x><y>cylindrical</y><z>twoFold</z></symmetry><detectionScore>-1.0</detectionScore></element><element><id>11</id><category>wall</category><bounds><corner1>-1.6751675230874017, -0.12803417022269103, -1.531783987998887</corner1><corner2>1.6751675230874017, 0.12803417022269103, 1.531783987998887</corner2></bounds><pose><translation>0.11683447425536446, 3.654128686818903, -0.15930989080426752</translation><rotation><c1>0, 0, 0</c1><c2>0, 0, 0</c2><c3>0, 0, 0</c3></rotation></pose><symmetry><x>twoFold</x><y>cylindrical</y><z>twoFold</z></symmetry><detectionScore>-1.0</detectionScore></element><element><id>12</id><category>door</category><bounds><corner1>-0.4013331489508545, -1.6128672066995278, -1.2081709239354512</corner1><corner2>0.4013331489508545, 1.6128672066995278, 1.2081709239354512</corner2></bounds><pose><translation>-1.8500049188189673, 2.046978456632152, -0.35260010076520554</translation><rotation><c1>0, 0, 0</c1><c2>0, 0, 0</c2><c3>0, 0, 0</c3></rotation></pose><symmetry><x>twoFold</x><y>cylindrical</y><z>twoFold</z></symmetry><detectionScore>-1.0</detectionScore></element><element><id>13</id><category>wall</category><bounds><corner1>-6.041435199463499, -1.9088394585288984, -1.4629994004495677</corner1><corner2>6.041435199463499, 1.9088394585288984, 1.4629994004495677</corner2></bounds><pose><translation>4.012996918246716, -0.13913968165363727, -0.10645596390809556</translation><rotation><c1>0, 0, 0</c1><c2>0, 0, 0</c2><c3>0, 0, 0</c3></rotation></pose><symmetry><x>twoFold</x><y>cylindrical</y><z>twoFold</z></symmetry><detectionScore>-1.0</detectionScore></element><element><id>14</id><category>floor_lamp</category><bounds><corner1>-0.06383105425563818, -0.16257424543113433, -0.6514481398378786</corner1><corner2>0.06383105425563818, 0.16257424543113433, 0.6514481398378786</corner2></bounds><pose><translation>-2.5285035804042706, -0.16499294751644877, -1.039509727489246</translation><rotation><c1>0, 0, 0</c1><c2>0, 0, 0</c2><c3>0, 0, 0</c3></rotation></pose><symmetry><x>twoFold</x><y>cylindrical</y><z>twoFold</z></symmetry><detectionScore>-1.0</detectionScore></element><element><id>15</id><category>window</category><bounds><corner1>-0.08302157227325235, -0.7149862313030648, -0.8377451010227337</corner1><corner2>0.08302157227325235, 0.7149862313030648, 0.8377451010227337</corner2></bounds><pose><translation>4.0691005948008865, 1.0480005218534219, 0.04378811373387889</translation><rotation><c1>0, 0, 0</c1><c2>0, 0, 0</c2><c3>0, 0, 0</c3></rotation></pose><symmetry><x>twoFold</x><y>cylindrical</y><z>twoFold</z></symmetry><detectionScore>-1.0</detectionScore></element><element><id>16</id><category>door</category><bounds><corner1>-0.658588663626321, -1.3922063257247133, -1.4941263838767087</corner1><corner2>0.658588663626321, 1.3922063257247133, 1.4941263838767087</corner2></bounds><pose><translation>-0.5175734301998955, 3.5146766090752455, -0.5178010219664978</translation><rotation><c1>0, 0, 0</c1><c2>0, 0, 0</c2><c3>0, 0, 0</c3></rotation></pose><symmetry><x>twoFold</x><y>cylindrical</y><z>twoFold</z></symmetry><detectionScore>-1.0</detectionScore></element><element><id>17</id><category>picture_frame</category><bounds><corner1>-0.05361071147900498, -0.6274466758484338, -0.6028506690063096</corner1><corner2>0.05361071147900498, 0.6274466758484338, 0.6028506690063096</corner2></bounds><pose><translation>-2.5046136050156873, 0.4524133420450431, 0.06097467094665719</translation><rotation><c1>0, 0, 0</c1><c2>0, 0, 0</c2><c3>0, 0, 0</c3></rotation></pose><symmetry><x>twoFold</x><y>cylindrical</y><z>twoFold</z></symmetry><detectionScore>-1.0</detectionScore></element><element><id>18</id><category>door</category><bounds><corner1>-6.786850999787655, -0.9342137129036514, -1.4078015385139007</corner1><corner2>6.786850999787655, 0.9342137129036514, 1.4078015385139007</corner2></bounds><pose><translation>4.053896632682939, -0.6809956184222069, -0.3712181200480289</translation><rotation><c1>0, 0, 0</c1><c2>0, 0, 0</c2><c3>0, 0, 0</c3></rotation></pose><symmetry><x>twoFold</x><y>cylindrical</y><z>twoFold</z></symmetry><detectionScore>-1.0</detectionScore></element><element><id>19</id><category>air_conditioner</category><bounds><corner1>-0.5674401088127619, -0.14444125619217463, -0.19722588182097034</corner1><corner2>0.5674401088127619, 0.14444125619217463, 0.19722588182097034</corner2></bounds><pose><translation>-0.43107556462120744, -2.1966952506250608, 0.7273075007414014</translation><rotation><c1>0, 0, 0</c1><c2>0, 0, 0</c2><c3>0, 0, 0</c3></rotation></pose><symmetry><x>twoFold</x><y>cylindrical</y><z>twoFold</z></symmetry><detectionScore>-1.0</detectionScore></element></elements></scene>