<?xml version='1.0' encoding='utf-8'?>
<scene xmlns:sumo="https://www.sumochallenge.org"><version>2.0</version><categories><id>fb_categories_v1_0</id><url>https://sumochallenge.org/en/categories-1_0.json</url></categories><project_type>bounding_box</project_type><elements><element><id>0</id><category>door</category><bounds><corner1>-1.9438866906088024, -7.665024927166397, -1.5434854716733606</corner1><corner2>1.9438866906088024, 7.665024927166397, 1.5434854716733606</corner2></bounds><pose><translation>1.1127628637615545, 6.243830084038884, -0.2670644567632465</translation><rotation><c1>0, 0, 0</c1><c2>0, 0, 0</c2><c3>0, 0, 0</c3></rotation></pose><symmetry><x>twoFold</x><y>cylindrical</y><z>twoFold</z></symmetry><detectionScore>-1.0</detectionScore></element><element><id>1</id><category>wall</category><bounds><corner1>-1.848324396710131, -1.2932470534054188, -1.4783298388867607</corner1><corner2>1.848324396710131, 1.2932470534054188, 1.4783298388867607</corner2></bounds><pose><translation>-3.2858424630100904, -1.4711819565176134, -0.15758280521916873</translation><rotation><c1>0, 0, 0</c1><c2>0, 0, 0</c2><c3>0, 0, 0</c3></rotation></pose><symmetry><x>twoFold</x><y>cylindrical</y><z>twoFold</z></symmetry><detectionScore>-1.0</detectionScore></element><element><id>2</id><category>gym_equipment</category><bounds><corner1>-1.0869893363932004, -5.825507903478943, -0.9813527943562821</corner1><corner2>1.0869893363932004, 5.825507903478943, 0.9813527943562821</corner2></bounds><pose><translation>-0.6760744665407131, 3.874844306500442, -0.9292137214058038</translation><rotation><c1>0, 0, 0</c1><c2>0, 0, 0</c2><c3>0, 0, 0</c3></rotation></pose><symmetry><x>twoFold</x><y>cylindrical</y><z>twoFold</z></symmetry><detectionScore>-1.0</detectionScore></element><element><id>3</id><category>window</category><bounds><corner1>-0.3346878994322835, -0.9411058933080296, -0.4267733898189482</corner1><corner2>0.3346878994322835, 0.9411058933080296, 0.4267733898189482</corner2></bounds><pose><translation>-3.045569810048064, 3.6272677769117294, -0.927458140747024</translation><rotation><c1>0, 0, 0</c1><c2>0, 0, 0</c2><c3>0, 0, 0</c3></rotation></pose><symmetry><x>twoFold</x><y>cylindrical</y><z>twoFold</z></symmetry><detectionScore>-1.0</detectionScore></element><element><id>4</id><category>fence</category><bounds><corner1>-0.9069902841741193, -2.597009166409755, -0.4847345034990155</corner1><corner2>0.9069902841741193, 2.597009166409755, 0.4847345034990155</corner2></bounds><pose><translation>1.0637257934211228, -2.597009166409755, -0.4847345034990155</translation><rotation><c1>0, 0, 0</c1><c2>0, 0, 0</c2><c3>0, 0, 0</c3></rotation></pose><symmetry><x>twoFold</x><y>cylindrical</y><z>twoFold</z></symmetry><detectionScore>-1.0</detectionScore></element><element><id>5</id><category>window</category><bounds><corner1>-0.07699832546653607, -1.0795486054939238, -0.8250585776420273</corner1><corner2>0.07699832546653607, 1.0795486054939238, 0.8250585776420273</corner2></bounds><pose><translation>3.3729812637230925, -1.4170452375558695, 0.09453011086917429</translation><rotation><c1>0, 0, 0</c1><c2>0, 0, 0</c2><c3>0, 0, 0</c3></rotation></pose><symmetry><x>twoFold</x><y>cylindrical</y><z>twoFold</z></symmetry><detectionScore>-1.0</detectionScore></element><element><id>6</id><category>wall</category><bounds><corner1>-1.1797813328252411, -1.1418936682268452, -0.6920326406955079</corner1><corner2>1.1797813328252411, 1.1418936682268452, 0.6920326406955079</corner2></bounds><pose><translation>-1.6115451375344851, -2.50201054852456, -0.10557276566062576</translation><rotation><c1>0, 0, 0</c1><c2>0, 0, 0</c2><c3>0, 0, 0</c3></rotation></pose><symmetry><x>twoFold</x><y>cylindrical</y><z>twoFold</z></symmetry><detectionScore>-1.0</detectionScore></element><element><id>7</id><category>fence</category><bounds><corner1>-0.4829953017470019, -1.25615605159401, -0.598608943161794</corner1><corner2>0.4829953017470019, 1.25615605159401, 0.598608943161794</corner2></bounds><pose><translation>1.0798216190951313, -2.5893917481535142, -0.14330582902465072</translation><rotation><c1>0, 0, 0</c1><c2>0, 0, 0</c2><c3>0, 0, 0</c3></rotation></pose><symmetry><x>twoFold</x><y>cylindrical</y><z>twoFold</z></symmetry><detectionScore>-1.0</detectionScore></element><element><id>8</id><category>window</category><bounds><corner1>-0.11518993087043139, -0.4723195566371796, -0.8029176256329067</corner1><corner2>0.11518993087043139, 0.4723195566371796, 0.8029176256329067</corner2></bounds><pose><translation>-3.366775438219085, -1.4434415914712824, 0.06272778165519247</translation><rotation><c1>0, 0, 0</c1><c2>0, 0, 0</c2><c3>0, 0, 0</c3></rotation></pose><symmetry><x>twoFold</x><y>cylindrical</y><z>twoFold</z></symmetry><detectionScore>-1.0</detectionScore></element><element><id>9</id><category>chair</category><bounds><corner1>-2.4341407968042486, -4.315517952124224, -1.0778543363299296</corner1><corner2>2.4341407968042486, 4.315517952124224, 1.0778543363299296</corner2></bounds><pose><translation>1.9129051707839233, 2.935680049020733, -1.5870128159584047</translation><rotation><c1>0, 0, 0</c1><c2>0, 0, 0</c2><c3>0, 0, 0</c3></rotation></pose><symmetry><x>twoFold</x><y>cylindrical</y><z>twoFold</z></symmetry><detectionScore>-1.0</detectionScore></element><element><id>10</id><category>dresser</category><bounds><corner1>-0.6923130193301337, -2.255542382638026, -0.27411461343233645</corner1><corner2>0.6923130193301337, 2.255542382638026, 0.27411461343233645</corner2></bounds><pose><translation>-2.187688160827966, 3.9731861043341836, -1.0413039080826112</translation><rotation><c1>0, 0, 0</c1><c2>0, 0, 0</c2><c3>0, 0, 0</c3></rotation></pose><symmetry><x>twoFold</x><y>cylindrical</y><z>twoFold</z></symmetry><detectionScore>-1.0</detectionScore></element><element><id>11</id><category>chandelier</category><bounds><corner1>-1.0204923515481976, -0.21289020176529894, -0.25678143036232504</corner1><corner2>1.0204923515481976, 0.21289020176529894, 0.25678143036232504</corner2></bounds><pose><translation>2.2780032843129643, -1.5272673297510466, 1.140665921941053</translation><rotation><c1>0, 0, 0</c1><c2>0, 0, 0</c2><c3>0, 0, 0</c3></rotation></pose><symmetry><x>twoFold</x><y>cylindrical</y><z>twoFold</z></symmetry><detectionScore>-1.0</detectionScore></element><element><id>12</id><category>floor_lamp</category><bounds><corner1>-1.009271006052413, -5.887270117048488, -1.9534692115429384</corner1><corner2>1.009271006052413, 5.887270117048488, 1.9534692115429384</corner2></bounds><pose><translation>-0.7817578516906529, 3.8746236530107945, -0.8103376053399425</translation><rotation><c1>0, 0, 0</c1><c2>0, 0, 0</c2><c3>0, 0, 0</c3></rotation></pose><symmetry><x>twoFold</x><y>cylindrical</y><z>twoFold</z></symmetry><detectionScore>-1.0</detectionScore></element><element><id>13</id><category>kitchen_cabinet</category><bounds><corner1>-0.7425629502771545, -0.3912617305315953, -0.32926315176022103</corner1><corner2>0.7425629502771545, 0.3912617305315953, 0.32926315176022103</corner2></bounds><pose><translation>-2.1823700180325027, 0.023829982839249534, -0.7320973690740566</translation><rotation><c1>0, 0, 0</c1><c2>0, 0, 0</c2><c3>0, 0, 0</c3></rotation></pose><symmetry><x>twoFold</x><y>cylindrical</y><z>twoFold</z></symmetry><detectionScore>-1.0</detectionScore></element><element><id>14</id><category>chair</category><bounds><corner1>-1.664783721472438, -5.61519499434025, -0.5609543712270743</corner1><corner2>1.664783721472438, 5.61519499434025, 0.5609543712270743</corner2></bounds><pose><translation>1.5195540694905796, 5.310894288320945, -1.2267701933396828</translation><rotation><c1>0, 0, 0</c1><c2>0, 0, 0</c2><c3>0, 0, 0</c3></rotation></pose><symmetry><x>twoFold</x><y>cylindrical</y><z>twoFold</z></symmetry><detectionScore>-1.0</detectionScore></element><element><id>15</id><category>chair</category><bounds><corner1>-0.6612333860052476, -2.1700879956890473, -0.7305674281562522</corner1><corner2>0.6612333860052476, 2.1700879956890473, 0.7305674281562522</corner2></bounds><pose><translation>-0.7051407294103029, 3.496525752577951, -1.0746198825084343</translation><rotation><c1>0, 0, 0</c1><c2>0, 0, 0</c2><c3>0, 0, 0</c3></rotation></pose><symmetry><x>twoFold</x><y>cylindrical</y><z>twoFold</z></symmetry><detectionScore>-1.0</detectionScore></element><element><id>16</id><category>desk</category><bounds><corner1>-0.9827237002397347, -1.1599189578903117, -0.5019528409040583</corner1><corner2>0.9827237002397347, 1.1599189578903117, 0.5019528409040583</corner2></bounds><pose><translation>-2.69259106747434, 1.0442680949538055, -0.9881120587352019</translation><rotation><c1>0, 0, 0</c1><c2>0, 0, 0</c2><c3>0, 0, 0</c3></rotation></pose><symmetry><x>twoFold</x><y>cylindrical</y><z>twoFold</z></symmetry><detectionScore>-1.0</detectionScore></element><element><id>17</id><category>partition</category><bounds><corner1>-1.0738022819170658, -3.287193790096219, -1.5641974819419422</corner1><corner2>1.0738022819170658, 3.287193790096219, 1.5641974819419422</corner2></bounds><pose><translation>-2.5695479100135072, 4.248868223306156, -0.2564942826699241</translation><rotation><c1>0, 0, 0</c1><c2>0, 0, 0</c2><c3>0, 0, 0</c3></rotation></pose><symmetry><x>twoFold</x><y>cylindrical</y><z>twoFold</z></symmetry><detectionScore>-1.0</detectionScore></element><element><id>18</id><category>window</category><bounds><corner1>-1.1826424657839922, -3.338705360843843, -1.4896756112144809</corner1><corner2>1.1826424657839922, 3.338705360843843, 1.4896756112144809</corner2></bounds><pose><translation>-2.7249237231482892, 4.282785477899356, -0.20766610089241963</translation><rotation><c1>0, 0, 0</c1><c2>0, 0, 0</c2><c3>0, 0, 0</c3></rotation></pose><symmetry><x>twoFold</x><y>cylindrical</y><z>twoFold</z></symmetry><detectionScore>-1.0</detectionScore></element><element><id>19</id><category>loudspeaker</category><bounds><corner1>-0.7279097697412185, -0.3945875612153733, -0.3309242890457841</corner1><corner2>0.7279097697412185, 0.3945875612153733, 0.3309242890457841</corner2></bounds><pose><translation>-2.1676595800214282, 0.020037670181022586, -0.7311632240604574</translation><rotation><c1>0, 0, 0</c1><c2>0, 0, 0</c2><c3>0, 0, 0</c3></rotation></pose><symmetry><x>twoFold</x><y>cylindrical</y><z>twoFold</z></symmetry><detectionScore>-1.0</detectionScore></element><element><id>20</id><category>gym_equipment</category><bounds><corner1>-1.414050271741566, -7.487460615014012, -1.828986112354363</corner1><corner2>1.414050271741566, 7.487460615014012, 1.828986112354363</corner2></bounds><pose><translation>1.7806760946558458, 6.013660711208811, -0.5199622318854922</translation><rotation><c1>0, 0, 0</c1><c2>0, 0, 0</c2><c3>0, 0, 0</c3></rotation></pose><symmetry><x>twoFold</x><y>cylindrical</y><z>twoFold</z></symmetry><detectionScore>-1.0</detectionScore></element><element><id>21</id><category>window</category><bounds><corner1>-0.09086623412966399, -0.020704923933131905, -0.42734700066111664</corner1><corner2>0.09086623412966399, 0.020704923933131905, 0.42734700066111664</corner2></bounds><pose><translation>-1.4145280475936943, -0.1399108346643257, 1.076345949492835</translation><rotation><c1>0, 0, 0</c1><c2>0, 0, 0</c2><c3>0, 0, 0</c3></rotation></pose><symmetry><x>twoFold</x><y>cylindrical</y><z>twoFold</z></symmetry><detectionScore>-1.0</detectionScore></element><element><id>22</id><category>dresser</category><bounds><corner1>-0.7384245246318168, -0.405565624102003, -0.33111588052938706</corner1><corner2>0.7384245246318168, 0.405565624102003, 0.33111588052938706</corner2></bounds><pose><translation>-2.1785131374996025, 0.020283506684524912, -0.7298063722711665</translation><rotation><c1>0, 0, 0</c1><c2>0, 0, 0</c2><c3>0, 0, 0</c3></rotation></pose><symmetry><x>twoFold</x><y>cylindrical</y><z>twoFold</z></symmetry><detectionScore>-1.0</detectionScore></element><element><id>23</id><category>plant</category><bounds><corner1>-0.10620399282945936, -1.0643664006712563, -1.0516448710485387</corner1><corner2>0.10620399282945936, 1.0643664006712563, 1.0516448710485387</corner2></bounds><pose><translation>3.339302481519987, -1.3317790497861313, -0.1477288938814599</translation><rotation><c1>0, 0, 0</c1><c2>0, 0, 0</c2><c3>0, 0, 0</c3></rotation></pose><symmetry><x>twoFold</x><y>cylindrical</y><z>twoFold</z></symmetry><detectionScore>-1.0</detectionScore></element><element><id>24</id><category>plant</category><bounds><corner1>-0.32134157316926215, -0.6383880022511372, -0.7015141586987738</corner1><corner2>0.32134157316926215, 0.6383880022511372, 0.7015141586987738</corner2></bounds><pose><translation>3.007915292937417, -2.2117842373689727, -1.2335462253217904</translation><rotation><c1>0, 0, 0</c1><c2>0, 0, 0</c2><c3>0, 0, 0</c3></rotation></pose><symmetry><x>twoFold</x><y>cylindrical</y><z>twoFold</z></symmetry><detectionScore>-1.0</detectionScore></element><element><id>25</id><category>plant</category><bounds><corner1>-1.5451768765392386, -1.36754900098873, -0.41641709926552617</corner1><corner2>1.5451768765392386, 1.36754900098873, 0.41641709926552617</corner2></bounds><pose><translation>0.42553920105600357, -1.36754900098873, -0.41641709926552617</translation><rotation><c1>0, 0, 0</c1><c2>0, 0, 0</c2><c3>0, 0, 0</c3></rotation></pose><symmetry><x>twoFold</x><y>cylindrical</y><z>twoFold</z></symmetry><detectionScore>-1.0</detectionScore></element><element><id>26</id><category>wall</category><bounds><corner1>-0.06892281755022256, -0.09093157031787298, -1.2328395792058287</corner1><corner2>0.06892281755022256, 0.09093157031787298, 1.2328395792058287</corner2></bounds><pose><translation>-1.4749277178515932, -0.18322449345099445, 0.0275149622621402</translation><rotation><c1>0, 0, 0</c1><c2>0, 0, 0</c2><c3>0, 0, 0</c3></rotation></pose><symmetry><x>twoFold</x><y>cylindrical</y><z>twoFold</z></symmetry><detectionScore>-1.0</detectionScore></element><element><id>27</id><category>door</category><bounds><corner1>-1.0212987826706317, -0.04546973028477863, -0.9190526319762379</corner1><corner2>1.0212987826706317, 0.04546973028477863, 0.9190526319762379</corner2></bounds><pose><translation>0.3711678979783871, -1.3783476850794383, -0.012881413948308966</translation><rotation><c1>0, 0, 0</c1><c2>0, 0, 0</c2><c3>0, 0, 0</c3></rotation></pose><symmetry><x>twoFold</x><y>cylindrical</y><z>twoFold</z></symmetry><detectionScore>-1.0</detectionScore></element><element><id>28</id><category>floor_lamp</category><bounds><corner1>-1.4077525109926907, -4.045558179878444, -2.116861439916936</corner1><corner2>1.4077525109926907, 4.045558179878444, 2.116861439916936</corner2></bounds><pose><translation>1.817172538611187, 5.81222256636209, -0.8267938905709775</translation><rotation><c1>0, 0, 0</c1><c2>0, 0, 0</c2><c3>0, 0, 0</c3></rotation></pose><symmetry><x>twoFold</x><y>cylindrical</y><z>twoFold</z></symmetry><detectionScore>-1.0</detectionScore></element><element><id>29</id><category>office_chair</category><bounds><corner1>-0.3387998371838592, -1.3827372197099697, -0.845682025045853</corner1><corner2>0.3387998371838592, 1.3827372197099697, 0.845682025045853</corner2></bounds><pose><translation>-2.239645300253163, 1.2929743036676669, -1.2489592628774493</translation><rotation><c1>0, 0, 0</c1><c2>0, 0, 0</c2><c3>0, 0, 0</c3></rotation></pose><symmetry><x>twoFold</x><y>cylindrical</y><z>twoFold</z></symmetry><detectionScore>-1.0</detectionScore></element><element><id>30</id><category>dresser</category><bounds><corner1>-0.3197030742897693, -0.3962302365421579, -0.46402436669386293</corner1><corner2>0.3197030742897693, 0.3962302365421579, 0.46402436669386293</corner2></bounds><pose><translation>-1.7153003595546488, -0.08191864419770806, -0.8165221574663726</translation><rotation><c1>0, 0, 0</c1><c2>0, 0, 0</c2><c3>0, 0, 0</c3></rotation></pose><symmetry><x>twoFold</x><y>cylindrical</y><z>twoFold</z></symmetry><detectionScore>-1.0</detectionScore></element><element><id>31</id><category>wall</category><bounds><corner1>-2.9192253900961687, -8.14887685568993, -1.4059085001906961</corner1><corner2>2.9192253900961687, 8.14887685568993, 1.4059085001906961</corner2></bounds><pose><translation>-0.10316925939202809, 5.3362830378629695, -0.13603124374882522</translation><rotation><c1>0, 0, 0</c1><c2>0, 0, 0</c2><c3>0, 0, 0</c3></rotation></pose><symmetry><x>twoFold</x><y>cylindrical</y><z>twoFold</z></symmetry><detectionScore>-1.0</detectionScore></element><element><id>32</id><category>wall</category><bounds><corner1>-1.6458729333956312, -5.418399799738037, -1.3680517628236748</corner1><corner2>1.6458729333956312, 5.418399799738037, 1.3680517628236748</corner2></bounds><pose><translation>-1.968297588915586, 4.316381691779663, -0.08969920862441938</translation><rotation><c1>0, 0, 0</c1><c2>0, 0, 0</c2><c3>0, 0, 0</c3></rotation></pose><symmetry><x>twoFold</x><y>cylindrical</y><z>twoFold</z></symmetry><detectionScore>-1.0</detectionScore></element><element><id>33</id><category>plant</category><bounds><corner1>-0.7152899271170869, -1.2310735567795457, -0.908226814355377</corner1><corner2>0.7152899271170869, 1.2310735567795457, 0.908226814355377</corner2></bounds><pose><translation>1.2808779731413955, -2.5685087465842082, 0.037584235753239784</translation><rotation><c1>0, 0, 0</c1><c2>0, 0, 0</c2><c3>0, 0, 0</c3></rotation></pose><symmetry><x>twoFold</x><y>cylindrical</y><z>twoFold</z></symmetry><detectionScore>-1.0</detectionScore></element><element><id>34</id><category>plant</category><bounds><corner1>-0.1848408009550475, -0.8783024151538263, -1.0367691343897687</corner1><corner2>0.1848408009550475, 0.8783024151538263, 1.0367691343897687</corner2></bounds><pose><translation>3.2271786105775035, 0.4439659212244751, -1.3122044720036645</translation><rotation><c1>0, 0, 0</c1><c2>0, 0, 0</c2><c3>0, 0, 0</c3></rotation></pose><symmetry><x>twoFold</x><y>cylindrical</y><z>twoFold</z></symmetry><detectionScore>-1.0</detectionScore></element><element><id>35</id><category>window</category><bounds><corner1>-1.0471506837912812, -0.044048988375630316, -0.8380861053020141</corner1><corner2>1.0471506837912812, 0.044048988375630316, 0.8380861053020141</corner2></bounds><pose><translation>0.36786655629781345, -1.3802974072037641, 0.08891348164093503</translation><rotation><c1>0, 0, 0</c1><c2>0, 0, 0</c2><c3>0, 0, 0</c3></rotation></pose><symmetry><x>twoFold</x><y>cylindrical</y><z>twoFold</z></symmetry><detectionScore>-1.0</detectionScore></element><element><id>36</id><category>wall</category><bounds><corner1>-0.1553739297896004, -1.285405942557109, -1.4392056808874945</corner1><corner2>0.1553739297896004, 1.285405942557109, 1.4392056808874945</corner2></bounds><pose><translation>3.2737445439060253, -1.3087264266388168, -0.09955020557100694</translation><rotation><c1>0, 0, 0</c1><c2>0, 0, 0</c2><c3>0, 0, 0</c3></rotation></pose><symmetry><x>twoFold</x><y>cylindrical</y><z>twoFold</z></symmetry><detectionScore>-1.0</detectionScore></element><element><id>37</id><category>window</category><bounds><corner1>-0.724651137604635, -2.315306412438227, -0.30715030290678036</corner1><corner2>0.724651137604635, 2.315306412438227, 0.30715030290678036</corner2></bounds><pose><translation>-2.2478361386814893, 3.9828608386868734, -1.0051997532308024</translation><rotation><c1>0, 0, 0</c1><c2>0, 0, 0</c2><c3>0, 0, 0</c3></rotation></pose><symmetry><x>twoFold</x><y>cylindrical</y><z>twoFold</z></symmetry><detectionScore>-1.0</detectionScore></element><element><id>38</id><category>tv_stand</category><bounds><corner1>-0.3225400779123373, -0.38509627775113514, -0.37491566591306535</corner1><corner2>0.3225400779123373, 0.38509627775113514, 0.37491566591306535</corner2></bounds><pose><translation>-1.7419132377133675, -0.06893490017086984, -0.7375074804013277</translation><rotation><c1>0, 0, 0</c1><c2>0, 0, 0</c2><c3>0, 0, 0</c3></rotation></pose><symmetry><x>twoFold</x><y>cylindrical</y><z>twoFold</z></symmetry><detectionScore>-1.0</detectionScore></element><element><id>39</id><category>window</category><bounds><corner1>-1.1692643838553018, -0.23749717149817728, -0.9554542553690282</corner1><corner2>1.1692643838553018, 0.23749717149817728, 0.9554542553690282</corner2></bounds><pose><translation>-3.113670156449814, 2.584052797084125, -0.23971038853471177</translation><rotation><c1>0, 0, 0</c1><c2>0, 0, 0</c2><c3>0, 0, 0</c3></rotation></pose><symmetry><x>twoFold</x><y>cylindrical</y><z>twoFold</z></symmetry><detectionScore>-1.0</detectionScore></element><element><id>40</id><category>stairs</category><bounds><corner1>-3.005391039795734, -6.099919426767847, -0.6624990113756791</corner1><corner2>3.005391039795734, 6.099919426767847, 0.6624990113756791</corner2></bounds><pose><translation>0.03881694166393952, 3.711612364066215, 0.8116224446117833</translation><rotation><c1>0, 0, 0</c1><c2>0, 0, 0</c2><c3>0, 0, 0</c3></rotation></pose><symmetry><x>twoFold</x><y>cylindrical</y><z>twoFold</z></symmetry><detectionScore>-1.0</detectionScore></element><element><id>41</id><category>person</category><bounds><corner1>-3.9458534209528997, -6.069675119674232, -0.9670381851330023</corner1><corner2>3.9458534209528997, 6.069675119674232, 0.9670381851330023</corner2></bounds><pose><translation>2.0798915795408908, 3.506098147001774, -1.2274864714090914</translation><rotation><c1>0, 0, 0</c1><c2>0, 0, 0</c2><c3>0, 0, 0</c3></rotation></pose><symmetry><x>twoFold</x><y>cylindrical</y><z>twoFold</z></symmetry><detectionScore>-1.0</detectionScore></element><element><id>42</id><category>wall</category><bounds><corner1>-0.1072696582415964, -1.8448397470291082, -1.1736840331437652</corner1><corner2>0.1072696582415964, 1.8448397470291082, 1.1736840331437652</corner2></bounds><pose><translation>3.151861719424506, 4.943660941470746, 0.02918183389526414</translation><rotation><c1>0, 0, 0</c1><c2>0, 0, 0</c2><c3>0, 0, 0</c3></rotation></pose><symmetry><x>twoFold</x><y>cylindrical</y><z>twoFold</z></symmetry><detectionScore>-1.0</detectionScore></element></elements></scene>