<?xml version='1.0' encoding='utf-8'?>
<scene xmlns:sumo="https://www.sumochallenge.org"><version>2.0</version><categories><id>fb_categories_v1.0</id><url>https://sumochallenge.org/en/categories-1_0.json</url></categories><project_type>bounding_box</project_type><elements><element><id>7</id><category>curtain</category><bounds><corner1>-1.02025392, -1.13937363, -0.11180648</corner1><corner2>1.02025392, 1.13937363, 0.11180648</corner2></bounds><pose><translation> 1.40822954, -0.12753707,  3.0002635 </translation><rotation><c1>1., 0., 0.</c1><c2>0., 1., 0.</c2><c3>0., 0., 1.</c3></rotation></pose><symmetry><x>none</x><y>none</y><z>none</z></symmetry><detectionScore>-1</detectionScore></element><element><id>5</id><category>door</category><bounds><corner1>-0.84708736, -1.13804074, -0.78402759</corner1><corner2>0.84708736, 1.13804074, 0.78402759</corner2></bounds><pose><translation> 0.34325487, -0.13416041, -1.9720281 </translation><rotation><c1>1., 0., 0.</c1><c2>0., 1., 0.</c2><c3>0., 0., 1.</c3></rotation></pose><symmetry><x>none</x><y>none</y><z>none</z></symmetry><detectionScore>-1</detectionScore></element><element><id>3</id><category>window</category><bounds><corner1>-0.32909339, -0.66896527, -0.05407033</corner1><corner2>0.32909339, 0.66896527, 0.05407033</corner2></bounds><pose><translation>1.45759506, 0.05151853, 3.09818113</translation><rotation><c1>1., 0., 0.</c1><c2>0., 1., 0.</c2><c3>0., 0., 1.</c3></rotation></pose><symmetry><x>none</x><y>none</y><z>none</z></symmetry><detectionScore>-1</detectionScore></element><element><id>4</id><category>bunker_bed</category><bounds><corner1>-1.94620606, -0.86023782, -0.30631706</corner1><corner2>1.94620606, 0.86023782, 0.30631706</corner2></bounds><pose><translation> 1.92606981, -0.49346685, -1.16151358</translation><rotation><c1>1., 0., 0.</c1><c2>0., 1., 0.</c2><c3>0., 0., 1.</c3></rotation></pose><symmetry><x>none</x><y>none</y><z>none</z></symmetry><detectionScore>-1</detectionScore></element><element><id>2</id><category>curtain</category><bounds><corner1>-0.15064671, -1.11654958, -1.11284605</corner1><corner2>0.15064671, 1.11654958, 1.11284605</corner2></bounds><pose><translation>-4.428344  , -0.143539  ,  0.79670066</translation><rotation><c1>1., 0., 0.</c1><c2>0., 1., 0.</c2><c3>0., 0., 1.</c3></rotation></pose><symmetry><x>none</x><y>none</y><z>none</z></symmetry><detectionScore>-1</detectionScore></element><element><id>1</id><category>chandelier</category><bounds><corner1>-3.00459986, -0.0218419 , -0.78965263</corner1><corner2>3.00459986, 0.0218419 , 0.78965263</corner2></bounds><pose><translation>2.15102005, 1.18604798, 0.17964306</translation><rotation><c1>1., 0., 0.</c1><c2>0., 1., 0.</c2><c3>0., 0., 1.</c3></rotation></pose><symmetry><x>none</x><y>none</y><z>none</z></symmetry><detectionScore>-1</detectionScore></element><element><id>8</id><category>wall</category><bounds><corner1>-0.08983995, -1.26097489, -2.3417584 </corner1><corner2>0.08983995, 1.26097489, 2.3417584 </corner2></bounds><pose><translation> 5.20143919, -0.12734858,  0.64584099</translation><rotation><c1>1., 0., 0.</c1><c2>0., 1., 0.</c2><c3>0., 0., 1.</c3></rotation></pose><symmetry><x>none</x><y>none</y><z>none</z></symmetry><detectionScore>-1</detectionScore></element></elements></scene>