<?xml version='1.0' encoding='utf-8'?>
<scene xmlns:sumo="https://www.sumochallenge.org"><version>2.0</version><categories><id>fb_categories_v1.0</id><url>https://sumochallenge.org/en/categories-1_0.json</url></categories><project_type>bounding_box</project_type><elements><element><id>5</id><category>wall</category><bounds><corner1>-2.09153324, -1.00442217, -2.49720584</corner1><corner2>2.09153324, 1.00442217, 2.49720584</corner2></bounds><pose><translation>-0.43662094, -0.32880012, -3.82919736</translation><rotation><c1>1., 0., 0.</c1><c2>0., 1., 0.</c2><c3>0., 0., 1.</c3></rotation></pose><symmetry><x>none</x><y>twoFold</y><z>none</z></symmetry><detectionScore>0.64604765</detectionScore></element><element><id>10</id><category>picture_frame</category><bounds><corner1>-0.11267693, -0.95634115, -0.67298406</corner1><corner2>0.11267693, 0.95634115, 0.67298406</corner2></bounds><pose><translation> 4.29567354, -0.02940392, -0.18160116</translation><rotation><c1>1., 0., 0.</c1><c2>0., 1., 0.</c2><c3>0., 0., 1.</c3></rotation></pose><symmetry><x>none</x><y>fourFold</y><z>none</z></symmetry><detectionScore>0.98644906</detectionScore></element><element><id>3</id><category>picture_frame</category><bounds><corner1>-0.60712669, -0.61143597, -0.1439394 </corner1><corner2>0.60712669, 0.61143597, 0.1439394 </corner2></bounds><pose><translation>4.69067806, 0.27289788, 7.87363007</translation><rotation><c1>1., 0., 0.</c1><c2>0., 1., 0.</c2><c3>0., 0., 1.</c3></rotation></pose><symmetry><x>none</x><y>fourFold</y><z>none</z></symmetry><detectionScore>0.5019576</detectionScore></element><element><id>4</id><category>kitchen_cabinet</category><bounds><corner1>-1.53522015, -1.04492464, -0.31503131</corner1><corner2>1.53522015, 1.04492464, 0.31503131</corner2></bounds><pose><translation> 2.27501011, -0.31118476,  0.79395424</translation><rotation><c1>1., 0., 0.</c1><c2>0., 1., 0.</c2><c3>0., 0., 1.</c3></rotation></pose><symmetry><x>none</x><y>none</y><z>none</z></symmetry><detectionScore>0.7217608</detectionScore></element><element><id>6</id><category>sofa</category><bounds><corner1>-2.18413335, -0.54811823, -2.22889352</corner1><corner2>2.18413335, 0.54811823, 2.22889352</corner2></bounds><pose><translation> 1.05660979, -1.18902239,  5.75928434</translation><rotation><c1>1., 0., 0.</c1><c2>0., 1., 0.</c2><c3>0., 0., 1.</c3></rotation></pose><symmetry><x>none</x><y>none</y><z>none</z></symmetry><detectionScore>0.56538904</detectionScore></element><element><id>12</id><category>picture_frame</category><bounds><corner1>-0.86681506, -1.18405004, -0.13217148</corner1><corner2>0.86681506, 1.18405004, 0.13217148</corner2></bounds><pose><translation>4.57181878, 1.23764793, 7.87263793</translation><rotation><c1>1., 0., 0.</c1><c2>0., 1., 0.</c2><c3>0., 0., 1.</c3></rotation></pose><symmetry><x>none</x><y>fourFold</y><z>none</z></symmetry><detectionScore>0.8288561</detectionScore></element><element><id>2</id><category>wall</category><bounds><corner1>-2.22921256, -1.18851132, -1.71789667</corner1><corner2>2.22921256, 1.18851132, 1.71789667</corner2></bounds><pose><translation> 4.37675245, -0.07127666, -0.97840444</translation><rotation><c1>1., 0., 0.</c1><c2>0., 1., 0.</c2><c3>0., 0., 1.</c3></rotation></pose><symmetry><x>none</x><y>twoFold</y><z>none</z></symmetry><detectionScore>0.89699256</detectionScore></element><element><id>1</id><category>wall</category><bounds><corner1>-0.35993757, -1.20353229, -0.02611775</corner1><corner2>0.35993757, 1.20353229, 0.02611775</corner2></bounds><pose><translation> 2.01403137, -0.01107871,  1.10500758</translation><rotation><c1>1., 0., 0.</c1><c2>0., 1., 0.</c2><c3>0., 0., 1.</c3></rotation></pose><symmetry><x>none</x><y>twoFold</y><z>none</z></symmetry><detectionScore>0.8579557</detectionScore></element><element><id>13</id><category>arch</category><bounds><corner1>-2.54251528, -1.27322263, -1.11543646</corner1><corner2>2.54251528, 1.27322263, 1.11543646</corner2></bounds><pose><translation> 5.45540893, -0.29124537, -2.38834245</translation><rotation><c1>1., 0., 0.</c1><c2>0., 1., 0.</c2><c3>0., 0., 1.</c3></rotation></pose><symmetry><x>none</x><y>twoFold</y><z>none</z></symmetry><detectionScore>0.9628906</detectionScore></element><element><id>9</id><category>coffee_table</category><bounds><corner1>-1.8328149 , -0.34045169, -2.76827106</corner1><corner2>1.8328149 , 0.34045169, 2.76827106</corner2></bounds><pose><translation> 2.06773126, -1.41018463,  4.36139013</translation><rotation><c1>1., 0., 0.</c1><c2>0., 1., 0.</c2><c3>0., 0., 1.</c3></rotation></pose><symmetry><x>none</x><y>twoFold</y><z>none</z></symmetry><detectionScore>0.5265963</detectionScore></element><element><id>8</id><category>picture_frame</category><bounds><corner1>-0.26900955, -1.09629363, -0.11915373</corner1><corner2>0.26900955, 1.09629363, 0.11915373</corner2></bounds><pose><translation>-1.97304249,  0.09168496,  0.99554138</translation><rotation><c1>1., 0., 0.</c1><c2>0., 1., 0.</c2><c3>0., 0., 1.</c3></rotation></pose><symmetry><x>none</x><y>fourFold</y><z>none</z></symmetry><detectionScore>0.9759076</detectionScore></element><element><id>7</id><category>picture_frame</category><bounds><corner1>-0.83752754, -0.46514034, -0.13948744</corner1><corner2>0.83752754, 0.46514034, 0.13948744</corner2></bounds><pose><translation>6.88538765, 0.31568239, 7.90115205</translation><rotation><c1>1., 0., 0.</c1><c2>0., 1., 0.</c2><c3>0., 0., 1.</c3></rotation></pose><symmetry><x>none</x><y>fourFold</y><z>none</z></symmetry><detectionScore>0.78320706</detectionScore></element></elements></scene>