<?xml version='1.0' encoding='utf-8'?>
<scene xmlns:sumo="https://www.sumochallenge.org"><version>2.0</version><categories><id>fb_categories_v1_0</id><url>https://sumochallenge.org/en/categories-1_0.json</url></categories><project_type>bounding_box</project_type><elements><element><id>0</id><category>computer</category><bounds><corner1>-2.1597419966631293, -0.6134418794718046, -1.8925179641108798</corner1><corner2>2.1597419966631293, 0.6134418794718046, 1.8925179641108798</corner2></bounds><pose><translation>1.3736727680904361, -0.8423158021608258, 1.800405263908929</translation><rotation><c1>1, 0, 0</c1><c2>0, 1, 0</c2><c3>0, 0, 1</c3></rotation></pose><symmetry><x>twoFold</x><y>cylindrical</y><z>twoFold</z></symmetry><detectionScore>-1.0</detectionScore></element><element><id>1</id><category>office_chair</category><bounds><corner1>-1.022891144304419, -0.6243204573173413, -2.0306588770205223</corner1><corner2>1.022891144304419, 0.6243204573173413, 2.0306588770205223</corner2></bounds><pose><translation>0.4513817875774002, -0.9360745293200925, 1.7084746120425311</translation><rotation><c1>1, 0, 0</c1><c2>0, 1, 0</c2><c3>0, 0, 1</c3></rotation></pose><symmetry><x>twoFold</x><y>cylindrical</y><z>twoFold</z></symmetry><detectionScore>-1.0</detectionScore></element><element><id>2</id><category>plant</category><bounds><corner1>-1.109514663449041, -0.416654860003418, -1.0253541764003988</corner1><corner2>1.109514663449041, 0.416654860003418, 1.0253541764003988</corner2></bounds><pose><translation>1.2891838811785292, -0.8351643564381505, 2.6992775017771495</translation><rotation><c1>1, 0, 0</c1><c2>0, 1, 0</c2><c3>0, 0, 1</c3></rotation></pose><symmetry><x>twoFold</x><y>cylindrical</y><z>twoFold</z></symmetry><detectionScore>-1.0</detectionScore></element><element><id>3</id><category>window</category><bounds><corner1>-2.2853065460094033, -1.341196089299165, -0.21605243879279534</corner1><corner2>2.2853065460094033, 1.341196089299165, 0.21605243879279534</corner2></bounds><pose><translation>1.527581134977366, -0.11177150103277689, -7.624950879490951</translation><rotation><c1>1, 0, 0</c1><c2>0, 1, 0</c2><c3>0, 0, 1</c3></rotation></pose><symmetry><x>twoFold</x><y>cylindrical</y><z>twoFold</z></symmetry><detectionScore>-1.0</detectionScore></element><element><id>4</id><category>computer</category><bounds><corner1>-2.1092462128667395, -0.2734522935990849, -2.120083127819303</corner1><corner2>2.1092462128667395, 0.2734522935990849, 2.120083127819303</corner2></bounds><pose><translation>2.179634334525724, -0.45595296593021173, 1.471069729201344</translation><rotation><c1>1, 0, 0</c1><c2>0, 1, 0</c2><c3>0, 0, 1</c3></rotation></pose><symmetry><x>twoFold</x><y>cylindrical</y><z>twoFold</z></symmetry><detectionScore>-1.0</detectionScore></element><element><id>5</id><category>chair</category><bounds><corner1>-0.7830332921074018, -0.48586377966861904, -1.233726730915079</corner1><corner2>0.7830332921074018, 0.48586377966861904, 1.233726730915079</corner2></bounds><pose><translation>0.9541707525405044, -0.9401520986558806, 1.558251949820877</translation><rotation><c1>1, 0, 0</c1><c2>0, 1, 0</c2><c3>0, 0, 1</c3></rotation></pose><symmetry><x>twoFold</x><y>cylindrical</y><z>twoFold</z></symmetry><detectionScore>-1.0</detectionScore></element><element><id>6</id><category>range_hood</category><bounds><corner1>-0.27147263435376523, -1.0218431708306865, -0.8174888330872971</corner1><corner2>0.27147263435376523, 1.0218431708306865, 0.8174888330872971</corner2></bounds><pose><translation>3.964606150814353, 0.34284107986486884, -2.6458700740143355</translation><rotation><c1>1, 0, 0</c1><c2>0, 1, 0</c2><c3>0, 0, 1</c3></rotation></pose><symmetry><x>twoFold</x><y>cylindrical</y><z>twoFold</z></symmetry><detectionScore>-1.0</detectionScore></element><element><id>7</id><category>wall</category><bounds><corner1>-1.6795199353362602, -1.5288109056058465, -1.2666958082876025</corner1><corner2>1.6795199353362602, 1.5288109056058465, 1.2666958082876025</corner2></bounds><pose><translation>0.09651233209023655, -0.14257496735466674, 2.4854912780316405</translation><rotation><c1>1, 0, 0</c1><c2>0, 1, 0</c2><c3>0, 0, 1</c3></rotation></pose><symmetry><x>twoFold</x><y>cylindrical</y><z>twoFold</z></symmetry><detectionScore>-1.0</detectionScore></element><element><id>8</id><category>hanging_kitchen_cabinet</category><bounds><corner1>-0.44602263022578814, -0.417942014032273, -0.10661116674205662</corner1><corner2>0.44602263022578814, 0.417942014032273, 0.10661116674205662</corner2></bounds><pose><translation>3.5857329282822805, -0.1074209987545805, -2.378276087299137</translation><rotation><c1>1, 0, 0</c1><c2>0, 1, 0</c2><c3>0, 0, 1</c3></rotation></pose><symmetry><x>twoFold</x><y>cylindrical</y><z>twoFold</z></symmetry><detectionScore>-1.0</detectionScore></element><element><id>9</id><category>wall</category><bounds><corner1>-0.14519246132913644, -1.5074595603996541, -2.477312352755597</corner1><corner2>0.14519246132913644, 1.5074595603996541, 2.477312352755597</corner2></bounds><pose><translation>4.193961859718043, -0.13752248648068038, 1.1130155574823672</translation><rotation><c1>1, 0, 0</c1><c2>0, 1, 0</c2><c3>0, 0, 1</c3></rotation></pose><symmetry><x>twoFold</x><y>cylindrical</y><z>twoFold</z></symmetry><detectionScore>-1.0</detectionScore></element><element><id>10</id><category>armchair</category><bounds><corner1>-1.2129338812364245, -0.49346287995457605, -2.2927249677978825</corner1><corner2>1.2129338812364245, 0.49346287995457605, 2.2927249677978825</corner2></bounds><pose><translation>0.17380074273293697, -0.8372506483067624, 1.444881644551218</translation><rotation><c1>1, 0, 0</c1><c2>0, 1, 0</c2><c3>0, 0, 1</c3></rotation></pose><symmetry><x>twoFold</x><y>cylindrical</y><z>twoFold</z></symmetry><detectionScore>-1.0</detectionScore></element><element><id>11</id><category>armchair</category><bounds><corner1>-0.8631313740545672, -0.6439591973603733, -2.103748269651363</corner1><corner2>0.8631313740545672, 0.6439591973603733, 2.103748269651363</corner2></bounds><pose><translation>1.0006909747326391, -0.9336331496758203, 1.6232998217785783</translation><rotation><c1>1, 0, 0</c1><c2>0, 1, 0</c2><c3>0, 0, 1</c3></rotation></pose><symmetry><x>twoFold</x><y>cylindrical</y><z>twoFold</z></symmetry><detectionScore>-1.0</detectionScore></element><element><id>12</id><category>window</category><bounds><corner1>-0.20039419537458514, -1.2617099819112096, -1.532595727576148</corner1><corner2>0.20039419537458514, 1.2617099819112096, 1.532595727576148</corner2></bounds><pose><translation>4.090420451231445, -0.17712663694845926, 2.0533948348724627</translation><rotation><c1>1, 0, 0</c1><c2>0, 1, 0</c2><c3>0, 0, 1</c3></rotation></pose><symmetry><x>twoFold</x><y>cylindrical</y><z>twoFold</z></symmetry><detectionScore>-1.0</detectionScore></element><element><id>13</id><category>wall</category><bounds><corner1>-2.5457491670188546, -1.4274043612337803, -1.1656700590398552</corner1><corner2>2.5457491670188546, 1.4274043612337803, 1.1656700590398552</corner2></bounds><pose><translation>1.4793083698081653, -0.12667779192360448, -7.611702360540405</translation><rotation><c1>1, 0, 0</c1><c2>0, 1, 0</c2><c3>0, 0, 1</c3></rotation></pose><symmetry><x>twoFold</x><y>cylindrical</y><z>twoFold</z></symmetry><detectionScore>-1.0</detectionScore></element><element><id>14</id><category>wall</category><bounds><corner1>-0.30992057850666743, -1.6009354966313285, -0.8647569229619076</corner1><corner2>0.30992057850666743, 1.6009354966313285, 0.8647569229619076</corner2></bounds><pose><translation>3.927614367228582, -0.2533972651326186, -2.6182812526733583</translation><rotation><c1>1, 0, 0</c1><c2>0, 1, 0</c2><c3>0, 0, 1</c3></rotation></pose><symmetry><x>twoFold</x><y>cylindrical</y><z>twoFold</z></symmetry><detectionScore>-1.0</detectionScore></element><element><id>15</id><category>wall</category><bounds><corner1>-0.11847343106849273, -1.6055394538575558, -1.1317578638000947</corner1><corner2>0.11847343106849273, 1.6055394538575558, 1.1317578638000947</corner2></bounds><pose><translation>4.219583581635608, -0.2356023799385821, -1.2447748839079897</translation><rotation><c1>1, 0, 0</c1><c2>0, 1, 0</c2><c3>0, 0, 1</c3></rotation></pose><symmetry><x>twoFold</x><y>cylindrical</y><z>twoFold</z></symmetry><detectionScore>-1.0</detectionScore></element><element><id>16</id><category>wall</category><bounds><corner1>-3.52848741856267, -1.3233623501011258, -2.806494572720866</corner1><corner2>3.52848741856267, 1.3233623501011258, 2.806494572720866</corner2></bounds><pose><translation>4.092828191445285, -0.042349508082311235, -7.6099760012213595</translation><rotation><c1>1, 0, 0</c1><c2>0, 1, 0</c2><c3>0, 0, 1</c3></rotation></pose><symmetry><x>twoFold</x><y>cylindrical</y><z>twoFold</z></symmetry><detectionScore>-1.0</detectionScore></element><element><id>17</id><category>column</category><bounds><corner1>-0.7185661874394559, -1.7543764420691617, -0.6300119181522432</corner1><corner2>0.7185661874394559, 1.7543764420691617, 0.6300119181522432</corner2></bounds><pose><translation>-1.0668505482236093, -0.44864128322497154, 3.109081216453574</translation><rotation><c1>1, 0, 0</c1><c2>0, 1, 0</c2><c3>0, 0, 1</c3></rotation></pose><symmetry><x>twoFold</x><y>cylindrical</y><z>twoFold</z></symmetry><detectionScore>-1.0</detectionScore></element><element><id>18</id><category>window</category><bounds><corner1>-0.1303296670873193, -1.4624282413760306, -2.8014576861031606</corner1><corner2>0.1303296670873193, 1.4624282413760306, 2.8014576861031606</corner2></bounds><pose><translation>4.20882465395986, -0.1006394465173882, 0.7014326481489105</translation><rotation><c1>1, 0, 0</c1><c2>0, 1, 0</c2><c3>0, 0, 1</c3></rotation></pose><symmetry><x>twoFold</x><y>cylindrical</y><z>twoFold</z></symmetry><detectionScore>-1.0</detectionScore></element><element><id>19</id><category>office_chair</category><bounds><corner1>-0.9289046581257852, -0.4929133185680595, -2.069096529333539</corner1><corner2>0.9289046581257852, 0.4929133185680595, 2.069096529333539</corner2></bounds><pose><translation>0.9120606364945318, -0.9509238331276421, 1.6622579021899122</translation><rotation><c1>1, 0, 0</c1><c2>0, 1, 0</c2><c3>0, 0, 1</c3></rotation></pose><symmetry><x>twoFold</x><y>cylindrical</y><z>twoFold</z></symmetry><detectionScore>-1.0</detectionScore></element><element><id>20</id><category>desk</category><bounds><corner1>-0.7177381122479147, -0.5437429913382738, -2.0547440971052398</corner1><corner2>0.7177381122479147, 0.5437429913382738, 2.0547440971052398</corner2></bounds><pose><translation>1.0194659323999915, -0.9255624810376731, 1.6648330767499377</translation><rotation><c1>1, 0, 0</c1><c2>0, 1, 0</c2><c3>0, 0, 1</c3></rotation></pose><symmetry><x>twoFold</x><y>cylindrical</y><z>twoFold</z></symmetry><detectionScore>-1.0</detectionScore></element><element><id>21</id><category>fish_tank</category><bounds><corner1>-0.5486589108599609, -0.9173677029389237, -0.7000035780018072</corner1><corner2>0.5486589108599609, 0.9173677029389237, 0.7000035780018072</corner2></bounds><pose><translation>3.6537239269210864, -0.8570680966233821, -2.6490849573831836</translation><rotation><c1>1, 0, 0</c1><c2>0, 1, 0</c2><c3>0, 0, 1</c3></rotation></pose><symmetry><x>twoFold</x><y>cylindrical</y><z>twoFold</z></symmetry><detectionScore>-1.0</detectionScore></element><element><id>22</id><category>table_lamp</category><bounds><corner1>-0.8177860393600811, -0.5422031732708741, -1.3384264282084541</corner1><corner2>0.8177860393600811, 0.5422031732708741, 1.3384264282084541</corner2></bounds><pose><translation>0.4512970073781401, -0.9399498286918271, 2.3908572495536453</translation><rotation><c1>1, 0, 0</c1><c2>0, 1, 0</c2><c3>0, 0, 1</c3></rotation></pose><symmetry><x>twoFold</x><y>cylindrical</y><z>twoFold</z></symmetry><detectionScore>-1.0</detectionScore></element><element><id>23</id><category>television</category><bounds><corner1>-2.1813022871766363, -0.3261894667239371, -2.248142462652446</corner1><corner2>2.1813022871766363, 0.3261894667239371, 2.248142462652446</corner2></bounds><pose><translation>2.1075782602158273, -0.538874731138102, 1.317518434719219</translation><rotation><c1>1, 0, 0</c1><c2>0, 1, 0</c2><c3>0, 0, 1</c3></rotation></pose><symmetry><x>twoFold</x><y>cylindrical</y><z>twoFold</z></symmetry><detectionScore>-1.0</detectionScore></element></elements></scene>