<?xml version='1.0' encoding='utf-8'?>
<scene xmlns:sumo="https://www.sumochallenge.org"><version>2.0</version><categories><id>fb_categories_v1_0</id><url>https://sumochallenge.org/en/categories-1_0.json</url></categories><project_type>bounding_box</project_type><elements><element><id>0</id><category>window</category><bounds><corner1>-1.4169464421854685, -0.10283955161477332, -0.8477733635085464</corner1><corner2>1.4169464421854685, 0.10283955161477332, 0.8477733635085464</corner2></bounds><pose><translation>-1.4169464421854685, 3.3340553561217217, 0.09506300508698226</translation><rotation><c1>0, 0, 0</c1><c2>0, 0, 0</c2><c3>0, 0, 0</c3></rotation></pose><symmetry><x>twoFold</x><y>cylindrical</y><z>twoFold</z></symmetry><detectionScore>-1.0</detectionScore></element><element><id>1</id><category>wall</category><bounds><corner1>-0.09886761444088954, -2.0204276357717728, -1.3945421237880768</corner1><corner2>0.09886761444088954, 2.0204276357717728, 1.3945421237880768</corner2></bounds><pose><translation>4.747781454351503, 1.1057910841447718, -0.1506794328778259</translation><rotation><c1>0, 0, 0</c1><c2>0, 0, 0</c2><c3>0, 0, 0</c3></rotation></pose><symmetry><x>twoFold</x><y>cylindrical</y><z>twoFold</z></symmetry><detectionScore>-1.0</detectionScore></element><element><id>2</id><category>vacuum_cleaner</category><bounds><corner1>-0.7203035495888979, -0.14679017291882968, -0.4415973017174103</corner1><corner2>0.7203035495888979, 0.14679017291882968, 0.4415973017174103</corner2></bounds><pose><translation>2.374080403458684, 3.1344278881114667, -1.4390395291935172</translation><rotation><c1>0, 0, 0</c1><c2>0, 0, 0</c2><c3>0, 0, 0</c3></rotation></pose><symmetry><x>twoFold</x><y>cylindrical</y><z>twoFold</z></symmetry><detectionScore>-1.0</detectionScore></element><element><id>3</id><category>chandelier</category><bounds><corner1>-2.280441664910896, -2.124104646997486, -0.2918746845880791</corner1><corner2>2.280441664910896, 2.124104646997486, 0.2918746845880791</corner2></bounds><pose><translation>1.741360859077103, -3.5794200630482758, 1.0613875984357544</translation><rotation><c1>0, 0, 0</c1><c2>0, 0, 0</c2><c3>0, 0, 0</c3></rotation></pose><symmetry><x>twoFold</x><y>cylindrical</y><z>twoFold</z></symmetry><detectionScore>-1.0</detectionScore></element><element><id>4</id><category>shelving</category><bounds><corner1>-0.9653160736539559, -0.11882842422853157, -1.1974679628960003</corner1><corner2>0.9653160736539559, 0.11882842422853157, 1.1974679628960003</corner2></bounds><pose><translation>3.787022836282556, 3.102042096922398, -0.5715165509752774</translation><rotation><c1>0, 0, 0</c1><c2>0, 0, 0</c2><c3>0, 0, 0</c3></rotation></pose><symmetry><x>twoFold</x><y>cylindrical</y><z>twoFold</z></symmetry><detectionScore>-1.0</detectionScore></element><element><id>5</id><category>wall_lamp</category><bounds><corner1>-0.6810800696303159, -0.32870074945521255, -0.4419696545772074</corner1><corner2>0.6810800696303159, 0.32870074945521255, 0.4419696545772074</corner2></bounds><pose><translation>2.33981608966013, 2.9473118449123348, -1.4774331003694683</translation><rotation><c1>0, 0, 0</c1><c2>0, 0, 0</c2><c3>0, 0, 0</c3></rotation></pose><symmetry><x>twoFold</x><y>cylindrical</y><z>twoFold</z></symmetry><detectionScore>-1.0</detectionScore></element><element><id>6</id><category>curtain</category><bounds><corner1>-1.388006847096698, -0.13528427268697873, -1.2308461547366796</corner1><corner2>1.388006847096698, 0.13528427268697873, 1.2308461547366796</corner2></bounds><pose><translation>-1.388006847096698, 3.2881802789376575, 0.02234304230016312</translation><rotation><c1>0, 0, 0</c1><c2>0, 0, 0</c2><c3>0, 0, 0</c3></rotation></pose><symmetry><x>twoFold</x><y>cylindrical</y><z>twoFold</z></symmetry><detectionScore>-1.0</detectionScore></element><element><id>7</id><category>grill</category><bounds><corner1>-0.6621335341995875, -0.3685507599449491, -0.4208049853098117</corner1><corner2>0.6621335341995875, 0.3685507599449491, 0.4208049853098117</corner2></bounds><pose><translation>2.3941630157193754, 2.8972427839070134, -1.4963956736618753</translation><rotation><c1>0, 0, 0</c1><c2>0, 0, 0</c2><c3>0, 0, 0</c3></rotation></pose><symmetry><x>twoFold</x><y>cylindrical</y><z>twoFold</z></symmetry><detectionScore>-1.0</detectionScore></element><element><id>8</id><category>wall</category><bounds><corner1>-2.947604358213665, -3.1148770853848218, -1.3082517356622296</corner1><corner2>2.947604358213665, 3.1148770853848218, 1.3082517356622296</corner2></bounds><pose><translation>1.6420768576362679, -5.012539926528762, -0.16201367956144683</translation><rotation><c1>0, 0, 0</c1><c2>0, 0, 0</c2><c3>0, 0, 0</c3></rotation></pose><symmetry><x>twoFold</x><y>cylindrical</y><z>twoFold</z></symmetry><detectionScore>-1.0</detectionScore></element><element><id>9</id><category>television</category><bounds><corner1>-0.6241002469911007, -0.08458923321251666, -0.2979121864197126</corner1><corner2>0.6241002469911007, 0.08458923321251666, 0.2979121864197126</corner2></bounds><pose><translation>0.9564456592120593, 3.2031365586558787, 0.6647483632799741</translation><rotation><c1>0, 0, 0</c1><c2>0, 0, 0</c2><c3>0, 0, 0</c3></rotation></pose><symmetry><x>twoFold</x><y>cylindrical</y><z>twoFold</z></symmetry><detectionScore>-1.0</detectionScore></element><element><id>10</id><category>chair</category><bounds><corner1>-0.6785065249858584, -0.3333779120706062, -0.4287651742374592</corner1><corner2>0.6785065249858584, 0.3333779120706062, 0.4287651742374592</corner2></bounds><pose><translation>2.3297763387986405, 2.9425799852285626, -1.4859848489031942</translation><rotation><c1>0, 0, 0</c1><c2>0, 0, 0</c2><c3>0, 0, 0</c3></rotation></pose><symmetry><x>twoFold</x><y>cylindrical</y><z>twoFold</z></symmetry><detectionScore>-1.0</detectionScore></element></elements></scene>