<?xml version='1.0' encoding='utf-8'?>
<scene xmlns:sumo="https://www.sumochallenge.org"><version>2.0</version><categories><id>fb_categories_v1.0</id><url>https://sumochallenge.org/en/categories-1_0.json</url></categories><project_type>bounding_box</project_type><elements><element><id>4</id><category>door</category><bounds><corner1>-2.08949422, -1.14528861, -0.02714758</corner1><corner2>2.08949422, 1.14528861, 0.02714758</corner2></bounds><pose><translation> 2.20592767, -0.35795469,  1.08185727</translation><rotation><c1>1., 0., 0.</c1><c2>0., 1., 0.</c2><c3>0., 0., 1.</c3></rotation></pose><symmetry><x>twoFold</x><y>twoFold</y><z>twoFold</z></symmetry><detectionScore>0.6580557</detectionScore></element><element><id>1</id><category>door</category><bounds><corner1>-2.00465584, -1.16928611, -1.80478888</corner1><corner2>2.00465584, 1.16928611, 1.80478888</corner2></bounds><pose><translation>-3.84360714, -0.45108602, -5.02687973</translation><rotation><c1>1., 0., 0.</c1><c2>0., 1., 0.</c2><c3>0., 0., 1.</c3></rotation></pose><symmetry><x>twoFold</x><y>twoFold</y><z>twoFold</z></symmetry><detectionScore>0.96233284</detectionScore></element><element><id>5</id><category>chair</category><bounds><corner1>-2.87944459, -0.16428976, -0.2251214 </corner1><corner2>2.87944459, 0.16428976, 0.2251214 </corner2></bounds><pose><translation> 2.34387134, -1.00991568, -1.41408447</translation><rotation><c1>1., 0., 0.</c1><c2>0., 1., 0.</c2><c3>0., 0., 1.</c3></rotation></pose><symmetry><x>none</x><y>none</y><z>none</z></symmetry><detectionScore>0.528769</detectionScore></element><element><id>3</id><category>sofa</category><bounds><corner1>-3.25290838, -0.35749744, -0.50612612</corner1><corner2>3.25290838, 0.35749744, 0.50612612</corner2></bounds><pose><translation> 2.0328943 , -0.98756519, -0.33230189</translation><rotation><c1>1., 0., 0.</c1><c2>0., 1., 0.</c2><c3>0., 0., 1.</c3></rotation></pose><symmetry><x>none</x><y>none</y><z>none</z></symmetry><detectionScore>0.8851517</detectionScore></element><element><id>2</id><category>ottoman</category><bounds><corner1>-0.91008747, -0.15158088, -0.17448492</corner1><corner2>0.91008747, 0.15158088, 0.17448492</corner2></bounds><pose><translation> 1.51493553, -1.13687424, -0.69514289</translation><rotation><c1>1., 0., 0.</c1><c2>0., 1., 0.</c2><c3>0., 0., 1.</c3></rotation></pose><symmetry><x>none</x><y>twoFold</y><z>none</z></symmetry><detectionScore>0.7808069</detectionScore></element><element><id>7</id><category>wall</category><bounds><corner1>-0.10983624, -1.1804509 , -2.08915835</corner1><corner2>0.10983624, 1.1804509 , 2.08915835</corner2></bounds><pose><translation> 5.22758371, -0.09662467, -1.17245808</translation><rotation><c1>1., 0., 0.</c1><c2>0., 1., 0.</c2><c3>0., 0., 1.</c3></rotation></pose><symmetry><x>none</x><y>twoFold</y><z>none</z></symmetry><detectionScore>0.97735196</detectionScore></element><element><id>6</id><category>coffee_table</category><bounds><corner1>-1.51312982, -0.15780739, -0.70134163</corner1><corner2>1.51312982, 0.15780739, 0.70134163</corner2></bounds><pose><translation> 2.22190639, -1.11736136, -1.31040408</translation><rotation><c1>1., 0., 0.</c1><c2>0., 1., 0.</c2><c3>0., 0., 1.</c3></rotation></pose><symmetry><x>none</x><y>twoFold</y><z>none</z></symmetry><detectionScore>0.74216366</detectionScore></element></elements></scene>