<?xml version='1.0' encoding='utf-8'?>
<scene xmlns:sumo="https://www.sumochallenge.org"><version>2.0</version><categories><id>fb_categories_v1.0</id><url>https://sumochallenge.org/en/categories-1_0.json</url></categories><project_type>bounding_box</project_type><elements><element><id>4</id><category>window</category><bounds><corner1>-0.16768077, -0.92782686, -0.0250237 </corner1><corner2>0.16768077, 0.92782686, 0.0250237 </corner2></bounds><pose><translation>-0.51851473, -0.04258114, -1.02302484</translation><rotation><c1>1., 0., 0.</c1><c2>0., 1., 0.</c2><c3>0., 0., 1.</c3></rotation></pose><symmetry><x>none</x><y>twoFold</y><z>none</z></symmetry><detectionScore>0.8867812</detectionScore></element><element><id>1</id><category>wall</category><bounds><corner1>-0.38991497, -1.22002249, -1.73016612</corner1><corner2>0.38991497, 1.22002249, 1.73016612</corner2></bounds><pose><translation>-3.00382077, -0.09079731, -0.50815444</translation><rotation><c1>1., 0., 0.</c1><c2>0., 1., 0.</c2><c3>0., 0., 1.</c3></rotation></pose><symmetry><x>none</x><y>twoFold</y><z>none</z></symmetry><detectionScore>0.658499</detectionScore></element><element><id>5</id><category>clock</category><bounds><corner1>-0.12409115, -0.15904682, -0.06194954</corner1><corner2>0.12409115, 0.15904682, 0.06194954</corner2></bounds><pose><translation>-0.60292001,  0.69437832,  1.37901064</translation><rotation><c1>1., 0., 0.</c1><c2>0., 1., 0.</c2><c3>0., 0., 1.</c3></rotation></pose><symmetry><x>none</x><y>none</y><z>cylindrical</z></symmetry><detectionScore>0.997311</detectionScore></element><element><id>3</id><category>plant</category><bounds><corner1>-2.10488015, -0.57007394, -0.49635245</corner1><corner2>2.10488015, 0.57007394, 0.49635245</corner2></bounds><pose><translation> 1.97689849, -0.71987911,  0.93138785</translation><rotation><c1>1., 0., 0.</c1><c2>0., 1., 0.</c2><c3>0., 0., 1.</c3></rotation></pose><symmetry><x>none</x><y>cylindrical</y><z>none</z></symmetry><detectionScore>0.9868507</detectionScore></element><element><id>2</id><category>chandelier</category><bounds><corner1>-0.17298528, -0.02448832, -0.33009834</corner1><corner2>0.17298528, 0.02448832, 0.33009834</corner2></bounds><pose><translation>-1.82506532,  1.18341841, -1.39520729</translation><rotation><c1>1., 0., 0.</c1><c2>0., 1., 0.</c2><c3>0., 0., 1.</c3></rotation></pose><symmetry><x>none</x><y>cylindrical</y><z>none</z></symmetry><detectionScore>0.8272386</detectionScore></element><element><id>7</id><category>office_chair</category><bounds><corner1>-0.64296837, -0.30808331, -0.58547774</corner1><corner2>0.64296837, 0.30808331, 0.58547774</corner2></bounds><pose><translation>-2.00298357, -0.98266091,  0.33860288</translation><rotation><c1>1., 0., 0.</c1><c2>0., 1., 0.</c2><c3>0., 0., 1.</c3></rotation></pose><symmetry><x>none</x><y>none</y><z>none</z></symmetry><detectionScore>0.9661864</detectionScore></element><element><id>9</id><category>shelving</category><bounds><corner1>-1.04011747, -0.69357062, -0.66460742</corner1><corner2>1.04011747, 0.69357062, 0.66460742</corner2></bounds><pose><translation>-2.72605778, -0.69615958,  0.11934164</translation><rotation><c1>1., 0., 0.</c1><c2>0., 1., 0.</c2><c3>0., 0., 1.</c3></rotation></pose><symmetry><x>twoFold</x><y>twoFold</y><z>twoFold</z></symmetry><detectionScore>0.8450498</detectionScore></element><element><id>8</id><category>sofa</category><bounds><corner1>-2.75547172, -0.48814949, -0.5081818 </corner1><corner2>2.75547172, 0.48814949, 0.5081818 </corner2></bounds><pose><translation> 2.96513842, -0.92121378, -1.01226764</translation><rotation><c1>1., 0., 0.</c1><c2>0., 1., 0.</c2><c3>0., 0., 1.</c3></rotation></pose><symmetry><x>none</x><y>none</y><z>none</z></symmetry><detectionScore>0.9047845</detectionScore></element><element><id>6</id><category>wall</category><bounds><corner1>-0.21613872, -1.20935892, -2.11583609</corner1><corner2>0.21613872, 1.20935892, 2.11583609</corner2></bounds><pose><translation> 6.94050417, -0.07510576, -1.00900568</translation><rotation><c1>1., 0., 0.</c1><c2>0., 1., 0.</c2><c3>0., 0., 1.</c3></rotation></pose><symmetry><x>none</x><y>twoFold</y><z>none</z></symmetry><detectionScore>0.90053093</detectionScore></element></elements></scene>