<?xml version='1.0' encoding='utf-8'?>
<scene xmlns:sumo="https://www.sumochallenge.org"><version>2.0</version><categories><id>fb_categories_v1_0</id><url>https://sumochallenge.org/en/categories-1_0.json</url></categories><project_type>bounding_box</project_type><elements><element><id>0</id><category>curtain</category><bounds><corner1>-0.4413065205802443, -0.25244134952209063, -0.08796183562720561</corner1><corner2>0.4413065205802443, 0.25244134952209063, 0.08796183562720561</corner2></bounds><pose><translation>-0.9107916004783607, 0.046261623939615165, 2.778595917426863</translation><rotation><c1>1, 0, 0</c1><c2>0, 1, 0</c2><c3>0, 0, 1</c3></rotation></pose><symmetry><x>twoFold</x><y>cylindrical</y><z>twoFold</z></symmetry><detectionScore>-1.0</detectionScore></element><element><id>1</id><category>wall</category><bounds><corner1>-0.05711142988407175, -1.669769308762733, -0.19663424522483863</corner1><corner2>0.05711142988407175, 1.669769308762733, 0.19663424522483863</corner2></bounds><pose><translation>0.44197872225487433, -0.20361923750018124, 2.6725882053489536</translation><rotation><c1>1, 0, 0</c1><c2>0, 1, 0</c2><c3>0, 0, 1</c3></rotation></pose><symmetry><x>twoFold</x><y>cylindrical</y><z>twoFold</z></symmetry><detectionScore>-1.0</detectionScore></element><element><id>2</id><category>mirror</category><bounds><corner1>-0.3466979372729335, -1.433281954809085, -0.07908771863177488</corner1><corner2>0.3466979372729335, 1.433281954809085, 0.07908771863177488</corner2></bounds><pose><translation>1.5604155538455478, 0.02388334641970577, 2.203757819778645</translation><rotation><c1>1, 0, 0</c1><c2>0, 1, 0</c2><c3>0, 0, 1</c3></rotation></pose><symmetry><x>twoFold</x><y>cylindrical</y><z>twoFold</z></symmetry><detectionScore>-1.0</detectionScore></element><element><id>3</id><category>mirror</category><bounds><corner1>-0.6771252950579445, -0.9184046086700232, -0.6190266546787111</corner1><corner2>0.6771252950579445, 0.9184046086700232, 0.6190266546787111</corner2></bounds><pose><translation>-5.218674610467542, -0.13037770754599567, -4.295930971989959</translation><rotation><c1>1, 0, 0</c1><c2>0, 1, 0</c2><c3>0, 0, 1</c3></rotation></pose><symmetry><x>twoFold</x><y>cylindrical</y><z>twoFold</z></symmetry><detectionScore>-1.0</detectionScore></element><element><id>4</id><category>window</category><bounds><corner1>-0.4413065205802443, -0.25244134952209063, -0.08796183562720561</corner1><corner2>0.4413065205802443, 0.25244134952209063, 0.08796183562720561</corner2></bounds><pose><translation>-0.9107916004783607, 0.046261623939615165, 2.778595917426863</translation><rotation><c1>1, 0, 0</c1><c2>0, 1, 0</c2><c3>0, 0, 1</c3></rotation></pose><symmetry><x>twoFold</x><y>cylindrical</y><z>twoFold</z></symmetry><detectionScore>-1.0</detectionScore></element><element><id>5</id><category>wall</category><bounds><corner1>-1.5910852669453788, -1.1259706790625723, -2.508312180947122</corner1><corner2>1.5910852669453788, 1.1259706790625723, 2.508312180947122</corner2></bounds><pose><translation>-0.6285575117454693, -0.047788914495143636, 2.6893113062610445</translation><rotation><c1>1, 0, 0</c1><c2>0, 1, 0</c2><c3>0, 0, 1</c3></rotation></pose><symmetry><x>twoFold</x><y>cylindrical</y><z>twoFold</z></symmetry><detectionScore>-1.0</detectionScore></element><element><id>6</id><category>dressing_table</category><bounds><corner1>-2.6172413758534887, -1.2632883284514709, -2.5300703180240576</corner1><corner2>2.6172413758534887, 1.2632883284514709, 2.5300703180240576</corner2></bounds><pose><translation>-4.966006627428238, -0.7926107660667636, -3.9956849292644634</translation><rotation><c1>1, 0, 0</c1><c2>0, 1, 0</c2><c3>0, 0, 1</c3></rotation></pose><symmetry><x>twoFold</x><y>cylindrical</y><z>twoFold</z></symmetry><detectionScore>-1.0</detectionScore></element><element><id>7</id><category>chandelier</category><bounds><corner1>-0.48352389973234855, -0.15083916998788394, -0.5945225932889036</corner1><corner2>0.48352389973234855, 0.15083916998788394, 0.5945225932889036</corner2></bounds><pose><translation>-2.1983423555712145, 1.3864172832468464, -0.6099398153985408</translation><rotation><c1>1, 0, 0</c1><c2>0, 1, 0</c2><c3>0, 0, 1</c3></rotation></pose><symmetry><x>twoFold</x><y>cylindrical</y><z>twoFold</z></symmetry><detectionScore>-1.0</detectionScore></element><element><id>8</id><category>wall</category><bounds><corner1>-1.5886354225752966, -1.4346444866761772, -3.239972393843066</corner1><corner2>1.5886354225752966, 1.4346444866761772, 3.239972393843066</corner2></bounds><pose><translation>-6.739025245768996, -0.12502165766999135, -0.9158938949581815</translation><rotation><c1>1, 0, 0</c1><c2>0, 1, 0</c2><c3>0, 0, 1</c3></rotation></pose><symmetry><x>twoFold</x><y>cylindrical</y><z>twoFold</z></symmetry><detectionScore>-1.0</detectionScore></element><element><id>9</id><category>dresser</category><bounds><corner1>-1.314941568347423, -0.5716029227543338, -0.2311901543153545</corner1><corner2>1.314941568347423, 0.5716029227543338, 0.2311901543153545</corner2></bounds><pose><translation>2.0403657569353815, -1.0618591125760246, -3.887096874276243</translation><rotation><c1>1, 0, 0</c1><c2>0, 1, 0</c2><c3>0, 0, 1</c3></rotation></pose><symmetry><x>twoFold</x><y>cylindrical</y><z>twoFold</z></symmetry><detectionScore>-1.0</detectionScore></element><element><id>10</id><category>wall</category><bounds><corner1>-0.5962313512368027, -0.4265794416429782, -0.1620950810556261</corner1><corner2>0.5962313512368027, 0.4265794416429782, 0.1620950810556261</corner2></bounds><pose><translation>-1.0646596787811764, -0.03936886453059927, 2.7044626719984426</translation><rotation><c1>1, 0, 0</c1><c2>0, 1, 0</c2><c3>0, 0, 1</c3></rotation></pose><symmetry><x>twoFold</x><y>cylindrical</y><z>twoFold</z></symmetry><detectionScore>-1.0</detectionScore></element><element><id>11</id><category>desk</category><bounds><corner1>-2.371365876225557, -0.6140046066439648, -2.2521471185557393</corner1><corner2>2.371365876225557, 0.6140046066439648, 2.2521471185557393</corner2></bounds><pose><translation>-5.052810806450393, -0.8877947543557875, -3.8063997529761844</translation><rotation><c1>1, 0, 0</c1><c2>0, 1, 0</c2><c3>0, 0, 1</c3></rotation></pose><symmetry><x>twoFold</x><y>cylindrical</y><z>twoFold</z></symmetry><detectionScore>-1.0</detectionScore></element><element><id>12</id><category>wall</category><bounds><corner1>-0.12691537872593806, -1.5439791514665226, -2.6032323828983164</corner1><corner2>0.12691537872593806, 1.5439791514665226, 2.6032323828983164</corner2></bounds><pose><translation>3.462896881972012, -0.13970132809583374, 0.07767975410686373</translation><rotation><c1>1, 0, 0</c1><c2>0, 1, 0</c2><c3>0, 0, 1</c3></rotation></pose><symmetry><x>twoFold</x><y>cylindrical</y><z>twoFold</z></symmetry><detectionScore>-1.0</detectionScore></element><element><id>13</id><category>door</category><bounds><corner1>-0.27579633510037427, -1.6334706411828914, -0.5477019817198299</corner1><corner2>0.27579633510037427, 1.6334706411828914, 0.5477019817198299</corner2></bounds><pose><translation>-4.209391877551407, -0.30931583687995795, 2.0354682454748363</translation><rotation><c1>1, 0, 0</c1><c2>0, 1, 0</c2><c3>0, 0, 1</c3></rotation></pose><symmetry><x>twoFold</x><y>cylindrical</y><z>twoFold</z></symmetry><detectionScore>-1.0</detectionScore></element><element><id>14</id><category>curtain</category><bounds><corner1>-1.6062868701300907, -1.4151950240809035, -1.5279655096923452</corner1><corner2>1.6062868701300907, 1.4151950240809035, 1.5279655096923452</corner2></bounds><pose><translation>-1.686805540611008, -0.05373686661229079, -4.134430383245857</translation><rotation><c1>1, 0, 0</c1><c2>0, 1, 0</c2><c3>0, 0, 1</c3></rotation></pose><symmetry><x>twoFold</x><y>cylindrical</y><z>twoFold</z></symmetry><detectionScore>-1.0</detectionScore></element><element><id>15</id><category>window</category><bounds><corner1>-1.350830196236275, -0.8436310071904493, -0.6008861282289142</corner1><corner2>1.350830196236275, 0.8436310071904493, 0.6008861282289142</corner2></bounds><pose><translation>-1.7329425439285702, 0.2284171232527709, -4.227167290490161</translation><rotation><c1>1, 0, 0</c1><c2>0, 1, 0</c2><c3>0, 0, 1</c3></rotation></pose><symmetry><x>twoFold</x><y>cylindrical</y><z>twoFold</z></symmetry><detectionScore>-1.0</detectionScore></element><element><id>16</id><category>wall</category><bounds><corner1>-0.519031359880783, -1.4910293150606737, -0.30982821065643495</corner1><corner2>0.519031359880783, 1.4910293150606737, 0.30982821065643495</corner2></bounds><pose><translation>-4.463634160004315, -0.13101212224782477, 2.0142502882284496</translation><rotation><c1>1, 0, 0</c1><c2>0, 1, 0</c2><c3>0, 0, 1</c3></rotation></pose><symmetry><x>twoFold</x><y>cylindrical</y><z>twoFold</z></symmetry><detectionScore>-1.0</detectionScore></element><element><id>17</id><category>tv_stand</category><bounds><corner1>-0.44088796034500133, -0.2739013427790933, -1.1504942142048544</corner1><corner2>0.44088796034500133, 0.2739013427790933, 1.1504942142048544</corner2></bounds><pose><translation>3.1016255903582075, -1.4363163555748695, -0.21989250996739038</translation><rotation><c1>1, 0, 0</c1><c2>0, 1, 0</c2><c3>0, 0, 1</c3></rotation></pose><symmetry><x>twoFold</x><y>cylindrical</y><z>twoFold</z></symmetry><detectionScore>-1.0</detectionScore></element><element><id>18</id><category>desk</category><bounds><corner1>-1.3926541108693757, -0.6641313711671573, -0.18894606216263599</corner1><corner2>1.3926541108693757, 0.6641313711671573, 0.18894606216263599</corner2></bounds><pose><translation>1.9972968865579985, -0.9724414816554663, -3.9086987599227823</translation><rotation><c1>1, 0, 0</c1><c2>0, 1, 0</c2><c3>0, 0, 1</c3></rotation></pose><symmetry><x>twoFold</x><y>cylindrical</y><z>twoFold</z></symmetry><detectionScore>-1.0</detectionScore></element><element><id>19</id><category>door</category><bounds><corner1>-0.4105925217506572, -1.2475662665069513, -1.2604598905828215</corner1><corner2>0.4105925217506572, 1.2475662665069513, 1.2604598905828215</corner2></bounds><pose><translation>-6.829550203533871, -0.39506571258508266, -1.1597606550490829</translation><rotation><c1>1, 0, 0</c1><c2>0, 1, 0</c2><c3>0, 0, 1</c3></rotation></pose><symmetry><x>twoFold</x><y>cylindrical</y><z>twoFold</z></symmetry><detectionScore>-1.0</detectionScore></element><element><id>20</id><category>tv_stand</category><bounds><corner1>-1.3612633423236058, -0.5744417132362676, -0.17442024443172777</corner1><corner2>1.3612633423236058, 0.5744417132362676, 0.17442024443172777</corner2></bounds><pose><translation>1.9940439829591987, -1.035333682216448, -3.894172942191874</translation><rotation><c1>1, 0, 0</c1><c2>0, 1, 0</c2><c3>0, 0, 1</c3></rotation></pose><symmetry><x>twoFold</x><y>cylindrical</y><z>twoFold</z></symmetry><detectionScore>-1.0</detectionScore></element><element><id>21</id><category>dresser</category><bounds><corner1>-2.3683231631789496, -0.5956516933337549, -2.2488200961798004</corner1><corner2>2.3683231631789496, 0.5956516933337549, 2.2488200961798004</corner2></bounds><pose><translation>-4.961109754275669, -0.8878640647261703, -3.7950193996031434</translation><rotation><c1>1, 0, 0</c1><c2>0, 1, 0</c2><c3>0, 0, 1</c3></rotation></pose><symmetry><x>twoFold</x><y>cylindrical</y><z>twoFold</z></symmetry><detectionScore>-1.0</detectionScore></element><element><id>22</id><category>wall</category><bounds><corner1>-3.8316767490125936, -1.4712993094545308, -1.897021687378972</corner1><corner2>3.8316767490125936, 1.4712993094545308, 1.897021687378972</corner2></bounds><pose><translation>-0.43583647596054936, -0.10568723548450457, -4.275349746705668</translation><rotation><c1>1, 0, 0</c1><c2>0, 1, 0</c2><c3>0, 0, 1</c3></rotation></pose><symmetry><x>twoFold</x><y>cylindrical</y><z>twoFold</z></symmetry><detectionScore>-1.0</detectionScore></element></elements></scene>