<?xml version='1.0' encoding='utf-8'?>
<scene xmlns:sumo="https://www.sumochallenge.org"><version>2.0</version><categories><id>fb_categories_v1_0</id><url>https://sumochallenge.org/en/categories-1_0.json</url></categories><project_type>bounding_box</project_type><elements><element><id>0</id><category>sofa</category><bounds><corner1>-2.421488406706728, -0.41909137816192643, -4.473799821397982</corner1><corner2>2.421488406706728, 0.41909137816192643, 4.473799821397982</corner2></bounds><pose><translation>1.4538252199410588, -0.8332342943970461, 4.114839671314872</translation><rotation><c1>1, 0, 0</c1><c2>0, 1, 0</c2><c3>0, 0, 1</c3></rotation></pose><symmetry><x>twoFold</x><y>cylindrical</y><z>twoFold</z></symmetry><detectionScore>-1.0</detectionScore></element><element><id>1</id><category>wall</category><bounds><corner1>-0.1009609843502513, -1.317835631562255, -7.897383560896116</corner1><corner2>0.1009609843502513, 1.317835631562255, 7.897383560896116</corner2></bounds><pose><translation>-0.5146436864118352, -0.01881826266954368, 0.6625295179220821</translation><rotation><c1>1, 0, 0</c1><c2>0, 1, 0</c2><c3>0, 0, 1</c3></rotation></pose><symmetry><x>twoFold</x><y>cylindrical</y><z>twoFold</z></symmetry><detectionScore>-1.0</detectionScore></element><element><id>2</id><category>hanging_kitchen_cabinet</category><bounds><corner1>-0.7003030273964512, -0.7176291904597558, -0.9476168076285281</corner1><corner2>0.7003030273964512, 0.7176291904597558, 0.9476168076285281</corner2></bounds><pose><translation>3.377362618311065, 0.32319063683533283, -2.1088416525281533</translation><rotation><c1>1, 0, 0</c1><c2>0, 1, 0</c2><c3>0, 0, 1</c3></rotation></pose><symmetry><x>twoFold</x><y>cylindrical</y><z>twoFold</z></symmetry><detectionScore>-1.0</detectionScore></element><element><id>3</id><category>chandelier</category><bounds><corner1>-1.1369162748738837, -0.08093619546124908, -0.3461655636932288</corner1><corner2>1.1369162748738837, 0.08093619546124908, 0.3461655636932288</corner2></bounds><pose><translation>1.957285958941254, 1.4422114057927742, -1.0737245080993858</translation><rotation><c1>1, 0, 0</c1><c2>0, 1, 0</c2><c3>0, 0, 1</c3></rotation></pose><symmetry><x>twoFold</x><y>cylindrical</y><z>twoFold</z></symmetry><detectionScore>-1.0</detectionScore></element><element><id>4</id><category>wall</category><bounds><corner1>-3.8970590216044, -1.415010022284717, -0.2991679705284209</corner1><corner2>3.8970590216044, 1.415010022284717, 0.2991679705284209</corner2></bounds><pose><translation>-0.09132561209584582, -0.12442261314797783, 8.397384776476523</translation><rotation><c1>1, 0, 0</c1><c2>0, 1, 0</c2><c3>0, 0, 1</c3></rotation></pose><symmetry><x>twoFold</x><y>cylindrical</y><z>twoFold</z></symmetry><detectionScore>-1.0</detectionScore></element><element><id>5</id><category>chair</category><bounds><corner1>-2.5854286841534675, -0.35339022136255327, -3.6232868300607444</corner1><corner2>2.5854286841534675, 0.35339022136255327, 3.6232868300607444</corner2></bounds><pose><translation>1.315288196547628, -0.8667369643598142, 2.101537905993919</translation><rotation><c1>1, 0, 0</c1><c2>0, 1, 0</c2><c3>0, 0, 1</c3></rotation></pose><symmetry><x>twoFold</x><y>cylindrical</y><z>twoFold</z></symmetry><detectionScore>-1.0</detectionScore></element><element><id>6</id><category>picture_frame</category><bounds><corner1>-3.4273216032432376, -1.1300686654685743, -1.859002136423328</corner1><corner2>3.4273216032432376, 1.1300686654685743, 1.859002136423328</corner2></bounds><pose><translation>-3.845992652450593, 0.008250409226747066, 6.351923656364203</translation><rotation><c1>1, 0, 0</c1><c2>0, 1, 0</c2><c3>0, 0, 1</c3></rotation></pose><symmetry><x>twoFold</x><y>cylindrical</y><z>twoFold</z></symmetry><detectionScore>-1.0</detectionScore></element><element><id>7</id><category>sofa</category><bounds><corner1>-1.5751476886752895, -0.3122190445535914, -4.320338466204338</corner1><corner2>1.5751476886752895, 0.3122190445535914, 4.320338466204338</corner2></bounds><pose><translation>2.288633134697063, -0.8856022271725242, 4.157971813979251</translation><rotation><c1>1, 0, 0</c1><c2>0, 1, 0</c2><c3>0, 0, 1</c3></rotation></pose><symmetry><x>twoFold</x><y>cylindrical</y><z>twoFold</z></symmetry><detectionScore>-1.0</detectionScore></element><element><id>8</id><category>chair</category><bounds><corner1>-1.3199515703569704, -0.06045710545679528, -2.0207793290649523</corner1><corner2>1.3199515703569704, 0.06045710545679528, 2.0207793290649523</corner2></bounds><pose><translation>1.1402955472145828, -0.8497326106162667, 2.1810496688478684</translation><rotation><c1>1, 0, 0</c1><c2>0, 1, 0</c2><c3>0, 0, 1</c3></rotation></pose><symmetry><x>twoFold</x><y>cylindrical</y><z>twoFold</z></symmetry><detectionScore>-1.0</detectionScore></element><element><id>9</id><category>chair</category><bounds><corner1>-1.341260024166508, -0.44683361801606725, -1.21742010502658</corner1><corner2>1.341260024166508, 0.44683361801606725, 1.21742010502658</corner2></bounds><pose><translation>1.0033584438023904, -0.9522649261909513, 1.5812341246566382</translation><rotation><c1>1, 0, 0</c1><c2>0, 1, 0</c2><c3>0, 0, 1</c3></rotation></pose><symmetry><x>twoFold</x><y>cylindrical</y><z>twoFold</z></symmetry><detectionScore>-1.0</detectionScore></element><element><id>10</id><category>chair</category><bounds><corner1>-2.67546933114864, -0.39852235270022485, -3.299167558964449</corner1><corner2>2.67546933114864, 0.39852235270022485, 3.299167558964449</corner2></bounds><pose><translation>0.9253446639588225, -0.8918134683479816, 2.2960274804741583</translation><rotation><c1>1, 0, 0</c1><c2>0, 1, 0</c2><c3>0, 0, 1</c3></rotation></pose><symmetry><x>twoFold</x><y>cylindrical</y><z>twoFold</z></symmetry><detectionScore>-1.0</detectionScore></element><element><id>11</id><category>vase</category><bounds><corner1>-0.27735703801841144, -0.4375088282292332, -0.3302442621114361</corner1><corner2>0.27735703801841144, 0.4375088282292332, 0.3302442621114361</corner2></bounds><pose><translation>0.26783953053300086, -0.5889126355283791, -2.3676740539921766</translation><rotation><c1>1, 0, 0</c1><c2>0, 1, 0</c2><c3>0, 0, 1</c3></rotation></pose><symmetry><x>twoFold</x><y>cylindrical</y><z>twoFold</z></symmetry><detectionScore>-1.0</detectionScore></element><element><id>12</id><category>chair</category><bounds><corner1>-1.190628192305167, -1.0787623656320648, -6.373585201535901</corner1><corner2>1.190628192305167, 1.0787623656320648, 6.373585201535901</corner2></bounds><pose><translation>0.029084938739654845, -1.5171725497770447, 2.232062775692956</translation><rotation><c1>1, 0, 0</c1><c2>0, 1, 0</c2><c3>0, 0, 1</c3></rotation></pose><symmetry><x>twoFold</x><y>cylindrical</y><z>twoFold</z></symmetry><detectionScore>-1.0</detectionScore></element><element><id>13</id><category>dining_table</category><bounds><corner1>-3.126497471858306, -0.6930601046690796, -5.096445663406026</corner1><corner2>3.126497471858306, 0.6930601046690796, 5.096445663406026</corner2></bounds><pose><translation>0.7676034559457753, -1.2064068476663405, 2.1069409011266074</translation><rotation><c1>1, 0, 0</c1><c2>0, 1, 0</c2><c3>0, 0, 1</c3></rotation></pose><symmetry><x>twoFold</x><y>cylindrical</y><z>twoFold</z></symmetry><detectionScore>-1.0</detectionScore></element><element><id>14</id><category>chandelier</category><bounds><corner1>-2.7054371601061415, -0.1649799655957236, -3.8938446424592583</corner1><corner2>2.7054371601061415, 0.1649799655957236, 3.8938446424592583</corner2></bounds><pose><translation>1.197027931970783, 1.3575490588936345, 2.254075705853459</translation><rotation><c1>1, 0, 0</c1><c2>0, 1, 0</c2><c3>0, 0, 1</c3></rotation></pose><symmetry><x>twoFold</x><y>cylindrical</y><z>twoFold</z></symmetry><detectionScore>-1.0</detectionScore></element><element><id>15</id><category>kitchen_cabinet</category><bounds><corner1>-0.8942044187206105, -0.35523078648629347, -0.6505068387354598</corner1><corner2>0.8942044187206105, 0.35523078648629347, 0.6505068387354598</corner2></bounds><pose><translation>0.9792359808522485, -0.9107215656216167, -2.0902426291116467</translation><rotation><c1>1, 0, 0</c1><c2>0, 1, 0</c2><c3>0, 0, 1</c3></rotation></pose><symmetry><x>twoFold</x><y>cylindrical</y><z>twoFold</z></symmetry><detectionScore>-1.0</detectionScore></element><element><id>16</id><category>window</category><bounds><corner1>-0.1315023742917143, -0.8361128878165033, -1.245573826807505</corner1><corner2>0.1315023742917143, 0.8361128878165033, 1.245573826807505</corner2></bounds><pose><translation>4.0106395487831925, 0.06672505080407463, 2.358544881149971</translation><rotation><c1>1, 0, 0</c1><c2>0, 1, 0</c2><c3>0, 0, 1</c3></rotation></pose><symmetry><x>twoFold</x><y>cylindrical</y><z>twoFold</z></symmetry><detectionScore>-1.0</detectionScore></element><element><id>17</id><category>kitchen_cabinet</category><bounds><corner1>-1.0254189258056732, -0.6780176512134841, -1.0976503650879326</corner1><corner2>1.0254189258056732, 0.6780176512134841, 1.0976503650879326</corner2></bounds><pose><translation>3.046840193228311, -1.0866233329493318, -1.951614981113513</translation><rotation><c1>1, 0, 0</c1><c2>0, 1, 0</c2><c3>0, 0, 1</c3></rotation></pose><symmetry><x>twoFold</x><y>cylindrical</y><z>twoFold</z></symmetry><detectionScore>-1.0</detectionScore></element><element><id>18</id><category>microwave</category><bounds><corner1>-1.0871725331274327, -0.32909666684918126, -0.3481420043840078</corner1><corner2>1.0871725331274327, 0.32909666684918126, 0.3481420043840078</corner2></bounds><pose><translation>2.9450224092773443, -0.5646278725380764, -2.2163486856327914</translation><rotation><c1>1, 0, 0</c1><c2>0, 1, 0</c2><c3>0, 0, 1</c3></rotation></pose><symmetry><x>twoFold</x><y>cylindrical</y><z>twoFold</z></symmetry><detectionScore>-1.0</detectionScore></element><element><id>19</id><category>refrigerator</category><bounds><corner1>-0.7412511654094076, -1.3000052222843737, -0.48083981359129413</corner1><corner2>0.7412511654094076, 1.3000052222843737, 0.48083981359129413</corner2></bounds><pose><translation>3.358323591995378, -0.5398390748624925, 0.0032769848496806446</translation><rotation><c1>1, 0, 0</c1><c2>0, 1, 0</c2><c3>0, 0, 1</c3></rotation></pose><symmetry><x>twoFold</x><y>cylindrical</y><z>twoFold</z></symmetry><detectionScore>-1.0</detectionScore></element><element><id>20</id><category>plant</category><bounds><corner1>-0.11593975121782396, -1.0704604113839127, -0.48369051358195253</corner1><corner2>0.11593975121782396, 1.0704604113839127, 0.48369051358195253</corner2></bounds><pose><translation>3.9836350061869616, -0.9146105493305869, -0.81021861993374</translation><rotation><c1>1, 0, 0</c1><c2>0, 1, 0</c2><c3>0, 0, 1</c3></rotation></pose><symmetry><x>twoFold</x><y>cylindrical</y><z>twoFold</z></symmetry><detectionScore>-1.0</detectionScore></element><element><id>21</id><category>wall</category><bounds><corner1>-0.18165798710092496, -1.539696175750805, -3.2498942095616843</corner1><corner2>0.18165798710092496, 1.539696175750805, 3.2498942095616843</corner2></bounds><pose><translation>3.960483935973982, -0.1634959342441602, 0.6928650195367084</translation><rotation><c1>1, 0, 0</c1><c2>0, 1, 0</c2><c3>0, 0, 1</c3></rotation></pose><symmetry><x>twoFold</x><y>cylindrical</y><z>twoFold</z></symmetry><detectionScore>-1.0</detectionScore></element><element><id>22</id><category>armchair</category><bounds><corner1>-2.692805657977396, -0.36139021834065244, -3.631862887828617</corner1><corner2>2.692805657977396, 0.36139021834065244, 3.631862887828617</corner2></bounds><pose><translation>1.206366771655869, -0.8747369613379133, 2.092961848226046</translation><rotation><c1>1, 0, 0</c1><c2>0, 1, 0</c2><c3>0, 0, 1</c3></rotation></pose><symmetry><x>twoFold</x><y>cylindrical</y><z>twoFold</z></symmetry><detectionScore>-1.0</detectionScore></element><element><id>23</id><category>armchair</category><bounds><corner1>-1.449557167787578, -0.28574125971899567, -4.073903351243647</corner1><corner2>1.449557167787578, 0.28574125971899567, 4.073903351243647</corner2></bounds><pose><translation>2.425495181975982, -0.8591244423379285, 4.194478312569785</translation><rotation><c1>1, 0, 0</c1><c2>0, 1, 0</c2><c3>0, 0, 1</c3></rotation></pose><symmetry><x>twoFold</x><y>cylindrical</y><z>twoFold</z></symmetry><detectionScore>-1.0</detectionScore></element><element><id>24</id><category>wall</category><bounds><corner1>-0.1386204766688821, -1.4415918981662106, -3.10492520821606</corner1><corner2>0.1386204766688821, 1.4415918981662106, 3.10492520821606</corner2></bounds><pose><translation>3.7860627146811177, -0.12198720654928313, 5.454671860366095</translation><rotation><c1>1, 0, 0</c1><c2>0, 1, 0</c2><c3>0, 0, 1</c3></rotation></pose><symmetry><x>twoFold</x><y>cylindrical</y><z>twoFold</z></symmetry><detectionScore>-1.0</detectionScore></element><element><id>25</id><category>armchair</category><bounds><corner1>-2.6188922108871973, -0.43205495533376326, -5.859673920679294</corner1><corner2>2.6188922108871973, 0.43205495533376326, 5.859673920679294</corner2></bounds><pose><translation>1.2489574631044265, -0.8461978715688829, 2.7056931004783142</translation><rotation><c1>1, 0, 0</c1><c2>0, 1, 0</c2><c3>0, 0, 1</c3></rotation></pose><symmetry><x>twoFold</x><y>cylindrical</y><z>twoFold</z></symmetry><detectionScore>-1.0</detectionScore></element></elements></scene>