<?xml version='1.0' encoding='utf-8'?>
<scene xmlns:sumo="https://www.sumochallenge.org"><version>2.0</version><categories><id>fb_categories_v1.0</id><url>https://sumochallenge.org/en/categories-1_0.json</url></categories><project_type>bounding_box</project_type><elements><element><id>25</id><category>picture_frame</category><bounds><corner1> 3.61729435, -1.33149353,  4.33561792</corner1><corner2>6.22396179, 1.12926291, 7.48033856</corner2></bounds><pose><translation>0., 0., 0.</translation><rotation><c1>1., 0., 0.</c1><c2>0., 1., 0.</c2><c3>0., 0., 1.</c3></rotation></pose><symmetry><x>none</x><y>none</y><z>none</z></symmetry><detectionScore>-1</detectionScore></element><element><id>24</id><category>chandelier</category><bounds><corner1> 3.40169723,  0.55753025, -0.70438444</corner1><corner2> 5.06641344e+00,  1.31845918e+00, -4.55762121e-03</corner2></bounds><pose><translation>0., 0., 0.</translation><rotation><c1>1., 0., 0.</c1><c2>0., 1., 0.</c2><c3>0., 0., 1.</c3></rotation></pose><symmetry><x>none</x><y>none</y><z>none</z></symmetry><detectionScore>-1</detectionScore></element><element><id>19</id><category>rug</category><bounds><corner1>-1.28814207, -1.36600041,  1.25096523</corner1><corner2> 0.52722439, -0.59337975,  3.50624668</corner2></bounds><pose><translation>0., 0., 0.</translation><rotation><c1>1., 0., 0.</c1><c2>0., 1., 0.</c2><c3>0., 0., 1.</c3></rotation></pose><symmetry><x>none</x><y>none</y><z>none</z></symmetry><detectionScore>-1</detectionScore></element><element><id>17</id><category>chandelier</category><bounds><corner1>1.12496428, 0.37052447, 0.80320055</corner1><corner2>3.57527184, 1.32231913, 1.9806119 </corner2></bounds><pose><translation>0., 0., 0.</translation><rotation><c1>1., 0., 0.</c1><c2>0., 1., 0.</c2><c3>0., 0., 1.</c3></rotation></pose><symmetry><x>none</x><y>none</y><z>none</z></symmetry><detectionScore>-1</detectionScore></element><element><id>12</id><category>range_hood</category><bounds><corner1> 0.09936771,  0.03333153, -1.55299955</corner1><corner2> 0.64017965,  0.58712716, -0.94200805</corner2></bounds><pose><translation>0., 0., 0.</translation><rotation><c1>1., 0., 0.</c1><c2>0., 1., 0.</c2><c3>0., 0., 1.</c3></rotation></pose><symmetry><x>none</x><y>none</y><z>none</z></symmetry><detectionScore>-1</detectionScore></element><element><id>36</id><category>partition</category><bounds><corner1>-3.5802636 , -1.29759266,  0.26005906</corner1><corner2>-1.79306563,  1.3013568 ,  2.15649568</corner2></bounds><pose><translation>0., 0., 0.</translation><rotation><c1>1., 0., 0.</c1><c2>0., 1., 0.</c2><c3>0., 0., 1.</c3></rotation></pose><symmetry><x>none</x><y>none</y><z>none</z></symmetry><detectionScore>-1</detectionScore></element><element><id>56</id><category>picture_frame</category><bounds><corner1> 2.1405823 , -0.78379286,  3.62574243</corner1><corner2>6.12970315, 1.24489495, 8.33557665</corner2></bounds><pose><translation>0., 0., 0.</translation><rotation><c1>1., 0., 0.</c1><c2>0., 1., 0.</c2><c3>0., 0., 1.</c3></rotation></pose><symmetry><x>none</x><y>none</y><z>none</z></symmetry><detectionScore>-1</detectionScore></element><element><id>44</id><category>window</category><bounds><corner1>-3.58077649, -1.19195138,  0.74015024</corner1><corner2>-1.87391688,  1.22126005,  2.14357779</corner2></bounds><pose><translation>0., 0., 0.</translation><rotation><c1>1., 0., 0.</c1><c2>0., 1., 0.</c2><c3>0., 0., 1.</c3></rotation></pose><symmetry><x>none</x><y>none</y><z>none</z></symmetry><detectionScore>-1</detectionScore></element><element><id>7</id><category>wall</category><bounds><corner1> 2.36200839, -1.234619  , -1.35836004</corner1><corner2> 3.98120588,  1.28063581, -0.04930599</corner2></bounds><pose><translation>0., 0., 0.</translation><rotation><c1>1., 0., 0.</c1><c2>0., 1., 0.</c2><c3>0., 0., 1.</c3></rotation></pose><symmetry><x>none</x><y>none</y><z>none</z></symmetry><detectionScore>-1</detectionScore></element><element><id>45</id><category>chandelier</category><bounds><corner1> 0.29822024,  0.71530301, -1.21104919</corner1><corner2> 0.6749236 ,  0.97451046, -1.16697364</corner2></bounds><pose><translation>0., 0., 0.</translation><rotation><c1>1., 0., 0.</c1><c2>0., 1., 0.</c2><c3>0., 0., 1.</c3></rotation></pose><symmetry><x>none</x><y>none</y><z>none</z></symmetry><detectionScore>-1</detectionScore></element><element><id>10</id><category>picture_frame</category><bounds><corner1> 1.90201684, -1.34926928,  1.49352966</corner1><corner2>6.44301041, 1.0438786 , 5.43218501</corner2></bounds><pose><translation>0., 0., 0.</translation><rotation><c1>1., 0., 0.</c1><c2>0., 1., 0.</c2><c3>0., 0., 1.</c3></rotation></pose><symmetry><x>none</x><y>none</y><z>none</z></symmetry><detectionScore>-1</detectionScore></element><element><id>43</id><category>armchair</category><bounds><corner1> 1.78000182, -1.00866933,  3.16106275</corner1><corner2> 4.80100355, -0.45177978,  6.19764686</corner2></bounds><pose><translation>0., 0., 0.</translation><rotation><c1>1., 0., 0.</c1><c2>0., 1., 0.</c2><c3>0., 0., 1.</c3></rotation></pose><symmetry><x>none</x><y>none</y><z>none</z></symmetry><detectionScore>-1</detectionScore></element><element><id>26</id><category>vase</category><bounds><corner1> 1.60927431, -0.80821076,  3.21578628</corner1><corner2> 5.99588114, -0.36083184,  8.28744091</corner2></bounds><pose><translation>0., 0., 0.</translation><rotation><c1>1., 0., 0.</c1><c2>0., 1., 0.</c2><c3>0., 0., 1.</c3></rotation></pose><symmetry><x>none</x><y>none</y><z>none</z></symmetry><detectionScore>-1</detectionScore></element><element><id>63</id><category>dining_table</category><bounds><corner1> 0.76601003, -1.352428  ,  0.32967095</corner1><corner2> 5.80368667, -0.4605908 ,  3.99905658</corner2></bounds><pose><translation>0., 0., 0.</translation><rotation><c1>1., 0., 0.</c1><c2>0., 1., 0.</c2><c3>0., 0., 1.</c3></rotation></pose><symmetry><x>none</x><y>none</y><z>none</z></symmetry><detectionScore>-1</detectionScore></element><element><id>61</id><category>wall</category><bounds><corner1> 2.47693562, -1.34150653, -0.92256983</corner1><corner2>7.71971215, 1.29257085, 2.63014805</corner2></bounds><pose><translation>0., 0., 0.</translation><rotation><c1>1., 0., 0.</c1><c2>0., 1., 0.</c2><c3>0., 0., 1.</c3></rotation></pose><symmetry><x>none</x><y>none</y><z>none</z></symmetry><detectionScore>-1</detectionScore></element><element><id>41</id><category>chandelier</category><bounds><corner1>1.44297081, 0.27674208, 0.78809218</corner1><corner2>6.91312737, 1.321977  , 2.82923072</corner2></bounds><pose><translation>0., 0., 0.</translation><rotation><c1>1., 0., 0.</c1><c2>0., 1., 0.</c2><c3>0., 0., 1.</c3></rotation></pose><symmetry><x>none</x><y>none</y><z>none</z></symmetry><detectionScore>-1</detectionScore></element><element><id>64</id><category>dishwasher</category><bounds><corner1> 1.77693854, -1.33683884, -1.41658222</corner1><corner2> 3.91275088, -0.29444489, -0.86870139</corner2></bounds><pose><translation>0., 0., 0.</translation><rotation><c1>1., 0., 0.</c1><c2>0., 1., 0.</c2><c3>0., 0., 1.</c3></rotation></pose><symmetry><x>none</x><y>none</y><z>none</z></symmetry><detectionScore>-1</detectionScore></element><element><id>2</id><category>window</category><bounds><corner1>-3.58018597, -0.7939117 , -0.01500402</corner1><corner2>-1.0009894 ,  1.25040939,  1.28071364</corner2></bounds><pose><translation>0., 0., 0.</translation><rotation><c1>1., 0., 0.</c1><c2>0., 1., 0.</c2><c3>0., 0., 1.</c3></rotation></pose><symmetry><x>none</x><y>none</y><z>none</z></symmetry><detectionScore>-1</detectionScore></element><element><id>55</id><category>door</category><bounds><corner1> 1.9059472 , -1.34331482,  0.79565282</corner1><corner2>7.83943595, 1.07592815, 3.77130967</corner2></bounds><pose><translation>0., 0., 0.</translation><rotation><c1>1., 0., 0.</c1><c2>0., 1., 0.</c2><c3>0., 0., 1.</c3></rotation></pose><symmetry><x>none</x><y>none</y><z>none</z></symmetry><detectionScore>-1</detectionScore></element><element><id>40</id><category>chair</category><bounds><corner1> 1.86316896, -0.85475315,  3.1750188 </corner1><corner2> 3.6988471 , -0.45016517,  6.11870116</corner2></bounds><pose><translation>0., 0., 0.</translation><rotation><c1>1., 0., 0.</c1><c2>0., 1., 0.</c2><c3>0., 0., 1.</c3></rotation></pose><symmetry><x>none</x><y>none</y><z>none</z></symmetry><detectionScore>-1</detectionScore></element><element><id>38</id><category>chair</category><bounds><corner1> 0.25019931, -1.33385361,  0.66399715</corner1><corner2> 1.74592365, -0.47430854,  3.25623901</corner2></bounds><pose><translation>0., 0., 0.</translation><rotation><c1>1., 0., 0.</c1><c2>0., 1., 0.</c2><c3>0., 0., 1.</c3></rotation></pose><symmetry><x>none</x><y>none</y><z>none</z></symmetry><detectionScore>-1</detectionScore></element><element><id>48</id><category>air_conditioner</category><bounds><corner1> 0.3123393 ,  0.7100349 , -1.21104915</corner1><corner2> 0.66652123,  0.95191276, -1.16697421</corner2></bounds><pose><translation>0., 0., 0.</translation><rotation><c1>1., 0., 0.</c1><c2>0., 1., 0.</c2><c3>0., 0., 1.</c3></rotation></pose><symmetry><x>none</x><y>none</y><z>none</z></symmetry><detectionScore>-1</detectionScore></element><element><id>31</id><category>armchair</category><bounds><corner1>-3.56122842, -1.36463505,  0.23341833</corner1><corner2>-1.7460589 , -0.48184382,  1.54649373</corner2></bounds><pose><translation>0., 0., 0.</translation><rotation><c1>1., 0., 0.</c1><c2>0., 1., 0.</c2><c3>0., 0., 1.</c3></rotation></pose><symmetry><x>none</x><y>none</y><z>none</z></symmetry><detectionScore>-1</detectionScore></element><element><id>54</id><category>wall_lamp</category><bounds><corner1>1.47595483, 1.1795719 , 0.82888149</corner1><corner2>1.91204486, 1.32242222, 1.30289078</corner2></bounds><pose><translation>0., 0., 0.</translation><rotation><c1>1., 0., 0.</c1><c2>0., 1., 0.</c2><c3>0., 0., 1.</c3></rotation></pose><symmetry><x>none</x><y>none</y><z>none</z></symmetry><detectionScore>-1</detectionScore></element><element><id>58</id><category>sofa</category><bounds><corner1> 0.11120108, -1.34708086,  1.07494229</corner1><corner2> 4.21220575, -0.42312251,  8.21059014</corner2></bounds><pose><translation>0., 0., 0.</translation><rotation><c1>1., 0., 0.</c1><c2>0., 1., 0.</c2><c3>0., 0., 1.</c3></rotation></pose><symmetry><x>none</x><y>none</y><z>none</z></symmetry><detectionScore>-1</detectionScore></element><element><id>50</id><category>chair</category><bounds><corner1> 0.58699112, -1.35619624,  0.255646  </corner1><corner2> 2.55603057, -0.45243487,  0.93883238</corner2></bounds><pose><translation>0., 0., 0.</translation><rotation><c1>1., 0., 0.</c1><c2>0., 1., 0.</c2><c3>0., 0., 1.</c3></rotation></pose><symmetry><x>none</x><y>none</y><z>none</z></symmetry><detectionScore>-1</detectionScore></element><element><id>60</id><category>door</category><bounds><corner1>-3.57873898, -1.32680548, -0.02063068</corner1><corner2>-0.997023  ,  1.2992776 ,  1.01508682</corner2></bounds><pose><translation>0., 0., 0.</translation><rotation><c1>1., 0., 0.</c1><c2>0., 1., 0.</c2><c3>0., 0., 1.</c3></rotation></pose><symmetry><x>none</x><y>none</y><z>none</z></symmetry><detectionScore>-1</detectionScore></element><element><id>52</id><category>armchair</category><bounds><corner1> 1.08601523, -1.35658343,  0.54074398</corner1><corner2> 6.51390807, -0.46680953,  4.89440438</corner2></bounds><pose><translation>0., 0., 0.</translation><rotation><c1>1., 0., 0.</c1><c2>0., 1., 0.</c2><c3>0., 0., 1.</c3></rotation></pose><symmetry><x>none</x><y>none</y><z>none</z></symmetry><detectionScore>-1</detectionScore></element><element><id>59</id><category>shelving</category><bounds><corner1>-3.58018393, -1.34097526,  0.29591357</corner1><corner2>-1.79593639,  1.30333121,  2.109092  </corner2></bounds><pose><translation>0., 0., 0.</translation><rotation><c1>1., 0., 0.</c1><c2>0., 1., 0.</c2><c3>0., 0., 1.</c3></rotation></pose><symmetry><x>none</x><y>none</y><z>none</z></symmetry><detectionScore>-1</detectionScore></element><element><id>1</id><category>wall</category><bounds><corner1>-2.17098314, -0.99329702,  3.30196225</corner1><corner2>6.04003999, 1.29775586, 8.33762549</corner2></bounds><pose><translation>0., 0., 0.</translation><rotation><c1>1., 0., 0.</c1><c2>0., 1., 0.</c2><c3>0., 0., 1.</c3></rotation></pose><symmetry><x>none</x><y>none</y><z>none</z></symmetry><detectionScore>-1</detectionScore></element><element><id>27</id><category>window</category><bounds><corner1> 3.62036828, -1.31963862,  4.33645116</corner1><corner2>6.22399858, 1.1296881 , 7.48096128</corner2></bounds><pose><translation>0., 0., 0.</translation><rotation><c1>1., 0., 0.</c1><c2>0., 1., 0.</c2><c3>0., 0., 1.</c3></rotation></pose><symmetry><x>none</x><y>none</y><z>none</z></symmetry><detectionScore>-1</detectionScore></element><element><id>57</id><category>knife_rack</category><bounds><corner1> 0.30034524, -0.30889397, -1.578042  </corner1><corner2> 0.68048365, -0.07734903, -1.20901704</corner2></bounds><pose><translation>0., 0., 0.</translation><rotation><c1>1., 0., 0.</c1><c2>0., 1., 0.</c2><c3>0., 0., 1.</c3></rotation></pose><symmetry><x>none</x><y>none</y><z>none</z></symmetry><detectionScore>-1</detectionScore></element><element><id>46</id><category>chair</category><bounds><corner1>-0.13277076, -1.36481557,  0.80099391</corner1><corner2> 1.0998992 , -0.48666807,  4.36103975</corner2></bounds><pose><translation>0., 0., 0.</translation><rotation><c1>1., 0., 0.</c1><c2>0., 1., 0.</c2><c3>0., 0., 1.</c3></rotation></pose><symmetry><x>none</x><y>none</y><z>none</z></symmetry><detectionScore>-1</detectionScore></element><element><id>51</id><category>hanging_kitchen_cabinet</category><bounds><corner1>-3.45800011,  0.18757829, -0.15227852</corner1><corner2>-0.98700241,  1.28304936,  0.05855908</corner2></bounds><pose><translation>0., 0., 0.</translation><rotation><c1>1., 0., 0.</c1><c2>0., 1., 0.</c2><c3>0., 0., 1.</c3></rotation></pose><symmetry><x>none</x><y>none</y><z>none</z></symmetry><detectionScore>-1</detectionScore></element><element><id>47</id><category>chair</category><bounds><corner1> 0.95101378, -1.35944479,  0.64676876</corner1><corner2> 6.06196029, -0.46562375,  5.38435831</corner2></bounds><pose><translation>0., 0., 0.</translation><rotation><c1>1., 0., 0.</c1><c2>0., 1., 0.</c2><c3>0., 0., 1.</c3></rotation></pose><symmetry><x>none</x><y>none</y><z>none</z></symmetry><detectionScore>-1</detectionScore></element><element><id>18</id><category>refrigerator</category><bounds><corner1> 1.89292718, -1.34116549, -1.56092307</corner1><corner2> 3.95091879,  0.62100121, -0.80609669</corner2></bounds><pose><translation>0., 0., 0.</translation><rotation><c1>1., 0., 0.</c1><c2>0., 1., 0.</c2><c3>0., 0., 1.</c3></rotation></pose><symmetry><x>none</x><y>none</y><z>none</z></symmetry><detectionScore>-1</detectionScore></element><element><id>21</id><category>hanging_kitchen_cabinet</category><bounds><corner1> 0.11426243,  0.02276284, -1.55796165</corner1><corner2> 0.65454111,  0.55152671, -0.94298092</corner2></bounds><pose><translation>0., 0., 0.</translation><rotation><c1>1., 0., 0.</c1><c2>0., 1., 0.</c2><c3>0., 0., 1.</c3></rotation></pose><symmetry><x>none</x><y>none</y><z>none</z></symmetry><detectionScore>-1</detectionScore></element><element><id>9</id><category>wall</category><bounds><corner1> 2.00632921, -0.75802838,  3.26911487</corner1><corner2>6.0614718 , 1.27134143, 8.34865981</corner2></bounds><pose><translation>0., 0., 0.</translation><rotation><c1>1., 0., 0.</c1><c2>0., 1., 0.</c2><c3>0., 0., 1.</c3></rotation></pose><symmetry><x>none</x><y>none</y><z>none</z></symmetry><detectionScore>-1</detectionScore></element><element><id>32</id><category>chandelier</category><bounds><corner1> 1.5309367 ,  1.18520279, -0.48942299</corner1><corner2> 1.97103427,  1.32209402, -0.2559371 </corner2></bounds><pose><translation>0., 0., 0.</translation><rotation><c1>1., 0., 0.</c1><c2>0., 1., 0.</c2><c3>0., 0., 1.</c3></rotation></pose><symmetry><x>none</x><y>none</y><z>none</z></symmetry><detectionScore>-1</detectionScore></element><element><id>6</id><category>door</category><bounds><corner1>-3.58097993, -1.34115828,  0.29165954</corner1><corner2>-1.7990179 ,  1.31013029,  2.28427331</corner2></bounds><pose><translation>0., 0., 0.</translation><rotation><c1>1., 0., 0.</c1><c2>0., 1., 0.</c2><c3>0., 0., 1.</c3></rotation></pose><symmetry><x>none</x><y>none</y><z>none</z></symmetry><detectionScore>-1</detectionScore></element><element><id>35</id><category>dining_table</category><bounds><corner1>-3.54844014, -1.36392984, -0.042342  </corner1><corner2>-0.99398748, -0.26544279,  1.26331273</corner2></bounds><pose><translation>0., 0., 0.</translation><rotation><c1>1., 0., 0.</c1><c2>0., 1., 0.</c2><c3>0., 0., 1.</c3></rotation></pose><symmetry><x>none</x><y>none</y><z>none</z></symmetry><detectionScore>-1</detectionScore></element><element><id>8</id><category>fruit_bowl</category><bounds><corner1> 0.51286712, -1.35629222,  0.82169007</corner1><corner2> 3.50368733, -0.41544207,  3.81808836</corner2></bounds><pose><translation>0., 0., 0.</translation><rotation><c1>1., 0., 0.</c1><c2>0., 1., 0.</c2><c3>0., 0., 1.</c3></rotation></pose><symmetry><x>none</x><y>none</y><z>none</z></symmetry><detectionScore>-1</detectionScore></element><element><id>53</id><category>wall</category><bounds><corner1> 1.12899978, -1.34578316,  0.85180273</corner1><corner2>7.71339875, 1.19549694, 4.87258109</corner2></bounds><pose><translation>0., 0., 0.</translation><rotation><c1>1., 0., 0.</c1><c2>0., 1., 0.</c2><c3>0., 0., 1.</c3></rotation></pose><symmetry><x>none</x><y>none</y><z>none</z></symmetry><detectionScore>-1</detectionScore></element><element><id>62</id><category>wall</category><bounds><corner1>-0.57837468, -0.69551403, -1.56803297</corner1><corner2> 1.23743837,  0.89921031, -0.93899403</corner2></bounds><pose><translation>0., 0., 0.</translation><rotation><c1>1., 0., 0.</c1><c2>0., 1., 0.</c2><c3>0., 0., 1.</c3></rotation></pose><symmetry><x>none</x><y>none</y><z>none</z></symmetry><detectionScore>-1</detectionScore></element><element><id>16</id><category>window</category><bounds><corner1>-3.56907226, -0.61263701, -0.18979794</corner1><corner2>-0.98701733,  0.67572279,  0.35424227</corner2></bounds><pose><translation>0., 0., 0.</translation><rotation><c1>1., 0., 0.</c1><c2>0., 1., 0.</c2><c3>0., 0., 1.</c3></rotation></pose><symmetry><x>none</x><y>none</y><z>none</z></symmetry><detectionScore>-1</detectionScore></element><element><id>33</id><category>wall</category><bounds><corner1> 1.53706437,  1.27281196, -0.33771635</corner1><corner2>3.98771281, 1.32278019, 1.47957384</corner2></bounds><pose><translation>0., 0., 0.</translation><rotation><c1>1., 0., 0.</c1><c2>0., 1., 0.</c2><c3>0., 0., 1.</c3></rotation></pose><symmetry><x>none</x><y>none</y><z>none</z></symmetry><detectionScore>-1</detectionScore></element><element><id>22</id><category>loudspeaker</category><bounds><corner1> 1.61749418, -0.80705583,  3.21513186</corner1><corner2> 5.96356039, -0.38614654,  8.2818405 </corner2></bounds><pose><translation>0., 0., 0.</translation><rotation><c1>1., 0., 0.</c1><c2>0., 1., 0.</c2><c3>0., 0., 1.</c3></rotation></pose><symmetry><x>none</x><y>none</y><z>none</z></symmetry><detectionScore>-1</detectionScore></element><element><id>23</id><category>tv_stand</category><bounds><corner1>-1.47734073, -1.09379262,  3.29530611</corner1><corner2>3.11815374, 1.29849069, 8.33628465</corner2></bounds><pose><translation>0., 0., 0.</translation><rotation><c1>1., 0., 0.</c1><c2>0., 1., 0.</c2><c3>0., 0., 1.</c3></rotation></pose><symmetry><x>none</x><y>none</y><z>none</z></symmetry><detectionScore>-1</detectionScore></element><element><id>11</id><category>kitchen_cabinet</category><bounds><corner1> 1.60206094, -1.34056365, -1.57431601</corner1><corner2> 3.90993661,  0.3229828 , -0.86452451</corner2></bounds><pose><translation>0., 0., 0.</translation><rotation><c1>1., 0., 0.</c1><c2>0., 1., 0.</c2><c3>0., 0., 1.</c3></rotation></pose><symmetry><x>none</x><y>none</y><z>none</z></symmetry><detectionScore>-1</detectionScore></element><element><id>20</id><category>chair</category><bounds><corner1>-3.56174576, -1.36462938,  0.24662042</corner1><corner2>-1.74709146, -0.48470212,  1.53495276</corner2></bounds><pose><translation>0., 0., 0.</translation><rotation><c1>1., 0., 0.</c1><c2>0., 1., 0.</c2><c3>0., 0., 1.</c3></rotation></pose><symmetry><x>none</x><y>none</y><z>none</z></symmetry><detectionScore>-1</detectionScore></element><element><id>65</id><category>chandelier</category><bounds><corner1>-0.41314778,  1.1840315 ,  1.53577004</corner1><corner2>-0.22346786,  1.3226632 ,  1.92996614</corner2></bounds><pose><translation>0., 0., 0.</translation><rotation><c1>1., 0., 0.</c1><c2>0., 1., 0.</c2><c3>0., 0., 1.</c3></rotation></pose><symmetry><x>none</x><y>none</y><z>none</z></symmetry><detectionScore>-1</detectionScore></element><element><id>14</id><category>plant</category><bounds><corner1> 0.29274115, -0.30598195, -1.58003139</corner1><corner2> 0.74246905, -0.01061661, -1.21999773</corner2></bounds><pose><translation>0., 0., 0.</translation><rotation><c1>1., 0., 0.</c1><c2>0., 1., 0.</c2><c3>0., 0., 1.</c3></rotation></pose><symmetry><x>none</x><y>none</y><z>none</z></symmetry><detectionScore>-1</detectionScore></element><element><id>34</id><category>chair</category><bounds><corner1> 0.44818047, -1.35750712,  0.69998536</corner1><corner2> 5.0093894 , -0.42411961,  5.29489506</corner2></bounds><pose><translation>0., 0., 0.</translation><rotation><c1>1., 0., 0.</c1><c2>0., 1., 0.</c2><c3>0., 0., 1.</c3></rotation></pose><symmetry><x>none</x><y>none</y><z>none</z></symmetry><detectionScore>-1</detectionScore></element><element><id>39</id><category>coffee_table</category><bounds><corner1> 1.86316896, -0.85475315,  3.1750188 </corner1><corner2> 3.6988471 , -0.45016517,  6.11870116</corner2></bounds><pose><translation>0., 0., 0.</translation><rotation><c1>1., 0., 0.</c1><c2>0., 1., 0.</c2><c3>0., 0., 1.</c3></rotation></pose><symmetry><x>none</x><y>none</y><z>none</z></symmetry><detectionScore>-1</detectionScore></element><element><id>49</id><category>wall</category><bounds><corner1> 1.61404307, -1.34256026,  0.82854636</corner1><corner2>7.830773  , 1.2965475 , 3.79063371</corner2></bounds><pose><translation>0., 0., 0.</translation><rotation><c1>1., 0., 0.</c1><c2>0., 1., 0.</c2><c3>0., 0., 1.</c3></rotation></pose><symmetry><x>none</x><y>none</y><z>none</z></symmetry><detectionScore>-1</detectionScore></element><element><id>5</id><category>fence</category><bounds><corner1>-3.58847206, -0.53162414,  1.84767906</corner1><corner2>-3.40490913,  0.1270199 ,  2.33854328</corner2></bounds><pose><translation>0., 0., 0.</translation><rotation><c1>1., 0., 0.</c1><c2>0., 1., 0.</c2><c3>0., 0., 1.</c3></rotation></pose><symmetry><x>none</x><y>none</y><z>none</z></symmetry><detectionScore>-1</detectionScore></element><element><id>37</id><category>kitchen_cabinet</category><bounds><corner1> 1.28701529, -0.98033161, -1.52779746</corner1><corner2> 2.45800857, -0.27150362, -0.93383113</corner2></bounds><pose><translation>0., 0., 0.</translation><rotation><c1>1., 0., 0.</c1><c2>0., 1., 0.</c2><c3>0., 0., 1.</c3></rotation></pose><symmetry><x>none</x><y>none</y><z>none</z></symmetry><detectionScore>-1</detectionScore></element><element><id>29</id><category>picture_frame</category><bounds><corner1> 5.95625128, -1.31376577,  5.08563029</corner1><corner2>6.22382879, 1.13935932, 6.08376029</corner2></bounds><pose><translation>0., 0., 0.</translation><rotation><c1>1., 0., 0.</c1><c2>0., 1., 0.</c2><c3>0., 0., 1.</c3></rotation></pose><symmetry><x>none</x><y>none</y><z>none</z></symmetry><detectionScore>-1</detectionScore></element><element><id>30</id><category>sofa</category><bounds><corner1> 1.808103  , -1.34281189,  3.16200589</corner1><corner2> 6.17392919, -0.38549673,  8.17934316</corner2></bounds><pose><translation>0., 0., 0.</translation><rotation><c1>1., 0., 0.</c1><c2>0., 1., 0.</c2><c3>0., 0., 1.</c3></rotation></pose><symmetry><x>none</x><y>none</y><z>none</z></symmetry><detectionScore>-1</detectionScore></element><element><id>15</id><category>picture_frame</category><bounds><corner1> 3.85115373, -1.15714648, -0.26781358</corner1><corner2>6.47697391, 1.29877492, 1.91695087</corner2></bounds><pose><translation>0., 0., 0.</translation><rotation><c1>1., 0., 0.</c1><c2>0., 1., 0.</c2><c3>0., 0., 1.</c3></rotation></pose><symmetry><x>none</x><y>none</y><z>none</z></symmetry><detectionScore>-1</detectionScore></element><element><id>4</id><category>table_and_chair</category><bounds><corner1>-3.56129542e+00, -1.36472230e+00, -2.92084788e-03</corner1><corner2>-1.01097949, -0.40881886,  1.6948421 </corner2></bounds><pose><translation>0., 0., 0.</translation><rotation><c1>1., 0., 0.</c1><c2>0., 1., 0.</c2><c3>0., 0., 1.</c3></rotation></pose><symmetry><x>none</x><y>none</y><z>none</z></symmetry><detectionScore>-1</detectionScore></element><element><id>42</id><category>chair</category><bounds><corner1> 1.18900018, -1.35678323,  0.61280129</corner1><corner2> 6.83129244, -0.46839226,  4.67230366</corner2></bounds><pose><translation>0., 0., 0.</translation><rotation><c1>1., 0., 0.</c1><c2>0., 1., 0.</c2><c3>0., 0., 1.</c3></rotation></pose><symmetry><x>none</x><y>none</y><z>none</z></symmetry><detectionScore>-1</detectionScore></element><element><id>66</id><category>wall</category><bounds><corner1>-3.57833954, -0.84270076, -0.20002043</corner1><corner2>-0.98899675,  1.26864663,  1.59261862</corner2></bounds><pose><translation>0., 0., 0.</translation><rotation><c1>1., 0., 0.</c1><c2>0., 1., 0.</c2><c3>0., 0., 1.</c3></rotation></pose><symmetry><x>none</x><y>none</y><z>none</z></symmetry><detectionScore>-1</detectionScore></element><element><id>28</id><category>wall</category><bounds><corner1>-3.51540191, -1.24577073,  1.81295376</corner1><corner2>7.65352244e-03, 1.30208038e+00, 8.33401169e+00</corner2></bounds><pose><translation>0., 0., 0.</translation><rotation><c1>1., 0., 0.</c1><c2>0., 1., 0.</c2><c3>0., 0., 1.</c3></rotation></pose><symmetry><x>none</x><y>none</y><z>none</z></symmetry><detectionScore>-1</detectionScore></element><element><id>3</id><category>plant</category><bounds><corner1>-3.59264776, -1.05476125,  1.63295954</corner1><corner2>-0.82198155,  1.29906386,  8.21917983</corner2></bounds><pose><translation>0., 0., 0.</translation><rotation><c1>1., 0., 0.</c1><c2>0., 1., 0.</c2><c3>0., 0., 1.</c3></rotation></pose><symmetry><x>none</x><y>none</y><z>none</z></symmetry><detectionScore>-1</detectionScore></element><element><id>13</id><category>wall</category><bounds><corner1>1.43398539, 0.27846649, 0.85069151</corner1><corner2>3.67469762, 1.32011848, 2.00348542</corner2></bounds><pose><translation>0., 0., 0.</translation><rotation><c1>1., 0., 0.</c1><c2>0., 1., 0.</c2><c3>0., 0., 1.</c3></rotation></pose><symmetry><x>none</x><y>none</y><z>none</z></symmetry><detectionScore>-1</detectionScore></element></elements></scene>