<?xml version='1.0' encoding='utf-8'?>
<scene xmlns:sumo="https://www.sumochallenge.org"><version>2.0</version><categories><id>fb_categories_v1_0</id><url>https://sumochallenge.org/en/categories-1_0.json</url></categories><project_type>bounding_box</project_type><elements><element><id>0</id><category>chair</category><bounds><corner1>-0.3853416708384855, -1.0322162782586275, -1.0554986604052077</corner1><corner2>0.3853416708384855, 1.0322162782586275, 1.0554986604052077</corner2></bounds><pose><translation>-0.3189624194456042, 1.7212115179408152, -1.0554986604052077</translation><rotation><c1>0, 0, 0</c1><c2>0, 0, 0</c2><c3>0, 0, 0</c3></rotation></pose><symmetry><x>twoFold</x><y>cylindrical</y><z>twoFold</z></symmetry><detectionScore>-1.0</detectionScore></element><element><id>1</id><category>outdoor_seating</category><bounds><corner1>-0.35412719111586216, -0.6973861110375594, -0.9075936459809509</corner1><corner2>0.35412719111586216, 0.6973861110375594, 0.9075936459809509</corner2></bounds><pose><translation>-0.28846469876403036, 2.0734952725611584, -0.9075936459809509</translation><rotation><c1>0, 0, 0</c1><c2>0, 0, 0</c2><c3>0, 0, 0</c3></rotation></pose><symmetry><x>twoFold</x><y>cylindrical</y><z>twoFold</z></symmetry><detectionScore>-1.0</detectionScore></element><element><id>2</id><category>wall</category><bounds><corner1>-2.382644293632726, -1.4536763538205273, -1.3585389984497058</corner1><corner2>2.382644293632726, 1.4536763538205273, 1.3585389984497058</corner2></bounds><pose><translation>1.7108854226868528, -4.254011506649208, -0.11738281417489621</translation><rotation><c1>0, 0, 0</c1><c2>0, 0, 0</c2><c3>0, 0, 0</c3></rotation></pose><symmetry><x>twoFold</x><y>cylindrical</y><z>twoFold</z></symmetry><detectionScore>-1.0</detectionScore></element><element><id>3</id><category>wall</category><bounds><corner1>-3.5011443738626458, -7.95084581020951, -1.170896279312333</corner1><corner2>3.5011443738626458, 7.95084581020951, 1.170896279312333</corner2></bounds><pose><translation>1.7566850170612558, 2.385342981893529, 0.0</translation><rotation><c1>0, 0, 0</c1><c2>0, 0, 0</c2><c3>0, 0, 0</c3></rotation></pose><symmetry><x>twoFold</x><y>cylindrical</y><z>twoFold</z></symmetry><detectionScore>-1.0</detectionScore></element><element><id>4</id><category>fishbowl</category><bounds><corner1>-0.2747830041959507, -0.5901177645051314, -1.3587758799089396</corner1><corner2>0.2747830041959507, 0.5901177645051314, 1.3587758799089396</corner2></bounds><pose><translation>1.5003188210212186, 2.135695731944243, -1.3587758799089396</translation><rotation><c1>0, 0, 0</c1><c2>0, 0, 0</c2><c3>0, 0, 0</c3></rotation></pose><symmetry><x>twoFold</x><y>cylindrical</y><z>twoFold</z></symmetry><detectionScore>-1.0</detectionScore></element><element><id>5</id><category>fence</category><bounds><corner1>-0.5550257748101073, -0.7398293741898905, -0.8858858684962869</corner1><corner2>0.5550257748101073, 0.7398293741898905, 0.8858858684962869</corner2></bounds><pose><translation>-0.5550257748101073, 2.0650122110113207, -0.8858858684962869</translation><rotation><c1>0, 0, 0</c1><c2>0, 0, 0</c2><c3>0, 0, 0</c3></rotation></pose><symmetry><x>twoFold</x><y>cylindrical</y><z>twoFold</z></symmetry><detectionScore>-1.0</detectionScore></element><element><id>6</id><category>outdoor_seating</category><bounds><corner1>-1.352676184451382, -1.6340097553659831, -0.7259388403901694</corner1><corner2>1.352676184451382, 1.6340097553659831, 0.7259388403901694</corner2></bounds><pose><translation>-0.46166125899514787, -2.805336169448013, -1.3004069198699713</translation><rotation><c1>0, 0, 0</c1><c2>0, 0, 0</c2><c3>0, 0, 0</c3></rotation></pose><symmetry><x>twoFold</x><y>cylindrical</y><z>twoFold</z></symmetry><detectionScore>-1.0</detectionScore></element><element><id>7</id><category>fence</category><bounds><corner1>-1.4432259616299676, -0.49150114784010857, -0.9907804813155167</corner1><corner2>1.4432259616299676, 0.49150114784010857, 0.9907804813155167</corner2></bounds><pose><translation>-1.4432259616299676, 2.4069242971254154, -0.9907804813155167</translation><rotation><c1>0, 0, 0</c1><c2>0, 0, 0</c2><c3>0, 0, 0</c3></rotation></pose><symmetry><x>twoFold</x><y>cylindrical</y><z>twoFold</z></symmetry><detectionScore>-1.0</detectionScore></element><element><id>8</id><category>dining_table</category><bounds><corner1>-1.2780386043997762, -1.5615108555081083, -0.6303231422309667</corner1><corner2>1.2780386043997762, 1.5615108555081083, 0.6303231422309667</corner2></bounds><pose><translation>-0.45737892844134925, -2.7459236252416055, -1.2473218272303828</translation><rotation><c1>0, 0, 0</c1><c2>0, 0, 0</c2><c3>0, 0, 0</c3></rotation></pose><symmetry><x>twoFold</x><y>cylindrical</y><z>twoFold</z></symmetry><detectionScore>-1.0</detectionScore></element><element><id>9</id><category>armchair</category><bounds><corner1>-0.618462133777084, -0.8938957160515297, -0.5041670556594342</corner1><corner2>0.618462133777084, 0.8938957160515297, 0.5041670556594342</corner2></bounds><pose><translation>-0.8669927686682724, -2.0529629877847917, -0.9944242741612823</translation><rotation><c1>0, 0, 0</c1><c2>0, 0, 0</c2><c3>0, 0, 0</c3></rotation></pose><symmetry><x>twoFold</x><y>cylindrical</y><z>twoFold</z></symmetry><detectionScore>-1.0</detectionScore></element><element><id>10</id><category>wall</category><bounds><corner1>-2.162606519896087, -0.5454617598137261, -1.2381305338593032</corner1><corner2>2.162606519896087, 0.5454617598137261, 1.2381305338593032</corner2></bounds><pose><translation>3.03012520479883, 10.289086382863438, 0.0</translation><rotation><c1>0, 0, 0</c1><c2>0, 0, 0</c2><c3>0, 0, 0</c3></rotation></pose><symmetry><x>twoFold</x><y>cylindrical</y><z>twoFold</z></symmetry><detectionScore>-1.0</detectionScore></element><element><id>11</id><category>door</category><bounds><corner1>-0.06945362159644519, -0.4173742703539327, -0.8154175173575341</corner1><corner2>0.06945362159644519, 0.4173742703539327, 0.8154175173575341</corner2></bounds><pose><translation>1.7007107398831551, -3.081246486026208, -0.7786743788634165</translation><rotation><c1>0, 0, 0</c1><c2>0, 0, 0</c2><c3>0, 0, 0</c3></rotation></pose><symmetry><x>twoFold</x><y>cylindrical</y><z>twoFold</z></symmetry><detectionScore>-1.0</detectionScore></element><element><id>12</id><category>sofa</category><bounds><corner1>-8.743789186767573, -2.0266780873906214, -0.183161830738512</corner1><corner2>8.743789186767573, 2.0266780873906214, 0.183161830738512</corner2></bounds><pose><translation>1.5251239707781437, 0.04235490251087361, -0.2402815406958122</translation><rotation><c1>0, 0, 0</c1><c2>0, 0, 0</c2><c3>0, 0, 0</c3></rotation></pose><symmetry><x>twoFold</x><y>cylindrical</y><z>twoFold</z></symmetry><detectionScore>-1.0</detectionScore></element><element><id>13</id><category>person</category><bounds><corner1>-0.3676084328996668, -1.0787067690958225, -0.9813614347170604</corner1><corner2>0.3676084328996668, 1.0787067690958225, 0.9813614347170604</corner2></bounds><pose><translation>-0.28240952953431353, 1.679596163031694, -0.9813614347170604</translation><rotation><c1>0, 0, 0</c1><c2>0, 0, 0</c2><c3>0, 0, 0</c3></rotation></pose><symmetry><x>twoFold</x><y>cylindrical</y><z>twoFold</z></symmetry><detectionScore>-1.0</detectionScore></element><element><id>14</id><category>door</category><bounds><corner1>-6.366687243229617, -2.087406225872577, -1.4848991156935785</corner1><corner2>6.366687243229617, 2.087406225872577, 1.4848991156935785</corner2></bounds><pose><translation>1.8191912907163224, 0.37871807594218887, -0.18451733409751753</translation><rotation><c1>0, 0, 0</c1><c2>0, 0, 0</c2><c3>0, 0, 0</c3></rotation></pose><symmetry><x>twoFold</x><y>cylindrical</y><z>twoFold</z></symmetry><detectionScore>-1.0</detectionScore></element><element><id>15</id><category>chair</category><bounds><corner1>-1.486648620497075, -0.53945215433626, -0.9458357403823293</corner1><corner2>1.486648620497075, 0.53945215433626, 0.9458357403823293</corner2></bounds><pose><translation>1.2366238672786134, -3.236312283717652, -1.4136978503491775</translation><rotation><c1>0, 0, 0</c1><c2>0, 0, 0</c2><c3>0, 0, 0</c3></rotation></pose><symmetry><x>twoFold</x><y>cylindrical</y><z>twoFold</z></symmetry><detectionScore>-1.0</detectionScore></element><element><id>16</id><category>outdoor_seating</category><bounds><corner1>-0.725038477179383, -0.7753989924729243, -1.0181869733862319</corner1><corner2>0.725038477179383, 0.7753989924729243, 1.0181869733862319</corner2></bounds><pose><translation>-0.49138697387679436, 2.0257375621817606, -1.0181869733862319</translation><rotation><c1>0, 0, 0</c1><c2>0, 0, 0</c2><c3>0, 0, 0</c3></rotation></pose><symmetry><x>twoFold</x><y>cylindrical</y><z>twoFold</z></symmetry><detectionScore>-1.0</detectionScore></element><element><id>17</id><category>wall</category><bounds><corner1>-4.560080977943966, -0.16901231998677213, -1.317138107054791</corner1><corner2>4.560080977943966, 0.16901231998677213, 1.317138107054791</corner2></bounds><pose><translation>5.145397230305812, 2.375030013231629, -0.017202097784353384</translation><rotation><c1>0, 0, 0</c1><c2>0, 0, 0</c2><c3>0, 0, 0</c3></rotation></pose><symmetry><x>twoFold</x><y>cylindrical</y><z>twoFold</z></symmetry><detectionScore>-1.0</detectionScore></element><element><id>18</id><category>chair</category><bounds><corner1>-0.707134284141534, -0.8697382131302431, -0.612154782854847</corner1><corner2>0.707134284141534, 0.8697382131302431, 0.612154782854847</corner2></bounds><pose><translation>-0.7363188790856334, -2.0577797191259926, -1.143876038883966</translation><rotation><c1>0, 0, 0</c1><c2>0, 0, 0</c2><c3>0, 0, 0</c3></rotation></pose><symmetry><x>twoFold</x><y>cylindrical</y><z>twoFold</z></symmetry><detectionScore>-1.0</detectionScore></element><element><id>19</id><category>chair</category><bounds><corner1>-1.011185163310668, -0.8641815795305541, -0.0779845076655028</corner1><corner2>1.011185163310668, 0.8641815795305541, 0.0779845076655028</corner2></bounds><pose><translation>-0.16769244921884552, -2.912757782659123, -0.8701699724155142</translation><rotation><c1>0, 0, 0</c1><c2>0, 0, 0</c2><c3>0, 0, 0</c3></rotation></pose><symmetry><x>twoFold</x><y>cylindrical</y><z>twoFold</z></symmetry><detectionScore>-1.0</detectionScore></element><element><id>20</id><category>fence</category><bounds><corner1>-0.5274024218885157, -0.7483316147686225, -0.9308988123156942</corner1><corner2>0.5274024218885157, 0.7483316147686225, 0.9308988123156942</corner2></bounds><pose><translation>-0.18451054577713052, 2.112502444263047, -0.9308988123156942</translation><rotation><c1>0, 0, 0</c1><c2>0, 0, 0</c2><c3>0, 0, 0</c3></rotation></pose><symmetry><x>twoFold</x><y>cylindrical</y><z>twoFold</z></symmetry><detectionScore>-1.0</detectionScore></element><element><id>21</id><category>dining_table</category><bounds><corner1>-3.3489711739872394, -1.490397163614423, -0.7950365685159202</corner1><corner2>3.3489711739872394, 1.490397163614423, 0.7950365685159202</corner2></bounds><pose><translation>2.7187208116585264, 0.9777130841630695, -1.0484606361170872</translation><rotation><c1>0, 0, 0</c1><c2>0, 0, 0</c2><c3>0, 0, 0</c3></rotation></pose><symmetry><x>twoFold</x><y>cylindrical</y><z>twoFold</z></symmetry><detectionScore>-1.0</detectionScore></element><element><id>22</id><category>fence</category><bounds><corner1>-1.7435270819687791, -0.6769762214171946, -1.0472257624163295</corner1><corner2>1.7435270819687791, 0.6769762214171946, 1.0472257624163295</corner2></bounds><pose><translation>0.0, 2.2214960461711817, -1.0472257624163295</translation><rotation><c1>0, 0, 0</c1><c2>0, 0, 0</c2><c3>0, 0, 0</c3></rotation></pose><symmetry><x>twoFold</x><y>cylindrical</y><z>twoFold</z></symmetry><detectionScore>-1.0</detectionScore></element><element><id>23</id><category>grill</category><bounds><corner1>-0.2994873483447775, -0.5905767341946189, -1.4834787982539113</corner1><corner2>0.2994873483447775, 0.5905767341946189, 1.4834787982539113</corner2></bounds><pose><translation>1.4656106049563937, 2.1317001771375708, -1.4834787982539113</translation><rotation><c1>0, 0, 0</c1><c2>0, 0, 0</c2><c3>0, 0, 0</c3></rotation></pose><symmetry><x>twoFold</x><y>cylindrical</y><z>twoFold</z></symmetry><detectionScore>-1.0</detectionScore></element><element><id>24</id><category>wall</category><bounds><corner1>-8.713195157576763, -2.5406407621975067, -1.0529434578961494</corner1><corner2>8.713195157576763, 2.5406407621975067, 1.0529434578961494</corner2></bounds><pose><translation>1.6905676966305991, -0.19434344664586828, -0.008544987411787342</translation><rotation><c1>0, 0, 0</c1><c2>0, 0, 0</c2><c3>0, 0, 0</c3></rotation></pose><symmetry><x>twoFold</x><y>cylindrical</y><z>twoFold</z></symmetry><detectionScore>-1.0</detectionScore></element><element><id>25</id><category>iron</category><bounds><corner1>-0.3061086470957912, -0.5660228625755224, -0.3271926757914858</corner1><corner2>0.3061086470957912, 0.5660228625755224, 0.3271926757914858</corner2></bounds><pose><translation>1.4506994211253388, 2.134370172838962, -1.4456882416029626</translation><rotation><c1>0, 0, 0</c1><c2>0, 0, 0</c2><c3>0, 0, 0</c3></rotation></pose><symmetry><x>twoFold</x><y>cylindrical</y><z>twoFold</z></symmetry><detectionScore>-1.0</detectionScore></element><element><id>26</id><category>chair</category><bounds><corner1>-2.998590760573465, -1.2035158451491847, -0.6234742428897441</corner1><corner2>2.998590760573465, 1.2035158451491847, 0.6234742428897441</corner2></bounds><pose><translation>2.692787360889891, 1.3462746479542878, -0.7825357792472915</translation><rotation><c1>0, 0, 0</c1><c2>0, 0, 0</c2><c3>0, 0, 0</c3></rotation></pose><symmetry><x>twoFold</x><y>cylindrical</y><z>twoFold</z></symmetry><detectionScore>-1.0</detectionScore></element><element><id>27</id><category>outdoor_seating</category><bounds><corner1>-1.098786779530975, -3.2950904735550672, -0.8630369595675735</corner1><corner2>1.098786779530975, 3.2950904735550672, 0.8630369595675735</corner2></bounds><pose><translation>-1.098786779530975, -3.2950904735550672, -0.8630369595675735</translation><rotation><c1>0, 0, 0</c1><c2>0, 0, 0</c2><c3>0, 0, 0</c3></rotation></pose><symmetry><x>twoFold</x><y>cylindrical</y><z>twoFold</z></symmetry><detectionScore>-1.0</detectionScore></element><element><id>28</id><category>armchair</category><bounds><corner1>-1.118603086640351, -0.5444716986015776, -0.8933379275628159</corner1><corner2>1.118603086640351, 0.5444716986015776, 0.8933379275628159</corner2></bounds><pose><translation>1.2234148270713756, -3.2142386182765907, -1.42269583202274</translation><rotation><c1>0, 0, 0</c1><c2>0, 0, 0</c2><c3>0, 0, 0</c3></rotation></pose><symmetry><x>twoFold</x><y>cylindrical</y><z>twoFold</z></symmetry><detectionScore>-1.0</detectionScore></element><element><id>29</id><category>chair</category><bounds><corner1>-2.9947672922188473, -1.3322043236612693, -0.6773485174024081</corner1><corner2>2.9947672922188473, 1.3322043236612693, 0.6773485174024081</corner2></bounds><pose><translation>1.9942467521755165, 1.1226835217491447, -0.9164938492854767</translation><rotation><c1>0, 0, 0</c1><c2>0, 0, 0</c2><c3>0, 0, 0</c3></rotation></pose><symmetry><x>twoFold</x><y>cylindrical</y><z>twoFold</z></symmetry><detectionScore>-1.0</detectionScore></element><element><id>30</id><category>door</category><bounds><corner1>-3.503770425463949, -7.383428629577161, -1.2386515927650945</corner1><corner2>3.503770425463949, 7.383428629577161, 1.2386515927650945</corner2></bounds><pose><translation>1.7544651392221857, 2.4219858815681485, -0.1053808239638106</translation><rotation><c1>0, 0, 0</c1><c2>0, 0, 0</c2><c3>0, 0, 0</c3></rotation></pose><symmetry><x>twoFold</x><y>cylindrical</y><z>twoFold</z></symmetry><detectionScore>-1.0</detectionScore></element><element><id>31</id><category>table_lamp</category><bounds><corner1>-0.267116286954415, -0.5995437723252688, -0.531442332918423</corner1><corner2>0.267116286954415, 0.5995437723252688, 0.531442332918423</corner2></bounds><pose><translation>1.5043255881917688, 2.10248028516678, -1.480378358745529</translation><rotation><c1>0, 0, 0</c1><c2>0, 0, 0</c2><c3>0, 0, 0</c3></rotation></pose><symmetry><x>twoFold</x><y>cylindrical</y><z>twoFold</z></symmetry><detectionScore>-1.0</detectionScore></element><element><id>32</id><category>fence</category><bounds><corner1>-1.117161044744516, -3.308823505463845, -0.8629414952742258</corner1><corner2>1.117161044744516, 3.308823505463845, 0.8629414952742258</corner2></bounds><pose><translation>-1.117161044744516, -3.308823505463845, -0.8629414952742258</translation><rotation><c1>0, 0, 0</c1><c2>0, 0, 0</c2><c3>0, 0, 0</c3></rotation></pose><symmetry><x>twoFold</x><y>cylindrical</y><z>twoFold</z></symmetry><detectionScore>-1.0</detectionScore></element></elements></scene>