<?xml version='1.0' encoding='utf-8'?>
<scene xmlns:sumo="https://www.sumochallenge.org"><version>2.0</version><categories><id>fb_categories_v1_0</id><url>https://sumochallenge.org/en/categories-1_0.json</url></categories><project_type>bounding_box</project_type><elements><element><id>0</id><category>ceiling_fan</category><bounds><corner1>-0.8837182191173321, -0.08966287824369701, -1.345822436837017</corner1><corner2>0.8837182191173321, 0.08966287824369701, 1.345822436837017</corner2></bounds><pose><translation>-2.4296291100678014, 1.532277572267868, 0.5119151722869959</translation><rotation><c1>1, 0, 0</c1><c2>0, 1, 0</c2><c3>0, 0, 1</c3></rotation></pose><symmetry><x>twoFold</x><y>cylindrical</y><z>twoFold</z></symmetry><detectionScore>-1.0</detectionScore></element><element><id>1</id><category>dresser</category><bounds><corner1>-0.9524504991837683, -0.7615886051348424, -0.5549609159161255</corner1><corner2>0.9524504991837683, 0.7615886051348424, 0.5549609159161255</corner2></bounds><pose><translation>-3.3544085401268386, -0.6661093041889754, 2.623282663233505</translation><rotation><c1>1, 0, 0</c1><c2>0, 1, 0</c2><c3>0, 0, 1</c3></rotation></pose><symmetry><x>twoFold</x><y>cylindrical</y><z>twoFold</z></symmetry><detectionScore>-1.0</detectionScore></element><element><id>2</id><category>door</category><bounds><corner1>-0.13522866924269694, -0.5151575073000323, -0.1298138674072491</corner1><corner2>0.13522866924269694, 0.5151575073000323, 0.1298138674072491</corner2></bounds><pose><translation>-1.824628075989246, -0.13005807523141333, -2.515444631842971</translation><rotation><c1>1, 0, 0</c1><c2>0, 1, 0</c2><c3>0, 0, 1</c3></rotation></pose><symmetry><x>twoFold</x><y>cylindrical</y><z>twoFold</z></symmetry><detectionScore>-1.0</detectionScore></element><element><id>3</id><category>door</category><bounds><corner1>-0.6616221707706104, -0.7687649605857583, -0.2510264751842146</corner1><corner2>0.6616221707706104, 0.7687649605857583, 0.2510264751842146</corner2></bounds><pose><translation>-1.3815376339360848, -0.2184488182232097, -2.6514108382780686</translation><rotation><c1>1, 0, 0</c1><c2>0, 1, 0</c2><c3>0, 0, 1</c3></rotation></pose><symmetry><x>twoFold</x><y>cylindrical</y><z>twoFold</z></symmetry><detectionScore>-1.0</detectionScore></element><element><id>4</id><category>dressing_table</category><bounds><corner1>-1.3933086972775084, -0.88572029884418, -0.5094718303324464</corner1><corner2>1.3933086972775084, 0.88572029884418, 0.5094718303324464</corner2></bounds><pose><translation>-3.4422844524709086, -0.591109455140441, 2.668809430650543</translation><rotation><c1>1, 0, 0</c1><c2>0, 1, 0</c2><c3>0, 0, 1</c3></rotation></pose><symmetry><x>twoFold</x><y>cylindrical</y><z>twoFold</z></symmetry><detectionScore>-1.0</detectionScore></element><element><id>5</id><category>wall</category><bounds><corner1>-0.15628311780537074, -1.6547451535023094, -0.6246995789430452</corner1><corner2>0.15628311780537074, 1.6547451535023094, 0.6246995789430452</corner2></bounds><pose><translation>1.247953744565419, -0.0926111657560171, 2.640379164203004</translation><rotation><c1>1, 0, 0</c1><c2>0, 1, 0</c2><c3>0, 0, 1</c3></rotation></pose><symmetry><x>twoFold</x><y>cylindrical</y><z>twoFold</z></symmetry><detectionScore>-1.0</detectionScore></element><element><id>6</id><category>wall</category><bounds><corner1>-1.8342993103877334, -1.488330672667545, -2.85568651936768</corner1><corner2>1.8342993103877334, 1.488330672667545, 2.85568651936768</corner2></bounds><pose><translation>-4.194122330498721, -0.00412215327390299, 0.29128382663747787</translation><rotation><c1>1, 0, 0</c1><c2>0, 1, 0</c2><c3>0, 0, 1</c3></rotation></pose><symmetry><x>twoFold</x><y>cylindrical</y><z>twoFold</z></symmetry><detectionScore>-1.0</detectionScore></element><element><id>7</id><category>double_bed</category><bounds><corner1>-0.26829980619691685, -0.9285583148687319, -2.5123609926855535</corner1><corner2>0.26829980619691685, 0.9285583148687319, 2.5123609926855535</corner2></bounds><pose><translation>-2.1568810062292916, -1.0454479501495164, 0.2081707429608682</translation><rotation><c1>1, 0, 0</c1><c2>0, 1, 0</c2><c3>0, 0, 1</c3></rotation></pose><symmetry><x>twoFold</x><y>cylindrical</y><z>twoFold</z></symmetry><detectionScore>-1.0</detectionScore></element><element><id>8</id><category>curtain</category><bounds><corner1>-0.15545244612522824, -1.684855760463187, -0.6373845858881775</corner1><corner2>0.15545244612522824, 1.684855760463187, 0.6373845858881775</corner2></bounds><pose><translation>1.2487844162455615, -0.11824881678638345, 2.6276941572578716</translation><rotation><c1>1, 0, 0</c1><c2>0, 1, 0</c2><c3>0, 0, 1</c3></rotation></pose><symmetry><x>twoFold</x><y>cylindrical</y><z>twoFold</z></symmetry><detectionScore>-1.0</detectionScore></element><element><id>9</id><category>wall</category><bounds><corner1>-1.1255483277754033, -0.8646875256588534, -0.6128622172842328</corner1><corner2>1.1255483277754033, 0.8646875256588534, 0.6128622172842328</corner2></bounds><pose><translation>-1.391841153312541, -0.06039632412160035, -2.611016178527895</translation><rotation><c1>1, 0, 0</c1><c2>0, 1, 0</c2><c3>0, 0, 1</c3></rotation></pose><symmetry><x>twoFold</x><y>cylindrical</y><z>twoFold</z></symmetry><detectionScore>-1.0</detectionScore></element><element><id>10</id><category>wall</category><bounds><corner1>-0.09304755212724669, -0.7287413432519297, -0.09877187039973245</corner1><corner2>0.09304755212724669, 0.7287413432519297, 0.09877187039973245</corner2></bounds><pose><translation>-1.8234398766194952, 0.03209573402224099, -2.513930710915891</translation><rotation><c1>1, 0, 0</c1><c2>0, 1, 0</c2><c3>0, 0, 1</c3></rotation></pose><symmetry><x>twoFold</x><y>cylindrical</y><z>twoFold</z></symmetry><detectionScore>-1.0</detectionScore></element><element><id>11</id><category>desk</category><bounds><corner1>-1.1686106278353703, -0.5352659878858949, -0.7137647276017387</corner1><corner2>1.1686106278353703, 0.5352659878858949, 0.7137647276017387</corner2></bounds><pose><translation>-0.16495721234648789, -1.0840095553612055, 2.611980150494382</translation><rotation><c1>1, 0, 0</c1><c2>0, 1, 0</c2><c3>0, 0, 1</c3></rotation></pose><symmetry><x>twoFold</x><y>cylindrical</y><z>twoFold</z></symmetry><detectionScore>-1.0</detectionScore></element><element><id>12</id><category>office_chair</category><bounds><corner1>-0.46914898240399144, -0.6316373744178162, -1.1842947266560895</corner1><corner2>0.46914898240399144, 0.6316373744178162, 1.1842947266560895</corner2></bounds><pose><translation>-0.5295838985680376, -1.2187099475537921, 2.1190471171571543</translation><rotation><c1>1, 0, 0</c1><c2>0, 1, 0</c2><c3>0, 0, 1</c3></rotation></pose><symmetry><x>twoFold</x><y>cylindrical</y><z>twoFold</z></symmetry><detectionScore>-1.0</detectionScore></element><element><id>13</id><category>chandelier</category><bounds><corner1>-0.48550637365676375, -0.08663555992996397, -0.38460246409085164</corner1><corner2>0.48550637365676375, 0.08663555992996397, 0.38460246409085164</corner2></bounds><pose><translation>-2.1137460951727673, 1.4872875501989653, -2.2696423966567467</translation><rotation><c1>1, 0, 0</c1><c2>0, 1, 0</c2><c3>0, 0, 1</c3></rotation></pose><symmetry><x>twoFold</x><y>cylindrical</y><z>twoFold</z></symmetry><detectionScore>-1.0</detectionScore></element></elements></scene>