<?xml version='1.0' encoding='utf-8'?>
<scene xmlns:sumo="https://www.sumochallenge.org"><version>2.0</version><categories><id>fb_categories_v1.0</id><url>https://sumochallenge.org/en/categories-1_0.json</url></categories><project_type>bounding_box</project_type><elements><element><id>2</id><category>window</category><bounds><corner1>-1.4242736 , -1.17809075, -0.06297526</corner1><corner2>1.4242736 , 1.17809075, 0.06297526</corner2></bounds><pose><translation>-0.80890322, -0.12061774, -3.51191891</translation><rotation><c1>1., 0., 0.</c1><c2>0., 1., 0.</c2><c3>0., 0., 1.</c3></rotation></pose><symmetry><x>none</x><y>twoFold</y><z>none</z></symmetry><detectionScore>0.5094721</detectionScore></element><element><id>1</id><category>wall</category><bounds><corner1>-1.92373999, -1.29245231, -0.20538725</corner1><corner2>1.92373999, 1.29245231, 0.20538725</corner2></bounds><pose><translation>-1.34370421, -0.1282367 ,  6.71271546</translation><rotation><c1>1., 0., 0.</c1><c2>0., 1., 0.</c2><c3>0., 0., 1.</c3></rotation></pose><symmetry><x>none</x><y>twoFold</y><z>none</z></symmetry><detectionScore>0.9727869</detectionScore></element></elements></scene>