<?xml version='1.0' encoding='utf-8'?>
<scene xmlns:sumo="https://www.sumochallenge.org"><version>2.0</version><categories><id>fb_categories_v1.0</id><url>https://sumochallenge.org/en/categories-1_0.json</url></categories><project_type>bounding_box</project_type><elements><element><id>25</id><category>kitchen_cabinet</category><bounds><corner1> 3.26431755, -0.75018303, -3.98397368</corner1><corner2> 5.79094925e+00,  5.55513655e-03, -2.22726195e+00</corner2></bounds><pose><translation>0., 0., 0.</translation><rotation><c1>1., 0., 0.</c1><c2>0., 1., 0.</c2><c3>0., 0., 1.</c3></rotation></pose><symmetry><x>none</x><y>none</y><z>none</z></symmetry><detectionScore>-1</detectionScore></element><element><id>24</id><category>wall</category><bounds><corner1>-6.49949134, -1.40378269, -7.75744177</corner1><corner2>-0.81024418,  1.18320231, -3.69606934</corner2></bounds><pose><translation>0., 0., 0.</translation><rotation><c1>1., 0., 0.</c1><c2>0., 1., 0.</c2><c3>0., 0., 1.</c3></rotation></pose><symmetry><x>none</x><y>none</y><z>none</z></symmetry><detectionScore>-1</detectionScore></element><element><id>19</id><category>window</category><bounds><corner1> 3.22415522, -0.73228046, -4.61862956</corner1><corner2> 6.41499065,  0.5432762 , -1.77610685</corner2></bounds><pose><translation>0., 0., 0.</translation><rotation><c1>1., 0., 0.</c1><c2>0., 1., 0.</c2><c3>0., 0., 1.</c3></rotation></pose><symmetry><x>none</x><y>none</y><z>none</z></symmetry><detectionScore>-1</detectionScore></element><element><id>17</id><category>door</category><bounds><corner1> 2.96627674, -0.7489241 , -5.21473244</corner1><corner2> 6.44038176,  0.61071723, -2.30868513</corner2></bounds><pose><translation>0., 0., 0.</translation><rotation><c1>1., 0., 0.</c1><c2>0., 1., 0.</c2><c3>0., 0., 1.</c3></rotation></pose><symmetry><x>none</x><y>none</y><z>none</z></symmetry><detectionScore>-1</detectionScore></element><element><id>12</id><category>wall</category><bounds><corner1>-0.07115039, -1.23760358,  3.54606904</corner1><corner2>3.29115783, 1.08615083, 7.31214716</corner2></bounds><pose><translation>0., 0., 0.</translation><rotation><c1>1., 0., 0.</c1><c2>0., 1., 0.</c2><c3>0., 0., 1.</c3></rotation></pose><symmetry><x>none</x><y>none</y><z>none</z></symmetry><detectionScore>-1</detectionScore></element><element><id>36</id><category>wall</category><bounds><corner1>-7.40757005, -1.34651537, -6.86315487</corner1><corner2>-2.91116052,  1.18292595, -2.82942812</corner2></bounds><pose><translation>0., 0., 0.</translation><rotation><c1>1., 0., 0.</c1><c2>0., 1., 0.</c2><c3>0., 0., 1.</c3></rotation></pose><symmetry><x>none</x><y>none</y><z>none</z></symmetry><detectionScore>-1</detectionScore></element><element><id>56</id><category>fireplace</category><bounds><corner1>-0.52709326, -1.46490275,  3.42271249</corner1><corner2> 0.83935054, -0.5908456 ,  4.00786412</corner2></bounds><pose><translation>0., 0., 0.</translation><rotation><c1>1., 0., 0.</c1><c2>0., 1., 0.</c2><c3>0., 0., 1.</c3></rotation></pose><symmetry><x>none</x><y>none</y><z>none</z></symmetry><detectionScore>-1</detectionScore></element><element><id>44</id><category>plant</category><bounds><corner1>-4.60144261, -1.46203337, -7.76527502</corner1><corner2>-2.08109021,  0.26087262, -3.70305187</corner2></bounds><pose><translation>0., 0., 0.</translation><rotation><c1>1., 0., 0.</c1><c2>0., 1., 0.</c2><c3>0., 0., 1.</c3></rotation></pose><symmetry><x>none</x><y>none</y><z>none</z></symmetry><detectionScore>-1</detectionScore></element><element><id>7</id><category>window</category><bounds><corner1> 3.02212404, -0.53288737, -7.69975903</corner1><corner2> 5.59250315,  1.18861052, -4.94374117</corner2></bounds><pose><translation>0., 0., 0.</translation><rotation><c1>1., 0., 0.</c1><c2>0., 1., 0.</c2><c3>0., 0., 1.</c3></rotation></pose><symmetry><x>none</x><y>none</y><z>none</z></symmetry><detectionScore>-1</detectionScore></element><element><id>45</id><category>wall</category><bounds><corner1> 2.47424981, -0.58016265, -7.68372697</corner1><corner2> 5.62477717,  1.18337855, -3.68731417</corner2></bounds><pose><translation>0., 0., 0.</translation><rotation><c1>1., 0., 0.</c1><c2>0., 1., 0.</c2><c3>0., 0., 1.</c3></rotation></pose><symmetry><x>none</x><y>none</y><z>none</z></symmetry><detectionScore>-1</detectionScore></element><element><id>10</id><category>kitchen_cabinet</category><bounds><corner1> 1.99407923, -1.44707488, -5.73064102</corner1><corner2> 3.04528463, -0.41137379, -2.60602331</corner2></bounds><pose><translation>0., 0., 0.</translation><rotation><c1>1., 0., 0.</c1><c2>0., 1., 0.</c2><c3>0., 0., 1.</c3></rotation></pose><symmetry><x>none</x><y>none</y><z>none</z></symmetry><detectionScore>-1</detectionScore></element><element><id>43</id><category>picture_frame</category><bounds><corner1> 3.13202611, -1.36746561,  0.28369038</corner1><corner2>3.3350934 , 1.11739265, 1.18742524</corner2></bounds><pose><translation>0., 0., 0.</translation><rotation><c1>1., 0., 0.</c1><c2>0., 1., 0.</c2><c3>0., 0., 1.</c3></rotation></pose><symmetry><x>none</x><y>none</y><z>none</z></symmetry><detectionScore>-1</detectionScore></element><element><id>26</id><category>wall</category><bounds><corner1>-7.4129068 , -1.42346659, -6.60140414</corner1><corner2>-1.05299428,  1.18500193, -0.00337206</corner2></bounds><pose><translation>0., 0., 0.</translation><rotation><c1>1., 0., 0.</c1><c2>0., 1., 0.</c2><c3>0., 0., 1.</c3></rotation></pose><symmetry><x>none</x><y>none</y><z>none</z></symmetry><detectionScore>-1</detectionScore></element><element><id>41</id><category>window</category><bounds><corner1>-4.32960132, -0.47246919, -7.7698699 </corner1><corner2>-3.07992654,  0.56881537, -5.82140051</corner2></bounds><pose><translation>0., 0., 0.</translation><rotation><c1>1., 0., 0.</c1><c2>0., 1., 0.</c2><c3>0., 0., 1.</c3></rotation></pose><symmetry><x>none</x><y>none</y><z>none</z></symmetry><detectionScore>-1</detectionScore></element><element><id>2</id><category>window</category><bounds><corner1>-1.18104347, -1.45226862,  1.35998719</corner1><corner2>-0.76042015,  1.19854772,  3.30897404</corner2></bounds><pose><translation>0., 0., 0.</translation><rotation><c1>1., 0., 0.</c1><c2>0., 1., 0.</c2><c3>0., 0., 1.</c3></rotation></pose><symmetry><x>none</x><y>none</y><z>none</z></symmetry><detectionScore>-1</detectionScore></element><element><id>55</id><category>chair</category><bounds><corner1>-7.19125689, -1.47641063, -4.36649909</corner1><corner2>-2.89380111, -1.0623738 , -1.00835537</corner2></bounds><pose><translation>0., 0., 0.</translation><rotation><c1>1., 0., 0.</c1><c2>0., 1., 0.</c2><c3>0., 0., 1.</c3></rotation></pose><symmetry><x>none</x><y>none</y><z>none</z></symmetry><detectionScore>-1</detectionScore></element><element><id>40</id><category>wall</category><bounds><corner1> 2.89698741, -0.98458093, -5.15511418</corner1><corner2> 6.39677171,  1.06767728, -1.41605266</corner2></bounds><pose><translation>0., 0., 0.</translation><rotation><c1>1., 0., 0.</c1><c2>0., 1., 0.</c2><c3>0., 0., 1.</c3></rotation></pose><symmetry><x>none</x><y>none</y><z>none</z></symmetry><detectionScore>-1</detectionScore></element><element><id>38</id><category>chandelier</category><bounds><corner1> 2.85507505,  0.40186677, -7.6527064 </corner1><corner2> 5.61445228,  1.20929601, -5.18239368</corner2></bounds><pose><translation>0., 0., 0.</translation><rotation><c1>1., 0., 0.</c1><c2>0., 1., 0.</c2><c3>0., 0., 1.</c3></rotation></pose><symmetry><x>none</x><y>none</y><z>none</z></symmetry><detectionScore>-1</detectionScore></element><element><id>48</id><category>door</category><bounds><corner1> 2.42918523, -0.80801019, -7.66618747</corner1><corner2> 5.62701675,  1.18874375, -2.95383398</corner2></bounds><pose><translation>0., 0., 0.</translation><rotation><c1>1., 0., 0.</c1><c2>0., 1., 0.</c2><c3>0., 0., 1.</c3></rotation></pose><symmetry><x>none</x><y>none</y><z>none</z></symmetry><detectionScore>-1</detectionScore></element><element><id>31</id><category>chair</category><bounds><corner1> 1.81940857, -1.474895  , -4.43558783</corner1><corner2> 3.04122378, -0.5645106 , -2.52498685</corner2></bounds><pose><translation>0., 0., 0.</translation><rotation><c1>1., 0., 0.</c1><c2>0., 1., 0.</c2><c3>0., 0., 1.</c3></rotation></pose><symmetry><x>none</x><y>none</y><z>none</z></symmetry><detectionScore>-1</detectionScore></element><element><id>54</id><category>curtain</category><bounds><corner1>-6.11376123, -0.82191582, -7.76667042</corner1><corner2>-2.22008825,  0.97229297, -5.07559962</corner2></bounds><pose><translation>0., 0., 0.</translation><rotation><c1>1., 0., 0.</c1><c2>0., 1., 0.</c2><c3>0., 0., 1.</c3></rotation></pose><symmetry><x>none</x><y>none</y><z>none</z></symmetry><detectionScore>-1</detectionScore></element><element><id>50</id><category>floor</category><bounds><corner1> 3.14681734, -1.47078882,  0.87323638</corner1><corner2> 8.45812602, -0.4293886 ,  4.43648928</corner2></bounds><pose><translation>0., 0., 0.</translation><rotation><c1>1., 0., 0.</c1><c2>0., 1., 0.</c2><c3>0., 0., 1.</c3></rotation></pose><symmetry><x>none</x><y>none</y><z>none</z></symmetry><detectionScore>-1</detectionScore></element><element><id>52</id><category>plant</category><bounds><corner1>-4.18357113, -0.87893265, -7.76182153</corner1><corner2>-2.21307399,  0.98974493, -4.10931801</corner2></bounds><pose><translation>0., 0., 0.</translation><rotation><c1>1., 0., 0.</c1><c2>0., 1., 0.</c2><c3>0., 0., 1.</c3></rotation></pose><symmetry><x>none</x><y>none</y><z>none</z></symmetry><detectionScore>-1</detectionScore></element><element><id>1</id><category>door</category><bounds><corner1> 0.84899908, -1.45942107, -1.04401051</corner1><corner2>3.34293012, 1.12611577, 0.15200693</corner2></bounds><pose><translation>0., 0., 0.</translation><rotation><c1>1., 0., 0.</c1><c2>0., 1., 0.</c2><c3>0., 0., 1.</c3></rotation></pose><symmetry><x>none</x><y>none</y><z>none</z></symmetry><detectionScore>-1</detectionScore></element><element><id>27</id><category>window</category><bounds><corner1>-1.18196548, -0.87188133, -0.09243711</corner1><corner2>-1.11198483,  1.03982405,  1.10616971</corner2></bounds><pose><translation>0., 0., 0.</translation><rotation><c1>1., 0., 0.</c1><c2>0., 1., 0.</c2><c3>0., 0., 1.</c3></rotation></pose><symmetry><x>none</x><y>none</y><z>none</z></symmetry><detectionScore>-1</detectionScore></element><element><id>57</id><category>plant</category><bounds><corner1>-4.48455768, -1.00931584, -7.76241727</corner1><corner2>-2.2129015 ,  0.74700839, -3.83075889</corner2></bounds><pose><translation>0., 0., 0.</translation><rotation><c1>1., 0., 0.</c1><c2>0., 1., 0.</c2><c3>0., 0., 1.</c3></rotation></pose><symmetry><x>none</x><y>none</y><z>none</z></symmetry><detectionScore>-1</detectionScore></element><element><id>46</id><category>wall</category><bounds><corner1> 1.81412219, -1.21601499, -7.6820886 </corner1><corner2> 5.089177  ,  1.19051313, -3.87129387</corner2></bounds><pose><translation>0., 0., 0.</translation><rotation><c1>1., 0., 0.</c1><c2>0., 1., 0.</c2><c3>0., 0., 1.</c3></rotation></pose><symmetry><x>none</x><y>none</y><z>none</z></symmetry><detectionScore>-1</detectionScore></element><element><id>51</id><category>plant</category><bounds><corner1>-4.32986481, -0.50199307, -7.7700067 </corner1><corner2>-3.07702505,  0.53849939, -5.82305079</corner2></bounds><pose><translation>0., 0., 0.</translation><rotation><c1>1., 0., 0.</c1><c2>0., 1., 0.</c2><c3>0., 0., 1.</c3></rotation></pose><symmetry><x>none</x><y>none</y><z>none</z></symmetry><detectionScore>-1</detectionScore></element><element><id>47</id><category>plant</category><bounds><corner1>-4.52894728, -0.82757488, -7.76833401</corner1><corner2>-2.20843505,  0.15540608, -3.87624337</corner2></bounds><pose><translation>0., 0., 0.</translation><rotation><c1>1., 0., 0.</c1><c2>0., 1., 0.</c2><c3>0., 0., 1.</c3></rotation></pose><symmetry><x>none</x><y>none</y><z>none</z></symmetry><detectionScore>-1</detectionScore></element><element><id>18</id><category>picture_frame</category><bounds><corner1>-0.71501866, -0.49831632,  3.71870062</corner1><corner2>0.9543384 , 0.93999028, 4.04518908</corner2></bounds><pose><translation>0., 0., 0.</translation><rotation><c1>1., 0., 0.</c1><c2>0., 1., 0.</c2><c3>0., 0., 1.</c3></rotation></pose><symmetry><x>none</x><y>none</y><z>none</z></symmetry><detectionScore>-1</detectionScore></element><element><id>21</id><category>wall</category><bounds><corner1> 2.8731332 , -1.41989765,  4.0075877 </corner1><corner2>3.34641618, 1.18467008, 7.28356466</corner2></bounds><pose><translation>0., 0., 0.</translation><rotation><c1>1., 0., 0.</c1><c2>0., 1., 0.</c2><c3>0., 0., 1.</c3></rotation></pose><symmetry><x>none</x><y>none</y><z>none</z></symmetry><detectionScore>-1</detectionScore></element><element><id>9</id><category>curtain</category><bounds><corner1> 3.12864422, -0.49959967, -7.69830983</corner1><corner2> 5.59607012,  1.19013798, -5.14566674</corner2></bounds><pose><translation>0., 0., 0.</translation><rotation><c1>1., 0., 0.</c1><c2>0., 1., 0.</c2><c3>0., 0., 1.</c3></rotation></pose><symmetry><x>none</x><y>none</y><z>none</z></symmetry><detectionScore>-1</detectionScore></element><element><id>32</id><category>dresser</category><bounds><corner1>-0.52336715, -1.46756716,  3.39210601</corner1><corner2> 0.83356093, -0.6340563 ,  3.99181182</corner2></bounds><pose><translation>0., 0., 0.</translation><rotation><c1>1., 0., 0.</c1><c2>0., 1., 0.</c2><c3>0., 0., 1.</c3></rotation></pose><symmetry><x>none</x><y>none</y><z>none</z></symmetry><detectionScore>-1</detectionScore></element><element><id>6</id><category>plant</category><bounds><corner1> 2.97117559, -1.46995833, -3.79624261</corner1><corner2> 5.77413035,  1.05340859, -0.93343367</corner2></bounds><pose><translation>0., 0., 0.</translation><rotation><c1>1., 0., 0.</c1><c2>0., 1., 0.</c2><c3>0., 0., 1.</c3></rotation></pose><symmetry><x>none</x><y>none</y><z>none</z></symmetry><detectionScore>-1</detectionScore></element><element><id>35</id><category>chandelier</category><bounds><corner1>-4.36887442,  0.20389655, -7.7465128 </corner1><corner2>-3.24254563,  1.20505691, -5.82239532</corner2></bounds><pose><translation>0., 0., 0.</translation><rotation><c1>1., 0., 0.</c1><c2>0., 1., 0.</c2><c3>0., 0., 1.</c3></rotation></pose><symmetry><x>none</x><y>none</y><z>none</z></symmetry><detectionScore>-1</detectionScore></element><element><id>8</id><category>window</category><bounds><corner1>-7.43749716, -0.77394662, -6.35009756</corner1><corner2>-6.75786414,  0.74174998, -3.76510885</corner2></bounds><pose><translation>0., 0., 0.</translation><rotation><c1>1., 0., 0.</c1><c2>0., 1., 0.</c2><c3>0., 0., 1.</c3></rotation></pose><symmetry><x>none</x><y>none</y><z>none</z></symmetry><detectionScore>-1</detectionScore></element><element><id>53</id><category>plant</category><bounds><corner1>-4.35531476, -1.12467129, -7.76232822</corner1><corner2>-2.20571063,  0.14320525, -3.93454285</corner2></bounds><pose><translation>0., 0., 0.</translation><rotation><c1>1., 0., 0.</c1><c2>0., 1., 0.</c2><c3>0., 0., 1.</c3></rotation></pose><symmetry><x>none</x><y>none</y><z>none</z></symmetry><detectionScore>-1</detectionScore></element><element><id>16</id><category>wall</category><bounds><corner1> 3.2458435 , -1.45582201,  2.37974073</corner1><corner2>4.10723431, 1.19756301, 2.97182148</corner2></bounds><pose><translation>0., 0., 0.</translation><rotation><c1>1., 0., 0.</c1><c2>0., 1., 0.</c2><c3>0., 0., 1.</c3></rotation></pose><symmetry><x>none</x><y>none</y><z>none</z></symmetry><detectionScore>-1</detectionScore></element><element><id>33</id><category>kitchen_cabinet</category><bounds><corner1> 2.86108391, -1.37891629, -4.54920567</corner1><corner2> 6.32591372, -0.35843894, -2.22330479</corner2></bounds><pose><translation>0., 0., 0.</translation><rotation><c1>1., 0., 0.</c1><c2>0., 1., 0.</c2><c3>0., 0., 1.</c3></rotation></pose><symmetry><x>none</x><y>none</y><z>none</z></symmetry><detectionScore>-1</detectionScore></element><element><id>22</id><category>shelving</category><bounds><corner1> 1.71245594, -1.47314173, -7.61173934</corner1><corner2> 5.53060307, -0.36362033, -2.58088471</corner2></bounds><pose><translation>0., 0., 0.</translation><rotation><c1>1., 0., 0.</c1><c2>0., 1., 0.</c2><c3>0., 0., 1.</c3></rotation></pose><symmetry><x>none</x><y>none</y><z>none</z></symmetry><detectionScore>-1</detectionScore></element><element><id>23</id><category>wall</category><bounds><corner1> 3.24013442, -1.46651221,  1.26531933</corner1><corner2>9.72954671, 1.19414033, 5.10511875</corner2></bounds><pose><translation>0., 0., 0.</translation><rotation><c1>1., 0., 0.</c1><c2>0., 1., 0.</c2><c3>0., 0., 1.</c3></rotation></pose><symmetry><x>none</x><y>none</y><z>none</z></symmetry><detectionScore>-1</detectionScore></element><element><id>11</id><category>door</category><bounds><corner1> 3.16681786, -1.46727601,  1.03827073</corner1><corner2>9.82522752, 1.05417865, 5.12262867</corner2></bounds><pose><translation>0., 0., 0.</translation><rotation><c1>1., 0., 0.</c1><c2>0., 1., 0.</c2><c3>0., 0., 1.</c3></rotation></pose><symmetry><x>none</x><y>none</y><z>none</z></symmetry><detectionScore>-1</detectionScore></element><element><id>20</id><category>ceiling</category><bounds><corner1>3.27328929, 0.49425442, 1.75152326</corner1><corner2>8.06827967, 1.20801898, 3.88449667</corner2></bounds><pose><translation>0., 0., 0.</translation><rotation><c1>1., 0., 0.</c1><c2>0., 1., 0.</c2><c3>0., 0., 1.</c3></rotation></pose><symmetry><x>none</x><y>none</y><z>none</z></symmetry><detectionScore>-1</detectionScore></element><element><id>14</id><category>kitchen_cabinet</category><bounds><corner1>-6.82142284, -1.45027612, -1.90339856</corner1><corner2>-1.0480204 ,  0.89952661, -0.04036528</corner2></bounds><pose><translation>0., 0., 0.</translation><rotation><c1>1., 0., 0.</c1><c2>0., 1., 0.</c2><c3>0., 0., 1.</c3></rotation></pose><symmetry><x>none</x><y>none</y><z>none</z></symmetry><detectionScore>-1</detectionScore></element><element><id>34</id><category>curtain</category><bounds><corner1> 0.84898808, -1.45071898, -1.08305035</corner1><corner2> 3.34000348,  1.19432064, -0.04774103</corner2></bounds><pose><translation>0., 0., 0.</translation><rotation><c1>1., 0., 0.</c1><c2>0., 1., 0.</c2><c3>0., 0., 1.</c3></rotation></pose><symmetry><x>none</x><y>none</y><z>none</z></symmetry><detectionScore>-1</detectionScore></element><element><id>39</id><category>floor_lamp</category><bounds><corner1>-5.99717935, -1.30412321, -7.7591723 </corner1><corner2>-2.19998397,  0.98107623, -2.93910904</corner2></bounds><pose><translation>0., 0., 0.</translation><rotation><c1>1., 0., 0.</c1><c2>0., 1., 0.</c2><c3>0., 0., 1.</c3></rotation></pose><symmetry><x>none</x><y>none</y><z>none</z></symmetry><detectionScore>-1</detectionScore></element><element><id>49</id><category>door</category><bounds><corner1> -1.07486156,  -1.45703767, -13.40690888</corner1><corner2> 2.58197565,  1.16737086, -5.26260046</corner2></bounds><pose><translation>0., 0., 0.</translation><rotation><c1>1., 0., 0.</c1><c2>0., 1., 0.</c2><c3>0., 0., 1.</c3></rotation></pose><symmetry><x>none</x><y>none</y><z>none</z></symmetry><detectionScore>-1</detectionScore></element><element><id>5</id><category>wall</category><bounds><corner1>-1.15225469, -1.42276032,  3.44401922</corner1><corner2>2.50917337, 1.18120946, 7.15588216</corner2></bounds><pose><translation>0., 0., 0.</translation><rotation><c1>1., 0., 0.</c1><c2>0., 1., 0.</c2><c3>0., 0., 1.</c3></rotation></pose><symmetry><x>none</x><y>none</y><z>none</z></symmetry><detectionScore>-1</detectionScore></element><element><id>37</id><category>window</category><bounds><corner1>-1.18112058, -1.45827184,  2.11002424</corner1><corner2>-0.86581473,  1.19111383,  3.8775395 </corner2></bounds><pose><translation>0., 0., 0.</translation><rotation><c1>1., 0., 0.</c1><c2>0., 1., 0.</c2><c3>0., 0., 1.</c3></rotation></pose><symmetry><x>none</x><y>none</y><z>none</z></symmetry><detectionScore>-1</detectionScore></element><element><id>29</id><category>desk</category><bounds><corner1> 1.99940176, -1.46796912, -7.52715308</corner1><corner2> 3.66202853, -0.38429274, -2.5880722 </corner2></bounds><pose><translation>0., 0., 0.</translation><rotation><c1>1., 0., 0.</c1><c2>0., 1., 0.</c2><c3>0., 0., 1.</c3></rotation></pose><symmetry><x>none</x><y>none</y><z>none</z></symmetry><detectionScore>-1</detectionScore></element><element><id>30</id><category>picture_frame</category><bounds><corner1> 3.15497365, -0.29746613,  3.837907  </corner1><corner2>3.29132077, 0.72718351, 4.72710437</corner2></bounds><pose><translation>0., 0., 0.</translation><rotation><c1>1., 0., 0.</c1><c2>0., 1., 0.</c2><c3>0., 0., 1.</c3></rotation></pose><symmetry><x>none</x><y>none</y><z>none</z></symmetry><detectionScore>-1</detectionScore></element><element><id>15</id><category>window</category><bounds><corner1>-6.15655989, -0.84218446, -7.76837527</corner1><corner2>-2.79599431,  0.76065511, -5.05717487</corner2></bounds><pose><translation>0., 0., 0.</translation><rotation><c1>1., 0., 0.</c1><c2>0., 1., 0.</c2><c3>0., 0., 1.</c3></rotation></pose><symmetry><x>none</x><y>none</y><z>none</z></symmetry><detectionScore>-1</detectionScore></element><element><id>4</id><category>door</category><bounds><corner1> 1.15604538, -1.4318595 ,  3.91720564</corner1><corner2>3.3391284 , 0.67239422, 7.31873406</corner2></bounds><pose><translation>0., 0., 0.</translation><rotation><c1>1., 0., 0.</c1><c2>0., 1., 0.</c2><c3>0., 0., 1.</c3></rotation></pose><symmetry><x>none</x><y>none</y><z>none</z></symmetry><detectionScore>-1</detectionScore></element><element><id>42</id><category>kitchen_cabinet</category><bounds><corner1> 3.24467825, -1.22034364, -4.01236822</corner1><corner2> 5.79704491,  0.32873794, -1.96087761</corner2></bounds><pose><translation>0., 0., 0.</translation><rotation><c1>1., 0., 0.</c1><c2>0., 1., 0.</c2><c3>0., 0., 1.</c3></rotation></pose><symmetry><x>none</x><y>none</y><z>none</z></symmetry><detectionScore>-1</detectionScore></element><element><id>28</id><category>wall</category><bounds><corner1> -2.576198  ,  -1.45226114, -13.35144634</corner1><corner2> 3.86120798,  1.18399726, -4.54781595</corner2></bounds><pose><translation>0., 0., 0.</translation><rotation><c1>1., 0., 0.</c1><c2>0., 1., 0.</c2><c3>0., 0., 1.</c3></rotation></pose><symmetry><x>none</x><y>none</y><z>none</z></symmetry><detectionScore>-1</detectionScore></element><element><id>3</id><category>wall</category><bounds><corner1> 0.84899518, -1.43439433, -1.5247508 </corner1><corner2> 3.91298014,  1.18883316, -0.11717912</corner2></bounds><pose><translation>0., 0., 0.</translation><rotation><c1>1., 0., 0.</c1><c2>0., 1., 0.</c2><c3>0., 0., 1.</c3></rotation></pose><symmetry><x>none</x><y>none</y><z>none</z></symmetry><detectionScore>-1</detectionScore></element><element><id>13</id><category>wall</category><bounds><corner1> 2.95585709, -1.44959659, -0.11478579</corner1><corner2>4.44721705, 1.18938996, 2.0496548 </corner2></bounds><pose><translation>0., 0., 0.</translation><rotation><c1>1., 0., 0.</c1><c2>0., 1., 0.</c2><c3>0., 0., 1.</c3></rotation></pose><symmetry><x>none</x><y>none</y><z>none</z></symmetry><detectionScore>-1</detectionScore></element></elements></scene>