<?xml version='1.0' encoding='utf-8'?>
<scene xmlns:sumo="https://www.sumochallenge.org"><version>2.0</version><categories><id>fb_categories_v1.0</id><url>https://sumochallenge.org/en/categories-1_0.json</url></categories><project_type>bounding_box</project_type><elements><element><id>4</id><category>window</category><bounds><corner1>-1.03018762, -0.65320442, -0.02797078</corner1><corner2>1.03018762, 0.65320442, 0.02797078</corner2></bounds><pose><translation>0.11226628, 0.06362036, 1.50705896</translation><rotation><c1>1., 0., 0.</c1><c2>0., 1., 0.</c2><c3>0., 0., 1.</c3></rotation></pose><symmetry><x>none</x><y>twoFold</y><z>none</z></symmetry><detectionScore>0.9922255</detectionScore></element><element><id>1</id><category>wall</category><bounds><corner1>-1.44024455, -1.2816673 , -0.68787106</corner1><corner2>1.44024455, 1.2816673 , 0.68787106</corner2></bounds><pose><translation>-0.70406197, -0.11124902, -4.30206739</translation><rotation><c1>1., 0., 0.</c1><c2>0., 1., 0.</c2><c3>0., 0., 1.</c3></rotation></pose><symmetry><x>none</x><y>twoFold</y><z>none</z></symmetry><detectionScore>0.9676454</detectionScore></element><element><id>5</id><category>window</category><bounds><corner1>-0.06900922, -0.66608129, -1.05158732</corner1><corner2>0.06900922, 0.66608129, 1.05158732</corner2></bounds><pose><translation>-1.68906046,  0.04814563,  0.04405795</translation><rotation><c1>1., 0., 0.</c1><c2>0., 1., 0.</c2><c3>0., 0., 1.</c3></rotation></pose><symmetry><x>none</x><y>twoFold</y><z>none</z></symmetry><detectionScore>0.9820641</detectionScore></element><element><id>11</id><category>window</category><bounds><corner1>-0.05777231, -0.65426276, -0.71816686</corner1><corner2>0.05777231, 0.65426276, 0.71816686</corner2></bounds><pose><translation> 3.41113153,  0.07652811, -2.34694135</translation><rotation><c1>1., 0., 0.</c1><c2>0., 1., 0.</c2><c3>0., 0., 1.</c3></rotation></pose><symmetry><x>none</x><y>twoFold</y><z>none</z></symmetry><detectionScore>0.99865806</detectionScore></element><element><id>3</id><category>window</category><bounds><corner1>-0.95692981, -0.68591795, -0.55499697</corner1><corner2>0.95692981, 0.68591795, 0.55499697</corner2></bounds><pose><translation>-0.52619479,  0.05926973, -4.49308014</translation><rotation><c1>1., 0., 0.</c1><c2>0., 1., 0.</c2><c3>0., 0., 1.</c3></rotation></pose><symmetry><x>none</x><y>twoFold</y><z>none</z></symmetry><detectionScore>0.9986547</detectionScore></element><element><id>2</id><category>coffee_table</category><bounds><corner1>-0.96760148, -0.08687801, -0.43819448</corner1><corner2>0.96760148, 0.08687801, 0.43819448</corner2></bounds><pose><translation> 0.71323366, -1.36224482, -3.11225201</translation><rotation><c1>1., 0., 0.</c1><c2>0., 1., 0.</c2><c3>0., 0., 1.</c3></rotation></pose><symmetry><x>none</x><y>twoFold</y><z>none</z></symmetry><detectionScore>0.72451395</detectionScore></element><element><id>7</id><category>wall</category><bounds><corner1>-0.12309957, -1.17441699, -1.08523122</corner1><corner2>0.12309957, 1.17441699, 1.08523122</corner2></bounds><pose><translation> 6.81309827, -0.08617883,  0.2847391 </translation><rotation><c1>1., 0., 0.</c1><c2>0., 1., 0.</c2><c3>0., 0., 1.</c3></rotation></pose><symmetry><x>none</x><y>twoFold</y><z>none</z></symmetry><detectionScore>0.84257126</detectionScore></element><element><id>9</id><category>shoes_cabinet</category><bounds><corner1>-0.43688449, -0.49388911, -0.36306745</corner1><corner2>0.43688449, 0.49388911, 0.36306745</corner2></bounds><pose><translation>-1.52323073, -1.23079205, -2.71221425</translation><rotation><c1>1., 0., 0.</c1><c2>0., 1., 0.</c2><c3>0., 0., 1.</c3></rotation></pose><symmetry><x>none</x><y>twoFold</y><z>none</z></symmetry><detectionScore>0.70451546</detectionScore></element><element><id>8</id><category>wall</category><bounds><corner1>-2.57737947, -1.40683112, -0.31989163</corner1><corner2>2.57737947, 1.40683112, 0.31989163</corner2></bounds><pose><translation> 4.0887208 , -0.21849164, -0.9720261 </translation><rotation><c1>1., 0., 0.</c1><c2>0., 1., 0.</c2><c3>0., 0., 1.</c3></rotation></pose><symmetry><x>none</x><y>twoFold</y><z>none</z></symmetry><detectionScore>0.9143606</detectionScore></element><element><id>6</id><category>window</category><bounds><corner1>-0.62699299, -0.67946846, -0.48302986</corner1><corner2>0.62699299, 0.67946846, 0.48302986</corner2></bounds><pose><translation> 2.21183809,  0.0577895 , -4.51561188</translation><rotation><c1>1., 0., 0.</c1><c2>0., 1., 0.</c2><c3>0., 0., 1.</c3></rotation></pose><symmetry><x>none</x><y>twoFold</y><z>none</z></symmetry><detectionScore>0.99579155</detectionScore></element></elements></scene>