<?xml version='1.0' encoding='utf-8'?>
<scene xmlns:sumo="https://www.sumochallenge.org"><version>2.0</version><categories><id>fb_categories_v1.0</id><url>https://sumochallenge.org/en/categories-1_0.json</url></categories><project_type>bounding_box</project_type><elements><element><id>5</id><category>wall</category><bounds><corner1>-0.48849524, -1.15917912, -2.29707484</corner1><corner2>0.48849524, 1.15917912, 2.29707484</corner2></bounds><pose><translation> 8.30430193, -0.03957572,  0.98628911</translation><rotation><c1>1., 0., 0.</c1><c2>0., 1., 0.</c2><c3>0., 0., 1.</c3></rotation></pose><symmetry><x>none</x><y>twoFold</y><z>none</z></symmetry><detectionScore>0.94880015</detectionScore></element><element><id>10</id><category>chandelier</category><bounds><corner1>-2.14904293, -0.02140548, -2.0180477 </corner1><corner2>2.14904293, 0.02140548, 2.0180477 </corner2></bounds><pose><translation>1.87100382, 1.18655038, 1.44246725</translation><rotation><c1>1., 0., 0.</c1><c2>0., 1., 0.</c2><c3>0., 0., 1.</c3></rotation></pose><symmetry><x>none</x><y>cylindrical</y><z>none</z></symmetry><detectionScore>0.83025503</detectionScore></element><element><id>11</id><category>door</category><bounds><corner1>-0.67225787, -1.21283321, -5.12781022</corner1><corner2>0.67225787, 1.21283321, 5.12781022</corner2></bounds><pose><translation>-1.1152123 , -0.5243571 ,  3.82896183</translation><rotation><c1>1., 0., 0.</c1><c2>0., 1., 0.</c2><c3>0., 0., 1.</c3></rotation></pose><symmetry><x>twoFold</x><y>twoFold</y><z>twoFold</z></symmetry><detectionScore>0.9938689</detectionScore></element><element><id>4</id><category>door</category><bounds><corner1>-3.46500673, -0.85611444, -4.45149237</corner1><corner2>3.46500673, 0.85611444, 4.45149237</corner2></bounds><pose><translation>-4.09621068, -0.17413133, -5.63247933</translation><rotation><c1>1., 0., 0.</c1><c2>0., 1., 0.</c2><c3>0., 0., 1.</c3></rotation></pose><symmetry><x>twoFold</x><y>twoFold</y><z>twoFold</z></symmetry><detectionScore>0.96930546</detectionScore></element><element><id>6</id><category>water_dispenser</category><bounds><corner1>-0.34993648, -0.70944588, -0.13399797</corner1><corner2>0.34993648, 0.70944588, 0.13399797</corner2></bounds><pose><translation> 1.89007167, -0.79196141, -1.01444586</translation><rotation><c1>1., 0., 0.</c1><c2>0., 1., 0.</c2><c3>0., 0., 1.</c3></rotation></pose><symmetry><x>none</x><y>fourFold</y><z>none</z></symmetry><detectionScore>0.99361694</detectionScore></element><element><id>3</id><category>trash_can</category><bounds><corner1>-0.27003905, -0.17622598, -0.10937229</corner1><corner2>0.27003905, 0.17622598, 0.10937229</corner2></bounds><pose><translation> 1.57197683, -1.37552244, -0.99731792</translation><rotation><c1>1., 0., 0.</c1><c2>0., 1., 0.</c2><c3>0., 0., 1.</c3></rotation></pose><symmetry><x>none</x><y>cylindrical</y><z>none</z></symmetry><detectionScore>0.6298128</detectionScore></element><element><id>12</id><category>kitchen_cabinet</category><bounds><corner1>-1.35295698, -0.54196621, -0.0709386 </corner1><corner2>1.35295698, 0.54196621, 0.0709386 </corner2></bounds><pose><translation> 2.267866  , -0.47455786, -0.73114836</translation><rotation><c1>1., 0., 0.</c1><c2>0., 1., 0.</c2><c3>0., 0., 1.</c3></rotation></pose><symmetry><x>none</x><y>none</y><z>none</z></symmetry><detectionScore>0.80217546</detectionScore></element><element><id>1</id><category>armchair</category><bounds><corner1>-2.03075126, -0.45232302, -0.55832821</corner1><corner2>2.03075126, 0.45232302, 0.55832821</corner2></bounds><pose><translation> 1.74006505, -0.97726586,  0.37498824</translation><rotation><c1>1., 0., 0.</c1><c2>0., 1., 0.</c2><c3>0., 0., 1.</c3></rotation></pose><symmetry><x>none</x><y>none</y><z>none</z></symmetry><detectionScore>0.9741562</detectionScore></element><element><id>13</id><category>wall</category><bounds><corner1>-1.62741007, -1.18496697, -2.55761958</corner1><corner2>1.62741007, 1.18496697, 2.55761958</corner2></bounds><pose><translation> 0.2350752 , -0.1149825 ,  3.76813308</translation><rotation><c1>1., 0., 0.</c1><c2>0., 1., 0.</c2><c3>0., 0., 1.</c3></rotation></pose><symmetry><x>none</x><y>twoFold</y><z>none</z></symmetry><detectionScore>0.5186044</detectionScore></element><element><id>9</id><category>refrigerator</category><bounds><corner1>-2.45861043, -0.82885172, -0.86207031</corner1><corner2>2.45861043, 0.82885172, 0.86207031</corner2></bounds><pose><translation> 4.16145628, -0.53648727,  3.22834257</translation><rotation><c1>1., 0., 0.</c1><c2>0., 1., 0.</c2><c3>0., 0., 1.</c3></rotation></pose><symmetry><x>none</x><y>none</y><z>twoFold</z></symmetry><detectionScore>0.97703993</detectionScore></element><element><id>8</id><category>vase</category><bounds><corner1>-1.86653414, -0.31804608, -2.62731746</corner1><corner2>1.86653414, 0.31804608, 2.62731746</corner2></bounds><pose><translation> 0.73426658, -0.5314874 ,  1.17399374</translation><rotation><c1>1., 0., 0.</c1><c2>0., 1., 0.</c2><c3>0., 0., 1.</c3></rotation></pose><symmetry><x>none</x><y>cylindrical</y><z>none</z></symmetry><detectionScore>0.997729</detectionScore></element><element><id>7</id><category>armchair</category><bounds><corner1>-0.42943121, -0.37862483, -2.18798724</corner1><corner2>0.42943121, 0.37862483, 2.18798724</corner2></bounds><pose><translation> 0.08596929, -1.00503889,  1.57904262</translation><rotation><c1>1., 0., 0.</c1><c2>0., 1., 0.</c2><c3>0., 0., 1.</c3></rotation></pose><symmetry><x>none</x><y>none</y><z>none</z></symmetry><detectionScore>0.9237095</detectionScore></element></elements></scene>