<?xml version='1.0' encoding='utf-8'?>
<scene xmlns:sumo="https://www.sumochallenge.org"><version>2.0</version><categories><id>fb_categories_v1_0</id><url>https://sumochallenge.org/en/categories-1_0.json</url></categories><project_type>bounding_box</project_type><elements><element><id>0</id><category>plant</category><bounds><corner1>-0.2870567683143761, -4.089688287056246, -0.42244839770492804</corner1><corner2>0.2870567683143761, 4.089688287056246, 0.42244839770492804</corner2></bounds><pose><translation>0.35848802567512106, 2.9775398720746393, -0.5971381163815317</translation><rotation><c1>0, 0, 0</c1><c2>0, 0, 0</c2><c3>0, 0, 0</c3></rotation></pose><symmetry><x>twoFold</x><y>cylindrical</y><z>twoFold</z></symmetry><detectionScore>-1.0</detectionScore></element><element><id>1</id><category>plant</category><bounds><corner1>-0.5975984088197348, -2.8352002558950353, -1.5034438770727907</corner1><corner2>0.5975984088197348, 2.8352002558950353, 1.5034438770727907</corner2></bounds><pose><translation>-0.380621350367632, 6.582546299954652, 0.23318874124589317</translation><rotation><c1>0, 0, 0</c1><c2>0, 0, 0</c2><c3>0, 0, 0</c3></rotation></pose><symmetry><x>twoFold</x><y>cylindrical</y><z>twoFold</z></symmetry><detectionScore>-1.0</detectionScore></element><element><id>2</id><category>wall</category><bounds><corner1>-0.36730200720154627, -3.2653497122262816, -0.5539975912324469</corner1><corner2>0.36730200720154627, 3.2653497122262816, 0.5539975912324469</corner2></bounds><pose><translation>0.29490206964280974, 1.6034717374991998, -0.00307358935676085</translation><rotation><c1>0, 0, 0</c1><c2>0, 0, 0</c2><c3>0, 0, 0</c3></rotation></pose><symmetry><x>twoFold</x><y>cylindrical</y><z>twoFold</z></symmetry><detectionScore>-1.0</detectionScore></element><element><id>3</id><category>door</category><bounds><corner1>-0.737991642564213, -2.5827598537469036, -1.0050951042263825</corner1><corner2>0.737991642564213, 2.5827598537469036, 1.0050951042263825</corner2></bounds><pose><translation>-0.4607506415036887, 8.479762484559274, -0.08586077099013696</translation><rotation><c1>0, 0, 0</c1><c2>0, 0, 0</c2><c3>0, 0, 0</c3></rotation></pose><symmetry><x>twoFold</x><y>cylindrical</y><z>twoFold</z></symmetry><detectionScore>-1.0</detectionScore></element><element><id>4</id><category>partition</category><bounds><corner1>-0.22837362417771256, -1.4285642833556973, -0.3672294745605654</corner1><corner2>0.22837362417771256, 1.4285642833556973, 0.3672294745605654</corner2></bounds><pose><translation>-6.465631191816787, -5.041532553646308, -0.9063807607252714</translation><rotation><c1>0, 0, 0</c1><c2>0, 0, 0</c2><c3>0, 0, 0</c3></rotation></pose><symmetry><x>twoFold</x><y>cylindrical</y><z>twoFold</z></symmetry><detectionScore>-1.0</detectionScore></element><element><id>5</id><category>rug</category><bounds><corner1>-0.7772613767257761, -0.9945169015637689, -0.05050752279945536</corner1><corner2>0.7772613767257761, 0.9945169015637689, 0.05050752279945536</corner2></bounds><pose><translation>-4.343713484049301, -0.7852824592340191, -1.4539665223733045</translation><rotation><c1>0, 0, 0</c1><c2>0, 0, 0</c2><c3>0, 0, 0</c3></rotation></pose><symmetry><x>twoFold</x><y>cylindrical</y><z>twoFold</z></symmetry><detectionScore>-1.0</detectionScore></element><element><id>6</id><category>plant</category><bounds><corner1>-0.4407405058947775, -5.937509537248349, -0.5754208565206632</corner1><corner2>0.4407405058947775, 5.937509537248349, 0.5754208565206632</corner2></bounds><pose><translation>0.1419765581086297, 3.266011190807905, -0.49175980358375615</translation><rotation><c1>0, 0, 0</c1><c2>0, 0, 0</c2><c3>0, 0, 0</c3></rotation></pose><symmetry><x>twoFold</x><y>cylindrical</y><z>twoFold</z></symmetry><detectionScore>-1.0</detectionScore></element><element><id>7</id><category>window</category><bounds><corner1>-0.08027071887101545, -0.6830142578076677, -0.3731018881053929</corner1><corner2>0.08027071887101545, 0.6830142578076677, 0.3731018881053929</corner2></bounds><pose><translation>1.4559950971430815, -3.07334618539123, 1.503123819085495</translation><rotation><c1>0, 0, 0</c1><c2>0, 0, 0</c2><c3>0, 0, 0</c3></rotation></pose><symmetry><x>twoFold</x><y>cylindrical</y><z>twoFold</z></symmetry><detectionScore>-1.0</detectionScore></element><element><id>8</id><category>television</category><bounds><corner1>-0.08280423392956293, -0.6535340450540641, -0.3276239694860321</corner1><corner2>0.08280423392956293, 0.6535340450540641, 0.3276239694860321</corner2></bounds><pose><translation>1.452925066854861, -3.054693121519213, 1.5531730349844473</translation><rotation><c1>0, 0, 0</c1><c2>0, 0, 0</c2><c3>0, 0, 0</c3></rotation></pose><symmetry><x>twoFold</x><y>cylindrical</y><z>twoFold</z></symmetry><detectionScore>-1.0</detectionScore></element><element><id>9</id><category>window</category><bounds><corner1>-1.9555979970380504, -0.16939554486199526, -1.3669654858268407</corner1><corner2>1.9555979970380504, 0.16939554486199526, 1.3669654858268407</corner2></bounds><pose><translation>-5.187628936366018, 8.548260608216754, 0.024543514616056708</translation><rotation><c1>0, 0, 0</c1><c2>0, 0, 0</c2><c3>0, 0, 0</c3></rotation></pose><symmetry><x>twoFold</x><y>cylindrical</y><z>twoFold</z></symmetry><detectionScore>-1.0</detectionScore></element><element><id>10</id><category>plant</category><bounds><corner1>-0.42916256243614026, -7.513140861273793, -1.8146758892706667</corner1><corner2>0.42916256243614026, 7.513140861273793, 1.8146758892706667</corner2></bounds><pose><translation>0.2228473178359757, 1.6863672867261519, -0.09271310435333105</translation><rotation><c1>0, 0, 0</c1><c2>0, 0, 0</c2><c3>0, 0, 0</c3></rotation></pose><symmetry><x>twoFold</x><y>cylindrical</y><z>twoFold</z></symmetry><detectionScore>-1.0</detectionScore></element><element><id>11</id><category>fence</category><bounds><corner1>-2.3288433451056756, -0.8624024528520806, -0.6940083977210362</corner1><corner2>2.3288433451056756, 0.8624024528520806, 0.6940083977210362</corner2></bounds><pose><translation>-2.040489385557559, 8.555344102997607, -0.18810295120108075</translation><rotation><c1>0, 0, 0</c1><c2>0, 0, 0</c2><c3>0, 0, 0</c3></rotation></pose><symmetry><x>twoFold</x><y>cylindrical</y><z>twoFold</z></symmetry><detectionScore>-1.0</detectionScore></element><element><id>12</id><category>sofa</category><bounds><corner1>-0.614683612379921, -0.7194718570565901, -0.5246226818376959</corner1><corner2>0.614683612379921, 0.7194718570565901, 0.5246226818376959</corner2></bounds><pose><translation>0.902303842288466, -2.5467957853431376, -1.060198722959441</translation><rotation><c1>0, 0, 0</c1><c2>0, 0, 0</c2><c3>0, 0, 0</c3></rotation></pose><symmetry><x>twoFold</x><y>cylindrical</y><z>twoFold</z></symmetry><detectionScore>-1.0</detectionScore></element><element><id>13</id><category>wall</category><bounds><corner1>-3.385249509423562, -7.970568468084142, -2.081253521159166</corner1><corner2>3.385249509423562, 7.970568468084142, 2.081253521159166</corner2></bounds><pose><translation>-9.788096554486575, -0.3471321135483044, -0.2704184277918741</translation><rotation><c1>0, 0, 0</c1><c2>0, 0, 0</c2><c3>0, 0, 0</c3></rotation></pose><symmetry><x>twoFold</x><y>cylindrical</y><z>twoFold</z></symmetry><detectionScore>-1.0</detectionScore></element><element><id>14</id><category>wall</category><bounds><corner1>-3.0144713016059783, -12.575087760921646, -1.2439253165688287</corner1><corner2>3.0144713016059783, 12.575087760921646, 1.2439253165688287</corner2></bounds><pose><translation>-2.762449042776312, -12.575087760921646, -0.061898741398726205</translation><rotation><c1>0, 0, 0</c1><c2>0, 0, 0</c2><c3>0, 0, 0</c3></rotation></pose><symmetry><x>twoFold</x><y>cylindrical</y><z>twoFold</z></symmetry><detectionScore>-1.0</detectionScore></element><element><id>15</id><category>plant</category><bounds><corner1>-0.786521937425913, -1.7707349992732988, -1.9653295990773232</corner1><corner2>0.786521937425913, 1.7707349992732988, 1.9653295990773232</corner2></bounds><pose><translation>0.6501028127002358, -4.372547336490983, -0.25786719870138447</translation><rotation><c1>0, 0, 0</c1><c2>0, 0, 0</c2><c3>0, 0, 0</c3></rotation></pose><symmetry><x>twoFold</x><y>cylindrical</y><z>twoFold</z></symmetry><detectionScore>-1.0</detectionScore></element><element><id>16</id><category>partition</category><bounds><corner1>-2.9532941149318033, -2.130117285734397, -1.5895085097474433</corner1><corner2>2.9532941149318033, 2.130117285734397, 1.5895085097474433</corner2></bounds><pose><translation>-6.482505950755, -0.8924513468610937, 0.3847749929178369</translation><rotation><c1>0, 0, 0</c1><c2>0, 0, 0</c2><c3>0, 0, 0</c3></rotation></pose><symmetry><x>twoFold</x><y>cylindrical</y><z>twoFold</z></symmetry><detectionScore>-1.0</detectionScore></element><element><id>17</id><category>armchair</category><bounds><corner1>-0.6042441796933408, -0.8198775550413047, -0.6050529371253572</corner1><corner2>0.6042441796933408, 0.8198775550413047, 0.6050529371253572</corner2></bounds><pose><translation>0.9155617216069748, -2.506808725975628, -1.0676418699925079</translation><rotation><c1>0, 0, 0</c1><c2>0, 0, 0</c2><c3>0, 0, 0</c3></rotation></pose><symmetry><x>twoFold</x><y>cylindrical</y><z>twoFold</z></symmetry><detectionScore>-1.0</detectionScore></element><element><id>18</id><category>window</category><bounds><corner1>-1.5210887761127632, -3.010062050032497, -1.7451103274345297</corner1><corner2>1.5210887761127632, 3.010062050032497, 1.7451103274345297</corner2></bounds><pose><translation>-6.48561693464107, -9.387550154086725, -0.4801332450775013</translation><rotation><c1>0, 0, 0</c1><c2>0, 0, 0</c2><c3>0, 0, 0</c3></rotation></pose><symmetry><x>twoFold</x><y>cylindrical</y><z>twoFold</z></symmetry><detectionScore>-1.0</detectionScore></element><element><id>19</id><category>plant</category><bounds><corner1>-0.7522999095099872, -1.7523085172311978, -2.047783426145002</corner1><corner2>0.7522999095099872, 1.7523085172311978, 2.047783426145002</corner2></bounds><pose><translation>0.7680160946702455, -3.474790015050486, -0.1907961644663439</translation><rotation><c1>0, 0, 0</c1><c2>0, 0, 0</c2><c3>0, 0, 0</c3></rotation></pose><symmetry><x>twoFold</x><y>cylindrical</y><z>twoFold</z></symmetry><detectionScore>-1.0</detectionScore></element><element><id>20</id><category>plant</category><bounds><corner1>-1.2746837584855788, -1.2558768882799356, -1.5582148206686008</corner1><corner2>1.2746837584855788, 1.2558768882799356, 1.5582148206686008</corner2></bounds><pose><translation>-5.92646667599001, -7.4550190340060025, -0.7373135955129811</translation><rotation><c1>0, 0, 0</c1><c2>0, 0, 0</c2><c3>0, 0, 0</c3></rotation></pose><symmetry><x>twoFold</x><y>cylindrical</y><z>twoFold</z></symmetry><detectionScore>-1.0</detectionScore></element><element><id>21</id><category>curtain</category><bounds><corner1>-0.08358310268501401, -0.6303846671374935, -0.2696871364971103</corner1><corner2>0.08358310268501401, 0.6303846671374935, 0.2696871364971103</corner2></bounds><pose><translation>1.4525359046596662, -3.004559156780093, 1.6157374869378325</translation><rotation><c1>0, 0, 0</c1><c2>0, 0, 0</c2><c3>0, 0, 0</c3></rotation></pose><symmetry><x>twoFold</x><y>cylindrical</y><z>twoFold</z></symmetry><detectionScore>-1.0</detectionScore></element><element><id>22</id><category>wall</category><bounds><corner1>-0.09283886379513273, -1.2107758448796062, -1.5957526288852086</corner1><corner2>0.09283886379513273, 1.2107758448796062, 1.5957526288852086</corner2></bounds><pose><translation>1.4043200877912185, -4.082714010925127, 0.1730386684951591</translation><rotation><c1>0, 0, 0</c1><c2>0, 0, 0</c2><c3>0, 0, 0</c3></rotation></pose><symmetry><x>twoFold</x><y>cylindrical</y><z>twoFold</z></symmetry><detectionScore>-1.0</detectionScore></element><element><id>23</id><category>plant</category><bounds><corner1>-0.9128134556091752, -4.663016775309494, -1.9975690517935962</corner1><corner2>0.9128134556091752, 4.663016775309494, 1.9975690517935962</corner2></bounds><pose><translation>-6.472802367261133, 3.8499963672825643, -0.3554043176179509</translation><rotation><c1>0, 0, 0</c1><c2>0, 0, 0</c2><c3>0, 0, 0</c3></rotation></pose><symmetry><x>twoFold</x><y>cylindrical</y><z>twoFold</z></symmetry><detectionScore>-1.0</detectionScore></element><element><id>24</id><category>chandelier</category><bounds><corner1>-0.919678402507255, -2.411720831030282, -0.08255971544396434</corner1><corner2>0.919678402507255, 2.411720831030282, 0.08255971544396434</corner2></bounds><pose><translation>-0.751412398958348, 6.284505402676404, 1.6850053151718982</translation><rotation><c1>0, 0, 0</c1><c2>0, 0, 0</c2><c3>0, 0, 0</c3></rotation></pose><symmetry><x>twoFold</x><y>cylindrical</y><z>twoFold</z></symmetry><detectionScore>-1.0</detectionScore></element><element><id>25</id><category>partition</category><bounds><corner1>-0.22118181044119734, -0.45615889286410427, -0.41291621016551416</corner1><corner2>0.22118181044119734, 0.45615889286410427, 0.41291621016551416</corner2></bounds><pose><translation>-6.462570961156801, -4.276604940133634, -0.9536889906263681</translation><rotation><c1>0, 0, 0</c1><c2>0, 0, 0</c2><c3>0, 0, 0</c3></rotation></pose><symmetry><x>twoFold</x><y>cylindrical</y><z>twoFold</z></symmetry><detectionScore>-1.0</detectionScore></element><element><id>26</id><category>ceiling_fan</category><bounds><corner1>-0.9139176871608883, -2.4276120549442064, -0.0850765226833281</corner1><corner2>0.9139176871608883, 2.4276120549442064, 0.0850765226833281</corner2></bounds><pose><translation>-0.7503497024111294, 6.2654063160203135, 1.6791759124961685</translation><rotation><c1>0, 0, 0</c1><c2>0, 0, 0</c2><c3>0, 0, 0</c3></rotation></pose><symmetry><x>twoFold</x><y>cylindrical</y><z>twoFold</z></symmetry><detectionScore>-1.0</detectionScore></element><element><id>27</id><category>window</category><bounds><corner1>-2.4978412873320073, -1.2451106447386913, -1.3875919338491747</corner1><corner2>2.4978412873320073, 1.2451106447386913, 1.3875919338491747</corner2></bounds><pose><translation>-5.9755578149373525, -12.580236889024976, 0.0859804237003733</translation><rotation><c1>0, 0, 0</c1><c2>0, 0, 0</c2><c3>0, 0, 0</c3></rotation></pose><symmetry><x>twoFold</x><y>cylindrical</y><z>twoFold</z></symmetry><detectionScore>-1.0</detectionScore></element><element><id>28</id><category>wall</category><bounds><corner1>-3.733627959988067, -0.7032591780891231, -1.4727959496903837</corner1><corner2>3.733627959988067, 0.7032591780891231, 1.4727959496903837</corner2></bounds><pose><translation>-3.384264984054789, 8.518362130497852, 0.0</translation><rotation><c1>0, 0, 0</c1><c2>0, 0, 0</c2><c3>0, 0, 0</c3></rotation></pose><symmetry><x>twoFold</x><y>cylindrical</y><z>twoFold</z></symmetry><detectionScore>-1.0</detectionScore></element></elements></scene>