<?xml version='1.0' encoding='utf-8'?>
<scene xmlns:sumo="https://www.sumochallenge.org"><version>2.0</version><categories><id>fb_categories_v1_0</id><url>https://sumochallenge.org/en/categories-1_0.json</url></categories><project_type>bounding_box</project_type><elements><element><id>0</id><category>shelving</category><bounds><corner1>-0.30562789196045026, -0.4451220450130148, -0.8028848290327772</corner1><corner2>0.30562789196045026, 0.4451220450130148, 0.8028848290327772</corner2></bounds><pose><translation>2.583232199597674, 0.5703430718739108, 3.7132049218818137</translation><rotation><c1>1, 0, 0</c1><c2>0, 1, 0</c2><c3>0, 0, 1</c3></rotation></pose><symmetry><x>twoFold</x><y>cylindrical</y><z>twoFold</z></symmetry><detectionScore>-1.0</detectionScore></element><element><id>1</id><category>door</category><bounds><corner1>-0.6747488692156363, -1.3452823675481516, -0.1299081151485333</corner1><corner2>0.6747488692156363, 1.3452823675481516, 0.1299081151485333</corner2></bounds><pose><translation>-1.6665123541200808, -0.4444936321741641, -2.66333919796386</translation><rotation><c1>1, 0, 0</c1><c2>0, 1, 0</c2><c3>0, 0, 1</c3></rotation></pose><symmetry><x>twoFold</x><y>cylindrical</y><z>twoFold</z></symmetry><detectionScore>-1.0</detectionScore></element><element><id>2</id><category>shelving</category><bounds><corner1>-0.8609612863158591, -1.4090311453102289, -1.1758814625483125</corner1><corner2>0.8609612863158591, 1.4090311453102289, 1.1758814625483125</corner2></bounds><pose><translation>-2.3909728572866285, -0.45952522791223493, 3.3658571697316337</translation><rotation><c1>1, 0, 0</c1><c2>0, 1, 0</c2><c3>0, 0, 1</c3></rotation></pose><symmetry><x>twoFold</x><y>cylindrical</y><z>twoFold</z></symmetry><detectionScore>-1.0</detectionScore></element><element><id>3</id><category>window</category><bounds><corner1>-0.09877137708322525, -1.5450108173296035, -1.5872072885077324</corner1><corner2>0.09877137708322525, 1.5450108173296035, 1.5872072885077324</corner2></bounds><pose><translation>2.9932356245008602, -0.1676671524262039, -0.4315040031619659</translation><rotation><c1>1, 0, 0</c1><c2>0, 1, 0</c2><c3>0, 0, 1</c3></rotation></pose><symmetry><x>twoFold</x><y>cylindrical</y><z>twoFold</z></symmetry><detectionScore>-1.0</detectionScore></element><element><id>4</id><category>wall</category><bounds><corner1>-2.767505903081552, -1.4907899093471824, -0.13725930457369362</corner1><corner2>2.767505903081552, 1.4907899093471824, 0.13725930457369362</corner2></bounds><pose><translation>0.11881456026268918, -0.11784923678687671, 4.45600428207179</translation><rotation><c1>1, 0, 0</c1><c2>0, 1, 0</c2><c3>0, 0, 1</c3></rotation></pose><symmetry><x>twoFold</x><y>cylindrical</y><z>twoFold</z></symmetry><detectionScore>-1.0</detectionScore></element><element><id>5</id><category>fireplace</category><bounds><corner1>-0.9214811550230453, -0.7360224425244767, -0.2589120039070689</corner1><corner2>0.9214811550230453, 0.7360224425244767, 0.2589120039070689</corner2></bounds><pose><translation>1.820801919352027, -1.158369284032377, -2.6909157878391126</translation><rotation><c1>1, 0, 0</c1><c2>0, 1, 0</c2><c3>0, 0, 1</c3></rotation></pose><symmetry><x>twoFold</x><y>cylindrical</y><z>twoFold</z></symmetry><detectionScore>-1.0</detectionScore></element><element><id>6</id><category>hanging_kitchen_cabinet</category><bounds><corner1>-0.30898370342120796, -0.43474669122190546, -0.7979569366129868</corner1><corner2>0.30898370342120796, 0.43474669122190546, 0.7979569366129868</corner2></bounds><pose><translation>2.5798763881369164, 0.5639548795520957, 3.718132814301604</translation><rotation><c1>1, 0, 0</c1><c2>0, 1, 0</c2><c3>0, 0, 1</c3></rotation></pose><symmetry><x>twoFold</x><y>cylindrical</y><z>twoFold</z></symmetry><detectionScore>-1.0</detectionScore></element><element><id>7</id><category>television</category><bounds><corner1>-0.34014272554342107, -0.4367330901078794, -0.5440602585747865</corner1><corner2>0.34014272554342107, 0.4367330901078794, 0.5440602585747865</corner2></bounds><pose><translation>2.5487173660147033, 0.5787320267790461, 3.9734614180948657</translation><rotation><c1>1, 0, 0</c1><c2>0, 1, 0</c2><c3>0, 0, 1</c3></rotation></pose><symmetry><x>twoFold</x><y>cylindrical</y><z>twoFold</z></symmetry><detectionScore>-1.0</detectionScore></element><element><id>8</id><category>television</category><bounds><corner1>-0.7492808417304777, -0.4699919268215288, -0.25137832826546047</corner1><corner2>0.7492808417304777, 0.4699919268215288, 0.25137832826546047</corner2></bounds><pose><translation>1.7921127691082128, 0.2299051577767572, -2.908229969987469</translation><rotation><c1>1, 0, 0</c1><c2>0, 1, 0</c2><c3>0, 0, 1</c3></rotation></pose><symmetry><x>twoFold</x><y>cylindrical</y><z>twoFold</z></symmetry><detectionScore>-1.0</detectionScore></element><element><id>9</id><category>wall</category><bounds><corner1>-2.5297347004067077, -1.5611615255388025, -0.19185394088602203</corner1><corner2>2.5297347004067077, 1.5611615255388025, 0.19185394088602203</corner2></bounds><pose><translation>0.08602261730471403, -0.12788014206768408, -2.6806634879820597</translation><rotation><c1>1, 0, 0</c1><c2>0, 1, 0</c2><c3>0, 0, 1</c3></rotation></pose><symmetry><x>twoFold</x><y>cylindrical</y><z>twoFold</z></symmetry><detectionScore>-1.0</detectionScore></element><element><id>10</id><category>books</category><bounds><corner1>-0.31091079000481425, -0.41252626134486214, -0.8014242002027938</corner1><corner2>0.31091079000481425, 0.41252626134486214, 0.8014242002027938</corner2></bounds><pose><translation>2.57794930155331, 0.5631179359744616, 3.707617614347803</translation><rotation><c1>1, 0, 0</c1><c2>0, 1, 0</c2><c3>0, 0, 1</c3></rotation></pose><symmetry><x>twoFold</x><y>cylindrical</y><z>twoFold</z></symmetry><detectionScore>-1.0</detectionScore></element><element><id>11</id><category>wall</category><bounds><corner1>-0.8533914335990591, -1.3389474226122557, -0.12356650633334754</corner1><corner2>0.8533914335990591, 1.3389474226122557, 0.12356650633334754</corner2></bounds><pose><translation>-1.5110408179878474, -0.10655958881625226, -2.6624515260749138</translation><rotation><c1>1, 0, 0</c1><c2>0, 1, 0</c2><c3>0, 0, 1</c3></rotation></pose><symmetry><x>twoFold</x><y>cylindrical</y><z>twoFold</z></symmetry><detectionScore>-1.0</detectionScore></element><element><id>12</id><category>armchair</category><bounds><corner1>-0.6022453398813628, -0.4569335695020531, -1.1657191846716675</corner1><corner2>0.6022453398813628, 0.4569335695020531, 1.1657191846716675</corner2></bounds><pose><translation>-1.475654724818072, -1.176626273390448, 3.3979968289747946</translation><rotation><c1>1, 0, 0</c1><c2>0, 1, 0</c2><c3>0, 0, 1</c3></rotation></pose><symmetry><x>twoFold</x><y>cylindrical</y><z>twoFold</z></symmetry><detectionScore>-1.0</detectionScore></element><element><id>13</id><category>door</category><bounds><corner1>-0.4381698999751018, -1.6317189343483331, -0.7191717049879577</corner1><corner2>0.4381698999751018, 1.6317189343483331, 0.7191717049879577</corner2></bounds><pose><translation>-2.8404440589837896, -0.15451084238905358, 0.34467608932393834</translation><rotation><c1>1, 0, 0</c1><c2>0, 1, 0</c2><c3>0, 0, 1</c3></rotation></pose><symmetry><x>twoFold</x><y>cylindrical</y><z>twoFold</z></symmetry><detectionScore>-1.0</detectionScore></element><element><id>14</id><category>kitchen_cabinet</category><bounds><corner1>-0.3635207403344589, -1.6832092087043666, -0.6894706323889042</corner1><corner2>0.3635207403344589, 1.6832092087043666, 0.6894706323889042</corner2></bounds><pose><translation>-2.8476421621605423, -0.23198678919388402, 0.33101304101070245</translation><rotation><c1>1, 0, 0</c1><c2>0, 1, 0</c2><c3>0, 0, 1</c3></rotation></pose><symmetry><x>twoFold</x><y>cylindrical</y><z>twoFold</z></symmetry><detectionScore>-1.0</detectionScore></element><element><id>15</id><category>plant</category><bounds><corner1>-0.3160530450180623, -0.5716316541838736, -0.6532132030052986</corner1><corner2>0.3160530450180623, 0.5716316541838736, 0.6532132030052986</corner2></bounds><pose><translation>2.6578231524185343, -1.4323368140195065, -2.0240041518746734</translation><rotation><c1>1, 0, 0</c1><c2>0, 1, 0</c2><c3>0, 0, 1</c3></rotation></pose><symmetry><x>twoFold</x><y>cylindrical</y><z>twoFold</z></symmetry><detectionScore>-1.0</detectionScore></element><element><id>16</id><category>plant</category><bounds><corner1>-0.3334557342901405, -0.4601437314827216, -0.7662203360775437</corner1><corner2>0.3334557342901405, 0.4601437314827216, 0.7662203360775437</corner2></bounds><pose><translation>2.7135184062290083, -1.4104145493898603, 1.7225067713339874</translation><rotation><c1>1, 0, 0</c1><c2>0, 1, 0</c2><c3>0, 0, 1</c3></rotation></pose><symmetry><x>twoFold</x><y>cylindrical</y><z>twoFold</z></symmetry><detectionScore>-1.0</detectionScore></element><element><id>17</id><category>books</category><bounds><corner1>-0.29236941264120464, -0.43420883782429254, -0.7960124237290249</corner1><corner2>0.29236941264120464, 0.43420883782429254, 0.7960124237290249</corner2></bounds><pose><translation>2.6203827690859223, 0.6307533727583585, 3.373717140020583</translation><rotation><c1>1, 0, 0</c1><c2>0, 1, 0</c2><c3>0, 0, 1</c3></rotation></pose><symmetry><x>twoFold</x><y>cylindrical</y><z>twoFold</z></symmetry><detectionScore>-1.0</detectionScore></element><element><id>18</id><category>loudspeaker</category><bounds><corner1>-0.48646741753197054, -0.7633332561887388, -0.1595884350114929</corner1><corner2>0.48646741753197054, 0.7633332561887388, 0.1595884350114929</corner2></bounds><pose><translation>0.9671166570966305, -1.0019501631478027, -2.662692382801008</translation><rotation><c1>1, 0, 0</c1><c2>0, 1, 0</c2><c3>0, 0, 1</c3></rotation></pose><symmetry><x>twoFold</x><y>cylindrical</y><z>twoFold</z></symmetry><detectionScore>-1.0</detectionScore></element><element><id>19</id><category>desk</category><bounds><corner1>-1.015561345254313, -0.8219053443323712, -1.323881301891607</corner1><corner2>1.015561345254313, 0.8219053443323712, 1.323881301891607</corner2></bounds><pose><translation>-2.2960724516396933, -1.1650124962411728, 3.2201428435847603</translation><rotation><c1>1, 0, 0</c1><c2>0, 1, 0</c2><c3>0, 0, 1</c3></rotation></pose><symmetry><x>twoFold</x><y>cylindrical</y><z>twoFold</z></symmetry><detectionScore>-1.0</detectionScore></element></elements></scene>