<?xml version='1.0' encoding='utf-8'?>
<scene xmlns:sumo="https://www.sumochallenge.org"><version>2.0</version><categories><id>fb_categories_v1.0</id><url>https://sumochallenge.org/en/categories-1_0.json</url></categories><project_type>bounding_box</project_type><elements><element><id>2</id><category>ceiling_fan</category><bounds><corner1>-0.76284939, -0.02277189, -0.75653561</corner1><corner2>0.76284939, 0.02277189, 0.75653561</corner2></bounds><pose><translation>-1.98988249,  1.29025192,  0.47555104</translation><rotation><c1>1., 0., 0.</c1><c2>0., 1., 0.</c2><c3>0., 0., 1.</c3></rotation></pose><symmetry><x>none</x><y>cylindrical</y><z>none</z></symmetry><detectionScore>0.77862984</detectionScore></element><element><id>6</id><category>wall</category><bounds><corner1>-1.31815179, -1.18014071, -2.32532241</corner1><corner2>1.31815179, 1.18014071, 2.32532241</corner2></bounds><pose><translation>-3.74912243,  0.01819294,  0.27921855</translation><rotation><c1>1., 0., 0.</c1><c2>0., 1., 0.</c2><c3>0., 0., 1.</c3></rotation></pose><symmetry><x>none</x><y>twoFold</y><z>none</z></symmetry><detectionScore>0.98186225</detectionScore></element><element><id>1</id><category>curtain</category><bounds><corner1>-0.05126846, -1.3963014 , -0.36695357</corner1><corner2>0.05126846, 1.3963014 , 0.36695357</corner2></bounds><pose><translation> 1.04395118, -0.10665215,  2.1990621 </translation><rotation><c1>1., 0., 0.</c1><c2>0., 1., 0.</c2><c3>0., 0., 1.</c3></rotation></pose><symmetry><x>none</x><y>twoFold</y><z>none</z></symmetry><detectionScore>0.59070545</detectionScore></element><element><id>5</id><category>desk</category><bounds><corner1>-0.77520844, -0.32419183, -0.66406963</corner1><corner2>0.77520844, 0.32419183, 0.66406963</corner2></bounds><pose><translation>-0.12956664, -0.84036692,  2.12807196</translation><rotation><c1>1., 0., 0.</c1><c2>0., 1., 0.</c2><c3>0., 0., 1.</c3></rotation></pose><symmetry><x>none</x><y>none</y><z>none</z></symmetry><detectionScore>0.9666918</detectionScore></element><element><id>3</id><category>double_bed</category><bounds><corner1>-0.06503858, -0.59302776, -1.72506729</corner1><corner2>0.06503858, 0.59302776, 1.72506729</corner2></bounds><pose><translation>-1.70003732, -0.85060283,  0.15067529</translation><rotation><c1>1., 0., 0.</c1><c2>0., 1., 0.</c2><c3>0., 0., 1.</c3></rotation></pose><symmetry><x>none</x><y>none</y><z>none</z></symmetry><detectionScore>0.9833124</detectionScore></element></elements></scene>