<?xml version='1.0' encoding='utf-8'?>
<scene xmlns:sumo="https://www.sumochallenge.org"><version>2.0</version><categories><id>fb_categories_v1_0</id><url>https://sumochallenge.org/en/categories-1_0.json</url></categories><project_type>bounding_box</project_type><elements><element><id>0</id><category>car</category><bounds><corner1>-1.0679034097033129, -0.9706472435713451, -3.1528651506800407</corner1><corner2>1.0679034097033129, 0.9706472435713451, 3.1528651506800407</corner2></bounds><pose><translation>-3.6072291550081994, -0.9000225296206423, 0.25211293574179533</translation><rotation><c1>1, 0, 0</c1><c2>0, 1, 0</c2><c3>0, 0, 1</c3></rotation></pose><symmetry><x>twoFold</x><y>cylindrical</y><z>twoFold</z></symmetry><detectionScore>-1.0</detectionScore></element><element><id>1</id><category>motorcycle</category><bounds><corner1>-1.0327651726725917, -1.249124910965809, -4.780150424192342</corner1><corner2>1.0327651726725917, 1.249124910965809, 4.780150424192342</corner2></bounds><pose><translation>-3.289773586415965, -1.27044772083185, 0.7567657144314383</translation><rotation><c1>1, 0, 0</c1><c2>0, 1, 0</c2><c3>0, 0, 1</c3></rotation></pose><symmetry><x>twoFold</x><y>cylindrical</y><z>twoFold</z></symmetry><detectionScore>-1.0</detectionScore></element><element><id>2</id><category>wall</category><bounds><corner1>-25.508907014189777, -1.4735746880489087, -1.3715441806955546</corner1><corner2>25.508907014189777, 1.4735746880489087, 1.3715441806955546</corner2></bounds><pose><translation>3.553600421001611, -0.15320006542628142, 0.22589777449264847</translation><rotation><c1>1, 0, 0</c1><c2>0, 1, 0</c2><c3>0, 0, 1</c3></rotation></pose><symmetry><x>twoFold</x><y>cylindrical</y><z>twoFold</z></symmetry><detectionScore>-1.0</detectionScore></element><element><id>3</id><category>wall</category><bounds><corner1>-7.8215126643608315, -1.4129558764363774, -4.421371224040139</corner1><corner2>7.8215126643608315, 1.4129558764363774, 4.421371224040139</corner2></bounds><pose><translation>1.4168270957326128, -0.13858789618947323, -10.89113000056197</translation><rotation><c1>1, 0, 0</c1><c2>0, 1, 0</c2><c3>0, 0, 1</c3></rotation></pose><symmetry><x>twoFold</x><y>cylindrical</y><z>twoFold</z></symmetry><detectionScore>-1.0</detectionScore></element><element><id>4</id><category>wall</category><bounds><corner1>-4.37668723344252, -1.304604795669061, -0.3143335180523614</corner1><corner2>4.37668723344252, 1.304604795669061, 0.3143335180523614</corner2></bounds><pose><translation>-1.6907819008434921, -0.032928216943376366, 11.223446198598525</translation><rotation><c1>1, 0, 0</c1><c2>0, 1, 0</c2><c3>0, 0, 1</c3></rotation></pose><symmetry><x>twoFold</x><y>cylindrical</y><z>twoFold</z></symmetry><detectionScore>-1.0</detectionScore></element><element><id>5</id><category>window</category><bounds><corner1>-4.161544289542908, -1.6876358124512685, -1.0708205013839016</corner1><corner2>4.161544289542908, 1.6876358124512685, 1.0708205013839016</corner2></bounds><pose><translation>3.4557247377703297, -0.27419818820885705, 0.07964994444930776</translation><rotation><c1>1, 0, 0</c1><c2>0, 1, 0</c2><c3>0, 0, 1</c3></rotation></pose><symmetry><x>twoFold</x><y>cylindrical</y><z>twoFold</z></symmetry><detectionScore>-1.0</detectionScore></element><element><id>6</id><category>wall</category><bounds><corner1>-16.802114458331847, -1.2750862393890134, -6.5777027025938395</corner1><corner2>16.802114458331847, 1.2750862393890134, 6.5777027025938395</corner2></bounds><pose><translation>12.260392976859542, -0.006778448758236348, -7.65676413767769</translation><rotation><c1>1, 0, 0</c1><c2>0, 1, 0</c2><c3>0, 0, 1</c3></rotation></pose><symmetry><x>twoFold</x><y>cylindrical</y><z>twoFold</z></symmetry><detectionScore>-1.0</detectionScore></element><element><id>7</id><category>wall</category><bounds><corner1>-2.4754167282019117, -1.3085610808846793, -4.541423319664479</corner1><corner2>2.4754167282019117, 1.3085610808846793, 4.541423319664479</corner2></bounds><pose><translation>-5.125537151864883, -0.00727413602232556, 6.878007549628902</translation><rotation><c1>1, 0, 0</c1><c2>0, 1, 0</c2><c3>0, 0, 1</c3></rotation></pose><symmetry><x>twoFold</x><y>cylindrical</y><z>twoFold</z></symmetry><detectionScore>-1.0</detectionScore></element><element><id>8</id><category>car</category><bounds><corner1>-1.8301372025434344, -0.7880884349088285, -4.178440146402496</corner1><corner2>1.8301372025434344, 0.7880884349088285, 4.178440146402496</corner2></bounds><pose><translation>-2.9628138383614213, -0.8660738007136154, -7.340503618357179</translation><rotation><c1>1, 0, 0</c1><c2>0, 1, 0</c2><c3>0, 0, 1</c3></rotation></pose><symmetry><x>twoFold</x><y>cylindrical</y><z>twoFold</z></symmetry><detectionScore>-1.0</detectionScore></element><element><id>9</id><category>car</category><bounds><corner1>-25.968498483049697, -1.4907843483574479, -1.4682335255571</corner1><corner2>25.968498483049697, 1.4907843483574479, 1.4682335255571</corner2></bounds><pose><translation>2.89149121392781, -1.1834999653847358, -1.1193060719964762</translation><rotation><c1>1, 0, 0</c1><c2>0, 1, 0</c2><c3>0, 0, 1</c3></rotation></pose><symmetry><x>twoFold</x><y>cylindrical</y><z>twoFold</z></symmetry><detectionScore>-1.0</detectionScore></element><element><id>10</id><category>window</category><bounds><corner1>-2.9586306813274694, -1.496780649788859, -0.7564326167197628</corner1><corner2>2.9586306813274694, 1.496780649788859, 0.7564326167197628</corner2></bounds><pose><translation>4.511494656215548, -0.1687514361953054, -0.6551023898018151</translation><rotation><c1>1, 0, 0</c1><c2>0, 1, 0</c2><c3>0, 0, 1</c3></rotation></pose><symmetry><x>twoFold</x><y>cylindrical</y><z>twoFold</z></symmetry><detectionScore>-1.0</detectionScore></element><element><id>11</id><category>car</category><bounds><corner1>-13.44700557789112, -0.44463626096781955, -1.0792742438574594</corner1><corner2>13.44700557789112, 0.44463626096781955, 1.0792742438574594</corner2></bounds><pose><translation>3.764376716045481, -0.4488747460598019, -1.91857289763025</translation><rotation><c1>1, 0, 0</c1><c2>0, 1, 0</c2><c3>0, 0, 1</c3></rotation></pose><symmetry><x>twoFold</x><y>cylindrical</y><z>twoFold</z></symmetry><detectionScore>-1.0</detectionScore></element><element><id>12</id><category>car</category><bounds><corner1>-1.3080185805138473, -0.842282140302623, -3.6891425575219</corner1><corner2>1.3080185805138473, 0.842282140302623, 3.6891425575219</corner2></bounds><pose><translation>-3.351217699932093, -0.4939655282050242, 7.829628404061364</translation><rotation><c1>1, 0, 0</c1><c2>0, 1, 0</c2><c3>0, 0, 1</c3></rotation></pose><symmetry><x>twoFold</x><y>cylindrical</y><z>twoFold</z></symmetry><detectionScore>-1.0</detectionScore></element><element><id>13</id><category>window</category><bounds><corner1>-2.6725327342317216, -1.2333038122054842, -0.25095099425580436</corner1><corner2>2.6725327342317216, 1.2333038122054842, 0.25095099425580436</corner2></bounds><pose><translation>-1.6931331890561656, -0.03311066005534538, 11.286828722395082</translation><rotation><c1>1, 0, 0</c1><c2>0, 1, 0</c2><c3>0, 0, 1</c3></rotation></pose><symmetry><x>twoFold</x><y>cylindrical</y><z>twoFold</z></symmetry><detectionScore>-1.0</detectionScore></element></elements></scene>