<?xml version='1.0' encoding='utf-8'?>
<scene xmlns:sumo="https://www.sumochallenge.org"><version>2.0</version><categories><id>fb_categories_v1.0</id><url>https://sumochallenge.org/en/categories-1_0.json</url></categories><project_type>bounding_box</project_type><elements><element><id>11</id><category>coffee_table</category><bounds><corner1>-2.11954579, -0.24947592, -0.45704142</corner1><corner2>2.11954579, 0.24947592, 0.45704142</corner2></bounds><pose><translation> 2.26286235, -1.23778951, -0.66712309</translation><rotation><c1>1., 0., 0.</c1><c2>0., 1., 0.</c2><c3>0., 0., 1.</c3></rotation></pose><symmetry><x>none</x><y>none</y><z>none</z></symmetry><detectionScore>-1</detectionScore></element><element><id>6</id><category>sofa</category><bounds><corner1>-0.7718344 , -0.43597623, -0.6803189 </corner1><corner2>0.7718344 , 0.43597623, 0.6803189 </corner2></bounds><pose><translation> 2.22373325, -1.05701472, -4.98067878</translation><rotation><c1>1., 0., 0.</c1><c2>0., 1., 0.</c2><c3>0., 0., 1.</c3></rotation></pose><symmetry><x>none</x><y>none</y><z>none</z></symmetry><detectionScore>-1</detectionScore></element><element><id>7</id><category>fireplace</category><bounds><corner1>-1.4378905 , -1.24194837, -2.1861278 </corner1><corner2>1.4378905 , 1.24194837, 2.1861278 </corner2></bounds><pose><translation>-2.54771083, -0.05279272, -4.07909222</translation><rotation><c1>1., 0., 0.</c1><c2>0., 1., 0.</c2><c3>0., 0., 1.</c3></rotation></pose><symmetry><x>none</x><y>none</y><z>none</z></symmetry><detectionScore>-1</detectionScore></element><element><id>2</id><category>wall</category><bounds><corner1>-0.07161082, -1.39474515, -1.86306243</corner1><corner2>0.07161082, 1.39474515, 1.86306243</corner2></bounds><pose><translation> 3.6221573 , -0.20529318, -4.59386875</translation><rotation><c1>1., 0., 0.</c1><c2>0., 1., 0.</c2><c3>0., 0., 1.</c3></rotation></pose><symmetry><x>none</x><y>none</y><z>none</z></symmetry><detectionScore>-1</detectionScore></element><element><id>3</id><category>plant</category><bounds><corner1>-1.54243329, -0.74135096, -0.93919498</corner1><corner2>1.54243329, 0.74135096, 0.93919498</corner2></bounds><pose><translation> 3.50988835, -1.42447506, -2.42227362</translation><rotation><c1>1., 0., 0.</c1><c2>0., 1., 0.</c2><c3>0., 0., 1.</c3></rotation></pose><symmetry><x>none</x><y>none</y><z>none</z></symmetry><detectionScore>-1</detectionScore></element><element><id>9</id><category>coffee_table</category><bounds><corner1>-0.52096622, -0.54031979, -1.26710748</corner1><corner2>0.52096622, 0.54031979, 1.26710748</corner2></bounds><pose><translation> 3.14060989, -1.24057599, -3.86902242</translation><rotation><c1>1., 0., 0.</c1><c2>0., 1., 0.</c2><c3>0., 0., 1.</c3></rotation></pose><symmetry><x>none</x><y>none</y><z>none</z></symmetry><detectionScore>-1</detectionScore></element><element><id>4</id><category>arch</category><bounds><corner1>-1.32084273, -1.18184995, -1.636961  </corner1><corner2>1.32084273, 1.18184995, 1.636961  </corner2></bounds><pose><translation>-2.31902382, -0.22549734, -8.5462073 </translation><rotation><c1>1., 0., 0.</c1><c2>0., 1., 0.</c2><c3>0., 0., 1.</c3></rotation></pose><symmetry><x>none</x><y>none</y><z>none</z></symmetry><detectionScore>-1</detectionScore></element><element><id>8</id><category>door</category><bounds><corner1>-1.342844  , -0.95055229, -1.74238624</corner1><corner2>1.342844  , 0.95055229, 1.74238624</corner2></bounds><pose><translation> 0.        , -0.13769763,  1.93097014</translation><rotation><c1>1., 0., 0.</c1><c2>0., 1., 0.</c2><c3>0., 0., 1.</c3></rotation></pose><symmetry><x>none</x><y>none</y><z>none</z></symmetry><detectionScore>-1</detectionScore></element><element><id>1</id><category>wall</category><bounds><corner1>-2.61803087, -1.21537463, -1.35245027</corner1><corner2>2.61803087, 1.21537463, 1.35245027</corner2></bounds><pose><translation> 0.37637941, -0.0921401 , -7.03897813</translation><rotation><c1>1., 0., 0.</c1><c2>0., 1., 0.</c2><c3>0., 0., 1.</c3></rotation></pose><symmetry><x>none</x><y>none</y><z>none</z></symmetry><detectionScore>-1</detectionScore></element><element><id>10</id><category>wall</category><bounds><corner1>-1.20054615, -1.09699225, -2.0113732 </corner1><corner2>1.20054615, 1.09699225, 2.0113732 </corner2></bounds><pose><translation> 3.93209552, -0.11443546, -0.24398158</translation><rotation><c1>1., 0., 0.</c1><c2>0., 1., 0.</c2><c3>0., 0., 1.</c3></rotation></pose><symmetry><x>none</x><y>none</y><z>none</z></symmetry><detectionScore>-1</detectionScore></element></elements></scene>