<?xml version='1.0' encoding='utf-8'?>
<scene xmlns:sumo="https://www.sumochallenge.org"><version>2.0</version><categories><id>fb_categories_v1.0</id><url>https://sumochallenge.org/en/categories-1_0.json</url></categories><project_type>bounding_box</project_type><elements><element><id>5</id><category>picture_frame</category><bounds><corner1>-0.72790479, -0.50485708, -0.06033482</corner1><corner2>0.72790479, 0.50485708, 0.06033482</corner2></bounds><pose><translation>3.64033209, 0.02845189, 2.25500873</translation><rotation><c1>1., 0., 0.</c1><c2>0., 1., 0.</c2><c3>0., 0., 1.</c3></rotation></pose><symmetry><x>none</x><y>fourFold</y><z>none</z></symmetry><detectionScore>0.9217437</detectionScore></element><element><id>15</id><category>door</category><bounds><corner1>-4.54933166, -1.03644347, -1.39903261</corner1><corner2>4.54933166, 1.03644347, 1.39903261</corner2></bounds><pose><translation> 4.14024043, -0.43996331,  2.2900187 </translation><rotation><c1>1., 0., 0.</c1><c2>0., 1., 0.</c2><c3>0., 0., 1.</c3></rotation></pose><symmetry><x>twoFold</x><y>twoFold</y><z>twoFold</z></symmetry><detectionScore>0.58697456</detectionScore></element><element><id>10</id><category>wall</category><bounds><corner1>-3.9157702 , -1.20417423, -3.20346756</corner1><corner2>3.9157702 , 1.20417423, 3.20346756</corner2></bounds><pose><translation>-6.11974601, -0.15090817,  0.65238569</translation><rotation><c1>1., 0., 0.</c1><c2>0., 1., 0.</c2><c3>0., 0., 1.</c3></rotation></pose><symmetry><x>none</x><y>twoFold</y><z>none</z></symmetry><detectionScore>0.75278306</detectionScore></element><element><id>11</id><category>stairs</category><bounds><corner1>-1.03765897, -1.03502242, -0.80182262</corner1><corner2>1.03765897, 1.03502242, 0.80182262</corner2></bounds><pose><translation>7.80731387, 0.16233877, 1.50554174</translation><rotation><c1>1., 0., 0.</c1><c2>0., 1., 0.</c2><c3>0., 0., 1.</c3></rotation></pose><symmetry><x>none</x><y>none</y><z>none</z></symmetry><detectionScore>0.938287</detectionScore></element><element><id>4</id><category>wall</category><bounds><corner1>-6.52724741, -1.28742665, -3.88801161</corner1><corner2>6.52724741, 1.28742665, 3.88801161</corner2></bounds><pose><translation> 8.74837909, -0.11187063, -1.88002136</translation><rotation><c1>1., 0., 0.</c1><c2>0., 1., 0.</c2><c3>0., 0., 1.</c3></rotation></pose><symmetry><x>none</x><y>twoFold</y><z>none</z></symmetry><detectionScore>0.9637326</detectionScore></element><element><id>6</id><category>chair</category><bounds><corner1>-0.45550365, -0.53290154, -1.51064909</corner1><corner2>0.45550365, 0.53290154, 1.51064909</corner2></bounds><pose><translation>-1.78438009, -1.44818879,  2.48710603</translation><rotation><c1>1., 0., 0.</c1><c2>0., 1., 0.</c2><c3>0., 0., 1.</c3></rotation></pose><symmetry><x>none</x><y>none</y><z>none</z></symmetry><detectionScore>0.9676396</detectionScore></element><element><id>12</id><category>door</category><bounds><corner1>-2.62540947, -1.03498399, -4.17190775</corner1><corner2>2.62540947, 1.03498399, 4.17190775</corner2></bounds><pose><translation>-2.62540947,  0.        ,  5.86493063</translation><rotation><c1>1., 0., 0.</c1><c2>0., 1., 0.</c2><c3>0., 0., 1.</c3></rotation></pose><symmetry><x>twoFold</x><y>twoFold</y><z>twoFold</z></symmetry><detectionScore>0.99105036</detectionScore></element><element><id>2</id><category>ceiling_fan</category><bounds><corner1>-2.75604062, -0.01983588, -0.75498277</corner1><corner2>2.75604062, 0.01983588, 0.75498277</corner2></bounds><pose><translation> 4.89856521,  1.18931859, -1.3678106 </translation><rotation><c1>1., 0., 0.</c1><c2>0., 1., 0.</c2><c3>0., 0., 1.</c3></rotation></pose><symmetry><x>none</x><y>cylindrical</y><z>none</z></symmetry><detectionScore>0.954721</detectionScore></element><element><id>1</id><category>fish_tank</category><bounds><corner1>-0.26714934, -0.31224398, -0.01698033</corner1><corner2>0.26714934, 0.31224398, 0.01698033</corner2></bounds><pose><translation>-0.02061045, -0.31710238, -0.99497892</translation><rotation><c1>1., 0., 0.</c1><c2>0., 1., 0.</c2><c3>0., 0., 1.</c3></rotation></pose><symmetry><x>none</x><y>none</y><z>none</z></symmetry><detectionScore>0.9817141</detectionScore></element><element><id>17</id><category>window</category><bounds><corner1>-0.16214867, -0.98075446, -1.29781236</corner1><corner2>0.16214867, 0.98075446, 1.29781236</corner2></bounds><pose><translation> 8.77714974,  0.0424238 , -3.76550803</translation><rotation><c1>1., 0., 0.</c1><c2>0., 1., 0.</c2><c3>0., 0., 1.</c3></rotation></pose><symmetry><x>none</x><y>twoFold</y><z>none</z></symmetry><detectionScore>0.9096103</detectionScore></element><element><id>13</id><category>refrigerator</category><bounds><corner1>-0.29299592, -0.83235329, -0.12699325</corner1><corner2>0.29299592, 0.83235329, 0.12699325</corner2></bounds><pose><translation>-2.93808679, -0.62147097, -1.61829299</translation><rotation><c1>1., 0., 0.</c1><c2>0., 1., 0.</c2><c3>0., 0., 1.</c3></rotation></pose><symmetry><x>none</x><y>none</y><z>twoFold</z></symmetry><detectionScore>0.9522708</detectionScore></element><element><id>16</id><category>window</category><bounds><corner1>-4.03208644, -0.85766285, -1.33543649</corner1><corner2>4.03208644, 0.85766285, 1.33543649</corner2></bounds><pose><translation>-6.19018072,  0.15268888,  4.05135269</translation><rotation><c1>1., 0., 0.</c1><c2>0., 1., 0.</c2><c3>0., 0., 1.</c3></rotation></pose><symmetry><x>none</x><y>twoFold</y><z>none</z></symmetry><detectionScore>0.7920564</detectionScore></element><element><id>9</id><category>chandelier</category><bounds><corner1>-1.7049714 , -0.02472547, -0.78447763</corner1><corner2>1.7049714 , 0.02472547, 0.78447763</corner2></bounds><pose><translation> 2.63386236,  1.18231928, -3.48763424</translation><rotation><c1>1., 0., 0.</c1><c2>0., 1., 0.</c2><c3>0., 0., 1.</c3></rotation></pose><symmetry><x>none</x><y>cylindrical</y><z>none</z></symmetry><detectionScore>0.6591117</detectionScore></element><element><id>8</id><category>floor_lamp</category><bounds><corner1>-0.05616491, -0.70895019, -0.07075301</corner1><corner2>0.05616491, 0.70895019, 0.07075301</corner2></bounds><pose><translation>-2.55810618, -0.70645993, -1.87183811</translation><rotation><c1>1., 0., 0.</c1><c2>0., 1., 0.</c2><c3>0., 0., 1.</c3></rotation></pose><symmetry><x>none</x><y>cylindrical</y><z>none</z></symmetry><detectionScore>0.96171135</detectionScore></element><element><id>7</id><category>chair</category><bounds><corner1>-0.46004811, -0.54511183, -1.30461642</corner1><corner2>0.46004811, 0.54511183, 1.30461642</corner2></bounds><pose><translation>-1.95208346, -1.42382192,  1.30621876</translation><rotation><c1>1., 0., 0.</c1><c2>0., 1., 0.</c2><c3>0., 0., 1.</c3></rotation></pose><symmetry><x>none</x><y>none</y><z>none</z></symmetry><detectionScore>0.94872165</detectionScore></element><element><id>14</id><category>chandelier</category><bounds><corner1>-2.35718871, -0.02214428, -0.93405505</corner1><corner2>2.35718871, 0.02214428, 0.93405505</corner2></bounds><pose><translation>2.46099589, 1.18583888, 0.88168138</translation><rotation><c1>1., 0., 0.</c1><c2>0., 1., 0.</c2><c3>0., 0., 1.</c3></rotation></pose><symmetry><x>none</x><y>cylindrical</y><z>none</z></symmetry><detectionScore>0.9341494</detectionScore></element></elements></scene>