<?xml version='1.0' encoding='utf-8'?>
<scene xmlns:sumo="https://www.sumochallenge.org"><version>2.0</version><categories><id>fb_categories_v1.0</id><url>https://sumochallenge.org/en/categories-1_0.json</url></categories><project_type>bounding_box</project_type><elements><element><id>3</id><category>door</category><bounds><corner1>-4.36008182, -0.98257757, -2.86918244</corner1><corner2>4.36008182, 0.98257757, 2.86918244</corner2></bounds><pose><translation>-4.36008182, -0.49165678,  1.54299237</translation><rotation><c1>1., 0., 0.</c1><c2>0., 1., 0.</c2><c3>0., 0., 1.</c3></rotation></pose><symmetry><x>none</x><y>none</y><z>none</z></symmetry><detectionScore>-1</detectionScore></element><element><id>4</id><category>fence</category><bounds><corner1> -0.        ,  -0.13960237, -10.77531933</corner1><corner2>-0.        ,  0.13960237, 10.77531933</corner2></bounds><pose><translation>0., 0., 0.</translation><rotation><c1>1., 0., 0.</c1><c2>0., 1., 0.</c2><c3>0., 0., 1.</c3></rotation></pose><symmetry><x>none</x><y>none</y><z>none</z></symmetry><detectionScore>-1</detectionScore></element><element><id>2</id><category>window</category><bounds><corner1>-0.65195756, -0.58977943, -0.02693247</corner1><corner2>0.65195756, 0.58977943, 0.02693247</corner2></bounds><pose><translation> 0.05546549, -0.76003484,  1.54406252</translation><rotation><c1>1., 0., 0.</c1><c2>0., 1., 0.</c2><c3>0., 0., 1.</c3></rotation></pose><symmetry><x>none</x><y>none</y><z>none</z></symmetry><detectionScore>-1</detectionScore></element><element><id>1</id><category>door</category><bounds><corner1>-0.7330201 , -1.18238137, -0.89235803</corner1><corner2>0.7330201 , 1.18238137, 0.89235803</corner2></bounds><pose><translation>-5.52904412, -0.57744396,  0.14634548</translation><rotation><c1>1., 0., 0.</c1><c2>0., 1., 0.</c2><c3>0., 0., 1.</c3></rotation></pose><symmetry><x>none</x><y>none</y><z>none</z></symmetry><detectionScore>-1</detectionScore></element></elements></scene>