<?xml version='1.0' encoding='utf-8'?>
<scene xmlns:sumo="https://www.sumochallenge.org"><version>2.0</version><categories><id>fb_categories_v1.0</id><url>https://sumochallenge.org/en/categories-1_0.json</url></categories><project_type>bounding_box</project_type><elements><element><id>11</id><category>door</category><bounds><corner1>-0.94500349, -1.1339306 , -0.13889632</corner1><corner2>0.94500349, 1.1339306 , 0.13889632</corner2></bounds><pose><translation>-1.13359003, -0.4002123 , -2.46491083</translation><rotation><c1>1., 0., 0.</c1><c2>0., 1., 0.</c2><c3>0., 0., 1.</c3></rotation></pose><symmetry><x>none</x><y>none</y><z>none</z></symmetry><detectionScore>-1</detectionScore></element><element><id>7</id><category>wall</category><bounds><corner1>-2.14288643, -1.2243023 , -0.10257887</corner1><corner2>2.14288643, 1.2243023 , 0.10257887</corner2></bounds><pose><translation> 0.6470387 , -0.05319453,  3.60830993</translation><rotation><c1>1., 0., 0.</c1><c2>0., 1., 0.</c2><c3>0., 0., 1.</c3></rotation></pose><symmetry><x>none</x><y>none</y><z>none</z></symmetry><detectionScore>-1</detectionScore></element><element><id>5</id><category>window</category><bounds><corner1>-1.2323488 , -0.64653452, -0.07798049</corner1><corner2>1.2323488 , 0.64653452, 0.07798049</corner2></bounds><pose><translation>-1.2323488 ,  0.09715893,  3.68679971</translation><rotation><c1>1., 0., 0.</c1><c2>0., 1., 0.</c2><c3>0., 0., 1.</c3></rotation></pose><symmetry><x>none</x><y>none</y><z>none</z></symmetry><detectionScore>-1</detectionScore></element><element><id>3</id><category>refrigerator</category><bounds><corner1>-0.41380296, -0.63343015, -0.66399344</corner1><corner2>0.41380296, 0.63343015, 0.66399344</corner2></bounds><pose><translation> 0.98346592, -0.6856879 ,  2.98082457</translation><rotation><c1>1., 0., 0.</c1><c2>0., 1., 0.</c2><c3>0., 0., 1.</c3></rotation></pose><symmetry><x>none</x><y>none</y><z>none</z></symmetry><detectionScore>-1</detectionScore></element><element><id>9</id><category>window</category><bounds><corner1>-2.20081676, -0.56378862, -0.7285375 </corner1><corner2>2.20081676, 0.56378862, 0.7285375 </corner2></bounds><pose><translation> 3.21310586,  0.09725315, -1.48412807</translation><rotation><c1>1., 0., 0.</c1><c2>0., 1., 0.</c2><c3>0., 0., 1.</c3></rotation></pose><symmetry><x>none</x><y>none</y><z>none</z></symmetry><detectionScore>-1</detectionScore></element><element><id>10</id><category>chair</category><bounds><corner1>-0.42299761, -0.17689101, -0.27999161</corner1><corner2>0.42299761, 0.17689101, 0.27999161</corner2></bounds><pose><translation>-1.28200456, -0.64954246, -0.71130466</translation><rotation><c1>1., 0., 0.</c1><c2>0., 1., 0.</c2><c3>0., 0., 1.</c3></rotation></pose><symmetry><x>none</x><y>none</y><z>none</z></symmetry><detectionScore>-1</detectionScore></element><element><id>4</id><category>vase</category><bounds><corner1>-0.17899806, -0.2547485 , -0.14648538</corner1><corner2>0.17899806, 0.2547485 , 0.14648538</corner2></bounds><pose><translation>-1.61604372, -0.49817332, -0.66332889</translation><rotation><c1>1., 0., 0.</c1><c2>0., 1., 0.</c2><c3>0., 0., 1.</c3></rotation></pose><symmetry><x>none</x><y>none</y><z>none</z></symmetry><detectionScore>-1</detectionScore></element><element><id>2</id><category>window</category><bounds><corner1>-2.13757336, -0.58251599, -0.73820249</corner1><corner2>2.13757336, 0.58251599, 0.73820249</corner2></bounds><pose><translation>3.21702872, 0.11630278, 0.72526199</translation><rotation><c1>1., 0., 0.</c1><c2>0., 1., 0.</c2><c3>0., 0., 1.</c3></rotation></pose><symmetry><x>none</x><y>none</y><z>none</z></symmetry><detectionScore>-1</detectionScore></element><element><id>1</id><category>chair</category><bounds><corner1>-0.46902397, -0.11925682, -0.26106204</corner1><corner2>0.46902397, 0.11925682, 0.26106204</corner2></bounds><pose><translation>-1.28003556, -0.65581596, -0.25574481</translation><rotation><c1>1., 0., 0.</c1><c2>0., 1., 0.</c2><c3>0., 0., 1.</c3></rotation></pose><symmetry><x>none</x><y>none</y><z>none</z></symmetry><detectionScore>-1</detectionScore></element><element><id>8</id><category>hanging_kitchen_cabinet</category><bounds><corner1>-0.30187643, -0.32689983, -0.30916997</corner1><corner2>0.30187643, 0.32689983, 0.30916997</corner2></bounds><pose><translation>1.78125127, 0.23759757, 3.35575823</translation><rotation><c1>1., 0., 0.</c1><c2>0., 1., 0.</c2><c3>0., 0., 1.</c3></rotation></pose><symmetry><x>none</x><y>none</y><z>none</z></symmetry><detectionScore>-1</detectionScore></element></elements></scene>