<?xml version='1.0' encoding='utf-8'?>
<scene xmlns:sumo="https://www.sumochallenge.org"><version>2.0</version><categories><id>fb_categories_v1.0</id><url>https://sumochallenge.org/en/categories-1_0.json</url></categories><project_type>bounding_box</project_type><elements><element><id>4</id><category>coffee_machine</category><bounds><corner1>-0.09108557, -0.27233716, -0.15100416</corner1><corner2>0.09108557, 0.27233716, 0.15100416</corner2></bounds><pose><translation>-1.64105854, -0.54158042, -1.29264206</translation><rotation><c1>1., 0., 0.</c1><c2>0., 1., 0.</c2><c3>0., 0., 1.</c3></rotation></pose><symmetry><x>none</x><y>none</y><z>none</z></symmetry><detectionScore>0.9430062</detectionScore></element><element><id>1</id><category>kitchen_cabinet</category><bounds><corner1>-0.80151486, -0.27475823, -0.1497414 </corner1><corner2>0.80151486, 0.27475823, 0.1497414 </corner2></bounds><pose><translation>-3.05846973, -0.93170503, -1.13482502</translation><rotation><c1>1., 0., 0.</c1><c2>0., 1., 0.</c2><c3>0., 0., 1.</c3></rotation></pose><symmetry><x>none</x><y>none</y><z>none</z></symmetry><detectionScore>0.53559</detectionScore></element><element><id>5</id><category>shelving</category><bounds><corner1>-0.91393728, -0.8505181 , -0.26272335</corner1><corner2>0.91393728, 0.8505181 , 0.26272335</corner2></bounds><pose><translation> 0.36904086, -1.25727091, -3.45473603</translation><rotation><c1>1., 0., 0.</c1><c2>0., 1., 0.</c2><c3>0., 0., 1.</c3></rotation></pose><symmetry><x>twoFold</x><y>twoFold</y><z>twoFold</z></symmetry><detectionScore>0.97410583</detectionScore></element><element><id>3</id><category>wall</category><bounds><corner1>-4.01038325, -1.23875978, -5.90966889</corner1><corner2>4.01038325, 1.23875978, 5.90966889</corner2></bounds><pose><translation>-10.13632046,  -0.14888997,   0.35287564</translation><rotation><c1>1., 0., 0.</c1><c2>0., 1., 0.</c2><c3>0., 0., 1.</c3></rotation></pose><symmetry><x>none</x><y>twoFold</y><z>none</z></symmetry><detectionScore>0.9559539</detectionScore></element><element><id>2</id><category>door</category><bounds><corner1>-0.12157575, -0.79544421, -1.74781621</corner1><corner2>0.12157575, 0.79544421, 1.74781621</corner2></bounds><pose><translation> 1.66257583, -0.38792801,  4.19950555</translation><rotation><c1>1., 0., 0.</c1><c2>0., 1., 0.</c2><c3>0., 0., 1.</c3></rotation></pose><symmetry><x>twoFold</x><y>twoFold</y><z>twoFold</z></symmetry><detectionScore>0.9609592</detectionScore></element><element><id>7</id><category>kitchen_cabinet</category><bounds><corner1>-1.03189992, -0.27913507, -3.54830089</corner1><corner2>1.03189992, 0.27913507, 3.54830089</corner2></bounds><pose><translation>-3.40087512, -0.83679917,  1.24503382</translation><rotation><c1>1., 0., 0.</c1><c2>0., 1., 0.</c2><c3>0., 0., 1.</c3></rotation></pose><symmetry><x>none</x><y>none</y><z>none</z></symmetry><detectionScore>0.5612333</detectionScore></element><element><id>6</id><category>wall</category><bounds><corner1>-2.72269173, -1.23691168, -1.9764766 </corner1><corner2>2.72269173, 1.23691168, 1.9764766 </corner2></bounds><pose><translation>-1.18632169, -0.15079117, -4.88230938</translation><rotation><c1>1., 0., 0.</c1><c2>0., 1., 0.</c2><c3>0., 0., 1.</c3></rotation></pose><symmetry><x>none</x><y>twoFold</y><z>none</z></symmetry><detectionScore>0.73760515</detectionScore></element></elements></scene>