<?xml version='1.0' encoding='utf-8'?>
<scene xmlns:sumo="https://www.sumochallenge.org"><version>2.0</version><categories><id>fb_categories_v1.0</id><url>https://sumochallenge.org/en/categories-1_0.json</url></categories><project_type>bounding_box</project_type><elements><element><id>4</id><category>wall</category><bounds><corner1>-0.05906224, -1.13556421, -1.60532732</corner1><corner2>0.05906224, 1.13556421, 1.60532732</corner2></bounds><pose><translation> 3.23400056, -0.07160958,  0.13672336</translation><rotation><c1>1., 0., 0.</c1><c2>0., 1., 0.</c2><c3>0., 0., 1.</c3></rotation></pose><symmetry><x>none</x><y>twoFold</y><z>none</z></symmetry><detectionScore>0.9653925</detectionScore></element><element><id>5</id><category>shelving</category><bounds><corner1>-0.23097043, -0.83042721, -0.88112003</corner1><corner2>0.23097043, 0.83042721, 0.88112003</corner2></bounds><pose><translation>-1.56799737, -0.48089744,  0.17881345</translation><rotation><c1>1., 0., 0.</c1><c2>0., 1., 0.</c2><c3>0., 0., 1.</c3></rotation></pose><symmetry><x>twoFold</x><y>twoFold</y><z>twoFold</z></symmetry><detectionScore>0.90001494</detectionScore></element><element><id>3</id><category>picture_frame</category><bounds><corner1>-0.45201434, -0.45512607, -0.02501539</corner1><corner2>0.45201434, 0.45512607, 0.02501539</corner2></bounds><pose><translation> 0.57398826,  0.05452434, -1.50999906</translation><rotation><c1>1., 0., 0.</c1><c2>0., 1., 0.</c2><c3>0., 0., 1.</c3></rotation></pose><symmetry><x>none</x><y>fourFold</y><z>none</z></symmetry><detectionScore>0.9982315</detectionScore></element><element><id>2</id><category>sofa</category><bounds><corner1>-0.94323187, -0.4241006 , -0.68257066</corner1><corner2>0.94323187, 0.4241006 , 0.68257066</corner2></bounds><pose><translation> 2.29284544, -1.01269134,  1.13790344</translation><rotation><c1>1., 0., 0.</c1><c2>0., 1., 0.</c2><c3>0., 0., 1.</c3></rotation></pose><symmetry><x>none</x><y>none</y><z>none</z></symmetry><detectionScore>0.7212704</detectionScore></element><element><id>7</id><category>laptop</category><bounds><corner1>-0.36754877, -0.18276428, -0.19803327</corner1><corner2>0.36754877, 0.18276428, 0.19803327</corner2></bounds><pose><translation> 0.57328269, -0.6712848 , -1.30702262</translation><rotation><c1>1., 0., 0.</c1><c2>0., 1., 0.</c2><c3>0., 0., 1.</c3></rotation></pose><symmetry><x>none</x><y>none</y><z>none</z></symmetry><detectionScore>0.590432</detectionScore></element><element><id>6</id><category>door</category><bounds><corner1>-0.05526694, -1.04791599, -0.55349244</corner1><corner2>0.05526694, 1.04791599, 0.55349244</corner2></bounds><pose><translation> 3.2588139 , -0.40800912, -0.99593417</translation><rotation><c1>1., 0., 0.</c1><c2>0., 1., 0.</c2><c3>0., 0., 1.</c3></rotation></pose><symmetry><x>twoFold</x><y>twoFold</y><z>twoFold</z></symmetry><detectionScore>0.99820876</detectionScore></element></elements></scene>