<?xml version='1.0' encoding='utf-8'?>
<scene xmlns:sumo="https://www.sumochallenge.org"><version>2.0</version><categories><id>fb_categories_v1_0</id><url>https://sumochallenge.org/en/categories-1_0.json</url></categories><project_type>bounding_box</project_type><elements><element><id>0</id><category>sofa</category><bounds><corner1>-0.9124905575388225, -3.281565397098065, -0.631368453974925</corner1><corner2>0.9124905575388225, 3.281565397098065, 0.631368453974925</corner2></bounds><pose><translation>-0.4314356403902324, 2.5338572850548466, -1.168315113852342</translation><rotation><c1>0, 0, 0</c1><c2>0, 0, 0</c2><c3>0, 0, 0</c3></rotation></pose><symmetry><x>twoFold</x><y>cylindrical</y><z>twoFold</z></symmetry><detectionScore>-1.0</detectionScore></element><element><id>1</id><category>wall</category><bounds><corner1>-1.3368857028826158, -0.14966394179285514, -1.5585867329909033</corner1><corner2>1.3368857028826158, 0.14966394179285514, 1.5585867329909033</corner2></bounds><pose><translation>-0.015963187029719893, -2.2930092578443717, -0.17020576283728633</translation><rotation><c1>0, 0, 0</c1><c2>0, 0, 0</c2><c3>0, 0, 0</c3></rotation></pose><symmetry><x>twoFold</x><y>cylindrical</y><z>twoFold</z></symmetry><detectionScore>-1.0</detectionScore></element><element><id>2</id><category>wall</category><bounds><corner1>-0.26772987429153794, -0.5805976933090133, -1.4490052666764568</corner1><corner2>0.26772987429153794, 0.5805976933090133, 1.4490052666764568</corner2></bounds><pose><translation>-3.862667328374921, -1.7608914717127677, -0.14705521603839997</translation><rotation><c1>0, 0, 0</c1><c2>0, 0, 0</c2><c3>0, 0, 0</c3></rotation></pose><symmetry><x>twoFold</x><y>cylindrical</y><z>twoFold</z></symmetry><detectionScore>-1.0</detectionScore></element><element><id>3</id><category>chair</category><bounds><corner1>-0.29109514498363476, -2.9602521148765155, -0.4028105093165164</corner1><corner2>0.29109514498363476, 2.9602521148765155, 0.4028105093165164</corner2></bounds><pose><translation>-1.666598437204289, 2.740134183927276, -1.2068888036476901</translation><rotation><c1>0, 0, 0</c1><c2>0, 0, 0</c2><c3>0, 0, 0</c3></rotation></pose><symmetry><x>twoFold</x><y>cylindrical</y><z>twoFold</z></symmetry><detectionScore>-1.0</detectionScore></element><element><id>4</id><category>chair</category><bounds><corner1>-0.7240694728159567, -2.8654786072186424, -0.39895580335700265</corner1><corner2>0.7240694728159567, 2.8654786072186424, 0.39895580335700265</corner2></bounds><pose><translation>-1.6043181943659246, 2.8407660160430486, -1.2119885856954675</translation><rotation><c1>0, 0, 0</c1><c2>0, 0, 0</c2><c3>0, 0, 0</c3></rotation></pose><symmetry><x>twoFold</x><y>cylindrical</y><z>twoFold</z></symmetry><detectionScore>-1.0</detectionScore></element><element><id>5</id><category>plant</category><bounds><corner1>-0.8497225821593446, -0.5443581812907823, -0.49515256967800836</corner1><corner2>0.8497225821593446, 0.5443581812907823, 0.49515256967800836</corner2></bounds><pose><translation>-6.957754703068978, -4.698897425380809, -1.2023293791247875</translation><rotation><c1>0, 0, 0</c1><c2>0, 0, 0</c2><c3>0, 0, 0</c3></rotation></pose><symmetry><x>twoFold</x><y>cylindrical</y><z>twoFold</z></symmetry><detectionScore>-1.0</detectionScore></element><element><id>6</id><category>stand</category><bounds><corner1>-0.3367338663519439, -2.329421674389918, -0.03914643270433049</corner1><corner2>0.3367338663519439, 2.329421674389918, 0.03914643270433049</corner2></bounds><pose><translation>-1.5799565884054791, 3.1118199782727363, -1.1515935375820137</translation><rotation><c1>0, 0, 0</c1><c2>0, 0, 0</c2><c3>0, 0, 0</c3></rotation></pose><symmetry><x>twoFold</x><y>cylindrical</y><z>twoFold</z></symmetry><detectionScore>-1.0</detectionScore></element><element><id>7</id><category>chair</category><bounds><corner1>-0.03251155798291805, -0.25284815956093226, -0.10811208027308516</corner1><corner2>0.03251155798291805, 0.25284815956093226, 0.10811208027308516</corner2></bounds><pose><translation>1.4536204744799548, -0.306116979737057, -0.7893170047800298</translation><rotation><c1>0, 0, 0</c1><c2>0, 0, 0</c2><c3>0, 0, 0</c3></rotation></pose><symmetry><x>twoFold</x><y>cylindrical</y><z>twoFold</z></symmetry><detectionScore>-1.0</detectionScore></element><element><id>8</id><category>wall</category><bounds><corner1>-0.10285467296984763, -1.951144793060891, -1.4607614860614266</corner1><corner2>0.10285467296984763, 1.951144793060891, 1.4607614860614266</corner2></bounds><pose><translation>-3.891865504425493, -0.11749517167014323, -0.11033456910791278</translation><rotation><c1>0, 0, 0</c1><c2>0, 0, 0</c2><c3>0, 0, 0</c3></rotation></pose><symmetry><x>twoFold</x><y>cylindrical</y><z>twoFold</z></symmetry><detectionScore>-1.0</detectionScore></element><element><id>9</id><category>window</category><bounds><corner1>-0.2180676322942383, -0.20507970483799132, -0.8568772679675898</corner1><corner2>0.2180676322942383, 0.20507970483799132, 0.8568772679675898</corner2></bounds><pose><translation>-3.8209468088390666, -2.0898212462672876, -0.018859806782422918</translation><rotation><c1>0, 0, 0</c1><c2>0, 0, 0</c2><c3>0, 0, 0</c3></rotation></pose><symmetry><x>twoFold</x><y>cylindrical</y><z>twoFold</z></symmetry><detectionScore>-1.0</detectionScore></element><element><id>10</id><category>outdoor_lamp</category><bounds><corner1>-0.8364684002517677, -0.5553519506388156, -0.5351683091524401</corner1><corner2>0.8364684002517677, 0.5553519506388156, 0.5351683091524401</corner2></bounds><pose><translation>-6.934552761739986, -4.670042910914871, -1.22864886698578</translation><rotation><c1>0, 0, 0</c1><c2>0, 0, 0</c2><c3>0, 0, 0</c3></rotation></pose><symmetry><x>twoFold</x><y>cylindrical</y><z>twoFold</z></symmetry><detectionScore>-1.0</detectionScore></element><element><id>11</id><category>ottoman</category><bounds><corner1>-0.11778352201696052, -1.8068783851855068, -0.13988466321550197</corner1><corner2>0.11778352201696052, 1.8068783851855068, 0.13988466321550197</corner2></bounds><pose><translation>-1.2814706816642556, 3.3721216049583953, -1.2565325042677078</translation><rotation><c1>0, 0, 0</c1><c2>0, 0, 0</c2><c3>0, 0, 0</c3></rotation></pose><symmetry><x>twoFold</x><y>cylindrical</y><z>twoFold</z></symmetry><detectionScore>-1.0</detectionScore></element><element><id>12</id><category>door</category><bounds><corner1>-0.26948193751949745, -0.05785087042546966, -0.7563051615991212</corner1><corner2>0.26948193751949745, 0.05785087042546966, 0.7563051615991212</corner2></bounds><pose><translation>-1.8309999251472553, -2.2500277800910755, -0.16950246411804176</translation><rotation><c1>0, 0, 0</c1><c2>0, 0, 0</c2><c3>0, 0, 0</c3></rotation></pose><symmetry><x>twoFold</x><y>cylindrical</y><z>twoFold</z></symmetry><detectionScore>-1.0</detectionScore></element><element><id>13</id><category>wall</category><bounds><corner1>-0.37257411623508707, -0.06356744549789584, -0.9887651679336144</corner1><corner2>0.37257411623508707, 0.06356744549789584, 0.9887651679336144</corner2></bounds><pose><translation>-1.7711415832729351, -2.2588975308696035, -0.01958668279710975</translation><rotation><c1>0, 0, 0</c1><c2>0, 0, 0</c2><c3>0, 0, 0</c3></rotation></pose><symmetry><x>twoFold</x><y>cylindrical</y><z>twoFold</z></symmetry><detectionScore>-1.0</detectionScore></element><element><id>14</id><category>wall</category><bounds><corner1>-0.2855068472515305, -0.5915164549348662, -0.9937216021750381</corner1><corner2>0.2855068472515305, 0.5915164549348662, 0.9937216021750381</corner2></bounds><pose><translation>-3.9047550289368314, -2.1231700039097703, 0.0038440328423644116</translation><rotation><c1>0, 0, 0</c1><c2>0, 0, 0</c2><c3>0, 0, 0</c3></rotation></pose><symmetry><x>twoFold</x><y>cylindrical</y><z>twoFold</z></symmetry><detectionScore>-1.0</detectionScore></element><element><id>15</id><category>wall</category><bounds><corner1>-1.7936731490099138, -1.3322662582017295, -0.8266985150508268</corner1><corner2>1.7936731490099138, 1.3322662582017295, 0.8266985150508268</corner2></bounds><pose><translation>-7.203284871523384, -4.876941872406113, 0.035989736538969745</translation><rotation><c1>0, 0, 0</c1><c2>0, 0, 0</c2><c3>0, 0, 0</c3></rotation></pose><symmetry><x>twoFold</x><y>cylindrical</y><z>twoFold</z></symmetry><detectionScore>-1.0</detectionScore></element><element><id>16</id><category>table_lamp</category><bounds><corner1>-0.5734027769711454, -2.4034113753607627, -0.3783420418602702</corner1><corner2>0.5734027769711454, 2.4034113753607627, 0.3783420418602702</corner2></bounds><pose><translation>-1.8551496269188423, 3.3238951652761908, -1.1548178255376307</translation><rotation><c1>0, 0, 0</c1><c2>0, 0, 0</c2><c3>0, 0, 0</c3></rotation></pose><symmetry><x>twoFold</x><y>cylindrical</y><z>twoFold</z></symmetry><detectionScore>-1.0</detectionScore></element><element><id>17</id><category>pedestal_fan</category><bounds><corner1>-0.9166210162568662, -0.5930809795827257, -0.5680768512148743</corner1><corner2>0.9166210162568662, 0.5930809795827257, 0.5680768512148743</corner2></bounds><pose><translation>-7.006752966936429, -4.7298500594494755, -1.1686614666041746</translation><rotation><c1>0, 0, 0</c1><c2>0, 0, 0</c2><c3>0, 0, 0</c3></rotation></pose><symmetry><x>twoFold</x><y>cylindrical</y><z>twoFold</z></symmetry><detectionScore>-1.0</detectionScore></element><element><id>18</id><category>wall</category><bounds><corner1>-0.08008909974130862, -2.3260476992211796, -1.7585198295072413</corner1><corner2>0.08008909974130862, 2.3260476992211796, 1.7585198295072413</corner2></bounds><pose><translation>1.276611583157307, 2.5493228805893136, -0.31767215731380793</translation><rotation><c1>0, 0, 0</c1><c2>0, 0, 0</c2><c3>0, 0, 0</c3></rotation></pose><symmetry><x>twoFold</x><y>cylindrical</y><z>twoFold</z></symmetry><detectionScore>-1.0</detectionScore></element><element><id>19</id><category>wall</category><bounds><corner1>-2.443034577432906, -0.1537119699668379, -1.446179077012453</corner1><corner2>2.443034577432906, 0.1537119699668379, 1.446179077012453</corner2></bounds><pose><translation>-1.2796396587255043, 5.701217016014078, -0.16409838280418673</translation><rotation><c1>0, 0, 0</c1><c2>0, 0, 0</c2><c3>0, 0, 0</c3></rotation></pose><symmetry><x>twoFold</x><y>cylindrical</y><z>twoFold</z></symmetry><detectionScore>-1.0</detectionScore></element><element><id>20</id><category>armchair</category><bounds><corner1>-0.7417474143185733, -2.8571390571346114, -0.3882389058243798</corner1><corner2>0.7417474143185733, 2.8571390571346114, 0.3882389058243798</corner2></bounds><pose><translation>-1.6391362471011006, 2.846489823225053, -1.2002628211269466</translation><rotation><c1>0, 0, 0</c1><c2>0, 0, 0</c2><c3>0, 0, 0</c3></rotation></pose><symmetry><x>twoFold</x><y>cylindrical</y><z>twoFold</z></symmetry><detectionScore>-1.0</detectionScore></element><element><id>21</id><category>door</category><bounds><corner1>-1.8064141553903577, -2.073001899865242, -1.3377357789498856</corner1><corner2>1.8064141553903577, 2.073001899865242, 1.3377357789498856</corner2></bounds><pose><translation>-5.419993490683751, -4.128965935190437, -0.46247736342535933</translation><rotation><c1>0, 0, 0</c1><c2>0, 0, 0</c2><c3>0, 0, 0</c3></rotation></pose><symmetry><x>twoFold</x><y>cylindrical</y><z>twoFold</z></symmetry><detectionScore>-1.0</detectionScore></element><element><id>22</id><category>coffee_table</category><bounds><corner1>-0.45396222028600985, -1.186719199072035, -0.13602258053524507</corner1><corner2>0.45396222028600985, 1.186719199072035, 0.13602258053524507</corner2></bounds><pose><translation>-1.5493757143314908, 2.8180950977702524, -1.1717978216940945</translation><rotation><c1>0, 0, 0</c1><c2>0, 0, 0</c2><c3>0, 0, 0</c3></rotation></pose><symmetry><x>twoFold</x><y>cylindrical</y><z>twoFold</z></symmetry><detectionScore>-1.0</detectionScore></element><element><id>23</id><category>ottoman</category><bounds><corner1>-0.2504183100500881, -1.0969884070667304, -0.1858705520118722</corner1><corner2>0.2504183100500881, 1.0969884070667304, 0.1858705520118722</corner2></bounds><pose><translation>-0.8823249242158819, 1.9242735612604494, -1.4054366224852424</translation><rotation><c1>0, 0, 0</c1><c2>0, 0, 0</c2><c3>0, 0, 0</c3></rotation></pose><symmetry><x>twoFold</x><y>cylindrical</y><z>twoFold</z></symmetry><detectionScore>-1.0</detectionScore></element><element><id>24</id><category>coffee_table</category><bounds><corner1>-0.9010509235758973, -1.8454104733591632, -0.376879499303977</corner1><corner2>0.9010509235758973, 1.8454104733591632, 0.376879499303977</corner2></bounds><pose><translation>-1.5719441235436837, 2.605101941639639, -1.2939188012047125</translation><rotation><c1>0, 0, 0</c1><c2>0, 0, 0</c2><c3>0, 0, 0</c3></rotation></pose><symmetry><x>twoFold</x><y>cylindrical</y><z>twoFold</z></symmetry><detectionScore>-1.0</detectionScore></element><element><id>25</id><category>coffee_table</category><bounds><corner1>-0.12122305432362523, -0.6866191795214309, -0.14599246401231336</corner1><corner2>0.12122305432362523, 0.6866191795214309, 0.14599246401231336</corner2></bounds><pose><translation>-1.2777341516154195, 3.357247691346638, -1.2626403050645192</translation><rotation><c1>0, 0, 0</c1><c2>0, 0, 0</c2><c3>0, 0, 0</c3></rotation></pose><symmetry><x>twoFold</x><y>cylindrical</y><z>twoFold</z></symmetry><detectionScore>-1.0</detectionScore></element><element><id>26</id><category>wall</category><bounds><corner1>-0.625792089995806, -0.5304411798843605, -1.0206586613547959</corner1><corner2>0.625792089995806, 0.5304411798843605, 1.0206586613547959</corner2></bounds><pose><translation>-5.457431064990637, -3.9526435970248825, 0.036746982554502435</translation><rotation><c1>0, 0, 0</c1><c2>0, 0, 0</c2><c3>0, 0, 0</c3></rotation></pose><symmetry><x>twoFold</x><y>cylindrical</y><z>twoFold</z></symmetry><detectionScore>-1.0</detectionScore></element><element><id>27</id><category>door</category><bounds><corner1>-0.2581805121919083, -0.25498297365306977, -0.9830355537172688</corner1><corner2>0.2581805121919083, 0.25498297365306977, 0.9830355537172688</corner2></bounds><pose><translation>-3.865172251066932, -2.1167507778781802, -0.1647360842635091</translation><rotation><c1>0, 0, 0</c1><c2>0, 0, 0</c2><c3>0, 0, 0</c3></rotation></pose><symmetry><x>twoFold</x><y>cylindrical</y><z>twoFold</z></symmetry><detectionScore>-1.0</detectionScore></element><element><id>28</id><category>window</category><bounds><corner1>-0.06464698809361402, -1.8291769960577735, -1.5673325088768546</corner1><corner2>0.06464698809361402, 1.8291769960577735, 1.5673325088768546</corner2></bounds><pose><translation>1.291951304309654, 2.7058693302993726, -0.44597386173416664</translation><rotation><c1>0, 0, 0</c1><c2>0, 0, 0</c2><c3>0, 0, 0</c3></rotation></pose><symmetry><x>twoFold</x><y>cylindrical</y><z>twoFold</z></symmetry><detectionScore>-1.0</detectionScore></element><element><id>29</id><category>door</category><bounds><corner1>-0.07117463575619154, -2.5100878784636027, -1.7326812356099623</corner1><corner2>0.07117463575619154, 2.5100878784636027, 1.7326812356099623</corner2></bounds><pose><translation>1.2886878483990272, 2.718698967641921, -0.46842666783525017</translation><rotation><c1>0, 0, 0</c1><c2>0, 0, 0</c2><c3>0, 0, 0</c3></rotation></pose><symmetry><x>twoFold</x><y>cylindrical</y><z>twoFold</z></symmetry><detectionScore>-1.0</detectionScore></element><element><id>30</id><category>kitchen_cabinet</category><bounds><corner1>-0.2736942897330856, -0.057421393924515396, -0.21015767205741756</corner1><corner2>0.2736942897330856, 0.057421393924515396, 0.21015767205741756</corner2></bounds><pose><translation>-1.809320763082714, -2.248649381600934, -0.3484026372983149</translation><rotation><c1>0, 0, 0</c1><c2>0, 0, 0</c2><c3>0, 0, 0</c3></rotation></pose><symmetry><x>twoFold</x><y>cylindrical</y><z>twoFold</z></symmetry><detectionScore>-1.0</detectionScore></element></elements></scene>