<?xml version='1.0' encoding='utf-8'?>
<scene xmlns:sumo="https://www.sumochallenge.org"><version>2.0</version><categories><id>fb_categories_v1_0</id><url>https://sumochallenge.org/en/categories-1_0.json</url></categories><project_type>bounding_box</project_type><elements><element><id>0</id><category>switch</category><bounds><corner1>-0.03516356273417731, -0.08468078624068362, -0.07357452658873387</corner1><corner2>0.03516356273417731, 0.08468078624068362, 0.07357452658873387</corner2></bounds><pose><translation>-1.531448364941891, 0.2339928934133039, -0.9688199121539758</translation><rotation><c1>0, 0, 0</c1><c2>0, 0, 0</c2><c3>0, 0, 0</c3></rotation></pose><symmetry><x>twoFold</x><y>cylindrical</y><z>twoFold</z></symmetry><detectionScore>-1.0</detectionScore></element><element><id>1</id><category>partition</category><bounds><corner1>-1.2755500502678974, -2.122812390048057, -1.8236062983074661</corner1><corner2>1.2755500502678974, 2.122812390048057, 1.8236062983074661</corner2></bounds><pose><translation>0.1520348623349075, 2.0436273203626043, -0.5193093851613152</translation><rotation><c1>0, 0, 0</c1><c2>0, 0, 0</c2><c3>0, 0, 0</c3></rotation></pose><symmetry><x>twoFold</x><y>cylindrical</y><z>twoFold</z></symmetry><detectionScore>-1.0</detectionScore></element><element><id>2</id><category>wall</category><bounds><corner1>-1.0375656771064978, -2.1150216853509645, -1.3733369406453222</corner1><corner2>1.0375656771064978, 2.1150216853509645, 1.3733369406453222</corner2></bounds><pose><translation>0.4870623192270572, 2.066789961633305, -0.12786434522722662</translation><rotation><c1>0, 0, 0</c1><c2>0, 0, 0</c2><c3>0, 0, 0</c3></rotation></pose><symmetry><x>twoFold</x><y>cylindrical</y><z>twoFold</z></symmetry><detectionScore>-1.0</detectionScore></element><element><id>3</id><category>dishwasher</category><bounds><corner1>-0.7216286028229075, -0.8304820559559157, -0.3613663203236016</corner1><corner2>0.7216286028229075, 0.8304820559559157, 0.3613663203236016</corner2></bounds><pose><translation>1.602181303929921, 0.6369441305653482, -0.7343018204580914</translation><rotation><c1>0, 0, 0</c1><c2>0, 0, 0</c2><c3>0, 0, 0</c3></rotation></pose><symmetry><x>twoFold</x><y>cylindrical</y><z>twoFold</z></symmetry><detectionScore>-1.0</detectionScore></element><element><id>4</id><category>door</category><bounds><corner1>-0.9319905307648102, -0.5540733928969261, -1.3830545360076365</corner1><corner2>0.9319905307648102, 0.5540733928969261, 1.3830545360076365</corner2></bounds><pose><translation>0.9319070856689318, -1.7213862270079336, -0.022179029149013596</translation><rotation><c1>0, 0, 0</c1><c2>0, 0, 0</c2><c3>0, 0, 0</c3></rotation></pose><symmetry><x>twoFold</x><y>cylindrical</y><z>twoFold</z></symmetry><detectionScore>-1.0</detectionScore></element><element><id>5</id><category>microwave</category><bounds><corner1>-0.718864743504882, -0.7926194649756259, -0.2433484284728028</corner1><corner2>0.718864743504882, 0.7926194649756259, 0.2433484284728028</corner2></bounds><pose><translation>1.6229778326563093, 0.6148987295247917, -0.6114252217745626</translation><rotation><c1>0, 0, 0</c1><c2>0, 0, 0</c2><c3>0, 0, 0</c3></rotation></pose><symmetry><x>twoFold</x><y>cylindrical</y><z>twoFold</z></symmetry><detectionScore>-1.0</detectionScore></element><element><id>6</id><category>partition</category><bounds><corner1>-0.6183333630700101, -2.0710458905027282, -0.4968753484454706</corner1><corner2>0.6183333630700101, 2.0710458905027282, 0.4968753484454706</corner2></bounds><pose><translation>-0.9520383832794459, 2.0497150398159576, -0.2932683773833578</translation><rotation><c1>0, 0, 0</c1><c2>0, 0, 0</c2><c3>0, 0, 0</c3></rotation></pose><symmetry><x>twoFold</x><y>cylindrical</y><z>twoFold</z></symmetry><detectionScore>-1.0</detectionScore></element><element><id>7</id><category>washer</category><bounds><corner1>-0.7236915158322779, -0.8492925068037281, -0.3526992196919454</corner1><corner2>0.7236915158322779, 0.8492925068037281, 0.3526992196919454</corner2></bounds><pose><translation>1.604986359969164, 0.6299902116660138, -0.743338485892826</translation><rotation><c1>0, 0, 0</c1><c2>0, 0, 0</c2><c3>0, 0, 0</c3></rotation></pose><symmetry><x>twoFold</x><y>cylindrical</y><z>twoFold</z></symmetry><detectionScore>-1.0</detectionScore></element><element><id>8</id><category>hanging_kitchen_cabinet</category><bounds><corner1>-0.06552649698120527, -0.4356727963237681, -0.47528327544181637</corner1><corner2>0.06552649698120527, 0.4356727963237681, 0.47528327544181637</corner2></bounds><pose><translation>2.318659177523757, -0.17447551874619271, 0.2742064282328771</translation><rotation><c1>0, 0, 0</c1><c2>0, 0, 0</c2><c3>0, 0, 0</c3></rotation></pose><symmetry><x>twoFold</x><y>cylindrical</y><z>twoFold</z></symmetry><detectionScore>-1.0</detectionScore></element><element><id>9</id><category>table_and_chair</category><bounds><corner1>-1.336725853954655, -3.9892908577087782, -0.7291360462906831</corner1><corner2>1.336725853954655, 3.9892908577087782, 0.7291360462906831</corner2></bounds><pose><translation>0.6970557442372044, -5.195397723742827, -0.8445425013600528</translation><rotation><c1>0, 0, 0</c1><c2>0, 0, 0</c2><c3>0, 0, 0</c3></rotation></pose><symmetry><x>twoFold</x><y>cylindrical</y><z>twoFold</z></symmetry><detectionScore>-1.0</detectionScore></element><element><id>10</id><category>dryer</category><bounds><corner1>-0.6950522845284659, -0.8207732630826531, -0.3335789701266906</corner1><corner2>0.6950522845284659, 0.8207732630826531, 0.3335789701266906</corner2></bounds><pose><translation>1.5987353529855042, 0.6415292810861629, -0.739623467204559</translation><rotation><c1>0, 0, 0</c1><c2>0, 0, 0</c2><c3>0, 0, 0</c3></rotation></pose><symmetry><x>twoFold</x><y>cylindrical</y><z>twoFold</z></symmetry><detectionScore>-1.0</detectionScore></element><element><id>11</id><category>door</category><bounds><corner1>-0.22847625237241465, -0.7207281619791395, -1.5155799893997637</corner1><corner2>0.22847625237241465, 0.7207281619791395, 1.5155799893997637</corner2></bounds><pose><translation>-1.6772042111173284, -0.9023346210694656, -0.14976381063149224</translation><rotation><c1>0, 0, 0</c1><c2>0, 0, 0</c2><c3>0, 0, 0</c3></rotation></pose><symmetry><x>twoFold</x><y>cylindrical</y><z>twoFold</z></symmetry><detectionScore>-1.0</detectionScore></element><element><id>12</id><category>partition</category><bounds><corner1>-0.6740608830866304, -0.06178689094048284, -0.6909069886799792</corner1><corner2>0.6740608830866304, 0.06178689094048284, 0.6909069886799792</corner2></bounds><pose><translation>-0.42426773720650973, 2.057208994960467, -0.6564283248844939</translation><rotation><c1>0, 0, 0</c1><c2>0, 0, 0</c2><c3>0, 0, 0</c3></rotation></pose><symmetry><x>twoFold</x><y>cylindrical</y><z>twoFold</z></symmetry><detectionScore>-1.0</detectionScore></element><element><id>13</id><category>window</category><bounds><corner1>-0.06818248505301439, -0.41244977568824304, -0.4621107637092551</corner1><corner2>0.06818248505301439, 0.41244977568824304, 0.4621107637092551</corner2></bounds><pose><translation>2.3161820224308127, -0.1877971447187731, 0.27830355111625116</translation><rotation><c1>0, 0, 0</c1><c2>0, 0, 0</c2><c3>0, 0, 0</c3></rotation></pose><symmetry><x>twoFold</x><y>cylindrical</y><z>twoFold</z></symmetry><detectionScore>-1.0</detectionScore></element><element><id>14</id><category>partition</category><bounds><corner1>-0.47783994077830383, -0.8340506547556812, -1.5174873559421118</corner1><corner2>0.47783994077830383, 0.8340506547556812, 1.5174873559421118</corner2></bounds><pose><translation>0.9138463104451144, 2.03734381292959, -0.12700656096597254</translation><rotation><c1>0, 0, 0</c1><c2>0, 0, 0</c2><c3>0, 0, 0</c3></rotation></pose><symmetry><x>twoFold</x><y>cylindrical</y><z>twoFold</z></symmetry><detectionScore>-1.0</detectionScore></element><element><id>15</id><category>wall</category><bounds><corner1>-0.10105008491172418, -1.7718431570581434, -1.5709037089657465</corner1><corner2>0.10105008491172418, 1.7718431570581434, 1.5709037089657465</corner2></bounds><pose><translation>2.2633076721153764, 0.07475143724286654, -0.11177222047179518</translation><rotation><c1>0, 0, 0</c1><c2>0, 0, 0</c2><c3>0, 0, 0</c3></rotation></pose><symmetry><x>twoFold</x><y>cylindrical</y><z>twoFold</z></symmetry><detectionScore>-1.0</detectionScore></element><element><id>16</id><category>trash_can</category><bounds><corner1>-0.733869933027711, -0.8613905592712394, -0.40245145863318255</corner1><corner2>0.733869933027711, 0.8613905592712394, 0.40245145863318255</corner2></bounds><pose><translation>1.6091499856781462, 0.6485280653483569, -0.731379188947039</translation><rotation><c1>0, 0, 0</c1><c2>0, 0, 0</c2><c3>0, 0, 0</c3></rotation></pose><symmetry><x>twoFold</x><y>cylindrical</y><z>twoFold</z></symmetry><detectionScore>-1.0</detectionScore></element><element><id>17</id><category>shelving</category><bounds><corner1>-0.06367368541395946, -0.4480398123401502, -0.4876618200419633</corner1><corner2>0.06367368541395946, 0.4480398123401502, 0.4876618200419633</corner2></bounds><pose><translation>2.3203705177294123, -0.18739446148082364, 0.2610884089741546</translation><rotation><c1>0, 0, 0</c1><c2>0, 0, 0</c2><c3>0, 0, 0</c3></rotation></pose><symmetry><x>twoFold</x><y>cylindrical</y><z>twoFold</z></symmetry><detectionScore>-1.0</detectionScore></element><element><id>18</id><category>wall</category><bounds><corner1>-2.0712630596509745, -0.6054958680352542, -1.2509646044475873</corner1><corner2>2.0712630596509745, 0.6054958680352542, 1.2509646044475873</corner2></bounds><pose><translation>-0.030839188696530816, -1.8589967971456753, -0.056170544361716805</translation><rotation><c1>0, 0, 0</c1><c2>0, 0, 0</c2><c3>0, 0, 0</c3></rotation></pose><symmetry><x>twoFold</x><y>cylindrical</y><z>twoFold</z></symmetry><detectionScore>-1.0</detectionScore></element><element><id>19</id><category>switch</category><bounds><corner1>-0.02890834826405486, -0.05897653313638962, -0.04972183859905366</corner1><corner2>0.02890834826405486, 0.05897653313638962, 0.04972183859905366</corner2></bounds><pose><translation>-1.526603523947233, 0.5881704998801311, -0.790288251487269</translation><rotation><c1>0, 0, 0</c1><c2>0, 0, 0</c2><c3>0, 0, 0</c3></rotation></pose><symmetry><x>twoFold</x><y>cylindrical</y><z>twoFold</z></symmetry><detectionScore>-1.0</detectionScore></element><element><id>20</id><category>wall</category><bounds><corner1>-0.04219901903493306, -0.5805986584339119, -0.5269789239424651</corner1><corner2>0.04219901903493306, 0.5805986584339119, 0.5269789239424651</corner2></bounds><pose><translation>-1.6057759513775116, 0.09287614305364711, -0.039502698537641066</translation><rotation><c1>0, 0, 0</c1><c2>0, 0, 0</c2><c3>0, 0, 0</c3></rotation></pose><symmetry><x>twoFold</x><y>cylindrical</y><z>twoFold</z></symmetry><detectionScore>-1.0</detectionScore></element><element><id>21</id><category>wall</category><bounds><corner1>-1.2725180929525042, -0.2518188685937839, -1.3075553836352836</corner1><corner2>1.2725180929525042, 0.2518188685937839, 1.3075553836352836</corner2></bounds><pose><translation>0.7661903331568723, -1.4652760714336377, -0.022619168975427477</translation><rotation><c1>0, 0, 0</c1><c2>0, 0, 0</c2><c3>0, 0, 0</c3></rotation></pose><symmetry><x>twoFold</x><y>cylindrical</y><z>twoFold</z></symmetry><detectionScore>-1.0</detectionScore></element><element><id>22</id><category>sink</category><bounds><corner1>-0.43373611311015914, -0.5088089212676711, -0.6438594470328232</corner1><corner2>0.43373611311015914, 0.5088089212676711, 0.6438594470328232</corner2></bounds><pose><translation>1.8880016183554025, -1.1869807483969128, -1.0616626979931907</translation><rotation><c1>0, 0, 0</c1><c2>0, 0, 0</c2><c3>0, 0, 0</c3></rotation></pose><symmetry><x>twoFold</x><y>cylindrical</y><z>twoFold</z></symmetry><detectionScore>-1.0</detectionScore></element><element><id>23</id><category>switch</category><bounds><corner1>-0.033774811432283336, -0.047242775045321816, -0.04849302642138609</corner1><corner2>0.033774811432283336, 0.047242775045321816, 0.04849302642138609</corner2></bounds><pose><translation>-1.52548474751693, 0.29006685143125865, -0.9797741312549804</translation><rotation><c1>0, 0, 0</c1><c2>0, 0, 0</c2><c3>0, 0, 0</c3></rotation></pose><symmetry><x>twoFold</x><y>cylindrical</y><z>twoFold</z></symmetry><detectionScore>-1.0</detectionScore></element></elements></scene>