<?xml version='1.0' encoding='utf-8'?>
<scene xmlns:sumo="https://www.sumochallenge.org"><version>2.0</version><categories><id>fb_categories_v1.0</id><url>https://sumochallenge.org/en/categories-1_0.json</url></categories><project_type>bounding_box</project_type><elements><element><id>4</id><category>wall</category><bounds><corner1>-5.62636977, -1.27307391, -0.25807344</corner1><corner2>5.62636977, 1.27307391, 0.25807344</corner2></bounds><pose><translation>-0.23204145, -0.15652263,  9.21669291</translation><rotation><c1>1., 0., 0.</c1><c2>0., 1., 0.</c2><c3>0., 0., 1.</c3></rotation></pose><symmetry><x>none</x><y>twoFold</y><z>none</z></symmetry><detectionScore>0.79532087</detectionScore></element><element><id>1</id><category>window</category><bounds><corner1>-4.56556748, -0.46796523, -0.73955188</corner1><corner2>4.56556748, 0.46796523, 0.73955188</corner2></bounds><pose><translation> 1.45102795, -0.02259297, -0.89688319</translation><rotation><c1>1., 0., 0.</c1><c2>0., 1., 0.</c2><c3>0., 0., 1.</c3></rotation></pose><symmetry><x>none</x><y>twoFold</y><z>none</z></symmetry><detectionScore>0.9842827</detectionScore></element><element><id>5</id><category>partition</category><bounds><corner1>-0.23888206, -1.28625807, -0.58619898</corner1><corner2>0.23888206, 1.28625807, 0.58619898</corner2></bounds><pose><translation>-3.72202088, -0.15340471,  0.98682829</translation><rotation><c1>1., 0., 0.</c1><c2>0., 1., 0.</c2><c3>0., 0., 1.</c3></rotation></pose><symmetry><x>twoFold</x><y>twoFold</y><z>twoFold</z></symmetry><detectionScore>0.88068146</detectionScore></element><element><id>3</id><category>curtain</category><bounds><corner1>-0.20605438, -0.21376573, -0.01499339</corner1><corner2>0.20605438, 0.21376573, 0.01499339</corner2></bounds><pose><translation>-0.02367783, -0.00440422, -0.89800731</translation><rotation><c1>1., 0., 0.</c1><c2>0., 1., 0.</c2><c3>0., 0., 1.</c3></rotation></pose><symmetry><x>none</x><y>twoFold</y><z>none</z></symmetry><detectionScore>0.5214276</detectionScore></element><element><id>2</id><category>plant</category><bounds><corner1>-0.62034194, -0.05055248, -4.96762804</corner1><corner2>0.62034194, 0.05055248, 4.96762804</corner2></bounds><pose><translation>-1.94720829, -0.70693668,  3.74171257</translation><rotation><c1>1., 0., 0.</c1><c2>0., 1., 0.</c2><c3>0., 0., 1.</c3></rotation></pose><symmetry><x>none</x><y>cylindrical</y><z>none</z></symmetry><detectionScore>0.6922467</detectionScore></element><element><id>7</id><category>candle</category><bounds><corner1>-0.02098063, -0.10702379, -0.01459065</corner1><corner2>0.02098063, 0.10702379, 0.01459065</corner2></bounds><pose><translation> 1.14601758, -0.17685467, -0.89852665</translation><rotation><c1>1., 0., 0.</c1><c2>0., 1., 0.</c2><c3>0., 0., 1.</c3></rotation></pose><symmetry><x>none</x><y>twoFold</y><z>none</z></symmetry><detectionScore>0.6759918</detectionScore></element><element><id>9</id><category>kitchen_cabinet</category><bounds><corner1>-1.20182662, -1.1219556 , -0.01601366</corner1><corner2>1.20182662, 1.1219556 , 0.01601366</corner2></bounds><pose><translation> 0.50474064, -0.04998706, -0.90099636</translation><rotation><c1>1., 0., 0.</c1><c2>0., 1., 0.</c2><c3>0., 0., 1.</c3></rotation></pose><symmetry><x>none</x><y>none</y><z>none</z></symmetry><detectionScore>0.6443172</detectionScore></element><element><id>8</id><category>game_table</category><bounds><corner1>-1.66944298, -0.58756854, -2.13294278</corner1><corner2>1.66944298, 0.58756854, 2.13294278</corner2></bounds><pose><translation>-1.34971508, -1.25046788,  3.4838218 </translation><rotation><c1>1., 0., 0.</c1><c2>0., 1., 0.</c2><c3>0., 0., 1.</c3></rotation></pose><symmetry><x>none</x><y>twoFold</y><z>none</z></symmetry><detectionScore>0.9949281</detectionScore></element><element><id>6</id><category>knife_rack</category><bounds><corner1>-0.10593492, -0.1173128 , -0.01498392</corner1><corner2>0.10593492, 0.1173128 , 0.01498392</corner2></bounds><pose><translation> 0.71224152, -0.32362481, -0.89800297</translation><rotation><c1>1., 0., 0.</c1><c2>0., 1., 0.</c2><c3>0., 0., 1.</c3></rotation></pose><symmetry><x>none</x><y>fourFold</y><z>none</z></symmetry><detectionScore>0.50946665</detectionScore></element></elements></scene>