<?xml version='1.0' encoding='utf-8'?>
<scene xmlns:sumo="https://www.sumochallenge.org"><version>2.0</version><categories><id>fb_categories_v1_0</id><url>https://sumochallenge.org/en/categories-1_0.json</url></categories><project_type>bounding_box</project_type><elements><element><id>0</id><category>wall</category><bounds><corner1>-2.4064512825683226, -1.4178479984777397, -2.0118767452609685</corner1><corner2>2.4064512825683226, 1.4178479984777397, 2.0118767452609685</corner2></bounds><pose><translation>3.8979369609490697, -0.0877448477215665, 0.08036323193924663</translation><rotation><c1>1, 0, 0</c1><c2>0, 1, 0</c2><c3>0, 0, 1</c3></rotation></pose><symmetry><x>twoFold</x><y>cylindrical</y><z>twoFold</z></symmetry><detectionScore>-1.0</detectionScore></element><element><id>1</id><category>ottoman</category><bounds><corner1>-1.4900280278782452, -0.2617022976373893, -1.7075683309248333</corner1><corner2>1.4900280278782452, 0.2617022976373893, 1.7075683309248333</corner2></bounds><pose><translation>2.3042595214879267, -1.4676773745813163, 1.4288867652158002</translation><rotation><c1>1, 0, 0</c1><c2>0, 1, 0</c2><c3>0, 0, 1</c3></rotation></pose><symmetry><x>twoFold</x><y>cylindrical</y><z>twoFold</z></symmetry><detectionScore>-1.0</detectionScore></element><element><id>2</id><category>partition</category><bounds><corner1>-2.4170849382250266, -1.4506083845934918, -2.282744387774963</corner1><corner2>2.4170849382250266, 1.4506083845934918, 2.282744387774963</corner2></bounds><pose><translation>3.887303305292366, -0.07235175336336155, 0.0038212267678558952</translation><rotation><c1>1, 0, 0</c1><c2>0, 1, 0</c2><c3>0, 0, 1</c3></rotation></pose><symmetry><x>twoFold</x><y>cylindrical</y><z>twoFold</z></symmetry><detectionScore>-1.0</detectionScore></element><element><id>3</id><category>coffee_table</category><bounds><corner1>-1.090844649887567, -0.334594784678747, -0.8598736051338941</corner1><corner2>1.090844649887567, 0.334594784678747, 0.8598736051338941</corner2></bounds><pose><translation>-3.8489722891873, -0.7945052332898461, -1.6627744122166657</translation><rotation><c1>1, 0, 0</c1><c2>0, 1, 0</c2><c3>0, 0, 1</c3></rotation></pose><symmetry><x>twoFold</x><y>cylindrical</y><z>twoFold</z></symmetry><detectionScore>-1.0</detectionScore></element><element><id>4</id><category>mirror</category><bounds><corner1>-0.10290995922611934, -1.6609716692498668, -0.19163261133143106</corner1><corner2>0.10290995922611934, 1.6609716692498668, 0.19163261133143106</corner2></bounds><pose><translation>-0.6854579740174357, -0.17674864119928976, -2.262511095495878</translation><rotation><c1>1, 0, 0</c1><c2>0, 1, 0</c2><c3>0, 0, 1</c3></rotation></pose><symmetry><x>twoFold</x><y>cylindrical</y><z>twoFold</z></symmetry><detectionScore>-1.0</detectionScore></element><element><id>5</id><category>coffee_table</category><bounds><corner1>-2.1499503873556103, -0.34476435593683497, -1.893241731824702</corner1><corner2>2.1499503873556103, 0.34476435593683497, 1.893241731824702</corner2></bounds><pose><translation>2.497456020693349, -1.525506696464287, 1.448779814697514</translation><rotation><c1>1, 0, 0</c1><c2>0, 1, 0</c2><c3>0, 0, 1</c3></rotation></pose><symmetry><x>twoFold</x><y>cylindrical</y><z>twoFold</z></symmetry><detectionScore>-1.0</detectionScore></element><element><id>6</id><category>wall</category><bounds><corner1>-0.12883029367188736, -1.6393738206411053, -0.12265632701440587</corner1><corner2>0.12883029367188736, 1.6393738206411053, 0.12265632701440587</corner2></bounds><pose><translation>-0.6124222049459047, -0.15816979434870382, -2.2841384730210184</translation><rotation><c1>1, 0, 0</c1><c2>0, 1, 0</c2><c3>0, 0, 1</c3></rotation></pose><symmetry><x>twoFold</x><y>cylindrical</y><z>twoFold</z></symmetry><detectionScore>-1.0</detectionScore></element><element><id>7</id><category>sofa</category><bounds><corner1>-2.4028530411347053, -0.5158938811121724, -1.4483825294988966</corner1><corner2>2.4028530411347053, 0.5158938811121724, 1.4483825294988966</corner2></bounds><pose><translation>3.8906559440967947, -1.0559126528382272, -0.4532922683059593</translation><rotation><c1>1, 0, 0</c1><c2>0, 1, 0</c2><c3>0, 0, 1</c3></rotation></pose><symmetry><x>twoFold</x><y>cylindrical</y><z>twoFold</z></symmetry><detectionScore>-1.0</detectionScore></element><element><id>8</id><category>wall</category><bounds><corner1>-5.56077386586556, -1.364639571932912, -2.1379039102696256</corner1><corner2>5.56077386586556, 1.364639571932912, 2.1379039102696256</corner2></bounds><pose><translation>-8.965684738847793, -0.07861536743661128, 0.9216343121097564</translation><rotation><c1>1, 0, 0</c1><c2>0, 1, 0</c2><c3>0, 0, 1</c3></rotation></pose><symmetry><x>twoFold</x><y>cylindrical</y><z>twoFold</z></symmetry><detectionScore>-1.0</detectionScore></element><element><id>9</id><category>wall</category><bounds><corner1>-1.76239928163606, -1.445585728624251, -0.3130726693814516</corner1><corner2>1.76239928163606, 1.445585728624251, 0.3130726693814516</corner2></bounds><pose><translation>-5.159618084221587, -0.14581158736032995, 2.90837740434503</translation><rotation><c1>1, 0, 0</c1><c2>0, 1, 0</c2><c3>0, 0, 1</c3></rotation></pose><symmetry><x>twoFold</x><y>cylindrical</y><z>twoFold</z></symmetry><detectionScore>-1.0</detectionScore></element><element><id>10</id><category>air_conditioner</category><bounds><corner1>-0.4457367355032609, -0.2946253077385692, -0.3649807294466174</corner1><corner2>0.4457367355032609, 0.2946253077385692, 0.3649807294466174</corner2></bounds><pose><translation>-0.8821903850554117, 0.7695331055482377, 3.110266317081285</translation><rotation><c1>1, 0, 0</c1><c2>0, 1, 0</c2><c3>0, 0, 1</c3></rotation></pose><symmetry><x>twoFold</x><y>cylindrical</y><z>twoFold</z></symmetry><detectionScore>-1.0</detectionScore></element><element><id>11</id><category>floor_lamp</category><bounds><corner1>-0.11072219805870342, -1.6992343746876837, -0.21061267043107978</corner1><corner2>0.11072219805870342, 1.6992343746876837, 0.21061267043107978</corner2></bounds><pose><translation>-0.6589797971136502, -0.22166782726300877, -2.2645749452318196</translation><rotation><c1>1, 0, 0</c1><c2>0, 1, 0</c2><c3>0, 0, 1</c3></rotation></pose><symmetry><x>twoFold</x><y>cylindrical</y><z>twoFold</z></symmetry><detectionScore>-1.0</detectionScore></element><element><id>12</id><category>tv_stand</category><bounds><corner1>-2.6747308952952342, -0.3705168430879029, -1.8915108398064209</corner1><corner2>2.6747308952952342, 0.3705168430879029, 1.8915108398064209</corner2></bounds><pose><translation>2.626778638331189, -1.5095062096003968, 1.4522038753966122</translation><rotation><c1>1, 0, 0</c1><c2>0, 1, 0</c2><c3>0, 0, 1</c3></rotation></pose><symmetry><x>twoFold</x><y>cylindrical</y><z>twoFold</z></symmetry><detectionScore>-1.0</detectionScore></element><element><id>13</id><category>wall</category><bounds><corner1>-2.7132202677484862, -1.4605147574698822, -0.12505508964496936</corner1><corner2>2.7132202677484862, 1.4605147574698822, 0.12505508964496936</corner2></bounds><pose><translation>0.07035530938733621, -0.07054229429331992, 3.375117626730747</translation><rotation><c1>1, 0, 0</c1><c2>0, 1, 0</c2><c3>0, 0, 1</c3></rotation></pose><symmetry><x>twoFold</x><y>cylindrical</y><z>twoFold</z></symmetry><detectionScore>-1.0</detectionScore></element><element><id>14</id><category>stereo_set</category><bounds><corner1>-0.64556450709785, -0.2664281290628846, -0.10148564435537777</corner1><corner2>0.64556450709785, 0.2664281290628846, 0.10148564435537777</corner2></bounds><pose><translation>0.6520120853344005, -1.0201955547697503, -2.2107897427189367</translation><rotation><c1>1, 0, 0</c1><c2>0, 1, 0</c2><c3>0, 0, 1</c3></rotation></pose><symmetry><x>twoFold</x><y>cylindrical</y><z>twoFold</z></symmetry><detectionScore>-1.0</detectionScore></element><element><id>15</id><category>column</category><bounds><corner1>-0.10669560560904712, -1.5328035238008462, -1.7133042522895219</corner1><corner2>0.10669560560904712, 1.5328035238008462, 1.7133042522895219</corner2></bounds><pose><translation>-3.4846130849961363, -0.15932443975636462, 1.4568754703544207</translation><rotation><c1>1, 0, 0</c1><c2>0, 1, 0</c2><c3>0, 0, 1</c3></rotation></pose><symmetry><x>twoFold</x><y>cylindrical</y><z>twoFold</z></symmetry><detectionScore>-1.0</detectionScore></element><element><id>16</id><category>door</category><bounds><corner1>-0.18079231221319825, -1.6106314221768252, -1.6236985847351346</corner1><corner2>0.18079231221319825, 1.6106314221768252, 1.6236985847351346</corner2></bounds><pose><translation>-3.572055265146601, -0.3153541505472772, 1.565701637755343</translation><rotation><c1>1, 0, 0</c1><c2>0, 1, 0</c2><c3>0, 0, 1</c3></rotation></pose><symmetry><x>twoFold</x><y>cylindrical</y><z>twoFold</z></symmetry><detectionScore>-1.0</detectionScore></element><element><id>17</id><category>television</category><bounds><corner1>-2.553038905367562, -0.605459271773297, -1.72469289575347</corner1><corner2>2.553038905367562, 0.605459271773297, 1.72469289575347</corner2></bounds><pose><translation>2.9956279908056755, 0.8125714592427504, 1.5903609756190666</translation><rotation><c1>1, 0, 0</c1><c2>0, 1, 0</c2><c3>0, 0, 1</c3></rotation></pose><symmetry><x>twoFold</x><y>cylindrical</y><z>twoFold</z></symmetry><detectionScore>-1.0</detectionScore></element><element><id>18</id><category>column</category><bounds><corner1>-0.14010249630974775, -1.622908063103406, -0.12939817829759148</corner1><corner2>0.14010249630974775, 1.622908063103406, 0.12939817829759148</corner2></bounds><pose><translation>-0.6212168745806492, -0.1387426629119239, -2.282110747680822</translation><rotation><c1>1, 0, 0</c1><c2>0, 1, 0</c2><c3>0, 0, 1</c3></rotation></pose><symmetry><x>twoFold</x><y>cylindrical</y><z>twoFold</z></symmetry><detectionScore>-1.0</detectionScore></element><element><id>19</id><category>partition</category><bounds><corner1>-0.08358507637377299, -1.6429116406659026, -0.1190079251082028</corner1><corner2>0.08358507637377299, 1.6429116406659026, 0.1190079251082028</corner2></bounds><pose><translation>-0.6908574240229776, -0.16355569814620857, -2.2639469933851992</translation><rotation><c1>1, 0, 0</c1><c2>0, 1, 0</c2><c3>0, 0, 1</c3></rotation></pose><symmetry><x>twoFold</x><y>cylindrical</y><z>twoFold</z></symmetry><detectionScore>-1.0</detectionScore></element></elements></scene>