<?xml version='1.0' encoding='utf-8'?>
<scene xmlns:sumo="https://www.sumochallenge.org"><version>2.0</version><categories><id>fb_categories_v1_0</id><url>https://sumochallenge.org/en/categories-1_0.json</url></categories><project_type>bounding_box</project_type><elements><element><id>0</id><category>person</category><bounds><corner1>-2.9801331895328707, -3.335398697840075, -0.29173281989048117</corner1><corner2>2.9801331895328707, 3.335398697840075, 0.29173281989048117</corner2></bounds><pose><translation>2.062574928824082, 1.0914638259003882, -0.8680574394006357</translation><rotation><c1>0, 0, 0</c1><c2>0, 0, 0</c2><c3>0, 0, 0</c3></rotation></pose><symmetry><x>twoFold</x><y>cylindrical</y><z>twoFold</z></symmetry><detectionScore>-1.0</detectionScore></element><element><id>1</id><category>wall</category><bounds><corner1>-0.07642366031116721, -0.5756826556201209, -1.4180292628004023</corner1><corner2>0.07642366031116721, 0.5756826556201209, 1.4180292628004023</corner2></bounds><pose><translation>3.1603410646588888, -4.348897916768078, -0.19052045476370558</translation><rotation><c1>0, 0, 0</c1><c2>0, 0, 0</c2><c3>0, 0, 0</c3></rotation></pose><symmetry><x>twoFold</x><y>cylindrical</y><z>twoFold</z></symmetry><detectionScore>-1.0</detectionScore></element><element><id>2</id><category>door</category><bounds><corner1>-0.23023870816785186, -0.41059579067669366, -0.5658338994626348</corner1><corner2>0.23023870816785186, 0.41059579067669366, 0.5658338994626348</corner2></bounds><pose><translation>-1.7775260054626145, -0.6662273130907141, -0.24395145554115352</translation><rotation><c1>0, 0, 0</c1><c2>0, 0, 0</c2><c3>0, 0, 0</c3></rotation></pose><symmetry><x>twoFold</x><y>cylindrical</y><z>twoFold</z></symmetry><detectionScore>-1.0</detectionScore></element><element><id>3</id><category>wall</category><bounds><corner1>-0.5637803239290992, -8.013920959483524, -1.3994129383998237</corner1><corner2>0.5637803239290992, 8.013920959483524, 1.3994129383998237</corner2></bounds><pose><translation>-0.637466187597348, 3.591744745252682, -0.11020861750473694</translation><rotation><c1>0, 0, 0</c1><c2>0, 0, 0</c2><c3>0, 0, 0</c3></rotation></pose><symmetry><x>twoFold</x><y>cylindrical</y><z>twoFold</z></symmetry><detectionScore>-1.0</detectionScore></element><element><id>4</id><category>sofa</category><bounds><corner1>-1.68234686565417, -5.092431253357778, -0.6847905093955944</corner1><corner2>1.68234686565417, 5.092431253357778, 0.6847905093955944</corner2></bounds><pose><translation>3.189227585395565, 4.52600387188497, -1.0026860204401686</translation><rotation><c1>0, 0, 0</c1><c2>0, 0, 0</c2><c3>0, 0, 0</c3></rotation></pose><symmetry><x>twoFold</x><y>cylindrical</y><z>twoFold</z></symmetry><detectionScore>-1.0</detectionScore></element><element><id>5</id><category>sofa</category><bounds><corner1>-2.853951712019099, -3.4885245526017368, -0.2807307629621062</corner1><corner2>2.853951712019099, 3.4885245526017368, 0.2807307629621062</corner2></bounds><pose><translation>2.1665710309487505, 0.9946168765548593, -0.905014913819542</translation><rotation><c1>0, 0, 0</c1><c2>0, 0, 0</c2><c3>0, 0, 0</c3></rotation></pose><symmetry><x>twoFold</x><y>cylindrical</y><z>twoFold</z></symmetry><detectionScore>-1.0</detectionScore></element><element><id>6</id><category>wall</category><bounds><corner1>-0.09466268779127729, -0.5602810020970641, -1.4196422973499496</corner1><corner2>0.09466268779127729, 0.5602810020970641, 1.4196422973499496</corner2></bounds><pose><translation>3.0987095221114567, -4.350552088117144, -0.173957177790032</translation><rotation><c1>0, 0, 0</c1><c2>0, 0, 0</c2><c3>0, 0, 0</c3></rotation></pose><symmetry><x>twoFold</x><y>cylindrical</y><z>twoFold</z></symmetry><detectionScore>-1.0</detectionScore></element><element><id>7</id><category>desk</category><bounds><corner1>-1.7678626229868692, -4.267571220053244, -0.7559459349762084</corner1><corner2>1.7678626229868692, 4.267571220053244, 0.7559459349762084</corner2></bounds><pose><translation>3.07514394661915, 4.387401652680896, -1.1525665468931283</translation><rotation><c1>0, 0, 0</c1><c2>0, 0, 0</c2><c3>0, 0, 0</c3></rotation></pose><symmetry><x>twoFold</x><y>cylindrical</y><z>twoFold</z></symmetry><detectionScore>-1.0</detectionScore></element><element><id>8</id><category>wall</category><bounds><corner1>-0.12517738724797756, -3.6197791456931676, -1.4349846317821449</corner1><corner2>0.12517738724797756, 3.6197791456931676, 1.4349846317821449</corner2></bounds><pose><translation>4.986775080541747, 0.2604618418672259, -0.12112786713351185</translation><rotation><c1>0, 0, 0</c1><c2>0, 0, 0</c2><c3>0, 0, 0</c3></rotation></pose><symmetry><x>twoFold</x><y>cylindrical</y><z>twoFold</z></symmetry><detectionScore>-1.0</detectionScore></element><element><id>9</id><category>tv_stand</category><bounds><corner1>-1.2161779061490094, -0.3173481691926199, -0.9335099133456045</corner1><corner2>1.2161779061490094, 0.3173481691926199, 0.9335099133456045</corner2></bounds><pose><translation>1.8952292073659567, -4.094550844802266, -0.8781983306270006</translation><rotation><c1>0, 0, 0</c1><c2>0, 0, 0</c2><c3>0, 0, 0</c3></rotation></pose><symmetry><x>twoFold</x><y>cylindrical</y><z>twoFold</z></symmetry><detectionScore>-1.0</detectionScore></element><element><id>10</id><category>chair</category><bounds><corner1>-1.827515465506523, -0.5040967708356254, -0.08690816414691671</corner1><corner2>1.827515465506523, 0.5040967708356254, 0.08690816414691671</corner2></bounds><pose><translation>2.0304232503111708, -0.8297888511257124, -1.1665089482697808</translation><rotation><c1>0, 0, 0</c1><c2>0, 0, 0</c2><c3>0, 0, 0</c3></rotation></pose><symmetry><x>twoFold</x><y>cylindrical</y><z>twoFold</z></symmetry><detectionScore>-1.0</detectionScore></element><element><id>11</id><category>wall</category><bounds><corner1>-0.08731622466893318, -0.5527800803432332, -1.4075394748778831</corner1><corner2>0.08731622466893318, 0.5527800803432332, 1.4075394748778831</corner2></bounds><pose><translation>3.0046600590270285, -4.347185011799043, -0.20874668003875602</translation><rotation><c1>0, 0, 0</c1><c2>0, 0, 0</c2><c3>0, 0, 0</c3></rotation></pose><symmetry><x>twoFold</x><y>cylindrical</y><z>twoFold</z></symmetry><detectionScore>-1.0</detectionScore></element><element><id>12</id><category>wall</category><bounds><corner1>-0.4099250012558784, -8.231211865637388, -1.336822816366768</corner1><corner2>0.4099250012558784, 8.231211865637388, 1.336822816366768</corner2></bounds><pose><translation>4.470891565101332, 7.5838400282974705, -0.05810333928148547</translation><rotation><c1>0, 0, 0</c1><c2>0, 0, 0</c2><c3>0, 0, 0</c3></rotation></pose><symmetry><x>twoFold</x><y>cylindrical</y><z>twoFold</z></symmetry><detectionScore>-1.0</detectionScore></element><element><id>13</id><category>wall</category><bounds><corner1>-3.4345873252644497, -0.6611910357001314, -1.3079407368562344</corner1><corner2>3.4345873252644497, 0.6611910357001314, 1.3079407368562344</corner2></bounds><pose><translation>1.255502791005088, 16.023295023573503, -0.0796454200819526</translation><rotation><c1>0, 0, 0</c1><c2>0, 0, 0</c2><c3>0, 0, 0</c3></rotation></pose><symmetry><x>twoFold</x><y>cylindrical</y><z>twoFold</z></symmetry><detectionScore>-1.0</detectionScore></element><element><id>14</id><category>plant</category><bounds><corner1>-0.1599044511364811, -0.758589066084089, -0.9044281550987575</corner1><corner2>0.1599044511364811, 0.758589066084089, 0.9044281550987575</corner2></bounds><pose><translation>4.915160856839606, -2.7151427433105377, -0.951618500137321</translation><rotation><c1>0, 0, 0</c1><c2>0, 0, 0</c2><c3>0, 0, 0</c3></rotation></pose><symmetry><x>twoFold</x><y>cylindrical</y><z>twoFold</z></symmetry><detectionScore>-1.0</detectionScore></element><element><id>15</id><category>table_and_chair</category><bounds><corner1>-3.326969709448861, -8.248615826059861, -0.585992876656015</corner1><corner2>3.326969709448861, 8.248615826059861, 0.585992876656015</corner2></bounds><pose><translation>1.5199017179058791, 7.8492786477148435, -1.0662183665659337</translation><rotation><c1>0, 0, 0</c1><c2>0, 0, 0</c2><c3>0, 0, 0</c3></rotation></pose><symmetry><x>twoFold</x><y>cylindrical</y><z>twoFold</z></symmetry><detectionScore>-1.0</detectionScore></element><element><id>16</id><category>mirror</category><bounds><corner1>-0.12403861314435272, -0.5212644887543196, -0.6027530061694043</corner1><corner2>0.12403861314435272, 0.5212644887543196, 0.6027530061694043</corner2></bounds><pose><translation>4.927282946117989, 2.650304644386937, -0.6659425314491515</translation><rotation><c1>0, 0, 0</c1><c2>0, 0, 0</c2><c3>0, 0, 0</c3></rotation></pose><symmetry><x>twoFold</x><y>cylindrical</y><z>twoFold</z></symmetry><detectionScore>-1.0</detectionScore></element><element><id>17</id><category>wall</category><bounds><corner1>-0.11396129145072997, -0.4838645256610219, -1.439056013377999</corner1><corner2>0.11396129145072997, 0.4838645256610219, 1.439056013377999</corner2></bounds><pose><translation>2.791507978771951, -4.294553035611524, -0.18424197927463185</translation><rotation><c1>0, 0, 0</c1><c2>0, 0, 0</c2><c3>0, 0, 0</c3></rotation></pose><symmetry><x>twoFold</x><y>cylindrical</y><z>twoFold</z></symmetry><detectionScore>-1.0</detectionScore></element><element><id>18</id><category>books</category><bounds><corner1>-0.059283366194346154, -0.49438486998307996, -0.23912140152517586</corner1><corner2>0.059283366194346154, 0.49438486998307996, 0.23912140152517586</corner2></bounds><pose><translation>-1.6512926930327718, 1.2038252474353068, 0.3307939486411324</translation><rotation><c1>0, 0, 0</c1><c2>0, 0, 0</c2><c3>0, 0, 0</c3></rotation></pose><symmetry><x>twoFold</x><y>cylindrical</y><z>twoFold</z></symmetry><detectionScore>-1.0</detectionScore></element><element><id>19</id><category>wall</category><bounds><corner1>-1.529483316948583, -0.5312428474098416, -1.455002590049804</corner1><corner2>1.529483316948583, 0.5312428474098416, 1.455002590049804</corner2></bounds><pose><translation>1.6661507115072032, -4.360566131769339, -0.13242627363821213</translation><rotation><c1>0, 0, 0</c1><c2>0, 0, 0</c2><c3>0, 0, 0</c3></rotation></pose><symmetry><x>twoFold</x><y>cylindrical</y><z>twoFold</z></symmetry><detectionScore>-1.0</detectionScore></element><element><id>20</id><category>wall</category><bounds><corner1>-0.13853594337172392, -0.44735266192334144, -1.4328396699333796</corner1><corner2>0.13853594337172392, 0.44735266192334144, 1.4328396699333796</corner2></bounds><pose><translation>2.6131411188011846, -4.259953176735163, -0.19929001740847135</translation><rotation><c1>0, 0, 0</c1><c2>0, 0, 0</c2><c3>0, 0, 0</c3></rotation></pose><symmetry><x>twoFold</x><y>cylindrical</y><z>twoFold</z></symmetry><detectionScore>-1.0</detectionScore></element><element><id>21</id><category>armchair</category><bounds><corner1>-3.1642087857155423, -3.245681216072801, -0.22607034573599671</corner1><corner2>3.1642087857155423, 3.245681216072801, 0.22607034573599671</corner2></bounds><pose><translation>1.828764089612434, 1.130412745604511, -0.8505669475804215</translation><rotation><c1>0, 0, 0</c1><c2>0, 0, 0</c2><c3>0, 0, 0</c3></rotation></pose><symmetry><x>twoFold</x><y>cylindrical</y><z>twoFold</z></symmetry><detectionScore>-1.0</detectionScore></element><element><id>22</id><category>person</category><bounds><corner1>-0.9327729448859143, -1.4880416893799913, -1.0190680610620562</corner1><corner2>0.9327729448859143, 1.4880416893799913, 1.0190680610620562</corner2></bounds><pose><translation>4.003477193317253, 4.404619891064061, -0.8224428708779048</translation><rotation><c1>0, 0, 0</c1><c2>0, 0, 0</c2><c3>0, 0, 0</c3></rotation></pose><symmetry><x>twoFold</x><y>cylindrical</y><z>twoFold</z></symmetry><detectionScore>-1.0</detectionScore></element><element><id>23</id><category>books</category><bounds><corner1>-0.12097124715747554, -0.5001509544315603, -0.20616816370560315</corner1><corner2>0.12097124715747554, 0.5001509544315603, 0.20616816370560315</corner2></bounds><pose><translation>-1.6488969367263302, 1.8458219480887748, -0.6542732297862497</translation><rotation><c1>0, 0, 0</c1><c2>0, 0, 0</c2><c3>0, 0, 0</c3></rotation></pose><symmetry><x>twoFold</x><y>cylindrical</y><z>twoFold</z></symmetry><detectionScore>-1.0</detectionScore></element><element><id>24</id><category>wall</category><bounds><corner1>-1.0854518307472711, -0.6567787808902721, -1.567703435251847</corner1><corner2>1.0854518307472711, 0.6567787808902721, 1.567703435251847</corner2></bounds><pose><translation>-0.8392336051024414, -3.8717508399426723, -0.18577940078772145</translation><rotation><c1>0, 0, 0</c1><c2>0, 0, 0</c2><c3>0, 0, 0</c3></rotation></pose><symmetry><x>twoFold</x><y>cylindrical</y><z>twoFold</z></symmetry><detectionScore>-1.0</detectionScore></element><element><id>25</id><category>plant</category><bounds><corner1>-1.5884578651025443, -8.812431019882922, -0.6625388216487353</corner1><corner2>1.5884578651025443, 8.812431019882922, 0.6625388216487353</corner2></bounds><pose><translation>-0.43584611713715604, 3.433161664751298, -0.8359040313277937</translation><rotation><c1>0, 0, 0</c1><c2>0, 0, 0</c2><c3>0, 0, 0</c3></rotation></pose><symmetry><x>twoFold</x><y>cylindrical</y><z>twoFold</z></symmetry><detectionScore>-1.0</detectionScore></element><element><id>26</id><category>dining_table</category><bounds><corner1>-3.360875065346346, -8.006036965386329, -0.5781262653491429</corner1><corner2>3.360875065346346, 8.006036965386329, 0.5781262653491429</corner2></bounds><pose><translation>1.4327367875821233, 7.822674708831525, -1.0692017414347272</translation><rotation><c1>0, 0, 0</c1><c2>0, 0, 0</c2><c3>0, 0, 0</c3></rotation></pose><symmetry><x>twoFold</x><y>cylindrical</y><z>twoFold</z></symmetry><detectionScore>-1.0</detectionScore></element><element><id>27</id><category>coffee_table</category><bounds><corner1>-1.5796822806635729, -0.5205128338689036, -0.08180275136444304</corner1><corner2>1.5796822806635729, 0.5205128338689036, 0.08180275136444304</corner2></bounds><pose><translation>2.098590919092886, -0.8323438258371967, -1.1650903679265834</translation><rotation><c1>0, 0, 0</c1><c2>0, 0, 0</c2><c3>0, 0, 0</c3></rotation></pose><symmetry><x>twoFold</x><y>cylindrical</y><z>twoFold</z></symmetry><detectionScore>-1.0</detectionScore></element><element><id>28</id><category>floor_lamp</category><bounds><corner1>-0.17963515391463858, -0.9042333968328817, -0.7791788719549929</corner1><corner2>0.17963515391463858, 0.9042333968328817, 0.7791788719549929</corner2></bounds><pose><translation>4.871313877073179, 2.3104069676245516, -0.7551169907402353</translation><rotation><c1>0, 0, 0</c1><c2>0, 0, 0</c2><c3>0, 0, 0</c3></rotation></pose><symmetry><x>twoFold</x><y>cylindrical</y><z>twoFold</z></symmetry><detectionScore>-1.0</detectionScore></element><element><id>29</id><category>plant</category><bounds><corner1>-2.5778774582492243, -12.961119672264866, -2.027535161172651</corner1><corner2>2.5778774582492243, 12.961119672264866, 2.027535161172651</corner2></bounds><pose><translation>-0.8414087071937119, 3.4280684887575372, -0.7490558308461367</translation><rotation><c1>0, 0, 0</c1><c2>0, 0, 0</c2><c3>0, 0, 0</c3></rotation></pose><symmetry><x>twoFold</x><y>cylindrical</y><z>twoFold</z></symmetry><detectionScore>-1.0</detectionScore></element><element><id>30</id><category>wall</category><bounds><corner1>-0.10768295233184544, -0.47955959501945866, -1.400228586902127</corner1><corner2>0.10768295233184544, 0.47955959501945866, 1.400228586902127</corner2></bounds><pose><translation>2.7124593334234683, -4.282000044416446, -0.2516618747073203</translation><rotation><c1>0, 0, 0</c1><c2>0, 0, 0</c2><c3>0, 0, 0</c3></rotation></pose><symmetry><x>twoFold</x><y>cylindrical</y><z>twoFold</z></symmetry><detectionScore>-1.0</detectionScore></element></elements></scene>