<?xml version='1.0' encoding='utf-8'?>
<scene xmlns:sumo="https://www.sumochallenge.org"><version>2.0</version><categories><id>fb_categories_v1.0</id><url>https://sumochallenge.org/en/categories-1_0.json</url></categories><project_type>bounding_box</project_type><elements><element><id>11</id><category>wall</category><bounds><corner1>-0.09449307, -1.25814994, -2.29405006</corner1><corner2>0.09449307, 1.25814994, 2.29405006</corner2></bounds><pose><translation> 3.78163676, -0.19605433,  0.04825228</translation><rotation><c1>1., 0., 0.</c1><c2>0., 1., 0.</c2><c3>0., 0., 1.</c3></rotation></pose><symmetry><x>none</x><y>none</y><z>none</z></symmetry><detectionScore>-1</detectionScore></element><element><id>7</id><category>desk</category><bounds><corner1>-0.64761333, -0.37672835, -0.5460463 </corner1><corner2>0.64761333, 0.37672835, 0.5460463 </corner2></bounds><pose><translation>-0.14022177, -0.87961544,  2.04389234</translation><rotation><c1>1., 0., 0.</c1><c2>0., 1., 0.</c2><c3>0., 0., 1.</c3></rotation></pose><symmetry><x>none</x><y>none</y><z>none</z></symmetry><detectionScore>-1</detectionScore></element><element><id>5</id><category>desk</category><bounds><corner1>-1.7572164 , -0.67334892, -0.4594533 </corner1><corner2>1.7572164 , 0.67334892, 0.4594533 </corner2></bounds><pose><translation>-2.92422051, -1.15087552,  0.83522543</translation><rotation><c1>1., 0., 0.</c1><c2>0., 1., 0.</c2><c3>0., 0., 1.</c3></rotation></pose><symmetry><x>none</x><y>none</y><z>none</z></symmetry><detectionScore>-1</detectionScore></element><element><id>3</id><category>stand</category><bounds><corner1>-0.42684899, -0.21361264, -0.41375882</corner1><corner2>0.42684899, 0.21361264, 0.41375882</corner2></bounds><pose><translation> 1.1875201 , -1.11865359,  2.05608411</translation><rotation><c1>1., 0., 0.</c1><c2>0., 1., 0.</c2><c3>0., 0., 1.</c3></rotation></pose><symmetry><x>none</x><y>none</y><z>none</z></symmetry><detectionScore>-1</detectionScore></element><element><id>9</id><category>table_lamp</category><bounds><corner1>-0.33362819, -0.24247815, -0.2260354 </corner1><corner2>0.33362819, 0.24247815, 0.2260354 </corner2></bounds><pose><translation> 1.28095046, -0.81839152,  2.3921519 </translation><rotation><c1>1., 0., 0.</c1><c2>0., 1., 0.</c2><c3>0., 0., 1.</c3></rotation></pose><symmetry><x>none</x><y>none</y><z>none</z></symmetry><detectionScore>-1</detectionScore></element><element><id>10</id><category>chandelier</category><bounds><corner1>-2.16426292, -0.02252797, -0.77539226</corner1><corner2>2.16426292, 0.02252797, 0.77539226</corner2></bounds><pose><translation>1.62000253, 1.18492909, 0.21450625</translation><rotation><c1>1., 0., 0.</c1><c2>0., 1., 0.</c2><c3>0., 0., 1.</c3></rotation></pose><symmetry><x>none</x><y>none</y><z>none</z></symmetry><detectionScore>-1</detectionScore></element><element><id>4</id><category>wall</category><bounds><corner1>-0.86598238, -1.0778401 , -2.28237736</corner1><corner2>0.86598238, 1.0778401 , 2.28237736</corner2></bounds><pose><translation>-2.04701058, -0.0815883 ,  0.07825419</translation><rotation><c1>1., 0., 0.</c1><c2>0., 1., 0.</c2><c3>0., 0., 1.</c3></rotation></pose><symmetry><x>none</x><y>none</y><z>none</z></symmetry><detectionScore>-1</detectionScore></element><element><id>2</id><category>chandelier</category><bounds><corner1>-0.06899277, -0.77981933, -0.68748544</corner1><corner2>0.06899277, 0.77981933, 0.68748544</corner2></bounds><pose><translation>-1.22699036,  0.41004963,  0.02966363</translation><rotation><c1>1., 0., 0.</c1><c2>0., 1., 0.</c2><c3>0., 0., 1.</c3></rotation></pose><symmetry><x>none</x><y>none</y><z>none</z></symmetry><detectionScore>-1</detectionScore></element><element><id>1</id><category>window</category><bounds><corner1>-0.06344772, -0.66639608, -0.97808599</corner1><corner2>0.06344772, 0.66639608, 0.97808599</corner2></bounds><pose><translation>3.85089543, 0.06366555, 1.36213427</translation><rotation><c1>1., 0., 0.</c1><c2>0., 1., 0.</c2><c3>0., 0., 1.</c3></rotation></pose><symmetry><x>none</x><y>none</y><z>none</z></symmetry><detectionScore>-1</detectionScore></element><element><id>8</id><category>door</category><bounds><corner1>-1.12737896, -1.13235716, -0.52907002</corner1><corner2>1.12737896, 1.13235716, 0.52907002</corner2></bounds><pose><translation> 0.04064656, -0.21735045, -1.9330949 </translation><rotation><c1>1., 0., 0.</c1><c2>0., 1., 0.</c2><c3>0., 0., 1.</c3></rotation></pose><symmetry><x>none</x><y>none</y><z>none</z></symmetry><detectionScore>-1</detectionScore></element></elements></scene>