<?xml version='1.0' encoding='utf-8'?>
<scene xmlns:sumo="https://www.sumochallenge.org"><version>2.0</version><categories><id>fb_categories_v1.0</id><url>https://sumochallenge.org/en/categories-1_0.json</url></categories><project_type>bounding_box</project_type><elements><element><id>6</id><category>door</category><bounds><corner1>-1.09158925, -0.93847287, -1.27101974</corner1><corner2>1.09158925, 0.93847287, 1.27101974</corner2></bounds><pose><translation>-2.96418066, -0.36386194,  3.47231757</translation><rotation><c1>1., 0., 0.</c1><c2>0., 1., 0.</c2><c3>0., 0., 1.</c3></rotation></pose><symmetry><x>none</x><y>none</y><z>none</z></symmetry><detectionScore>-1</detectionScore></element><element><id>5</id><category>tv_stand</category><bounds><corner1>-9.4710966 , -0.78699194, -3.61889618</corner1><corner2>9.4710966 , 0.78699194, 3.61889618</corner2></bounds><pose><translation> 3.82863457, -0.7981222 ,  0.92358749</translation><rotation><c1>1., 0., 0.</c1><c2>0., 1., 0.</c2><c3>0., 0., 1.</c3></rotation></pose><symmetry><x>none</x><y>none</y><z>none</z></symmetry><detectionScore>-1</detectionScore></element><element><id>3</id><category>garage_door</category><bounds><corner1>-1.99914027, -1.38139162, -4.66438787</corner1><corner2>1.99914027, 1.38139162, 4.66438787</corner2></bounds><pose><translation>-1.33841376, -0.33728991,  6.28908348</translation><rotation><c1>1., 0., 0.</c1><c2>0., 1., 0.</c2><c3>0., 0., 1.</c3></rotation></pose><symmetry><x>none</x><y>none</y><z>none</z></symmetry><detectionScore>-1</detectionScore></element><element><id>4</id><category>wall</category><bounds><corner1>-2.11940286, -1.24486765, -1.47648699</corner1><corner2>2.11940286, 1.24486765, 1.47648699</corner2></bounds><pose><translation> 2.82807523, -0.14966773,  5.73112467</translation><rotation><c1>1., 0., 0.</c1><c2>0., 1., 0.</c2><c3>0., 0., 1.</c3></rotation></pose><symmetry><x>none</x><y>none</y><z>none</z></symmetry><detectionScore>-1</detectionScore></element><element><id>2</id><category>wall</category><bounds><corner1>-9.33461295, -1.39835289, -4.42947986</corner1><corner2>9.33461295, 1.39835289, 4.42947986</corner2></bounds><pose><translation> 4.13080236, -0.29815984,  0.8870736 </translation><rotation><c1>1., 0., 0.</c1><c2>0., 1., 0.</c2><c3>0., 0., 1.</c3></rotation></pose><symmetry><x>none</x><y>none</y><z>none</z></symmetry><detectionScore>-1</detectionScore></element><element><id>1</id><category>armchair</category><bounds><corner1>-0.3131021 , -0.42382043, -0.49574106</corner1><corner2>0.3131021 , 0.42382043, 0.49574106</corner2></bounds><pose><translation>-1.998072  , -1.00914699, -0.65937612</translation><rotation><c1>1., 0., 0.</c1><c2>0., 1., 0.</c2><c3>0., 0., 1.</c3></rotation></pose><symmetry><x>none</x><y>none</y><z>none</z></symmetry><detectionScore>-1</detectionScore></element></elements></scene>