<?xml version='1.0' encoding='utf-8'?>
<scene xmlns:sumo="https://www.sumochallenge.org"><version>2.0</version><categories><id>fb_categories_v1.0</id><url>https://sumochallenge.org/en/categories-1_0.json</url></categories><project_type>bounding_box</project_type><elements><element><id>2</id><category>wall_lamp</category><bounds><corner1>-0.23573794, -0.32450076, -0.3269242 </corner1><corner2>0.23573794, 0.32450076, 0.3269242 </corner2></bounds><pose><translation>-1.16595857,  0.3164443 , -1.80293438</translation><rotation><c1>1., 0., 0.</c1><c2>0., 1., 0.</c2><c3>0., 0., 1.</c3></rotation></pose><symmetry><x>none</x><y>none</y><z>none</z></symmetry><detectionScore>0.5867153</detectionScore></element><element><id>1</id><category>door</category><bounds><corner1>-0.04892907, -0.86757259, -0.64695543</corner1><corner2>0.04892907, 0.86757259, 0.64695543</corner2></bounds><pose><translation>-1.16919561, -0.22600578, -2.77385812</translation><rotation><c1>1., 0., 0.</c1><c2>0., 1., 0.</c2><c3>0., 0., 1.</c3></rotation></pose><symmetry><x>twoFold</x><y>twoFold</y><z>twoFold</z></symmetry><detectionScore>0.97064316</detectionScore></element><element><id>3</id><category>shelving</category><bounds><corner1>-0.22098658, -0.17125549, -0.31569185</corner1><corner2>0.22098658, 0.17125549, 0.31569185</corner2></bounds><pose><translation>-1.10497147,  0.29726356, -0.54506025</translation><rotation><c1>1., 0., 0.</c1><c2>0., 1., 0.</c2><c3>0., 0., 1.</c3></rotation></pose><symmetry><x>twoFold</x><y>twoFold</y><z>twoFold</z></symmetry><detectionScore>0.7758733</detectionScore></element></elements></scene>