<?xml version='1.0' encoding='utf-8'?>
<scene xmlns:sumo="https://www.sumochallenge.org"><version>2.0</version><categories><id>fb_categories_v1_0</id><url>https://sumochallenge.org/en/categories-1_0.json</url></categories><project_type>bounding_box</project_type><elements><element><id>0</id><category>rug</category><bounds><corner1>-0.555298934315323, -0.5816027440280085, -0.1607231390774374</corner1><corner2>0.555298934315323, 0.5816027440280085, 0.1607231390774374</corner2></bounds><pose><translation>0.9923586512523643, -2.210286786840748, -0.8508142246257483</translation><rotation><c1>0, 0, 0</c1><c2>0, 0, 0</c2><c3>0, 0, 0</c3></rotation></pose><symmetry><x>twoFold</x><y>cylindrical</y><z>twoFold</z></symmetry><detectionScore>-1.0</detectionScore></element><element><id>1</id><category>ironing_board</category><bounds><corner1>-0.5615879879393317, -0.6918733267681785, -0.21596189567091428</corner1><corner2>0.5615879879393317, 0.6918733267681785, 0.21596189567091428</corner2></bounds><pose><translation>1.014133784065427, -2.1495967114695813, -0.878486470889629</translation><rotation><c1>0, 0, 0</c1><c2>0, 0, 0</c2><c3>0, 0, 0</c3></rotation></pose><symmetry><x>twoFold</x><y>cylindrical</y><z>twoFold</z></symmetry><detectionScore>-1.0</detectionScore></element><element><id>2</id><category>dresser</category><bounds><corner1>-1.6209625198345206, -1.3686145702453252, -0.21330144901641357</corner1><corner2>1.6209625198345206, 1.3686145702453252, 0.21330144901641357</corner2></bounds><pose><translation>-0.08442792722042561, 1.5007307380516965, -1.0113975318653021</translation><rotation><c1>0, 0, 0</c1><c2>0, 0, 0</c2><c3>0, 0, 0</c3></rotation></pose><symmetry><x>twoFold</x><y>cylindrical</y><z>twoFold</z></symmetry><detectionScore>-1.0</detectionScore></element><element><id>3</id><category>computer</category><bounds><corner1>-0.4661607715398767, -1.615730448755728, -0.25474095097256233</corner1><corner2>0.4661607715398767, 1.615730448755728, 0.25474095097256233</corner2></bounds><pose><translation>-0.05356298557137067, 1.943522268145155, -0.822091150407877</translation><rotation><c1>0, 0, 0</c1><c2>0, 0, 0</c2><c3>0, 0, 0</c3></rotation></pose><symmetry><x>twoFold</x><y>cylindrical</y><z>twoFold</z></symmetry><detectionScore>-1.0</detectionScore></element><element><id>4</id><category>loudspeaker</category><bounds><corner1>-0.0832492320320084, -0.2438098706791444, -0.4679398609324906</corner1><corner2>0.0832492320320084, 0.2438098706791444, 0.4679398609324906</corner2></bounds><pose><translation>-1.8629331752639375, -0.5443160361773958, -1.0864975693470489</translation><rotation><c1>0, 0, 0</c1><c2>0, 0, 0</c2><c3>0, 0, 0</c3></rotation></pose><symmetry><x>twoFold</x><y>cylindrical</y><z>twoFold</z></symmetry><detectionScore>-1.0</detectionScore></element><element><id>5</id><category>atm</category><bounds><corner1>-0.5511581798198746, -0.7067225637760819, -0.352837103488078</corner1><corner2>0.5511581798198746, 0.7067225637760819, 0.352837103488078</corner2></bounds><pose><translation>-0.05367975916863621, 2.86617975658376, -0.7868075042681398</translation><rotation><c1>0, 0, 0</c1><c2>0, 0, 0</c2><c3>0, 0, 0</c3></rotation></pose><symmetry><x>twoFold</x><y>cylindrical</y><z>twoFold</z></symmetry><detectionScore>-1.0</detectionScore></element><element><id>6</id><category>wall</category><bounds><corner1>-1.625005485012965, -0.0812137796249055, -1.446601289560099</corner1><corner2>1.625005485012965, 0.0812137796249055, 1.446601289560099</corner2></bounds><pose><translation>-0.20549383852349687, 3.494907628337585, -0.08590767412007069</translation><rotation><c1>0, 0, 0</c1><c2>0, 0, 0</c2><c3>0, 0, 0</c3></rotation></pose><symmetry><x>twoFold</x><y>cylindrical</y><z>twoFold</z></symmetry><detectionScore>-1.0</detectionScore></element><element><id>7</id><category>iron</category><bounds><corner1>-0.5958767212838194, -0.14104006469686525, -0.1602362763801295</corner1><corner2>0.5958767212838194, 0.14104006469686525, 0.1602362763801295</corner2></bounds><pose><translation>0.9583287717858029, -1.6694730592660139, -0.8566206793498009</translation><rotation><c1>0, 0, 0</c1><c2>0, 0, 0</c2><c3>0, 0, 0</c3></rotation></pose><symmetry><x>twoFold</x><y>cylindrical</y><z>twoFold</z></symmetry><detectionScore>-1.0</detectionScore></element><element><id>8</id><category>wall</category><bounds><corner1>-1.5056692226063884, -2.7144521778650597, -1.3245838267728678</corner1><corner2>1.5056692226063884, 2.7144521778650597, 1.3245838267728678</corner2></bounds><pose><translation>-0.10319235972817435, -6.318320354568818, -0.10892954492872041</translation><rotation><c1>0, 0, 0</c1><c2>0, 0, 0</c2><c3>0, 0, 0</c3></rotation></pose><symmetry><x>twoFold</x><y>cylindrical</y><z>twoFold</z></symmetry><detectionScore>-1.0</detectionScore></element><element><id>9</id><category>chandelier</category><bounds><corner1>-0.3459850591726529, -1.4661243966373307, -0.09194134220211092</corner1><corner2>0.3459850591726529, 1.4661243966373307, 0.09194134220211092</corner2></bounds><pose><translation>-0.41140528145817523, 2.0712676913742074, 1.4271779433461131</translation><rotation><c1>0, 0, 0</c1><c2>0, 0, 0</c2><c3>0, 0, 0</c3></rotation></pose><symmetry><x>twoFold</x><y>cylindrical</y><z>twoFold</z></symmetry><detectionScore>-1.0</detectionScore></element><element><id>10</id><category>chandelier</category><bounds><corner1>-0.4502144941019954, -0.5448884250433332, -0.06561006324431684</corner1><corner2>0.4502144941019954, 0.5448884250433332, 0.06561006324431684</corner2></bounds><pose><translation>-0.4775606054420346, -3.474174885707066, 1.3468736554610645</translation><rotation><c1>0, 0, 0</c1><c2>0, 0, 0</c2><c3>0, 0, 0</c3></rotation></pose><symmetry><x>twoFold</x><y>cylindrical</y><z>twoFold</z></symmetry><detectionScore>-1.0</detectionScore></element><element><id>11</id><category>loudspeaker</category><bounds><corner1>-0.294777963618164, -0.09807687804865894, -0.6153500480853137</corner1><corner2>0.294777963618164, 0.09807687804865894, 0.6153500480853137</corner2></bounds><pose><translation>-1.7898824117514966, -2.5033458980890124, -1.1603809527121096</translation><rotation><c1>0, 0, 0</c1><c2>0, 0, 0</c2><c3>0, 0, 0</c3></rotation></pose><symmetry><x>twoFold</x><y>cylindrical</y><z>twoFold</z></symmetry><detectionScore>-1.0</detectionScore></element><element><id>12</id><category>stairs</category><bounds><corner1>-1.041126096695095, -1.7122057833946691, -1.0317114262766733</corner1><corner2>1.041126096695095, 1.7122057833946691, 1.0317114262766733</corner2></bounds><pose><translation>-0.6380215805870455, -4.364812861086149, 0.39564449264455814</translation><rotation><c1>0, 0, 0</c1><c2>0, 0, 0</c2><c3>0, 0, 0</c3></rotation></pose><symmetry><x>twoFold</x><y>cylindrical</y><z>twoFold</z></symmetry><detectionScore>-1.0</detectionScore></element><element><id>13</id><category>laptop</category><bounds><corner1>-0.3138739338156624, -1.607677019006714, -0.1764497697559846</corner1><corner2>0.3138739338156624, 1.607677019006714, 0.1764497697559846</corner2></bounds><pose><translation>-0.08280262848458098, 1.9190718043439328, -0.8036270179126576</translation><rotation><c1>0, 0, 0</c1><c2>0, 0, 0</c2><c3>0, 0, 0</c3></rotation></pose><symmetry><x>twoFold</x><y>cylindrical</y><z>twoFold</z></symmetry><detectionScore>-1.0</detectionScore></element><element><id>14</id><category>dresser</category><bounds><corner1>-0.9498704509394288, -1.7188553077791504, -0.23347248214828253</corner1><corner2>0.9498704509394288, 1.7188553077791504, 0.23347248214828253</corner2></bounds><pose><translation>0.5976984654411271, 1.7721839032192557, -0.9243668065394117</translation><rotation><c1>0, 0, 0</c1><c2>0, 0, 0</c2><c3>0, 0, 0</c3></rotation></pose><symmetry><x>twoFold</x><y>cylindrical</y><z>twoFold</z></symmetry><detectionScore>-1.0</detectionScore></element><element><id>15</id><category>stand</category><bounds><corner1>-0.9387920814387132, -1.7384342429454396, -0.2176488736796064</corner1><corner2>0.9387920814387132, 1.7384342429454396, 0.2176488736796064</corner2></bounds><pose><translation>0.6053803777900484, 1.7453874236328506, -0.926132445786211</translation><rotation><c1>0, 0, 0</c1><c2>0, 0, 0</c2><c3>0, 0, 0</c3></rotation></pose><symmetry><x>twoFold</x><y>cylindrical</y><z>twoFold</z></symmetry><detectionScore>-1.0</detectionScore></element><element><id>16</id><category>water_dispenser</category><bounds><corner1>-0.12319460845139929, -0.3478359086194204, -0.7676671261795638</corner1><corner2>0.12319460845139929, 0.3478359086194204, 0.7676671261795638</corner2></bounds><pose><translation>-1.8579274022709364, 0.24858620491628217, -0.8335493928491424</translation><rotation><c1>0, 0, 0</c1><c2>0, 0, 0</c2><c3>0, 0, 0</c3></rotation></pose><symmetry><x>twoFold</x><y>cylindrical</y><z>twoFold</z></symmetry><detectionScore>-1.0</detectionScore></element></elements></scene>