<?xml version='1.0' encoding='utf-8'?>
<scene xmlns:sumo="https://www.sumochallenge.org"><version>2.0</version><categories><id>fb_categories_v1_0</id><url>https://sumochallenge.org/en/categories-1_0.json</url></categories><project_type>bounding_box</project_type><elements><element><id>0</id><category>hanging_kitchen_cabinet</category><bounds><corner1>-4.196227932853513, -0.04199700423749153, -0.1073633985981568</corner1><corner2>4.196227932853513, 0.04199700423749153, 0.1073633985981568</corner2></bounds><pose><translation>1.5475429124873503, -1.9795369570157682, 0.13471518126127496</translation><rotation><c1>0, 0, 0</c1><c2>0, 0, 0</c2><c3>0, 0, 0</c3></rotation></pose><symmetry><x>twoFold</x><y>cylindrical</y><z>twoFold</z></symmetry><detectionScore>-1.0</detectionScore></element><element><id>1</id><category>shelving</category><bounds><corner1>-4.202208099275979, -0.04154587101136076, -0.10471869979787421</corner1><corner2>4.202208099275979, 0.04154587101136076, 0.10471869979787421</corner2></bounds><pose><translation>1.5385101580010299, -1.9790858237896374, 0.13760491904522618</translation><rotation><c1>0, 0, 0</c1><c2>0, 0, 0</c2><c3>0, 0, 0</c3></rotation></pose><symmetry><x>twoFold</x><y>cylindrical</y><z>twoFold</z></symmetry><detectionScore>-1.0</detectionScore></element><element><id>2</id><category>wall</category><bounds><corner1>-4.3502820541250955, -2.011865977191179, -1.4890560330493066</corner1><corner2>4.3502820541250955, 2.011865977191179, 1.4890560330493066</corner2></bounds><pose><translation>-0.4270921528980471, -4.0342846601009565, -0.15775972380671216</translation><rotation><c1>0, 0, 0</c1><c2>0, 0, 0</c2><c3>0, 0, 0</c3></rotation></pose><symmetry><x>twoFold</x><y>cylindrical</y><z>twoFold</z></symmetry><detectionScore>-1.0</detectionScore></element><element><id>3</id><category>wall</category><bounds><corner1>-5.016294564259838, -2.077482252360886, -0.7562445633742655</corner1><corner2>5.016294564259838, 2.077482252360886, 0.7562445633742655</corner2></bounds><pose><translation>0.5196256550329198, -4.085977071007755, -0.0045965829069924205</translation><rotation><c1>0, 0, 0</c1><c2>0, 0, 0</c2><c3>0, 0, 0</c3></rotation></pose><symmetry><x>twoFold</x><y>cylindrical</y><z>twoFold</z></symmetry><detectionScore>-1.0</detectionScore></element><element><id>4</id><category>hanging_kitchen_cabinet</category><bounds><corner1>-4.388340773842474, -0.05629763149121292, -0.20956223447167907</corner1><corner2>4.388340773842474, 0.05629763149121292, 0.20956223447167907</corner2></bounds><pose><translation>1.3057155215153076, -2.0056887557008163, 0.20408210524838896</translation><rotation><c1>0, 0, 0</c1><c2>0, 0, 0</c2><c3>0, 0, 0</c3></rotation></pose><symmetry><x>twoFold</x><y>cylindrical</y><z>twoFold</z></symmetry><detectionScore>-1.0</detectionScore></element><element><id>5</id><category>wall</category><bounds><corner1>-2.9444977329573567, -0.09116673875067605, -1.4654712205309322</corner1><corner2>2.9444977329573567, 0.09116673875067605, 1.4654712205309322</corner2></bounds><pose><translation>-0.10046150384531888, 3.7212375934739623, -0.1804127893210496</translation><rotation><c1>0, 0, 0</c1><c2>0, 0, 0</c2><c3>0, 0, 0</c3></rotation></pose><symmetry><x>twoFold</x><y>cylindrical</y><z>twoFold</z></symmetry><detectionScore>-1.0</detectionScore></element><element><id>6</id><category>door</category><bounds><corner1>-3.556416226234824, -2.6744220280269264, -0.5761965586004427</corner1><corner2>3.556416226234824, 2.6744220280269264, 0.5761965586004427</corner2></bounds><pose><translation>2.1499948227357097, -4.640130212993814, -0.32728570444561556</translation><rotation><c1>0, 0, 0</c1><c2>0, 0, 0</c2><c3>0, 0, 0</c3></rotation></pose><symmetry><x>twoFold</x><y>cylindrical</y><z>twoFold</z></symmetry><detectionScore>-1.0</detectionScore></element><element><id>7</id><category>wall</category><bounds><corner1>-3.983141804798189, -2.595181915562712, -0.44343181304470514</corner1><corner2>3.983141804798189, 2.595181915562712, 0.44343181304470514</corner2></bounds><pose><translation>1.731030229056124, -4.554712519012036, -0.06692654030444674</translation><rotation><c1>0, 0, 0</c1><c2>0, 0, 0</c2><c3>0, 0, 0</c3></rotation></pose><symmetry><x>twoFold</x><y>cylindrical</y><z>twoFold</z></symmetry><detectionScore>-1.0</detectionScore></element><element><id>8</id><category>chandelier</category><bounds><corner1>-1.4725324575476728, -0.9258942387284663, -0.07232155597184997</corner1><corner2>1.4725324575476728, 0.9258942387284663, 0.07232155597184997</corner2></bounds><pose><translation>4.367585041744016, 2.5843570373742066, 1.2865878589380633</translation><rotation><c1>0, 0, 0</c1><c2>0, 0, 0</c2><c3>0, 0, 0</c3></rotation></pose><symmetry><x>twoFold</x><y>cylindrical</y><z>twoFold</z></symmetry><detectionScore>-1.0</detectionScore></element><element><id>9</id><category>shower</category><bounds><corner1>-0.7366222180431417, -1.0784868520269857, -1.2236508083182611</corner1><corner2>0.7366222180431417, 1.0784868520269857, 1.2236508083182611</corner2></bounds><pose><translation>-2.1158114281462024, 0.8525048386433035, -0.4925384204243042</translation><rotation><c1>0, 0, 0</c1><c2>0, 0, 0</c2><c3>0, 0, 0</c3></rotation></pose><symmetry><x>twoFold</x><y>cylindrical</y><z>twoFold</z></symmetry><detectionScore>-1.0</detectionScore></element><element><id>10</id><category>kitchen_cabinet</category><bounds><corner1>-2.7583196556932634, -2.121594532801636, -1.6587353746420304</corner1><corner2>2.7583196556932634, 2.121594532801636, 1.6587353746420304</corner2></bounds><pose><translation>3.0868068625969887, -1.2778491271682615, -0.29427214325072504</translation><rotation><c1>0, 0, 0</c1><c2>0, 0, 0</c2><c3>0, 0, 0</c3></rotation></pose><symmetry><x>twoFold</x><y>cylindrical</y><z>twoFold</z></symmetry><detectionScore>-1.0</detectionScore></element><element><id>11</id><category>wall</category><bounds><corner1>-2.7896294495449023, -3.9294320491676937, -1.3337337645088208</corner1><corner2>2.7896294495449023, 3.9294320491676937, 1.3337337645088208</corner2></bounds><pose><translation>3.1125056620318263, -0.5092226801646729, -0.1406515069462012</translation><rotation><c1>0, 0, 0</c1><c2>0, 0, 0</c2><c3>0, 0, 0</c3></rotation></pose><symmetry><x>twoFold</x><y>cylindrical</y><z>twoFold</z></symmetry><detectionScore>-1.0</detectionScore></element><element><id>12</id><category>kitchen_cabinet</category><bounds><corner1>-4.648680568011878, -0.9799332365348481, -1.130885680026276</corner1><corner2>4.648680568011878, 0.9799332365348481, 1.130885680026276</corner2></bounds><pose><translation>0.8741679717899993, -2.9883028341293576, -0.2204035066768788</translation><rotation><c1>0, 0, 0</c1><c2>0, 0, 0</c2><c3>0, 0, 0</c3></rotation></pose><symmetry><x>twoFold</x><y>cylindrical</y><z>twoFold</z></symmetry><detectionScore>-1.0</detectionScore></element></elements></scene>