<?xml version='1.0' encoding='utf-8'?>
<scene xmlns:sumo="https://www.sumochallenge.org"><version>2.0</version><categories><id>fb_categories_v1.0</id><url>https://sumochallenge.org/en/categories-1_0.json</url></categories><project_type>bounding_box</project_type><elements><element><id>25</id><category>window</category><bounds><corner1> 2.28562486, -1.46434128, -0.94264705</corner1><corner2> 4.44217615,  1.65335234, -0.55679074</corner2></bounds><pose><translation>0., 0., 0.</translation><rotation><c1>1., 0., 0.</c1><c2>0., 1., 0.</c2><c3>0., 0., 1.</c3></rotation></pose><symmetry><x>none</x><y>none</y><z>none</z></symmetry><detectionScore>-1</detectionScore></element><element><id>24</id><category>plant</category><bounds><corner1> 1.64393827, -1.03921774, -0.94127338</corner1><corner2> 6.01289025,  2.52540201, -0.0830001 </corner2></bounds><pose><translation>0., 0., 0.</translation><rotation><c1>1., 0., 0.</c1><c2>0., 1., 0.</c2><c3>0., 0., 1.</c3></rotation></pose><symmetry><x>none</x><y>none</y><z>none</z></symmetry><detectionScore>-1</detectionScore></element><element><id>19</id><category>door</category><bounds><corner1>-2.18687227, -1.4696954 ,  0.        </corner1><corner2> 0.40903341,  1.19295198, 12.55989069</corner2></bounds><pose><translation>0., 0., 0.</translation><rotation><c1>1., 0., 0.</c1><c2>0., 1., 0.</c2><c3>0., 0., 1.</c3></rotation></pose><symmetry><x>none</x><y>none</y><z>none</z></symmetry><detectionScore>-1</detectionScore></element><element><id>17</id><category>chair</category><bounds><corner1> 3.55302713, -0.91377536,  4.35242757</corner1><corner2> 5.85176406, -0.39406961,  7.05942417</corner2></bounds><pose><translation>0., 0., 0.</translation><rotation><c1>1., 0., 0.</c1><c2>0., 1., 0.</c2><c3>0., 0., 1.</c3></rotation></pose><symmetry><x>none</x><y>none</y><z>none</z></symmetry><detectionScore>-1</detectionScore></element><element><id>12</id><category>window</category><bounds><corner1> 3.83487703, -0.2963583 ,  6.77227823</corner1><corner2>5.19904434, 0.99444977, 7.37347032</corner2></bounds><pose><translation>0., 0., 0.</translation><rotation><c1>1., 0., 0.</c1><c2>0., 1., 0.</c2><c3>0., 0., 1.</c3></rotation></pose><symmetry><x>none</x><y>none</y><z>none</z></symmetry><detectionScore>-1</detectionScore></element><element><id>36</id><category>chair</category><bounds><corner1> 1.85394883, -1.4763062 ,  0.55639327</corner1><corner2> 4.00845946, -0.7018713 ,  2.16040684</corner2></bounds><pose><translation>0., 0., 0.</translation><rotation><c1>1., 0., 0.</c1><c2>0., 1., 0.</c2><c3>0., 0., 1.</c3></rotation></pose><symmetry><x>none</x><y>none</y><z>none</z></symmetry><detectionScore>-1</detectionScore></element><element><id>44</id><category>coffee_table</category><bounds><corner1> 1.99394398, -1.4755815 , -0.3079927 </corner1><corner2> 5.87747243, -0.5953986 ,  0.9813705 </corner2></bounds><pose><translation>0., 0., 0.</translation><rotation><c1>1., 0., 0.</c1><c2>0., 1., 0.</c2><c3>0., 0., 1.</c3></rotation></pose><symmetry><x>none</x><y>none</y><z>none</z></symmetry><detectionScore>-1</detectionScore></element><element><id>7</id><category>wall</category><bounds><corner1> 2.23588763, -1.44875123, -0.93797289</corner1><corner2>6.03645437, 2.45502453, 1.7439643 </corner2></bounds><pose><translation>0., 0., 0.</translation><rotation><c1>1., 0., 0.</c1><c2>0., 1., 0.</c2><c3>0., 0., 1.</c3></rotation></pose><symmetry><x>none</x><y>none</y><z>none</z></symmetry><detectionScore>-1</detectionScore></element><element><id>10</id><category>wall</category><bounds><corner1> 1.89003724, -1.46541456, -0.9421736 </corner1><corner2> 4.05763302,  1.37786411, -0.50215545</corner2></bounds><pose><translation>0., 0., 0.</translation><rotation><c1>1., 0., 0.</c1><c2>0., 1., 0.</c2><c3>0., 0., 1.</c3></rotation></pose><symmetry><x>none</x><y>none</y><z>none</z></symmetry><detectionScore>-1</detectionScore></element><element><id>43</id><category>arch</category><bounds><corner1> 0.33710444, -1.46726439,  2.07200143</corner1><corner2>0.94732965, 1.19884488, 6.96484635</corner2></bounds><pose><translation>0., 0., 0.</translation><rotation><c1>1., 0., 0.</c1><c2>0., 1., 0.</c2><c3>0., 0., 1.</c3></rotation></pose><symmetry><x>none</x><y>none</y><z>none</z></symmetry><detectionScore>-1</detectionScore></element><element><id>26</id><category>chair</category><bounds><corner1> 3.23367006, -0.73186129,  4.45285525</corner1><corner2>5.6674243 , 0.0357858 , 7.37954618</corner2></bounds><pose><translation>0., 0., 0.</translation><rotation><c1>1., 0., 0.</c1><c2>0., 1., 0.</c2><c3>0., 0., 1.</c3></rotation></pose><symmetry><x>none</x><y>none</y><z>none</z></symmetry><detectionScore>-1</detectionScore></element><element><id>41</id><category>arch</category><bounds><corner1> 2.34899222, -1.4606851 , -0.94003643</corner1><corner2>6.03235901, 2.6255859 , 1.03762008</corner2></bounds><pose><translation>0., 0., 0.</translation><rotation><c1>1., 0., 0.</c1><c2>0., 1., 0.</c2><c3>0., 0., 1.</c3></rotation></pose><symmetry><x>none</x><y>none</y><z>none</z></symmetry><detectionScore>-1</detectionScore></element><element><id>2</id><category>stairs</category><bounds><corner1> 1.63903815, -1.4496472 , -0.93918148</corner1><corner2>6.02878804, 2.55199265, 1.44355281</corner2></bounds><pose><translation>0., 0., 0.</translation><rotation><c1>1., 0., 0.</c1><c2>0., 1., 0.</c2><c3>0., 0., 1.</c3></rotation></pose><symmetry><x>none</x><y>none</y><z>none</z></symmetry><detectionScore>-1</detectionScore></element><element><id>40</id><category>chandelier</category><bounds><corner1>0.18377744, 0.46649134, 0.49900344</corner1><corner2>1.55281374, 1.21042282, 1.74794315</corner2></bounds><pose><translation>0., 0., 0.</translation><rotation><c1>1., 0., 0.</c1><c2>0., 1., 0.</c2><c3>0., 0., 1.</c3></rotation></pose><symmetry><x>none</x><y>none</y><z>none</z></symmetry><detectionScore>-1</detectionScore></element><element><id>38</id><category>curtain</category><bounds><corner1> 3.57248973, -0.51042731,  5.3956891 </corner1><corner2>5.8259992 , 1.15728513, 7.36068002</corner2></bounds><pose><translation>0., 0., 0.</translation><rotation><c1>1., 0., 0.</c1><c2>0., 1., 0.</c2><c3>0., 0., 1.</c3></rotation></pose><symmetry><x>none</x><y>none</y><z>none</z></symmetry><detectionScore>-1</detectionScore></element><element><id>31</id><category>chair</category><bounds><corner1> 2.84939581, -1.46912063,  4.34070906</corner1><corner2> 5.66541784, -0.3952894 ,  7.11060432</corner2></bounds><pose><translation>0., 0., 0.</translation><rotation><c1>1., 0., 0.</c1><c2>0., 1., 0.</c2><c3>0., 0., 1.</c3></rotation></pose><symmetry><x>none</x><y>none</y><z>none</z></symmetry><detectionScore>-1</detectionScore></element><element><id>1</id><category>kitchen_cabinet</category><bounds><corner1> 3.22575311, -0.89181522,  4.47277169</corner1><corner2>5.81310312, 0.16844378, 7.37058522</corner2></bounds><pose><translation>0., 0., 0.</translation><rotation><c1>1., 0., 0.</c1><c2>0., 1., 0.</c2><c3>0., 0., 1.</c3></rotation></pose><symmetry><x>none</x><y>none</y><z>none</z></symmetry><detectionScore>-1</detectionScore></element><element><id>27</id><category>kitchen_cabinet</category><bounds><corner1> 3.21205074, -1.45006353,  4.61040938</corner1><corner2> 4.91214773, -0.29684359,  7.15570919</corner2></bounds><pose><translation>0., 0., 0.</translation><rotation><c1>1., 0., 0.</c1><c2>0., 1., 0.</c2><c3>0., 0., 1.</c3></rotation></pose><symmetry><x>none</x><y>none</y><z>none</z></symmetry><detectionScore>-1</detectionScore></element><element><id>18</id><category>arch</category><bounds><corner1>-1.62246949, -1.47440302,  0.        </corner1><corner2>0.93724427, 1.2029407 , 9.90819979</corner2></bounds><pose><translation>0., 0., 0.</translation><rotation><c1>1., 0., 0.</c1><c2>0., 1., 0.</c2><c3>0., 0., 1.</c3></rotation></pose><symmetry><x>none</x><y>none</y><z>none</z></symmetry><detectionScore>-1</detectionScore></element><element><id>21</id><category>stairs</category><bounds><corner1> 2.0400525 , -1.43121525,  0.07649601</corner1><corner2>6.02941319, 2.16055192, 2.75305614</corner2></bounds><pose><translation>0., 0., 0.</translation><rotation><c1>1., 0., 0.</c1><c2>0., 1., 0.</c2><c3>0., 0., 1.</c3></rotation></pose><symmetry><x>none</x><y>none</y><z>none</z></symmetry><detectionScore>-1</detectionScore></element><element><id>9</id><category>door</category><bounds><corner1>-1.35802605, -1.03714494, -0.8340395 </corner1><corner2>-0.98302899,  0.50081978,  0.33698491</corner2></bounds><pose><translation>0., 0., 0.</translation><rotation><c1>1., 0., 0.</c1><c2>0., 1., 0.</c2><c3>0., 0., 1.</c3></rotation></pose><symmetry><x>none</x><y>none</y><z>none</z></symmetry><detectionScore>-1</detectionScore></element><element><id>32</id><category>wall</category><bounds><corner1>-1.99315308, -1.45305953,  0.        </corner1><corner2> 0.78357073,  1.18799716, 11.1881444 </corner2></bounds><pose><translation>0., 0., 0.</translation><rotation><c1>1., 0., 0.</c1><c2>0., 1., 0.</c2><c3>0., 0., 1.</c3></rotation></pose><symmetry><x>none</x><y>none</y><z>none</z></symmetry><detectionScore>-1</detectionScore></element><element><id>6</id><category>wall</category><bounds><corner1>-1.35290569, -1.46912569,  1.94706933</corner1><corner2>2.04221989, 1.19659633, 7.36220719</corner2></bounds><pose><translation>0., 0., 0.</translation><rotation><c1>1., 0., 0.</c1><c2>0., 1., 0.</c2><c3>0., 0., 1.</c3></rotation></pose><symmetry><x>none</x><y>none</y><z>none</z></symmetry><detectionScore>-1</detectionScore></element><element><id>35</id><category>wall</category><bounds><corner1> 0.4323924 , -1.4247905 ,  2.08089182</corner1><corner2>4.00141035, 1.19869461, 7.26222228</corner2></bounds><pose><translation>0., 0., 0.</translation><rotation><c1>1., 0., 0.</c1><c2>0., 1., 0.</c2><c3>0., 0., 1.</c3></rotation></pose><symmetry><x>none</x><y>none</y><z>none</z></symmetry><detectionScore>-1</detectionScore></element><element><id>8</id><category>armchair</category><bounds><corner1> 2.01498543, -1.47556718, -0.30833752</corner1><corner2> 5.98565625, -0.56804838,  0.91592837</corner2></bounds><pose><translation>0., 0., 0.</translation><rotation><c1>1., 0., 0.</c1><c2>0., 1., 0.</c2><c3>0., 0., 1.</c3></rotation></pose><symmetry><x>none</x><y>none</y><z>none</z></symmetry><detectionScore>-1</detectionScore></element><element><id>16</id><category>wall</category><bounds><corner1> 2.67304484, -1.14687467,  0.71198921</corner1><corner2>6.02954641, 1.07143989, 3.87828065</corner2></bounds><pose><translation>0., 0., 0.</translation><rotation><c1>1., 0., 0.</c1><c2>0., 1., 0.</c2><c3>0., 0., 1.</c3></rotation></pose><symmetry><x>none</x><y>none</y><z>none</z></symmetry><detectionScore>-1</detectionScore></element><element><id>33</id><category>armchair</category><bounds><corner1> 1.83996181, -1.47635646,  0.55631973</corner1><corner2> 4.93096023, -0.65784374,  2.64686473</corner2></bounds><pose><translation>0., 0., 0.</translation><rotation><c1>1., 0., 0.</c1><c2>0., 1., 0.</c2><c3>0., 0., 1.</c3></rotation></pose><symmetry><x>none</x><y>none</y><z>none</z></symmetry><detectionScore>-1</detectionScore></element><element><id>22</id><category>wall</category><bounds><corner1> 0.35306935, -1.46796496,  1.97988496</corner1><corner2>0.94343962, 1.19686707, 5.09746367</corner2></bounds><pose><translation>0., 0., 0.</translation><rotation><c1>1., 0., 0.</c1><c2>0., 1., 0.</c2><c3>0., 0., 1.</c3></rotation></pose><symmetry><x>none</x><y>none</y><z>none</z></symmetry><detectionScore>-1</detectionScore></element><element><id>23</id><category>chair</category><bounds><corner1> 2.01598029, -1.47561492, -0.26928989</corner1><corner2> 5.98110745, -0.58276839,  0.86443841</corner2></bounds><pose><translation>0., 0., 0.</translation><rotation><c1>1., 0., 0.</c1><c2>0., 1., 0.</c2><c3>0., 0., 1.</c3></rotation></pose><symmetry><x>none</x><y>none</y><z>none</z></symmetry><detectionScore>-1</detectionScore></element><element><id>11</id><category>kitchen_cabinet</category><bounds><corner1> 3.23352803, -0.7159111 ,  4.45325815</corner1><corner2>5.66536929, 0.03583581, 7.37957825</corner2></bounds><pose><translation>0., 0., 0.</translation><rotation><c1>1., 0., 0.</c1><c2>0., 1., 0.</c2><c3>0., 0., 1.</c3></rotation></pose><symmetry><x>none</x><y>none</y><z>none</z></symmetry><detectionScore>-1</detectionScore></element><element><id>20</id><category>wall</category><bounds><corner1> 0.620465  , -0.72973848,  2.08306775</corner1><corner2>5.84803622, 1.174616  , 7.33465608</corner2></bounds><pose><translation>0., 0., 0.</translation><rotation><c1>1., 0., 0.</c1><c2>0., 1., 0.</c2><c3>0., 0., 1.</c3></rotation></pose><symmetry><x>none</x><y>none</y><z>none</z></symmetry><detectionScore>-1</detectionScore></element><element><id>14</id><category>hanger</category><bounds><corner1>-1.35800141, -1.17729297, -0.86601298</corner1><corner2>-0.98499962,  0.4175405 ,  0.32811844</corner2></bounds><pose><translation>0., 0., 0.</translation><rotation><c1>1., 0., 0.</c1><c2>0., 1., 0.</c2><c3>0., 0., 1.</c3></rotation></pose><symmetry><x>none</x><y>none</y><z>none</z></symmetry><detectionScore>-1</detectionScore></element><element><id>34</id><category>chair</category><bounds><corner1> 4.55558344, -1.47030347,  4.10708006</corner1><corner2> 5.91973094, -0.34433055,  5.63351029</corner2></bounds><pose><translation>0., 0., 0.</translation><rotation><c1>1., 0., 0.</c1><c2>0., 1., 0.</c2><c3>0., 0., 1.</c3></rotation></pose><symmetry><x>none</x><y>none</y><z>none</z></symmetry><detectionScore>-1</detectionScore></element><element><id>39</id><category>kitchen_cabinet</category><bounds><corner1> 0.4592589 , -1.45197801,  2.08009461</corner1><corner2>4.05345087, 1.19133582, 7.24463056</corner2></bounds><pose><translation>0., 0., 0.</translation><rotation><c1>1., 0., 0.</c1><c2>0., 1., 0.</c2><c3>0., 0., 1.</c3></rotation></pose><symmetry><x>none</x><y>none</y><z>none</z></symmetry><detectionScore>-1</detectionScore></element><element><id>5</id><category>chandelier</category><bounds><corner1>2.38113972, 0.67004208, 0.36248899</corner1><corner2>6.00959653, 1.47101005, 2.28289677</corner2></bounds><pose><translation>0., 0., 0.</translation><rotation><c1>1., 0., 0.</c1><c2>0., 1., 0.</c2><c3>0., 0., 1.</c3></rotation></pose><symmetry><x>none</x><y>none</y><z>none</z></symmetry><detectionScore>-1</detectionScore></element><element><id>37</id><category>shelving</category><bounds><corner1> 4.67391014, -1.45027225,  4.40492234</corner1><corner2>6.00539746, 0.15625715, 5.69660558</corner2></bounds><pose><translation>0., 0., 0.</translation><rotation><c1>1., 0., 0.</c1><c2>0., 1., 0.</c2><c3>0., 0., 1.</c3></rotation></pose><symmetry><x>none</x><y>none</y><z>none</z></symmetry><detectionScore>-1</detectionScore></element><element><id>29</id><category>kitchen_cabinet</category><bounds><corner1> 3.21734701, -0.74826974,  5.31479351</corner1><corner2>4.4580045 , 1.18954023, 7.35778169</corner2></bounds><pose><translation>0., 0., 0.</translation><rotation><c1>1., 0., 0.</c1><c2>0., 1., 0.</c2><c3>0., 0., 1.</c3></rotation></pose><symmetry><x>none</x><y>none</y><z>none</z></symmetry><detectionScore>-1</detectionScore></element><element><id>30</id><category>plant</category><bounds><corner1> 2.28607016, -0.99809526, -0.89959451</corner1><corner2>6.03932037, 2.65860088, 2.13375438</corner2></bounds><pose><translation>0., 0., 0.</translation><rotation><c1>1., 0., 0.</c1><c2>0., 1., 0.</c2><c3>0., 0., 1.</c3></rotation></pose><symmetry><x>none</x><y>none</y><z>none</z></symmetry><detectionScore>-1</detectionScore></element><element><id>15</id><category>wall</category><bounds><corner1> 3.22036044, -0.63248096,  5.3096289 </corner1><corner2>4.49144129, 1.18963119, 7.35988158</corner2></bounds><pose><translation>0., 0., 0.</translation><rotation><c1>1., 0., 0.</c1><c2>0., 1., 0.</c2><c3>0., 0., 1.</c3></rotation></pose><symmetry><x>none</x><y>none</y><z>none</z></symmetry><detectionScore>-1</detectionScore></element><element><id>4</id><category>window</category><bounds><corner1> 1.34500858, -1.35182884, -0.94216028</corner1><corner2> 2.18911473,  1.18965465, -0.81132929</corner2></bounds><pose><translation>0., 0., 0.</translation><rotation><c1>1., 0., 0.</c1><c2>0., 1., 0.</c2><c3>0., 0., 1.</c3></rotation></pose><symmetry><x>none</x><y>none</y><z>none</z></symmetry><detectionScore>-1</detectionScore></element><element><id>42</id><category>door</category><bounds><corner1> 2.32389526, -1.45733114, -0.94040761</corner1><corner2>6.0315236 , 2.62686082, 0.9246426 </corner2></bounds><pose><translation>0., 0., 0.</translation><rotation><c1>1., 0., 0.</c1><c2>0., 1., 0.</c2><c3>0., 0., 1.</c3></rotation></pose><symmetry><x>none</x><y>none</y><z>none</z></symmetry><detectionScore>-1</detectionScore></element><element><id>28</id><category>dining_table</category><bounds><corner1> 1.98994665, -1.47578567, -0.27545489</corner1><corner2> 5.93656559, -0.57515872,  1.64974316</corner2></bounds><pose><translation>0., 0., 0.</translation><rotation><c1>1., 0., 0.</c1><c2>0., 1., 0.</c2><c3>0., 0., 1.</c3></rotation></pose><symmetry><x>none</x><y>none</y><z>none</z></symmetry><detectionScore>-1</detectionScore></element><element><id>3</id><category>desk</category><bounds><corner1> 1.97706623, -1.47601977, -0.35400187</corner1><corner2> 5.17501495, -0.6065087 ,  1.21573194</corner2></bounds><pose><translation>0., 0., 0.</translation><rotation><c1>1., 0., 0.</c1><c2>0., 1., 0.</c2><c3>0., 0., 1.</c3></rotation></pose><symmetry><x>none</x><y>none</y><z>none</z></symmetry><detectionScore>-1</detectionScore></element><element><id>13</id><category>dishwasher</category><bounds><corner1> 3.21477714, -1.37160102,  4.4484352 </corner1><corner2> 3.96288689, -0.42784345,  6.53279351</corner2></bounds><pose><translation>0., 0., 0.</translation><rotation><c1>1., 0., 0.</c1><c2>0., 1., 0.</c2><c3>0., 0., 1.</c3></rotation></pose><symmetry><x>none</x><y>none</y><z>none</z></symmetry><detectionScore>-1</detectionScore></element></elements></scene>