<?xml version='1.0' encoding='utf-8'?>
<scene xmlns:sumo="https://www.sumochallenge.org"><version>2.0</version><categories><id>fb_categories_v1.0</id><url>https://sumochallenge.org/en/categories-1_0.json</url></categories><project_type>bounding_box</project_type><elements><element><id>4</id><category>fruit_bowl</category><bounds><corner1>-0.15113634, -0.10309913, -0.01999972</corner1><corner2>0.15113634, 0.10309913, 0.01999972</corner2></bounds><pose><translation> 0.01223827, -0.73369676, -0.95797758</translation><rotation><c1>1., 0., 0.</c1><c2>0., 1., 0.</c2><c3>0., 0., 1.</c3></rotation></pose><symmetry><x>none</x><y>cylindrical</y><z>none</z></symmetry><detectionScore>0.9387665</detectionScore></element><element><id>1</id><category>plant</category><bounds><corner1>-0.50147177, -0.40127602, -0.20701351</corner1><corner2>0.50147177, 0.40127602, 0.20701351</corner2></bounds><pose><translation> 0.83176074, -1.20371811,  3.36005183</translation><rotation><c1>1., 0., 0.</c1><c2>0., 1., 0.</c2><c3>0., 0., 1.</c3></rotation></pose><symmetry><x>none</x><y>cylindrical</y><z>none</z></symmetry><detectionScore>0.9624188</detectionScore></element><element><id>5</id><category>person</category><bounds><corner1>-0.37179865, -0.51740207, -2.12094747</corner1><corner2>0.37179865, 0.51740207, 2.12094747</corner2></bounds><pose><translation>-0.34762474, -0.76796832,  1.41597807</translation><rotation><c1>1., 0., 0.</c1><c2>0., 1., 0.</c2><c3>0., 0., 1.</c3></rotation></pose><symmetry><x>none</x><y>none</y><z>none</z></symmetry><detectionScore>0.93468666</detectionScore></element><element><id>3</id><category>dresser</category><bounds><corner1>-0.76754163, -0.11480265, -0.02104543</corner1><corner2>0.76754163, 0.11480265, 0.02104543</corner2></bounds><pose><translation>-0.07778008, -0.61685217, -0.95502478</translation><rotation><c1>1., 0., 0.</c1><c2>0., 1., 0.</c2><c3>0., 0., 1.</c3></rotation></pose><symmetry><x>none</x><y>none</y><z>none</z></symmetry><detectionScore>0.7552576</detectionScore></element><element><id>2</id><category>wall</category><bounds><corner1>-0.08568017, -1.27667175, -1.90160094</corner1><corner2>0.08568017, 1.27667175, 1.90160094</corner2></bounds><pose><translation> 4.09497116, -0.11684561,  1.00434837</translation><rotation><c1>1., 0., 0.</c1><c2>0., 1., 0.</c2><c3>0., 0., 1.</c3></rotation></pose><symmetry><x>none</x><y>twoFold</y><z>none</z></symmetry><detectionScore>0.98657566</detectionScore></element><element><id>7</id><category>picture_frame</category><bounds><corner1>-0.41025412, -0.41520042, -0.02495443</corner1><corner2>0.41025412, 0.41520042, 0.02495443</corner2></bounds><pose><translation>-0.25155962,  0.52217353, -1.47200678</translation><rotation><c1>1., 0., 0.</c1><c2>0., 1., 0.</c2><c3>0., 0., 1.</c3></rotation></pose><symmetry><x>none</x><y>fourFold</y><z>none</z></symmetry><detectionScore>0.92374235</detectionScore></element><element><id>9</id><category>door</category><bounds><corner1>-0.28359081, -1.08609588, -0.31610381</corner1><corner2>0.28359081, 1.08609588, 0.31610381</corner2></bounds><pose><translation> 3.19603715, -0.36855939,  3.61168413</translation><rotation><c1>1., 0., 0.</c1><c2>0., 1., 0.</c2><c3>0., 0., 1.</c3></rotation></pose><symmetry><x>twoFold</x><y>twoFold</y><z>twoFold</z></symmetry><detectionScore>0.76243806</detectionScore></element><element><id>8</id><category>loudspeaker</category><bounds><corner1>-0.91478586, -0.38781869, -0.02939505</corner1><corner2>0.91478586, 0.38781869, 0.02939505</corner2></bounds><pose><translation> 1.74801336, -0.8671455 , -1.18337303</translation><rotation><c1>1., 0., 0.</c1><c2>0., 1., 0.</c2><c3>0., 0., 1.</c3></rotation></pose><symmetry><x>none</x><y>fourFold</y><z>none</z></symmetry><detectionScore>0.94496936</detectionScore></element><element><id>6</id><category>desk</category><bounds><corner1>-1.29966307, -0.43673249, -0.38032594</corner1><corner2>1.29966307, 0.43673249, 0.38032594</corner2></bounds><pose><translation> 2.74890865, -1.04900728, -1.07605931</translation><rotation><c1>1., 0., 0.</c1><c2>0., 1., 0.</c2><c3>0., 0., 1.</c3></rotation></pose><symmetry><x>none</x><y>none</y><z>none</z></symmetry><detectionScore>0.96278346</detectionScore></element></elements></scene>