<?xml version='1.0' encoding='utf-8'?>
<scene xmlns:sumo="https://www.sumochallenge.org"><version>2.0</version><categories><id>fb_categories_v1.0</id><url>https://sumochallenge.org/en/categories-1_0.json</url></categories><project_type>bounding_box</project_type><elements><element><id>4</id><category>coffee_table</category><bounds><corner1>-1.13496734, -0.42375563, -1.42692055</corner1><corner2>1.13496734, 0.42375563, 1.42692055</corner2></bounds><pose><translation> 1.75495587, -1.22970324,  1.14312781</translation><rotation><c1>1., 0., 0.</c1><c2>0., 1., 0.</c2><c3>0., 0., 1.</c3></rotation></pose><symmetry><x>none</x><y>twoFold</y><z>none</z></symmetry><detectionScore>0.8023048</detectionScore></element><element><id>1</id><category>wall</category><bounds><corner1>-0.48138652, -1.1559184 , -1.33513005</corner1><corner2>0.48138652, 1.1559184 , 1.33513005</corner2></bounds><pose><translation> 8.77250777, -0.07923511,  2.53367158</translation><rotation><c1>1., 0., 0.</c1><c2>0., 1., 0.</c2><c3>0., 0., 1.</c3></rotation></pose><symmetry><x>none</x><y>twoFold</y><z>none</z></symmetry><detectionScore>0.7486348</detectionScore></element><element><id>5</id><category>floor_lamp</category><bounds><corner1>-1.34695208, -1.02252923, -0.35227668</corner1><corner2>1.34695208, 1.02252923, 0.35227668</corner2></bounds><pose><translation> 1.44500368, -0.57159421, -0.76566764</translation><rotation><c1>1., 0., 0.</c1><c2>0., 1., 0.</c2><c3>0., 0., 1.</c3></rotation></pose><symmetry><x>none</x><y>cylindrical</y><z>none</z></symmetry><detectionScore>0.8323967</detectionScore></element><element><id>3</id><category>loudspeaker</category><bounds><corner1>-0.14178653, -0.47623014, -0.60454426</corner1><corner2>0.14178653, 0.47623014, 0.60454426</corner2></bounds><pose><translation>-2.60965666, -0.97234004,  3.69682897</translation><rotation><c1>1., 0., 0.</c1><c2>0., 1., 0.</c2><c3>0., 0., 1.</c3></rotation></pose><symmetry><x>none</x><y>fourFold</y><z>none</z></symmetry><detectionScore>0.9939958</detectionScore></element><element><id>2</id><category>whiteboard</category><bounds><corner1>-0.49517612, -0.93160205, -0.43359707</corner1><corner2>0.49517612, 0.93160205, 0.43359707</corner2></bounds><pose><translation>-2.99614757, -0.89721072, -0.7612613 </translation><rotation><c1>1., 0., 0.</c1><c2>0., 1., 0.</c2><c3>0., 0., 1.</c3></rotation></pose><symmetry><x>none</x><y>twoFold</y><z>none</z></symmetry><detectionScore>0.8133557</detectionScore></element><element><id>7</id><category>wall</category><bounds><corner1>-0.609476  , -1.16636825, -2.57094857</corner1><corner2>0.609476  , 1.16636825, 2.57094857</corner2></bounds><pose><translation>-6.90679953, -0.11584765,  1.48183098</translation><rotation><c1>1., 0., 0.</c1><c2>0., 1., 0.</c2><c3>0., 0., 1.</c3></rotation></pose><symmetry><x>none</x><y>twoFold</y><z>none</z></symmetry><detectionScore>0.9833272</detectionScore></element><element><id>6</id><category>curtain</category><bounds><corner1>-1.22683275, -1.08470977, -0.15223543</corner1><corner2>1.22683275, 1.08470977, 0.15223543</corner2></bounds><pose><translation>-0.23964899, -0.09674124,  4.04311137</translation><rotation><c1>1., 0., 0.</c1><c2>0., 1., 0.</c2><c3>0., 0., 1.</c3></rotation></pose><symmetry><x>none</x><y>twoFold</y><z>none</z></symmetry><detectionScore>0.9793835</detectionScore></element></elements></scene>