<?xml version='1.0' encoding='utf-8'?>
<scene xmlns:sumo="https://www.sumochallenge.org"><version>2.0</version><categories><id>fb_categories_v1.0</id><url>https://sumochallenge.org/en/categories-1_0.json</url></categories><project_type>bounding_box</project_type><elements><element><id>6</id><category>range_hood</category><bounds><corner1>-0.49515277, -0.66078006, -0.33984936</corner1><corner2>0.49515277, 0.66078006, 0.33984936</corner2></bounds><pose><translation>-2.82953512,  0.52885587, -4.62879323</translation><rotation><c1>1., 0., 0.</c1><c2>0., 1., 0.</c2><c3>0., 0., 1.</c3></rotation></pose><symmetry><x>none</x><y>none</y><z>none</z></symmetry><detectionScore>-1</detectionScore></element><element><id>7</id><category>window</category><bounds><corner1>-0.04722578, -0.61048816, -1.01894371</corner1><corner2>0.04722578, 0.61048816, 1.01894371</corner2></bounds><pose><translation> 2.87885289,  0.08181257, -1.7204573 </translation><rotation><c1>1., 0., 0.</c1><c2>0., 1., 0.</c2><c3>0., 0., 1.</c3></rotation></pose><symmetry><x>none</x><y>none</y><z>none</z></symmetry><detectionScore>-1</detectionScore></element><element><id>5</id><category>kitchen_cabinet</category><bounds><corner1>-2.47980308, -0.64761156, -1.46671332</corner1><corner2>2.47980308, 0.64761156, 1.46671332</corner2></bounds><pose><translation>-6.09821106, -0.64179781, -4.36780019</translation><rotation><c1>1., 0., 0.</c1><c2>0., 1., 0.</c2><c3>0., 0., 1.</c3></rotation></pose><symmetry><x>none</x><y>none</y><z>none</z></symmetry><detectionScore>-1</detectionScore></element><element><id>3</id><category>wall</category><bounds><corner1>-2.34009137, -1.19356047, -3.20831457</corner1><corner2>2.34009137, 1.19356047, 3.20831457</corner2></bounds><pose><translation>-7.97729545, -0.0841607 , -1.3338333 </translation><rotation><c1>1., 0., 0.</c1><c2>0., 1., 0.</c2><c3>0., 0., 1.</c3></rotation></pose><symmetry><x>none</x><y>none</y><z>none</z></symmetry><detectionScore>-1</detectionScore></element><element><id>4</id><category>water_dispenser</category><bounds><corner1>-0.33113379, -0.63414466, -0.32394599</corner1><corner2>0.33113379, 0.63414466, 0.32394599</corner2></bounds><pose><translation> 2.50099398, -0.74013174,  0.77481793</translation><rotation><c1>1., 0., 0.</c1><c2>0., 1., 0.</c2><c3>0., 0., 1.</c3></rotation></pose><symmetry><x>none</x><y>none</y><z>none</z></symmetry><detectionScore>-1</detectionScore></element><element><id>2</id><category>refrigerator</category><bounds><corner1>-0.81441271, -0.81016399, -0.14739081</corner1><corner2>0.81441271, 0.81016399, 0.14739081</corner2></bounds><pose><translation> 1.6142829 , -0.50549462, -4.36020843</translation><rotation><c1>1., 0., 0.</c1><c2>0., 1., 0.</c2><c3>0., 0., 1.</c3></rotation></pose><symmetry><x>none</x><y>none</y><z>none</z></symmetry><detectionScore>-1</detectionScore></element><element><id>1</id><category>wall</category><bounds><corner1>-2.5819266 , -1.21575036, -0.89113967</corner1><corner2>2.5819266 , 1.21575036, 0.89113967</corner2></bounds><pose><translation>-0.05245877, -0.12065355, -4.86084539</translation><rotation><c1>1., 0., 0.</c1><c2>0., 1., 0.</c2><c3>0., 0., 1.</c3></rotation></pose><symmetry><x>none</x><y>none</y><z>none</z></symmetry><detectionScore>-1</detectionScore></element></elements></scene>