<?xml version='1.0' encoding='utf-8'?>
<scene xmlns:sumo="https://www.sumochallenge.org"><version>2.0</version><categories><id>fb_categories_v1.0</id><url>https://sumochallenge.org/en/categories-1_0.json</url></categories><project_type>bounding_box</project_type><elements><element><id>6</id><category>plant</category><bounds><corner1>-0.33612605, -0.73213752, -0.48890316</corner1><corner2>0.33612605, 0.73213752, 0.48890316</corner2></bounds><pose><translation>-2.08913714, -1.00646687,  1.37730306</translation><rotation><c1>1., 0., 0.</c1><c2>0., 1., 0.</c2><c3>0., 0., 1.</c3></rotation></pose><symmetry><x>none</x><y>none</y><z>none</z></symmetry><detectionScore>-1</detectionScore></element><element><id>7</id><category>door</category><bounds><corner1>-0.65694   , -1.23471957, -0.24802153</corner1><corner2>0.65694   , 1.23471957, 0.24802153</corner2></bounds><pose><translation>-0.39393249, -0.36235348, -1.70505596</translation><rotation><c1>1., 0., 0.</c1><c2>0., 1., 0.</c2><c3>0., 0., 1.</c3></rotation></pose><symmetry><x>none</x><y>none</y><z>none</z></symmetry><detectionScore>-1</detectionScore></element><element><id>5</id><category>window</category><bounds><corner1>-0.03468914, -1.44129974, -2.14544924</corner1><corner2>0.03468914, 1.44129974, 2.14544924</corner2></bounds><pose><translation> 1.44903928, -0.25226647,  3.32615778</translation><rotation><c1>1., 0., 0.</c1><c2>0., 1., 0.</c2><c3>0., 0., 1.</c3></rotation></pose><symmetry><x>none</x><y>none</y><z>none</z></symmetry><detectionScore>-1</detectionScore></element><element><id>3</id><category>office_chair</category><bounds><corner1>-0.10300805, -0.40224383, -0.24787775</corner1><corner2>0.10300805, 0.40224383, 0.24787775</corner2></bounds><pose><translation>-1.50602335, -0.87937151, -0.8771353 </translation><rotation><c1>1., 0., 0.</c1><c2>0., 1., 0.</c2><c3>0., 0., 1.</c3></rotation></pose><symmetry><x>none</x><y>none</y><z>none</z></symmetry><detectionScore>-1</detectionScore></element><element><id>2</id><category>shelving</category><bounds><corner1>-0.30409662, -0.90397976, -0.96362295</corner1><corner2>0.30409662, 0.90397976, 0.96362295</corner2></bounds><pose><translation>-1.89921857, -0.24566733,  3.58432425</translation><rotation><c1>1., 0., 0.</c1><c2>0., 1., 0.</c2><c3>0., 0., 1.</c3></rotation></pose><symmetry><x>none</x><y>none</y><z>none</z></symmetry><detectionScore>-1</detectionScore></element><element><id>1</id><category>wall</category><bounds><corner1>-1.72967452, -1.22947416, -0.4600319 </corner1><corner2>1.72967452, 1.22947416, 0.4600319 </corner2></bounds><pose><translation>-0.5524908 , -0.10817185,  6.14395777</translation><rotation><c1>1., 0., 0.</c1><c2>0., 1., 0.</c2><c3>0., 0., 1.</c3></rotation></pose><symmetry><x>none</x><y>none</y><z>none</z></symmetry><detectionScore>-1</detectionScore></element></elements></scene>