<?xml version='1.0' encoding='utf-8'?>
<scene xmlns:sumo="https://www.sumochallenge.org"><version>2.0</version><categories><id>fb_categories_v1_0</id><url>https://sumochallenge.org/en/categories-1_0.json</url></categories><project_type>bounding_box</project_type><elements><element><id>0</id><category>wall</category><bounds><corner1>-3.11275010682071, -1.9240050844784653, -1.2932982198714775</corner1><corner2>3.11275010682071, 1.9240050844784653, 1.2932982198714775</corner2></bounds><pose><translation>-4.880887848004675, -7.021235903224086, -0.11691443633200799</translation><rotation><c1>0, 0, 0</c1><c2>0, 0, 0</c2><c3>0, 0, 0</c3></rotation></pose><symmetry><x>twoFold</x><y>cylindrical</y><z>twoFold</z></symmetry><detectionScore>-1.0</detectionScore></element><element><id>1</id><category>wall</category><bounds><corner1>-0.5001257321220813, -0.04636165257716307, -0.32035249148250067</corner1><corner2>0.5001257321220813, 0.04636165257716307, 0.32035249148250067</corner2></bounds><pose><translation>-0.5580139739807839, 1.2860446590671795, -0.07026419497944442</translation><rotation><c1>0, 0, 0</c1><c2>0, 0, 0</c2><c3>0, 0, 0</c3></rotation></pose><symmetry><x>twoFold</x><y>cylindrical</y><z>twoFold</z></symmetry><detectionScore>-1.0</detectionScore></element><element><id>2</id><category>rug</category><bounds><corner1>-1.429710063335863, -1.2705716546229677, -0.5144859136298552</corner1><corner2>1.429710063335863, 1.2705716546229677, 0.5144859136298552</corner2></bounds><pose><translation>-1.7141969090253342, -3.190908748194057, -1.627235116297659</translation><rotation><c1>0, 0, 0</c1><c2>0, 0, 0</c2><c3>0, 0, 0</c3></rotation></pose><symmetry><x>twoFold</x><y>cylindrical</y><z>twoFold</z></symmetry><detectionScore>-1.0</detectionScore></element><element><id>3</id><category>door</category><bounds><corner1>-3.0417921872036606, -2.0146611121444167, -1.399834389402086</corner1><corner2>3.0417921872036606, 2.0146611121444167, 1.399834389402086</corner2></bounds><pose><translation>-4.373655321718763, -7.011095599040682, -0.13045280226881434</translation><rotation><c1>0, 0, 0</c1><c2>0, 0, 0</c2><c3>0, 0, 0</c3></rotation></pose><symmetry><x>twoFold</x><y>cylindrical</y><z>twoFold</z></symmetry><detectionScore>-1.0</detectionScore></element><element><id>4</id><category>wall</category><bounds><corner1>-0.03543532396133864, -1.3428861987222716, -1.5423122134571452</corner1><corner2>0.03543532396133864, 1.3428861987222716, 1.5423122134571452</corner2></bounds><pose><translation>0.8048685467682835, -4.774065573356123, -0.16514939805234746</translation><rotation><c1>0, 0, 0</c1><c2>0, 0, 0</c2><c3>0, 0, 0</c3></rotation></pose><symmetry><x>twoFold</x><y>cylindrical</y><z>twoFold</z></symmetry><detectionScore>-1.0</detectionScore></element><element><id>5</id><category>wall</category><bounds><corner1>-3.433203892736813, -2.9084822626465137, -1.3596296992495127</corner1><corner2>3.433203892736813, 2.9084822626465137, 1.3596296992495127</corner2></bounds><pose><translation>-2.682619003294324, -7.0035509308144235, -0.07694583628285145</translation><rotation><c1>0, 0, 0</c1><c2>0, 0, 0</c2><c3>0, 0, 0</c3></rotation></pose><symmetry><x>twoFold</x><y>cylindrical</y><z>twoFold</z></symmetry><detectionScore>-1.0</detectionScore></element><element><id>6</id><category>partition</category><bounds><corner1>-0.03478877351713172, -1.3835670240840647, -1.5081079260532622</corner1><corner2>0.03478877351713172, 1.3835670240840647, 1.5081079260532622</corner2></bounds><pose><translation>0.8055517673474799, -4.77940709692473, -0.12994853615958077</translation><rotation><c1>0, 0, 0</c1><c2>0, 0, 0</c2><c3>0, 0, 0</c3></rotation></pose><symmetry><x>twoFold</x><y>cylindrical</y><z>twoFold</z></symmetry><detectionScore>-1.0</detectionScore></element><element><id>7</id><category>wall</category><bounds><corner1>-0.580677506786917, -1.0713851973371402, -1.3952703728058007</corner1><corner2>0.580677506786917, 1.0713851973371402, 1.3952703728058007</corner2></bounds><pose><translation>-6.833560848097439, -0.2169668066122353, -0.1172861505521423</translation><rotation><c1>0, 0, 0</c1><c2>0, 0, 0</c2><c3>0, 0, 0</c3></rotation></pose><symmetry><x>twoFold</x><y>cylindrical</y><z>twoFold</z></symmetry><detectionScore>-1.0</detectionScore></element><element><id>8</id><category>fireplace</category><bounds><corner1>-2.7540206649894357, -1.077210795759898, -1.4263465185868272</corner1><corner2>2.7540206649894357, 1.077210795759898, 1.4263465185868272</corner2></bounds><pose><translation>-6.386895899749878, -3.104964984282498, -0.15048848085895306</translation><rotation><c1>0, 0, 0</c1><c2>0, 0, 0</c2><c3>0, 0, 0</c3></rotation></pose><symmetry><x>twoFold</x><y>cylindrical</y><z>twoFold</z></symmetry><detectionScore>-1.0</detectionScore></element><element><id>9</id><category>floor</category><bounds><corner1>-1.6387772215568617, -2.424719668399942, -0.6813956157045201</corner1><corner2>1.6387772215568617, 2.424719668399942, 0.6813956157045201</corner2></bounds><pose><translation>-2.57813395279604, -6.726336680586701, -1.1766005470226082</translation><rotation><c1>0, 0, 0</c1><c2>0, 0, 0</c2><c3>0, 0, 0</c3></rotation></pose><symmetry><x>twoFold</x><y>cylindrical</y><z>twoFold</z></symmetry><detectionScore>-1.0</detectionScore></element><element><id>10</id><category>door</category><bounds><corner1>-0.07809031260012933, -1.244621691697004, -1.5026025431905374</corner1><corner2>0.07809031260012933, 1.244621691697004, 1.5026025431905374</corner2></bounds><pose><translation>0.7676456373244323, -5.406408894714829, -0.21304355588239343</translation><rotation><c1>0, 0, 0</c1><c2>0, 0, 0</c2><c3>0, 0, 0</c3></rotation></pose><symmetry><x>twoFold</x><y>cylindrical</y><z>twoFold</z></symmetry><detectionScore>-1.0</detectionScore></element><element><id>11</id><category>door</category><bounds><corner1>-3.198712617247712, -3.387604489318457, -1.3563294092510034</corner1><corner2>3.198712617247712, 3.387604489318457, 1.3563294092510034</corner2></bounds><pose><translation>-6.752634884055086, -6.115145286700577, -0.5251324223106318</translation><rotation><c1>0, 0, 0</c1><c2>0, 0, 0</c2><c3>0, 0, 0</c3></rotation></pose><symmetry><x>twoFold</x><y>cylindrical</y><z>twoFold</z></symmetry><detectionScore>-1.0</detectionScore></element><element><id>12</id><category>wall</category><bounds><corner1>-3.168555602732492, -2.623824548336078, -1.2801974754899041</corner1><corner2>3.168555602732492, 2.623824548336078, 1.2801974754899041</corner2></bounds><pose><translation>-6.778960500218528, -5.226358215215686, -0.11070282438201888</translation><rotation><c1>0, 0, 0</c1><c2>0, 0, 0</c2><c3>0, 0, 0</c3></rotation></pose><symmetry><x>twoFold</x><y>cylindrical</y><z>twoFold</z></symmetry><detectionScore>-1.0</detectionScore></element><element><id>13</id><category>coffee_table</category><bounds><corner1>-1.2661769318334415, -2.0723562163101286, -0.5293244568413771</corner1><corner2>1.2661769318334415, 2.0723562163101286, 0.5293244568413771</corner2></bounds><pose><translation>-1.3726378944927444, -4.98465555763368, -1.5327300132449897</translation><rotation><c1>0, 0, 0</c1><c2>0, 0, 0</c2><c3>0, 0, 0</c3></rotation></pose><symmetry><x>twoFold</x><y>cylindrical</y><z>twoFold</z></symmetry><detectionScore>-1.0</detectionScore></element><element><id>14</id><category>coffee_table</category><bounds><corner1>-0.7954968098285917, -0.6058595790824688, -0.5068797205333271</corner1><corner2>0.7954968098285917, 0.6058595790824688, 0.5068797205333271</corner2></bounds><pose><translation>-1.6553247636425141, -3.4258726788664733, -1.599144765385954</translation><rotation><c1>0, 0, 0</c1><c2>0, 0, 0</c2><c3>0, 0, 0</c3></rotation></pose><symmetry><x>twoFold</x><y>cylindrical</y><z>twoFold</z></symmetry><detectionScore>-1.0</detectionScore></element><element><id>15</id><category>wall</category><bounds><corner1>-3.1099353673840042, -3.1709634544881014, -1.349578880857474</corner1><corner2>3.1099353673840042, 3.1709634544881014, 1.349578880857474</corner2></bounds><pose><translation>-6.751925653053761, -2.4593766109611908, -0.06556764057689664</translation><rotation><c1>0, 0, 0</c1><c2>0, 0, 0</c2><c3>0, 0, 0</c3></rotation></pose><symmetry><x>twoFold</x><y>cylindrical</y><z>twoFold</z></symmetry><detectionScore>-1.0</detectionScore></element><element><id>16</id><category>window</category><bounds><corner1>-0.039495134427929846, -1.0265993905854867, -1.384547432746464</corner1><corner2>0.039495134427929846, 1.0265993905854867, 1.384547432746464</corner2></bounds><pose><translation>0.8216466228569117, -4.632826819363633, -0.036809969483656335</translation><rotation><c1>0, 0, 0</c1><c2>0, 0, 0</c2><c3>0, 0, 0</c3></rotation></pose><symmetry><x>twoFold</x><y>cylindrical</y><z>twoFold</z></symmetry><detectionScore>-1.0</detectionScore></element></elements></scene>