<?xml version='1.0' encoding='utf-8'?>
<scene xmlns:sumo="https://www.sumochallenge.org"><version>2.0</version><categories><id>fb_categories_v1_0</id><url>https://sumochallenge.org/en/categories-1_0.json</url></categories><project_type>bounding_box</project_type><elements><element><id>0</id><category>wall</category><bounds><corner1>-1.492468665854786, -0.5653829494212541, -0.7673404225393683</corner1><corner2>1.492468665854786, 0.5653829494212541, 0.7673404225393683</corner2></bounds><pose><translation>-3.1809515862318354, -4.461563253731228, -0.1728250486792017</translation><rotation><c1>0, 0, 0</c1><c2>0, 0, 0</c2><c3>0, 0, 0</c3></rotation></pose><symmetry><x>twoFold</x><y>cylindrical</y><z>twoFold</z></symmetry><detectionScore>-1.0</detectionScore></element><element><id>1</id><category>window</category><bounds><corner1>-0.07936316221719109, -0.761160685107702, -1.2679210907048732</corner1><corner2>0.07936316221719109, 0.761160685107702, 1.2679210907048732</corner2></bounds><pose><translation>1.99023306109616, -2.7881814839979064, 0.06853733833807171</translation><rotation><c1>0, 0, 0</c1><c2>0, 0, 0</c2><c3>0, 0, 0</c3></rotation></pose><symmetry><x>twoFold</x><y>cylindrical</y><z>twoFold</z></symmetry><detectionScore>-1.0</detectionScore></element><element><id>2</id><category>wall</category><bounds><corner1>-2.954165322663453, -0.7473912041792041, -1.46221482311286</corner1><corner2>2.954165322663453, 0.7473912041792041, 1.46221482311286</corner2></bounds><pose><translation>-1.2167709598412, -4.595437002486801, -0.13672276093524077</translation><rotation><c1>0, 0, 0</c1><c2>0, 0, 0</c2><c3>0, 0, 0</c3></rotation></pose><symmetry><x>twoFold</x><y>cylindrical</y><z>twoFold</z></symmetry><detectionScore>-1.0</detectionScore></element><element><id>3</id><category>coffee_table</category><bounds><corner1>-1.4601455922506177, -1.29871871117259, -0.48328690243873884</corner1><corner2>1.4601455922506177, 1.29871871117259, 0.48328690243873884</corner2></bounds><pose><translation>-2.8917113544670388, 0.16661496308060825, -1.3411563359433274</translation><rotation><c1>0, 0, 0</c1><c2>0, 0, 0</c2><c3>0, 0, 0</c3></rotation></pose><symmetry><x>twoFold</x><y>cylindrical</y><z>twoFold</z></symmetry><detectionScore>-1.0</detectionScore></element><element><id>4</id><category>plant</category><bounds><corner1>-0.690826870170441, -0.6340915441475108, -0.9125952633176911</corner1><corner2>0.690826870170441, 0.6340915441475108, 0.9125952633176911</corner2></bounds><pose><translation>1.2206186102638932, -4.2955531217786245, -1.1389209130272508</translation><rotation><c1>0, 0, 0</c1><c2>0, 0, 0</c2><c3>0, 0, 0</c3></rotation></pose><symmetry><x>twoFold</x><y>cylindrical</y><z>twoFold</z></symmetry><detectionScore>-1.0</detectionScore></element><element><id>5</id><category>wall</category><bounds><corner1>-2.4465902426589423, -4.016288287716616, -1.4203435342561763</corner1><corner2>2.4465902426589423, 4.016288287716616, 1.4203435342561763</corner2></bounds><pose><translation>-5.930105798272188, -0.3663810729059429, -0.12917594087859285</translation><rotation><c1>0, 0, 0</c1><c2>0, 0, 0</c2><c3>0, 0, 0</c3></rotation></pose><symmetry><x>twoFold</x><y>cylindrical</y><z>twoFold</z></symmetry><detectionScore>-1.0</detectionScore></element><element><id>6</id><category>books</category><bounds><corner1>-0.34663858879551146, -0.22855543491747893, -0.11155502922798255</corner1><corner2>0.34663858879551146, 0.22855543491747893, 0.11155502922798255</corner2></bounds><pose><translation>1.7664965062034095, -0.5446738579037037, -1.1278646507037413</translation><rotation><c1>0, 0, 0</c1><c2>0, 0, 0</c2><c3>0, 0, 0</c3></rotation></pose><symmetry><x>twoFold</x><y>cylindrical</y><z>twoFold</z></symmetry><detectionScore>-1.0</detectionScore></element><element><id>7</id><category>wall</category><bounds><corner1>-2.681197458805629, -1.3639899630676535, -1.360915583985037</corner1><corner2>2.681197458805629, 1.3639899630676535, 1.360915583985037</corner2></bounds><pose><translation>-5.881340269062033, -3.255360734107221, -0.0764661456394423</translation><rotation><c1>0, 0, 0</c1><c2>0, 0, 0</c2><c3>0, 0, 0</c3></rotation></pose><symmetry><x>twoFold</x><y>cylindrical</y><z>twoFold</z></symmetry><detectionScore>-1.0</detectionScore></element><element><id>8</id><category>door</category><bounds><corner1>-1.4102898233011536, -0.8384944665312939, -1.4939198307858965</corner1><corner2>1.4102898233011536, 0.8384944665312939, 1.4939198307858965</corner2></bounds><pose><translation>-2.7410912245166728, -4.4770560372463155, -0.6619073564866768</translation><rotation><c1>0, 0, 0</c1><c2>0, 0, 0</c2><c3>0, 0, 0</c3></rotation></pose><symmetry><x>twoFold</x><y>cylindrical</y><z>twoFold</z></symmetry><detectionScore>-1.0</detectionScore></element><element><id>9</id><category>window</category><bounds><corner1>-0.06994219376850674, -0.9179466278826249, -0.8910792798147334</corner1><corner2>0.06994219376850674, 0.9179466278826249, 0.8910792798147334</corner2></bounds><pose><translation>2.174890022664586, 0.7177066364362337, 0.08458138146867789</translation><rotation><c1>0, 0, 0</c1><c2>0, 0, 0</c2><c3>0, 0, 0</c3></rotation></pose><symmetry><x>twoFold</x><y>cylindrical</y><z>twoFold</z></symmetry><detectionScore>-1.0</detectionScore></element><element><id>10</id><category>armchair</category><bounds><corner1>-2.0567380297949347, -1.2912203474054686, -0.6052294510501425</corner1><corner2>2.0567380297949347, 1.2912203474054686, 0.6052294510501425</corner2></bounds><pose><translation>-3.4687679509863902, -1.7650047903497192, -1.274279028856957</translation><rotation><c1>0, 0, 0</c1><c2>0, 0, 0</c2><c3>0, 0, 0</c3></rotation></pose><symmetry><x>twoFold</x><y>cylindrical</y><z>twoFold</z></symmetry><detectionScore>-1.0</detectionScore></element><element><id>11</id><category>wall</category><bounds><corner1>-3.705027754393316, -0.14860652096167026, -1.3859163570871207</corner1><corner2>3.705027754393316, 0.14860652096167026, 1.3859163570871207</corner2></bounds><pose><translation>-1.8920747579275652, 7.145992015050304, -0.14710611835402507</translation><rotation><c1>0, 0, 0</c1><c2>0, 0, 0</c2><c3>0, 0, 0</c3></rotation></pose><symmetry><x>twoFold</x><y>cylindrical</y><z>twoFold</z></symmetry><detectionScore>-1.0</detectionScore></element></elements></scene>