<?xml version='1.0' encoding='utf-8'?>
<scene xmlns:sumo="https://www.sumochallenge.org"><version>2.0</version><categories><id>fb_categories_v1.0</id><url>https://sumochallenge.org/en/categories-1_0.json</url></categories><project_type>bounding_box</project_type><elements><element><id>7</id><category>computer</category><bounds><corner1>-0.71789931, -0.28561111, -0.20106438</corner1><corner2>0.71789931, 0.28561111, 0.20106438</corner2></bounds><pose><translation> 0.77905375, -0.38103007, -2.0460507 </translation><rotation><c1>1., 0., 0.</c1><c2>0., 1., 0.</c2><c3>0., 0., 1.</c3></rotation></pose><symmetry><x>none</x><y>none</y><z>none</z></symmetry><detectionScore>-1</detectionScore></element><element><id>5</id><category>door</category><bounds><corner1>-0.38859441, -1.02589666, -0.40883656</corner1><corner2>0.38859441, 1.02589666, 0.40883656</corner2></bounds><pose><translation> 4.8214751 , -0.27556183,  4.14906095</translation><rotation><c1>1., 0., 0.</c1><c2>0., 1., 0.</c2><c3>0., 0., 1.</c3></rotation></pose><symmetry><x>none</x><y>none</y><z>none</z></symmetry><detectionScore>-1</detectionScore></element><element><id>3</id><category>wall</category><bounds><corner1>-4.14762917, -1.19027413, -0.08068146</corner1><corner2>4.14762917, 1.19027413, 0.08068146</corner2></bounds><pose><translation>0.25749482, 0.06270221, 4.97514882</translation><rotation><c1>1., 0., 0.</c1><c2>0., 1., 0.</c2><c3>0., 0., 1.</c3></rotation></pose><symmetry><x>none</x><y>none</y><z>none</z></symmetry><detectionScore>-1</detectionScore></element><element><id>4</id><category>atm</category><bounds><corner1>-1.61291489, -0.65949825, -1.21962813</corner1><corner2>1.61291489, 0.65949825, 1.21962813</corner2></bounds><pose><translation> 2.37981371, -0.84050789,  3.81234132</translation><rotation><c1>1., 0., 0.</c1><c2>0., 1., 0.</c2><c3>0., 0., 1.</c3></rotation></pose><symmetry><x>none</x><y>none</y><z>none</z></symmetry><detectionScore>-1</detectionScore></element><element><id>2</id><category>toy</category><bounds><corner1>-0.70374382, -1.0634072 , -0.13434691</corner1><corner2>0.70374382, 1.0634072 , 0.13434691</corner2></bounds><pose><translation>-1.23352045, -0.97986231,  4.91311853</translation><rotation><c1>1., 0., 0.</c1><c2>0., 1., 0.</c2><c3>0., 0., 1.</c3></rotation></pose><symmetry><x>none</x><y>none</y><z>none</z></symmetry><detectionScore>-1</detectionScore></element><element><id>1</id><category>chandelier</category><bounds><corner1>-0.40606496, -0.02780926, -0.73240654</corner1><corner2>0.40606496, 0.02780926, 0.73240654</corner2></bounds><pose><translation>1.44900857, 1.28282026, 0.61707052</translation><rotation><c1>1., 0., 0.</c1><c2>0., 1., 0.</c2><c3>0., 0., 1.</c3></rotation></pose><symmetry><x>none</x><y>none</y><z>none</z></symmetry><detectionScore>-1</detectionScore></element><element><id>8</id><category>wall</category><bounds><corner1>-2.43284583, -1.15488128, -1.15048384</corner1><corner2>2.43284583, 1.15488128, 1.15048384</corner2></bounds><pose><translation>-3.50984554, -0.03909497, -0.69719088</translation><rotation><c1>1., 0., 0.</c1><c2>0., 1., 0.</c2><c3>0., 0., 1.</c3></rotation></pose><symmetry><x>none</x><y>none</y><z>none</z></symmetry><detectionScore>-1</detectionScore></element></elements></scene>