<?xml version='1.0' encoding='utf-8'?>
<scene xmlns:sumo="https://www.sumochallenge.org"><version>2.0</version><categories><id>fb_categories_v1_0</id><url>https://sumochallenge.org/en/categories-1_0.json</url></categories><project_type>bounding_box</project_type><elements><element><id>0</id><category>door</category><bounds><corner1>-0.631054116504135, -1.5867849411943729, -0.7039309134087471</corner1><corner2>0.631054116504135, 1.5867849411943729, 0.7039309134087471</corner2></bounds><pose><translation>-3.8259548810760116, -0.39536435759023336, 0.011216186236532427</translation><rotation><c1>1, 0, 0</c1><c2>0, 1, 0</c2><c3>0, 0, 1</c3></rotation></pose><symmetry><x>twoFold</x><y>cylindrical</y><z>twoFold</z></symmetry><detectionScore>-1.0</detectionScore></element><element><id>1</id><category>shower</category><bounds><corner1>-0.9018105115166786, -1.5765348298523623, -0.7007949894942834</corner1><corner2>0.9018105115166786, 1.5765348298523623, 0.7007949894942834</corner2></bounds><pose><translation>-3.8205239177327526, -0.4602165926708381, -0.041168027512078015</translation><rotation><c1>1, 0, 0</c1><c2>0, 1, 0</c2><c3>0, 0, 1</c3></rotation></pose><symmetry><x>twoFold</x><y>cylindrical</y><z>twoFold</z></symmetry><detectionScore>-1.0</detectionScore></element><element><id>2</id><category>dressing_table</category><bounds><corner1>-1.2291240002908266, -1.0060997201525135, -0.18977751980701152</corner1><corner2>1.2291240002908266, 1.0060997201525135, 0.18977751980701152</corner2></bounds><pose><translation>-1.614478128154524, -0.7654540531213849, 3.7247433220027877</translation><rotation><c1>1, 0, 0</c1><c2>0, 1, 0</c2><c3>0, 0, 1</c3></rotation></pose><symmetry><x>twoFold</x><y>cylindrical</y><z>twoFold</z></symmetry><detectionScore>-1.0</detectionScore></element><element><id>3</id><category>window</category><bounds><corner1>-0.88251822903896, -0.6935835396075307, -0.14346396128868832</corner1><corner2>0.88251822903896, 0.6935835396075307, 0.14346396128868832</corner2></bounds><pose><translation>-1.4461539431691541, 0.3495197903395863, 3.7688982219671976</translation><rotation><c1>1, 0, 0</c1><c2>0, 1, 0</c2><c3>0, 0, 1</c3></rotation></pose><symmetry><x>twoFold</x><y>cylindrical</y><z>twoFold</z></symmetry><detectionScore>-1.0</detectionScore></element><element><id>4</id><category>sink</category><bounds><corner1>-1.037483254253551, -0.8079001075504431, -0.35988212084562266</corner1><corner2>1.037483254253551, 0.8079001075504431, 0.35988212084562266</corner2></bounds><pose><translation>-1.6997768217198594, -1.0631455468545985, 3.546002220812327</translation><rotation><c1>1, 0, 0</c1><c2>0, 1, 0</c2><c3>0, 0, 1</c3></rotation></pose><symmetry><x>twoFold</x><y>cylindrical</y><z>twoFold</z></symmetry><detectionScore>-1.0</detectionScore></element><element><id>5</id><category>double_bed</category><bounds><corner1>-1.3065640366149718, -0.7424391439178076, -0.2012313290652088</corner1><corner2>1.3065640366149718, 0.7424391439178076, 0.2012313290652088</corner2></bounds><pose><translation>-1.6608135986055648, -0.9575743797868986, 3.7115011634740203</translation><rotation><c1>1, 0, 0</c1><c2>0, 1, 0</c2><c3>0, 0, 1</c3></rotation></pose><symmetry><x>twoFold</x><y>cylindrical</y><z>twoFold</z></symmetry><detectionScore>-1.0</detectionScore></element><element><id>6</id><category>coffee_table</category><bounds><corner1>-1.0432130909824444, -0.6477779665857867, -0.40701867483918175</corner1><corner2>1.0432130909824444, 0.6477779665857867, 0.40701867483918175</corner2></bounds><pose><translation>-1.6770263401008552, -1.286360659200116, 3.4854599982593677</translation><rotation><c1>1, 0, 0</c1><c2>0, 1, 0</c2><c3>0, 0, 1</c3></rotation></pose><symmetry><x>twoFold</x><y>cylindrical</y><z>twoFold</z></symmetry><detectionScore>-1.0</detectionScore></element><element><id>7</id><category>wall</category><bounds><corner1>-3.2192755096091146, -1.4588062871293812, -2.278815160070706</corner1><corner2>3.2192755096091146, 1.4588062871293812, 2.278815160070706</corner2></bounds><pose><translation>-4.687384956219019, -0.10597900489397627, 1.487806958733613</translation><rotation><c1>1, 0, 0</c1><c2>0, 1, 0</c2><c3>0, 0, 1</c3></rotation></pose><symmetry><x>twoFold</x><y>cylindrical</y><z>twoFold</z></symmetry><detectionScore>-1.0</detectionScore></element><element><id>8</id><category>toilet</category><bounds><corner1>-1.9329100139034707, -0.9596621883789525, -1.4095962532565864</corner1><corner2>1.9329100139034707, 0.9596621883789525, 1.4095962532565864</corner2></bounds><pose><translation>-3.252238573640777, -1.135133746363209, 2.3798223022480167</translation><rotation><c1>1, 0, 0</c1><c2>0, 1, 0</c2><c3>0, 0, 1</c3></rotation></pose><symmetry><x>twoFold</x><y>cylindrical</y><z>twoFold</z></symmetry><detectionScore>-1.0</detectionScore></element><element><id>9</id><category>picture_frame</category><bounds><corner1>-0.85331694049808, -0.688939458874906, -0.1443417576384185</corner1><corner2>0.85331694049808, 0.688939458874906, 0.1443417576384185</corner2></bounds><pose><translation>-1.4462867028549167, 0.3862370413127858, 3.767941955064107</translation><rotation><c1>1, 0, 0</c1><c2>0, 1, 0</c2><c3>0, 0, 1</c3></rotation></pose><symmetry><x>twoFold</x><y>cylindrical</y><z>twoFold</z></symmetry><detectionScore>-1.0</detectionScore></element><element><id>10</id><category>mirror</category><bounds><corner1>-0.8590903185142236, -0.6968856722254269, -0.1276834889232381</corner1><corner2>0.8590903185142236, 0.6968856722254269, 0.1276834889232381</corner2></bounds><pose><translation>-1.4604336921027656, 0.37829082796226504, 3.7671846783408864</translation><rotation><c1>1, 0, 0</c1><c2>0, 1, 0</c2><c3>0, 0, 1</c3></rotation></pose><symmetry><x>twoFold</x><y>cylindrical</y><z>twoFold</z></symmetry><detectionScore>-1.0</detectionScore></element><element><id>11</id><category>wall</category><bounds><corner1>-0.10930835351677226, -1.6241438588921566, -0.7175036815351115</corner1><corner2>0.10930835351677226, 1.6241438588921566, 0.7175036815351115</corner2></bounds><pose><translation>-2.884816933494122, -0.2516538319236573, -1.1960113137975832</translation><rotation><c1>1, 0, 0</c1><c2>0, 1, 0</c2><c3>0, 0, 1</c3></rotation></pose><symmetry><x>twoFold</x><y>cylindrical</y><z>twoFold</z></symmetry><detectionScore>-1.0</detectionScore></element><element><id>12</id><category>bathtub</category><bounds><corner1>-1.2646018871671343, -0.7653885320067608, -0.2648920151585461</corner1><corner2>1.2646018871671343, 0.7653885320067608, 0.2648920151585461</corner2></bounds><pose><translation>-1.6342463180956126, -1.0068352844588888, 3.647840477380683</translation><rotation><c1>1, 0, 0</c1><c2>0, 1, 0</c2><c3>0, 0, 1</c3></rotation></pose><symmetry><x>twoFold</x><y>cylindrical</y><z>twoFold</z></symmetry><detectionScore>-1.0</detectionScore></element><element><id>13</id><category>wall</category><bounds><corner1>-2.741525473295226, -1.5159345666416817, -0.2133058391118854</corner1><corner2>2.741525473295226, 1.5159345666416817, 0.2133058391118854</corner2></bounds><pose><translation>-0.8265015595740863, -0.12977050216129887, 3.784956848046</translation><rotation><c1>1, 0, 0</c1><c2>0, 1, 0</c2><c3>0, 0, 1</c3></rotation></pose><symmetry><x>twoFold</x><y>cylindrical</y><z>twoFold</z></symmetry><detectionScore>-1.0</detectionScore></element><element><id>14</id><category>computer</category><bounds><corner1>-0.15816221156715837, -0.6160391273598399, -1.1328441306275758</corner1><corner2>0.15816221156715837, 0.6160391273598399, 1.1328441306275758</corner2></bounds><pose><translation>1.875618671599645, -0.46807841090613794, 2.421799408648921</translation><rotation><c1>1, 0, 0</c1><c2>0, 1, 0</c2><c3>0, 0, 1</c3></rotation></pose><symmetry><x>twoFold</x><y>cylindrical</y><z>twoFold</z></symmetry><detectionScore>-1.0</detectionScore></element><element><id>15</id><category>door</category><bounds><corner1>-0.819993892221766, -1.430973428870356, -0.1691853248629489</corner1><corner2>0.819993892221766, 1.430973428870356, 0.1691853248629489</corner2></bounds><pose><translation>-0.9482397367502433, -0.44865575502365485, -2.0613009690610395</translation><rotation><c1>1, 0, 0</c1><c2>0, 1, 0</c2><c3>0, 0, 1</c3></rotation></pose><symmetry><x>twoFold</x><y>cylindrical</y><z>twoFold</z></symmetry><detectionScore>-1.0</detectionScore></element><element><id>16</id><category>dressing_table</category><bounds><corner1>-0.17627527827159772, -0.8244495001975273, -1.3498897123185891</corner1><corner2>0.17627527827159772, 0.8244495001975273, 1.3498897123185891</corner2></bounds><pose><translation>1.8566654761381316, -0.79822081135866, 2.50792002365403</translation><rotation><c1>1, 0, 0</c1><c2>0, 1, 0</c2><c3>0, 0, 1</c3></rotation></pose><symmetry><x>twoFold</x><y>cylindrical</y><z>twoFold</z></symmetry><detectionScore>-1.0</detectionScore></element><element><id>17</id><category>stand</category><bounds><corner1>-0.9235163579677954, -0.6869401244547845, -0.4474642994250644</corner1><corner2>0.9235163579677954, 0.6869401244547845, 0.4474642994250644</corner2></bounds><pose><translation>-1.8610309834492527, -1.2416641902875492, 3.4417149214884977</translation><rotation><c1>1, 0, 0</c1><c2>0, 1, 0</c2><c3>0, 0, 1</c3></rotation></pose><symmetry><x>twoFold</x><y>cylindrical</y><z>twoFold</z></symmetry><detectionScore>-1.0</detectionScore></element><element><id>18</id><category>window</category><bounds><corner1>-0.7994210749742172, -1.1029343262468059, -0.11943821164706314</corner1><corner2>0.7994210749742172, 1.1029343262468059, 0.11943821164706314</corner2></bounds><pose><translation>0.8774321354144679, 0.057220341958559094, 3.878824475510822</translation><rotation><c1>1, 0, 0</c1><c2>0, 1, 0</c2><c3>0, 0, 1</c3></rotation></pose><symmetry><x>twoFold</x><y>cylindrical</y><z>twoFold</z></symmetry><detectionScore>-1.0</detectionScore></element><element><id>19</id><category>wall_lamp</category><bounds><corner1>-0.30709133944948697, -0.1267988958298829, -0.20567591508493765</corner1><corner2>0.30709133944948697, 0.1267988958298829, 0.20567591508493765</corner2></bounds><pose><translation>1.5847498660165176, -0.8060509742467127, -1.9691920131280887</translation><rotation><c1>1, 0, 0</c1><c2>0, 1, 0</c2><c3>0, 0, 1</c3></rotation></pose><symmetry><x>twoFold</x><y>cylindrical</y><z>twoFold</z></symmetry><detectionScore>-1.0</detectionScore></element><element><id>20</id><category>switch</category><bounds><corner1>-0.29209883332055453, -0.1056356415641424, -0.12930493129025034</corner1><corner2>0.29209883332055453, 0.1056356415641424, 0.12930493129025034</corner2></bounds><pose><translation>1.5698977363757132, -0.8383119660361645, -1.8928210293334014</translation><rotation><c1>1, 0, 0</c1><c2>0, 1, 0</c2><c3>0, 0, 1</c3></rotation></pose><symmetry><x>twoFold</x><y>cylindrical</y><z>twoFold</z></symmetry><detectionScore>-1.0</detectionScore></element></elements></scene>