<?xml version='1.0' encoding='utf-8'?>
<scene xmlns:sumo="https://www.sumochallenge.org"><version>2.0</version><categories><id>fb_categories_v1_0</id><url>https://sumochallenge.org/en/categories-1_0.json</url></categories><project_type>bounding_box</project_type><elements><element><id>0</id><category>rug</category><bounds><corner1>-1.4127427918616737, -0.0753111006993783, -0.4741612250314091</corner1><corner2>1.4127427918616737, 0.0753111006993783, 0.4741612250314091</corner2></bounds><pose><translation>1.6319141525796614, -1.6753183452779647, -2.6403650413375424</translation><rotation><c1>1, 0, 0</c1><c2>0, 1, 0</c2><c3>0, 0, 1</c3></rotation></pose><symmetry><x>twoFold</x><y>cylindrical</y><z>twoFold</z></symmetry><detectionScore>-1.0</detectionScore></element><element><id>1</id><category>sofa</category><bounds><corner1>-9.83903832509581, -0.9018130590462443, -4.2541010633407</corner1><corner2>9.83903832509581, 0.9018130590462443, 4.2541010633407</corner2></bounds><pose><translation>6.536171581535957, -1.103254410588782, 4.719163652701166</translation><rotation><c1>1, 0, 0</c1><c2>0, 1, 0</c2><c3>0, 0, 1</c3></rotation></pose><symmetry><x>twoFold</x><y>cylindrical</y><z>twoFold</z></symmetry><detectionScore>-1.0</detectionScore></element><element><id>2</id><category>gym_equipment</category><bounds><corner1>-11.330439772675856, -1.066495267198064, -6.88773184284682</corner1><corner2>11.330439772675856, 1.066495267198064, 6.88773184284682</corner2></bounds><pose><translation>4.754025275145036, -1.5589998328366834, 1.9119809689238385</translation><rotation><c1>1, 0, 0</c1><c2>0, 1, 0</c2><c3>0, 0, 1</c3></rotation></pose><symmetry><x>twoFold</x><y>cylindrical</y><z>twoFold</z></symmetry><detectionScore>-1.0</detectionScore></element><element><id>3</id><category>curtain</category><bounds><corner1>-26.86126801846136, -0.7642425725618979, -10.868128230700716</corner1><corner2>26.86126801846136, 0.7642425725618979, 10.868128230700716</corner2></bounds><pose><translation>9.607350289785847, 0.553999471740423, 1.9884842783590915</translation><rotation><c1>1, 0, 0</c1><c2>0, 1, 0</c2><c3>0, 0, 1</c3></rotation></pose><symmetry><x>twoFold</x><y>cylindrical</y><z>twoFold</z></symmetry><detectionScore>-1.0</detectionScore></element><element><id>4</id><category>wall</category><bounds><corner1>-0.9821256337137015, -0.9804458727835548, -1.2181795044331714</corner1><corner2>0.9821256337137015, 0.9804458727835548, 1.2181795044331714</corner2></bounds><pose><translation>-0.09670384929021474, -0.11536419230713825, 3.24818457068826</translation><rotation><c1>1, 0, 0</c1><c2>0, 1, 0</c2><c3>0, 0, 1</c3></rotation></pose><symmetry><x>twoFold</x><y>cylindrical</y><z>twoFold</z></symmetry><detectionScore>-1.0</detectionScore></element><element><id>5</id><category>car</category><bounds><corner1>-19.14686075723728, -0.8152633545675473, -2.7472294272483544</corner1><corner2>19.14686075723728, 0.8152633545675473, 2.7472294272483544</corner2></bounds><pose><translation>10.180561831678908, -0.8981121031304711, -2.806390886069997</translation><rotation><c1>1, 0, 0</c1><c2>0, 1, 0</c2><c3>0, 0, 1</c3></rotation></pose><symmetry><x>twoFold</x><y>cylindrical</y><z>twoFold</z></symmetry><detectionScore>-1.0</detectionScore></element><element><id>6</id><category>door</category><bounds><corner1>-1.1439703632456737, -1.4506554367097855, -0.6083405666552495</corner1><corner2>1.1439703632456737, 1.4506554367097855, 0.6083405666552495</corner2></bounds><pose><translation>-1.1439703632456737, -0.28657763420008137, 2.574710806616053</translation><rotation><c1>1, 0, 0</c1><c2>0, 1, 0</c2><c3>0, 0, 1</c3></rotation></pose><symmetry><x>twoFold</x><y>cylindrical</y><z>twoFold</z></symmetry><detectionScore>-1.0</detectionScore></element><element><id>7</id><category>chair</category><bounds><corner1>-6.569158099585916, -0.831088607669425, -4.545050826933739</corner1><corner2>6.569158099585916, 0.831088607669425, 4.545050826933739</corner2></bounds><pose><translation>4.346437047776945, -1.5666735632394726, 1.8667025735626246</translation><rotation><c1>1, 0, 0</c1><c2>0, 1, 0</c2><c3>0, 0, 1</c3></rotation></pose><symmetry><x>twoFold</x><y>cylindrical</y><z>twoFold</z></symmetry><detectionScore>-1.0</detectionScore></element><element><id>8</id><category>wall</category><bounds><corner1>-1.7307893905367486, -1.430049719491144, -1.869163959455038</corner1><corner2>1.7307893905367486, 1.430049719491144, 1.869163959455038</corner2></bounds><pose><translation>-0.8220335466657128, 0.08475456128118139, 2.6263238865543372</translation><rotation><c1>1, 0, 0</c1><c2>0, 1, 0</c2><c3>0, 0, 1</c3></rotation></pose><symmetry><x>twoFold</x><y>cylindrical</y><z>twoFold</z></symmetry><detectionScore>-1.0</detectionScore></element><element><id>9</id><category>wall</category><bounds><corner1>-5.328758383528452, -1.5575689028528816, -6.312445449237571</corner1><corner2>5.328758383528452, 1.5575689028528816, 6.312445449237571</corner2></bounds><pose><translation>23.303395323256847, -0.3126458019803398, -6.8567444779114535</translation><rotation><c1>1, 0, 0</c1><c2>0, 1, 0</c2><c3>0, 0, 1</c3></rotation></pose><symmetry><x>twoFold</x><y>cylindrical</y><z>twoFold</z></symmetry><detectionScore>-1.0</detectionScore></element><element><id>10</id><category>wall</category><bounds><corner1>-2.4788508525278976, -1.53534461674508, -0.856001904708874</corner1><corner2>2.4788508525278976, 1.53534461674508, 0.856001904708874</corner2></bounds><pose><translation>2.571358550183441, -0.17149453854053673, 4.845667806841744</translation><rotation><c1>1, 0, 0</c1><c2>0, 1, 0</c2><c3>0, 0, 1</c3></rotation></pose><symmetry><x>twoFold</x><y>cylindrical</y><z>twoFold</z></symmetry><detectionScore>-1.0</detectionScore></element><element><id>11</id><category>wall</category><bounds><corner1>-0.636104500576983, -1.5632562344699945, -0.8948331684920723</corner1><corner2>0.636104500576983, 1.5632562344699945, 0.8948331684920723</corner2></bounds><pose><translation>-2.315125063071961, -0.09779144232126087, 0.49512368340512375</translation><rotation><c1>1, 0, 0</c1><c2>0, 1, 0</c2><c3>0, 0, 1</c3></rotation></pose><symmetry><x>twoFold</x><y>cylindrical</y><z>twoFold</z></symmetry><detectionScore>-1.0</detectionScore></element></elements></scene>