<?xml version='1.0' encoding='utf-8'?>
<scene xmlns:sumo="https://www.sumochallenge.org"><version>2.0</version><categories><id>fb_categories_v1.0</id><url>https://sumochallenge.org/en/categories-1_0.json</url></categories><project_type>bounding_box</project_type><elements><element><id>18</id><category>chandelier</category><bounds><corner1>-1.86637707, -0.02642917, -0.60392308</corner1><corner2>1.86637707, 0.02642917, 0.60392308</corner2></bounds><pose><translation> 2.20092972,  1.18078914, -0.87071227</translation><rotation><c1>1., 0., 0.</c1><c2>0., 1., 0.</c2><c3>0., 0., 1.</c3></rotation></pose><symmetry><x>none</x><y>cylindrical</y><z>none</z></symmetry><detectionScore>0.9933902</detectionScore></element><element><id>5</id><category>floor_lamp</category><bounds><corner1>-0.17809757, -0.96410362, -0.38180502</corner1><corner2>0.17809757, 0.96410362, 0.38180502</corner2></bounds><pose><translation>-1.23558315, -0.64075482, -3.0888587 </translation><rotation><c1>1., 0., 0.</c1><c2>0., 1., 0.</c2><c3>0., 0., 1.</c3></rotation></pose><symmetry><x>none</x><y>cylindrical</y><z>none</z></symmetry><detectionScore>0.99284184</detectionScore></element><element><id>15</id><category>arch</category><bounds><corner1>-2.11087307, -1.48286182, -0.45611316</corner1><corner2>2.11087307, 1.48286182, 0.45611316</corner2></bounds><pose><translation>-6.77396564, -0.29434821, -3.16293921</translation><rotation><c1>1., 0., 0.</c1><c2>0., 1., 0.</c2><c3>0., 0., 1.</c3></rotation></pose><symmetry><x>none</x><y>twoFold</y><z>none</z></symmetry><detectionScore>0.6160461</detectionScore></element><element><id>10</id><category>wall</category><bounds><corner1>-0.44787445, -1.38886348, -0.0587057 </corner1><corner2>0.44787445, 1.38886348, 0.0587057 </corner2></bounds><pose><translation> 1.93239277, -0.21114939, -3.11483802</translation><rotation><c1>1., 0., 0.</c1><c2>0., 1., 0.</c2><c3>0., 0., 1.</c3></rotation></pose><symmetry><x>none</x><y>twoFold</y><z>none</z></symmetry><detectionScore>0.7469161</detectionScore></element><element><id>3</id><category>sofa</category><bounds><corner1>-1.86522622, -0.42521747, -0.9266525 </corner1><corner2>1.86522622, 0.42521747, 0.9266525 </corner2></bounds><pose><translation>-4.25213639, -0.92627409, -0.6698017 </translation><rotation><c1>1., 0., 0.</c1><c2>0., 1., 0.</c2><c3>0., 0., 1.</c3></rotation></pose><symmetry><x>none</x><y>none</y><z>none</z></symmetry><detectionScore>0.9740258</detectionScore></element><element><id>4</id><category>wall</category><bounds><corner1>-0.23634294, -1.03366603, -0.79005217</corner1><corner2>0.23634294, 1.03366603, 0.79005217</corner2></bounds><pose><translation> 5.44454678,  0.05906722, -0.51810057</translation><rotation><c1>1., 0., 0.</c1><c2>0., 1., 0.</c2><c3>0., 0., 1.</c3></rotation></pose><symmetry><x>none</x><y>twoFold</y><z>none</z></symmetry><detectionScore>0.930407</detectionScore></element><element><id>6</id><category>wall</category><bounds><corner1>-0.45847547, -1.1386106 , -0.57072291</corner1><corner2>0.45847547, 1.1386106 , 0.57072291</corner2></bounds><pose><translation>4.96351342, 0.04714247, 0.98459063</translation><rotation><c1>1., 0., 0.</c1><c2>0., 1., 0.</c2><c3>0., 0., 1.</c3></rotation></pose><symmetry><x>none</x><y>twoFold</y><z>none</z></symmetry><detectionScore>0.97576106</detectionScore></element><element><id>19</id><category>floor</category><bounds><corner1>-2.14642108, -0.44373823, -2.30695521</corner1><corner2>2.14642108, 0.44373823, 2.30695521</corner2></bounds><pose><translation>-4.66255549, -1.01540928, -3.05616692</translation><rotation><c1>1., 0., 0.</c1><c2>0., 1., 0.</c2><c3>0., 0., 1.</c3></rotation></pose><symmetry><x>twoFold</x><y>cylindrical</y><z>twoFold</z></symmetry><detectionScore>0.7358739</detectionScore></element><element><id>12</id><category>table_and_chair</category><bounds><corner1>-0.6731104 , -0.4741771 , -2.44537502</corner1><corner2>0.6731104 , 0.4741771 , 2.44537502</corner2></bounds><pose><translation> 1.67166039, -0.86381056, -5.5452065 </translation><rotation><c1>1., 0., 0.</c1><c2>0., 1., 0.</c2><c3>0., 0., 1.</c3></rotation></pose><symmetry><x>none</x><y>twoFold</y><z>none</z></symmetry><detectionScore>0.53379226</detectionScore></element><element><id>2</id><category>floor_lamp</category><bounds><corner1>-0.5933393 , -1.11691486, -0.08098672</corner1><corner2>0.5933393 , 1.11691486, 0.08098672</corner2></bounds><pose><translation> 2.90200256, -0.73961976,  1.85021214</translation><rotation><c1>1., 0., 0.</c1><c2>0., 1., 0.</c2><c3>0., 0., 1.</c3></rotation></pose><symmetry><x>none</x><y>cylindrical</y><z>none</z></symmetry><detectionScore>0.95917976</detectionScore></element><element><id>1</id><category>wall</category><bounds><corner1>-0.47618953, -1.11770776, -0.76739385</corner1><corner2>0.47618953, 1.11770776, 0.76739385</corner2></bounds><pose><translation> 4.93141275,  0.06915858, -2.11907683</translation><rotation><c1>1., 0., 0.</c1><c2>0., 1., 0.</c2><c3>0., 0., 1.</c3></rotation></pose><symmetry><x>none</x><y>twoFold</y><z>none</z></symmetry><detectionScore>0.96347016</detectionScore></element><element><id>21</id><category>floor_lamp</category><bounds><corner1>-0.53147606, -0.85971865, -0.44276972</corner1><corner2>0.53147606, 0.85971865, 0.44276972</corner2></bounds><pose><translation>-3.82878137, -0.52801582, -3.08949092</translation><rotation><c1>1., 0., 0.</c1><c2>0., 1., 0.</c2><c3>0., 0., 1.</c3></rotation></pose><symmetry><x>none</x><y>cylindrical</y><z>none</z></symmetry><detectionScore>0.958502</detectionScore></element><element><id>13</id><category>wall</category><bounds><corner1>-1.53250652, -1.19595918, -4.98480726</corner1><corner2>1.53250652, 1.19595918, 4.98480726</corner2></bounds><pose><translation> 0.56734057, -0.10974391, -8.07586139</translation><rotation><c1>1., 0., 0.</c1><c2>0., 1., 0.</c2><c3>0., 0., 1.</c3></rotation></pose><symmetry><x>none</x><y>twoFold</y><z>none</z></symmetry><detectionScore>0.8025714</detectionScore></element><element><id>16</id><category>coffee_table</category><bounds><corner1>-0.19717682, -0.2679778 , -0.43082436</corner1><corner2>0.19717682, 0.2679778 , 0.43082436</corner2></bounds><pose><translation>-2.21611713, -1.23670317, -0.98716751</translation><rotation><c1>1., 0., 0.</c1><c2>0., 1., 0.</c2><c3>0., 0., 1.</c3></rotation></pose><symmetry><x>none</x><y>twoFold</y><z>none</z></symmetry><detectionScore>0.9230786</detectionScore></element><element><id>9</id><category>curtain</category><bounds><corner1>-0.98971705, -1.1012278 , -0.25116651</corner1><corner2>0.98971705, 1.1012278 , 0.25116651</corner2></bounds><pose><translation>-2.72479839,  0.08842009,  1.66488378</translation><rotation><c1>1., 0., 0.</c1><c2>0., 1., 0.</c2><c3>0., 0., 1.</c3></rotation></pose><symmetry><x>none</x><y>twoFold</y><z>none</z></symmetry><detectionScore>0.7863984</detectionScore></element><element><id>8</id><category>sofa</category><bounds><corner1>-0.8814871 , -0.34838958, -0.72071652</corner1><corner2>0.8814871 , 0.34838958, 0.72071652</corner2></bounds><pose><translation> 4.61595941, -1.03871667,  0.74047802</translation><rotation><c1>1., 0., 0.</c1><c2>0., 1., 0.</c2><c3>0., 0., 1.</c3></rotation></pose><symmetry><x>none</x><y>none</y><z>none</z></symmetry><detectionScore>0.62311476</detectionScore></element><element><id>7</id><category>arch</category><bounds><corner1>-1.3005833 , -1.75884616, -1.64446213</corner1><corner2>1.3005833 , 1.75884616, 1.64446213</corner2></bounds><pose><translation> 1.03051363, -0.56693436, -4.71157557</translation><rotation><c1>1., 0., 0.</c1><c2>0., 1., 0.</c2><c3>0., 0., 1.</c3></rotation></pose><symmetry><x>none</x><y>twoFold</y><z>none</z></symmetry><detectionScore>0.9988674</detectionScore></element><element><id>17</id><category>wall</category><bounds><corner1>-1.08868308, -1.22732891, -0.21313209</corner1><corner2>1.08868308, 1.22732891, 0.21313209</corner2></bounds><pose><translation> 3.53608833, -0.03697747,  1.69379862</translation><rotation><c1>1., 0., 0.</c1><c2>0., 1., 0.</c2><c3>0., 0., 1.</c3></rotation></pose><symmetry><x>none</x><y>twoFold</y><z>none</z></symmetry><detectionScore>0.9157195</detectionScore></element><element><id>20</id><category>wall</category><bounds><corner1>-5.80139491, -1.22578996, -2.15470269</corner1><corner2>5.80139491, 1.22578996, 2.15470269</corner2></bounds><pose><translation>-10.4796087 ,  -0.1607292 ,  -0.59393974</translation><rotation><c1>1., 0., 0.</c1><c2>0., 1., 0.</c2><c3>0., 0., 1.</c3></rotation></pose><symmetry><x>none</x><y>twoFold</y><z>none</z></symmetry><detectionScore>0.9471628</detectionScore></element></elements></scene>