<?xml version='1.0' encoding='utf-8'?>
<scene xmlns:sumo="https://www.sumochallenge.org"><version>2.0</version><categories><id>fb_categories_v1_0</id><url>https://sumochallenge.org/en/categories-1_0.json</url></categories><project_type>bounding_box</project_type><elements><element><id>0</id><category>wall</category><bounds><corner1>-0.5500912474605744, -1.4674822492720307, -1.664423736158862</corner1><corner2>0.5500912474605744, 1.4674822492720307, 1.664423736158862</corner2></bounds><pose><translation>2.0578069911828982, -0.004414090124226637, -0.2575835852049778</translation><rotation><c1>1, 0, 0</c1><c2>0, 1, 0</c2><c3>0, 0, 1</c3></rotation></pose><symmetry><x>twoFold</x><y>cylindrical</y><z>twoFold</z></symmetry><detectionScore>-1.0</detectionScore></element><element><id>1</id><category>chandelier</category><bounds><corner1>-0.4650911585883706, -0.14252237379547505, -0.4533381226411062</corner1><corner2>0.4650911585883706, 0.14252237379547505, 0.4533381226411062</corner2></bounds><pose><translation>-0.6991010538212938, 1.3865119388811107, -1.9649036218561107</translation><rotation><c1>1, 0, 0</c1><c2>0, 1, 0</c2><c3>0, 0, 1</c3></rotation></pose><symmetry><x>twoFold</x><y>cylindrical</y><z>twoFold</z></symmetry><detectionScore>-1.0</detectionScore></element><element><id>2</id><category>wall</category><bounds><corner1>-0.24393164042156945, -0.8007668108037052, -0.7010989282077134</corner1><corner2>0.24393164042156945, 0.8007668108037052, 0.7010989282077134</corner2></bounds><pose><translation>-3.3423520587452393, 0.03601663594176117, -1.925897712265504</translation><rotation><c1>1, 0, 0</c1><c2>0, 1, 0</c2><c3>0, 0, 1</c3></rotation></pose><symmetry><x>twoFold</x><y>cylindrical</y><z>twoFold</z></symmetry><detectionScore>-1.0</detectionScore></element><element><id>3</id><category>wall</category><bounds><corner1>-2.476899836028494, -1.375325924149154, -5.10946450221906</corner1><corner2>2.476899836028494, 1.375325924149154, 5.10946450221906</corner2></bounds><pose><translation>-0.1727401831080123, -0.026701230792971768, 1.624655414761939</translation><rotation><c1>1, 0, 0</c1><c2>0, 1, 0</c2><c3>0, 0, 1</c3></rotation></pose><symmetry><x>twoFold</x><y>cylindrical</y><z>twoFold</z></symmetry><detectionScore>-1.0</detectionScore></element><element><id>4</id><category>door</category><bounds><corner1>-1.0709779457358024, -1.2144255309577137, -0.4800273870722038</corner1><corner2>1.0709779457358024, 1.2144255309577137, 0.4800273870722038</corner2></bounds><pose><translation>1.7478244544643882, -0.3216385516715167, -2.499253049641732</translation><rotation><c1>1, 0, 0</c1><c2>0, 1, 0</c2><c3>0, 0, 1</c3></rotation></pose><symmetry><x>twoFold</x><y>cylindrical</y><z>twoFold</z></symmetry><detectionScore>-1.0</detectionScore></element><element><id>5</id><category>door</category><bounds><corner1>-1.779210221747679, -1.448976387892854, -5.062937958644736</corner1><corner2>1.779210221747679, 1.448976387892854, 5.062937958644736</corner2></bounds><pose><translation>0.6129132886924571, -0.040436069277256424, 1.6711819583362637</translation><rotation><c1>1, 0, 0</c1><c2>0, 1, 0</c2><c3>0, 0, 1</c3></rotation></pose><symmetry><x>twoFold</x><y>cylindrical</y><z>twoFold</z></symmetry><detectionScore>-1.0</detectionScore></element><element><id>6</id><category>desk</category><bounds><corner1>-0.4487998840952212, -0.6230535905417096, -0.377250837570714</corner1><corner2>0.4487998840952212, 0.6230535905417096, 0.377250837570714</corner2></bounds><pose><translation>-1.6878507718307896, -0.8599405481819272, 1.0914167979983904</translation><rotation><c1>1, 0, 0</c1><c2>0, 1, 0</c2><c3>0, 0, 1</c3></rotation></pose><symmetry><x>twoFold</x><y>cylindrical</y><z>twoFold</z></symmetry><detectionScore>-1.0</detectionScore></element><element><id>7</id><category>television</category><bounds><corner1>-0.09752614726236031, -0.3957050493700702, -0.5704040210087554</corner1><corner2>0.09752614726236031, 0.3957050493700702, 0.5704040210087554</corner2></bounds><pose><translation>-3.3457617964396027, 0.6502360880747353, -1.1796493808133954</translation><rotation><c1>1, 0, 0</c1><c2>0, 1, 0</c2><c3>0, 0, 1</c3></rotation></pose><symmetry><x>twoFold</x><y>cylindrical</y><z>twoFold</z></symmetry><detectionScore>-1.0</detectionScore></element><element><id>8</id><category>window</category><bounds><corner1>-1.2366929223948775, -0.8741598710293133, -0.20282540334276167</corner1><corner2>1.2366929223948775, 0.8741598710293133, 0.20282540334276167</corner2></bounds><pose><translation>-0.5390510298663824, 0.056112338435656044, -4.408782833192797</translation><rotation><c1>1, 0, 0</c1><c2>0, 1, 0</c2><c3>0, 0, 1</c3></rotation></pose><symmetry><x>twoFold</x><y>cylindrical</y><z>twoFold</z></symmetry><detectionScore>-1.0</detectionScore></element><element><id>9</id><category>computer</category><bounds><corner1>-0.48473482255062184, -0.5510798146818086, -0.3368229180292126</corner1><corner2>0.48473482255062184, 0.5510798146818086, 0.3368229180292126</corner2></bounds><pose><translation>-1.7490731154912615, -0.6394282593484997, 1.1300011225081446</translation><rotation><c1>1, 0, 0</c1><c2>0, 1, 0</c2><c3>0, 0, 1</c3></rotation></pose><symmetry><x>twoFold</x><y>cylindrical</y><z>twoFold</z></symmetry><detectionScore>-1.0</detectionScore></element><element><id>10</id><category>wall</category><bounds><corner1>-2.912295626384121, -1.501156241069229, -1.0064370459693905</corner1><corner2>2.912295626384121, 1.501156241069229, 1.0064370459693905</corner2></bounds><pose><translation>-0.5951197497615668, -0.1397599087425489, -4.33535191053966</translation><rotation><c1>1, 0, 0</c1><c2>0, 1, 0</c2><c3>0, 0, 1</c3></rotation></pose><symmetry><x>twoFold</x><y>cylindrical</y><z>twoFold</z></symmetry><detectionScore>-1.0</detectionScore></element><element><id>11</id><category>shelving</category><bounds><corner1>-0.833681517351039, -1.096678663382261, -0.2907802106927695</corner1><corner2>0.833681517351039, 1.096678663382261, 0.2907802106927695</corner2></bounds><pose><translation>-2.60097541033397, -0.42757640649928497, 1.088341388658157</translation><rotation><c1>1, 0, 0</c1><c2>0, 1, 0</c2><c3>0, 0, 1</c3></rotation></pose><symmetry><x>twoFold</x><y>cylindrical</y><z>twoFold</z></symmetry><detectionScore>-1.0</detectionScore></element></elements></scene>