<?xml version='1.0' encoding='utf-8'?>
<scene xmlns:sumo="https://www.sumochallenge.org"><version>2.0</version><categories><id>fb_categories_v1.0</id><url>https://sumochallenge.org/en/categories-1_0.json</url></categories><project_type>bounding_box</project_type><elements><element><id>6</id><category>armchair</category><bounds><corner1>-0.41430755, -0.48565187, -0.84713986</corner1><corner2>0.41430755, 0.48565187, 0.84713986</corner2></bounds><pose><translation>-3.30829823, -0.97574763,  1.21088511</translation><rotation><c1>1., 0., 0.</c1><c2>0., 1., 0.</c2><c3>0., 0., 1.</c3></rotation></pose><symmetry><x>none</x><y>none</y><z>none</z></symmetry><detectionScore>-1</detectionScore></element><element><id>7</id><category>window</category><bounds><corner1>-0.93283852, -1.03819951, -0.22812227</corner1><corner2>0.93283852, 1.03819951, 0.22812227</corner2></bounds><pose><translation>-0.23339586, -0.04091954, -1.67408719</translation><rotation><c1>1., 0., 0.</c1><c2>0., 1., 0.</c2><c3>0., 0., 1.</c3></rotation></pose><symmetry><x>none</x><y>none</y><z>none</z></symmetry><detectionScore>-1</detectionScore></element><element><id>5</id><category>wall</category><bounds><corner1>-0.60903089, -1.16018927, -2.39447562</corner1><corner2>0.60903089, 1.16018927, 2.39447562</corner2></bounds><pose><translation>-3.89183033, -0.03423607,  0.85097713</translation><rotation><c1>1., 0., 0.</c1><c2>0., 1., 0.</c2><c3>0., 0., 1.</c3></rotation></pose><symmetry><x>none</x><y>none</y><z>none</z></symmetry><detectionScore>-1</detectionScore></element><element><id>3</id><category>dresser</category><bounds><corner1>-0.2689689 , -0.28048852, -0.71303161</corner1><corner2>0.2689689 , 0.28048852, 0.71303161</corner2></bounds><pose><translation> 0.84072507, -0.67725298,  1.19702168</translation><rotation><c1>1., 0., 0.</c1><c2>0., 1., 0.</c2><c3>0., 0., 1.</c3></rotation></pose><symmetry><x>none</x><y>none</y><z>none</z></symmetry><detectionScore>-1</detectionScore></element><element><id>4</id><category>chandelier</category><bounds><corner1>-0.44089984, -0.0220383 , -1.61443758</corner1><corner2>0.44089984, 0.0220383 , 1.61443758</corner2></bounds><pose><translation>-1.60291846,  1.1855698 ,  0.97634083</translation><rotation><c1>1., 0., 0.</c1><c2>0., 1., 0.</c2><c3>0., 0., 1.</c3></rotation></pose><symmetry><x>none</x><y>none</y><z>none</z></symmetry><detectionScore>-1</detectionScore></element><element><id>2</id><category>window</category><bounds><corner1>-0.72675965, -1.31583584, -0.36837223</corner1><corner2>0.72675965, 1.31583584, 0.36837223</corner2></bounds><pose><translation>-2.38483702, -0.12919159, -1.66147327</translation><rotation><c1>1., 0., 0.</c1><c2>0., 1., 0.</c2><c3>0., 0., 1.</c3></rotation></pose><symmetry><x>none</x><y>none</y><z>none</z></symmetry><detectionScore>-1</detectionScore></element><element><id>1</id><category>door</category><bounds><corner1>-0.37200251, -1.26014538, -4.46340596</corner1><corner2>0.37200251, 1.26014538, 4.46340596</corner2></bounds><pose><translation> 0.73776042, -0.43815186,  3.14611058</translation><rotation><c1>1., 0., 0.</c1><c2>0., 1., 0.</c2><c3>0., 0., 1.</c3></rotation></pose><symmetry><x>none</x><y>none</y><z>none</z></symmetry><detectionScore>-1</detectionScore></element></elements></scene>