<?xml version='1.0' encoding='utf-8'?>
<scene xmlns:sumo="https://www.sumochallenge.org"><version>2.0</version><categories><id>fb_categories_v1_0</id><url>https://sumochallenge.org/en/categories-1_0.json</url></categories><project_type>bounding_box</project_type><elements><element><id>0</id><category>wall</category><bounds><corner1>-0.652683751458834, -2.4035919564115753, -1.5667788739121047</corner1><corner2>0.652683751458834, 2.4035919564115753, 1.5667788739121047</corner2></bounds><pose><translation>-3.2470964580343966, -0.5204639928634163, -0.19058538973987182</translation><rotation><c1>0, 0, 0</c1><c2>0, 0, 0</c2><c3>0, 0, 0</c3></rotation></pose><symmetry><x>twoFold</x><y>cylindrical</y><z>twoFold</z></symmetry><detectionScore>-1.0</detectionScore></element><element><id>1</id><category>television</category><bounds><corner1>-0.8186853929895586, -0.09408425870013559, -0.4891004582307149</corner1><corner2>0.8186853929895586, 0.09408425870013559, 0.4891004582307149</corner2></bounds><pose><translation>-1.4700833952302605, -2.5765308275485213, -0.5507395958167589</translation><rotation><c1>0, 0, 0</c1><c2>0, 0, 0</c2><c3>0, 0, 0</c3></rotation></pose><symmetry><x>twoFold</x><y>cylindrical</y><z>twoFold</z></symmetry><detectionScore>-1.0</detectionScore></element><element><id>2</id><category>partition</category><bounds><corner1>-1.2399305009301826, -1.2571620383631283, -0.7444886108922705</corner1><corner2>1.2399305009301826, 1.2571620383631283, 0.7444886108922705</corner2></bounds><pose><translation>1.048761832045355, 2.3820062793139987, -0.7206289146128572</translation><rotation><c1>0, 0, 0</c1><c2>0, 0, 0</c2><c3>0, 0, 0</c3></rotation></pose><symmetry><x>twoFold</x><y>cylindrical</y><z>twoFold</z></symmetry><detectionScore>-1.0</detectionScore></element><element><id>3</id><category>shelving</category><bounds><corner1>-1.2933845700652196, -1.140092225657969, -1.4756448009583738</corner1><corner2>1.2933845700652196, 1.140092225657969, 1.4756448009583738</corner2></bounds><pose><translation>5.4739291930729275, -2.405048368848979, -0.6713530067408573</translation><rotation><c1>0, 0, 0</c1><c2>0, 0, 0</c2><c3>0, 0, 0</c3></rotation></pose><symmetry><x>twoFold</x><y>cylindrical</y><z>twoFold</z></symmetry><detectionScore>-1.0</detectionScore></element><element><id>4</id><category>wall</category><bounds><corner1>-0.38931584302570954, -2.939382893751648, -1.3921116896563066</corner1><corner2>0.38931584302570954, 2.939382893751648, 1.3921116896563066</corner2></bounds><pose><translation>6.4482071624953985, 0.49326319242282995, -0.12492408493840271</translation><rotation><c1>0, 0, 0</c1><c2>0, 0, 0</c2><c3>0, 0, 0</c3></rotation></pose><symmetry><x>twoFold</x><y>cylindrical</y><z>twoFold</z></symmetry><detectionScore>-1.0</detectionScore></element><element><id>5</id><category>floor_lamp</category><bounds><corner1>-1.3597062055048943, -1.2604851922753402, -0.8124611157820338</corner1><corner2>1.3597062055048943, 1.2604851922753402, 0.8124611157820338</corner2></bounds><pose><translation>1.0578297059841935, 2.395111452296388, -0.8578608966267325</translation><rotation><c1>0, 0, 0</c1><c2>0, 0, 0</c2><c3>0, 0, 0</c3></rotation></pose><symmetry><x>twoFold</x><y>cylindrical</y><z>twoFold</z></symmetry><detectionScore>-1.0</detectionScore></element><element><id>6</id><category>wall</category><bounds><corner1>-1.2932644740269745, -0.5706027317586781, -1.4585370410390173</corner1><corner2>1.2932644740269745, 0.5706027317586781, 1.4585370410390173</corner2></bounds><pose><translation>1.074504789393777, 3.1596374131997362, -0.26694145354999044</translation><rotation><c1>0, 0, 0</c1><c2>0, 0, 0</c2><c3>0, 0, 0</c3></rotation></pose><symmetry><x>twoFold</x><y>cylindrical</y><z>twoFold</z></symmetry><detectionScore>-1.0</detectionScore></element><element><id>7</id><category>office_chair</category><bounds><corner1>-0.809196024129895, -1.2670141424593213, -0.6126671162784145</corner1><corner2>0.809196024129895, 1.2670141424593213, 0.6126671162784145</corner2></bounds><pose><translation>1.823072697776737, 2.379996667831457, -1.0259717540932403</translation><rotation><c1>0, 0, 0</c1><c2>0, 0, 0</c2><c3>0, 0, 0</c3></rotation></pose><symmetry><x>twoFold</x><y>cylindrical</y><z>twoFold</z></symmetry><detectionScore>-1.0</detectionScore></element><element><id>8</id><category>desk</category><bounds><corner1>-0.3702468283425637, -0.8339688868742929, -0.7120492669839779</corner1><corner2>0.3702468283425637, 0.8339688868742929, 0.7120492669839779</corner2></bounds><pose><translation>-2.8865010562788154, -0.7927708460905257, -1.3903098688343738</translation><rotation><c1>0, 0, 0</c1><c2>0, 0, 0</c2><c3>0, 0, 0</c3></rotation></pose><symmetry><x>twoFold</x><y>cylindrical</y><z>twoFold</z></symmetry><detectionScore>-1.0</detectionScore></element><element><id>9</id><category>wall</category><bounds><corner1>-2.084537679187208, -0.7884438407709125, -1.321347850554437</corner1><corner2>2.084537679187208, 0.7884438407709125, 1.321347850554437</corner2></bounds><pose><translation>4.61364263557821, 3.4482084392798633, -0.03909752438630978</translation><rotation><c1>0, 0, 0</c1><c2>0, 0, 0</c2><c3>0, 0, 0</c3></rotation></pose><symmetry><x>twoFold</x><y>cylindrical</y><z>twoFold</z></symmetry><detectionScore>-1.0</detectionScore></element><element><id>10</id><category>shelving</category><bounds><corner1>-0.2099485588472847, -0.9446508283134936, -0.4087487598938615</corner1><corner2>0.2099485588472847, 0.9446508283134936, 0.4087487598938615</corner2></bounds><pose><translation>-3.2776193565245513, -0.825139312134305, 0.6811876017667156</translation><rotation><c1>0, 0, 0</c1><c2>0, 0, 0</c2><c3>0, 0, 0</c3></rotation></pose><symmetry><x>twoFold</x><y>cylindrical</y><z>twoFold</z></symmetry><detectionScore>-1.0</detectionScore></element><element><id>11</id><category>kitchen_cabinet</category><bounds><corner1>-1.3262540248698542, -1.237570395932744, -0.4519927392774234</corner1><corner2>1.3262540248698542, 1.237570395932744, 0.4519927392774234</corner2></bounds><pose><translation>5.416339335402642, -2.353508803819503, -0.8642630393717814</translation><rotation><c1>0, 0, 0</c1><c2>0, 0, 0</c2><c3>0, 0, 0</c3></rotation></pose><symmetry><x>twoFold</x><y>cylindrical</y><z>twoFold</z></symmetry><detectionScore>-1.0</detectionScore></element><element><id>12</id><category>window</category><bounds><corner1>-1.2630684178309879, -1.2493294909360158, -0.6373876733578241</corner1><corner2>1.2630684178309879, 1.2493294909360158, 0.6373876733578241</corner2></bounds><pose><translation>1.0510944155900026, 2.41886031685062, -0.581376705801219</translation><rotation><c1>0, 0, 0</c1><c2>0, 0, 0</c2><c3>0, 0, 0</c3></rotation></pose><symmetry><x>twoFold</x><y>cylindrical</y><z>twoFold</z></symmetry><detectionScore>-1.0</detectionScore></element><element><id>13</id><category>wall</category><bounds><corner1>-3.1577421767277163, -0.1497805179612035, -1.4746312305614084</corner1><corner2>3.1577421767277163, 0.1497805179612035, 1.4746312305614084</corner2></bounds><pose><translation>-0.09829031602434826, 3.5972453348095152, -0.19779537033502054</translation><rotation><c1>0, 0, 0</c1><c2>0, 0, 0</c2><c3>0, 0, 0</c3></rotation></pose><symmetry><x>twoFold</x><y>cylindrical</y><z>twoFold</z></symmetry><detectionScore>-1.0</detectionScore></element><element><id>14</id><category>door</category><bounds><corner1>-0.9555414939518441, -0.5520489927484755, -0.6325254555863133</corner1><corner2>0.9555414939518441, 0.5520489927484755, 0.6325254555863133</corner2></bounds><pose><translation>3.827341573442104, 3.0241364983090917, -0.2757035470427961</translation><rotation><c1>0, 0, 0</c1><c2>0, 0, 0</c2><c3>0, 0, 0</c3></rotation></pose><symmetry><x>twoFold</x><y>cylindrical</y><z>twoFold</z></symmetry><detectionScore>-1.0</detectionScore></element><element><id>15</id><category>table_and_chair</category><bounds><corner1>-2.084880926463425, -1.2558408028607406, -0.5948628961286525</corner1><corner2>2.084880926463425, 1.2558408028607406, 0.5948628961286525</corner2></bounds><pose><translation>4.536720900946343, -0.8012004276566939, -1.160785924178757</translation><rotation><c1>0, 0, 0</c1><c2>0, 0, 0</c2><c3>0, 0, 0</c3></rotation></pose><symmetry><x>twoFold</x><y>cylindrical</y><z>twoFold</z></symmetry><detectionScore>-1.0</detectionScore></element><element><id>16</id><category>person</category><bounds><corner1>-1.2064516919488693, -0.9734154909577861, -0.846215101094094</corner1><corner2>1.2064516919488693, 0.9734154909577861, 0.846215101094094</corner2></bounds><pose><translation>2.263494447003233, 2.686576309216928, -0.8283525214286671</translation><rotation><c1>0, 0, 0</c1><c2>0, 0, 0</c2><c3>0, 0, 0</c3></rotation></pose><symmetry><x>twoFold</x><y>cylindrical</y><z>twoFold</z></symmetry><detectionScore>-1.0</detectionScore></element><element><id>17</id><category>floor_lamp</category><bounds><corner1>-0.0716201220005237, -0.21467626301201714, -0.8413647601256674</corner1><corner2>0.0716201220005237, 0.21467626301201714, 0.8413647601256674</corner2></bounds><pose><translation>-2.9972411435617303, 1.1893514655615296, -0.8090764497627679</translation><rotation><c1>0, 0, 0</c1><c2>0, 0, 0</c2><c3>0, 0, 0</c3></rotation></pose><symmetry><x>twoFold</x><y>cylindrical</y><z>twoFold</z></symmetry><detectionScore>-1.0</detectionScore></element><element><id>18</id><category>wall</category><bounds><corner1>-1.5782047707938975, -0.6286622093126515, -1.437577198755947</corner1><corner2>1.5782047707938975, 0.6286622093126515, 1.437577198755947</corner2></bounds><pose><translation>4.946703849731404, -2.6753884271164736, -0.12284115808113341</translation><rotation><c1>0, 0, 0</c1><c2>0, 0, 0</c2><c3>0, 0, 0</c3></rotation></pose><symmetry><x>twoFold</x><y>cylindrical</y><z>twoFold</z></symmetry><detectionScore>-1.0</detectionScore></element><element><id>19</id><category>chair</category><bounds><corner1>-3.2889963948261913, -2.3927037835266196, -0.39853914928465656</corner1><corner2>3.2889963948261913, 2.3927037835266196, 0.39853914928465656</corner2></bounds><pose><translation>3.288200376287519, 1.7401810967729248, -0.8934356003494313</translation><rotation><c1>0, 0, 0</c1><c2>0, 0, 0</c2><c3>0, 0, 0</c3></rotation></pose><symmetry><x>twoFold</x><y>cylindrical</y><z>twoFold</z></symmetry><detectionScore>-1.0</detectionScore></element><element><id>20</id><category>door</category><bounds><corner1>-1.7652120587615032, -1.0828445495605719, -1.036865325142531</corner1><corner2>1.7652120587615032, 1.0828445495605719, 1.036865325142531</corner2></bounds><pose><translation>4.3787918168453, 3.193308288010858, -0.2855032318613689</translation><rotation><c1>0, 0, 0</c1><c2>0, 0, 0</c2><c3>0, 0, 0</c3></rotation></pose><symmetry><x>twoFold</x><y>cylindrical</y><z>twoFold</z></symmetry><detectionScore>-1.0</detectionScore></element><element><id>21</id><category>tv_stand</category><bounds><corner1>-1.2032949755412201, -0.20128944868821863, -0.9301886243935261</corner1><corner2>1.2032949755412201, 0.20128944868821863, 0.9301886243935261</corner2></bounds><pose><translation>-1.3424506392930189, -2.58872050446516, -0.7860730996952003</translation><rotation><c1>0, 0, 0</c1><c2>0, 0, 0</c2><c3>0, 0, 0</c3></rotation></pose><symmetry><x>twoFold</x><y>cylindrical</y><z>twoFold</z></symmetry><detectionScore>-1.0</detectionScore></element><element><id>22</id><category>whiteboard</category><bounds><corner1>-1.4710189979524333, -1.1559943131230828, -0.8217692722344366</corner1><corner2>1.4710189979524333, 1.1559943131230828, 0.8217692722344366</corner2></bounds><pose><translation>1.0577733591202751, 2.501073639304916, -0.9277919871007623</translation><rotation><c1>0, 0, 0</c1><c2>0, 0, 0</c2><c3>0, 0, 0</c3></rotation></pose><symmetry><x>twoFold</x><y>cylindrical</y><z>twoFold</z></symmetry><detectionScore>-1.0</detectionScore></element><element><id>23</id><category>fish_tank</category><bounds><corner1>-0.8053686997841578, -0.5908120918629054, -0.6312255558312991</corner1><corner2>0.8053686997841578, 0.5908120918629054, 0.6312255558312991</corner2></bounds><pose><translation>3.470740696124628, 2.985848172759345, -0.621182114346772</translation><rotation><c1>0, 0, 0</c1><c2>0, 0, 0</c2><c3>0, 0, 0</c3></rotation></pose><symmetry><x>twoFold</x><y>cylindrical</y><z>twoFold</z></symmetry><detectionScore>-1.0</detectionScore></element><element><id>24</id><category>plant</category><bounds><corner1>-0.3797755971104584, -0.48951819029490673, -0.4416312009614296</corner1><corner2>0.3797755971104584, 0.48951819029490673, 0.4416312009614296</corner2></bounds><pose><translation>-3.0387789286540645, 0.5532081584521106, -1.4819882544272247</translation><rotation><c1>0, 0, 0</c1><c2>0, 0, 0</c2><c3>0, 0, 0</c3></rotation></pose><symmetry><x>twoFold</x><y>cylindrical</y><z>twoFold</z></symmetry><detectionScore>-1.0</detectionScore></element></elements></scene>