<?xml version='1.0' encoding='utf-8'?>
<scene xmlns:sumo="https://www.sumochallenge.org"><version>2.0</version><categories><id>fb_categories_v1.0</id><url>https://sumochallenge.org/en/categories-1_0.json</url></categories><project_type>bounding_box</project_type><elements><element><id>30</id><category>wall</category><bounds><corner1>-2.10203014, -1.13384126, -3.60908414</corner1><corner2> 1.97627346,  1.19260042, -1.96702874</corner2></bounds><pose><translation>0., 0., 0.</translation><rotation><c1>1., 0., 0.</c1><c2>0., 1., 0.</c2><c3>0., 0., 1.</c3></rotation></pose><symmetry><x>none</x><y>none</y><z>none</z></symmetry><detectionScore>-1</detectionScore></element><element><id>25</id><category>desk</category><bounds><corner1>-5.79721692, -1.47291052,  0.        </corner1><corner2>0.        , 0.        , 9.34038005</corner2></bounds><pose><translation>0., 0., 0.</translation><rotation><c1>1., 0., 0.</c1><c2>0., 1., 0.</c2><c3>0., 0., 1.</c3></rotation></pose><symmetry><x>none</x><y>none</y><z>none</z></symmetry><detectionScore>-1</detectionScore></element><element><id>18</id><category>wall</category><bounds><corner1> 1.05169457, -1.47165477,  4.17082789</corner1><corner2>2.21596302, 1.20466143, 9.9474668 </corner2></bounds><pose><translation>0., 0., 0.</translation><rotation><c1>1., 0., 0.</c1><c2>0., 1., 0.</c2><c3>0., 0., 1.</c3></rotation></pose><symmetry><x>none</x><y>none</y><z>none</z></symmetry><detectionScore>-1</detectionScore></element><element><id>21</id><category>trash_can</category><bounds><corner1>-4.43436188, -1.46894619, -3.54443812</corner1><corner2>-2.92706617, -0.39832964, -2.27176659</corner2></bounds><pose><translation>0., 0., 0.</translation><rotation><c1>1., 0., 0.</c1><c2>0., 1., 0.</c2><c3>0., 0., 1.</c3></rotation></pose><symmetry><x>none</x><y>none</y><z>none</z></symmetry><detectionScore>-1</detectionScore></element><element><id>19</id><category>person</category><bounds><corner1>-5.37520111, -1.46749995,  0.        </corner1><corner2>0.        , 0.        , 8.69592332</corner2></bounds><pose><translation>0., 0., 0.</translation><rotation><c1>1., 0., 0.</c1><c2>0., 1., 0.</c2><c3>0., 0., 1.</c3></rotation></pose><symmetry><x>none</x><y>none</y><z>none</z></symmetry><detectionScore>-1</detectionScore></element><element><id>17</id><category>person</category><bounds><corner1>-13.55274942,  -1.45867902,   1.00785359</corner1><corner2>-1.51194746,  0.45371284, 11.03226038</corner2></bounds><pose><translation>0., 0., 0.</translation><rotation><c1>1., 0., 0.</c1><c2>0., 1., 0.</c2><c3>0., 0., 1.</c3></rotation></pose><symmetry><x>none</x><y>none</y><z>none</z></symmetry><detectionScore>-1</detectionScore></element><element><id>31</id><category>wall</category><bounds><corner1>-13.62728292,  -1.31711072,  -3.34924853</corner1><corner2>-1.5219991 ,  1.05801368,  4.70986399</corner2></bounds><pose><translation>0., 0., 0.</translation><rotation><c1>1., 0., 0.</c1><c2>0., 1., 0.</c2><c3>0., 0., 1.</c3></rotation></pose><symmetry><x>none</x><y>none</y><z>none</z></symmetry><detectionScore>-1</detectionScore></element><element><id>6</id><category>kitchen_cabinet</category><bounds><corner1> 1.75806722, -1.3792779 , -0.64380489</corner1><corner2> 4.75520703, -0.11620042,  0.34851733</corner2></bounds><pose><translation>0., 0., 0.</translation><rotation><c1>1., 0., 0.</c1><c2>0., 1., 0.</c2><c3>0., 0., 1.</c3></rotation></pose><symmetry><x>none</x><y>none</y><z>none</z></symmetry><detectionScore>-1</detectionScore></element><element><id>35</id><category>person</category><bounds><corner1> 2.10493529, -0.98459715,  1.61687076</corner1><corner2>5.31479603, 0.50722219, 4.40456276</corner2></bounds><pose><translation>0., 0., 0.</translation><rotation><c1>1., 0., 0.</c1><c2>0., 1., 0.</c2><c3>0., 0., 1.</c3></rotation></pose><symmetry><x>none</x><y>none</y><z>none</z></symmetry><detectionScore>-1</detectionScore></element><element><id>8</id><category>person</category><bounds><corner1> 1.68394111, -1.46973372,  0.02312676</corner1><corner2>5.30302486, 1.18143847, 1.40153592</corner2></bounds><pose><translation>0., 0., 0.</translation><rotation><c1>1., 0., 0.</c1><c2>0., 1., 0.</c2><c3>0., 0., 1.</c3></rotation></pose><symmetry><x>none</x><y>none</y><z>none</z></symmetry><detectionScore>-1</detectionScore></element><element><id>34</id><category>person</category><bounds><corner1>-0.10381777, -1.47190645, -3.5069749 </corner1><corner2> 0.62464465,  0.49499867, -1.89499048</corner2></bounds><pose><translation>0., 0., 0.</translation><rotation><c1>1., 0., 0.</c1><c2>0., 1., 0.</c2><c3>0., 0., 1.</c3></rotation></pose><symmetry><x>none</x><y>none</y><z>none</z></symmetry><detectionScore>-1</detectionScore></element><element><id>7</id><category>door</category><bounds><corner1>-2.39545227, -1.25583637, -3.55285889</corner1><corner2>-0.97412032,  0.5464819 , -2.08605422</corner2></bounds><pose><translation>0., 0., 0.</translation><rotation><c1>1., 0., 0.</c1><c2>0., 1., 0.</c2><c3>0., 0., 1.</c3></rotation></pose><symmetry><x>none</x><y>none</y><z>none</z></symmetry><detectionScore>-1</detectionScore></element><element><id>16</id><category>chair</category><bounds><corner1>-8.41713081, -1.34724813,  0.80668102</corner1><corner2>-1.4580369 , -0.10601478,  5.51824976</corner2></bounds><pose><translation>0., 0., 0.</translation><rotation><c1>1., 0., 0.</c1><c2>0., 1., 0.</c2><c3>0., 0., 1.</c3></rotation></pose><symmetry><x>none</x><y>none</y><z>none</z></symmetry><detectionScore>-1</detectionScore></element><element><id>10</id><category>shelving</category><bounds><corner1>-13.59123672,  -1.4669361 ,  -2.83844673</corner1><corner2>-3.35576836,  0.40722629,  2.0222646 </corner2></bounds><pose><translation>0., 0., 0.</translation><rotation><c1>1., 0., 0.</c1><c2>0., 1., 0.</c2><c3>0., 0., 1.</c3></rotation></pose><symmetry><x>none</x><y>none</y><z>none</z></symmetry><detectionScore>-1</detectionScore></element><element><id>33</id><category>shelving</category><bounds><corner1>-2.18790197, -1.45396961, -2.80707408</corner1><corner2>-0.95190329,  0.27167581, -2.08801763</corner2></bounds><pose><translation>0., 0., 0.</translation><rotation><c1>1., 0., 0.</c1><c2>0., 1., 0.</c2><c3>0., 0., 1.</c3></rotation></pose><symmetry><x>none</x><y>none</y><z>none</z></symmetry><detectionScore>-1</detectionScore></element><element><id>26</id><category>person</category><bounds><corner1>-2.16361605, -1.47080722, -3.53988498</corner1><corner2>-1.07664186,  0.5297612 , -2.02789319</corner2></bounds><pose><translation>0., 0., 0.</translation><rotation><c1>1., 0., 0.</c1><c2>0., 1., 0.</c2><c3>0., 0., 1.</c3></rotation></pose><symmetry><x>none</x><y>none</y><z>none</z></symmetry><detectionScore>-1</detectionScore></element><element><id>22</id><category>person</category><bounds><corner1>-13.52291461,  -1.24202363,   0.52793319</corner1><corner2>-1.44697092,  1.16230326,  7.6706803 </corner2></bounds><pose><translation>0., 0., 0.</translation><rotation><c1>1., 0., 0.</c1><c2>0., 1., 0.</c2><c3>0., 0., 1.</c3></rotation></pose><symmetry><x>none</x><y>none</y><z>none</z></symmetry><detectionScore>-1</detectionScore></element><element><id>23</id><category>chandelier</category><bounds><corner1>-13.56480878,  -0.04071558,   0.97300977</corner1><corner2>-1.51997264,  1.20942762,  9.79214103</corner2></bounds><pose><translation>0., 0., 0.</translation><rotation><c1>1., 0., 0.</c1><c2>0., 1., 0.</c2><c3>0., 0., 1.</c3></rotation></pose><symmetry><x>none</x><y>none</y><z>none</z></symmetry><detectionScore>-1</detectionScore></element><element><id>11</id><category>wall</category><bounds><corner1> 1.71497537, -1.08438026, -0.62473366</corner1><corner2>5.33726124, 1.19321405, 4.17567006</corner2></bounds><pose><translation>0., 0., 0.</translation><rotation><c1>1., 0., 0.</c1><c2>0., 1., 0.</c2><c3>0., 0., 1.</c3></rotation></pose><symmetry><x>none</x><y>none</y><z>none</z></symmetry><detectionScore>-1</detectionScore></element><element><id>2</id><category>trash_can</category><bounds><corner1>-5.3290426 , -1.46224995, -3.1013826 </corner1><corner2>-3.34698702, -0.44314695, -2.22393746</corner2></bounds><pose><translation>0., 0., 0.</translation><rotation><c1>1., 0., 0.</c1><c2>0., 1., 0.</c2><c3>0., 0., 1.</c3></rotation></pose><symmetry><x>none</x><y>none</y><z>none</z></symmetry><detectionScore>-1</detectionScore></element><element><id>14</id><category>trash_can</category><bounds><corner1>-8.4406159 , -1.4645091 , -1.24197793</corner1><corner2>-2.08997212, -0.43930542,  0.50511192</corner2></bounds><pose><translation>0., 0., 0.</translation><rotation><c1>1., 0., 0.</c1><c2>0., 1., 0.</c2><c3>0., 0., 1.</c3></rotation></pose><symmetry><x>none</x><y>none</y><z>none</z></symmetry><detectionScore>-1</detectionScore></element><element><id>9</id><category>kitchen_cabinet</category><bounds><corner1> 1.78704119, -1.46048992,  0.44844154</corner1><corner2> 3.27720255, -0.48194198,  1.63031137</corner2></bounds><pose><translation>0., 0., 0.</translation><rotation><c1>1., 0., 0.</c1><c2>0., 1., 0.</c2><c3>0., 0., 1.</c3></rotation></pose><symmetry><x>none</x><y>none</y><z>none</z></symmetry><detectionScore>-1</detectionScore></element><element><id>36</id><category>kitchen_cabinet</category><bounds><corner1> 1.71806797, -1.46351166, -0.27324657</corner1><corner2> 4.70741276, -0.17901604,  0.79969022</corner2></bounds><pose><translation>0., 0., 0.</translation><rotation><c1>1., 0., 0.</c1><c2>0., 1., 0.</c2><c3>0., 0., 1.</c3></rotation></pose><symmetry><x>none</x><y>none</y><z>none</z></symmetry><detectionScore>-1</detectionScore></element><element><id>20</id><category>wall</category><bounds><corner1>-13.55643028,  -0.2374589 ,   0.82655112</corner1><corner2>-1.44696685,  1.20457103,  8.55852764</corner2></bounds><pose><translation>0., 0., 0.</translation><rotation><c1>1., 0., 0.</c1><c2>0., 1., 0.</c2><c3>0., 0., 1.</c3></rotation></pose><symmetry><x>none</x><y>none</y><z>none</z></symmetry><detectionScore>-1</detectionScore></element><element><id>5</id><category>person</category><bounds><corner1>-13.53437281,  -1.4617397 ,  -0.11055412</corner1><corner2>-1.44994828,  0.45529023,  4.37261178</corner2></bounds><pose><translation>0., 0., 0.</translation><rotation><c1>1., 0., 0.</c1><c2>0., 1., 0.</c2><c3>0., 0., 1.</c3></rotation></pose><symmetry><x>none</x><y>none</y><z>none</z></symmetry><detectionScore>-1</detectionScore></element><element><id>24</id><category>wall</category><bounds><corner1>-12.8940627 ,  -1.44417782,  -3.59594621</corner1><corner2>-4.63319372,  1.19307685, -2.21608583</corner2></bounds><pose><translation>0., 0., 0.</translation><rotation><c1>1., 0., 0.</c1><c2>0., 1., 0.</c2><c3>0., 0., 1.</c3></rotation></pose><symmetry><x>none</x><y>none</y><z>none</z></symmetry><detectionScore>-1</detectionScore></element><element><id>12</id><category>person</category><bounds><corner1> 1.58999135, -1.46919626,  2.7287811 </corner1><corner2>3.16145287, 0.48181849, 4.43569869</corner2></bounds><pose><translation>0., 0., 0.</translation><rotation><c1>1., 0., 0.</c1><c2>0., 1., 0.</c2><c3>0., 0., 1.</c3></rotation></pose><symmetry><x>none</x><y>none</y><z>none</z></symmetry><detectionScore>-1</detectionScore></element><element><id>29</id><category>wall</category><bounds><corner1>-2.73736367, -1.43315063,  0.        </corner1><corner2> 2.15146562,  1.1943581 , 11.26893243</corner2></bounds><pose><translation>0., 0., 0.</translation><rotation><c1>1., 0., 0.</c1><c2>0., 1., 0.</c2><c3>0., 0., 1.</c3></rotation></pose><symmetry><x>none</x><y>none</y><z>none</z></symmetry><detectionScore>-1</detectionScore></element><element><id>32</id><category>kitchen_cabinet</category><bounds><corner1> 2.10495847, -1.4512225 ,  1.06651215</corner1><corner2> 5.05342045, -0.56692575,  3.38305504</corner2></bounds><pose><translation>0., 0., 0.</translation><rotation><c1>1., 0., 0.</c1><c2>0., 1., 0.</c2><c3>0., 0., 1.</c3></rotation></pose><symmetry><x>none</x><y>none</y><z>none</z></symmetry><detectionScore>-1</detectionScore></element><element><id>15</id><category>person</category><bounds><corner1>-13.39618941,  -1.47014731,   0.53830095</corner1><corner2>-1.45800111,  1.20196065,  8.31542312</corner2></bounds><pose><translation>0., 0., 0.</translation><rotation><c1>1., 0., 0.</c1><c2>0., 1., 0.</c2><c3>0., 0., 1.</c3></rotation></pose><symmetry><x>none</x><y>none</y><z>none</z></symmetry><detectionScore>-1</detectionScore></element><element><id>4</id><category>person</category><bounds><corner1>-13.48124809,  -0.69100668,   0.8340236 </corner1><corner2>-1.45598989,  0.87194138,  9.4041974 </corner2></bounds><pose><translation>0., 0., 0.</translation><rotation><c1>1., 0., 0.</c1><c2>0., 1., 0.</c2><c3>0., 0., 1.</c3></rotation></pose><symmetry><x>none</x><y>none</y><z>none</z></symmetry><detectionScore>-1</detectionScore></element><element><id>1</id><category>person</category><bounds><corner1>-10.62798714,  -1.45158941,   2.12487038</corner1><corner2>-2.05359329,  0.42821173, 11.19765391</corner2></bounds><pose><translation>0., 0., 0.</translation><rotation><c1>1., 0., 0.</c1><c2>0., 1., 0.</c2><c3>0., 0., 1.</c3></rotation></pose><symmetry><x>none</x><y>none</y><z>none</z></symmetry><detectionScore>-1</detectionScore></element><element><id>28</id><category>person</category><bounds><corner1>-6.72808777, -1.4713529 , -3.59559732</corner1><corner2>-3.30390686,  0.42724728, -1.89309336</corner2></bounds><pose><translation>0., 0., 0.</translation><rotation><c1>1., 0., 0.</c1><c2>0., 1., 0.</c2><c3>0., 0., 1.</c3></rotation></pose><symmetry><x>none</x><y>none</y><z>none</z></symmetry><detectionScore>-1</detectionScore></element><element><id>3</id><category>floor</category><bounds><corner1> 0.13911712, -1.47519119,  4.3913643 </corner1><corner2> 2.1844013 , -0.53747803,  9.51510413</corner2></bounds><pose><translation>0., 0., 0.</translation><rotation><c1>1., 0., 0.</c1><c2>0., 1., 0.</c2><c3>0., 0., 1.</c3></rotation></pose><symmetry><x>none</x><y>none</y><z>none</z></symmetry><detectionScore>-1</detectionScore></element><element><id>27</id><category>wall</category><bounds><corner1>-13.57031438,  -0.95857481,   0.52847936</corner1><corner2>-1.44595502,  1.19226311, 10.17126554</corner2></bounds><pose><translation>0., 0., 0.</translation><rotation><c1>1., 0., 0.</c1><c2>0., 1., 0.</c2><c3>0., 0., 1.</c3></rotation></pose><symmetry><x>none</x><y>none</y><z>none</z></symmetry><detectionScore>-1</detectionScore></element><element><id>13</id><category>refrigerator</category><bounds><corner1>-0.33689895, -1.35260714, -2.7921436 </corner1><corner2> 0.68461932,  0.23354579, -1.94390224</corner2></bounds><pose><translation>0., 0., 0.</translation><rotation><c1>1., 0., 0.</c1><c2>0., 1., 0.</c2><c3>0., 0., 1.</c3></rotation></pose><symmetry><x>none</x><y>none</y><z>none</z></symmetry><detectionScore>-1</detectionScore></element></elements></scene>