<?xml version='1.0' encoding='utf-8'?>
<scene xmlns:sumo="https://www.sumochallenge.org"><version>2.0</version><categories><id>fb_categories_v1.0</id><url>https://sumochallenge.org/en/categories-1_0.json</url></categories><project_type>bounding_box</project_type><elements><element><id>4</id><category>kitchen_cabinet</category><bounds><corner1>-0.40185009, -0.8203256 , -0.02000642</corner1><corner2>0.40185009, 0.8203256 , 0.02000642</corner2></bounds><pose><translation>-0.05844834, -0.10208213, -1.05298429</translation><rotation><c1>1., 0., 0.</c1><c2>0., 1., 0.</c2><c3>0., 0., 1.</c3></rotation></pose><symmetry><x>none</x><y>none</y><z>none</z></symmetry><detectionScore>0.6632894</detectionScore></element><element><id>1</id><category>door</category><bounds><corner1>-1.87697059, -0.65030473, -0.17903742</corner1><corner2>1.87697059, 0.65030473, 0.17903742</corner2></bounds><pose><translation> 0.93598516, -0.1868546 , -0.17184004</translation><rotation><c1>1., 0., 0.</c1><c2>0., 1., 0.</c2><c3>0., 0., 1.</c3></rotation></pose><symmetry><x>twoFold</x><y>twoFold</y><z>twoFold</z></symmetry><detectionScore>0.95520735</detectionScore></element><element><id>5</id><category>wall</category><bounds><corner1>-0.7192203 , -1.29792534, -0.17346862</corner1><corner2>0.7192203 , 1.29792534, 0.17346862</corner2></bounds><pose><translation>-3.04112912, -0.17974663, -1.45220126</translation><rotation><c1>1., 0., 0.</c1><c2>0., 1., 0.</c2><c3>0., 0., 1.</c3></rotation></pose><symmetry><x>none</x><y>twoFold</y><z>none</z></symmetry><detectionScore>0.52214736</detectionScore></element><element><id>3</id><category>chandelier</category><bounds><corner1>-0.73295597, -0.02008849, -0.38203982</corner1><corner2>0.73295597, 0.02008849, 0.38203982</corner2></bounds><pose><translation>-1.64993215,  1.18836899, -0.65614436</translation><rotation><c1>1., 0., 0.</c1><c2>0., 1., 0.</c2><c3>0., 0., 1.</c3></rotation></pose><symmetry><x>none</x><y>cylindrical</y><z>none</z></symmetry><detectionScore>0.58569336</detectionScore></element><element><id>2</id><category>wall</category><bounds><corner1>-1.14610149, -1.24006389, -1.49687998</corner1><corner2>1.14610149, 1.24006389, 1.49687998</corner2></bounds><pose><translation>-4.08619397, -0.16424838, -0.44524759</translation><rotation><c1>1., 0., 0.</c1><c2>0., 1., 0.</c2><c3>0., 0., 1.</c3></rotation></pose><symmetry><x>none</x><y>twoFold</y><z>none</z></symmetry><detectionScore>0.985608</detectionScore></element><element><id>7</id><category>wall</category><bounds><corner1>-0.38789605, -1.14059061, -0.91863872</corner1><corner2>0.38789605, 1.14059061, 0.91863872</corner2></bounds><pose><translation> 2.40208285, -0.00803486, -1.17962244</translation><rotation><c1>1., 0., 0.</c1><c2>0., 1., 0.</c2><c3>0., 0., 1.</c3></rotation></pose><symmetry><x>none</x><y>twoFold</y><z>none</z></symmetry><detectionScore>0.6838786</detectionScore></element></elements></scene>