<?xml version='1.0' encoding='utf-8'?>
<scene xmlns:sumo="https://www.sumochallenge.org"><version>2.0</version><categories><id>fb_categories_v1.0</id><url>https://sumochallenge.org/en/categories-1_0.json</url></categories><project_type>bounding_box</project_type><elements><element><id>4</id><category>plant</category><bounds><corner1>-15.25362715,  -0.77929153,  -0.69216825</corner1><corner2>15.25362715,  0.77929153,  0.69216825</corner2></bounds><pose><translation> 0.90297445, -0.05432898, -0.69216825</translation><rotation><c1>1., 0., 0.</c1><c2>0., 1., 0.</c2><c3>0., 0., 1.</c3></rotation></pose><symmetry><x>none</x><y>cylindrical</y><z>none</z></symmetry><detectionScore>0.77902824</detectionScore></element><element><id>1</id><category>wall</category><bounds><corner1>-3.88448147, -0.66633969, -0.18252766</corner1><corner2>3.88448147, 0.66633969, 0.18252766</corner2></bounds><pose><translation>4.56294141, 0.09113207, 1.56397662</translation><rotation><c1>1., 0., 0.</c1><c2>0., 1., 0.</c2><c3>0., 0., 1.</c3></rotation></pose><symmetry><x>none</x><y>twoFold</y><z>none</z></symmetry><detectionScore>0.5659901</detectionScore></element><element><id>5</id><category>column</category><bounds><corner1>-0.21312109, -1.96234296, -2.81612365</corner1><corner2>0.21312109, 1.96234296, 2.81612365</corner2></bounds><pose><translation>-2.93019824, -0.31949916,  2.01931925</translation><rotation><c1>1., 0., 0.</c1><c2>0., 1., 0.</c2><c3>0., 0., 1.</c3></rotation></pose><symmetry><x>twoFold</x><y>fourFold</y><z>twoFold</z></symmetry><detectionScore>0.5013628</detectionScore></element><element><id>11</id><category>wall</category><bounds><corner1>-0.25338413, -1.04950339, -0.02602565</corner1><corner2>0.25338413, 1.04950339, 0.02602565</corner2></bounds><pose><translation>-0.38370179, -0.0257817 ,  1.55095438</translation><rotation><c1>1., 0., 0.</c1><c2>0., 1., 0.</c2><c3>0., 0., 1.</c3></rotation></pose><symmetry><x>none</x><y>twoFold</y><z>none</z></symmetry><detectionScore>0.5294216</detectionScore></element><element><id>10</id><category>column</category><bounds><corner1>-2.75600173, -1.05649197, -0.68983303</corner1><corner2>2.75600173, 1.05649197, 0.68983303</corner2></bounds><pose><translation>-2.75600173,  0.        , -0.68983303</translation><rotation><c1>1., 0., 0.</c1><c2>0., 1., 0.</c2><c3>0., 0., 1.</c3></rotation></pose><symmetry><x>twoFold</x><y>fourFold</y><z>twoFold</z></symmetry><detectionScore>0.5350638</detectionScore></element><element><id>3</id><category>door</category><bounds><corner1>-1.19907598, -0.89047472, -0.14719802</corner1><corner2>1.19907598, 0.89047472, 0.14719802</corner2></bounds><pose><translation> 3.21985183, -0.33844023,  1.55631503</translation><rotation><c1>1., 0., 0.</c1><c2>0., 1., 0.</c2><c3>0., 0., 1.</c3></rotation></pose><symmetry><x>twoFold</x><y>twoFold</y><z>twoFold</z></symmetry><detectionScore>0.771522</detectionScore></element><element><id>2</id><category>fence</category><bounds><corner1>-0.        , -0.        , -1.98936075</corner1><corner2>-0.        , -0.        ,  1.98936075</corner2></bounds><pose><translation>0., 0., 0.</translation><rotation><c1>1., 0., 0.</c1><c2>0., 1., 0.</c2><c3>0., 0., 1.</c3></rotation></pose><symmetry><x>none</x><y>twoFold</y><z>none</z></symmetry><detectionScore>0.81267</detectionScore></element><element><id>7</id><category>armchair</category><bounds><corner1>-4.99260917, -0.67272628, -0.55292645</corner1><corner2>4.99260917, 0.67272628, 0.55292645</corner2></bounds><pose><translation> 2.89581782, -1.14187528, -0.07421631</translation><rotation><c1>1., 0., 0.</c1><c2>0., 1., 0.</c2><c3>0., 0., 1.</c3></rotation></pose><symmetry><x>none</x><y>none</y><z>none</z></symmetry><detectionScore>0.88665193</detectionScore></element><element><id>8</id><category>plant</category><bounds><corner1>-2.97695941, -0.96405635, -1.63849615</corner1><corner2>2.97695941, 0.96405635, 1.63849615</corner2></bounds><pose><translation>-2.97695941, -0.55589569,  1.8953727 </translation><rotation><c1>1., 0., 0.</c1><c2>0., 1., 0.</c2><c3>0., 0., 1.</c3></rotation></pose><symmetry><x>none</x><y>cylindrical</y><z>none</z></symmetry><detectionScore>0.9210618</detectionScore></element><element><id>6</id><category>column</category><bounds><corner1>-0.08113554, -1.27469121, -0.04590313</corner1><corner2>0.08113554, 1.27469121, 0.04590313</corner2></bounds><pose><translation>-2.88598367, -0.13917757,  2.00434988</translation><rotation><c1>1., 0., 0.</c1><c2>0., 1., 0.</c2><c3>0., 0., 1.</c3></rotation></pose><symmetry><x>twoFold</x><y>fourFold</y><z>twoFold</z></symmetry><detectionScore>0.6281534</detectionScore></element></elements></scene>