<?xml version='1.0' encoding='utf-8'?>
<scene xmlns:sumo="https://www.sumochallenge.org"><version>2.0</version><categories><id>fb_categories_v1_0</id><url>https://sumochallenge.org/en/categories-1_0.json</url></categories><project_type>bounding_box</project_type><elements><element><id>0</id><category>door</category><bounds><corner1>-0.6616355153176949, -1.8428821876549704, -11.165063996507644</corner1><corner2>0.6616355153176949, 1.8428821876549704, 11.165063996507644</corner2></bounds><pose><translation>0.14342091813639338, -0.5451728678004666, 3.7830036358840102</translation><rotation><c1>1, 0, 0</c1><c2>0, 1, 0</c2><c3>0, 0, 1</c3></rotation></pose><symmetry><x>twoFold</x><y>cylindrical</y><z>twoFold</z></symmetry><detectionScore>-1.0</detectionScore></element><element><id>1</id><category>chair</category><bounds><corner1>-0.8429921073285813, -0.8010204209500005, -1.0634031489100164</corner1><corner2>0.8429921073285813, 0.8010204209500005, 1.0634031489100164</corner2></bounds><pose><translation>5.03346698269463, -1.2234958745993945, 1.6045814615461476</translation><rotation><c1>1, 0, 0</c1><c2>0, 1, 0</c2><c3>0, 0, 1</c3></rotation></pose><symmetry><x>twoFold</x><y>cylindrical</y><z>twoFold</z></symmetry><detectionScore>-1.0</detectionScore></element><element><id>2</id><category>floor</category><bounds><corner1>-0.15878225212631047, -0.6019933166234253, -2.9839781319892396</corner1><corner2>0.15878225212631047, 0.6019933166234253, 2.9839781319892396</corner2></bounds><pose><translation>-3.382676621991385, -0.9340287586098064, 0.7058321340221722</translation><rotation><c1>1, 0, 0</c1><c2>0, 1, 0</c2><c3>0, 0, 1</c3></rotation></pose><symmetry><x>twoFold</x><y>cylindrical</y><z>twoFold</z></symmetry><detectionScore>-1.0</detectionScore></element><element><id>3</id><category>wall</category><bounds><corner1>-2.942085471043364, -0.9492089346671247, -1.728090087593636</corner1><corner2>2.942085471043364, 0.9492089346671247, 1.728090087593636</corner2></bounds><pose><translation>5.665421038441509, -0.05014455918700221, -1.8542312135526366</translation><rotation><c1>1, 0, 0</c1><c2>0, 1, 0</c2><c3>0, 0, 1</c3></rotation></pose><symmetry><x>twoFold</x><y>cylindrical</y><z>twoFold</z></symmetry><detectionScore>-1.0</detectionScore></element><element><id>4</id><category>wall</category><bounds><corner1>-2.903932291520957, -1.4550008605474865, -3.180436103775316</corner1><corner2>2.903932291520957, 1.4550008605474865, 3.180436103775316</corner2></bounds><pose><translation>5.703574217963916, -0.1287025950877084, 0.20681826549196158</translation><rotation><c1>1, 0, 0</c1><c2>0, 1, 0</c2><c3>0, 0, 1</c3></rotation></pose><symmetry><x>twoFold</x><y>cylindrical</y><z>twoFold</z></symmetry><detectionScore>-1.0</detectionScore></element><element><id>5</id><category>kitchen_cabinet</category><bounds><corner1>-1.8431384773245814, -1.5420872867926605, -3.496233630715026</corner1><corner2>1.8431384773245814, 1.5420872867926605, 3.496233630715026</corner2></bounds><pose><translation>-2.564385439492903, -0.41327384162135306, -4.974695740886434</translation><rotation><c1>1, 0, 0</c1><c2>0, 1, 0</c2><c3>0, 0, 1</c3></rotation></pose><symmetry><x>twoFold</x><y>cylindrical</y><z>twoFold</z></symmetry><detectionScore>-1.0</detectionScore></element><element><id>6</id><category>wall</category><bounds><corner1>-0.14428456703725656, -1.3382424357819218, -3.029693127065899</corner1><corner2>0.14428456703725656, 1.3382424357819218, 3.029693127065899</corner2></bounds><pose><translation>-3.419270782575833, -0.04229661971939578, 0.6622317336258701</translation><rotation><c1>1, 0, 0</c1><c2>0, 1, 0</c2><c3>0, 0, 1</c3></rotation></pose><symmetry><x>twoFold</x><y>cylindrical</y><z>twoFold</z></symmetry><detectionScore>-1.0</detectionScore></element><element><id>7</id><category>door</category><bounds><corner1>-2.2969800500610043, -1.470733531776676, -4.980768091778138</corner1><corner2>2.2969800500610043, 1.470733531776676, 4.980768091778138</corner2></bounds><pose><translation>1.507963274022428, -0.26758908937161247, -4.980768091778138</translation><rotation><c1>1, 0, 0</c1><c2>0, 1, 0</c2><c3>0, 0, 1</c3></rotation></pose><symmetry><x>twoFold</x><y>cylindrical</y><z>twoFold</z></symmetry><detectionScore>-1.0</detectionScore></element><element><id>8</id><category>wall</category><bounds><corner1>-2.756941818615786, -1.5105974228680739, -11.42836609043015</corner1><corner2>2.756941818615786, 1.5105974228680739, 11.42836609043015</corner2></bounds><pose><translation>0.3243037652330172, -0.10885000976215949, 3.519701541961504</translation><rotation><c1>1, 0, 0</c1><c2>0, 1, 0</c2><c3>0, 0, 1</c3></rotation></pose><symmetry><x>twoFold</x><y>cylindrical</y><z>twoFold</z></symmetry><detectionScore>-1.0</detectionScore></element><element><id>9</id><category>chair</category><bounds><corner1>-1.43829789845431, -0.5643535618162604, -1.1224382454621245</corner1><corner2>1.43829789845431, 0.5643535618162604, 1.1224382454621245</corner2></bounds><pose><translation>-2.3872624944921954, -0.8955238416956022, -2.5505830515989225</translation><rotation><c1>1, 0, 0</c1><c2>0, 1, 0</c2><c3>0, 0, 1</c3></rotation></pose><symmetry><x>twoFold</x><y>cylindrical</y><z>twoFold</z></symmetry><detectionScore>-1.0</detectionScore></element><element><id>10</id><category>chair</category><bounds><corner1>-4.402718656638502, -0.7034228956394912, -0.44389159809002043</corner1><corner2>4.402718656638502, 0.7034228956394912, 0.44389159809002043</corner2></bounds><pose><translation>1.0732270920499383, -1.1770132931525927, -1.8094138428576305</translation><rotation><c1>1, 0, 0</c1><c2>0, 1, 0</c2><c3>0, 0, 1</c3></rotation></pose><symmetry><x>twoFold</x><y>cylindrical</y><z>twoFold</z></symmetry><detectionScore>-1.0</detectionScore></element><element><id>11</id><category>chair</category><bounds><corner1>-3.2400552725606757, -0.655260227044171, -1.454268970703077</corner1><corner2>3.2400552725606757, 0.655260227044171, 1.454268970703077</corner2></bounds><pose><translation>2.457680090973455, -1.062418000139522, -2.8553739330458243</translation><rotation><c1>1, 0, 0</c1><c2>0, 1, 0</c2><c3>0, 0, 1</c3></rotation></pose><symmetry><x>twoFold</x><y>cylindrical</y><z>twoFold</z></symmetry><detectionScore>-1.0</detectionScore></element><element><id>12</id><category>kitchen_cabinet</category><bounds><corner1>-2.0677371056268434, -1.7069268340582342, -2.1898215116340234</corner1><corner2>2.0677371056268434, 1.7069268340582342, 2.1898215116340234</corner2></bounds><pose><translation>-2.9198389869936903, -0.3856273757826017, -3.6312415676180336</translation><rotation><c1>1, 0, 0</c1><c2>0, 1, 0</c2><c3>0, 0, 1</c3></rotation></pose><symmetry><x>twoFold</x><y>cylindrical</y><z>twoFold</z></symmetry><detectionScore>-1.0</detectionScore></element><element><id>13</id><category>door</category><bounds><corner1>-3.717634863929635, -2.289513557394236, -5.498736022403415</corner1><corner2>3.717634863929635, 2.289513557394236, 5.498736022403415</corner2></bounds><pose><translation>4.2084612596229745, -0.04840018959718543, -5.498736022403415</translation><rotation><c1>1, 0, 0</c1><c2>0, 1, 0</c2><c3>0, 0, 1</c3></rotation></pose><symmetry><x>twoFold</x><y>cylindrical</y><z>twoFold</z></symmetry><detectionScore>-1.0</detectionScore></element><element><id>14</id><category>wall</category><bounds><corner1>-0.13966092718795675, -1.4966709713510875, -3.6536327233645816</corner1><corner2>0.13966092718795675, 1.4966709713510875, 3.6536327233645816</corner2></bounds><pose><translation>-3.402447808692148, -0.13008413181043202, -0.2561129841630654</translation><rotation><c1>1, 0, 0</c1><c2>0, 1, 0</c2><c3>0, 0, 1</c3></rotation></pose><symmetry><x>twoFold</x><y>cylindrical</y><z>twoFold</z></symmetry><detectionScore>-1.0</detectionScore></element><element><id>15</id><category>column</category><bounds><corner1>-0.4199379109287644, -1.5285724073248486, -0.5699637847483574</corner1><corner2>0.4199379109287644, 1.5285724073248486, 0.5699637847483574</corner2></bounds><pose><translation>-2.2900861819845604, -0.13604952863988745, 2.983634450516087</translation><rotation><c1>1, 0, 0</c1><c2>0, 1, 0</c2><c3>0, 0, 1</c3></rotation></pose><symmetry><x>twoFold</x><y>cylindrical</y><z>twoFold</z></symmetry><detectionScore>-1.0</detectionScore></element><element><id>16</id><category>chair</category><bounds><corner1>-0.505315614231828, -0.6226569917795359, -0.44714874070027655</corner1><corner2>0.505315614231828, 0.6226569917795359, 0.44714874070027655</corner2></bounds><pose><translation>-1.1633177704138846, -1.090726946988757, -1.8485841572877064</translation><rotation><c1>1, 0, 0</c1><c2>0, 1, 0</c2><c3>0, 0, 1</c3></rotation></pose><symmetry><x>twoFold</x><y>cylindrical</y><z>twoFold</z></symmetry><detectionScore>-1.0</detectionScore></element><element><id>17</id><category>kitchen_cabinet</category><bounds><corner1>-0.8437392512519702, -1.5180612835536214, -5.231254900196875</corner1><corner2>0.8437392512519702, 1.5180612835536214, 5.231254900196875</corner2></bounds><pose><translation>-0.39426902656264595, -0.31491684114855756, -5.231254900196875</translation><rotation><c1>1, 0, 0</c1><c2>0, 1, 0</c2><c3>0, 0, 1</c3></rotation></pose><symmetry><x>twoFold</x><y>cylindrical</y><z>twoFold</z></symmetry><detectionScore>-1.0</detectionScore></element><element><id>18</id><category>wall</category><bounds><corner1>-4.496459393715364, -2.298302037817759, -5.449417159299734</corner1><corner2>4.496459393715364, 2.298302037817759, 5.449417159299734</corner2></bounds><pose><translation>3.429636729837245, -0.057188670020708626, -5.449417159299734</translation><rotation><c1>1, 0, 0</c1><c2>0, 1, 0</c2><c3>0, 0, 1</c3></rotation></pose><symmetry><x>twoFold</x><y>cylindrical</y><z>twoFold</z></symmetry><detectionScore>-1.0</detectionScore></element><element><id>19</id><category>door</category><bounds><corner1>-0.3603117756100098, -1.7908167986609187, -0.8364385175247231</corner1><corner2>0.3603117756100098, 1.7908167986609187, 0.8364385175247231</corner2></bounds><pose><translation>-3.409168925838479, -0.4994672025389676, -2.0090240405669846</translation><rotation><c1>1, 0, 0</c1><c2>0, 1, 0</c2><c3>0, 0, 1</c3></rotation></pose><symmetry><x>twoFold</x><y>cylindrical</y><z>twoFold</z></symmetry><detectionScore>-1.0</detectionScore></element><element><id>20</id><category>wall</category><bounds><corner1>-7.419212156068054, -2.331003668951839, -5.183960383464037</corner1><corner2>7.419212156068054, 2.331003668951839, 5.183960383464037</corner2></bounds><pose><translation>0.5068839674845546, -0.08989030115478878, -5.183960383464037</translation><rotation><c1>1, 0, 0</c1><c2>0, 1, 0</c2><c3>0, 0, 1</c3></rotation></pose><symmetry><x>twoFold</x><y>cylindrical</y><z>twoFold</z></symmetry><detectionScore>-1.0</detectionScore></element><element><id>21</id><category>wall</category><bounds><corner1>-1.5619644949985347, -1.3902403013719589, -11.392734881570744</corner1><corner2>1.5619644949985347, 1.3902403013719589, 11.392734881570744</corner2></bounds><pose><translation>-0.7569080615444465, -0.09253098151745506, 3.55533275082091</translation><rotation><c1>1, 0, 0</c1><c2>0, 1, 0</c2><c3>0, 0, 1</c3></rotation></pose><symmetry><x>twoFold</x><y>cylindrical</y><z>twoFold</z></symmetry><detectionScore>-1.0</detectionScore></element><element><id>22</id><category>door</category><bounds><corner1>-0.3230937079095333, -1.8898314433205168, -2.132769545027589</corner1><corner2>0.3230937079095333, 1.8898314433205168, 2.132769545027589</corner2></bounds><pose><translation>-3.543126840433088, -0.5938856272579907, 1.5591553156641804</translation><rotation><c1>1, 0, 0</c1><c2>0, 1, 0</c2><c3>0, 0, 1</c3></rotation></pose><symmetry><x>twoFold</x><y>cylindrical</y><z>twoFold</z></symmetry><detectionScore>-1.0</detectionScore></element><element><id>23</id><category>kitchen_cabinet</category><bounds><corner1>-2.367474129623733, -1.483348762015407, -4.967569798319406</corner1><corner2>2.367474129623733, 1.483348762015407, 4.967569798319406</corner2></bounds><pose><translation>1.5431863738266185, -0.34661509802869545, -4.967569798319406</translation><rotation><c1>1, 0, 0</c1><c2>0, 1, 0</c2><c3>0, 0, 1</c3></rotation></pose><symmetry><x>twoFold</x><y>cylindrical</y><z>twoFold</z></symmetry><detectionScore>-1.0</detectionScore></element><element><id>24</id><category>floor</category><bounds><corner1>-2.983932052347635, -0.43485800066915525, -1.6819899508963663</corner1><corner2>2.983932052347635, 0.43485800066915525, 1.6819899508963663</corner2></bounds><pose><translation>5.620869004584254, -0.8861909525680625, -2.266299797026008</translation><rotation><c1>1, 0, 0</c1><c2>0, 1, 0</c2><c3>0, 0, 1</c3></rotation></pose><symmetry><x>twoFold</x><y>cylindrical</y><z>twoFold</z></symmetry><detectionScore>-1.0</detectionScore></element><element><id>25</id><category>floor</category><bounds><corner1>-2.9148972004789018, -0.7362951628618079, -1.3125740162158754</corner1><corner2>2.9148972004789018, 0.7362951628618079, 1.3125740162158754</corner2></bounds><pose><translation>5.688039108939992, -1.2148048339849125, -0.6811317440588912</translation><rotation><c1>1, 0, 0</c1><c2>0, 1, 0</c2><c3>0, 0, 1</c3></rotation></pose><symmetry><x>twoFold</x><y>cylindrical</y><z>twoFold</z></symmetry><detectionScore>-1.0</detectionScore></element><element><id>26</id><category>shelving</category><bounds><corner1>-0.14162402564279652, -0.5390822442577134, -1.0338158975255392</corner1><corner2>0.14162402564279652, 0.5390822442577134, 1.0338158975255392</corner2></bounds><pose><translation>5.7334579827864625, -0.9713867524525943, 1.5640686862620339</translation><rotation><c1>1, 0, 0</c1><c2>0, 1, 0</c2><c3>0, 0, 1</c3></rotation></pose><symmetry><x>twoFold</x><y>cylindrical</y><z>twoFold</z></symmetry><detectionScore>-1.0</detectionScore></element><element><id>27</id><category>partition</category><bounds><corner1>-6.342230796310963, -2.4218349203145784, -5.044352348453614</corner1><corner2>6.342230796310963, 2.4218349203145784, 5.044352348453614</corner2></bounds><pose><translation>0.8935996014980941, -0.1807215525175278, -5.044352348453614</translation><rotation><c1>1, 0, 0</c1><c2>0, 1, 0</c2><c3>0, 0, 1</c3></rotation></pose><symmetry><x>twoFold</x><y>cylindrical</y><z>twoFold</z></symmetry><detectionScore>-1.0</detectionScore></element><element><id>28</id><category>shelving</category><bounds><corner1>-0.20791656167342332, -1.478171824205743, -0.9263887432197332</corner1><corner2>0.20791656167342332, 1.478171824205743, 0.9263887432197332</corner2></bounds><pose><translation>5.6580391923036, -0.47848074611052827, 0.6831022709093945</translation><rotation><c1>1, 0, 0</c1><c2>0, 1, 0</c2><c3>0, 0, 1</c3></rotation></pose><symmetry><x>twoFold</x><y>cylindrical</y><z>twoFold</z></symmetry><detectionScore>-1.0</detectionScore></element></elements></scene>