<?xml version='1.0' encoding='utf-8'?>
<scene xmlns:sumo="https://www.sumochallenge.org"><version>2.0</version><categories><id>fb_categories_v1.0</id><url>https://sumochallenge.org/en/categories-1_0.json</url></categories><project_type>bounding_box</project_type><elements><element><id>12</id><category>sofa</category><bounds><corner1>-2.54090984, -0.39529574, -1.24584012</corner1><corner2>2.54090984, 0.39529574, 1.24584012</corner2></bounds><pose><translation> 3.53517418, -0.92425616, -1.89407406</translation><rotation><c1>1., 0., 0.</c1><c2>0., 1., 0.</c2><c3>0., 0., 1.</c3></rotation></pose><symmetry><x>none</x><y>none</y><z>none</z></symmetry><detectionScore>-1</detectionScore></element><element><id>11</id><category>wall</category><bounds><corner1>-3.62853156, -1.20672879, -3.31182816</corner1><corner2>3.62853156, 1.20672879, 3.31182816</corner2></bounds><pose><translation> 2.01247491e+00, -6.17983011e-03, -6.48089300e+00</translation><rotation><c1>1., 0., 0.</c1><c2>0., 1., 0.</c2><c3>0., 0., 1.</c3></rotation></pose><symmetry><x>none</x><y>none</y><z>none</z></symmetry><detectionScore>-1</detectionScore></element><element><id>6</id><category>window</category><bounds><corner1>-0.04102002, -0.66872262, -0.32435728</corner1><corner2>0.04102002, 0.66872262, 0.32435728</corner2></bounds><pose><translation>-1.85906993,  0.13452007,  0.65856868</translation><rotation><c1>1., 0., 0.</c1><c2>0., 1., 0.</c2><c3>0., 0., 1.</c3></rotation></pose><symmetry><x>none</x><y>none</y><z>none</z></symmetry><detectionScore>-1</detectionScore></element><element><id>7</id><category>wall</category><bounds><corner1>-0.44453224, -0.94892459, -0.94403177</corner1><corner2>0.44453224, 0.94892459, 0.94403177</corner2></bounds><pose><translation>6.16426554, 0.13835594, 2.33534995</translation><rotation><c1>1., 0., 0.</c1><c2>0., 1., 0.</c2><c3>0., 0., 1.</c3></rotation></pose><symmetry><x>none</x><y>none</y><z>none</z></symmetry><detectionScore>-1</detectionScore></element><element><id>3</id><category>refrigerator</category><bounds><corner1>-0.33795307, -0.75128098, -1.80867899</corner1><corner2>0.33795307, 0.75128098, 1.80867899</corner2></bounds><pose><translation> 5.50303345, -0.40411434, -4.60692741</translation><rotation><c1>1., 0., 0.</c1><c2>0., 1., 0.</c2><c3>0., 0., 1.</c3></rotation></pose><symmetry><x>none</x><y>none</y><z>none</z></symmetry><detectionScore>-1</detectionScore></element><element><id>5</id><category>kitchen_cabinet</category><bounds><corner1>-0.60639957, -0.45607608, -0.18035118</corner1><corner2>0.60639957, 0.45607608, 0.18035118</corner2></bounds><pose><translation>-1.26364181, -0.89964246, -2.91020337</translation><rotation><c1>1., 0., 0.</c1><c2>0., 1., 0.</c2><c3>0., 0., 1.</c3></rotation></pose><symmetry><x>none</x><y>none</y><z>none</z></symmetry><detectionScore>-1</detectionScore></element><element><id>9</id><category>wall</category><bounds><corner1>-0.13060957, -1.15725503, -3.87284687</corner1><corner2>0.13060957, 1.15725503, 3.87284687</corner2></bounds><pose><translation> 6.14991588,  0.0534196 , -0.79365627</translation><rotation><c1>1., 0., 0.</c1><c2>0., 1., 0.</c2><c3>0., 0., 1.</c3></rotation></pose><symmetry><x>none</x><y>none</y><z>none</z></symmetry><detectionScore>-1</detectionScore></element><element><id>10</id><category>window</category><bounds><corner1>-1.1942322 , -0.65712767, -0.71697834</corner1><corner2>1.1942322 , 0.65712767, 0.71697834</corner2></bounds><pose><translation> 3.50550816,  0.18128006, -6.48712544</translation><rotation><c1>1., 0., 0.</c1><c2>0., 1., 0.</c2><c3>0., 0., 1.</c3></rotation></pose><symmetry><x>none</x><y>none</y><z>none</z></symmetry><detectionScore>-1</detectionScore></element><element><id>4</id><category>air_conditioner</category><bounds><corner1>-0.36508452, -0.239286  , -0.33716281</corner1><corner2>0.36508452, 0.239286  , 0.33716281</corner2></bounds><pose><translation>0.65020244, 0.65176995, 3.01278708</translation><rotation><c1>1., 0., 0.</c1><c2>0., 1., 0.</c2><c3>0., 0., 1.</c3></rotation></pose><symmetry><x>none</x><y>none</y><z>none</z></symmetry><detectionScore>-1</detectionScore></element><element><id>2</id><category>armchair</category><bounds><corner1>-2.27310248, -0.46638226, -0.70571513</corner1><corner2>2.27310248, 0.46638226, 0.70571513</corner2></bounds><pose><translation> 3.91264784, -0.95316636,  0.46511713</translation><rotation><c1>1., 0., 0.</c1><c2>0., 1., 0.</c2><c3>0., 0., 1.</c3></rotation></pose><symmetry><x>none</x><y>none</y><z>none</z></symmetry><detectionScore>-1</detectionScore></element><element><id>8</id><category>kitchen_cabinet</category><bounds><corner1>-1.08203641, -0.32696832, -0.07787425</corner1><corner2>1.08203641, 0.32696832, 0.07787425</corner2></bounds><pose><translation> 0.01740416, -0.88682122, -2.91280519</translation><rotation><c1>1., 0., 0.</c1><c2>0., 1., 0.</c2><c3>0., 0., 1.</c3></rotation></pose><symmetry><x>none</x><y>none</y><z>none</z></symmetry><detectionScore>-1</detectionScore></element></elements></scene>