<?xml version='1.0' encoding='utf-8'?>
<scene xmlns:sumo="https://www.sumochallenge.org"><version>2.0</version><categories><id>fb_categories_v1_0</id><url>https://sumochallenge.org/en/categories-1_0.json</url></categories><project_type>bounding_box</project_type><elements><element><id>0</id><category>vase</category><bounds><corner1>-1.2257288461956644, -0.3936633110739516, -0.5592434548142279</corner1><corner2>1.2257288461956644, 0.3936633110739516, 0.5592434548142279</corner2></bounds><pose><translation>3.82281047535931, -1.3535843902544, -1.2998743837552913</translation><rotation><c1>0, 0, 0</c1><c2>0, 0, 0</c2><c3>0, 0, 0</c3></rotation></pose><symmetry><x>twoFold</x><y>cylindrical</y><z>twoFold</z></symmetry><detectionScore>-1.0</detectionScore></element><element><id>1</id><category>plant</category><bounds><corner1>-1.5114519370802126, -0.5475226183695321, -0.6920825002233748</corner1><corner2>1.5114519370802126, 0.5475226183695321, 0.6920825002233748</corner2></bounds><pose><translation>3.249334736360302, -1.5583604865317877, -1.2304042870999474</translation><rotation><c1>0, 0, 0</c1><c2>0, 0, 0</c2><c3>0, 0, 0</c3></rotation></pose><symmetry><x>twoFold</x><y>cylindrical</y><z>twoFold</z></symmetry><detectionScore>-1.0</detectionScore></element><element><id>2</id><category>tv_stand</category><bounds><corner1>-1.2055671630449014, -1.0518116981997516, -0.46566689720540255</corner1><corner2>1.2055671630449014, 1.0518116981997516, 0.46566689720540255</corner2></bounds><pose><translation>2.050666091839461, -0.2478118415476887, -1.6416782704955535</translation><rotation><c1>0, 0, 0</c1><c2>0, 0, 0</c2><c3>0, 0, 0</c3></rotation></pose><symmetry><x>twoFold</x><y>cylindrical</y><z>twoFold</z></symmetry><detectionScore>-1.0</detectionScore></element><element><id>3</id><category>person</category><bounds><corner1>-0.45796639450226984, -1.1212542618447772, -0.8763244572321051</corner1><corner2>0.45796639450226984, 1.1212542618447772, 0.8763244572321051</corner2></bounds><pose><translation>-1.9368609524253788, 1.019625301833316, -0.8594459081685932</translation><rotation><c1>0, 0, 0</c1><c2>0, 0, 0</c2><c3>0, 0, 0</c3></rotation></pose><symmetry><x>twoFold</x><y>cylindrical</y><z>twoFold</z></symmetry><detectionScore>-1.0</detectionScore></element><element><id>4</id><category>plant</category><bounds><corner1>-0.6442091997664148, -0.5420308321266536, -0.43704378172502223</corner1><corner2>0.6442091997664148, 0.5420308321266536, 0.43704378172502223</corner2></bounds><pose><translation>1.095060824908126, -1.801030477209058, -1.0993365212221904</translation><rotation><c1>0, 0, 0</c1><c2>0, 0, 0</c2><c3>0, 0, 0</c3></rotation></pose><symmetry><x>twoFold</x><y>cylindrical</y><z>twoFold</z></symmetry><detectionScore>-1.0</detectionScore></element><element><id>5</id><category>door</category><bounds><corner1>-0.6630972217659874, -0.9283483783010236, -0.9487252694256129</corner1><corner2>0.6630972217659874, 0.9283483783010236, 0.9487252694256129</corner2></bounds><pose><translation>5.024601466563798, 3.318131276768645, -0.22425433887205817</translation><rotation><c1>0, 0, 0</c1><c2>0, 0, 0</c2><c3>0, 0, 0</c3></rotation></pose><symmetry><x>twoFold</x><y>cylindrical</y><z>twoFold</z></symmetry><detectionScore>-1.0</detectionScore></element><element><id>6</id><category>sofa</category><bounds><corner1>-1.1772992610310942, -2.2162332797393978, -0.602863264214505</corner1><corner2>1.1772992610310942, 2.2162332797393978, 0.602863264214505</corner2></bounds><pose><translation>4.320078740913377, 0.4524829227411132, -1.091617891115064</translation><rotation><c1>0, 0, 0</c1><c2>0, 0, 0</c2><c3>0, 0, 0</c3></rotation></pose><symmetry><x>twoFold</x><y>cylindrical</y><z>twoFold</z></symmetry><detectionScore>-1.0</detectionScore></element><element><id>7</id><category>window</category><bounds><corner1>-0.6567773346219945, -1.2506447838661878, -0.8533652502944451</corner1><corner2>0.6567773346219945, 1.2506447838661878, 0.8533652502944451</corner2></bounds><pose><translation>-2.5235487488160886, 1.140414216850448, 0.07307183371391007</translation><rotation><c1>0, 0, 0</c1><c2>0, 0, 0</c2><c3>0, 0, 0</c3></rotation></pose><symmetry><x>twoFold</x><y>cylindrical</y><z>twoFold</z></symmetry><detectionScore>-1.0</detectionScore></element><element><id>8</id><category>wall</category><bounds><corner1>-0.6138307645855736, -3.208989103238194, -1.253415661373583</corner1><corner2>0.6138307645855736, 3.208989103238194, 1.253415661373583</corner2></bounds><pose><translation>5.021138938815185, 1.023516331230675, 0.0</translation><rotation><c1>0, 0, 0</c1><c2>0, 0, 0</c2><c3>0, 0, 0</c3></rotation></pose><symmetry><x>twoFold</x><y>cylindrical</y><z>twoFold</z></symmetry><detectionScore>-1.0</detectionScore></element><element><id>9</id><category>sofa</category><bounds><corner1>-1.0554854214983072, -1.6955177185768777, -0.45874352372896476</corner1><corner2>1.0554854214983072, 1.6955177185768777, 0.45874352372896476</corner2></bounds><pose><translation>-0.07153783392539484, 2.547094962199349, -1.1107801315195573</translation><rotation><c1>0, 0, 0</c1><c2>0, 0, 0</c2><c3>0, 0, 0</c3></rotation></pose><symmetry><x>twoFold</x><y>cylindrical</y><z>twoFold</z></symmetry><detectionScore>-1.0</detectionScore></element><element><id>10</id><category>ottoman</category><bounds><corner1>-1.4429259109556551, -1.1587334737678092, -0.4896415348442502</corner1><corner2>1.4429259109556551, 1.1587334737678092, 0.4896415348442502</corner2></bounds><pose><translation>2.0617685809881054, -0.17568806031257253, -1.6659433912425263</translation><rotation><c1>0, 0, 0</c1><c2>0, 0, 0</c2><c3>0, 0, 0</c3></rotation></pose><symmetry><x>twoFold</x><y>cylindrical</y><z>twoFold</z></symmetry><detectionScore>-1.0</detectionScore></element><element><id>11</id><category>person</category><bounds><corner1>-3.202854348326514, -3.3780268651148635, -0.5891235395610473</corner1><corner2>3.202854348326514, 3.3780268651148635, 0.5891235395610473</corner2></bounds><pose><translation>2.2177182127299404, 3.752815862949527, -1.124639334987916</translation><rotation><c1>0, 0, 0</c1><c2>0, 0, 0</c2><c3>0, 0, 0</c3></rotation></pose><symmetry><x>twoFold</x><y>cylindrical</y><z>twoFold</z></symmetry><detectionScore>-1.0</detectionScore></element><element><id>12</id><category>person</category><bounds><corner1>-1.3340384379013903, -1.6090507541574701, -1.0030906149751404</corner1><corner2>1.3340384379013903, 1.6090507541574701, 1.0030906149751404</corner2></bounds><pose><translation>4.251294680825589, 1.1606331131950518, -1.0030906149751404</translation><rotation><c1>0, 0, 0</c1><c2>0, 0, 0</c2><c3>0, 0, 0</c3></rotation></pose><symmetry><x>twoFold</x><y>cylindrical</y><z>twoFold</z></symmetry><detectionScore>-1.0</detectionScore></element><element><id>13</id><category>armchair</category><bounds><corner1>-0.34806039413420886, -1.2037189376134836, -0.5205650584128393</corner1><corner2>0.34806039413420886, 1.2037189376134836, 0.5205650584128393</corner2></bounds><pose><translation>-1.3645649535502564, 3.0807931921809897, -1.0845324212339682</translation><rotation><c1>0, 0, 0</c1><c2>0, 0, 0</c2><c3>0, 0, 0</c3></rotation></pose><symmetry><x>twoFold</x><y>cylindrical</y><z>twoFold</z></symmetry><detectionScore>-1.0</detectionScore></element><element><id>14</id><category>wall</category><bounds><corner1>-3.026960587687328, -2.8807711208506417, -0.8251818583963736</corner1><corner2>3.026960587687328, 2.8807711208506417, 0.8251818583963736</corner2></bounds><pose><translation>2.504043423271133, 4.375250240515049, -0.04768081940610179</translation><rotation><c1>0, 0, 0</c1><c2>0, 0, 0</c2><c3>0, 0, 0</c3></rotation></pose><symmetry><x>twoFold</x><y>cylindrical</y><z>twoFold</z></symmetry><detectionScore>-1.0</detectionScore></element><element><id>15</id><category>coffee_table</category><bounds><corner1>-0.902803669398929, -1.1371587716936968, -0.5489042167866591</corner1><corner2>0.902803669398929, 1.1371587716936968, 0.5489042167866591</corner2></bounds><pose><translation>-1.2415574205167639, 3.051010333624766, -1.0896599964572897</translation><rotation><c1>0, 0, 0</c1><c2>0, 0, 0</c2><c3>0, 0, 0</c3></rotation></pose><symmetry><x>twoFold</x><y>cylindrical</y><z>twoFold</z></symmetry><detectionScore>-1.0</detectionScore></element><element><id>16</id><category>rug</category><bounds><corner1>-0.7152337959523325, -1.1772251138624423, -0.3099923560108304</corner1><corner2>0.7152337959523325, 1.1772251138624423, 0.3099923560108304</corner2></bounds><pose><translation>2.0293283237938344, -0.1781121773063318, -1.6872263766723536</translation><rotation><c1>0, 0, 0</c1><c2>0, 0, 0</c2><c3>0, 0, 0</c3></rotation></pose><symmetry><x>twoFold</x><y>cylindrical</y><z>twoFold</z></symmetry><detectionScore>-1.0</detectionScore></element><element><id>17</id><category>wall</category><bounds><corner1>-4.7005097835831515, -2.6983378775783855, -1.4016137228168368</corner1><corner2>4.7005097835831515, 2.6983378775783855, 1.4016137228168368</corner2></bounds><pose><translation>0.6573633317699018, 4.369409314920752, -0.0732090805238499</translation><rotation><c1>0, 0, 0</c1><c2>0, 0, 0</c2><c3>0, 0, 0</c3></rotation></pose><symmetry><x>twoFold</x><y>cylindrical</y><z>twoFold</z></symmetry><detectionScore>-1.0</detectionScore></element><element><id>18</id><category>rug</category><bounds><corner1>-1.6070777363845143, -1.1143958212420322, -0.7868127825482606</corner1><corner2>1.6070777363845143, 1.1143958212420322, 0.7868127825482606</corner2></bounds><pose><translation>0.22131635275822156, 2.60215902274333, -1.6510441863759733</translation><rotation><c1>0, 0, 0</c1><c2>0, 0, 0</c2><c3>0, 0, 0</c3></rotation></pose><symmetry><x>twoFold</x><y>cylindrical</y><z>twoFold</z></symmetry><detectionScore>-1.0</detectionScore></element><element><id>19</id><category>loudspeaker</category><bounds><corner1>-0.3185725140375075, -1.1884360162821914, -0.5400706495292668</corner1><corner2>0.3185725140375075, 1.1884360162821914, 0.5400706495292668</corner2></bounds><pose><translation>-1.3445936912428373, 3.069631928755222, -1.1108772388322246</translation><rotation><c1>0, 0, 0</c1><c2>0, 0, 0</c2><c3>0, 0, 0</c3></rotation></pose><symmetry><x>twoFold</x><y>cylindrical</y><z>twoFold</z></symmetry><detectionScore>-1.0</detectionScore></element><element><id>20</id><category>laptop</category><bounds><corner1>-1.6709041676108574, -1.3249234820170914, -0.2760511281771614</corner1><corner2>1.6709041676108574, 1.3249234820170914, 0.2760511281771614</corner2></bounds><pose><translation>2.2689382761916286, 1.5762848238731337, -1.3520372578870459</translation><rotation><c1>0, 0, 0</c1><c2>0, 0, 0</c2><c3>0, 0, 0</c3></rotation></pose><symmetry><x>twoFold</x><y>cylindrical</y><z>twoFold</z></symmetry><detectionScore>-1.0</detectionScore></element><element><id>21</id><category>loudspeaker</category><bounds><corner1>-0.5935604819462139, -0.8335347881283179, -0.4502999434425088</corner1><corner2>0.5935604819462139, 0.8335347881283179, 0.4502999434425088</corner2></bounds><pose><translation>-1.998380024783299, 2.748738351866991, -0.9655753575293746</translation><rotation><c1>0, 0, 0</c1><c2>0, 0, 0</c2><c3>0, 0, 0</c3></rotation></pose><symmetry><x>twoFold</x><y>cylindrical</y><z>twoFold</z></symmetry><detectionScore>-1.0</detectionScore></element><element><id>22</id><category>stand</category><bounds><corner1>-0.3002282029961578, -1.1617780427574784, -0.5267957966400484</corner1><corner2>0.3002282029961578, 1.1617780427574784, 0.5267957966400484</corner2></bounds><pose><translation>-1.3484719602564468, 3.081017845078734, -1.0986944169516675</translation><rotation><c1>0, 0, 0</c1><c2>0, 0, 0</c2><c3>0, 0, 0</c3></rotation></pose><symmetry><x>twoFold</x><y>cylindrical</y><z>twoFold</z></symmetry><detectionScore>-1.0</detectionScore></element><element><id>23</id><category>chessboard</category><bounds><corner1>-0.9431694334466416, -2.1601719484592263, -0.08404502243360779</corner1><corner2>0.9431694334466416, 2.1601719484592263, 0.08404502243360779</corner2></bounds><pose><translation>0.051066112591293095, 1.7898923174330696, -0.92793598918442</translation><rotation><c1>0, 0, 0</c1><c2>0, 0, 0</c2><c3>0, 0, 0</c3></rotation></pose><symmetry><x>twoFold</x><y>cylindrical</y><z>twoFold</z></symmetry><detectionScore>-1.0</detectionScore></element><element><id>24</id><category>loudspeaker</category><bounds><corner1>-0.2562845261041109, -1.5074726259749944, -0.3532610428274503</corner1><corner2>0.2562845261041109, 1.5074726259749944, 0.3532610428274503</corner2></bounds><pose><translation>-1.4969089814261358, 2.295914443679628, -1.0713536093553708</translation><rotation><c1>0, 0, 0</c1><c2>0, 0, 0</c2><c3>0, 0, 0</c3></rotation></pose><symmetry><x>twoFold</x><y>cylindrical</y><z>twoFold</z></symmetry><detectionScore>-1.0</detectionScore></element><element><id>25</id><category>desk</category><bounds><corner1>-0.8080624503224453, -1.3720566501880103, -0.5543829409473015</corner1><corner2>0.8080624503224453, 1.3720566501880103, 0.5543829409473015</corner2></bounds><pose><translation>-0.6986911809482679, 3.0604278749411793, -1.0000269045805366</translation><rotation><c1>0, 0, 0</c1><c2>0, 0, 0</c2><c3>0, 0, 0</c3></rotation></pose><symmetry><x>twoFold</x><y>cylindrical</y><z>twoFold</z></symmetry><detectionScore>-1.0</detectionScore></element><element><id>26</id><category>coffee_table</category><bounds><corner1>-1.221675194732211, -1.1081383011855626, -0.47820230941756514</corner1><corner2>1.221675194732211, 1.1081383011855626, 0.47820230941756514</corner2></bounds><pose><translation>2.0591225982611143, -0.22097875026938965, -1.6529832214124636</translation><rotation><c1>0, 0, 0</c1><c2>0, 0, 0</c2><c3>0, 0, 0</c3></rotation></pose><symmetry><x>twoFold</x><y>cylindrical</y><z>twoFold</z></symmetry><detectionScore>-1.0</detectionScore></element><element><id>27</id><category>coffee_table</category><bounds><corner1>-1.0554576222110381, -1.8738062969417062, -0.24576468769358828</corner1><corner2>1.0554576222110381, 1.8738062969417062, 0.24576468769358828</corner2></bounds><pose><translation>0.0371584989035048, 1.9731627828895262, -1.1031133641889235</translation><rotation><c1>0, 0, 0</c1><c2>0, 0, 0</c2><c3>0, 0, 0</c3></rotation></pose><symmetry><x>twoFold</x><y>cylindrical</y><z>twoFold</z></symmetry><detectionScore>-1.0</detectionScore></element><element><id>28</id><category>door</category><bounds><corner1>-2.034536479010366, -2.4587604970910277, -0.998729597654374</corner1><corner2>2.034536479010366, 2.4587604970910277, 0.998729597654374</corner2></bounds><pose><translation>3.516662981904713, 4.816103591430692, -0.3194139949867947</translation><rotation><c1>0, 0, 0</c1><c2>0, 0, 0</c2><c3>0, 0, 0</c3></rotation></pose><symmetry><x>twoFold</x><y>cylindrical</y><z>twoFold</z></symmetry><detectionScore>-1.0</detectionScore></element><element><id>29</id><category>person</category><bounds><corner1>-0.3888676267683636, -1.892482075976881, -1.558204775885459</corner1><corner2>0.3888676267683636, 1.892482075976881, 1.558204775885459</corner2></bounds><pose><translation>-0.4715460692867359, 2.592546934609116, -0.8252912865801416</translation><rotation><c1>0, 0, 0</c1><c2>0, 0, 0</c2><c3>0, 0, 0</c3></rotation></pose><symmetry><x>twoFold</x><y>cylindrical</y><z>twoFold</z></symmetry><detectionScore>-1.0</detectionScore></element></elements></scene>