<?xml version='1.0' encoding='utf-8'?>
<scene xmlns:sumo="https://www.sumochallenge.org"><version>2.0</version><categories><id>fb_categories_v1.0</id><url>https://sumochallenge.org/en/categories-1_0.json</url></categories><project_type>bounding_box</project_type><elements><element><id>3</id><category>dining_table</category><bounds><corner1>-0.69619381, -0.21937598, -0.28210215</corner1><corner2>0.69619381, 0.21937598, 0.28210215</corner2></bounds><pose><translation> 0.49636294, -0.78238158, -2.44413473</translation><rotation><c1>1., 0., 0.</c1><c2>0., 1., 0.</c2><c3>0., 0., 1.</c3></rotation></pose><symmetry><x>none</x><y>none</y><z>none</z></symmetry><detectionScore>-1</detectionScore></element><element><id>2</id><category>dresser</category><bounds><corner1>-0.44284947, -0.19607739, -0.52888415</corner1><corner2>0.44284947, 0.19607739, 0.52888415</corner2></bounds><pose><translation>-0.55039287, -0.69823548,  1.78306151</translation><rotation><c1>1., 0., 0.</c1><c2>0., 1., 0.</c2><c3>0., 0., 1.</c3></rotation></pose><symmetry><x>none</x><y>none</y><z>none</z></symmetry><detectionScore>-1</detectionScore></element><element><id>1</id><category>range_oven</category><bounds><corner1>-0.41979933, -0.17417781, -0.55299114</corner1><corner2>0.41979933, 0.17417781, 0.55299114</corner2></bounds><pose><translation> 0.31427298, -0.72174594,  1.71597205</translation><rotation><c1>1., 0., 0.</c1><c2>0., 1., 0.</c2><c3>0., 0., 1.</c3></rotation></pose><symmetry><x>none</x><y>none</y><z>none</z></symmetry><detectionScore>-1</detectionScore></element></elements></scene>