<?xml version='1.0' encoding='utf-8'?>
<scene xmlns:sumo="https://www.sumochallenge.org"><version>2.0</version><categories><id>fb_categories_v1_0</id><url>https://sumochallenge.org/en/categories-1_0.json</url></categories><project_type>bounding_box</project_type><elements><element><id>0</id><category>chair</category><bounds><corner1>-1.36783869253613, -1.449046405290605, -0.21977701857960286</corner1><corner2>1.36783869253613, 1.449046405290605, 0.21977701857960286</corner2></bounds><pose><translation>1.9166281956571565, 1.5442424385223876, -0.8543026123879769</translation><rotation><c1>0, 0, 0</c1><c2>0, 0, 0</c2><c3>0, 0, 0</c3></rotation></pose><symmetry><x>twoFold</x><y>cylindrical</y><z>twoFold</z></symmetry><detectionScore>-1.0</detectionScore></element><element><id>1</id><category>knife_rack</category><bounds><corner1>-1.2041752188345598, -0.35280925876165736, -0.29909634072041036</corner1><corner2>1.2041752188345598, 0.35280925876165736, 0.29909634072041036</corner2></bounds><pose><translation>0.36777009456053134, -1.836423257306196, -0.8869642472537262</translation><rotation><c1>0, 0, 0</c1><c2>0, 0, 0</c2><c3>0, 0, 0</c3></rotation></pose><symmetry><x>twoFold</x><y>cylindrical</y><z>twoFold</z></symmetry><detectionScore>-1.0</detectionScore></element><element><id>2</id><category>heater</category><bounds><corner1>-0.09900748922679625, -0.48407243967329006, -0.3235606263778281</corner1><corner2>0.09900748922679625, 0.48407243967329006, 0.3235606263778281</corner2></bounds><pose><translation>3.1783348093142845, -2.5563582221038605, -1.3022602117471869</translation><rotation><c1>0, 0, 0</c1><c2>0, 0, 0</c2><c3>0, 0, 0</c3></rotation></pose><symmetry><x>twoFold</x><y>cylindrical</y><z>twoFold</z></symmetry><detectionScore>-1.0</detectionScore></element><element><id>3</id><category>chair</category><bounds><corner1>-1.1395235227310678, -0.8417989608015372, -0.23976191391604973</corner1><corner2>1.1395235227310678, 0.8417989608015372, 0.23976191391604973</corner2></bounds><pose><translation>2.2216098743131654, 0.8357751206240128, -0.8957072437299218</translation><rotation><c1>0, 0, 0</c1><c2>0, 0, 0</c2><c3>0, 0, 0</c3></rotation></pose><symmetry><x>twoFold</x><y>cylindrical</y><z>twoFold</z></symmetry><detectionScore>-1.0</detectionScore></element><element><id>4</id><category>wall</category><bounds><corner1>-2.680039150680985, -0.11010877088852578, -1.4793286302003288</corner1><corner2>2.680039150680985, 0.11010877088852578, 1.4793286302003288</corner2></bounds><pose><translation>0.5375987950059347, 3.6051358404765423, -0.12134902444467974</translation><rotation><c1>0, 0, 0</c1><c2>0, 0, 0</c2><c3>0, 0, 0</c3></rotation></pose><symmetry><x>twoFold</x><y>cylindrical</y><z>twoFold</z></symmetry><detectionScore>-1.0</detectionScore></element><element><id>5</id><category>person</category><bounds><corner1>-0.38210029135200063, -0.9729533792413362, -0.7947938574076202</corner1><corner2>0.38210029135200063, 0.9729533792413362, 0.7947938574076202</corner2></bounds><pose><translation>-1.5859304077775493, 0.45988680955302363, -0.8206198655697551</translation><rotation><c1>0, 0, 0</c1><c2>0, 0, 0</c2><c3>0, 0, 0</c3></rotation></pose><symmetry><x>twoFold</x><y>cylindrical</y><z>twoFold</z></symmetry><detectionScore>-1.0</detectionScore></element><element><id>6</id><category>window</category><bounds><corner1>-1.1831627999042567, -1.0907443263968482, -1.5083108217859849</corner1><corner2>1.1831627999042567, 1.0907443263968482, 1.5083108217859849</corner2></bounds><pose><translation>-2.49584700166458, 0.800567324867234, -0.13830882048906473</translation><rotation><c1>0, 0, 0</c1><c2>0, 0, 0</c2><c3>0, 0, 0</c3></rotation></pose><symmetry><x>twoFold</x><y>cylindrical</y><z>twoFold</z></symmetry><detectionScore>-1.0</detectionScore></element><element><id>7</id><category>kitchen_cabinet</category><bounds><corner1>-0.364929698848939, -0.6364041103448406, -0.49197872836861084</corner1><corner2>0.364929698848939, 0.6364041103448406, 0.49197872836861084</corner2></bounds><pose><translation>-1.7939438244335388, -3.0650274015417196, -0.9828189136523445</translation><rotation><c1>0, 0, 0</c1><c2>0, 0, 0</c2><c3>0, 0, 0</c3></rotation></pose><symmetry><x>twoFold</x><y>cylindrical</y><z>twoFold</z></symmetry><detectionScore>-1.0</detectionScore></element><element><id>8</id><category>door</category><bounds><corner1>-8.196418266999592, -0.8700034362075298, -1.7689976230315563</corner1><corner2>8.196418266999592, 0.8700034362075298, 1.7689976230315563</corner2></bounds><pose><translation>3.430532827583821, -1.2454625055123825, -0.5044629224331879</translation><rotation><c1>0, 0, 0</c1><c2>0, 0, 0</c2><c3>0, 0, 0</c3></rotation></pose><symmetry><x>twoFold</x><y>cylindrical</y><z>twoFold</z></symmetry><detectionScore>-1.0</detectionScore></element><element><id>9</id><category>plant</category><bounds><corner1>-1.3609559506581719, -1.3534677048933932, -0.21331508931410004</corner1><corner2>1.3609559506581719, 1.3534677048933932, 0.21331508931410004</corner2></bounds><pose><translation>1.923961465445362, 1.563067530439176, -0.8490596113036419</translation><rotation><c1>0, 0, 0</c1><c2>0, 0, 0</c2><c3>0, 0, 0</c3></rotation></pose><symmetry><x>twoFold</x><y>cylindrical</y><z>twoFold</z></symmetry><detectionScore>-1.0</detectionScore></element><element><id>10</id><category>kitchen_cabinet</category><bounds><corner1>-0.6632240247281218, -1.7861974767603779, -0.2798625580334655</corner1><corner2>0.6632240247281218, 1.7861974767603779, 0.2798625580334655</corner2></bounds><pose><translation>-0.569622404373501, -3.533287919295022, -0.9103322927598299</translation><rotation><c1>0, 0, 0</c1><c2>0, 0, 0</c2><c3>0, 0, 0</c3></rotation></pose><symmetry><x>twoFold</x><y>cylindrical</y><z>twoFold</z></symmetry><detectionScore>-1.0</detectionScore></element><element><id>11</id><category>knife_rack</category><bounds><corner1>-0.3574276328193804, -0.2440474597452187, -0.21867113777198083</corner1><corner2>0.3574276328193804, 0.2440474597452187, 0.21867113777198083</corner2></bounds><pose><translation>-2.2865302631203734, -1.4048700769944857, -0.5668205989713783</translation><rotation><c1>0, 0, 0</c1><c2>0, 0, 0</c2><c3>0, 0, 0</c3></rotation></pose><symmetry><x>twoFold</x><y>cylindrical</y><z>twoFold</z></symmetry><detectionScore>-1.0</detectionScore></element><element><id>12</id><category>chair</category><bounds><corner1>-0.40169503461169265, -0.2387727416692167, -0.06288857218957666</corner1><corner2>0.40169503461169265, 0.2387727416692167, 0.06288857218957666</corner2></bounds><pose><translation>0.037155429275292244, -1.4487115809228719, -0.9989074492880786</translation><rotation><c1>0, 0, 0</c1><c2>0, 0, 0</c2><c3>0, 0, 0</c3></rotation></pose><symmetry><x>twoFold</x><y>cylindrical</y><z>twoFold</z></symmetry><detectionScore>-1.0</detectionScore></element><element><id>13</id><category>chair</category><bounds><corner1>-0.34615747589612483, -0.495173688227982, -0.16984280043063915</corner1><corner2>0.34615747589612483, 0.495173688227982, 0.16984280043063915</corner2></bounds><pose><translation>-0.28703448682009725, -1.7655282931495684, -0.9676670521984462</translation><rotation><c1>0, 0, 0</c1><c2>0, 0, 0</c2><c3>0, 0, 0</c3></rotation></pose><symmetry><x>twoFold</x><y>cylindrical</y><z>twoFold</z></symmetry><detectionScore>-1.0</detectionScore></element><element><id>14</id><category>chair</category><bounds><corner1>-1.0983231356132388, -0.3698594471554131, -0.30847779365416095</corner1><corner2>1.0983231356132388, 0.3698594471554131, 0.30847779365416095</corner2></bounds><pose><translation>0.315581924026244, -1.7013341533627104, -0.9310636968628165</translation><rotation><c1>0, 0, 0</c1><c2>0, 0, 0</c2><c3>0, 0, 0</c3></rotation></pose><symmetry><x>twoFold</x><y>cylindrical</y><z>twoFold</z></symmetry><detectionScore>-1.0</detectionScore></element><element><id>15</id><category>television</category><bounds><corner1>-0.6553264953088194, -0.07633142723637265, -0.4379219177362864</corner1><corner2>0.6553264953088194, 0.07633142723637265, 0.4379219177362864</corner2></bounds><pose><translation>1.7226275977119099, 3.576812094409591, 0.4361049645285754</translation><rotation><c1>0, 0, 0</c1><c2>0, 0, 0</c2><c3>0, 0, 0</c3></rotation></pose><symmetry><x>twoFold</x><y>cylindrical</y><z>twoFold</z></symmetry><detectionScore>-1.0</detectionScore></element><element><id>16</id><category>plant</category><bounds><corner1>-0.7490575789291081, -0.6466008932694923, -0.4921608420172138</corner1><corner2>0.7490575789291081, 0.6466008932694923, 0.4921608420172138</corner2></bounds><pose><translation>-2.0366602755767436, -0.7555595935576264, -1.3085769721681226</translation><rotation><c1>0, 0, 0</c1><c2>0, 0, 0</c2><c3>0, 0, 0</c3></rotation></pose><symmetry><x>twoFold</x><y>cylindrical</y><z>twoFold</z></symmetry><detectionScore>-1.0</detectionScore></element><element><id>17</id><category>kitchen_cabinet</category><bounds><corner1>-0.6307242570710425, -1.6863124177930027, -1.3034643134341366</corner1><corner2>0.6307242570710425, 1.6863124177930027, 1.3034643134341366</corner2></bounds><pose><translation>2.508495582040255, -3.6069854579879426, -0.46719843743094785</translation><rotation><c1>0, 0, 0</c1><c2>0, 0, 0</c2><c3>0, 0, 0</c3></rotation></pose><symmetry><x>twoFold</x><y>cylindrical</y><z>twoFold</z></symmetry><detectionScore>-1.0</detectionScore></element><element><id>18</id><category>plant</category><bounds><corner1>-0.4702977832090627, -0.3847355235062251, -0.5048496963228566</corner1><corner2>0.4702977832090627, 0.3847355235062251, 0.5048496963228566</corner2></bounds><pose><translation>-1.9707438843940444, 3.2574550865519663, -1.2771900723901661</translation><rotation><c1>0, 0, 0</c1><c2>0, 0, 0</c2><c3>0, 0, 0</c3></rotation></pose><symmetry><x>twoFold</x><y>cylindrical</y><z>twoFold</z></symmetry><detectionScore>-1.0</detectionScore></element><element><id>19</id><category>door</category><bounds><corner1>-0.5541428752531186, -0.1470784986254161, -1.3100878081412242</corner1><corner2>0.5541428752531186, 0.1470784986254161, 1.3100878081412242</corner2></bounds><pose><translation>2.678309324156352, -3.5859580973310727, -0.42972968505771464</translation><rotation><c1>0, 0, 0</c1><c2>0, 0, 0</c2><c3>0, 0, 0</c3></rotation></pose><symmetry><x>twoFold</x><y>cylindrical</y><z>twoFold</z></symmetry><detectionScore>-1.0</detectionScore></element><element><id>20</id><category>range_hood</category><bounds><corner1>-0.9494273869774112, -0.6103336786213753, -0.5451018205264083</corner1><corner2>0.9494273869774112, 0.6103336786213753, 0.5451018205264083</corner2></bounds><pose><translation>0.4906579539425569, -4.098059926144568, 0.8325534273202236</translation><rotation><c1>0, 0, 0</c1><c2>0, 0, 0</c2><c3>0, 0, 0</c3></rotation></pose><symmetry><x>twoFold</x><y>cylindrical</y><z>twoFold</z></symmetry><detectionScore>-1.0</detectionScore></element><element><id>21</id><category>wall</category><bounds><corner1>-8.338907023765138, -1.2816331498476305, -0.6987397677266595</corner1><corner2>8.338907023765138, 1.2816331498476305, 0.6987397677266595</corner2></bounds><pose><translation>3.3644051029711366, 0.06887061300092248, -0.02968805445428504</translation><rotation><c1>0, 0, 0</c1><c2>0, 0, 0</c2><c3>0, 0, 0</c3></rotation></pose><symmetry><x>twoFold</x><y>cylindrical</y><z>twoFold</z></symmetry><detectionScore>-1.0</detectionScore></element><element><id>22</id><category>kitchen_cabinet</category><bounds><corner1>-1.31548821122313, -2.1343490985922777, -1.555564227241353</corner1><corner2>1.31548821122313, 2.1343490985922777, 1.555564227241353</corner2></bounds><pose><translation>-0.14704169301795753, -3.9309096373843824, -0.32830664835596374</translation><rotation><c1>0, 0, 0</c1><c2>0, 0, 0</c2><c3>0, 0, 0</c3></rotation></pose><symmetry><x>twoFold</x><y>cylindrical</y><z>twoFold</z></symmetry><detectionScore>-1.0</detectionScore></element><element><id>23</id><category>fruit_bowl</category><bounds><corner1>-1.2697808780954718, -0.3211377179731485, -0.30647204923245686</corner1><corner2>1.2697808780954718, 0.3211377179731485, 0.30647204923245686</corner2></bounds><pose><translation>0.34736551744654265, -1.8384937224496847, -0.8933062512985828</translation><rotation><c1>0, 0, 0</c1><c2>0, 0, 0</c2><c3>0, 0, 0</c3></rotation></pose><symmetry><x>twoFold</x><y>cylindrical</y><z>twoFold</z></symmetry><detectionScore>-1.0</detectionScore></element><element><id>24</id><category>kitchen_cabinet</category><bounds><corner1>-1.2965814968687381, -0.37932302853824273, -0.282252168133012</corner1><corner2>1.2965814968687381, 0.37932302853824273, 0.282252168133012</corner2></bounds><pose><translation>0.31596507948633223, -1.9001885542079877, -0.8766365376866788</translation><rotation><c1>0, 0, 0</c1><c2>0, 0, 0</c2><c3>0, 0, 0</c3></rotation></pose><symmetry><x>twoFold</x><y>cylindrical</y><z>twoFold</z></symmetry><detectionScore>-1.0</detectionScore></element><element><id>25</id><category>door</category><bounds><corner1>-0.6871597401631726, -0.07743852587863564, -1.3175009556520678</corner1><corner2>0.6871597401631726, 0.07743852587863564, 1.3175009556520678</corner2></bounds><pose><translation>-0.8422519877646781, 3.6579150091219077, -0.4769311351643226</translation><rotation><c1>0, 0, 0</c1><c2>0, 0, 0</c2><c3>0, 0, 0</c3></rotation></pose><symmetry><x>twoFold</x><y>cylindrical</y><z>twoFold</z></symmetry><detectionScore>-1.0</detectionScore></element><element><id>26</id><category>wall</category><bounds><corner1>-2.3549718046293395, -1.9369634123308281, -1.4507752015870976</corner1><corner2>2.3549718046293395, 1.9369634123308281, 1.4507752015870976</corner2></bounds><pose><translation>0.3659218582752673, -3.941643900186418, -0.1304975576868573</translation><rotation><c1>0, 0, 0</c1><c2>0, 0, 0</c2><c3>0, 0, 0</c3></rotation></pose><symmetry><x>twoFold</x><y>cylindrical</y><z>twoFold</z></symmetry><detectionScore>-1.0</detectionScore></element><element><id>27</id><category>person</category><bounds><corner1>-1.3411565912205066, -0.4957968973282969, -0.34259023046498926</corner1><corner2>1.3411565912205066, 0.4957968973282969, 0.34259023046498926</corner2></bounds><pose><translation>0.36598418769138713, -1.7776297420756628, -0.9183398929472791</translation><rotation><c1>0, 0, 0</c1><c2>0, 0, 0</c2><c3>0, 0, 0</c3></rotation></pose><symmetry><x>twoFold</x><y>cylindrical</y><z>twoFold</z></symmetry><detectionScore>-1.0</detectionScore></element><element><id>28</id><category>armchair</category><bounds><corner1>-0.27345674373750617, -1.312569646646597, -0.40411377440162544</corner1><corner2>0.27345674373750617, 1.312569646646597, 0.40411377440162544</corner2></bounds><pose><translation>-1.518914815540148, 0.46309908370815367, -1.0098860054972636</translation><rotation><c1>0, 0, 0</c1><c2>0, 0, 0</c2><c3>0, 0, 0</c3></rotation></pose><symmetry><x>twoFold</x><y>cylindrical</y><z>twoFold</z></symmetry><detectionScore>-1.0</detectionScore></element></elements></scene>