<?xml version='1.0' encoding='utf-8'?>
<scene xmlns:sumo="https://www.sumochallenge.org"><version>2.0</version><categories><id>fb_categories_v1.0</id><url>https://sumochallenge.org/en/categories-1_0.json</url></categories><project_type>bounding_box</project_type><elements><element><id>4</id><category>door</category><bounds><corner1>-3.55909403, -1.02624663, -0.79816739</corner1><corner2>3.55909403, 1.02624663, 0.79816739</corner2></bounds><pose><translation> 6.29520832, -0.19052853,  0.09902333</translation><rotation><c1>1., 0., 0.</c1><c2>0., 1., 0.</c2><c3>0., 0., 1.</c3></rotation></pose><symmetry><x>twoFold</x><y>twoFold</y><z>twoFold</z></symmetry><detectionScore>0.97996014</detectionScore></element><element><id>1</id><category>door</category><bounds><corner1>-0.43704705, -1.16698014, -0.92393459</corner1><corner2>0.43704705, 1.16698014, 0.92393459</corner2></bounds><pose><translation>-3.8319933 , -0.53396143,  0.46072277</translation><rotation><c1>1., 0., 0.</c1><c2>0., 1., 0.</c2><c3>0., 0., 1.</c3></rotation></pose><symmetry><x>twoFold</x><y>twoFold</y><z>twoFold</z></symmetry><detectionScore>0.99956685</detectionScore></element><element><id>5</id><category>wall</category><bounds><corner1>-3.4653639 , -1.18010241, -3.63804113</corner1><corner2>3.4653639 , 1.18010241, 3.63804113</corner2></bounds><pose><translation> 0.1625215 , -0.13469388, -6.09615211</translation><rotation><c1>1., 0., 0.</c1><c2>0., 1., 0.</c2><c3>0., 0., 1.</c3></rotation></pose><symmetry><x>none</x><y>twoFold</y><z>none</z></symmetry><detectionScore>0.66097605</detectionScore></element><element><id>10</id><category>kitchen_cabinet</category><bounds><corner1>-0.34649014, -0.87787476, -0.75223935</corner1><corner2>0.34649014, 0.87787476, 0.75223935</corner2></bounds><pose><translation>-3.66004554, -0.07938682, -4.33322187</translation><rotation><c1>1., 0., 0.</c1><c2>0., 1., 0.</c2><c3>0., 0., 1.</c3></rotation></pose><symmetry><x>none</x><y>none</y><z>none</z></symmetry><detectionScore>0.5174548</detectionScore></element><element><id>3</id><category>window</category><bounds><corner1>-0.195314  , -0.87815383, -1.5285686 </corner1><corner2>0.195314  , 0.87815383, 1.5285686 </corner2></bounds><pose><translation> 6.18691395, -0.22647585, -3.08449215</translation><rotation><c1>1., 0., 0.</c1><c2>0., 1., 0.</c2><c3>0., 0., 1.</c3></rotation></pose><symmetry><x>none</x><y>twoFold</y><z>none</z></symmetry><detectionScore>0.9577474</detectionScore></element><element><id>2</id><category>television</category><bounds><corner1>-1.1871409 , -0.44078374, -0.037166  </corner1><corner2>1.1871409 , 0.44078374, 0.037166  </corner2></bounds><pose><translation>3.03223141, 0.75712331, 1.78555558</translation><rotation><c1>1., 0., 0.</c1><c2>0., 1., 0.</c2><c3>0., 0., 1.</c3></rotation></pose><symmetry><x>none</x><y>none</y><z>twoFold</z></symmetry><detectionScore>0.9992879</detectionScore></element><element><id>7</id><category>chandelier</category><bounds><corner1>-0.68692034, -0.02113651, -0.91249172</corner1><corner2>0.68692034, 0.02113651, 0.91249172</corner2></bounds><pose><translation>-1.27470143,  1.18667147, -2.36148792</translation><rotation><c1>1., 0., 0.</c1><c2>0., 1., 0.</c2><c3>0., 0., 1.</c3></rotation></pose><symmetry><x>none</x><y>cylindrical</y><z>none</z></symmetry><detectionScore>0.95940024</detectionScore></element><element><id>8</id><category>trash_can</category><bounds><corner1>-0.06486846, -0.45482854, -0.44239486</corner1><corner2>0.06486846, 0.45482854, 0.44239486</corner2></bounds><pose><translation>-3.04807097, -0.92331662, -1.73386312</translation><rotation><c1>1., 0., 0.</c1><c2>0., 1., 0.</c2><c3>0., 0., 1.</c3></rotation></pose><symmetry><x>none</x><y>cylindrical</y><z>none</z></symmetry><detectionScore>0.9935044</detectionScore></element><element><id>6</id><category>piano</category><bounds><corner1>-1.48509983, -0.52411729, -1.82289329</corner1><corner2>1.48509983, 0.52411729, 1.82289329</corner2></bounds><pose><translation> 4.77239899, -0.58413029,  8.09477385</translation><rotation><c1>1., 0., 0.</c1><c2>0., 1., 0.</c2><c3>0., 0., 1.</c3></rotation></pose><symmetry><x>none</x><y>none</y><z>none</z></symmetry><detectionScore>0.734831</detectionScore></element></elements></scene>