<?xml version='1.0' encoding='utf-8'?>
<scene xmlns:sumo="https://www.sumochallenge.org"><version>2.0</version><categories><id>fb_categories_v1.0</id><url>https://sumochallenge.org/en/categories-1_0.json</url></categories><project_type>bounding_box</project_type><elements><element><id>30</id><category>floor</category><bounds><corner1>-10.05482077,  -1.4735344 ,  -5.48803843</corner1><corner2>-2.33499831, -0.52196767, -0.67593469</corner2></bounds><pose><translation>0., 0., 0.</translation><rotation><c1>1., 0., 0.</c1><c2>0., 1., 0.</c2><c3>0., 0., 1.</c3></rotation></pose><symmetry><x>none</x><y>none</y><z>none</z></symmetry><detectionScore>-1</detectionScore></element><element><id>25</id><category>curtain</category><bounds><corner1> 4.32624017, -1.02867361,  0.0885266 </corner1><corner2>5.64741313, 1.08630074, 1.53673216</corner2></bounds><pose><translation>0., 0., 0.</translation><rotation><c1>1., 0., 0.</c1><c2>0., 1., 0.</c2><c3>0., 0., 1.</c3></rotation></pose><symmetry><x>none</x><y>none</y><z>none</z></symmetry><detectionScore>-1</detectionScore></element><element><id>18</id><category>wall</category><bounds><corner1> 1.08624511, -1.46457227, -7.17993447</corner1><corner2> 2.42902813,  1.19599179, -3.0438976 </corner2></bounds><pose><translation>0., 0., 0.</translation><rotation><c1>1., 0., 0.</c1><c2>0., 1., 0.</c2><c3>0., 0., 1.</c3></rotation></pose><symmetry><x>none</x><y>none</y><z>none</z></symmetry><detectionScore>-1</detectionScore></element><element><id>21</id><category>floor_lamp</category><bounds><corner1>-4.75747439, -0.96464309,  0.54908451</corner1><corner2>-1.26201112,  1.20203055,  1.94117783</corner2></bounds><pose><translation>0., 0., 0.</translation><rotation><c1>1., 0., 0.</c1><c2>0., 1., 0.</c2><c3>0., 0., 1.</c3></rotation></pose><symmetry><x>none</x><y>none</y><z>none</z></symmetry><detectionScore>-1</detectionScore></element><element><id>19</id><category>wall</category><bounds><corner1>-1.48274171, -1.33415385, -4.36383604</corner1><corner2>-0.31727346,  1.19022661, -2.72107206</corner2></bounds><pose><translation>0., 0., 0.</translation><rotation><c1>1., 0., 0.</c1><c2>0., 1., 0.</c2><c3>0., 0., 1.</c3></rotation></pose><symmetry><x>none</x><y>none</y><z>none</z></symmetry><detectionScore>-1</detectionScore></element><element><id>17</id><category>wall</category><bounds><corner1>-0.6637424 , -1.27915291, -8.93671024</corner1><corner2> 2.27900484,  1.189535  , -3.05988539</corner2></bounds><pose><translation>0., 0., 0.</translation><rotation><c1>1., 0., 0.</c1><c2>0., 1., 0.</c2><c3>0., 0., 1.</c3></rotation></pose><symmetry><x>none</x><y>none</y><z>none</z></symmetry><detectionScore>-1</detectionScore></element><element><id>31</id><category>door</category><bounds><corner1>-5.03820207, -1.33393741, -3.16701581</corner1><corner2>-3.60518105,  0.66525453, -2.70191127</corner2></bounds><pose><translation>0., 0., 0.</translation><rotation><c1>1., 0., 0.</c1><c2>0., 1., 0.</c2><c3>0., 0., 1.</c3></rotation></pose><symmetry><x>none</x><y>none</y><z>none</z></symmetry><detectionScore>-1</detectionScore></element><element><id>6</id><category>wall</category><bounds><corner1> 3.42590257, -0.95057229, -1.41987756</corner1><corner2>5.73228681, 1.17468086, 0.33313268</corner2></bounds><pose><translation>0., 0., 0.</translation><rotation><c1>1., 0., 0.</c1><c2>0., 1., 0.</c2><c3>0., 0., 1.</c3></rotation></pose><symmetry><x>none</x><y>none</y><z>none</z></symmetry><detectionScore>-1</detectionScore></element><element><id>35</id><category>armchair</category><bounds><corner1>-10.34804164,  -1.46125396,   0.44726744</corner1><corner2>-2.08351737, -0.43245494,  1.92587833</corner2></bounds><pose><translation>0., 0., 0.</translation><rotation><c1>1., 0., 0.</c1><c2>0., 1., 0.</c2><c3>0., 0., 1.</c3></rotation></pose><symmetry><x>none</x><y>none</y><z>none</z></symmetry><detectionScore>-1</detectionScore></element><element><id>41</id><category>floor</category><bounds><corner1>-10.42513625,  -1.46169762,  -0.22036985</corner1><corner2>-2.79115334, -0.50363073,  1.9276622 </corner2></bounds><pose><translation>0., 0., 0.</translation><rotation><c1>1., 0., 0.</c1><c2>0., 1., 0.</c2><c3>0., 0., 1.</c3></rotation></pose><symmetry><x>none</x><y>none</y><z>none</z></symmetry><detectionScore>-1</detectionScore></element><element><id>8</id><category>floor_lamp</category><bounds><corner1>-1.55851748, -1.46478172, -3.16574411</corner1><corner2>-1.00830333,  0.39480482, -2.65394917</corner2></bounds><pose><translation>0., 0., 0.</translation><rotation><c1>1., 0., 0.</c1><c2>0., 1., 0.</c2><c3>0., 0., 1.</c3></rotation></pose><symmetry><x>none</x><y>none</y><z>none</z></symmetry><detectionScore>-1</detectionScore></element><element><id>34</id><category>curtain</category><bounds><corner1> 3.5323538 , -0.95175249, -2.63796714</corner1><corner2> 5.64599198,  1.00382836, -0.87274452</corner2></bounds><pose><translation>0., 0., 0.</translation><rotation><c1>1., 0., 0.</c1><c2>0., 1., 0.</c2><c3>0., 0., 1.</c3></rotation></pose><symmetry><x>none</x><y>none</y><z>none</z></symmetry><detectionScore>-1</detectionScore></element><element><id>7</id><category>table_and_chair</category><bounds><corner1> 0.78082482, -1.4707178 , -8.21514784</corner1><corner2> 2.36563123, -0.26304972, -3.06675815</corner2></bounds><pose><translation>0., 0., 0.</translation><rotation><c1>1., 0., 0.</c1><c2>0., 1., 0.</c2><c3>0., 0., 1.</c3></rotation></pose><symmetry><x>none</x><y>none</y><z>none</z></symmetry><detectionScore>-1</detectionScore></element><element><id>16</id><category>floor_lamp</category><bounds><corner1>-4.58935004, -1.46100069, -3.16605262</corner1><corner2>-3.16965178,  0.40292491, -2.59865511</corner2></bounds><pose><translation>0., 0., 0.</translation><rotation><c1>1., 0., 0.</c1><c2>0., 1., 0.</c2><c3>0., 0., 1.</c3></rotation></pose><symmetry><x>none</x><y>none</y><z>none</z></symmetry><detectionScore>-1</detectionScore></element><element><id>10</id><category>coffee_table</category><bounds><corner1> 3.38576159, -1.47330364, -0.2954294 </corner1><corner2> 5.35050516, -0.70512502,  1.28160984</corner2></bounds><pose><translation>0., 0., 0.</translation><rotation><c1>1., 0., 0.</c1><c2>0., 1., 0.</c2><c3>0., 0., 1.</c3></rotation></pose><symmetry><x>none</x><y>none</y><z>none</z></symmetry><detectionScore>-1</detectionScore></element><element><id>33</id><category>arch</category><bounds><corner1>-10.61284255,  -1.47260522,  -5.57204058</corner1><corner2>-4.59461567,  1.20063514, -2.40430789</corner2></bounds><pose><translation>0., 0., 0.</translation><rotation><c1>1., 0., 0.</c1><c2>0., 1., 0.</c2><c3>0., 0., 1.</c3></rotation></pose><symmetry><x>none</x><y>none</y><z>none</z></symmetry><detectionScore>-1</detectionScore></element><element><id>26</id><category>coffee_table</category><bounds><corner1>-1.04240975e+01, -1.46371234e+00, -4.04236068e-03</corner1><corner2>-2.86713717, -0.53690647,  1.92950316</corner2></bounds><pose><translation>0., 0., 0.</translation><rotation><c1>1., 0., 0.</c1><c2>0., 1., 0.</c2><c3>0., 0., 1.</c3></rotation></pose><symmetry><x>none</x><y>none</y><z>none</z></symmetry><detectionScore>-1</detectionScore></element><element><id>22</id><category>wall</category><bounds><corner1>-10.65025593,  -1.45872409,  -5.56490012</corner1><corner2>-4.32720979,  1.19856473, -1.32860883</corner2></bounds><pose><translation>0., 0., 0.</translation><rotation><c1>1., 0., 0.</c1><c2>0., 1., 0.</c2><c3>0., 0., 1.</c3></rotation></pose><symmetry><x>none</x><y>none</y><z>none</z></symmetry><detectionScore>-1</detectionScore></element><element><id>40</id><category>arch</category><bounds><corner1>-0.49940108, -1.47355039, -8.87064917</corner1><corner2> 2.36197628,  1.20534873, -3.03604198</corner2></bounds><pose><translation>0., 0., 0.</translation><rotation><c1>1., 0., 0.</c1><c2>0., 1., 0.</c2><c3>0., 0., 1.</c3></rotation></pose><symmetry><x>none</x><y>none</y><z>none</z></symmetry><detectionScore>-1</detectionScore></element><element><id>23</id><category>sofa</category><bounds><corner1> 3.22977391, -1.47067711, -2.86048659</corner1><corner2> 5.53317981, -0.49494447, -0.62523118</corner2></bounds><pose><translation>0., 0., 0.</translation><rotation><c1>1., 0., 0.</c1><c2>0., 1., 0.</c2><c3>0., 0., 1.</c3></rotation></pose><symmetry><x>none</x><y>none</y><z>none</z></symmetry><detectionScore>-1</detectionScore></element><element><id>11</id><category>wall</category><bounds><corner1> 2.46799476, -1.28181784,  1.12460913</corner1><corner2>4.79919683, 1.20425139, 1.92583553</corner2></bounds><pose><translation>0., 0., 0.</translation><rotation><c1>1., 0., 0.</c1><c2>0., 1., 0.</c2><c3>0., 0., 1.</c3></rotation></pose><symmetry><x>none</x><y>none</y><z>none</z></symmetry><detectionScore>-1</detectionScore></element><element><id>2</id><category>rug</category><bounds><corner1>-2.96488839, -1.46099041, -2.03341625</corner1><corner2>-1.72891516, -0.99219569, -0.42917256</corner2></bounds><pose><translation>0., 0., 0.</translation><rotation><c1>1., 0., 0.</c1><c2>0., 1., 0.</c2><c3>0., 0., 1.</c3></rotation></pose><symmetry><x>none</x><y>none</y><z>none</z></symmetry><detectionScore>-1</detectionScore></element><element><id>14</id><category>wall</category><bounds><corner1> 3.95530008, -1.12987431, -2.71267422</corner1><corner2> 5.57631054,  1.19963365, -1.22914189</corner2></bounds><pose><translation>0., 0., 0.</translation><rotation><c1>1., 0., 0.</c1><c2>0., 1., 0.</c2><c3>0., 0., 1.</c3></rotation></pose><symmetry><x>none</x><y>none</y><z>none</z></symmetry><detectionScore>-1</detectionScore></element><element><id>9</id><category>wall</category><bounds><corner1>-2.05559243, -1.46398952, -8.79384476</corner1><corner2> 2.89156666,  1.19876898, -2.74414321</corner2></bounds><pose><translation>0., 0., 0.</translation><rotation><c1>1., 0., 0.</c1><c2>0., 1., 0.</c2><c3>0., 0., 1.</c3></rotation></pose><symmetry><x>none</x><y>none</y><z>none</z></symmetry><detectionScore>-1</detectionScore></element><element><id>36</id><category>curtain</category><bounds><corner1>-5.05537267, -0.92159155,  0.86537615</corner1><corner2>-1.45905951,  1.20257337,  1.94202643</corner2></bounds><pose><translation>0., 0., 0.</translation><rotation><c1>1., 0., 0.</c1><c2>0., 1., 0.</c2><c3>0., 0., 1.</c3></rotation></pose><symmetry><x>none</x><y>none</y><z>none</z></symmetry><detectionScore>-1</detectionScore></element><element><id>39</id><category>whiteboard</category><bounds><corner1> 1.61203041, -1.47174379,  1.27929709</corner1><corner2> 3.18794148, -0.25789089,  1.94152377</corner2></bounds><pose><translation>0., 0., 0.</translation><rotation><c1>1., 0., 0.</c1><c2>0., 1., 0.</c2><c3>0., 0., 1.</c3></rotation></pose><symmetry><x>none</x><y>none</y><z>none</z></symmetry><detectionScore>-1</detectionScore></element><element><id>20</id><category>window</category><bounds><corner1>-4.72461185, -0.71709632,  1.08863336</corner1><corner2>-1.85034428,  1.18951808,  1.9412841 </corner2></bounds><pose><translation>0., 0., 0.</translation><rotation><c1>1., 0., 0.</c1><c2>0., 1., 0.</c2><c3>0., 0., 1.</c3></rotation></pose><symmetry><x>none</x><y>none</y><z>none</z></symmetry><detectionScore>-1</detectionScore></element><element><id>5</id><category>wall</category><bounds><corner1>-7.33170841, -0.94852388,  0.66939248</corner1><corner2>-1.41000099,  1.20577682,  1.94568411</corner2></bounds><pose><translation>0., 0., 0.</translation><rotation><c1>1., 0., 0.</c1><c2>0., 1., 0.</c2><c3>0., 0., 1.</c3></rotation></pose><symmetry><x>none</x><y>none</y><z>none</z></symmetry><detectionScore>-1</detectionScore></element><element><id>24</id><category>wall</category><bounds><corner1>-10.73912486,  -1.25674909,  -3.08826471</corner1><corner2>-4.57433473,  1.17805609,  1.81363773</corner2></bounds><pose><translation>0., 0., 0.</translation><rotation><c1>1., 0., 0.</c1><c2>0., 1., 0.</c2><c3>0., 0., 1.</c3></rotation></pose><symmetry><x>none</x><y>none</y><z>none</z></symmetry><detectionScore>-1</detectionScore></element><element><id>38</id><category>sofa</category><bounds><corner1>-7.49343095, -1.44600029,  0.52313956</corner1><corner2>-1.37494192, -0.34841962,  1.92578932</corner2></bounds><pose><translation>0., 0., 0.</translation><rotation><c1>1., 0., 0.</c1><c2>0., 1., 0.</c2><c3>0., 0., 1.</c3></rotation></pose><symmetry><x>none</x><y>none</y><z>none</z></symmetry><detectionScore>-1</detectionScore></element><element><id>12</id><category>floor_lamp</category><bounds><corner1> 2.45301545, -1.46640437,  1.39314309</corner1><corner2>3.56308054, 0.44978052, 1.9427778 </corner2></bounds><pose><translation>0., 0., 0.</translation><rotation><c1>1., 0., 0.</c1><c2>0., 1., 0.</c2><c3>0., 0., 1.</c3></rotation></pose><symmetry><x>none</x><y>none</y><z>none</z></symmetry><detectionScore>-1</detectionScore></element><element><id>29</id><category>coffee_table</category><bounds><corner1>-3.93048894, -1.46104944, -2.43497645</corner1><corner2>-1.99906476, -0.87900496, -0.47395837</corner2></bounds><pose><translation>0., 0., 0.</translation><rotation><c1>1., 0., 0.</c1><c2>0., 1., 0.</c2><c3>0., 0., 1.</c3></rotation></pose><symmetry><x>none</x><y>none</y><z>none</z></symmetry><detectionScore>-1</detectionScore></element><element><id>32</id><category>ottoman</category><bounds><corner1> 3.3871972 , -1.47250973, -0.27937038</corner1><corner2> 5.45395424, -0.70608691,  1.31181128</corner2></bounds><pose><translation>0., 0., 0.</translation><rotation><c1>1., 0., 0.</c1><c2>0., 1., 0.</c2><c3>0., 0., 1.</c3></rotation></pose><symmetry><x>none</x><y>none</y><z>none</z></symmetry><detectionScore>-1</detectionScore></element><element><id>15</id><category>wall</category><bounds><corner1> 3.94464466, -1.18073648,  0.20785223</corner1><corner2>5.58335972, 1.19899123, 1.58135224</corner2></bounds><pose><translation>0., 0., 0.</translation><rotation><c1>1., 0., 0.</c1><c2>0., 1., 0.</c2><c3>0., 0., 1.</c3></rotation></pose><symmetry><x>none</x><y>none</y><z>none</z></symmetry><detectionScore>-1</detectionScore></element><element><id>4</id><category>floor</category><bounds><corner1>-1.70162084, -1.46243611, -5.68996888</corner1><corner2>-0.17845361, -0.61691917, -2.86199422</corner2></bounds><pose><translation>0., 0., 0.</translation><rotation><c1>1., 0., 0.</c1><c2>0., 1., 0.</c2><c3>0., 0., 1.</c3></rotation></pose><symmetry><x>none</x><y>none</y><z>none</z></symmetry><detectionScore>-1</detectionScore></element><element><id>37</id><category>wall</category><bounds><corner1>-10.63315346,  -1.00563294,  -5.57559473</corner1><corner2>-3.60899119,  1.14542709, -2.70564087</corner2></bounds><pose><translation>0., 0., 0.</translation><rotation><c1>1., 0., 0.</c1><c2>0., 1., 0.</c2><c3>0., 0., 1.</c3></rotation></pose><symmetry><x>none</x><y>none</y><z>none</z></symmetry><detectionScore>-1</detectionScore></element><element><id>1</id><category>sofa</category><bounds><corner1>-10.57396371,  -1.46657004,  -3.12238829</corner1><corner2>-2.30108225, -0.44951773,  0.32948135</corner2></bounds><pose><translation>0., 0., 0.</translation><rotation><c1>1., 0., 0.</c1><c2>0., 1., 0.</c2><c3>0., 0., 1.</c3></rotation></pose><symmetry><x>none</x><y>none</y><z>none</z></symmetry><detectionScore>-1</detectionScore></element><element><id>28</id><category>sofa</category><bounds><corner1> 3.50881462, -1.46780224, -0.15922458</corner1><corner2> 5.65008447, -0.6067157 ,  1.56939493</corner2></bounds><pose><translation>0., 0., 0.</translation><rotation><c1>1., 0., 0.</c1><c2>0., 1., 0.</c2><c3>0., 0., 1.</c3></rotation></pose><symmetry><x>none</x><y>none</y><z>none</z></symmetry><detectionScore>-1</detectionScore></element><element><id>3</id><category>chandelier</category><bounds><corner1> 1.1659728 ,  0.5191229 , -2.88266702</corner1><corner2> 4.31357102,  1.21130699, -0.22902338</corner2></bounds><pose><translation>0., 0., 0.</translation><rotation><c1>1., 0., 0.</c1><c2>0., 1., 0.</c2><c3>0., 0., 1.</c3></rotation></pose><symmetry><x>none</x><y>none</y><z>none</z></symmetry><detectionScore>-1</detectionScore></element><element><id>27</id><category>kitchen_cabinet</category><bounds><corner1>-1.14195166, -1.46169981, -8.89996046</corner1><corner2> 0.39545008,  1.19499126, -2.98811532</corner2></bounds><pose><translation>0., 0., 0.</translation><rotation><c1>1., 0., 0.</c1><c2>0., 1., 0.</c2><c3>0., 0., 1.</c3></rotation></pose><symmetry><x>none</x><y>none</y><z>none</z></symmetry><detectionScore>-1</detectionScore></element><element><id>13</id><category>rug</category><bounds><corner1>-1.6915978 , -1.45864007, -5.32103343</corner1><corner2>-0.23079614, -0.61654876, -2.8691885 </corner2></bounds><pose><translation>0., 0., 0.</translation><rotation><c1>1., 0., 0.</c1><c2>0., 1., 0.</c2><c3>0., 0., 1.</c3></rotation></pose><symmetry><x>none</x><y>none</y><z>none</z></symmetry><detectionScore>-1</detectionScore></element></elements></scene>