<?xml version='1.0' encoding='utf-8'?>
<scene xmlns:sumo="https://www.sumochallenge.org"><version>2.0</version><categories><id>fb_categories_v1_0</id><url>https://sumochallenge.org/en/categories-1_0.json</url></categories><project_type>bounding_box</project_type><elements><element><id>0</id><category>dining_table</category><bounds><corner1>-2.166641258251343, -0.8008085564068848, -0.8587754787723603</corner1><corner2>2.166641258251343, 0.8008085564068848, 0.8587754787723603</corner2></bounds><pose><translation>3.2123301857773314, -1.1795483208949638, -1.16681798104522</translation><rotation><c1>1, 0, 0</c1><c2>0, 1, 0</c2><c3>0, 0, 1</c3></rotation></pose><symmetry><x>twoFold</x><y>cylindrical</y><z>twoFold</z></symmetry><detectionScore>-1.0</detectionScore></element><element><id>1</id><category>plant</category><bounds><corner1>-0.7325407791855483, -0.7790198447699269, -1.8386170370429078</corner1><corner2>0.7325407791855483, 0.7790198447699269, 1.8386170370429078</corner2></bounds><pose><translation>4.646641557367856, -0.8632081277848551, -3.23648952179352</translation><rotation><c1>1, 0, 0</c1><c2>0, 1, 0</c2><c3>0, 0, 1</c3></rotation></pose><symmetry><x>twoFold</x><y>cylindrical</y><z>twoFold</z></symmetry><detectionScore>-1.0</detectionScore></element><element><id>2</id><category>wall</category><bounds><corner1>-0.9505935669998546, -1.404151263440719, -1.4051509448024706</corner1><corner2>0.9505935669998546, 1.404151263440719, 1.4051509448024706</corner2></bounds><pose><translation>4.4742832225194356, -0.06604144919288525, -1.2788141231686299</translation><rotation><c1>1, 0, 0</c1><c2>0, 1, 0</c2><c3>0, 0, 1</c3></rotation></pose><symmetry><x>twoFold</x><y>cylindrical</y><z>twoFold</z></symmetry><detectionScore>-1.0</detectionScore></element><element><id>3</id><category>motorcycle</category><bounds><corner1>-2.7086676519064237, -1.1469928178895314, -1.7632692278215645</corner1><corner2>2.7086676519064237, 1.1469928178895314, 1.7632692278215645</corner2></bounds><pose><translation>-2.7086676519064237, -1.1469928178895314, 0.4179553347672088</translation><rotation><c1>1, 0, 0</c1><c2>0, 1, 0</c2><c3>0, 0, 1</c3></rotation></pose><symmetry><x>twoFold</x><y>cylindrical</y><z>twoFold</z></symmetry><detectionScore>-1.0</detectionScore></element><element><id>4</id><category>car</category><bounds><corner1>-2.693430586558049, -1.0945989284290822, -1.7408324734675904</corner1><corner2>2.693430586558049, 1.0945989284290822, 1.7408324734675904</corner2></bounds><pose><translation>-2.693430586558049, -1.0945989284290822, 0.510015401660312</translation><rotation><c1>1, 0, 0</c1><c2>0, 1, 0</c2><c3>0, 0, 1</c3></rotation></pose><symmetry><x>twoFold</x><y>cylindrical</y><z>twoFold</z></symmetry><detectionScore>-1.0</detectionScore></element><element><id>5</id><category>door</category><bounds><corner1>-0.7547183043029226, -1.0738234833007028, -1.0232368598734838</corner1><corner2>0.7547183043029226, 1.0738234833007028, 1.0232368598734838</corner2></bounds><pose><translation>0.8944303066893955, -0.1904649042640357, 2.2202670176183457</translation><rotation><c1>1, 0, 0</c1><c2>0, 1, 0</c2><c3>0, 0, 1</c3></rotation></pose><symmetry><x>twoFold</x><y>cylindrical</y><z>twoFold</z></symmetry><detectionScore>-1.0</detectionScore></element><element><id>6</id><category>wall</category><bounds><corner1>-3.7127366625131324, -1.5325717255819455, -1.3969980629880308</corner1><corner2>3.7127366625131324, 1.5325717255819455, 1.3969980629880308</corner2></bounds><pose><translation>-3.7127366625131324, -0.14263370681202692, -1.3969980629880308</translation><rotation><c1>1, 0, 0</c1><c2>0, 1, 0</c2><c3>0, 0, 1</c3></rotation></pose><symmetry><x>twoFold</x><y>cylindrical</y><z>twoFold</z></symmetry><detectionScore>-1.0</detectionScore></element><element><id>7</id><category>chair</category><bounds><corner1>-2.4693679481206323, -1.1212467493594074, -0.6226899663784147</corner1><corner2>2.4693679481206323, 1.1212467493594074, 0.6226899663784147</corner2></bounds><pose><translation>2.909603495908042, -1.519914403320771, -1.3141027846666842</translation><rotation><c1>1, 0, 0</c1><c2>0, 1, 0</c2><c3>0, 0, 1</c3></rotation></pose><symmetry><x>twoFold</x><y>cylindrical</y><z>twoFold</z></symmetry><detectionScore>-1.0</detectionScore></element><element><id>8</id><category>desk</category><bounds><corner1>-2.1766092777453663, -0.8405951001663794, -0.8639953382993597</corner1><corner2>2.1766092777453663, 0.8405951001663794, 0.8639953382993597</corner2></bounds><pose><translation>3.202362166283308, -1.2370855734732944, -1.1794985479794584</translation><rotation><c1>1, 0, 0</c1><c2>0, 1, 0</c2><c3>0, 0, 1</c3></rotation></pose><symmetry><x>twoFold</x><y>cylindrical</y><z>twoFold</z></symmetry><detectionScore>-1.0</detectionScore></element><element><id>9</id><category>person</category><bounds><corner1>-2.332521315697797, -1.0789912273229407, -0.629766538254148</corner1><corner2>2.332521315697797, 1.0789912273229407, 0.629766538254148</corner2></bounds><pose><translation>3.082840801208126, -1.0420243875095678, -1.3416387262022245</translation><rotation><c1>1, 0, 0</c1><c2>0, 1, 0</c2><c3>0, 0, 1</c3></rotation></pose><symmetry><x>twoFold</x><y>cylindrical</y><z>twoFold</z></symmetry><detectionScore>-1.0</detectionScore></element><element><id>10</id><category>wall</category><bounds><corner1>-0.12946498621476543, -1.505332143084181, -0.6332500408898722</corner1><corner2>0.12946498621476543, 1.505332143084181, 0.6332500408898722</corner2></bounds><pose><translation>2.0042863750188467, -0.023561936845209804, -2.536596692296637</translation><rotation><c1>1, 0, 0</c1><c2>0, 1, 0</c2><c3>0, 0, 1</c3></rotation></pose><symmetry><x>twoFold</x><y>cylindrical</y><z>twoFold</z></symmetry><detectionScore>-1.0</detectionScore></element><element><id>11</id><category>garage_door</category><bounds><corner1>-3.0356582292067062, -1.4331387890511034, -2.2508478751279024</corner1><corner2>3.0356582292067062, 1.4331387890511034, 2.2508478751279024</corner2></bounds><pose><translation>-3.0356582292067062, -0.0131704082655984, 0.0</translation><rotation><c1>1, 0, 0</c1><c2>0, 1, 0</c2><c3>0, 0, 1</c3></rotation></pose><symmetry><x>twoFold</x><y>cylindrical</y><z>twoFold</z></symmetry><detectionScore>-1.0</detectionScore></element><element><id>12</id><category>wall</category><bounds><corner1>-3.2188882730651636, -1.5855465840302891, -0.27511286824233305</corner1><corner2>3.2188882730651636, 1.5855465840302891, 0.27511286824233305</corner2></bounds><pose><translation>2.2059885164541266, -0.0903802964429959, -0.13982904266963292</translation><rotation><c1>1, 0, 0</c1><c2>0, 1, 0</c2><c3>0, 0, 1</c3></rotation></pose><symmetry><x>twoFold</x><y>cylindrical</y><z>twoFold</z></symmetry><detectionScore>-1.0</detectionScore></element><element><id>13</id><category>wall</category><bounds><corner1>-0.1430399322872722, -1.502476174498655, -1.6672887045138616</corner1><corner2>0.1430399322872722, 1.502476174498655, 1.6672887045138616</corner2></bounds><pose><translation>5.2409364133804, -0.18021497629475292, -3.011735269265372</translation><rotation><c1>1, 0, 0</c1><c2>0, 1, 0</c2><c3>0, 0, 1</c3></rotation></pose><symmetry><x>twoFold</x><y>cylindrical</y><z>twoFold</z></symmetry><detectionScore>-1.0</detectionScore></element><element><id>14</id><category>garage_door</category><bounds><corner1>-3.8339456203185147, -1.3337842240126216, -2.111073522132411</corner1><corner2>3.8339456203185147, 1.3337842240126216, 2.111073522132411</corner2></bounds><pose><translation>-3.8339456203185147, 0.0, 0.0</translation><rotation><c1>1, 0, 0</c1><c2>0, 1, 0</c2><c3>0, 0, 1</c3></rotation></pose><symmetry><x>twoFold</x><y>cylindrical</y><z>twoFold</z></symmetry><detectionScore>-1.0</detectionScore></element><element><id>15</id><category>wall</category><bounds><corner1>-2.055679019755667, -1.4523860213876434, -1.9389424868172958</corner1><corner2>2.055679019755667, 1.4523860213876434, 1.9389424868172958</corner2></bounds><pose><translation>-3.6482010587701263, -0.06105971103854684, -2.901248146269119</translation><rotation><c1>1, 0, 0</c1><c2>0, 1, 0</c2><c3>0, 0, 1</c3></rotation></pose><symmetry><x>twoFold</x><y>cylindrical</y><z>twoFold</z></symmetry><detectionScore>-1.0</detectionScore></element><element><id>16</id><category>chandelier</category><bounds><corner1>-0.47415264502598053, -0.7376571330136128, -0.15391353975131783</corner1><corner2>0.47415264502598053, 0.7376571330136128, 0.15391353975131783</corner2></bounds><pose><translation>-2.1091929357639887, 0.6445186486568131, -1.0917741968997845</translation><rotation><c1>1, 0, 0</c1><c2>0, 1, 0</c2><c3>0, 0, 1</c3></rotation></pose><symmetry><x>twoFold</x><y>cylindrical</y><z>twoFold</z></symmetry><detectionScore>-1.0</detectionScore></element><element><id>17</id><category>wall</category><bounds><corner1>-1.4581602390623691, -1.5137005694095513, -1.054618880752471</corner1><corner2>1.4581602390623691, 1.5137005694095513, 1.054618880752471</corner2></bounds><pose><translation>0.5241452573833458, 0.0, 2.1888849967393584</translation><rotation><c1>1, 0, 0</c1><c2>0, 1, 0</c2><c3>0, 0, 1</c3></rotation></pose><symmetry><x>twoFold</x><y>cylindrical</y><z>twoFold</z></symmetry><detectionScore>-1.0</detectionScore></element><element><id>18</id><category>chandelier</category><bounds><corner1>-0.5492069958251333, -0.7700668219150961, -0.2891992302392268</corner1><corner2>0.5492069958251333, 0.7700668219150961, 0.2891992302392268</corner2></bounds><pose><translation>-2.1512764890400087, 0.6359602168107208, -1.149170360836005</translation><rotation><c1>1, 0, 0</c1><c2>0, 1, 0</c2><c3>0, 0, 1</c3></rotation></pose><symmetry><x>twoFold</x><y>cylindrical</y><z>twoFold</z></symmetry><detectionScore>-1.0</detectionScore></element><element><id>19</id><category>wall</category><bounds><corner1>-4.213663777102009, -1.3337842240126216, -2.058263778609444</corner1><corner2>4.213663777102009, 1.3337842240126216, 2.058263778609444</corner2></bounds><pose><translation>-4.213663777102009, 0.0, 0.0</translation><rotation><c1>1, 0, 0</c1><c2>0, 1, 0</c2><c3>0, 0, 1</c3></rotation></pose><symmetry><x>twoFold</x><y>cylindrical</y><z>twoFold</z></symmetry><detectionScore>-1.0</detectionScore></element><element><id>20</id><category>armchair</category><bounds><corner1>-2.3445290782029615, -0.8267338891015559, -0.5583777598069909</corner1><corner2>2.3445290782029615, 0.8267338891015559, 0.5583777598069909</corner2></bounds><pose><translation>3.0344423658257127, -1.2130608513297507, -1.2648789813471035</translation><rotation><c1>1, 0, 0</c1><c2>0, 1, 0</c2><c3>0, 0, 1</c3></rotation></pose><symmetry><x>twoFold</x><y>cylindrical</y><z>twoFold</z></symmetry><detectionScore>-1.0</detectionScore></element><element><id>21</id><category>wall</category><bounds><corner1>-0.9178423530075028, -1.5568473802495797, -0.32688982178313575</corner1><corner2>0.9178423530075028, 1.5568473802495797, 0.32688982178313575</corner2></bounds><pose><translation>-2.3673503454700353, -0.18211070694134493, -3.638316795345772</translation><rotation><c1>1, 0, 0</c1><c2>0, 1, 0</c2><c3>0, 0, 1</c3></rotation></pose><symmetry><x>twoFold</x><y>cylindrical</y><z>twoFold</z></symmetry><detectionScore>-1.0</detectionScore></element><element><id>22</id><category>wall</category><bounds><corner1>-1.041993111273062, -0.06691823032494071, -1.5803708921252837</corner1><corner2>1.041993111273062, 0.06691823032494071, 1.5803708921252837</corner2></bounds><pose><translation>-1.041993111273062, -0.030060054691658344, 0.6704769830026186</translation><rotation><c1>1, 0, 0</c1><c2>0, 1, 0</c2><c3>0, 0, 1</c3></rotation></pose><symmetry><x>twoFold</x><y>cylindrical</y><z>twoFold</z></symmetry><detectionScore>-1.0</detectionScore></element><element><id>23</id><category>motorcycle</category><bounds><corner1>-3.8546552695534952, -0.8774781846184596, -1.7121417911107806</corner1><corner2>3.8546552695534952, 0.8774781846184596, 1.7121417911107806</corner2></bounds><pose><translation>-3.8546552695534952, -0.8774781846184596, -0.061877758379323036</translation><rotation><c1>1, 0, 0</c1><c2>0, 1, 0</c2><c3>0, 0, 1</c3></rotation></pose><symmetry><x>twoFold</x><y>cylindrical</y><z>twoFold</z></symmetry><detectionScore>-1.0</detectionScore></element><element><id>24</id><category>wall</category><bounds><corner1>-1.4564587353840521, -1.3545155010152958, -0.709633151384256</corner1><corner2>1.4564587353840521, 1.3545155010152958, 0.709633151384256</corner2></bounds><pose><translation>0.003641313823802148, -0.06255852641441183, -3.7180845683728574</translation><rotation><c1>1, 0, 0</c1><c2>0, 1, 0</c2><c3>0, 0, 1</c3></rotation></pose><symmetry><x>twoFold</x><y>cylindrical</y><z>twoFold</z></symmetry><detectionScore>-1.0</detectionScore></element><element><id>25</id><category>door</category><bounds><corner1>-2.1171283374390875, -1.789959219088002, -1.9168229287437109</corner1><corner2>2.1171283374390875, 1.789959219088002, 1.9168229287437109</corner2></bounds><pose><translation>-3.722456485799539, -0.51212160826544, -2.870522530216908</translation><rotation><c1>1, 0, 0</c1><c2>0, 1, 0</c2><c3>0, 0, 1</c3></rotation></pose><symmetry><x>twoFold</x><y>cylindrical</y><z>twoFold</z></symmetry><detectionScore>-1.0</detectionScore></element><element><id>26</id><category>wall</category><bounds><corner1>-0.8826539354084835, -1.5020733193879297, -1.1352655273162289</corner1><corner2>0.8826539354084835, 1.5020733193879297, 1.1352655273162289</corner2></bounds><pose><translation>4.473425211059719, -0.14830531302906608, -3.529848335782633</translation><rotation><c1>1, 0, 0</c1><c2>0, 1, 0</c2><c3>0, 0, 1</c3></rotation></pose><symmetry><x>twoFold</x><y>cylindrical</y><z>twoFold</z></symmetry><detectionScore>-1.0</detectionScore></element></elements></scene>