<?xml version='1.0' encoding='utf-8'?>
<scene xmlns:sumo="https://www.sumochallenge.org"><version>2.0</version><categories><id>fb_categories_v1.0</id><url>https://sumochallenge.org/en/categories-1_0.json</url></categories><project_type>bounding_box</project_type><elements><element><id>4</id><category>door</category><bounds><corner1>-0.06000879, -0.68283603, -0.54136502</corner1><corner2>0.06000879, 0.68283603, 0.54136502</corner2></bounds><pose><translation>-0.99000069,  0.00878037, -0.064048  </translation><rotation><c1>1., 0., 0.</c1><c2>0., 1., 0.</c2><c3>0., 0., 1.</c3></rotation></pose><symmetry><x>twoFold</x><y>twoFold</y><z>twoFold</z></symmetry><detectionScore>0.65950507</detectionScore></element><element><id>1</id><category>toilet</category><bounds><corner1>-0.22076601, -0.32595657, -0.16395088</corner1><corner2>0.22076601, 0.32595657, 0.16395088</corner2></bounds><pose><translation>-0.60632362, -0.94910337,  1.42500224</translation><rotation><c1>1., 0., 0.</c1><c2>0., 1., 0.</c2><c3>0., 0., 1.</c3></rotation></pose><symmetry><x>none</x><y>none</y><z>none</z></symmetry><detectionScore>0.9109052</detectionScore></element><element><id>5</id><category>sink</category><bounds><corner1>-0.09093731, -0.77373382, -0.69527726</corner1><corner2>0.09093731, 0.77373382, 0.69527726</corner2></bounds><pose><translation> 1.58700494, -0.35437825, -0.26438801</translation><rotation><c1>1., 0., 0.</c1><c2>0., 1., 0.</c2><c3>0., 0., 1.</c3></rotation></pose><symmetry><x>none</x><y>none</y><z>none</z></symmetry><detectionScore>0.9261528</detectionScore></element><element><id>3</id><category>wall</category><bounds><corner1>-1.29683958, -1.3566973 , -0.91503429</corner1><corner2>1.29683958, 1.3566973 , 0.91503429</corner2></bounds><pose><translation> 0.2895803 , -0.26813614, -2.00305954</translation><rotation><c1>1., 0., 0.</c1><c2>0., 1., 0.</c2><c3>0., 0., 1.</c3></rotation></pose><symmetry><x>none</x><y>twoFold</y><z>none</z></symmetry><detectionScore>0.9293466</detectionScore></element><element><id>2</id><category>toilet</category><bounds><corner1>-0.25698347, -0.12798106, -0.19498692</corner1><corner2>0.25698347, 0.12798106, 0.19498692</corner2></bounds><pose><translation>-0.07850722, -1.0176844 ,  1.39705189</translation><rotation><c1>1., 0., 0.</c1><c2>0., 1., 0.</c2><c3>0., 0., 1.</c3></rotation></pose><symmetry><x>none</x><y>none</y><z>none</z></symmetry><detectionScore>0.71350527</detectionScore></element><element><id>6</id><category>towel_rack</category><bounds><corner1>-0.37745272, -0.53138179, -0.02703318</corner1><corner2>0.37745272, 0.53138179, 0.02703318</corner2></bounds><pose><translation>-0.33534482,  0.21838294,  1.57101868</translation><rotation><c1>1., 0., 0.</c1><c2>0., 1., 0.</c2><c3>0., 0., 1.</c3></rotation></pose><symmetry><x>none</x><y>none</y><z>twoFold</z></symmetry><detectionScore>0.99926955</detectionScore></element></elements></scene>