<?xml version='1.0' encoding='utf-8'?>
<scene xmlns:sumo="https://www.sumochallenge.org"><version>2.0</version><categories><id>fb_categories_v1_0</id><url>https://sumochallenge.org/en/categories-1_0.json</url></categories><project_type>bounding_box</project_type><elements><element><id>0</id><category>door</category><bounds><corner1>-5.79428182743004, -0.46502382927557895, -1.8036156421081349</corner1><corner2>5.79428182743004, 0.46502382927557895, 1.8036156421081349</corner2></bounds><pose><translation>3.776318652036939, 0.15864661573720942, -0.5448668770730832</translation><rotation><c1>0, 0, 0</c1><c2>0, 0, 0</c2><c3>0, 0, 0</c3></rotation></pose><symmetry><x>twoFold</x><y>cylindrical</y><z>twoFold</z></symmetry><detectionScore>-1.0</detectionScore></element><element><id>1</id><category>chair</category><bounds><corner1>-0.9836771607726127, -0.7919608374312475, -0.8028511078051935</corner1><corner2>0.9836771607726127, 0.7919608374312475, 0.8028511078051935</corner2></bounds><pose><translation>1.613700646120622, 5.062439247386768, -1.2386726008725986</translation><rotation><c1>0, 0, 0</c1><c2>0, 0, 0</c2><c3>0, 0, 0</c3></rotation></pose><symmetry><x>twoFold</x><y>cylindrical</y><z>twoFold</z></symmetry><detectionScore>-1.0</detectionScore></element><element><id>2</id><category>floor</category><bounds><corner1>-2.5272626608189652, -0.11798587660798887, -0.5629172624180805</corner1><corner2>2.5272626608189652, 0.11798587660798887, 0.5629172624180805</corner2></bounds><pose><translation>0.6145246852480797, -3.3818407560291495, -0.9256107417272061</translation><rotation><c1>0, 0, 0</c1><c2>0, 0, 0</c2><c3>0, 0, 0</c3></rotation></pose><symmetry><x>twoFold</x><y>cylindrical</y><z>twoFold</z></symmetry><detectionScore>-1.0</detectionScore></element><element><id>3</id><category>wall</category><bounds><corner1>-1.6437879951090717, -2.870164083576551, -0.848495067734849</corner1><corner2>1.6437879951090717, 2.870164083576551, 0.848495067734849</corner2></bounds><pose><translation>-1.808406315805685, 5.663253886736793, -0.04996908413259442</translation><rotation><c1>0, 0, 0</c1><c2>0, 0, 0</c2><c3>0, 0, 0</c3></rotation></pose><symmetry><x>twoFold</x><y>cylindrical</y><z>twoFold</z></symmetry><detectionScore>-1.0</detectionScore></element><element><id>4</id><category>wall</category><bounds><corner1>-3.102343627955745, -2.7404206810138776, -1.4136834515624381</corner1><corner2>3.102343627955745, 2.7404206810138776, 1.4136834515624381</corner2></bounds><pose><translation>0.21039029334748777, 5.705094699943364, -0.12748861279903204</translation><rotation><c1>0, 0, 0</c1><c2>0, 0, 0</c2><c3>0, 0, 0</c3></rotation></pose><symmetry><x>twoFold</x><y>cylindrical</y><z>twoFold</z></symmetry><detectionScore>-1.0</detectionScore></element><element><id>5</id><category>kitchen_cabinet</category><bounds><corner1>-3.467630890247369, -1.7493463489089018, -1.4318551147798115</corner1><corner2>3.467630890247369, 1.7493463489089018, 1.4318551147798115</corner2></bounds><pose><translation>-4.979530446941656, -2.5683830111273496, -0.38689460102392526</translation><rotation><c1>0, 0, 0</c1><c2>0, 0, 0</c2><c3>0, 0, 0</c3></rotation></pose><symmetry><x>twoFold</x><y>cylindrical</y><z>twoFold</z></symmetry><detectionScore>-1.0</detectionScore></element><element><id>6</id><category>wall</category><bounds><corner1>-2.9661717912810484, -0.0946711198890382, -1.1803212404177317</corner1><corner2>2.9661717912810484, 0.0946711198890382, 1.1803212404177317</corner2></bounds><pose><translation>0.5911619118518555, -3.417744329277671, -0.04360416302451768</translation><rotation><c1>0, 0, 0</c1><c2>0, 0, 0</c2><c3>0, 0, 0</c3></rotation></pose><symmetry><x>twoFold</x><y>cylindrical</y><z>twoFold</z></symmetry><detectionScore>-1.0</detectionScore></element><element><id>7</id><category>door</category><bounds><corner1>-2.2639394753532036, -1.795517254058654, -1.4093966084289262</corner1><corner2>2.2639394753532036, 1.795517254058654, 1.4093966084289262</corner2></bounds><pose><translation>-4.977982034700501, 1.5088508926480402, -0.27160466092799607</translation><rotation><c1>0, 0, 0</c1><c2>0, 0, 0</c2><c3>0, 0, 0</c3></rotation></pose><symmetry><x>twoFold</x><y>cylindrical</y><z>twoFold</z></symmetry><detectionScore>-1.0</detectionScore></element><element><id>8</id><category>wall</category><bounds><corner1>-4.653971191305473, -2.5039717721735704, -1.4687586483539918</corner1><corner2>4.653971191305473, 2.5039717721735704, 1.4687586483539918</corner2></bounds><pose><translation>3.521552217496973, 0.4403084488942326, -0.10817888328116534</translation><rotation><c1>0, 0, 0</c1><c2>0, 0, 0</c2><c3>0, 0, 0</c3></rotation></pose><symmetry><x>twoFold</x><y>cylindrical</y><z>twoFold</z></symmetry><detectionScore>-1.0</detectionScore></element><element><id>9</id><category>chair</category><bounds><corner1>-1.0937961935759521, -1.3916770738057849, -0.4887231050091576</corner1><corner2>1.0937961935759521, 1.3916770738057849, 0.4887231050091576</corner2></bounds><pose><translation>-2.5465941545632766, -2.3864017966531064, -0.903707743907062</translation><rotation><c1>0, 0, 0</c1><c2>0, 0, 0</c2><c3>0, 0, 0</c3></rotation></pose><symmetry><x>twoFold</x><y>cylindrical</y><z>twoFold</z></symmetry><detectionScore>-1.0</detectionScore></element><element><id>10</id><category>chair</category><bounds><corner1>-0.4071089641625265, -3.177533086206335, -0.6324038851820185</corner1><corner2>0.4071089641625265, 3.177533086206335, 0.6324038851820185</corner2></bounds><pose><translation>-1.8100580875734231, 1.0727623254776646, -1.1378736206164684</translation><rotation><c1>0, 0, 0</c1><c2>0, 0, 0</c2><c3>0, 0, 0</c3></rotation></pose><symmetry><x>twoFold</x><y>cylindrical</y><z>twoFold</z></symmetry><detectionScore>-1.0</detectionScore></element><element><id>11</id><category>chair</category><bounds><corner1>-1.45288148916942, -2.8501783631988684, -0.6573017057595809</corner1><corner2>1.45288148916942, 2.8501783631988684, 0.6573017057595809</corner2></bounds><pose><translation>-2.872464608236879, 2.5160559220636984, -1.0988431250646786</translation><rotation><c1>0, 0, 0</c1><c2>0, 0, 0</c2><c3>0, 0, 0</c3></rotation></pose><symmetry><x>twoFold</x><y>cylindrical</y><z>twoFold</z></symmetry><detectionScore>-1.0</detectionScore></element><element><id>12</id><category>kitchen_cabinet</category><bounds><corner1>-2.175756133957769, -1.92000849930043, -1.5164508449818856</corner1><corner2>2.175756133957769, 1.92000849930043, 1.5164508449818856</corner2></bounds><pose><translation>-3.6469809839854612, -2.9164150685180097, -0.3588177585327521</translation><rotation><c1>0, 0, 0</c1><c2>0, 0, 0</c2><c3>0, 0, 0</c3></rotation></pose><symmetry><x>twoFold</x><y>cylindrical</y><z>twoFold</z></symmetry><detectionScore>-1.0</detectionScore></element><element><id>13</id><category>door</category><bounds><corner1>-2.8768704816972823, -1.1531813985641985, -1.311087231592587</corner1><corner2>2.8768704816972823, 1.1531813985641985, 1.311087231592587</corner2></bounds><pose><translation>-5.4985561480390315, 4.229179197671334, -0.02696447274170921</translation><rotation><c1>0, 0, 0</c1><c2>0, 0, 0</c2><c3>0, 0, 0</c3></rotation></pose><symmetry><x>twoFold</x><y>cylindrical</y><z>twoFold</z></symmetry><detectionScore>-1.0</detectionScore></element><element><id>14</id><category>wall</category><bounds><corner1>-3.3284846955499603, -0.08408628229774306, -1.442496433085746</corner1><corner2>3.3284846955499603, 0.08408628229774306, 1.442496433085746</corner2></bounds><pose><translation>-0.2637555078021208, -3.4007912257700017, -0.14359310603928677</translation><rotation><c1>0, 0, 0</c1><c2>0, 0, 0</c2><c3>0, 0, 0</c3></rotation></pose><symmetry><x>twoFold</x><y>cylindrical</y><z>twoFold</z></symmetry><detectionScore>-1.0</detectionScore></element><element><id>15</id><category>column</category><bounds><corner1>-0.5344747770756682, -0.17095809960530772, -1.4832086914000908</corner1><corner2>0.5344747770756682, 0.17095809960530772, 1.4832086914000908</corner2></bounds><pose><translation>2.9767092290667136, -2.287631508424766, -0.1311036970758835</translation><rotation><c1>0, 0, 0</c1><c2>0, 0, 0</c2><c3>0, 0, 0</c3></rotation></pose><symmetry><x>twoFold</x><y>cylindrical</y><z>twoFold</z></symmetry><detectionScore>-1.0</detectionScore></element><element><id>16</id><category>chair</category><bounds><corner1>-0.40209494428525083, -0.4726649241433688, -0.5617104156677681</corner1><corner2>0.40209494428525083, 0.4726649241433688, 0.5617104156677681</corner2></bounds><pose><translation>-1.841804656608313, -1.1594531619499109, -1.0614652761864216</translation><rotation><c1>0, 0, 0</c1><c2>0, 0, 0</c2><c3>0, 0, 0</c3></rotation></pose><symmetry><x>twoFold</x><y>cylindrical</y><z>twoFold</z></symmetry><detectionScore>-1.0</detectionScore></element><element><id>17</id><category>kitchen_cabinet</category><bounds><corner1>-2.59432577792436, -0.7721001633054826, -1.4718553688720377</corner1><corner2>2.59432577792436, 0.7721001633054826, 1.4718553688720377</corner2></bounds><pose><translation>-5.227954230627248, -0.3965931631900025, -0.32912015415876755</translation><rotation><c1>0, 0, 0</c1><c2>0, 0, 0</c2><c3>0, 0, 0</c3></rotation></pose><symmetry><x>twoFold</x><y>cylindrical</y><z>twoFold</z></symmetry><detectionScore>-1.0</detectionScore></element><element><id>18</id><category>wall</category><bounds><corner1>-2.683975637388351, -1.7029613463191464, -1.3360650792224034</corner1><corner2>2.683975637388351, 1.7029613463191464, 1.3360650792224034</corner2></bounds><pose><translation>-5.44425297631409, 3.41994869394107, -0.04874992136591479</translation><rotation><c1>0, 0, 0</c1><c2>0, 0, 0</c2><c3>0, 0, 0</c3></rotation></pose><symmetry><x>twoFold</x><y>cylindrical</y><z>twoFold</z></symmetry><detectionScore>-1.0</detectionScore></element><element><id>19</id><category>door</category><bounds><corner1>-0.7380449641840039, -0.23896209222324316, -1.297876106439369</corner1><corner2>0.7380449641840039, 0.23896209222324316, 1.297876106439369</corner2></bounds><pose><translation>-2.0186386743338898, -3.418142001071171, -0.48128827255939216</translation><rotation><c1>0, 0, 0</c1><c2>0, 0, 0</c2><c3>0, 0, 0</c3></rotation></pose><symmetry><x>twoFold</x><y>cylindrical</y><z>twoFold</z></symmetry><detectionScore>-1.0</detectionScore></element><element><id>20</id><category>wall</category><bounds><corner1>-2.109592270612615, -3.8830830090094404, -1.377531131052338</corner1><corner2>2.109592270612615, 3.8830830090094404, 1.377531131052338</corner2></bounds><pose><translation>-5.14614970412863, 0.5191397528827587, -0.08549810159350832</translation><rotation><c1>0, 0, 0</c1><c2>0, 0, 0</c2><c3>0, 0, 0</c3></rotation></pose><symmetry><x>twoFold</x><y>cylindrical</y><z>twoFold</z></symmetry><detectionScore>-1.0</detectionScore></element><element><id>21</id><category>wall</category><bounds><corner1>-5.799361829127718, -1.4959620356974304, -1.0990713980103923</corner1><corner2>5.799361829127718, 1.4959620356974304, 1.0990713980103923</corner2></bounds><pose><translation>3.5541782807893325, -0.8032176717625719, -0.0874343147184504</translation><rotation><c1>0, 0, 0</c1><c2>0, 0, 0</c2><c3>0, 0, 0</c3></rotation></pose><symmetry><x>twoFold</x><y>cylindrical</y><z>twoFold</z></symmetry><detectionScore>-1.0</detectionScore></element><element><id>22</id><category>door</category><bounds><corner1>-2.086209837187713, -0.23638723044323529, -1.8079940106354249</corner1><corner2>2.086209837187713, 0.23638723044323529, 1.8079940106354249</corner2></bounds><pose><translation>1.4873746454678791, -3.5302691372048103, -0.6085148292931034</translation><rotation><c1>0, 0, 0</c1><c2>0, 0, 0</c2><c3>0, 0, 0</c3></rotation></pose><symmetry><x>twoFold</x><y>cylindrical</y><z>twoFold</z></symmetry><detectionScore>-1.0</detectionScore></element><element><id>23</id><category>kitchen_cabinet</category><bounds><corner1>-2.39546890359565, -1.8429839507501549, -1.418110914130454</corner1><corner2>2.39546890359565, 1.8429839507501549, 1.418110914130454</corner2></bounds><pose><translation>-4.965216394018666, 1.543425223016805, -0.34665373126068816</translation><rotation><c1>0, 0, 0</c1><c2>0, 0, 0</c2><c3>0, 0, 0</c3></rotation></pose><symmetry><x>twoFold</x><y>cylindrical</y><z>twoFold</z></symmetry><detectionScore>-1.0</detectionScore></element><element><id>24</id><category>floor</category><bounds><corner1>-1.6097148453850239, -2.889275193723705, -0.4093021279727143</corner1><corner2>1.6097148453850239, 2.889275193723705, 0.4093021279727143</corner2></bounds><pose><translation>-2.2449015124907827, 5.620376154696235, -0.8833375494216239</translation><rotation><c1>0, 0, 0</c1><c2>0, 0, 0</c2><c3>0, 0, 0</c3></rotation></pose><symmetry><x>twoFold</x><y>cylindrical</y><z>twoFold</z></symmetry><detectionScore>-1.0</detectionScore></element><element><id>25</id><category>floor</category><bounds><corner1>-1.2247462772600954, -2.7585768078854187, -0.45998766242094</corner1><corner2>1.2247462772600954, 2.7585768078854187, 0.45998766242094</corner2></bounds><pose><translation>-0.6902502752146971, 5.689963249015602, -1.2141885019744154</translation><rotation><c1>0, 0, 0</c1><c2>0, 0, 0</c2><c3>0, 0, 0</c3></rotation></pose><symmetry><x>twoFold</x><y>cylindrical</y><z>twoFold</z></symmetry><detectionScore>-1.0</detectionScore></element><element><id>26</id><category>shelving</category><bounds><corner1>-0.9770535442060648, -0.12359169094306388, -0.5399286006748251</corner1><corner2>0.9770535442060648, 0.12359169094306388, 0.5399286006748251</corner2></bounds><pose><translation>1.5658053691457967, 5.733439999306812, -0.9809161002415704</translation><rotation><c1>0, 0, 0</c1><c2>0, 0, 0</c2><c3>0, 0, 0</c3></rotation></pose><symmetry><x>twoFold</x><y>cylindrical</y><z>twoFold</z></symmetry><detectionScore>-1.0</detectionScore></element><element><id>27</id><category>partition</category><bounds><corner1>-2.255845615976841, -3.2194143112953038, -1.4717225412913533</corner1><corner2>2.255845615976841, 3.2194143112953038, 1.4717225412913533</corner2></bounds><pose><translation>-5.022646740074383, 0.9008661935959406, -0.1909171757868124</translation><rotation><c1>0, 0, 0</c1><c2>0, 0, 0</c2><c3>0, 0, 0</c3></rotation></pose><symmetry><x>twoFold</x><y>cylindrical</y><z>twoFold</z></symmetry><detectionScore>-1.0</detectionScore></element><element><id>28</id><category>shelving</category><bounds><corner1>-0.8887395854655086, -0.18622920346677407, -1.3330060892861149</corner1><corner2>0.8887395854655086, 0.18622920346677407, 1.3330060892861149</corner2></bounds><pose><translation>0.6696840816355841, 5.654556227177178, -0.47680533593892</translation><rotation><c1>0, 0, 0</c1><c2>0, 0, 0</c2><c3>0, 0, 0</c3></rotation></pose><symmetry><x>twoFold</x><y>cylindrical</y><z>twoFold</z></symmetry><detectionScore>-1.0</detectionScore></element></elements></scene>