<?xml version='1.0' encoding='utf-8'?>
<scene xmlns:sumo="https://www.sumochallenge.org"><version>2.0</version><categories><id>fb_categories_v1.0</id><url>https://sumochallenge.org/en/categories-1_0.json</url></categories><project_type>bounding_box</project_type><elements><element><id>12</id><category>wall</category><bounds><corner1>-3.06580586, -1.44669867, -2.06656054</corner1><corner2>3.06580586, 1.44669867, 2.06656054</corner2></bounds><pose><translation>-6.24609001, -0.34883413, -0.87991573</translation><rotation><c1>1., 0., 0.</c1><c2>0., 1., 0.</c2><c3>0., 0., 1.</c3></rotation></pose><symmetry><x>none</x><y>none</y><z>none</z></symmetry><detectionScore>-1</detectionScore></element><element><id>11</id><category>window</category><bounds><corner1>-1.90640396, -1.45292694, -1.27841524</corner1><corner2>1.90640396, 1.45292694, 1.27841524</corner2></bounds><pose><translation>-3.2569651 , -0.31814894,  3.97830203</translation><rotation><c1>1., 0., 0.</c1><c2>0., 1., 0.</c2><c3>0., 0., 1.</c3></rotation></pose><symmetry><x>none</x><y>none</y><z>none</z></symmetry><detectionScore>-1</detectionScore></element><element><id>6</id><category>wall</category><bounds><corner1>-2.4317275 , -1.14475797, -0.15575627</corner1><corner2>2.4317275 , 1.14475797, 0.15575627</corner2></bounds><pose><translation> 2.66679773e+00, -6.08369976e-03,  6.70064376e+00</translation><rotation><c1>1., 0., 0.</c1><c2>0., 1., 0.</c2><c3>0., 0., 1.</c3></rotation></pose><symmetry><x>none</x><y>none</y><z>none</z></symmetry><detectionScore>-1</detectionScore></element><element><id>7</id><category>wall</category><bounds><corner1>-1.0623011 , -1.36459743, -0.11557084</corner1><corner2>1.0623011 , 1.36459743, 0.11557084</corner2></bounds><pose><translation>-1.37161677, -0.27393609,  5.26928496</translation><rotation><c1>1., 0., 0.</c1><c2>0., 1., 0.</c2><c3>0., 0., 1.</c3></rotation></pose><symmetry><x>none</x><y>none</y><z>none</z></symmetry><detectionScore>-1</detectionScore></element><element><id>9</id><category>door</category><bounds><corner1>-0.89466623, -0.95148247, -0.1640124 </corner1><corner2>0.89466623, 0.95148247, 0.1640124 </corner2></bounds><pose><translation>-0.33331071, -0.33597809, -1.64999824</translation><rotation><c1>1., 0., 0.</c1><c2>0., 1., 0.</c2><c3>0., 0., 1.</c3></rotation></pose><symmetry><x>none</x><y>none</y><z>none</z></symmetry><detectionScore>-1</detectionScore></element><element><id>3</id><category>chair</category><bounds><corner1>-0.46404418, -0.64624731, -2.88871752</corner1><corner2>0.46404418, 0.64624731, 2.88871752</corner2></bounds><pose><translation>-0.32351272, -1.40519158,  2.41096297</translation><rotation><c1>1., 0., 0.</c1><c2>0., 1., 0.</c2><c3>0., 0., 1.</c3></rotation></pose><symmetry><x>none</x><y>none</y><z>none</z></symmetry><detectionScore>-1</detectionScore></element><element><id>4</id><category>wall</category><bounds><corner1>-0.80189153, -1.3584763 , -0.0269462 </corner1><corner2>0.80189153, 1.3584763 , 0.0269462 </corner2></bounds><pose><translation>-3.73571719, -0.16696444,  1.32753533</translation><rotation><c1>1., 0., 0.</c1><c2>0., 1., 0.</c2><c3>0., 0., 1.</c3></rotation></pose><symmetry><x>none</x><y>none</y><z>none</z></symmetry><detectionScore>-1</detectionScore></element><element><id>14</id><category>chandelier</category><bounds><corner1>-0.82936148, -0.02602837, -2.0232408 </corner1><corner2>0.82936148, 0.02602837, 2.0232408 </corner2></bounds><pose><translation>-1.86926475,  1.18053736,  3.30006393</translation><rotation><c1>1., 0., 0.</c1><c2>0., 1., 0.</c2><c3>0., 0., 1.</c3></rotation></pose><symmetry><x>none</x><y>none</y><z>none</z></symmetry><detectionScore>-1</detectionScore></element><element><id>8</id><category>clock</category><bounds><corner1>-0.1958324 , -0.25481181, -0.03439154</corner1><corner2>0.1958324 , 0.25481181, 0.03439154</corner2></bounds><pose><translation>-2.08488113,  0.50015396, -1.5341038 </translation><rotation><c1>1., 0., 0.</c1><c2>0., 1., 0.</c2><c3>0., 0., 1.</c3></rotation></pose><symmetry><x>none</x><y>none</y><z>none</z></symmetry><detectionScore>-1</detectionScore></element><element><id>1</id><category>person</category><bounds><corner1>-0.75324973, -0.6355235 , -2.91617788</corner1><corner2>0.75324973, 0.6355235 , 2.91617788</corner2></bounds><pose><translation>-1.55548786, -0.76674886,  2.38684163</translation><rotation><c1>1., 0., 0.</c1><c2>0., 1., 0.</c2><c3>0., 0., 1.</c3></rotation></pose><symmetry><x>none</x><y>none</y><z>none</z></symmetry><detectionScore>-1</detectionScore></element><element><id>10</id><category>tv_stand</category><bounds><corner1>-0.39515672, -1.01764799, -2.18320064</corner1><corner2>0.39515672, 1.01764799, 2.18320064</corner2></bounds><pose><translation> 5.34904736, -0.40199265,  1.7100393 </translation><rotation><c1>1., 0., 0.</c1><c2>0., 1., 0.</c2><c3>0., 0., 1.</c3></rotation></pose><symmetry><x>none</x><y>none</y><z>none</z></symmetry><detectionScore>-1</detectionScore></element></elements></scene>