<?xml version='1.0' encoding='utf-8'?>
<scene xmlns:sumo="https://www.sumochallenge.org"><version>2.0</version><categories><id>fb_categories_v1.0</id><url>https://sumochallenge.org/en/categories-1_0.json</url></categories><project_type>bounding_box</project_type><elements><element><id>6</id><category>wall</category><bounds><corner1>-0.94941801, -1.00827341, -1.45121049</corner1><corner2>0.94941801, 1.00827341, 1.45121049</corner2></bounds><pose><translation>-0.66646529, -0.0428519 , -3.31413529</translation><rotation><c1>1., 0., 0.</c1><c2>0., 1., 0.</c2><c3>0., 0., 1.</c3></rotation></pose><symmetry><x>none</x><y>none</y><z>none</z></symmetry><detectionScore>-1</detectionScore></element><element><id>7</id><category>armchair</category><bounds><corner1>-0.06796831, -0.19841369, -0.33964381</corner1><corner2>0.06796831, 0.19841369, 0.33964381</corner2></bounds><pose><translation>-0.99699751, -0.67887477, -0.5959126 </translation><rotation><c1>1., 0., 0.</c1><c2>0., 1., 0.</c2><c3>0., 0., 1.</c3></rotation></pose><symmetry><x>none</x><y>none</y><z>none</z></symmetry><detectionScore>-1</detectionScore></element><element><id>5</id><category>chair</category><bounds><corner1>-0.48009426, -0.69812472, -0.78958436</corner1><corner2>0.48009426, 0.69812472, 0.78958436</corner2></bounds><pose><translation>-2.3201334 , -1.41592276,  0.22816578</translation><rotation><c1>1., 0., 0.</c1><c2>0., 1., 0.</c2><c3>0., 0., 1.</c3></rotation></pose><symmetry><x>none</x><y>none</y><z>none</z></symmetry><detectionScore>-1</detectionScore></element><element><id>3</id><category>wall</category><bounds><corner1>-2.08890952, -1.29878514, -2.8697099 </corner1><corner2>2.08890952, 1.29878514, 2.8697099 </corner2></bounds><pose><translation>-4.44877807, -0.18302293,  0.15584995</translation><rotation><c1>1., 0., 0.</c1><c2>0., 1., 0.</c2><c3>0., 0., 1.</c3></rotation></pose><symmetry><x>none</x><y>none</y><z>none</z></symmetry><detectionScore>-1</detectionScore></element><element><id>2</id><category>door</category><bounds><corner1>-0.1708252 , -0.82614552, -0.31502948</corner1><corner2>0.1708252 , 0.82614552, 0.31502948</corner2></bounds><pose><translation> 0.48459478, -0.11766207, -1.0540167 </translation><rotation><c1>1., 0., 0.</c1><c2>0., 1., 0.</c2><c3>0., 0., 1.</c3></rotation></pose><symmetry><x>none</x><y>none</y><z>none</z></symmetry><detectionScore>-1</detectionScore></element><element><id>1</id><category>door</category><bounds><corner1>-0.78050926, -1.29439025, -5.64617501</corner1><corner2>0.78050926, 1.29439025, 5.64617501</corner2></bounds><pose><translation>-0.41629706, -0.37138168,  4.72962306</translation><rotation><c1>1., 0., 0.</c1><c2>0., 1., 0.</c2><c3>0., 0., 1.</c3></rotation></pose><symmetry><x>none</x><y>none</y><z>none</z></symmetry><detectionScore>-1</detectionScore></element><element><id>8</id><category>window</category><bounds><corner1>-0.41023716, -0.77137182, -0.67360557</corner1><corner2>0.41023716, 0.77137182, 0.67360557</corner2></bounds><pose><translation>-4.44525119,  0.19374384,  0.16313871</translation><rotation><c1>1., 0., 0.</c1><c2>0., 1., 0.</c2><c3>0., 0., 1.</c3></rotation></pose><symmetry><x>none</x><y>none</y><z>none</z></symmetry><detectionScore>-1</detectionScore></element></elements></scene>