<?xml version='1.0' encoding='utf-8'?>
<scene xmlns:sumo="https://www.sumochallenge.org"><version>2.0</version><categories><id>fb_categories_v1.0</id><url>https://sumochallenge.org/en/categories-1_0.json</url></categories><project_type>bounding_box</project_type><elements><element><id>5</id><category>kitchen_cabinet</category><bounds><corner1>-0.77190862, -0.41332503, -0.06852684</corner1><corner2>0.77190862, 0.41332503, 0.06852684</corner2></bounds><pose><translation>-2.6349434 , -0.76197557, -1.38110399</translation><rotation><c1>1., 0., 0.</c1><c2>0., 1., 0.</c2><c3>0., 0., 1.</c3></rotation></pose><symmetry><x>none</x><y>none</y><z>none</z></symmetry><detectionScore>0.57254076</detectionScore></element><element><id>10</id><category>wall</category><bounds><corner1>-0.76392237, -1.09488672, -0.44338738</corner1><corner2>0.76392237, 1.09488672, 0.44338738</corner2></bounds><pose><translation>-4.12686184,  0.06837548, -1.36335375</translation><rotation><c1>1., 0., 0.</c1><c2>0., 1., 0.</c2><c3>0., 0., 1.</c3></rotation></pose><symmetry><x>none</x><y>twoFold</y><z>none</z></symmetry><detectionScore>0.738345</detectionScore></element><element><id>11</id><category>dining_table</category><bounds><corner1>-0.47894255, -0.18015285, -0.75743186</corner1><corner2>0.47894255, 0.18015285, 0.75743186</corner2></bounds><pose><translation>-1.59993042, -0.74974449,  0.58117624</translation><rotation><c1>1., 0., 0.</c1><c2>0., 1., 0.</c2><c3>0., 0., 1.</c3></rotation></pose><symmetry><x>none</x><y>twoFold</y><z>none</z></symmetry><detectionScore>0.6046107</detectionScore></element><element><id>4</id><category>hanging_kitchen_cabinet</category><bounds><corner1>-0.52742523, -0.50440322, -0.04698266</corner1><corner2>0.52742523, 0.50440322, 0.04698266</corner2></bounds><pose><translation>-0.83705738,  0.51411537, -1.62902215</translation><rotation><c1>1., 0., 0.</c1><c2>0., 1., 0.</c2><c3>0., 0., 1.</c3></rotation></pose><symmetry><x>none</x><y>none</y><z>twoFold</z></symmetry><detectionScore>0.866436</detectionScore></element><element><id>6</id><category>chandelier</category><bounds><corner1>-0.29001825, -0.03104385, -0.6334259 </corner1><corner2>0.29001825, 0.03104385, 0.6334259 </corner2></bounds><pose><translation>-2.01296372,  1.24639399,  0.52607026</translation><rotation><c1>1., 0., 0.</c1><c2>0., 1., 0.</c2><c3>0., 0., 1.</c3></rotation></pose><symmetry><x>none</x><y>cylindrical</y><z>none</z></symmetry><detectionScore>0.8189685</detectionScore></element><element><id>3</id><category>wall</category><bounds><corner1>-3.34377054, -1.27489658, -0.68952796</corner1><corner2>3.34377054, 1.27489658, 0.68952796</corner2></bounds><pose><translation>-6.07364809, -0.1680667 ,  0.09065996</translation><rotation><c1>1., 0., 0.</c1><c2>0., 1., 0.</c2><c3>0., 0., 1.</c3></rotation></pose><symmetry><x>none</x><y>twoFold</y><z>none</z></symmetry><detectionScore>0.77674013</detectionScore></element><element><id>12</id><category>kitchen_cabinet</category><bounds><corner1>-1.02201939, -1.08405281, -0.20742692</corner1><corner2>1.02201939, 1.08405281, 0.20742692</corner2></bounds><pose><translation>-3.41898795, -0.20955407, -1.54174954</translation><rotation><c1>1., 0., 0.</c1><c2>0., 1., 0.</c2><c3>0., 0., 1.</c3></rotation></pose><symmetry><x>none</x><y>none</y><z>none</z></symmetry><detectionScore>0.677225</detectionScore></element><element><id>2</id><category>picture_frame</category><bounds><corner1>-0.28405739, -0.59566636, -0.04051104</corner1><corner2>0.28405739, 0.59566636, 0.04051104</corner2></bounds><pose><translation>-1.72805463,  0.08177483,  1.2955339 </translation><rotation><c1>1., 0., 0.</c1><c2>0., 1., 0.</c2><c3>0., 0., 1.</c3></rotation></pose><symmetry><x>none</x><y>fourFold</y><z>none</z></symmetry><detectionScore>0.9233139</detectionScore></element><element><id>1</id><category>wall</category><bounds><corner1>-1.37011125, -1.20841575, -0.54595594</corner1><corner2>1.37011125, 1.20841575, 0.54595594</corner2></bounds><pose><translation>-3.08708445, -0.09772624,  0.78366523</translation><rotation><c1>1., 0., 0.</c1><c2>0., 1., 0.</c2><c3>0., 0., 1.</c3></rotation></pose><symmetry><x>none</x><y>twoFold</y><z>none</z></symmetry><detectionScore>0.55215406</detectionScore></element><element><id>9</id><category>kitchen_cabinet</category><bounds><corner1>-0.42714883, -0.18239896, -0.02807906</corner1><corner2>0.42714883, 0.18239896, 0.02807906</corner2></bounds><pose><translation>-0.3555679 , -0.64867208, -1.38103703</translation><rotation><c1>1., 0., 0.</c1><c2>0., 1., 0.</c2><c3>0., 0., 1.</c3></rotation></pose><symmetry><x>none</x><y>none</y><z>none</z></symmetry><detectionScore>0.90147656</detectionScore></element><element><id>8</id><category>chair</category><bounds><corner1>-0.33000068, -0.39025559, -0.30047776</corner1><corner2>0.33000068, 0.39025559, 0.30047776</corner2></bounds><pose><translation>-1.45698919, -1.00372831, -0.05748611</translation><rotation><c1>1., 0., 0.</c1><c2>0., 1., 0.</c2><c3>0., 0., 1.</c3></rotation></pose><symmetry><x>none</x><y>none</y><z>none</z></symmetry><detectionScore>0.8849561</detectionScore></element><element><id>7</id><category>chair</category><bounds><corner1>-0.36504317, -0.15852036, -0.48160143</corner1><corner2>0.36504317, 0.15852036, 0.48160143</corner2></bounds><pose><translation>-1.37505242, -0.80927364,  0.85693548</translation><rotation><c1>1., 0., 0.</c1><c2>0., 1., 0.</c2><c3>0., 0., 1.</c3></rotation></pose><symmetry><x>none</x><y>none</y><z>none</z></symmetry><detectionScore>0.5113061</detectionScore></element></elements></scene>