<?xml version='1.0' encoding='utf-8'?>
<scene xmlns:sumo="https://www.sumochallenge.org"><version>2.0</version><categories><id>fb_categories_v1.0</id><url>https://sumochallenge.org/en/categories-1_0.json</url></categories><project_type>bounding_box</project_type><elements><element><id>15</id><category>window</category><bounds><corner1>-0.01902255, -0.65802848, -0.67939391</corner1><corner2>0.01902255, 0.65802848, 0.67939391</corner2></bounds><pose><translation> 0.9159948 ,  0.06997334, -0.14107279</translation><rotation><c1>1., 0., 0.</c1><c2>0., 1., 0.</c2><c3>0., 0., 1.</c3></rotation></pose><symmetry><x>none</x><y>none</y><z>none</z></symmetry><detectionScore>-1</detectionScore></element><element><id>7</id><category>kitchen_cabinet</category><bounds><corner1>-0.71144763, -0.46869866, -0.35119362</corner1><corner2>0.71144763, 0.46869866, 0.35119362</corner2></bounds><pose><translation>-2.17931645, -1.03673359, -3.99922478</translation><rotation><c1>1., 0., 0.</c1><c2>0., 1., 0.</c2><c3>0., 0., 1.</c3></rotation></pose><symmetry><x>none</x><y>none</y><z>none</z></symmetry><detectionScore>-1</detectionScore></element><element><id>9</id><category>ottoman</category><bounds><corner1>-0.37160305, -0.17730586, -1.13005988</corner1><corner2>0.37160305, 0.17730586, 1.13005988</corner2></bounds><pose><translation> 0.48957056, -0.94314867,  2.47688988</translation><rotation><c1>1., 0., 0.</c1><c2>0., 1., 0.</c2><c3>0., 0., 1.</c3></rotation></pose><symmetry><x>none</x><y>none</y><z>none</z></symmetry><detectionScore>-1</detectionScore></element><element><id>5</id><category>kitchen_cabinet</category><bounds><corner1>-0.46944877, -0.55597848, -1.97756787</corner1><corner2>0.46944877, 0.55597848, 1.97756787</corner2></bounds><pose><translation>-0.17302372, -1.04268218, -4.27861017</translation><rotation><c1>1., 0., 0.</c1><c2>0., 1., 0.</c2><c3>0., 0., 1.</c3></rotation></pose><symmetry><x>none</x><y>none</y><z>none</z></symmetry><detectionScore>-1</detectionScore></element><element><id>4</id><category>wall</category><bounds><corner1>-1.05026522, -1.17468382, -2.4057527 </corner1><corner2>1.05026522, 1.17468382, 2.4057527 </corner2></bounds><pose><translation>-6.4730318 , -0.06996927,  2.56754274</translation><rotation><c1>1., 0., 0.</c1><c2>0., 1., 0.</c2><c3>0., 0., 1.</c3></rotation></pose><symmetry><x>none</x><y>none</y><z>none</z></symmetry><detectionScore>-1</detectionScore></element><element><id>11</id><category>wall</category><bounds><corner1>-2.17983057, -1.19203534, -0.09414518</corner1><corner2>2.17983057, 1.19203534, 0.09414518</corner2></bounds><pose><translation>-1.52689081, -0.09826676,  5.32299921</translation><rotation><c1>1., 0., 0.</c1><c2>0., 1., 0.</c2><c3>0., 0., 1.</c3></rotation></pose><symmetry><x>none</x><y>none</y><z>none</z></symmetry><detectionScore>-1</detectionScore></element><element><id>10</id><category>chair</category><bounds><corner1>-0.27296287, -0.75861236, -0.41284734</corner1><corner2>0.27296287, 0.75861236, 0.41284734</corner2></bounds><pose><translation>-1.87897044, -1.43287888, -0.14036043</translation><rotation><c1>1., 0., 0.</c1><c2>0., 1., 0.</c2><c3>0., 0., 1.</c3></rotation></pose><symmetry><x>none</x><y>none</y><z>none</z></symmetry><detectionScore>-1</detectionScore></element><element><id>6</id><category>picture_frame</category><bounds><corner1>-0.10713314, -0.42846973, -0.24923436</corner1><corner2>0.10713314, 0.42846973, 0.24923436</corner2></bounds><pose><translation>-6.32703287,  0.06799407,  3.63754042</translation><rotation><c1>1., 0., 0.</c1><c2>0., 1., 0.</c2><c3>0., 0., 1.</c3></rotation></pose><symmetry><x>none</x><y>none</y><z>none</z></symmetry><detectionScore>-1</detectionScore></element><element><id>13</id><category>wall</category><bounds><corner1>-5.58922349, -1.31336267, -2.02856081</corner1><corner2>5.58922349, 1.31336267, 2.02856081</corner2></bounds><pose><translation>-11.40181104,  -0.14961938,  -2.1370626 </translation><rotation><c1>1., 0., 0.</c1><c2>0., 1., 0.</c2><c3>0., 0., 1.</c3></rotation></pose><symmetry><x>none</x><y>none</y><z>none</z></symmetry><detectionScore>-1</detectionScore></element><element><id>3</id><category>chandelier</category><bounds><corner1>-0.41194886, -0.02436863, -0.53318615</corner1><corner2>0.41194886, 0.02436863, 0.53318615</corner2></bounds><pose><translation>-1.94195073,  1.18297915, -1.05025053</translation><rotation><c1>1., 0., 0.</c1><c2>0., 1., 0.</c2><c3>0., 0., 1.</c3></rotation></pose><symmetry><x>none</x><y>none</y><z>none</z></symmetry><detectionScore>-1</detectionScore></element><element><id>2</id><category>wall</category><bounds><corner1>-1.65601491, -1.23559239, -1.48452312</corner1><corner2>1.65601491, 1.23559239, 1.48452312</corner2></bounds><pose><translation>-3.28601549, -0.05350134, -2.34882817</translation><rotation><c1>1., 0., 0.</c1><c2>0., 1., 0.</c2><c3>0., 0., 1.</c3></rotation></pose><symmetry><x>none</x><y>none</y><z>none</z></symmetry><detectionScore>-1</detectionScore></element><element><id>12</id><category>sofa</category><bounds><corner1>-0.95879525, -0.48199174, -1.26307485</corner1><corner2>0.95879525, 0.48199174, 1.26307485</corner2></bounds><pose><translation>-5.38669511, -1.11609012,  1.3430595 </translation><rotation><c1>1., 0., 0.</c1><c2>0., 1., 0.</c2><c3>0., 0., 1.</c3></rotation></pose><symmetry><x>none</x><y>none</y><z>none</z></symmetry><detectionScore>-1</detectionScore></element><element><id>8</id><category>refrigerator</category><bounds><corner1>-0.29925784, -0.95214557, -0.04005281</corner1><corner2>0.29925784, 0.95214557, 0.04005281</corner2></bounds><pose><translation> 0.47745427, -0.47618449, -2.3099331 </translation><rotation><c1>1., 0., 0.</c1><c2>0., 1., 0.</c2><c3>0., 0., 1.</c3></rotation></pose><symmetry><x>none</x><y>none</y><z>none</z></symmetry><detectionScore>-1</detectionScore></element><element><id>1</id><category>window</category><bounds><corner1>-0.67032823, -0.70402032, -0.03918823</corner1><corner2>0.67032823, 0.70402032, 0.03918823</corner2></bounds><pose><translation>-4.54162628,  0.02318301, -2.3254099 </translation><rotation><c1>1., 0., 0.</c1><c2>0., 1., 0.</c2><c3>0., 0., 1.</c3></rotation></pose><symmetry><x>none</x><y>none</y><z>none</z></symmetry><detectionScore>-1</detectionScore></element><element><id>14</id><category>wall</category><bounds><corner1>-1.31548018, -1.25841108, -2.12509782</corner1><corner2>1.31548018, 1.25841108, 2.12509782</corner2></bounds><pose><translation>-0.9289688 , -0.17748805, -4.43017642</translation><rotation><c1>1., 0., 0.</c1><c2>0., 1., 0.</c2><c3>0., 0., 1.</c3></rotation></pose><symmetry><x>none</x><y>none</y><z>none</z></symmetry><detectionScore>-1</detectionScore></element></elements></scene>