<?xml version='1.0' encoding='utf-8'?>
<scene xmlns:sumo="https://www.sumochallenge.org"><version>2.0</version><categories><id>fb_categories_v1.0</id><url>https://sumochallenge.org/en/categories-1_0.json</url></categories><project_type>bounding_box</project_type><elements><element><id>2</id><category>picture_frame</category><bounds><corner1>-0.03301108, -0.48818855, -0.08583051</corner1><corner2>0.03301108, 0.48818855, 0.08583051</corner2></bounds><pose><translation>-0.73999779,  0.15712644, -0.35578327</translation><rotation><c1>1., 0., 0.</c1><c2>0., 1., 0.</c2><c3>0., 0., 1.</c3></rotation></pose><symmetry><x>none</x><y>fourFold</y><z>none</z></symmetry><detectionScore>0.98890835</detectionScore></element><element><id>4</id><category>chandelier</category><bounds><corner1>-0.49366313, -0.25869197, -1.85764653</corner1><corner2>0.49366313, 0.25869197, 1.85764653</corner2></bounds><pose><translation>0.        , 0.91224107, 2.80604449</translation><rotation><c1>1., 0., 0.</c1><c2>0., 1., 0.</c2><c3>0., 0., 1.</c3></rotation></pose><symmetry><x>none</x><y>cylindrical</y><z>none</z></symmetry><detectionScore>0.8788818</detectionScore></element><element><id>1</id><category>chair</category><bounds><corner1>-0.47816942, -0.67563983, -6.40619379</corner1><corner2>0.47816942, 0.67563983, 6.40619379</corner2></bounds><pose><translation>-0.32203836, -1.01265915,  1.50400116</translation><rotation><c1>1., 0., 0.</c1><c2>0., 1., 0.</c2><c3>0., 0., 1.</c3></rotation></pose><symmetry><x>none</x><y>none</y><z>none</z></symmetry><detectionScore>0.57649595</detectionScore></element><element><id>5</id><category>wall</category><bounds><corner1>-0.86699378, -0.66674866, -0.03199947</corner1><corner2>0.86699378, 0.66674866, 0.03199947</corner2></bounds><pose><translation>-0.06651314, -0.00856931, -0.32300067</translation><rotation><c1>1., 0., 0.</c1><c2>0., 1., 0.</c2><c3>0., 0., 1.</c3></rotation></pose><symmetry><x>none</x><y>twoFold</y><z>none</z></symmetry><detectionScore>0.58365023</detectionScore></element><element><id>3</id><category>plant</category><bounds><corner1> -2.52181768,  -2.06456154, -10.34614309</corner1><corner2> 2.52181768,  2.06456154, 10.34614309</corner2></bounds><pose><translation>-2.52181768,  0.33939415,  4.58569782</translation><rotation><c1>1., 0., 0.</c1><c2>0., 1., 0.</c2><c3>0., 0., 1.</c3></rotation></pose><symmetry><x>none</x><y>cylindrical</y><z>none</z></symmetry><detectionScore>0.554726</detectionScore></element></elements></scene>