<?xml version='1.0' encoding='utf-8'?>
<scene xmlns:sumo="https://www.sumochallenge.org"><version>2.0</version><categories><id>fb_categories_v1_0</id><url>https://sumochallenge.org/en/categories-1_0.json</url></categories><project_type>bounding_box</project_type><elements><element><id>0</id><category>toilet</category><bounds><corner1>-0.37579695769492505, -0.2302619563525592, -0.20201830896508688</corner1><corner2>0.37579695769492505, 0.2302619563525592, 0.20201830896508688</corner2></bounds><pose><translation>-0.10759135213223983, -1.3137332785590141, 1.840307361334023</translation><rotation><c1>1, 0, 0</c1><c2>0, 1, 0</c2><c3>0, 0, 1</c3></rotation></pose><symmetry><x>twoFold</x><y>cylindrical</y><z>twoFold</z></symmetry><detectionScore>-1.0</detectionScore></element><element><id>1</id><category>mirror</category><bounds><corner1>-0.07697215738810037, -0.47837202666229184, -0.5881309010472464</corner1><corner2>0.07697215738810037, 0.47837202666229184, 0.5881309010472464</corner2></bounds><pose><translation>2.1114003627272875, 0.11304194510542268, -0.10122436192629754</translation><rotation><c1>1, 0, 0</c1><c2>0, 1, 0</c2><c3>0, 0, 1</c3></rotation></pose><symmetry><x>twoFold</x><y>cylindrical</y><z>twoFold</z></symmetry><detectionScore>-1.0</detectionScore></element><element><id>2</id><category>wall</category><bounds><corner1>-0.13915931296459605, -0.34678845735020714, -0.7966390934985829</corner1><corner2>0.13915931296459605, 0.34678845735020714, 0.7966390934985829</corner2></bounds><pose><translation>-1.4739040287921417, -0.030330577225401896, -0.10352161814791705</translation><rotation><c1>1, 0, 0</c1><c2>0, 1, 0</c2><c3>0, 0, 1</c3></rotation></pose><symmetry><x>twoFold</x><y>cylindrical</y><z>twoFold</z></symmetry><detectionScore>-1.0</detectionScore></element><element><id>3</id><category>wall_lamp</category><bounds><corner1>-0.1727196976928307, -0.23271767067966942, -0.3607821042700925</corner1><corner2>0.1727196976928307, 0.23271767067966942, 0.3607821042700925</corner2></bounds><pose><translation>-1.227699784634406, -0.8408213334687114, 1.4461915105783025</translation><rotation><c1>1, 0, 0</c1><c2>0, 1, 0</c2><c3>0, 0, 1</c3></rotation></pose><symmetry><x>twoFold</x><y>cylindrical</y><z>twoFold</z></symmetry><detectionScore>-1.0</detectionScore></element><element><id>4</id><category>door</category><bounds><corner1>-0.16124326848192938, -1.105173126664577, -0.8799111319184827</corner1><corner2>0.16124326848192938, 1.105173126664577, 0.8799111319184827</corner2></bounds><pose><translation>-1.4193491838635914, 0.010071233419553044, -0.09184218078909127</translation><rotation><c1>1, 0, 0</c1><c2>0, 1, 0</c2><c3>0, 0, 1</c3></rotation></pose><symmetry><x>twoFold</x><y>cylindrical</y><z>twoFold</z></symmetry><detectionScore>-1.0</detectionScore></element><element><id>5</id><category>wall</category><bounds><corner1>-0.9448777862137971, -1.4789345207932967, -0.10540776300638677</corner1><corner2>0.9448777862137971, 1.4789345207932967, 0.10540776300638677</corner2></bounds><pose><translation>-0.27438302285388066, 0.06991934561649586, 1.998556240802509</translation><rotation><c1>1, 0, 0</c1><c2>0, 1, 0</c2><c3>0, 0, 1</c3></rotation></pose><symmetry><x>twoFold</x><y>cylindrical</y><z>twoFold</z></symmetry><detectionScore>-1.0</detectionScore></element><element><id>6</id><category>sink</category><bounds><corner1>-0.12320120947008117, -1.1588426611067388, -0.9997359589261225</corner1><corner2>0.12320120947008117, 1.1588426611067388, 0.9997359589261225</corner2></bounds><pose><translation>2.0651713106453067, -0.4923214348723601, -0.3209292152789846</translation><rotation><c1>1, 0, 0</c1><c2>0, 1, 0</c2><c3>0, 0, 1</c3></rotation></pose><symmetry><x>twoFold</x><y>cylindrical</y><z>twoFold</z></symmetry><detectionScore>-1.0</detectionScore></element><element><id>7</id><category>wall</category><bounds><corner1>-1.6726624102939402, -1.7602169101326255, -1.0907836942806068</corner1><corner2>1.6726624102939402, 1.7602169101326255, 1.0907836942806068</corner2></bounds><pose><translation>0.3494688841389825, -0.2855171382305106, -2.4221130057635323</translation><rotation><c1>1, 0, 0</c1><c2>0, 1, 0</c2><c3>0, 0, 1</c3></rotation></pose><symmetry><x>twoFold</x><y>cylindrical</y><z>twoFold</z></symmetry><detectionScore>-1.0</detectionScore></element><element><id>8</id><category>towel_rack</category><bounds><corner1>-0.5520519082026484, -0.7735367684202357, -0.06746315140986603</corner1><corner2>0.5520519082026484, 0.7735367684202357, 0.06746315140986603</corner2></bounds><pose><translation>-0.43909602659362906, 0.2870060980722096, 2.03650085239903</translation><rotation><c1>1, 0, 0</c1><c2>0, 1, 0</c2><c3>0, 0, 1</c3></rotation></pose><symmetry><x>twoFold</x><y>cylindrical</y><z>twoFold</z></symmetry><detectionScore>-1.0</detectionScore></element><element><id>9</id><category>toilet</category><bounds><corner1>-0.3572654041351021, -0.5531850137656942, -0.21105917850869838</corner1><corner2>0.3572654041351021, 0.5531850137656942, 0.21105917850869838</corner2></bounds><pose><translation>-0.7774281192472814, -1.2194572018023944, 1.8503453867758994</translation><rotation><c1>1, 0, 0</c1><c2>0, 1, 0</c2><c3>0, 0, 1</c3></rotation></pose><symmetry><x>twoFold</x><y>cylindrical</y><z>twoFold</z></symmetry><detectionScore>-1.0</detectionScore></element><element><id>10</id><category>refrigerator</category><bounds><corner1>-0.3754616139902258, -0.9400593117389697, -0.409612957307939</corner1><corner2>0.3754616139902258, 0.9400593117389697, 0.409612957307939</corner2></bounds><pose><translation>1.781544768563962, -0.5988311710147219, -0.9853771531249557</translation><rotation><c1>1, 0, 0</c1><c2>0, 1, 0</c2><c3>0, 0, 1</c3></rotation></pose><symmetry><x>twoFold</x><y>cylindrical</y><z>twoFold</z></symmetry><detectionScore>-1.0</detectionScore></element><element><id>11</id><category>hanger</category><bounds><corner1>-0.06816425062298626, -0.4817901717687092, -0.24647615281725577</corner1><corner2>0.06816425062298626, 0.4817901717687092, 0.24647615281725577</corner2></bounds><pose><translation>2.1113772716256785, -0.30531524511392477, 0.5998704112002256</translation><rotation><c1>1, 0, 0</c1><c2>0, 1, 0</c2><c3>0, 0, 1</c3></rotation></pose><symmetry><x>twoFold</x><y>cylindrical</y><z>twoFold</z></symmetry><detectionScore>-1.0</detectionScore></element><element><id>12</id><category>wall</category><bounds><corner1>-0.1390177055833992, -1.562812874686552, -1.4497414898540042</corner1><corner2>0.1390177055833992, 1.562812874686552, 1.4497414898540042</corner2></bounds><pose><translation>2.0493548145319886, -0.053272616712895765, -0.45260021578500903</translation><rotation><c1>1, 0, 0</c1><c2>0, 1, 0</c2><c3>0, 0, 1</c3></rotation></pose><symmetry><x>twoFold</x><y>cylindrical</y><z>twoFold</z></symmetry><detectionScore>-1.0</detectionScore></element><element><id>13</id><category>pedestal_fan</category><bounds><corner1>-0.06344117090066081, -0.42944155203064305, -0.2254541439263139</corner1><corner2>0.06344117090066081, 0.42944155203064305, 0.2254541439263139</corner2></bounds><pose><translation>2.116497658137604, -0.2701785992722788, 0.5546687857548352</translation><rotation><c1>1, 0, 0</c1><c2>0, 1, 0</c2><c3>0, 0, 1</c3></rotation></pose><symmetry><x>twoFold</x><y>cylindrical</y><z>twoFold</z></symmetry><detectionScore>-1.0</detectionScore></element></elements></scene>