<?xml version='1.0' encoding='utf-8'?>
<scene xmlns:sumo="https://www.sumochallenge.org"><version>2.0</version><categories><id>fb_categories_v1.0</id><url>https://sumochallenge.org/en/categories-1_0.json</url></categories><project_type>bounding_box</project_type><elements><element><id>4</id><category>wall</category><bounds><corner1>-2.87312716, -1.07012217, -0.80564877</corner1><corner2>2.87312716, 1.07012217, 0.80564877</corner2></bounds><pose><translation> 2.33187133,  0.11844732, -3.08450011</translation><rotation><c1>1., 0., 0.</c1><c2>0., 1., 0.</c2><c3>0., 0., 1.</c3></rotation></pose><symmetry><x>none</x><y>twoFold</y><z>none</z></symmetry><detectionScore>0.7560186</detectionScore></element><element><id>1</id><category>arch</category><bounds><corner1>-0.89592464, -1.33214333, -0.72795843</corner1><corner2>0.89592464, 1.33214333, 0.72795843</corner2></bounds><pose><translation> 4.42332367, -0.14954358,  1.23855485</translation><rotation><c1>1., 0., 0.</c1><c2>0., 1., 0.</c2><c3>0., 0., 1.</c3></rotation></pose><symmetry><x>none</x><y>twoFold</y><z>none</z></symmetry><detectionScore>0.9425878</detectionScore></element><element><id>5</id><category>kitchen_cabinet</category><bounds><corner1>-0.03856272, -0.36414829, -0.62616406</corner1><corner2>0.03856272, 0.36414829, 0.62616406</corner2></bounds><pose><translation>-1.778598  , -0.86023102, -3.1432568 </translation><rotation><c1>1., 0., 0.</c1><c2>0., 1., 0.</c2><c3>0., 0., 1.</c3></rotation></pose><symmetry><x>none</x><y>none</y><z>none</z></symmetry><detectionScore>0.7669463</detectionScore></element><element><id>2</id><category>arch</category><bounds><corner1>-4.25134811, -1.42733281, -6.94811882</corner1><corner2>4.25134811, 1.42733281, 6.94811882</corner2></bounds><pose><translation>  2.27165222,  -0.23519405, -10.69332805</translation><rotation><c1>1., 0., 0.</c1><c2>0., 1., 0.</c2><c3>0., 0., 1.</c3></rotation></pose><symmetry><x>none</x><y>twoFold</y><z>none</z></symmetry><detectionScore>0.9670417</detectionScore></element><element><id>7</id><category>door</category><bounds><corner1>-0.50958819, -0.74906262, -0.02799856</corner1><corner2>0.50958819, 0.74906262, 0.02799856</corner2></bounds><pose><translation>-0.27516774, -0.16361694,  1.27204074</translation><rotation><c1>1., 0., 0.</c1><c2>0., 1., 0.</c2><c3>0., 0., 1.</c3></rotation></pose><symmetry><x>twoFold</x><y>twoFold</y><z>twoFold</z></symmetry><detectionScore>0.5933524</detectionScore></element><element><id>6</id><category>window</category><bounds><corner1>-0.09280635, -1.02235562, -1.56267289</corner1><corner2>0.09280635, 1.02235562, 1.56267289</corner2></bounds><pose><translation> 5.32082023, -0.03647085, -2.22936966</translation><rotation><c1>1., 0., 0.</c1><c2>0., 1., 0.</c2><c3>0., 0., 1.</c3></rotation></pose><symmetry><x>none</x><y>twoFold</y><z>none</z></symmetry><detectionScore>0.9283841</detectionScore></element></elements></scene>