<?xml version='1.0' encoding='utf-8'?>
<scene xmlns:sumo="https://www.sumochallenge.org"><version>2.0</version><categories><id>fb_categories_v1.0</id><url>https://sumochallenge.org/en/categories-1_0.json</url></categories><project_type>bounding_box</project_type><elements><element><id>25</id><category>window</category><bounds><corner1> 2.67357658,  0.39334187, -1.09418957</corner1><corner2> 4.41315503,  1.19766341, -0.6989768 </corner2></bounds><pose><translation>0., 0., 0.</translation><rotation><c1>1., 0., 0.</c1><c2>0., 1., 0.</c2><c3>0., 0., 1.</c3></rotation></pose><symmetry><x>none</x><y>none</y><z>none</z></symmetry><detectionScore>-1</detectionScore></element><element><id>24</id><category>sofa</category><bounds><corner1> 3.09604721, -1.45655328,  2.62115539</corner1><corner2> 5.33230794, -0.83597043,  4.60916603</corner2></bounds><pose><translation>0., 0., 0.</translation><rotation><c1>1., 0., 0.</c1><c2>0., 1., 0.</c2><c3>0., 0., 1.</c3></rotation></pose><symmetry><x>none</x><y>none</y><z>none</z></symmetry><detectionScore>-1</detectionScore></element><element><id>19</id><category>armchair</category><bounds><corner1>-3.39491197, -1.46897254, -1.51717109</corner1><corner2>-1.03396728, -0.49719644, -0.1780373 </corner2></bounds><pose><translation>0., 0., 0.</translation><rotation><c1>1., 0., 0.</c1><c2>0., 1., 0.</c2><c3>0., 0., 1.</c3></rotation></pose><symmetry><x>none</x><y>none</y><z>none</z></symmetry><detectionScore>-1</detectionScore></element><element><id>17</id><category>chandelier</category><bounds><corner1> 2.02188879,  1.14123323, -0.70012764</corner1><corner2> 2.4298409 ,  1.211714  , -0.43651267</corner2></bounds><pose><translation>0., 0., 0.</translation><rotation><c1>1., 0., 0.</c1><c2>0., 1., 0.</c2><c3>0., 0., 1.</c3></rotation></pose><symmetry><x>none</x><y>none</y><z>none</z></symmetry><detectionScore>-1</detectionScore></element><element><id>12</id><category>hanging_kitchen_cabinet</category><bounds><corner1> 2.68498763,  0.37800113, -1.09428281</corner1><corner2> 4.41485354,  1.19636717, -0.70576787</corner2></bounds><pose><translation>0., 0., 0.</translation><rotation><c1>1., 0., 0.</c1><c2>0., 1., 0.</c2><c3>0., 0., 1.</c3></rotation></pose><symmetry><x>none</x><y>none</y><z>none</z></symmetry><detectionScore>-1</detectionScore></element><element><id>36</id><category>wall</category><bounds><corner1>-3.43288432, -1.32748758, -1.4157129 </corner1><corner2>-0.71100241,  1.18192364,  1.63554962</corner2></bounds><pose><translation>0., 0., 0.</translation><rotation><c1>1., 0., 0.</c1><c2>0., 1., 0.</c2><c3>0., 0., 1.</c3></rotation></pose><symmetry><x>none</x><y>none</y><z>none</z></symmetry><detectionScore>-1</detectionScore></element><element><id>56</id><category>chandelier</category><bounds><corner1>0.44101766, 0.29525322, 2.10997493</corner1><corner2>2.24903014, 1.21157036, 5.21969596</corner2></bounds><pose><translation>0., 0., 0.</translation><rotation><c1>1., 0., 0.</c1><c2>0., 1., 0.</c2><c3>0., 0., 1.</c3></rotation></pose><symmetry><x>none</x><y>none</y><z>none</z></symmetry><detectionScore>-1</detectionScore></element><element><id>44</id><category>knife_rack</category><bounds><corner1> 0.28402133, -0.58417191, -1.46003269</corner1><corner2> 0.94285689, -0.36196201, -0.82801253</corner2></bounds><pose><translation>0., 0., 0.</translation><rotation><c1>1., 0., 0.</c1><c2>0., 1., 0.</c2><c3>0., 0., 1.</c3></rotation></pose><symmetry><x>none</x><y>none</y><z>none</z></symmetry><detectionScore>-1</detectionScore></element><element><id>7</id><category>range_hood</category><bounds><corner1> 2.28210874, -0.11847703, -1.49320134</corner1><corner2> 4.19563285,  0.98986138, -0.76158234</corner2></bounds><pose><translation>0., 0., 0.</translation><rotation><c1>1., 0., 0.</c1><c2>0., 1., 0.</c2><c3>0., 0., 1.</c3></rotation></pose><symmetry><x>none</x><y>none</y><z>none</z></symmetry><detectionScore>-1</detectionScore></element><element><id>45</id><category>window</category><bounds><corner1>-0.79494372, -1.4401299 ,  0.96300962</corner1><corner2>-0.45810607,  1.19938316,  2.8571527 </corner2></bounds><pose><translation>0., 0., 0.</translation><rotation><c1>1., 0., 0.</c1><c2>0., 1., 0.</c2><c3>0., 0., 1.</c3></rotation></pose><symmetry><x>none</x><y>none</y><z>none</z></symmetry><detectionScore>-1</detectionScore></element><element><id>10</id><category>chandelier</category><bounds><corner1>1.74123485, 1.15215691, 3.02406454</corner1><corner2>3.54906612, 1.21182854, 5.22670822</corner2></bounds><pose><translation>0., 0., 0.</translation><rotation><c1>1., 0., 0.</c1><c2>0., 1., 0.</c2><c3>0., 0., 1.</c3></rotation></pose><symmetry><x>none</x><y>none</y><z>none</z></symmetry><detectionScore>-1</detectionScore></element><element><id>43</id><category>kitchen_cabinet</category><bounds><corner1> 1.25395479, -1.45951038, -1.47756869</corner1><corner2> 3.01320703, -0.43989744, -0.72108121</corner2></bounds><pose><translation>0., 0., 0.</translation><rotation><c1>1., 0., 0.</c1><c2>0., 1., 0.</c2><c3>0., 0., 1.</c3></rotation></pose><symmetry><x>none</x><y>none</y><z>none</z></symmetry><detectionScore>-1</detectionScore></element><element><id>26</id><category>chair</category><bounds><corner1> 0.26798258, -1.4678271 ,  1.3740065 </corner1><corner2> 2.43023582, -0.49080448,  4.17161612</corner2></bounds><pose><translation>0., 0., 0.</translation><rotation><c1>1., 0., 0.</c1><c2>0., 1., 0.</c2><c3>0., 0., 1.</c3></rotation></pose><symmetry><x>none</x><y>none</y><z>none</z></symmetry><detectionScore>-1</detectionScore></element><element><id>61</id><category>cutting_board</category><bounds><corner1> 0.21360946, -0.56863734, -1.49504255</corner1><corner2> 1.03437566, -0.26701923, -0.78099177</corner2></bounds><pose><translation>0., 0., 0.</translation><rotation><c1>1., 0., 0.</c1><c2>0., 1., 0.</c2><c3>0., 0., 1.</c3></rotation></pose><symmetry><x>none</x><y>none</y><z>none</z></symmetry><detectionScore>-1</detectionScore></element><element><id>41</id><category>wall_lamp</category><bounds><corner1> 2.76702001,  0.54000257, -1.08782319</corner1><corner2> 5.21531882,  1.20838551, -0.53530577</corner2></bounds><pose><translation>0., 0., 0.</translation><rotation><c1>1., 0., 0.</c1><c2>0., 1., 0.</c2><c3>0., 0., 1.</c3></rotation></pose><symmetry><x>none</x><y>none</y><z>none</z></symmetry><detectionScore>-1</detectionScore></element><element><id>2</id><category>window</category><bounds><corner1>-3.43313823, -1.28253673, -1.18336894</corner1><corner2>-1.88603557,  1.19307775,  0.49765707</corner2></bounds><pose><translation>0., 0., 0.</translation><rotation><c1>1., 0., 0.</c1><c2>0., 1., 0.</c2><c3>0., 0., 1.</c3></rotation></pose><symmetry><x>none</x><y>none</y><z>none</z></symmetry><detectionScore>-1</detectionScore></element><element><id>55</id><category>floor_lamp</category><bounds><corner1>-3.4301338 , -1.47122561, -0.76137979</corner1><corner2>-1.70799701,  1.20579812,  0.28629221</corner2></bounds><pose><translation>0., 0., 0.</translation><rotation><c1>1., 0., 0.</c1><c2>0., 1., 0.</c2><c3>0., 0., 1.</c3></rotation></pose><symmetry><x>none</x><y>none</y><z>none</z></symmetry><detectionScore>-1</detectionScore></element><element><id>40</id><category>ottoman</category><bounds><corner1>-2.93493324, -1.47118151, -1.51394023</corner1><corner2>-0.84997903, -0.45526265, -0.30289755</corner2></bounds><pose><translation>0., 0., 0.</translation><rotation><c1>1., 0., 0.</c1><c2>0., 1., 0.</c2><c3>0., 0., 1.</c3></rotation></pose><symmetry><x>none</x><y>none</y><z>none</z></symmetry><detectionScore>-1</detectionScore></element><element><id>38</id><category>chandelier</category><bounds><corner1>-0.09435265,  0.45518385,  2.07592334</corner1><corner2>1.02402469, 1.21193807, 5.19599704</corner2></bounds><pose><translation>0., 0., 0.</translation><rotation><c1>1., 0., 0.</c1><c2>0., 1., 0.</c2><c3>0., 0., 1.</c3></rotation></pose><symmetry><x>none</x><y>none</y><z>none</z></symmetry><detectionScore>-1</detectionScore></element><element><id>48</id><category>window</category><bounds><corner1>-3.43367004, -1.34308056, -0.43134338</corner1><corner2>-0.74098982,  1.15189523,  1.65709408</corner2></bounds><pose><translation>0., 0., 0.</translation><rotation><c1>1., 0., 0.</c1><c2>0., 1., 0.</c2><c3>0., 0., 1.</c3></rotation></pose><symmetry><x>none</x><y>none</y><z>none</z></symmetry><detectionScore>-1</detectionScore></element><element><id>31</id><category>picture_frame</category><bounds><corner1> 4.98667833, -0.69901991,  2.25871798</corner1><corner2>5.3053323 , 0.68108807, 4.05604972</corner2></bounds><pose><translation>0., 0., 0.</translation><rotation><c1>1., 0., 0.</c1><c2>0., 1., 0.</c2><c3>0., 0., 1.</c3></rotation></pose><symmetry><x>none</x><y>none</y><z>none</z></symmetry><detectionScore>-1</detectionScore></element><element><id>54</id><category>television</category><bounds><corner1> 2.75001986,  0.47208291, -1.12059498</corner1><corner2> 4.23592242,  0.99432164, -0.7563399 </corner2></bounds><pose><translation>0., 0., 0.</translation><rotation><c1>1., 0., 0.</c1><c2>0., 1., 0.</c2><c3>0., 0., 1.</c3></rotation></pose><symmetry><x>none</x><y>none</y><z>none</z></symmetry><detectionScore>-1</detectionScore></element><element><id>58</id><category>column</category><bounds><corner1> 2.66591966, -1.45523035,  0.50899661</corner1><corner2>4.12862374, 1.20150028, 1.21431748</corner2></bounds><pose><translation>0., 0., 0.</translation><rotation><c1>1., 0., 0.</c1><c2>0., 1., 0.</c2><c3>0., 0., 1.</c3></rotation></pose><symmetry><x>none</x><y>none</y><z>none</z></symmetry><detectionScore>-1</detectionScore></element><element><id>50</id><category>sofa</category><bounds><corner1> 1.22869936, -1.2179933 ,  2.41644563</corner1><corner2> 3.20173979, -0.62447363,  5.25838728</corner2></bounds><pose><translation>0., 0., 0.</translation><rotation><c1>1., 0., 0.</c1><c2>0., 1., 0.</c2><c3>0., 0., 1.</c3></rotation></pose><symmetry><x>none</x><y>none</y><z>none</z></symmetry><detectionScore>-1</detectionScore></element><element><id>60</id><category>partition</category><bounds><corner1>-3.43370554, -1.44587286, -0.11056979</corner1><corner2>-0.79598927,  1.15701587,  1.66372276</corner2></bounds><pose><translation>0., 0., 0.</translation><rotation><c1>1., 0., 0.</c1><c2>0., 1., 0.</c2><c3>0., 0., 1.</c3></rotation></pose><symmetry><x>none</x><y>none</y><z>none</z></symmetry><detectionScore>-1</detectionScore></element><element><id>52</id><category>kitchen_cabinet</category><bounds><corner1> 1.64696581, -1.4536295 , -1.51437784</corner1><corner2> 4.23475375, -0.06974847, -0.74473982</corner2></bounds><pose><translation>0., 0., 0.</translation><rotation><c1>1., 0., 0.</c1><c2>0., 1., 0.</c2><c3>0., 0., 1.</c3></rotation></pose><symmetry><x>none</x><y>none</y><z>none</z></symmetry><detectionScore>-1</detectionScore></element><element><id>59</id><category>hanging_kitchen_cabinet</category><bounds><corner1> 3.47565546, -0.25121292, -1.12499454</corner1><corner2> 5.33848027,  1.18858112, -0.65502331</corner2></bounds><pose><translation>0., 0., 0.</translation><rotation><c1>1., 0., 0.</c1><c2>0., 1., 0.</c2><c3>0., 0., 1.</c3></rotation></pose><symmetry><x>none</x><y>none</y><z>none</z></symmetry><detectionScore>-1</detectionScore></element><element><id>1</id><category>tv_stand</category><bounds><corner1> 2.86897468, -1.45265283,  0.34049322</corner1><corner2>5.29864129, 1.19630637, 0.98550781</corner2></bounds><pose><translation>0., 0., 0.</translation><rotation><c1>1., 0., 0.</c1><c2>0., 1., 0.</c2><c3>0., 0., 1.</c3></rotation></pose><symmetry><x>none</x><y>none</y><z>none</z></symmetry><detectionScore>-1</detectionScore></element><element><id>27</id><category>chandelier</category><bounds><corner1>-0.74738221,  0.26248319,  2.15488828</corner1><corner2>-0.04037709,  1.2113221 ,  5.14195187</corner2></bounds><pose><translation>0., 0., 0.</translation><rotation><c1>1., 0., 0.</c1><c2>0., 1., 0.</c2><c3>0., 0., 1.</c3></rotation></pose><symmetry><x>none</x><y>none</y><z>none</z></symmetry><detectionScore>-1</detectionScore></element><element><id>57</id><category>sofa</category><bounds><corner1> 0.67802415, -1.44371498,  1.37803386</corner1><corner2> 3.84256053, -0.4855665 ,  5.19188352</corner2></bounds><pose><translation>0., 0., 0.</translation><rotation><c1>1., 0., 0.</c1><c2>0., 1., 0.</c2><c3>0., 0., 1.</c3></rotation></pose><symmetry><x>none</x><y>none</y><z>none</z></symmetry><detectionScore>-1</detectionScore></element><element><id>46</id><category>chandelier</category><bounds><corner1> 2.76702001,  0.54000257, -1.08782319</corner1><corner2> 5.21531882,  1.20838551, -0.53530577</corner2></bounds><pose><translation>0., 0., 0.</translation><rotation><c1>1., 0., 0.</c1><c2>0., 1., 0.</c2><c3>0., 0., 1.</c3></rotation></pose><symmetry><x>none</x><y>none</y><z>none</z></symmetry><detectionScore>-1</detectionScore></element><element><id>51</id><category>food_processor</category><bounds><corner1> 0.20520778, -0.56718455, -1.51693521</corner1><corner2> 0.99090831, -0.20020652, -0.7789833 </corner2></bounds><pose><translation>0., 0., 0.</translation><rotation><c1>1., 0., 0.</c1><c2>0., 1., 0.</c2><c3>0., 0., 1.</c3></rotation></pose><symmetry><x>none</x><y>none</y><z>none</z></symmetry><detectionScore>-1</detectionScore></element><element><id>47</id><category>kitchen_cabinet</category><bounds><corner1> 0.19556901, -0.72262161, -1.44497616</corner1><corner2> 0.93173643, -0.30934064, -0.78098456</corner2></bounds><pose><translation>0., 0., 0.</translation><rotation><c1>1., 0., 0.</c1><c2>0., 1., 0.</c2><c3>0., 0., 1.</c3></rotation></pose><symmetry><x>none</x><y>none</y><z>none</z></symmetry><detectionScore>-1</detectionScore></element><element><id>18</id><category>chandelier</category><bounds><corner1>-3.42496941,  0.36712241, -0.6619073 </corner1><corner2>-1.85471216,  1.21031738,  0.24303481</corner2></bounds><pose><translation>0., 0., 0.</translation><rotation><c1>1., 0., 0.</c1><c2>0., 1., 0.</c2><c3>0., 0., 1.</c3></rotation></pose><symmetry><x>none</x><y>none</y><z>none</z></symmetry><detectionScore>-1</detectionScore></element><element><id>21</id><category>armchair</category><bounds><corner1> 1.22869936, -1.2179933 ,  2.41644563</corner1><corner2> 3.20173979, -0.62447363,  5.25838728</corner2></bounds><pose><translation>0., 0., 0.</translation><rotation><c1>1., 0., 0.</c1><c2>0., 1., 0.</c2><c3>0., 0., 1.</c3></rotation></pose><symmetry><x>none</x><y>none</y><z>none</z></symmetry><detectionScore>-1</detectionScore></element><element><id>9</id><category>door</category><bounds><corner1> 2.67608311, -1.25741669, -1.28015861</corner1><corner2> 5.33667704,  0.97945908, -0.66321308</corner2></bounds><pose><translation>0., 0., 0.</translation><rotation><c1>1., 0., 0.</c1><c2>0., 1., 0.</c2><c3>0., 0., 1.</c3></rotation></pose><symmetry><x>none</x><y>none</y><z>none</z></symmetry><detectionScore>-1</detectionScore></element><element><id>32</id><category>hanging_kitchen_cabinet</category><bounds><corner1> 0.23269743,  0.08495333, -1.09396232</corner1><corner2> 1.00282627,  0.75548892, -0.82600049</corner2></bounds><pose><translation>0., 0., 0.</translation><rotation><c1>1., 0., 0.</c1><c2>0., 1., 0.</c2><c3>0., 0., 1.</c3></rotation></pose><symmetry><x>none</x><y>none</y><z>none</z></symmetry><detectionScore>-1</detectionScore></element><element><id>6</id><category>kitchen_cabinet</category><bounds><corner1> 0.21709025, -0.81396243, -1.51394642</corner1><corner2> 1.20067765,  0.84270762, -0.7880213 </corner2></bounds><pose><translation>0., 0., 0.</translation><rotation><c1>1., 0., 0.</c1><c2>0., 1., 0.</c2><c3>0., 0., 1.</c3></rotation></pose><symmetry><x>none</x><y>none</y><z>none</z></symmetry><detectionScore>-1</detectionScore></element><element><id>35</id><category>dining_table</category><bounds><corner1>-0.78265457, -1.46516274,  1.37298398</corner1><corner2> 2.61331824, -0.48863264,  4.17291132</corner2></bounds><pose><translation>0., 0., 0.</translation><rotation><c1>1., 0., 0.</c1><c2>0., 1., 0.</c2><c3>0., 0., 1.</c3></rotation></pose><symmetry><x>none</x><y>none</y><z>none</z></symmetry><detectionScore>-1</detectionScore></element><element><id>8</id><category>kitchen_cabinet</category><bounds><corner1> 2.22998485, -1.33766354, -1.49550669</corner1><corner2> 5.04408694,  0.96732284, -0.79424977</corner2></bounds><pose><translation>0., 0., 0.</translation><rotation><c1>1., 0., 0.</c1><c2>0., 1., 0.</c2><c3>0., 0., 1.</c3></rotation></pose><symmetry><x>none</x><y>none</y><z>none</z></symmetry><detectionScore>-1</detectionScore></element><element><id>53</id><category>window</category><bounds><corner1> 2.82962848, -0.51134577, -1.32454727</corner1><corner2> 5.07546099,  0.96786906, -0.81114785</corner2></bounds><pose><translation>0., 0., 0.</translation><rotation><c1>1., 0., 0.</c1><c2>0., 1., 0.</c2><c3>0., 0., 1.</c3></rotation></pose><symmetry><x>none</x><y>none</y><z>none</z></symmetry><detectionScore>-1</detectionScore></element><element><id>62</id><category>hanging_kitchen_cabinet</category><bounds><corner1> 1.42695516, -0.48706758, -1.51767108</corner1><corner2> 4.18756946,  0.88728957, -0.86976173</corner2></bounds><pose><translation>0., 0., 0.</translation><rotation><c1>1., 0., 0.</c1><c2>0., 1., 0.</c2><c3>0., 0., 1.</c3></rotation></pose><symmetry><x>none</x><y>none</y><z>none</z></symmetry><detectionScore>-1</detectionScore></element><element><id>16</id><category>armchair</category><bounds><corner1> 0.67530237, -1.44351792,  1.37797548</corner1><corner2> 3.78903671, -0.48522762,  5.18090349</corner2></bounds><pose><translation>0., 0., 0.</translation><rotation><c1>1., 0., 0.</c1><c2>0., 1., 0.</c2><c3>0., 0., 1.</c3></rotation></pose><symmetry><x>none</x><y>none</y><z>none</z></symmetry><detectionScore>-1</detectionScore></element><element><id>33</id><category>kitchen_cabinet</category><bounds><corner1> 1.37999874, -1.09682798, -1.51489344</corner1><corner2> 4.18777281,  0.88523501, -0.82350919</corner2></bounds><pose><translation>0., 0., 0.</translation><rotation><c1>1., 0., 0.</c1><c2>0., 1., 0.</c2><c3>0., 0., 1.</c3></rotation></pose><symmetry><x>none</x><y>none</y><z>none</z></symmetry><detectionScore>-1</detectionScore></element><element><id>22</id><category>wall</category><bounds><corner1> 2.9957806 , -1.31542481, -0.84283314</corner1><corner2>5.40024339, 1.1797227 , 0.76996365</corner2></bounds><pose><translation>0., 0., 0.</translation><rotation><c1>1., 0., 0.</c1><c2>0., 1., 0.</c2><c3>0., 0., 1.</c3></rotation></pose><symmetry><x>none</x><y>none</y><z>none</z></symmetry><detectionScore>-1</detectionScore></element><element><id>23</id><category>armchair</category><bounds><corner1> 0.12917047, -1.46594039,  1.37497411</corner1><corner2> 2.77580037, -0.49240549,  4.22155566</corner2></bounds><pose><translation>0., 0., 0.</translation><rotation><c1>1., 0., 0.</c1><c2>0., 1., 0.</c2><c3>0., 0., 1.</c3></rotation></pose><symmetry><x>none</x><y>none</y><z>none</z></symmetry><detectionScore>-1</detectionScore></element><element><id>11</id><category>wall</category><bounds><corner1> 2.73389277, -1.11828564, -1.27980658</corner1><corner2> 5.3337795 ,  1.09874468, -0.66235222</corner2></bounds><pose><translation>0., 0., 0.</translation><rotation><c1>1., 0., 0.</c1><c2>0., 1., 0.</c2><c3>0., 0., 1.</c3></rotation></pose><symmetry><x>none</x><y>none</y><z>none</z></symmetry><detectionScore>-1</detectionScore></element><element><id>20</id><category>wall</category><bounds><corner1>-0.7951825 , -0.83584738,  0.97300562</corner1><corner2>-0.48209046,  1.07580765,  2.94194282</corner2></bounds><pose><translation>0., 0., 0.</translation><rotation><c1>1., 0., 0.</c1><c2>0., 1., 0.</c2><c3>0., 0., 1.</c3></rotation></pose><symmetry><x>none</x><y>none</y><z>none</z></symmetry><detectionScore>-1</detectionScore></element><element><id>14</id><category>hanging_kitchen_cabinet</category><bounds><corner1> 2.59802315, -0.12855062, -1.48723122</corner1><corner2> 4.24588356,  0.97118204, -0.81575999</corner2></bounds><pose><translation>0., 0., 0.</translation><rotation><c1>1., 0., 0.</c1><c2>0., 1., 0.</c2><c3>0., 0., 1.</c3></rotation></pose><symmetry><x>none</x><y>none</y><z>none</z></symmetry><detectionScore>-1</detectionScore></element><element><id>34</id><category>fireplace</category><bounds><corner1> 2.85691381, -1.43216083,  0.37192222</corner1><corner2>5.25360676, 1.20307588, 1.14341679</corner2></bounds><pose><translation>0., 0., 0.</translation><rotation><c1>1., 0., 0.</c1><c2>0., 1., 0.</c2><c3>0., 0., 1.</c3></rotation></pose><symmetry><x>none</x><y>none</y><z>none</z></symmetry><detectionScore>-1</detectionScore></element><element><id>39</id><category>sofa</category><bounds><corner1>-3.40125127, -1.46934451, -1.51690282</corner1><corner2>-1.04502549, -0.49544806, -0.09612826</corner2></bounds><pose><translation>0., 0., 0.</translation><rotation><c1>1., 0., 0.</c1><c2>0., 1., 0.</c2><c3>0., 0., 1.</c3></rotation></pose><symmetry><x>none</x><y>none</y><z>none</z></symmetry><detectionScore>-1</detectionScore></element><element><id>49</id><category>chandelier</category><bounds><corner1>4.03307311, 0.68558289, 2.1928209 </corner1><corner2>5.34908505, 1.21022205, 4.14021142</corner2></bounds><pose><translation>0., 0., 0.</translation><rotation><c1>1., 0., 0.</c1><c2>0., 1., 0.</c2><c3>0., 0., 1.</c3></rotation></pose><symmetry><x>none</x><y>none</y><z>none</z></symmetry><detectionScore>-1</detectionScore></element><element><id>5</id><category>fruit_bowl</category><bounds><corner1> 0.7280354 , -0.53881689, -1.51103269</corner1><corner2> 1.36494201, -0.35984452, -0.90997944</corner2></bounds><pose><translation>0., 0., 0.</translation><rotation><c1>1., 0., 0.</c1><c2>0., 1., 0.</c2><c3>0., 0., 1.</c3></rotation></pose><symmetry><x>none</x><y>none</y><z>none</z></symmetry><detectionScore>-1</detectionScore></element><element><id>37</id><category>kitchen_cabinet</category><bounds><corner1> 2.86885113, -1.45685375,  0.35796913</corner1><corner2>5.27902928, 1.19254451, 0.97539935</corner2></bounds><pose><translation>0., 0., 0.</translation><rotation><c1>1., 0., 0.</c1><c2>0., 1., 0.</c2><c3>0., 0., 1.</c3></rotation></pose><symmetry><x>none</x><y>none</y><z>none</z></symmetry><detectionScore>-1</detectionScore></element><element><id>29</id><category>rug</category><bounds><corner1>-3.17257578, -1.47514371, -1.09812409</corner1><corner2>-1.53796251, -0.90458164,  0.3256499 </corner2></bounds><pose><translation>0., 0., 0.</translation><rotation><c1>1., 0., 0.</c1><c2>0., 1., 0.</c2><c3>0., 0., 1.</c3></rotation></pose><symmetry><x>none</x><y>none</y><z>none</z></symmetry><detectionScore>-1</detectionScore></element><element><id>30</id><category>chair</category><bounds><corner1>-0.65952546, -1.46932784,  1.37097507</corner1><corner2> 0.2534982 , -0.48777207,  2.66602197</corner2></bounds><pose><translation>0., 0., 0.</translation><rotation><c1>1., 0., 0.</c1><c2>0., 1., 0.</c2><c3>0., 0., 1.</c3></rotation></pose><symmetry><x>none</x><y>none</y><z>none</z></symmetry><detectionScore>-1</detectionScore></element><element><id>15</id><category>wall</category><bounds><corner1>-0.77842295, -1.16748204,  2.16200674</corner1><corner2>3.27483218, 1.1949011 , 6.40399516</corner2></bounds><pose><translation>0., 0., 0.</translation><rotation><c1>1., 0., 0.</c1><c2>0., 1., 0.</c2><c3>0., 0., 1.</c3></rotation></pose><symmetry><x>none</x><y>none</y><z>none</z></symmetry><detectionScore>-1</detectionScore></element><element><id>4</id><category>coffee_table</category><bounds><corner1>-3.36893774, -1.47585483, -0.58947797</corner1><corner2>-1.53601308, -0.81956911,  0.3943222 </corner2></bounds><pose><translation>0., 0., 0.</translation><rotation><c1>1., 0., 0.</c1><c2>0., 1., 0.</c2><c3>0., 0., 1.</c3></rotation></pose><symmetry><x>none</x><y>none</y><z>none</z></symmetry><detectionScore>-1</detectionScore></element><element><id>42</id><category>refrigerator</category><bounds><corner1>-0.35028002, -0.77650128, -0.86201246</corner1><corner2> 0.29407149,  0.57584008, -0.79098141</corner2></bounds><pose><translation>0., 0., 0.</translation><rotation><c1>1., 0., 0.</c1><c2>0., 1., 0.</c2><c3>0., 0., 1.</c3></rotation></pose><symmetry><x>none</x><y>none</y><z>none</z></symmetry><detectionScore>-1</detectionScore></element><element><id>28</id><category>wall</category><bounds><corner1> 2.87218035, -1.18713686,  0.54900511</corner1><corner2>5.325193  , 1.18684031, 4.64536298</corner2></bounds><pose><translation>0., 0., 0.</translation><rotation><c1>1., 0., 0.</c1><c2>0., 1., 0.</c2><c3>0., 0., 1.</c3></rotation></pose><symmetry><x>none</x><y>none</y><z>none</z></symmetry><detectionScore>-1</detectionScore></element><element><id>3</id><category>wall</category><bounds><corner1> 2.73806384, -1.45169518,  0.43461823</corner1><corner2>4.53062871, 1.20350098, 1.05575577</corner2></bounds><pose><translation>0., 0., 0.</translation><rotation><c1>1., 0., 0.</c1><c2>0., 1., 0.</c2><c3>0., 0., 1.</c3></rotation></pose><symmetry><x>none</x><y>none</y><z>none</z></symmetry><detectionScore>-1</detectionScore></element><element><id>13</id><category>hanging_kitchen_cabinet</category><bounds><corner1> 4.98509964, -0.63993177,  2.23957274</corner1><corner2>5.30564621, 0.70695328, 4.1162184 </corner2></bounds><pose><translation>0., 0., 0.</translation><rotation><c1>1., 0., 0.</c1><c2>0., 1., 0.</c2><c3>0., 0., 1.</c3></rotation></pose><symmetry><x>none</x><y>none</y><z>none</z></symmetry><detectionScore>-1</detectionScore></element></elements></scene>