<?xml version='1.0' encoding='utf-8'?>
<scene xmlns:sumo="https://www.sumochallenge.org"><version>2.0</version><categories><id>fb_categories_v1.0</id><url>https://sumochallenge.org/en/categories-1_0.json</url></categories><project_type>bounding_box</project_type><elements><element><id>5</id><category>clock</category><bounds><corner1>-0.02910984, -0.14496957, -0.14170207</corner1><corner2>0.02910984, 0.14496957, 0.14170207</corner2></bounds><pose><translation>1.59993229, 0.70017158, 1.23713933</translation><rotation><c1>1., 0., 0.</c1><c2>0., 1., 0.</c2><c3>0., 0., 1.</c3></rotation></pose><symmetry><x>none</x><y>none</y><z>cylindrical</z></symmetry><detectionScore>0.964522</detectionScore></element><element><id>15</id><category>kitchen_cabinet</category><bounds><corner1>-1.39678238, -0.16009631, -1.99793606</corner1><corner2>1.39678238, 0.16009631, 1.99793606</corner2></bounds><pose><translation>-2.65229034, -0.71855205, -3.9659041 </translation><rotation><c1>1., 0., 0.</c1><c2>0., 1., 0.</c2><c3>0., 0., 1.</c3></rotation></pose><symmetry><x>none</x><y>none</y><z>none</z></symmetry><detectionScore>0.7020936</detectionScore></element><element><id>10</id><category>window</category><bounds><corner1>-0.08146996, -0.79152609, -1.74692195</corner1><corner2>0.08146996, 0.79152609, 1.74692195</corner2></bounds><pose><translation>-4.31380655,  0.18131011,  0.1617289 </translation><rotation><c1>1., 0., 0.</c1><c2>0., 1., 0.</c2><c3>0., 0., 1.</c3></rotation></pose><symmetry><x>none</x><y>twoFold</y><z>none</z></symmetry><detectionScore>0.887723</detectionScore></element><element><id>11</id><category>chair</category><bounds><corner1>-0.3842229 , -0.3014796 , -0.41891321</corner1><corner2>0.3842229 , 0.3014796 , 0.41891321</corner2></bounds><pose><translation>-0.11724603, -1.01236736, -1.62691814</translation><rotation><c1>1., 0., 0.</c1><c2>0., 1., 0.</c2><c3>0., 0., 1.</c3></rotation></pose><symmetry><x>none</x><y>none</y><z>none</z></symmetry><detectionScore>0.78385043</detectionScore></element><element><id>4</id><category>chair</category><bounds><corner1>-0.37200868, -0.70233161, -0.44069354</corner1><corner2>0.37200868, 0.70233161, 0.44069354</corner2></bounds><pose><translation>-2.04803976, -1.41733524, -1.60334334</translation><rotation><c1>1., 0., 0.</c1><c2>0., 1., 0.</c2><c3>0., 0., 1.</c3></rotation></pose><symmetry><x>none</x><y>none</y><z>none</z></symmetry><detectionScore>0.5832533</detectionScore></element><element><id>6</id><category>chandelier</category><bounds><corner1>-0.33596579, -0.02888514, -0.80989608</corner1><corner2>0.33596579, 0.02888514, 0.80989608</corner2></bounds><pose><translation>0.21377261, 1.17797563, 2.02193385</translation><rotation><c1>1., 0., 0.</c1><c2>0., 1., 0.</c2><c3>0., 0., 1.</c3></rotation></pose><symmetry><x>none</x><y>cylindrical</y><z>none</z></symmetry><detectionScore>0.7046605</detectionScore></element><element><id>3</id><category>wall</category><bounds><corner1>-2.44131753, -1.28530149, -2.29144189</corner1><corner2>2.44131753, 1.28530149, 2.29144189</corner2></bounds><pose><translation>-1.0872259 , -0.12726063, -4.49557158</translation><rotation><c1>1., 0., 0.</c1><c2>0., 1., 0.</c2><c3>0., 0., 1.</c3></rotation></pose><symmetry><x>none</x><y>twoFold</y><z>none</z></symmetry><detectionScore>0.8645454</detectionScore></element><element><id>12</id><category>chair</category><bounds><corner1>-0.4870281 , -0.39137854, -0.50002151</corner1><corner2>0.4870281 , 0.39137854, 0.50002151</corner2></bounds><pose><translation> 0.80299773, -1.10161072, -1.73900367</translation><rotation><c1>1., 0., 0.</c1><c2>0., 1., 0.</c2><c3>0., 0., 1.</c3></rotation></pose><symmetry><x>none</x><y>none</y><z>none</z></symmetry><detectionScore>0.891294</detectionScore></element><element><id>2</id><category>loudspeaker</category><bounds><corner1>-0.29896695, -0.3661845 , -0.55402515</corner1><corner2>0.29896695, 0.3661845 , 0.55402515</corner2></bounds><pose><translation> 1.32397573, -0.84805192,  1.01349043</translation><rotation><c1>1., 0., 0.</c1><c2>0., 1., 0.</c2><c3>0., 0., 1.</c3></rotation></pose><symmetry><x>none</x><y>fourFold</y><z>none</z></symmetry><detectionScore>0.5950988</detectionScore></element><element><id>1</id><category>door</category><bounds><corner1>-0.78898198, -1.11575912, -0.22684695</corner1><corner2>0.78898198, 1.11575912, 0.22684695</corner2></bounds><pose><translation> 2.45246445, -0.42935544,  3.78687347</translation><rotation><c1>1., 0., 0.</c1><c2>0., 1., 0.</c2><c3>0., 0., 1.</c3></rotation></pose><symmetry><x>twoFold</x><y>twoFold</y><z>twoFold</z></symmetry><detectionScore>0.80585164</detectionScore></element><element><id>13</id><category>chair</category><bounds><corner1>-0.68903133, -0.67079496, -0.36794931</corner1><corner2>0.68903133, 0.67079496, 0.36794931</corner2></bounds><pose><translation>-2.71604899, -1.4297393 , -1.50971032</translation><rotation><c1>1., 0., 0.</c1><c2>0., 1., 0.</c2><c3>0., 0., 1.</c3></rotation></pose><symmetry><x>none</x><y>none</y><z>none</z></symmetry><detectionScore>0.7608723</detectionScore></element><element><id>16</id><category>sofa</category><bounds><corner1>-2.37303452, -0.45735358, -3.42486998</corner1><corner2>2.37303452, 0.45735358, 3.42486998</corner2></bounds><pose><translation>-3.75067893, -1.00583409,  5.65454076</translation><rotation><c1>1., 0., 0.</c1><c2>0., 1., 0.</c2><c3>0., 0., 1.</c3></rotation></pose><symmetry><x>none</x><y>none</y><z>none</z></symmetry><detectionScore>0.97573143</detectionScore></element><element><id>9</id><category>chandelier</category><bounds><corner1>-0.40219096, -0.02393316, -0.23700278</corner1><corner2>0.40219096, 0.02393316, 0.23700278</corner2></bounds><pose><translation> 0.37065914,  1.18391869, -2.36712016</translation><rotation><c1>1., 0., 0.</c1><c2>0., 1., 0.</c2><c3>0., 0., 1.</c3></rotation></pose><symmetry><x>none</x><y>cylindrical</y><z>none</z></symmetry><detectionScore>0.79882956</detectionScore></element><element><id>8</id><category>chair</category><bounds><corner1>-0.28644175, -0.6066812 , -0.52507898</corner1><corner2>0.28644175, 0.6066812 , 0.52507898</corner2></bounds><pose><translation>-1.0895551 , -1.31767752, -1.75504946</translation><rotation><c1>1., 0., 0.</c1><c2>0., 1., 0.</c2><c3>0., 0., 1.</c3></rotation></pose><symmetry><x>none</x><y>none</y><z>none</z></symmetry><detectionScore>0.7742852</detectionScore></element><element><id>7</id><category>wall</category><bounds><corner1>-3.26575426, -1.13598169, -0.18076508</corner1><corner2>3.26575426, 1.13598169, 0.18076508</corner2></bounds><pose><translation>-2.10066731,  0.04367042,  9.07329302</translation><rotation><c1>1., 0., 0.</c1><c2>0., 1., 0.</c2><c3>0., 0., 1.</c3></rotation></pose><symmetry><x>none</x><y>twoFold</y><z>none</z></symmetry><detectionScore>0.93986994</detectionScore></element></elements></scene>