<?xml version='1.0' encoding='utf-8'?>
<scene xmlns:sumo="https://www.sumochallenge.org"><version>2.0</version><categories><id>fb_categories_v1_0</id><url>https://sumochallenge.org/en/categories-1_0.json</url></categories><project_type>bounding_box</project_type><elements><element><id>0</id><category>wall</category><bounds><corner1>-0.11561992868665838, -1.3359827315477724, -1.2095223181786974</corner1><corner2>0.11561992868665838, 1.3359827315477724, 1.2095223181786974</corner2></bounds><pose><translation>-3.1570925496622, -0.03631760470866837, -0.6805278853078346</translation><rotation><c1>1, 0, 0</c1><c2>0, 1, 0</c2><c3>0, 0, 1</c3></rotation></pose><symmetry><x>twoFold</x><y>cylindrical</y><z>twoFold</z></symmetry><detectionScore>-1.0</detectionScore></element><element><id>1</id><category>person</category><bounds><corner1>-0.7225910904441757, -0.8394952373836561, -0.7290135549786039</corner1><corner2>0.7225910904441757, 0.8394952373836561, 0.7290135549786039</corner2></bounds><pose><translation>-1.910671373265283, -0.8702069071773422, 0.9652806985792812</translation><rotation><c1>1, 0, 0</c1><c2>0, 1, 0</c2><c3>0, 0, 1</c3></rotation></pose><symmetry><x>twoFold</x><y>cylindrical</y><z>twoFold</z></symmetry><detectionScore>-1.0</detectionScore></element><element><id>2</id><category>door</category><bounds><corner1>-1.7680420922468438, -1.8182617678593052, -0.7056110829115183</corner1><corner2>1.7680420922468438, 1.8182617678593052, 0.7056110829115183</corner2></bounds><pose><translation>-3.4280883997730776, -0.47887746403871684, 0.21981798067883673</translation><rotation><c1>1, 0, 0</c1><c2>0, 1, 0</c2><c3>0, 0, 1</c3></rotation></pose><symmetry><x>twoFold</x><y>cylindrical</y><z>twoFold</z></symmetry><detectionScore>-1.0</detectionScore></element><element><id>3</id><category>chair</category><bounds><corner1>-0.5891954529195107, -0.6549611336501053, -0.9725936527407956</corner1><corner2>0.5891954529195107, 0.6549611336501053, 0.9725936527407956</corner2></bounds><pose><translation>-1.777275735740618, -1.0791651140751826, 0.6581802012767778</translation><rotation><c1>1, 0, 0</c1><c2>0, 1, 0</c2><c3>0, 0, 1</c3></rotation></pose><symmetry><x>twoFold</x><y>cylindrical</y><z>twoFold</z></symmetry><detectionScore>-1.0</detectionScore></element><element><id>4</id><category>fence</category><bounds><corner1>-2.572552074238848, -0.9984425964376646, -4.275861440357886</corner1><corner2>2.572552074238848, 0.9984425964376646, 4.275861440357886</corner2></bounds><pose><translation>5.956083238821725, -0.4041507395028131, -4.275861440357886</translation><rotation><c1>1, 0, 0</c1><c2>0, 1, 0</c2><c3>0, 0, 1</c3></rotation></pose><symmetry><x>twoFold</x><y>cylindrical</y><z>twoFold</z></symmetry><detectionScore>-1.0</detectionScore></element><element><id>5</id><category>television</category><bounds><corner1>-0.7305608236493313, -0.4861834100008373, -0.12423914343516707</corner1><corner2>0.7305608236493313, 0.4861834100008373, 0.12423914343516707</corner2></bounds><pose><translation>-0.24179701609533397, 0.7485422839860421, 1.746514208638636</translation><rotation><c1>1, 0, 0</c1><c2>0, 1, 0</c2><c3>0, 0, 1</c3></rotation></pose><symmetry><x>twoFold</x><y>cylindrical</y><z>twoFold</z></symmetry><detectionScore>-1.0</detectionScore></element><element><id>6</id><category>wall</category><bounds><corner1>-2.808516300308649, -1.4801479418375456, -1.6888759477935058</corner1><corner2>2.808516300308649, 1.4801479418375456, 1.6888759477935058</corner2></bounds><pose><translation>-0.15770483052960474, -0.10110785249422367, -4.093873581559561</translation><rotation><c1>1, 0, 0</c1><c2>0, 1, 0</c2><c3>0, 0, 1</c3></rotation></pose><symmetry><x>twoFold</x><y>cylindrical</y><z>twoFold</z></symmetry><detectionScore>-1.0</detectionScore></element><element><id>7</id><category>window</category><bounds><corner1>-1.7466562222632418, -1.4176394549595455, -1.6600076782022528</corner1><corner2>1.7466562222632418, 1.4176394549595455, 1.6600076782022528</corner2></bounds><pose><translation>-0.22294169426186103, -0.14295824397082815, -4.153643065064788</translation><rotation><c1>1, 0, 0</c1><c2>0, 1, 0</c2><c3>0, 0, 1</c3></rotation></pose><symmetry><x>twoFold</x><y>cylindrical</y><z>twoFold</z></symmetry><detectionScore>-1.0</detectionScore></element><element><id>8</id><category>television</category><bounds><corner1>-0.315651376321753, -0.43518061259030943, -0.33797760128442755</corner1><corner2>0.315651376321753, 0.43518061259030943, 0.33797760128442755</corner2></bounds><pose><translation>-1.8051009361795736, -0.4835453259479247, 1.3893140975890352</translation><rotation><c1>1, 0, 0</c1><c2>0, 1, 0</c2><c3>0, 0, 1</c3></rotation></pose><symmetry><x>twoFold</x><y>cylindrical</y><z>twoFold</z></symmetry><detectionScore>-1.0</detectionScore></element><element><id>9</id><category>wall</category><bounds><corner1>-1.5565728403425791, -1.4027588268443076, -1.1743939328967594</corner1><corner2>1.5565728403425791, 1.4027588268443076, 1.1743939328967594</corner2></bounds><pose><translation>-3.144431193011828, -0.06337452302371918, 0.43103772257280387</translation><rotation><c1>1, 0, 0</c1><c2>0, 1, 0</c2><c3>0, 0, 1</c3></rotation></pose><symmetry><x>twoFold</x><y>cylindrical</y><z>twoFold</z></symmetry><detectionScore>-1.0</detectionScore></element><element><id>10</id><category>office_chair</category><bounds><corner1>-0.587636387255905, -0.4941107897850469, -0.8126279939399694</corner1><corner2>0.587636387255905, 0.4941107897850469, 0.8126279939399694</corner2></bounds><pose><translation>-1.7757166700770122, -0.9145398660083209, 0.8502125158304601</translation><rotation><c1>1, 0, 0</c1><c2>0, 1, 0</c2><c3>0, 0, 1</c3></rotation></pose><symmetry><x>twoFold</x><y>cylindrical</y><z>twoFold</z></symmetry><detectionScore>-1.0</detectionScore></element><element><id>11</id><category>shelving</category><bounds><corner1>-0.20772332848532482, -1.1354426340405288, -1.8339438703236897</corner1><corner2>0.20772332848532482, 1.1354426340405288, 1.8339438703236897</corner2></bounds><pose><translation>2.4552258656144432, -0.6860563187503242, -4.0045401892244294</translation><rotation><c1>1, 0, 0</c1><c2>0, 1, 0</c2><c3>0, 0, 1</c3></rotation></pose><symmetry><x>twoFold</x><y>cylindrical</y><z>twoFold</z></symmetry><detectionScore>-1.0</detectionScore></element><element><id>12</id><category>single_bed</category><bounds><corner1>-2.130466182665934, -0.5285013035807262, -1.5011441717505813</corner1><corner2>2.130466182665934, 0.5285013035807262, 1.5011441717505813</corner2></bounds><pose><translation>0.5581115880304285, -0.9418175342357318, -3.829597562220923</translation><rotation><c1>1, 0, 0</c1><c2>0, 1, 0</c2><c3>0, 0, 1</c3></rotation></pose><symmetry><x>twoFold</x><y>cylindrical</y><z>twoFold</z></symmetry><detectionScore>-1.0</detectionScore></element><element><id>13</id><category>person</category><bounds><corner1>-1.5783358214200125, -0.507294464614821, -0.7120820668940411</corner1><corner2>1.5783358214200125, 0.507294464614821, 0.7120820668940411</corner2></bounds><pose><translation>0.31311694123314365, -0.9857912139116167, -2.5672188748101306</translation><rotation><c1>1, 0, 0</c1><c2>0, 1, 0</c2><c3>0, 0, 1</c3></rotation></pose><symmetry><x>twoFold</x><y>cylindrical</y><z>twoFold</z></symmetry><detectionScore>-1.0</detectionScore></element><element><id>14</id><category>armchair</category><bounds><corner1>-0.6235040577760516, -0.5548498950132464, -0.9178655151577367</corner1><corner2>0.6235040577760516, 0.5548498950132464, 0.9178655151577367</corner2></bounds><pose><translation>-1.8115843405971588, -0.9337613086184898, 0.7408915095247351</translation><rotation><c1>1, 0, 0</c1><c2>0, 1, 0</c2><c3>0, 0, 1</c3></rotation></pose><symmetry><x>twoFold</x><y>cylindrical</y><z>twoFold</z></symmetry><detectionScore>-1.0</detectionScore></element><element><id>15</id><category>double_bed</category><bounds><corner1>-2.243963503851571, -0.8617182326958797, -0.4157902692486253</corner1><corner2>2.243963503851571, 0.8617182326958797, 0.4157902692486253</corner2></bounds><pose><translation>0.4641298309139995, -1.2177022249311782, -2.0987424765756337</translation><rotation><c1>1, 0, 0</c1><c2>0, 1, 0</c2><c3>0, 0, 1</c3></rotation></pose><symmetry><x>twoFold</x><y>cylindrical</y><z>twoFold</z></symmetry><detectionScore>-1.0</detectionScore></element><element><id>16</id><category>floor</category><bounds><corner1>-1.5472653180099918, -0.5607549531275648, -1.2510198270501478</corner1><corner2>1.5472653180099918, 0.5607549531275648, 1.2510198270501478</corner2></bounds><pose><translation>-3.117020733601153, -0.8009724070352177, 0.34870921577376507</translation><rotation><c1>1, 0, 0</c1><c2>0, 1, 0</c2><c3>0, 0, 1</c3></rotation></pose><symmetry><x>twoFold</x><y>cylindrical</y><z>twoFold</z></symmetry><detectionScore>-1.0</detectionScore></element><element><id>17</id><category>computer</category><bounds><corner1>-0.3155686930374406, -0.4638101275826012, -0.34063343636859944</corner1><corner2>0.3155686930374406, 0.4638101275826012, 0.34063343636859944</corner2></bounds><pose><translation>-1.8050182528952612, -0.5457555991269806, 1.3900055450812643</translation><rotation><c1>1, 0, 0</c1><c2>0, 1, 0</c2><c3>0, 0, 1</c3></rotation></pose><symmetry><x>twoFold</x><y>cylindrical</y><z>twoFold</z></symmetry><detectionScore>-1.0</detectionScore></element><element><id>18</id><category>arch</category><bounds><corner1>-5.700542036550358, -2.512279426941415, -1.4273220247049216</corner1><corner2>5.700542036550358, 2.512279426941415, 1.4273220247049216</corner2></bounds><pose><translation>2.8280932765102142, -0.34095494545638044, -1.4273220247049216</translation><rotation><c1>1, 0, 0</c1><c2>0, 1, 0</c2><c3>0, 0, 1</c3></rotation></pose><symmetry><x>twoFold</x><y>cylindrical</y><z>twoFold</z></symmetry><detectionScore>-1.0</detectionScore></element><element><id>19</id><category>door</category><bounds><corner1>-5.722736044660753, -2.6068155843074194, -1.3324238976909717</corner1><corner2>5.722736044660753, 2.6068155843074194, 1.3324238976909717</corner2></bounds><pose><translation>2.8058992683998194, -0.4354911028223845, -1.3324238976909717</translation><rotation><c1>1, 0, 0</c1><c2>0, 1, 0</c2><c3>0, 0, 1</c3></rotation></pose><symmetry><x>twoFold</x><y>cylindrical</y><z>twoFold</z></symmetry><detectionScore>-1.0</detectionScore></element><element><id>20</id><category>ceiling</category><bounds><corner1>-0.126974128862396, -0.4593581427789436, -0.9065953996039587</corner1><corner2>0.126974128862396, 0.4593581427789436, 0.9065953996039587</corner2></bounds><pose><translation>-3.1473074695675196, 0.95884449070846, 0.19762357236722847</translation><rotation><c1>1, 0, 0</c1><c2>0, 1, 0</c2><c3>0, 0, 1</c3></rotation></pose><symmetry><x>twoFold</x><y>cylindrical</y><z>twoFold</z></symmetry><detectionScore>-1.0</detectionScore></element></elements></scene>