<?xml version='1.0' encoding='utf-8'?>
<scene xmlns:sumo="https://www.sumochallenge.org"><version>2.0</version><categories><id>fb_categories_v1.0</id><url>https://sumochallenge.org/en/categories-1_0.json</url></categories><project_type>bounding_box</project_type><elements><element><id>6</id><category>wall</category><bounds><corner1>-1.30943246, -1.17447941, -1.91691448</corner1><corner2>1.30943246, 1.17447941, 1.91691448</corner2></bounds><pose><translation>-5.02739857, -0.07354375, -0.76114166</translation><rotation><c1>1., 0., 0.</c1><c2>0., 1., 0.</c2><c3>0., 0., 1.</c3></rotation></pose><symmetry><x>none</x><y>none</y><z>none</z></symmetry><detectionScore>-1</detectionScore></element><element><id>7</id><category>computer</category><bounds><corner1>-0.55522431, -0.22905907, -0.20778622</corner1><corner2>0.55522431, 0.22905907, 0.20778622</corner2></bounds><pose><translation> 2.18989508, -0.33961533, -0.81386798</translation><rotation><c1>1., 0., 0.</c1><c2>0., 1., 0.</c2><c3>0., 0., 1.</c3></rotation></pose><symmetry><x>none</x><y>none</y><z>none</z></symmetry><detectionScore>-1</detectionScore></element><element><id>3</id><category>door</category><bounds><corner1>-0.43475293, -1.17890988, -0.31802007</corner1><corner2>0.43475293, 1.17890988, 0.31802007</corner2></bounds><pose><translation>-0.29728713, -0.54578892, -2.96884989</translation><rotation><c1>1., 0., 0.</c1><c2>0., 1., 0.</c2><c3>0., 0., 1.</c3></rotation></pose><symmetry><x>none</x><y>none</y><z>none</z></symmetry><detectionScore>-1</detectionScore></element><element><id>5</id><category>person</category><bounds><corner1>-1.44003109, -0.54427289, -0.24299273</corner1><corner2>1.44003109, 0.54427289, 0.24299273</corner2></bounds><pose><translation> 1.31094311, -0.55747219, -0.84533254</translation><rotation><c1>1., 0., 0.</c1><c2>0., 1., 0.</c2><c3>0., 0., 1.</c3></rotation></pose><symmetry><x>none</x><y>none</y><z>none</z></symmetry><detectionScore>-1</detectionScore></element><element><id>4</id><category>wall</category><bounds><corner1>-2.21353216, -0.99634689, -0.07915172</corner1><corner2>2.21353216, 0.99634689, 0.07915172</corner2></bounds><pose><translation> 0.25944052, -0.12664351, -2.71303191</translation><rotation><c1>1., 0., 0.</c1><c2>0., 1., 0.</c2><c3>0., 0., 1.</c3></rotation></pose><symmetry><x>none</x><y>none</y><z>none</z></symmetry><detectionScore>-1</detectionScore></element><element><id>1</id><category>single_bed</category><bounds><corner1>-1.42217582, -0.23197496, -0.97654706</corner1><corner2>1.42217582, 0.23197496, 0.97654706</corner2></bounds><pose><translation>-3.5180532 , -0.96366367, -1.43597287</translation><rotation><c1>1., 0., 0.</c1><c2>0., 1., 0.</c2><c3>0., 0., 1.</c3></rotation></pose><symmetry><x>none</x><y>none</y><z>none</z></symmetry><detectionScore>-1</detectionScore></element></elements></scene>