<?xml version='1.0' encoding='utf-8'?>
<scene xmlns:sumo="https://www.sumochallenge.org"><version>2.0</version><categories><id>fb_categories_v1_0</id><url>https://sumochallenge.org/en/categories-1_0.json</url></categories><project_type>bounding_box</project_type><elements><element><id>0</id><category>wall</category><bounds><corner1>-2.3107776009954533, -1.600032245244304, -1.7691125370683167</corner1><corner2>2.3107776009954533, 1.600032245244304, 1.7691125370683167</corner2></bounds><pose><translation>-3.43646304570109, -0.24070939811338363, 4.0630362651328475</translation><rotation><c1>1, 0, 0</c1><c2>0, 1, 0</c2><c3>0, 0, 1</c3></rotation></pose><symmetry><x>twoFold</x><y>cylindrical</y><z>twoFold</z></symmetry><detectionScore>-1.0</detectionScore></element><element><id>1</id><category>workplace</category><bounds><corner1>-3.0932539057612956, -1.0721407584154703, -0.903557792949778</corner1><corner2>3.0932539057612956, 1.0721407584154703, 0.903557792949778</corner2></bounds><pose><translation>3.061573015984053, -0.6747437565646219, 6.504205267242729</translation><rotation><c1>1, 0, 0</c1><c2>0, 1, 0</c2><c3>0, 0, 1</c3></rotation></pose><symmetry><x>twoFold</x><y>cylindrical</y><z>twoFold</z></symmetry><detectionScore>-1.0</detectionScore></element><element><id>2</id><category>desk</category><bounds><corner1>-0.9955980087877306, -0.7738067417945397, -2.9224803860878574</corner1><corner2>0.9955980087877306, 0.7738067417945397, 2.9224803860878574</corner2></bounds><pose><translation>-1.0332758746473878, -1.4407704735083045, 2.5152186143029556</translation><rotation><c1>1, 0, 0</c1><c2>0, 1, 0</c2><c3>0, 0, 1</c3></rotation></pose><symmetry><x>twoFold</x><y>cylindrical</y><z>twoFold</z></symmetry><detectionScore>-1.0</detectionScore></element><element><id>3</id><category>wall</category><bounds><corner1>-3.4158904462233206, -1.3179654308702031, -0.2628031912548874</corner1><corner2>3.4158904462233206, 1.3179654308702031, 0.2628031912548874</corner2></bounds><pose><translation>2.773922290631993, -0.04912231874125917, 7.155930964442848</translation><rotation><c1>1, 0, 0</c1><c2>0, 1, 0</c2><c3>0, 0, 1</c3></rotation></pose><symmetry><x>twoFold</x><y>cylindrical</y><z>twoFold</z></symmetry><detectionScore>-1.0</detectionScore></element><element><id>4</id><category>range_hood</category><bounds><corner1>-1.3910590899507413, -0.6688927307656506, -0.286841993258224</corner1><corner2>1.3910590899507413, 0.6688927307656506, 0.286841993258224</corner2></bounds><pose><translation>4.2004606660536785, 0.5877251660275583, 7.070280745383688</translation><rotation><c1>1, 0, 0</c1><c2>0, 1, 0</c2><c3>0, 0, 1</c3></rotation></pose><symmetry><x>twoFold</x><y>cylindrical</y><z>twoFold</z></symmetry><detectionScore>-1.0</detectionScore></element><element><id>5</id><category>clock</category><bounds><corner1>-0.2756525036624695, -0.4257151250191631, -0.07186748329853465</corner1><corner2>0.2756525036624695, 0.4257151250191631, 0.07186748329853465</corner2></bounds><pose><translation>-2.483802998963153, 0.5894602403534965, -1.8202460187058962</translation><rotation><c1>1, 0, 0</c1><c2>0, 1, 0</c2><c3>0, 0, 1</c3></rotation></pose><symmetry><x>twoFold</x><y>cylindrical</y><z>twoFold</z></symmetry><detectionScore>-1.0</detectionScore></element><element><id>6</id><category>door</category><bounds><corner1>-1.8789641838502094, -1.7145066181385682, -1.592346006502991</corner1><corner2>1.8789641838502094, 1.7145066181385682, 1.592346006502991</corner2></bounds><pose><translation>-3.118402858815062, -0.3928022368513256, 4.245489560010739</translation><rotation><c1>1, 0, 0</c1><c2>0, 1, 0</c2><c3>0, 0, 1</c3></rotation></pose><symmetry><x>twoFold</x><y>cylindrical</y><z>twoFold</z></symmetry><detectionScore>-1.0</detectionScore></element><element><id>7</id><category>dining_table</category><bounds><corner1>-3.0221951278045514, -0.44708291160958674, -1.876158841307113</corner1><corner2>3.0221951278045514, 0.44708291160958674, 1.876158841307113</corner2></bounds><pose><translation>2.4473682030810227, -0.9274646714459936, 5.418923812342962</translation><rotation><c1>1, 0, 0</c1><c2>0, 1, 0</c2><c3>0, 0, 1</c3></rotation></pose><symmetry><x>twoFold</x><y>cylindrical</y><z>twoFold</z></symmetry><detectionScore>-1.0</detectionScore></element><element><id>8</id><category>sofa</category><bounds><corner1>-2.380439114263668, -0.5948219956345974, -0.7723926726994782</corner1><corner2>2.380439114263668, 0.5948219956345974, 0.7723926726994782</corner2></bounds><pose><translation>3.9730350399212337, -1.211427590824613, -0.8677108772024751</translation><rotation><c1>1, 0, 0</c1><c2>0, 1, 0</c2><c3>0, 0, 1</c3></rotation></pose><symmetry><x>twoFold</x><y>cylindrical</y><z>twoFold</z></symmetry><detectionScore>-1.0</detectionScore></element><element><id>9</id><category>wall</category><bounds><corner1>-3.4087415570728203, -1.7092350708945085, -2.4594737787115726</corner1><corner2>3.4087415570728203, 1.7092350708945085, 2.4594737787115726</corner2></bounds><pose><translation>-6.730835213976277, -0.3939612231021704, -0.9931294372888739</translation><rotation><c1>1, 0, 0</c1><c2>0, 1, 0</c2><c3>0, 0, 1</c3></rotation></pose><symmetry><x>twoFold</x><y>cylindrical</y><z>twoFold</z></symmetry><detectionScore>-1.0</detectionScore></element><element><id>10</id><category>person</category><bounds><corner1>-1.409861364188009, -1.2719731035419293, -1.6174661053574724</corner1><corner2>1.409861364188009, 1.2719731035419293, 1.6174661053574724</corner2></bounds><pose><translation>4.795587525876961, -0.5431909988226732, 5.686346765211815</translation><rotation><c1>1, 0, 0</c1><c2>0, 1, 0</c2><c3>0, 0, 1</c3></rotation></pose><symmetry><x>twoFold</x><y>cylindrical</y><z>twoFold</z></symmetry><detectionScore>-1.0</detectionScore></element><element><id>11</id><category>chandelier</category><bounds><corner1>-1.1860354596294398, -0.4773852156342957, -0.881354926318223</corner1><corner2>1.1860354596294398, 0.4773852156342957, 0.881354926318223</corner2></bounds><pose><translation>5.007363609564045, 0.8313113649795381, 6.4224579442510645</translation><rotation><c1>1, 0, 0</c1><c2>0, 1, 0</c2><c3>0, 0, 1</c3></rotation></pose><symmetry><x>twoFold</x><y>cylindrical</y><z>twoFold</z></symmetry><detectionScore>-1.0</detectionScore></element><element><id>12</id><category>kitchen_cabinet</category><bounds><corner1>-0.7873213382022719, -1.2108458054101359, -1.1784255464125257</corner1><corner2>0.7873213382022719, 1.2108458054101359, 1.1784255464125257</corner2></bounds><pose><translation>5.459833499374655, -0.4397561468864909, 4.569385211159981</translation><rotation><c1>1, 0, 0</c1><c2>0, 1, 0</c2><c3>0, 0, 1</c3></rotation></pose><symmetry><x>twoFold</x><y>cylindrical</y><z>twoFold</z></symmetry><detectionScore>-1.0</detectionScore></element><element><id>13</id><category>wall</category><bounds><corner1>-1.3569047166832526, -1.6156882987965515, -1.6221174640050853</corner1><corner2>1.3569047166832526, 1.6156882987965515, 1.6221174640050853</corner2></bounds><pose><translation>-1.5081969584942636, -0.2902124447225295, 5.7381969693587</translation><rotation><c1>1, 0, 0</c1><c2>0, 1, 0</c2><c3>0, 0, 1</c3></rotation></pose><symmetry><x>twoFold</x><y>cylindrical</y><z>twoFold</z></symmetry><detectionScore>-1.0</detectionScore></element><element><id>14</id><category>door</category><bounds><corner1>-1.3161770676253726, -1.4896941480409465, -0.1828893875517581</corner1><corner2>1.3161770676253726, 1.4896941480409465, 0.1828893875517581</corner2></bounds><pose><translation>0.7994425125091488, -0.23185962229408383, 7.235844768145977</translation><rotation><c1>1, 0, 0</c1><c2>0, 1, 0</c2><c3>0, 0, 1</c3></rotation></pose><symmetry><x>twoFold</x><y>cylindrical</y><z>twoFold</z></symmetry><detectionScore>-1.0</detectionScore></element><element><id>15</id><category>door</category><bounds><corner1>-0.7647234463296546, -1.33235616027796, -0.37716205474894116</corner1><corner2>0.7647234463296546, 1.33235616027796, 0.37716205474894116</corner2></bounds><pose><translation>-3.281516122569086, -0.33100033290763214, -1.7715964053271747</translation><rotation><c1>1, 0, 0</c1><c2>0, 1, 0</c2><c3>0, 0, 1</c3></rotation></pose><symmetry><x>twoFold</x><y>cylindrical</y><z>twoFold</z></symmetry><detectionScore>-1.0</detectionScore></element><element><id>16</id><category>partition</category><bounds><corner1>-2.450052864608059, -1.4485117919139836, -0.32630099137109614</corner1><corner2>2.450052864608059, 1.4485117919139836, 0.32630099137109614</corner2></bounds><pose><translation>3.316596793442528, -0.18983187308649035, 7.086228116373513</translation><rotation><c1>1, 0, 0</c1><c2>0, 1, 0</c2><c3>0, 0, 1</c3></rotation></pose><symmetry><x>twoFold</x><y>cylindrical</y><z>twoFold</z></symmetry><detectionScore>-1.0</detectionScore></element><element><id>17</id><category>wall</category><bounds><corner1>-0.3252090222447599, -1.50320910033959, -3.579757119148722</corner1><corner2>0.3252090222447599, 1.50320910033959, 3.579757119148722</corner2></bounds><pose><translation>6.036535679788324, -0.2031098084215955, 1.523361306869597</translation><rotation><c1>1, 0, 0</c1><c2>0, 1, 0</c2><c3>0, 0, 1</c3></rotation></pose><symmetry><x>twoFold</x><y>cylindrical</y><z>twoFold</z></symmetry><detectionScore>-1.0</detectionScore></element><element><id>18</id><category>wall</category><bounds><corner1>-1.719505427732531, -1.6730422631756077, -1.421169793445666</corner1><corner2>1.719505427732531, 1.6730422631756077, 1.421169793445666</corner2></bounds><pose><translation>-3.7323940475637882, -0.3833174434610914, 2.0919383546781467</translation><rotation><c1>1, 0, 0</c1><c2>0, 1, 0</c2><c3>0, 0, 1</c3></rotation></pose><symmetry><x>twoFold</x><y>cylindrical</y><z>twoFold</z></symmetry><detectionScore>-1.0</detectionScore></element><element><id>19</id><category>tv_stand</category><bounds><corner1>-0.48256077349743176, -1.2980876959773582, -2.7854111755676008</corner1><corner2>0.48256077349743176, 1.2980876959773582, 2.7854111755676008</corner2></bounds><pose><translation>5.84002397537784, -0.48972497105646884, 1.7236660298731867</translation><rotation><c1>1, 0, 0</c1><c2>0, 1, 0</c2><c3>0, 0, 1</c3></rotation></pose><symmetry><x>twoFold</x><y>cylindrical</y><z>twoFold</z></symmetry><detectionScore>-1.0</detectionScore></element><element><id>20</id><category>shelving</category><bounds><corner1>-0.7999509152688153, -1.2376995553058854, -1.2006826636061794</corner1><corner2>0.7999509152688153, 1.2376995553058854, 1.2006826636061794</corner2></bounds><pose><translation>5.447203922308112, -0.49133082984209486, 4.564694260388234</translation><rotation><c1>1, 0, 0</c1><c2>0, 1, 0</c2><c3>0, 0, 1</c3></rotation></pose><symmetry><x>twoFold</x><y>cylindrical</y><z>twoFold</z></symmetry><detectionScore>-1.0</detectionScore></element><element><id>21</id><category>wall</category><bounds><corner1>-0.34123051963861684, -1.6352944403272982, -0.24764753708219311</corner1><corner2>0.34123051963861684, 1.6352944403272982, 0.24764753708219311</corner2></bounds><pose><translation>0.701019998018804, -0.10117908032933101, -1.953763558304382</translation><rotation><c1>1, 0, 0</c1><c2>0, 1, 0</c2><c3>0, 0, 1</c3></rotation></pose><symmetry><x>twoFold</x><y>cylindrical</y><z>twoFold</z></symmetry><detectionScore>-1.0</detectionScore></element><element><id>22</id><category>door</category><bounds><corner1>-0.7865728998653863, -1.2126474840550512, -1.213410382967199</corner1><corner2>0.7865728998653863, 1.2126474840550512, 1.213410382967199</corner2></bounds><pose><translation>5.460581937711541, -0.44155782553140616, 4.567209703396823</translation><rotation><c1>1, 0, 0</c1><c2>0, 1, 0</c2><c3>0, 0, 1</c3></rotation></pose><symmetry><x>twoFold</x><y>cylindrical</y><z>twoFold</z></symmetry><detectionScore>-1.0</detectionScore></element><element><id>23</id><category>office_chair</category><bounds><corner1>-0.6471964819317152, -0.8239141792232267, -1.7153276057728868</corner1><corner2>0.6471964819317152, 0.8239141792232267, 1.7153276057728868</corner2></bounds><pose><translation>-1.23962591613749, -1.4593630542751743, 2.3395147499743714</translation><rotation><c1>1, 0, 0</c1><c2>0, 1, 0</c2><c3>0, 0, 1</c3></rotation></pose><symmetry><x>twoFold</x><y>cylindrical</y><z>twoFold</z></symmetry><detectionScore>-1.0</detectionScore></element><element><id>24</id><category>person</category><bounds><corner1>-0.7842929517769484, -0.8530278760930491, -3.0315077549058187</corner1><corner2>0.7842929517769484, 0.8530278760930491, 3.0315077549058187</corner2></bounds><pose><translation>-1.0061190872978654, -1.157932082007451, 2.8566233762659414</translation><rotation><c1>1, 0, 0</c1><c2>0, 1, 0</c2><c3>0, 0, 1</c3></rotation></pose><symmetry><x>twoFold</x><y>cylindrical</y><z>twoFold</z></symmetry><detectionScore>-1.0</detectionScore></element><element><id>25</id><category>chair</category><bounds><corner1>-0.8300881972381162, -0.8239105485183236, -4.28081936457646</corner1><corner2>0.8300881972381162, 0.8239105485183236, 4.28081936457646</corner2></bounds><pose><translation>-0.39091211547714116, -1.591210132814396, 2.926280161698453</translation><rotation><c1>1, 0, 0</c1><c2>0, 1, 0</c2><c3>0, 0, 1</c3></rotation></pose><symmetry><x>twoFold</x><y>cylindrical</y><z>twoFold</z></symmetry><detectionScore>-1.0</detectionScore></element><element><id>26</id><category>door</category><bounds><corner1>-2.5868359603841466, -1.4682807385091579, -1.753192859225748</corner1><corner2>2.5868359603841466, 1.4682807385091579, 1.753192859225748</corner2></bounds><pose><translation>3.9043448369005804, -0.0895458136002314, -1.753192859225748</translation><rotation><c1>1, 0, 0</c1><c2>0, 1, 0</c2><c3>0, 0, 1</c3></rotation></pose><symmetry><x>twoFold</x><y>cylindrical</y><z>twoFold</z></symmetry><detectionScore>-1.0</detectionScore></element><element><id>27</id><category>partition</category><bounds><corner1>-1.5805034994904197, -1.761455458252171, -1.606335760838797</corner1><corner2>1.5805034994904197, 1.761455458252171, 1.606335760838797</corner2></bounds><pose><translation>-2.541882879047933, -0.4357010311670631, 4.252790690804706</translation><rotation><c1>1, 0, 0</c1><c2>0, 1, 0</c2><c3>0, 0, 1</c3></rotation></pose><symmetry><x>twoFold</x><y>cylindrical</y><z>twoFold</z></symmetry><detectionScore>-1.0</detectionScore></element><element><id>28</id><category>refrigerator</category><bounds><corner1>-0.7755175123053082, -1.1503153412044427, -0.5350253366657229</corner1><corner2>0.7755175123053082, 1.1503153412044427, 0.5350253366657229</corner2></bounds><pose><translation>5.446860641655226, -0.5001254364448947, 4.56398490273296</translation><rotation><c1>1, 0, 0</c1><c2>0, 1, 0</c2><c3>0, 0, 1</c3></rotation></pose><symmetry><x>twoFold</x><y>cylindrical</y><z>twoFold</z></symmetry><detectionScore>-1.0</detectionScore></element><element><id>29</id><category>coffee_table</category><bounds><corner1>-1.0096439879310426, -0.7924751598938538, -2.734492038110815</corner1><corner2>1.0096439879310426, 0.7924751598938538, 2.734492038110815</corner2></bounds><pose><translation>-1.1557737716420007, -1.4542026470425424, 2.386826187021407</translation><rotation><c1>1, 0, 0</c1><c2>0, 1, 0</c2><c3>0, 0, 1</c3></rotation></pose><symmetry><x>twoFold</x><y>cylindrical</y><z>twoFold</z></symmetry><detectionScore>-1.0</detectionScore></element><element><id>30</id><category>window</category><bounds><corner1>-2.466026236164434, -1.372313633031862, -1.7633527168751373</corner1><corner2>2.466026236164434, 1.372313633031862, 1.7633527168751373</corner2></bounds><pose><translation>4.025154561120293, 0.0, -1.7633527168751373</translation><rotation><c1>1, 0, 0</c1><c2>0, 1, 0</c2><c3>0, 0, 1</c3></rotation></pose><symmetry><x>twoFold</x><y>cylindrical</y><z>twoFold</z></symmetry><detectionScore>-1.0</detectionScore></element><element><id>31</id><category>door</category><bounds><corner1>-1.3066949232262708, -1.3923519814042749, -0.2809142245370404</corner1><corner2>1.3066949232262708, 1.3923519814042749, 0.2809142245370404</corner2></bounds><pose><translation>-0.4220104041015233, -0.4276982546169737, -2.0655877935792075</translation><rotation><c1>1, 0, 0</c1><c2>0, 1, 0</c2><c3>0, 0, 1</c3></rotation></pose><symmetry><x>twoFold</x><y>cylindrical</y><z>twoFold</z></symmetry><detectionScore>-1.0</detectionScore></element><element><id>32</id><category>wall</category><bounds><corner1>-1.053609561917153, -1.671541273891782, -0.13944393432173596</corner1><corner2>1.053609561917153, 1.671541273891782, 0.13944393432173596</corner2></bounds><pose><translation>-4.140973814877754, -0.27321456984164944, 1.469135624306658</translation><rotation><c1>1, 0, 0</c1><c2>0, 1, 0</c2><c3>0, 0, 1</c3></rotation></pose><symmetry><x>twoFold</x><y>cylindrical</y><z>twoFold</z></symmetry><detectionScore>-1.0</detectionScore></element><element><id>33</id><category>wall_lamp</category><bounds><corner1>-0.3092709091162318, -0.4818550878917871, -0.07233721174679641</corner1><corner2>0.3092709091162318, 0.4818550878917871, 0.07233721174679641</corner2></bounds><pose><translation>-2.4839670157399185, 0.6009668461465534, -1.820715747154158</translation><rotation><c1>1, 0, 0</c1><c2>0, 1, 0</c2><c3>0, 0, 1</c3></rotation></pose><symmetry><x>twoFold</x><y>cylindrical</y><z>twoFold</z></symmetry><detectionScore>-1.0</detectionScore></element><element><id>34</id><category>person</category><bounds><corner1>-0.9769531158787511, -0.9305180000508007, -3.0006594794552672</corner1><corner2>0.9769531158787511, 0.9305180000508007, 3.0006594794552672</corner2></bounds><pose><translation>-1.8271931299313962, -0.9133623608801689, 2.863756447751352</translation><rotation><c1>1, 0, 0</c1><c2>0, 1, 0</c2><c3>0, 0, 1</c3></rotation></pose><symmetry><x>twoFold</x><y>cylindrical</y><z>twoFold</z></symmetry><detectionScore>-1.0</detectionScore></element><element><id>35</id><category>door</category><bounds><corner1>-0.3453998136654084, -1.172304336635293, -1.0416907541618206</corner1><corner2>0.3453998136654084, 1.172304336635293, 1.0416907541618206</corner2></bounds><pose><translation>5.936162048977027, -0.4668554946393163, 3.4416210503008258</translation><rotation><c1>1, 0, 0</c1><c2>0, 1, 0</c2><c3>0, 0, 1</c3></rotation></pose><symmetry><x>twoFold</x><y>cylindrical</y><z>twoFold</z></symmetry><detectionScore>-1.0</detectionScore></element><element><id>36</id><category>mirror</category><bounds><corner1>-0.11281012737790919, -0.7016695922403736, -0.7266091569187259</corner1><corner2>0.11281012737790919, 0.7016695922403736, 0.7266091569187259</corner2></bounds><pose><translation>-3.5957097163372755, 0.5207296913944751, 2.9204343181722834</translation><rotation><c1>1, 0, 0</c1><c2>0, 1, 0</c2><c3>0, 0, 1</c3></rotation></pose><symmetry><x>twoFold</x><y>cylindrical</y><z>twoFold</z></symmetry><detectionScore>-1.0</detectionScore></element><element><id>37</id><category>chair</category><bounds><corner1>-1.1907536860591588, -0.949446502777709, -1.6379130556995118</corner1><corner2>1.1907536860591588, 0.949446502777709, 1.6379130556995118</corner2></bounds><pose><translation>2.669123996245939, -1.4332149154273988, 5.5510995678769754</translation><rotation><c1>1, 0, 0</c1><c2>0, 1, 0</c2><c3>0, 0, 1</c3></rotation></pose><symmetry><x>twoFold</x><y>cylindrical</y><z>twoFold</z></symmetry><detectionScore>-1.0</detectionScore></element><element><id>38</id><category>chair</category><bounds><corner1>-0.6016435551115072, -0.8319511557096898, -1.8343186683276214</corner1><corner2>0.6016435551115072, 0.8319511557096898, 1.8343186683276214</corner2></bounds><pose><translation>-1.1611888406603927, -1.5836862125389142, 2.220523687419637</translation><rotation><c1>1, 0, 0</c1><c2>0, 1, 0</c2><c3>0, 0, 1</c3></rotation></pose><symmetry><x>twoFold</x><y>cylindrical</y><z>twoFold</z></symmetry><detectionScore>-1.0</detectionScore></element><element><id>39</id><category>desk</category><bounds><corner1>-3.132050596485348, -0.4235609915007004, -1.97227462492019</corner1><corner2>3.132050596485348, 0.4235609915007004, 1.97227462492019</corner2></bounds><pose><translation>2.6174945715837223, -0.9032497487800334, 5.372579951313058</translation><rotation><c1>1, 0, 0</c1><c2>0, 1, 0</c2><c3>0, 0, 1</c3></rotation></pose><symmetry><x>twoFold</x><y>cylindrical</y><z>twoFold</z></symmetry><detectionScore>-1.0</detectionScore></element><element><id>40</id><category>floor_lamp</category><bounds><corner1>-1.0674789442187627, -1.9270532114430194, -2.778444227708119</corner1><corner2>1.0674789442187627, 1.9270532114430194, 2.778444227708119</corner2></bounds><pose><translation>-1.8504552319504077, -0.8839759871777458, 3.092391077336955</translation><rotation><c1>1, 0, 0</c1><c2>0, 1, 0</c2><c3>0, 0, 1</c3></rotation></pose><symmetry><x>twoFold</x><y>cylindrical</y><z>twoFold</z></symmetry><detectionScore>-1.0</detectionScore></element><element><id>41</id><category>chandelier</category><bounds><corner1>-1.138706589185319, -0.12949268812192472, -2.174999503127055</corner1><corner2>1.138706589185319, 0.12949268812192472, 2.174999503127055</corner2></bounds><pose><translation>-2.086037044943444, 1.303359836157446, 3.690082356972409</translation><rotation><c1>1, 0, 0</c1><c2>0, 1, 0</c2><c3>0, 0, 1</c3></rotation></pose><symmetry><x>twoFold</x><y>cylindrical</y><z>twoFold</z></symmetry><detectionScore>-1.0</detectionScore></element><element><id>42</id><category>floor</category><bounds><corner1>-2.8391371781111303, -1.0177809970879017, -1.1322963662689394</corner1><corner2>2.8391371781111303, 1.0177809970879017, 1.1322963662689394</corner2></bounds><pose><translation>-6.671350984034365, -1.8642154890290712, 0.38504210158534724</translation><rotation><c1>1, 0, 0</c1><c2>0, 1, 0</c2><c3>0, 0, 1</c3></rotation></pose><symmetry><x>twoFold</x><y>cylindrical</y><z>twoFold</z></symmetry><detectionScore>-1.0</detectionScore></element><element><id>43</id><category>window</category><bounds><corner1>-2.1118879785397993, -1.542619989582207, -1.3625464503535643</corner1><corner2>2.1118879785397993, 1.542619989582207, 1.3625464503535643</corner2></bounds><pose><translation>-3.5326588057905073, -0.21190938745966403, 4.4696023518476</translation><rotation><c1>1, 0, 0</c1><c2>0, 1, 0</c2><c3>0, 0, 1</c3></rotation></pose><symmetry><x>twoFold</x><y>cylindrical</y><z>twoFold</z></symmetry><detectionScore>-1.0</detectionScore></element></elements></scene>