<?xml version='1.0' encoding='utf-8'?>
<scene xmlns:sumo="https://www.sumochallenge.org"><version>2.0</version><categories><id>fb_categories_v1_0</id><url>https://sumochallenge.org/en/categories-1_0.json</url></categories><project_type>bounding_box</project_type><elements><element><id>0</id><category>wall</category><bounds><corner1>-0.5223286611020433, -1.5146843132360401, -0.6662854995460747</corner1><corner2>0.5223286611020433, 1.5146843132360401, 0.6662854995460747</corner2></bounds><pose><translation>0.6475570547566746, -0.015700012801273214, 1.7975048598174237</translation><rotation><c1>1, 0, 0</c1><c2>0, 1, 0</c2><c3>0, 0, 1</c3></rotation></pose><symmetry><x>twoFold</x><y>cylindrical</y><z>twoFold</z></symmetry><detectionScore>-1.0</detectionScore></element><element><id>1</id><category>towel_hanger</category><bounds><corner1>-0.08093562659107523, -0.46113667527747415, -0.18428910746835203</corner1><corner2>0.08093562659107523, 0.46113667527747415, 0.18428910746835203</corner2></bounds><pose><translation>2.4945113632127716, -0.3833237711431956, -0.8516992923851442</translation><rotation><c1>1, 0, 0</c1><c2>0, 1, 0</c2><c3>0, 0, 1</c3></rotation></pose><symmetry><x>twoFold</x><y>cylindrical</y><z>twoFold</z></symmetry><detectionScore>-1.0</detectionScore></element><element><id>2</id><category>wall</category><bounds><corner1>-1.1545781008517526, -1.605149245274453, -2.005950896310111</corner1><corner2>1.1545781008517526, 1.605149245274453, 2.005950896310111</corner2></bounds><pose><translation>-3.198250831442062, -0.17006963458880536, 0.25466880072568904</translation><rotation><c1>1, 0, 0</c1><c2>0, 1, 0</c2><c3>0, 0, 1</c3></rotation></pose><symmetry><x>twoFold</x><y>cylindrical</y><z>twoFold</z></symmetry><detectionScore>-1.0</detectionScore></element><element><id>3</id><category>wall</category><bounds><corner1>-0.19623289830141233, -1.6469739431825183, -0.09464384115353175</corner1><corner2>0.19623289830141233, 1.6469739431825183, 0.09464384115353175</corner2></bounds><pose><translation>0.4544093143520387, -0.15245655006640257, 2.3736095603602974</translation><rotation><c1>1, 0, 0</c1><c2>0, 1, 0</c2><c3>0, 0, 1</c3></rotation></pose><symmetry><x>twoFold</x><y>cylindrical</y><z>twoFold</z></symmetry><detectionScore>-1.0</detectionScore></element><element><id>4</id><category>trash_can</category><bounds><corner1>-0.08572692357759326, -0.4599948936792959, -0.21205412227857368</corner1><corner2>0.08572692357759326, 0.4599948936792959, 0.21205412227857368</corner2></bounds><pose><translation>2.483812740898842, -0.31243559213412686, -0.8794643071953658</translation><rotation><c1>1, 0, 0</c1><c2>0, 1, 0</c2><c3>0, 0, 1</c3></rotation></pose><symmetry><x>twoFold</x><y>cylindrical</y><z>twoFold</z></symmetry><detectionScore>-1.0</detectionScore></element><element><id>5</id><category>switch</category><bounds><corner1>-0.2681999257376604, -0.20983294296733665, -0.04528672423638169</corner1><corner2>0.2681999257376604, 0.20983294296733665, 0.04528672423638169</corner2></bounds><pose><translation>1.6537203954422792, -0.34427050458441916, 1.1612571911391447</translation><rotation><c1>1, 0, 0</c1><c2>0, 1, 0</c2><c3>0, 0, 1</c3></rotation></pose><symmetry><x>twoFold</x><y>cylindrical</y><z>twoFold</z></symmetry><detectionScore>-1.0</detectionScore></element><element><id>6</id><category>hanger</category><bounds><corner1>-1.1148355210440066, -1.0298687805589657, -0.29933555296614567</corner1><corner2>1.1148355210440066, 1.0298687805589657, 0.29933555296614567</corner2></bounds><pose><translation>-2.9669635913060417, -0.6621115489426105, -1.4092240169771755</translation><rotation><c1>1, 0, 0</c1><c2>0, 1, 0</c2><c3>0, 0, 1</c3></rotation></pose><symmetry><x>twoFold</x><y>cylindrical</y><z>twoFold</z></symmetry><detectionScore>-1.0</detectionScore></element><element><id>7</id><category>shelving</category><bounds><corner1>-1.151764694940872, -1.0806906975721566, -0.2954773024934467</corner1><corner2>1.151764694940872, 1.0806906975721566, 0.2954773024934467</corner2></bounds><pose><translation>-3.0051576932954966, -0.6126886019459529, -1.43355256089708</translation><rotation><c1>1, 0, 0</c1><c2>0, 1, 0</c2><c3>0, 0, 1</c3></rotation></pose><symmetry><x>twoFold</x><y>cylindrical</y><z>twoFold</z></symmetry><detectionScore>-1.0</detectionScore></element><element><id>8</id><category>picture_frame</category><bounds><corner1>-0.07075350855193996, -0.9472003819780215, -0.338815694035473</corner1><corner2>0.07075350855193996, 0.9472003819780215, 0.338815694035473</corner2></bounds><pose><translation>2.5374328906843613, -0.7868404810961634, 0.44310085461637755</translation><rotation><c1>1, 0, 0</c1><c2>0, 1, 0</c2><c3>0, 0, 1</c3></rotation></pose><symmetry><x>twoFold</x><y>cylindrical</y><z>twoFold</z></symmetry><detectionScore>-1.0</detectionScore></element><element><id>9</id><category>wall_lamp</category><bounds><corner1>-0.07451865290754789, -0.6345272043714181, -0.2315220244157793</corner1><corner2>0.07451865290754789, 0.6345272043714181, 0.2315220244157793</corner2></bounds><pose><translation>2.4987145826589376, -0.27709092167317195, -0.8989322093325715</translation><rotation><c1>1, 0, 0</c1><c2>0, 1, 0</c2><c3>0, 0, 1</c3></rotation></pose><symmetry><x>twoFold</x><y>cylindrical</y><z>twoFold</z></symmetry><detectionScore>-1.0</detectionScore></element><element><id>10</id><category>wall</category><bounds><corner1>-0.13115584600697217, -1.6304681406505648, -1.864770441467158</corner1><corner2>0.13115584600697217, 1.6304681406505648, 1.864770441467158</corner2></bounds><pose><translation>2.477030553229329, -0.14266742921174477, 0.04210336361572209</translation><rotation><c1>1, 0, 0</c1><c2>0, 1, 0</c2><c3>0, 0, 1</c3></rotation></pose><symmetry><x>twoFold</x><y>cylindrical</y><z>twoFold</z></symmetry><detectionScore>-1.0</detectionScore></element><element><id>11</id><category>kitchen_cabinet</category><bounds><corner1>-0.5234059486134772, -0.36457593949652034, -0.17863400784314765</corner1><corner2>0.5234059486134772, 0.36457593949652034, 0.17863400784314765</corner2></bounds><pose><translation>-2.0742012527325246, -1.028882971741265, -1.223696428470809</translation><rotation><c1>1, 0, 0</c1><c2>0, 1, 0</c2><c3>0, 0, 1</c3></rotation></pose><symmetry><x>twoFold</x><y>cylindrical</y><z>twoFold</z></symmetry><detectionScore>-1.0</detectionScore></element><element><id>12</id><category>mirror</category><bounds><corner1>-0.8625485905370452, -0.5921042491927251, -0.09220170841038433</corner1><corner2>0.8625485905370452, 0.5921042491927251, 0.09220170841038433</corner2></bounds><pose><translation>0.20983397682505223, 0.23802895840964516, -1.8557225044271302</translation><rotation><c1>1, 0, 0</c1><c2>0, 1, 0</c2><c3>0, 0, 1</c3></rotation></pose><symmetry><x>twoFold</x><y>cylindrical</y><z>twoFold</z></symmetry><detectionScore>-1.0</detectionScore></element><element><id>13</id><category>door</category><bounds><corner1>-0.7456903590311805, -1.44883442740741, -0.1024500295903974</corner1><corner2>0.7456903590311805, 1.44883442740741, 0.1024500295903974</corner2></bounds><pose><translation>-0.7384602342230977, -0.46231418162277654, 2.405257858356023</translation><rotation><c1>1, 0, 0</c1><c2>0, 1, 0</c2><c3>0, 0, 1</c3></rotation></pose><symmetry><x>twoFold</x><y>cylindrical</y><z>twoFold</z></symmetry><detectionScore>-1.0</detectionScore></element></elements></scene>