<?xml version='1.0' encoding='utf-8'?>
<scene xmlns:sumo="https://www.sumochallenge.org"><version>2.0</version><categories><id>fb_categories_v1_0</id><url>https://sumochallenge.org/en/categories-1_0.json</url></categories><project_type>bounding_box</project_type><elements><element><id>0</id><category>office_chair</category><bounds><corner1>-1.3931264927771676, -0.783223483285697, -0.29997691164051227</corner1><corner2>1.3931264927771676, 0.783223483285697, 0.29997691164051227</corner2></bounds><pose><translation>-4.329141046354063, -1.8775100841793253, -0.2707897898088375</translation><rotation><c1>0, 0, 0</c1><c2>0, 0, 0</c2><c3>0, 0, 0</c3></rotation></pose><symmetry><x>twoFold</x><y>cylindrical</y><z>twoFold</z></symmetry><detectionScore>-1.0</detectionScore></element><element><id>1</id><category>person</category><bounds><corner1>-0.9929774709080892, -1.1003466092862104, -0.7839867213409636</corner1><corner2>0.9929774709080892, 1.1003466092862104, 0.7839867213409636</corner2></bounds><pose><translation>-1.3631884988887202, -3.261476393273171, -1.2149822287271395</translation><rotation><c1>0, 0, 0</c1><c2>0, 0, 0</c2><c3>0, 0, 0</c3></rotation></pose><symmetry><x>twoFold</x><y>cylindrical</y><z>twoFold</z></symmetry><detectionScore>-1.0</detectionScore></element><element><id>2</id><category>glass</category><bounds><corner1>-0.5531239037686038, -0.21128639589262932, -0.17238699978277128</corner1><corner2>0.5531239037686038, 0.21128639589262932, 0.17238699978277128</corner2></bounds><pose><translation>-2.792666865147722, 0.9475245165427203, -0.7004828444384474</translation><rotation><c1>0, 0, 0</c1><c2>0, 0, 0</c2><c3>0, 0, 0</c3></rotation></pose><symmetry><x>twoFold</x><y>cylindrical</y><z>twoFold</z></symmetry><detectionScore>-1.0</detectionScore></element><element><id>3</id><category>office_chair</category><bounds><corner1>-1.30741601721097, -0.960992616606063, -0.8539351264737629</corner1><corner2>1.30741601721097, 0.960992616606063, 0.8539351264737629</corner2></bounds><pose><translation>-4.196501887844498, -1.7394958328226493, -0.9644834826654234</translation><rotation><c1>0, 0, 0</c1><c2>0, 0, 0</c2><c3>0, 0, 0</c3></rotation></pose><symmetry><x>twoFold</x><y>cylindrical</y><z>twoFold</z></symmetry><detectionScore>-1.0</detectionScore></element><element><id>4</id><category>glass</category><bounds><corner1>-0.719854633841811, -0.22659151191526372, -0.19412912145763128</corner1><corner2>0.719854633841811, 0.22659151191526372, 0.19412912145763128</corner2></bounds><pose><translation>-2.250791755832121, 0.9769994244462323, -0.7383623995521522</translation><rotation><c1>0, 0, 0</c1><c2>0, 0, 0</c2><c3>0, 0, 0</c3></rotation></pose><symmetry><x>twoFold</x><y>cylindrical</y><z>twoFold</z></symmetry><detectionScore>-1.0</detectionScore></element><element><id>5</id><category>plant</category><bounds><corner1>-0.5910045478149448, -0.23738136917300356, -0.16658694169942145</corner1><corner2>0.5910045478149448, 0.23738136917300356, 0.16658694169942145</corner2></bounds><pose><translation>-2.8394799481429707, 0.9509766461724292, -0.7006974957247927</translation><rotation><c1>0, 0, 0</c1><c2>0, 0, 0</c2><c3>0, 0, 0</c3></rotation></pose><symmetry><x>twoFold</x><y>cylindrical</y><z>twoFold</z></symmetry><detectionScore>-1.0</detectionScore></element><element><id>6</id><category>chandelier</category><bounds><corner1>-0.6389881778307174, -1.6333343825247706, -0.1215542960013396</corner1><corner2>0.6389881778307174, 1.6333343825247706, 0.1215542960013396</corner2></bounds><pose><translation>-1.45169301171955, 6.685721287246288, 4.430446688743523</translation><rotation><c1>0, 0, 0</c1><c2>0, 0, 0</c2><c3>0, 0, 0</c3></rotation></pose><symmetry><x>twoFold</x><y>cylindrical</y><z>twoFold</z></symmetry><detectionScore>-1.0</detectionScore></element><element><id>7</id><category>picture_frame</category><bounds><corner1>-0.33241011927990805, -0.3074575397474377, -0.9089066597926292</corner1><corner2>0.33241011927990805, 0.3074575397474377, 0.9089066597926292</corner2></bounds><pose><translation>-5.779415548141655, -3.7691871838177873, 0.5019473441591151</translation><rotation><c1>0, 0, 0</c1><c2>0, 0, 0</c2><c3>0, 0, 0</c3></rotation></pose><symmetry><x>twoFold</x><y>cylindrical</y><z>twoFold</z></symmetry><detectionScore>-1.0</detectionScore></element><element><id>8</id><category>chair</category><bounds><corner1>-0.669760993784795, -3.873831081525937, -0.2565496866136624</corner1><corner2>0.669760993784795, 3.873831081525937, 0.2565496866136624</corner2></bounds><pose><translation>-2.1710490159954645, 1.1130705137905388, -0.7843635631105093</translation><rotation><c1>0, 0, 0</c1><c2>0, 0, 0</c2><c3>0, 0, 0</c3></rotation></pose><symmetry><x>twoFold</x><y>cylindrical</y><z>twoFold</z></symmetry><detectionScore>-1.0</detectionScore></element><element><id>9</id><category>cup</category><bounds><corner1>-0.7212102766953588, -0.22506714943801365, -0.1912490199732717</corner1><corner2>0.7212102766953588, 0.22506714943801365, 0.1912490199732717</corner2></bounds><pose><translation>-2.2528270758083497, 0.978778755181674, -0.735428716108365</translation><rotation><c1>0, 0, 0</c1><c2>0, 0, 0</c2><c3>0, 0, 0</c3></rotation></pose><symmetry><x>twoFold</x><y>cylindrical</y><z>twoFold</z></symmetry><detectionScore>-1.0</detectionScore></element><element><id>10</id><category>person</category><bounds><corner1>-1.2491687946711192, -1.4518520649163338, -0.8072707954024116</corner1><corner2>1.2491687946711192, 1.4518520649163338, 0.8072707954024116</corner2></bounds><pose><translation>-5.394244348758308, -3.3503081117897295, -0.9017507183975526</translation><rotation><c1>0, 0, 0</c1><c2>0, 0, 0</c2><c3>0, 0, 0</c3></rotation></pose><symmetry><x>twoFold</x><y>cylindrical</y><z>twoFold</z></symmetry><detectionScore>-1.0</detectionScore></element><element><id>11</id><category>picture_frame</category><bounds><corner1>-0.5439594789836579, -0.10051678947213682, -0.683950776887048</corner1><corner2>0.5439594789836579, 0.10051678947213682, 0.683950776887048</corner2></bounds><pose><translation>-0.20677108331401542, -3.9863657550856035, 0.5659618825847866</translation><rotation><c1>0, 0, 0</c1><c2>0, 0, 0</c2><c3>0, 0, 0</c3></rotation></pose><symmetry><x>twoFold</x><y>cylindrical</y><z>twoFold</z></symmetry><detectionScore>-1.0</detectionScore></element><element><id>12</id><category>wall</category><bounds><corner1>-1.5355061123912144, -1.0582902875828908, -1.424335393056588</corner1><corner2>1.5355061123912144, 1.0582902875828908, 1.424335393056588</corner2></bounds><pose><translation>-5.741117435750406, -3.741896683854683, 0.2090066932934866</translation><rotation><c1>0, 0, 0</c1><c2>0, 0, 0</c2><c3>0, 0, 0</c3></rotation></pose><symmetry><x>twoFold</x><y>cylindrical</y><z>twoFold</z></symmetry><detectionScore>-1.0</detectionScore></element><element><id>13</id><category>wall</category><bounds><corner1>-0.293746745086503, -1.267816070738908, -0.59197098008859</corner1><corner2>0.293746745086503, 1.267816070738908, 0.59197098008859</corner2></bounds><pose><translation>1.6220757205795144, 2.8062888980544, -0.5897636765523185</translation><rotation><c1>0, 0, 0</c1><c2>0, 0, 0</c2><c3>0, 0, 0</c3></rotation></pose><symmetry><x>twoFold</x><y>cylindrical</y><z>twoFold</z></symmetry><detectionScore>-1.0</detectionScore></element><element><id>14</id><category>chair</category><bounds><corner1>-0.603864135461003, -0.36160255683589915, -0.7008469604244338</corner1><corner2>0.603864135461003, 0.36160255683589915, 0.7008469604244338</corner2></bounds><pose><translation>-5.499808188837928, -3.268711999549315, -0.9053487768535757</translation><rotation><c1>0, 0, 0</c1><c2>0, 0, 0</c2><c3>0, 0, 0</c3></rotation></pose><symmetry><x>twoFold</x><y>cylindrical</y><z>twoFold</z></symmetry><detectionScore>-1.0</detectionScore></element><element><id>15</id><category>cup</category><bounds><corner1>-0.5531239037686038, -0.21128639589262932, -0.17238699978277128</corner1><corner2>0.5531239037686038, 0.21128639589262932, 0.17238699978277128</corner2></bounds><pose><translation>-2.792666865147722, 0.9475245165427203, -0.7004828444384474</translation><rotation><c1>0, 0, 0</c1><c2>0, 0, 0</c2><c3>0, 0, 0</c3></rotation></pose><symmetry><x>twoFold</x><y>cylindrical</y><z>twoFold</z></symmetry><detectionScore>-1.0</detectionScore></element><element><id>16</id><category>stairs</category><bounds><corner1>-4.157862047630079, -1.3837448161278458, -2.8938098119522717</corner1><corner2>4.157862047630079, 1.3837448161278458, 2.8938098119522717</corner2></bounds><pose><translation>-7.815819472051613, 0.502772220865943, 1.5780884649924216</translation><rotation><c1>0, 0, 0</c1><c2>0, 0, 0</c2><c3>0, 0, 0</c3></rotation></pose><symmetry><x>twoFold</x><y>cylindrical</y><z>twoFold</z></symmetry><detectionScore>-1.0</detectionScore></element><element><id>17</id><category>chair</category><bounds><corner1>-0.5878814210459522, -4.787112986471558, -0.26245582250055943</corner1><corner2>0.5878814210459522, 4.787112986471558, 0.26245582250055943</corner2></bounds><pose><translation>-1.9902375661335066, 1.3478705797881192, -0.8375228256098963</translation><rotation><c1>0, 0, 0</c1><c2>0, 0, 0</c2><c3>0, 0, 0</c3></rotation></pose><symmetry><x>twoFold</x><y>cylindrical</y><z>twoFold</z></symmetry><detectionScore>-1.0</detectionScore></element><element><id>18</id><category>person</category><bounds><corner1>-1.391920847781892, -0.778624320883454, -0.3554900190109782</corner1><corner2>1.391920847781892, 0.778624320883454, 0.3554900190109782</corner2></bounds><pose><translation>-4.331280795472438, -1.875397247180816, -0.24036613125405837</translation><rotation><c1>0, 0, 0</c1><c2>0, 0, 0</c2><c3>0, 0, 0</c3></rotation></pose><symmetry><x>twoFold</x><y>cylindrical</y><z>twoFold</z></symmetry><detectionScore>-1.0</detectionScore></element><element><id>19</id><category>window</category><bounds><corner1>-0.717854824321035, -0.1975981790257766, -1.3665101207013959</corner1><corner2>0.717854824321035, 0.1975981790257766, 1.3665101207013959</corner2></bounds><pose><translation>-3.3819449530643784, -3.8622380161491168, -0.04130812753518408</translation><rotation><c1>0, 0, 0</c1><c2>0, 0, 0</c2><c3>0, 0, 0</c3></rotation></pose><symmetry><x>twoFold</x><y>cylindrical</y><z>twoFold</z></symmetry><detectionScore>-1.0</detectionScore></element><element><id>20</id><category>wall</category><bounds><corner1>-0.0770298530415956, -1.2727020574731063, -1.5018273646419853</corner1><corner2>0.0770298530415956, 1.2727020574731063, 1.5018273646419853</corner2></bounds><pose><translation>2.055305835997757, 0.35726295224863497, -0.17611397507177226</translation><rotation><c1>0, 0, 0</c1><c2>0, 0, 0</c2><c3>0, 0, 0</c3></rotation></pose><symmetry><x>twoFold</x><y>cylindrical</y><z>twoFold</z></symmetry><detectionScore>-1.0</detectionScore></element><element><id>21</id><category>chair</category><bounds><corner1>-0.8140625686077063, -1.4267235591068943, -0.28702820266336126</corner1><corner2>0.8140625686077063, 1.4267235591068943, 0.28702820266336126</corner2></bounds><pose><translation>-2.3113627744899876, 0.6977374134079735, -0.8188996946185811</translation><rotation><c1>0, 0, 0</c1><c2>0, 0, 0</c2><c3>0, 0, 0</c3></rotation></pose><symmetry><x>twoFold</x><y>cylindrical</y><z>twoFold</z></symmetry><detectionScore>-1.0</detectionScore></element><element><id>22</id><category>picture_frame</category><bounds><corner1>-0.5645423186180226, -0.10015481485578448, -0.6656940392839392</corner1><corner2>0.5645423186180226, 0.10015481485578448, 0.6656940392839392</corner2></bounds><pose><translation>-1.466291122903413, -3.973978472862966, 0.5259297676729677</translation><rotation><c1>0, 0, 0</c1><c2>0, 0, 0</c2><c3>0, 0, 0</c3></rotation></pose><symmetry><x>twoFold</x><y>cylindrical</y><z>twoFold</z></symmetry><detectionScore>-1.0</detectionScore></element><element><id>23</id><category>chair</category><bounds><corner1>-0.8096806618913974, -0.7642277663755412, -0.22911598077373285</corner1><corner2>0.8096806618913974, 0.7642277663755412, 0.22911598077373285</corner2></bounds><pose><translation>-2.342706246282532, 0.9248084578217493, -0.7537063486002045</translation><rotation><c1>0, 0, 0</c1><c2>0, 0, 0</c2><c3>0, 0, 0</c3></rotation></pose><symmetry><x>twoFold</x><y>cylindrical</y><z>twoFold</z></symmetry><detectionScore>-1.0</detectionScore></element><element><id>24</id><category>armchair</category><bounds><corner1>-0.6164345491138992, -0.36940850093258604, -0.7245290651070861</corner1><corner2>0.6164345491138992, 0.36940850093258604, 0.7245290651070861</corner2></bounds><pose><translation>-5.493433779516341, -3.2772160188617203, -0.9022757696808694</translation><rotation><c1>0, 0, 0</c1><c2>0, 0, 0</c2><c3>0, 0, 0</c3></rotation></pose><symmetry><x>twoFold</x><y>cylindrical</y><z>twoFold</z></symmetry><detectionScore>-1.0</detectionScore></element><element><id>25</id><category>dining_table</category><bounds><corner1>-0.7957419614575096, -1.431122553878314, -0.2881755214631868</corner1><corner2>0.7957419614575096, 1.431122553878314, 0.2881755214631868</corner2></bounds><pose><translation>-2.2979325491292117, 0.7020807861466011, -0.8230139555314725</translation><rotation><c1>0, 0, 0</c1><c2>0, 0, 0</c2><c3>0, 0, 0</c3></rotation></pose><symmetry><x>twoFold</x><y>cylindrical</y><z>twoFold</z></symmetry><detectionScore>-1.0</detectionScore></element><element><id>26</id><category>picture_frame</category><bounds><corner1>-0.35057620488464636, -0.09250296849740192, -0.6875033488977565</corner1><corner2>0.35057620488464636, 0.09250296849740192, 0.6875033488977565</corner2></bounds><pose><translation>-6.728223207941133, -3.736904299898248, 0.5537244031246976</translation><rotation><c1>0, 0, 0</c1><c2>0, 0, 0</c2><c3>0, 0, 0</c3></rotation></pose><symmetry><x>twoFold</x><y>cylindrical</y><z>twoFold</z></symmetry><detectionScore>-1.0</detectionScore></element><element><id>27</id><category>shelving</category><bounds><corner1>-0.2843839916432116, -0.5325951407692378, -0.4655011803531264</corner1><corner2>0.2843839916432116, 0.5325951407692378, 0.4655011803531264</corner2></bounds><pose><translation>1.80437375168689, 0.8740754372775337, 0.9717903927814651</translation><rotation><c1>0, 0, 0</c1><c2>0, 0, 0</c2><c3>0, 0, 0</c3></rotation></pose><symmetry><x>twoFold</x><y>cylindrical</y><z>twoFold</z></symmetry><detectionScore>-1.0</detectionScore></element><element><id>28</id><category>wall</category><bounds><corner1>-5.496091088197062, -2.447954667198164, -3.004839575325969</corner1><corner2>5.496091088197062, 2.447954667198164, 3.004839575325969</corner2></bounds><pose><translation>-7.798919262776088, 1.147988457056908, 0.7655233824492829</translation><rotation><c1>0, 0, 0</c1><c2>0, 0, 0</c2><c3>0, 0, 0</c3></rotation></pose><symmetry><x>twoFold</x><y>cylindrical</y><z>twoFold</z></symmetry><detectionScore>-1.0</detectionScore></element><element><id>29</id><category>armchair</category><bounds><corner1>-2.2539674333397453, -1.8686163581646422, -0.7396985339267734</corner1><corner2>2.2539674333397453, 1.8686163581646422, 0.7396985339267734</corner2></bounds><pose><translation>-5.141105607606763, -2.860158389596923, -1.0102093367334077</translation><rotation><c1>0, 0, 0</c1><c2>0, 0, 0</c2><c3>0, 0, 0</c3></rotation></pose><symmetry><x>twoFold</x><y>cylindrical</y><z>twoFold</z></symmetry><detectionScore>-1.0</detectionScore></element><element><id>30</id><category>window</category><bounds><corner1>-0.37332345728086747, -0.0922300302952026, -0.7212522501950653</corner1><corner2>0.37332345728086747, 0.0922300302952026, 0.7212522501950653</corner2></bounds><pose><translation>-6.754968656539133, -3.7371294772056887, 0.5209462189647149</translation><rotation><c1>0, 0, 0</c1><c2>0, 0, 0</c2><c3>0, 0, 0</c3></rotation></pose><symmetry><x>twoFold</x><y>cylindrical</y><z>twoFold</z></symmetry><detectionScore>-1.0</detectionScore></element><element><id>31</id><category>armchair</category><bounds><corner1>-0.7608762759188312, -4.363804047265962, -0.2459882369693135</corner1><corner2>0.7608762759188312, 4.363804047265962, 0.2459882369693135</corner2></bounds><pose><translation>-2.2865074756355885, 1.2558706852980666, -0.7723884309895366</translation><rotation><c1>0, 0, 0</c1><c2>0, 0, 0</c2><c3>0, 0, 0</c3></rotation></pose><symmetry><x>twoFold</x><y>cylindrical</y><z>twoFold</z></symmetry><detectionScore>-1.0</detectionScore></element><element><id>32</id><category>chair</category><bounds><corner1>-1.4456050477527436, -1.4642420621597374, -0.6240175873533133</corner1><corner2>1.4456050477527436, 1.4642420621597374, 0.6240175873533133</corner2></bounds><pose><translation>-5.59229614733912, -3.4284486239464638, -0.8910940838977506</translation><rotation><c1>0, 0, 0</c1><c2>0, 0, 0</c2><c3>0, 0, 0</c3></rotation></pose><symmetry><x>twoFold</x><y>cylindrical</y><z>twoFold</z></symmetry><detectionScore>-1.0</detectionScore></element><element><id>33</id><category>chandelier</category><bounds><corner1>-2.493084940440731, -1.0235296175753934, -0.1762915014067099</corner1><corner2>2.493084940440731, 1.0235296175753934, 0.1762915014067099</corner2></bounds><pose><translation>-7.582061019873203, 6.004469907453794, 4.321591298295032</translation><rotation><c1>0, 0, 0</c1><c2>0, 0, 0</c2><c3>0, 0, 0</c3></rotation></pose><symmetry><x>twoFold</x><y>cylindrical</y><z>twoFold</z></symmetry><detectionScore>-1.0</detectionScore></element><element><id>34</id><category>person</category><bounds><corner1>-1.3713841582397603, -0.9753771393242281, -1.5237427485371688</corner1><corner2>1.3713841582397603, 0.9753771393242281, 1.5237427485371688</corner2></bounds><pose><translation>-4.264918555922947, -1.8435485795997115, -0.845198456115687</translation><rotation><c1>0, 0, 0</c1><c2>0, 0, 0</c2><c3>0, 0, 0</c3></rotation></pose><symmetry><x>twoFold</x><y>cylindrical</y><z>twoFold</z></symmetry><detectionScore>-1.0</detectionScore></element><element><id>35</id><category>coffee_table</category><bounds><corner1>-1.5259830530867409, -0.3829673284515054, -0.2628248382465952</corner1><corner2>1.5259830530867409, 0.3829673284515054, 0.2628248382465952</corner2></bounds><pose><translation>-0.18251286455659665, -2.3702090364332116, -1.3777917545624576</translation><rotation><c1>0, 0, 0</c1><c2>0, 0, 0</c2><c3>0, 0, 0</c3></rotation></pose><symmetry><x>twoFold</x><y>cylindrical</y><z>twoFold</z></symmetry><detectionScore>-1.0</detectionScore></element><element><id>36</id><category>shelving</category><bounds><corner1>-0.6661396293531996, -0.9149016877881837, -0.44962775633349167</corner1><corner2>0.6661396293531996, 0.9149016877881837, 0.44962775633349167</corner2></bounds><pose><translation>1.2548434211780926, 2.1911140706439407, 0.07179052200027163</translation><rotation><c1>0, 0, 0</c1><c2>0, 0, 0</c2><c3>0, 0, 0</c3></rotation></pose><symmetry><x>twoFold</x><y>cylindrical</y><z>twoFold</z></symmetry><detectionScore>-1.0</detectionScore></element><element><id>37</id><category>wall</category><bounds><corner1>-0.971476519204052, -5.79729615015377, -2.3360426187740133</corner1><corner2>0.971476519204052, 5.79729615015377, 2.3360426187740133</corner2></bounds><pose><translation>0.5567026693797836, 2.5683689716267373, -0.08720371472461402</translation><rotation><c1>0, 0, 0</c1><c2>0, 0, 0</c2><c3>0, 0, 0</c3></rotation></pose><symmetry><x>twoFold</x><y>cylindrical</y><z>twoFold</z></symmetry><detectionScore>-1.0</detectionScore></element><element><id>38</id><category>shelving</category><bounds><corner1>-0.5669177664867431, -0.9448834741518137, -0.47454978498420874</corner1><corner2>0.5669177664867431, 0.9448834741518137, 0.47454978498420874</corner2></bounds><pose><translation>1.2817180404241548, 3.2591688802357517, -0.8613659067631023</translation><rotation><c1>0, 0, 0</c1><c2>0, 0, 0</c2><c3>0, 0, 0</c3></rotation></pose><symmetry><x>twoFold</x><y>cylindrical</y><z>twoFold</z></symmetry><detectionScore>-1.0</detectionScore></element><element><id>39</id><category>wall</category><bounds><corner1>-2.2014494562508875, -1.2266211648176575, -1.3335626834660042</corner1><corner2>2.2014494562508875, 1.2266211648176575, 1.3335626834660042</corner2></bounds><pose><translation>-0.3507067673453161, -3.9185534527328385, -0.5708141029147813</translation><rotation><c1>0, 0, 0</c1><c2>0, 0, 0</c2><c3>0, 0, 0</c3></rotation></pose><symmetry><x>twoFold</x><y>cylindrical</y><z>twoFold</z></symmetry><detectionScore>-1.0</detectionScore></element><element><id>40</id><category>person</category><bounds><corner1>-0.7282192434654167, -4.6299220195029935, -0.44677778033407733</corner1><corner2>0.7282192434654167, 4.6299220195029935, 0.44677778033407733</corner2></bounds><pose><translation>-2.213113957321725, 1.1738520743583254, -0.8056841495148093</translation><rotation><c1>0, 0, 0</c1><c2>0, 0, 0</c2><c3>0, 0, 0</c3></rotation></pose><symmetry><x>twoFold</x><y>cylindrical</y><z>twoFold</z></symmetry><detectionScore>-1.0</detectionScore></element><element><id>41</id><category>wall</category><bounds><corner1>-4.865280890575864, -1.5693819733272654, -1.4168649021568211</corner1><corner2>4.865280890575864, 1.5693819733272654, 1.4168649021568211</corner2></bounds><pose><translation>-7.785058576297805, -1.0653507771274482, 0.1219731356217924</translation><rotation><c1>0, 0, 0</c1><c2>0, 0, 0</c2><c3>0, 0, 0</c3></rotation></pose><symmetry><x>twoFold</x><y>cylindrical</y><z>twoFold</z></symmetry><detectionScore>-1.0</detectionScore></element><element><id>42</id><category>window</category><bounds><corner1>-0.9825243434575812, -0.3458498683178286, -1.0403145457699947</corner1><corner2>0.9825243434575812, 0.3458498683178286, 1.0403145457699947</corner2></bounds><pose><translation>-6.45148584200967, -3.755122141804667, 0.37216708850628466</translation><rotation><c1>0, 0, 0</c1><c2>0, 0, 0</c2><c3>0, 0, 0</c3></rotation></pose><symmetry><x>twoFold</x><y>cylindrical</y><z>twoFold</z></symmetry><detectionScore>-1.0</detectionScore></element><element><id>43</id><category>fruit_bowl</category><bounds><corner1>-0.5700472041758591, -0.2092966571163375, -0.17108487153833096</corner1><corner2>0.5700472041758591, 0.2092966571163375, 0.17108487153833096</corner2></bounds><pose><translation>-2.8118874462042234, 0.9508497224204644, -0.6979100006962916</translation><rotation><c1>0, 0, 0</c1><c2>0, 0, 0</c2><c3>0, 0, 0</c3></rotation></pose><symmetry><x>twoFold</x><y>cylindrical</y><z>twoFold</z></symmetry><detectionScore>-1.0</detectionScore></element><element><id>44</id><category>shelving</category><bounds><corner1>-1.0919624909925703, -5.966456063200367, -2.1727287354464684</corner1><corner2>1.0919624909925703, 5.966456063200367, 2.1727287354464684</corner2></bounds><pose><translation>0.7307473050485506, 2.289311216605159, -0.006602024658093196</translation><rotation><c1>0, 0, 0</c1><c2>0, 0, 0</c2><c3>0, 0, 0</c3></rotation></pose><symmetry><x>twoFold</x><y>cylindrical</y><z>twoFold</z></symmetry><detectionScore>-1.0</detectionScore></element><element><id>45</id><category>desk</category><bounds><corner1>-1.2534956382324425, -0.8656167847547351, -0.4295911163863735</corner1><corner2>1.2534956382324425, 0.8656167847547351, 0.4295911163863735</corner2></bounds><pose><translation>0.13038016023806753, -3.241816833565663, -1.233107820035765</translation><rotation><c1>0, 0, 0</c1><c2>0, 0, 0</c2><c3>0, 0, 0</c3></rotation></pose><symmetry><x>twoFold</x><y>cylindrical</y><z>twoFold</z></symmetry><detectionScore>-1.0</detectionScore></element><element><id>46</id><category>desk</category><bounds><corner1>-1.3943882587513836, -0.7821129815787871, -0.29040336436713066</corner1><corner2>1.3943882587513836, 0.7821129815787871, 0.29040336436713066</corner2></bounds><pose><translation>-4.3320373783385, -1.8779788279509986, -0.2610319799238297</translation><rotation><c1>0, 0, 0</c1><c2>0, 0, 0</c2><c3>0, 0, 0</c3></rotation></pose><symmetry><x>twoFold</x><y>cylindrical</y><z>twoFold</z></symmetry><detectionScore>-1.0</detectionScore></element><element><id>47</id><category>wall</category><bounds><corner1>-0.6428890370089282, -0.7201951207702233, -0.3576694682138525</corner1><corner2>0.6428890370089282, 0.7201951207702233, 0.3576694682138525</corner2></bounds><pose><translation>1.2349416612117752, 1.8091112418169149, 0.3760278969664611</translation><rotation><c1>0, 0, 0</c1><c2>0, 0, 0</c2><c3>0, 0, 0</c3></rotation></pose><symmetry><x>twoFold</x><y>cylindrical</y><z>twoFold</z></symmetry><detectionScore>-1.0</detectionScore></element><element><id>48</id><category>picture_frame</category><bounds><corner1>-0.3986874235961366, -0.09813884507570014, -0.7957696057108907</corner1><corner2>0.3986874235961366, 0.09813884507570014, 0.7957696057108907</corner2></bounds><pose><translation>-6.341281850339362, -3.7510166628116135, 0.5549978189883162</translation><rotation><c1>0, 0, 0</c1><c2>0, 0, 0</c2><c3>0, 0, 0</c3></rotation></pose><symmetry><x>twoFold</x><y>cylindrical</y><z>twoFold</z></symmetry><detectionScore>-1.0</detectionScore></element><element><id>49</id><category>chair</category><bounds><corner1>-0.6446698029241842, -0.940681611443984, -0.4444647195654947</corner1><corner2>0.6446698029241842, 0.940681611443984, 0.4444647195654947</corner2></bounds><pose><translation>1.079577101376402, -3.1618256277743386, -1.2758464069702873</translation><rotation><c1>0, 0, 0</c1><c2>0, 0, 0</c2><c3>0, 0, 0</c3></rotation></pose><symmetry><x>twoFold</x><y>cylindrical</y><z>twoFold</z></symmetry><detectionScore>-1.0</detectionScore></element><element><id>50</id><category>sofa</category><bounds><corner1>-1.1258270869043319, -0.9232857211021832, -0.5464737948629703</corner1><corner2>1.1258270869043319, 0.9232857211021832, 0.5464737948629703</corner2></bounds><pose><translation>-1.5089729072940516, -3.256268346918347, -1.2229477658061558</translation><rotation><c1>0, 0, 0</c1><c2>0, 0, 0</c2><c3>0, 0, 0</c3></rotation></pose><symmetry><x>twoFold</x><y>cylindrical</y><z>twoFold</z></symmetry><detectionScore>-1.0</detectionScore></element><element><id>51</id><category>sofa</category><bounds><corner1>-1.320528435652049, -0.9225115840230647, -0.4829551064584525</corner1><corner2>1.320528435652049, 0.9225115840230647, 0.4829551064584525</corner2></bounds><pose><translation>0.1365335800953864, -3.3033291806103104, -1.2257948369248477</translation><rotation><c1>0, 0, 0</c1><c2>0, 0, 0</c2><c3>0, 0, 0</c3></rotation></pose><symmetry><x>twoFold</x><y>cylindrical</y><z>twoFold</z></symmetry><detectionScore>-1.0</detectionScore></element><element><id>52</id><category>sofa</category><bounds><corner1>-0.5390055427126965, -1.1613109336435605, -0.6954207286296339</corner1><corner2>0.5390055427126965, 1.1613109336435605, 0.6954207286296339</corner2></bounds><pose><translation>-4.563083777033119, -3.316333177928515, -1.1645370591072934</translation><rotation><c1>0, 0, 0</c1><c2>0, 0, 0</c2><c3>0, 0, 0</c3></rotation></pose><symmetry><x>twoFold</x><y>cylindrical</y><z>twoFold</z></symmetry><detectionScore>-1.0</detectionScore></element><element><id>53</id><category>chandelier</category><bounds><corner1>-1.559459964497246, -1.0308507950857035, -0.1256743834749896</corner1><corner2>1.559459964497246, 1.0308507950857035, 0.1256743834749896</corner2></bounds><pose><translation>-6.664213195578418, 2.2504172001430973, 4.448942315931584</translation><rotation><c1>0, 0, 0</c1><c2>0, 0, 0</c2><c3>0, 0, 0</c3></rotation></pose><symmetry><x>twoFold</x><y>cylindrical</y><z>twoFold</z></symmetry><detectionScore>-1.0</detectionScore></element><element><id>54</id><category>partition</category><bounds><corner1>-0.5632357546646456, -0.9041824821022209, -0.47656503152449586</corner1><corner2>0.5632357546646456, 0.9041824821022209, 0.47656503152449586</corner2></bounds><pose><translation>1.2865394809673594, 3.3044133894986274, -0.8732220408348392</translation><rotation><c1>0, 0, 0</c1><c2>0, 0, 0</c2><c3>0, 0, 0</c3></rotation></pose><symmetry><x>twoFold</x><y>cylindrical</y><z>twoFold</z></symmetry><detectionScore>-1.0</detectionScore></element><element><id>55</id><category>armchair</category><bounds><corner1>-0.4924133699538371, -0.853660945842809, -0.49768654975769944</corner1><corner2>0.4924133699538371, 0.853660945842809, 0.49768654975769944</corner2></bounds><pose><translation>1.3923141490266504, -3.1547034926657913, -1.253011751629208</translation><rotation><c1>0, 0, 0</c1><c2>0, 0, 0</c2><c3>0, 0, 0</c3></rotation></pose><symmetry><x>twoFold</x><y>cylindrical</y><z>twoFold</z></symmetry><detectionScore>-1.0</detectionScore></element><element><id>56</id><category>wall</category><bounds><corner1>-0.3335253311342009, -1.2356243313425512, -0.09286336259043093</corner1><corner2>0.3335253311342009, 1.2356243313425512, 0.09286336259043093</corner2></bounds><pose><translation>0.5948319743262788, 6.760000632274446, 4.47288239076749</translation><rotation><c1>0, 0, 0</c1><c2>0, 0, 0</c2><c3>0, 0, 0</c3></rotation></pose><symmetry><x>twoFold</x><y>cylindrical</y><z>twoFold</z></symmetry><detectionScore>-1.0</detectionScore></element><element><id>57</id><category>wall</category><bounds><corner1>-3.6998159363309355, -0.20975394937159386, -3.5796736890006677</corner1><corner2>3.6998159363309355, 0.20975394937159386, 3.5796736890006677</corner2></bounds><pose><translation>-3.122638387106602, 8.164891041182953, 0.6417645688920971</translation><rotation><c1>0, 0, 0</c1><c2>0, 0, 0</c2><c3>0, 0, 0</c3></rotation></pose><symmetry><x>twoFold</x><y>cylindrical</y><z>twoFold</z></symmetry><detectionScore>-1.0</detectionScore></element><element><id>58</id><category>armchair</category><bounds><corner1>-1.055144503791138, -0.9729853266286539, -0.5118552462603035</corner1><corner2>1.055144503791138, 0.9729853266286539, 0.5118552462603035</corner2></bounds><pose><translation>-1.4801432186611028, -3.163310895777128, -1.2461546222510407</translation><rotation><c1>0, 0, 0</c1><c2>0, 0, 0</c2><c3>0, 0, 0</c3></rotation></pose><symmetry><x>twoFold</x><y>cylindrical</y><z>twoFold</z></symmetry><detectionScore>-1.0</detectionScore></element><element><id>59</id><category>person</category><bounds><corner1>-0.6663736228667769, -0.4001327375250372, -0.8423203252128594</corner1><corner2>0.6663736228667769, 0.4001327375250372, 0.8423203252128594</corner2></bounds><pose><translation>-5.547536848108897, -3.309448166414766, -0.8485074092063727</translation><rotation><c1>0, 0, 0</c1><c2>0, 0, 0</c2><c3>0, 0, 0</c3></rotation></pose><symmetry><x>twoFold</x><y>cylindrical</y><z>twoFold</z></symmetry><detectionScore>-1.0</detectionScore></element><element><id>60</id><category>dining_table</category><bounds><corner1>-1.8238235717302793, -1.0029362828649462, -0.3098856996516415</corner1><corner2>1.8238235717302793, 1.0029362828649462, 0.3098856996516415</corner2></bounds><pose><translation>-0.15234770179653934, -3.050828582163647, -1.3096048071823057</translation><rotation><c1>0, 0, 0</c1><c2>0, 0, 0</c2><c3>0, 0, 0</c3></rotation></pose><symmetry><x>twoFold</x><y>cylindrical</y><z>twoFold</z></symmetry><detectionScore>-1.0</detectionScore></element><element><id>61</id><category>wall</category><bounds><corner1>-0.5613520394372233, -0.8989084601319846, -0.4840974192951032</corner1><corner2>0.5613520394372233, 0.8989084601319846, 0.4840974192951032</corner2></bounds><pose><translation>1.2846599537450905, 3.312309046228334, -0.8732663288845368</translation><rotation><c1>0, 0, 0</c1><c2>0, 0, 0</c2><c3>0, 0, 0</c3></rotation></pose><symmetry><x>twoFold</x><y>cylindrical</y><z>twoFold</z></symmetry><detectionScore>-1.0</detectionScore></element><element><id>62</id><category>person</category><bounds><corner1>-0.6209412205153257, -1.0862991324718108, -0.8930221490918455</corner1><corner2>0.6209412205153257, 1.0862991324718108, 0.8930221490918455</corner2></bounds><pose><translation>1.253379129299855, -3.220937246799993, -1.1951793331629723</translation><rotation><c1>0, 0, 0</c1><c2>0, 0, 0</c2><c3>0, 0, 0</c3></rotation></pose><symmetry><x>twoFold</x><y>cylindrical</y><z>twoFold</z></symmetry><detectionScore>-1.0</detectionScore></element><element><id>63</id><category>column</category><bounds><corner1>-0.32775516129652316, -1.2693245981798826, -0.09485380977799807</corner1><corner2>0.32775516129652316, 1.2693245981798826, 0.09485380977799807</corner2></bounds><pose><translation>0.6006021441639565, 6.72397055449624, 4.47076607506983</translation><rotation><c1>0, 0, 0</c1><c2>0, 0, 0</c2><c3>0, 0, 0</c3></rotation></pose><symmetry><x>twoFold</x><y>cylindrical</y><z>twoFold</z></symmetry><detectionScore>-1.0</detectionScore></element></elements></scene>