<?xml version='1.0' encoding='utf-8'?>
<scene xmlns:sumo="https://www.sumochallenge.org"><version>2.0</version><categories><id>fb_categories_v1.0</id><url>https://sumochallenge.org/en/categories-1_0.json</url></categories><project_type>bounding_box</project_type><elements><element><id>15</id><category>chair</category><bounds><corner1>-1.70321063, -0.35818407, -0.2633206 </corner1><corner2>1.70321063, 0.35818407, 0.2633206 </corner2></bounds><pose><translation> 1.67598449, -0.62491837, -0.49803489</translation><rotation><c1>1., 0., 0.</c1><c2>0., 1., 0.</c2><c3>0., 0., 1.</c3></rotation></pose><symmetry><x>none</x><y>none</y><z>none</z></symmetry><detectionScore>-1</detectionScore></element><element><id>7</id><category>kitchen_cabinet</category><bounds><corner1>-0.36128121, -1.2036693 , -2.88364324</corner1><corner2>0.36128121, 1.2036693 , 2.88364324</corner2></bounds><pose><translation> 3.00118762, -0.22250387, -3.6856447 </translation><rotation><c1>1., 0., 0.</c1><c2>0., 1., 0.</c2><c3>0., 0., 1.</c3></rotation></pose><symmetry><x>none</x><y>none</y><z>none</z></symmetry><detectionScore>-1</detectionScore></element><element><id>9</id><category>chair</category><bounds><corner1>-1.75821019, -0.36976182, -0.51079512</corner1><corner2>1.75821019, 0.36976182, 0.51079512</corner2></bounds><pose><translation> 1.58449102, -0.6241091 , -0.94659413</translation><rotation><c1>1., 0., 0.</c1><c2>0., 1., 0.</c2><c3>0., 0., 1.</c3></rotation></pose><symmetry><x>none</x><y>none</y><z>none</z></symmetry><detectionScore>-1</detectionScore></element><element><id>5</id><category>refrigerator</category><bounds><corner1>-0.20184038, -0.84191419, -0.71316276</corner1><corner2>0.20184038, 0.84191419, 0.71316276</corner2></bounds><pose><translation>-1.28552261, -0.4467928 , -2.71207167</translation><rotation><c1>1., 0., 0.</c1><c2>0., 1., 0.</c2><c3>0., 0., 1.</c3></rotation></pose><symmetry><x>none</x><y>none</y><z>none</z></symmetry><detectionScore>-1</detectionScore></element><element><id>4</id><category>heater</category><bounds><corner1>-0.03508091, -0.29744342, -0.45050479</corner1><corner2>0.03508091, 0.29744342, 0.45050479</corner2></bounds><pose><translation>-1.70800524, -0.92534252,  0.46836439</translation><rotation><c1>1., 0., 0.</c1><c2>0., 1., 0.</c2><c3>0., 0., 1.</c3></rotation></pose><symmetry><x>none</x><y>none</y><z>none</z></symmetry><detectionScore>-1</detectionScore></element><element><id>11</id><category>chandelier</category><bounds><corner1>-0.80633091, -0.02413288, -0.23303838</corner1><corner2>0.80633091, 0.02413288, 0.23303838</corner2></bounds><pose><translation> 1.01601001,  1.2894981 , -1.7310968 </translation><rotation><c1>1., 0., 0.</c1><c2>0., 1., 0.</c2><c3>0., 0., 1.</c3></rotation></pose><symmetry><x>none</x><y>none</y><z>none</z></symmetry><detectionScore>-1</detectionScore></element><element><id>10</id><category>chair</category><bounds><corner1>-1.80411875, -0.37874017, -0.94594497</corner1><corner2>1.80411875, 0.37874017, 0.94594497</corner2></bounds><pose><translation> 0.9812056 , -0.61441583, -1.62493252</translation><rotation><c1>1., 0., 0.</c1><c2>0., 1., 0.</c2><c3>0., 0., 1.</c3></rotation></pose><symmetry><x>none</x><y>none</y><z>none</z></symmetry><detectionScore>-1</detectionScore></element><element><id>6</id><category>wall</category><bounds><corner1>-2.23032519, -1.27017922, -1.60693987</corner1><corner2>2.23032519, 1.27017922, 1.60693987</corner2></bounds><pose><translation> 7.32096366e-01,  7.63234987e-03, -7.85954483e+00</translation><rotation><c1>1., 0., 0.</c1><c2>0., 1., 0.</c2><c3>0., 0., 1.</c3></rotation></pose><symmetry><x>none</x><y>none</y><z>none</z></symmetry><detectionScore>-1</detectionScore></element><element><id>14</id><category>kitchen_cabinet</category><bounds><corner1>-0.07907433, -0.22822767, -0.30908549</corner1><corner2>0.07907433, 0.22822767, 0.30908549</corner2></bounds><pose><translation>-1.29705299, -0.78693724, -0.31597529</translation><rotation><c1>1., 0., 0.</c1><c2>0., 1., 0.</c2><c3>0., 0., 1.</c3></rotation></pose><symmetry><x>none</x><y>none</y><z>none</z></symmetry><detectionScore>-1</detectionScore></element><element><id>3</id><category>chair</category><bounds><corner1>-0.68120963, -0.5101022 , -0.20500972</corner1><corner2>0.68120963, 0.5101022 , 0.20500972</corner2></bounds><pose><translation> 0.79466741, -0.85442324, -1.75696841</translation><rotation><c1>1., 0., 0.</c1><c2>0., 1., 0.</c2><c3>0., 0., 1.</c3></rotation></pose><symmetry><x>none</x><y>none</y><z>none</z></symmetry><detectionScore>-1</detectionScore></element><element><id>2</id><category>water_dispenser</category><bounds><corner1>-0.51744391, -0.53278642, -1.69001375</corner1><corner2>0.51744391, 0.53278642, 1.69001375</corner2></bounds><pose><translation> 2.84875475, -0.51859722, -2.14610387</translation><rotation><c1>1., 0., 0.</c1><c2>0., 1., 0.</c2><c3>0., 0., 1.</c3></rotation></pose><symmetry><x>none</x><y>none</y><z>none</z></symmetry><detectionScore>-1</detectionScore></element><element><id>8</id><category>hanging_kitchen_cabinet</category><bounds><corner1>-0.02501373, -0.35286162, -0.34777183</corner1><corner2>0.02501373, 0.35286162, 0.34777183</corner2></bounds><pose><translation>-1.51599742,  0.48228157, -0.36125408</translation><rotation><c1>1., 0., 0.</c1><c2>0., 1., 0.</c2><c3>0., 0., 1.</c3></rotation></pose><symmetry><x>none</x><y>none</y><z>none</z></symmetry><detectionScore>-1</detectionScore></element><element><id>1</id><category>chair</category><bounds><corner1>-1.84017463, -0.39799863, -0.22862332</corner1><corner2>1.84017463, 0.39799863, 0.22862332</corner2></bounds><pose><translation> 1.56097151, -0.81999402, -0.03987497</translation><rotation><c1>1., 0., 0.</c1><c2>0., 1., 0.</c2><c3>0., 0., 1.</c3></rotation></pose><symmetry><x>none</x><y>none</y><z>none</z></symmetry><detectionScore>-1</detectionScore></element></elements></scene>