<?xml version='1.0' encoding='utf-8'?>
<scene xmlns:sumo="https://www.sumochallenge.org"><version>2.0</version><categories><id>fb_categories_v1.0</id><url>https://sumochallenge.org/en/categories-1_0.json</url></categories><project_type>bounding_box</project_type><elements><element><id>6</id><category>wall</category><bounds><corner1>-2.37600992, -1.09277838, -2.31332523</corner1><corner2>2.37600992, 1.09277838, 2.31332523</corner2></bounds><pose><translation> 0.67064607, -0.50477567, -4.62227344</translation><rotation><c1>1., 0., 0.</c1><c2>0., 1., 0.</c2><c3>0., 0., 1.</c3></rotation></pose><symmetry><x>none</x><y>none</y><z>none</z></symmetry><detectionScore>-1</detectionScore></element><element><id>5</id><category>sink</category><bounds><corner1>-1.22938021, -0.35365683, -0.5769638 </corner1><corner2>1.22938021, 0.35365683, 0.5769638 </corner2></bounds><pose><translation> 0.27924604, -0.75800234,  1.77205702</translation><rotation><c1>1., 0., 0.</c1><c2>0., 1., 0.</c2><c3>0., 0., 1.</c3></rotation></pose><symmetry><x>none</x><y>none</y><z>none</z></symmetry><detectionScore>-1</detectionScore></element><element><id>3</id><category>mirror</category><bounds><corner1>-0.9429662 , -0.48412814, -0.0381788 </corner1><corner2>0.9429662 , 0.48412814, 0.0381788 </corner2></bounds><pose><translation>-0.08198143,  0.11826963,  2.31192053</translation><rotation><c1>1., 0., 0.</c1><c2>0., 1., 0.</c2><c3>0., 0., 1.</c3></rotation></pose><symmetry><x>none</x><y>none</y><z>none</z></symmetry><detectionScore>-1</detectionScore></element><element><id>4</id><category>chandelier</category><bounds><corner1>-0.09793758, -0.03886738, -0.46212774</corner1><corner2>0.09793758, 0.03886738, 0.46212774</corner2></bounds><pose><translation>2.70809595, 1.16700584, 1.62651824</translation><rotation><c1>1., 0., 0.</c1><c2>0., 1., 0.</c2><c3>0., 0., 1.</c3></rotation></pose><symmetry><x>none</x><y>none</y><z>none</z></symmetry><detectionScore>-1</detectionScore></element><element><id>2</id><category>door</category><bounds><corner1>-0.52187595, -1.36482955, -0.72117879</corner1><corner2>0.52187595, 1.36482955, 0.72117879</corner2></bounds><pose><translation>-2.87377828, -0.55229735, -0.78128791</translation><rotation><c1>1., 0., 0.</c1><c2>0., 1., 0.</c2><c3>0., 0., 1.</c3></rotation></pose><symmetry><x>none</x><y>none</y><z>none</z></symmetry><detectionScore>-1</detectionScore></element><element><id>1</id><category>armchair</category><bounds><corner1>-1.32188072, -0.60216274, -0.50561206</corner1><corner2>1.32188072, 0.60216274, 0.50561206</corner2></bounds><pose><translation> 2.42793124, -1.06999914, -0.63665835</translation><rotation><c1>1., 0., 0.</c1><c2>0., 1., 0.</c2><c3>0., 0., 1.</c3></rotation></pose><symmetry><x>none</x><y>none</y><z>none</z></symmetry><detectionScore>-1</detectionScore></element><element><id>8</id><category>sink</category><bounds><corner1>-0.61983937, -0.29914181, -0.6521126 </corner1><corner2>0.61983937, 0.29914181, 0.6521126 </corner2></bounds><pose><translation>-0.72558385, -0.75785191,  1.76296667</translation><rotation><c1>1., 0., 0.</c1><c2>0., 1., 0.</c2><c3>0., 0., 1.</c3></rotation></pose><symmetry><x>none</x><y>none</y><z>none</z></symmetry><detectionScore>-1</detectionScore></element></elements></scene>