<?xml version='1.0' encoding='utf-8'?>
<scene xmlns:sumo="https://www.sumochallenge.org"><version>2.0</version><categories><id>fb_categories_v1_0</id><url>https://sumochallenge.org/en/categories-1_0.json</url></categories><project_type>bounding_box</project_type><elements><element><id>0</id><category>wall</category><bounds><corner1>-0.14770161114011326, -1.4235265931297862, -0.4186582786568591</corner1><corner2>0.14770161114011326, 1.4235265931297862, 0.4186582786568591</corner2></bounds><pose><translation>-1.4904472250593148, 0.001446820876383081, 0.8551225530287234</translation><rotation><c1>1, 0, 0</c1><c2>0, 1, 0</c2><c3>0, 0, 1</c3></rotation></pose><symmetry><x>twoFold</x><y>cylindrical</y><z>twoFold</z></symmetry><detectionScore>-1.0</detectionScore></element><element><id>1</id><category>window</category><bounds><corner1>-0.7071189534771927, -0.9194354132485181, -0.16716303345088113</corner1><corner2>0.7071189534771927, 0.9194354132485181, 0.16716303345088113</corner2></bounds><pose><translation>-0.49219916547165327, -0.17439012662976733, 1.3692110787046763</translation><rotation><c1>1, 0, 0</c1><c2>0, 1, 0</c2><c3>0, 0, 1</c3></rotation></pose><symmetry><x>twoFold</x><y>cylindrical</y><z>twoFold</z></symmetry><detectionScore>-1.0</detectionScore></element><element><id>2</id><category>vase</category><bounds><corner1>-0.14840758950000854, -0.36990021111054816, -0.2882528437962333</corner1><corner2>0.14840758950000854, 0.36990021111054816, 0.2882528437962333</corner2></bounds><pose><translation>4.0744416677311, -0.5648202392469585, -2.4408962452430703</translation><rotation><c1>1, 0, 0</c1><c2>0, 1, 0</c2><c3>0, 0, 1</c3></rotation></pose><symmetry><x>twoFold</x><y>cylindrical</y><z>twoFold</z></symmetry><detectionScore>-1.0</detectionScore></element><element><id>3</id><category>wall</category><bounds><corner1>-0.2918683772991615, -1.2147592760309205, -1.0194623996336767</corner1><corner2>0.2918683772991615, 1.2147592760309205, 1.0194623996336767</corner2></bounds><pose><translation>-1.634613991218363, -0.254902344307429, 0.28815196245859764</translation><rotation><c1>1, 0, 0</c1><c2>0, 1, 0</c2><c3>0, 0, 1</c3></rotation></pose><symmetry><x>twoFold</x><y>cylindrical</y><z>twoFold</z></symmetry><detectionScore>-1.0</detectionScore></element><element><id>4</id><category>wall</category><bounds><corner1>-2.6962112214547407, -1.4101710415785274, -3.3872058908921305</corner1><corner2>2.6962112214547407, 1.4101710415785274, 3.3872058908921305</corner2></bounds><pose><translation>1.4527885689724327, -0.07040104452710899, -4.229929635140319</translation><rotation><c1>1, 0, 0</c1><c2>0, 1, 0</c2><c3>0, 0, 1</c3></rotation></pose><symmetry><x>twoFold</x><y>cylindrical</y><z>twoFold</z></symmetry><detectionScore>-1.0</detectionScore></element><element><id>5</id><category>window</category><bounds><corner1>-1.12836726598555, -1.3645718148203207, -0.135041746283024</corner1><corner2>1.12836726598555, 1.3645718148203207, 0.135041746283024</corner2></bounds><pose><translation>3.18683761644742, 0.015181240188426672, 1.098795495554008</translation><rotation><c1>1, 0, 0</c1><c2>0, 1, 0</c2><c3>0, 0, 1</c3></rotation></pose><symmetry><x>twoFold</x><y>cylindrical</y><z>twoFold</z></symmetry><detectionScore>-1.0</detectionScore></element><element><id>6</id><category>window</category><bounds><corner1>-0.08403833206562861, -0.2376963578858864, -0.23571564483116525</corner1><corner2>0.08403833206562861, 0.2376963578858864, 0.23571564483116525</corner2></bounds><pose><translation>-1.4157750871268546, 1.8185924430926876, -2.8314708507199224</translation><rotation><c1>1, 0, 0</c1><c2>0, 1, 0</c2><c3>0, 0, 1</c3></rotation></pose><symmetry><x>twoFold</x><y>cylindrical</y><z>twoFold</z></symmetry><detectionScore>-1.0</detectionScore></element><element><id>7</id><category>arch</category><bounds><corner1>-0.14212293717695013, -1.196383805636023, -0.5182067786242116</corner1><corner2>0.14212293717695013, 1.196383805636023, 0.5182067786242116</corner2></bounds><pose><translation>-1.4729453019496836, -0.33786845340730076, 0.714653379252656</translation><rotation><c1>1, 0, 0</c1><c2>0, 1, 0</c2><c3>0, 0, 1</c3></rotation></pose><symmetry><x>twoFold</x><y>cylindrical</y><z>twoFold</z></symmetry><detectionScore>-1.0</detectionScore></element><element><id>8</id><category>shelving</category><bounds><corner1>-0.17821553541599755, -1.4838127413773587, -0.2646324057969941</corner1><corner2>0.17821553541599755, 1.4838127413773587, 0.2646324057969941</corner2></bounds><pose><translation>4.19961150382846, -0.25941466919151507, 0.9079445724215983</translation><rotation><c1>1, 0, 0</c1><c2>0, 1, 0</c2><c3>0, 0, 1</c3></rotation></pose><symmetry><x>twoFold</x><y>cylindrical</y><z>twoFold</z></symmetry><detectionScore>-1.0</detectionScore></element><element><id>9</id><category>fence</category><bounds><corner1>-0.8790394803526267, -0.23314885095759047, -0.647515877997932</corner1><corner2>0.8790394803526267, 0.23314885095759047, 0.647515877997932</corner2></bounds><pose><translation>2.838413324565564, -0.4170873067398998, -4.328475488913415</translation><rotation><c1>1, 0, 0</c1><c2>0, 1, 0</c2><c3>0, 0, 1</c3></rotation></pose><symmetry><x>twoFold</x><y>cylindrical</y><z>twoFold</z></symmetry><detectionScore>-1.0</detectionScore></element><element><id>10</id><category>stairs</category><bounds><corner1>-0.8833994410361803, -1.699064111601618, -0.9302805728349961</corner1><corner2>0.8833994410361803, 1.699064111601618, 0.9302805728349961</corner2></bounds><pose><translation>-0.9256382405839477, 1.2771317122794312, -3.142013560371436</translation><rotation><c1>1, 0, 0</c1><c2>0, 1, 0</c2><c3>0, 0, 1</c3></rotation></pose><symmetry><x>twoFold</x><y>cylindrical</y><z>twoFold</z></symmetry><detectionScore>-1.0</detectionScore></element><element><id>11</id><category>picture_frame</category><bounds><corner1>-0.10867981482136213, -0.5445158995617045, -0.5639959325913131</corner1><corner2>0.10867981482136213, 0.5445158995617045, 0.5639959325913131</corner2></bounds><pose><translation>-1.649346101720721, 0.7821264964013102, -0.23401280272154293</translation><rotation><c1>1, 0, 0</c1><c2>0, 1, 0</c2><c3>0, 0, 1</c3></rotation></pose><symmetry><x>twoFold</x><y>cylindrical</y><z>twoFold</z></symmetry><detectionScore>-1.0</detectionScore></element><element><id>12</id><category>plant</category><bounds><corner1>-0.9014165599522048, -0.8823334350009671, -0.8487427757639954</corner1><corner2>0.9014165599522048, 0.8823334350009671, 0.8487427757639954</corner2></bounds><pose><translation>3.28278870947889, -1.1563171301627448, -4.243066909672793</translation><rotation><c1>1, 0, 0</c1><c2>0, 1, 0</c2><c3>0, 0, 1</c3></rotation></pose><symmetry><x>twoFold</x><y>cylindrical</y><z>twoFold</z></symmetry><detectionScore>-1.0</detectionScore></element><element><id>13</id><category>plant</category><bounds><corner1>-0.6970442956758771, -0.28977313247934267, -0.7503858124501264</corner1><corner2>0.6970442956758771, 0.28977313247934267, 0.7503858124501264</corner2></bounds><pose><translation>2.4154055022340115, -0.8843250849223394, -4.3153544629071</translation><rotation><c1>1, 0, 0</c1><c2>0, 1, 0</c2><c3>0, 0, 1</c3></rotation></pose><symmetry><x>twoFold</x><y>cylindrical</y><z>twoFold</z></symmetry><detectionScore>-1.0</detectionScore></element><element><id>14</id><category>window</category><bounds><corner1>-1.6471310460642834, -1.0538420913233917, -3.447386767664675</corner1><corner2>1.6471310460642834, 1.0538420913233917, 3.447386767664675</corner2></bounds><pose><translation>2.292386603062536, -0.06369781853847203, -4.341121249383433</translation><rotation><c1>1, 0, 0</c1><c2>0, 1, 0</c2><c3>0, 0, 1</c3></rotation></pose><symmetry><x>twoFold</x><y>cylindrical</y><z>twoFold</z></symmetry><detectionScore>-1.0</detectionScore></element><element><id>15</id><category>wall_lamp</category><bounds><corner1>-0.10593816838369352, -0.6634352135341441, -0.26055185097768874</corner1><corner2>0.10593816838369352, 0.6634352135341441, 0.26055185097768874</corner2></bounds><pose><translation>-1.4405545142032856, 1.875070248583045, -2.3362619762466235</translation><rotation><c1>1, 0, 0</c1><c2>0, 1, 0</c2><c3>0, 0, 1</c3></rotation></pose><symmetry><x>twoFold</x><y>cylindrical</y><z>twoFold</z></symmetry><detectionScore>-1.0</detectionScore></element><element><id>16</id><category>arch</category><bounds><corner1>-3.6944103320971804, -1.6018634932514775, -1.5352652452356013</corner1><corner2>3.6944103320971804, 1.6018634932514775, 1.5352652452356013</corner2></bounds><pose><translation>4.311597865743846, -0.27637860853559343, -0.530513532255761</translation><rotation><c1>1, 0, 0</c1><c2>0, 1, 0</c2><c3>0, 0, 1</c3></rotation></pose><symmetry><x>twoFold</x><y>cylindrical</y><z>twoFold</z></symmetry><detectionScore>-1.0</detectionScore></element><element><id>17</id><category>curtain</category><bounds><corner1>-1.2256429761111571, -1.3998070704027992, -3.45190428958139</corner1><corner2>1.2256429761111571, 1.3998070704027992, 3.45190428958139</corner2></bounds><pose><translation>1.429676531649948, -0.0809934832354803, -4.295787080339346</translation><rotation><c1>1, 0, 0</c1><c2>0, 1, 0</c2><c3>0, 0, 1</c3></rotation></pose><symmetry><x>twoFold</x><y>cylindrical</y><z>twoFold</z></symmetry><detectionScore>-1.0</detectionScore></element><element><id>18</id><category>door</category><bounds><corner1>-3.637675271908382, -1.606437194990695, -1.5500795772420108</corner1><corner2>3.637675271908382, 1.606437194990695, 1.5500795772420108</corner2></bounds><pose><translation>4.368332925932645, -0.3132049543493101, -0.6082328246704205</translation><rotation><c1>1, 0, 0</c1><c2>0, 1, 0</c2><c3>0, 0, 1</c3></rotation></pose><symmetry><x>twoFold</x><y>cylindrical</y><z>twoFold</z></symmetry><detectionScore>-1.0</detectionScore></element><element><id>19</id><category>table_lamp</category><bounds><corner1>-0.14067127534032497, -0.3745120694192969, -0.2918851971569212</corner1><corner2>0.14067127534032497, 0.3745120694192969, 0.2918851971569212</corner2></bounds><pose><translation>4.0821779818907835, -0.5537176771985783, -2.444528598603758</translation><rotation><c1>1, 0, 0</c1><c2>0, 1, 0</c2><c3>0, 0, 1</c3></rotation></pose><symmetry><x>twoFold</x><y>cylindrical</y><z>twoFold</z></symmetry><detectionScore>-1.0</detectionScore></element><element><id>20</id><category>wall</category><bounds><corner1>-3.772846985850694, -1.4282664102124096, -2.4134221970728538</corner1><corner2>3.772846985850694, 1.4282664102124096, 2.4134221970728538</corner2></bounds><pose><translation>4.233161211990333, -0.11859352917733491, -1.2947269400834025</translation><rotation><c1>1, 0, 0</c1><c2>0, 1, 0</c2><c3>0, 0, 1</c3></rotation></pose><symmetry><x>twoFold</x><y>cylindrical</y><z>twoFold</z></symmetry><detectionScore>-1.0</detectionScore></element><element><id>21</id><category>chair</category><bounds><corner1>-0.7156487685072572, -0.2814038917054341, -0.7498234251766345</corner1><corner2>0.7156487685072572, 0.2814038917054341, 0.7498234251766345</corner2></bounds><pose><translation>2.4150480577675473, -0.8759558441484309, -4.316613751360463</translation><rotation><c1>1, 0, 0</c1><c2>0, 1, 0</c2><c3>0, 0, 1</c3></rotation></pose><symmetry><x>twoFold</x><y>cylindrical</y><z>twoFold</z></symmetry><detectionScore>-1.0</detectionScore></element><element><id>22</id><category>wall</category><bounds><corner1>-0.8810783471135745, -2.163204946803876, -1.182955228604738</corner1><corner2>0.8810783471135745, 2.163204946803876, 1.182955228604738</corner2></bounds><pose><translation>-0.4257877118525017, 0.09062455885251942, -2.0113537966352055</translation><rotation><c1>1, 0, 0</c1><c2>0, 1, 0</c2><c3>0, 0, 1</c3></rotation></pose><symmetry><x>twoFold</x><y>cylindrical</y><z>twoFold</z></symmetry><detectionScore>-1.0</detectionScore></element><element><id>23</id><category>wall</category><bounds><corner1>-0.6461023577250039, -1.6766752616107958, -1.1217535185167435</corner1><corner2>0.6461023577250039, 1.6766752616107958, 1.1217535185167435</corner2></bounds><pose><translation>0.22539871100456255, 1.374204497094594, -2.4159590555237753</translation><rotation><c1>1, 0, 0</c1><c2>0, 1, 0</c2><c3>0, 0, 1</c3></rotation></pose><symmetry><x>twoFold</x><y>cylindrical</y><z>twoFold</z></symmetry><detectionScore>-1.0</detectionScore></element><element><id>24</id><category>clock</category><bounds><corner1>-0.08964041491794217, -0.6343451478154927, -0.2601988673365976</corner1><corner2>0.08964041491794217, 0.6343451478154927, 0.2601988673365976</corner2></bounds><pose><translation>-1.439957984637287, 1.869521665609103, -2.336149824354182</translation><rotation><c1>1, 0, 0</c1><c2>0, 1, 0</c2><c3>0, 0, 1</c3></rotation></pose><symmetry><x>twoFold</x><y>cylindrical</y><z>twoFold</z></symmetry><detectionScore>-1.0</detectionScore></element><element><id>25</id><category>column</category><bounds><corner1>-0.1696053666208046, -1.5041141397850988, -0.25613771923081563</corner1><corner2>0.1696053666208046, 1.5041141397850988, 0.25613771923081563</corner2></bounds><pose><translation>4.208221672623653, -0.17953437642637135, 0.9097708281116426</translation><rotation><c1>1, 0, 0</c1><c2>0, 1, 0</c2><c3>0, 0, 1</c3></rotation></pose><symmetry><x>twoFold</x><y>cylindrical</y><z>twoFold</z></symmetry><detectionScore>-1.0</detectionScore></element><element><id>26</id><category>curtain</category><bounds><corner1>-0.9315797313349488, -1.3433075115217616, -0.8498620313645335</corner1><corner2>0.9315797313349488, 1.3433075115217616, 0.8498620313645335</corner2></bounds><pose><translation>3.1449492832835415, -0.22325070579360323, -4.295752859842717</translation><rotation><c1>1, 0, 0</c1><c2>0, 1, 0</c2><c3>0, 0, 1</c3></rotation></pose><symmetry><x>twoFold</x><y>cylindrical</y><z>twoFold</z></symmetry><detectionScore>-1.0</detectionScore></element><element><id>27</id><category>wall</category><bounds><corner1>-0.1829835841807128, -1.4952892533693842, -0.23743518389774942</corner1><corner2>0.1829835841807128, 1.4952892533693842, 0.23743518389774942</corner2></bounds><pose><translation>4.19384366562923, -0.1628327056974798, 0.935141794320843</translation><rotation><c1>1, 0, 0</c1><c2>0, 1, 0</c2><c3>0, 0, 1</c3></rotation></pose><symmetry><x>twoFold</x><y>cylindrical</y><z>twoFold</z></symmetry><detectionScore>-1.0</detectionScore></element><element><id>28</id><category>window</category><bounds><corner1>-0.7708582396891659, -0.25421176170407167, -0.8303209874790354</corner1><corner2>0.7708582396891659, 0.25421176170407167, 0.8303209874790354</corner2></bounds><pose><translation>3.18144942365798, -0.2745346229897923, -4.336198601374308</translation><rotation><c1>1, 0, 0</c1><c2>0, 1, 0</c2><c3>0, 0, 1</c3></rotation></pose><symmetry><x>twoFold</x><y>cylindrical</y><z>twoFold</z></symmetry><detectionScore>-1.0</detectionScore></element><element><id>29</id><category>floor</category><bounds><corner1>-3.6741302104256324, -0.9093815541959118, -1.6122412287274064</corner1><corner2>3.6741302104256324, 0.9093815541959118, 1.6122412287274064</corner2></bounds><pose><translation>4.31775639200137, -1.4557348351995523, -0.6251260378055488</translation><rotation><c1>1, 0, 0</c1><c2>0, 1, 0</c2><c3>0, 0, 1</c3></rotation></pose><symmetry><x>twoFold</x><y>cylindrical</y><z>twoFold</z></symmetry><detectionScore>-1.0</detectionScore></element><element><id>30</id><category>wall</category><bounds><corner1>-0.5302908611846333, -0.7324278683912426, -0.6538056878028062</corner1><corner2>0.5302908611846333, 0.7324278683912426, 0.6538056878028062</corner2></bounds><pose><translation>-0.8994507200939289, 0.091638333442492, -2.260528427748865</translation><rotation><c1>1, 0, 0</c1><c2>0, 1, 0</c2><c3>0, 0, 1</c3></rotation></pose><symmetry><x>twoFold</x><y>cylindrical</y><z>twoFold</z></symmetry><detectionScore>-1.0</detectionScore></element><element><id>31</id><category>dresser</category><bounds><corner1>-0.5269579681300596, -0.515096238266352, -0.7020539870536218</corner1><corner2>0.5269579681300596, 0.515096238266352, 0.7020539870536218</corner2></bounds><pose><translation>3.759413990388184, -1.0903221756552939, -2.3337744007106807</translation><rotation><c1>1, 0, 0</c1><c2>0, 1, 0</c2><c3>0, 0, 1</c3></rotation></pose><symmetry><x>twoFold</x><y>cylindrical</y><z>twoFold</z></symmetry><detectionScore>-1.0</detectionScore></element><element><id>32</id><category>picture_frame</category><bounds><corner1>-0.31708432801439274, -0.5142795630643593, -0.15621435125134298</corner1><corner2>0.31708432801439274, 0.5142795630643593, 0.15621435125134298</corner2></bounds><pose><translation>-0.8063491567557795, -0.42922697379854363, 1.3482514481040142</translation><rotation><c1>1, 0, 0</c1><c2>0, 1, 0</c2><c3>0, 0, 1</c3></rotation></pose><symmetry><x>twoFold</x><y>cylindrical</y><z>twoFold</z></symmetry><detectionScore>-1.0</detectionScore></element><element><id>33</id><category>shelving</category><bounds><corner1>-0.5493677465508978, -0.6838630563781145, -0.5625891986822886</corner1><corner2>0.5493677465508978, 0.6838630563781145, 0.5625891986822886</corner2></bounds><pose><translation>-0.9030062201132265, 0.11867688032799635, -2.268459966227675</translation><rotation><c1>1, 0, 0</c1><c2>0, 1, 0</c2><c3>0, 0, 1</c3></rotation></pose><symmetry><x>twoFold</x><y>cylindrical</y><z>twoFold</z></symmetry><detectionScore>-1.0</detectionScore></element><element><id>34</id><category>picture_frame</category><bounds><corner1>-1.1274332053037726, -1.361643034805268, -0.13470680459442974</corner1><corner2>1.1274332053037726, 1.361643034805268, 0.13470680459442974</corner2></bounds><pose><translation>3.1877716771291973, 0.02108553131162266, 1.0991304372426023</translation><rotation><c1>1, 0, 0</c1><c2>0, 1, 0</c2><c3>0, 0, 1</c3></rotation></pose><symmetry><x>twoFold</x><y>cylindrical</y><z>twoFold</z></symmetry><detectionScore>-1.0</detectionScore></element><element><id>35</id><category>wall</category><bounds><corner1>-1.0000908750089876, -1.5131422758660562, -0.14393760179914294</corner1><corner2>1.0000908750089876, 1.5131422758660562, 0.14393760179914294</corner2></bounds><pose><translation>3.3586448717152044, -0.14652545447079718, 1.089899640037889</translation><rotation><c1>1, 0, 0</c1><c2>0, 1, 0</c2><c3>0, 0, 1</c3></rotation></pose><symmetry><x>twoFold</x><y>cylindrical</y><z>twoFold</z></symmetry><detectionScore>-1.0</detectionScore></element><element><id>36</id><category>armchair</category><bounds><corner1>-1.1053987890135957, -0.8630935785292058, -2.8000505856321674</corner1><corner2>1.1053987890135957, 0.8630935785292058, 2.8000505856321674</corner2></bounds><pose><translation>1.1734472364265833, -1.0449417890005999, -3.5798637190444795</translation><rotation><c1>1, 0, 0</c1><c2>0, 1, 0</c2><c3>0, 0, 1</c3></rotation></pose><symmetry><x>twoFold</x><y>cylindrical</y><z>twoFold</z></symmetry><detectionScore>-1.0</detectionScore></element><element><id>37</id><category>wall</category><bounds><corner1>-0.8968171063486456, -1.4042881467707726, -2.4239856609298034</corner1><corner2>0.8968171063486456, 1.4042881467707726, 2.4239856609298034</corner2></bounds><pose><translation>-0.7449476100384201, 2.1731919082853226, -3.687025604432053</translation><rotation><c1>1, 0, 0</c1><c2>0, 1, 0</c2><c3>0, 0, 1</c3></rotation></pose><symmetry><x>twoFold</x><y>cylindrical</y><z>twoFold</z></symmetry><detectionScore>-1.0</detectionScore></element><element><id>38</id><category>wall</category><bounds><corner1>-0.2332576198049976, -0.7301112910666794, -0.5543833116970887</corner1><corner2>0.2332576198049976, 0.7301112910666794, 0.5543833116970887</corner2></bounds><pose><translation>-1.4296804414549498, 1.2078258926170191, -2.7419444172239507</translation><rotation><c1>1, 0, 0</c1><c2>0, 1, 0</c2><c3>0, 0, 1</c3></rotation></pose><symmetry><x>twoFold</x><y>cylindrical</y><z>twoFold</z></symmetry><detectionScore>-1.0</detectionScore></element><element><id>39</id><category>television</category><bounds><corner1>-0.14587084885282042, -0.43148816347465313, -0.5817737404853112</corner1><corner2>0.14587084885282042, 0.43148816347465313, 0.5817737404853112</corner2></bounds><pose><translation>4.135612560170285, -0.36892376385662007, -2.381246508107685</translation><rotation><c1>1, 0, 0</c1><c2>0, 1, 0</c2><c3>0, 0, 1</c3></rotation></pose><symmetry><x>twoFold</x><y>cylindrical</y><z>twoFold</z></symmetry><detectionScore>-1.0</detectionScore></element><element><id>40</id><category>table_lamp</category><bounds><corner1>-0.12016056255847918, -0.31692154008353657, -0.5817225072343939</corner1><corner2>0.12016056255847918, 0.31692154008353657, 0.5817225072343939</corner2></bounds><pose><translation>4.113982774417769, -0.46409370777294867, -2.464601115384839</translation><rotation><c1>1, 0, 0</c1><c2>0, 1, 0</c2><c3>0, 0, 1</c3></rotation></pose><symmetry><x>twoFold</x><y>cylindrical</y><z>twoFold</z></symmetry><detectionScore>-1.0</detectionScore></element><element><id>41</id><category>curtain</category><bounds><corner1>-0.7949482769070104, -0.301582227493582, -0.2449302422663191</corner1><corner2>0.7949482769070104, 0.301582227493582, 0.2449302422663191</corner2></bounds><pose><translation>3.0027989149502425, -0.06336756638332681, -4.325737652447911</translation><rotation><c1>1, 0, 0</c1><c2>0, 1, 0</c2><c3>0, 0, 1</c3></rotation></pose><symmetry><x>twoFold</x><y>cylindrical</y><z>twoFold</z></symmetry><detectionScore>-1.0</detectionScore></element><element><id>42</id><category>picture_frame</category><bounds><corner1>-0.1253000529748718, -0.340710576251353, -0.3782090875572408</corner1><corner2>0.1253000529748718, 0.340710576251353, 0.3782090875572408</corner2></bounds><pose><translation>4.1436663181162166, -0.3447302946735953, -2.3349444769795107</translation><rotation><c1>1, 0, 0</c1><c2>0, 1, 0</c2><c3>0, 0, 1</c3></rotation></pose><symmetry><x>twoFold</x><y>cylindrical</y><z>twoFold</z></symmetry><detectionScore>-1.0</detectionScore></element><element><id>43</id><category>wall</category><bounds><corner1>-0.9179680260288545, -2.2836983024582582, -0.4487790088736856</corner1><corner2>0.9179680260288545, 2.2836983024582582, 0.4487790088736856</corner2></bounds><pose><translation>-1.2682895740053068, 0.21286201480095604, -2.0027430065972696</translation><rotation><c1>1, 0, 0</c1><c2>0, 1, 0</c2><c3>0, 0, 1</c3></rotation></pose><symmetry><x>twoFold</x><y>cylindrical</y><z>twoFold</z></symmetry><detectionScore>-1.0</detectionScore></element><element><id>44</id><category>picture_frame</category><bounds><corner1>-0.7139581888695745, -1.0839784344749732, -0.1842932083164215</corner1><corner2>0.7139581888695745, 1.0839784344749732, 0.1842932083164215</corner2></bounds><pose><translation>-0.5099079084643948, 0.038784787257485145, 1.352080903839136</translation><rotation><c1>1, 0, 0</c1><c2>0, 1, 0</c2><c3>0, 0, 1</c3></rotation></pose><symmetry><x>twoFold</x><y>cylindrical</y><z>twoFold</z></symmetry><detectionScore>-1.0</detectionScore></element></elements></scene>