<?xml version='1.0' encoding='utf-8'?>
<scene xmlns:sumo="https://www.sumochallenge.org"><version>2.0</version><categories><id>fb_categories_v1_0</id><url>https://sumochallenge.org/en/categories-1_0.json</url></categories><project_type>bounding_box</project_type><elements><element><id>0</id><category>door</category><bounds><corner1>-6.023114086142229, -2.0239598652006423, -1.60825838571598</corner1><corner2>6.023114086142229, 2.0239598652006423, 1.60825838571598</corner2></bounds><pose><translation>-6.023114086142229, -0.07148566724285095, -1.60825838571598</translation><rotation><c1>1, 0, 0</c1><c2>0, 1, 0</c2><c3>0, 0, 1</c3></rotation></pose><symmetry><x>twoFold</x><y>cylindrical</y><z>twoFold</z></symmetry><detectionScore>-1.0</detectionScore></element><element><id>1</id><category>wall</category><bounds><corner1>-4.115371227735776, -2.1096024012780137, -6.636457793263585</corner1><corner2>4.115371227735776, 2.1096024012780137, 6.636457793263585</corner2></bounds><pose><translation>5.646660519232319, -0.10337975983653941, 11.22764642270224</translation><rotation><c1>1, 0, 0</c1><c2>0, 1, 0</c2><c3>0, 0, 1</c3></rotation></pose><symmetry><x>twoFold</x><y>cylindrical</y><z>twoFold</z></symmetry><detectionScore>-1.0</detectionScore></element><element><id>2</id><category>curtain</category><bounds><corner1>-6.668629388539225, -2.089814771546599, -1.599022235131187</corner1><corner2>6.668629388539225, 2.089814771546599, 1.599022235131187</corner2></bounds><pose><translation>-6.668629388539225, 0.17314178089276894, -1.599022235131187</translation><rotation><c1>1, 0, 0</c1><c2>0, 1, 0</c2><c3>0, 0, 1</c3></rotation></pose><symmetry><x>twoFold</x><y>cylindrical</y><z>twoFold</z></symmetry><detectionScore>-1.0</detectionScore></element><element><id>3</id><category>curtain</category><bounds><corner1>-0.3160510501580198, -3.0040870415237637, -2.9706470836607815</corner1><corner2>0.3160510501580198, 3.0040870415237637, 2.9706470836607815</corner2></bounds><pose><translation>9.714308637163244, 1.0352360254879973, 2.0213879204928262</translation><rotation><c1>1, 0, 0</c1><c2>0, 1, 0</c2><c3>0, 0, 1</c3></rotation></pose><symmetry><x>twoFold</x><y>cylindrical</y><z>twoFold</z></symmetry><detectionScore>-1.0</detectionScore></element><element><id>4</id><category>sofa</category><bounds><corner1>-5.733916663186214, -0.2659489060726078, -5.101577277107888</corner1><corner2>5.733916663186214, 0.2659489060726078, 5.101577277107888</corner2></bounds><pose><translation>4.170995172577086, -0.9193051754711082, 2.436375974169395</translation><rotation><c1>1, 0, 0</c1><c2>0, 1, 0</c2><c3>0, 0, 1</c3></rotation></pose><symmetry><x>twoFold</x><y>cylindrical</y><z>twoFold</z></symmetry><detectionScore>-1.0</detectionScore></element><element><id>5</id><category>column</category><bounds><corner1>-0.7704188795991289, -1.181409923703172, -1.6179109360192179</corner1><corner2>0.7704188795991289, 1.181409923703172, 1.6179109360192179</corner2></bounds><pose><translation>8.906731285484746, 2.8825227408576914, 16.216413445513084</translation><rotation><c1>1, 0, 0</c1><c2>0, 1, 0</c2><c3>0, 0, 1</c3></rotation></pose><symmetry><x>twoFold</x><y>cylindrical</y><z>twoFold</z></symmetry><detectionScore>-1.0</detectionScore></element><element><id>6</id><category>sofa</category><bounds><corner1>-4.799419245382044, -0.3955218003110522, -3.374659900008382</corner1><corner2>4.799419245382044, 0.3955218003110522, 3.374659900008382</corner2></bounds><pose><translation>5.137952384348408, -1.037337400000186, 1.558841330611297</translation><rotation><c1>1, 0, 0</c1><c2>0, 1, 0</c2><c3>0, 0, 1</c3></rotation></pose><symmetry><x>twoFold</x><y>cylindrical</y><z>twoFold</z></symmetry><detectionScore>-1.0</detectionScore></element><element><id>7</id><category>curtain</category><bounds><corner1>-1.625626657660213, -1.5836386346604217, -3.2965367513694463</corner1><corner2>1.625626657660213, 1.5836386346604217, 3.2965367513694463</corner2></bounds><pose><translation>8.131757518826781, 2.4962889182926924, 14.54487159629719</translation><rotation><c1>1, 0, 0</c1><c2>0, 1, 0</c2><c3>0, 0, 1</c3></rotation></pose><symmetry><x>twoFold</x><y>cylindrical</y><z>twoFold</z></symmetry><detectionScore>-1.0</detectionScore></element><element><id>8</id><category>door</category><bounds><corner1>-3.0261900392705643, -1.7915962241627787, -1.5886900294345259</corner1><corner2>3.0261900392705643, 1.7915962241627787, 1.5886900294345259</corner2></bounds><pose><translation>6.914707163995131, -0.09892965370967267, -1.5886900294345259</translation><rotation><c1>1, 0, 0</c1><c2>0, 1, 0</c2><c3>0, 0, 1</c3></rotation></pose><symmetry><x>twoFold</x><y>cylindrical</y><z>twoFold</z></symmetry><detectionScore>-1.0</detectionScore></element><element><id>9</id><category>coffee_table</category><bounds><corner1>-0.7780046138944421, -0.21421406280892252, -3.0508282166874032</corner1><corner2>0.7780046138944421, 0.21421406280892252, 3.0508282166874032</corner2></bounds><pose><translation>-5.277906699498495, -0.8758764768607717, 4.175737321303767</translation><rotation><c1>1, 0, 0</c1><c2>0, 1, 0</c2><c3>0, 0, 1</c3></rotation></pose><symmetry><x>twoFold</x><y>cylindrical</y><z>twoFold</z></symmetry><detectionScore>-1.0</detectionScore></element><element><id>10</id><category>wall</category><bounds><corner1>-6.233933210564208, -3.8817961821369713, -22.255179401824023</corner1><corner2>6.233933210564208, 3.8817961821369713, 22.255179401824023</corner2></bounds><pose><translation>2.162001526385421, -0.011672359123811904, 11.847537267438815</translation><rotation><c1>1, 0, 0</c1><c2>0, 1, 0</c2><c3>0, 0, 1</c3></rotation></pose><symmetry><x>twoFold</x><y>cylindrical</y><z>twoFold</z></symmetry><detectionScore>-1.0</detectionScore></element><element><id>11</id><category>wall</category><bounds><corner1>-0.31455676163584556, -3.047071004167588, -3.7206038073126213</corner1><corner2>0.31455676163584556, 3.047071004167588, 3.7206038073126213</corner2></bounds><pose><translation>9.715802925685418, 0.997764541831258, 1.6189336573599094</translation><rotation><c1>1, 0, 0</c1><c2>0, 1, 0</c2><c3>0, 0, 1</c3></rotation></pose><symmetry><x>twoFold</x><y>cylindrical</y><z>twoFold</z></symmetry><detectionScore>-1.0</detectionScore></element><element><id>12</id><category>sofa</category><bounds><corner1>-5.941191711120704, -1.0434705612449287, -2.163836784583475</corner1><corner2>5.941191711120704, 1.0434705612449287, 2.163836784583475</corner2></bounds><pose><translation>-5.941191711120704, -1.0434705612449287, 0.7089214037261727</translation><rotation><c1>1, 0, 0</c1><c2>0, 1, 0</c2><c3>0, 0, 1</c3></rotation></pose><symmetry><x>twoFold</x><y>cylindrical</y><z>twoFold</z></symmetry><detectionScore>-1.0</detectionScore></element><element><id>13</id><category>sofa</category><bounds><corner1>-1.9363981852772023, -0.46335053155477035, -4.849739950258055</corner1><corner2>1.9363981852772023, 0.46335053155477035, 4.849739950258055</corner2></bounds><pose><translation>-0.7224615754533004, -1.1686631216587182, 1.8970641495801548</translation><rotation><c1>1, 0, 0</c1><c2>0, 1, 0</c2><c3>0, 0, 1</c3></rotation></pose><symmetry><x>twoFold</x><y>cylindrical</y><z>twoFold</z></symmetry><detectionScore>-1.0</detectionScore></element><element><id>14</id><category>wall</category><bounds><corner1>-9.388489079246154, -2.8211374169919496, -3.8415622807460243</corner1><corner2>9.388489079246154, 2.8211374169919496, 3.8415622807460243</corner2></bounds><pose><translation>-9.388489079246154, 0.9090060858866098, 1.8484054123187388</translation><rotation><c1>1, 0, 0</c1><c2>0, 1, 0</c2><c3>0, 0, 1</c3></rotation></pose><symmetry><x>twoFold</x><y>cylindrical</y><z>twoFold</z></symmetry><detectionScore>-1.0</detectionScore></element><element><id>15</id><category>sofa</category><bounds><corner1>-3.7336495540517793, -1.0697637304240355, -2.3436895430127493</corner1><corner2>3.7336495540517793, 1.0697637304240355, 2.3436895430127493</corner2></bounds><pose><translation>6.262821077952299, -1.0697637304240355, 0.8967367447885858</translation><rotation><c1>1, 0, 0</c1><c2>0, 1, 0</c2><c3>0, 0, 1</c3></rotation></pose><symmetry><x>twoFold</x><y>cylindrical</y><z>twoFold</z></symmetry><detectionScore>-1.0</detectionScore></element><element><id>16</id><category>sofa</category><bounds><corner1>-6.275203150213152, -0.4334880499844397, -5.866021003162756</corner1><corner2>6.275203150213152, 0.4334880499844397, 5.866021003162756</corner2></bounds><pose><translation>2.900158706257292, -1.0958090831883764, 1.7287571496025744</translation><rotation><c1>1, 0, 0</c1><c2>0, 1, 0</c2><c3>0, 0, 1</c3></rotation></pose><symmetry><x>twoFold</x><y>cylindrical</y><z>twoFold</z></symmetry><detectionScore>-1.0</detectionScore></element><element><id>17</id><category>chair</category><bounds><corner1>-1.4950038553310652, -0.479834214825281, -7.743074926674712</corner1><corner2>1.4950038553310652, 0.479834214825281, 7.743074926674712</corner2></bounds><pose><translation>-3.092000390927284, -0.8219991892276384, 4.21791231601193</translation><rotation><c1>1, 0, 0</c1><c2>0, 1, 0</c2><c3>0, 0, 1</c3></rotation></pose><symmetry><x>twoFold</x><y>cylindrical</y><z>twoFold</z></symmetry><detectionScore>-1.0</detectionScore></element><element><id>18</id><category>chair</category><bounds><corner1>-1.5390829242873107, -0.4390927636868427, -7.635894790040383</corner1><corner2>1.5390829242873107, 0.4390927636868427, 7.635894790040383</corner2></bounds><pose><translation>-2.919073045269303, -0.7852324296378499, 4.330394408700633</translation><rotation><c1>1, 0, 0</c1><c2>0, 1, 0</c2><c3>0, 0, 1</c3></rotation></pose><symmetry><x>twoFold</x><y>cylindrical</y><z>twoFold</z></symmetry><detectionScore>-1.0</detectionScore></element><element><id>19</id><category>wall</category><bounds><corner1>-3.1135899693566387, -3.7450337779921137, -22.247286831567912</corner1><corner2>3.1135899693566387, 3.7450337779921137, 22.247286831567912</corner2></bounds><pose><translation>-3.2614794266920413, 0.2832844667929678, 11.793673664880002</translation><rotation><c1>1, 0, 0</c1><c2>0, 1, 0</c2><c3>0, 0, 1</c3></rotation></pose><symmetry><x>twoFold</x><y>cylindrical</y><z>twoFold</z></symmetry><detectionScore>-1.0</detectionScore></element><element><id>20</id><category>chair</category><bounds><corner1>-0.7955922913360949, -0.21196649354807773, -3.0245055783720725</corner1><corner2>0.7955922913360949, 0.21196649354807773, 3.0245055783720725</corner2></bounds><pose><translation>-5.295494376940148, -0.873628907599927, 4.202059959619098</translation><rotation><c1>1, 0, 0</c1><c2>0, 1, 0</c2><c3>0, 0, 1</c3></rotation></pose><symmetry><x>twoFold</x><y>cylindrical</y><z>twoFold</z></symmetry><detectionScore>-1.0</detectionScore></element><element><id>21</id><category>ottoman</category><bounds><corner1>-1.6534746904380375, -0.42630055571702263, -0.9271214153563796</corner1><corner2>1.6534746904380375, 0.42630055571702263, 0.9271214153563796</corner2></bounds><pose><translation>2.7784830694140386, -1.137065906709253, 1.6492001173277617</translation><rotation><c1>1, 0, 0</c1><c2>0, 1, 0</c2><c3>0, 0, 1</c3></rotation></pose><symmetry><x>twoFold</x><y>cylindrical</y><z>twoFold</z></symmetry><detectionScore>-1.0</detectionScore></element><element><id>22</id><category>armchair</category><bounds><corner1>-1.446422517778301, -0.38071575916641415, -7.638918120303038</corner1><corner2>1.446422517778301, 0.38071575916641415, 7.638918120303038</corner2></bounds><pose><translation>-2.9782552350755687, -0.8242375523676501, 4.173384639846856</translation><rotation><c1>1, 0, 0</c1><c2>0, 1, 0</c2><c3>0, 0, 1</c3></rotation></pose><symmetry><x>twoFold</x><y>cylindrical</y><z>twoFold</z></symmetry><detectionScore>-1.0</detectionScore></element><element><id>23</id><category>rug</category><bounds><corner1>-2.029759187714218, -0.2444657423686436, -6.729822845751226</corner1><corner2>2.029759187714218, 0.2444657423686436, 6.729822845751226</corner2></bounds><pose><translation>0.2298926067403798, -0.9565232778523075, 2.613487392309515</translation><rotation><c1>1, 0, 0</c1><c2>0, 1, 0</c2><c3>0, 0, 1</c3></rotation></pose><symmetry><x>twoFold</x><y>cylindrical</y><z>twoFold</z></symmetry><detectionScore>-1.0</detectionScore></element><element><id>24</id><category>chair</category><bounds><corner1>-2.3368063558319294, -0.3910235651771377, -2.9969083696230223</corner1><corner2>2.3368063558319294, 0.3910235651771377, 2.9969083696230223</corner2></bounds><pose><translation>-5.257115825419064, -0.7723283380443142, 4.022180281045966</translation><rotation><c1>1, 0, 0</c1><c2>0, 1, 0</c2><c3>0, 0, 1</c3></rotation></pose><symmetry><x>twoFold</x><y>cylindrical</y><z>twoFold</z></symmetry><detectionScore>-1.0</detectionScore></element><element><id>25</id><category>sofa</category><bounds><corner1>-4.675314597178455, -1.066798537155895, -4.710600388877578</corner1><corner2>4.675314597178455, 1.066798537155895, 4.710600388877578</corner2></bounds><pose><translation>-4.675314597178455, -1.066798537155895, 1.5060274429306952</translation><rotation><c1>1, 0, 0</c1><c2>0, 1, 0</c2><c3>0, 0, 1</c3></rotation></pose><symmetry><x>twoFold</x><y>cylindrical</y><z>twoFold</z></symmetry><detectionScore>-1.0</detectionScore></element><element><id>26</id><category>sofa</category><bounds><corner1>-4.550847842621592, -0.26485101085484775, -12.481766956397284</corner1><corner2>4.550847842621592, 0.26485101085484775, 12.481766956397284</corner2></bounds><pose><translation>0.5092019085671861, -0.9441942099185144, 3.6113099808876967</translation><rotation><c1>1, 0, 0</c1><c2>0, 1, 0</c2><c3>0, 0, 1</c3></rotation></pose><symmetry><x>twoFold</x><y>cylindrical</y><z>twoFold</z></symmetry><detectionScore>-1.0</detectionScore></element><element><id>27</id><category>window</category><bounds><corner1>-2.50703395649637, -2.118953343628079, -4.014600177828628</corner1><corner2>2.50703395649637, 2.118953343628079, 4.014600177828628</corner2></bounds><pose><translation>7.250350219990624, 1.625207597439341, 11.80915886988602</translation><rotation><c1>1, 0, 0</c1><c2>0, 1, 0</c2><c3>0, 0, 1</c3></rotation></pose><symmetry><x>twoFold</x><y>cylindrical</y><z>twoFold</z></symmetry><detectionScore>-1.0</detectionScore></element><element><id>28</id><category>curtain</category><bounds><corner1>-0.3557849840025771, -1.485366927646179, -1.338476286170291</corner1><corner2>0.3557849840025771, 1.485366927646179, 1.338476286170291</corner2></bounds><pose><translation>9.61200915086475, 0.04735989320902376, 6.011396663445612</translation><rotation><c1>1, 0, 0</c1><c2>0, 1, 0</c2><c3>0, 0, 1</c3></rotation></pose><symmetry><x>twoFold</x><y>cylindrical</y><z>twoFold</z></symmetry><detectionScore>-1.0</detectionScore></element><element><id>29</id><category>chandelier</category><bounds><corner1>-0.7975910143023768, -1.1187721829986481, -1.7057646110134996</corner1><corner2>0.7975910143023768, 1.1187721829986481, 1.7057646110134996</corner2></bounds><pose><translation>8.879559150781498, 2.951799881623108, 16.1285597705188</translation><rotation><c1>1, 0, 0</c1><c2>0, 1, 0</c2><c3>0, 0, 1</c3></rotation></pose><symmetry><x>twoFold</x><y>cylindrical</y><z>twoFold</z></symmetry><detectionScore>-1.0</detectionScore></element><element><id>30</id><category>coffee_table</category><bounds><corner1>-1.8072489014923612, -0.2547202465189107, -7.024305433483342</corner1><corner2>1.8072489014923612, 0.2547202465189107, 7.024305433483342</corner2></bounds><pose><translation>0.23206675779708827, -0.9536531078435737, 2.620161013893331</translation><rotation><c1>1, 0, 0</c1><c2>0, 1, 0</c2><c3>0, 0, 1</c3></rotation></pose><symmetry><x>twoFold</x><y>cylindrical</y><z>twoFold</z></symmetry><detectionScore>-1.0</detectionScore></element><element><id>31</id><category>kitchen_cabinet</category><bounds><corner1>-2.3310098887347266, -1.5412085497006474, -2.108335273049022</corner1><corner2>2.3310098887347266, 1.5412085497006474, 2.108335273049022</corner2></bounds><pose><translation>5.829108704185371, -0.3379489370684757, 9.873761378482195</translation><rotation><c1>1, 0, 0</c1><c2>0, 1, 0</c2><c3>0, 0, 1</c3></rotation></pose><symmetry><x>twoFold</x><y>cylindrical</y><z>twoFold</z></symmetry><detectionScore>-1.0</detectionScore></element><element><id>32</id><category>kitchen_cabinet</category><bounds><corner1>-4.357454656117541, -2.368951318396662, -6.51592012786471</corner1><corner2>4.357454656117541, 2.368951318396662, 6.51592012786471</corner2></bounds><pose><translation>5.355104680707738, -0.6296330475248024, 8.154487086902586</translation><rotation><c1>1, 0, 0</c1><c2>0, 1, 0</c2><c3>0, 0, 1</c3></rotation></pose><symmetry><x>twoFold</x><y>cylindrical</y><z>twoFold</z></symmetry><detectionScore>-1.0</detectionScore></element><element><id>33</id><category>window</category><bounds><corner1>-0.7704188795991289, -1.181409923703172, -1.6179109360192179</corner1><corner2>0.7704188795991289, 1.181409923703172, 1.6179109360192179</corner2></bounds><pose><translation>8.906731285484746, 2.8825227408576914, 16.216413445513084</translation><rotation><c1>1, 0, 0</c1><c2>0, 1, 0</c2><c3>0, 0, 1</c3></rotation></pose><symmetry><x>twoFold</x><y>cylindrical</y><z>twoFold</z></symmetry><detectionScore>-1.0</detectionScore></element><element><id>34</id><category>wall</category><bounds><corner1>-3.4922531236207144, -1.8655972298590777, -5.872816606604845</corner1><corner2>3.4922531236207144, 1.8655972298590777, 5.872816606604845</corner2></bounds><pose><translation>-4.325521238115117, 2.2199641900137586, 12.021952646841358</translation><rotation><c1>1, 0, 0</c1><c2>0, 1, 0</c2><c3>0, 0, 1</c3></rotation></pose><symmetry><x>twoFold</x><y>cylindrical</y><z>twoFold</z></symmetry><detectionScore>-1.0</detectionScore></element><element><id>35</id><category>chandelier</category><bounds><corner1>-0.8965634229162838, -0.2547857035649086, -2.6473484674606187</corner1><corner2>0.8965634229162838, 0.2547857035649086, 2.6473484674606187</corner2></bounds><pose><translation>8.900952983068175, 3.8346304505260225, 14.882346692136304</translation><rotation><c1>1, 0, 0</c1><c2>0, 1, 0</c2><c3>0, 0, 1</c3></rotation></pose><symmetry><x>twoFold</x><y>cylindrical</y><z>twoFold</z></symmetry><detectionScore>-1.0</detectionScore></element><element><id>36</id><category>window</category><bounds><corner1>-0.8090151077106764, -1.31350313101305, -1.3158039325540578</corner1><corner2>0.8090151077106764, 1.31350313101305, 1.3158039325540578</corner2></bounds><pose><translation>8.922553186324082, 2.061477574250025, 11.930279160438362</translation><rotation><c1>1, 0, 0</c1><c2>0, 1, 0</c2><c3>0, 0, 1</c3></rotation></pose><symmetry><x>twoFold</x><y>cylindrical</y><z>twoFold</z></symmetry><detectionScore>-1.0</detectionScore></element><element><id>37</id><category>partition</category><bounds><corner1>-4.021727566279763, -3.6435638918092774, -6.155055547876923</corner1><corner2>4.021727566279763, 3.6435638918092774, 6.155055547876923</corner2></bounds><pose><translation>-4.021727566279763, 0.10331145500137837, 11.735740789150402</translation><rotation><c1>1, 0, 0</c1><c2>0, 1, 0</c2><c3>0, 0, 1</c3></rotation></pose><symmetry><x>twoFold</x><y>cylindrical</y><z>twoFold</z></symmetry><detectionScore>-1.0</detectionScore></element><element><id>38</id><category>wall</category><bounds><corner1>-1.833928340147085, -1.6506399102529516, -3.4354167210033886</corner1><corner2>1.833928340147085, 1.6506399102529516, 3.4354167210033886</corner2></bounds><pose><translation>7.923455836339909, 2.4292876427001624, 14.405991626663248</translation><rotation><c1>1, 0, 0</c1><c2>0, 1, 0</c2><c3>0, 0, 1</c3></rotation></pose><symmetry><x>twoFold</x><y>cylindrical</y><z>twoFold</z></symmetry><detectionScore>-1.0</detectionScore></element><element><id>39</id><category>hanging_kitchen_cabinet</category><bounds><corner1>-2.5055069164941983, -2.098739726339137, -4.013438486343546</corner1><corner2>2.5055069164941983, 2.098739726339137, 4.013438486343546</corner2></bounds><pose><translation>7.251877259992796, 1.645421214728283, 11.810320561371102</translation><rotation><c1>1, 0, 0</c1><c2>0, 1, 0</c2><c3>0, 0, 1</c3></rotation></pose><symmetry><x>twoFold</x><y>cylindrical</y><z>twoFold</z></symmetry><detectionScore>-1.0</detectionScore></element><element><id>40</id><category>curtain</category><bounds><corner1>-2.9397238781817734, -1.897014992849104, -1.5902289207905056</corner1><corner2>2.9397238781817734, 1.897014992849104, 1.5902289207905056</corner2></bounds><pose><translation>7.001173325083922, 0.06406686043050742, -1.5902289207905056</translation><rotation><c1>1, 0, 0</c1><c2>0, 1, 0</c2><c3>0, 0, 1</c3></rotation></pose><symmetry><x>twoFold</x><y>cylindrical</y><z>twoFold</z></symmetry><detectionScore>-1.0</detectionScore></element><element><id>41</id><category>curtain</category><bounds><corner1>-6.958278288793448, -3.2823239823845416, -6.1241825753846015</corner1><corner2>6.958278288793448, 3.2823239823845416, 6.1241825753846015</corner2></bounds><pose><translation>-6.958278288793448, 0.24036258140797698, 11.714420327270258</translation><rotation><c1>1, 0, 0</c1><c2>0, 1, 0</c2><c3>0, 0, 1</c3></rotation></pose><symmetry><x>twoFold</x><y>cylindrical</y><z>twoFold</z></symmetry><detectionScore>-1.0</detectionScore></element><element><id>42</id><category>kitchen_cabinet</category><bounds><corner1>-3.340452252313793, -2.8405704914655985, -8.191173696055548</corner1><corner2>3.340452252313793, 2.8405704914655985, 8.191173696055548</corner2></bounds><pose><translation>6.522154666410178, -0.29128767855362825, 9.567095694569327</translation><rotation><c1>1, 0, 0</c1><c2>0, 1, 0</c2><c3>0, 0, 1</c3></rotation></pose><symmetry><x>twoFold</x><y>cylindrical</y><z>twoFold</z></symmetry><detectionScore>-1.0</detectionScore></element><element><id>43</id><category>curtain</category><bounds><corner1>-2.498169811622173, -2.2359155998999145, -4.091095879670364</corner1><corner2>2.498169811622173, 2.2359155998999145, 4.091095879670364</corner2></bounds><pose><translation>7.259214364864821, 1.6505785394630728, 11.816062661528557</translation><rotation><c1>1, 0, 0</c1><c2>0, 1, 0</c2><c3>0, 0, 1</c3></rotation></pose><symmetry><x>twoFold</x><y>cylindrical</y><z>twoFold</z></symmetry><detectionScore>-1.0</detectionScore></element><element><id>44</id><category>armchair</category><bounds><corner1>-2.3255821367314393, -0.3685860030623972, -2.986356013245092</corner1><corner2>2.3255821367314393, 0.3685860030623972, 2.986356013245092</corner2></bounds><pose><translation>-5.245891606318574, -0.775916000736936, 4.003070134947919</translation><rotation><c1>1, 0, 0</c1><c2>0, 1, 0</c2><c3>0, 0, 1</c3></rotation></pose><symmetry><x>twoFold</x><y>cylindrical</y><z>twoFold</z></symmetry><detectionScore>-1.0</detectionScore></element><element><id>45</id><category>curtain</category><bounds><corner1>-9.340404136219847, -1.695824286121975, -1.387730523594195</corner1><corner2>9.340404136219847, 1.695824286121975, 1.387730523594195</corner2></bounds><pose><translation>-9.340404136219847, 0.08281139803775021, 4.833324699227438</translation><rotation><c1>1, 0, 0</c1><c2>0, 1, 0</c2><c3>0, 0, 1</c3></rotation></pose><symmetry><x>twoFold</x><y>cylindrical</y><z>twoFold</z></symmetry><detectionScore>-1.0</detectionScore></element><element><id>46</id><category>desk</category><bounds><corner1>-1.7960929724970414, -0.3247622849752377, -7.597519223511266</corner1><corner2>1.7960929724970414, 0.3247622849752377, 7.597519223511266</corner2></bounds><pose><translation>-2.9201369066797773, -0.8147230436721101, 4.344116066630675</translation><rotation><c1>1, 0, 0</c1><c2>0, 1, 0</c2><c3>0, 0, 1</c3></rotation></pose><symmetry><x>twoFold</x><y>cylindrical</y><z>twoFold</z></symmetry><detectionScore>-1.0</detectionScore></element><element><id>47</id><category>window</category><bounds><corner1>-3.0484557281867035, -1.6598304578714624, -1.588574833065717</corner1><corner2>3.0484557281867035, 1.6598304578714624, 1.588574833065717</corner2></bounds><pose><translation>6.892441475078992, -0.028244496973911928, -1.588574833065717</translation><rotation><c1>1, 0, 0</c1><c2>0, 1, 0</c2><c3>0, 0, 1</c3></rotation></pose><symmetry><x>twoFold</x><y>cylindrical</y><z>twoFold</z></symmetry><detectionScore>-1.0</detectionScore></element><element><id>48</id><category>wall</category><bounds><corner1>-3.606186930078286, -1.9454267255266764, -15.573866354906208</corner1><corner2>3.606186930078286, 1.9454267255266764, 15.573866354906208</corner2></bounds><pose><translation>1.6087476257537996, 2.141494627863418, 14.685468480396395</translation><rotation><c1>1, 0, 0</c1><c2>0, 1, 0</c2><c3>0, 0, 1</c3></rotation></pose><symmetry><x>twoFold</x><y>cylindrical</y><z>twoFold</z></symmetry><detectionScore>-1.0</detectionScore></element><element><id>49</id><category>dining_table</category><bounds><corner1>-1.6135757932839239, -0.4264715602615413, -6.287161413424127</corner1><corner2>1.6135757932839239, 0.4264715602615413, 6.287161413424127</corner2></bounds><pose><translation>-3.101932511286061, -0.7726112262125485, 5.70859009967429</translation><rotation><c1>1, 0, 0</c1><c2>0, 1, 0</c2><c3>0, 0, 1</c3></rotation></pose><symmetry><x>twoFold</x><y>cylindrical</y><z>twoFold</z></symmetry><detectionScore>-1.0</detectionScore></element><element><id>50</id><category>window</category><bounds><corner1>-6.651856215441788, -1.75001559948958, -1.5932345031292139</corner1><corner2>6.651856215441788, 1.75001559948958, 1.5932345031292139</corner2></bounds><pose><translation>-6.651856215441788, 0.17314178089276894, -1.5932345031292139</translation><rotation><c1>1, 0, 0</c1><c2>0, 1, 0</c2><c3>0, 0, 1</c3></rotation></pose><symmetry><x>twoFold</x><y>cylindrical</y><z>twoFold</z></symmetry><detectionScore>-1.0</detectionScore></element><element><id>51</id><category>curtain</category><bounds><corner1>-9.374201963812588, -2.9504694761029886, -3.3398850800230284</corner1><corner2>9.374201963812588, 2.9504694761029886, 3.3398850800230284</corner2></bounds><pose><translation>-9.374201963812588, 1.2068917901324414, 2.078670142332132</translation><rotation><c1>1, 0, 0</c1><c2>0, 1, 0</c2><c3>0, 0, 1</c3></rotation></pose><symmetry><x>twoFold</x><y>cylindrical</y><z>twoFold</z></symmetry><detectionScore>-1.0</detectionScore></element></elements></scene>