<?xml version='1.0' encoding='utf-8'?>
<scene xmlns:sumo="https://www.sumochallenge.org"><version>2.0</version><categories><id>fb_categories_v1.0</id><url>https://sumochallenge.org/en/categories-1_0.json</url></categories><project_type>bounding_box</project_type><elements><element><id>11</id><category>chair</category><bounds><corner1>-1.60971612, -0.55427783, -0.62269539</corner1><corner2>1.60971612, 0.55427783, 0.62269539</corner2></bounds><pose><translation> 3.47589549, -1.05988402, -2.35887265</translation><rotation><c1>1., 0., 0.</c1><c2>0., 1., 0.</c2><c3>0., 0., 1.</c3></rotation></pose><symmetry><x>none</x><y>none</y><z>none</z></symmetry><detectionScore>-1</detectionScore></element><element><id>6</id><category>wall</category><bounds><corner1>-3.61866294, -0.58840668, -0.47152239</corner1><corner2>3.61866294, 0.58840668, 0.47152239</corner2></bounds><pose><translation> 2.04410257, -0.09335431, -0.83849972</translation><rotation><c1>1., 0., 0.</c1><c2>0., 1., 0.</c2><c3>0., 0., 1.</c3></rotation></pose><symmetry><x>none</x><y>none</y><z>none</z></symmetry><detectionScore>-1</detectionScore></element><element><id>7</id><category>wall</category><bounds><corner1>-0.15805972, -1.42113826, -2.26959818</corner1><corner2>0.15805972, 1.42113826, 2.26959818</corner2></bounds><pose><translation> 1.88025251, -0.23006966,  3.72905878</translation><rotation><c1>1., 0., 0.</c1><c2>0., 1., 0.</c2><c3>0., 0., 1.</c3></rotation></pose><symmetry><x>none</x><y>none</y><z>none</z></symmetry><detectionScore>-1</detectionScore></element><element><id>5</id><category>wall</category><bounds><corner1>-2.69212196, -1.11518816, -0.41049812</corner1><corner2>2.69212196, 1.11518816, 0.41049812</corner2></bounds><pose><translation>-0.83660137, -0.0882404 ,  8.06024114</translation><rotation><c1>1., 0., 0.</c1><c2>0., 1., 0.</c2><c3>0., 0., 1.</c3></rotation></pose><symmetry><x>none</x><y>none</y><z>none</z></symmetry><detectionScore>-1</detectionScore></element><element><id>3</id><category>coffee_table</category><bounds><corner1>-0.31999008, -0.38332696, -0.9200106 </corner1><corner2>0.31999008, 0.38332696, 0.9200106 </corner2></bounds><pose><translation>-2.09998557, -1.42239788,  0.90411846</translation><rotation><c1>1., 0., 0.</c1><c2>0., 1., 0.</c2><c3>0., 0., 1.</c3></rotation></pose><symmetry><x>none</x><y>none</y><z>none</z></symmetry><detectionScore>-1</detectionScore></element><element><id>10</id><category>dresser</category><bounds><corner1>-0.43371447, -0.46021309, -1.31561993</corner1><corner2>0.43371447, 0.46021309, 1.31561993</corner2></bounds><pose><translation> 1.52539003, -0.96123926,  3.51095328</translation><rotation><c1>1., 0., 0.</c1><c2>0., 1., 0.</c2><c3>0., 0., 1.</c3></rotation></pose><symmetry><x>none</x><y>none</y><z>none</z></symmetry><detectionScore>-1</detectionScore></element><element><id>4</id><category>curtain</category><bounds><corner1>-0.63320279, -1.07965374, -0.9113651 </corner1><corner2>0.63320279, 1.07965374, 0.9113651 </corner2></bounds><pose><translation>-3.90211543, -0.17659737,  1.13259098</translation><rotation><c1>1., 0., 0.</c1><c2>0., 1., 0.</c2><c3>0., 0., 1.</c3></rotation></pose><symmetry><x>none</x><y>none</y><z>none</z></symmetry><detectionScore>-1</detectionScore></element><element><id>2</id><category>door</category><bounds><corner1>-0.04190576, -1.06533797, -0.54872653</corner1><corner2>0.04190576, 1.06533797, 0.54872653</corner2></bounds><pose><translation> 2.05209657, -0.29890564,  0.46734553</translation><rotation><c1>1., 0., 0.</c1><c2>0., 1., 0.</c2><c3>0., 0., 1.</c3></rotation></pose><symmetry><x>none</x><y>none</y><z>none</z></symmetry><detectionScore>-1</detectionScore></element><element><id>1</id><category>chandelier</category><bounds><corner1>-0.45314044, -0.02400088, -1.32036371</corner1><corner2>0.45314044, 0.02400088, 1.32036371</corner2></bounds><pose><translation>-2.27412998,  1.18324545,  1.52877557</translation><rotation><c1>1., 0., 0.</c1><c2>0., 1., 0.</c2><c3>0., 0., 1.</c3></rotation></pose><symmetry><x>none</x><y>none</y><z>none</z></symmetry><detectionScore>-1</detectionScore></element><element><id>8</id><category>wall</category><bounds><corner1>-1.89409041, -1.23970658, -1.07178605</corner1><corner2>1.89409041, 1.23970658, 1.07178605</corner2></bounds><pose><translation>-3.73642415e-03, -1.44572439e-01, -3.76190275e+00</translation><rotation><c1>1., 0., 0.</c1><c2>0., 1., 0.</c2><c3>0., 0., 1.</c3></rotation></pose><symmetry><x>none</x><y>none</y><z>none</z></symmetry><detectionScore>-1</detectionScore></element></elements></scene>