<?xml version='1.0' encoding='utf-8'?>
<scene xmlns:sumo="https://www.sumochallenge.org"><version>2.0</version><categories><id>fb_categories_v1_0</id><url>https://sumochallenge.org/en/categories-1_0.json</url></categories><project_type>bounding_box</project_type><elements><element><id>0</id><category>wall</category><bounds><corner1>-1.4949040360067087, -1.538252320133723, -1.990644259143595</corner1><corner2>1.4949040360067087, 1.538252320133723, 1.990644259143595</corner2></bounds><pose><translation>6.8551887895167845, -0.11774381150072244, 2.125217935396127</translation><rotation><c1>1, 0, 0</c1><c2>0, 1, 0</c2><c3>0, 0, 1</c3></rotation></pose><symmetry><x>twoFold</x><y>cylindrical</y><z>twoFold</z></symmetry><detectionScore>-1.0</detectionScore></element><element><id>1</id><category>plant</category><bounds><corner1>-2.520352487941728, -1.3211626299605275, -4.011032148585913</corner1><corner2>2.520352487941728, 1.3211626299605275, 4.011032148585913</corner2></bounds><pose><translation>-3.5361364104133752, 0.12262866985334263, 4.831162186583444</translation><rotation><c1>1, 0, 0</c1><c2>0, 1, 0</c2><c3>0, 0, 1</c3></rotation></pose><symmetry><x>twoFold</x><y>cylindrical</y><z>twoFold</z></symmetry><detectionScore>-1.0</detectionScore></element><element><id>2</id><category>dishwasher</category><bounds><corner1>-1.42020920962335, -0.4346093966320382, -0.26282340178334207</corner1><corner2>1.42020920962335, 0.4346093966320382, 0.26282340178334207</corner2></bounds><pose><translation>3.051524087923489, -0.7171201841250735, -1.1327364116669287</translation><rotation><c1>1, 0, 0</c1><c2>0, 1, 0</c2><c3>0, 0, 1</c3></rotation></pose><symmetry><x>twoFold</x><y>cylindrical</y><z>twoFold</z></symmetry><detectionScore>-1.0</detectionScore></element><element><id>3</id><category>picture_frame</category><bounds><corner1>-0.18941568255665153, -1.340835351982776, -1.3526032234577499</corner1><corner2>0.18941568255665153, 1.340835351982776, 1.3526032234577499</corner2></bounds><pose><translation>6.796688030604104, 0.08783413143250589, 0.7780309857812729</translation><rotation><c1>1, 0, 0</c1><c2>0, 1, 0</c2><c3>0, 0, 1</c3></rotation></pose><symmetry><x>twoFold</x><y>cylindrical</y><z>twoFold</z></symmetry><detectionScore>-1.0</detectionScore></element><element><id>4</id><category>chandelier</category><bounds><corner1>-0.11008992484026864, -0.05051022120613324, -0.19832743565762145</corner1><corner2>0.11008992484026864, 0.05051022120613324, 0.19832743565762145</corner2></bounds><pose><translation>-0.37374950558867864, 1.5806356016328207, 2.1699883248624374</translation><rotation><c1>1, 0, 0</c1><c2>0, 1, 0</c2><c3>0, 0, 1</c3></rotation></pose><symmetry><x>twoFold</x><y>cylindrical</y><z>twoFold</z></symmetry><detectionScore>-1.0</detectionScore></element><element><id>5</id><category>knife_rack</category><bounds><corner1>-0.2995627100807744, -0.17425619260521624, -0.15475219221915637</corner1><corner2>0.2995627100807744, 0.17425619260521624, 0.15475219221915637</corner2></bounds><pose><translation>0.6005534441562222, -0.2692280632193116, -1.7945784299397833</translation><rotation><c1>1, 0, 0</c1><c2>0, 1, 0</c2><c3>0, 0, 1</c3></rotation></pose><symmetry><x>twoFold</x><y>cylindrical</y><z>twoFold</z></symmetry><detectionScore>-1.0</detectionScore></element><element><id>6</id><category>wall</category><bounds><corner1>-2.029038924348656, -0.10283950381416807, -1.5281586509618015</corner1><corner2>2.029038924348656, 0.10283950381416807, 1.5281586509618015</corner2></bounds><pose><translation>2.6433271192843764, 1.544597030681712, 0.44515064260050186</translation><rotation><c1>1, 0, 0</c1><c2>0, 1, 0</c2><c3>0, 0, 1</c3></rotation></pose><symmetry><x>twoFold</x><y>cylindrical</y><z>twoFold</z></symmetry><detectionScore>-1.0</detectionScore></element><element><id>7</id><category>picture_frame</category><bounds><corner1>-0.1410426006231278, -1.3611962848659833, -0.5973730254162124</corner1><corner2>0.1410426006231278, 1.3611962848659833, 0.5973730254162124</corner2></bounds><pose><translation>6.471751906203134, -0.09480828815305531, 5.928699391093516</translation><rotation><c1>1, 0, 0</c1><c2>0, 1, 0</c2><c3>0, 0, 1</c3></rotation></pose><symmetry><x>twoFold</x><y>cylindrical</y><z>twoFold</z></symmetry><detectionScore>-1.0</detectionScore></element><element><id>8</id><category>wall_lamp</category><bounds><corner1>-0.3086269975891911, -0.06095901607510057, -0.3847295759438425</corner1><corner2>0.3086269975891911, 0.06095901607510057, 0.3847295759438425</corner2></bounds><pose><translation>2.014979414511001, 1.5638068539446939, 1.239272355362345</translation><rotation><c1>1, 0, 0</c1><c2>0, 1, 0</c2><c3>0, 0, 1</c3></rotation></pose><symmetry><x>twoFold</x><y>cylindrical</y><z>twoFold</z></symmetry><detectionScore>-1.0</detectionScore></element><element><id>9</id><category>kitchen_cabinet</category><bounds><corner1>-1.1823367774875213, -0.9376463786243547, -0.383857248386158</corner1><corner2>1.1823367774875213, 0.9376463786243547, 0.383857248386158</corner2></bounds><pose><translation>3.292006197457535, -0.45406224834042175, -1.1686698935105453</translation><rotation><c1>1, 0, 0</c1><c2>0, 1, 0</c2><c3>0, 0, 1</c3></rotation></pose><symmetry><x>twoFold</x><y>cylindrical</y><z>twoFold</z></symmetry><detectionScore>-1.0</detectionScore></element><element><id>10</id><category>sofa</category><bounds><corner1>-2.7173722552634456, -0.4511710247779987, -3.982309513962454</corner1><corner2>2.7173722552634456, 0.4511710247779987, 3.982309513962454</corner2></bounds><pose><translation>3.8526325659393827, -0.740505850518051, 4.804263370902383</translation><rotation><c1>1, 0, 0</c1><c2>0, 1, 0</c2><c3>0, 0, 1</c3></rotation></pose><symmetry><x>twoFold</x><y>cylindrical</y><z>twoFold</z></symmetry><detectionScore>-1.0</detectionScore></element><element><id>11</id><category>door</category><bounds><corner1>-2.4946226550214314, -1.5340932389485369, -0.7285140872982119</corner1><corner2>2.4946226550214314, 1.5340932389485369, 0.7285140872982119</corner2></bounds><pose><translation>-3.9408520399152525, -0.020626919577625174, 0.4734995675561425</translation><rotation><c1>1, 0, 0</c1><c2>0, 1, 0</c2><c3>0, 0, 1</c3></rotation></pose><symmetry><x>twoFold</x><y>cylindrical</y><z>twoFold</z></symmetry><detectionScore>-1.0</detectionScore></element><element><id>12</id><category>window</category><bounds><corner1>-0.15225453827089108, -1.5376375045602666, -1.1658945102431657</corner1><corner2>0.15225453827089108, 1.5376375045602666, 1.1658945102431657</corner2></bounds><pose><translation>6.427158332120497, -0.1596223976101662, 6.89746245842485</translation><rotation><c1>1, 0, 0</c1><c2>0, 1, 0</c2><c3>0, 0, 1</c3></rotation></pose><symmetry><x>twoFold</x><y>cylindrical</y><z>twoFold</z></symmetry><detectionScore>-1.0</detectionScore></element><element><id>13</id><category>picture_frame</category><bounds><corner1>-0.15301043413112225, -1.5516329462710725, -1.1734842110879393</corner1><corner2>0.15301043413112225, 1.5516329462710725, 1.1734842110879393</corner2></bounds><pose><translation>6.426402436260266, -0.17361783932097216, 6.8898727575800764</translation><rotation><c1>1, 0, 0</c1><c2>0, 1, 0</c2><c3>0, 0, 1</c3></rotation></pose><symmetry><x>twoFold</x><y>cylindrical</y><z>twoFold</z></symmetry><detectionScore>-1.0</detectionScore></element><element><id>14</id><category>plant</category><bounds><corner1>-0.33538272281408166, -0.20556116102157632, -0.3548277342024506</corner1><corner2>0.33538272281408166, 0.20556116102157632, 0.3548277342024506</corner2></bounds><pose><translation>0.6425161117027128, -0.21523507769410843, -1.9998110895117904</translation><rotation><c1>1, 0, 0</c1><c2>0, 1, 0</c2><c3>0, 0, 1</c3></rotation></pose><symmetry><x>twoFold</x><y>cylindrical</y><z>twoFold</z></symmetry><detectionScore>-1.0</detectionScore></element><element><id>15</id><category>chandelier</category><bounds><corner1>-0.26519229027308044, -0.18272674122817545, -0.05060360997402258</corner1><corner2>0.26519229027308044, 0.18272674122817545, 0.05060360997402258</corner2></bounds><pose><translation>0.6445779606825193, 1.1179303538366294, -1.57488374781218</translation><rotation><c1>1, 0, 0</c1><c2>0, 1, 0</c2><c3>0, 0, 1</c3></rotation></pose><symmetry><x>twoFold</x><y>cylindrical</y><z>twoFold</z></symmetry><detectionScore>-1.0</detectionScore></element><element><id>16</id><category>window</category><bounds><corner1>-0.045688152221271316, -1.1083542827967803, -0.491933684186443</corner1><corner2>0.045688152221271316, 1.1083542827967803, 0.491933684186443</corner2></bounds><pose><translation>-1.5049545377766818, 0.08451060721650458, -0.06592926721395574</translation><rotation><c1>1, 0, 0</c1><c2>0, 1, 0</c2><c3>0, 0, 1</c3></rotation></pose><symmetry><x>twoFold</x><y>cylindrical</y><z>twoFold</z></symmetry><detectionScore>-1.0</detectionScore></element><element><id>17</id><category>refrigerator</category><bounds><corner1>-0.8246073982766444, -1.247209168604167, -0.39616639014965815</corner1><corner2>0.8246073982766444, 1.247209168604167, 0.39616639014965815</corner2></bounds><pose><translation>3.6509363948078755, -0.36532491702292735, -1.1410983470477576</translation><rotation><c1>1, 0, 0</c1><c2>0, 1, 0</c2><c3>0, 0, 1</c3></rotation></pose><symmetry><x>twoFold</x><y>cylindrical</y><z>twoFold</z></symmetry><detectionScore>-1.0</detectionScore></element><element><id>18</id><category>chandelier</category><bounds><corner1>-5.565338121918992, -0.12083634081012762, -2.911688963864455</corner1><corner2>5.565338121918992, 0.12083634081012762, 2.911688963864455</corner2></bounds><pose><translation>2.7399597409422407, 1.4647386582758444, 1.3049862037245377</translation><rotation><c1>1, 0, 0</c1><c2>0, 1, 0</c2><c3>0, 0, 1</c3></rotation></pose><symmetry><x>twoFold</x><y>cylindrical</y><z>twoFold</z></symmetry><detectionScore>-1.0</detectionScore></element><element><id>19</id><category>wall</category><bounds><corner1>-2.484041400167636, -1.3627318601760139, -1.3794879951939594</corner1><corner2>2.484041400167636, 1.3627318601760139, 1.3794879951939594</corner2></bounds><pose><translation>-3.9321828094474935, 0.13782852613427907, 0.49125705858891905</translation><rotation><c1>1, 0, 0</c1><c2>0, 1, 0</c2><c3>0, 0, 1</c3></rotation></pose><symmetry><x>twoFold</x><y>cylindrical</y><z>twoFold</z></symmetry><detectionScore>-1.0</detectionScore></element><element><id>20</id><category>wall</category><bounds><corner1>-1.5283680104966795, -1.2379618123619627, -0.15270269313515228</corner1><corner2>1.5283680104966795, 1.2379618123619627, 0.15270269313515228</corner2></bounds><pose><translation>0.1724812939162296, 0.04967497910494562, -1.4225316208122347</translation><rotation><c1>1, 0, 0</c1><c2>0, 1, 0</c2><c3>0, 0, 1</c3></rotation></pose><symmetry><x>twoFold</x><y>cylindrical</y><z>twoFold</z></symmetry><detectionScore>-1.0</detectionScore></element><element><id>21</id><category>window</category><bounds><corner1>-2.5229128833971943, -1.266866812666287, -0.8148767774717308</corner1><corner2>2.5229128833971943, 1.266866812666287, 0.8148767774717308</corner2></bounds><pose><translation>-3.9797085092392344, 0.2140304828753421, 0.6855608308746387</translation><rotation><c1>1, 0, 0</c1><c2>0, 1, 0</c2><c3>0, 0, 1</c3></rotation></pose><symmetry><x>twoFold</x><y>cylindrical</y><z>twoFold</z></symmetry><detectionScore>-1.0</detectionScore></element><element><id>22</id><category>wall</category><bounds><corner1>-1.650852915440204, -1.541477155221572, -2.6276668071097165</corner1><corner2>1.650852915440204, 1.541477155221572, 2.6276668071097165</corner2></bounds><pose><translation>6.694159939880187, -0.11395104039986816, 0.3109593004786074</translation><rotation><c1>1, 0, 0</c1><c2>0, 1, 0</c2><c3>0, 0, 1</c3></rotation></pose><symmetry><x>twoFold</x><y>cylindrical</y><z>twoFold</z></symmetry><detectionScore>-1.0</detectionScore></element><element><id>23</id><category>sofa</category><bounds><corner1>-5.078771337526376, -0.42849936389026594, -5.195261774145024</corner1><corner2>5.078771337526376, 0.42849936389026594, 5.195261774145024</corner2></bounds><pose><translation>1.4552373410198292, -0.8128244033129669, 3.6850015480817575</translation><rotation><c1>1, 0, 0</c1><c2>0, 1, 0</c2><c3>0, 0, 1</c3></rotation></pose><symmetry><x>twoFold</x><y>cylindrical</y><z>twoFold</z></symmetry><detectionScore>-1.0</detectionScore></element><element><id>24</id><category>table_and_chair</category><bounds><corner1>-1.173099431702986, -1.1445819565183903, -1.4044010939466212</corner1><corner2>1.173099431702986, 1.1445819565183903, 1.4044010939466212</corner2></bounds><pose><translation>-2.5645585167557132, -1.4302633671952136, 0.6184286080209827</translation><rotation><c1>1, 0, 0</c1><c2>0, 1, 0</c2><c3>0, 0, 1</c3></rotation></pose><symmetry><x>twoFold</x><y>cylindrical</y><z>twoFold</z></symmetry><detectionScore>-1.0</detectionScore></element><element><id>25</id><category>tv_stand</category><bounds><corner1>-2.8169331279969794, -1.4156047374861154, -0.4956180205433025</corner1><corner2>2.8169331279969794, 1.4156047374861154, 0.4956180205433025</corner2></bounds><pose><translation>0.7675222345014104, -0.008298645843588966, 8.38666571724577</translation><rotation><c1>1, 0, 0</c1><c2>0, 1, 0</c2><c3>0, 0, 1</c3></rotation></pose><symmetry><x>twoFold</x><y>cylindrical</y><z>twoFold</z></symmetry><detectionScore>-1.0</detectionScore></element><element><id>26</id><category>chandelier</category><bounds><corner1>-0.26375981112846025, -0.052826540801298005, -0.14291687773479345</corner1><corner2>0.26375981112846025, 0.052826540801298005, 0.14291687773479345</corner2></bounds><pose><translation>2.157825969367623, 1.5820146782328586, -0.4458753319906739</translation><rotation><c1>1, 0, 0</c1><c2>0, 1, 0</c2><c3>0, 0, 1</c3></rotation></pose><symmetry><x>twoFold</x><y>cylindrical</y><z>twoFold</z></symmetry><detectionScore>-1.0</detectionScore></element><element><id>27</id><category>picture_frame</category><bounds><corner1>-0.4233463302667406, -1.4442261338675628, -1.1041303291825457</corner1><corner2>0.4233463302667406, 1.4442261338675628, 1.1041303291825457</corner2></bounds><pose><translation>6.500492914422129, -0.2607155207707471, 4.783293082729223</translation><rotation><c1>1, 0, 0</c1><c2>0, 1, 0</c2><c3>0, 0, 1</c3></rotation></pose><symmetry><x>twoFold</x><y>cylindrical</y><z>twoFold</z></symmetry><detectionScore>-1.0</detectionScore></element><element><id>28</id><category>loudspeaker</category><bounds><corner1>-2.92388784142852, -0.29198194105076813, -3.5895682999039993</corner1><corner2>2.92388784142852, 0.29198194105076813, 3.5895682999039993</corner2></bounds><pose><translation>3.588407873925401, -0.6021460531131738, 5.197004584960838</translation><rotation><c1>1, 0, 0</c1><c2>0, 1, 0</c2><c3>0, 0, 1</c3></rotation></pose><symmetry><x>twoFold</x><y>cylindrical</y><z>twoFold</z></symmetry><detectionScore>-1.0</detectionScore></element><element><id>29</id><category>wall</category><bounds><corner1>-2.8207463094562994, -1.3373935962642616, -1.9552239998423624</corner1><corner2>2.8207463094562994, 1.3373935962642616, 1.9552239998423624</corner2></bounds><pose><translation>5.529346516067194, 0.135268206766498, 3.3827571399822207</translation><rotation><c1>1, 0, 0</c1><c2>0, 1, 0</c2><c3>0, 0, 1</c3></rotation></pose><symmetry><x>twoFold</x><y>cylindrical</y><z>twoFold</z></symmetry><detectionScore>-1.0</detectionScore></element><element><id>30</id><category>partition</category><bounds><corner1>-1.8116914386743685, -1.49031431396422, -1.157180266147486</corner1><corner2>1.8116914386743685, 1.49031431396422, 1.157180266147486</corner2></bounds><pose><translation>-3.956761921947567, 0.019448722208799115, 1.3805266110495673</translation><rotation><c1>1, 0, 0</c1><c2>0, 1, 0</c2><c3>0, 0, 1</c3></rotation></pose><symmetry><x>twoFold</x><y>cylindrical</y><z>twoFold</z></symmetry><detectionScore>-1.0</detectionScore></element><element><id>31</id><category>door</category><bounds><corner1>-1.457757602570573, -1.6342481865254044, -1.9330906821537686</corner1><corner2>1.457757602570573, 1.6342481865254044, 1.9330906821537686</corner2></bounds><pose><translation>6.89233522295292, -0.28242491647002854, 2.1132958166767604</translation><rotation><c1>1, 0, 0</c1><c2>0, 1, 0</c2><c3>0, 0, 1</c3></rotation></pose><symmetry><x>twoFold</x><y>cylindrical</y><z>twoFold</z></symmetry><detectionScore>-1.0</detectionScore></element><element><id>32</id><category>rug</category><bounds><corner1>-1.237134268112535, -0.8031820714392196, -1.3018996964616436</corner1><corner2>1.237134268112535, 0.8031820714392196, 1.3018996964616436</corner2></bounds><pose><translation>-0.34089029947949123, -1.5725834448012626, 2.795199207794658</translation><rotation><c1>1, 0, 0</c1><c2>0, 1, 0</c2><c3>0, 0, 1</c3></rotation></pose><symmetry><x>twoFold</x><y>cylindrical</y><z>twoFold</z></symmetry><detectionScore>-1.0</detectionScore></element><element><id>33</id><category>kitchen_cabinet</category><bounds><corner1>-0.8901666171585063, -0.3183453616403532, -0.0943069444697675</corner1><corner2>0.8901666171585063, 0.3183453616403532, 0.0943069444697675</corner2></bounds><pose><translation>2.1883081711655716, -0.6074341147885258, -1.2005931240704988</translation><rotation><c1>1, 0, 0</c1><c2>0, 1, 0</c2><c3>0, 0, 1</c3></rotation></pose><symmetry><x>twoFold</x><y>cylindrical</y><z>twoFold</z></symmetry><detectionScore>-1.0</detectionScore></element><element><id>34</id><category>wall</category><bounds><corner1>-2.3445188199682994, -0.8914873371770087, -1.181586679091949</corner1><corner2>2.3445188199682994, 0.8914873371770087, 1.181586679091949</corner2></bounds><pose><translation>2.0224337957106657, 0.6146767300852509, 1.11329304649842</translation><rotation><c1>1, 0, 0</c1><c2>0, 1, 0</c2><c3>0, 0, 1</c3></rotation></pose><symmetry><x>twoFold</x><y>cylindrical</y><z>twoFold</z></symmetry><detectionScore>-1.0</detectionScore></element><element><id>35</id><category>chandelier</category><bounds><corner1>-2.589522178117533, -0.3431258375660373, -0.3978795503142025</corner1><corner2>2.589522178117533, 0.3431258375660373, 0.3978795503142025</corner2></bounds><pose><translation>4.385503645408475, 1.158046895048754, -0.39108659814687347</translation><rotation><c1>1, 0, 0</c1><c2>0, 1, 0</c2><c3>0, 0, 1</c3></rotation></pose><symmetry><x>twoFold</x><y>cylindrical</y><z>twoFold</z></symmetry><detectionScore>-1.0</detectionScore></element><element><id>36</id><category>armchair</category><bounds><corner1>-0.40651368526454146, -0.9071908579773915, -1.0802020974358384</corner1><corner2>0.40651368526454146, 0.9071908579773915, 1.0802020974358384</corner2></bounds><pose><translation>-2.55158416853774, -1.3927746652277782, 0.7683958037808176</translation><rotation><c1>1, 0, 0</c1><c2>0, 1, 0</c2><c3>0, 0, 1</c3></rotation></pose><symmetry><x>twoFold</x><y>cylindrical</y><z>twoFold</z></symmetry><detectionScore>-1.0</detectionScore></element><element><id>37</id><category>picture_frame</category><bounds><corner1>-1.8335603630264012, -1.278622645292854, -0.2575751147831653</corner1><corner2>1.8335603630264012, 1.278622645292854, 0.2575751147831653</corner2></bounds><pose><translation>4.701236818335315, 0.09245498709492095, 8.57401123083794</translation><rotation><c1>1, 0, 0</c1><c2>0, 1, 0</c2><c3>0, 0, 1</c3></rotation></pose><symmetry><x>twoFold</x><y>cylindrical</y><z>twoFold</z></symmetry><detectionScore>-1.0</detectionScore></element><element><id>38</id><category>chair</category><bounds><corner1>-5.451248956962254, -0.2960472958784325, -5.3878208917928045</corner1><corner2>5.451248956962254, 0.2960472958784325, 5.3878208917928045</corner2></bounds><pose><translation>1.039933916798571, -0.8282879729743678, 1.302233769677073</translation><rotation><c1>1, 0, 0</c1><c2>0, 1, 0</c2><c3>0, 0, 1</c3></rotation></pose><symmetry><x>twoFold</x><y>cylindrical</y><z>twoFold</z></symmetry><detectionScore>-1.0</detectionScore></element><element><id>39</id><category>coffee_table</category><bounds><corner1>-1.0313956886038613, -0.19501094387021456, -1.906571622888925</corner1><corner2>1.0313956886038613, 0.19501094387021456, 1.906571622888925</corner2></bounds><pose><translation>3.405189571855838, -0.6652837479020013, 4.777460216923463</translation><rotation><c1>1, 0, 0</c1><c2>0, 1, 0</c2><c3>0, 0, 1</c3></rotation></pose><symmetry><x>twoFold</x><y>cylindrical</y><z>twoFold</z></symmetry><detectionScore>-1.0</detectionScore></element><element><id>40</id><category>hanging_kitchen_cabinet</category><bounds><corner1>-0.04405099827465708, -1.0302584873697704, -0.16481532217423883</corner1><corner2>0.04405099827465708, 1.0302584873697704, 0.16481532217423883</corner2></bounds><pose><translation>-1.4851808616774638, 0.4908152408870828, -0.0854569365273276</translation><rotation><c1>1, 0, 0</c1><c2>0, 1, 0</c2><c3>0, 0, 1</c3></rotation></pose><symmetry><x>twoFold</x><y>cylindrical</y><z>twoFold</z></symmetry><detectionScore>-1.0</detectionScore></element><element><id>41</id><category>chair</category><bounds><corner1>-1.4878313005909858, -0.309586110541229, -2.1790214529307095</corner1><corner2>1.4878313005909858, 0.309586110541229, 2.1790214529307095</corner2></bounds><pose><translation>0.5852654320879528, -0.8656436406535366, 1.564644447350333</translation><rotation><c1>1, 0, 0</c1><c2>0, 1, 0</c2><c3>0, 0, 1</c3></rotation></pose><symmetry><x>twoFold</x><y>cylindrical</y><z>twoFold</z></symmetry><detectionScore>-1.0</detectionScore></element><element><id>42</id><category>wall</category><bounds><corner1>-1.0980060339860351, -1.5162240226742352, -0.2604520851203027</corner1><corner2>1.0980060339860351, 1.5162240226742352, 0.2604520851203027</corner2></bounds><pose><translation>5.375404975700462, -0.12580451388249722, 8.543590467797959</translation><rotation><c1>1, 0, 0</c1><c2>0, 1, 0</c2><c3>0, 0, 1</c3></rotation></pose><symmetry><x>twoFold</x><y>cylindrical</y><z>twoFold</z></symmetry><detectionScore>-1.0</detectionScore></element><element><id>43</id><category>dining_table</category><bounds><corner1>-1.1053120965294516, -0.8189524732329942, -1.0920937575548748</corner1><corner2>1.1053120965294516, 0.8189524732329942, 1.0920937575548748</corner2></bounds><pose><translation>-2.5012093808376026, -1.1264449309115825, 0.44882829907809635</translation><rotation><c1>1, 0, 0</c1><c2>0, 1, 0</c2><c3>0, 0, 1</c3></rotation></pose><symmetry><x>twoFold</x><y>cylindrical</y><z>twoFold</z></symmetry><detectionScore>-1.0</detectionScore></element><element><id>44</id><category>chandelier</category><bounds><corner1>-2.2428924049853785, -0.11591960844388072, -0.9419533319412174</corner1><corner2>2.2428924049853785, 0.11591960844388072, 0.9419533319412174</corner2></bounds><pose><translation>2.227446837491182, 1.5121515741814844, 1.4033948691331175</translation><rotation><c1>1, 0, 0</c1><c2>0, 1, 0</c2><c3>0, 0, 1</c3></rotation></pose><symmetry><x>twoFold</x><y>cylindrical</y><z>twoFold</z></symmetry><detectionScore>-1.0</detectionScore></element><element><id>45</id><category>armchair</category><bounds><corner1>-2.5141118382626346, -0.2351695450579082, -3.963466870006741</corner1><corner2>2.5141118382626346, 0.2351695450579082, 3.963466870006741</corner2></bounds><pose><translation>3.574327215362961, -0.6955842971090852, 4.769006172828213</translation><rotation><c1>1, 0, 0</c1><c2>0, 1, 0</c2><c3>0, 0, 1</c3></rotation></pose><symmetry><x>twoFold</x><y>cylindrical</y><z>twoFold</z></symmetry><detectionScore>-1.0</detectionScore></element><element><id>46</id><category>chair</category><bounds><corner1>-1.0313956886038613, -0.19501094387021456, -1.906571622888925</corner1><corner2>1.0313956886038613, 0.19501094387021456, 1.906571622888925</corner2></bounds><pose><translation>3.405189571855838, -0.6652837479020013, 4.777460216923463</translation><rotation><c1>1, 0, 0</c1><c2>0, 1, 0</c2><c3>0, 0, 1</c3></rotation></pose><symmetry><x>twoFold</x><y>cylindrical</y><z>twoFold</z></symmetry><detectionScore>-1.0</detectionScore></element><element><id>47</id><category>chair</category><bounds><corner1>-5.922083758191656, -0.24414326445618673, -3.933329500154898</corner1><corner2>5.922083758191656, 0.24414326445618673, 3.933329500154898</corner2></bounds><pose><translation>2.0274486240686342, -0.7525545665768122, 1.3155224203738283</translation><rotation><c1>1, 0, 0</c1><c2>0, 1, 0</c2><c3>0, 0, 1</c3></rotation></pose><symmetry><x>twoFold</x><y>cylindrical</y><z>twoFold</z></symmetry><detectionScore>-1.0</detectionScore></element><element><id>48</id><category>air_conditioner</category><bounds><corner1>-0.2522224331722165, -0.17216145830696972, -0.051491664215617794</corner1><corner2>0.2522224331722165, 0.17216145830696972, 0.051491664215617794</corner2></bounds><pose><translation>0.6480464473713763, 1.1010802382159612, -1.57668936728653</translation><rotation><c1>1, 0, 0</c1><c2>0, 1, 0</c2><c3>0, 0, 1</c3></rotation></pose><symmetry><x>twoFold</x><y>cylindrical</y><z>twoFold</z></symmetry><detectionScore>-1.0</detectionScore></element><element><id>49</id><category>wall</category><bounds><corner1>-0.12790264725536815, -1.4697475238347577, -0.9176592317984137</corner1><corner2>0.12790264725536815, 1.4697475238347577, 0.9176592317984137</corner2></bounds><pose><translation>4.358811615401303, 0.012745031458154837, -0.9470462390936636</translation><rotation><c1>1, 0, 0</c1><c2>0, 1, 0</c2><c3>0, 0, 1</c3></rotation></pose><symmetry><x>twoFold</x><y>cylindrical</y><z>twoFold</z></symmetry><detectionScore>-1.0</detectionScore></element><element><id>50</id><category>shelving</category><bounds><corner1>-1.8097571641651862, -1.5473674328625646, -1.0544159936704276</corner1><corner2>1.8097571641651862, 1.5473674328625646, 1.0544159936704276</corner2></bounds><pose><translation>-3.9548276474383846, -0.034959586445064125, 1.3708485760465694</translation><rotation><c1>1, 0, 0</c1><c2>0, 1, 0</c2><c3>0, 0, 1</c3></rotation></pose><symmetry><x>twoFold</x><y>cylindrical</y><z>twoFold</z></symmetry><detectionScore>-1.0</detectionScore></element><element><id>51</id><category>window</category><bounds><corner1>-1.8103781292568901, -1.4214201951791587, -0.6831858396953772</corner1><corner2>1.8103781292568901, 1.4214201951791587, 0.6831858396953772</corner2></bounds><pose><translation>-3.9554486125300885, 0.01164753522091277, 1.774722970558733</translation><rotation><c1>1, 0, 0</c1><c2>0, 1, 0</c2><c3>0, 0, 1</c3></rotation></pose><symmetry><x>twoFold</x><y>cylindrical</y><z>twoFold</z></symmetry><detectionScore>-1.0</detectionScore></element><element><id>52</id><category>chair</category><bounds><corner1>-1.0625712412844985, -0.9068776128055004, -3.0079473260043765</corner1><corner2>1.0625712412844985, 0.9068776128055004, 3.0079473260043765</corner2></bounds><pose><translation>0.3988938376974362, -1.4727137260752898, 2.4978911784316344</translation><rotation><c1>1, 0, 0</c1><c2>0, 1, 0</c2><c3>0, 0, 1</c3></rotation></pose><symmetry><x>twoFold</x><y>cylindrical</y><z>twoFold</z></symmetry><detectionScore>-1.0</detectionScore></element><element><id>53</id><category>fence</category><bounds><corner1>-0.13974054893187837, -0.3801098568022034, -0.3219385938811268</corner1><corner2>0.13974054893187837, 0.3801098568022034, 0.3219385938811268</corner2></bounds><pose><translation>-3.943776436442084, -0.22676164948117628, 2.3319737197827743</translation><rotation><c1>1, 0, 0</c1><c2>0, 1, 0</c2><c3>0, 0, 1</c3></rotation></pose><symmetry><x>twoFold</x><y>cylindrical</y><z>twoFold</z></symmetry><detectionScore>-1.0</detectionScore></element><element><id>54</id><category>chair</category><bounds><corner1>-5.1208942125819625, -0.25820321966680626, -4.824030316702972</corner1><corner2>5.1208942125819625, 0.25820321966680626, 4.824030316702972</corner2></bounds><pose><translation>1.781737898122833, -0.7720211867466469, 1.3802444440973578</translation><rotation><c1>1, 0, 0</c1><c2>0, 1, 0</c2><c3>0, 0, 1</c3></rotation></pose><symmetry><x>twoFold</x><y>cylindrical</y><z>twoFold</z></symmetry><detectionScore>-1.0</detectionScore></element><element><id>55</id><category>chair</category><bounds><corner1>-3.9174564134433822, -0.2998030567973651, -0.9167448849597319</corner1><corner2>3.9174564134433822, 0.2998030567973651, 0.9167448849597319</corner2></bounds><pose><translation>1.7430169826987048, -0.8583434314143558, 0.5801979440236598</translation><rotation><c1>1, 0, 0</c1><c2>0, 1, 0</c2><c3>0, 0, 1</c3></rotation></pose><symmetry><x>twoFold</x><y>cylindrical</y><z>twoFold</z></symmetry><detectionScore>-1.0</detectionScore></element><element><id>56</id><category>wall</category><bounds><corner1>-4.794003628119414, -1.3964906455618993, -0.39714415480165677</corner1><corner2>4.794003628119414, 1.3964906455618993, 0.39714415480165677</corner2></bounds><pose><translation>1.7405080987869168, 0.00838411941739511, 8.485139582987415</translation><rotation><c1>1, 0, 0</c1><c2>0, 1, 0</c2><c3>0, 0, 1</c3></rotation></pose><symmetry><x>twoFold</x><y>cylindrical</y><z>twoFold</z></symmetry><detectionScore>-1.0</detectionScore></element><element><id>57</id><category>fruit_bowl</category><bounds><corner1>-3.284711958083954, -0.22759038534210796, -3.0440567539731944</corner1><corner2>3.284711958083954, 0.22759038534210796, 3.0440567539731944</corner2></bounds><pose><translation>1.0334030481635628, -0.7598310624380433, 1.3313971723995734</translation><rotation><c1>1, 0, 0</c1><c2>0, 1, 0</c2><c3>0, 0, 1</c3></rotation></pose><symmetry><x>twoFold</x><y>cylindrical</y><z>twoFold</z></symmetry><detectionScore>-1.0</detectionScore></element><element><id>58</id><category>wall</category><bounds><corner1>-1.6817478908071788, -1.3680738882948071, -0.3785105566227305</corner1><corner2>1.6817478908071788, 1.3680738882948071, 0.3785105566227305</corner2></bounds><pose><translation>-1.623593802209396, 0.04080701538684915, 8.496787884498316</translation><rotation><c1>1, 0, 0</c1><c2>0, 1, 0</c2><c3>0, 0, 1</c3></rotation></pose><symmetry><x>twoFold</x><y>cylindrical</y><z>twoFold</z></symmetry><detectionScore>-1.0</detectionScore></element><element><id>59</id><category>armchair</category><bounds><corner1>-5.9609543593196825, -0.2707932918785453, -4.340767301598802</corner1><corner2>5.9609543593196825, 0.2707932918785453, 4.340767301598802</corner2></bounds><pose><translation>1.9085172112220476, -0.7612470010738678, 1.2658190091617405</translation><rotation><c1>1, 0, 0</c1><c2>0, 1, 0</c2><c3>0, 0, 1</c3></rotation></pose><symmetry><x>twoFold</x><y>cylindrical</y><z>twoFold</z></symmetry><detectionScore>-1.0</detectionScore></element><element><id>60</id><category>door</category><bounds><corner1>-1.8037534473737433, -1.4982124926390876, -1.1951570130651412</corner1><corner2>1.8037534473737433, 1.4982124926390876, 1.1951570130651412</corner2></bounds><pose><translation>-3.9488239306469417, 0.02719061013861425, 1.444910598038007</translation><rotation><c1>1, 0, 0</c1><c2>0, 1, 0</c2><c3>0, 0, 1</c3></rotation></pose><symmetry><x>twoFold</x><y>cylindrical</y><z>twoFold</z></symmetry><detectionScore>-1.0</detectionScore></element><element><id>61</id><category>vase</category><bounds><corner1>-2.9142294079238167, -0.3135021218838512, -3.556256328567808</corner1><corner2>2.9142294079238167, 0.3135021218838512, 3.556256328567808</corner2></bounds><pose><translation>3.5980663074301042, -0.5975269105825192, 5.230316556297029</translation><rotation><c1>1, 0, 0</c1><c2>0, 1, 0</c2><c3>0, 0, 1</c3></rotation></pose><symmetry><x>twoFold</x><y>cylindrical</y><z>twoFold</z></symmetry><detectionScore>-1.0</detectionScore></element><element><id>62</id><category>range_hood</category><bounds><corner1>-0.5038164306457977, -0.40121308624733565, -0.28629562681743237</corner1><corner2>0.5038164306457977, 0.40121308624733565, 0.28629562681743237</corner2></bounds><pose><translation>0.5167056410367605, 0.42870462605486714, -1.6656124144059121</translation><rotation><c1>1, 0, 0</c1><c2>0, 1, 0</c2><c3>0, 0, 1</c3></rotation></pose><symmetry><x>twoFold</x><y>cylindrical</y><z>twoFold</z></symmetry><detectionScore>-1.0</detectionScore></element><element><id>63</id><category>hanging_kitchen_cabinet</category><bounds><corner1>-0.4874460266714935, -0.38012247019275064, -0.31588904554253916</corner1><corner2>0.4874460266714935, 0.38012247019275064, 0.31588904554253916</corner2></bounds><pose><translation>0.5330760450110648, 0.3995334100498055, -1.7017722672950537</translation><rotation><c1>1, 0, 0</c1><c2>0, 1, 0</c2><c3>0, 0, 1</c3></rotation></pose><symmetry><x>twoFold</x><y>cylindrical</y><z>twoFold</z></symmetry><detectionScore>-1.0</detectionScore></element><element><id>64</id><category>chair</category><bounds><corner1>-0.400049709317424, -0.9013034635742523, -1.0580582692044715</corner1><corner2>0.400049709317424, 0.9013034635742523, 1.0580582692044715</corner2></bounds><pose><translation>-2.5451201925906224, -1.386887270824639, 0.7737709766146537</translation><rotation><c1>1, 0, 0</c1><c2>0, 1, 0</c2><c3>0, 0, 1</c3></rotation></pose><symmetry><x>twoFold</x><y>cylindrical</y><z>twoFold</z></symmetry><detectionScore>-1.0</detectionScore></element><element><id>65</id><category>dining_table</category><bounds><corner1>-4.93733781562895, -0.2508390795769032, -4.2561436796779555</corner1><corner2>4.93733781562895, 0.2508390795769032, 4.2561436796779555</corner2></bounds><pose><translation>1.8299576952280077, -0.7716085394815305, 1.0067125661466403</translation><rotation><c1>1, 0, 0</c1><c2>0, 1, 0</c2><c3>0, 0, 1</c3></rotation></pose><symmetry><x>twoFold</x><y>cylindrical</y><z>twoFold</z></symmetry><detectionScore>-1.0</detectionScore></element></elements></scene>