<?xml version='1.0' encoding='utf-8'?>
<scene xmlns:sumo="https://www.sumochallenge.org"><version>2.0</version><categories><id>fb_categories_v1_0</id><url>https://sumochallenge.org/en/categories-1_0.json</url></categories><project_type>bounding_box</project_type><elements><element><id>0</id><category>armchair</category><bounds><corner1>-7.310880767555845, -0.23069335035958494, -4.207750860417763</corner1><corner2>7.310880767555845, 0.23069335035958494, 4.207750860417763</corner2></bounds><pose><translation>2.484238817583326, -0.8853405271329666, 1.7118760224252907</translation><rotation><c1>1, 0, 0</c1><c2>0, 1, 0</c2><c3>0, 0, 1</c3></rotation></pose><symmetry><x>twoFold</x><y>cylindrical</y><z>twoFold</z></symmetry><detectionScore>-1.0</detectionScore></element><element><id>1</id><category>chandelier</category><bounds><corner1>-0.032489405618669184, -0.05854451625788126, -0.46361146930886554</corner1><corner2>0.032489405618669184, 0.05854451625788126, 0.46361146930886554</corner2></bounds><pose><translation>-0.016677107057252064, 1.513052722217185, 1.8802928346463463</translation><rotation><c1>1, 0, 0</c1><c2>0, 1, 0</c2><c3>0, 0, 1</c3></rotation></pose><symmetry><x>twoFold</x><y>cylindrical</y><z>twoFold</z></symmetry><detectionScore>-1.0</detectionScore></element><element><id>2</id><category>dishwasher</category><bounds><corner1>-0.42622368787152287, -0.475705787094914, -0.07536763140160518</corner1><corner2>0.42622368787152287, 0.475705787094914, 0.07536763140160518</corner2></bounds><pose><translation>-1.9760015360129342, -0.671233568838431, -0.8661527561110306</translation><rotation><c1>1, 0, 0</c1><c2>0, 1, 0</c2><c3>0, 0, 1</c3></rotation></pose><symmetry><x>twoFold</x><y>cylindrical</y><z>twoFold</z></symmetry><detectionScore>-1.0</detectionScore></element><element><id>3</id><category>chair</category><bounds><corner1>-3.015691359346445, -0.6676844238900015, -0.8184828274299207</corner1><corner2>3.015691359346445, 0.6676844238900015, 0.8184828274299207</corner2></bounds><pose><translation>2.5379241809632425, -1.3646900368106714, 0.18863545465664663</translation><rotation><c1>1, 0, 0</c1><c2>0, 1, 0</c2><c3>0, 0, 1</c3></rotation></pose><symmetry><x>twoFold</x><y>cylindrical</y><z>twoFold</z></symmetry><detectionScore>-1.0</detectionScore></element><element><id>4</id><category>floor</category><bounds><corner1>-1.4865107775579103, -0.6400886962832766, -8.119903737418127</corner1><corner2>1.4865107775579103, 0.6400886962832766, 8.119903737418127</corner2></bounds><pose><translation>1.357601622822193, -1.2034966530440478, 4.866664156713301</translation><rotation><c1>1, 0, 0</c1><c2>0, 1, 0</c2><c3>0, 0, 1</c3></rotation></pose><symmetry><x>twoFold</x><y>cylindrical</y><z>twoFold</z></symmetry><detectionScore>-1.0</detectionScore></element><element><id>5</id><category>wall</category><bounds><corner1>-0.41439134920861886, -0.11544498849832774, -4.996966881949417</corner1><corner2>0.41439134920861886, 0.11544498849832774, 4.996966881949417</corner2></bounds><pose><translation>-0.3899792386071922, 1.371711616181147, 3.5003231373364603</translation><rotation><c1>1, 0, 0</c1><c2>0, 1, 0</c2><c3>0, 0, 1</c3></rotation></pose><symmetry><x>twoFold</x><y>cylindrical</y><z>twoFold</z></symmetry><detectionScore>-1.0</detectionScore></element><element><id>6</id><category>window</category><bounds><corner1>-5.335935254719406, -1.5003221117999863, -3.3148055388852287</corner1><corner2>5.335935254719406, 1.5003221117999863, 3.3148055388852287</corner2></bounds><pose><translation>5.40893132577404, -0.2364070712488492, 4.096845624804259</translation><rotation><c1>1, 0, 0</c1><c2>0, 1, 0</c2><c3>0, 0, 1</c3></rotation></pose><symmetry><x>twoFold</x><y>cylindrical</y><z>twoFold</z></symmetry><detectionScore>-1.0</detectionScore></element><element><id>7</id><category>wall</category><bounds><corner1>-2.305628470276567, -1.49204309050256, -2.768543120515508</corner1><corner2>2.305628470276567, 1.49204309050256, 2.768543120515508</corner2></bounds><pose><translation>-5.606442620603887, -0.1592302223954769, 1.8285266116159395</translation><rotation><c1>1, 0, 0</c1><c2>0, 1, 0</c2><c3>0, 0, 1</c3></rotation></pose><symmetry><x>twoFold</x><y>cylindrical</y><z>twoFold</z></symmetry><detectionScore>-1.0</detectionScore></element><element><id>8</id><category>sofa</category><bounds><corner1>-0.6809858341820338, -0.5599523917516562, -0.3121113759846498</corner1><corner2>0.6809858341820338, 0.5599523917516562, 0.3121113759846498</corner2></bounds><pose><translation>-2.1262826061129823, -0.6605641459173764, -0.8532112397173656</translation><rotation><c1>1, 0, 0</c1><c2>0, 1, 0</c2><c3>0, 0, 1</c3></rotation></pose><symmetry><x>twoFold</x><y>cylindrical</y><z>twoFold</z></symmetry><detectionScore>-1.0</detectionScore></element><element><id>9</id><category>chair</category><bounds><corner1>-1.2855731397587151, -0.17607042935789252, -1.3306496785817683</corner1><corner2>1.2855731397587151, 0.17607042935789252, 1.3306496785817683</corner2></bounds><pose><translation>1.8397669739333558, -0.9558096486430161, 1.3578294378803335</translation><rotation><c1>1, 0, 0</c1><c2>0, 1, 0</c2><c3>0, 0, 1</c3></rotation></pose><symmetry><x>twoFold</x><y>cylindrical</y><z>twoFold</z></symmetry><detectionScore>-1.0</detectionScore></element><element><id>10</id><category>wall</category><bounds><corner1>-1.2072596389558576, -1.5673412558086401, -0.18523745746808462</corner1><corner2>1.2072596389558576, 1.5673412558086401, 0.18523745746808462</corner2></bounds><pose><translation>3.572699702888446, 0.003965244600812095, 4.709185952265502</translation><rotation><c1>1, 0, 0</c1><c2>0, 1, 0</c2><c3>0, 0, 1</c3></rotation></pose><symmetry><x>twoFold</x><y>cylindrical</y><z>twoFold</z></symmetry><detectionScore>-1.0</detectionScore></element><element><id>11</id><category>dresser</category><bounds><corner1>-2.46062241430085, -0.47409103288225374, -0.49635652368656835</corner1><corner2>2.46062241430085, 0.47409103288225374, 0.49635652368656835</corner2></bounds><pose><translation>3.0698459885083564, -1.0268618546770816, -1.7283801548305728</translation><rotation><c1>1, 0, 0</c1><c2>0, 1, 0</c2><c3>0, 0, 1</c3></rotation></pose><symmetry><x>twoFold</x><y>cylindrical</y><z>twoFold</z></symmetry><detectionScore>-1.0</detectionScore></element><element><id>12</id><category>window</category><bounds><corner1>-1.63325877082455, -1.3723825892136243, -2.4111901773692215</corner1><corner2>1.63325877082455, 1.3723825892136243, 2.4111901773692215</corner2></bounds><pose><translation>-5.626765510120861, -0.12674286069491386, 2.088681289578268</translation><rotation><c1>1, 0, 0</c1><c2>0, 1, 0</c2><c3>0, 0, 1</c3></rotation></pose><symmetry><x>twoFold</x><y>cylindrical</y><z>twoFold</z></symmetry><detectionScore>-1.0</detectionScore></element><element><id>13</id><category>chair</category><bounds><corner1>-4.82195392638775, -0.20051033048161082, -3.028587738231415</corner1><corner2>4.82195392638775, 0.20051033048161082, 3.028587738231415</corner2></bounds><pose><translation>2.215188053419843, -0.8720571101580554, 1.8575528356388964</translation><rotation><c1>1, 0, 0</c1><c2>0, 1, 0</c2><c3>0, 0, 1</c3></rotation></pose><symmetry><x>twoFold</x><y>cylindrical</y><z>twoFold</z></symmetry><detectionScore>-1.0</detectionScore></element><element><id>14</id><category>wall</category><bounds><corner1>-3.0780502316488536, -1.3847649618345503, -3.3584372320978177</corner1><corner2>3.0780502316488536, 1.3847649618345503, 3.3584372320978177</corner2></bounds><pose><translation>2.3272399923178626, -0.06652825882596865, -5.828149545595021</translation><rotation><c1>1, 0, 0</c1><c2>0, 1, 0</c2><c3>0, 0, 1</c3></rotation></pose><symmetry><x>twoFold</x><y>cylindrical</y><z>twoFold</z></symmetry><detectionScore>-1.0</detectionScore></element><element><id>15</id><category>chair</category><bounds><corner1>-1.1384380369821194, -0.8685338262017321, -1.299627527639457</corner1><corner2>1.1384380369821194, 0.8685338262017321, 1.299627527639457</corner2></bounds><pose><translation>1.9468356787257912, -1.6678607368094984, 1.1223862178408193</translation><rotation><c1>1, 0, 0</c1><c2>0, 1, 0</c2><c3>0, 0, 1</c3></rotation></pose><symmetry><x>twoFold</x><y>cylindrical</y><z>twoFold</z></symmetry><detectionScore>-1.0</detectionScore></element><element><id>16</id><category>chair</category><bounds><corner1>-7.927195463309335, -0.22858924447623552, -4.3793191402506375</corner1><corner2>7.927195463309335, 0.22858924447623552, 4.3793191402506375</corner2></bounds><pose><translation>2.55810207721434, -0.8832364212496172, 1.6312957584675234</translation><rotation><c1>1, 0, 0</c1><c2>0, 1, 0</c2><c3>0, 0, 1</c3></rotation></pose><symmetry><x>twoFold</x><y>cylindrical</y><z>twoFold</z></symmetry><detectionScore>-1.0</detectionScore></element><element><id>17</id><category>door</category><bounds><corner1>-2.9537045537988726, -1.2409865255015347, -1.5308641777983523</corner1><corner2>2.9537045537988726, 1.2409865255015347, 1.5308641777983523</corner2></bounds><pose><translation>5.242688931827192, -0.44829925191634695, 1.3966650593078431</translation><rotation><c1>1, 0, 0</c1><c2>0, 1, 0</c2><c3>0, 0, 1</c3></rotation></pose><symmetry><x>twoFold</x><y>cylindrical</y><z>twoFold</z></symmetry><detectionScore>-1.0</detectionScore></element><element><id>18</id><category>dryer</category><bounds><corner1>-0.40922694742073285, -0.4662610322941717, -0.07380761454034412</corner1><corner2>0.40922694742073285, 0.4662610322941717, 0.07380761454034412</corner2></bounds><pose><translation>-1.9623342286550614, -0.6551194585484929, -0.867921408968082</translation><rotation><c1>1, 0, 0</c1><c2>0, 1, 0</c2><c3>0, 0, 1</c3></rotation></pose><symmetry><x>twoFold</x><y>cylindrical</y><z>twoFold</z></symmetry><detectionScore>-1.0</detectionScore></element><element><id>19</id><category>window</category><bounds><corner1>-0.10250274475264112, -1.2397027549092463, -0.1287903770938501</corner1><corner2>0.10250274475264112, 1.2397027549092463, 0.1287903770938501</corner2></bounds><pose><translation>-0.07161582233391235, 0.2980105500060885, -1.1218327130852688</translation><rotation><c1>1, 0, 0</c1><c2>0, 1, 0</c2><c3>0, 0, 1</c3></rotation></pose><symmetry><x>twoFold</x><y>cylindrical</y><z>twoFold</z></symmetry><detectionScore>-1.0</detectionScore></element><element><id>20</id><category>kitchen_cabinet</category><bounds><corner1>-2.423671959517552, -0.5048322649196627, -0.5178798198498855</corner1><corner2>2.423671959517552, 0.5048322649196627, 0.5178798198498855</corner2></bounds><pose><translation>3.0455225740171903, -1.0711762917015284, -1.724185507108908</translation><rotation><c1>1, 0, 0</c1><c2>0, 1, 0</c2><c3>0, 0, 1</c3></rotation></pose><symmetry><x>twoFold</x><y>cylindrical</y><z>twoFold</z></symmetry><detectionScore>-1.0</detectionScore></element><element><id>21</id><category>window</category><bounds><corner1>-0.8292125494537239, -1.374176710434628, -0.12197398128043968</corner1><corner2>0.8292125494537239, 1.374176710434628, 0.12197398128043968</corner2></bounds><pose><translation>2.565158640137666, -0.20365280518803547, 4.852318384695274</translation><rotation><c1>1, 0, 0</c1><c2>0, 1, 0</c2><c3>0, 0, 1</c3></rotation></pose><symmetry><x>twoFold</x><y>cylindrical</y><z>twoFold</z></symmetry><detectionScore>-1.0</detectionScore></element><element><id>22</id><category>kitchen_cabinet</category><bounds><corner1>-2.5326791992778097, -0.4860877000353493, -2.862997121697331</corner1><corner2>2.5326791992778097, 0.4860877000353493, 2.862997121697331</corner2></bounds><pose><translation>2.8531735070065074, -0.7613722579971233, -5.451755969630007</translation><rotation><c1>1, 0, 0</c1><c2>0, 1, 0</c2><c3>0, 0, 1</c3></rotation></pose><symmetry><x>twoFold</x><y>cylindrical</y><z>twoFold</z></symmetry><detectionScore>-1.0</detectionScore></element><element><id>23</id><category>wall</category><bounds><corner1>-1.4719098863948832, -1.3326746117453707, -11.861827626324963</corner1><corner2>1.4719098863948832, 1.3326746117453707, 11.861827626324963</corner2></bounds><pose><translation>-1.3572446318202807, -0.06459128128411523, 4.927590753180321</translation><rotation><c1>1, 0, 0</c1><c2>0, 1, 0</c2><c3>0, 0, 1</c3></rotation></pose><symmetry><x>twoFold</x><y>cylindrical</y><z>twoFold</z></symmetry><detectionScore>-1.0</detectionScore></element><element><id>24</id><category>floor_lamp</category><bounds><corner1>-1.2825172014590034, -1.0404921179785038, -1.1824030695598697</corner1><corner2>1.2825172014590034, 1.0404921179785038, 1.1824030695598697</corner2></bounds><pose><translation>-2.415862071548208, -0.39737321805739567, 3.765224010652184</translation><rotation><c1>1, 0, 0</c1><c2>0, 1, 0</c2><c3>0, 0, 1</c3></rotation></pose><symmetry><x>twoFold</x><y>cylindrical</y><z>twoFold</z></symmetry><detectionScore>-1.0</detectionScore></element><element><id>25</id><category>chandelier</category><bounds><corner1>-2.3874107973494993, -0.26066031907748544, -1.7527135140139236</corner1><corner2>2.3874107973494993, 0.26066031907748544, 1.7527135140139236</corner2></bounds><pose><translation>3.1135987314073024, 1.3577150639411142, 1.2179688433494735</translation><rotation><c1>1, 0, 0</c1><c2>0, 1, 0</c2><c3>0, 0, 1</c3></rotation></pose><symmetry><x>twoFold</x><y>cylindrical</y><z>twoFold</z></symmetry><detectionScore>-1.0</detectionScore></element><element><id>26</id><category>door</category><bounds><corner1>-5.398892433118559, -1.8632990695041665, -3.3360674353995146</corner1><corner2>5.398892433118559, 1.8632990695041665, 3.3360674353995146</corner2></bounds><pose><translation>5.3459741473748865, -0.5993840289530296, 4.075583728289973</translation><rotation><c1>1, 0, 0</c1><c2>0, 1, 0</c2><c3>0, 0, 1</c3></rotation></pose><symmetry><x>twoFold</x><y>cylindrical</y><z>twoFold</z></symmetry><detectionScore>-1.0</detectionScore></element><element><id>27</id><category>wall</category><bounds><corner1>-0.5914749007384408, -0.11779679050900804, -4.748665002577459</corner1><corner2>0.5914749007384408, 0.11779679050900804, 4.748665002577459</corner2></bounds><pose><translation>0.05961121547619965, 1.3968204245098887, 3.1736289034654175</translation><rotation><c1>1, 0, 0</c1><c2>0, 1, 0</c2><c3>0, 0, 1</c3></rotation></pose><symmetry><x>twoFold</x><y>cylindrical</y><z>twoFold</z></symmetry><detectionScore>-1.0</detectionScore></element><element><id>28</id><category>floor</category><bounds><corner1>-1.1626454964667918, -0.9263328497151274, -6.5769671737313145</corner1><corner2>1.1626454964667918, 0.9263328497151274, 6.5769671737313145</corner2></bounds><pose><translation>-0.2412885271050362, -1.5459147903648063, 5.299827124470153</translation><rotation><c1>1, 0, 0</c1><c2>0, 1, 0</c2><c3>0, 0, 1</c3></rotation></pose><symmetry><x>twoFold</x><y>cylindrical</y><z>twoFold</z></symmetry><detectionScore>-1.0</detectionScore></element><element><id>29</id><category>wall</category><bounds><corner1>-0.1252635650950751, -1.2244543167994457, -0.12996376430986323</corner1><corner2>0.1252635650950751, 1.2244543167994457, 0.12996376430986323</corner2></bounds><pose><translation>-0.06960194724935287, 0.3118562251287715, -1.123006100301282</translation><rotation><c1>1, 0, 0</c1><c2>0, 1, 0</c2><c3>0, 0, 1</c3></rotation></pose><symmetry><x>twoFold</x><y>cylindrical</y><z>twoFold</z></symmetry><detectionScore>-1.0</detectionScore></element><element><id>30</id><category>person</category><bounds><corner1>-0.2673282057588977, -0.24437980444973495, -0.06982747318853433</corner1><corner2>0.2673282057588977, 0.24437980444973495, 0.06982747318853433</corner2></bounds><pose><translation>-1.4954045907210647, -0.30889640433689364, -0.9360325865779616</translation><rotation><c1>1, 0, 0</c1><c2>0, 1, 0</c2><c3>0, 0, 1</c3></rotation></pose><symmetry><x>twoFold</x><y>cylindrical</y><z>twoFold</z></symmetry><detectionScore>-1.0</detectionScore></element><element><id>31</id><category>door</category><bounds><corner1>-0.6569017143078395, -1.4650395002660968, -8.858482368632266</corner1><corner2>0.6569017143078395, 1.4650395002660968, 8.858482368632266</corner2></bounds><pose><translation>-1.2837065000936516, -0.20574895879245717, 4.976681457444504</translation><rotation><c1>1, 0, 0</c1><c2>0, 1, 0</c2><c3>0, 0, 1</c3></rotation></pose><symmetry><x>twoFold</x><y>cylindrical</y><z>twoFold</z></symmetry><detectionScore>-1.0</detectionScore></element><element><id>32</id><category>dining_table</category><bounds><corner1>-6.1621951678614515, -0.2786453528405767, -4.692791310909566</corner1><corner2>6.1621951678614515, 0.2786453528405767, 4.692791310909566</corner2></bounds><pose><translation>2.6155376920214732, -0.8599150333506329, 1.2268355719334871</translation><rotation><c1>1, 0, 0</c1><c2>0, 1, 0</c2><c3>0, 0, 1</c3></rotation></pose><symmetry><x>twoFold</x><y>cylindrical</y><z>twoFold</z></symmetry><detectionScore>-1.0</detectionScore></element><element><id>33</id><category>floor_lamp</category><bounds><corner1>-0.8893430711351665, -1.870793029402555, -1.272626846378853</corner1><corner2>0.8893430711351665, 1.870793029402555, 1.272626846378853</corner2></bounds><pose><translation>-1.586424136617392, -0.4985071605233128, 3.7151412993290434</translation><rotation><c1>1, 0, 0</c1><c2>0, 1, 0</c2><c3>0, 0, 1</c3></rotation></pose><symmetry><x>twoFold</x><y>cylindrical</y><z>twoFold</z></symmetry><detectionScore>-1.0</detectionScore></element><element><id>34</id><category>wall</category><bounds><corner1>-0.9053458512919117, -1.2671738807719302, -0.7754509327392576</corner1><corner2>0.9053458512919117, 1.2671738807719302, 0.7754509327392576</corner2></bounds><pose><translation>-1.7776177268496185, 0.08135968444863872, 4.814254294436718</translation><rotation><c1>1, 0, 0</c1><c2>0, 1, 0</c2><c3>0, 0, 1</c3></rotation></pose><symmetry><x>twoFold</x><y>cylindrical</y><z>twoFold</z></symmetry><detectionScore>-1.0</detectionScore></element><element><id>35</id><category>armchair</category><bounds><corner1>-0.26342400425289303, -0.2273007914254918, -0.06643865519478775</corner1><corner2>0.26342400425289303, 0.2273007914254918, 0.06643865519478775</corner2></bounds><pose><translation>-1.5136230958399897, -0.3391774321375113, -0.932643768584215</translation><rotation><c1>1, 0, 0</c1><c2>0, 1, 0</c2><c3>0, 0, 1</c3></rotation></pose><symmetry><x>twoFold</x><y>cylindrical</y><z>twoFold</z></symmetry><detectionScore>-1.0</detectionScore></element><element><id>36</id><category>person</category><bounds><corner1>-4.55265304012973, -0.9941742020490835, -1.8744028562147124</corner1><corner2>4.55265304012973, 0.9941742020490835, 1.8744028562147124</corner2></bounds><pose><translation>3.6437404454963347, -0.8750177080070253, 0.40936025532762377</translation><rotation><c1>1, 0, 0</c1><c2>0, 1, 0</c2><c3>0, 0, 1</c3></rotation></pose><symmetry><x>twoFold</x><y>cylindrical</y><z>twoFold</z></symmetry><detectionScore>-1.0</detectionScore></element><element><id>37</id><category>wall</category><bounds><corner1>-0.29480670276430554, -0.5846212709609165, -0.08062465770527338</corner1><corner2>0.29480670276430554, 0.5846212709609165, 0.08062465770527338</corner2></bounds><pose><translation>-0.40094884601138653, -0.005352539204944902, -1.0750812770439393</translation><rotation><c1>1, 0, 0</c1><c2>0, 1, 0</c2><c3>0, 0, 1</c3></rotation></pose><symmetry><x>twoFold</x><y>cylindrical</y><z>twoFold</z></symmetry><detectionScore>-1.0</detectionScore></element><element><id>38</id><category>plant</category><bounds><corner1>-0.16402817999114294, -1.1751800875703098, -0.8281741315441837</corner1><corner2>0.16402817999114294, 1.1751800875703098, 0.8281741315441837</corner2></bounds><pose><translation>5.429629089117034, -0.5489757532202295, -2.2670234944572463</translation><rotation><c1>1, 0, 0</c1><c2>0, 1, 0</c2><c3>0, 0, 1</c3></rotation></pose><symmetry><x>twoFold</x><y>cylindrical</y><z>twoFold</z></symmetry><detectionScore>-1.0</detectionScore></element><element><id>39</id><category>window</category><bounds><corner1>-2.831915547978021, -1.1005912124010133, -3.5894630168489465</corner1><corner2>2.831915547978021, 1.1005912124010133, 3.5894630168489465</corner2></bounds><pose><translation>2.559942729366042, 0.1508719342927004, -6.180570567774976</translation><rotation><c1>1, 0, 0</c1><c2>0, 1, 0</c2><c3>0, 0, 1</c3></rotation></pose><symmetry><x>twoFold</x><y>cylindrical</y><z>twoFold</z></symmetry><detectionScore>-1.0</detectionScore></element><element><id>40</id><category>sofa</category><bounds><corner1>-0.2303712238815807, -0.1567393150156463, -0.05031913637965402</corner1><corner2>0.2303712238815807, 0.1567393150156463, 0.05031913637965402</corner2></bounds><pose><translation>-0.627856402168474, -0.30343458493007064, -1.0604923805147468</translation><rotation><c1>1, 0, 0</c1><c2>0, 1, 0</c2><c3>0, 0, 1</c3></rotation></pose><symmetry><x>twoFold</x><y>cylindrical</y><z>twoFold</z></symmetry><detectionScore>-1.0</detectionScore></element><element><id>41</id><category>wall</category><bounds><corner1>-2.767247058391243, -1.460269236575796, -3.846489865207105</corner1><corner2>2.767247058391243, 1.460269236575796, 3.846489865207105</corner2></bounds><pose><translation>5.429146427234821, -0.14283851633483502, -1.548013363252785</translation><rotation><c1>1, 0, 0</c1><c2>0, 1, 0</c2><c3>0, 0, 1</c3></rotation></pose><symmetry><x>twoFold</x><y>cylindrical</y><z>twoFold</z></symmetry><detectionScore>-1.0</detectionScore></element><element><id>42</id><category>candle</category><bounds><corner1>-1.6986204811296894, -0.5201390353592316, -0.6126176327477624</corner1><corner2>1.6986204811296894, 0.5201390353592316, 0.6126176327477624</corner2></bounds><pose><translation>3.8459468637830727, -0.6099069661507813, -2.2801576667251795</translation><rotation><c1>1, 0, 0</c1><c2>0, 1, 0</c2><c3>0, 0, 1</c3></rotation></pose><symmetry><x>twoFold</x><y>cylindrical</y><z>twoFold</z></symmetry><detectionScore>-1.0</detectionScore></element><element><id>43</id><category>wall</category><bounds><corner1>-1.6087809869653276, -1.426469379049016, -2.0130253363408643</corner1><corner2>1.6087809869653276, 1.426469379049016, 2.0130253363408643</corner2></bounds><pose><translation>2.063305980620756, -0.042615920837118196, 4.846095077279613</translation><rotation><c1>1, 0, 0</c1><c2>0, 1, 0</c2><c3>0, 0, 1</c3></rotation></pose><symmetry><x>twoFold</x><y>cylindrical</y><z>twoFold</z></symmetry><detectionScore>-1.0</detectionScore></element><element><id>44</id><category>person</category><bounds><corner1>-1.426484335348525, -0.5628476977974043, -1.213319905396626</corner1><corner2>1.426484335348525, 0.5628476977974043, 1.213319905396626</corner2></bounds><pose><translation>-2.4404427743857946, -0.6559988305553062, 3.7354199924933265</translation><rotation><c1>1, 0, 0</c1><c2>0, 1, 0</c2><c3>0, 0, 1</c3></rotation></pose><symmetry><x>twoFold</x><y>cylindrical</y><z>twoFold</z></symmetry><detectionScore>-1.0</detectionScore></element><element><id>45</id><category>stand</category><bounds><corner1>-1.1123234798689619, -0.3661662056148942, -0.4187818538274426</corner1><corner2>1.1123234798689619, 0.3661662056148942, 0.4187818538274426</corner2></bounds><pose><translation>3.22878736027168, -1.0826059045760994, -1.7096894096781192</translation><rotation><c1>1, 0, 0</c1><c2>0, 1, 0</c2><c3>0, 0, 1</c3></rotation></pose><symmetry><x>twoFold</x><y>cylindrical</y><z>twoFold</z></symmetry><detectionScore>-1.0</detectionScore></element><element><id>46</id><category>window</category><bounds><corner1>-1.1054037244004573, -1.3699087038930355, -0.32750627323404613</corner1><corner2>1.1054037244004573, 1.3699087038930355, 0.32750627323404613</corner2></bounds><pose><translation>-3.5287250080954133, -0.010301194058320511, -0.7817649320504971</translation><rotation><c1>1, 0, 0</c1><c2>0, 1, 0</c2><c3>0, 0, 1</c3></rotation></pose><symmetry><x>twoFold</x><y>cylindrical</y><z>twoFold</z></symmetry><detectionScore>-1.0</detectionScore></element><element><id>47</id><category>wall</category><bounds><corner1>-0.3831988923019507, -1.3809215002758761, -0.10821041225575634</corner1><corner2>0.3831988923019507, 1.3809215002758761, 0.10821041225575634</corner2></bounds><pose><translation>2.995968666251132, -0.05201759123068671, 4.831312683627326</translation><rotation><c1>1, 0, 0</c1><c2>0, 1, 0</c2><c3>0, 0, 1</c3></rotation></pose><symmetry><x>twoFold</x><y>cylindrical</y><z>twoFold</z></symmetry><detectionScore>-1.0</detectionScore></element><element><id>48</id><category>wall</category><bounds><corner1>-0.902745244094403, -1.457023279057601, -8.013240462507465</corner1><corner2>0.902745244094403, 1.457023279057601, 8.013240462507465</corner2></bounds><pose><translation>-1.1342683437640309, -0.10406226149589085, 5.842882243119046</translation><rotation><c1>1, 0, 0</c1><c2>0, 1, 0</c2><c3>0, 0, 1</c3></rotation></pose><symmetry><x>twoFold</x><y>cylindrical</y><z>twoFold</z></symmetry><detectionScore>-1.0</detectionScore></element><element><id>49</id><category>plant</category><bounds><corner1>-0.6751993538910899, -1.0872585354980784, -0.14483550923883048</corner1><corner2>0.6751993538910899, 1.0872585354980784, 0.14483550923883048</corner2></bounds><pose><translation>-2.343895650537604, -0.23371451023693962, -0.8326332789920973</translation><rotation><c1>1, 0, 0</c1><c2>0, 1, 0</c2><c3>0, 0, 1</c3></rotation></pose><symmetry><x>twoFold</x><y>cylindrical</y><z>twoFold</z></symmetry><detectionScore>-1.0</detectionScore></element><element><id>50</id><category>armchair</category><bounds><corner1>-1.2637633094933995, -0.4296601961356816, -1.3651834481495437</corner1><corner2>1.2637633094933995, 0.4296601961356816, 1.3651834481495437</corner2></bounds><pose><translation>-2.3345380009381356, -0.6737555691701944, 3.5803429422042004</translation><rotation><c1>1, 0, 0</c1><c2>0, 1, 0</c2><c3>0, 0, 1</c3></rotation></pose><symmetry><x>twoFold</x><y>cylindrical</y><z>twoFold</z></symmetry><detectionScore>-1.0</detectionScore></element><element><id>51</id><category>window</category><bounds><corner1>-0.17091991251967364, -1.4073994299014214, -1.3945896755077303</corner1><corner2>0.17091991251967364, 1.4073994299014214, 1.3945896755077303</corner2></bounds><pose><translation>5.434146998207262, -0.07996049637652988, -2.399527390624411</translation><rotation><c1>1, 0, 0</c1><c2>0, 1, 0</c2><c3>0, 0, 1</c3></rotation></pose><symmetry><x>twoFold</x><y>cylindrical</y><z>twoFold</z></symmetry><detectionScore>-1.0</detectionScore></element><element><id>52</id><category>trash_can</category><bounds><corner1>-0.4586150048898454, -0.5056291497206354, -0.08033337528567697</corner1><corner2>0.4586150048898454, 0.5056291497206354, 0.08033337528567697</corner2></bounds><pose><translation>-1.9922990564943575, -0.6608500081805507, -0.8649521218892894</translation><rotation><c1>1, 0, 0</c1><c2>0, 1, 0</c2><c3>0, 0, 1</c3></rotation></pose><symmetry><x>twoFold</x><y>cylindrical</y><z>twoFold</z></symmetry><detectionScore>-1.0</detectionScore></element><element><id>53</id><category>chair</category><bounds><corner1>-0.20408242930731935, -0.22674265504911692, -0.05644609676563139</corner1><corner2>0.20408242930731935, 0.22674265504911692, 0.05644609676563139</corner2></bounds><pose><translation>-1.4113337467146658, -0.3769543168574949, -0.946582393403265</translation><rotation><c1>1, 0, 0</c1><c2>0, 1, 0</c2><c3>0, 0, 1</c3></rotation></pose><symmetry><x>twoFold</x><y>cylindrical</y><z>twoFold</z></symmetry><detectionScore>-1.0</detectionScore></element><element><id>54</id><category>wall</category><bounds><corner1>-5.392251432426726, -1.7334335168971644, -4.456102408088311</corner1><corner2>5.392251432426726, 1.7334335168971644, 4.456102408088311</corner2></bounds><pose><translation>5.352615148066719, -0.19399822871414296, 2.955548755601177</translation><rotation><c1>1, 0, 0</c1><c2>0, 1, 0</c2><c3>0, 0, 1</c3></rotation></pose><symmetry><x>twoFold</x><y>cylindrical</y><z>twoFold</z></symmetry><detectionScore>-1.0</detectionScore></element><element><id>55</id><category>wall</category><bounds><corner1>-2.7904206388631128, -1.417311452868184, -1.9921227095119074</corner1><corner2>2.7904206388631128, 1.417311452868184, 1.9921227095119074</corner2></bounds><pose><translation>5.4059728467629515, -0.09988073262722277, 1.000118528055278</translation><rotation><c1>1, 0, 0</c1><c2>0, 1, 0</c2><c3>0, 0, 1</c3></rotation></pose><symmetry><x>twoFold</x><y>cylindrical</y><z>twoFold</z></symmetry><detectionScore>-1.0</detectionScore></element><element><id>56</id><category>chandelier</category><bounds><corner1>-0.040040510384021885, -0.056933795611790794, -0.3806769519095714</corner1><corner2>0.040040510384021885, 0.056933795611790794, 0.3806769519095714</corner2></bounds><pose><translation>-0.11117091272489936, 1.5024853516312444, 1.8624714548461125</translation><rotation><c1>1, 0, 0</c1><c2>0, 1, 0</c2><c3>0, 0, 1</c3></rotation></pose><symmetry><x>twoFold</x><y>cylindrical</y><z>twoFold</z></symmetry><detectionScore>-1.0</detectionScore></element></elements></scene>