<?xml version='1.0' encoding='utf-8'?>
<scene xmlns:sumo="https://www.sumochallenge.org"><version>2.0</version><categories><id>fb_categories_v1_0</id><url>https://sumochallenge.org/en/categories-1_0.json</url></categories><project_type>bounding_box</project_type><elements><element><id>0</id><category>wall</category><bounds><corner1>-2.1264649212205002, -0.23920500825431823, -1.3431718235262973</corner1><corner2>2.1264649212205002, 0.23920500825431823, 1.3431718235262973</corner2></bounds><pose><translation>-0.6480717136351546, 11.210719790505252, -0.0989428662669882</translation><rotation><c1>0, 0, 0</c1><c2>0, 0, 0</c2><c3>0, 0, 0</c3></rotation></pose><symmetry><x>twoFold</x><y>cylindrical</y><z>twoFold</z></symmetry><detectionScore>-1.0</detectionScore></element><element><id>1</id><category>ceiling_fan</category><bounds><corner1>-0.8642747500528651, -0.6261260192593769, -0.08780620865665956</corner1><corner2>0.8642747500528651, 0.6261260192593769, 0.08780620865665956</corner2></bounds><pose><translation>-1.1159703879966152, -2.5725961549650322, 1.4003720616876079</translation><rotation><c1>0, 0, 0</c1><c2>0, 0, 0</c2><c3>0, 0, 0</c3></rotation></pose><symmetry><x>twoFold</x><y>cylindrical</y><z>twoFold</z></symmetry><detectionScore>-1.0</detectionScore></element><element><id>2</id><category>kitchen_cabinet</category><bounds><corner1>-0.43995552245373815, -0.17572738593141035, -0.850499999700947</corner1><corner2>0.43995552245373815, 0.17572738593141035, 0.850499999700947</corner2></bounds><pose><translation>0.9615246495468717, -1.7509282800112607, -0.6575142581863304</translation><rotation><c1>0, 0, 0</c1><c2>0, 0, 0</c2><c3>0, 0, 0</c3></rotation></pose><symmetry><x>twoFold</x><y>cylindrical</y><z>twoFold</z></symmetry><detectionScore>-1.0</detectionScore></element><element><id>3</id><category>kitchen_cabinet</category><bounds><corner1>-0.3672697708454409, -1.091282201047583, -0.5814129905026769</corner1><corner2>0.3672697708454409, 1.091282201047583, 0.5814129905026769</corner2></bounds><pose><translation>-2.209717369562959, 0.3519981015807733, -1.1090381172182833</translation><rotation><c1>0, 0, 0</c1><c2>0, 0, 0</c2><c3>0, 0, 0</c3></rotation></pose><symmetry><x>twoFold</x><y>cylindrical</y><z>twoFold</z></symmetry><detectionScore>-1.0</detectionScore></element><element><id>4</id><category>floor_lamp</category><bounds><corner1>-1.3548964242201083, -3.7805498169917797, -2.0209907296429686</corner1><corner2>1.3548964242201083, 3.7805498169917797, 2.0209907296429686</corner2></bounds><pose><translation>-1.2978324894586168, 7.6311456673457965, -0.7382481852909148</translation><rotation><c1>0, 0, 0</c1><c2>0, 0, 0</c2><c3>0, 0, 0</c3></rotation></pose><symmetry><x>twoFold</x><y>cylindrical</y><z>twoFold</z></symmetry><detectionScore>-1.0</detectionScore></element><element><id>5</id><category>armchair</category><bounds><corner1>-0.5143205570003392, -6.336067399153867, -0.5305647884821065</corner1><corner2>0.5143205570003392, 6.336067399153867, 0.5305647884821065</corner2></bounds><pose><translation>-0.6511048277269136, 4.995660236384712, -1.1561323062167528</translation><rotation><c1>0, 0, 0</c1><c2>0, 0, 0</c2><c3>0, 0, 0</c3></rotation></pose><symmetry><x>twoFold</x><y>cylindrical</y><z>twoFold</z></symmetry><detectionScore>-1.0</detectionScore></element><element><id>6</id><category>food_processor</category><bounds><corner1>-0.19830582264254248, -0.7300909805091063, -0.313439744170224</corner1><corner2>0.19830582264254248, 0.7300909805091063, 0.313439744170224</corner2></bounds><pose><translation>-2.1065980044836645, 0.6721965866405666, -0.6912935785653533</translation><rotation><c1>0, 0, 0</c1><c2>0, 0, 0</c2><c3>0, 0, 0</c3></rotation></pose><symmetry><x>twoFold</x><y>cylindrical</y><z>twoFold</z></symmetry><detectionScore>-1.0</detectionScore></element><element><id>7</id><category>cart</category><bounds><corner1>-1.0042085109605643, -0.6165084818315205, -0.39778716763008937</corner1><corner2>1.0042085109605643, 0.6165084818315205, 0.39778716763008937</corner2></bounds><pose><translation>-2.865701379517794, 1.6267749804150564, -0.9932650039376304</translation><rotation><c1>0, 0, 0</c1><c2>0, 0, 0</c2><c3>0, 0, 0</c3></rotation></pose><symmetry><x>twoFold</x><y>cylindrical</y><z>twoFold</z></symmetry><detectionScore>-1.0</detectionScore></element><element><id>8</id><category>dining_table</category><bounds><corner1>-0.9499931428569923, -6.351634654718909, -0.5912309624651753</corner1><corner2>0.9499931428569923, 6.351634654718909, 0.5912309624651753</corner2></bounds><pose><translation>-1.3982477500301083, 4.901087759867886, -1.23427663234175</translation><rotation><c1>0, 0, 0</c1><c2>0, 0, 0</c2><c3>0, 0, 0</c3></rotation></pose><symmetry><x>twoFold</x><y>cylindrical</y><z>twoFold</z></symmetry><detectionScore>-1.0</detectionScore></element><element><id>9</id><category>hanging_kitchen_cabinet</category><bounds><corner1>-0.17396211764334613, -0.4737809826261169, -0.5007121478400033</corner1><corner2>0.17396211764334613, 0.4737809826261169, 0.5007121478400033</corner2></bounds><pose><translation>-3.2186756603616065, 0.022595016049294047, 0.5016127925371042</translation><rotation><c1>0, 0, 0</c1><c2>0, 0, 0</c2><c3>0, 0, 0</c3></rotation></pose><symmetry><x>twoFold</x><y>cylindrical</y><z>twoFold</z></symmetry><detectionScore>-1.0</detectionScore></element><element><id>10</id><category>arch</category><bounds><corner1>-2.448261685252059, -4.356386032503451, -1.4946759340074482</corner1><corner2>2.448261685252059, 4.356386032503451, 1.4946759340074482</corner2></bounds><pose><translation>1.6981842322767022, 2.3719992112879944, -0.01997808182114821</translation><rotation><c1>0, 0, 0</c1><c2>0, 0, 0</c2><c3>0, 0, 0</c3></rotation></pose><symmetry><x>twoFold</x><y>cylindrical</y><z>twoFold</z></symmetry><detectionScore>-1.0</detectionScore></element><element><id>11</id><category>coffee_table</category><bounds><corner1>-0.9903417334857558, -0.6492577622950315, -0.40868963430131</corner1><corner2>0.9903417334857558, 0.6492577622950315, 0.40868963430131</corner2></bounds><pose><translation>-2.8506147447286674, 1.6153633397367533, -0.9989226431938195</translation><rotation><c1>0, 0, 0</c1><c2>0, 0, 0</c2><c3>0, 0, 0</c3></rotation></pose><symmetry><x>twoFold</x><y>cylindrical</y><z>twoFold</z></symmetry><detectionScore>-1.0</detectionScore></element><element><id>12</id><category>stairs</category><bounds><corner1>-1.8436302986647652, -3.2270822869940083, -0.8964406075407971</corner1><corner2>1.8436302986647652, 3.2270822869940083, 0.8964406075407971</corner2></bounds><pose><translation>-1.3759444771908058, 8.198258811002951, 0.42525767780581597</translation><rotation><c1>0, 0, 0</c1><c2>0, 0, 0</c2><c3>0, 0, 0</c3></rotation></pose><symmetry><x>twoFold</x><y>cylindrical</y><z>twoFold</z></symmetry><detectionScore>-1.0</detectionScore></element><element><id>13</id><category>shelving</category><bounds><corner1>-0.9601050140918748, -0.6181507061863851, -0.3934761680698837</corner1><corner2>0.9601050140918748, 0.6181507061863851, 0.3934761680698837</corner2></bounds><pose><translation>-2.818582073928274, 1.6109147092206981, -1.0185692020361394</translation><rotation><c1>0, 0, 0</c1><c2>0, 0, 0</c2><c3>0, 0, 0</c3></rotation></pose><symmetry><x>twoFold</x><y>cylindrical</y><z>twoFold</z></symmetry><detectionScore>-1.0</detectionScore></element><element><id>14</id><category>wall</category><bounds><corner1>-4.987336255361958, -6.174288786506548, -1.1166459572480554</corner1><corner2>4.987336255361958, 6.174288786506548, 1.1166459572480554</corner2></bounds><pose><translation>1.7880409681097456, 4.499954989305953, -0.030147662304593675</translation><rotation><c1>0, 0, 0</c1><c2>0, 0, 0</c2><c3>0, 0, 0</c3></rotation></pose><symmetry><x>twoFold</x><y>cylindrical</y><z>twoFold</z></symmetry><detectionScore>-1.0</detectionScore></element><element><id>15</id><category>refrigerator</category><bounds><corner1>-0.44635987568674906, -0.0967236096908819, -0.9794993118199096</corner1><corner2>0.44635987568674906, 0.0967236096908819, 0.9794993118199096</corner2></bounds><pose><translation>1.0054100970709168, -1.660728764588519, -0.5492325281656291</translation><rotation><c1>0, 0, 0</c1><c2>0, 0, 0</c2><c3>0, 0, 0</c3></rotation></pose><symmetry><x>twoFold</x><y>cylindrical</y><z>twoFold</z></symmetry><detectionScore>-1.0</detectionScore></element><element><id>16</id><category>window</category><bounds><corner1>-1.8765654345527878, -4.795682013302535, -0.784039585103878</corner1><corner2>1.8765654345527878, 4.795682013302535, 0.784039585103878</corner2></bounds><pose><translation>-1.8765654345527878, -4.795682013302535, 0.07999862018822262</translation><rotation><c1>0, 0, 0</c1><c2>0, 0, 0</c2><c3>0, 0, 0</c3></rotation></pose><symmetry><x>twoFold</x><y>cylindrical</y><z>twoFold</z></symmetry><detectionScore>-1.0</detectionScore></element><element><id>17</id><category>arch</category><bounds><corner1>-4.366114824667389, -5.246303038436309, -1.4426983515874623</corner1><corner2>4.366114824667389, 5.246303038436309, 1.4426983515874623</corner2></bounds><pose><translation>2.3913137183445627, 5.345298768963728, -0.14919133981444116</translation><rotation><c1>0, 0, 0</c1><c2>0, 0, 0</c2><c3>0, 0, 0</c3></rotation></pose><symmetry><x>twoFold</x><y>cylindrical</y><z>twoFold</z></symmetry><detectionScore>-1.0</detectionScore></element><element><id>18</id><category>chair</category><bounds><corner1>-0.612438492529469, -3.426766671336316, -0.9030180825555769</corner1><corner2>0.612438492529469, 3.426766671336316, 0.9030180825555769</corner2></bounds><pose><translation>-1.8343168128368474, 4.307500361695459, -1.570282192516538</translation><rotation><c1>0, 0, 0</c1><c2>0, 0, 0</c2><c3>0, 0, 0</c3></rotation></pose><symmetry><x>twoFold</x><y>cylindrical</y><z>twoFold</z></symmetry><detectionScore>-1.0</detectionScore></element><element><id>19</id><category>trash_can</category><bounds><corner1>-0.15592188557534614, -0.160605701787349, -0.288145806430838</corner1><corner2>0.15592188557534614, 0.160605701787349, 0.288145806430838</corner2></bounds><pose><translation>-2.6296825505952417, 2.1311300434082456, -1.5521005659018943</translation><rotation><c1>0, 0, 0</c1><c2>0, 0, 0</c2><c3>0, 0, 0</c3></rotation></pose><symmetry><x>twoFold</x><y>cylindrical</y><z>twoFold</z></symmetry><detectionScore>-1.0</detectionScore></element><element><id>20</id><category>chair</category><bounds><corner1>-0.437523373532299, -6.333047681766953, -0.4994508289331755</corner1><corner2>0.437523373532299, 6.333047681766953, 0.4994508289331755</corner2></bounds><pose><translation>-0.6086985273021175, 4.86318815774489, -1.1506241820113043</translation><rotation><c1>0, 0, 0</c1><c2>0, 0, 0</c2><c3>0, 0, 0</c3></rotation></pose><symmetry><x>twoFold</x><y>cylindrical</y><z>twoFold</z></symmetry><detectionScore>-1.0</detectionScore></element><element><id>21</id><category>door</category><bounds><corner1>-3.8076473425246746, -5.931429706987376, -1.9024185286189221</corner1><corner2>3.8076473425246746, 5.931429706987376, 1.9024185286189221</corner2></bounds><pose><translation>1.7158166037307208, 2.689364818960784, -0.55458893259334</translation><rotation><c1>0, 0, 0</c1><c2>0, 0, 0</c2><c3>0, 0, 0</c3></rotation></pose><symmetry><x>twoFold</x><y>cylindrical</y><z>twoFold</z></symmetry><detectionScore>-1.0</detectionScore></element><element><id>22</id><category>coffee_table</category><bounds><corner1>-0.47017429464847027, -5.2974697519812475, -0.5004167146671664</corner1><corner2>0.47017429464847027, 5.2974697519812475, 0.5004167146671664</corner2></bounds><pose><translation>-0.6250004165613667, 4.903918913069977, -1.1598708475712733</translation><rotation><c1>0, 0, 0</c1><c2>0, 0, 0</c2><c3>0, 0, 0</c3></rotation></pose><symmetry><x>twoFold</x><y>cylindrical</y><z>twoFold</z></symmetry><detectionScore>-1.0</detectionScore></element><element><id>23</id><category>utensil_holder</category><bounds><corner1>-0.5896253806373033, -0.640948967222721, -0.4427676896399912</corner1><corner2>0.5896253806373033, 0.640948967222721, 0.4427676896399912</corner2></bounds><pose><translation>-2.499090535444077, 0.7223034506145619, -0.5908261556481514</translation><rotation><c1>0, 0, 0</c1><c2>0, 0, 0</c2><c3>0, 0, 0</c3></rotation></pose><symmetry><x>twoFold</x><y>cylindrical</y><z>twoFold</z></symmetry><detectionScore>-1.0</detectionScore></element><element><id>24</id><category>wall</category><bounds><corner1>-1.1510720278192217, -2.1707299422647193, -1.1510823147276157</corner1><corner2>1.1510720278192217, 2.1707299422647193, 1.1510823147276157</corner2></bounds><pose><translation>2.3786310754061284, 6.15281527171617, -0.05363758530309652</translation><rotation><c1>0, 0, 0</c1><c2>0, 0, 0</c2><c3>0, 0, 0</c3></rotation></pose><symmetry><x>twoFold</x><y>cylindrical</y><z>twoFold</z></symmetry><detectionScore>-1.0</detectionScore></element><element><id>25</id><category>range_oven</category><bounds><corner1>-0.510648955230645, -0.07713906554723682, -0.45001303638885015</corner1><corner2>0.510648955230645, 0.07713906554723682, 0.45001303638885015</corner2></bounds><pose><translation>-0.23430990446344807, -3.9751315739108155, -1.1269767361752483</translation><rotation><c1>0, 0, 0</c1><c2>0, 0, 0</c2><c3>0, 0, 0</c3></rotation></pose><symmetry><x>twoFold</x><y>cylindrical</y><z>twoFold</z></symmetry><detectionScore>-1.0</detectionScore></element><element><id>26</id><category>kitchen_cabinet</category><bounds><corner1>-0.9663694026207024, -0.6800592058465085, -0.44468229432997586</corner1><corner2>0.9663694026207024, 0.6800592058465085, 0.44468229432997586</corner2></bounds><pose><translation>-2.826264574589254, 1.6153740444120255, -1.0137550240942117</translation><rotation><c1>0, 0, 0</c1><c2>0, 0, 0</c2><c3>0, 0, 0</c3></rotation></pose><symmetry><x>twoFold</x><y>cylindrical</y><z>twoFold</z></symmetry><detectionScore>-1.0</detectionScore></element><element><id>27</id><category>wall</category><bounds><corner1>-2.0800447958205805, -4.73649873546202, -1.4593348485752364</corner1><corner2>2.0800447958205805, 4.73649873546202, 1.4593348485752364</corner2></bounds><pose><translation>-0.6998863174057731, -4.73649873546202, -0.13596810159435796</translation><rotation><c1>0, 0, 0</c1><c2>0, 0, 0</c2><c3>0, 0, 0</c3></rotation></pose><symmetry><x>twoFold</x><y>cylindrical</y><z>twoFold</z></symmetry><detectionScore>-1.0</detectionScore></element><element><id>28</id><category>door</category><bounds><corner1>-5.054271558409507, -8.316651892079333, -0.9361559751035624</corner1><corner2>5.054271558409507, 8.316651892079333, 0.9361559751035624</corner2></bounds><pose><translation>1.7661533838883783, 2.477618371061879, -0.10331290734435564</translation><rotation><c1>0, 0, 0</c1><c2>0, 0, 0</c2><c3>0, 0, 0</c3></rotation></pose><symmetry><x>twoFold</x><y>cylindrical</y><z>twoFold</z></symmetry><detectionScore>-1.0</detectionScore></element><element><id>29</id><category>wall</category><bounds><corner1>-1.7158336729534376, -3.783338480769304, -1.1330559345951714</corner1><corner2>1.7158336729534376, 3.783338480769304, 1.1330559345951714</corner2></bounds><pose><translation>-2.9278962384726035, 7.533621514611333, -0.16113805179043275</translation><rotation><c1>0, 0, 0</c1><c2>0, 0, 0</c2><c3>0, 0, 0</c3></rotation></pose><symmetry><x>twoFold</x><y>cylindrical</y><z>twoFold</z></symmetry><detectionScore>-1.0</detectionScore></element></elements></scene>