<?xml version='1.0' encoding='utf-8'?>
<scene xmlns:sumo="https://www.sumochallenge.org"><version>2.0</version><categories><id>fb_categories_v1.0</id><url>https://sumochallenge.org/en/categories-1_0.json</url></categories><project_type>bounding_box</project_type><elements><element><id>5</id><category>chandelier</category><bounds><corner1>-1.34081206, -0.02153182, -0.30363823</corner1><corner2>1.34081206, 0.02153182, 0.30363823</corner2></bounds><pose><translation>-3.04984027,  1.18574521,  0.03580558</translation><rotation><c1>1., 0., 0.</c1><c2>0., 1., 0.</c2><c3>0., 0., 1.</c3></rotation></pose><symmetry><x>none</x><y>cylindrical</y><z>none</z></symmetry><detectionScore>0.8310425</detectionScore></element><element><id>10</id><category>door</category><bounds><corner1>-0.08559089, -0.30541996, -0.10202245</corner1><corner2>0.08559089, 0.30541996, 0.10202245</corner2></bounds><pose><translation> 0.12040328, -0.12611098,  0.87999817</translation><rotation><c1>1., 0., 0.</c1><c2>0., 1., 0.</c2><c3>0., 0., 1.</c3></rotation></pose><symmetry><x>twoFold</x><y>twoFold</y><z>twoFold</z></symmetry><detectionScore>0.7482782</detectionScore></element><element><id>11</id><category>armchair</category><bounds><corner1>-0.72891277, -0.42128   , -0.37894188</corner1><corner2>0.72891277, 0.42128   , 0.37894188</corner2></bounds><pose><translation> 0.94477257, -1.03608447, -1.86095908</translation><rotation><c1>1., 0., 0.</c1><c2>0., 1., 0.</c2><c3>0., 0., 1.</c3></rotation></pose><symmetry><x>none</x><y>none</y><z>none</z></symmetry><detectionScore>0.6499587</detectionScore></element><element><id>4</id><category>floor</category><bounds><corner1>-1.03448139, -0.0742767 , -0.06885852</corner1><corner2>1.03448139, 0.0742767 , 0.06885852</corner2></bounds><pose><translation> 0.61228156, -0.53901645, -3.65776545</translation><rotation><c1>1., 0., 0.</c1><c2>0., 1., 0.</c2><c3>0., 0., 1.</c3></rotation></pose><symmetry><x>twoFold</x><y>cylindrical</y><z>twoFold</z></symmetry><detectionScore>0.74907607</detectionScore></element><element><id>6</id><category>dining_table</category><bounds><corner1>-1.40939353, -0.37963544, -0.55404101</corner1><corner2>1.40939353, 0.37963544, 0.55404101</corner2></bounds><pose><translation> 0.23653093, -0.99951155, -1.83199298</translation><rotation><c1>1., 0., 0.</c1><c2>0., 1., 0.</c2><c3>0., 0., 1.</c3></rotation></pose><symmetry><x>none</x><y>twoFold</y><z>none</z></symmetry><detectionScore>0.7894328</detectionScore></element><element><id>3</id><category>chair</category><bounds><corner1>-0.05594375, -0.27142764, -0.22944236</corner1><corner2>0.05594375, 0.27142764, 0.22944236</corner2></bounds><pose><translation>-1.09496811, -0.80318042, -0.63169896</translation><rotation><c1>1., 0., 0.</c1><c2>0., 1., 0.</c2><c3>0., 0., 1.</c3></rotation></pose><symmetry><x>none</x><y>none</y><z>none</z></symmetry><detectionScore>0.82449454</detectionScore></element><element><id>12</id><category>chandelier</category><bounds><corner1>-1.10600161, -0.02157817, -0.69537614</corner1><corner2>1.10600161, 0.02157817, 0.69537614</corner2></bounds><pose><translation>-2.78098698,  1.18626819, -1.59156969</translation><rotation><c1>1., 0., 0.</c1><c2>0., 1., 0.</c2><c3>0., 0., 1.</c3></rotation></pose><symmetry><x>none</x><y>cylindrical</y><z>none</z></symmetry><detectionScore>0.76894975</detectionScore></element><element><id>2</id><category>wall</category><bounds><corner1>-1.4605386 , -1.2088859 , -1.75014404</corner1><corner2>1.4605386 , 1.2088859 , 1.75014404</corner2></bounds><pose><translation> 0.00566893, -0.08983873, -3.63519828</translation><rotation><c1>1., 0., 0.</c1><c2>0., 1., 0.</c2><c3>0., 0., 1.</c3></rotation></pose><symmetry><x>none</x><y>twoFold</y><z>none</z></symmetry><detectionScore>0.975967</detectionScore></element><element><id>1</id><category>door</category><bounds><corner1>-2.30360385, -1.0806726 , -2.02074468</corner1><corner2>2.30360385, 1.0806726 , 2.02074468</corner2></bounds><pose><translation>-3.72956377, -0.35245908, -2.93116865</translation><rotation><c1>1., 0., 0.</c1><c2>0., 1., 0.</c2><c3>0., 0., 1.</c3></rotation></pose><symmetry><x>twoFold</x><y>twoFold</y><z>twoFold</z></symmetry><detectionScore>0.6644248</detectionScore></element><element><id>9</id><category>chandelier</category><bounds><corner1>-0.67183352, -0.08249312, -1.07129138</corner1><corner2>0.67183352, 0.08249312, 1.07129138</corner2></bounds><pose><translation> 0.4239232 ,  1.12150216, -3.0132473 </translation><rotation><c1>1., 0., 0.</c1><c2>0., 1., 0.</c2><c3>0., 0., 1.</c3></rotation></pose><symmetry><x>none</x><y>cylindrical</y><z>none</z></symmetry><detectionScore>0.5200809</detectionScore></element><element><id>8</id><category>wall</category><bounds><corner1>-0.61791331, -1.18232854, -0.00912221</corner1><corner2>0.61791331, 1.18232854, 0.00912221</corner2></bounds><pose><translation>-1.67792202,  0.00770066,  0.33741717</translation><rotation><c1>1., 0., 0.</c1><c2>0., 1., 0.</c2><c3>0., 0., 1.</c3></rotation></pose><symmetry><x>none</x><y>twoFold</y><z>none</z></symmetry><detectionScore>0.750267</detectionScore></element><element><id>7</id><category>wall</category><bounds><corner1>-3.5425953 , -1.26080194, -1.21227743</corner1><corner2>3.5425953 , 1.26080194, 1.21227743</corner2></bounds><pose><translation>-5.25959057, -0.11009639, -1.04964212</translation><rotation><c1>1., 0., 0.</c1><c2>0., 1., 0.</c2><c3>0., 0., 1.</c3></rotation></pose><symmetry><x>none</x><y>twoFold</y><z>none</z></symmetry><detectionScore>0.9167001</detectionScore></element></elements></scene>