<?xml version='1.0' encoding='utf-8'?>
<scene xmlns:sumo="https://www.sumochallenge.org"><version>2.0</version><categories><id>fb_categories_v1.0</id><url>https://sumochallenge.org/en/categories-1_0.json</url></categories><project_type>bounding_box</project_type><elements><element><id>18</id><category>chair</category><bounds><corner1>-2.39097738, -0.32699343, -0.35999778</corner1><corner2>2.39097738, 0.32699343, 0.35999778</corner2></bounds><pose><translation> 1.60706406, -1.00921372, -0.34888313</translation><rotation><c1>1., 0., 0.</c1><c2>0., 1., 0.</c2><c3>0., 0., 1.</c3></rotation></pose><symmetry><x>none</x><y>none</y><z>none</z></symmetry><detectionScore>-1</detectionScore></element><element><id>15</id><category>armchair</category><bounds><corner1>-0.02699407, -0.30839125, -0.1890604 </corner1><corner2>0.02699407, 0.30839125, 0.1890604 </corner2></bounds><pose><translation>-1.02797063, -0.48273776,  0.57436798</translation><rotation><c1>1., 0., 0.</c1><c2>0., 1., 0.</c2><c3>0., 0., 1.</c3></rotation></pose><symmetry><x>none</x><y>none</y><z>none</z></symmetry><detectionScore>-1</detectionScore></element><element><id>4</id><category>wall</category><bounds><corner1>-0.32061565, -1.30334469, -4.15521571</corner1><corner2>0.32061565, 1.30334469, 4.15521571</corner2></bounds><pose><translation> 3.42263807, -0.11888357,  4.46492417</translation><rotation><c1>1., 0., 0.</c1><c2>0., 1., 0.</c2><c3>0., 0., 1.</c3></rotation></pose><symmetry><x>none</x><y>none</y><z>none</z></symmetry><detectionScore>-1</detectionScore></element><element><id>9</id><category>motorcycle</category><bounds><corner1>-0.02303123, -0.119863  , -0.15645939</corner1><corner2>0.02303123, 0.119863  , 0.15645939</corner2></bounds><pose><translation>-1.02702426, -0.18517844,  0.55820753</translation><rotation><c1>1., 0., 0.</c1><c2>0., 1., 0.</c2><c3>0., 0., 1.</c3></rotation></pose><symmetry><x>none</x><y>none</y><z>none</z></symmetry><detectionScore>-1</detectionScore></element><element><id>5</id><category>door</category><bounds><corner1>-3.7092977 , -1.1391257 , -2.70879487</corner1><corner2>3.7092977 , 1.1391257 , 2.70879487</corner2></bounds><pose><translation> 3.94845413, -0.44648871, -4.89365359</translation><rotation><c1>1., 0., 0.</c1><c2>0., 1., 0.</c2><c3>0., 0., 1.</c3></rotation></pose><symmetry><x>none</x><y>none</y><z>none</z></symmetry><detectionScore>-1</detectionScore></element><element><id>20</id><category>door</category><bounds><corner1>-5.16259938, -1.17997081, -0.97343885</corner1><corner2>5.16259938, 1.17997081, 0.97343885</corner2></bounds><pose><translation> 3.89672844, -0.46578412,  0.18240604</translation><rotation><c1>1., 0., 0.</c1><c2>0., 1., 0.</c2><c3>0., 0., 1.</c3></rotation></pose><symmetry><x>none</x><y>none</y><z>none</z></symmetry><detectionScore>-1</detectionScore></element><element><id>16</id><category>wall</category><bounds><corner1>-6.52660509, -0.91186234, -2.76756288</corner1><corner2>6.52660509, 0.91186234, 2.76756288</corner2></bounds><pose><translation>-10.43575087,  -0.17868878,  -1.05390454</translation><rotation><c1>1., 0., 0.</c1><c2>0., 1., 0.</c2><c3>0., 0., 1.</c3></rotation></pose><symmetry><x>none</x><y>none</y><z>none</z></symmetry><detectionScore>-1</detectionScore></element><element><id>12</id><category>picture_frame</category><bounds><corner1>-0.06768519, -0.45336021, -0.43820118</corner1><corner2>0.06768519, 0.45336021, 0.43820118</corner2></bounds><pose><translation> 3.92618707,  0.54175453, -3.41004741</translation><rotation><c1>1., 0., 0.</c1><c2>0., 1., 0.</c2><c3>0., 0., 1.</c3></rotation></pose><symmetry><x>none</x><y>none</y><z>none</z></symmetry><detectionScore>-1</detectionScore></element><element><id>2</id><category>plant</category><bounds><corner1>-0.64246596, -1.16091791, -5.7990848 </corner1><corner2>0.64246596, 1.16091791, 5.7990848 </corner2></bounds><pose><translation>-0.68877798, -0.61409333,  3.58712498</translation><rotation><c1>1., 0., 0.</c1><c2>0., 1., 0.</c2><c3>0., 0., 1.</c3></rotation></pose><symmetry><x>none</x><y>none</y><z>none</z></symmetry><detectionScore>-1</detectionScore></element><element><id>10</id><category>door</category><bounds><corner1>-0.07848707, -1.00811515, -1.03021839</corner1><corner2>0.07848707, 1.00811515, 1.03021839</corner2></bounds><pose><translation> 3.97735747, -0.4096217 , -1.98047935</translation><rotation><c1>1., 0., 0.</c1><c2>0., 1., 0.</c2><c3>0., 0., 1.</c3></rotation></pose><symmetry><x>none</x><y>none</y><z>none</z></symmetry><detectionScore>-1</detectionScore></element><element><id>17</id><category>chair</category><bounds><corner1>-0.7054922 , -0.39661177, -0.86302004</corner1><corner2>0.7054922 , 0.39661177, 0.86302004</corner2></bounds><pose><translation> 0.73584799, -0.90748241, -2.08603342</translation><rotation><c1>1., 0., 0.</c1><c2>0., 1., 0.</c2><c3>0., 0., 1.</c3></rotation></pose><symmetry><x>none</x><y>none</y><z>none</z></symmetry><detectionScore>-1</detectionScore></element><element><id>6</id><category>chair</category><bounds><corner1>-0.96922156, -0.23826819, -0.69196898</corner1><corner2>0.96922156, 0.23826819, 0.69196898</corner2></bounds><pose><translation> 0.7783078 , -0.71134587, -1.46996995</translation><rotation><c1>1., 0., 0.</c1><c2>0., 1., 0.</c2><c3>0., 0., 1.</c3></rotation></pose><symmetry><x>none</x><y>none</y><z>none</z></symmetry><detectionScore>-1</detectionScore></element><element><id>14</id><category>plant</category><bounds><corner1>-0.74167361, -0.83910463, -3.09106332</corner1><corner2>0.74167361, 0.83910463, 3.09106332</corner2></bounds><pose><translation> 3.30616866, -0.5040443 , -5.66224135</translation><rotation><c1>1., 0., 0.</c1><c2>0., 1., 0.</c2><c3>0., 0., 1.</c3></rotation></pose><symmetry><x>none</x><y>none</y><z>none</z></symmetry><detectionScore>-1</detectionScore></element><element><id>3</id><category>wall</category><bounds><corner1>-2.03708079, -1.22998068, -0.17975293</corner1><corner2>2.03708079, 1.22998068, 0.17975293</corner2></bounds><pose><translation> 1.30255046, -0.13575496,  9.41464264</translation><rotation><c1>1., 0., 0.</c1><c2>0., 1., 0.</c2><c3>0., 0., 1.</c3></rotation></pose><symmetry><x>none</x><y>none</y><z>none</z></symmetry><detectionScore>-1</detectionScore></element><element><id>19</id><category>wall</category><bounds><corner1>-2.32036111, -1.26166038, -1.07915571</corner1><corner2>2.32036111, 1.26166038, 1.07915571</corner2></bounds><pose><translation> 1.46981787, -0.09544744, -8.78172083</translation><rotation><c1>1., 0., 0.</c1><c2>0., 1., 0.</c2><c3>0., 0., 1.</c3></rotation></pose><symmetry><x>none</x><y>none</y><z>none</z></symmetry><detectionScore>-1</detectionScore></element><element><id>21</id><category>picture_frame</category><bounds><corner1>-0.06889267, -0.45661381, -0.44621721</corner1><corner2>0.06889267, 0.45661381, 0.44621721</corner2></bounds><pose><translation>3.92729446, 0.56476704, 2.07601813</translation><rotation><c1>1., 0., 0.</c1><c2>0., 1., 0.</c2><c3>0., 0., 1.</c3></rotation></pose><symmetry><x>none</x><y>none</y><z>none</z></symmetry><detectionScore>-1</detectionScore></element><element><id>8</id><category>candle</category><bounds><corner1>-1.70421037, -0.40220677, -0.51355704</corner1><corner2>1.70421037, 0.40220677, 0.51355704</corner2></bounds><pose><translation> 2.35103379, -0.68390686, -1.60846332</translation><rotation><c1>1., 0., 0.</c1><c2>0., 1., 0.</c2><c3>0., 0., 1.</c3></rotation></pose><symmetry><x>none</x><y>none</y><z>none</z></symmetry><detectionScore>-1</detectionScore></element><element><id>1</id><category>chair</category><bounds><corner1>-2.5841713 , -0.08884293, -0.21999367</corner1><corner2>2.5841713 , 0.08884293, 0.21999367</corner2></bounds><pose><translation> 1.4300262 , -0.6908314 , -0.57444809</translation><rotation><c1>1., 0., 0.</c1><c2>0., 1., 0.</c2><c3>0., 0., 1.</c3></rotation></pose><symmetry><x>none</x><y>none</y><z>none</z></symmetry><detectionScore>-1</detectionScore></element></elements></scene>