<?xml version='1.0' encoding='utf-8'?>
<scene xmlns:sumo="https://www.sumochallenge.org"><version>2.0</version><categories><id>fb_categories_v1.0</id><url>https://sumochallenge.org/en/categories-1_0.json</url></categories><project_type>bounding_box</project_type><elements><element><id>6</id><category>door</category><bounds><corner1>-2.66628268, -1.09232194, -7.5916261 </corner1><corner2>2.66628268, 1.09232194, 7.5916261 </corner2></bounds><pose><translation> 0.77667417,  0.        , -7.5916261 </translation><rotation><c1>1., 0., 0.</c1><c2>0., 1., 0.</c2><c3>0., 0., 1.</c3></rotation></pose><symmetry><x>none</x><y>none</y><z>none</z></symmetry><detectionScore>-1</detectionScore></element><element><id>5</id><category>door</category><bounds><corner1>-0.27097134, -1.04340605, -0.22260612</corner1><corner2>0.27097134, 1.04340605, 0.22260612</corner2></bounds><pose><translation>-1.54500584, -0.20977731,  0.39651907</translation><rotation><c1>1., 0., 0.</c1><c2>0., 1., 0.</c2><c3>0., 0., 1.</c3></rotation></pose><symmetry><x>none</x><y>none</y><z>none</z></symmetry><detectionScore>-1</detectionScore></element><element><id>3</id><category>wall</category><bounds><corner1>-0.02401376, -0.56054504, -0.54215354</corner1><corner2>0.02401376, 0.56054504, 0.54215354</corner2></bounds><pose><translation>-1.30501564, -0.05449381, -0.28906429</translation><rotation><c1>1., 0., 0.</c1><c2>0., 1., 0.</c2><c3>0., 0., 1.</c3></rotation></pose><symmetry><x>none</x><y>none</y><z>none</z></symmetry><detectionScore>-1</detectionScore></element><element><id>4</id><category>chandelier</category><bounds><corner1>-1.83332176, -0.02609289, -0.34537315</corner1><corner2>1.83332176, 0.02609289, 0.34537315</corner2></bounds><pose><translation> 2.79322275,  1.18066376, -0.98675198</translation><rotation><c1>1., 0., 0.</c1><c2>0., 1., 0.</c2><c3>0., 0., 1.</c3></rotation></pose><symmetry><x>none</x><y>none</y><z>none</z></symmetry><detectionScore>-1</detectionScore></element><element><id>2</id><category>sofa</category><bounds><corner1>-2.97219599, -0.61803214, -2.74885929</corner1><corner2>2.97219599, 0.61803214, 2.74885929</corner2></bounds><pose><translation> 1.3373539 , -1.07081809, -3.97388756</translation><rotation><c1>1., 0., 0.</c1><c2>0., 1., 0.</c2><c3>0., 0., 1.</c3></rotation></pose><symmetry><x>none</x><y>none</y><z>none</z></symmetry><detectionScore>-1</detectionScore></element><element><id>1</id><category>mirror</category><bounds><corner1>-0.11904206, -0.89100708, -0.59257752</corner1><corner2>0.11904206, 0.89100708, 0.59257752</corner2></bounds><pose><translation>-4.30554191,  0.17001272, -3.44478238</translation><rotation><c1>1., 0., 0.</c1><c2>0., 1., 0.</c2><c3>0., 0., 1.</c3></rotation></pose><symmetry><x>none</x><y>none</y><z>none</z></symmetry><detectionScore>-1</detectionScore></element><element><id>8</id><category>chair</category><bounds><corner1>-1.55269524, -0.88245921, -1.03667856</corner1><corner2>1.55269524, 0.88245921, 1.03667856</corner2></bounds><pose><translation> 3.02097233, -1.32796247, -2.13387874</translation><rotation><c1>1., 0., 0.</c1><c2>0., 1., 0.</c2><c3>0., 0., 1.</c3></rotation></pose><symmetry><x>none</x><y>none</y><z>none</z></symmetry><detectionScore>-1</detectionScore></element></elements></scene>