<?xml version='1.0' encoding='utf-8'?>
<scene xmlns:sumo="https://www.sumochallenge.org"><version>2.0</version><categories><id>fb_categories_v1.0</id><url>https://sumochallenge.org/en/categories-1_0.json</url></categories><project_type>bounding_box</project_type><elements><element><id>2</id><category>kitchen_cabinet</category><bounds><corner1>-0.33595033, -0.35745768, -0.02806197</corner1><corner2>0.33595033, 0.35745768, 0.02806197</corner2></bounds><pose><translation>-0.7901388 , -0.91221751, -1.53806934</translation><rotation><c1>1., 0., 0.</c1><c2>0., 1., 0.</c2><c3>0., 0., 1.</c3></rotation></pose><symmetry><x>none</x><y>none</y><z>none</z></symmetry><detectionScore>-1</detectionScore></element><element><id>16</id><category>hanging_kitchen_cabinet</category><bounds><corner1>-0.04604453, -0.36698056, -0.30510849</corner1><corner2>0.04604453, 0.36698056, 0.30510849</corner2></bounds><pose><translation>1.5259864 , 0.2953972 , 0.52957627</translation><rotation><c1>1., 0., 0.</c1><c2>0., 1., 0.</c2><c3>0., 0., 1.</c3></rotation></pose><symmetry><x>none</x><y>none</y><z>none</z></symmetry><detectionScore>-1</detectionScore></element><element><id>20</id><category>kitchen_cabinet</category><bounds><corner1>-0.05700269, -0.34027989, -0.48673813</corner1><corner2>0.05700269, 0.34027989, 0.48673813</corner2></bounds><pose><translation>-1.47101593, -0.89566117,  0.06522136</translation><rotation><c1>1., 0., 0.</c1><c2>0., 1., 0.</c2><c3>0., 0., 1.</c3></rotation></pose><symmetry><x>none</x><y>none</y><z>none</z></symmetry><detectionScore>-1</detectionScore></element><element><id>4</id><category>hanging_kitchen_cabinet</category><bounds><corner1>-0.11205355, -0.25352756, -0.03090446</corner1><corner2>0.11205355, 0.25352756, 0.03090446</corner2></bounds><pose><translation>-1.30453842,  0.1731903 , -1.76398321</translation><rotation><c1>1., 0., 0.</c1><c2>0., 1., 0.</c2><c3>0., 0., 1.</c3></rotation></pose><symmetry><x>none</x><y>none</y><z>none</z></symmetry><detectionScore>-1</detectionScore></element><element><id>22</id><category>refrigerator</category><bounds><corner1>-0.0295851 , -0.91515094, -0.74802542</corner1><corner2>0.0295851 , 0.91515094, 0.74802542</corner2></bounds><pose><translation> 1.3093609 , -0.48039519,  1.93394003</translation><rotation><c1>1., 0., 0.</c1><c2>0., 1., 0.</c2><c3>0., 0., 1.</c3></rotation></pose><symmetry><x>none</x><y>none</y><z>none</z></symmetry><detectionScore>-1</detectionScore></element><element><id>11</id><category>door</category><bounds><corner1>-1.0799016 , -1.10457453, -0.06498629</corner1><corner2>1.0799016 , 1.10457453, 0.06498629</corner2></bounds><pose><translation>-3.94380165, -0.25990155,  2.68245712</translation><rotation><c1>1., 0., 0.</c1><c2>0., 1., 0.</c2><c3>0., 0., 1.</c3></rotation></pose><symmetry><x>none</x><y>none</y><z>none</z></symmetry><detectionScore>-1</detectionScore></element><element><id>17</id><category>kitchen_cabinet</category><bounds><corner1>-0.39199768, -0.35595789, -0.0290559 </corner1><corner2>0.39199768, 0.35595789, 0.0290559 </corner2></bounds><pose><translation>-0.0728145 , -0.8860271 , -1.54005882</translation><rotation><c1>1., 0., 0.</c1><c2>0., 1., 0.</c2><c3>0., 0., 1.</c3></rotation></pose><symmetry><x>none</x><y>none</y><z>none</z></symmetry><detectionScore>-1</detectionScore></element><element><id>19</id><category>hanging_kitchen_cabinet</category><bounds><corner1>-0.43008364, -0.58134576, -0.27145221</corner1><corner2>0.43008364, 0.58134576, 0.27145221</corner2></bounds><pose><translation> 1.5259866 ,  0.32849057, -0.06174019</translation><rotation><c1>1., 0., 0.</c1><c2>0., 1., 0.</c2><c3>0., 0., 1.</c3></rotation></pose><symmetry><x>none</x><y>none</y><z>none</z></symmetry><detectionScore>-1</detectionScore></element><element><id>14</id><category>kitchen_cabinet</category><bounds><corner1>-0.64307101, -0.24582191, -0.34150519</corner1><corner2>0.64307101, 0.24582191, 0.34150519</corner2></bounds><pose><translation> 1.32395922, -0.64802077, -0.07927467</translation><rotation><c1>1., 0., 0.</c1><c2>0., 1., 0.</c2><c3>0., 0., 1.</c3></rotation></pose><symmetry><x>none</x><y>none</y><z>none</z></symmetry><detectionScore>-1</detectionScore></element><element><id>23</id><category>kitchen_cabinet</category><bounds><corner1>-0.37000329, -0.22473084, -0.35306944</corner1><corner2>0.37000329, 0.22473084, 0.35306944</corner2></bounds><pose><translation> 1.31199078, -0.73810213, -0.67416159</translation><rotation><c1>1., 0., 0.</c1><c2>0., 1., 0.</c2><c3>0., 0., 1.</c3></rotation></pose><symmetry><x>none</x><y>none</y><z>none</z></symmetry><detectionScore>-1</detectionScore></element><element><id>8</id><category>wall</category><bounds><corner1>-0.04277067, -1.17984355, -0.14799475</corner1><corner2>0.04277067, 1.17984355, 0.14799475</corner2></bounds><pose><translation> 9.54765969e-01, -1.62980312e-03, -1.66695652e+00</translation><rotation><c1>1., 0., 0.</c1><c2>0., 1., 0.</c2><c3>0., 0., 1.</c3></rotation></pose><symmetry><x>none</x><y>none</y><z>none</z></symmetry><detectionScore>-1</detectionScore></element><element><id>24</id><category>wall</category><bounds><corner1>-0.39094102, -1.15397531, -0.474066  </corner1><corner2>0.39094102, 1.15397531, 0.474066  </corner2></bounds><pose><translation>-1.73770478,  0.0355241 ,  2.15890194</translation><rotation><c1>1., 0., 0.</c1><c2>0., 1., 0.</c2><c3>0., 0., 1.</c3></rotation></pose><symmetry><x>none</x><y>none</y><z>none</z></symmetry><detectionScore>-1</detectionScore></element><element><id>18</id><category>hanging_kitchen_cabinet</category><bounds><corner1>-0.02802847, -0.34742694, -0.30783485</corner1><corner2>0.02802847, 0.34742694, 0.30783485</corner2></bounds><pose><translation> 1.52502742,  0.31656677, -0.67122404</translation><rotation><c1>1., 0., 0.</c1><c2>0., 1., 0.</c2><c3>0., 0., 1.</c3></rotation></pose><symmetry><x>none</x><y>none</y><z>none</z></symmetry><detectionScore>-1</detectionScore></element><element><id>15</id><category>kitchen_cabinet</category><bounds><corner1>-0.32836069, -0.37503132, -0.02807925</corner1><corner2>0.32836069, 0.37503132, 0.02807925</corner2></bounds><pose><translation> 0.64075037, -0.92308882, -1.53806071</translation><rotation><c1>1., 0., 0.</c1><c2>0., 1., 0.</c2><c3>0., 0., 1.</c3></rotation></pose><symmetry><x>none</x><y>none</y><z>none</z></symmetry><detectionScore>-1</detectionScore></element><element><id>7</id><category>door</category><bounds><corner1>-3.37807521, -0.90291693, -2.81717258</corner1><corner2>3.37807521, 0.90291693, 2.81717258</corner2></bounds><pose><translation>-5.47017205, -0.29033654, -4.01057128</translation><rotation><c1>1., 0., 0.</c1><c2>0., 1., 0.</c2><c3>0., 0., 1.</c3></rotation></pose><symmetry><x>none</x><y>none</y><z>none</z></symmetry><detectionScore>-1</detectionScore></element><element><id>9</id><category>wall</category><bounds><corner1>-0.99461689, -1.17210991, -0.26298915</corner1><corner2>0.99461689, 1.17210991, 0.26298915</corner2></bounds><pose><translation>-0.13252114, -0.02313965, -1.78301178</translation><rotation><c1>1., 0., 0.</c1><c2>0., 1., 0.</c2><c3>0., 0., 1.</c3></rotation></pose><symmetry><x>none</x><y>none</y><z>none</z></symmetry><detectionScore>-1</detectionScore></element><element><id>12</id><category>curtain</category><bounds><corner1>-1.09279986, -0.87623841, -0.13902641</corner1><corner2>1.09279986, 0.87623841, 0.13902641</corner2></bounds><pose><translation>-0.57886585,  0.0335642 ,  2.6260739 </translation><rotation><c1>1., 0., 0.</c1><c2>0., 1., 0.</c2><c3>0., 0., 1.</c3></rotation></pose><symmetry><x>none</x><y>none</y><z>none</z></symmetry><detectionScore>-1</detectionScore></element><element><id>10</id><category>hanging_kitchen_cabinet</category><bounds><corner1>-0.38499367, -0.34749499, -0.03186181</corner1><corner2>0.38499367, 0.34749499, 0.03186181</corner2></bounds><pose><translation>-0.8714466 ,  0.32559551, -1.76592388</translation><rotation><c1>1., 0., 0.</c1><c2>0., 1., 0.</c2><c3>0., 0., 1.</c3></rotation></pose><symmetry><x>none</x><y>none</y><z>none</z></symmetry><detectionScore>-1</detectionScore></element><element><id>6</id><category>range_hood</category><bounds><corner1>-0.46059445, -0.6191078 , -0.39598195</corner1><corner2>0.46059445, 0.6191078 , 0.39598195</corner2></bounds><pose><translation>-0.09565639,  0.56632688, -2.11792902</translation><rotation><c1>1., 0., 0.</c1><c2>0., 1., 0.</c2><c3>0., 0., 1.</c3></rotation></pose><symmetry><x>none</x><y>none</y><z>none</z></symmetry><detectionScore>-1</detectionScore></element><element><id>13</id><category>hanging_kitchen_cabinet</category><bounds><corner1>-0.3525486 , -0.3488599 , -0.03397794</corner1><corner2>0.3525486 , 0.3488599 , 0.03397794</corner2></bounds><pose><translation> 0.60115665,  0.29839061, -1.76793457</translation><rotation><c1>1., 0., 0.</c1><c2>0., 1., 0.</c2><c3>0., 0., 1.</c3></rotation></pose><symmetry><x>none</x><y>none</y><z>none</z></symmetry><detectionScore>-1</detectionScore></element><element><id>3</id><category>kitchen_cabinet</category><bounds><corner1>-0.64034557, -0.38166658, -0.45095549</corner1><corner2>0.64034557, 0.38166658, 0.45095549</corner2></bounds><pose><translation>-0.96191194, -0.96579835,  2.03412286</translation><rotation><c1>1., 0., 0.</c1><c2>0., 1., 0.</c2><c3>0., 0., 1.</c3></rotation></pose><symmetry><x>none</x><y>none</y><z>none</z></symmetry><detectionScore>-1</detectionScore></element><element><id>1</id><category>dishwasher</category><bounds><corner1>-0.39800736, -0.16710594, -0.27212343</corner1><corner2>0.39800736, 0.16710594, 0.27212343</corner2></bounds><pose><translation> 1.27002029, -0.69876581,  0.56880104</translation><rotation><c1>1., 0., 0.</c1><c2>0., 1., 0.</c2><c3>0., 0., 1.</c3></rotation></pose><symmetry><x>none</x><y>none</y><z>none</z></symmetry><detectionScore>-1</detectionScore></element></elements></scene>