<?xml version='1.0' encoding='utf-8'?>
<scene xmlns:sumo="https://www.sumochallenge.org"><version>2.0</version><categories><id>fb_categories_v1_0</id><url>https://sumochallenge.org/en/categories-1_0.json</url></categories><project_type>bounding_box</project_type><elements><element><id>0</id><category>outdoor_lamp</category><bounds><corner1>-0.1996842033906907, -0.3238249389969433, -0.08621975867648923</corner1><corner2>0.1996842033906907, 0.3238249389969433, 0.08621975867648923</corner2></bounds><pose><translation>0.4974747469013586, -0.9395253607217392, 1.8809732792809721</translation><rotation><c1>1, 0, 0</c1><c2>0, 1, 0</c2><c3>0, 0, 1</c3></rotation></pose><symmetry><x>twoFold</x><y>cylindrical</y><z>twoFold</z></symmetry><detectionScore>-1.0</detectionScore></element><element><id>1</id><category>mirror</category><bounds><corner1>-0.08753582734078891, -0.5716114908331731, -0.6243574344952009</corner1><corner2>0.08753582734078891, 0.5716114908331731, 0.6243574344952009</corner2></bounds><pose><translation>1.602670408623054, 0.7503933169201462, 0.18986361134867713</translation><rotation><c1>1, 0, 0</c1><c2>0, 1, 0</c2><c3>0, 0, 1</c3></rotation></pose><symmetry><x>twoFold</x><y>cylindrical</y><z>twoFold</z></symmetry><detectionScore>-1.0</detectionScore></element><element><id>2</id><category>towel_rack</category><bounds><corner1>-0.3684660998553697, -0.2855934404429762, -0.19586487719560486</corner1><corner2>0.3684660998553697, 0.2855934404429762, 0.19586487719560486</corner2></bounds><pose><translation>-1.82125799204583, -0.40502627858288903, -2.5450450824094726</translation><rotation><c1>1, 0, 0</c1><c2>0, 1, 0</c2><c3>0, 0, 1</c3></rotation></pose><symmetry><x>twoFold</x><y>cylindrical</y><z>twoFold</z></symmetry><detectionScore>-1.0</detectionScore></element><element><id>3</id><category>wall</category><bounds><corner1>-1.6685669078501815, -1.639912030329829, -1.1195809422310505</corner1><corner2>1.6685669078501815, 1.639912030329829, 1.1195809422310505</corner2></bounds><pose><translation>-0.21755667822637237, -0.16523959303825136, -2.57925242974835</translation><rotation><c1>1, 0, 0</c1><c2>0, 1, 0</c2><c3>0, 0, 1</c3></rotation></pose><symmetry><x>twoFold</x><y>cylindrical</y><z>twoFold</z></symmetry><detectionScore>-1.0</detectionScore></element><element><id>4</id><category>chandelier</category><bounds><corner1>-0.6341358875242424, -0.1281038699513226, -0.448394012798324</corner1><corner2>0.6341358875242424, 0.1281038699513226, 0.448394012798324</corner2></bounds><pose><translation>-2.058397606524138, 1.421133987372551, -0.6970474390526645</translation><rotation><c1>1, 0, 0</c1><c2>0, 1, 0</c2><c3>0, 0, 1</c3></rotation></pose><symmetry><x>twoFold</x><y>cylindrical</y><z>twoFold</z></symmetry><detectionScore>-1.0</detectionScore></element><element><id>5</id><category>door</category><bounds><corner1>-2.0257866951517385, -1.5747599280911375, -3.4458291292596774</corner1><corner2>2.0257866951517385, 1.5747599280911375, 3.4458291292596774</corner2></bounds><pose><translation>-2.443079668002934, -0.22318990198309316, 4.180065605699174</translation><rotation><c1>1, 0, 0</c1><c2>0, 1, 0</c2><c3>0, 0, 1</c3></rotation></pose><symmetry><x>twoFold</x><y>cylindrical</y><z>twoFold</z></symmetry><detectionScore>-1.0</detectionScore></element><element><id>6</id><category>wall</category><bounds><corner1>-0.846779497236839, -1.3564901936740896, -5.011310309482892</corner1><corner2>0.846779497236839, 1.3564901936740896, 5.011310309482892</corner2></bounds><pose><translation>-0.7707732641174306, -0.060553328160966154, 2.61458442547596</translation><rotation><c1>1, 0, 0</c1><c2>0, 1, 0</c2><c3>0, 0, 1</c3></rotation></pose><symmetry><x>twoFold</x><y>cylindrical</y><z>twoFold</z></symmetry><detectionScore>-1.0</detectionScore></element><element><id>7</id><category>wall</category><bounds><corner1>-2.436240308095785, -1.494513008182667, -1.9689312246449577</corner1><corner2>2.436240308095785, 1.494513008182667, 1.9689312246449577</corner2></bounds><pose><translation>-3.8605020270956807, -0.12861895878899615, -0.2850713106023193</translation><rotation><c1>1, 0, 0</c1><c2>0, 1, 0</c2><c3>0, 0, 1</c3></rotation></pose><symmetry><x>twoFold</x><y>cylindrical</y><z>twoFold</z></symmetry><detectionScore>-1.0</detectionScore></element><element><id>8</id><category>wall_lamp</category><bounds><corner1>-0.21488507379104016, -0.36524986123616754, -0.07381103279590362</corner1><corner2>0.21488507379104016, 0.36524986123616754, 0.07381103279590362</corner2></bounds><pose><translation>0.5067967284585932, -0.8935123309684105, 1.8962069976273408</translation><rotation><c1>1, 0, 0</c1><c2>0, 1, 0</c2><c3>0, 0, 1</c3></rotation></pose><symmetry><x>twoFold</x><y>cylindrical</y><z>twoFold</z></symmetry><detectionScore>-1.0</detectionScore></element><element><id>9</id><category>toilet</category><bounds><corner1>-0.761997736571101, -0.6702745211883621, -0.5990429973410021</corner1><corner2>0.761997736571101, 0.6702745211883621, 0.5990429973410021</corner2></bounds><pose><translation>-4.210048091467941, -1.1763028327818335, 0.9866215198612145</translation><rotation><c1>1, 0, 0</c1><c2>0, 1, 0</c2><c3>0, 0, 1</c3></rotation></pose><symmetry><x>twoFold</x><y>cylindrical</y><z>twoFold</z></symmetry><detectionScore>-1.0</detectionScore></element><element><id>10</id><category>towel_hanger</category><bounds><corner1>-0.20106008865363117, -0.3020637044476804, -0.08479635672825792</corner1><corner2>0.20106008865363117, 0.3020637044476804, 0.08479635672825792</corner2></bounds><pose><translation>0.49609886163841815, -0.9365269948509751, 1.880472036591623</translation><rotation><c1>1, 0, 0</c1><c2>0, 1, 0</c2><c3>0, 0, 1</c3></rotation></pose><symmetry><x>twoFold</x><y>cylindrical</y><z>twoFold</z></symmetry><detectionScore>-1.0</detectionScore></element><element><id>11</id><category>clock</category><bounds><corner1>-0.17305233608635207, -0.31864896344851246, -0.0776891484824418</corner1><corner2>0.17305233608635207, 0.31864896344851246, 0.0776891484824418</corner2></bounds><pose><translation>0.5020632526430795, -0.8929635036093765, 1.8881658294982928</translation><rotation><c1>1, 0, 0</c1><c2>0, 1, 0</c2><c3>0, 0, 1</c3></rotation></pose><symmetry><x>twoFold</x><y>cylindrical</y><z>twoFold</z></symmetry><detectionScore>-1.0</detectionScore></element><element><id>12</id><category>wall</category><bounds><corner1>-0.7897133310739937, -1.4154957550071727, -5.690588745936502</corner1><corner2>0.7897133310739937, 1.4154957550071727, 5.690588745936502</corner2></bounds><pose><translation>-1.712231894839655, -0.08001334886268444, 1.8920277632805955</translation><rotation><c1>1, 0, 0</c1><c2>0, 1, 0</c2><c3>0, 0, 1</c3></rotation></pose><symmetry><x>twoFold</x><y>cylindrical</y><z>twoFold</z></symmetry><detectionScore>-1.0</detectionScore></element><element><id>13</id><category>sink</category><bounds><corner1>-0.12320857299258958, -1.3884796704218714, -0.7113234773707705</corner1><corner2>0.12320857299258958, 1.3884796704218714, 0.7113234773707705</corner2></bounds><pose><translation>1.5697840398965532, 0.1244093854666742, 0.16439534319683244</translation><rotation><c1>1, 0, 0</c1><c2>0, 1, 0</c2><c3>0, 0, 1</c3></rotation></pose><symmetry><x>twoFold</x><y>cylindrical</y><z>twoFold</z></symmetry><detectionScore>-1.0</detectionScore></element></elements></scene>