<?xml version='1.0' encoding='utf-8'?>
<scene xmlns:sumo="https://www.sumochallenge.org"><version>2.0</version><categories><id>fb_categories_v1.0</id><url>https://sumochallenge.org/en/categories-1_0.json</url></categories><project_type>bounding_box</project_type><elements><element><id>6</id><category>wall</category><bounds><corner1>-1.8276243 , -1.14115203, -0.65628438</corner1><corner2>1.8276243 , 1.14115203, 0.65628438</corner2></bounds><pose><translation>-6.4276374 , -0.05773139,  0.01922719</translation><rotation><c1>1., 0., 0.</c1><c2>0., 1., 0.</c2><c3>0., 0., 1.</c3></rotation></pose><symmetry><x>none</x><y>none</y><z>none</z></symmetry><detectionScore>-1</detectionScore></element><element><id>7</id><category>chair</category><bounds><corner1>-0.28185564, -0.28295652, -0.94516993</corner1><corner2>0.28185564, 0.28295652, 0.94516993</corner2></bounds><pose><translation> 0.0730077 , -0.93738595,  1.90998571</translation><rotation><c1>1., 0., 0.</c1><c2>0., 1., 0.</c2><c3>0., 0., 1.</c3></rotation></pose><symmetry><x>none</x><y>none</y><z>none</z></symmetry><detectionScore>-1</detectionScore></element><element><id>5</id><category>double_bed</category><bounds><corner1>-1.81011703, -0.52561076, -1.58503465</corner1><corner2>1.81011703, 0.52561076, 1.58503465</corner2></bounds><pose><translation> 3.41570684, -0.81543982,  1.13663677</translation><rotation><c1>1., 0., 0.</c1><c2>0., 1., 0.</c2><c3>0., 0., 1.</c3></rotation></pose><symmetry><x>none</x><y>none</y><z>none</z></symmetry><detectionScore>-1</detectionScore></element><element><id>3</id><category>chandelier</category><bounds><corner1>-2.57062449, -0.02677085, -1.57894523</corner1><corner2>2.57062449, 0.02677085, 1.57894523</corner2></bounds><pose><translation>2.60807094, 1.18006804, 1.22859532</translation><rotation><c1>1., 0., 0.</c1><c2>0., 1., 0.</c2><c3>0., 0., 1.</c3></rotation></pose><symmetry><x>none</x><y>none</y><z>none</z></symmetry><detectionScore>-1</detectionScore></element><element><id>9</id><category>whiteboard</category><bounds><corner1>-0.50961532, -0.65386261, -0.36393675</corner1><corner2>0.50961532, 0.65386261, 0.36393675</corner2></bounds><pose><translation> 0.78137427, -0.84232716,  2.48315304</translation><rotation><c1>1., 0., 0.</c1><c2>0., 1., 0.</c2><c3>0., 0., 1.</c3></rotation></pose><symmetry><x>none</x><y>none</y><z>none</z></symmetry><detectionScore>-1</detectionScore></element><element><id>4</id><category>wall</category><bounds><corner1>-1.77463699, -0.47326991, -0.024991  </corner1><corner2>1.77463699, 0.47326991, 0.024991  </corner2></bounds><pose><translation> 0.01473431, -0.00712208, -0.66099563</translation><rotation><c1>1., 0., 0.</c1><c2>0., 1., 0.</c2><c3>0., 0., 1.</c3></rotation></pose><symmetry><x>none</x><y>none</y><z>none</z></symmetry><detectionScore>-1</detectionScore></element><element><id>2</id><category>wall</category><bounds><corner1>-0.16585497, -1.21428353, -1.68124487</corner1><corner2>0.16585497, 1.21428353, 1.68124487</corner2></bounds><pose><translation> 5.08262317, -0.09881325,  0.79338149</translation><rotation><c1>1., 0., 0.</c1><c2>0., 1., 0.</c2><c3>0., 0., 1.</c3></rotation></pose><symmetry><x>none</x><y>none</y><z>none</z></symmetry><detectionScore>-1</detectionScore></element><element><id>1</id><category>dressing_table</category><bounds><corner1>-0.32606757, -0.59769762, -1.44104628</corner1><corner2>0.32606757, 0.59769762, 1.44104628</corner2></bounds><pose><translation>-0.38400245, -0.65009592,  1.39195993</translation><rotation><c1>1., 0., 0.</c1><c2>0., 1., 0.</c2><c3>0., 0., 1.</c3></rotation></pose><symmetry><x>none</x><y>none</y><z>none</z></symmetry><detectionScore>-1</detectionScore></element><element><id>8</id><category>door</category><bounds><corner1>-3.15430679, -0.72723187, -0.12122651</corner1><corner2>3.15430679, 0.72723187, 0.12122651</corner2></bounds><pose><translation> 2.02199225, -0.20895885, -0.24011435</translation><rotation><c1>1., 0., 0.</c1><c2>0., 1., 0.</c2><c3>0., 0., 1.</c3></rotation></pose><symmetry><x>none</x><y>none</y><z>none</z></symmetry><detectionScore>-1</detectionScore></element></elements></scene>