<?xml version='1.0' encoding='utf-8'?>
<scene xmlns:sumo="https://www.sumochallenge.org"><version>2.0</version><categories><id>fb_categories_v1_0</id><url>https://sumochallenge.org/en/categories-1_0.json</url></categories><project_type>bounding_box</project_type><elements><element><id>0</id><category>partition</category><bounds><corner1>-1.2922359004695076, -3.1316018006372737, -1.3606468171396922</corner1><corner2>1.2922359004695076, 3.1316018006372737, 1.3606468171396922</corner2></bounds><pose><translation>-2.347515314732866, 3.6022162186149513, -1.2290148315560492</translation><rotation><c1>0, 0, 0</c1><c2>0, 0, 0</c2><c3>0, 0, 0</c3></rotation></pose><symmetry><x>twoFold</x><y>cylindrical</y><z>twoFold</z></symmetry><detectionScore>-1.0</detectionScore></element><element><id>1</id><category>floor_lamp</category><bounds><corner1>-1.0161650854459767, -2.0308379201663045, -1.433515526073347</corner1><corner2>1.0161650854459767, 2.0308379201663045, 1.433515526073347</corner2></bounds><pose><translation>-2.1357930199607966, 3.3934992903594625, -1.5481629256398035</translation><rotation><c1>0, 0, 0</c1><c2>0, 0, 0</c2><c3>0, 0, 0</c3></rotation></pose><symmetry><x>twoFold</x><y>cylindrical</y><z>twoFold</z></symmetry><detectionScore>-1.0</detectionScore></element><element><id>2</id><category>person</category><bounds><corner1>-2.096453691483487, -6.7692489411144505, -1.893301562729469</corner1><corner2>2.096453691483487, 6.7692489411144505, 1.893301562729469</corner2></bounds><pose><translation>0.41268214140661186, 3.6831921912648857, -0.846368305244287</translation><rotation><c1>0, 0, 0</c1><c2>0, 0, 0</c2><c3>0, 0, 0</c3></rotation></pose><symmetry><x>twoFold</x><y>cylindrical</y><z>twoFold</z></symmetry><detectionScore>-1.0</detectionScore></element><element><id>3</id><category>wall</category><bounds><corner1>-0.10748711135359423, -0.5902075490849272, -1.3710291264684042</corner1><corner2>0.10748711135359423, 0.5902075490849272, 1.3710291264684042</corner2></bounds><pose><translation>-3.319579787964022, -1.8161963307698215, -0.05397712141421138</translation><rotation><c1>0, 0, 0</c1><c2>0, 0, 0</c2><c3>0, 0, 0</c3></rotation></pose><symmetry><x>twoFold</x><y>cylindrical</y><z>twoFold</z></symmetry><detectionScore>-1.0</detectionScore></element><element><id>4</id><category>gym_equipment</category><bounds><corner1>-0.4031599747964947, -0.7198692132930169, -0.712252974625495</corner1><corner2>0.4031599747964947, 0.7198692132930169, 0.712252974625495</corner2></bounds><pose><translation>-2.668766685871019, 0.1421601744943619, -0.7641110011637622</translation><rotation><c1>0, 0, 0</c1><c2>0, 0, 0</c2><c3>0, 0, 0</c3></rotation></pose><symmetry><x>twoFold</x><y>cylindrical</y><z>twoFold</z></symmetry><detectionScore>-1.0</detectionScore></element><element><id>5</id><category>partition</category><bounds><corner1>-1.330170305476333, -0.9358276832211931, -0.7486293791458891</corner1><corner2>1.330170305476333, 0.9358276832211931, 0.7486293791458891</corner2></bounds><pose><translation>-3.196830882135638, 4.062891638651437, -0.1479757939404997</translation><rotation><c1>0, 0, 0</c1><c2>0, 0, 0</c2><c3>0, 0, 0</c3></rotation></pose><symmetry><x>twoFold</x><y>cylindrical</y><z>twoFold</z></symmetry><detectionScore>-1.0</detectionScore></element><element><id>6</id><category>armchair</category><bounds><corner1>-1.4654440064451926, -6.674947103578502, -1.1242695095046369</corner1><corner2>1.4654440064451926, 6.674947103578502, 1.1242695095046369</corner2></bounds><pose><translation>1.2123038997580462, 3.2652180606926513, -1.597422502671672</translation><rotation><c1>0, 0, 0</c1><c2>0, 0, 0</c2><c3>0, 0, 0</c3></rotation></pose><symmetry><x>twoFold</x><y>cylindrical</y><z>twoFold</z></symmetry><detectionScore>-1.0</detectionScore></element><element><id>7</id><category>gym_equipment</category><bounds><corner1>-0.7473588588084674, -6.974873795890458, -0.4679056034756343</corner1><corner2>0.7473588588084674, 6.974873795890458, 0.4679056034756343</corner2></bounds><pose><translation>-0.8364634069273991, 3.3698031873238357, -0.8624189952132718</translation><rotation><c1>0, 0, 0</c1><c2>0, 0, 0</c2><c3>0, 0, 0</c3></rotation></pose><symmetry><x>twoFold</x><y>cylindrical</y><z>twoFold</z></symmetry><detectionScore>-1.0</detectionScore></element><element><id>8</id><category>partition</category><bounds><corner1>-0.07045674499282084, -0.5422759462642457, -0.5889479950580115</corner1><corner2>0.07045674499282084, 0.5422759462642457, 0.5889479950580115</corner2></bounds><pose><translation>-3.2743221488008127, 2.614570420398145, -0.4394309509737123</translation><rotation><c1>0, 0, 0</c1><c2>0, 0, 0</c2><c3>0, 0, 0</c3></rotation></pose><symmetry><x>twoFold</x><y>cylindrical</y><z>twoFold</z></symmetry><detectionScore>-1.0</detectionScore></element><element><id>9</id><category>wall</category><bounds><corner1>-2.2221564398423816, -5.1900732588440075, -1.292092337397988</corner1><corner2>2.2221564398423816, 5.1900732588440075, 1.292092337397988</corner2></bounds><pose><translation>-3.0033990226820397, 5.230147548742208, -0.036767269457014834</translation><rotation><c1>0, 0, 0</c1><c2>0, 0, 0</c2><c3>0, 0, 0</c3></rotation></pose><symmetry><x>twoFold</x><y>cylindrical</y><z>twoFold</z></symmetry><detectionScore>-1.0</detectionScore></element><element><id>10</id><category>window</category><bounds><corner1>-2.1586784379191104, -3.828683991364917, -1.2406993933658403</corner1><corner2>2.1586784379191104, 3.828683991364917, 1.2406993933658403</corner2></bounds><pose><translation>-3.05394419012632, 4.889795044344135, 0.014869172666381486</translation><rotation><c1>0, 0, 0</c1><c2>0, 0, 0</c2><c3>0, 0, 0</c3></rotation></pose><symmetry><x>twoFold</x><y>cylindrical</y><z>twoFold</z></symmetry><detectionScore>-1.0</detectionScore></element><element><id>11</id><category>whiteboard</category><bounds><corner1>-0.9492943212617992, -2.199208899224925, -1.3057897939207863</corner1><corner2>0.9492943212617992, 2.199208899224925, 1.3057897939207863</corner2></bounds><pose><translation>-2.0463933566916754, 3.2137417743202854, -1.5876864713048453</translation><rotation><c1>0, 0, 0</c1><c2>0, 0, 0</c2><c3>0, 0, 0</c3></rotation></pose><symmetry><x>twoFold</x><y>cylindrical</y><z>twoFold</z></symmetry><detectionScore>-1.0</detectionScore></element><element><id>12</id><category>door</category><bounds><corner1>-0.2431354680479676, -0.9584846476766831, -1.58520198958025</corner1><corner2>0.2431354680479676, 0.9584846476766831, 1.58520198958025</corner2></bounds><pose><translation>-3.324590767259231, -1.7356873796668628, -0.21066489082552337</translation><rotation><c1>0, 0, 0</c1><c2>0, 0, 0</c2><c3>0, 0, 0</c3></rotation></pose><symmetry><x>twoFold</x><y>cylindrical</y><z>twoFold</z></symmetry><detectionScore>-1.0</detectionScore></element><element><id>13</id><category>hanger</category><bounds><corner1>-0.9465228441473839, -2.150473547194961, -1.4112721542450994</corner1><corner2>0.9465228441473839, 2.150473547194961, 1.4112721542450994</corner2></bounds><pose><translation>-2.0617530809969598, 3.2719679538785327, -1.5751746232646877</translation><rotation><c1>0, 0, 0</c1><c2>0, 0, 0</c2><c3>0, 0, 0</c3></rotation></pose><symmetry><x>twoFold</x><y>cylindrical</y><z>twoFold</z></symmetry><detectionScore>-1.0</detectionScore></element><element><id>14</id><category>wall</category><bounds><corner1>-2.938574073231247, -1.091285574181585, -1.2842262822559305</corner1><corner2>2.938574073231247, 1.091285574181585, 1.2842262822559305</corner2></bounds><pose><translation>-0.6559715576552125, 9.382409653546517, -0.02673207518407096</translation><rotation><c1>0, 0, 0</c1><c2>0, 0, 0</c2><c3>0, 0, 0</c3></rotation></pose><symmetry><x>twoFold</x><y>cylindrical</y><z>twoFold</z></symmetry><detectionScore>-1.0</detectionScore></element><element><id>15</id><category>partition</category><bounds><corner1>-0.18131790767776268, -0.603068268052753, -1.3976760933639198</corner1><corner2>0.18131790767776268, 0.603068268052753, 1.3976760933639198</corner2></bounds><pose><translation>-3.312029038844934, -1.8122415175753273, -0.035683316240537485</translation><rotation><c1>0, 0, 0</c1><c2>0, 0, 0</c2><c3>0, 0, 0</c3></rotation></pose><symmetry><x>twoFold</x><y>cylindrical</y><z>twoFold</z></symmetry><detectionScore>-1.0</detectionScore></element><element><id>16</id><category>person</category><bounds><corner1>-1.5373127480474114, -7.140667372887907, -1.4817813573769911</corner1><corner2>1.5373127480474114, 7.140667372887907, 1.4817813573769911</corner2></bounds><pose><translation>1.1340305942169653, 3.1743508682192028, -1.3124737175177839</translation><rotation><c1>0, 0, 0</c1><c2>0, 0, 0</c2><c3>0, 0, 0</c3></rotation></pose><symmetry><x>twoFold</x><y>cylindrical</y><z>twoFold</z></symmetry><detectionScore>-1.0</detectionScore></element><element><id>17</id><category>partition</category><bounds><corner1>-1.0558113387632826, -0.9631351532331192, -1.3914142911222567</corner1><corner2>1.0558113387632826, 0.9631351532331192, 1.3914142911222567</corner2></bounds><pose><translation>-3.3312971516241396, 0.8393667177542572, -0.2006279104965713</translation><rotation><c1>0, 0, 0</c1><c2>0, 0, 0</c2><c3>0, 0, 0</c3></rotation></pose><symmetry><x>twoFold</x><y>cylindrical</y><z>twoFold</z></symmetry><detectionScore>-1.0</detectionScore></element><element><id>18</id><category>person</category><bounds><corner1>-0.2844363470386737, -0.5384787991488341, -2.046752465018602</corner1><corner2>0.2844363470386737, 0.5384787991488341, 2.046752465018602</corner2></bounds><pose><translation>-2.3631060789340053, 0.1273347241846832, -0.8332425023407521</translation><rotation><c1>0, 0, 0</c1><c2>0, 0, 0</c2><c3>0, 0, 0</c3></rotation></pose><symmetry><x>twoFold</x><y>cylindrical</y><z>twoFold</z></symmetry><detectionScore>-1.0</detectionScore></element><element><id>19</id><category>chair</category><bounds><corner1>-0.7778667048191144, -2.519216958735995, -0.7886596487152447</corner1><corner2>0.7778667048191144, 2.519216958735995, 0.7886596487152447</corner2></bounds><pose><translation>-1.8293047413758847, 2.7521549290882654, -1.635383397149351</translation><rotation><c1>0, 0, 0</c1><c2>0, 0, 0</c2><c3>0, 0, 0</c3></rotation></pose><symmetry><x>twoFold</x><y>cylindrical</y><z>twoFold</z></symmetry><detectionScore>-1.0</detectionScore></element><element><id>20</id><category>chair</category><bounds><corner1>-1.4502625463256156, -5.6640293323979565, -1.043660037586247</corner1><corner2>1.4502625463256156, 5.6640293323979565, 1.043660037586247</corner2></bounds><pose><translation>1.2252510618641577, 3.223702070351316, -1.6066185764762537</translation><rotation><c1>0, 0, 0</c1><c2>0, 0, 0</c2><c3>0, 0, 0</c3></rotation></pose><symmetry><x>twoFold</x><y>cylindrical</y><z>twoFold</z></symmetry><detectionScore>-1.0</detectionScore></element><element><id>21</id><category>partition</category><bounds><corner1>-2.1619442763119676, -3.9180066329124426, -1.5965419720863891</corner1><corner2>2.1619442763119676, 3.9180066329124426, 1.5965419720863891</corner2></bounds><pose><translation>-3.0667919128290304, 4.7920134043206275, -0.3099707258506776</translation><rotation><c1>0, 0, 0</c1><c2>0, 0, 0</c2><c3>0, 0, 0</c3></rotation></pose><symmetry><x>twoFold</x><y>cylindrical</y><z>twoFold</z></symmetry><detectionScore>-1.0</detectionScore></element><element><id>22</id><category>chair</category><bounds><corner1>-0.14771721122043324, -0.5426915236540941, -0.8565611260431913</corner1><corner2>0.14771721122043324, 0.5426915236540941, 0.8565611260431913</corner2></bounds><pose><translation>-2.376706132739403, 0.14438175478741228, -1.1426519427752013</translation><rotation><c1>0, 0, 0</c1><c2>0, 0, 0</c2><c3>0, 0, 0</c3></rotation></pose><symmetry><x>twoFold</x><y>cylindrical</y><z>twoFold</z></symmetry><detectionScore>-1.0</detectionScore></element><element><id>23</id><category>wall</category><bounds><corner1>-1.0948567764903192, -0.9080766742896349, -1.3142886851494744</corner1><corner2>1.0948567764903192, 0.9080766742896349, 1.3142886851494744</corner2></bounds><pose><translation>-3.3702189713360533, 0.05592814057141877, -0.05277546589144409</translation><rotation><c1>0, 0, 0</c1><c2>0, 0, 0</c2><c3>0, 0, 0</c3></rotation></pose><symmetry><x>twoFold</x><y>cylindrical</y><z>twoFold</z></symmetry><detectionScore>-1.0</detectionScore></element><element><id>24</id><category>person</category><bounds><corner1>-1.4929573650620278, -3.0713690600419685, -1.5022060118288723</corner1><corner2>1.4929573650620278, 3.0713690600419685, 1.5022060118288723</corner2></bounds><pose><translation>-2.433947212838861, 4.315906574399098, -0.7099169810398305</translation><rotation><c1>0, 0, 0</c1><c2>0, 0, 0</c2><c3>0, 0, 0</c3></rotation></pose><symmetry><x>twoFold</x><y>cylindrical</y><z>twoFold</z></symmetry><detectionScore>-1.0</detectionScore></element></elements></scene>