<?xml version='1.0' encoding='utf-8'?>
<scene xmlns:sumo="https://www.sumochallenge.org"><version>2.0</version><categories><id>fb_categories_v1_0</id><url>https://sumochallenge.org/en/categories-1_0.json</url></categories><project_type>bounding_box</project_type><elements><element><id>0</id><category>wall</category><bounds><corner1>-1.660306036533048, -2.0821505080640312, -1.5613379318088172</corner1><corner2>1.660306036533048, 2.0821505080640312, 1.5613379318088172</corner2></bounds><pose><translation>4.06304106037397, -3.447860633775658, -0.23105662625797818</translation><rotation><c1>0, 0, 0</c1><c2>0, 0, 0</c2><c3>0, 0, 0</c3></rotation></pose><symmetry><x>twoFold</x><y>cylindrical</y><z>twoFold</z></symmetry><detectionScore>-1.0</detectionScore></element><element><id>1</id><category>workplace</category><bounds><corner1>-0.8030171929481842, -2.530116802727235, -1.013621897663046</corner1><corner2>0.8030171929481842, 2.530116802727235, 1.013621897663046</corner2></bounds><pose><translation>6.503350036610839, 3.1260313985091552, -0.6887888774235387</translation><rotation><c1>0, 0, 0</c1><c2>0, 0, 0</c2><c3>0, 0, 0</c3></rotation></pose><symmetry><x>twoFold</x><y>cylindrical</y><z>twoFold</z></symmetry><detectionScore>-1.0</detectionScore></element><element><id>2</id><category>desk</category><bounds><corner1>-2.015407985608663, -0.9605513361324158, -0.5536475507557349</corner1><corner2>2.015407985608663, 0.9605513361324158, 0.5536475507557349</corner2></bounds><pose><translation>2.5108169692019153, -1.0398643017898999, -1.4320595457428977</translation><rotation><c1>0, 0, 0</c1><c2>0, 0, 0</c2><c3>0, 0, 0</c3></rotation></pose><symmetry><x>twoFold</x><y>cylindrical</y><z>twoFold</z></symmetry><detectionScore>-1.0</detectionScore></element><element><id>3</id><category>wall</category><bounds><corner1>-0.21699837138931954, -2.9927902873222743, -1.2901956035931117</corner1><corner2>0.21699837138931954, 2.9927902873222743, 1.2901956035931117</corner2></bounds><pose><translation>7.156867277746981, 2.8716384112138704, -0.04819331341515919</translation><rotation><c1>0, 0, 0</c1><c2>0, 0, 0</c2><c3>0, 0, 0</c3></rotation></pose><symmetry><x>twoFold</x><y>cylindrical</y><z>twoFold</z></symmetry><detectionScore>-1.0</detectionScore></element><element><id>4</id><category>range_hood</category><bounds><corner1>-0.2352776131786074, -1.256100075487872, -0.6403034223430584</corner1><corner2>0.2352776131786074, 1.256100075487872, 0.6403034223430584</corner2></bounds><pose><translation>7.070354584373829, 4.202458719964206, 0.6004289805911358</translation><rotation><c1>0, 0, 0</c1><c2>0, 0, 0</c2><c3>0, 0, 0</c3></rotation></pose><symmetry><x>twoFold</x><y>cylindrical</y><z>twoFold</z></symmetry><detectionScore>-1.0</detectionScore></element><element><id>5</id><category>clock</category><bounds><corner1>-0.048378197856564276, -0.2370071072753661, -0.3513480796872126</corner1><corner2>0.048378197856564276, 0.2370071072753661, 0.3513480796872126</corner2></bounds><pose><translation>-1.8202531258565897, -2.4844106231365193, 0.5925293143023067</translation><rotation><c1>0, 0, 0</c1><c2>0, 0, 0</c2><c3>0, 0, 0</c3></rotation></pose><symmetry><x>twoFold</x><y>cylindrical</y><z>twoFold</z></symmetry><detectionScore>-1.0</detectionScore></element><element><id>6</id><category>door</category><bounds><corner1>-1.5435657234841633, -1.6701085832727183, -1.6896687954869374</corner1><corner2>1.5435657234841633, 1.6701085832727183, 1.6896687954869374</corner2></bounds><pose><translation>4.224555860570085, -3.112425444614704, -0.40915168971676097</translation><rotation><c1>0, 0, 0</c1><c2>0, 0, 0</c2><c3>0, 0, 0</c3></rotation></pose><symmetry><x>twoFold</x><y>cylindrical</y><z>twoFold</z></symmetry><detectionScore>-1.0</detectionScore></element><element><id>7</id><category>dining_table</category><bounds><corner1>-1.3062837338935287, -2.5787263567451855, -0.4217652630846981</corner1><corner2>1.3062837338935287, 2.5787263567451855, 0.4217652630846981</corner2></bounds><pose><translation>5.439620988106456, 2.522398399252222, -0.9242139409480475</translation><rotation><c1>0, 0, 0</c1><c2>0, 0, 0</c2><c3>0, 0, 0</c3></rotation></pose><symmetry><x>twoFold</x><y>cylindrical</y><z>twoFold</z></symmetry><detectionScore>-1.0</detectionScore></element><element><id>8</id><category>sofa</category><bounds><corner1>-0.7028425024126745, -2.342957417259014, -0.4513110268673589</corner1><corner2>0.7028425024126745, 2.342957417259014, 0.4513110268673589</corner2></bounds><pose><translation>-0.861135959001804, 3.907587063402101, -1.2098805624914442</translation><rotation><c1>0, 0, 0</c1><c2>0, 0, 0</c2><c3>0, 0, 0</c3></rotation></pose><symmetry><x>twoFold</x><y>cylindrical</y><z>twoFold</z></symmetry><detectionScore>-1.0</detectionScore></element><element><id>9</id><category>wall</category><bounds><corner1>-2.4183541780553055, -3.276652921788164, -1.669171495552986</corner1><corner2>2.4183541780553055, 3.276652921788164, 1.669171495552986</corner2></bounds><pose><translation>-0.9903972190240249, -6.732796555082781, -0.38245223832822844</translation><rotation><c1>0, 0, 0</c1><c2>0, 0, 0</c2><c3>0, 0, 0</c3></rotation></pose><symmetry><x>twoFold</x><y>cylindrical</y><z>twoFold</z></symmetry><detectionScore>-1.0</detectionScore></element><element><id>10</id><category>person</category><bounds><corner1>-1.577049099841103, -1.3574735861215776, -1.1210928629219516</corner1><corner2>1.577049099841103, 1.3574735861215776, 1.1210928629219516</corner2></bounds><pose><translation>5.666312471815151, 4.777815057927486, -0.5371748984988152</translation><rotation><c1>0, 0, 0</c1><c2>0, 0, 0</c2><c3>0, 0, 0</c3></rotation></pose><symmetry><x>twoFold</x><y>cylindrical</y><z>twoFold</z></symmetry><detectionScore>-1.0</detectionScore></element><element><id>11</id><category>chandelier</category><bounds><corner1>-0.8247227013926546, -1.1082413927390302, -0.4441274040565938</corner1><corner2>0.8247227013926546, 1.1082413927390302, 0.4441274040565938</corner2></bounds><pose><translation>6.437895051225536, 5.018156667249914, 0.8497632290092877</translation><rotation><c1>0, 0, 0</c1><c2>0, 0, 0</c2><c3>0, 0, 0</c3></rotation></pose><symmetry><x>twoFold</x><y>cylindrical</y><z>twoFold</z></symmetry><detectionScore>-1.0</detectionScore></element><element><id>12</id><category>kitchen_cabinet</category><bounds><corner1>-0.678039231322491, -0.680578456760057, -1.1531984624869795</corner1><corner2>0.678039231322491, 0.680578456760057, 1.1531984624869795</corner2></bounds><pose><translation>4.569728703255203, 5.456850257853153, -0.4281096216879545</translation><rotation><c1>0, 0, 0</c1><c2>0, 0, 0</c2><c3>0, 0, 0</c3></rotation></pose><symmetry><x>twoFold</x><y>cylindrical</y><z>twoFold</z></symmetry><detectionScore>-1.0</detectionScore></element><element><id>13</id><category>wall</category><bounds><corner1>-0.6528856131688077, -1.2835597199602424, -1.574880492631906</corner1><corner2>0.6528856131688077, 1.2835597199602424, 1.574880492631906</corner2></bounds><pose><translation>5.740416052474897, -1.5443723053022353, -0.28702282000969803</translation><rotation><c1>0, 0, 0</c1><c2>0, 0, 0</c2><c3>0, 0, 0</c3></rotation></pose><symmetry><x>twoFold</x><y>cylindrical</y><z>twoFold</z></symmetry><detectionScore>-1.0</detectionScore></element><element><id>14</id><category>door</category><bounds><corner1>-0.15258173553094867, -1.1782215440055888, -1.4267851042317967</corner1><corner2>0.15258173553094867, 1.1782215440055888, 1.4267851042317967</corner2></bounds><pose><translation>7.239417123298384, 0.8133936817879879, -0.23283409653760814</translation><rotation><c1>0, 0, 0</c1><c2>0, 0, 0</c2><c3>0, 0, 0</c3></rotation></pose><symmetry><x>twoFold</x><y>cylindrical</y><z>twoFold</z></symmetry><detectionScore>-1.0</detectionScore></element><element><id>15</id><category>door</category><bounds><corner1>-0.07838881145493937, -0.6710450200062095, -1.1019521285117895</corner1><corner2>0.07838881145493937, 0.6710450200062095, 1.1019521285117895</corner2></bounds><pose><translation>-1.7728157043998591, -3.264022220235767, -0.3334873923038133</translation><rotation><c1>0, 0, 0</c1><c2>0, 0, 0</c2><c3>0, 0, 0</c3></rotation></pose><symmetry><x>twoFold</x><y>cylindrical</y><z>twoFold</z></symmetry><detectionScore>-1.0</detectionScore></element><element><id>16</id><category>partition</category><bounds><corner1>-0.25195017385935703, -2.150664128118966, -1.3748167002995941</corner1><corner2>0.25195017385935703, 2.150664128118966, 1.3748167002995941</corner2></bounds><pose><translation>7.081041749416835, 3.387131678711473, -0.16205996874180184</translation><rotation><c1>0, 0, 0</c1><c2>0, 0, 0</c2><c3>0, 0, 0</c3></rotation></pose><symmetry><x>twoFold</x><y>cylindrical</y><z>twoFold</z></symmetry><detectionScore>-1.0</detectionScore></element><element><id>17</id><category>wall</category><bounds><corner1>-3.0099213553847446, -0.2914955186448802, -1.442544839754177</corner1><corner2>3.0099213553847446, 0.2914955186448802, 1.442544839754177</corner2></bounds><pose><translation>1.6153340495684971, 6.017932725669514, -0.21033478708158504</translation><rotation><c1>0, 0, 0</c1><c2>0, 0, 0</c2><c3>0, 0, 0</c3></rotation></pose><symmetry><x>twoFold</x><y>cylindrical</y><z>twoFold</z></symmetry><detectionScore>-1.0</detectionScore></element><element><id>18</id><category>wall</category><bounds><corner1>-1.1546580779493971, -1.0271518090772997, -1.1700236032907487</corner1><corner2>1.1546580779493971, 1.0271518090772997, 1.1700236032907487</corner2></bounds><pose><translation>2.165726798439724, -3.7210538605601675, -0.3597992729739621</translation><rotation><c1>0, 0, 0</c1><c2>0, 0, 0</c2><c3>0, 0, 0</c3></rotation></pose><symmetry><x>twoFold</x><y>cylindrical</y><z>twoFold</z></symmetry><detectionScore>-1.0</detectionScore></element><element><id>19</id><category>tv_stand</category><bounds><corner1>-2.5182472360341324, -0.4178778146952693, -1.2542082870639368</corner1><corner2>2.5182472360341324, 0.4178778146952693, 1.2542082870639368</corner2></bounds><pose><translation>1.8047252850153228, 5.831636316704179, -0.4976359895350212</translation><rotation><c1>0, 0, 0</c1><c2>0, 0, 0</c2><c3>0, 0, 0</c3></rotation></pose><symmetry><x>twoFold</x><y>cylindrical</y><z>twoFold</z></symmetry><detectionScore>-1.0</detectionScore></element><element><id>20</id><category>shelving</category><bounds><corner1>-0.5337025154071648, -0.685856392133604, -1.1776628147645742</corner1><corner2>0.5337025154071648, 0.685856392133604, 1.1776628147645742</corner2></bounds><pose><translation>4.565307723991518, 5.445473993994222, -0.4758778528775641</translation><rotation><c1>0, 0, 0</c1><c2>0, 0, 0</c2><c3>0, 0, 0</c3></rotation></pose><symmetry><x>twoFold</x><y>cylindrical</y><z>twoFold</z></symmetry><detectionScore>-1.0</detectionScore></element><element><id>21</id><category>wall</category><bounds><corner1>-0.16281790377838057, -0.29859121467161664, -1.6473082255488496</corner1><corner2>0.16281790377838057, 0.29859121467161664, 1.6473082255488496</corner2></bounds><pose><translation>-1.9544044181176254, 0.7082385689448915, -0.14641369403316798</translation><rotation><c1>0, 0, 0</c1><c2>0, 0, 0</c2><c3>0, 0, 0</c3></rotation></pose><symmetry><x>twoFold</x><y>cylindrical</y><z>twoFold</z></symmetry><detectionScore>-1.0</detectionScore></element><element><id>22</id><category>door</category><bounds><corner1>-0.684999857673974, -0.6985728776505322, -1.1539034829287256</corner1><corner2>0.684999857673974, 0.6985728776505322, 1.1539034829287256</corner2></bounds><pose><translation>4.567443008983801, 5.456880190853044, -0.42881464212970044</translation><rotation><c1>0, 0, 0</c1><c2>0, 0, 0</c2><c3>0, 0, 0</c3></rotation></pose><symmetry><x>twoFold</x><y>cylindrical</y><z>twoFold</z></symmetry><detectionScore>-1.0</detectionScore></element><element><id>23</id><category>office_chair</category><bounds><corner1>-1.3201812737682976, -0.5295225835721704, -0.5859429575119035</corner1><corner2>1.3201812737682976, 0.5295225835721704, 0.5859429575119035</corner2></bounds><pose><translation>2.343506872956286, -1.239200262186821, -1.4443352757023051</translation><rotation><c1>0, 0, 0</c1><c2>0, 0, 0</c2><c3>0, 0, 0</c3></rotation></pose><symmetry><x>twoFold</x><y>cylindrical</y><z>twoFold</z></symmetry><detectionScore>-1.0</detectionScore></element><element><id>24</id><category>person</category><bounds><corner1>-2.9936933178208176, -0.7084147937915246, -0.6798836551979184</corner1><corner2>2.9936933178208176, 0.7084147937915246, 0.6798836551979184</corner2></bounds><pose><translation>2.851670056941406, -0.9962686162544252, -1.1755378676030237</translation><rotation><c1>0, 0, 0</c1><c2>0, 0, 0</c2><c3>0, 0, 0</c3></rotation></pose><symmetry><x>twoFold</x><y>cylindrical</y><z>twoFold</z></symmetry><detectionScore>-1.0</detectionScore></element><element><id>25</id><category>chair</category><bounds><corner1>-3.517064165952008, -0.6418621090982669, -0.7257894147250059</corner1><corner2>3.517064165952008, 0.6418621090982669, 0.7257894147250059</corner2></bounds><pose><translation>2.9126877338094, -0.39366629165938966, -1.5993838439452444</translation><rotation><c1>0, 0, 0</c1><c2>0, 0, 0</c2><c3>0, 0, 0</c3></rotation></pose><symmetry><x>twoFold</x><y>cylindrical</y><z>twoFold</z></symmetry><detectionScore>-1.0</detectionScore></element><element><id>26</id><category>door</category><bounds><corner1>-1.7551147466760848, -1.9720904395786945, -1.4041104997995655</corner1><corner2>1.7551147466760848, 1.9720904395786945, 1.4041104997995655</corner2></bounds><pose><translation>-1.7551147466760848, 3.896304607845703, -0.05762292772599555</translation><rotation><c1>0, 0, 0</c1><c2>0, 0, 0</c2><c3>0, 0, 0</c3></rotation></pose><symmetry><x>twoFold</x><y>cylindrical</y><z>twoFold</z></symmetry><detectionScore>-1.0</detectionScore></element><element><id>27</id><category>partition</category><bounds><corner1>-1.5721884754128634, -1.3926122214201013, -1.7160992191578313</corner1><corner2>1.5721884754128634, 1.3926122214201013, 1.7160992191578313</corner2></bounds><pose><translation>4.248584093718878, -2.55264779192776, -0.42824180432708225</translation><rotation><c1>0, 0, 0</c1><c2>0, 0, 0</c2><c3>0, 0, 0</c3></rotation></pose><symmetry><x>twoFold</x><y>cylindrical</y><z>twoFold</z></symmetry><detectionScore>-1.0</detectionScore></element><element><id>28</id><category>refrigerator</category><bounds><corner1>-0.4390453500564355, -0.6102452656314039, -1.0481182901213448</corner1><corner2>0.4390453500564355, 0.6102452656314039, 1.0481182901213448</corner2></bounds><pose><translation>4.564472874039569, 5.446111809693648, -0.49473307850343906</translation><rotation><c1>0, 0, 0</c1><c2>0, 0, 0</c2><c3>0, 0, 0</c3></rotation></pose><symmetry><x>twoFold</x><y>cylindrical</y><z>twoFold</z></symmetry><detectionScore>-1.0</detectionScore></element><element><id>29</id><category>coffee_table</category><bounds><corner1>-1.4543715437328073, -0.9376910281411284, -0.6129410815218534</corner1><corner2>1.4543715437328073, 0.9376910281411284, 0.6129410815218534</corner2></bounds><pose><translation>2.388222969516927, -1.1570555144503505, -1.4510252314352183</translation><rotation><c1>0, 0, 0</c1><c2>0, 0, 0</c2><c3>0, 0, 0</c3></rotation></pose><symmetry><x>twoFold</x><y>cylindrical</y><z>twoFold</z></symmetry><detectionScore>-1.0</detectionScore></element><element><id>30</id><category>window</category><bounds><corner1>-1.7641678687380422, -1.6458703874472875, -1.339582674004122</corner1><corner2>1.7641678687380422, 1.6458703874472875, 1.339582674004122</corner2></bounds><pose><translation>-1.7641678687380422, 3.9916731389870512, 0.0</translation><rotation><c1>0, 0, 0</c1><c2>0, 0, 0</c2><c3>0, 0, 0</c3></rotation></pose><symmetry><x>twoFold</x><y>cylindrical</y><z>twoFold</z></symmetry><detectionScore>-1.0</detectionScore></element><element><id>31</id><category>door</category><bounds><corner1>-0.22992893429418837, -1.2452666005915904, -1.3395502358901963</corner1><corner2>0.22992893429418837, 1.2452666005915904, 1.3395502358901963</corner2></bounds><pose><translation>-2.0724884478209464, -0.4347796155040068, -0.43838828653523554</translation><rotation><c1>0, 0, 0</c1><c2>0, 0, 0</c2><c3>0, 0, 0</c3></rotation></pose><symmetry><x>twoFold</x><y>cylindrical</y><z>twoFold</z></symmetry><detectionScore>-1.0</detectionScore></element><element><id>32</id><category>wall</category><bounds><corner1>-0.09414641932433554, -0.9550426187392342, -1.6042867038245623</corner1><corner2>0.09414641932433554, 0.9550426187392342, 1.6042867038245623</corner2></bounds><pose><translation>1.47293657250033, -4.17584252405622, -0.23289765987771432</translation><rotation><c1>0, 0, 0</c1><c2>0, 0, 0</c2><c3>0, 0, 0</c3></rotation></pose><symmetry><x>twoFold</x><y>cylindrical</y><z>twoFold</z></symmetry><detectionScore>-1.0</detectionScore></element><element><id>33</id><category>wall_lamp</category><bounds><corner1>-0.04845380005201538, -0.2743894369106341, -0.3884537986243557</corner1><corner2>0.04845380005201538, 0.2743894369106341, 0.3884537986243557</corner2></bounds><pose><translation>-1.8205702983416536, -2.484888435243513, 0.6030726709377872</translation><rotation><c1>0, 0, 0</c1><c2>0, 0, 0</c2><c3>0, 0, 0</c3></rotation></pose><symmetry><x>twoFold</x><y>cylindrical</y><z>twoFold</z></symmetry><detectionScore>-1.0</detectionScore></element><element><id>34</id><category>person</category><bounds><corner1>-2.9759349402992745, -0.9027629261595247, -0.8814252300413877</corner1><corner2>2.9759349402992745, 0.9027629261595247, 0.8814252300413877</corner2></bounds><pose><translation>2.838003843296481, -1.8250170887430563, -0.9146626387427816</translation><rotation><c1>0, 0, 0</c1><c2>0, 0, 0</c2><c3>0, 0, 0</c3></rotation></pose><symmetry><x>twoFold</x><y>cylindrical</y><z>twoFold</z></symmetry><detectionScore>-1.0</detectionScore></element><element><id>35</id><category>door</category><bounds><corner1>-0.9355096526493432, -0.2981101535039672, -1.1225361618951508</corner1><corner2>0.9355096526493432, 0.2981101535039672, 1.1225361618951508</corner2></bounds><pose><translation>3.4320365493636125, 5.919613097764829, -0.46185664799311166</translation><rotation><c1>0, 0, 0</c1><c2>0, 0, 0</c2><c3>0, 0, 0</c3></rotation></pose><symmetry><x>twoFold</x><y>cylindrical</y><z>twoFold</z></symmetry><detectionScore>-1.0</detectionScore></element><element><id>36</id><category>mirror</category><bounds><corner1>-0.6436570502676595, -0.08688203307834641, -0.6572359379145267</corner1><corner2>0.6436570502676595, 0.08688203307834641, 0.6572359379145267</corner2></bounds><pose><translation>2.919821774159089, -3.591462805641144, 0.5208415684602674</translation><rotation><c1>0, 0, 0</c1><c2>0, 0, 0</c2><c3>0, 0, 0</c3></rotation></pose><symmetry><x>twoFold</x><y>cylindrical</y><z>twoFold</z></symmetry><detectionScore>-1.0</detectionScore></element><element><id>37</id><category>chair</category><bounds><corner1>-1.0398533645898986, -1.0752153771882522, -0.9258770058186019</corner1><corner2>1.0398533645898986, 1.0752153771882522, 0.9258770058186019</corner2></bounds><pose><translation>5.606430560055914, 2.6805439319678293, -1.4215683085747288</translation><rotation><c1>0, 0, 0</c1><c2>0, 0, 0</c2><c3>0, 0, 0</c3></rotation></pose><symmetry><x>twoFold</x><y>cylindrical</y><z>twoFold</z></symmetry><detectionScore>-1.0</detectionScore></element><element><id>38</id><category>chair</category><bounds><corner1>-1.376880315932453, -0.4963000690199908, -0.6831924114097215</corner1><corner2>1.376880315932453, 0.4963000690199908, 0.6831924114097215</corner2></bounds><pose><translation>2.2335813220045893, -1.1598494906414998, -1.5697862334112773</translation><rotation><c1>0, 0, 0</c1><c2>0, 0, 0</c2><c3>0, 0, 0</c3></rotation></pose><symmetry><x>twoFold</x><y>cylindrical</y><z>twoFold</z></symmetry><detectionScore>-1.0</detectionScore></element><element><id>39</id><category>desk</category><bounds><corner1>-1.2584563787009166, -2.4833367538977877, -0.41543907358259413</corner1><corner2>1.2584563787009166, 2.4833367538977877, 0.41543907358259413</corner2></bounds><pose><translation>5.401415945500455, 2.6425661176861417, -0.9067167181185308</translation><rotation><c1>0, 0, 0</c1><c2>0, 0, 0</c2><c3>0, 0, 0</c3></rotation></pose><symmetry><x>twoFold</x><y>cylindrical</y><z>twoFold</z></symmetry><detectionScore>-1.0</detectionScore></element><element><id>40</id><category>floor_lamp</category><bounds><corner1>-2.755899777901103, -0.9709972416911108, -1.7527804095305326</corner1><corner2>2.755899777901103, 0.9709972416911108, 1.7527804095305326</corner2></bounds><pose><translation>3.075790462746369, -1.8475859239298564, -0.8851193897438444</translation><rotation><c1>0, 0, 0</c1><c2>0, 0, 0</c2><c3>0, 0, 0</c3></rotation></pose><symmetry><x>twoFold</x><y>cylindrical</y><z>twoFold</z></symmetry><detectionScore>-1.0</detectionScore></element><element><id>41</id><category>chandelier</category><bounds><corner1>-2.086992117876885, -0.9748748333859218, -0.09837792891529729</corner1><corner2>2.086992117876885, 0.9748748333859218, 0.09837792891529729</corner2></bounds><pose><translation>3.731508746670762, -2.1023074135336595, 1.3073648408600598</translation><rotation><c1>0, 0, 0</c1><c2>0, 0, 0</c2><c3>0, 0, 0</c3></rotation></pose><symmetry><x>twoFold</x><y>cylindrical</y><z>twoFold</z></symmetry><detectionScore>-1.0</detectionScore></element><element><id>42</id><category>floor</category><bounds><corner1>-1.133732158569409, -2.7597316406978387, -0.8264662116088077</corner1><corner2>1.133732158569409, 2.7597316406978387, 0.8264662116088077</corner2></bounds><pose><translation>0.36082739072680603, -6.683624860323774, -1.879843190814515</translation><rotation><c1>0, 0, 0</c1><c2>0, 0, 0</c2><c3>0, 0, 0</c3></rotation></pose><symmetry><x>twoFold</x><y>cylindrical</y><z>twoFold</z></symmetry><detectionScore>-1.0</detectionScore></element><element><id>43</id><category>window</category><bounds><corner1>-1.3067320925657562, -1.9514898333442392, -1.547861723453141</corner1><corner2>1.3067320925657562, 1.9514898333442392, 1.547861723453141</corner2></bounds><pose><translation>4.443003396914589, -3.542348093389859, -0.24712336718925687</translation><rotation><c1>0, 0, 0</c1><c2>0, 0, 0</c2><c3>0, 0, 0</c3></rotation></pose><symmetry><x>twoFold</x><y>cylindrical</y><z>twoFold</z></symmetry><detectionScore>-1.0</detectionScore></element></elements></scene>