<?xml version='1.0' encoding='utf-8'?>
<scene xmlns:sumo="https://www.sumochallenge.org"><version>2.0</version><categories><id>fb_categories_v1.0</id><url>https://sumochallenge.org/en/categories-1_0.json</url></categories><project_type>bounding_box</project_type><elements><element><id>11</id><category>plant</category><bounds><corner1>-0.55073718, -0.75225308, -0.12019929</corner1><corner2>0.55073718, 0.75225308, 0.12019929</corner2></bounds><pose><translation>-2.46829717, -0.85591988,  4.49555537</translation><rotation><c1>1., 0., 0.</c1><c2>0., 1., 0.</c2><c3>0., 0., 1.</c3></rotation></pose><symmetry><x>none</x><y>none</y><z>none</z></symmetry><detectionScore>-1</detectionScore></element><element><id>6</id><category>tv_stand</category><bounds><corner1>-0.29346886, -0.77743547, -0.99236565</corner1><corner2>0.29346886, 0.77743547, 0.99236565</corner2></bounds><pose><translation>-3.68229732, -0.78851525,  1.69468442</translation><rotation><c1>1., 0., 0.</c1><c2>0., 1., 0.</c2><c3>0., 0., 1.</c3></rotation></pose><symmetry><x>none</x><y>none</y><z>none</z></symmetry><detectionScore>-1</detectionScore></element><element><id>7</id><category>wall</category><bounds><corner1>-2.47362303, -1.20735484, -0.43959311</corner1><corner2>2.47362303, 1.20735484, 0.43959311</corner2></bounds><pose><translation> 3.07685433, -0.08603832, -0.56229688</translation><rotation><c1>1., 0., 0.</c1><c2>0., 1., 0.</c2><c3>0., 0., 1.</c3></rotation></pose><symmetry><x>none</x><y>none</y><z>none</z></symmetry><detectionScore>-1</detectionScore></element><element><id>5</id><category>wall</category><bounds><corner1>-0.5425405 , -1.34411887, -0.90367983</corner1><corner2>0.5425405 , 1.34411887, 0.90367983</corner2></bounds><pose><translation>-3.42331072, -0.15457169, -0.76187351</translation><rotation><c1>1., 0., 0.</c1><c2>0., 1., 0.</c2><c3>0., 0., 1.</c3></rotation></pose><symmetry><x>none</x><y>none</y><z>none</z></symmetry><detectionScore>-1</detectionScore></element><element><id>3</id><category>mirror</category><bounds><corner1>-0.44871591, -0.4629784 , -0.09613013</corner1><corner2>0.44871591, 0.4629784 , 0.09613013</corner2></bounds><pose><translation> 2.41832171, -0.57303467,  4.49544215</translation><rotation><c1>1., 0., 0.</c1><c2>0., 1., 0.</c2><c3>0., 0., 1.</c3></rotation></pose><symmetry><x>none</x><y>none</y><z>none</z></symmetry><detectionScore>-1</detectionScore></element><element><id>9</id><category>books</category><bounds><corner1>-0.41940691, -0.18543895, -0.04802211</corner1><corner2>0.41940691, 0.18543895, 0.04802211</corner2></bounds><pose><translation> 0.9112997 ,  0.25166333, -1.25900006</translation><rotation><c1>1., 0., 0.</c1><c2>0., 1., 0.</c2><c3>0., 0., 1.</c3></rotation></pose><symmetry><x>none</x><y>none</y><z>none</z></symmetry><detectionScore>-1</detectionScore></element><element><id>10</id><category>wall</category><bounds><corner1>-0.52026486, -1.2343633 , -3.10378732</corner1><corner2>0.52026486, 1.2343633 , 3.10378732</corner2></bounds><pose><translation>15.59555759, -0.10832302,  1.19637366</translation><rotation><c1>1., 0., 0.</c1><c2>0., 1., 0.</c2><c3>0., 0., 1.</c3></rotation></pose><symmetry><x>none</x><y>none</y><z>none</z></symmetry><detectionScore>-1</detectionScore></element><element><id>2</id><category>wall</category><bounds><corner1>-3.12281636, -1.20731875, -0.0798963 </corner1><corner2>3.12281636, 1.20731875, 0.0798963 </corner2></bounds><pose><translation> 0.16133342, -0.06699036,  4.53857825</translation><rotation><c1>1., 0., 0.</c1><c2>0., 1., 0.</c2><c3>0., 0., 1.</c3></rotation></pose><symmetry><x>none</x><y>none</y><z>none</z></symmetry><detectionScore>-1</detectionScore></element><element><id>1</id><category>plant</category><bounds><corner1>-8.19648821, -1.81484819, -1.65175624</corner1><corner2>8.19648821, 1.81484819, 1.65175624</corner2></bounds><pose><translation> 2.92302478, -0.67334828, -0.74912423</translation><rotation><c1>1., 0., 0.</c1><c2>0., 1., 0.</c2><c3>0., 0., 1.</c3></rotation></pose><symmetry><x>none</x><y>none</y><z>none</z></symmetry><detectionScore>-1</detectionScore></element><element><id>8</id><category>wall</category><bounds><corner1>-6.86518003, -1.31826137, -0.39475215</corner1><corner2>6.86518003, 1.31826137, 0.39475215</corner2></bounds><pose><translation> 6.85895189, -0.12697985,  4.22649387</translation><rotation><c1>1., 0., 0.</c1><c2>0., 1., 0.</c2><c3>0., 0., 1.</c3></rotation></pose><symmetry><x>none</x><y>none</y><z>none</z></symmetry><detectionScore>-1</detectionScore></element></elements></scene>