<?xml version='1.0' encoding='utf-8'?>
<scene xmlns:sumo="https://www.sumochallenge.org"><version>2.0</version><categories><id>fb_categories_v1.0</id><url>https://sumochallenge.org/en/categories-1_0.json</url></categories><project_type>bounding_box</project_type><elements><element><id>4</id><category>armchair</category><bounds><corner1>-0.38531538, -0.16559141, -1.16592063</corner1><corner2>0.38531538, 0.16559141, 1.16592063</corner2></bounds><pose><translation>-0.18004593, -0.85695998,  1.80097705</translation><rotation><c1>1., 0., 0.</c1><c2>0., 1., 0.</c2><c3>0., 0., 1.</c3></rotation></pose><symmetry><x>none</x><y>none</y><z>none</z></symmetry><detectionScore>0.59796834</detectionScore></element><element><id>1</id><category>chandelier</category><bounds><corner1>-0.81207481, -0.01964484, -1.09277842</corner1><corner2>0.81207481, 0.01964484, 1.09277842</corner2></bounds><pose><translation>-0.45574025,  1.18929564,  1.87098712</translation><rotation><c1>1., 0., 0.</c1><c2>0., 1., 0.</c2><c3>0., 0., 1.</c3></rotation></pose><symmetry><x>none</x><y>cylindrical</y><z>none</z></symmetry><detectionScore>0.9187214</detectionScore></element><element><id>5</id><category>door</category><bounds><corner1>-0.74803694, -1.40659579, -0.4233289 </corner1><corner2>0.74803694, 1.40659579, 0.4233289 </corner2></bounds><pose><translation>-2.49105352, -0.216974  , -0.98385405</translation><rotation><c1>1., 0., 0.</c1><c2>0., 1., 0.</c2><c3>0., 0., 1.</c3></rotation></pose><symmetry><x>twoFold</x><y>twoFold</y><z>twoFold</z></symmetry><detectionScore>0.72566223</detectionScore></element><element><id>3</id><category>wall</category><bounds><corner1>-0.62847591, -1.19736483, -1.77390839</corner1><corner2>0.62847591, 1.19736483, 1.77390839</corner2></bounds><pose><translation>-7.35816775, -0.09195027,  1.18953163</translation><rotation><c1>1., 0., 0.</c1><c2>0., 1., 0.</c2><c3>0., 0., 1.</c3></rotation></pose><symmetry><x>none</x><y>twoFold</y><z>none</z></symmetry><detectionScore>0.877024</detectionScore></element><element><id>2</id><category>sofa</category><bounds><corner1>-0.84298104, -0.39016971, -1.60608455</corner1><corner2>0.84298104, 0.39016971, 1.60608455</corner2></bounds><pose><translation>-0.34263076, -0.90762261,  1.20502954</translation><rotation><c1>1., 0., 0.</c1><c2>0., 1., 0.</c2><c3>0., 0., 1.</c3></rotation></pose><symmetry><x>none</x><y>none</y><z>none</z></symmetry><detectionScore>0.66402256</detectionScore></element><element><id>7</id><category>wall</category><bounds><corner1>-0.06731219, -1.18232081, -1.76585099</corner1><corner2>0.06731219, 1.18232081, 1.76585099</corner2></bounds><pose><translation> 3.56498166, -0.08004916,  0.96145294</translation><rotation><c1>1., 0., 0.</c1><c2>0., 1., 0.</c2><c3>0., 0., 1.</c3></rotation></pose><symmetry><x>none</x><y>twoFold</y><z>none</z></symmetry><detectionScore>0.97915316</detectionScore></element><element><id>6</id><category>chandelier</category><bounds><corner1>-0.11801461, -0.03926761, -0.8853144 </corner1><corner2>0.11801461, 0.03926761, 0.8853144 </corner2></bounds><pose><translation>3.50781146, 1.16665878, 1.92353863</translation><rotation><c1>1., 0., 0.</c1><c2>0., 1., 0.</c2><c3>0., 0., 1.</c3></rotation></pose><symmetry><x>none</x><y>cylindrical</y><z>none</z></symmetry><detectionScore>0.89473677</detectionScore></element></elements></scene>