<?xml version='1.0' encoding='utf-8'?>
<scene xmlns:sumo="https://www.sumochallenge.org"><version>2.0</version><categories><id>fb_categories_v1_0</id><url>https://sumochallenge.org/en/categories-1_0.json</url></categories><project_type>bounding_box</project_type><elements><element><id>0</id><category>television</category><bounds><corner1>-0.15942765213204058, -0.2778058790940188, -0.07705741737672378</corner1><corner2>0.15942765213204058, 0.2778058790940188, 0.07705741737672378</corner2></bounds><pose><translation>1.735658556642373, -0.7697970389854518, 3.0712684327066064</translation><rotation><c1>1, 0, 0</c1><c2>0, 1, 0</c2><c3>0, 0, 1</c3></rotation></pose><symmetry><x>twoFold</x><y>cylindrical</y><z>twoFold</z></symmetry><detectionScore>-1.0</detectionScore></element><element><id>1</id><category>sofa</category><bounds><corner1>-4.0739439323203595, -0.5615297575800035, -2.2156659589863086</corner1><corner2>4.0739439323203595, 0.5615297575800035, 2.2156659589863086</corner2></bounds><pose><translation>1.9413716001165549, -1.0793248388340846, 0.899896923631321</translation><rotation><c1>1, 0, 0</c1><c2>0, 1, 0</c2><c3>0, 0, 1</c3></rotation></pose><symmetry><x>twoFold</x><y>cylindrical</y><z>twoFold</z></symmetry><detectionScore>-1.0</detectionScore></element><element><id>2</id><category>person</category><bounds><corner1>-8.95356414777643, -1.068000566600778, -2.1041440198712236</corner1><corner2>8.95356414777643, 1.068000566600778, 2.1041440198712236</corner2></bounds><pose><translation>2.1091919322711097, -1.068000566600778, 1.051825203348021</translation><rotation><c1>1, 0, 0</c1><c2>0, 1, 0</c2><c3>0, 0, 1</c3></rotation></pose><symmetry><x>twoFold</x><y>cylindrical</y><z>twoFold</z></symmetry><detectionScore>-1.0</detectionScore></element><element><id>3</id><category>tv_stand</category><bounds><corner1>-1.2066114338647553, -0.805575990546875, -0.34991941437583307</corner1><corner2>1.2066114338647553, 0.805575990546875, 0.34991941437583307</corner2></bounds><pose><translation>1.9142531983263202, -0.9536254994062369, 2.9412317872755276</translation><rotation><c1>1, 0, 0</c1><c2>0, 1, 0</c2><c3>0, 0, 1</c3></rotation></pose><symmetry><x>twoFold</x><y>cylindrical</y><z>twoFold</z></symmetry><detectionScore>-1.0</detectionScore></element><element><id>4</id><category>window</category><bounds><corner1>-0.11871344502004133, -0.6032543285496997, -0.4811703541219885</corner1><corner2>0.11871344502004133, 0.6032543285496997, 0.4811703541219885</corner2></bounds><pose><translation>-1.1578080613999662, -0.14079450834749482, 0.4954600284094627</translation><rotation><c1>1, 0, 0</c1><c2>0, 1, 0</c2><c3>0, 0, 1</c3></rotation></pose><symmetry><x>twoFold</x><y>cylindrical</y><z>twoFold</z></symmetry><detectionScore>-1.0</detectionScore></element><element><id>5</id><category>person</category><bounds><corner1>-0.6123346518140038, -0.6237546014685401, -1.0983584568562792</corner1><corner2>0.6123346518140038, 0.6237546014685401, 1.0983584568562792</corner2></bounds><pose><translation>3.6282866254185175, -0.7234170445481423, -2.2192511142729545</translation><rotation><c1>1, 0, 0</c1><c2>0, 1, 0</c2><c3>0, 0, 1</c3></rotation></pose><symmetry><x>twoFold</x><y>cylindrical</y><z>twoFold</z></symmetry><detectionScore>-1.0</detectionScore></element><element><id>6</id><category>office_chair</category><bounds><corner1>-1.1052952988729494, -0.31436876956939797, -0.813989805171841</corner1><corner2>1.1052952988729494, 0.31436876956939797, 0.813989805171841</corner2></bounds><pose><translation>3.493520528556612, -0.7547970316109154, -1.843056850286445</translation><rotation><c1>1, 0, 0</c1><c2>0, 1, 0</c2><c3>0, 0, 1</c3></rotation></pose><symmetry><x>twoFold</x><y>cylindrical</y><z>twoFold</z></symmetry><detectionScore>-1.0</detectionScore></element><element><id>7</id><category>computer</category><bounds><corner1>-0.8998810952380341, -0.31830442689114447, -0.6114502741466288</corner1><corner2>0.8998810952380341, 0.31830442689114447, 0.6114502741466288</corner2></bounds><pose><translation>3.7070309516445885, -0.4939500450967061, -1.8914977985190717</translation><rotation><c1>1, 0, 0</c1><c2>0, 1, 0</c2><c3>0, 0, 1</c3></rotation></pose><symmetry><x>twoFold</x><y>cylindrical</y><z>twoFold</z></symmetry><detectionScore>-1.0</detectionScore></element><element><id>8</id><category>loudspeaker</category><bounds><corner1>-0.336486202942645, -0.611255861421674, -0.3520546802124982</corner1><corner2>0.336486202942645, 0.611255861421674, 0.3520546802124982</corner2></bounds><pose><translation>0.6918477574649469, -1.1284802682627846, 2.949210079374638</translation><rotation><c1>1, 0, 0</c1><c2>0, 1, 0</c2><c3>0, 0, 1</c3></rotation></pose><symmetry><x>twoFold</x><y>cylindrical</y><z>twoFold</z></symmetry><detectionScore>-1.0</detectionScore></element><element><id>9</id><category>armchair</category><bounds><corner1>-4.152175772781172, -0.5472294907981116, -2.2016518792818696</corner1><corner2>4.152175772781172, 0.5472294907981116, 2.2016518792818696</corner2></bounds><pose><translation>1.9493367192208215, -1.0606471456376583, 0.9139110033357603</translation><rotation><c1>1, 0, 0</c1><c2>0, 1, 0</c2><c3>0, 0, 1</c3></rotation></pose><symmetry><x>twoFold</x><y>cylindrical</y><z>twoFold</z></symmetry><detectionScore>-1.0</detectionScore></element><element><id>10</id><category>shelving</category><bounds><corner1>-0.12235352293252166, -0.38807487680350067, -0.5300558067904897</corner1><corner2>0.12235352293252166, 0.38807487680350067, 0.5300558067904897</corner2></bounds><pose><translation>4.4557130566211285, 0.10523058570786886, -2.3377984077273486</translation><rotation><c1>1, 0, 0</c1><c2>0, 1, 0</c2><c3>0, 0, 1</c3></rotation></pose><symmetry><x>twoFold</x><y>cylindrical</y><z>twoFold</z></symmetry><detectionScore>-1.0</detectionScore></element><element><id>11</id><category>heater</category><bounds><corner1>-0.6148364345336801, -0.44444002739676736, -0.17576836439026167</corner1><corner2>0.6148364345336801, 0.44444002739676736, 0.17576836439026167</corner2></bounds><pose><translation>-0.12394860792640494, -1.396069928783136, -2.695440554354781</translation><rotation><c1>1, 0, 0</c1><c2>0, 1, 0</c2><c3>0, 0, 1</c3></rotation></pose><symmetry><x>twoFold</x><y>cylindrical</y><z>twoFold</z></symmetry><detectionScore>-1.0</detectionScore></element><element><id>12</id><category>shelving</category><bounds><corner1>-0.1936010037914313, -0.33235574214131086, -0.5646689946823467</corner1><corner2>0.1936010037914313, 0.33235574214131086, 0.5646689946823467</corner2></bounds><pose><translation>4.3783402114141, 0.26815990873248724, -2.4774314413050504</translation><rotation><c1>1, 0, 0</c1><c2>0, 1, 0</c2><c3>0, 0, 1</c3></rotation></pose><symmetry><x>twoFold</x><y>cylindrical</y><z>twoFold</z></symmetry><detectionScore>-1.0</detectionScore></element><element><id>13</id><category>table_lamp</category><bounds><corner1>-0.8971990439626776, -0.32749496523804517, -0.5984050738697908</corner1><corner2>0.8971990439626776, 0.32749496523804517, 0.5984050738697908</corner2></bounds><pose><translation>3.709713002919945, -0.5031405834436068, -1.8880596911664826</translation><rotation><c1>1, 0, 0</c1><c2>0, 1, 0</c2><c3>0, 0, 1</c3></rotation></pose><symmetry><x>twoFold</x><y>cylindrical</y><z>twoFold</z></symmetry><detectionScore>-1.0</detectionScore></element><element><id>14</id><category>computer</category><bounds><corner1>-0.2105174734951396, -0.2347012159307426, -0.0660663285002121</corner1><corner2>0.2105174734951396, 0.2347012159307426, 0.0660663285002121</corner2></bounds><pose><translation>1.7671158498014254, -0.6632358178407124, 3.0849419379045795</translation><rotation><c1>1, 0, 0</c1><c2>0, 1, 0</c2><c3>0, 0, 1</c3></rotation></pose><symmetry><x>twoFold</x><y>cylindrical</y><z>twoFold</z></symmetry><detectionScore>-1.0</detectionScore></element><element><id>15</id><category>picture_frame</category><bounds><corner1>-0.11896774280268119, -0.3882984549212487, -0.531427862357728</corner1><corner2>0.11896774280268119, 0.3882984549212487, 0.531427862357728</corner2></bounds><pose><translation>4.459098836750969, 0.10106580039230438, -2.339170463294587</translation><rotation><c1>1, 0, 0</c1><c2>0, 1, 0</c2><c3>0, 0, 1</c3></rotation></pose><symmetry><x>twoFold</x><y>cylindrical</y><z>twoFold</z></symmetry><detectionScore>-1.0</detectionScore></element><element><id>16</id><category>wall</category><bounds><corner1>-11.578880391890099, -1.413663691628244, -3.050230201631701</corner1><corner2>11.578880391890099, 1.413663691628244, 3.050230201631701</corner2></bounds><pose><translation>4.528538872522392, -0.05781494094959426, 0.07602114974119856</translation><rotation><c1>1, 0, 0</c1><c2>0, 1, 0</c2><c3>0, 0, 1</c3></rotation></pose><symmetry><x>twoFold</x><y>cylindrical</y><z>twoFold</z></symmetry><detectionScore>-1.0</detectionScore></element><element><id>17</id><category>hanging_kitchen_cabinet</category><bounds><corner1>-0.12796923386859937, -0.3880961910216975, -0.5416150810332419</corner1><corner2>0.12796923386859937, 0.3880961910216975, 0.5416150810332419</corner2></bounds><pose><translation>4.450097345685051, 0.10520927148967202, -2.3493576819701008</translation><rotation><c1>1, 0, 0</c1><c2>0, 1, 0</c2><c3>0, 0, 1</c3></rotation></pose><symmetry><x>twoFold</x><y>cylindrical</y><z>twoFold</z></symmetry><detectionScore>-1.0</detectionScore></element><element><id>18</id><category>wall</category><bounds><corner1>-0.5596454180876831, -1.6101699209257407, -1.0000977551121157</corner1><corner2>0.5596454180876831, 1.6101699209257407, 1.0000977551121157</corner2></bounds><pose><translation>-1.6245450176538803, -0.112544399726018, -0.023467372580664496</translation><rotation><c1>1, 0, 0</c1><c2>0, 1, 0</c2><c3>0, 0, 1</c3></rotation></pose><symmetry><x>twoFold</x><y>cylindrical</y><z>twoFold</z></symmetry><detectionScore>-1.0</detectionScore></element><element><id>19</id><category>loudspeaker</category><bounds><corner1>-0.8949813041306975, -0.6275437927360494, -0.36729624516277726</corner1><corner2>0.8949813041306975, 0.6275437927360494, 0.36729624516277726</corner2></bounds><pose><translation>3.2085965266179417, -1.058829671030201, 2.7886729780564674</translation><rotation><c1>1, 0, 0</c1><c2>0, 1, 0</c2><c3>0, 0, 1</c3></rotation></pose><symmetry><x>twoFold</x><y>cylindrical</y><z>twoFold</z></symmetry><detectionScore>-1.0</detectionScore></element><element><id>20</id><category>door</category><bounds><corner1>-11.54603735567483, -1.3922703151676763, -2.5183835079968535</corner1><corner2>11.54603735567483, 1.3922703151676763, 2.5183835079968535</corner2></bounds><pose><translation>4.561381908737663, -0.031724134913618834, 0.536559402060669</translation><rotation><c1>1, 0, 0</c1><c2>0, 1, 0</c2><c3>0, 0, 1</c3></rotation></pose><symmetry><x>twoFold</x><y>cylindrical</y><z>twoFold</z></symmetry><detectionScore>-1.0</detectionScore></element><element><id>21</id><category>television</category><bounds><corner1>-0.7141980157560295, -0.4418978772733073, -0.18317384745129628</corner1><corner2>0.7141980157560295, 0.4418978772733073, 0.18317384745129628</corner2></bounds><pose><translation>2.156798519469843, -0.7695937703177386, 3.0547778973577615</translation><rotation><c1>1, 0, 0</c1><c2>0, 1, 0</c2><c3>0, 0, 1</c3></rotation></pose><symmetry><x>twoFold</x><y>cylindrical</y><z>twoFold</z></symmetry><detectionScore>-1.0</detectionScore></element><element><id>22</id><category>coffee_machine</category><bounds><corner1>-0.17243972739694557, -0.28335249593712525, -0.07828206043838959</corner1><corner2>0.17243972739694557, 0.28335249593712525, 0.07828206043838959</corner2></bounds><pose><translation>1.7356782005181173, -0.7753436558285582, 3.0700437896449406</translation><rotation><c1>1, 0, 0</c1><c2>0, 1, 0</c2><c3>0, 0, 1</c3></rotation></pose><symmetry><x>twoFold</x><y>cylindrical</y><z>twoFold</z></symmetry><detectionScore>-1.0</detectionScore></element><element><id>23</id><category>desk</category><bounds><corner1>-1.6552338104041393, -0.40327928281622594, -0.8438376078828962</corner1><corner2>1.6552338104041393, 0.40327928281622594, 0.8438376078828962</corner2></bounds><pose><translation>3.0250598548878918, -0.928927363305623, -1.2753142990893285</translation><rotation><c1>1, 0, 0</c1><c2>0, 1, 0</c2><c3>0, 0, 1</c3></rotation></pose><symmetry><x>twoFold</x><y>cylindrical</y><z>twoFold</z></symmetry><detectionScore>-1.0</detectionScore></element><element><id>24</id><category>chair</category><bounds><corner1>-1.1138549036706444, -0.2572815615323677, -0.7966756616046586</corner1><corner2>1.1138549036706444, 0.2572815615323677, 0.7966756616046586</corner2></bounds><pose><translation>3.484960923758917, -0.7602687164549918, -1.8349822369379685</translation><rotation><c1>1, 0, 0</c1><c2>0, 1, 0</c2><c3>0, 0, 1</c3></rotation></pose><symmetry><x>twoFold</x><y>cylindrical</y><z>twoFold</z></symmetry><detectionScore>-1.0</detectionScore></element><element><id>25</id><category>window</category><bounds><corner1>-0.47504428906859464, -1.5730110618125153, -0.9058699710856425</corner1><corner2>0.47504428906859464, 1.5730110618125153, 0.9058699710856425</corner2></bounds><pose><translation>-1.5155364825156807, -0.0777101444593836, 0.07076041144580866</translation><rotation><c1>1, 0, 0</c1><c2>0, 1, 0</c2><c3>0, 0, 1</c3></rotation></pose><symmetry><x>twoFold</x><y>cylindrical</y><z>twoFold</z></symmetry><detectionScore>-1.0</detectionScore></element><element><id>26</id><category>door</category><bounds><corner1>-0.4483545978263064, -1.5835593381629396, -0.7281810418364034</corner1><corner2>0.4483545978263064, 1.5835593381629396, 0.7281810418364034</corner2></bounds><pose><translation>-1.3158266254606337, -0.08114661997454375, 0.24844934069504782</translation><rotation><c1>1, 0, 0</c1><c2>0, 1, 0</c2><c3>0, 0, 1</c3></rotation></pose><symmetry><x>twoFold</x><y>cylindrical</y><z>twoFold</z></symmetry><detectionScore>-1.0</detectionScore></element><element><id>27</id><category>desk</category><bounds><corner1>-1.1754842476328289, -0.18220612576000628, -0.8661069611058332</corner1><corner2>1.1754842476328289, 0.18220612576000628, 0.8661069611058332</corner2></bounds><pose><translation>3.020992582275534, -0.7884876796492225, -2.0045033308964206</translation><rotation><c1>1, 0, 0</c1><c2>0, 1, 0</c2><c3>0, 0, 1</c3></rotation></pose><symmetry><x>twoFold</x><y>cylindrical</y><z>twoFold</z></symmetry><detectionScore>-1.0</detectionScore></element><element><id>28</id><category>window</category><bounds><corner1>-0.7207744203053708, -1.5866966597956682, -0.2638019097394132</corner1><corner2>0.7207744203053708, 1.5866966597956682, 0.2638019097394132</corner2></bounds><pose><translation>-2.2844458745007516, -0.1989921055037299, -0.42453995412744</translation><rotation><c1>1, 0, 0</c1><c2>0, 1, 0</c2><c3>0, 0, 1</c3></rotation></pose><symmetry><x>twoFold</x><y>cylindrical</y><z>twoFold</z></symmetry><detectionScore>-1.0</detectionScore></element><element><id>29</id><category>person</category><bounds><corner1>-1.3519099349056192, -0.8414035574048541, -0.7352769970241635</corner1><corner2>1.3519099349056192, 0.8414035574048541, 0.7352769970241635</corner2></bounds><pose><translation>3.27816021753778, -0.7555919620229535, -1.2897133095862687</translation><rotation><c1>1, 0, 0</c1><c2>0, 1, 0</c2><c3>0, 0, 1</c3></rotation></pose><symmetry><x>twoFold</x><y>cylindrical</y><z>twoFold</z></symmetry><detectionScore>-1.0</detectionScore></element><element><id>30</id><category>wall</category><bounds><corner1>-0.018277135406011474, -1.4072948104154845, -0.8847918605304794</corner1><corner2>0.018277135406011474, 1.4072948104154845, 0.8847918605304794</corner2></bounds><pose><translation>-0.16367975541958496, 0.08422857471059354, 1.5366220007733336</translation><rotation><c1>1, 0, 0</c1><c2>0, 1, 0</c2><c3>0, 0, 1</c3></rotation></pose><symmetry><x>twoFold</x><y>cylindrical</y><z>twoFold</z></symmetry><detectionScore>-1.0</detectionScore></element></elements></scene>