<?xml version='1.0' encoding='utf-8'?>
<scene xmlns:sumo="https://www.sumochallenge.org"><version>2.0</version><categories><id>fb_categories_v1_0</id><url>https://sumochallenge.org/en/categories-1_0.json</url></categories><project_type>bounding_box</project_type><elements><element><id>0</id><category>wall</category><bounds><corner1>-4.92874362550223, -1.168593047345772, -4.342760176953987</corner1><corner2>4.92874362550223, 1.168593047345772, 4.342760176953987</corner2></bounds><pose><translation>1.825763519141167, -0.057542346485802136, 1.3634976599953428</translation><rotation><c1>1, 0, 0</c1><c2>0, 1, 0</c2><c3>0, 0, 1</c3></rotation></pose><symmetry><x>twoFold</x><y>cylindrical</y><z>twoFold</z></symmetry><detectionScore>-1.0</detectionScore></element><element><id>1</id><category>wall</category><bounds><corner1>-0.44039830025577587, -1.3801096801724582, -4.431999624240904</corner1><corner2>0.44039830025577587, 1.3801096801724582, 4.431999624240904</corner2></bounds><pose><translation>6.385847663031516, -0.07079746661133218, 1.1127785063865017</translation><rotation><c1>1, 0, 0</c1><c2>0, 1, 0</c2><c3>0, 0, 1</c3></rotation></pose><symmetry><x>twoFold</x><y>cylindrical</y><z>twoFold</z></symmetry><detectionScore>-1.0</detectionScore></element><element><id>2</id><category>dishwasher</category><bounds><corner1>-0.7753804790531131, -0.1496429055034555, -0.1524380254129214</corner1><corner2>0.7753804790531131, 0.1496429055034555, 0.1524380254129214</corner2></bounds><pose><translation>0.5384846784957766, -0.9069513807038573, -1.289160825733448</translation><rotation><c1>1, 0, 0</c1><c2>0, 1, 0</c2><c3>0, 0, 1</c3></rotation></pose><symmetry><x>twoFold</x><y>cylindrical</y><z>twoFold</z></symmetry><detectionScore>-1.0</detectionScore></element><element><id>3</id><category>wall</category><bounds><corner1>-1.4710002397703337, -1.504007764917328, -0.08880829423014003</corner1><corner2>1.4710002397703337, 1.504007764917328, 0.08880829423014003</corner2></bounds><pose><translation>-0.157053492596187, -0.11334189920567131, 3.728805911274132</translation><rotation><c1>1, 0, 0</c1><c2>0, 1, 0</c2><c3>0, 0, 1</c3></rotation></pose><symmetry><x>twoFold</x><y>cylindrical</y><z>twoFold</z></symmetry><detectionScore>-1.0</detectionScore></element><element><id>4</id><category>wall</category><bounds><corner1>-5.520316850593074, -1.4566715467264557, -7.3073248136232145</corner1><corner2>5.520316850593074, 1.4566715467264557, 7.3073248136232145</corner2></bounds><pose><translation>1.0967279615876868, -0.17864223353581907, 3.7703178345691177</translation><rotation><c1>1, 0, 0</c1><c2>0, 1, 0</c2><c3>0, 0, 1</c3></rotation></pose><symmetry><x>twoFold</x><y>cylindrical</y><z>twoFold</z></symmetry><detectionScore>-1.0</detectionScore></element><element><id>5</id><category>arch</category><bounds><corner1>-3.554391891936194, -1.1970006579546566, -3.918724038376009</corner1><corner2>3.554391891936194, 1.1970006579546566, 3.918724038376009</corner2></bounds><pose><translation>3.2148038311246303, -0.0859499570946867, 1.965637798068717</translation><rotation><c1>1, 0, 0</c1><c2>0, 1, 0</c2><c3>0, 0, 1</c3></rotation></pose><symmetry><x>twoFold</x><y>cylindrical</y><z>twoFold</z></symmetry><detectionScore>-1.0</detectionScore></element><element><id>6</id><category>window</category><bounds><corner1>-0.23912941072421923, -1.3534651100439525, -1.5651227991259518</corner1><corner2>0.23912941072421923, 1.3534651100439525, 1.5651227991259518</corner2></bounds><pose><translation>6.377915401456542, -0.12127295807445752, 9.512519849066381</translation><rotation><c1>1, 0, 0</c1><c2>0, 1, 0</c2><c3>0, 0, 1</c3></rotation></pose><symmetry><x>twoFold</x><y>cylindrical</y><z>twoFold</z></symmetry><detectionScore>-1.0</detectionScore></element><element><id>7</id><category>window</category><bounds><corner1>-0.2701704709583659, -1.1194440656296822, -2.7798328784391457</corner1><corner2>0.2701704709583659, 1.1194440656296822, 2.7798328784391457</corner2></bounds><pose><translation>6.530271774331078, -0.023428340133516384, 2.2589172972469957</translation><rotation><c1>1, 0, 0</c1><c2>0, 1, 0</c2><c3>0, 0, 1</c3></rotation></pose><symmetry><x>twoFold</x><y>cylindrical</y><z>twoFold</z></symmetry><detectionScore>-1.0</detectionScore></element><element><id>8</id><category>wall</category><bounds><corner1>-0.34659495844227983, -1.4173598596454955, -1.9546765509858037</corner1><corner2>0.34659495844227983, 1.4173598596454955, 1.9546765509858037</corner2></bounds><pose><translation>6.270449853738481, -0.13933054645485882, 9.122966097206529</translation><rotation><c1>1, 0, 0</c1><c2>0, 1, 0</c2><c3>0, 0, 1</c3></rotation></pose><symmetry><x>twoFold</x><y>cylindrical</y><z>twoFold</z></symmetry><detectionScore>-1.0</detectionScore></element><element><id>9</id><category>window</category><bounds><corner1>-0.19159834386952035, -0.6438848729565461, -0.8624418581899453</corner1><corner2>0.19159834386952035, 0.6438848729565461, 0.8624418581899453</corner2></bounds><pose><translation>6.441578639893978, -0.46701467712524136, 7.327216982223276</translation><rotation><c1>1, 0, 0</c1><c2>0, 1, 0</c2><c3>0, 0, 1</c3></rotation></pose><symmetry><x>twoFold</x><y>cylindrical</y><z>twoFold</z></symmetry><detectionScore>-1.0</detectionScore></element><element><id>10</id><category>chandelier</category><bounds><corner1>-3.0926389888173613, -0.68917098498377, -5.7835463693614955</corner1><corner2>3.0926389888173613, 0.68917098498377, 5.7835463693614955</corner2></bounds><pose><translation>3.5233812234217226, 0.6362466337926181, 5.2639857162061485</translation><rotation><c1>1, 0, 0</c1><c2>0, 1, 0</c2><c3>0, 0, 1</c3></rotation></pose><symmetry><x>twoFold</x><y>cylindrical</y><z>twoFold</z></symmetry><detectionScore>-1.0</detectionScore></element><element><id>11</id><category>kitchen_cabinet</category><bounds><corner1>-2.420213676898949, -0.4851430320244226, -0.3453575454746918</corner1><corner2>2.420213676898949, 0.4851430320244226, 0.3453575454746918</corner2></bounds><pose><translation>2.630042382441104, -0.882139289922405, -1.0688799182806508</translation><rotation><c1>1, 0, 0</c1><c2>0, 1, 0</c2><c3>0, 0, 1</c3></rotation></pose><symmetry><x>twoFold</x><y>cylindrical</y><z>twoFold</z></symmetry><detectionScore>-1.0</detectionScore></element><element><id>12</id><category>arch</category><bounds><corner1>-0.9422390335861426, -1.5832454808036596, -3.392936051131393</corner1><corner2>0.9422390335861426, 1.5832454808036596, 3.392936051131393</corner2></bounds><pose><translation>5.688416298663904, -0.305216167613023, 7.68470659706094</translation><rotation><c1>1, 0, 0</c1><c2>0, 1, 0</c2><c3>0, 0, 1</c3></rotation></pose><symmetry><x>twoFold</x><y>cylindrical</y><z>twoFold</z></symmetry><detectionScore>-1.0</detectionScore></element><element><id>13</id><category>door</category><bounds><corner1>-0.18392824981984113, -0.6709073856482586, -0.8887234579682772</corner1><corner2>0.18392824981984113, 0.6709073856482586, 0.8887234579682772</corner2></bounds><pose><translation>6.449248733943657, -0.5257705600512176, 7.353090217072863</translation><rotation><c1>1, 0, 0</c1><c2>0, 1, 0</c2><c3>0, 0, 1</c3></rotation></pose><symmetry><x>twoFold</x><y>cylindrical</y><z>twoFold</z></symmetry><detectionScore>-1.0</detectionScore></element><element><id>14</id><category>chandelier</category><bounds><corner1>-1.7827582463569085, -0.22723622913018704, -2.4662838679569963</corner1><corner2>1.7827582463569085, 0.22723622913018704, 2.4662838679569963</corner2></bounds><pose><translation>4.971748898286489, 1.1301585452022473, 3.921747794717644</translation><rotation><c1>1, 0, 0</c1><c2>0, 1, 0</c2><c3>0, 0, 1</c3></rotation></pose><symmetry><x>twoFold</x><y>cylindrical</y><z>twoFold</z></symmetry><detectionScore>-1.0</detectionScore></element><element><id>15</id><category>refrigerator</category><bounds><corner1>-0.11779659026426748, -1.3233016278453476, -0.5030122010153096</corner1><corner2>0.11779659026426748, 1.3233016278453476, 0.5030122010153096</corner2></bounds><pose><translation>-1.3711455016788017, -0.18389306735955355, -0.31215025928310813</translation><rotation><c1>1, 0, 0</c1><c2>0, 1, 0</c2><c3>0, 0, 1</c3></rotation></pose><symmetry><x>twoFold</x><y>cylindrical</y><z>twoFold</z></symmetry><detectionScore>-1.0</detectionScore></element><element><id>16</id><category>hanging_kitchen_cabinet</category><bounds><corner1>-0.08778986179281945, -0.4478150961473625, -0.4439404755658022</corner1><corner2>0.08778986179281945, 0.4478150961473625, 0.4439404755658022</corner2></bounds><pose><translation>-1.3854050659192285, 0.3382590566609913, -0.3134142117031229</translation><rotation><c1>1, 0, 0</c1><c2>0, 1, 0</c2><c3>0, 0, 1</c3></rotation></pose><symmetry><x>twoFold</x><y>cylindrical</y><z>twoFold</z></symmetry><detectionScore>-1.0</detectionScore></element><element><id>17</id><category>hanging_kitchen_cabinet</category><bounds><corner1>-0.3775613138833036, -0.7029242254657169, -0.08380182713235951</corner1><corner2>0.3775613138833036, 0.7029242254657169, 0.08380182713235951</corner2></bounds><pose><translation>-1.0032839286421429, 0.40868877251368896, -1.5415205599712094</translation><rotation><c1>1, 0, 0</c1><c2>0, 1, 0</c2><c3>0, 0, 1</c3></rotation></pose><symmetry><x>twoFold</x><y>cylindrical</y><z>twoFold</z></symmetry><detectionScore>-1.0</detectionScore></element><element><id>18</id><category>door</category><bounds><corner1>-0.3309223480167294, -1.7303007628722524, -3.5014926136571605</corner1><corner2>0.3309223480167294, 1.7303007628722524, 3.5014926136571605</corner2></bounds><pose><translation>6.302254635746769, -0.578123588043806, 7.290541284569721</translation><rotation><c1>1, 0, 0</c1><c2>0, 1, 0</c2><c3>0, 0, 1</c3></rotation></pose><symmetry><x>twoFold</x><y>cylindrical</y><z>twoFold</z></symmetry><detectionScore>-1.0</detectionScore></element><element><id>19</id><category>range_oven</category><bounds><corner1>-1.3485896001396211, -0.4433854402088857, -0.35228162433515664</corner1><corner2>1.3485896001396211, 0.4433854402088857, 0.35228162433515664</corner2></bounds><pose><translation>2.1609474660685035, -0.9529773198417474, -1.0863698851271697</translation><rotation><c1>1, 0, 0</c1><c2>0, 1, 0</c2><c3>0, 0, 1</c3></rotation></pose><symmetry><x>twoFold</x><y>cylindrical</y><z>twoFold</z></symmetry><detectionScore>-1.0</detectionScore></element><element><id>20</id><category>wall</category><bounds><corner1>-0.5564593210409967, -1.5228047682306498, -0.09419654107628128</corner1><corner2>0.5564593210409967, 1.5228047682306498, 0.09419654107628128</corner2></bounds><pose><translation>-1.2443715635710884, -0.17098637828693208, 3.7144306208061892</translation><rotation><c1>1, 0, 0</c1><c2>0, 1, 0</c2><c3>0, 0, 1</c3></rotation></pose><symmetry><x>twoFold</x><y>cylindrical</y><z>twoFold</z></symmetry><detectionScore>-1.0</detectionScore></element><element><id>21</id><category>kitchen_cabinet</category><bounds><corner1>-0.12749476271103588, -1.4512475667074651, -0.573931637812221</corner1><corner2>0.12749476271103588, 1.4512475667074651, 0.573931637812221</corner2></bounds><pose><translation>-1.3727137882505585, -0.16025137698501066, -0.3133367574005261</translation><rotation><c1>1, 0, 0</c1><c2>0, 1, 0</c2><c3>0, 0, 1</c3></rotation></pose><symmetry><x>twoFold</x><y>cylindrical</y><z>twoFold</z></symmetry><detectionScore>-1.0</detectionScore></element><element><id>22</id><category>chandelier</category><bounds><corner1>-1.8730430012233654, -0.13612021120595963, -1.5631718376448998</corner1><corner2>1.8730430012233654, 0.13612021120595963, 1.5631718376448998</corner2></bounds><pose><translation>4.953202962063926, 1.2538741918632774, 0.985935178882673</translation><rotation><c1>1, 0, 0</c1><c2>0, 1, 0</c2><c3>0, 0, 1</c3></rotation></pose><symmetry><x>twoFold</x><y>cylindrical</y><z>twoFold</z></symmetry><detectionScore>-1.0</detectionScore></element><element><id>23</id><category>wall</category><bounds><corner1>-1.9535141064639472, -1.5314198796956282, -4.386061163264023</corner1><corner2>1.9535141064639472, 1.5314198796956282, 4.386061163264023</corner2></bounds><pose><translation>4.679662877299551, -0.2352030261362827, 6.691581484928309</translation><rotation><c1>1, 0, 0</c1><c2>0, 1, 0</c2><c3>0, 0, 1</c3></rotation></pose><symmetry><x>twoFold</x><y>cylindrical</y><z>twoFold</z></symmetry><detectionScore>-1.0</detectionScore></element><element><id>24</id><category>window</category><bounds><corner1>-4.948867420269207, -0.9866630887579343, -4.348271022829753</corner1><corner2>4.948867420269207, 0.9866630887579343, 4.348271022829753</corner2></bounds><pose><translation>1.80563972437419, -0.05754987938004482, 1.3357979459658187</translation><rotation><c1>1, 0, 0</c1><c2>0, 1, 0</c2><c3>0, 0, 1</c3></rotation></pose><symmetry><x>twoFold</x><y>cylindrical</y><z>twoFold</z></symmetry><detectionScore>-1.0</detectionScore></element><element><id>25</id><category>kitchen_cabinet</category><bounds><corner1>-0.7291853580282028, -0.542645517091076, -1.2946546389120068</corner1><corner2>0.7291853580282028, 0.542645517091076, 1.2946546389120068</corner2></bounds><pose><translation>6.027159983389276, -0.9050205776283425, -0.053020610734000224</translation><rotation><c1>1, 0, 0</c1><c2>0, 1, 0</c2><c3>0, 0, 1</c3></rotation></pose><symmetry><x>twoFold</x><y>cylindrical</y><z>twoFold</z></symmetry><detectionScore>-1.0</detectionScore></element><element><id>26</id><category>curtain</category><bounds><corner1>-4.940966897343753, -1.06348421286996, -4.358194432969341</corner1><corner2>4.940966897343753, 1.06348421286996, 4.358194432969341</corner2></bounds><pose><translation>1.813540247299645, -0.054239040391384295, 1.3480634039799877</translation><rotation><c1>1, 0, 0</c1><c2>0, 1, 0</c2><c3>0, 0, 1</c3></rotation></pose><symmetry><x>twoFold</x><y>cylindrical</y><z>twoFold</z></symmetry><detectionScore>-1.0</detectionScore></element><element><id>27</id><category>column</category><bounds><corner1>-0.37448264560045086, -1.053311744577707, -1.1267315556529018</corner1><corner2>0.37448264560045086, 1.053311744577707, 1.1267315556529018</corner2></bounds><pose><translation>6.257509797137726, -0.4391060659265305, 6.546895858317599</translation><rotation><c1>1, 0, 0</c1><c2>0, 1, 0</c2><c3>0, 0, 1</c3></rotation></pose><symmetry><x>twoFold</x><y>cylindrical</y><z>twoFold</z></symmetry><detectionScore>-1.0</detectionScore></element><element><id>28</id><category>hanging_kitchen_cabinet</category><bounds><corner1>-1.436135881538926, -0.9018677338952169, -0.4032694628772102</corner1><corner2>1.436135881538926, 0.9018677338952169, 0.4032694628772102</corner2></bounds><pose><translation>2.7045413189556764, 0.2912214504720253, -1.535840695821946</translation><rotation><c1>1, 0, 0</c1><c2>0, 1, 0</c2><c3>0, 0, 1</c3></rotation></pose><symmetry><x>twoFold</x><y>cylindrical</y><z>twoFold</z></symmetry><detectionScore>-1.0</detectionScore></element><element><id>29</id><category>kitchen_cabinet</category><bounds><corner1>-2.8414181519449593, -1.5531893142153343, -0.4947967557652594</corner1><corner2>2.8414181519449593, 1.5531893142153343, 0.4947967557652594</corner2></bounds><pose><translation>3.9026735833952455, -0.3924214887234923, -1.4412302159564754</translation><rotation><c1>1, 0, 0</c1><c2>0, 1, 0</c2><c3>0, 0, 1</c3></rotation></pose><symmetry><x>twoFold</x><y>cylindrical</y><z>twoFold</z></symmetry><detectionScore>-1.0</detectionScore></element><element><id>30</id><category>hanging_kitchen_cabinet</category><bounds><corner1>-0.45975511880002584, -0.7571932072837406, -0.09097941613303595</corner1><corner2>0.45975511880002584, 0.7571932072837406, 0.09097941613303595</corner2></bounds><pose><translation>-0.4025448885392533, 0.42846170424822727, -1.594988849541815</translation><rotation><c1>1, 0, 0</c1><c2>0, 1, 0</c2><c3>0, 0, 1</c3></rotation></pose><symmetry><x>twoFold</x><y>cylindrical</y><z>twoFold</z></symmetry><detectionScore>-1.0</detectionScore></element><element><id>31</id><category>hanging_kitchen_cabinet</category><bounds><corner1>-0.2290896249300849, -0.6413418501885216, -0.39733007803883225</corner1><corner2>0.2290896249300849, 0.6413418501885216, 0.39733007803883225</corner2></bounds><pose><translation>-1.5234493084716318, 0.42116842802478305, -1.0862969182437205</translation><rotation><c1>1, 0, 0</c1><c2>0, 1, 0</c2><c3>0, 0, 1</c3></rotation></pose><symmetry><x>twoFold</x><y>cylindrical</y><z>twoFold</z></symmetry><detectionScore>-1.0</detectionScore></element><element><id>32</id><category>washer</category><bounds><corner1>-0.7959890538019281, -0.15444810611846727, -0.2316010959336312</corner1><corner2>0.7959890538019281, 0.15444810611846727, 0.2316010959336312</corner2></bounds><pose><translation>0.5625615870330609, -0.8938493040612259, -1.3800358847320522</translation><rotation><c1>1, 0, 0</c1><c2>0, 1, 0</c2><c3>0, 0, 1</c3></rotation></pose><symmetry><x>twoFold</x><y>cylindrical</y><z>twoFold</z></symmetry><detectionScore>-1.0</detectionScore></element><element><id>33</id><category>chandelier</category><bounds><corner1>-5.006564435170576, -1.0728926460376387, -7.048413981939831</corner1><corner2>5.006564435170576, 1.0728926460376387, 7.048413981939831</corner2></bounds><pose><translation>1.5589235210881804, 0.22262180588248928, 2.1028532386011736</translation><rotation><c1>1, 0, 0</c1><c2>0, 1, 0</c2><c3>0, 0, 1</c3></rotation></pose><symmetry><x>twoFold</x><y>cylindrical</y><z>twoFold</z></symmetry><detectionScore>-1.0</detectionScore></element><element><id>34</id><category>window</category><bounds><corner1>-1.315547034555001, -0.9664911944481983, -0.54129971401325</corner1><corner2>1.315547034555001, 0.9664911944481983, 0.54129971401325</corner2></bounds><pose><translation>2.8251301659396013, 0.24323893433121038, -1.671776693478442</translation><rotation><c1>1, 0, 0</c1><c2>0, 1, 0</c2><c3>0, 0, 1</c3></rotation></pose><symmetry><x>twoFold</x><y>cylindrical</y><z>twoFold</z></symmetry><detectionScore>-1.0</detectionScore></element><element><id>35</id><category>range_hood</category><bounds><corner1>-1.720202092944385, -0.965321826113362, -0.5615034962709751</corner1><corner2>1.720202092944385, 0.965321826113362, 0.5615034962709751</corner2></bounds><pose><translation>2.4183247380857997, 0.40426902371463935, -1.6940747292157108</translation><rotation><c1>1, 0, 0</c1><c2>0, 1, 0</c2><c3>0, 0, 1</c3></rotation></pose><symmetry><x>twoFold</x><y>cylindrical</y><z>twoFold</z></symmetry><detectionScore>-1.0</detectionScore></element><element><id>36</id><category>wall</category><bounds><corner1>-3.1210923626675453, -1.440933134068589, -4.4360635763127725</corner1><corner2>3.1210923626675453, 1.440933134068589, 4.4360635763127725</corner2></bounds><pose><translation>3.406195116779379, -0.17519020913757763, 6.64157907187956</translation><rotation><c1>1, 0, 0</c1><c2>0, 1, 0</c2><c3>0, 0, 1</c3></rotation></pose><symmetry><x>twoFold</x><y>cylindrical</y><z>twoFold</z></symmetry><detectionScore>-1.0</detectionScore></element><element><id>37</id><category>chair</category><bounds><corner1>-4.6756450192794965, -0.4710915777124907, -4.6308845999094865</corner1><corner2>4.6756450192794965, 0.4710915777124907, 4.6308845999094865</corner2></bounds><pose><translation>2.028080780294972, -0.8213412158893852, 1.2837846390586078</translation><rotation><c1>1, 0, 0</c1><c2>0, 1, 0</c2><c3>0, 0, 1</c3></rotation></pose><symmetry><x>twoFold</x><y>cylindrical</y><z>twoFold</z></symmetry><detectionScore>-1.0</detectionScore></element><element><id>38</id><category>kitchen_cabinet</category><bounds><corner1>-2.0983164696982377, -0.36393462150747535, -0.3394055600388459</corner1><corner2>2.0983164696982377, 0.36393462150747535, 0.3394055600388459</corner2></bounds><pose><translation>3.5622661492880057, -0.970730703897207, -1.002728438237904</translation><rotation><c1>1, 0, 0</c1><c2>0, 1, 0</c2><c3>0, 0, 1</c3></rotation></pose><symmetry><x>twoFold</x><y>cylindrical</y><z>twoFold</z></symmetry><detectionScore>-1.0</detectionScore></element><element><id>39</id><category>kitchen_cabinet</category><bounds><corner1>-0.6554291491336541, -0.2019849321663354, -0.30249715545277955</corner1><corner2>0.6554291491336541, 0.2019849321663354, 0.30249715545277955</corner2></bounds><pose><translation>-0.336587889134602, -0.9253176417190174, -1.4687263984536663</translation><rotation><c1>1, 0, 0</c1><c2>0, 1, 0</c2><c3>0, 0, 1</c3></rotation></pose><symmetry><x>twoFold</x><y>cylindrical</y><z>twoFold</z></symmetry><detectionScore>-1.0</detectionScore></element><element><id>40</id><category>dishwasher</category><bounds><corner1>-0.5561503075167695, -0.14374529791668933, -0.17411329272984988</corner1><corner2>0.5561503075167695, 0.14374529791668933, 0.17411329272984988</corner2></bounds><pose><translation>-0.2979679441853713, -0.952881649362884, -1.3312257198512312</translation><rotation><c1>1, 0, 0</c1><c2>0, 1, 0</c2><c3>0, 0, 1</c3></rotation></pose><symmetry><x>twoFold</x><y>cylindrical</y><z>twoFold</z></symmetry><detectionScore>-1.0</detectionScore></element><element><id>41</id><category>door</category><bounds><corner1>-4.907137749938866, -0.8573817101045762, -4.619488286939868</corner1><corner2>4.907137749938866, 0.8573817101045762, 4.619488286939868</corner2></bounds><pose><translation>1.857329460941239, -0.12685966558103468, 1.3601549856044166</translation><rotation><c1>1, 0, 0</c1><c2>0, 1, 0</c2><c3>0, 0, 1</c3></rotation></pose><symmetry><x>twoFold</x><y>cylindrical</y><z>twoFold</z></symmetry><detectionScore>-1.0</detectionScore></element><element><id>42</id><category>range_oven</category><bounds><corner1>-1.4220887852226083, -0.36384990120035277, -0.2941374569975993</corner1><corner2>1.4220887852226083, 0.36384990120035277, 0.2941374569975993</corner2></bounds><pose><translation>2.9224656408886593, -0.9654010248798217, -1.0231579637543473</translation><rotation><c1>1, 0, 0</c1><c2>0, 1, 0</c2><c3>0, 0, 1</c3></rotation></pose><symmetry><x>twoFold</x><y>cylindrical</y><z>twoFold</z></symmetry><detectionScore>-1.0</detectionScore></element></elements></scene>