<?xml version='1.0' encoding='utf-8'?>
<scene xmlns:sumo="https://www.sumochallenge.org"><version>2.0</version><categories><id>fb_categories_v1.0</id><url>https://sumochallenge.org/en/categories-1_0.json</url></categories><project_type>bounding_box</project_type><elements><element><id>2</id><category>door</category><bounds><corner1>-0.3022171 , -1.09633459, -0.63798339</corner1><corner2>0.3022171 , 1.09633459, 0.63798339</corner2></bounds><pose><translation>-3.89633693, -0.30509149, -1.03426751</translation><rotation><c1>1., 0., 0.</c1><c2>0., 1., 0.</c2><c3>0., 0., 1.</c3></rotation></pose><symmetry><x>twoFold</x><y>twoFold</y><z>twoFold</z></symmetry><detectionScore>0.9654498</detectionScore></element><element><id>4</id><category>person</category><bounds><corner1>-0.24495705, -1.78373177, -0.5624609 </corner1><corner2>0.24495705, 1.78373177, 0.5624609 </corner2></bounds><pose><translation>-1.34795963, -0.57612125,  0.06407169</translation><rotation><c1>1., 0., 0.</c1><c2>0., 1., 0.</c2><c3>0., 0., 1.</c3></rotation></pose><symmetry><x>none</x><y>none</y><z>none</z></symmetry><detectionScore>0.9928804</detectionScore></element><element><id>1</id><category>wall</category><bounds><corner1>-2.53877306, -1.23717685, -1.57900716</corner1><corner2>2.53877306, 1.23717685, 1.57900716</corner2></bounds><pose><translation>-3.6547653 ,  0.01841263, -0.77607096</translation><rotation><c1>1., 0., 0.</c1><c2>0., 1., 0.</c2><c3>0., 0., 1.</c3></rotation></pose><symmetry><x>none</x><y>twoFold</y><z>none</z></symmetry><detectionScore>0.98484725</detectionScore></element><element><id>5</id><category>window</category><bounds><corner1>-0.03501408, -0.6622289 , -0.97874476</corner1><corner2>0.03501408, 0.6622289 , 0.97874476</corner2></bounds><pose><translation> 2.02207051,  0.16042248, -0.69048747</translation><rotation><c1>1., 0., 0.</c1><c2>0., 1., 0.</c2><c3>0., 0., 1.</c3></rotation></pose><symmetry><x>none</x><y>twoFold</y><z>none</z></symmetry><detectionScore>0.9989237</detectionScore></element><element><id>3</id><category>window</category><bounds><corner1>-0.96694322, -0.66870197, -0.07096733</corner1><corner2>0.96694322, 0.66870197, 0.07096733</corner2></bounds><pose><translation>-1.08667633,  0.17997056, -2.16702569</translation><rotation><c1>1., 0., 0.</c1><c2>0., 1., 0.</c2><c3>0., 0., 1.</c3></rotation></pose><symmetry><x>none</x><y>twoFold</y><z>none</z></symmetry><detectionScore>0.5168552</detectionScore></element></elements></scene>