<?xml version='1.0' encoding='utf-8'?>
<scene xmlns:sumo="https://www.sumochallenge.org"><version>2.0</version><categories><id>fb_categories_v1.0</id><url>https://sumochallenge.org/en/categories-1_0.json</url></categories><project_type>bounding_box</project_type><elements><element><id>6</id><category>picture_frame</category><bounds><corner1>-0.43450339, -0.48553832, -0.07378645</corner1><corner2>0.43450339, 0.48553832, 0.07378645</corner2></bounds><pose><translation>-1.34074608,  0.07843143,  4.2241224 </translation><rotation><c1>1., 0., 0.</c1><c2>0., 1., 0.</c2><c3>0., 0., 1.</c3></rotation></pose><symmetry><x>none</x><y>none</y><z>none</z></symmetry><detectionScore>-1</detectionScore></element><element><id>7</id><category>television</category><bounds><corner1>-0.38572465, -0.27040618, -0.86002239</corner1><corner2>0.38572465, 0.27040618, 0.86002239</corner2></bounds><pose><translation> 0.71755328, -0.57264245,  1.25804258</translation><rotation><c1>1., 0., 0.</c1><c2>0., 1., 0.</c2><c3>0., 0., 1.</c3></rotation></pose><symmetry><x>none</x><y>none</y><z>none</z></symmetry><detectionScore>-1</detectionScore></element><element><id>5</id><category>fireplace</category><bounds><corner1>-0.33743326, -1.16425386, -0.31811791</corner1><corner2>0.33743326, 1.16425386, 0.31811791</corner2></bounds><pose><translation> 0.76281592,  0.02793492, -2.14906528</translation><rotation><c1>1., 0., 0.</c1><c2>0., 1., 0.</c2><c3>0., 0., 1.</c3></rotation></pose><symmetry><x>none</x><y>none</y><z>none</z></symmetry><detectionScore>-1</detectionScore></element><element><id>3</id><category>sofa</category><bounds><corner1>-0.17885922, -0.30944868, -2.15118869</corner1><corner2>0.17885922, 0.30944868, 2.15118869</corner2></bounds><pose><translation>-3.18193721, -1.06091684,  1.68387845</translation><rotation><c1>1., 0., 0.</c1><c2>0., 1., 0.</c2><c3>0., 0., 1.</c3></rotation></pose><symmetry><x>none</x><y>none</y><z>none</z></symmetry><detectionScore>-1</detectionScore></element><element><id>9</id><category>armchair</category><bounds><corner1>-0.44536234, -0.51343483, -0.26913297</corner1><corner2>0.44536234, 0.51343483, 0.26913297</corner2></bounds><pose><translation>-0.79821161, -0.73101838, -1.90506039</translation><rotation><c1>1., 0., 0.</c1><c2>0., 1., 0.</c2><c3>0., 0., 1.</c3></rotation></pose><symmetry><x>none</x><y>none</y><z>none</z></symmetry><detectionScore>-1</detectionScore></element><element><id>4</id><category>clock</category><bounds><corner1>-0.03469716, -0.25499667, -0.19403624</corner1><corner2>0.03469716, 0.25499667, 0.19403624</corner2></bounds><pose><translation>1.0763333 , 0.69844356, 1.28000516</translation><rotation><c1>1., 0., 0.</c1><c2>0., 1., 0.</c2><c3>0., 0., 1.</c3></rotation></pose><symmetry><x>none</x><y>none</y><z>none</z></symmetry><detectionScore>-1</detectionScore></element><element><id>2</id><category>wall</category><bounds><corner1>-2.54275031, -1.37307593, -3.63482704</corner1><corner2>2.54275031, 1.37307593, 3.63482704</corner2></bounds><pose><translation>-5.9880715 , -0.38376766,  0.05244075</translation><rotation><c1>1., 0., 0.</c1><c2>0., 1., 0.</c2><c3>0., 0., 1.</c3></rotation></pose><symmetry><x>none</x><y>none</y><z>none</z></symmetry><detectionScore>-1</detectionScore></element><element><id>1</id><category>plant</category><bounds><corner1>-0.20772523, -0.71546603, -0.72771112</corner1><corner2>0.20772523, 0.71546603, 0.72771112</corner2></bounds><pose><translation> 0.8971033 , -0.78266867,  3.50913634</translation><rotation><c1>1., 0., 0.</c1><c2>0., 1., 0.</c2><c3>0., 0., 1.</c3></rotation></pose><symmetry><x>none</x><y>none</y><z>none</z></symmetry><detectionScore>-1</detectionScore></element><element><id>8</id><category>picture_frame</category><bounds><corner1>-0.02655223, -0.53334616, -0.57195456</corner1><corner2>0.02655223, 0.53334616, 0.57195456</corner2></bounds><pose><translation>1.07663759, 0.08923663, 2.44903984</translation><rotation><c1>1., 0., 0.</c1><c2>0., 1., 0.</c2><c3>0., 0., 1.</c3></rotation></pose><symmetry><x>none</x><y>none</y><z>none</z></symmetry><detectionScore>-1</detectionScore></element></elements></scene>