<?xml version='1.0' encoding='utf-8'?>
<scene xmlns:sumo="https://www.sumochallenge.org"><version>2.0</version><categories><id>fb_categories_v1.0</id><url>https://sumochallenge.org/en/categories-1_0.json</url></categories><project_type>bounding_box</project_type><elements><element><id>5</id><category>chandelier</category><bounds><corner1>-0.99890669, -0.54876847, -0.53124471</corner1><corner2>0.99890669, 0.54876847, 0.53124471</corner2></bounds><pose><translation>1.12099696, 0.65128731, 0.12819913</translation><rotation><c1>1., 0., 0.</c1><c2>0., 1., 0.</c2><c3>0., 0., 1.</c3></rotation></pose><symmetry><x>none</x><y>cylindrical</y><z>none</z></symmetry><detectionScore>0.99189574</detectionScore></element><element><id>10</id><category>wall</category><bounds><corner1>-2.87160026, -1.13100538, -1.02116316</corner1><corner2>2.87160026, 1.13100538, 1.02116316</corner2></bounds><pose><translation>-5.16248181, -0.04533653, -0.14609494</translation><rotation><c1>1., 0., 0.</c1><c2>0., 1., 0.</c2><c3>0., 0., 1.</c3></rotation></pose><symmetry><x>none</x><y>twoFold</y><z>none</z></symmetry><detectionScore>0.7789842</detectionScore></element><element><id>11</id><category>sofa</category><bounds><corner1>-3.26761532, -0.18559105, -6.36641193</corner1><corner2>3.26761532, 0.18559105, 6.36641193</corner2></bounds><pose><translation> 1.47261405, -0.33661671,  2.06492221</translation><rotation><c1>1., 0., 0.</c1><c2>0., 1., 0.</c2><c3>0., 0., 1.</c3></rotation></pose><symmetry><x>none</x><y>none</y><z>none</z></symmetry><detectionScore>0.54719704</detectionScore></element><element><id>4</id><category>dresser</category><bounds><corner1>-0.5479447 , -0.42543797, -0.53890482</corner1><corner2>0.5479447 , 0.42543797, 0.53890482</corner2></bounds><pose><translation>-0.39586639, -0.91923928,  1.48003285</translation><rotation><c1>1., 0., 0.</c1><c2>0., 1., 0.</c2><c3>0., 0., 1.</c3></rotation></pose><symmetry><x>none</x><y>none</y><z>none</z></symmetry><detectionScore>0.871531</detectionScore></element><element><id>6</id><category>wall</category><bounds><corner1>-1.64346538, -0.55038146, -1.27431181</corner1><corner2>1.64346538, 0.55038146, 1.27431181</corner2></bounds><pose><translation>-0.38033342,  0.0178498 ,  2.0129282 </translation><rotation><c1>1., 0., 0.</c1><c2>0., 1., 0.</c2><c3>0., 0., 1.</c3></rotation></pose><symmetry><x>none</x><y>twoFold</y><z>none</z></symmetry><detectionScore>0.5058209</detectionScore></element><element><id>3</id><category>fruit_bowl</category><bounds><corner1>-0.6279115 , -0.12180196, -0.43091881</corner1><corner2>0.6279115 , 0.12180196, 0.43091881</corner2></bounds><pose><translation> 1.49500438, -0.66375183,  0.5720944 </translation><rotation><c1>1., 0., 0.</c1><c2>0., 1., 0.</c2><c3>0., 0., 1.</c3></rotation></pose><symmetry><x>none</x><y>cylindrical</y><z>none</z></symmetry><detectionScore>0.9504755</detectionScore></element><element><id>12</id><category>chair</category><bounds><corner1>-0.33296259, -0.34902456, -0.21197033</corner1><corner2>0.33296259, 0.34902456, 0.21197033</corner2></bounds><pose><translation>-1.35399279, -0.78232116, -0.69368305</translation><rotation><c1>1., 0., 0.</c1><c2>0., 1., 0.</c2><c3>0., 0., 1.</c3></rotation></pose><symmetry><x>none</x><y>none</y><z>none</z></symmetry><detectionScore>0.56913924</detectionScore></element><element><id>2</id><category>chair</category><bounds><corner1>-0.38704957, -0.33770317, -0.28363958</corner1><corner2>0.38704957, 0.33770317, 0.28363958</corner2></bounds><pose><translation>-1.4080375 , -0.76483392, -0.14970541</translation><rotation><c1>1., 0., 0.</c1><c2>0., 1., 0.</c2><c3>0., 0., 1.</c3></rotation></pose><symmetry><x>none</x><y>none</y><z>none</z></symmetry><detectionScore>0.63736904</detectionScore></element><element><id>1</id><category>wall</category><bounds><corner1>-4.79988205, -0.7517156 , -9.18095122</corner1><corner2>4.79988205, 0.7517156 , 9.18095122</corner2></bounds><pose><translation> 0.38866589, -0.02201283,  2.05195414</translation><rotation><c1>1., 0., 0.</c1><c2>0., 1., 0.</c2><c3>0., 0., 1.</c3></rotation></pose><symmetry><x>none</x><y>twoFold</y><z>none</z></symmetry><detectionScore>0.54487973</detectionScore></element><element><id>13</id><category>wall</category><bounds><corner1>-0.040841  , -1.12883048, -1.47141963</corner1><corner2>0.040841  , 1.12883048, 1.47141963</corner2></bounds><pose><translation> 2.10106887, -0.12803265,  0.42276764</translation><rotation><c1>1., 0., 0.</c1><c2>0., 1., 0.</c2><c3>0., 0., 1.</c3></rotation></pose><symmetry><x>none</x><y>twoFold</y><z>none</z></symmetry><detectionScore>0.76261544</detectionScore></element><element><id>9</id><category>hanging_kitchen_cabinet</category><bounds><corner1>-0.59290338, -0.46694213, -0.3113797 </corner1><corner2>0.59290338, 0.46694213, 0.3113797 </corner2></bounds><pose><translation>-3.76113494,  0.72476701, -1.36552311</translation><rotation><c1>1., 0., 0.</c1><c2>0., 1., 0.</c2><c3>0., 0., 1.</c3></rotation></pose><symmetry><x>none</x><y>none</y><z>twoFold</z></symmetry><detectionScore>0.5447563</detectionScore></element><element><id>8</id><category>wall</category><bounds><corner1>-0.30816786, -1.09207231, -0.41055487</corner1><corner2>0.30816786, 1.09207231, 0.41055487</corner2></bounds><pose><translation>-3.18610898,  0.05020123,  1.22589632</translation><rotation><c1>1., 0., 0.</c1><c2>0., 1., 0.</c2><c3>0., 0., 1.</c3></rotation></pose><symmetry><x>none</x><y>twoFold</y><z>none</z></symmetry><detectionScore>0.7091408</detectionScore></element><element><id>7</id><category>window</category><bounds><corner1>-0.29581808, -0.23596033, -0.38868009</corner1><corner2>0.29581808, 0.23596033, 0.38868009</corner2></bounds><pose><translation>-2.01787552,  0.05041775, -1.70952183</translation><rotation><c1>1., 0., 0.</c1><c2>0., 1., 0.</c2><c3>0., 0., 1.</c3></rotation></pose><symmetry><x>none</x><y>twoFold</y><z>none</z></symmetry><detectionScore>0.6719401</detectionScore></element></elements></scene>