<?xml version='1.0' encoding='utf-8'?>
<scene xmlns:sumo="https://www.sumochallenge.org"><version>2.0</version><categories><id>fb_categories_v1.0</id><url>https://sumochallenge.org/en/categories-1_0.json</url></categories><project_type>bounding_box</project_type><elements><element><id>7</id><category>coffee_table</category><bounds><corner1>-0.23490672, -0.54534725, -0.40716753</corner1><corner2>0.23490672, 0.54534725, 0.40716753</corner2></bounds><pose><translation>-2.09900341, -1.42828201, -0.08986698</translation><rotation><c1>1., 0., 0.</c1><c2>0., 1., 0.</c2><c3>0., 0., 1.</c3></rotation></pose><symmetry><x>none</x><y>none</y><z>none</z></symmetry><detectionScore>-1</detectionScore></element><element><id>4</id><category>sofa</category><bounds><corner1>-0.83007678, -0.4321338 , -0.69430219</corner1><corner2>0.83007678, 0.4321338 , 0.69430219</corner2></bounds><pose><translation>-2.15705232, -1.06641245, -0.8491383 </translation><rotation><c1>1., 0., 0.</c1><c2>0., 1., 0.</c2><c3>0., 0., 1.</c3></rotation></pose><symmetry><x>none</x><y>none</y><z>none</z></symmetry><detectionScore>-1</detectionScore></element><element><id>3</id><category>kitchen_cabinet</category><bounds><corner1>-0.94104562, -0.24186595, -0.03282734</corner1><corner2>0.94104562, 0.24186595, 0.03282734</corner2></bounds><pose><translation> 1.92301098, -0.73755832, -0.84228152</translation><rotation><c1>1., 0., 0.</c1><c2>0., 1., 0.</c2><c3>0., 0., 1.</c3></rotation></pose><symmetry><x>none</x><y>none</y><z>none</z></symmetry><detectionScore>-1</detectionScore></element><element><id>9</id><category>window</category><bounds><corner1>-1.3619464 , -1.31633568, -0.78945463</corner1><corner2>1.3619464 , 1.31633568, 0.78945463</corner2></bounds><pose><translation>-3.36197909, -0.1479732 , -0.35330603</translation><rotation><c1>1., 0., 0.</c1><c2>0., 1., 0.</c2><c3>0., 0., 1.</c3></rotation></pose><symmetry><x>none</x><y>none</y><z>none</z></symmetry><detectionScore>-1</detectionScore></element><element><id>12</id><category>cutting_board</category><bounds><corner1>-0.38121941, -0.20171465, -0.22802344</corner1><corner2>0.38121941, 0.20171465, 0.22802344</corner2></bounds><pose><translation> 0.5424674 , -0.53762829, -1.04200312</translation><rotation><c1>1., 0., 0.</c1><c2>0., 1., 0.</c2><c3>0., 0., 1.</c3></rotation></pose><symmetry><x>none</x><y>none</y><z>none</z></symmetry><detectionScore>-1</detectionScore></element><element><id>11</id><category>kitchen_cabinet</category><bounds><corner1>-1.18853121, -0.87091144, -0.19858791</corner1><corner2>1.18853121, 0.87091144, 0.19858791</corner2></bounds><pose><translation> 3.57682710e+00,  3.24702006e-03, -1.02273784e+00</translation><rotation><c1>1., 0., 0.</c1><c2>0., 1., 0.</c2><c3>0., 0., 1.</c3></rotation></pose><symmetry><x>none</x><y>none</y><z>none</z></symmetry><detectionScore>-1</detectionScore></element><element><id>10</id><category>chandelier</category><bounds><corner1>-0.18903706, -0.02071485, -0.10165017</corner1><corner2>0.18903706, 0.02071485, 0.10165017</corner2></bounds><pose><translation> 2.21809214,  1.18867096, -0.55617888</translation><rotation><c1>1., 0., 0.</c1><c2>0., 1., 0.</c2><c3>0., 0., 1.</c3></rotation></pose><symmetry><x>none</x><y>none</y><z>none</z></symmetry><detectionScore>-1</detectionScore></element><element><id>6</id><category>chair</category><bounds><corner1>-0.72012346, -0.39962238, -1.02305599</corner1><corner2>0.72012346, 0.39962238, 1.02305599</corner2></bounds><pose><translation> 0.58632823, -0.94319731,  1.48396038</translation><rotation><c1>1., 0., 0.</c1><c2>0., 1., 0.</c2><c3>0., 0., 1.</c3></rotation></pose><symmetry><x>none</x><y>none</y><z>none</z></symmetry><detectionScore>-1</detectionScore></element><element><id>13</id><category>wall</category><bounds><corner1>-0.10594594, -1.11532751, -0.60660131</corner1><corner2>0.10594594, 1.11532751, 0.60660131</corner2></bounds><pose><translation> 5.26237276, -0.03665796,  0.04608713</translation><rotation><c1>1., 0., 0.</c1><c2>0., 1., 0.</c2><c3>0., 0., 1.</c3></rotation></pose><symmetry><x>none</x><y>none</y><z>none</z></symmetry><detectionScore>-1</detectionScore></element><element><id>2</id><category>chair</category><bounds><corner1>-0.32344619, -0.35016976, -0.9739476 </corner1><corner2>0.32344619, 0.35016976, 0.9739476 </corner2></bounds><pose><translation>-0.12110615, -0.87513372,  1.46996008</translation><rotation><c1>1., 0., 0.</c1><c2>0., 1., 0.</c2><c3>0., 0., 1.</c3></rotation></pose><symmetry><x>none</x><y>none</y><z>none</z></symmetry><detectionScore>-1</detectionScore></element><element><id>8</id><category>refrigerator</category><bounds><corner1>-0.30486349, -0.62127829, -0.01500791</corner1><corner2>0.30486349, 0.62127829, 0.01500791</corner2></bounds><pose><translation>-0.03786672, -0.09460692, -0.83000271</translation><rotation><c1>1., 0., 0.</c1><c2>0., 1., 0.</c2><c3>0., 0., 1.</c3></rotation></pose><symmetry><x>none</x><y>none</y><z>none</z></symmetry><detectionScore>-1</detectionScore></element><element><id>1</id><category>partition</category><bounds><corner1>-2.53900521, -1.20026676, -0.8560153 </corner1><corner2>2.53900521, 1.20026676, 0.8560153 </corner2></bounds><pose><translation>-3.36699636, -0.16234105,  0.72105282</translation><rotation><c1>1., 0., 0.</c1><c2>0., 1., 0.</c2><c3>0., 0., 1.</c3></rotation></pose><symmetry><x>none</x><y>none</y><z>none</z></symmetry><detectionScore>-1</detectionScore></element></elements></scene>