<?xml version='1.0' encoding='utf-8'?>
<scene xmlns:sumo="https://www.sumochallenge.org"><version>2.0</version><categories><id>fb_categories_v1_0</id><url>https://sumochallenge.org/en/categories-1_0.json</url></categories><project_type>bounding_box</project_type><elements><element><id>0</id><category>window</category><bounds><corner1>-1.3077085981025212, -0.18714481440887987, -1.0777814881075252</corner1><corner2>1.3077085981025212, 0.18714481440887987, 1.0777814881075252</corner2></bounds><pose><translation>-0.21201971900142824, 7.989049901084167, 0.1005057769216588</translation><rotation><c1>0, 0, 0</c1><c2>0, 0, 0</c2><c3>0, 0, 0</c3></rotation></pose><symmetry><x>twoFold</x><y>cylindrical</y><z>twoFold</z></symmetry><detectionScore>-1.0</detectionScore></element><element><id>1</id><category>kitchen_cabinet</category><bounds><corner1>-0.05776617002257467, -0.15111669005763506, -0.5587038559727346</corner1><corner2>0.05776617002257467, 0.15111669005763506, 0.5587038559727346</corner2></bounds><pose><translation>-3.2970198138779887, 5.1863701774571895, -0.820672490193783</translation><rotation><c1>0, 0, 0</c1><c2>0, 0, 0</c2><c3>0, 0, 0</c3></rotation></pose><symmetry><x>twoFold</x><y>cylindrical</y><z>twoFold</z></symmetry><detectionScore>-1.0</detectionScore></element><element><id>2</id><category>shelving</category><bounds><corner1>-3.0792044400888194, -3.1931770746633377, -1.134951481881739</corner1><corner2>3.0792044400888194, 3.1931770746633377, 1.134951481881739</corner2></bounds><pose><translation>-7.920903722483203, -7.0490633769704125, -0.16515016657037918</translation><rotation><c1>0, 0, 0</c1><c2>0, 0, 0</c2><c3>0, 0, 0</c3></rotation></pose><symmetry><x>twoFold</x><y>cylindrical</y><z>twoFold</z></symmetry><detectionScore>-1.0</detectionScore></element><element><id>3</id><category>ottoman</category><bounds><corner1>-0.09428623560872706, -1.289436931570843, -0.25923399491333465</corner1><corner2>0.09428623560872706, 1.289436931570843, 0.25923399491333465</corner2></bounds><pose><translation>-2.79572368923395, 0.49210600301989843, -1.4092565384180802</translation><rotation><c1>0, 0, 0</c1><c2>0, 0, 0</c2><c3>0, 0, 0</c3></rotation></pose><symmetry><x>twoFold</x><y>cylindrical</y><z>twoFold</z></symmetry><detectionScore>-1.0</detectionScore></element><element><id>4</id><category>wall</category><bounds><corner1>-9.248134393348307, -5.340573945756146, -1.2604656514776604</corner1><corner2>9.248134393348307, 5.340573945756146, 1.2604656514776604</corner2></bounds><pose><translation>-9.248134393348307, 0.0, 0.0</translation><rotation><c1>0, 0, 0</c1><c2>0, 0, 0</c2><c3>0, 0, 0</c3></rotation></pose><symmetry><x>twoFold</x><y>cylindrical</y><z>twoFold</z></symmetry><detectionScore>-1.0</detectionScore></element><element><id>5</id><category>floor_lamp</category><bounds><corner1>-2.820417451682364, -4.4660426968071665, -1.2191413478522235</corner1><corner2>2.820417451682364, 4.4660426968071665, 1.2191413478522235</corner2></bounds><pose><translation>-4.419519626741948, -7.1866096049596875, -0.6492477206453406</translation><rotation><c1>0, 0, 0</c1><c2>0, 0, 0</c2><c3>0, 0, 0</c3></rotation></pose><symmetry><x>twoFold</x><y>cylindrical</y><z>twoFold</z></symmetry><detectionScore>-1.0</detectionScore></element><element><id>6</id><category>picture_frame</category><bounds><corner1>-0.11017327028458657, -1.0115456920471408, -0.9561126891856451</corner1><corner2>0.11017327028458657, 1.0115456920471408, 0.9561126891856451</corner2></bounds><pose><translation>1.3350431877561189, -4.454550167188625, 0.1875803505934646</translation><rotation><c1>0, 0, 0</c1><c2>0, 0, 0</c2><c3>0, 0, 0</c3></rotation></pose><symmetry><x>twoFold</x><y>cylindrical</y><z>twoFold</z></symmetry><detectionScore>-1.0</detectionScore></element><element><id>7</id><category>wall</category><bounds><corner1>-3.2645126723123354, -0.5974612546951699, -1.1687687240526516</corner1><corner2>3.2645126723123354, 0.5974612546951699, 1.1687687240526516</corner2></bounds><pose><translation>4.768792822847205, 2.0373404994801048, -0.059624122536491395</translation><rotation><c1>0, 0, 0</c1><c2>0, 0, 0</c2><c3>0, 0, 0</c3></rotation></pose><symmetry><x>twoFold</x><y>cylindrical</y><z>twoFold</z></symmetry><detectionScore>-1.0</detectionScore></element><element><id>8</id><category>knife_rack</category><bounds><corner1>-0.5293758910320601, -0.8435986512564293, -0.307788962924566</corner1><corner2>0.5293758910320601, 0.8435986512564293, 0.307788962924566</corner2></bounds><pose><translation>-4.04138540332915, 7.200628240508935, -0.5934233288301015</translation><rotation><c1>0, 0, 0</c1><c2>0, 0, 0</c2><c3>0, 0, 0</c3></rotation></pose><symmetry><x>twoFold</x><y>cylindrical</y><z>twoFold</z></symmetry><detectionScore>-1.0</detectionScore></element><element><id>9</id><category>hanging_kitchen_cabinet</category><bounds><corner1>-0.21275397790460815, -2.749237306432194, -0.7090588343714735</corner1><corner2>0.21275397790460815, 2.749237306432194, 0.7090588343714735</corner2></bounds><pose><translation>-3.462849605939429, 5.2784615322626465, 0.35749313915226744</translation><rotation><c1>0, 0, 0</c1><c2>0, 0, 0</c2><c3>0, 0, 0</c3></rotation></pose><symmetry><x>twoFold</x><y>cylindrical</y><z>twoFold</z></symmetry><detectionScore>-1.0</detectionScore></element><element><id>10</id><category>kitchen_cabinet</category><bounds><corner1>-0.8170744415761328, -4.0546769710296156, -1.2157694862863793</corner1><corner2>0.8170744415761328, 4.0546769710296156, 1.2157694862863793</corner2></bounds><pose><translation>-5.560849383036512, 4.71823658709357, -0.06308981970139585</translation><rotation><c1>0, 0, 0</c1><c2>0, 0, 0</c2><c3>0, 0, 0</c3></rotation></pose><symmetry><x>twoFold</x><y>cylindrical</y><z>twoFold</z></symmetry><detectionScore>-1.0</detectionScore></element><element><id>11</id><category>wall</category><bounds><corner1>-4.425852201236437, -2.2978906483791004, -1.2800596994076314</corner1><corner2>4.425852201236437, 2.2978906483791004, 1.2800596994076314</corner2></bounds><pose><translation>-9.219108978359843, -3.987456264221315, -0.026966979789904102</translation><rotation><c1>0, 0, 0</c1><c2>0, 0, 0</c2><c3>0, 0, 0</c3></rotation></pose><symmetry><x>twoFold</x><y>cylindrical</y><z>twoFold</z></symmetry><detectionScore>-1.0</detectionScore></element><element><id>12</id><category>sofa</category><bounds><corner1>-0.7965800452553775, -5.3912476056101095, -1.1148035469222037</corner1><corner2>0.7965800452553775, 5.3912476056101095, 1.1148035469222037</corner2></bounds><pose><translation>-0.5696671098518573, -5.3912476056101095, -1.1148035469222037</translation><rotation><c1>0, 0, 0</c1><c2>0, 0, 0</c2><c3>0, 0, 0</c3></rotation></pose><symmetry><x>twoFold</x><y>cylindrical</y><z>twoFold</z></symmetry><detectionScore>-1.0</detectionScore></element><element><id>13</id><category>water_dispenser</category><bounds><corner1>-0.09269755142963954, -2.4954786027452514, -0.6081302792304107</corner1><corner2>0.09269755142963954, 2.4954786027452514, 0.6081302792304107</corner2></bounds><pose><translation>-3.329764675502772, 5.486039674415572, -0.6028047196978294</translation><rotation><c1>0, 0, 0</c1><c2>0, 0, 0</c2><c3>0, 0, 0</c3></rotation></pose><symmetry><x>twoFold</x><y>cylindrical</y><z>twoFold</z></symmetry><detectionScore>-1.0</detectionScore></element><element><id>14</id><category>chandelier</category><bounds><corner1>-0.7697392241284335, -1.9319473265571236, -0.05692501673806283</corner1><corner2>0.7697392241284335, 1.9319473265571236, 0.05692501673806283</corner2></bounds><pose><translation>3.8994250204252285, 6.084874895928246, 1.2575627323355556</translation><rotation><c1>0, 0, 0</c1><c2>0, 0, 0</c2><c3>0, 0, 0</c3></rotation></pose><symmetry><x>twoFold</x><y>cylindrical</y><z>twoFold</z></symmetry><detectionScore>-1.0</detectionScore></element><element><id>15</id><category>curtain</category><bounds><corner1>-0.9141378694495597, -4.130433557989121, -0.968269777956429</corner1><corner2>0.9141378694495597, 4.130433557989121, 0.968269777956429</corner2></bounds><pose><translation>-5.824346919621706, 4.752288092047256, 0.2865753359010633</translation><rotation><c1>0, 0, 0</c1><c2>0, 0, 0</c2><c3>0, 0, 0</c3></rotation></pose><symmetry><x>twoFold</x><y>cylindrical</y><z>twoFold</z></symmetry><detectionScore>-1.0</detectionScore></element><element><id>16</id><category>arch</category><bounds><corner1>-12.17186219191263, -2.223606609895544, -1.3664056388707322</corner1><corner2>12.17186219191263, 2.223606609895544, 1.3664056388707322</corner2></bounds><pose><translation>7.774189348670991, 0.24271765268507484, -0.07988549599302966</translation><rotation><c1>0, 0, 0</c1><c2>0, 0, 0</c2><c3>0, 0, 0</c3></rotation></pose><symmetry><x>twoFold</x><y>cylindrical</y><z>twoFold</z></symmetry><detectionScore>-1.0</detectionScore></element><element><id>17</id><category>window</category><bounds><corner1>-4.456866586361461, -3.3154977521837194, -0.9203243613262811</corner1><corner2>4.456866586361461, 3.3154977521837194, 0.9203243613262811</corner2></bounds><pose><translation>-9.223209792930547, -6.21432327417191, 0.2441398706236481</translation><rotation><c1>0, 0, 0</c1><c2>0, 0, 0</c2><c3>0, 0, 0</c3></rotation></pose><symmetry><x>twoFold</x><y>cylindrical</y><z>twoFold</z></symmetry><detectionScore>-1.0</detectionScore></element><element><id>18</id><category>microwave</category><bounds><corner1>-0.5421840429102187, -0.8415077594672038, -0.3081652573751005</corner1><corner2>0.5421840429102187, 0.8415077594672038, 0.3081652573751005</corner2></bounds><pose><translation>-4.05438610450561, 7.199470912996922, -0.5935405752543554</translation><rotation><c1>0, 0, 0</c1><c2>0, 0, 0</c2><c3>0, 0, 0</c3></rotation></pose><symmetry><x>twoFold</x><y>cylindrical</y><z>twoFold</z></symmetry><detectionScore>-1.0</detectionScore></element><element><id>19</id><category>window</category><bounds><corner1>-5.827311110987564, -7.384264154351255, -1.1500007768077918</corner1><corner2>5.827311110987564, 7.384264154351255, 1.1500007768077918</corner2></bounds><pose><translation>-5.827311110987564, -7.384264154351255, 0.05095507723005686</translation><rotation><c1>0, 0, 0</c1><c2>0, 0, 0</c2><c3>0, 0, 0</c3></rotation></pose><symmetry><x>twoFold</x><y>cylindrical</y><z>twoFold</z></symmetry><detectionScore>-1.0</detectionScore></element><element><id>20</id><category>wall</category><bounds><corner1>-14.744556346021561, -2.244419362956088, -1.2790216673964994</corner1><corner2>14.744556346021561, 2.244419362956088, 1.2790216673964994</corner2></bounds><pose><translation>4.790058817756809, 0.8041313431398154, 0.023366800755279513</translation><rotation><c1>0, 0, 0</c1><c2>0, 0, 0</c2><c3>0, 0, 0</c3></rotation></pose><symmetry><x>twoFold</x><y>cylindrical</y><z>twoFold</z></symmetry><detectionScore>-1.0</detectionScore></element><element><id>21</id><category>chair</category><bounds><corner1>-1.4804754868979941, -2.808569679573464, -0.621269658617983</corner1><corner2>1.4804754868979941, 2.808569679573464, 0.621269658617983</corner2></bounds><pose><translation>3.1605907274420284, 3.967316677830555, -1.1282580717527066</translation><rotation><c1>0, 0, 0</c1><c2>0, 0, 0</c2><c3>0, 0, 0</c3></rotation></pose><symmetry><x>twoFold</x><y>cylindrical</y><z>twoFold</z></symmetry><detectionScore>-1.0</detectionScore></element><element><id>22</id><category>wall</category><bounds><corner1>-6.412545808956185, -4.113048666329763, -1.1676071253385998</corner1><corner2>6.412545808956185, 4.113048666329763, 1.1676071253385998</corner2></bounds><pose><translation>-9.165449001756889, 4.2565243945720335, 0.01919619027429674</translation><rotation><c1>0, 0, 0</c1><c2>0, 0, 0</c2><c3>0, 0, 0</c3></rotation></pose><symmetry><x>twoFold</x><y>cylindrical</y><z>twoFold</z></symmetry><detectionScore>-1.0</detectionScore></element><element><id>23</id><category>floor_lamp</category><bounds><corner1>-4.7355594832057335, -2.409239676534146, -0.8036565959214185</corner1><corner2>4.7355594832057335, 2.409239676534146, 0.8036565959214185</corner2></bounds><pose><translation>-8.6857161541479, -4.713131458293919, -0.5071942775850102</translation><rotation><c1>0, 0, 0</c1><c2>0, 0, 0</c2><c3>0, 0, 0</c3></rotation></pose><symmetry><x>twoFold</x><y>cylindrical</y><z>twoFold</z></symmetry><detectionScore>-1.0</detectionScore></element><element><id>24</id><category>wall</category><bounds><corner1>-3.2166169271061813, -0.7283239548021019, -1.4716797349838777</corner1><corner2>3.2166169271061813, 0.7283239548021019, 1.4716797349838777</corner2></bounds><pose><translation>4.736861885834999, -1.7375996797686266, -0.14356841975675852</translation><rotation><c1>0, 0, 0</c1><c2>0, 0, 0</c2><c3>0, 0, 0</c3></rotation></pose><symmetry><x>twoFold</x><y>cylindrical</y><z>twoFold</z></symmetry><detectionScore>-1.0</detectionScore></element><element><id>25</id><category>kitchen_cabinet</category><bounds><corner1>-0.36388197626554053, -0.8746851942767222, -1.4230717366191576</corner1><corner2>0.36388197626554053, 0.8746851942767222, 1.4230717366191576</corner2></bounds><pose><translation>-3.5956549396348665, 7.170993098930669, -0.16014609818211029</translation><rotation><c1>0, 0, 0</c1><c2>0, 0, 0</c2><c3>0, 0, 0</c3></rotation></pose><symmetry><x>twoFold</x><y>cylindrical</y><z>twoFold</z></symmetry><detectionScore>-1.0</detectionScore></element><element><id>26</id><category>wall</category><bounds><corner1>-2.305240729363836, -0.576131722685167, -1.6487959864917545</corner1><corner2>2.305240729363836, 0.576131722685167, 1.6487959864917545</corner2></bounds><pose><translation>1.3995485656034035, -2.688086144886963, -0.19044379705787048</translation><rotation><c1>0, 0, 0</c1><c2>0, 0, 0</c2><c3>0, 0, 0</c3></rotation></pose><symmetry><x>twoFold</x><y>cylindrical</y><z>twoFold</z></symmetry><detectionScore>-1.0</detectionScore></element><element><id>27</id><category>coffee_table</category><bounds><corner1>-1.5036162768523007, -2.0632426387878446, -0.4928977675752195</corner1><corner2>1.5036162768523007, 2.0632426387878446, 0.4928977675752195</corner2></bounds><pose><translation>3.020193429100653, 5.572466969069944, -1.2023764658413085</translation><rotation><c1>0, 0, 0</c1><c2>0, 0, 0</c2><c3>0, 0, 0</c3></rotation></pose><symmetry><x>twoFold</x><y>cylindrical</y><z>twoFold</z></symmetry><detectionScore>-1.0</detectionScore></element><element><id>28</id><category>fireplace</category><bounds><corner1>-1.827509826703994, -4.287101080507609, -1.3378546633706214</corner1><corner2>1.827509826703994, 4.287101080507609, 1.3378546633706214</corner2></bounds><pose><translation>-3.0278297481001655, -7.313552690017424, -0.3512228541354918</translation><rotation><c1>0, 0, 0</c1><c2>0, 0, 0</c2><c3>0, 0, 0</c3></rotation></pose><symmetry><x>twoFold</x><y>cylindrical</y><z>twoFold</z></symmetry><detectionScore>-1.0</detectionScore></element><element><id>29</id><category>coffee_table</category><bounds><corner1>-1.0082957410429587, -2.7190432681562777, -0.3879956474308708</corner1><corner2>1.0082957410429587, 2.7190432681562777, 0.3879956474308708</corner2></bounds><pose><translation>-0.3887903516619082, 5.238959662059767, -1.3173668600238337</translation><rotation><c1>0, 0, 0</c1><c2>0, 0, 0</c2><c3>0, 0, 0</c3></rotation></pose><symmetry><x>twoFold</x><y>cylindrical</y><z>twoFold</z></symmetry><detectionScore>-1.0</detectionScore></element><element><id>30</id><category>kitchen_cabinet</category><bounds><corner1>-0.5245373504934707, -0.8657153073737698, -0.3327410704225027</corner1><corner2>0.5245373504934707, 0.8657153073737698, 0.3327410704225027</corner2></bounds><pose><translation>-4.0367832218548045, 7.172421213110277, -0.6193698166626304</translation><rotation><c1>0, 0, 0</c1><c2>0, 0, 0</c2><c3>0, 0, 0</c3></rotation></pose><symmetry><x>twoFold</x><y>cylindrical</y><z>twoFold</z></symmetry><detectionScore>-1.0</detectionScore></element><element><id>31</id><category>door</category><bounds><corner1>-2.2772248236949046, -0.22222288385142797, -1.566591980681288</corner1><corner2>2.2772248236949046, 0.22222288385142797, 1.566591980681288</corner2></bounds><pose><translation>1.4946507332633427, -2.4693683060173317, -0.5339255142245408</translation><rotation><c1>0, 0, 0</c1><c2>0, 0, 0</c2><c3>0, 0, 0</c3></rotation></pose><symmetry><x>twoFold</x><y>cylindrical</y><z>twoFold</z></symmetry><detectionScore>-1.0</detectionScore></element><element><id>32</id><category>wall</category><bounds><corner1>-3.3216374087989253, -3.348557630574258, -1.3262504048758201</corner1><corner2>3.3216374087989253, 3.348557630574258, 1.3262504048758201</corner2></bounds><pose><translation>-7.857798061834201, -7.080570620404593, -0.08095296298442806</translation><rotation><c1>0, 0, 0</c1><c2>0, 0, 0</c2><c3>0, 0, 0</c3></rotation></pose><symmetry><x>twoFold</x><y>cylindrical</y><z>twoFold</z></symmetry><detectionScore>-1.0</detectionScore></element><element><id>33</id><category>mirror</category><bounds><corner1>-0.789971741369238, -0.529626712910279, -1.5631089498789166</corner1><corner2>0.789971741369238, 0.529626712910279, 1.5631089498789166</corner2></bounds><pose><translation>3.1239079253987008, -2.1318387922570476, -0.30368488205918454</translation><rotation><c1>0, 0, 0</c1><c2>0, 0, 0</c2><c3>0, 0, 0</c3></rotation></pose><symmetry><x>twoFold</x><y>cylindrical</y><z>twoFold</z></symmetry><detectionScore>-1.0</detectionScore></element><element><id>34</id><category>wall</category><bounds><corner1>-4.28500448884517, -0.19197261845199076, -1.2970657882342875</corner1><corner2>4.28500448884517, 0.19197261845199076, 1.2970657882342875</corner2></bounds><pose><translation>0.22982135061807932, 7.939722774450423, -0.023365222977052402</translation><rotation><c1>0, 0, 0</c1><c2>0, 0, 0</c2><c3>0, 0, 0</c3></rotation></pose><symmetry><x>twoFold</x><y>cylindrical</y><z>twoFold</z></symmetry><detectionScore>-1.0</detectionScore></element><element><id>35</id><category>armchair</category><bounds><corner1>-0.7521386959697516, -0.5928508989624648, -0.6341011514822091</corner1><corner2>0.7521386959697516, 0.5928508989624648, 0.6341011514822091</corner2></bounds><pose><translation>-0.7153406802158693, -4.653818674986795, -1.3284218858206696</translation><rotation><c1>0, 0, 0</c1><c2>0, 0, 0</c2><c3>0, 0, 0</c3></rotation></pose><symmetry><x>twoFold</x><y>cylindrical</y><z>twoFold</z></symmetry><detectionScore>-1.0</detectionScore></element><element><id>36</id><category>sofa</category><bounds><corner1>-1.3695964021728906, -0.9370261536825986, -0.6189222770478043</corner1><corner2>1.3695964021728906, 0.9370261536825986, 0.6189222770478043</corner2></bounds><pose><translation>-0.6840719246793836, 7.17127924568185, -1.0042594864839554</translation><rotation><c1>0, 0, 0</c1><c2>0, 0, 0</c2><c3>0, 0, 0</c3></rotation></pose><symmetry><x>twoFold</x><y>cylindrical</y><z>twoFold</z></symmetry><detectionScore>-1.0</detectionScore></element><element><id>37</id><category>door</category><bounds><corner1>-12.614342308686705, -2.051966962308787, -1.3631734688579595</corner1><corner2>12.614342308686705, 2.051966962308787, 1.3631734688579595</corner2></bounds><pose><translation>7.8915178243216735, 0.43959103061744864, -0.07039658462049907</translation><rotation><c1>0, 0, 0</c1><c2>0, 0, 0</c2><c3>0, 0, 0</c3></rotation></pose><symmetry><x>twoFold</x><y>cylindrical</y><z>twoFold</z></symmetry><detectionScore>-1.0</detectionScore></element><element><id>38</id><category>sofa</category><bounds><corner1>-0.4563750492329661, -2.510169823777563, -0.4367976455470097</corner1><corner2>0.4563750492329661, 2.510169823777563, 0.4367976455470097</corner2></bounds><pose><translation>-3.0236432987417805, 0.5962476606861147, -1.5363978414978483</translation><rotation><c1>0, 0, 0</c1><c2>0, 0, 0</c2><c3>0, 0, 0</c3></rotation></pose><symmetry><x>twoFold</x><y>cylindrical</y><z>twoFold</z></symmetry><detectionScore>-1.0</detectionScore></element><element><id>39</id><category>ceiling_fan</category><bounds><corner1>-0.7850864815999423, -2.026276628115599, -0.05468413353902912</corner1><corner2>0.7850864815999423, 2.026276628115599, 0.05468413353902912</corner2></bounds><pose><translation>3.8898899696172706, 5.98415869004793, 1.2603810568793359</translation><rotation><c1>0, 0, 0</c1><c2>0, 0, 0</c2><c3>0, 0, 0</c3></rotation></pose><symmetry><x>twoFold</x><y>cylindrical</y><z>twoFold</z></symmetry><detectionScore>-1.0</detectionScore></element><element><id>40</id><category>door</category><bounds><corner1>-0.7180546340879737, -4.093244219763191, -1.1160770436875465</corner1><corner2>0.7180546340879737, 4.093244219763191, 1.1160770436875465</corner2></bounds><pose><translation>-5.587050158167591, 4.7225990604820645, -0.09070730743128094</translation><rotation><c1>0, 0, 0</c1><c2>0, 0, 0</c2><c3>0, 0, 0</c3></rotation></pose><symmetry><x>twoFold</x><y>cylindrical</y><z>twoFold</z></symmetry><detectionScore>-1.0</detectionScore></element><element><id>41</id><category>window</category><bounds><corner1>-1.2784581770846857, -7.505683490026206, -1.1107416942268897</corner1><corner2>1.2784581770846857, 7.505683490026206, 1.1107416942268897</corner2></bounds><pose><translation>-0.03702520695732045, -7.505683490026206, 0.0</translation><rotation><c1>0, 0, 0</c1><c2>0, 0, 0</c2><c3>0, 0, 0</c3></rotation></pose><symmetry><x>twoFold</x><y>cylindrical</y><z>twoFold</z></symmetry><detectionScore>-1.0</detectionScore></element><element><id>42</id><category>armchair</category><bounds><corner1>-0.8909280740710308, -0.17630433311186744, -0.26393053504995323</corner1><corner2>0.8909280740710308, 0.17630433311186744, 0.26393053504995323</corner2></bounds><pose><translation>-3.876688600291205, -2.4536285103573494, -0.817273759621024</translation><rotation><c1>0, 0, 0</c1><c2>0, 0, 0</c2><c3>0, 0, 0</c3></rotation></pose><symmetry><x>twoFold</x><y>cylindrical</y><z>twoFold</z></symmetry><detectionScore>-1.0</detectionScore></element><element><id>43</id><category>kitchen_cabinet</category><bounds><corner1>-0.09360268484598411, -2.489683024860857, -0.5890295352486755</corner1><corner2>0.09360268484598411, 2.489683024860857, 0.5890295352486755</corner2></bounds><pose><translation>-3.33019772633849, 5.487116506200054, -0.6051362817787457</translation><rotation><c1>0, 0, 0</c1><c2>0, 0, 0</c2><c3>0, 0, 0</c3></rotation></pose><symmetry><x>twoFold</x><y>cylindrical</y><z>twoFold</z></symmetry><detectionScore>-1.0</detectionScore></element><element><id>44</id><category>computer</category><bounds><corner1>-4.8689068699278355, -2.147364218899823, -0.6720534094773505</corner1><corner2>4.8689068699278355, 2.147364218899823, 0.6720534094773505</corner2></bounds><pose><translation>-8.8145494150214, -4.700237365972387, -0.6630166259205669</translation><rotation><c1>0, 0, 0</c1><c2>0, 0, 0</c2><c3>0, 0, 0</c3></rotation></pose><symmetry><x>twoFold</x><y>cylindrical</y><z>twoFold</z></symmetry><detectionScore>-1.0</detectionScore></element><element><id>45</id><category>wall</category><bounds><corner1>-2.5121493418613543, -1.6162441730952661, -1.206459864734905</corner1><corner2>2.5121493418613543, 1.6162441730952661, 1.206459864734905</corner2></bounds><pose><translation>1.3797954720978474, -4.142658969024393, 0.010147601674618477</translation><rotation><c1>0, 0, 0</c1><c2>0, 0, 0</c2><c3>0, 0, 0</c3></rotation></pose><symmetry><x>twoFold</x><y>cylindrical</y><z>twoFold</z></symmetry><detectionScore>-1.0</detectionScore></element><element><id>46</id><category>kitchen_cabinet</category><bounds><corner1>-0.2476973135021785, -3.0808975668424257, -1.4393693399480432</corner1><corner2>0.2476973135021785, 3.0808975668424257, 1.4393693399480432</corner2></bounds><pose><translation>-3.4883170529263894, 4.831106853632266, -0.18141178914938108</translation><rotation><c1>0, 0, 0</c1><c2>0, 0, 0</c2><c3>0, 0, 0</c3></rotation></pose><symmetry><x>twoFold</x><y>cylindrical</y><z>twoFold</z></symmetry><detectionScore>-1.0</detectionScore></element><element><id>47</id><category>wall</category><bounds><corner1>-3.725999096714972, -2.786081398503401, -1.293356105143496</corner1><corner2>3.725999096714972, 2.786081398503401, 1.293356105143496</corner2></bounds><pose><translation>-2.4696193800880906, -7.389447225443458, -0.036234339957916306</translation><rotation><c1>0, 0, 0</c1><c2>0, 0, 0</c2><c3>0, 0, 0</c3></rotation></pose><symmetry><x>twoFold</x><y>cylindrical</y><z>twoFold</z></symmetry><detectionScore>-1.0</detectionScore></element><element><id>48</id><category>wall</category><bounds><corner1>-1.9866024583872313, -0.5439735777697745, -1.271139675807135</corner1><corner2>1.9866024583872313, 0.5439735777697745, 1.271139675807135</corner2></bounds><pose><translation>-3.2918834118364226, 7.545843184466717, 0.00783550159182932</translation><rotation><c1>0, 0, 0</c1><c2>0, 0, 0</c2><c3>0, 0, 0</c3></rotation></pose><symmetry><x>twoFold</x><y>cylindrical</y><z>twoFold</z></symmetry><detectionScore>-1.0</detectionScore></element><element><id>49</id><category>window</category><bounds><corner1>-1.2230768799500735, -0.6185890813931876, -1.4632033038095902</corner1><corner2>1.2230768799500735, 0.6185890813931876, 1.4632033038095902</corner2></bounds><pose><translation>3.115044547786873, -2.123716323084727, -0.6111135790644666</translation><rotation><c1>0, 0, 0</c1><c2>0, 0, 0</c2><c3>0, 0, 0</c3></rotation></pose><symmetry><x>twoFold</x><y>cylindrical</y><z>twoFold</z></symmetry><detectionScore>-1.0</detectionScore></element><element><id>50</id><category>window</category><bounds><corner1>-0.9023558805518466, -4.161148240596944, -0.9494249224113036</corner1><corner2>0.9023558805518466, 4.161148240596944, 0.9494249224113036</corner2></bounds><pose><translation>-5.838580461788519, 4.754452438248583, 0.30171065936058716</translation><rotation><c1>0, 0, 0</c1><c2>0, 0, 0</c2><c3>0, 0, 0</c3></rotation></pose><symmetry><x>twoFold</x><y>cylindrical</y><z>twoFold</z></symmetry><detectionScore>-1.0</detectionScore></element><element><id>51</id><category>door</category><bounds><corner1>-9.304121989435103, -2.0699105737646364, -1.2229648498213075</corner1><corner2>9.304121989435103, 2.0699105737646364, 1.2229648498213075</corner2></bounds><pose><translation>-9.304121989435103, 0.0, 0.0</translation><rotation><c1>0, 0, 0</c1><c2>0, 0, 0</c2><c3>0, 0, 0</c3></rotation></pose><symmetry><x>twoFold</x><y>cylindrical</y><z>twoFold</z></symmetry><detectionScore>-1.0</detectionScore></element><element><id>52</id><category>rug</category><bounds><corner1>-0.3741811654571561, -0.7605943117357348, -0.25420993158976946</corner1><corner2>0.3741811654571561, 0.7605943117357348, 0.25420993158976946</corner2></bounds><pose><translation>-2.5254261712234056, 0.3407142016845903, -1.7052734949139976</translation><rotation><c1>0, 0, 0</c1><c2>0, 0, 0</c2><c3>0, 0, 0</c3></rotation></pose><symmetry><x>twoFold</x><y>cylindrical</y><z>twoFold</z></symmetry><detectionScore>-1.0</detectionScore></element><element><id>53</id><category>armchair</category><bounds><corner1>-1.463372143190067, -3.0315254072468507, -0.6446896279800666</corner1><corner2>1.463372143190067, 3.0315254072468507, 0.6446896279800666</corner2></bounds><pose><translation>3.194563203108985, 4.030190979638789, -1.114409853230048</translation><rotation><c1>0, 0, 0</c1><c2>0, 0, 0</c2><c3>0, 0, 0</c3></rotation></pose><symmetry><x>twoFold</x><y>cylindrical</y><z>twoFold</z></symmetry><detectionScore>-1.0</detectionScore></element></elements></scene>