<?xml version='1.0' encoding='utf-8'?>
<scene xmlns:sumo="https://www.sumochallenge.org"><version>2.0</version><categories><id>fb_categories_v1_0</id><url>https://sumochallenge.org/en/categories-1_0.json</url></categories><project_type>bounding_box</project_type><elements><element><id>0</id><category>armchair</category><bounds><corner1>-0.36811939270031346, -1.039440437861457, -0.2953194357903982</corner1><corner2>0.36811939270031346, 1.039440437861457, 0.2953194357903982</corner2></bounds><pose><translation>-0.5942052929813686, -2.6560789626351706, -0.9921887214426087</translation><rotation><c1>0, 0, 0</c1><c2>0, 0, 0</c2><c3>0, 0, 0</c3></rotation></pose><symmetry><x>twoFold</x><y>cylindrical</y><z>twoFold</z></symmetry><detectionScore>-1.0</detectionScore></element><element><id>1</id><category>window</category><bounds><corner1>-0.10493632556068189, -0.4463750287509771, -0.8375003832347457</corner1><corner2>0.10493632556068189, 0.4463750287509771, 0.8375003832347457</corner2></bounds><pose><translation>-2.5729708055444425, 0.32687791134392075, 0.19155814745924812</translation><rotation><c1>0, 0, 0</c1><c2>0, 0, 0</c2><c3>0, 0, 0</c3></rotation></pose><symmetry><x>twoFold</x><y>cylindrical</y><z>twoFold</z></symmetry><detectionScore>-1.0</detectionScore></element><element><id>2</id><category>ottoman</category><bounds><corner1>-2.0057356260958654, -1.2460141940662375, -0.05065592002680652</corner1><corner2>2.0057356260958654, 1.2460141940662375, 0.05065592002680652</corner2></bounds><pose><translation>1.9048174375206641, 1.1441643038464107, -0.9055681788146901</translation><rotation><c1>0, 0, 0</c1><c2>0, 0, 0</c2><c3>0, 0, 0</c3></rotation></pose><symmetry><x>twoFold</x><y>cylindrical</y><z>twoFold</z></symmetry><detectionScore>-1.0</detectionScore></element><element><id>3</id><category>coffee_table</category><bounds><corner1>-1.8554577190258539, -1.352767515569877, -0.04086476994965538</corner1><corner2>1.8554577190258539, 1.352767515569877, 0.04086476994965538</corner2></bounds><pose><translation>2.1085615770864363, 1.2414652728870497, -0.8862791134960231</translation><rotation><c1>0, 0, 0</c1><c2>0, 0, 0</c2><c3>0, 0, 0</c3></rotation></pose><symmetry><x>twoFold</x><y>cylindrical</y><z>twoFold</z></symmetry><detectionScore>-1.0</detectionScore></element><element><id>4</id><category>door</category><bounds><corner1>-0.16355264805404435, -1.336326702151574, -1.1752283424318515</corner1><corner2>0.16355264805404435, 1.336326702151574, 1.1752283424318515</corner2></bounds><pose><translation>4.549110640296087, 1.6434538197540585, -0.0668952405367878</translation><rotation><c1>0, 0, 0</c1><c2>0, 0, 0</c2><c3>0, 0, 0</c3></rotation></pose><symmetry><x>twoFold</x><y>cylindrical</y><z>twoFold</z></symmetry><detectionScore>-1.0</detectionScore></element><element><id>5</id><category>sofa</category><bounds><corner1>-2.770765225153553, -2.7495112359387783, -0.6201104699138156</corner1><corner2>2.770765225153553, 2.7495112359387783, 0.6201104699138156</corner2></bounds><pose><translation>1.8223663573249778, 0.4504545425214425, -1.0055239718921885</translation><rotation><c1>0, 0, 0</c1><c2>0, 0, 0</c2><c3>0, 0, 0</c3></rotation></pose><symmetry><x>twoFold</x><y>cylindrical</y><z>twoFold</z></symmetry><detectionScore>-1.0</detectionScore></element><element><id>6</id><category>armchair</category><bounds><corner1>-0.4245745406203424, -0.22680276416059342, -0.3432860777544088</corner1><corner2>0.4245745406203424, 0.22680276416059342, 0.3432860777544088</corner2></bounds><pose><translation>-0.8234409596496284, -1.595097922837911, -1.1064359740713852</translation><rotation><c1>0, 0, 0</c1><c2>0, 0, 0</c2><c3>0, 0, 0</c3></rotation></pose><symmetry><x>twoFold</x><y>cylindrical</y><z>twoFold</z></symmetry><detectionScore>-1.0</detectionScore></element><element><id>7</id><category>wall</category><bounds><corner1>-0.21602225420584298, -0.20026554313400502, -1.517154545916485</corner1><corner2>0.21602225420584298, 0.20026554313400502, 1.517154545916485</corner2></bounds><pose><translation>-1.6260856993365636, -0.6241948445825245, 0.05709549955904647</translation><rotation><c1>0, 0, 0</c1><c2>0, 0, 0</c2><c3>0, 0, 0</c3></rotation></pose><symmetry><x>twoFold</x><y>cylindrical</y><z>twoFold</z></symmetry><detectionScore>-1.0</detectionScore></element><element><id>8</id><category>coffee_table</category><bounds><corner1>-1.9768424604893788, -1.225716651437876, -0.053011931970983195</corner1><corner2>1.9768424604893788, 1.225716651437876, 0.053011931970983195</corner2></bounds><pose><translation>1.9337106031271507, 1.1609790280723717, -0.9079927217611665</translation><rotation><c1>0, 0, 0</c1><c2>0, 0, 0</c2><c3>0, 0, 0</c3></rotation></pose><symmetry><x>twoFold</x><y>cylindrical</y><z>twoFold</z></symmetry><detectionScore>-1.0</detectionScore></element><element><id>9</id><category>picture_frame</category><bounds><corner1>-0.06692201794342201, -0.520010484573499, -0.8749792803531729</corner1><corner2>0.06692201794342201, 0.520010484573499, 0.8749792803531729</corner2></bounds><pose><translation>-1.233889577624589, -2.344155780239256, 0.21849100122524673</translation><rotation><c1>0, 0, 0</c1><c2>0, 0, 0</c2><c3>0, 0, 0</c3></rotation></pose><symmetry><x>twoFold</x><y>cylindrical</y><z>twoFold</z></symmetry><detectionScore>-1.0</detectionScore></element><element><id>10</id><category>sofa</category><bounds><corner1>-0.39206351540332607, -1.0238146542341058, -0.2930204179156456</corner1><corner2>0.39206351540332607, 1.0238146542341058, 0.2930204179156456</corner2></bounds><pose><translation>-0.5535053893582876, -2.7132612992667995, -0.9922343812569909</translation><rotation><c1>0, 0, 0</c1><c2>0, 0, 0</c2><c3>0, 0, 0</c3></rotation></pose><symmetry><x>twoFold</x><y>cylindrical</y><z>twoFold</z></symmetry><detectionScore>-1.0</detectionScore></element><element><id>11</id><category>wall</category><bounds><corner1>-1.5448118027540398, -0.2810890188783492, -1.298198041575077</corner1><corner2>1.5448118027540398, 0.2810890188783492, 1.298198041575077</corner2></bounds><pose><translation>2.036344840636314, -0.5543613737004325, 0.33124409511844755</translation><rotation><c1>0, 0, 0</c1><c2>0, 0, 0</c2><c3>0, 0, 0</c3></rotation></pose><symmetry><x>twoFold</x><y>cylindrical</y><z>twoFold</z></symmetry><detectionScore>-1.0</detectionScore></element><element><id>12</id><category>wall</category><bounds><corner1>-0.737163806300044, -4.1334840083622275, -1.1259278790410852</corner1><corner2>0.737163806300044, 4.1334840083622275, 1.1259278790410852</corner2></bounds><pose><translation>-1.2912796204878134, 2.54698183604516, 0.026840061457748428</translation><rotation><c1>0, 0, 0</c1><c2>0, 0, 0</c2><c3>0, 0, 0</c3></rotation></pose><symmetry><x>twoFold</x><y>cylindrical</y><z>twoFold</z></symmetry><detectionScore>-1.0</detectionScore></element><element><id>13</id><category>floor</category><bounds><corner1>-2.4462486077795114, -2.2376067923398715, -0.284747094812802</corner1><corner2>2.4462486077795114, 2.2376067923398715, 0.284747094812802</corner2></bounds><pose><translation>0.17343793770198263, 2.5839928844296907, -0.7892727031488469</translation><rotation><c1>0, 0, 0</c1><c2>0, 0, 0</c2><c3>0, 0, 0</c3></rotation></pose><symmetry><x>twoFold</x><y>cylindrical</y><z>twoFold</z></symmetry><detectionScore>-1.0</detectionScore></element><element><id>14</id><category>window</category><bounds><corner1>-0.15166546937007475, -1.3638962605322913, -1.0435378177010606</corner1><corner2>0.15166546937007475, 1.3638962605322913, 1.0435378177010606</corner2></bounds><pose><translation>4.562429894104916, 1.6078888055462213, 0.08691417983229072</translation><rotation><c1>0, 0, 0</c1><c2>0, 0, 0</c2><c3>0, 0, 0</c3></rotation></pose><symmetry><x>twoFold</x><y>cylindrical</y><z>twoFold</z></symmetry><detectionScore>-1.0</detectionScore></element><element><id>15</id><category>wall</category><bounds><corner1>-0.25645319325641713, -0.7711126128288656, -1.5607533962792797</corner1><corner2>0.25645319325641713, 0.7711126128288656, 1.5607533962792797</corner2></bounds><pose><translation>-2.49310253700156, 0.2907560724857733, 0.01729857139851356</translation><rotation><c1>0, 0, 0</c1><c2>0, 0, 0</c2><c3>0, 0, 0</c3></rotation></pose><symmetry><x>twoFold</x><y>cylindrical</y><z>twoFold</z></symmetry><detectionScore>-1.0</detectionScore></element><element><id>16</id><category>stand</category><bounds><corner1>-2.0057356260958654, -1.242531375663837, -0.05291599696486082</corner1><corner2>2.0057356260958654, 1.242531375663837, 0.05291599696486082</corner2></bounds><pose><translation>1.9048174375206641, 1.1441643038464107, -0.9078967867550441</translation><rotation><c1>0, 0, 0</c1><c2>0, 0, 0</c2><c3>0, 0, 0</c3></rotation></pose><symmetry><x>twoFold</x><y>cylindrical</y><z>twoFold</z></symmetry><detectionScore>-1.0</detectionScore></element><element><id>17</id><category>picture_frame</category><bounds><corner1>-1.5058962483916996, -0.18362833235560183, -0.7749748569503809</corner1><corner2>1.5058962483916996, 0.18362833235560183, 0.7749748569503809</corner2></bounds><pose><translation>2.6045227978221956, -0.5425289520456237, 0.7887768750642907</translation><rotation><c1>0, 0, 0</c1><c2>0, 0, 0</c2><c3>0, 0, 0</c3></rotation></pose><symmetry><x>twoFold</x><y>cylindrical</y><z>twoFold</z></symmetry><detectionScore>-1.0</detectionScore></element><element><id>18</id><category>wall</category><bounds><corner1>-1.7605020804979745, -2.9423381222474028, -1.4118635896493554</corner1><corner2>1.7605020804979745, 2.9423381222474028, 1.4118635896493554</corner2></bounds><pose><translation>-0.37315968434148933, 3.755934699908434, 0.07012889442983497</translation><rotation><c1>0, 0, 0</c1><c2>0, 0, 0</c2><c3>0, 0, 0</c3></rotation></pose><symmetry><x>twoFold</x><y>cylindrical</y><z>twoFold</z></symmetry><detectionScore>-1.0</detectionScore></element><element><id>19</id><category>stand</category><bounds><corner1>-2.2332653797936803, -1.0399029877815757, -0.03884143117471828</corner1><corner2>2.2332653797936803, 1.0399029877815757, 0.03884143117471828</corner2></bounds><pose><translation>2.3200052345813695, 0.9539885242958998, -0.8752450162842689</translation><rotation><c1>0, 0, 0</c1><c2>0, 0, 0</c2><c3>0, 0, 0</c3></rotation></pose><symmetry><x>twoFold</x><y>cylindrical</y><z>twoFold</z></symmetry><detectionScore>-1.0</detectionScore></element><element><id>20</id><category>coffee_table</category><bounds><corner1>-0.30654482760701973, -0.46608821755568886, -0.14745210092694694</corner1><corner2>0.30654482760701973, 0.46608821755568886, 0.14745210092694694</corner2></bounds><pose><translation>-0.6825815624889131, -2.00327962630234, -1.0729298356527521</translation><rotation><c1>0, 0, 0</c1><c2>0, 0, 0</c2><c3>0, 0, 0</c3></rotation></pose><symmetry><x>twoFold</x><y>cylindrical</y><z>twoFold</z></symmetry><detectionScore>-1.0</detectionScore></element><element><id>21</id><category>door</category><bounds><corner1>-0.07283362362253532, -0.17422918378156393, -1.2551314765215233</corner1><corner2>0.07283362362253532, 0.17422918378156393, 1.2551314765215233</corner2></bounds><pose><translation>-1.4787810467720786, -0.7022233948604142, -0.10178083876419741</translation><rotation><c1>0, 0, 0</c1><c2>0, 0, 0</c2><c3>0, 0, 0</c3></rotation></pose><symmetry><x>twoFold</x><y>cylindrical</y><z>twoFold</z></symmetry><detectionScore>-1.0</detectionScore></element><element><id>22</id><category>stand</category><bounds><corner1>-1.879282983271961, -1.3502112989286905, -0.04015874229391336</corner1><corner2>1.879282983271961, 1.3502112989286905, 0.04015874229391336</corner2></bounds><pose><translation>2.0869977891195663, 1.2315104353970758, -0.886273041214072</translation><rotation><c1>0, 0, 0</c1><c2>0, 0, 0</c2><c3>0, 0, 0</c3></rotation></pose><symmetry><x>twoFold</x><y>cylindrical</y><z>twoFold</z></symmetry><detectionScore>-1.0</detectionScore></element><element><id>23</id><category>chandelier</category><bounds><corner1>-0.44627128961135293, -0.177398354080484, -0.08939915837851209</corner1><corner2>0.44627128961135293, 0.177398354080484, 0.08939915837851209</corner2></bounds><pose><translation>0.30578149744156763, -1.9646235955705502, 1.553609014030072</translation><rotation><c1>0, 0, 0</c1><c2>0, 0, 0</c2><c3>0, 0, 0</c3></rotation></pose><symmetry><x>twoFold</x><y>cylindrical</y><z>twoFold</z></symmetry><detectionScore>-1.0</detectionScore></element><element><id>24</id><category>television</category><bounds><corner1>-0.608230953981344, -0.08470697675116368, -0.45594240855426876</corner1><corner2>0.608230953981344, 0.08470697675116368, 0.45594240855426876</corner2></bounds><pose><translation>2.652058325987513, 3.6215134753575793, -0.2577908423434403</translation><rotation><c1>0, 0, 0</c1><c2>0, 0, 0</c2><c3>0, 0, 0</c3></rotation></pose><symmetry><x>twoFold</x><y>cylindrical</y><z>twoFold</z></symmetry><detectionScore>-1.0</detectionScore></element><element><id>25</id><category>chair</category><bounds><corner1>-0.4156783322850391, -0.7252058749048325, -0.10637497369600946</corner1><corner2>0.4156783322850391, 0.7252058749048325, 0.10637497369600946</corner2></bounds><pose><translation>-0.04035613323438987, 1.5377627941819205, -0.7775461384672471</translation><rotation><c1>0, 0, 0</c1><c2>0, 0, 0</c2><c3>0, 0, 0</c3></rotation></pose><symmetry><x>twoFold</x><y>cylindrical</y><z>twoFold</z></symmetry><detectionScore>-1.0</detectionScore></element><element><id>26</id><category>ottoman</category><bounds><corner1>-1.8715985013629721, -1.3477912090835285, -0.039723455894232984</corner1><corner2>1.8715985013629721, 1.3477912090835285, 0.039723455894232984</corner2></bounds><pose><translation>2.0965078092132376, 1.236531826459789, -0.8856874781619</translation><rotation><c1>0, 0, 0</c1><c2>0, 0, 0</c2><c3>0, 0, 0</c3></rotation></pose><symmetry><x>twoFold</x><y>cylindrical</y><z>twoFold</z></symmetry><detectionScore>-1.0</detectionScore></element><element><id>27</id><category>door</category><bounds><corner1>-0.46739140422473796, -2.8527146384093633, -1.6902834915041298</corner1><corner2>0.46739140422473796, 2.8527146384093633, 1.6902834915041298</corner2></bounds><pose><translation>-0.2728819965954543, 3.909876571494059, -0.3889565834238023</translation><rotation><c1>0, 0, 0</c1><c2>0, 0, 0</c2><c3>0, 0, 0</c3></rotation></pose><symmetry><x>twoFold</x><y>cylindrical</y><z>twoFold</z></symmetry><detectionScore>-1.0</detectionScore></element><element><id>28</id><category>coffee_table</category><bounds><corner1>-2.2243983719573333, -1.1421648688761596, -0.03862820913336651</corner1><corner2>2.2243983719573333, 1.1421648688761596, 0.03862820913336651</corner2></bounds><pose><translation>2.3374991361574837, 0.9674720498547683, -0.8752116106217497</translation><rotation><c1>0, 0, 0</c1><c2>0, 0, 0</c2><c3>0, 0, 0</c3></rotation></pose><symmetry><x>twoFold</x><y>cylindrical</y><z>twoFold</z></symmetry><detectionScore>-1.0</detectionScore></element><element><id>29</id><category>curtain</category><bounds><corner1>-0.17257169728987964, -1.5023392483452602, -1.2401792142079182</corner1><corner2>0.17257169728987964, 1.5023392483452602, 1.2401792142079182</corner2></bounds><pose><translation>4.536706616487287, 1.686222966768588, 0.040925450397195244</translation><rotation><c1>0, 0, 0</c1><c2>0, 0, 0</c2><c3>0, 0, 0</c3></rotation></pose><symmetry><x>twoFold</x><y>cylindrical</y><z>twoFold</z></symmetry><detectionScore>-1.0</detectionScore></element><element><id>30</id><category>coffee_table</category><bounds><corner1>-1.8102380966196807, -1.9342286597209684, -0.1262490562977987</corner1><corner2>1.8102380966196807, 1.9342286597209684, 0.1262490562977987</corner2></bounds><pose><translation>2.0838355920269476, 1.2271890915975343, -0.9707518061246425</translation><rotation><c1>0, 0, 0</c1><c2>0, 0, 0</c2><c3>0, 0, 0</c3></rotation></pose><symmetry><x>twoFold</x><y>cylindrical</y><z>twoFold</z></symmetry><detectionScore>-1.0</detectionScore></element><element><id>31</id><category>wall</category><bounds><corner1>-1.400585976256242, -0.9150471638769533, -1.4283851567870935</corner1><corner2>1.400585976256242, 0.9150471638769533, 1.4283851567870935</corner2></bounds><pose><translation>0.2853043618357698, -3.5519470885978714, 0.05932195571922812</translation><rotation><c1>0, 0, 0</c1><c2>0, 0, 0</c2><c3>0, 0, 0</c3></rotation></pose><symmetry><x>twoFold</x><y>cylindrical</y><z>twoFold</z></symmetry><detectionScore>-1.0</detectionScore></element><element><id>32</id><category>wall</category><bounds><corner1>-0.18370507758892618, -2.02147109496086, -1.4050874522814765</corner1><corner2>0.18370507758892618, 2.02147109496086, 1.4050874522814765</corner2></bounds><pose><translation>4.5155919395965505, 1.3822405733786831, 0.0135465380216339</translation><rotation><c1>0, 0, 0</c1><c2>0, 0, 0</c2><c3>0, 0, 0</c3></rotation></pose><symmetry><x>twoFold</x><y>cylindrical</y><z>twoFold</z></symmetry><detectionScore>-1.0</detectionScore></element><element><id>33</id><category>curtain</category><bounds><corner1>-0.557542191321164, -0.07693690758462957, -1.0036044053522315</corner1><corner2>0.557542191321164, 0.07693690758462957, 1.0036044053522315</corner2></bounds><pose><translation>1.0585534459947803, -3.5478455569795315, 0.21228386131102173</translation><rotation><c1>0, 0, 0</c1><c2>0, 0, 0</c2><c3>0, 0, 0</c3></rotation></pose><symmetry><x>twoFold</x><y>cylindrical</y><z>twoFold</z></symmetry><detectionScore>-1.0</detectionScore></element><element><id>34</id><category>sofa</category><bounds><corner1>-0.41372105735689546, -0.20520671068794694, -0.3256039137623503</corner1><corner2>0.41372105735689546, 0.20520671068794694, 0.3256039137623503</corner2></bounds><pose><translation>-0.8309221153316697, -1.6016061083831958, -1.0927963642454819</translation><rotation><c1>0, 0, 0</c1><c2>0, 0, 0</c2><c3>0, 0, 0</c3></rotation></pose><symmetry><x>twoFold</x><y>cylindrical</y><z>twoFold</z></symmetry><detectionScore>-1.0</detectionScore></element><element><id>35</id><category>chandelier</category><bounds><corner1>-1.071564731046228, -1.020535094862857, -0.06229777941744796</corner1><corner2>1.071564731046228, 1.020535094862857, 0.06229777941744796</corner2></bounds><pose><translation>3.4507681526700584, 1.7568477129467979, 1.4604466464467682</translation><rotation><c1>0, 0, 0</c1><c2>0, 0, 0</c2><c3>0, 0, 0</c3></rotation></pose><symmetry><x>twoFold</x><y>cylindrical</y><z>twoFold</z></symmetry><detectionScore>-1.0</detectionScore></element><element><id>36</id><category>curtain</category><bounds><corner1>-0.5565046280267074, -0.07476011532410576, -0.9500955458890576</corner1><corner2>0.5565046280267074, 0.07476011532410576, 0.9500955458890576</corner2></bounds><pose><translation>-0.4903246179375842, -3.561277445268478, 0.3276065863755697</translation><rotation><c1>0, 0, 0</c1><c2>0, 0, 0</c2><c3>0, 0, 0</c3></rotation></pose><symmetry><x>twoFold</x><y>cylindrical</y><z>twoFold</z></symmetry><detectionScore>-1.0</detectionScore></element><element><id>37</id><category>window</category><bounds><corner1>-0.5218146054947359, -0.07267554904264006, -0.79209352690591</corner1><corner2>0.5218146054947359, 0.07267554904264006, 0.79209352690591</corner2></bounds><pose><translation>1.0655036151567883, -3.54924547821044, 0.17800508963085893</translation><rotation><c1>0, 0, 0</c1><c2>0, 0, 0</c2><c3>0, 0, 0</c3></rotation></pose><symmetry><x>twoFold</x><y>cylindrical</y><z>twoFold</z></symmetry><detectionScore>-1.0</detectionScore></element><element><id>38</id><category>chandelier</category><bounds><corner1>-0.458166161936923, -0.46467389688335303, -0.11626365958062812</corner1><corner2>0.458166161936923, 0.46467389688335303, 0.11626365958062812</corner2></bounds><pose><translation>0.24771593534337505, 1.8012211912935763, 1.5331506645178914</translation><rotation><c1>0, 0, 0</c1><c2>0, 0, 0</c2><c3>0, 0, 0</c3></rotation></pose><symmetry><x>twoFold</x><y>cylindrical</y><z>twoFold</z></symmetry><detectionScore>-1.0</detectionScore></element><element><id>39</id><category>door</category><bounds><corner1>-0.7983481643541386, -4.0234726473790765, -1.5498807333925735</corner1><corner2>0.7983481643541386, 4.0234726473790765, 1.5498807333925735</corner2></bounds><pose><translation>-1.249970443605283, 2.6653290146028965, -0.34282076163879943</translation><rotation><c1>0, 0, 0</c1><c2>0, 0, 0</c2><c3>0, 0, 0</c3></rotation></pose><symmetry><x>twoFold</x><y>cylindrical</y><z>twoFold</z></symmetry><detectionScore>-1.0</detectionScore></element></elements></scene>