<?xml version='1.0' encoding='utf-8'?>
<scene xmlns:sumo="https://www.sumochallenge.org"><version>2.0</version><categories><id>fb_categories_v1.0</id><url>https://sumochallenge.org/en/categories-1_0.json</url></categories><project_type>bounding_box</project_type><elements><element><id>3</id><category>curtain</category><bounds><corner1>-0.99093433, -0.99846133, -0.67370091</corner1><corner2>0.99093433, 0.99846133, 0.67370091</corner2></bounds><pose><translation> 1.65363389,  0.0344228 , -3.90274584</translation><rotation><c1>1., 0., 0.</c1><c2>0., 1., 0.</c2><c3>0., 0., 1.</c3></rotation></pose><symmetry><x>none</x><y>none</y><z>none</z></symmetry><detectionScore>-1</detectionScore></element><element><id>6</id><category>desk</category><bounds><corner1>-0.57110599, -0.38149568, -0.7166945 </corner1><corner2>0.57110599, 0.38149568, 0.7166945 </corner2></bounds><pose><translation> 1.85647917, -1.07807076, -3.40885944</translation><rotation><c1>1., 0., 0.</c1><c2>0., 1., 0.</c2><c3>0., 0., 1.</c3></rotation></pose><symmetry><x>none</x><y>none</y><z>none</z></symmetry><detectionScore>-1</detectionScore></element><element><id>2</id><category>curtain</category><bounds><corner1>-0.13731684, -0.95790163, -1.15781983</corner1><corner2>0.13731684, 0.95790163, 1.15781983</corner2></bounds><pose><translation> 4.0568475 ,  0.01987903, -1.77108445</translation><rotation><c1>1., 0., 0.</c1><c2>0., 1., 0.</c2><c3>0., 0., 1.</c3></rotation></pose><symmetry><x>none</x><y>none</y><z>none</z></symmetry><detectionScore>-1</detectionScore></element><element><id>1</id><category>shelving</category><bounds><corner1>-0.06406722, -1.05196646, -0.25755128</corner1><corner2>0.06406722, 1.05196646, 0.25755128</corner2></bounds><pose><translation> 2.296942  , -0.41730798,  0.16013407</translation><rotation><c1>1., 0., 0.</c1><c2>0., 1., 0.</c2><c3>0., 0., 1.</c3></rotation></pose><symmetry><x>none</x><y>none</y><z>none</z></symmetry><detectionScore>-1</detectionScore></element></elements></scene>