<?xml version='1.0' encoding='utf-8'?>
<scene xmlns:sumo="https://www.sumochallenge.org"><version>2.0</version><categories><id>fb_categories_v1_0</id><url>https://sumochallenge.org/en/categories-1_0.json</url></categories><project_type>bounding_box</project_type><elements><element><id>0</id><category>window</category><bounds><corner1>-0.741631618058517, -1.331913916581525, -0.23656378231194886</corner1><corner2>0.741631618058517, 1.331913916581525, 0.23656378231194886</corner2></bounds><pose><translation>-0.3760736599186658, -0.4169074206481048, -3.6815547427757775</translation><rotation><c1>1, 0, 0</c1><c2>0, 1, 0</c2><c3>0, 0, 1</c3></rotation></pose><symmetry><x>twoFold</x><y>cylindrical</y><z>twoFold</z></symmetry><detectionScore>-1.0</detectionScore></element><element><id>1</id><category>wall</category><bounds><corner1>-0.9849593735093738, -1.5389434597894662, -1.6872197260654342</corner1><corner2>0.9849593735093738, 1.5389434597894662, 1.6872197260654342</corner2></bounds><pose><translation>1.787962252774926, -0.07127966026782939, 0.4385482183607307</translation><rotation><c1>1, 0, 0</c1><c2>0, 1, 0</c2><c3>0, 0, 1</c3></rotation></pose><symmetry><x>twoFold</x><y>cylindrical</y><z>twoFold</z></symmetry><detectionScore>-1.0</detectionScore></element><element><id>2</id><category>partition</category><bounds><corner1>-0.5907528119362322, -1.4897415407301065, -0.5082246282141234</corner1><corner2>0.5907528119362322, 1.4897415407301065, 0.5082246282141234</corner2></bounds><pose><translation>1.0344970823978248, -0.035604040019445754, -2.4006005487943187</translation><rotation><c1>1, 0, 0</c1><c2>0, 1, 0</c2><c3>0, 0, 1</c3></rotation></pose><symmetry><x>twoFold</x><y>cylindrical</y><z>twoFold</z></symmetry><detectionScore>-1.0</detectionScore></element><element><id>3</id><category>plant</category><bounds><corner1>-0.12301932087558498, -0.8905884224428233, -0.35892290952798445</corner1><corner2>0.12301932087558498, 0.8905884224428233, 0.35892290952798445</corner2></bounds><pose><translation>2.640204831671655, -0.28364992720915333, 1.7866895764287338</translation><rotation><c1>1, 0, 0</c1><c2>0, 1, 0</c2><c3>0, 0, 1</c3></rotation></pose><symmetry><x>twoFold</x><y>cylindrical</y><z>twoFold</z></symmetry><detectionScore>-1.0</detectionScore></element><element><id>4</id><category>wall</category><bounds><corner1>-0.03945626661499674, -0.09508328073603622, -0.41430746758651615</corner1><corner2>0.03945626661499674, 0.09508328073603622, 0.41430746758651615</corner2></bounds><pose><translation>0.47690656253955194, 1.3413494373277732, -2.8290694209957183</translation><rotation><c1>1, 0, 0</c1><c2>0, 1, 0</c2><c3>0, 0, 1</c3></rotation></pose><symmetry><x>twoFold</x><y>cylindrical</y><z>twoFold</z></symmetry><detectionScore>-1.0</detectionScore></element><element><id>5</id><category>door</category><bounds><corner1>-0.13687920783037466, -1.3450177714309426, -0.6957048258531446</corner1><corner2>0.13687920783037466, 1.3450177714309426, 0.6957048258531446</corner2></bounds><pose><translation>2.636042418453925, -0.3667465561784614, 1.1432885793803507</translation><rotation><c1>1, 0, 0</c1><c2>0, 1, 0</c2><c3>0, 0, 1</c3></rotation></pose><symmetry><x>twoFold</x><y>cylindrical</y><z>twoFold</z></symmetry><detectionScore>-1.0</detectionScore></element><element><id>6</id><category>kitchen_cabinet</category><bounds><corner1>-0.357774455376053, -0.5848205707092835, -0.8929955884042959</corner1><corner2>0.357774455376053, 0.5848205707092835, 0.8929955884042959</corner2></bounds><pose><translation>-1.2957937522451521, -0.8157853348374401, -2.6050541186963483</translation><rotation><c1>1, 0, 0</c1><c2>0, 1, 0</c2><c3>0, 0, 1</c3></rotation></pose><symmetry><x>twoFold</x><y>cylindrical</y><z>twoFold</z></symmetry><detectionScore>-1.0</detectionScore></element><element><id>7</id><category>curtain</category><bounds><corner1>-0.2692329140423808, -0.9875164336026433, -0.4074412073776006</corner1><corner2>0.2692329140423808, 0.9875164336026433, 0.4074412073776006</corner2></bounds><pose><translation>-2.142182478663115, -0.2651683590897924, 1.0449706547669988</translation><rotation><c1>1, 0, 0</c1><c2>0, 1, 0</c2><c3>0, 0, 1</c3></rotation></pose><symmetry><x>twoFold</x><y>cylindrical</y><z>twoFold</z></symmetry><detectionScore>-1.0</detectionScore></element><element><id>8</id><category>toilet</category><bounds><corner1>-0.0933740761446995, -0.1274939328983271, -0.2765375583274544</corner1><corner2>0.0933740761446995, 0.1274939328983271, 0.2765375583274544</corner2></bounds><pose><translation>1.6279705716149264, -1.2464769221146292, -0.8492147713267426</translation><rotation><c1>1, 0, 0</c1><c2>0, 1, 0</c2><c3>0, 0, 1</c3></rotation></pose><symmetry><x>twoFold</x><y>cylindrical</y><z>twoFold</z></symmetry><detectionScore>-1.0</detectionScore></element><element><id>9</id><category>wall</category><bounds><corner1>-1.2858805289939181, -1.4579957403444697, -1.3866643203472506</corner1><corner2>1.2858805289939181, 1.4579957403444697, 1.3866643203472506</corner2></bounds><pose><translation>-0.4758196980512792, -0.05468018518159058, -3.6085155198618333</translation><rotation><c1>1, 0, 0</c1><c2>0, 1, 0</c2><c3>0, 0, 1</c3></rotation></pose><symmetry><x>twoFold</x><y>cylindrical</y><z>twoFold</z></symmetry><detectionScore>-1.0</detectionScore></element><element><id>10</id><category>shelving</category><bounds><corner1>-0.5341792889621554, -0.5395791565378778, -0.13343712430769994</corner1><corner2>0.5341792889621554, 0.5395791565378778, 0.13343712430769994</corner2></bounds><pose><translation>-1.0630829840782732, -0.1847906971819307, 2.1621892750547214</translation><rotation><c1>1, 0, 0</c1><c2>0, 1, 0</c2><c3>0, 0, 1</c3></rotation></pose><symmetry><x>twoFold</x><y>cylindrical</y><z>twoFold</z></symmetry><detectionScore>-1.0</detectionScore></element><element><id>11</id><category>dresser</category><bounds><corner1>-0.3465363570529547, -0.5250919990182029, -0.9653677953396889</corner1><corner2>0.3465363570529547, 0.5250919990182029, 0.9653677953396889</corner2></bounds><pose><translation>-1.5462665273274019, -0.5469784315832593, -2.6497070801713156</translation><rotation><c1>1, 0, 0</c1><c2>0, 1, 0</c2><c3>0, 0, 1</c3></rotation></pose><symmetry><x>twoFold</x><y>cylindrical</y><z>twoFold</z></symmetry><detectionScore>-1.0</detectionScore></element><element><id>12</id><category>hanger</category><bounds><corner1>-0.503596270787362, -0.5192533064452514, -0.13147997806521783</corner1><corner2>0.503596270787362, 0.5192533064452514, 0.13147997806521783</corner2></bounds><pose><translation>-1.0361860281219741, -0.26259142295749555, 2.1633803502561673</translation><rotation><c1>1, 0, 0</c1><c2>0, 1, 0</c2><c3>0, 0, 1</c3></rotation></pose><symmetry><x>twoFold</x><y>cylindrical</y><z>twoFold</z></symmetry><detectionScore>-1.0</detectionScore></element><element><id>13</id><category>toy</category><bounds><corner1>-0.24965607212962326, -0.8689550165593869, -0.5126407801646675</corner1><corner2>0.24965607212962326, 0.8689550165593869, 0.5126407801646675</corner2></bounds><pose><translation>-2.1619763397884744, -0.16408027254328258, 1.0440536650192682</translation><rotation><c1>1, 0, 0</c1><c2>0, 1, 0</c2><c3>0, 0, 1</c3></rotation></pose><symmetry><x>twoFold</x><y>cylindrical</y><z>twoFold</z></symmetry><detectionScore>-1.0</detectionScore></element><element><id>14</id><category>hanging_kitchen_cabinet</category><bounds><corner1>-0.43749340891882316, -0.4688659515980711, -0.3598133957907186</corner1><corner2>0.43749340891882316, 0.4688659515980711, 0.3598133957907186</corner2></bounds><pose><translation>1.3933095072501531, 0.21732782733005748, -0.22937744668383747</translation><rotation><c1>1, 0, 0</c1><c2>0, 1, 0</c2><c3>0, 0, 1</c3></rotation></pose><symmetry><x>twoFold</x><y>cylindrical</y><z>twoFold</z></symmetry><detectionScore>-1.0</detectionScore></element><element><id>15</id><category>curtain</category><bounds><corner1>-0.8209139987916464, -0.7513462441253169, -0.13211590106750482</corner1><corner2>0.8209139987916464, 0.7513462441253169, 0.13211590106750482</corner2></bounds><pose><translation>-0.3945324841961873, 0.49079770835774644, -3.6249513076291233</translation><rotation><c1>1, 0, 0</c1><c2>0, 1, 0</c2><c3>0, 0, 1</c3></rotation></pose><symmetry><x>twoFold</x><y>cylindrical</y><z>twoFold</z></symmetry><detectionScore>-1.0</detectionScore></element><element><id>16</id><category>sink</category><bounds><corner1>-0.4557649321078605, -0.2657489085922698, -0.4926908021521094</corner1><corner2>0.4557649321078605, 0.2657489085922698, 0.4926908021521094</corner2></bounds><pose><translation>-1.998600404543907, -0.581916115970646, -0.600978609415376</translation><rotation><c1>1, 0, 0</c1><c2>0, 1, 0</c2><c3>0, 0, 1</c3></rotation></pose><symmetry><x>twoFold</x><y>cylindrical</y><z>twoFold</z></symmetry><detectionScore>-1.0</detectionScore></element><element><id>17</id><category>cloth</category><bounds><corner1>-0.23430660118406177, -0.9096544154449728, -0.40835612689290235</corner1><corner2>0.23430660118406177, 0.9096544154449728, 0.40835612689290235</corner2></bounds><pose><translation>-2.145995963096928, -0.24047215814655518, 1.044055735251697</translation><rotation><c1>1, 0, 0</c1><c2>0, 1, 0</c2><c3>0, 0, 1</c3></rotation></pose><symmetry><x>twoFold</x><y>cylindrical</y><z>twoFold</z></symmetry><detectionScore>-1.0</detectionScore></element><element><id>18</id><category>toilet</category><bounds><corner1>-0.4433382433096278, -0.2642452511915376, -0.45128925608898013</corner1><corner2>0.4433382433096278, 0.2642452511915376, 0.45128925608898013</corner2></bounds><pose><translation>-1.9698122589284701, -0.5839458780098389, -0.5891474802794501</translation><rotation><c1>1, 0, 0</c1><c2>0, 1, 0</c2><c3>0, 0, 1</c3></rotation></pose><symmetry><x>twoFold</x><y>cylindrical</y><z>twoFold</z></symmetry><detectionScore>-1.0</detectionScore></element><element><id>19</id><category>mirror</category><bounds><corner1>-0.1633486072843804, -0.775357538233852, -0.7965349096374823</corner1><corner2>0.1633486072843804, 0.775357538233852, 0.7965349096374823</corner2></bounds><pose><translation>-2.162116384360935, 0.6057117491873838, -0.5048529754777799</translation><rotation><c1>1, 0, 0</c1><c2>0, 1, 0</c2><c3>0, 0, 1</c3></rotation></pose><symmetry><x>twoFold</x><y>cylindrical</y><z>twoFold</z></symmetry><detectionScore>-1.0</detectionScore></element><element><id>20</id><category>vase</category><bounds><corner1>-0.2402471085891671, -0.9046914985895504, -0.42303191681860586</corner1><corner2>0.2402471085891671, 0.9046914985895504, 0.42303191681860586</corner2></bounds><pose><translation>-2.1519364705020334, -0.21628899067249643, 1.0371425778061727</translation><rotation><c1>1, 0, 0</c1><c2>0, 1, 0</c2><c3>0, 0, 1</c3></rotation></pose><symmetry><x>twoFold</x><y>cylindrical</y><z>twoFold</z></symmetry><detectionScore>-1.0</detectionScore></element><element><id>21</id><category>picture_frame</category><bounds><corner1>-0.2109871056574184, -0.8284911731484367, -0.3830144729218876</corner1><corner2>0.2109871056574184, 0.8284911731484367, 0.3830144729218876</corner2></bounds><pose><translation>-2.1233073733162695, -0.20298570760238122, 1.0207239681423532</translation><rotation><c1>1, 0, 0</c1><c2>0, 1, 0</c2><c3>0, 0, 1</c3></rotation></pose><symmetry><x>twoFold</x><y>cylindrical</y><z>twoFold</z></symmetry><detectionScore>-1.0</detectionScore></element><element><id>22</id><category>partition</category><bounds><corner1>-0.039363286048456236, -0.09819809663905876, -0.42872602126226456</corner1><corner2>0.039363286048456236, 0.09819809663905876, 0.42872602126226456</corner2></bounds><pose><translation>0.4787127531194139, 1.3382346214247507, -2.8434879746714667</translation><rotation><c1>1, 0, 0</c1><c2>0, 1, 0</c2><c3>0, 0, 1</c3></rotation></pose><symmetry><x>twoFold</x><y>cylindrical</y><z>twoFold</z></symmetry><detectionScore>-1.0</detectionScore></element><element><id>23</id><category>window</category><bounds><corner1>-0.038477391226764024, -0.0967193118402101, -0.42076797628869356</corner1><corner2>0.038477391226764024, 0.0967193118402101, 0.42076797628869356</corner2></bounds><pose><translation>0.47788543792778465, 1.3397134062235994, -2.8355299296978957</translation><rotation><c1>1, 0, 0</c1><c2>0, 1, 0</c2><c3>0, 0, 1</c3></rotation></pose><symmetry><x>twoFold</x><y>cylindrical</y><z>twoFold</z></symmetry><detectionScore>-1.0</detectionScore></element><element><id>24</id><category>picture_frame</category><bounds><corner1>-0.4752521044373117, -0.4029271456366628, -0.14651594669871582</corner1><corner2>0.4752521044373117, 0.4029271456366628, 0.14651594669871582</corner2></bounds><pose><translation>-1.0588632774523838, -0.30709290409391415, 2.142234104004387</translation><rotation><c1>1, 0, 0</c1><c2>0, 1, 0</c2><c3>0, 0, 1</c3></rotation></pose><symmetry><x>twoFold</x><y>cylindrical</y><z>twoFold</z></symmetry><detectionScore>-1.0</detectionScore></element><element><id>25</id><category>wall</category><bounds><corner1>-0.20262429258135084, -0.617648382750211, -1.0375246476342632</corner1><corner2>0.20262429258135084, 0.617648382750211, 1.0375246476342632</corner2></bounds><pose><translation>2.570297333702949, -0.12441140534726257, 0.987037156541186</translation><rotation><c1>1, 0, 0</c1><c2>0, 1, 0</c2><c3>0, 0, 1</c3></rotation></pose><symmetry><x>twoFold</x><y>cylindrical</y><z>twoFold</z></symmetry><detectionScore>-1.0</detectionScore></element><element><id>26</id><category>table_lamp</category><bounds><corner1>-0.42802623824801067, -1.048976565710814, -0.4522324607594006</corner1><corner2>0.42802623824801067, 1.048976565710814, 0.4522324607594006</corner2></bounds><pose><translation>-2.1406222448806145, -0.3441018216947099, 1.040694553574511</translation><rotation><c1>1, 0, 0</c1><c2>0, 1, 0</c2><c3>0, 0, 1</c3></rotation></pose><symmetry><x>twoFold</x><y>cylindrical</y><z>twoFold</z></symmetry><detectionScore>-1.0</detectionScore></element></elements></scene>