<?xml version='1.0' encoding='utf-8'?>
<scene xmlns:sumo="https://www.sumochallenge.org"><version>2.0</version><categories><id>fb_categories_v1.0</id><url>https://sumochallenge.org/en/categories-1_0.json</url></categories><project_type>bounding_box</project_type><elements><element><id>11</id><category>wall</category><bounds><corner1>-2.55035111, -1.25662878, -2.75917431</corner1><corner2>2.55035111, 1.25662878, 2.75917431</corner2></bounds><pose><translation>16.51673554, -0.1117606 ,  1.50716058</translation><rotation><c1>1., 0., 0.</c1><c2>0., 1., 0.</c2><c3>0., 0., 1.</c3></rotation></pose><symmetry><x>none</x><y>none</y><z>none</z></symmetry><detectionScore>-1</detectionScore></element><element><id>6</id><category>window</category><bounds><corner1>-1.61984046, -1.08043328, -0.15079495</corner1><corner2>1.61984046, 1.08043328, 0.15079495</corner2></bounds><pose><translation> 2.06768476e+00, -4.88990620e-03,  5.05468547e+00</translation><rotation><c1>1., 0., 0.</c1><c2>0., 1., 0.</c2><c3>0., 0., 1.</c3></rotation></pose><symmetry><x>none</x><y>none</y><z>none</z></symmetry><detectionScore>-1</detectionScore></element><element><id>7</id><category>door</category><bounds><corner1>-3.82080799, -1.22820525, -1.30468755</corner1><corner2>3.82080799, 1.22820525, 1.30468755</corner2></bounds><pose><translation> 6.15786793, -0.01766584,  5.09584842</translation><rotation><c1>1., 0., 0.</c1><c2>0., 1., 0.</c2><c3>0., 0., 1.</c3></rotation></pose><symmetry><x>none</x><y>none</y><z>none</z></symmetry><detectionScore>-1</detectionScore></element><element><id>5</id><category>door</category><bounds><corner1>-4.29569155, -1.18726085, -2.09237164</corner1><corner2>4.29569155, 1.18726085, 2.09237164</corner2></bounds><pose><translation> 7.76569265, -0.05291355, -3.13682634</translation><rotation><c1>1., 0., 0.</c1><c2>0., 1., 0.</c2><c3>0., 0., 1.</c3></rotation></pose><symmetry><x>none</x><y>none</y><z>none</z></symmetry><detectionScore>-1</detectionScore></element><element><id>3</id><category>chair</category><bounds><corner1>-2.82247513, -0.69666303, -0.16761311</corner1><corner2>2.82247513, 0.69666303, 0.16761311</corner2></bounds><pose><translation> 2.00093977, -1.32123038, -0.29402186</translation><rotation><c1>1., 0., 0.</c1><c2>0., 1., 0.</c2><c3>0., 0., 1.</c3></rotation></pose><symmetry><x>none</x><y>none</y><z>none</z></symmetry><detectionScore>-1</detectionScore></element><element><id>9</id><category>chair</category><bounds><corner1>-1.61731523, -0.77405968, -0.2276261 </corner1><corner2>1.61731523, 0.77405968, 0.2276261 </corner2></bounds><pose><translation> 1.67494499, -1.40082265, -0.4112666 </translation><rotation><c1>1., 0., 0.</c1><c2>0., 1., 0.</c2><c3>0., 0., 1.</c3></rotation></pose><symmetry><x>none</x><y>none</y><z>none</z></symmetry><detectionScore>-1</detectionScore></element><element><id>4</id><category>table_and_chair</category><bounds><corner1>-1.54019564, -0.51827531, -1.27399385</corner1><corner2>1.54019564, 0.51827531, 1.27399385</corner2></bounds><pose><translation> 2.82333393, -1.04602903,  3.86470833</translation><rotation><c1>1., 0., 0.</c1><c2>0., 1., 0.</c2><c3>0., 0., 1.</c3></rotation></pose><symmetry><x>none</x><y>none</y><z>none</z></symmetry><detectionScore>-1</detectionScore></element><element><id>2</id><category>table_and_chair</category><bounds><corner1>-2.9424033 , -0.73207305, -2.61777101</corner1><corner2>2.9424033 , 0.73207305, 2.61777101</corner2></bounds><pose><translation> 2.70615918, -1.3631203 ,  1.65166452</translation><rotation><c1>1., 0., 0.</c1><c2>0., 1., 0.</c2><c3>0., 0., 1.</c3></rotation></pose><symmetry><x>none</x><y>none</y><z>none</z></symmetry><detectionScore>-1</detectionScore></element><element><id>1</id><category>table_and_chair</category><bounds><corner1>-6.16448006, -0.20615401, -3.31852244</corner1><corner2>6.16448006, 0.20615401, 3.31852244</corner2></bounds><pose><translation> 5.07366647, -0.76306817,  1.25893441</translation><rotation><c1>1., 0., 0.</c1><c2>0., 1., 0.</c2><c3>0., 0., 1.</c3></rotation></pose><symmetry><x>none</x><y>none</y><z>none</z></symmetry><detectionScore>-1</detectionScore></element><element><id>8</id><category>hanging_kitchen_cabinet</category><bounds><corner1>-1.06418106, -0.69659473, -0.02498589</corner1><corner2>1.06418106, 0.69659473, 0.02498589</corner2></bounds><pose><translation> 0.08583918,  0.11978795, -1.24497261</translation><rotation><c1>1., 0., 0.</c1><c2>0., 1., 0.</c2><c3>0., 0., 1.</c3></rotation></pose><symmetry><x>none</x><y>none</y><z>none</z></symmetry><detectionScore>-1</detectionScore></element></elements></scene>