<?xml version='1.0' encoding='utf-8'?>
<scene xmlns:sumo="https://www.sumochallenge.org"><version>2.0</version><categories><id>fb_categories_v1.0</id><url>https://sumochallenge.org/en/categories-1_0.json</url></categories><project_type>bounding_box</project_type><elements><element><id>10</id><category>wall</category><bounds><corner1>-1.12911158, -1.24704629, -0.75711882</corner1><corner2>1.12911158, 1.24704629, 0.75711882</corner2></bounds><pose><translation>-0.0312421 , -0.03140318, -2.87406047</translation><rotation><c1>1., 0., 0.</c1><c2>0., 1., 0.</c2><c3>0., 0., 1.</c3></rotation></pose><symmetry><x>none</x><y>twoFold</y><z>none</z></symmetry><detectionScore>0.68341094</detectionScore></element><element><id>11</id><category>toilet</category><bounds><corner1>-0.19816367, -0.25544645, -0.15416992</corner1><corner2>0.19816367, 0.25544645, 0.15416992</corner2></bounds><pose><translation>-1.11369596, -1.02586524,  1.99393002</translation><rotation><c1>1., 0., 0.</c1><c2>0., 1., 0.</c2><c3>0., 0., 1.</c3></rotation></pose><symmetry><x>none</x><y>none</y><z>none</z></symmetry><detectionScore>0.99400514</detectionScore></element><element><id>4</id><category>plant</category><bounds><corner1>-0.36081453, -1.10374252, -0.53438279</corner1><corner2>0.36081453, 1.10374252, 0.53438279</corner2></bounds><pose><translation>-2.75988897, -0.42776332,  1.55615367</translation><rotation><c1>1., 0., 0.</c1><c2>0., 1., 0.</c2><c3>0., 0., 1.</c3></rotation></pose><symmetry><x>none</x><y>cylindrical</y><z>none</z></symmetry><detectionScore>0.9963027</detectionScore></element><element><id>6</id><category>shower</category><bounds><corner1>-0.32170087, -1.01273192, -0.06600653</corner1><corner2>0.32170087, 1.01273192, 0.06600653</corner2></bounds><pose><translation> 1.05929623, -0.36565316, -2.12001036</translation><rotation><c1>1., 0., 0.</c1><c2>0., 1., 0.</c2><c3>0., 0., 1.</c3></rotation></pose><symmetry><x>none</x><y>cylindrical</y><z>none</z></symmetry><detectionScore>0.9995819</detectionScore></element><element><id>3</id><category>wall</category><bounds><corner1>-0.94629116, -1.29621022, -1.99743179</corner1><corner2>0.94629116, 1.29621022, 1.99743179</corner2></bounds><pose><translation>-3.53436987, -0.12284387, -0.33175718</translation><rotation><c1>1., 0., 0.</c1><c2>0., 1., 0.</c2><c3>0., 0., 1.</c3></rotation></pose><symmetry><x>none</x><y>twoFold</y><z>none</z></symmetry><detectionScore>0.98192304</detectionScore></element><element><id>12</id><category>chandelier</category><bounds><corner1>-0.7804726 , -0.30881956, -0.8161437 </corner1><corner2>0.7804726 , 0.30881956, 0.8161437 </corner2></bounds><pose><translation> 0.19032061,  1.00039083, -2.16409497</translation><rotation><c1>1., 0., 0.</c1><c2>0., 1., 0.</c2><c3>0., 0., 1.</c3></rotation></pose><symmetry><x>none</x><y>cylindrical</y><z>none</z></symmetry><detectionScore>0.9988193</detectionScore></element><element><id>2</id><category>door</category><bounds><corner1>-0.61606347, -1.10533049, -0.23602918</corner1><corner2>0.61606347, 1.10533049, 0.23602918</corner2></bounds><pose><translation>-1.09831135, -0.28859375, -3.08119247</translation><rotation><c1>1., 0., 0.</c1><c2>0., 1., 0.</c2><c3>0., 0., 1.</c3></rotation></pose><symmetry><x>twoFold</x><y>twoFold</y><z>twoFold</z></symmetry><detectionScore>0.9983078</detectionScore></element><element><id>1</id><category>chandelier</category><bounds><corner1>-0.83597326, -0.02490622, -1.14785039</corner1><corner2>0.83597326, 0.02490622, 1.14785039</corner2></bounds><pose><translation>-1.82997411,  1.2932033 ,  0.37919239</translation><rotation><c1>1., 0., 0.</c1><c2>0., 1., 0.</c2><c3>0., 0., 1.</c3></rotation></pose><symmetry><x>none</x><y>cylindrical</y><z>none</z></symmetry><detectionScore>0.9513291</detectionScore></element><element><id>13</id><category>plant</category><bounds><corner1>-0.3879933 , -0.4000077 , -0.41468302</corner1><corner2>0.3879933 , 0.4000077 , 0.41468302</corner2></bounds><pose><translation> 1.44795356, -0.83742817, -0.57557481</translation><rotation><c1>1., 0., 0.</c1><c2>0., 1., 0.</c2><c3>0., 0., 1.</c3></rotation></pose><symmetry><x>none</x><y>cylindrical</y><z>none</z></symmetry><detectionScore>0.94698167</detectionScore></element><element><id>9</id><category>window</category><bounds><corner1>-0.32002079, -0.80956495, -0.29147148</corner1><corner2>0.32002079, 0.80956495, 0.29147148</corner2></bounds><pose><translation> 1.13202765, -0.22721174,  0.2048684 </translation><rotation><c1>1., 0., 0.</c1><c2>0., 1., 0.</c2><c3>0., 0., 1.</c3></rotation></pose><symmetry><x>none</x><y>twoFold</y><z>none</z></symmetry><detectionScore>0.502152</detectionScore></element><element><id>8</id><category>curtain</category><bounds><corner1>-0.77553995, -1.09169277, -0.06518622</corner1><corner2>0.77553995, 1.09169277, 0.06518622</corner2></bounds><pose><translation>0.28352191, 0.07838158, 2.05990903</translation><rotation><c1>1., 0., 0.</c1><c2>0., 1., 0.</c2><c3>0., 0., 1.</c3></rotation></pose><symmetry><x>none</x><y>twoFold</y><z>none</z></symmetry><detectionScore>0.8876271</detectionScore></element><element><id>7</id><category>picture_frame</category><bounds><corner1>-0.53724501, -0.50826883, -0.03610576</corner1><corner2>0.53724501, 0.50826883, 0.03610576</corner2></bounds><pose><translation>-1.06380658,  0.38149925,  2.06989351</translation><rotation><c1>1., 0., 0.</c1><c2>0., 1., 0.</c2><c3>0., 0., 1.</c3></rotation></pose><symmetry><x>none</x><y>fourFold</y><z>none</z></symmetry><detectionScore>0.99247277</detectionScore></element></elements></scene>