<?xml version='1.0' encoding='utf-8'?>
<scene xmlns:sumo="https://www.sumochallenge.org"><version>2.0</version><categories><id>fb_categories_v1_0</id><url>https://sumochallenge.org/en/categories-1_0.json</url></categories><project_type>bounding_box</project_type><elements><element><id>0</id><category>person</category><bounds><corner1>-0.5578005519569686, -0.8159946838276697, -1.5014506822250668</corner1><corner2>0.5578005519569686, 0.8159946838276697, 1.5014506822250668</corner2></bounds><pose><translation>-0.4338254228211896, -0.9414376831327345, 2.601568573342112</translation><rotation><c1>1, 0, 0</c1><c2>0, 1, 0</c2><c3>0, 0, 1</c3></rotation></pose><symmetry><x>twoFold</x><y>cylindrical</y><z>twoFold</z></symmetry><detectionScore>-1.0</detectionScore></element><element><id>1</id><category>window</category><bounds><corner1>-1.0453629318290227, -1.0954904188125398, -1.7089877645812113</corner1><corner2>1.0453629318290227, 1.0954904188125398, 1.7089877645812113</corner2></bounds><pose><translation>3.4430189314637554, -0.019855618450029817, 4.057766348357063</translation><rotation><c1>1, 0, 0</c1><c2>0, 1, 0</c2><c3>0, 0, 1</c3></rotation></pose><symmetry><x>twoFold</x><y>cylindrical</y><z>twoFold</z></symmetry><detectionScore>-1.0</detectionScore></element><element><id>2</id><category>desk</category><bounds><corner1>-1.5338272263032657, -0.26008970964835404, -0.24759518738190667</corner1><corner2>1.5338272263032657, 0.26008970964835404, 0.24759518738190667</corner2></bounds><pose><translation>-0.08185366447519056, -0.7049989043696518, -1.5234415602365774</translation><rotation><c1>1, 0, 0</c1><c2>0, 1, 0</c2><c3>0, 0, 1</c3></rotation></pose><symmetry><x>twoFold</x><y>cylindrical</y><z>twoFold</z></symmetry><detectionScore>-1.0</detectionScore></element><element><id>3</id><category>fruit_bowl</category><bounds><corner1>-0.24231687508150832, -0.15583746230498874, -0.04798127755935022</corner1><corner2>0.24231687508150832, 0.15583746230498874, 0.04798127755935022</corner2></bounds><pose><translation>0.01721902965973563, -1.0365346024846573, -1.3533062911704663</translation><rotation><c1>1, 0, 0</c1><c2>0, 1, 0</c2><c3>0, 0, 1</c3></rotation></pose><symmetry><x>twoFold</x><y>cylindrical</y><z>twoFold</z></symmetry><detectionScore>-1.0</detectionScore></element><element><id>4</id><category>wall</category><bounds><corner1>-0.14519918859649295, -1.481459299313593, -2.870604785207203</corner1><corner2>0.14519918859649295, 1.481459299313593, 2.870604785207203</corner2></bounds><pose><translation>4.555187682345131, -0.11902916907166762, 1.0151233602320606</translation><rotation><c1>1, 0, 0</c1><c2>0, 1, 0</c2><c3>0, 0, 1</c3></rotation></pose><symmetry><x>twoFold</x><y>cylindrical</y><z>twoFold</z></symmetry><detectionScore>-1.0</detectionScore></element><element><id>5</id><category>plant</category><bounds><corner1>-0.6552355145413039, -0.6031527785051781, -0.2912456569863906</corner1><corner2>0.6552355145413039, 0.6031527785051781, 0.2912456569863906</corner2></bounds><pose><translation>0.9482802960685849, -1.4006166501849355, 3.7865752262306636</translation><rotation><c1>1, 0, 0</c1><c2>0, 1, 0</c2><c3>0, 0, 1</c3></rotation></pose><symmetry><x>twoFold</x><y>cylindrical</y><z>twoFold</z></symmetry><detectionScore>-1.0</detectionScore></element><element><id>6</id><category>desk</category><bounds><corner1>-1.4464212428287473, -0.7008738170635936, -0.6650213327574408</corner1><corner2>1.4464212428287473, 0.7008738170635936, 0.6650213327574408</corner2></bounds><pose><translation>3.2393180346308865, -1.2140586942411111, -1.2238225615337184</translation><rotation><c1>1, 0, 0</c1><c2>0, 1, 0</c2><c3>0, 0, 1</c3></rotation></pose><symmetry><x>twoFold</x><y>cylindrical</y><z>twoFold</z></symmetry><detectionScore>-1.0</detectionScore></element><element><id>7</id><category>single_bed</category><bounds><corner1>-0.8329842683916531, -0.6788315925911168, -2.2686717235755784</corner1><corner2>0.8329842683916531, 0.6788315925911168, 2.2686717235755784</corner2></bounds><pose><translation>-0.6139695137836416, -1.0292444926289708, 1.8232986940214146</translation><rotation><c1>1, 0, 0</c1><c2>0, 1, 0</c2><c3>0, 0, 1</c3></rotation></pose><symmetry><x>twoFold</x><y>cylindrical</y><z>twoFold</z></symmetry><detectionScore>-1.0</detectionScore></element><element><id>8</id><category>picture_frame</category><bounds><corner1>-0.6099341508052519, -0.6162059662681488, -0.09405370955919379</corner1><corner2>0.6099341508052519, 0.6162059662681488, 0.09405370955919379</corner2></bounds><pose><translation>-0.3305150650024541, 0.6850383221615842, -1.9292745195767775</translation><rotation><c1>1, 0, 0</c1><c2>0, 1, 0</c2><c3>0, 0, 1</c3></rotation></pose><symmetry><x>twoFold</x><y>cylindrical</y><z>twoFold</z></symmetry><detectionScore>-1.0</detectionScore></element><element><id>9</id><category>loudspeaker</category><bounds><corner1>-1.1252543725271393, -0.6134275198959498, -0.2933518128266377</corner1><corner2>1.1252543725271393, 0.6134275198959498, 0.2933518128266377</corner2></bounds><pose><translation>2.151970824941912, -1.0692382554991284, -1.4580625883921299</translation><rotation><c1>1, 0, 0</c1><c2>0, 1, 0</c2><c3>0, 0, 1</c3></rotation></pose><symmetry><x>twoFold</x><y>cylindrical</y><z>twoFold</z></symmetry><detectionScore>-1.0</detectionScore></element><element><id>10</id><category>dresser</category><bounds><corner1>-0.6759974061838074, -0.5694577088193243, -2.2733301566397954</corner1><corner2>0.6759974061838074, 0.5694577088193243, 2.2733301566397954</corner2></bounds><pose><translation>-0.5843676461598201, -1.071587809075509, 1.8105698258785208</translation><rotation><c1>1, 0, 0</c1><c2>0, 1, 0</c2><c3>0, 0, 1</c3></rotation></pose><symmetry><x>twoFold</x><y>cylindrical</y><z>twoFold</z></symmetry><detectionScore>-1.0</detectionScore></element><element><id>11</id><category>dresser</category><bounds><corner1>-1.4988401439255674, -0.41696311136797065, -0.10990411715651849</corner1><corner2>1.4988401439255674, 0.41696311136797065, 0.10990411715651849</corner2></bounds><pose><translation>-0.1106707513158204, -0.8618723060892685, -1.347916068234707</translation><rotation><c1>1, 0, 0</c1><c2>0, 1, 0</c2><c3>0, 0, 1</c3></rotation></pose><symmetry><x>twoFold</x><y>cylindrical</y><z>twoFold</z></symmetry><detectionScore>-1.0</detectionScore></element><element><id>12</id><category>wall</category><bounds><corner1>-3.073829261468674, -1.541083265975107, -1.815608003603567</corner1><corner2>3.073829261468674, 1.541083265975107, 1.815608003603567</corner2></bounds><pose><translation>1.4726841692128423, -0.16839186787038368, 3.9729510325149042</translation><rotation><c1>1, 0, 0</c1><c2>0, 1, 0</c2><c3>0, 0, 1</c3></rotation></pose><symmetry><x>twoFold</x><y>cylindrical</y><z>twoFold</z></symmetry><detectionScore>-1.0</detectionScore></element><element><id>13</id><category>wall</category><bounds><corner1>-1.738107021684228, -1.2771560663077566, -1.8350322514402455</corner1><corner2>1.738107021684228, 1.2771560663077566, 1.8350322514402455</corner2></bounds><pose><translation>2.792133442195479, -0.09682428926382118, 3.9535267846782256</translation><rotation><c1>1, 0, 0</c1><c2>0, 1, 0</c2><c3>0, 0, 1</c3></rotation></pose><symmetry><x>twoFold</x><y>cylindrical</y><z>twoFold</z></symmetry><detectionScore>-1.0</detectionScore></element><element><id>14</id><category>door</category><bounds><corner1>-1.06970062065202, -1.5936692976764528, -1.8303525261474003</corner1><corner2>1.06970062065202, 1.5936692976764528, 1.8303525261474003</corner2></bounds><pose><translation>3.476812810029496, -0.41333752063251744, 3.958206509971071</translation><rotation><c1>1, 0, 0</c1><c2>0, 1, 0</c2><c3>0, 0, 1</c3></rotation></pose><symmetry><x>twoFold</x><y>cylindrical</y><z>twoFold</z></symmetry><detectionScore>-1.0</detectionScore></element><element><id>15</id><category>television</category><bounds><corner1>-0.5655103212802035, -0.5804056597268537, -0.09433078231193415</corner1><corner2>0.5655103212802035, 0.5804056597268537, 0.09433078231193415</corner2></bounds><pose><translation>-0.3344244851309359, 0.6478535313555249, -1.9315336175636322</translation><rotation><c1>1, 0, 0</c1><c2>0, 1, 0</c2><c3>0, 0, 1</c3></rotation></pose><symmetry><x>twoFold</x><y>cylindrical</y><z>twoFold</z></symmetry><detectionScore>-1.0</detectionScore></element><element><id>16</id><category>wall</category><bounds><corner1>-0.1352615629560766, -1.3099340868593234, -0.33885886918930014</corner1><corner2>0.1352615629560766, 1.3099340868593234, 0.33885886918930014</corner2></bounds><pose><translation>-0.9934368718167934, -0.0009708932090768278, 0.09634572460208894</translation><rotation><c1>1, 0, 0</c1><c2>0, 1, 0</c2><c3>0, 0, 1</c3></rotation></pose><symmetry><x>twoFold</x><y>cylindrical</y><z>twoFold</z></symmetry><detectionScore>-1.0</detectionScore></element><element><id>17</id><category>office_chair</category><bounds><corner1>-0.20136497609590798, -0.6048263812973024, -0.4810188804530364</corner1><corner2>0.20136497609590798, 0.6048263812973024, 0.4810188804530364</corner2></bounds><pose><translation>4.496121484812052, -1.1115531393307618, -0.5078382045069927</translation><rotation><c1>1, 0, 0</c1><c2>0, 1, 0</c2><c3>0, 0, 1</c3></rotation></pose><symmetry><x>twoFold</x><y>cylindrical</y><z>twoFold</z></symmetry><detectionScore>-1.0</detectionScore></element><element><id>18</id><category>switch</category><bounds><corner1>-0.13654481226043158, -0.09400692409474543, -0.0425318375982815</corner1><corner2>0.13654481226043158, 0.09400692409474543, 0.0425318375982815</corner2></bounds><pose><translation>-0.7888668140305838, -1.0969650040474561, -1.2805437886764701</translation><rotation><c1>1, 0, 0</c1><c2>0, 1, 0</c2><c3>0, 0, 1</c3></rotation></pose><symmetry><x>twoFold</x><y>cylindrical</y><z>twoFold</z></symmetry><detectionScore>-1.0</detectionScore></element><element><id>19</id><category>desk</category><bounds><corner1>-0.7100429536278656, -0.5702828603251392, -2.272739453265986</corner1><corner2>0.7100429536278656, 0.5702828603251392, 2.272739453265986</corner2></bounds><pose><translation>-0.5866406112437186, -1.0737105552159911, 1.8111605292523303</translation><rotation><c1>1, 0, 0</c1><c2>0, 1, 0</c2><c3>0, 0, 1</c3></rotation></pose><symmetry><x>twoFold</x><y>cylindrical</y><z>twoFold</z></symmetry><detectionScore>-1.0</detectionScore></element></elements></scene>