<?xml version='1.0' encoding='utf-8'?>
<scene xmlns:sumo="https://www.sumochallenge.org"><version>2.0</version><categories><id>fb_categories_v1_0</id><url>https://sumochallenge.org/en/categories-1_0.json</url></categories><project_type>bounding_box</project_type><elements><element><id>3</id><category>wall</category><bounds><corner1>-3.53671368, -0.77995998, -2.76300489</corner1><corner2>3.53671368, 0.77995998, 2.76300489</corner2></bounds><pose><translation>-0.65622178, -0.11461375,  2.632982  </translation><rotation><c1>1., 0., 0.</c1><c2>0., 1., 0.</c2><c3>0., 0., 1.</c3></rotation></pose><symmetry><x>none</x><y>twoFold</y><z>none</z></symmetry><detectionScore>0.5665737</detectionScore></element><element><id>2</id><category>wall</category><bounds><corner1>-1.97236114, -1.23807467, -1.97852958</corner1><corner2>1.97236114, 1.23807467, 1.97852958</corner2></bounds><pose><translation>-3.56929303, -0.16559581, -0.39196843</translation><rotation><c1>1., 0., 0.</c1><c2>0., 1., 0.</c2><c3>0., 0., 1.</c3></rotation></pose><symmetry><x>none</x><y>twoFold</y><z>none</z></symmetry><detectionScore>0.6959615</detectionScore></element><element><id>1</id><category>chandelier</category><bounds><corner1>-0.88433846, -0.02950908, -1.42719655</corner1><corner2>0.88433846, 0.02950908, 1.42719655</corner2></bounds><pose><translation>2.31093917, 1.17620992, 3.91684244</translation><rotation><c1>1., 0., 0.</c1><c2>0., 1., 0.</c2><c3>0., 0., 1.</c3></rotation></pose><symmetry><x>none</x><y>cylindrical</y><z>none</z></symmetry><detectionScore>0.5921793</detectionScore></element><element><id>4</id><category>shower</category><bounds><corner1>-0.32271712, -0.9014836 , -0.58603965</corner1><corner2>0.32271712, 0.9014836 , 0.58603965</corner2></bounds><pose><translation> 0.7098214 , -0.3625476 , -1.67403658</translation><rotation><c1>1., 0., 0.</c1><c2>0., 1., 0.</c2><c3>0., 0., 1.</c3></rotation></pose><symmetry><x>none</x><y>cylindrical</y><z>none</z></symmetry><detectionScore>0.9983328</detectionScore></element></elements></scene>