<?xml version='1.0' encoding='utf-8'?>
<scene xmlns:sumo="https://www.sumochallenge.org"><version>2.0</version><categories><id>fb_categories_v1_0</id><url>https://sumochallenge.org/en/categories-1_0.json</url></categories><project_type>bounding_box</project_type><elements><element><id>0</id><category>loudspeaker</category><bounds><corner1>-0.730309863281408, -0.32710140767673757, -0.38653348282785693</corner1><corner2>0.730309863281408, 0.32710140767673757, 0.38653348282785693</corner2></bounds><pose><translation>-2.2272243056099867, 4.839121796602365, -0.9590991394274853</translation><rotation><c1>0, 0, 0</c1><c2>0, 0, 0</c2><c3>0, 0, 0</c3></rotation></pose><symmetry><x>twoFold</x><y>cylindrical</y><z>twoFold</z></symmetry><detectionScore>-1.0</detectionScore></element><element><id>1</id><category>door</category><bounds><corner1>-2.6413195379231746, -0.21740781714290325, -1.4673603907025963</corner1><corner2>2.6413195379231746, 0.21740781714290325, 1.4673603907025963</corner2></bounds><pose><translation>-2.0941009397251054, -6.271246747444359, -0.20022739847478543</translation><rotation><c1>0, 0, 0</c1><c2>0, 0, 0</c2><c3>0, 0, 0</c3></rotation></pose><symmetry><x>twoFold</x><y>cylindrical</y><z>twoFold</z></symmetry><detectionScore>-1.0</detectionScore></element><element><id>2</id><category>sofa</category><bounds><corner1>-0.6801611306183877, -1.568009681553542, -0.5104149664062513</corner1><corner2>0.6801611306183877, 1.568009681553542, 0.5104149664062513</corner2></bounds><pose><translation>-2.11223002549763, 3.6064336728682425, -1.1945658388278628</translation><rotation><c1>0, 0, 0</c1><c2>0, 0, 0</c2><c3>0, 0, 0</c3></rotation></pose><symmetry><x>twoFold</x><y>cylindrical</y><z>twoFold</z></symmetry><detectionScore>-1.0</detectionScore></element><element><id>3</id><category>dresser</category><bounds><corner1>-1.7155201589907119, -0.31065288073481856, -0.5686386358242708</corner1><corner2>1.7155201589907119, 0.31065288073481856, 0.5686386358242708</corner2></bounds><pose><translation>-3.2284427461453236, 4.890575770756336, -0.9887809761825684</translation><rotation><c1>0, 0, 0</c1><c2>0, 0, 0</c2><c3>0, 0, 0</c3></rotation></pose><symmetry><x>twoFold</x><y>cylindrical</y><z>twoFold</z></symmetry><detectionScore>-1.0</detectionScore></element><element><id>4</id><category>sofa</category><bounds><corner1>-0.3727987898043521, -1.574911289409064, -0.6330549016963255</corner1><corner2>0.3727987898043521, 1.574911289409064, 0.6330549016963255</corner2></bounds><pose><translation>-2.620513738447106, 0.6594461601611039, -1.5690162324311814</translation><rotation><c1>0, 0, 0</c1><c2>0, 0, 0</c2><c3>0, 0, 0</c3></rotation></pose><symmetry><x>twoFold</x><y>cylindrical</y><z>twoFold</z></symmetry><detectionScore>-1.0</detectionScore></element><element><id>5</id><category>armchair</category><bounds><corner1>-0.3426150931930074, -1.586688249558521, -0.6366162089979169</corner1><corner2>0.3426150931930074, 1.586688249558521, 0.6366162089979169</corner2></bounds><pose><translation>-2.5807336837717263, 0.584382137247546, -1.5734404881871682</translation><rotation><c1>0, 0, 0</c1><c2>0, 0, 0</c2><c3>0, 0, 0</c3></rotation></pose><symmetry><x>twoFold</x><y>cylindrical</y><z>twoFold</z></symmetry><detectionScore>-1.0</detectionScore></element><element><id>6</id><category>door</category><bounds><corner1>-0.3643500381301812, -0.7583729586971866, -1.4591594916534898</corner1><corner2>0.3643500381301812, 0.7583729586971866, 1.4591594916534898</corner2></bounds><pose><translation>2.0991857402115386, -3.179236974122607, -0.43079638293921946</translation><rotation><c1>0, 0, 0</c1><c2>0, 0, 0</c2><c3>0, 0, 0</c3></rotation></pose><symmetry><x>twoFold</x><y>cylindrical</y><z>twoFold</z></symmetry><detectionScore>-1.0</detectionScore></element><element><id>7</id><category>chandelier</category><bounds><corner1>-0.9336530519831305, -0.6114920903551577, -0.06728026056001402</corner1><corner2>0.9336530519831305, 0.6114920903551577, 0.06728026056001402</corner2></bounds><pose><translation>0.318932367837591, -3.9716588686740675, 1.3124031143371448</translation><rotation><c1>0, 0, 0</c1><c2>0, 0, 0</c2><c3>0, 0, 0</c3></rotation></pose><symmetry><x>twoFold</x><y>cylindrical</y><z>twoFold</z></symmetry><detectionScore>-1.0</detectionScore></element><element><id>8</id><category>sofa</category><bounds><corner1>-0.8922059025864058, -2.4879925972741375, -0.5360167636207054</corner1><corner2>0.8922059025864058, 2.4879925972741375, 0.5360167636207054</corner2></bounds><pose><translation>-4.0536989504739545, 2.416529432891265, -1.1746553142312497</translation><rotation><c1>0, 0, 0</c1><c2>0, 0, 0</c2><c3>0, 0, 0</c3></rotation></pose><symmetry><x>twoFold</x><y>cylindrical</y><z>twoFold</z></symmetry><detectionScore>-1.0</detectionScore></element><element><id>9</id><category>door</category><bounds><corner1>-6.4418616479923685, -5.140708524105384, -1.3411919047463654</corner1><corner2>6.4418616479923685, 5.140708524105384, 1.3411919047463654</corner2></bounds><pose><translation>-6.4418616479923685, 2.2464611201214426, -0.06800916765408356</translation><rotation><c1>0, 0, 0</c1><c2>0, 0, 0</c2><c3>0, 0, 0</c3></rotation></pose><symmetry><x>twoFold</x><y>cylindrical</y><z>twoFold</z></symmetry><detectionScore>-1.0</detectionScore></element><element><id>10</id><category>wall</category><bounds><corner1>-0.9434687862302347, -2.278234180780441, -1.5767178088677054</corner1><corner2>0.9434687862302347, 2.278234180780441, 1.5767178088677054</corner2></bounds><pose><translation>1.2184929480754876, 2.9938601203095865, -0.18229336756664932</translation><rotation><c1>0, 0, 0</c1><c2>0, 0, 0</c2><c3>0, 0, 0</c3></rotation></pose><symmetry><x>twoFold</x><y>cylindrical</y><z>twoFold</z></symmetry><detectionScore>-1.0</detectionScore></element><element><id>11</id><category>wall</category><bounds><corner1>-1.366230118993131, -2.181310113709406, -1.145792269392682</corner1><corner2>1.366230118993131, 2.181310113709406, 1.145792269392682</corner2></bounds><pose><translation>0.44284487187839056, 3.12747892577789, -0.11860170620812481</translation><rotation><c1>0, 0, 0</c1><c2>0, 0, 0</c2><c3>0, 0, 0</c3></rotation></pose><symmetry><x>twoFold</x><y>cylindrical</y><z>twoFold</z></symmetry><detectionScore>-1.0</detectionScore></element><element><id>12</id><category>coffee_table</category><bounds><corner1>-1.3888838342391567, -2.557367602431288, -0.27306688711452864</corner1><corner2>1.3888838342391567, 2.557367602431288, 0.27306688711452864</corner2></bounds><pose><translation>-3.0714211465064305, 2.40785649385659, -1.244234526132936</translation><rotation><c1>0, 0, 0</c1><c2>0, 0, 0</c2><c3>0, 0, 0</c3></rotation></pose><symmetry><x>twoFold</x><y>cylindrical</y><z>twoFold</z></symmetry><detectionScore>-1.0</detectionScore></element><element><id>13</id><category>tv_stand</category><bounds><corner1>-1.8055863867301896, -0.30622421334822736, -0.5158895985461868</corner1><corner2>1.8055863867301896, 0.30622421334822736, 0.5158895985461868</corner2></bounds><pose><translation>-3.325368458076445, 4.890975762363321, -1.0043124960945913</translation><rotation><c1>0, 0, 0</c1><c2>0, 0, 0</c2><c3>0, 0, 0</c3></rotation></pose><symmetry><x>twoFold</x><y>cylindrical</y><z>twoFold</z></symmetry><detectionScore>-1.0</detectionScore></element><element><id>14</id><category>window</category><bounds><corner1>-1.192199238080527, -0.1758555569051694, -0.8846366679766665</corner1><corner2>1.192199238080527, 0.1758555569051694, 0.8846366679766665</corner2></bounds><pose><translation>-0.09481767001982484, 5.163516071412854, 0.11706043699692954</translation><rotation><c1>0, 0, 0</c1><c2>0, 0, 0</c2><c3>0, 0, 0</c3></rotation></pose><symmetry><x>twoFold</x><y>cylindrical</y><z>twoFold</z></symmetry><detectionScore>-1.0</detectionScore></element><element><id>15</id><category>wall</category><bounds><corner1>-6.398105133376564, -4.9524252457875395, -1.362021816452725</corner1><corner2>6.398105133376564, 4.9524252457875395, 1.362021816452725</corner2></bounds><pose><translation>-6.398105133376564, 0.16984527467284583, -0.06825464020952257</translation><rotation><c1>0, 0, 0</c1><c2>0, 0, 0</c2><c3>0, 0, 0</c3></rotation></pose><symmetry><x>twoFold</x><y>cylindrical</y><z>twoFold</z></symmetry><detectionScore>-1.0</detectionScore></element><element><id>16</id><category>wall</category><bounds><corner1>-1.542445124964913, -0.2559726775450706, -0.6856011214965194</corner1><corner2>1.542445124964913, 0.2559726775450706, 0.6856011214965194</corner2></bounds><pose><translation>-3.6471416937295698, -6.166331588288305, -0.055608468598999296</translation><rotation><c1>0, 0, 0</c1><c2>0, 0, 0</c2><c3>0, 0, 0</c3></rotation></pose><symmetry><x>twoFold</x><y>cylindrical</y><z>twoFold</z></symmetry><detectionScore>-1.0</detectionScore></element><element><id>17</id><category>arch</category><bounds><corner1>-2.8456318955919633, -0.21505785845639291, -1.445059682034539</corner1><corner2>2.8456318955919633, 0.21505785845639291, 1.445059682034539</corner2></bounds><pose><translation>-2.0132526867184115, -6.267956394442607, -0.1640263831511882</translation><rotation><c1>0, 0, 0</c1><c2>0, 0, 0</c2><c3>0, 0, 0</c3></rotation></pose><symmetry><x>twoFold</x><y>cylindrical</y><z>twoFold</z></symmetry><detectionScore>-1.0</detectionScore></element><element><id>18</id><category>door</category><bounds><corner1>-0.8124403019913178, -2.3034157598816996, -1.7564119221308998</corner1><corner2>0.8124403019913178, 2.3034157598816996, 1.7564119221308998</corner2></bounds><pose><translation>1.3150144009179292, 2.9713274809392085, -0.6397881488854193</translation><rotation><c1>0, 0, 0</c1><c2>0, 0, 0</c2><c3>0, 0, 0</c3></rotation></pose><symmetry><x>twoFold</x><y>cylindrical</y><z>twoFold</z></symmetry><detectionScore>-1.0</detectionScore></element><element><id>19</id><category>window</category><bounds><corner1>-0.08961722137682138, -1.7764685141075671, -1.3676437126772885</corner1><corner2>0.08961722137682138, 1.7764685141075671, 1.3676437126772885</corner2></bounds><pose><translation>2.353178858553362, -0.16892063976204005, -0.06880909224418753</translation><rotation><c1>0, 0, 0</c1><c2>0, 0, 0</c2><c3>0, 0, 0</c3></rotation></pose><symmetry><x>twoFold</x><y>cylindrical</y><z>twoFold</z></symmetry><detectionScore>-1.0</detectionScore></element><element><id>20</id><category>television</category><bounds><corner1>-0.511608402108136, -0.09766025224847485, -0.41361349018724003</corner1><corner2>0.511608402108136, 0.09766025224847485, 0.41361349018724003</corner2></bounds><pose><translation>-3.2719812396747416, 5.099932420956123, 0.07432242733806824</translation><rotation><c1>0, 0, 0</c1><c2>0, 0, 0</c2><c3>0, 0, 0</c3></rotation></pose><symmetry><x>twoFold</x><y>cylindrical</y><z>twoFold</z></symmetry><detectionScore>-1.0</detectionScore></element><element><id>21</id><category>wall</category><bounds><corner1>-2.325375805103044, -2.227615360813162, -1.4471139521296137</corner1><corner2>2.325375805103044, 2.227615360813162, 1.4471139521296137</corner2></bounds><pose><translation>-6.364347044499674, -3.4930577971975176, -0.1676431066058236</translation><rotation><c1>0, 0, 0</c1><c2>0, 0, 0</c2><c3>0, 0, 0</c3></rotation></pose><symmetry><x>twoFold</x><y>cylindrical</y><z>twoFold</z></symmetry><detectionScore>-1.0</detectionScore></element><element><id>22</id><category>armchair</category><bounds><corner1>-0.7193531131477473, -1.7532153116470068, -0.5643032664371117</corner1><corner2>0.7193531131477473, 1.7532153116470068, 0.5643032664371117</corner2></bounds><pose><translation>-2.064969488074499, 3.4175397266072824, -1.2112379075254895</translation><rotation><c1>0, 0, 0</c1><c2>0, 0, 0</c2><c3>0, 0, 0</c3></rotation></pose><symmetry><x>twoFold</x><y>cylindrical</y><z>twoFold</z></symmetry><detectionScore>-1.0</detectionScore></element><element><id>23</id><category>fireplace</category><bounds><corner1>-1.8089191841022478, -0.2937412433659521, -0.5482170704386324</corner1><corner2>1.8089191841022478, 0.2937412433659521, 0.5482170704386324</corner2></bounds><pose><translation>-3.3266580566529376, 4.9086003117216155, -0.9670339321142256</translation><rotation><c1>0, 0, 0</c1><c2>0, 0, 0</c2><c3>0, 0, 0</c3></rotation></pose><symmetry><x>twoFold</x><y>cylindrical</y><z>twoFold</z></symmetry><detectionScore>-1.0</detectionScore></element><element><id>24</id><category>wall</category><bounds><corner1>-4.197168637773734, -1.386863494015894, -1.317314109013881</corner1><corner2>4.197168637773734, 1.386863494015894, 1.317314109013881</corner2></bounds><pose><translation>-2.240235311595025, -6.232151088382283, -0.05485505250110924</translation><rotation><c1>0, 0, 0</c1><c2>0, 0, 0</c2><c3>0, 0, 0</c3></rotation></pose><symmetry><x>twoFold</x><y>cylindrical</y><z>twoFold</z></symmetry><detectionScore>-1.0</detectionScore></element><element><id>25</id><category>wall</category><bounds><corner1>-1.9821025841213649, -0.15420275576519238, -1.3690447070325353</corner1><corner2>1.9821025841213649, 0.15420275576519238, 1.3690447070325353</corner2></bounds><pose><translation>-1.7522751299114403, 5.147381760746349, -0.07545161050419467</translation><rotation><c1>0, 0, 0</c1><c2>0, 0, 0</c2><c3>0, 0, 0</c3></rotation></pose><symmetry><x>twoFold</x><y>cylindrical</y><z>twoFold</z></symmetry><detectionScore>-1.0</detectionScore></element><element><id>26</id><category>chandelier</category><bounds><corner1>-0.4829519214458964, -2.3899211229190165, -0.08865325034217064</corner1><corner2>0.4829519214458964, 2.3899211229190165, 0.08865325034217064</corner2></bounds><pose><translation>-3.2150876626955993, 2.6974772063640655, 1.2882962900992374</translation><rotation><c1>0, 0, 0</c1><c2>0, 0, 0</c2><c3>0, 0, 0</c3></rotation></pose><symmetry><x>twoFold</x><y>cylindrical</y><z>twoFold</z></symmetry><detectionScore>-1.0</detectionScore></element></elements></scene>