<?xml version='1.0' encoding='utf-8'?>
<scene xmlns:sumo="https://www.sumochallenge.org"><version>2.0</version><categories><id>fb_categories_v1_0</id><url>https://sumochallenge.org/en/categories-1_0.json</url></categories><project_type>bounding_box</project_type><elements><element><id>0</id><category>wall</category><bounds><corner1>-0.3938416842158946, -3.950378819514653, -1.2892960401507403</corner1><corner2>0.3938416842158946, 3.950378819514653, 1.2892960401507403</corner2></bounds><pose><translation>-0.9238305615821742, 4.1404648718204635, -0.007861591462643897</translation><rotation><c1>0, 0, 0</c1><c2>0, 0, 0</c2><c3>0, 0, 0</c3></rotation></pose><symmetry><x>twoFold</x><y>cylindrical</y><z>twoFold</z></symmetry><detectionScore>-1.0</detectionScore></element><element><id>1</id><category>desk</category><bounds><corner1>-1.5355669180688052, -1.4837805018744632, -0.3786206201840404</corner1><corner2>1.5355669180688052, 1.4837805018744632, 0.3786206201840404</corner2></bounds><pose><translation>2.274583827761117, 3.320669202156825, -0.8473672096761519</translation><rotation><c1>0, 0, 0</c1><c2>0, 0, 0</c2><c3>0, 0, 0</c3></rotation></pose><symmetry><x>twoFold</x><y>cylindrical</y><z>twoFold</z></symmetry><detectionScore>-1.0</detectionScore></element><element><id>2</id><category>door</category><bounds><corner1>-0.7093926865627647, -0.31638102912764676, -1.808093364081421</corner1><corner2>0.7093926865627647, 0.31638102912764676, 1.808093364081421</corner2></bounds><pose><translation>-0.5313513213391228, -3.213219217902471, -0.5229389509048947</translation><rotation><c1>0, 0, 0</c1><c2>0, 0, 0</c2><c3>0, 0, 0</c3></rotation></pose><symmetry><x>twoFold</x><y>cylindrical</y><z>twoFold</z></symmetry><detectionScore>-1.0</detectionScore></element><element><id>3</id><category>curtain</category><bounds><corner1>-0.11132307352985871, -0.47652120472237036, -0.5747739679725072</corner1><corner2>0.11132307352985871, 0.47652120472237036, 0.5747739679725072</corner2></bounds><pose><translation>-2.061864333189426, -0.3701202548476636, 0.07438795323006109</translation><rotation><c1>0, 0, 0</c1><c2>0, 0, 0</c2><c3>0, 0, 0</c3></rotation></pose><symmetry><x>twoFold</x><y>cylindrical</y><z>twoFold</z></symmetry><detectionScore>-1.0</detectionScore></element><element><id>4</id><category>chair</category><bounds><corner1>-1.4035289072717343, -1.3824830283645664, -0.640767040269232</corner1><corner2>1.4035289072717343, 1.3824830283645664, 0.640767040269232</corner2></bounds><pose><translation>2.4265196986140554, 3.4877344636462, -1.1124645719278172</translation><rotation><c1>0, 0, 0</c1><c2>0, 0, 0</c2><c3>0, 0, 0</c3></rotation></pose><symmetry><x>twoFold</x><y>cylindrical</y><z>twoFold</z></symmetry><detectionScore>-1.0</detectionScore></element><element><id>5</id><category>wall</category><bounds><corner1>-0.5116699818360635, -0.18711926287799674, -1.5108328402935494</corner1><corner2>0.5116699818360635, 0.18711926287799674, 1.5108328402935494</corner2></bounds><pose><translation>-0.7434889679148704, -3.077024413621694, -0.2512109686546869</translation><rotation><c1>0, 0, 0</c1><c2>0, 0, 0</c2><c3>0, 0, 0</c3></rotation></pose><symmetry><x>twoFold</x><y>cylindrical</y><z>twoFold</z></symmetry><detectionScore>-1.0</detectionScore></element><element><id>6</id><category>plant</category><bounds><corner1>-0.7422032304873749, -0.56472171319946, -0.8466316161948186</corner1><corner2>0.7422032304873749, 0.56472171319946, 0.8466316161948186</corner2></bounds><pose><translation>-1.8737356270500372, 1.0517794443639799, 0.10798128803196444</translation><rotation><c1>0, 0, 0</c1><c2>0, 0, 0</c2><c3>0, 0, 0</c3></rotation></pose><symmetry><x>twoFold</x><y>cylindrical</y><z>twoFold</z></symmetry><detectionScore>-1.0</detectionScore></element><element><id>7</id><category>coffee_table</category><bounds><corner1>-1.5172232028964887, -1.1599926624481525, -0.3880784079603691</corner1><corner2>1.5172232028964887, 1.1599926624481525, 0.3880784079603691</corner2></bounds><pose><translation>1.648922349436943, 1.309462705168584, -0.7662922914869159</translation><rotation><c1>0, 0, 0</c1><c2>0, 0, 0</c2><c3>0, 0, 0</c3></rotation></pose><symmetry><x>twoFold</x><y>cylindrical</y><z>twoFold</z></symmetry><detectionScore>-1.0</detectionScore></element><element><id>8</id><category>plant</category><bounds><corner1>-0.8665560742377509, -8.246475972864712, -1.1319098888708627</corner1><corner2>0.8665560742377509, 8.246475972864712, 1.1319098888708627</corner2></bounds><pose><translation>-1.1069013700828694, 4.654787745242939, 0.1678740353008728</translation><rotation><c1>0, 0, 0</c1><c2>0, 0, 0</c2><c3>0, 0, 0</c3></rotation></pose><symmetry><x>twoFold</x><y>cylindrical</y><z>twoFold</z></symmetry><detectionScore>-1.0</detectionScore></element><element><id>9</id><category>plant</category><bounds><corner1>-0.05411148599746429, -0.31339766207512937, -0.4268154019682775</corner1><corner2>0.05411148599746429, 0.31339766207512937, 0.4268154019682775</corner2></bounds><pose><translation>-2.0560207419641503, -0.7491137657759057, -0.3922786053806575</translation><rotation><c1>0, 0, 0</c1><c2>0, 0, 0</c2><c3>0, 0, 0</c3></rotation></pose><symmetry><x>twoFold</x><y>cylindrical</y><z>twoFold</z></symmetry><detectionScore>-1.0</detectionScore></element><element><id>10</id><category>kitchen_cabinet</category><bounds><corner1>-1.5103872262706264, -1.4892564541243818, -0.37745501914866636</corner1><corner2>1.5103872262706264, 1.4892564541243818, 0.37745501914866636</corner2></bounds><pose><translation>2.315969147632097, 3.3262882302420866, -0.8322145884458789</translation><rotation><c1>0, 0, 0</c1><c2>0, 0, 0</c2><c3>0, 0, 0</c3></rotation></pose><symmetry><x>twoFold</x><y>cylindrical</y><z>twoFold</z></symmetry><detectionScore>-1.0</detectionScore></element><element><id>11</id><category>plant</category><bounds><corner1>-0.05301299206896681, -0.2406841261505055, -0.27320272243902394</corner1><corner2>0.05301299206896681, 0.2406841261505055, 0.27320272243902394</corner2></bounds><pose><translation>-2.0615335273956785, -0.5668457669556269, -0.6142905617545648</translation><rotation><c1>0, 0, 0</c1><c2>0, 0, 0</c2><c3>0, 0, 0</c3></rotation></pose><symmetry><x>twoFold</x><y>cylindrical</y><z>twoFold</z></symmetry><detectionScore>-1.0</detectionScore></element><element><id>12</id><category>plant</category><bounds><corner1>-0.7476908876971613, -0.37196989616579834, -0.30811423762515755</corner1><corner2>0.7476908876971613, 0.37196989616579834, 0.30811423762515755</corner2></bounds><pose><translation>-1.942010973273604, 0.8629866889151719, -0.14774323822721686</translation><rotation><c1>0, 0, 0</c1><c2>0, 0, 0</c2><c3>0, 0, 0</c3></rotation></pose><symmetry><x>twoFold</x><y>cylindrical</y><z>twoFold</z></symmetry><detectionScore>-1.0</detectionScore></element><element><id>13</id><category>picture_frame</category><bounds><corner1>-0.10533948015968253, -0.1283928329955475, -0.6655283119078862</corner1><corner2>0.10533948015968253, 0.1283928329955475, 0.6655283119078862</corner2></bounds><pose><translation>3.900147915209277, 2.5915122939067046, 0.1488978504522984</translation><rotation><c1>0, 0, 0</c1><c2>0, 0, 0</c2><c3>0, 0, 0</c3></rotation></pose><symmetry><x>twoFold</x><y>cylindrical</y><z>twoFold</z></symmetry><detectionScore>-1.0</detectionScore></element><element><id>14</id><category>wall</category><bounds><corner1>-1.0349481436565702, -2.8202300095049946, -1.2452106234912532</corner1><corner2>1.0349481436565702, 2.8202300095049946, 1.2452106234912532</corner2></bounds><pose><translation>0.19481825121098983, 10.145956707255905, 0.010329144499280147</translation><rotation><c1>0, 0, 0</c1><c2>0, 0, 0</c2><c3>0, 0, 0</c3></rotation></pose><symmetry><x>twoFold</x><y>cylindrical</y><z>twoFold</z></symmetry><detectionScore>-1.0</detectionScore></element><element><id>15</id><category>wall</category><bounds><corner1>-1.5748426717870063, -0.2836160864856385, -1.6288247288803142</corner1><corner2>1.5748426717870063, 0.2836160864856385, 1.6288247288803142</corner2></bounds><pose><translation>-0.33979335353679924, -2.9597134568270804, -0.23836931721708499</translation><rotation><c1>0, 0, 0</c1><c2>0, 0, 0</c2><c3>0, 0, 0</c3></rotation></pose><symmetry><x>twoFold</x><y>cylindrical</y><z>twoFold</z></symmetry><detectionScore>-1.0</detectionScore></element><element><id>16</id><category>door</category><bounds><corner1>-0.9413364707222898, -2.7346792664572277, -1.2854265186920053</corner1><corner2>0.9413364707222898, 2.7346792664572277, 1.2854265186920053</corner2></bounds><pose><translation>0.2989159661330554, 10.236633258591265, -0.014048499888992202</translation><rotation><c1>0, 0, 0</c1><c2>0, 0, 0</c2><c3>0, 0, 0</c3></rotation></pose><symmetry><x>twoFold</x><y>cylindrical</y><z>twoFold</z></symmetry><detectionScore>-1.0</detectionScore></element><element><id>17</id><category>wall</category><bounds><corner1>-0.08626687871739613, -1.103980852262162, -0.4976361738788345</corner1><corner2>0.08626687871739613, 1.103980852262162, 0.4976361738788345</corner2></bounds><pose><translation>-2.0284919429405726, -0.6632620525440875, -0.02584738945333166</translation><rotation><c1>0, 0, 0</c1><c2>0, 0, 0</c2><c3>0, 0, 0</c3></rotation></pose><symmetry><x>twoFold</x><y>cylindrical</y><z>twoFold</z></symmetry><detectionScore>-1.0</detectionScore></element><element><id>18</id><category>wall</category><bounds><corner1>-0.41148185223281397, -0.4268241138830926, -1.663609542585224</corner1><corner2>0.41148185223281397, 0.4268241138830926, 1.663609542585224</corner2></bounds><pose><translation>-1.2412150673587445, -2.9382997588263997, -0.3119796551839398</translation><rotation><c1>0, 0, 0</c1><c2>0, 0, 0</c2><c3>0, 0, 0</c3></rotation></pose><symmetry><x>twoFold</x><y>cylindrical</y><z>twoFold</z></symmetry><detectionScore>-1.0</detectionScore></element><element><id>19</id><category>fence</category><bounds><corner1>-0.3218571150813673, -2.7100017375779126, -0.3208675793130234</corner1><corner2>0.3218571150813673, 2.7100017375779126, 0.3208675793130234</corner2></bounds><pose><translation>-1.0554630046818398, 1.43861622908672, -0.5058075822950279</translation><rotation><c1>0, 0, 0</c1><c2>0, 0, 0</c2><c3>0, 0, 0</c3></rotation></pose><symmetry><x>twoFold</x><y>cylindrical</y><z>twoFold</z></symmetry><detectionScore>-1.0</detectionScore></element><element><id>20</id><category>wall</category><bounds><corner1>-0.09811719855325096, -0.32944792117876553, -1.6331154850317267</corner1><corner2>0.09811719855325096, 0.32944792117876553, 1.6331154850317267</corner2></bounds><pose><translation>1.2746930872264104, -2.1147553783617754, -0.23847485451529518</translation><rotation><c1>0, 0, 0</c1><c2>0, 0, 0</c2><c3>0, 0, 0</c3></rotation></pose><symmetry><x>twoFold</x><y>cylindrical</y><z>twoFold</z></symmetry><detectionScore>-1.0</detectionScore></element><element><id>21</id><category>picture_frame</category><bounds><corner1>-0.07337689804757797, -0.3459384193461272, -1.1614495320253988</corner1><corner2>0.07337689804757797, 0.3459384193461272, 1.1614495320253988</corner2></bounds><pose><translation>1.4396719025132372, 0.45126656014561733, -0.087576285944059</translation><rotation><c1>0, 0, 0</c1><c2>0, 0, 0</c2><c3>0, 0, 0</c3></rotation></pose><symmetry><x>twoFold</x><y>cylindrical</y><z>twoFold</z></symmetry><detectionScore>-1.0</detectionScore></element><element><id>22</id><category>chair</category><bounds><corner1>-1.8341211507895308, -1.3549838922262043, -0.3673892810056764</corner1><corner2>1.8341211507895308, 1.3549838922262043, 0.3673892810056764</corner2></bounds><pose><translation>1.430622268128098, 0.8319239066908927, -0.7379587956138827</translation><rotation><c1>0, 0, 0</c1><c2>0, 0, 0</c2><c3>0, 0, 0</c3></rotation></pose><symmetry><x>twoFold</x><y>cylindrical</y><z>twoFold</z></symmetry><detectionScore>-1.0</detectionScore></element><element><id>23</id><category>door</category><bounds><corner1>-0.18886519853494854, -1.1482019537863817, -1.538251050708267</corner1><corner2>0.18886519853494854, 1.1482019537863817, 1.538251050708267</corner2></bounds><pose><translation>-1.9898677140264238, -0.2916816516153545, -0.0653684958662048</translation><rotation><c1>0, 0, 0</c1><c2>0, 0, 0</c2><c3>0, 0, 0</c3></rotation></pose><symmetry><x>twoFold</x><y>cylindrical</y><z>twoFold</z></symmetry><detectionScore>-1.0</detectionScore></element><element><id>24</id><category>picture_frame</category><bounds><corner1>-0.8956313174527257, -0.16132279137710093, -0.8142473767973006</corner1><corner2>0.8956313174527257, 0.16132279137710093, 0.8142473767973006</corner2></bounds><pose><translation>2.458987313490926, 4.778694105136225, 0.20251221747987788</translation><rotation><c1>0, 0, 0</c1><c2>0, 0, 0</c2><c3>0, 0, 0</c3></rotation></pose><symmetry><x>twoFold</x><y>cylindrical</y><z>twoFold</z></symmetry><detectionScore>-1.0</detectionScore></element><element><id>25</id><category>wall</category><bounds><corner1>-1.4694981659568143, -0.1492590905396014, -1.4421549405390899</corner1><corner2>1.4694981659568143, 0.1492590905396014, 1.4421549405390899</corner2></bounds><pose><translation>2.300400804051102, 4.803060663618891, -0.18280120401918437</translation><rotation><c1>0, 0, 0</c1><c2>0, 0, 0</c2><c3>0, 0, 0</c3></rotation></pose><symmetry><x>twoFold</x><y>cylindrical</y><z>twoFold</z></symmetry><detectionScore>-1.0</detectionScore></element><element><id>26</id><category>chair</category><bounds><corner1>-1.537684133793199, -1.003706608974978, -0.37942182150774717</corner1><corner2>1.537684133793199, 1.003706608974978, 0.37942182150774717</corner2></bounds><pose><translation>1.6864275551024341, 1.3506672396499189, -0.8117469369539275</translation><rotation><c1>0, 0, 0</c1><c2>0, 0, 0</c2><c3>0, 0, 0</c3></rotation></pose><symmetry><x>twoFold</x><y>cylindrical</y><z>twoFold</z></symmetry><detectionScore>-1.0</detectionScore></element><element><id>27</id><category>plant</category><bounds><corner1>-0.35980347588054307, -5.981506383940317, -1.4918105463876785</corner1><corner2>0.35980347588054307, 5.981506383940317, 1.4918105463876785</corner2></bounds><pose><translation>-0.9613718447023989, 3.6449864804177032, -0.17523025659906782</translation><rotation><c1>0, 0, 0</c1><c2>0, 0, 0</c2><c3>0, 0, 0</c3></rotation></pose><symmetry><x>twoFold</x><y>cylindrical</y><z>twoFold</z></symmetry><detectionScore>-1.0</detectionScore></element><element><id>28</id><category>curtain</category><bounds><corner1>-0.19217114990464346, -0.8512105702966639, -1.6072865312405056</corner1><corner2>0.19217114990464346, 0.8512105702966639, 1.6072865312405056</corner2></bounds><pose><translation>-1.989581410158725, -0.13933762210751272, -0.10481904871034427</translation><rotation><c1>0, 0, 0</c1><c2>0, 0, 0</c2><c3>0, 0, 0</c3></rotation></pose><symmetry><x>twoFold</x><y>cylindrical</y><z>twoFold</z></symmetry><detectionScore>-1.0</detectionScore></element><element><id>29</id><category>plant</category><bounds><corner1>-0.3292250352856759, -2.8038721704461813, -0.3309163616242604</corner1><corner2>0.3292250352856759, 2.8038721704461813, 0.3309163616242604</corner2></bounds><pose><translation>-1.059024288802622, 1.4415493638496133, -0.5102771686133576</translation><rotation><c1>0, 0, 0</c1><c2>0, 0, 0</c2><c3>0, 0, 0</c3></rotation></pose><symmetry><x>twoFold</x><y>cylindrical</y><z>twoFold</z></symmetry><detectionScore>-1.0</detectionScore></element><element><id>30</id><category>door</category><bounds><corner1>-0.1258116904924993, -0.5928143893847392, -0.7561362636431088</corner1><corner2>0.1258116904924993, 0.5928143893847392, 0.7561362636431088</corner2></bounds><pose><translation>-2.03793856057555, -0.09945103787240349, -0.12512862831059107</translation><rotation><c1>0, 0, 0</c1><c2>0, 0, 0</c2><c3>0, 0, 0</c3></rotation></pose><symmetry><x>twoFold</x><y>cylindrical</y><z>twoFold</z></symmetry><detectionScore>-1.0</detectionScore></element><element><id>31</id><category>dining_table</category><bounds><corner1>-1.8110940792229178, -1.4331039412553053, -0.44933026627354294</corner1><corner2>1.8110940792229178, 1.4331039412553053, 0.44933026627354294</corner2></bounds><pose><translation>1.6426103870389204, 1.2724537757983945, -0.7802957122220859</translation><rotation><c1>0, 0, 0</c1><c2>0, 0, 0</c2><c3>0, 0, 0</c3></rotation></pose><symmetry><x>twoFold</x><y>cylindrical</y><z>twoFold</z></symmetry><detectionScore>-1.0</detectionScore></element><element><id>32</id><category>chandelier</category><bounds><corner1>-0.6656951504384634, -0.9025304607611511, -0.12984611848079997</corner1><corner2>0.6656951504384634, 0.9025304607611511, 0.12984611848079997</corner2></bounds><pose><translation>3.2032988587862237, 3.9598518253824104, 1.2336210817574993</translation><rotation><c1>0, 0, 0</c1><c2>0, 0, 0</c2><c3>0, 0, 0</c3></rotation></pose><symmetry><x>twoFold</x><y>cylindrical</y><z>twoFold</z></symmetry><detectionScore>-1.0</detectionScore></element></elements></scene>