<?xml version='1.0' encoding='utf-8'?>
<scene xmlns:sumo="https://www.sumochallenge.org"><version>2.0</version><categories><id>fb_categories_v1_0</id><url>https://sumochallenge.org/en/categories-1_0.json</url></categories><project_type>bounding_box</project_type><elements><element><id>0</id><category>fence</category><bounds><corner1>-11.235533926391497, -0.0, -0.29611261030544644</corner1><corner2>11.235533926391497, 0.0, 0.29611261030544644</corner2></bounds><pose><translation>0.0, 0.0, 0.0</translation><rotation><c1>0, 0, 0</c1><c2>0, 0, 0</c2><c3>0, 0, 0</c3></rotation></pose><symmetry><x>twoFold</x><y>cylindrical</y><z>twoFold</z></symmetry><detectionScore>-1.0</detectionScore></element><element><id>1</id><category>chandelier</category><bounds><corner1>-0.7920036562896469, -3.648090920067059, -0.08363045626702115</corner1><corner2>0.7920036562896469, 3.648090920067059, 0.08363045626702115</corner2></bounds><pose><translation>1.6644775059589016, -3.648090920067059, 0.4885882951895908</translation><rotation><c1>0, 0, 0</c1><c2>0, 0, 0</c2><c3>0, 0, 0</c3></rotation></pose><symmetry><x>twoFold</x><y>cylindrical</y><z>twoFold</z></symmetry><detectionScore>-1.0</detectionScore></element><element><id>2</id><category>fence</category><bounds><corner1>-11.24430579675728, -0.0, -0.09557471918875828</corner1><corner2>11.24430579675728, 0.0, 0.09557471918875828</corner2></bounds><pose><translation>0.0, 0.0, 0.0</translation><rotation><c1>0, 0, 0</c1><c2>0, 0, 0</c2><c3>0, 0, 0</c3></rotation></pose><symmetry><x>twoFold</x><y>cylindrical</y><z>twoFold</z></symmetry><detectionScore>-1.0</detectionScore></element><element><id>3</id><category>fence</category><bounds><corner1>-0.33629069473679785, -9.920056045707291, -0.8916250753550301</corner1><corner2>0.33629069473679785, 9.920056045707291, 0.8916250753550301</corner2></bounds><pose><translation>10.89023833607676, -9.920056045707291, -0.8916250753550301</translation><rotation><c1>0, 0, 0</c1><c2>0, 0, 0</c2><c3>0, 0, 0</c3></rotation></pose><symmetry><x>twoFold</x><y>cylindrical</y><z>twoFold</z></symmetry><detectionScore>-1.0</detectionScore></element><element><id>4</id><category>shelving</category><bounds><corner1>-0.7858632883447325, -3.4928972767933746, -1.1912971240091648</corner1><corner2>0.7858632883447325, 3.4928972767933746, 1.1912971240091648</corner2></bounds><pose><translation>-1.4746356227909643, -6.072467533281872, -0.5687623320550358</translation><rotation><c1>0, 0, 0</c1><c2>0, 0, 0</c2><c3>0, 0, 0</c3></rotation></pose><symmetry><x>twoFold</x><y>cylindrical</y><z>twoFold</z></symmetry><detectionScore>-1.0</detectionScore></element><element><id>5</id><category>wall</category><bounds><corner1>-3.0957075101510325, -4.618417212201423, -1.4395219419820986</corner1><corner2>3.0957075101510325, 4.618417212201423, 1.4395219419820986</corner2></bounds><pose><translation>1.619615509149383, -4.618417212201423, -0.2149275589866832</translation><rotation><c1>0, 0, 0</c1><c2>0, 0, 0</c2><c3>0, 0, 0</c3></rotation></pose><symmetry><x>twoFold</x><y>cylindrical</y><z>twoFold</z></symmetry><detectionScore>-1.0</detectionScore></element><element><id>6</id><category>plant</category><bounds><corner1>-5.495533481356514, -4.693305390037302, -0.5909464150771829</corner1><corner2>5.495533481356514, 4.693305390037302, 0.5909464150771829</corner2></bounds><pose><translation>1.8198078803006197, -4.693305390037302, -0.5154449412281812</translation><rotation><c1>0, 0, 0</c1><c2>0, 0, 0</c2><c3>0, 0, 0</c3></rotation></pose><symmetry><x>twoFold</x><y>cylindrical</y><z>twoFold</z></symmetry><detectionScore>-1.0</detectionScore></element><element><id>7</id><category>fence</category><bounds><corner1>-8.332104253734162, -5.181909117093415, -0.3700306682814128</corner1><corner2>8.332104253734162, 5.181909117093415, 0.3700306682814128</corner2></bounds><pose><translation>2.6330127629748463, -5.181909117093415, 0.0</translation><rotation><c1>0, 0, 0</c1><c2>0, 0, 0</c2><c3>0, 0, 0</c3></rotation></pose><symmetry><x>twoFold</x><y>cylindrical</y><z>twoFold</z></symmetry><detectionScore>-1.0</detectionScore></element><element><id>8</id><category>fence</category><bounds><corner1>-11.149138235173538, -0.0, -0.07065504170261604</corner1><corner2>11.149138235173538, 0.0, 0.07065504170261604</corner2></bounds><pose><translation>0.0, 0.0, 0.0</translation><rotation><c1>0, 0, 0</c1><c2>0, 0, 0</c2><c3>0, 0, 0</c3></rotation></pose><symmetry><x>twoFold</x><y>cylindrical</y><z>twoFold</z></symmetry><detectionScore>-1.0</detectionScore></element><element><id>9</id><category>outdoor_lamp</category><bounds><corner1>-0.32974879988141126, -9.995411507417094, -0.9675372327239808</corner1><corner2>0.32974879988141126, 9.995411507417094, 0.9675372327239808</corner2></bounds><pose><translation>10.896780230932146, -9.995411507417094, -0.9675372327239808</translation><rotation><c1>0, 0, 0</c1><c2>0, 0, 0</c2><c3>0, 0, 0</c3></rotation></pose><symmetry><x>twoFold</x><y>cylindrical</y><z>twoFold</z></symmetry><detectionScore>-1.0</detectionScore></element><element><id>10</id><category>fence</category><bounds><corner1>-8.846264181222192, -4.887245554317069, -0.41780875500445175</corner1><corner2>8.846264181222192, 4.887245554317069, 0.41780875500445175</corner2></bounds><pose><translation>2.1641680278297617, -4.887245554317069, -0.037236920925123415</translation><rotation><c1>0, 0, 0</c1><c2>0, 0, 0</c2><c3>0, 0, 0</c3></rotation></pose><symmetry><x>twoFold</x><y>cylindrical</y><z>twoFold</z></symmetry><detectionScore>-1.0</detectionScore></element><element><id>11</id><category>wall</category><bounds><corner1>-2.3230412055545875, -0.7877449714020521, -1.1736865648048536</corner1><corner2>2.3230412055545875, 0.7877449714020521, 1.1736865648048536</corner2></bounds><pose><translation>-1.0081388013984518, -6.084070348410568, -0.16078514787756953</translation><rotation><c1>0, 0, 0</c1><c2>0, 0, 0</c2><c3>0, 0, 0</c3></rotation></pose><symmetry><x>twoFold</x><y>cylindrical</y><z>twoFold</z></symmetry><detectionScore>-1.0</detectionScore></element><element><id>12</id><category>fence</category><bounds><corner1>-11.132239731229765, -0.0, -0.4257070495410625</corner1><corner2>11.132239731229765, 0.0, 0.4257070495410625</corner2></bounds><pose><translation>0.0, 0.0, 0.0</translation><rotation><c1>0, 0, 0</c1><c2>0, 0, 0</c2><c3>0, 0, 0</c3></rotation></pose><symmetry><x>twoFold</x><y>cylindrical</y><z>twoFold</z></symmetry><detectionScore>-1.0</detectionScore></element><element><id>13</id><category>wall</category><bounds><corner1>-0.1110915849110854, -1.1942084170694254, -1.5936837696048693</corner1><corner2>0.1110915849110854, 1.1942084170694254, 1.5936837696048693</corner2></bounds><pose><translation>1.9261515050523883, -0.07403099681930901, -0.10058580379700803</translation><rotation><c1>0, 0, 0</c1><c2>0, 0, 0</c2><c3>0, 0, 0</c3></rotation></pose><symmetry><x>twoFold</x><y>cylindrical</y><z>twoFold</z></symmetry><detectionScore>-1.0</detectionScore></element><element><id>14</id><category>fence</category><bounds><corner1>-11.134527089161415, -0.0, -0.3653228725067901</corner1><corner2>11.134527089161415, 0.0, 0.3653228725067901</corner2></bounds><pose><translation>0.0, 0.0, 0.0</translation><rotation><c1>0, 0, 0</c1><c2>0, 0, 0</c2><c3>0, 0, 0</c3></rotation></pose><symmetry><x>twoFold</x><y>cylindrical</y><z>twoFold</z></symmetry><detectionScore>-1.0</detectionScore></element><element><id>15</id><category>floor</category><bounds><corner1>-2.399182070334689, -2.854810041618749, -0.6476184139255613</corner1><corner2>2.399182070334689, 2.854810041618749, 0.6476184139255613</corner2></bounds><pose><translation>0.4676427691952618, -5.945426725975661, -1.3282069645629986</translation><rotation><c1>0, 0, 0</c1><c2>0, 0, 0</c2><c3>0, 0, 0</c3></rotation></pose><symmetry><x>twoFold</x><y>cylindrical</y><z>twoFold</z></symmetry><detectionScore>-1.0</detectionScore></element><element><id>16</id><category>door</category><bounds><corner1>-0.9611090756802901, -0.8310679650336654, -1.3389022169750038</corner1><corner2>0.9611090756802901, 0.8310679650336654, 1.3389022169750038</corner2></bounds><pose><translation>0.22354392202385123, -6.045566328708584, -0.5958178754821597</translation><rotation><c1>0, 0, 0</c1><c2>0, 0, 0</c2><c3>0, 0, 0</c3></rotation></pose><symmetry><x>twoFold</x><y>cylindrical</y><z>twoFold</z></symmetry><detectionScore>-1.0</detectionScore></element><element><id>17</id><category>door</category><bounds><corner1>-0.8266234352728632, -0.04135313882518932, -0.7196857572777118</corner1><corner2>0.8266234352728632, 0.04135313882518932, 0.7196857572777118</corner2></bounds><pose><translation>-3.4569313324925446, 1.0122862677451447, -0.6317411124765868</translation><rotation><c1>0, 0, 0</c1><c2>0, 0, 0</c2><c3>0, 0, 0</c3></rotation></pose><symmetry><x>twoFold</x><y>cylindrical</y><z>twoFold</z></symmetry><detectionScore>-1.0</detectionScore></element><element><id>18</id><category>window</category><bounds><corner1>-0.07556016263870591, -0.8640655231834953, -0.8781222149562393</corner1><corner2>0.07556016263870591, 0.8640655231834953, 0.8781222149562393</corner2></bounds><pose><translation>1.9733327164840362, 0.09484937508400185, -1.0354925704433062</translation><rotation><c1>0, 0, 0</c1><c2>0, 0, 0</c2><c3>0, 0, 0</c3></rotation></pose><symmetry><x>twoFold</x><y>cylindrical</y><z>twoFold</z></symmetry><detectionScore>-1.0</detectionScore></element><element><id>19</id><category>picture_frame</category><bounds><corner1>-0.14555220576808026, -0.5952718552228191, -0.2824551898687013</corner1><corner2>0.14555220576808026, 0.5952718552228191, 0.2824551898687013</corner2></bounds><pose><translation>2.0678593233910965, -4.783286573904758, 0.17920548464280472</translation><rotation><c1>0, 0, 0</c1><c2>0, 0, 0</c2><c3>0, 0, 0</c3></rotation></pose><symmetry><x>twoFold</x><y>cylindrical</y><z>twoFold</z></symmetry><detectionScore>-1.0</detectionScore></element><element><id>20</id><category>wall</category><bounds><corner1>-3.580446133823692, -6.044169381938415, -1.225696053344392</corner1><corner2>3.580446133823692, 6.044169381938415, 1.225696053344392</corner2></bounds><pose><translation>1.072055896338363, -6.044169381938415, -0.18069735116976585</translation><rotation><c1>0, 0, 0</c1><c2>0, 0, 0</c2><c3>0, 0, 0</c3></rotation></pose><symmetry><x>twoFold</x><y>cylindrical</y><z>twoFold</z></symmetry><detectionScore>-1.0</detectionScore></element><element><id>21</id><category>door</category><bounds><corner1>-6.145193568011648, -4.870926002805408, -1.2468468167999327</corner1><corner2>6.145193568011648, 4.870926002805408, 1.2468468167999327</corner2></bounds><pose><translation>1.7185785491081769, -4.870926002805408, -0.5713103409195541</translation><rotation><c1>0, 0, 0</c1><c2>0, 0, 0</c2><c3>0, 0, 0</c3></rotation></pose><symmetry><x>twoFold</x><y>cylindrical</y><z>twoFold</z></symmetry><detectionScore>-1.0</detectionScore></element><element><id>22</id><category>window</category><bounds><corner1>-0.14631180198128257, -0.593183697406988, -0.28964720347513573</corner1><corner2>0.14631180198128257, 0.593183697406988, 0.28964720347513573</corner2></bounds><pose><translation>2.067099727177894, -4.782921093011752, 0.17188455394523286</translation><rotation><c1>0, 0, 0</c1><c2>0, 0, 0</c2><c3>0, 0, 0</c3></rotation></pose><symmetry><x>twoFold</x><y>cylindrical</y><z>twoFold</z></symmetry><detectionScore>-1.0</detectionScore></element><element><id>23</id><category>wall</category><bounds><corner1>-3.7499695241202127, -2.4261211639139306, -1.3955314018339315</corner1><corner2>3.7499695241202127, 2.4261211639139306, 1.3955314018339315</corner2></bounds><pose><translation>-6.011357552358718, -1.5888324683124768, -0.10226978512323806</translation><rotation><c1>0, 0, 0</c1><c2>0, 0, 0</c2><c3>0, 0, 0</c3></rotation></pose><symmetry><x>twoFold</x><y>cylindrical</y><z>twoFold</z></symmetry><detectionScore>-1.0</detectionScore></element><element><id>24</id><category>window</category><bounds><corner1>-0.7187111553018406, -0.05439019132863698, -0.9379662318605559</corner1><corner2>0.7187111553018406, 0.05439019132863698, 0.9379662318605559</corner2></bounds><pose><translation>-3.9803614738316644, 0.9924470627275269, -0.9181604991527921</translation><rotation><c1>0, 0, 0</c1><c2>0, 0, 0</c2><c3>0, 0, 0</c3></rotation></pose><symmetry><x>twoFold</x><y>cylindrical</y><z>twoFold</z></symmetry><detectionScore>-1.0</detectionScore></element><element><id>25</id><category>wall_lamp</category><bounds><corner1>-0.7920036562896469, -3.648090920067059, -0.08363045626702115</corner1><corner2>0.7920036562896469, 3.648090920067059, 0.08363045626702115</corner2></bounds><pose><translation>1.6644775059589016, -3.648090920067059, 0.4885882951895908</translation><rotation><c1>0, 0, 0</c1><c2>0, 0, 0</c2><c3>0, 0, 0</c3></rotation></pose><symmetry><x>twoFold</x><y>cylindrical</y><z>twoFold</z></symmetry><detectionScore>-1.0</detectionScore></element></elements></scene>