<?xml version='1.0' encoding='utf-8'?>
<scene xmlns:sumo="https://www.sumochallenge.org"><version>2.0</version><categories><id>fb_categories_v1_0</id><url>https://sumochallenge.org/en/categories-1_0.json</url></categories><project_type>bounding_box</project_type><elements><element><id>0</id><category>chandelier</category><bounds><corner1>-0.34613718295324647, -0.10436497559961566, -1.4101694832773006</corner1><corner2>0.34613718295324647, 0.10436497559961566, 1.4101694832773006</corner2></bounds><pose><translation>-2.2698854082470317, 1.4088176155400478, 0.5867875106582849</translation><rotation><c1>1, 0, 0</c1><c2>0, 1, 0</c2><c3>0, 0, 1</c3></rotation></pose><symmetry><x>twoFold</x><y>cylindrical</y><z>twoFold</z></symmetry><detectionScore>-1.0</detectionScore></element><element><id>1</id><category>wall</category><bounds><corner1>-0.0826061256376418, -1.5595957886931515, -0.9130786933104105</corner1><corner2>0.0826061256376418, 1.5595957886931515, 0.9130786933104105</corner2></bounds><pose><translation>2.9615020898603612, -0.1251399949620755, -0.5300801953154197</translation><rotation><c1>1, 0, 0</c1><c2>0, 1, 0</c2><c3>0, 0, 1</c3></rotation></pose><symmetry><x>twoFold</x><y>cylindrical</y><z>twoFold</z></symmetry><detectionScore>-1.0</detectionScore></element><element><id>2</id><category>shelving</category><bounds><corner1>-0.9171694088854521, -0.3469792045232827, -0.4531043264186487</corner1><corner2>0.9171694088854521, 0.3469792045232827, 0.4531043264186487</corner2></bounds><pose><translation>-4.755754117869641, 1.0290211559288214, -0.4196531466339972</translation><rotation><c1>1, 0, 0</c1><c2>0, 1, 0</c2><c3>0, 0, 1</c3></rotation></pose><symmetry><x>twoFold</x><y>cylindrical</y><z>twoFold</z></symmetry><detectionScore>-1.0</detectionScore></element><element><id>3</id><category>chair</category><bounds><corner1>-1.8287795922055077, -1.1892318628070073, -2.389807595112365</corner1><corner2>1.8287795922055077, 1.1892318628070073, 2.389807595112365</corner2></bounds><pose><translation>4.822036478888073, -1.2740944829558016, -2.813663440170868</translation><rotation><c1>1, 0, 0</c1><c2>0, 1, 0</c2><c3>0, 0, 1</c3></rotation></pose><symmetry><x>twoFold</x><y>cylindrical</y><z>twoFold</z></symmetry><detectionScore>-1.0</detectionScore></element><element><id>4</id><category>single_bed</category><bounds><corner1>-0.48280192837592106, -0.648021179251173, -1.131590454345612</corner1><corner2>0.48280192837592106, 0.648021179251173, 1.131590454345612</corner2></bounds><pose><translation>-1.895361540585888, -0.9939959803672868, -0.7178795092438592</translation><rotation><c1>1, 0, 0</c1><c2>0, 1, 0</c2><c3>0, 0, 1</c3></rotation></pose><symmetry><x>twoFold</x><y>cylindrical</y><z>twoFold</z></symmetry><detectionScore>-1.0</detectionScore></element><element><id>5</id><category>chandelier</category><bounds><corner1>-0.6522995748335538, -0.0937036695840947, -0.3435988946108539</corner1><corner2>0.6522995748335538, 0.0937036695840947, 0.3435988946108539</corner2></bounds><pose><translation>2.107692564688399, 1.4263620415541338, -0.3787896032682421</translation><rotation><c1>1, 0, 0</c1><c2>0, 1, 0</c2><c3>0, 0, 1</c3></rotation></pose><symmetry><x>twoFold</x><y>cylindrical</y><z>twoFold</z></symmetry><detectionScore>-1.0</detectionScore></element><element><id>6</id><category>floor</category><bounds><corner1>-1.847660776466875, -0.3411106669664803, -1.144898039718019</corner1><corner2>1.847660776466875, 0.3411106669664803, 1.144898039718019</corner2></bounds><pose><translation>-4.21674367712867, -1.0471671759628107, 0.09733041224001662</translation><rotation><c1>1, 0, 0</c1><c2>0, 1, 0</c2><c3>0, 0, 1</c3></rotation></pose><symmetry><x>twoFold</x><y>cylindrical</y><z>twoFold</z></symmetry><detectionScore>-1.0</detectionScore></element><element><id>7</id><category>wall</category><bounds><corner1>-3.7329745615138483, -1.3371979201327873, -0.6945690676799899</corner1><corner2>3.7329745615138483, 1.3371979201327873, 0.6945690676799899</corner2></bounds><pose><translation>2.919586495480411, -0.03664647081195726, -1.1297364203285283</translation><rotation><c1>1, 0, 0</c1><c2>0, 1, 0</c2><c3>0, 0, 1</c3></rotation></pose><symmetry><x>twoFold</x><y>cylindrical</y><z>twoFold</z></symmetry><detectionScore>-1.0</detectionScore></element><element><id>8</id><category>wall</category><bounds><corner1>-2.549283952281811, -1.3696630947117718, -1.7067223779750877</corner1><corner2>2.549283952281811, 1.3696630947117718, 1.7067223779750877</corner2></bounds><pose><translation>-4.682103199890498, -0.013938462940896543, 0.8762663705131493</translation><rotation><c1>1, 0, 0</c1><c2>0, 1, 0</c2><c3>0, 0, 1</c3></rotation></pose><symmetry><x>twoFold</x><y>cylindrical</y><z>twoFold</z></symmetry><detectionScore>-1.0</detectionScore></element><element><id>9</id><category>wall</category><bounds><corner1>-1.5602551144314027, -1.456502194545207, -0.6038363179431512</corner1><corner2>1.5602551144314027, 1.456502194545207, 0.6038363179431512</corner2></bounds><pose><translation>-4.247995716407988, -0.09669433396806265, 2.585185312555128</translation><rotation><c1>1, 0, 0</c1><c2>0, 1, 0</c2><c3>0, 0, 1</c3></rotation></pose><symmetry><x>twoFold</x><y>cylindrical</y><z>twoFold</z></symmetry><detectionScore>-1.0</detectionScore></element><element><id>10</id><category>wall</category><bounds><corner1>-3.674426893994702, -1.4046145925496325, -0.7496590558098766</corner1><corner2>3.674426893994702, 1.4046145925496325, 0.7496590558098766</corner2></bounds><pose><translation>2.9781341629995577, -0.09549203055980854, -1.0446081271046117</translation><rotation><c1>1, 0, 0</c1><c2>0, 1, 0</c2><c3>0, 0, 1</c3></rotation></pose><symmetry><x>twoFold</x><y>cylindrical</y><z>twoFold</z></symmetry><detectionScore>-1.0</detectionScore></element><element><id>11</id><category>window</category><bounds><corner1>-6.004202051390435, -1.1578773520768266, -0.08724898101137524</corner1><corner2>6.004202051390435, 1.1578773520768266, 0.08724898101137524</corner2></bounds><pose><translation>0.6483590056038242, -0.04868587371428776, -0.5224163336599136</translation><rotation><c1>1, 0, 0</c1><c2>0, 1, 0</c2><c3>0, 0, 1</c3></rotation></pose><symmetry><x>twoFold</x><y>cylindrical</y><z>twoFold</z></symmetry><detectionScore>-1.0</detectionScore></element><element><id>12</id><category>wall</category><bounds><corner1>-0.05691295824328879, -0.6570829510108359, -0.6307450149153185</corner1><corner2>0.05691295824328879, 0.6570829510108359, 0.6307450149153185</corner2></bounds><pose><translation>2.9871952572547142, 0.014605703513723686, -0.23647036268278912</translation><rotation><c1>1, 0, 0</c1><c2>0, 1, 0</c2><c3>0, 0, 1</c3></rotation></pose><symmetry><x>twoFold</x><y>cylindrical</y><z>twoFold</z></symmetry><detectionScore>-1.0</detectionScore></element></elements></scene>