<?xml version='1.0' encoding='utf-8'?>
<scene xmlns:sumo="https://www.sumochallenge.org"><version>2.0</version><categories><id>fb_categories_v1.0</id><url>https://sumochallenge.org/en/categories-1_0.json</url></categories><project_type>bounding_box</project_type><elements><element><id>12</id><category>wall_lamp</category><bounds><corner1>-0.13003008, -0.14534699, -0.18791127</corner1><corner2>0.13003008, 0.14534699, 0.18791127</corner2></bounds><pose><translation>-1.61203125,  0.28279728,  1.0917229 </translation><rotation><c1>1., 0., 0.</c1><c2>0., 1., 0.</c2><c3>0., 0., 1.</c3></rotation></pose><symmetry><x>none</x><y>none</y><z>none</z></symmetry><detectionScore>-1</detectionScore></element><element><id>6</id><category>chair</category><bounds><corner1>-1.48282259, -0.55024564, -0.33165318</corner1><corner2>1.48282259, 0.55024564, 0.33165318</corner2></bounds><pose><translation> 2.03493092, -1.18975684,  0.26365757</translation><rotation><c1>1., 0., 0.</c1><c2>0., 1., 0.</c2><c3>0., 0., 1.</c3></rotation></pose><symmetry><x>none</x><y>none</y><z>none</z></symmetry><detectionScore>-1</detectionScore></element><element><id>7</id><category>kitchen_cabinet</category><bounds><corner1>-0.77111236, -0.29547126, -0.05519048</corner1><corner2>0.77111236, 0.29547126, 0.05519048</corner2></bounds><pose><translation> 1.95391464, -0.80802818, -1.09113217</translation><rotation><c1>1., 0., 0.</c1><c2>0., 1., 0.</c2><c3>0., 0., 1.</c3></rotation></pose><symmetry><x>none</x><y>none</y><z>none</z></symmetry><detectionScore>-1</detectionScore></element><element><id>2</id><category>wall</category><bounds><corner1>-1.5674756 , -1.19611814, -0.56084625</corner1><corner2>1.5674756 , 1.19611814, 0.56084625</corner2></bounds><pose><translation> 3.89782705, -0.10472272,  1.05090575</translation><rotation><c1>1., 0., 0.</c1><c2>0., 1., 0.</c2><c3>0., 0., 1.</c3></rotation></pose><symmetry><x>none</x><y>none</y><z>none</z></symmetry><detectionScore>-1</detectionScore></element><element><id>5</id><category>wall_lamp</category><bounds><corner1>-0.14557717, -0.19696598, -0.03298226</corner1><corner2>0.14557717, 0.19696598, 0.03298226</corner2></bounds><pose><translation>0.42638265, 0.28452523, 1.0400222 </translation><rotation><c1>1., 0., 0.</c1><c2>0., 1., 0.</c2><c3>0., 0., 1.</c3></rotation></pose><symmetry><x>none</x><y>none</y><z>none</z></symmetry><detectionScore>-1</detectionScore></element><element><id>9</id><category>picture_frame</category><bounds><corner1>-0.47321552, -0.54061001, -0.03670638</corner1><corner2>0.47321552, 0.54061001, 0.03670638</corner2></bounds><pose><translation>2.48592583, 0.0560208 , 1.5832609 </translation><rotation><c1>1., 0., 0.</c1><c2>0., 1., 0.</c2><c3>0., 0., 1.</c3></rotation></pose><symmetry><x>none</x><y>none</y><z>none</z></symmetry><detectionScore>-1</detectionScore></element><element><id>4</id><category>door</category><bounds><corner1>-0.05797959, -1.06872945, -0.5654272 </corner1><corner2>0.05797959, 1.06872945, 0.5654272 </corner2></bounds><pose><translation>-1.66600202, -0.29069423,  0.00496566</translation><rotation><c1>1., 0., 0.</c1><c2>0., 1., 0.</c2><c3>0., 0., 1.</c3></rotation></pose><symmetry><x>none</x><y>none</y><z>none</z></symmetry><detectionScore>-1</detectionScore></element><element><id>8</id><category>chair</category><bounds><corner1>-0.63598037, -0.46259221, -0.39001958</corner1><corner2>0.63598037, 0.46259221, 0.39001958</corner2></bounds><pose><translation> 1.97909826, -1.0807175 ,  1.24003856</translation><rotation><c1>1., 0., 0.</c1><c2>0., 1., 0.</c2><c3>0., 0., 1.</c3></rotation></pose><symmetry><x>none</x><y>none</y><z>none</z></symmetry><detectionScore>-1</detectionScore></element><element><id>1</id><category>wall</category><bounds><corner1>-0.25029502, -1.31590076, -1.23594347</corner1><corner2>0.25029502, 1.31590076, 1.23594347</corner2></bounds><pose><translation> 5.42540133, -0.15602076, -0.14923442</translation><rotation><c1>1., 0., 0.</c1><c2>0., 1., 0.</c2><c3>0., 0., 1.</c3></rotation></pose><symmetry><x>none</x><y>none</y><z>none</z></symmetry><detectionScore>-1</detectionScore></element><element><id>10</id><category>wall_lamp</category><bounds><corner1>-0.14395617, -0.17681975, -0.05112253</corner1><corner2>0.14395617, 0.17681975, 0.05112253</corner2></bounds><pose><translation>-1.61598469,  0.29237197, -1.05736637</translation><rotation><c1>1., 0., 0.</c1><c2>0., 1., 0.</c2><c3>0., 0., 1.</c3></rotation></pose><symmetry><x>none</x><y>none</y><z>none</z></symmetry><detectionScore>-1</detectionScore></element></elements></scene>