<?xml version='1.0' encoding='utf-8'?>
<scene xmlns:sumo="https://www.sumochallenge.org"><version>2.0</version><categories><id>fb_categories_v1.0</id><url>https://sumochallenge.org/en/categories-1_0.json</url></categories><project_type>bounding_box</project_type><elements><element><id>5</id><category>wall</category><bounds><corner1>-0.06472941, -1.19483938, -1.68591687</corner1><corner2>0.06472941, 1.19483938, 1.68591687</corner2></bounds><pose><translation> 3.64408692, -0.09570034,  1.26969266</translation><rotation><c1>1., 0., 0.</c1><c2>0., 1., 0.</c2><c3>0., 0., 1.</c3></rotation></pose><symmetry><x>none</x><y>twoFold</y><z>none</z></symmetry><detectionScore>0.93658084</detectionScore></element><element><id>10</id><category>window</category><bounds><corner1>-1.07070249, -1.25118704, -0.11242095</corner1><corner2>1.07070249, 1.25118704, 0.11242095</corner2></bounds><pose><translation> 2.11806285, -0.11550459, -0.53707442</translation><rotation><c1>1., 0., 0.</c1><c2>0., 1., 0.</c2><c3>0., 0., 1.</c3></rotation></pose><symmetry><x>none</x><y>twoFold</y><z>none</z></symmetry><detectionScore>0.5090248</detectionScore></element><element><id>11</id><category>kitchen_cabinet</category><bounds><corner1>-1.19406728, -0.21429568, -0.71455586</corner1><corner2>1.19406728, 0.21429568, 0.71455586</corner2></bounds><pose><translation>-2.77311574, -0.84779309,  1.33931611</translation><rotation><c1>1., 0., 0.</c1><c2>0., 1., 0.</c2><c3>0., 0., 1.</c3></rotation></pose><symmetry><x>none</x><y>none</y><z>none</z></symmetry><detectionScore>0.9923035</detectionScore></element><element><id>4</id><category>refrigerator</category><bounds><corner1>-1.44800359, -0.63621737, -1.93390759</corner1><corner2>1.44800359, 0.63621737, 1.93390759</corner2></bounds><pose><translation>-2.77133935, -0.5310106 ,  3.04799229</translation><rotation><c1>1., 0., 0.</c1><c2>0., 1., 0.</c2><c3>0., 0., 1.</c3></rotation></pose><symmetry><x>none</x><y>none</y><z>twoFold</z></symmetry><detectionScore>0.50276786</detectionScore></element><element><id>6</id><category>kitchen_cabinet</category><bounds><corner1>-0.0551509 , -0.36641923, -0.49559345</corner1><corner2>0.0551509 , 0.36641923, 0.49559345</corner2></bounds><pose><translation>-2.76000016, -0.99916855,  0.69265861</translation><rotation><c1>1., 0., 0.</c1><c2>0., 1., 0.</c2><c3>0., 0., 1.</c3></rotation></pose><symmetry><x>none</x><y>none</y><z>none</z></symmetry><detectionScore>0.92706203</detectionScore></element><element><id>3</id><category>plant</category><bounds><corner1>-1.65551527, -2.14980187, -4.17645373</corner1><corner2>1.65551527, 2.14980187, 4.17645373</corner2></bounds><pose><translation>-1.65551527,  0.        , -4.17645373</translation><rotation><c1>1., 0., 0.</c1><c2>0., 1., 0.</c2><c3>0., 0., 1.</c3></rotation></pose><symmetry><x>none</x><y>cylindrical</y><z>none</z></symmetry><detectionScore>0.9416985</detectionScore></element><element><id>12</id><category>wall</category><bounds><corner1>-0.96793704, -0.27696149, -0.03654579</corner1><corner2>0.96793704, 0.27696149, 0.03654579</corner2></bounds><pose><translation> 1.01397673, -0.01160132, -0.5664095 </translation><rotation><c1>1., 0., 0.</c1><c2>0., 1., 0.</c2><c3>0., 0., 1.</c3></rotation></pose><symmetry><x>none</x><y>twoFold</y><z>none</z></symmetry><detectionScore>0.7832751</detectionScore></element><element><id>2</id><category>wall</category><bounds><corner1>-2.87809517, -1.2368299 , -3.10555534</corner1><corner2>2.87809517, 1.2368299 , 3.10555534</corner2></bounds><pose><translation>-0.45670229, -0.15109762,  5.0153362 </translation><rotation><c1>1., 0., 0.</c1><c2>0., 1., 0.</c2><c3>0., 0., 1.</c3></rotation></pose><symmetry><x>none</x><y>twoFold</y><z>none</z></symmetry><detectionScore>0.71115255</detectionScore></element><element><id>1</id><category>armchair</category><bounds><corner1>-1.36784691, -0.32190384, -0.49454744</corner1><corner2>1.36784691, 0.32190384, 0.49454744</corner2></bounds><pose><translation> 2.29097641, -1.00302433, -0.06140606</translation><rotation><c1>1., 0., 0.</c1><c2>0., 1., 0.</c2><c3>0., 0., 1.</c3></rotation></pose><symmetry><x>none</x><y>none</y><z>none</z></symmetry><detectionScore>0.86322045</detectionScore></element><element><id>9</id><category>arch</category><bounds><corner1>-0.75973955, -1.3077951 , -4.96807345</corner1><corner2>0.75973955, 1.3077951 , 4.96807345</corner2></bounds><pose><translation> 1.69371716, -0.13514909,  5.06628588</translation><rotation><c1>1., 0., 0.</c1><c2>0., 1., 0.</c2><c3>0., 0., 1.</c3></rotation></pose><symmetry><x>none</x><y>twoFold</y><z>none</z></symmetry><detectionScore>0.9694876</detectionScore></element><element><id>8</id><category>chair</category><bounds><corner1>-0.23471541, -0.0819489 , -3.45755618</corner1><corner2>0.23471541, 0.0819489 , 3.45755618</corner2></bounds><pose><translation>-0.13934535, -0.82420264,  1.49699953</translation><rotation><c1>1., 0., 0.</c1><c2>0., 1., 0.</c2><c3>0., 0., 1.</c3></rotation></pose><symmetry><x>none</x><y>none</y><z>none</z></symmetry><detectionScore>0.7821798</detectionScore></element><element><id>7</id><category>hanging_kitchen_cabinet</category><bounds><corner1>-0.0477787 , -0.30520789, -0.45600447</corner1><corner2>0.0477787 , 0.30520789, 0.45600447</corner2></bounds><pose><translation>-2.88591104,  0.29869341,  1.58959167</translation><rotation><c1>1., 0., 0.</c1><c2>0., 1., 0.</c2><c3>0., 0., 1.</c3></rotation></pose><symmetry><x>none</x><y>none</y><z>twoFold</z></symmetry><detectionScore>0.94529814</detectionScore></element></elements></scene>