<?xml version='1.0' encoding='utf-8'?>
<scene xmlns:sumo="https://www.sumochallenge.org"><version>2.0</version><categories><id>fb_categories_v1.0</id><url>https://sumochallenge.org/en/categories-1_0.json</url></categories><project_type>bounding_box</project_type><elements><element><id>12</id><category>kitchen_cabinet</category><bounds><corner1>-0.22322654, -0.54319281, -0.74817325</corner1><corner2>0.22322654, 0.54319281, 0.74817325</corner2></bounds><pose><translation>-0.98095927, -0.93731695, -2.70209839</translation><rotation><c1>1., 0., 0.</c1><c2>0., 1., 0.</c2><c3>0., 0., 1.</c3></rotation></pose><symmetry><x>none</x><y>none</y><z>none</z></symmetry><detectionScore>-1</detectionScore></element><element><id>11</id><category>chandelier</category><bounds><corner1>-0.11736571, -0.01469814, -0.142035  </corner1><corner2>0.11736571, 0.01469814, 0.142035  </corner2></bounds><pose><translation>-0.16611615,  0.8891999 , -1.66502004</translation><rotation><c1>1., 0., 0.</c1><c2>0., 1., 0.</c2><c3>0., 0., 1.</c3></rotation></pose><symmetry><x>none</x><y>none</y><z>none</z></symmetry><detectionScore>-1</detectionScore></element><element><id>7</id><category>dining_table</category><bounds><corner1>-2.08658701, -0.42427342, -0.44840913</corner1><corner2>2.08658701, 0.42427342, 0.44840913</corner2></bounds><pose><translation> 3.2109416 , -1.051825  , -0.87503251</translation><rotation><c1>1., 0., 0.</c1><c2>0., 1., 0.</c2><c3>0., 0., 1.</c3></rotation></pose><symmetry><x>none</x><y>none</y><z>none</z></symmetry><detectionScore>-1</detectionScore></element><element><id>5</id><category>mirror</category><bounds><corner1>-0.55003259, -0.5117966 , -0.33324823</corner1><corner2>0.55003259, 0.5117966 , 0.33324823</corner2></bounds><pose><translation>-1.54603576,  0.11942947,  1.02810464</translation><rotation><c1>1., 0., 0.</c1><c2>0., 1., 0.</c2><c3>0., 0., 1.</c3></rotation></pose><symmetry><x>none</x><y>none</y><z>none</z></symmetry><detectionScore>-1</detectionScore></element><element><id>3</id><category>wall</category><bounds><corner1>-0.10299611, -1.04647151, -1.1791586 </corner1><corner2>0.10299611, 1.04647151, 1.1791586 </corner2></bounds><pose><translation> 5.36226303,  0.02579765, -0.82096767</translation><rotation><c1>1., 0., 0.</c1><c2>0., 1., 0.</c2><c3>0., 0., 1.</c3></rotation></pose><symmetry><x>none</x><y>none</y><z>none</z></symmetry><detectionScore>-1</detectionScore></element><element><id>9</id><category>vase</category><bounds><corner1>-0.11965195, -0.28210851, -0.49791737</corner1><corner2>0.11965195, 0.28210851, 0.49791737</corner2></bounds><pose><translation> 0.58546534, -0.26945133,  0.96102682</translation><rotation><c1>1., 0., 0.</c1><c2>0., 1., 0.</c2><c3>0., 0., 1.</c3></rotation></pose><symmetry><x>none</x><y>none</y><z>none</z></symmetry><detectionScore>-1</detectionScore></element><element><id>10</id><category>television</category><bounds><corner1>-0.08341109, -0.48481365, -0.71333419</corner1><corner2>0.08341109, 0.48481365, 0.71333419</corner2></bounds><pose><translation> 4.22323858,  0.02859656, -3.28060704</translation><rotation><c1>1., 0., 0.</c1><c2>0., 1., 0.</c2><c3>0., 0., 1.</c3></rotation></pose><symmetry><x>none</x><y>none</y><z>none</z></symmetry><detectionScore>-1</detectionScore></element><element><id>4</id><category>chandelier</category><bounds><corner1>-0.3831442 , -0.02120844, -1.20804523</corner1><corner2>0.3831442 , 0.02120844, 1.20804523</corner2></bounds><pose><translation> 1.17374965,  1.18627103, -3.33600575</translation><rotation><c1>1., 0., 0.</c1><c2>0., 1., 0.</c2><c3>0., 0., 1.</c3></rotation></pose><symmetry><x>none</x><y>none</y><z>none</z></symmetry><detectionScore>-1</detectionScore></element><element><id>2</id><category>wall</category><bounds><corner1>-1.55566778, -1.10780943, -2.49353362</corner1><corner2>1.55566778, 1.10780943, 2.49353362</corner2></bounds><pose><translation> 2.53928651, -0.03143834, -4.59164075</translation><rotation><c1>1., 0., 0.</c1><c2>0., 1., 0.</c2><c3>0., 0., 1.</c3></rotation></pose><symmetry><x>none</x><y>none</y><z>none</z></symmetry><detectionScore>-1</detectionScore></element><element><id>1</id><category>wall</category><bounds><corner1>-1.04040256, -1.01147732, -2.25699083</corner1><corner2>1.04040256, 1.01147732, 2.25699083</corner2></bounds><pose><translation>-0.38445822, -0.15694394, -7.76880368</translation><rotation><c1>1., 0., 0.</c1><c2>0., 1., 0.</c2><c3>0., 0., 1.</c3></rotation></pose><symmetry><x>none</x><y>none</y><z>none</z></symmetry><detectionScore>-1</detectionScore></element><element><id>8</id><category>door</category><bounds><corner1>-0.50452914, -0.86620909, -0.03600308</corner1><corner2>0.50452914, 0.86620909, 0.03600308</corner2></bounds><pose><translation>-0.34148186, -0.09287376,  1.53995402</translation><rotation><c1>1., 0., 0.</c1><c2>0., 1., 0.</c2><c3>0., 0., 1.</c3></rotation></pose><symmetry><x>none</x><y>none</y><z>none</z></symmetry><detectionScore>-1</detectionScore></element></elements></scene>