<?xml version='1.0' encoding='utf-8'?>
<scene xmlns:sumo="https://www.sumochallenge.org"><version>2.0</version><categories><id>fb_categories_v1.0</id><url>https://sumochallenge.org/en/categories-1_0.json</url></categories><project_type>bounding_box</project_type><elements><element><id>5</id><category>wall</category><bounds><corner1>-4.51499453, -1.33187135, -4.39662728</corner1><corner2>4.51499453, 1.33187135, 4.39662728</corner2></bounds><pose><translation>-9.07545394, -0.23996066,  2.23767953</translation><rotation><c1>1., 0., 0.</c1><c2>0., 1., 0.</c2><c3>0., 0., 1.</c3></rotation></pose><symmetry><x>none</x><y>twoFold</y><z>none</z></symmetry><detectionScore>0.9069146</detectionScore></element><element><id>15</id><category>chair</category><bounds><corner1>-0.79668635, -0.26915934, -0.78286125</corner1><corner2>0.79668635, 0.26915934, 0.78286125</corner2></bounds><pose><translation> 0.80377643, -0.71535116,  1.35002576</translation><rotation><c1>1., 0., 0.</c1><c2>0., 1., 0.</c2><c3>0., 0., 1.</c3></rotation></pose><symmetry><x>none</x><y>none</y><z>none</z></symmetry><detectionScore>0.7561803</detectionScore></element><element><id>10</id><category>kitchen_cabinet</category><bounds><corner1>-1.50715292, -0.74077184, -2.26841121</corner1><corner2>1.50715292, 0.74077184, 2.26841121</corner2></bounds><pose><translation> 1.15872213, -0.20146165,  2.88090475</translation><rotation><c1>1., 0., 0.</c1><c2>0., 1., 0.</c2><c3>0., 0., 1.</c3></rotation></pose><symmetry><x>none</x><y>none</y><z>none</z></symmetry><detectionScore>0.8470968</detectionScore></element><element><id>11</id><category>wall</category><bounds><corner1>-1.08364373, -1.24324702, -0.65670261</corner1><corner2>1.08364373, 1.24324702, 0.65670261</corner2></bounds><pose><translation>-1.7700523 , -0.11622455,  4.459492  </translation><rotation><c1>1., 0., 0.</c1><c2>0., 1., 0.</c2><c3>0., 0., 1.</c3></rotation></pose><symmetry><x>none</x><y>twoFold</y><z>none</z></symmetry><detectionScore>0.96166396</detectionScore></element><element><id>4</id><category>window</category><bounds><corner1>-0.40207003, -1.24135223, -0.21420835</corner1><corner2>0.40207003, 1.24135223, 0.21420835</corner2></bounds><pose><translation>-2.02205731, -0.07172005, -0.74412608</translation><rotation><c1>1., 0., 0.</c1><c2>0., 1., 0.</c2><c3>0., 0., 1.</c3></rotation></pose><symmetry><x>none</x><y>twoFold</y><z>none</z></symmetry><detectionScore>0.71559</detectionScore></element><element><id>3</id><category>wall</category><bounds><corner1>-2.08997773, -1.01616545, -0.6835745 </corner1><corner2>2.08997773, 1.01616545, 0.6835745 </corner2></bounds><pose><translation> 0.7180537 , -0.04409991,  4.49084359</translation><rotation><c1>1., 0., 0.</c1><c2>0., 1., 0.</c2><c3>0., 0., 1.</c3></rotation></pose><symmetry><x>none</x><y>twoFold</y><z>none</z></symmetry><detectionScore>0.86389935</detectionScore></element><element><id>12</id><category>chair</category><bounds><corner1>-0.43015041, -0.70168722, -2.27465034</corner1><corner2>0.43015041, 0.70168722, 2.27465034</corner2></bounds><pose><translation>-0.12241841, -1.33962852,  2.24402046</translation><rotation><c1>1., 0., 0.</c1><c2>0., 1., 0.</c2><c3>0., 0., 1.</c3></rotation></pose><symmetry><x>none</x><y>none</y><z>none</z></symmetry><detectionScore>0.52455145</detectionScore></element><element><id>2</id><category>arch</category><bounds><corner1>-4.61440407, -1.32087512, -3.01464745</corner1><corner2>4.61440407, 1.32087512, 3.01464745</corner2></bounds><pose><translation>-9.17691912, -0.47143863,  4.00167295</translation><rotation><c1>1., 0., 0.</c1><c2>0., 1., 0.</c2><c3>0., 0., 1.</c3></rotation></pose><symmetry><x>none</x><y>twoFold</y><z>none</z></symmetry><detectionScore>0.85025716</detectionScore></element><element><id>1</id><category>kitchen_cabinet</category><bounds><corner1>-0.45167107, -0.93902429, -1.48433889</corner1><corner2>0.45167107, 0.93902429, 1.48433889</corner2></bounds><pose><translation> 2.70493352, -0.256099  ,  3.19812937</translation><rotation><c1>1., 0., 0.</c1><c2>0., 1., 0.</c2><c3>0., 0., 1.</c3></rotation></pose><symmetry><x>none</x><y>none</y><z>none</z></symmetry><detectionScore>0.79261786</detectionScore></element><element><id>13</id><category>kitchen_cabinet</category><bounds><corner1>-2.0762247 , -1.14413149, -2.85854964</corner1><corner2>2.0762247 , 1.14413149, 2.85854964</corner2></bounds><pose><translation>0.97945465, 0.03355869, 2.21996252</translation><rotation><c1>1., 0., 0.</c1><c2>0., 1., 0.</c2><c3>0., 0., 1.</c3></rotation></pose><symmetry><x>none</x><y>none</y><z>none</z></symmetry><detectionScore>0.6000626</detectionScore></element><element><id>9</id><category>kitchen_cabinet</category><bounds><corner1>-0.51467915, -0.71999271, -0.98741489</corner1><corner2>0.51467915, 0.71999271, 0.98741489</corner2></bounds><pose><translation> 2.61918636, -0.40774643,  4.10255624</translation><rotation><c1>1., 0., 0.</c1><c2>0., 1., 0.</c2><c3>0., 0., 1.</c3></rotation></pose><symmetry><x>none</x><y>none</y><z>none</z></symmetry><detectionScore>0.8711597</detectionScore></element><element><id>8</id><category>wall</category><bounds><corner1>-0.7846285 , -0.75207671, -3.23971908</corner1><corner2>0.7846285 , 0.75207671, 3.23971908</corner2></bounds><pose><translation>-2.56065802, -0.06653402,  4.76870501</translation><rotation><c1>1., 0., 0.</c1><c2>0., 1., 0.</c2><c3>0., 0., 1.</c3></rotation></pose><symmetry><x>none</x><y>twoFold</y><z>none</z></symmetry><detectionScore>0.62914765</detectionScore></element><element><id>6</id><category>wall</category><bounds><corner1>-4.50295169, -1.4715479 , -1.12635736</corner1><corner2>4.50295169, 1.4715479 , 1.12635736</corner2></bounds><pose><translation>-9.07204444, -0.41914731,  5.95843336</translation><rotation><c1>1., 0., 0.</c1><c2>0., 1., 0.</c2><c3>0., 0., 1.</c3></rotation></pose><symmetry><x>none</x><y>twoFold</y><z>none</z></symmetry><detectionScore>0.5516681</detectionScore></element><element><id>14</id><category>window</category><bounds><corner1>-0.07921857, -1.0724521 , -1.04523779</corner1><corner2>0.07921857, 1.0724521 , 1.04523779</corner2></bounds><pose><translation>3.19689186, 0.0067238 , 0.35838037</translation><rotation><c1>1., 0., 0.</c1><c2>0., 1., 0.</c2><c3>0., 0., 1.</c3></rotation></pose><symmetry><x>none</x><y>twoFold</y><z>none</z></symmetry><detectionScore>0.8148313</detectionScore></element></elements></scene>