<?xml version='1.0' encoding='utf-8'?>
<scene xmlns:sumo="https://www.sumochallenge.org"><version>2.0</version><categories><id>fb_categories_v1_0</id><url>https://sumochallenge.org/en/categories-1_0.json</url></categories><project_type>bounding_box</project_type><elements><element><id>0</id><category>wall</category><bounds><corner1>-1.0667150609352773, -1.408421752480542, -1.442692541355401</corner1><corner2>1.0667150609352773, 1.408421752480542, 1.442692541355401</corner2></bounds><pose><translation>-0.10617352992875441, -3.436869113397631, -0.1323848795755726</translation><rotation><c1>0, 0, 0</c1><c2>0, 0, 0</c2><c3>0, 0, 0</c3></rotation></pose><symmetry><x>twoFold</x><y>cylindrical</y><z>twoFold</z></symmetry><detectionScore>-1.0</detectionScore></element><element><id>1</id><category>shelving</category><bounds><corner1>-0.5340069082234049, -0.7480754903466798, -1.2471512275654004</corner1><corner2>0.5340069082234049, 0.7480754903466798, 1.2471512275654004</corner2></bounds><pose><translation>-0.47600681931399624, -2.7492013737492935, -0.622880200742633</translation><rotation><c1>0, 0, 0</c1><c2>0, 0, 0</c2><c3>0, 0, 0</c3></rotation></pose><symmetry><x>twoFold</x><y>cylindrical</y><z>twoFold</z></symmetry><detectionScore>-1.0</detectionScore></element><element><id>2</id><category>shelving</category><bounds><corner1>-0.6495184825169589, -0.6562845101342987, -1.2523301605390498</corner1><corner2>0.6495184825169589, 0.6562845101342987, 1.2523301605390498</corner2></bounds><pose><translation>0.713472856710053, -3.4450031447731484, -0.5970306639906595</translation><rotation><c1>0, 0, 0</c1><c2>0, 0, 0</c2><c3>0, 0, 0</c3></rotation></pose><symmetry><x>twoFold</x><y>cylindrical</y><z>twoFold</z></symmetry><detectionScore>-1.0</detectionScore></element><element><id>3</id><category>window</category><bounds><corner1>-0.5099722039563244, -1.896335085443774, -1.2863987888033146</corner1><corner2>0.5099722039563244, 1.896335085443774, 1.2863987888033146</corner2></bounds><pose><translation>-1.6040824681691603, -3.393083283662529, -0.09085234115311747</translation><rotation><c1>0, 0, 0</c1><c2>0, 0, 0</c2><c3>0, 0, 0</c3></rotation></pose><symmetry><x>twoFold</x><y>cylindrical</y><z>twoFold</z></symmetry><detectionScore>-1.0</detectionScore></element><element><id>4</id><category>wall</category><bounds><corner1>-0.4739844254987102, -1.0080575584430391, -1.398379880890418</corner1><corner2>0.4739844254987102, 1.0080575584430391, 1.398379880890418</corner2></bounds><pose><translation>-1.202694188779354, -2.457126507487648, -0.02209248582487314</translation><rotation><c1>0, 0, 0</c1><c2>0, 0, 0</c2><c3>0, 0, 0</c3></rotation></pose><symmetry><x>twoFold</x><y>cylindrical</y><z>twoFold</z></symmetry><detectionScore>-1.0</detectionScore></element><element><id>5</id><category>door</category><bounds><corner1>-0.2183152662195802, -1.5655076097341893, -1.2745508081362658</corner1><corner2>0.2183152662195802, 1.5655076097341893, 1.2745508081362658</corner2></bounds><pose><translation>6.901823780613631, -0.01452199252521734, 0.0</translation><rotation><c1>0, 0, 0</c1><c2>0, 0, 0</c2><c3>0, 0, 0</c3></rotation></pose><symmetry><x>twoFold</x><y>cylindrical</y><z>twoFold</z></symmetry><detectionScore>-1.0</detectionScore></element><element><id>6</id><category>motorcycle</category><bounds><corner1>-2.928406579594209, -2.9117570244742277, -0.6908512351489362</corner1><corner2>2.928406579594209, 2.9117570244742277, 0.6908512351489362</corner2></bounds><pose><translation>4.0715878926788065, 2.950926283665499, -1.131253153104264</translation><rotation><c1>0, 0, 0</c1><c2>0, 0, 0</c2><c3>0, 0, 0</c3></rotation></pose><symmetry><x>twoFold</x><y>cylindrical</y><z>twoFold</z></symmetry><detectionScore>-1.0</detectionScore></element><element><id>7</id><category>door</category><bounds><corner1>-0.8594628449755192, -0.897032930450969, -1.8311569857303267</corner1><corner2>0.8594628449755192, 0.897032930450969, 1.8311569857303267</corner2></bounds><pose><translation>-1.1281351942886277, -2.3308453949655505, -0.42724903149257065</translation><rotation><c1>0, 0, 0</c1><c2>0, 0, 0</c2><c3>0, 0, 0</c3></rotation></pose><symmetry><x>twoFold</x><y>cylindrical</y><z>twoFold</z></symmetry><detectionScore>-1.0</detectionScore></element><element><id>8</id><category>wall</category><bounds><corner1>-0.2083721952213029, -4.2254110331724934, -1.3761570269634198</corner1><corner2>0.2083721952213029, 4.2254110331724934, 1.3761570269634198</corner2></bounds><pose><translation>6.892585765992421, 1.5267522050589766, -0.10017867207046319</translation><rotation><c1>0, 0, 0</c1><c2>0, 0, 0</c2><c3>0, 0, 0</c3></rotation></pose><symmetry><x>twoFold</x><y>cylindrical</y><z>twoFold</z></symmetry><detectionScore>-1.0</detectionScore></element><element><id>9</id><category>wall</category><bounds><corner1>-2.9389934352658953, -0.1367261594035032, -1.3599888417335881</corner1><corner2>2.9389934352658953, 0.1367261594035032, 1.3599888417335881</corner2></bounds><pose><translation>2.1987776113639788, 5.9394309735931445, -0.07568799688437097</translation><rotation><c1>0, 0, 0</c1><c2>0, 0, 0</c2><c3>0, 0, 0</c3></rotation></pose><symmetry><x>twoFold</x><y>cylindrical</y><z>twoFold</z></symmetry><detectionScore>-1.0</detectionScore></element></elements></scene>