<?xml version='1.0' encoding='utf-8'?>
<scene xmlns:sumo="https://www.sumochallenge.org"><version>2.0</version><categories><id>fb_categories_v1_0</id><url>https://sumochallenge.org/en/categories-1_0.json</url></categories><project_type>bounding_box</project_type><elements><element><id>0</id><category>shelving</category><bounds><corner1>-0.6896945358139235, -0.9897043943054082, -0.5799629263472612</corner1><corner2>0.6896945358139235, 0.9897043943054082, 0.5799629263472612</corner2></bounds><pose><translation>1.382244634980603, -0.7171274752285012, -3.872677789677465</translation><rotation><c1>1, 0, 0</c1><c2>0, 1, 0</c2><c3>0, 0, 1</c3></rotation></pose><symmetry><x>twoFold</x><y>cylindrical</y><z>twoFold</z></symmetry><detectionScore>-1.0</detectionScore></element><element><id>1</id><category>wall</category><bounds><corner1>-0.0911196926078448, -0.46782948214011133, -0.2523611179491203</corner1><corner2>0.0911196926078448, 0.46782948214011133, 0.2523611179491203</corner2></bounds><pose><translation>4.703065678610664, 0.06895696640191729, -2.633866243594461</translation><rotation><c1>1, 0, 0</c1><c2>0, 1, 0</c2><c3>0, 0, 1</c3></rotation></pose><symmetry><x>twoFold</x><y>cylindrical</y><z>twoFold</z></symmetry><detectionScore>-1.0</detectionScore></element><element><id>2</id><category>wall</category><bounds><corner1>-5.336031347215347, -1.5600950602758776, -3.0309158835296293</corner1><corner2>5.336031347215347, 1.5600950602758776, 3.0309158835296293</corner2></bounds><pose><translation>4.7068546800076225, -0.09839004283697145, -1.465846010893761</translation><rotation><c1>1, 0, 0</c1><c2>0, 1, 0</c2><c3>0, 0, 1</c3></rotation></pose><symmetry><x>twoFold</x><y>cylindrical</y><z>twoFold</z></symmetry><detectionScore>-1.0</detectionScore></element><element><id>3</id><category>door</category><bounds><corner1>-1.0355947691384344, -1.6543965614934384, -0.8162730678704118</corner1><corner2>1.0355947691384344, 1.6543965614934384, 0.8162730678704118</corner2></bounds><pose><translation>3.6150392428637694, -0.39959030597842066, -4.348240073806041</translation><rotation><c1>1, 0, 0</c1><c2>0, 1, 0</c2><c3>0, 0, 1</c3></rotation></pose><symmetry><x>twoFold</x><y>cylindrical</y><z>twoFold</z></symmetry><detectionScore>-1.0</detectionScore></element><element><id>4</id><category>wall</category><bounds><corner1>-5.306905147875299, -1.3905541045994494, -1.6339817678678183</corner1><corner2>5.306905147875299, 1.3905541045994494, 1.6339817678678183</corner2></bounds><pose><translation>4.735980879347671, 0.004630802316967025, -1.6103317556691492</translation><rotation><c1>1, 0, 0</c1><c2>0, 1, 0</c2><c3>0, 0, 1</c3></rotation></pose><symmetry><x>twoFold</x><y>cylindrical</y><z>twoFold</z></symmetry><detectionScore>-1.0</detectionScore></element><element><id>5</id><category>bookshelf</category><bounds><corner1>-0.7439476052200769, -0.9791354221911857, -0.5386046893410312</corner1><corner2>0.7439476052200769, 0.9791354221911857, 0.5386046893410312</corner2></bounds><pose><translation>1.3862616705378226, -0.7385231092126796, -3.821438814226097</translation><rotation><c1>1, 0, 0</c1><c2>0, 1, 0</c2><c3>0, 0, 1</c3></rotation></pose><symmetry><x>twoFold</x><y>cylindrical</y><z>twoFold</z></symmetry><detectionScore>-1.0</detectionScore></element><element><id>6</id><category>dressing_table</category><bounds><corner1>-1.5167420725346266, -0.8844281309823605, -0.4091708171192172</corner1><corner2>1.5167420725346266, 0.8844281309823605, 0.4091708171192172</corner2></bounds><pose><translation>3.3218867771981215, -0.7192364885522542, 1.2284249987000817</translation><rotation><c1>1, 0, 0</c1><c2>0, 1, 0</c2><c3>0, 0, 1</c3></rotation></pose><symmetry><x>twoFold</x><y>cylindrical</y><z>twoFold</z></symmetry><detectionScore>-1.0</detectionScore></element><element><id>7</id><category>person</category><bounds><corner1>-6.728780183291323, -0.5856171989092505, -1.1549828198946293</corner1><corner2>6.728780183291323, 0.5856171989092505, 1.1549828198946293</corner2></bounds><pose><translation>2.46572518846713, -0.9486354673865248, 0.5398876936992425</translation><rotation><c1>1, 0, 0</c1><c2>0, 1, 0</c2><c3>0, 0, 1</c3></rotation></pose><symmetry><x>twoFold</x><y>cylindrical</y><z>twoFold</z></symmetry><detectionScore>-1.0</detectionScore></element><element><id>8</id><category>dresser</category><bounds><corner1>-0.4493001563592913, -0.39531919137891214, -0.5186816868027939</corner1><corner2>0.4493001563592913, 0.39531919137891214, 0.5186816868027939</corner2></bounds><pose><translation>-0.6843798561408815, -0.8122450213880361, 1.3181361022630045</translation><rotation><c1>1, 0, 0</c1><c2>0, 1, 0</c2><c3>0, 0, 1</c3></rotation></pose><symmetry><x>twoFold</x><y>cylindrical</y><z>twoFold</z></symmetry><detectionScore>-1.0</detectionScore></element><element><id>9</id><category>stand</category><bounds><corner1>-0.42873099169800016, -0.38696807702849084, -0.5229266498649745</corner1><corner2>0.42873099169800016, 0.38696807702849084, 0.5229266498649745</corner2></bounds><pose><translation>-0.6891090766345073, -0.8180439987499457, 1.3083925397954232</translation><rotation><c1>1, 0, 0</c1><c2>0, 1, 0</c2><c3>0, 0, 1</c3></rotation></pose><symmetry><x>twoFold</x><y>cylindrical</y><z>twoFold</z></symmetry><detectionScore>-1.0</detectionScore></element><element><id>10</id><category>ottoman</category><bounds><corner1>-0.39830204977526673, -0.20954203054794768, -0.2829176195049541</corner1><corner2>0.39830204977526673, 0.20954203054794768, 0.2829176195049541</corner2></bounds><pose><translation>-0.7294305102377664, -0.6990794990556679, 1.3184692516133623</translation><rotation><c1>1, 0, 0</c1><c2>0, 1, 0</c2><c3>0, 0, 1</c3></rotation></pose><symmetry><x>twoFold</x><y>cylindrical</y><z>twoFold</z></symmetry><detectionScore>-1.0</detectionScore></element><element><id>11</id><category>door</category><bounds><corner1>-5.336730989476979, -1.792523618142011, -1.2621335892122416</corner1><corner2>5.336730989476979, 1.792523618142011, 1.2621335892122416</corner2></bounds><pose><translation>4.706155037745991, -0.3973387112255945, -1.738030598243076</translation><rotation><c1>1, 0, 0</c1><c2>0, 1, 0</c2><c3>0, 0, 1</c3></rotation></pose><symmetry><x>twoFold</x><y>cylindrical</y><z>twoFold</z></symmetry><detectionScore>-1.0</detectionScore></element><element><id>12</id><category>wall</category><bounds><corner1>-2.3839660976356525, -1.286436368829372, -0.5431720654240246</corner1><corner2>2.3839660976356525, 1.286436368829372, 0.5431720654240246</corner2></bounds><pose><translation>2.2666679143665514, -0.03163011331435446, -4.071991858371792</translation><rotation><c1>1, 0, 0</c1><c2>0, 1, 0</c2><c3>0, 0, 1</c3></rotation></pose><symmetry><x>twoFold</x><y>cylindrical</y><z>twoFold</z></symmetry><detectionScore>-1.0</detectionScore></element><element><id>13</id><category>wall</category><bounds><corner1>-3.7529261757642027, -1.504232276406111, -0.769953323870197</corner1><corner2>3.7529261757642027, 1.504232276406111, 0.769953323870197</corner2></bounds><pose><translation>0.8766227235897829, -0.01194440217900162, -4.059174969886556</translation><rotation><c1>1, 0, 0</c1><c2>0, 1, 0</c2><c3>0, 0, 1</c3></rotation></pose><symmetry><x>twoFold</x><y>cylindrical</y><z>twoFold</z></symmetry><detectionScore>-1.0</detectionScore></element><element><id>14</id><category>pet</category><bounds><corner1>-0.19793882872264418, -0.3663035384569293, -0.053371008540012754</corner1><corner2>0.19793882872264418, 0.3663035384569293, 0.053371008540012754</corner2></bounds><pose><translation>0.17782643135352638, -1.4412972078135315, 1.742792792641964</translation><rotation><c1>1, 0, 0</c1><c2>0, 1, 0</c2><c3>0, 0, 1</c3></rotation></pose><symmetry><x>twoFold</x><y>cylindrical</y><z>twoFold</z></symmetry><detectionScore>-1.0</detectionScore></element><element><id>15</id><category>dresser</category><bounds><corner1>-0.70425309136391, -1.058895668354786, -0.5676551530909197</corner1><corner2>0.70425309136391, 1.058895668354786, 0.5676551530909197</corner2></bounds><pose><translation>1.3766300859555474, -0.7366879220800145, -3.8504892779759854</translation><rotation><c1>1, 0, 0</c1><c2>0, 1, 0</c2><c3>0, 0, 1</c3></rotation></pose><symmetry><x>twoFold</x><y>cylindrical</y><z>twoFold</z></symmetry><detectionScore>-1.0</detectionScore></element></elements></scene>