<?xml version='1.0' encoding='utf-8'?>
<scene xmlns:sumo="https://www.sumochallenge.org"><version>2.0</version><categories><id>fb_categories_v1.0</id><url>https://sumochallenge.org/en/categories-1_0.json</url></categories><project_type>bounding_box</project_type><elements><element><id>4</id><category>fireplace</category><bounds><corner1>-1.31041983, -1.19961386, -1.58285489</corner1><corner2>1.31041983, 1.19961386, 1.58285489</corner2></bounds><pose><translation>-9.01676531, -0.16122186, -6.45290398</translation><rotation><c1>1., 0., 0.</c1><c2>0., 1., 0.</c2><c3>0., 0., 1.</c3></rotation></pose><symmetry><x>none</x><y>none</y><z>none</z></symmetry><detectionScore>0.98065543</detectionScore></element><element><id>1</id><category>wall</category><bounds><corner1>-5.29877405, -1.21157489, -4.27393579</corner1><corner2>5.29877405, 1.21157489, 4.27393579</corner2></bounds><pose><translation>-10.10651618,  -0.06870538,  -2.35419976</translation><rotation><c1>1., 0., 0.</c1><c2>0., 1., 0.</c2><c3>0., 0., 1.</c3></rotation></pose><symmetry><x>none</x><y>twoFold</y><z>none</z></symmetry><detectionScore>0.9498495</detectionScore></element><element><id>5</id><category>window</category><bounds><corner1>-0.99897688, -0.67508301, -0.04696004</corner1><corner2>0.99897688, 0.67508301, 0.04696004</corner2></bounds><pose><translation>0.71048178, 0.05204276, 2.79699396</translation><rotation><c1>1., 0., 0.</c1><c2>0., 1., 0.</c2><c3>0., 0., 1.</c3></rotation></pose><symmetry><x>none</x><y>twoFold</y><z>none</z></symmetry><detectionScore>0.9998505</detectionScore></element><element><id>10</id><category>window</category><bounds><corner1>-0.93286712, -0.66013651, -0.12970654</corner1><corner2>0.93286712, 0.66013651, 0.12970654</corner2></bounds><pose><translation>-5.12173024, -0.03582819, -7.44742179</translation><rotation><c1>1., 0., 0.</c1><c2>0., 1., 0.</c2><c3>0., 0., 1.</c3></rotation></pose><symmetry><x>none</x><y>twoFold</y><z>none</z></symmetry><detectionScore>0.7526997</detectionScore></element><element><id>3</id><category>sofa</category><bounds><corner1>-0.63222122, -0.48935422, -0.94117938</corner1><corner2>0.63222122, 0.48935422, 0.94117938</corner2></bounds><pose><translation>-5.73861522, -1.07175765, -2.55307866</translation><rotation><c1>1., 0., 0.</c1><c2>0., 1., 0.</c2><c3>0., 0., 1.</c3></rotation></pose><symmetry><x>none</x><y>none</y><z>none</z></symmetry><detectionScore>0.94272083</detectionScore></element><element><id>2</id><category>stairs</category><bounds><corner1>-2.20192998, -0.47748801, -1.79608228</corner1><corner2>2.20192998, 0.47748801, 1.79608228</corner2></bounds><pose><translation>-4.68293835,  0.72693296,  0.24898519</translation><rotation><c1>1., 0., 0.</c1><c2>0., 1., 0.</c2><c3>0., 0., 1.</c3></rotation></pose><symmetry><x>none</x><y>none</y><z>none</z></symmetry><detectionScore>0.9636251</detectionScore></element><element><id>7</id><category>window</category><bounds><corner1>-0.03308377, -0.30171227, -0.19832359</corner1><corner2>0.03308377, 0.30171227, 0.19832359</corner2></bounds><pose><translation>1.89502278e+00, 1.85839430e-03, 1.01226688e+00</translation><rotation><c1>1., 0., 0.</c1><c2>0., 1., 0.</c2><c3>0., 0., 1.</c3></rotation></pose><symmetry><x>none</x><y>twoFold</y><z>none</z></symmetry><detectionScore>0.94467795</detectionScore></element><element><id>9</id><category>table_and_chair</category><bounds><corner1>-0.03206408, -0.24237073, -0.44075928</corner1><corner2>0.03206408, 0.24237073, 0.44075928</corner2></bounds><pose><translation> 1.89501771, -0.42499352,  0.8238951 </translation><rotation><c1>1., 0., 0.</c1><c2>0., 1., 0.</c2><c3>0., 0., 1.</c3></rotation></pose><symmetry><x>none</x><y>twoFold</y><z>none</z></symmetry><detectionScore>0.9134629</detectionScore></element><element><id>8</id><category>office_chair</category><bounds><corner1>-0.89448627, -0.48293581, -0.12100723</corner1><corner2>0.89448627, 0.48293581, 0.12100723</corner2></bounds><pose><translation> 0.47969457, -1.01475734, -2.44092083</translation><rotation><c1>1., 0., 0.</c1><c2>0., 1., 0.</c2><c3>0., 0., 1.</c3></rotation></pose><symmetry><x>none</x><y>none</y><z>none</z></symmetry><detectionScore>0.75330573</detectionScore></element><element><id>6</id><category>window</category><bounds><corner1>-1.7564827, -0.7366903, -0.0531283</corner1><corner2>1.7564827, 0.7366903, 0.0531283</corner2></bounds><pose><translation>-4.30847042,  0.08039086,  2.78718087</translation><rotation><c1>1., 0., 0.</c1><c2>0., 1., 0.</c2><c3>0., 0., 1.</c3></rotation></pose><symmetry><x>none</x><y>twoFold</y><z>none</z></symmetry><detectionScore>0.99809486</detectionScore></element></elements></scene>