<?xml version='1.0' encoding='utf-8'?>
<scene xmlns:sumo="https://www.sumochallenge.org"><version>2.0</version><categories><id>fb_categories_v1.0</id><url>https://sumochallenge.org/en/categories-1_0.json</url></categories><project_type>bounding_box</project_type><elements><element><id>11</id><category>chair</category><bounds><corner1>-0.58704333, -0.54863065, -0.25305389</corner1><corner2>0.58704333, 0.54863065, 0.25305389</corner2></bounds><pose><translation> 0.40128448, -1.22308225, -1.80608307</translation><rotation><c1>1., 0., 0.</c1><c2>0., 1., 0.</c2><c3>0., 0., 1.</c3></rotation></pose><symmetry><x>none</x><y>none</y><z>none</z></symmetry><detectionScore>-1</detectionScore></element><element><id>6</id><category>shelving</category><bounds><corner1>-1.19234149, -1.50026328, -2.50988886</corner1><corner2>1.19234149, 1.50026328, 2.50988886</corner2></bounds><pose><translation> 0.27025869, -0.40595081, -4.9379176 </translation><rotation><c1>1., 0., 0.</c1><c2>0., 1., 0.</c2><c3>0., 0., 1.</c3></rotation></pose><symmetry><x>none</x><y>none</y><z>none</z></symmetry><detectionScore>-1</detectionScore></element><element><id>7</id><category>kitchen_cabinet</category><bounds><corner1>-0.07414496, -0.33426414, -1.62265974</corner1><corner2>0.07414496, 0.33426414, 1.62265974</corner2></bounds><pose><translation>-2.75600983, -1.00008773,  1.1230467 </translation><rotation><c1>1., 0., 0.</c1><c2>0., 1., 0.</c2><c3>0., 0., 1.</c3></rotation></pose><symmetry><x>none</x><y>none</y><z>none</z></symmetry><detectionScore>-1</detectionScore></element><element><id>5</id><category>wall</category><bounds><corner1>-0.05526414, -1.36230676, -2.14333468</corner1><corner2>0.05526414, 1.36230676, 2.14333468</corner2></bounds><pose><translation> 1.48536005, -0.16994071,  2.68317746</translation><rotation><c1>1., 0., 0.</c1><c2>0., 1., 0.</c2><c3>0., 0., 1.</c3></rotation></pose><symmetry><x>none</x><y>none</y><z>none</z></symmetry><detectionScore>-1</detectionScore></element><element><id>3</id><category>chandelier</category><bounds><corner1>-0.62481631, -0.02450641, -1.12203019</corner1><corner2>0.62481631, 0.02450641, 1.12203019</corner2></bounds><pose><translation>-1.18796374,  1.18285707, -3.18798262</translation><rotation><c1>1., 0., 0.</c1><c2>0., 1., 0.</c2><c3>0., 0., 1.</c3></rotation></pose><symmetry><x>none</x><y>none</y><z>none</z></symmetry><detectionScore>-1</detectionScore></element><element><id>9</id><category>hanging_kitchen_cabinet</category><bounds><corner1>-0.11005246, -0.50666198, -0.69222857</corner1><corner2>0.11005246, 0.50666198, 0.69222857</corner2></bounds><pose><translation>-5.90991292,  0.42527893,  4.13218896</translation><rotation><c1>1., 0., 0.</c1><c2>0., 1., 0.</c2><c3>0., 0., 1.</c3></rotation></pose><symmetry><x>none</x><y>none</y><z>none</z></symmetry><detectionScore>-1</detectionScore></element><element><id>10</id><category>chair</category><bounds><corner1>-0.56750422, -0.3684875 , -0.29039465</corner1><corner2>0.56750422, 0.3684875 , 0.29039465</corner2></bounds><pose><translation>-3.46231648, -1.016278  ,  0.87277667</translation><rotation><c1>1., 0., 0.</c1><c2>0., 1., 0.</c2><c3>0., 0., 1.</c3></rotation></pose><symmetry><x>none</x><y>none</y><z>none</z></symmetry><detectionScore>-1</detectionScore></element><element><id>4</id><category>wall</category><bounds><corner1>-2.28996595, -1.19255115, -2.19052035</corner1><corner2>2.28996595, 1.19255115, 2.19052035</corner2></bounds><pose><translation>-5.93414905, -0.05455084,  3.23759091</translation><rotation><c1>1., 0., 0.</c1><c2>0., 1., 0.</c2><c3>0., 0., 1.</c3></rotation></pose><symmetry><x>none</x><y>none</y><z>none</z></symmetry><detectionScore>-1</detectionScore></element><element><id>2</id><category>kitchen_cabinet</category><bounds><corner1>-0.82795256, -1.13107246, -0.12897839</corner1><corner2>0.82795256, 1.13107246, 0.12897839</corner2></bounds><pose><translation> 0.65570674, -0.34012977,  5.29860698</translation><rotation><c1>1., 0., 0.</c1><c2>0., 1., 0.</c2><c3>0., 0., 1.</c3></rotation></pose><symmetry><x>none</x><y>none</y><z>none</z></symmetry><detectionScore>-1</detectionScore></element><element><id>1</id><category>mirror</category><bounds><corner1>-0.0552792 , -0.70920819, -0.44405375</corner1><corner2>0.0552792 , 0.70920819, 0.44405375</corner2></bounds><pose><translation> 1.45181812,  0.27251371, -2.05311199</translation><rotation><c1>1., 0., 0.</c1><c2>0., 1., 0.</c2><c3>0., 0., 1.</c3></rotation></pose><symmetry><x>none</x><y>none</y><z>none</z></symmetry><detectionScore>-1</detectionScore></element><element><id>8</id><category>wall</category><bounds><corner1>-1.25305969, -1.18145208, -3.03763267</corner1><corner2>1.25305969, 1.18145208, 3.03763267</corner2></bounds><pose><translation>-14.81034088,  -0.04343872,  -2.07236632</translation><rotation><c1>1., 0., 0.</c1><c2>0., 1., 0.</c2><c3>0., 0., 1.</c3></rotation></pose><symmetry><x>none</x><y>none</y><z>none</z></symmetry><detectionScore>-1</detectionScore></element></elements></scene>