<?xml version='1.0' encoding='utf-8'?>
<scene xmlns:sumo="https://www.sumochallenge.org"><version>2.0</version><categories><id>fb_categories_v1_0</id><url>https://sumochallenge.org/en/categories-1_0.json</url></categories><project_type>bounding_box</project_type><elements><element><id>0</id><category>door</category><bounds><corner1>-2.4456754819066493, -1.5986421464662086, -0.8629433227882775</corner1><corner2>2.4456754819066493, 1.5986421464662086, 0.8629433227882775</corner2></bounds><pose><translation>2.6375989559049406, -0.2526185647296037, -1.9795155627705223</translation><rotation><c1>1, 0, 0</c1><c2>0, 1, 0</c2><c3>0, 0, 1</c3></rotation></pose><symmetry><x>twoFold</x><y>cylindrical</y><z>twoFold</z></symmetry><detectionScore>-1.0</detectionScore></element><element><id>1</id><category>dresser</category><bounds><corner1>-1.707223601481473, -0.782529368213605, -0.5094883342380214</corner1><corner2>1.707223601481473, 0.782529368213605, 0.5094883342380214</corner2></bounds><pose><translation>2.1602469807683216, -1.2347141721105304, 0.569877011790368</translation><rotation><c1>1, 0, 0</c1><c2>0, 1, 0</c2><c3>0, 0, 1</c3></rotation></pose><symmetry><x>twoFold</x><y>cylindrical</y><z>twoFold</z></symmetry><detectionScore>-1.0</detectionScore></element><element><id>2</id><category>desk</category><bounds><corner1>-1.7037150408748203, -0.7765432925789411, -0.51126932959292</corner1><corner2>1.7037150408748203, 0.7765432925789411, 0.51126932959292</corner2></bounds><pose><translation>2.160436812321069, -1.2620615067735839, 0.5686013536513892</translation><rotation><c1>1, 0, 0</c1><c2>0, 1, 0</c2><c3>0, 0, 1</c3></rotation></pose><symmetry><x>twoFold</x><y>cylindrical</y><z>twoFold</z></symmetry><detectionScore>-1.0</detectionScore></element><element><id>3</id><category>door</category><bounds><corner1>-0.7411321353423759, -1.5073475621656713, -3.353341573875263</corner1><corner2>0.7411321353423759, 1.5073475621656713, 3.353341573875263</corner2></bounds><pose><translation>-0.10358687332120801, 0.012823608164846774, 1.5505946436570577</translation><rotation><c1>1, 0, 0</c1><c2>0, 1, 0</c2><c3>0, 0, 1</c3></rotation></pose><symmetry><x>twoFold</x><y>cylindrical</y><z>twoFold</z></symmetry><detectionScore>-1.0</detectionScore></element><element><id>4</id><category>window</category><bounds><corner1>-2.1714296337841863, -1.3891477007606305, -0.7143507878412718</corner1><corner2>2.1714296337841863, 1.3891477007606305, 0.7143507878412718</corner2></bounds><pose><translation>2.9118448040274036, -0.05542195815837243, -1.9904950717903849</translation><rotation><c1>1, 0, 0</c1><c2>0, 1, 0</c2><c3>0, 0, 1</c3></rotation></pose><symmetry><x>twoFold</x><y>cylindrical</y><z>twoFold</z></symmetry><detectionScore>-1.0</detectionScore></element><element><id>5</id><category>office_chair</category><bounds><corner1>-0.29224114227683806, -0.7037736974061493, -0.6013449265033343</corner1><corner2>0.29224114227683806, 0.7037736974061493, 0.6013449265033343</corner2></bounds><pose><translation>3.6443960587234296, -1.1544314727430758, -0.09967273348684326</translation><rotation><c1>1, 0, 0</c1><c2>0, 1, 0</c2><c3>0, 0, 1</c3></rotation></pose><symmetry><x>twoFold</x><y>cylindrical</y><z>twoFold</z></symmetry><detectionScore>-1.0</detectionScore></element><element><id>6</id><category>coffee_table</category><bounds><corner1>-1.7145739498275407, -0.8375816195913095, -0.49144288260956026</corner1><corner2>1.7145739498275407, 0.8375816195913095, 0.49144288260956026</corner2></bounds><pose><translation>2.152896632422254, -1.289766423488235, 0.5984732410668681</translation><rotation><c1>1, 0, 0</c1><c2>0, 1, 0</c2><c3>0, 0, 1</c3></rotation></pose><symmetry><x>twoFold</x><y>cylindrical</y><z>twoFold</z></symmetry><detectionScore>-1.0</detectionScore></element><element><id>7</id><category>wall</category><bounds><corner1>-0.5511580295526203, -1.4060130905603443, -3.1462183305307487</corner1><corner2>0.5511580295526203, 1.4060130905603443, 3.1462183305307487</corner2></bounds><pose><translation>-0.05317941543395487, -0.05104890521006595, 1.757717887001572</translation><rotation><c1>1, 0, 0</c1><c2>0, 1, 0</c2><c3>0, 0, 1</c3></rotation></pose><symmetry><x>twoFold</x><y>cylindrical</y><z>twoFold</z></symmetry><detectionScore>-1.0</detectionScore></element><element><id>8</id><category>fireplace</category><bounds><corner1>-1.705780707373238, -0.7691165694170167, -0.5247481438917433</corner1><corner2>1.705780707373238, 0.7691165694170167, 0.5247481438917433</corner2></bounds><pose><translation>2.1603892124781816, -1.2164306988543026, 0.5412397174499642</translation><rotation><c1>1, 0, 0</c1><c2>0, 1, 0</c2><c3>0, 0, 1</c3></rotation></pose><symmetry><x>twoFold</x><y>cylindrical</y><z>twoFold</z></symmetry><detectionScore>-1.0</detectionScore></element><element><id>9</id><category>wall</category><bounds><corner1>-2.0455546975473395, -1.4303555144631994, -0.7434841867048041</corner1><corner2>2.0455546975473395, 1.4303555144631994, 0.7434841867048041</corner2></bounds><pose><translation>3.0377197402642504, -0.03430192724672429, -1.9746363021904763</translation><rotation><c1>1, 0, 0</c1><c2>0, 1, 0</c2><c3>0, 0, 1</c3></rotation></pose><symmetry><x>twoFold</x><y>cylindrical</y><z>twoFold</z></symmetry><detectionScore>-1.0</detectionScore></element><element><id>10</id><category>pedestal_fan</category><bounds><corner1>-1.7124112509172802, -0.8700959459322797, -0.5365663258511131</corner1><corner2>1.7124112509172802, 0.8700959459322797, 0.5365663258511131</corner2></bounds><pose><translation>2.1537586689341395, -1.2699276548093377, 0.5239320857368799</translation><rotation><c1>1, 0, 0</c1><c2>0, 1, 0</c2><c3>0, 0, 1</c3></rotation></pose><symmetry><x>twoFold</x><y>cylindrical</y><z>twoFold</z></symmetry><detectionScore>-1.0</detectionScore></element><element><id>11</id><category>single_bed</category><bounds><corner1>-2.216632144017308, -0.49167592005893046, -1.0654859515038044</corner1><corner2>2.216632144017308, 0.49167592005893046, 1.0654859515038044</corner2></bounds><pose><translation>-5.15719473600943, -1.1381414464779975, -1.3508685476862121</translation><rotation><c1>1, 0, 0</c1><c2>0, 1, 0</c2><c3>0, 0, 1</c3></rotation></pose><symmetry><x>twoFold</x><y>cylindrical</y><z>twoFold</z></symmetry><detectionScore>-1.0</detectionScore></element><element><id>12</id><category>ottoman</category><bounds><corner1>-0.8273637000472276, -0.6991998426269889, -0.5360793646268738</corner1><corner2>0.8273637000472276, 0.6991998426269889, 0.5360793646268738</corner2></bounds><pose><translation>-2.747648510190984, -1.274016487145906, -1.472491903967317</translation><rotation><c1>1, 0, 0</c1><c2>0, 1, 0</c2><c3>0, 0, 1</c3></rotation></pose><symmetry><x>twoFold</x><y>cylindrical</y><z>twoFold</z></symmetry><detectionScore>-1.0</detectionScore></element><element><id>13</id><category>window</category><bounds><corner1>-0.10034215777194788, -0.8679249234075606, -0.8245869891056417</corner1><corner2>0.10034215777194788, 0.8679249234075606, 0.8245869891056417</corner2></bounds><pose><translation>3.844748775328485, 0.06395197901936378, -1.0546385152557534</translation><rotation><c1>1, 0, 0</c1><c2>0, 1, 0</c2><c3>0, 0, 1</c3></rotation></pose><symmetry><x>twoFold</x><y>cylindrical</y><z>twoFold</z></symmetry><detectionScore>-1.0</detectionScore></element><element><id>14</id><category>wall</category><bounds><corner1>-0.7364610165007677, -1.5448473124727524, -0.49843125948439293</corner1><corner2>0.7364610165007677, 1.5448473124727524, 0.49843125948439293</corner2></bounds><pose><translation>-2.3937412344487283, -0.0719874213048349, -1.545434795924569</translation><rotation><c1>1, 0, 0</c1><c2>0, 1, 0</c2><c3>0, 0, 1</c3></rotation></pose><symmetry><x>twoFold</x><y>cylindrical</y><z>twoFold</z></symmetry><detectionScore>-1.0</detectionScore></element><element><id>15</id><category>fish_tank</category><bounds><corner1>-1.6954043747845358, -0.741572312198876, -0.47584492752582097</corner1><corner2>1.6954043747845358, 0.741572312198876, 0.47584492752582097</corner2></bounds><pose><translation>2.1796428083405575, -1.0453815625837803, 0.5998906141321696</translation><rotation><c1>1, 0, 0</c1><c2>0, 1, 0</c2><c3>0, 0, 1</c3></rotation></pose><symmetry><x>twoFold</x><y>cylindrical</y><z>twoFold</z></symmetry><detectionScore>-1.0</detectionScore></element><element><id>16</id><category>wall</category><bounds><corner1>-0.15476896179811606, -1.5163676928213683, -1.6433635650002008</corner1><corner2>0.15476896179811606, 1.5163676928213683, 1.6433635650002008</corner2></bounds><pose><translation>3.790321971302317, -0.13026353758327197, -0.6466116515239574</translation><rotation><c1>1, 0, 0</c1><c2>0, 1, 0</c2><c3>0, 0, 1</c3></rotation></pose><symmetry><x>twoFold</x><y>cylindrical</y><z>twoFold</z></symmetry><detectionScore>-1.0</detectionScore></element><element><id>17</id><category>wall</category><bounds><corner1>-3.6318976744979827, -1.4299177607194276, -2.4101859172570737</corner1><corner2>3.6318976744979827, 1.4299177607194276, 2.4101859172570737</corner2></bounds><pose><translation>-5.513230947488517, -0.09291707259281229, -1.4849375596211476</translation><rotation><c1>1, 0, 0</c1><c2>0, 1, 0</c2><c3>0, 0, 1</c3></rotation></pose><symmetry><x>twoFold</x><y>cylindrical</y><z>twoFold</z></symmetry><detectionScore>-1.0</detectionScore></element><element><id>18</id><category>stand</category><bounds><corner1>-1.7118806900265815, -0.810381978701832, -0.5022212556000857</corner1><corner2>1.7118806900265815, 0.810381978701832, 0.5022212556000857</corner2></bounds><pose><translation>2.1530350886065013, -1.2695764979567021, 0.5729928062535398</translation><rotation><c1>1, 0, 0</c1><c2>0, 1, 0</c2><c3>0, 0, 1</c3></rotation></pose><symmetry><x>twoFold</x><y>cylindrical</y><z>twoFold</z></symmetry><detectionScore>-1.0</detectionScore></element><element><id>19</id><category>wall_lamp</category><bounds><corner1>-0.18466625464921482, -0.22223278307937344, -0.1827638366467399</corner1><corner2>0.18466625464921482, 0.22223278307937344, 0.1827638366467399</corner2></bounds><pose><translation>1.0170225039038037, 0.8604559920822684, -2.0696287770943167</translation><rotation><c1>1, 0, 0</c1><c2>0, 1, 0</c2><c3>0, 0, 1</c3></rotation></pose><symmetry><x>twoFold</x><y>cylindrical</y><z>twoFold</z></symmetry><detectionScore>-1.0</detectionScore></element></elements></scene>