<?xml version='1.0' encoding='utf-8'?>
<scene xmlns:sumo="https://www.sumochallenge.org"><version>2.0</version><categories><id>fb_categories_v1_0</id><url>https://sumochallenge.org/en/categories-1_0.json</url></categories><project_type>bounding_box</project_type><elements><element><id>0</id><category>kitchen_cabinet</category><bounds><corner1>-0.8427333003802857, -0.7491847606690385, -1.1222551962021718</corner1><corner2>0.8427333003802857, 0.7491847606690385, 1.1222551962021718</corner2></bounds><pose><translation>-1.3552383519241529, -3.602394861935211, -0.5376177666185727</translation><rotation><c1>0, 0, 0</c1><c2>0, 0, 0</c2><c3>0, 0, 0</c3></rotation></pose><symmetry><x>twoFold</x><y>cylindrical</y><z>twoFold</z></symmetry><detectionScore>-1.0</detectionScore></element><element><id>1</id><category>table_and_chair</category><bounds><corner1>-1.091000383951, -0.9846766297494809, -0.6504408106642938</corner1><corner2>1.091000383951, 0.9846766297494809, 0.6504408106642938</corner2></bounds><pose><translation>-4.987721420232992, -1.9889417598130343, -1.0415178541746786</translation><rotation><c1>0, 0, 0</c1><c2>0, 0, 0</c2><c3>0, 0, 0</c3></rotation></pose><symmetry><x>twoFold</x><y>cylindrical</y><z>twoFold</z></symmetry><detectionScore>-1.0</detectionScore></element><element><id>2</id><category>refrigerator</category><bounds><corner1>-0.5792983469312295, -0.9626424348170257, -1.2516504993187265</corner1><corner2>0.5792983469312295, 0.9626424348170257, 1.2516504993187265</corner2></bounds><pose><translation>-0.5201127454221577, -2.995910624985439, -0.5207260150273152</translation><rotation><c1>0, 0, 0</c1><c2>0, 0, 0</c2><c3>0, 0, 0</c3></rotation></pose><symmetry><x>twoFold</x><y>cylindrical</y><z>twoFold</z></symmetry><detectionScore>-1.0</detectionScore></element><element><id>3</id><category>dishwasher</category><bounds><corner1>-0.7956816853071951, -0.24681754969927816, -0.4511616725878702</corner1><corner2>0.7956816853071951, 0.24681754969927816, 0.4511616725878702</corner2></bounds><pose><translation>-3.6447475913368512, -4.2888075994587584, -0.9755922567920405</translation><rotation><c1>0, 0, 0</c1><c2>0, 0, 0</c2><c3>0, 0, 0</c3></rotation></pose><symmetry><x>twoFold</x><y>cylindrical</y><z>twoFold</z></symmetry><detectionScore>-1.0</detectionScore></element><element><id>4</id><category>refrigerator</category><bounds><corner1>-0.7876143035218199, -0.704320731588842, -1.1091812908201164</corner1><corner2>0.7876143035218199, 0.704320731588842, 1.1091812908201164</corner2></bounds><pose><translation>-1.3425190711426276, -3.581369755334654, -0.5621337074036458</translation><rotation><c1>0, 0, 0</c1><c2>0, 0, 0</c2><c3>0, 0, 0</c3></rotation></pose><symmetry><x>twoFold</x><y>cylindrical</y><z>twoFold</z></symmetry><detectionScore>-1.0</detectionScore></element><element><id>5</id><category>kitchen_cabinet</category><bounds><corner1>-1.047888366288028, -0.7238252576290671, -1.1769438606749858</corner1><corner2>1.047888366288028, 0.7238252576290671, 1.1769438606749858</corner2></bounds><pose><translation>-2.4584096094606673, -4.272562474965584, -0.4355915093416138</translation><rotation><c1>0, 0, 0</c1><c2>0, 0, 0</c2><c3>0, 0, 0</c3></rotation></pose><symmetry><x>twoFold</x><y>cylindrical</y><z>twoFold</z></symmetry><detectionScore>-1.0</detectionScore></element><element><id>6</id><category>wall</category><bounds><corner1>-0.8082473040448545, -0.9202748168774098, -1.573755724747313</corner1><corner2>0.8082473040448545, 0.9202748168774098, 1.573755724747313</corner2></bounds><pose><translation>-0.20324395973956452, -2.94716052295561, -0.04558130709963776</translation><rotation><c1>0, 0, 0</c1><c2>0, 0, 0</c2><c3>0, 0, 0</c3></rotation></pose><symmetry><x>twoFold</x><y>cylindrical</y><z>twoFold</z></symmetry><detectionScore>-1.0</detectionScore></element><element><id>7</id><category>wall</category><bounds><corner1>-0.19060126559956014, -0.12526464282650585, -1.3240421220747423</corner1><corner2>0.19060126559956014, 0.12526464282650585, 1.3240421220747423</corner2></bounds><pose><translation>-4.98920174736878, -3.2700232762920236, 0.03345325270353073</translation><rotation><c1>0, 0, 0</c1><c2>0, 0, 0</c2><c3>0, 0, 0</c3></rotation></pose><symmetry><x>twoFold</x><y>cylindrical</y><z>twoFold</z></symmetry><detectionScore>-1.0</detectionScore></element><element><id>8</id><category>wall</category><bounds><corner1>-4.166132021530961, -1.916531130434481, -1.4308883021295902</corner1><corner2>4.166132021530961, 1.916531130434481, 1.4308883021295902</corner2></bounds><pose><translation>-5.606826108234119, -1.279867611725874, -0.03200337951040521</translation><rotation><c1>0, 0, 0</c1><c2>0, 0, 0</c2><c3>0, 0, 0</c3></rotation></pose><symmetry><x>twoFold</x><y>cylindrical</y><z>twoFold</z></symmetry><detectionScore>-1.0</detectionScore></element><element><id>9</id><category>kitchen_cabinet</category><bounds><corner1>-0.6045788742275977, -0.3580653701291552, -1.6233061776212043</corner1><corner2>0.6045788742275977, 0.3580653701291552, 1.6233061776212043</corner2></bounds><pose><translation>-2.01286965353126, 2.576188282172477, -0.4966783318531499</translation><rotation><c1>0, 0, 0</c1><c2>0, 0, 0</c2><c3>0, 0, 0</c3></rotation></pose><symmetry><x>twoFold</x><y>cylindrical</y><z>twoFold</z></symmetry><detectionScore>-1.0</detectionScore></element><element><id>10</id><category>dishwasher</category><bounds><corner1>-0.7611090689785327, -0.5660745615021923, -0.5074265001202927</corner1><corner2>0.7611090689785327, 0.5660745615021923, 0.5074265001202927</corner2></bounds><pose><translation>-1.1975897930819819, -3.3981414786879336, -0.9871233254650201</translation><rotation><c1>0, 0, 0</c1><c2>0, 0, 0</c2><c3>0, 0, 0</c3></rotation></pose><symmetry><x>twoFold</x><y>cylindrical</y><z>twoFold</z></symmetry><detectionScore>-1.0</detectionScore></element><element><id>11</id><category>kitchen_cabinet</category><bounds><corner1>-0.35955908739269304, -0.14957925409974893, -1.0726309177266315</corner1><corner2>0.35955908739269304, 0.14957925409974893, 1.0726309177266315</corner2></bounds><pose><translation>-1.829937684404729, 2.8041193246286404, -0.35655704672212585</translation><rotation><c1>0, 0, 0</c1><c2>0, 0, 0</c2><c3>0, 0, 0</c3></rotation></pose><symmetry><x>twoFold</x><y>cylindrical</y><z>twoFold</z></symmetry><detectionScore>-1.0</detectionScore></element><element><id>12</id><category>sofa</category><bounds><corner1>-1.4547163795937106, -0.8368371474846094, -0.5899722314682746</corner1><corner2>1.4547163795937106, 0.8368371474846094, 0.5899722314682746</corner2></bounds><pose><translation>5.797459296468741, -1.4338828120073048, -0.722902754624591</translation><rotation><c1>0, 0, 0</c1><c2>0, 0, 0</c2><c3>0, 0, 0</c3></rotation></pose><symmetry><x>twoFold</x><y>cylindrical</y><z>twoFold</z></symmetry><detectionScore>-1.0</detectionScore></element><element><id>13</id><category>water_dispenser</category><bounds><corner1>-0.5220254461652349, -0.26826820266603146, -0.8222489659837259</corner1><corner2>0.5220254461652349, 0.26826820266603146, 0.8222489659837259</corner2></bounds><pose><translation>-0.8528713688833758, -3.092114467364313, -0.8617542893314337</translation><rotation><c1>0, 0, 0</c1><c2>0, 0, 0</c2><c3>0, 0, 0</c3></rotation></pose><symmetry><x>twoFold</x><y>cylindrical</y><z>twoFold</z></symmetry><detectionScore>-1.0</detectionScore></element><element><id>14</id><category>door</category><bounds><corner1>-0.769336481993596, -0.7414477960001791, -1.4079497756113781</corner1><corner2>0.769336481993596, 0.7414477960001791, 1.4079497756113781</corner2></bounds><pose><translation>-1.466971569520696, -3.7444728707209634, -0.4568810913690008</translation><rotation><c1>0, 0, 0</c1><c2>0, 0, 0</c2><c3>0, 0, 0</c3></rotation></pose><symmetry><x>twoFold</x><y>cylindrical</y><z>twoFold</z></symmetry><detectionScore>-1.0</detectionScore></element><element><id>15</id><category>kitchen_cabinet</category><bounds><corner1>-0.8239254250306791, -0.6324371409100431, -1.7294048947424345</corner1><corner2>0.8239254250306791, 0.6324371409100431, 1.7294048947424345</corner2></bounds><pose><translation>-3.5150374732653686, 2.189465716470669, -0.32650134261822705</translation><rotation><c1>0, 0, 0</c1><c2>0, 0, 0</c2><c3>0, 0, 0</c3></rotation></pose><symmetry><x>twoFold</x><y>cylindrical</y><z>twoFold</z></symmetry><detectionScore>-1.0</detectionScore></element><element><id>16</id><category>wall</category><bounds><corner1>-0.5495303883458806, -0.36966957244299703, -1.4167978305572073</corner1><corner2>0.5495303883458806, 0.36966957244299703, 1.4167978305572073</corner2></bounds><pose><translation>-4.9206462447921995, -3.2786493931993586, 0.014397998110345473</translation><rotation><c1>0, 0, 0</c1><c2>0, 0, 0</c2><c3>0, 0, 0</c3></rotation></pose><symmetry><x>twoFold</x><y>cylindrical</y><z>twoFold</z></symmetry><detectionScore>-1.0</detectionScore></element><element><id>17</id><category>plant</category><bounds><corner1>-5.091908254689434, -0.5931770441910177, -1.025781351477396</corner1><corner2>5.091908254689434, 0.5931770441910177, 1.025781351477396</corner2></bounds><pose><translation>4.354945198443714, -0.5000243553367095, -1.037154377135483</translation><rotation><c1>0, 0, 0</c1><c2>0, 0, 0</c2><c3>0, 0, 0</c3></rotation></pose><symmetry><x>twoFold</x><y>cylindrical</y><z>twoFold</z></symmetry><detectionScore>-1.0</detectionScore></element><element><id>18</id><category>wall</category><bounds><corner1>-1.3095686706526941, -0.36320855090040194, -1.5711441593591635</corner1><corner2>1.3095686706526941, 0.36320855090040194, 1.5711441593591635</corner2></bounds><pose><translation>-0.7560586009311561, 2.640503894849754, -0.10126417704249248</translation><rotation><c1>0, 0, 0</c1><c2>0, 0, 0</c2><c3>0, 0, 0</c3></rotation></pose><symmetry><x>twoFold</x><y>cylindrical</y><z>twoFold</z></symmetry><detectionScore>-1.0</detectionScore></element><element><id>19</id><category>door</category><bounds><corner1>-8.190887733438238, -0.19864380918962196, -0.7951008643404442</corner1><corner2>8.190887733438238, 0.19864380918962196, 0.7951008643404442</corner2></bounds><pose><translation>1.6917909150698276, 0.014889505564380814, -0.09547946291023796</translation><rotation><c1>0, 0, 0</c1><c2>0, 0, 0</c2><c3>0, 0, 0</c3></rotation></pose><symmetry><x>twoFold</x><y>cylindrical</y><z>twoFold</z></symmetry><detectionScore>-1.0</detectionScore></element><element><id>20</id><category>wall</category><bounds><corner1>-1.4127516238037605, -0.9891236229423912, -1.4253866253933622</corner1><corner2>1.4127516238037605, 0.9891236229423912, 1.4253866253933622</corner2></bounds><pose><translation>-3.0218248237893777, -4.694858815398514, -0.027122485800670663</translation><rotation><c1>0, 0, 0</c1><c2>0, 0, 0</c2><c3>0, 0, 0</c3></rotation></pose><symmetry><x>twoFold</x><y>cylindrical</y><z>twoFold</z></symmetry><detectionScore>-1.0</detectionScore></element><element><id>21</id><category>plant</category><bounds><corner1>-2.4773974452779335, -0.2973404692692344, -0.8835234864821808</corner1><corner2>2.4773974452779335, 0.2973404692692344, 0.8835234864821808</corner2></bounds><pose><translation>4.779823649463559, -0.5622638325634597, -1.4568252146465923</translation><rotation><c1>0, 0, 0</c1><c2>0, 0, 0</c2><c3>0, 0, 0</c3></rotation></pose><symmetry><x>twoFold</x><y>cylindrical</y><z>twoFold</z></symmetry><detectionScore>-1.0</detectionScore></element><element><id>22</id><category>plant</category><bounds><corner1>-7.71836902153652, -0.2514693238890967, -0.3767890266539271</corner1><corner2>7.71836902153652, 0.2514693238890967, 0.3767890266539271</corner2></bounds><pose><translation>1.4975870294101565, 0.285638462825455, -0.33957839914156196</translation><rotation><c1>0, 0, 0</c1><c2>0, 0, 0</c2><c3>0, 0, 0</c3></rotation></pose><symmetry><x>twoFold</x><y>cylindrical</y><z>twoFold</z></symmetry><detectionScore>-1.0</detectionScore></element><element><id>23</id><category>refrigerator</category><bounds><corner1>-0.38786495910725033, -0.09487507511970095, -1.1122436633532033</corner1><corner2>0.38786495910725033, 0.09487507511970095, 1.1122436633532033</corner2></bounds><pose><translation>0.2766795962719489, -2.0629297476538224, -0.5563632644745278</translation><rotation><c1>0, 0, 0</c1><c2>0, 0, 0</c2><c3>0, 0, 0</c3></rotation></pose><symmetry><x>twoFold</x><y>cylindrical</y><z>twoFold</z></symmetry><detectionScore>-1.0</detectionScore></element><element><id>24</id><category>sofa</category><bounds><corner1>-3.0777244348729997, -0.49176297479795833, -0.577115957355695</corner1><corner2>3.0777244348729997, 0.49176297479795833, 0.577115957355695</corner2></bounds><pose><translation>6.724678224907825, -0.457418677401776, -0.657666994710313</translation><rotation><c1>0, 0, 0</c1><c2>0, 0, 0</c2><c3>0, 0, 0</c3></rotation></pose><symmetry><x>twoFold</x><y>cylindrical</y><z>twoFold</z></symmetry><detectionScore>-1.0</detectionScore></element><element><id>25</id><category>kitchen_cabinet</category><bounds><corner1>-0.7047535623609563, -0.3471405002774497, -1.679328079101664</corner1><corner2>0.7047535623609563, 0.3471405002774497, 1.679328079101664</corner2></bounds><pose><translation>-0.7102886858028956, 2.6598643709971337, -0.44692442138353655</translation><rotation><c1>0, 0, 0</c1><c2>0, 0, 0</c2><c3>0, 0, 0</c3></rotation></pose><symmetry><x>twoFold</x><y>cylindrical</y><z>twoFold</z></symmetry><detectionScore>-1.0</detectionScore></element><element><id>26</id><category>range_oven</category><bounds><corner1>-0.6244893524311095, -0.4227163295453855, -0.6219107369593138</corner1><corner2>0.6244893524311095, 0.4227163295453855, 0.6219107369593138</corner2></bounds><pose><translation>-1.0374568528464292, -3.2453300580808455, -0.9747938858055051</translation><rotation><c1>0, 0, 0</c1><c2>0, 0, 0</c2><c3>0, 0, 0</c3></rotation></pose><symmetry><x>twoFold</x><y>cylindrical</y><z>twoFold</z></symmetry><detectionScore>-1.0</detectionScore></element><element><id>27</id><category>window</category><bounds><corner1>-1.4950443244559803, -1.391618578009487, -0.8280378167284866</corner1><corner2>1.4950443244559803, 1.391618578009487, 0.8280378167284866</corner2></bounds><pose><translation>-5.659418494039575, -2.5728393291505545, 0.07240542204441959</translation><rotation><c1>0, 0, 0</c1><c2>0, 0, 0</c2><c3>0, 0, 0</c3></rotation></pose><symmetry><x>twoFold</x><y>cylindrical</y><z>twoFold</z></symmetry><detectionScore>-1.0</detectionScore></element><element><id>28</id><category>wall</category><bounds><corner1>-7.768633767520713, -0.9941804059425157, -1.31682695724531</corner1><corner2>7.768633767520713, 0.9941804059425157, 1.31682695724531</corner2></bounds><pose><translation>1.6357874265143428, -0.5140756177720793, -0.023292995091753976</translation><rotation><c1>0, 0, 0</c1><c2>0, 0, 0</c2><c3>0, 0, 0</c3></rotation></pose><symmetry><x>twoFold</x><y>cylindrical</y><z>twoFold</z></symmetry><detectionScore>-1.0</detectionScore></element><element><id>29</id><category>armchair</category><bounds><corner1>-1.1284479567265215, -0.9348142750363049, -0.663084370292383</corner1><corner2>1.1284479567265215, 0.9348142750363049, 0.663084370292383</corner2></bounds><pose><translation>6.18455895855021, -1.5320193912232358, -0.7687781352094019</translation><rotation><c1>0, 0, 0</c1><c2>0, 0, 0</c2><c3>0, 0, 0</c3></rotation></pose><symmetry><x>twoFold</x><y>cylindrical</y><z>twoFold</z></symmetry><detectionScore>-1.0</detectionScore></element><element><id>30</id><category>kitchen_cabinet</category><bounds><corner1>-0.5931420911381685, -0.3442680202012762, -1.601537751692521</corner1><corner2>0.5931420911381685, 0.3442680202012762, 1.601537751692521</corner2></bounds><pose><translation>-1.4204581757226358, 2.6321191106904975, -0.425540981663074</translation><rotation><c1>0, 0, 0</c1><c2>0, 0, 0</c2><c3>0, 0, 0</c3></rotation></pose><symmetry><x>twoFold</x><y>cylindrical</y><z>twoFold</z></symmetry><detectionScore>-1.0</detectionScore></element><element><id>31</id><category>kitchen_cabinet</category><bounds><corner1>-0.8136810498437774, -0.4503633691213329, -1.2992085738484132</corner1><corner2>0.8136810498437774, 0.4503633691213329, 1.2992085738484132</corner2></bounds><pose><translation>-3.766212945498488, -4.626719229835572, -0.29633897621075067</translation><rotation><c1>0, 0, 0</c1><c2>0, 0, 0</c2><c3>0, 0, 0</c3></rotation></pose><symmetry><x>twoFold</x><y>cylindrical</y><z>twoFold</z></symmetry><detectionScore>-1.0</detectionScore></element><element><id>32</id><category>desk</category><bounds><corner1>-1.0176071512075122, -0.900289133125294, -0.607095055287139</corner1><corner2>1.0176071512075122, 0.900289133125294, 0.607095055287139</corner2></bounds><pose><translation>-4.9020139895372745, -1.8558665417892706, -1.0729999320571901</translation><rotation><c1>0, 0, 0</c1><c2>0, 0, 0</c2><c3>0, 0, 0</c3></rotation></pose><symmetry><x>twoFold</x><y>cylindrical</y><z>twoFold</z></symmetry><detectionScore>-1.0</detectionScore></element><element><id>33</id><category>wall</category><bounds><corner1>-1.4783902515602634, -1.153137644885988, -1.4295700674505865</corner1><corner2>1.4783902515602634, 1.153137644885988, 1.4295700674505865</corner2></bounds><pose><translation>-6.932995998030044, -0.15792094513534363, -0.047337738581316825</translation><rotation><c1>0, 0, 0</c1><c2>0, 0, 0</c2><c3>0, 0, 0</c3></rotation></pose><symmetry><x>twoFold</x><y>cylindrical</y><z>twoFold</z></symmetry><detectionScore>-1.0</detectionScore></element><element><id>34</id><category>kitchen_cabinet</category><bounds><corner1>-0.4248138677126019, -1.0018472731290986, -2.015309015092863</corner1><corner2>0.4248138677126019, 1.0018472731290986, 2.015309015092863</corner2></bounds><pose><translation>0.2849897859980127, 2.001916841483854, -0.4823215112774991</translation><rotation><c1>0, 0, 0</c1><c2>0, 0, 0</c2><c3>0, 0, 0</c3></rotation></pose><symmetry><x>twoFold</x><y>cylindrical</y><z>twoFold</z></symmetry><detectionScore>-1.0</detectionScore></element><element><id>35</id><category>dining_table</category><bounds><corner1>-1.0661739748890193, -0.9787450956764041, -0.5683274879766413</corner1><corner2>1.0661739748890193, 0.9787450956764041, 0.5683274879766413</corner2></bounds><pose><translation>-4.95561486367886, -2.0620399836549868, -1.0320607095987406</translation><rotation><c1>0, 0, 0</c1><c2>0, 0, 0</c2><c3>0, 0, 0</c3></rotation></pose><symmetry><x>twoFold</x><y>cylindrical</y><z>twoFold</z></symmetry><detectionScore>-1.0</detectionScore></element><element><id>36</id><category>plant</category><bounds><corner1>-0.5156179196879309, -0.2464518639752301, -0.6274134569155818</corner1><corner2>0.5156179196879309, 0.2464518639752301, 0.6274134569155818</corner2></bounds><pose><translation>-1.9024560892370324, -1.182519270172332, -1.2052789790528402</translation><rotation><c1>0, 0, 0</c1><c2>0, 0, 0</c2><c3>0, 0, 0</c3></rotation></pose><symmetry><x>twoFold</x><y>cylindrical</y><z>twoFold</z></symmetry><detectionScore>-1.0</detectionScore></element><element><id>37</id><category>door</category><bounds><corner1>-1.6282699212834908, -0.9541111648811502, -1.1255314157440564</corner1><corner2>1.6282699212834908, 0.9541111648811502, 1.1255314157440564</corner2></bounds><pose><translation>-5.786468537393641, -2.0831136198126368, -0.19813796611610007</translation><rotation><c1>0, 0, 0</c1><c2>0, 0, 0</c2><c3>0, 0, 0</c3></rotation></pose><symmetry><x>twoFold</x><y>cylindrical</y><z>twoFold</z></symmetry><detectionScore>-1.0</detectionScore></element><element><id>38</id><category>wall</category><bounds><corner1>-2.1110291432548003, -0.5673800605525088, -1.446902007174116</corner1><corner2>2.1110291432548003, 0.5673800605525088, 1.446902007174116</corner2></bounds><pose><translation>-5.503376201351165, 1.6738281046158656, -0.026712829986717545</translation><rotation><c1>0, 0, 0</c1><c2>0, 0, 0</c2><c3>0, 0, 0</c3></rotation></pose><symmetry><x>twoFold</x><y>cylindrical</y><z>twoFold</z></symmetry><detectionScore>-1.0</detectionScore></element><element><id>39</id><category>dishwasher</category><bounds><corner1>-1.4668487016289506, -0.7742998354745532, -0.43889699326348186</corner1><corner2>1.4668487016289506, 0.7742998354745532, 0.43889699326348186</corner2></bounds><pose><translation>-2.8081785166257762, -4.271651811276285, -0.988043480396981</translation><rotation><c1>0, 0, 0</c1><c2>0, 0, 0</c2><c3>0, 0, 0</c3></rotation></pose><symmetry><x>twoFold</x><y>cylindrical</y><z>twoFold</z></symmetry><detectionScore>-1.0</detectionScore></element><element><id>40</id><category>curtain</category><bounds><corner1>-0.38710496207899414, -0.5107737766266744, -0.27780949411070777</corner1><corner2>0.38710496207899414, 0.5107737766266744, 0.27780949411070777</corner2></bounds><pose><translation>-5.76539113906907, -2.7423690762163004, 0.794777617836525</translation><rotation><c1>0, 0, 0</c1><c2>0, 0, 0</c2><c3>0, 0, 0</c3></rotation></pose><symmetry><x>twoFold</x><y>cylindrical</y><z>twoFold</z></symmetry><detectionScore>-1.0</detectionScore></element></elements></scene>