<?xml version='1.0' encoding='utf-8'?>
<scene xmlns:sumo="https://www.sumochallenge.org"><version>2.0</version><categories><id>fb_categories_v1_0</id><url>https://sumochallenge.org/en/categories-1_0.json</url></categories><project_type>bounding_box</project_type><elements><element><id>0</id><category>wall</category><bounds><corner1>-0.16813779951519248, -1.47954788573579, -2.322293055445523</corner1><corner2>0.16813779951519248, 1.47954788573579, 2.322293055445523</corner2></bounds><pose><translation>4.009398910562762, -0.09824636680091545, -0.5189003675189109</translation><rotation><c1>1, 0, 0</c1><c2>0, 1, 0</c2><c3>0, 0, 1</c3></rotation></pose><symmetry><x>twoFold</x><y>cylindrical</y><z>twoFold</z></symmetry><detectionScore>-1.0</detectionScore></element><element><id>1</id><category>wall</category><bounds><corner1>-0.4467925989697985, -1.3704286363244582, -1.6167330682814944</corner1><corner2>0.4467925989697985, 1.3704286363244582, 1.6167330682814944</corner2></bounds><pose><translation>-1.912796916136735, -0.05217624048427788, 0.013327021163420733</translation><rotation><c1>1, 0, 0</c1><c2>0, 1, 0</c2><c3>0, 0, 1</c3></rotation></pose><symmetry><x>twoFold</x><y>cylindrical</y><z>twoFold</z></symmetry><detectionScore>-1.0</detectionScore></element><element><id>2</id><category>window</category><bounds><corner1>-0.8401439283267997, -0.9083782762625806, -0.20271211410485268</corner1><corner2>0.8401439283267997, 0.9083782762625806, 0.20271211410485268</corner2></bounds><pose><translation>1.2418146057899575, 0.14884214898360995, -4.913570237704111</translation><rotation><c1>1, 0, 0</c1><c2>0, 1, 0</c2><c3>0, 0, 1</c3></rotation></pose><symmetry><x>twoFold</x><y>cylindrical</y><z>twoFold</z></symmetry><detectionScore>-1.0</detectionScore></element><element><id>3</id><category>wall_lamp</category><bounds><corner1>-0.3795807890810172, -0.4590752029775875, -0.28530355707387167</corner1><corner2>0.3795807890810172, 0.4590752029775875, 0.28530355707387167</corner2></bounds><pose><translation>-1.8573913221512188, 0.7234811307002367, -0.7925867367914124</translation><rotation><c1>1, 0, 0</c1><c2>0, 1, 0</c2><c3>0, 0, 1</c3></rotation></pose><symmetry><x>twoFold</x><y>cylindrical</y><z>twoFold</z></symmetry><detectionScore>-1.0</detectionScore></element><element><id>4</id><category>door</category><bounds><corner1>-0.32908485071660465, -1.4768151145799278, -0.7112481197630003</corner1><corner2>0.32908485071660465, 1.4768151145799278, 0.7112481197630003</corner2></bounds><pose><translation>3.76597618343666, -0.4793577186493419, 1.3375377268070059</translation><rotation><c1>1, 0, 0</c1><c2>0, 1, 0</c2><c3>0, 0, 1</c3></rotation></pose><symmetry><x>twoFold</x><y>cylindrical</y><z>twoFold</z></symmetry><detectionScore>-1.0</detectionScore></element><element><id>5</id><category>window</category><bounds><corner1>-0.10544970322083813, -1.014494487112438, -0.8782815817495824</corner1><corner2>0.10544970322083813, 1.014494487112438, 0.8782815817495824</corner2></bounds><pose><translation>4.072087006857116, 0.14751795858834668, -0.9672302829485068</translation><rotation><c1>1, 0, 0</c1><c2>0, 1, 0</c2><c3>0, 0, 1</c3></rotation></pose><symmetry><x>twoFold</x><y>cylindrical</y><z>twoFold</z></symmetry><detectionScore>-1.0</detectionScore></element><element><id>6</id><category>wall</category><bounds><corner1>-2.9203817456925156, -1.4899994039230064, -2.1482662632010876</corner1><corner2>2.9203817456925156, 1.4899994039230064, 2.1482662632010876</corner2></bounds><pose><translation>0.9334481315370058, -0.13741436721866276, -4.831028158126846</translation><rotation><c1>1, 0, 0</c1><c2>0, 1, 0</c2><c3>0, 0, 1</c3></rotation></pose><symmetry><x>twoFold</x><y>cylindrical</y><z>twoFold</z></symmetry><detectionScore>-1.0</detectionScore></element><element><id>7</id><category>double_bed</category><bounds><corner1>-3.6194228366001022, -0.6539609114217908, -0.9966996372392063</corner1><corner2>3.6194228366001022, 0.6539609114217908, 0.9966996372392063</corner2></bounds><pose><translation>-0.5308613989349702, -0.9731972506047178, -2.6574807228672266</translation><rotation><c1>1, 0, 0</c1><c2>0, 1, 0</c2><c3>0, 0, 1</c3></rotation></pose><symmetry><x>twoFold</x><y>cylindrical</y><z>twoFold</z></symmetry><detectionScore>-1.0</detectionScore></element></elements></scene>