<?xml version='1.0' encoding='utf-8'?>
<scene xmlns:sumo="https://www.sumochallenge.org"><version>2.0</version><categories><id>fb_categories_v1_0</id><url>https://sumochallenge.org/en/categories-1_0.json</url></categories><project_type>bounding_box</project_type><elements><element><id>0</id><category>kettle</category><bounds><corner1>-0.4072378746559846, -0.17361692369229065, -0.14420102724919226</corner1><corner2>0.4072378746559846, 0.17361692369229065, 0.14420102724919226</corner2></bounds><pose><translation>1.2074528101941602, -1.7861360560618125, -0.7049820963515187</translation><rotation><c1>0, 0, 0</c1><c2>0, 0, 0</c2><c3>0, 0, 0</c3></rotation></pose><symmetry><x>twoFold</x><y>cylindrical</y><z>twoFold</z></symmetry><detectionScore>-1.0</detectionScore></element><element><id>1</id><category>utensil_holder</category><bounds><corner1>-0.1396955953155392, -0.35239626028834614, -0.3751005586653742</corner1><corner2>0.1396955953155392, 0.35239626028834614, 0.3751005586653742</corner2></bounds><pose><translation>1.5003017746175604, -1.8122635391869604, -0.7252104847506717</translation><rotation><c1>0, 0, 0</c1><c2>0, 0, 0</c2><c3>0, 0, 0</c3></rotation></pose><symmetry><x>twoFold</x><y>cylindrical</y><z>twoFold</z></symmetry><detectionScore>-1.0</detectionScore></element><element><id>2</id><category>glass</category><bounds><corner1>-0.40891839110951356, -0.1721639235123109, -0.14350760268240537</corner1><corner2>0.40891839110951356, 0.1721639235123109, 0.14350760268240537</corner2></bounds><pose><translation>1.2065065507341237, -1.7848529467236292, -0.7041677526011135</translation><rotation><c1>0, 0, 0</c1><c2>0, 0, 0</c2><c3>0, 0, 0</c3></rotation></pose><symmetry><x>twoFold</x><y>cylindrical</y><z>twoFold</z></symmetry><detectionScore>-1.0</detectionScore></element><element><id>3</id><category>food_processor</category><bounds><corner1>-0.18064626848640386, -0.3478865277477887, -0.3659977637358103</corner1><corner2>0.18064626848640386, 0.3478865277477887, 0.3659977637358103</corner2></bounds><pose><translation>1.4587928967616315, -1.807175816677442, -0.7456539493538558</translation><rotation><c1>0, 0, 0</c1><c2>0, 0, 0</c2><c3>0, 0, 0</c3></rotation></pose><symmetry><x>twoFold</x><y>cylindrical</y><z>twoFold</z></symmetry><detectionScore>-1.0</detectionScore></element><element><id>4</id><category>person</category><bounds><corner1>-2.5171129851077687, -1.1360332430754396, -0.6613502886791662</corner1><corner2>2.5171129851077687, 1.1360332430754396, 0.6613502886791662</corner2></bounds><pose><translation>-4.1497831343237905, -2.1199486327357153, -0.8648595514695643</translation><rotation><c1>0, 0, 0</c1><c2>0, 0, 0</c2><c3>0, 0, 0</c3></rotation></pose><symmetry><x>twoFold</x><y>cylindrical</y><z>twoFold</z></symmetry><detectionScore>-1.0</detectionScore></element><element><id>5</id><category>armchair</category><bounds><corner1>-0.5583819737640682, -0.4860241547696966, -0.5863133189984149</corner1><corner2>0.5583819737640682, 0.4860241547696966, 0.5863133189984149</corner2></bounds><pose><translation>-1.0515315480136675, -1.8458053083616504, -1.1428448783790084</translation><rotation><c1>0, 0, 0</c1><c2>0, 0, 0</c2><c3>0, 0, 0</c3></rotation></pose><symmetry><x>twoFold</x><y>cylindrical</y><z>twoFold</z></symmetry><detectionScore>-1.0</detectionScore></element><element><id>6</id><category>sofa</category><bounds><corner1>-0.48861850742179647, -0.5019959804922696, -0.5667482839154432</corner1><corner2>0.48861850742179647, 0.5019959804922696, 0.5667482839154432</corner2></bounds><pose><translation>-1.0023447539364965, -1.8412394742791687, -1.1573053371117445</translation><rotation><c1>0, 0, 0</c1><c2>0, 0, 0</c2><c3>0, 0, 0</c3></rotation></pose><symmetry><x>twoFold</x><y>cylindrical</y><z>twoFold</z></symmetry><detectionScore>-1.0</detectionScore></element><element><id>7</id><category>vase</category><bounds><corner1>-0.2128849339779093, -0.31922492777152833, -0.3104093163951396</corner1><corner2>0.2128849339779093, 0.31922492777152833, 0.3104093163951396</corner2></bounds><pose><translation>-2.1243554300366254, 0.7464182966837759, -0.9203720336273725</translation><rotation><c1>0, 0, 0</c1><c2>0, 0, 0</c2><c3>0, 0, 0</c3></rotation></pose><symmetry><x>twoFold</x><y>cylindrical</y><z>twoFold</z></symmetry><detectionScore>-1.0</detectionScore></element><element><id>8</id><category>armchair</category><bounds><corner1>-0.42727269298660375, -0.7401863131187782, -0.3379587884785772</corner1><corner2>0.42727269298660375, 0.7401863131187782, 0.3379587884785772</corner2></bounds><pose><translation>1.160974807767464, -2.25303672979918, -0.8798313658616626</translation><rotation><c1>0, 0, 0</c1><c2>0, 0, 0</c2><c3>0, 0, 0</c3></rotation></pose><symmetry><x>twoFold</x><y>cylindrical</y><z>twoFold</z></symmetry><detectionScore>-1.0</detectionScore></element><element><id>9</id><category>armchair</category><bounds><corner1>-1.8675416724497613, -0.5774319259649527, -0.5167298929105472</corner1><corner2>1.8675416724497613, 0.5774319259649527, 0.5167298929105472</corner2></bounds><pose><translation>-4.465715922450334, -0.9435923096004689, -1.259924172023436</translation><rotation><c1>0, 0, 0</c1><c2>0, 0, 0</c2><c3>0, 0, 0</c3></rotation></pose><symmetry><x>twoFold</x><y>cylindrical</y><z>twoFold</z></symmetry><detectionScore>-1.0</detectionScore></element><element><id>10</id><category>window</category><bounds><corner1>-5.258685607184009, -2.2140838999215893, -1.4189960084931363</corner1><corner2>5.258685607184009, 2.2140838999215893, 1.4189960084931363</corner2></bounds><pose><translation>-10.117236064833827, -2.9515014828117114, -0.1563313490801753</translation><rotation><c1>0, 0, 0</c1><c2>0, 0, 0</c2><c3>0, 0, 0</c3></rotation></pose><symmetry><x>twoFold</x><y>cylindrical</y><z>twoFold</z></symmetry><detectionScore>-1.0</detectionScore></element><element><id>11</id><category>wall</category><bounds><corner1>-0.1731135433403227, -0.5999998306555014, -0.9019707640106576</corner1><corner2>0.1731135433403227, 0.5999998306555014, 0.9019707640106576</corner2></bounds><pose><translation>-1.138556246180183, -1.948245995141436, -0.07480736083704698</translation><rotation><c1>0, 0, 0</c1><c2>0, 0, 0</c2><c3>0, 0, 0</c3></rotation></pose><symmetry><x>twoFold</x><y>cylindrical</y><z>twoFold</z></symmetry><detectionScore>-1.0</detectionScore></element><element><id>12</id><category>door</category><bounds><corner1>-0.27747695798615213, -0.5332327046982859, -1.3097769123622767</corner1><corner2>0.27747695798615213, 0.5332327046982859, 1.3097769123622767</corner2></bounds><pose><translation>-1.0998621917015412, -2.3109297678363987, -0.31988461296412257</translation><rotation><c1>0, 0, 0</c1><c2>0, 0, 0</c2><c3>0, 0, 0</c3></rotation></pose><symmetry><x>twoFold</x><y>cylindrical</y><z>twoFold</z></symmetry><detectionScore>-1.0</detectionScore></element><element><id>13</id><category>armchair</category><bounds><corner1>-0.8150636858411633, -0.4655028978196428, -0.7093274701473216</corner1><corner2>0.8150636858411633, 0.4655028978196428, 0.7093274701473216</corner2></bounds><pose><translation>-2.458838498863669, -1.2786457277354963, -1.1902281371842767</translation><rotation><c1>0, 0, 0</c1><c2>0, 0, 0</c2><c3>0, 0, 0</c3></rotation></pose><symmetry><x>twoFold</x><y>cylindrical</y><z>twoFold</z></symmetry><detectionScore>-1.0</detectionScore></element><element><id>14</id><category>wall_lamp</category><bounds><corner1>-0.08195512115126458, -0.35341083426250364, -0.3710704880771519</corner1><corner2>0.08195512115126458, 0.35341083426250364, 0.3710704880771519</corner2></bounds><pose><translation>1.7384886605744605, 0.05712418573678242, 0.6803809242625941</translation><rotation><c1>0, 0, 0</c1><c2>0, 0, 0</c2><c3>0, 0, 0</c3></rotation></pose><symmetry><x>twoFold</x><y>cylindrical</y><z>twoFold</z></symmetry><detectionScore>-1.0</detectionScore></element><element><id>15</id><category>bottle</category><bounds><corner1>-0.37815121265327334, -0.21354598241885947, -0.22264636840404506</corner1><corner2>0.37815121265327334, 0.21354598241885947, 0.22264636840404506</corner2></bounds><pose><translation>1.2198282874390778, -1.8953860806203675, -0.7829202853117809</translation><rotation><c1>0, 0, 0</c1><c2>0, 0, 0</c2><c3>0, 0, 0</c3></rotation></pose><symmetry><x>twoFold</x><y>cylindrical</y><z>twoFold</z></symmetry><detectionScore>-1.0</detectionScore></element><element><id>16</id><category>cup</category><bounds><corner1>-0.40891839110951356, -0.1721639235123109, -0.14350760268240537</corner1><corner2>0.40891839110951356, 0.1721639235123109, 0.14350760268240537</corner2></bounds><pose><translation>1.2065065507341237, -1.7848529467236292, -0.7041677526011135</translation><rotation><c1>0, 0, 0</c1><c2>0, 0, 0</c2><c3>0, 0, 0</c3></rotation></pose><symmetry><x>twoFold</x><y>cylindrical</y><z>twoFold</z></symmetry><detectionScore>-1.0</detectionScore></element><element><id>17</id><category>utensil_holder</category><bounds><corner1>-0.3173745430338373, -0.3230469802462985, -0.14509668951039</corner1><corner2>0.3173745430338373, 0.3230469802462985, 0.14509668951039</corner2></bounds><pose><translation>1.2917212951712083, -1.9549071070313864, -0.6866782521759848</translation><rotation><c1>0, 0, 0</c1><c2>0, 0, 0</c2><c3>0, 0, 0</c3></rotation></pose><symmetry><x>twoFold</x><y>cylindrical</y><z>twoFold</z></symmetry><detectionScore>-1.0</detectionScore></element><element><id>18</id><category>curtain</category><bounds><corner1>-4.483629869294741, -2.2074475160685525, -1.5214144125549058</corner1><corner2>4.483629869294741, 2.2074475160685525, 1.5214144125549058</corner2></bounds><pose><translation>-9.19762770550669, -2.8056400442555436, -0.2600703633108651</translation><rotation><c1>0, 0, 0</c1><c2>0, 0, 0</c2><c3>0, 0, 0</c3></rotation></pose><symmetry><x>twoFold</x><y>cylindrical</y><z>twoFold</z></symmetry><detectionScore>-1.0</detectionScore></element><element><id>19</id><category>wall</category><bounds><corner1>-1.2577985605976865, -2.403611259315533, -1.5258366917408082</corner1><corner2>1.2577985605976865, 2.403611259315533, 1.5258366917408082</corner2></bounds><pose><translation>0.24034279642012937, -4.216487365258647, -0.19302140601661244</translation><rotation><c1>0, 0, 0</c1><c2>0, 0, 0</c2><c3>0, 0, 0</c3></rotation></pose><symmetry><x>twoFold</x><y>cylindrical</y><z>twoFold</z></symmetry><detectionScore>-1.0</detectionScore></element><element><id>20</id><category>ottoman</category><bounds><corner1>-0.42923307612369566, -0.43563940343840035, -0.42723057580162804</corner1><corner2>0.42923307612369566, 0.43563940343840035, 0.42723057580162804</corner2></bounds><pose><translation>-0.9255620550545154, -1.7748729006098534, -1.1977034874346026</translation><rotation><c1>0, 0, 0</c1><c2>0, 0, 0</c2><c3>0, 0, 0</c3></rotation></pose><symmetry><x>twoFold</x><y>cylindrical</y><z>twoFold</z></symmetry><detectionScore>-1.0</detectionScore></element><element><id>21</id><category>sofa</category><bounds><corner1>-0.8626501680255443, -0.419750249477184, -0.7595128833552203</corner1><corner2>0.8626501680255443, 0.419750249477184, 0.7595128833552203</corner2></bounds><pose><translation>-2.4540813478475507, -1.2875436791326573, -1.0972457683262824</translation><rotation><c1>0, 0, 0</c1><c2>0, 0, 0</c2><c3>0, 0, 0</c3></rotation></pose><symmetry><x>twoFold</x><y>cylindrical</y><z>twoFold</z></symmetry><detectionScore>-1.0</detectionScore></element><element><id>22</id><category>curtain</category><bounds><corner1>-0.42460263926738584, -0.08875390284155715, -1.1790690679409916</corner1><corner2>0.42460263926738584, 0.08875390284155715, 1.1790690679409916</corner2></bounds><pose><translation>-2.502343350602671, 1.0175813152299242, 0.22885642268682838</translation><rotation><c1>0, 0, 0</c1><c2>0, 0, 0</c2><c3>0, 0, 0</c3></rotation></pose><symmetry><x>twoFold</x><y>cylindrical</y><z>twoFold</z></symmetry><detectionScore>-1.0</detectionScore></element><element><id>23</id><category>ceiling_fan</category><bounds><corner1>-1.043540941758189, -0.870888011843585, -0.0740070155288135</corner1><corner2>1.043540941758189, 0.870888011843585, 0.0740070155288135</corner2></bounds><pose><translation>-4.823380553416136, -1.4517254260182653, 1.2847164539626226</translation><rotation><c1>0, 0, 0</c1><c2>0, 0, 0</c2><c3>0, 0, 0</c3></rotation></pose><symmetry><x>twoFold</x><y>cylindrical</y><z>twoFold</z></symmetry><detectionScore>-1.0</detectionScore></element><element><id>24</id><category>chandelier</category><bounds><corner1>-0.5142383819616453, -0.7760425016212515, -0.08971621665382323</corner1><corner2>0.5142383819616453, 0.7760425016212515, 0.08971621665382323</corner2></bounds><pose><translation>0.19430106796006363, -2.5382641281414866, 1.3769645479402142</translation><rotation><c1>0, 0, 0</c1><c2>0, 0, 0</c2><c3>0, 0, 0</c3></rotation></pose><symmetry><x>twoFold</x><y>cylindrical</y><z>twoFold</z></symmetry><detectionScore>-1.0</detectionScore></element><element><id>25</id><category>wall</category><bounds><corner1>-3.0360044140868947, -3.086567462416137, -1.3924980200453057</corner1><corner2>3.0360044140868947, 3.086567462416137, 1.3924980200453057</corner2></bounds><pose><translation>-7.425841569865429, -2.3312665525873695, -0.1358262156121452</translation><rotation><c1>0, 0, 0</c1><c2>0, 0, 0</c2><c3>0, 0, 0</c3></rotation></pose><symmetry><x>twoFold</x><y>cylindrical</y><z>twoFold</z></symmetry><detectionScore>-1.0</detectionScore></element><element><id>26</id><category>tv_stand</category><bounds><corner1>-4.923216176563404, -2.0450110382130915, -1.5200227598357134</corner1><corner2>4.923216176563404, 2.0450110382130915, 1.5200227598357134</corner2></bounds><pose><translation>-9.66119366238867, -2.874145322982443, -0.25826232290165785</translation><rotation><c1>0, 0, 0</c1><c2>0, 0, 0</c2><c3>0, 0, 0</c3></rotation></pose><symmetry><x>twoFold</x><y>cylindrical</y><z>twoFold</z></symmetry><detectionScore>-1.0</detectionScore></element><element><id>27</id><category>wall</category><bounds><corner1>-3.09367008048915, -1.6213885624088287, -1.3275480291206425</corner1><corner2>3.09367008048915, 1.6213885624088287, 1.3275480291206425</corner2></bounds><pose><translation>-4.638378200797985, -2.7970420101544606, -0.0634271472649081</translation><rotation><c1>0, 0, 0</c1><c2>0, 0, 0</c2><c3>0, 0, 0</c3></rotation></pose><symmetry><x>twoFold</x><y>cylindrical</y><z>twoFold</z></symmetry><detectionScore>-1.0</detectionScore></element><element><id>28</id><category>bottle</category><bounds><corner1>-0.39288750362075464, -0.13871306656556825, -0.11943488389576995</corner1><corner2>0.39288750362075464, 0.13871306656556825, 0.11943488389576995</corner2></bounds><pose><translation>1.2199579519450707, -1.775705181533917, -0.6768566397037951</translation><rotation><c1>0, 0, 0</c1><c2>0, 0, 0</c2><c3>0, 0, 0</c3></rotation></pose><symmetry><x>twoFold</x><y>cylindrical</y><z>twoFold</z></symmetry><detectionScore>-1.0</detectionScore></element><element><id>29</id><category>door</category><bounds><corner1>-5.032052688740349, -2.0944883731397947, -1.4957975016452822</corner1><corner2>5.032052688740349, 2.0944883731397947, 1.4957975016452822</corner2></bounds><pose><translation>-9.77637158225152, -2.9469001605249945, -0.23384775341805833</translation><rotation><c1>0, 0, 0</c1><c2>0, 0, 0</c2><c3>0, 0, 0</c3></rotation></pose><symmetry><x>twoFold</x><y>cylindrical</y><z>twoFold</z></symmetry><detectionScore>-1.0</detectionScore></element><element><id>30</id><category>arch</category><bounds><corner1>-4.916531732694625, -2.170550015832207, -1.4062184775102802</corner1><corner2>4.916531732694625, 2.170550015832207, 1.4062184775102802</corner2></bounds><pose><translation>-9.643478165939651, -2.9040754235353403, -0.1429018750755725</translation><rotation><c1>0, 0, 0</c1><c2>0, 0, 0</c2><c3>0, 0, 0</c3></rotation></pose><symmetry><x>twoFold</x><y>cylindrical</y><z>twoFold</z></symmetry><detectionScore>-1.0</detectionScore></element><element><id>31</id><category>chair</category><bounds><corner1>-0.4513121473275705, -0.9054966417129164, -0.3499808330466564</corner1><corner2>0.4513121473275705, 0.9054966417129164, 0.3499808330466564</corner2></bounds><pose><translation>1.1321440917985581, -2.3896875829583206, -0.9116914991855509</translation><rotation><c1>0, 0, 0</c1><c2>0, 0, 0</c2><c3>0, 0, 0</c3></rotation></pose><symmetry><x>twoFold</x><y>cylindrical</y><z>twoFold</z></symmetry><detectionScore>-1.0</detectionScore></element><element><id>32</id><category>wall</category><bounds><corner1>-0.028054656133438438, -0.02238761508495113, -0.4704408682075787</corner1><corner2>0.028054656133438438, 0.02238761508495113, 0.4704408682075787</corner2></bounds><pose><translation>0.4069452475141234, 1.3158094478828524, -0.10744005083053022</translation><rotation><c1>0, 0, 0</c1><c2>0, 0, 0</c2><c3>0, 0, 0</c3></rotation></pose><symmetry><x>twoFold</x><y>cylindrical</y><z>twoFold</z></symmetry><detectionScore>-1.0</detectionScore></element><element><id>33</id><category>chair</category><bounds><corner1>-0.4821150631061335, -0.30514913667315513, -0.15846355393905143</corner1><corner2>0.4821150631061335, 0.30514913667315513, 0.15846355393905143</corner2></bounds><pose><translation>1.0972770653888355, -1.940178414194641, -0.8840849209723108</translation><rotation><c1>0, 0, 0</c1><c2>0, 0, 0</c2><c3>0, 0, 0</c3></rotation></pose><symmetry><x>twoFold</x><y>cylindrical</y><z>twoFold</z></symmetry><detectionScore>-1.0</detectionScore></element><element><id>34</id><category>kettle</category><bounds><corner1>-0.4139294180209505, -0.2555854398752031, -0.2654283293660319</corner1><corner2>0.4139294180209505, 0.2555854398752031, 0.2654283293660319</corner2></bounds><pose><translation>1.202110581617201, -1.7548015581545953, -0.8321358237414823</translation><rotation><c1>0, 0, 0</c1><c2>0, 0, 0</c2><c3>0, 0, 0</c3></rotation></pose><symmetry><x>twoFold</x><y>cylindrical</y><z>twoFold</z></symmetry><detectionScore>-1.0</detectionScore></element><element><id>35</id><category>sofa</category><bounds><corner1>-0.5755040003959475, -0.6898848764348602, -0.46428052833014966</corner1><corner2>0.5755040003959475, 0.6898848764348602, 0.46428052833014966</corner2></bounds><pose><translation>-1.0745733266789423, -2.040088305512829, -1.190200249973742</translation><rotation><c1>0, 0, 0</c1><c2>0, 0, 0</c2><c3>0, 0, 0</c3></rotation></pose><symmetry><x>twoFold</x><y>cylindrical</y><z>twoFold</z></symmetry><detectionScore>-1.0</detectionScore></element><element><id>36</id><category>coffee_table</category><bounds><corner1>-1.443459924154804, -0.6568910216336159, -0.6022484279144047</corner1><corner2>1.443459924154804, 0.6568910216336159, 0.6022484279144047</corner2></bounds><pose><translation>-3.981602773041931, -0.8911149259618721, -1.5499977464043782</translation><rotation><c1>0, 0, 0</c1><c2>0, 0, 0</c2><c3>0, 0, 0</c3></rotation></pose><symmetry><x>twoFold</x><y>cylindrical</y><z>twoFold</z></symmetry><detectionScore>-1.0</detectionScore></element><element><id>37</id><category>chandelier</category><bounds><corner1>-0.07668296177108047, -0.395983722816434, -0.42891723159832407</corner1><corner2>0.07668296177108047, 0.395983722816434, 0.42891723159832407</corner2></bounds><pose><translation>1.7419504864087072, 0.06647964919898319, 0.7089044383834824</translation><rotation><c1>0, 0, 0</c1><c2>0, 0, 0</c2><c3>0, 0, 0</c3></rotation></pose><symmetry><x>twoFold</x><y>cylindrical</y><z>twoFold</z></symmetry><detectionScore>-1.0</detectionScore></element><element><id>38</id><category>table_lamp</category><bounds><corner1>-0.174879646076201, -0.33744512988870734, -0.37122531863326275</corner1><corner2>0.174879646076201, 0.33744512988870734, 0.37122531863326275</corner2></bounds><pose><translation>1.4662395743946188, -1.7968163691429584, -0.7487241643294682</translation><rotation><c1>0, 0, 0</c1><c2>0, 0, 0</c2><c3>0, 0, 0</c3></rotation></pose><symmetry><x>twoFold</x><y>cylindrical</y><z>twoFold</z></symmetry><detectionScore>-1.0</detectionScore></element><element><id>39</id><category>window</category><bounds><corner1>-0.41450682213549106, -0.07955665849942362, -1.265304836877469</corner1><corner2>0.41450682213549106, 0.07955665849942362, 1.265304836877469</corner2></bounds><pose><translation>-2.421265458171198, 1.0269031045682793, 0.03291184635667013</translation><rotation><c1>0, 0, 0</c1><c2>0, 0, 0</c2><c3>0, 0, 0</c3></rotation></pose><symmetry><x>twoFold</x><y>cylindrical</y><z>twoFold</z></symmetry><detectionScore>-1.0</detectionScore></element><element><id>40</id><category>chandelier</category><bounds><corner1>-1.0051945557486284, -0.7387371818778043, -0.08392790101240699</corner1><corner2>1.0051945557486284, 0.7387371818778043, 0.08392790101240699</corner2></bounds><pose><translation>-4.779426403930258, -1.335905462881878, 1.2722659593971601</translation><rotation><c1>0, 0, 0</c1><c2>0, 0, 0</c2><c3>0, 0, 0</c3></rotation></pose><symmetry><x>twoFold</x><y>cylindrical</y><z>twoFold</z></symmetry><detectionScore>-1.0</detectionScore></element><element><id>41</id><category>shelving</category><bounds><corner1>-4.271862515963344, -1.919424133030677, -1.6650794087181393</corner1><corner2>4.271862515963344, 1.919424133030677, 1.6650794087181393</corner2></bounds><pose><translation>-8.912791948211858, -2.7097249888858963, -0.4042159428919853</translation><rotation><c1>0, 0, 0</c1><c2>0, 0, 0</c2><c3>0, 0, 0</c3></rotation></pose><symmetry><x>twoFold</x><y>cylindrical</y><z>twoFold</z></symmetry><detectionScore>-1.0</detectionScore></element><element><id>42</id><category>stand</category><bounds><corner1>-0.07992969031342834, -0.3974915343683887, -0.22136691655608187</corner1><corner2>0.07992969031342834, 0.3974915343683887, 0.22136691655608187</corner2></bounds><pose><translation>-1.7368906398252295, 0.6739263340100201, -1.2513464381592891</translation><rotation><c1>0, 0, 0</c1><c2>0, 0, 0</c2><c3>0, 0, 0</c3></rotation></pose><symmetry><x>twoFold</x><y>cylindrical</y><z>twoFold</z></symmetry><detectionScore>-1.0</detectionScore></element><element><id>43</id><category>floor</category><bounds><corner1>-1.1525008065153513, -1.6038779388813253, -0.5532890059203175</corner1><corner2>1.1525008065153513, 1.6038779388813253, 0.5532890059203175</corner2></bounds><pose><translation>0.3120432467698796, -4.210138065078656, -1.2849288435160389</translation><rotation><c1>0, 0, 0</c1><c2>0, 0, 0</c2><c3>0, 0, 0</c3></rotation></pose><symmetry><x>twoFold</x><y>cylindrical</y><z>twoFold</z></symmetry><detectionScore>-1.0</detectionScore></element><element><id>44</id><category>hanger</category><bounds><corner1>-0.09044665347509073, -0.3378847885173655, -0.10753974963544333</corner1><corner2>0.09044665347509073, 0.3378847885173655, 0.10753974963544333</corner2></bounds><pose><translation>1.7043586712005077, 0.8960889694579437, 0.8207975711418602</translation><rotation><c1>0, 0, 0</c1><c2>0, 0, 0</c2><c3>0, 0, 0</c3></rotation></pose><symmetry><x>twoFold</x><y>cylindrical</y><z>twoFold</z></symmetry><detectionScore>-1.0</detectionScore></element></elements></scene>