<?xml version='1.0' encoding='utf-8'?>
<scene xmlns:sumo="https://www.sumochallenge.org"><version>2.0</version><categories><id>fb_categories_v1_0</id><url>https://sumochallenge.org/en/categories-1_0.json</url></categories><project_type>bounding_box</project_type><elements><element><id>0</id><category>picture_frame</category><bounds><corner1>-0.06814335265215288, -0.3382222989655701, -0.3425208342720962</corner1><corner2>0.06814335265215288, 0.3382222989655701, 0.3425208342720962</corner2></bounds><pose><translation>-1.7156088428387508, 0.42758169791530276, -0.37092253921999</translation><rotation><c1>1, 0, 0</c1><c2>0, 1, 0</c2><c3>0, 0, 1</c3></rotation></pose><symmetry><x>twoFold</x><y>cylindrical</y><z>twoFold</z></symmetry><detectionScore>-1.0</detectionScore></element><element><id>1</id><category>arch</category><bounds><corner1>-2.130988562466217, -1.5085365273006843, -1.8458030951137125</corner1><corner2>2.130988562466217, 1.5085365273006843, 1.8458030951137125</corner2></bounds><pose><translation>-6.607910430256142, -0.2416431902326975, -7.80869962932187</translation><rotation><c1>1, 0, 0</c1><c2>0, 1, 0</c2><c3>0, 0, 1</c3></rotation></pose><symmetry><x>twoFold</x><y>cylindrical</y><z>twoFold</z></symmetry><detectionScore>-1.0</detectionScore></element><element><id>2</id><category>ceiling</category><bounds><corner1>-0.7774340119998802, -0.5320019573471018, -3.267622362763609</corner1><corner2>0.7774340119998802, 0.5320019573471018, 3.267622362763609</corner2></bounds><pose><translation>-0.16097037582099166, 0.9762236242349589, 2.9851023155361074</translation><rotation><c1>1, 0, 0</c1><c2>0, 1, 0</c2><c3>0, 0, 1</c3></rotation></pose><symmetry><x>twoFold</x><y>cylindrical</y><z>twoFold</z></symmetry><detectionScore>-1.0</detectionScore></element><element><id>3</id><category>door</category><bounds><corner1>-0.5171474983801165, -1.7658903366580123, -5.6468071461567675</corner1><corner2>0.5171474983801165, 1.7658903366580123, 5.6468071461567675</corner2></bounds><pose><translation>-1.5262535884493793, -0.26434074720523937, 2.677732842458468</translation><rotation><c1>1, 0, 0</c1><c2>0, 1, 0</c2><c3>0, 0, 1</c3></rotation></pose><symmetry><x>twoFold</x><y>cylindrical</y><z>twoFold</z></symmetry><detectionScore>-1.0</detectionScore></element><element><id>4</id><category>door</category><bounds><corner1>-5.061616030493216, -1.4987479821368999, -0.8280282818506762</corner1><corner2>5.061616030493216, 1.4987479821368999, 0.8280282818506762</corner2></bounds><pose><translation>1.4198397791937325, -0.004526147268503818, -0.1569780643568073</translation><rotation><c1>1, 0, 0</c1><c2>0, 1, 0</c2><c3>0, 0, 1</c3></rotation></pose><symmetry><x>twoFold</x><y>cylindrical</y><z>twoFold</z></symmetry><detectionScore>-1.0</detectionScore></element><element><id>5</id><category>wall</category><bounds><corner1>-1.285752126437584, -1.3112904588093284, -5.2025752471522235</corner1><corner2>1.285752126437584, 1.3112904588093284, 5.2025752471522235</corner2></bounds><pose><translation>1.232591290473048, -0.0306581209846926, -6.190603593333759</translation><rotation><c1>1, 0, 0</c1><c2>0, 1, 0</c2><c3>0, 0, 1</c3></rotation></pose><symmetry><x>twoFold</x><y>cylindrical</y><z>twoFold</z></symmetry><detectionScore>-1.0</detectionScore></element><element><id>6</id><category>single_bed</category><bounds><corner1>-1.7622376039994208, -0.6429910657587947, -1.2920407026657434</corner1><corner2>1.7622376039994208, 0.6429910657587947, 1.2920407026657434</corner2></bounds><pose><translation>-2.262828884740176, -1.476471021459866, -4.272364942776607</translation><rotation><c1>1, 0, 0</c1><c2>0, 1, 0</c2><c3>0, 0, 1</c3></rotation></pose><symmetry><x>twoFold</x><y>cylindrical</y><z>twoFold</z></symmetry><detectionScore>-1.0</detectionScore></element><element><id>7</id><category>bunker_bed</category><bounds><corner1>-0.8282872983271246, -1.0641227794969745, -5.18036904596412</corner1><corner2>0.8282872983271246, 1.0641227794969745, 5.18036904596412</corner2></bounds><pose><translation>1.6900561185835075, -0.4263855794416404, -6.260887990355895</translation><rotation><c1>1, 0, 0</c1><c2>0, 1, 0</c2><c3>0, 0, 1</c3></rotation></pose><symmetry><x>twoFold</x><y>cylindrical</y><z>twoFold</z></symmetry><detectionScore>-1.0</detectionScore></element><element><id>8</id><category>wall</category><bounds><corner1>-0.08758346179099386, -1.3334329011323303, -2.7825239182930366</corner1><corner2>0.08758346179099386, 1.3334329011323303, 2.7825239182930366</corner2></bounds><pose><translation>-1.7665544211957156, -0.03912223871463064, -0.008645171666159551</translation><rotation><c1>1, 0, 0</c1><c2>0, 1, 0</c2><c3>0, 0, 1</c3></rotation></pose><symmetry><x>twoFold</x><y>cylindrical</y><z>twoFold</z></symmetry><detectionScore>-1.0</detectionScore></element><element><id>9</id><category>chandelier</category><bounds><corner1>-0.3704929362969459, -0.11304463485935967, -1.2550254812235333</corner1><corner2>0.3704929362969459, 0.11304463485935967, 1.2550254812235333</corner2></bounds><pose><translation>-0.5675813114726881, 1.4441998415709094, 1.7956402833674319</translation><rotation><c1>1, 0, 0</c1><c2>0, 1, 0</c2><c3>0, 0, 1</c3></rotation></pose><symmetry><x>twoFold</x><y>cylindrical</y><z>twoFold</z></symmetry><detectionScore>-1.0</detectionScore></element><element><id>10</id><category>door</category><bounds><corner1>-0.7296286979908468, -1.988283211252984, -5.170264885497049</corner1><corner2>0.7296286979908468, 1.988283211252984, 5.170264885497049</corner2></bounds><pose><translation>-0.8456559940675977, -0.4769292167286087, 3.1542751031181857</translation><rotation><c1>1, 0, 0</c1><c2>0, 1, 0</c2><c3>0, 0, 1</c3></rotation></pose><symmetry><x>twoFold</x><y>cylindrical</y><z>twoFold</z></symmetry><detectionScore>-1.0</detectionScore></element><element><id>11</id><category>wall</category><bounds><corner1>-2.2535645815471783, -1.2576426876202023, -2.1069962087909424</corner1><corner2>2.2535645815471783, 1.2576426876202023, 2.1069962087909424</corner2></bounds><pose><translation>1.3163096022167753, -0.06726948032160329, 0.7955099945378272</translation><rotation><c1>1, 0, 0</c1><c2>0, 1, 0</c2><c3>0, 0, 1</c3></rotation></pose><symmetry><x>twoFold</x><y>cylindrical</y><z>twoFold</z></symmetry><detectionScore>-1.0</detectionScore></element><element><id>12</id><category>picture_frame</category><bounds><corner1>-0.0843483744311978, -0.6809304870911875, -0.6621193195469468</corner1><corner2>0.0843483744311978, 0.6809304870911875, 0.6621193195469468</corner2></bounds><pose><translation>0.9914084766720975, 0.8051620553628361, 2.2084350687272445</translation><rotation><c1>1, 0, 0</c1><c2>0, 1, 0</c2><c3>0, 0, 1</c3></rotation></pose><symmetry><x>twoFold</x><y>cylindrical</y><z>twoFold</z></symmetry><detectionScore>-1.0</detectionScore></element><element><id>13</id><category>wall</category><bounds><corner1>-1.5493324478765824, -1.5618591897886769, -5.353464373433141</corner1><corner2>1.5493324478765824, 1.5618591897886769, 5.353464373433141</corner2></bounds><pose><translation>-1.4801577249157678, -0.06823878508243061, 2.971075615182094</translation><rotation><c1>1, 0, 0</c1><c2>0, 1, 0</c2><c3>0, 0, 1</c3></rotation></pose><symmetry><x>twoFold</x><y>cylindrical</y><z>twoFold</z></symmetry><detectionScore>-1.0</detectionScore></element><element><id>14</id><category>wall</category><bounds><corner1>-1.9242359226347179, -1.3474613753893698, -0.08729318502147465</corner1><corner2>1.9242359226347179, 1.3474613753893698, 0.08729318502147465</corner2></bounds><pose><translation>0.5644669387740239, -0.03946616154510969, -1.0523259336754636</translation><rotation><c1>1, 0, 0</c1><c2>0, 1, 0</c2><c3>0, 0, 1</c3></rotation></pose><symmetry><x>twoFold</x><y>cylindrical</y><z>twoFold</z></symmetry><detectionScore>-1.0</detectionScore></element><element><id>15</id><category>wall</category><bounds><corner1>-1.4411957127877777, -1.3887874839248013, -0.8056433643700007</corner1><corner2>1.4411957127877777, 1.3887874839248013, 0.8056433643700007</corner2></bounds><pose><translation>-4.1575788920268275, -0.12259058484345844, -6.1374785860154395</translation><rotation><c1>1, 0, 0</c1><c2>0, 1, 0</c2><c3>0, 0, 1</c3></rotation></pose><symmetry><x>twoFold</x><y>cylindrical</y><z>twoFold</z></symmetry><detectionScore>-1.0</detectionScore></element><element><id>16</id><category>fireplace</category><bounds><corner1>-1.3266202178818989, -1.4776228397723954, -0.9290452804215992</corner1><corner2>1.3266202178818989, 1.4776228397723954, 0.9290452804215992</corner2></bounds><pose><translation>-2.06090983776796, -0.15130223915997024, -5.743171365568271</translation><rotation><c1>1, 0, 0</c1><c2>0, 1, 0</c2><c3>0, 0, 1</c3></rotation></pose><symmetry><x>twoFold</x><y>cylindrical</y><z>twoFold</z></symmetry><detectionScore>-1.0</detectionScore></element><element><id>17</id><category>wall</category><bounds><corner1>-0.12891381966642146, -1.308445478405953, -0.0749373722372706</corner1><corner2>0.12891381966642146, 1.308445478405953, 0.0749373722372706</corner2></bounds><pose><translation>-1.242789811358074, -0.01214543009835849, -0.8496429709080209</translation><rotation><c1>1, 0, 0</c1><c2>0, 1, 0</c2><c3>0, 0, 1</c3></rotation></pose><symmetry><x>twoFold</x><y>cylindrical</y><z>twoFold</z></symmetry><detectionScore>-1.0</detectionScore></element><element><id>18</id><category>ottoman</category><bounds><corner1>-1.4358305150913313, -0.1449693402244281, -0.6437966625910492</corner1><corner2>1.4358305150913313, 0.1449693402244281, 0.6437966625910492</corner2></bounds><pose><translation>-2.0674702912960305, -1.530412102842025, -3.614158377013955</translation><rotation><c1>1, 0, 0</c1><c2>0, 1, 0</c2><c3>0, 0, 1</c3></rotation></pose><symmetry><x>twoFold</x><y>cylindrical</y><z>twoFold</z></symmetry><detectionScore>-1.0</detectionScore></element><element><id>19</id><category>table_and_chair</category><bounds><corner1>-1.830366490328486, -0.5833947358559188, -0.7877735920419253</corner1><corner2>1.830366490328486, 0.5833947358559188, 0.7877735920419253</corner2></bounds><pose><translation>-3.887340314128011, -0.8860486422458848, -6.119608813687364</translation><rotation><c1>1, 0, 0</c1><c2>0, 1, 0</c2><c3>0, 0, 1</c3></rotation></pose><symmetry><x>twoFold</x><y>cylindrical</y><z>twoFold</z></symmetry><detectionScore>-1.0</detectionScore></element><element><id>20</id><category>double_bed</category><bounds><corner1>-1.8135015983845786, -0.6885797079755683, -1.3387985492754502</corner1><corner2>1.8135015983845786, 0.6885797079755683, 1.3387985492754502</corner2></bounds><pose><translation>-2.314092879125334, -1.4803226126392512, -4.3047011161032405</translation><rotation><c1>1, 0, 0</c1><c2>0, 1, 0</c2><c3>0, 0, 1</c3></rotation></pose><symmetry><x>twoFold</x><y>cylindrical</y><z>twoFold</z></symmetry><detectionScore>-1.0</detectionScore></element><element><id>21</id><category>wall</category><bounds><corner1>-0.11045542370023331, -1.4932617708011307, -0.8693723500749115</corner1><corner2>0.11045542370023331, 1.4932617708011307, 0.8693723500749115</corner2></bounds><pose><translation>1.0023491455117057, 0.011119386154385964, 2.190818248722891</translation><rotation><c1>1, 0, 0</c1><c2>0, 1, 0</c2><c3>0, 0, 1</c3></rotation></pose><symmetry><x>twoFold</x><y>cylindrical</y><z>twoFold</z></symmetry><detectionScore>-1.0</detectionScore></element><element><id>22</id><category>wall</category><bounds><corner1>-3.286517826359406, -1.4143301490807858, -5.150790756826744</corner1><corner2>3.286517826359406, 1.4143301490807858, 5.150790756826744</corner2></bounds><pose><translation>-0.7681744094487741, -0.09715075242371497, -6.133175667978861</translation><rotation><c1>1, 0, 0</c1><c2>0, 1, 0</c2><c3>0, 0, 1</c3></rotation></pose><symmetry><x>twoFold</x><y>cylindrical</y><z>twoFold</z></symmetry><detectionScore>-1.0</detectionScore></element><element><id>23</id><category>wall</category><bounds><corner1>-4.912518695263414, -1.3915179943299532, -0.8566116645765192</corner1><corner2>4.912518695263414, 1.3915179943299532, 0.8566116645765192</corner2></bounds><pose><translation>1.5689371144235336, -0.05832622431196452, 0.4029659929866826</translation><rotation><c1>1, 0, 0</c1><c2>0, 1, 0</c2><c3>0, 0, 1</c3></rotation></pose><symmetry><x>twoFold</x><y>cylindrical</y><z>twoFold</z></symmetry><detectionScore>-1.0</detectionScore></element><element><id>24</id><category>wall</category><bounds><corner1>-1.2077408805348817, -1.6790904927625676, -5.306961052286905</corner1><corner2>1.2077408805348817, 1.6790904927625676, 5.306961052286905</corner2></bounds><pose><translation>-0.25557856348101304, -0.16773649823819237, 3.0175789363283303</translation><rotation><c1>1, 0, 0</c1><c2>0, 1, 0</c2><c3>0, 0, 1</c3></rotation></pose><symmetry><x>twoFold</x><y>cylindrical</y><z>twoFold</z></symmetry><detectionScore>-1.0</detectionScore></element><element><id>25</id><category>door</category><bounds><corner1>-2.054910997396237, -1.5831896445780695, -1.201924059645667</corner1><corner2>2.054910997396237, 1.5831896445780695, 1.201924059645667</corner2></bounds><pose><translation>-6.254114804212979, -0.3169927454967266, -7.1617801372305685</translation><rotation><c1>1, 0, 0</c1><c2>0, 1, 0</c2><c3>0, 0, 1</c3></rotation></pose><symmetry><x>twoFold</x><y>cylindrical</y><z>twoFold</z></symmetry><detectionScore>-1.0</detectionScore></element><element><id>26</id><category>rug</category><bounds><corner1>-1.4205368557235056, -0.08180041062524013, -0.5703454047525032</corner1><corner2>1.4205368557235056, 0.08180041062524013, 0.5703454047525032</corner2></bounds><pose><translation>-2.2242850744280855, -1.4716773648378056, -3.869719259637822</translation><rotation><c1>1, 0, 0</c1><c2>0, 1, 0</c2><c3>0, 0, 1</c3></rotation></pose><symmetry><x>twoFold</x><y>cylindrical</y><z>twoFold</z></symmetry><detectionScore>-1.0</detectionScore></element><element><id>27</id><category>sofa</category><bounds><corner1>-1.745456449903127, -0.56032419329536, -0.7836159929767774</corner1><corner2>1.745456449903127, 0.56032419329536, 0.7836159929767774</corner2></bounds><pose><translation>-3.840964150122093, -0.8859870861450139, -6.115451214622216</translation><rotation><c1>1, 0, 0</c1><c2>0, 1, 0</c2><c3>0, 0, 1</c3></rotation></pose><symmetry><x>twoFold</x><y>cylindrical</y><z>twoFold</z></symmetry><detectionScore>-1.0</detectionScore></element></elements></scene>