<?xml version='1.0' encoding='utf-8'?>
<scene xmlns:sumo="https://www.sumochallenge.org"><version>2.0</version><categories><id>fb_categories_v1_0</id><url>https://sumochallenge.org/en/categories-1_0.json</url></categories><project_type>bounding_box</project_type><elements><element><id>0</id><category>window</category><bounds><corner1>-0.3553494650309459, -0.23295716731325422, -0.34340433551117</corner1><corner2>0.3553494650309459, 0.23295716731325422, 0.34340433551117</corner2></bounds><pose><translation>-2.328025620503504, 3.6927711230373994, -0.010882299988665852</translation><rotation><c1>0, 0, 0</c1><c2>0, 0, 0</c2><c3>0, 0, 0</c3></rotation></pose><symmetry><x>twoFold</x><y>cylindrical</y><z>twoFold</z></symmetry><detectionScore>-1.0</detectionScore></element><element><id>1</id><category>curtain</category><bounds><corner1>-1.2731072462482358, -1.5255949389217003, -1.3895474198390156</corner1><corner2>1.2731072462482358, 1.5255949389217003, 1.3895474198390156</corner2></bounds><pose><translation>-2.3050604090081532, 2.831718637507252, -0.023046985665582616</translation><rotation><c1>0, 0, 0</c1><c2>0, 0, 0</c2><c3>0, 0, 0</c3></rotation></pose><symmetry><x>twoFold</x><y>cylindrical</y><z>twoFold</z></symmetry><detectionScore>-1.0</detectionScore></element><element><id>2</id><category>floor_lamp</category><bounds><corner1>-1.050569276478723, -1.4399487219071085, -1.0230457211082729</corner1><corner2>1.050569276478723, 1.4399487219071085, 1.0230457211082729</corner2></bounds><pose><translation>-2.1624546336413397, 3.0131192880017323, -0.6159389083351978</translation><rotation><c1>0, 0, 0</c1><c2>0, 0, 0</c2><c3>0, 0, 0</c3></rotation></pose><symmetry><x>twoFold</x><y>cylindrical</y><z>twoFold</z></symmetry><detectionScore>-1.0</detectionScore></element><element><id>3</id><category>armchair</category><bounds><corner1>-0.4374852824787612, -0.7037423483220421, -0.5940228590808477</corner1><corner2>0.4374852824787612, 0.7037423483220421, 0.5940228590808477</corner2></bounds><pose><translation>-1.9318134335560597, -0.6480081779672111, -1.2132109524455268</translation><rotation><c1>0, 0, 0</c1><c2>0, 0, 0</c2><c3>0, 0, 0</c3></rotation></pose><symmetry><x>twoFold</x><y>cylindrical</y><z>twoFold</z></symmetry><detectionScore>-1.0</detectionScore></element><element><id>4</id><category>wall</category><bounds><corner1>-0.8875346228583452, -1.6011146724225955, -1.5496478364329649</corner1><corner2>0.8875346228583452, 1.6011146724225955, 1.5496478364329649</corner2></bounds><pose><translation>-2.4873758093797425, 0.15895134222645277, -0.12207725189497962</translation><rotation><c1>0, 0, 0</c1><c2>0, 0, 0</c2><c3>0, 0, 0</c3></rotation></pose><symmetry><x>twoFold</x><y>cylindrical</y><z>twoFold</z></symmetry><detectionScore>-1.0</detectionScore></element><element><id>5</id><category>mirror</category><bounds><corner1>-0.06284235808934735, -0.5628094437480087, -0.4929419314401615</corner1><corner2>0.06284235808934735, 0.5628094437480087, 0.4929419314401615</corner2></bounds><pose><translation>-2.539066445731816, 1.5899090057059055, 0.7882660785417903</translation><rotation><c1>0, 0, 0</c1><c2>0, 0, 0</c2><c3>0, 0, 0</c3></rotation></pose><symmetry><x>twoFold</x><y>cylindrical</y><z>twoFold</z></symmetry><detectionScore>-1.0</detectionScore></element><element><id>6</id><category>wall</category><bounds><corner1>-1.2418738252064339, -1.6197336150801522, -1.4843995701127568</corner1><corner2>1.2418738252064339, 1.6197336150801522, 1.4843995701127568</corner2></bounds><pose><translation>-2.2038914223092676, 2.712631815204106, -0.08144409256941686</translation><rotation><c1>0, 0, 0</c1><c2>0, 0, 0</c2><c3>0, 0, 0</c3></rotation></pose><symmetry><x>twoFold</x><y>cylindrical</y><z>twoFold</z></symmetry><detectionScore>-1.0</detectionScore></element><element><id>7</id><category>stand</category><bounds><corner1>-0.3893361820835288, -0.5287782006533378, -0.6004776943748682</corner1><corner2>0.3893361820835288, 0.5287782006533378, 0.6004776943748682</corner2></bounds><pose><translation>-2.1401188156479125, 0.2523871188185718, -1.2313683292783768</translation><rotation><c1>0, 0, 0</c1><c2>0, 0, 0</c2><c3>0, 0, 0</c3></rotation></pose><symmetry><x>twoFold</x><y>cylindrical</y><z>twoFold</z></symmetry><detectionScore>-1.0</detectionScore></element><element><id>8</id><category>chandelier</category><bounds><corner1>-0.8542411562146077, -2.0621439883462447, -0.11123330512138252</corner1><corner2>0.8542411562146077, 2.0621439883462447, 0.11123330512138252</corner2></bounds><pose><translation>-1.5676204334621513, 2.3755104472260022, 1.3837284739374902</translation><rotation><c1>0, 0, 0</c1><c2>0, 0, 0</c2><c3>0, 0, 0</c3></rotation></pose><symmetry><x>twoFold</x><y>cylindrical</y><z>twoFold</z></symmetry><detectionScore>-1.0</detectionScore></element><element><id>9</id><category>coffee_table</category><bounds><corner1>-0.4104092312578178, -0.9094180707372018, -0.5476333533795604</corner1><corner2>0.4104092312578178, 0.9094180707372018, 0.5476333533795604</corner2></bounds><pose><translation>-2.127192025466015, -0.005324003359153018, -1.2180417684146765</translation><rotation><c1>0, 0, 0</c1><c2>0, 0, 0</c2><c3>0, 0, 0</c3></rotation></pose><symmetry><x>twoFold</x><y>cylindrical</y><z>twoFold</z></symmetry><detectionScore>-1.0</detectionScore></element><element><id>10</id><category>wall</category><bounds><corner1>-1.7175827325916089, -0.1224928124263931, -1.4419944554489288</corner1><corner2>1.7175827325916089, 0.1224928124263931, 1.4419944554489288</corner2></bounds><pose><translation>-0.7510521553168656, 4.462923528145851, -0.12651939563670728</translation><rotation><c1>0, 0, 0</c1><c2>0, 0, 0</c2><c3>0, 0, 0</c3></rotation></pose><symmetry><x>twoFold</x><y>cylindrical</y><z>twoFold</z></symmetry><detectionScore>-1.0</detectionScore></element><element><id>11</id><category>table_lamp</category><bounds><corner1>-0.0726846529432863, -0.6592066464761723, -0.4642786467739189</corner1><corner2>0.0726846529432863, 0.6592066464761723, 0.4642786467739189</corner2></bounds><pose><translation>-1.968249235255628, 2.7592731433851374, -0.5067406661179866</translation><rotation><c1>0, 0, 0</c1><c2>0, 0, 0</c2><c3>0, 0, 0</c3></rotation></pose><symmetry><x>twoFold</x><y>cylindrical</y><z>twoFold</z></symmetry><detectionScore>-1.0</detectionScore></element><element><id>12</id><category>chandelier</category><bounds><corner1>-0.41457724573629534, -0.651015178240943, -0.05235364130106279</corner1><corner2>0.41457724573629534, 0.651015178240943, 0.05235364130106279</corner2></bounds><pose><translation>-0.0038039773109519908, 3.8779049216392707, 1.3331438560441329</translation><rotation><c1>0, 0, 0</c1><c2>0, 0, 0</c2><c3>0, 0, 0</c3></rotation></pose><symmetry><x>twoFold</x><y>cylindrical</y><z>twoFold</z></symmetry><detectionScore>-1.0</detectionScore></element><element><id>13</id><category>window</category><bounds><corner1>-0.41708543506799645, -0.7494564104290568, -0.9678111053138427</corner1><corner2>0.41708543506799645, 0.7494564104290568, 0.9678111053138427</corner2></bounds><pose><translation>-2.5361757883272675, -0.31207449603436477, 0.10965308751220439</translation><rotation><c1>0, 0, 0</c1><c2>0, 0, 0</c2><c3>0, 0, 0</c3></rotation></pose><symmetry><x>twoFold</x><y>cylindrical</y><z>twoFold</z></symmetry><detectionScore>-1.0</detectionScore></element><element><id>14</id><category>chair</category><bounds><corner1>-0.4672631241453882, -0.6673579636688274, -0.5860343327172007</corner1><corner2>0.4672631241453882, 0.6673579636688274, 0.5860343327172007</corner2></bounds><pose><translation>-1.9123163953435707, -0.6447007319034007, -1.2364370638580546</translation><rotation><c1>0, 0, 0</c1><c2>0, 0, 0</c2><c3>0, 0, 0</c3></rotation></pose><symmetry><x>twoFold</x><y>cylindrical</y><z>twoFold</z></symmetry><detectionScore>-1.0</detectionScore></element><element><id>15</id><category>vase</category><bounds><corner1>-0.3947245331079272, -0.4297402727895039, -0.407792962341732</corner1><corner2>0.3947245331079272, 0.4297402727895039, 0.407792962341732</corner2></bounds><pose><translation>-1.8765755090720402, -0.6762616457061678, -1.2180335245068827</translation><rotation><c1>0, 0, 0</c1><c2>0, 0, 0</c2><c3>0, 0, 0</c3></rotation></pose><symmetry><x>twoFold</x><y>cylindrical</y><z>twoFold</z></symmetry><detectionScore>-1.0</detectionScore></element><element><id>16</id><category>table_lamp</category><bounds><corner1>-0.1204557766791503, -0.4152450916831647, -0.33098433219920137</corner1><corner2>0.1204557766791503, 0.4152450916831647, 0.33098433219920137</corner2></bounds><pose><translation>-2.113504970954477, 2.73076278556, -0.40140794375284466</translation><rotation><c1>0, 0, 0</c1><c2>0, 0, 0</c2><c3>0, 0, 0</c3></rotation></pose><symmetry><x>twoFold</x><y>cylindrical</y><z>twoFold</z></symmetry><detectionScore>-1.0</detectionScore></element><element><id>17</id><category>wall</category><bounds><corner1>-0.019871367877963397, -0.025072529888365613, -0.3697857908730632</corner1><corner2>0.019871367877963397, 0.025072529888365613, 0.3697857908730632</corner2></bounds><pose><translation>1.3369642336435612, -0.31732127069668054, -0.048734168659670424</translation><rotation><c1>0, 0, 0</c1><c2>0, 0, 0</c2><c3>0, 0, 0</c3></rotation></pose><symmetry><x>twoFold</x><y>cylindrical</y><z>twoFold</z></symmetry><detectionScore>-1.0</detectionScore></element><element><id>18</id><category>chandelier</category><bounds><corner1>-0.21334520091994458, -0.3753340741805357, -0.10821721128476147</corner1><corner2>0.21334520091994458, 0.3753340741805357, 0.10821721128476147</corner2></bounds><pose><translation>-1.7273669134336018, -0.5815961715718065, 1.4324392960980084</translation><rotation><c1>0, 0, 0</c1><c2>0, 0, 0</c2><c3>0, 0, 0</c3></rotation></pose><symmetry><x>twoFold</x><y>cylindrical</y><z>twoFold</z></symmetry><detectionScore>-1.0</detectionScore></element><element><id>19</id><category>door</category><bounds><corner1>-0.9061817642940726, -0.15235576112141302, -1.299436128106767</corner1><corner2>0.9061817642940726, 0.15235576112141302, 1.299436128106767</corner2></bounds><pose><translation>-2.0073219956861204, 4.453414630194721, -0.4153850760858543</translation><rotation><c1>0, 0, 0</c1><c2>0, 0, 0</c2><c3>0, 0, 0</c3></rotation></pose><symmetry><x>twoFold</x><y>cylindrical</y><z>twoFold</z></symmetry><detectionScore>-1.0</detectionScore></element><element><id>20</id><category>curtain</category><bounds><corner1>-0.48056456034051465, -0.8993568511636618, -1.3046872763195834</corner1><corner2>0.48056456034051465, 0.8993568511636618, 1.3046872763195834</corner2></bounds><pose><translation>-2.5163337070674565, -0.2963164065898873, 0.12350756368704187</translation><rotation><c1>0, 0, 0</c1><c2>0, 0, 0</c2><c3>0, 0, 0</c3></rotation></pose><symmetry><x>twoFold</x><y>cylindrical</y><z>twoFold</z></symmetry><detectionScore>-1.0</detectionScore></element><element><id>21</id><category>television</category><bounds><corner1>-0.05717954066133646, -0.983735480459651, -0.7835449962937777</corner1><corner2>0.05717954066133646, 0.983735480459651, 0.7835449962937777</corner2></bounds><pose><translation>1.1027423255340973, 1.555635580065104, 0.3119678883515034</translation><rotation><c1>0, 0, 0</c1><c2>0, 0, 0</c2><c3>0, 0, 0</c3></rotation></pose><symmetry><x>twoFold</x><y>cylindrical</y><z>twoFold</z></symmetry><detectionScore>-1.0</detectionScore></element><element><id>22</id><category>window</category><bounds><corner1>-1.2057487674881255, -1.0515168595225632, -1.2492909291433438</corner1><corner2>1.2057487674881255, 1.0515168595225632, 1.2492909291433438</corner2></bounds><pose><translation>-2.3210991802516108, 2.929590986186728, 0.025521481195811057</translation><rotation><c1>0, 0, 0</c1><c2>0, 0, 0</c2><c3>0, 0, 0</c3></rotation></pose><symmetry><x>twoFold</x><y>cylindrical</y><z>twoFold</z></symmetry><detectionScore>-1.0</detectionScore></element><element><id>23</id><category>dresser</category><bounds><corner1>-0.37884282661792756, -0.5386844453051937, -0.6096433653791377</corner1><corner2>0.37884282661792756, 0.5386844453051937, 0.6096433653791377</corner2></bounds><pose><translation>-2.1535913189171216, 0.25248146986687947, -1.2230062380601934</translation><rotation><c1>0, 0, 0</c1><c2>0, 0, 0</c2><c3>0, 0, 0</c3></rotation></pose><symmetry><x>twoFold</x><y>cylindrical</y><z>twoFold</z></symmetry><detectionScore>-1.0</detectionScore></element><element><id>24</id><category>desk</category><bounds><corner1>-0.4379398116136295, -0.6503670098784284, -0.6196039110691945</corner1><corner2>0.4379398116136295, 0.6503670098784284, 0.6196039110691945</corner2></bounds><pose><translation>-2.1741292422114498, 0.18991718223521153, -1.2288855919561406</translation><rotation><c1>0, 0, 0</c1><c2>0, 0, 0</c2><c3>0, 0, 0</c3></rotation></pose><symmetry><x>twoFold</x><y>cylindrical</y><z>twoFold</z></symmetry><detectionScore>-1.0</detectionScore></element></elements></scene>