<?xml version='1.0' encoding='utf-8'?>
<scene xmlns:sumo="https://www.sumochallenge.org"><version>2.0</version><categories><id>fb_categories_v1_0</id><url>https://sumochallenge.org/en/categories-1_0.json</url></categories><project_type>bounding_box</project_type><elements><element><id>0</id><category>door</category><bounds><corner1>-0.3955851490258224, -0.8768965775326992, -1.1394715846402232</corner1><corner2>0.3955851490258224, 0.8768965775326992, 1.1394715846402232</corner2></bounds><pose><translation>2.204155362811038, -0.44173343742273136, 0.17451500344687176</translation><rotation><c1>0, 0, 0</c1><c2>0, 0, 0</c2><c3>0, 0, 0</c3></rotation></pose><symmetry><x>twoFold</x><y>cylindrical</y><z>twoFold</z></symmetry><detectionScore>-1.0</detectionScore></element><element><id>1</id><category>kitchen_cabinet</category><bounds><corner1>-0.7656752137026868, -0.7319630066677973, -0.3874880439115759</corner1><corner2>0.7656752137026868, 0.7319630066677973, 0.3874880439115759</corner2></bounds><pose><translation>-1.1897199160922756, -2.138856504564797, -0.6200537323416312</translation><rotation><c1>0, 0, 0</c1><c2>0, 0, 0</c2><c3>0, 0, 0</c3></rotation></pose><symmetry><x>twoFold</x><y>cylindrical</y><z>twoFold</z></symmetry><detectionScore>-1.0</detectionScore></element><element><id>2</id><category>window</category><bounds><corner1>-0.38071631506133663, -0.7306359879875767, -0.9007518776999488</corner1><corner2>0.38071631506133663, 0.7306359879875767, 0.9007518776999488</corner2></bounds><pose><translation>2.205428772301276, -0.49492933964766755, 0.3800420102146406</translation><rotation><c1>0, 0, 0</c1><c2>0, 0, 0</c2><c3>0, 0, 0</c3></rotation></pose><symmetry><x>twoFold</x><y>cylindrical</y><z>twoFold</z></symmetry><detectionScore>-1.0</detectionScore></element><element><id>3</id><category>chair</category><bounds><corner1>-0.4175817695361469, -0.384492281304037, -0.4427394609980264</corner1><corner2>0.4175817695361469, 0.384492281304037, 0.4427394609980264</corner2></bounds><pose><translation>-0.19710783868053705, -1.8354111665688095, -1.0176407752977257</translation><rotation><c1>0, 0, 0</c1><c2>0, 0, 0</c2><c3>0, 0, 0</c3></rotation></pose><symmetry><x>twoFold</x><y>cylindrical</y><z>twoFold</z></symmetry><detectionScore>-1.0</detectionScore></element><element><id>4</id><category>chair</category><bounds><corner1>-0.4227160159093776, -0.3855705180647546, -0.4577763141703577</corner1><corner2>0.4227160159093776, 0.3855705180647546, 0.4577763141703577</corner2></bounds><pose><translation>-0.9209246672221967, -1.7756185790253638, -1.0186752148495213</translation><rotation><c1>0, 0, 0</c1><c2>0, 0, 0</c2><c3>0, 0, 0</c3></rotation></pose><symmetry><x>twoFold</x><y>cylindrical</y><z>twoFold</z></symmetry><detectionScore>-1.0</detectionScore></element><element><id>5</id><category>wall</category><bounds><corner1>-1.8552741180112629, -0.09797908651227072, -1.4820035712905542</corner1><corner2>1.8552741180112629, 0.09797908651227072, 1.4820035712905542</corner2></bounds><pose><translation>0.4974067541524818, 2.5292649291853926, -0.14401293009564642</translation><rotation><c1>0, 0, 0</c1><c2>0, 0, 0</c2><c3>0, 0, 0</c3></rotation></pose><symmetry><x>twoFold</x><y>cylindrical</y><z>twoFold</z></symmetry><detectionScore>-1.0</detectionScore></element><element><id>6</id><category>door</category><bounds><corner1>-0.7904449601767871, -3.5446683902205534, -1.4619763774484809</corner1><corner2>0.7904449601767871, 3.5446683902205534, 1.4619763774484809</corner2></bounds><pose><translation>0.5284981986553481, -5.6041107735618, -0.2623358099053247</translation><rotation><c1>0, 0, 0</c1><c2>0, 0, 0</c2><c3>0, 0, 0</c3></rotation></pose><symmetry><x>twoFold</x><y>cylindrical</y><z>twoFold</z></symmetry><detectionScore>-1.0</detectionScore></element><element><id>7</id><category>chair</category><bounds><corner1>-0.5155588557046892, -0.5791089234297861, -0.3715969275274162</corner1><corner2>0.5155588557046892, 0.5791089234297861, 0.3715969275274162</corner2></bounds><pose><translation>-1.2132096954385878, -1.9647434519384435, -0.649254787265904</translation><rotation><c1>0, 0, 0</c1><c2>0, 0, 0</c2><c3>0, 0, 0</c3></rotation></pose><symmetry><x>twoFold</x><y>cylindrical</y><z>twoFold</z></symmetry><detectionScore>-1.0</detectionScore></element><element><id>8</id><category>kitchen_cabinet</category><bounds><corner1>-0.40200789584359065, -0.7978543502173343, -1.5372109862737133</corner1><corner2>0.40200789584359065, 0.7978543502173343, 1.5372109862737133</corner2></bounds><pose><translation>1.8809653542251352, -2.854222449051171, -0.17721084948727361</translation><rotation><c1>0, 0, 0</c1><c2>0, 0, 0</c2><c3>0, 0, 0</c3></rotation></pose><symmetry><x>twoFold</x><y>cylindrical</y><z>twoFold</z></symmetry><detectionScore>-1.0</detectionScore></element><element><id>9</id><category>dresser</category><bounds><corner1>-0.6614903795336255, -0.7680867502363385, -0.5570167644586829</corner1><corner2>0.6614903795336255, 0.7680867502363385, 0.5570167644586829</corner2></bounds><pose><translation>1.8909111513019647, -0.5117319366704338, -1.1556368252134663</translation><rotation><c1>0, 0, 0</c1><c2>0, 0, 0</c2><c3>0, 0, 0</c3></rotation></pose><symmetry><x>twoFold</x><y>cylindrical</y><z>twoFold</z></symmetry><detectionScore>-1.0</detectionScore></element><element><id>10</id><category>hanging_kitchen_cabinet</category><bounds><corner1>-0.38121136452341187, -0.7075620747269976, -0.7688760724454964</corner1><corner2>0.38121136452341187, 0.7075620747269976, 0.7688760724454964</corner2></bounds><pose><translation>2.1930835360499854, -0.4941812759845558, 0.6033958802327015</translation><rotation><c1>0, 0, 0</c1><c2>0, 0, 0</c2><c3>0, 0, 0</c3></rotation></pose><symmetry><x>twoFold</x><y>cylindrical</y><z>twoFold</z></symmetry><detectionScore>-1.0</detectionScore></element><element><id>11</id><category>hanging_kitchen_cabinet</category><bounds><corner1>-0.5122008647028284, -0.8287302203679561, -0.514358815315743</corner1><corner2>0.5122008647028284, 0.8287302203679561, 0.514358815315743</corner2></bounds><pose><translation>-1.521469504288092, -4.266872186652888, 0.8315570002876598</translation><rotation><c1>0, 0, 0</c1><c2>0, 0, 0</c2><c3>0, 0, 0</c3></rotation></pose><symmetry><x>twoFold</x><y>cylindrical</y><z>twoFold</z></symmetry><detectionScore>-1.0</detectionScore></element><element><id>12</id><category>door</category><bounds><corner1>-9.175913840955255, -3.916439848793263, -1.636323258742923</corner1><corner2>9.175913840955255, 3.916439848793263, 1.636323258742923</corner2></bounds><pose><translation>2.4881138331262735, 1.456045363911193, -0.27619600124341315</translation><rotation><c1>0, 0, 0</c1><c2>0, 0, 0</c2><c3>0, 0, 0</c3></rotation></pose><symmetry><x>twoFold</x><y>cylindrical</y><z>twoFold</z></symmetry><detectionScore>-1.0</detectionScore></element><element><id>13</id><category>wall</category><bounds><corner1>-9.310186618802494, -5.29476533119238, -1.2440708880308233</corner1><corner2>9.310186618802494, 5.29476533119238, 1.2440708880308233</corner2></bounds><pose><translation>2.5162214978035027, 0.5179316502508668, -0.019561777116552492</translation><rotation><c1>0, 0, 0</c1><c2>0, 0, 0</c2><c3>0, 0, 0</c3></rotation></pose><symmetry><x>twoFold</x><y>cylindrical</y><z>twoFold</z></symmetry><detectionScore>-1.0</detectionScore></element><element><id>14</id><category>hanging_kitchen_cabinet</category><bounds><corner1>-0.054301021994972, -0.48216526759039535, -0.6661178649805755</corner1><corner2>0.054301021994972, 0.48216526759039535, 0.6661178649805755</corner2></bounds><pose><translation>1.9799649913750088, -2.9819728339471654, 0.5439787602200463</translation><rotation><c1>0, 0, 0</c1><c2>0, 0, 0</c2><c3>0, 0, 0</c3></rotation></pose><symmetry><x>twoFold</x><y>cylindrical</y><z>twoFold</z></symmetry><detectionScore>-1.0</detectionScore></element><element><id>15</id><category>door</category><bounds><corner1>-0.9866115624955714, -2.2097668888283613, -1.395035877101766</corner1><corner2>0.9866115624955714, 2.2097668888283613, 1.395035877101766</corner2></bounds><pose><translation>-1.5191468625844151, -4.134404949535704, -0.15493166087637456</translation><rotation><c1>0, 0, 0</c1><c2>0, 0, 0</c2><c3>0, 0, 0</c3></rotation></pose><symmetry><x>twoFold</x><y>cylindrical</y><z>twoFold</z></symmetry><detectionScore>-1.0</detectionScore></element><element><id>16</id><category>window</category><bounds><corner1>-0.5170729123065159, -0.45414181759198, -0.3380469560675683</corner1><corner2>0.5170729123065159, 0.45414181759198, 0.3380469560675683</corner2></bounds><pose><translation>-2.018118889884283, -2.3959558962675995, 0.059024998884723866</translation><rotation><c1>0, 0, 0</c1><c2>0, 0, 0</c2><c3>0, 0, 0</c3></rotation></pose><symmetry><x>twoFold</x><y>cylindrical</y><z>twoFold</z></symmetry><detectionScore>-1.0</detectionScore></element><element><id>17</id><category>chandelier</category><bounds><corner1>-0.31575975553618907, -0.5839977666128839, -0.522819673885263</corner1><corner2>0.31575975553618907, 0.5839977666128839, 0.522819673885263</corner2></bounds><pose><translation>-1.6002786261277417, -3.08674946801385, 0.854466775443211</translation><rotation><c1>0, 0, 0</c1><c2>0, 0, 0</c2><c3>0, 0, 0</c3></rotation></pose><symmetry><x>twoFold</x><y>cylindrical</y><z>twoFold</z></symmetry><detectionScore>-1.0</detectionScore></element><element><id>18</id><category>kitchen_cabinet</category><bounds><corner1>-0.42397466992789523, -0.8677148114749248, -1.8601388729449646</corner1><corner2>0.42397466992789523, 0.8677148114749248, 1.8601388729449646</corner2></bounds><pose><translation>2.1680542842696697, -0.4932692995563182, -0.4038088173284525</translation><rotation><c1>0, 0, 0</c1><c2>0, 0, 0</c2><c3>0, 0, 0</c3></rotation></pose><symmetry><x>twoFold</x><y>cylindrical</y><z>twoFold</z></symmetry><detectionScore>-1.0</detectionScore></element><element><id>19</id><category>chandelier</category><bounds><corner1>-1.1712250556211323, -0.2438565009116771, -0.5845553038152281</corner1><corner2>1.1712250556211323, 0.2438565009116771, 0.5845553038152281</corner2></bounds><pose><translation>0.48593766395969035, -1.1682443911525402, 0.9060799410739436</translation><rotation><c1>0, 0, 0</c1><c2>0, 0, 0</c2><c3>0, 0, 0</c3></rotation></pose><symmetry><x>twoFold</x><y>cylindrical</y><z>twoFold</z></symmetry><detectionScore>-1.0</detectionScore></element><element><id>20</id><category>wall</category><bounds><corner1>-0.49753002468104146, -1.4361918681957282, -0.9794000831704042</corner1><corner2>0.49753002468104146, 1.4361918681957282, 0.9794000831704042</corner2></bounds><pose><translation>-1.6973398415588563, -3.8603234145383745, 0.1384300773942055</translation><rotation><c1>0, 0, 0</c1><c2>0, 0, 0</c2><c3>0, 0, 0</c3></rotation></pose><symmetry><x>twoFold</x><y>cylindrical</y><z>twoFold</z></symmetry><detectionScore>-1.0</detectionScore></element><element><id>21</id><category>chandelier</category><bounds><corner1>-0.49617858172218443, -0.13652787661932386, -0.6408456049123711</corner1><corner2>0.49617858172218443, 0.13652787661932386, 0.6408456049123711</corner2></bounds><pose><translation>0.307353943739358, -1.1844856046612673, 0.8326497003213568</translation><rotation><c1>0, 0, 0</c1><c2>0, 0, 0</c2><c3>0, 0, 0</c3></rotation></pose><symmetry><x>twoFold</x><y>cylindrical</y><z>twoFold</z></symmetry><detectionScore>-1.0</detectionScore></element><element><id>22</id><category>hanging_kitchen_cabinet</category><bounds><corner1>-0.3909404481196306, -0.7260118075459796, -0.6706166559738523</corner1><corner2>0.3909404481196306, 0.7260118075459796, 0.6706166559738523</corner2></bounds><pose><translation>-1.6304380707050214, -2.6733111966686414, 0.7230451194554431</translation><rotation><c1>0, 0, 0</c1><c2>0, 0, 0</c2><c3>0, 0, 0</c3></rotation></pose><symmetry><x>twoFold</x><y>cylindrical</y><z>twoFold</z></symmetry><detectionScore>-1.0</detectionScore></element><element><id>23</id><category>shelving</category><bounds><corner1>-0.29553537386733963, -0.5726960410756399, -0.5240109516929147</corner1><corner2>0.29553537386733963, 0.5726960410756399, 0.5240109516929147</corner2></bounds><pose><translation>-1.6008503099739815, -3.075112832167703, 0.8518210492496211</translation><rotation><c1>0, 0, 0</c1><c2>0, 0, 0</c2><c3>0, 0, 0</c3></rotation></pose><symmetry><x>twoFold</x><y>cylindrical</y><z>twoFold</z></symmetry><detectionScore>-1.0</detectionScore></element><element><id>24</id><category>fruit_bowl</category><bounds><corner1>-0.5856334350919645, -0.6521468047639467, -0.16547755335588166</corner1><corner2>0.5856334350919645, 0.6521468047639467, 0.16547755335588166</corner2></bounds><pose><translation>0.7311060286337634, 1.947119836288913, -0.8372140837903614</translation><rotation><c1>0, 0, 0</c1><c2>0, 0, 0</c2><c3>0, 0, 0</c3></rotation></pose><symmetry><x>twoFold</x><y>cylindrical</y><z>twoFold</z></symmetry><detectionScore>-1.0</detectionScore></element><element><id>25</id><category>kitchen_cabinet</category><bounds><corner1>-0.4138988992292675, -2.162728674704294, -1.5624211937953367</corner1><corner2>0.4138988992292675, 2.162728674704294, 1.5624211937953367</corner2></bounds><pose><translation>0.9971850831003753, -3.932917831048462, -0.2317951800432251</translation><rotation><c1>0, 0, 0</c1><c2>0, 0, 0</c2><c3>0, 0, 0</c3></rotation></pose><symmetry><x>twoFold</x><y>cylindrical</y><z>twoFold</z></symmetry><detectionScore>-1.0</detectionScore></element><element><id>26</id><category>wall</category><bounds><corner1>-9.22286490129234, -5.15646310078577, -1.2753545483116353</corner1><corner2>9.22286490129234, 5.15646310078577, 1.2753545483116353</corner2></bounds><pose><translation>2.4384987337082604, -0.4529237705523444, -0.0021677611208635855</translation><rotation><c1>0, 0, 0</c1><c2>0, 0, 0</c2><c3>0, 0, 0</c3></rotation></pose><symmetry><x>twoFold</x><y>cylindrical</y><z>twoFold</z></symmetry><detectionScore>-1.0</detectionScore></element><element><id>27</id><category>floor</category><bounds><corner1>-1.3208690444496334, -1.3535806490717461, -0.5320939220106218</corner1><corner2>1.3208690444496334, 1.3535806490717461, 0.5320939220106218</corner2></bounds><pose><translation>2.4833357542779235, 0.33704214293412105, -1.0314950455831975</translation><rotation><c1>0, 0, 0</c1><c2>0, 0, 0</c2><c3>0, 0, 0</c3></rotation></pose><symmetry><x>twoFold</x><y>cylindrical</y><z>twoFold</z></symmetry><detectionScore>-1.0</detectionScore></element><element><id>28</id><category>wall</category><bounds><corner1>-0.5349011866164719, -0.562323190917895, -1.4033426702573926</corner1><corner2>0.5349011866164719, 0.562323190917895, 1.4033426702573926</corner2></bounds><pose><translation>1.3942150332396626, -3.650243797993524, -0.04606021574960182</translation><rotation><c1>0, 0, 0</c1><c2>0, 0, 0</c2><c3>0, 0, 0</c3></rotation></pose><symmetry><x>twoFold</x><y>cylindrical</y><z>twoFold</z></symmetry><detectionScore>-1.0</detectionScore></element><element><id>29</id><category>range_hood</category><bounds><corner1>-0.2729281231213956, -0.6006325684346145, -0.5630363022327086</corner1><corner2>0.2729281231213956, 0.6006325684346145, 0.5630363022327086</corner2></bounds><pose><translation>-1.603806609111591, -3.1041842789481855, 0.8102532440224198</translation><rotation><c1>0, 0, 0</c1><c2>0, 0, 0</c2><c3>0, 0, 0</c3></rotation></pose><symmetry><x>twoFold</x><y>cylindrical</y><z>twoFold</z></symmetry><detectionScore>-1.0</detectionScore></element><element><id>30</id><category>sofa</category><bounds><corner1>-6.6242797212109625, -3.516770994664163, -0.2492411114644799</corner1><corner2>6.6242797212109625, 3.516770994664163, 0.2492411114644799</corner2></bounds><pose><translation>2.473375689598706, 1.7627675516777823, -0.41143988729129716</translation><rotation><c1>0, 0, 0</c1><c2>0, 0, 0</c2><c3>0, 0, 0</c3></rotation></pose><symmetry><x>twoFold</x><y>cylindrical</y><z>twoFold</z></symmetry><detectionScore>-1.0</detectionScore></element><element><id>31</id><category>chandelier</category><bounds><corner1>-0.7017941900805849, -0.9801164375461187, -0.5785113669867382</corner1><corner2>0.7017941900805849, 0.9801164375461187, 0.5785113669867382</corner2></bounds><pose><translation>0.1740011538325377, 1.6142776471774805, 0.9403452978085466</translation><rotation><c1>0, 0, 0</c1><c2>0, 0, 0</c2><c3>0, 0, 0</c3></rotation></pose><symmetry><x>twoFold</x><y>cylindrical</y><z>twoFold</z></symmetry><detectionScore>-1.0</detectionScore></element><element><id>32</id><category>wall</category><bounds><corner1>-1.177257551475263, -3.0806175447127244, -1.3088921632348014</corner1><corner2>1.177257551475263, 3.0806175447127244, 1.3088921632348014</corner2></bounds><pose><translation>-0.15800019459330383, -5.650472573817242, -0.005546522253935174</translation><rotation><c1>0, 0, 0</c1><c2>0, 0, 0</c2><c3>0, 0, 0</c3></rotation></pose><symmetry><x>twoFold</x><y>cylindrical</y><z>twoFold</z></symmetry><detectionScore>-1.0</detectionScore></element><element><id>33</id><category>kitchen_cabinet</category><bounds><corner1>-1.0621411910610798, -2.6352380871841983, -1.582290918878422</corner1><corner2>1.0621411910610798, 2.6352380871841983, 1.582290918878422</corner2></bounds><pose><translation>-1.4500673289710213, -4.113971314484442, -0.27600954964807317</translation><rotation><c1>0, 0, 0</c1><c2>0, 0, 0</c2><c3>0, 0, 0</c3></rotation></pose><symmetry><x>twoFold</x><y>cylindrical</y><z>twoFold</z></symmetry><detectionScore>-1.0</detectionScore></element><element><id>34</id><category>wall</category><bounds><corner1>-9.41505501169386, -3.7918737199085197, -1.0841996670998697</corner1><corner2>9.41505501169386, 3.7918737199085197, 1.0841996670998697</corner2></bounds><pose><translation>2.487278028865761, 2.106682262260922, 0.0024185494234710493</translation><rotation><c1>0, 0, 0</c1><c2>0, 0, 0</c2><c3>0, 0, 0</c3></rotation></pose><symmetry><x>twoFold</x><y>cylindrical</y><z>twoFold</z></symmetry><detectionScore>-1.0</detectionScore></element><element><id>35</id><category>column</category><bounds><corner1>-0.4999572197259621, -1.4115157605106523, -0.9726188292751019</corner1><corner2>0.4999572197259621, 1.4115157605106523, 0.9726188292751019</corner2></bounds><pose><translation>-1.7056444105549993, -3.8351797473793203, 0.16013525808775753</translation><rotation><c1>0, 0, 0</c1><c2>0, 0, 0</c2><c3>0, 0, 0</c3></rotation></pose><symmetry><x>twoFold</x><y>cylindrical</y><z>twoFold</z></symmetry><detectionScore>-1.0</detectionScore></element></elements></scene>