<?xml version='1.0' encoding='utf-8'?>
<scene xmlns:sumo="https://www.sumochallenge.org"><version>2.0</version><categories><id>fb_categories_v1.0</id><url>https://sumochallenge.org/en/categories-1_0.json</url></categories><project_type>bounding_box</project_type><elements><element><id>4</id><category>coffee_table</category><bounds><corner1>-1.66579389, -0.03384258, -0.80495953</corner1><corner2>1.66579389, 0.03384258, 0.80495953</corner2></bounds><pose><translation> 1.53596728, -0.69338199,  0.00629411</translation><rotation><c1>1., 0., 0.</c1><c2>0., 1., 0.</c2><c3>0., 0., 1.</c3></rotation></pose><symmetry><x>none</x><y>twoFold</y><z>none</z></symmetry><detectionScore>0.6592619</detectionScore></element><element><id>1</id><category>door</category><bounds><corner1>-1.30216527, -0.75859611, -0.59271531</corner1><corner2>1.30216527, 0.75859611, 0.59271531</corner2></bounds><pose><translation> 2.51912815, -0.17827674,  4.59208322</translation><rotation><c1>1., 0., 0.</c1><c2>0., 1., 0.</c2><c3>0., 0., 1.</c3></rotation></pose><symmetry><x>twoFold</x><y>twoFold</y><z>twoFold</z></symmetry><detectionScore>0.9896724</detectionScore></element><element><id>5</id><category>wall</category><bounds><corner1>-0.61507507, -1.16987975, -3.04932068</corner1><corner2>0.61507507, 1.16987975, 3.04932068</corner2></bounds><pose><translation> 3.91937032, -0.0429164 ,  0.69046823</translation><rotation><c1>1., 0., 0.</c1><c2>0., 1., 0.</c2><c3>0., 0., 1.</c3></rotation></pose><symmetry><x>none</x><y>twoFold</y><z>none</z></symmetry><detectionScore>0.62647235</detectionScore></element><element><id>13</id><category>person</category><bounds><corner1>-1.85769964, -1.14961276, -0.27832488</corner1><corner2>1.85769964, 1.14961276, 0.27832488</corner2></bounds><pose><translation> 2.10007684, -0.66031357, -0.38143766</translation><rotation><c1>1., 0., 0.</c1><c2>0., 1., 0.</c2><c3>0., 0., 1.</c3></rotation></pose><symmetry><x>none</x><y>none</y><z>none</z></symmetry><detectionScore>0.99367285</detectionScore></element><element><id>3</id><category>plant</category><bounds><corner1>-0.37563645, -0.55201797, -1.06595029</corner1><corner2>0.37563645, 0.55201797, 1.06595029</corner2></bounds><pose><translation>-1.373357  , -1.08656978,  2.8328707 </translation><rotation><c1>1., 0., 0.</c1><c2>0., 1., 0.</c2><c3>0., 0., 1.</c3></rotation></pose><symmetry><x>none</x><y>cylindrical</y><z>none</z></symmetry><detectionScore>0.99551576</detectionScore></element><element><id>2</id><category>coffee_table</category><bounds><corner1>-0.80904825, -0.20096699, -1.08284405</corner1><corner2>0.80904825, 0.20096699, 1.08284405</corner2></bounds><pose><translation>-0.19542031, -1.30847255,  1.64199986</translation><rotation><c1>1., 0., 0.</c1><c2>0., 1., 0.</c2><c3>0., 0., 1.</c3></rotation></pose><symmetry><x>none</x><y>twoFold</y><z>none</z></symmetry><detectionScore>0.8504844</detectionScore></element><element><id>7</id><category>person</category><bounds><corner1>-1.80728149, -0.44189321, -2.27895715</corner1><corner2>1.80728149, 0.44189321, 2.27895715</corner2></bounds><pose><translation> 3.28716263, -0.99681047,  1.89640913</translation><rotation><c1>1., 0., 0.</c1><c2>0., 1., 0.</c2><c3>0., 0., 1.</c3></rotation></pose><symmetry><x>none</x><y>none</y><z>none</z></symmetry><detectionScore>0.61613894</detectionScore></element><element><id>9</id><category>laptop</category><bounds><corner1>-1.11147764, -0.20412797, -1.56816737</corner1><corner2>1.11147764, 0.20412797, 1.56816737</corner2></bounds><pose><translation> 1.31784855, -1.12029386,  1.89498547</translation><rotation><c1>1., 0., 0.</c1><c2>0., 1., 0.</c2><c3>0., 0., 1.</c3></rotation></pose><symmetry><x>none</x><y>none</y><z>none</z></symmetry><detectionScore>0.5104552</detectionScore></element><element><id>11</id><category>wall</category><bounds><corner1>-2.92704436, -1.05273621, -0.51462278</corner1><corner2>2.92704436, 1.05273621, 0.51462278</corner2></bounds><pose><translation>0.81532839, 0.        , 4.55314233</translation><rotation><c1>1., 0., 0.</c1><c2>0., 1., 0.</c2><c3>0., 0., 1.</c3></rotation></pose><symmetry><x>none</x><y>twoFold</y><z>none</z></symmetry><detectionScore>0.9803242</detectionScore></element><element><id>6</id><category>sofa</category><bounds><corner1>-1.65344291, -0.45252541, -0.7714637 </corner1><corner2>1.65344291, 0.45252541, 0.7714637 </corner2></bounds><pose><translation> 0.35779254, -0.94633659,  3.83172273</translation><rotation><c1>1., 0., 0.</c1><c2>0., 1., 0.</c2><c3>0., 0., 1.</c3></rotation></pose><symmetry><x>none</x><y>none</y><z>none</z></symmetry><detectionScore>0.9055637</detectionScore></element><element><id>12</id><category>loudspeaker</category><bounds><corner1>-0.67412884, -0.32554025, -0.52236763</corner1><corner2>0.67412884, 0.32554025, 0.52236763</corner2></bounds><pose><translation> 2.37202447, -0.80727541, -1.72028711</translation><rotation><c1>1., 0., 0.</c1><c2>0., 1., 0.</c2><c3>0., 0., 1.</c3></rotation></pose><symmetry><x>none</x><y>fourFold</y><z>none</z></symmetry><detectionScore>0.96973</detectionScore></element></elements></scene>