<?xml version='1.0' encoding='utf-8'?>
<scene xmlns:sumo="https://www.sumochallenge.org"><version>2.0</version><categories><id>fb_categories_v1.0</id><url>https://sumochallenge.org/en/categories-1_0.json</url></categories><project_type>bounding_box</project_type><elements><element><id>6</id><category>refrigerator</category><bounds><corner1>-0.33158774, -0.7768943 , -0.46314067</corner1><corner2>0.33158774, 0.7768943 , 0.46314067</corner2></bounds><pose><translation>-0.87978004, -0.29007061,  1.70693821</translation><rotation><c1>1., 0., 0.</c1><c2>0., 1., 0.</c2><c3>0., 0., 1.</c3></rotation></pose><symmetry><x>none</x><y>none</y><z>none</z></symmetry><detectionScore>-1</detectionScore></element><element><id>12</id><category>curtain</category><bounds><corner1>-1.96872624, -0.9632598 , -0.67084079</corner1><corner2>1.96872624, 0.9632598 , 0.67084079</corner2></bounds><pose><translation> 3.62105557, -0.03232447, -1.50513007</translation><rotation><c1>1., 0., 0.</c1><c2>0., 1., 0.</c2><c3>0., 0., 1.</c3></rotation></pose><symmetry><x>none</x><y>none</y><z>none</z></symmetry><detectionScore>-1</detectionScore></element><element><id>2</id><category>window</category><bounds><corner1>-1.07120056, -0.69197417, -0.06454391</corner1><corner2>1.07120056, 0.69197417, 0.06454391</corner2></bounds><pose><translation>4.65461763, 0.06658034, 3.63015163</translation><rotation><c1>1., 0., 0.</c1><c2>0., 1., 0.</c2><c3>0., 0., 1.</c3></rotation></pose><symmetry><x>none</x><y>none</y><z>none</z></symmetry><detectionScore>-1</detectionScore></element><element><id>3</id><category>window</category><bounds><corner1>-0.93361257, -0.56441388, -0.06500901</corner1><corner2>0.93361257, 0.56441388, 0.06500901</corner2></bounds><pose><translation>0.38706645, 0.16492969, 3.64830656</translation><rotation><c1>1., 0., 0.</c1><c2>0., 1., 0.</c2><c3>0., 0., 1.</c3></rotation></pose><symmetry><x>none</x><y>none</y><z>none</z></symmetry><detectionScore>-1</detectionScore></element><element><id>9</id><category>kitchen_cabinet</category><bounds><corner1>-0.4444488 , -0.34522959, -0.94002786</corner1><corner2>0.4444488 , 0.34522959, 0.94002786</corner2></bounds><pose><translation>-0.63320377, -0.71695944,  2.24201391</translation><rotation><c1>1., 0., 0.</c1><c2>0., 1., 0.</c2><c3>0., 0., 1.</c3></rotation></pose><symmetry><x>none</x><y>none</y><z>none</z></symmetry><detectionScore>-1</detectionScore></element><element><id>4</id><category>wall</category><bounds><corner1>-6.82556592, -1.1836709 , -2.93194078</corner1><corner2>6.82556592, 1.1836709 , 2.93194078</corner2></bounds><pose><translation> 6.46628907, -0.01917266,  0.71359232</translation><rotation><c1>1., 0., 0.</c1><c2>0., 1., 0.</c2><c3>0., 0., 1.</c3></rotation></pose><symmetry><x>none</x><y>none</y><z>none</z></symmetry><detectionScore>-1</detectionScore></element><element><id>14</id><category>chair</category><bounds><corner1>-1.24810826, -0.34700895, -0.26654542</corner1><corner2>1.24810826, 0.34700895, 0.26654542</corner2></bounds><pose><translation> 1.75695871, -1.04997712, -0.49854568</translation><rotation><c1>1., 0., 0.</c1><c2>0., 1., 0.</c2><c3>0., 0., 1.</c3></rotation></pose><symmetry><x>none</x><y>none</y><z>none</z></symmetry><detectionScore>-1</detectionScore></element><element><id>15</id><category>door</category><bounds><corner1>-0.3199217 , -0.97785012, -0.45957608</corner1><corner2>0.3199217 , 0.97785012, 0.45957608</corner2></bounds><pose><translation> 3.13138173, -0.33282568,  3.68688245</translation><rotation><c1>1., 0., 0.</c1><c2>0., 1., 0.</c2><c3>0., 0., 1.</c3></rotation></pose><symmetry><x>none</x><y>none</y><z>none</z></symmetry><detectionScore>-1</detectionScore></element><element><id>10</id><category>window</category><bounds><corner1>-0.91356484, -0.65843962, -0.15301785</corner1><corner2>0.91356484, 0.65843962, 0.15301785</corner2></bounds><pose><translation>-0.05461957,  0.09412965, -1.56701715</translation><rotation><c1>1., 0., 0.</c1><c2>0., 1., 0.</c2><c3>0., 0., 1.</c3></rotation></pose><symmetry><x>none</x><y>none</y><z>none</z></symmetry><detectionScore>-1</detectionScore></element></elements></scene>