<?xml version='1.0' encoding='utf-8'?>
<scene xmlns:sumo="https://www.sumochallenge.org"><version>2.0</version><categories><id>fb_categories_v1_0</id><url>https://sumochallenge.org/en/categories-1_0.json</url></categories><project_type>bounding_box</project_type><elements><element><id>0</id><category>window</category><bounds><corner1>-1.674123253088113, -1.1985340127148003, -0.10242080420941702</corner1><corner2>1.674123253088113, 1.1985340127148003, 0.10242080420941702</corner2></bounds><pose><translation>3.14642946112989, 0.3125938001141688, 1.3615031493652363</translation><rotation><c1>1, 0, 0</c1><c2>0, 1, 0</c2><c3>0, 0, 1</c3></rotation></pose><symmetry><x>twoFold</x><y>cylindrical</y><z>twoFold</z></symmetry><detectionScore>-1.0</detectionScore></element><element><id>1</id><category>window</category><bounds><corner1>-0.8363083112849635, -0.8368828283842223, -0.18638134047845512</corner1><corner2>0.8363083112849635, 0.8368828283842223, 0.18638134047845512</corner2></bounds><pose><translation>0.5815820749137007, 0.1832275358105092, -4.354842629047166</translation><rotation><c1>1, 0, 0</c1><c2>0, 1, 0</c2><c3>0, 0, 1</c3></rotation></pose><symmetry><x>twoFold</x><y>cylindrical</y><z>twoFold</z></symmetry><detectionScore>-1.0</detectionScore></element><element><id>2</id><category>ottoman</category><bounds><corner1>-4.466060878604709, -0.4461713378312693, -0.5667910623380079</corner1><corner2>4.466060878604709, 0.4461713378312693, 0.5667910623380079</corner2></bounds><pose><translation>2.5710860063064684, -1.136119823542674, -0.6345156198297311</translation><rotation><c1>1, 0, 0</c1><c2>0, 1, 0</c2><c3>0, 0, 1</c3></rotation></pose><symmetry><x>twoFold</x><y>cylindrical</y><z>twoFold</z></symmetry><detectionScore>-1.0</detectionScore></element><element><id>3</id><category>door</category><bounds><corner1>-1.2786536381712024, -1.2066204457546017, -0.8235446933114692</corner1><corner2>1.2786536381712024, 1.2066204457546017, 0.8235446933114692</corner2></bounds><pose><translation>6.658103512995403, -0.1751635170679985, -4.094736647546875</translation><rotation><c1>1, 0, 0</c1><c2>0, 1, 0</c2><c3>0, 0, 1</c3></rotation></pose><symmetry><x>twoFold</x><y>cylindrical</y><z>twoFold</z></symmetry><detectionScore>-1.0</detectionScore></element><element><id>4</id><category>floor_lamp</category><bounds><corner1>-1.8238584980588968, -0.6727633844164037, -1.504137839603764</corner1><corner2>1.8238584980588968, 0.6727633844164037, 1.504137839603764</corner2></bounds><pose><translation>4.521493813868744, -0.9198607150546598, -3.3666886654873722</translation><rotation><c1>1, 0, 0</c1><c2>0, 1, 0</c2><c3>0, 0, 1</c3></rotation></pose><symmetry><x>twoFold</x><y>cylindrical</y><z>twoFold</z></symmetry><detectionScore>-1.0</detectionScore></element><element><id>5</id><category>television</category><bounds><corner1>-1.6348450773403562, -1.1498463947475992, -0.09944852830034501</corner1><corner2>1.6348450773403562, 1.1498463947475992, 0.09944852830034501</corner2></bounds><pose><translation>3.185707636877647, 0.3794087025439459, 1.3590288736920961</translation><rotation><c1>1, 0, 0</c1><c2>0, 1, 0</c2><c3>0, 0, 1</c3></rotation></pose><symmetry><x>twoFold</x><y>cylindrical</y><z>twoFold</z></symmetry><detectionScore>-1.0</detectionScore></element><element><id>6</id><category>stand</category><bounds><corner1>-1.5100682236118228, -0.25582148588071696, -0.9750089948174692</corner1><corner2>1.5100682236118228, 0.25582148588071696, 0.9750089948174692</corner2></bounds><pose><translation>4.02026785501362, -0.9218627794766625, -3.3404297758752857</translation><rotation><c1>1, 0, 0</c1><c2>0, 1, 0</c2><c3>0, 0, 1</c3></rotation></pose><symmetry><x>twoFold</x><y>cylindrical</y><z>twoFold</z></symmetry><detectionScore>-1.0</detectionScore></element><element><id>7</id><category>picture_frame</category><bounds><corner1>-0.8975694562696459, -0.46718613631145983, -0.1481817183618208</corner1><corner2>0.8975694562696459, 0.46718613631145983, 0.1481817183618208</corner2></bounds><pose><translation>7.2142654054531095, 0.40038984750164525, -4.11407815846159</translation><rotation><c1>1, 0, 0</c1><c2>0, 1, 0</c2><c3>0, 0, 1</c3></rotation></pose><symmetry><x>twoFold</x><y>cylindrical</y><z>twoFold</z></symmetry><detectionScore>-1.0</detectionScore></element><element><id>8</id><category>door</category><bounds><corner1>-0.8273404741011352, -1.7553969114891448, -0.36794437552033177</corner1><corner2>0.8273404741011352, 1.7553969114891448, 0.36794437552033177</corner2></bounds><pose><translation>-2.2665336402930025, -0.3757061142331691, -4.324484713255425</translation><rotation><c1>1, 0, 0</c1><c2>0, 1, 0</c2><c3>0, 0, 1</c3></rotation></pose><symmetry><x>twoFold</x><y>cylindrical</y><z>twoFold</z></symmetry><detectionScore>-1.0</detectionScore></element><element><id>9</id><category>window</category><bounds><corner1>-1.3821773279917293, -0.8634493930931008, -0.168413600523583</corner1><corner2>1.3821773279917293, 0.8634493930931008, 0.168413600523583</corner2></bounds><pose><translation>6.793885290811317, 0.1120304925165703, -4.102711341913487</translation><rotation><c1>1, 0, 0</c1><c2>0, 1, 0</c2><c3>0, 0, 1</c3></rotation></pose><symmetry><x>twoFold</x><y>cylindrical</y><z>twoFold</z></symmetry><detectionScore>-1.0</detectionScore></element><element><id>10</id><category>wall</category><bounds><corner1>-7.68816761562733, -1.425161073912745, -2.9571908324493217</corner1><corner2>7.68816761562733, 1.425161073912745, 2.9571908324493217</corner2></bounds><pose><translation>10.156074812627859, -0.029887167633998762, -1.8268587305735828</translation><rotation><c1>1, 0, 0</c1><c2>0, 1, 0</c2><c3>0, 0, 1</c3></rotation></pose><symmetry><x>twoFold</x><y>cylindrical</y><z>twoFold</z></symmetry><detectionScore>-1.0</detectionScore></element><element><id>11</id><category>wall</category><bounds><corner1>-3.1017917614158543, -1.5081641814168791, -0.7951751299560899</corner1><corner2>3.1017917614158543, 1.5081641814168791, 0.7951751299560899</corner2></bounds><pose><translation>-0.848864201069767, -0.012590526816333826, -4.272768488230552</translation><rotation><c1>1, 0, 0</c1><c2>0, 1, 0</c2><c3>0, 0, 1</c3></rotation></pose><symmetry><x>twoFold</x><y>cylindrical</y><z>twoFold</z></symmetry><detectionScore>-1.0</detectionScore></element><element><id>12</id><category>window</category><bounds><corner1>-0.7467945789366413, -0.8528916252606076, -1.2845561883462253</corner1><corner2>0.7467945789366413, 0.8528916252606076, 1.2845561883462253</corner2></bounds><pose><translation>-3.8564918471572893, 0.19265394001106426, -1.7770409327431262</translation><rotation><c1>1, 0, 0</c1><c2>0, 1, 0</c2><c3>0, 0, 1</c3></rotation></pose><symmetry><x>twoFold</x><y>cylindrical</y><z>twoFold</z></symmetry><detectionScore>-1.0</detectionScore></element><element><id>13</id><category>table_lamp</category><bounds><corner1>-1.0529736554894287, -0.5249259932228325, -1.4143109376612921</corner1><corner2>1.0529736554894287, 0.5249259932228325, 1.4143109376612921</corner2></bounds><pose><translation>5.149905370866113, -0.8287290906794145, -3.848952718102286</translation><rotation><c1>1, 0, 0</c1><c2>0, 1, 0</c2><c3>0, 0, 1</c3></rotation></pose><symmetry><x>twoFold</x><y>cylindrical</y><z>twoFold</z></symmetry><detectionScore>-1.0</detectionScore></element><element><id>14</id><category>sofa</category><bounds><corner1>-0.11628059626051734, -0.48069342221878125, -0.7965144381558137</corner1><corner2>0.11628059626051734, 0.48069342221878125, 0.7965144381558137</corner2></bounds><pose><translation>-1.8345876933516172, -0.9292106500782997, 0.7575646816866825</translation><rotation><c1>1, 0, 0</c1><c2>0, 1, 0</c2><c3>0, 0, 1</c3></rotation></pose><symmetry><x>twoFold</x><y>cylindrical</y><z>twoFold</z></symmetry><detectionScore>-1.0</detectionScore></element><element><id>15</id><category>picture_frame</category><bounds><corner1>-1.4096225263515674, -1.1396951004363145, -0.09436436491970146</corner1><corner2>1.4096225263515674, 1.1396951004363145, 0.09436436491970146</corner2></bounds><pose><translation>3.2234837490435897, 0.38196586519883585, 1.357231364935259</translation><rotation><c1>1, 0, 0</c1><c2>0, 1, 0</c2><c3>0, 0, 1</c3></rotation></pose><symmetry><x>twoFold</x><y>cylindrical</y><z>twoFold</z></symmetry><detectionScore>-1.0</detectionScore></element><element><id>16</id><category>armchair</category><bounds><corner1>-0.42190708570276936, -0.6671477265972983, -0.6290722721923624</corner1><corner2>0.42190708570276936, 0.6671477265972983, 0.6290722721923624</corner2></bounds><pose><translation>-2.833485539803238, -1.0113373047976242, -0.6412672651950879</translation><rotation><c1>1, 0, 0</c1><c2>0, 1, 0</c2><c3>0, 0, 1</c3></rotation></pose><symmetry><x>twoFold</x><y>cylindrical</y><z>twoFold</z></symmetry><detectionScore>-1.0</detectionScore></element><element><id>17</id><category>wall</category><bounds><corner1>-0.9244105055875884, -1.3923778877170907, -0.16679839494774384</corner1><corner2>0.9244105055875884, 1.3923778877170907, 0.16679839494774384</corner2></bounds><pose><translation>-2.2681385797348366, -0.012687090461114903, -4.304157427477343</translation><rotation><c1>1, 0, 0</c1><c2>0, 1, 0</c2><c3>0, 0, 1</c3></rotation></pose><symmetry><x>twoFold</x><y>cylindrical</y><z>twoFold</z></symmetry><detectionScore>-1.0</detectionScore></element><element><id>18</id><category>picture_frame</category><bounds><corner1>-0.5819401335929784, -0.5442243337078452, -0.10048518127156214</corner1><corner2>0.5819401335929784, 0.5442243337078452, 0.10048518127156214</corner2></bounds><pose><translation>2.849767747483447, 0.20982251063008106, -4.209771423068031</translation><rotation><c1>1, 0, 0</c1><c2>0, 1, 0</c2><c3>0, 0, 1</c3></rotation></pose><symmetry><x>twoFold</x><y>cylindrical</y><z>twoFold</z></symmetry><detectionScore>-1.0</detectionScore></element><element><id>19</id><category>armchair</category><bounds><corner1>-0.1258156653455198, -0.6181340834180369, -0.7707487288906496</corner1><corner2>0.1258156653455198, 0.6181340834180369, 0.7707487288906496</corner2></bounds><pose><translation>-1.833453299466959, -1.0069720298190628, 0.8008031140364824</translation><rotation><c1>1, 0, 0</c1><c2>0, 1, 0</c2><c3>0, 0, 1</c3></rotation></pose><symmetry><x>twoFold</x><y>cylindrical</y><z>twoFold</z></symmetry><detectionScore>-1.0</detectionScore></element><element><id>20</id><category>wall</category><bounds><corner1>-2.6582933827695783, -1.4561701301705128, -2.302330462412157</corner1><corner2>2.6582933827695783, 1.4561701301705128, 2.302330462412157</corner2></bounds><pose><translation>6.469104143767135, -0.03324297252748199, -4.065032980724464</translation><rotation><c1>1, 0, 0</c1><c2>0, 1, 0</c2><c3>0, 0, 1</c3></rotation></pose><symmetry><x>twoFold</x><y>cylindrical</y><z>twoFold</z></symmetry><detectionScore>-1.0</detectionScore></element><element><id>21</id><category>wall</category><bounds><corner1>-7.683074711038113, -1.3830777580678597, -0.09317775809332529</corner1><corner2>7.683074711038113, 1.3830777580678597, 0.09317775809332529</corner2></bounds><pose><translation>4.837636156064631, 0.013894586544728443, 1.3096293939023378</translation><rotation><c1>1, 0, 0</c1><c2>0, 1, 0</c2><c3>0, 0, 1</c3></rotation></pose><symmetry><x>twoFold</x><y>cylindrical</y><z>twoFold</z></symmetry><detectionScore>-1.0</detectionScore></element></elements></scene>