<?xml version='1.0' encoding='utf-8'?>
<scene xmlns:sumo="https://www.sumochallenge.org"><version>2.0</version><categories><id>fb_categories_v1.0</id><url>https://sumochallenge.org/en/categories-1_0.json</url></categories><project_type>bounding_box</project_type><elements><element><id>7</id><category>picture_frame</category><bounds><corner1>-2.12239621, -1.11076504, -0.08109202</corner1><corner2>2.12239621, 1.11076504, 0.08109202</corner2></bounds><pose><translation> 1.09248809, -0.01403368,  4.7483796 </translation><rotation><c1>1., 0., 0.</c1><c2>0., 1., 0.</c2><c3>0., 0., 1.</c3></rotation></pose><symmetry><x>none</x><y>none</y><z>none</z></symmetry><detectionScore>-1</detectionScore></element><element><id>9</id><category>sofa</category><bounds><corner1>-1.71972976, -0.38778021, -1.19677791</corner1><corner2>1.71972976, 0.38778021, 1.19677791</corner2></bounds><pose><translation> 1.59486694, -0.99337105,  3.5578486 </translation><rotation><c1>1., 0., 0.</c1><c2>0., 1., 0.</c2><c3>0., 0., 1.</c3></rotation></pose><symmetry><x>none</x><y>none</y><z>none</z></symmetry><detectionScore>-1</detectionScore></element><element><id>5</id><category>chandelier</category><bounds><corner1>-1.41603984, -0.02215639, -1.69302576</corner1><corner2>1.41603984, 0.02215639, 1.69302576</corner2></bounds><pose><translation>1.73437879, 1.18608976, 2.5305116 </translation><rotation><c1>1., 0., 0.</c1><c2>0., 1., 0.</c2><c3>0., 0., 1.</c3></rotation></pose><symmetry><x>none</x><y>none</y><z>none</z></symmetry><detectionScore>-1</detectionScore></element><element><id>4</id><category>chandelier</category><bounds><corner1>-0.60091174, -0.02810898, -1.81888071</corner1><corner2>0.60091174, 0.02810898, 1.81888071</corner2></bounds><pose><translation>-4.20608965,  1.179153  ,  2.69745595</translation><rotation><c1>1., 0., 0.</c1><c2>0., 1., 0.</c2><c3>0., 0., 1.</c3></rotation></pose><symmetry><x>none</x><y>none</y><z>none</z></symmetry><detectionScore>-1</detectionScore></element><element><id>11</id><category>kitchen_cabinet</category><bounds><corner1>-0.11693354, -0.56252361, -1.5688966 </corner1><corner2>0.11693354, 0.56252361, 1.5688966 </corner2></bounds><pose><translation> 2.72896374, -0.97623478, -5.18319104</translation><rotation><c1>1., 0., 0.</c1><c2>0., 1., 0.</c2><c3>0., 0., 1.</c3></rotation></pose><symmetry><x>none</x><y>none</y><z>none</z></symmetry><detectionScore>-1</detectionScore></element><element><id>10</id><category>chair</category><bounds><corner1>-0.54505088, -0.31241862, -2.48704946</corner1><corner2>0.54505088, 0.31241862, 2.48704946</corner2></bounds><pose><translation>-3.11816165, -0.69990032,  2.29761876</translation><rotation><c1>1., 0., 0.</c1><c2>0., 1., 0.</c2><c3>0., 0., 1.</c3></rotation></pose><symmetry><x>none</x><y>none</y><z>none</z></symmetry><detectionScore>-1</detectionScore></element><element><id>6</id><category>vase</category><bounds><corner1>-0.53283192, -0.22825097, -1.66956304</corner1><corner2>0.53283192, 0.22825097, 1.66956304</corner2></bounds><pose><translation>-4.06147783, -0.56561577,  3.12445953</translation><rotation><c1>1., 0., 0.</c1><c2>0., 1., 0.</c2><c3>0., 0., 1.</c3></rotation></pose><symmetry><x>none</x><y>none</y><z>none</z></symmetry><detectionScore>-1</detectionScore></element><element><id>13</id><category>sofa</category><bounds><corner1>-0.60073596, -0.39237706, -2.55650926</corner1><corner2>0.60073596, 0.39237706, 2.55650926</corner2></bounds><pose><translation>-0.04171264, -1.10601038,  2.20489248</translation><rotation><c1>1., 0., 0.</c1><c2>0., 1., 0.</c2><c3>0., 0., 1.</c3></rotation></pose><symmetry><x>none</x><y>none</y><z>none</z></symmetry><detectionScore>-1</detectionScore></element><element><id>3</id><category>chair</category><bounds><corner1>-0.34862713, -0.49737198, -2.03168657</corner1><corner2>0.34862713, 0.49737198, 2.03168657</corner2></bounds><pose><translation>-3.4337825 , -0.91615682,  1.88472983</translation><rotation><c1>1., 0., 0.</c1><c2>0., 1., 0.</c2><c3>0., 0., 1.</c3></rotation></pose><symmetry><x>none</x><y>none</y><z>none</z></symmetry><detectionScore>-1</detectionScore></element><element><id>2</id><category>chair</category><bounds><corner1>-0.16716924, -0.32401723, -2.81806107</corner1><corner2>0.16716924, 0.32401723, 2.81806107</corner2></bounds><pose><translation>-2.73921596, -0.71149893,  1.96142265</translation><rotation><c1>1., 0., 0.</c1><c2>0., 1., 0.</c2><c3>0., 0., 1.</c3></rotation></pose><symmetry><x>none</x><y>none</y><z>none</z></symmetry><detectionScore>-1</detectionScore></element><element><id>12</id><category>window</category><bounds><corner1>-0.46412578, -0.66717305, -0.45901728</corner1><corner2>0.46412578, 0.66717305, 0.45901728</corner2></bounds><pose><translation>-1.04639396,  0.53035182, -1.65306127</translation><rotation><c1>1., 0., 0.</c1><c2>0., 1., 0.</c2><c3>0., 0., 1.</c3></rotation></pose><symmetry><x>none</x><y>none</y><z>none</z></symmetry><detectionScore>-1</detectionScore></element><element><id>8</id><category>door</category><bounds><corner1>-0.9055283 , -1.44292998, -1.38355542</corner1><corner2>0.9055283 , 1.44292998, 1.38355542</corner2></bounds><pose><translation> 3.35697779, -0.2534863 , -1.68167846</translation><rotation><c1>1., 0., 0.</c1><c2>0., 1., 0.</c2><c3>0., 0., 1.</c3></rotation></pose><symmetry><x>none</x><y>none</y><z>none</z></symmetry><detectionScore>-1</detectionScore></element><element><id>1</id><category>wall</category><bounds><corner1>-5.59833184, -1.19094948, -2.31664925</corner1><corner2>5.59833184, 1.19094948, 2.31664925</corner2></bounds><pose><translation>-6.63932719, -0.19941036,  2.24109018</translation><rotation><c1>1., 0., 0.</c1><c2>0., 1., 0.</c2><c3>0., 0., 1.</c3></rotation></pose><symmetry><x>none</x><y>none</y><z>none</z></symmetry><detectionScore>-1</detectionScore></element><element><id>14</id><category>chair</category><bounds><corner1>-0.77600706, -0.32875847, -1.90639059</corner1><corner2>0.77600706, 0.32875847, 1.90639059</corner2></bounds><pose><translation>-3.54587117, -0.70175845,  2.24463677</translation><rotation><c1>1., 0., 0.</c1><c2>0., 1., 0.</c2><c3>0., 0., 1.</c3></rotation></pose><symmetry><x>none</x><y>none</y><z>none</z></symmetry><detectionScore>-1</detectionScore></element></elements></scene>