<?xml version='1.0' encoding='utf-8'?>
<scene xmlns:sumo="https://www.sumochallenge.org"><version>2.0</version><categories><id>fb_categories_v1.0</id><url>https://sumochallenge.org/en/categories-1_0.json</url></categories><project_type>bounding_box</project_type><elements><element><id>5</id><category>television</category><bounds><corner1>-0.04887133, -0.45434584, -0.91479098</corner1><corner2>0.04887133, 0.45434584, 0.91479098</corner2></bounds><pose><translation>-2.02890931,  0.7331316 ,  0.20348464</translation><rotation><c1>1., 0., 0.</c1><c2>0., 1., 0.</c2><c3>0., 0., 1.</c3></rotation></pose><symmetry><x>none</x><y>none</y><z>twoFold</z></symmetry><detectionScore>0.9979108</detectionScore></element><element><id>10</id><category>wall</category><bounds><corner1>-0.32763123, -1.29999563, -3.48423275</corner1><corner2>0.32763123, 1.29999563, 3.48423275</corner2></bounds><pose><translation>13.0609409 , -0.11648289, -1.9366391 </translation><rotation><c1>1., 0., 0.</c1><c2>0., 1., 0.</c2><c3>0., 0., 1.</c3></rotation></pose><symmetry><x>none</x><y>twoFold</y><z>none</z></symmetry><detectionScore>0.96091616</detectionScore></element><element><id>11</id><category>chandelier</category><bounds><corner1>-1.92492327, -0.02464203, -0.90769626</corner1><corner2>1.92492327, 0.02464203, 0.90769626</corner2></bounds><pose><translation>1.82090577, 1.18283374, 0.55503978</translation><rotation><c1>1., 0., 0.</c1><c2>0., 1., 0.</c2><c3>0., 0., 1.</c3></rotation></pose><symmetry><x>none</x><y>cylindrical</y><z>none</z></symmetry><detectionScore>0.98410785</detectionScore></element><element><id>2</id><category>window</category><bounds><corner1>-1.18036752, -1.04242261, -0.04305697</corner1><corner2>1.18036752, 1.04242261, 0.04305697</corner2></bounds><pose><translation> 0.36121811, -0.08800788,  1.74897977</translation><rotation><c1>1., 0., 0.</c1><c2>0., 1., 0.</c2><c3>0., 0., 1.</c3></rotation></pose><symmetry><x>none</x><y>twoFold</y><z>none</z></symmetry><detectionScore>0.50704604</detectionScore></element><element><id>6</id><category>curtain</category><bounds><corner1>-1.36009515, -1.26374207, -0.14916097</corner1><corner2>1.36009515, 1.26374207, 0.14916097</corner2></bounds><pose><translation> 3.47114369, -0.23243894,  1.61895908</translation><rotation><c1>1., 0., 0.</c1><c2>0., 1., 0.</c2><c3>0., 0., 1.</c3></rotation></pose><symmetry><x>none</x><y>twoFold</y><z>none</z></symmetry><detectionScore>0.6171125</detectionScore></element><element><id>3</id><category>armchair</category><bounds><corner1>-0.64957987, -0.54954295, -0.67808369</corner1><corner2>0.64957987, 0.54954295, 0.67808369</corner2></bounds><pose><translation>-0.60744503, -0.98679679, -1.87308985</translation><rotation><c1>1., 0., 0.</c1><c2>0., 1., 0.</c2><c3>0., 0., 1.</c3></rotation></pose><symmetry><x>none</x><y>none</y><z>none</z></symmetry><detectionScore>0.7111196</detectionScore></element><element><id>12</id><category>picture_frame</category><bounds><corner1>-0.52923491, -0.58524565, -0.04280475</corner1><corner2>0.52923491, 0.58524565, 0.04280475</corner2></bounds><pose><translation>2.6029493 , 0.60170379, 1.68328074</translation><rotation><c1>1., 0., 0.</c1><c2>0., 1., 0.</c2><c3>0., 0., 1.</c3></rotation></pose><symmetry><x>none</x><y>fourFold</y><z>none</z></symmetry><detectionScore>0.943781</detectionScore></element><element><id>1</id><category>curtain</category><bounds><corner1>-1.54012425, -1.08566549, -3.48183541</corner1><corner2>1.54012425, 1.08566549, 3.48183541</corner2></bounds><pose><translation> 0.44583313, -0.03837693, -5.4308326 </translation><rotation><c1>1., 0., 0.</c1><c2>0., 1., 0.</c2><c3>0., 0., 1.</c3></rotation></pose><symmetry><x>none</x><y>twoFold</y><z>none</z></symmetry><detectionScore>0.8337556</detectionScore></element><element><id>13</id><category>stairs</category><bounds><corner1>-0.7785059 , -0.87089236, -1.78082008</corner1><corner2>0.7785059 , 0.87089236, 1.78082008</corner2></bounds><pose><translation>-0.87836269,  0.33084111, -3.29578378</translation><rotation><c1>1., 0., 0.</c1><c2>0., 1., 0.</c2><c3>0., 0., 1.</c3></rotation></pose><symmetry><x>none</x><y>none</y><z>none</z></symmetry><detectionScore>0.57561475</detectionScore></element><element><id>9</id><category>window</category><bounds><corner1>-1.11798924, -1.00541345, -0.14208144</corner1><corner2>1.11798924, 1.00541345, 0.14208144</corner2></bounds><pose><translation> 9.70902526, -0.09593861, -5.50157865</translation><rotation><c1>1., 0., 0.</c1><c2>0., 1., 0.</c2><c3>0., 0., 1.</c3></rotation></pose><symmetry><x>none</x><y>twoFold</y><z>none</z></symmetry><detectionScore>0.61417484</detectionScore></element><element><id>8</id><category>sofa</category><bounds><corner1>-6.7087751 , -0.54795044, -1.20839596</corner1><corner2>6.7087751 , 0.54795044, 1.20839596</corner2></bounds><pose><translation> 3.97670604, -1.1390557 , -0.07829271</translation><rotation><c1>1., 0., 0.</c1><c2>0., 1., 0.</c2><c3>0., 0., 1.</c3></rotation></pose><symmetry><x>none</x><y>none</y><z>none</z></symmetry><detectionScore>0.8954207</detectionScore></element><element><id>7</id><category>wall</category><bounds><corner1>-0.49734927, -1.41544093, -1.2281409 </corner1><corner2>0.49734927, 1.41544093, 1.2281409 </corner2></bounds><pose><translation>10.74999191, -0.22523077, -5.43653876</translation><rotation><c1>1., 0., 0.</c1><c2>0., 1., 0.</c2><c3>0., 0., 1.</c3></rotation></pose><symmetry><x>none</x><y>twoFold</y><z>none</z></symmetry><detectionScore>0.5225272</detectionScore></element></elements></scene>