<?xml version='1.0' encoding='utf-8'?>
<scene xmlns:sumo="https://www.sumochallenge.org"><version>2.0</version><categories><id>fb_categories_v1.0</id><url>https://sumochallenge.org/en/categories-1_0.json</url></categories><project_type>bounding_box</project_type><elements><element><id>12</id><category>range_oven</category><bounds><corner1>-0.44198974, -0.49038681, -0.2990338 </corner1><corner2>0.44198974, 0.49038681, 0.2990338 </corner2></bounds><pose><translation> 1.83599942, -0.92339153,  0.48274078</translation><rotation><c1>1., 0., 0.</c1><c2>0., 1., 0.</c2><c3>0., 0., 1.</c3></rotation></pose><symmetry><x>none</x><y>none</y><z>none</z></symmetry><detectionScore>-1</detectionScore></element><element><id>11</id><category>hanging_kitchen_cabinet</category><bounds><corner1>-0.21991402, -0.49686889, -0.59152654</corner1><corner2>0.21991402, 0.49686889, 0.59152654</corner2></bounds><pose><translation> 2.1650392 ,  0.55814022, -0.39861162</translation><rotation><c1>1., 0., 0.</c1><c2>0., 1., 0.</c2><c3>0., 0., 1.</c3></rotation></pose><symmetry><x>none</x><y>none</y><z>none</z></symmetry><detectionScore>-1</detectionScore></element><element><id>6</id><category>wall</category><bounds><corner1>-4.59207657, -1.04211787, -0.99747399</corner1><corner2>4.59207657, 1.04211787, 0.99747399</corner2></bounds><pose><translation>-4.92907707, -0.00949706, -0.4773923 </translation><rotation><c1>1., 0., 0.</c1><c2>0., 1., 0.</c2><c3>0., 0., 1.</c3></rotation></pose><symmetry><x>none</x><y>none</y><z>none</z></symmetry><detectionScore>-1</detectionScore></element><element><id>7</id><category>door</category><bounds><corner1>-1.23298734, -0.76552387, -0.6680694 </corner1><corner2>1.23298734, 0.76552387, 0.6680694 </corner2></bounds><pose><translation>-1.56598874, -0.04895206,  0.47996164</translation><rotation><c1>1., 0., 0.</c1><c2>0., 1., 0.</c2><c3>0., 0., 1.</c3></rotation></pose><symmetry><x>none</x><y>none</y><z>none</z></symmetry><detectionScore>-1</detectionScore></element><element><id>5</id><category>person</category><bounds><corner1>-0.38901397, -0.22160209, -0.77409945</corner1><corner2>0.38901397, 0.22160209, 0.77409945</corner2></bounds><pose><translation>-2.13807523, -0.83539707, -1.26159709</translation><rotation><c1>1., 0., 0.</c1><c2>0., 1., 0.</c2><c3>0., 0., 1.</c3></rotation></pose><symmetry><x>none</x><y>none</y><z>none</z></symmetry><detectionScore>-1</detectionScore></element><element><id>3</id><category>shelving</category><bounds><corner1>-0.34583854, -0.25350247, -0.58407092</corner1><corner2>0.34583854, 0.25350247, 0.58407092</corner2></bounds><pose><translation>-2.83378294,  0.94910686, -1.93634253</translation><rotation><c1>1., 0., 0.</c1><c2>0., 1., 0.</c2><c3>0., 0., 1.</c3></rotation></pose><symmetry><x>none</x><y>none</y><z>none</z></symmetry><detectionScore>-1</detectionScore></element><element><id>9</id><category>range_hood</category><bounds><corner1>-0.31626999, -0.51048889, -0.45626905</corner1><corner2>0.31626999, 0.51048889, 0.45626905</corner2></bounds><pose><translation>2.23387016, 0.68496821, 0.57423525</translation><rotation><c1>1., 0., 0.</c1><c2>0., 1., 0.</c2><c3>0., 0., 1.</c3></rotation></pose><symmetry><x>none</x><y>none</y><z>none</z></symmetry><detectionScore>-1</detectionScore></element><element><id>10</id><category>wall</category><bounds><corner1>-0.37194584, -1.2917484 , -0.37785592</corner1><corner2>0.37194584, 1.2917484 , 0.37785592</corner2></bounds><pose><translation>-1.79941357, -0.10389076, -2.69494012</translation><rotation><c1>1., 0., 0.</c1><c2>0., 1., 0.</c2><c3>0., 0., 1.</c3></rotation></pose><symmetry><x>none</x><y>none</y><z>none</z></symmetry><detectionScore>-1</detectionScore></element><element><id>2</id><category>kitchen_cabinet</category><bounds><corner1>-0.60306807, -0.49406536, -0.61098195</corner1><corner2>0.60306807, 0.49406536, 0.61098195</corner2></bounds><pose><translation> 1.93401243, -0.93524476, -0.6128619 </translation><rotation><c1>1., 0., 0.</c1><c2>0., 1., 0.</c2><c3>0., 0., 1.</c3></rotation></pose><symmetry><x>none</x><y>none</y><z>none</z></symmetry><detectionScore>-1</detectionScore></element><element><id>1</id><category>wall</category><bounds><corner1>-0.88655283, -1.07110727, -2.59902942</corner1><corner2>0.88655283, 1.07110727, 2.59902942</corner2></bounds><pose><translation>-0.71339631, -0.07863678, -3.78299378</translation><rotation><c1>1., 0., 0.</c1><c2>0., 1., 0.</c2><c3>0., 0., 1.</c3></rotation></pose><symmetry><x>none</x><y>none</y><z>none</z></symmetry><detectionScore>-1</detectionScore></element><element><id>8</id><category>picture_frame</category><bounds><corner1>-0.17712463, -0.48263888, -0.07075224</corner1><corner2>0.17712463, 0.48263888, 0.07075224</corner2></bounds><pose><translation>-1.76905688, -0.03565373,  1.09485816</translation><rotation><c1>1., 0., 0.</c1><c2>0., 1., 0.</c2><c3>0., 0., 1.</c3></rotation></pose><symmetry><x>none</x><y>none</y><z>none</z></symmetry><detectionScore>-1</detectionScore></element></elements></scene>