<?xml version='1.0' encoding='utf-8'?>
<scene xmlns:sumo="https://www.sumochallenge.org"><version>2.0</version><categories><id>fb_categories_v1.0</id><url>https://sumochallenge.org/en/categories-1_0.json</url></categories><project_type>bounding_box</project_type><elements><element><id>4</id><category>window</category><bounds><corner1>-0.44627031, -0.5669336 , -0.08496045</corner1><corner2>0.44627031, 0.5669336 , 0.08496045</corner2></bounds><pose><translation>-0.07117333,  0.00940499, -3.16781918</translation><rotation><c1>1., 0., 0.</c1><c2>0., 1., 0.</c2><c3>0., 0., 1.</c3></rotation></pose><symmetry><x>none</x><y>twoFold</y><z>none</z></symmetry><detectionScore>0.58545345</detectionScore></element><element><id>1</id><category>wall</category><bounds><corner1>-1.36106491, -0.68962509, -0.04700077</corner1><corner2>1.36106491, 0.68962509, 0.04700077</corner2></bounds><pose><translation>-0.24232844, -0.06499451,  2.64497937</translation><rotation><c1>1., 0., 0.</c1><c2>0., 1., 0.</c2><c3>0., 0., 1.</c3></rotation></pose><symmetry><x>none</x><y>twoFold</y><z>none</z></symmetry><detectionScore>0.8217086</detectionScore></element><element><id>5</id><category>office_chair</category><bounds><corner1>-0.74594137, -0.36425718, -0.94790732</corner1><corner2>0.74594137, 0.36425718, 0.94790732</corner2></bounds><pose><translation> 0.40127815, -0.82474884,  1.70594587</translation><rotation><c1>1., 0., 0.</c1><c2>0., 1., 0.</c2><c3>0., 0., 1.</c3></rotation></pose><symmetry><x>none</x><y>none</y><z>none</z></symmetry><detectionScore>0.9921147</detectionScore></element><element><id>3</id><category>column</category><bounds><corner1>-0.02099444, -0.77595791, -0.12165315</corner1><corner2>0.02099444, 0.77595791, 0.12165315</corner2></bounds><pose><translation>-1.08602468, -0.08598262, -0.32739359</translation><rotation><c1>1., 0., 0.</c1><c2>0., 1., 0.</c2><c3>0., 0., 1.</c3></rotation></pose><symmetry><x>twoFold</x><y>fourFold</y><z>twoFold</z></symmetry><detectionScore>0.9630245</detectionScore></element><element><id>2</id><category>window</category><bounds><corner1>-0.51220946, -0.55715333, -1.13989625</corner1><corner2>0.51220946, 0.55715333, 1.13989625</corner2></bounds><pose><translation>-2.00472516,  0.04579873, -3.14896487</translation><rotation><c1>1., 0., 0.</c1><c2>0., 1., 0.</c2><c3>0., 0., 1.</c3></rotation></pose><symmetry><x>none</x><y>twoFold</y><z>none</z></symmetry><detectionScore>0.99381703</detectionScore></element><element><id>7</id><category>door</category><bounds><corner1>-2.04991646, -0.89495416, -0.40660709</corner1><corner2>2.04991646, 0.89495416, 0.40660709</corner2></bounds><pose><translation>-4.02490094, -0.36065371,  1.47836222</translation><rotation><c1>1., 0., 0.</c1><c2>0., 1., 0.</c2><c3>0., 0., 1.</c3></rotation></pose><symmetry><x>twoFold</x><y>twoFold</y><z>twoFold</z></symmetry><detectionScore>0.9954619</detectionScore></element><element><id>8</id><category>chair</category><bounds><corner1>-0.80884586, -0.28032443, -0.19630072</corner1><corner2>0.80884586, 0.28032443, 0.19630072</corner2></bounds><pose><translation>-1.18329582, -0.85806912,  2.4848916 </translation><rotation><c1>1., 0., 0.</c1><c2>0., 1., 0.</c2><c3>0., 0., 1.</c3></rotation></pose><symmetry><x>none</x><y>none</y><z>none</z></symmetry><detectionScore>0.99069244</detectionScore></element><element><id>6</id><category>wall</category><bounds><corner1>-2.50519333, -0.7397614 , -1.96836985</corner1><corner2>2.50519333, 0.7397614 , 1.96836985</corner2></bounds><pose><translation>-3.58521043, -0.12416421, -0.31990719</translation><rotation><c1>1., 0., 0.</c1><c2>0., 1., 0.</c2><c3>0., 0., 1.</c3></rotation></pose><symmetry><x>none</x><y>twoFold</y><z>none</z></symmetry><detectionScore>0.82587945</detectionScore></element></elements></scene>