<?xml version='1.0' encoding='utf-8'?>
<scene xmlns:sumo="https://www.sumochallenge.org"><version>2.0</version><categories><id>fb_categories_v1.0</id><url>https://sumochallenge.org/en/categories-1_0.json</url></categories><project_type>bounding_box</project_type><elements><element><id>2</id><category>wall</category><bounds><corner1>-2.42895453, -1.27548142, -1.55943469</corner1><corner2>2.42895453, 1.27548142, 1.55943469</corner2></bounds><pose><translation>-3.95698666, -0.11139646, -0.94827654</translation><rotation><c1>1., 0., 0.</c1><c2>0., 1., 0.</c2><c3>0., 0., 1.</c3></rotation></pose><symmetry><x>none</x><y>none</y><z>none</z></symmetry><detectionScore>-1</detectionScore></element><element><id>1</id><category>floor_lamp</category><bounds><corner1>-0.19265704, -1.728095  , -1.35618411</corner1><corner2>0.19265704, 1.728095  , 1.35618411</corner2></bounds><pose><translation> 7.52670747, -0.5501217 , -2.67978363</translation><rotation><c1>1., 0., 0.</c1><c2>0., 1., 0.</c2><c3>0., 0., 1.</c3></rotation></pose><symmetry><x>none</x><y>none</y><z>none</z></symmetry><detectionScore>-1</detectionScore></element></elements></scene>