<?xml version='1.0' encoding='utf-8'?>
<scene xmlns:sumo="https://www.sumochallenge.org"><version>2.0</version><categories><id>fb_categories_v1_0</id><url>https://sumochallenge.org/en/categories-1_0.json</url></categories><project_type>bounding_box</project_type><elements><element><id>0</id><category>door</category><bounds><corner1>-0.2926263000481031, -1.1717676661114798, -1.65085279672837</corner1><corner2>0.2926263000481031, 1.1717676661114798, 1.65085279672837</corner2></bounds><pose><translation>-1.6082547922841919, -5.941079674980829, -0.09842433338758538</translation><rotation><c1>0, 0, 0</c1><c2>0, 0, 0</c2><c3>0, 0, 0</c3></rotation></pose><symmetry><x>twoFold</x><y>cylindrical</y><z>twoFold</z></symmetry><detectionScore>-1.0</detectionScore></element><element><id>1</id><category>wall</category><bounds><corner1>-0.7367549721181881, -3.8650660183236525, -1.3764726922381225</corner1><corner2>0.7367549721181881, 3.8650660183236525, 1.3764726922381225</corner2></bounds><pose><translation>11.223857667058077, 5.67513991224182, -0.0905884853165306</translation><rotation><c1>0, 0, 0</c1><c2>0, 0, 0</c2><c3>0, 0, 0</c3></rotation></pose><symmetry><x>twoFold</x><y>cylindrical</y><z>twoFold</z></symmetry><detectionScore>-1.0</detectionScore></element><element><id>2</id><category>curtain</category><bounds><corner1>-0.15750071087317052, -1.507922327699755, -1.7255981109364964</corner1><corner2>0.15750071087317052, 1.507922327699755, 1.7255981109364964</corner2></bounds><pose><translation>-1.5997246285675344, -6.634946953619065, 0.1614521393978466</translation><rotation><c1>0, 0, 0</c1><c2>0, 0, 0</c2><c3>0, 0, 0</c3></rotation></pose><symmetry><x>twoFold</x><y>cylindrical</y><z>twoFold</z></symmetry><detectionScore>-1.0</detectionScore></element><element><id>3</id><category>curtain</category><bounds><corner1>-2.7440288150994507, -0.20369234692829963, -2.83502337957779</corner1><corner2>2.7440288150994507, 0.20369234692829963, 2.83502337957779</corner2></bounds><pose><translation>2.0682654091247863, 9.715170456649865, 1.0834164008920704</translation><rotation><c1>0, 0, 0</c1><c2>0, 0, 0</c2><c3>0, 0, 0</c3></rotation></pose><symmetry><x>twoFold</x><y>cylindrical</y><z>twoFold</z></symmetry><detectionScore>-1.0</detectionScore></element><element><id>4</id><category>sofa</category><bounds><corner1>-4.826430884990545, -5.567793033172274, -0.2345969504707669</corner1><corner2>4.826430884990545, 5.567793033172274, 0.2345969504707669</corner2></bounds><pose><translation>2.4281016997088245, 4.150671651943284, -0.9172486678827957</translation><rotation><c1>0, 0, 0</c1><c2>0, 0, 0</c2><c3>0, 0, 0</c3></rotation></pose><symmetry><x>twoFold</x><y>cylindrical</y><z>twoFold</z></symmetry><detectionScore>-1.0</detectionScore></element><element><id>5</id><category>column</category><bounds><corner1>-1.5353124715341764, -0.7031038584219367, -1.127363830666293</corner1><corner2>1.5353124715341764, 0.7031038584219367, 1.127363830666293</corner2></bounds><pose><translation>16.211704300518782, 8.92609224799262, 2.893609100555266</translation><rotation><c1>0, 0, 0</c1><c2>0, 0, 0</c2><c3>0, 0, 0</c3></rotation></pose><symmetry><x>twoFold</x><y>cylindrical</y><z>twoFold</z></symmetry><detectionScore>-1.0</detectionScore></element><element><id>6</id><category>sofa</category><bounds><corner1>-2.860356405977365, -4.657639380161011, -0.36467373548275295</corner1><corner2>2.860356405977365, 4.657639380161011, 0.36467373548275295</corner2></bounds><pose><translation>1.5565037229833105, 5.139278448786725, -1.0352793684719181</translation><rotation><c1>0, 0, 0</c1><c2>0, 0, 0</c2><c3>0, 0, 0</c3></rotation></pose><symmetry><x>twoFold</x><y>cylindrical</y><z>twoFold</z></symmetry><detectionScore>-1.0</detectionScore></element><element><id>7</id><category>curtain</category><bounds><corner1>-3.1687460575429665, -1.485858361855028, -1.559034576139628</corner1><corner2>3.1687460575429665, 1.485858361855028, 1.559034576139628</corner2></bounds><pose><translation>14.540460654033476, 8.144595775878502, 2.487502827675062</translation><rotation><c1>0, 0, 0</c1><c2>0, 0, 0</c2><c3>0, 0, 0</c3></rotation></pose><symmetry><x>twoFold</x><y>cylindrical</y><z>twoFold</z></symmetry><detectionScore>-1.0</detectionScore></element><element><id>8</id><category>door</category><bounds><corner1>-0.28237810133405516, -3.0368904519114297, -1.5626280266273225</corner1><corner2>0.28237810133405516, 3.0368904519114297, 1.5626280266273225</corner2></bounds><pose><translation>-1.5897865272473592, 6.813808370027615, -0.12466648825415425</translation><rotation><c1>0, 0, 0</c1><c2>0, 0, 0</c2><c3>0, 0, 0</c3></rotation></pose><symmetry><x>twoFold</x><y>cylindrical</y><z>twoFold</z></symmetry><detectionScore>-1.0</detectionScore></element><element><id>9</id><category>coffee_table</category><bounds><corner1>-2.4313660595480666, -0.7159399218210929, -0.19584246732735022</corner1><corner2>2.4313660595480666, 0.7159399218210929, 0.19584246732735022</corner2></bounds><pose><translation>4.177071566490562, -5.274702014611631, -0.8694480336789475</translation><rotation><c1>0, 0, 0</c1><c2>0, 0, 0</c2><c3>0, 0, 0</c3></rotation></pose><symmetry><x>twoFold</x><y>cylindrical</y><z>twoFold</z></symmetry><detectionScore>-1.0</detectionScore></element><element><id>10</id><category>wall</category><bounds><corner1>-21.729472351179126, -3.3327814183720794, -2.23552524219944</corner1><corner2>21.729472351179126, 3.3327814183720794, 2.23552524219944</corner2></bounds><pose><translation>11.825105034246109, 2.231214441726134, -0.01159566535372739</translation><rotation><c1>0, 0, 0</c1><c2>0, 0, 0</c2><c3>0, 0, 0</c3></rotation></pose><symmetry><x>twoFold</x><y>cylindrical</y><z>twoFold</z></symmetry><detectionScore>-1.0</detectionScore></element><element><id>11</id><category>wall</category><bounds><corner1>-3.4378465537550884, -0.2015263252133348, -2.8690305534397904</corner1><corner2>3.4378465537550884, 0.2015263252133348, 2.8690305534397904</corner2></bounds><pose><translation>1.6833769067748978, 9.71815168035668, 1.0494092270300701</translation><rotation><c1>0, 0, 0</c1><c2>0, 0, 0</c2><c3>0, 0, 0</c3></rotation></pose><symmetry><x>twoFold</x><y>cylindrical</y><z>twoFold</z></symmetry><detectionScore>-1.0</detectionScore></element><element><id>12</id><category>sofa</category><bounds><corner1>-1.6188648668074062, -1.6327062955165559, -0.5453836781763519</corner1><corner2>1.6188648668074062, 1.6327062955165559, 0.5453836781763519</corner2></bounds><pose><translation>0.7282169348117766, -5.918930919180748, -1.0607461372481906</translation><rotation><c1>0, 0, 0</c1><c2>0, 0, 0</c2><c3>0, 0, 0</c3></rotation></pose><symmetry><x>twoFold</x><y>cylindrical</y><z>twoFold</z></symmetry><detectionScore>-1.0</detectionScore></element><element><id>13</id><category>sofa</category><bounds><corner1>-2.338765689899321, -1.3285564829047884, -0.4224467297814427</corner1><corner2>2.338765689899321, 1.3285564829047884, 0.4224467297814427</corner2></bounds><pose><translation>1.8745341585857715, -0.7044266389871456, -1.1735795868403465</translation><rotation><c1>0, 0, 0</c1><c2>0, 0, 0</c2><c3>0, 0, 0</c3></rotation></pose><symmetry><x>twoFold</x><y>cylindrical</y><z>twoFold</z></symmetry><detectionScore>-1.0</detectionScore></element><element><id>14</id><category>wall</category><bounds><corner1>-3.5320372127263755, -5.043919205900547, -2.6164555657553272</corner1><corner2>3.5320372127263755, 5.043919205900547, 2.6164555657553272</corner2></bounds><pose><translation>1.9095926858215457, -9.388321873155707, 0.966765839601227</translation><rotation><c1>0, 0, 0</c1><c2>0, 0, 0</c2><c3>0, 0, 0</c3></rotation></pose><symmetry><x>twoFold</x><y>cylindrical</y><z>twoFold</z></symmetry><detectionScore>-1.0</detectionScore></element><element><id>15</id><category>sofa</category><bounds><corner1>-1.7441447180582386, -3.6313946089860947, -0.5427178671914563</corner1><corner2>1.7441447180582386, 3.6313946089860947, 0.5427178671914563</corner2></bounds><pose><translation>0.9113223796535288, 6.2382468211861015, -1.08887424726366</translation><rotation><c1>0, 0, 0</c1><c2>0, 0, 0</c2><c3>0, 0, 0</c3></rotation></pose><symmetry><x>twoFold</x><y>cylindrical</y><z>twoFold</z></symmetry><detectionScore>-1.0</detectionScore></element><element><id>16</id><category>sofa</category><bounds><corner1>-2.571568218989886, -3.3812116588561167, -0.3777863054414049</corner1><corner2>2.571568218989886, 3.3812116588561167, 0.3777863054414049</corner2></bounds><pose><translation>1.7310221299061777, 2.908851433805834, -1.0854714894699873</translation><rotation><c1>0, 0, 0</c1><c2>0, 0, 0</c2><c3>0, 0, 0</c3></rotation></pose><symmetry><x>twoFold</x><y>cylindrical</y><z>twoFold</z></symmetry><detectionScore>-1.0</detectionScore></element><element><id>17</id><category>chair</category><bounds><corner1>-7.051227796776989, -1.3991910210023824, -0.4373570164892311</corner1><corner2>7.051227796776989, 1.3991910210023824, 0.4373570164892311</corner2></bounds><pose><translation>4.2229503049562505, -3.0942946166104353, -0.8213684957756417</translation><rotation><c1>0, 0, 0</c1><c2>0, 0, 0</c2><c3>0, 0, 0</c3></rotation></pose><symmetry><x>twoFold</x><y>cylindrical</y><z>twoFold</z></symmetry><detectionScore>-1.0</detectionScore></element><element><id>18</id><category>chair</category><bounds><corner1>-7.393760753153295, -1.472229068516639, -0.40681700897701273</corner1><corner2>7.393760753153295, 1.472229068516639, 0.40681700897701273</corner2></bounds><pose><translation>4.331972184215834, -2.9220004416129024, -0.7854405801355477</translation><rotation><c1>0, 0, 0</c1><c2>0, 0, 0</c2><c3>0, 0, 0</c3></rotation></pose><symmetry><x>twoFold</x><y>cylindrical</y><z>twoFold</z></symmetry><detectionScore>-1.0</detectionScore></element><element><id>19</id><category>wall</category><bounds><corner1>-17.459866372772545, -2.9058156288895667, -2.1739168398176774</corner1><corner2>17.459866372772545, 2.9058156288895667, 2.1739168398176774</corner2></bounds><pose><translation>11.78703378607396, -3.3343508904804255, 0.2670040323159087</translation><rotation><c1>0, 0, 0</c1><c2>0, 0, 0</c2><c3>0, 0, 0</c3></rotation></pose><symmetry><x>twoFold</x><y>cylindrical</y><z>twoFold</z></symmetry><detectionScore>-1.0</detectionScore></element><element><id>20</id><category>chair</category><bounds><corner1>-2.4035718915983093, -0.7301382959770617, -0.1928969579315989</corner1><corner2>2.4035718915983093, 0.7301382959770617, 0.1928969579315989</corner2></bounds><pose><translation>4.204865734440319, -5.292659152482732, -0.8674715074631402</translation><rotation><c1>0, 0, 0</c1><c2>0, 0, 0</c2><c3>0, 0, 0</c3></rotation></pose><symmetry><x>twoFold</x><y>cylindrical</y><z>twoFold</z></symmetry><detectionScore>-1.0</detectionScore></element><element><id>21</id><category>ottoman</category><bounds><corner1>-0.8264988450094017, -1.2442241168100092, -0.3240311258794275</corner1><corner2>0.8264988450094017, 1.2442241168100092, 0.3240311258794275</corner2></bounds><pose><translation>1.6484451664406425, 2.7676769036591664, -1.1343377127774672</translation><rotation><c1>0, 0, 0</c1><c2>0, 0, 0</c2><c3>0, 0, 0</c3></rotation></pose><symmetry><x>twoFold</x><y>cylindrical</y><z>twoFold</z></symmetry><detectionScore>-1.0</detectionScore></element><element><id>22</id><category>armchair</category><bounds><corner1>-2.156357730657464, -1.381466029286015, -0.3451789261954372</corner1><corner2>2.156357730657464, 1.381466029286015, 0.3451789261954372</corner2></bounds><pose><translation>4.202813534246497, -2.984174468942709, -0.8228220471049199</translation><rotation><c1>0, 0, 0</c1><c2>0, 0, 0</c2><c3>0, 0, 0</c3></rotation></pose><symmetry><x>twoFold</x><y>cylindrical</y><z>twoFold</z></symmetry><detectionScore>-1.0</detectionScore></element><element><id>23</id><category>rug</category><bounds><corner1>-1.854645337158944, -1.8110715671715765, -0.21500036489831564</corner1><corner2>1.854645337158944, 1.8110715671715765, 0.21500036489831564</corner2></bounds><pose><translation>2.6061346167543524, 0.2094499849192081, -0.956500093447373</translation><rotation><c1>0, 0, 0</c1><c2>0, 0, 0</c2><c3>0, 0, 0</c3></rotation></pose><symmetry><x>twoFold</x><y>cylindrical</y><z>twoFold</z></symmetry><detectionScore>-1.0</detectionScore></element><element><id>24</id><category>chair</category><bounds><corner1>-2.7655519640595374, -2.2469987519296253, -0.3401624821884686</corner1><corner2>2.7655519640595374, 2.2469987519296253, 0.3401624821884686</corner2></bounds><pose><translation>4.017576096999618, -5.255713502214937, -0.773700661964718</translation><rotation><c1>0, 0, 0</c1><c2>0, 0, 0</c2><c3>0, 0, 0</c3></rotation></pose><symmetry><x>twoFold</x><y>cylindrical</y><z>twoFold</z></symmetry><detectionScore>-1.0</detectionScore></element><element><id>25</id><category>sofa</category><bounds><corner1>-3.734372971864298, -1.9234247618814133, -0.39998755190866797</corner1><corner2>3.734372971864298, 1.9234247618814133, 0.39998755190866797</corner2></bounds><pose><translation>1.5012211252058967, -4.6480559941055235, -1.06764723670312</translation><rotation><c1>0, 0, 0</c1><c2>0, 0, 0</c2><c3>0, 0, 0</c3></rotation></pose><symmetry><x>twoFold</x><y>cylindrical</y><z>twoFold</z></symmetry><detectionScore>-1.0</detectionScore></element><element><id>26</id><category>sofa</category><bounds><corner1>-9.605956887916369, -3.748299709127593, -0.22669262191165707</corner1><corner2>9.605956887916369, 3.748299709127593, 0.22669262191165707</corner2></bounds><pose><translation>2.7431334758295716, 0.5173477139530597, -0.9320528569108268</translation><rotation><c1>0, 0, 0</c1><c2>0, 0, 0</c2><c3>0, 0, 0</c3></rotation></pose><symmetry><x>twoFold</x><y>cylindrical</y><z>twoFold</z></symmetry><detectionScore>-1.0</detectionScore></element><element><id>27</id><category>window</category><bounds><corner1>-3.8661017903029826, -2.376650048658842, -2.0158072107914298</corner1><corner2>3.8661017903029826, 2.376650048658842, 2.0158072107914298</corner2></bounds><pose><translation>11.80921910736766, 7.250775764969134, 1.6265940781949793</translation><rotation><c1>0, 0, 0</c1><c2>0, 0, 0</c2><c3>0, 0, 0</c3></rotation></pose><symmetry><x>twoFold</x><y>cylindrical</y><z>twoFold</z></symmetry><detectionScore>-1.0</detectionScore></element><element><id>28</id><category>curtain</category><bounds><corner1>-1.2466663055955127, -0.27801479979223487, -1.4397547550209495</corner1><corner2>1.2466663055955127, 0.27801479979223487, 1.4397547550209495</corner2></bounds><pose><translation>5.956578450470279, 9.605283102011846, 0.028636606656889562</translation><rotation><c1>0, 0, 0</c1><c2>0, 0, 0</c2><c3>0, 0, 0</c3></rotation></pose><symmetry><x>twoFold</x><y>cylindrical</y><z>twoFold</z></symmetry><detectionScore>-1.0</detectionScore></element><element><id>29</id><category>chandelier</category><bounds><corner1>-1.5952621955170123, -0.7212658026403176, -1.0666669385644956</corner1><corner2>1.5952621955170123, 0.7212658026403176, 1.0666669385644956</corner2></bounds><pose><translation>16.14862170198009, 8.906516224565067, 2.9676788108194576</translation><rotation><c1>0, 0, 0</c1><c2>0, 0, 0</c2><c3>0, 0, 0</c3></rotation></pose><symmetry><x>twoFold</x><y>cylindrical</y><z>twoFold</z></symmetry><detectionScore>-1.0</detectionScore></element><element><id>30</id><category>coffee_table</category><bounds><corner1>-1.8582337817358132, -1.619385997559138, -0.2227718530136642</corner1><corner2>1.8582337817358132, 1.619385997559138, 0.2227718530136642</corner2></bounds><pose><translation>2.6129790194515525, 0.2142484071906338, -0.9534956137368376</translation><rotation><c1>0, 0, 0</c1><c2>0, 0, 0</c2><c3>0, 0, 0</c3></rotation></pose><symmetry><x>twoFold</x><y>cylindrical</y><z>twoFold</z></symmetry><detectionScore>-1.0</detectionScore></element><element><id>31</id><category>kitchen_cabinet</category><bounds><corner1>-2.0879341934156823, -2.1281387264589897, -1.46090593686636</corner1><corner2>2.0879341934156823, 2.1281387264589897, 1.46090593686636</corner2></bounds><pose><translation>9.855906363427207, 5.825441728772689, -0.3170321536546661</translation><rotation><c1>0, 0, 0</c1><c2>0, 0, 0</c2><c3>0, 0, 0</c3></rotation></pose><symmetry><x>twoFold</x><y>cylindrical</y><z>twoFold</z></symmetry><detectionScore>-1.0</detectionScore></element><element><id>32</id><category>kitchen_cabinet</category><bounds><corner1>-3.8422600288156055, -3.1054988416791733, -2.0185377423675623</corner1><corner2>3.8422600288156055, 3.1054988416791733, 2.0185377423675623</corner2></bounds><pose><translation>8.217588158025432, 5.4197949550459406, -0.5742307074795039</translation><rotation><c1>0, 0, 0</c1><c2>0, 0, 0</c2><c3>0, 0, 0</c3></rotation></pose><symmetry><x>twoFold</x><y>cylindrical</y><z>twoFold</z></symmetry><detectionScore>-1.0</detectionScore></element><element><id>33</id><category>window</category><bounds><corner1>-1.5353124715341764, -0.7031038584219367, -1.127363830666293</corner1><corner2>1.5353124715341764, 0.7031038584219367, 1.127363830666293</corner2></bounds><pose><translation>16.211704300518782, 8.92609224799262, 2.893609100555266</translation><rotation><c1>0, 0, 0</c1><c2>0, 0, 0</c2><c3>0, 0, 0</c3></rotation></pose><symmetry><x>twoFold</x><y>cylindrical</y><z>twoFold</z></symmetry><detectionScore>-1.0</detectionScore></element><element><id>34</id><category>wall</category><bounds><corner1>-5.793539121814526, -3.3191028965811946, -1.8408530350326595</corner1><corner2>5.793539121814526, 3.3191028965811946, 1.8408530350326595</corner2></bounds><pose><translation>12.01264745583346, -4.320316691480983, 2.2157109471556398</translation><rotation><c1>0, 0, 0</c1><c2>0, 0, 0</c2><c3>0, 0, 0</c3></rotation></pose><symmetry><x>twoFold</x><y>cylindrical</y><z>twoFold</z></symmetry><detectionScore>-1.0</detectionScore></element><element><id>35</id><category>chandelier</category><bounds><corner1>-2.2012189629335293, -0.7293549424896604, -0.2101694565571548</corner1><corner2>2.2012189629335293, 0.7293549424896604, 0.2101694565571548</corner2></bounds><pose><translation>14.907029299142186, 8.93019266584, 3.86118009659241</translation><rotation><c1>0, 0, 0</c1><c2>0, 0, 0</c2><c3>0, 0, 0</c3></rotation></pose><symmetry><x>twoFold</x><y>cylindrical</y><z>twoFold</z></symmetry><detectionScore>-1.0</detectionScore></element><element><id>36</id><category>window</category><bounds><corner1>-1.18175467544968, -0.7907683960171941, -1.2023851416387359</corner1><corner2>1.18175467544968, 0.7907683960171941, 1.2023851416387359</corner2></bounds><pose><translation>11.926871524101024, 8.917458525809398, 2.0726647306369763</translation><rotation><c1>0, 0, 0</c1><c2>0, 0, 0</c2><c3>0, 0, 0</c3></rotation></pose><symmetry><x>twoFold</x><y>cylindrical</y><z>twoFold</z></symmetry><detectionScore>-1.0</detectionScore></element><element><id>37</id><category>partition</category><bounds><corner1>-5.877365662077516, -3.0544157716032214, -3.1168164411158683</corner1><corner2>5.877365662077516, 3.0544157716032214, 3.1168164411158683</corner2></bounds><pose><translation>11.736493417476275, -4.06957190146108, 0.10433730447772813</translation><rotation><c1>0, 0, 0</c1><c2>0, 0, 0</c2><c3>0, 0, 0</c3></rotation></pose><symmetry><x>twoFold</x><y>cylindrical</y><z>twoFold</z></symmetry><detectionScore>-1.0</detectionScore></element><element><id>38</id><category>wall</category><bounds><corner1>-3.3086758877975484, -1.7268423408372584, -1.636055941053188</corner1><corner2>3.3086758877975484, 1.7268423408372584, 1.636055941053188</corner2></bounds><pose><translation>14.39798022300975, 7.901015859476226, 2.409577242662394</translation><rotation><c1>0, 0, 0</c1><c2>0, 0, 0</c2><c3>0, 0, 0</c3></rotation></pose><symmetry><x>twoFold</x><y>cylindrical</y><z>twoFold</z></symmetry><detectionScore>-1.0</detectionScore></element><element><id>39</id><category>hanging_kitchen_cabinet</category><bounds><corner1>-3.8651638181850902, -2.375925201369074, -1.9972694736209116</corner1><corner2>3.8651638181850902, 2.375925201369074, 1.9972694736209116</corner2></bounds><pose><translation>11.810157079485553, 7.251500612258902, 1.6451318153654975</translation><rotation><c1>0, 0, 0</c1><c2>0, 0, 0</c2><c3>0, 0, 0</c3></rotation></pose><symmetry><x>twoFold</x><y>cylindrical</y><z>twoFold</z></symmetry><detectionScore>-1.0</detectionScore></element><element><id>40</id><category>curtain</category><bounds><corner1>-0.19092724658461613, -2.9410893253180097, -1.6359538927431037</corner1><corner2>0.19092724658461613, 2.9410893253180097, 1.6359538927431037</corner2></bounds><pose><translation>-1.5910367271194072, 6.895701335481452, 0.0477690061161812</translation><rotation><c1>0, 0, 0</c1><c2>0, 0, 0</c2><c3>0, 0, 0</c3></rotation></pose><symmetry><x>twoFold</x><y>cylindrical</y><z>twoFold</z></symmetry><detectionScore>-1.0</detectionScore></element><element><id>41</id><category>curtain</category><bounds><corner1>-4.761777538320775, -3.7871454744298485, -2.4612888859782784</corner1><corner2>4.761777538320775, 3.7871454744298485, 2.4612888859782784</corner2></bounds><pose><translation>11.714375641115385, -6.9568503294426485, 0.24036587456012076</translation><rotation><c1>0, 0, 0</c1><c2>0, 0, 0</c2><c3>0, 0, 0</c3></rotation></pose><symmetry><x>twoFold</x><y>cylindrical</y><z>twoFold</z></symmetry><detectionScore>-1.0</detectionScore></element><element><id>42</id><category>kitchen_cabinet</category><bounds><corner1>-3.4769367725756553, -3.185986730578416, -1.9720158677193484</corner1><corner2>3.4769367725756553, 3.185986730578416, 1.9720158677193484</corner2></bounds><pose><translation>9.578150011969113, 6.530596558838288, -0.30926732218217934</translation><rotation><c1>0, 0, 0</c1><c2>0, 0, 0</c2><c3>0, 0, 0</c3></rotation></pose><symmetry><x>twoFold</x><y>cylindrical</y><z>twoFold</z></symmetry><detectionScore>-1.0</detectionScore></element><element><id>43</id><category>curtain</category><bounds><corner1>-3.886715216071737, -2.3753704730308876, -2.101975663976291</corner1><corner2>3.886715216071737, 2.3753704730308876, 2.101975663976291</corner2></bounds><pose><translation>11.815221650266198, 7.257484956438894, 1.6493475903545405</translation><rotation><c1>0, 0, 0</c1><c2>0, 0, 0</c2><c3>0, 0, 0</c3></rotation></pose><symmetry><x>twoFold</x><y>cylindrical</y><z>twoFold</z></symmetry><detectionScore>-1.0</detectionScore></element><element><id>44</id><category>armchair</category><bounds><corner1>-2.765825430165913, -2.235600108749662, -0.3146771963710942</corner1><corner2>2.765825430165913, 2.235600108749662, 0.3146771963710942</corner2></bounds><pose><translation>4.000652100233906, -5.244808319374311, -0.7774487319611503</translation><rotation><c1>0, 0, 0</c1><c2>0, 0, 0</c2><c3>0, 0, 0</c3></rotation></pose><symmetry><x>twoFold</x><y>cylindrical</y><z>twoFold</z></symmetry><detectionScore>-1.0</detectionScore></element><element><id>45</id><category>curtain</category><bounds><corner1>-1.2719364633811807, -9.33032829937297, -1.6421994014220649</corner1><corner2>1.2719364633811807, 9.33032829937297, 1.6421994014220649</corner2></bounds><pose><translation>4.81453662054449, -9.33032829937297, 0.06538771059834017</translation><rotation><c1>0, 0, 0</c1><c2>0, 0, 0</c2><c3>0, 0, 0</c3></rotation></pose><symmetry><x>twoFold</x><y>cylindrical</y><z>twoFold</z></symmetry><detectionScore>-1.0</detectionScore></element><element><id>46</id><category>desk</category><bounds><corner1>-4.2035598640221, -1.6165195822719738, -0.2979439499367458</corner1><corner2>4.2035598640221, 1.6165195822719738, 0.2979439499367458</corner2></bounds><pose><translation>4.342784457026591, -2.9167073321232295, -0.821806049919558</translation><rotation><c1>0, 0, 0</c1><c2>0, 0, 0</c2><c3>0, 0, 0</c3></rotation></pose><symmetry><x>twoFold</x><y>cylindrical</y><z>twoFold</z></symmetry><detectionScore>-1.0</detectionScore></element><element><id>47</id><category>window</category><bounds><corner1>-0.19070839358053182, -3.018230781243828, -1.4626881291560434</corner1><corner2>0.19070839358053182, 3.018230781243828, 1.4626881291560434</corner2></bounds><pose><translation>-1.589493824032799, 6.8100021447346, -0.061078661228441</translation><rotation><c1>0, 0, 0</c1><c2>0, 0, 0</c2><c3>0, 0, 0</c3></rotation></pose><symmetry><x>twoFold</x><y>cylindrical</y><z>twoFold</z></symmetry><detectionScore>-1.0</detectionScore></element><element><id>48</id><category>wall</category><bounds><corner1>-15.039235805542718, -3.211427948200753, -1.9765241431348644</corner1><corner2>15.039235805542718, 3.211427948200753, 1.9765241431348644</corner2></bounds><pose><translation>14.49053192059736, 1.581894053890248, 2.083258740204534</translation><rotation><c1>0, 0, 0</c1><c2>0, 0, 0</c2><c3>0, 0, 0</c3></rotation></pose><symmetry><x>twoFold</x><y>cylindrical</y><z>twoFold</z></symmetry><detectionScore>-1.0</detectionScore></element><element><id>49</id><category>dining_table</category><bounds><corner1>-5.840741242480168, -1.4753737002555283, -0.39137430317276295</corner1><corner2>5.840741242480168, 1.4753737002555283, 0.39137430317276295</corner2></bounds><pose><translation>5.695468564269288, -3.0584569401914425, -0.7702309091691119</translation><rotation><c1>0, 0, 0</c1><c2>0, 0, 0</c2><c3>0, 0, 0</c3></rotation></pose><symmetry><x>twoFold</x><y>cylindrical</y><z>twoFold</z></symmetry><detectionScore>-1.0</detectionScore></element><element><id>50</id><category>window</category><bounds><corner1>-0.15429356956181617, -1.5100147230090277, -1.4469055940879076</corner1><corner2>0.15429356956181617, 1.5100147230090277, 1.4469055940879076</corner2></bounds><pose><translation>-1.5938368007041537, -6.627498796026397, 0.1668912341775022</translation><rotation><c1>0, 0, 0</c1><c2>0, 0, 0</c2><c3>0, 0, 0</c3></rotation></pose><symmetry><x>twoFold</x><y>cylindrical</y><z>twoFold</z></symmetry><detectionScore>-1.0</detectionScore></element><element><id>51</id><category>curtain</category><bounds><corner1>-3.028379352319034, -5.0193339595582005, -2.7605988187676407</corner1><corner2>3.028379352319034, 5.0193339595582005, 2.7605988187676407</corner2></bounds><pose><translation>2.1307164521526123, -9.376715492544673, 1.2884510851562685</translation><rotation><c1>0, 0, 0</c1><c2>0, 0, 0</c2><c3>0, 0, 0</c3></rotation></pose><symmetry><x>twoFold</x><y>cylindrical</y><z>twoFold</z></symmetry><detectionScore>-1.0</detectionScore></element></elements></scene>