<?xml version='1.0' encoding='utf-8'?>
<scene xmlns:sumo="https://www.sumochallenge.org"><version>2.0</version><categories><id>fb_categories_v1_0</id><url>https://sumochallenge.org/en/categories-1_0.json</url></categories><project_type>bounding_box</project_type><elements><element><id>0</id><category>office_chair</category><bounds><corner1>-0.24800432175100928, -0.4077831803251849, -0.6910330703669896</corner1><corner2>0.24800432175100928, 0.4077831803251849, 0.6910330703669896</corner2></bounds><pose><translation>-2.67173256112543, -0.5024968328190622, -1.2268401633225996</translation><rotation><c1>0, 0, 0</c1><c2>0, 0, 0</c2><c3>0, 0, 0</c3></rotation></pose><symmetry><x>twoFold</x><y>cylindrical</y><z>twoFold</z></symmetry><detectionScore>-1.0</detectionScore></element><element><id>1</id><category>coffee_table</category><bounds><corner1>-0.2210410366369543, -0.056456185139575066, -0.40230313778694615</corner1><corner2>0.2210410366369543, 0.056456185139575066, 0.40230313778694615</corner2></bounds><pose><translation>-1.1182584211889715, -1.9961447082621675, -0.7741097972301347</translation><rotation><c1>0, 0, 0</c1><c2>0, 0, 0</c2><c3>0, 0, 0</c3></rotation></pose><symmetry><x>twoFold</x><y>cylindrical</y><z>twoFold</z></symmetry><detectionScore>-1.0</detectionScore></element><element><id>2</id><category>plant</category><bounds><corner1>-0.1566283393704886, -0.7178190006465415, -0.49386381344996166</corner1><corner2>0.1566283393704886, 0.7178190006465415, 0.49386381344996166</corner2></bounds><pose><translation>1.75822855789877, 3.1963868536323727, -1.39809149117455</translation><rotation><c1>0, 0, 0</c1><c2>0, 0, 0</c2><c3>0, 0, 0</c3></rotation></pose><symmetry><x>twoFold</x><y>cylindrical</y><z>twoFold</z></symmetry><detectionScore>-1.0</detectionScore></element><element><id>3</id><category>desk</category><bounds><corner1>-0.4251987357558278, -1.3106017673847532, -0.7986191298052456</corner1><corner2>0.4251987357558278, 1.3106017673847532, 0.7986191298052456</corner2></bounds><pose><translation>-2.5119483318154794, -1.1566285362695727, -1.3429173873771767</translation><rotation><c1>0, 0, 0</c1><c2>0, 0, 0</c2><c3>0, 0, 0</c3></rotation></pose><symmetry><x>twoFold</x><y>cylindrical</y><z>twoFold</z></symmetry><detectionScore>-1.0</detectionScore></element><element><id>4</id><category>armchair</category><bounds><corner1>-0.19023844776654086, -0.4425102222992592, -0.5221077658388762</corner1><corner2>0.19023844776654086, 0.4425102222992592, 0.5221077658388762</corner2></bounds><pose><translation>-1.0845901780393115, -2.3881380796140275, -0.8115357034941989</translation><rotation><c1>0, 0, 0</c1><c2>0, 0, 0</c2><c3>0, 0, 0</c3></rotation></pose><symmetry><x>twoFold</x><y>cylindrical</y><z>twoFold</z></symmetry><detectionScore>-1.0</detectionScore></element><element><id>5</id><category>wall</category><bounds><corner1>-1.2674936423534708, -1.3740707665963434, -1.4802653728502404</corner1><corner2>1.2674936423534708, 1.3740707665963434, 1.4802653728502404</corner2></bounds><pose><translation>-3.829236850417851, -0.2959823726405665, -0.12238738963821925</translation><rotation><c1>0, 0, 0</c1><c2>0, 0, 0</c2><c3>0, 0, 0</c3></rotation></pose><symmetry><x>twoFold</x><y>cylindrical</y><z>twoFold</z></symmetry><detectionScore>-1.0</detectionScore></element><element><id>6</id><category>wall</category><bounds><corner1>-1.222736974536449, -0.1128819023415295, -1.2353193412013659</corner1><corner2>1.222736974536449, 0.1128819023415295, 1.2353193412013659</corner2></bounds><pose><translation>-0.9950539191241887, -2.0524530401107697, -0.0789299915194735</translation><rotation><c1>0, 0, 0</c1><c2>0, 0, 0</c2><c3>0, 0, 0</c3></rotation></pose><symmetry><x>twoFold</x><y>cylindrical</y><z>twoFold</z></symmetry><detectionScore>-1.0</detectionScore></element><element><id>7</id><category>door</category><bounds><corner1>-0.6247601433586903, -0.32777111512859647, -2.014045402965267</corner1><corner2>0.6247601433586903, 0.32777111512859647, 2.014045402965267</corner2></bounds><pose><translation>-0.5623877600884211, -2.247877548354516, -0.6876594262001657</translation><rotation><c1>0, 0, 0</c1><c2>0, 0, 0</c2><c3>0, 0, 0</c3></rotation></pose><symmetry><x>twoFold</x><y>cylindrical</y><z>twoFold</z></symmetry><detectionScore>-1.0</detectionScore></element><element><id>8</id><category>wall</category><bounds><corner1>-1.7209497145507102, -1.9157683095744118, -1.4553959580110947</corner1><corner2>1.7209497145507102, 1.9157683095744118, 1.4553959580110947</corner2></bounds><pose><translation>0.1347647242062383, 2.0527683176325286, -0.1107479126469621</translation><rotation><c1>0, 0, 0</c1><c2>0, 0, 0</c2><c3>0, 0, 0</c3></rotation></pose><symmetry><x>twoFold</x><y>cylindrical</y><z>twoFold</z></symmetry><detectionScore>-1.0</detectionScore></element><element><id>9</id><category>sofa</category><bounds><corner1>-0.22886499691402062, -0.0562794438092491, -0.4490971708496407</corner1><corner2>0.22886499691402062, 0.0562794438092491, 0.4490971708496407</corner2></bounds><pose><translation>-1.1269083989224202, -1.99674578613702, -0.7603401973920272</translation><rotation><c1>0, 0, 0</c1><c2>0, 0, 0</c2><c3>0, 0, 0</c3></rotation></pose><symmetry><x>twoFold</x><y>cylindrical</y><z>twoFold</z></symmetry><detectionScore>-1.0</detectionScore></element><element><id>10</id><category>bunker_bed</category><bounds><corner1>-0.636917288133442, -1.9025265372034155, -1.2290291657867192</corner1><corner2>0.636917288133442, 1.9025265372034155, 1.2290291657867192</corner2></bounds><pose><translation>-0.3670063204804004, 2.0091641404679508, -0.2897864629282363</translation><rotation><c1>0, 0, 0</c1><c2>0, 0, 0</c2><c3>0, 0, 0</c3></rotation></pose><symmetry><x>twoFold</x><y>cylindrical</y><z>twoFold</z></symmetry><detectionScore>-1.0</detectionScore></element></elements></scene>