<?xml version='1.0' encoding='utf-8'?>
<scene xmlns:sumo="https://www.sumochallenge.org"><version>2.0</version><categories><id>fb_categories_v1.0</id><url>https://sumochallenge.org/en/categories-1_0.json</url></categories><project_type>bounding_box</project_type><elements><element><id>4</id><category>plant</category><bounds><corner1>-4.6968802 , -1.763497  , -0.65953613</corner1><corner2>4.6968802 , 1.763497  , 0.65953613</corner2></bounds><pose><translation> 3.48614229, -0.32561314, -5.92536319</translation><rotation><c1>1., 0., 0.</c1><c2>0., 1., 0.</c2><c3>0., 0., 1.</c3></rotation></pose><symmetry><x>none</x><y>cylindrical</y><z>none</z></symmetry><detectionScore>0.7246706</detectionScore></element><element><id>1</id><category>window</category><bounds><corner1>-0.24336393, -1.19801966, -2.17197102</corner1><corner2>0.24336393, 1.19801966, 2.17197102</corner2></bounds><pose><translation>-12.13607796,   0.12995822,  -5.69360547</translation><rotation><c1>1., 0., 0.</c1><c2>0., 1., 0.</c2><c3>0., 0., 1.</c3></rotation></pose><symmetry><x>none</x><y>twoFold</y><z>none</z></symmetry><detectionScore>0.61165714</detectionScore></element><element><id>5</id><category>plant</category><bounds><corner1>-1.06951813, -1.42863808, -0.6825268 </corner1><corner2>1.06951813, 1.42863808, 0.6825268 </corner2></bounds><pose><translation>-3.86067869, -0.17644253,  0.59227079</translation><rotation><c1>1., 0., 0.</c1><c2>0., 1., 0.</c2><c3>0., 0., 1.</c3></rotation></pose><symmetry><x>none</x><y>cylindrical</y><z>none</z></symmetry><detectionScore>0.8940074</detectionScore></element><element><id>3</id><category>partition</category><bounds><corner1>-1.33458197, -1.47828544, -2.71854338</corner1><corner2>1.33458197, 1.47828544, 2.71854338</corner2></bounds><pose><translation>-0.82937843,  0.29085937, -5.93662404</translation><rotation><c1>1., 0., 0.</c1><c2>0., 1., 0.</c2><c3>0., 0., 1.</c3></rotation></pose><symmetry><x>twoFold</x><y>twoFold</y><z>twoFold</z></symmetry><detectionScore>0.6195909</detectionScore></element><element><id>2</id><category>armchair</category><bounds><corner1>-0.69689158, -0.38038353, -0.51856522</corner1><corner2>0.69689158, 0.38038353, 0.51856522</corner2></bounds><pose><translation>-2.06192322, -0.88439215,  0.74893917</translation><rotation><c1>1., 0., 0.</c1><c2>0., 1., 0.</c2><c3>0., 0., 1.</c3></rotation></pose><symmetry><x>none</x><y>none</y><z>none</z></symmetry><detectionScore>0.51427615</detectionScore></element><element><id>7</id><category>window</category><bounds><corner1>-0.13374771, -1.22190956, -1.69919871</corner1><corner2>0.13374771, 1.22190956, 1.69919871</corner2></bounds><pose><translation> 8.12504457e+00,  7.92719952e-03, -4.89604308e+00</translation><rotation><c1>1., 0., 0.</c1><c2>0., 1., 0.</c2><c3>0., 0., 1.</c3></rotation></pose><symmetry><x>none</x><y>twoFold</y><z>none</z></symmetry><detectionScore>0.9675422</detectionScore></element><element><id>6</id><category>plant</category><bounds><corner1>-7.2652002 , -1.57028202, -0.23585086</corner1><corner2>7.2652002 , 1.57028202, 0.23585086</corner2></bounds><pose><translation> 1.11697543, -0.0963006 ,  0.19610619</translation><rotation><c1>1., 0., 0.</c1><c2>0., 1., 0.</c2><c3>0., 0., 1.</c3></rotation></pose><symmetry><x>none</x><y>cylindrical</y><z>none</z></symmetry><detectionScore>0.508252</detectionScore></element></elements></scene>