<?xml version='1.0' encoding='utf-8'?>
<scene xmlns:sumo="https://www.sumochallenge.org"><version>2.0</version><categories><id>fb_categories_v1_0</id><url>https://sumochallenge.org/en/categories-1_0.json</url></categories><project_type>bounding_box</project_type><elements><element><id>0</id><category>chair</category><bounds><corner1>-2.8462302591358113, -4.6172832272354185, -0.19774586293365248</corner1><corner2>2.8462302591358113, 4.6172832272354185, 0.19774586293365248</corner2></bounds><pose><translation>1.1208955655376451, 1.9359722426381616, -0.8974846562255645</translation><rotation><c1>0, 0, 0</c1><c2>0, 0, 0</c2><c3>0, 0, 0</c3></rotation></pose><symmetry><x>twoFold</x><y>cylindrical</y><z>twoFold</z></symmetry><detectionScore>-1.0</detectionScore></element><element><id>1</id><category>wall</category><bounds><corner1>-0.10487478944661577, -2.4478281729761715, -1.3630722416881955</corner1><corner2>0.10487478944661577, 2.4478281729761715, 1.3630722416881955</corner2></bounds><pose><translation>3.913489284535618, 6.070939338629762, -0.06668021348628608</translation><rotation><c1>0, 0, 0</c1><c2>0, 0, 0</c2><c3>0, 0, 0</c3></rotation></pose><symmetry><x>twoFold</x><y>cylindrical</y><z>twoFold</z></symmetry><detectionScore>-1.0</detectionScore></element><element><id>2</id><category>column</category><bounds><corner1>-0.08832947754009446, -1.1206330673914664, -1.268655017780067</corner1><corner2>0.08832947754009446, 1.1206330673914664, 1.268655017780067</corner2></bounds><pose><translation>3.946613381303149, 5.4347659968715805, 0.03141553174880066</translation><rotation><c1>0, 0, 0</c1><c2>0, 0, 0</c2><c3>0, 0, 0</c3></rotation></pose><symmetry><x>twoFold</x><y>cylindrical</y><z>twoFold</z></symmetry><detectionScore>-1.0</detectionScore></element><element><id>3</id><category>kitchen_cabinet</category><bounds><corner1>-0.5774074125259632, -0.685698362749434, -0.811366694038208</corner1><corner2>0.5774074125259632, 0.685698362749434, 0.811366694038208</corner2></bounds><pose><translation>3.5937263569000835, 1.0833644211553124, -0.7911845181201924</translation><rotation><c1>0, 0, 0</c1><c2>0, 0, 0</c2><c3>0, 0, 0</c3></rotation></pose><symmetry><x>twoFold</x><y>cylindrical</y><z>twoFold</z></symmetry><detectionScore>-1.0</detectionScore></element><element><id>4</id><category>armchair</category><bounds><corner1>-2.7309688732310367, -3.3815624550015357, -0.1965839462133313</corner1><corner2>2.7309688732310367, 3.3815624550015357, 0.1965839462133313</corner2></bounds><pose><translation>1.2593086618997946, 1.9189781032684134, -0.9037429586779047</translation><rotation><c1>0, 0, 0</c1><c2>0, 0, 0</c2><c3>0, 0, 0</c3></rotation></pose><symmetry><x>twoFold</x><y>cylindrical</y><z>twoFold</z></symmetry><detectionScore>-1.0</detectionScore></element><element><id>5</id><category>wall</category><bounds><corner1>-0.5363174486632225, -2.6000887837154867, -1.4515960055547137</corner1><corner2>0.5363174486632225, 2.6000887837154867, 1.4515960055547137</corner2></bounds><pose><translation>3.6592899767083473, 0.07452180090702734, -0.10925345466157443</translation><rotation><c1>0, 0, 0</c1><c2>0, 0, 0</c2><c3>0, 0, 0</c3></rotation></pose><symmetry><x>twoFold</x><y>cylindrical</y><z>twoFold</z></symmetry><detectionScore>-1.0</detectionScore></element><element><id>6</id><category>chair</category><bounds><corner1>-0.6572376329650897, -0.8465215956545575, -0.08707748237311674</corner1><corner2>0.6572376329650897, 0.8465215956545575, 0.08707748237311674</corner2></bounds><pose><translation>0.6856194803681956, 1.902049774846544, -0.9234508982863116</translation><rotation><c1>0, 0, 0</c1><c2>0, 0, 0</c2><c3>0, 0, 0</c3></rotation></pose><symmetry><x>twoFold</x><y>cylindrical</y><z>twoFold</z></symmetry><detectionScore>-1.0</detectionScore></element><element><id>7</id><category>armchair</category><bounds><corner1>-0.6991132292263537, -4.259391149351276, -0.2680990553573729</corner1><corner2>0.6991132292263537, 4.259391149351276, 0.2680990553573729</corner2></bounds><pose><translation>0.11722753902644105, 1.9367752798573312, -1.00100585852348</translation><rotation><c1>0, 0, 0</c1><c2>0, 0, 0</c2><c3>0, 0, 0</c3></rotation></pose><symmetry><x>twoFold</x><y>cylindrical</y><z>twoFold</z></symmetry><detectionScore>-1.0</detectionScore></element><element><id>8</id><category>dining_table</category><bounds><corner1>-0.6440259356207885, -0.14400054316609423, -0.0702175545048418</corner1><corner2>0.6440259356207885, 0.14400054316609423, 0.0702175545048418</corner2></bounds><pose><translation>0.8516915324396184, 1.7251322081782174, -0.9110417786760121</translation><rotation><c1>0, 0, 0</c1><c2>0, 0, 0</c2><c3>0, 0, 0</c3></rotation></pose><symmetry><x>twoFold</x><y>cylindrical</y><z>twoFold</z></symmetry><detectionScore>-1.0</detectionScore></element><element><id>9</id><category>dining_table</category><bounds><corner1>-2.1466431239447172, -1.62497939677626, -0.07138961095483465</corner1><corner2>2.1466431239447172, 1.62497939677626, 0.07138961095483465</corner2></bounds><pose><translation>0.8705030594034951, 2.10438162158101, -0.8856638694341217</translation><rotation><c1>0, 0, 0</c1><c2>0, 0, 0</c2><c3>0, 0, 0</c3></rotation></pose><symmetry><x>twoFold</x><y>cylindrical</y><z>twoFold</z></symmetry><detectionScore>-1.0</detectionScore></element><element><id>10</id><category>dining_table</category><bounds><corner1>-3.1889027377109573, -4.249131157501461, -0.19504747572008752</corner1><corner2>3.1889027377109573, 4.249131157501461, 0.19504747572008752</corner2></bounds><pose><translation>0.8008830326037346, 1.9584114286189993, -0.9044476685293247</translation><rotation><c1>0, 0, 0</c1><c2>0, 0, 0</c2><c3>0, 0, 0</c3></rotation></pose><symmetry><x>twoFold</x><y>cylindrical</y><z>twoFold</z></symmetry><detectionScore>-1.0</detectionScore></element><element><id>11</id><category>wall</category><bounds><corner1>-2.2354765190266583, -0.17383813263116643, -1.4076977523335787</corner1><corner2>2.2354765190266583, 0.17383813263116643, 1.4076977523335787</corner2></bounds><pose><translation>1.6400577375313241, 8.932797413786359, -0.1463140767505178</translation><rotation><c1>0, 0, 0</c1><c2>0, 0, 0</c2><c3>0, 0, 0</c3></rotation></pose><symmetry><x>twoFold</x><y>cylindrical</y><z>twoFold</z></symmetry><detectionScore>-1.0</detectionScore></element><element><id>12</id><category>curtain</category><bounds><corner1>-0.3902636899785471, -2.131214098015999, -1.219658424999388</corner1><corner2>0.3902636899785471, 2.131214098015999, 1.219658424999388</corner2></bounds><pose><translation>-1.0780280577484689, 2.7366121699653148, 0.19284449534384568</translation><rotation><c1>0, 0, 0</c1><c2>0, 0, 0</c2><c3>0, 0, 0</c3></rotation></pose><symmetry><x>twoFold</x><y>cylindrical</y><z>twoFold</z></symmetry><detectionScore>-1.0</detectionScore></element><element><id>13</id><category>kitchen_cabinet</category><bounds><corner1>-0.9309795351873547, -0.1747290666652892, -0.40077858531224275</corner1><corner2>0.9309795351873547, 0.1747290666652892, 0.40077858531224275</corner2></bounds><pose><translation>-0.48098430166120487, -1.499359519610544, -0.9350082087492451</translation><rotation><c1>0, 0, 0</c1><c2>0, 0, 0</c2><c3>0, 0, 0</c3></rotation></pose><symmetry><x>twoFold</x><y>cylindrical</y><z>twoFold</z></symmetry><detectionScore>-1.0</detectionScore></element><element><id>14</id><category>door</category><bounds><corner1>-0.09641345350173536, -1.7460754806266028, -1.4665847353172918</corner1><corner2>0.09641345350173536, 1.7460754806266028, 1.4665847353172918</corner2></bounds><pose><translation>3.9396925883336444, 5.54565173358821, -0.18202784166571867</translation><rotation><c1>0, 0, 0</c1><c2>0, 0, 0</c2><c3>0, 0, 0</c3></rotation></pose><symmetry><x>twoFold</x><y>cylindrical</y><z>twoFold</z></symmetry><detectionScore>-1.0</detectionScore></element><element><id>15</id><category>kitchen_cabinet</category><bounds><corner1>-0.5828296743296448, -1.7102914247409085, -1.2282757815717371</corner1><corner2>0.5828296743296448, 1.7102914247409085, 1.2282757815717371</corner2></bounds><pose><translation>3.5939477637423654, -0.9461129944298095, -0.4399780445574527</translation><rotation><c1>0, 0, 0</c1><c2>0, 0, 0</c2><c3>0, 0, 0</c3></rotation></pose><symmetry><x>twoFold</x><y>cylindrical</y><z>twoFold</z></symmetry><detectionScore>-1.0</detectionScore></element><element><id>16</id><category>window</category><bounds><corner1>-0.2001114952291696, -1.736456246168773, -1.2558382735566977</corner1><corner2>0.2001114952291696, 1.736456246168773, 1.2558382735566977</corner2></bounds><pose><translation>-1.0889215526061156, 2.7165023488709963, 0.11548359946566311</translation><rotation><c1>0, 0, 0</c1><c2>0, 0, 0</c2><c3>0, 0, 0</c3></rotation></pose><symmetry><x>twoFold</x><y>cylindrical</y><z>twoFold</z></symmetry><detectionScore>-1.0</detectionScore></element></elements></scene>