<?xml version='1.0' encoding='utf-8'?>
<scene xmlns:sumo="https://www.sumochallenge.org"><version>2.0</version><categories><id>fb_categories_v1.0</id><url>https://sumochallenge.org/en/categories-1_0.json</url></categories><project_type>bounding_box</project_type><elements><element><id>5</id><category>television</category><bounds><corner1>-0.09089989, -0.51449231, -0.66298322</corner1><corner2>0.09089989, 0.51449231, 0.66298322</corner2></bounds><pose><translation>1.78468839, 0.67523526, 2.77122052</translation><rotation><c1>1., 0., 0.</c1><c2>0., 1., 0.</c2><c3>0., 0., 1.</c3></rotation></pose><symmetry><x>none</x><y>none</y><z>twoFold</z></symmetry><detectionScore>0.9987237</detectionScore></element><element><id>15</id><category>kitchen_cabinet</category><bounds><corner1>-1.06007152, -0.51047532, -0.64555248</corner1><corner2>1.06007152, 0.51047532, 0.64555248</corner2></bounds><pose><translation>-3.21316587, -1.09889974, -1.08922968</translation><rotation><c1>1., 0., 0.</c1><c2>0., 1., 0.</c2><c3>0., 0., 1.</c3></rotation></pose><symmetry><x>none</x><y>none</y><z>none</z></symmetry><detectionScore>0.97817194</detectionScore></element><element><id>10</id><category>plant</category><bounds><corner1>-0.26009101, -0.64174375, -0.33346835</corner1><corner2>0.26009101, 0.64174375, 0.33346835</corner2></bounds><pose><translation> 1.62776714, -0.95191241,  6.00943218</translation><rotation><c1>1., 0., 0.</c1><c2>0., 1., 0.</c2><c3>0., 0., 1.</c3></rotation></pose><symmetry><x>none</x><y>cylindrical</y><z>none</z></symmetry><detectionScore>0.9195839</detectionScore></element><element><id>3</id><category>plant</category><bounds><corner1>-1.58637876, -0.65487026, -0.55042872</corner1><corner2>1.58637876, 0.65487026, 0.55042872</corner2></bounds><pose><translation>-4.42789619, -0.7420947 ,  5.77370512</translation><rotation><c1>1., 0., 0.</c1><c2>0., 1., 0.</c2><c3>0., 0., 1.</c3></rotation></pose><symmetry><x>none</x><y>cylindrical</y><z>none</z></symmetry><detectionScore>0.55349636</detectionScore></element><element><id>4</id><category>arch</category><bounds><corner1>-7.80324085, -1.85657189, -2.11635671</corner1><corner2>7.80324085, 1.85657189, 2.11635671</corner2></bounds><pose><translation> 2.53594186, -0.6606702 ,  0.58257755</translation><rotation><c1>1., 0., 0.</c1><c2>0., 1., 0.</c2><c3>0., 0., 1.</c3></rotation></pose><symmetry><x>none</x><y>twoFold</y><z>none</z></symmetry><detectionScore>0.9940996</detectionScore></element><element><id>6</id><category>wall</category><bounds><corner1>-0.84057024, -1.31345966, -2.44541799</corner1><corner2>0.84057024, 1.31345966, 2.44541799</corner2></bounds><pose><translation>-4.57076795, -0.17533128,  0.82506549</translation><rotation><c1>1., 0., 0.</c1><c2>0., 1., 0.</c2><c3>0., 0., 1.</c3></rotation></pose><symmetry><x>none</x><y>twoFold</y><z>none</z></symmetry><detectionScore>0.8299259</detectionScore></element><element><id>11</id><category>kitchen_cabinet</category><bounds><corner1>-0.44893857, -0.46588932, -0.14226063</corner1><corner2>0.44893857, 0.46588932, 0.14226063</corner2></bounds><pose><translation>-2.11096835, -0.96401594, -1.0986694 </translation><rotation><c1>1., 0., 0.</c1><c2>0., 1., 0.</c2><c3>0., 0., 1.</c3></rotation></pose><symmetry><x>none</x><y>none</y><z>none</z></symmetry><detectionScore>0.8607213</detectionScore></element><element><id>12</id><category>window</category><bounds><corner1>-0.97457306, -1.02626144, -0.07097026</corner1><corner2>0.97457306, 1.02626144, 0.07097026</corner2></bounds><pose><translation> 0.24717338,  0.0469987 , -1.80495129</translation><rotation><c1>1., 0., 0.</c1><c2>0., 1., 0.</c2><c3>0., 0., 1.</c3></rotation></pose><symmetry><x>none</x><y>twoFold</y><z>none</z></symmetry><detectionScore>0.83373374</detectionScore></element><element><id>2</id><category>chair</category><bounds><corner1>-0.33790535, -0.53767522, -1.61184133</corner1><corner2>0.33790535, 0.53767522, 1.61184133</corner2></bounds><pose><translation>-0.02296581, -1.44512319,  1.94594927</translation><rotation><c1>1., 0., 0.</c1><c2>0., 1., 0.</c2><c3>0., 0., 1.</c3></rotation></pose><symmetry><x>none</x><y>none</y><z>none</z></symmetry><detectionScore>0.9797151</detectionScore></element><element><id>1</id><category>wall</category><bounds><corner1>-6.82268694, -1.11762074, -2.80429647</corner1><corner2>6.82268694, 1.11762074, 2.80429647</corner2></bounds><pose><translation> 1.01349378e+01,  5.47854286e-03, -3.16451615e-01</translation><rotation><c1>1., 0., 0.</c1><c2>0., 1., 0.</c2><c3>0., 0., 1.</c3></rotation></pose><symmetry><x>none</x><y>twoFold</y><z>none</z></symmetry><detectionScore>0.77802837</detectionScore></element><element><id>13</id><category>floor_lamp</category><bounds><corner1>-0.07353013, -0.632995  , -0.02796519</corner1><corner2>0.07353013, 0.632995  , 0.02796519</corner2></bounds><pose><translation>-1.02017359, -0.60217962, -1.39797806</translation><rotation><c1>1., 0., 0.</c1><c2>0., 1., 0.</c2><c3>0., 0., 1.</c3></rotation></pose><symmetry><x>none</x><y>cylindrical</y><z>none</z></symmetry><detectionScore>0.978729</detectionScore></element><element><id>16</id><category>door</category><bounds><corner1>-0.67402526, -1.09854256, -4.45665064</corner1><corner2>0.67402526, 1.09854256, 4.45665064</corner2></bounds><pose><translation>-0.67402526, -0.07856325,  5.38346799</translation><rotation><c1>1., 0., 0.</c1><c2>0., 1., 0.</c2><c3>0., 0., 1.</c3></rotation></pose><symmetry><x>twoFold</x><y>twoFold</y><z>twoFold</z></symmetry><detectionScore>0.922796</detectionScore></element><element><id>9</id><category>kitchen_cabinet</category><bounds><corner1>-0.09184141, -0.38270466, -0.7141759 </corner1><corner2>0.09184141, 0.38270466, 0.7141759 </corner2></bounds><pose><translation>-3.90793574, -1.01736358,  0.26217852</translation><rotation><c1>1., 0., 0.</c1><c2>0., 1., 0.</c2><c3>0., 0., 1.</c3></rotation></pose><symmetry><x>none</x><y>none</y><z>none</z></symmetry><detectionScore>0.70683426</detectionScore></element><element><id>7</id><category>kitchen_cabinet</category><bounds><corner1>-0.08321989, -0.38511208, -0.69100032</corner1><corner2>0.08321989, 0.38511208, 0.69100032</corner2></bounds><pose><translation>-3.92149369, -1.01009755,  1.09697575</translation><rotation><c1>1., 0., 0.</c1><c2>0., 1., 0.</c2><c3>0., 0., 1.</c3></rotation></pose><symmetry><x>none</x><y>none</y><z>none</z></symmetry><detectionScore>0.72663754</detectionScore></element><element><id>14</id><category>heater</category><bounds><corner1>-0.08664858, -0.28828281, -0.576836  </corner1><corner2>0.08664858, 0.28828281, 0.576836  </corner2></bounds><pose><translation>-4.49621752, -0.97103937,  2.99428108</translation><rotation><c1>1., 0., 0.</c1><c2>0., 1., 0.</c2><c3>0., 0., 1.</c3></rotation></pose><symmetry><x>twoFold</x><y>twoFold</y><z>twoFold</z></symmetry><detectionScore>0.56708634</detectionScore></element></elements></scene>