<?xml version='1.0' encoding='utf-8'?>
<scene xmlns:sumo="https://www.sumochallenge.org"><version>2.0</version><categories><id>fb_categories_v1.0</id><url>https://sumochallenge.org/en/categories-1_0.json</url></categories><project_type>bounding_box</project_type><elements><element><id>18</id><category>person</category><bounds><corner1>-0.14895165, -0.86814396, -5.51373396</corner1><corner2>0.14895165, 0.86814396, 5.51373396</corner2></bounds><pose><translation>-5.39028351, -0.70740275,  3.61340323</translation><rotation><c1>1., 0., 0.</c1><c2>0., 1., 0.</c2><c3>0., 0., 1.</c3></rotation></pose><symmetry><x>none</x><y>none</y><z>none</z></symmetry><detectionScore>-1</detectionScore></element><element><id>15</id><category>kitchen_cabinet</category><bounds><corner1>-0.41698412, -0.35330179, -0.33041466</corner1><corner2>0.41698412, 0.35330179, 0.33041466</corner2></bounds><pose><translation> 1.73595361, -1.03120004,  0.35458541</translation><rotation><c1>1., 0., 0.</c1><c2>0., 1., 0.</c2><c3>0., 0., 1.</c3></rotation></pose><symmetry><x>none</x><y>none</y><z>none</z></symmetry><detectionScore>-1</detectionScore></element><element><id>7</id><category>trash_can</category><bounds><corner1>-0.15762582, -0.38881035, -0.07517781</corner1><corner2>0.15762582, 0.38881035, 0.07517781</corner2></bounds><pose><translation>-3.30821985, -0.90773711, -4.5819127 </translation><rotation><c1>1., 0., 0.</c1><c2>0., 1., 0.</c2><c3>0., 0., 1.</c3></rotation></pose><symmetry><x>none</x><y>none</y><z>none</z></symmetry><detectionScore>-1</detectionScore></element><element><id>9</id><category>trash_can</category><bounds><corner1>-0.52721744, -0.43410285, -0.07814812</corner1><corner2>0.52721744, 0.43410285, 0.07814812</corner2></bounds><pose><translation>-3.20035524, -0.91240741, -4.58963542</translation><rotation><c1>1., 0., 0.</c1><c2>0., 1., 0.</c2><c3>0., 0., 1.</c3></rotation></pose><symmetry><x>none</x><y>none</y><z>none</z></symmetry><detectionScore>-1</detectionScore></element><element><id>5</id><category>kitchen_cabinet</category><bounds><corner1>-0.6431011 , -0.32695585, -0.31192278</corner1><corner2>0.6431011 , 0.32695585, 0.31192278</corner2></bounds><pose><translation> 1.7470087 , -1.01045872, -0.28644326</translation><rotation><c1>1., 0., 0.</c1><c2>0., 1., 0.</c2><c3>0., 0., 1.</c3></rotation></pose><symmetry><x>none</x><y>none</y><z>none</z></symmetry><detectionScore>-1</detectionScore></element><element><id>16</id><category>person</category><bounds><corner1>-2.29673047, -0.65026796, -1.47005466</corner1><corner2>2.29673047, 0.65026796, 1.47005466</corner2></bounds><pose><translation>-2.29673047, -0.61854786,  3.815659  </translation><rotation><c1>1., 0., 0.</c1><c2>0., 1., 0.</c2><c3>0., 0., 1.</c3></rotation></pose><symmetry><x>none</x><y>none</y><z>none</z></symmetry><detectionScore>-1</detectionScore></element><element><id>4</id><category>wall</category><bounds><corner1>-0.03834587, -1.3880605 , -3.04437143</corner1><corner2>0.03834587, 1.3880605 , 3.04437143</corner2></bounds><pose><translation> 1.73796438, -0.19389758,  3.19217216</translation><rotation><c1>1., 0., 0.</c1><c2>0., 1., 0.</c2><c3>0., 0., 1.</c3></rotation></pose><symmetry><x>none</x><y>none</y><z>none</z></symmetry><detectionScore>-1</detectionScore></element><element><id>11</id><category>wall</category><bounds><corner1>-1.65836833, -1.2512834 , -0.28339097</corner1><corner2>1.65836833, 1.2512834 , 0.28339097</corner2></bounds><pose><translation>-0.35019735, -0.08111656,  9.01555763</translation><rotation><c1>1., 0., 0.</c1><c2>0., 1., 0.</c2><c3>0., 0., 1.</c3></rotation></pose><symmetry><x>none</x><y>none</y><z>none</z></symmetry><detectionScore>-1</detectionScore></element><element><id>10</id><category>person</category><bounds><corner1>-0.15515123, -1.92164669, -0.28306522</corner1><corner2>0.15515123, 1.92164669, 0.28306522</corner2></bounds><pose><translation>-1.95711855, -0.76606515, -1.16471155</translation><rotation><c1>1., 0., 0.</c1><c2>0., 1., 0.</c2><c3>0., 0., 1.</c3></rotation></pose><symmetry><x>none</x><y>none</y><z>none</z></symmetry><detectionScore>-1</detectionScore></element><element><id>17</id><category>trash_can</category><bounds><corner1>-0.04021216, -0.46027078, -0.51444743</corner1><corner2>0.04021216, 0.46027078, 0.51444743</corner2></bounds><pose><translation>-2.49315837, -0.92823102,  0.11144882</translation><rotation><c1>1., 0., 0.</c1><c2>0., 1., 0.</c2><c3>0., 0., 1.</c3></rotation></pose><symmetry><x>none</x><y>none</y><z>none</z></symmetry><detectionScore>-1</detectionScore></element><element><id>6</id><category>trash_can</category><bounds><corner1>-0.2367657 , -0.43232057, -0.08560802</corner1><corner2>0.2367657 , 0.43232057, 0.08560802</corner2></bounds><pose><translation>-3.80923957, -0.93459445, -4.59333751</translation><rotation><c1>1., 0., 0.</c1><c2>0., 1., 0.</c2><c3>0., 0., 1.</c3></rotation></pose><symmetry><x>none</x><y>none</y><z>none</z></symmetry><detectionScore>-1</detectionScore></element><element><id>19</id><category>wall</category><bounds><corner1>-0.04544155, -1.38591067, -0.62986648</corner1><corner2>0.04544155, 1.38591067, 0.62986648</corner2></bounds><pose><translation> 1.7411031 , -0.19409483, -3.07874114</translation><rotation><c1>1., 0., 0.</c1><c2>0., 1., 0.</c2><c3>0., 0., 1.</c3></rotation></pose><symmetry><x>none</x><y>none</y><z>none</z></symmetry><detectionScore>-1</detectionScore></element><element><id>13</id><category>person</category><bounds><corner1>-1.44591681, -1.48677232, -6.5531736 </corner1><corner2>1.44591681, 1.48677232, 6.5531736 </corner2></bounds><pose><translation> 0.28044224, -0.91323894,  2.60486943</translation><rotation><c1>1., 0., 0.</c1><c2>0., 1., 0.</c2><c3>0., 0., 1.</c3></rotation></pose><symmetry><x>none</x><y>none</y><z>none</z></symmetry><detectionScore>-1</detectionScore></element><element><id>3</id><category>kitchen_cabinet</category><bounds><corner1>-0.39689777, -0.49006207, -0.36990815</corner1><corner2>0.39689777, 0.49006207, 0.36990815</corner2></bounds><pose><translation> 1.73303905, -0.96180632,  0.93970606</translation><rotation><c1>1., 0., 0.</c1><c2>0., 1., 0.</c2><c3>0., 0., 1.</c3></rotation></pose><symmetry><x>none</x><y>none</y><z>none</z></symmetry><detectionScore>-1</detectionScore></element><element><id>2</id><category>person</category><bounds><corner1>-2.72650541, -1.27560769, -1.3403785 </corner1><corner2>2.72650541, 1.27560769, 1.3403785 </corner2></bounds><pose><translation> 1.43294323, -0.68575367,  1.13878141</translation><rotation><c1>1., 0., 0.</c1><c2>0., 1., 0.</c2><c3>0., 0., 1.</c3></rotation></pose><symmetry><x>none</x><y>none</y><z>none</z></symmetry><detectionScore>-1</detectionScore></element><element><id>12</id><category>person</category><bounds><corner1>-2.2917732 , -0.64562629, -0.31927257</corner1><corner2>2.2917732 , 0.64562629, 0.31927257</corner2></bounds><pose><translation> 1.97910274, -0.49800453, -0.89092313</translation><rotation><c1>1., 0., 0.</c1><c2>0., 1., 0.</c2><c3>0., 0., 1.</c3></rotation></pose><symmetry><x>none</x><y>none</y><z>none</z></symmetry><detectionScore>-1</detectionScore></element><element><id>8</id><category>person</category><bounds><corner1>-0.3469175 , -0.93886775, -0.5949529 </corner1><corner2>0.3469175 , 0.93886775, 0.5949529 </corner2></bounds><pose><translation>-1.8311137 , -0.6014916 , -4.59593623</translation><rotation><c1>1., 0., 0.</c1><c2>0., 1., 0.</c2><c3>0., 0., 1.</c3></rotation></pose><symmetry><x>none</x><y>none</y><z>none</z></symmetry><detectionScore>-1</detectionScore></element><element><id>1</id><category>wall</category><bounds><corner1>-0.66555822, -1.1696181 , -2.32108643</corner1><corner2>0.66555822, 1.1696181 , 2.32108643</corner2></bounds><pose><translation> 4.23393231, -0.0929945 ,  0.09685231</translation><rotation><c1>1., 0., 0.</c1><c2>0., 1., 0.</c2><c3>0., 0., 1.</c3></rotation></pose><symmetry><x>none</x><y>none</y><z>none</z></symmetry><detectionScore>-1</detectionScore></element><element><id>14</id><category>kitchen_cabinet</category><bounds><corner1>-0.36512551, -0.4201378 , -0.36758444</corner1><corner2>0.36512551, 0.4201378 , 0.36758444</corner2></bounds><pose><translation> 1.75099101, -1.00424785, -0.90408846</translation><rotation><c1>1., 0., 0.</c1><c2>0., 1., 0.</c2><c3>0., 0., 1.</c3></rotation></pose><symmetry><x>none</x><y>none</y><z>none</z></symmetry><detectionScore>-1</detectionScore></element></elements></scene>