<?xml version='1.0' encoding='utf-8'?>
<scene xmlns:sumo="https://www.sumochallenge.org"><version>2.0</version><categories><id>fb_categories_v1.0</id><url>https://sumochallenge.org/en/categories-1_0.json</url></categories><project_type>bounding_box</project_type><elements><element><id>6</id><category>door</category><bounds><corner1>-0.73657571, -1.11863415, -2.70797708</corner1><corner2>0.73657571, 1.11863415, 2.70797708</corner2></bounds><pose><translation>-1.10281733, -0.42079678,  3.01778195</translation><rotation><c1>1., 0., 0.</c1><c2>0., 1., 0.</c2><c3>0., 0., 1.</c3></rotation></pose><symmetry><x>none</x><y>none</y><z>none</z></symmetry><detectionScore>-1</detectionScore></element><element><id>7</id><category>range_hood</category><bounds><corner1>-0.48238053, -0.49749131, -0.79322221</corner1><corner2>0.48238053, 0.49749131, 0.79322221</corner2></bounds><pose><translation>-3.60426402,  0.69931916,  0.41703399</translation><rotation><c1>1., 0., 0.</c1><c2>0., 1., 0.</c2><c3>0., 0., 1.</c3></rotation></pose><symmetry><x>none</x><y>none</y><z>none</z></symmetry><detectionScore>-1</detectionScore></element><element><id>5</id><category>knife_rack</category><bounds><corner1>-0.21636076, -0.15517163, -0.3040796 </corner1><corner2>0.21636076, 0.15517163, 0.3040796 </corner2></bounds><pose><translation>-1.1551768 , -0.46236523, -1.8700576 </translation><rotation><c1>1., 0., 0.</c1><c2>0., 1., 0.</c2><c3>0., 0., 1.</c3></rotation></pose><symmetry><x>none</x><y>none</y><z>none</z></symmetry><detectionScore>-1</detectionScore></element><element><id>3</id><category>door</category><bounds><corner1>-0.05328404, -1.04941148, -0.54410806</corner1><corner2>0.05328404, 1.04941148, 0.54410806</corner2></bounds><pose><translation> 3.18980447, -0.40238849, -0.72096057</translation><rotation><c1>1., 0., 0.</c1><c2>0., 1., 0.</c2><c3>0., 0., 1.</c3></rotation></pose><symmetry><x>none</x><y>none</y><z>none</z></symmetry><detectionScore>-1</detectionScore></element><element><id>9</id><category>wall</category><bounds><corner1>-0.05586527, -1.18288717, -2.35503087</corner1><corner2>0.05586527, 1.18288717, 2.35503087</corner2></bounds><pose><translation> 3.16492405, -0.05222461,  0.46563125</translation><rotation><c1>1., 0., 0.</c1><c2>0., 1., 0.</c2><c3>0., 0., 1.</c3></rotation></pose><symmetry><x>none</x><y>none</y><z>none</z></symmetry><detectionScore>-1</detectionScore></element><element><id>4</id><category>wall</category><bounds><corner1>-1.34908412, -1.17998187, -1.93246665</corner1><corner2>1.34908412, 1.17998187, 1.93246665</corner2></bounds><pose><translation>-3.47818932, -0.09060301,  0.34303483</translation><rotation><c1>1., 0., 0.</c1><c2>0., 1., 0.</c2><c3>0., 0., 1.</c3></rotation></pose><symmetry><x>none</x><y>none</y><z>none</z></symmetry><detectionScore>-1</detectionScore></element><element><id>2</id><category>television</category><bounds><corner1>-0.05218768, -0.34767095, -0.55107421</corner1><corner2>0.05218768, 0.34767095, 0.55107421</corner2></bounds><pose><translation>3.13103865, 0.3814848 , 1.50569059</translation><rotation><c1>1., 0., 0.</c1><c2>0., 1., 0.</c2><c3>0., 0., 1.</c3></rotation></pose><symmetry><x>none</x><y>none</y><z>none</z></symmetry><detectionScore>-1</detectionScore></element><element><id>1</id><category>plant</category><bounds><corner1>-0.49710484, -0.38088748, -0.69304338</corner1><corner2>0.49710484, 0.38088748, 0.69304338</corner2></bounds><pose><translation>-0.61160278, -1.07110309, -1.65302861</translation><rotation><c1>1., 0., 0.</c1><c2>0., 1., 0.</c2><c3>0., 0., 1.</c3></rotation></pose><symmetry><x>none</x><y>none</y><z>none</z></symmetry><detectionScore>-1</detectionScore></element><element><id>8</id><category>plant</category><bounds><corner1>-0.34710344, -0.40028322, -0.29980225</corner1><corner2>0.34710344, 0.40028322, 0.29980225</corner2></bounds><pose><translation> 2.84491021, -1.11963638, -1.70951473</translation><rotation><c1>1., 0., 0.</c1><c2>0., 1., 0.</c2><c3>0., 0., 1.</c3></rotation></pose><symmetry><x>none</x><y>none</y><z>none</z></symmetry><detectionScore>-1</detectionScore></element></elements></scene>