<?xml version='1.0' encoding='utf-8'?>
<scene xmlns:sumo="https://www.sumochallenge.org"><version>2.0</version><categories><id>fb_categories_v1.0</id><url>https://sumochallenge.org/en/categories-1_0.json</url></categories><project_type>bounding_box</project_type><elements><element><id>2</id><category>fish_tank</category><bounds><corner1>-0.62344909, -0.72612119, -0.43686404</corner1><corner2>0.62344909, 0.72612119, 0.43686404</corner2></bounds><pose><translation> 3.33187362, -0.74281557, -1.61479723</translation><rotation><c1>1., 0., 0.</c1><c2>0., 1., 0.</c2><c3>0., 0., 1.</c3></rotation></pose><symmetry><x>none</x><y>none</y><z>none</z></symmetry><detectionScore>0.9990978</detectionScore></element><element><id>4</id><category>door</category><bounds><corner1>-0.42482658, -1.40038804, -0.85851463</corner1><corner2>0.42482658, 1.40038804, 0.85851463</corner2></bounds><pose><translation>-2.4828586 , -0.55107838, -2.07242484</translation><rotation><c1>1., 0., 0.</c1><c2>0., 1., 0.</c2><c3>0., 0., 1.</c3></rotation></pose><symmetry><x>twoFold</x><y>twoFold</y><z>twoFold</z></symmetry><detectionScore>0.8236673</detectionScore></element><element><id>1</id><category>wall</category><bounds><corner1>-0.48679977, -1.25104557, -1.66554373</corner1><corner2>0.48679977, 1.25104557, 1.66554373</corner2></bounds><pose><translation>-2.57988337, -0.09018343, -0.18868221</translation><rotation><c1>1., 0., 0.</c1><c2>0., 1., 0.</c2><c3>0., 0., 1.</c3></rotation></pose><symmetry><x>none</x><y>twoFold</y><z>none</z></symmetry><detectionScore>0.8267812</detectionScore></element><element><id>3</id><category>wall</category><bounds><corner1>-0.09253755, -1.28820372, -1.70320439</corner1><corner2>0.09253755, 1.28820372, 1.70320439</corner2></bounds><pose><translation> 4.06834619, -0.18768853, -0.2376618 </translation><rotation><c1>1., 0., 0.</c1><c2>0., 1., 0.</c2><c3>0., 0., 1.</c3></rotation></pose><symmetry><x>none</x><y>twoFold</y><z>none</z></symmetry><detectionScore>0.9849679</detectionScore></element></elements></scene>