<?xml version='1.0' encoding='utf-8'?>
<scene xmlns:sumo="https://www.sumochallenge.org"><version>2.0</version><categories><id>fb_categories_v1_0</id><url>https://sumochallenge.org/en/categories-1_0.json</url></categories><project_type>bounding_box</project_type><elements><element><id>0</id><category>door</category><bounds><corner1>-0.9393342674807047, -2.1165244078051266, -1.32315994392284</corner1><corner2>0.9393342674807047, 2.1165244078051266, 1.32315994392284</corner2></bounds><pose><translation>-1.6481453570792115, 3.9989100489902762, -0.38396039052606235</translation><rotation><c1>0, 0, 0</c1><c2>0, 0, 0</c2><c3>0, 0, 0</c3></rotation></pose><symmetry><x>twoFold</x><y>cylindrical</y><z>twoFold</z></symmetry><detectionScore>-1.0</detectionScore></element><element><id>1</id><category>dining_table</category><bounds><corner1>-0.9352902596180319, -1.719288432216163, -0.5840600475727203</corner1><corner2>0.9352902596180319, 1.719288432216163, 0.5840600475727203</corner2></bounds><pose><translation>-0.9929125300906423, 2.287267543915183, -1.2647686178526998</translation><rotation><c1>0, 0, 0</c1><c2>0, 0, 0</c2><c3>0, 0, 0</c3></rotation></pose><symmetry><x>twoFold</x><y>cylindrical</y><z>twoFold</z></symmetry><detectionScore>-1.0</detectionScore></element><element><id>2</id><category>refrigerator</category><bounds><corner1>-1.9061477819553732, -0.37921659124129314, -1.2086121513774113</corner1><corner2>1.9061477819553732, 0.37921659124129314, 1.2086121513774113</corner2></bounds><pose><translation>2.1119164709047116, -1.0815732032572503, -0.40872580552656046</translation><rotation><c1>0, 0, 0</c1><c2>0, 0, 0</c2><c3>0, 0, 0</c3></rotation></pose><symmetry><x>twoFold</x><y>cylindrical</y><z>twoFold</z></symmetry><detectionScore>-1.0</detectionScore></element><element><id>3</id><category>curtain</category><bounds><corner1>-0.11940065212120032, -1.3414521402208495, -1.1856319415647127</corner1><corner2>0.11940065212120032, 1.3414521402208495, 1.1856319415647127</corner2></bounds><pose><translation>4.09333771096067, 0.424272628316462, -0.012246011991354569</translation><rotation><c1>0, 0, 0</c1><c2>0, 0, 0</c2><c3>0, 0, 0</c3></rotation></pose><symmetry><x>twoFold</x><y>cylindrical</y><z>twoFold</z></symmetry><detectionScore>-1.0</detectionScore></element><element><id>4</id><category>wall</category><bounds><corner1>-0.9578488766931106, -2.77737203396524, -1.4196681920582634</corner1><corner2>0.9578488766931106, 2.77737203396524, 1.4196681920582634</corner2></bounds><pose><translation>-1.6623629481157105, 4.075175032153262, -0.10539173932643302</translation><rotation><c1>0, 0, 0</c1><c2>0, 0, 0</c2><c3>0, 0, 0</c3></rotation></pose><symmetry><x>twoFold</x><y>cylindrical</y><z>twoFold</z></symmetry><detectionScore>-1.0</detectionScore></element><element><id>5</id><category>window</category><bounds><corner1>-0.08594512347131822, -1.1432896507749037, -0.6948348736314471</corner1><corner2>0.08594512347131822, 1.1432896507749037, 0.6948348736314471</corner2></bounds><pose><translation>4.134570040417902, 0.44547244475265746, 0.17700312225857678</translation><rotation><c1>0, 0, 0</c1><c2>0, 0, 0</c2><c3>0, 0, 0</c3></rotation></pose><symmetry><x>twoFold</x><y>cylindrical</y><z>twoFold</z></symmetry><detectionScore>-1.0</detectionScore></element><element><id>6</id><category>curtain</category><bounds><corner1>-0.10591806115412572, -1.3748658493330979, -1.4201568951437706</corner1><corner2>0.10591806115412572, 1.3748658493330979, 1.4201568951437706</corner2></bounds><pose><translation>3.905555788977853, 5.18552508146819, -0.13568216194829433</translation><rotation><c1>0, 0, 0</c1><c2>0, 0, 0</c2><c3>0, 0, 0</c3></rotation></pose><symmetry><x>twoFold</x><y>cylindrical</y><z>twoFold</z></symmetry><detectionScore>-1.0</detectionScore></element><element><id>7</id><category>kitchen_cabinet</category><bounds><corner1>-1.3611154959114673, -0.6370263374405958, -0.4605939963186286</corner1><corner2>1.3611154959114673, 0.6370263374405958, 0.4605939963186286</corner2></bounds><pose><translation>2.7121932049896618, -0.7866000623236397, -0.8479619259267903</translation><rotation><c1>0, 0, 0</c1><c2>0, 0, 0</c2><c3>0, 0, 0</c3></rotation></pose><symmetry><x>twoFold</x><y>cylindrical</y><z>twoFold</z></symmetry><detectionScore>-1.0</detectionScore></element><element><id>8</id><category>floor_lamp</category><bounds><corner1>-0.7838451600507248, -2.125168912437793, -1.2874003072033668</corner1><corner2>0.7838451600507248, 2.125168912437793, 1.2874003072033668</corner2></bounds><pose><translation>-1.4564982689274126, 3.9575334609570496, -0.502384553912504</translation><rotation><c1>0, 0, 0</c1><c2>0, 0, 0</c2><c3>0, 0, 0</c3></rotation></pose><symmetry><x>twoFold</x><y>cylindrical</y><z>twoFold</z></symmetry><detectionScore>-1.0</detectionScore></element><element><id>9</id><category>wall</category><bounds><corner1>-1.55219538158565, -6.850972326746744, -1.4309848778922507</corner1><corner2>1.55219538158565, 6.850972326746744, 1.4309848778922507</corner2></bounds><pose><translation>3.4970137270560477, 6.89197774088319, -0.16908176971021444</translation><rotation><c1>0, 0, 0</c1><c2>0, 0, 0</c2><c3>0, 0, 0</c3></rotation></pose><symmetry><x>twoFold</x><y>cylindrical</y><z>twoFold</z></symmetry><detectionScore>-1.0</detectionScore></element><element><id>10</id><category>wall</category><bounds><corner1>-0.12918759515659506, -1.0849754669233391, -1.4188937785981448</corner1><corner2>0.12918759515659506, 1.0849754669233391, 1.4188937785981448</corner2></bounds><pose><translation>3.8693210307430235, 5.8697699106190795, -0.1362286394420532</translation><rotation><c1>0, 0, 0</c1><c2>0, 0, 0</c2><c3>0, 0, 0</c3></rotation></pose><symmetry><x>twoFold</x><y>cylindrical</y><z>twoFold</z></symmetry><detectionScore>-1.0</detectionScore></element><element><id>11</id><category>wall</category><bounds><corner1>-0.17161165843405346, -2.1898052324754094, -1.4607344948970837</corner1><corner2>0.17161165843405346, 2.1898052324754094, 1.4607344948970837</corner2></bounds><pose><translation>4.029352210628376, 0.507725733544273, -0.11739603872394944</translation><rotation><c1>0, 0, 0</c1><c2>0, 0, 0</c2><c3>0, 0, 0</c3></rotation></pose><symmetry><x>twoFold</x><y>cylindrical</y><z>twoFold</z></symmetry><detectionScore>-1.0</detectionScore></element><element><id>12</id><category>wall</category><bounds><corner1>-3.1554805713385465, -12.57661045090416, -1.3784688211480713</corner1><corner2>3.1554805713385465, 12.57661045090416, 1.3784688211480713</corner2></bounds><pose><translation>1.676249439592381, 6.95623291458841, -0.10015533628102503</translation><rotation><c1>0, 0, 0</c1><c2>0, 0, 0</c2><c3>0, 0, 0</c3></rotation></pose><symmetry><x>twoFold</x><y>cylindrical</y><z>twoFold</z></symmetry><detectionScore>-1.0</detectionScore></element><element><id>13</id><category>window</category><bounds><corner1>-0.7339817301362236, -1.9373678416721418, -1.1121635111247536</corner1><corner2>0.7339817301362236, 1.9373678416721418, 1.1121635111247536</corner2></bounds><pose><translation>-1.6796776687437822, 4.160981866932481, -0.003910615464830503</translation><rotation><c1>0, 0, 0</c1><c2>0, 0, 0</c2><c3>0, 0, 0</c3></rotation></pose><symmetry><x>twoFold</x><y>cylindrical</y><z>twoFold</z></symmetry><detectionScore>-1.0</detectionScore></element><element><id>14</id><category>floor_lamp</category><bounds><corner1>-0.4258088476801478, -0.5139515312794718, -0.8489600216781319</corner1><corner2>0.4258088476801478, 0.5139515312794718, 0.8489600216781319</corner2></bounds><pose><translation>-1.7882673231219204, 1.1920691460427821, -0.8533684275168901</translation><rotation><c1>0, 0, 0</c1><c2>0, 0, 0</c2><c3>0, 0, 0</c3></rotation></pose><symmetry><x>twoFold</x><y>cylindrical</y><z>twoFold</z></symmetry><detectionScore>-1.0</detectionScore></element><element><id>15</id><category>door</category><bounds><corner1>-0.5542758623646611, -0.4274559779689451, -1.2268985798271328</corner1><corner2>0.5542758623646611, 0.4274559779689451, 1.2268985798271328</corner2></bounds><pose><translation>4.053069940453726, 3.403338035676402, -0.42439003666258385</translation><rotation><c1>0, 0, 0</c1><c2>0, 0, 0</c2><c3>0, 0, 0</c3></rotation></pose><symmetry><x>twoFold</x><y>cylindrical</y><z>twoFold</z></symmetry><detectionScore>-1.0</detectionScore></element><element><id>16</id><category>curtain</category><bounds><corner1>-0.4911381328897657, -1.5354885050951141, -1.628256505717243</corner1><corner2>0.4911381328897657, 1.5354885050951141, 1.628256505717243</corner2></bounds><pose><translation>-1.9126219496201213, -0.06288247539077126, -0.1870877521523516</translation><rotation><c1>0, 0, 0</c1><c2>0, 0, 0</c2><c3>0, 0, 0</c3></rotation></pose><symmetry><x>twoFold</x><y>cylindrical</y><z>twoFold</z></symmetry><detectionScore>-1.0</detectionScore></element><element><id>17</id><category>wall</category><bounds><corner1>-0.5165449420076942, -1.7724546283189302, -1.6230599619180783</corner1><corner2>0.5165449420076942, 1.7724546283189302, 1.6230599619180783</corner2></bounds><pose><translation>-1.8961522716192067, 0.02237490525231188, -0.14350019226788763</translation><rotation><c1>0, 0, 0</c1><c2>0, 0, 0</c2><c3>0, 0, 0</c3></rotation></pose><symmetry><x>twoFold</x><y>cylindrical</y><z>twoFold</z></symmetry><detectionScore>-1.0</detectionScore></element><element><id>18</id><category>wall</category><bounds><corner1>-0.5568743329959327, -1.2019710995482513, -1.4116262216922382</corner1><corner2>0.5568743329959327, 1.2019710995482513, 1.4116262216922382</corner2></bounds><pose><translation>4.028192480174989, 2.593051186855638, -0.143984069035388</translation><rotation><c1>0, 0, 0</c1><c2>0, 0, 0</c2><c3>0, 0, 0</c3></rotation></pose><symmetry><x>twoFold</x><y>cylindrical</y><z>twoFold</z></symmetry><detectionScore>-1.0</detectionScore></element><element><id>19</id><category>desk</category><bounds><corner1>-0.9195038281359997, -1.7115801901280854, -0.48171145780539426</corner1><corner2>0.9195038281359997, 1.7115801901280854, 0.48171145780539426</corner2></bounds><pose><translation>-1.0263793900158382, 2.3364977601778083, -1.1463998397806718</translation><rotation><c1>0, 0, 0</c1><c2>0, 0, 0</c2><c3>0, 0, 0</c3></rotation></pose><symmetry><x>twoFold</x><y>cylindrical</y><z>twoFold</z></symmetry><detectionScore>-1.0</detectionScore></element><element><id>20</id><category>chair</category><bounds><corner1>-0.6665956521692264, -1.344020877458581, -0.27417107657791495</corner1><corner2>0.6665956521692264, 1.344020877458581, 0.27417107657791495</corner2></bounds><pose><translation>-1.2483152405988038, 2.5110886553375034, -0.8810708597028003</translation><rotation><c1>0, 0, 0</c1><c2>0, 0, 0</c2><c3>0, 0, 0</c3></rotation></pose><symmetry><x>twoFold</x><y>cylindrical</y><z>twoFold</z></symmetry><detectionScore>-1.0</detectionScore></element><element><id>21</id><category>window</category><bounds><corner1>-0.45778618109728164, -1.2679814863073762, -0.9154560907373432</corner1><corner2>0.45778618109728164, 1.2679814863073762, 0.9154560907373432</corner2></bounds><pose><translation>-1.9847063563457807, -0.018253626498492576, 0.1159330815061597</translation><rotation><c1>0, 0, 0</c1><c2>0, 0, 0</c2><c3>0, 0, 0</c3></rotation></pose><symmetry><x>twoFold</x><y>cylindrical</y><z>twoFold</z></symmetry><detectionScore>-1.0</detectionScore></element><element><id>22</id><category>chair</category><bounds><corner1>-0.39273740511492616, -1.393864279928788, -0.4744928918224258</corner1><corner2>0.39273740511492616, 1.393864279928788, 0.4744928918224258</corner2></bounds><pose><translation>-0.6356846540816775, 2.1893094574740743, -1.3418051385421677</translation><rotation><c1>0, 0, 0</c1><c2>0, 0, 0</c2><c3>0, 0, 0</c3></rotation></pose><symmetry><x>twoFold</x><y>cylindrical</y><z>twoFold</z></symmetry><detectionScore>-1.0</detectionScore></element><element><id>23</id><category>curtain</category><bounds><corner1>-0.7697744975706218, -2.0465365861288767, -1.3270950360912503</corner1><corner2>0.7697744975706218, 2.0465365861288767, 1.3270950360912503</corner2></bounds><pose><translation>-1.669880814198275, 4.11687323223455, -0.10524719123990701</translation><rotation><c1>0, 0, 0</c1><c2>0, 0, 0</c2><c3>0, 0, 0</c3></rotation></pose><symmetry><x>twoFold</x><y>cylindrical</y><z>twoFold</z></symmetry><detectionScore>-1.0</detectionScore></element><element><id>24</id><category>chair</category><bounds><corner1>-0.37456843586646604, -1.0935319216015773, -0.4119227518199219</corner1><corner2>0.37456843586646604, 1.0935319216015773, 0.4119227518199219</corner2></bounds><pose><translation>-1.4805247747061674, 2.0824279064931526, -1.258599356090553</translation><rotation><c1>0, 0, 0</c1><c2>0, 0, 0</c2><c3>0, 0, 0</c3></rotation></pose><symmetry><x>twoFold</x><y>cylindrical</y><z>twoFold</z></symmetry><detectionScore>-1.0</detectionScore></element><element><id>25</id><category>wall</category><bounds><corner1>-0.4531218753970257, -0.23849307266451225, -0.3166383243596671</corner1><corner2>0.4531218753970257, 0.23849307266451225, 0.3166383243596671</corner2></bounds><pose><translation>-0.8923365498978209, -1.8311278117105243, -0.05475362772434474</translation><rotation><c1>0, 0, 0</c1><c2>0, 0, 0</c2><c3>0, 0, 0</c3></rotation></pose><symmetry><x>twoFold</x><y>cylindrical</y><z>twoFold</z></symmetry><detectionScore>-1.0</detectionScore></element><element><id>26</id><category>door</category><bounds><corner1>-1.9751526711527605, -9.700220487919363, -1.4419025779689574</corner1><corner2>1.9751526711527605, 9.700220487919363, 1.4419025779689574</corner2></bounds><pose><translation>3.0716071152288116, 10.847433851362045, -0.2017683906777892</translation><rotation><c1>0, 0, 0</c1><c2>0, 0, 0</c2><c3>0, 0, 0</c3></rotation></pose><symmetry><x>twoFold</x><y>cylindrical</y><z>twoFold</z></symmetry><detectionScore>-1.0</detectionScore></element><element><id>27</id><category>arch</category><bounds><corner1>-2.13902032914946, -13.372146669573405, -1.4302903863420582</corner1><corner2>2.13902032914946, 13.372146669573405, 1.4302903863420582</corner2></bounds><pose><translation>2.8484788429882046, 7.0926824573720015, -0.1713984992728203</translation><rotation><c1>0, 0, 0</c1><c2>0, 0, 0</c2><c3>0, 0, 0</c3></rotation></pose><symmetry><x>twoFold</x><y>cylindrical</y><z>twoFold</z></symmetry><detectionScore>-1.0</detectionScore></element><element><id>28</id><category>kitchen_cabinet</category><bounds><corner1>-0.5842209654581918, -0.9718624266766946, -0.4557567496219329</corner1><corner2>0.5842209654581918, 0.9718624266766946, 0.4557567496219329</corner2></bounds><pose><translation>3.4566824294713365, 1.6275169484123082, -1.1568830514150192</translation><rotation><c1>0, 0, 0</c1><c2>0, 0, 0</c2><c3>0, 0, 0</c3></rotation></pose><symmetry><x>twoFold</x><y>cylindrical</y><z>twoFold</z></symmetry><detectionScore>-1.0</detectionScore></element><element><id>29</id><category>door</category><bounds><corner1>-0.37603534800433536, -0.17589433276136535, -0.36730484125924423</corner1><corner2>0.37603534800433536, 0.17589433276136535, 0.36730484125924423</corner2></bounds><pose><translation>-0.7896887459446986, -1.8769415979790247, -0.11050894532685912</translation><rotation><c1>0, 0, 0</c1><c2>0, 0, 0</c2><c3>0, 0, 0</c3></rotation></pose><symmetry><x>twoFold</x><y>cylindrical</y><z>twoFold</z></symmetry><detectionScore>-1.0</detectionScore></element><element><id>30</id><category>window</category><bounds><corner1>-0.0914345754536785, -1.1695860646694456, -0.8688833889756948</corner1><corner2>0.0914345754536785, 1.1695860646694456, 0.8688833889756948</corner2></bounds><pose><translation>3.9297083927969143, 5.092950694831, 0.06503484613717551</translation><rotation><c1>0, 0, 0</c1><c2>0, 0, 0</c2><c3>0, 0, 0</c3></rotation></pose><symmetry><x>twoFold</x><y>cylindrical</y><z>twoFold</z></symmetry><detectionScore>-1.0</detectionScore></element></elements></scene>