<?xml version='1.0' encoding='utf-8'?>
<scene xmlns:sumo="https://www.sumochallenge.org"><version>2.0</version><categories><id>fb_categories_v1.0</id><url>https://sumochallenge.org/en/categories-1_0.json</url></categories><project_type>bounding_box</project_type><elements><element><id>11</id><category>sofa</category><bounds><corner1>-1.06197449, -0.35287771, -0.06107408</corner1><corner2>1.06197449, 0.35287771, 0.06107408</corner2></bounds><pose><translation> 0.33808393, -1.02014736, -2.38598511</translation><rotation><c1>1., 0., 0.</c1><c2>0., 1., 0.</c2><c3>0., 0., 1.</c3></rotation></pose><symmetry><x>none</x><y>none</y><z>none</z></symmetry><detectionScore>-1</detectionScore></element><element><id>6</id><category>chair</category><bounds><corner1>-0.30760014, -0.41979631, -0.81421393</corner1><corner2>0.30760014, 0.41979631, 0.81421393</corner2></bounds><pose><translation>-2.23186316, -0.97355536, -3.50541761</translation><rotation><c1>1., 0., 0.</c1><c2>0., 1., 0.</c2><c3>0., 0., 1.</c3></rotation></pose><symmetry><x>none</x><y>none</y><z>none</z></symmetry><detectionScore>-1</detectionScore></element><element><id>7</id><category>dresser</category><bounds><corner1>-0.25322827, -0.33942647, -0.40104606</corner1><corner2>0.25322827, 0.33942647, 0.40104606</corner2></bounds><pose><translation>-0.54721987, -1.04704681,  1.63601296</translation><rotation><c1>1., 0., 0.</c1><c2>0., 1., 0.</c2><c3>0., 0., 1.</c3></rotation></pose><symmetry><x>none</x><y>none</y><z>none</z></symmetry><detectionScore>-1</detectionScore></element><element><id>2</id><category>wall</category><bounds><corner1>-0.08402396, -1.15561281, -2.73140165</corner1><corner2>0.08402396, 1.15561281, 2.73140165</corner2></bounds><pose><translation> 4.84302615, -0.07933094, -0.91702001</translation><rotation><c1>1., 0., 0.</c1><c2>0., 1., 0.</c2><c3>0., 0., 1.</c3></rotation></pose><symmetry><x>none</x><y>none</y><z>none</z></symmetry><detectionScore>-1</detectionScore></element><element><id>5</id><category>wall</category><bounds><corner1>-0.97388211, -1.14163406, -1.93492669</corner1><corner2>0.97388211, 1.14163406, 1.93492669</corner2></bounds><pose><translation>-3.00094537,  0.04672487, -5.40721828</translation><rotation><c1>1., 0., 0.</c1><c2>0., 1., 0.</c2><c3>0., 0., 1.</c3></rotation></pose><symmetry><x>none</x><y>none</y><z>none</z></symmetry><detectionScore>-1</detectionScore></element><element><id>4</id><category>wall</category><bounds><corner1>-2.25234536, -1.20960425, -0.28328113</corner1><corner2>2.25234536, 1.20960425, 0.28328113</corner2></bounds><pose><translation> 2.57382747, -0.08940709, -5.52732636</translation><rotation><c1>1., 0., 0.</c1><c2>0., 1., 0.</c2><c3>0., 0., 1.</c3></rotation></pose><symmetry><x>none</x><y>none</y><z>none</z></symmetry><detectionScore>-1</detectionScore></element><element><id>8</id><category>wall</category><bounds><corner1>-0.78487073, -1.18166202, -0.89181278</corner1><corner2>0.78487073, 1.18166202, 0.89181278</corner2></bounds><pose><translation>-2.32720986e+00,  5.37660936e-03, -5.69948651e+00</translation><rotation><c1>1., 0., 0.</c1><c2>0., 1., 0.</c2><c3>0., 0., 1.</c3></rotation></pose><symmetry><x>none</x><y>none</y><z>none</z></symmetry><detectionScore>-1</detectionScore></element><element><id>10</id><category>wall</category><bounds><corner1>-0.8742495 , -1.14726698, -1.47925201</corner1><corner2>0.8742495 , 1.14726698, 1.47925201</corner2></bounds><pose><translation>-9.41307936e-01,  6.09984374e-03, -6.20085330e+00</translation><rotation><c1>1., 0., 0.</c1><c2>0., 1., 0.</c2><c3>0., 0., 1.</c3></rotation></pose><symmetry><x>none</x><y>none</y><z>none</z></symmetry><detectionScore>-1</detectionScore></element></elements></scene>