<?xml version='1.0' encoding='utf-8'?>
<scene xmlns:sumo="https://www.sumochallenge.org"><version>2.0</version><categories><id>fb_categories_v1_0</id><url>https://sumochallenge.org/en/categories-1_0.json</url></categories><project_type>bounding_box</project_type><elements><element><id>0</id><category>wall</category><bounds><corner1>-0.22968793476216298, -1.5587393077125733, -0.666423202081373</corner1><corner2>0.22968793476216298, 1.5587393077125733, 0.666423202081373</corner2></bounds><pose><translation>-4.573911659189728, -0.15751743260366935, 3.2129822030958755</translation><rotation><c1>1, 0, 0</c1><c2>0, 1, 0</c2><c3>0, 0, 1</c3></rotation></pose><symmetry><x>twoFold</x><y>cylindrical</y><z>twoFold</z></symmetry><detectionScore>-1.0</detectionScore></element><element><id>1</id><category>wall</category><bounds><corner1>-3.965454687329794, -1.4104440694301694, -2.904022363231551</corner1><corner2>3.965454687329794, 1.4104440694301694, 2.904022363231551</corner2></bounds><pose><translation>-6.774868069715553, -0.0998581994268565, 0.2544862411894035</translation><rotation><c1>1, 0, 0</c1><c2>0, 1, 0</c2><c3>0, 0, 1</c3></rotation></pose><symmetry><x>twoFold</x><y>cylindrical</y><z>twoFold</z></symmetry><detectionScore>-1.0</detectionScore></element><element><id>2</id><category>kitchen_cabinet</category><bounds><corner1>-1.2912230117909704, -1.5845177345800767, -0.44361977816192777</corner1><corner2>1.2912230117909704, 1.5845177345800767, 0.44361977816192777</corner2></bounds><pose><translation>-0.038175761357186665, -0.35420776131476284, 3.008719993476758</translation><rotation><c1>1, 0, 0</c1><c2>0, 1, 0</c2><c3>0, 0, 1</c3></rotation></pose><symmetry><x>twoFold</x><y>cylindrical</y><z>twoFold</z></symmetry><detectionScore>-1.0</detectionScore></element><element><id>3</id><category>plant</category><bounds><corner1>-2.8450914456098677, -1.6097624027222155, -4.367208049247185</corner1><corner2>2.8450914456098677, 1.6097624027222155, 4.367208049247185</corner2></bounds><pose><translation>-3.599071369307392, -0.24898744373634393, 6.0514058728644615</translation><rotation><c1>1, 0, 0</c1><c2>0, 1, 0</c2><c3>0, 0, 1</c3></rotation></pose><symmetry><x>twoFold</x><y>cylindrical</y><z>twoFold</z></symmetry><detectionScore>-1.0</detectionScore></element><element><id>4</id><category>wall</category><bounds><corner1>-1.878535563355963, -1.359295021647361, -0.843297969159615</corner1><corner2>1.878535563355963, 1.359295021647361, 0.843297969159615</corner2></bounds><pose><translation>-5.494023900973297, -0.02835374461871837, -2.2005758204091563</translation><rotation><c1>1, 0, 0</c1><c2>0, 1, 0</c2><c3>0, 0, 1</c3></rotation></pose><symmetry><x>twoFold</x><y>cylindrical</y><z>twoFold</z></symmetry><detectionScore>-1.0</detectionScore></element><element><id>5</id><category>door</category><bounds><corner1>-1.2869585700991024, -1.6199082578390507, -0.2384341910305139</corner1><corner2>1.2869585700991024, 1.6199082578390507, 0.2384341910305139</corner2></bounds><pose><translation>0.4937009572524979, -0.2596202874692684, -2.46220563579019</translation><rotation><c1>1, 0, 0</c1><c2>0, 1, 0</c2><c3>0, 0, 1</c3></rotation></pose><symmetry><x>twoFold</x><y>cylindrical</y><z>twoFold</z></symmetry><detectionScore>-1.0</detectionScore></element><element><id>6</id><category>kitchen_cabinet</category><bounds><corner1>-1.0877327115025435, -1.5962119736002414, -0.281209278770874</corner1><corner2>1.0877327115025435, 1.5962119736002414, 0.281209278770874</corner2></bounds><pose><translation>0.6853892458290837, -0.336446332735108, -2.4622801164479524</translation><rotation><c1>1, 0, 0</c1><c2>0, 1, 0</c2><c3>0, 0, 1</c3></rotation></pose><symmetry><x>twoFold</x><y>cylindrical</y><z>twoFold</z></symmetry><detectionScore>-1.0</detectionScore></element><element><id>7</id><category>wall</category><bounds><corner1>-3.226052611242449, -1.511262920128981, -0.1889599770335496</corner1><corner2>3.226052611242449, 1.511262920128981, 0.1889599770335496</corner2></bounds><pose><translation>2.166594725417636, 0.01881432227976443, 0.8555464768589945</translation><rotation><c1>1, 0, 0</c1><c2>0, 1, 0</c2><c3>0, 0, 1</c3></rotation></pose><symmetry><x>twoFold</x><y>cylindrical</y><z>twoFold</z></symmetry><detectionScore>-1.0</detectionScore></element><element><id>8</id><category>picture_frame</category><bounds><corner1>-0.6456378783563599, -1.3136538818481507, -0.8831353552147676</corner1><corner2>0.6456378783563599, 1.3136538818481507, 0.8831353552147676</corner2></bounds><pose><translation>-5.022303388304887, -0.004839159709013392, 3.8466641734753098</translation><rotation><c1>1, 0, 0</c1><c2>0, 1, 0</c2><c3>0, 0, 1</c3></rotation></pose><symmetry><x>twoFold</x><y>cylindrical</y><z>twoFold</z></symmetry><detectionScore>-1.0</detectionScore></element><element><id>9</id><category>wall</category><bounds><corner1>-1.981720206069223, -1.5444845620947727, -0.36179160153377987</corner1><corner2>1.981720206069223, 1.5444845620947727, 0.36179160153377987</corner2></bounds><pose><translation>-0.20137220709565332, -0.05461806919707319, -2.447417907566664</translation><rotation><c1>1, 0, 0</c1><c2>0, 1, 0</c2><c3>0, 0, 1</c3></rotation></pose><symmetry><x>twoFold</x><y>cylindrical</y><z>twoFold</z></symmetry><detectionScore>-1.0</detectionScore></element><element><id>10</id><category>sofa</category><bounds><corner1>-2.765061194013228, -0.8245209989358709, -4.375124025909773</corner1><corner2>2.765061194013228, 0.8245209989358709, 4.375124025909773</corner2></bounds><pose><translation>-4.087935969059615, -0.957218635122433, 6.043489896201874</translation><rotation><c1>1, 0, 0</c1><c2>0, 1, 0</c2><c3>0, 0, 1</c3></rotation></pose><symmetry><x>twoFold</x><y>cylindrical</y><z>twoFold</z></symmetry><detectionScore>-1.0</detectionScore></element><element><id>11</id><category>door</category><bounds><corner1>-2.1117094953654734, -1.6367612941171104, -0.3974754928547344</corner1><corner2>2.1117094953654734, 1.6367612941171104, 0.3974754928547344</corner2></bounds><pose><translation>1.8371425347520767, -0.21546671754968302, 1.0161904289428798</translation><rotation><c1>1, 0, 0</c1><c2>0, 1, 0</c2><c3>0, 0, 1</c3></rotation></pose><symmetry><x>twoFold</x><y>cylindrical</y><z>twoFold</z></symmetry><detectionScore>-1.0</detectionScore></element><element><id>12</id><category>desk</category><bounds><corner1>-0.518657307349994, -0.9575557174740476, -2.715411332108243</corner1><corner2>0.518657307349994, 0.9575557174740476, 2.715411332108243</corner2></bounds><pose><translation>-2.5496290649518603, -1.6432805719496657, 0.47210638727332377</translation><rotation><c1>1, 0, 0</c1><c2>0, 1, 0</c2><c3>0, 0, 1</c3></rotation></pose><symmetry><x>twoFold</x><y>cylindrical</y><z>twoFold</z></symmetry><detectionScore>-1.0</detectionScore></element><element><id>13</id><category>wall</category><bounds><corner1>-1.2489732915204388, -1.4363305610243278, -0.7061760775108141</corner1><corner2>1.2489732915204388, 1.4363305610243278, 0.7061760775108141</corner2></bounds><pose><translation>-3.985714291222941, -0.0844346902607983, -2.477684451727033</translation><rotation><c1>1, 0, 0</c1><c2>0, 1, 0</c2><c3>0, 0, 1</c3></rotation></pose><symmetry><x>twoFold</x><y>cylindrical</y><z>twoFold</z></symmetry><detectionScore>-1.0</detectionScore></element><element><id>14</id><category>wall</category><bounds><corner1>-4.626911913646368, -1.5024583837167265, -0.9718338888997606</corner1><corner2>4.626911913646368, 1.5024583837167265, 0.9718338888997606</corner2></bounds><pose><translation>6.031170330365264, -0.06439653009075032, 0.22397970033201164</translation><rotation><c1>1, 0, 0</c1><c2>0, 1, 0</c2><c3>0, 0, 1</c3></rotation></pose><symmetry><x>twoFold</x><y>cylindrical</y><z>twoFold</z></symmetry><detectionScore>-1.0</detectionScore></element><element><id>15</id><category>dresser</category><bounds><corner1>-1.1638597889406392, -0.701684373934778, -0.5391773491255627</corner1><corner2>1.1638597889406392, 0.701684373934778, 0.5391773491255627</corner2></bounds><pose><translation>0.008498528593262179, -1.10734649327525, 2.907481644157583</translation><rotation><c1>1, 0, 0</c1><c2>0, 1, 0</c2><c3>0, 0, 1</c3></rotation></pose><symmetry><x>twoFold</x><y>cylindrical</y><z>twoFold</z></symmetry><detectionScore>-1.0</detectionScore></element><element><id>16</id><category>picture_frame</category><bounds><corner1>-0.6316177129786249, -0.7041199607947971, -0.3679458634108359</corner1><corner2>0.6316177129786249, 0.7041199607947971, 0.3679458634108359</corner2></bounds><pose><translation>-5.0494095198117375, 0.4592295202816622, 4.011276342961978</translation><rotation><c1>1, 0, 0</c1><c2>0, 1, 0</c2><c3>0, 0, 1</c3></rotation></pose><symmetry><x>twoFold</x><y>cylindrical</y><z>twoFold</z></symmetry><detectionScore>-1.0</detectionScore></element><element><id>17</id><category>arch</category><bounds><corner1>-4.10225863560458, -1.758718814744301, -1.1552037903187493</corner1><corner2>4.10225863560458, 1.758718814744301, 1.1552037903187493</corner2></bounds><pose><translation>6.555823608407053, -0.32065696111832465, 0.04060979891302286</translation><rotation><c1>1, 0, 0</c1><c2>0, 1, 0</c2><c3>0, 0, 1</c3></rotation></pose><symmetry><x>twoFold</x><y>cylindrical</y><z>twoFold</z></symmetry><detectionScore>-1.0</detectionScore></element><element><id>18</id><category>wall</category><bounds><corner1>-2.712038686778982, -1.5079002943345787, -0.22807056538587478</corner1><corner2>2.712038686778982, 1.5079002943345787, 0.22807056538587478</corner2></bounds><pose><translation>-5.100095371408407, -0.1605610441711649, 3.119157564813673</translation><rotation><c1>1, 0, 0</c1><c2>0, 1, 0</c2><c3>0, 0, 1</c3></rotation></pose><symmetry><x>twoFold</x><y>cylindrical</y><z>twoFold</z></symmetry><detectionScore>-1.0</detectionScore></element><element><id>19</id><category>wall</category><bounds><corner1>-0.6741448787413891, -1.4094605066002508, -0.07316311919146745</corner1><corner2>0.6741448787413891, 1.4094605066002508, 0.07316311919146745</corner2></bounds><pose><translation>-4.773628465582523, -0.07049443945464196, 3.187589346886559</translation><rotation><c1>1, 0, 0</c1><c2>0, 1, 0</c2><c3>0, 0, 1</c3></rotation></pose><symmetry><x>twoFold</x><y>cylindrical</y><z>twoFold</z></symmetry><detectionScore>-1.0</detectionScore></element><element><id>20</id><category>hanging_kitchen_cabinet</category><bounds><corner1>-0.6867416236848425, -0.7504602075889564, -0.27882613041749993</corner1><corner2>0.6867416236848425, 0.7504602075889564, 0.27882613041749993</corner2></bounds><pose><translation>-0.16220638718328997, 0.2835973294224501, -2.6880190588731514</translation><rotation><c1>1, 0, 0</c1><c2>0, 1, 0</c2><c3>0, 0, 1</c3></rotation></pose><symmetry><x>twoFold</x><y>cylindrical</y><z>twoFold</z></symmetry><detectionScore>-1.0</detectionScore></element><element><id>21</id><category>picture_frame</category><bounds><corner1>-0.740062823652373, -1.1668463558862556, -0.18545482383161316</corner1><corner2>0.740062823652373, 1.1668463558862556, 0.18545482383161316</corner2></bounds><pose><translation>-5.3881218025426625, 0.16579509391536928, 3.0577317523965886</translation><rotation><c1>1, 0, 0</c1><c2>0, 1, 0</c2><c3>0, 0, 1</c3></rotation></pose><symmetry><x>twoFold</x><y>cylindrical</y><z>twoFold</z></symmetry><detectionScore>-1.0</detectionScore></element><element><id>22</id><category>chair</category><bounds><corner1>-0.7338252730349177, -0.8911391185720673, -2.0974733735394517</corner1><corner2>0.7338252730349177, 0.8911391185720673, 2.0974733735394517</corner2></bounds><pose><translation>-2.8035852865815127, -1.5768639730476854, 1.1163375193745035</translation><rotation><c1>1, 0, 0</c1><c2>0, 1, 0</c2><c3>0, 0, 1</c3></rotation></pose><symmetry><x>twoFold</x><y>cylindrical</y><z>twoFold</z></symmetry><detectionScore>-1.0</detectionScore></element><element><id>23</id><category>ceiling</category><bounds><corner1>-4.210538346766972, -0.2421710657023377, -0.9544218075807929</corner1><corner2>4.210538346766972, 0.2421710657023377, 0.9544218075807929</corner2></bounds><pose><translation>1.8461969285203994, 1.3080026989588591, 0.07641330164763112</translation><rotation><c1>1, 0, 0</c1><c2>0, 1, 0</c2><c3>0, 0, 1</c3></rotation></pose><symmetry><x>twoFold</x><y>cylindrical</y><z>twoFold</z></symmetry><detectionScore>-1.0</detectionScore></element><element><id>24</id><category>wall</category><bounds><corner1>-3.6119632825506076, -1.5005482347521168, -0.4445656458099183</corner1><corner2>3.6119632825506076, 1.5005482347521168, 0.4445656458099183</corner2></bounds><pose><translation>1.8957057898035576, 0.007856965803500652, -0.6527220490873314</translation><rotation><c1>1, 0, 0</c1><c2>0, 1, 0</c2><c3>0, 0, 1</c3></rotation></pose><symmetry><x>twoFold</x><y>cylindrical</y><z>twoFold</z></symmetry><detectionScore>-1.0</detectionScore></element><element><id>25</id><category>chandelier</category><bounds><corner1>-3.8728062961225387, -0.19219386942606853, -0.8965271595612427</corner1><corner2>3.8728062961225387, 0.19219386942606853, 0.8965271595612427</corner2></bounds><pose><translation>1.990977891853604, 1.262050962923725, 0.1252136773173726</translation><rotation><c1>1, 0, 0</c1><c2>0, 1, 0</c2><c3>0, 0, 1</c3></rotation></pose><symmetry><x>twoFold</x><y>cylindrical</y><z>twoFold</z></symmetry><detectionScore>-1.0</detectionScore></element><element><id>26</id><category>dining_table</category><bounds><corner1>-0.5835844813688835, -0.8433669677740185, -2.734849176745712</corner1><corner2>0.5835844813688835, 0.8433669677740185, 2.734849176745712</corner2></bounds><pose><translation>-2.630255569587093, -1.5128960028701013, 0.45785248556456754</translation><rotation><c1>1, 0, 0</c1><c2>0, 1, 0</c2><c3>0, 0, 1</c3></rotation></pose><symmetry><x>twoFold</x><y>cylindrical</y><z>twoFold</z></symmetry><detectionScore>-1.0</detectionScore></element><element><id>27</id><category>wall</category><bounds><corner1>-3.6722287996340564, -2.88527974876808, -2.565737786858545</corner1><corner2>3.6722287996340564, 2.88527974876808, 2.565737786858545</corner2></bounds><pose><translation>-5.017861259107218, 0.5864797917872894, 7.852876135253101</translation><rotation><c1>1, 0, 0</c1><c2>0, 1, 0</c2><c3>0, 0, 1</c3></rotation></pose><symmetry><x>twoFold</x><y>cylindrical</y><z>twoFold</z></symmetry><detectionScore>-1.0</detectionScore></element><element><id>28</id><category>door</category><bounds><corner1>-7.867476653557834, -1.539565236493658, -0.9606061182065617</corner1><corner2>7.867476653557834, 1.539565236493658, 0.9606061182065617</corner2></bounds><pose><translation>2.790605590453798, -0.08532040414386455, 0.2352074710252105</translation><rotation><c1>1, 0, 0</c1><c2>0, 1, 0</c2><c3>0, 0, 1</c3></rotation></pose><symmetry><x>twoFold</x><y>cylindrical</y><z>twoFold</z></symmetry><detectionScore>-1.0</detectionScore></element><element><id>29</id><category>door</category><bounds><corner1>-1.2999343314864102, -1.499917222058264, -0.44181076280591913</corner1><corner2>1.2999343314864102, 1.499917222058264, 0.44181076280591913</corner2></bounds><pose><translation>-0.02063500279702207, -0.30879227821740174, 3.0105290088327665</translation><rotation><c1>1, 0, 0</c1><c2>0, 1, 0</c2><c3>0, 0, 1</c3></rotation></pose><symmetry><x>twoFold</x><y>cylindrical</y><z>twoFold</z></symmetry><detectionScore>-1.0</detectionScore></element><element><id>30</id><category>hanging_kitchen_cabinet</category><bounds><corner1>-0.6960073399869015, -0.8257036676441499, -0.12993024591708435</corner1><corner2>0.6960073399869015, 0.8257036676441499, 0.12993024591708435</corner2></bounds><pose><translation>-1.2696042876909461, 0.3641317328022403, -2.4491774046614387</translation><rotation><c1>1, 0, 0</c1><c2>0, 1, 0</c2><c3>0, 0, 1</c3></rotation></pose><symmetry><x>twoFold</x><y>cylindrical</y><z>twoFold</z></symmetry><detectionScore>-1.0</detectionScore></element><element><id>31</id><category>kitchen_cabinet</category><bounds><corner1>-0.591850777720968, -0.5891925991207925, -0.09176474376928345</corner1><corner2>0.591850777720968, 0.5891925991207925, 0.09176474376928345</corner2></bounds><pose><translation>-0.15059961514291056, -1.0975132240748566, -2.4681505249614637</translation><rotation><c1>1, 0, 0</c1><c2>0, 1, 0</c2><c3>0, 0, 1</c3></rotation></pose><symmetry><x>twoFold</x><y>cylindrical</y><z>twoFold</z></symmetry><detectionScore>-1.0</detectionScore></element><element><id>32</id><category>armchair</category><bounds><corner1>-0.48554315673624004, -0.9712081370046193, -2.117234779914831</corner1><corner2>0.48554315673624004, 0.9712081370046193, 2.117234779914831</corner2></bounds><pose><translation>-2.456351710807951, -1.6570376209065292, 0.5478666782754354</translation><rotation><c1>1, 0, 0</c1><c2>0, 1, 0</c2><c3>0, 0, 1</c3></rotation></pose><symmetry><x>twoFold</x><y>cylindrical</y><z>twoFold</z></symmetry><detectionScore>-1.0</detectionScore></element><element><id>33</id><category>kitchen_cabinet</category><bounds><corner1>-1.0366292122304728, -0.7187909935091255, -0.7986330518092006</corner1><corner2>1.0366292122304728, 0.7187909935091255, 0.7986330518092006</corner2></bounds><pose><translation>-3.7561784405646312, -0.990274727753475, -2.2278595960998504</translation><rotation><c1>1, 0, 0</c1><c2>0, 1, 0</c2><c3>0, 0, 1</c3></rotation></pose><symmetry><x>twoFold</x><y>cylindrical</y><z>twoFold</z></symmetry><detectionScore>-1.0</detectionScore></element><element><id>34</id><category>arch</category><bounds><corner1>-7.900296140492845, -1.5801784681585727, -0.9901248812303272</corner1><corner2>7.900296140492845, 1.5801784681585727, 0.9901248812303272</corner2></bounds><pose><translation>2.757786103518787, -0.12593363580877903, 0.20568870800144515</translation><rotation><c1>1, 0, 0</c1><c2>0, 1, 0</c2><c3>0, 0, 1</c3></rotation></pose><symmetry><x>twoFold</x><y>cylindrical</y><z>twoFold</z></symmetry><detectionScore>-1.0</detectionScore></element><element><id>35</id><category>armchair</category><bounds><corner1>-1.1964208040102964, -0.4782244851125761, -0.6285323020874339</corner1><corner2>1.1964208040102964, 0.4782244851125761, 0.6285323020874339</corner2></bounds><pose><translation>-3.362078961220638, -1.1351531188646256, -0.1848761025721398</translation><rotation><c1>1, 0, 0</c1><c2>0, 1, 0</c2><c3>0, 0, 1</c3></rotation></pose><symmetry><x>twoFold</x><y>cylindrical</y><z>twoFold</z></symmetry><detectionScore>-1.0</detectionScore></element><element><id>36</id><category>window</category><bounds><corner1>-4.0035121838559995, -1.3950300091588042, -1.701213160445011</corner1><corner2>4.0035121838559995, 1.3950300091588042, 1.701213160445011</corner2></bounds><pose><translation>-6.812925566241759, -0.0868989889041324, 0.1796594481129923</translation><rotation><c1>1, 0, 0</c1><c2>0, 1, 0</c2><c3>0, 0, 1</c3></rotation></pose><symmetry><x>twoFold</x><y>cylindrical</y><z>twoFold</z></symmetry><detectionScore>-1.0</detectionScore></element><element><id>37</id><category>picture_frame</category><bounds><corner1>-0.24303436524553756, -1.1224035486894788, -0.16349257930021377</corner1><corner2>0.24303436524553756, 1.1224035486894788, 0.16349257930021377</corner2></bounds><pose><translation>-5.211770629036327, 0.19877628582732962, 3.060817203787883</translation><rotation><c1>1, 0, 0</c1><c2>0, 1, 0</c2><c3>0, 0, 1</c3></rotation></pose><symmetry><x>twoFold</x><y>cylindrical</y><z>twoFold</z></symmetry><detectionScore>-1.0</detectionScore></element><element><id>38</id><category>door</category><bounds><corner1>-2.1888250507619995, -1.7161159591525894, -0.06560289982961143</corner1><corner2>2.1888250507619995, 1.7161159591525894, 0.06560289982961143</corner2></bounds><pose><translation>3.8748940583185973, -0.38895989489435023, 0.9789035540629327</translation><rotation><c1>1, 0, 0</c1><c2>0, 1, 0</c2><c3>0, 0, 1</c3></rotation></pose><symmetry><x>twoFold</x><y>cylindrical</y><z>twoFold</z></symmetry><detectionScore>-1.0</detectionScore></element><element><id>39</id><category>picture_frame</category><bounds><corner1>-1.2308125517727584, -1.2118286979170194, -0.4345789995624476</corner1><corner2>1.2308125517727584, 1.2118286979170194, 0.4345789995624476</corner2></bounds><pose><translation>-0.0030244290166651848, -0.02070375407615725, 3.017760772076238</translation><rotation><c1>1, 0, 0</c1><c2>0, 1, 0</c2><c3>0, 0, 1</c3></rotation></pose><symmetry><x>twoFold</x><y>cylindrical</y><z>twoFold</z></symmetry><detectionScore>-1.0</detectionScore></element><element><id>40</id><category>door</category><bounds><corner1>-3.009431585601497, -1.6461479863337876, -0.3479893045255442</corner1><corner2>3.009431585601497, 1.6461479863337876, 0.3479893045255442</corner2></bounds><pose><translation>2.6487793466579004, -0.30160937524497844, -0.707639054256337</translation><rotation><c1>1, 0, 0</c1><c2>0, 1, 0</c2><c3>0, 0, 1</c3></rotation></pose><symmetry><x>twoFold</x><y>cylindrical</y><z>twoFold</z></symmetry><detectionScore>-1.0</detectionScore></element><element><id>41</id><category>wall</category><bounds><corner1>-1.5642533478669727, -1.533044500121754, -0.27688394712340925</corner1><corner2>1.5642533478669727, 1.533044500121754, 0.27688394712340925</corner2></bounds><pose><translation>0.08168534327625328, -0.12083704270635676, 3.1754558245152764</translation><rotation><c1>1, 0, 0</c1><c2>0, 1, 0</c2><c3>0, 0, 1</c3></rotation></pose><symmetry><x>twoFold</x><y>cylindrical</y><z>twoFold</z></symmetry><detectionScore>-1.0</detectionScore></element><element><id>42</id><category>chair</category><bounds><corner1>-0.4177162297088197, -0.9338488804228331, -1.6768242496437047</corner1><corner2>0.4177162297088197, 0.9338488804228331, 1.6768242496437047</corner2></bounds><pose><translation>-2.381101007591739, -1.676893410394719, 0.5578001834351535</translation><rotation><c1>1, 0, 0</c1><c2>0, 1, 0</c2><c3>0, 0, 1</c3></rotation></pose><symmetry><x>twoFold</x><y>cylindrical</y><z>twoFold</z></symmetry><detectionScore>-1.0</detectionScore></element><element><id>43</id><category>chair</category><bounds><corner1>-1.1928412812238651, -0.4787578990594188, -0.6073730896601369</corner1><corner2>1.1928412812238651, 0.4787578990594188, 0.6073730896601369</corner2></bounds><pose><translation>-3.3886847938993085, -1.1356865328114683, -0.20492899340702958</translation><rotation><c1>1, 0, 0</c1><c2>0, 1, 0</c2><c3>0, 0, 1</c3></rotation></pose><symmetry><x>twoFold</x><y>cylindrical</y><z>twoFold</z></symmetry><detectionScore>-1.0</detectionScore></element></elements></scene>