<?xml version='1.0' encoding='utf-8'?>
<scene xmlns:sumo="https://www.sumochallenge.org"><version>2.0</version><categories><id>fb_categories_v1_0</id><url>https://sumochallenge.org/en/categories-1_0.json</url></categories><project_type>bounding_box</project_type><elements><element><id>0</id><category>water_dispenser</category><bounds><corner1>-10.38527823542923, -1.0629849540556169, -0.7048048451170161</corner1><corner2>10.38527823542923, 1.0629849540556169, 0.7048048451170161</corner2></bounds><pose><translation>4.207683911320271, -0.7953483520944178, -2.293806853241583</translation><rotation><c1>1, 0, 0</c1><c2>0, 1, 0</c2><c3>0, 0, 1</c3></rotation></pose><symmetry><x>twoFold</x><y>cylindrical</y><z>twoFold</z></symmetry><detectionScore>-1.0</detectionScore></element><element><id>1</id><category>door</category><bounds><corner1>-8.770353352222047, -1.1146411801281875, -1.0957820936564402</corner1><corner2>8.770353352222047, 1.1146411801281875, 1.0957820936564402</corner2></bounds><pose><translation>6.755930723816361, 0.13255780403083084, -4.297035091903069</translation><rotation><c1>1, 0, 0</c1><c2>0, 1, 0</c2><c3>0, 0, 1</c3></rotation></pose><symmetry><x>twoFold</x><y>cylindrical</y><z>twoFold</z></symmetry><detectionScore>-1.0</detectionScore></element><element><id>2</id><category>computer</category><bounds><corner1>-0.4634932817336992, -0.6688818291456765, -0.48060802193146746</corner1><corner2>0.4634932817336992, 0.6688818291456765, 0.48060802193146746</corner2></bounds><pose><translation>-0.6471000001153027, -0.8990719051145176, -1.787067596050463</translation><rotation><c1>1, 0, 0</c1><c2>0, 1, 0</c2><c3>0, 0, 1</c3></rotation></pose><symmetry><x>twoFold</x><y>cylindrical</y><z>twoFold</z></symmetry><detectionScore>-1.0</detectionScore></element><element><id>3</id><category>partition</category><bounds><corner1>-1.424451544651484, -1.442819991081945, -0.597616687164372</corner1><corner2>1.424451544651484, 1.442819991081945, 0.597616687164372</corner2></bounds><pose><translation>-0.7464704754191388, -0.16250843632830433, -9.467897047804701</translation><rotation><c1>1, 0, 0</c1><c2>0, 1, 0</c2><c3>0, 0, 1</c3></rotation></pose><symmetry><x>twoFold</x><y>cylindrical</y><z>twoFold</z></symmetry><detectionScore>-1.0</detectionScore></element><element><id>4</id><category>kitchen_cabinet</category><bounds><corner1>-5.302550063767534, -1.469584051850276, -5.93797480909489</corner1><corner2>5.302550063767534, 1.469584051850276, 5.93797480909489</corner2></bounds><pose><translation>10.223734012270874, -0.20220670104912167, -8.245476390764313</translation><rotation><c1>1, 0, 0</c1><c2>0, 1, 0</c2><c3>0, 0, 1</c3></rotation></pose><symmetry><x>twoFold</x><y>cylindrical</y><z>twoFold</z></symmetry><detectionScore>-1.0</detectionScore></element><element><id>5</id><category>partition</category><bounds><corner1>-4.7589129804365715, -1.4929494722915972, -4.235486948191157</corner1><corner2>4.7589129804365715, 1.4929494722915972, 4.235486948191157</corner2></bounds><pose><translation>5.443161050173055, -0.24480773607392806, -9.080314055904118</translation><rotation><c1>1, 0, 0</c1><c2>0, 1, 0</c2><c3>0, 0, 1</c3></rotation></pose><symmetry><x>twoFold</x><y>cylindrical</y><z>twoFold</z></symmetry><detectionScore>-1.0</detectionScore></element><element><id>6</id><category>workplace</category><bounds><corner1>-10.544105633378908, -1.3220975310878758, -1.9493615345892823</corner1><corner2>10.544105633378908, 1.3220975310878758, 1.9493615345892823</corner2></bounds><pose><translation>5.927349498310502, -0.8926896615583301, -0.09953991335463197</translation><rotation><c1>1, 0, 0</c1><c2>0, 1, 0</c2><c3>0, 0, 1</c3></rotation></pose><symmetry><x>twoFold</x><y>cylindrical</y><z>twoFold</z></symmetry><detectionScore>-1.0</detectionScore></element><element><id>7</id><category>shelving</category><bounds><corner1>-9.640691451277958, -0.783411579516825, -1.4202734487965922</corner1><corner2>9.640691451277958, 0.783411579516825, 1.4202734487965922</corner2></bounds><pose><translation>5.338792565843853, -1.1787592618706675, -0.18008939356239573</translation><rotation><c1>1, 0, 0</c1><c2>0, 1, 0</c2><c3>0, 0, 1</c3></rotation></pose><symmetry><x>twoFold</x><y>cylindrical</y><z>twoFold</z></symmetry><detectionScore>-1.0</detectionScore></element><element><id>8</id><category>dryer</category><bounds><corner1>-7.910798868597644, -0.64381244232444, -0.6809412400893642</corner1><corner2>7.910798868597644, 0.64381244232444, 0.6809412400893642</corner2></bounds><pose><translation>4.180707174949938, -0.9907149415975173, -2.2159577191492565</translation><rotation><c1>1, 0, 0</c1><c2>0, 1, 0</c2><c3>0, 0, 1</c3></rotation></pose><symmetry><x>twoFold</x><y>cylindrical</y><z>twoFold</z></symmetry><detectionScore>-1.0</detectionScore></element><element><id>9</id><category>door</category><bounds><corner1>-4.156845229048953, -1.4244941166413851, -4.234542283715252</corner1><corner2>4.156845229048953, 1.4244941166413851, 4.234542283715252</corner2></bounds><pose><translation>6.045228801560674, -0.15273756534629515, -9.079369391428214</translation><rotation><c1>1, 0, 0</c1><c2>0, 1, 0</c2><c3>0, 0, 1</c3></rotation></pose><symmetry><x>twoFold</x><y>cylindrical</y><z>twoFold</z></symmetry><detectionScore>-1.0</detectionScore></element><element><id>10</id><category>kitchen_cabinet</category><bounds><corner1>-9.000637780458057, -0.5515354274760459, -0.9984971886015409</corner1><corner2>9.000637780458057, 0.5515354274760459, 0.9984971886015409</corner2></bounds><pose><translation>5.9563395940216575, -0.9797980771836884, -1.2845140529314556</translation><rotation><c1>1, 0, 0</c1><c2>0, 1, 0</c2><c3>0, 0, 1</c3></rotation></pose><symmetry><x>twoFold</x><y>cylindrical</y><z>twoFold</z></symmetry><detectionScore>-1.0</detectionScore></element><element><id>11</id><category>office_chair</category><bounds><corner1>-2.8294603722760066, -0.7653733434228757, -0.6490766682093538</corner1><corner2>2.8294603722760066, 0.7653733434228757, 0.6490766682093538</corner2></bounds><pose><translation>0.4447274116790667, -1.2982960913693873, -1.9819700278337464</translation><rotation><c1>1, 0, 0</c1><c2>0, 1, 0</c2><c3>0, 0, 1</c3></rotation></pose><symmetry><x>twoFold</x><y>cylindrical</y><z>twoFold</z></symmetry><detectionScore>-1.0</detectionScore></element><element><id>12</id><category>chair</category><bounds><corner1>-9.023397692752575, -0.5662065197120267, -1.0122107280699844</corner1><corner2>9.023397692752575, 0.5662065197120267, 1.0122107280699844</corner2></bounds><pose><translation>5.956086324369237, -0.9944691694196692, -1.298227592399899</translation><rotation><c1>1, 0, 0</c1><c2>0, 1, 0</c2><c3>0, 0, 1</c3></rotation></pose><symmetry><x>twoFold</x><y>cylindrical</y><z>twoFold</z></symmetry><detectionScore>-1.0</detectionScore></element><element><id>13</id><category>wall</category><bounds><corner1>-1.2306884430448086, -1.598346051693936, -2.57468441239615</corner1><corner2>1.2306884430448086, 1.598346051693936, 2.57468441239615</corner2></bounds><pose><translation>-2.1175935263950882, -0.17400492313651697, 3.6867902576255553</translation><rotation><c1>1, 0, 0</c1><c2>0, 1, 0</c2><c3>0, 0, 1</c3></rotation></pose><symmetry><x>twoFold</x><y>cylindrical</y><z>twoFold</z></symmetry><detectionScore>-1.0</detectionScore></element><element><id>14</id><category>chair</category><bounds><corner1>-5.252199463442182, -0.5645061635246866, -4.126417906147749</corner1><corner2>5.252199463442182, 0.5645061635246866, 4.126417906147749</corner2></bounds><pose><translation>3.167530450336597, -1.2227059954845374, 1.4072522422635</translation><rotation><c1>1, 0, 0</c1><c2>0, 1, 0</c2><c3>0, 0, 1</c3></rotation></pose><symmetry><x>twoFold</x><y>cylindrical</y><z>twoFold</z></symmetry><detectionScore>-1.0</detectionScore></element><element><id>15</id><category>sofa</category><bounds><corner1>-3.254350857867682, -0.58022167803026, -0.43534107178416903</corner1><corner2>3.254350857867682, 0.58022167803026, 0.43534107178416903</corner2></bounds><pose><translation>3.7043421353433383, -0.9223944992065031, -5.280168179497131</translation><rotation><c1>1, 0, 0</c1><c2>0, 1, 0</c2><c3>0, 0, 1</c3></rotation></pose><symmetry><x>twoFold</x><y>cylindrical</y><z>twoFold</z></symmetry><detectionScore>-1.0</detectionScore></element><element><id>16</id><category>dishwasher</category><bounds><corner1>-7.917793814539728, -0.5855472703763122, -0.4213283216380863</corner1><corner2>7.917793814539728, 0.5855472703763122, 0.4213283216380863</corner2></bounds><pose><translation>4.1737122290078545, -0.9324497696493894, -2.22554223517937</translation><rotation><c1>1, 0, 0</c1><c2>0, 1, 0</c2><c3>0, 0, 1</c3></rotation></pose><symmetry><x>twoFold</x><y>cylindrical</y><z>twoFold</z></symmetry><detectionScore>-1.0</detectionScore></element><element><id>17</id><category>partition</category><bounds><corner1>-10.517533377369965, -1.533767927822843, -5.969154110427188</corner1><corner2>10.517533377369965, 1.533767927822843, 5.969154110427188</corner2></bounds><pose><translation>5.955828418710355, -0.22393783161522504, 0.04986886584367023</translation><rotation><c1>1, 0, 0</c1><c2>0, 1, 0</c2><c3>0, 0, 1</c3></rotation></pose><symmetry><x>twoFold</x><y>cylindrical</y><z>twoFold</z></symmetry><detectionScore>-1.0</detectionScore></element><element><id>18</id><category>wall</category><bounds><corner1>-1.662314549292352, -1.5605665607172576, -1.8212436736646924</corner1><corner2>1.662314549292352, 1.5605665607172576, 1.8212436736646924</corner2></bounds><pose><translation>-2.0863829165320316, -0.1332420048783577, -3.205885733822585</translation><rotation><c1>1, 0, 0</c1><c2>0, 1, 0</c2><c3>0, 0, 1</c3></rotation></pose><symmetry><x>twoFold</x><y>cylindrical</y><z>twoFold</z></symmetry><detectionScore>-1.0</detectionScore></element><element><id>19</id><category>partition</category><bounds><corner1>-8.770353352222047, -1.1146411801281875, -1.0957820936564402</corner1><corner2>8.770353352222047, 1.1146411801281875, 1.0957820936564402</corner2></bounds><pose><translation>6.755930723816361, 0.13255780403083084, -4.297035091903069</translation><rotation><c1>1, 0, 0</c1><c2>0, 1, 0</c2><c3>0, 0, 1</c3></rotation></pose><symmetry><x>twoFold</x><y>cylindrical</y><z>twoFold</z></symmetry><detectionScore>-1.0</detectionScore></element><element><id>20</id><category>wall</category><bounds><corner1>-8.815828480576531, -1.1046085500196445, -1.083342481594673</corner1><corner2>8.815828480576531, 1.1046085500196445, 1.083342481594673</corner2></bounds><pose><translation>6.710455595461878, 0.14259043413937378, -4.259831233449341</translation><rotation><c1>1, 0, 0</c1><c2>0, 1, 0</c2><c3>0, 0, 1</c3></rotation></pose><symmetry><x>twoFold</x><y>cylindrical</y><z>twoFold</z></symmetry><detectionScore>-1.0</detectionScore></element><element><id>21</id><category>door</category><bounds><corner1>-0.1342181304991339, -0.9200810563388444, -1.1553905050377002</corner1><corner2>0.1342181304991339, 0.9200810563388444, 1.1553905050377002</corner2></bounds><pose><translation>5.90808560701041, 0.017352307473950057, -3.150648158419745</translation><rotation><c1>1, 0, 0</c1><c2>0, 1, 0</c2><c3>0, 0, 1</c3></rotation></pose><symmetry><x>twoFold</x><y>cylindrical</y><z>twoFold</z></symmetry><detectionScore>-1.0</detectionScore></element><element><id>22</id><category>door</category><bounds><corner1>-4.955100713200586, -1.2938275168374365, -5.717791822566119</corner1><corner2>4.955100713200586, 1.2938275168374365, 5.717791822566119</corner2></bounds><pose><translation>10.571183362837822, -0.02936730719335073, -7.9847977144483755</translation><rotation><c1>1, 0, 0</c1><c2>0, 1, 0</c2><c3>0, 0, 1</c3></rotation></pose><symmetry><x>twoFold</x><y>cylindrical</y><z>twoFold</z></symmetry><detectionScore>-1.0</detectionScore></element><element><id>23</id><category>range_oven</category><bounds><corner1>-10.315952726329673, -0.5845432468089901, -0.5578479754638321</corner1><corner2>10.315952726329673, 0.5845432468089901, 0.5578479754638321</corner2></bounds><pose><translation>4.1910590267277215, -0.885421436150672, -2.2057978940271816</translation><rotation><c1>1, 0, 0</c1><c2>0, 1, 0</c2><c3>0, 0, 1</c3></rotation></pose><symmetry><x>twoFold</x><y>cylindrical</y><z>twoFold</z></symmetry><detectionScore>-1.0</detectionScore></element><element><id>24</id><category>trash_can</category><bounds><corner1>-10.317790389298699, -0.6829750472859089, -0.7115566132653923</corner1><corner2>10.317790389298699, 0.6829750472859089, 0.7115566132653923</corner2></bounds><pose><translation>4.189221363758696, -0.9838532366275908, -2.229711577837931</translation><rotation><c1>1, 0, 0</c1><c2>0, 1, 0</c2><c3>0, 0, 1</c3></rotation></pose><symmetry><x>twoFold</x><y>cylindrical</y><z>twoFold</z></symmetry><detectionScore>-1.0</detectionScore></element><element><id>25</id><category>door</category><bounds><corner1>-1.2260050610151456, -1.4500402256789806, -0.13565860950528208</corner1><corner2>1.2260050610151456, 1.4500402256789806, 0.13565860950528208</corner2></bounds><pose><translation>-1.1585482658563806, -0.126099280617682, 6.148140534336118</translation><rotation><c1>1, 0, 0</c1><c2>0, 1, 0</c2><c3>0, 0, 1</c3></rotation></pose><symmetry><x>twoFold</x><y>cylindrical</y><z>twoFold</z></symmetry><detectionScore>-1.0</detectionScore></element><element><id>26</id><category>door</category><bounds><corner1>-1.5796545554249417, -1.3047521062414686, -3.2457079813925667</corner1><corner2>1.5796545554249417, 1.3047521062414686, 3.2457079813925667</corner2></bounds><pose><translation>-2.1048579853826905, -0.2986601619548023, -4.662918418709916</translation><rotation><c1>1, 0, 0</c1><c2>0, 1, 0</c2><c3>0, 0, 1</c3></rotation></pose><symmetry><x>twoFold</x><y>cylindrical</y><z>twoFold</z></symmetry><detectionScore>-1.0</detectionScore></element><element><id>27</id><category>window</category><bounds><corner1>-8.815828480576531, -1.1046085500196445, -1.083342481594673</corner1><corner2>8.815828480576531, 1.1046085500196445, 1.083342481594673</corner2></bounds><pose><translation>6.710455595461878, 0.14259043413937378, -4.259831233449341</translation><rotation><c1>1, 0, 0</c1><c2>0, 1, 0</c2><c3>0, 0, 1</c3></rotation></pose><symmetry><x>twoFold</x><y>cylindrical</y><z>twoFold</z></symmetry><detectionScore>-1.0</detectionScore></element><element><id>28</id><category>door</category><bounds><corner1>-1.9258490562493686, -1.4363027260242593, -1.783864477344836</corner1><corner2>1.9258490562493686, 1.4363027260242593, 1.783864477344836</corner2></bounds><pose><translation>0.4811754105454557, -0.15455711830403807, -9.304504541705654</translation><rotation><c1>1, 0, 0</c1><c2>0, 1, 0</c2><c3>0, 0, 1</c3></rotation></pose><symmetry><x>twoFold</x><y>cylindrical</y><z>twoFold</z></symmetry><detectionScore>-1.0</detectionScore></element><element><id>29</id><category>armchair</category><bounds><corner1>-3.091803752357214, -0.7594446704629202, -0.710477518073849</corner1><corner2>3.091803752357214, 0.7594446704629202, 0.710477518073849</corner2></bounds><pose><translation>0.40755624028022835, -1.2923674184094318, -2.0408156442999945</translation><rotation><c1>1, 0, 0</c1><c2>0, 1, 0</c2><c3>0, 0, 1</c3></rotation></pose><symmetry><x>twoFold</x><y>cylindrical</y><z>twoFold</z></symmetry><detectionScore>-1.0</detectionScore></element><element><id>30</id><category>armchair</category><bounds><corner1>-6.3467510604564445, -0.5744982539439907, -4.61349908209235</corner1><corner2>6.3467510604564445, 0.5744982539439907, 4.61349908209235</corner2></bounds><pose><translation>3.2362040977938027, -1.2169705241828022, 1.4422309692118722</translation><rotation><c1>1, 0, 0</c1><c2>0, 1, 0</c2><c3>0, 0, 1</c3></rotation></pose><symmetry><x>twoFold</x><y>cylindrical</y><z>twoFold</z></symmetry><detectionScore>-1.0</detectionScore></element><element><id>31</id><category>kitchen_cabinet</category><bounds><corner1>-5.11560827212243, -0.49471920838168365, -1.386369564428959</corner1><corner2>5.11560827212243, 0.49471920838168365, 1.386369564428959</corner2></bounds><pose><translation>5.927421924049892, -0.8216173649507257, -0.14618550919476256</translation><rotation><c1>1, 0, 0</c1><c2>0, 1, 0</c2><c3>0, 0, 1</c3></rotation></pose><symmetry><x>twoFold</x><y>cylindrical</y><z>twoFold</z></symmetry><detectionScore>-1.0</detectionScore></element><element><id>32</id><category>wall</category><bounds><corner1>-1.9179305627986851, -0.9176045830295199, -1.2648417488125798</corner1><corner2>1.9179305627986851, 0.9176045830295199, 1.2648417488125798</corner2></bounds><pose><translation>5.9260260526430555, 0.13344887184708168, -3.202195696491628</translation><rotation><c1>1, 0, 0</c1><c2>0, 1, 0</c2><c3>0, 0, 1</c3></rotation></pose><symmetry><x>twoFold</x><y>cylindrical</y><z>twoFold</z></symmetry><detectionScore>-1.0</detectionScore></element><element><id>33</id><category>partition</category><bounds><corner1>-0.13306361471250572, -0.9187368426338401, -1.1579318840187844</corner1><corner2>0.13306361471250572, 0.9187368426338401, 1.1579318840187844</corner2></bounds><pose><translation>5.909240122797038, 0.04047239438355937, -3.172438481966781</translation><rotation><c1>1, 0, 0</c1><c2>0, 1, 0</c2><c3>0, 0, 1</c3></rotation></pose><symmetry><x>twoFold</x><y>cylindrical</y><z>twoFold</z></symmetry><detectionScore>-1.0</detectionScore></element><element><id>34</id><category>wall</category><bounds><corner1>-1.5707217904750919, -1.3014192462771186, -4.188972877919208</corner1><corner2>1.5707217904750919, 1.3014192462771186, 4.188972877919208</corner2></bounds><pose><translation>-2.089205569434726, -0.029832365901107133, -5.936401019877995</translation><rotation><c1>1, 0, 0</c1><c2>0, 1, 0</c2><c3>0, 0, 1</c3></rotation></pose><symmetry><x>twoFold</x><y>cylindrical</y><z>twoFold</z></symmetry><detectionScore>-1.0</detectionScore></element><element><id>35</id><category>partition</category><bounds><corner1>-1.3342732127292187, -1.3767075269106765, -0.6509491450366536</corner1><corner2>1.3342732127292187, 1.3767075269106765, 0.6509491450366536</corner2></bounds><pose><translation>5.922863756735266, -0.08712304701379414, -2.3603601908394842</translation><rotation><c1>1, 0, 0</c1><c2>0, 1, 0</c2><c3>0, 0, 1</c3></rotation></pose><symmetry><x>twoFold</x><y>cylindrical</y><z>twoFold</z></symmetry><detectionScore>-1.0</detectionScore></element><element><id>36</id><category>television</category><bounds><corner1>-3.1150437855673987, -0.5182695266431265, -0.37191395178720477</corner1><corner2>3.1150437855673987, 0.5182695266431265, 0.37191395178720477</corner2></bounds><pose><translation>3.847304692481387, -0.781488103647485, -5.216741059500166</translation><rotation><c1>1, 0, 0</c1><c2>0, 1, 0</c2><c3>0, 0, 1</c3></rotation></pose><symmetry><x>twoFold</x><y>cylindrical</y><z>twoFold</z></symmetry><detectionScore>-1.0</detectionScore></element><element><id>37</id><category>wall</category><bounds><corner1>-3.1075127798311746, -1.3659887840077312, -0.1400369865314186</corner1><corner2>3.1075127798311746, 1.3659887840077312, 0.1400369865314186</corner2></bounds><pose><translation>0.7877170066136163, -0.042047838946432485, 6.144184535166666</translation><rotation><c1>1, 0, 0</c1><c2>0, 1, 0</c2><c3>0, 0, 1</c3></rotation></pose><symmetry><x>twoFold</x><y>cylindrical</y><z>twoFold</z></symmetry><detectionScore>-1.0</detectionScore></element><element><id>38</id><category>partition</category><bounds><corner1>-6.235243119850219, -1.4288508292939337, -4.414282696079295</corner1><corner2>6.235243119850219, 1.4288508292939337, 4.414282696079295</corner2></bounds><pose><translation>2.4233230614066428, -0.15433806194176458, -9.259109803792256</translation><rotation><c1>1, 0, 0</c1><c2>0, 1, 0</c2><c3>0, 0, 1</c3></rotation></pose><symmetry><x>twoFold</x><y>cylindrical</y><z>twoFold</z></symmetry><detectionScore>-1.0</detectionScore></element><element><id>39</id><category>partition</category><bounds><corner1>-4.918959605600342, -1.130837675379238, -6.058876548735295</corner1><corner2>4.918959605600342, 1.130837675379238, 6.058876548735295</corner2></bounds><pose><translation>10.607324470438066, 0.13362253426484771, -8.293373317679992</translation><rotation><c1>1, 0, 0</c1><c2>0, 1, 0</c2><c3>0, 0, 1</c3></rotation></pose><symmetry><x>twoFold</x><y>cylindrical</y><z>twoFold</z></symmetry><detectionScore>-1.0</detectionScore></element><element><id>40</id><category>refrigerator</category><bounds><corner1>-10.321893196585481, -1.4969202508381185, -0.6757126534382292</corner1><corner2>10.321893196585481, 1.4969202508381185, 0.6757126534382292</corner2></bounds><pose><translation>4.27106895016402, -0.672112068146146, -2.3537704829890274</translation><rotation><c1>1, 0, 0</c1><c2>0, 1, 0</c2><c3>0, 0, 1</c3></rotation></pose><symmetry><x>twoFold</x><y>cylindrical</y><z>twoFold</z></symmetry><detectionScore>-1.0</detectionScore></element><element><id>41</id><category>fence</category><bounds><corner1>-5.833058525458665, -0.5866941963611393, -1.6839148176936414</corner1><corner2>5.833058525458665, 0.5866941963611393, 1.6839148176936414</corner2></bounds><pose><translation>6.02877359643982, -1.1277643831313438, 4.407453878228743</translation><rotation><c1>1, 0, 0</c1><c2>0, 1, 0</c2><c3>0, 0, 1</c3></rotation></pose><symmetry><x>twoFold</x><y>cylindrical</y><z>twoFold</z></symmetry><detectionScore>-1.0</detectionScore></element><element><id>42</id><category>desk</category><bounds><corner1>-0.7203381227081008, -0.49423576465016267, -0.41637289576059633</corner1><corner2>0.7203381227081008, 0.49423576465016267, 0.41637289576059633</corner2></bounds><pose><translation>-0.6112109014735649, -0.922674441105137, -1.6529998779187967</translation><rotation><c1>1, 0, 0</c1><c2>0, 1, 0</c2><c3>0, 0, 1</c3></rotation></pose><symmetry><x>twoFold</x><y>cylindrical</y><z>twoFold</z></symmetry><detectionScore>-1.0</detectionScore></element><element><id>43</id><category>sofa</category><bounds><corner1>-5.701177894676597, -0.5726692206284674, -4.503612091693543</corner1><corner2>5.701177894676597, 0.5726692206284674, 4.503612091693543</corner2></bounds><pose><translation>3.245334905430264, -1.2151414908672789, 1.449025481385914</translation><rotation><c1>1, 0, 0</c1><c2>0, 1, 0</c2><c3>0, 0, 1</c3></rotation></pose><symmetry><x>twoFold</x><y>cylindrical</y><z>twoFold</z></symmetry><detectionScore>-1.0</detectionScore></element><element><id>44</id><category>wall</category><bounds><corner1>-5.348877335392285, -1.2693911236717468, -4.126132066997673</corner1><corner2>5.348877335392285, 1.2693911236717468, 4.126132066997673</corner2></bounds><pose><translation>3.309688845864577, -0.027147852038882363, -9.237567345221873</translation><rotation><c1>1, 0, 0</c1><c2>0, 1, 0</c2><c3>0, 0, 1</c3></rotation></pose><symmetry><x>twoFold</x><y>cylindrical</y><z>twoFold</z></symmetry><detectionScore>-1.0</detectionScore></element></elements></scene>