<?xml version='1.0' encoding='utf-8'?>
<scene xmlns:sumo="https://www.sumochallenge.org"><version>2.0</version><categories><id>fb_categories_v1_0</id><url>https://sumochallenge.org/en/categories-1_0.json</url></categories><project_type>bounding_box</project_type><elements><element><id>0</id><category>door</category><bounds><corner1>-0.5297383235769662, -0.08380633957182182, -1.3987326826159903</corner1><corner2>0.5297383235769662, 0.08380633957182182, 1.3987326826159903</corner2></bounds><pose><translation>0.19570617705613313, -2.3649163068595764, -0.4618562974021603</translation><rotation><c1>0, 0, 0</c1><c2>0, 0, 0</c2><c3>0, 0, 0</c3></rotation></pose><symmetry><x>twoFold</x><y>cylindrical</y><z>twoFold</z></symmetry><detectionScore>-1.0</detectionScore></element><element><id>1</id><category>kitchen_cabinet</category><bounds><corner1>-1.0065095022097976, -0.08431376092693155, -0.6088082016424592</corner1><corner2>1.0065095022097976, 0.08431376092693155, 0.6088082016424592</corner2></bounds><pose><translation>1.25446038306933, -2.3311080989126616, -1.0816759246814125</translation><rotation><c1>0, 0, 0</c1><c2>0, 0, 0</c2><c3>0, 0, 0</c3></rotation></pose><symmetry><x>twoFold</x><y>cylindrical</y><z>twoFold</z></symmetry><detectionScore>-1.0</detectionScore></element><element><id>2</id><category>vacuum_cleaner</category><bounds><corner1>-0.7617629468099565, -0.6599772831163757, -0.8216103479788943</corner1><corner2>0.7617629468099565, 0.6599772831163757, 0.8216103479788943</corner2></bounds><pose><translation>-0.7640188163427428, -2.8961830528624044, -1.3510984957952668</translation><rotation><c1>0, 0, 0</c1><c2>0, 0, 0</c2><c3>0, 0, 0</c3></rotation></pose><symmetry><x>twoFold</x><y>cylindrical</y><z>twoFold</z></symmetry><detectionScore>-1.0</detectionScore></element><element><id>3</id><category>ironing_board</category><bounds><corner1>-0.4199320716481627, -1.207717761103174, -0.6727342885630262</corner1><corner2>0.4199320716481627, 1.207717761103174, 0.6727342885630262</corner2></bounds><pose><translation>-2.5129749691708194, 0.27342337696274654, -1.4744220706640363</translation><rotation><c1>0, 0, 0</c1><c2>0, 0, 0</c2><c3>0, 0, 0</c3></rotation></pose><symmetry><x>twoFold</x><y>cylindrical</y><z>twoFold</z></symmetry><detectionScore>-1.0</detectionScore></element><element><id>4</id><category>washer</category><bounds><corner1>-0.5722476554707745, -0.5074224970757488, -0.5227206945171162</corner1><corner2>0.5722476554707745, 0.5074224970757488, 0.5227206945171162</corner2></bounds><pose><translation>2.6877190595279097, -1.0001917075057603, -1.170058324593399</translation><rotation><c1>0, 0, 0</c1><c2>0, 0, 0</c2><c3>0, 0, 0</c3></rotation></pose><symmetry><x>twoFold</x><y>cylindrical</y><z>twoFold</z></symmetry><detectionScore>-1.0</detectionScore></element><element><id>5</id><category>kitchen_cabinet</category><bounds><corner1>-0.34047918655573906, -0.09378881836966935, -1.4906351328664824</corner1><corner2>0.34047918655573906, 0.09378881836966935, 1.4906351328664824</corner2></bounds><pose><translation>0.202100169620496, -2.3597797004751158, -0.5566248754491903</translation><rotation><c1>0, 0, 0</c1><c2>0, 0, 0</c2><c3>0, 0, 0</c3></rotation></pose><symmetry><x>twoFold</x><y>cylindrical</y><z>twoFold</z></symmetry><detectionScore>-1.0</detectionScore></element><element><id>6</id><category>dining_table</category><bounds><corner1>-1.279623428568395, -3.1098286464762124, -0.7782638730129997</corner1><corner2>1.279623428568395, 3.1098286464762124, 0.7782638730129997</corner2></bounds><pose><translation>-0.13061884086889528, 6.126448501384524, -1.3865167484491572</translation><rotation><c1>0, 0, 0</c1><c2>0, 0, 0</c2><c3>0, 0, 0</c3></rotation></pose><symmetry><x>twoFold</x><y>cylindrical</y><z>twoFold</z></symmetry><detectionScore>-1.0</detectionScore></element><element><id>7</id><category>wall</category><bounds><corner1>-2.3683150065168594, -0.6518176571337007, -1.5310315711486648</corner1><corner2>2.3683150065168594, 0.6518176571337007, 1.5310315711486648</corner2></bounds><pose><translation>-0.01131493756754956, -2.936312226939097, -0.16690683732587017</translation><rotation><c1>0, 0, 0</c1><c2>0, 0, 0</c2><c3>0, 0, 0</c3></rotation></pose><symmetry><x>twoFold</x><y>cylindrical</y><z>twoFold</z></symmetry><detectionScore>-1.0</detectionScore></element><element><id>8</id><category>wall</category><bounds><corner1>-0.12053732465414368, -2.7738386463537124, -1.5307867914357385</corner1><corner2>0.12053732465414368, 2.7738386463537124, 1.5307867914357385</corner2></bounds><pose><translation>3.2086796852865365, -0.19004136008283423, -0.16355059931748106</translation><rotation><c1>0, 0, 0</c1><c2>0, 0, 0</c2><c3>0, 0, 0</c3></rotation></pose><symmetry><x>twoFold</x><y>cylindrical</y><z>twoFold</z></symmetry><detectionScore>-1.0</detectionScore></element><element><id>9</id><category>toy</category><bounds><corner1>-1.196461303216391, -4.607435692723584, -1.4810350524474547</corner1><corner2>1.196461303216391, 4.607435692723584, 1.4810350524474547</corner2></bounds><pose><translation>-1.6935135502299494, 5.095998045088354, -1.560600008666126</translation><rotation><c1>0, 0, 0</c1><c2>0, 0, 0</c2><c3>0, 0, 0</c3></rotation></pose><symmetry><x>twoFold</x><y>cylindrical</y><z>twoFold</z></symmetry><detectionScore>-1.0</detectionScore></element><element><id>10</id><category>washer</category><bounds><corner1>-0.5755697841667695, -0.7790754442422997, -0.5373345711254541</corner1><corner2>0.5755697841667695, 0.7790754442422997, 0.5373345711254541</corner2></bounds><pose><translation>2.710535567566491, 0.8812138936480335, -1.1254515036724544</translation><rotation><c1>0, 0, 0</c1><c2>0, 0, 0</c2><c3>0, 0, 0</c3></rotation></pose><symmetry><x>twoFold</x><y>cylindrical</y><z>twoFold</z></symmetry><detectionScore>-1.0</detectionScore></element><element><id>11</id><category>floor_lamp</category><bounds><corner1>-1.3851539910224262, -4.20371293825601, -2.026706161991995</corner1><corner2>1.3851539910224262, 4.20371293825601, 2.026706161991995</corner2></bounds><pose><translation>-2.298803142781968, 4.206902228697209, -0.7170670925231385</translation><rotation><c1>0, 0, 0</c1><c2>0, 0, 0</c2><c3>0, 0, 0</c3></rotation></pose><symmetry><x>twoFold</x><y>cylindrical</y><z>twoFold</z></symmetry><detectionScore>-1.0</detectionScore></element><element><id>12</id><category>wall</category><bounds><corner1>-2.5777965539229775, -0.23487585128791721, -1.3209318273858648</corner1><corner2>2.5777965539229775, 0.23487585128791721, 1.3209318273858648</corner2></bounds><pose><translation>0.43249949286499684, 9.628956235546298, -0.06723260370436755</translation><rotation><c1>0, 0, 0</c1><c2>0, 0, 0</c2><c3>0, 0, 0</c3></rotation></pose><symmetry><x>twoFold</x><y>cylindrical</y><z>twoFold</z></symmetry><detectionScore>-1.0</detectionScore></element><element><id>13</id><category>stairs</category><bounds><corner1>-1.533456943951284, -6.1548115788437965, -1.4622935427043648</corner1><corner2>1.533456943951284, 6.1548115788437965, 1.4622935427043648</corner2></bounds><pose><translation>-2.0977646666166576, 3.401449835259747, -0.03148168630453851</translation><rotation><c1>0, 0, 0</c1><c2>0, 0, 0</c2><c3>0, 0, 0</c3></rotation></pose><symmetry><x>twoFold</x><y>cylindrical</y><z>twoFold</z></symmetry><detectionScore>-1.0</detectionScore></element><element><id>14</id><category>washer</category><bounds><corner1>-0.5697051820600985, -0.4899497376877392, -0.5299926016368316</corner1><corner2>0.5697051820600985, 0.4899497376877392, 0.5299926016368316</corner2></bounds><pose><translation>2.721300618353743, -0.07284266874817538, -1.1699517618905375</translation><rotation><c1>0, 0, 0</c1><c2>0, 0, 0</c2><c3>0, 0, 0</c3></rotation></pose><symmetry><x>twoFold</x><y>cylindrical</y><z>twoFold</z></symmetry><detectionScore>-1.0</detectionScore></element><element><id>15</id><category>wall</category><bounds><corner1>-1.4006083651953383, -4.840207371588174, -1.4098431716866184</corner1><corner2>1.4006083651953383, 4.840207371588174, 1.4098431716866184</corner2></bounds><pose><translation>-2.208968802790581, 3.8844897682781534, -0.004465297366655296</translation><rotation><c1>0, 0, 0</c1><c2>0, 0, 0</c2><c3>0, 0, 0</c3></rotation></pose><symmetry><x>twoFold</x><y>cylindrical</y><z>twoFold</z></symmetry><detectionScore>-1.0</detectionScore></element><element><id>16</id><category>outdoor_seating</category><bounds><corner1>-1.3957996669414512, -4.532878856182587, -1.7792022007187873</corner1><corner2>1.3957996669414512, 4.532878856182587, 1.7792022007187873</corner2></bounds><pose><translation>-2.2945480791334, 3.735259572334349, -0.4235481139856589</translation><rotation><c1>0, 0, 0</c1><c2>0, 0, 0</c2><c3>0, 0, 0</c3></rotation></pose><symmetry><x>twoFold</x><y>cylindrical</y><z>twoFold</z></symmetry><detectionScore>-1.0</detectionScore></element></elements></scene>