<?xml version='1.0' encoding='utf-8'?>
<scene xmlns:sumo="https://www.sumochallenge.org"><version>2.0</version><categories><id>fb_categories_v1_0</id><url>https://sumochallenge.org/en/categories-1_0.json</url></categories><project_type>bounding_box</project_type><elements><element><id>0</id><category>rug</category><bounds><corner1>-1.0138067732136253, -0.5323016899823609, -1.3825745315778244</corner1><corner2>1.0138067732136253, 0.5323016899823609, 1.3825745315778244</corner2></bounds><pose><translation>-0.15312393895320026, -1.6035126687141374, 4.193523859529232</translation><rotation><c1>1, 0, 0</c1><c2>0, 1, 0</c2><c3>0, 0, 1</c3></rotation></pose><symmetry><x>twoFold</x><y>cylindrical</y><z>twoFold</z></symmetry><detectionScore>-1.0</detectionScore></element><element><id>1</id><category>dining_table</category><bounds><corner1>-0.5169116872991968, -0.5523658046404298, -3.340173808501482</corner1><corner2>0.5169116872991968, 0.5523658046404298, 3.340173808501482</corner2></bounds><pose><translation>-2.1478372170641298, -0.8171269954163466, 1.1146626460426325</translation><rotation><c1>1, 0, 0</c1><c2>0, 1, 0</c2><c3>0, 0, 1</c3></rotation></pose><symmetry><x>twoFold</x><y>cylindrical</y><z>twoFold</z></symmetry><detectionScore>-1.0</detectionScore></element><element><id>2</id><category>wall</category><bounds><corner1>-3.784190926966526, -1.7613399231053708, -0.11398535402639975</corner1><corner2>3.784190926966526, 1.7613399231053708, 0.11398535402639975</corner2></bounds><pose><translation>-6.293064833204084, -0.4688133379413911, 4.327737048249156</translation><rotation><c1>1, 0, 0</c1><c2>0, 1, 0</c2><c3>0, 0, 1</c3></rotation></pose><symmetry><x>twoFold</x><y>cylindrical</y><z>twoFold</z></symmetry><detectionScore>-1.0</detectionScore></element><element><id>3</id><category>curtain</category><bounds><corner1>-1.4075009515288328, -1.2854988226253643, -0.23269802640357629</corner1><corner2>1.4075009515288328, 1.2854988226253643, 0.23269802640357629</corner2></bounds><pose><translation>2.5828383435635907, -0.07261049805665203, 4.396946059673208</translation><rotation><c1>1, 0, 0</c1><c2>0, 1, 0</c2><c3>0, 0, 1</c3></rotation></pose><symmetry><x>twoFold</x><y>cylindrical</y><z>twoFold</z></symmetry><detectionScore>-1.0</detectionScore></element><element><id>4</id><category>floor_lamp</category><bounds><corner1>-2.7464888375792107, -0.9933150746821096, -0.4588885319795819</corner1><corner2>2.7464888375792107, 0.9933150746821096, 0.4588885319795819</corner2></bounds><pose><translation>1.5242533971246452, -0.6477574614671302, 0.028508570409528262</translation><rotation><c1>1, 0, 0</c1><c2>0, 1, 0</c2><c3>0, 0, 1</c3></rotation></pose><symmetry><x>twoFold</x><y>cylindrical</y><z>twoFold</z></symmetry><detectionScore>-1.0</detectionScore></element><element><id>5</id><category>wall</category><bounds><corner1>-0.4028920914048715, -1.2701585313983754, -0.26594865311924587</corner1><corner2>0.4028920914048715, 1.2701585313983754, 0.26594865311924587</corner2></bounds><pose><translation>0.17912089031585096, -0.014489228337837303, -2.06719522882726</translation><rotation><c1>1, 0, 0</c1><c2>0, 1, 0</c2><c3>0, 0, 1</c3></rotation></pose><symmetry><x>twoFold</x><y>cylindrical</y><z>twoFold</z></symmetry><detectionScore>-1.0</detectionScore></element><element><id>6</id><category>wall</category><bounds><corner1>-0.3365822557467578, -1.3366615231742345, -0.2588974849544696</corner1><corner2>0.3365822557467578, 1.3366615231742345, 0.2588974849544696</corner2></bounds><pose><translation>-0.7935257026661106, -0.05331037050936844, -1.931449562171243</translation><rotation><c1>1, 0, 0</c1><c2>0, 1, 0</c2><c3>0, 0, 1</c3></rotation></pose><symmetry><x>twoFold</x><y>cylindrical</y><z>twoFold</z></symmetry><detectionScore>-1.0</detectionScore></element><element><id>7</id><category>sofa</category><bounds><corner1>-0.6378057834292372, -0.4229518216280823, -2.806654577960879</corner1><corner2>0.6378057834292372, 0.4229518216280823, 2.806654577960879</corner2></bounds><pose><translation>-2.303655185297642, -0.5897678311870153, 1.6499040183646707</translation><rotation><c1>1, 0, 0</c1><c2>0, 1, 0</c2><c3>0, 0, 1</c3></rotation></pose><symmetry><x>twoFold</x><y>cylindrical</y><z>twoFold</z></symmetry><detectionScore>-1.0</detectionScore></element><element><id>8</id><category>fence</category><bounds><corner1>-0.21570635791839887, -0.32605208182530576, -0.21121256734048455</corner1><corner2>0.21570635791839887, 0.32605208182530576, 0.21121256734048455</corner2></bounds><pose><translation>-1.9245560994854147, -0.20006734109283392, 2.3544529760828965</translation><rotation><c1>1, 0, 0</c1><c2>0, 1, 0</c2><c3>0, 0, 1</c3></rotation></pose><symmetry><x>twoFold</x><y>cylindrical</y><z>twoFold</z></symmetry><detectionScore>-1.0</detectionScore></element><element><id>9</id><category>trash_can</category><bounds><corner1>-1.8622435563509798, -0.9934479566833927, -0.24502510623113183</corner1><corner2>1.8622435563509798, 0.9934479566833927, 0.24502510623113183</corner2></bounds><pose><translation>2.350593223629306, -0.03894425424959745, -0.9054939929895528</translation><rotation><c1>1, 0, 0</c1><c2>0, 1, 0</c2><c3>0, 0, 1</c3></rotation></pose><symmetry><x>twoFold</x><y>cylindrical</y><z>twoFold</z></symmetry><detectionScore>-1.0</detectionScore></element><element><id>10</id><category>wall</category><bounds><corner1>-3.474419939451994, -1.6657848992144726, -0.11631944912021641</corner1><corner2>3.474419939451994, 1.6657848992144726, 0.11631944912021641</corner2></bounds><pose><translation>-5.972685310016542, -0.36356958845378795, 4.3346802695358</translation><rotation><c1>1, 0, 0</c1><c2>0, 1, 0</c2><c3>0, 0, 1</c3></rotation></pose><symmetry><x>twoFold</x><y>cylindrical</y><z>twoFold</z></symmetry><detectionScore>-1.0</detectionScore></element><element><id>11</id><category>door</category><bounds><corner1>-0.21345788105062152, -1.4238026032360303, -0.17437079889946272</corner1><corner2>0.21345788105062152, 1.4238026032360303, 0.17437079889946272</corner2></bounds><pose><translation>-0.6696179135945551, -0.17741942773646197, -1.9939939340273158</translation><rotation><c1>1, 0, 0</c1><c2>0, 1, 0</c2><c3>0, 0, 1</c3></rotation></pose><symmetry><x>twoFold</x><y>cylindrical</y><z>twoFold</z></symmetry><detectionScore>-1.0</detectionScore></element><element><id>12</id><category>wall</category><bounds><corner1>-0.11297809861149588, -1.3357108585344388, -3.840576725603338</corner1><corner2>0.11297809861149588, 1.3357108585344388, 3.840576725603338</corner2></bounds><pose><translation>-1.790180241110471, -0.04049474080796567, 0.5832916614396251</translation><rotation><c1>1, 0, 0</c1><c2>0, 1, 0</c2><c3>0, 0, 1</c3></rotation></pose><symmetry><x>twoFold</x><y>cylindrical</y><z>twoFold</z></symmetry><detectionScore>-1.0</detectionScore></element><element><id>13</id><category>refrigerator</category><bounds><corner1>-1.848778798767884, -0.8820884510579892, -0.2673153458117826</corner1><corner2>1.848778798767884, 0.8820884510579892, 0.2673153458117826</corner2></bounds><pose><translation>2.3562487633159153, -0.27053963524081354, -0.9277842325702036</translation><rotation><c1>1, 0, 0</c1><c2>0, 1, 0</c2><c3>0, 0, 1</c3></rotation></pose><symmetry><x>twoFold</x><y>cylindrical</y><z>twoFold</z></symmetry><detectionScore>-1.0</detectionScore></element><element><id>14</id><category>door</category><bounds><corner1>-1.224538578086483, -1.5229011913495651, -10.737671911506155</corner1><corner2>1.224538578086483, 1.5229011913495651, 10.737671911506155</corner2></bounds><pose><translation>-0.32502907458835095, -0.5845072350636726, 4.494070538097831</translation><rotation><c1>1, 0, 0</c1><c2>0, 1, 0</c2><c3>0, 0, 1</c3></rotation></pose><symmetry><x>twoFold</x><y>cylindrical</y><z>twoFold</z></symmetry><detectionScore>-1.0</detectionScore></element><element><id>15</id><category>wall</category><bounds><corner1>-0.9049924903094935, -1.414573455330913, -3.169933358999078</corner1><corner2>0.9049924903094935, 1.414573455330913, 3.169933358999078</corner2></bounds><pose><translation>4.110211632892332, -0.1088631148547336, 1.3275504541785084</translation><rotation><c1>1, 0, 0</c1><c2>0, 1, 0</c2><c3>0, 0, 1</c3></rotation></pose><symmetry><x>twoFold</x><y>cylindrical</y><z>twoFold</z></symmetry><detectionScore>-1.0</detectionScore></element><element><id>16</id><category>tv_stand</category><bounds><corner1>-1.3259888106266362, -0.5653979867780551, -2.414567529121597</corner1><corner2>1.3259888106266362, 0.5653979867780551, 2.414567529121597</corner2></bounds><pose><translation>2.8351080151538057, -1.1455316371553752, 1.0677347279676639</translation><rotation><c1>1, 0, 0</c1><c2>0, 1, 0</c2><c3>0, 0, 1</c3></rotation></pose><symmetry><x>twoFold</x><y>cylindrical</y><z>twoFold</z></symmetry><detectionScore>-1.0</detectionScore></element><element><id>17</id><category>wall</category><bounds><corner1>-3.2155144115055663, -1.4936021977917084, -10.798191573924669</corner1><corner2>3.2155144115055663, 1.4936021977917084, 10.798191573924669</corner2></bounds><pose><translation>1.0308169855023042, -0.12942003356745604, 4.433550875679319</translation><rotation><c1>1, 0, 0</c1><c2>0, 1, 0</c2><c3>0, 0, 1</c3></rotation></pose><symmetry><x>twoFold</x><y>cylindrical</y><z>twoFold</z></symmetry><detectionScore>-1.0</detectionScore></element><element><id>18</id><category>hanging_kitchen_cabinet</category><bounds><corner1>-1.909151652370336, -0.8470565062947716, -0.1928175520843315</corner1><corner2>1.909151652370336, 0.8470565062947716, 0.1928175520843315</corner2></bounds><pose><translation>2.3506192193940354, -0.06142399245466067, -0.8489694242364831</translation><rotation><c1>1, 0, 0</c1><c2>0, 1, 0</c2><c3>0, 0, 1</c3></rotation></pose><symmetry><x>twoFold</x><y>cylindrical</y><z>twoFold</z></symmetry><detectionScore>-1.0</detectionScore></element><element><id>19</id><category>coffee_table</category><bounds><corner1>-1.3155833760503644, -0.5384784420906178, -2.058389845988719</corner1><corner2>1.3155833760503644, 0.5384784420906178, 2.058389845988719</corner2></bounds><pose><translation>2.6426503192677973, -1.1298882345526202, 0.9371449044879732</translation><rotation><c1>1, 0, 0</c1><c2>0, 1, 0</c2><c3>0, 0, 1</c3></rotation></pose><symmetry><x>twoFold</x><y>cylindrical</y><z>twoFold</z></symmetry><detectionScore>-1.0</detectionScore></element><element><id>20</id><category>floor</category><bounds><corner1>-1.4426481700705358, -0.7747229051829266, -7.883830088649485</corner1><corner2>1.4426481700705358, 0.7747229051829266, 7.883830088649485</corner2></bounds><pose><translation>-0.1848047087980909, -1.2378828243756839, 4.508030532436195</translation><rotation><c1>1, 0, 0</c1><c2>0, 1, 0</c2><c3>0, 0, 1</c3></rotation></pose><symmetry><x>twoFold</x><y>cylindrical</y><z>twoFold</z></symmetry><detectionScore>-1.0</detectionScore></element><element><id>21</id><category>window</category><bounds><corner1>-1.2269172406504385, -1.1034199474921176, -0.15570525739654784</corner1><corner2>1.2269172406504385, 1.1034199474921176, 0.15570525739654784</corner2></bounds><pose><translation>2.6769183878703773, -0.08121214446480145, 4.3999993802193496</translation><rotation><c1>1, 0, 0</c1><c2>0, 1, 0</c2><c3>0, 0, 1</c3></rotation></pose><symmetry><x>twoFold</x><y>cylindrical</y><z>twoFold</z></symmetry><detectionScore>-1.0</detectionScore></element><element><id>22</id><category>armchair</category><bounds><corner1>-0.14388871174735418, -0.5768389620274321, -3.6600312406144018</corner1><corner2>0.14388871174735418, 0.5768389620274321, 3.6600312406144018</corner2></bounds><pose><translation>-1.756478233177718, -0.8416001528033489, 0.6875128630785369</translation><rotation><c1>1, 0, 0</c1><c2>0, 1, 0</c2><c3>0, 0, 1</c3></rotation></pose><symmetry><x>twoFold</x><y>cylindrical</y><z>twoFold</z></symmetry><detectionScore>-1.0</detectionScore></element><element><id>23</id><category>television</category><bounds><corner1>-0.2515141070308813, -0.40368663554622164, -0.9625640714983763</corner1><corner2>0.2515141070308813, 0.40368663554622164, 0.9625640714983763</corner2></bounds><pose><translation>4.004522582665275, -0.7092246037713533, 1.6296889797899794</translation><rotation><c1>1, 0, 0</c1><c2>0, 1, 0</c2><c3>0, 0, 1</c3></rotation></pose><symmetry><x>twoFold</x><y>cylindrical</y><z>twoFold</z></symmetry><detectionScore>-1.0</detectionScore></element><element><id>24</id><category>armchair</category><bounds><corner1>-0.5398017172555933, -0.383924850491418, -3.2464071460559376</corner1><corner2>0.5398017172555933, 0.383924850491418, 3.2464071460559376</corner2></bounds><pose><translation>-2.202582400887505, -0.5829431992803652, 1.168507696804444</translation><rotation><c1>1, 0, 0</c1><c2>0, 1, 0</c2><c3>0, 0, 1</c3></rotation></pose><symmetry><x>twoFold</x><y>cylindrical</y><z>twoFold</z></symmetry><detectionScore>-1.0</detectionScore></element><element><id>25</id><category>television</category><bounds><corner1>-1.2256533175370086, -0.8573109089248099, -0.17172505892656886</corner1><corner2>1.2256533175370086, 0.8573109089248099, 0.17172505892656886</corner2></bounds><pose><translation>2.678182310983807, -0.38446149200713214, 4.39799794772832</translation><rotation><c1>1, 0, 0</c1><c2>0, 1, 0</c2><c3>0, 0, 1</c3></rotation></pose><symmetry><x>twoFold</x><y>cylindrical</y><z>twoFold</z></symmetry><detectionScore>-1.0</detectionScore></element><element><id>26</id><category>armchair</category><bounds><corner1>-0.3767606079434387, -0.4830660106780327, -2.7614264976164744</corner1><corner2>0.3767606079434387, 0.4830660106780327, 2.7614264976164744</corner2></bounds><pose><translation>-2.6329501013199965, -0.8247574035288671, 1.6625656304103849</translation><rotation><c1>1, 0, 0</c1><c2>0, 1, 0</c2><c3>0, 0, 1</c3></rotation></pose><symmetry><x>twoFold</x><y>cylindrical</y><z>twoFold</z></symmetry><detectionScore>-1.0</detectionScore></element><element><id>27</id><category>double_bed</category><bounds><corner1>-0.4314497343968602, -0.4432454958568935, -3.4233926432545267</corner1><corner2>0.4314497343968602, 0.4432454958568935, 3.4233926432545267</corner2></bounds><pose><translation>-2.088311809273596, -0.5831958273968604, 1.0337117389682338</translation><rotation><c1>1, 0, 0</c1><c2>0, 1, 0</c2><c3>0, 0, 1</c3></rotation></pose><symmetry><x>twoFold</x><y>cylindrical</y><z>twoFold</z></symmetry><detectionScore>-1.0</detectionScore></element><element><id>28</id><category>armchair</category><bounds><corner1>-0.6714736668963519, -0.5809092028718092, -2.6345361854464207</corner1><corner2>0.6714736668963519, 0.5809092028718092, 2.6345361854464207</corner2></bounds><pose><translation>-2.575353554300813, -0.8607013656879601, 1.8214240053203519</translation><rotation><c1>1, 0, 0</c1><c2>0, 1, 0</c2><c3>0, 0, 1</c3></rotation></pose><symmetry><x>twoFold</x><y>cylindrical</y><z>twoFold</z></symmetry><detectionScore>-1.0</detectionScore></element></elements></scene>