<?xml version='1.0' encoding='utf-8'?>
<scene xmlns:sumo="https://www.sumochallenge.org"><version>2.0</version><categories><id>fb_categories_v1.0</id><url>https://sumochallenge.org/en/categories-1_0.json</url></categories><project_type>bounding_box</project_type><elements><element><id>11</id><category>wall</category><bounds><corner1>-7.04542478, -1.32351521, -5.9024928 </corner1><corner2>7.04542478, 1.32351521, 5.9024928 </corner2></bounds><pose><translation>-10.63635545,  -0.13440621,  -8.38572135</translation><rotation><c1>1., 0., 0.</c1><c2>0., 1., 0.</c2><c3>0., 0., 1.</c3></rotation></pose><symmetry><x>none</x><y>none</y><z>none</z></symmetry><detectionScore>-1</detectionScore></element><element><id>6</id><category>wall</category><bounds><corner1>-0.62925144, -1.19633207, -2.15470678</corner1><corner2>0.62925144, 1.19633207, 2.15470678</corner2></bounds><pose><translation>-4.97774612, -0.05331395,  0.4062368 </translation><rotation><c1>1., 0., 0.</c1><c2>0., 1., 0.</c2><c3>0., 0., 1.</c3></rotation></pose><symmetry><x>none</x><y>none</y><z>none</z></symmetry><detectionScore>-1</detectionScore></element><element><id>7</id><category>window</category><bounds><corner1>-0.04189124, -1.11312234, -0.58207532</corner1><corner2>0.04189124, 1.11312234, 0.58207532</corner2></bounds><pose><translation> 2.47005555, -0.19048692,  1.1476272 </translation><rotation><c1>1., 0., 0.</c1><c2>0., 1., 0.</c2><c3>0., 0., 1.</c3></rotation></pose><symmetry><x>none</x><y>none</y><z>none</z></symmetry><detectionScore>-1</detectionScore></element><element><id>5</id><category>shelving</category><bounds><corner1>-1.26260898, -1.40175712, -3.26497848</corner1><corner2>1.26260898, 1.40175712, 3.26497848</corner2></bounds><pose><translation>-1.39742718, -0.22431492, -7.96694594</translation><rotation><c1>1., 0., 0.</c1><c2>0., 1., 0.</c2><c3>0., 0., 1.</c3></rotation></pose><symmetry><x>none</x><y>none</y><z>none</z></symmetry><detectionScore>-1</detectionScore></element><element><id>3</id><category>hanging_kitchen_cabinet</category><bounds><corner1>-0.78284282, -0.62248157, -0.94483795</corner1><corner2>0.78284282, 0.62248157, 0.94483795</corner2></bounds><pose><translation>-4.97769378,  0.45650776, -1.05633555</translation><rotation><c1>1., 0., 0.</c1><c2>0., 1., 0.</c2><c3>0., 0., 1.</c3></rotation></pose><symmetry><x>none</x><y>none</y><z>none</z></symmetry><detectionScore>-1</detectionScore></element><element><id>9</id><category>chandelier</category><bounds><corner1>-0.77795278, -0.02041228, -0.59231145</corner1><corner2>0.77795278, 0.02041228, 0.59231145</corner2></bounds><pose><translation>-2.13793737,  1.18826447,  0.65377671</translation><rotation><c1>1., 0., 0.</c1><c2>0., 1., 0.</c2><c3>0., 0., 1.</c3></rotation></pose><symmetry><x>none</x><y>none</y><z>none</z></symmetry><detectionScore>-1</detectionScore></element><element><id>10</id><category>kitchen_cabinet</category><bounds><corner1>-0.58829752, -0.41766073, -0.59208745</corner1><corner2>0.58829752, 0.41766073, 0.59208745</corner2></bounds><pose><translation>-1.04306094, -0.9447979 ,  2.43608542</translation><rotation><c1>1., 0., 0.</c1><c2>0., 1., 0.</c2><c3>0., 0., 1.</c3></rotation></pose><symmetry><x>none</x><y>none</y><z>none</z></symmetry><detectionScore>-1</detectionScore></element><element><id>4</id><category>kitchen_cabinet</category><bounds><corner1>-0.61234508, -0.40665439, -0.55877806</corner1><corner2>0.61234508, 0.40665439, 0.55877806</corner2></bounds><pose><translation>-3.50226643, -0.94359974,  2.42311884</translation><rotation><c1>1., 0., 0.</c1><c2>0., 1., 0.</c2><c3>0., 0., 1.</c3></rotation></pose><symmetry><x>none</x><y>none</y><z>none</z></symmetry><detectionScore>-1</detectionScore></element><element><id>2</id><category>window</category><bounds><corner1>-0.57052449, -0.59983772, -0.05121419</corner1><corner2>0.57052449, 0.59983772, 0.05121419</corner2></bounds><pose><translation>-1.06680127,  0.08510072,  3.03676365</translation><rotation><c1>1., 0., 0.</c1><c2>0., 1., 0.</c2><c3>0., 0., 1.</c3></rotation></pose><symmetry><x>none</x><y>none</y><z>none</z></symmetry><detectionScore>-1</detectionScore></element><element><id>1</id><category>kitchen_cabinet</category><bounds><corner1>-0.67393585, -0.26499561, -0.12464987</corner1><corner2>0.67393585, 0.26499561, 0.12464987</corner2></bounds><pose><translation>-2.65598379, -0.92119735, -1.53240132</translation><rotation><c1>1., 0., 0.</c1><c2>0., 1., 0.</c2><c3>0., 0., 1.</c3></rotation></pose><symmetry><x>none</x><y>none</y><z>none</z></symmetry><detectionScore>-1</detectionScore></element><element><id>8</id><category>kitchen_cabinet</category><bounds><corner1>-1.1235362 , -0.5033779 , -0.58844876</corner1><corner2>1.1235362 , 0.5033779 , 0.58844876</corner2></bounds><pose><translation>-4.7361791 , -0.95122944,  2.38635715</translation><rotation><c1>1., 0., 0.</c1><c2>0., 1., 0.</c2><c3>0., 0., 1.</c3></rotation></pose><symmetry><x>none</x><y>none</y><z>none</z></symmetry><detectionScore>-1</detectionScore></element></elements></scene>