<?xml version='1.0' encoding='utf-8'?>
<scene xmlns:sumo="https://www.sumochallenge.org"><version>2.0</version><categories><id>fb_categories_v1.0</id><url>https://sumochallenge.org/en/categories-1_0.json</url></categories><project_type>bounding_box</project_type><elements><element><id>6</id><category>chair</category><bounds><corner1>-0.45385989, -0.40442921, -1.56619504</corner1><corner2>0.45385989, 0.40442921, 1.56619504</corner2></bounds><pose><translation>-3.72110147, -0.89199994,  2.3867133 </translation><rotation><c1>1., 0., 0.</c1><c2>0., 1., 0.</c2><c3>0., 0., 1.</c3></rotation></pose><symmetry><x>none</x><y>none</y><z>none</z></symmetry><detectionScore>-1</detectionScore></element><element><id>7</id><category>chair</category><bounds><corner1>-0.91318042, -0.870877  , -0.73487127</corner1><corner2>0.91318042, 0.870877  , 0.73487127</corner2></bounds><pose><translation>-3.59625473, -1.32879262,  1.45111098</translation><rotation><c1>1., 0., 0.</c1><c2>0., 1., 0.</c2><c3>0., 0., 1.</c3></rotation></pose><symmetry><x>none</x><y>none</y><z>none</z></symmetry><detectionScore>-1</detectionScore></element><element><id>5</id><category>chair</category><bounds><corner1>-1.19661428, -0.62787952, -0.84316985</corner1><corner2>1.19661428, 0.62787952, 0.84316985</corner2></bounds><pose><translation>-3.92066462, -1.0351859 ,  1.89110129</translation><rotation><c1>1., 0., 0.</c1><c2>0., 1., 0.</c2><c3>0., 0., 1.</c3></rotation></pose><symmetry><x>none</x><y>none</y><z>none</z></symmetry><detectionScore>-1</detectionScore></element><element><id>3</id><category>ironing_board</category><bounds><corner1>-0.09286668, -0.46936723, -0.6392718 </corner1><corner2>0.09286668, 0.46936723, 0.6392718 </corner2></bounds><pose><translation> 2.09410048, -1.09871029, -0.97114123</translation><rotation><c1>1., 0., 0.</c1><c2>0., 1., 0.</c2><c3>0., 0., 1.</c3></rotation></pose><symmetry><x>none</x><y>none</y><z>none</z></symmetry><detectionScore>-1</detectionScore></element><element><id>9</id><category>refrigerator</category><bounds><corner1>-1.37986335, -0.81527766, -0.33108165</corner1><corner2>1.37986335, 0.81527766, 0.33108165</corner2></bounds><pose><translation>-2.57782699, -0.36923522, -0.94672036</translation><rotation><c1>1., 0., 0.</c1><c2>0., 1., 0.</c2><c3>0., 0., 1.</c3></rotation></pose><symmetry><x>none</x><y>none</y><z>none</z></symmetry><detectionScore>-1</detectionScore></element><element><id>4</id><category>dining_table</category><bounds><corner1>-0.97493725, -0.53966013, -0.98781252</corner1><corner2>0.97493725, 0.53966013, 0.98781252</corner2></bounds><pose><translation>-3.80703396, -0.9972954 ,  2.07328753</translation><rotation><c1>1., 0., 0.</c1><c2>0., 1., 0.</c2><c3>0., 0., 1.</c3></rotation></pose><symmetry><x>none</x><y>none</y><z>none</z></symmetry><detectionScore>-1</detectionScore></element><element><id>2</id><category>kitchen_cabinet</category><bounds><corner1>-0.05533883, -0.33447423, -0.54619291</corner1><corner2>0.05533883, 0.33447423, 0.54619291</corner2></bounds><pose><translation>-2.685168  , -1.00045261,  0.23829749</translation><rotation><c1>1., 0., 0.</c1><c2>0., 1., 0.</c2><c3>0., 0., 1.</c3></rotation></pose><symmetry><x>none</x><y>none</y><z>none</z></symmetry><detectionScore>-1</detectionScore></element><element><id>1</id><category>wall</category><bounds><corner1>-4.82576659, -1.30287437, -0.27006214</corner1><corner2>4.82576659, 1.30287437, 0.27006214</corner2></bounds><pose><translation> 0.93221955, -0.21095041, 14.6603581 </translation><rotation><c1>1., 0., 0.</c1><c2>0., 1., 0.</c2><c3>0., 0., 1.</c3></rotation></pose><symmetry><x>none</x><y>none</y><z>none</z></symmetry><detectionScore>-1</detectionScore></element><element><id>8</id><category>wall</category><bounds><corner1>-2.71638245, -1.24611436, -2.46788268</corner1><corner2>2.71638245, 1.24611436, 2.46788268</corner2></bounds><pose><translation>-5.58947502, -0.09656773,  0.8683296 </translation><rotation><c1>1., 0., 0.</c1><c2>0., 1., 0.</c2><c3>0., 0., 1.</c3></rotation></pose><symmetry><x>none</x><y>none</y><z>none</z></symmetry><detectionScore>-1</detectionScore></element></elements></scene>