<?xml version='1.0' encoding='utf-8'?>
<scene xmlns:sumo="https://www.sumochallenge.org"><version>2.0</version><categories><id>fb_categories_v1_0</id><url>https://sumochallenge.org/en/categories-1_0.json</url></categories><project_type>bounding_box</project_type><elements><element><id>0</id><category>books</category><bounds><corner1>-0.17178902006542618, -0.2508478148915181, -0.04038103740335841</corner1><corner2>0.17178902006542618, 0.2508478148915181, 0.04038103740335841</corner2></bounds><pose><translation>1.670209031756801, 1.2493891413202578, 1.223864549790513</translation><rotation><c1>1, 0, 0</c1><c2>0, 1, 0</c2><c3>0, 0, 1</c3></rotation></pose><symmetry><x>twoFold</x><y>cylindrical</y><z>twoFold</z></symmetry><detectionScore>-1.0</detectionScore></element><element><id>1</id><category>armchair</category><bounds><corner1>-3.689367522665311, -0.4984678082466, -0.6815574878199657</corner1><corner2>3.689367522665311, 0.4984678082466, 0.6815574878199657</corner2></bounds><pose><translation>2.169045093612363, -1.1654125477687194, -1.1807214046327381</translation><rotation><c1>1, 0, 0</c1><c2>0, 1, 0</c2><c3>0, 0, 1</c3></rotation></pose><symmetry><x>twoFold</x><y>cylindrical</y><z>twoFold</z></symmetry><detectionScore>-1.0</detectionScore></element><element><id>2</id><category>books</category><bounds><corner1>-0.13538657834507606, -0.21799080782604197, -0.03985601954719242</corner1><corner2>0.13538657834507606, 0.21799080782604197, 0.03985601954719242</corner2></bounds><pose><translation>1.5432808067582127, 1.1264419227950477, 1.2434153119585667</translation><rotation><c1>1, 0, 0</c1><c2>0, 1, 0</c2><c3>0, 0, 1</c3></rotation></pose><symmetry><x>twoFold</x><y>cylindrical</y><z>twoFold</z></symmetry><detectionScore>-1.0</detectionScore></element><element><id>3</id><category>desk</category><bounds><corner1>-0.750271135808325, -0.6087319054792744, -0.5820556783458743</corner1><corner2>0.750271135808325, 0.6087319054792744, 0.5820556783458743</corner2></bounds><pose><translation>-1.2174724544494517, -1.0263061890790708, -2.242075795061844</translation><rotation><c1>1, 0, 0</c1><c2>0, 1, 0</c2><c3>0, 0, 1</c3></rotation></pose><symmetry><x>twoFold</x><y>cylindrical</y><z>twoFold</z></symmetry><detectionScore>-1.0</detectionScore></element><element><id>4</id><category>books</category><bounds><corner1>-0.11528926982471921, -0.17076893616344413, -0.035146952361921446</corner1><corner2>0.11528926982471921, 0.17076893616344413, 0.035146952361921446</corner2></bounds><pose><translation>1.4889924776118018, 0.8102372405231296, 1.2699849149512883</translation><rotation><c1>1, 0, 0</c1><c2>0, 1, 0</c2><c3>0, 0, 1</c3></rotation></pose><symmetry><x>twoFold</x><y>cylindrical</y><z>twoFold</z></symmetry><detectionScore>-1.0</detectionScore></element><element><id>5</id><category>armchair</category><bounds><corner1>-2.0088579278841054, -0.29045028720059307, -1.1067084475369198</corner1><corner2>2.0088579278841054, 0.29045028720059307, 1.1067084475369198</corner2></bounds><pose><translation>3.8395140995671015, -0.8393914451058306, -2.428269054526573</translation><rotation><c1>1, 0, 0</c1><c2>0, 1, 0</c2><c3>0, 0, 1</c3></rotation></pose><symmetry><x>twoFold</x><y>cylindrical</y><z>twoFold</z></symmetry><detectionScore>-1.0</detectionScore></element><element><id>6</id><category>armchair</category><bounds><corner1>-0.46724514347586915, -0.4971143707815734, -0.7192100499038279</corner1><corner2>0.46724514347586915, 0.4971143707815734, 0.7192100499038279</corner2></bounds><pose><translation>-0.4717205605812586, -1.1700245887298755, -2.2143364008984214</translation><rotation><c1>1, 0, 0</c1><c2>0, 1, 0</c2><c3>0, 0, 1</c3></rotation></pose><symmetry><x>twoFold</x><y>cylindrical</y><z>twoFold</z></symmetry><detectionScore>-1.0</detectionScore></element><element><id>7</id><category>books</category><bounds><corner1>-0.13079747548116716, -0.192130606000268, -0.037412612621270824</corner1><corner2>0.13079747548116716, 0.192130606000268, 0.037412612621270824</corner2></bounds><pose><translation>1.4786679654808108, 0.9862013304414771, 1.2601744590209354</translation><rotation><c1>1, 0, 0</c1><c2>0, 1, 0</c2><c3>0, 0, 1</c3></rotation></pose><symmetry><x>twoFold</x><y>cylindrical</y><z>twoFold</z></symmetry><detectionScore>-1.0</detectionScore></element><element><id>8</id><category>wall</category><bounds><corner1>-0.5510197605928924, -1.5286367305394193, -1.0025194430714137</corner1><corner2>0.5510197605928924, 1.5286367305394193, 1.0025194430714137</corner2></bounds><pose><translation>2.12600483769326, -0.1280892665256427, -3.108922424179287</translation><rotation><c1>1, 0, 0</c1><c2>0, 1, 0</c2><c3>0, 0, 1</c3></rotation></pose><symmetry><x>twoFold</x><y>cylindrical</y><z>twoFold</z></symmetry><detectionScore>-1.0</detectionScore></element><element><id>9</id><category>pedestal_fan</category><bounds><corner1>-0.3489251704378997, -0.7312180270474669, -0.3313649637448861</corner1><corner2>0.3489251704378997, 0.7312180270474669, 0.3313649637448861</corner2></bounds><pose><translation>-1.975519982528432, -0.9866324648634379, -1.4276856196210639</translation><rotation><c1>1, 0, 0</c1><c2>0, 1, 0</c2><c3>0, 0, 1</c3></rotation></pose><symmetry><x>twoFold</x><y>cylindrical</y><z>twoFold</z></symmetry><detectionScore>-1.0</detectionScore></element><element><id>10</id><category>picture_frame</category><bounds><corner1>-0.12600151465497067, -0.1358217902326072, -0.1038111726835953</corner1><corner2>0.12600151465497067, 0.1358217902326072, 0.1038111726835953</corner2></bounds><pose><translation>0.9568685794006082, 0.2463618734152085, 1.6478012318852535</translation><rotation><c1>1, 0, 0</c1><c2>0, 1, 0</c2><c3>0, 0, 1</c3></rotation></pose><symmetry><x>twoFold</x><y>cylindrical</y><z>twoFold</z></symmetry><detectionScore>-1.0</detectionScore></element><element><id>11</id><category>books</category><bounds><corner1>-0.06956719054131877, -0.09336347157869507, -0.029985097591397114</corner1><corner2>0.06956719054131877, 0.09336347157869507, 0.029985097591397114</corner2></bounds><pose><translation>0.9780888217739238, 1.157242516905846, 1.2957684988559874</translation><rotation><c1>1, 0, 0</c1><c2>0, 1, 0</c2><c3>0, 0, 1</c3></rotation></pose><symmetry><x>twoFold</x><y>cylindrical</y><z>twoFold</z></symmetry><detectionScore>-1.0</detectionScore></element><element><id>12</id><category>plant</category><bounds><corner1>-0.5231986725036217, -0.9254504444743159, -0.9727045255263294</corner1><corner2>0.5231986725036217, 0.9254504444743159, 0.9727045255263294</corner2></bounds><pose><translation>-0.9341685702497842, -0.4486469910357033, -3.1274933240601004</translation><rotation><c1>1, 0, 0</c1><c2>0, 1, 0</c2><c3>0, 0, 1</c3></rotation></pose><symmetry><x>twoFold</x><y>cylindrical</y><z>twoFold</z></symmetry><detectionScore>-1.0</detectionScore></element><element><id>13</id><category>wall</category><bounds><corner1>-2.670272869264793, -1.464209942452756, -0.29023223524382047</corner1><corner2>2.670272869264793, 1.464209942452756, 0.29023223524382047</corner2></bounds><pose><translation>3.7242560930443225, -0.10367487404460103, 1.3469983199119147</translation><rotation><c1>1, 0, 0</c1><c2>0, 1, 0</c2><c3>0, 0, 1</c3></rotation></pose><symmetry><x>twoFold</x><y>cylindrical</y><z>twoFold</z></symmetry><detectionScore>-1.0</detectionScore></element><element><id>14</id><category>wall</category><bounds><corner1>-3.1460174390851083, -1.4711278700769947, -2.0420785097540373</corner1><corner2>3.1460174390851083, 1.4711278700769947, 2.0420785097540373</corner2></bounds><pose><translation>3.6040464329164346, -0.11724507817184458, -0.8771969677165532</translation><rotation><c1>1, 0, 0</c1><c2>0, 1, 0</c2><c3>0, 0, 1</c3></rotation></pose><symmetry><x>twoFold</x><y>cylindrical</y><z>twoFold</z></symmetry><detectionScore>-1.0</detectionScore></element><element><id>15</id><category>kitchen_cabinet</category><bounds><corner1>-2.9340572515766277, -0.3747277072085432, -0.7159691311882681</corner1><corner2>2.9340572515766277, 0.3747277072085432, 0.7159691311882681</corner2></bounds><pose><translation>3.6053949350153, -0.5688668842768495, -2.2243672234994647</translation><rotation><c1>1, 0, 0</c1><c2>0, 1, 0</c2><c3>0, 0, 1</c3></rotation></pose><symmetry><x>twoFold</x><y>cylindrical</y><z>twoFold</z></symmetry><detectionScore>-1.0</detectionScore></element><element><id>16</id><category>shelving</category><bounds><corner1>-0.5657975667313857, -0.9761258377491866, -0.2783821197592409</corner1><corner2>0.5657975667313857, 0.9761258377491866, 0.2783821197592409</corner2></bounds><pose><translation>2.168054513196434, -0.3232999603190449, 1.3002237572780275</translation><rotation><c1>1, 0, 0</c1><c2>0, 1, 0</c2><c3>0, 0, 1</c3></rotation></pose><symmetry><x>twoFold</x><y>cylindrical</y><z>twoFold</z></symmetry><detectionScore>-1.0</detectionScore></element><element><id>17</id><category>armchair</category><bounds><corner1>-0.7772293089596285, -0.727998819721515, -0.7986524462926039</corner1><corner2>0.7772293089596285, 0.727998819721515, 0.7986524462926039</corner2></bounds><pose><translation>-1.1734176929951172, -1.102845889859448, -2.2313256807348716</translation><rotation><c1>1, 0, 0</c1><c2>0, 1, 0</c2><c3>0, 0, 1</c3></rotation></pose><symmetry><x>twoFold</x><y>cylindrical</y><z>twoFold</z></symmetry><detectionScore>-1.0</detectionScore></element><element><id>18</id><category>books</category><bounds><corner1>-0.3592917166369579, -0.24075526372053777, -0.2534581568116254</corner1><corner2>0.3592917166369579, 0.24075526372053777, 0.2534581568116254</corner2></bounds><pose><translation>0.14288244717624876, -0.3451592803301848, 1.568373698305185</translation><rotation><c1>1, 0, 0</c1><c2>0, 1, 0</c2><c3>0, 0, 1</c3></rotation></pose><symmetry><x>twoFold</x><y>cylindrical</y><z>twoFold</z></symmetry><detectionScore>-1.0</detectionScore></element><element><id>19</id><category>picture_frame</category><bounds><corner1>-0.5726890536549671, -1.360291971958988, -0.6698995768456703</corner1><corner2>0.5726890536549671, 1.360291971958988, 0.6698995768456703</corner2></bounds><pose><translation>3.585263392692772, -0.15841446673169907, -0.6943056604796068</translation><rotation><c1>1, 0, 0</c1><c2>0, 1, 0</c2><c3>0, 0, 1</c3></rotation></pose><symmetry><x>twoFold</x><y>cylindrical</y><z>twoFold</z></symmetry><detectionScore>-1.0</detectionScore></element><element><id>20</id><category>desk</category><bounds><corner1>-0.4126489986420435, -0.30166359091925743, -0.17131133191507253</corner1><corner2>0.4126489986420435, 0.30166359091925743, 0.17131133191507253</corner2></bounds><pose><translation>-0.4743292737688244, -1.2228711121815077, -1.7519613200562016</translation><rotation><c1>1, 0, 0</c1><c2>0, 1, 0</c2><c3>0, 0, 1</c3></rotation></pose><symmetry><x>twoFold</x><y>cylindrical</y><z>twoFold</z></symmetry><detectionScore>-1.0</detectionScore></element><element><id>21</id><category>picture_frame</category><bounds><corner1>-0.36309331989670524, -0.15629139740440806, -0.14359804861803638</corner1><corner2>0.36309331989670524, 0.15629139740440806, 0.14359804861803638</corner2></bounds><pose><translation>0.9137819714378062, 0.2394375471833332, 1.6432475896889644</translation><rotation><c1>1, 0, 0</c1><c2>0, 1, 0</c2><c3>0, 0, 1</c3></rotation></pose><symmetry><x>twoFold</x><y>cylindrical</y><z>twoFold</z></symmetry><detectionScore>-1.0</detectionScore></element><element><id>22</id><category>books</category><bounds><corner1>-0.11578720784214502, -0.19748843902340207, -0.05514183927568794</corner1><corner2>0.11578720784214502, 0.19748843902340207, 0.05514183927568794</corner2></bounds><pose><translation>0.9886231559371578, 0.594534962505573, 1.3505084181658944</translation><rotation><c1>1, 0, 0</c1><c2>0, 1, 0</c2><c3>0, 0, 1</c3></rotation></pose><symmetry><x>twoFold</x><y>cylindrical</y><z>twoFold</z></symmetry><detectionScore>-1.0</detectionScore></element><element><id>23</id><category>chandelier</category><bounds><corner1>-1.5846528582209105, -0.06172415860456337, -0.943962587241777</corner1><corner2>1.5846528582209105, 0.06172415860456337, 0.943962587241777</corner2></bounds><pose><translation>4.0123905752353535, 1.3120129847812223, -3.1367731919217583</translation><rotation><c1>1, 0, 0</c1><c2>0, 1, 0</c2><c3>0, 0, 1</c3></rotation></pose><symmetry><x>twoFold</x><y>cylindrical</y><z>twoFold</z></symmetry><detectionScore>-1.0</detectionScore></element><element><id>24</id><category>wall</category><bounds><corner1>-0.7415162243378459, -1.3145603507011534, -1.2447423868922678</corner1><corner2>0.7415162243378459, 1.3145603507011534, 1.2447423868922678</corner2></bounds><pose><translation>6.008547647663697, -0.052812031638372524, 0.21109837916484422</translation><rotation><c1>1, 0, 0</c1><c2>0, 1, 0</c2><c3>0, 0, 1</c3></rotation></pose><symmetry><x>twoFold</x><y>cylindrical</y><z>twoFold</z></symmetry><detectionScore>-1.0</detectionScore></element><element><id>25</id><category>kitchen_cabinet</category><bounds><corner1>-2.208245448496566, -0.3054562511188015, -1.344409383717829</corner1><corner2>2.208245448496566, 0.3054562511188015, 1.344409383717829</corner2></bounds><pose><translation>3.855913777425055, -0.8015446529341572, -2.7654735767567624</translation><rotation><c1>1, 0, 0</c1><c2>0, 1, 0</c2><c3>0, 0, 1</c3></rotation></pose><symmetry><x>twoFold</x><y>cylindrical</y><z>twoFold</z></symmetry><detectionScore>-1.0</detectionScore></element><element><id>26</id><category>wall</category><bounds><corner1>-3.095503752060474, -1.3478636790571354, -0.7906616940496074</corner1><corner2>3.095503752060474, 1.3478636790571354, 0.7906616940496074</corner2></bounds><pose><translation>3.5781801123093806, -0.05253897383571432, -1.8557590324916817</translation><rotation><c1>1, 0, 0</c1><c2>0, 1, 0</c2><c3>0, 0, 1</c3></rotation></pose><symmetry><x>twoFold</x><y>cylindrical</y><z>twoFold</z></symmetry><detectionScore>-1.0</detectionScore></element><element><id>27</id><category>books</category><bounds><corner1>-0.15758285405570027, -0.15502673066375594, -0.04397531120084386</corner1><corner2>0.15758285405570027, 0.15502673066375594, 0.04397531120084386</corner2></bounds><pose><translation>0.6421273082871978, 0.8756113024046618, 1.360283930658345</translation><rotation><c1>1, 0, 0</c1><c2>0, 1, 0</c2><c3>0, 0, 1</c3></rotation></pose><symmetry><x>twoFold</x><y>cylindrical</y><z>twoFold</z></symmetry><detectionScore>-1.0</detectionScore></element><element><id>28</id><category>office_chair</category><bounds><corner1>-0.7550348729396623, -0.8065796101987281, -0.823234728284296</corner1><corner2>0.7550348729396623, 0.8065796101987281, 0.823234728284296</corner2></bounds><pose><translation>-1.1978036741426423, -1.1066343503678073, -2.238566760059868</translation><rotation><c1>1, 0, 0</c1><c2>0, 1, 0</c2><c3>0, 0, 1</c3></rotation></pose><symmetry><x>twoFold</x><y>cylindrical</y><z>twoFold</z></symmetry><detectionScore>-1.0</detectionScore></element><element><id>29</id><category>books</category><bounds><corner1>-0.22186252784884308, -0.43098260637132846, -0.05561979553386198</corner1><corner2>0.22186252784884308, 0.43098260637132846, 0.05561979553386198</corner2></bounds><pose><translation>1.550675984097157, 1.068204894595202, 1.246406963894512</translation><rotation><c1>1, 0, 0</c1><c2>0, 1, 0</c2><c3>0, 0, 1</c3></rotation></pose><symmetry><x>twoFold</x><y>cylindrical</y><z>twoFold</z></symmetry><detectionScore>-1.0</detectionScore></element><element><id>30</id><category>wall</category><bounds><corner1>-0.4940078236631067, -0.3116451826990931, -0.14040128042854838</corner1><corner2>0.4940078236631067, 0.3116451826990931, 0.14040128042854838</corner2></bounds><pose><translation>0.8709203977436528, 0.06910588328212074, 1.6676273470404792</translation><rotation><c1>1, 0, 0</c1><c2>0, 1, 0</c2><c3>0, 0, 1</c3></rotation></pose><symmetry><x>twoFold</x><y>cylindrical</y><z>twoFold</z></symmetry><detectionScore>-1.0</detectionScore></element><element><id>31</id><category>books</category><bounds><corner1>-0.2971283421256474, -0.2463683123324386, -0.09731230635948096</corner1><corner2>0.2971283421256474, 0.2463683123324386, 0.09731230635948096</corner2></bounds><pose><translation>0.8855688471462204, 0.6135312720312013, 1.362515597271281</translation><rotation><c1>1, 0, 0</c1><c2>0, 1, 0</c2><c3>0, 0, 1</c3></rotation></pose><symmetry><x>twoFold</x><y>cylindrical</y><z>twoFold</z></symmetry><detectionScore>-1.0</detectionScore></element><element><id>32</id><category>plant</category><bounds><corner1>-0.5775061722740327, -1.026036056933839, -0.5811516321251137</corner1><corner2>0.5775061722740327, 1.026036056933839, 0.5811516321251137</corner2></bounds><pose><translation>-2.087645372186266, -0.7771547827150893, -0.7968583969207534</translation><rotation><c1>1, 0, 0</c1><c2>0, 1, 0</c2><c3>0, 0, 1</c3></rotation></pose><symmetry><x>twoFold</x><y>cylindrical</y><z>twoFold</z></symmetry><detectionScore>-1.0</detectionScore></element><element><id>33</id><category>books</category><bounds><corner1>-0.4384254683558375, -0.5566990716528392, -0.3922395648680248</corner1><corner2>0.4384254683558375, 0.5566990716528392, 0.3922395648680248</corner2></bounds><pose><translation>1.6023918728589732, 0.667544788663918, 1.2683394860792165</translation><rotation><c1>1, 0, 0</c1><c2>0, 1, 0</c2><c3>0, 0, 1</c3></rotation></pose><symmetry><x>twoFold</x><y>cylindrical</y><z>twoFold</z></symmetry><detectionScore>-1.0</detectionScore></element><element><id>34</id><category>office_chair</category><bounds><corner1>-0.4926320987069058, -0.6710677464805654, -0.7766293972412588</corner1><corner2>0.4926320987069058, 0.6710677464805654, 0.7766293972412588</corner2></bounds><pose><translation>-0.5264308252305948, -1.1482861569513054, -2.2418483607820443</translation><rotation><c1>1, 0, 0</c1><c2>0, 1, 0</c2><c3>0, 0, 1</c3></rotation></pose><symmetry><x>twoFold</x><y>cylindrical</y><z>twoFold</z></symmetry><detectionScore>-1.0</detectionScore></element><element><id>35</id><category>window</category><bounds><corner1>-0.8923060353200327, -1.0291109771010023, -1.8040645344611892</corner1><corner2>0.8923060353200327, 1.0291109771010023, 1.8040645344611892</corner2></bounds><pose><translation>5.6488305362341515, -0.028353191516914723, -3.663388910055491</translation><rotation><c1>1, 0, 0</c1><c2>0, 1, 0</c2><c3>0, 0, 1</c3></rotation></pose><symmetry><x>twoFold</x><y>cylindrical</y><z>twoFold</z></symmetry><detectionScore>-1.0</detectionScore></element><element><id>36</id><category>books</category><bounds><corner1>-0.2435079945567472, -0.2231131240540345, -0.06219619665032594</corner1><corner2>0.2435079945567472, 0.2231131240540345, 0.06219619665032594</corner2></bounds><pose><translation>0.9924035131103629, 0.9357458694323086, 1.3171484477413717</translation><rotation><c1>1, 0, 0</c1><c2>0, 1, 0</c2><c3>0, 0, 1</c3></rotation></pose><symmetry><x>twoFold</x><y>cylindrical</y><z>twoFold</z></symmetry><detectionScore>-1.0</detectionScore></element><element><id>37</id><category>kitchen_cabinet</category><bounds><corner1>-2.638189519257731, -1.3432535599178739, -1.3798763296617405</corner1><corner2>2.638189519257731, 1.3432535599178739, 1.3798763296617405</corner2></bounds><pose><translation>3.902947052296453, -0.4422376886055733, -2.692872711359171</translation><rotation><c1>1, 0, 0</c1><c2>0, 1, 0</c2><c3>0, 0, 1</c3></rotation></pose><symmetry><x>twoFold</x><y>cylindrical</y><z>twoFold</z></symmetry><detectionScore>-1.0</detectionScore></element><element><id>38</id><category>floor_lamp</category><bounds><corner1>-0.6663796757671111, -1.1402934138990302, -1.3778218885348694</corner1><corner2>0.6663796757671111, 1.1402934138990302, 1.3778218885348694</corner2></bounds><pose><translation>-0.8907486428555421, -0.5254673577166614, -3.074988291046103</translation><rotation><c1>1, 0, 0</c1><c2>0, 1, 0</c2><c3>0, 0, 1</c3></rotation></pose><symmetry><x>twoFold</x><y>cylindrical</y><z>twoFold</z></symmetry><detectionScore>-1.0</detectionScore></element><element><id>39</id><category>dining_table</category><bounds><corner1>-1.8642850455136184, -0.40887913136471443, -1.8078631271808512</corner1><corner2>1.8642850455136184, 0.40887913136471443, 1.8078631271808512</corner2></bounds><pose><translation>4.199874180408003, -1.0402723497213744, -3.1425143782554974</translation><rotation><c1>1, 0, 0</c1><c2>0, 1, 0</c2><c3>0, 0, 1</c3></rotation></pose><symmetry><x>twoFold</x><y>cylindrical</y><z>twoFold</z></symmetry><detectionScore>-1.0</detectionScore></element><element><id>40</id><category>chandelier</category><bounds><corner1>-2.7471935731430124, -0.10026400063072716, -1.0745534180123812</corner1><corner2>2.7471935731430124, 0.10026400063072716, 1.0745534180123812</corner2></bounds><pose><translation>3.926490291226842, 1.2713838746983976, -2.71816985426453</translation><rotation><c1>1, 0, 0</c1><c2>0, 1, 0</c2><c3>0, 0, 1</c3></rotation></pose><symmetry><x>twoFold</x><y>cylindrical</y><z>twoFold</z></symmetry><detectionScore>-1.0</detectionScore></element><element><id>41</id><category>door</category><bounds><corner1>-2.3555470492841053, -1.389200534427188, -2.0697782593473386</corner1><corner2>2.3555470492841053, 1.389200534427188, 2.0697782593473386</corner2></bounds><pose><translation>4.308324447734857, -0.2782548073885315, -3.316946691172932</translation><rotation><c1>1, 0, 0</c1><c2>0, 1, 0</c2><c3>0, 0, 1</c3></rotation></pose><symmetry><x>twoFold</x><y>cylindrical</y><z>twoFold</z></symmetry><detectionScore>-1.0</detectionScore></element><element><id>42</id><category>sofa</category><bounds><corner1>-1.9681080668726465, -0.6980549602582053, -0.7716834425809971</corner1><corner2>1.9681080668726465, 0.6980549602582053, 0.7716834425809971</corner2></bounds><pose><translation>0.5895277831091471, -1.16024850339234, -2.299274265474648</translation><rotation><c1>1, 0, 0</c1><c2>0, 1, 0</c2><c3>0, 0, 1</c3></rotation></pose><symmetry><x>twoFold</x><y>cylindrical</y><z>twoFold</z></symmetry><detectionScore>-1.0</detectionScore></element><element><id>43</id><category>sofa</category><bounds><corner1>-3.560204525814083, -0.33905250402470954, -0.8564567351961542</corner1><corner2>3.560204525814083, 0.33905250402470954, 0.8564567351961542</corner2></bounds><pose><translation>2.503954700107538, -0.9883925265255317, -1.3829335582015663</translation><rotation><c1>1, 0, 0</c1><c2>0, 1, 0</c2><c3>0, 0, 1</c3></rotation></pose><symmetry><x>twoFold</x><y>cylindrical</y><z>twoFold</z></symmetry><detectionScore>-1.0</detectionScore></element><element><id>44</id><category>door</category><bounds><corner1>-1.492786420426948, -1.7635139153259507, -0.7710693018121125</corner1><corner2>1.492786420426948, 1.7635139153259507, 0.7710693018121125</corner2></bounds><pose><translation>5.257277451574595, -0.4392138626368436, 0.8661612533436226</translation><rotation><c1>1, 0, 0</c1><c2>0, 1, 0</c2><c3>0, 0, 1</c3></rotation></pose><symmetry><x>twoFold</x><y>cylindrical</y><z>twoFold</z></symmetry><detectionScore>-1.0</detectionScore></element><element><id>45</id><category>window</category><bounds><corner1>-0.6629111582408089, -0.9090227614698567, -0.9474584820307569</corner1><corner2>0.6629111582408089, 0.9090227614698567, 0.9474584820307569</corner2></bounds><pose><translation>-2.1730503581530423, 0.14286703223211922, -1.0301096076961311</translation><rotation><c1>1, 0, 0</c1><c2>0, 1, 0</c2><c3>0, 0, 1</c3></rotation></pose><symmetry><x>twoFold</x><y>cylindrical</y><z>twoFold</z></symmetry><detectionScore>-1.0</detectionScore></element><element><id>46</id><category>door</category><bounds><corner1>-2.5137975173041176, -1.5309791528564576, -0.28700346098235086</corner1><corner2>2.5137975173041176, 1.5309791528564576, 0.28700346098235086</corner2></bounds><pose><translation>3.694273940870865, -0.2715264454024918, 1.3502270941733843</translation><rotation><c1>1, 0, 0</c1><c2>0, 1, 0</c2><c3>0, 0, 1</c3></rotation></pose><symmetry><x>twoFold</x><y>cylindrical</y><z>twoFold</z></symmetry><detectionScore>-1.0</detectionScore></element><element><id>47</id><category>computer</category><bounds><corner1>-0.6475502834234614, -0.43274248806646015, -0.5762017116089411</corner1><corner2>0.6475502834234614, 0.43274248806646015, 0.5762017116089411</corner2></bounds><pose><translation>-1.7199069039908246, -0.4448624041448495, -2.5603833683606876</translation><rotation><c1>1, 0, 0</c1><c2>0, 1, 0</c2><c3>0, 0, 1</c3></rotation></pose><symmetry><x>twoFold</x><y>cylindrical</y><z>twoFold</z></symmetry><detectionScore>-1.0</detectionScore></element><element><id>48</id><category>sofa</category><bounds><corner1>-4.022912074305712, -0.5870147177487146, -0.8280575245036441</corner1><corner2>4.022912074305712, 0.5870147177487146, 0.8280575245036441</corner2></bounds><pose><translation>2.025799168537516, -1.2363547402495367, -1.1829277019006814</translation><rotation><c1>1, 0, 0</c1><c2>0, 1, 0</c2><c3>0, 0, 1</c3></rotation></pose><symmetry><x>twoFold</x><y>cylindrical</y><z>twoFold</z></symmetry><detectionScore>-1.0</detectionScore></element><element><id>49</id><category>heater</category><bounds><corner1>-0.3593877992136578, -0.5571455608106315, -0.6275177163472927</corner1><corner2>0.3593877992136578, 0.5571455608106315, 0.6275177163472927</corner2></bounds><pose><translation>-1.999981217181728, -1.206013074753081, -1.0227369110806714</translation><rotation><c1>1, 0, 0</c1><c2>0, 1, 0</c2><c3>0, 0, 1</c3></rotation></pose><symmetry><x>twoFold</x><y>cylindrical</y><z>twoFold</z></symmetry><detectionScore>-1.0</detectionScore></element><element><id>50</id><category>shelving</category><bounds><corner1>-0.33432967655086077, -0.7152820729139757, -0.47741263199190875</corner1><corner2>0.33432967655086077, 0.7152820729139757, 0.47741263199190875</corner2></bounds><pose><translation>-1.7540774436832502, 0.3812395716108539, -3.0253918161531503</translation><rotation><c1>1, 0, 0</c1><c2>0, 1, 0</c2><c3>0, 0, 1</c3></rotation></pose><symmetry><x>twoFold</x><y>cylindrical</y><z>twoFold</z></symmetry><detectionScore>-1.0</detectionScore></element><element><id>51</id><category>curtain</category><bounds><corner1>-0.5937848145771449, -1.5651824974487767, -1.1493605282080606</corner1><corner2>0.5937848145771449, 1.5651824974487767, 1.1493605282080606</corner2></bounds><pose><translation>-2.1039240144893783, -0.10999195820660684, -0.9642422770976793</translation><rotation><c1>1, 0, 0</c1><c2>0, 1, 0</c2><c3>0, 0, 1</c3></rotation></pose><symmetry><x>twoFold</x><y>cylindrical</y><z>twoFold</z></symmetry><detectionScore>-1.0</detectionScore></element><element><id>52</id><category>floor_lamp</category><bounds><corner1>-0.44098885120568654, -0.7461873890793208, -0.5546776129043602</corner1><corner2>0.44098885120568654, 0.7461873890793208, 0.5546776129043602</corner2></bounds><pose><translation>-1.9859469082531456, -1.0728359483471461, -1.344615417520738</translation><rotation><c1>1, 0, 0</c1><c2>0, 1, 0</c2><c3>0, 0, 1</c3></rotation></pose><symmetry><x>twoFold</x><y>cylindrical</y><z>twoFold</z></symmetry><detectionScore>-1.0</detectionScore></element><element><id>53</id><category>chair</category><bounds><corner1>-2.182789133387067, -0.3890413968702716, -1.2545507049381912</corner1><corner2>2.182789133387067, 0.3890413968702716, 1.2545507049381912</corner2></bounds><pose><translation>3.8647822010073623, -0.8570044581851952, -2.6449199893776596</translation><rotation><c1>1, 0, 0</c1><c2>0, 1, 0</c2><c3>0, 0, 1</c3></rotation></pose><symmetry><x>twoFold</x><y>cylindrical</y><z>twoFold</z></symmetry><detectionScore>-1.0</detectionScore></element><element><id>54</id><category>wall</category><bounds><corner1>-2.419015667614442, -1.2854078191384877, -1.151827453814178</corner1><corner2>2.419015667614442, 1.2854078191384877, 1.151827453814178</corner2></bounds><pose><translation>0.25800893067171043, -0.009289491211782925, -3.1360091105659245</translation><rotation><c1>1, 0, 0</c1><c2>0, 1, 0</c2><c3>0, 0, 1</c3></rotation></pose><symmetry><x>twoFold</x><y>cylindrical</y><z>twoFold</z></symmetry><detectionScore>-1.0</detectionScore></element><element><id>55</id><category>door</category><bounds><corner1>-2.164086957915657, -1.8761823992510767, -1.0981868011223885</corner1><corner2>2.164086957915657, 1.8761823992510767, 1.0981868011223885</corner2></bounds><pose><translation>2.4852622300184217, -0.5568155817067822, -3.1685835854000817</translation><rotation><c1>1, 0, 0</c1><c2>0, 1, 0</c2><c3>0, 0, 1</c3></rotation></pose><symmetry><x>twoFold</x><y>cylindrical</y><z>twoFold</z></symmetry><detectionScore>-1.0</detectionScore></element></elements></scene>