<?xml version='1.0' encoding='utf-8'?>
<scene xmlns:sumo="https://www.sumochallenge.org"><version>2.0</version><categories><id>fb_categories_v1.0</id><url>https://sumochallenge.org/en/categories-1_0.json</url></categories><project_type>bounding_box</project_type><elements><element><id>4</id><category>wall</category><bounds><corner1>-0.08222072, -1.19983263, -1.8438519 </corner1><corner2>0.08222072, 1.19983263, 1.8438519 </corner2></bounds><pose><translation> 3.60769096, -0.11028661,  0.71898787</translation><rotation><c1>1., 0., 0.</c1><c2>0., 1., 0.</c2><c3>0., 0., 1.</c3></rotation></pose><symmetry><x>none</x><y>twoFold</y><z>none</z></symmetry><detectionScore>0.97155917</detectionScore></element><element><id>1</id><category>column</category><bounds><corner1>-0.0321488 , -1.2801002 , -0.13367234</corner1><corner2>0.0321488 , 1.2801002 , 0.13367234</corner2></bounds><pose><translation>-1.63406932, -0.10612386, -0.77682689</translation><rotation><c1>1., 0., 0.</c1><c2>0., 1., 0.</c2><c3>0., 0., 1.</c3></rotation></pose><symmetry><x>twoFold</x><y>fourFold</y><z>twoFold</z></symmetry><detectionScore>0.9556175</detectionScore></element><element><id>5</id><category>person</category><bounds><corner1>-0.41289857, -0.29384505, -3.37887622</corner1><corner2>0.41289857, 0.29384505, 3.37887622</corner2></bounds><pose><translation> 0.01786258, -0.65412245,  1.05496547</translation><rotation><c1>1., 0., 0.</c1><c2>0., 1., 0.</c2><c3>0., 0., 1.</c3></rotation></pose><symmetry><x>none</x><y>none</y><z>none</z></symmetry><detectionScore>0.86517155</detectionScore></element><element><id>10</id><category>door</category><bounds><corner1>-0.92395189, -1.16082994, -1.65754104</corner1><corner2>0.92395189, 1.16082994, 1.65754104</corner2></bounds><pose><translation> 0.85020186, -0.19494288,  2.76799732</translation><rotation><c1>1., 0., 0.</c1><c2>0., 1., 0.</c2><c3>0., 0., 1.</c3></rotation></pose><symmetry><x>twoFold</x><y>twoFold</y><z>twoFold</z></symmetry><detectionScore>0.9190876</detectionScore></element><element><id>3</id><category>wall</category><bounds><corner1>-1.25676694, -1.18061428, -0.07660107</corner1><corner2>1.25676694, 1.18061428, 0.07660107</corner2></bounds><pose><translation>-0.27023209, -0.0129304 ,  4.40616629</translation><rotation><c1>1., 0., 0.</c1><c2>0., 1., 0.</c2><c3>0., 0., 1.</c3></rotation></pose><symmetry><x>none</x><y>twoFold</y><z>none</z></symmetry><detectionScore>0.92868644</detectionScore></element><element><id>2</id><category>kitchen_cabinet</category><bounds><corner1>-0.17618543, -0.4417413 , -0.47175796</corner1><corner2>0.17618543, 0.4417413 , 0.47175796</corner2></bounds><pose><translation> 3.11690498, -0.98817829, -0.51130706</translation><rotation><c1>1., 0., 0.</c1><c2>0., 1., 0.</c2><c3>0., 0., 1.</c3></rotation></pose><symmetry><x>none</x><y>none</y><z>none</z></symmetry><detectionScore>0.7227715</detectionScore></element><element><id>7</id><category>person</category><bounds><corner1>-1.5259724 , -0.61007668, -1.02420351</corner1><corner2>1.5259724 , 0.61007668, 1.02420351</corner2></bounds><pose><translation> 2.12799371, -0.68816351,  0.65748614</translation><rotation><c1>1., 0., 0.</c1><c2>0., 1., 0.</c2><c3>0., 0., 1.</c3></rotation></pose><symmetry><x>none</x><y>none</y><z>none</z></symmetry><detectionScore>0.9894164</detectionScore></element><element><id>9</id><category>door</category><bounds><corner1>-0.18907169, -1.27155782, -0.45319837</corner1><corner2>0.18907169, 1.27155782, 0.45319837</corner2></bounds><pose><translation>-2.03098544, -0.60451428, -0.13277516</translation><rotation><c1>1., 0., 0.</c1><c2>0., 1., 0.</c2><c3>0., 0., 1.</c3></rotation></pose><symmetry><x>twoFold</x><y>twoFold</y><z>twoFold</z></symmetry><detectionScore>0.99807906</detectionScore></element><element><id>8</id><category>curtain</category><bounds><corner1>-0.09992825, -0.96604626, -0.44189355</corner1><corner2>0.09992825, 0.96604626, 0.44189355</corner2></bounds><pose><translation>-1.71296699,  0.14932074, -1.28256078</translation><rotation><c1>1., 0., 0.</c1><c2>0., 1., 0.</c2><c3>0., 0., 1.</c3></rotation></pose><symmetry><x>none</x><y>twoFold</y><z>none</z></symmetry><detectionScore>0.7528668</detectionScore></element><element><id>6</id><category>door</category><bounds><corner1>-0.21296088, -0.83748311, -0.23699414</corner1><corner2>0.21296088, 0.83748311, 0.23699414</corner2></bounds><pose><translation> 0.52266557, -0.11607466, -1.16597132</translation><rotation><c1>1., 0., 0.</c1><c2>0., 1., 0.</c2><c3>0., 0., 1.</c3></rotation></pose><symmetry><x>twoFold</x><y>twoFold</y><z>twoFold</z></symmetry><detectionScore>0.5966966</detectionScore></element></elements></scene>