<?xml version='1.0' encoding='utf-8'?>
<scene xmlns:sumo="https://www.sumochallenge.org"><version>2.0</version><categories><id>fb_categories_v1.0</id><url>https://sumochallenge.org/en/categories-1_0.json</url></categories><project_type>bounding_box</project_type><elements><element><id>6</id><category>refrigerator</category><bounds><corner1>-0.72830296, -0.6765964 , -0.52093984</corner1><corner2>0.72830296, 0.6765964 , 0.52093984</corner2></bounds><pose><translation> 0.3657561 , -0.09928848,  0.8690195 </translation><rotation><c1>1., 0., 0.</c1><c2>0., 1., 0.</c2><c3>0., 0., 1.</c3></rotation></pose><symmetry><x>none</x><y>none</y><z>none</z></symmetry><detectionScore>-1</detectionScore></element><element><id>7</id><category>wall</category><bounds><corner1>-0.36286366, -0.83028292, -1.05660409</corner1><corner2>0.36286366, 0.83028292, 1.05660409</corner2></bounds><pose><translation>2.14600712, 0.32536103, 0.13048763</translation><rotation><c1>1., 0., 0.</c1><c2>0., 1., 0.</c2><c3>0., 0., 1.</c3></rotation></pose><symmetry><x>none</x><y>none</y><z>none</z></symmetry><detectionScore>-1</detectionScore></element><element><id>5</id><category>door</category><bounds><corner1>-0.55675085, -1.03881884, -0.05801668</corner1><corner2>0.55675085, 1.03881884, 0.05801668</corner2></bounds><pose><translation>-1.0107127 , -0.33598609, -1.8770576 </translation><rotation><c1>1., 0., 0.</c1><c2>0., 1., 0.</c2><c3>0., 0., 1.</c3></rotation></pose><symmetry><x>none</x><y>none</y><z>none</z></symmetry><detectionScore>-1</detectionScore></element><element><id>3</id><category>tv_stand</category><bounds><corner1>-0.28086195, -0.86212852, -1.24883619</corner1><corner2>0.28086195, 0.86212852, 1.24883619</corner2></bounds><pose><translation>-3.91593598, -0.60612245,  0.28190017</translation><rotation><c1>1., 0., 0.</c1><c2>0., 1., 0.</c2><c3>0., 0., 1.</c3></rotation></pose><symmetry><x>none</x><y>none</y><z>none</z></symmetry><detectionScore>-1</detectionScore></element><element><id>4</id><category>chair</category><bounds><corner1>-0.57044327, -0.24074922, -0.04100393</corner1><corner2>0.57044327, 0.24074922, 0.04100393</corner2></bounds><pose><translation> 0.5063598 , -0.73823258, -1.09799226</translation><rotation><c1>1., 0., 0.</c1><c2>0., 1., 0.</c2><c3>0., 0., 1.</c3></rotation></pose><symmetry><x>none</x><y>none</y><z>none</z></symmetry><detectionScore>-1</detectionScore></element><element><id>2</id><category>mirror</category><bounds><corner1>-0.34986009, -0.92836087, -0.0540259 </corner1><corner2>0.34986009, 0.92836087, 0.0540259 </corner2></bounds><pose><translation>-3.41667309, -0.12917333,  2.84389672</translation><rotation><c1>1., 0., 0.</c1><c2>0., 1., 0.</c2><c3>0., 0., 1.</c3></rotation></pose><symmetry><x>none</x><y>none</y><z>none</z></symmetry><detectionScore>-1</detectionScore></element><element><id>1</id><category>wall</category><bounds><corner1>-0.44144695, -1.19649229, -2.70747072</corner1><corner2>0.44144695, 1.19649229, 2.70747072</corner2></bounds><pose><translation>-4.09514106, -0.07631526, -0.01132936</translation><rotation><c1>1., 0., 0.</c1><c2>0., 1., 0.</c2><c3>0., 0., 1.</c3></rotation></pose><symmetry><x>none</x><y>none</y><z>none</z></symmetry><detectionScore>-1</detectionScore></element></elements></scene>