<?xml version='1.0' encoding='utf-8'?>
<scene xmlns:sumo="https://www.sumochallenge.org"><version>2.0</version><categories><id>fb_categories_v1.0</id><url>https://sumochallenge.org/en/categories-1_0.json</url></categories><project_type>bounding_box</project_type><elements><element><id>12</id><category>coffee_table</category><bounds><corner1>-2.06963447, -0.2774172 , -1.33511266</corner1><corner2>2.06963447, 0.2774172 , 1.33511266</corner2></bounds><pose><translation> 2.13400277, -1.08696594, -2.73114151</translation><rotation><c1>1., 0., 0.</c1><c2>0., 1., 0.</c2><c3>0., 0., 1.</c3></rotation></pose><symmetry><x>none</x><y>none</y><z>none</z></symmetry><detectionScore>-1</detectionScore></element><element><id>11</id><category>door</category><bounds><corner1>-0.51298965, -1.0800275 , -0.33240319</corner1><corner2>0.51298965, 1.0800275 , 0.33240319</corner2></bounds><pose><translation>-2.70802786, -0.36619044,  1.82265399</translation><rotation><c1>1., 0., 0.</c1><c2>0., 1., 0.</c2><c3>0., 0., 1.</c3></rotation></pose><symmetry><x>none</x><y>none</y><z>none</z></symmetry><detectionScore>-1</detectionScore></element><element><id>7</id><category>television</category><bounds><corner1>-0.07874929, -0.35192482, -0.44487216</corner1><corner2>0.07874929, 0.35192482, 0.44487216</corner2></bounds><pose><translation> 4.67963159,  0.06820508, -3.00386943</translation><rotation><c1>1., 0., 0.</c1><c2>0., 1., 0.</c2><c3>0., 0., 1.</c3></rotation></pose><symmetry><x>none</x><y>none</y><z>none</z></symmetry><detectionScore>-1</detectionScore></element><element><id>3</id><category>door</category><bounds><corner1>-0.12070668, -1.32335951, -2.27288355</corner1><corner2>0.12070668, 1.32335951, 2.27288355</corner2></bounds><pose><translation>-5.78745192, -0.18266921, -1.91244305</translation><rotation><c1>1., 0., 0.</c1><c2>0., 1., 0.</c2><c3>0., 0., 1.</c3></rotation></pose><symmetry><x>none</x><y>none</y><z>none</z></symmetry><detectionScore>-1</detectionScore></element><element><id>5</id><category>sofa</category><bounds><corner1>-1.11077089, -0.451253  , -0.25283976</corner1><corner2>1.11077089, 0.451253  , 0.25283976</corner2></bounds><pose><translation> 0.57034548, -1.31216134, -2.16490074</translation><rotation><c1>1., 0., 0.</c1><c2>0., 1., 0.</c2><c3>0., 0., 1.</c3></rotation></pose><symmetry><x>none</x><y>none</y><z>none</z></symmetry><detectionScore>-1</detectionScore></element><element><id>9</id><category>wall</category><bounds><corner1>-2.21699967, -0.8314414 , -1.20129366</corner1><corner2>2.21699967, 0.8314414 , 1.20129366</corner2></bounds><pose><translation> 2.57305573, -0.09900277,  0.32472455</translation><rotation><c1>1., 0., 0.</c1><c2>0., 1., 0.</c2><c3>0., 0., 1.</c3></rotation></pose><symmetry><x>none</x><y>none</y><z>none</z></symmetry><detectionScore>-1</detectionScore></element><element><id>10</id><category>chandelier</category><bounds><corner1>-0.49708726, -0.02696423, -0.6991045 </corner1><corner2>0.49708726, 0.02696423, 0.6991045 </corner2></bounds><pose><translation>-3.44930601,  1.17932527,  0.29946432</translation><rotation><c1>1., 0., 0.</c1><c2>0., 1., 0.</c2><c3>0., 0., 1.</c3></rotation></pose><symmetry><x>none</x><y>none</y><z>none</z></symmetry><detectionScore>-1</detectionScore></element><element><id>4</id><category>loudspeaker</category><bounds><corner1>-0.2863947 , -0.2993591 , -0.69924333</corner1><corner2>0.2863947 , 0.2993591 , 0.69924333</corner2></bounds><pose><translation> 4.39121946, -0.85425528, -2.01068742</translation><rotation><c1>1., 0., 0.</c1><c2>0., 1., 0.</c2><c3>0., 0., 1.</c3></rotation></pose><symmetry><x>none</x><y>none</y><z>none</z></symmetry><detectionScore>-1</detectionScore></element><element><id>2</id><category>door</category><bounds><corner1>-2.4972071 , -1.14772636, -5.97953017</corner1><corner2>2.4972071 , 1.14772636, 5.97953017</corner2></bounds><pose><translation> 1.62703199, -0.05234363, -5.97953017</translation><rotation><c1>1., 0., 0.</c1><c2>0., 1., 0.</c2><c3>0., 0., 1.</c3></rotation></pose><symmetry><x>none</x><y>none</y><z>none</z></symmetry><detectionScore>-1</detectionScore></element><element><id>8</id><category>door</category><bounds><corner1>-2.20355502, -1.46002542, -0.58218263</corner1><corner2>2.20355502, 1.46002542, 0.58218263</corner2></bounds><pose><translation> 2.53898627, -0.60581062,  1.19079   </translation><rotation><c1>1., 0., 0.</c1><c2>0., 1., 0.</c2><c3>0., 0., 1.</c3></rotation></pose><symmetry><x>none</x><y>none</y><z>none</z></symmetry><detectionScore>-1</detectionScore></element></elements></scene>