<?xml version='1.0' encoding='utf-8'?>
<scene xmlns:sumo="https://www.sumochallenge.org"><version>2.0</version><categories><id>fb_categories_v1.0</id><url>https://sumochallenge.org/en/categories-1_0.json</url></categories><project_type>bounding_box</project_type><elements><element><id>6</id><category>table_lamp</category><bounds><corner1>-0.34115192, -0.27632175, -0.10683226</corner1><corner2>0.34115192, 0.27632175, 0.10683226</corner2></bounds><pose><translation>-4.17189688, -0.8223111 ,  3.98897013</translation><rotation><c1>1., 0., 0.</c1><c2>0., 1., 0.</c2><c3>0., 0., 1.</c3></rotation></pose><symmetry><x>none</x><y>none</y><z>none</z></symmetry><detectionScore>-1</detectionScore></element><element><id>7</id><category>pet</category><bounds><corner1>-0.49407937, -0.39466413, -0.46326582</corner1><corner2>0.49407937, 0.39466413, 0.46326582</corner2></bounds><pose><translation>-1.93004979, -1.44414982,  1.05002784</translation><rotation><c1>1., 0., 0.</c1><c2>0., 1., 0.</c2><c3>0., 0., 1.</c3></rotation></pose><symmetry><x>none</x><y>none</y><z>none</z></symmetry><detectionScore>-1</detectionScore></element><element><id>2</id><category>wall</category><bounds><corner1>-4.90261324, -1.21197635, -3.34174054</corner1><corner2>4.90261324, 1.21197635, 3.34174054</corner2></bounds><pose><translation>-4.90261324, -0.09070191,  0.61922833</translation><rotation><c1>1., 0., 0.</c1><c2>0., 1., 0.</c2><c3>0., 0., 1.</c3></rotation></pose><symmetry><x>none</x><y>none</y><z>none</z></symmetry><detectionScore>-1</detectionScore></element><element><id>3</id><category>picture_frame</category><bounds><corner1>-0.52335223, -0.38328931, -0.06807734</corner1><corner2>0.52335223, 0.38328931, 0.06807734</corner2></bounds><pose><translation>-3.00975598,  0.02736857,  4.00398673</translation><rotation><c1>1., 0., 0.</c1><c2>0., 1., 0.</c2><c3>0., 0., 1.</c3></rotation></pose><symmetry><x>none</x><y>none</y><z>none</z></symmetry><detectionScore>-1</detectionScore></element><element><id>4</id><category>window</category><bounds><corner1>-0.59794823, -0.68804795, -0.03912591</corner1><corner2>0.59794823, 0.68804795, 0.03912591</corner2></bounds><pose><translation> 0.35838626,  0.07903115, -1.89508377</translation><rotation><c1>1., 0., 0.</c1><c2>0., 1., 0.</c2><c3>0., 0., 1.</c3></rotation></pose><symmetry><x>none</x><y>none</y><z>none</z></symmetry><detectionScore>-1</detectionScore></element><element><id>8</id><category>curtain</category><bounds><corner1>-0.56399035, -1.43481077, -0.17400221</corner1><corner2>0.56399035, 1.43481077, 0.17400221</corner2></bounds><pose><translation>-3.15507015, -0.26124757, -1.66674818</translation><rotation><c1>1., 0., 0.</c1><c2>0., 1., 0.</c2><c3>0., 0., 1.</c3></rotation></pose><symmetry><x>none</x><y>none</y><z>none</z></symmetry><detectionScore>-1</detectionScore></element><element><id>10</id><category>plant</category><bounds><corner1>-0.40698512, -0.77769689, -0.13723011</corner1><corner2>0.40698512, 0.77769689, 0.13723011</corner2></bounds><pose><translation>-0.84395551, -0.97271578,  3.95066878</translation><rotation><c1>1., 0., 0.</c1><c2>0., 1., 0.</c2><c3>0., 0., 1.</c3></rotation></pose><symmetry><x>none</x><y>none</y><z>none</z></symmetry><detectionScore>-1</detectionScore></element></elements></scene>