<?xml version='1.0' encoding='utf-8'?>
<scene xmlns:sumo="https://www.sumochallenge.org"><version>2.0</version><categories><id>fb_categories_v1.0</id><url>https://sumochallenge.org/en/categories-1_0.json</url></categories><project_type>bounding_box</project_type><elements><element><id>6</id><category>refrigerator</category><bounds><corner1>-0.1023309 , -1.02513311, -0.55332112</corner1><corner2>0.1023309 , 1.02513311, 0.55332112</corner2></bounds><pose><translation> 3.48695375, -0.38373445, -0.77372563</translation><rotation><c1>1., 0., 0.</c1><c2>0., 1., 0.</c2><c3>0., 0., 1.</c3></rotation></pose><symmetry><x>none</x><y>none</y><z>none</z></symmetry><detectionScore>-1</detectionScore></element><element><id>7</id><category>kitchen_cabinet</category><bounds><corner1>-0.10055261, -0.41644475, -0.99188377</corner1><corner2>0.10055261, 0.41644475, 0.99188377</corner2></bounds><pose><translation>-0.69721652, -0.77369451, -2.03689269</translation><rotation><c1>1., 0., 0.</c1><c2>0., 1., 0.</c2><c3>0., 0., 1.</c3></rotation></pose><symmetry><x>none</x><y>none</y><z>none</z></symmetry><detectionScore>-1</detectionScore></element><element><id>5</id><category>kitchen_cabinet</category><bounds><corner1>-0.25158824, -1.08683497, -0.73773149</corner1><corner2>0.25158824, 1.08683497, 0.73773149</corner2></bounds><pose><translation> 3.84719731, -0.37332169,  2.35547105</translation><rotation><c1>1., 0., 0.</c1><c2>0., 1., 0.</c2><c3>0., 0., 1.</c3></rotation></pose><symmetry><x>none</x><y>none</y><z>none</z></symmetry><detectionScore>-1</detectionScore></element><element><id>3</id><category>wall</category><bounds><corner1>-2.34548402, -1.49854378, -0.32434742</corner1><corner2>2.34548402, 1.49854378, 0.32434742</corner2></bounds><pose><translation> 1.52393534,  0.01342421, -4.82673935</translation><rotation><c1>1., 0., 0.</c1><c2>0., 1., 0.</c2><c3>0., 0., 1.</c3></rotation></pose><symmetry><x>none</x><y>none</y><z>none</z></symmetry><detectionScore>-1</detectionScore></element><element><id>9</id><category>door</category><bounds><corner1>-0.62231996, -1.00720351, -1.27580839</corner1><corner2>0.62231996, 1.00720351, 1.27580839</corner2></bounds><pose><translation> 2.03102718, -0.45367159,  4.34641768</translation><rotation><c1>1., 0., 0.</c1><c2>0., 1., 0.</c2><c3>0., 0., 1.</c3></rotation></pose><symmetry><x>none</x><y>none</y><z>none</z></symmetry><detectionScore>-1</detectionScore></element><element><id>10</id><category>kitchen_cabinet</category><bounds><corner1>-0.32896184, -1.03771963, -0.5521398 </corner1><corner2>0.32896184, 1.03771963, 0.5521398 </corner2></bounds><pose><translation> 3.75574019, -0.3224355 , -1.8187506 </translation><rotation><c1>1., 0., 0.</c1><c2>0., 1., 0.</c2><c3>0., 0., 1.</c3></rotation></pose><symmetry><x>none</x><y>none</y><z>none</z></symmetry><detectionScore>-1</detectionScore></element><element><id>4</id><category>kitchen_cabinet</category><bounds><corner1>-0.76221535, -1.05963735, -0.35498604</corner1><corner2>0.76221535, 1.05963735, 0.35498604</corner2></bounds><pose><translation> 3.28839685, -0.34561261, -4.8476046 </translation><rotation><c1>1., 0., 0.</c1><c2>0., 1., 0.</c2><c3>0., 0., 1.</c3></rotation></pose><symmetry><x>none</x><y>none</y><z>none</z></symmetry><detectionScore>-1</detectionScore></element><element><id>2</id><category>arch</category><bounds><corner1>-0.34063699, -2.52109679, -1.00491203</corner1><corner2>0.34063699, 2.52109679, 1.00491203</corner2></bounds><pose><translation>-0.94336645, -0.03398294, -2.04493693</translation><rotation><c1>1., 0., 0.</c1><c2>0., 1., 0.</c2><c3>0., 0., 1.</c3></rotation></pose><symmetry><x>none</x><y>none</y><z>none</z></symmetry><detectionScore>-1</detectionScore></element><element><id>1</id><category>kitchen_cabinet</category><bounds><corner1>-0.78020496, -1.14118932, -0.32086368</corner1><corner2>0.78020496, 1.14118932, 0.32086368</corner2></bounds><pose><translation> 1.4585085 , -0.47504867, -4.78675316</translation><rotation><c1>1., 0., 0.</c1><c2>0., 1., 0.</c2><c3>0., 0., 1.</c3></rotation></pose><symmetry><x>none</x><y>none</y><z>none</z></symmetry><detectionScore>-1</detectionScore></element><element><id>8</id><category>kitchen_cabinet</category><bounds><corner1>-0.32151081, -1.0739121 , -0.60237239</corner1><corner2>0.32151081, 1.0739121 , 0.60237239</corner2></bounds><pose><translation> 3.76362229, -0.25759618, -2.56208087</translation><rotation><c1>1., 0., 0.</c1><c2>0., 1., 0.</c2><c3>0., 0., 1.</c3></rotation></pose><symmetry><x>none</x><y>none</y><z>none</z></symmetry><detectionScore>-1</detectionScore></element></elements></scene>