<?xml version='1.0' encoding='utf-8'?>
<scene xmlns:sumo="https://www.sumochallenge.org"><version>2.0</version><categories><id>fb_categories_v1_0</id><url>https://sumochallenge.org/en/categories-1_0.json</url></categories><project_type>bounding_box</project_type><elements><element><id>0</id><category>curtain</category><bounds><corner1>-2.211832095869664, -1.4594306515802469, -1.9928994239614353</corner1><corner2>2.211832095869664, 1.4594306515802469, 1.9928994239614353</corner2></bounds><pose><translation>2.9627667192304448, -0.2624498632020361, -5.953859931349259</translation><rotation><c1>1, 0, 0</c1><c2>0, 1, 0</c2><c3>0, 0, 1</c3></rotation></pose><symmetry><x>twoFold</x><y>cylindrical</y><z>twoFold</z></symmetry><detectionScore>-1.0</detectionScore></element><element><id>1</id><category>window</category><bounds><corner1>-1.9369435957341126, -1.119265257643421, -0.2925204102127532</corner1><corner2>1.9369435957341126, 1.119265257643421, 0.2925204102127532</corner2></bounds><pose><translation>2.9659621756306325, -0.16852741904411175, -5.963626596882283</translation><rotation><c1>1, 0, 0</c1><c2>0, 1, 0</c2><c3>0, 0, 1</c3></rotation></pose><symmetry><x>twoFold</x><y>cylindrical</y><z>twoFold</z></symmetry><detectionScore>-1.0</detectionScore></element><element><id>2</id><category>wall</category><bounds><corner1>-2.4696679459700115, -1.4267311736915749, -6.105684825038383</corner1><corner2>2.4696679459700115, 1.4267311736915749, 6.105684825038383</corner2></bounds><pose><translation>-2.4696679459700115, -0.1026440906347594, -6.105684825038383</translation><rotation><c1>1, 0, 0</c1><c2>0, 1, 0</c2><c3>0, 0, 1</c3></rotation></pose><symmetry><x>twoFold</x><y>cylindrical</y><z>twoFold</z></symmetry><detectionScore>-1.0</detectionScore></element><element><id>3</id><category>coffee_table</category><bounds><corner1>-0.6252069958699291, -0.6351267245900444, -2.167803365528005</corner1><corner2>0.6252069958699291, 0.6351267245900444, 2.167803365528005</corner2></bounds><pose><translation>4.76687875633209, -1.304146635580147, -3.038009488435241</translation><rotation><c1>1, 0, 0</c1><c2>0, 1, 0</c2><c3>0, 0, 1</c3></rotation></pose><symmetry><x>twoFold</x><y>cylindrical</y><z>twoFold</z></symmetry><detectionScore>-1.0</detectionScore></element><element><id>4</id><category>chair</category><bounds><corner1>-0.594255323959155, -0.5867820046880637, -1.7540505851538493</corner1><corner2>0.594255323959155, 0.5867820046880637, 1.7540505851538493</corner2></bounds><pose><translation>4.778434383331708, -1.2645322895177613, -2.7474023121166575</translation><rotation><c1>1, 0, 0</c1><c2>0, 1, 0</c2><c3>0, 0, 1</c3></rotation></pose><symmetry><x>twoFold</x><y>cylindrical</y><z>twoFold</z></symmetry><detectionScore>-1.0</detectionScore></element><element><id>5</id><category>wall</category><bounds><corner1>-1.7675540895650863, -1.9503588623712123, -0.19813736218695643</corner1><corner2>1.7675540895650863, 1.9503588623712123, 0.19813736218695643</corner2></bounds><pose><translation>0.3243114843380493, 0.05120798894813775, 2.3829530797780354</translation><rotation><c1>1, 0, 0</c1><c2>0, 1, 0</c2><c3>0, 0, 1</c3></rotation></pose><symmetry><x>twoFold</x><y>cylindrical</y><z>twoFold</z></symmetry><detectionScore>-1.0</detectionScore></element><element><id>6</id><category>armchair</category><bounds><corner1>-2.533528457949464, -0.9803965495804465, -4.170376618964183</corner1><corner2>2.533528457949464, 0.9803965495804465, 4.170376618964183</corner2></bounds><pose><translation>-2.533528457949464, -0.9803965495804465, -4.170376618964183</translation><rotation><c1>1, 0, 0</c1><c2>0, 1, 0</c2><c3>0, 0, 1</c3></rotation></pose><symmetry><x>twoFold</x><y>cylindrical</y><z>twoFold</z></symmetry><detectionScore>-1.0</detectionScore></element><element><id>7</id><category>hanging_kitchen_cabinet</category><bounds><corner1>-1.298985334087977, -0.8372648962547781, -0.9268548520609903</corner1><corner2>1.298985334087977, 0.8372648962547781, 0.9268548520609903</corner2></bounds><pose><translation>-3.975103073661258, 0.3402339645312126, 1.4366136411022818</translation><rotation><c1>1, 0, 0</c1><c2>0, 1, 0</c2><c3>0, 0, 1</c3></rotation></pose><symmetry><x>twoFold</x><y>cylindrical</y><z>twoFold</z></symmetry><detectionScore>-1.0</detectionScore></element><element><id>8</id><category>door</category><bounds><corner1>-1.3258338150903484, -1.223592198227784, -1.8079396102697207</corner1><corner2>1.3258338150903484, 1.223592198227784, 1.8079396102697207</corner2></bounds><pose><translation>4.089210281074106, -0.410167820099268, 2.387228676551866</translation><rotation><c1>1, 0, 0</c1><c2>0, 1, 0</c2><c3>0, 0, 1</c3></rotation></pose><symmetry><x>twoFold</x><y>cylindrical</y><z>twoFold</z></symmetry><detectionScore>-1.0</detectionScore></element><element><id>9</id><category>armchair</category><bounds><corner1>-1.5561182592985858, -0.6393442936544458, -0.2734332707317315</corner1><corner2>1.5561182592985858, 0.6393442936544458, 0.2734332707317315</corner2></bounds><pose><translation>0.2968151657070243, -1.2386336009775807, -2.8459672826449443</translation><rotation><c1>1, 0, 0</c1><c2>0, 1, 0</c2><c3>0, 0, 1</c3></rotation></pose><symmetry><x>twoFold</x><y>cylindrical</y><z>twoFold</z></symmetry><detectionScore>-1.0</detectionScore></element><element><id>10</id><category>wall</category><bounds><corner1>-1.0177180586134673, -1.3327077073065885, -3.706984043860686</corner1><corner2>1.0177180586134673, 1.3327077073065885, 3.706984043860686</corner2></bounds><pose><translation>-1.011128682344434, -0.019695824219520302, -6.6867162028270215</translation><rotation><c1>1, 0, 0</c1><c2>0, 1, 0</c2><c3>0, 0, 1</c3></rotation></pose><symmetry><x>twoFold</x><y>cylindrical</y><z>twoFold</z></symmetry><detectionScore>-1.0</detectionScore></element><element><id>11</id><category>stairs</category><bounds><corner1>-1.9859794707376122, -1.9641661869259637, -0.24050816058958313</corner1><corner2>1.9859794707376122, 1.9641661869259637, 0.24050816058958313</corner2></bounds><pose><translation>0.3598307715544345, -0.0012616916267376899, 2.3405822813754087</translation><rotation><c1>1, 0, 0</c1><c2>0, 1, 0</c2><c3>0, 0, 1</c3></rotation></pose><symmetry><x>twoFold</x><y>cylindrical</y><z>twoFold</z></symmetry><detectionScore>-1.0</detectionScore></element><element><id>12</id><category>window</category><bounds><corner1>-1.1089472638571167, -0.8234404480624479, -1.1946468860107613</corner1><corner2>1.1089472638571167, 0.8234404480624479, 1.1946468860107613</corner2></bounds><pose><translation>-3.9994845476206318, 0.16654849839507624, 1.1512708101673113</translation><rotation><c1>1, 0, 0</c1><c2>0, 1, 0</c2><c3>0, 0, 1</c3></rotation></pose><symmetry><x>twoFold</x><y>cylindrical</y><z>twoFold</z></symmetry><detectionScore>-1.0</detectionScore></element><element><id>13</id><category>rug</category><bounds><corner1>-3.2211829547395867, -0.16559095913758193, -0.12093562100376465</corner1><corner2>3.2211829547395867, 0.16559095913758193, 0.12093562100376465</corner2></bounds><pose><translation>1.9128487364263063, -0.8346108701276845, -0.9265656256415116</translation><rotation><c1>1, 0, 0</c1><c2>0, 1, 0</c2><c3>0, 0, 1</c3></rotation></pose><symmetry><x>twoFold</x><y>cylindrical</y><z>twoFold</z></symmetry><detectionScore>-1.0</detectionScore></element><element><id>14</id><category>wall</category><bounds><corner1>-1.9759004785636218, -1.4426844073313467, -3.13879046919948</corner1><corner2>1.9759004785636218, 1.4426844073313467, 3.13879046919948</corner2></bounds><pose><translation>-4.062553018822375, -0.07365434940056742, -0.7878445204875549</translation><rotation><c1>1, 0, 0</c1><c2>0, 1, 0</c2><c3>0, 0, 1</c3></rotation></pose><symmetry><x>twoFold</x><y>cylindrical</y><z>twoFold</z></symmetry><detectionScore>-1.0</detectionScore></element><element><id>15</id><category>coffee_table</category><bounds><corner1>-3.1879454792656032, -0.5102895102480559, -1.4644699005558754</corner1><corner2>3.1879454792656032, 0.5102895102480559, 1.4644699005558754</corner2></bounds><pose><translation>1.967814520475982, -1.4191273301080705, -3.0976074162821656</translation><rotation><c1>1, 0, 0</c1><c2>0, 1, 0</c2><c3>0, 0, 1</c3></rotation></pose><symmetry><x>twoFold</x><y>cylindrical</y><z>twoFold</z></symmetry><detectionScore>-1.0</detectionScore></element><element><id>16</id><category>chair</category><bounds><corner1>-1.3887249446131054, -0.5857693414396813, -0.8474917783353395</corner1><corner2>1.3887249446131054, 0.5857693414396813, 0.8474917783353395</corner2></bounds><pose><translation>-3.954487079971194, -1.119346147039624, -2.969024787144019</translation><rotation><c1>1, 0, 0</c1><c2>0, 1, 0</c2><c3>0, 0, 1</c3></rotation></pose><symmetry><x>twoFold</x><y>cylindrical</y><z>twoFold</z></symmetry><detectionScore>-1.0</detectionScore></element><element><id>17</id><category>wall</category><bounds><corner1>-3.0900558117550134, -1.4261176132264064, -5.824583461317507</corner1><corner2>3.0900558117550134, 1.4261176132264064, 5.824583461317507</corner2></bounds><pose><translation>-3.0900558117550134, -0.09683989600101352, -5.824583461317507</translation><rotation><c1>1, 0, 0</c1><c2>0, 1, 0</c2><c3>0, 0, 1</c3></rotation></pose><symmetry><x>twoFold</x><y>cylindrical</y><z>twoFold</z></symmetry><detectionScore>-1.0</detectionScore></element><element><id>18</id><category>window</category><bounds><corner1>-1.8903406926685526, -1.078314108668018, -6.547706462353988</corner1><corner2>1.8903406926685526, 1.078314108668018, 6.547706462353988</corner2></bounds><pose><translation>-1.8903406926685526, 0.058242599380932424, -6.547706462353988</translation><rotation><c1>1, 0, 0</c1><c2>0, 1, 0</c2><c3>0, 0, 1</c3></rotation></pose><symmetry><x>twoFold</x><y>cylindrical</y><z>twoFold</z></symmetry><detectionScore>-1.0</detectionScore></element><element><id>19</id><category>dresser</category><bounds><corner1>-0.40492072764800047, -0.5402870780582317, -0.5134368881935356</corner1><corner2>0.40492072764800047, 0.5402870780582317, 0.5134368881935356</corner2></bounds><pose><translation>-0.6687823829807885, -1.2907493969459092, 2.044588009134408</translation><rotation><c1>1, 0, 0</c1><c2>0, 1, 0</c2><c3>0, 0, 1</c3></rotation></pose><symmetry><x>twoFold</x><y>cylindrical</y><z>twoFold</z></symmetry><detectionScore>-1.0</detectionScore></element><element><id>20</id><category>plant</category><bounds><corner1>-1.7430690363138597, -0.8139504280406522, -3.272313116121476</corner1><corner2>1.7430690363138597, 0.8139504280406522, 3.272313116121476</corner2></bounds><pose><translation>-0.5988142187198887, -0.8432492673080098, -6.120745292158787</translation><rotation><c1>1, 0, 0</c1><c2>0, 1, 0</c2><c3>0, 0, 1</c3></rotation></pose><symmetry><x>twoFold</x><y>cylindrical</y><z>twoFold</z></symmetry><detectionScore>-1.0</detectionScore></element><element><id>21</id><category>plant</category><bounds><corner1>-3.2395080448900977, -1.5072604276006087, -5.75249973758567</corner1><corner2>3.2395080448900977, 1.5072604276006087, 5.75249973758567</corner2></bounds><pose><translation>-3.2395080448900977, -0.447001347508271, -5.75249973758567</translation><rotation><c1>1, 0, 0</c1><c2>0, 1, 0</c2><c3>0, 0, 1</c3></rotation></pose><symmetry><x>twoFold</x><y>cylindrical</y><z>twoFold</z></symmetry><detectionScore>-1.0</detectionScore></element><element><id>22</id><category>door</category><bounds><corner1>-1.9748507915392106, -1.4541391875553111, -1.762683668249073</corner1><corner2>1.9748507915392106, 1.4541391875553111, 1.762683668249073</corner2></bounds><pose><translation>2.9120837181092925, -0.2153074529479277, -5.962447400545956</translation><rotation><c1>1, 0, 0</c1><c2>0, 1, 0</c2><c3>0, 0, 1</c3></rotation></pose><symmetry><x>twoFold</x><y>cylindrical</y><z>twoFold</z></symmetry><detectionScore>-1.0</detectionScore></element><element><id>23</id><category>stand</category><bounds><corner1>-0.38492407713415433, -0.5253988067311638, -0.5114015371521097</corner1><corner2>0.38492407713415433, 0.5253988067311638, 0.5114015371521097</corner2></bounds><pose><translation>-0.6549538037236018, -1.307548092856569, 2.042960512955699</translation><rotation><c1>1, 0, 0</c1><c2>0, 1, 0</c2><c3>0, 0, 1</c3></rotation></pose><symmetry><x>twoFold</x><y>cylindrical</y><z>twoFold</z></symmetry><detectionScore>-1.0</detectionScore></element><element><id>24</id><category>armchair</category><bounds><corner1>-1.4555042765224866, -0.5679742670796407, -0.8293362232729327</corner1><corner2>1.4555042765224866, 0.5679742670796407, 0.8293362232729327</corner2></bounds><pose><translation>-3.992475096012339, -1.0998400974498452, -2.943627489182766</translation><rotation><c1>1, 0, 0</c1><c2>0, 1, 0</c2><c3>0, 0, 1</c3></rotation></pose><symmetry><x>twoFold</x><y>cylindrical</y><z>twoFold</z></symmetry><detectionScore>-1.0</detectionScore></element><element><id>25</id><category>chair</category><bounds><corner1>-0.3907050587247958, -0.4487458739005017, -0.606520124177163</corner1><corner2>0.3907050587247958, 0.4487458739005017, 0.606520124177163</corner2></bounds><pose><translation>-2.5947087072479254, -0.9057707221229467, -3.133768870018784</translation><rotation><c1>1, 0, 0</c1><c2>0, 1, 0</c2><c3>0, 0, 1</c3></rotation></pose><symmetry><x>twoFold</x><y>cylindrical</y><z>twoFold</z></symmetry><detectionScore>-1.0</detectionScore></element><element><id>26</id><category>wall</category><bounds><corner1>-0.1431814970841847, -1.4836199299337673, -3.1331797273140296</corner1><corner2>0.1431814970841847, 1.4836199299337673, 3.1331797273140296</corner2></bounds><pose><translation>5.3027298880650315, -0.1504478607074339, -0.863899159150977</translation><rotation><c1>1, 0, 0</c1><c2>0, 1, 0</c2><c3>0, 0, 1</c3></rotation></pose><symmetry><x>twoFold</x><y>cylindrical</y><z>twoFold</z></symmetry><detectionScore>-1.0</detectionScore></element><element><id>27</id><category>chair</category><bounds><corner1>-0.6564797306770978, -0.6006568478267373, -1.2677171052200449</corner1><corner2>0.6564797306770978, 0.6006568478267373, 1.2677171052200449</corner2></bounds><pose><translation>-2.5061402310826324, -1.0895384040588352, -4.005296986557356</translation><rotation><c1>1, 0, 0</c1><c2>0, 1, 0</c2><c3>0, 0, 1</c3></rotation></pose><symmetry><x>twoFold</x><y>cylindrical</y><z>twoFold</z></symmetry><detectionScore>-1.0</detectionScore></element><element><id>28</id><category>sofa</category><bounds><corner1>-1.5760112195382807, -0.5923108427381756, -0.19757855779627365</corner1><corner2>1.5760112195382807, 0.5923108427381756, 0.19757855779627365</corner2></bounds><pose><translation>0.34850400684735544, -1.1916001500613105, -2.8554850857139726</translation><rotation><c1>1, 0, 0</c1><c2>0, 1, 0</c2><c3>0, 0, 1</c3></rotation></pose><symmetry><x>twoFold</x><y>cylindrical</y><z>twoFold</z></symmetry><detectionScore>-1.0</detectionScore></element><element><id>29</id><category>range_hood</category><bounds><corner1>-0.44550775835250755, -0.9176091992524928, -0.28997711800007053</corner1><corner2>0.44550775835250755, 0.9176091992524928, 0.28997711800007053</corner2></bounds><pose><translation>-2.9428576119133223, 0.5010410503043707, 2.1254651639417923</translation><rotation><c1>1, 0, 0</c1><c2>0, 1, 0</c2><c3>0, 0, 1</c3></rotation></pose><symmetry><x>twoFold</x><y>cylindrical</y><z>twoFold</z></symmetry><detectionScore>-1.0</detectionScore></element><element><id>30</id><category>clock</category><bounds><corner1>-1.0365764165611049, -0.2720867903304791, -0.08145092479500482</corner1><corner2>1.0365764165611049, 0.2720867903304791, 0.08145092479500482</corner2></bounds><pose><translation>-1.8652225427693, 0.6964290207613237, 2.39481119597255</translation><rotation><c1>1, 0, 0</c1><c2>0, 1, 0</c2><c3>0, 0, 1</c3></rotation></pose><symmetry><x>twoFold</x><y>cylindrical</y><z>twoFold</z></symmetry><detectionScore>-1.0</detectionScore></element><element><id>31</id><category>wall</category><bounds><corner1>-2.5865498527776505, -1.468981852988868, -3.0451540369718577</corner1><corner2>2.5865498527776505, 1.468981852988868, 3.0451540369718577</corner2></bounds><pose><translation>2.7007447618824716, -0.14668977496652164, -5.961894662407253</translation><rotation><c1>1, 0, 0</c1><c2>0, 1, 0</c2><c3>0, 0, 1</c3></rotation></pose><symmetry><x>twoFold</x><y>cylindrical</y><z>twoFold</z></symmetry><detectionScore>-1.0</detectionScore></element><element><id>32</id><category>floor_lamp</category><bounds><corner1>-0.1601204822458655, -1.26474589623342, -2.2138756540355224</corner1><corner2>0.1601204822458655, 1.26474589623342, 2.2138756540355224</corner2></bounds><pose><translation>5.234854962974622, -0.6221641401987819, -3.1543956955379415</translation><rotation><c1>1, 0, 0</c1><c2>0, 1, 0</c2><c3>0, 0, 1</c3></rotation></pose><symmetry><x>twoFold</x><y>cylindrical</y><z>twoFold</z></symmetry><detectionScore>-1.0</detectionScore></element><element><id>33</id><category>shelving</category><bounds><corner1>-0.5398521980701028, -1.4326547477070772, -0.687364103978506</corner1><corner2>0.5398521980701028, 1.4326547477070772, 0.687364103978506</corner2></bounds><pose><translation>-4.1917167236104005, -0.2595570889093724, -1.3783439672593765</translation><rotation><c1>1, 0, 0</c1><c2>0, 1, 0</c2><c3>0, 0, 1</c3></rotation></pose><symmetry><x>twoFold</x><y>cylindrical</y><z>twoFold</z></symmetry><detectionScore>-1.0</detectionScore></element><element><id>34</id><category>wall</category><bounds><corner1>-1.2911517173779687, -1.0116943572683104, -1.807688119288505</corner1><corner2>1.2911517173779687, 1.0116943572683104, 1.807688119288505</corner2></bounds><pose><translation>4.123892378786485, -0.1982699791397944, 2.3874801675330817</translation><rotation><c1>1, 0, 0</c1><c2>0, 1, 0</c2><c3>0, 0, 1</c3></rotation></pose><symmetry><x>twoFold</x><y>cylindrical</y><z>twoFold</z></symmetry><detectionScore>-1.0</detectionScore></element><element><id>35</id><category>window</category><bounds><corner1>-1.8050375050402119, -1.4128370760096836, -1.8377597524294589</corner1><corner2>1.8050375050402119, 1.4128370760096836, 1.8377597524294589</corner2></bounds><pose><translation>-4.010609217024369, -0.09379712288859615, -4.3676986395353286</translation><rotation><c1>1, 0, 0</c1><c2>0, 1, 0</c2><c3>0, 0, 1</c3></rotation></pose><symmetry><x>twoFold</x><y>cylindrical</y><z>twoFold</z></symmetry><detectionScore>-1.0</detectionScore></element><element><id>36</id><category>kitchen_cabinet</category><bounds><corner1>-0.9280929900940913, -0.3121670009799308, -0.9869643601057829</corner1><corner2>0.9280929900940913, 0.3121670009799308, 0.9869643601057829</corner2></bounds><pose><translation>-2.598111528002529, -0.7897145573841612, 1.4040084262612584</translation><rotation><c1>1, 0, 0</c1><c2>0, 1, 0</c2><c3>0, 0, 1</c3></rotation></pose><symmetry><x>twoFold</x><y>cylindrical</y><z>twoFold</z></symmetry><detectionScore>-1.0</detectionScore></element></elements></scene>