<?xml version='1.0' encoding='utf-8'?>
<scene xmlns:sumo="https://www.sumochallenge.org"><version>2.0</version><categories><id>fb_categories_v1_0</id><url>https://sumochallenge.org/en/categories-1_0.json</url></categories><project_type>bounding_box</project_type><elements><element><id>0</id><category>wall</category><bounds><corner1>-0.7001132548632025, -1.3658896275590278, -3.821478631892031</corner1><corner2>0.7001132548632025, 1.3658896275590278, 3.821478631892031</corner2></bounds><pose><translation>10.35859848317744, -0.09397448819217685, 0.8347742098107424</translation><rotation><c1>1, 0, 0</c1><c2>0, 1, 0</c2><c3>0, 0, 1</c3></rotation></pose><symmetry><x>twoFold</x><y>cylindrical</y><z>twoFold</z></symmetry><detectionScore>-1.0</detectionScore></element><element><id>1</id><category>partition</category><bounds><corner1>-4.246512174580906, -1.2815289636841583, -0.5218305161653496</corner1><corner2>4.246512174580906, 1.2815289636841583, 0.5218305161653496</corner2></bounds><pose><translation>6.75250004260261, -0.01978133297486095, -3.657466777276565</translation><rotation><c1>1, 0, 0</c1><c2>0, 1, 0</c2><c3>0, 0, 1</c3></rotation></pose><symmetry><x>twoFold</x><y>cylindrical</y><z>twoFold</z></symmetry><detectionScore>-1.0</detectionScore></element><element><id>2</id><category>chandelier</category><bounds><corner1>-4.247029713347852, -0.3747982562509644, -0.5251034047024121</corner1><corner2>4.247029713347852, 0.3747982562509644, 0.5251034047024121</corner2></bounds><pose><translation>6.751982503835664, 0.923028341593991, -3.545725772939763</translation><rotation><c1>1, 0, 0</c1><c2>0, 1, 0</c2><c3>0, 0, 1</c3></rotation></pose><symmetry><x>twoFold</x><y>cylindrical</y><z>twoFold</z></symmetry><detectionScore>-1.0</detectionScore></element><element><id>3</id><category>desk</category><bounds><corner1>-1.3081968886199564, -0.8535015002863557, -1.251352104462733</corner1><corner2>1.3081968886199564, 0.8535015002863557, 1.251352104462733</corner2></bounds><pose><translation>-0.689041834349076, -1.3355346051441994, 3.7636796188536157</translation><rotation><c1>1, 0, 0</c1><c2>0, 1, 0</c2><c3>0, 0, 1</c3></rotation></pose><symmetry><x>twoFold</x><y>cylindrical</y><z>twoFold</z></symmetry><detectionScore>-1.0</detectionScore></element><element><id>4</id><category>table_and_chair</category><bounds><corner1>-7.429883113594339, -0.9749472307641148, -2.2122968146709496</corner1><corner2>7.429883113594339, 0.9749472307641148, 2.2122968146709496</corner2></bounds><pose><translation>3.6234285642348274, -1.5354844098132494, -0.312048788364901</translation><rotation><c1>1, 0, 0</c1><c2>0, 1, 0</c2><c3>0, 0, 1</c3></rotation></pose><symmetry><x>twoFold</x><y>cylindrical</y><z>twoFold</z></symmetry><detectionScore>-1.0</detectionScore></element><element><id>5</id><category>shelving</category><bounds><corner1>-0.5313599786784152, -1.1790471742074988, -1.816035271448737</corner1><corner2>0.5313599786784152, 1.1790471742074988, 1.816035271448737</corner2></bounds><pose><translation>-1.241315202637444, -0.5348350228460573, -5.445681662929324</translation><rotation><c1>1, 0, 0</c1><c2>0, 1, 0</c2><c3>0, 0, 1</c3></rotation></pose><symmetry><x>twoFold</x><y>cylindrical</y><z>twoFold</z></symmetry><detectionScore>-1.0</detectionScore></element><element><id>6</id><category>door</category><bounds><corner1>-3.763933587180672, -1.544592104111009, -2.662061169129152</corner1><corner2>3.763933587180672, 1.544592104111009, 2.662061169129152</corner2></bounds><pose><translation>7.323060109148393, -0.2572594966896102, -3.4483610219779557</translation><rotation><c1>1, 0, 0</c1><c2>0, 1, 0</c2><c3>0, 0, 1</c3></rotation></pose><symmetry><x>twoFold</x><y>cylindrical</y><z>twoFold</z></symmetry><detectionScore>-1.0</detectionScore></element><element><id>7</id><category>wall</category><bounds><corner1>-4.2452070813735565, -1.2683480099915272, -0.5317859565923895</corner1><corner2>4.2452070813735565, 1.2683480099915272, 0.5317859565923895</corner2></bounds><pose><translation>6.75380513580996, -0.0066003792822298185, -3.667422217703605</translation><rotation><c1>1, 0, 0</c1><c2>0, 1, 0</c2><c3>0, 0, 1</c3></rotation></pose><symmetry><x>twoFold</x><y>cylindrical</y><z>twoFold</z></symmetry><detectionScore>-1.0</detectionScore></element><element><id>8</id><category>refrigerator</category><bounds><corner1>-4.245670824875904, -1.3317409005119902, -0.7107603925090129</corner1><corner2>4.245670824875904, 1.3317409005119902, 0.7107603925090129</corner2></bounds><pose><translation>6.762568313759304, -0.5693532907664873, -3.6946699195449995</translation><rotation><c1>1, 0, 0</c1><c2>0, 1, 0</c2><c3>0, 0, 1</c3></rotation></pose><symmetry><x>twoFold</x><y>cylindrical</y><z>twoFold</z></symmetry><detectionScore>-1.0</detectionScore></element><element><id>9</id><category>partition</category><bounds><corner1>-0.14872326583803464, -1.4810376410460373, -0.4921677827987829</corner1><corner2>0.14872326583803464, 1.4810376410460373, 0.4921677827987829</corner2></bounds><pose><translation>6.731053039273933, -0.19060785998376092, -4.298318207269882</translation><rotation><c1>1, 0, 0</c1><c2>0, 1, 0</c2><c3>0, 0, 1</c3></rotation></pose><symmetry><x>twoFold</x><y>cylindrical</y><z>twoFold</z></symmetry><detectionScore>-1.0</detectionScore></element><element><id>10</id><category>wall</category><bounds><corner1>-2.7211209125800098, -1.512455900450307, -0.14069837862663803</corner1><corner2>2.7211209125800098, 1.512455900450307, 0.14069837862663803</corner2></bounds><pose><translation>1.2598477421829946, -0.16620146156769633, 4.87961487297476</translation><rotation><c1>1, 0, 0</c1><c2>0, 1, 0</c2><c3>0, 0, 1</c3></rotation></pose><symmetry><x>twoFold</x><y>cylindrical</y><z>twoFold</z></symmetry><detectionScore>-1.0</detectionScore></element><element><id>11</id><category>partition</category><bounds><corner1>-4.306745361260183, -1.3954768725221245, -1.5760996861979666</corner1><corner2>4.306745361260183, 1.3954768725221245, 1.5760996861979666</corner2></bounds><pose><translation>6.780248335068882, -0.09686184297190398, -1.0046549414271788</translation><rotation><c1>1, 0, 0</c1><c2>0, 1, 0</c2><c3>0, 0, 1</c3></rotation></pose><symmetry><x>twoFold</x><y>cylindrical</y><z>twoFold</z></symmetry><detectionScore>-1.0</detectionScore></element><element><id>12</id><category>wall</category><bounds><corner1>-3.303109946819121, -1.4080356603517465, -1.6613322150640069</corner1><corner2>3.303109946819121, 1.4080356603517465, 1.6613322150640069</corner2></bounds><pose><translation>1.8737155392065248, -0.08231859018497784, -5.593971488578213</translation><rotation><c1>1, 0, 0</c1><c2>0, 1, 0</c2><c3>0, 0, 1</c3></rotation></pose><symmetry><x>twoFold</x><y>cylindrical</y><z>twoFold</z></symmetry><detectionScore>-1.0</detectionScore></element><element><id>13</id><category>wall</category><bounds><corner1>-4.284382548252599, -1.393976975601734, -2.3751072763006342</corner1><corner2>4.284382548252599, 1.393976975601734, 2.3751072763006342</corner2></bounds><pose><translation>6.802611148076466, -0.11284380189199048, -2.5083349625710016</translation><rotation><c1>1, 0, 0</c1><c2>0, 1, 0</c2><c3>0, 0, 1</c3></rotation></pose><symmetry><x>twoFold</x><y>cylindrical</y><z>twoFold</z></symmetry><detectionScore>-1.0</detectionScore></element><element><id>14</id><category>wall</category><bounds><corner1>-0.12777860156401566, -0.45369971113375024, -0.27260063686434766</corner1><corner2>0.12777860156401566, 0.45369971113375024, 0.27260063686434766</corner2></bounds><pose><translation>6.729634823723056, -0.05914295761683998, -4.476732938632849</translation><rotation><c1>1, 0, 0</c1><c2>0, 1, 0</c2><c3>0, 0, 1</c3></rotation></pose><symmetry><x>twoFold</x><y>cylindrical</y><z>twoFold</z></symmetry><detectionScore>-1.0</detectionScore></element><element><id>15</id><category>door</category><bounds><corner1>-4.244688250756462, -1.3389245284670974, -0.5258988446991832</corner1><corner2>4.244688250756462, 1.3389245284670974, 0.5258988446991832</corner2></bounds><pose><translation>6.772160249575793, -0.40364901897274014, -3.669239880568271</translation><rotation><c1>1, 0, 0</c1><c2>0, 1, 0</c2><c3>0, 0, 1</c3></rotation></pose><symmetry><x>twoFold</x><y>cylindrical</y><z>twoFold</z></symmetry><detectionScore>-1.0</detectionScore></element><element><id>16</id><category>kitchen_cabinet</category><bounds><corner1>-4.24929448907944, -1.320819145831603, -0.5269441528801653</corner1><corner2>4.24929448907944, 1.320819145831603, 0.5269441528801653</corner2></bounds><pose><translation>6.767554011252815, -0.3855436363372457, -3.672748663769745</translation><rotation><c1>1, 0, 0</c1><c2>0, 1, 0</c2><c3>0, 0, 1</c3></rotation></pose><symmetry><x>twoFold</x><y>cylindrical</y><z>twoFold</z></symmetry><detectionScore>-1.0</detectionScore></element><element><id>17</id><category>loudspeaker</category><bounds><corner1>-0.31445282865413005, -0.6451583814820044, -1.6237457702645357</corner1><corner2>0.31445282865413005, 0.6451583814820044, 1.6237457702645357</corner2></bounds><pose><translation>-1.2229775362306086, -1.1200370037091418, 2.855340082223592</translation><rotation><c1>1, 0, 0</c1><c2>0, 1, 0</c2><c3>0, 0, 1</c3></rotation></pose><symmetry><x>twoFold</x><y>cylindrical</y><z>twoFold</z></symmetry><detectionScore>-1.0</detectionScore></element><element><id>18</id><category>armchair</category><bounds><corner1>-1.1955978763079655, -0.5119639310412166, -0.5933226382627046</corner1><corner2>1.1955978763079655, 0.5119639310412166, 0.5933226382627046</corner2></bounds><pose><translation>1.7145029819751167, -1.2528169048333395, -4.317396440102375</translation><rotation><c1>1, 0, 0</c1><c2>0, 1, 0</c2><c3>0, 0, 1</c3></rotation></pose><symmetry><x>twoFold</x><y>cylindrical</y><z>twoFold</z></symmetry><detectionScore>-1.0</detectionScore></element><element><id>19</id><category>kitchen_cabinet</category><bounds><corner1>-4.310437172920471, -1.3829531314915913, -1.6388560431552857</corner1><corner2>4.310437172920471, 1.3829531314915913, 1.6388560431552857</corner2></bounds><pose><translation>6.776556523408594, -0.07470525904471882, -0.8946040358218187</translation><rotation><c1>1, 0, 0</c1><c2>0, 1, 0</c2><c3>0, 0, 1</c3></rotation></pose><symmetry><x>twoFold</x><y>cylindrical</y><z>twoFold</z></symmetry><detectionScore>-1.0</detectionScore></element><element><id>20</id><category>partition</category><bounds><corner1>-0.20127322741300802, -1.512000799022588, -1.4069097344423231</corner1><corner2>0.20127322741300802, 1.512000799022588, 1.4069097344423231</corner2></bounds><pose><translation>6.718192660562061, -0.21658373882111404, -4.494455673095651</translation><rotation><c1>1, 0, 0</c1><c2>0, 1, 0</c2><c3>0, 0, 1</c3></rotation></pose><symmetry><x>twoFold</x><y>cylindrical</y><z>twoFold</z></symmetry><detectionScore>-1.0</detectionScore></element><element><id>21</id><category>armchair</category><bounds><corner1>-1.7023788007250582, -0.5710868656707453, -0.5274865717825463</corner1><corner2>1.7023788007250582, 0.5710868656707453, 0.5274865717825463</corner2></bounds><pose><translation>2.8732187797276936, -1.204908118791651, -4.497744403595334</translation><rotation><c1>1, 0, 0</c1><c2>0, 1, 0</c2><c3>0, 0, 1</c3></rotation></pose><symmetry><x>twoFold</x><y>cylindrical</y><z>twoFold</z></symmetry><detectionScore>-1.0</detectionScore></element><element><id>22</id><category>wall</category><bounds><corner1>-0.171840887800637, -1.2422283241286995, -1.1654516746695616</corner1><corner2>0.171840887800637, 1.2422283241286995, 1.1654516746695616</corner2></bounds><pose><translation>6.707695544754767, -0.17637653612657705, -4.682509260014426</translation><rotation><c1>1, 0, 0</c1><c2>0, 1, 0</c2><c3>0, 0, 1</c3></rotation></pose><symmetry><x>twoFold</x><y>cylindrical</y><z>twoFold</z></symmetry><detectionScore>-1.0</detectionScore></element><element><id>23</id><category>wall</category><bounds><corner1>-2.355309185121625, -0.048978999485081554, -0.8908746584050409</corner1><corner2>2.355309185121625, 0.048978999485081554, 0.8908746584050409</corner2></bounds><pose><translation>6.050915161303401, 1.2815402503919537, -3.066795115532835</translation><rotation><c1>1, 0, 0</c1><c2>0, 1, 0</c2><c3>0, 0, 1</c3></rotation></pose><symmetry><x>twoFold</x><y>cylindrical</y><z>twoFold</z></symmetry><detectionScore>-1.0</detectionScore></element><element><id>24</id><category>fireplace</category><bounds><corner1>-1.243180361936714, -0.5817528829007221, -1.526640418758578</corner1><corner2>1.243180361936714, 0.5817528829007221, 1.526640418758578</corner2></bounds><pose><translation>1.5522229871422373, -0.9762290360116881, -5.447753332344503</translation><rotation><c1>1, 0, 0</c1><c2>0, 1, 0</c2><c3>0, 0, 1</c3></rotation></pose><symmetry><x>twoFold</x><y>cylindrical</y><z>twoFold</z></symmetry><detectionScore>-1.0</detectionScore></element></elements></scene>