<?xml version='1.0' encoding='utf-8'?>
<scene xmlns:sumo="https://www.sumochallenge.org"><version>2.0</version><categories><id>fb_categories_v1.0</id><url>https://sumochallenge.org/en/categories-1_0.json</url></categories><project_type>bounding_box</project_type><elements><element><id>6</id><category>plant</category><bounds><corner1>-0.16106788, -0.62459919, -0.42283903</corner1><corner2>0.16106788, 0.62459919, 0.42283903</corner2></bounds><pose><translation> 1.45000902, -0.53281514, -0.53619302</translation><rotation><c1>1., 0., 0.</c1><c2>0., 1., 0.</c2><c3>0., 0., 1.</c3></rotation></pose><symmetry><x>none</x><y>none</y><z>none</z></symmetry><detectionScore>-1</detectionScore></element><element><id>7</id><category>towel_rack</category><bounds><corner1>-0.02898882, -0.51497883, -0.32257077</corner1><corner2>0.02898882, 0.51497883, 0.32257077</corner2></bounds><pose><translation>1.55797397, 0.23704962, 0.56463391</translation><rotation><c1>1., 0., 0.</c1><c2>0., 1., 0.</c2><c3>0., 0., 1.</c3></rotation></pose><symmetry><x>none</x><y>none</y><z>none</z></symmetry><detectionScore>-1</detectionScore></element><element><id>3</id><category>mirror</category><bounds><corner1>-0.02493903, -0.57597375, -0.34320516</corner1><corner2>0.02493903, 0.57597375, 0.34320516</corner2></bounds><pose><translation>-1.42195968,  0.4343248 , -0.00972059</translation><rotation><c1>1., 0., 0.</c1><c2>0., 1., 0.</c2><c3>0., 0., 1.</c3></rotation></pose><symmetry><x>none</x><y>none</y><z>none</z></symmetry><detectionScore>-1</detectionScore></element><element><id>5</id><category>chandelier</category><bounds><corner1>-0.16044135, -0.04677391, -0.0990245 </corner1><corner2>0.16044135, 0.04677391, 0.0990245 </corner2></bounds><pose><translation>-0.0109549 ,  1.2608587 , -1.48105227</translation><rotation><c1>1., 0., 0.</c1><c2>0., 1., 0.</c2><c3>0., 0., 1.</c3></rotation></pose><symmetry><x>none</x><y>none</y><z>none</z></symmetry><detectionScore>-1</detectionScore></element><element><id>9</id><category>door</category><bounds><corner1>-0.59404347, -0.98750041, -0.02299475</corner1><corner2>0.59404347, 0.98750041, 0.02299475</corner2></bounds><pose><translation>-0.077503  ,  0.08079414,  1.2189908 </translation><rotation><c1>1., 0., 0.</c1><c2>0., 1., 0.</c2><c3>0., 0., 1.</c3></rotation></pose><symmetry><x>none</x><y>none</y><z>none</z></symmetry><detectionScore>-1</detectionScore></element><element><id>4</id><category>wall_lamp</category><bounds><corner1>-0.2250539 , -0.21404974, -0.17702518</corner1><corner2>0.2250539 , 0.21404974, 0.17702518</corner2></bounds><pose><translation>-1.43103425,  0.49243738,  0.62929384</translation><rotation><c1>1., 0., 0.</c1><c2>0., 1., 0.</c2><c3>0., 0., 1.</c3></rotation></pose><symmetry><x>none</x><y>none</y><z>none</z></symmetry><detectionScore>-1</detectionScore></element><element><id>2</id><category>wall</category><bounds><corner1>-1.00071427, -1.42345842, -0.99259283</corner1><corner2>1.00071427, 1.42345842, 0.99259283</corner2></bounds><pose><translation> 0.1089885 , -0.1376775 , -4.48944195</translation><rotation><c1>1., 0., 0.</c1><c2>0., 1., 0.</c2><c3>0., 0., 1.</c3></rotation></pose><symmetry><x>none</x><y>none</y><z>none</z></symmetry><detectionScore>-1</detectionScore></element><element><id>8</id><category>door</category><bounds><corner1>-0.46717093, -1.02732084, -0.81312917</corner1><corner2>0.46717093, 1.02732084, 0.81312917</corner2></bounds><pose><translation>-1.43955022, -0.14366878, -2.26911795</translation><rotation><c1>1., 0., 0.</c1><c2>0., 1., 0.</c2><c3>0., 0., 1.</c3></rotation></pose><symmetry><x>none</x><y>none</y><z>none</z></symmetry><detectionScore>-1</detectionScore></element></elements></scene>