<?xml version='1.0' encoding='utf-8'?>
<scene xmlns:sumo="https://www.sumochallenge.org"><version>2.0</version><categories><id>fb_categories_v1.0</id><url>https://sumochallenge.org/en/categories-1_0.json</url></categories><project_type>bounding_box</project_type><elements><element><id>7</id><category>wall</category><bounds><corner1>-1.73515724, -1.30384568, -0.9555045 </corner1><corner2>1.73515724, 1.30384568, 0.9555045 </corner2></bounds><pose><translation>-7.16862867, -0.11516921, -4.0088792 </translation><rotation><c1>1., 0., 0.</c1><c2>0., 1., 0.</c2><c3>0., 0., 1.</c3></rotation></pose><symmetry><x>none</x><y>none</y><z>none</z></symmetry><detectionScore>-1</detectionScore></element><element><id>4</id><category>wall</category><bounds><corner1>-2.45872992, -1.16984862, -4.50064474</corner1><corner2>2.45872992, 1.16984862, 4.50064474</corner2></bounds><pose><translation>-1.24908166, -0.01388548,  9.94215887</translation><rotation><c1>1., 0., 0.</c1><c2>0., 1., 0.</c2><c3>0., 0., 1.</c3></rotation></pose><symmetry><x>none</x><y>none</y><z>none</z></symmetry><detectionScore>-1</detectionScore></element><element><id>9</id><category>chair</category><bounds><corner1>-0.25571163, -0.29913307, -1.80025212</corner1><corner2>0.25571163, 0.29913307, 1.80025212</corner2></bounds><pose><translation>-0.3643981 , -0.97877792,  1.71992537</translation><rotation><c1>1., 0., 0.</c1><c2>0., 1., 0.</c2><c3>0., 0., 1.</c3></rotation></pose><symmetry><x>none</x><y>none</y><z>none</z></symmetry><detectionScore>-1</detectionScore></element><element><id>5</id><category>chair</category><bounds><corner1>-0.29880233, -0.25191489, -2.6067019 </corner1><corner2>0.29880233, 0.25191489, 2.6067019 </corner2></bounds><pose><translation>-0.96544433, -0.73846094,  1.31703702</translation><rotation><c1>1., 0., 0.</c1><c2>0., 1., 0.</c2><c3>0., 0., 1.</c3></rotation></pose><symmetry><x>none</x><y>none</y><z>none</z></symmetry><detectionScore>-1</detectionScore></element><element><id>12</id><category>door</category><bounds><corner1>-0.03056643, -1.13523096, -1.17553463</corner1><corner2>0.03056643, 1.13523096, 1.17553463</corner2></bounds><pose><translation> 1.53689836, -0.40438985,  2.50118215</translation><rotation><c1>1., 0., 0.</c1><c2>0., 1., 0.</c2><c3>0., 0., 1.</c3></rotation></pose><symmetry><x>none</x><y>none</y><z>none</z></symmetry><detectionScore>-1</detectionScore></element><element><id>11</id><category>door</category><bounds><corner1>-0.24134154, -1.25641514, -1.5488797 </corner1><corner2>0.24134154, 1.25641514, 1.5488797 </corner2></bounds><pose><translation> 1.31226178, -0.39508186,  4.87287175</translation><rotation><c1>1., 0., 0.</c1><c2>0., 1., 0.</c2><c3>0., 0., 1.</c3></rotation></pose><symmetry><x>none</x><y>none</y><z>none</z></symmetry><detectionScore>-1</detectionScore></element><element><id>2</id><category>tv_stand</category><bounds><corner1>-1.04347581, -0.29914732, -0.09746705</corner1><corner2>1.04347581, 0.29914732, 0.09746705</corner2></bounds><pose><translation>-0.74898078, -1.01782846, -3.49918465</translation><rotation><c1>1., 0., 0.</c1><c2>0., 1., 0.</c2><c3>0., 0., 1.</c3></rotation></pose><symmetry><x>none</x><y>none</y><z>none</z></symmetry><detectionScore>-1</detectionScore></element><element><id>6</id><category>armchair</category><bounds><corner1>-0.58760676, -0.52479203, -0.44898786</corner1><corner2>0.58760676, 0.52479203, 0.44898786</corner2></bounds><pose><translation> 0.83491995, -1.0237363 , -3.12410382</translation><rotation><c1>1., 0., 0.</c1><c2>0., 1., 0.</c2><c3>0., 0., 1.</c3></rotation></pose><symmetry><x>none</x><y>none</y><z>none</z></symmetry><detectionScore>-1</detectionScore></element><element><id>13</id><category>armchair</category><bounds><corner1>-0.5018918 , -0.52849139, -0.56935345</corner1><corner2>0.5018918 , 0.52849139, 0.56935345</corner2></bounds><pose><translation>-2.45954062, -1.01516413, -3.29938796</translation><rotation><c1>1., 0., 0.</c1><c2>0., 1., 0.</c2><c3>0., 0., 1.</c3></rotation></pose><symmetry><x>none</x><y>none</y><z>none</z></symmetry><detectionScore>-1</detectionScore></element><element><id>3</id><category>door</category><bounds><corner1>-0.20510464, -1.10957136, -0.83406988</corner1><corner2>0.20510464, 1.10957136, 0.83406988</corner2></bounds><pose><translation> 1.50996962, -0.16791597, -0.09157241</translation><rotation><c1>1., 0., 0.</c1><c2>0., 1., 0.</c2><c3>0., 0., 1.</c3></rotation></pose><symmetry><x>none</x><y>none</y><z>none</z></symmetry><detectionScore>-1</detectionScore></element><element><id>8</id><category>picture_frame</category><bounds><corner1>-0.05544327, -0.44524113, -0.45218002</corner1><corner2>0.05544327, 0.44524113, 0.45218002</corner2></bounds><pose><translation>-3.40427903,  0.56965454,  1.64004148</translation><rotation><c1>1., 0., 0.</c1><c2>0., 1., 0.</c2><c3>0., 0., 1.</c3></rotation></pose><symmetry><x>none</x><y>none</y><z>none</z></symmetry><detectionScore>-1</detectionScore></element><element><id>14</id><category>wall</category><bounds><corner1>-2.08231192, -1.25695301, -0.71605663</corner1><corner2>2.08231192, 1.25695301, 0.71605663</corner2></bounds><pose><translation>-0.89855643, -0.1384416 , -3.93492836</translation><rotation><c1>1., 0., 0.</c1><c2>0., 1., 0.</c2><c3>0., 0., 1.</c3></rotation></pose><symmetry><x>none</x><y>none</y><z>none</z></symmetry><detectionScore>-1</detectionScore></element></elements></scene>