<?xml version='1.0' encoding='utf-8'?>
<scene xmlns:sumo="https://www.sumochallenge.org"><version>2.0</version><categories><id>fb_categories_v1_0</id><url>https://sumochallenge.org/en/categories-1_0.json</url></categories><project_type>bounding_box</project_type><elements><element><id>0</id><category>chandelier</category><bounds><corner1>-1.4816363078722798, -0.8985896217488811, -2.924587088442431</corner1><corner2>1.4816363078722798, 0.8985896217488811, 2.924587088442431</corner2></bounds><pose><translation>1.0548027702738303, 0.7310462715627286, 1.4952393382881917</translation><rotation><c1>1, 0, 0</c1><c2>0, 1, 0</c2><c3>0, 0, 1</c3></rotation></pose><symmetry><x>twoFold</x><y>cylindrical</y><z>twoFold</z></symmetry><detectionScore>-1.0</detectionScore></element><element><id>1</id><category>wall</category><bounds><corner1>-0.7503704349308795, -1.6291960353324555, -1.0450702864657484</corner1><corner2>0.7503704349308795, 1.6291960353324555, 1.0450702864657484</corner2></bounds><pose><translation>-1.867680405127248, -0.0504191148367551, 3.2815924606654288</translation><rotation><c1>1, 0, 0</c1><c2>0, 1, 0</c2><c3>0, 0, 1</c3></rotation></pose><symmetry><x>twoFold</x><y>cylindrical</y><z>twoFold</z></symmetry><detectionScore>-1.0</detectionScore></element><element><id>2</id><category>wall</category><bounds><corner1>-5.188707830519808, -1.4692836685387125, -9.724294444220646</corner1><corner2>5.188707830519808, 1.4692836685387125, 9.724294444220646</corner2></bounds><pose><translation>-0.3629237701980876, 0.06357248890915816, 4.278448688778474</translation><rotation><c1>1, 0, 0</c1><c2>0, 1, 0</c2><c3>0, 0, 1</c3></rotation></pose><symmetry><x>twoFold</x><y>cylindrical</y><z>twoFold</z></symmetry><detectionScore>-1.0</detectionScore></element><element><id>3</id><category>wall</category><bounds><corner1>-0.8611186347777136, -1.4652685714022882, -0.9568152886433032</corner1><corner2>0.8611186347777136, 1.4652685714022882, 0.9568152886433032</corner2></bounds><pose><translation>-1.8009784291583633, 0.08968369694166983, -4.0079787035972565</translation><rotation><c1>1, 0, 0</c1><c2>0, 1, 0</c2><c3>0, 0, 1</c3></rotation></pose><symmetry><x>twoFold</x><y>cylindrical</y><z>twoFold</z></symmetry><detectionScore>-1.0</detectionScore></element><element><id>4</id><category>fence</category><bounds><corner1>-7.879903159037689, -1.3320121984819007, -1.4768143876306892</corner1><corner2>7.879903159037689, 1.3320121984819007, 1.4768143876306892</corner2></bounds><pose><translation>5.263760111444074, -0.31818199058136615, -0.15215046150803777</translation><rotation><c1>1, 0, 0</c1><c2>0, 1, 0</c2><c3>0, 0, 1</c3></rotation></pose><symmetry><x>twoFold</x><y>cylindrical</y><z>twoFold</z></symmetry><detectionScore>-1.0</detectionScore></element><element><id>5</id><category>loudspeaker</category><bounds><corner1>-0.25910514094228576, -1.116707096125096, -0.46710813567886955</corner1><corner2>0.25910514094228576, 1.116707096125096, 0.46710813567886955</corner2></bounds><pose><translation>-1.6626507537095117, -0.550513383211557, -2.3626179294518184</translation><rotation><c1>1, 0, 0</c1><c2>0, 1, 0</c2><c3>0, 0, 1</c3></rotation></pose><symmetry><x>twoFold</x><y>cylindrical</y><z>twoFold</z></symmetry><detectionScore>-1.0</detectionScore></element><element><id>6</id><category>chandelier</category><bounds><corner1>-2.3779002954119766, -0.12168805069555844, -0.5957509020407699</corner1><corner2>2.3779002954119766, 0.12168805069555844, 0.5957509020407699</corner2></bounds><pose><translation>1.0493936507354458, 1.564119587477816, -2.045650005531787</translation><rotation><c1>1, 0, 0</c1><c2>0, 1, 0</c2><c3>0, 0, 1</c3></rotation></pose><symmetry><x>twoFold</x><y>cylindrical</y><z>twoFold</z></symmetry><detectionScore>-1.0</detectionScore></element><element><id>7</id><category>mirror</category><bounds><corner1>-0.413157561263646, -1.4592493996241975, -0.9687063173629187</corner1><corner2>0.413157561263646, 1.4592493996241975, 0.9687063173629187</corner2></bounds><pose><translation>-1.8169627357088127, 0.10178187797619265, -3.157456148994833</translation><rotation><c1>1, 0, 0</c1><c2>0, 1, 0</c2><c3>0, 0, 1</c3></rotation></pose><symmetry><x>twoFold</x><y>cylindrical</y><z>twoFold</z></symmetry><detectionScore>-1.0</detectionScore></element><element><id>8</id><category>television</category><bounds><corner1>-0.38757904147493294, -0.8922728592810516, -1.1532946185721356</corner1><corner2>0.38757904147493294, 0.8922728592810516, 1.1532946185721356</corner2></bounds><pose><translation>-1.8721084843975635, -0.5748268435912504, -0.47848640664300124</translation><rotation><c1>1, 0, 0</c1><c2>0, 1, 0</c2><c3>0, 0, 1</c3></rotation></pose><symmetry><x>twoFold</x><y>cylindrical</y><z>twoFold</z></symmetry><detectionScore>-1.0</detectionScore></element><element><id>9</id><category>loudspeaker</category><bounds><corner1>-0.13175193330091628, -1.7405603932317828, -0.657054762278092</corner1><corner2>0.13175193330091628, 1.7405603932317828, 0.657054762278092</corner2></bounds><pose><translation>-1.7164808787359513, -0.09025202265189226, 1.0502573673534634</translation><rotation><c1>1, 0, 0</c1><c2>0, 1, 0</c2><c3>0, 0, 1</c3></rotation></pose><symmetry><x>twoFold</x><y>cylindrical</y><z>twoFold</z></symmetry><detectionScore>-1.0</detectionScore></element><element><id>10</id><category>fence</category><bounds><corner1>-9.419512608525716, -1.9812794085713437, -1.0791730716344163</corner1><corner2>9.419512608525716, 1.9812794085713437, 1.0791730716344163</corner2></bounds><pose><translation>3.724150661956047, -0.17930776768363627, -1.3108991289526242</translation><rotation><c1>1, 0, 0</c1><c2>0, 1, 0</c2><c3>0, 0, 1</c3></rotation></pose><symmetry><x>twoFold</x><y>cylindrical</y><z>twoFold</z></symmetry><detectionScore>-1.0</detectionScore></element><element><id>11</id><category>sofa</category><bounds><corner1>-10.497052282621697, -0.47124921933095415, -1.5295341998158298</corner1><corner2>10.497052282621697, 0.47124921933095415, 1.5295341998158298</corner2></bounds><pose><translation>2.194440002014306, -0.7969977203954414, -0.14804913141947926</translation><rotation><c1>1, 0, 0</c1><c2>0, 1, 0</c2><c3>0, 0, 1</c3></rotation></pose><symmetry><x>twoFold</x><y>cylindrical</y><z>twoFold</z></symmetry><detectionScore>-1.0</detectionScore></element><element><id>12</id><category>wall</category><bounds><corner1>-2.9859038898699612, -1.38288921762457, -4.155090261078488</corner1><corner2>2.9859038898699612, 1.38288921762457, 4.155090261078488</corner2></bounds><pose><translation>0.8171522144251082, 0.09665619285737279, -6.370462316280656</translation><rotation><c1>1, 0, 0</c1><c2>0, 1, 0</c2><c3>0, 0, 1</c3></rotation></pose><symmetry><x>twoFold</x><y>cylindrical</y><z>twoFold</z></symmetry><detectionScore>-1.0</detectionScore></element><element><id>13</id><category>kitchen_cabinet</category><bounds><corner1>-0.7383939905492555, -1.7745712907099453, -0.6676734746477866</corner1><corner2>0.7383939905492555, 1.7745712907099453, 0.6676734746477866</corner2></bounds><pose><translation>-1.6220286381210776, -0.30478938700854546, -4.301239455009377</translation><rotation><c1>1, 0, 0</c1><c2>0, 1, 0</c2><c3>0, 0, 1</c3></rotation></pose><symmetry><x>twoFold</x><y>cylindrical</y><z>twoFold</z></symmetry><detectionScore>-1.0</detectionScore></element><element><id>14</id><category>garage_door</category><bounds><corner1>-8.320201559786273, -2.3432101531674427, -1.347850677136613</corner1><corner2>8.320201559786273, 2.3432101531674427, 1.347850677136613</corner2></bounds><pose><translation>4.823461710695491, -0.3364329244785448, 0.0</translation><rotation><c1>1, 0, 0</c1><c2>0, 1, 0</c2><c3>0, 0, 1</c3></rotation></pose><symmetry><x>twoFold</x><y>cylindrical</y><z>twoFold</z></symmetry><detectionScore>-1.0</detectionScore></element><element><id>15</id><category>floor_lamp</category><bounds><corner1>-0.6137392114395523, -1.7525032473389042, -0.8268740690581671</corner1><corner2>0.6137392114395523, 1.7525032473389042, 0.8268740690581671</corner2></bounds><pose><translation>-1.6838419402004976, -0.1857626226134526, -2.666935198229468</translation><rotation><c1>1, 0, 0</c1><c2>0, 1, 0</c2><c3>0, 0, 1</c3></rotation></pose><symmetry><x>twoFold</x><y>cylindrical</y><z>twoFold</z></symmetry><detectionScore>-1.0</detectionScore></element><element><id>16</id><category>wall</category><bounds><corner1>-2.0684266080675076, -1.4988110598237898, -7.976432000011652</corner1><corner2>2.0684266080675076, 1.4988110598237898, 7.976432000011652</corner2></bounds><pose><translation>2.757357452254213, -0.004907346481833564, 6.022443007833791</translation><rotation><c1>1, 0, 0</c1><c2>0, 1, 0</c2><c3>0, 0, 1</c3></rotation></pose><symmetry><x>twoFold</x><y>cylindrical</y><z>twoFold</z></symmetry><detectionScore>-1.0</detectionScore></element><element><id>17</id><category>wall</category><bounds><corner1>-3.7857222319640584, -1.4917682547143858, -9.706373674843618</corner1><corner2>3.7857222319640584, 1.4917682547143858, 9.706373674843618</corner2></bounds><pose><translation>1.040061828357662, -0.038156234335970346, 4.2963694581555005</translation><rotation><c1>1, 0, 0</c1><c2>0, 1, 0</c2><c3>0, 0, 1</c3></rotation></pose><symmetry><x>twoFold</x><y>cylindrical</y><z>twoFold</z></symmetry><detectionScore>-1.0</detectionScore></element><element><id>18</id><category>plant</category><bounds><corner1>-9.409336820035865, -1.4393690462559945, -0.9569231041686304</corner1><corner2>9.409336820035865, 1.4393690462559945, 0.9569231041686304</corner2></bounds><pose><translation>3.7343264504458977, -0.34591465535646043, -0.9805567888202089</translation><rotation><c1>1, 0, 0</c1><c2>0, 1, 0</c2><c3>0, 0, 1</c3></rotation></pose><symmetry><x>twoFold</x><y>cylindrical</y><z>twoFold</z></symmetry><detectionScore>-1.0</detectionScore></element><element><id>19</id><category>wall</category><bounds><corner1>-2.872923176176614, -1.5712799777175013, -4.415770230812075</corner1><corner2>2.872923176176614, 1.5712799777175013, 4.415770230812075</corner2></bounds><pose><translation>4.292900025454277, 0.0064412485124301574, -6.516628392546306</translation><rotation><c1>1, 0, 0</c1><c2>0, 1, 0</c2><c3>0, 0, 1</c3></rotation></pose><symmetry><x>twoFold</x><y>cylindrical</y><z>twoFold</z></symmetry><detectionScore>-1.0</detectionScore></element><element><id>20</id><category>floor</category><bounds><corner1>-1.547906744529302, -0.6289683835860451, -4.209714352996404</corner1><corner2>1.547906744529302, 0.6289683835860451, 4.209714352996404</corner2></bounds><pose><translation>-0.5859957543951038, -1.1940772765376946, 4.270825653832372</translation><rotation><c1>1, 0, 0</c1><c2>0, 1, 0</c2><c3>0, 0, 1</c3></rotation></pose><symmetry><x>twoFold</x><y>cylindrical</y><z>twoFold</z></symmetry><detectionScore>-1.0</detectionScore></element><element><id>21</id><category>window</category><bounds><corner1>-0.4208897444634603, -1.5822958374845573, -0.9185880145162293</corner1><corner2>0.4208897444634603, 1.5822958374845573, 0.9185880145162293</corner2></bounds><pose><translation>-1.9062152883780201, -0.025714294583720758, 2.8558991087032415</translation><rotation><c1>1, 0, 0</c1><c2>0, 1, 0</c2><c3>0, 0, 1</c3></rotation></pose><symmetry><x>twoFold</x><y>cylindrical</y><z>twoFold</z></symmetry><detectionScore>-1.0</detectionScore></element><element><id>22</id><category>door</category><bounds><corner1>-0.9615793018908676, -1.6647720187671877, -4.056660839773494</corner1><corner2>0.9615793018908676, 1.6647720187671877, 4.056660839773494</corner2></bounds><pose><translation>-1.3024037591866964, -0.19177756163549012, 4.436151435643529</translation><rotation><c1>1, 0, 0</c1><c2>0, 1, 0</c2><c3>0, 0, 1</c3></rotation></pose><symmetry><x>twoFold</x><y>cylindrical</y><z>twoFold</z></symmetry><detectionScore>-1.0</detectionScore></element><element><id>23</id><category>door</category><bounds><corner1>-1.8228217908974997, -1.7675183179396294, -7.30944856656378</corner1><corner2>1.8228217908974997, 1.7675183179396294, 7.30944856656378</corner2></bounds><pose><translation>3.002962269424221, -0.31603132825084307, 6.69329456643534</translation><rotation><c1>1, 0, 0</c1><c2>0, 1, 0</c2><c3>0, 0, 1</c3></rotation></pose><symmetry><x>twoFold</x><y>cylindrical</y><z>twoFold</z></symmetry><detectionScore>-1.0</detectionScore></element><element><id>24</id><category>door</category><bounds><corner1>-2.618506423298692, -1.6332239196399976, -4.41227068362212</corner1><corner2>2.618506423298692, 1.6332239196399976, 4.41227068362212</corner2></bounds><pose><translation>4.547316778332199, -0.21739451572975146, -6.5470039956595505</translation><rotation><c1>1, 0, 0</c1><c2>0, 1, 0</c2><c3>0, 0, 1</c3></rotation></pose><symmetry><x>twoFold</x><y>cylindrical</y><z>twoFold</z></symmetry><detectionScore>-1.0</detectionScore></element><element><id>25</id><category>curtain</category><bounds><corner1>-0.4978290882216241, -1.4055308687287955, -0.9729640682388241</corner1><corner2>0.4978290882216241, 1.4055308687287955, 0.9729640682388241</corner2></bounds><pose><translation>-1.8246710528195527, 0.16120975599665607, -3.2300068576715013</translation><rotation><c1>1, 0, 0</c1><c2>0, 1, 0</c2><c3>0, 0, 1</c3></rotation></pose><symmetry><x>twoFold</x><y>cylindrical</y><z>twoFold</z></symmetry><detectionScore>-1.0</detectionScore></element><element><id>26</id><category>ceiling</category><bounds><corner1>-1.1116039932952817, -0.29331701246610997, -3.948617291193674</corner1><corner2>1.1116039932952817, 0.29331701246610997, 3.948617291193674</corner2></bounds><pose><translation>-0.5379854796990914, 1.2395391449817608, 4.267967344191934</translation><rotation><c1>1, 0, 0</c1><c2>0, 1, 0</c2><c3>0, 0, 1</c3></rotation></pose><symmetry><x>twoFold</x><y>cylindrical</y><z>twoFold</z></symmetry><detectionScore>-1.0</detectionScore></element><element><id>27</id><category>curtain</category><bounds><corner1>-0.643594808686994, -1.5894002065913322, -1.0501039246492936</corner1><corner2>0.643594808686994, 1.5894002065913322, 1.0501039246492936</corner2></bounds><pose><translation>-1.910063312816343, -0.009516556525995583, 2.962654212451325</translation><rotation><c1>1, 0, 0</c1><c2>0, 1, 0</c2><c3>0, 0, 1</c3></rotation></pose><symmetry><x>twoFold</x><y>cylindrical</y><z>twoFold</z></symmetry><detectionScore>-1.0</detectionScore></element><element><id>28</id><category>kitchen_cabinet</category><bounds><corner1>-0.9094772257004806, -1.4897564910235015, -2.0436799773469634</corner1><corner2>0.9094772257004806, 1.4897564910235015, 2.0436799773469634</corner2></bounds><pose><translation>-1.1898467467804292, -0.2574547258610729, -6.054714641877449</translation><rotation><c1>1, 0, 0</c1><c2>0, 1, 0</c2><c3>0, 0, 1</c3></rotation></pose><symmetry><x>twoFold</x><y>cylindrical</y><z>twoFold</z></symmetry><detectionScore>-1.0</detectionScore></element><element><id>29</id><category>window</category><bounds><corner1>-0.3467140476791921, -1.5026087263830896, -1.01857828524858</corner1><corner2>0.3467140476791921, 1.5026087263830896, 1.01857828524858</corner2></bounds><pose><translation>-1.828208527070534, 0.04628165280926875, -3.2807659092489274</translation><rotation><c1>1, 0, 0</c1><c2>0, 1, 0</c2><c3>0, 0, 1</c3></rotation></pose><symmetry><x>twoFold</x><y>cylindrical</y><z>twoFold</z></symmetry><detectionScore>-1.0</detectionScore></element><element><id>30</id><category>shelving</category><bounds><corner1>-8.354819394762508, -1.8356996900021796, -1.3089992462422264</corner1><corner2>8.354819394762508, 1.8356996900021796, 1.3089992462422264</corner2></bounds><pose><translation>4.722276764391167, -0.46214442442557657, 0.02351918504714061</translation><rotation><c1>1, 0, 0</c1><c2>0, 1, 0</c2><c3>0, 0, 1</c3></rotation></pose><symmetry><x>twoFold</x><y>cylindrical</y><z>twoFold</z></symmetry><detectionScore>-1.0</detectionScore></element><element><id>31</id><category>clock</category><bounds><corner1>-0.05376605983839733, -1.4310194830971668, -0.21338167860385537</corner1><corner2>0.05376605983839733, 1.4310194830971668, 0.21338167860385537</corner2></bounds><pose><translation>-1.591022985072149, 0.11568756444690474, -2.4210130099522322</translation><rotation><c1>1, 0, 0</c1><c2>0, 1, 0</c2><c3>0, 0, 1</c3></rotation></pose><symmetry><x>twoFold</x><y>cylindrical</y><z>twoFold</z></symmetry><detectionScore>-1.0</detectionScore></element><element><id>32</id><category>wall</category><bounds><corner1>-2.687749833168264, -0.09780414009185034, -1.4137636492759151</corner1><corner2>2.687749833168264, 0.09780414009185034, 1.4137636492759151</corner2></bounds><pose><translation>3.5619595676905385, 1.55038790883575, 0.0</translation><rotation><c1>1, 0, 0</c1><c2>0, 1, 0</c2><c3>0, 0, 1</c3></rotation></pose><symmetry><x>twoFold</x><y>cylindrical</y><z>twoFold</z></symmetry><detectionScore>-1.0</detectionScore></element><element><id>33</id><category>dining_table</category><bounds><corner1>-2.4439771787669624, -0.4508232391043747, -2.0730095741477688</corner1><corner2>2.4439771787669624, 0.4508232391043747, 2.0730095741477688</corner2></bounds><pose><translation>0.7785231937093329, -0.7765049313256555, -4.227463328947656</translation><rotation><c1>1, 0, 0</c1><c2>0, 1, 0</c2><c3>0, 0, 1</c3></rotation></pose><symmetry><x>twoFold</x><y>cylindrical</y><z>twoFold</z></symmetry><detectionScore>-1.0</detectionScore></element><element><id>34</id><category>door</category><bounds><corner1>-3.7206586617112745, -2.00775664579636, -10.664873574009361</corner1><corner2>3.7206586617112745, 2.00775664579636, 10.664873574009361</corner2></bounds><pose><translation>1.1051253986104461, -0.4905672792833104, 3.3378695589897593</translation><rotation><c1>1, 0, 0</c1><c2>0, 1, 0</c2><c3>0, 0, 1</c3></rotation></pose><symmetry><x>twoFold</x><y>cylindrical</y><z>twoFold</z></symmetry><detectionScore>-1.0</detectionScore></element><element><id>35</id><category>plant</category><bounds><corner1>-2.4966735816240555, -0.8437284613280023, -4.027529966853159</corner1><corner2>2.4966735816240555, 0.8437284613280023, 4.027529966853159</corner2></bounds><pose><translation>0.9472735423404918, -1.218797955095266, 2.0071595846810966</translation><rotation><c1>1, 0, 0</c1><c2>0, 1, 0</c2><c3>0, 0, 1</c3></rotation></pose><symmetry><x>twoFold</x><y>cylindrical</y><z>twoFold</z></symmetry><detectionScore>-1.0</detectionScore></element><element><id>36</id><category>kitchen_cabinet</category><bounds><corner1>-1.358363339942351, -1.3415493512765986, -2.909289022572973</corner1><corner2>1.358363339942351, 1.3415493512765986, 2.909289022572973</corner2></bounds><pose><translation>0.20017199566342073, -0.2132918728420379, -6.334761288523064</translation><rotation><c1>1, 0, 0</c1><c2>0, 1, 0</c2><c3>0, 0, 1</c3></rotation></pose><symmetry><x>twoFold</x><y>cylindrical</y><z>twoFold</z></symmetry><detectionScore>-1.0</detectionScore></element><element><id>37</id><category>arch</category><bounds><corner1>-0.32835085720066703, -1.732154934934984, -0.6070989743012318</corner1><corner2>0.32835085720066703, 1.732154934934984, 0.6070989743012318</corner2></bounds><pose><translation>-1.637213332687183, -0.1871883284913437, -2.5142694309725884</translation><rotation><c1>1, 0, 0</c1><c2>0, 1, 0</c2><c3>0, 0, 1</c3></rotation></pose><symmetry><x>twoFold</x><y>cylindrical</y><z>twoFold</z></symmetry><detectionScore>-1.0</detectionScore></element></elements></scene>