<?xml version='1.0' encoding='utf-8'?>
<scene xmlns:sumo="https://www.sumochallenge.org"><version>2.0</version><categories><id>fb_categories_v1_0</id><url>https://sumochallenge.org/en/categories-1_0.json</url></categories><project_type>bounding_box</project_type><elements><element><id>0</id><category>shower</category><bounds><corner1>-0.6557214269310954, -1.545812089881296, -1.4360210548392307</corner1><corner2>0.6557214269310954, 1.545812089881296, 1.4360210548392307</corner2></bounds><pose><translation>1.4598878041952796, 2.54456631436547, -0.1716495587020427</translation><rotation><c1>0, 0, 0</c1><c2>0, 0, 0</c2><c3>0, 0, 0</c3></rotation></pose><symmetry><x>twoFold</x><y>cylindrical</y><z>twoFold</z></symmetry><detectionScore>-1.0</detectionScore></element><element><id>1</id><category>wall</category><bounds><corner1>-1.2994817137842247, -0.09089458445915799, -1.4955430006475403</corner1><corner2>1.2994817137842247, 0.09089458445915799, 1.4955430006475403</corner2></bounds><pose><translation>-0.39902938442310965, 4.172790009506448, -0.13411934869857978</translation><rotation><c1>0, 0, 0</c1><c2>0, 0, 0</c2><c3>0, 0, 0</c3></rotation></pose><symmetry><x>twoFold</x><y>cylindrical</y><z>twoFold</z></symmetry><detectionScore>-1.0</detectionScore></element><element><id>2</id><category>wall</category><bounds><corner1>-0.7996535211103466, -1.1943812336142563, -1.4342433726806292</corner1><corner2>0.7996535211103466, 1.1943812336142563, 1.4342433726806292</corner2></bounds><pose><translation>0.9239729939710446, 3.0611795146559335, -0.08622858877762653</translation><rotation><c1>0, 0, 0</c1><c2>0, 0, 0</c2><c3>0, 0, 0</c3></rotation></pose><symmetry><x>twoFold</x><y>cylindrical</y><z>twoFold</z></symmetry><detectionScore>-1.0</detectionScore></element><element><id>3</id><category>mirror</category><bounds><corner1>-0.07388910751928801, -0.7245037931255567, -0.49222100412528386</corner1><corner2>0.07388910751928801, 0.7245037931255567, 0.49222100412528386</corner2></bounds><pose><translation>-1.9674150513501099, 0.5073551745827929, 0.24248191335523833</translation><rotation><c1>0, 0, 0</c1><c2>0, 0, 0</c2><c3>0, 0, 0</c3></rotation></pose><symmetry><x>twoFold</x><y>cylindrical</y><z>twoFold</z></symmetry><detectionScore>-1.0</detectionScore></element><element><id>4</id><category>toilet</category><bounds><corner1>-0.3188571738220274, -0.4956553823151527, -0.22999923930158905</corner1><corner2>0.3188571738220274, 0.4956553823151527, 0.22999923930158905</corner2></bounds><pose><translation>1.9331049288984592, -1.3577482950973496, -1.0903229426566332</translation><rotation><c1>0, 0, 0</c1><c2>0, 0, 0</c2><c3>0, 0, 0</c3></rotation></pose><symmetry><x>twoFold</x><y>cylindrical</y><z>twoFold</z></symmetry><detectionScore>-1.0</detectionScore></element><element><id>5</id><category>chair</category><bounds><corner1>-0.2139508720830663, -1.3299492038228236, -0.5450548405891136</corner1><corner2>0.2139508720830663, 1.3299492038228236, 0.5450548405891136</corner2></bounds><pose><translation>-1.326798418452706, 2.8487592142027003, -0.9995993053457524</translation><rotation><c1>0, 0, 0</c1><c2>0, 0, 0</c2><c3>0, 0, 0</c3></rotation></pose><symmetry><x>twoFold</x><y>cylindrical</y><z>twoFold</z></symmetry><detectionScore>-1.0</detectionScore></element><element><id>6</id><category>wall</category><bounds><corner1>-0.34439756901307983, -1.180505760268841, -1.3579607058742678</corner1><corner2>0.34439756901307983, 1.180505760268841, 1.3579607058742678</corner2></bounds><pose><translation>1.7897990679013913, 2.531044773614501, 0.04682585271488222</translation><rotation><c1>0, 0, 0</c1><c2>0, 0, 0</c2><c3>0, 0, 0</c3></rotation></pose><symmetry><x>twoFold</x><y>cylindrical</y><z>twoFold</z></symmetry><detectionScore>-1.0</detectionScore></element><element><id>7</id><category>door</category><bounds><corner1>-0.07729049180377867, -0.6876565490183442, -1.4123510565656927</corner1><corner2>0.07729049180377867, 0.6876565490183442, 1.4123510565656927</corner2></bounds><pose><translation>2.263884157860309, 1.2686495588901174, -0.46881675344765894</translation><rotation><c1>0, 0, 0</c1><c2>0, 0, 0</c2><c3>0, 0, 0</c3></rotation></pose><symmetry><x>twoFold</x><y>cylindrical</y><z>twoFold</z></symmetry><detectionScore>-1.0</detectionScore></element><element><id>8</id><category>shelving</category><bounds><corner1>-0.40279374270146007, -0.7569667904891553, -0.9081122176374482</corner1><corner2>0.40279374270146007, 0.7569667904891553, 0.9081122176374482</corner2></bounds><pose><translation>-1.662861464720861, 3.4417885861240585, -0.6172289417008704</translation><rotation><c1>0, 0, 0</c1><c2>0, 0, 0</c2><c3>0, 0, 0</c3></rotation></pose><symmetry><x>twoFold</x><y>cylindrical</y><z>twoFold</z></symmetry><detectionScore>-1.0</detectionScore></element><element><id>9</id><category>shelving</category><bounds><corner1>-0.357770040875546, -0.40383049098152324, -1.008720117554933</corner1><corner2>0.357770040875546, 0.40383049098152324, 1.008720117554933</corner2></bounds><pose><translation>-1.8262629410542557, -1.2168104810334501, -0.6336569609562301</translation><rotation><c1>0, 0, 0</c1><c2>0, 0, 0</c2><c3>0, 0, 0</c3></rotation></pose><symmetry><x>twoFold</x><y>cylindrical</y><z>twoFold</z></symmetry><detectionScore>-1.0</detectionScore></element><element><id>10</id><category>kitchen_cabinet</category><bounds><corner1>-0.23109172843188475, -1.7754303182551006, -0.39563734098608516</corner1><corner2>0.23109172843188475, 1.7754303182551006, 0.39563734098608516</corner2></bounds><pose><translation>-1.3259005048921155, 2.3376285235978784, -1.0539998260066197</translation><rotation><c1>0, 0, 0</c1><c2>0, 0, 0</c2><c3>0, 0, 0</c3></rotation></pose><symmetry><x>twoFold</x><y>cylindrical</y><z>twoFold</z></symmetry><detectionScore>-1.0</detectionScore></element><element><id>11</id><category>toilet</category><bounds><corner1>-0.5065077622315699, -0.33325225969662453, -0.2915302389099973</corner1><corner2>0.5065077622315699, 0.33325225969662453, 0.2915302389099973</corner2></bounds><pose><translation>1.7494463784250427, -1.1495045487928233, -1.120117671988411</translation><rotation><c1>0, 0, 0</c1><c2>0, 0, 0</c2><c3>0, 0, 0</c3></rotation></pose><symmetry><x>twoFold</x><y>cylindrical</y><z>twoFold</z></symmetry><detectionScore>-1.0</detectionScore></element><element><id>12</id><category>door</category><bounds><corner1>-0.5410293726781576, -1.4951167559721865, -1.4647352370562725</corner1><corner2>0.5410293726781576, 1.4951167559721865, 1.4647352370562725</corner2></bounds><pose><translation>1.5832517388946465, 2.5373715506284276, -0.1351294683711519</translation><rotation><c1>0, 0, 0</c1><c2>0, 0, 0</c2><c3>0, 0, 0</c3></rotation></pose><symmetry><x>twoFold</x><y>cylindrical</y><z>twoFold</z></symmetry><detectionScore>-1.0</detectionScore></element></elements></scene>