<?xml version='1.0' encoding='utf-8'?>
<scene xmlns:sumo="https://www.sumochallenge.org"><version>2.0</version><categories><id>fb_categories_v1.0</id><url>https://sumochallenge.org/en/categories-1_0.json</url></categories><project_type>bounding_box</project_type><elements><element><id>4</id><category>person</category><bounds><corner1>-6.81583311, -1.43703856, -1.87426915</corner1><corner2>6.81583311, 1.43703856, 1.87426915</corner2></bounds><pose><translation> 3.05804876, -0.77435476,  0.33913126</translation><rotation><c1>1., 0., 0.</c1><c2>0., 1., 0.</c2><c3>0., 0., 1.</c3></rotation></pose><symmetry><x>none</x><y>none</y><z>none</z></symmetry><detectionScore>0.5402894</detectionScore></element><element><id>1</id><category>wall</category><bounds><corner1>-1.59563391, -1.18409185, -2.53323639</corner1><corner2>1.59563391, 1.18409185, 2.53323639</corner2></bounds><pose><translation> 8.3412208 , -0.01446192, -0.59607788</translation><rotation><c1>1., 0., 0.</c1><c2>0., 1., 0.</c2><c3>0., 0., 1.</c3></rotation></pose><symmetry><x>none</x><y>twoFold</y><z>none</z></symmetry><detectionScore>0.83656967</detectionScore></element><element><id>5</id><category>door</category><bounds><corner1>-0.67541116, -1.35426599, -0.12330029</corner1><corner2>0.67541116, 1.35426599, 0.12330029</corner2></bounds><pose><translation>-1.52710505, -0.16436653, -2.88116808</translation><rotation><c1>1., 0., 0.</c1><c2>0., 1., 0.</c2><c3>0., 0., 1.</c3></rotation></pose><symmetry><x>twoFold</x><y>twoFold</y><z>twoFold</z></symmetry><detectionScore>0.7890961</detectionScore></element><element><id>3</id><category>person</category><bounds><corner1>-0.40202275, -1.19570901, -0.11002129</corner1><corner2>0.40202275, 1.19570901, 0.11002129</corner2></bounds><pose><translation> 0.09700371, -0.65909569, -1.87897452</translation><rotation><c1>1., 0., 0.</c1><c2>0., 1., 0.</c2><c3>0., 0., 1.</c3></rotation></pose><symmetry><x>none</x><y>none</y><z>none</z></symmetry><detectionScore>0.9879127</detectionScore></element><element><id>2</id><category>partition</category><bounds><corner1>-3.09973371, -1.43724283, -1.99995241</corner1><corner2>3.09973371, 1.43724283, 1.99995241</corner2></bounds><pose><translation> 4.23003057, -0.27326557, -2.84227215</translation><rotation><c1>1., 0., 0.</c1><c2>0., 1., 0.</c2><c3>0., 0., 1.</c3></rotation></pose><symmetry><x>twoFold</x><y>twoFold</y><z>twoFold</z></symmetry><detectionScore>0.7171326</detectionScore></element><element><id>6</id><category>person</category><bounds><corner1>-6.57525505, -1.38647769, -1.48770447</corner1><corner2>6.57525505, 1.38647769, 1.48770447</corner2></bounds><pose><translation> 2.6998175 , -1.39206241,  0.96315237</translation><rotation><c1>1., 0., 0.</c1><c2>0., 1., 0.</c2><c3>0., 0., 1.</c3></rotation></pose><symmetry><x>none</x><y>none</y><z>none</z></symmetry><detectionScore>0.924702</detectionScore></element></elements></scene>