<?xml version='1.0' encoding='utf-8'?>
<scene xmlns:sumo="https://www.sumochallenge.org"><version>2.0</version><categories><id>fb_categories_v1_0</id><url>https://sumochallenge.org/en/categories-1_0.json</url></categories><project_type>bounding_box</project_type><elements><element><id>0</id><category>wall</category><bounds><corner1>-6.1443180377036875, -1.2753248341780545, -2.053588194065709</corner1><corner2>6.1443180377036875, 1.2753248341780545, 2.053588194065709</corner2></bounds><pose><translation>-11.354512657158223, -0.011058133467118711, -1.0185194499059929</translation><rotation><c1>1, 0, 0</c1><c2>0, 1, 0</c2><c3>0, 0, 1</c3></rotation></pose><symmetry><x>twoFold</x><y>cylindrical</y><z>twoFold</z></symmetry><detectionScore>-1.0</detectionScore></element><element><id>1</id><category>wall</category><bounds><corner1>-2.80825128748007, -1.6271105990348476, -0.10972712174830335</corner1><corner2>2.80825128748007, 1.6271105990348476, 0.10972712174830335</corner2></bounds><pose><translation>-6.517492338170061, -0.3316674377118688, 4.13089233607852</translation><rotation><c1>1, 0, 0</c1><c2>0, 1, 0</c2><c3>0, 0, 1</c3></rotation></pose><symmetry><x>twoFold</x><y>cylindrical</y><z>twoFold</z></symmetry><detectionScore>-1.0</detectionScore></element><element><id>2</id><category>stairs</category><bounds><corner1>-0.7718551023145732, -1.174949523577602, -3.5686117379324434</corner1><corner2>0.7718551023145732, 1.174949523577602, 3.5686117379324434</corner2></bounds><pose><translation>0.6802281852151422, 0.24190816997579975, 3.6516379889314314</translation><rotation><c1>1, 0, 0</c1><c2>0, 1, 0</c2><c3>0, 0, 1</c3></rotation></pose><symmetry><x>twoFold</x><y>cylindrical</y><z>twoFold</z></symmetry><detectionScore>-1.0</detectionScore></element><element><id>3</id><category>wall</category><bounds><corner1>-1.378604345990405, -1.3751817222953735, -6.655648312583086</corner1><corner2>1.378604345990405, 1.3751817222953735, 6.655648312583086</corner2></bounds><pose><translation>0.019283046517612427, -0.06996984671399883, 4.637415842680509</translation><rotation><c1>1, 0, 0</c1><c2>0, 1, 0</c2><c3>0, 0, 1</c3></rotation></pose><symmetry><x>twoFold</x><y>cylindrical</y><z>twoFold</z></symmetry><detectionScore>-1.0</detectionScore></element><element><id>4</id><category>armchair</category><bounds><corner1>-0.1953180318019081, -0.36210290944355406, -4.576316873753016</corner1><corner2>0.1953180318019081, 0.36210290944355406, 4.576316873753016</corner2></bounds><pose><translation>-1.7387618339119373, -0.9531244070011804, 1.3941470440633756</translation><rotation><c1>1, 0, 0</c1><c2>0, 1, 0</c2><c3>0, 0, 1</c3></rotation></pose><symmetry><x>twoFold</x><y>cylindrical</y><z>twoFold</z></symmetry><detectionScore>-1.0</detectionScore></element><element><id>5</id><category>wall</category><bounds><corner1>-2.627641656701968, -1.5266557075996237, -0.4007812821946297</corner1><corner2>2.627641656701968, 1.5266557075996237, 0.4007812821946297</corner2></bounds><pose><translation>-6.329452395543759, -0.23121254627664503, 4.170973695176424</translation><rotation><c1>1, 0, 0</c1><c2>0, 1, 0</c2><c3>0, 0, 1</c3></rotation></pose><symmetry><x>twoFold</x><y>cylindrical</y><z>twoFold</z></symmetry><detectionScore>-1.0</detectionScore></element><element><id>6</id><category>window</category><bounds><corner1>-0.9174772253674925, -0.715686090943085, -0.13671178226191127</corner1><corner2>0.9174772253674925, 0.715686090943085, 0.13671178226191127</corner2></bounds><pose><translation>-4.48110769035281, 0.01286567250387509, -1.8007213290859356</translation><rotation><c1>1, 0, 0</c1><c2>0, 1, 0</c2><c3>0, 0, 1</c3></rotation></pose><symmetry><x>twoFold</x><y>cylindrical</y><z>twoFold</z></symmetry><detectionScore>-1.0</detectionScore></element><element><id>7</id><category>wall</category><bounds><corner1>-3.1427473318468677, -1.4569808492145835, -0.2106298605166259</corner1><corner2>3.1427473318468677, 1.4569808492145835, 0.2106298605166259</corner2></bounds><pose><translation>-6.852003015436597, -0.1525693387545098, 4.117406907462743</translation><rotation><c1>1, 0, 0</c1><c2>0, 1, 0</c2><c3>0, 0, 1</c3></rotation></pose><symmetry><x>twoFold</x><y>cylindrical</y><z>twoFold</z></symmetry><detectionScore>-1.0</detectionScore></element><element><id>8</id><category>chandelier</category><bounds><corner1>-1.8040179947825514, -0.08665786676514875, -4.972152732822154</corner1><corner2>1.8040179947825514, 0.08665786676514875, 4.972152732822154</corner2></bounds><pose><translation>-4.229146481965502, 1.2469269238742746, 6.2665785765236315</translation><rotation><c1>1, 0, 0</c1><c2>0, 1, 0</c2><c3>0, 0, 1</c3></rotation></pose><symmetry><x>twoFold</x><y>cylindrical</y><z>twoFold</z></symmetry><detectionScore>-1.0</detectionScore></element><element><id>9</id><category>wall</category><bounds><corner1>-2.65964716904909, -1.3351696935283528, -1.8875000219657636</corner1><corner2>2.65964716904909, 1.3351696935283528, 1.8875000219657636</corner2></bounds><pose><translation>-4.268774811780173, -0.06748620578690788, 9.435517410476441</translation><rotation><c1>1, 0, 0</c1><c2>0, 1, 0</c2><c3>0, 0, 1</c3></rotation></pose><symmetry><x>twoFold</x><y>cylindrical</y><z>twoFold</z></symmetry><detectionScore>-1.0</detectionScore></element><element><id>10</id><category>table_and_chair</category><bounds><corner1>-1.9710568872981802, -0.6502884480726417, -4.969847498521897</corner1><corner2>1.9710568872981802, 0.6502884480726417, 4.969847498521897</corner2></bounds><pose><translation>-3.6354305862613066, -1.1903294418999495, 5.193887346324791</translation><rotation><c1>1, 0, 0</c1><c2>0, 1, 0</c2><c3>0, 0, 1</c3></rotation></pose><symmetry><x>twoFold</x><y>cylindrical</y><z>twoFold</z></symmetry><detectionScore>-1.0</detectionScore></element><element><id>11</id><category>column</category><bounds><corner1>-2.6245796218524435, -1.5403237393412823, -0.4463613691767847</corner1><corner2>2.6245796218524435, 1.5403237393412823, 0.4463613691767847</corner2></bounds><pose><translation>-6.322659847581946, -0.24207845606877354, 4.176597319964567</translation><rotation><c1>1, 0, 0</c1><c2>0, 1, 0</c2><c3>0, 0, 1</c3></rotation></pose><symmetry><x>twoFold</x><y>cylindrical</y><z>twoFold</z></symmetry><detectionScore>-1.0</detectionScore></element><element><id>12</id><category>sofa</category><bounds><corner1>-2.492827068020565, -0.43382796171858484, -2.831004114673239</corner1><corner2>2.492827068020565, 0.43382796171858484, 2.831004114673239</corner2></bounds><pose><translation>-4.144578608550413, -0.9738926815390082, 2.5061905610780766</translation><rotation><c1>1, 0, 0</c1><c2>0, 1, 0</c2><c3>0, 0, 1</c3></rotation></pose><symmetry><x>twoFold</x><y>cylindrical</y><z>twoFold</z></symmetry><detectionScore>-1.0</detectionScore></element><element><id>13</id><category>wall</category><bounds><corner1>-3.75231878370257, -1.3429729255017933, -2.691378392273979</corner1><corner2>3.75231878370257, 1.3429729255017933, 2.691378392273979</corner2></bounds><pose><translation>-9.06368475945426, -0.06243170340305464, 1.5102023354222978</translation><rotation><c1>1, 0, 0</c1><c2>0, 1, 0</c2><c3>0, 0, 1</c3></rotation></pose><symmetry><x>twoFold</x><y>cylindrical</y><z>twoFold</z></symmetry><detectionScore>-1.0</detectionScore></element><element><id>14</id><category>chandelier</category><bounds><corner1>-0.6360053874857265, -0.11284613872041604, -2.5513465494714542</corner1><corner2>0.6360053874857265, 0.11284613872041604, 2.5513465494714542</corner2></bounds><pose><translation>-3.5694569124177735, 1.3064584980854645, 0.9916550797883507</translation><rotation><c1>1, 0, 0</c1><c2>0, 1, 0</c2><c3>0, 0, 1</c3></rotation></pose><symmetry><x>twoFold</x><y>cylindrical</y><z>twoFold</z></symmetry><detectionScore>-1.0</detectionScore></element><element><id>15</id><category>kitchen_cabinet</category><bounds><corner1>-2.7474508953869536, -1.3932958109289557, -2.8950846299674957</corner1><corner2>2.7474508953869536, 1.3932958109289557, 2.8950846299674957</corner2></bounds><pose><translation>-5.251238299001252, -0.10487479115632559, 8.427932802474709</translation><rotation><c1>1, 0, 0</c1><c2>0, 1, 0</c2><c3>0, 0, 1</c3></rotation></pose><symmetry><x>twoFold</x><y>cylindrical</y><z>twoFold</z></symmetry><detectionScore>-1.0</detectionScore></element><element><id>16</id><category>sofa</category><bounds><corner1>-0.7892712466092102, -0.5256440115411494, -1.942267210264129</corner1><corner2>0.7892712466092102, 0.5256440115411494, 1.942267210264129</corner2></bounds><pose><translation>-4.510030401940684, -1.1066210321382042, 2.275160967664176</translation><rotation><c1>1, 0, 0</c1><c2>0, 1, 0</c2><c3>0, 0, 1</c3></rotation></pose><symmetry><x>twoFold</x><y>cylindrical</y><z>twoFold</z></symmetry><detectionScore>-1.0</detectionScore></element><element><id>17</id><category>sofa</category><bounds><corner1>-3.0111360475096838, -0.7015714026250279, -1.5807468807644993</corner1><corner2>3.0111360475096838, 0.7015714026250279, 1.5807468807644993</corner2></bounds><pose><translation>-4.792077472641674, -1.2061483451824206, -0.46731831924465306</translation><rotation><c1>1, 0, 0</c1><c2>0, 1, 0</c2><c3>0, 0, 1</c3></rotation></pose><symmetry><x>twoFold</x><y>cylindrical</y><z>twoFold</z></symmetry><detectionScore>-1.0</detectionScore></element><element><id>18</id><category>wall</category><bounds><corner1>-3.6405244880115686, -1.446936032897966, -3.0200225560626137</corner1><corner2>3.6405244880115686, 1.446936032897966, 3.0200225560626137</corner2></bounds><pose><translation>-6.167422040246089, -0.1715651858833225, 8.218708753283172</translation><rotation><c1>1, 0, 0</c1><c2>0, 1, 0</c2><c3>0, 0, 1</c3></rotation></pose><symmetry><x>twoFold</x><y>cylindrical</y><z>twoFold</z></symmetry><detectionScore>-1.0</detectionScore></element><element><id>19</id><category>wall</category><bounds><corner1>-0.1356896347509826, -1.3983171499852738, -2.0378701772026617</corner1><corner2>0.1356896347509826, 1.3983171499852738, 2.0378701772026617</corner2></bounds><pose><translation>1.4090366863762287, 0.0027490192560039053, 2.8364660375230817</translation><rotation><c1>1, 0, 0</c1><c2>0, 1, 0</c2><c3>0, 0, 1</c3></rotation></pose><symmetry><x>twoFold</x><y>cylindrical</y><z>twoFold</z></symmetry><detectionScore>-1.0</detectionScore></element><element><id>20</id><category>ottoman</category><bounds><corner1>-0.6076122899088832, -0.30374223250644894, -0.43390876770175835</corner1><corner2>0.6076122899088832, 0.30374223250644894, 0.43390876770175835</corner2></bounds><pose><translation>-4.765629719124286, -1.1180825237105656, 2.176542670956445</translation><rotation><c1>1, 0, 0</c1><c2>0, 1, 0</c2><c3>0, 0, 1</c3></rotation></pose><symmetry><x>twoFold</x><y>cylindrical</y><z>twoFold</z></symmetry><detectionScore>-1.0</detectionScore></element><element><id>21</id><category>window</category><bounds><corner1>-3.6440026421755243, -1.408563453804981, -2.870839555752365</corner1><corner2>3.6440026421755243, 1.408563453804981, 2.870839555752365</corner2></bounds><pose><translation>-6.169170373914739, -0.13656974047755158, 8.36789175359342</translation><rotation><c1>1, 0, 0</c1><c2>0, 1, 0</c2><c3>0, 0, 1</c3></rotation></pose><symmetry><x>twoFold</x><y>cylindrical</y><z>twoFold</z></symmetry><detectionScore>-1.0</detectionScore></element><element><id>22</id><category>rug</category><bounds><corner1>-0.17639900107021056, -0.24552973624697227, -4.451973095413691</corner1><corner2>0.17639900107021056, 0.24552973624697227, 4.451973095413691</corner2></bounds><pose><translation>-1.7317050809519747, -0.91548762903783, 1.261908759060252</translation><rotation><c1>1, 0, 0</c1><c2>0, 1, 0</c2><c3>0, 0, 1</c3></rotation></pose><symmetry><x>twoFold</x><y>cylindrical</y><z>twoFold</z></symmetry><detectionScore>-1.0</detectionScore></element></elements></scene>