<?xml version='1.0' encoding='utf-8'?>
<scene xmlns:sumo="https://www.sumochallenge.org"><version>2.0</version><categories><id>fb_categories_v1.0</id><url>https://sumochallenge.org/en/categories-1_0.json</url></categories><project_type>bounding_box</project_type><elements><element><id>7</id><category>window</category><bounds><corner1>-0.05392745, -0.66331779, -0.67214598</corner1><corner2>0.05392745, 0.66331779, 0.67214598</corner2></bounds><pose><translation>3.25606278, 0.06015604, 1.30375145</translation><rotation><c1>1., 0., 0.</c1><c2>0., 1., 0.</c2><c3>0., 0., 1.</c3></rotation></pose><symmetry><x>none</x><y>none</y><z>none</z></symmetry><detectionScore>-1</detectionScore></element><element><id>9</id><category>wall</category><bounds><corner1>-0.2150756 , -1.27592108, -0.25420068</corner1><corner2>0.2150756 , 1.27592108, 0.25420068</corner2></bounds><pose><translation>-3.79269162, -0.16814112,  2.08451801</translation><rotation><c1>1., 0., 0.</c1><c2>0., 1., 0.</c2><c3>0., 0., 1.</c3></rotation></pose><symmetry><x>none</x><y>none</y><z>none</z></symmetry><detectionScore>-1</detectionScore></element><element><id>5</id><category>washer</category><bounds><corner1>-0.64502942, -0.34139785, -0.15497222</corner1><corner2>0.64502942, 0.34139785, 0.15497222</corner2></bounds><pose><translation> 2.2600878 , -0.898892  , -1.04555223</translation><rotation><c1>1., 0., 0.</c1><c2>0., 1., 0.</c2><c3>0., 0., 1.</c3></rotation></pose><symmetry><x>none</x><y>none</y><z>none</z></symmetry><detectionScore>-1</detectionScore></element><element><id>4</id><category>rug</category><bounds><corner1>-0.39912781, -0.02997117, -0.88671315</corner1><corner2>0.39912781, 0.02997117, 0.88671315</corner2></bounds><pose><translation>-2.2040704 , -1.43810614,  1.30428704</translation><rotation><c1>1., 0., 0.</c1><c2>0., 1., 0.</c2><c3>0., 0., 1.</c3></rotation></pose><symmetry><x>none</x><y>none</y><z>none</z></symmetry><detectionScore>-1</detectionScore></element><element><id>11</id><category>wall</category><bounds><corner1>-2.61244425, -1.2553863 , -0.08407421</corner1><corner2>2.61244425, 1.2553863 , 0.08407421</corner2></bounds><pose><translation>-0.17200146, -0.11718473,  4.02528386</translation><rotation><c1>1., 0., 0.</c1><c2>0., 1., 0.</c2><c3>0., 0., 1.</c3></rotation></pose><symmetry><x>none</x><y>none</y><z>none</z></symmetry><detectionScore>-1</detectionScore></element><element><id>10</id><category>air_conditioner</category><bounds><corner1>-0.32333152, -0.27678135, -0.03794897</corner1><corner2>0.32333152, 0.27678135, 0.03794897</corner2></bounds><pose><translation>-0.18251607,  0.60487401, -1.32796279</translation><rotation><c1>1., 0., 0.</c1><c2>0., 1., 0.</c2><c3>0., 0., 1.</c3></rotation></pose><symmetry><x>none</x><y>none</y><z>none</z></symmetry><detectionScore>-1</detectionScore></element><element><id>6</id><category>window</category><bounds><corner1>-0.93829196, -0.58484494, -0.28096404</corner1><corner2>0.93829196, 0.58484494, 0.28096404</corner2></bounds><pose><translation>-0.34995019,  0.07968578, -1.57694781</translation><rotation><c1>1., 0., 0.</c1><c2>0., 1., 0.</c2><c3>0., 0., 1.</c3></rotation></pose><symmetry><x>none</x><y>none</y><z>none</z></symmetry><detectionScore>-1</detectionScore></element><element><id>13</id><category>floor_lamp</category><bounds><corner1>-0.02906774, -0.73512075, -0.08218254</corner1><corner2>0.02906774, 0.73512075, 0.08218254</corner2></bounds><pose><translation>-1.52103144, -0.68671182, -0.80836904</translation><rotation><c1>1., 0., 0.</c1><c2>0., 1., 0.</c2><c3>0., 0., 1.</c3></rotation></pose><symmetry><x>none</x><y>none</y><z>none</z></symmetry><detectionScore>-1</detectionScore></element><element><id>3</id><category>wall</category><bounds><corner1>-0.70882453, -1.20291049, -2.16177137</corner1><corner2>0.70882453, 1.20291049, 2.16177137</corner2></bounds><pose><translation>-3.77978871, -0.10719019,  0.67044185</translation><rotation><c1>1., 0., 0.</c1><c2>0., 1., 0.</c2><c3>0., 0., 1.</c3></rotation></pose><symmetry><x>none</x><y>none</y><z>none</z></symmetry><detectionScore>-1</detectionScore></element><element><id>2</id><category>kitchen_cabinet</category><bounds><corner1>-0.49104443, -0.03278778, -0.03900713</corner1><corner2>0.49104443, 0.03278778, 0.03900713</corner2></bounds><pose><translation> 0.61097251, -0.68683844, -0.97702565</translation><rotation><c1>1., 0., 0.</c1><c2>0., 1., 0.</c2><c3>0., 0., 1.</c3></rotation></pose><symmetry><x>none</x><y>none</y><z>none</z></symmetry><detectionScore>-1</detectionScore></element><element><id>12</id><category>gym_equipment</category><bounds><corner1>-0.61025624, -1.03945129, -1.70125229</corner1><corner2>0.61025624, 1.03945129, 1.70125229</corner2></bounds><pose><translation>-1.20543136, -0.90928378,  2.38118195</translation><rotation><c1>1., 0., 0.</c1><c2>0., 1., 0.</c2><c3>0., 0., 1.</c3></rotation></pose><symmetry><x>none</x><y>none</y><z>none</z></symmetry><detectionScore>-1</detectionScore></element><element><id>8</id><category>window</category><bounds><corner1>-0.08826301, -0.66076818, -0.9826155 </corner1><corner2>0.08826301, 0.66076818, 0.9826155 </corner2></bounds><pose><translation>-3.83619515,  0.07873333,  1.31510877</translation><rotation><c1>1., 0., 0.</c1><c2>0., 1., 0.</c2><c3>0., 0., 1.</c3></rotation></pose><symmetry><x>none</x><y>none</y><z>none</z></symmetry><detectionScore>-1</detectionScore></element><element><id>1</id><category>single_bed</category><bounds><corner1>-0.34706373, -0.49940112, -1.0590352 </corner1><corner2>0.34706373, 0.49940112, 1.0590352 </corner2></bounds><pose><translation>-1.85701077, -1.04308036, -0.27537896</translation><rotation><c1>1., 0., 0.</c1><c2>0., 1., 0.</c2><c3>0., 0., 1.</c3></rotation></pose><symmetry><x>none</x><y>none</y><z>none</z></symmetry><detectionScore>-1</detectionScore></element></elements></scene>