<?xml version='1.0' encoding='utf-8'?>
<scene xmlns:sumo="https://www.sumochallenge.org"><version>2.0</version><categories><id>fb_categories_v1.0</id><url>https://sumochallenge.org/en/categories-1_0.json</url></categories><project_type>bounding_box</project_type><elements><element><id>7</id><category>door</category><bounds><corner1>-1.2759738 , -1.0705871 , -0.68319377</corner1><corner2>1.2759738 , 1.0705871 , 0.68319377</corner2></bounds><pose><translation>-4.48504333, -0.10080218,  1.05651742</translation><rotation><c1>1., 0., 0.</c1><c2>0., 1., 0.</c2><c3>0., 0., 1.</c3></rotation></pose><symmetry><x>none</x><y>none</y><z>none</z></symmetry><detectionScore>-1</detectionScore></element><element><id>5</id><category>armchair</category><bounds><corner1>-0.42545001, -0.129641  , -0.27906332</corner1><corner2>0.42545001, 0.129641  , 0.27906332</corner2></bounds><pose><translation>-0.90677483, -0.7029014 , -1.64900839</translation><rotation><c1>1., 0., 0.</c1><c2>0., 1., 0.</c2><c3>0., 0., 1.</c3></rotation></pose><symmetry><x>none</x><y>none</y><z>none</z></symmetry><detectionScore>-1</detectionScore></element><element><id>3</id><category>window</category><bounds><corner1>-0.75629803, -0.93000494, -0.04208192</corner1><corner2>0.75629803, 0.93000494, 0.04208192</corner2></bounds><pose><translation>-3.11125443,  0.22654601,  2.26632451</translation><rotation><c1>1., 0., 0.</c1><c2>0., 1., 0.</c2><c3>0., 0., 1.</c3></rotation></pose><symmetry><x>none</x><y>none</y><z>none</z></symmetry><detectionScore>-1</detectionScore></element><element><id>4</id><category>partition</category><bounds><corner1>-2.09070783, -1.20804168, -7.06237787</corner1><corner2>2.09070783, 1.20804168, 7.06237787</corner2></bounds><pose><translation>-1.24211516, -0.07701905, -8.22539928</translation><rotation><c1>1., 0., 0.</c1><c2>0., 1., 0.</c2><c3>0., 0., 1.</c3></rotation></pose><symmetry><x>none</x><y>none</y><z>none</z></symmetry><detectionScore>-1</detectionScore></element><element><id>2</id><category>mirror</category><bounds><corner1>-0.02501867, -0.39366621, -0.17487092</corner1><corner2>0.02501867, 0.39366621, 0.17487092</corner2></bounds><pose><translation>0.78499611, 0.34836539, 0.15848708</translation><rotation><c1>1., 0., 0.</c1><c2>0., 1., 0.</c2><c3>0., 0., 1.</c3></rotation></pose><symmetry><x>none</x><y>none</y><z>none</z></symmetry><detectionScore>-1</detectionScore></element><element><id>1</id><category>floor_lamp</category><bounds><corner1>-0.176183  , -0.85609688, -0.12979912</corner1><corner2>0.176183  , 0.85609688, 0.12979912</corner2></bounds><pose><translation> 0.63401816, -0.87571422,  2.12409637</translation><rotation><c1>1., 0., 0.</c1><c2>0., 1., 0.</c2><c3>0., 0., 1.</c3></rotation></pose><symmetry><x>none</x><y>none</y><z>none</z></symmetry><detectionScore>-1</detectionScore></element></elements></scene>