<?xml version='1.0' encoding='utf-8'?>
<scene xmlns:sumo="https://www.sumochallenge.org"><version>2.0</version><categories><id>fb_categories_v1.0</id><url>https://sumochallenge.org/en/categories-1_0.json</url></categories><project_type>bounding_box</project_type><elements><element><id>3</id><category>door</category><bounds><corner1>-2.22738807, -0.98981368, -3.20067263</corner1><corner2>2.22738807, 0.98981368, 3.20067263</corner2></bounds><pose><translation>-3.23209002, -0.20932383, -4.60261514</translation><rotation><c1>1., 0., 0.</c1><c2>0., 1., 0.</c2><c3>0., 0., 1.</c3></rotation></pose><symmetry><x>none</x><y>none</y><z>none</z></symmetry><detectionScore>-1</detectionScore></element><element><id>5</id><category>shelving</category><bounds><corner1>-0.30289379, -0.99170917, -2.52026313</corner1><corner2>0.30289379, 0.99170917, 2.52026313</corner2></bounds><pose><translation> 0.9534971 , -0.48940063, -4.47933175</translation><rotation><c1>1., 0., 0.</c1><c2>0., 1., 0.</c2><c3>0., 0., 1.</c3></rotation></pose><symmetry><x>none</x><y>none</y><z>none</z></symmetry><detectionScore>-1</detectionScore></element><element><id>4</id><category>window</category><bounds><corner1>-1.94488426, -0.63220608, -0.7494953 </corner1><corner2>1.94488426, 0.63220608, 0.7494953 </corner2></bounds><pose><translation>-3.81078336,  0.0483324 , -1.80683937</translation><rotation><c1>1., 0., 0.</c1><c2>0., 1., 0.</c2><c3>0., 0., 1.</c3></rotation></pose><symmetry><x>none</x><y>none</y><z>none</z></symmetry><detectionScore>-1</detectionScore></element><element><id>2</id><category>wall</category><bounds><corner1>-1.88314462, -1.19073061, -3.78481783</corner1><corner2>1.88314462, 1.19073061, 3.78481783</corner2></bounds><pose><translation>-0.94168389, -0.08434344, -5.75776305</translation><rotation><c1>1., 0., 0.</c1><c2>0., 1., 0.</c2><c3>0., 0., 1.</c3></rotation></pose><symmetry><x>none</x><y>none</y><z>none</z></symmetry><detectionScore>-1</detectionScore></element><element><id>1</id><category>wall</category><bounds><corner1>-2.55389379, -1.11718723, -4.0724008 </corner1><corner2>2.55389379, 1.11718723, 4.0724008 </corner2></bounds><pose><translation>-3.60473395,  0.06276529, -5.71538922</translation><rotation><c1>1., 0., 0.</c1><c2>0., 1., 0.</c2><c3>0., 0., 1.</c3></rotation></pose><symmetry><x>none</x><y>none</y><z>none</z></symmetry><detectionScore>-1</detectionScore></element></elements></scene>