<?xml version='1.0' encoding='utf-8'?>
<scene xmlns:sumo="https://www.sumochallenge.org"><version>2.0</version><categories><id>fb_categories_v1.0</id><url>https://sumochallenge.org/en/categories-1_0.json</url></categories><project_type>bounding_box</project_type><elements><element><id>3</id><category>office_chair</category><bounds><corner1>-0.79889374, -0.74216619, -0.29431076</corner1><corner2>0.79889374, 0.74216619, 0.29431076</corner2></bounds><pose><translation>-2.04888867, -1.3514039 ,  0.44083243</translation><rotation><c1>1., 0., 0.</c1><c2>0., 1., 0.</c2><c3>0., 0., 1.</c3></rotation></pose><symmetry><x>none</x><y>none</y><z>none</z></symmetry><detectionScore>-1</detectionScore></element><element><id>4</id><category>window</category><bounds><corner1>-2.04831208, -0.9315494 , -1.30075952</corner1><corner2>2.04831208, 0.9315494 , 1.30075952</corner2></bounds><pose><translation>-3.29127991, -0.07636317, -2.52164052</translation><rotation><c1>1., 0., 0.</c1><c2>0., 1., 0.</c2><c3>0., 0., 1.</c3></rotation></pose><symmetry><x>none</x><y>none</y><z>none</z></symmetry><detectionScore>-1</detectionScore></element><element><id>2</id><category>wall</category><bounds><corner1>-2.41214305, -0.40765618, -0.11766507</corner1><corner2>2.41214305, 0.40765618, 0.11766507</corner2></bounds><pose><translation> 4.73004857e-01,  1.06777191e-02, -4.67768114e-04</translation><rotation><c1>1., 0., 0.</c1><c2>0., 1., 0.</c2><c3>0., 0., 1.</c3></rotation></pose><symmetry><x>none</x><y>none</y><z>none</z></symmetry><detectionScore>-1</detectionScore></element><element><id>1</id><category>sink</category><bounds><corner1>-0.61991719, -0.34712343, -0.23937729</corner1><corner2>0.61991719, 0.34712343, 0.23937729</corner2></bounds><pose><translation> 1.19004414, -0.40416418,  0.69600349</translation><rotation><c1>1., 0., 0.</c1><c2>0., 1., 0.</c2><c3>0., 0., 1.</c3></rotation></pose><symmetry><x>none</x><y>none</y><z>none</z></symmetry><detectionScore>-1</detectionScore></element></elements></scene>