<?xml version='1.0' encoding='utf-8'?>
<scene xmlns:sumo="https://www.sumochallenge.org"><version>2.0</version><categories><id>fb_categories_v1_0</id><url>https://sumochallenge.org/en/categories-1_0.json</url></categories><project_type>bounding_box</project_type><elements><element><id>0</id><category>tv_stand</category><bounds><corner1>-1.4365427139922087, -0.35732247778038406, -1.2101574882382207</corner1><corner2>1.4365427139922087, 0.35732247778038406, 1.2101574882382207</corner2></bounds><pose><translation>0.36621958165695473, 3.5691250836787787, -0.6171138615593983</translation><rotation><c1>0, 0, 0</c1><c2>0, 0, 0</c2><c3>0, 0, 0</c3></rotation></pose><symmetry><x>twoFold</x><y>cylindrical</y><z>twoFold</z></symmetry><detectionScore>-1.0</detectionScore></element><element><id>1</id><category>door</category><bounds><corner1>-2.8188590078467666, -0.8571886599160465, -1.2580466985988696</corner1><corner2>2.8188590078467666, 0.8571886599160465, 1.2580466985988696</corner2></bounds><pose><translation>4.7811662826412284, -2.9906852327303133, -0.3927534279057503</translation><rotation><c1>0, 0, 0</c1><c2>0, 0, 0</c2><c3>0, 0, 0</c3></rotation></pose><symmetry><x>twoFold</x><y>cylindrical</y><z>twoFold</z></symmetry><detectionScore>-1.0</detectionScore></element><element><id>2</id><category>ottoman</category><bounds><corner1>-0.22456788587028187, -1.2086587023950246, -0.13060213099208018</corner1><corner2>0.22456788587028187, 1.2086587023950246, 0.13060213099208018</corner2></bounds><pose><translation>-0.6463221952886068, 2.1557720898692896, -1.3298987220633818</translation><rotation><c1>0, 0, 0</c1><c2>0, 0, 0</c2><c3>0, 0, 0</c3></rotation></pose><symmetry><x>twoFold</x><y>cylindrical</y><z>twoFold</z></symmetry><detectionScore>-1.0</detectionScore></element><element><id>3</id><category>wall</category><bounds><corner1>-0.5454863202382381, -3.157963822250227, -1.3026640516552583</corner1><corner2>0.5454863202382381, 3.157963822250227, 1.3026640516552583</corner2></bounds><pose><translation>12.979474092200082, 0.2588512731149473, -0.06508326140443865</translation><rotation><c1>0, 0, 0</c1><c2>0, 0, 0</c2><c3>0, 0, 0</c3></rotation></pose><symmetry><x>twoFold</x><y>cylindrical</y><z>twoFold</z></symmetry><detectionScore>-1.0</detectionScore></element><element><id>4</id><category>ottoman</category><bounds><corner1>-0.48358741345646145, -0.18060053321152347, -0.33753214978026813</corner1><corner2>0.48358741345646145, 0.18060053321152347, 0.33753214978026813</corner2></bounds><pose><translation>-0.9517845631096956, 2.236623093248535, -1.264190493949001</translation><rotation><c1>0, 0, 0</c1><c2>0, 0, 0</c2><c3>0, 0, 0</c3></rotation></pose><symmetry><x>twoFold</x><y>cylindrical</y><z>twoFold</z></symmetry><detectionScore>-1.0</detectionScore></element><element><id>5</id><category>door</category><bounds><corner1>-1.8910193816008007, -0.2343702614924017, -1.335882779815213</corner1><corner2>1.8910193816008007, 0.2343702614924017, 1.335882779815213</corner2></bounds><pose><translation>5.992388885767938, 3.471817364665211, -0.37652786257955767</translation><rotation><c1>0, 0, 0</c1><c2>0, 0, 0</c2><c3>0, 0, 0</c3></rotation></pose><symmetry><x>twoFold</x><y>cylindrical</y><z>twoFold</z></symmetry><detectionScore>-1.0</detectionScore></element><element><id>6</id><category>shelving</category><bounds><corner1>-0.613305300045462, -0.3342512459088076, -0.9330482008374192</corner1><corner2>0.613305300045462, 0.3342512459088076, 0.9330482008374192</corner2></bounds><pose><translation>1.3632910025667266, 3.5570207349281127, -0.7550214599395242</translation><rotation><c1>0, 0, 0</c1><c2>0, 0, 0</c2><c3>0, 0, 0</c3></rotation></pose><symmetry><x>twoFold</x><y>cylindrical</y><z>twoFold</z></symmetry><detectionScore>-1.0</detectionScore></element><element><id>7</id><category>table_and_chair</category><bounds><corner1>-1.9554735007853365, -0.7405417327226995, -0.5624319764835686</corner1><corner2>1.9554735007853365, 0.7405417327226995, 0.5624319764835686</corner2></bounds><pose><translation>-1.9554735007853365, -0.4687499503565668, -0.5624319764835686</translation><rotation><c1>0, 0, 0</c1><c2>0, 0, 0</c2><c3>0, 0, 0</c3></rotation></pose><symmetry><x>twoFold</x><y>cylindrical</y><z>twoFold</z></symmetry><detectionScore>-1.0</detectionScore></element><element><id>8</id><category>wall</category><bounds><corner1>-1.8548681045616675, -0.16667276514952478, -1.4200929303786385</corner1><corner2>1.8548681045616675, 0.16667276514952478, 1.4200929303786385</corner2></bounds><pose><translation>1.0350740076536558, 3.7562887745599833, -0.19364018174396969</translation><rotation><c1>0, 0, 0</c1><c2>0, 0, 0</c2><c3>0, 0, 0</c3></rotation></pose><symmetry><x>twoFold</x><y>cylindrical</y><z>twoFold</z></symmetry><detectionScore>-1.0</detectionScore></element><element><id>9</id><category>door</category><bounds><corner1>-1.6375528804002568, -0.9282055142437038, -1.6491059785403948</corner1><corner2>1.6375528804002568, 0.9282055142437038, 1.6491059785403948</corner2></bounds><pose><translation>-1.6375528804002568, -0.024803899401048046, -0.24480866539939522</translation><rotation><c1>0, 0, 0</c1><c2>0, 0, 0</c2><c3>0, 0, 0</c3></rotation></pose><symmetry><x>twoFold</x><y>cylindrical</y><z>twoFold</z></symmetry><detectionScore>-1.0</detectionScore></element><element><id>10</id><category>wall</category><bounds><corner1>-4.813602117976321, -0.1600959980941683, -1.4550640151983334</corner1><corner2>4.813602117976321, 0.1600959980941683, 1.4550640151983334</corner2></bounds><pose><translation>7.785515500030718, 3.488960703130843, -0.17530270286461547</translation><rotation><c1>0, 0, 0</c1><c2>0, 0, 0</c2><c3>0, 0, 0</c3></rotation></pose><symmetry><x>twoFold</x><y>cylindrical</y><z>twoFold</z></symmetry><detectionScore>-1.0</detectionScore></element><element><id>11</id><category>plant</category><bounds><corner1>-5.057234081498062, -0.9539367093394886, -1.3402260468203488</corner1><corner2>5.057234081498062, 0.9539367093394886, 1.3402260468203488</corner2></bounds><pose><translation>7.879525911386948, -2.9776697634263214, -0.3807348098667992</translation><rotation><c1>0, 0, 0</c1><c2>0, 0, 0</c2><c3>0, 0, 0</c3></rotation></pose><symmetry><x>twoFold</x><y>cylindrical</y><z>twoFold</z></symmetry><detectionScore>-1.0</detectionScore></element><element><id>12</id><category>laptop</category><bounds><corner1>-0.40907443296088053, -0.03571357912026252, -0.1256735133964717</corner1><corner2>0.40907443296088053, 0.03571357912026252, 0.1256735133964717</corner2></bounds><pose><translation>0.7138653702169345, -1.2727459661917904, -1.1708380665715081</translation><rotation><c1>0, 0, 0</c1><c2>0, 0, 0</c2><c3>0, 0, 0</c3></rotation></pose><symmetry><x>twoFold</x><y>cylindrical</y><z>twoFold</z></symmetry><detectionScore>-1.0</detectionScore></element><element><id>13</id><category>plant</category><bounds><corner1>-3.475323504460377, -1.2268337891552012, -1.3362849293654353</corner1><corner2>3.475323504460377, 1.2268337891552012, 1.3362849293654353</corner2></bounds><pose><translation>4.591282372149429, -3.002029569666763, -0.6807162520178294</translation><rotation><c1>0, 0, 0</c1><c2>0, 0, 0</c2><c3>0, 0, 0</c3></rotation></pose><symmetry><x>twoFold</x><y>cylindrical</y><z>twoFold</z></symmetry><detectionScore>-1.0</detectionScore></element><element><id>14</id><category>ottoman</category><bounds><corner1>-0.3134340448224554, -0.4501650615389403, -0.24806821209981655</corner1><corner2>0.3134340448224554, 0.4501650615389403, 0.24806821209981655</corner2></bounds><pose><translation>-0.7494398808510265, 1.7375127592041166, -1.3466707123483226</translation><rotation><c1>0, 0, 0</c1><c2>0, 0, 0</c2><c3>0, 0, 0</c3></rotation></pose><symmetry><x>twoFold</x><y>cylindrical</y><z>twoFold</z></symmetry><detectionScore>-1.0</detectionScore></element><element><id>15</id><category>table_and_chair</category><bounds><corner1>-8.28172557637466, -1.8374758542470062, -0.9556380221250691</corner1><corner2>8.28172557637466, 1.8374758542470062, 0.9556380221250691</corner2></bounds><pose><translation>4.53478053042736, -0.08980261302428719, -1.5230108158821134</translation><rotation><c1>0, 0, 0</c1><c2>0, 0, 0</c2><c3>0, 0, 0</c3></rotation></pose><symmetry><x>twoFold</x><y>cylindrical</y><z>twoFold</z></symmetry><detectionScore>-1.0</detectionScore></element><element><id>16</id><category>fence</category><bounds><corner1>-1.790982105999581, -0.7410972581209372, -0.3336748317551581</corner1><corner2>1.790982105999581, 0.7410972581209372, 0.3336748317551581</corner2></bounds><pose><translation>-1.790982105999581, -0.7410972581209372, -0.11537316273537943</translation><rotation><c1>0, 0, 0</c1><c2>0, 0, 0</c2><c3>0, 0, 0</c3></rotation></pose><symmetry><x>twoFold</x><y>cylindrical</y><z>twoFold</z></symmetry><detectionScore>-1.0</detectionScore></element><element><id>17</id><category>fence</category><bounds><corner1>-1.8758963130589104, -0.32308251390069337, -0.24515956998308502</corner1><corner2>1.8758963130589104, 0.32308251390069337, 0.24515956998308502</corner2></bounds><pose><translation>-1.8758963130589104, 0.17953738792939739, -0.15687848319691705</translation><rotation><c1>0, 0, 0</c1><c2>0, 0, 0</c2><c3>0, 0, 0</c3></rotation></pose><symmetry><x>twoFold</x><y>cylindrical</y><z>twoFold</z></symmetry><detectionScore>-1.0</detectionScore></element><element><id>18</id><category>fence</category><bounds><corner1>-1.9060745097533456, -0.3486398958752978, -0.28604176137431686</corner1><corner2>1.9060745097533456, 0.3486398958752978, 0.28604176137431686</corner2></bounds><pose><translation>-1.9060745097533456, -0.2523734164366037, -0.009901828005178453</translation><rotation><c1>0, 0, 0</c1><c2>0, 0, 0</c2><c3>0, 0, 0</c3></rotation></pose><symmetry><x>twoFold</x><y>cylindrical</y><z>twoFold</z></symmetry><detectionScore>-1.0</detectionScore></element><element><id>19</id><category>wall</category><bounds><corner1>-5.552546511218564, -1.1643510995544106, -1.3534243430989077</corner1><corner2>5.552546511218564, 1.1643510995544106, 1.3534243430989077</corner2></bounds><pose><translation>7.280291420906611, -2.973347568853634, -0.07250053845828831</translation><rotation><c1>0, 0, 0</c1><c2>0, 0, 0</c2><c3>0, 0, 0</c3></rotation></pose><symmetry><x>twoFold</x><y>cylindrical</y><z>twoFold</z></symmetry><detectionScore>-1.0</detectionScore></element></elements></scene>