<?xml version='1.0' encoding='utf-8'?>
<scene xmlns:sumo="https://www.sumochallenge.org"><version>2.0</version><categories><id>fb_categories_v1.0</id><url>https://sumochallenge.org/en/categories-1_0.json</url></categories><project_type>bounding_box</project_type><elements><element><id>2</id><category>wall</category><bounds><corner1>-1.68675536, -1.19801689, -0.11254598</corner1><corner2>1.68675536, 1.19801689, 0.11254598</corner2></bounds><pose><translation>-1.08112247, -0.1165353 ,  4.75005824</translation><rotation><c1>1., 0., 0.</c1><c2>0., 1., 0.</c2><c3>0., 0., 1.</c3></rotation></pose><symmetry><x>none</x><y>twoFold</y><z>none</z></symmetry><detectionScore>0.9806733</detectionScore></element><element><id>4</id><category>door</category><bounds><corner1>-0.02202213, -0.80311819, -0.51006139</corner1><corner2>0.02202213, 0.80311819, 0.51006139</corner2></bounds><pose><translation> 1.18300813, -0.08788977,  0.36680387</translation><rotation><c1>1., 0., 0.</c1><c2>0., 1., 0.</c2><c3>0., 0., 1.</c3></rotation></pose><symmetry><x>twoFold</x><y>twoFold</y><z>twoFold</z></symmetry><detectionScore>0.5951842</detectionScore></element><element><id>1</id><category>picture_frame</category><bounds><corner1>-0.03006323, -0.67764318, -0.62504087</corner1><corner2>0.03006323, 0.67764318, 0.62504087</corner2></bounds><pose><translation>1.11562727, 0.34211469, 1.74791355</translation><rotation><c1>1., 0., 0.</c1><c2>0., 1., 0.</c2><c3>0., 0., 1.</c3></rotation></pose><symmetry><x>none</x><y>fourFold</y><z>none</z></symmetry><detectionScore>0.9985506</detectionScore></element><element><id>5</id><category>double_bed</category><bounds><corner1>-0.93145824, -0.42277832, -2.00446423</corner1><corner2>0.93145824, 0.42277832, 2.00446423</corner2></bounds><pose><translation>-1.57465712, -0.90865911,  2.75300144</translation><rotation><c1>1., 0., 0.</c1><c2>0., 1., 0.</c2><c3>0., 0., 1.</c3></rotation></pose><symmetry><x>none</x><y>none</y><z>none</z></symmetry><detectionScore>0.99376595</detectionScore></element><element><id>3</id><category>door</category><bounds><corner1>-0.36472443, -1.11554939, -0.20188838</corner1><corner2>0.36472443, 1.11554939, 0.20188838</corner2></bounds><pose><translation> 0.72928735, -0.37374795, -1.72194681</translation><rotation><c1>1., 0., 0.</c1><c2>0., 1., 0.</c2><c3>0., 0., 1.</c3></rotation></pose><symmetry><x>twoFold</x><y>twoFold</y><z>twoFold</z></symmetry><detectionScore>0.99355185</detectionScore></element></elements></scene>