<?xml version='1.0' encoding='utf-8'?>
<scene xmlns:sumo="https://www.sumochallenge.org"><version>2.0</version><categories><id>fb_categories_v1.0</id><url>https://sumochallenge.org/en/categories-1_0.json</url></categories><project_type>bounding_box</project_type><elements><element><id>11</id><category>computer</category><bounds><corner1>-0.95495391, -0.33532667, -0.17627615</corner1><corner2>0.95495391, 0.33532667, 0.17627615</corner2></bounds><pose><translation> 1.46904008, -0.5194152 , -0.69555593</translation><rotation><c1>1., 0., 0.</c1><c2>0., 1., 0.</c2><c3>0., 0., 1.</c3></rotation></pose><symmetry><x>none</x><y>none</y><z>none</z></symmetry><detectionScore>-1</detectionScore></element><element><id>6</id><category>books</category><bounds><corner1>-0.51107837, -0.24725001, -0.03188537</corner1><corner2>0.51107837, 0.24725001, 0.03188537</corner2></bounds><pose><translation> 1.22197101,  0.227822  , -0.84035267</translation><rotation><c1>1., 0., 0.</c1><c2>0., 1., 0.</c2><c3>0., 0., 1.</c3></rotation></pose><symmetry><x>none</x><y>none</y><z>none</z></symmetry><detectionScore>-1</detectionScore></element><element><id>7</id><category>window</category><bounds><corner1>-0.98833832, -0.66219223, -0.07244209</corner1><corner2>0.98833832, 0.66219223, 0.07244209</corner2></bounds><pose><translation>-2.79172985,  0.06571802,  4.48312103</translation><rotation><c1>1., 0., 0.</c1><c2>0., 1., 0.</c2><c3>0., 0., 1.</c3></rotation></pose><symmetry><x>none</x><y>none</y><z>none</z></symmetry><detectionScore>-1</detectionScore></element><element><id>5</id><category>office_chair</category><bounds><corner1>-0.47896676, -0.59410889, -0.43985404</corner1><corner2>0.47896676, 0.59410889, 0.43985404</corner2></bounds><pose><translation> 1.97593966, -1.11351977, -0.03032746</translation><rotation><c1>1., 0., 0.</c1><c2>0., 1., 0.</c2><c3>0., 0., 1.</c3></rotation></pose><symmetry><x>none</x><y>none</y><z>none</z></symmetry><detectionScore>-1</detectionScore></element><element><id>3</id><category>window</category><bounds><corner1>-0.96240481, -0.66454558, -0.07317897</corner1><corner2>0.96240481, 0.66454558, 0.07317897</corner2></bounds><pose><translation>-0.17984211,  0.07453047,  4.48310101</translation><rotation><c1>1., 0., 0.</c1><c2>0., 1., 0.</c2><c3>0., 0., 1.</c3></rotation></pose><symmetry><x>none</x><y>none</y><z>none</z></symmetry><detectionScore>-1</detectionScore></element><element><id>9</id><category>arch</category><bounds><corner1>-1.3870437 , -1.37942814, -0.17331664</corner1><corner2>1.3870437 , 1.37942814, 0.17331664</corner2></bounds><pose><translation>-2.61708454, -0.18962826, -1.08882027</translation><rotation><c1>1., 0., 0.</c1><c2>0., 1., 0.</c2><c3>0., 0., 1.</c3></rotation></pose><symmetry><x>none</x><y>none</y><z>none</z></symmetry><detectionScore>-1</detectionScore></element><element><id>10</id><category>television</category><bounds><corner1>-0.06653562, -0.40721563, -0.69288447</corner1><corner2>0.06653562, 0.40721563, 0.69288447</corner2></bounds><pose><translation>-4.08676456,  0.17115752,  1.79988828</translation><rotation><c1>1., 0., 0.</c1><c2>0., 1., 0.</c2><c3>0., 0., 1.</c3></rotation></pose><symmetry><x>none</x><y>none</y><z>none</z></symmetry><detectionScore>-1</detectionScore></element><element><id>4</id><category>armchair</category><bounds><corner1>-0.20400606, -0.31533063, -1.43505961</corner1><corner2>0.20400606, 0.31533063, 1.43505961</corner2></bounds><pose><translation>-1.49900922, -0.92732581,  0.41250022</translation><rotation><c1>1., 0., 0.</c1><c2>0., 1., 0.</c2><c3>0., 0., 1.</c3></rotation></pose><symmetry><x>none</x><y>none</y><z>none</z></symmetry><detectionScore>-1</detectionScore></element><element><id>2</id><category>wall</category><bounds><corner1>-3.09785244, -1.19352075, -0.09483431</corner1><corner2>3.09785244, 1.19352075, 0.09483431</corner2></bounds><pose><translation>-0.71315406, -0.07498078,  4.43713235</translation><rotation><c1>1., 0., 0.</c1><c2>0., 1., 0.</c2><c3>0., 0., 1.</c3></rotation></pose><symmetry><x>none</x><y>none</y><z>none</z></symmetry><detectionScore>-1</detectionScore></element><element><id>1</id><category>desk</category><bounds><corner1>-0.90694361, -0.22132588, -0.22618936</corner1><corner2>0.90694361, 0.22132588, 0.22618936</corner2></bounds><pose><translation> 1.35096335, -0.69997932, -0.69043851</translation><rotation><c1>1., 0., 0.</c1><c2>0., 1., 0.</c2><c3>0., 0., 1.</c3></rotation></pose><symmetry><x>none</x><y>none</y><z>none</z></symmetry><detectionScore>-1</detectionScore></element><element><id>8</id><category>books</category><bounds><corner1>-0.5621072 , -0.23421613, -0.03274317</corner1><corner2>0.5621072 , 0.23421613, 0.03274317</corner2></bounds><pose><translation> 1.48194245,  0.23039855, -0.84205074</translation><rotation><c1>1., 0., 0.</c1><c2>0., 1., 0.</c2><c3>0., 0., 1.</c3></rotation></pose><symmetry><x>none</x><y>none</y><z>none</z></symmetry><detectionScore>-1</detectionScore></element></elements></scene>