<?xml version='1.0' encoding='utf-8'?>
<scene xmlns:sumo="https://www.sumochallenge.org"><version>2.0</version><categories><id>fb_categories_v1.0</id><url>https://sumochallenge.org/en/categories-1_0.json</url></categories><project_type>bounding_box</project_type><elements><element><id>4</id><category>coffee_table</category><bounds><corner1>-0.20996442, -0.06298428, -0.4439105 </corner1><corner2>0.20996442, 0.06298428, 0.4439105 </corner2></bounds><pose><translation>-1.49897055, -0.99989451,  0.08088654</translation><rotation><c1>1., 0., 0.</c1><c2>0., 1., 0.</c2><c3>0., 0., 1.</c3></rotation></pose><symmetry><x>none</x><y>twoFold</y><z>none</z></symmetry><detectionScore>0.61299914</detectionScore></element><element><id>1</id><category>wall</category><bounds><corner1>-0.10939184, -0.98618567, -0.02702057</corner1><corner2>0.10939184, 0.98618567, 0.02702057</corner2></bounds><pose><translation>-2.79600471e-01,  1.60059740e-03, -1.64704557e+00</translation><rotation><c1>1., 0., 0.</c1><c2>0., 1., 0.</c2><c3>0., 0., 1.</c3></rotation></pose><symmetry><x>none</x><y>twoFold</y><z>none</z></symmetry><detectionScore>0.6568645</detectionScore></element><element><id>5</id><category>wall</category><bounds><corner1>-0.98385132, -1.2405371 , -1.24523521</corner1><corner2>0.98385132, 1.2405371 , 1.24523521</corner2></bounds><pose><translation>-1.2620927 , -0.16742741, -2.88719368</translation><rotation><c1>1., 0., 0.</c1><c2>0., 1., 0.</c2><c3>0., 0., 1.</c3></rotation></pose><symmetry><x>none</x><y>twoFold</y><z>none</z></symmetry><detectionScore>0.9281779</detectionScore></element><element><id>10</id><category>toy</category><bounds><corner1>-1.55119276, -0.75209022, -0.51183676</corner1><corner2>1.55119276, 0.75209022, 0.51183676</corner2></bounds><pose><translation> 4.84685228, -0.85286343, -1.17739117</translation><rotation><c1>1., 0., 0.</c1><c2>0., 1., 0.</c2><c3>0., 0., 1.</c3></rotation></pose><symmetry><x>none</x><y>cylindrical</y><z>none</z></symmetry><detectionScore>0.79747367</detectionScore></element><element><id>3</id><category>ottoman</category><bounds><corner1>-0.68093306, -0.01956143, -0.18700241</corner1><corner2>0.68093306, 0.01956143, 0.18700241</corner2></bounds><pose><translation> 0.25542785, -1.01549634, -1.35701511</translation><rotation><c1>1., 0., 0.</c1><c2>0., 1., 0.</c2><c3>0., 0., 1.</c3></rotation></pose><symmetry><x>none</x><y>twoFold</y><z>none</z></symmetry><detectionScore>0.9787026</detectionScore></element><element><id>2</id><category>chessboard</category><bounds><corner1>-0.2950411 , -0.13351324, -0.30503894</corner1><corner2>0.2950411 , 0.13351324, 0.30503894</corner2></bounds><pose><translation> 0.22478569, -0.66872605, -1.48301687</translation><rotation><c1>1., 0., 0.</c1><c2>0., 1., 0.</c2><c3>0., 0., 1.</c3></rotation></pose><symmetry><x>none</x><y>fourFold</y><z>none</z></symmetry><detectionScore>0.9147779</detectionScore></element><element><id>9</id><category>air_conditioner</category><bounds><corner1>-0.49039834, -0.15200899, -0.16499913</corner1><corner2>0.49039834, 0.15200899, 0.16499913</corner2></bounds><pose><translation>0.02998895, 0.55011685, 0.72498713</translation><rotation><c1>1., 0., 0.</c1><c2>0., 1., 0.</c2><c3>0., 0., 1.</c3></rotation></pose><symmetry><x>none</x><y>none</y><z>twoFold</z></symmetry><detectionScore>0.9447792</detectionScore></element><element><id>8</id><category>door</category><bounds><corner1>-1.62182552, -0.70663076, -0.12674984</corner1><corner2>1.62182552, 0.70663076, 0.12674984</corner2></bounds><pose><translation> 1.74107922, -0.25759394,  0.8809285 </translation><rotation><c1>1., 0., 0.</c1><c2>0., 1., 0.</c2><c3>0., 0., 1.</c3></rotation></pose><symmetry><x>twoFold</x><y>twoFold</y><z>twoFold</z></symmetry><detectionScore>0.93222594</detectionScore></element><element><id>6</id><category>wall</category><bounds><corner1>-0.1193753 , -1.15038708, -1.10097683</corner1><corner2>0.1193753 , 1.15038708, 1.10097683</corner2></bounds><pose><translation> 6.31143305, -0.03191236, -0.30203169</translation><rotation><c1>1., 0., 0.</c1><c2>0., 1., 0.</c2><c3>0., 0., 1.</c3></rotation></pose><symmetry><x>none</x><y>twoFold</y><z>none</z></symmetry><detectionScore>0.9361311</detectionScore></element></elements></scene>