<?xml version='1.0' encoding='utf-8'?>
<scene xmlns:sumo="https://www.sumochallenge.org"><version>2.0</version><categories><id>fb_categories_v1.0</id><url>https://sumochallenge.org/en/categories-1_0.json</url></categories><project_type>bounding_box</project_type><elements><element><id>4</id><category>door</category><bounds><corner1>-0.94427142, -1.34282271, -0.73223869</corner1><corner2>0.94427142, 1.34282271, 0.73223869</corner2></bounds><pose><translation> 1.87225847, -0.5990174 , -4.25504848</translation><rotation><c1>1., 0., 0.</c1><c2>0., 1., 0.</c2><c3>0., 0., 1.</c3></rotation></pose><symmetry><x>twoFold</x><y>twoFold</y><z>twoFold</z></symmetry><detectionScore>0.99961144</detectionScore></element><element><id>1</id><category>wall</category><bounds><corner1>-0.08371266, -0.09923026, -0.15699928</corner1><corner2>0.08371266, 0.09923026, 0.15699928</corner2></bounds><pose><translation> 0.13185097, -0.00146779,  0.41999974</translation><rotation><c1>1., 0., 0.</c1><c2>0., 1., 0.</c2><c3>0., 0., 1.</c3></rotation></pose><symmetry><x>none</x><y>twoFold</y><z>none</z></symmetry><detectionScore>0.87971133</detectionScore></element><element><id>5</id><category>washer</category><bounds><corner1>-0.26125738, -0.43063036, -0.05105436</corner1><corner2>0.26125738, 0.43063036, 0.05105436</corner2></bounds><pose><translation>-0.90586919, -0.99749838, -2.92788714</translation><rotation><c1>1., 0., 0.</c1><c2>0., 1., 0.</c2><c3>0., 0., 1.</c3></rotation></pose><symmetry><x>none</x><y>none</y><z>none</z></symmetry><detectionScore>0.6860926</detectionScore></element><element><id>3</id><category>table_and_chair</category><bounds><corner1>-0.70811164, -0.54071119, -0.92356768</corner1><corner2>0.70811164, 0.54071119, 0.92356768</corner2></bounds><pose><translation> 5.18774246, -1.10388902, -0.80578613</translation><rotation><c1>1., 0., 0.</c1><c2>0., 1., 0.</c2><c3>0., 0., 1.</c3></rotation></pose><symmetry><x>none</x><y>twoFold</y><z>none</z></symmetry><detectionScore>0.95835894</detectionScore></element><element><id>2</id><category>window</category><bounds><corner1>-0.06873181, -0.89595457, -0.48602289</corner1><corner2>0.06873181, 0.89595457, 0.48602289</corner2></bounds><pose><translation>-1.32051005,  0.07928218, -1.79798117</translation><rotation><c1>1., 0., 0.</c1><c2>0., 1., 0.</c2><c3>0., 0., 1.</c3></rotation></pose><symmetry><x>none</x><y>twoFold</y><z>none</z></symmetry><detectionScore>0.93159276</detectionScore></element><element><id>7</id><category>kitchen_cabinet</category><bounds><corner1>-0.84775837, -1.1033033 , -0.22650558</corner1><corner2>0.84775837, 1.1033033 , 0.22650558</corner2></bounds><pose><translation> 2.76592371, -0.40985933, -3.82786005</translation><rotation><c1>1., 0., 0.</c1><c2>0., 1., 0.</c2><c3>0., 0., 1.</c3></rotation></pose><symmetry><x>none</x><y>none</y><z>none</z></symmetry><detectionScore>0.995419</detectionScore></element><element><id>8</id><category>wall</category><bounds><corner1>-0.29024963, -1.09456696, -1.28709191</corner1><corner2>0.29024963, 1.09456696, 1.28709191</corner2></bounds><pose><translation> 5.61566581, -0.0418054 , -1.12347473</translation><rotation><c1>1., 0., 0.</c1><c2>0., 1., 0.</c2><c3>0., 0., 1.</c3></rotation></pose><symmetry><x>none</x><y>twoFold</y><z>none</z></symmetry><detectionScore>0.9338264</detectionScore></element><element><id>6</id><category>kitchen_cabinet</category><bounds><corner1>-0.56342067, -0.79168053, -0.85275382</corner1><corner2>0.56342067, 0.79168053, 0.85275382</corner2></bounds><pose><translation> 5.19343245, -0.48321731, -3.62792246</translation><rotation><c1>1., 0., 0.</c1><c2>0., 1., 0.</c2><c3>0., 0., 1.</c3></rotation></pose><symmetry><x>none</x><y>none</y><z>none</z></symmetry><detectionScore>0.96220654</detectionScore></element></elements></scene>