<?xml version='1.0' encoding='utf-8'?>
<scene xmlns:sumo="https://www.sumochallenge.org"><version>2.0</version><categories><id>fb_categories_v1_0</id><url>https://sumochallenge.org/en/categories-1_0.json</url></categories><project_type>bounding_box</project_type><elements><element><id>0</id><category>plant</category><bounds><corner1>-0.06046525816228532, -0.4910162285988728, -0.34976969317384354</corner1><corner2>0.06046525816228532, 0.4910162285988728, 0.34976969317384354</corner2></bounds><pose><translation>1.645532280652663, -0.014607426920596363, -0.9018981229317886</translation><rotation><c1>0, 0, 0</c1><c2>0, 0, 0</c2><c3>0, 0, 0</c3></rotation></pose><symmetry><x>twoFold</x><y>cylindrical</y><z>twoFold</z></symmetry><detectionScore>-1.0</detectionScore></element><element><id>1</id><category>wall</category><bounds><corner1>-0.09278719745372488, -2.0298989318630083, -1.6805182534203882</corner1><corner2>0.09278719745372488, 2.0298989318630083, 1.6805182534203882</corner2></bounds><pose><translation>1.3240813460273335, 3.031151110774453, -0.2606983684647988</translation><rotation><c1>0, 0, 0</c1><c2>0, 0, 0</c2><c3>0, 0, 0</c3></rotation></pose><symmetry><x>twoFold</x><y>cylindrical</y><z>twoFold</z></symmetry><detectionScore>-1.0</detectionScore></element><element><id>2</id><category>sink</category><bounds><corner1>-1.300715565822138, -0.32293118102466867, -1.5709529870678276</corner1><corner2>1.300715565822138, 0.32293118102466867, 1.5709529870678276</corner2></bounds><pose><translation>-2.3328513852367365, 5.237844253709227, -0.27290110494537523</translation><rotation><c1>0, 0, 0</c1><c2>0, 0, 0</c2><c3>0, 0, 0</c3></rotation></pose><symmetry><x>twoFold</x><y>cylindrical</y><z>twoFold</z></symmetry><detectionScore>-1.0</detectionScore></element><element><id>3</id><category>wall</category><bounds><corner1>-0.1479285621252524, -0.677807820162607, -1.425228527294621</corner1><corner2>0.1479285621252524, 0.677807820162607, 1.425228527294621</corner2></bounds><pose><translation>-5.059928949432079, -1.4724087332703581, -0.11364896628163111</translation><rotation><c1>0, 0, 0</c1><c2>0, 0, 0</c2><c3>0, 0, 0</c3></rotation></pose><symmetry><x>twoFold</x><y>cylindrical</y><z>twoFold</z></symmetry><detectionScore>-1.0</detectionScore></element><element><id>4</id><category>window</category><bounds><corner1>-0.07224518262893787, -0.513247347015928, -0.750093591617545</corner1><corner2>0.07224518262893787, 0.513247347015928, 0.750093591617545</corner2></bounds><pose><translation>1.6346268155255934, -0.9948613242523305, 0.017739890949822548</translation><rotation><c1>0, 0, 0</c1><c2>0, 0, 0</c2><c3>0, 0, 0</c3></rotation></pose><symmetry><x>twoFold</x><y>cylindrical</y><z>twoFold</z></symmetry><detectionScore>-1.0</detectionScore></element><element><id>5</id><category>picture_frame</category><bounds><corner1>-0.5988055244831932, -0.04250918845548357, -0.6236896491165544</corner1><corner2>0.5988055244831932, 0.04250918845548357, 0.6236896491165544</corner2></bounds><pose><translation>0.1744263755572727, -2.3716285062749645, 0.0576947102861619</translation><rotation><c1>0, 0, 0</c1><c2>0, 0, 0</c2><c3>0, 0, 0</c3></rotation></pose><symmetry><x>twoFold</x><y>cylindrical</y><z>twoFold</z></symmetry><detectionScore>-1.0</detectionScore></element><element><id>6</id><category>ceiling</category><bounds><corner1>-3.3501174636651507, -1.2939206221236508, -0.3385998409653481</corner1><corner2>3.3501174636651507, 1.2939206221236508, 0.3385998409653481</corner2></bounds><pose><translation>-5.028959592024913, 3.392966880704956, 0.9689704860846939</translation><rotation><c1>0, 0, 0</c1><c2>0, 0, 0</c2><c3>0, 0, 0</c3></rotation></pose><symmetry><x>twoFold</x><y>cylindrical</y><z>twoFold</z></symmetry><detectionScore>-1.0</detectionScore></element><element><id>7</id><category>hanging_kitchen_cabinet</category><bounds><corner1>-0.11536042266333846, -0.4914104328584701, -0.2789780779231892</corner1><corner2>0.11536042266333846, 0.4914104328584701, 0.2789780779231892</corner2></bounds><pose><translation>1.5730674894678307, 0.01042687069808856, 1.0018799996162788</translation><rotation><c1>0, 0, 0</c1><c2>0, 0, 0</c2><c3>0, 0, 0</c3></rotation></pose><symmetry><x>twoFold</x><y>cylindrical</y><z>twoFold</z></symmetry><detectionScore>-1.0</detectionScore></element><element><id>8</id><category>window</category><bounds><corner1>-0.0860662797028744, -1.5161094408463596, -1.2842587210910898</corner1><corner2>0.0860662797028744, 1.5161094408463596, 1.2842587210910898</corner2></bounds><pose><translation>1.3402785012469727, 3.602843389360836, -0.009021403118115058</translation><rotation><c1>0, 0, 0</c1><c2>0, 0, 0</c2><c3>0, 0, 0</c3></rotation></pose><symmetry><x>twoFold</x><y>cylindrical</y><z>twoFold</z></symmetry><detectionScore>-1.0</detectionScore></element><element><id>9</id><category>door</category><bounds><corner1>-0.0751430829712112, -1.675826445540808, -1.117272628392561</corner1><corner2>0.0751430829712112, 1.675826445540808, 1.117272628392561</corner2></bounds><pose><translation>1.348812057199121, 2.8605606433605923, -0.28540996630032633</translation><rotation><c1>0, 0, 0</c1><c2>0, 0, 0</c2><c3>0, 0, 0</c3></rotation></pose><symmetry><x>twoFold</x><y>cylindrical</y><z>twoFold</z></symmetry><detectionScore>-1.0</detectionScore></element><element><id>10</id><category>wall</category><bounds><corner1>-0.07491359641806539, -1.3740550537444287, -0.5114954469819654</corner1><corner2>0.07491359641806539, 1.3740550537444287, 0.5114954469819654</corner2></bounds><pose><translation>1.3521027742017029, 2.504938401340042, -0.12010193662698368</translation><rotation><c1>0, 0, 0</c1><c2>0, 0, 0</c2><c3>0, 0, 0</c3></rotation></pose><symmetry><x>twoFold</x><y>cylindrical</y><z>twoFold</z></symmetry><detectionScore>-1.0</detectionScore></element><element><id>11</id><category>chair</category><bounds><corner1>-0.3674382750237402, -3.1687937088358824, -0.3493571581316235</corner1><corner2>0.3674382750237402, 3.1687937088358824, 0.3493571581316235</corner2></bounds><pose><translation>-0.5272350253325154, 1.9499743873854427, -0.9579562841085094</translation><rotation><c1>0, 0, 0</c1><c2>0, 0, 0</c2><c3>0, 0, 0</c3></rotation></pose><symmetry><x>twoFold</x><y>cylindrical</y><z>twoFold</z></symmetry><detectionScore>-1.0</detectionScore></element><element><id>12</id><category>kitchen_cabinet</category><bounds><corner1>-2.362743905367383, -1.9546430920451923, -1.3479230948553835</corner1><corner2>2.362743905367383, 1.9546430920451923, 1.3479230948553835</corner2></bounds><pose><translation>-5.292753992378232, 3.327193519462696, -0.0769941065468789</translation><rotation><c1>0, 0, 0</c1><c2>0, 0, 0</c2><c3>0, 0, 0</c3></rotation></pose><symmetry><x>twoFold</x><y>cylindrical</y><z>twoFold</z></symmetry><detectionScore>-1.0</detectionScore></element><element><id>13</id><category>picture_frame</category><bounds><corner1>-0.0546363740363387, -0.44609321279892966, -0.3476231428056871</corner1><corner2>0.0546363740363387, 0.44609321279892966, 0.3476231428056871</corner2></bounds><pose><translation>1.6618507977725447, -0.018113453916516434, -0.8348371745103984</translation><rotation><c1>0, 0, 0</c1><c2>0, 0, 0</c2><c3>0, 0, 0</c3></rotation></pose><symmetry><x>twoFold</x><y>cylindrical</y><z>twoFold</z></symmetry><detectionScore>-1.0</detectionScore></element><element><id>14</id><category>wall</category><bounds><corner1>-2.5781008643233547, -0.17264897478495822, -1.4627652325057958</corner1><corner2>2.5781008643233547, 0.17264897478495822, 1.4627652325057958</corner2></bounds><pose><translation>-1.3198765032078104, 5.434838809124837, -0.15422652212108479</translation><rotation><c1>0, 0, 0</c1><c2>0, 0, 0</c2><c3>0, 0, 0</c3></rotation></pose><symmetry><x>twoFold</x><y>cylindrical</y><z>twoFold</z></symmetry><detectionScore>-1.0</detectionScore></element><element><id>15</id><category>wall</category><bounds><corner1>-5.047294145821778, -0.8418760643275718, -1.3752481917782555</corner1><corner2>5.047294145821778, 0.8418760643275718, 1.3752481917782555</corner2></bounds><pose><translation>-10.028702246035923, 4.452615833702341, -0.12351212118861754</translation><rotation><c1>0, 0, 0</c1><c2>0, 0, 0</c2><c3>0, 0, 0</c3></rotation></pose><symmetry><x>twoFold</x><y>cylindrical</y><z>twoFold</z></symmetry><detectionScore>-1.0</detectionScore></element><element><id>16</id><category>chair</category><bounds><corner1>-0.5702080770606079, -2.697191159841023, -0.2711652712281374</corner1><corner2>0.5702080770606079, 2.697191159841023, 0.2711652712281374</corner2></bounds><pose><translation>-2.010741962393854, 1.299380224558399, -0.8850322090088982</translation><rotation><c1>0, 0, 0</c1><c2>0, 0, 0</c2><c3>0, 0, 0</c3></rotation></pose><symmetry><x>twoFold</x><y>cylindrical</y><z>twoFold</z></symmetry><detectionScore>-1.0</detectionScore></element><element><id>17</id><category>chair</category><bounds><corner1>-0.3000462279679874, -0.4269557041439589, -0.127125415072061</corner1><corner2>0.3000462279679874, 0.4269557041439589, 0.127125415072061</corner2></bounds><pose><translation>-1.6293543515755344, 0.8510033270915431, -0.9459784356122425</translation><rotation><c1>0, 0, 0</c1><c2>0, 0, 0</c2><c3>0, 0, 0</c3></rotation></pose><symmetry><x>twoFold</x><y>cylindrical</y><z>twoFold</z></symmetry><detectionScore>-1.0</detectionScore></element><element><id>18</id><category>wall</category><bounds><corner1>-3.102099981847909, -1.9363847237683598, -1.3796418766808876</corner1><corner2>3.102099981847909, 1.9363847237683598, 1.3796418766808876</corner2></bounds><pose><translation>-5.04591088670867, 3.288644040593739, -0.1325233595235964</translation><rotation><c1>0, 0, 0</c1><c2>0, 0, 0</c2><c3>0, 0, 0</c3></rotation></pose><symmetry><x>twoFold</x><y>cylindrical</y><z>twoFold</z></symmetry><detectionScore>-1.0</detectionScore></element><element><id>19</id><category>picture_frame</category><bounds><corner1>-3.0654969125880953, -3.126336110704524, -1.1659078661283653</corner1><corner2>3.0654969125880953, 3.126336110704524, 1.1659078661283653</corner2></bounds><pose><translation>-13.848816118507905, 1.814408535792918, 0.06943316378994888</translation><rotation><c1>0, 0, 0</c1><c2>0, 0, 0</c2><c3>0, 0, 0</c3></rotation></pose><symmetry><x>twoFold</x><y>cylindrical</y><z>twoFold</z></symmetry><detectionScore>-1.0</detectionScore></element><element><id>20</id><category>chair</category><bounds><corner1>-0.4352735069387501, -1.8663683283439072, -0.39835050288767915</corner1><corner2>0.4352735069387501, 1.8663683283439072, 0.39835050288767915</corner2></bounds><pose><translation>-1.756586815670469, 0.8271202144566597, -1.038674974630469</translation><rotation><c1>0, 0, 0</c1><c2>0, 0, 0</c2><c3>0, 0, 0</c3></rotation></pose><symmetry><x>twoFold</x><y>cylindrical</y><z>twoFold</z></symmetry><detectionScore>-1.0</detectionScore></element><element><id>21</id><category>chandelier</category><bounds><corner1>-0.06910188726590505, -0.9985769503553534, -0.5532045542772018</corner1><corner2>0.06910188726590505, 0.9985769503553534, 0.5532045542772018</corner2></bounds><pose><translation>1.3486519243083805, 2.898578376896311, 0.6975353155134666</translation><rotation><c1>0, 0, 0</c1><c2>0, 0, 0</c2><c3>0, 0, 0</c3></rotation></pose><symmetry><x>twoFold</x><y>cylindrical</y><z>twoFold</z></symmetry><detectionScore>-1.0</detectionScore></element><element><id>22</id><category>wall</category><bounds><corner1>-8.453422372716613, -3.9675151809991176, -1.2598238210836938</corner1><corner2>8.453422372716613, 3.9675151809991176, 1.2598238210836938</corner2></bounds><pose><translation>-13.476777562639324, 1.1368802463199799, -0.014824850262749155</translation><rotation><c1>0, 0, 0</c1><c2>0, 0, 0</c2><c3>0, 0, 0</c3></rotation></pose><symmetry><x>twoFold</x><y>cylindrical</y><z>twoFold</z></symmetry><detectionScore>-1.0</detectionScore></element><element><id>23</id><category>window</category><bounds><corner1>-0.07469334921204629, -1.3730020266994418, -0.5524962935855101</corner1><corner2>0.07469334921204629, 1.3730020266994418, 0.5524962935855101</corner2></bounds><pose><translation>1.3521465136728252, 2.5054635950376585, -0.09923269315129704</translation><rotation><c1>0, 0, 0</c1><c2>0, 0, 0</c2><c3>0, 0, 0</c3></rotation></pose><symmetry><x>twoFold</x><y>cylindrical</y><z>twoFold</z></symmetry><detectionScore>-1.0</detectionScore></element><element><id>24</id><category>mirror</category><bounds><corner1>-1.5561714472943542, -0.15180372513373097, -0.8438661963402707</corner1><corner2>1.5561714472943542, 0.15180372513373097, 0.8438661963402707</corner2></bounds><pose><translation>-2.7716278429931593, 5.409013389129035, 0.45779585270077744</translation><rotation><c1>0, 0, 0</c1><c2>0, 0, 0</c2><c3>0, 0, 0</c3></rotation></pose><symmetry><x>twoFold</x><y>cylindrical</y><z>twoFold</z></symmetry><detectionScore>-1.0</detectionScore></element><element><id>25</id><category>kitchen_cabinet</category><bounds><corner1>-0.7864640927738287, -2.392260560076761, -0.35683054723108204</corner1><corner2>0.7864640927738287, 2.392260560076761, 0.35683054723108204</corner2></bounds><pose><translation>-1.6978402081651587, 3.11939330296986, -0.832424587332239</translation><rotation><c1>0, 0, 0</c1><c2>0, 0, 0</c2><c3>0, 0, 0</c3></rotation></pose><symmetry><x>twoFold</x><y>cylindrical</y><z>twoFold</z></symmetry><detectionScore>-1.0</detectionScore></element><element><id>26</id><category>picture_frame</category><bounds><corner1>-0.4578980361140772, -0.050159919911653805, -0.6011454219106126</corner1><corner2>0.4578980361140772, 0.050159919911653805, 0.6011454219106126</corner2></bounds><pose><translation>-4.047093657474936, -2.117178281995799, 0.034983130665703646</translation><rotation><c1>0, 0, 0</c1><c2>0, 0, 0</c2><c3>0, 0, 0</c3></rotation></pose><symmetry><x>twoFold</x><y>cylindrical</y><z>twoFold</z></symmetry><detectionScore>-1.0</detectionScore></element><element><id>27</id><category>window</category><bounds><corner1>-0.043288706380291364, -0.47363601947075973, -0.7243214155098964</corner1><corner2>0.043288706380291364, 0.47363601947075973, 0.7243214155098964</corner2></bounds><pose><translation>1.705118791813573, -0.008425445080232151, 0.01182107116430755</translation><rotation><c1>0, 0, 0</c1><c2>0, 0, 0</c2><c3>0, 0, 0</c3></rotation></pose><symmetry><x>twoFold</x><y>cylindrical</y><z>twoFold</z></symmetry><detectionScore>-1.0</detectionScore></element></elements></scene>