<?xml version='1.0' encoding='utf-8'?>
<scene xmlns:sumo="https://www.sumochallenge.org"><version>2.0</version><categories><id>fb_categories_v1.0</id><url>https://sumochallenge.org/en/categories-1_0.json</url></categories><project_type>bounding_box</project_type><elements><element><id>7</id><category>door</category><bounds><corner1>-0.98580095, -1.27073234, -0.0931672 </corner1><corner2>0.98580095, 1.27073234, 0.0931672 </corner2></bounds><pose><translation>-1.03531393, -0.11637124,  5.66944661</translation><rotation><c1>1., 0., 0.</c1><c2>0., 1., 0.</c2><c3>0., 0., 1.</c3></rotation></pose><symmetry><x>none</x><y>none</y><z>none</z></symmetry><detectionScore>-1</detectionScore></element><element><id>9</id><category>wall</category><bounds><corner1>-1.49002889, -1.1904614 , -1.64980613</corner1><corner2>1.49002889, 1.1904614 , 1.64980613</corner2></bounds><pose><translation>-1.8911473 ,  0.0034729 , -2.77184198</translation><rotation><c1>1., 0., 0.</c1><c2>0., 1., 0.</c2><c3>0., 0., 1.</c3></rotation></pose><symmetry><x>none</x><y>none</y><z>none</z></symmetry><detectionScore>-1</detectionScore></element><element><id>5</id><category>trash_can</category><bounds><corner1>-1.81954429, -0.54428448, -0.31653713</corner1><corner2>1.81954429, 0.54428448, 0.31653713</corner2></bounds><pose><translation> 3.74392974, -0.87549042, -2.00123462</translation><rotation><c1>1., 0., 0.</c1><c2>0., 1., 0.</c2><c3>0., 0., 1.</c3></rotation></pose><symmetry><x>none</x><y>none</y><z>none</z></symmetry><detectionScore>-1</detectionScore></element><element><id>4</id><category>partition</category><bounds><corner1>-0.09668451, -0.71512732, -1.01766746</corner1><corner2>0.09668451, 0.71512732, 1.01766746</corner2></bounds><pose><translation> 5.47629869,  0.08060727, -2.95444807</translation><rotation><c1>1., 0., 0.</c1><c2>0., 1., 0.</c2><c3>0., 0., 1.</c3></rotation></pose><symmetry><x>none</x><y>none</y><z>none</z></symmetry><detectionScore>-1</detectionScore></element><element><id>11</id><category>chair</category><bounds><corner1>-2.78754274, -0.37069969, -2.11991367</corner1><corner2>2.78754274, 0.37069969, 2.11991367</corner2></bounds><pose><translation> 2.69418535, -1.03947846,  1.20775735</translation><rotation><c1>1., 0., 0.</c1><c2>0., 1., 0.</c2><c3>0., 0., 1.</c3></rotation></pose><symmetry><x>none</x><y>none</y><z>none</z></symmetry><detectionScore>-1</detectionScore></element><element><id>10</id><category>wall</category><bounds><corner1>-0.81023513, -1.37111226, -2.03723826</corner1><corner2>0.81023513, 1.37111226, 2.03723826</corner2></bounds><pose><translation>-1.90919063, -0.17726015,  3.31616338</translation><rotation><c1>1., 0., 0.</c1><c2>0., 1., 0.</c2><c3>0., 0., 1.</c3></rotation></pose><symmetry><x>none</x><y>none</y><z>none</z></symmetry><detectionScore>-1</detectionScore></element><element><id>6</id><category>wall</category><bounds><corner1>-0.03494161, -0.7801077 , -1.32466652</corner1><corner2>0.03494161, 0.7801077 , 1.32466652</corner2></bounds><pose><translation>-1.91746177, -0.01387256, -5.20643996</translation><rotation><c1>1., 0., 0.</c1><c2>0., 1., 0.</c2><c3>0., 0., 1.</c3></rotation></pose><symmetry><x>none</x><y>none</y><z>none</z></symmetry><detectionScore>-1</detectionScore></element><element><id>3</id><category>office_chair</category><bounds><corner1>-1.46753388, -0.45111424, -0.38096267</corner1><corner2>1.46753388, 0.45111424, 0.38096267</corner2></bounds><pose><translation> 0.34057764, -0.98560125, -1.4819615 </translation><rotation><c1>1., 0., 0.</c1><c2>0., 1., 0.</c2><c3>0., 0., 1.</c3></rotation></pose><symmetry><x>none</x><y>none</y><z>none</z></symmetry><detectionScore>-1</detectionScore></element><element><id>2</id><category>partition</category><bounds><corner1>-0.11172112, -1.22922186, -2.66838617</corner1><corner2>0.11172112, 1.22922186, 2.66838617</corner2></bounds><pose><translation> 5.48209219, -0.17389231, -0.06849133</translation><rotation><c1>1., 0., 0.</c1><c2>0., 1., 0.</c2><c3>0., 0., 1.</c3></rotation></pose><symmetry><x>none</x><y>none</y><z>none</z></symmetry><detectionScore>-1</detectionScore></element><element><id>12</id><category>partition</category><bounds><corner1>-0.11222523, -1.07548442, -0.5110977 </corner1><corner2>0.11222523, 1.07548442, 0.5110977 </corner2></bounds><pose><translation> 5.46748508, -0.05859387, -2.19168369</translation><rotation><c1>1., 0., 0.</c1><c2>0., 1., 0.</c2><c3>0., 0., 1.</c3></rotation></pose><symmetry><x>none</x><y>none</y><z>none</z></symmetry><detectionScore>-1</detectionScore></element><element><id>8</id><category>partition</category><bounds><corner1>-3.44228716, -1.14861405, -3.98759213</corner1><corner2>3.44228716, 1.14861405, 3.98759213</corner2></bounds><pose><translation> 2.25596124, -0.12787534, -8.7899101 </translation><rotation><c1>1., 0., 0.</c1><c2>0., 1., 0.</c2><c3>0., 0., 1.</c3></rotation></pose><symmetry><x>none</x><y>none</y><z>none</z></symmetry><detectionScore>-1</detectionScore></element><element><id>1</id><category>computer</category><bounds><corner1>-0.25244929, -0.42801202, -0.35001394</corner1><corner2>0.25244929, 0.42801202, 0.35001394</corner2></bounds><pose><translation>-0.47545436, -0.69505082, -1.34099317</translation><rotation><c1>1., 0., 0.</c1><c2>0., 1., 0.</c2><c3>0., 0., 1.</c3></rotation></pose><symmetry><x>none</x><y>none</y><z>none</z></symmetry><detectionScore>-1</detectionScore></element></elements></scene>