<?xml version='1.0' encoding='utf-8'?>
<scene xmlns:sumo="https://www.sumochallenge.org"><version>2.0</version><categories><id>fb_categories_v1_0</id><url>https://sumochallenge.org/en/categories-1_0.json</url></categories><project_type>bounding_box</project_type><elements><element><id>0</id><category>wall</category><bounds><corner1>-4.4706119502779575, -1.0792256538142089, -3.30549574113309</corner1><corner2>4.4706119502779575, 1.0792256538142089, 3.30549574113309</corner2></bounds><pose><translation>-4.4706119502779575, -0.16676210653913856, -3.30549574113309</translation><rotation><c1>1, 0, 0</c1><c2>0, 1, 0</c2><c3>0, 0, 1</c3></rotation></pose><symmetry><x>twoFold</x><y>cylindrical</y><z>twoFold</z></symmetry><detectionScore>-1.0</detectionScore></element><element><id>1</id><category>window</category><bounds><corner1>-0.8268434749244196, -1.316963053818053, -0.10377799284097078</corner1><corner2>0.8268434749244196, 1.316963053818053, 0.10377799284097078</corner2></bounds><pose><translation>-2.803352052043925, 0.06897571966551208, 1.98826443484958</translation><rotation><c1>1, 0, 0</c1><c2>0, 1, 0</c2><c3>0, 0, 1</c3></rotation></pose><symmetry><x>twoFold</x><y>cylindrical</y><z>twoFold</z></symmetry><detectionScore>-1.0</detectionScore></element><element><id>2</id><category>wall</category><bounds><corner1>-4.594078507824092, -1.5160107588431577, -2.9926503856726088</corner1><corner2>4.594078507824092, 1.5160107588431577, 2.9926503856726088</corner2></bounds><pose><translation>-4.594078507824092, -0.1566418180813168, -1.1293502288219623</translation><rotation><c1>1, 0, 0</c1><c2>0, 1, 0</c2><c3>0, 0, 1</c3></rotation></pose><symmetry><x>twoFold</x><y>cylindrical</y><z>twoFold</z></symmetry><detectionScore>-1.0</detectionScore></element><element><id>3</id><category>coffee_table</category><bounds><corner1>-1.6766801329503815, -0.5059111650802323, -1.5192972217300664</corner1><corner2>1.6766801329503815, 0.5059111650802323, 1.5192972217300664</corner2></bounds><pose><translation>0.17261411056237172, -1.3439881228783306, -2.9211380297214014</translation><rotation><c1>1, 0, 0</c1><c2>0, 1, 0</c2><c3>0, 0, 1</c3></rotation></pose><symmetry><x>twoFold</x><y>cylindrical</y><z>twoFold</z></symmetry><detectionScore>-1.0</detectionScore></element><element><id>4</id><category>plant</category><bounds><corner1>-0.7072263782416566, -0.9383337542161415, -0.7625478628896432</corner1><corner2>0.7072263782416566, 0.9383337542161415, 0.7625478628896432</corner2></bounds><pose><translation>-4.264276154660404, -1.1387619445531054, 1.2079241544713322</translation><rotation><c1>1, 0, 0</c1><c2>0, 1, 0</c2><c3>0, 0, 1</c3></rotation></pose><symmetry><x>twoFold</x><y>cylindrical</y><z>twoFold</z></symmetry><detectionScore>-1.0</detectionScore></element><element><id>5</id><category>wall</category><bounds><corner1>-4.235049950730782, -1.4684860003763598, -2.851532238583513</corner1><corner2>4.235049950730782, 1.4684860003763598, 2.851532238583513</corner2></bounds><pose><translation>-0.39460533874054554, -0.14458152348826622, -5.9272783821889785</translation><rotation><c1>1, 0, 0</c1><c2>0, 1, 0</c2><c3>0, 0, 1</c3></rotation></pose><symmetry><x>twoFold</x><y>cylindrical</y><z>twoFold</z></symmetry><detectionScore>-1.0</detectionScore></element><element><id>6</id><category>books</category><bounds><corner1>-0.25693979359026703, -0.13308945526401605, -0.36869867868668904</corner1><corner2>0.25693979359026703, 0.13308945526401605, 0.36869867868668904</corner2></bounds><pose><translation>-0.5398969524107814, -1.1312013386620334, 1.7679236577806325</translation><rotation><c1>1, 0, 0</c1><c2>0, 1, 0</c2><c3>0, 0, 1</c3></rotation></pose><symmetry><x>twoFold</x><y>cylindrical</y><z>twoFold</z></symmetry><detectionScore>-1.0</detectionScore></element><element><id>7</id><category>wall</category><bounds><corner1>-1.89832609193832, -1.4376857729012344, -2.777787567013892</corner1><corner2>1.89832609193832, 1.4376857729012344, 2.777787567013892</corner2></bounds><pose><translation>-3.219753903207147, -0.12106633956323783, -5.877133684913737</translation><rotation><c1>1, 0, 0</c1><c2>0, 1, 0</c2><c3>0, 0, 1</c3></rotation></pose><symmetry><x>twoFold</x><y>cylindrical</y><z>twoFold</z></symmetry><detectionScore>-1.0</detectionScore></element><element><id>8</id><category>door</category><bounds><corner1>-4.478677194965529, -1.6596923608706238, -2.733612648203948</corner1><corner2>4.478677194965529, 1.6596923608706238, 2.733612648203948</corner2></bounds><pose><translation>-4.478677194965529, -0.6582125360218923, -2.733612648203948</translation><rotation><c1>1, 0, 0</c1><c2>0, 1, 0</c2><c3>0, 0, 1</c3></rotation></pose><symmetry><x>twoFold</x><y>cylindrical</y><z>twoFold</z></symmetry><detectionScore>-1.0</detectionScore></element><element><id>9</id><category>window</category><bounds><corner1>-0.9919770754011137, -0.9498014607291358, -0.09036283395616795</corner1><corner2>0.9919770754011137, 0.9498014607291358, 0.09036283395616795</corner2></bounds><pose><translation>0.7046985297229258, 0.07910904229428778, 2.171569298546759</translation><rotation><c1>1, 0, 0</c1><c2>0, 1, 0</c2><c3>0, 0, 1</c3></rotation></pose><symmetry><x>twoFold</x><y>cylindrical</y><z>twoFold</z></symmetry><detectionScore>-1.0</detectionScore></element><element><id>10</id><category>armchair</category><bounds><corner1>-1.3612464256277976, -0.7101405526671501, -2.080317891279941</corner1><corner2>1.3612464256277976, 0.7101405526671501, 2.080317891279941</corner2></bounds><pose><translation>-1.7639034174338557, -1.2554407579781965, -3.4485898394395424</translation><rotation><c1>1, 0, 0</c1><c2>0, 1, 0</c2><c3>0, 0, 1</c3></rotation></pose><symmetry><x>twoFold</x><y>cylindrical</y><z>twoFold</z></symmetry><detectionScore>-1.0</detectionScore></element><element><id>11</id><category>wall</category><bounds><corner1>-0.1720058911945177, -1.4466266087301038, -3.6326534859716997</corner1><corner2>0.1720058911945177, 1.4466266087301038, 3.6326534859716997</corner2></bounds><pose><translation>7.1442305046276555, -0.1463577885815868, -1.7856092745246148</translation><rotation><c1>1, 0, 0</c1><c2>0, 1, 0</c2><c3>0, 0, 1</c3></rotation></pose><symmetry><x>twoFold</x><y>cylindrical</y><z>twoFold</z></symmetry><detectionScore>-1.0</detectionScore></element></elements></scene>