<?xml version='1.0' encoding='utf-8'?>
<scene xmlns:sumo="https://www.sumochallenge.org"><version>2.0</version><categories><id>fb_categories_v1.0</id><url>https://sumochallenge.org/en/categories-1_0.json</url></categories><project_type>bounding_box</project_type><elements><element><id>7</id><category>sofa</category><bounds><corner1>-0.19119234, -0.45489324, -1.12984063</corner1><corner2>0.19119234, 0.45489324, 1.12984063</corner2></bounds><pose><translation>-3.66024989, -0.97177934, -0.49867946</translation><rotation><c1>1., 0., 0.</c1><c2>0., 1., 0.</c2><c3>0., 0., 1.</c3></rotation></pose><symmetry><x>none</x><y>none</y><z>none</z></symmetry><detectionScore>-1</detectionScore></element><element><id>4</id><category>wall</category><bounds><corner1>-0.96707514, -1.23684851, -2.11280381</corner1><corner2>0.96707514, 1.23684851, 2.11280381</corner2></bounds><pose><translation>-4.50987722, -0.10212239, -0.76144775</translation><rotation><c1>1., 0., 0.</c1><c2>0., 1., 0.</c2><c3>0., 0., 1.</c3></rotation></pose><symmetry><x>none</x><y>none</y><z>none</z></symmetry><detectionScore>-1</detectionScore></element><element><id>9</id><category>door</category><bounds><corner1>-1.08679676, -1.0387956 , -0.56430051</corner1><corner2>1.08679676, 1.0387956 , 0.56430051</corner2></bounds><pose><translation>-2.58872022, -0.47771756, -3.7810045 </translation><rotation><c1>1., 0., 0.</c1><c2>0., 1., 0.</c2><c3>0., 0., 1.</c3></rotation></pose><symmetry><x>none</x><y>none</y><z>none</z></symmetry><detectionScore>-1</detectionScore></element><element><id>5</id><category>door</category><bounds><corner1>-0.27107854, -1.32105684, -2.69993362</corner1><corner2>0.27107854, 1.32105684, 2.69993362</corner2></bounds><pose><translation> 1.34550798, -0.54205164,  2.44807634</translation><rotation><c1>1., 0., 0.</c1><c2>0., 1., 0.</c2><c3>0., 0., 1.</c3></rotation></pose><symmetry><x>none</x><y>none</y><z>none</z></symmetry><detectionScore>-1</detectionScore></element><element><id>12</id><category>chessboard</category><bounds><corner1>-0.19197897, -0.02047541, -0.27255123</corner1><corner2>0.19197897, 0.02047541, 0.27255123</corner2></bounds><pose><translation>-1.45501676, -0.94323407, -0.07243224</translation><rotation><c1>1., 0., 0.</c1><c2>0., 1., 0.</c2><c3>0., 0., 1.</c3></rotation></pose><symmetry><x>none</x><y>none</y><z>none</z></symmetry><detectionScore>-1</detectionScore></element><element><id>11</id><category>armchair</category><bounds><corner1>-0.17567683, -0.32589147, -3.81373196</corner1><corner2>0.17567683, 0.32589147, 3.81373196</corner2></bounds><pose><translation>-1.08002051, -0.8937214 ,  3.58410346</translation><rotation><c1>1., 0., 0.</c1><c2>0., 1., 0.</c2><c3>0., 0., 1.</c3></rotation></pose><symmetry><x>none</x><y>none</y><z>none</z></symmetry><detectionScore>-1</detectionScore></element><element><id>10</id><category>wall</category><bounds><corner1>-1.58570063, -1.26272748, -0.73298834</corner1><corner2>1.58570063, 1.26272748, 0.73298834</corner2></bounds><pose><translation>-0.29963258, -0.15319192, -3.27507353</translation><rotation><c1>1., 0., 0.</c1><c2>0., 1., 0.</c2><c3>0., 0., 1.</c3></rotation></pose><symmetry><x>none</x><y>none</y><z>none</z></symmetry><detectionScore>-1</detectionScore></element><element><id>6</id><category>fish_tank</category><bounds><corner1>-0.45339873, -0.72775425, -0.23890475</corner1><corner2>0.45339873, 0.72775425, 0.23890475</corner2></bounds><pose><translation> 1.16777948, -0.77055593, -2.60487727</translation><rotation><c1>1., 0., 0.</c1><c2>0., 1., 0.</c2><c3>0., 0., 1.</c3></rotation></pose><symmetry><x>none</x><y>none</y><z>none</z></symmetry><detectionScore>-1</detectionScore></element><element><id>13</id><category>door</category><bounds><corner1>-2.53745902, -1.14557146, -2.12294935</corner1><corner2>2.53745902, 1.14557146, 2.12294935</corner2></bounds><pose><translation>-4.37779656, -0.48148588,  5.39303488</translation><rotation><c1>1., 0., 0.</c1><c2>0., 1., 0.</c2><c3>0., 0., 1.</c3></rotation></pose><symmetry><x>none</x><y>none</y><z>none</z></symmetry><detectionScore>-1</detectionScore></element><element><id>2</id><category>wall</category><bounds><corner1>-1.45206565, -1.27274909, -0.17380513</corner1><corner2>1.45206565, 1.27274909, 0.17380513</corner2></bounds><pose><translation> 8.43655312e-03, -1.94595999e-01,  8.64040171e+00</translation><rotation><c1>1., 0., 0.</c1><c2>0., 1., 0.</c2><c3>0., 0., 1.</c3></rotation></pose><symmetry><x>none</x><y>none</y><z>none</z></symmetry><detectionScore>-1</detectionScore></element><element><id>8</id><category>door</category><bounds><corner1>-0.57143708, -1.27209574, -0.60099555</corner1><corner2>0.57143708, 1.27209574, 0.60099555</corner2></bounds><pose><translation>-0.73433992, -0.48139819, -3.03901174</translation><rotation><c1>1., 0., 0.</c1><c2>0., 1., 0.</c2><c3>0., 0., 1.</c3></rotation></pose><symmetry><x>none</x><y>none</y><z>none</z></symmetry><detectionScore>-1</detectionScore></element><element><id>14</id><category>door</category><bounds><corner1>-2.61864429, -1.08063084, -1.90834228</corner1><corner2>2.61864429, 1.08063084, 1.90834228</corner2></bounds><pose><translation>-4.46470933, -0.4214078 ,  2.31199874</translation><rotation><c1>1., 0., 0.</c1><c2>0., 1., 0.</c2><c3>0., 0., 1.</c3></rotation></pose><symmetry><x>none</x><y>none</y><z>none</z></symmetry><detectionScore>-1</detectionScore></element></elements></scene>