<?xml version='1.0' encoding='utf-8'?>
<scene xmlns:sumo="https://www.sumochallenge.org"><version>2.0</version><categories><id>fb_categories_v1_0</id><url>https://sumochallenge.org/en/categories-1_0.json</url></categories><project_type>bounding_box</project_type><elements><element><id>0</id><category>game_table</category><bounds><corner1>-1.5538951088005986, -0.3748499133385974, -0.5664757203109023</corner1><corner2>1.5538951088005986, 0.3748499133385974, 0.5664757203109023</corner2></bounds><pose><translation>-0.9468742745373515, -2.29979079882193, -1.0939541591868789</translation><rotation><c1>0, 0, 0</c1><c2>0, 0, 0</c2><c3>0, 0, 0</c3></rotation></pose><symmetry><x>twoFold</x><y>cylindrical</y><z>twoFold</z></symmetry><detectionScore>-1.0</detectionScore></element><element><id>1</id><category>door</category><bounds><corner1>-1.9715762395024097, -0.29382484341701337, -1.3984182804218235</corner1><corner2>1.9715762395024097, 0.29382484341701337, 1.3984182804218235</corner2></bounds><pose><translation>2.30662860378946, -0.705581276914766, -0.4448964087549273</translation><rotation><c1>0, 0, 0</c1><c2>0, 0, 0</c2><c3>0, 0, 0</c3></rotation></pose><symmetry><x>twoFold</x><y>cylindrical</y><z>twoFold</z></symmetry><detectionScore>-1.0</detectionScore></element><element><id>2</id><category>wall</category><bounds><corner1>-0.19682458005482673, -3.0775064561080985, -1.2575019727147243</corner1><corner2>0.19682458005482673, 3.0775064561080985, 1.2575019727147243</corner2></bounds><pose><translation>1.8370273301108555, -7.239039387249578, 0.037100929282851164</translation><rotation><c1>0, 0, 0</c1><c2>0, 0, 0</c2><c3>0, 0, 0</c3></rotation></pose><symmetry><x>twoFold</x><y>cylindrical</y><z>twoFold</z></symmetry><detectionScore>-1.0</detectionScore></element><element><id>3</id><category>armchair</category><bounds><corner1>-0.38116483219394093, -0.607133052643386, -0.5967298698823515</corner1><corner2>0.38116483219394093, 0.607133052643386, 0.5967298698823515</corner2></bounds><pose><translation>-2.5007034919158393, 0.7900007135543594, -1.2488538593335488</translation><rotation><c1>0, 0, 0</c1><c2>0, 0, 0</c2><c3>0, 0, 0</c3></rotation></pose><symmetry><x>twoFold</x><y>cylindrical</y><z>twoFold</z></symmetry><detectionScore>-1.0</detectionScore></element><element><id>4</id><category>armchair</category><bounds><corner1>-0.4091073177334297, -0.596691101169527, -0.625999685074272</corner1><corner2>0.4091073177334297, 0.596691101169527, 0.625999685074272</corner2></bounds><pose><translation>-2.406552680265386, -1.3219701280538407, -1.2721727146743085</translation><rotation><c1>0, 0, 0</c1><c2>0, 0, 0</c2><c3>0, 0, 0</c3></rotation></pose><symmetry><x>twoFold</x><y>cylindrical</y><z>twoFold</z></symmetry><detectionScore>-1.0</detectionScore></element><element><id>5</id><category>chair</category><bounds><corner1>-0.1398149739763741, -0.5112766876802514, -0.5171588782774319</corner1><corner2>0.1398149739763741, 0.5112766876802514, 0.5171588782774319</corner2></bounds><pose><translation>2.14865333687422, -1.3274356423276756, -0.9185843888489251</translation><rotation><c1>0, 0, 0</c1><c2>0, 0, 0</c2><c3>0, 0, 0</c3></rotation></pose><symmetry><x>twoFold</x><y>cylindrical</y><z>twoFold</z></symmetry><detectionScore>-1.0</detectionScore></element><element><id>6</id><category>dining_table</category><bounds><corner1>-0.27208501380251815, -1.4231683893742906, -0.5140014620600277</corner1><corner2>0.27208501380251815, 1.4231683893742906, 0.5140014620600277</corner2></bounds><pose><translation>1.8473004930731614, -3.6534621412904955, -0.9322167027968875</translation><rotation><c1>0, 0, 0</c1><c2>0, 0, 0</c2><c3>0, 0, 0</c3></rotation></pose><symmetry><x>twoFold</x><y>cylindrical</y><z>twoFold</z></symmetry><detectionScore>-1.0</detectionScore></element><element><id>7</id><category>dining_table</category><bounds><corner1>-0.35999665256408053, -0.6344887976722217, -0.6755415087620288</corner1><corner2>0.35999665256408053, 0.6344887976722217, 0.6755415087620288</corner2></bounds><pose><translation>-2.3080162412807703, -0.3395625004448116, -1.4678549417817475</translation><rotation><c1>0, 0, 0</c1><c2>0, 0, 0</c2><c3>0, 0, 0</c3></rotation></pose><symmetry><x>twoFold</x><y>cylindrical</y><z>twoFold</z></symmetry><detectionScore>-1.0</detectionScore></element><element><id>8</id><category>door</category><bounds><corner1>-0.5758582251299269, -0.6703576694891807, -1.7400216608376184</corner1><corner2>0.5758582251299269, 0.6703576694891807, 1.7400216608376184</corner2></bounds><pose><translation>3.778219526026023, -0.46476666863263716, -0.3776625795682108</translation><rotation><c1>0, 0, 0</c1><c2>0, 0, 0</c2><c3>0, 0, 0</c3></rotation></pose><symmetry><x>twoFold</x><y>cylindrical</y><z>twoFold</z></symmetry><detectionScore>-1.0</detectionScore></element><element><id>9</id><category>fireplace</category><bounds><corner1>-1.4914192754132756, -0.49779899111013526, -1.4883544454428788</corner1><corner2>1.4914192754132756, 0.49779899111013526, 1.4883544454428788</corner2></bounds><pose><translation>0.4155744641331685, 2.0094572345822073, 0.0017999805366339064</translation><rotation><c1>0, 0, 0</c1><c2>0, 0, 0</c2><c3>0, 0, 0</c3></rotation></pose><symmetry><x>twoFold</x><y>cylindrical</y><z>twoFold</z></symmetry><detectionScore>-1.0</detectionScore></element><element><id>10</id><category>arch</category><bounds><corner1>-0.3686479043192836, -3.041590578784805, -1.2992694162238634</corner1><corner2>0.3686479043192836, 3.041590578784805, 1.2992694162238634</corner2></bounds><pose><translation>1.6548685079805256, -7.7767798613128445, -0.006578161515052026</translation><rotation><c1>0, 0, 0</c1><c2>0, 0, 0</c2><c3>0, 0, 0</c3></rotation></pose><symmetry><x>twoFold</x><y>cylindrical</y><z>twoFold</z></symmetry><detectionScore>-1.0</detectionScore></element><element><id>11</id><category>gym_equipment</category><bounds><corner1>-0.9755362462874195, -2.2769919780288426, -0.7139626543397598</corner1><corner2>0.9755362462874195, 2.2769919780288426, 0.7139626543397598</corner2></bounds><pose><translation>-1.6937459118375024, -4.702925698350904, -0.7874579640952746</translation><rotation><c1>0, 0, 0</c1><c2>0, 0, 0</c2><c3>0, 0, 0</c3></rotation></pose><symmetry><x>twoFold</x><y>cylindrical</y><z>twoFold</z></symmetry><detectionScore>-1.0</detectionScore></element><element><id>12</id><category>wall</category><bounds><corner1>-2.4500248410474983, -2.4005187939038484, -1.2778824924925645</corner1><corner2>2.4500248410474983, 2.4005187939038484, 1.2778824924925645</corner2></bounds><pose><translation>-0.44169090835368796, -6.138715160231302, -0.029059597393821992</translation><rotation><c1>0, 0, 0</c1><c2>0, 0, 0</c2><c3>0, 0, 0</c3></rotation></pose><symmetry><x>twoFold</x><y>cylindrical</y><z>twoFold</z></symmetry><detectionScore>-1.0</detectionScore></element><element><id>13</id><category>kitchen_cabinet</category><bounds><corner1>-0.38182292372922877, -0.21111261658768554, -0.06843547743123013</corner1><corner2>0.38182292372922877, 0.21111261658768554, 0.06843547743123013</corner2></bounds><pose><translation>1.0122303459351, 1.7532193492832282, -1.11673454439265</translation><rotation><c1>0, 0, 0</c1><c2>0, 0, 0</c2><c3>0, 0, 0</c3></rotation></pose><symmetry><x>twoFold</x><y>cylindrical</y><z>twoFold</z></symmetry><detectionScore>-1.0</detectionScore></element><element><id>14</id><category>door</category><bounds><corner1>-0.10505932956945241, -0.63450118476166, -1.242520928289989</corner1><corner2>0.10505932956945241, 0.63450118476166, 1.242520928289989</corner2></bounds><pose><translation>4.316689304473676, 1.639105889900938, -0.41650569163417434</translation><rotation><c1>0, 0, 0</c1><c2>0, 0, 0</c2><c3>0, 0, 0</c3></rotation></pose><symmetry><x>twoFold</x><y>cylindrical</y><z>twoFold</z></symmetry><detectionScore>-1.0</detectionScore></element><element><id>15</id><category>refrigerator</category><bounds><corner1>-0.7987221420066587, -0.5736997029828292, -0.8367789226458486</corner1><corner2>0.7987221420066587, 0.5736997029828292, 0.8367789226458486</corner2></bounds><pose><translation>0.36918200714791316, 1.919824962903819, -0.7443353622975456</translation><rotation><c1>0, 0, 0</c1><c2>0, 0, 0</c2><c3>0, 0, 0</c3></rotation></pose><symmetry><x>twoFold</x><y>cylindrical</y><z>twoFold</z></symmetry><detectionScore>-1.0</detectionScore></element><element><id>16</id><category>chair</category><bounds><corner1>-0.18419226262709687, -0.7403774326314407, -0.616396962236442</corner1><corner2>0.18419226262709687, 0.7403774326314407, 0.616396962236442</corner2></bounds><pose><translation>1.9673353707432484, -2.7128046719326093, -0.9922503344282285</translation><rotation><c1>0, 0, 0</c1><c2>0, 0, 0</c2><c3>0, 0, 0</c3></rotation></pose><symmetry><x>twoFold</x><y>cylindrical</y><z>twoFold</z></symmetry><detectionScore>-1.0</detectionScore></element><element><id>17</id><category>wall</category><bounds><corner1>-1.2151952826324606, -0.356686373648036, -1.2083315201677192</corner1><corner2>1.2151952826324606, 0.356686373648036, 1.2083315201677192</corner2></bounds><pose><translation>2.2823356962055454, -0.9131570846705319, -0.06088796564175944</translation><rotation><c1>0, 0, 0</c1><c2>0, 0, 0</c2><c3>0, 0, 0</c3></rotation></pose><symmetry><x>twoFold</x><y>cylindrical</y><z>twoFold</z></symmetry><detectionScore>-1.0</detectionScore></element><element><id>18</id><category>chair</category><bounds><corner1>-0.13956034231849657, -0.881045523866073, -0.4898826777199714</corner1><corner2>0.13956034231849657, 0.881045523866073, 0.4898826777199714</corner2></bounds><pose><translation>1.995914698081791, -3.0865748195273817, -0.7755001525356643</translation><rotation><c1>0, 0, 0</c1><c2>0, 0, 0</c2><c3>0, 0, 0</c3></rotation></pose><symmetry><x>twoFold</x><y>cylindrical</y><z>twoFold</z></symmetry><detectionScore>-1.0</detectionScore></element><element><id>19</id><category>desk</category><bounds><corner1>-0.3708936913655103, -1.258414630547803, -0.5661090837993014</corner1><corner2>0.3708936913655103, 1.258414630547803, 0.5661090837993014</corner2></bounds><pose><translation>-2.3303942027835767, -0.3853242621011269, -1.348111577463134</translation><rotation><c1>0, 0, 0</c1><c2>0, 0, 0</c2><c3>0, 0, 0</c3></rotation></pose><symmetry><x>twoFold</x><y>cylindrical</y><z>twoFold</z></symmetry><detectionScore>-1.0</detectionScore></element><element><id>20</id><category>floor</category><bounds><corner1>-0.1135087870613658, -1.2816441568952066, -0.534615178961233</corner1><corner2>0.1135087870613658, 1.2816441568952066, 0.534615178961233</corner2></bounds><pose><translation>4.286654529606264, 1.003836268229969, -1.0707137712094295</translation><rotation><c1>0, 0, 0</c1><c2>0, 0, 0</c2><c3>0, 0, 0</c3></rotation></pose><symmetry><x>twoFold</x><y>cylindrical</y><z>twoFold</z></symmetry><detectionScore>-1.0</detectionScore></element><element><id>21</id><category>chair</category><bounds><corner1>-0.2537447342363526, -0.7313615250801144, -0.862967489533259</corner1><corner2>0.2537447342363526, 0.7313615250801144, 0.862967489533259</corner2></bounds><pose><translation>1.9151674794087195, -2.482056927089927, -1.3240247475284093</translation><rotation><c1>0, 0, 0</c1><c2>0, 0, 0</c2><c3>0, 0, 0</c3></rotation></pose><symmetry><x>twoFold</x><y>cylindrical</y><z>twoFold</z></symmetry><detectionScore>-1.0</detectionScore></element><element><id>22</id><category>chair</category><bounds><corner1>-0.2081045168761455, -0.9643849565116924, -0.6140311483434361</corner1><corner2>0.2081045168761455, 0.9643849565116924, 0.6140311483434361</corner2></bounds><pose><translation>1.9129567874384938, -3.2051360242700917, -1.0170780926933105</translation><rotation><c1>0, 0, 0</c1><c2>0, 0, 0</c2><c3>0, 0, 0</c3></rotation></pose><symmetry><x>twoFold</x><y>cylindrical</y><z>twoFold</z></symmetry><detectionScore>-1.0</detectionScore></element><element><id>23</id><category>coffee_table</category><bounds><corner1>-0.3764536384354671, -0.6038714441190999, -0.682504478355416</corner1><corner2>0.3764536384354671, 0.6038714441190999, 0.682504478355416</corner2></bounds><pose><translation>-2.324416828525899, -0.3453868971375459, -1.4534690341451628</translation><rotation><c1>0, 0, 0</c1><c2>0, 0, 0</c2><c3>0, 0, 0</c3></rotation></pose><symmetry><x>twoFold</x><y>cylindrical</y><z>twoFold</z></symmetry><detectionScore>-1.0</detectionScore></element><element><id>24</id><category>shelving</category><bounds><corner1>-0.328540149349837, -1.159433956014352, -0.8639331761078639</corner1><corner2>0.328540149349837, 1.159433956014352, 0.8639331761078639</corner2></bounds><pose><translation>1.7914794481571044, -3.3673336616668013, -1.2465039078425313</translation><rotation><c1>0, 0, 0</c1><c2>0, 0, 0</c2><c3>0, 0, 0</c3></rotation></pose><symmetry><x>twoFold</x><y>cylindrical</y><z>twoFold</z></symmetry><detectionScore>-1.0</detectionScore></element><element><id>25</id><category>chair</category><bounds><corner1>-0.16925284010176256, -0.668742921849284, -0.4020563969966195</corner1><corner2>0.16925284010176256, 0.668742921849284, 0.4020563969966195</corner2></bounds><pose><translation>1.970349073622459, -2.841588249864471, -0.7995330192775014</translation><rotation><c1>0, 0, 0</c1><c2>0, 0, 0</c2><c3>0, 0, 0</c3></rotation></pose><symmetry><x>twoFold</x><y>cylindrical</y><z>twoFold</z></symmetry><detectionScore>-1.0</detectionScore></element><element><id>26</id><category>bathtub</category><bounds><corner1>-1.6056759496550879, -0.4050704561383267, -0.3308904696450191</corner1><corner2>1.6056759496550879, 0.4050704561383267, 0.3308904696450191</corner2></bounds><pose><translation>-0.9231567357964429, -2.3261592231368846, -0.9003217828000168</translation><rotation><c1>0, 0, 0</c1><c2>0, 0, 0</c2><c3>0, 0, 0</c3></rotation></pose><symmetry><x>twoFold</x><y>cylindrical</y><z>twoFold</z></symmetry><detectionScore>-1.0</detectionScore></element><element><id>27</id><category>kitchen_cabinet</category><bounds><corner1>-1.0466397247649435, -0.5859396371298642, -0.3716155456886042</corner1><corner2>1.0466397247649435, 0.5859396371298642, 0.3716155456886042</corner2></bounds><pose><translation>1.0501777046932532, 1.8433491794552905, -1.0983098509119646</translation><rotation><c1>0, 0, 0</c1><c2>0, 0, 0</c2><c3>0, 0, 0</c3></rotation></pose><symmetry><x>twoFold</x><y>cylindrical</y><z>twoFold</z></symmetry><detectionScore>-1.0</detectionScore></element><element><id>28</id><category>wall</category><bounds><corner1>-0.8177758740873085, -2.190380383491018, -1.5217360762024907</corner1><corner2>0.8177758740873085, 2.190380383491018, 1.5217360762024907</corner2></bounds><pose><translation>-2.898989435388203, -0.04900325570747695, -0.14728603870387805</translation><rotation><c1>0, 0, 0</c1><c2>0, 0, 0</c2><c3>0, 0, 0</c3></rotation></pose><symmetry><x>twoFold</x><y>cylindrical</y><z>twoFold</z></symmetry><detectionScore>-1.0</detectionScore></element><element><id>29</id><category>wall</category><bounds><corner1>-1.4275158627530082, -0.2545895198816447, -1.596573962484733</corner1><corner2>1.4275158627530082, 0.2545895198816447, 1.596573962484733</corner2></bounds><pose><translation>2.8829833643664173, -0.5749845172164167, -0.1545617092648759</translation><rotation><c1>0, 0, 0</c1><c2>0, 0, 0</c2><c3>0, 0, 0</c3></rotation></pose><symmetry><x>twoFold</x><y>cylindrical</y><z>twoFold</z></symmetry><detectionScore>-1.0</detectionScore></element><element><id>30</id><category>wall</category><bounds><corner1>-0.12156496999838495, -1.3569296468621261, -1.488676923086607</corner1><corner2>0.12156496999838495, 1.3569296468621261, 1.488676923086607</corner2></bounds><pose><translation>4.283927139453724, 0.9388607872454666, -0.1530057764187016</translation><rotation><c1>0, 0, 0</c1><c2>0, 0, 0</c2><c3>0, 0, 0</c3></rotation></pose><symmetry><x>twoFold</x><y>cylindrical</y><z>twoFold</z></symmetry><detectionScore>-1.0</detectionScore></element></elements></scene>