<?xml version='1.0' encoding='utf-8'?>
<scene xmlns:sumo="https://www.sumochallenge.org"><version>2.0</version><categories><id>fb_categories_v1.0</id><url>https://sumochallenge.org/en/categories-1_0.json</url></categories><project_type>bounding_box</project_type><elements><element><id>6</id><category>rug</category><bounds><corner1>-0.18817815, -0.07640189, -0.70389101</corner1><corner2>0.18817815, 0.07640189, 0.70389101</corner2></bounds><pose><translation> 0.04250528, -0.66988675,  1.17001618</translation><rotation><c1>1., 0., 0.</c1><c2>0., 1., 0.</c2><c3>0., 0., 1.</c3></rotation></pose><symmetry><x>none</x><y>none</y><z>none</z></symmetry><detectionScore>-1</detectionScore></element><element><id>7</id><category>armchair</category><bounds><corner1>-1.11921052, -0.31096419, -1.46595732</corner1><corner2>1.11921052, 0.31096419, 1.46595732</corner2></bounds><pose><translation> 0.09070299, -0.89916353,  1.33400862</translation><rotation><c1>1., 0., 0.</c1><c2>0., 1., 0.</c2><c3>0., 0., 1.</c3></rotation></pose><symmetry><x>none</x><y>none</y><z>none</z></symmetry><detectionScore>-1</detectionScore></element><element><id>5</id><category>shelving</category><bounds><corner1>-0.32137189, -0.40132776, -0.34004   </corner1><corner2>0.32137189, 0.40132776, 0.34004   </corner2></bounds><pose><translation>-0.18482433,  0.40542847, -2.44100837</translation><rotation><c1>1., 0., 0.</c1><c2>0., 1., 0.</c2><c3>0., 0., 1.</c3></rotation></pose><symmetry><x>none</x><y>none</y><z>none</z></symmetry><detectionScore>-1</detectionScore></element><element><id>3</id><category>armchair</category><bounds><corner1>-1.34398438, -0.24030291, -1.50856791</corner1><corner2>1.34398438, 0.24030291, 1.50856791</corner2></bounds><pose><translation> 2.54219994, -0.90799676,  1.32752077</translation><rotation><c1>1., 0., 0.</c1><c2>0., 1., 0.</c2><c3>0., 0., 1.</c3></rotation></pose><symmetry><x>none</x><y>none</y><z>none</z></symmetry><detectionScore>-1</detectionScore></element><element><id>4</id><category>door</category><bounds><corner1>-5.10667274, -1.36099166, -1.65953124</corner1><corner2>5.10667274, 1.36099166, 1.65953124</corner2></bounds><pose><translation> 3.8682696 , -0.19096858, -0.6164923 </translation><rotation><c1>1., 0., 0.</c1><c2>0., 1., 0.</c2><c3>0., 0., 1.</c3></rotation></pose><symmetry><x>none</x><y>none</y><z>none</z></symmetry><detectionScore>-1</detectionScore></element><element><id>2</id><category>wall</category><bounds><corner1>-1.83611537, -1.25323914, -0.87166029</corner1><corner2>1.83611537, 1.25323914, 0.87166029</corner2></bounds><pose><translation> 0.71495979, -0.12590619,  3.67886084</translation><rotation><c1>1., 0., 0.</c1><c2>0., 1., 0.</c2><c3>0., 0., 1.</c3></rotation></pose><symmetry><x>none</x><y>none</y><z>none</z></symmetry><detectionScore>-1</detectionScore></element><element><id>1</id><category>door</category><bounds><corner1>-0.96585773, -1.07810916, -0.06707791</corner1><corner2>0.96585773, 1.07810916, 0.06707791</corner2></bounds><pose><translation> 2.15073549, -0.4559836 , -2.48699155</translation><rotation><c1>1., 0., 0.</c1><c2>0., 1., 0.</c2><c3>0., 0., 1.</c3></rotation></pose><symmetry><x>none</x><y>none</y><z>none</z></symmetry><detectionScore>-1</detectionScore></element></elements></scene>