<?xml version='1.0' encoding='utf-8'?>
<scene xmlns:sumo="https://www.sumochallenge.org"><version>2.0</version><categories><id>fb_categories_v1.0</id><url>https://sumochallenge.org/en/categories-1_0.json</url></categories><project_type>bounding_box</project_type><elements><element><id>15</id><category>wall</category><bounds><corner1>-0.47073083, -1.26436642, -2.36439961</corner1><corner2>0.47073083, 1.26436642, 2.36439961</corner2></bounds><pose><translation>-5.26361299, -0.15678318, -8.40290486</translation><rotation><c1>1., 0., 0.</c1><c2>0., 1., 0.</c2><c3>0., 0., 1.</c3></rotation></pose><symmetry><x>none</x><y>none</y><z>none</z></symmetry><detectionScore>-1</detectionScore></element><element><id>7</id><category>desk</category><bounds><corner1>-0.3203733 , -0.33787752, -0.44282739</corner1><corner2>0.3203733 , 0.33787752, 0.44282739</corner2></bounds><pose><translation>-6.12657378, -1.02525463, -1.45044339</translation><rotation><c1>1., 0., 0.</c1><c2>0., 1., 0.</c2><c3>0., 0., 1.</c3></rotation></pose><symmetry><x>none</x><y>none</y><z>none</z></symmetry><detectionScore>-1</detectionScore></element><element><id>9</id><category>desk</category><bounds><corner1>-3.19123493, -0.25505599, -0.39392179</corner1><corner2>3.19123493, 0.25505599, 0.39392179</corner2></bounds><pose><translation> 1.6249788 , -0.94649291, -0.43640094</translation><rotation><c1>1., 0., 0.</c1><c2>0., 1., 0.</c2><c3>0., 0., 1.</c3></rotation></pose><symmetry><x>none</x><y>none</y><z>none</z></symmetry><detectionScore>-1</detectionScore></element><element><id>5</id><category>chair</category><bounds><corner1>-0.68519807, -0.40479103, -0.76514585</corner1><corner2>0.68519807, 0.40479103, 0.76514585</corner2></bounds><pose><translation> 4.90745864, -1.13999521, -3.3521287 </translation><rotation><c1>1., 0., 0.</c1><c2>0., 1., 0.</c2><c3>0., 0., 1.</c3></rotation></pose><symmetry><x>none</x><y>none</y><z>none</z></symmetry><detectionScore>-1</detectionScore></element><element><id>16</id><category>desk</category><bounds><corner1>-0.85817872, -0.35101528, -1.77400389</corner1><corner2>0.85817872, 0.35101528, 1.77400389</corner2></bounds><pose><translation> 4.83253163, -1.04661341, -2.51132145</translation><rotation><c1>1., 0., 0.</c1><c2>0., 1., 0.</c2><c3>0., 0., 1.</c3></rotation></pose><symmetry><x>none</x><y>none</y><z>none</z></symmetry><detectionScore>-1</detectionScore></element><element><id>12</id><category>wall</category><bounds><corner1>-6.81672778, -1.08405571, -4.82302203</corner1><corner2>6.81672778, 1.08405571, 4.82302203</corner2></bounds><pose><translation>-10.17686715,   0.06988037,   2.3463121 </translation><rotation><c1>1., 0., 0.</c1><c2>0., 1., 0.</c2><c3>0., 0., 1.</c3></rotation></pose><symmetry><x>none</x><y>none</y><z>none</z></symmetry><detectionScore>-1</detectionScore></element><element><id>11</id><category>whiteboard</category><bounds><corner1>-0.25148304, -0.6635574 , -0.42460725</corner1><corner2>0.25148304, 0.6635574 , 0.42460725</corner2></bounds><pose><translation>-4.50496579, -0.74611786, -3.73946682</translation><rotation><c1>1., 0., 0.</c1><c2>0., 1., 0.</c2><c3>0., 0., 1.</c3></rotation></pose><symmetry><x>none</x><y>none</y><z>none</z></symmetry><detectionScore>-1</detectionScore></element><element><id>10</id><category>desk</category><bounds><corner1>-3.21310905, -0.22716836, -0.41625593</corner1><corner2>3.21310905, 0.22716836, 0.41625593</corner2></bounds><pose><translation> 2.4151364 , -0.70014641, -0.43712211</translation><rotation><c1>1., 0., 0.</c1><c2>0., 1., 0.</c2><c3>0., 0., 1.</c3></rotation></pose><symmetry><x>none</x><y>none</y><z>none</z></symmetry><detectionScore>-1</detectionScore></element><element><id>6</id><category>desk</category><bounds><corner1>-1.07325535, -0.26066506, -0.03993651</corner1><corner2>1.07325535, 0.26066506, 0.03993651</corner2></bounds><pose><translation> 0.44096698, -0.95538081, -2.12799561</translation><rotation><c1>1., 0., 0.</c1><c2>0., 1., 0.</c2><c3>0., 0., 1.</c3></rotation></pose><symmetry><x>none</x><y>none</y><z>none</z></symmetry><detectionScore>-1</detectionScore></element><element><id>13</id><category>wall</category><bounds><corner1>-1.21513604, -1.40131461, -0.93164458</corner1><corner2>1.21513604, 1.40131461, 0.93164458</corner2></bounds><pose><translation>-5.86849825, -0.20674524, -2.21851683</translation><rotation><c1>1., 0., 0.</c1><c2>0., 1., 0.</c2><c3>0., 0., 1.</c3></rotation></pose><symmetry><x>none</x><y>none</y><z>none</z></symmetry><detectionScore>-1</detectionScore></element><element><id>3</id><category>desk</category><bounds><corner1>-0.56525702, -0.2640684 , -1.21615268</corner1><corner2>0.56525702, 0.2640684 , 1.21615268</corner2></bounds><pose><translation>-0.7333306 , -0.88011008,  1.56894204</translation><rotation><c1>1., 0., 0.</c1><c2>0., 1., 0.</c2><c3>0., 0., 1.</c3></rotation></pose><symmetry><x>none</x><y>none</y><z>none</z></symmetry><detectionScore>-1</detectionScore></element><element><id>2</id><category>wall</category><bounds><corner1>-2.25335618, -1.40984677, -0.05155737</corner1><corner2>2.25335618, 1.40984677, 0.05155737</corner2></bounds><pose><translation> 3.89386836, -0.21831291,  2.51114306</translation><rotation><c1>1., 0., 0.</c1><c2>0., 1., 0.</c2><c3>0., 0., 1.</c3></rotation></pose><symmetry><x>none</x><y>none</y><z>none</z></symmetry><detectionScore>-1</detectionScore></element><element><id>8</id><category>window</category><bounds><corner1>-1.799621  , -0.97367486, -0.15915263</corner1><corner2>1.799621  , 0.97367486, 0.15915263</corner2></bounds><pose><translation>-1.51277066,  0.0415104 ,  8.52572103</translation><rotation><c1>1., 0., 0.</c1><c2>0., 1., 0.</c2><c3>0., 0., 1.</c3></rotation></pose><symmetry><x>none</x><y>none</y><z>none</z></symmetry><detectionScore>-1</detectionScore></element><element><id>1</id><category>window</category><bounds><corner1>-0.1168764 , -0.87215882, -1.35421672</corner1><corner2>0.1168764 , 0.87215882, 1.35421672</corner2></bounds><pose><translation>7.16974505, 0.20333368, 0.73873275</translation><rotation><c1>1., 0., 0.</c1><c2>0., 1., 0.</c2><c3>0., 0., 1.</c3></rotation></pose><symmetry><x>none</x><y>none</y><z>none</z></symmetry><detectionScore>-1</detectionScore></element><element><id>14</id><category>wall</category><bounds><corner1>-1.01582738, -1.29973478, -0.63977479</corner1><corner2>1.01582738, 1.29973478, 0.63977479</corner2></bounds><pose><translation>-3.87941366, -0.1306931 , -9.10364089</translation><rotation><c1>1., 0., 0.</c1><c2>0., 1., 0.</c2><c3>0., 0., 1.</c3></rotation></pose><symmetry><x>none</x><y>none</y><z>none</z></symmetry><detectionScore>-1</detectionScore></element></elements></scene>