<?xml version='1.0' encoding='utf-8'?>
<scene xmlns:sumo="https://www.sumochallenge.org"><version>2.0</version><categories><id>fb_categories_v1_0</id><url>https://sumochallenge.org/en/categories-1_0.json</url></categories><project_type>bounding_box</project_type><elements><element><id>0</id><category>curtain</category><bounds><corner1>-1.5977608935813885, -1.4378494181394736, -1.0644814487592549</corner1><corner2>1.5977608935813885, 1.4378494181394736, 1.0644814487592549</corner2></bounds><pose><translation>7.920464461084959, -3.477499510596072, 0.08245046272916129</translation><rotation><c1>0, 0, 0</c1><c2>0, 0, 0</c2><c3>0, 0, 0</c3></rotation></pose><symmetry><x>twoFold</x><y>cylindrical</y><z>twoFold</z></symmetry><detectionScore>-1.0</detectionScore></element><element><id>1</id><category>wall</category><bounds><corner1>-0.9352561768681207, -0.7898989903866007, -0.48791508635747866</corner1><corner2>0.9352561768681207, 0.7898989903866007, 0.48791508635747866</corner2></bounds><pose><translation>-2.183276578024609, -0.5560164519969746, -0.0021357892388431366</translation><rotation><c1>0, 0, 0</c1><c2>0, 0, 0</c2><c3>0, 0, 0</c3></rotation></pose><symmetry><x>twoFold</x><y>cylindrical</y><z>twoFold</z></symmetry><detectionScore>-1.0</detectionScore></element><element><id>2</id><category>wall</category><bounds><corner1>-1.2559361982409027, -2.280850123212323, -1.5590985731519462</corner1><corner2>1.2559361982409027, 2.280850123212323, 1.5590985731519462</corner2></bounds><pose><translation>-1.8414995695912262, -3.753947369842574, -0.23641353407087426</translation><rotation><c1>0, 0, 0</c1><c2>0, 0, 0</c2><c3>0, 0, 0</c3></rotation></pose><symmetry><x>twoFold</x><y>cylindrical</y><z>twoFold</z></symmetry><detectionScore>-1.0</detectionScore></element><element><id>3</id><category>wall</category><bounds><corner1>-9.72362160630157, -1.1354880733719739, -1.3189709699620462</corner1><corner2>9.72362160630157, 1.1354880733719739, 1.3189709699620462</corner2></bounds><pose><translation>6.837100322906952, -0.5054202524034228, -0.02024846484817814</translation><rotation><c1>0, 0, 0</c1><c2>0, 0, 0</c2><c3>0, 0, 0</c3></rotation></pose><symmetry><x>twoFold</x><y>cylindrical</y><z>twoFold</z></symmetry><detectionScore>-1.0</detectionScore></element><element><id>4</id><category>door</category><bounds><corner1>-1.3486459206478618, -2.1826817134597567, -1.5307189421085972</corner1><corner2>1.3486459206478618, 2.1826817134597567, 1.5307189421085972</corner2></bounds><pose><translation>-1.890047708191894, -3.617895780973824, -0.4259263808085477</translation><rotation><c1>0, 0, 0</c1><c2>0, 0, 0</c2><c3>0, 0, 0</c3></rotation></pose><symmetry><x>twoFold</x><y>cylindrical</y><z>twoFold</z></symmetry><detectionScore>-1.0</detectionScore></element><element><id>5</id><category>window</category><bounds><corner1>-2.7404907125638913, -0.034017418835147084, -1.591967325354003</corner1><corner2>2.7404907125638913, 0.034017418835147084, 1.591967325354003</corner2></bounds><pose><translation>2.9402833269026627, 0.701189420013344, -0.1775032376826505</translation><rotation><c1>0, 0, 0</c1><c2>0, 0, 0</c2><c3>0, 0, 0</c3></rotation></pose><symmetry><x>twoFold</x><y>cylindrical</y><z>twoFold</z></symmetry><detectionScore>-1.0</detectionScore></element><element><id>6</id><category>wall</category><bounds><corner1>-2.083263325877083, -1.566257475099031, -1.3249237360973662</corner1><corner2>2.083263325877083, 1.566257475099031, 1.3249237360973662</corner2></bounds><pose><translation>7.412828891256784, -3.4498808232378018, -0.06412404981032399</translation><rotation><c1>0, 0, 0</c1><c2>0, 0, 0</c2><c3>0, 0, 0</c3></rotation></pose><symmetry><x>twoFold</x><y>cylindrical</y><z>twoFold</z></symmetry><detectionScore>-1.0</detectionScore></element><element><id>7</id><category>chandelier</category><bounds><corner1>-0.5404421822229526, -0.6637197153789081, -0.06784309988936577</corner1><corner2>0.5404421822229526, 0.6637197153789081, 0.06784309988936577</corner2></bounds><pose><translation>0.09245742949922289, -3.3836128361153155, 1.36145730822322</translation><rotation><c1>0, 0, 0</c1><c2>0, 0, 0</c2><c3>0, 0, 0</c3></rotation></pose><symmetry><x>twoFold</x><y>cylindrical</y><z>twoFold</z></symmetry><detectionScore>-1.0</detectionScore></element><element><id>8</id><category>coffee_table</category><bounds><corner1>-1.994036550561906, -1.8749586453190705, -0.5001384558014804</corner1><corner2>1.994036550561906, 1.8749586453190705, 0.5001384558014804</corner2></bounds><pose><translation>1.9375040713444907, -3.1368123492385216, -1.1328132171948624</translation><rotation><c1>0, 0, 0</c1><c2>0, 0, 0</c2><c3>0, 0, 0</c3></rotation></pose><symmetry><x>twoFold</x><y>cylindrical</y><z>twoFold</z></symmetry><detectionScore>-1.0</detectionScore></element><element><id>9</id><category>wall</category><bounds><corner1>-1.25154461117959, -2.7946785370286364, -1.5044351579575626</corner1><corner2>1.25154461117959, 2.7946785370286364, 1.5044351579575626</corner2></bounds><pose><translation>1.9044994675369873, -4.473756378699291, -0.1847503209993263</translation><rotation><c1>0, 0, 0</c1><c2>0, 0, 0</c2><c3>0, 0, 0</c3></rotation></pose><symmetry><x>twoFold</x><y>cylindrical</y><z>twoFold</z></symmetry><detectionScore>-1.0</detectionScore></element><element><id>10</id><category>wall</category><bounds><corner1>-1.8747858855459025, -3.0286314268096337, -1.4690857774334984</corner1><corner2>1.8747858855459025, 3.0286314268096337, 1.4690857774334984</corner2></bounds><pose><translation>0.011384548884869485, -4.800677755242003, -0.15305217484361683</translation><rotation><c1>0, 0, 0</c1><c2>0, 0, 0</c2><c3>0, 0, 0</c3></rotation></pose><symmetry><x>twoFold</x><y>cylindrical</y><z>twoFold</z></symmetry><detectionScore>-1.0</detectionScore></element><element><id>11</id><category>door</category><bounds><corner1>-1.2014020767948992, -2.8217433748593965, -1.3397435452577926</corner1><corner2>1.2014020767948992, 2.8217433748593965, 1.3397435452577926</corner2></bounds><pose><translation>1.9037151611236696, -4.506524979308109, -0.25143153505201815</translation><rotation><c1>0, 0, 0</c1><c2>0, 0, 0</c2><c3>0, 0, 0</c3></rotation></pose><symmetry><x>twoFold</x><y>cylindrical</y><z>twoFold</z></symmetry><detectionScore>-1.0</detectionScore></element><element><id>12</id><category>window</category><bounds><corner1>-1.2423499822783808, -1.2555848801667921, -1.4011297882702851</corner1><corner2>1.2423499822783808, 1.2555848801667921, 1.4011297882702851</corner2></bounds><pose><translation>-1.9984817778199822, -2.551724223014583, -0.02844781273063786</translation><rotation><c1>0, 0, 0</c1><c2>0, 0, 0</c2><c3>0, 0, 0</c3></rotation></pose><symmetry><x>twoFold</x><y>cylindrical</y><z>twoFold</z></symmetry><detectionScore>-1.0</detectionScore></element><element><id>13</id><category>wall</category><bounds><corner1>-3.7082756212468055, -0.04643512196496591, -1.6105225405543784</corner1><corner2>3.7082756212468055, 0.04643512196496591, 1.6105225405543784</corner2></bounds><pose><translation>2.7187804123605703, 0.6868266590008579, -0.12015070453938836</translation><rotation><c1>0, 0, 0</c1><c2>0, 0, 0</c2><c3>0, 0, 0</c3></rotation></pose><symmetry><x>twoFold</x><y>cylindrical</y><z>twoFold</z></symmetry><detectionScore>-1.0</detectionScore></element><element><id>14</id><category>picture_frame</category><bounds><corner1>-0.06013151985423648, -0.8742592549602759, -1.0733194443656233</corner1><corner2>0.06013151985423648, 0.8742592549602759, 1.0733194443656233</corner2></bounds><pose><translation>1.4569246138908893, 2.579123110346928, 0.316202762869566</translation><rotation><c1>0, 0, 0</c1><c2>0, 0, 0</c2><c3>0, 0, 0</c3></rotation></pose><symmetry><x>twoFold</x><y>cylindrical</y><z>twoFold</z></symmetry><detectionScore>-1.0</detectionScore></element><element><id>15</id><category>door</category><bounds><corner1>-1.1784067806700542, -2.801783852902977, -1.668792414442484</corner1><corner2>1.1784067806700542, 2.801783852902977, 1.668792414442484</corner2></bounds><pose><translation>0.6823610073417016, -4.550573500956897, -0.3777676883733127</translation><rotation><c1>0, 0, 0</c1><c2>0, 0, 0</c2><c3>0, 0, 0</c3></rotation></pose><symmetry><x>twoFold</x><y>cylindrical</y><z>twoFold</z></symmetry><detectionScore>-1.0</detectionScore></element><element><id>16</id><category>door</category><bounds><corner1>-9.724832835977768, -0.9703599570315316, -1.4691597872678708</corner1><corner2>9.724832835977768, 0.9703599570315316, 1.4691597872678708</corner2></bounds><pose><translation>6.84728105499289, -0.46806766265156385, -0.35261136147110694</translation><rotation><c1>0, 0, 0</c1><c2>0, 0, 0</c2><c3>0, 0, 0</c3></rotation></pose><symmetry><x>twoFold</x><y>cylindrical</y><z>twoFold</z></symmetry><detectionScore>-1.0</detectionScore></element><element><id>17</id><category>plant</category><bounds><corner1>-1.1346226188724042, -1.2305385496298815, -1.3673652494705437</corner1><corner2>1.1346226188724042, 1.2305385496298815, 1.3673652494705437</corner2></bounds><pose><translation>-1.9575924740585204, -2.91141921808006, -0.0033519195416256654</translation><rotation><c1>0, 0, 0</c1><c2>0, 0, 0</c2><c3>0, 0, 0</c3></rotation></pose><symmetry><x>twoFold</x><y>cylindrical</y><z>twoFold</z></symmetry><detectionScore>-1.0</detectionScore></element><element><id>18</id><category>curtain</category><bounds><corner1>-1.2335643820142148, -2.795813876009297, -1.4648144051098329</corner1><corner2>1.2335643820142148, 2.795813876009297, 1.4648144051098329</corner2></bounds><pose><translation>1.803995324413942, -4.47469086370156, -0.14179858877303922</translation><rotation><c1>0, 0, 0</c1><c2>0, 0, 0</c2><c3>0, 0, 0</c3></rotation></pose><symmetry><x>twoFold</x><y>cylindrical</y><z>twoFold</z></symmetry><detectionScore>-1.0</detectionScore></element><element><id>19</id><category>window</category><bounds><corner1>-0.9452465325510844, -2.7942128573714524, -1.4797958796520376</corner1><corner2>0.9452465325510844, 2.7942128573714524, 1.4797958796520376</corner2></bounds><pose><translation>1.8217688723911156, -4.472901380364461, -0.1675627920599118</translation><rotation><c1>0, 0, 0</c1><c2>0, 0, 0</c2><c3>0, 0, 0</c3></rotation></pose><symmetry><x>twoFold</x><y>cylindrical</y><z>twoFold</z></symmetry><detectionScore>-1.0</detectionScore></element><element><id>20</id><category>chandelier</category><bounds><corner1>-0.6151796511607551, -1.7151664913473765, -0.14462589122219272</corner1><corner2>0.6151796511607551, 1.7151664913473765, 0.14462589122219272</corner2></bounds><pose><translation>0.36536645043245375, 2.30672688554337, 1.3268930564634354</translation><rotation><c1>0, 0, 0</c1><c2>0, 0, 0</c2><c3>0, 0, 0</c3></rotation></pose><symmetry><x>twoFold</x><y>cylindrical</y><z>twoFold</z></symmetry><detectionScore>-1.0</detectionScore></element><element><id>21</id><category>sink</category><bounds><corner1>-0.5817203970002334, -2.2335035441499227, -0.43907330806150396</corner1><corner2>0.5817203970002334, 2.2335035441499227, 0.43907330806150396</corner2></bounds><pose><translation>0.9103190506636245, 1.7917750877972352, -0.6606982100771898</translation><rotation><c1>0, 0, 0</c1><c2>0, 0, 0</c2><c3>0, 0, 0</c3></rotation></pose><symmetry><x>twoFold</x><y>cylindrical</y><z>twoFold</z></symmetry><detectionScore>-1.0</detectionScore></element><element><id>22</id><category>door</category><bounds><corner1>-0.07449405992088165, -0.22812786202581847, -0.628884411211378</corner1><corner2>0.07449405992088165, 0.22812786202581847, 0.628884411211378</corner2></bounds><pose><translation>-1.1064627933576259, 0.37810166403659773, -0.24517807947017162</translation><rotation><c1>0, 0, 0</c1><c2>0, 0, 0</c2><c3>0, 0, 0</c3></rotation></pose><symmetry><x>twoFold</x><y>cylindrical</y><z>twoFold</z></symmetry><detectionScore>-1.0</detectionScore></element><element><id>23</id><category>stairs</category><bounds><corner1>-3.6279919221175954, -2.744046514859658, -1.0115978355902537</corner1><corner2>3.6279919221175954, 2.744046514859658, 1.0115978355902537</corner2></bounds><pose><translation>5.788404774279649, -3.441982411509805, 0.33563771392919733</translation><rotation><c1>0, 0, 0</c1><c2>0, 0, 0</c2><c3>0, 0, 0</c3></rotation></pose><symmetry><x>twoFold</x><y>cylindrical</y><z>twoFold</z></symmetry><detectionScore>-1.0</detectionScore></element><element><id>24</id><category>sofa</category><bounds><corner1>-1.8221078960088746, -0.12242598946684202, -0.3674197286957488</corner1><corner2>1.8221078960088746, 0.12242598946684202, 0.3674197286957488</corner2></bounds><pose><translation>0.4418839296503254, -1.3256319248128077, -1.035686390677291</translation><rotation><c1>0, 0, 0</c1><c2>0, 0, 0</c2><c3>0, 0, 0</c3></rotation></pose><symmetry><x>twoFold</x><y>cylindrical</y><z>twoFold</z></symmetry><detectionScore>-1.0</detectionScore></element><element><id>25</id><category>window</category><bounds><corner1>-1.2886399241201103, -2.1509522715279488, -1.5863934475537418</corner1><corner2>1.2886399241201103, 2.1509522715279488, 1.5863934475537418</corner2></bounds><pose><translation>-1.8752063505939875, -3.617022702330277, -0.2826623018732636</translation><rotation><c1>0, 0, 0</c1><c2>0, 0, 0</c2><c3>0, 0, 0</c3></rotation></pose><symmetry><x>twoFold</x><y>cylindrical</y><z>twoFold</z></symmetry><detectionScore>-1.0</detectionScore></element><element><id>26</id><category>shelving</category><bounds><corner1>-1.0886605471455622, -3.0497823431154276, -1.5822222909134718</corner1><corner2>1.0886605471455622, 3.0497823431154276, 1.5822222909134718</corner2></bounds><pose><translation>-1.611940693826051, -4.564864138312806, -0.41381543483567734</translation><rotation><c1>0, 0, 0</c1><c2>0, 0, 0</c2><c3>0, 0, 0</c3></rotation></pose><symmetry><x>twoFold</x><y>cylindrical</y><z>twoFold</z></symmetry><detectionScore>-1.0</detectionScore></element><element><id>27</id><category>door</category><bounds><corner1>-2.723114431032048, -0.051724993083217985, -1.6474485527500295</corner1><corner2>2.723114431032048, 0.051724993083217985, 1.6474485527500295</corner2></bounds><pose><translation>2.5998823690907162, 0.7098716682971075, -0.25499356315320615</translation><rotation><c1>0, 0, 0</c1><c2>0, 0, 0</c2><c3>0, 0, 0</c3></rotation></pose><symmetry><x>twoFold</x><y>cylindrical</y><z>twoFold</z></symmetry><detectionScore>-1.0</detectionScore></element><element><id>28</id><category>wall</category><bounds><corner1>-1.3708269727892448, -2.61900514179197, -1.2209580281234393</corner1><corner2>1.3708269727892448, 2.61900514179197, 1.2209580281234393</corner2></bounds><pose><translation>0.04241381317349316, 1.4916847853187023, 0.01968413522844712</translation><rotation><c1>0, 0, 0</c1><c2>0, 0, 0</c2><c3>0, 0, 0</c3></rotation></pose><symmetry><x>twoFold</x><y>cylindrical</y><z>twoFold</z></symmetry><detectionScore>-1.0</detectionScore></element><element><id>29</id><category>window</category><bounds><corner1>-1.6307548063051653, -1.4465127882550104, -1.066638571849631</corner1><corner2>1.6307548063051653, 1.4465127882550104, 1.066638571849631</corner2></bounds><pose><translation>7.887290959576704, -3.4865408660819917, 0.05183909446646206</translation><rotation><c1>0, 0, 0</c1><c2>0, 0, 0</c2><c3>0, 0, 0</c3></rotation></pose><symmetry><x>twoFold</x><y>cylindrical</y><z>twoFold</z></symmetry><detectionScore>-1.0</detectionScore></element><element><id>30</id><category>shelving</category><bounds><corner1>-1.1637733694339771, -2.963891773465724, -1.4569475275034827</corner1><corner2>1.1637733694339771, 2.963891773465724, 1.4569475275034827</corner2></bounds><pose><translation>1.566848285266154, -4.448404431744121, -0.10069829349372578</translation><rotation><c1>0, 0, 0</c1><c2>0, 0, 0</c2><c3>0, 0, 0</c3></rotation></pose><symmetry><x>twoFold</x><y>cylindrical</y><z>twoFold</z></symmetry><detectionScore>-1.0</detectionScore></element><element><id>31</id><category>chair</category><bounds><corner1>-1.7234633038541727, -2.1919566611705665, -0.49496108822638973</corner1><corner2>1.7234633038541727, 2.1919566611705665, 0.49496108822638973</corner2></bounds><pose><translation>2.220677728362424, -3.5972950333680527, -1.1277632984329378</translation><rotation><c1>0, 0, 0</c1><c2>0, 0, 0</c2><c3>0, 0, 0</c3></rotation></pose><symmetry><x>twoFold</x><y>cylindrical</y><z>twoFold</z></symmetry><detectionScore>-1.0</detectionScore></element><element><id>32</id><category>sofa</category><bounds><corner1>-0.550322116497032, -0.11886899588568278, -0.29074706153951757</corner1><corner2>0.550322116497032, 0.11886899588568278, 0.29074706153951757</corner2></bounds><pose><translation>-0.6511778812909383, -1.3156338919496884, -0.944981181107656</translation><rotation><c1>0, 0, 0</c1><c2>0, 0, 0</c2><c3>0, 0, 0</c3></rotation></pose><symmetry><x>twoFold</x><y>cylindrical</y><z>twoFold</z></symmetry><detectionScore>-1.0</detectionScore></element><element><id>33</id><category>chair</category><bounds><corner1>-0.40840777459147537, -0.6452367097274303, -0.1409723142455952</corner1><corner2>0.40840777459147537, 0.6452367097274303, 0.1409723142455952</corner2></bounds><pose><translation>2.048917542887152, -3.108543058592738, -1.1634165310946436</translation><rotation><c1>0, 0, 0</c1><c2>0, 0, 0</c2><c3>0, 0, 0</c3></rotation></pose><symmetry><x>twoFold</x><y>cylindrical</y><z>twoFold</z></symmetry><detectionScore>-1.0</detectionScore></element><element><id>34</id><category>armchair</category><bounds><corner1>-1.7537832969909477, -0.10964574869288035, -0.2718017929908074</corner1><corner2>1.7537832969909477, 0.10964574869288035, 0.2718017929908074</corner2></bounds><pose><translation>0.4686545568346041, -1.318562690964984, -0.9360616552909359</translation><rotation><c1>0, 0, 0</c1><c2>0, 0, 0</c2><c3>0, 0, 0</c3></rotation></pose><symmetry><x>twoFold</x><y>cylindrical</y><z>twoFold</z></symmetry><detectionScore>-1.0</detectionScore></element><element><id>35</id><category>shelving</category><bounds><corner1>-0.08425700683605575, -0.2173687168208291, -0.6425645134277367</corner1><corner2>0.08425700683605575, 0.2173687168208291, 0.6425645134277367</corner2></bounds><pose><translation>-1.1083990856668589, 0.36202673350135356, -0.32842668315192514</translation><rotation><c1>0, 0, 0</c1><c2>0, 0, 0</c2><c3>0, 0, 0</c3></rotation></pose><symmetry><x>twoFold</x><y>cylindrical</y><z>twoFold</z></symmetry><detectionScore>-1.0</detectionScore></element><element><id>36</id><category>plant</category><bounds><corner1>-1.2292373195188135, -0.9281594279913115, -0.34236867035593094</corner1><corner2>1.2292373195188135, 0.9281594279913115, 0.34236867035593094</corner2></bounds><pose><translation>-1.9418538009149227, -2.128075740191884, -0.7817628435294133</translation><rotation><c1>0, 0, 0</c1><c2>0, 0, 0</c2><c3>0, 0, 0</c3></rotation></pose><symmetry><x>twoFold</x><y>cylindrical</y><z>twoFold</z></symmetry><detectionScore>-1.0</detectionScore></element><element><id>37</id><category>armchair</category><bounds><corner1>-0.5383273313723455, -0.11471689934852858, -0.2587839401442569</corner1><corner2>0.5383273313723455, 0.11471689934852858, 0.2587839401442569</corner2></bounds><pose><translation>-0.6271201313093339, -1.31328979449482, -0.9127677971016905</translation><rotation><c1>0, 0, 0</c1><c2>0, 0, 0</c2><c3>0, 0, 0</c3></rotation></pose><symmetry><x>twoFold</x><y>cylindrical</y><z>twoFold</z></symmetry><detectionScore>-1.0</detectionScore></element><element><id>38</id><category>chair</category><bounds><corner1>-0.9847245828769347, -2.0955115965058373, -0.5119934154578653</corner1><corner2>0.9847245828769347, 2.0955115965058373, 0.5119934154578653</corner2></bounds><pose><translation>2.1145200390202143, -3.375096513789801, -1.1529248913694308</translation><rotation><c1>0, 0, 0</c1><c2>0, 0, 0</c2><c3>0, 0, 0</c3></rotation></pose><symmetry><x>twoFold</x><y>cylindrical</y><z>twoFold</z></symmetry><detectionScore>-1.0</detectionScore></element><element><id>39</id><category>armchair</category><bounds><corner1>-2.0364495981491357, -2.203163804063677, -0.5021056136832671</corner1><corner2>2.0364495981491357, 2.203163804063677, 0.5021056136832671</corner2></bounds><pose><translation>2.1428756676279423, -3.4532378496247915, -0.9921730515708215</translation><rotation><c1>0, 0, 0</c1><c2>0, 0, 0</c2><c3>0, 0, 0</c3></rotation></pose><symmetry><x>twoFold</x><y>cylindrical</y><z>twoFold</z></symmetry><detectionScore>-1.0</detectionScore></element><element><id>40</id><category>coffee_table</category><bounds><corner1>-1.3878107215843491, -0.24625621567447675, -0.2038211378994329</corner1><corner2>1.3878107215843491, 0.24625621567447675, 0.2038211378994329</corner2></bounds><pose><translation>0.019353831121054054, -1.4947375143047326, -0.8726380146109138</translation><rotation><c1>0, 0, 0</c1><c2>0, 0, 0</c2><c3>0, 0, 0</c3></rotation></pose><symmetry><x>twoFold</x><y>cylindrical</y><z>twoFold</z></symmetry><detectionScore>-1.0</detectionScore></element></elements></scene>