<?xml version='1.0' encoding='utf-8'?>
<scene xmlns:sumo="https://www.sumochallenge.org"><version>2.0</version><categories><id>fb_categories_v1.0</id><url>https://sumochallenge.org/en/categories-1_0.json</url></categories><project_type>bounding_box</project_type><elements><element><id>4</id><category>armchair</category><bounds><corner1>-2.09778291, -0.45421834, -1.79032387</corner1><corner2>2.09778291, 0.45421834, 1.79032387</corner2></bounds><pose><translation>-2.99379964, -0.91818039,  1.86730339</translation><rotation><c1>1., 0., 0.</c1><c2>0., 1., 0.</c2><c3>0., 0., 1.</c3></rotation></pose><symmetry><x>none</x><y>none</y><z>none</z></symmetry><detectionScore>0.65738606</detectionScore></element><element><id>1</id><category>wall</category><bounds><corner1>-2.07946758, -1.23151836, -1.50786207</corner1><corner2>2.07946758, 1.23151836, 1.50786207</corner2></bounds><pose><translation>-4.30736412, -0.18900524, -0.0217565 </translation><rotation><c1>1., 0., 0.</c1><c2>0., 1., 0.</c2><c3>0., 0., 1.</c3></rotation></pose><symmetry><x>none</x><y>twoFold</y><z>none</z></symmetry><detectionScore>0.83564615</detectionScore></element><element><id>5</id><category>wall</category><bounds><corner1>-2.63508778, -0.78276059, -1.1652195 </corner1><corner2>2.63508778, 0.78276059, 1.1652195 </corner2></bounds><pose><translation>0.97401626, 0.01221001, 0.00670614</translation><rotation><c1>1., 0., 0.</c1><c2>0., 1., 0.</c2><c3>0., 0., 1.</c3></rotation></pose><symmetry><x>none</x><y>twoFold</y><z>none</z></symmetry><detectionScore>0.57841104</detectionScore></element><element><id>3</id><category>wall</category><bounds><corner1>-1.36059574, -1.127522  , -1.97836689</corner1><corner2>1.36059574, 1.127522  , 1.97836689</corner2></bounds><pose><translation>-3.2062461 , -0.04623487,  6.97955426</translation><rotation><c1>1., 0., 0.</c1><c2>0., 1., 0.</c2><c3>0., 0., 1.</c3></rotation></pose><symmetry><x>none</x><y>twoFold</y><z>none</z></symmetry><detectionScore>0.66847575</detectionScore></element><element><id>2</id><category>armchair</category><bounds><corner1>-0.06298649, -0.14965008, -0.31432901</corner1><corner2>0.06298649, 0.14965008, 0.31432901</corner2></bounds><pose><translation>-0.9150058 , -0.62707066, -0.44556641</translation><rotation><c1>1., 0., 0.</c1><c2>0., 1., 0.</c2><c3>0., 0., 1.</c3></rotation></pose><symmetry><x>none</x><y>none</y><z>none</z></symmetry><detectionScore>0.5170373</detectionScore></element><element><id>7</id><category>sink</category><bounds><corner1>-1.68074006, -0.37797591, -0.50880117</corner1><corner2>1.68074006, 0.37797591, 0.50880117</corner2></bounds><pose><translation> 1.39704253, -0.53105083,  0.73880301</translation><rotation><c1>1., 0., 0.</c1><c2>0., 1., 0.</c2><c3>0., 0., 1.</c3></rotation></pose><symmetry><x>none</x><y>none</y><z>none</z></symmetry><detectionScore>0.7481509</detectionScore></element><element><id>9</id><category>door</category><bounds><corner1>-0.05687539, -1.33464314, -2.4368385 </corner1><corner2>0.05687539, 1.33464314, 2.4368385 </corner2></bounds><pose><translation> 0.5751527 , -0.19832447,  1.97504075</translation><rotation><c1>1., 0., 0.</c1><c2>0., 1., 0.</c2><c3>0., 0., 1.</c3></rotation></pose><symmetry><x>twoFold</x><y>twoFold</y><z>twoFold</z></symmetry><detectionScore>0.58405834</detectionScore></element><element><id>8</id><category>wall</category><bounds><corner1>-0.98858778, -1.18621411, -7.86595746</corner1><corner2>0.98858778, 1.18621411, 7.86595746</corner2></bounds><pose><translation>-4.29439783e-01, -6.23759625e-03,  6.35174320e+00</translation><rotation><c1>1., 0., 0.</c1><c2>0., 1., 0.</c2><c3>0., 0., 1.</c3></rotation></pose><symmetry><x>none</x><y>twoFold</y><z>none</z></symmetry><detectionScore>0.9163411</detectionScore></element><element><id>6</id><category>armchair</category><bounds><corner1>-0.06396934, -0.16739357, -1.41920346</corner1><corner2>0.06396934, 0.16739357, 1.41920346</corner2></bounds><pose><translation>-0.90598836, -0.64498054,  0.33849332</translation><rotation><c1>1., 0., 0.</c1><c2>0., 1., 0.</c2><c3>0., 0., 1.</c3></rotation></pose><symmetry><x>none</x><y>none</y><z>none</z></symmetry><detectionScore>0.7524311</detectionScore></element></elements></scene>