<?xml version='1.0' encoding='utf-8'?>
<scene xmlns:sumo="https://www.sumochallenge.org"><version>2.0</version><categories><id>fb_categories_v1_0</id><url>https://sumochallenge.org/en/categories-1_0.json</url></categories><project_type>bounding_box</project_type><elements><element><id>0</id><category>picture_frame</category><bounds><corner1>-0.047174547129482214, -2.447959409776362, -0.8386356982051324</corner1><corner2>0.047174547129482214, 2.447959409776362, 0.8386356982051324</corner2></bounds><pose><translation>-0.8212002194397552, 2.7064220330498765, 0.14195388703743322</translation><rotation><c1>0, 0, 0</c1><c2>0, 0, 0</c2><c3>0, 0, 0</c3></rotation></pose><symmetry><x>twoFold</x><y>cylindrical</y><z>twoFold</z></symmetry><detectionScore>-1.0</detectionScore></element><element><id>1</id><category>wall</category><bounds><corner1>-0.42920366825558354, -2.907361095600904, -1.3128088100060067</corner1><corner2>0.42920366825558354, 2.907361095600904, 1.3128088100060067</corner2></bounds><pose><translation>3.708136445687141, -7.572413946565168, -0.22705534984367504</translation><rotation><c1>0, 0, 0</c1><c2>0, 0, 0</c2><c3>0, 0, 0</c3></rotation></pose><symmetry><x>twoFold</x><y>cylindrical</y><z>twoFold</z></symmetry><detectionScore>-1.0</detectionScore></element><element><id>2</id><category>wall</category><bounds><corner1>-0.4139094174317092, -1.475834833063229, -1.344383632044505</corner1><corner2>0.4139094174317092, 1.475834833063229, 1.344383632044505</corner2></bounds><pose><translation>-0.784888120977224, -4.319829694196998, -0.07643921454706118</translation><rotation><c1>0, 0, 0</c1><c2>0, 0, 0</c2><c3>0, 0, 0</c3></rotation></pose><symmetry><x>twoFold</x><y>cylindrical</y><z>twoFold</z></symmetry><detectionScore>-1.0</detectionScore></element><element><id>3</id><category>chair</category><bounds><corner1>-0.3720450564698039, -0.8491955561503934, -0.45940876971143074</corner1><corner2>0.3720450564698039, 0.8491955561503934, 0.45940876971143074</corner2></bounds><pose><translation>3.4414424867388456, 1.3523988141139063, -0.99576107648011</translation><rotation><c1>0, 0, 0</c1><c2>0, 0, 0</c2><c3>0, 0, 0</c3></rotation></pose><symmetry><x>twoFold</x><y>cylindrical</y><z>twoFold</z></symmetry><detectionScore>-1.0</detectionScore></element><element><id>4</id><category>trash_can</category><bounds><corner1>-0.08158762667800534, -0.6014632396565001, -0.5312223007207045</corner1><corner2>0.08158762667800534, 0.6014632396565001, 0.5312223007207045</corner2></bounds><pose><translation>-4.388947160255553, -0.2964649179214844, -1.0176607538644475</translation><rotation><c1>0, 0, 0</c1><c2>0, 0, 0</c2><c3>0, 0, 0</c3></rotation></pose><symmetry><x>twoFold</x><y>cylindrical</y><z>twoFold</z></symmetry><detectionScore>-1.0</detectionScore></element><element><id>5</id><category>kitchen_cabinet</category><bounds><corner1>-2.2399080642755664, -1.7295753076863454, -0.15945089970192716</corner1><corner2>2.2399080642755664, 1.7295753076863454, 0.15945089970192716</corner2></bounds><pose><translation>-4.25738207170361, 2.7882851598503757, -0.4864587742495824</translation><rotation><c1>0, 0, 0</c1><c2>0, 0, 0</c2><c3>0, 0, 0</c3></rotation></pose><symmetry><x>twoFold</x><y>cylindrical</y><z>twoFold</z></symmetry><detectionScore>-1.0</detectionScore></element><element><id>6</id><category>ceiling</category><bounds><corner1>-0.4011602017615856, -0.8813395840174794, -0.24677164997263357</corner1><corner2>0.4011602017615856, 0.8813395840174794, 0.24677164997263357</corner2></bounds><pose><translation>3.5580657150747887, -7.583636966327017, 1.0409720439433545</translation><rotation><c1>0, 0, 0</c1><c2>0, 0, 0</c2><c3>0, 0, 0</c3></rotation></pose><symmetry><x>twoFold</x><y>cylindrical</y><z>twoFold</z></symmetry><detectionScore>-1.0</detectionScore></element><element><id>7</id><category>wall</category><bounds><corner1>-0.06401030111208772, -2.6515439079069467, -1.1324138807458664</corner1><corner2>0.06401030111208772, 2.6515439079069467, 1.1324138807458664</corner2></bounds><pose><translation>-0.8387016189480667, 2.517827448689919, -0.12328102795007821</translation><rotation><c1>0, 0, 0</c1><c2>0, 0, 0</c2><c3>0, 0, 0</c3></rotation></pose><symmetry><x>twoFold</x><y>cylindrical</y><z>twoFold</z></symmetry><detectionScore>-1.0</detectionScore></element><element><id>8</id><category>door</category><bounds><corner1>-0.11298141777312054, -0.8225860559556812, -1.1892227531167316</corner1><corner2>0.11298141777312054, 0.8225860559556812, 1.1892227531167316</corner2></bounds><pose><translation>5.697894134895544, -3.5633710290794545, -0.38231009169440183</translation><rotation><c1>0, 0, 0</c1><c2>0, 0, 0</c2><c3>0, 0, 0</c3></rotation></pose><symmetry><x>twoFold</x><y>cylindrical</y><z>twoFold</z></symmetry><detectionScore>-1.0</detectionScore></element><element><id>9</id><category>window</category><bounds><corner1>-0.22330223947699057, -2.0001521450438506, -0.6658034966278116</corner1><corner2>0.22330223947699057, 2.0001521450438506, 0.6658034966278116</corner2></bounds><pose><translation>-5.048056630442877, 2.019285968490948, 0.24039327607255703</translation><rotation><c1>0, 0, 0</c1><c2>0, 0, 0</c2><c3>0, 0, 0</c3></rotation></pose><symmetry><x>twoFold</x><y>cylindrical</y><z>twoFold</z></symmetry><detectionScore>-1.0</detectionScore></element><element><id>10</id><category>door</category><bounds><corner1>-0.8325052209267179, -0.12291309602322098, -1.3167705473236828</corner1><corner2>0.8325052209267179, 0.12291309602322098, 1.3167705473236828</corner2></bounds><pose><translation>0.17094911416275216, 5.963108123292005, -0.3577009869387499</translation><rotation><c1>0, 0, 0</c1><c2>0, 0, 0</c2><c3>0, 0, 0</c3></rotation></pose><symmetry><x>twoFold</x><y>cylindrical</y><z>twoFold</z></symmetry><detectionScore>-1.0</detectionScore></element><element><id>11</id><category>kitchen_cabinet</category><bounds><corner1>-0.08484598569991775, -0.5894508089373127, -0.6042772004190181</corner1><corner2>0.08484598569991775, 0.5894508089373127, 0.6042772004190181</corner2></bounds><pose><translation>-4.392356687396553, -0.31768737863457674, -0.9960916861307684</translation><rotation><c1>0, 0, 0</c1><c2>0, 0, 0</c2><c3>0, 0, 0</c3></rotation></pose><symmetry><x>twoFold</x><y>cylindrical</y><z>twoFold</z></symmetry><detectionScore>-1.0</detectionScore></element><element><id>12</id><category>chair</category><bounds><corner1>-2.5722445916501213, -1.946254584463074, -0.8024432386938873</corner1><corner2>2.5722445916501213, 1.946254584463074, 0.8024432386938873</corner2></bounds><pose><translation>2.6312480198669075, -4.6330500883993135, -1.5592017297277387</translation><rotation><c1>0, 0, 0</c1><c2>0, 0, 0</c2><c3>0, 0, 0</c3></rotation></pose><symmetry><x>twoFold</x><y>cylindrical</y><z>twoFold</z></symmetry><detectionScore>-1.0</detectionScore></element><element><id>13</id><category>wall</category><bounds><corner1>-0.09516190657349088, -3.232864353373766, -1.2140801126899663</corner1><corner2>0.09516190657349088, 3.232864353373766, 1.2140801126899663</corner2></bounds><pose><translation>-0.9481401769541543, 1.8214507821320989, -0.05791788061439464</translation><rotation><c1>0, 0, 0</c1><c2>0, 0, 0</c2><c3>0, 0, 0</c3></rotation></pose><symmetry><x>twoFold</x><y>cylindrical</y><z>twoFold</z></symmetry><detectionScore>-1.0</detectionScore></element><element><id>14</id><category>chair</category><bounds><corner1>-1.8723684820557371, -0.5426704570843768, -0.8156125100681136</corner1><corner2>1.8723684820557371, 0.5426704570843768, 0.8156125100681136</corner2></bounds><pose><translation>0.6950914217521904, -2.797131746232707, -1.6262404836309605</translation><rotation><c1>0, 0, 0</c1><c2>0, 0, 0</c2><c3>0, 0, 0</c3></rotation></pose><symmetry><x>twoFold</x><y>cylindrical</y><z>twoFold</z></symmetry><detectionScore>-1.0</detectionScore></element><element><id>15</id><category>floor_lamp</category><bounds><corner1>-0.48720565421583295, -2.4495799103347506, -0.7673086846907413</corner1><corner2>0.48720565421583295, 2.4495799103347506, 0.7673086846907413</corner2></bounds><pose><translation>5.230578079340268, -4.755930959346077, -0.7727620417626149</translation><rotation><c1>0, 0, 0</c1><c2>0, 0, 0</c2><c3>0, 0, 0</c3></rotation></pose><symmetry><x>twoFold</x><y>cylindrical</y><z>twoFold</z></symmetry><detectionScore>-1.0</detectionScore></element><element><id>16</id><category>wall</category><bounds><corner1>-0.5012650095925844, -0.6518192937262595, -1.6429516226456393</corner1><corner2>0.5012650095925844, 0.6518192937262595, 1.6429516226456393</corner2></bounds><pose><translation>-0.8200528490396969, -2.541928062839718, -0.16203856964192925</translation><rotation><c1>0, 0, 0</c1><c2>0, 0, 0</c2><c3>0, 0, 0</c3></rotation></pose><symmetry><x>twoFold</x><y>cylindrical</y><z>twoFold</z></symmetry><detectionScore>-1.0</detectionScore></element><element><id>17</id><category>desk</category><bounds><corner1>-0.13716034197050786, -3.3503972688574377, -0.4520551829475561</corner1><corner2>0.13716034197050786, 3.3503972688574377, 0.4520551829475561</corner2></bounds><pose><translation>-1.0344311436936948, 1.6409644992872119, -0.6008552362337789</translation><rotation><c1>0, 0, 0</c1><c2>0, 0, 0</c2><c3>0, 0, 0</c3></rotation></pose><symmetry><x>twoFold</x><y>cylindrical</y><z>twoFold</z></symmetry><detectionScore>-1.0</detectionScore></element><element><id>18</id><category>wall</category><bounds><corner1>-2.151272591120371, -0.13903820784928556, -1.382886814386773</corner1><corner2>2.151272591120371, 0.13903820784928556, 1.382886814386773</corner2></bounds><pose><translation>1.1413196894394197, 5.9309667784119515, -0.09922917810423022</translation><rotation><c1>0, 0, 0</c1><c2>0, 0, 0</c2><c3>0, 0, 0</c3></rotation></pose><symmetry><x>twoFold</x><y>cylindrical</y><z>twoFold</z></symmetry><detectionScore>-1.0</detectionScore></element><element><id>19</id><category>armchair</category><bounds><corner1>-2.201189108353822, -0.6353905416416796, -0.8039926808412622</corner1><corner2>2.201189108353822, 0.6353905416416796, 0.8039926808412622</corner2></bounds><pose><translation>0.7179670848611999, -2.8632877273617483, -1.6164364970363516</translation><rotation><c1>0, 0, 0</c1><c2>0, 0, 0</c2><c3>0, 0, 0</c3></rotation></pose><symmetry><x>twoFold</x><y>cylindrical</y><z>twoFold</z></symmetry><detectionScore>-1.0</detectionScore></element><element><id>20</id><category>armchair</category><bounds><corner1>-0.3050471132673036, -0.9779157318793923, -0.43564889252097394</corner1><corner2>0.3050471132673036, 0.9779157318793923, 0.43564889252097394</corner2></bounds><pose><translation>3.518705018712022, 1.3554408968622982, -0.9863100988798816</translation><rotation><c1>0, 0, 0</c1><c2>0, 0, 0</c2><c3>0, 0, 0</c3></rotation></pose><symmetry><x>twoFold</x><y>cylindrical</y><z>twoFold</z></symmetry><detectionScore>-1.0</detectionScore></element><element><id>21</id><category>wall</category><bounds><corner1>-2.994113987293027, -2.9747887373310453, -1.4562495631564647</corner1><corner2>2.994113987293027, 2.9747887373310453, 1.4562495631564647</corner2></bounds><pose><translation>-4.979106664424403, 1.403259688815001, -0.1423028068187122</translation><rotation><c1>0, 0, 0</c1><c2>0, 0, 0</c2><c3>0, 0, 0</c3></rotation></pose><symmetry><x>twoFold</x><y>cylindrical</y><z>twoFold</z></symmetry><detectionScore>-1.0</detectionScore></element><element><id>22</id><category>person</category><bounds><corner1>-1.3122796638205454, -5.1124748890928435, -1.027927543245023</corner1><corner2>1.3122796638205454, 5.1124748890928435, 1.027927543245023</corner2></bounds><pose><translation>2.2162213080303284, -7.739222732151295, -1.1203316331489805</translation><rotation><c1>0, 0, 0</c1><c2>0, 0, 0</c2><c3>0, 0, 0</c3></rotation></pose><symmetry><x>twoFold</x><y>cylindrical</y><z>twoFold</z></symmetry><detectionScore>-1.0</detectionScore></element><element><id>23</id><category>armchair</category><bounds><corner1>-0.10983444975933898, -1.3407991061763398, -0.42206466070938087</corner1><corner2>0.10983444975933898, 1.3407991061763398, 0.42206466070938087</corner2></bounds><pose><translation>-1.0001824277594793, 1.542002304136532, -0.8959505553900119</translation><rotation><c1>0, 0, 0</c1><c2>0, 0, 0</c2><c3>0, 0, 0</c3></rotation></pose><symmetry><x>twoFold</x><y>cylindrical</y><z>twoFold</z></symmetry><detectionScore>-1.0</detectionScore></element><element><id>24</id><category>door</category><bounds><corner1>-1.684034275899279, -0.4310313379584214, -1.2838548000531849</corner1><corner2>1.684034275899279, 0.4310313379584214, 1.2838548000531849</corner2></bounds><pose><translation>3.79945867752523, 1.1087856506192506, -0.3589793530761787</translation><rotation><c1>0, 0, 0</c1><c2>0, 0, 0</c2><c3>0, 0, 0</c3></rotation></pose><symmetry><x>twoFold</x><y>cylindrical</y><z>twoFold</z></symmetry><detectionScore>-1.0</detectionScore></element><element><id>25</id><category>armchair</category><bounds><corner1>-2.02239339531658, -3.581567284916325, -0.2854459362258822</corner1><corner2>2.02239339531658, 3.581567284916325, 0.2854459362258822</corner2></bounds><pose><translation>1.490144038485985, 2.3445101660017764, -0.8622416853877267</translation><rotation><c1>0, 0, 0</c1><c2>0, 0, 0</c2><c3>0, 0, 0</c3></rotation></pose><symmetry><x>twoFold</x><y>cylindrical</y><z>twoFold</z></symmetry><detectionScore>-1.0</detectionScore></element><element><id>26</id><category>door</category><bounds><corner1>-0.20200661762106953, -0.8333643516074556, -1.2914254714231967</corner1><corner2>0.20200661762106953, 0.8333643516074556, 1.2914254714231967</corner2></bounds><pose><translation>-0.8493985341875443, -2.874401584480874, -0.3422778572213968</translation><rotation><c1>0, 0, 0</c1><c2>0, 0, 0</c2><c3>0, 0, 0</c3></rotation></pose><symmetry><x>twoFold</x><y>cylindrical</y><z>twoFold</z></symmetry><detectionScore>-1.0</detectionScore></element><element><id>27</id><category>chair</category><bounds><corner1>-0.7746323664574039, -2.765875079314742, -0.5837638795092551</corner1><corner2>0.7746323664574039, 2.765875079314742, 0.5837638795092551</corner2></bounds><pose><translation>0.2773534585852543, 3.275388654839612, -1.1650329228727279</translation><rotation><c1>0, 0, 0</c1><c2>0, 0, 0</c2><c3>0, 0, 0</c3></rotation></pose><symmetry><x>twoFold</x><y>cylindrical</y><z>twoFold</z></symmetry><detectionScore>-1.0</detectionScore></element><element><id>28</id><category>sofa</category><bounds><corner1>-1.596527092899437, -4.029517085992618, -0.5206812800795272</corner1><corner2>1.596527092899437, 4.029517085992618, 0.5206812800795272</corner2></bounds><pose><translation>1.9581088582609394, -6.724629758699143, -1.1576462248588064</translation><rotation><c1>0, 0, 0</c1><c2>0, 0, 0</c2><c3>0, 0, 0</c3></rotation></pose><symmetry><x>twoFold</x><y>cylindrical</y><z>twoFold</z></symmetry><detectionScore>-1.0</detectionScore></element><element><id>29</id><category>chair</category><bounds><corner1>-0.09504362370870434, -1.225679010483673, -0.4512277889937054</corner1><corner2>0.09504362370870434, 1.225679010483673, 0.4512277889937054</corner2></bounds><pose><translation>-0.9673584632627528, 1.5838031336204175, -0.9742831780088177</translation><rotation><c1>0, 0, 0</c1><c2>0, 0, 0</c2><c3>0, 0, 0</c3></rotation></pose><symmetry><x>twoFold</x><y>cylindrical</y><z>twoFold</z></symmetry><detectionScore>-1.0</detectionScore></element><element><id>30</id><category>door</category><bounds><corner1>-0.5854031403068811, -3.09005472166632, -1.2232909724801235</corner1><corner2>0.5854031403068811, 3.09005472166632, 1.2232909724801235</corner2></bounds><pose><translation>4.814923380990669, -7.554807023976914, -0.4070177830824657</translation><rotation><c1>0, 0, 0</c1><c2>0, 0, 0</c2><c3>0, 0, 0</c3></rotation></pose><symmetry><x>twoFold</x><y>cylindrical</y><z>twoFold</z></symmetry><detectionScore>-1.0</detectionScore></element><element><id>31</id><category>chair</category><bounds><corner1>-0.8861446389776602, -3.331033992015699, -0.4605081605899135</corner1><corner2>0.8861446389776602, 3.331033992015699, 0.4605081605899135</corner2></bounds><pose><translation>0.656471944261767, 2.0209098837496327, -1.091013263087671</translation><rotation><c1>0, 0, 0</c1><c2>0, 0, 0</c2><c3>0, 0, 0</c3></rotation></pose><symmetry><x>twoFold</x><y>cylindrical</y><z>twoFold</z></symmetry><detectionScore>-1.0</detectionScore></element><element><id>32</id><category>chair</category><bounds><corner1>-2.110119618639831, -3.6395421526242338, -0.2843963536044435</corner1><corner2>2.110119618639831, 3.6395421526242338, 0.2843963536044435</corner2></bounds><pose><translation>1.4535002940413049, 2.2818429295350118, -0.866608766417712</translation><rotation><c1>0, 0, 0</c1><c2>0, 0, 0</c2><c3>0, 0, 0</c3></rotation></pose><symmetry><x>twoFold</x><y>cylindrical</y><z>twoFold</z></symmetry><detectionScore>-1.0</detectionScore></element><element><id>33</id><category>wall</category><bounds><corner1>-0.10302987240905637, -0.9864809691530187, -1.4416451265504553</corner1><corner2>0.10302987240905637, 0.9864809691530187, 1.4416451265504553</corner2></bounds><pose><translation>3.7342790064817892, 1.8845169812916545, -0.09874157894887745</translation><rotation><c1>0, 0, 0</c1><c2>0, 0, 0</c2><c3>0, 0, 0</c3></rotation></pose><symmetry><x>twoFold</x><y>cylindrical</y><z>twoFold</z></symmetry><detectionScore>-1.0</detectionScore></element><element><id>34</id><category>wall</category><bounds><corner1>-0.12455739710155367, -1.8048597172690117, -1.5395863833000425</corner1><corner2>0.12455739710155367, 1.8048597172690117, 1.5395863833000425</corner2></bounds><pose><translation>3.465269474191174, -8.340686005280503, -0.27033274152917874</translation><rotation><c1>0, 0, 0</c1><c2>0, 0, 0</c2><c3>0, 0, 0</c3></rotation></pose><symmetry><x>twoFold</x><y>cylindrical</y><z>twoFold</z></symmetry><detectionScore>-1.0</detectionScore></element><element><id>35</id><category>floor_lamp</category><bounds><corner1>-0.46724593785109025, -0.6606742319056575, -0.6660130545417949</corner1><corner2>0.46724593785109025, 0.6606742319056575, 0.6660130545417949</corner2></bounds><pose><translation>3.3191580579318964, 2.248140150991646, -0.6757796313687956</translation><rotation><c1>0, 0, 0</c1><c2>0, 0, 0</c2><c3>0, 0, 0</c3></rotation></pose><symmetry><x>twoFold</x><y>cylindrical</y><z>twoFold</z></symmetry><detectionScore>-1.0</detectionScore></element><element><id>36</id><category>chair</category><bounds><corner1>-0.43914251188861697, -1.9187734815840738, -0.2389616645212863</corner1><corner2>0.43914251188861697, 1.9187734815840738, 0.2389616645212863</corner2></bounds><pose><translation>0.6554087599736449, 2.2193319344601683, -0.9099024665328367</translation><rotation><c1>0, 0, 0</c1><c2>0, 0, 0</c2><c3>0, 0, 0</c3></rotation></pose><symmetry><x>twoFold</x><y>cylindrical</y><z>twoFold</z></symmetry><detectionScore>-1.0</detectionScore></element><element><id>37</id><category>chandelier</category><bounds><corner1>-1.7090713349764954, -1.9471374719674586, -0.10404592365728993</corner1><corner2>1.7090713349764954, 1.9471374719674586, 0.10404592365728993</corner2></bounds><pose><translation>1.9286204853404925, 4.059730438548244, 1.3063975298918287</translation><rotation><c1>0, 0, 0</c1><c2>0, 0, 0</c2><c3>0, 0, 0</c3></rotation></pose><symmetry><x>twoFold</x><y>cylindrical</y><z>twoFold</z></symmetry><detectionScore>-1.0</detectionScore></element><element><id>38</id><category>floor_lamp</category><bounds><corner1>-0.6143559237627714, -1.8329938295978385, -0.7745349408241154</corner1><corner2>0.6143559237627714, 1.8329938295978385, 0.7745349408241154</corner2></bounds><pose><translation>3.0507613894690095, 3.9961949761385265, -0.7281926437568255</translation><rotation><c1>0, 0, 0</c1><c2>0, 0, 0</c2><c3>0, 0, 0</c3></rotation></pose><symmetry><x>twoFold</x><y>cylindrical</y><z>twoFold</z></symmetry><detectionScore>-1.0</detectionScore></element><element><id>39</id><category>window</category><bounds><corner1>-0.11098998415746042, -3.588185781721954, -0.5724998963282207</corner1><corner2>0.11098998415746042, 3.588185781721954, 0.5724998963282207</corner2></bounds><pose><translation>-1.048785058447253, 1.4697704366459334, 0.08739988572794959</translation><rotation><c1>0, 0, 0</c1><c2>0, 0, 0</c2><c3>0, 0, 0</c3></rotation></pose><symmetry><x>twoFold</x><y>cylindrical</y><z>twoFold</z></symmetry><detectionScore>-1.0</detectionScore></element><element><id>40</id><category>wall</category><bounds><corner1>-0.13218078890573093, -2.4430820618530245, -1.4121368072456133</corner1><corner2>0.13218078890573093, 2.4430820618530245, 1.4121368072456133</corner2></bounds><pose><translation>5.708245368326091, -1.5175792810653008, -0.12653439308574577</translation><rotation><c1>0, 0, 0</c1><c2>0, 0, 0</c2><c3>0, 0, 0</c3></rotation></pose><symmetry><x>twoFold</x><y>cylindrical</y><z>twoFold</z></symmetry><detectionScore>-1.0</detectionScore></element><element><id>41</id><category>dresser</category><bounds><corner1>-0.5077162405029245, -1.430725646686069, -0.4172134894771635</corner1><corner2>0.5077162405029245, 1.430725646686069, 0.4172134894771635</corner2></bounds><pose><translation>5.262974657480912, -0.9202774360046655, -1.1194349216001163</translation><rotation><c1>0, 0, 0</c1><c2>0, 0, 0</c2><c3>0, 0, 0</c3></rotation></pose><symmetry><x>twoFold</x><y>cylindrical</y><z>twoFold</z></symmetry><detectionScore>-1.0</detectionScore></element><element><id>42</id><category>table_lamp</category><bounds><corner1>-0.1192937717951299, -0.5311319352646939, -0.5051586472976031</corner1><corner2>0.1192937717951299, 0.5311319352646939, 0.5051586472976031</corner2></bounds><pose><translation>3.668682844783479, 2.4170707333271015, -0.49427933627162624</translation><rotation><c1>0, 0, 0</c1><c2>0, 0, 0</c2><c3>0, 0, 0</c3></rotation></pose><symmetry><x>twoFold</x><y>cylindrical</y><z>twoFold</z></symmetry><detectionScore>-1.0</detectionScore></element><element><id>43</id><category>wall</category><bounds><corner1>-0.9310514590257783, -3.0209788423717114, -1.344387792748626</corner1><corner2>0.9310514590257783, 3.0209788423717114, 1.344387792748626</corner2></bounds><pose><translation>4.672154031611131, -7.544364213948544, -0.18046452138996893</translation><rotation><c1>0, 0, 0</c1><c2>0, 0, 0</c2><c3>0, 0, 0</c3></rotation></pose><symmetry><x>twoFold</x><y>cylindrical</y><z>twoFold</z></symmetry><detectionScore>-1.0</detectionScore></element><element><id>44</id><category>door</category><bounds><corner1>-0.2858651648531727, -0.5409085945602075, -1.4578500735546815</corner1><corner2>0.2858651648531727, 0.5409085945602075, 1.4578500735546815</corner2></bounds><pose><translation>-0.9049107139960184, -1.7627649101453495, -0.2998118132303665</translation><rotation><c1>0, 0, 0</c1><c2>0, 0, 0</c2><c3>0, 0, 0</c3></rotation></pose><symmetry><x>twoFold</x><y>cylindrical</y><z>twoFold</z></symmetry><detectionScore>-1.0</detectionScore></element><element><id>45</id><category>rug</category><bounds><corner1>-2.9167195234849803, -0.6314541003085021, -0.7756006466988044</corner1><corner2>2.9167195234849803, 0.6314541003085021, 0.7756006466988044</corner2></bounds><pose><translation>1.4101571428988529, -2.7938484414595175, -1.6247162718217902</translation><rotation><c1>0, 0, 0</c1><c2>0, 0, 0</c2><c3>0, 0, 0</c3></rotation></pose><symmetry><x>twoFold</x><y>cylindrical</y><z>twoFold</z></symmetry><detectionScore>-1.0</detectionScore></element><element><id>46</id><category>kitchen_cabinet</category><bounds><corner1>-0.13374307322304646, -3.3860469999445924, -0.45273720508089343</corner1><corner2>0.13374307322304646, 3.3860469999445924, 0.45273720508089343</corner2></bounds><pose><translation>-1.0347402351864416, 1.6144082864805664, -0.5832807588819797</translation><rotation><c1>0, 0, 0</c1><c2>0, 0, 0</c2><c3>0, 0, 0</c3></rotation></pose><symmetry><x>twoFold</x><y>cylindrical</y><z>twoFold</z></symmetry><detectionScore>-1.0</detectionScore></element><element><id>47</id><category>armchair</category><bounds><corner1>-2.4849370059259352, -0.921565721246969, -0.8105135074502855</corner1><corner2>2.4849370059259352, 0.921565721246969, 0.8105135074502855</corner2></bounds><pose><translation>2.67288216337545, -4.790083994246354, -1.5476545355103013</translation><rotation><c1>0, 0, 0</c1><c2>0, 0, 0</c2><c3>0, 0, 0</c3></rotation></pose><symmetry><x>twoFold</x><y>cylindrical</y><z>twoFold</z></symmetry><detectionScore>-1.0</detectionScore></element><element><id>48</id><category>wall</category><bounds><corner1>-2.13344260183015, -5.381525639031181, -1.2192159162719245</corner1><corner2>2.13344260183015, 5.381525639031181, 1.2192159162719245</corner2></bounds><pose><translation>1.248445008620406, -12.066208427305602, 0.03526132429150075</translation><rotation><c1>0, 0, 0</c1><c2>0, 0, 0</c2><c3>0, 0, 0</c3></rotation></pose><symmetry><x>twoFold</x><y>cylindrical</y><z>twoFold</z></symmetry><detectionScore>-1.0</detectionScore></element><element><id>49</id><category>kitchen_cabinet</category><bounds><corner1>-1.5056523297431048, -1.0007682098193353, -0.5150606550264656</corner1><corner2>1.5056523297431048, 1.0007682098193353, 0.5150606550264656</corner2></bounds><pose><translation>-4.385326379474139, 1.0983102603392176, -0.994498998669314</translation><rotation><c1>0, 0, 0</c1><c2>0, 0, 0</c2><c3>0, 0, 0</c3></rotation></pose><symmetry><x>twoFold</x><y>cylindrical</y><z>twoFold</z></symmetry><detectionScore>-1.0</detectionScore></element><element><id>50</id><category>range_oven</category><bounds><corner1>-0.08153093510805753, -0.5842358207980113, -0.533892812785183</corner1><corner2>0.08153093510805753, 0.5842358207980113, 0.533892812785183</corner2></bounds><pose><translation>-4.388872470356646, -0.27923749906299566, -1.0415475956215192</translation><rotation><c1>0, 0, 0</c1><c2>0, 0, 0</c2><c3>0, 0, 0</c3></rotation></pose><symmetry><x>twoFold</x><y>cylindrical</y><z>twoFold</z></symmetry><detectionScore>-1.0</detectionScore></element></elements></scene>