<?xml version='1.0' encoding='utf-8'?>
<scene xmlns:sumo="https://www.sumochallenge.org"><version>2.0</version><categories><id>fb_categories_v1_0</id><url>https://sumochallenge.org/en/categories-1_0.json</url></categories><project_type>bounding_box</project_type><elements><element><id>0</id><category>stand</category><bounds><corner1>-0.33409979450067273, -0.19277782572052127, -0.509978268343644</corner1><corner2>0.33409979450067273, 0.19277782572052127, 0.509978268343644</corner2></bounds><pose><translation>1.0053539881639848, -3.2226636722173563, -1.2337560256350941</translation><rotation><c1>0, 0, 0</c1><c2>0, 0, 0</c2><c3>0, 0, 0</c3></rotation></pose><symmetry><x>twoFold</x><y>cylindrical</y><z>twoFold</z></symmetry><detectionScore>-1.0</detectionScore></element><element><id>1</id><category>single_bed</category><bounds><corner1>-1.1779171028472435, -1.5010634909511174, -0.3202265475174616</corner1><corner2>1.1779171028472435, 1.5010634909511174, 0.3202265475174616</corner2></bounds><pose><translation>-1.6208370603215458, -3.9570929301275055, -1.0674088652072662</translation><rotation><c1>0, 0, 0</c1><c2>0, 0, 0</c2><c3>0, 0, 0</c3></rotation></pose><symmetry><x>twoFold</x><y>cylindrical</y><z>twoFold</z></symmetry><detectionScore>-1.0</detectionScore></element><element><id>2</id><category>wall</category><bounds><corner1>-0.2597941052274071, -2.4506072327853765, -1.4134821113500076</corner1><corner2>0.2597941052274071, 2.4506072327853765, 1.4134821113500076</corner2></bounds><pose><translation>-3.3669219261373637, 0.3415273927323279, -0.14359162726141605</translation><rotation><c1>0, 0, 0</c1><c2>0, 0, 0</c2><c3>0, 0, 0</c3></rotation></pose><symmetry><x>twoFold</x><y>cylindrical</y><z>twoFold</z></symmetry><detectionScore>-1.0</detectionScore></element><element><id>3</id><category>dishwasher</category><bounds><corner1>-0.3465783659021049, -0.2831787066553173, -0.530581568264644</corner1><corner2>0.3465783659021049, 0.2831787066553173, 0.530581568264644</corner2></bounds><pose><translation>0.9947188616456555, -3.2234790304920833, -1.2407408140428153</translation><rotation><c1>0, 0, 0</c1><c2>0, 0, 0</c2><c3>0, 0, 0</c3></rotation></pose><symmetry><x>twoFold</x><y>cylindrical</y><z>twoFold</z></symmetry><detectionScore>-1.0</detectionScore></element><element><id>4</id><category>computer</category><bounds><corner1>-0.2964549147460127, -0.7952606218235991, -0.3463280440350354</corner1><corner2>0.2964549147460127, 0.7952606218235991, 0.3463280440350354</corner2></bounds><pose><translation>-1.0472335558858417, 2.442613344098905, -0.4398988596880551</translation><rotation><c1>0, 0, 0</c1><c2>0, 0, 0</c2><c3>0, 0, 0</c3></rotation></pose><symmetry><x>twoFold</x><y>cylindrical</y><z>twoFold</z></symmetry><detectionScore>-1.0</detectionScore></element><element><id>5</id><category>wall</category><bounds><corner1>-2.0889216694581374, -1.8850034814866432, -1.4187310975782141</corner1><corner2>2.0889216694581374, 1.8850034814866432, 1.4187310975782141</corner2></bounds><pose><translation>-0.7903456619660888, -5.500693051951625, -0.12175422445249841</translation><rotation><c1>0, 0, 0</c1><c2>0, 0, 0</c2><c3>0, 0, 0</c3></rotation></pose><symmetry><x>twoFold</x><y>cylindrical</y><z>twoFold</z></symmetry><detectionScore>-1.0</detectionScore></element><element><id>6</id><category>door</category><bounds><corner1>-0.34496742757380616, -0.4916675942672828, -1.8332693990146784</corner1><corner2>0.34496742757380616, 0.4916675942672828, 1.8332693990146784</corner2></bounds><pose><translation>-3.440862809637985, -0.3064348865179828, -0.5870005200839501</translation><rotation><c1>0, 0, 0</c1><c2>0, 0, 0</c2><c3>0, 0, 0</c3></rotation></pose><symmetry><x>twoFold</x><y>cylindrical</y><z>twoFold</z></symmetry><detectionScore>-1.0</detectionScore></element><element><id>7</id><category>loudspeaker</category><bounds><corner1>-0.22732483729762176, -0.444511474828412, -0.5944988518334566</corner1><corner2>0.22732483729762176, 0.444511474828412, 0.5944988518334566</corner2></bounds><pose><translation>-4.799063421295747, 2.4760876422450493, -1.0754606459496263</translation><rotation><c1>0, 0, 0</c1><c2>0, 0, 0</c2><c3>0, 0, 0</c3></rotation></pose><symmetry><x>twoFold</x><y>cylindrical</y><z>twoFold</z></symmetry><detectionScore>-1.0</detectionScore></element><element><id>8</id><category>window</category><bounds><corner1>-0.052290965404754974, -0.6095026680966829, -0.15434963901300847</corner1><corner2>0.052290965404754974, 0.6095026680966829, 0.15434963901300847</corner2></bounds><pose><translation>1.1463084555112084, 0.39367120165840985, 0.6760039903772139</translation><rotation><c1>0, 0, 0</c1><c2>0, 0, 0</c2><c3>0, 0, 0</c3></rotation></pose><symmetry><x>twoFold</x><y>cylindrical</y><z>twoFold</z></symmetry><detectionScore>-1.0</detectionScore></element><element><id>9</id><category>desk</category><bounds><corner1>-0.8174783530383821, -1.0424748346603163, -0.5556536066486613</corner1><corner2>0.8174783530383821, 1.0424748346603163, 0.5556536066486613</corner2></bounds><pose><translation>-0.8716463189133359, 2.180005113026147, -1.0122959254997748</translation><rotation><c1>0, 0, 0</c1><c2>0, 0, 0</c2><c3>0, 0, 0</c3></rotation></pose><symmetry><x>twoFold</x><y>cylindrical</y><z>twoFold</z></symmetry><detectionScore>-1.0</detectionScore></element><element><id>10</id><category>window</category><bounds><corner1>-0.3943977812032793, -0.6909180029281714, -0.35800808404119544</corner1><corner2>0.3943977812032793, 0.6909180029281714, 0.35800808404119544</corner2></bounds><pose><translation>1.1230191455562424, 0.39169049209997614, 0.8041024717910543</translation><rotation><c1>0, 0, 0</c1><c2>0, 0, 0</c2><c3>0, 0, 0</c3></rotation></pose><symmetry><x>twoFold</x><y>cylindrical</y><z>twoFold</z></symmetry><detectionScore>-1.0</detectionScore></element><element><id>11</id><category>person</category><bounds><corner1>-0.3549195157738324, -1.4601182348966852, -0.7890705512808385</corner1><corner2>0.3549195157738324, 1.4601182348966852, 0.7890705512808385</corner2></bounds><pose><translation>-1.100913896528251, 1.7581529646676706, -0.7071207246570246</translation><rotation><c1>0, 0, 0</c1><c2>0, 0, 0</c2><c3>0, 0, 0</c3></rotation></pose><symmetry><x>twoFold</x><y>cylindrical</y><z>twoFold</z></symmetry><detectionScore>-1.0</detectionScore></element><element><id>12</id><category>wall</category><bounds><corner1>-0.6225390833190323, -1.1224809009704797, -1.532446477984897</corner1><corner2>0.6225390833190323, 1.1224809009704797, 1.532446477984897</corner2></bounds><pose><translation>-3.149663399089743, -0.2087996140605902, -0.15678719872384445</translation><rotation><c1>0, 0, 0</c1><c2>0, 0, 0</c2><c3>0, 0, 0</c3></rotation></pose><symmetry><x>twoFold</x><y>cylindrical</y><z>twoFold</z></symmetry><detectionScore>-1.0</detectionScore></element><element><id>13</id><category>office_chair</category><bounds><corner1>-0.29103310278105066, -1.5404278781865646, -0.45208719770175615</corner1><corner2>0.29103310278105066, 1.5404278781865646, 0.45208719770175615</corner2></bounds><pose><translation>-1.0377575433764854, 1.6403684562015401, -0.8286382347453124</translation><rotation><c1>0, 0, 0</c1><c2>0, 0, 0</c2><c3>0, 0, 0</c3></rotation></pose><symmetry><x>twoFold</x><y>cylindrical</y><z>twoFold</z></symmetry><detectionScore>-1.0</detectionScore></element><element><id>14</id><category>armchair</category><bounds><corner1>-0.3068888049609223, -1.5423830205523057, -0.4698044737805535</corner1><corner2>0.3068888049609223, 1.5423830205523057, 0.4698044737805535</corner2></bounds><pose><translation>-1.0426724295708842, 1.6533194755497864, -0.8701882761478079</translation><rotation><c1>0, 0, 0</c1><c2>0, 0, 0</c2><c3>0, 0, 0</c3></rotation></pose><symmetry><x>twoFold</x><y>cylindrical</y><z>twoFold</z></symmetry><detectionScore>-1.0</detectionScore></element><element><id>15</id><category>double_bed</category><bounds><corner1>-1.0844202292767386, -1.5846137403766507, -0.3008868441221981</corner1><corner2>1.0844202292767386, 1.5846137403766507, 0.3008868441221981</corner2></bounds><pose><translation>-1.499543569044166, -3.9288699702388437, -1.054094545640866</translation><rotation><c1>0, 0, 0</c1><c2>0, 0, 0</c2><c3>0, 0, 0</c3></rotation></pose><symmetry><x>twoFold</x><y>cylindrical</y><z>twoFold</z></symmetry><detectionScore>-1.0</detectionScore></element></elements></scene>