<?xml version='1.0' encoding='utf-8'?>
<scene xmlns:sumo="https://www.sumochallenge.org"><version>2.0</version><categories><id>fb_categories_v1.0</id><url>https://sumochallenge.org/en/categories-1_0.json</url></categories><project_type>bounding_box</project_type><elements><element><id>4</id><category>shelving</category><bounds><corner1>-0.33338322, -0.69961238, -0.30703375</corner1><corner2>0.33338322, 0.69961238, 0.30703375</corner2></bounds><pose><translation>-0.96864131, -0.47700499, -1.45299913</translation><rotation><c1>1., 0., 0.</c1><c2>0., 1., 0.</c2><c3>0., 0., 1.</c3></rotation></pose><symmetry><x>twoFold</x><y>twoFold</y><z>twoFold</z></symmetry><detectionScore>0.9598034</detectionScore></element><element><id>1</id><category>mirror</category><bounds><corner1>-0.5409589 , -0.35477185, -0.02598416</corner1><corner2>0.5409589 , 0.35477185, 0.02598416</corner2></bounds><pose><translation> 0.38080525,  0.1828585 , -1.49697405</translation><rotation><c1>1., 0., 0.</c1><c2>0., 1., 0.</c2><c3>0., 0., 1.</c3></rotation></pose><symmetry><x>none</x><y>none</y><z>twoFold</z></symmetry><detectionScore>0.90613157</detectionScore></element><element><id>5</id><category>wall</category><bounds><corner1>-0.06217721, -1.25321651, -1.11321632</corner1><corner2>0.06217721, 1.25321651, 1.11321632</corner2></bounds><pose><translation> 3.69810525, -0.08393029, -0.34352236</translation><rotation><c1>1., 0., 0.</c1><c2>0., 1., 0.</c2><c3>0., 0., 1.</c3></rotation></pose><symmetry><x>none</x><y>twoFold</y><z>none</z></symmetry><detectionScore>0.8016368</detectionScore></element><element><id>3</id><category>shelving</category><bounds><corner1>-0.74084788, -0.7237821 , -0.41789955</corner1><corner2>0.74084788, 0.7237821 , 0.41789955</corner2></bounds><pose><translation> 2.96713926, -0.52339864, -1.48752638</translation><rotation><c1>1., 0., 0.</c1><c2>0., 1., 0.</c2><c3>0., 0., 1.</c3></rotation></pose><symmetry><x>twoFold</x><y>twoFold</y><z>twoFold</z></symmetry><detectionScore>0.8880167</detectionScore></element><element><id>2</id><category>toilet</category><bounds><corner1>-0.26953637, -0.16638582, -0.445017  </corner1><corner2>0.26953637, 0.16638582, 0.445017  </corner2></bounds><pose><translation>-0.92326778, -0.87588375,  1.39006188</translation><rotation><c1>1., 0., 0.</c1><c2>0., 1., 0.</c2><c3>0., 0., 1.</c3></rotation></pose><symmetry><x>none</x><y>none</y><z>none</z></symmetry><detectionScore>0.88160115</detectionScore></element><element><id>6</id><category>door</category><bounds><corner1>-0.55731466, -1.05506071, -0.0368958 </corner1><corner2>0.55731466, 1.05506071, 0.0368958 </corner2></bounds><pose><translation> 1.01504902, -0.36813234,  1.85401057</translation><rotation><c1>1., 0., 0.</c1><c2>0., 1., 0.</c2><c3>0., 0., 1.</c3></rotation></pose><symmetry><x>twoFold</x><y>twoFold</y><z>twoFold</z></symmetry><detectionScore>0.7174689</detectionScore></element></elements></scene>