<?xml version='1.0' encoding='utf-8'?>
<scene xmlns:sumo="https://www.sumochallenge.org"><version>2.0</version><categories><id>fb_categories_v1.0</id><url>https://sumochallenge.org/en/categories-1_0.json</url></categories><project_type>bounding_box</project_type><elements><element><id>3</id><category>fish_tank</category><bounds><corner1>-0.32646487, -0.72617845, -0.2716839 </corner1><corner2>0.32646487, 0.72617845, 0.2716839 </corner2></bounds><pose><translation>-3.95622657, -0.74437128, -0.76735881</translation><rotation><c1>1., 0., 0.</c1><c2>0., 1., 0.</c2><c3>0., 0., 1.</c3></rotation></pose><symmetry><x>none</x><y>none</y><z>none</z></symmetry><detectionScore>-1</detectionScore></element><element><id>2</id><category>trash_can</category><bounds><corner1>-1.51087805, -0.44196606, -0.41855865</corner1><corner2>1.51087805, 0.44196606, 0.41855865</corner2></bounds><pose><translation> 2.01993964, -0.89235296, -0.57426074</translation><rotation><c1>1., 0., 0.</c1><c2>0., 1., 0.</c2><c3>0., 0., 1.</c3></rotation></pose><symmetry><x>none</x><y>none</y><z>none</z></symmetry><detectionScore>-1</detectionScore></element><element><id>1</id><category>wall</category><bounds><corner1>-5.01772409, -1.17354165, -0.12511738</corner1><corner2>5.01772409, 1.17354165, 0.12511738</corner2></bounds><pose><translation> 0.64431287, -0.12459892,  7.56953254</translation><rotation><c1>1., 0., 0.</c1><c2>0., 1., 0.</c2><c3>0., 0., 1.</c3></rotation></pose><symmetry><x>none</x><y>none</y><z>none</z></symmetry><detectionScore>-1</detectionScore></element></elements></scene>