<?xml version='1.0' encoding='utf-8'?>
<scene xmlns:sumo="https://www.sumochallenge.org"><version>2.0</version><categories><id>fb_categories_v1.0</id><url>https://sumochallenge.org/en/categories-1_0.json</url></categories><project_type>bounding_box</project_type><elements><element><id>10</id><category>chandelier</category><bounds><corner1>-1.51578606, -0.08141944, -0.59972051</corner1><corner2>1.51578606, 0.08141944, 0.59972051</corner2></bounds><pose><translation> 6.3001931 ,  4.17720205, -1.38381875</translation><rotation><c1>1., 0., 0.</c1><c2>0., 1., 0.</c2><c3>0., 0., 1.</c3></rotation></pose><symmetry><x>none</x><y>cylindrical</y><z>none</z></symmetry><detectionScore>0.56988436</detectionScore></element><element><id>11</id><category>picture_frame</category><bounds><corner1>-0.07085444, -0.55093099, -0.4660193 </corner1><corner2>0.07085444, 0.55093099, 0.4660193 </corner2></bounds><pose><translation>-3.51680605,  0.459682  , -1.28948875</translation><rotation><c1>1., 0., 0.</c1><c2>0., 1., 0.</c2><c3>0., 0., 1.</c3></rotation></pose><symmetry><x>none</x><y>fourFold</y><z>none</z></symmetry><detectionScore>0.9960748</detectionScore></element><element><id>4</id><category>wall</category><bounds><corner1>-1.35196512, -1.20455721, -4.76316208</corner1><corner2>1.35196512, 1.20455721, 4.76316208</corner2></bounds><pose><translation>-1.02546185,  0.1215318 , -7.29324186</translation><rotation><c1>1., 0., 0.</c1><c2>0., 1., 0.</c2><c3>0., 0., 1.</c3></rotation></pose><symmetry><x>none</x><y>twoFold</y><z>none</z></symmetry><detectionScore>0.5049967</detectionScore></element><element><id>6</id><category>sofa</category><bounds><corner1>-0.82890173, -0.41717722, -0.89909807</corner1><corner2>0.82890173, 0.41717722, 0.89909807</corner2></bounds><pose><translation>-2.8039255 , -1.06098556, -1.29983801</translation><rotation><c1>1., 0., 0.</c1><c2>0., 1., 0.</c2><c3>0., 0., 1.</c3></rotation></pose><symmetry><x>none</x><y>none</y><z>none</z></symmetry><detectionScore>0.91506207</detectionScore></element><element><id>3</id><category>picture_frame</category><bounds><corner1>-0.0671553 , -0.54392387, -0.44251131</corner1><corner2>0.0671553 , 0.54392387, 0.44251131</corner2></bounds><pose><translation>-3.49785517,  0.48728114, -0.17953557</translation><rotation><c1>1., 0., 0.</c1><c2>0., 1., 0.</c2><c3>0., 0., 1.</c3></rotation></pose><symmetry><x>none</x><y>fourFold</y><z>none</z></symmetry><detectionScore>0.88856864</detectionScore></element><element><id>12</id><category>chandelier</category><bounds><corner1>-0.91055056, -0.11866277, -2.43070626</corner1><corner2>0.91055056, 0.11866277, 2.43070626</corner2></bounds><pose><translation> 5.71410252,  4.13375975, -7.23626377</translation><rotation><c1>1., 0., 0.</c1><c2>0., 1., 0.</c2><c3>0., 0., 1.</c3></rotation></pose><symmetry><x>none</x><y>cylindrical</y><z>none</z></symmetry><detectionScore>0.58954734</detectionScore></element><element><id>2</id><category>coffee_table</category><bounds><corner1>-0.32200226, -0.09803038, -1.10818469</corner1><corner2>0.32200226, 0.09803038, 1.10818469</corner2></bounds><pose><translation>-1.94396175, -1.15269957, -0.15940755</translation><rotation><c1>1., 0., 0.</c1><c2>0., 1., 0.</c2><c3>0., 0., 1.</c3></rotation></pose><symmetry><x>none</x><y>twoFold</y><z>none</z></symmetry><detectionScore>0.6754153</detectionScore></element><element><id>1</id><category>chandelier</category><bounds><corner1>-0.87139948, -0.08117135, -1.52214864</corner1><corner2>0.87139948, 0.08117135, 1.52214864</corner2></bounds><pose><translation> 2.12304057,  4.18184197, -6.29624099</translation><rotation><c1>1., 0., 0.</c1><c2>0., 1., 0.</c2><c3>0., 0., 1.</c3></rotation></pose><symmetry><x>none</x><y>cylindrical</y><z>none</z></symmetry><detectionScore>0.614154</detectionScore></element><element><id>13</id><category>wall</category><bounds><corner1>-0.13361406, -3.07672139, -3.29988893</corner1><corner2>0.13361406, 3.07672139, 3.29988893</corner2></bounds><pose><translation> 7.75332967,  0.68980491, -2.96264403</translation><rotation><c1>1., 0., 0.</c1><c2>0., 1., 0.</c2><c3>0., 0., 1.</c3></rotation></pose><symmetry><x>none</x><y>twoFold</y><z>none</z></symmetry><detectionScore>0.51152474</detectionScore></element><element><id>9</id><category>armchair</category><bounds><corner1>-0.7521988 , -0.36156995, -0.40792847</corner1><corner2>0.7521988 , 0.36156995, 0.40792847</corner2></bounds><pose><translation>-2.72320317, -1.08084861,  1.21542043</translation><rotation><c1>1., 0., 0.</c1><c2>0., 1., 0.</c2><c3>0., 0., 1.</c3></rotation></pose><symmetry><x>none</x><y>none</y><z>none</z></symmetry><detectionScore>0.7880236</detectionScore></element><element><id>8</id><category>person</category><bounds><corner1>-0.86629045, -1.29633463, -1.33269101</corner1><corner2>0.86629045, 1.29633463, 1.33269101</corner2></bounds><pose><translation>-1.62864391, -0.87618964, -3.80278107</translation><rotation><c1>1., 0., 0.</c1><c2>0., 1., 0.</c2><c3>0., 0., 1.</c3></rotation></pose><symmetry><x>none</x><y>none</y><z>none</z></symmetry><detectionScore>0.8640194</detectionScore></element><element><id>7</id><category>sofa</category><bounds><corner1>-0.79345892, -0.56008826, -0.39181867</corner1><corner2>0.79345892, 0.56008826, 0.39181867</corner2></bounds><pose><translation>-3.00292405, -1.07066089, -4.11848695</translation><rotation><c1>1., 0., 0.</c1><c2>0., 1., 0.</c2><c3>0., 0., 1.</c3></rotation></pose><symmetry><x>none</x><y>none</y><z>none</z></symmetry><detectionScore>0.91308177</detectionScore></element></elements></scene>