<?xml version='1.0' encoding='utf-8'?>
<scene xmlns:sumo="https://www.sumochallenge.org"><version>2.0</version><categories><id>fb_categories_v1_0</id><url>https://sumochallenge.org/en/categories-1_0.json</url></categories><project_type>bounding_box</project_type><elements><element><id>0</id><category>wall</category><bounds><corner1>-0.8160995936581013, -1.6773156562552147, -1.448216312851414</corner1><corner2>0.8160995936581013, 1.6773156562552147, 1.448216312851414</corner2></bounds><pose><translation>-4.80670011869769, -0.7178564226488812, -0.12026382799308341</translation><rotation><c1>0, 0, 0</c1><c2>0, 0, 0</c2><c3>0, 0, 0</c3></rotation></pose><symmetry><x>twoFold</x><y>cylindrical</y><z>twoFold</z></symmetry><detectionScore>-1.0</detectionScore></element><element><id>1</id><category>hanger</category><bounds><corner1>-0.5281286169733486, -0.5564946665852104, -1.0106709467806694</corner1><corner2>0.5281286169733486, 0.5564946665852104, 1.0106709467806694</corner2></bounds><pose><translation>-3.164537802448847, -1.8356955550172673, -0.9510767771659465</translation><rotation><c1>0, 0, 0</c1><c2>0, 0, 0</c2><c3>0, 0, 0</c3></rotation></pose><symmetry><x>twoFold</x><y>cylindrical</y><z>twoFold</z></symmetry><detectionScore>-1.0</detectionScore></element><element><id>2</id><category>tv_stand</category><bounds><corner1>-0.6099825651725239, -1.2267190214440824, -0.135160621953065</corner1><corner2>0.6099825651725239, 1.2267190214440824, 0.135160621953065</corner2></bounds><pose><translation>-3.7348983944952794, 0.8602377891201785, -1.5501565854790749</translation><rotation><c1>0, 0, 0</c1><c2>0, 0, 0</c2><c3>0, 0, 0</c3></rotation></pose><symmetry><x>twoFold</x><y>cylindrical</y><z>twoFold</z></symmetry><detectionScore>-1.0</detectionScore></element><element><id>3</id><category>coffee_table</category><bounds><corner1>-0.5910180084040095, -1.254692580709252, -0.14372738598553414</corner1><corner2>0.5910180084040095, 1.254692580709252, 0.14372738598553414</corner2></bounds><pose><translation>-3.6391261066948477, 0.8149038272136113, -1.574626770130535</translation><rotation><c1>0, 0, 0</c1><c2>0, 0, 0</c2><c3>0, 0, 0</c3></rotation></pose><symmetry><x>twoFold</x><y>cylindrical</y><z>twoFold</z></symmetry><detectionScore>-1.0</detectionScore></element><element><id>4</id><category>window</category><bounds><corner1>-0.06750846439330416, -1.335197176549258, -0.8702410813931444</corner1><corner2>0.06750846439330416, 1.335197176549258, 0.8702410813931444</corner2></bounds><pose><translation>1.9570403456904752, 0.15196333369909348, 0.0871500306274715</translation><rotation><c1>0, 0, 0</c1><c2>0, 0, 0</c2><c3>0, 0, 0</c3></rotation></pose><symmetry><x>twoFold</x><y>cylindrical</y><z>twoFold</z></symmetry><detectionScore>-1.0</detectionScore></element><element><id>5</id><category>window</category><bounds><corner1>-0.5854392375756161, -0.7682480492992183, -0.834156710100165</corner1><corner2>0.5854392375756161, 0.7682480492992183, 0.834156710100165</corner2></bounds><pose><translation>-4.973056887521845, 2.407975785234816, 0.06486742337708863</translation><rotation><c1>0, 0, 0</c1><c2>0, 0, 0</c2><c3>0, 0, 0</c3></rotation></pose><symmetry><x>twoFold</x><y>cylindrical</y><z>twoFold</z></symmetry><detectionScore>-1.0</detectionScore></element><element><id>6</id><category>wall</category><bounds><corner1>-0.7569628772535353, -0.9886548284583845, -1.4757130124968623</corner1><corner2>0.7569628772535353, 0.9886548284583845, 1.4757130124968623</corner2></bounds><pose><translation>-4.874940011924952, 2.46098621717971, -0.16655685408313317</translation><rotation><c1>0, 0, 0</c1><c2>0, 0, 0</c2><c3>0, 0, 0</c3></rotation></pose><symmetry><x>twoFold</x><y>cylindrical</y><z>twoFold</z></symmetry><detectionScore>-1.0</detectionScore></element><element><id>7</id><category>wall</category><bounds><corner1>-1.4818924343507807, -0.10050668681327668, -1.5282733350207838</corner1><corner2>1.4818924343507807, 0.10050668681327668, 1.5282733350207838</corner2></bounds><pose><translation>0.09208850793327072, -2.0761399074099955, -0.08138419534259761</translation><rotation><c1>0, 0, 0</c1><c2>0, 0, 0</c2><c3>0, 0, 0</c3></rotation></pose><symmetry><x>twoFold</x><y>cylindrical</y><z>twoFold</z></symmetry><detectionScore>-1.0</detectionScore></element><element><id>8</id><category>wall</category><bounds><corner1>-1.2754339216051438, -0.15873596663179423, -1.4478558556380512</corner1><corner2>1.2754339216051438, 0.15873596663179423, 1.4478558556380512</corner2></bounds><pose><translation>-2.3756872044123303, 3.793448214841726, -0.1295227347335023</translation><rotation><c1>0, 0, 0</c1><c2>0, 0, 0</c2><c3>0, 0, 0</c3></rotation></pose><symmetry><x>twoFold</x><y>cylindrical</y><z>twoFold</z></symmetry><detectionScore>-1.0</detectionScore></element><element><id>9</id><category>window</category><bounds><corner1>-0.6505440997389771, -1.1108457200780417, -0.8575322817105825</corner1><corner2>0.6505440997389771, 1.1108457200780417, 0.8575322817105825</corner2></bounds><pose><translation>-5.0064921134838265, -0.5520244404455571, 0.06464920389041874</translation><rotation><c1>0, 0, 0</c1><c2>0, 0, 0</c2><c3>0, 0, 0</c3></rotation></pose><symmetry><x>twoFold</x><y>cylindrical</y><z>twoFold</z></symmetry><detectionScore>-1.0</detectionScore></element><element><id>10</id><category>wall</category><bounds><corner1>-1.244359742213611, -0.17086378178965766, -1.355889190190117</corner1><corner2>1.244359742213611, 0.17086378178965766, 1.355889190190117</corner2></bounds><pose><translation>0.31090254206725576, 7.305387288597805, -0.09331107687544865</translation><rotation><c1>0, 0, 0</c1><c2>0, 0, 0</c2><c3>0, 0, 0</c3></rotation></pose><symmetry><x>twoFold</x><y>cylindrical</y><z>twoFold</z></symmetry><detectionScore>-1.0</detectionScore></element><element><id>11</id><category>shoes_cabinet</category><bounds><corner1>-0.4214627700778304, -0.6176725225029556, -0.6510357907848683</corner1><corner2>0.4214627700778304, 0.6176725225029556, 0.6510357907848683</corner2></bounds><pose><translation>-3.112956305298998, -1.7533868613853127, -1.4126170259512105</translation><rotation><c1>0, 0, 0</c1><c2>0, 0, 0</c2><c3>0, 0, 0</c3></rotation></pose><symmetry><x>twoFold</x><y>cylindrical</y><z>twoFold</z></symmetry><detectionScore>-1.0</detectionScore></element><element><id>12</id><category>window</category><bounds><corner1>-1.3339837457237176, -0.12986694543927513, -0.8705149340245423</corner1><corner2>1.3339837457237176, 0.12986694543927513, 0.8705149340245423</corner2></bounds><pose><translation>0.09589718822865055, -2.148330040150513, 0.06910258775891519</translation><rotation><c1>0, 0, 0</c1><c2>0, 0, 0</c2><c3>0, 0, 0</c3></rotation></pose><symmetry><x>twoFold</x><y>cylindrical</y><z>twoFold</z></symmetry><detectionScore>-1.0</detectionScore></element><element><id>13</id><category>mirror</category><bounds><corner1>-0.33480859380957906, -0.11368780065794715, -0.8709848335120499</corner1><corner2>0.33480859380957906, 0.11368780065794715, 0.8709848335120499</corner2></bounds><pose><translation>1.0315840489384458, -2.1376907136855534, 0.03995740750293583</translation><rotation><c1>0, 0, 0</c1><c2>0, 0, 0</c2><c3>0, 0, 0</c3></rotation></pose><symmetry><x>twoFold</x><y>cylindrical</y><z>twoFold</z></symmetry><detectionScore>-1.0</detectionScore></element><element><id>14</id><category>window</category><bounds><corner1>-0.8475715115624285, -0.08925805295000133, -0.7859036180433736</corner1><corner2>0.8475715115624285, 0.08925805295000133, 0.7859036180433736</corner2></bounds><pose><translation>-2.6336450784743892, 3.814827912564762, 0.08567890967555114</translation><rotation><c1>0, 0, 0</c1><c2>0, 0, 0</c2><c3>0, 0, 0</c3></rotation></pose><symmetry><x>twoFold</x><y>cylindrical</y><z>twoFold</z></symmetry><detectionScore>-1.0</detectionScore></element><element><id>15</id><category>wall</category><bounds><corner1>-0.4731206344011347, -2.716823425163015, -1.5777027071494536</corner1><corner2>0.4731206344011347, 2.716823425163015, 1.5777027071494536</corner2></bounds><pose><translation>-1.087733660442002, 4.601894398173399, -0.2399274285883163</translation><rotation><c1>0, 0, 0</c1><c2>0, 0, 0</c2><c3>0, 0, 0</c3></rotation></pose><symmetry><x>twoFold</x><y>cylindrical</y><z>twoFold</z></symmetry><detectionScore>-1.0</detectionScore></element></elements></scene>