<?xml version='1.0' encoding='utf-8'?>
<scene xmlns:sumo="https://www.sumochallenge.org"><version>2.0</version><categories><id>fb_categories_v1.0</id><url>https://sumochallenge.org/en/categories-1_0.json</url></categories><project_type>bounding_box</project_type><elements><element><id>12</id><category>window</category><bounds><corner1>-0.12705265, -0.602874  , -0.42934722</corner1><corner2>0.12705265, 0.602874  , 0.42934722</corner2></bounds><pose><translation> 3.56928754,  0.05817441, -1.55227681</translation><rotation><c1>1., 0., 0.</c1><c2>0., 1., 0.</c2><c3>0., 0., 1.</c3></rotation></pose><symmetry><x>none</x><y>none</y><z>none</z></symmetry><detectionScore>-1</detectionScore></element><element><id>11</id><category>mirror</category><bounds><corner1>-0.53650072, -0.55880282, -0.16592378</corner1><corner2>0.53650072, 0.55880282, 0.16592378</corner2></bounds><pose><translation>0.69214993, 0.11587775, 1.17301868</translation><rotation><c1>1., 0., 0.</c1><c2>0., 1., 0.</c2><c3>0., 0., 1.</c3></rotation></pose><symmetry><x>none</x><y>none</y><z>none</z></symmetry><detectionScore>-1</detectionScore></element><element><id>6</id><category>wall</category><bounds><corner1>-2.32510299, -1.19246102, -0.35324912</corner1><corner2>2.32510299, 1.19246102, 0.35324912</corner2></bounds><pose><translation> 1.17244412, -0.037486  , -4.29882523</translation><rotation><c1>1., 0., 0.</c1><c2>0., 1., 0.</c2><c3>0., 0., 1.</c3></rotation></pose><symmetry><x>none</x><y>none</y><z>none</z></symmetry><detectionScore>-1</detectionScore></element><element><id>7</id><category>toilet</category><bounds><corner1>-0.73740263, -0.31548736, -0.59441834</corner1><corner2>0.73740263, 0.31548736, 0.59441834</corner2></bounds><pose><translation> 2.8691918 , -0.94352816, -4.14154408</translation><rotation><c1>1., 0., 0.</c1><c2>0., 1., 0.</c2><c3>0., 0., 1.</c3></rotation></pose><symmetry><x>none</x><y>none</y><z>none</z></symmetry><detectionScore>-1</detectionScore></element><element><id>3</id><category>shelving</category><bounds><corner1>-0.38105945, -0.73512967, -0.26451723</corner1><corner2>0.38105945, 0.73512967, 0.26451723</corner2></bounds><pose><translation>-1.38103503, -0.38304876, -0.46508393</translation><rotation><c1>1., 0., 0.</c1><c2>0., 1., 0.</c2><c3>0., 0., 1.</c3></rotation></pose><symmetry><x>none</x><y>none</y><z>none</z></symmetry><detectionScore>-1</detectionScore></element><element><id>5</id><category>wall</category><bounds><corner1>-0.14525157, -1.08395617, -0.66899121</corner1><corner2>0.14525157, 1.08395617, 0.66899121</corner2></bounds><pose><translation>-1.40060252, -0.13840996, -2.58907762</translation><rotation><c1>1., 0., 0.</c1><c2>0., 1., 0.</c2><c3>0., 0., 1.</c3></rotation></pose><symmetry><x>none</x><y>none</y><z>none</z></symmetry><detectionScore>-1</detectionScore></element><element><id>9</id><category>towel_rack</category><bounds><corner1>-0.24644818, -0.23662781, -0.02497016</corner1><corner2>0.24644818, 0.23662781, 0.02497016</corner2></bounds><pose><translation>-0.17453033, -0.12693134,  1.34102623</translation><rotation><c1>1., 0., 0.</c1><c2>0., 1., 0.</c2><c3>0., 0., 1.</c3></rotation></pose><symmetry><x>none</x><y>none</y><z>none</z></symmetry><detectionScore>-1</detectionScore></element><element><id>4</id><category>bathtub</category><bounds><corner1>-1.13593447, -0.48576956, -0.70674452</corner1><corner2>1.13593447, 0.48576956, 0.70674452</corner2></bounds><pose><translation> 2.14890517, -1.21569869,  0.61378657</translation><rotation><c1>1., 0., 0.</c1><c2>0., 1., 0.</c2><c3>0., 0., 1.</c3></rotation></pose><symmetry><x>none</x><y>none</y><z>none</z></symmetry><detectionScore>-1</detectionScore></element><element><id>8</id><category>shelving</category><bounds><corner1>-0.20279944, -0.80227798, -0.62666987</corner1><corner2>0.20279944, 0.80227798, 0.62666987</corner2></bounds><pose><translation> 3.42972748, -0.53874301, -4.22049806</translation><rotation><c1>1., 0., 0.</c1><c2>0., 1., 0.</c2><c3>0., 0., 1.</c3></rotation></pose><symmetry><x>none</x><y>none</y><z>none</z></symmetry><detectionScore>-1</detectionScore></element><element><id>1</id><category>heater</category><bounds><corner1>-0.11817711, -0.274655  , -0.48176055</corner1><corner2>0.11817711, 0.274655  , 0.48176055</corner2></bounds><pose><translation> 3.50714324, -1.10950484, -2.59211407</translation><rotation><c1>1., 0., 0.</c1><c2>0., 1., 0.</c2><c3>0., 0., 1.</c3></rotation></pose><symmetry><x>none</x><y>none</y><z>none</z></symmetry><detectionScore>-1</detectionScore></element><element><id>10</id><category>wall</category><bounds><corner1>-0.07031934, -1.14787306, -2.22574506</corner1><corner2>0.07031934, 1.14787306, 2.22574506</corner2></bounds><pose><translation> 3.59003485, -0.03146503, -1.18298887</translation><rotation><c1>1., 0., 0.</c1><c2>0., 1., 0.</c2><c3>0., 0., 1.</c3></rotation></pose><symmetry><x>none</x><y>none</y><z>none</z></symmetry><detectionScore>-1</detectionScore></element></elements></scene>