<?xml version='1.0' encoding='utf-8'?>
<scene xmlns:sumo="https://www.sumochallenge.org"><version>2.0</version><categories><id>fb_categories_v1.0</id><url>https://sumochallenge.org/en/categories-1_0.json</url></categories><project_type>bounding_box</project_type><elements><element><id>6</id><category>sink</category><bounds><corner1>-0.1076429 , -0.24031606, -0.82959144</corner1><corner2>0.1076429 , 0.24031606, 0.82959144</corner2></bounds><pose><translation> 4.25787306, -0.48936495,  1.36357471</translation><rotation><c1>1., 0., 0.</c1><c2>0., 1., 0.</c2><c3>0., 0., 1.</c3></rotation></pose><symmetry><x>none</x><y>none</y><z>none</z></symmetry><detectionScore>-1</detectionScore></element><element><id>7</id><category>wall</category><bounds><corner1>-3.85575721, -1.2432581 , -0.14151188</corner1><corner2>3.85575721, 1.2432581 , 0.14151188</corner2></bounds><pose><translation> 0.10060616, -0.17819709,  7.91082623</translation><rotation><c1>1., 0., 0.</c1><c2>0., 1., 0.</c2><c3>0., 0., 1.</c3></rotation></pose><symmetry><x>none</x><y>none</y><z>none</z></symmetry><detectionScore>-1</detectionScore></element><element><id>5</id><category>wall</category><bounds><corner1>-1.14904105, -1.2245398 , -2.76847605</corner1><corner2>1.14904105, 1.2245398 , 2.76847605</corner2></bounds><pose><translation>-4.06629645, -0.14130822,  0.53343372</translation><rotation><c1>1., 0., 0.</c1><c2>0., 1., 0.</c2><c3>0., 0., 1.</c3></rotation></pose><symmetry><x>none</x><y>none</y><z>none</z></symmetry><detectionScore>-1</detectionScore></element><element><id>3</id><category>bookshelf</category><bounds><corner1>-0.55092536, -1.01510679, -0.0361376 </corner1><corner2>0.55092536, 1.01510679, 0.0361376 </corner2></bounds><pose><translation> 0.49232531, -0.53158736, -1.98711882</translation><rotation><c1>1., 0., 0.</c1><c2>0., 1., 0.</c2><c3>0., 0., 1.</c3></rotation></pose><symmetry><x>none</x><y>none</y><z>none</z></symmetry><detectionScore>-1</detectionScore></element><element><id>9</id><category>bathtub</category><bounds><corner1>-1.15547548, -0.40814249, -2.07627788</corner1><corner2>1.15547548, 0.40814249, 2.07627788</corner2></bounds><pose><translation> 3.24477138, -1.1063486 ,  5.85013263</translation><rotation><c1>1., 0., 0.</c1><c2>0., 1., 0.</c2><c3>0., 0., 1.</c3></rotation></pose><symmetry><x>none</x><y>none</y><z>none</z></symmetry><detectionScore>-1</detectionScore></element><element><id>10</id><category>door</category><bounds><corner1>-1.00959187, -1.02409771, -0.79688197</corner1><corner2>1.00959187, 1.02409771, 0.79688197</corner2></bounds><pose><translation>-3.8146882 , -0.42104642,  3.20502884</translation><rotation><c1>1., 0., 0.</c1><c2>0., 1., 0.</c2><c3>0., 0., 1.</c3></rotation></pose><symmetry><x>none</x><y>none</y><z>none</z></symmetry><detectionScore>-1</detectionScore></element><element><id>4</id><category>shower</category><bounds><corner1>-0.62731174, -1.24286418, -1.00150006</corner1><corner2>0.62731174, 1.24286418, 1.00150006</corner2></bounds><pose><translation>-3.17438108, -0.28668484,  6.45235043</translation><rotation><c1>1., 0., 0.</c1><c2>0., 1., 0.</c2><c3>0., 0., 1.</c3></rotation></pose><symmetry><x>none</x><y>none</y><z>none</z></symmetry><detectionScore>-1</detectionScore></element><element><id>2</id><category>towel_rack</category><bounds><corner1>-0.34282029, -0.44958705, -0.14204455</corner1><corner2>0.34282029, 0.44958705, 0.14204455</corner2></bounds><pose><translation>-1.19589782,  0.16621163, -2.60688656</translation><rotation><c1>1., 0., 0.</c1><c2>0., 1., 0.</c2><c3>0., 0., 1.</c3></rotation></pose><symmetry><x>none</x><y>none</y><z>none</z></symmetry><detectionScore>-1</detectionScore></element><element><id>1</id><category>bathtub</category><bounds><corner1>-0.43106551, -0.44130715, -1.75967119</corner1><corner2>0.43106551, 0.44130715, 1.75967119</corner2></bounds><pose><translation>-2.92701636, -1.13237983,  1.40181952</translation><rotation><c1>1., 0., 0.</c1><c2>0., 1., 0.</c2><c3>0., 0., 1.</c3></rotation></pose><symmetry><x>none</x><y>none</y><z>none</z></symmetry><detectionScore>-1</detectionScore></element><element><id>8</id><category>washer</category><bounds><corner1>-0.88169416, -0.59757585, -0.19003892</corner1><corner2>0.88169416, 0.59757585, 0.19003892</corner2></bounds><pose><translation> 2.99815324, -0.83099017, -1.69859876</translation><rotation><c1>1., 0., 0.</c1><c2>0., 1., 0.</c2><c3>0., 0., 1.</c3></rotation></pose><symmetry><x>none</x><y>none</y><z>none</z></symmetry><detectionScore>-1</detectionScore></element></elements></scene>