<?xml version='1.0' encoding='utf-8'?>
<scene xmlns:sumo="https://www.sumochallenge.org"><version>2.0</version><categories><id>fb_categories_v1.0</id><url>https://sumochallenge.org/en/categories-1_0.json</url></categories><project_type>bounding_box</project_type><elements><element><id>4</id><category>window</category><bounds><corner1>-2.8247575 , -0.87439446, -6.78641253</corner1><corner2>2.8247575 , 0.87439446, 6.78641253</corner2></bounds><pose><translation>-2.8247575 ,  0.        ,  3.53627786</translation><rotation><c1>1., 0., 0.</c1><c2>0., 1., 0.</c2><c3>0., 0., 1.</c3></rotation></pose><symmetry><x>none</x><y>twoFold</y><z>none</z></symmetry><detectionScore>0.50843936</detectionScore></element><element><id>1</id><category>door</category><bounds><corner1>-0.48996539, -1.86055231, -1.48390588</corner1><corner2>0.48996539, 1.86055231, 1.48390588</corner2></bounds><pose><translation>-2.13490827, -0.67075478,  0.11080712</translation><rotation><c1>1., 0., 0.</c1><c2>0., 1., 0.</c2><c3>0., 0., 1.</c3></rotation></pose><symmetry><x>twoFold</x><y>twoFold</y><z>twoFold</z></symmetry><detectionScore>0.9953608</detectionScore></element><element><id>5</id><category>curtain</category><bounds><corner1>-1.21098098, -0.95672289, -0.0861024 </corner1><corner2>1.21098098, 0.95672289, 0.0861024 </corner2></bounds><pose><translation>0.04250617, 0.        , 3.34896714</translation><rotation><c1>1., 0., 0.</c1><c2>0., 1., 0.</c2><c3>0., 0., 1.</c3></rotation></pose><symmetry><x>none</x><y>twoFold</y><z>none</z></symmetry><detectionScore>0.93425286</detectionScore></element><element><id>3</id><category>stand</category><bounds><corner1>-0.3377478, -1.1077731, -0.2163323</corner1><corner2>0.3377478, 1.1077731, 0.2163323</corner2></bounds><pose><translation> 2.36010474, -1.1077731 , -0.20943833</translation><rotation><c1>1., 0., 0.</c1><c2>0., 1., 0.</c2><c3>0., 0., 1.</c3></rotation></pose><symmetry><x>none</x><y>none</y><z>none</z></symmetry><detectionScore>0.98607266</detectionScore></element><element><id>2</id><category>television</category><bounds><corner1>-2.27402014, -0.65611412, -2.07838825</corner1><corner2>2.27402014, 0.65611412, 2.07838825</corner2></bounds><pose><translation>-2.27402014,  0.52491683,  1.43215925</translation><rotation><c1>1., 0., 0.</c1><c2>0., 1., 0.</c2><c3>0., 0., 1.</c3></rotation></pose><symmetry><x>none</x><y>none</y><z>twoFold</z></symmetry><detectionScore>0.9644073</detectionScore></element><element><id>6</id><category>wall</category><bounds><corner1>-0.50290345, -0.55890183, -0.36471514</corner1><corner2>0.50290345, 0.55890183, 0.36471514</corner2></bounds><pose><translation>-2.13590855, -0.1044058 , -0.09514285</translation><rotation><c1>1., 0., 0.</c1><c2>0., 1., 0.</c2><c3>0., 0., 1.</c3></rotation></pose><symmetry><x>none</x><y>twoFold</y><z>none</z></symmetry><detectionScore>0.7414167</detectionScore></element></elements></scene>