<?xml version='1.0' encoding='utf-8'?>
<scene xmlns:sumo="https://www.sumochallenge.org"><version>2.0</version><categories><id>fb_categories_v1.0</id><url>https://sumochallenge.org/en/categories-1_0.json</url></categories><project_type>bounding_box</project_type><elements><element><id>30</id><category>kitchen_cabinet</category><bounds><corner1>-2.54266203, -1.34379965, -3.952351  </corner1><corner2> 0.60000121,  1.30246251, -1.43597174</corner2></bounds><pose><translation>0., 0., 0.</translation><rotation><c1>1., 0., 0.</c1><c2>0., 1., 0.</c2><c3>0., 0., 1.</c3></rotation></pose><symmetry><x>none</x><y>none</y><z>none</z></symmetry><detectionScore>-1</detectionScore></element><element><id>25</id><category>dresser</category><bounds><corner1> 3.46512984, -1.25078   , -1.37645655</corner1><corner2> 4.54136289, -0.11049219,  0.90690382</corner2></bounds><pose><translation>0., 0., 0.</translation><rotation><c1>1., 0., 0.</c1><c2>0., 1., 0.</c2><c3>0., 0., 1.</c3></rotation></pose><symmetry><x>none</x><y>none</y><z>none</z></symmetry><detectionScore>-1</detectionScore></element><element><id>18</id><category>door</category><bounds><corner1> 3.97101527, -1.35749671, -5.80069812</corner1><corner2> 9.34915616,  1.17245479, -2.61503881</corner2></bounds><pose><translation>0., 0., 0.</translation><rotation><c1>1., 0., 0.</c1><c2>0., 1., 0.</c2><c3>0., 0., 1.</c3></rotation></pose><symmetry><x>none</x><y>none</y><z>none</z></symmetry><detectionScore>-1</detectionScore></element><element><id>21</id><category>toy</category><bounds><corner1>-2.77394156, -1.36009992, -0.11303625</corner1><corner2>-1.81801779, -0.16310168,  0.6216664 </corner2></bounds><pose><translation>0., 0., 0.</translation><rotation><c1>1., 0., 0.</c1><c2>0., 1., 0.</c2><c3>0., 0., 1.</c3></rotation></pose><symmetry><x>none</x><y>none</y><z>none</z></symmetry><detectionScore>-1</detectionScore></element><element><id>19</id><category>wall</category><bounds><corner1> 4.4878306 , -1.35587223, -5.7922601 </corner1><corner2> 9.45925396,  1.22062413, -2.60929841</corner2></bounds><pose><translation>0., 0., 0.</translation><rotation><c1>1., 0., 0.</c1><c2>0., 1., 0.</c2><c3>0., 0., 1.</c3></rotation></pose><symmetry><x>none</x><y>none</y><z>none</z></symmetry><detectionScore>-1</detectionScore></element><element><id>17</id><category>glass</category><bounds><corner1> 4.21393326,  0.18813516, -2.37642969</corner1><corner2> 4.65248239,  0.77761483, -1.95014971</corner2></bounds><pose><translation>0., 0., 0.</translation><rotation><c1>1., 0., 0.</c1><c2>0., 1., 0.</c2><c3>0., 0., 1.</c3></rotation></pose><symmetry><x>none</x><y>none</y><z>none</z></symmetry><detectionScore>-1</detectionScore></element><element><id>31</id><category>chair</category><bounds><corner1>-2.77210495, -1.33375107, -1.25315396</corner1><corner2>-1.41826366, -0.59681522, -0.04014884</corner2></bounds><pose><translation>0., 0., 0.</translation><rotation><c1>1., 0., 0.</c1><c2>0., 1., 0.</c2><c3>0., 0., 1.</c3></rotation></pose><symmetry><x>none</x><y>none</y><z>none</z></symmetry><detectionScore>-1</detectionScore></element><element><id>6</id><category>plant</category><bounds><corner1> 3.85773402, -1.05004011, -5.80340246</corner1><corner2> 9.37555241,  1.31603292, -2.45446898</corner2></bounds><pose><translation>0., 0., 0.</translation><rotation><c1>1., 0., 0.</c1><c2>0., 1., 0.</c2><c3>0., 0., 1.</c3></rotation></pose><symmetry><x>none</x><y>none</y><z>none</z></symmetry><detectionScore>-1</detectionScore></element><element><id>35</id><category>range_hood</category><bounds><corner1>1.86208457, 0.5382791 , 0.88294764</corner1><corner2>4.15246747, 1.32054874, 1.80898049</corner2></bounds><pose><translation>0., 0., 0.</translation><rotation><c1>1., 0., 0.</c1><c2>0., 1., 0.</c2><c3>0., 0., 1.</c3></rotation></pose><symmetry><x>none</x><y>none</y><z>none</z></symmetry><detectionScore>-1</detectionScore></element><element><id>8</id><category>bottle</category><bounds><corner1> 4.21393326,  0.18813516, -2.37642969</corner1><corner2> 4.65248239,  0.77761483, -1.95014971</corner2></bounds><pose><translation>0., 0., 0.</translation><rotation><c1>1., 0., 0.</c1><c2>0., 1., 0.</c2><c3>0., 0., 1.</c3></rotation></pose><symmetry><x>none</x><y>none</y><z>none</z></symmetry><detectionScore>-1</detectionScore></element><element><id>34</id><category>chair</category><bounds><corner1>-2.76289142, -1.36321438, -1.1964844 </corner1><corner2>-1.31099393, -0.53046765, -0.04091304</corner2></bounds><pose><translation>0., 0., 0.</translation><rotation><c1>1., 0., 0.</c1><c2>0., 1., 0.</c2><c3>0., 0., 1.</c3></rotation></pose><symmetry><x>none</x><y>none</y><z>none</z></symmetry><detectionScore>-1</detectionScore></element><element><id>7</id><category>gym_equipment</category><bounds><corner1> 1.25295927, -0.31272021,  0.96560568</corner1><corner2>3.66013579, 0.44472707, 1.81013084</corner2></bounds><pose><translation>0., 0., 0.</translation><rotation><c1>1., 0., 0.</c1><c2>0., 1., 0.</c2><c3>0., 0., 1.</c3></rotation></pose><symmetry><x>none</x><y>none</y><z>none</z></symmetry><detectionScore>-1</detectionScore></element><element><id>16</id><category>candle</category><bounds><corner1> 4.22287936,  0.15790031, -2.25579912</corner1><corner2> 4.65267144,  1.14578728, -1.84912284</corner2></bounds><pose><translation>0., 0., 0.</translation><rotation><c1>1., 0., 0.</c1><c2>0., 1., 0.</c2><c3>0., 0., 1.</c3></rotation></pose><symmetry><x>none</x><y>none</y><z>none</z></symmetry><detectionScore>-1</detectionScore></element><element><id>10</id><category>picture_frame</category><bounds><corner1> 0.85241875, -0.36876363, -4.09812948</corner1><corner2> 2.45093977,  0.67632713, -3.54799891</corner2></bounds><pose><translation>0., 0., 0.</translation><rotation><c1>1., 0., 0.</c1><c2>0., 1., 0.</c2><c3>0., 0., 1.</c3></rotation></pose><symmetry><x>none</x><y>none</y><z>none</z></symmetry><detectionScore>-1</detectionScore></element><element><id>33</id><category>plant</category><bounds><corner1>-2.77400181, -1.35999674, -0.06638258</corner1><corner2>-2.03796126, -0.11041392,  0.6032322 </corner2></bounds><pose><translation>0., 0., 0.</translation><rotation><c1>1., 0., 0.</c1><c2>0., 1., 0.</c2><c3>0., 0., 1.</c3></rotation></pose><symmetry><x>none</x><y>none</y><z>none</z></symmetry><detectionScore>-1</detectionScore></element><element><id>26</id><category>chandelier</category><bounds><corner1> 3.33361937,  0.2812358 , -2.23167436</corner1><corner2> 4.64839581,  1.32128507, -1.48146616</corner2></bounds><pose><translation>0., 0., 0.</translation><rotation><c1>1., 0., 0.</c1><c2>0., 1., 0.</c2><c3>0., 0., 1.</c3></rotation></pose><symmetry><x>none</x><y>none</y><z>none</z></symmetry><detectionScore>-1</detectionScore></element><element><id>22</id><category>picture_frame</category><bounds><corner1>-2.74116736, -0.0862973 ,  0.09163355</corner1><corner2>-2.63905368,  0.83922014,  0.8948352 </corner2></bounds><pose><translation>0., 0., 0.</translation><rotation><c1>1., 0., 0.</c1><c2>0., 1., 0.</c2><c3>0., 0., 1.</c3></rotation></pose><symmetry><x>none</x><y>none</y><z>none</z></symmetry><detectionScore>-1</detectionScore></element><element><id>23</id><category>wall</category><bounds><corner1>-0.56576928, -0.28598232,  0.96200583</corner1><corner2>1.10729489, 0.48587169, 1.82192035</corner2></bounds><pose><translation>0., 0., 0.</translation><rotation><c1>1., 0., 0.</c1><c2>0., 1., 0.</c2><c3>0., 0., 1.</c3></rotation></pose><symmetry><x>none</x><y>none</y><z>none</z></symmetry><detectionScore>-1</detectionScore></element><element><id>11</id><category>chandelier</category><bounds><corner1>2.56496983, 1.20554242, 0.31505151</corner1><corner2>3.82397929, 1.32268107, 1.23962364</corner2></bounds><pose><translation>0., 0., 0.</translation><rotation><c1>1., 0., 0.</c1><c2>0., 1., 0.</c2><c3>0., 0., 1.</c3></rotation></pose><symmetry><x>none</x><y>none</y><z>none</z></symmetry><detectionScore>-1</detectionScore></element><element><id>2</id><category>wall</category><bounds><corner1> 3.95319619, -1.35177761, -5.78787678</corner1><corner2> 9.27445241,  1.29901388, -2.37487892</corner2></bounds><pose><translation>0., 0., 0.</translation><rotation><c1>1., 0., 0.</c1><c2>0., 1., 0.</c2><c3>0., 0., 1.</c3></rotation></pose><symmetry><x>none</x><y>none</y><z>none</z></symmetry><detectionScore>-1</detectionScore></element><element><id>14</id><category>wall</category><bounds><corner1>-2.77398622, -0.99703913, -0.52051007</corner1><corner2>-1.83598907,  1.29743909,  1.43712843</corner2></bounds><pose><translation>0., 0., 0.</translation><rotation><c1>1., 0., 0.</c1><c2>0., 1., 0.</c2><c3>0., 0., 1.</c3></rotation></pose><symmetry><x>none</x><y>none</y><z>none</z></symmetry><detectionScore>-1</detectionScore></element><element><id>9</id><category>wall</category><bounds><corner1> 2.55297755, -1.34061287, -5.73041864</corner1><corner2>8.83412552, 1.29861636, 1.60702985</corner2></bounds><pose><translation>0., 0., 0.</translation><rotation><c1>1., 0., 0.</c1><c2>0., 1., 0.</c2><c3>0., 0., 1.</c3></rotation></pose><symmetry><x>none</x><y>none</y><z>none</z></symmetry><detectionScore>-1</detectionScore></element><element><id>36</id><category>wall</category><bounds><corner1>-2.59035604, -1.24087177, -4.07824508</corner1><corner2> 2.10562116,  1.30842487, -1.78402013</corner2></bounds><pose><translation>0., 0., 0.</translation><rotation><c1>1., 0., 0.</c1><c2>0., 1., 0.</c2><c3>0., 0., 1.</c3></rotation></pose><symmetry><x>none</x><y>none</y><z>none</z></symmetry><detectionScore>-1</detectionScore></element><element><id>20</id><category>picture_frame</category><bounds><corner1> 2.23583951, -0.31783029, -4.06914287</corner1><corner2> 3.3036906 ,  0.70776741, -3.8908909 </corner2></bounds><pose><translation>0., 0., 0.</translation><rotation><c1>1., 0., 0.</c1><c2>0., 1., 0.</c2><c3>0., 0., 1.</c3></rotation></pose><symmetry><x>none</x><y>none</y><z>none</z></symmetry><detectionScore>-1</detectionScore></element><element><id>5</id><category>chandelier</category><bounds><corner1>-1.64689494,  1.20330524, -3.43211322</corner1><corner2>-0.60326434,  1.32236044, -2.41295583</corner2></bounds><pose><translation>0., 0., 0.</translation><rotation><c1>1., 0., 0.</c1><c2>0., 1., 0.</c2><c3>0., 0., 1.</c3></rotation></pose><symmetry><x>none</x><y>none</y><z>none</z></symmetry><detectionScore>-1</detectionScore></element><element><id>24</id><category>window</category><bounds><corner1>-2.83720216, -0.51827009, -2.40895948</corner1><corner2>-2.50312041,  0.88074171, -0.41376722</corner2></bounds><pose><translation>0., 0., 0.</translation><rotation><c1>1., 0., 0.</c1><c2>0., 1., 0.</c2><c3>0., 0., 1.</c3></rotation></pose><symmetry><x>none</x><y>none</y><z>none</z></symmetry><detectionScore>-1</detectionScore></element><element><id>38</id><category>picture_frame</category><bounds><corner1> 3.36278557, -0.76589936, -1.7558365 </corner1><corner2>4.65429759, 1.16269869, 1.35717139</corner2></bounds><pose><translation>0., 0., 0.</translation><rotation><c1>1., 0., 0.</c1><c2>0., 1., 0.</c2><c3>0., 0., 1.</c3></rotation></pose><symmetry><x>none</x><y>none</y><z>none</z></symmetry><detectionScore>-1</detectionScore></element><element><id>12</id><category>plant</category><bounds><corner1> 0.5709151 , -1.35402308, -4.09963505</corner1><corner2> 1.81717616,  0.35235458, -3.25274655</corner2></bounds><pose><translation>0., 0., 0.</translation><rotation><c1>1., 0., 0.</c1><c2>0., 1., 0.</c2><c3>0., 0., 1.</c3></rotation></pose><symmetry><x>none</x><y>none</y><z>none</z></symmetry><detectionScore>-1</detectionScore></element><element><id>29</id><category>chair</category><bounds><corner1>-2.75687785, -1.35989317, -1.17533357</corner1><corner2>-1.42505173, -0.83040658, -0.0074929 </corner2></bounds><pose><translation>0., 0., 0.</translation><rotation><c1>1., 0., 0.</c1><c2>0., 1., 0.</c2><c3>0., 0., 1.</c3></rotation></pose><symmetry><x>none</x><y>none</y><z>none</z></symmetry><detectionScore>-1</detectionScore></element><element><id>32</id><category>picture_frame</category><bounds><corner1>-2.83582955, -0.51905207, -2.26382421</corner1><corner2>-2.48087251,  1.19809771, -0.31135933</corner2></bounds><pose><translation>0., 0., 0.</translation><rotation><c1>1., 0., 0.</c1><c2>0., 1., 0.</c2><c3>0., 0., 1.</c3></rotation></pose><symmetry><x>none</x><y>none</y><z>none</z></symmetry><detectionScore>-1</detectionScore></element><element><id>15</id><category>air_conditioner</category><bounds><corner1>0.01202321, 0.93025523, 1.319978  </corner1><corner2>0.32365233, 1.06661846, 1.38894765</corner2></bounds><pose><translation>0., 0., 0.</translation><rotation><c1>1., 0., 0.</c1><c2>0., 1., 0.</c2><c3>0., 0., 1.</c3></rotation></pose><symmetry><x>none</x><y>none</y><z>none</z></symmetry><detectionScore>-1</detectionScore></element><element><id>4</id><category>picture_frame</category><bounds><corner1>-0.55857925, -0.21703958,  0.99700634</corner1><corner2>0.88176016, 0.48405413, 1.8249824 </corner2></bounds><pose><translation>0., 0., 0.</translation><rotation><c1>1., 0., 0.</c1><c2>0., 1., 0.</c2><c3>0., 0., 1.</c3></rotation></pose><symmetry><x>none</x><y>none</y><z>none</z></symmetry><detectionScore>-1</detectionScore></element><element><id>37</id><category>shelving</category><bounds><corner1> 3.47723699, -1.24434388, -2.69620143</corner1><corner2> 4.65521576,  0.79731838, -1.15166103</corner2></bounds><pose><translation>0., 0., 0.</translation><rotation><c1>1., 0., 0.</c1><c2>0., 1., 0.</c2><c3>0., 0., 1.</c3></rotation></pose><symmetry><x>none</x><y>none</y><z>none</z></symmetry><detectionScore>-1</detectionScore></element><element><id>1</id><category>hanging_kitchen_cabinet</category><bounds><corner1>2.12607262, 0.3788793 , 1.147299  </corner1><corner2>4.2971721 , 1.30948391, 1.81994212</corner2></bounds><pose><translation>0., 0., 0.</translation><rotation><c1>1., 0., 0.</c1><c2>0., 1., 0.</c2><c3>0., 0., 1.</c3></rotation></pose><symmetry><x>none</x><y>none</y><z>none</z></symmetry><detectionScore>-1</detectionScore></element><element><id>28</id><category>kitchen_cabinet</category><bounds><corner1> 3.46519535, -1.33929899, -1.2844347 </corner1><corner2> 4.57157479e+00, -4.50225211e-03,  9.77064206e-01</corner2></bounds><pose><translation>0., 0., 0.</translation><rotation><c1>1., 0., 0.</c1><c2>0., 1., 0.</c2><c3>0., 0., 1.</c3></rotation></pose><symmetry><x>none</x><y>none</y><z>none</z></symmetry><detectionScore>-1</detectionScore></element><element><id>3</id><category>curtain</category><bounds><corner1>-2.83399967, -0.71586943, -2.3924939 </corner1><corner2>-1.90206992,  1.18474346, -0.29166639</corner2></bounds><pose><translation>0., 0., 0.</translation><rotation><c1>1., 0., 0.</c1><c2>0., 1., 0.</c2><c3>0., 0., 1.</c3></rotation></pose><symmetry><x>none</x><y>none</y><z>none</z></symmetry><detectionScore>-1</detectionScore></element><element><id>27</id><category>chair</category><bounds><corner1>-2.75286099, -1.35464395, -2.10701909</corner1><corner2>-0.98599399, -0.41026807, -0.73232162</corner2></bounds><pose><translation>0., 0., 0.</translation><rotation><c1>1., 0., 0.</c1><c2>0., 1., 0.</c2><c3>0., 0., 1.</c3></rotation></pose><symmetry><x>none</x><y>none</y><z>none</z></symmetry><detectionScore>-1</detectionScore></element><element><id>13</id><category>chair</category><bounds><corner1>-2.73456231, -1.32770471, -3.3601137 </corner1><corner2>-0.75761634, -0.44097249, -1.00598748</corner2></bounds><pose><translation>0., 0., 0.</translation><rotation><c1>1., 0., 0.</c1><c2>0., 1., 0.</c2><c3>0., 0., 1.</c3></rotation></pose><symmetry><x>none</x><y>none</y><z>none</z></symmetry><detectionScore>-1</detectionScore></element></elements></scene>