<?xml version='1.0' encoding='utf-8'?>
<scene xmlns:sumo="https://www.sumochallenge.org"><version>2.0</version><categories><id>fb_categories_v1.0</id><url>https://sumochallenge.org/en/categories-1_0.json</url></categories><project_type>bounding_box</project_type><elements><element><id>7</id><category>wall</category><bounds><corner1>-1.86581803, -1.23147437, -0.14487922</corner1><corner2>1.86581803, 1.23147437, 0.14487922</corner2></bounds><pose><translation> 1.13199966, -0.22966591,  4.01711899</translation><rotation><c1>1., 0., 0.</c1><c2>0., 1., 0.</c2><c3>0., 0., 1.</c3></rotation></pose><symmetry><x>none</x><y>none</y><z>none</z></symmetry><detectionScore>-1</detectionScore></element><element><id>9</id><category>door</category><bounds><corner1>-0.1179325 , -0.76092255, -0.35368589</corner1><corner2>0.1179325 , 0.76092255, 0.35368589</corner2></bounds><pose><translation>-1.32896842, -0.14810337,  0.28123744</translation><rotation><c1>1., 0., 0.</c1><c2>0., 1., 0.</c2><c3>0., 0., 1.</c3></rotation></pose><symmetry><x>none</x><y>none</y><z>none</z></symmetry><detectionScore>-1</detectionScore></element><element><id>5</id><category>chandelier</category><bounds><corner1>-2.01807583, -0.62919186, -0.32352261</corner1><corner2>2.01807583, 0.62919186, 0.32352261</corner2></bounds><pose><translation>1.53102972, 0.56740341, 0.10123215</translation><rotation><c1>1., 0., 0.</c1><c2>0., 1., 0.</c2><c3>0., 0., 1.</c3></rotation></pose><symmetry><x>none</x><y>none</y><z>none</z></symmetry><detectionScore>-1</detectionScore></element><element><id>4</id><category>chandelier</category><bounds><corner1>-0.97994504, -0.02173999, -0.22372749</corner1><corner2>0.97994504, 0.02173999, 0.22372749</corner2></bounds><pose><translation>1.63893667, 1.18641837, 0.10542385</translation><rotation><c1>1., 0., 0.</c1><c2>0., 1., 0.</c2><c3>0., 0., 1.</c3></rotation></pose><symmetry><x>none</x><y>none</y><z>none</z></symmetry><detectionScore>-1</detectionScore></element><element><id>11</id><category>door</category><bounds><corner1>-0.48546277, -0.74300236, -1.19697389</corner1><corner2>0.48546277, 0.74300236, 1.19697389</corner2></bounds><pose><translation>-1.2377138 , -0.24105944,  2.01498692</translation><rotation><c1>1., 0., 0.</c1><c2>0., 1., 0.</c2><c3>0., 0., 1.</c3></rotation></pose><symmetry><x>none</x><y>none</y><z>none</z></symmetry><detectionScore>-1</detectionScore></element><element><id>10</id><category>door</category><bounds><corner1>-0.43025964, -0.7534199 , -0.11601016</corner1><corner2>0.43025964, 0.7534199 , 0.11601016</corner2></bounds><pose><translation>-0.5358327 , -0.11615195, -1.30002928</translation><rotation><c1>1., 0., 0.</c1><c2>0., 1., 0.</c2><c3>0., 0., 1.</c3></rotation></pose><symmetry><x>none</x><y>none</y><z>none</z></symmetry><detectionScore>-1</detectionScore></element><element><id>6</id><category>kitchen_cabinet</category><bounds><corner1>-0.98881579, -1.32005974, -0.31685463</corner1><corner2>0.98881579, 1.32005974, 0.31685463</corner2></bounds><pose><translation> 2.56087333, -0.43451714, -0.84729784</translation><rotation><c1>1., 0., 0.</c1><c2>0., 1., 0.</c2><c3>0., 0., 1.</c3></rotation></pose><symmetry><x>none</x><y>none</y><z>none</z></symmetry><detectionScore>-1</detectionScore></element><element><id>13</id><category>cup</category><bounds><corner1>-0.32704238, -0.10452215, -0.37708329</corner1><corner2>0.32704238, 0.10452215, 0.37708329</corner2></bounds><pose><translation>-1.07173835, -0.69296335,  1.76392027</translation><rotation><c1>1., 0., 0.</c1><c2>0., 1., 0.</c2><c3>0., 0., 1.</c3></rotation></pose><symmetry><x>none</x><y>none</y><z>none</z></symmetry><detectionScore>-1</detectionScore></element><element><id>3</id><category>book</category><bounds><corner1>-0.13527925, -0.10467088, -0.11093083</corner1><corner2>0.13527925, 0.10467088, 0.11093083</corner2></bounds><pose><translation>-0.86590995, -0.68902368,  1.08802847</translation><rotation><c1>1., 0., 0.</c1><c2>0., 1., 0.</c2><c3>0., 0., 1.</c3></rotation></pose><symmetry><x>none</x><y>none</y><z>none</z></symmetry><detectionScore>-1</detectionScore></element><element><id>2</id><category>kitchen_cabinet</category><bounds><corner1>-2.09176762, -0.98655069, -0.01858771</corner1><corner2>2.09176762, 0.98655069, 0.01858771</corner2></bounds><pose><translation> 1.07699246, -0.255132  , -0.60239954</translation><rotation><c1>1., 0., 0.</c1><c2>0., 1., 0.</c2><c3>0., 0., 1.</c3></rotation></pose><symmetry><x>none</x><y>none</y><z>none</z></symmetry><detectionScore>-1</detectionScore></element><element><id>12</id><category>door</category><bounds><corner1>-0.87885731, -1.01642492, -0.07235958</corner1><corner2>0.87885731, 1.01642492, 0.07235958</corner2></bounds><pose><translation>-0.10885069, -0.44635388,  4.12374653</translation><rotation><c1>1., 0., 0.</c1><c2>0., 1., 0.</c2><c3>0., 0., 1.</c3></rotation></pose><symmetry><x>none</x><y>none</y><z>none</z></symmetry><detectionScore>-1</detectionScore></element><element><id>8</id><category>chair</category><bounds><corner1>-0.15163868, -0.11303276, -0.48408041</corner1><corner2>0.15163868, 0.11303276, 0.48408041</corner2></bounds><pose><translation>-0.79194347, -0.70059819,  1.86804127</translation><rotation><c1>1., 0., 0.</c1><c2>0., 1., 0.</c2><c3>0., 0., 1.</c3></rotation></pose><symmetry><x>none</x><y>none</y><z>none</z></symmetry><detectionScore>-1</detectionScore></element><element><id>1</id><category>wall</category><bounds><corner1>-0.30154948, -1.30007098, -1.23708906</corner1><corner2>0.30154948, 1.30007098, 1.23708906</corner2></bounds><pose><translation> 3.28678625, -0.20420882,  0.21370301</translation><rotation><c1>1., 0., 0.</c1><c2>0., 1., 0.</c2><c3>0., 0., 1.</c3></rotation></pose><symmetry><x>none</x><y>none</y><z>none</z></symmetry><detectionScore>-1</detectionScore></element><element><id>14</id><category>kitchen_cabinet</category><bounds><corner1>-0.32909311, -1.13683228, -0.40524522</corner1><corner2>0.32909311, 1.13683228, 0.40524522</corner2></bounds><pose><translation> 3.24086424, -0.46737578,  0.40016875</translation><rotation><c1>1., 0., 0.</c1><c2>0., 1., 0.</c2><c3>0., 0., 1.</c3></rotation></pose><symmetry><x>none</x><y>none</y><z>none</z></symmetry><detectionScore>-1</detectionScore></element></elements></scene>