<?xml version='1.0' encoding='utf-8'?>
<scene xmlns:sumo="https://www.sumochallenge.org"><version>2.0</version><categories><id>fb_categories_v1_0</id><url>https://sumochallenge.org/en/categories-1_0.json</url></categories><project_type>bounding_box</project_type><elements><element><id>0</id><category>ceiling_fan</category><bounds><corner1>-1.2564705033446504, -1.1840049437226363, -0.10140964763778593</corner1><corner2>1.2564705033446504, 1.1840049437226363, 0.10140964763778593</corner2></bounds><pose><translation>-0.8335963465999199, 1.9693964351111974, 1.4334755314073286</translation><rotation><c1>0, 0, 0</c1><c2>0, 0, 0</c2><c3>0, 0, 0</c3></rotation></pose><symmetry><x>twoFold</x><y>cylindrical</y><z>twoFold</z></symmetry><detectionScore>-1.0</detectionScore></element><element><id>1</id><category>wall</category><bounds><corner1>-0.11552356093507554, -2.139656133474925, -1.4829494903933005</corner1><corner2>0.11552356093507554, 2.139656133474925, 1.4829494903933005</corner2></bounds><pose><translation>1.769192499803831, 4.534472540759933, -0.142530193391035</translation><rotation><c1>0, 0, 0</c1><c2>0, 0, 0</c2><c3>0, 0, 0</c3></rotation></pose><symmetry><x>twoFold</x><y>cylindrical</y><z>twoFold</z></symmetry><detectionScore>-1.0</detectionScore></element><element><id>2</id><category>ceiling</category><bounds><corner1>-0.2566738494625769, -0.9509471525653668, -0.3334976696249454</corner1><corner2>0.2566738494625769, 0.9509471525653668, 0.3334976696249454</corner2></bounds><pose><translation>-3.785448269977873, 2.436924880087152, 1.0192864361859788</translation><rotation><c1>0, 0, 0</c1><c2>0, 0, 0</c2><c3>0, 0, 0</c3></rotation></pose><symmetry><x>twoFold</x><y>cylindrical</y><z>twoFold</z></symmetry><detectionScore>-1.0</detectionScore></element><element><id>3</id><category>wall</category><bounds><corner1>-2.230040691774622, -0.23059305787607132, -1.5005401523795554</corner1><corner2>2.230040691774622, 0.23059305787607132, 1.5005401523795554</corner2></bounds><pose><translation>-0.5686157269400802, -3.761569135073495, -0.1473905359698235</translation><rotation><c1>0, 0, 0</c1><c2>0, 0, 0</c2><c3>0, 0, 0</c3></rotation></pose><symmetry><x>twoFold</x><y>cylindrical</y><z>twoFold</z></symmetry><detectionScore>-1.0</detectionScore></element><element><id>4</id><category>door</category><bounds><corner1>-0.8969282182772691, -0.8625703190802576, -1.6552441527091504</corner1><corner2>0.8969282182772691, 0.8625703190802576, 1.6552441527091504</corner2></bounds><pose><translation>-3.7969417206581473, 2.1438989928362773, -0.7322924565675177</translation><rotation><c1>0, 0, 0</c1><c2>0, 0, 0</c2><c3>0, 0, 0</c3></rotation></pose><symmetry><x>twoFold</x><y>cylindrical</y><z>twoFold</z></symmetry><detectionScore>-1.0</detectionScore></element><element><id>5</id><category>window</category><bounds><corner1>-1.1498748020091993, -0.27890400520589775, -0.8650050858294857</corner1><corner2>1.1498748020091993, 0.27890400520589775, 0.8650050858294857</corner2></bounds><pose><translation>-0.7945943206363025, -3.8179330280158235, 0.07171213862838692</translation><rotation><c1>0, 0, 0</c1><c2>0, 0, 0</c2><c3>0, 0, 0</c3></rotation></pose><symmetry><x>twoFold</x><y>cylindrical</y><z>twoFold</z></symmetry><detectionScore>-1.0</detectionScore></element><element><id>6</id><category>window</category><bounds><corner1>-0.07294236628246331, -0.5667912468588923, -0.9557845525000931</corner1><corner2>0.07294236628246331, 0.5667912468588923, 0.9557845525000931</corner2></bounds><pose><translation>1.9385704782991637, 2.911741761053137, 0.1034705011530775</translation><rotation><c1>0, 0, 0</c1><c2>0, 0, 0</c2><c3>0, 0, 0</c3></rotation></pose><symmetry><x>twoFold</x><y>cylindrical</y><z>twoFold</z></symmetry><detectionScore>-1.0</detectionScore></element><element><id>7</id><category>chandelier</category><bounds><corner1>-1.1646499604379361, -3.1374034059785827, -0.08156396322774184</corner1><corner2>1.1646499604379361, 3.1374034059785827, 0.08156396322774184</corner2></bounds><pose><translation>-1.792174847035855, 3.805349895133444, 1.3272446366411255</translation><rotation><c1>0, 0, 0</c1><c2>0, 0, 0</c2><c3>0, 0, 0</c3></rotation></pose><symmetry><x>twoFold</x><y>cylindrical</y><z>twoFold</z></symmetry><detectionScore>-1.0</detectionScore></element><element><id>8</id><category>rug</category><bounds><corner1>-0.8057075907893183, -0.5796756999847719, -0.4252401772609308</corner1><corner2>0.8057075907893183, 0.5796756999847719, 0.4252401772609308</corner2></bounds><pose><translation>-3.7762410394582075, 2.3987195968222097, -1.2217598436176158</translation><rotation><c1>0, 0, 0</c1><c2>0, 0, 0</c2><c3>0, 0, 0</c3></rotation></pose><symmetry><x>twoFold</x><y>cylindrical</y><z>twoFold</z></symmetry><detectionScore>-1.0</detectionScore></element><element><id>9</id><category>curtain</category><bounds><corner1>-0.11918496132486611, -1.8380876582071384, -1.430236104017208</corner1><corner2>0.11918496132486611, 1.8380876582071384, 1.430236104017208</corner2></bounds><pose><translation>1.763712395185984, 4.190238751636689, -0.09025982153719576</translation><rotation><c1>0, 0, 0</c1><c2>0, 0, 0</c2><c3>0, 0, 0</c3></rotation></pose><symmetry><x>twoFold</x><y>cylindrical</y><z>twoFold</z></symmetry><detectionScore>-1.0</detectionScore></element><element><id>10</id><category>curtain</category><bounds><corner1>-1.397314167834859, -0.17877046288117393, -1.4448835484109228</corner1><corner2>1.397314167834859, 0.17877046288117393, 1.4448835484109228</corner2></bounds><pose><translation>-0.8660932554817531, -3.7009955926141593, -0.16205388193919784</translation><rotation><c1>0, 0, 0</c1><c2>0, 0, 0</c2><c3>0, 0, 0</c3></rotation></pose><symmetry><x>twoFold</x><y>cylindrical</y><z>twoFold</z></symmetry><detectionScore>-1.0</detectionScore></element><element><id>11</id><category>wall</category><bounds><corner1>-0.8564306524625556, -1.4363028339575388, -1.3507124231958676</corner1><corner2>0.8564306524625556, 1.4363028339575388, 1.3507124231958676</corner2></bounds><pose><translation>-3.868741458509856, 1.5339493679962082, -0.11687432132584812</translation><rotation><c1>0, 0, 0</c1><c2>0, 0, 0</c2><c3>0, 0, 0</c3></rotation></pose><symmetry><x>twoFold</x><y>cylindrical</y><z>twoFold</z></symmetry><detectionScore>-1.0</detectionScore></element><element><id>12</id><category>wall</category><bounds><corner1>-2.7031962943084022, -0.13283426925703878, -1.4578746777270708</corner1><corner2>2.7031962943084022, 0.13283426925703878, 1.4578746777270708</corner2></bounds><pose><translation>-0.9741569842629981, 6.883288687984076, -0.18116577233008135</translation><rotation><c1>0, 0, 0</c1><c2>0, 0, 0</c2><c3>0, 0, 0</c3></rotation></pose><symmetry><x>twoFold</x><y>cylindrical</y><z>twoFold</z></symmetry><detectionScore>-1.0</detectionScore></element><element><id>13</id><category>bunker_bed</category><bounds><corner1>-0.7895215198350816, -3.0968446811391646, -1.3471814919630305</corner1><corner2>0.7895215198350816, 3.0968446811391646, 1.3471814919630305</corner2></bounds><pose><translation>-2.6666153997282196, 3.768916110561894, -0.7217980046623009</translation><rotation><c1>0, 0, 0</c1><c2>0, 0, 0</c2><c3>0, 0, 0</c3></rotation></pose><symmetry><x>twoFold</x><y>cylindrical</y><z>twoFold</z></symmetry><detectionScore>-1.0</detectionScore></element></elements></scene>