<?xml version='1.0' encoding='utf-8'?>
<scene xmlns:sumo="https://www.sumochallenge.org"><version>2.0</version><categories><id>fb_categories_v1_0</id><url>https://sumochallenge.org/en/categories-1_0.json</url></categories><project_type>bounding_box</project_type><elements><element><id>0</id><category>wall</category><bounds><corner1>-2.0185890032790033, -4.810526013642746, -1.2054653730195766</corner1><corner2>2.0185890032790033, 4.810526013642746, 1.2054653730195766</corner2></bounds><pose><translation>-1.0526330126571082, -11.346572566454544, -0.008958299580703794</translation><rotation><c1>0, 0, 0</c1><c2>0, 0, 0</c2><c3>0, 0, 0</c3></rotation></pose><symmetry><x>twoFold</x><y>cylindrical</y><z>twoFold</z></symmetry><detectionScore>-1.0</detectionScore></element><element><id>1</id><category>wall</category><bounds><corner1>-0.09869951460788329, -2.787831635580776, -1.5829709909105665</corner1><corner2>0.09869951460788329, 2.787831635580776, 1.5829709909105665</corner2></bounds><pose><translation>4.132791754091828, -6.524231513058336, -0.313530601461425</translation><rotation><c1>0, 0, 0</c1><c2>0, 0, 0</c2><c3>0, 0, 0</c3></rotation></pose><symmetry><x>twoFold</x><y>cylindrical</y><z>twoFold</z></symmetry><detectionScore>-1.0</detectionScore></element><element><id>2</id><category>stairs</category><bounds><corner1>-3.4564622601236636, -0.6961539169096195, -1.129362302453392</corner1><corner2>3.4564622601236636, 0.6961539169096195, 1.129362302453392</corner2></bounds><pose><translation>3.6593589962546402, 0.7265026414552348, 0.2612616910434036</translation><rotation><c1>0, 0, 0</c1><c2>0, 0, 0</c2><c3>0, 0, 0</c3></rotation></pose><symmetry><x>twoFold</x><y>cylindrical</y><z>twoFold</z></symmetry><detectionScore>-1.0</detectionScore></element><element><id>3</id><category>wall</category><bounds><corner1>-3.236419907550977, -1.19632614104773, -1.3259488826939503</corner1><corner2>3.236419907550977, 1.19632614104773, 1.3259488826939503</corner2></bounds><pose><translation>4.481310128078188, 0.08445023294154169, -0.06392753236098725</translation><rotation><c1>0, 0, 0</c1><c2>0, 0, 0</c2><c3>0, 0, 0</c3></rotation></pose><symmetry><x>twoFold</x><y>cylindrical</y><z>twoFold</z></symmetry><detectionScore>-1.0</detectionScore></element><element><id>4</id><category>armchair</category><bounds><corner1>-4.206758557328539, -0.15773631454975967, -0.26027822293342884</corner1><corner2>4.206758557328539, 0.15773631454975967, 0.26027822293342884</corner2></bounds><pose><translation>1.3621390705982532, -1.7298869316590666, -0.9429984850666012</translation><rotation><c1>0, 0, 0</c1><c2>0, 0, 0</c2><c3>0, 0, 0</c3></rotation></pose><symmetry><x>twoFold</x><y>cylindrical</y><z>twoFold</z></symmetry><detectionScore>-1.0</detectionScore></element><element><id>5</id><category>wall</category><bounds><corner1>-0.33182564539837056, -2.5928479590840694, -1.4577989110171656</corner1><corner2>0.33182564539837056, 2.5928479590840694, 1.4577989110171656</corner2></bounds><pose><translation>4.172339054474329, -6.329759636164148, -0.2062098992991425</translation><rotation><c1>0, 0, 0</c1><c2>0, 0, 0</c2><c3>0, 0, 0</c3></rotation></pose><symmetry><x>twoFold</x><y>cylindrical</y><z>twoFold</z></symmetry><detectionScore>-1.0</detectionScore></element><element><id>6</id><category>window</category><bounds><corner1>-0.07853652187145888, -0.8229671310656688, -0.6076988355434915</corner1><corner2>0.07853652187145888, 0.8229671310656688, 0.6076988355434915</corner2></bounds><pose><translation>-1.8030254856910415, -4.45287978609637, 0.0036110937248369605</translation><rotation><c1>0, 0, 0</c1><c2>0, 0, 0</c2><c3>0, 0, 0</c3></rotation></pose><symmetry><x>twoFold</x><y>cylindrical</y><z>twoFold</z></symmetry><detectionScore>-1.0</detectionScore></element><element><id>7</id><category>wall</category><bounds><corner1>-0.11585125535498975, -3.1005317794425373, -1.3974084298271876</corner1><corner2>0.11585125535498975, 3.1005317794425373, 1.3974084298271876</corner2></bounds><pose><translation>4.120630987266943, -6.8863659169249365, -0.11629375260030356</translation><rotation><c1>0, 0, 0</c1><c2>0, 0, 0</c2><c3>0, 0, 0</c3></rotation></pose><symmetry><x>twoFold</x><y>cylindrical</y><z>twoFold</z></symmetry><detectionScore>-1.0</detectionScore></element><element><id>8</id><category>chandelier</category><bounds><corner1>-4.546120274096945, -1.5361960760912412, -0.06787177484737561</corner1><corner2>4.546120274096945, 1.5361960760912412, 0.06787177484737561</corner2></bounds><pose><translation>6.253451602119525, -4.231566289028352, 1.2475285803082126</translation><rotation><c1>0, 0, 0</c1><c2>0, 0, 0</c2><c3>0, 0, 0</c3></rotation></pose><symmetry><x>twoFold</x><y>cylindrical</y><z>twoFold</z></symmetry><detectionScore>-1.0</detectionScore></element><element><id>9</id><category>wall</category><bounds><corner1>-1.810039008773888, -2.6089102162728084, -1.274474473802286</corner1><corner2>1.810039008773888, 2.6089102162728084, 1.274474473802286</corner2></bounds><pose><translation>9.421305568496516, -4.289926951899011, -0.054004674566003434</translation><rotation><c1>0, 0, 0</c1><c2>0, 0, 0</c2><c3>0, 0, 0</c3></rotation></pose><symmetry><x>twoFold</x><y>cylindrical</y><z>twoFold</z></symmetry><detectionScore>-1.0</detectionScore></element><element><id>10</id><category>table_and_chair</category><bounds><corner1>-3.5301155658649606, -1.379901727563817, -0.6261138204393527</corner1><corner2>3.5301155658649606, 1.379901727563817, 0.6261138204393527</corner2></bounds><pose><translation>5.201485317956717, -3.629571411911598, -1.223564131552949</translation><rotation><c1>0, 0, 0</c1><c2>0, 0, 0</c2><c3>0, 0, 0</c3></rotation></pose><symmetry><x>twoFold</x><y>cylindrical</y><z>twoFold</z></symmetry><detectionScore>-1.0</detectionScore></element><element><id>11</id><category>column</category><bounds><corner1>-0.3737646793345002, -2.592737721085317, -1.488253609329049</corner1><corner2>0.3737646793345002, 2.592737721085317, 1.488253609329049</corner2></bounds><pose><translation>4.179342994470529, -6.324839184281307, -0.21666875124152027</translation><rotation><c1>0, 0, 0</c1><c2>0, 0, 0</c2><c3>0, 0, 0</c3></rotation></pose><symmetry><x>twoFold</x><y>cylindrical</y><z>twoFold</z></symmetry><detectionScore>-1.0</detectionScore></element><element><id>12</id><category>sofa</category><bounds><corner1>-2.6314269286117273, -2.3639595848618846, -0.38686347973490487</corner1><corner2>2.6314269286117273, 2.3639595848618846, 0.38686347973490487</corner2></bounds><pose><translation>2.5068358563702855, -4.0631035774241715, -0.9864238602108151</translation><rotation><c1>0, 0, 0</c1><c2>0, 0, 0</c2><c3>0, 0, 0</c3></rotation></pose><symmetry><x>twoFold</x><y>cylindrical</y><z>twoFold</z></symmetry><detectionScore>-1.0</detectionScore></element><element><id>13</id><category>wall</category><bounds><corner1>-2.3816380418649983, -2.949604949663205, -1.33428860892213</corner1><corner2>2.3816380418649983, 2.949604949663205, 1.33428860892213</corner2></bounds><pose><translation>1.710248478251353, -9.050935021813789, -0.07826993458410085</translation><rotation><c1>0, 0, 0</c1><c2>0, 0, 0</c2><c3>0, 0, 0</c3></rotation></pose><symmetry><x>twoFold</x><y>cylindrical</y><z>twoFold</z></symmetry><detectionScore>-1.0</detectionScore></element><element><id>14</id><category>chandelier</category><bounds><corner1>-1.9025312666593588, -0.5956200596411003, -0.09154283817089715</corner1><corner2>1.9025312666593588, 0.5956200596411003, 0.09154283817089715</corner2></bounds><pose><translation>1.0041010682873077, -3.592444018773177, 1.3098863433216494</translation><rotation><c1>0, 0, 0</c1><c2>0, 0, 0</c2><c3>0, 0, 0</c3></rotation></pose><symmetry><x>twoFold</x><y>cylindrical</y><z>twoFold</z></symmetry><detectionScore>-1.0</detectionScore></element><element><id>15</id><category>kitchen_cabinet</category><bounds><corner1>-2.6963677735346643, -2.7209845345673886, -1.31913480479141</corner1><corner2>2.6963677735346643, 2.7209845345673886, 1.31913480479141</corner2></bounds><pose><translation>8.488166290672, -5.358868569165633, -0.053855741655471134</translation><rotation><c1>0, 0, 0</c1><c2>0, 0, 0</c2><c3>0, 0, 0</c3></rotation></pose><symmetry><x>twoFold</x><y>cylindrical</y><z>twoFold</z></symmetry><detectionScore>-1.0</detectionScore></element><element><id>16</id><category>sofa</category><bounds><corner1>-1.9041469210697795, -0.7562971350904006, -0.4806255109938412</corner1><corner2>1.9041469210697795, 0.7562971350904006, 0.4806255109938412</corner2></bounds><pose><translation>2.2792020171196956, -4.508894299380964, -1.1051613202152466</translation><rotation><c1>0, 0, 0</c1><c2>0, 0, 0</c2><c3>0, 0, 0</c3></rotation></pose><symmetry><x>twoFold</x><y>cylindrical</y><z>twoFold</z></symmetry><detectionScore>-1.0</detectionScore></element><element><id>17</id><category>sofa</category><bounds><corner1>-1.2721986807721979, -2.3364920872758215, -0.6095072502568865</corner1><corner2>1.2721986807721979, 2.3364920872758215, 0.6095072502568865</corner2></bounds><pose><translation>-0.4895877917871086, -4.762593343517455, -1.2204540647654225</translation><rotation><c1>0, 0, 0</c1><c2>0, 0, 0</c2><c3>0, 0, 0</c3></rotation></pose><symmetry><x>twoFold</x><y>cylindrical</y><z>twoFold</z></symmetry><detectionScore>-1.0</detectionScore></element><element><id>18</id><category>wall</category><bounds><corner1>-2.810021099612282, -3.481892815475106, -1.3839612963643806</corner1><corner2>2.810021099612282, 3.481892815475106, 1.3839612963643806</corner2></bounds><pose><translation>8.222943666150236, -6.175680698724959, -0.13462687993013805</translation><rotation><c1>0, 0, 0</c1><c2>0, 0, 0</c2><c3>0, 0, 0</c3></rotation></pose><symmetry><x>twoFold</x><y>cylindrical</y><z>twoFold</z></symmetry><detectionScore>-1.0</detectionScore></element><element><id>19</id><category>wall</category><bounds><corner1>-1.4742513135175814, -0.10186404047889108, -1.3455651784211362</corner1><corner2>1.4742513135175814, 0.10186404047889108, 1.3455651784211362</corner2></bounds><pose><translation>2.833103496697177, 1.4156634497626717, 0.01566812644663091</translation><rotation><c1>0, 0, 0</c1><c2>0, 0, 0</c2><c3>0, 0, 0</c3></rotation></pose><symmetry><x>twoFold</x><y>cylindrical</y><z>twoFold</z></symmetry><detectionScore>-1.0</detectionScore></element><element><id>20</id><category>ottoman</category><bounds><corner1>-0.39143804253186243, -0.529550449622068, -0.2865649729434342</corner1><corner2>0.39143804253186243, 0.529550449622068, 0.2865649729434342</corner2></bounds><pose><translation>2.173267697173522, -4.757506876801201, -1.1177146146180217</translation><rotation><c1>0, 0, 0</c1><c2>0, 0, 0</c2><c3>0, 0, 0</c3></rotation></pose><symmetry><x>twoFold</x><y>cylindrical</y><z>twoFold</z></symmetry><detectionScore>-1.0</detectionScore></element><element><id>21</id><category>window</category><bounds><corner1>-2.6866458519344203, -3.430549985389735, -1.3427348727870667</corner1><corner2>2.6866458519344203, 3.430549985389735, 1.3427348727870667</corner2></bounds><pose><translation>8.376616367441242, -6.1766573826731985, -0.09709825824029247</translation><rotation><c1>0, 0, 0</c1><c2>0, 0, 0</c2><c3>0, 0, 0</c3></rotation></pose><symmetry><x>twoFold</x><y>cylindrical</y><z>twoFold</z></symmetry><detectionScore>-1.0</detectionScore></element><element><id>22</id><category>rug</category><bounds><corner1>-3.529667239033406, -0.14636745174783838, -0.22010032569013382</corner1><corner2>3.529667239033406, 0.14636745174783838, 0.22010032569013382</corner2></bounds><pose><translation>1.2337616212760971, -1.7289354642862929, -0.9105708042754512</translation><rotation><c1>0, 0, 0</c1><c2>0, 0, 0</c2><c3>0, 0, 0</c3></rotation></pose><symmetry><x>twoFold</x><y>cylindrical</y><z>twoFold</z></symmetry><detectionScore>-1.0</detectionScore></element></elements></scene>