<?xml version='1.0' encoding='utf-8'?>
<scene xmlns:sumo="https://www.sumochallenge.org"><version>2.0</version><categories><id>fb_categories_v1_0</id><url>https://sumochallenge.org/en/categories-1_0.json</url></categories><project_type>bounding_box</project_type><elements><element><id>0</id><category>chandelier</category><bounds><corner1>-3.1326718064982897, -0.6404590324034651, -0.09853828619469462</corner1><corner2>3.1326718064982897, 0.6404590324034651, 0.09853828619469462</corner2></bounds><pose><translation>1.7678326589385271, -3.2495063638950272, 1.316486156873094</translation><rotation><c1>0, 0, 0</c1><c2>0, 0, 0</c2><c3>0, 0, 0</c3></rotation></pose><symmetry><x>twoFold</x><y>cylindrical</y><z>twoFold</z></symmetry><detectionScore>-1.0</detectionScore></element><element><id>1</id><category>wall</category><bounds><corner1>-2.0851273690717633, -3.3544183193585035, -1.6094168145022985</corner1><corner2>2.0851273690717633, 3.3544183193585035, 1.6094168145022985</corner2></bounds><pose><translation>-3.5163686759356723, -6.38206954318854, -0.3164256418084122</translation><rotation><c1>0, 0, 0</c1><c2>0, 0, 0</c2><c3>0, 0, 0</c3></rotation></pose><symmetry><x>twoFold</x><y>cylindrical</y><z>twoFold</z></symmetry><detectionScore>-1.0</detectionScore></element><element><id>2</id><category>fireplace</category><bounds><corner1>-2.5148019938828816, -0.501768420974368, -1.2255622444286718</corner1><corner2>2.5148019938828816, 0.501768420974368, 1.2255622444286718</corner2></bounds><pose><translation>3.7480712186121026, 1.7148555420640812, -0.6068109954549445</translation><rotation><c1>0, 0, 0</c1><c2>0, 0, 0</c2><c3>0, 0, 0</c3></rotation></pose><symmetry><x>twoFold</x><y>cylindrical</y><z>twoFold</z></symmetry><detectionScore>-1.0</detectionScore></element><element><id>3</id><category>heater</category><bounds><corner1>-0.36395460049681727, -0.2104457858038602, -0.5836815652387871</corner1><corner2>0.36395460049681727, 0.2104457858038602, 0.5836815652387871</corner2></bounds><pose><translation>-2.7706698620021193, 2.146971789027613, -1.409183412637076</translation><rotation><c1>0, 0, 0</c1><c2>0, 0, 0</c2><c3>0, 0, 0</c3></rotation></pose><symmetry><x>twoFold</x><y>cylindrical</y><z>twoFold</z></symmetry><detectionScore>-1.0</detectionScore></element><element><id>4</id><category>fence</category><bounds><corner1>-0.1491462563075041, -0.8420883232117191, -0.9304761077039889</corner1><corner2>0.1491462563075041, 0.8420883232117191, 0.9304761077039889</corner2></bounds><pose><translation>6.027010037829067, -11.63978826477928, -0.548033195786221</translation><rotation><c1>0, 0, 0</c1><c2>0, 0, 0</c2><c3>0, 0, 0</c3></rotation></pose><symmetry><x>twoFold</x><y>cylindrical</y><z>twoFold</z></symmetry><detectionScore>-1.0</detectionScore></element><element><id>5</id><category>arch</category><bounds><corner1>-0.9465812212099616, -0.1637372218900226, -1.705983198331857</corner1><corner2>0.9465812212099616, 0.1637372218900226, 1.705983198331857</corner2></bounds><pose><translation>-4.609341289156733, 2.11941296790618, -0.4319934380160144</translation><rotation><c1>0, 0, 0</c1><c2>0, 0, 0</c2><c3>0, 0, 0</c3></rotation></pose><symmetry><x>twoFold</x><y>cylindrical</y><z>twoFold</z></symmetry><detectionScore>-1.0</detectionScore></element><element><id>6</id><category>door</category><bounds><corner1>-0.560954267758468, -0.6990416344651584, -1.4162352929921247</corner1><corner2>0.560954267758468, 0.6990416344651584, 1.4162352929921247</corner2></bounds><pose><translation>-4.553374301379786, -0.5505157054976348, -0.5084556734708604</translation><rotation><c1>0, 0, 0</c1><c2>0, 0, 0</c2><c3>0, 0, 0</c3></rotation></pose><symmetry><x>twoFold</x><y>cylindrical</y><z>twoFold</z></symmetry><detectionScore>-1.0</detectionScore></element><element><id>7</id><category>plant</category><bounds><corner1>-0.41791868888714934, -0.5981063290120086, -0.5328631759823355</corner1><corner2>0.41791868888714934, 0.5981063290120086, 0.5328631759823355</corner2></bounds><pose><translation>-2.5450199244009157, -0.9950699762355737, -1.6582177120594</translation><rotation><c1>0, 0, 0</c1><c2>0, 0, 0</c2><c3>0, 0, 0</c3></rotation></pose><symmetry><x>twoFold</x><y>cylindrical</y><z>twoFold</z></symmetry><detectionScore>-1.0</detectionScore></element><element><id>8</id><category>dresser</category><bounds><corner1>-0.5255385874807663, -0.931133278183907, -0.47913437089953004</corner1><corner2>0.5255385874807663, 0.931133278183907, 0.47913437089953004</corner2></bounds><pose><translation>5.8163337244419, -0.8684931754133629, -1.0854781294993254</translation><rotation><c1>0, 0, 0</c1><c2>0, 0, 0</c2><c3>0, 0, 0</c3></rotation></pose><symmetry><x>twoFold</x><y>cylindrical</y><z>twoFold</z></symmetry><detectionScore>-1.0</detectionScore></element><element><id>9</id><category>window</category><bounds><corner1>-0.14094221056152634, -2.042416953979963, -0.8299819185416012</corner1><corner2>0.14094221056152634, 2.042416953979963, 0.8299819185416012</corner2></bounds><pose><translation>6.023869272988952, -10.65578587873255, 0.43265640089834256</translation><rotation><c1>0, 0, 0</c1><c2>0, 0, 0</c2><c3>0, 0, 0</c3></rotation></pose><symmetry><x>twoFold</x><y>cylindrical</y><z>twoFold</z></symmetry><detectionScore>-1.0</detectionScore></element><element><id>10</id><category>door</category><bounds><corner1>-7.604607376720153, -4.226801975036231, -1.2144358585368027</corner1><corner2>7.604607376720153, 4.226801975036231, 1.2144358585368027</corner2></bounds><pose><translation>6.202679090784855, -4.226801975036231, -0.19676236934388905</translation><rotation><c1>0, 0, 0</c1><c2>0, 0, 0</c2><c3>0, 0, 0</c3></rotation></pose><symmetry><x>twoFold</x><y>cylindrical</y><z>twoFold</z></symmetry><detectionScore>-1.0</detectionScore></element><element><id>11</id><category>plant</category><bounds><corner1>-0.15562972633407224, -0.8889605879222646, -0.8727260007095502</corner1><corner2>0.15562972633407224, 0.8889605879222646, 0.8727260007095502</corner2></bounds><pose><translation>6.023860968388854, -11.68685030158198, -0.6246926769648643</translation><rotation><c1>0, 0, 0</c1><c2>0, 0, 0</c2><c3>0, 0, 0</c3></rotation></pose><symmetry><x>twoFold</x><y>cylindrical</y><z>twoFold</z></symmetry><detectionScore>-1.0</detectionScore></element><element><id>12</id><category>plant</category><bounds><corner1>-3.6226862781027735, -1.0647713596062887, -0.04630406663635056</corner1><corner2>3.6226862781027735, 1.0647713596062887, 0.04630406663635056</corner2></bounds><pose><translation>2.4867620329141236, -4.691710594518766, -0.7951052667527221</translation><rotation><c1>0, 0, 0</c1><c2>0, 0, 0</c2><c3>0, 0, 0</c3></rotation></pose><symmetry><x>twoFold</x><y>cylindrical</y><z>twoFold</z></symmetry><detectionScore>-1.0</detectionScore></element><element><id>13</id><category>coffee_table</category><bounds><corner1>-0.5059242873626751, -0.5149687100833755, -0.3035543462716481</corner1><corner2>0.5059242873626751, 0.5149687100833755, 0.3035543462716481</corner2></bounds><pose><translation>-0.2418532956227286, -2.4714169990290715, -1.5261495916067247</translation><rotation><c1>0, 0, 0</c1><c2>0, 0, 0</c2><c3>0, 0, 0</c3></rotation></pose><symmetry><x>twoFold</x><y>cylindrical</y><z>twoFold</z></symmetry><detectionScore>-1.0</detectionScore></element><element><id>14</id><category>plant</category><bounds><corner1>-0.12065670518113603, -5.9152774943898185, -0.8957380460718709</corner1><corner2>0.12065670518113603, 5.9152774943898185, 0.8957380460718709</corner2></bounds><pose><translation>6.028578864209971, -10.369281596305225, -0.8028644064882493</translation><rotation><c1>0, 0, 0</c1><c2>0, 0, 0</c2><c3>0, 0, 0</c3></rotation></pose><symmetry><x>twoFold</x><y>cylindrical</y><z>twoFold</z></symmetry><detectionScore>-1.0</detectionScore></element><element><id>15</id><category>ottoman</category><bounds><corner1>-0.7169343739888014, -0.17285739723719296, -0.34064943920506974</corner1><corner2>0.7169343739888014, 0.17285739723719296, 0.34064943920506974</corner2></bounds><pose><translation>3.8171498764963325, -1.616191334312513, -1.2436566546035437</translation><rotation><c1>0, 0, 0</c1><c2>0, 0, 0</c2><c3>0, 0, 0</c3></rotation></pose><symmetry><x>twoFold</x><y>cylindrical</y><z>twoFold</z></symmetry><detectionScore>-1.0</detectionScore></element><element><id>16</id><category>floor</category><bounds><corner1>-0.9110643015482478, -1.080047161295302, -0.41678956375948517</corner1><corner2>0.9110643015482478, 1.080047161295302, 0.41678956375948517</corner2></bounds><pose><translation>-4.619936274438108, 1.1466558473707904, -0.9772545871098699</translation><rotation><c1>0, 0, 0</c1><c2>0, 0, 0</c2><c3>0, 0, 0</c3></rotation></pose><symmetry><x>twoFold</x><y>cylindrical</y><z>twoFold</z></symmetry><detectionScore>-1.0</detectionScore></element><element><id>17</id><category>wall</category><bounds><corner1>-0.14600247723996063, -5.593892088951037, -1.3260318126338002</corner1><corner2>0.14600247723996063, 5.593892088951037, 1.3260318126338002</corner2></bounds><pose><translation>6.01745176307099, -10.54022545564496, -0.06570194873553142</translation><rotation><c1>0, 0, 0</c1><c2>0, 0, 0</c2><c3>0, 0, 0</c3></rotation></pose><symmetry><x>twoFold</x><y>cylindrical</y><z>twoFold</z></symmetry><detectionScore>-1.0</detectionScore></element><element><id>18</id><category>curtain</category><bounds><corner1>-0.16779882665713597, -2.4108558964788624, -0.8539634060708923</corner1><corner2>0.16779882665713597, 2.4108558964788624, 0.8539634060708923</corner2></bounds><pose><translation>6.011235111691674, -11.03020968834358, 0.4090498805887041</translation><rotation><c1>0, 0, 0</c1><c2>0, 0, 0</c2><c3>0, 0, 0</c3></rotation></pose><symmetry><x>twoFold</x><y>cylindrical</y><z>twoFold</z></symmetry><detectionScore>-1.0</detectionScore></element><element><id>19</id><category>sofa</category><bounds><corner1>-1.181039361462236, -1.1599645050556449, -0.4336906497222721</corner1><corner2>1.181039361462236, 1.1599645050556449, 0.4336906497222721</corner2></bounds><pose><translation>-0.3672154962173756, -4.239468758416775, -1.1629160572808412</translation><rotation><c1>0, 0, 0</c1><c2>0, 0, 0</c2><c3>0, 0, 0</c3></rotation></pose><symmetry><x>twoFold</x><y>cylindrical</y><z>twoFold</z></symmetry><detectionScore>-1.0</detectionScore></element><element><id>20</id><category>single_bed</category><bounds><corner1>-0.5378764368791256, -0.8067701134182996, -0.4317479628894252</corner1><corner2>0.5378764368791256, 0.8067701134182996, 0.4317479628894252</corner2></bounds><pose><translation>5.828381031789973, -0.7884701265591241, -0.9127348552885731</translation><rotation><c1>0, 0, 0</c1><c2>0, 0, 0</c2><c3>0, 0, 0</c3></rotation></pose><symmetry><x>twoFold</x><y>cylindrical</y><z>twoFold</z></symmetry><detectionScore>-1.0</detectionScore></element><element><id>21</id><category>dresser</category><bounds><corner1>-0.9634272023625245, -0.4825699785124131, -0.4532022759692814</corner1><corner2>0.9634272023625245, 0.4825699785124131, 0.4532022759692814</corner2></bounds><pose><translation>0.7010431666603012, 1.8525296978605668, -1.0596227069126452</translation><rotation><c1>0, 0, 0</c1><c2>0, 0, 0</c2><c3>0, 0, 0</c3></rotation></pose><symmetry><x>twoFold</x><y>cylindrical</y><z>twoFold</z></symmetry><detectionScore>-1.0</detectionScore></element><element><id>22</id><category>water_dispenser</category><bounds><corner1>-0.2966252979233954, -0.24297949899655702, -0.841819953307949</corner1><corner2>0.2966252979233954, 0.24297949899655702, 0.841819953307949</corner2></bounds><pose><translation>-3.7600847452875157, 2.054924685186493, -0.871581429703701</translation><rotation><c1>0, 0, 0</c1><c2>0, 0, 0</c2><c3>0, 0, 0</c3></rotation></pose><symmetry><x>twoFold</x><y>cylindrical</y><z>twoFold</z></symmetry><detectionScore>-1.0</detectionScore></element><element><id>23</id><category>wall</category><bounds><corner1>-2.6964199396895117, -6.239718555683323, -1.5977216221114792</corner1><corner2>2.6964199396895117, 6.239718555683323, 1.5977216221114792</corner2></bounds><pose><translation>-2.0210934009535246, -14.208142215898322, -0.3626897856066202</translation><rotation><c1>0, 0, 0</c1><c2>0, 0, 0</c2><c3>0, 0, 0</c3></rotation></pose><symmetry><x>twoFold</x><y>cylindrical</y><z>twoFold</z></symmetry><detectionScore>-1.0</detectionScore></element><element><id>24</id><category>wall</category><bounds><corner1>-0.15359831363357523, -0.19042056295295406, -0.8892136484681836</corner1><corner2>0.15359831363357523, 0.19042056295295406, 0.8892136484681836</corner2></bounds><pose><translation>-3.633311808647262, -5.745429099020427, -0.1267627405479872</translation><rotation><c1>0, 0, 0</c1><c2>0, 0, 0</c2><c3>0, 0, 0</c3></rotation></pose><symmetry><x>twoFold</x><y>cylindrical</y><z>twoFold</z></symmetry><detectionScore>-1.0</detectionScore></element><element><id>25</id><category>coffee_table</category><bounds><corner1>-0.5929156061705458, -0.528727836497755, -0.18837931870513103</corner1><corner2>0.5929156061705458, 0.528727836497755, 0.18837931870513103</corner2></bounds><pose><translation>3.9964642169794566, -2.114658601373726, -1.038802871421696</translation><rotation><c1>0, 0, 0</c1><c2>0, 0, 0</c2><c3>0, 0, 0</c3></rotation></pose><symmetry><x>twoFold</x><y>cylindrical</y><z>twoFold</z></symmetry><detectionScore>-1.0</detectionScore></element><element><id>26</id><category>wall</category><bounds><corner1>-7.336981083926543, -3.662220922517431, -1.3678296051249386</corner1><corner2>7.336981083926543, 3.662220922517431, 1.3678296051249386</corner2></bounds><pose><translation>6.230908710714897, -1.626575593562913, -0.09920586525364011</translation><rotation><c1>0, 0, 0</c1><c2>0, 0, 0</c2><c3>0, 0, 0</c3></rotation></pose><symmetry><x>twoFold</x><y>cylindrical</y><z>twoFold</z></symmetry><detectionScore>-1.0</detectionScore></element><element><id>27</id><category>wall</category><bounds><corner1>-0.9040718074855629, -0.1850519150364165, -1.4805922396330722</corner1><corner2>0.9040718074855629, 0.1850519150364165, 1.4805922396330722</corner2></bounds><pose><translation>-4.550100973237871, 2.104389657518315, -0.12681234864947089</translation><rotation><c1>0, 0, 0</c1><c2>0, 0, 0</c2><c3>0, 0, 0</c3></rotation></pose><symmetry><x>twoFold</x><y>cylindrical</y><z>twoFold</z></symmetry><detectionScore>-1.0</detectionScore></element><element><id>28</id><category>fireplace</category><bounds><corner1>-3.0442802843407053, -0.4849312895033162, -1.3772469716440847</corner1><corner2>3.0442802843407053, 0.4849312895033162, 1.3772469716440847</corner2></bounds><pose><translation>2.7403676727894233, 1.8963958849051068, 0.04140484029775333</translation><rotation><c1>0, 0, 0</c1><c2>0, 0, 0</c2><c3>0, 0, 0</c3></rotation></pose><symmetry><x>twoFold</x><y>cylindrical</y><z>twoFold</z></symmetry><detectionScore>-1.0</detectionScore></element><element><id>29</id><category>window</category><bounds><corner1>-0.13308785200572704, -0.8101444082641986, -1.0140223437935654</corner1><corner2>0.13308785200572704, 0.8101444082641986, 1.0140223437935654</corner2></bounds><pose><translation>6.039207356729271, -10.834064414659075, 0.055678236341040216</translation><rotation><c1>0, 0, 0</c1><c2>0, 0, 0</c2><c3>0, 0, 0</c3></rotation></pose><symmetry><x>twoFold</x><y>cylindrical</y><z>twoFold</z></symmetry><detectionScore>-1.0</detectionScore></element><element><id>30</id><category>wall</category><bounds><corner1>-3.06359501129626, -0.46444030252093826, -1.3682550577504196</corner1><corner2>3.06359501129626, 0.46444030252093826, 1.3682550577504196</corner2></bounds><pose><translation>2.9283993420652994, 1.8379182500812967, 0.032222021415192405</translation><rotation><c1>0, 0, 0</c1><c2>0, 0, 0</c2><c3>0, 0, 0</c3></rotation></pose><symmetry><x>twoFold</x><y>cylindrical</y><z>twoFold</z></symmetry><detectionScore>-1.0</detectionScore></element><element><id>31</id><category>sofa</category><bounds><corner1>-4.538150461014599, -2.4523742073862262, -0.2503153593379219</corner1><corner2>4.538150461014599, 2.4523742073862262, 0.2503153593379219</corner2></bounds><pose><translation>1.5257793676089757, -5.140887811651801, -0.8440539149182491</translation><rotation><c1>0, 0, 0</c1><c2>0, 0, 0</c2><c3>0, 0, 0</c3></rotation></pose><symmetry><x>twoFold</x><y>cylindrical</y><z>twoFold</z></symmetry><detectionScore>-1.0</detectionScore></element><element><id>32</id><category>door</category><bounds><corner1>-2.028077439123743, -8.84235189289345, -1.7574357379147056</corner1><corner2>2.028077439123743, 8.84235189289345, 1.7574357379147056</corner2></bounds><pose><translation>-1.8554539998209254, -14.083239427806594, -0.5174651345292911</translation><rotation><c1>0, 0, 0</c1><c2>0, 0, 0</c2><c3>0, 0, 0</c3></rotation></pose><symmetry><x>twoFold</x><y>cylindrical</y><z>twoFold</z></symmetry><detectionScore>-1.0</detectionScore></element><element><id>33</id><category>kitchen_cabinet</category><bounds><corner1>-0.5303783701666793, -0.9483552382528955, -0.6727427563695448</corner1><corner2>0.5303783701666793, 0.9483552382528955, 0.6727427563695448</corner2></bounds><pose><translation>5.829558857397402, 1.2455823940408952, -0.888958934530852</translation><rotation><c1>0, 0, 0</c1><c2>0, 0, 0</c2><c3>0, 0, 0</c3></rotation></pose><symmetry><x>twoFold</x><y>cylindrical</y><z>twoFold</z></symmetry><detectionScore>-1.0</detectionScore></element><element><id>34</id><category>chandelier</category><bounds><corner1>-1.5535839000010307, -5.852364166241289, -0.04417472265518674</corner1><corner2>1.5535839000010307, 5.852364166241289, 0.04417472265518674</corner2></bounds><pose><translation>4.562131502323011, -9.007387861341762, 1.248464010763676</translation><rotation><c1>0, 0, 0</c1><c2>0, 0, 0</c2><c3>0, 0, 0</c3></rotation></pose><symmetry><x>twoFold</x><y>cylindrical</y><z>twoFold</z></symmetry><detectionScore>-1.0</detectionScore></element><element><id>35</id><category>wall</category><bounds><corner1>-7.5098034137148835, -3.5593157295836204, -0.6609259845202292</corner1><corner2>7.5098034137148835, 3.5593157295836204, 0.6609259845202292</corner2></bounds><pose><translation>6.3435973063202455, -3.5593157295836204, -0.08251303429829114</translation><rotation><c1>0, 0, 0</c1><c2>0, 0, 0</c2><c3>0, 0, 0</c3></rotation></pose><symmetry><x>twoFold</x><y>cylindrical</y><z>twoFold</z></symmetry><detectionScore>-1.0</detectionScore></element><element><id>36</id><category>curtain</category><bounds><corner1>-1.2017961538771558, -0.13881604034666717, -1.3656931101754253</corner1><corner2>1.2017961538771558, 0.13881604034666717, 1.3656931101754253</corner2></bounds><pose><translation>-4.911410297279959, 2.1225008741374296, -0.04159353126585731</translation><rotation><c1>0, 0, 0</c1><c2>0, 0, 0</c2><c3>0, 0, 0</c3></rotation></pose><symmetry><x>twoFold</x><y>cylindrical</y><z>twoFold</z></symmetry><detectionScore>-1.0</detectionScore></element><element><id>37</id><category>ottoman</category><bounds><corner1>-0.4723827402593825, -0.4695871076491691, -0.30742227331707084</corner1><corner2>0.4723827402593825, 0.4695871076491691, 0.30742227331707084</corner2></bounds><pose><translation>-0.2359506502076682, -2.3738249531545805, -1.5317271733047608</translation><rotation><c1>0, 0, 0</c1><c2>0, 0, 0</c2><c3>0, 0, 0</c3></rotation></pose><symmetry><x>twoFold</x><y>cylindrical</y><z>twoFold</z></symmetry><detectionScore>-1.0</detectionScore></element><element><id>38</id><category>wall</category><bounds><corner1>-1.8655346724908286, -5.305124504790051, -1.537485786915998</corner1><corner2>1.8655346724908286, 5.305124504790051, 1.537485786915998</corner2></bounds><pose><translation>-2.869448843887407, -9.719209532746095, -0.2964648964367741</translation><rotation><c1>0, 0, 0</c1><c2>0, 0, 0</c2><c3>0, 0, 0</c3></rotation></pose><symmetry><x>twoFold</x><y>cylindrical</y><z>twoFold</z></symmetry><detectionScore>-1.0</detectionScore></element><element><id>39</id><category>wall</category><bounds><corner1>-3.094369103724307, -7.031017345914739, -1.4358834414543626</corner1><corner2>3.094369103724307, 7.031017345914739, 1.4358834414543626</corner2></bounds><pose><translation>2.8945765107553054, -13.863577066071853, -0.2053644022411853</translation><rotation><c1>0, 0, 0</c1><c2>0, 0, 0</c2><c3>0, 0, 0</c3></rotation></pose><symmetry><x>twoFold</x><y>cylindrical</y><z>twoFold</z></symmetry><detectionScore>-1.0</detectionScore></element><element><id>40</id><category>wall</category><bounds><corner1>-0.5070527268559122, -2.903091341293522, -1.4191990622403203</corner1><corner2>0.5070527268559122, 2.903091341293522, 1.4191990622403203</corner2></bounds><pose><translation>-4.575206575979112, -1.5423094150491634, -0.12229437760015213</translation><rotation><c1>0, 0, 0</c1><c2>0, 0, 0</c2><c3>0, 0, 0</c3></rotation></pose><symmetry><x>twoFold</x><y>cylindrical</y><z>twoFold</z></symmetry><detectionScore>-1.0</detectionScore></element></elements></scene>