<?xml version='1.0' encoding='utf-8'?>
<scene xmlns:sumo="https://www.sumochallenge.org"><version>2.0</version><categories><id>fb_categories_v1.0</id><url>https://sumochallenge.org/en/categories-1_0.json</url></categories><project_type>bounding_box</project_type><elements><element><id>30</id><category>ottoman</category><bounds><corner1> 1.39995238, -1.45271678, -1.41776841</corner1><corner2> 2.60616133, -0.97730185, -0.51113117</corner2></bounds><pose><translation>0., 0., 0.</translation><rotation><c1>1., 0., 0.</c1><c2>0., 1., 0.</c2><c3>0., 0., 1.</c3></rotation></pose><symmetry><x>none</x><y>none</y><z>none</z></symmetry><detectionScore>-1</detectionScore></element><element><id>25</id><category>wall</category><bounds><corner1>-7.39262093, -0.97769684, -6.80879884</corner1><corner2>-1.81596046,  0.90803855, -1.1373263 </corner2></bounds><pose><translation>0., 0., 0.</translation><rotation><c1>1., 0., 0.</c1><c2>0., 1., 0.</c2><c3>0., 0., 1.</c3></rotation></pose><symmetry><x>none</x><y>none</y><z>none</z></symmetry><detectionScore>-1</detectionScore></element><element><id>18</id><category>wall</category><bounds><corner1>-1.88391821, -1.38578692, -1.13999064</corner1><corner2>-1.73994303,  1.13696971,  1.07119947</corner2></bounds><pose><translation>0., 0., 0.</translation><rotation><c1>1., 0., 0.</c1><c2>0., 1., 0.</c2><c3>0., 0., 1.</c3></rotation></pose><symmetry><x>none</x><y>none</y><z>none</z></symmetry><detectionScore>-1</detectionScore></element><element><id>21</id><category>coffee_table</category><bounds><corner1> 2.13706453, -1.46871189, -2.95704842</corner1><corner2> 3.61125274, -0.87794433, -0.96372809</corner2></bounds><pose><translation>0., 0., 0.</translation><rotation><c1>1., 0., 0.</c1><c2>0., 1., 0.</c2><c3>0., 0., 1.</c3></rotation></pose><symmetry><x>none</x><y>none</y><z>none</z></symmetry><detectionScore>-1</detectionScore></element><element><id>19</id><category>pedestal_fan</category><bounds><corner1>-4.68872654, -1.45115132, -7.02028775</corner1><corner2>-3.86269746, -0.56574533, -5.68538878</corner2></bounds><pose><translation>0., 0., 0.</translation><rotation><c1>1., 0., 0.</c1><c2>0., 1., 0.</c2><c3>0., 0., 1.</c3></rotation></pose><symmetry><x>none</x><y>none</y><z>none</z></symmetry><detectionScore>-1</detectionScore></element><element><id>17</id><category>wall</category><bounds><corner1>-1.81744175, -1.38242404, -3.48582869</corner1><corner2> 1.62303289,  1.18935682, -3.34598637</corner2></bounds><pose><translation>0., 0., 0.</translation><rotation><c1>1., 0., 0.</c1><c2>0., 1., 0.</c2><c3>0., 0., 1.</c3></rotation></pose><symmetry><x>none</x><y>none</y><z>none</z></symmetry><detectionScore>-1</detectionScore></element><element><id>31</id><category>wall</category><bounds><corner1>-1.95000371, -1.38688617, -3.48505177</corner1><corner2>-1.03831086,  1.15414025, -3.17210448</corner2></bounds><pose><translation>0., 0., 0.</translation><rotation><c1>1., 0., 0.</c1><c2>0., 1., 0.</c2><c3>0., 0., 1.</c3></rotation></pose><symmetry><x>none</x><y>none</y><z>none</z></symmetry><detectionScore>-1</detectionScore></element><element><id>6</id><category>chair</category><bounds><corner1> 1.64001467, -1.45395218, -3.24980555</corner1><corner2> 5.2717903 , -0.68803036, -0.71002576</corner2></bounds><pose><translation>0., 0., 0.</translation><rotation><c1>1., 0., 0.</c1><c2>0., 1., 0.</c2><c3>0., 0., 1.</c3></rotation></pose><symmetry><x>none</x><y>none</y><z>none</z></symmetry><detectionScore>-1</detectionScore></element><element><id>8</id><category>stand</category><bounds><corner1> 2.20697709, -1.45343823, -2.65540389</corner1><corner2> 5.00253697, -0.97159491, -1.05207138</corner2></bounds><pose><translation>0., 0., 0.</translation><rotation><c1>1., 0., 0.</c1><c2>0., 1., 0.</c2><c3>0., 0., 1.</c3></rotation></pose><symmetry><x>none</x><y>none</y><z>none</z></symmetry><detectionScore>-1</detectionScore></element><element><id>7</id><category>door</category><bounds><corner1>-4.68198567, -1.36523328, -7.53180846</corner1><corner2>-1.64565107,  0.7731287 , -3.17816386</corner2></bounds><pose><translation>0., 0., 0.</translation><rotation><c1>1., 0., 0.</c1><c2>0., 1., 0.</c2><c3>0., 0., 1.</c3></rotation></pose><symmetry><x>none</x><y>none</y><z>none</z></symmetry><detectionScore>-1</detectionScore></element><element><id>16</id><category>plant</category><bounds><corner1>-4.68906338, -1.44253394, -7.02281358</corner1><corner2>-3.87950795, -0.66486058, -5.70449949</corner2></bounds><pose><translation>0., 0., 0.</translation><rotation><c1>1., 0., 0.</c1><c2>0., 1., 0.</c2><c3>0., 0., 1.</c3></rotation></pose><symmetry><x>none</x><y>none</y><z>none</z></symmetry><detectionScore>-1</detectionScore></element><element><id>10</id><category>door</category><bounds><corner1> 1.51204166, -1.46724588,  0.61917736</corner1><corner2>4.74626054, 1.12681157, 1.1153139 </corner2></bounds><pose><translation>0., 0., 0.</translation><rotation><c1>1., 0., 0.</c1><c2>0., 1., 0.</c2><c3>0., 0., 1.</c3></rotation></pose><symmetry><x>none</x><y>none</y><z>none</z></symmetry><detectionScore>-1</detectionScore></element><element><id>26</id><category>coffee_table</category><bounds><corner1> 1.40300033, -1.45711415, -3.21949213</corner1><corner2> 4.05818026, -0.77843726, -0.53354582</corner2></bounds><pose><translation>0., 0., 0.</translation><rotation><c1>1., 0., 0.</c1><c2>0., 1., 0.</c2><c3>0., 0., 1.</c3></rotation></pose><symmetry><x>none</x><y>none</y><z>none</z></symmetry><detectionScore>-1</detectionScore></element><element><id>22</id><category>window</category><bounds><corner1> 1.57995081, -1.46423995,  0.72775875</corner1><corner2>4.05997169, 0.98596503, 1.11571737</corner2></bounds><pose><translation>0., 0., 0.</translation><rotation><c1>1., 0., 0.</c1><c2>0., 1., 0.</c2><c3>0., 0., 1.</c3></rotation></pose><symmetry><x>none</x><y>none</y><z>none</z></symmetry><detectionScore>-1</detectionScore></element><element><id>23</id><category>armchair</category><bounds><corner1> 1.67894886, -1.45350017, -3.24557413</corner1><corner2> 5.27054484, -0.68782972, -0.72513224</corner2></bounds><pose><translation>0., 0., 0.</translation><rotation><c1>1., 0., 0.</c1><c2>0., 1., 0.</c2><c3>0., 0., 1.</c3></rotation></pose><symmetry><x>none</x><y>none</y><z>none</z></symmetry><detectionScore>-1</detectionScore></element><element><id>11</id><category>wall</category><bounds><corner1>-4.69288088, -0.93909277, -7.21772872</corner1><corner2>-3.27472685,  0.81209213, -4.9983931 </corner2></bounds><pose><translation>0., 0., 0.</translation><rotation><c1>1., 0., 0.</c1><c2>0., 1., 0.</c2><c3>0., 0., 1.</c3></rotation></pose><symmetry><x>none</x><y>none</y><z>none</z></symmetry><detectionScore>-1</detectionScore></element><element><id>2</id><category>wall</category><bounds><corner1>-4.68294326, -1.16035644, -6.96645521</corner1><corner2>-3.13421547,  0.98037368, -4.42475292</corner2></bounds><pose><translation>0., 0., 0.</translation><rotation><c1>1., 0., 0.</c1><c2>0., 1., 0.</c2><c3>0., 0., 1.</c3></rotation></pose><symmetry><x>none</x><y>none</y><z>none</z></symmetry><detectionScore>-1</detectionScore></element><element><id>14</id><category>outdoor_lamp</category><bounds><corner1>-4.68973671, -1.46039963, -7.02620787</corner1><corner2>-3.84347962, -0.65346051, -5.69163776</corner2></bounds><pose><translation>0., 0., 0.</translation><rotation><c1>1., 0., 0.</c1><c2>0., 1., 0.</c2><c3>0., 0., 1.</c3></rotation></pose><symmetry><x>none</x><y>none</y><z>none</z></symmetry><detectionScore>-1</detectionScore></element><element><id>9</id><category>chair</category><bounds><corner1>-0.40374239, -0.65681384,  0.95001588</corner1><corner2>-0.03739831, -0.47463654,  1.05101024</corner2></bounds><pose><translation>0., 0., 0.</translation><rotation><c1>1., 0., 0.</c1><c2>0., 1., 0.</c2><c3>0., 0., 1.</c3></rotation></pose><symmetry><x>none</x><y>none</y><z>none</z></symmetry><detectionScore>-1</detectionScore></element><element><id>20</id><category>wall</category><bounds><corner1>-4.6729256 , -1.16572146, -7.46200964</corner1><corner2>-1.34921467,  0.92381418, -3.1901933 </corner2></bounds><pose><translation>0., 0., 0.</translation><rotation><c1>1., 0., 0.</c1><c2>0., 1., 0.</c2><c3>0., 0., 1.</c3></rotation></pose><symmetry><x>none</x><y>none</y><z>none</z></symmetry><detectionScore>-1</detectionScore></element><element><id>5</id><category>chair</category><bounds><corner1> 1.99699629, -1.46201682, -3.28221828</corner1><corner2> 5.28253924, -0.68140519, -1.15152644</corner2></bounds><pose><translation>0., 0., 0.</translation><rotation><c1>1., 0., 0.</c1><c2>0., 1., 0.</c2><c3>0., 0., 1.</c3></rotation></pose><symmetry><x>none</x><y>none</y><z>none</z></symmetry><detectionScore>-1</detectionScore></element><element><id>24</id><category>sofa</category><bounds><corner1> 1.56906722, -1.45325222, -1.92787924</corner1><corner2> 5.33763809, -0.44656209,  0.4372805 </corner2></bounds><pose><translation>0., 0., 0.</translation><rotation><c1>1., 0., 0.</c1><c2>0., 1., 0.</c2><c3>0., 0., 1.</c3></rotation></pose><symmetry><x>none</x><y>none</y><z>none</z></symmetry><detectionScore>-1</detectionScore></element><element><id>12</id><category>window</category><bounds><corner1>-4.65330292, -1.08200145, -7.54839955</corner1><corner2>-1.66625748,  0.78283785, -3.17400185</corner2></bounds><pose><translation>0., 0., 0.</translation><rotation><c1>1., 0., 0.</c1><c2>0., 1., 0.</c2><c3>0., 0., 1.</c3></rotation></pose><symmetry><x>none</x><y>none</y><z>none</z></symmetry><detectionScore>-1</detectionScore></element><element><id>29</id><category>kitchen_cabinet</category><bounds><corner1>-7.42615531, -1.19987243, -6.8292822 </corner1><corner2>-1.81490332, -0.11393553, -1.25559528</corner2></bounds><pose><translation>0., 0., 0.</translation><rotation><c1>1., 0., 0.</c1><c2>0., 1., 0.</c2><c3>0., 0., 1.</c3></rotation></pose><symmetry><x>none</x><y>none</y><z>none</z></symmetry><detectionScore>-1</detectionScore></element><element><id>15</id><category>table_lamp</category><bounds><corner1> 2.1400625 , -1.46057339, -3.33949098</corner1><corner2> 5.29332313, -0.65761599, -1.08545887</corner2></bounds><pose><translation>0., 0., 0.</translation><rotation><c1>1., 0., 0.</c1><c2>0., 1., 0.</c2><c3>0., 0., 1.</c3></rotation></pose><symmetry><x>none</x><y>none</y><z>none</z></symmetry><detectionScore>-1</detectionScore></element><element><id>4</id><category>wall</category><bounds><corner1> 1.5199786 , -1.47049817,  0.49679483</corner1><corner2>4.39781501, 1.20225516, 1.11409379</corner2></bounds><pose><translation>0., 0., 0.</translation><rotation><c1>1., 0., 0.</c1><c2>0., 1., 0.</c2><c3>0., 0., 1.</c3></rotation></pose><symmetry><x>none</x><y>none</y><z>none</z></symmetry><detectionScore>-1</detectionScore></element><element><id>1</id><category>wall</category><bounds><corner1> 2.26793298, -1.42210639, -3.41758289</corner1><corner2>5.37059919, 1.17735111, 1.06197378</corner2></bounds><pose><translation>0., 0., 0.</translation><rotation><c1>1., 0., 0.</c1><c2>0., 1., 0.</c2><c3>0., 0., 1.</c3></rotation></pose><symmetry><x>none</x><y>none</y><z>none</z></symmetry><detectionScore>-1</detectionScore></element><element><id>28</id><category>coffee_table</category><bounds><corner1> 2.37303212, -1.45293272, -1.39668426</corner1><corner2> 3.6001635 , -0.97284696, -1.01007695</corner2></bounds><pose><translation>0., 0., 0.</translation><rotation><c1>1., 0., 0.</c1><c2>0., 1., 0.</c2><c3>0., 0., 1.</c3></rotation></pose><symmetry><x>none</x><y>none</y><z>none</z></symmetry><detectionScore>-1</detectionScore></element><element><id>3</id><category>ottoman</category><bounds><corner1> 2.37795648, -1.45314364, -1.71858081</corner1><corner2> 4.73509042, -0.97284696, -1.0179373 </corner2></bounds><pose><translation>0., 0., 0.</translation><rotation><c1>1., 0., 0.</c1><c2>0., 1., 0.</c2><c3>0., 0., 1.</c3></rotation></pose><symmetry><x>none</x><y>none</y><z>none</z></symmetry><detectionScore>-1</detectionScore></element><element><id>27</id><category>door</category><bounds><corner1>-7.4275031 , -1.18095175, -6.84418562</corner1><corner2>-1.81494981,  0.55593831, -1.27788711</corner2></bounds><pose><translation>0., 0., 0.</translation><rotation><c1>1., 0., 0.</c1><c2>0., 1., 0.</c2><c3>0., 0., 1.</c3></rotation></pose><symmetry><x>none</x><y>none</y><z>none</z></symmetry><detectionScore>-1</detectionScore></element><element><id>13</id><category>door</category><bounds><corner1>-4.67118995, -1.46633835, -7.4574672 </corner1><corner2>-1.81930676,  0.81444859, -3.18721815</corner2></bounds><pose><translation>0., 0., 0.</translation><rotation><c1>1., 0., 0.</c1><c2>0., 1., 0.</c2><c3>0., 0., 1.</c3></rotation></pose><symmetry><x>none</x><y>none</y><z>none</z></symmetry><detectionScore>-1</detectionScore></element></elements></scene>