<?xml version='1.0' encoding='utf-8'?>
<scene xmlns:sumo="https://www.sumochallenge.org"><version>2.0</version><categories><id>fb_categories_v1.0</id><url>https://sumochallenge.org/en/categories-1_0.json</url></categories><project_type>bounding_box</project_type><elements><element><id>15</id><category>door</category><bounds><corner1>-0.45262179, -0.73826584, -0.76809178</corner1><corner2>0.45262179, 0.73826584, 0.76809178</corner2></bounds><pose><translation>-1.44581611, -0.29391744, -2.29015518</translation><rotation><c1>1., 0., 0.</c1><c2>0., 1., 0.</c2><c3>0., 0., 1.</c3></rotation></pose><symmetry><x>none</x><y>none</y><z>none</z></symmetry><detectionScore>-1</detectionScore></element><element><id>7</id><category>chair</category><bounds><corner1>-0.32907353, -0.54300253, -0.37537725</corner1><corner2>0.32907353, 0.54300253, 0.37537725</corner2></bounds><pose><translation> 2.44491152, -1.20567689, -1.51375862</translation><rotation><c1>1., 0., 0.</c1><c2>0., 1., 0.</c2><c3>0., 0., 1.</c3></rotation></pose><symmetry><x>none</x><y>none</y><z>none</z></symmetry><detectionScore>-1</detectionScore></element><element><id>4</id><category>kitchen_cabinet</category><bounds><corner1>-0.01902988, -0.13179682, -0.29835527</corner1><corner2>0.01902988, 0.13179682, 0.29835527</corner2></bounds><pose><translation>-1.03602502, -0.59700334, -0.65681561</translation><rotation><c1>1., 0., 0.</c1><c2>0., 1., 0.</c2><c3>0., 0., 1.</c3></rotation></pose><symmetry><x>none</x><y>none</y><z>none</z></symmetry><detectionScore>-1</detectionScore></element><element><id>9</id><category>wall</category><bounds><corner1>-1.90858327, -1.23277828, -0.1896872 </corner1><corner2>1.90858327, 1.23277828, 0.1896872 </corner2></bounds><pose><translation> 0.53069292, -0.06912297, -2.76887214</translation><rotation><c1>1., 0., 0.</c1><c2>0., 1., 0.</c2><c3>0., 0., 1.</c3></rotation></pose><symmetry><x>none</x><y>none</y><z>none</z></symmetry><detectionScore>-1</detectionScore></element><element><id>5</id><category>rug</category><bounds><corner1>-1.84179143, -0.56694818, -0.67582707</corner1><corner2>1.84179143, 0.56694818, 0.67582707</corner2></bounds><pose><translation> 4.09508591, -1.14753116, -0.6091051 </translation><rotation><c1>1., 0., 0.</c1><c2>0., 1., 0.</c2><c3>0., 0., 1.</c3></rotation></pose><symmetry><x>none</x><y>none</y><z>none</z></symmetry><detectionScore>-1</detectionScore></element><element><id>12</id><category>wall</category><bounds><corner1>-6.06757844, -1.33554304, -4.20248024</corner1><corner2>6.06757844, 1.33554304, 4.20248024</corner2></bounds><pose><translation> 7.98077562, -0.27586445,  1.85112545</translation><rotation><c1>1., 0., 0.</c1><c2>0., 1., 0.</c2><c3>0., 0., 1.</c3></rotation></pose><symmetry><x>none</x><y>none</y><z>none</z></symmetry><detectionScore>-1</detectionScore></element><element><id>11</id><category>window</category><bounds><corner1>-0.0919929 , -0.50338597, -0.42157682</corner1><corner2>0.0919929 , 0.50338597, 0.42157682</corner2></bounds><pose><translation>-1.66002034,  0.05677486,  0.57171677</translation><rotation><c1>1., 0., 0.</c1><c2>0., 1., 0.</c2><c3>0., 0., 1.</c3></rotation></pose><symmetry><x>none</x><y>none</y><z>none</z></symmetry><detectionScore>-1</detectionScore></element><element><id>10</id><category>kitchen_cabinet</category><bounds><corner1>-0.80100224, -0.47096793, -1.14514366</corner1><corner2>0.80100224, 0.47096793, 1.14514366</corner2></bounds><pose><translation>-0.99096969, -0.8050036 , -2.6471124 </translation><rotation><c1>1., 0., 0.</c1><c2>0., 1., 0.</c2><c3>0., 0., 1.</c3></rotation></pose><symmetry><x>none</x><y>none</y><z>none</z></symmetry><detectionScore>-1</detectionScore></element><element><id>6</id><category>refrigerator</category><bounds><corner1>-0.43349445, -1.00235681, -0.04809988</corner1><corner2>0.43349445, 1.00235681, 0.04809988</corner2></bounds><pose><translation> 0.87098021, -0.32272967, -2.63209325</translation><rotation><c1>1., 0., 0.</c1><c2>0., 1., 0.</c2><c3>0., 0., 1.</c3></rotation></pose><symmetry><x>none</x><y>none</y><z>none</z></symmetry><detectionScore>-1</detectionScore></element><element><id>13</id><category>kitchen_cabinet</category><bounds><corner1>-0.47790497, -1.31200431, -0.2802415 </corner1><corner2>0.47790497, 1.31200431, 0.2802415 </corner2></bounds><pose><translation>-0.1394916 , -0.47411638, -2.99308173</translation><rotation><c1>1., 0., 0.</c1><c2>0., 1., 0.</c2><c3>0., 0., 1.</c3></rotation></pose><symmetry><x>none</x><y>none</y><z>none</z></symmetry><detectionScore>-1</detectionScore></element><element><id>2</id><category>wall</category><bounds><corner1>-0.22283293, -1.1765584 , -1.70356625</corner1><corner2>0.22283293, 1.1765584 , 1.70356625</corner2></bounds><pose><translation> 7.98853676, -0.10175953, -0.63697324</translation><rotation><c1>1., 0., 0.</c1><c2>0., 1., 0.</c2><c3>0., 0., 1.</c3></rotation></pose><symmetry><x>none</x><y>none</y><z>none</z></symmetry><detectionScore>-1</detectionScore></element><element><id>8</id><category>microwave</category><bounds><corner1>-0.26088266, -0.14649672, -0.27907486</corner1><corner2>0.26088266, 0.14649672, 0.27907486</corner2></bounds><pose><translation> 0.66719517, -0.31644734,  1.13097312</translation><rotation><c1>1., 0., 0.</c1><c2>0., 1., 0.</c2><c3>0., 0., 1.</c3></rotation></pose><symmetry><x>none</x><y>none</y><z>none</z></symmetry><detectionScore>-1</detectionScore></element><element><id>1</id><category>window</category><bounds><corner1>-1.58562386, -0.81553113, -1.10886842</corner1><corner2>1.58562386, 0.81553113, 1.10886842</corner2></bounds><pose><translation> 3.52449607,  0.11684306, -2.69692935</translation><rotation><c1>1., 0., 0.</c1><c2>0., 1., 0.</c2><c3>0., 0., 1.</c3></rotation></pose><symmetry><x>none</x><y>none</y><z>none</z></symmetry><detectionScore>-1</detectionScore></element><element><id>14</id><category>window</category><bounds><corner1>-0.10994386, -0.49091493, -0.44437491</corner1><corner2>0.10994386, 0.49091493, 0.44437491</corner2></bounds><pose><translation>-1.6609377 ,  0.04647304, -0.33757641</translation><rotation><c1>1., 0., 0.</c1><c2>0., 1., 0.</c2><c3>0., 0., 1.</c3></rotation></pose><symmetry><x>none</x><y>none</y><z>none</z></symmetry><detectionScore>-1</detectionScore></element></elements></scene>