<?xml version='1.0' encoding='utf-8'?>
<scene xmlns:sumo="https://www.sumochallenge.org"><version>2.0</version><categories><id>fb_categories_v1_0</id><url>https://sumochallenge.org/en/categories-1_0.json</url></categories><project_type>bounding_box</project_type><elements><element><id>0</id><category>hanging_kitchen_cabinet</category><bounds><corner1>-0.4299478965728739, -0.045672922986180975, -0.3603711885726042</corner1><corner2>0.4299478965728739, 0.045672922986180975, 0.3603711885726042</corner2></bounds><pose><translation>-0.36826319047558337, -2.7273383112422547, 0.07715318388785011</translation><rotation><c1>0, 0, 0</c1><c2>0, 0, 0</c2><c3>0, 0, 0</c3></rotation></pose><symmetry><x>twoFold</x><y>cylindrical</y><z>twoFold</z></symmetry><detectionScore>-1.0</detectionScore></element><element><id>1</id><category>wall</category><bounds><corner1>-0.7529912563402719, -2.3205395006558778, -1.505931780732094</corner1><corner2>0.7529912563402719, 2.3205395006558778, 1.505931780732094</corner2></bounds><pose><translation>-2.923194429229165, -0.11881945400942591, -0.1497203591086721</translation><rotation><c1>0, 0, 0</c1><c2>0, 0, 0</c2><c3>0, 0, 0</c3></rotation></pose><symmetry><x>twoFold</x><y>cylindrical</y><z>twoFold</z></symmetry><detectionScore>-1.0</detectionScore></element><element><id>2</id><category>picture_frame</category><bounds><corner1>-0.6386935009328125, -0.06998815951295745, -0.6891430140026492</corner1><corner2>0.6386935009328125, 0.06998815951295745, 0.6891430140026492</corner2></bounds><pose><translation>1.3120733918102376, -2.6839619779896555, -0.07119734157050897</translation><rotation><c1>0, 0, 0</c1><c2>0, 0, 0</c2><c3>0, 0, 0</c3></rotation></pose><symmetry><x>twoFold</x><y>cylindrical</y><z>twoFold</z></symmetry><detectionScore>-1.0</detectionScore></element><element><id>3</id><category>dressing_table</category><bounds><corner1>-0.9970950872295391, -0.6308573210598554, -0.8320034021966737</corner1><corner2>0.9970950872295391, 0.6308573210598554, 0.8320034021966737</corner2></bounds><pose><translation>-0.29176656876305485, 2.6491046954220407, -0.9426620000442623</translation><rotation><c1>0, 0, 0</c1><c2>0, 0, 0</c2><c3>0, 0, 0</c3></rotation></pose><symmetry><x>twoFold</x><y>cylindrical</y><z>twoFold</z></symmetry><detectionScore>-1.0</detectionScore></element><element><id>4</id><category>wall</category><bounds><corner1>-2.4704179606595296, -0.09319880327730612, -1.5176131704654119</corner1><corner2>2.4704179606595296, 0.09319880327730612, 1.5176131704654119</corner2></bounds><pose><translation>-0.5187933442698326, 3.1772098725558084, -0.1497416846972826</translation><rotation><c1>0, 0, 0</c1><c2>0, 0, 0</c2><c3>0, 0, 0</c3></rotation></pose><symmetry><x>twoFold</x><y>cylindrical</y><z>twoFold</z></symmetry><detectionScore>-1.0</detectionScore></element><element><id>5</id><category>outdoor_seating</category><bounds><corner1>-0.5876245356733221, -1.0810671335730198, -0.7885677976186589</corner1><corner2>0.5876245356733221, 1.0810671335730198, 0.7885677976186589</corner2></bounds><pose><translation>-2.603264874101603, 0.919864882244923, -0.8974185580123412</translation><rotation><c1>0, 0, 0</c1><c2>0, 0, 0</c2><c3>0, 0, 0</c3></rotation></pose><symmetry><x>twoFold</x><y>cylindrical</y><z>twoFold</z></symmetry><detectionScore>-1.0</detectionScore></element><element><id>6</id><category>desk</category><bounds><corner1>-0.7660181531648862, -0.809076248569712, -0.6644647320710338</corner1><corner2>0.7660181531648862, 0.809076248569712, 0.6644647320710338</corner2></bounds><pose><translation>-0.6282850867709737, 2.424652575091116, -1.1941756161675203</translation><rotation><c1>0, 0, 0</c1><c2>0, 0, 0</c2><c3>0, 0, 0</c3></rotation></pose><symmetry><x>twoFold</x><y>cylindrical</y><z>twoFold</z></symmetry><detectionScore>-1.0</detectionScore></element><element><id>7</id><category>picture_frame</category><bounds><corner1>-0.38771259538070574, -0.04567561947557852, -0.3445802156378242</corner1><corner2>0.38771259538070574, 0.04567561947557852, 0.3445802156378242</corner2></bounds><pose><translation>-0.36894481404303225, -2.7266672782962638, 0.07185825102152373</translation><rotation><c1>0, 0, 0</c1><c2>0, 0, 0</c2><c3>0, 0, 0</c3></rotation></pose><symmetry><x>twoFold</x><y>cylindrical</y><z>twoFold</z></symmetry><detectionScore>-1.0</detectionScore></element><element><id>8</id><category>plant</category><bounds><corner1>-0.3260050481431982, -0.2827695578264251, -1.0345418653671576</corner1><corner2>0.3260050481431982, 0.2827695578264251, 1.0345418653671576</corner2></bounds><pose><translation>1.7046777838488376, 2.9547424242700338, -1.0315397649745384</translation><rotation><c1>0, 0, 0</c1><c2>0, 0, 0</c2><c3>0, 0, 0</c3></rotation></pose><symmetry><x>twoFold</x><y>cylindrical</y><z>twoFold</z></symmetry><detectionScore>-1.0</detectionScore></element><element><id>9</id><category>picture_frame</category><bounds><corner1>-0.07184547156535093, -0.694032957094109, -0.5128845252795847</corner1><corner2>0.07184547156535093, 0.694032957094109, 0.5128845252795847</corner2></bounds><pose><translation>-2.9233546000764603, -1.4574808607948504, 0.2875061772706383</translation><rotation><c1>0, 0, 0</c1><c2>0, 0, 0</c2><c3>0, 0, 0</c3></rotation></pose><symmetry><x>twoFold</x><y>cylindrical</y><z>twoFold</z></symmetry><detectionScore>-1.0</detectionScore></element><element><id>10</id><category>stand</category><bounds><corner1>-0.44693922910132733, -0.7631587552561041, -0.5891922388585513</corner1><corner2>0.44693922910132733, 0.7631587552561041, 0.5891922388585513</corner2></bounds><pose><translation>-0.8173267706084916, 2.4658630201602625, -1.3139859843987556</translation><rotation><c1>0, 0, 0</c1><c2>0, 0, 0</c2><c3>0, 0, 0</c3></rotation></pose><symmetry><x>twoFold</x><y>cylindrical</y><z>twoFold</z></symmetry><detectionScore>-1.0</detectionScore></element><element><id>11</id><category>armchair</category><bounds><corner1>-0.45470680735625324, -1.0688228225185676, -0.8391426633675394</corner1><corner2>0.45470680735625324, 1.0688228225185676, 0.8391426633675394</corner2></bounds><pose><translation>-2.460963000219743, 0.8373144794156546, -1.1281597038115108</translation><rotation><c1>0, 0, 0</c1><c2>0, 0, 0</c2><c3>0, 0, 0</c3></rotation></pose><symmetry><x>twoFold</x><y>cylindrical</y><z>twoFold</z></symmetry><detectionScore>-1.0</detectionScore></element><element><id>12</id><category>picture_frame</category><bounds><corner1>-0.6426088639629881, -0.08379762999173623, -0.49884030906135735</corner1><corner2>0.6426088639629881, 0.08379762999173623, 0.49884030906135735</corner2></bounds><pose><translation>-0.03420670455967367, 3.189060547557042, 0.3937509157473079</translation><rotation><c1>0, 0, 0</c1><c2>0, 0, 0</c2><c3>0, 0, 0</c3></rotation></pose><symmetry><x>twoFold</x><y>cylindrical</y><z>twoFold</z></symmetry><detectionScore>-1.0</detectionScore></element><element><id>13</id><category>armchair</category><bounds><corner1>-0.3429184195277748, -0.4680247376912222, -0.4107908960261062</corner1><corner2>0.3429184195277748, 0.4680247376912222, 0.4107908960261062</corner2></bounds><pose><translation>-2.332596979340751, -0.8159484742012408, -1.3115409053716158</translation><rotation><c1>0, 0, 0</c1><c2>0, 0, 0</c2><c3>0, 0, 0</c3></rotation></pose><symmetry><x>twoFold</x><y>cylindrical</y><z>twoFold</z></symmetry><detectionScore>-1.0</detectionScore></element><element><id>14</id><category>chair</category><bounds><corner1>-0.40097354374342853, -1.0024282152214048, -0.7439013000203</corner1><corner2>0.40097354374342853, 1.0024282152214048, 0.7439013000203</corner2></bounds><pose><translation>-0.19050149370321223, 2.2325463990086196, -1.1800308827225965</translation><rotation><c1>0, 0, 0</c1><c2>0, 0, 0</c2><c3>0, 0, 0</c3></rotation></pose><symmetry><x>twoFold</x><y>cylindrical</y><z>twoFold</z></symmetry><detectionScore>-1.0</detectionScore></element><element><id>15</id><category>chair</category><bounds><corner1>-0.46603149829723156, -1.1120076848335458, -0.7731397479655937</corner1><corner2>0.46603149829723156, 1.1120076848335458, 0.7731397479655937</corner2></bounds><pose><translation>-2.4719397017703155, 0.8630370050966607, -1.1533525115263132</translation><rotation><c1>0, 0, 0</c1><c2>0, 0, 0</c2><c3>0, 0, 0</c3></rotation></pose><symmetry><x>twoFold</x><y>cylindrical</y><z>twoFold</z></symmetry><detectionScore>-1.0</detectionScore></element><element><id>16</id><category>picture_frame</category><bounds><corner1>-0.18921481919708283, -0.05209621749979121, -0.21620414595129311</corner1><corner2>0.18921481919708283, 0.05209621749979121, 0.21620414595129311</corner2></bounds><pose><translation>-1.5513771963163216, -2.6515979522290154, 0.02832982637687772</translation><rotation><c1>0, 0, 0</c1><c2>0, 0, 0</c2><c3>0, 0, 0</c3></rotation></pose><symmetry><x>twoFold</x><y>cylindrical</y><z>twoFold</z></symmetry><detectionScore>-1.0</detectionScore></element><element><id>17</id><category>wall</category><bounds><corner1>-2.151275617681553, -0.12574519559792297, -1.5239058155551803</corner1><corner2>2.151275617681553, 0.12574519559792297, 1.5239058155551803</corner2></bounds><pose><translation>-0.14614010630041896, -2.6821243732137696, -0.15942275114012341</translation><rotation><c1>0, 0, 0</c1><c2>0, 0, 0</c2><c3>0, 0, 0</c3></rotation></pose><symmetry><x>twoFold</x><y>cylindrical</y><z>twoFold</z></symmetry><detectionScore>-1.0</detectionScore></element></elements></scene>