<?xml version='1.0' encoding='utf-8'?>
<scene xmlns:sumo="https://www.sumochallenge.org"><version>2.0</version><categories><id>fb_categories_v1_0</id><url>https://sumochallenge.org/en/categories-1_0.json</url></categories><project_type>bounding_box</project_type><elements><element><id>0</id><category>heater</category><bounds><corner1>-0.4384876737086967, -0.0631751404688008, -0.5912539850540622</corner1><corner2>0.4384876737086967, 0.0631751404688008, 0.5912539850540622</corner2></bounds><pose><translation>-0.04658279212987091, 1.8858782571149675, -0.9112827159730112</translation><rotation><c1>0, 0, 0</c1><c2>0, 0, 0</c2><c3>0, 0, 0</c3></rotation></pose><symmetry><x>twoFold</x><y>cylindrical</y><z>twoFold</z></symmetry><detectionScore>-1.0</detectionScore></element><element><id>1</id><category>toy</category><bounds><corner1>-0.4117019455079116, -0.18326825336799546, -0.4159891781616143</corner1><corner2>0.4117019455079116, 0.18326825336799546, 0.4159891781616143</corner2></bounds><pose><translation>1.2620480271600576, -2.9223530567039924, -0.57582515877115</translation><rotation><c1>0, 0, 0</c1><c2>0, 0, 0</c2><c3>0, 0, 0</c3></rotation></pose><symmetry><x>twoFold</x><y>cylindrical</y><z>twoFold</z></symmetry><detectionScore>-1.0</detectionScore></element><element><id>2</id><category>hanging_kitchen_cabinet</category><bounds><corner1>-0.42674166478975795, -0.36161909007305026, -0.3115497014775106</corner1><corner2>0.42674166478975795, 0.36161909007305026, 0.3115497014775106</corner2></bounds><pose><translation>-1.2885258981104701, 1.8520005983377394, 0.1917154114338431</translation><rotation><c1>0, 0, 0</c1><c2>0, 0, 0</c2><c3>0, 0, 0</c3></rotation></pose><symmetry><x>twoFold</x><y>cylindrical</y><z>twoFold</z></symmetry><detectionScore>-1.0</detectionScore></element><element><id>3</id><category>trash_can</category><bounds><corner1>-0.6954838318653802, -0.5057707877469244, -0.3395355578642625</corner1><corner2>0.6954838318653802, 0.5057707877469244, 0.3395355578642625</corner2></bounds><pose><translation>1.7040514620976952, -0.2633005069893915, -1.3756323019777101</translation><rotation><c1>0, 0, 0</c1><c2>0, 0, 0</c2><c3>0, 0, 0</c3></rotation></pose><symmetry><x>twoFold</x><y>cylindrical</y><z>twoFold</z></symmetry><detectionScore>-1.0</detectionScore></element><element><id>4</id><category>wall</category><bounds><corner1>-0.11944966012115454, -0.6105274563446932, -1.5247914596453822</corner1><corner2>0.11944966012115454, 0.6105274563446932, 1.5247914596453822</corner2></bounds><pose><translation>0.9880856836105278, 1.9115316010738466, -0.04408534722765436</translation><rotation><c1>0, 0, 0</c1><c2>0, 0, 0</c2><c3>0, 0, 0</c3></rotation></pose><symmetry><x>twoFold</x><y>cylindrical</y><z>twoFold</z></symmetry><detectionScore>-1.0</detectionScore></element><element><id>5</id><category>plant</category><bounds><corner1>-0.49989619397967333, -0.4928578103709875, -0.46714391100534797</corner1><corner2>0.49989619397967333, 0.4928578103709875, 0.46714391100534797</corner2></bounds><pose><translation>-2.284903413387152, 1.2586654583495163, -0.3534770376502618</translation><rotation><c1>0, 0, 0</c1><c2>0, 0, 0</c2><c3>0, 0, 0</c3></rotation></pose><symmetry><x>twoFold</x><y>cylindrical</y><z>twoFold</z></symmetry><detectionScore>-1.0</detectionScore></element><element><id>6</id><category>partition</category><bounds><corner1>-0.9607918023333987, -0.4869434442406122, -1.5243799192792857</corner1><corner2>0.9607918023333987, 0.4869434442406122, 1.5243799192792857</corner2></bounds><pose><translation>0.07929338928181848, 1.885988026484225, -0.024803249983500922</translation><rotation><c1>0, 0, 0</c1><c2>0, 0, 0</c2><c3>0, 0, 0</c3></rotation></pose><symmetry><x>twoFold</x><y>cylindrical</y><z>twoFold</z></symmetry><detectionScore>-1.0</detectionScore></element><element><id>7</id><category>chair</category><bounds><corner1>-0.0727765827704423, -0.5736289590525943, -0.3833176080211611</corner1><corner2>0.0727765827704423, 0.5736289590525943, 0.3833176080211611</corner2></bounds><pose><translation>-1.7363002314398106, 0.6331565243949207, -0.9467142928643996</translation><rotation><c1>0, 0, 0</c1><c2>0, 0, 0</c2><c3>0, 0, 0</c3></rotation></pose><symmetry><x>twoFold</x><y>cylindrical</y><z>twoFold</z></symmetry><detectionScore>-1.0</detectionScore></element><element><id>8</id><category>wall</category><bounds><corner1>-0.6678296434960718, -1.5596138134188062, -1.2875418139766628</corner1><corner2>0.6678296434960718, 1.5596138134188062, 1.2875418139766628</corner2></bounds><pose><translation>-2.355910349283273, 0.20735789856220066, 0.04948117978719393</translation><rotation><c1>0, 0, 0</c1><c2>0, 0, 0</c2><c3>0, 0, 0</c3></rotation></pose><symmetry><x>twoFold</x><y>cylindrical</y><z>twoFold</z></symmetry><detectionScore>-1.0</detectionScore></element><element><id>9</id><category>mirror</category><bounds><corner1>-0.060151968452702764, -0.4395445719704759, -0.7175297210936376</corner1><corner2>0.060151968452702764, 0.4395445719704759, 0.7175297210936376</corner2></bounds><pose><translation>-2.361719097336274, -0.6445837331463747, 0.3289910181197207</translation><rotation><c1>0, 0, 0</c1><c2>0, 0, 0</c2><c3>0, 0, 0</c3></rotation></pose><symmetry><x>twoFold</x><y>cylindrical</y><z>twoFold</z></symmetry><detectionScore>-1.0</detectionScore></element><element><id>10</id><category>washer</category><bounds><corner1>-0.6106516824231885, -0.06284794398207127, -0.5583386628593228</corner1><corner2>0.6106516824231885, 0.06284794398207127, 0.5583386628593228</corner2></bounds><pose><translation>0.042311883162401705, 1.8830652044301381, -0.8910422684412771</translation><rotation><c1>0, 0, 0</c1><c2>0, 0, 0</c2><c3>0, 0, 0</c3></rotation></pose><symmetry><x>twoFold</x><y>cylindrical</y><z>twoFold</z></symmetry><detectionScore>-1.0</detectionScore></element><element><id>11</id><category>mirror</category><bounds><corner1>-0.056924906505001704, -0.4112354620243269, -0.6394442753778469</corner1><corner2>0.056924906505001704, 0.4112354620243269, 0.6394442753778469</corner2></bounds><pose><translation>-2.4067576703584495, 0.5663743868860857, 0.33301608617711315</translation><rotation><c1>0, 0, 0</c1><c2>0, 0, 0</c2><c3>0, 0, 0</c3></rotation></pose><symmetry><x>twoFold</x><y>cylindrical</y><z>twoFold</z></symmetry><detectionScore>-1.0</detectionScore></element><element><id>12</id><category>picture_frame</category><bounds><corner1>-0.07195444013453933, -0.5951235231482603, -0.6522317919387752</corner1><corner2>0.07195444013453933, 0.5951235231482603, 0.6522317919387752</corner2></bounds><pose><translation>2.372914114599132, -1.222325608452281, 0.3437814539200681</translation><rotation><c1>0, 0, 0</c1><c2>0, 0, 0</c2><c3>0, 0, 0</c3></rotation></pose><symmetry><x>twoFold</x><y>cylindrical</y><z>twoFold</z></symmetry><detectionScore>-1.0</detectionScore></element><element><id>13</id><category>door</category><bounds><corner1>-0.873538494919106, -0.27741177575518483, -1.5170276834283447</corner1><corner2>0.873538494919106, 0.27741177575518483, 1.5170276834283447</corner2></bounds><pose><translation>-1.5583278029725898, -2.928855418082139, -0.3090288252590424</translation><rotation><c1>0, 0, 0</c1><c2>0, 0, 0</c2><c3>0, 0, 0</c3></rotation></pose><symmetry><x>twoFold</x><y>cylindrical</y><z>twoFold</z></symmetry><detectionScore>-1.0</detectionScore></element><element><id>14</id><category>water_dispenser</category><bounds><corner1>-0.19676423918108354, -0.12106935408147335, -0.2712947175244416</corner1><corner2>0.19676423918108354, 0.12106935408147335, 0.2712947175244416</corner2></bounds><pose><translation>-1.3371779389325593, 2.0951902566624034, -0.4252344733288708</translation><rotation><c1>0, 0, 0</c1><c2>0, 0, 0</c2><c3>0, 0, 0</c3></rotation></pose><symmetry><x>twoFold</x><y>cylindrical</y><z>twoFold</z></symmetry><detectionScore>-1.0</detectionScore></element><element><id>15</id><category>chandelier</category><bounds><corner1>-0.6555480705745327, -0.8866486225193133, -0.6941404407293332</corner1><corner2>0.6555480705745327, 0.8866486225193133, 0.6941404407293332</corner2></bounds><pose><translation>1.1320392881748023, 1.427317892713943, 0.7665733435264281</translation><rotation><c1>0, 0, 0</c1><c2>0, 0, 0</c2><c3>0, 0, 0</c3></rotation></pose><symmetry><x>twoFold</x><y>cylindrical</y><z>twoFold</z></symmetry><detectionScore>-1.0</detectionScore></element><element><id>16</id><category>hanging_kitchen_cabinet</category><bounds><corner1>-0.6059492023410223, -0.500504262890006, -0.6738820539574317</corner1><corner2>0.6059492023410223, 0.500504262890006, 0.6738820539574317</corner2></bounds><pose><translation>0.3771749462212892, 1.892295949415542, 0.7845056276651647</translation><rotation><c1>0, 0, 0</c1><c2>0, 0, 0</c2><c3>0, 0, 0</c3></rotation></pose><symmetry><x>twoFold</x><y>cylindrical</y><z>twoFold</z></symmetry><detectionScore>-1.0</detectionScore></element><element><id>17</id><category>wall</category><bounds><corner1>-2.2632509343611598, -1.1206223877208532, -1.5528245633015965</corner1><corner2>2.2632509343611598, 1.1206223877208532, 1.5528245633015965</corner2></bounds><pose><translation>0.02047278439955241, -2.923057868220612, -0.17927607932332248</translation><rotation><c1>0, 0, 0</c1><c2>0, 0, 0</c2><c3>0, 0, 0</c3></rotation></pose><symmetry><x>twoFold</x><y>cylindrical</y><z>twoFold</z></symmetry><detectionScore>-1.0</detectionScore></element><element><id>18</id><category>toilet</category><bounds><corner1>-0.7457021487253948, -0.4841934565394641, -0.43083532064159</corner1><corner2>0.7457021487253948, 0.4841934565394641, 0.43083532064159</corner2></bounds><pose><translation>1.675810974808646, -0.17984445392760776, -1.3441442502863268</translation><rotation><c1>0, 0, 0</c1><c2>0, 0, 0</c2><c3>0, 0, 0</c3></rotation></pose><symmetry><x>twoFold</x><y>cylindrical</y><z>twoFold</z></symmetry><detectionScore>-1.0</detectionScore></element></elements></scene>