<?xml version='1.0' encoding='utf-8'?>
<scene xmlns:sumo="https://www.sumochallenge.org"><version>2.0</version><categories><id>fb_categories_v1.0</id><url>https://sumochallenge.org/en/categories-1_0.json</url></categories><project_type>bounding_box</project_type><elements><element><id>15</id><category>wall</category><bounds><corner1>-0.91780965, -1.1709558 , -1.99828219</corner1><corner2>0.91780965, 1.1709558 , 1.99828219</corner2></bounds><pose><translation>-3.85897387e+00,  3.78704405e-03,  3.68399221e-01</translation><rotation><c1>1., 0., 0.</c1><c2>0., 1., 0.</c2><c3>0., 0., 1.</c3></rotation></pose><symmetry><x>none</x><y>none</y><z>none</z></symmetry><detectionScore>-1</detectionScore></element><element><id>7</id><category>bottle</category><bounds><corner1>-0.08737265, -0.13345237, -0.10839039</corner1><corner2>0.08737265, 0.13345237, 0.10839039</corner2></bounds><pose><translation>-1.18167226, -0.57202292, -1.76547526</translation><rotation><c1>1., 0., 0.</c1><c2>0., 1., 0.</c2><c3>0., 0., 1.</c3></rotation></pose><symmetry><x>none</x><y>none</y><z>none</z></symmetry><detectionScore>-1</detectionScore></element><element><id>9</id><category>washer</category><bounds><corner1>-0.43894275, -0.1927322 , -0.03490731</corner1><corner2>0.43894275, 0.1927322 , 0.03490731</corner2></bounds><pose><translation> 0.77136401, -0.71418998, -1.32594853</translation><rotation><c1>1., 0., 0.</c1><c2>0., 1., 0.</c2><c3>0., 0., 1.</c3></rotation></pose><symmetry><x>none</x><y>none</y><z>none</z></symmetry><detectionScore>-1</detectionScore></element><element><id>5</id><category>beer</category><bounds><corner1>-0.33038026, -0.18645661, -0.24014747</corner1><corner2>0.33038026, 0.18645661, 0.24014747</corner2></bounds><pose><translation>-0.86114797, -1.22010319, -1.60408647</translation><rotation><c1>1., 0., 0.</c1><c2>0., 1., 0.</c2><c3>0., 0., 1.</c3></rotation></pose><symmetry><x>none</x><y>none</y><z>none</z></symmetry><detectionScore>-1</detectionScore></element><element><id>4</id><category>pet</category><bounds><corner1>-0.30001905, -0.35928856, -0.39558375</corner1><corner2>0.30001905, 0.35928856, 0.39558375</corner2></bounds><pose><translation> 1.21599194, -0.9060044 ,  0.85355813</translation><rotation><c1>1., 0., 0.</c1><c2>0., 1., 0.</c2><c3>0., 0., 1.</c3></rotation></pose><symmetry><x>none</x><y>none</y><z>none</z></symmetry><detectionScore>-1</detectionScore></element><element><id>11</id><category>partition</category><bounds><corner1>-0.50316541, -1.26704908, -0.03914748</corner1><corner2>0.50316541, 1.26704908, 0.03914748</corner2></bounds><pose><translation>-1.36227117, -0.07750071,  2.39797829</translation><rotation><c1>1., 0., 0.</c1><c2>0., 1., 0.</c2><c3>0., 0., 1.</c3></rotation></pose><symmetry><x>none</x><y>none</y><z>none</z></symmetry><detectionScore>-1</detectionScore></element><element><id>10</id><category>bottle</category><bounds><corner1>-0.17901842, -0.16121546, -0.14007077</corner1><corner2>0.17901842, 0.16121546, 0.14007077</corner2></bounds><pose><translation>-1.08687554, -0.62176335, -1.70006464</translation><rotation><c1>1., 0., 0.</c1><c2>0., 1., 0.</c2><c3>0., 0., 1.</c3></rotation></pose><symmetry><x>none</x><y>none</y><z>none</z></symmetry><detectionScore>-1</detectionScore></element><element><id>6</id><category>trash_can</category><bounds><corner1>-0.05276591, -0.44264035, -0.65306929</corner1><corner2>0.05276591, 0.44264035, 0.65306929</corner2></bounds><pose><translation>-2.94297473, -0.86907039,  0.3193573 </translation><rotation><c1>1., 0., 0.</c1><c2>0., 1., 0.</c2><c3>0., 0., 1.</c3></rotation></pose><symmetry><x>none</x><y>none</y><z>none</z></symmetry><detectionScore>-1</detectionScore></element><element><id>13</id><category>partition</category><bounds><corner1>-0.65671334, -1.2427421 , -0.03971947</corner1><corner2>0.65671334, 1.2427421 , 0.03971947</corner2></bounds><pose><translation> 1.12868807, -0.09604906,  2.39915843</translation><rotation><c1>1., 0., 0.</c1><c2>0., 1., 0.</c2><c3>0., 0., 1.</c3></rotation></pose><symmetry><x>none</x><y>none</y><z>none</z></symmetry><detectionScore>-1</detectionScore></element><element><id>3</id><category>bottle</category><bounds><corner1>-0.04715722, -0.12340293, -0.22486509</corner1><corner2>0.04715722, 0.12340293, 0.22486509</corner2></bounds><pose><translation>-0.95112922, -0.61069464, -1.86793317</translation><rotation><c1>1., 0., 0.</c1><c2>0., 1., 0.</c2><c3>0., 0., 1.</c3></rotation></pose><symmetry><x>none</x><y>none</y><z>none</z></symmetry><detectionScore>-1</detectionScore></element><element><id>2</id><category>bottle</category><bounds><corner1>-0.17034091, -0.15232705, -0.19407604</corner1><corner2>0.17034091, 0.15232705, 0.19407604</corner2></bounds><pose><translation>-1.15973169, -0.66260935, -1.66808564</translation><rotation><c1>1., 0., 0.</c1><c2>0., 1., 0.</c2><c3>0., 0., 1.</c3></rotation></pose><symmetry><x>none</x><y>none</y><z>none</z></symmetry><detectionScore>-1</detectionScore></element><element><id>12</id><category>door</category><bounds><corner1>-0.53292199, -1.30274181, -0.83390452</corner1><corner2>0.53292199, 1.30274181, 0.83390452</corner2></bounds><pose><translation>-3.83415471, -0.48971615, -1.54434473</translation><rotation><c1>1., 0., 0.</c1><c2>0., 1., 0.</c2><c3>0., 0., 1.</c3></rotation></pose><symmetry><x>none</x><y>none</y><z>none</z></symmetry><detectionScore>-1</detectionScore></element><element><id>8</id><category>window</category><bounds><corner1>-0.0311073 , -0.96891156, -0.64889707</corner1><corner2>0.0311073 , 0.96891156, 0.64889707</corner2></bounds><pose><translation>1.85493622, 0.09243676, 0.91668359</translation><rotation><c1>1., 0., 0.</c1><c2>0., 1., 0.</c2><c3>0., 0., 1.</c3></rotation></pose><symmetry><x>none</x><y>none</y><z>none</z></symmetry><detectionScore>-1</detectionScore></element><element><id>1</id><category>bottle</category><bounds><corner1>-0.12646546, -0.19758056, -0.2268809 </corner1><corner2>0.12646546, 0.19758056, 0.2268809 </corner2></bounds><pose><translation>-0.98637988, -0.48808995, -1.87890413</translation><rotation><c1>1., 0., 0.</c1><c2>0., 1., 0.</c2><c3>0., 0., 1.</c3></rotation></pose><symmetry><x>none</x><y>none</y><z>none</z></symmetry><detectionScore>-1</detectionScore></element><element><id>14</id><category>window</category><bounds><corner1>-0.47799385, -1.11415715, -0.08021276</corner1><corner2>0.47799385, 1.11415715, 0.08021276</corner2></bounds><pose><translation>-2.58509284, -0.0525657 , -1.92144717</translation><rotation><c1>1., 0., 0.</c1><c2>0., 1., 0.</c2><c3>0., 0., 1.</c3></rotation></pose><symmetry><x>none</x><y>none</y><z>none</z></symmetry><detectionScore>-1</detectionScore></element></elements></scene>