<?xml version='1.0' encoding='utf-8'?>
<scene xmlns:sumo="https://www.sumochallenge.org"><version>2.0</version><categories><id>fb_categories_v1.0</id><url>https://sumochallenge.org/en/categories-1_0.json</url></categories><project_type>bounding_box</project_type><elements><element><id>5</id><category>window</category><bounds><corner1>-0.02498984, -0.68200148, -0.20957219</corner1><corner2>0.02498984, 0.68200148, 0.20957219</corner2></bounds><pose><translation> 1.11097993,  0.04227489, -0.30726036</translation><rotation><c1>1., 0., 0.</c1><c2>0., 1., 0.</c2><c3>0., 0., 1.</c3></rotation></pose><symmetry><x>none</x><y>none</y><z>none</z></symmetry><detectionScore>-1</detectionScore></element><element><id>4</id><category>window</category><bounds><corner1>-0.02695927, -0.68248312, -0.1663072 </corner1><corner2>0.02695927, 0.68248312, 0.1663072 </corner2></bounds><pose><translation>1.10802763, 0.06459044, 0.63123261</translation><rotation><c1>1., 0., 0.</c1><c2>0., 1., 0.</c2><c3>0., 0., 1.</c3></rotation></pose><symmetry><x>none</x><y>none</y><z>none</z></symmetry><detectionScore>-1</detectionScore></element><element><id>3</id><category>window</category><bounds><corner1>-0.04287191, -0.70601394, -0.248893  </corner1><corner2>0.04287191, 0.70601394, 0.248893  </corner2></bounds><pose><translation>1.0890976 , 0.08488547, 1.62002201</translation><rotation><c1>1., 0., 0.</c1><c2>0., 1., 0.</c2><c3>0., 0., 1.</c3></rotation></pose><symmetry><x>none</x><y>none</y><z>none</z></symmetry><detectionScore>-1</detectionScore></element><element><id>2</id><category>garage_door</category><bounds><corner1>-1.38053243, -1.07712557, -6.91381802</corner1><corner2>1.38053243, 1.07712557, 6.91381802</corner2></bounds><pose><translation>-0.13654096,  0.        ,  2.4161232 </translation><rotation><c1>1., 0., 0.</c1><c2>0., 1., 0.</c2><c3>0., 0., 1.</c3></rotation></pose><symmetry><x>none</x><y>none</y><z>none</z></symmetry><detectionScore>-1</detectionScore></element></elements></scene>