<?xml version='1.0' encoding='utf-8'?>
<scene xmlns:sumo="https://www.sumochallenge.org"><version>2.0</version><categories><id>fb_categories_v1.0</id><url>https://sumochallenge.org/en/categories-1_0.json</url></categories><project_type>bounding_box</project_type><elements><element><id>1</id><category>door</category><bounds><corner1>-0.48195493, -1.19302989, -0.16698704</corner1><corner2>0.48195493, 1.19302989, 0.16698704</corner2></bounds><pose><translation>-1.61198335, -0.20242391,  0.77357367</translation><rotation><c1>1., 0., 0.</c1><c2>0., 1., 0.</c2><c3>0., 0., 1.</c3></rotation></pose><symmetry><x>twoFold</x><y>twoFold</y><z>twoFold</z></symmetry><detectionScore>0.9423273</detectionScore></element><element><id>5</id><category>wall_lamp</category><bounds><corner1>-0.43189855, -0.26482718, -0.23493022</corner1><corner2>0.43189855, 0.26482718, 0.23493022</corner2></bounds><pose><translation>1.21502648, 0.93475737, 0.70658707</translation><rotation><c1>1., 0., 0.</c1><c2>0., 1., 0.</c2><c3>0., 0., 1.</c3></rotation></pose><symmetry><x>none</x><y>none</y><z>none</z></symmetry><detectionScore>0.861602</detectionScore></element><element><id>3</id><category>ironing_board</category><bounds><corner1>-0.11686031, -0.76120571, -0.44656659</corner1><corner2>0.11686031, 0.76120571, 0.44656659</corner2></bounds><pose><translation> 2.01102527, -1.17689515, -0.38238711</translation><rotation><c1>1., 0., 0.</c1><c2>0., 1., 0.</c2><c3>0., 0., 1.</c3></rotation></pose><symmetry><x>none</x><y>twoFold</y><z>none</z></symmetry><detectionScore>0.7146829</detectionScore></element><element><id>4</id><category>picture_frame</category><bounds><corner1>-0.06867217, -0.67691067, -0.28597392</corner1><corner2>0.06867217, 0.67691067, 0.28597392</corner2></bounds><pose><translation>-0.56520535,  0.08701176, -1.53095812</translation><rotation><c1>1., 0., 0.</c1><c2>0., 1., 0.</c2><c3>0., 0., 1.</c3></rotation></pose><symmetry><x>none</x><y>fourFold</y><z>none</z></symmetry><detectionScore>0.9884942</detectionScore></element><element><id>8</id><category>window</category><bounds><corner1>-0.89093351, -0.63236231, -0.24616134</corner1><corner2>0.89093351, 0.63236231, 0.24616134</corner2></bounds><pose><translation> 0.7383756 ,  0.18725742, -2.98114604</translation><rotation><c1>1., 0., 0.</c1><c2>0., 1., 0.</c2><c3>0., 0., 1.</c3></rotation></pose><symmetry><x>none</x><y>twoFold</y><z>none</z></symmetry><detectionScore>0.9941453</detectionScore></element><element><id>6</id><category>curtain</category><bounds><corner1>-0.10002869, -0.29836354, -0.87173635</corner1><corner2>0.10002869, 0.29836354, 0.87173635</corner2></bounds><pose><translation> 2.06698617,  0.52548425, -0.60676814</translation><rotation><c1>1., 0., 0.</c1><c2>0., 1., 0.</c2><c3>0., 0., 1.</c3></rotation></pose><symmetry><x>none</x><y>twoFold</y><z>none</z></symmetry><detectionScore>0.76574314</detectionScore></element></elements></scene>