<?xml version='1.0' encoding='utf-8'?>
<scene xmlns:sumo="https://www.sumochallenge.org"><version>2.0</version><categories><id>fb_categories_v1.0</id><url>https://sumochallenge.org/en/categories-1_0.json</url></categories><project_type>bounding_box</project_type><elements><element><id>13</id><category>door</category><bounds><corner1>-2.3027427 , -1.42961057, -2.91788556</corner1><corner2>-0.86146925,  0.61893196, -2.15609593</corner2></bounds><pose><translation>0., 0., 0.</translation><rotation><c1>1., 0., 0.</c1><c2>0., 1., 0.</c2><c3>0., 0., 1.</c3></rotation></pose><symmetry><x>none</x><y>none</y><z>none</z></symmetry><detectionScore>-1</detectionScore></element><element><id>9</id><category>hanging_kitchen_cabinet</category><bounds><corner1>2.18273484, 0.26871151, 3.06033541</corner1><corner2>2.58580449, 0.77667407, 4.02008599</corner2></bounds><pose><translation>0., 0., 0.</translation><rotation><c1>1., 0., 0.</c1><c2>0., 1., 0.</c2><c3>0., 0., 1.</c3></rotation></pose><symmetry><x>none</x><y>none</y><z>none</z></symmetry><detectionScore>-1</detectionScore></element><element><id>18</id><category>wall</category><bounds><corner1>-2.12625118, -1.2869905 , -2.85598888</corner1><corner2> 2.1195023 ,  1.14489761, -2.1528897 </corner2></bounds><pose><translation>0., 0., 0.</translation><rotation><c1>1., 0., 0.</c1><c2>0., 1., 0.</c2><c3>0., 0., 1.</c3></rotation></pose><symmetry><x>none</x><y>none</y><z>none</z></symmetry><detectionScore>-1</detectionScore></element><element><id>20</id><category>wall</category><bounds><corner1>-2.31011955, -1.3318017 ,  2.52391063</corner1><corner2>2.53213561, 1.19948592, 4.08703653</corner2></bounds><pose><translation>0., 0., 0.</translation><rotation><c1>1., 0., 0.</c1><c2>0., 1., 0.</c2><c3>0., 0., 1.</c3></rotation></pose><symmetry><x>none</x><y>none</y><z>none</z></symmetry><detectionScore>-1</detectionScore></element><element><id>5</id><category>shelving</category><bounds><corner1>2.18289386, 0.26777446, 3.04551004</corner1><corner2>2.58647536, 0.87009903, 4.02504036</corner2></bounds><pose><translation>0., 0., 0.</translation><rotation><c1>1., 0., 0.</c1><c2>0., 1., 0.</c2><c3>0., 0., 1.</c3></rotation></pose><symmetry><x>none</x><y>none</y><z>none</z></symmetry><detectionScore>-1</detectionScore></element><element><id>19</id><category>loudspeaker</category><bounds><corner1> 0.53763174, -1.429081  , -2.56594223</corner1><corner2> 1.14613293, -0.23839879, -2.15189338</corner2></bounds><pose><translation>0., 0., 0.</translation><rotation><c1>1., 0., 0.</c1><c2>0., 1., 0.</c2><c3>0., 0., 1.</c3></rotation></pose><symmetry><x>none</x><y>none</y><z>none</z></symmetry><detectionScore>-1</detectionScore></element><element><id>17</id><category>kitchen_cabinet</category><bounds><corner1>-2.4320775 , -1.4488969 , -0.27911336</corner1><corner2>-2.18294676,  1.17978143,  0.82060756</corner2></bounds><pose><translation>0., 0., 0.</translation><rotation><c1>1., 0., 0.</c1><c2>0., 1., 0.</c2><c3>0., 0., 1.</c3></rotation></pose><symmetry><x>none</x><y>none</y><z>none</z></symmetry><detectionScore>-1</detectionScore></element><element><id>6</id><category>window</category><bounds><corner1> 2.45602383, -1.3864664 , -1.60140489</corner1><corner2>2.59104032, 1.1077577 , 0.9221031 </corner2></bounds><pose><translation>0., 0., 0.</translation><rotation><c1>1., 0., 0.</c1><c2>0., 1., 0.</c2><c3>0., 0., 1.</c3></rotation></pose><symmetry><x>none</x><y>none</y><z>none</z></symmetry><detectionScore>-1</detectionScore></element><element><id>12</id><category>television</category><bounds><corner1> 0.96436922, -0.17149851, -2.57612732</corner1><corner2> 2.153015  ,  0.57455858, -2.43217887</corner2></bounds><pose><translation>0., 0., 0.</translation><rotation><c1>1., 0., 0.</c1><c2>0., 1., 0.</c2><c3>0., 0., 1.</c3></rotation></pose><symmetry><x>none</x><y>none</y><z>none</z></symmetry><detectionScore>-1</detectionScore></element><element><id>14</id><category>armchair</category><bounds><corner1>-2.2501356 , -1.46159878,  2.76522469</corner1><corner2>-0.87207294, -0.66359317,  4.07042202</corner2></bounds><pose><translation>0., 0., 0.</translation><rotation><c1>1., 0., 0.</c1><c2>0., 1., 0.</c2><c3>0., 0., 1.</c3></rotation></pose><symmetry><x>none</x><y>none</y><z>none</z></symmetry><detectionScore>-1</detectionScore></element><element><id>8</id><category>plant</category><bounds><corner1> 2.07108389, -1.46331363,  1.02824826</corner1><corner2> 2.57886758, -0.8523127 ,  1.98694348</corner2></bounds><pose><translation>0., 0., 0.</translation><rotation><c1>1., 0., 0.</c1><c2>0., 1., 0.</c2><c3>0., 0., 1.</c3></rotation></pose><symmetry><x>none</x><y>none</y><z>none</z></symmetry><detectionScore>-1</detectionScore></element><element><id>3</id><category>books</category><bounds><corner1>2.18273592, 0.27899405, 3.05499245</corner1><corner2>2.58556848, 0.76865937, 4.01188443</corner2></bounds><pose><translation>0., 0., 0.</translation><rotation><c1>1., 0., 0.</c1><c2>0., 1., 0.</c2><c3>0., 0., 1.</c3></rotation></pose><symmetry><x>none</x><y>none</y><z>none</z></symmetry><detectionScore>-1</detectionScore></element><element><id>15</id><category>fireplace</category><bounds><corner1> 0.82891904, -1.43599003, -2.57217171</corner1><corner2> 2.11255663, -0.41508411, -2.14007348</corner2></bounds><pose><translation>0., 0., 0.</translation><rotation><c1>1., 0., 0.</c1><c2>0., 1., 0.</c2><c3>0., 0., 1.</c3></rotation></pose><symmetry><x>none</x><y>none</y><z>none</z></symmetry><detectionScore>-1</detectionScore></element><element><id>4</id><category>wall</category><bounds><corner1>-2.31484752, -1.21702983, -2.90773423</corner1><corner2>-0.5747727 ,  0.96447916, -2.15598327</corner2></bounds><pose><translation>0., 0., 0.</translation><rotation><c1>1., 0., 0.</c1><c2>0., 1., 0.</c2><c3>0., 0., 1.</c3></rotation></pose><symmetry><x>none</x><y>none</y><z>none</z></symmetry><detectionScore>-1</detectionScore></element><element><id>7</id><category>books</category><bounds><corner1>2.19230581, 0.30486785, 2.65111556</corner1><corner2>2.56202519, 0.89399389, 3.62156012</corner2></bounds><pose><translation>0., 0., 0.</translation><rotation><c1>1., 0., 0.</c1><c2>0., 1., 0.</c2><c3>0., 0., 1.</c3></rotation></pose><symmetry><x>none</x><y>none</y><z>none</z></symmetry><detectionScore>-1</detectionScore></element><element><id>16</id><category>television</category><bounds><corner1>2.17564004, 0.30204484, 3.22194094</corner1><corner2>2.59311642, 0.88616193, 4.05615451</corner2></bounds><pose><translation>0., 0., 0.</translation><rotation><c1>1., 0., 0.</c1><c2>0., 1., 0.</c2><c3>0., 0., 1.</c3></rotation></pose><symmetry><x>none</x><y>none</y><z>none</z></symmetry><detectionScore>-1</detectionScore></element><element><id>10</id><category>plant</category><bounds><corner1> 2.00609789, -1.46402615, -2.23719713</corner1><corner2> 2.52639943, -0.83198599, -1.28618149</corner2></bounds><pose><translation>0., 0., 0.</translation><rotation><c1>1., 0., 0.</c1><c2>0., 1., 0.</c2><c3>0., 0., 1.</c3></rotation></pose><symmetry><x>none</x><y>none</y><z>none</z></symmetry><detectionScore>-1</detectionScore></element><element><id>1</id><category>shelving</category><bounds><corner1>-2.35454767, -1.44017597,  2.53487701</corner1><corner2>-1.41384096,  0.73074204,  4.05775415</corner2></bounds><pose><translation>0., 0., 0.</translation><rotation><c1>1., 0., 0.</c1><c2>0., 1., 0.</c2><c3>0., 0., 1.</c3></rotation></pose><symmetry><x>none</x><y>none</y><z>none</z></symmetry><detectionScore>-1</detectionScore></element><element><id>11</id><category>door</category><bounds><corner1>-2.4311212 , -1.45166147, -0.28586676</corner1><corner2>-2.06791258,  1.20844693,  0.85419365</corner2></bounds><pose><translation>0., 0., 0.</translation><rotation><c1>1., 0., 0.</c1><c2>0., 1., 0.</c2><c3>0., 0., 1.</c3></rotation></pose><symmetry><x>none</x><y>none</y><z>none</z></symmetry><detectionScore>-1</detectionScore></element><element><id>2</id><category>desk</category><bounds><corner1>-2.35103984, -1.46219416,  2.50994139</corner1><corner2>-1.27402609, -0.36730688,  4.04529191</corner2></bounds><pose><translation>0., 0., 0.</translation><rotation><c1>1., 0., 0.</c1><c2>0., 1., 0.</c2><c3>0., 0., 1.</c3></rotation></pose><symmetry><x>none</x><y>none</y><z>none</z></symmetry><detectionScore>-1</detectionScore></element></elements></scene>