<?xml version='1.0' encoding='utf-8'?>
<scene xmlns:sumo="https://www.sumochallenge.org"><version>2.0</version><categories><id>fb_categories_v1_0</id><url>https://sumochallenge.org/en/categories-1_0.json</url></categories><project_type>bounding_box</project_type><elements><element><id>0</id><category>bunker_bed</category><bounds><corner1>-0.5702178591143049, -3.3522205612009954, -1.4424140642658159</corner1><corner2>0.5702178591143049, 3.3522205612009954, 1.4424140642658159</corner2></bounds><pose><translation>-1.3892067225107871, 2.338603505766836, -0.5847819486242885</translation><rotation><c1>0, 0, 0</c1><c2>0, 0, 0</c2><c3>0, 0, 0</c3></rotation></pose><symmetry><x>twoFold</x><y>cylindrical</y><z>twoFold</z></symmetry><detectionScore>-1.0</detectionScore></element><element><id>1</id><category>door</category><bounds><corner1>-0.795265638404381, -1.1725461997603026, -1.4713037881500828</corner1><corner2>0.795265638404381, 1.1725461997603026, 1.4713037881500828</corner2></bounds><pose><translation>-2.4134951643325677, 0.3427304349620869, -0.17174765480759327</translation><rotation><c1>0, 0, 0</c1><c2>0, 0, 0</c2><c3>0, 0, 0</c3></rotation></pose><symmetry><x>twoFold</x><y>cylindrical</y><z>twoFold</z></symmetry><detectionScore>-1.0</detectionScore></element><element><id>2</id><category>chandelier</category><bounds><corner1>-0.8625238980926957, -0.5087997394853443, -0.11435414889468754</corner1><corner2>0.8625238980926957, 0.5087997394853443, 0.11435414889468754</corner2></bounds><pose><translation>0.23537804996168415, -2.9902317639549594, 1.3242928772182707</translation><rotation><c1>0, 0, 0</c1><c2>0, 0, 0</c2><c3>0, 0, 0</c3></rotation></pose><symmetry><x>twoFold</x><y>cylindrical</y><z>twoFold</z></symmetry><detectionScore>-1.0</detectionScore></element><element><id>3</id><category>wall</category><bounds><corner1>-0.11506432112924125, -2.3320638242338965, -1.4993555088586354</corner1><corner2>0.11506432112924125, 2.3320638242338965, 1.4993555088586354</corner2></bounds><pose><translation>3.4641158292651837, 0.8639653601726173, -0.15786114839533302</translation><rotation><c1>0, 0, 0</c1><c2>0, 0, 0</c2><c3>0, 0, 0</c3></rotation></pose><symmetry><x>twoFold</x><y>cylindrical</y><z>twoFold</z></symmetry><detectionScore>-1.0</detectionScore></element><element><id>4</id><category>curtain</category><bounds><corner1>-1.381222407488826, -0.19815255557500144, -1.333413854031467</corner1><corner2>1.381222407488826, 0.19815255557500144, 1.333413854031467</corner2></bounds><pose><translation>0.8866768534808367, -4.906975003635611, -0.1472955592923769</translation><rotation><c1>0, 0, 0</c1><c2>0, 0, 0</c2><c3>0, 0, 0</c3></rotation></pose><symmetry><x>twoFold</x><y>cylindrical</y><z>twoFold</z></symmetry><detectionScore>-1.0</detectionScore></element><element><id>5</id><category>curtain</category><bounds><corner1>-0.148349600663352, -1.2084869091388963, -1.4193536769776696</corner1><corner2>0.148349600663352, 1.2084869091388963, 1.4193536769776696</corner2></bounds><pose><translation>3.445932105706662, 1.623498881428235, -0.1359806329476937</translation><rotation><c1>0, 0, 0</c1><c2>0, 0, 0</c2><c3>0, 0, 0</c3></rotation></pose><symmetry><x>twoFold</x><y>cylindrical</y><z>twoFold</z></symmetry><detectionScore>-1.0</detectionScore></element><element><id>6</id><category>dresser</category><bounds><corner1>-0.09703481633214062, -0.38220423021269356, -0.5976121501085564</corner1><corner2>0.09703481633214062, 0.38220423021269356, 0.5976121501085564</corner2></bounds><pose><translation>-1.7569401900698913, -2.4507605123583547, -0.8460155196954349</translation><rotation><c1>0, 0, 0</c1><c2>0, 0, 0</c2><c3>0, 0, 0</c3></rotation></pose><symmetry><x>twoFold</x><y>cylindrical</y><z>twoFold</z></symmetry><detectionScore>-1.0</detectionScore></element><element><id>7</id><category>chandelier</category><bounds><corner1>-1.1703419323443027, -3.0841469078332615, -0.10491789652866723</corner1><corner2>1.1703419323443027, 3.0841469078332615, 0.10491789652866723</corner2></bounds><pose><translation>0.2013630572501334, 2.636251726977002, 1.3732306550558426</translation><rotation><c1>0, 0, 0</c1><c2>0, 0, 0</c2><c3>0, 0, 0</c3></rotation></pose><symmetry><x>twoFold</x><y>cylindrical</y><z>twoFold</z></symmetry><detectionScore>-1.0</detectionScore></element><element><id>8</id><category>floor</category><bounds><corner1>-0.8095741683192024, -1.4726069505021084, -0.6203396450314127</corner1><corner2>0.8095741683192024, 1.4726069505021084, 0.6203396450314127</corner2></bounds><pose><translation>-2.409981198577254, -0.17617823734102087, -1.0851259437978185</translation><rotation><c1>0, 0, 0</c1><c2>0, 0, 0</c2><c3>0, 0, 0</c3></rotation></pose><symmetry><x>twoFold</x><y>cylindrical</y><z>twoFold</z></symmetry><detectionScore>-1.0</detectionScore></element><element><id>9</id><category>window</category><bounds><corner1>-1.109307435521393, -0.22519865587873422, -0.8898402034473212</corner1><corner2>1.109307435521393, 0.22519865587873422, 0.8898402034473212</corner2></bounds><pose><translation>0.8882153250134507, -4.953248860664445, 0.044558792472788315</translation><rotation><c1>0, 0, 0</c1><c2>0, 0, 0</c2><c3>0, 0, 0</c3></rotation></pose><symmetry><x>twoFold</x><y>cylindrical</y><z>twoFold</z></symmetry><detectionScore>-1.0</detectionScore></element><element><id>10</id><category>dresser</category><bounds><corner1>-0.4676460414271212, -1.8363475373289213, -0.828085824739057</corner1><corner2>0.4676460414271212, 1.8363475373289213, 0.828085824739057</corner2></bounds><pose><translation>-1.1149473199770972, 2.435825423452124, -1.1933210422898886</translation><rotation><c1>0, 0, 0</c1><c2>0, 0, 0</c2><c3>0, 0, 0</c3></rotation></pose><symmetry><x>twoFold</x><y>cylindrical</y><z>twoFold</z></symmetry><detectionScore>-1.0</detectionScore></element><element><id>11</id><category>wall</category><bounds><corner1>-2.6499812115046764, -0.41294320418928443, -1.4383558536379208</corner1><corner2>2.6499812115046764, 0.41294320418928443, 1.4383558536379208</corner2></bounds><pose><translation>0.5759311325586793, -4.976917780044025, -0.11888850488427014</translation><rotation><c1>0, 0, 0</c1><c2>0, 0, 0</c2><c3>0, 0, 0</c3></rotation></pose><symmetry><x>twoFold</x><y>cylindrical</y><z>twoFold</z></symmetry><detectionScore>-1.0</detectionScore></element><element><id>12</id><category>wall</category><bounds><corner1>-0.8015924051737633, -1.4283667774062783, -1.2518188335681344</corner1><corner2>0.8015924051737633, 1.4283667774062783, 1.2518188335681344</corner2></bounds><pose><translation>-2.4459680923727003, -0.6418310124630731, -0.04547865979273545</translation><rotation><c1>0, 0, 0</c1><c2>0, 0, 0</c2><c3>0, 0, 0</c3></rotation></pose><symmetry><x>twoFold</x><y>cylindrical</y><z>twoFold</z></symmetry><detectionScore>-1.0</detectionScore></element><element><id>13</id><category>wall</category><bounds><corner1>-2.690451086782392, -0.12638730672081433, -1.4073550734895497</corner1><corner2>2.690451086782392, 0.12638730672081433, 1.4073550734895497</corner2></bounds><pose><translation>0.678392455752094, 5.66640571048241, -0.1059972933885536</translation><rotation><c1>0, 0, 0</c1><c2>0, 0, 0</c2><c3>0, 0, 0</c3></rotation></pose><symmetry><x>twoFold</x><y>cylindrical</y><z>twoFold</z></symmetry><detectionScore>-1.0</detectionScore></element><element><id>14</id><category>window</category><bounds><corner1>-0.07160808951810393, -0.39272072912186307, -0.8070401419828358</corner1><corner2>0.07160808951810393, 0.39272072912186307, 0.8070401419828358</corner2></bounds><pose><translation>3.544947039038763, 1.675468758483516, 0.06570148650101142</translation><rotation><c1>0, 0, 0</c1><c2>0, 0, 0</c2><c3>0, 0, 0</c3></rotation></pose><symmetry><x>twoFold</x><y>cylindrical</y><z>twoFold</z></symmetry><detectionScore>-1.0</detectionScore></element><element><id>15</id><category>ceiling_fan</category><bounds><corner1>-0.5634517137518178, -0.8835672826804392, -0.05651243313560261</corner1><corner2>0.5634517137518178, 0.8835672826804392, 0.05651243313560261</corner2></bounds><pose><translation>2.153178588872616, 0.18728907657217608, 1.451376229043191</translation><rotation><c1>0, 0, 0</c1><c2>0, 0, 0</c2><c3>0, 0, 0</c3></rotation></pose><symmetry><x>twoFold</x><y>cylindrical</y><z>twoFold</z></symmetry><detectionScore>-1.0</detectionScore></element><element><id>16</id><category>ceiling</category><bounds><corner1>-0.7891722388638265, -1.2319870944397031, -0.4539562604624052</corner1><corner2>0.7891722388638265, 1.2319870944397031, 0.4539562604624052</corner2></bounds><pose><translation>-2.4225036495318224, 0.45219089152161956, 0.9352835118726803</translation><rotation><c1>0, 0, 0</c1><c2>0, 0, 0</c2><c3>0, 0, 0</c3></rotation></pose><symmetry><x>twoFold</x><y>cylindrical</y><z>twoFold</z></symmetry><detectionScore>-1.0</detectionScore></element></elements></scene>