<?xml version='1.0' encoding='utf-8'?>
<scene xmlns:sumo="https://www.sumochallenge.org"><version>2.0</version><categories><id>fb_categories_v1.0</id><url>https://sumochallenge.org/en/categories-1_0.json</url></categories><project_type>bounding_box</project_type><elements><element><id>4</id><category>mirror</category><bounds><corner1>-0.67686726, -0.53941461, -0.05898481</corner1><corner2>0.67686726, 0.53941461, 0.05898481</corner2></bounds><pose><translation>-1.28115144,  0.33223623,  3.30387847</translation><rotation><c1>1., 0., 0.</c1><c2>0., 1., 0.</c2><c3>0., 0., 1.</c3></rotation></pose><symmetry><x>none</x><y>none</y><z>twoFold</z></symmetry><detectionScore>0.6093391</detectionScore></element><element><id>1</id><category>window</category><bounds><corner1>-0.63135829, -0.85981033, -0.06209046</corner1><corner2>0.63135829, 0.85981033, 0.06209046</corner2></bounds><pose><translation>0.77192936, 0.0487497 , 3.41288273</translation><rotation><c1>1., 0., 0.</c1><c2>0., 1., 0.</c2><c3>0., 0., 1.</c3></rotation></pose><symmetry><x>none</x><y>twoFold</y><z>none</z></symmetry><detectionScore>0.9215014</detectionScore></element><element><id>5</id><category>wall</category><bounds><corner1>-0.04012957, -0.94210126, -0.54054242</corner1><corner2>0.04012957, 0.94210126, 0.54054242</corner2></bounds><pose><translation>-2.43400834, -0.210416  , -1.01006149</translation><rotation><c1>1., 0., 0.</c1><c2>0., 1., 0.</c2><c3>0., 0., 1.</c3></rotation></pose><symmetry><x>none</x><y>twoFold</y><z>none</z></symmetry><detectionScore>0.724968</detectionScore></element><element><id>3</id><category>wall</category><bounds><corner1>-1.65390279, -1.24203946, -1.90039876</corner1><corner2>1.65390279, 1.24203946, 1.90039876</corner2></bounds><pose><translation>-4.24393576, -0.12944243,  1.35832435</translation><rotation><c1>1., 0., 0.</c1><c2>0., 1., 0.</c2><c3>0., 0., 1.</c3></rotation></pose><symmetry><x>none</x><y>twoFold</y><z>none</z></symmetry><detectionScore>0.9662978</detectionScore></element><element><id>2</id><category>sink</category><bounds><corner1>-0.76717337, -0.64997975, -0.34383021</corner1><corner2>0.76717337, 0.64997975, 0.34383021</corner2></bounds><pose><translation>-1.48791358, -0.9570587 ,  3.05493596</translation><rotation><c1>1., 0., 0.</c1><c2>0., 1., 0.</c2><c3>0., 0., 1.</c3></rotation></pose><symmetry><x>none</x><y>none</y><z>none</z></symmetry><detectionScore>0.52057886</detectionScore></element><element><id>6</id><category>shower</category><bounds><corner1>-0.54623986, -1.04962454, -0.42582691</corner1><corner2>0.54623986, 1.04962454, 0.42582691</corner2></bounds><pose><translation>-3.33726944, -0.40991913, -0.01631367</translation><rotation><c1>1., 0., 0.</c1><c2>0., 1., 0.</c2><c3>0., 0., 1.</c3></rotation></pose><symmetry><x>none</x><y>cylindrical</y><z>none</z></symmetry><detectionScore>0.6524354</detectionScore></element></elements></scene>