<?xml version='1.0' encoding='utf-8'?>
<scene xmlns:sumo="https://www.sumochallenge.org"><version>2.0</version><categories><id>fb_categories_v1.0</id><url>https://sumochallenge.org/en/categories-1_0.json</url></categories><project_type>bounding_box</project_type><elements><element><id>2</id><category>fence</category><bounds><corner1>-6.20706589, -0.09026506, -0.        </corner1><corner2> 6.20706589,  0.09026506, -0.        </corner2></bounds><pose><translation>0., 0., 0.</translation><rotation><c1>1., 0., 0.</c1><c2>0., 1., 0.</c2><c3>0., 0., 1.</c3></rotation></pose><symmetry><x>none</x><y>twoFold</y><z>none</z></symmetry><detectionScore>0.8883302</detectionScore></element><element><id>4</id><category>fence</category><bounds><corner1>-6.73552681, -0.26203153, -0.        </corner1><corner2> 6.73552681,  0.26203153, -0.        </corner2></bounds><pose><translation>0., 0., 0.</translation><rotation><c1>1., 0., 0.</c1><c2>0., 1., 0.</c2><c3>0., 0., 1.</c3></rotation></pose><symmetry><x>none</x><y>twoFold</y><z>none</z></symmetry><detectionScore>0.7150378</detectionScore></element><element><id>1</id><category>door</category><bounds><corner1>-0.07298447, -0.42184591, -0.20906396</corner1><corner2>0.07298447, 0.42184591, 0.20906396</corner2></bounds><pose><translation>-1.43899276, -0.16661486,  0.98668389</translation><rotation><c1>1., 0., 0.</c1><c2>0., 1., 0.</c2><c3>0., 0., 1.</c3></rotation></pose><symmetry><x>twoFold</x><y>twoFold</y><z>twoFold</z></symmetry><detectionScore>0.74088246</detectionScore></element><element><id>3</id><category>wall</category><bounds><corner1>-0.14125014, -1.34540117, -1.66383001</corner1><corner2>0.14125014, 1.34540117, 1.66383001</corner2></bounds><pose><translation> 4.92079112, -0.20200672, -0.50794652</translation><rotation><c1>1., 0., 0.</c1><c2>0., 1., 0.</c2><c3>0., 0., 1.</c3></rotation></pose><symmetry><x>none</x><y>twoFold</y><z>none</z></symmetry><detectionScore>0.9576741</detectionScore></element></elements></scene>