<?xml version='1.0' encoding='utf-8'?>
<scene xmlns:sumo="https://www.sumochallenge.org"><version>2.0</version><categories><id>fb_categories_v1_0</id><url>https://sumochallenge.org/en/categories-1_0.json</url></categories><project_type>bounding_box</project_type><elements><element><id>0</id><category>ceiling_fan</category><bounds><corner1>-1.3151457459235996, -0.129501805580013, -1.3384614496905578</corner1><corner2>1.3151457459235996, 0.129501805580013, 1.3384614496905578</corner2></bounds><pose><translation>1.9692915953707502, 1.4283281822165126, -0.6906896415201886</translation><rotation><c1>1, 0, 0</c1><c2>0, 1, 0</c2><c3>0, 0, 1</c3></rotation></pose><symmetry><x>twoFold</x><y>cylindrical</y><z>twoFold</z></symmetry><detectionScore>-1.0</detectionScore></element><element><id>1</id><category>wall</category><bounds><corner1>-2.5398052485058713, -1.5061062919026922, -0.1512208008295921</corner1><corner2>2.5398052485058713, 1.5061062919026922, 0.1512208008295921</corner2></bounds><pose><translation>4.3895696808140565, -0.13752383556071812, 1.765721241407101</translation><rotation><c1>1, 0, 0</c1><c2>0, 1, 0</c2><c3>0, 0, 1</c3></rotation></pose><symmetry><x>twoFold</x><y>cylindrical</y><z>twoFold</z></symmetry><detectionScore>-1.0</detectionScore></element><element><id>2</id><category>ceiling</category><bounds><corner1>-1.0765591755874002, -0.357802941784505, -0.8459760361433504</corner1><corner2>1.0765591755874002, 0.357802941784505, 0.8459760361433504</corner2></bounds><pose><translation>2.39850504099354, 1.0189874643697727, -3.784583703071333</translation><rotation><c1>1, 0, 0</c1><c2>0, 1, 0</c2><c3>0, 0, 1</c3></rotation></pose><symmetry><x>twoFold</x><y>cylindrical</y><z>twoFold</z></symmetry><detectionScore>-1.0</detectionScore></element><element><id>3</id><category>wall</category><bounds><corner1>-0.31166528042720865, -1.539212894815698, -2.3441011467387556</corner1><corner2>0.31166528042720865, 1.539212894815698, 2.3441011467387556</corner2></bounds><pose><translation>-3.7599037913857076, -0.15049097602088216, -0.5815865832685578</translation><rotation><c1>1, 0, 0</c1><c2>0, 1, 0</c2><c3>0, 0, 1</c3></rotation></pose><symmetry><x>twoFold</x><y>cylindrical</y><z>twoFold</z></symmetry><detectionScore>-1.0</detectionScore></element><element><id>4</id><category>door</category><bounds><corner1>-1.0881163489176715, -1.7486384002678754, -1.0269019945272726</corner1><corner2>1.0881163489176715, 1.7486384002678754, 1.0269019945272726</corner2></bounds><pose><translation>2.126460713720643, -0.7541666142010011, -3.79692023340979</translation><rotation><c1>1, 0, 0</c1><c2>0, 1, 0</c2><c3>0, 0, 1</c3></rotation></pose><symmetry><x>twoFold</x><y>cylindrical</y><z>twoFold</z></symmetry><detectionScore>-1.0</detectionScore></element><element><id>5</id><category>window</category><bounds><corner1>-0.32392539179827873, -0.9279281770319547, -1.180674794932191</corner1><corner2>0.32392539179827873, 0.9279281770319547, 1.180674794932191</corner2></bounds><pose><translation>-3.811726426299772, 0.07113630251792305, -0.7916167161548696</translation><rotation><c1>1, 0, 0</c1><c2>0, 1, 0</c2><c3>0, 0, 1</c3></rotation></pose><symmetry><x>twoFold</x><y>cylindrical</y><z>twoFold</z></symmetry><detectionScore>-1.0</detectionScore></element><element><id>6</id><category>window</category><bounds><corner1>-0.6376140802056471, -1.138600895079569, -0.09274565618040986</corner1><corner2>0.6376140802056471, 1.138600895079569, 0.09274565618040986</corner2></bounds><pose><translation>2.92252033916641, 0.10339430447445729, 1.935094043784483</translation><rotation><c1>1, 0, 0</c1><c2>0, 1, 0</c2><c3>0, 0, 1</c3></rotation></pose><symmetry><x>twoFold</x><y>cylindrical</y><z>twoFold</z></symmetry><detectionScore>-1.0</detectionScore></element><element><id>7</id><category>chandelier</category><bounds><corner1>-3.2119082104082715, -0.11173943400476172, -1.2793388808151027</corner1><corner2>3.2119082104082715, 0.11173943400476172, 1.2793388808151027</corner2></bounds><pose><translation>3.806804437893102, 1.3233530261569755, -1.7815852541705552</translation><rotation><c1>1, 0, 0</c1><c2>0, 1, 0</c2><c3>0, 0, 1</c3></rotation></pose><symmetry><x>twoFold</x><y>cylindrical</y><z>twoFold</z></symmetry><detectionScore>-1.0</detectionScore></element><element><id>8</id><category>rug</category><bounds><corner1>-0.7515167470027353, -0.5162629865076234, -0.8543206702209458</corner1><corner2>0.7515167470027353, 0.5162629865076234, 0.8543206702209458</corner2></bounds><pose><translation>2.386501195891154, -1.2197579083383283, -3.7763400978082187</translation><rotation><c1>1, 0, 0</c1><c2>0, 1, 0</c2><c3>0, 0, 1</c3></rotation></pose><symmetry><x>twoFold</x><y>cylindrical</y><z>twoFold</z></symmetry><detectionScore>-1.0</detectionScore></element><element><id>9</id><category>curtain</category><bounds><corner1>-2.018958138956271, -1.4470495061872364, -0.153563051031403</corner1><corner2>2.018958138956271, 1.4470495061872364, 0.153563051031403</corner2></bounds><pose><translation>4.198819783897822, -0.08127670625709942, 1.7616513185814415</translation><rotation><c1>1, 0, 0</c1><c2>0, 1, 0</c2><c3>0, 0, 1</c3></rotation></pose><symmetry><x>twoFold</x><y>cylindrical</y><z>twoFold</z></symmetry><detectionScore>-1.0</detectionScore></element><element><id>10</id><category>curtain</category><bounds><corner1>-0.2663039030616181, -1.5222120211146528, -1.4582298201559225</corner1><corner2>0.2663039030616181, 1.5222120211146528, 1.4582298201559225</corner2></bounds><pose><translation>-3.7154190737309816, -0.1638759798968481, -0.8652659236590261</translation><rotation><c1>1, 0, 0</c1><c2>0, 1, 0</c2><c3>0, 0, 1</c3></rotation></pose><symmetry><x>twoFold</x><y>cylindrical</y><z>twoFold</z></symmetry><detectionScore>-1.0</detectionScore></element><element><id>11</id><category>wall</category><bounds><corner1>-1.6916220983674481, -1.4375403180649833, -0.9511291499267354</corner1><corner2>1.6916220983674481, 1.4375403180649833, 0.9511291499267354</corner2></bounds><pose><translation>1.5229549642708662, -0.12910384096697797, -3.873148577514008</translation><rotation><c1>1, 0, 0</c1><c2>0, 1, 0</c2><c3>0, 0, 1</c3></rotation></pose><symmetry><x>twoFold</x><y>cylindrical</y><z>twoFold</z></symmetry><detectionScore>-1.0</detectionScore></element><element><id>12</id><category>wall</category><bounds><corner1>-0.15351209738290716, -1.4559835038178397, -2.8056011986985743</corner1><corner2>0.15351209738290716, 1.4559835038178397, 2.8056011986985743</corner2></bounds><pose><translation>6.880996284765251, -0.14891059542201396, -0.9631756384346668</translation><rotation><c1>1, 0, 0</c1><c2>0, 1, 0</c2><c3>0, 0, 1</c3></rotation></pose><symmetry><x>twoFold</x><y>cylindrical</y><z>twoFold</z></symmetry><detectionScore>-1.0</detectionScore></element><element><id>13</id><category>bunker_bed</category><bounds><corner1>-3.1994277080846834, -1.5260933483237584, -1.1431753791485235</corner1><corner2>3.1994277080846834, 1.5260933483237584, 1.1431753791485235</corner2></bounds><pose><translation>3.7970585082792123, -0.7137087663543616, -2.68844098966961</translation><rotation><c1>1, 0, 0</c1><c2>0, 1, 0</c2><c3>0, 0, 1</c3></rotation></pose><symmetry><x>twoFold</x><y>cylindrical</y><z>twoFold</z></symmetry><detectionScore>-1.0</detectionScore></element></elements></scene>