<?xml version='1.0' encoding='utf-8'?>
<scene xmlns:sumo="https://www.sumochallenge.org"><version>2.0</version><categories><id>fb_categories_v1.0</id><url>https://sumochallenge.org/en/categories-1_0.json</url></categories><project_type>bounding_box</project_type><elements><element><id>25</id><category>wall</category><bounds><corner1> -3.23344167,  -1.45063477, -13.28075354</corner1><corner2> 1.25995644,  1.0750542 , -4.2563799 </corner2></bounds><pose><translation>0., 0., 0.</translation><rotation><c1>1., 0., 0.</c1><c2>0., 1., 0.</c2><c3>0., 0., 1.</c3></rotation></pose><symmetry><x>none</x><y>none</y><z>none</z></symmetry><detectionScore>-1</detectionScore></element><element><id>18</id><category>window</category><bounds><corner1> 1.15396385, -0.6864139 , -1.64475774</corner1><corner2> 1.83507113,  0.77347241, -0.27717061</corner2></bounds><pose><translation>0., 0., 0.</translation><rotation><c1>1., 0., 0.</c1><c2>0., 1., 0.</c2><c3>0., 0., 1.</c3></rotation></pose><symmetry><x>none</x><y>none</y><z>none</z></symmetry><detectionScore>-1</detectionScore></element><element><id>21</id><category>coffee_machine</category><bounds><corner1> 1.231978  , -0.67279697, -0.51453021</corner1><corner2> 1.80600802, -0.25470114, -0.07195211</corner2></bounds><pose><translation>0., 0., 0.</translation><rotation><c1>1., 0., 0.</c1><c2>0., 1., 0.</c2><c3>0., 0., 1.</c3></rotation></pose><symmetry><x>none</x><y>none</y><z>none</z></symmetry><detectionScore>-1</detectionScore></element><element><id>19</id><category>wall</category><bounds><corner1>-14.64958669,  -1.45157375,  -6.96882031</corner1><corner2>-3.2027594 ,  1.19714981,  0.99640913</corner2></bounds><pose><translation>0., 0., 0.</translation><rotation><c1>1., 0., 0.</c1><c2>0., 1., 0.</c2><c3>0., 0., 1.</c3></rotation></pose><symmetry><x>none</x><y>none</y><z>none</z></symmetry><detectionScore>-1</detectionScore></element><element><id>17</id><category>kitchen_cabinet</category><bounds><corner1>-3.31144143, -1.46357628, -5.72112543</corner1><corner2>-1.69840247, -0.51352752, -2.98199305</corner2></bounds><pose><translation>0., 0., 0.</translation><rotation><c1>1., 0., 0.</c1><c2>0., 1., 0.</c2><c3>0., 0., 1.</c3></rotation></pose><symmetry><x>none</x><y>none</y><z>none</z></symmetry><detectionScore>-1</detectionScore></element><element><id>6</id><category>fireplace</category><bounds><corner1>-11.43535849,  -1.45195795,  -8.02841407</corner1><corner2>-4.60785061,  1.19902243, -2.32160961</corner2></bounds><pose><translation>0., 0., 0.</translation><rotation><c1>1., 0., 0.</c1><c2>0., 1., 0.</c2><c3>0., 0., 1.</c3></rotation></pose><symmetry><x>none</x><y>none</y><z>none</z></symmetry><detectionScore>-1</detectionScore></element><element><id>8</id><category>chair</category><bounds><corner1>-3.31432303, -1.4750131 , -5.04312297</corner1><corner2>-1.8937278 , -0.65759503, -2.82802888</corner2></bounds><pose><translation>0., 0., 0.</translation><rotation><c1>1., 0., 0.</c1><c2>0., 1., 0.</c2><c3>0., 0., 1.</c3></rotation></pose><symmetry><x>none</x><y>none</y><z>none</z></symmetry><detectionScore>-1</detectionScore></element><element><id>7</id><category>door</category><bounds><corner1> 1.087544  , -1.44571296, -3.86486817</corner1><corner2> 1.75240382,  0.60897321, -1.34496534</corner2></bounds><pose><translation>0., 0., 0.</translation><rotation><c1>1., 0., 0.</c1><c2>0., 1., 0.</c2><c3>0., 0., 1.</c3></rotation></pose><symmetry><x>none</x><y>none</y><z>none</z></symmetry><detectionScore>-1</detectionScore></element><element><id>16</id><category>sofa</category><bounds><corner1>-11.43898774,  -1.47031616,  -7.87334144</corner1><corner2>-4.51828852, -0.56746236, -2.04066308</corner2></bounds><pose><translation>0., 0., 0.</translation><rotation><c1>1., 0., 0.</c1><c2>0., 1., 0.</c2><c3>0., 0., 1.</c3></rotation></pose><symmetry><x>none</x><y>none</y><z>none</z></symmetry><detectionScore>-1</detectionScore></element><element><id>10</id><category>armchair</category><bounds><corner1>-10.78477915,  -1.47213978,  -8.00949276</corner1><corner2>-3.19869467, -0.37820989, -2.77758568</corner2></bounds><pose><translation>0., 0., 0.</translation><rotation><c1>1., 0., 0.</c1><c2>0., 1., 0.</c2><c3>0., 0., 1.</c3></rotation></pose><symmetry><x>none</x><y>none</y><z>none</z></symmetry><detectionScore>-1</detectionScore></element><element><id>26</id><category>refrigerator</category><bounds><corner1> 0.96288979, -1.45641777, -3.08290066</corner1><corner2> 1.69604252,  0.29598737, -1.34499443</corner2></bounds><pose><translation>0., 0., 0.</translation><rotation><c1>1., 0., 0.</c1><c2>0., 1., 0.</c2><c3>0., 0., 1.</c3></rotation></pose><symmetry><x>none</x><y>none</y><z>none</z></symmetry><detectionScore>-1</detectionScore></element><element><id>22</id><category>kitchen_cabinet</category><bounds><corner1> 1.08831121, -1.44468505, -4.2024812 </corner1><corner2> 1.28659465, -0.34510799, -2.08900102</corner2></bounds><pose><translation>0., 0., 0.</translation><rotation><c1>1., 0., 0.</c1><c2>0., 1., 0.</c2><c3>0., 0., 1.</c3></rotation></pose><symmetry><x>none</x><y>none</y><z>none</z></symmetry><detectionScore>-1</detectionScore></element><element><id>23</id><category>arch</category><bounds><corner1>-14.53156817,  -1.47320606,  -7.99743363</corner1><corner2>-1.75806482,  1.20838968,  0.03491435</corner2></bounds><pose><translation>0., 0., 0.</translation><rotation><c1>1., 0., 0.</c1><c2>0., 1., 0.</c2><c3>0., 0., 1.</c3></rotation></pose><symmetry><x>none</x><y>none</y><z>none</z></symmetry><detectionScore>-1</detectionScore></element><element><id>11</id><category>chair</category><bounds><corner1>-3.28801078, -1.46995042, -6.29819499</corner1><corner2>-1.68700376, -0.42741517, -2.97283678</corner2></bounds><pose><translation>0., 0., 0.</translation><rotation><c1>1., 0., 0.</c1><c2>0., 1., 0.</c2><c3>0., 0., 1.</c3></rotation></pose><symmetry><x>none</x><y>none</y><z>none</z></symmetry><detectionScore>-1</detectionScore></element><element><id>2</id><category>kitchen_cabinet</category><bounds><corner1> 0.70747179, -1.47223527, -7.74254989</corner1><corner2> 1.34359771, -0.44511232, -2.77681989</corner2></bounds><pose><translation>0., 0., 0.</translation><rotation><c1>1., 0., 0.</c1><c2>0., 1., 0.</c2><c3>0., 0., 1.</c3></rotation></pose><symmetry><x>none</x><y>none</y><z>none</z></symmetry><detectionScore>-1</detectionScore></element><element><id>14</id><category>kitchen_cabinet</category><bounds><corner1> 0.95577507, -1.456723  , -4.50181017</corner1><corner2> 1.55782137,  0.58586016, -1.77205237</corner2></bounds><pose><translation>0., 0., 0.</translation><rotation><c1>1., 0., 0.</c1><c2>0., 1., 0.</c2><c3>0., 0., 1.</c3></rotation></pose><symmetry><x>none</x><y>none</y><z>none</z></symmetry><detectionScore>-1</detectionScore></element><element><id>9</id><category>food_processor</category><bounds><corner1> 1.22199335, -0.67867604, -1.25886706</corner1><corner2> 1.82994843, -0.31328866, -0.49938286</corner2></bounds><pose><translation>0., 0., 0.</translation><rotation><c1>1., 0., 0.</c1><c2>0., 1., 0.</c2><c3>0., 0., 1.</c3></rotation></pose><symmetry><x>none</x><y>none</y><z>none</z></symmetry><detectionScore>-1</detectionScore></element><element><id>20</id><category>kitchen_cabinet</category><bounds><corner1> 0.92017571, -1.45733178, -6.53453697</corner1><corner2> 1.7319556 ,  1.04856825, -2.40411857</corner2></bounds><pose><translation>0., 0., 0.</translation><rotation><c1>1., 0., 0.</c1><c2>0., 1., 0.</c2><c3>0., 0., 1.</c3></rotation></pose><symmetry><x>none</x><y>none</y><z>none</z></symmetry><detectionScore>-1</detectionScore></element><element><id>5</id><category>chair</category><bounds><corner1>-3.30122359, -1.47365168, -4.66220345</corner1><corner2>-2.0377265 , -0.66805773, -2.87133055</corner2></bounds><pose><translation>0., 0., 0.</translation><rotation><c1>1., 0., 0.</c1><c2>0., 1., 0.</c2><c3>0., 0., 1.</c3></rotation></pose><symmetry><x>none</x><y>none</y><z>none</z></symmetry><detectionScore>-1</detectionScore></element><element><id>24</id><category>kitchen_cabinet</category><bounds><corner1> 1.12497797, -1.03116915, -1.12889125</corner1><corner2> 1.62299731, -0.54958538,  0.10322457</corner2></bounds><pose><translation>0., 0., 0.</translation><rotation><c1>1., 0., 0.</c1><c2>0., 1., 0.</c2><c3>0., 0., 1.</c3></rotation></pose><symmetry><x>none</x><y>none</y><z>none</z></symmetry><detectionScore>-1</detectionScore></element><element><id>12</id><category>kitchen_cabinet</category><bounds><corner1>-3.2545718 , -1.42228424, -6.2716991 </corner1><corner2>-0.54708186, -0.53105633, -3.53775686</corner2></bounds><pose><translation>0., 0., 0.</translation><rotation><c1>1., 0., 0.</c1><c2>0., 1., 0.</c2><c3>0., 0., 1.</c3></rotation></pose><symmetry><x>none</x><y>none</y><z>none</z></symmetry><detectionScore>-1</detectionScore></element><element><id>15</id><category>food_processor</category><bounds><corner1> 1.22203889, -0.67672424, -1.13578744</corner1><corner2> 1.81708883, -0.35508495, -0.68971387</corner2></bounds><pose><translation>0., 0., 0.</translation><rotation><c1>1., 0., 0.</c1><c2>0., 1., 0.</c2><c3>0., 0., 1.</c3></rotation></pose><symmetry><x>none</x><y>none</y><z>none</z></symmetry><detectionScore>-1</detectionScore></element><element><id>4</id><category>kitchen_cabinet</category><bounds><corner1> 1.09999686, -0.91396564,  0.0397236 </corner1><corner2> 1.74293641, -0.563341  ,  1.08429076</corner2></bounds><pose><translation>0., 0., 0.</translation><rotation><c1>1., 0., 0.</c1><c2>0., 1., 0.</c2><c3>0., 0., 1.</c3></rotation></pose><symmetry><x>none</x><y>none</y><z>none</z></symmetry><detectionScore>-1</detectionScore></element><element><id>1</id><category>chair</category><bounds><corner1>-10.68506383,  -1.47155381,  -8.02214005</corner1><corner2>-3.19822353, -0.35259266, -2.77596565</corner2></bounds><pose><translation>0., 0., 0.</translation><rotation><c1>1., 0., 0.</c1><c2>0., 1., 0.</c2><c3>0., 0., 1.</c3></rotation></pose><symmetry><x>none</x><y>none</y><z>none</z></symmetry><detectionScore>-1</detectionScore></element><element><id>3</id><category>range_hood</category><bounds><corner1>-3.31400064, -0.10080692, -8.03250426</corner1><corner2>-1.36558936,  1.20678744, -4.61162487</corner2></bounds><pose><translation>0., 0., 0.</translation><rotation><c1>1., 0., 0.</c1><c2>0., 1., 0.</c2><c3>0., 0., 1.</c3></rotation></pose><symmetry><x>none</x><y>none</y><z>none</z></symmetry><detectionScore>-1</detectionScore></element><element><id>13</id><category>chair</category><bounds><corner1>-3.31715136, -1.47287176, -5.19963832</corner1><corner2>-1.95076071, -0.5672243 , -3.00018104</corner2></bounds><pose><translation>0., 0., 0.</translation><rotation><c1>1., 0., 0.</c1><c2>0., 1., 0.</c2><c3>0., 0., 1.</c3></rotation></pose><symmetry><x>none</x><y>none</y><z>none</z></symmetry><detectionScore>-1</detectionScore></element></elements></scene>