<?xml version='1.0' encoding='utf-8'?>
<scene xmlns:sumo="https://www.sumochallenge.org"><version>2.0</version><categories><id>fb_categories_v1_0</id><url>https://sumochallenge.org/en/categories-1_0.json</url></categories><project_type>bounding_box</project_type><elements><element><id>0</id><category>hanging_kitchen_cabinet</category><bounds><corner1>-0.3963891974929311, -0.05394508130599318, -0.5491576583228375</corner1><corner2>0.3963891974929311, 0.05394508130599318, 0.5491576583228375</corner2></bounds><pose><translation>0.27445059652084736, -1.2132336791948362, 0.2625226635536142</translation><rotation><c1>0, 0, 0</c1><c2>0, 0, 0</c2><c3>0, 0, 0</c3></rotation></pose><symmetry><x>twoFold</x><y>cylindrical</y><z>twoFold</z></symmetry><detectionScore>-1.0</detectionScore></element><element><id>1</id><category>kitchen_cabinet</category><bounds><corner1>-0.4730285259859319, -2.14841376332705, -1.5606626299501332</corner1><corner2>0.4730285259859319, 2.14841376332705, 1.5606626299501332</corner2></bounds><pose><translation>-0.4983461540079217, -3.3728296549012784, -0.57582472339171</translation><rotation><c1>0, 0, 0</c1><c2>0, 0, 0</c2><c3>0, 0, 0</c3></rotation></pose><symmetry><x>twoFold</x><y>cylindrical</y><z>twoFold</z></symmetry><detectionScore>-1.0</detectionScore></element><element><id>2</id><category>window</category><bounds><corner1>-0.10760222261050156, -1.5517007205593698, -1.2793761748087844</corner1><corner2>0.10760222261050156, 1.5517007205593698, 1.2793761748087844</corner2></bounds><pose><translation>4.924381494494441, 1.9609853174874377, -0.13117981207942722</translation><rotation><c1>0, 0, 0</c1><c2>0, 0, 0</c2><c3>0, 0, 0</c3></rotation></pose><symmetry><x>twoFold</x><y>cylindrical</y><z>twoFold</z></symmetry><detectionScore>-1.0</detectionScore></element><element><id>3</id><category>door</category><bounds><corner1>-1.722215663770735, -1.3714853597962078, -1.310855402394671</corner1><corner2>1.722215663770735, 1.3714853597962078, 1.310855402394671</corner2></bounds><pose><translation>3.051005174781477, -2.378953037836786, -0.26499236472396903</translation><rotation><c1>0, 0, 0</c1><c2>0, 0, 0</c2><c3>0, 0, 0</c3></rotation></pose><symmetry><x>twoFold</x><y>cylindrical</y><z>twoFold</z></symmetry><detectionScore>-1.0</detectionScore></element><element><id>4</id><category>rug</category><bounds><corner1>-0.8509815649974221, -0.20898674844130682, -0.06755849779828194</corner1><corner2>0.8509815649974221, 0.20898674844130682, 0.06755849779828194</corner2></bounds><pose><translation>0.3717631228756496, -1.265155368924896, -0.790388267180649</translation><rotation><c1>0, 0, 0</c1><c2>0, 0, 0</c2><c3>0, 0, 0</c3></rotation></pose><symmetry><x>twoFold</x><y>cylindrical</y><z>twoFold</z></symmetry><detectionScore>-1.0</detectionScore></element><element><id>5</id><category>wall_lamp</category><bounds><corner1>-2.2267380681606976, -0.15923704619609147, -0.543999140903722</corner1><corner2>2.2267380681606976, 0.15923704619609147, 0.543999140903722</corner2></bounds><pose><translation>2.709906844092793, -0.039122757253335125, 0.8036048412810438</translation><rotation><c1>0, 0, 0</c1><c2>0, 0, 0</c2><c3>0, 0, 0</c3></rotation></pose><symmetry><x>twoFold</x><y>cylindrical</y><z>twoFold</z></symmetry><detectionScore>-1.0</detectionScore></element><element><id>6</id><category>wall</category><bounds><corner1>-0.5593225471400101, -0.7813170347446952, -0.948004148954966</corner1><corner2>0.5593225471400101, 0.7813170347446952, 0.948004148954966</corner2></bounds><pose><translation>3.0353654030736714, -1.426853467872949, -0.03817762579975875</translation><rotation><c1>0, 0, 0</c1><c2>0, 0, 0</c2><c3>0, 0, 0</c3></rotation></pose><symmetry><x>twoFold</x><y>cylindrical</y><z>twoFold</z></symmetry><detectionScore>-1.0</detectionScore></element><element><id>7</id><category>wall</category><bounds><corner1>-3.150776027703186, -0.1646334418037103, -1.4538767059075635</corner1><corner2>3.150776027703186, 0.1646334418037103, 1.4538767059075635</corner2></bounds><pose><translation>0.6660699082403905, 7.212456305049969, -0.17825981892114545</translation><rotation><c1>0, 0, 0</c1><c2>0, 0, 0</c2><c3>0, 0, 0</c3></rotation></pose><symmetry><x>twoFold</x><y>cylindrical</y><z>twoFold</z></symmetry><detectionScore>-1.0</detectionScore></element><element><id>8</id><category>range_hood</category><bounds><corner1>-0.4114241386753348, -0.05650097979778557, -0.7670354188096289</corner1><corner2>0.4114241386753348, 0.05650097979778557, 0.7670354188096289</corner2></bounds><pose><translation>0.2779975670706305, -1.2130403271985433, 0.2621951517954408</translation><rotation><c1>0, 0, 0</c1><c2>0, 0, 0</c2><c3>0, 0, 0</c3></rotation></pose><symmetry><x>twoFold</x><y>cylindrical</y><z>twoFold</z></symmetry><detectionScore>-1.0</detectionScore></element><element><id>9</id><category>kitchen_cabinet</category><bounds><corner1>-1.0073472346041998, -1.9026415963563759, -0.9683049036055111</corner1><corner2>1.0073472346041998, 1.9026415963563759, 0.9683049036055111</corner2></bounds><pose><translation>0.4829656001625561, -3.1040548454410786, -0.7216358479791892</translation><rotation><c1>0, 0, 0</c1><c2>0, 0, 0</c2><c3>0, 0, 0</c3></rotation></pose><symmetry><x>twoFold</x><y>cylindrical</y><z>twoFold</z></symmetry><detectionScore>-1.0</detectionScore></element><element><id>10</id><category>wall</category><bounds><corner1>-0.8997452383605236, -1.9011428892607998, -0.7002540937802602</corner1><corner2>0.8997452383605236, 1.9011428892607998, 0.7002540937802602</corner2></bounds><pose><translation>0.2785813465565931, -3.1052945929554454, -0.3494235627103416</translation><rotation><c1>0, 0, 0</c1><c2>0, 0, 0</c2><c3>0, 0, 0</c3></rotation></pose><symmetry><x>twoFold</x><y>cylindrical</y><z>twoFold</z></symmetry><detectionScore>-1.0</detectionScore></element><element><id>11</id><category>wall</category><bounds><corner1>-2.3848334524553656, -1.999790423050966, -1.5101559399230235</corner1><corner2>2.3848334524553656, 1.999790423050966, 1.5101559399230235</corner2></bounds><pose><translation>0.06959480090975959, -3.1453576479530554, -0.18541251265091147</translation><rotation><c1>0, 0, 0</c1><c2>0, 0, 0</c2><c3>0, 0, 0</c3></rotation></pose><symmetry><x>twoFold</x><y>cylindrical</y><z>twoFold</z></symmetry><detectionScore>-1.0</detectionScore></element><element><id>12</id><category>air_conditioner</category><bounds><corner1>-2.2267380681606976, -0.15923704619609147, -0.543999140903722</corner1><corner2>2.2267380681606976, 0.15923704619609147, 0.543999140903722</corner2></bounds><pose><translation>2.709906844092793, -0.039122757253335125, 0.8036048412810438</translation><rotation><c1>0, 0, 0</c1><c2>0, 0, 0</c2><c3>0, 0, 0</c3></rotation></pose><symmetry><x>twoFold</x><y>cylindrical</y><z>twoFold</z></symmetry><detectionScore>-1.0</detectionScore></element><element><id>13</id><category>chandelier</category><bounds><corner1>-2.2267380681606976, -0.15923704619609147, -0.543999140903722</corner1><corner2>2.2267380681606976, 0.15923704619609147, 0.543999140903722</corner2></bounds><pose><translation>2.709906844092793, -0.039122757253335125, 0.8036048412810438</translation><rotation><c1>0, 0, 0</c1><c2>0, 0, 0</c2><c3>0, 0, 0</c3></rotation></pose><symmetry><x>twoFold</x><y>cylindrical</y><z>twoFold</z></symmetry><detectionScore>-1.0</detectionScore></element><element><id>14</id><category>wall</category><bounds><corner1>-0.199657698119867, -1.6534780707456047, -1.3434572462231247</corner1><corner2>0.199657698119867, 1.6534780707456047, 1.3434572462231247</corner2></bounds><pose><translation>3.933926842695178, 5.617782163607667, -0.06217005015529978</translation><rotation><c1>0, 0, 0</c1><c2>0, 0, 0</c2><c3>0, 0, 0</c3></rotation></pose><symmetry><x>twoFold</x><y>cylindrical</y><z>twoFold</z></symmetry><detectionScore>-1.0</detectionScore></element><element><id>15</id><category>chair</category><bounds><corner1>-2.771056839985053, -4.135802620037476, -0.621527065536786</corner1><corner2>2.771056839985053, 4.135802620037476, 0.621527065536786</corner2></bounds><pose><translation>1.1855300423100164, 2.264150676534374, -1.21742663105052</translation><rotation><c1>0, 0, 0</c1><c2>0, 0, 0</c2><c3>0, 0, 0</c3></rotation></pose><symmetry><x>twoFold</x><y>cylindrical</y><z>twoFold</z></symmetry><detectionScore>-1.0</detectionScore></element><element><id>16</id><category>dining_table</category><bounds><corner1>-3.0086998382756267, -4.39288992637374, -0.4971316210825083</corner1><corner2>3.0086998382756267, 4.39288992637374, 0.4971316210825083</corner2></bounds><pose><translation>0.9908578339463117, 2.3932519447342617, -1.094228840015635</translation><rotation><c1>0, 0, 0</c1><c2>0, 0, 0</c2><c3>0, 0, 0</c3></rotation></pose><symmetry><x>twoFold</x><y>cylindrical</y><z>twoFold</z></symmetry><detectionScore>-1.0</detectionScore></element><element><id>17</id><category>chair</category><bounds><corner1>-2.360152808545039, -4.80728973721138, -0.4363505818848471</corner1><corner2>2.360152808545039, 4.80728973721138, 0.4363505818848471</corner2></bounds><pose><translation>1.7266191954990902, 2.2742134271767007, -1.0099967303096449</translation><rotation><c1>0, 0, 0</c1><c2>0, 0, 0</c2><c3>0, 0, 0</c3></rotation></pose><symmetry><x>twoFold</x><y>cylindrical</y><z>twoFold</z></symmetry><detectionScore>-1.0</detectionScore></element><element><id>18</id><category>hanging_kitchen_cabinet</category><bounds><corner1>-0.889657201316292, -0.8403207021243171, -0.6217522082803908</corner1><corner2>0.889657201316292, 0.8403207021243171, 0.6217522082803908</corner2></bounds><pose><translation>-1.9486735029649465, -3.202567114915996, 0.37790893594500746</translation><rotation><c1>0, 0, 0</c1><c2>0, 0, 0</c2><c3>0, 0, 0</c3></rotation></pose><symmetry><x>twoFold</x><y>cylindrical</y><z>twoFold</z></symmetry><detectionScore>-1.0</detectionScore></element><element><id>19</id><category>wall</category><bounds><corner1>-0.1343798100569069, -2.0670431400369966, -1.4298340404139678</corner1><corner2>0.1343798100569069, 2.0670431400369966, 1.4298340404139678</corner2></bounds><pose><translation>4.890786254579062, 2.0658269059579895, -0.12872294471698414</translation><rotation><c1>0, 0, 0</c1><c2>0, 0, 0</c2><c3>0, 0, 0</c3></rotation></pose><symmetry><x>twoFold</x><y>cylindrical</y><z>twoFold</z></symmetry><detectionScore>-1.0</detectionScore></element><element><id>20</id><category>kitchen_cabinet</category><bounds><corner1>-1.4109504394982428, -1.455860456194019, -0.4393472566249059</corner1><corner2>1.4109504394982428, 1.455860456194019, 0.4393472566249059</corner2></bounds><pose><translation>-1.7907264790437485, -2.661954084245494, -1.0555954372854108</translation><rotation><c1>0, 0, 0</c1><c2>0, 0, 0</c2><c3>0, 0, 0</c3></rotation></pose><symmetry><x>twoFold</x><y>cylindrical</y><z>twoFold</z></symmetry><detectionScore>-1.0</detectionScore></element></elements></scene>