<?xml version='1.0' encoding='utf-8'?>
<scene xmlns:sumo="https://www.sumochallenge.org"><version>2.0</version><categories><id>fb_categories_v1_0</id><url>https://sumochallenge.org/en/categories-1_0.json</url></categories><project_type>bounding_box</project_type><elements><element><id>0</id><category>bunker_bed</category><bounds><corner1>-3.461164945133534, -1.686105350440359, -0.8117099622300991</corner1><corner2>3.461164945133534, 1.686105350440359, 0.8117099622300991</corner2></bounds><pose><translation>2.342777435179175, -0.5836618626488477, -1.4014630684939702</translation><rotation><c1>1, 0, 0</c1><c2>0, 1, 0</c2><c3>0, 0, 1</c3></rotation></pose><symmetry><x>twoFold</x><y>cylindrical</y><z>twoFold</z></symmetry><detectionScore>-1.0</detectionScore></element><element><id>1</id><category>door</category><bounds><corner1>-1.2904121782967104, -1.5508245242816003, -0.8771820409835462</corner1><corner2>1.2904121782967104, 1.5508245242816003, 0.8771820409835462</corner2></bounds><pose><translation>0.2914109071849576, -0.18400745472711205, -2.415461010754129</translation><rotation><c1>1, 0, 0</c1><c2>0, 1, 0</c2><c3>0, 0, 1</c3></rotation></pose><symmetry><x>twoFold</x><y>cylindrical</y><z>twoFold</z></symmetry><detectionScore>-1.0</detectionScore></element><element><id>2</id><category>chandelier</category><bounds><corner1>-0.5595279409248586, -0.14281016708847738, -0.9826517264301828</corner1><corner2>0.5595279409248586, 0.14281016708847738, 0.9826517264301828</corner2></bounds><pose><translation>-2.99230605503145, 1.312565354300394, 0.22741505419366262</translation><rotation><c1>1, 0, 0</c1><c2>0, 1, 0</c2><c3>0, 0, 1</c3></rotation></pose><symmetry><x>twoFold</x><y>cylindrical</y><z>twoFold</z></symmetry><detectionScore>-1.0</detectionScore></element><element><id>3</id><category>wall</category><bounds><corner1>-2.3752916159800956, -1.5579178870444228, -0.1693949756280304</corner1><corner2>2.3752916159800956, 1.5579178870444228, 0.1693949756280304</corner2></bounds><pose><translation>0.9479285335526163, -0.15923823503193443, 3.462498389689782</translation><rotation><c1>1, 0, 0</c1><c2>0, 1, 0</c2><c3>0, 0, 1</c3></rotation></pose><symmetry><x>twoFold</x><y>cylindrical</y><z>twoFold</z></symmetry><detectionScore>-1.0</detectionScore></element><element><id>4</id><category>curtain</category><bounds><corner1>-2.3556057251701774, -1.4029574509708918, -1.4826852993466428</corner1><corner2>2.3556057251701774, 1.4029574509708918, 1.4826852993466428</corner2></bounds><pose><translation>-4.927246475483487, -0.13012895544833852, 0.8741038024597587</translation><rotation><c1>1, 0, 0</c1><c2>0, 1, 0</c2><c3>0, 0, 1</c3></rotation></pose><symmetry><x>twoFold</x><y>cylindrical</y><z>twoFold</z></symmetry><detectionScore>-1.0</detectionScore></element><element><id>5</id><category>curtain</category><bounds><corner1>-1.364824783005229, -1.4930027423821324, -0.1855870260767949</corner1><corner2>1.364824783005229, 1.4930027423821324, 0.1855870260767949</corner2></bounds><pose><translation>1.6324400107111507, -0.13803397997026087, 3.4463063392410174</translation><rotation><c1>1, 0, 0</c1><c2>0, 1, 0</c2><c3>0, 0, 1</c3></rotation></pose><symmetry><x>twoFold</x><y>cylindrical</y><z>twoFold</z></symmetry><detectionScore>-1.0</detectionScore></element><element><id>6</id><category>dresser</category><bounds><corner1>-0.42399639301152536, -0.6736712163298288, -0.3004435687412992</corner1><corner2>0.42399639301152536, 0.6736712163298288, 0.3004435687412992</corner2></bounds><pose><translation>-2.4636472959516897, -0.845970460860027, -1.757322148495688</translation><rotation><c1>1, 0, 0</c1><c2>0, 1, 0</c2><c3>0, 0, 1</c3></rotation></pose><symmetry><x>twoFold</x><y>cylindrical</y><z>twoFold</z></symmetry><detectionScore>-1.0</detectionScore></element><element><id>7</id><category>chandelier</category><bounds><corner1>-3.1592066442933713, -0.1296247394858332, -1.5212014211951803</corner1><corner2>3.1592066442933713, 0.1296247394858332, 1.5212014211951803</corner2></bounds><pose><translation>2.6437298557833144, 1.366748415251471, 0.19665729627842246</translation><rotation><c1>1, 0, 0</c1><c2>0, 1, 0</c2><c3>0, 0, 1</c3></rotation></pose><symmetry><x>twoFold</x><y>cylindrical</y><z>twoFold</z></symmetry><detectionScore>-1.0</detectionScore></element><element><id>8</id><category>floor</category><bounds><corner1>-1.5052802381817525, -0.7211923126857076, -0.8713689234818043</corner1><corner2>1.5052802381817525, 0.7211923126857076, 0.8713689234818043</corner2></bounds><pose><translation>-0.13734072400807865, -1.0816795802088277, -2.409647893252387</translation><rotation><c1>1, 0, 0</c1><c2>0, 1, 0</c2><c3>0, 0, 1</c3></rotation></pose><symmetry><x>twoFold</x><y>cylindrical</y><z>twoFold</z></symmetry><detectionScore>-1.0</detectionScore></element><element><id>9</id><category>window</category><bounds><corner1>-1.9228015862416918, -0.9506848808618265, -1.198646588175774</corner1><corner2>1.9228015862416918, 0.9506848808618265, 1.198646588175774</corner2></bounds><pose><translation>-4.948014270120567, 0.043545700669637755, 0.8980182275517509</translation><rotation><c1>1, 0, 0</c1><c2>0, 1, 0</c2><c3>0, 0, 1</c3></rotation></pose><symmetry><x>twoFold</x><y>cylindrical</y><z>twoFold</z></symmetry><detectionScore>-1.0</detectionScore></element><element><id>10</id><category>dresser</category><bounds><corner1>-3.3297111203339065, -0.8824248865255803, -0.5921855405598071</corner1><corner2>3.3297111203339065, 0.8824248865255803, 0.5921855405598071</corner2></bounds><pose><translation>2.412805154857916, -1.1989851981372566, -1.118597477954917</translation><rotation><c1>1, 0, 0</c1><c2>0, 1, 0</c2><c3>0, 0, 1</c3></rotation></pose><symmetry><x>twoFold</x><y>cylindrical</y><z>twoFold</z></symmetry><detectionScore>-1.0</detectionScore></element><element><id>11</id><category>wall</category><bounds><corner1>-2.4412737936069933, -1.442675788315403, -2.7431191565011583</corner1><corner2>2.4412737936069933, 1.442675788315403, 2.7431191565011583</corner2></bounds><pose><translation>-4.973234232817679, -0.09249734619773324, 0.5434995954534095</translation><rotation><c1>1, 0, 0</c1><c2>0, 1, 0</c2><c3>0, 0, 1</c3></rotation></pose><symmetry><x>twoFold</x><y>cylindrical</y><z>twoFold</z></symmetry><detectionScore>-1.0</detectionScore></element><element><id>12</id><category>wall</category><bounds><corner1>-1.4726614077161375, -1.3714772490857523, -0.8406624392202782</corner1><corner2>1.4726614077161375, 1.3714772490857523, 0.8406624392202782</corner2></bounds><pose><translation>-0.6220355942830397, -0.04617951787350568, -2.4464171509929935</translation><rotation><c1>1, 0, 0</c1><c2>0, 1, 0</c2><c3>0, 0, 1</c3></rotation></pose><symmetry><x>twoFold</x><y>cylindrical</y><z>twoFold</z></symmetry><detectionScore>-1.0</detectionScore></element><element><id>13</id><category>wall</category><bounds><corner1>-0.15149752012692375, -1.425518889163374, -2.832856201927421</corner1><corner2>0.15149752012692375, 1.425518889163374, 2.832856201927421</corner2></bounds><pose><translation>5.663106761575999, -0.09409120947153302, 0.6005147170793426</translation><rotation><c1>1, 0, 0</c1><c2>0, 1, 0</c2><c3>0, 0, 1</c3></rotation></pose><symmetry><x>twoFold</x><y>cylindrical</y><z>twoFold</z></symmetry><detectionScore>-1.0</detectionScore></element><element><id>14</id><category>window</category><bounds><corner1>-0.43764973101495563, -0.852326788036096, -0.0899811330754896</corner1><corner2>0.43764973101495563, 0.852326788036096, 0.0899811330754896</corner2></bounds><pose><translation>1.6736073669440152, 0.058992696012803866, 3.5419122322423227</translation><rotation><c1>1, 0, 0</c1><c2>0, 1, 0</c2><c3>0, 0, 1</c3></rotation></pose><symmetry><x>twoFold</x><y>cylindrical</y><z>twoFold</z></symmetry><detectionScore>-1.0</detectionScore></element><element><id>15</id><category>ceiling_fan</category><bounds><corner1>-1.0886218225846152, -0.07782591838631059, -0.6288159588476518</corner1><corner2>1.0886218225846152, 0.07782591838631059, 0.6288159588476518</corner2></bounds><pose><translation>0.1627941483580066, 1.4485785427260545, 2.1540047468601187</translation><rotation><c1>1, 0, 0</c1><c2>0, 1, 0</c2><c3>0, 0, 1</c3></rotation></pose><symmetry><x>twoFold</x><y>cylindrical</y><z>twoFold</z></symmetry><detectionScore>-1.0</detectionScore></element><element><id>16</id><category>ceiling</category><bounds><corner1>-1.3746900128496398, -0.5013875116729141, -0.8423311309826136</corner1><corner2>1.3746900128496398, 0.5013875116729141, 0.8423311309826136</corner2></bounds><pose><translation>0.3783466258301348, 0.9327990973681581, -2.4217292767643697</translation><rotation><c1>1, 0, 0</c1><c2>0, 1, 0</c2><c3>0, 0, 1</c3></rotation></pose><symmetry><x>twoFold</x><y>cylindrical</y><z>twoFold</z></symmetry><detectionScore>-1.0</detectionScore></element></elements></scene>