<?xml version='1.0' encoding='utf-8'?>
<scene xmlns:sumo="https://www.sumochallenge.org"><version>2.0</version><categories><id>fb_categories_v1_0</id><url>https://sumochallenge.org/en/categories-1_0.json</url></categories><project_type>bounding_box</project_type><elements><element><id>0</id><category>car</category><bounds><corner1>-2.726658212967508, -0.9861031028252594, -0.9262749880522214</corner1><corner2>2.726658212967508, 0.9861031028252594, 0.9262749880522214</corner2></bounds><pose><translation>0.24183305462987473, -3.5819623178490994, -0.9073141101825877</translation><rotation><c1>0, 0, 0</c1><c2>0, 0, 0</c2><c3>0, 0, 0</c3></rotation></pose><symmetry><x>twoFold</x><y>cylindrical</y><z>twoFold</z></symmetry><detectionScore>-1.0</detectionScore></element><element><id>1</id><category>motorcycle</category><bounds><corner1>-3.214136187475696, -0.8850560018579885, -1.2112963842221387</corner1><corner2>3.214136187475696, 0.8850560018579885, 1.2112963842221387</corner2></bounds><pose><translation>0.759286001710696, -3.255220648211541, -1.2924048553908642</translation><rotation><c1>0, 0, 0</c1><c2>0, 0, 0</c2><c3>0, 0, 0</c3></rotation></pose><symmetry><x>twoFold</x><y>cylindrical</y><z>twoFold</z></symmetry><detectionScore>-1.0</detectionScore></element><element><id>2</id><category>wall</category><bounds><corner1>-1.2382727826602076, -4.433069860788079, -1.4206409128592903</corner1><corner2>1.2382727826602076, 4.433069860788079, 1.4206409128592903</corner2></bounds><pose><translation>0.29415874228850636, 3.53329307641438, -0.15395997285803162</translation><rotation><c1>0, 0, 0</c1><c2>0, 0, 0</c2><c3>0, 0, 0</c3></rotation></pose><symmetry><x>twoFold</x><y>cylindrical</y><z>twoFold</z></symmetry><detectionScore>-1.0</detectionScore></element><element><id>3</id><category>wall</category><bounds><corner1>-4.090009689575054, -7.240725137368536, -1.3863925243444029</corner1><corner2>4.090009689575054, 7.240725137368536, 1.3863925243444029</corner2></bounds><pose><translation>-10.895523568298785, 1.5962560081530512, -0.13786737689672085</translation><rotation><c1>0, 0, 0</c1><c2>0, 0, 0</c2><c3>0, 0, 0</c3></rotation></pose><symmetry><x>twoFold</x><y>cylindrical</y><z>twoFold</z></symmetry><detectionScore>-1.0</detectionScore></element><element><id>4</id><category>wall</category><bounds><corner1>-0.2755703225150423, -4.351551221613047, -1.2812924475901568</corner1><corner2>0.2755703225150423, 4.351551221613047, 1.2812924475901568</corner2></bounds><pose><translation>11.227639903719668, -1.721550125175066, -0.0329794409572351</translation><rotation><c1>0, 0, 0</c1><c2>0, 0, 0</c2><c3>0, 0, 0</c3></rotation></pose><symmetry><x>twoFold</x><y>cylindrical</y><z>twoFold</z></symmetry><detectionScore>-1.0</detectionScore></element><element><id>5</id><category>window</category><bounds><corner1>-0.9880974268333126, -3.1314584712213653, -1.6643823542605363</corner1><corner2>0.9880974268333126, 3.1314584712213653, 1.6643823542605363</corner2></bounds><pose><translation>0.10923797227262434, 3.494287584607136, -0.28039495705205975</translation><rotation><c1>0, 0, 0</c1><c2>0, 0, 0</c2><c3>0, 0, 0</c3></rotation></pose><symmetry><x>twoFold</x><y>cylindrical</y><z>twoFold</z></symmetry><detectionScore>-1.0</detectionScore></element><element><id>6</id><category>wall</category><bounds><corner1>-6.276166419622693, -13.135973300502625, -1.240380280334912</corner1><corner2>6.276166419622693, 13.135973300502625, 1.240380280334912</corner2></bounds><pose><translation>-7.53207263837541, 12.22629710660843, 0.007635598257875777</translation><rotation><c1>0, 0, 0</c1><c2>0, 0, 0</c2><c3>0, 0, 0</c3></rotation></pose><symmetry><x>twoFold</x><y>cylindrical</y><z>twoFold</z></symmetry><detectionScore>-1.0</detectionScore></element><element><id>7</id><category>wall</category><bounds><corner1>-3.5718184200964664, -2.419782308225181, -1.2862562223710696</corner1><corner2>3.5718184200964664, 2.419782308225181, 1.2862562223710696</corner2></bounds><pose><translation>6.973991189642639, -5.233621959975325, -0.007172194849939688</translation><rotation><c1>0, 0, 0</c1><c2>0, 0, 0</c2><c3>0, 0, 0</c3></rotation></pose><symmetry><x>twoFold</x><y>cylindrical</y><z>twoFold</z></symmetry><detectionScore>-1.0</detectionScore></element><element><id>8</id><category>car</category><bounds><corner1>-3.9645590334979808, -1.501699306251805, -0.7632155323255896</corner1><corner2>3.9645590334979808, 1.501699306251805, 0.7632155323255896</corner2></bounds><pose><translation>-7.333676542109936, -2.9803523647959502, -0.8817540991320889</translation><rotation><c1>0, 0, 0</c1><c2>0, 0, 0</c2><c3>0, 0, 0</c3></rotation></pose><symmetry><x>twoFold</x><y>cylindrical</y><z>twoFold</z></symmetry><detectionScore>-1.0</detectionScore></element><element><id>9</id><category>car</category><bounds><corner1>-1.3853684631770888, -11.47019493631085, -1.1808693921135753</corner1><corner2>1.3853684631770888, 11.47019493631085, 1.1808693921135753</corner2></bounds><pose><translation>-1.1174101280242001, 2.8710528454445585, -1.1848821289026756</translation><rotation><c1>0, 0, 0</c1><c2>0, 0, 0</c2><c3>0, 0, 0</c3></rotation></pose><symmetry><x>twoFold</x><y>cylindrical</y><z>twoFold</z></symmetry><detectionScore>-1.0</detectionScore></element><element><id>10</id><category>window</category><bounds><corner1>-0.7268680243102378, -2.545672177644774, -1.4645476531221604</corner1><corner2>0.7268680243102378, 2.545672177644774, 1.4645476531221604</corner2></bounds><pose><translation>-0.6433533636039768, 4.525777648564289, -0.17169018770572247</translation><rotation><c1>0, 0, 0</c1><c2>0, 0, 0</c2><c3>0, 0, 0</c3></rotation></pose><symmetry><x>twoFold</x><y>cylindrical</y><z>twoFold</z></symmetry><detectionScore>-1.0</detectionScore></element><element><id>11</id><category>car</category><bounds><corner1>-0.9203980270737618, -11.875407147156537, -0.41756747860017124</corner1><corner2>0.9203980270737618, 11.875407147156537, 0.41756747860017124</corner2></bounds><pose><translation>-1.8969924715661082, 3.741319202734304, -0.4381476966666775</translation><rotation><c1>0, 0, 0</c1><c2>0, 0, 0</c2><c3>0, 0, 0</c3></rotation></pose><symmetry><x>twoFold</x><y>cylindrical</y><z>twoFold</z></symmetry><detectionScore>-1.0</detectionScore></element><element><id>12</id><category>car</category><bounds><corner1>-3.609881464243381, -1.2162605188589102, -0.7402549756671783</corner1><corner2>3.609881464243381, 1.2162605188589102, 0.7402549756671783</corner2></bounds><pose><translation>7.739609762296729, -3.383347155923312, -0.4909966345857121</translation><rotation><c1>0, 0, 0</c1><c2>0, 0, 0</c2><c3>0, 0, 0</c3></rotation></pose><symmetry><x>twoFold</x><y>cylindrical</y><z>twoFold</z></symmetry><detectionScore>-1.0</detectionScore></element><element><id>13</id><category>window</category><bounds><corner1>-0.2310745833245864, -2.6031065517046055, -1.1868570214548515</corner1><corner2>0.2310745833245864, 2.6031065517046055, 1.1868570214548515</corner2></bounds><pose><translation>11.283710208109744, -1.7117487323546123, -0.03319099192488861</translation><rotation><c1>0, 0, 0</c1><c2>0, 0, 0</c2><c3>0, 0, 0</c3></rotation></pose><symmetry><x>twoFold</x><y>cylindrical</y><z>twoFold</z></symmetry><detectionScore>-1.0</detectionScore></element></elements></scene>