<?xml version='1.0' encoding='utf-8'?>
<scene xmlns:sumo="https://www.sumochallenge.org"><version>2.0</version><categories><id>fb_categories_v1_0</id><url>https://sumochallenge.org/en/categories-1_0.json</url></categories><project_type>bounding_box</project_type><elements><element><id>0</id><category>column</category><bounds><corner1>-1.0762121786790302, -1.5046274785206093, -1.1742443611979416</corner1><corner2>1.0762121786790302, 1.5046274785206093, 1.1742443611979416</corner2></bounds><pose><translation>3.7770227729707924, -0.1979348340745918, -5.773465143266521</translation><rotation><c1>1, 0, 0</c1><c2>0, 1, 0</c2><c3>0, 0, 1</c3></rotation></pose><symmetry><x>twoFold</x><y>cylindrical</y><z>twoFold</z></symmetry><detectionScore>-1.0</detectionScore></element><element><id>1</id><category>armchair</category><bounds><corner1>-9.47293713842793, -0.8028212758832938, -1.9141893783865531</corner1><corner2>9.47293713842793, 0.8028212758832938, 1.9141893783865531</corner2></bounds><pose><translation>4.423636390670214, -1.2852254289142933, -0.23166862157684812</translation><rotation><c1>1, 0, 0</c1><c2>0, 1, 0</c2><c3>0, 0, 1</c3></rotation></pose><symmetry><x>twoFold</x><y>cylindrical</y><z>twoFold</z></symmetry><detectionScore>-1.0</detectionScore></element><element><id>2</id><category>television</category><bounds><corner1>-0.22675925657538754, -0.56744666203001, -1.3088295316080043</corner1><corner2>0.22675925657538754, 0.56744666203001, 1.3088295316080043</corner2></bounds><pose><translation>-2.479319420598478, 0.9091285236850806, 0.24994955831291213</translation><rotation><c1>1, 0, 0</c1><c2>0, 1, 0</c2><c3>0, 0, 1</c3></rotation></pose><symmetry><x>twoFold</x><y>cylindrical</y><z>twoFold</z></symmetry><detectionScore>-1.0</detectionScore></element><element><id>3</id><category>door</category><bounds><corner1>-1.6421025537890612, -1.7303438975754286, -0.16766725203885224</corner1><corner2>1.6421025537890612, 1.7303438975754286, 0.16766725203885224</corner2></bounds><pose><translation>3.980773319137459, -0.3880413292910404, 1.851864632143644</translation><rotation><c1>1, 0, 0</c1><c2>0, 1, 0</c2><c3>0, 0, 1</c3></rotation></pose><symmetry><x>twoFold</x><y>cylindrical</y><z>twoFold</z></symmetry><detectionScore>-1.0</detectionScore></element><element><id>4</id><category>sofa</category><bounds><corner1>-1.3163534619763886, -0.7843218120529052, -0.884425400259754</corner1><corner2>1.3163534619763886, 0.7843218120529052, 0.884425400259754</corner2></bounds><pose><translation>-1.395803360379065, -1.1689908748865843, -2.417292835678432</translation><rotation><c1>1, 0, 0</c1><c2>0, 1, 0</c2><c3>0, 0, 1</c3></rotation></pose><symmetry><x>twoFold</x><y>cylindrical</y><z>twoFold</z></symmetry><detectionScore>-1.0</detectionScore></element><element><id>5</id><category>window</category><bounds><corner1>-1.5295682065606355, -1.510878556848052, -0.14120379343224876</corner1><corner2>1.5295682065606355, 1.510878556848052, 0.14120379343224876</corner2></bounds><pose><translation>0.475511005055974, -0.1459070974724549, 2.160821213513482</translation><rotation><c1>1, 0, 0</c1><c2>0, 1, 0</c2><c3>0, 0, 1</c3></rotation></pose><symmetry><x>twoFold</x><y>cylindrical</y><z>twoFold</z></symmetry><detectionScore>-1.0</detectionScore></element><element><id>6</id><category>curtain</category><bounds><corner1>-2.5539247745936695, -1.3646253808065705, -1.6055285531232437</corner1><corner2>2.5539247745936695, 1.3646253808065705, 1.6055285531232437</corner2></bounds><pose><translation>11.34471716073311, -0.10430347176176753, -5.678974524873025</translation><rotation><c1>1, 0, 0</c1><c2>0, 1, 0</c2><c3>0, 0, 1</c3></rotation></pose><symmetry><x>twoFold</x><y>cylindrical</y><z>twoFold</z></symmetry><detectionScore>-1.0</detectionScore></element><element><id>7</id><category>wall</category><bounds><corner1>-1.229984739709602, -1.3848345947311778, -3.496276835668281</corner1><corner2>1.229984739709602, 1.3848345947311778, 3.496276835668281</corner2></bounds><pose><translation>13.521108023481867, -0.12007961838866826, -1.666310915014236</translation><rotation><c1>1, 0, 0</c1><c2>0, 1, 0</c2><c3>0, 0, 1</c3></rotation></pose><symmetry><x>twoFold</x><y>cylindrical</y><z>twoFold</z></symmetry><detectionScore>-1.0</detectionScore></element><element><id>8</id><category>wall</category><bounds><corner1>-8.184012826567328, -1.6398468750564084, -0.8144312356583936</corner1><corner2>8.184012826567328, 1.6398468750564084, 0.8144312356583936</corner2></bounds><pose><translation>5.10501217174418, -0.30067840543451485, 1.1645520399990472</translation><rotation><c1>1, 0, 0</c1><c2>0, 1, 0</c2><c3>0, 0, 1</c3></rotation></pose><symmetry><x>twoFold</x><y>cylindrical</y><z>twoFold</z></symmetry><detectionScore>-1.0</detectionScore></element><element><id>9</id><category>window</category><bounds><corner1>-1.7261771799347523, -1.2801460173457304, -3.9739030234159007</corner1><corner2>1.7261771799347523, 1.2801460173457304, 3.9739030234159007</corner2></bounds><pose><translation>0.5664676405590758, -0.054233374954928845, -5.931997612727388</translation><rotation><c1>1, 0, 0</c1><c2>0, 1, 0</c2><c3>0, 0, 1</c3></rotation></pose><symmetry><x>twoFold</x><y>cylindrical</y><z>twoFold</z></symmetry><detectionScore>-1.0</detectionScore></element><element><id>10</id><category>picture_frame</category><bounds><corner1>-0.7183242686281166, -0.6786384885019591, -0.10457982765589668</corner1><corner2>0.7183242686281166, 0.6786384885019591, 0.10457982765589668</corner2></bounds><pose><translation>3.0316021475564012, 0.7213240322651687, 1.94642596439487</translation><rotation><c1>1, 0, 0</c1><c2>0, 1, 0</c2><c3>0, 0, 1</c3></rotation></pose><symmetry><x>twoFold</x><y>cylindrical</y><z>twoFold</z></symmetry><detectionScore>-1.0</detectionScore></element><element><id>11</id><category>chair</category><bounds><corner1>-2.6623253000244453, -0.5181526401794391, -0.7552617720283864</corner1><corner2>2.6623253000244453, 0.5181526401794391, 0.7552617720283864</corner2></bounds><pose><translation>1.8000661950815982, -1.3443231178924753, -1.119107350246863</translation><rotation><c1>1, 0, 0</c1><c2>0, 1, 0</c2><c3>0, 0, 1</c3></rotation></pose><symmetry><x>twoFold</x><y>cylindrical</y><z>twoFold</z></symmetry><detectionScore>-1.0</detectionScore></element><element><id>12</id><category>person</category><bounds><corner1>-3.762987564354608, -0.7304397413426018, -0.77076469495217</corner1><corner2>3.762987564354608, 0.7304397413426018, 0.77076469495217</corner2></bounds><pose><translation>1.8513011176450171, -0.8422627887167303, 1.3003743883769598</translation><rotation><c1>1, 0, 0</c1><c2>0, 1, 0</c2><c3>0, 0, 1</c3></rotation></pose><symmetry><x>twoFold</x><y>cylindrical</y><z>twoFold</z></symmetry><detectionScore>-1.0</detectionScore></element><element><id>13</id><category>wall</category><bounds><corner1>-2.559196581337016, -1.368846139554845, -1.6421286702631805</corner1><corner2>2.559196581337016, 1.368846139554845, 1.6421286702631805</corner2></bounds><pose><translation>11.343684419217665, -0.10554737018018628, -5.668307879064408</translation><rotation><c1>1, 0, 0</c1><c2>0, 1, 0</c2><c3>0, 0, 1</c3></rotation></pose><symmetry><x>twoFold</x><y>cylindrical</y><z>twoFold</z></symmetry><detectionScore>-1.0</detectionScore></element><element><id>14</id><category>curtain</category><bounds><corner1>-2.025434736109535, -1.3765771535751277, -1.3735529547513181</corner1><corner2>2.025434736109535, 1.3765771535751277, 1.3735529547513181</corner2></bounds><pose><translation>10.033190243903908, -0.10471283483075912, -5.716029285533579</translation><rotation><c1>1, 0, 0</c1><c2>0, 1, 0</c2><c3>0, 0, 1</c3></rotation></pose><symmetry><x>twoFold</x><y>cylindrical</y><z>twoFold</z></symmetry><detectionScore>-1.0</detectionScore></element><element><id>15</id><category>wall</category><bounds><corner1>-2.904208004426101, -1.409885335515809, -1.996629643377828</corner1><corner2>2.904208004426101, 1.409885335515809, 1.996629643377828</corner2></bounds><pose><translation>9.954724246198628, -0.13040062233142902, -5.684848284971647</translation><rotation><c1>1, 0, 0</c1><c2>0, 1, 0</c2><c3>0, 0, 1</c3></rotation></pose><symmetry><x>twoFold</x><y>cylindrical</y><z>twoFold</z></symmetry><detectionScore>-1.0</detectionScore></element><element><id>16</id><category>wall</category><bounds><corner1>-0.8857568118414569, -1.4648220666193457, -1.6252889374475181</corner1><corner2>0.8857568118414569, 1.4648220666193457, 1.6252889374475181</corner2></bounds><pose><translation>11.172868168171986, -0.18817734112091394, -5.650011444347627</translation><rotation><c1>1, 0, 0</c1><c2>0, 1, 0</c2><c3>0, 0, 1</c3></rotation></pose><symmetry><x>twoFold</x><y>cylindrical</y><z>twoFold</z></symmetry><detectionScore>-1.0</detectionScore></element><element><id>17</id><category>curtain</category><bounds><corner1>-1.9675521581600621, -1.4153624369903166, -3.988556710568785</corner1><corner2>1.9675521581600621, 1.4153624369903166, 3.988556710568785</corner2></bounds><pose><translation>0.44593911508952444, -0.09683125474075202, -5.919045291428379</translation><rotation><c1>1, 0, 0</c1><c2>0, 1, 0</c2><c3>0, 0, 1</c3></rotation></pose><symmetry><x>twoFold</x><y>cylindrical</y><z>twoFold</z></symmetry><detectionScore>-1.0</detectionScore></element><element><id>18</id><category>chandelier</category><bounds><corner1>-3.108988885291125, -0.10977371176381712, -1.2785585614990196</corner1><corner2>3.108988885291125, 0.10977371176381712, 1.2785585614990196</corner2></bounds><pose><translation>2.2391961184892635, 1.411429024725106, 0.6799376558615075</translation><rotation><c1>1, 0, 0</c1><c2>0, 1, 0</c2><c3>0, 0, 1</c3></rotation></pose><symmetry><x>twoFold</x><y>cylindrical</y><z>twoFold</z></symmetry><detectionScore>-1.0</detectionScore></element><element><id>19</id><category>plant</category><bounds><corner1>-1.542527068136228, -0.6733017712481744, -1.8857834134673408</corner1><corner2>1.542527068136228, 0.6733017712481744, 1.8857834134673408</corner2></bounds><pose><translation>4.425771827510704, -1.1140746394104164, -5.74931198740135</translation><rotation><c1>1, 0, 0</c1><c2>0, 1, 0</c2><c3>0, 0, 1</c3></rotation></pose><symmetry><x>twoFold</x><y>cylindrical</y><z>twoFold</z></symmetry><detectionScore>-1.0</detectionScore></element><element><id>20</id><category>window</category><bounds><corner1>-0.887752348869391, -1.4598129848454877, -1.3518359091613519</corner1><corner2>0.887752348869391, 1.4598129848454877, 1.3518359091613519</corner2></bounds><pose><translation>11.170872631144052, -0.1879486661011191, -5.672247380201303</translation><rotation><c1>1, 0, 0</c1><c2>0, 1, 0</c2><c3>0, 0, 1</c3></rotation></pose><symmetry><x>twoFold</x><y>cylindrical</y><z>twoFold</z></symmetry><detectionScore>-1.0</detectionScore></element><element><id>21</id><category>wall</category><bounds><corner1>-1.690686548777007, -1.477717148439506, -1.3549081282432716</corner1><corner2>1.690686548777007, 1.477717148439506, 1.3549081282432716</corner2></bounds><pose><translation>-2.1439471316520646, -0.13943152165181488, -3.255420065163312</translation><rotation><c1>1, 0, 0</c1><c2>0, 1, 0</c2><c3>0, 0, 1</c3></rotation></pose><symmetry><x>twoFold</x><y>cylindrical</y><z>twoFold</z></symmetry><detectionScore>-1.0</detectionScore></element><element><id>22</id><category>wall</category><bounds><corner1>-3.3053382806148335, -1.4394034710708874, -3.9623245100263453</corner1><corner2>3.3053382806148335, 1.4394034710708874, 3.9623245100263453</corner2></bounds><pose><translation>0.5708652865737958, -0.12087228882132268, -5.882060570989954</translation><rotation><c1>1, 0, 0</c1><c2>0, 1, 0</c2><c3>0, 0, 1</c3></rotation></pose><symmetry><x>twoFold</x><y>cylindrical</y><z>twoFold</z></symmetry><detectionScore>-1.0</detectionScore></element><element><id>23</id><category>curtain</category><bounds><corner1>-1.6721672758847963, -1.659862434583996, -0.2156425869330718</corner1><corner2>1.6721672758847963, 1.659862434583996, 0.2156425869330718</corner2></bounds><pose><translation>3.9507085970417237, -0.30067840543451485, 1.8038892972494245</translation><rotation><c1>1, 0, 0</c1><c2>0, 1, 0</c2><c3>0, 0, 1</c3></rotation></pose><symmetry><x>twoFold</x><y>cylindrical</y><z>twoFold</z></symmetry><detectionScore>-1.0</detectionScore></element><element><id>24</id><category>floor_lamp</category><bounds><corner1>-1.7317205057433416, -1.317975437692481, -1.3870141536140532</corner1><corner2>1.7317205057433416, 1.317975437692481, 1.3870141536140532</corner2></bounds><pose><translation>12.171160494811339, -0.6814388721697218, -4.925020509504845</translation><rotation><c1>1, 0, 0</c1><c2>0, 1, 0</c2><c3>0, 0, 1</c3></rotation></pose><symmetry><x>twoFold</x><y>cylindrical</y><z>twoFold</z></symmetry><detectionScore>-1.0</detectionScore></element><element><id>25</id><category>window</category><bounds><corner1>-1.5642572926251743, -1.6410516285140657, -0.22411629802221888</corner1><corner2>1.5642572926251743, 1.6410516285140657, 0.22411629802221888</corner2></bounds><pose><translation>4.058618580301346, -0.2987490602296775, 1.7954155861602774</translation><rotation><c1>1, 0, 0</c1><c2>0, 1, 0</c2><c3>0, 0, 1</c3></rotation></pose><symmetry><x>twoFold</x><y>cylindrical</y><z>twoFold</z></symmetry><detectionScore>-1.0</detectionScore></element><element><id>26</id><category>person</category><bounds><corner1>-10.167023491727633, -1.0532872309965486, -2.035247347995614</corner1><corner2>10.167023491727633, 1.0532872309965486, 2.035247347995614</corner2></bounds><pose><translation>4.563017652875429, -1.0532872309965486, -0.20541089803279905</translation><rotation><c1>1, 0, 0</c1><c2>0, 1, 0</c2><c3>0, 0, 1</c3></rotation></pose><symmetry><x>twoFold</x><y>cylindrical</y><z>twoFold</z></symmetry><detectionScore>-1.0</detectionScore></element><element><id>27</id><category>stairs</category><bounds><corner1>-0.9542022060903466, -1.1341050518287126, -2.0207340787741996</corner1><corner2>0.9542022060903466, 1.1341050518287126, 2.0207340787741996</corner2></bounds><pose><translation>-0.9482235980138501, 0.3010720769390143, -3.8957681279497645</translation><rotation><c1>1, 0, 0</c1><c2>0, 1, 0</c2><c3>0, 0, 1</c3></rotation></pose><symmetry><x>twoFold</x><y>cylindrical</y><z>twoFold</z></symmetry><detectionScore>-1.0</detectionScore></element><element><id>28</id><category>window</category><bounds><corner1>-1.392885079353828, -1.2920983361813527, -0.20721345272253178</corner1><corner2>1.392885079353828, 1.2920983361813527, 0.20721345272253178</corner2></bounds><pose><translation>10.197429569469385, -0.11005662222830973, -5.750311399992323</translation><rotation><c1>1, 0, 0</c1><c2>0, 1, 0</c2><c3>0, 0, 1</c3></rotation></pose><symmetry><x>twoFold</x><y>cylindrical</y><z>twoFold</z></symmetry><detectionScore>-1.0</detectionScore></element><element><id>29</id><category>sofa</category><bounds><corner1>-10.218147737610654, -1.2948591218793666, -1.9621263423890958</corner1><corner2>10.218147737610654, 1.2948591218793666, 1.9621263423890958</corner2></bounds><pose><translation>4.511893406992408, -1.2948591218793666, -0.07903345687278121</translation><rotation><c1>1, 0, 0</c1><c2>0, 1, 0</c2><c3>0, 0, 1</c3></rotation></pose><symmetry><x>twoFold</x><y>cylindrical</y><z>twoFold</z></symmetry><detectionScore>-1.0</detectionScore></element><element><id>30</id><category>curtain</category><bounds><corner1>-6.370944067385203, -1.6720046405333382, -0.8417662711370129</corner1><corner2>6.370944067385203, 1.6720046405333382, 0.8417662711370129</corner2></bounds><pose><translation>5.071783490582934, -0.3315445709104604, 1.137217004520428</translation><rotation><c1>1, 0, 0</c1><c2>0, 1, 0</c2><c3>0, 0, 1</c3></rotation></pose><symmetry><x>twoFold</x><y>cylindrical</y><z>twoFold</z></symmetry><detectionScore>-1.0</detectionScore></element><element><id>31</id><category>armchair</category><bounds><corner1>-1.1747110300036145, -0.9034710396876718, -1.0133871616674148</corner1><corner2>1.1747110300036145, 0.9034710396876718, 1.0133871616674148</corner2></bounds><pose><translation>-0.7872149905082689, -1.2699240195327448, -2.3406012026163037</translation><rotation><c1>1, 0, 0</c1><c2>0, 1, 0</c2><c3>0, 0, 1</c3></rotation></pose><symmetry><x>twoFold</x><y>cylindrical</y><z>twoFold</z></symmetry><detectionScore>-1.0</detectionScore></element></elements></scene>