<?xml version='1.0' encoding='utf-8'?>
<scene xmlns:sumo="https://www.sumochallenge.org"><version>2.0</version><categories><id>fb_categories_v1.0</id><url>https://sumochallenge.org/en/categories-1_0.json</url></categories><project_type>bounding_box</project_type><elements><element><id>2</id><category>window</category><bounds><corner1>-0.05907527, -0.7918006 , -0.69540141</corner1><corner2>0.05907527, 0.7918006 , 0.69540141</corner2></bounds><pose><translation> 3.59910056,  0.13732162, -0.85053349</translation><rotation><c1>1., 0., 0.</c1><c2>0., 1., 0.</c2><c3>0., 0., 1.</c3></rotation></pose><symmetry><x>none</x><y>twoFold</y><z>none</z></symmetry><detectionScore>0.99967</detectionScore></element><element><id>4</id><category>door</category><bounds><corner1>-0.28690057, -1.08689682, -0.53073948</corner1><corner2>0.28690057, 1.08689682, 0.53073948</corner2></bounds><pose><translation> 3.29280338, -0.41758766,  1.18950679</translation><rotation><c1>1., 0., 0.</c1><c2>0., 1., 0.</c2><c3>0., 0., 1.</c3></rotation></pose><symmetry><x>twoFold</x><y>twoFold</y><z>twoFold</z></symmetry><detectionScore>0.9983991</detectionScore></element><element><id>1</id><category>wall</category><bounds><corner1>-2.41299666, -1.23451261, -1.60109132</corner1><corner2>2.41299666, 1.23451261, 1.60109132</corner2></bounds><pose><translation> 0.79806677, -0.09817481, -4.37819424</translation><rotation><c1>1., 0., 0.</c1><c2>0., 1., 0.</c2><c3>0., 0., 1.</c3></rotation></pose><symmetry><x>none</x><y>twoFold</y><z>none</z></symmetry><detectionScore>0.98638815</detectionScore></element><element><id>3</id><category>wall_lamp</category><bounds><corner1>-0.35494206, -0.32405046, -0.16502253</corner1><corner2>0.35494206, 0.32405046, 0.16502253</corner2></bounds><pose><translation>-1.44294796,  0.55725642, -0.59161307</translation><rotation><c1>1., 0., 0.</c1><c2>0., 1., 0.</c2><c3>0., 0., 1.</c3></rotation></pose><symmetry><x>none</x><y>none</y><z>none</z></symmetry><detectionScore>0.9109883</detectionScore></element></elements></scene>