<?xml version='1.0' encoding='utf-8'?>
<scene xmlns:sumo="https://www.sumochallenge.org"><version>2.0</version><categories><id>fb_categories_v1.0</id><url>https://sumochallenge.org/en/categories-1_0.json</url></categories><project_type>bounding_box</project_type><elements><element><id>4</id><category>coffee_table</category><bounds><corner1>-0.34777585, -0.32678478, -0.31468266</corner1><corner2>0.34777585, 0.32678478, 0.31468266</corner2></bounds><pose><translation>-2.68980019, -1.23651069,  1.20027175</translation><rotation><c1>1., 0., 0.</c1><c2>0., 1., 0.</c2><c3>0., 0., 1.</c3></rotation></pose><symmetry><x>none</x><y>twoFold</y><z>none</z></symmetry><detectionScore>0.9807047</detectionScore></element><element><id>1</id><category>wall</category><bounds><corner1>-1.78009731, -1.1051771 , -0.48261016</corner1><corner2>1.78009731, 1.1051771 , 0.48261016</corner2></bounds><pose><translation>-1.09487629, -0.05051463, -4.87353509</translation><rotation><c1>1., 0., 0.</c1><c2>0., 1., 0.</c2><c3>0., 0., 1.</c3></rotation></pose><symmetry><x>none</x><y>twoFold</y><z>none</z></symmetry><detectionScore>0.96462715</detectionScore></element><element><id>5</id><category>ironing_board</category><bounds><corner1>-0.7679219 , -0.75366522, -1.0052262 </corner1><corner2>0.7679219 , 0.75366522, 1.0052262 </corner2></bounds><pose><translation>-1.55864604, -1.42459318, -4.04849745</translation><rotation><c1>1., 0., 0.</c1><c2>0., 1., 0.</c2><c3>0., 0., 1.</c3></rotation></pose><symmetry><x>none</x><y>twoFold</y><z>none</z></symmetry><detectionScore>0.77200353</detectionScore></element><element><id>3</id><category>door</category><bounds><corner1>-3.10278689, -0.97179363, -0.50903432</corner1><corner2>3.10278689, 0.97179363, 0.50903432</corner2></bounds><pose><translation> 3.59665508, -0.43685702, -2.31048122</translation><rotation><c1>1., 0., 0.</c1><c2>0., 1., 0.</c2><c3>0., 0., 1.</c3></rotation></pose><symmetry><x>twoFold</x><y>twoFold</y><z>twoFold</z></symmetry><detectionScore>0.6502318</detectionScore></element><element><id>2</id><category>wall</category><bounds><corner1>-0.06685217, -1.24655587, -1.62070936</corner1><corner2>0.06685217, 1.24655587, 1.62070936</corner2></bounds><pose><translation> 3.56622054, -0.17695621, -0.47068132</translation><rotation><c1>1., 0., 0.</c1><c2>0., 1., 0.</c2><c3>0., 0., 1.</c3></rotation></pose><symmetry><x>none</x><y>twoFold</y><z>none</z></symmetry><detectionScore>0.95490235</detectionScore></element><element><id>6</id><category>wall</category><bounds><corner1>-0.06165452, -1.37122329, -1.15295784</corner1><corner2>0.06165452, 1.37122329, 1.15295784</corner2></bounds><pose><translation> 3.5717034 , -0.18076662, -6.04067452</translation><rotation><c1>1., 0., 0.</c1><c2>0., 1., 0.</c2><c3>0., 0., 1.</c3></rotation></pose><symmetry><x>none</x><y>twoFold</y><z>none</z></symmetry><detectionScore>0.9882433</detectionScore></element></elements></scene>