<?xml version='1.0' encoding='utf-8'?>
<scene xmlns:sumo="https://www.sumochallenge.org"><version>2.0</version><categories><id>fb_categories_v1.0</id><url>https://sumochallenge.org/en/categories-1_0.json</url></categories><project_type>bounding_box</project_type><elements><element><id>2</id><category>dressing_table</category><bounds><corner1>-1.12771047, -0.83605776, -0.1278933 </corner1><corner2>1.12771047, 0.83605776, 0.1278933 </corner2></bounds><pose><translation>-3.17149409, -0.7689007 ,  4.53563824</translation><rotation><c1>1., 0., 0.</c1><c2>0., 1., 0.</c2><c3>0., 0., 1.</c3></rotation></pose><symmetry><x>none</x><y>none</y><z>none</z></symmetry><detectionScore>0.96234596</detectionScore></element><element><id>4</id><category>door</category><bounds><corner1>-0.48450116, -1.170153  , -1.21777512</corner1><corner2>0.48450116, 1.170153  , 1.21777512</corner2></bounds><pose><translation>-4.96097583, -0.52294308, -3.76537719</translation><rotation><c1>1., 0., 0.</c1><c2>0., 1., 0.</c2><c3>0., 0., 1.</c3></rotation></pose><symmetry><x>twoFold</x><y>twoFold</y><z>twoFold</z></symmetry><detectionScore>0.9963576</detectionScore></element><element><id>1</id><category>sofa</category><bounds><corner1>-2.29017606, -0.62086205, -0.12439765</corner1><corner2>2.29017606, 0.62086205, 0.12439765</corner2></bounds><pose><translation> 0.10815572, -0.82502352, -5.89058242</translation><rotation><c1>1., 0., 0.</c1><c2>0., 1., 0.</c2><c3>0., 0., 1.</c3></rotation></pose><symmetry><x>none</x><y>none</y><z>none</z></symmetry><detectionScore>0.9059475</detectionScore></element><element><id>3</id><category>wall</category><bounds><corner1>-5.9133764 , -1.21158512, -4.21162361</corner1><corner2>5.9133764 , 1.21158512, 4.21162361</corner2></bounds><pose><translation>  0.6335981 ,  -0.08992831, -10.04790011</translation><rotation><c1>1., 0., 0.</c1><c2>0., 1., 0.</c2><c3>0., 0., 1.</c3></rotation></pose><symmetry><x>none</x><y>twoFold</y><z>none</z></symmetry><detectionScore>0.99224865</detectionScore></element></elements></scene>