<?xml version='1.0' encoding='utf-8'?>
<scene xmlns:sumo="https://www.sumochallenge.org"><version>2.0</version><categories><id>fb_categories_v1_0</id><url>https://sumochallenge.org/en/categories-1_0.json</url></categories><project_type>bounding_box</project_type><elements><element><id>0</id><category>chandelier</category><bounds><corner1>-0.6926028722625315, -0.12544766566628884, -4.213149901318791</corner1><corner2>0.6926028722625315, 0.12544766566628884, 4.213149901318791</corner2></bounds><pose><translation>-3.234065070909427, 1.3137230548480805, 1.7516491694558318</translation><rotation><c1>1, 0, 0</c1><c2>0, 1, 0</c2><c3>0, 0, 1</c3></rotation></pose><symmetry><x>twoFold</x><y>cylindrical</y><z>twoFold</z></symmetry><detectionScore>-1.0</detectionScore></element><element><id>1</id><category>wall</category><bounds><corner1>-3.489642988411751, -1.681440818697374, -2.3544298260680003</corner1><corner2>3.489642988411751, 1.681440818697374, 2.3544298260680003</corner2></bounds><pose><translation>-6.314985962729184, -0.3639188513511846, -3.511684405461041</translation><rotation><c1>1, 0, 0</c1><c2>0, 1, 0</c2><c3>0, 0, 1</c3></rotation></pose><symmetry><x>twoFold</x><y>cylindrical</y><z>twoFold</z></symmetry><detectionScore>-1.0</detectionScore></element><element><id>2</id><category>fireplace</category><bounds><corner1>-0.540858109652611, -1.397439317958632, -2.614775324505684</corner1><corner2>0.540858109652611, 1.397439317958632, 2.614775324505684</corner2></bounds><pose><translation>1.715056637249607, -0.5898939232258961, 3.757996303945895</translation><rotation><c1>1, 0, 0</c1><c2>0, 1, 0</c2><c3>0, 0, 1</c3></rotation></pose><symmetry><x>twoFold</x><y>cylindrical</y><z>twoFold</z></symmetry><detectionScore>-1.0</detectionScore></element><element><id>3</id><category>heater</category><bounds><corner1>-0.2427502360123226, -0.6802368158830083, -0.39544432154516507</corner1><corner2>0.2427502360123226, 0.6802368158830083, 0.39544432154516507</corner2></bounds><pose><translation>2.1480540543933992, -1.4106561629019219, -2.751722635542746</translation><rotation><c1>1, 0, 0</c1><c2>0, 1, 0</c2><c3>0, 0, 1</c3></rotation></pose><symmetry><x>twoFold</x><y>cylindrical</y><z>twoFold</z></symmetry><detectionScore>-1.0</detectionScore></element><element><id>4</id><category>fence</category><bounds><corner1>-1.0663246767186454, -0.9685548790018192, -4.769549157163026</corner1><corner2>1.0663246767186454, 0.9685548790018192, 4.769549157163026</corner2></bounds><pose><translation>-11.661242666634339, -0.5369002491743483, 6.0268489106461915</translation><rotation><c1>1, 0, 0</c1><c2>0, 1, 0</c2><c3>0, 0, 1</c3></rotation></pose><symmetry><x>twoFold</x><y>cylindrical</y><z>twoFold</z></symmetry><detectionScore>-1.0</detectionScore></element><element><id>5</id><category>arch</category><bounds><corner1>-0.19758860843891002, -1.7824284555050813, -0.9746299469284438</corner1><corner2>0.19758860843891002, 1.7824284555050813, 0.9746299469284438</corner2></bounds><pose><translation>2.1149004617343663, -0.45624544958031993, -4.593911757971561</translation><rotation><c1>1, 0, 0</c1><c2>0, 1, 0</c2><c3>0, 0, 1</c3></rotation></pose><symmetry><x>twoFold</x><y>cylindrical</y><z>twoFold</z></symmetry><detectionScore>-1.0</detectionScore></element><element><id>6</id><category>door</category><bounds><corner1>-0.6941543572477832, -1.7044721945108772, -2.0071114023969656</corner1><corner2>0.6941543572477832, 1.7044721945108772, 2.0071114023969656</corner2></bounds><pose><translation>-0.52414830654926, -0.5158474807881132, -4.5594538857931886</translation><rotation><c1>1, 0, 0</c1><c2>0, 1, 0</c2><c3>0, 0, 1</c3></rotation></pose><symmetry><x>twoFold</x><y>cylindrical</y><z>twoFold</z></symmetry><detectionScore>-1.0</detectionScore></element><element><id>7</id><category>plant</category><bounds><corner1>-0.6724435571801136, -0.623053948840699, -0.4703536726892903</corner1><corner2>0.6724435571801136, 0.623053948840699, 0.4703536726892903</corner2></bounds><pose><translation>-0.989982361856316, -1.6581605969387576, -2.53492182899489</translation><rotation><c1>1, 0, 0</c1><c2>0, 1, 0</c2><c3>0, 0, 1</c3></rotation></pose><symmetry><x>twoFold</x><y>cylindrical</y><z>twoFold</z></symmetry><detectionScore>-1.0</detectionScore></element><element><id>8</id><category>dresser</category><bounds><corner1>-0.9579236248745949, -0.500582084858942, -0.5759996356100352</corner1><corner2>0.9579236248745949, 0.500582084858942, 0.5759996356100352</corner2></bounds><pose><translation>-0.8648013519524071, -1.0837818874662435, 5.818496651892245</translation><rotation><c1>1, 0, 0</c1><c2>0, 1, 0</c2><c3>0, 0, 1</c3></rotation></pose><symmetry><x>twoFold</x><y>cylindrical</y><z>twoFold</z></symmetry><detectionScore>-1.0</detectionScore></element><element><id>9</id><category>window</category><bounds><corner1>-2.3064397730837385, -0.8284173595554396, -0.18564791525468927</corner1><corner2>2.3064397730837385, 0.8284173595554396, 0.18564791525468927</corner2></bounds><pose><translation>-10.653962241101715, 0.447562874115307, 6.022700487123124</translation><rotation><c1>1, 0, 0</c1><c2>0, 1, 0</c2><c3>0, 0, 1</c3></rotation></pose><symmetry><x>twoFold</x><y>cylindrical</y><z>twoFold</z></symmetry><detectionScore>-1.0</detectionScore></element><element><id>10</id><category>door</category><bounds><corner1>-4.316102679974565, -1.2713870898528388, -7.861878600972546</corner1><corner2>4.316102679974565, 1.2713870898528388, 7.861878600972546</corner2></bounds><pose><translation>-4.316102679974565, -0.20068647994109487, 6.217316804937458</translation><rotation><c1>1, 0, 0</c1><c2>0, 1, 0</c2><c3>0, 0, 1</c3></rotation></pose><symmetry><x>twoFold</x><y>cylindrical</y><z>twoFold</z></symmetry><detectionScore>-1.0</detectionScore></element><element><id>11</id><category>plant</category><bounds><corner1>-1.1050421226320228, -0.9157743507288909, -4.773475328200854</corner1><corner2>1.1050421226320228, 0.9157743507288909, 4.773475328200854</corner2></bounds><pose><translation>-11.699960112547716, -0.6304996178283199, 6.022922739608363</translation><rotation><c1>1, 0, 0</c1><c2>0, 1, 0</c2><c3>0, 0, 1</c3></rotation></pose><symmetry><x>twoFold</x><y>cylindrical</y><z>twoFold</z></symmetry><detectionScore>-1.0</detectionScore></element><element><id>12</id><category>plant</category><bounds><corner1>-1.128120486294229, -0.060519289762681505, -3.6542374373193245</corner1><corner2>1.128120486294229, 0.060519289762681505, 3.6542374373193245</corner2></bounds><pose><translation>-4.694649015859136, -0.7958277228465976, 2.4876527093964547</translation><rotation><c1>1, 0, 0</c1><c2>0, 1, 0</c2><c3>0, 0, 1</c3></rotation></pose><symmetry><x>twoFold</x><y>cylindrical</y><z>twoFold</z></symmetry><detectionScore>-1.0</detectionScore></element><element><id>13</id><category>coffee_table</category><bounds><corner1>-0.5934913603507934, -0.363677149469372, -0.6000209852997983</corner1><corner2>0.5934913603507934, 0.363677149469372, 0.6000209852997983</corner2></bounds><pose><translation>-2.501647052667175, -1.5269729255836688, -0.24257688242453362</translation><rotation><c1>1, 0, 0</c1><c2>0, 1, 0</c2><c3>0, 0, 1</c3></rotation></pose><symmetry><x>twoFold</x><y>cylindrical</y><z>twoFold</z></symmetry><detectionScore>-1.0</detectionScore></element><element><id>14</id><category>plant</category><bounds><corner1>-6.038940035095493, -0.905455917112345, -0.17567290645196199</corner1><corner2>6.038940035095493, 0.905455917112345, 0.17567290645196199</corner2></bounds><pose><translation>-10.365229992581238, -0.783908775783599, 6.028201539428475</translation><rotation><c1>1, 0, 0</c1><c2>0, 1, 0</c2><c3>0, 0, 1</c3></rotation></pose><symmetry><x>twoFold</x><y>cylindrical</y><z>twoFold</z></symmetry><detectionScore>-1.0</detectionScore></element><element><id>15</id><category>ottoman</category><bounds><corner1>-0.27480956416901514, -0.3558015480289418, -0.7850058201831014</corner1><corner2>0.27480956416901514, 0.3558015480289418, 0.7850058201831014</corner2></bounds><pose><translation>-1.6175419532658295, -1.2451514966893058, 3.824043286218433</translation><rotation><c1>1, 0, 0</c1><c2>0, 1, 0</c2><c3>0, 0, 1</c3></rotation></pose><symmetry><x>twoFold</x><y>cylindrical</y><z>twoFold</z></symmetry><detectionScore>-1.0</detectionScore></element><element><id>16</id><category>floor</category><bounds><corner1>-1.0431414073012655, -0.5080004272303146, -0.9757115671537844</corner1><corner2>1.0431414073012655, 0.5080004272303146, 0.9757115671537844</corner2></bounds><pose><translation>1.2195459765343815, -0.9849477616895995, -4.620482935319065</translation><rotation><c1>1, 0, 0</c1><c2>0, 1, 0</c2><c3>0, 0, 1</c3></rotation></pose><symmetry><x>twoFold</x><y>cylindrical</y><z>twoFold</z></symmetry><detectionScore>-1.0</detectionScore></element><element><id>17</id><category>wall</category><bounds><corner1>-6.080278680025288, -1.3732629049661833, -4.781576444809564</corner1><corner2>6.080278680025288, 1.3732629049661833, 4.781576444809564</corner2></bounds><pose><translation>-10.51856730417299, -0.09588696896501506, 6.014821622999654</translation><rotation><c1>1, 0, 0</c1><c2>0, 1, 0</c2><c3>0, 0, 1</c3></rotation></pose><symmetry><x>twoFold</x><y>cylindrical</y><z>twoFold</z></symmetry><detectionScore>-1.0</detectionScore></element><element><id>18</id><category>curtain</category><bounds><corner1>-2.666657264579742, -0.8464545777759331, -4.787300205045464</corner1><corner2>2.666657264579742, 0.8464545777759331, 4.787300205045464</corner2></bounds><pose><translation>-11.014179732597718, 0.4309213582252351, 6.0090978627637535</translation><rotation><c1>1, 0, 0</c1><c2>0, 1, 0</c2><c3>0, 0, 1</c3></rotation></pose><symmetry><x>twoFold</x><y>cylindrical</y><z>twoFold</z></symmetry><detectionScore>-1.0</detectionScore></element><element><id>19</id><category>sofa</category><bounds><corner1>-1.302378015638097, -0.4768075435467891, -1.5453094029052687</corner1><corner2>1.302378015638097, 0.4768075435467891, 1.5453094029052687</corner2></bounds><pose><translation>-4.290886884479526, -1.1673598089203632, -0.37264452258192654</translation><rotation><c1>1, 0, 0</c1><c2>0, 1, 0</c2><c3>0, 0, 1</c3></rotation></pose><symmetry><x>twoFold</x><y>cylindrical</y><z>twoFold</z></symmetry><detectionScore>-1.0</detectionScore></element><element><id>20</id><category>single_bed</category><bounds><corner1>-0.8363001638150394, -0.4382179174185639, -0.5617901051034968</corner1><corner2>0.8363001638150394, 0.4382179174185639, 0.5617901051034968</corner2></bounds><pose><translation>-0.7926864979020458, -0.9022083577418692, 5.832706182398783</translation><rotation><c1>1, 0, 0</c1><c2>0, 1, 0</c2><c3>0, 0, 1</c3></rotation></pose><symmetry><x>twoFold</x><y>cylindrical</y><z>twoFold</z></symmetry><detectionScore>-1.0</detectionScore></element><element><id>21</id><category>dresser</category><bounds><corner1>-0.6914821598974468, -0.4899910257211343, -1.330901593934572</corner1><corner2>0.6914821598974468, 0.4899910257211343, 1.330901593934572</corner2></bounds><pose><translation>1.8534539553173766, -1.0523180879638376, 0.7074324221860856</translation><rotation><c1>1, 0, 0</c1><c2>0, 1, 0</c2><c3>0, 0, 1</c3></rotation></pose><symmetry><x>twoFold</x><y>cylindrical</y><z>twoFold</z></symmetry><detectionScore>-1.0</detectionScore></element><element><id>22</id><category>water_dispenser</category><bounds><corner1>-0.2563064326527389, -0.8901329563279222, -0.42808066159601976</corner1><corner2>0.2563064326527389, 0.8901329563279222, 0.42808066159601976</corner2></bounds><pose><translation>2.066390474345573, -0.8937083683122545, -3.7613485202218597</translation><rotation><c1>1, 0, 0</c1><c2>0, 1, 0</c2><c3>0, 0, 1</c3></rotation></pose><symmetry><x>twoFold</x><y>cylindrical</y><z>twoFold</z></symmetry><detectionScore>-1.0</detectionScore></element><element><id>23</id><category>wall</category><bounds><corner1>-6.546512453515356, -1.6081127600210294, -2.6659651991665556</corner1><corner2>6.546512453515356, 1.6081127600210294, 2.6659651991665556</corner2></bounds><pose><translation>-14.295428295609716, -0.35592283992689216, -1.9605671402039522</translation><rotation><c1>1, 0, 0</c1><c2>0, 1, 0</c2><c3>0, 0, 1</c3></rotation></pose><symmetry><x>twoFold</x><y>cylindrical</y><z>twoFold</z></symmetry><detectionScore>-1.0</detectionScore></element><element><id>24</id><category>wall</category><bounds><corner1>-1.2152777387801637, -1.117455362877869, -1.7884746968322094</corner1><corner2>1.2152777387801637, 1.117455362877869, 1.7884746968322094</corner2></bounds><pose><translation>-5.755459615156022, -0.12727818270990024, -3.62498296220579</translation><rotation><c1>1, 0, 0</c1><c2>0, 1, 0</c2><c3>0, 0, 1</c3></rotation></pose><symmetry><x>twoFold</x><y>cylindrical</y><z>twoFold</z></symmetry><detectionScore>-1.0</detectionScore></element><element><id>25</id><category>coffee_table</category><bounds><corner1>-0.5505688846547621, -0.21297706393556803, -0.8414876837265424</corner1><corner2>0.5505688846547621, 0.21297706393556803, 0.8414876837265424</corner2></bounds><pose><translation>-2.1126481597631224, -1.0389077131007305, 3.9967252507317546</translation><rotation><c1>1, 0, 0</c1><c2>0, 1, 0</c2><c3>0, 0, 1</c3></rotation></pose><symmetry><x>twoFold</x><y>cylindrical</y><z>twoFold</z></symmetry><detectionScore>-1.0</detectionScore></element><element><id>26</id><category>wall</category><bounds><corner1>-3.8378188792063983, -1.407764581735501, -7.845617244548041</corner1><corner2>3.8378188792063983, 1.407764581735501, 7.845617244548041</corner2></bounds><pose><translation>-1.6087400957889808, -0.09296975487236658, 6.233578161361963</translation><rotation><c1>1, 0, 0</c1><c2>0, 1, 0</c2><c3>0, 0, 1</c3></rotation></pose><symmetry><x>twoFold</x><y>cylindrical</y><z>twoFold</z></symmetry><detectionScore>-1.0</detectionScore></element><element><id>27</id><category>wall</category><bounds><corner1>-0.21890399849965592, -1.485636389893743, -1.0077456107982483</corner1><corner2>0.21890399849965592, 1.485636389893743, 1.0077456107982483</corner2></bounds><pose><translation>2.099101171071005, -0.10396706311957629, -4.515152498996455</translation><rotation><c1>1, 0, 0</c1><c2>0, 1, 0</c2><c3>0, 0, 1</c3></rotation></pose><symmetry><x>twoFold</x><y>cylindrical</y><z>twoFold</z></symmetry><detectionScore>-1.0</detectionScore></element><element><id>28</id><category>fireplace</category><bounds><corner1>-0.5278409372179109, -1.4248926510595978, -3.6363408949969758</corner1><corner2>0.5278409372179109, 1.4248926510595978, 3.6363408949969758</corner2></bounds><pose><translation>1.8842539272170102, 0.03570323132639148, 2.733839944474596</translation><rotation><c1>1, 0, 0</c1><c2>0, 1, 0</c2><c3>0, 0, 1</c3></rotation></pose><symmetry><x>twoFold</x><y>cylindrical</y><z>twoFold</z></symmetry><detectionScore>-1.0</detectionScore></element><element><id>29</id><category>window</category><bounds><corner1>-0.9952167228354707, -1.1024970827644456, -0.16998709368114362</corner1><corner2>0.9952167228354707, 1.1024970827644456, 0.16998709368114362</corner2></bounds><pose><translation>-10.878650867592834, 0.0749272936024464, 6.038361308696669</translation><rotation><c1>1, 0, 0</c1><c2>0, 1, 0</c2><c3>0, 0, 1</c3></rotation></pose><symmetry><x>twoFold</x><y>cylindrical</y><z>twoFold</z></symmetry><detectionScore>-1.0</detectionScore></element><element><id>30</id><category>wall</category><bounds><corner1>-0.5441246762410246, -1.3812286829550178, -3.4541343438837453</corner1><corner2>0.5441246762410246, 1.3812286829550178, 3.4541343438837453</corner2></bounds><pose><translation>1.8315142020669937, 0.054478538316255994, 2.9170884249599007</translation><rotation><c1>1, 0, 0</c1><c2>0, 1, 0</c2><c3>0, 0, 1</c3></rotation></pose><symmetry><x>twoFold</x><y>cylindrical</y><z>twoFold</z></symmetry><detectionScore>-1.0</detectionScore></element><element><id>31</id><category>sofa</category><bounds><corner1>-2.6458243645958066, -0.31469877776979716, -4.641287507083602</corner1><corner2>2.6458243645958066, 0.31469877776979716, 4.641287507083602</corner2></bounds><pose><translation>-5.200788217519758, -0.8602925197236603, 1.5212175389984046</translation><rotation><c1>1, 0, 0</c1><c2>0, 1, 0</c2><c3>0, 0, 1</c3></rotation></pose><symmetry><x>twoFold</x><y>cylindrical</y><z>twoFold</z></symmetry><detectionScore>-1.0</detectionScore></element><element><id>32</id><category>door</category><bounds><corner1>-8.986015136212206, -1.7635361729204955, -2.1845940482916686</corner1><corner2>8.986015136212206, 1.7635361729204955, 2.1845940482916686</corner2></bounds><pose><translation>-14.149643723954902, -0.5057871451547137, -1.8126240696904112</translation><rotation><c1>1, 0, 0</c1><c2>0, 1, 0</c2><c3>0, 0, 1</c3></rotation></pose><symmetry><x>twoFold</x><y>cylindrical</y><z>twoFold</z></symmetry><detectionScore>-1.0</detectionScore></element><element><id>33</id><category>kitchen_cabinet</category><bounds><corner1>-0.9869844043006282, -0.6989240393483345, -0.5639734160247221</corner1><corner2>0.9869844043006282, 0.6989240393483345, 0.5639734160247221</corner2></bounds><pose><translation>1.2496337370473278, -0.8848165911772452, 5.831887752590715</translation><rotation><c1>1, 0, 0</c1><c2>0, 1, 0</c2><c3>0, 0, 1</c3></rotation></pose><symmetry><x>twoFold</x><y>cylindrical</y><z>twoFold</z></symmetry><detectionScore>-1.0</detectionScore></element><element><id>34</id><category>chandelier</category><bounds><corner1>-6.168868324077988, -0.05599180034026063, -1.6466111446630647</corner1><corner2>6.168868324077988, 0.05599180034026063, 1.6466111446630647</corner2></bounds><pose><translation>-8.964493108843337, 1.2471201454763812, 4.538515676655451</translation><rotation><c1>1, 0, 0</c1><c2>0, 1, 0</c2><c3>0, 0, 1</c3></rotation></pose><symmetry><x>twoFold</x><y>cylindrical</y><z>twoFold</z></symmetry><detectionScore>-1.0</detectionScore></element><element><id>35</id><category>wall</category><bounds><corner1>-3.8384456157926126, -0.7370606502628549, -7.655938554827173</corner1><corner2>3.8384456157926126, 0.7370606502628549, 7.655938554827173</corner2></bounds><pose><translation>-3.8384456157926126, -0.09085654342090758, 6.423256851082832</translation><rotation><c1>1, 0, 0</c1><c2>0, 1, 0</c2><c3>0, 0, 1</c3></rotation></pose><symmetry><x>twoFold</x><y>cylindrical</y><z>twoFold</z></symmetry><detectionScore>-1.0</detectionScore></element><element><id>36</id><category>curtain</category><bounds><corner1>-0.177627011383247, -1.4034906670558078, -1.2373236791443025</corner1><corner2>0.177627011383247, 1.4034906670558078, 1.2373236791443025</corner2></bounds><pose><translation>2.1191180687606033, -0.053594386259409973, -4.879005250608621</translation><rotation><c1>1, 0, 0</c1><c2>0, 1, 0</c2><c3>0, 0, 1</c3></rotation></pose><symmetry><x>twoFold</x><y>cylindrical</y><z>twoFold</z></symmetry><detectionScore>-1.0</detectionScore></element><element><id>37</id><category>ottoman</category><bounds><corner1>-0.5379425794296453, -0.3477514127878041, -0.5742795755040978</corner1><corner2>0.5379425794296453, 0.3477514127878041, 0.5742795755040978</corner2></bounds><pose><translation>-2.4002595070627657, -1.5329061865810547, -0.23656099048716792</translation><rotation><c1>1, 0, 0</c1><c2>0, 1, 0</c2><c3>0, 0, 1</c3></rotation></pose><symmetry><x>twoFold</x><y>cylindrical</y><z>twoFold</z></symmetry><detectionScore>-1.0</detectionScore></element><element><id>38</id><category>wall</category><bounds><corner1>-5.582011161719483, -1.6096945976261607, -1.9255034101477486</corner1><corner2>5.582011161719483, 1.6096945976261607, 1.9255034101477486</corner2></bounds><pose><translation>-9.716716499224903, -0.33633810445827533, -2.7890556143472613</translation><rotation><c1>1, 0, 0</c1><c2>0, 1, 0</c2><c3>0, 0, 1</c3></rotation></pose><symmetry><x>twoFold</x><y>cylindrical</y><z>twoFold</z></symmetry><detectionScore>-1.0</detectionScore></element><element><id>39</id><category>wall</category><bounds><corner1>-7.54195264338596, -1.489177518282206, -3.239263613806753</corner1><corner2>7.54195264338596, 1.489177518282206, 3.239263613806753</corner2></bounds><pose><translation>-13.854326292526641, -0.2308211867974916, 2.861962267807926</translation><rotation><c1>1, 0, 0</c1><c2>0, 1, 0</c2><c3>0, 0, 1</c3></rotation></pose><symmetry><x>twoFold</x><y>cylindrical</y><z>twoFold</z></symmetry><detectionScore>-1.0</detectionScore></element><element><id>40</id><category>wall</category><bounds><corner1>-3.6333574764134395, -1.4834523273333307, -0.6479329957052244</corner1><corner2>3.6333574764134395, 1.4834523273333307, 0.6479329957052244</corner2></bounds><pose><translation>-1.4244332261655226, -0.13131974550913927, -4.578893562074268</translation><rotation><c1>1, 0, 0</c1><c2>0, 1, 0</c2><c3>0, 0, 1</c3></rotation></pose><symmetry><x>twoFold</x><y>cylindrical</y><z>twoFold</z></symmetry><detectionScore>-1.0</detectionScore></element></elements></scene>