<?xml version='1.0' encoding='utf-8'?>
<scene xmlns:sumo="https://www.sumochallenge.org"><version>2.0</version><categories><id>fb_categories_v1.0</id><url>https://sumochallenge.org/en/categories-1_0.json</url></categories><project_type>bounding_box</project_type><elements><element><id>1</id><category>wall</category><bounds><corner1>-1.48164099, -1.20448918, -0.10891606</corner1><corner2>1.48164099, 1.20448918, 0.10891606</corner2></bounds><pose><translation> 1.09874717, -0.01081324,  3.70973574</translation><rotation><c1>1., 0., 0.</c1><c2>0., 1., 0.</c2><c3>0., 0., 1.</c3></rotation></pose><symmetry><x>none</x><y>twoFold</y><z>none</z></symmetry><detectionScore>0.9798997</detectionScore></element><element><id>10</id><category>sofa</category><bounds><corner1>-1.67154428, -0.47280546, -0.61582907</corner1><corner2>1.67154428, 0.47280546, 0.61582907</corner2></bounds><pose><translation> 0.76490405, -0.68033347,  2.90706887</translation><rotation><c1>1., 0., 0.</c1><c2>0., 1., 0.</c2><c3>0., 0., 1.</c3></rotation></pose><symmetry><x>none</x><y>none</y><z>none</z></symmetry><detectionScore>0.6334559</detectionScore></element><element><id>3</id><category>stand</category><bounds><corner1>-0.17985983, -0.40475879, -0.39799881</corner1><corner2>0.17985983, 0.40475879, 0.39799881</corner2></bounds><pose><translation> 2.53007215, -0.88947218, -0.04638795</translation><rotation><c1>1., 0., 0.</c1><c2>0., 1., 0.</c2><c3>0., 0., 1.</c3></rotation></pose><symmetry><x>none</x><y>none</y><z>none</z></symmetry><detectionScore>0.9778178</detectionScore></element><element><id>4</id><category>floor_lamp</category><bounds><corner1>-0.07953308, -0.7400851 , -0.55490241</corner1><corner2>0.07953308, 0.7400851 , 0.55490241</corner2></bounds><pose><translation>-0.69887842, -0.44624768,  1.10402817</translation><rotation><c1>1., 0., 0.</c1><c2>0., 1., 0.</c2><c3>0., 0., 1.</c3></rotation></pose><symmetry><x>none</x><y>cylindrical</y><z>none</z></symmetry><detectionScore>0.64188254</detectionScore></element><element><id>6</id><category>door</category><bounds><corner1>-0.42137902, -0.99219246, -0.14606021</corner1><corner2>0.42137902, 0.99219246, 0.14606021</corner2></bounds><pose><translation> 0.12439749, -0.3235615 , -1.75302492</translation><rotation><c1>1., 0., 0.</c1><c2>0., 1., 0.</c2><c3>0., 0., 1.</c3></rotation></pose><symmetry><x>twoFold</x><y>twoFold</y><z>twoFold</z></symmetry><detectionScore>0.94131833</detectionScore></element><element><id>9</id><category>door</category><bounds><corner1>-0.55800699, -1.03499828, -0.76039515</corner1><corner2>0.55800699, 1.03499828, 0.76039515</corner2></bounds><pose><translation> 2.85109992, -0.39862179, -1.289009  </translation><rotation><c1>1., 0., 0.</c1><c2>0., 1., 0.</c2><c3>0., 0., 1.</c3></rotation></pose><symmetry><x>twoFold</x><y>twoFold</y><z>twoFold</z></symmetry><detectionScore>0.9992249</detectionScore></element><element><id>11</id><category>sofa</category><bounds><corner1>-0.4467937 , -0.41416026, -1.14788724</corner1><corner2>0.4467937 , 0.41416026, 1.14788724</corner2></bounds><pose><translation>-0.42667522, -0.84919906,  1.46595813</translation><rotation><c1>1., 0., 0.</c1><c2>0., 1., 0.</c2><c3>0., 0., 1.</c3></rotation></pose><symmetry><x>none</x><y>none</y><z>none</z></symmetry><detectionScore>0.86078525</detectionScore></element><element><id>7</id><category>coffee_table</category><bounds><corner1>-0.46109771, -0.72824129, -0.3849843 </corner1><corner2>0.46109771, 0.72824129, 0.3849843 </corner2></bounds><pose><translation> 0.81847589, -1.06141208,  2.24387905</translation><rotation><c1>1., 0., 0.</c1><c2>0., 1., 0.</c2><c3>0., 0., 1.</c3></rotation></pose><symmetry><x>none</x><y>twoFold</y><z>none</z></symmetry><detectionScore>0.63125074</detectionScore></element><element><id>12</id><category>wall</category><bounds><corner1>-0.4586245 , -1.10248694, -0.073967  </corner1><corner2>0.4586245 , 1.10248694, 0.073967  </corner2></bounds><pose><translation>-0.60145535,  0.0961863 ,  2.60792348</translation><rotation><c1>1., 0., 0.</c1><c2>0., 1., 0.</c2><c3>0., 0., 1.</c3></rotation></pose><symmetry><x>none</x><y>twoFold</y><z>none</z></symmetry><detectionScore>0.99130464</detectionScore></element></elements></scene>