<?xml version='1.0' encoding='utf-8'?>
<scene xmlns:sumo="https://www.sumochallenge.org"><version>2.0</version><categories><id>fb_categories_v1.0</id><url>https://sumochallenge.org/en/categories-1_0.json</url></categories><project_type>bounding_box</project_type><elements><element><id>4</id><category>table_and_chair</category><bounds><corner1>-3.96486971, -0.81465658, -0.97715636</corner1><corner2>3.96486971, 0.81465658, 0.97715636</corner2></bounds><pose><translation>-4.72486617, -0.91109601,  0.66648556</translation><rotation><c1>1., 0., 0.</c1><c2>0., 1., 0.</c2><c3>0., 0., 1.</c3></rotation></pose><symmetry><x>none</x><y>twoFold</y><z>none</z></symmetry><detectionScore>0.91326445</detectionScore></element><element><id>1</id><category>wall</category><bounds><corner1>-0.03500089, -0.96158364, -1.92157971</corner1><corner2>0.03500089, 0.96158364, 1.92157971</corner2></bounds><pose><translation>-1.36500324, -0.05681431, -0.07046896</translation><rotation><c1>1., 0., 0.</c1><c2>0., 1., 0.</c2><c3>0., 0., 1.</c3></rotation></pose><symmetry><x>none</x><y>twoFold</y><z>none</z></symmetry><detectionScore>0.80723494</detectionScore></element><element><id>5</id><category>shelving</category><bounds><corner1>-0.32311803, -0.36481194, -0.05893355</corner1><corner2>0.32311803, 0.36481194, 0.05893355</corner2></bounds><pose><translation>-0.1430201 ,  0.20313982,  1.82399711</translation><rotation><c1>1., 0., 0.</c1><c2>0., 1., 0.</c2><c3>0., 0., 1.</c3></rotation></pose><symmetry><x>twoFold</x><y>twoFold</y><z>twoFold</z></symmetry><detectionScore>0.8457562</detectionScore></element><element><id>3</id><category>switch</category><bounds><corner1>-0.03966944, -0.03325831, -0.02197809</corner1><corner2>0.03966944, 0.03325831, 0.02197809</corner2></bounds><pose><translation> 0.42642274, -0.57388292, -1.10699319</translation><rotation><c1>1., 0., 0.</c1><c2>0., 1., 0.</c2><c3>0., 0., 1.</c3></rotation></pose><symmetry><x>none</x><y>none</y><z>twoFold</z></symmetry><detectionScore>0.9168067</detectionScore></element><element><id>2</id><category>door</category><bounds><corner1>-0.56226574, -0.76546788, -0.19693855</corner1><corner2>0.56226574, 0.76546788, 0.19693855</corner2></bounds><pose><translation>-0.71760337, -0.12441856, -1.28697387</translation><rotation><c1>1., 0., 0.</c1><c2>0., 1., 0.</c2><c3>0., 0., 1.</c3></rotation></pose><symmetry><x>twoFold</x><y>twoFold</y><z>twoFold</z></symmetry><detectionScore>0.9980634</detectionScore></element><element><id>7</id><category>sink</category><bounds><corner1>-0.38519159, -0.48294087, -0.36284003</corner1><corner2>0.38519159, 0.48294087, 0.36284003</corner2></bounds><pose><translation>-0.94816362, -0.86769454,  1.4960681 </translation><rotation><c1>1., 0., 0.</c1><c2>0., 1., 0.</c2><c3>0., 0., 1.</c3></rotation></pose><symmetry><x>none</x><y>none</y><z>none</z></symmetry><detectionScore>0.9644957</detectionScore></element><element><id>8</id><category>wall</category><bounds><corner1>-0.35582486, -0.27824165, -0.02101419</corner1><corner2>0.35582486, 0.27824165, 0.02101419</corner2></bounds><pose><translation> 0.09239435, -0.02950506, -1.11899029</translation><rotation><c1>1., 0., 0.</c1><c2>0., 1., 0.</c2><c3>0., 0., 1.</c3></rotation></pose><symmetry><x>none</x><y>twoFold</y><z>none</z></symmetry><detectionScore>0.66774464</detectionScore></element><element><id>6</id><category>partition</category><bounds><corner1>-2.04131469, -1.29306198, -0.92138575</corner1><corner2>2.04131469, 1.29306198, 0.92138575</corner2></bounds><pose><translation> 1.60201616, -0.46776742,  0.15680658</translation><rotation><c1>1., 0., 0.</c1><c2>0., 1., 0.</c2><c3>0., 0., 1.</c3></rotation></pose><symmetry><x>twoFold</x><y>twoFold</y><z>twoFold</z></symmetry><detectionScore>0.6739366</detectionScore></element></elements></scene>