<?xml version='1.0' encoding='utf-8'?>
<scene xmlns:sumo="https://www.sumochallenge.org"><version>2.0</version><categories><id>fb_categories_v1.0</id><url>https://sumochallenge.org/en/categories-1_0.json</url></categories><project_type>bounding_box</project_type><elements><element><id>4</id><category>wall</category><bounds><corner1>-0.19593154, -1.2196905 , -2.09219661</corner1><corner2>0.19593154, 1.2196905 , 2.09219661</corner2></bounds><pose><translation> 9.14273575, -0.097304  ,  0.38337857</translation><rotation><c1>1., 0., 0.</c1><c2>0., 1., 0.</c2><c3>0., 0., 1.</c3></rotation></pose><symmetry><x>none</x><y>twoFold</y><z>none</z></symmetry><detectionScore>0.96772677</detectionScore></element><element><id>1</id><category>vacuum_cleaner</category><bounds><corner1>-0.62398308, -0.64421272, -0.58200102</corner1><corner2>0.62398308, 0.64421272, 0.58200102</corner2></bounds><pose><translation>-2.48091344, -1.13377928, -0.62047216</translation><rotation><c1>1., 0., 0.</c1><c2>0., 1., 0.</c2><c3>0., 0., 1.</c3></rotation></pose><symmetry><x>none</x><y>cylindrical</y><z>none</z></symmetry><detectionScore>0.99158514</detectionScore></element><element><id>5</id><category>washer</category><bounds><corner1>-0.39678056, -0.42694243, -0.41204137</corner1><corner2>0.39678056, 0.42694243, 0.41204137</corner2></bounds><pose><translation>-0.84086965, -0.9896803 ,  2.25408256</translation><rotation><c1>1., 0., 0.</c1><c2>0., 1., 0.</c2><c3>0., 0., 1.</c3></rotation></pose><symmetry><x>none</x><y>none</y><z>none</z></symmetry><detectionScore>0.99751437</detectionScore></element><element><id>3</id><category>washer</category><bounds><corner1>-0.51698282, -0.39512631, -0.52896193</corner1><corner2>0.51698282, 0.39512631, 0.52896193</corner2></bounds><pose><translation> 0.73738626, -0.94343118,  2.26790111</translation><rotation><c1>1., 0., 0.</c1><c2>0., 1., 0.</c2><c3>0., 0., 1.</c3></rotation></pose><symmetry><x>none</x><y>none</y><z>none</z></symmetry><detectionScore>0.9986426</detectionScore></element><element><id>2</id><category>wall</category><bounds><corner1>-2.16882229, -1.27154923, -0.06219142</corner1><corner2>2.16882229, 1.27154923, 0.06219142</corner2></bounds><pose><translation>-0.17642805, -0.16213552,  2.78088526</translation><rotation><c1>1., 0., 0.</c1><c2>0., 1., 0.</c2><c3>0., 0., 1.</c3></rotation></pose><symmetry><x>none</x><y>twoFold</y><z>none</z></symmetry><detectionScore>0.71254027</detectionScore></element><element><id>7</id><category>kitchen_cabinet</category><bounds><corner1>-0.03200633, -0.95429758, -0.24981162</corner1><corner2>0.03200633, 0.95429758, 0.24981162</corner2></bounds><pose><translation>-1.88597721, -0.43143508,  0.16261519</translation><rotation><c1>1., 0., 0.</c1><c2>0., 1., 0.</c2><c3>0., 0., 1.</c3></rotation></pose><symmetry><x>none</x><y>none</y><z>none</z></symmetry><detectionScore>0.7888709</detectionScore></element><element><id>9</id><category>kitchen_cabinet</category><bounds><corner1>-0.04215461, -0.47298885, -0.70687879</corner1><corner2>0.04215461, 0.47298885, 0.70687879</corner2></bounds><pose><translation>-1.92406969, -0.92714202,  1.03435601</translation><rotation><c1>1., 0., 0.</c1><c2>0., 1., 0.</c2><c3>0., 0., 1.</c3></rotation></pose><symmetry><x>none</x><y>none</y><z>none</z></symmetry><detectionScore>0.9940818</detectionScore></element><element><id>8</id><category>washer</category><bounds><corner1>-0.37684984, -0.41678125, -0.41002725</corner1><corner2>0.37684984, 0.41678125, 0.41002725</corner2></bounds><pose><translation>-0.06051129, -0.97711821,  2.26410513</translation><rotation><c1>1., 0., 0.</c1><c2>0., 1., 0.</c2><c3>0., 0., 1.</c3></rotation></pose><symmetry><x>none</x><y>none</y><z>none</z></symmetry><detectionScore>0.9609957</detectionScore></element><element><id>6</id><category>ironing_board</category><bounds><corner1>-0.93354969, -0.58277962, -0.38409302</corner1><corner2>0.93354969, 0.58277962, 0.38409302</corner2></bounds><pose><translation> 0.22915774, -1.25647053, -2.09907421</translation><rotation><c1>1., 0., 0.</c1><c2>0., 1., 0.</c2><c3>0., 0., 1.</c3></rotation></pose><symmetry><x>none</x><y>twoFold</y><z>none</z></symmetry><detectionScore>0.9379656</detectionScore></element></elements></scene>