<?xml version='1.0' encoding='utf-8'?>
<scene xmlns:sumo="https://www.sumochallenge.org"><version>2.0</version><categories><id>fb_categories_v1.0</id><url>https://sumochallenge.org/en/categories-1_0.json</url></categories><project_type>bounding_box</project_type><elements><element><id>15</id><category>ceiling_fan</category><bounds><corner1>-0.45283984, -0.01981931, -0.87482015</corner1><corner2>0.45283984, 0.01981931, 0.87482015</corner2></bounds><pose><translation>-1.85690413,  1.18914053,  0.06586184</translation><rotation><c1>1., 0., 0.</c1><c2>0., 1., 0.</c2><c3>0., 0., 1.</c3></rotation></pose><symmetry><x>none</x><y>none</y><z>none</z></symmetry><detectionScore>-1</detectionScore></element><element><id>7</id><category>wall</category><bounds><corner1>-1.64061184, -1.14900116, -2.30014396</corner1><corner2>1.64061184, 1.14900116, 2.30014396</corner2></bounds><pose><translation>-5.22932208, -0.23122917, -8.2518015 </translation><rotation><c1>1., 0., 0.</c1><c2>0., 1., 0.</c2><c3>0., 0., 1.</c3></rotation></pose><symmetry><x>none</x><y>none</y><z>none</z></symmetry><detectionScore>-1</detectionScore></element><element><id>4</id><category>plant</category><bounds><corner1>-0.16995033, -0.74932946, -0.59961225</corner1><corner2>0.16995033, 0.74932946, 0.59961225</corner2></bounds><pose><translation> 3.00788232, -1.11401078,  1.15098662</translation><rotation><c1>1., 0., 0.</c1><c2>0., 1., 0.</c2><c3>0., 0., 1.</c3></rotation></pose><symmetry><x>none</x><y>none</y><z>none</z></symmetry><detectionScore>-1</detectionScore></element><element><id>9</id><category>chair</category><bounds><corner1>-0.47102453, -0.36052549, -0.26879777</corner1><corner2>0.47102453, 0.36052549, 0.26879777</corner2></bounds><pose><translation>-1.48905882, -1.24070844, -0.22619766</translation><rotation><c1>1., 0., 0.</c1><c2>0., 1., 0.</c2><c3>0., 0., 1.</c3></rotation></pose><symmetry><x>none</x><y>none</y><z>none</z></symmetry><detectionScore>-1</detectionScore></element><element><id>5</id><category>wall</category><bounds><corner1>-1.0367888 , -1.26736151, -0.07099434</corner1><corner2>1.0367888 , 1.26736151, 0.07099434</corner2></bounds><pose><translation> 1.38811309, -0.1421364 , -3.39217332</translation><rotation><c1>1., 0., 0.</c1><c2>0., 1., 0.</c2><c3>0., 0., 1.</c3></rotation></pose><symmetry><x>none</x><y>none</y><z>none</z></symmetry><detectionScore>-1</detectionScore></element><element><id>16</id><category>wall</category><bounds><corner1>-0.61802098, -0.97316538, -0.58757951</corner1><corner2>0.61802098, 0.97316538, 0.58757951</corner2></bounds><pose><translation>-2.09003988,  0.21942005,  1.1902665 </translation><rotation><c1>1., 0., 0.</c1><c2>0., 1., 0.</c2><c3>0., 0., 1.</c3></rotation></pose><symmetry><x>none</x><y>none</y><z>none</z></symmetry><detectionScore>-1</detectionScore></element><element><id>12</id><category>chair</category><bounds><corner1>-0.43702131, -0.195982  , -0.31145787</corner1><corner2>0.43702131, 0.195982  , 0.31145787</corner2></bounds><pose><translation>-1.47199554, -1.04429155,  0.76752288</translation><rotation><c1>1., 0., 0.</c1><c2>0., 1., 0.</c2><c3>0., 0., 1.</c3></rotation></pose><symmetry><x>none</x><y>none</y><z>none</z></symmetry><detectionScore>-1</detectionScore></element><element><id>11</id><category>shelving</category><bounds><corner1>-0.2522024 , -0.93717812, -0.57183755</corner1><corner2>0.2522024 , 0.93717812, 0.57183755</corner2></bounds><pose><translation>-4.89421757, -0.33046663, -2.62240474</translation><rotation><c1>1., 0., 0.</c1><c2>0., 1., 0.</c2><c3>0., 0., 1.</c3></rotation></pose><symmetry><x>none</x><y>none</y><z>none</z></symmetry><detectionScore>-1</detectionScore></element><element><id>2</id><category>wall</category><bounds><corner1>-2.01372283, -1.15010693, -1.84751539</corner1><corner2>2.01372283, 1.15010693, 1.84751539</corner2></bounds><pose><translation>-1.9619889 , -0.05247418, -5.98197609</translation><rotation><c1>1., 0., 0.</c1><c2>0., 1., 0.</c2><c3>0., 0., 1.</c3></rotation></pose><symmetry><x>none</x><y>none</y><z>none</z></symmetry><detectionScore>-1</detectionScore></element><element><id>6</id><category>plant</category><bounds><corner1>-0.9785547 , -0.57911087, -1.4107447 </corner1><corner2>0.9785547 , 0.57911087, 1.4107447 </corner2></bounds><pose><translation>-0.34315662, -0.91434563,  1.74008214</translation><rotation><c1>1., 0., 0.</c1><c2>0., 1., 0.</c2><c3>0., 0., 1.</c3></rotation></pose><symmetry><x>none</x><y>none</y><z>none</z></symmetry><detectionScore>-1</detectionScore></element><element><id>14</id><category>picture_frame</category><bounds><corner1>-0.47466569, -0.4517313 , -0.05579112</corner1><corner2>0.47466569, 0.4517313 , 0.05579112</corner2></bounds><pose><translation> 1.41586841,  0.54749827, -3.34901715</translation><rotation><c1>1., 0., 0.</c1><c2>0., 1., 0.</c2><c3>0., 0., 1.</c3></rotation></pose><symmetry><x>none</x><y>none</y><z>none</z></symmetry><detectionScore>-1</detectionScore></element><element><id>3</id><category>chair</category><bounds><corner1>-0.38084259, -0.53456825, -0.32862763</corner1><corner2>0.38084259, 0.53456825, 0.32862763</corner2></bounds><pose><translation>-2.00791776, -1.44804958, -1.00744499</translation><rotation><c1>1., 0., 0.</c1><c2>0., 1., 0.</c2><c3>0., 0., 1.</c3></rotation></pose><symmetry><x>none</x><y>none</y><z>none</z></symmetry><detectionScore>-1</detectionScore></element><element><id>8</id><category>door</category><bounds><corner1>-2.14759822, -1.12839321, -2.99572823</corner1><corner2>2.14759822, 1.12839321, 2.99572823</corner2></bounds><pose><translation>-3.89656701, -0.4461922 , -6.05883298</translation><rotation><c1>1., 0., 0.</c1><c2>0., 1., 0.</c2><c3>0., 0., 1.</c3></rotation></pose><symmetry><x>none</x><y>none</y><z>none</z></symmetry><detectionScore>-1</detectionScore></element><element><id>1</id><category>door</category><bounds><corner1>-4.52487779, -1.08241535, -0.72970776</corner1><corner2>4.52487779, 1.08241535, 0.72970776</corner2></bounds><pose><translation> 3.16119079, -0.22297398, -0.57332671</translation><rotation><c1>1., 0., 0.</c1><c2>0., 1., 0.</c2><c3>0., 0., 1.</c3></rotation></pose><symmetry><x>none</x><y>none</y><z>none</z></symmetry><detectionScore>-1</detectionScore></element></elements></scene>