<?xml version='1.0' encoding='utf-8'?>
<scene xmlns:sumo="https://www.sumochallenge.org"><version>2.0</version><categories><id>fb_categories_v1_0</id><url>https://sumochallenge.org/en/categories-1_0.json</url></categories><project_type>bounding_box</project_type><elements><element><id>0</id><category>coffee_machine</category><bounds><corner1>-0.5246720263293223, -0.7961353173877231, -0.2658877729079223</corner1><corner2>0.5246720263293223, 0.7961353173877231, 0.2658877729079223</corner2></bounds><pose><translation>-1.2076568604769442, -1.004855753933331, -3.1290870415462173</translation><rotation><c1>1, 0, 0</c1><c2>0, 1, 0</c2><c3>0, 0, 1</c3></rotation></pose><symmetry><x>twoFold</x><y>cylindrical</y><z>twoFold</z></symmetry><detectionScore>-1.0</detectionScore></element><element><id>1</id><category>wall</category><bounds><corner1>-2.5614596117765136, -1.5675003864030574, -1.4008554594286666</corner1><corner2>2.5614596117765136, 1.5675003864030574, 1.4008554594286666</corner2></bounds><pose><translation>-0.21433059846594313, -0.18359284584971058, -3.8154542513024223</translation><rotation><c1>1, 0, 0</c1><c2>0, 1, 0</c2><c3>0, 0, 1</c3></rotation></pose><symmetry><x>twoFold</x><y>cylindrical</y><z>twoFold</z></symmetry><detectionScore>-1.0</detectionScore></element><element><id>2</id><category>toy</category><bounds><corner1>-0.7603321137920311, -0.553547200097817, -0.8620211825061674</corner1><corner2>0.7603321137920311, 0.553547200097817, 0.8620211825061674</corner2></bounds><pose><translation>1.6579124541431132, -1.2688446546469876, -2.359603823837755</translation><rotation><c1>1, 0, 0</c1><c2>0, 1, 0</c2><c3>0, 0, 1</c3></rotation></pose><symmetry><x>twoFold</x><y>cylindrical</y><z>twoFold</z></symmetry><detectionScore>-1.0</detectionScore></element><element><id>3</id><category>toy</category><bounds><corner1>-0.534083484610735, -0.358241628353403, -0.942912959994174</corner1><corner2>0.534083484610735, 0.358241628353403, 0.942912959994174</corner2></bounds><pose><translation>2.0204146061454322, -1.072235834292508, -0.02515111380688572</translation><rotation><c1>1, 0, 0</c1><c2>0, 1, 0</c2><c3>0, 0, 1</c3></rotation></pose><symmetry><x>twoFold</x><y>cylindrical</y><z>twoFold</z></symmetry><detectionScore>-1.0</detectionScore></element><element><id>4</id><category>toy</category><bounds><corner1>-0.09093195779250474, -0.30881559308987183, -0.6915308313309512</corner1><corner2>0.09093195779250474, 0.30881559308987183, 0.6915308313309512</corner2></bounds><pose><translation>2.4454933959966088, -1.1057247061704096, -0.09908271766632894</translation><rotation><c1>1, 0, 0</c1><c2>0, 1, 0</c2><c3>0, 0, 1</c3></rotation></pose><symmetry><x>twoFold</x><y>cylindrical</y><z>twoFold</z></symmetry><detectionScore>-1.0</detectionScore></element><element><id>5</id><category>toy</category><bounds><corner1>-0.45600328505439913, -0.21149414363984287, -0.32946470909143083</corner1><corner2>0.45600328505439913, 0.21149414363984287, 0.32946470909143083</corner2></bounds><pose><translation>2.0978815606864636, -0.9254883495789479, 0.07030435184003209</translation><rotation><c1>1, 0, 0</c1><c2>0, 1, 0</c2><c3>0, 0, 1</c3></rotation></pose><symmetry><x>twoFold</x><y>cylindrical</y><z>twoFold</z></symmetry><detectionScore>-1.0</detectionScore></element><element><id>6</id><category>toy</category><bounds><corner1>-0.31512764929855974, -0.44009729035731904, -0.5934827143855116</corner1><corner2>0.31512764929855974, 0.44009729035731904, 0.5934827143855116</corner2></bounds><pose><translation>2.214426792186376, -1.4198600493611215, 0.6518360329697256</translation><rotation><c1>1, 0, 0</c1><c2>0, 1, 0</c2><c3>0, 0, 1</c3></rotation></pose><symmetry><x>twoFold</x><y>cylindrical</y><z>twoFold</z></symmetry><detectionScore>-1.0</detectionScore></element><element><id>7</id><category>toy</category><bounds><corner1>-0.5939066425411954, -0.18702712790978526, -0.31433500940609393</corner1><corner2>0.5939066425411954, 0.18702712790978526, 0.31433500940609393</corner2></bounds><pose><translation>1.8114680287986205, -1.2943445205859705, -2.1736525757511727</translation><rotation><c1>1, 0, 0</c1><c2>0, 1, 0</c2><c3>0, 0, 1</c3></rotation></pose><symmetry><x>twoFold</x><y>cylindrical</y><z>twoFold</z></symmetry><detectionScore>-1.0</detectionScore></element><element><id>8</id><category>toy</category><bounds><corner1>-0.7191753013576889, -0.18719775609058975, -0.7473642234480646</corner1><corner2>0.7191753013576889, 0.18719775609058975, 0.7473642234480646</corner2></bounds><pose><translation>1.8042637980000262, -1.016590662636304, -0.04094818519887456</translation><rotation><c1>1, 0, 0</c1><c2>0, 1, 0</c2><c3>0, 0, 1</c3></rotation></pose><symmetry><x>twoFold</x><y>cylindrical</y><z>twoFold</z></symmetry><detectionScore>-1.0</detectionScore></element><element><id>9</id><category>gym_equipment</category><bounds><corner1>-0.7212797260822582, -1.0697612474290419, -0.47509006445459745</corner1><corner2>0.7212797260822582, 1.0697612474290419, 0.47509006445459745</corner2></bounds><pose><translation>-1.2872717919340875, -0.997137838379287, -3.160967727789486</translation><rotation><c1>1, 0, 0</c1><c2>0, 1, 0</c2><c3>0, 0, 1</c3></rotation></pose><symmetry><x>twoFold</x><y>cylindrical</y><z>twoFold</z></symmetry><detectionScore>-1.0</detectionScore></element><element><id>10</id><category>toy</category><bounds><corner1>-0.6741153425818129, -0.2916574407622864, -0.4429806125145104</corner1><corner2>0.6741153425818129, 0.2916574407622864, 0.4429806125145104</corner2></bounds><pose><translation>1.857475090167173, -0.9880565417545366, -0.9970364191511915</translation><rotation><c1>1, 0, 0</c1><c2>0, 1, 0</c2><c3>0, 0, 1</c3></rotation></pose><symmetry><x>twoFold</x><y>cylindrical</y><z>twoFold</z></symmetry><detectionScore>-1.0</detectionScore></element><element><id>11</id><category>fireplace</category><bounds><corner1>-2.476423008852428, -0.6589581334461259, -2.0112352754873952</corner1><corner2>2.476423008852428, 0.6589581334461259, 2.0112352754873952</corner2></bounds><pose><translation>-4.636228027740053, -0.9406629472645541, -3.143950079775316</translation><rotation><c1>1, 0, 0</c1><c2>0, 1, 0</c2><c3>0, 0, 1</c3></rotation></pose><symmetry><x>twoFold</x><y>cylindrical</y><z>twoFold</z></symmetry><detectionScore>-1.0</detectionScore></element><element><id>12</id><category>toy</category><bounds><corner1>-0.10792915504322487, -0.37401049641330764, -0.6497138577755499</corner1><corner2>0.10792915504322487, 0.37401049641330764, 0.6497138577755499</corner2></bounds><pose><translation>2.426409749706026, -1.1767812434131277, 0.4429308183141461</translation><rotation><c1>1, 0, 0</c1><c2>0, 1, 0</c2><c3>0, 0, 1</c3></rotation></pose><symmetry><x>twoFold</x><y>cylindrical</y><z>twoFold</z></symmetry><detectionScore>-1.0</detectionScore></element><element><id>13</id><category>atm</category><bounds><corner1>-0.7186559407629238, -0.840075873887048, -0.3174344946836003</corner1><corner2>0.7186559407629238, 0.840075873887048, 0.3174344946836003</corner2></bounds><pose><translation>-1.2174348861235842, -1.1461527935407363, -3.1524080396998673</translation><rotation><c1>1, 0, 0</c1><c2>0, 1, 0</c2><c3>0, 0, 1</c3></rotation></pose><symmetry><x>twoFold</x><y>cylindrical</y><z>twoFold</z></symmetry><detectionScore>-1.0</detectionScore></element><element><id>14</id><category>desk</category><bounds><corner1>-2.4263514059158795, -0.6361658185887589, -1.968970167342882</corner1><corner2>2.4263514059158795, 0.6361658185887589, 1.968970167342882</corner2></bounds><pose><translation>-4.733853591367226, -0.9690156704600679, -3.128821871341928</translation><rotation><c1>1, 0, 0</c1><c2>0, 1, 0</c2><c3>0, 0, 1</c3></rotation></pose><symmetry><x>twoFold</x><y>cylindrical</y><z>twoFold</z></symmetry><detectionScore>-1.0</detectionScore></element><element><id>15</id><category>toy</category><bounds><corner1>-0.7802904959471617, -0.8206870459311078, -0.6788871585432763</corner1><corner2>0.7802904959471617, 0.8206870459311078, 0.6788871585432763</corner2></bounds><pose><translation>1.6071103678045657, -1.1218414286061569, -2.711843545090603</translation><rotation><c1>1, 0, 0</c1><c2>0, 1, 0</c2><c3>0, 0, 1</c3></rotation></pose><symmetry><x>twoFold</x><y>cylindrical</y><z>twoFold</z></symmetry><detectionScore>-1.0</detectionScore></element><element><id>16</id><category>piano</category><bounds><corner1>-4.439650229950936, -0.6016863433527779, -2.275475871088929</corner1><corner2>4.439650229950936, 0.6016863433527779, 2.275475871088929</corner2></bounds><pose><translation>-7.135050673107736, -0.8187472801916106, -2.9872350756096546</translation><rotation><c1>1, 0, 0</c1><c2>0, 1, 0</c2><c3>0, 0, 1</c3></rotation></pose><symmetry><x>twoFold</x><y>cylindrical</y><z>twoFold</z></symmetry><detectionScore>-1.0</detectionScore></element><element><id>17</id><category>coffee_machine</category><bounds><corner1>-2.416342087129826, -0.715982505139248, -1.9823517056255933</corner1><corner2>2.416342087129826, 0.715982505139248, 1.9823517056255933</corner2></bounds><pose><translation>-4.664118078993022, -0.8792495904533324, -3.210636163056348</translation><rotation><c1>1, 0, 0</c1><c2>0, 1, 0</c2><c3>0, 0, 1</c3></rotation></pose><symmetry><x>twoFold</x><y>cylindrical</y><z>twoFold</z></symmetry><detectionScore>-1.0</detectionScore></element><element><id>18</id><category>plant</category><bounds><corner1>-0.2815535667341571, -1.1203151342498887, -0.3038286839769113</corner1><corner2>0.2815535667341571, 1.1203151342498887, 0.3038286839769113</corner2></bounds><pose><translation>2.236688839471829, -0.9168845213780012, 1.7110406784588434</translation><rotation><c1>1, 0, 0</c1><c2>0, 1, 0</c2><c3>0, 0, 1</c3></rotation></pose><symmetry><x>twoFold</x><y>cylindrical</y><z>twoFold</z></symmetry><detectionScore>-1.0</detectionScore></element><element><id>19</id><category>plant</category><bounds><corner1>-0.6205256734408326, -1.0524950438737148, -1.1372070093180162</corner1><corner2>0.6205256734408326, 1.0524950438737148, 1.1372070093180162</corner2></bounds><pose><translation>1.7469407546973792, -0.8132873685121833, -3.404240927596125</translation><rotation><c1>1, 0, 0</c1><c2>0, 1, 0</c2><c3>0, 0, 1</c3></rotation></pose><symmetry><x>twoFold</x><y>cylindrical</y><z>twoFold</z></symmetry><detectionScore>-1.0</detectionScore></element><element><id>20</id><category>computer</category><bounds><corner1>-2.5536409869204895, -0.67780852751172, -2.0573940055486024</corner1><corner2>2.5536409869204895, 0.67780852751172, 2.0573940055486024</corner2></bounds><pose><translation>-4.5960113605853605, -0.893611152703004, -3.161718488203851</translation><rotation><c1>1, 0, 0</c1><c2>0, 1, 0</c2><c3>0, 0, 1</c3></rotation></pose><symmetry><x>twoFold</x><y>cylindrical</y><z>twoFold</z></symmetry><detectionScore>-1.0</detectionScore></element><element><id>21</id><category>armchair</category><bounds><corner1>-0.7876661882427294, -0.3278626450567891, -0.4957204059253333</corner1><corner2>0.7876661882427294, 0.3278626450567891, 0.4957204059253333</corner2></bounds><pose><translation>1.739184423677705, -1.0242617460490393, -1.0267239778732529</translation><rotation><c1>1, 0, 0</c1><c2>0, 1, 0</c2><c3>0, 0, 1</c3></rotation></pose><symmetry><x>twoFold</x><y>cylindrical</y><z>twoFold</z></symmetry><detectionScore>-1.0</detectionScore></element><element><id>22</id><category>atm</category><bounds><corner1>-2.55117181428549, -0.7328028289191997, -2.1375451747149325</corner1><corner2>2.55117181428549, 0.7328028289191997, 2.1375451747149325</corner2></bounds><pose><translation>-4.61096875124426, -0.8599009509135409, -3.2300884635644014</translation><rotation><c1>1, 0, 0</c1><c2>0, 1, 0</c2><c3>0, 0, 1</c3></rotation></pose><symmetry><x>twoFold</x><y>cylindrical</y><z>twoFold</z></symmetry><detectionScore>-1.0</detectionScore></element><element><id>23</id><category>desk</category><bounds><corner1>-4.282942268277507, -0.5498315105285377, -2.2935205190168273</corner1><corner2>4.282942268277507, 0.5498315105285377, 2.2935205190168273</corner2></bounds><pose><translation>-7.1262965265504254, -0.8225037845753945, -3.025942320994294</translation><rotation><c1>1, 0, 0</c1><c2>0, 1, 0</c2><c3>0, 0, 1</c3></rotation></pose><symmetry><x>twoFold</x><y>cylindrical</y><z>twoFold</z></symmetry><detectionScore>-1.0</detectionScore></element><element><id>24</id><category>stereo_set</category><bounds><corner1>-2.139842120218418, -0.6538955163877034, -1.893019546701686</corner1><corner2>2.139842120218418, 0.6538955163877034, 1.893019546701686</corner2></bounds><pose><translation>-4.874331895695206, -0.769374502343146, -3.262934834611444</translation><rotation><c1>1, 0, 0</c1><c2>0, 1, 0</c2><c3>0, 0, 1</c3></rotation></pose><symmetry><x>twoFold</x><y>cylindrical</y><z>twoFold</z></symmetry><detectionScore>-1.0</detectionScore></element><element><id>25</id><category>toy</category><bounds><corner1>-0.5851793588156424, -0.2108056599796011, -0.21483746191152686</corner1><corner2>0.5851793588156424, 0.2108056599796011, 0.21483746191152686</corner2></bounds><pose><translation>1.935877538652034, -0.9072047609718513, -1.0053735561839978</translation><rotation><c1>1, 0, 0</c1><c2>0, 1, 0</c2><c3>0, 0, 1</c3></rotation></pose><symmetry><x>twoFold</x><y>cylindrical</y><z>twoFold</z></symmetry><detectionScore>-1.0</detectionScore></element><element><id>26</id><category>office_chair</category><bounds><corner1>-4.2367629021796365, -0.6342030688256488, -0.37107385077669397</corner1><corner2>4.2367629021796365, 0.6342030688256488, 0.37107385077669397</corner2></bounds><pose><translation>-6.760411824462082, -1.084549358913372, 1.4258057802483286</translation><rotation><c1>1, 0, 0</c1><c2>0, 1, 0</c2><c3>0, 0, 1</c3></rotation></pose><symmetry><x>twoFold</x><y>cylindrical</y><z>twoFold</z></symmetry><detectionScore>-1.0</detectionScore></element><element><id>27</id><category>pillow</category><bounds><corner1>-0.6706462572639014, -0.15840615661201796, -0.3809464309196229</corner1><corner2>0.6706462572639014, 0.15840615661201796, 0.3809464309196229</corner2></bounds><pose><translation>1.7840212912848368, -0.9517478160767374, -1.2147156476500867</translation><rotation><c1>1, 0, 0</c1><c2>0, 1, 0</c2><c3>0, 0, 1</c3></rotation></pose><symmetry><x>twoFold</x><y>cylindrical</y><z>twoFold</z></symmetry><detectionScore>-1.0</detectionScore></element><element><id>28</id><category>wall</category><bounds><corner1>-7.344692043987537, -1.5351966724801906, -2.6529530903129688</corner1><corner2>7.344692043987537, 1.5351966724801906, 2.6529530903129688</corner2></bounds><pose><translation>-15.160683438051482, -0.2823800660558654, -0.929989839777507</translation><rotation><c1>1, 0, 0</c1><c2>0, 1, 0</c2><c3>0, 0, 1</c3></rotation></pose><symmetry><x>twoFold</x><y>cylindrical</y><z>twoFold</z></symmetry><detectionScore>-1.0</detectionScore></element><element><id>29</id><category>office_chair</category><bounds><corner1>-3.600490675666334, -0.6572535727927511, -1.981520548447141</corner1><corner2>3.600490675666334, 0.6572535727927511, 1.981520548447141</corner2></bounds><pose><translation>-6.139372626725788, -0.9075401015254074, -3.1031828376998645</translation><rotation><c1>1, 0, 0</c1><c2>0, 1, 0</c2><c3>0, 0, 1</c3></rotation></pose><symmetry><x>twoFold</x><y>cylindrical</y><z>twoFold</z></symmetry><detectionScore>-1.0</detectionScore></element></elements></scene>