<?xml version='1.0' encoding='utf-8'?>
<scene xmlns:sumo="https://www.sumochallenge.org"><version>2.0</version><categories><id>fb_categories_v1_0</id><url>https://sumochallenge.org/en/categories-1_0.json</url></categories><project_type>bounding_box</project_type><elements><element><id>0</id><category>chair</category><bounds><corner1>-1.5415695789481365, -0.2158909155796392, -1.8917984453595151</corner1><corner2>1.5415695789481365, 0.2158909155796392, 1.8917984453595151</corner2></bounds><pose><translation>6.319827919012268, -0.6888097066713665, 5.253852913690936</translation><rotation><c1>1, 0, 0</c1><c2>0, 1, 0</c2><c3>0, 0, 1</c3></rotation></pose><symmetry><x>twoFold</x><y>cylindrical</y><z>twoFold</z></symmetry><detectionScore>-1.0</detectionScore></element><element><id>1</id><category>kitchen_cabinet</category><bounds><corner1>-3.0193020448538155, -1.7040444338274958, -1.851886880378505</corner1><corner2>3.0193020448538155, 1.7040444338274958, 1.851886880378505</corner2></bounds><pose><translation>4.928973676574734, -0.3258045994651766, -0.07787676183056752</translation><rotation><c1>1, 0, 0</c1><c2>0, 1, 0</c2><c3>0, 0, 1</c3></rotation></pose><symmetry><x>twoFold</x><y>cylindrical</y><z>twoFold</z></symmetry><detectionScore>-1.0</detectionScore></element><element><id>2</id><category>chair</category><bounds><corner1>-4.531223716127603, -0.39466918322662387, -4.416458180293668</corner1><corner2>4.531223716127603, 0.39466918322662387, 4.416458180293668</corner2></bounds><pose><translation>3.29686533031464, -0.8692539777723083, 2.95931853456792</translation><rotation><c1>1, 0, 0</c1><c2>0, 1, 0</c2><c3>0, 0, 1</c3></rotation></pose><symmetry><x>twoFold</x><y>cylindrical</y><z>twoFold</z></symmetry><detectionScore>-1.0</detectionScore></element><element><id>3</id><category>water_dispenser</category><bounds><corner1>-0.7904099636947164, -0.46486595941454867, -1.204008629639957</corner1><corner2>0.7904099636947164, 0.46486595941454867, 1.204008629639957</corner2></bounds><pose><translation>6.999489974386298, -0.5579732719277053, 7.513969248636848</translation><rotation><c1>1, 0, 0</c1><c2>0, 1, 0</c2><c3>0, 0, 1</c3></rotation></pose><symmetry><x>twoFold</x><y>cylindrical</y><z>twoFold</z></symmetry><detectionScore>-1.0</detectionScore></element><element><id>4</id><category>kitchen_cabinet</category><bounds><corner1>-4.099781829921607, -0.6042564828664512, -1.0490003785626838</corner1><corner2>4.099781829921607, 0.6042564828664512, 1.0490003785626838</corner2></bounds><pose><translation>3.1981857074166458, -1.062533790520405, -0.2393671092446578</translation><rotation><c1>1, 0, 0</c1><c2>0, 1, 0</c2><c3>0, 0, 1</c3></rotation></pose><symmetry><x>twoFold</x><y>cylindrical</y><z>twoFold</z></symmetry><detectionScore>-1.0</detectionScore></element><element><id>5</id><category>mirror</category><bounds><corner1>-0.5685658712938704, -0.6035662717402349, -1.9531321400048132</corner1><corner2>0.5685658712938704, 0.6035662717402349, 1.9531321400048132</corner2></bounds><pose><translation>7.227196056632262, -0.023609235265521483, 8.160827375258318</translation><rotation><c1>1, 0, 0</c1><c2>0, 1, 0</c2><c3>0, 0, 1</c3></rotation></pose><symmetry><x>twoFold</x><y>cylindrical</y><z>twoFold</z></symmetry><detectionScore>-1.0</detectionScore></element><element><id>6</id><category>wall</category><bounds><corner1>-0.686367612497949, -1.4905406477204888, -2.8914856388688777</corner1><corner2>0.686367612497949, 1.4905406477204888, 2.8914856388688777</corner2></bounds><pose><translation>-5.283193042610368, -0.15580814163611814, 0.036127591746623076</translation><rotation><c1>1, 0, 0</c1><c2>0, 1, 0</c2><c3>0, 0, 1</c3></rotation></pose><symmetry><x>twoFold</x><y>cylindrical</y><z>twoFold</z></symmetry><detectionScore>-1.0</detectionScore></element><element><id>7</id><category>armchair</category><bounds><corner1>-1.280768092398358, -0.7823722968112256, -11.336095901425221</corner1><corner2>1.280768092398358, 0.7823722968112256, 11.336095901425221</corner2></bounds><pose><translation>-1.9898156592605396, -1.2351936307314462, 4.972051860227076</translation><rotation><c1>1, 0, 0</c1><c2>0, 1, 0</c2><c3>0, 0, 1</c3></rotation></pose><symmetry><x>twoFold</x><y>cylindrical</y><z>twoFold</z></symmetry><detectionScore>-1.0</detectionScore></element><element><id>8</id><category>refrigerator</category><bounds><corner1>-0.7756267877669147, -1.029715108552936, -1.8024855333711045</corner1><corner2>0.7756267877669147, 1.029715108552936, 1.8024855333711045</corner2></bounds><pose><translation>7.022658372558102, -0.43586059169577124, 7.9029395099707855</translation><rotation><c1>1, 0, 0</c1><c2>0, 1, 0</c2><c3>0, 0, 1</c3></rotation></pose><symmetry><x>twoFold</x><y>cylindrical</y><z>twoFold</z></symmetry><detectionScore>-1.0</detectionScore></element><element><id>9</id><category>dining_table</category><bounds><corner1>-3.431731533658801, -0.6440071027764729, -7.859770370939596</corner1><corner2>3.431731533658801, 0.6440071027764729, 7.859770370939596</corner2></bounds><pose><translation>4.3229928982566195, -1.1339845218185771, 5.953913684733808</translation><rotation><c1>1, 0, 0</c1><c2>0, 1, 0</c2><c3>0, 0, 1</c3></rotation></pose><symmetry><x>twoFold</x><y>cylindrical</y><z>twoFold</z></symmetry><detectionScore>-1.0</detectionScore></element><element><id>10</id><category>wall</category><bounds><corner1>-0.28470607585289276, -1.3145193139522025, -5.659088993397729</corner1><corner2>0.28470607585289276, 1.3145193139522025, 5.659088993397729</corner2></bounds><pose><translation>7.500373049050848, -0.0534214504161646, 10.643926886760289</translation><rotation><c1>1, 0, 0</c1><c2>0, 1, 0</c2><c3>0, 0, 1</c3></rotation></pose><symmetry><x>twoFold</x><y>cylindrical</y><z>twoFold</z></symmetry><detectionScore>-1.0</detectionScore></element><element><id>11</id><category>armchair</category><bounds><corner1>-0.7798197727147766, -0.7619779105540214, -11.341774626133793</corner1><corner2>0.7798197727147766, 0.7619779105540214, 11.341774626133793</corner2></bounds><pose><translation>-0.44784695871537483, -1.233963457352047, 3.560467585653368</translation><rotation><c1>1, 0, 0</c1><c2>0, 1, 0</c2><c3>0, 0, 1</c3></rotation></pose><symmetry><x>twoFold</x><y>cylindrical</y><z>twoFold</z></symmetry><detectionScore>-1.0</detectionScore></element><element><id>12</id><category>kitchen_cabinet</category><bounds><corner1>-4.215298588653777, -0.9698468632997397, -0.842945130127521</corner1><corner2>4.215298588653777, 0.9698468632997397, 0.842945130127521</corner2></bounds><pose><translation>3.71588608079021, -0.6371988073203881, -1.6348062400947634</translation><rotation><c1>1, 0, 0</c1><c2>0, 1, 0</c2><c3>0, 0, 1</c3></rotation></pose><symmetry><x>twoFold</x><y>cylindrical</y><z>twoFold</z></symmetry><detectionScore>-1.0</detectionScore></element><element><id>13</id><category>chair</category><bounds><corner1>-2.924863896328059, -0.5282921650692889, -5.345792402296798</corner1><corner2>2.924863896328059, 0.5282921650692889, 5.345792402296798</corner2></bounds><pose><translation>4.829860535587361, -0.9614478251379168, 5.689779556616099</translation><rotation><c1>1, 0, 0</c1><c2>0, 1, 0</c2><c3>0, 0, 1</c3></rotation></pose><symmetry><x>twoFold</x><y>cylindrical</y><z>twoFold</z></symmetry><detectionScore>-1.0</detectionScore></element><element><id>14</id><category>chair</category><bounds><corner1>-0.86431641057876, -0.4441514222817543, -1.4145540994193224</corner1><corner2>0.86431641057876, 0.4441514222817543, 1.4145540994193224</corner2></bounds><pose><translation>6.925337933014316, -0.6210781597570667, 7.342440268969425</translation><rotation><c1>1, 0, 0</c1><c2>0, 1, 0</c2><c3>0, 0, 1</c3></rotation></pose><symmetry><x>twoFold</x><y>cylindrical</y><z>twoFold</z></symmetry><detectionScore>-1.0</detectionScore></element><element><id>15</id><category>washer</category><bounds><corner1>-0.6151972850143435, -0.5308978712011296, -0.10880072491172088</corner1><corner2>0.6151972850143435, 0.5308978712011296, 0.10880072491172088</corner2></bounds><pose><translation>-1.1844470378860847, -1.180851462280364, -2.191552615241838</translation><rotation><c1>1, 0, 0</c1><c2>0, 1, 0</c2><c3>0, 0, 1</c3></rotation></pose><symmetry><x>twoFold</x><y>cylindrical</y><z>twoFold</z></symmetry><detectionScore>-1.0</detectionScore></element><element><id>16</id><category>chair</category><bounds><corner1>-3.5803367062852978, -0.5829247631139164, -5.87265572283354</corner1><corner2>3.5803367062852978, 0.5829247631139164, 5.87265572283354</corner2></bounds><pose><translation>4.1654121961708075, -1.0978815023171704, 5.944628934404366</translation><rotation><c1>1, 0, 0</c1><c2>0, 1, 0</c2><c3>0, 0, 1</c3></rotation></pose><symmetry><x>twoFold</x><y>cylindrical</y><z>twoFold</z></symmetry><detectionScore>-1.0</detectionScore></element><element><id>17</id><category>kitchen_cabinet</category><bounds><corner1>-4.476542731043341, -1.2407531366488664, -5.42190810629141</corner1><corner2>4.476542731043341, 1.2407531366488664, 5.42190810629141</corner2></bounds><pose><translation>3.4717329903852088, 0.23850678081531637, 0.6202698348519299</translation><rotation><c1>1, 0, 0</c1><c2>0, 1, 0</c2><c3>0, 0, 1</c3></rotation></pose><symmetry><x>twoFold</x><y>cylindrical</y><z>twoFold</z></symmetry><detectionScore>-1.0</detectionScore></element><element><id>18</id><category>door</category><bounds><corner1>-0.7486625379631002, -1.1349243975926757, -1.9798479352977267</corner1><corner2>0.7486625379631002, 1.1349243975926757, 1.9798479352977267</corner2></bounds><pose><translation>7.049622622361917, -0.37534096113306276, 7.910894409117317</translation><rotation><c1>1, 0, 0</c1><c2>0, 1, 0</c2><c3>0, 0, 1</c3></rotation></pose><symmetry><x>twoFold</x><y>cylindrical</y><z>twoFold</z></symmetry><detectionScore>-1.0</detectionScore></element><element><id>19</id><category>chair</category><bounds><corner1>-2.2518404948974027, -0.39927718881615726, -2.397708347165544</corner1><corner2>2.2518404948974027, 0.39927718881615726, 2.397708347165544</corner2></bounds><pose><translation>5.4159404943864535, -0.8787985920268502, 5.700306040967305</translation><rotation><c1>1, 0, 0</c1><c2>0, 1, 0</c2><c3>0, 0, 1</c3></rotation></pose><symmetry><x>twoFold</x><y>cylindrical</y><z>twoFold</z></symmetry><detectionScore>-1.0</detectionScore></element><element><id>20</id><category>door</category><bounds><corner1>-0.6775481052483752, -1.8426332418296711, -1.2871593515828619</corner1><corner2>0.6775481052483752, 1.8426332418296711, 1.2871593515828619</corner2></bounds><pose><translation>-5.219238274870533, -0.5820744398036933, -0.024739453064597395</translation><rotation><c1>1, 0, 0</c1><c2>0, 1, 0</c2><c3>0, 0, 1</c3></rotation></pose><symmetry><x>twoFold</x><y>cylindrical</y><z>twoFold</z></symmetry><detectionScore>-1.0</detectionScore></element><element><id>21</id><category>wall</category><bounds><corner1>-2.832166700714467, -1.3526510872949986, -4.879381576226137</corner1><corner2>2.832166700714467, 1.3526510872949986, 4.879381576226137</corner2></bounds><pose><translation>-4.8060251973033035, -0.0998463650940508, 11.474741367779849</translation><rotation><c1>1, 0, 0</c1><c2>0, 1, 0</c2><c3>0, 0, 1</c3></rotation></pose><symmetry><x>twoFold</x><y>cylindrical</y><z>twoFold</z></symmetry><detectionScore>-1.0</detectionScore></element><element><id>22</id><category>fish_tank</category><bounds><corner1>-4.247212719905525, -1.1176817371530348, -0.82442866632546</corner1><corner2>4.247212719905525, 1.1176817371530348, 0.82442866632546</corner2></bounds><pose><translation>3.6839719495384626, -0.7539806481919578, -1.6228152220923318</translation><rotation><c1>1, 0, 0</c1><c2>0, 1, 0</c2><c3>0, 0, 1</c3></rotation></pose><symmetry><x>twoFold</x><y>cylindrical</y><z>twoFold</z></symmetry><detectionScore>-1.0</detectionScore></element><element><id>23</id><category>ironing_board</category><bounds><corner1>-1.24759086519934, -0.7820287416788715, -0.6528132342092929</corner1><corner2>1.24759086519934, 0.7820287416788715, 0.6528132342092929</corner2></bounds><pose><translation>0.5196193710938515, -1.522052255782672, -2.7632990678588203</translation><rotation><c1>1, 0, 0</c1><c2>0, 1, 0</c2><c3>0, 0, 1</c3></rotation></pose><symmetry><x>twoFold</x><y>cylindrical</y><z>twoFold</z></symmetry><detectionScore>-1.0</detectionScore></element><element><id>24</id><category>door</category><bounds><corner1>-2.8042313848320046, -1.3564051634615073, -2.8995320787936567</corner1><corner2>2.8042313848320046, 1.3564051634615073, 2.8995320787936567</corner2></bounds><pose><translation>-4.902831814230917, -0.4013161350383836, 8.507567782488678</translation><rotation><c1>1, 0, 0</c1><c2>0, 1, 0</c2><c3>0, 0, 1</c3></rotation></pose><symmetry><x>twoFold</x><y>cylindrical</y><z>twoFold</z></symmetry><detectionScore>-1.0</detectionScore></element><element><id>25</id><category>refrigerator</category><bounds><corner1>-4.242471363299103, -1.053439435829142, -0.7731638154038096</corner1><corner2>4.242471363299103, 1.053439435829142, 0.7731638154038096</corner2></bounds><pose><translation>3.68734893638393, -0.658824592962266, -1.608287153746494</translation><rotation><c1>1, 0, 0</c1><c2>0, 1, 0</c2><c3>0, 0, 1</c3></rotation></pose><symmetry><x>twoFold</x><y>cylindrical</y><z>twoFold</z></symmetry><detectionScore>-1.0</detectionScore></element><element><id>26</id><category>wall</category><bounds><corner1>-3.5272590595406914, -1.5892098060203794, -1.0631601240260096</corner1><corner2>3.5272590595406914, 1.5892098060203794, 1.0631601240260096</corner2></bounds><pose><translation>4.394304777479551, -0.24668148851757962, -2.066712181603096</translation><rotation><c1>1, 0, 0</c1><c2>0, 1, 0</c2><c3>0, 0, 1</c3></rotation></pose><symmetry><x>twoFold</x><y>cylindrical</y><z>twoFold</z></symmetry><detectionScore>-1.0</detectionScore></element><element><id>27</id><category>wall</category><bounds><corner1>-3.013024742756781, -1.3717330534520435, -4.84426314173845</corner1><corner2>3.013024742756781, 1.3717330534520435, 4.84426314173845</corner2></bounds><pose><translation>-5.05863364854273, -0.10658278470614782, 8.167634624829581</translation><rotation><c1>1, 0, 0</c1><c2>0, 1, 0</c2><c3>0, 0, 1</c3></rotation></pose><symmetry><x>twoFold</x><y>cylindrical</y><z>twoFold</z></symmetry><detectionScore>-1.0</detectionScore></element><element><id>28</id><category>kitchen_cabinet</category><bounds><corner1>-4.728257171431305, -0.47391309827509176, -4.737794510294528</corner1><corner2>4.728257171431305, 0.47391309827509176, 4.737794510294528</corner2></bounds><pose><translation>3.129278732381076, -1.0766470062054798, 2.2949556856720927</translation><rotation><c1>1, 0, 0</c1><c2>0, 1, 0</c2><c3>0, 0, 1</c3></rotation></pose><symmetry><x>twoFold</x><y>cylindrical</y><z>twoFold</z></symmetry><detectionScore>-1.0</detectionScore></element><element><id>29</id><category>kitchen_cabinet</category><bounds><corner1>-0.6189351323222807, -0.4714226304245063, -1.0057414276209784</corner1><corner2>0.6189351323222807, 0.4714226304245063, 1.0057414276209784</corner2></bounds><pose><translation>3.1707185490656395, -1.0949967491151724, 1.1740082256271587</translation><rotation><c1>1, 0, 0</c1><c2>0, 1, 0</c2><c3>0, 0, 1</c3></rotation></pose><symmetry><x>twoFold</x><y>cylindrical</y><z>twoFold</z></symmetry><detectionScore>-1.0</detectionScore></element><element><id>30</id><category>sofa</category><bounds><corner1>-3.636210645570669, -0.7090222401619231, -10.874851444814457</corner1><corner2>3.636210645570669, 0.7090222401619231, 10.874851444814457</corner2></bounds><pose><translation>1.628500987487531, -1.1501838990104412, 5.438905835866695</translation><rotation><c1>1, 0, 0</c1><c2>0, 1, 0</c2><c3>0, 0, 1</c3></rotation></pose><symmetry><x>twoFold</x><y>cylindrical</y><z>twoFold</z></symmetry><detectionScore>-1.0</detectionScore></element><element><id>31</id><category>partition</category><bounds><corner1>-4.205370244192687, -1.5122319400690394, -0.8190054543847048</corner1><corner2>4.205370244192687, 1.5122319400690394, 0.8190054543847048</corner2></bounds><pose><translation>3.7244500554903457, -0.6534840615851685, -1.6534020450973184</translation><rotation><c1>1, 0, 0</c1><c2>0, 1, 0</c2><c3>0, 0, 1</c3></rotation></pose><symmetry><x>twoFold</x><y>cylindrical</y><z>twoFold</z></symmetry><detectionScore>-1.0</detectionScore></element><element><id>32</id><category>wall</category><bounds><corner1>-6.647872086663867, -1.3383072843098076, -1.1268000134385208</corner1><corner2>6.647872086663867, 1.3383072843098076, 1.1268000134385208</corner2></bounds><pose><translation>1.0182286734862218, -0.1415000528626267, 15.981248211743265</translation><rotation><c1>1, 0, 0</c1><c2>0, 1, 0</c2><c3>0, 0, 1</c3></rotation></pose><symmetry><x>twoFold</x><y>cylindrical</y><z>twoFold</z></symmetry><detectionScore>-1.0</detectionScore></element><element><id>33</id><category>armchair</category><bounds><corner1>-3.080952343776365, -0.695645294504448, -11.187118189970217</corner1><corner2>3.080952343776365, 0.695645294504448, 11.187118189970217</corner2></bounds><pose><translation>1.5017348380284496, -1.136806953352966, 5.102968356168867</translation><rotation><c1>1, 0, 0</c1><c2>0, 1, 0</c2><c3>0, 0, 1</c3></rotation></pose><symmetry><x>twoFold</x><y>cylindrical</y><z>twoFold</z></symmetry><detectionScore>-1.0</detectionScore></element><element><id>34</id><category>wall</category><bounds><corner1>-0.32816753400849663, -1.421351423167793, -5.127178499063009</corner1><corner2>0.32816753400849663, 1.421351423167793, 5.127178499063009</corner2></bounds><pose><translation>7.620108187420053, -0.1283032344348161, 2.050309925271895</translation><rotation><c1>1, 0, 0</c1><c2>0, 1, 0</c2><c3>0, 0, 1</c3></rotation></pose><symmetry><x>twoFold</x><y>cylindrical</y><z>twoFold</z></symmetry><detectionScore>-1.0</detectionScore></element><element><id>35</id><category>hanging_kitchen_cabinet</category><bounds><corner1>-0.44534392160800085, -0.6086172477314902, -1.964650125843269</corner1><corner2>0.44534392160800085, 0.6086172477314902, 1.964650125843269</corner2></bounds><pose><translation>7.46125645013302, 0.340285623865428, 4.75748896443125</translation><rotation><c1>1, 0, 0</c1><c2>0, 1, 0</c2><c3>0, 0, 1</c3></rotation></pose><symmetry><x>twoFold</x><y>cylindrical</y><z>twoFold</z></symmetry><detectionScore>-1.0</detectionScore></element><element><id>36</id><category>sofa</category><bounds><corner1>-1.6967917364353207, -1.0299097256235636, -12.116307823397953</corner1><corner2>1.6967917364353207, 1.0299097256235636, 12.116307823397953</corner2></bounds><pose><translation>-1.6967917364353207, -1.0299097256235636, 4.919803158246746</translation><rotation><c1>1, 0, 0</c1><c2>0, 1, 0</c2><c3>0, 0, 1</c3></rotation></pose><symmetry><x>twoFold</x><y>cylindrical</y><z>twoFold</z></symmetry><detectionScore>-1.0</detectionScore></element><element><id>37</id><category>kitchen_cabinet</category><bounds><corner1>-1.4749214755493227, -0.20926293530722712, -1.855185824871656</corner1><corner2>1.4749214755493227, 0.20926293530722712, 1.855185824871656</corner2></bounds><pose><translation>6.386476022411082, -0.6821817263989545, 5.290465534178796</translation><rotation><c1>1, 0, 0</c1><c2>0, 1, 0</c2><c3>0, 0, 1</c3></rotation></pose><symmetry><x>twoFold</x><y>cylindrical</y><z>twoFold</z></symmetry><detectionScore>-1.0</detectionScore></element></elements></scene>