<?xml version='1.0' encoding='utf-8'?>
<scene xmlns:sumo="https://www.sumochallenge.org"><version>2.0</version><categories><id>fb_categories_v1.0</id><url>https://sumochallenge.org/en/categories-1_0.json</url></categories><project_type>bounding_box</project_type><elements><element><id>25</id><category>shelving</category><bounds><corner1> 1.17702694, -0.4499512 ,  0.47332761</corner1><corner2>2.34787618, 0.85957267, 0.94444617</corner2></bounds><pose><translation>0., 0., 0.</translation><rotation><c1>1., 0., 0.</c1><c2>0., 1., 0.</c2><c3>0., 0., 1.</c3></rotation></pose><symmetry><x>none</x><y>none</y><z>none</z></symmetry><detectionScore>-1</detectionScore></element><element><id>18</id><category>window</category><bounds><corner1>-5.00717632, -1.34808247, -2.6054759 </corner1><corner2>0.        , 1.02332768, 0.        </corner2></bounds><pose><translation>0., 0., 0.</translation><rotation><c1>1., 0., 0.</c1><c2>0., 1., 0.</c2><c3>0., 0., 1.</c3></rotation></pose><symmetry><x>none</x><y>none</y><z>none</z></symmetry><detectionScore>-1</detectionScore></element><element><id>21</id><category>shelving</category><bounds><corner1> 1.64407572, -0.81445948, -1.26329803</corner1><corner2> 2.93121105,  0.6811727 , -0.97218678</corner2></bounds><pose><translation>0., 0., 0.</translation><rotation><c1>1., 0., 0.</c1><c2>0., 1., 0.</c2><c3>0., 0., 1.</c3></rotation></pose><symmetry><x>none</x><y>none</y><z>none</z></symmetry><detectionScore>-1</detectionScore></element><element><id>19</id><category>workplace</category><bounds><corner1>-6.35414182, -1.45660898, -1.78067048</corner1><corner2>-1.83000298, -0.12720701,  0.86250142</corner2></bounds><pose><translation>0., 0., 0.</translation><rotation><c1>1., 0., 0.</c1><c2>0., 1., 0.</c2><c3>0., 0., 1.</c3></rotation></pose><symmetry><x>none</x><y>none</y><z>none</z></symmetry><detectionScore>-1</detectionScore></element><element><id>17</id><category>mirror</category><bounds><corner1> 0.31700219, -0.29037047,  0.11521328</corner1><corner2>2.35392854, 0.83838573, 0.94284756</corner2></bounds><pose><translation>0., 0., 0.</translation><rotation><c1>1., 0., 0.</c1><c2>0., 1., 0.</c2><c3>0., 0., 1.</c3></rotation></pose><symmetry><x>none</x><y>none</y><z>none</z></symmetry><detectionScore>-1</detectionScore></element><element><id>6</id><category>coffee_table</category><bounds><corner1>-4.29039413, -1.47201626, -2.53194822</corner1><corner2>-1.89391679, -0.95132673, -0.28829581</corner2></bounds><pose><translation>0., 0., 0.</translation><rotation><c1>1., 0., 0.</c1><c2>0., 1., 0.</c2><c3>0., 0., 1.</c3></rotation></pose><symmetry><x>none</x><y>none</y><z>none</z></symmetry><detectionScore>-1</detectionScore></element><element><id>8</id><category>wall_lamp</category><bounds><corner1> 0.72261829, -0.28558653, -1.20696673</corner1><corner2> 1.13236638,  0.23703776, -1.16201545</corner2></bounds><pose><translation>0., 0., 0.</translation><rotation><c1>1., 0., 0.</c1><c2>0., 1., 0.</c2><c3>0., 0., 1.</c3></rotation></pose><symmetry><x>none</x><y>none</y><z>none</z></symmetry><detectionScore>-1</detectionScore></element><element><id>7</id><category>picture_frame</category><bounds><corner1> 0.13367387, -0.72026078, -0.96497907</corner1><corner2> 0.13878836,  0.47601925, -0.70599112</corner2></bounds><pose><translation>0., 0., 0.</translation><rotation><c1>1., 0., 0.</c1><c2>0., 1., 0.</c2><c3>0., 0., 1.</c3></rotation></pose><symmetry><x>none</x><y>none</y><z>none</z></symmetry><detectionScore>-1</detectionScore></element><element><id>16</id><category>wall</category><bounds><corner1> 0.31999948, -0.85756781, -1.18748609</corner1><corner2>2.91599934, 1.07391124, 0.75994617</corner2></bounds><pose><translation>0., 0., 0.</translation><rotation><c1>1., 0., 0.</c1><c2>0., 1., 0.</c2><c3>0., 0., 1.</c3></rotation></pose><symmetry><x>none</x><y>none</y><z>none</z></symmetry><detectionScore>-1</detectionScore></element><element><id>10</id><category>desk</category><bounds><corner1>-4.52991174, -1.45863798, -1.33851759</corner1><corner2>-1.79108496, -0.62783052,  0.6457121 </corner2></bounds><pose><translation>0., 0., 0.</translation><rotation><c1>1., 0., 0.</c1><c2>0., 1., 0.</c2><c3>0., 0., 1.</c3></rotation></pose><symmetry><x>none</x><y>none</y><z>none</z></symmetry><detectionScore>-1</detectionScore></element><element><id>26</id><category>shelving</category><bounds><corner1>-5.76821016, -1.39245896,  0.46194888</corner1><corner2>-1.20196314,  1.14634928,  0.93275418</corner2></bounds><pose><translation>0., 0., 0.</translation><rotation><c1>1., 0., 0.</c1><c2>0., 1., 0.</c2><c3>0., 0., 1.</c3></rotation></pose><symmetry><x>none</x><y>none</y><z>none</z></symmetry><detectionScore>-1</detectionScore></element><element><id>22</id><category>bathtub</category><bounds><corner1> 0.42999782, -1.34956959, -1.25589039</corner1><corner2> 2.83896609, -0.12373113,  0.03233381</corner2></bounds><pose><translation>0., 0., 0.</translation><rotation><c1>1., 0., 0.</c1><c2>0., 1., 0.</c2><c3>0., 0., 1.</c3></rotation></pose><symmetry><x>none</x><y>none</y><z>none</z></symmetry><detectionScore>-1</detectionScore></element><element><id>23</id><category>wall</category><bounds><corner1> 1.57497608, -1.29405647, -1.88870992</corner1><corner2> 2.94704291,  1.20331492, -0.74982178</corner2></bounds><pose><translation>0., 0., 0.</translation><rotation><c1>1., 0., 0.</c1><c2>0., 1., 0.</c2><c3>0., 0., 1.</c3></rotation></pose><symmetry><x>none</x><y>none</y><z>none</z></symmetry><detectionScore>-1</detectionScore></element><element><id>11</id><category>chair</category><bounds><corner1>-4.10051782, -1.4731391 ,  0.09254709</corner1><corner2>-1.20698609, -0.49237439,  0.83187676</corner2></bounds><pose><translation>0., 0., 0.</translation><rotation><c1>1., 0., 0.</c1><c2>0., 1., 0.</c2><c3>0., 0., 1.</c3></rotation></pose><symmetry><x>none</x><y>none</y><z>none</z></symmetry><detectionScore>-1</detectionScore></element><element><id>2</id><category>wall</category><bounds><corner1>-0.02571689, -0.48074404, -1.2620352 </corner1><corner2> 0.13506246,  1.13396555, -1.1699658 </corner2></bounds><pose><translation>0., 0., 0.</translation><rotation><c1>1., 0., 0.</c1><c2>0., 1., 0.</c2><c3>0., 0., 1.</c3></rotation></pose><symmetry><x>none</x><y>none</y><z>none</z></symmetry><detectionScore>-1</detectionScore></element><element><id>14</id><category>rug</category><bounds><corner1>-4.06803139, -1.47223039, -2.52563265</corner1><corner2>-1.28293931, -0.66653017, -0.33261794</corner2></bounds><pose><translation>0., 0., 0.</translation><rotation><c1>1., 0., 0.</c1><c2>0., 1., 0.</c2><c3>0., 0., 1.</c3></rotation></pose><symmetry><x>none</x><y>none</y><z>none</z></symmetry><detectionScore>-1</detectionScore></element><element><id>9</id><category>wall</category><bounds><corner1>-2.93981069, -0.71035573,  0.46159843</corner1><corner2>-0.93999396,  0.59514266,  0.87908421</corner2></bounds><pose><translation>0., 0., 0.</translation><rotation><c1>1., 0., 0.</c1><c2>0., 1., 0.</c2><c3>0., 0., 1.</c3></rotation></pose><symmetry><x>none</x><y>none</y><z>none</z></symmetry><detectionScore>-1</detectionScore></element><element><id>20</id><category>toilet</category><bounds><corner1> 0.68300639, -1.45174289, -1.25657099</corner1><corner2> 2.57391238, -0.2785982 , -0.17442962</corner2></bounds><pose><translation>0., 0., 0.</translation><rotation><c1>1., 0., 0.</c1><c2>0., 1., 0.</c2><c3>0., 0., 1.</c3></rotation></pose><symmetry><x>none</x><y>none</y><z>none</z></symmetry><detectionScore>-1</detectionScore></element><element><id>5</id><category>office_chair</category><bounds><corner1>-4.11600271, -1.47149162,  0.0733586 </corner1><corner2>-1.20703766, -0.42405692,  0.82819804</corner2></bounds><pose><translation>0., 0., 0.</translation><rotation><c1>1., 0., 0.</c1><c2>0., 1., 0.</c2><c3>0., 0., 1.</c3></rotation></pose><symmetry><x>none</x><y>none</y><z>none</z></symmetry><detectionScore>-1</detectionScore></element><element><id>24</id><category>partition</category><bounds><corner1>-6.38203442, -1.29898025, -2.50871263</corner1><corner2>-2.54699449,  1.17740454,  0.84157193</corner2></bounds><pose><translation>0., 0., 0.</translation><rotation><c1>1., 0., 0.</c1><c2>0., 1., 0.</c2><c3>0., 0., 1.</c3></rotation></pose><symmetry><x>none</x><y>none</y><z>none</z></symmetry><detectionScore>-1</detectionScore></element><element><id>12</id><category>sink</category><bounds><corner1> 0.31899831, -0.8223405 ,  0.08151823</corner1><corner2> 2.0449336 , -0.03103295,  0.94477948</corner2></bounds><pose><translation>0., 0., 0.</translation><rotation><c1>1., 0., 0.</c1><c2>0., 1., 0.</c2><c3>0., 0., 1.</c3></rotation></pose><symmetry><x>none</x><y>none</y><z>none</z></symmetry><detectionScore>-1</detectionScore></element><element><id>29</id><category>picture_frame</category><bounds><corner1>-1.02052583, -0.28194122, -1.25803649</corner1><corner2>-0.28954185,  0.31976483, -1.1620379 </corner2></bounds><pose><translation>0., 0., 0.</translation><rotation><c1>1., 0., 0.</c1><c2>0., 1., 0.</c2><c3>0., 0., 1.</c3></rotation></pose><symmetry><x>none</x><y>none</y><z>none</z></symmetry><detectionScore>-1</detectionScore></element><element><id>15</id><category>partition</category><bounds><corner1> 0.31999971, -0.97502575, -1.11395526</corner1><corner2>2.89801018, 1.17561313, 0.1186897 </corner2></bounds><pose><translation>0., 0., 0.</translation><rotation><c1>1., 0., 0.</c1><c2>0., 1., 0.</c2><c3>0., 0., 1.</c3></rotation></pose><symmetry><x>none</x><y>none</y><z>none</z></symmetry><detectionScore>-1</detectionScore></element><element><id>4</id><category>kitchen_set</category><bounds><corner1>-6.37847389, -1.34324326, -2.51596334</corner1><corner2>-2.53395891,  1.18943757,  0.82181044</corner2></bounds><pose><translation>0., 0., 0.</translation><rotation><c1>1., 0., 0.</c1><c2>0., 1., 0.</c2><c3>0., 0., 1.</c3></rotation></pose><symmetry><x>none</x><y>none</y><z>none</z></symmetry><detectionScore>-1</detectionScore></element><element><id>1</id><category>window</category><bounds><corner1> 1.48504533,  0.17558417, -2.00237108</corner1><corner2> 2.97305997,  1.2083473 , -0.93766897</corner2></bounds><pose><translation>0., 0., 0.</translation><rotation><c1>1., 0., 0.</c1><c2>0., 1., 0.</c2><c3>0., 0., 1.</c3></rotation></pose><symmetry><x>none</x><y>none</y><z>none</z></symmetry><detectionScore>-1</detectionScore></element><element><id>28</id><category>shelving</category><bounds><corner1>-6.37684343, -1.45649293, -2.51665318</corner1><corner2>-2.54898432,  1.18925417,  0.81473813</corner2></bounds><pose><translation>0., 0., 0.</translation><rotation><c1>1., 0., 0.</c1><c2>0., 1., 0.</c2><c3>0., 0., 1.</c3></rotation></pose><symmetry><x>none</x><y>none</y><z>none</z></symmetry><detectionScore>-1</detectionScore></element><element><id>3</id><category>wall</category><bounds><corner1>-6.38969581, -1.01484866, -2.50073773</corner1><corner2>-2.794985  ,  1.18990417,  0.87735912</corner2></bounds><pose><translation>0., 0., 0.</translation><rotation><c1>1., 0., 0.</c1><c2>0., 1., 0.</c2><c3>0., 0., 1.</c3></rotation></pose><symmetry><x>none</x><y>none</y><z>none</z></symmetry><detectionScore>-1</detectionScore></element><element><id>27</id><category>wall</category><bounds><corner1>0.31799811, 0.17906413, 0.10954788</corner1><corner2>2.1381115 , 1.20514542, 0.94853588</corner2></bounds><pose><translation>0., 0., 0.</translation><rotation><c1>1., 0., 0.</c1><c2>0., 1., 0.</c2><c3>0., 0., 1.</c3></rotation></pose><symmetry><x>none</x><y>none</y><z>none</z></symmetry><detectionScore>-1</detectionScore></element><element><id>13</id><category>column</category><bounds><corner1> 1.4069387 ,  0.69903339, -1.30536572</corner1><corner2> 1.58705573,  1.03429565, -1.13981417</corner2></bounds><pose><translation>0., 0., 0.</translation><rotation><c1>1., 0., 0.</c1><c2>0., 1., 0.</c2><c3>0., 0., 1.</c3></rotation></pose><symmetry><x>none</x><y>none</y><z>none</z></symmetry><detectionScore>-1</detectionScore></element></elements></scene>