<?xml version='1.0' encoding='utf-8'?>
<scene xmlns:sumo="https://www.sumochallenge.org"><version>2.0</version><categories><id>fb_categories_v1_0</id><url>https://sumochallenge.org/en/categories-1_0.json</url></categories><project_type>bounding_box</project_type><elements><element><id>0</id><category>refrigerator</category><bounds><corner1>-0.4940091560411499, -1.0693069965769784, -0.5155241877429271</corner1><corner2>0.4940091560411499, 1.0693069965769784, 0.5155241877429271</corner2></bounds><pose><translation>-7.971110036235888, -0.41116433312251355, 5.511109654726545</translation><rotation><c1>1, 0, 0</c1><c2>0, 1, 0</c2><c3>0, 0, 1</c3></rotation></pose><symmetry><x>twoFold</x><y>cylindrical</y><z>twoFold</z></symmetry><detectionScore>-1.0</detectionScore></element><element><id>1</id><category>armchair</category><bounds><corner1>-0.6752237214073117, -0.6294019678084375, -5.123840131305329</corner1><corner2>0.6752237214073117, 0.6294019678084375, 5.123840131305329</corner2></bounds><pose><translation>0.5040370589770437, -1.049385213062729, 2.9109956184546033</translation><rotation><c1>1, 0, 0</c1><c2>0, 1, 0</c2><c3>0, 0, 1</c3></rotation></pose><symmetry><x>twoFold</x><y>cylindrical</y><z>twoFold</z></symmetry><detectionScore>-1.0</detectionScore></element><element><id>2</id><category>chair</category><bounds><corner1>-0.7253783419130084, -0.07026445386763147, -7.097549015274992</corner1><corner2>0.7253783419130084, 0.07026445386763147, 7.097549015274992</corner2></bounds><pose><translation>-1.4345788703311502, -0.8191250828615859, 4.064089524161655</translation><rotation><c1>1, 0, 0</c1><c2>0, 1, 0</c2><c3>0, 0, 1</c3></rotation></pose><symmetry><x>twoFold</x><y>cylindrical</y><z>twoFold</z></symmetry><detectionScore>-1.0</detectionScore></element><element><id>3</id><category>refrigerator</category><bounds><corner1>-4.578763888101124, -1.1576076748483657, -1.2336548089839683</corner1><corner2>4.578763888101124, 1.1576076748483657, 1.2336548089839683</corner2></bounds><pose><translation>-7.762869424531417, -0.4097245948558312, 6.6514638894167115</translation><rotation><c1>1, 0, 0</c1><c2>0, 1, 0</c2><c3>0, 0, 1</c3></rotation></pose><symmetry><x>twoFold</x><y>cylindrical</y><z>twoFold</z></symmetry><detectionScore>-1.0</detectionScore></element><element><id>4</id><category>chair</category><bounds><corner1>-0.4992812840685943, -0.2043483189493598, -7.5449433382574345</corner1><corner2>0.4992812840685943, 0.2043483189493598, 7.5449433382574345</corner2></bounds><pose><translation>-0.8953401572846144, -0.816926407813425, 3.6412446126157683</translation><rotation><c1>1, 0, 0</c1><c2>0, 1, 0</c2><c3>0, 0, 1</c3></rotation></pose><symmetry><x>twoFold</x><y>cylindrical</y><z>twoFold</z></symmetry><detectionScore>-1.0</detectionScore></element><element><id>5</id><category>chair</category><bounds><corner1>-1.031580616512772, -0.3252885087329149, -8.085488118522303</corner1><corner2>1.031580616512772, 0.3252885087329149, 8.085488118522303</corner2></bounds><pose><translation>-2.1128555049620177, -0.8684552463773838, 2.969088119214887</translation><rotation><c1>1, 0, 0</c1><c2>0, 1, 0</c2><c3>0, 0, 1</c3></rotation></pose><symmetry><x>twoFold</x><y>cylindrical</y><z>twoFold</z></symmetry><detectionScore>-1.0</detectionScore></element><element><id>6</id><category>chair</category><bounds><corner1>-0.7190370905838794, -0.8874680792772496, -5.553954152885295</corner1><corner2>0.7190370905838794, 0.8874680792772496, 5.553954152885295</corner2></bounds><pose><translation>0.48039147084624845, -1.226359743548429, 2.4835526920850994</translation><rotation><c1>1, 0, 0</c1><c2>0, 1, 0</c2><c3>0, 0, 1</c3></rotation></pose><symmetry><x>twoFold</x><y>cylindrical</y><z>twoFold</z></symmetry><detectionScore>-1.0</detectionScore></element><element><id>7</id><category>kitchen_cabinet</category><bounds><corner1>-0.6012804979352016, -1.337964225884837, -2.73595148968944</corner1><corner2>0.6012804979352016, 1.337964225884837, 2.73595148968944</corner2></bounds><pose><translation>-7.772871516628266, -0.4130670022242739, 1.655483426451144</translation><rotation><c1>1, 0, 0</c1><c2>0, 1, 0</c2><c3>0, 0, 1</c3></rotation></pose><symmetry><x>twoFold</x><y>cylindrical</y><z>twoFold</z></symmetry><detectionScore>-1.0</detectionScore></element><element><id>8</id><category>kitchen_cabinet</category><bounds><corner1>-4.6691733905420705, -1.2640501004527802, -1.1775932807795693</corner1><corner2>4.6691733905420705, 1.2640501004527802, 1.1775932807795693</corner2></bounds><pose><translation>-7.853278926972365, -0.3177431397706383, 6.711869814405221</translation><rotation><c1>1, 0, 0</c1><c2>0, 1, 0</c2><c3>0, 0, 1</c3></rotation></pose><symmetry><x>twoFold</x><y>cylindrical</y><z>twoFold</z></symmetry><detectionScore>-1.0</detectionScore></element><element><id>9</id><category>chair</category><bounds><corner1>-1.6882622698179688, -0.547622954890235, -4.767500198292411</corner1><corner2>1.6882622698179688, 0.547622954890235, 4.767500198292411</corner2></bounds><pose><translation>-2.806688526818514, -1.2031040474195933, 2.1291202929882687</translation><rotation><c1>1, 0, 0</c1><c2>0, 1, 0</c2><c3>0, 0, 1</c3></rotation></pose><symmetry><x>twoFold</x><y>cylindrical</y><z>twoFold</z></symmetry><detectionScore>-1.0</detectionScore></element><element><id>10</id><category>kitchen_cabinet</category><bounds><corner1>-4.4846989354357785, -0.6323740587796403, -0.9411139937886084</corner1><corner2>4.4846989354357785, 0.6323740587796403, 0.9411139937886084</corner2></bounds><pose><translation>-7.654962268696091, -1.101632288171703, 4.758472961541261</translation><rotation><c1>1, 0, 0</c1><c2>0, 1, 0</c2><c3>0, 0, 1</c3></rotation></pose><symmetry><x>twoFold</x><y>cylindrical</y><z>twoFold</z></symmetry><detectionScore>-1.0</detectionScore></element><element><id>11</id><category>kitchen_cabinet</category><bounds><corner1>-0.49253934745389216, -1.1316860729636573, -0.5076235347650195</corner1><corner2>0.49253934745389216, 1.1316860729636573, 0.5076235347650195</corner2></bounds><pose><translation>-7.969640227648631, -0.37959196902838216, 5.519010307704453</translation><rotation><c1>1, 0, 0</c1><c2>0, 1, 0</c2><c3>0, 0, 1</c3></rotation></pose><symmetry><x>twoFold</x><y>cylindrical</y><z>twoFold</z></symmetry><detectionScore>-1.0</detectionScore></element><element><id>12</id><category>kitchen_cabinet</category><bounds><corner1>-4.700651793015537, -1.3432306774956737, -1.5897476078211223</corner1><corner2>4.700651793015537, 1.3432306774956737, 1.5897476078211223</corner2></bounds><pose><translation>-7.872931775686522, -0.4244499920503561, 4.923338305749397</translation><rotation><c1>1, 0, 0</c1><c2>0, 1, 0</c2><c3>0, 0, 1</c3></rotation></pose><symmetry><x>twoFold</x><y>cylindrical</y><z>twoFold</z></symmetry><detectionScore>-1.0</detectionScore></element><element><id>13</id><category>wall</category><bounds><corner1>-1.2051820791646355, -1.3962703041819091, -0.15957402198417459</corner1><corner2>1.2051820791646355, 1.3962703041819091, 0.15957402198417459</corner2></bounds><pose><translation>-0.14645245908330087, -0.10021733524785077, 7.882084675016654</translation><rotation><c1>1, 0, 0</c1><c2>0, 1, 0</c2><c3>0, 0, 1</c3></rotation></pose><symmetry><x>twoFold</x><y>cylindrical</y><z>twoFold</z></symmetry><detectionScore>-1.0</detectionScore></element><element><id>14</id><category>wall</category><bounds><corner1>-0.018638795640628925, -0.522580317839391, -0.03626702780871116</corner1><corner2>0.018638795640628925, 0.522580317839391, 0.03626702780871116</corner2></bounds><pose><translation>-0.2801319789826612, 0.0016131323938194614, -1.6388517015155417</translation><rotation><c1>1, 0, 0</c1><c2>0, 1, 0</c2><c3>0, 0, 1</c3></rotation></pose><symmetry><x>twoFold</x><y>cylindrical</y><z>twoFold</z></symmetry><detectionScore>-1.0</detectionScore></element><element><id>15</id><category>door</category><bounds><corner1>-4.200249397885308, -1.6428929420416292, -6.7668848492299265</corner1><corner2>4.200249397885308, 1.6428929420416292, 6.7668848492299265</corner2></bounds><pose><translation>-4.200249397885308, -0.32607403358522546, 10.890930578144262</translation><rotation><c1>1, 0, 0</c1><c2>0, 1, 0</c2><c3>0, 0, 1</c3></rotation></pose><symmetry><x>twoFold</x><y>cylindrical</y><z>twoFold</z></symmetry><detectionScore>-1.0</detectionScore></element><element><id>16</id><category>wall</category><bounds><corner1>-3.3395727926875063, -1.2591005102832185, -6.686241748307491</corner1><corner2>3.3395727926875063, 1.2591005102832185, 6.686241748307491</corner2></bounds><pose><translation>-4.760422370766941, -0.010717710404666122, 10.971573679066697</translation><rotation><c1>1, 0, 0</c1><c2>0, 1, 0</c2><c3>0, 0, 1</c3></rotation></pose><symmetry><x>twoFold</x><y>cylindrical</y><z>twoFold</z></symmetry><detectionScore>-1.0</detectionScore></element><element><id>17</id><category>wall</category><bounds><corner1>-6.343403929598402, -1.652903697112632, -3.323288745029738</corner1><corner2>6.343403929598402, 1.652903697112632, 3.323288745029738</corner2></bounds><pose><translation>-6.343403929598402, -0.3502001355910336, 7.752881467156407</translation><rotation><c1>1, 0, 0</c1><c2>0, 1, 0</c2><c3>0, 0, 1</c3></rotation></pose><symmetry><x>twoFold</x><y>cylindrical</y><z>twoFold</z></symmetry><detectionScore>-1.0</detectionScore></element><element><id>18</id><category>wall</category><bounds><corner1>-0.016311277175669048, -0.4903506705048593, -0.03677520374223597</corner1><corner2>0.016311277175669048, 0.4903506705048593, 0.03677520374223597</corner2></bounds><pose><translation>-0.18472976331746976, -0.0209426507985228, -1.6441213509428734</translation><rotation><c1>1, 0, 0</c1><c2>0, 1, 0</c2><c3>0, 0, 1</c3></rotation></pose><symmetry><x>twoFold</x><y>cylindrical</y><z>twoFold</z></symmetry><detectionScore>-1.0</detectionScore></element><element><id>19</id><category>wall</category><bounds><corner1>-4.630464700093894, -1.4044726185311889, -4.778496944881984</corner1><corner2>4.630464700093894, 1.4044726185311889, 4.778496944881984</corner2></bounds><pose><translation>-7.83228104426322, -0.11497161401614407, 2.7641148308017147</translation><rotation><c1>1, 0, 0</c1><c2>0, 1, 0</c2><c3>0, 0, 1</c3></rotation></pose><symmetry><x>twoFold</x><y>cylindrical</y><z>twoFold</z></symmetry><detectionScore>-1.0</detectionScore></element><element><id>20</id><category>armchair</category><bounds><corner1>-0.5062758131786481, -0.22820830148750226, -7.500274179221763</corner1><corner2>0.5062758131786481, 0.22820830148750226, 7.500274179221763</corner2></bounds><pose><translation>-0.9023346863946682, -0.8163739407855006, 3.695480498836033</translation><rotation><c1>1, 0, 0</c1><c2>0, 1, 0</c2><c3>0, 0, 1</c3></rotation></pose><symmetry><x>twoFold</x><y>cylindrical</y><z>twoFold</z></symmetry><detectionScore>-1.0</detectionScore></element></elements></scene>