<?xml version='1.0' encoding='utf-8'?>
<scene xmlns:sumo="https://www.sumochallenge.org"><version>2.0</version><categories><id>fb_categories_v1_0</id><url>https://sumochallenge.org/en/categories-1_0.json</url></categories><project_type>bounding_box</project_type><elements><element><id>0</id><category>window</category><bounds><corner1>-2.0886421771659194, -8.006041384795136, -1.137322870377394</corner1><corner2>2.0886421771659194, 8.006041384795136, 1.137322870377394</corner2></bounds><pose><translation>-2.0886421771659194, 3.3202676291082938, 0.24562426718123787</translation><rotation><c1>0, 0, 0</c1><c2>0, 0, 0</c2><c3>0, 0, 0</c3></rotation></pose><symmetry><x>twoFold</x><y>cylindrical</y><z>twoFold</z></symmetry><detectionScore>-1.0</detectionScore></element><element><id>1</id><category>chandelier</category><bounds><corner1>-0.9984926099607987, -2.009565968210773, -0.1049961257398686</corner1><corner2>0.9984926099607987, 2.009565968210773, 0.1049961257398686</corner2></bounds><pose><translation>0.5387936032945686, 2.549410044154964, 1.3788009394698144</translation><rotation><c1>0, 0, 0</c1><c2>0, 0, 0</c2><c3>0, 0, 0</c3></rotation></pose><symmetry><x>twoFold</x><y>cylindrical</y><z>twoFold</z></symmetry><detectionScore>-1.0</detectionScore></element><element><id>2</id><category>table_and_chair</category><bounds><corner1>-4.415151295934865, -2.453150606079506, -0.595672854129393</corner1><corner2>4.415151295934865, 2.453150606079506, 0.595672854129393</corner2></bounds><pose><translation>3.6805515766517276, 3.2193303045316344, -0.7550609812279826</translation><rotation><c1>0, 0, 0</c1><c2>0, 0, 0</c2><c3>0, 0, 0</c3></rotation></pose><symmetry><x>twoFold</x><y>cylindrical</y><z>twoFold</z></symmetry><detectionScore>-1.0</detectionScore></element><element><id>3</id><category>wall</category><bounds><corner1>-2.632926250952589, -0.12691400260136376, -1.4131155875689234</corner1><corner2>2.632926250952589, 0.12691400260136376, 1.4131155875689234</corner2></bounds><pose><translation>0.7482413107112285, 4.515775051744538, -0.14428122268264706</translation><rotation><c1>0, 0, 0</c1><c2>0, 0, 0</c2><c3>0, 0, 0</c3></rotation></pose><symmetry><x>twoFold</x><y>cylindrical</y><z>twoFold</z></symmetry><detectionScore>-1.0</detectionScore></element><element><id>4</id><category>wall</category><bounds><corner1>-0.965595077223899, -4.951946058057917, -1.094765679716916</corner1><corner2>0.965595077223899, 4.951946058057917, 1.094765679716916</corner2></bounds><pose><translation>-0.6870713954714979, -6.676419186617304, -0.0017080077743668438</translation><rotation><c1>0, 0, 0</c1><c2>0, 0, 0</c2><c3>0, 0, 0</c3></rotation></pose><symmetry><x>twoFold</x><y>cylindrical</y><z>twoFold</z></symmetry><detectionScore>-1.0</detectionScore></element><element><id>5</id><category>chair</category><bounds><corner1>-2.432531184692836, -1.6473859948430656, -0.15870632284001773</corner1><corner2>2.432531184692836, 1.6473859948430656, 0.15870632284001773</corner2></bounds><pose><translation>5.629102014096736, 3.671060887999184, -0.7158354850197735</translation><rotation><c1>0, 0, 0</c1><c2>0, 0, 0</c2><c3>0, 0, 0</c3></rotation></pose><symmetry><x>twoFold</x><y>cylindrical</y><z>twoFold</z></symmetry><detectionScore>-1.0</detectionScore></element><element><id>6</id><category>chair</category><bounds><corner1>-2.955988093991447, -2.0029047389983043, -0.5426830400274765</corner1><corner2>2.955988093991447, 2.0029047389983043, 0.5426830400274765</corner2></bounds><pose><translation>5.045445297849945, 3.699670306587535, -0.9223432335381914</translation><rotation><c1>0, 0, 0</c1><c2>0, 0, 0</c2><c3>0, 0, 0</c3></rotation></pose><symmetry><x>twoFold</x><y>cylindrical</y><z>twoFold</z></symmetry><detectionScore>-1.0</detectionScore></element><element><id>7</id><category>chair</category><bounds><corner1>-2.6043821103799036, -1.8154089377840572, -0.33243295627832015</corner1><corner2>2.6043821103799036, 1.8154089377840572, 0.33243295627832015</corner2></bounds><pose><translation>5.392049900174894, 3.7098905844519052, -1.1103710565057376</translation><rotation><c1>0, 0, 0</c1><c2>0, 0, 0</c2><c3>0, 0, 0</c3></rotation></pose><symmetry><x>twoFold</x><y>cylindrical</y><z>twoFold</z></symmetry><detectionScore>-1.0</detectionScore></element><element><id>8</id><category>ottoman</category><bounds><corner1>-0.1547069262959282, -0.8297462815083736, -0.09320182904392726</corner1><corner2>0.1547069262959282, 0.8297462815083736, 0.09320182904392726</corner2></bounds><pose><translation>-1.8137241176067171, 1.0811576051428378, -0.966790494334492</translation><rotation><c1>0, 0, 0</c1><c2>0, 0, 0</c2><c3>0, 0, 0</c3></rotation></pose><symmetry><x>twoFold</x><y>cylindrical</y><z>twoFold</z></symmetry><detectionScore>-1.0</detectionScore></element><element><id>9</id><category>window</category><bounds><corner1>-5.0090267970304545, -3.438952629930445, -0.4006590741754656</corner1><corner2>5.0090267970304545, 3.438952629930445, 0.4006590741754656</corner2></bounds><pose><translation>3.693690610285694, 2.037201738022203, -0.025098657181642788</translation><rotation><c1>0, 0, 0</c1><c2>0, 0, 0</c2><c3>0, 0, 0</c3></rotation></pose><symmetry><x>twoFold</x><y>cylindrical</y><z>twoFold</z></symmetry><detectionScore>-1.0</detectionScore></element><element><id>10</id><category>wall</category><bounds><corner1>-0.42535292012271964, -2.179731860403009, -1.3285930572969182</corner1><corner2>0.42535292012271964, 2.179731860403009, 1.3285930572969182</corner2></bounds><pose><translation>-1.0246300429687982, -3.981490399021627, -0.02992480939131343</translation><rotation><c1>0, 0, 0</c1><c2>0, 0, 0</c2><c3>0, 0, 0</c3></rotation></pose><symmetry><x>twoFold</x><y>cylindrical</y><z>twoFold</z></symmetry><detectionScore>-1.0</detectionScore></element><element><id>11</id><category>window</category><bounds><corner1>-0.35802754928779223, -0.9715262673073882, -1.2516176954019613</corner1><corner2>0.35802754928779223, 0.9715262673073882, 1.2516176954019613</corner2></bounds><pose><translation>-2.3070419306652816, 0.06237263800398721, 0.222052580121545</translation><rotation><c1>0, 0, 0</c1><c2>0, 0, 0</c2><c3>0, 0, 0</c3></rotation></pose><symmetry><x>twoFold</x><y>cylindrical</y><z>twoFold</z></symmetry><detectionScore>-1.0</detectionScore></element><element><id>12</id><category>person</category><bounds><corner1>-1.369082005214366, -0.6191743467896083, -0.4172215414147591</corner1><corner2>1.369082005214366, 0.6191743467896083, 0.4172215414147591</corner2></bounds><pose><translation>2.144596618660299, 3.9031558746368913, -0.9920727332014376</translation><rotation><c1>0, 0, 0</c1><c2>0, 0, 0</c2><c3>0, 0, 0</c3></rotation></pose><symmetry><x>twoFold</x><y>cylindrical</y><z>twoFold</z></symmetry><detectionScore>-1.0</detectionScore></element><element><id>13</id><category>window</category><bounds><corner1>-0.19158843540974213, -0.23482987843835956, -0.37340392390422966</corner1><corner2>0.19158843540974213, 0.23482987843835956, 0.37340392390422966</corner2></bounds><pose><translation>0.7668742893282013, -1.3260803559517136, -0.011676151380367894</translation><rotation><c1>0, 0, 0</c1><c2>0, 0, 0</c2><c3>0, 0, 0</c3></rotation></pose><symmetry><x>twoFold</x><y>cylindrical</y><z>twoFold</z></symmetry><detectionScore>-1.0</detectionScore></element><element><id>14</id><category>kitchen_cabinet</category><bounds><corner1>-2.3013784635062526, -1.4784218670456468, -0.14410909437896685</corner1><corner2>2.3013784635062526, 1.4784218670456468, 0.14410909437896685</corner2></bounds><pose><translation>6.3672125367437085, 4.229198184749994, -0.6209794348546371</translation><rotation><c1>0, 0, 0</c1><c2>0, 0, 0</c2><c3>0, 0, 0</c3></rotation></pose><symmetry><x>twoFold</x><y>cylindrical</y><z>twoFold</z></symmetry><detectionScore>-1.0</detectionScore></element><element><id>15</id><category>armchair</category><bounds><corner1>-2.3013784635062526, -1.4784218670456468, -0.14410909437896685</corner1><corner2>2.3013784635062526, 1.4784218670456468, 0.14410909437896685</corner2></bounds><pose><translation>6.3672125367437085, 4.229198184749994, -0.6209794348546371</translation><rotation><c1>0, 0, 0</c1><c2>0, 0, 0</c2><c3>0, 0, 0</c3></rotation></pose><symmetry><x>twoFold</x><y>cylindrical</y><z>twoFold</z></symmetry><detectionScore>-1.0</detectionScore></element><element><id>16</id><category>armchair</category><bounds><corner1>-3.01519189093513, -1.819773243778847, -0.6573677160587721</corner1><corner2>3.01519189093513, 1.819773243778847, 0.6573677160587721</corner2></bounds><pose><translation>4.938374383511388, 3.599232042306825, -1.058975959041355</translation><rotation><c1>0, 0, 0</c1><c2>0, 0, 0</c2><c3>0, 0, 0</c3></rotation></pose><symmetry><x>twoFold</x><y>cylindrical</y><z>twoFold</z></symmetry><detectionScore>-1.0</detectionScore></element><element><id>17</id><category>coffee_table</category><bounds><corner1>-0.3297791373573449, -0.8127415772102826, -0.21362515970742535</corner1><corner2>0.3297791373573449, 0.8127415772102826, 0.21362515970742535</corner2></bounds><pose><translation>-1.9866155951861735, 1.1230471504687176, -1.090314303885616</translation><rotation><c1>0, 0, 0</c1><c2>0, 0, 0</c2><c3>0, 0, 0</c3></rotation></pose><symmetry><x>twoFold</x><y>cylindrical</y><z>twoFold</z></symmetry><detectionScore>-1.0</detectionScore></element><element><id>18</id><category>plant</category><bounds><corner1>-2.0860025226810115, -8.377897413939841, -0.5302555551249849</corner1><corner2>2.0860025226810115, 8.377897413939841, 0.5302555551249849</corner2></bounds><pose><translation>-2.0860025226810115, 3.3961674087037634, -0.5302555551249849</translation><rotation><c1>0, 0, 0</c1><c2>0, 0, 0</c2><c3>0, 0, 0</c3></rotation></pose><symmetry><x>twoFold</x><y>cylindrical</y><z>twoFold</z></symmetry><detectionScore>-1.0</detectionScore></element><element><id>19</id><category>window</category><bounds><corner1>-0.2151507667586462, -0.15581040244577427, -1.2965383698093234</corner1><corner2>0.2151507667586462, 0.15581040244577427, 1.2965383698093234</corner2></bounds><pose><translation>-0.8158452723942744, -1.884294453808319, 0.001803562223417013</translation><rotation><c1>0, 0, 0</c1><c2>0, 0, 0</c2><c3>0, 0, 0</c3></rotation></pose><symmetry><x>twoFold</x><y>cylindrical</y><z>twoFold</z></symmetry><detectionScore>-1.0</detectionScore></element><element><id>20</id><category>sofa</category><bounds><corner1>-2.8006721851826812, -0.7716484899601106, -0.5702109543730816</corner1><corner2>2.8006721851826812, 0.7716484899601106, 0.5702109543730816</corner2></bounds><pose><translation>0.7582557723355464, 3.7624695368425147, -1.1262067333932122</translation><rotation><c1>0, 0, 0</c1><c2>0, 0, 0</c2><c3>0, 0, 0</c3></rotation></pose><symmetry><x>twoFold</x><y>cylindrical</y><z>twoFold</z></symmetry><detectionScore>-1.0</detectionScore></element><element><id>21</id><category>dining_table</category><bounds><corner1>-4.253490429690517, -2.3847250576218695, -0.583030591349123</corner1><corner2>4.253490429690517, 2.3847250576218695, 0.583030591349123</corner2></bounds><pose><translation>3.6989805484118654, 3.0591899258819666, -0.7465027432707187</translation><rotation><c1>0, 0, 0</c1><c2>0, 0, 0</c2><c3>0, 0, 0</c3></rotation></pose><symmetry><x>twoFold</x><y>cylindrical</y><z>twoFold</z></symmetry><detectionScore>-1.0</detectionScore></element><element><id>22</id><category>wall</category><bounds><corner1>-0.10866870860403832, -0.8277039441571259, -1.4795569816094387</corner1><corner2>0.10866870860403832, 0.8277039441571259, 1.4795569816094387</corner2></bounds><pose><translation>5.091420412732749, -0.25503202562456634, -0.15218368124452802</translation><rotation><c1>0, 0, 0</c1><c2>0, 0, 0</c2><c3>0, 0, 0</c3></rotation></pose><symmetry><x>twoFold</x><y>cylindrical</y><z>twoFold</z></symmetry><detectionScore>-1.0</detectionScore></element><element><id>23</id><category>wall</category><bounds><corner1>-2.653869490878524, -2.1346144276574526, -0.4871937087888351</corner1><corner2>2.653869490878524, 2.1346144276574526, 0.4871937087888351</corner2></bounds><pose><translation>6.009115988181303, 4.083961466924068, -0.07303432696262374</translation><rotation><c1>0, 0, 0</c1><c2>0, 0, 0</c2><c3>0, 0, 0</c3></rotation></pose><symmetry><x>twoFold</x><y>cylindrical</y><z>twoFold</z></symmetry><detectionScore>-1.0</detectionScore></element><element><id>24</id><category>kitchen_cabinet</category><bounds><corner1>-5.023583466382526, -3.473267376267895, -0.21652765097455454</corner1><corner2>5.023583466382526, 3.473267376267895, 0.21652765097455454</corner2></bounds><pose><translation>3.6719042234918167, 1.9832801009652021, -0.14439147841235087</translation><rotation><c1>0, 0, 0</c1><c2>0, 0, 0</c2><c3>0, 0, 0</c3></rotation></pose><symmetry><x>twoFold</x><y>cylindrical</y><z>twoFold</z></symmetry><detectionScore>-1.0</detectionScore></element><element><id>25</id><category>plant</category><bounds><corner1>-0.22030385032782973, -0.19529757762728317, -0.32198532982918393</corner1><corner2>0.22030385032782973, 0.19529757762728317, 0.32198532982918393</corner2></bounds><pose><translation>0.39295335435237466, -1.6224736306272827, -0.38956176640692425</translation><rotation><c1>0, 0, 0</c1><c2>0, 0, 0</c2><c3>0, 0, 0</c3></rotation></pose><symmetry><x>twoFold</x><y>cylindrical</y><z>twoFold</z></symmetry><detectionScore>-1.0</detectionScore></element><element><id>26</id><category>wall</category><bounds><corner1>-3.192733380400842, -0.18031533380796883, -0.9730459575092131</corner1><corner2>3.192733380400842, 0.18031533380796883, 0.9730459575092131</corner2></bounds><pose><translation>1.7847455476674734, -1.003021499040086, 0.0015916310122805425</translation><rotation><c1>0, 0, 0</c1><c2>0, 0, 0</c2><c3>0, 0, 0</c3></rotation></pose><symmetry><x>twoFold</x><y>cylindrical</y><z>twoFold</z></symmetry><detectionScore>-1.0</detectionScore></element><element><id>27</id><category>window</category><bounds><corner1>-4.331649312091592, -0.4483136840884039, -1.2807383247820014</corner1><corner2>4.331649312091592, 0.4483136840884039, 1.2807383247820014</corner2></bounds><pose><translation>2.196345715835792, -0.953039900201679, 0.20840961263682029</translation><rotation><c1>0, 0, 0</c1><c2>0, 0, 0</c2><c3>0, 0, 0</c3></rotation></pose><symmetry><x>twoFold</x><y>cylindrical</y><z>twoFold</z></symmetry><detectionScore>-1.0</detectionScore></element><element><id>28</id><category>plant</category><bounds><corner1>-0.2617756727388082, -0.20257610099306134, -0.4882138317575259</corner1><corner2>0.2617756727388082, 0.20257610099306134, 0.4882138317575259</corner2></bounds><pose><translation>-0.8639338625154247, -1.9165122634908005, -0.3657650381398571</translation><rotation><c1>0, 0, 0</c1><c2>0, 0, 0</c2><c3>0, 0, 0</c3></rotation></pose><symmetry><x>twoFold</x><y>cylindrical</y><z>twoFold</z></symmetry><detectionScore>-1.0</detectionScore></element><element><id>29</id><category>coffee_table</category><bounds><corner1>-2.593015498507077, -1.8522587355359081, -0.3482220206666441</corner1><corner2>2.593015498507077, 1.8522587355359081, 0.3482220206666441</corner2></bounds><pose><translation>5.410137771942129, 3.714422994011096, -1.1067473055515378</translation><rotation><c1>0, 0, 0</c1><c2>0, 0, 0</c2><c3>0, 0, 0</c3></rotation></pose><symmetry><x>twoFold</x><y>cylindrical</y><z>twoFold</z></symmetry><detectionScore>-1.0</detectionScore></element><element><id>30</id><category>curtain</category><bounds><corner1>-5.008680066838076, -3.438363497077056, -0.4100300237994072</corner1><corner2>5.008680066838076, 3.438363497077056, 0.4100300237994072</corner2></bounds><pose><translation>3.6933810672154768, 2.037025937406894, -0.017872448222750505</translation><rotation><c1>0, 0, 0</c1><c2>0, 0, 0</c2><c3>0, 0, 0</c3></rotation></pose><symmetry><x>twoFold</x><y>cylindrical</y><z>twoFold</z></symmetry><detectionScore>-1.0</detectionScore></element><element><id>31</id><category>wall</category><bounds><corner1>-1.5623149377933403, -0.728548782174551, -0.9270886390131504</corner1><corner2>1.5623149377933403, 0.728548782174551, 0.9270886390131504</corner2></bounds><pose><translation>1.8751753872110963, 0.6669097526708524, 0.5959263270213014</translation><rotation><c1>0, 0, 0</c1><c2>0, 0, 0</c2><c3>0, 0, 0</c3></rotation></pose><symmetry><x>twoFold</x><y>cylindrical</y><z>twoFold</z></symmetry><detectionScore>-1.0</detectionScore></element><element><id>32</id><category>wall</category><bounds><corner1>-5.1215686289999205, -5.313003424045719, -0.7917610814725254</corner1><corner2>5.1215686289999205, 5.313003424045719, 0.7917610814725254</corner2></bounds><pose><translation>3.4831516260235396, 0.8075710641238245, -0.08516034657807903</translation><rotation><c1>0, 0, 0</c1><c2>0, 0, 0</c2><c3>0, 0, 0</c3></rotation></pose><symmetry><x>twoFold</x><y>cylindrical</y><z>twoFold</z></symmetry><detectionScore>-1.0</detectionScore></element></elements></scene>