<?xml version='1.0' encoding='utf-8'?>
<scene xmlns:sumo="https://www.sumochallenge.org"><version>2.0</version><categories><id>fb_categories_v1.0</id><url>https://sumochallenge.org/en/categories-1_0.json</url></categories><project_type>bounding_box</project_type><elements><element><id>6</id><category>picture_frame</category><bounds><corner1>-0.06392337, -0.58955805, -0.68696346</corner1><corner2>0.06392337, 0.58955805, 0.68696346</corner2></bounds><pose><translation> 2.83605256,  0.32678051, -1.20339359</translation><rotation><c1>1., 0., 0.</c1><c2>0., 1., 0.</c2><c3>0., 0., 1.</c3></rotation></pose><symmetry><x>none</x><y>none</y><z>none</z></symmetry><detectionScore>-1</detectionScore></element><element><id>7</id><category>air_conditioner</category><bounds><corner1>-0.0559365 , -0.24358019, -0.61389267</corner1><corner2>0.0559365 , 0.24358019, 0.61389267</corner2></bounds><pose><translation>-2.53501113,  0.95075461, -0.62137206</translation><rotation><c1>1., 0., 0.</c1><c2>0., 1., 0.</c2><c3>0., 0., 1.</c3></rotation></pose><symmetry><x>none</x><y>none</y><z>none</z></symmetry><detectionScore>-1</detectionScore></element><element><id>2</id><category>office_chair</category><bounds><corner1>-0.66490947, -0.55016808, -0.37045548</corner1><corner2>0.66490947, 0.55016808, 0.37045548</corner2></bounds><pose><translation>-1.86590356, -1.24192094, -0.35643688</translation><rotation><c1>1., 0., 0.</c1><c2>0., 1., 0.</c2><c3>0., 0., 1.</c3></rotation></pose><symmetry><x>none</x><y>none</y><z>none</z></symmetry><detectionScore>-1</detectionScore></element><element><id>3</id><category>curtain</category><bounds><corner1>-1.11798152, -1.20977019, -1.0620601 </corner1><corner2>1.11798152, 1.20977019, 1.0620601 </corner2></bounds><pose><translation> 0.97345838, -0.11627892, -2.83897781</translation><rotation><c1>1., 0., 0.</c1><c2>0., 1., 0.</c2><c3>0., 0., 1.</c3></rotation></pose><symmetry><x>none</x><y>none</y><z>none</z></symmetry><detectionScore>-1</detectionScore></element><element><id>4</id><category>television</category><bounds><corner1>-0.01128812, -0.48817247, -0.34299685</corner1><corner2>0.01128812, 0.48817247, 0.34299685</corner2></bounds><pose><translation>-0.43386009,  0.70704576, -1.25699784</translation><rotation><c1>1., 0., 0.</c1><c2>0., 1., 0.</c2><c3>0., 0., 1.</c3></rotation></pose><symmetry><x>none</x><y>none</y><z>none</z></symmetry><detectionScore>-1</detectionScore></element><element><id>1</id><category>wall</category><bounds><corner1>-1.11989051, -1.1113241 , -0.9039401 </corner1><corner2>1.11989051, 1.1113241 , 0.9039401 </corner2></bounds><pose><translation>-2.77893423, -0.15754968, -0.70449658</translation><rotation><c1>1., 0., 0.</c1><c2>0., 1., 0.</c2><c3>0., 0., 1.</c3></rotation></pose><symmetry><x>none</x><y>none</y><z>none</z></symmetry><detectionScore>-1</detectionScore></element></elements></scene>