<?xml version='1.0' encoding='utf-8'?>
<scene xmlns:sumo="https://www.sumochallenge.org"><version>2.0</version><categories><id>fb_categories_v1_0</id><url>https://sumochallenge.org/en/categories-1_0.json</url></categories><project_type>bounding_box</project_type><elements><element><id>0</id><category>dining_table</category><bounds><corner1>-1.2373467166487568, -2.2785983561145544, -0.6103321412174711</corner1><corner2>1.2373467166487568, 2.2785983561145544, 0.6103321412174711</corner2></bounds><pose><translation>0.6866279653986217, 3.4739028025233427, -1.3313910886629905</translation><rotation><c1>0, 0, 0</c1><c2>0, 0, 0</c2><c3>0, 0, 0</c3></rotation></pose><symmetry><x>twoFold</x><y>cylindrical</y><z>twoFold</z></symmetry><detectionScore>-1.0</detectionScore></element><element><id>1</id><category>sofa</category><bounds><corner1>-0.810778097256591, -3.0729821320575175, -0.460137226425123</corner1><corner2>0.810778097256591, 3.0729821320575175, 0.460137226425123</corner2></bounds><pose><translation>-1.9346410403595609, 3.76078722761552, -1.2045874829967897</translation><rotation><c1>0, 0, 0</c1><c2>0, 0, 0</c2><c3>0, 0, 0</c3></rotation></pose><symmetry><x>twoFold</x><y>cylindrical</y><z>twoFold</z></symmetry><detectionScore>-1.0</detectionScore></element><element><id>2</id><category>chandelier</category><bounds><corner1>-0.8817460256999146, -2.817584038198178, -0.09258573486645227</corner1><corner2>0.8817460256999146, 2.817584038198178, 0.09258573486645227</corner2></bounds><pose><translation>-2.0946875959357096, 4.221274187030632, 1.2785058019197857</translation><rotation><c1>0, 0, 0</c1><c2>0, 0, 0</c2><c3>0, 0, 0</c3></rotation></pose><symmetry><x>twoFold</x><y>cylindrical</y><z>twoFold</z></symmetry><detectionScore>-1.0</detectionScore></element><element><id>3</id><category>floor_lamp</category><bounds><corner1>-1.5056005182241008, -0.1381861051003721, -0.9272095085008982</corner1><corner2>1.5056005182241008, 0.1381861051003721, 0.9272095085008982</corner2></bounds><pose><translation>-5.492668811034838, 6.877448419472362, -0.7410149564163371</translation><rotation><c1>0, 0, 0</c1><c2>0, 0, 0</c2><c3>0, 0, 0</c3></rotation></pose><symmetry><x>twoFold</x><y>cylindrical</y><z>twoFold</z></symmetry><detectionScore>-1.0</detectionScore></element><element><id>4</id><category>dressing_table</category><bounds><corner1>-3.136540332608291, -0.6989299794734474, -0.9008683842606721</corner1><corner2>3.136540332608291, 0.6989299794734474, 0.9008683842606721</corner2></bounds><pose><translation>2.053925488073251, -3.4265220144779542, -1.1006539159883806</translation><rotation><c1>0, 0, 0</c1><c2>0, 0, 0</c2><c3>0, 0, 0</c3></rotation></pose><symmetry><x>twoFold</x><y>cylindrical</y><z>twoFold</z></symmetry><detectionScore>-1.0</detectionScore></element><element><id>5</id><category>wall</category><bounds><corner1>-0.1343258638479372, -0.8036896109286586, -1.002928693706859</corner1><corner2>0.1343258638479372, 0.8036896109286586, 1.002928693706859</corner2></bounds><pose><translation>2.324661382751311, -3.980195098444953, -0.1112249010839053</translation><rotation><c1>0, 0, 0</c1><c2>0, 0, 0</c2><c3>0, 0, 0</c3></rotation></pose><symmetry><x>twoFold</x><y>cylindrical</y><z>twoFold</z></symmetry><detectionScore>-1.0</detectionScore></element><element><id>6</id><category>fireplace</category><bounds><corner1>-2.1476946403435173, -0.5241140260228594, -1.4090204652079787</corner1><corner2>2.1476946403435173, 0.5241140260228594, 1.4090204652079787</corner2></bounds><pose><translation>-3.539714928843198, 6.529412888927617, -0.12859236285827247</translation><rotation><c1>0, 0, 0</c1><c2>0, 0, 0</c2><c3>0, 0, 0</c3></rotation></pose><symmetry><x>twoFold</x><y>cylindrical</y><z>twoFold</z></symmetry><detectionScore>-1.0</detectionScore></element><element><id>7</id><category>floor_lamp</category><bounds><corner1>-0.8993956603856652, -1.115119288587331, -1.503617968837097</corner1><corner2>0.8993956603856652, 1.115119288587331, 1.503617968837097</corner2></bounds><pose><translation>-2.1430246581960732, -5.3893119722566105, -0.9616076983862674</translation><rotation><c1>0, 0, 0</c1><c2>0, 0, 0</c2><c3>0, 0, 0</c3></rotation></pose><symmetry><x>twoFold</x><y>cylindrical</y><z>twoFold</z></symmetry><detectionScore>-1.0</detectionScore></element><element><id>8</id><category>chandelier</category><bounds><corner1>-2.556888594328644, -0.09777244368253646, -0.3151335226131875</corner1><corner2>2.556888594328644, 0.09777244368253646, 0.3151335226131875</corner2></bounds><pose><translation>2.583773003531366, -4.0101775199976775, 1.0038502296823302</translation><rotation><c1>0, 0, 0</c1><c2>0, 0, 0</c2><c3>0, 0, 0</c3></rotation></pose><symmetry><x>twoFold</x><y>cylindrical</y><z>twoFold</z></symmetry><detectionScore>-1.0</detectionScore></element><element><id>9</id><category>armchair</category><bounds><corner1>-0.9825039998874106, -0.2733700975279172, -0.3876728397323155</corner1><corner2>0.9825039998874106, 0.2733700975279172, 0.3876728397323155</corner2></bounds><pose><translation>-6.167439845298782, -4.62736046359811, -0.9126465539620943</translation><rotation><c1>0, 0, 0</c1><c2>0, 0, 0</c2><c3>0, 0, 0</c3></rotation></pose><symmetry><x>twoFold</x><y>cylindrical</y><z>twoFold</z></symmetry><detectionScore>-1.0</detectionScore></element><element><id>10</id><category>column</category><bounds><corner1>-0.05439899583307195, -4.789663010638625, -1.3404679355033757</corner1><corner2>0.05439899583307195, 4.789663010638625, 1.3404679355033757</corner2></bounds><pose><translation>-2.076725936495066, 1.0554304860844117, -0.05827190432694717</translation><rotation><c1>0, 0, 0</c1><c2>0, 0, 0</c2><c3>0, 0, 0</c3></rotation></pose><symmetry><x>twoFold</x><y>cylindrical</y><z>twoFold</z></symmetry><detectionScore>-1.0</detectionScore></element><element><id>11</id><category>window</category><bounds><corner1>-0.6916490334803567, -1.921046249623363, -0.9285222585482937</corner1><corner2>0.6916490334803567, 1.921046249623363, 0.9285222585482937</corner2></bounds><pose><translation>1.3303830868714979, 1.7602345186701331, 0.42733916792603915</translation><rotation><c1>0, 0, 0</c1><c2>0, 0, 0</c2><c3>0, 0, 0</c3></rotation></pose><symmetry><x>twoFold</x><y>cylindrical</y><z>twoFold</z></symmetry><detectionScore>-1.0</detectionScore></element><element><id>12</id><category>wall</category><bounds><corner1>-3.3885776980688203, -1.489751133603117, -1.2045296133397752</corner1><corner2>3.3885776980688203, 1.489751133603117, 1.2045296133397752</corner2></bounds><pose><translation>-8.526585492075926, -5.859793087678292, 0.05988713104043038</translation><rotation><c1>0, 0, 0</c1><c2>0, 0, 0</c2><c3>0, 0, 0</c3></rotation></pose><symmetry><x>twoFold</x><y>cylindrical</y><z>twoFold</z></symmetry><detectionScore>-1.0</detectionScore></element><element><id>13</id><category>wall</category><bounds><corner1>-4.27632729560248, -2.025650764986744, -1.3114769352737319</corner1><corner2>4.27632729560248, 2.025650764986744, 1.3114769352737319</corner2></bounds><pose><translation>-6.316075120547099, 1.0715286373836674, -0.05400146526545449</translation><rotation><c1>0, 0, 0</c1><c2>0, 0, 0</c2><c3>0, 0, 0</c3></rotation></pose><symmetry><x>twoFold</x><y>cylindrical</y><z>twoFold</z></symmetry><detectionScore>-1.0</detectionScore></element><element><id>14</id><category>mirror</category><bounds><corner1>-0.3790300462703704, -1.1847526504164465, -0.5561436436174585</corner1><corner2>0.3790300462703704, 1.1847526504164465, 0.5561436436174585</corner2></bounds><pose><translation>2.1010034992632542, -3.9545200133997294, 0.04893519023995498</translation><rotation><c1>0, 0, 0</c1><c2>0, 0, 0</c2><c3>0, 0, 0</c3></rotation></pose><symmetry><x>twoFold</x><y>cylindrical</y><z>twoFold</z></symmetry><detectionScore>-1.0</detectionScore></element><element><id>15</id><category>wall</category><bounds><corner1>-2.5775555621219124, -2.71087801028395, -1.261855819555637</corner1><corner2>2.5775555621219124, 2.71087801028395, 1.261855819555637</corner2></bounds><pose><translation>-4.351467351513454, -5.633993608458191, -0.008657767107612024</translation><rotation><c1>0, 0, 0</c1><c2>0, 0, 0</c2><c3>0, 0, 0</c3></rotation></pose><symmetry><x>twoFold</x><y>cylindrical</y><z>twoFold</z></symmetry><detectionScore>-1.0</detectionScore></element><element><id>16</id><category>coffee_table</category><bounds><corner1>-3.0158780026123333, -0.9613790592670837, -0.8065214321994792</corner1><corner2>3.0158780026123333, 0.9613790592670837, 0.8065214321994792</corner2></bounds><pose><translation>4.333720935895774, -1.4979046210376956, -1.576807570720432</translation><rotation><c1>0, 0, 0</c1><c2>0, 0, 0</c2><c3>0, 0, 0</c3></rotation></pose><symmetry><x>twoFold</x><y>cylindrical</y><z>twoFold</z></symmetry><detectionScore>-1.0</detectionScore></element><element><id>17</id><category>chandelier</category><bounds><corner1>-2.4973603279757235, -0.6877929268546705, -0.07754286622500972</corner1><corner2>2.4973603279757235, 0.6877929268546705, 0.07754286622500972</corner2></bounds><pose><translation>4.193672626255964, -1.4755190787592767, 1.2951128834499113</translation><rotation><c1>0, 0, 0</c1><c2>0, 0, 0</c2><c3>0, 0, 0</c3></rotation></pose><symmetry><x>twoFold</x><y>cylindrical</y><z>twoFold</z></symmetry><detectionScore>-1.0</detectionScore></element><element><id>18</id><category>ceiling</category><bounds><corner1>-1.8757854423533171, -1.1557177826117218, -0.04269751492330376</corner1><corner2>1.8757854423533171, 1.1557177826117218, 0.04269751492330376</corner2></bounds><pose><translation>-8.692923910159045, -4.780692498802025, 1.2420088059561813</translation><rotation><c1>0, 0, 0</c1><c2>0, 0, 0</c2><c3>0, 0, 0</c3></rotation></pose><symmetry><x>twoFold</x><y>cylindrical</y><z>twoFold</z></symmetry><detectionScore>-1.0</detectionScore></element><element><id>19</id><category>door</category><bounds><corner1>-0.14709946549937625, -0.7407435844492145, -0.7540503273087008</corner1><corner2>0.14709946549937625, 0.7407435844492145, 0.7540503273087008</corner2></bounds><pose><translation>2.488251643869428, -3.9718083749274644, -0.26763161901366705</translation><rotation><c1>0, 0, 0</c1><c2>0, 0, 0</c2><c3>0, 0, 0</c3></rotation></pose><symmetry><x>twoFold</x><y>cylindrical</y><z>twoFold</z></symmetry><detectionScore>-1.0</detectionScore></element><element><id>20</id><category>door</category><bounds><corner1>-3.28274477307405, -0.9131467843846255, -0.9877660090363215</corner1><corner2>3.28274477307405, 0.9131467843846255, 0.9877660090363215</corner2></bounds><pose><translation>6.518406243447284, -0.2488461666452844, -0.3763505601932712</translation><rotation><c1>0, 0, 0</c1><c2>0, 0, 0</c2><c3>0, 0, 0</c3></rotation></pose><symmetry><x>twoFold</x><y>cylindrical</y><z>twoFold</z></symmetry><detectionScore>-1.0</detectionScore></element><element><id>21</id><category>window</category><bounds><corner1>-2.722374053475569, -0.08317770010926973, -0.8986492485659345</corner1><corner2>2.722374053475569, 0.08317770010926973, 0.8986492485659345</corner2></bounds><pose><translation>2.5465186104449797, -3.9802729659516696, 0.31632717038372427</translation><rotation><c1>0, 0, 0</c1><c2>0, 0, 0</c2><c3>0, 0, 0</c3></rotation></pose><symmetry><x>twoFold</x><y>cylindrical</y><z>twoFold</z></symmetry><detectionScore>-1.0</detectionScore></element><element><id>22</id><category>desk</category><bounds><corner1>-0.4270565426100821, -0.9465642024989898, -0.23953193481378576</corner1><corner2>0.4270565426100821, 0.9465642024989898, 0.23953193481378576</corner2></bounds><pose><translation>-3.7825434746681856, -0.2500469184956705, -0.8093515298922856</translation><rotation><c1>0, 0, 0</c1><c2>0, 0, 0</c2><c3>0, 0, 0</c3></rotation></pose><symmetry><x>twoFold</x><y>cylindrical</y><z>twoFold</z></symmetry><detectionScore>-1.0</detectionScore></element><element><id>23</id><category>wall</category><bounds><corner1>-5.325737431837314, -2.034291492185304, -1.3798079188060282</corner1><corner2>5.325737431837314, 2.034291492185304, 1.3798079188060282</corner2></bounds><pose><translation>-8.941379218049502, -1.1897719634540762, -0.16960059436950925</translation><rotation><c1>0, 0, 0</c1><c2>0, 0, 0</c2><c3>0, 0, 0</c3></rotation></pose><symmetry><x>twoFold</x><y>cylindrical</y><z>twoFold</z></symmetry><detectionScore>-1.0</detectionScore></element><element><id>24</id><category>sofa</category><bounds><corner1>-3.0981984628093335, -0.6977418634270749, -0.6489428103733005</corner1><corner2>3.0981984628093335, 0.6977418634270749, 0.6489428103733005</corner2></bounds><pose><translation>2.0582651217394203, -3.423801885609375, -1.1919802969226148</translation><rotation><c1>0, 0, 0</c1><c2>0, 0, 0</c2><c3>0, 0, 0</c3></rotation></pose><symmetry><x>twoFold</x><y>cylindrical</y><z>twoFold</z></symmetry><detectionScore>-1.0</detectionScore></element><element><id>25</id><category>wall</category><bounds><corner1>-2.577343563851576, -2.140897858692331, -1.3881694507439257</corner1><corner2>2.577343563851576, 2.140897858692331, 1.3881694507439257</corner2></bounds><pose><translation>-8.742835393921379, -4.78490625444036, -0.13043400274640266</translation><rotation><c1>0, 0, 0</c1><c2>0, 0, 0</c2><c3>0, 0, 0</c3></rotation></pose><symmetry><x>twoFold</x><y>cylindrical</y><z>twoFold</z></symmetry><detectionScore>-1.0</detectionScore></element><element><id>26</id><category>wall</category><bounds><corner1>-2.7439330319625297, -0.7982127613990504, -1.3275626311869426</corner1><corner2>2.7439330319625297, 0.7982127613990504, 1.3275626311869426</corner2></bounds><pose><translation>2.5004230862944734, -4.0025126979103725, -0.06561555300152022</translation><rotation><c1>0, 0, 0</c1><c2>0, 0, 0</c2><c3>0, 0, 0</c3></rotation></pose><symmetry><x>twoFold</x><y>cylindrical</y><z>twoFold</z></symmetry><detectionScore>-1.0</detectionScore></element><element><id>27</id><category>shelving</category><bounds><corner1>-1.2917998902257068, -0.15732097535848943, -1.036179944751518</corner1><corner2>1.2917998902257068, 0.15732097535848943, 1.036179944751518</corner2></bounds><pose><translation>-0.0068310146683715055, 6.9399601225800955, -0.41733885539046583</translation><rotation><c1>0, 0, 0</c1><c2>0, 0, 0</c2><c3>0, 0, 0</c3></rotation></pose><symmetry><x>twoFold</x><y>cylindrical</y><z>twoFold</z></symmetry><detectionScore>-1.0</detectionScore></element><element><id>28</id><category>armchair</category><bounds><corner1>-0.7845049688370476, -3.030373069564831, -0.4602414109785312</corner1><corner2>0.7845049688370476, 3.030373069564831, 0.4602414109785312</corner2></bounds><pose><translation>-1.881068868743402, 3.7468868144001455, -1.2042582532988901</translation><rotation><c1>0, 0, 0</c1><c2>0, 0, 0</c2><c3>0, 0, 0</c3></rotation></pose><symmetry><x>twoFold</x><y>cylindrical</y><z>twoFold</z></symmetry><detectionScore>-1.0</detectionScore></element><element><id>29</id><category>curtain</category><bounds><corner1>-2.7192325355473645, -0.0840266962427374, -0.9071383521097444</corner1><corner2>2.7192325355473645, 0.0840266962427374, 0.9071383521097444</corner2></bounds><pose><translation>2.5473166194053958, -3.9820574604078507, 0.3316002700165458</translation><rotation><c1>0, 0, 0</c1><c2>0, 0, 0</c2><c3>0, 0, 0</c3></rotation></pose><symmetry><x>twoFold</x><y>cylindrical</y><z>twoFold</z></symmetry><detectionScore>-1.0</detectionScore></element><element><id>30</id><category>picture_frame</category><bounds><corner1>-2.7218681288854056, -0.08259836967144008, -0.8927482541759066</corner1><corner2>2.7218681288854056, 0.08259836967144008, 0.8927482541759066</corner2></bounds><pose><translation>2.546645952499697, -3.980509193795334, 0.3224075860022191</translation><rotation><c1>0, 0, 0</c1><c2>0, 0, 0</c2><c3>0, 0, 0</c3></rotation></pose><symmetry><x>twoFold</x><y>cylindrical</y><z>twoFold</z></symmetry><detectionScore>-1.0</detectionScore></element><element><id>31</id><category>window</category><bounds><corner1>-5.232495133515602, -0.3743121416710357, -0.7860721116046426</corner1><corner2>5.232495133515602, 0.3743121416710357, 0.7860721116046426</corner2></bounds><pose><translation>1.5241918099529588, 0.337853385890211, 0.0014847095055516696</translation><rotation><c1>0, 0, 0</c1><c2>0, 0, 0</c2><c3>0, 0, 0</c3></rotation></pose><symmetry><x>twoFold</x><y>cylindrical</y><z>twoFold</z></symmetry><detectionScore>-1.0</detectionScore></element><element><id>32</id><category>piano</category><bounds><corner1>-0.6044963690777068, -1.1477786249231001, -0.9423329190137263</corner1><corner2>0.6044963690777068, 1.1477786249231001, 0.9423329190137263</corner2></bounds><pose><translation>-3.951546272812555, -0.473134070613261, -1.5077963537504395</translation><rotation><c1>0, 0, 0</c1><c2>0, 0, 0</c2><c3>0, 0, 0</c3></rotation></pose><symmetry><x>twoFold</x><y>cylindrical</y><z>twoFold</z></symmetry><detectionScore>-1.0</detectionScore></element><element><id>33</id><category>wall</category><bounds><corner1>-2.960567251453078, -0.17995011520721071, -1.3899633475260869</corner1><corner2>2.960567251453078, 0.17995011520721071, 1.3899633475260869</corner2></bounds><pose><translation>-1.086773329465489, 6.92711128952763, -0.1178584524955688</translation><rotation><c1>0, 0, 0</c1><c2>0, 0, 0</c2><c3>0, 0, 0</c3></rotation></pose><symmetry><x>twoFold</x><y>cylindrical</y><z>twoFold</z></symmetry><detectionScore>-1.0</detectionScore></element><element><id>34</id><category>wall</category><bounds><corner1>-0.19516754773750655, -1.8401365979612512, -1.461663121632682</corner1><corner2>0.19516754773750655, 1.8401365979612512, 1.461663121632682</corner2></bounds><pose><translation>6.571355154423643, -3.2153055670989703, -0.19395365862593605</translation><rotation><c1>0, 0, 0</c1><c2>0, 0, 0</c2><c3>0, 0, 0</c3></rotation></pose><symmetry><x>twoFold</x><y>cylindrical</y><z>twoFold</z></symmetry><detectionScore>-1.0</detectionScore></element><element><id>35</id><category>sofa</category><bounds><corner1>-1.5131932946886313, -1.4109107183819782, -0.5528163347091782</corner1><corner2>1.5131932946886313, 1.4109107183819782, 0.5528163347091782</corner2></bounds><pose><translation>-1.307048013352018, -6.074065876387486, -1.1009876045238014</translation><rotation><c1>0, 0, 0</c1><c2>0, 0, 0</c2><c3>0, 0, 0</c3></rotation></pose><symmetry><x>twoFold</x><y>cylindrical</y><z>twoFold</z></symmetry><detectionScore>-1.0</detectionScore></element><element><id>36</id><category>window</category><bounds><corner1>-1.2537244474628677, -0.1726215896438923, -0.7110863626733742</corner1><corner2>1.2537244474628677, 0.1726215896438923, 0.7110863626733742</corner2></bounds><pose><translation>5.330069834022989, -3.9598435727318266, 0.018478085089180404</translation><rotation><c1>0, 0, 0</c1><c2>0, 0, 0</c2><c3>0, 0, 0</c3></rotation></pose><symmetry><x>twoFold</x><y>cylindrical</y><z>twoFold</z></symmetry><detectionScore>-1.0</detectionScore></element><element><id>37</id><category>fireplace</category><bounds><corner1>-1.734187652460542, -0.4814024957407881, -1.4269120484452944</corner1><corner2>1.734187652460542, 0.4814024957407881, 1.4269120484452944</corner2></bounds><pose><translation>-3.562987121487322, 6.490452312559391, -0.1540053004688695</translation><rotation><c1>0, 0, 0</c1><c2>0, 0, 0</c2><c3>0, 0, 0</c3></rotation></pose><symmetry><x>twoFold</x><y>cylindrical</y><z>twoFold</z></symmetry><detectionScore>-1.0</detectionScore></element><element><id>38</id><category>mirror</category><bounds><corner1>-0.15209454151467883, -0.7755135857681887, -0.5607032238237863</corner1><corner2>0.15209454151467883, 0.7755135857681887, 0.5607032238237863</corner2></bounds><pose><translation>2.148216712019976, -3.9465172402709476, -0.12918877650217309</translation><rotation><c1>0, 0, 0</c1><c2>0, 0, 0</c2><c3>0, 0, 0</c3></rotation></pose><symmetry><x>twoFold</x><y>cylindrical</y><z>twoFold</z></symmetry><detectionScore>-1.0</detectionScore></element><element><id>39</id><category>armchair</category><bounds><corner1>-1.240876836446547, -2.753177672977497, -0.314783589584927</corner1><corner2>1.240876836446547, 2.753177672977497, 0.314783589584927</corner2></bounds><pose><translation>0.5978429781525947, 4.331983087412574, -1.0256837173620692</translation><rotation><c1>0, 0, 0</c1><c2>0, 0, 0</c2><c3>0, 0, 0</c3></rotation></pose><symmetry><x>twoFold</x><y>cylindrical</y><z>twoFold</z></symmetry><detectionScore>-1.0</detectionScore></element><element><id>40</id><category>armchair</category><bounds><corner1>-1.1494405435073074, -3.1021723231457465, -0.8645674320814319</corner1><corner2>1.1494405435073074, 3.1021723231457465, 0.8645674320814319</corner2></bounds><pose><translation>0.7808329755166818, 3.187877956612813, -1.5892874499788685</translation><rotation><c1>0, 0, 0</c1><c2>0, 0, 0</c2><c3>0, 0, 0</c3></rotation></pose><symmetry><x>twoFold</x><y>cylindrical</y><z>twoFold</z></symmetry><detectionScore>-1.0</detectionScore></element><element><id>41</id><category>wall</category><bounds><corner1>-0.14133504101416872, -0.7075771222909744, -0.875972712675454</corner1><corner2>0.14133504101416872, 0.7075771222909744, 0.875972712675454</corner2></bounds><pose><translation>2.49709066714343, -3.972831515592474, -0.15249393744794013</translation><rotation><c1>0, 0, 0</c1><c2>0, 0, 0</c2><c3>0, 0, 0</c3></rotation></pose><symmetry><x>twoFold</x><y>cylindrical</y><z>twoFold</z></symmetry><detectionScore>-1.0</detectionScore></element><element><id>42</id><category>dining_table</category><bounds><corner1>-4.589120337693676, -0.9477800107041905, -0.8464278691402239</corner1><corner2>4.589120337693676, 0.9477800107041905, 0.8464278691402239</corner2></bounds><pose><translation>4.302681000193906, -1.4491301139225459, -1.5769940177519073</translation><rotation><c1>0, 0, 0</c1><c2>0, 0, 0</c2><c3>0, 0, 0</c3></rotation></pose><symmetry><x>twoFold</x><y>cylindrical</y><z>twoFold</z></symmetry><detectionScore>-1.0</detectionScore></element><element><id>43</id><category>chair</category><bounds><corner1>-1.1300946228673805, -1.9909002567780396, -0.8802133947605034</corner1><corner2>1.1300946228673805, 1.9909002567780396, 0.8802133947605034</corner2></bounds><pose><translation>0.799720849796266, 3.141720898660023, -1.617775194587358</translation><rotation><c1>0, 0, 0</c1><c2>0, 0, 0</c2><c3>0, 0, 0</c3></rotation></pose><symmetry><x>twoFold</x><y>cylindrical</y><z>twoFold</z></symmetry><detectionScore>-1.0</detectionScore></element><element><id>44</id><category>window</category><bounds><corner1>-0.31451224629100594, -3.026025874394038, -0.6038617774516626</corner1><corner2>0.31451224629100594, 3.026025874394038, 0.6038617774516626</corner2></bounds><pose><translation>4.971063253227156, -6.925701472878877, -0.12833416691653118</translation><rotation><c1>0, 0, 0</c1><c2>0, 0, 0</c2><c3>0, 0, 0</c3></rotation></pose><symmetry><x>twoFold</x><y>cylindrical</y><z>twoFold</z></symmetry><detectionScore>-1.0</detectionScore></element><element><id>45</id><category>armchair</category><bounds><corner1>-3.061961626814484, -0.7159674986510893, -0.6583762641746417</corner1><corner2>3.061961626814484, 0.7159674986510893, 0.6583762641746417</corner2></bounds><pose><translation>2.0944525935985485, -3.441264353420135, -1.2009454154566666</translation><rotation><c1>0, 0, 0</c1><c2>0, 0, 0</c2><c3>0, 0, 0</c3></rotation></pose><symmetry><x>twoFold</x><y>cylindrical</y><z>twoFold</z></symmetry><detectionScore>-1.0</detectionScore></element><element><id>46</id><category>shelving</category><bounds><corner1>-0.7235926358894165, -0.49721458915260675, -2.003831548225487</corner1><corner2>0.7235926358894165, 0.49721458915260675, 2.003831548225487</corner2></bounds><pose><translation>1.170140713233472, -3.450650203171703, -0.7632312593298252</translation><rotation><c1>0, 0, 0</c1><c2>0, 0, 0</c2><c3>0, 0, 0</c3></rotation></pose><symmetry><x>twoFold</x><y>cylindrical</y><z>twoFold</z></symmetry><detectionScore>-1.0</detectionScore></element><element><id>47</id><category>curtain</category><bounds><corner1>-2.718949044147128, -0.8018777837841364, -1.2282723776213502</corner1><corner2>2.718949044147128, 0.8018777837841364, 1.2282723776213502</corner2></bounds><pose><translation>2.5341584594402375, -4.00265030904677, -0.003540639613557108</translation><rotation><c1>0, 0, 0</c1><c2>0, 0, 0</c2><c3>0, 0, 0</c3></rotation></pose><symmetry><x>twoFold</x><y>cylindrical</y><z>twoFold</z></symmetry><detectionScore>-1.0</detectionScore></element><element><id>48</id><category>floor_lamp</category><bounds><corner1>-3.174816023581199, -0.701909118881261, -1.2971906857797917</corner1><corner2>3.174816023581199, 0.701909118881261, 1.2971906857797917</corner2></bounds><pose><translation>2.0426021558047314, -3.4278594703611125, -0.8814934061732604</translation><rotation><c1>0, 0, 0</c1><c2>0, 0, 0</c2><c3>0, 0, 0</c3></rotation></pose><symmetry><x>twoFold</x><y>cylindrical</y><z>twoFold</z></symmetry><detectionScore>-1.0</detectionScore></element><element><id>49</id><category>window</category><bounds><corner1>-0.3765719210141647, -1.1851931907674458, -0.5623844839674863</corner1><corner2>0.3765719210141647, 1.1851931907674458, 0.5623844839674863</corner2></bounds><pose><translation>2.103439231627602, -3.9549605537507286, 0.04227084501048791</translation><rotation><c1>0, 0, 0</c1><c2>0, 0, 0</c2><c3>0, 0, 0</c3></rotation></pose><symmetry><x>twoFold</x><y>cylindrical</y><z>twoFold</z></symmetry><detectionScore>-1.0</detectionScore></element><element><id>50</id><category>wall</category><bounds><corner1>-2.8652534797078877, -5.816549935101303, -1.3750685144885386</corner1><corner2>2.8652534797078877, 5.816549935101303, 1.3750685144885386</corner2></bounds><pose><translation>-0.9804481474950715, -9.026439048487285, -0.11106633754502371</translation><rotation><c1>0, 0, 0</c1><c2>0, 0, 0</c2><c3>0, 0, 0</c3></rotation></pose><symmetry><x>twoFold</x><y>cylindrical</y><z>twoFold</z></symmetry><detectionScore>-1.0</detectionScore></element><element><id>51</id><category>picture_frame</category><bounds><corner1>-0.0665417938147903, -0.9069389187845256, -0.7969189981252913</corner1><corner2>0.0665417938147903, 0.9069389187845256, 0.7969189981252913</corner2></bounds><pose><translation>1.9453381536645638, 3.014558758405925, 0.560736721294341</translation><rotation><c1>0, 0, 0</c1><c2>0, 0, 0</c2><c3>0, 0, 0</c3></rotation></pose><symmetry><x>twoFold</x><y>cylindrical</y><z>twoFold</z></symmetry><detectionScore>-1.0</detectionScore></element><element><id>52</id><category>chair</category><bounds><corner1>-0.7193236516569943, -0.4309714766133874, -0.2497088231205451</corner1><corner2>0.7193236516569943, 0.4309714766133874, 0.2497088231205451</corner2></bounds><pose><translation>-6.014841466153617, -4.796287127921362, -0.8185595901767097</translation><rotation><c1>0, 0, 0</c1><c2>0, 0, 0</c2><c3>0, 0, 0</c3></rotation></pose><symmetry><x>twoFold</x><y>cylindrical</y><z>twoFold</z></symmetry><detectionScore>-1.0</detectionScore></element><element><id>53</id><category>sofa</category><bounds><corner1>-0.4489267572812117, -0.8331721834978335, -0.39126098269969956</corner1><corner2>0.4489267572812117, 0.8331721834978335, 0.39126098269969956</corner2></bounds><pose><translation>-3.7955401106473152, -0.4718355267945012, -0.8478261277446891</translation><rotation><c1>0, 0, 0</c1><c2>0, 0, 0</c2><c3>0, 0, 0</c3></rotation></pose><symmetry><x>twoFold</x><y>cylindrical</y><z>twoFold</z></symmetry><detectionScore>-1.0</detectionScore></element><element><id>54</id><category>plant</category><bounds><corner1>-0.2317354307307875, -2.9501725671981593, -0.44951020639484046</corner1><corner2>0.2317354307307875, 2.9501725671981593, 0.44951020639484046</corner2></bounds><pose><translation>5.0416997627922715, -6.850904476006367, -0.5075174942566997</translation><rotation><c1>0, 0, 0</c1><c2>0, 0, 0</c2><c3>0, 0, 0</c3></rotation></pose><symmetry><x>twoFold</x><y>cylindrical</y><z>twoFold</z></symmetry><detectionScore>-1.0</detectionScore></element><element><id>55</id><category>wall</category><bounds><corner1>-0.6935224731873317, -0.6575604852037977, -1.4607352511373093</corner1><corner2>0.6935224731873317, 0.6575604852037977, 1.4607352511373093</corner2></bounds><pose><translation>1.9117948335121442, -3.3891196967334913, -0.12228806681497661</translation><rotation><c1>0, 0, 0</c1><c2>0, 0, 0</c2><c3>0, 0, 0</c3></rotation></pose><symmetry><x>twoFold</x><y>cylindrical</y><z>twoFold</z></symmetry><detectionScore>-1.0</detectionScore></element><element><id>56</id><category>coffee_table</category><bounds><corner1>-1.3435107972841793, -2.9484354824808463, -0.41778577720131027</corner1><corner2>1.3435107972841793, 2.9484354824808463, 0.41778577720131027</corner2></bounds><pose><translation>0.5347501639779736, 4.051605767761081, -1.1387903901172074</translation><rotation><c1>0, 0, 0</c1><c2>0, 0, 0</c2><c3>0, 0, 0</c3></rotation></pose><symmetry><x>twoFold</x><y>cylindrical</y><z>twoFold</z></symmetry><detectionScore>-1.0</detectionScore></element><element><id>57</id><category>wall</category><bounds><corner1>-0.12892321863307155, -3.4204934894006898, -1.483874918373095</corner1><corner2>0.12892321863307155, 3.4204934894006898, 1.483874918373095</corner2></bounds><pose><translation>1.9052000002142209, 3.548151619166608, -0.13512480305569546</translation><rotation><c1>0, 0, 0</c1><c2>0, 0, 0</c2><c3>0, 0, 0</c3></rotation></pose><symmetry><x>twoFold</x><y>cylindrical</y><z>twoFold</z></symmetry><detectionScore>-1.0</detectionScore></element><element><id>58</id><category>wall</category><bounds><corner1>-1.0189413553238422, -1.1382937590906157, -1.3013898731883415</corner1><corner2>1.0189413553238422, 1.1382937590906157, 1.3013898731883415</corner2></bounds><pose><translation>6.47956259453764, -0.4821630456194357, -0.03464870629025522</translation><rotation><c1>0, 0, 0</c1><c2>0, 0, 0</c2><c3>0, 0, 0</c3></rotation></pose><symmetry><x>twoFold</x><y>cylindrical</y><z>twoFold</z></symmetry><detectionScore>-1.0</detectionScore></element><element><id>59</id><category>wall</category><bounds><corner1>-0.1498407224903402, -5.629640166610207, -1.250520619134413</corner1><corner2>0.1498407224903402, 5.629640166610207, 1.250520619134413</corner2></bounds><pose><translation>-2.1764589316134613, 1.2226791085101945, -0.038420682839352294</translation><rotation><c1>0, 0, 0</c1><c2>0, 0, 0</c2><c3>0, 0, 0</c3></rotation></pose><symmetry><x>twoFold</x><y>cylindrical</y><z>twoFold</z></symmetry><detectionScore>-1.0</detectionScore></element><element><id>60</id><category>column</category><bounds><corner1>-0.1586164540697339, -4.443672569333332, -1.6705071309294717</corner1><corner2>0.1586164540697339, 4.443672569333332, 1.6705071309294717</corner2></bounds><pose><translation>-2.0519093726179594, 1.0119583973339767, -0.19622165136080388</translation><rotation><c1>0, 0, 0</c1><c2>0, 0, 0</c2><c3>0, 0, 0</c3></rotation></pose><symmetry><x>twoFold</x><y>cylindrical</y><z>twoFold</z></symmetry><detectionScore>-1.0</detectionScore></element><element><id>61</id><category>ottoman</category><bounds><corner1>-0.5103076974784719, -0.8194779930456815, -0.7893815510792762</corner1><corner2>0.5103076974784719, 0.8194779930456815, 0.7893815510792762</corner2></bounds><pose><translation>-3.847328224274606, -1.7207404272060032, -1.594986970717366</translation><rotation><c1>0, 0, 0</c1><c2>0, 0, 0</c2><c3>0, 0, 0</c3></rotation></pose><symmetry><x>twoFold</x><y>cylindrical</y><z>twoFold</z></symmetry><detectionScore>-1.0</detectionScore></element><element><id>62</id><category>plant</category><bounds><corner1>-0.3732151560474124, -2.040606067605443, -1.0474772783623765</corner1><corner2>0.3732151560474124, 2.040606067605443, 1.0474772783623765</corner2></bounds><pose><translation>6.526249918265892, -3.305337012692519, -0.6466584951813847</translation><rotation><c1>0, 0, 0</c1><c2>0, 0, 0</c2><c3>0, 0, 0</c3></rotation></pose><symmetry><x>twoFold</x><y>cylindrical</y><z>twoFold</z></symmetry><detectionScore>-1.0</detectionScore></element><element><id>63</id><category>wall</category><bounds><corner1>-0.8066694880388865, -0.5510668020273384, -1.6167296508308078</corner1><corner2>0.8066694880388865, 0.5510668020273384, 1.6167296508308078</corner2></bounds><pose><translation>1.2000389443152857, -3.120903754898584, -0.19577657582816266</translation><rotation><c1>0, 0, 0</c1><c2>0, 0, 0</c2><c3>0, 0, 0</c3></rotation></pose><symmetry><x>twoFold</x><y>cylindrical</y><z>twoFold</z></symmetry><detectionScore>-1.0</detectionScore></element><element><id>64</id><category>column</category><bounds><corner1>-0.24851923402329645, -0.22248486067302586, -1.5298955527236058</corner1><corner2>0.24851923402329645, 0.22248486067302586, 1.5298955527236058</corner2></bounds><pose><translation>-1.9047122476505929, -2.9749042791337086, -0.14198458891462418</translation><rotation><c1>0, 0, 0</c1><c2>0, 0, 0</c2><c3>0, 0, 0</c3></rotation></pose><symmetry><x>twoFold</x><y>cylindrical</y><z>twoFold</z></symmetry><detectionScore>-1.0</detectionScore></element><element><id>65</id><category>chair</category><bounds><corner1>-0.9387692497400542, -0.24354690132534973, -0.3951982206475801</corner1><corner2>0.9387692497400542, 0.24354690132534973, 0.3951982206475801</corner2></bounds><pose><translation>-6.143607586630009, -4.597100357005793, -0.8862669418621181</translation><rotation><c1>0, 0, 0</c1><c2>0, 0, 0</c2><c3>0, 0, 0</c3></rotation></pose><symmetry><x>twoFold</x><y>cylindrical</y><z>twoFold</z></symmetry><detectionScore>-1.0</detectionScore></element><element><id>66</id><category>wall</category><bounds><corner1>-0.8234625659755359, -0.7086114674272035, -1.470988614893721</corner1><corner2>0.8234625659755359, 0.7086114674272035, 1.470988614893721</corner2></bounds><pose><translation>5.830936766411776, -3.8756074781357386, -0.18364665796912527</translation><rotation><c1>0, 0, 0</c1><c2>0, 0, 0</c2><c3>0, 0, 0</c3></rotation></pose><symmetry><x>twoFold</x><y>cylindrical</y><z>twoFold</z></symmetry><detectionScore>-1.0</detectionScore></element></elements></scene>