<?xml version='1.0' encoding='utf-8'?>
<scene xmlns:sumo="https://www.sumochallenge.org"><version>2.0</version><categories><id>fb_categories_v1.0</id><url>https://sumochallenge.org/en/categories-1_0.json</url></categories><project_type>bounding_box</project_type><elements><element><id>5</id><category>kitchen_cabinet</category><bounds><corner1>-1.66622686, -1.1449427 , -2.10217995</corner1><corner2>1.66622686, 1.1449427 , 2.10217995</corner2></bounds><pose><translation>-2.61160828, -0.27006211, -3.21520192</translation><rotation><c1>1., 0., 0.</c1><c2>0., 1., 0.</c2><c3>0., 0., 1.</c3></rotation></pose><symmetry><x>none</x><y>none</y><z>none</z></symmetry><detectionScore>0.9611572</detectionScore></element><element><id>15</id><category>door</category><bounds><corner1>-1.07267851, -1.13669006, -0.69862161</corner1><corner2>1.07267851, 1.13669006, 0.69862161</corner2></bounds><pose><translation> 3.88759939e+00, -4.95342786e-03, -5.11478330e+00</translation><rotation><c1>1., 0., 0.</c1><c2>0., 1., 0.</c2><c3>0., 0., 1.</c3></rotation></pose><symmetry><x>twoFold</x><y>twoFold</y><z>twoFold</z></symmetry><detectionScore>0.7231468</detectionScore></element><element><id>11</id><category>wall</category><bounds><corner1>-0.36916484, -1.17726695, -2.70151126</corner1><corner2>0.36916484, 1.17726695, 2.70151126</corner2></bounds><pose><translation> 5.22528007, -0.08584547,  0.17748342</translation><rotation><c1>1., 0., 0.</c1><c2>0., 1., 0.</c2><c3>0., 0., 1.</c3></rotation></pose><symmetry><x>none</x><y>twoFold</y><z>none</z></symmetry><detectionScore>0.7325233</detectionScore></element><element><id>4</id><category>kitchen_cabinet</category><bounds><corner1>-1.58764859, -1.1439254 , -2.23243623</corner1><corner2>1.58764859, 1.1439254 , 2.23243623</corner2></bounds><pose><translation> 1.39808362, -0.25605072, -4.49849229</translation><rotation><c1>1., 0., 0.</c1><c2>0., 1., 0.</c2><c3>0., 0., 1.</c3></rotation></pose><symmetry><x>none</x><y>none</y><z>none</z></symmetry><detectionScore>0.9802843</detectionScore></element><element><id>6</id><category>column</category><bounds><corner1>-0.10751352, -1.23661783, -0.50101547</corner1><corner2>0.10751352, 1.23661783, 0.50101547</corner2></bounds><pose><translation>-1.99253871, -0.1180219 ,  2.58709977</translation><rotation><c1>1., 0., 0.</c1><c2>0., 1., 0.</c2><c3>0., 0., 1.</c3></rotation></pose><symmetry><x>twoFold</x><y>fourFold</y><z>twoFold</z></symmetry><detectionScore>0.9760927</detectionScore></element><element><id>3</id><category>chair</category><bounds><corner1>-0.68213204, -0.75848693, -0.85632868</corner1><corner2>0.68213204, 0.75848693, 0.85632868</corner2></bounds><pose><translation> 4.68276257, -1.16112775,  1.47538996</translation><rotation><c1>1., 0., 0.</c1><c2>0., 1., 0.</c2><c3>0., 0., 1.</c3></rotation></pose><symmetry><x>none</x><y>none</y><z>none</z></symmetry><detectionScore>0.9458563</detectionScore></element><element><id>12</id><category>door</category><bounds><corner1>-0.17452371, -1.05422476, -0.66129908</corner1><corner2>0.17452371, 1.05422476, 0.66129908</corner2></bounds><pose><translation>-3.03470763, -0.42536998, -1.80633472</translation><rotation><c1>1., 0., 0.</c1><c2>0., 1., 0.</c2><c3>0., 0., 1.</c3></rotation></pose><symmetry><x>twoFold</x><y>twoFold</y><z>twoFold</z></symmetry><detectionScore>0.99866307</detectionScore></element><element><id>2</id><category>chair</category><bounds><corner1>-0.36107982, -0.43870137, -0.32500741</corner1><corner2>0.36107982, 0.43870137, 0.32500741</corner2></bounds><pose><translation>-0.89694972, -0.86097586, -1.42899373</translation><rotation><c1>1., 0., 0.</c1><c2>0., 1., 0.</c2><c3>0., 0., 1.</c3></rotation></pose><symmetry><x>none</x><y>none</y><z>none</z></symmetry><detectionScore>0.9813814</detectionScore></element><element><id>1</id><category>chair</category><bounds><corner1>-1.268017  , -0.39550354, -1.08596911</corner1><corner2>1.268017  , 0.39550354, 1.08596911</corner2></bounds><pose><translation>-2.06012465, -0.7731749 , -2.19094336</translation><rotation><c1>1., 0., 0.</c1><c2>0., 1., 0.</c2><c3>0., 0., 1.</c3></rotation></pose><symmetry><x>none</x><y>none</y><z>none</z></symmetry><detectionScore>0.9509163</detectionScore></element><element><id>13</id><category>chair</category><bounds><corner1>-2.19825031, -0.53839087, -0.37901602</corner1><corner2>2.19825031, 0.53839087, 0.37901602</corner2></bounds><pose><translation> 0.83592081, -0.94562251, -1.44205104</translation><rotation><c1>1., 0., 0.</c1><c2>0., 1., 0.</c2><c3>0., 0., 1.</c3></rotation></pose><symmetry><x>none</x><y>none</y><z>none</z></symmetry><detectionScore>0.97590363</detectionScore></element><element><id>16</id><category>door</category><bounds><corner1>-0.34557459, -1.14814413, -5.12252928</corner1><corner2>0.34557459, 1.14814413, 5.12252928</corner2></bounds><pose><translation> 0.1635558 , -0.49423643,  3.2860171 </translation><rotation><c1>1., 0., 0.</c1><c2>0., 1., 0.</c2><c3>0., 0., 1.</c3></rotation></pose><symmetry><x>twoFold</x><y>twoFold</y><z>twoFold</z></symmetry><detectionScore>0.9988953</detectionScore></element><element><id>9</id><category>kitchen_cabinet</category><bounds><corner1>-0.63520442, -1.24552894, -2.44554388</corner1><corner2>0.63520442, 1.24552894, 2.44554388</corner2></bounds><pose><translation>-0.35853704, -0.29946313, -4.73864255</translation><rotation><c1>1., 0., 0.</c1><c2>0., 1., 0.</c2><c3>0., 0., 1.</c3></rotation></pose><symmetry><x>none</x><y>none</y><z>none</z></symmetry><detectionScore>0.7686443</detectionScore></element><element><id>8</id><category>kitchen_cabinet</category><bounds><corner1>-1.49458658, -1.16365184, -2.52639948</corner1><corner2>1.49458658, 1.16365184, 2.52639948</corner2></bounds><pose><translation>-2.32401242, -0.31415191, -4.53035175</translation><rotation><c1>1., 0., 0.</c1><c2>0., 1., 0.</c2><c3>0., 0., 1.</c3></rotation></pose><symmetry><x>none</x><y>none</y><z>none</z></symmetry><detectionScore>0.8963567</detectionScore></element><element><id>7</id><category>wall</category><bounds><corner1>-2.05138413, -1.21093668, -0.38186882</corner1><corner2>2.05138413, 1.21093668, 0.38186882</corner2></bounds><pose><translation> 0.43332999, -0.08260829,  3.07317779</translation><rotation><c1>1., 0., 0.</c1><c2>0., 1., 0.</c2><c3>0., 0., 1.</c3></rotation></pose><symmetry><x>none</x><y>twoFold</y><z>none</z></symmetry><detectionScore>0.7643358</detectionScore></element><element><id>14</id><category>door</category><bounds><corner1>-0.14903621, -1.28651158, -1.94556775</corner1><corner2>0.14903621, 1.28651158, 1.94556775</corner2></bounds><pose><translation>-3.02296103, -0.61872842,  1.25360566</translation><rotation><c1>1., 0., 0.</c1><c2>0., 1., 0.</c2><c3>0., 0., 1.</c3></rotation></pose><symmetry><x>twoFold</x><y>twoFold</y><z>twoFold</z></symmetry><detectionScore>0.9993331</detectionScore></element></elements></scene>