<?xml version='1.0' encoding='utf-8'?>
<scene xmlns:sumo="https://www.sumochallenge.org"><version>2.0</version><categories><id>fb_categories_v1.0</id><url>https://sumochallenge.org/en/categories-1_0.json</url></categories><project_type>bounding_box</project_type><elements><element><id>7</id><category>wall</category><bounds><corner1>-5.29494742, -0.96137932, -2.38245141</corner1><corner2>5.29494742, 0.96137932, 2.38245141</corner2></bounds><pose><translation>-7.82205823,  0.14334237,  2.24549007</translation><rotation><c1>1., 0., 0.</c1><c2>0., 1., 0.</c2><c3>0., 0., 1.</c3></rotation></pose><symmetry><x>none</x><y>none</y><z>none</z></symmetry><detectionScore>-1</detectionScore></element><element><id>9</id><category>fence</category><bounds><corner1>-0.16493369, -0.21431545, -0.02302654</corner1><corner2>0.16493369, 0.21431545, 0.02302654</corner2></bounds><pose><translation>-0.50208534, -0.00783419, -1.1410015 </translation><rotation><c1>1., 0., 0.</c1><c2>0., 1., 0.</c2><c3>0., 0., 1.</c3></rotation></pose><symmetry><x>none</x><y>none</y><z>none</z></symmetry><detectionScore>-1</detectionScore></element><element><id>5</id><category>shelving</category><bounds><corner1>-1.33462671, -1.28190024, -0.1286932 </corner1><corner2>1.33462671, 1.28190024, 0.1286932 </corner2></bounds><pose><translation> 2.88277718, -0.25084312,  1.22775596</translation><rotation><c1>1., 0., 0.</c1><c2>0., 1., 0.</c2><c3>0., 0., 1.</c3></rotation></pose><symmetry><x>none</x><y>none</y><z>none</z></symmetry><detectionScore>-1</detectionScore></element><element><id>16</id><category>toy</category><bounds><corner1>-1.42381715, -1.38880235, -0.94617113</corner1><corner2>1.42381715, 1.38880235, 0.94617113</corner2></bounds><pose><translation>-4.31664575, -1.4126402 , -0.38428576</translation><rotation><c1>1., 0., 0.</c1><c2>0., 1., 0.</c2><c3>0., 0., 1.</c3></rotation></pose><symmetry><x>none</x><y>none</y><z>none</z></symmetry><detectionScore>-1</detectionScore></element><element><id>4</id><category>wall</category><bounds><corner1>-0.46311808, -1.14037655, -0.23927939</corner1><corner2>0.46311808, 1.14037655, 0.23927939</corner2></bounds><pose><translation> 2.43111133, -0.00832557,  1.3923882 </translation><rotation><c1>1., 0., 0.</c1><c2>0., 1., 0.</c2><c3>0., 0., 1.</c3></rotation></pose><symmetry><x>none</x><y>none</y><z>none</z></symmetry><detectionScore>-1</detectionScore></element><element><id>11</id><category>arch</category><bounds><corner1>-6.04457269, -1.68966231, -1.67338937</corner1><corner2>6.04457269, 1.68966231, 1.67338937</corner2></bounds><pose><translation> 7.37640308, -0.49733611,  0.11696259</translation><rotation><c1>1., 0., 0.</c1><c2>0., 1., 0.</c2><c3>0., 0., 1.</c3></rotation></pose><symmetry><x>none</x><y>none</y><z>none</z></symmetry><detectionScore>-1</detectionScore></element><element><id>10</id><category>wall</category><bounds><corner1>-2.65759019, -1.02592017, -2.10990922</corner1><corner2>2.65759019, 1.02592017, 2.10990922</corner2></bounds><pose><translation>-4.7937015e+00,  6.5510319e-03,  9.7206626e+00</translation><rotation><c1>1., 0., 0.</c1><c2>0., 1., 0.</c2><c3>0., 0., 1.</c3></rotation></pose><symmetry><x>none</x><y>none</y><z>none</z></symmetry><detectionScore>-1</detectionScore></element><element><id>6</id><category>stairs</category><bounds><corner1>-2.07876053, -0.86371434, -1.87080218</corner1><corner2>2.07876053, 0.86371434, 1.87080218</corner2></bounds><pose><translation>-2.85277368,  0.3378241 , 11.17814034</translation><rotation><c1>1., 0., 0.</c1><c2>0., 1., 0.</c2><c3>0., 0., 1.</c3></rotation></pose><symmetry><x>none</x><y>none</y><z>none</z></symmetry><detectionScore>-1</detectionScore></element><element><id>13</id><category>wall</category><bounds><corner1>-3.9699888 , -1.21017545, -1.0122383 </corner1><corner2>3.9699888 , 1.21017545, 1.0122383 </corner2></bounds><pose><translation>-7.2141281 , -0.02098357, -0.22118895</translation><rotation><c1>1., 0., 0.</c1><c2>0., 1., 0.</c2><c3>0., 0., 1.</c3></rotation></pose><symmetry><x>none</x><y>none</y><z>none</z></symmetry><detectionScore>-1</detectionScore></element><element><id>3</id><category>window</category><bounds><corner1>-4.91187924, -0.99883449, -0.84317535</corner1><corner2>4.91187924, 0.99883449, 0.84317535</corner2></bounds><pose><translation>-7.10697644,  0.11409629,  5.70586034</translation><rotation><c1>1., 0., 0.</c1><c2>0., 1., 0.</c2><c3>0., 0., 1.</c3></rotation></pose><symmetry><x>none</x><y>none</y><z>none</z></symmetry><detectionScore>-1</detectionScore></element><element><id>2</id><category>door</category><bounds><corner1>-2.47002706, -1.35148533, -0.45581373</corner1><corner2>2.47002706, 1.35148533, 0.45581373</corner2></bounds><pose><translation> 2.39106003, -0.16214751, -1.11871204</translation><rotation><c1>1., 0., 0.</c1><c2>0., 1., 0.</c2><c3>0., 0., 1.</c3></rotation></pose><symmetry><x>none</x><y>none</y><z>none</z></symmetry><detectionScore>-1</detectionScore></element><element><id>12</id><category>window</category><bounds><corner1>-0.83272762, -1.11851252, -0.27021634</corner1><corner2>0.83272762, 1.11851252, 0.27021634</corner2></bounds><pose><translation>-3.15882582,  0.07114667, -1.1537504 </translation><rotation><c1>1., 0., 0.</c1><c2>0., 1., 0.</c2><c3>0., 0., 1.</c3></rotation></pose><symmetry><x>none</x><y>none</y><z>none</z></symmetry><detectionScore>-1</detectionScore></element><element><id>8</id><category>wall</category><bounds><corner1>-4.25727465, -0.97437684, -2.5012877 </corner1><corner2>4.25727465, 0.97437684, 2.5012877 </corner2></bounds><pose><translation>-1.4646809 ,  0.01474204, 12.91228733</translation><rotation><c1>1., 0., 0.</c1><c2>0., 1., 0.</c2><c3>0., 0., 1.</c3></rotation></pose><symmetry><x>none</x><y>none</y><z>none</z></symmetry><detectionScore>-1</detectionScore></element><element><id>1</id><category>fence</category><bounds><corner1>-1.04439879, -0.64348215, -5.75900898</corner1><corner2>1.04439879, 0.64348215, 5.75900898</corner2></bounds><pose><translation>-1.37459914, -0.01426314, -6.87303802</translation><rotation><c1>1., 0., 0.</c1><c2>0., 1., 0.</c2><c3>0., 0., 1.</c3></rotation></pose><symmetry><x>none</x><y>none</y><z>none</z></symmetry><detectionScore>-1</detectionScore></element><element><id>14</id><category>door</category><bounds><corner1>-0.0632909 , -1.32927655, -1.81689809</corner1><corner2>0.0632909 , 1.32927655, 1.81689809</corner2></bounds><pose><translation> 2.22142995, -0.34245686,  3.61010393</translation><rotation><c1>1., 0., 0.</c1><c2>0., 1., 0.</c2><c3>0., 0., 1.</c3></rotation></pose><symmetry><x>none</x><y>none</y><z>none</z></symmetry><detectionScore>-1</detectionScore></element></elements></scene>