<?xml version='1.0' encoding='utf-8'?>
<scene xmlns:sumo="https://www.sumochallenge.org"><version>2.0</version><categories><id>fb_categories_v1.0</id><url>https://sumochallenge.org/en/categories-1_0.json</url></categories><project_type>bounding_box</project_type><elements><element><id>5</id><category>window</category><bounds><corner1>-0.03659239, -0.91922218, -0.38188403</corner1><corner2>0.03659239, 0.91922218, 0.38188403</corner2></bounds><pose><translation> 1.30945471, -0.13173654, -1.90191559</translation><rotation><c1>1., 0., 0.</c1><c2>0., 1., 0.</c2><c3>0., 0., 1.</c3></rotation></pose><symmetry><x>none</x><y>twoFold</y><z>none</z></symmetry><detectionScore>0.9952297</detectionScore></element><element><id>15</id><category>kitchen_cabinet</category><bounds><corner1>-0.05517036, -0.7181959 , -0.39840438</corner1><corner2>0.05517036, 0.7181959 , 0.39840438</corner2></bounds><pose><translation>-3.13396475, -0.72128748, -1.3895536 </translation><rotation><c1>1., 0., 0.</c1><c2>0., 1., 0.</c2><c3>0., 0., 1.</c3></rotation></pose><symmetry><x>none</x><y>none</y><z>none</z></symmetry><detectionScore>0.77653676</detectionScore></element><element><id>10</id><category>kitchen_cabinet</category><bounds><corner1>-1.27857529, -1.50209708, -0.9069703 </corner1><corner2>1.27857529, 1.50209708, 0.9069703 </corner2></bounds><pose><translation>-2.9282706 , -0.30271394, -4.28889916</translation><rotation><c1>1., 0., 0.</c1><c2>0., 1., 0.</c2><c3>0., 0., 1.</c3></rotation></pose><symmetry><x>none</x><y>none</y><z>none</z></symmetry><detectionScore>0.8919307</detectionScore></element><element><id>11</id><category>chair</category><bounds><corner1>-0.33476769, -0.42195611, -0.32700306</corner1><corner2>0.33476769, 0.42195611, 0.32700306</corner2></bounds><pose><translation>-0.37278061, -1.1189425 , -1.73703012</translation><rotation><c1>1., 0., 0.</c1><c2>0., 1., 0.</c2><c3>0., 0., 1.</c3></rotation></pose><symmetry><x>none</x><y>none</y><z>none</z></symmetry><detectionScore>0.7157423</detectionScore></element><element><id>4</id><category>window</category><bounds><corner1>-0.05512472, -0.86866514, -0.53178738</corner1><corner2>0.05512472, 0.86866514, 0.53178738</corner2></bounds><pose><translation> 1.29603677, -0.16949037,  2.94704311</translation><rotation><c1>1., 0., 0.</c1><c2>0., 1., 0.</c2><c3>0., 0., 1.</c3></rotation></pose><symmetry><x>none</x><y>twoFold</y><z>none</z></symmetry><detectionScore>0.9339322</detectionScore></element><element><id>6</id><category>arch</category><bounds><corner1>-2.00589268, -1.19715577, -0.58659749</corner1><corner2>2.00589268, 1.19715577, 0.58659749</corner2></bounds><pose><translation>-6.53379586, -0.18189265,  5.99069803</translation><rotation><c1>1., 0., 0.</c1><c2>0., 1., 0.</c2><c3>0., 0., 1.</c3></rotation></pose><symmetry><x>none</x><y>twoFold</y><z>none</z></symmetry><detectionScore>0.5100218</detectionScore></element><element><id>3</id><category>plant</category><bounds><corner1>-1.52784465, -0.92645793, -0.66109694</corner1><corner2>1.52784465, 0.92645793, 0.66109694</corner2></bounds><pose><translation>-5.49615933, -0.41760643,  7.55812898</translation><rotation><c1>1., 0., 0.</c1><c2>0., 1., 0.</c2><c3>0., 0., 1.</c3></rotation></pose><symmetry><x>none</x><y>cylindrical</y><z>none</z></symmetry><detectionScore>0.70631576</detectionScore></element><element><id>12</id><category>window</category><bounds><corner1>-0.06444587, -0.78934701, -0.63925047</corner1><corner2>0.06444587, 0.78934701, 0.63925047</corner2></bounds><pose><translation> 1.27699015, -0.09861176, -3.19314497</translation><rotation><c1>1., 0., 0.</c1><c2>0., 1., 0.</c2><c3>0., 0., 1.</c3></rotation></pose><symmetry><x>none</x><y>twoFold</y><z>none</z></symmetry><detectionScore>0.775836</detectionScore></element><element><id>2</id><category>chandelier</category><bounds><corner1>-0.31805963, -0.01985711, -0.32302215</corner1><corner2>0.31805963, 0.01985711, 0.32302215</corner2></bounds><pose><translation>-1.76300795,  1.18864899, -1.51038362</translation><rotation><c1>1., 0., 0.</c1><c2>0., 1., 0.</c2><c3>0., 0., 1.</c3></rotation></pose><symmetry><x>none</x><y>cylindrical</y><z>none</z></symmetry><detectionScore>0.551222</detectionScore></element><element><id>1</id><category>wall</category><bounds><corner1>-2.8258876 , -1.24705318, -3.30127505</corner1><corner2>2.8258876 , 1.24705318, 3.30127505</corner2></bounds><pose><translation>-1.92110636, -0.09128277, -6.98198756</translation><rotation><c1>1., 0., 0.</c1><c2>0., 1., 0.</c2><c3>0., 0., 1.</c3></rotation></pose><symmetry><x>none</x><y>twoFold</y><z>none</z></symmetry><detectionScore>0.939798</detectionScore></element><element><id>13</id><category>ottoman</category><bounds><corner1>-1.03148894, -0.26716062, -1.21034143</corner1><corner2>1.03148894, 0.26716062, 1.21034143</corner2></bounds><pose><translation>-2.4048764 , -1.20116966,  3.96049791</translation><rotation><c1>1., 0., 0.</c1><c2>0., 1., 0.</c2><c3>0., 0., 1.</c3></rotation></pose><symmetry><x>none</x><y>twoFold</y><z>none</z></symmetry><detectionScore>0.7034073</detectionScore></element><element><id>9</id><category>chair</category><bounds><corner1>-0.78544215, -0.38287438, -0.30591201</corner1><corner2>0.78544215, 0.38287438, 0.30591201</corner2></bounds><pose><translation> 0.27348024, -1.00924053, -1.62693365</translation><rotation><c1>1., 0., 0.</c1><c2>0., 1., 0.</c2><c3>0., 0., 1.</c3></rotation></pose><symmetry><x>none</x><y>none</y><z>none</z></symmetry><detectionScore>0.8825801</detectionScore></element><element><id>8</id><category>sofa</category><bounds><corner1>-0.67193006, -0.47009859, -4.65338277</corner1><corner2>0.67193006, 0.47009859, 4.65338277</corner2></bounds><pose><translation>-0.94723414, -1.06325617,  3.44387912</translation><rotation><c1>1., 0., 0.</c1><c2>0., 1., 0.</c2><c3>0., 0., 1.</c3></rotation></pose><symmetry><x>none</x><y>none</y><z>none</z></symmetry><detectionScore>0.74171996</detectionScore></element><element><id>7</id><category>wall</category><bounds><corner1>-0.5833336 , -1.28933219, -1.30157705</corner1><corner2>0.5833336 , 1.28933219, 1.30157705</corner2></bounds><pose><translation>-3.66635919, -0.12768059, -0.86390065</translation><rotation><c1>1., 0., 0.</c1><c2>0., 1., 0.</c2><c3>0., 0., 1.</c3></rotation></pose><symmetry><x>none</x><y>twoFold</y><z>none</z></symmetry><detectionScore>0.8655458</detectionScore></element><element><id>14</id><category>wall</category><bounds><corner1>-3.66233943, -1.16413262, -0.22307731</corner1><corner2>3.66233943, 1.16413262, 0.22307731</corner2></bounds><pose><translation>-2.79185128, -0.11722299,  8.07226905</translation><rotation><c1>1., 0., 0.</c1><c2>0., 1., 0.</c2><c3>0., 0., 1.</c3></rotation></pose><symmetry><x>none</x><y>twoFold</y><z>none</z></symmetry><detectionScore>0.97910166</detectionScore></element></elements></scene>