<?xml version='1.0' encoding='utf-8'?>
<scene xmlns:sumo="https://www.sumochallenge.org"><version>2.0</version><categories><id>fb_categories_v1.0</id><url>https://sumochallenge.org/en/categories-1_0.json</url></categories><project_type>bounding_box</project_type><elements><element><id>6</id><category>television</category><bounds><corner1>-0.57411596, -0.37830774, -0.02901178</corner1><corner2>0.57411596, 0.37830774, 0.02901178</corner2></bounds><pose><translation>-0.36284509,  0.63803664,  1.38695643</translation><rotation><c1>1., 0., 0.</c1><c2>0., 1., 0.</c2><c3>0., 0., 1.</c3></rotation></pose><symmetry><x>none</x><y>none</y><z>none</z></symmetry><detectionScore>-1</detectionScore></element><element><id>7</id><category>chandelier</category><bounds><corner1>-0.30958642, -0.58974297, -0.32898826</corner1><corner2>0.30958642, 0.58974297, 0.32898826</corner2></bounds><pose><translation>-0.43362392,  0.61586556, -0.93498992</translation><rotation><c1>1., 0., 0.</c1><c2>0., 1., 0.</c2><c3>0., 0., 1.</c3></rotation></pose><symmetry><x>none</x><y>none</y><z>none</z></symmetry><detectionScore>-1</detectionScore></element><element><id>2</id><category>door</category><bounds><corner1>-2.54843626, -0.9799323 , -0.51150885</corner1><corner2>2.54843626, 0.9799323 , 0.51150885</corner2></bounds><pose><translation> 2.44106289, -0.23033101,  0.17593861</translation><rotation><c1>1., 0., 0.</c1><c2>0., 1., 0.</c2><c3>0., 0., 1.</c3></rotation></pose><symmetry><x>none</x><y>none</y><z>none</z></symmetry><detectionScore>-1</detectionScore></element><element><id>3</id><category>sofa</category><bounds><corner1>-1.20731304, -0.39123266, -0.67410488</corner1><corner2>1.20731304, 0.39123266, 0.67410488</corner2></bounds><pose><translation>-0.40575766, -0.98739985, -2.14309007</translation><rotation><c1>1., 0., 0.</c1><c2>0., 1., 0.</c2><c3>0., 0., 1.</c3></rotation></pose><symmetry><x>none</x><y>none</y><z>none</z></symmetry><detectionScore>-1</detectionScore></element><element><id>9</id><category>plant</category><bounds><corner1>-1.2711204 , -0.71900143, -0.0816949 </corner1><corner2>1.2711204 , 0.71900143, 0.0816949 </corner2></bounds><pose><translation>-2.49713673, -0.67308442,  1.36697227</translation><rotation><c1>1., 0., 0.</c1><c2>0., 1., 0.</c2><c3>0., 0., 1.</c3></rotation></pose><symmetry><x>none</x><y>none</y><z>none</z></symmetry><detectionScore>-1</detectionScore></element><element><id>4</id><category>pedestal_fan</category><bounds><corner1>-0.42497303, -0.65440549, -0.51225995</corner1><corner2>0.42497303, 0.65440549, 0.51225995</corner2></bounds><pose><translation> 2.01481219, -0.99871589, -3.174203  </translation><rotation><c1>1., 0., 0.</c1><c2>0., 1., 0.</c2><c3>0., 0., 1.</c3></rotation></pose><symmetry><x>none</x><y>none</y><z>none</z></symmetry><detectionScore>-1</detectionScore></element><element><id>8</id><category>wall</category><bounds><corner1>-2.35838285, -1.22702779, -1.00205733</corner1><corner2>2.35838285, 1.22702779, 1.00205733</corner2></bounds><pose><translation>-0.19914694, -0.12811767, -3.18609211</translation><rotation><c1>1., 0., 0.</c1><c2>0., 1., 0.</c2><c3>0., 0., 1.</c3></rotation></pose><symmetry><x>none</x><y>none</y><z>none</z></symmetry><detectionScore>-1</detectionScore></element><element><id>1</id><category>refrigerator</category><bounds><corner1>-0.80723964, -0.91980298, -1.13662933</corner1><corner2>0.80723964, 0.91980298, 1.13662933</corner2></bounds><pose><translation> 3.26282192, -0.62620941, -2.64760147</translation><rotation><c1>1., 0., 0.</c1><c2>0., 1., 0.</c2><c3>0., 0., 1.</c3></rotation></pose><symmetry><x>none</x><y>none</y><z>none</z></symmetry><detectionScore>-1</detectionScore></element><element><id>10</id><category>coffee_table</category><bounds><corner1>-0.74265987, -0.02012507, -0.27893098</corner1><corner2>0.74265987, 0.02012507, 0.27893098</corner2></bounds><pose><translation>-0.42115466, -1.00057592, -1.40497169</translation><rotation><c1>1., 0., 0.</c1><c2>0., 1., 0.</c2><c3>0., 0., 1.</c3></rotation></pose><symmetry><x>none</x><y>none</y><z>none</z></symmetry><detectionScore>-1</detectionScore></element></elements></scene>