<?xml version='1.0' encoding='utf-8'?>
<scene xmlns:sumo="https://www.sumochallenge.org"><version>2.0</version><categories><id>fb_categories_v1.0</id><url>https://sumochallenge.org/en/categories-1_0.json</url></categories><project_type>bounding_box</project_type><elements><element><id>15</id><category>door</category><bounds><corner1>-0.63111911, -1.18134241, -0.49586175</corner1><corner2>0.63111911, 1.18134241, 0.49586175</corner2></bounds><pose><translation>-0.54619162, -0.44380096, -4.04461716</translation><rotation><c1>1., 0., 0.</c1><c2>0., 1., 0.</c2><c3>0., 0., 1.</c3></rotation></pose><symmetry><x>none</x><y>none</y><z>none</z></symmetry><detectionScore>-1</detectionScore></element><element><id>7</id><category>ottoman</category><bounds><corner1>-0.31492479, -0.1920037 , -0.31744611</corner1><corner2>0.31492479, 0.1920037 , 0.31744611</corner2></bounds><pose><translation>-1.89294054, -1.25214989, -0.19151035</translation><rotation><c1>1., 0., 0.</c1><c2>0., 1., 0.</c2><c3>0., 0., 1.</c3></rotation></pose><symmetry><x>none</x><y>none</y><z>none</z></symmetry><detectionScore>-1</detectionScore></element><element><id>4</id><category>wall</category><bounds><corner1>-3.05170464, -1.37925323, -1.79069676</corner1><corner2>3.05170464, 1.37925323, 1.79069676</corner2></bounds><pose><translation>-5.9249014 , -0.18966766, -3.31156236</translation><rotation><c1>1., 0., 0.</c1><c2>0., 1., 0.</c2><c3>0., 0., 1.</c3></rotation></pose><symmetry><x>none</x><y>none</y><z>none</z></symmetry><detectionScore>-1</detectionScore></element><element><id>9</id><category>heater</category><bounds><corner1>-0.16069678, -0.4337562 , -0.31800053</corner1><corner2>0.16069678, 0.4337562 , 0.31800053</corner2></bounds><pose><translation> 1.86406556, -1.22272942, -2.40285631</translation><rotation><c1>1., 0., 0.</c1><c2>0., 1., 0.</c2><c3>0., 0., 1.</c3></rotation></pose><symmetry><x>none</x><y>none</y><z>none</z></symmetry><detectionScore>-1</detectionScore></element><element><id>5</id><category>dresser</category><bounds><corner1>-0.79033879, -0.40066219, -0.45789825</corner1><corner2>0.79033879, 0.40066219, 0.45789825</corner2></bounds><pose><translation>-0.79553309, -0.99580369,  5.32779117</translation><rotation><c1>1., 0., 0.</c1><c2>0., 1., 0.</c2><c3>0., 0., 1.</c3></rotation></pose><symmetry><x>none</x><y>none</y><z>none</z></symmetry><detectionScore>-1</detectionScore></element><element><id>16</id><category>wall</category><bounds><corner1>-0.10598561, -1.28324056, -0.81870213</corner1><corner2>0.10598561, 1.28324056, 0.81870213</corner2></bounds><pose><translation> 1.92539641, -0.0923375 , -4.08601036</translation><rotation><c1>1., 0., 0.</c1><c2>0., 1., 0.</c2><c3>0., 0., 1.</c3></rotation></pose><symmetry><x>none</x><y>none</y><z>none</z></symmetry><detectionScore>-1</detectionScore></element><element><id>12</id><category>wall</category><bounds><corner1>-6.98061596, -1.23019951, -2.91368009</corner1><corner2>6.98061596, 1.23019951, 2.91368009</corner2></bounds><pose><translation>-13.39140776,  -0.14438501,   2.74352032</translation><rotation><c1>1., 0., 0.</c1><c2>0., 1., 0.</c2><c3>0., 0., 1.</c3></rotation></pose><symmetry><x>none</x><y>none</y><z>none</z></symmetry><detectionScore>-1</detectionScore></element><element><id>11</id><category>water_dispenser</category><bounds><corner1>-0.21592266, -0.67343668, -0.10441228</corner1><corner2>0.21592266, 0.67343668, 0.10441228</corner2></bounds><pose><translation> 1.80832376, -0.75544369, -3.32325055</translation><rotation><c1>1., 0., 0.</c1><c2>0., 1., 0.</c2><c3>0., 0., 1.</c3></rotation></pose><symmetry><x>none</x><y>none</y><z>none</z></symmetry><detectionScore>-1</detectionScore></element><element><id>2</id><category>door</category><bounds><corner1>-3.88432247, -1.06976379, -7.3396323 </corner1><corner2>3.88432247, 1.06976379, 7.3396323 </corner2></bounds><pose><translation>-3.88432247, -0.19113358,  5.80666792</translation><rotation><c1>1., 0., 0.</c1><c2>0., 1., 0.</c2><c3>0., 0., 1.</c3></rotation></pose><symmetry><x>none</x><y>none</y><z>none</z></symmetry><detectionScore>-1</detectionScore></element><element><id>6</id><category>chandelier</category><bounds><corner1>-0.58798338, -0.02240333, -2.35561758</corner1><corner2>0.58798338, 0.02240333, 2.35561758</corner2></bounds><pose><translation>-2.8371341 ,  1.18603834,  1.54248661</translation><rotation><c1>1., 0., 0.</c1><c2>0., 1., 0.</c2><c3>0., 0., 1.</c3></rotation></pose><symmetry><x>none</x><y>none</y><z>none</z></symmetry><detectionScore>-1</detectionScore></element><element><id>13</id><category>window</category><bounds><corner1>-0.68358261, -0.91035442, -0.10831771</corner1><corner2>0.68358261, 0.91035442, 0.10831771</corner2></bounds><pose><translation>-10.36624308,   0.05327793,   5.79256749</translation><rotation><c1>1., 0., 0.</c1><c2>0., 1., 0.</c2><c3>0., 0., 1.</c3></rotation></pose><symmetry><x>none</x><y>none</y><z>none</z></symmetry><detectionScore>-1</detectionScore></element><element><id>3</id><category>ottoman</category><bounds><corner1>-0.05257201, -0.29637235, -0.63054464</corner1><corner2>0.05257201, 0.29637235, 0.63054464</corner2></bounds><pose><translation>-1.43039722, -1.10623437,  3.37377345</translation><rotation><c1>1., 0., 0.</c1><c2>0., 1., 0.</c2><c3>0., 0., 1.</c3></rotation></pose><symmetry><x>none</x><y>none</y><z>none</z></symmetry><detectionScore>-1</detectionScore></element><element><id>10</id><category>plant</category><bounds><corner1>-0.41637203, -0.43215343, -0.31710234</corner1><corner2>0.41637203, 0.43215343, 0.31710234</corner2></bounds><pose><translation>-0.81374661, -1.43444877, -2.11201856</translation><rotation><c1>1., 0., 0.</c1><c2>0., 1., 0.</c2><c3>0., 0., 1.</c3></rotation></pose><symmetry><x>none</x><y>none</y><z>none</z></symmetry><detectionScore>-1</detectionScore></element><element><id>1</id><category>wall</category><bounds><corner1>-3.07383549, -1.17626588, -0.56629208</corner1><corner2>3.07383549, 1.17626588, 0.56629208</corner2></bounds><pose><translation>-1.46301181, -0.08612888,  5.76943888</translation><rotation><c1>1., 0., 0.</c1><c2>0., 1., 0.</c2><c3>0., 0., 1.</c3></rotation></pose><symmetry><x>none</x><y>none</y><z>none</z></symmetry><detectionScore>-1</detectionScore></element><element><id>14</id><category>wall</category><bounds><corner1>-2.55988053, -1.18883369, -0.31890777</corner1><corner2>2.55988053, 1.18883369, 0.31890777</corner2></bounds><pose><translation>-1.51892461, -0.10077388, -4.12860759</translation><rotation><c1>1., 0., 0.</c1><c2>0., 1., 0.</c2><c3>0., 0., 1.</c3></rotation></pose><symmetry><x>none</x><y>none</y><z>none</z></symmetry><detectionScore>-1</detectionScore></element></elements></scene>