<?xml version='1.0' encoding='utf-8'?>
<scene xmlns:sumo="https://www.sumochallenge.org"><version>2.0</version><categories><id>fb_categories_v1.0</id><url>https://sumochallenge.org/en/categories-1_0.json</url></categories><project_type>bounding_box</project_type><elements><element><id>30</id><category>wall</category><bounds><corner1>-8.5334864 ,  0.45929322, -4.54141603</corner1><corner2>-3.45302979,  1.20676708, -1.8523242 </corner2></bounds><pose><translation>0., 0., 0.</translation><rotation><c1>1., 0., 0.</c1><c2>0., 1., 0.</c2><c3>0., 0., 1.</c3></rotation></pose><symmetry><x>none</x><y>none</y><z>none</z></symmetry><detectionScore>-1</detectionScore></element><element><id>25</id><category>wall</category><bounds><corner1>-4.51840319, -1.29247788, -3.69957407</corner1><corner2>-3.76904312,  0.99490038, -2.17714185</corner2></bounds><pose><translation>0., 0., 0.</translation><rotation><c1>1., 0., 0.</c1><c2>0., 1., 0.</c2><c3>0., 0., 1.</c3></rotation></pose><symmetry><x>none</x><y>none</y><z>none</z></symmetry><detectionScore>-1</detectionScore></element><element><id>18</id><category>table_lamp</category><bounds><corner1>-3.78082779, -1.43703418, -5.73848877</corner1><corner2>-3.31984503, -0.57683299, -4.98124973</corner2></bounds><pose><translation>0., 0., 0.</translation><rotation><c1>1., 0., 0.</c1><c2>0., 1., 0.</c2><c3>0., 0., 1.</c3></rotation></pose><symmetry><x>none</x><y>none</y><z>none</z></symmetry><detectionScore>-1</detectionScore></element><element><id>21</id><category>toy</category><bounds><corner1> 3.9562362 , -1.22268587, -1.82932948</corner1><corner2> 4.70810339,  0.06809013, -0.60407586</corner2></bounds><pose><translation>0., 0., 0.</translation><rotation><c1>1., 0., 0.</c1><c2>0., 1., 0.</c2><c3>0., 0., 1.</c3></rotation></pose><symmetry><x>none</x><y>none</y><z>none</z></symmetry><detectionScore>-1</detectionScore></element><element><id>19</id><category>door</category><bounds><corner1>-3.3110566 , -1.1311357 , -5.74899363</corner1><corner2>-2.61101799,  0.50293544, -5.51532985</corner2></bounds><pose><translation>0., 0., 0.</translation><rotation><c1>1., 0., 0.</c1><c2>0., 1., 0.</c2><c3>0., 0., 1.</c3></rotation></pose><symmetry><x>none</x><y>none</y><z>none</z></symmetry><detectionScore>-1</detectionScore></element><element><id>17</id><category>chandelier</category><bounds><corner1>-2.69325694,  0.06033994, -5.7167309 </corner1><corner2>-2.15208873,  0.69773068, -5.09374975</corner2></bounds><pose><translation>0., 0., 0.</translation><rotation><c1>1., 0., 0.</c1><c2>0., 1., 0.</c2><c3>0., 0., 1.</c3></rotation></pose><symmetry><x>none</x><y>none</y><z>none</z></symmetry><detectionScore>-1</detectionScore></element><element><id>31</id><category>curtain</category><bounds><corner1>-3.08130705, -0.4804936 , -5.74854948</corner1><corner2>-2.65260469,  0.4474189 , -5.51502656</corner2></bounds><pose><translation>0., 0., 0.</translation><rotation><c1>1., 0., 0.</c1><c2>0., 1., 0.</c2><c3>0., 0., 1.</c3></rotation></pose><symmetry><x>none</x><y>none</y><z>none</z></symmetry><detectionScore>-1</detectionScore></element><element><id>6</id><category>pedestal_fan</category><bounds><corner1>-3.8953874 , -1.4660369 ,  0.90850272</corner1><corner2>-3.16485785, -0.39116887,  1.63598628</corner2></bounds><pose><translation>0., 0., 0.</translation><rotation><c1>1., 0., 0.</c1><c2>0., 1., 0.</c2><c3>0., 0., 1.</c3></rotation></pose><symmetry><x>none</x><y>none</y><z>none</z></symmetry><detectionScore>-1</detectionScore></element><element><id>35</id><category>hanging_kitchen_cabinet</category><bounds><corner1>-2.99144984e+00, -5.46620785e-03, -5.74170487e+00</corner1><corner2>-2.56195436,  0.49748734, -5.49960982</corner2></bounds><pose><translation>0., 0., 0.</translation><rotation><c1>1., 0., 0.</c1><c2>0., 1., 0.</c2><c3>0., 0., 1.</c3></rotation></pose><symmetry><x>none</x><y>none</y><z>none</z></symmetry><detectionScore>-1</detectionScore></element><element><id>8</id><category>fence</category><bounds><corner1>-3.43480331, -0.4454797 , -5.75055785</corner1><corner2>-2.93525477,  0.10441782, -5.53839576</corner2></bounds><pose><translation>0., 0., 0.</translation><rotation><c1>1., 0., 0.</c1><c2>0., 1., 0.</c2><c3>0., 0., 1.</c3></rotation></pose><symmetry><x>none</x><y>none</y><z>none</z></symmetry><detectionScore>-1</detectionScore></element><element><id>34</id><category>stand</category><bounds><corner1> 1.45301602, -1.47014286,  0.86994142</corner1><corner2> 3.68403667, -0.41462234,  1.66489218</corner2></bounds><pose><translation>0., 0., 0.</translation><rotation><c1>1., 0., 0.</c1><c2>0., 1., 0.</c2><c3>0., 0., 1.</c3></rotation></pose><symmetry><x>none</x><y>none</y><z>none</z></symmetry><detectionScore>-1</detectionScore></element><element><id>7</id><category>window</category><bounds><corner1>-3.43480331, -0.42235269, -5.75074196</corner1><corner2>-2.93576041,  0.12592921, -5.53830135</corner2></bounds><pose><translation>0., 0., 0.</translation><rotation><c1>1., 0., 0.</c1><c2>0., 1., 0.</c2><c3>0., 0., 1.</c3></rotation></pose><symmetry><x>none</x><y>none</y><z>none</z></symmetry><detectionScore>-1</detectionScore></element><element><id>16</id><category>shelving</category><bounds><corner1>-2.99211592e+00, -5.45672378e-03, -5.74124730e+00</corner1><corner2>-2.5619416 ,  0.51874944, -5.49954617</corner2></bounds><pose><translation>0., 0., 0.</translation><rotation><c1>1., 0., 0.</c1><c2>0., 1., 0.</c2><c3>0., 0., 1.</c3></rotation></pose><symmetry><x>none</x><y>none</y><z>none</z></symmetry><detectionScore>-1</detectionScore></element><element><id>10</id><category>dresser</category><bounds><corner1> 1.43099969, -1.47172406,  0.77533413</corner1><corner2> 4.03407112, -0.4114538 ,  1.66566473</corner2></bounds><pose><translation>0., 0., 0.</translation><rotation><c1>1., 0., 0.</c1><c2>0., 1., 0.</c2><c3>0., 0., 1.</c3></rotation></pose><symmetry><x>none</x><y>none</y><z>none</z></symmetry><detectionScore>-1</detectionScore></element><element><id>33</id><category>window</category><bounds><corner1> 4.32858209, -0.59976413, -0.38197535</corner1><corner2>4.76728507, 0.75364018, 1.67190908</corner2></bounds><pose><translation>0., 0., 0.</translation><rotation><c1>1., 0., 0.</c1><c2>0., 1., 0.</c2><c3>0., 0., 1.</c3></rotation></pose><symmetry><x>none</x><y>none</y><z>none</z></symmetry><detectionScore>-1</detectionScore></element><element><id>26</id><category>wall</category><bounds><corner1> 2.90426665, -1.45002147, -4.08245212</corner1><corner2>4.74410983, 1.18810052, 1.66508225</corner2></bounds><pose><translation>0., 0., 0.</translation><rotation><c1>1., 0., 0.</c1><c2>0., 1., 0.</c2><c3>0., 0., 1.</c3></rotation></pose><symmetry><x>none</x><y>none</y><z>none</z></symmetry><detectionScore>-1</detectionScore></element><element><id>22</id><category>wall</category><bounds><corner1>-9.05711464, -1.45062289, -4.42196261</corner1><corner2>-3.26197548,  1.1941935 ,  1.53683888</corner2></bounds><pose><translation>0., 0., 0.</translation><rotation><c1>1., 0., 0.</c1><c2>0., 1., 0.</c2><c3>0., 0., 1.</c3></rotation></pose><symmetry><x>none</x><y>none</y><z>none</z></symmetry><detectionScore>-1</detectionScore></element><element><id>23</id><category>vacuum_cleaner</category><bounds><corner1>-3.89629328, -1.46606571,  0.87993375</corner1><corner2>-3.16806524, -0.35913389,  1.64127371</corner2></bounds><pose><translation>0., 0., 0.</translation><rotation><c1>1., 0., 0.</c1><c2>0., 1., 0.</c2><c3>0., 0., 1.</c3></rotation></pose><symmetry><x>none</x><y>none</y><z>none</z></symmetry><detectionScore>-1</detectionScore></element><element><id>11</id><category>toy</category><bounds><corner1>-3.89670354, -1.46895936,  0.85449811</corner1><corner2>-3.11818973, -0.31676145,  1.64089278</corner2></bounds><pose><translation>0., 0., 0.</translation><rotation><c1>1., 0., 0.</c1><c2>0., 1., 0.</c2><c3>0., 0., 1.</c3></rotation></pose><symmetry><x>none</x><y>none</y><z>none</z></symmetry><detectionScore>-1</detectionScore></element><element><id>2</id><category>shelving</category><bounds><corner1> 4.13238397, -1.45021573, -4.1802339 </corner1><corner2> 4.6580022 ,  0.79914195, -3.60433309</corner2></bounds><pose><translation>0., 0., 0.</translation><rotation><c1>1., 0., 0.</c1><c2>0., 1., 0.</c2><c3>0., 0., 1.</c3></rotation></pose><symmetry><x>none</x><y>none</y><z>none</z></symmetry><detectionScore>-1</detectionScore></element><element><id>14</id><category>shelving</category><bounds><corner1>-3.43482174, -0.42395916, -5.75077677</corner1><corner2>-2.93586358,  0.0820829 , -5.53830054</corner2></bounds><pose><translation>0., 0., 0.</translation><rotation><c1>1., 0., 0.</c1><c2>0., 1., 0.</c2><c3>0., 0., 1.</c3></rotation></pose><symmetry><x>none</x><y>none</y><z>none</z></symmetry><detectionScore>-1</detectionScore></element><element><id>9</id><category>door</category><bounds><corner1>-9.25755661, -1.46672951, -4.60220844</corner1><corner2>-3.73313071,  0.79805623, -1.14158445</corner2></bounds><pose><translation>0., 0., 0.</translation><rotation><c1>1., 0., 0.</c1><c2>0., 1., 0.</c2><c3>0., 0., 1.</c3></rotation></pose><symmetry><x>none</x><y>none</y><z>none</z></symmetry><detectionScore>-1</detectionScore></element><element><id>20</id><category>chandelier</category><bounds><corner1>-2.99211592e+00, -5.45672378e-03, -5.74124730e+00</corner1><corner2>-2.5619416 ,  0.51874944, -5.49954617</corner2></bounds><pose><translation>0., 0., 0.</translation><rotation><c1>1., 0., 0.</c1><c2>0., 1., 0.</c2><c3>0., 0., 1.</c3></rotation></pose><symmetry><x>none</x><y>none</y><z>none</z></symmetry><detectionScore>-1</detectionScore></element><element><id>5</id><category>picture_frame</category><bounds><corner1>-2.99144984e+00, -5.46620785e-03, -5.74170487e+00</corner1><corner2>-2.56195436,  0.49748734, -5.49960982</corner2></bounds><pose><translation>0., 0., 0.</translation><rotation><c1>1., 0., 0.</c1><c2>0., 1., 0.</c2><c3>0., 0., 1.</c3></rotation></pose><symmetry><x>none</x><y>none</y><z>none</z></symmetry><detectionScore>-1</detectionScore></element><element><id>24</id><category>column</category><bounds><corner1> 3.40621073, -1.4769934 , -3.64253024</corner1><corner2> 4.1209185 , -1.42279391, -2.791823  </corner2></bounds><pose><translation>0., 0., 0.</translation><rotation><c1>1., 0., 0.</c1><c2>0., 1., 0.</c2><c3>0., 0., 1.</c3></rotation></pose><symmetry><x>none</x><y>none</y><z>none</z></symmetry><detectionScore>-1</detectionScore></element><element><id>12</id><category>window</category><bounds><corner1> 4.49292486, -0.58544324, -3.7326287 </corner1><corner2> 4.74437087,  0.76853722, -1.50966932</corner2></bounds><pose><translation>0., 0., 0.</translation><rotation><c1>1., 0., 0.</c1><c2>0., 1., 0.</c2><c3>0., 0., 1.</c3></rotation></pose><symmetry><x>none</x><y>none</y><z>none</z></symmetry><detectionScore>-1</detectionScore></element><element><id>29</id><category>door</category><bounds><corner1> -3.85785149,  -1.46703124, -11.21380154</corner1><corner2>-0.91415818,  0.71363303, -4.98759154</corner2></bounds><pose><translation>0., 0., 0.</translation><rotation><c1>1., 0., 0.</c1><c2>0., 1., 0.</c2><c3>0., 0., 1.</c3></rotation></pose><symmetry><x>none</x><y>none</y><z>none</z></symmetry><detectionScore>-1</detectionScore></element><element><id>32</id><category>wall</category><bounds><corner1>-3.87864869, -1.44528005, -9.77778498</corner1><corner2> 3.63965018,  1.11722247, -1.56994172</corner2></bounds><pose><translation>0., 0., 0.</translation><rotation><c1>1., 0., 0.</c1><c2>0., 1., 0.</c2><c3>0., 0., 1.</c3></rotation></pose><symmetry><x>none</x><y>none</y><z>none</z></symmetry><detectionScore>-1</detectionScore></element><element><id>15</id><category>tv_stand</category><bounds><corner1> 1.44698312, -1.46952088,  0.86309443</corner1><corner2> 3.83086237, -0.38041675,  1.6679661 </corner2></bounds><pose><translation>0., 0., 0.</translation><rotation><c1>1., 0., 0.</c1><c2>0., 1., 0.</c2><c3>0., 0., 1.</c3></rotation></pose><symmetry><x>none</x><y>none</y><z>none</z></symmetry><detectionScore>-1</detectionScore></element><element><id>4</id><category>pet</category><bounds><corner1>-3.8759819 , -1.4741669 ,  0.83116144</corner1><corner2>-3.16892388, -1.09407377,  1.63908305</corner2></bounds><pose><translation>0., 0., 0.</translation><rotation><c1>1., 0., 0.</c1><c2>0., 1., 0.</c2><c3>0., 0., 1.</c3></rotation></pose><symmetry><x>none</x><y>none</y><z>none</z></symmetry><detectionScore>-1</detectionScore></element><element><id>1</id><category>wall</category><bounds><corner1> -3.86180002,  -1.45924764, -10.07471471</corner1><corner2>-0.79105673,  1.01615329, -1.61299385</corner2></bounds><pose><translation>0., 0., 0.</translation><rotation><c1>1., 0., 0.</c1><c2>0., 1., 0.</c2><c3>0., 0., 1.</c3></rotation></pose><symmetry><x>none</x><y>none</y><z>none</z></symmetry><detectionScore>-1</detectionScore></element><element><id>28</id><category>window</category><bounds><corner1>-3.08108065, -0.48102136, -5.74855086</corner1><corner2>-2.65258732,  0.42583296, -5.51467256</corner2></bounds><pose><translation>0., 0., 0.</translation><rotation><c1>1., 0., 0.</c1><c2>0., 1., 0.</c2><c3>0., 0., 1.</c3></rotation></pose><symmetry><x>none</x><y>none</y><z>none</z></symmetry><detectionScore>-1</detectionScore></element><element><id>3</id><category>curtain</category><bounds><corner1>-2.69412871,  0.03818308, -5.71116294</corner1><corner2>-2.19247909,  0.67517584, -5.13926508</corner2></bounds><pose><translation>0., 0., 0.</translation><rotation><c1>1., 0., 0.</c1><c2>0., 1., 0.</c2><c3>0., 0., 1.</c3></rotation></pose><symmetry><x>none</x><y>none</y><z>none</z></symmetry><detectionScore>-1</detectionScore></element><element><id>27</id><category>floor</category><bounds><corner1>-3.83695543, -1.46539128, -8.37594006</corner1><corner2>-0.72405421, -0.56601763, -4.94823139</corner2></bounds><pose><translation>0., 0., 0.</translation><rotation><c1>1., 0., 0.</c1><c2>0., 1., 0.</c2><c3>0., 0., 1.</c3></rotation></pose><symmetry><x>none</x><y>none</y><z>none</z></symmetry><detectionScore>-1</detectionScore></element><element><id>13</id><category>wall</category><bounds><corner1>-3.08106771, -0.50273181, -5.74854948</corner1><corner2>-2.6519449 ,  0.42527107, -5.51502656</corner2></bounds><pose><translation>0., 0., 0.</translation><rotation><c1>1., 0., 0.</c1><c2>0., 1., 0.</c2><c3>0., 0., 1.</c3></rotation></pose><symmetry><x>none</x><y>none</y><z>none</z></symmetry><detectionScore>-1</detectionScore></element></elements></scene>