<?xml version='1.0' encoding='utf-8'?>
<scene xmlns:sumo="https://www.sumochallenge.org"><version>2.0</version><categories><id>fb_categories_v1.0</id><url>https://sumochallenge.org/en/categories-1_0.json</url></categories><project_type>bounding_box</project_type><elements><element><id>2</id><category>wall</category><bounds><corner1>-1.13713486, -1.34727291, -0.1473213 </corner1><corner2>1.13713486, 1.34727291, 0.1473213 </corner2></bounds><pose><translation> 2.04018124, -0.02814792,  4.33675517</translation><rotation><c1>1., 0., 0.</c1><c2>0., 1., 0.</c2><c3>0., 0., 1.</c3></rotation></pose><symmetry><x>none</x><y>twoFold</y><z>none</z></symmetry><detectionScore>0.7755952</detectionScore></element><element><id>6</id><category>door</category><bounds><corner1>-0.47042987, -1.47125415, -1.47710899</corner1><corner2>0.47042987, 1.47125415, 1.47710899</corner2></bounds><pose><translation>-0.25489197, -0.31754189,  2.02007776</translation><rotation><c1>1., 0., 0.</c1><c2>0., 1., 0.</c2><c3>0., 0., 1.</c3></rotation></pose><symmetry><x>twoFold</x><y>twoFold</y><z>twoFold</z></symmetry><detectionScore>0.9981863</detectionScore></element><element><id>5</id><category>desk</category><bounds><corner1>-0.79299745, -0.45510912, -0.78861263</corner1><corner2>0.79299745, 0.45510912, 0.78861263</corner2></bounds><pose><translation>-0.06058769, -0.98218182, -4.37471956</translation><rotation><c1>1., 0., 0.</c1><c2>0., 1., 0.</c2><c3>0., 0., 1.</c3></rotation></pose><symmetry><x>none</x><y>none</y><z>none</z></symmetry><detectionScore>0.64061004</detectionScore></element><element><id>3</id><category>wall</category><bounds><corner1>-0.76596287, -1.38463461, -2.59749527</corner1><corner2>0.76596287, 1.38463461, 2.59749527</corner2></bounds><pose><translation>-0.01036737, -0.01456705, -4.8594537 </translation><rotation><c1>1., 0., 0.</c1><c2>0., 1., 0.</c2><c3>0., 0., 1.</c3></rotation></pose><symmetry><x>none</x><y>twoFold</y><z>none</z></symmetry><detectionScore>0.85534865</detectionScore></element></elements></scene>