<?xml version='1.0' encoding='utf-8'?>
<scene xmlns:sumo="https://www.sumochallenge.org"><version>2.0</version><categories><id>fb_categories_v1_0</id><url>https://sumochallenge.org/en/categories-1_0.json</url></categories><project_type>bounding_box</project_type><elements><element><id>0</id><category>wall</category><bounds><corner1>-3.416465336737895, -0.12695828481961868, -1.4262171517261906</corner1><corner2>3.416465336737895, 0.12695828481961868, 1.4262171517261906</corner2></bounds><pose><translation>-0.36055644706586804, -4.211836308589033, -0.12888710168255538</translation><rotation><c1>0, 0, 0</c1><c2>0, 0, 0</c2><c3>0, 0, 0</c3></rotation></pose><symmetry><x>twoFold</x><y>cylindrical</y><z>twoFold</z></symmetry><detectionScore>-1.0</detectionScore></element><element><id>1</id><category>desk</category><bounds><corner1>-2.240921630639038, -1.0151130239153325, -0.565766348306622</corner1><corner2>2.240921630639038, 1.0151130239153325, 0.565766348306622</corner2></bounds><pose><translation>5.076508539271464, -0.8699585008216092, -1.1567976449196045</translation><rotation><c1>0, 0, 0</c1><c2>0, 0, 0</c2><c3>0, 0, 0</c3></rotation></pose><symmetry><x>twoFold</x><y>cylindrical</y><z>twoFold</z></symmetry><detectionScore>-1.0</detectionScore></element><element><id>2</id><category>workplace</category><bounds><corner1>-2.3020650530549, -1.128534686821913, -0.8624573278646207</corner1><corner2>2.3020650530549, 1.128534686821913, 0.8624573278646207</corner2></bounds><pose><translation>5.084027552830347, -2.461768405620553, -0.7688965545697297</translation><rotation><c1>0, 0, 0</c1><c2>0, 0, 0</c2><c3>0, 0, 0</c3></rotation></pose><symmetry><x>twoFold</x><y>cylindrical</y><z>twoFold</z></symmetry><detectionScore>-1.0</detectionScore></element><element><id>3</id><category>door</category><bounds><corner1>-2.8123950459338793, -0.542576119096257, -0.6497373999495939</corner1><corner2>2.8123950459338793, 0.542576119096257, 0.6497373999495939</corner2></bounds><pose><translation>1.033997740637974, 0.5323231726687827, -0.1411150928074871</translation><rotation><c1>0, 0, 0</c1><c2>0, 0, 0</c2><c3>0, 0, 0</c3></rotation></pose><symmetry><x>twoFold</x><y>cylindrical</y><z>twoFold</z></symmetry><detectionScore>-1.0</detectionScore></element><element><id>4</id><category>refrigerator</category><bounds><corner1>-0.05392580996569618, -0.17360363925304323, -0.3476748754217389</corner1><corner2>0.05392580996569618, 0.17360363925304323, 0.3476748754217389</corner2></bounds><pose><translation>0.98779985575882, 0.6343609269823408, -0.3035273630879955</translation><rotation><c1>0, 0, 0</c1><c2>0, 0, 0</c2><c3>0, 0, 0</c3></rotation></pose><symmetry><x>twoFold</x><y>cylindrical</y><z>twoFold</z></symmetry><detectionScore>-1.0</detectionScore></element><element><id>5</id><category>door</category><bounds><corner1>-0.44428334858195134, -4.295249939172038, -1.0797124775596723</corner1><corner2>0.44428334858195134, 4.295249939172038, 1.0797124775596723</corner2></bounds><pose><translation>-0.003967929209055649, 1.3365370893882609, -0.11867898360137352</translation><rotation><c1>0, 0, 0</c1><c2>0, 0, 0</c2><c3>0, 0, 0</c3></rotation></pose><symmetry><x>twoFold</x><y>cylindrical</y><z>twoFold</z></symmetry><detectionScore>-1.0</detectionScore></element><element><id>6</id><category>shelving</category><bounds><corner1>-4.632384682580148, -6.432469747155325, -0.6159706500874108</corner1><corner2>4.632384682580148, 6.432469747155325, 0.6159706500874108</corner2></bounds><pose><translation>-5.087706268487503, 6.873836436215729, 0.08249468143493147</translation><rotation><c1>0, 0, 0</c1><c2>0, 0, 0</c2><c3>0, 0, 0</c3></rotation></pose><symmetry><x>twoFold</x><y>cylindrical</y><z>twoFold</z></symmetry><detectionScore>-1.0</detectionScore></element><element><id>7</id><category>window</category><bounds><corner1>-0.10836396021563877, -1.7594478349889324, -1.43087201924485</corner1><corner2>0.10836396021563877, 1.7594478349889324, 1.43087201924485</corner2></bounds><pose><translation>-3.9773806568145194, -0.9368524732892153, -0.14321230113429084</translation><rotation><c1>0, 0, 0</c1><c2>0, 0, 0</c2><c3>0, 0, 0</c3></rotation></pose><symmetry><x>twoFold</x><y>cylindrical</y><z>twoFold</z></symmetry><detectionScore>-1.0</detectionScore></element><element><id>8</id><category>desk</category><bounds><corner1>-2.1693538110157364, -0.8807307189954765, -0.5633866348214601</corner1><corner2>2.1693538110157364, 0.8807307189954765, 0.5633866348214601</corner2></bounds><pose><translation>5.060352633944984, -2.2554146392870402, -1.069783910854153</translation><rotation><c1>0, 0, 0</c1><c2>0, 0, 0</c2><c3>0, 0, 0</c3></rotation></pose><symmetry><x>twoFold</x><y>cylindrical</y><z>twoFold</z></symmetry><detectionScore>-1.0</detectionScore></element><element><id>9</id><category>wall</category><bounds><corner1>-6.033849430948704, -0.5477176465246789, -1.2605282662848916</corner1><corner2>6.033849430948704, 0.5477176465246789, 1.2605282662848916</corner2></bounds><pose><translation>1.284671750486568, 0.5353239869937814, -0.04179847168810591</translation><rotation><c1>0, 0, 0</c1><c2>0, 0, 0</c2><c3>0, 0, 0</c3></rotation></pose><symmetry><x>twoFold</x><y>cylindrical</y><z>twoFold</z></symmetry><detectionScore>-1.0</detectionScore></element><element><id>10</id><category>door</category><bounds><corner1>-3.9806920285972414, -0.6833139517707515, -0.7438273180851982</corner1><corner2>3.9806920285972414, 0.6833139517707515, 0.7438273180851982</corner2></bounds><pose><translation>1.355448377768882, 0.3651681831168504, -0.173941230239575</translation><rotation><c1>0, 0, 0</c1><c2>0, 0, 0</c2><c3>0, 0, 0</c3></rotation></pose><symmetry><x>twoFold</x><y>cylindrical</y><z>twoFold</z></symmetry><detectionScore>-1.0</detectionScore></element><element><id>11</id><category>wall</category><bounds><corner1>-0.23911255395496323, -2.2531732631232435, -1.3876646861841224</corner1><corner2>0.23911255395496323, 2.2531732631232435, 1.3876646861841224</corner2></bounds><pose><translation>7.191115240931746, -1.4459269988347068, -0.10757474284810938</translation><rotation><c1>0, 0, 0</c1><c2>0, 0, 0</c2><c3>0, 0, 0</c3></rotation></pose><symmetry><x>twoFold</x><y>cylindrical</y><z>twoFold</z></symmetry><detectionScore>-1.0</detectionScore></element><element><id>12</id><category>wall</category><bounds><corner1>-0.3233042856138399, -12.345137635802473, -0.3387371548814499</corner1><corner2>0.3233042856138399, 12.345137635802473, 0.3387371548814499</corner2></bounds><pose><translation>-0.2712725989068776, 1.3831270485373302, -0.042250594293951164</translation><rotation><c1>0, 0, 0</c1><c2>0, 0, 0</c2><c3>0, 0, 0</c3></rotation></pose><symmetry><x>twoFold</x><y>cylindrical</y><z>twoFold</z></symmetry><detectionScore>-1.0</detectionScore></element><element><id>13</id><category>partition</category><bounds><corner1>-3.2242375022340957, -0.5951516221712658, -1.5454511654931136</corner1><corner2>3.2242375022340957, 0.5951516221712658, 1.5454511654931136</corner2></bounds><pose><translation>1.3844852275549302, 0.48673036821277904, -0.07972167338673082</translation><rotation><c1>0, 0, 0</c1><c2>0, 0, 0</c2><c3>0, 0, 0</c3></rotation></pose><symmetry><x>twoFold</x><y>cylindrical</y><z>twoFold</z></symmetry><detectionScore>-1.0</detectionScore></element><element><id>14</id><category>workplace</category><bounds><corner1>-2.301872454436948, -1.7251146132688837, -0.8810429926566755</corner1><corner2>2.301872454436948, 1.7251146132688837, 0.8810429926566755</corner2></bounds><pose><translation>5.116366968114616, -1.0193739122174261, -0.8597048189158979</translation><rotation><c1>0, 0, 0</c1><c2>0, 0, 0</c2><c3>0, 0, 0</c3></rotation></pose><symmetry><x>twoFold</x><y>cylindrical</y><z>twoFold</z></symmetry><detectionScore>-1.0</detectionScore></element><element><id>15</id><category>window</category><bounds><corner1>-2.6659255263097554, -0.23011566971661102, -0.8826097618066735</corner1><corner2>2.6659255263097554, 0.23011566971661102, 0.8826097618066735</corner2></bounds><pose><translation>2.207158880447758, 0.8567219273753043, 0.5728690109200487</translation><rotation><c1>0, 0, 0</c1><c2>0, 0, 0</c2><c3>0, 0, 0</c3></rotation></pose><symmetry><x>twoFold</x><y>cylindrical</y><z>twoFold</z></symmetry><detectionScore>-1.0</detectionScore></element><element><id>16</id><category>wall</category><bounds><corner1>-4.45378381274633, -6.301074308137688, -1.1213115768548416</corner1><corner2>4.45378381274633, 6.301074308137688, 1.1213115768548416</corner2></bounds><pose><translation>-4.903094324888284, 6.498689739120644, 0.06764670451702773</translation><rotation><c1>0, 0, 0</c1><c2>0, 0, 0</c2><c3>0, 0, 0</c3></rotation></pose><symmetry><x>twoFold</x><y>cylindrical</y><z>twoFold</z></symmetry><detectionScore>-1.0</detectionScore></element></elements></scene>