<?xml version='1.0' encoding='utf-8'?>
<scene xmlns:sumo="https://www.sumochallenge.org"><version>2.0</version><categories><id>fb_categories_v1_0</id><url>https://sumochallenge.org/en/categories-1_0.json</url></categories><project_type>bounding_box</project_type><elements><element><id>0</id><category>chair</category><bounds><corner1>-5.100030234154671, -0.25392284442244173, -2.9030786470021184</corner1><corner2>5.100030234154671, 0.25392284442244173, 2.9030786470021184</corner2></bounds><pose><translation>1.9632571717990634, -0.9020347112391862, 1.139570509031221</translation><rotation><c1>1, 0, 0</c1><c2>0, 1, 0</c2><c3>0, 0, 1</c3></rotation></pose><symmetry><x>twoFold</x><y>cylindrical</y><z>twoFold</z></symmetry><detectionScore>-1.0</detectionScore></element><element><id>1</id><category>wall</category><bounds><corner1>-2.7906499789290775, -1.439095755386685, -0.1340905506456771</corner1><corner2>2.7906499789290775, 1.439095755386685, 0.1340905506456771</corner2></bounds><pose><translation>6.03006240008986, -0.1179610637644548, 3.909510281417904</translation><rotation><c1>1, 0, 0</c1><c2>0, 1, 0</c2><c3>0, 0, 1</c3></rotation></pose><symmetry><x>twoFold</x><y>cylindrical</y><z>twoFold</z></symmetry><detectionScore>-1.0</detectionScore></element><element><id>2</id><category>column</category><bounds><corner1>-1.2985739130783367, -1.340097176130893, -0.11072043520719532</corner1><corner2>1.2985739130783367, 1.340097176130893, 0.11072043520719532</corner2></bounds><pose><translation>5.402883621816897, -0.016142255184812864, 3.9451447077126947</translation><rotation><c1>1, 0, 0</c1><c2>0, 1, 0</c2><c3>0, 0, 1</c3></rotation></pose><symmetry><x>twoFold</x><y>cylindrical</y><z>twoFold</z></symmetry><detectionScore>-1.0</detectionScore></element><element><id>3</id><category>kitchen_cabinet</category><bounds><corner1>-0.7179478414909186, -0.8438414898298492, -0.6315791687242096</corner1><corner2>0.7179478414909186, 0.8438414898298492, 0.6315791687242096</corner2></bounds><pose><translation>1.0979343453601524, -0.7984589032024615, 3.595708835041808</translation><rotation><c1>1, 0, 0</c1><c2>0, 1, 0</c2><c3>0, 0, 1</c3></rotation></pose><symmetry><x>twoFold</x><y>cylindrical</y><z>twoFold</z></symmetry><detectionScore>-1.0</detectionScore></element><element><id>4</id><category>armchair</category><bounds><corner1>-4.470179230709155, -0.2582843343541137, -2.791270774132519</corner1><corner2>4.470179230709155, 0.2582843343541137, 2.791270774132519</corner2></bounds><pose><translation>1.941010610952416, -0.9088522945661954, 1.2683770645711512</translation><rotation><c1>1, 0, 0</c1><c2>0, 1, 0</c2><c3>0, 0, 1</c3></rotation></pose><symmetry><x>twoFold</x><y>cylindrical</y><z>twoFold</z></symmetry><detectionScore>-1.0</detectionScore></element><element><id>5</id><category>wall</category><bounds><corner1>-2.734574070841112, -1.476257562205972, -0.5230315570078692</corner1><corner2>2.734574070841112, 1.476257562205972, 0.5230315570078692</corner2></bounds><pose><translation>0.06746312505784574, -0.0997325861880139, 3.714405508780168</translation><rotation><c1>1, 0, 0</c1><c2>0, 1, 0</c2><c3>0, 0, 1</c3></rotation></pose><symmetry><x>twoFold</x><y>cylindrical</y><z>twoFold</z></symmetry><detectionScore>-1.0</detectionScore></element><element><id>6</id><category>chair</category><bounds><corner1>-3.406784852004756, -0.1356238003186101, -2.305620229213729</corner1><corner2>3.406784852004756, 0.1356238003186101, 2.305620229213729</corner2></bounds><pose><translation>1.908135645058143, -0.9249474483877821, 0.6968480234740753</translation><rotation><c1>1, 0, 0</c1><c2>0, 1, 0</c2><c3>0, 0, 1</c3></rotation></pose><symmetry><x>twoFold</x><y>cylindrical</y><z>twoFold</z></symmetry><detectionScore>-1.0</detectionScore></element><element><id>7</id><category>armchair</category><bounds><corner1>-4.684165348815314, -0.37243440886490486, -1.8127438468591721</corner1><corner2>4.684165348815314, 0.37243440886490486, 1.8127438468591721</corner2></bounds><pose><translation>1.983508590523966, -1.039981780159867, 0.10692394247603891</translation><rotation><c1>1, 0, 0</c1><c2>0, 1, 0</c2><c3>0, 0, 1</c3></rotation></pose><symmetry><x>twoFold</x><y>cylindrical</y><z>twoFold</z></symmetry><detectionScore>-1.0</detectionScore></element><element><id>8</id><category>dining_table</category><bounds><corner1>-0.7089904380196892, -0.08621872689845334, -0.6933671101772748</corner1><corner2>0.7089904380196892, 0.08621872689845334, 0.6933671101772748</corner2></bounds><pose><translation>1.7218845572020613, -0.910472261816993, 0.8571039558341164</translation><rotation><c1>1, 0, 0</c1><c2>0, 1, 0</c2><c3>0, 0, 1</c3></rotation></pose><symmetry><x>twoFold</x><y>cylindrical</y><z>twoFold</z></symmetry><detectionScore>-1.0</detectionScore></element><element><id>9</id><category>dining_table</category><bounds><corner1>-1.9153453593393714, -0.12231653694162448, -2.3562640288701604</corner1><corner2>1.9153453593393714, 0.12231653694162448, 2.3562640288701604</corner2></bounds><pose><translation>2.1101747703110543, -0.8859950969091404, 0.900674554392921</translation><rotation><c1>1, 0, 0</c1><c2>0, 1, 0</c2><c3>0, 0, 1</c3></rotation></pose><symmetry><x>twoFold</x><y>cylindrical</y><z>twoFold</z></symmetry><detectionScore>-1.0</detectionScore></element><element><id>10</id><category>dining_table</category><bounds><corner1>-4.67784436988047, -0.25747316019763744, -3.230939274254915</corner1><corner2>4.67784436988047, 0.25747316019763744, 3.230939274254915</corner2></bounds><pose><translation>1.9898295694588106, -0.9080411204097192, 0.8414067948125313</translation><rotation><c1>1, 0, 0</c1><c2>0, 1, 0</c2><c3>0, 0, 1</c3></rotation></pose><symmetry><x>twoFold</x><y>cylindrical</y><z>twoFold</z></symmetry><detectionScore>-1.0</detectionScore></element><element><id>11</id><category>wall</category><bounds><corner1>-0.20008910695426785, -1.4356851644851814, -2.380631272433283</corner1><corner2>0.20008910695426785, 1.4356851644851814, 2.380631272433283</corner2></bounds><pose><translation>8.929663386415724, -0.14855457262254979, 1.5592847016247844</translation><rotation><c1>1, 0, 0</c1><c2>0, 1, 0</c2><c3>0, 0, 1</c3></rotation></pose><symmetry><x>twoFold</x><y>cylindrical</y><z>twoFold</z></symmetry><detectionScore>-1.0</detectionScore></element><element><id>12</id><category>curtain</category><bounds><corner1>-2.40993744601538, -1.2441642867397158, -0.5678262709604167</corner1><corner2>2.40993744601538, 1.2441642867397158, 0.5678262709604167</corner2></bounds><pose><translation>2.7404686247638295, 0.2011591560426577, -1.075443150833799</translation><rotation><c1>1, 0, 0</c1><c2>0, 1, 0</c2><c3>0, 0, 1</c3></rotation></pose><symmetry><x>twoFold</x><y>cylindrical</y><z>twoFold</z></symmetry><detectionScore>-1.0</detectionScore></element><element><id>13</id><category>kitchen_cabinet</category><bounds><corner1>-0.20034459478911937, -0.5237098039728703, -1.1826647434642343</corner1><corner2>0.20034459478911937, 0.5237098039728703, 1.1826647434642343</corner2></bounds><pose><translation>-1.495453998988623, -0.9317780341224772, -0.48637914488854017</translation><rotation><c1>1, 0, 0</c1><c2>0, 1, 0</c2><c3>0, 0, 1</c3></rotation></pose><symmetry><x>twoFold</x><y>cylindrical</y><z>twoFold</z></symmetry><detectionScore>-1.0</detectionScore></element><element><id>14</id><category>door</category><bounds><corner1>-2.001862507005349, -1.532785063040672, -0.12217284382553384</corner1><corner2>2.001862507005349, 1.532785063040672, 0.12217284382553384</corner2></bounds><pose><translation>5.509250191595697, -0.21805338777405195, 3.9366811673487447</translation><rotation><c1>1, 0, 0</c1><c2>0, 1, 0</c2><c3>0, 0, 1</c3></rotation></pose><symmetry><x>twoFold</x><y>cylindrical</y><z>twoFold</z></symmetry><detectionScore>-1.0</detectionScore></element><element><id>15</id><category>kitchen_cabinet</category><bounds><corner1>-1.9031369309603958, -1.411837056665565, -0.6440568053921822</corner1><corner2>1.9031369309603958, 1.411837056665565, 0.6440568053921822</corner2></bounds><pose><translation>-0.9525161185554296, -0.4416562363061062, 3.593380260395855</translation><rotation><c1>1, 0, 0</c1><c2>0, 1, 0</c2><c3>0, 0, 1</c3></rotation></pose><symmetry><x>twoFold</x><y>cylindrical</y><z>twoFold</z></symmetry><detectionScore>-1.0</detectionScore></element><element><id>16</id><category>window</category><bounds><corner1>-1.9031716486009036, -1.2913696456173083, -0.42023320599145275</corner1><corner2>1.9031716486009036, 1.2913696456173083, 0.42023320599145275</corner2></bounds><pose><translation>2.7383036158289156, 0.12190865103447387, -1.0869189762752345</translation><rotation><c1>1, 0, 0</c1><c2>0, 1, 0</c2><c3>0, 0, 1</c3></rotation></pose><symmetry><x>twoFold</x><y>cylindrical</y><z>twoFold</z></symmetry><detectionScore>-1.0</detectionScore></element></elements></scene>