<?xml version='1.0' encoding='utf-8'?>
<scene xmlns:sumo="https://www.sumochallenge.org"><version>2.0</version><categories><id>fb_categories_v1_0</id><url>https://sumochallenge.org/en/categories-1_0.json</url></categories><project_type>bounding_box</project_type><elements><element><id>0</id><category>sofa</category><bounds><corner1>-1.3371298407183891, -0.7305857596072052, -0.48476453057108315</corner1><corner2>1.3371298407183891, 0.7305857596072052, 0.48476453057108315</corner2></bounds><pose><translation>-1.814688413219263, 3.747916658304077, -1.1118717752212424</translation><rotation><c1>0, 0, 0</c1><c2>0, 0, 0</c2><c3>0, 0, 0</c3></rotation></pose><symmetry><x>twoFold</x><y>cylindrical</y><z>twoFold</z></symmetry><detectionScore>-1.0</detectionScore></element><element><id>1</id><category>fence</category><bounds><corner1>-0.24283511326981078, -0.4542606662242097, -0.3489396376692343</corner1><corner2>0.24283511326981078, 0.4542606662242097, 0.3489396376692343</corner2></bounds><pose><translation>-8.503983233044844, -5.194451061098702, -0.09160967704911005</translation><rotation><c1>0, 0, 0</c1><c2>0, 0, 0</c2><c3>0, 0, 0</c3></rotation></pose><symmetry><x>twoFold</x><y>cylindrical</y><z>twoFold</z></symmetry><detectionScore>-1.0</detectionScore></element><element><id>2</id><category>wall</category><bounds><corner1>-6.6442569345022555, -9.368849454816623, -1.3085010290460488</corner1><corner2>6.6442569345022555, 9.368849454816623, 1.3085010290460488</corner2></bounds><pose><translation>-6.6442569345022555, -9.368849454816623, -0.10734911722539445</translation><rotation><c1>0, 0, 0</c1><c2>0, 0, 0</c2><c3>0, 0, 0</c3></rotation></pose><symmetry><x>twoFold</x><y>cylindrical</y><z>twoFold</z></symmetry><detectionScore>-1.0</detectionScore></element><element><id>3</id><category>wall</category><bounds><corner1>-0.14335829572528969, -4.378258163575489, -1.3771561866550583</corner1><corner2>0.14335829572528969, 4.378258163575489, 1.3771561866550583</corner2></bounds><pose><translation>5.308089549604155, -0.17337349653466638, -0.07829587129321972</translation><rotation><c1>0, 0, 0</c1><c2>0, 0, 0</c2><c3>0, 0, 0</c3></rotation></pose><symmetry><x>twoFold</x><y>cylindrical</y><z>twoFold</z></symmetry><detectionScore>-1.0</detectionScore></element><element><id>4</id><category>door</category><bounds><corner1>-8.513830632633312, -4.619071087119453, -1.289251446461036</corner1><corner2>8.513830632633312, 4.619071087119453, 1.289251446461036</corner2></bounds><pose><translation>-8.513830632633312, -4.619071087119453, -0.042383392200401354</translation><rotation><c1>0, 0, 0</c1><c2>0, 0, 0</c2><c3>0, 0, 0</c3></rotation></pose><symmetry><x>twoFold</x><y>cylindrical</y><z>twoFold</z></symmetry><detectionScore>-1.0</detectionScore></element><element><id>5</id><category>wall</category><bounds><corner1>-8.530620997206954, -5.41171732465328, -1.4164115944566662</corner1><corner2>8.530620997206954, 5.41171732465328, 1.4164115944566662</corner2></bounds><pose><translation>-8.530620997206954, -1.5913527672337346, -0.15695396852437843</translation><rotation><c1>0, 0, 0</c1><c2>0, 0, 0</c2><c3>0, 0, 0</c3></rotation></pose><symmetry><x>twoFold</x><y>cylindrical</y><z>twoFold</z></symmetry><detectionScore>-1.0</detectionScore></element><element><id>6</id><category>wall</category><bounds><corner1>-8.554761821890356, -2.252604883259267, -0.8847499213591363</corner1><corner2>8.554761821890356, 2.252604883259267, 0.8847499213591363</corner2></bounds><pose><translation>-8.554761821890356, -2.2442549225822983, -0.10802454987419241</translation><rotation><c1>0, 0, 0</c1><c2>0, 0, 0</c2><c3>0, 0, 0</c3></rotation></pose><symmetry><x>twoFold</x><y>cylindrical</y><z>twoFold</z></symmetry><detectionScore>-1.0</detectionScore></element><element><id>7</id><category>door</category><bounds><corner1>-0.38292752816855113, -0.34378428545021844, -1.3645452267578828</corner1><corner2>0.38292752816855113, 0.34378428545021844, 1.3645452267578828</corner2></bounds><pose><translation>-8.494273848914556, -5.559751663137303, -0.2106763130208803</translation><rotation><c1>0, 0, 0</c1><c2>0, 0, 0</c2><c3>0, 0, 0</c3></rotation></pose><symmetry><x>twoFold</x><y>cylindrical</y><z>twoFold</z></symmetry><detectionScore>-1.0</detectionScore></element><element><id>8</id><category>arch</category><bounds><corner1>-8.514100188545914, -4.488736922835326, -1.3154444615315577</corner1><corner2>8.514100188545914, 4.488736922835326, 1.3154444615315577</corner2></bounds><pose><translation>-8.514100188545914, -4.488736922835326, -0.05942241156380319</translation><rotation><c1>0, 0, 0</c1><c2>0, 0, 0</c2><c3>0, 0, 0</c3></rotation></pose><symmetry><x>twoFold</x><y>cylindrical</y><z>twoFold</z></symmetry><detectionScore>-1.0</detectionScore></element><element><id>9</id><category>wall</category><bounds><corner1>-6.231402040690126, -2.0187092622741174, -1.3585358215598689</corner1><corner2>6.231402040690126, 2.0187092622741174, 1.3585358215598689</corner2></bounds><pose><translation>-1.5660210613624794, -9.371805258894398, -0.10247906553088323</translation><rotation><c1>0, 0, 0</c1><c2>0, 0, 0</c2><c3>0, 0, 0</c3></rotation></pose><symmetry><x>twoFold</x><y>cylindrical</y><z>twoFold</z></symmetry><detectionScore>-1.0</detectionScore></element><element><id>10</id><category>window</category><bounds><corner1>-1.2201455088673736, -0.11063449595889008, -0.7829983724216221</corner1><corner2>1.2201455088673736, 0.11063449595889008, 0.7829983724216221</corner2></bounds><pose><translation>-1.7611562930319893, 4.493273772374487, 0.11023682574410947</translation><rotation><c1>0, 0, 0</c1><c2>0, 0, 0</c2><c3>0, 0, 0</c3></rotation></pose><symmetry><x>twoFold</x><y>cylindrical</y><z>twoFold</z></symmetry><detectionScore>-1.0</detectionScore></element><element><id>11</id><category>chandelier</category><bounds><corner1>-0.15507321647573313, -0.530257245854111, -0.47236584313747576</corner1><corner2>0.15507321647573313, 0.530257245854111, 0.47236584313747576</corner2></bounds><pose><translation>-8.516085493035726, -4.826228267591615, 0.7427545014463319</translation><rotation><c1>0, 0, 0</c1><c2>0, 0, 0</c2><c3>0, 0, 0</c3></rotation></pose><symmetry><x>twoFold</x><y>cylindrical</y><z>twoFold</z></symmetry><detectionScore>-1.0</detectionScore></element><element><id>12</id><category>bunker_bed</category><bounds><corner1>-0.8930512153268726, -0.2152735410696094, -1.0501782726317606</corner1><corner2>0.8930512153268726, 0.2152735410696094, 1.0501782726317606</corner2></bounds><pose><translation>4.264660054760019, -7.508977843319884, -0.602993317572646</translation><rotation><c1>0, 0, 0</c1><c2>0, 0, 0</c2><c3>0, 0, 0</c3></rotation></pose><symmetry><x>twoFold</x><y>cylindrical</y><z>twoFold</z></symmetry><detectionScore>-1.0</detectionScore></element><element><id>13</id><category>wall</category><bounds><corner1>-0.3816101242744878, -0.3208360860495283, -1.363708112656116</corner1><corner2>0.3816101242744878, 0.3208360860495283, 1.363708112656116</corner2></bounds><pose><translation>-8.492956445020493, -5.588751225074705, -0.2106763130208803</translation><rotation><c1>0, 0, 0</c1><c2>0, 0, 0</c2><c3>0, 0, 0</c3></rotation></pose><symmetry><x>twoFold</x><y>cylindrical</y><z>twoFold</z></symmetry><detectionScore>-1.0</detectionScore></element><element><id>14</id><category>window</category><bounds><corner1>-0.1229720222306474, -1.1967285727889465, -0.7238411308296048</corner1><corner2>0.1229720222306474, 1.1967285727889465, 0.7238411308296048</corner2></bounds><pose><translation>5.361292737665139, -3.0602366937295393, 0.12167785038713222</translation><rotation><c1>0, 0, 0</c1><c2>0, 0, 0</c2><c3>0, 0, 0</c3></rotation></pose><symmetry><x>twoFold</x><y>cylindrical</y><z>twoFold</z></symmetry><detectionScore>-1.0</detectionScore></element><element><id>15</id><category>bunker_bed</category><bounds><corner1>-0.2089534925808687, -0.6181404412667679, -1.04208057475347</corner1><corner2>0.2089534925808687, 0.6181404412667679, 1.04208057475347</corner2></bounds><pose><translation>-6.796050203739622, 3.4205864729176274, -0.6810582381899133</translation><rotation><c1>0, 0, 0</c1><c2>0, 0, 0</c2><c3>0, 0, 0</c3></rotation></pose><symmetry><x>twoFold</x><y>cylindrical</y><z>twoFold</z></symmetry><detectionScore>-1.0</detectionScore></element><element><id>16</id><category>sofa</category><bounds><corner1>-1.0380019507522205, -1.7223140044131344, -0.6271873445811463</corner1><corner2>1.0380019507522205, 1.7223140044131344, 0.6271873445811463</corner2></bounds><pose><translation>4.333531625745827, -2.728179502268882, -1.071879008579004</translation><rotation><c1>0, 0, 0</c1><c2>0, 0, 0</c2><c3>0, 0, 0</c3></rotation></pose><symmetry><x>twoFold</x><y>cylindrical</y><z>twoFold</z></symmetry><detectionScore>-1.0</detectionScore></element></elements></scene>