<?xml version='1.0' encoding='utf-8'?>
<scene xmlns:sumo="https://www.sumochallenge.org"><version>2.0</version><categories><id>fb_categories_v1.0</id><url>https://sumochallenge.org/en/categories-1_0.json</url></categories><project_type>bounding_box</project_type><elements><element><id>7</id><category>chandelier</category><bounds><corner1>-0.18744354, -0.02194476, -0.43689113</corner1><corner2>0.18744354, 0.02194476, 0.43689113</corner2></bounds><pose><translation>-0.2554925 ,  1.18585387, -1.86291956</translation><rotation><c1>1., 0., 0.</c1><c2>0., 1., 0.</c2><c3>0., 0., 1.</c3></rotation></pose><symmetry><x>none</x><y>none</y><z>none</z></symmetry><detectionScore>-1</detectionScore></element><element><id>4</id><category>plant</category><bounds><corner1>-0.50467651, -0.47576793, -0.21296465</corner1><corner2>0.50467651, 0.47576793, 0.21296465</corner2></bounds><pose><translation> 0.52898981, -0.39699283, -1.47394543</translation><rotation><c1>1., 0., 0.</c1><c2>0., 1., 0.</c2><c3>0., 0., 1.</c3></rotation></pose><symmetry><x>none</x><y>none</y><z>none</z></symmetry><detectionScore>-1</detectionScore></element><element><id>2</id><category>door</category><bounds><corner1>-0.47799781, -1.12177906, -0.17654366</corner1><corner2>0.47799781, 1.12177906, 0.17654366</corner2></bounds><pose><translation>-3.49583119, -0.38815604, -1.4010489 </translation><rotation><c1>1., 0., 0.</c1><c2>0., 1., 0.</c2><c3>0., 0., 1.</c3></rotation></pose><symmetry><x>none</x><y>none</y><z>none</z></symmetry><detectionScore>-1</detectionScore></element><element><id>5</id><category>fireplace</category><bounds><corner1>-0.19040618, -0.5223384 , -0.44971254</corner1><corner2>0.19040618, 0.5223384 , 0.44971254</corner2></bounds><pose><translation> 0.64449888, -0.96472852,  3.74404214</translation><rotation><c1>1., 0., 0.</c1><c2>0., 1., 0.</c2><c3>0., 0., 1.</c3></rotation></pose><symmetry><x>none</x><y>none</y><z>none</z></symmetry><detectionScore>-1</detectionScore></element><element><id>12</id><category>dresser</category><bounds><corner1>-0.97882313, -0.30038396, -0.03598202</corner1><corner2>0.97882313, 0.30038396, 0.03598202</corner2></bounds><pose><translation> 0.05417152, -0.75988422, -1.29300494</translation><rotation><c1>1., 0., 0.</c1><c2>0., 1., 0.</c2><c3>0., 0., 1.</c3></rotation></pose><symmetry><x>none</x><y>none</y><z>none</z></symmetry><detectionScore>-1</detectionScore></element><element><id>11</id><category>wall</category><bounds><corner1>-3.24131111, -1.13940219, -2.65511737</corner1><corner2>3.24131111, 1.13940219, 2.65511737</corner2></bounds><pose><translation>-6.39017216, -0.16629935,  1.17862272</translation><rotation><c1>1., 0., 0.</c1><c2>0., 1., 0.</c2><c3>0., 0., 1.</c3></rotation></pose><symmetry><x>none</x><y>none</y><z>none</z></symmetry><detectionScore>-1</detectionScore></element><element><id>10</id><category>chandelier</category><bounds><corner1>-0.33052654, -0.02052719, -0.46211872</corner1><corner2>0.33052654, 0.02052719, 0.46211872</corner2></bounds><pose><translation>-0.94429528,  1.18759529, -1.88910272</translation><rotation><c1>1., 0., 0.</c1><c2>0., 1., 0.</c2><c3>0., 0., 1.</c3></rotation></pose><symmetry><x>none</x><y>none</y><z>none</z></symmetry><detectionScore>-1</detectionScore></element><element><id>6</id><category>chandelier</category><bounds><corner1>-1.33435353, -0.0230515 , -1.91060815</corner1><corner2>1.33435353, 0.0230515 , 1.91060815</corner2></bounds><pose><translation>-4.48321459,  1.18425324,  2.10649006</translation><rotation><c1>1., 0., 0.</c1><c2>0., 1., 0.</c2><c3>0., 0., 1.</c3></rotation></pose><symmetry><x>none</x><y>none</y><z>none</z></symmetry><detectionScore>-1</detectionScore></element><element><id>13</id><category>wall</category><bounds><corner1>-1.36619745, -0.42966244, -0.27509506</corner1><corner2>1.36619745, 0.42966244, 0.27509506</corner2></bounds><pose><translation>-0.35357297, -0.02355717, -1.69005875</translation><rotation><c1>1., 0., 0.</c1><c2>0., 1., 0.</c2><c3>0., 0., 1.</c3></rotation></pose><symmetry><x>none</x><y>none</y><z>none</z></symmetry><detectionScore>-1</detectionScore></element><element><id>3</id><category>arch</category><bounds><corner1>-1.10968644, -1.43740358, -1.43829186</corner1><corner2>1.10968644, 1.43740358, 1.43829186</corner2></bounds><pose><translation>-1.08843743, -0.52138217,  5.69569945</translation><rotation><c1>1., 0., 0.</c1><c2>0., 1., 0.</c2><c3>0., 0., 1.</c3></rotation></pose><symmetry><x>none</x><y>none</y><z>none</z></symmetry><detectionScore>-1</detectionScore></element><element><id>8</id><category>table_and_chair</category><bounds><corner1>-0.40390004, -0.53854959, -2.7501247 </corner1><corner2>0.40390004, 0.53854959, 2.7501247 </corner2></bounds><pose><translation>-3.19187685, -1.14273439,  1.61719354</translation><rotation><c1>1., 0., 0.</c1><c2>0., 1., 0.</c2><c3>0., 0., 1.</c3></rotation></pose><symmetry><x>none</x><y>none</y><z>none</z></symmetry><detectionScore>-1</detectionScore></element><element><id>1</id><category>plant</category><bounds><corner1>-1.88337676, -0.91517256, -3.00655004</corner1><corner2>1.88337676, 0.91517256, 3.00655004</corner2></bounds><pose><translation>-2.51218919, -0.46643244, -4.44449641</translation><rotation><c1>1., 0., 0.</c1><c2>0., 1., 0.</c2><c3>0., 0., 1.</c3></rotation></pose><symmetry><x>none</x><y>none</y><z>none</z></symmetry><detectionScore>-1</detectionScore></element></elements></scene>