<?xml version='1.0' encoding='utf-8'?>
<scene xmlns:sumo="https://www.sumochallenge.org"><version>2.0</version><categories><id>fb_categories_v1_0</id><url>https://sumochallenge.org/en/categories-1_0.json</url></categories><project_type>bounding_box</project_type><elements><element><id>0</id><category>chair</category><bounds><corner1>-4.162348895004984, -0.605739224234895, -0.9464302304117567</corner1><corner2>4.162348895004984, 0.605739224234895, 0.9464302304117567</corner2></bounds><pose><translation>2.0465308806573197, -1.1426049344156868, 0.781910215165392</translation><rotation><c1>1, 0, 0</c1><c2>0, 1, 0</c2><c3>0, 0, 1</c3></rotation></pose><symmetry><x>twoFold</x><y>cylindrical</y><z>twoFold</z></symmetry><detectionScore>-1.0</detectionScore></element><element><id>1</id><category>chair</category><bounds><corner1>-1.488502676802252, -0.49937832048873987, -0.8484168887241048</corner1><corner2>1.488502676802252, 0.49937832048873987, 0.8484168887241048</corner2></bounds><pose><translation>6.902149709148283, -1.1609382186525485, -4.411514909522102</translation><rotation><c1>1, 0, 0</c1><c2>0, 1, 0</c2><c3>0, 0, 1</c3></rotation></pose><symmetry><x>twoFold</x><y>cylindrical</y><z>twoFold</z></symmetry><detectionScore>-1.0</detectionScore></element><element><id>2</id><category>wall</category><bounds><corner1>-0.6121691462347789, -1.3885110817662687, -1.6740754617922882</corner1><corner2>0.6121691462347789, 1.3885110817662687, 1.6740754617922882</corner2></bounds><pose><translation>-1.3021826954128175, 0.014054871307931814, -4.787556872439215</translation><rotation><c1>1, 0, 0</c1><c2>0, 1, 0</c2><c3>0, 0, 1</c3></rotation></pose><symmetry><x>twoFold</x><y>cylindrical</y><z>twoFold</z></symmetry><detectionScore>-1.0</detectionScore></element><element><id>3</id><category>wall</category><bounds><corner1>-8.247045401540284, -1.1828444940782377, -0.0</corner1><corner2>8.247045401540284, 1.1828444940782377, 0.0</corner2></bounds><pose><translation>0.0, 0.0, 0.0</translation><rotation><c1>1, 0, 0</c1><c2>0, 1, 0</c2><c3>0, 0, 1</c3></rotation></pose><symmetry><x>twoFold</x><y>cylindrical</y><z>twoFold</z></symmetry><detectionScore>-1.0</detectionScore></element><element><id>4</id><category>window</category><bounds><corner1>-0.26882620600659024, -0.6906584786275567, -5.2687030850516985</corner1><corner2>0.26882620600659024, 0.6906584786275567, 5.2687030850516985</corner2></bounds><pose><translation>8.111796747960549, -0.6906584786275567, -5.2687030850516985</translation><rotation><c1>1, 0, 0</c1><c2>0, 1, 0</c2><c3>0, 0, 1</c3></rotation></pose><symmetry><x>twoFold</x><y>cylindrical</y><z>twoFold</z></symmetry><detectionScore>-1.0</detectionScore></element><element><id>5</id><category>door</category><bounds><corner1>-0.33229562386458333, -1.4267544311777725, -1.3229252122604982</corner1><corner2>0.33229562386458333, 1.4267544311777725, 1.3229252122604982</corner2></bounds><pose><translation>-1.3688371817523313, -0.2446563273429353, -3.3618718496408215</translation><rotation><c1>1, 0, 0</c1><c2>0, 1, 0</c2><c3>0, 0, 1</c3></rotation></pose><symmetry><x>twoFold</x><y>cylindrical</y><z>twoFold</z></symmetry><detectionScore>-1.0</detectionScore></element><element><id>6</id><category>plant</category><bounds><corner1>-1.6390239468588899, -0.6739801764839618, -9.831021774568224</corner1><corner2>1.6390239468588899, 0.6739801764839618, 9.831021774568224</corner2></bounds><pose><translation>6.6354306498786055, -0.5961409736353878, -9.831021774568224</translation><rotation><c1>1, 0, 0</c1><c2>0, 1, 0</c2><c3>0, 0, 1</c3></rotation></pose><symmetry><x>twoFold</x><y>cylindrical</y><z>twoFold</z></symmetry><detectionScore>-1.0</detectionScore></element><element><id>7</id><category>window</category><bounds><corner1>-1.5030762331084357, -0.6312804545528392, -8.904503775911888</corner1><corner2>1.5030762331084357, 0.6312804545528392, 8.904503775911888</corner2></bounds><pose><translation>6.798010690917501, -0.553808831863571, -8.904503775911888</translation><rotation><c1>1, 0, 0</c1><c2>0, 1, 0</c2><c3>0, 0, 1</c3></rotation></pose><symmetry><x>twoFold</x><y>cylindrical</y><z>twoFold</z></symmetry><detectionScore>-1.0</detectionScore></element><element><id>8</id><category>picture_frame</category><bounds><corner1>-2.487342991848969, -0.8463084716140424, -0.11407725025869286</corner1><corner2>2.487342991848969, 0.8463084716140424, 0.11407725025869286</corner2></bounds><pose><translation>1.0678345492053636, -0.5687805052312915, 4.131526327506028</translation><rotation><c1>1, 0, 0</c1><c2>0, 1, 0</c2><c3>0, 0, 1</c3></rotation></pose><symmetry><x>twoFold</x><y>cylindrical</y><z>twoFold</z></symmetry><detectionScore>-1.0</detectionScore></element><element><id>9</id><category>wall</category><bounds><corner1>-0.31162511245105895, -1.2248333707588688, -1.3061961744491277</corner1><corner2>0.31162511245105895, 1.2248333707588688, 1.3061961744491277</corner2></bounds><pose><translation>-1.385712185186161, 0.05264930116539638, -3.151915210400682</translation><rotation><c1>1, 0, 0</c1><c2>0, 1, 0</c2><c3>0, 0, 1</c3></rotation></pose><symmetry><x>twoFold</x><y>cylindrical</y><z>twoFold</z></symmetry><detectionScore>-1.0</detectionScore></element><element><id>10</id><category>table_and_chair</category><bounds><corner1>-4.422097864242791, -0.30167249251868744, -2.8192565538360177</corner1><corner2>4.422097864242791, 0.30167249251868744, 2.8192565538360177</corner2></bounds><pose><translation>4.034861196019867, -0.7746905849007492, 0.9665222606138862</translation><rotation><c1>1, 0, 0</c1><c2>0, 1, 0</c2><c3>0, 0, 1</c3></rotation></pose><symmetry><x>twoFold</x><y>cylindrical</y><z>twoFold</z></symmetry><detectionScore>-1.0</detectionScore></element><element><id>11</id><category>armchair</category><bounds><corner1>-3.0763797200799274, -0.5422479984802855, -1.0002176903548436</corner1><corner2>3.0763797200799274, 0.5422479984802855, 1.0002176903548436</corner2></bounds><pose><translation>1.7869261958150358, -1.122826444724927, 0.8540258563126127</translation><rotation><c1>1, 0, 0</c1><c2>0, 1, 0</c2><c3>0, 0, 1</c3></rotation></pose><symmetry><x>twoFold</x><y>cylindrical</y><z>twoFold</z></symmetry><detectionScore>-1.0</detectionScore></element><element><id>12</id><category>armchair</category><bounds><corner1>-1.4741593510139586, -0.41335467760446487, -0.5756023988802856</corner1><corner2>1.4741593510139586, 0.41335467760446487, 0.5756023988802856</corner2></bounds><pose><translation>6.917380522532205, -1.0526347311448938, -4.495785002074444</translation><rotation><c1>1, 0, 0</c1><c2>0, 1, 0</c2><c3>0, 0, 1</c3></rotation></pose><symmetry><x>twoFold</x><y>cylindrical</y><z>twoFold</z></symmetry><detectionScore>-1.0</detectionScore></element><element><id>13</id><category>wall_lamp</category><bounds><corner1>-0.28806881397871265, -0.19993603900036017, -0.08100937860539581</corner1><corner2>0.28806881397871265, 0.19993603900036017, 0.08100937860539581</corner2></bounds><pose><translation>-1.6347746481959504, 0.4039658482362537, -0.3524266355086945</translation><rotation><c1>1, 0, 0</c1><c2>0, 1, 0</c2><c3>0, 0, 1</c3></rotation></pose><symmetry><x>twoFold</x><y>cylindrical</y><z>twoFold</z></symmetry><detectionScore>-1.0</detectionScore></element><element><id>14</id><category>wall_lamp</category><bounds><corner1>-0.32887541805761433, -0.563004957168865, -0.4079272406133678</corner1><corner2>0.32887541805761433, 0.563004957168865, 0.4079272406133678</corner2></bounds><pose><translation>-1.4029624907927163, 0.40974668619877663, -2.2208226248406953</translation><rotation><c1>1, 0, 0</c1><c2>0, 1, 0</c2><c3>0, 0, 1</c3></rotation></pose><symmetry><x>twoFold</x><y>cylindrical</y><z>twoFold</z></symmetry><detectionScore>-1.0</detectionScore></element><element><id>15</id><category>sofa</category><bounds><corner1>-1.9968095055284154, -0.8553784973443697, -2.1131737153819925</corner1><corner2>1.9968095055284154, 0.8553784973443697, 2.1131737153819925</corner2></bounds><pose><translation>-0.8454321962098511, -1.1244039594735549, -6.010993905546423</translation><rotation><c1>1, 0, 0</c1><c2>0, 1, 0</c2><c3>0, 0, 1</c3></rotation></pose><symmetry><x>twoFold</x><y>cylindrical</y><z>twoFold</z></symmetry><detectionScore>-1.0</detectionScore></element><element><id>16</id><category>window</category><bounds><corner1>-0.24030260666864223, -0.5400755450716157, -3.7301041524596945</corner1><corner2>0.24030260666864223, 0.5400755450716157, 3.7301041524596945</corner2></bounds><pose><translation>8.200520656497838, -0.5400755450716157, -3.7301041524596945</translation><rotation><c1>1, 0, 0</c1><c2>0, 1, 0</c2><c3>0, 0, 1</c3></rotation></pose><symmetry><x>twoFold</x><y>cylindrical</y><z>twoFold</z></symmetry><detectionScore>-1.0</detectionScore></element><element><id>17</id><category>table_and_chair</category><bounds><corner1>-5.960142638338736, -0.36300372738720765, -3.095264985616176</corner1><corner2>5.960142638338736, 0.36300372738720765, 3.095264985616176</corner2></bounds><pose><translation>2.4897006856747415, -0.8515448414521124, 0.9342782577114562</translation><rotation><c1>1, 0, 0</c1><c2>0, 1, 0</c2><c3>0, 0, 1</c3></rotation></pose><symmetry><x>twoFold</x><y>cylindrical</y><z>twoFold</z></symmetry><detectionScore>-1.0</detectionScore></element><element><id>18</id><category>wall</category><bounds><corner1>-2.052126073320783, -1.5201517178883646, -0.17866039974420733</corner1><corner2>2.052126073320783, 1.5201517178883646, 0.17866039974420733</corner2></bounds><pose><translation>0.5327503357450462, -0.020294946091969385, 4.1365223996361005</translation><rotation><c1>1, 0, 0</c1><c2>0, 1, 0</c2><c3>0, 0, 1</c3></rotation></pose><symmetry><x>twoFold</x><y>cylindrical</y><z>twoFold</z></symmetry><detectionScore>-1.0</detectionScore></element><element><id>19</id><category>shelving</category><bounds><corner1>-0.31740830897255967, -0.25617731466975024, -0.5010127434909724</corner1><corner2>0.31740830897255967, 0.25617731466975024, 0.5010127434909724</corner2></bounds><pose><translation>-1.5480490029440894, 0.42579617538586956, -0.772430000394271</translation><rotation><c1>1, 0, 0</c1><c2>0, 1, 0</c2><c3>0, 0, 1</c3></rotation></pose><symmetry><x>twoFold</x><y>cylindrical</y><z>twoFold</z></symmetry><detectionScore>-1.0</detectionScore></element><element><id>20</id><category>outdoor_seating</category><bounds><corner1>-1.3741481562468367, -0.8685009491630531, -9.90923972547701</corner1><corner2>1.3741481562468367, 0.8685009491630531, 9.90923972547701</corner2></bounds><pose><translation>6.910650732074527, -0.8685009491630531, -9.90923972547701</translation><rotation><c1>1, 0, 0</c1><c2>0, 1, 0</c2><c3>0, 0, 1</c3></rotation></pose><symmetry><x>twoFold</x><y>cylindrical</y><z>twoFold</z></symmetry><detectionScore>-1.0</detectionScore></element><element><id>21</id><category>gym_equipment</category><bounds><corner1>-1.4436145699711407, -0.4116963726326891, -0.5787814401423805</corner1><corner2>1.4436145699711407, 0.4116963726326891, 0.5787814401423805</corner2></bounds><pose><translation>6.947925303575023, -1.050976426173118, -4.544089636948326</translation><rotation><c1>1, 0, 0</c1><c2>0, 1, 0</c2><c3>0, 0, 1</c3></rotation></pose><symmetry><x>twoFold</x><y>cylindrical</y><z>twoFold</z></symmetry><detectionScore>-1.0</detectionScore></element><element><id>22</id><category>chandelier</category><bounds><corner1>-0.47606664150515243, -0.05290970572955267, -0.43203758851953755</corner1><corner2>0.47606664150515243, 0.05290970572955267, 0.43203758851953755</corner2></bounds><pose><translation>3.14158611097623, 1.4823261263493956, -1.5566687321166888</translation><rotation><c1>1, 0, 0</c1><c2>0, 1, 0</c2><c3>0, 0, 1</c3></rotation></pose><symmetry><x>twoFold</x><y>cylindrical</y><z>twoFold</z></symmetry><detectionScore>-1.0</detectionScore></element><element><id>23</id><category>sofa</category><bounds><corner1>-0.34591289685526494, -0.611962662324375, -1.4399163051813528</corner1><corner2>0.34591289685526494, 0.611962662324375, 1.4399163051813528</corner2></bounds><pose><translation>-1.3079197858610483, -0.6558982622545603, -4.697231226781534</translation><rotation><c1>1, 0, 0</c1><c2>0, 1, 0</c2><c3>0, 0, 1</c3></rotation></pose><symmetry><x>twoFold</x><y>cylindrical</y><z>twoFold</z></symmetry><detectionScore>-1.0</detectionScore></element></elements></scene>