<?xml version='1.0' encoding='utf-8'?>
<scene xmlns:sumo="https://www.sumochallenge.org"><version>2.0</version><categories><id>fb_categories_v1_0</id><url>https://sumochallenge.org/en/categories-1_0.json</url></categories><project_type>bounding_box</project_type><elements><element><id>0</id><category>picture_frame</category><bounds><corner1>-0.08401712873054512, -0.5455557363148587, -0.7408419351808637</corner1><corner2>0.08401712873054512, 0.5455557363148587, 0.7408419351808637</corner2></bounds><pose><translation>-1.3203339029449992, 0.5926139813647024, 0.10089551028573385</translation><rotation><c1>0, 0, 0</c1><c2>0, 0, 0</c2><c3>0, 0, 0</c3></rotation></pose><symmetry><x>twoFold</x><y>cylindrical</y><z>twoFold</z></symmetry><detectionScore>-1.0</detectionScore></element><element><id>1</id><category>wall</category><bounds><corner1>-0.12544270091249166, -2.6656974152710053, -1.3886811719105543</corner1><corner2>0.12544270091249166, 2.6656974152710053, 1.3886811719105543</corner2></bounds><pose><translation>3.1866816996553893, 0.14052095692264863, -0.23572276731958658</translation><rotation><c1>0, 0, 0</c1><c2>0, 0, 0</c2><c3>0, 0, 0</c3></rotation></pose><symmetry><x>twoFold</x><y>cylindrical</y><z>twoFold</z></symmetry><detectionScore>-1.0</detectionScore></element><element><id>2</id><category>dining_table</category><bounds><corner1>-1.1333132170913316, -0.5682194458921384, -0.39008314693513013</corner1><corner2>1.1333132170913316, 0.5682194458921384, 0.39008314693513013</corner2></bounds><pose><translation>-0.41078103022909945, -2.0593651990307635, -1.09580921968234</translation><rotation><c1>0, 0, 0</c1><c2>0, 0, 0</c2><c3>0, 0, 0</c3></rotation></pose><symmetry><x>twoFold</x><y>cylindrical</y><z>twoFold</z></symmetry><detectionScore>-1.0</detectionScore></element><element><id>3</id><category>window</category><bounds><corner1>-1.0316362793256415, -0.1705635384855304, -0.7685160702608568</corner1><corner2>1.0316362793256415, 0.1705635384855304, 0.7685160702608568</corner2></bounds><pose><translation>1.6254528828176928, -2.8155322908176146, 0.09080404759162526</translation><rotation><c1>0, 0, 0</c1><c2>0, 0, 0</c2><c3>0, 0, 0</c3></rotation></pose><symmetry><x>twoFold</x><y>cylindrical</y><z>twoFold</z></symmetry><detectionScore>-1.0</detectionScore></element><element><id>4</id><category>kitchen_cabinet</category><bounds><corner1>-0.08645889558655284, -0.3132517874352482, -0.49127917768547497</corner1><corner2>0.08645889558655284, 0.3132517874352482, 0.49127917768547497</corner2></bounds><pose><translation>-1.3958663152372048, -0.30932269504405485, -0.8195120136348104</translation><rotation><c1>0, 0, 0</c1><c2>0, 0, 0</c2><c3>0, 0, 0</c3></rotation></pose><symmetry><x>twoFold</x><y>cylindrical</y><z>twoFold</z></symmetry><detectionScore>-1.0</detectionScore></element><element><id>5</id><category>pedestal_fan</category><bounds><corner1>-0.08860300512410735, -1.1916900175105805, -0.7740681754113861</corner1><corner2>0.08860300512410735, 1.1916900175105805, 0.7740681754113861</corner2></bounds><pose><translation>3.1650763884796396, -1.8598564164821947, -1.1383849673766422</translation><rotation><c1>0, 0, 0</c1><c2>0, 0, 0</c2><c3>0, 0, 0</c3></rotation></pose><symmetry><x>twoFold</x><y>cylindrical</y><z>twoFold</z></symmetry><detectionScore>-1.0</detectionScore></element><element><id>6</id><category>glass</category><bounds><corner1>-0.4080880056849454, -0.03305972245172839, -0.10528807683676733</corner1><corner2>0.4080880056849454, 0.03305972245172839, 0.10528807683676733</corner2></bounds><pose><translation>-0.20352853575634303, -1.514313432246249, -0.8944584866241405</translation><rotation><c1>0, 0, 0</c1><c2>0, 0, 0</c2><c3>0, 0, 0</c3></rotation></pose><symmetry><x>twoFold</x><y>cylindrical</y><z>twoFold</z></symmetry><detectionScore>-1.0</detectionScore></element><element><id>7</id><category>shelving</category><bounds><corner1>-0.06126490574433685, -0.25587164636672416, -0.49953018114056924</corner1><corner2>0.06126490574433685, 0.25587164636672416, 0.49953018114056924</corner2></bounds><pose><translation>-1.290875377149421, -0.5177830730629059, 0.8122568993116444</translation><rotation><c1>0, 0, 0</c1><c2>0, 0, 0</c2><c3>0, 0, 0</c3></rotation></pose><symmetry><x>twoFold</x><y>cylindrical</y><z>twoFold</z></symmetry><detectionScore>-1.0</detectionScore></element><element><id>8</id><category>kitchen_cabinet</category><bounds><corner1>-0.2521746377092682, -0.4249045531136185, -1.327396679591472</corner1><corner2>0.2521746377092682, 0.4249045531136185, 1.327396679591472</corner2></bounds><pose><translation>-1.4674487957413935, -0.6403347525765987, -0.06832293989315492</translation><rotation><c1>0, 0, 0</c1><c2>0, 0, 0</c2><c3>0, 0, 0</c3></rotation></pose><symmetry><x>twoFold</x><y>cylindrical</y><z>twoFold</z></symmetry><detectionScore>-1.0</detectionScore></element><element><id>9</id><category>hanging_kitchen_cabinet</category><bounds><corner1>-0.06200650995861112, -0.24947357922016933, -0.5163687908382719</corner1><corner2>0.06200650995861112, 0.24947357922016933, 0.5163687908382719</corner2></bounds><pose><translation>-1.2917356734823016, -0.519053469440097, 0.79162973379394</translation><rotation><c1>0, 0, 0</c1><c2>0, 0, 0</c2><c3>0, 0, 0</c3></rotation></pose><symmetry><x>twoFold</x><y>cylindrical</y><z>twoFold</z></symmetry><detectionScore>-1.0</detectionScore></element><element><id>10</id><category>curtain</category><bounds><corner1>-1.0177755140170834, -0.3131976078590717, -0.8420586869331323</corner1><corner2>1.0177755140170834, 0.3131976078590717, 0.8420586869331323</corner2></bounds><pose><translation>-1.600905266766669, -2.8007290645066276, 0.12121346961116225</translation><rotation><c1>0, 0, 0</c1><c2>0, 0, 0</c2><c3>0, 0, 0</c3></rotation></pose><symmetry><x>twoFold</x><y>cylindrical</y><z>twoFold</z></symmetry><detectionScore>-1.0</detectionScore></element><element><id>11</id><category>desk</category><bounds><corner1>-0.6818515602672187, -1.0851887413773973, -0.5927717418754291</corner1><corner2>0.6818515602672187, 1.0851887413773973, 0.5927717418754291</corner2></bounds><pose><translation>0.3278421585931929, 2.080241782644964, -1.2368720158440891</translation><rotation><c1>0, 0, 0</c1><c2>0, 0, 0</c2><c3>0, 0, 0</c3></rotation></pose><symmetry><x>twoFold</x><y>cylindrical</y><z>twoFold</z></symmetry><detectionScore>-1.0</detectionScore></element><element><id>12</id><category>tv_stand</category><bounds><corner1>-0.3429987462795645, -1.1451021728249526, -0.9359570712005054</corner1><corner2>0.3429987462795645, 1.1451021728249526, 0.9359570712005054</corner2></bounds><pose><translation>2.9702154170188724, -0.13537919041517116, -0.9169090931457136</translation><rotation><c1>0, 0, 0</c1><c2>0, 0, 0</c2><c3>0, 0, 0</c3></rotation></pose><symmetry><x>twoFold</x><y>cylindrical</y><z>twoFold</z></symmetry><detectionScore>-1.0</detectionScore></element><element><id>13</id><category>tv_stand</category><bounds><corner1>-0.3933824396081116, -0.9004268720573384, -0.5858390155877019</corner1><corner2>0.3933824396081116, 0.9004268720573384, 0.5858390155877019</corner2></bounds><pose><translation>2.7758096396495624, -0.09416243584034925, -1.3677988361946498</translation><rotation><c1>0, 0, 0</c1><c2>0, 0, 0</c2><c3>0, 0, 0</c3></rotation></pose><symmetry><x>twoFold</x><y>cylindrical</y><z>twoFold</z></symmetry><detectionScore>-1.0</detectionScore></element><element><id>14</id><category>chair</category><bounds><corner1>-0.3961460106751068, -0.03335901379613704, -0.15735513295638992</corner1><corner2>0.3961460106751068, 0.03335901379613704, 0.15735513295638992</corner2></bounds><pose><translation>-0.26133108011123074, -1.5145383991824766, -0.9911016689225874</translation><rotation><c1>0, 0, 0</c1><c2>0, 0, 0</c2><c3>0, 0, 0</c3></rotation></pose><symmetry><x>twoFold</x><y>cylindrical</y><z>twoFold</z></symmetry><detectionScore>-1.0</detectionScore></element><element><id>15</id><category>window</category><bounds><corner1>-1.058082742779852, -0.16353454920736876, -0.7999961956264425</corner1><corner2>1.058082742779852, 0.16353454920736876, 0.7999961956264425</corner2></bounds><pose><translation>-1.7177277409412226, -2.7955699360438007, 0.14781582933060794</translation><rotation><c1>0, 0, 0</c1><c2>0, 0, 0</c2><c3>0, 0, 0</c3></rotation></pose><symmetry><x>twoFold</x><y>cylindrical</y><z>twoFold</z></symmetry><detectionScore>-1.0</detectionScore></element><element><id>16</id><category>wall</category><bounds><corner1>-1.3209765936149078, -0.7763660498970154, -1.4421124100362213</corner1><corner2>1.3209765936149078, 0.7763660498970154, 1.4421124100362213</corner2></bounds><pose><translation>-2.6215142465835504, -0.976796710882114, -0.3042422955717067</translation><rotation><c1>0, 0, 0</c1><c2>0, 0, 0</c2><c3>0, 0, 0</c3></rotation></pose><symmetry><x>twoFold</x><y>cylindrical</y><z>twoFold</z></symmetry><detectionScore>-1.0</detectionScore></element><element><id>17</id><category>washer</category><bounds><corner1>-0.7891011774773369, -0.634279565617297, -0.2636730475172815</corner1><corner2>0.7891011774773369, 0.634279565617297, 0.2636730475172815</corner2></bounds><pose><translation>-2.0143964026096612, -0.9512270049430065, -0.9101964459159244</translation><rotation><c1>0, 0, 0</c1><c2>0, 0, 0</c2><c3>0, 0, 0</c3></rotation></pose><symmetry><x>twoFold</x><y>cylindrical</y><z>twoFold</z></symmetry><detectionScore>-1.0</detectionScore></element><element><id>18</id><category>coffee_table</category><bounds><corner1>-0.3999250742822502, -0.8807649072224644, -0.518644533673047</corner1><corner2>0.3999250742822502, 0.8807649072224644, 0.518644533673047</corner2></bounds><pose><translation>2.7648448374392873, -0.08622164757314836, -1.3012278853203882</translation><rotation><c1>0, 0, 0</c1><c2>0, 0, 0</c2><c3>0, 0, 0</c3></rotation></pose><symmetry><x>twoFold</x><y>cylindrical</y><z>twoFold</z></symmetry><detectionScore>-1.0</detectionScore></element><element><id>19</id><category>range_hood</category><bounds><corner1>-0.19364120940166352, -0.35317265822096483, -0.7493944827088201</corner1><corner2>0.19364120940166352, 0.35317265822096483, 0.7493944827088201</corner2></bounds><pose><translation>-1.4704621122471409, -0.5404012950978667, 0.428462465300481</translation><rotation><c1>0, 0, 0</c1><c2>0, 0, 0</c2><c3>0, 0, 0</c3></rotation></pose><symmetry><x>twoFold</x><y>cylindrical</y><z>twoFold</z></symmetry><detectionScore>-1.0</detectionScore></element><element><id>20</id><category>loudspeaker</category><bounds><corner1>-0.39961980431861877, -0.28115993178316623, -0.7153032219347492</corner1><corner2>0.39961980431861877, 0.28115993178316623, 0.7153032219347492</corner2></bounds><pose><translation>2.881808827461781, -1.2698300583039788, -1.0315051301256113</translation><rotation><c1>0, 0, 0</c1><c2>0, 0, 0</c2><c3>0, 0, 0</c3></rotation></pose><symmetry><x>twoFold</x><y>cylindrical</y><z>twoFold</z></symmetry><detectionScore>-1.0</detectionScore></element><element><id>21</id><category>chair</category><bounds><corner1>-0.44171898143321986, -0.14687174990451202, -0.2741957023335394</corner1><corner2>0.44171898143321986, 0.14687174990451202, 0.2741957023335394</corner2></bounds><pose><translation>-0.31434206402497883, -1.6333112904953957, -0.9670159585497208</translation><rotation><c1>0, 0, 0</c1><c2>0, 0, 0</c2><c3>0, 0, 0</c3></rotation></pose><symmetry><x>twoFold</x><y>cylindrical</y><z>twoFold</z></symmetry><detectionScore>-1.0</detectionScore></element><element><id>22</id><category>chair</category><bounds><corner1>-0.608568177092087, -0.4168741553213904, -0.4432142982276168</corner1><corner2>0.608568177092087, 0.4168741553213904, 0.4432142982276168</corner2></bounds><pose><translation>-1.317992234509244, -2.1841935190625117, -1.0507154252948596</translation><rotation><c1>0, 0, 0</c1><c2>0, 0, 0</c2><c3>0, 0, 0</c3></rotation></pose><symmetry><x>twoFold</x><y>cylindrical</y><z>twoFold</z></symmetry><detectionScore>-1.0</detectionScore></element><element><id>23</id><category>office_chair</category><bounds><corner1>-0.9438896512368551, -0.5844434278515638, -0.7117450872792248</corner1><corner2>0.9438896512368551, 0.5844434278515638, 0.7117450872792248</corner2></bounds><pose><translation>1.4685051491643413, 2.5686555207752324, -1.2326779968942359</translation><rotation><c1>0, 0, 0</c1><c2>0, 0, 0</c2><c3>0, 0, 0</c3></rotation></pose><symmetry><x>twoFold</x><y>cylindrical</y><z>twoFold</z></symmetry><detectionScore>-1.0</detectionScore></element><element><id>24</id><category>loudspeaker</category><bounds><corner1>-0.38256136122817486, -0.4991547649470127, -0.7256801896201619</corner1><corner2>0.38256136122817486, 0.4991547649470127, 0.7256801896201619</corner2></bounds><pose><translation>2.8967440646526907, 1.2226488268937143, -1.0926207654834008</translation><rotation><c1>0, 0, 0</c1><c2>0, 0, 0</c2><c3>0, 0, 0</c3></rotation></pose><symmetry><x>twoFold</x><y>cylindrical</y><z>twoFold</z></symmetry><detectionScore>-1.0</detectionScore></element><element><id>25</id><category>wall</category><bounds><corner1>-0.0, -2.1022577563385756, -1.252827394308581</corner1><corner2>0.0, 2.1022577563385756, 1.252827394308581</corner2></bounds><pose><translation>0.0, 0.0, 0.0</translation><rotation><c1>0, 0, 0</c1><c2>0, 0, 0</c2><c3>0, 0, 0</c3></rotation></pose><symmetry><x>twoFold</x><y>cylindrical</y><z>twoFold</z></symmetry><detectionScore>-1.0</detectionScore></element><element><id>26</id><category>kitchen_cabinet</category><bounds><corner1>-0.2784741761855798, -0.5599824962509983, -0.3393817290983021</corner1><corner2>0.2784741761855798, 0.5599824962509983, 0.3393817290983021</corner2></bounds><pose><translation>-1.4673429257178976, -0.8233548866826359, -0.9493069435803576</translation><rotation><c1>0, 0, 0</c1><c2>0, 0, 0</c2><c3>0, 0, 0</c3></rotation></pose><symmetry><x>twoFold</x><y>cylindrical</y><z>twoFold</z></symmetry><detectionScore>-1.0</detectionScore></element><element><id>27</id><category>chair</category><bounds><corner1>-0.5375828662032609, -0.4848613868784519, -0.642208665240211</corner1><corner2>0.5375828662032609, 0.4848613868784519, 0.642208665240211</corner2></bounds><pose><translation>0.6826411084874304, -2.328939879998866, -1.236647130198222</translation><rotation><c1>0, 0, 0</c1><c2>0, 0, 0</c2><c3>0, 0, 0</c3></rotation></pose><symmetry><x>twoFold</x><y>cylindrical</y><z>twoFold</z></symmetry><detectionScore>-1.0</detectionScore></element></elements></scene>