<?xml version='1.0' encoding='utf-8'?>
<scene xmlns:sumo="https://www.sumochallenge.org"><version>2.0</version><categories><id>fb_categories_v1_0</id><url>https://sumochallenge.org/en/categories-1_0.json</url></categories><project_type>bounding_box</project_type><elements><element><id>0</id><category>wall</category><bounds><corner1>-0.2686176330121821, -1.3838160474083883, -2.1578958463997218</corner1><corner2>0.2686176330121821, 1.3838160474083883, 2.1578958463997218</corner2></bounds><pose><translation>11.201422444848692, -0.11437182098623488, -0.6504434379330033</translation><rotation><c1>1, 0, 0</c1><c2>0, 1, 0</c2><c3>0, 0, 1</c3></rotation></pose><symmetry><x>twoFold</x><y>cylindrical</y><z>twoFold</z></symmetry><detectionScore>-1.0</detectionScore></element><element><id>1</id><category>ceiling_fan</category><bounds><corner1>-0.687383484921599, -0.1141382272676148, -0.9254173752341482</corner1><corner2>0.687383484921599, 0.1141382272676148, 0.9254173752341482</corner2></bounds><pose><translation>-2.5645437343227853, 1.4001786772432399, -1.103502471720818</translation><rotation><c1>1, 0, 0</c1><c2>0, 1, 0</c2><c3>0, 0, 1</c3></rotation></pose><symmetry><x>twoFold</x><y>cylindrical</y><z>twoFold</z></symmetry><detectionScore>-1.0</detectionScore></element><element><id>2</id><category>kitchen_cabinet</category><bounds><corner1>-0.23291828277162585, -1.2073321397979524, -0.589594411043449</corner1><corner2>0.23291828277162585, 1.2073321397979524, 0.589594411043449</corner2></bounds><pose><translation>-1.7767656636857105, -0.6689028889957105, 0.9619032393683828</translation><rotation><c1>1, 0, 0</c1><c2>0, 1, 0</c2><c3>0, 0, 1</c3></rotation></pose><symmetry><x>twoFold</x><y>cylindrical</y><z>twoFold</z></symmetry><detectionScore>-1.0</detectionScore></element><element><id>3</id><category>kitchen_cabinet</category><bounds><corner1>-1.322509690195694, -0.6558442717769777, -0.43784521132108845</corner1><corner2>1.322509690195694, 0.6558442717769777, 0.43784521132108845</corner2></bounds><pose><translation>0.35643972236471805, -1.105133369336239, -2.239874185138194</translation><rotation><c1>1, 0, 0</c1><c2>0, 1, 0</c2><c3>0, 0, 1</c3></rotation></pose><symmetry><x>twoFold</x><y>cylindrical</y><z>twoFold</z></symmetry><detectionScore>-1.0</detectionScore></element><element><id>4</id><category>floor_lamp</category><bounds><corner1>-3.8378630389234534, -2.025119518503672, -1.390026019736726</corner1><corner2>3.8378630389234534, 2.025119518503672, 1.390026019736726</corner2></bounds><pose><translation>7.632177038937421, -0.7204911298758303, -1.2445081545426484</translation><rotation><c1>1, 0, 0</c1><c2>0, 1, 0</c2><c3>0, 0, 1</c3></rotation></pose><symmetry><x>twoFold</x><y>cylindrical</y><z>twoFold</z></symmetry><detectionScore>-1.0</detectionScore></element><element><id>5</id><category>armchair</category><bounds><corner1>-6.459086855733617, -0.6038461703409792, -0.573833383184185</corner1><corner2>6.459086855733617, 0.6038461703409792, 0.573833383184185</corner2></bounds><pose><translation>5.006299611242553, -1.1588544994011634, -0.6574895766929959</translation><rotation><c1>1, 0, 0</c1><c2>0, 1, 0</c2><c3>0, 0, 1</c3></rotation></pose><symmetry><x>twoFold</x><y>cylindrical</y><z>twoFold</z></symmetry><detectionScore>-1.0</detectionScore></element><element><id>6</id><category>food_processor</category><bounds><corner1>-0.7738422097406825, -0.3520369220499658, -0.24426026261923273</corner1><corner2>0.7738422097406825, 0.3520369220499658, 0.24426026261923273</corner2></bounds><pose><translation>0.6773496293069836, -0.6967585301331481, -2.1244983030956757</translation><rotation><c1>1, 0, 0</c1><c2>0, 1, 0</c2><c3>0, 0, 1</c3></rotation></pose><symmetry><x>twoFold</x><y>cylindrical</y><z>twoFold</z></symmetry><detectionScore>-1.0</detectionScore></element><element><id>7</id><category>cart</category><bounds><corner1>-0.6789980704970411, -0.4658696842071337, -1.0387084011847278</corner1><corner2>0.6789980704970411, 0.4658696842071337, 1.0387084011847278</corner2></bounds><pose><translation>1.6197804495560404, -0.9892770394800378, -2.8731619519700593</translation><rotation><c1>1, 0, 0</c1><c2>0, 1, 0</c2><c3>0, 0, 1</c3></rotation></pose><symmetry><x>twoFold</x><y>cylindrical</y><z>twoFold</z></symmetry><detectionScore>-1.0</detectionScore></element><element><id>8</id><category>dining_table</category><bounds><corner1>-6.567385604618474, -0.629614092854994, -1.0388388889712146</corner1><corner2>6.567385604618474, 0.629614092854994, 1.0388388889712146</corner2></bounds><pose><translation>4.894514243935285, -1.1846224219151782, -1.3961816156940416</translation><rotation><c1>1, 0, 0</c1><c2>0, 1, 0</c2><c3>0, 0, 1</c3></rotation></pose><symmetry><x>twoFold</x><y>cylindrical</y><z>twoFold</z></symmetry><detectionScore>-1.0</detectionScore></element><element><id>9</id><category>hanging_kitchen_cabinet</category><bounds><corner1>-0.49717533985923895, -0.5317300361098851, -0.21484547927397113</corner1><corner2>0.49717533985923895, 0.5317300361098851, 0.21484547927397113</corner2></bounds><pose><translation>0.022240777473397297, 0.5002550899986753, -3.2266338086146584</translation><rotation><c1>1, 0, 0</c1><c2>0, 1, 0</c2><c3>0, 0, 1</c3></rotation></pose><symmetry><x>twoFold</x><y>cylindrical</y><z>twoFold</z></symmetry><detectionScore>-1.0</detectionScore></element><element><id>10</id><category>arch</category><bounds><corner1>-8.974553771062016, -1.538265144316009, -5.18873882137138</corner1><corner2>8.974553771062016, 1.538265144316009, 5.18873882137138</corner2></bounds><pose><translation>2.347088422925095, -0.021699567082960728, 1.6950252992695434</translation><rotation><c1>1, 0, 0</c1><c2>0, 1, 0</c2><c3>0, 0, 1</c3></rotation></pose><symmetry><x>twoFold</x><y>cylindrical</y><z>twoFold</z></symmetry><detectionScore>-1.0</detectionScore></element><element><id>11</id><category>coffee_table</category><bounds><corner1>-0.7180136956871104, -0.5406431869142323, -1.0217871105456766</corner1><corner2>0.7180136956871104, 0.5406431869142323, 1.0217871105456766</corner2></bounds><pose><translation>1.6045797348037947, -0.9954925884901297, -2.8530154548912074</translation><rotation><c1>1, 0, 0</c1><c2>0, 1, 0</c2><c3>0, 0, 1</c3></rotation></pose><symmetry><x>twoFold</x><y>cylindrical</y><z>twoFold</z></symmetry><detectionScore>-1.0</detectionScore></element><element><id>12</id><category>stairs</category><bounds><corner1>-3.3165892338413308, -1.002436223391983, -1.904512727798521</corner1><corner2>3.3165892338413308, 1.002436223391983, 1.904512727798521</corner2></bounds><pose><translation>8.153450844019543, 0.3406502488080925, -1.3112263350045066</translation><rotation><c1>1, 0, 0</c1><c2>0, 1, 0</c2><c3>0, 0, 1</c3></rotation></pose><symmetry><x>twoFold</x><y>cylindrical</y><z>twoFold</z></symmetry><detectionScore>-1.0</detectionScore></element><element><id>13</id><category>shelving</category><bounds><corner1>-0.6866393155962076, -0.48131991355502535, -0.9943415210480122</corner1><corner2>0.6866393155962076, 0.48131991355502535, 0.9943415210480122</corner2></bounds><pose><translation>1.5993380882062829, -1.015420975274083, -2.824371489083047</translation><rotation><c1>1, 0, 0</c1><c2>0, 1, 0</c2><c3>0, 0, 1</c3></rotation></pose><symmetry><x>twoFold</x><y>cylindrical</y><z>twoFold</z></symmetry><detectionScore>-1.0</detectionScore></element><element><id>14</id><category>wall</category><bounds><corner1>-5.271655688093729, -1.2574997297253754, -4.5980238706582774</corner1><corner2>5.271655688093729, 1.2574997297253754, 4.5980238706582774</corner2></bounds><pose><translation>6.049986505893383, -0.03025140596310069, 2.2857402499826462</translation><rotation><c1>1, 0, 0</c1><c2>0, 1, 0</c2><c3>0, 0, 1</c3></rotation></pose><symmetry><x>twoFold</x><y>cylindrical</y><z>twoFold</z></symmetry><detectionScore>-1.0</detectionScore></element><element><id>15</id><category>refrigerator</category><bounds><corner1>-0.1332869923083284, -1.6375246573509017, -0.5848024512172054</corner1><corner2>0.1332869923083284, 1.6375246573509017, 0.5848024512172054</corner2></bounds><pose><translation>-1.666158421516291, -0.5627724668513838, 1.0101916385639542</translation><rotation><c1>1, 0, 0</c1><c2>0, 1, 0</c2><c3>0, 0, 1</c3></rotation></pose><symmetry><x>twoFold</x><y>cylindrical</y><z>twoFold</z></symmetry><detectionScore>-1.0</detectionScore></element><element><id>16</id><category>window</category><bounds><corner1>-4.797514642471007, -0.8080991963452242, -1.8764394007779164</corner1><corner2>4.797514642471007, 0.8080991963452242, 1.8764394007779164</corner2></bounds><pose><translation>-4.797514642471007, 0.09732530962723976, -1.8764394007779164</translation><rotation><c1>1, 0, 0</c1><c2>0, 1, 0</c2><c3>0, 0, 1</c3></rotation></pose><symmetry><x>twoFold</x><y>cylindrical</y><z>twoFold</z></symmetry><detectionScore>-1.0</detectionScore></element><element><id>17</id><category>arch</category><bounds><corner1>-6.077722214073258, -1.4585935330600779, -4.473954081747705</corner1><corner2>6.077722214073258, 1.4585935330600779, 4.473954081747705</corner2></bounds><pose><translation>5.243919979913853, -0.1311584198853767, 2.409810038893219</translation><rotation><c1>1, 0, 0</c1><c2>0, 1, 0</c2><c3>0, 0, 1</c3></rotation></pose><symmetry><x>twoFold</x><y>cylindrical</y><z>twoFold</z></symmetry><detectionScore>-1.0</detectionScore></element><element><id>18</id><category>chair</category><bounds><corner1>-5.200249812803926, -0.952390367991146, -0.7569456951142375</corner1><corner2>5.200249812803926, 0.952390367991146, 0.7569456951142375</corner2></bounds><pose><translation>4.259352666520004, -1.5698170010316435, -1.8266529727777214</translation><rotation><c1>1, 0, 0</c1><c2>0, 1, 0</c2><c3>0, 0, 1</c3></rotation></pose><symmetry><x>twoFold</x><y>cylindrical</y><z>twoFold</z></symmetry><detectionScore>-1.0</detectionScore></element><element><id>19</id><category>trash_can</category><bounds><corner1>-0.19536689317566047, -0.3638965697091081, -0.19307433191170453</corner1><corner2>0.19536689317566047, 0.3638965697091081, 0.19307433191170453</corner2></bounds><pose><translation>2.132648490680578, -1.558431098622839, -2.625383145161724</translation><rotation><c1>1, 0, 0</c1><c2>0, 1, 0</c2><c3>0, 0, 1</c3></rotation></pose><symmetry><x>twoFold</x><y>cylindrical</y><z>twoFold</z></symmetry><detectionScore>-1.0</detectionScore></element><element><id>20</id><category>chair</category><bounds><corner1>-6.598711690808869, -0.5524035138471415, -0.49629779493772075</corner1><corner2>6.598711690808869, 0.5524035138471415, 0.49629779493772075</corner2></bounds><pose><translation>4.86318815774489, -1.1677017518717778, -0.6156775813381471</translation><rotation><c1>1, 0, 0</c1><c2>0, 1, 0</c2><c3>0, 0, 1</c3></rotation></pose><symmetry><x>twoFold</x><y>cylindrical</y><z>twoFold</z></symmetry><detectionScore>-1.0</detectionScore></element><element><id>21</id><category>door</category><bounds><corner1>-8.636103252953902, -1.9755023458146383, -5.172120072572806</corner1><corner2>8.636103252953902, 1.9755023458146383, 5.172120072572806</corner2></bounds><pose><translation>2.6855389410332107, -0.5781110807212558, 1.7116440480681168</translation><rotation><c1>1, 0, 0</c1><c2>0, 1, 0</c2><c3>0, 0, 1</c3></rotation></pose><symmetry><x>twoFold</x><y>cylindrical</y><z>twoFold</z></symmetry><detectionScore>-1.0</detectionScore></element><element><id>22</id><category>coffee_table</category><bounds><corner1>-6.547241542995206, -0.5609524615807969, -0.5259075970209214</corner1><corner2>6.547241542995206, 0.5609524615807969, 0.5259075970209214</corner2></bounds><pose><translation>4.902412150739849, -1.1847748247812497, -0.6298979556934485</translation><rotation><c1>1, 0, 0</c1><c2>0, 1, 0</c2><c3>0, 0, 1</c3></rotation></pose><symmetry><x>twoFold</x><y>cylindrical</y><z>twoFold</z></symmetry><detectionScore>-1.0</detectionScore></element><element><id>23</id><category>utensil_holder</category><bounds><corner1>-0.6750277782364925, -0.46887091948368564, -0.6793823643377881</corner1><corner2>0.6750277782364925, 0.46887091948368564, 0.6793823643377881</corner2></bounds><pose><translation>0.7287498883441937, -0.5966485239287402, -2.5593908239526573</translation><rotation><c1>1, 0, 0</c1><c2>0, 1, 0</c2><c3>0, 0, 1</c3></rotation></pose><symmetry><x>twoFold</x><y>cylindrical</y><z>twoFold</z></symmetry><detectionScore>-1.0</detectionScore></element><element><id>24</id><category>wall</category><bounds><corner1>-2.6019278163127897, -1.350259547149386, -1.344046951143258</corner1><corner2>2.6019278163127897, 1.350259547149386, 1.344046951143258</corner2></bounds><pose><translation>6.157881440903234, -0.053690651984621585, 2.3213494181861147</translation><rotation><c1>1, 0, 0</c1><c2>0, 1, 0</c2><c3>0, 0, 1</c3></rotation></pose><symmetry><x>twoFold</x><y>cylindrical</y><z>twoFold</z></symmetry><detectionScore>-1.0</detectionScore></element><element><id>25</id><category>range_oven</category><bounds><corner1>-0.10633963440493455, -0.4739883138048825, -0.5313247514811176</corner1><corner2>0.10633963440493455, 0.4739883138048825, 0.5313247514811176</corner2></bounds><pose><translation>-3.9783797120979782, -1.1308626930287387, -0.23129431188177854</translation><rotation><c1>1, 0, 0</c1><c2>0, 1, 0</c2><c3>0, 0, 1</c3></rotation></pose><symmetry><x>twoFold</x><y>cylindrical</y><z>twoFold</z></symmetry><detectionScore>-1.0</detectionScore></element><element><id>26</id><category>kitchen_cabinet</category><bounds><corner1>-0.7848442115045753, -0.5605226522516307, -0.9942838182855431</corner1><corner2>0.7848442115045753, 0.5605226522516307, 0.9942838182855431</corner2></bounds><pose><translation>1.5989389883528182, -1.0098704272259946, -2.824313786320578</translation><rotation><c1>1, 0, 0</c1><c2>0, 1, 0</c2><c3>0, 0, 1</c3></rotation></pose><symmetry><x>twoFold</x><y>cylindrical</y><z>twoFold</z></symmetry><detectionScore>-1.0</detectionScore></element><element><id>27</id><category>wall</category><bounds><corner1>-4.735436712736887, -1.4346864879990961, -2.308175555844106</corner1><corner2>4.735436712736887, 1.4346864879990961, 2.308175555844106</corner2></bounds><pose><translation>-4.735436712736887, -0.0805042654450115, -0.7639536974472594</translation><rotation><c1>1, 0, 0</c1><c2>0, 1, 0</c2><c3>0, 0, 1</c3></rotation></pose><symmetry><x>twoFold</x><y>cylindrical</y><z>twoFold</z></symmetry><detectionScore>-1.0</detectionScore></element><element><id>28</id><category>door</category><bounds><corner1>-8.830446870229393, -1.3309059820036646, -5.115829777248235</corner1><corner2>8.830446870229393, 1.3309059820036646, 5.115829777248235</corner2></bounds><pose><translation>2.4911953237577182, -0.10365765824138987, 1.7679343433926884</translation><rotation><c1>1, 0, 0</c1><c2>0, 1, 0</c2><c3>0, 0, 1</c3></rotation></pose><symmetry><x>twoFold</x><y>cylindrical</y><z>twoFold</z></symmetry><detectionScore>-1.0</detectionScore></element><element><id>29</id><category>wall</category><bounds><corner1>-3.9067516237527746, -1.3153544120813097, -1.8884145566614898</corner1><corner2>3.9067516237527746, 1.3153544120813097, 1.8884145566614898</corner2></bounds><pose><translation>7.5485336690462335, -0.1757756784714717, -2.9237494288274695</translation><rotation><c1>1, 0, 0</c1><c2>0, 1, 0</c2><c3>0, 0, 1</c3></rotation></pose><symmetry><x>twoFold</x><y>cylindrical</y><z>twoFold</z></symmetry><detectionScore>-1.0</detectionScore></element></elements></scene>