<?xml version='1.0' encoding='utf-8'?>
<scene xmlns:sumo="https://www.sumochallenge.org"><version>2.0</version><categories><id>fb_categories_v1.0</id><url>https://sumochallenge.org/en/categories-1_0.json</url></categories><project_type>bounding_box</project_type><elements><element><id>4</id><category>window</category><bounds><corner1>-0.07596191, -0.68465757, -0.32611101</corner1><corner2>0.07596191, 0.68465757, 0.32611101</corner2></bounds><pose><translation>-2.63493848,  0.04414146,  0.14066418</translation><rotation><c1>1., 0., 0.</c1><c2>0., 1., 0.</c2><c3>0., 0., 1.</c3></rotation></pose><symmetry><x>none</x><y>twoFold</y><z>none</z></symmetry><detectionScore>0.9995641</detectionScore></element><element><id>1</id><category>picture_frame</category><bounds><corner1>-0.44684683, -0.46143848, -0.03395096</corner1><corner2>0.44684683, 0.46143848, 0.03395096</corner2></bounds><pose><translation>-0.02175392,  0.04579959, -2.04299237</translation><rotation><c1>1., 0., 0.</c1><c2>0., 1., 0.</c2><c3>0., 0., 1.</c3></rotation></pose><symmetry><x>none</x><y>fourFold</y><z>none</z></symmetry><detectionScore>0.9995116</detectionScore></element><element><id>5</id><category>wall</category><bounds><corner1>-1.22109839, -1.27555338, -1.4324071 </corner1><corner2>1.22109839, 1.27555338, 1.4324071 </corner2></bounds><pose><translation>-2.57508809, -0.13723666, -0.49833866</translation><rotation><c1>1., 0., 0.</c1><c2>0., 1., 0.</c2><c3>0., 0., 1.</c3></rotation></pose><symmetry><x>none</x><y>twoFold</y><z>none</z></symmetry><detectionScore>0.82868004</detectionScore></element><element><id>10</id><category>wall</category><bounds><corner1>-0.03976355, -1.19162741, -1.4609402 </corner1><corner2>0.03976355, 1.19162741, 1.4609402 </corner2></bounds><pose><translation> 2.41910579, -0.07205224, -0.5350384 </translation><rotation><c1>1., 0., 0.</c1><c2>0., 1., 0.</c2><c3>0., 0., 1.</c3></rotation></pose><symmetry><x>none</x><y>twoFold</y><z>none</z></symmetry><detectionScore>0.9528808</detectionScore></element><element><id>3</id><category>chair</category><bounds><corner1>-0.67692803, -0.23307976, -0.39951733</corner1><corner2>0.67692803, 0.23307976, 0.39951733</corner2></bounds><pose><translation> 1.76708419, -1.07371665,  0.01995984</translation><rotation><c1>1., 0., 0.</c1><c2>0., 1., 0.</c2><c3>0., 0., 1.</c3></rotation></pose><symmetry><x>none</x><y>none</y><z>none</z></symmetry><detectionScore>0.8646449</detectionScore></element><element><id>2</id><category>picture_frame</category><bounds><corner1>-0.23261438, -0.22993478, -0.03620198</corner1><corner2>0.23261438, 0.22993478, 0.03620198</corner2></bounds><pose><translation> 0.9211517 ,  0.29542477, -2.05708898</translation><rotation><c1>1., 0., 0.</c1><c2>0., 1., 0.</c2><c3>0., 0., 1.</c3></rotation></pose><symmetry><x>none</x><y>fourFold</y><z>none</z></symmetry><detectionScore>0.974696</detectionScore></element><element><id>7</id><category>vase</category><bounds><corner1>-0.09055193, -0.27846609, -0.1580017 </corner1><corner2>0.09055193, 0.27846609, 0.1580017 </corner2></bounds><pose><translation>-0.83583769, -0.42539902, -1.919941  </translation><rotation><c1>1., 0., 0.</c1><c2>0., 1., 0.</c2><c3>0., 0., 1.</c3></rotation></pose><symmetry><x>none</x><y>cylindrical</y><z>none</z></symmetry><detectionScore>0.9640946</detectionScore></element><element><id>9</id><category>chessboard</category><bounds><corner1>-0.97102758, -0.02661545, -0.38251533</corner1><corner2>0.97102758, 0.02661545, 0.38251533</corner2></bounds><pose><translation> 1.46798332, -0.87271827, -0.88830253</translation><rotation><c1>1., 0., 0.</c1><c2>0., 1., 0.</c2><c3>0., 0., 1.</c3></rotation></pose><symmetry><x>none</x><y>fourFold</y><z>none</z></symmetry><detectionScore>0.9524598</detectionScore></element><element><id>8</id><category>computer</category><bounds><corner1>-0.21515029, -0.27419724, -0.34257701</corner1><corner2>0.21515029, 0.27419724, 0.34257701</corner2></bounds><pose><translation>-2.08709917, -0.40031652, -1.58604106</translation><rotation><c1>1., 0., 0.</c1><c2>0., 1., 0.</c2><c3>0., 0., 1.</c3></rotation></pose><symmetry><x>none</x><y>none</y><z>none</z></symmetry><detectionScore>0.9530602</detectionScore></element><element><id>6</id><category>air_conditioner</category><bounds><corner1>-0.09509898, -0.46337324, -0.16756217</corner1><corner2>0.09509898, 0.46337324, 0.16756217</corner2></bounds><pose><translation>-1.77607246,  0.60330062,  0.77983472</translation><rotation><c1>1., 0., 0.</c1><c2>0., 1., 0.</c2><c3>0., 0., 1.</c3></rotation></pose><symmetry><x>none</x><y>none</y><z>twoFold</z></symmetry><detectionScore>0.99341714</detectionScore></element></elements></scene>