<?xml version='1.0' encoding='utf-8'?>
<scene xmlns:sumo="https://www.sumochallenge.org"><version>2.0</version><categories><id>fb_categories_v1.0</id><url>https://sumochallenge.org/en/categories-1_0.json</url></categories><project_type>bounding_box</project_type><elements><element><id>4</id><category>wall</category><bounds><corner1>-2.47831547, -1.25236087, -2.10863168</corner1><corner2>2.47831547, 1.25236087, 2.10863168</corner2></bounds><pose><translation>-5.27023035, -0.18478828, -0.92332696</translation><rotation><c1>1., 0., 0.</c1><c2>0., 1., 0.</c2><c3>0., 0., 1.</c3></rotation></pose><symmetry><x>none</x><y>twoFold</y><z>none</z></symmetry><detectionScore>0.98831534</detectionScore></element><element><id>1</id><category>ironing_board</category><bounds><corner1>-0.96604332, -0.74190674, -0.29296372</corner1><corner2>0.96604332, 0.74190674, 0.29296372</corner2></bounds><pose><translation> 2.14299833, -1.32423043,  1.22535104</translation><rotation><c1>1., 0., 0.</c1><c2>0., 1., 0.</c2><c3>0., 0., 1.</c3></rotation></pose><symmetry><x>none</x><y>twoFold</y><z>none</z></symmetry><detectionScore>0.8506617</detectionScore></element><element><id>5</id><category>door</category><bounds><corner1>-2.61624438, -1.23173284, -0.72174024</corner1><corner2>2.61624438, 1.23173284, 0.72174024</corner2></bounds><pose><translation> 3.31275735, -0.3872956 , -2.05674559</translation><rotation><c1>1., 0., 0.</c1><c2>0., 1., 0.</c2><c3>0., 0., 1.</c3></rotation></pose><symmetry><x>twoFold</x><y>twoFold</y><z>twoFold</z></symmetry><detectionScore>0.9873182</detectionScore></element><element><id>3</id><category>shoes_cabinet</category><bounds><corner1>-0.61034658, -0.09927617, -0.03898478</corner1><corner2>0.61034658, 0.09927617, 0.03898478</corner2></bounds><pose><translation>-0.17183396, -1.07751784,  1.47600131</translation><rotation><c1>1., 0., 0.</c1><c2>0., 1., 0.</c2><c3>0., 0., 1.</c3></rotation></pose><symmetry><x>none</x><y>twoFold</y><z>none</z></symmetry><detectionScore>0.958869</detectionScore></element><element><id>2</id><category>refrigerator</category><bounds><corner1>-2.80462776, -0.87256357, -1.62547813</corner1><corner2>2.80462776, 0.87256357, 1.62547813</corner2></bounds><pose><translation>-4.7055811 , -0.56691862, -2.72177982</translation><rotation><c1>1., 0., 0.</c1><c2>0., 1., 0.</c2><c3>0., 0., 1.</c3></rotation></pose><symmetry><x>none</x><y>none</y><z>twoFold</z></symmetry><detectionScore>0.99346775</detectionScore></element><element><id>7</id><category>table_and_chair</category><bounds><corner1>-1.34399916, -0.59988622, -0.7971956 </corner1><corner2>1.34399916, 0.59988622, 0.7971956 </corner2></bounds><pose><translation> 0.42120168, -1.28889384, -5.69899172</translation><rotation><c1>1., 0., 0.</c1><c2>0., 1., 0.</c2><c3>0., 0., 1.</c3></rotation></pose><symmetry><x>none</x><y>twoFold</y><z>none</z></symmetry><detectionScore>0.83176106</detectionScore></element><element><id>9</id><category>washer</category><bounds><corner1>-0.59172643, -0.37534056, -0.36459525</corner1><corner2>0.59172643, 0.37534056, 0.36459525</corner2></bounds><pose><translation> 2.50006662, -0.93279134, -0.03253657</translation><rotation><c1>1., 0., 0.</c1><c2>0., 1., 0.</c2><c3>0., 0., 1.</c3></rotation></pose><symmetry><x>none</x><y>none</y><z>none</z></symmetry><detectionScore>0.9953088</detectionScore></element><element><id>8</id><category>wall</category><bounds><corner1>-0.05642643, -1.33376851, -0.99421637</corner1><corner2>0.05642643, 1.33376851, 0.99421637</corner2></bounds><pose><translation> 3.10301815, -0.14164716, -4.56615019</translation><rotation><c1>1., 0., 0.</c1><c2>0., 1., 0.</c2><c3>0., 0., 1.</c3></rotation></pose><symmetry><x>none</x><y>twoFold</y><z>none</z></symmetry><detectionScore>0.7172823</detectionScore></element><element><id>6</id><category>wall</category><bounds><corner1>-3.77764847, -1.19887614, -3.70982724</corner1><corner2>3.77764847, 1.19887614, 3.70982724</corner2></bounds><pose><translation>-1.1825297 , -0.12586325, -8.60628928</translation><rotation><c1>1., 0., 0.</c1><c2>0., 1., 0.</c2><c3>0., 0., 1.</c3></rotation></pose><symmetry><x>none</x><y>twoFold</y><z>none</z></symmetry><detectionScore>0.905055</detectionScore></element></elements></scene>