<?xml version='1.0' encoding='utf-8'?>
<scene xmlns:sumo="https://www.sumochallenge.org"><version>2.0</version><categories><id>fb_categories_v1.0</id><url>https://sumochallenge.org/en/categories-1_0.json</url></categories><project_type>bounding_box</project_type><elements><element><id>4</id><category>curtain</category><bounds><corner1>-0.87919718, -0.95666074, -3.42173097</corner1><corner2>0.87919718, 0.95666074, 3.42173097</corner2></bounds><pose><translation> 1.30028703,  0.01622753, -3.85073231</translation><rotation><c1>1., 0., 0.</c1><c2>0., 1., 0.</c2><c3>0., 0., 1.</c3></rotation></pose><symmetry><x>none</x><y>twoFold</y><z>none</z></symmetry><detectionScore>0.84659904</detectionScore></element><element><id>1</id><category>arch</category><bounds><corner1>-3.47581593, -1.31862706, -1.33340142</corner1><corner2>3.47581593, 1.31862706, 1.33340142</corner2></bounds><pose><translation> 3.85586171, -0.2692928 , -0.57446063</translation><rotation><c1>1., 0., 0.</c1><c2>0., 1., 0.</c2><c3>0., 0., 1.</c3></rotation></pose><symmetry><x>none</x><y>twoFold</y><z>none</z></symmetry><detectionScore>0.9713156</detectionScore></element><element><id>5</id><category>armchair</category><bounds><corner1>-0.91782649, -0.75103999, -2.74816189</corner1><corner2>0.91782649, 0.75103999, 2.74816189</corner2></bounds><pose><translation> 1.00517611, -0.90268958, -3.12116327</translation><rotation><c1>1., 0., 0.</c1><c2>0., 1., 0.</c2><c3>0., 0., 1.</c3></rotation></pose><symmetry><x>none</x><y>none</y><z>none</z></symmetry><detectionScore>0.7379832</detectionScore></element><element><id>3</id><category>picture_frame</category><bounds><corner1>-0.02500563, -0.36133914, -0.36751218</corner1><corner2>0.02500563, 0.36133914, 0.36751218</corner2></bounds><pose><translation>-1.21099617,  0.57259426, -0.17050778</translation><rotation><c1>1., 0., 0.</c1><c2>0., 1., 0.</c2><c3>0., 0., 1.</c3></rotation></pose><symmetry><x>none</x><y>fourFold</y><z>none</z></symmetry><detectionScore>0.9983246</detectionScore></element><element><id>2</id><category>plant</category><bounds><corner1>-0.73743558, -0.69992497, -0.66488281</corner1><corner2>0.73743558, 0.69992497, 0.66488281</corner2></bounds><pose><translation> 3.00360797, -1.03590346, -3.90660588</translation><rotation><c1>1., 0., 0.</c1><c2>0., 1., 0.</c2><c3>0., 0., 1.</c3></rotation></pose><symmetry><x>none</x><y>cylindrical</y><z>none</z></symmetry><detectionScore>0.70129704</detectionScore></element><element><id>7</id><category>television</category><bounds><corner1>-0.0749095 , -0.34455976, -0.3343332 </corner1><corner2>0.0749095 , 0.34455976, 0.3343332 </corner2></bounds><pose><translation> 3.70606816, -0.32615581, -2.13783733</translation><rotation><c1>1., 0., 0.</c1><c2>0., 1., 0.</c2><c3>0., 0., 1.</c3></rotation></pose><symmetry><x>none</x><y>none</y><z>twoFold</z></symmetry><detectionScore>0.7302637</detectionScore></element><element><id>9</id><category>curtain</category><bounds><corner1>-0.70146038, -0.94773115, -0.27522938</corner1><corner2>0.70146038, 0.94773115, 0.27522938</corner2></bounds><pose><translation> 2.87430919, -0.07226192, -3.89660039</translation><rotation><c1>1., 0., 0.</c1><c2>0., 1., 0.</c2><c3>0., 0., 1.</c3></rotation></pose><symmetry><x>none</x><y>twoFold</y><z>none</z></symmetry><detectionScore>0.90326667</detectionScore></element><element><id>6</id><category>dresser</category><bounds><corner1>-0.45602809, -0.37948804, -0.43438155</corner1><corner2>0.45602809, 0.37948804, 0.43438155</corner2></bounds><pose><translation> 3.33372769, -0.97139485, -2.06878266</translation><rotation><c1>1., 0., 0.</c1><c2>0., 1., 0.</c2><c3>0., 0., 1.</c3></rotation></pose><symmetry><x>none</x><y>none</y><z>none</z></symmetry><detectionScore>0.9738836</detectionScore></element></elements></scene>