<?xml version='1.0' encoding='utf-8'?>
<scene xmlns:sumo="https://www.sumochallenge.org"><version>2.0</version><categories><id>fb_categories_v1.0</id><url>https://sumochallenge.org/en/categories-1_0.json</url></categories><project_type>bounding_box</project_type><elements><element><id>18</id><category>plant</category><bounds><corner1>-0.2358561 , -0.49622879, -0.45267778</corner1><corner2>0.2358561 , 0.49622879, 0.45267778</corner2></bounds><pose><translation> 2.1735531 , -0.60651535, -3.39774807</translation><rotation><c1>1., 0., 0.</c1><c2>0., 1., 0.</c2><c3>0., 0., 1.</c3></rotation></pose><symmetry><x>none</x><y>cylindrical</y><z>none</z></symmetry><detectionScore>0.9400439</detectionScore></element><element><id>20</id><category>door</category><bounds><corner1>-3.11514224, -0.74931817, -0.        </corner1><corner2> 3.11514224,  0.74931817, -0.        </corner2></bounds><pose><translation>0., 0., 0.</translation><rotation><c1>1., 0., 0.</c1><c2>0., 1., 0.</c2><c3>0., 0., 1.</c3></rotation></pose><symmetry><x>twoFold</x><y>twoFold</y><z>twoFold</z></symmetry><detectionScore>0.80258924</detectionScore></element><element><id>15</id><category>wall</category><bounds><corner1>-1.68230247, -1.22970442, -0.08020961</corner1><corner2>1.68230247, 1.22970442, 0.08020961</corner2></bounds><pose><translation> 0.48755602, -0.09844362, -3.48105174</translation><rotation><c1>1., 0., 0.</c1><c2>0., 1., 0.</c2><c3>0., 0., 1.</c3></rotation></pose><symmetry><x>none</x><y>twoFold</y><z>none</z></symmetry><detectionScore>0.9233554</detectionScore></element><element><id>10</id><category>window</category><bounds><corner1>-0.64113054, -0.6338894 , -0.07337431</corner1><corner2>0.64113054, 0.6338894 , 0.07337431</corner2></bounds><pose><translation>-2.67998941,  0.05782193,  4.54641723</translation><rotation><c1>1., 0., 0.</c1><c2>0., 1., 0.</c2><c3>0., 0., 1.</c3></rotation></pose><symmetry><x>none</x><y>twoFold</y><z>none</z></symmetry><detectionScore>0.9995602</detectionScore></element><element><id>11</id><category>door</category><bounds><corner1>-0.62573129, -1.06590032, -0.37409587</corner1><corner2>0.62573129, 1.06590032, 0.37409587</corner2></bounds><pose><translation>-1.25585709, -0.39682719, -3.80984965</translation><rotation><c1>1., 0., 0.</c1><c2>0., 1., 0.</c2><c3>0., 0., 1.</c3></rotation></pose><symmetry><x>twoFold</x><y>twoFold</y><z>twoFold</z></symmetry><detectionScore>0.9838971</detectionScore></element><element><id>2</id><category>floor_lamp</category><bounds><corner1>-2.79914082, -1.43764426, -0.94459006</corner1><corner2>2.79914082, 1.43764426, 0.94459006</corner2></bounds><pose><translation>-5.35426494, -0.67896949, -0.56050274</translation><rotation><c1>1., 0., 0.</c1><c2>0., 1., 0.</c2><c3>0., 0., 1.</c3></rotation></pose><symmetry><x>none</x><y>cylindrical</y><z>none</z></symmetry><detectionScore>0.888732</detectionScore></element><element><id>7</id><category>window</category><bounds><corner1>-0.04286542, -0.63349672, -0.33108303</corner1><corner2>0.04286542, 0.63349672, 0.33108303</corner2></bounds><pose><translation> 2.43908783,  0.08690157, -0.26079393</translation><rotation><c1>1., 0., 0.</c1><c2>0., 1., 0.</c2><c3>0., 0., 1.</c3></rotation></pose><symmetry><x>none</x><y>twoFold</y><z>none</z></symmetry><detectionScore>0.99882835</detectionScore></element><element><id>3</id><category>kitchen_cabinet</category><bounds><corner1>-0.65245043, -0.29444779, -0.59017237</corner1><corner2>0.65245043, 0.29444779, 0.59017237</corner2></bounds><pose><translation>-0.50658969, -0.66298673,  3.87938127</translation><rotation><c1>1., 0., 0.</c1><c2>0., 1., 0.</c2><c3>0., 0., 1.</c3></rotation></pose><symmetry><x>none</x><y>none</y><z>none</z></symmetry><detectionScore>0.74182105</detectionScore></element><element><id>19</id><category>loudspeaker</category><bounds><corner1>-0.17793184, -0.23856895, -0.29107155</corner1><corner2>0.17793184, 0.23856895, 0.29107155</corner2></bounds><pose><translation>-1.91967294, -0.72232036, -2.17496829</translation><rotation><c1>1., 0., 0.</c1><c2>0., 1., 0.</c2><c3>0., 0., 1.</c3></rotation></pose><symmetry><x>none</x><y>fourFold</y><z>none</z></symmetry><detectionScore>0.5296044</detectionScore></element><element><id>12</id><category>window</category><bounds><corner1>-0.09063989, -0.69771685, -0.4622114 </corner1><corner2>0.09063989, 0.69771685, 0.4622114 </corner2></bounds><pose><translation>2.38493593, 0.04568667, 3.44233789</translation><rotation><c1>1., 0., 0.</c1><c2>0., 1., 0.</c2><c3>0., 0., 1.</c3></rotation></pose><symmetry><x>none</x><y>twoFold</y><z>none</z></symmetry><detectionScore>0.59406114</detectionScore></element><element><id>1</id><category>chair</category><bounds><corner1>-0.57994663, -0.47482002, -1.28955323</corner1><corner2>0.57994663, 0.47482002, 1.28955323</corner2></bounds><pose><translation>-3.41011586, -1.06189485,  2.70793262</translation><rotation><c1>1., 0., 0.</c1><c2>0., 1., 0.</c2><c3>0., 0., 1.</c3></rotation></pose><symmetry><x>none</x><y>none</y><z>none</z></symmetry><detectionScore>0.7386721</detectionScore></element><element><id>17</id><category>sofa</category><bounds><corner1>-0.03709982, -0.40029651, -0.50435565</corner1><corner2>0.03709982, 0.40029651, 0.50435565</corner2></bounds><pose><translation>-1.75001502, -1.06246449, -1.00923949</translation><rotation><c1>1., 0., 0.</c1><c2>0., 1., 0.</c2><c3>0., 0., 1.</c3></rotation></pose><symmetry><x>none</x><y>none</y><z>none</z></symmetry><detectionScore>0.96603405</detectionScore></element><element><id>21</id><category>refrigerator</category><bounds><corner1>-0.39604263, -0.84348842, -0.50369518</corner1><corner2>0.39604263, 0.84348842, 0.50369518</corner2></bounds><pose><translation> 1.77797138, -0.57534355,  1.12079722</translation><rotation><c1>1., 0., 0.</c1><c2>0., 1., 0.</c2><c3>0., 0., 1.</c3></rotation></pose><symmetry><x>none</x><y>none</y><z>twoFold</z></symmetry><detectionScore>0.99612576</detectionScore></element><element><id>13</id><category>door</category><bounds><corner1>-0.50047911, -1.1996187 , -0.24309551</corner1><corner2>0.50047911, 1.1996187 , 0.24309551</corner2></bounds><pose><translation> 0.09606056, -0.45239119, -3.65690256</translation><rotation><c1>1., 0., 0.</c1><c2>0., 1., 0.</c2><c3>0., 0., 1.</c3></rotation></pose><symmetry><x>twoFold</x><y>twoFold</y><z>twoFold</z></symmetry><detectionScore>0.99540436</detectionScore></element><element><id>16</id><category>kitchen_cabinet</category><bounds><corner1>-1.33378444, -1.28643971, -2.03287072</corner1><corner2>1.33378444, 1.28643971, 2.03287072</corner2></bounds><pose><translation> 0.38411718, -0.08930512,  2.44402348</translation><rotation><c1>1., 0., 0.</c1><c2>0., 1., 0.</c2><c3>0., 0., 1.</c3></rotation></pose><symmetry><x>none</x><y>none</y><z>none</z></symmetry><detectionScore>0.9178184</detectionScore></element><element><id>9</id><category>sofa</category><bounds><corner1>-0.12610155, -0.47346763, -0.93073649</corner1><corner2>0.12610155, 0.47346763, 0.93073649</corner2></bounds><pose><translation>-3.46001076, -1.05925417,  0.07672841</translation><rotation><c1>1., 0., 0.</c1><c2>0., 1., 0.</c2><c3>0., 0., 1.</c3></rotation></pose><symmetry><x>none</x><y>none</y><z>none</z></symmetry><detectionScore>0.890172</detectionScore></element><element><id>8</id><category>wall</category><bounds><corner1>-3.32165543, -1.23687427, -3.15227272</corner1><corner2>3.32165543, 1.23687427, 3.15227272</corner2></bounds><pose><translation>-6.5659681 , -0.13527215,  1.04191039</translation><rotation><c1>1., 0., 0.</c1><c2>0., 1., 0.</c2><c3>0., 0., 1.</c3></rotation></pose><symmetry><x>none</x><y>twoFold</y><z>none</z></symmetry><detectionScore>0.94889665</detectionScore></element><element><id>6</id><category>window</category><bounds><corner1>-2.46190545, -1.08845588, -1.29888544</corner1><corner2>2.46190545, 1.08845588, 1.29888544</corner2></bounds><pose><translation>-6.5742654 , -0.13441191,  2.10534065</translation><rotation><c1>1., 0., 0.</c1><c2>0., 1., 0.</c2><c3>0., 0., 1.</c3></rotation></pose><symmetry><x>none</x><y>twoFold</y><z>none</z></symmetry><detectionScore>0.9686413</detectionScore></element><element><id>14</id><category>kitchen_cabinet</category><bounds><corner1>-0.57974921, -0.31046449, -1.00846426</corner1><corner2>0.57974921, 0.31046449, 1.00846426</corner2></bounds><pose><translation> 1.74473638, -0.8497337 ,  2.37981912</translation><rotation><c1>1., 0., 0.</c1><c2>0., 1., 0.</c2><c3>0., 0., 1.</c3></rotation></pose><symmetry><x>none</x><y>none</y><z>none</z></symmetry><detectionScore>0.6309899</detectionScore></element></elements></scene>