<?xml version='1.0' encoding='utf-8'?>
<scene xmlns:sumo="https://www.sumochallenge.org"><version>2.0</version><categories><id>fb_categories_v1.0</id><url>https://sumochallenge.org/en/categories-1_0.json</url></categories><project_type>bounding_box</project_type><elements><element><id>11</id><category>fruit_bowl</category><bounds><corner1>-0.18304004, -0.15657158, -0.61085626</corner1><corner2>0.18304004, 0.15657158, 0.61085626</corner2></bounds><pose><translation>-1.1810294 , -0.64291333,  0.82997744</translation><rotation><c1>1., 0., 0.</c1><c2>0., 1., 0.</c2><c3>0., 0., 1.</c3></rotation></pose><symmetry><x>none</x><y>none</y><z>none</z></symmetry><detectionScore>-1</detectionScore></element><element><id>6</id><category>window</category><bounds><corner1>-0.66713998, -0.69465948, -0.1128514 </corner1><corner2>0.66713998, 0.69465948, 0.1128514 </corner2></bounds><pose><translation>-0.50767091,  0.03916603, -3.61784915</translation><rotation><c1>1., 0., 0.</c1><c2>0., 1., 0.</c2><c3>0., 0., 1.</c3></rotation></pose><symmetry><x>none</x><y>none</y><z>none</z></symmetry><detectionScore>-1</detectionScore></element><element><id>7</id><category>chandelier</category><bounds><corner1>-0.42485629, -0.02345761, -0.586009  </corner1><corner2>0.42485629, 0.02345761, 0.586009  </corner2></bounds><pose><translation> 0.2121234 ,  1.18385501, -1.41501695</translation><rotation><c1>1., 0., 0.</c1><c2>0., 1., 0.</c2><c3>0., 0., 1.</c3></rotation></pose><symmetry><x>none</x><y>none</y><z>none</z></symmetry><detectionScore>-1</detectionScore></element><element><id>5</id><category>refrigerator</category><bounds><corner1>-0.40389297, -0.85546264, -0.06512687</corner1><corner2>0.40389297, 0.85546264, 0.06512687</corner2></bounds><pose><translation>-0.10273474, -0.6027302 ,  3.39101651</translation><rotation><c1>1., 0., 0.</c1><c2>0., 1., 0.</c2><c3>0., 0., 1.</c3></rotation></pose><symmetry><x>none</x><y>none</y><z>none</z></symmetry><detectionScore>-1</detectionScore></element><element><id>3</id><category>window</category><bounds><corner1>-0.92329983, -0.65968802, -0.48879321</corner1><corner2>0.92329983, 0.65968802, 0.48879321</corner2></bounds><pose><translation>-2.31608122,  0.05174845,  3.58860604</translation><rotation><c1>1., 0., 0.</c1><c2>0., 1., 0.</c2><c3>0., 0., 1.</c3></rotation></pose><symmetry><x>none</x><y>none</y><z>none</z></symmetry><detectionScore>-1</detectionScore></element><element><id>9</id><category>window</category><bounds><corner1>-0.79521724, -0.77266998, -0.65344446</corner1><corner2>0.79521724, 0.77266998, 0.65344446</corner2></bounds><pose><translation>-5.7845443 , -0.01504371, -3.6000205 </translation><rotation><c1>1., 0., 0.</c1><c2>0., 1., 0.</c2><c3>0., 0., 1.</c3></rotation></pose><symmetry><x>none</x><y>none</y><z>none</z></symmetry><detectionScore>-1</detectionScore></element><element><id>10</id><category>wall</category><bounds><corner1>-4.85586564, -1.15733616, -2.98321494</corner1><corner2>4.85586564, 1.15733616, 2.98321494</corner2></bounds><pose><translation>-6.96275017, -0.08870983,  0.12569449</translation><rotation><c1>1., 0., 0.</c1><c2>0., 1., 0.</c2><c3>0., 0., 1.</c3></rotation></pose><symmetry><x>none</x><y>none</y><z>none</z></symmetry><detectionScore>-1</detectionScore></element><element><id>4</id><category>refrigerator</category><bounds><corner1>-0.45513482, -0.81458082, -0.09518752</corner1><corner2>0.45513482, 0.81458082, 0.09518752</corner2></bounds><pose><translation>-0.98244603, -0.56374549,  3.38104147</translation><rotation><c1>1., 0., 0.</c1><c2>0., 1., 0.</c2><c3>0., 0., 1.</c3></rotation></pose><symmetry><x>none</x><y>none</y><z>none</z></symmetry><detectionScore>-1</detectionScore></element><element><id>2</id><category>kitchen_cabinet</category><bounds><corner1>-1.70438325, -0.09115422, -1.86232421</corner1><corner2>1.70438325, 0.09115422, 1.86232421</corner2></bounds><pose><translation>-3.69525435, -0.67380298,  1.80878273</translation><rotation><c1>1., 0., 0.</c1><c2>0., 1., 0.</c2><c3>0., 0., 1.</c3></rotation></pose><symmetry><x>none</x><y>none</y><z>none</z></symmetry><detectionScore>-1</detectionScore></element><element><id>1</id><category>chair</category><bounds><corner1>-0.65698569, -0.02453436, -0.29603401</corner1><corner2>0.65698569, 0.02453436, 0.29603401</corner2></bounds><pose><translation>-1.55699453, -0.86131778, -0.04980088</translation><rotation><c1>1., 0., 0.</c1><c2>0., 1., 0.</c2><c3>0., 0., 1.</c3></rotation></pose><symmetry><x>none</x><y>none</y><z>none</z></symmetry><detectionScore>-1</detectionScore></element><element><id>8</id><category>kitchen_cabinet</category><bounds><corner1>-1.11114229, -0.24724083, -0.55640087</corner1><corner2>1.11114229, 0.24724083, 0.55640087</corner2></bounds><pose><translation>-2.37314869, -0.89406969,  3.36017225</translation><rotation><c1>1., 0., 0.</c1><c2>0., 1., 0.</c2><c3>0., 0., 1.</c3></rotation></pose><symmetry><x>none</x><y>none</y><z>none</z></symmetry><detectionScore>-1</detectionScore></element></elements></scene>