<?xml version='1.0' encoding='utf-8'?>
<scene xmlns:sumo="https://www.sumochallenge.org"><version>2.0</version><categories><id>fb_categories_v1.0</id><url>https://sumochallenge.org/en/categories-1_0.json</url></categories><project_type>bounding_box</project_type><elements><element><id>11</id><category>wall</category><bounds><corner1>-0.22575009, -1.20062649, -1.83671279</corner1><corner2>0.22575009, 1.20062649, 1.83671279</corner2></bounds><pose><translation> 8.29547469, -0.20446829, -0.9782141 </translation><rotation><c1>1., 0., 0.</c1><c2>0., 1., 0.</c2><c3>0., 0., 1.</c3></rotation></pose><symmetry><x>none</x><y>none</y><z>none</z></symmetry><detectionScore>-1</detectionScore></element><element><id>6</id><category>door</category><bounds><corner1>-1.72389854, -0.33315658, -0.44342918</corner1><corner2>1.72389854, 0.33315658, 0.44342918</corner2></bounds><pose><translation> 1.04101561, -0.20589022,  0.52729972</translation><rotation><c1>1., 0., 0.</c1><c2>0., 1., 0.</c2><c3>0., 0., 1.</c3></rotation></pose><symmetry><x>none</x><y>none</y><z>none</z></symmetry><detectionScore>-1</detectionScore></element><element><id>7</id><category>partition</category><bounds><corner1>-0.79033702, -1.48166261, -1.42094293</corner1><corner2>0.79033702, 1.48166261, 1.42094293</corner2></bounds><pose><translation>-1.4524429 , -0.29825301, -2.27093746</translation><rotation><c1>1., 0., 0.</c1><c2>0., 1., 0.</c2><c3>0., 0., 1.</c3></rotation></pose><symmetry><x>none</x><y>none</y><z>none</z></symmetry><detectionScore>-1</detectionScore></element><element><id>5</id><category>floor</category><bounds><corner1>-0.59241033, -0.35096376, -1.10794337</corner1><corner2>0.59241033, 0.35096376, 1.10794337</corner2></bounds><pose><translation>-1.00589574, -1.04103703,  5.07963246</translation><rotation><c1>1., 0., 0.</c1><c2>0., 1., 0.</c2><c3>0., 0., 1.</c3></rotation></pose><symmetry><x>none</x><y>none</y><z>none</z></symmetry><detectionScore>-1</detectionScore></element><element><id>3</id><category>door</category><bounds><corner1>-0.52893762, -1.1164443 , -1.21649297</corner1><corner2>0.52893762, 1.1164443 , 1.21649297</corner2></bounds><pose><translation>-1.10354642, -0.48249547,  4.95520033</translation><rotation><c1>1., 0., 0.</c1><c2>0., 1., 0.</c2><c3>0., 0., 1.</c3></rotation></pose><symmetry><x>none</x><y>none</y><z>none</z></symmetry><detectionScore>-1</detectionScore></element><element><id>9</id><category>wall</category><bounds><corner1>-1.08697122, -1.05932925, -5.51600918</corner1><corner2>1.08697122, 1.05932925, 5.51600918</corner2></bounds><pose><translation> 0.35154288, -0.00958883,  0.72800575</translation><rotation><c1>1., 0., 0.</c1><c2>0., 1., 0.</c2><c3>0., 0., 1.</c3></rotation></pose><symmetry><x>none</x><y>none</y><z>none</z></symmetry><detectionScore>-1</detectionScore></element><element><id>10</id><category>fence</category><bounds><corner1>-6.63401093, -0.99333257, -7.02359063</corner1><corner2>6.63401093, 0.99333257, 7.02359063</corner2></bounds><pose><translation> 3.20757349, -0.36601116, -7.02359063</translation><rotation><c1>1., 0., 0.</c1><c2>0., 1., 0.</c2><c3>0., 0., 1.</c3></rotation></pose><symmetry><x>none</x><y>none</y><z>none</z></symmetry><detectionScore>-1</detectionScore></element><element><id>4</id><category>partition</category><bounds><corner1>-0.02004046, -0.54225178, -0.18514776</corner1><corner2>0.02004046, 0.54225178, 0.18514776</corner2></bounds><pose><translation>-1.24104119, -0.05457852, -0.37691184</translation><rotation><c1>1., 0., 0.</c1><c2>0., 1., 0.</c2><c3>0., 0., 1.</c3></rotation></pose><symmetry><x>none</x><y>none</y><z>none</z></symmetry><detectionScore>-1</detectionScore></element><element><id>2</id><category>air_conditioner</category><bounds><corner1>-0.0209789 , -0.18041998, -0.31956243</corner1><corner2>0.0209789 , 0.18041998, 0.31956243</corner2></bounds><pose><translation>-1.24099284,  0.5751374 ,  0.13936624</translation><rotation><c1>1., 0., 0.</c1><c2>0., 1., 0.</c2><c3>0., 0., 1.</c3></rotation></pose><symmetry><x>none</x><y>none</y><z>none</z></symmetry><detectionScore>-1</detectionScore></element><element><id>1</id><category>partition</category><bounds><corner1>-0.02097437, -0.30637391, -0.28248354</corner1><corner2>0.02097437, 0.30637391, 0.28248354</corner2></bounds><pose><translation>-1.24099401e+00, -1.21191991e-03,  7.87723749e-02</translation><rotation><c1>1., 0., 0.</c1><c2>0., 1., 0.</c2><c3>0., 0., 1.</c3></rotation></pose><symmetry><x>none</x><y>none</y><z>none</z></symmetry><detectionScore>-1</detectionScore></element><element><id>8</id><category>person</category><bounds><corner1>-0.57361794, -0.28367719, -0.21064173</corner1><corner2>0.57361794, 0.28367719, 0.21064173</corner2></bounds><pose><translation> 0.88683111, -0.69768619,  4.88153879</translation><rotation><c1>1., 0., 0.</c1><c2>0., 1., 0.</c2><c3>0., 0., 1.</c3></rotation></pose><symmetry><x>none</x><y>none</y><z>none</z></symmetry><detectionScore>-1</detectionScore></element></elements></scene>