<?xml version='1.0' encoding='utf-8'?>
<scene xmlns:sumo="https://www.sumochallenge.org"><version>2.0</version><categories><id>fb_categories_v1_0</id><url>https://sumochallenge.org/en/categories-1_0.json</url></categories><project_type>bounding_box</project_type><elements><element><id>0</id><category>door</category><bounds><corner1>-0.3796836166329025, -1.0676439688320007, -1.4847107807078632</corner1><corner2>0.3796836166329025, 1.0676439688320007, 1.4847107807078632</corner2></bounds><pose><translation>-0.20531689731244246, 2.7582699980932714, -0.19887704498041475</translation><rotation><c1>0, 0, 0</c1><c2>0, 0, 0</c2><c3>0, 0, 0</c3></rotation></pose><symmetry><x>twoFold</x><y>cylindrical</y><z>twoFold</z></symmetry><detectionScore>-1.0</detectionScore></element><element><id>1</id><category>window</category><bounds><corner1>-2.5520189397571986, -1.5714583948665544, -0.8912221254371487</corner1><corner2>2.5520189397571986, 1.5714583948665544, 0.8912221254371487</corner2></bounds><pose><translation>-8.00718764140326, -4.548374409491304, -0.08598976161989202</translation><rotation><c1>0, 0, 0</c1><c2>0, 0, 0</c2><c3>0, 0, 0</c3></rotation></pose><symmetry><x>twoFold</x><y>cylindrical</y><z>twoFold</z></symmetry><detectionScore>-1.0</detectionScore></element><element><id>2</id><category>wall</category><bounds><corner1>-0.14498439322096757, -1.7916885749687639, -1.414852750339783</corner1><corner2>0.14498439322096757, 1.7916885749687639, 1.414852750339783</corner2></bounds><pose><translation>-0.29876116488715077, 2.566017598965333, -0.06285392968989134</translation><rotation><c1>0, 0, 0</c1><c2>0, 0, 0</c2><c3>0, 0, 0</c3></rotation></pose><symmetry><x>twoFold</x><y>cylindrical</y><z>twoFold</z></symmetry><detectionScore>-1.0</detectionScore></element><element><id>3</id><category>kitchen_cabinet</category><bounds><corner1>-1.5054252124822476, -0.13173316084172892, -0.8677372511386356</corner1><corner2>1.5054252124822476, 0.13173316084172892, 0.8677372511386356</corner2></bounds><pose><translation>-3.7175351088965165, 6.090110242834601, -0.5144205106799982</translation><rotation><c1>0, 0, 0</c1><c2>0, 0, 0</c2><c3>0, 0, 0</c3></rotation></pose><symmetry><x>twoFold</x><y>cylindrical</y><z>twoFold</z></symmetry><detectionScore>-1.0</detectionScore></element><element><id>4</id><category>window</category><bounds><corner1>-1.855035451897682, -0.7095622644296729, -0.673956871275764</corner1><corner2>1.855035451897682, 0.7095622644296729, 0.673956871275764</corner2></bounds><pose><translation>-3.8709200866424, 6.110272726339521, -0.09116290280743278</translation><rotation><c1>0, 0, 0</c1><c2>0, 0, 0</c2><c3>0, 0, 0</c3></rotation></pose><symmetry><x>twoFold</x><y>cylindrical</y><z>twoFold</z></symmetry><detectionScore>-1.0</detectionScore></element><element><id>5</id><category>fireplace</category><bounds><corner1>-0.4871365022925769, -0.768672742617098, -0.46443175358584277</corner1><corner2>0.4871365022925769, 0.768672742617098, 0.46443175358584277</corner2></bounds><pose><translation>4.01074371782048, 0.18068602120307253, -1.1285372113865038</translation><rotation><c1>0, 0, 0</c1><c2>0, 0, 0</c2><c3>0, 0, 0</c3></rotation></pose><symmetry><x>twoFold</x><y>cylindrical</y><z>twoFold</z></symmetry><detectionScore>-1.0</detectionScore></element><element><id>6</id><category>wall</category><bounds><corner1>-3.19423291985077, -2.5674798069753044, -1.4439388207940012</corner1><corner2>3.19423291985077, 2.5674798069753044, 1.4439388207940012</corner2></bounds><pose><translation>4.429878889410057, 0.10513375407346551, -0.13178451536542632</translation><rotation><c1>0, 0, 0</c1><c2>0, 0, 0</c2><c3>0, 0, 0</c3></rotation></pose><symmetry><x>twoFold</x><y>cylindrical</y><z>twoFold</z></symmetry><detectionScore>-1.0</detectionScore></element><element><id>7</id><category>wall</category><bounds><corner1>-3.8312039735682872, -3.9985679649000634, -1.5380731321381664</corner1><corner2>3.8312039735682872, 3.9985679649000634, 1.5380731321381664</corner2></bounds><pose><translation>-6.997690605371405, -7.261576741212563, -0.2945471452261551</translation><rotation><c1>0, 0, 0</c1><c2>0, 0, 0</c2><c3>0, 0, 0</c3></rotation></pose><symmetry><x>twoFold</x><y>cylindrical</y><z>twoFold</z></symmetry><detectionScore>-1.0</detectionScore></element><element><id>8</id><category>kitchen_cabinet</category><bounds><corner1>-0.18127014266896935, -0.03638811529703956, -1.0673058970431482</corner1><corner2>0.18127014266896935, 0.03638811529703956, 1.0673058970431482</corner2></bounds><pose><translation>-0.2386671967814818, -1.5683023271319982, -0.10396857782656616</translation><rotation><c1>0, 0, 0</c1><c2>0, 0, 0</c2><c3>0, 0, 0</c3></rotation></pose><symmetry><x>twoFold</x><y>cylindrical</y><z>twoFold</z></symmetry><detectionScore>-1.0</detectionScore></element><element><id>9</id><category>curtain</category><bounds><corner1>-2.3636761751564865, -1.485506672804835, -0.8694402493267857</corner1><corner2>2.3636761751564865, 1.485506672804835, 0.8694402493267857</corner2></bounds><pose><translation>-7.927264085316689, 4.409287431383418, 0.3925223602756713</translation><rotation><c1>0, 0, 0</c1><c2>0, 0, 0</c2><c3>0, 0, 0</c3></rotation></pose><symmetry><x>twoFold</x><y>cylindrical</y><z>twoFold</z></symmetry><detectionScore>-1.0</detectionScore></element><element><id>10</id><category>picture_frame</category><bounds><corner1>-0.10427125018172667, -0.9380716799748079, -0.8026583305011536</corner1><corner2>0.10427125018172667, 0.9380716799748079, 0.8026583305011536</corner2></bounds><pose><translation>4.431160339956459, 0.13331496339372448, 0.2516489751442638</translation><rotation><c1>0, 0, 0</c1><c2>0, 0, 0</c2><c3>0, 0, 0</c3></rotation></pose><symmetry><x>twoFold</x><y>cylindrical</y><z>twoFold</z></symmetry><detectionScore>-1.0</detectionScore></element><element><id>11</id><category>door</category><bounds><corner1>-2.895229904032433, -5.7876133849324605, -1.5965744767795336</corner1><corner2>2.895229904032433, 5.7876133849324605, 1.5965744767795336</corner2></bounds><pose><translation>2.4636186442478247, 4.4822925612999756, -0.49387058714398924</translation><rotation><c1>0, 0, 0</c1><c2>0, 0, 0</c2><c3>0, 0, 0</c3></rotation></pose><symmetry><x>twoFold</x><y>cylindrical</y><z>twoFold</z></symmetry><detectionScore>-1.0</detectionScore></element><element><id>12</id><category>wall</category><bounds><corner1>-3.316243715891285, -2.548279571028777, -1.1996428228233547</corner1><corner2>3.316243715891285, 2.548279571028777, 1.1996428228233547</corner2></bounds><pose><translation>4.457750726057212, 0.9522594711433734, -0.04379326698724322</translation><rotation><c1>0, 0, 0</c1><c2>0, 0, 0</c2><c3>0, 0, 0</c3></rotation></pose><symmetry><x>twoFold</x><y>cylindrical</y><z>twoFold</z></symmetry><detectionScore>-1.0</detectionScore></element><element><id>13</id><category>wall</category><bounds><corner1>-3.232574060244954, -5.6490435025100565, -1.3346071840963198</corner1><corner2>3.232574060244954, 5.6490435025100565, 1.3346071840963198</corner2></bounds><pose><translation>-3.237403830096654, -7.191017833464578, -0.08001447590127109</translation><rotation><c1>0, 0, 0</c1><c2>0, 0, 0</c2><c3>0, 0, 0</c3></rotation></pose><symmetry><x>twoFold</x><y>cylindrical</y><z>twoFold</z></symmetry><detectionScore>-1.0</detectionScore></element><element><id>14</id><category>wall</category><bounds><corner1>-1.4660438301905063, -1.1779922028953589, -1.4925051687247661</corner1><corner2>1.4660438301905063, 1.1779922028953589, 1.4925051687247661</corner2></bounds><pose><translation>0.7901470057990323, 3.718056010332912, -0.13850768884839565</translation><rotation><c1>0, 0, 0</c1><c2>0, 0, 0</c2><c3>0, 0, 0</c3></rotation></pose><symmetry><x>twoFold</x><y>cylindrical</y><z>twoFold</z></symmetry><detectionScore>-1.0</detectionScore></element><element><id>15</id><category>window</category><bounds><corner1>-1.4496243627692857, -0.4871120375209078, -1.4992219072427477</corner1><corner2>1.4496243627692857, 0.4871120375209078, 1.4992219072427477</corner2></bounds><pose><translation>2.3208502666881783, -1.3997853142934957, -0.05595530047976867</translation><rotation><c1>0, 0, 0</c1><c2>0, 0, 0</c2><c3>0, 0, 0</c3></rotation></pose><symmetry><x>twoFold</x><y>cylindrical</y><z>twoFold</z></symmetry><detectionScore>-1.0</detectionScore></element><element><id>16</id><category>wall</category><bounds><corner1>-0.09083215144876577, -0.4175647556708988, -1.4625371454959981</corner1><corner2>0.09083215144876577, 0.4175647556708988, 1.4625371454959981</corner2></bounds><pose><translation>3.2093367538519644, 4.097017584881137, -0.13151123301440618</translation><rotation><c1>0, 0, 0</c1><c2>0, 0, 0</c2><c3>0, 0, 0</c3></rotation></pose><symmetry><x>twoFold</x><y>cylindrical</y><z>twoFold</z></symmetry><detectionScore>-1.0</detectionScore></element><element><id>17</id><category>kitchen_cabinet</category><bounds><corner1>-0.07495175849730895, -3.1534086139537867, -0.5217393072035527</corner1><corner2>0.07495175849730895, 3.1534086139537867, 0.5217393072035527</corner2></bounds><pose><translation>-2.56526759687201, 3.5739018097524062, -0.9237038545208602</translation><rotation><c1>0, 0, 0</c1><c2>0, 0, 0</c2><c3>0, 0, 0</c3></rotation></pose><symmetry><x>twoFold</x><y>cylindrical</y><z>twoFold</z></symmetry><detectionScore>-1.0</detectionScore></element><element><id>18</id><category>ceiling</category><bounds><corner1>-1.103557337260201, -4.134506296219488, -0.3189166200774094</corner1><corner2>1.103557337260201, 4.134506296219488, 0.3189166200774094</corner2></bounds><pose><translation>2.977753343208503, 4.381336394042783, 1.0218342030060286</translation><rotation><c1>0, 0, 0</c1><c2>0, 0, 0</c2><c3>0, 0, 0</c3></rotation></pose><symmetry><x>twoFold</x><y>cylindrical</y><z>twoFold</z></symmetry><detectionScore>-1.0</detectionScore></element><element><id>19</id><category>door</category><bounds><corner1>-2.266778753894122, -0.21898711300437235, -0.8263295059944565</corner1><corner2>2.266778753894122, 0.21898711300437235, 0.8263295059944565</corner2></bounds><pose><translation>-4.876178624993073, 6.623882372259703, -0.17711115561910465</translation><rotation><c1>0, 0, 0</c1><c2>0, 0, 0</c2><c3>0, 0, 0</c3></rotation></pose><symmetry><x>twoFold</x><y>cylindrical</y><z>twoFold</z></symmetry><detectionScore>-1.0</detectionScore></element><element><id>20</id><category>wall</category><bounds><corner1>-1.9508504174872305, -0.10505894294893592, -1.3554527361335449</corner1><corner2>1.9508504174872305, 0.10505894294893592, 1.3554527361335449</corner2></bounds><pose><translation>5.789808971376115, 3.5232393757633607, -0.0883206831750683</translation><rotation><c1>0, 0, 0</c1><c2>0, 0, 0</c2><c3>0, 0, 0</c3></rotation></pose><symmetry><x>twoFold</x><y>cylindrical</y><z>twoFold</z></symmetry><detectionScore>-1.0</detectionScore></element><element><id>21</id><category>window</category><bounds><corner1>-2.5556862948493357, -1.5125708881995648, -0.9059316142052454</corner1><corner2>2.5556862948493357, 1.5125708881995648, 0.9059316142052454</corner2></bounds><pose><translation>-7.92931778677738, 4.379396760000035, 0.3514171982950071</translation><rotation><c1>0, 0, 0</c1><c2>0, 0, 0</c2><c3>0, 0, 0</c3></rotation></pose><symmetry><x>twoFold</x><y>cylindrical</y><z>twoFold</z></symmetry><detectionScore>-1.0</detectionScore></element><element><id>22</id><category>wall</category><bounds><corner1>-2.411580360507205, -5.722111877320395, -1.5103583089272565</corner1><corner2>2.411580360507205, 5.722111877320395, 1.5103583089272565</corner2></bounds><pose><translation>2.9311109156738566, 4.450540330222354, -0.18669806213284443</translation><rotation><c1>0, 0, 0</c1><c2>0, 0, 0</c2><c3>0, 0, 0</c3></rotation></pose><symmetry><x>twoFold</x><y>cylindrical</y><z>twoFold</z></symmetry><detectionScore>-1.0</detectionScore></element><element><id>23</id><category>wall</category><bounds><corner1>-3.835811397669831, -2.8344333140700666, -1.373618477440594</corner1><corner2>3.835811397669831, 2.8344333140700666, 1.373618477440594</corner2></bounds><pose><translation>-7.953453615484426, -3.703768204960841, -0.12218241200668736</translation><rotation><c1>0, 0, 0</c1><c2>0, 0, 0</c2><c3>0, 0, 0</c3></rotation></pose><symmetry><x>twoFold</x><y>cylindrical</y><z>twoFold</z></symmetry><detectionScore>-1.0</detectionScore></element><element><id>24</id><category>plant</category><bounds><corner1>-0.7113818828947218, -2.422699085022047, -1.7469804694226856</corner1><corner2>0.7113818828947218, 2.422699085022047, 1.7469804694226856</corner2></bounds><pose><translation>-1.7782130710334065, 3.778267799202049, -0.613580680461153</translation><rotation><c1>0, 0, 0</c1><c2>0, 0, 0</c2><c3>0, 0, 0</c3></rotation></pose><symmetry><x>twoFold</x><y>cylindrical</y><z>twoFold</z></symmetry><detectionScore>-1.0</detectionScore></element><element><id>25</id><category>window</category><bounds><corner1>-1.402750629912978, -0.40180013792183455, -0.8053001983780369</corner1><corner2>1.402750629912978, 0.40180013792183455, 0.8053001983780369</corner2></bounds><pose><translation>-5.408439133559661, -7.584112381386712, -0.022335234718962156</translation><rotation><c1>0, 0, 0</c1><c2>0, 0, 0</c2><c3>0, 0, 0</c3></rotation></pose><symmetry><x>twoFold</x><y>cylindrical</y><z>twoFold</z></symmetry><detectionScore>-1.0</detectionScore></element><element><id>26</id><category>window</category><bounds><corner1>-1.790974783472305, -0.9227567821071023, -0.5468301078952982</corner1><corner2>1.790974783472305, 0.9227567821071023, 0.5468301078952982</corner2></bounds><pose><translation>-8.054262584760385, -4.2338271274457835, 0.055284538249085864</translation><rotation><c1>0, 0, 0</c1><c2>0, 0, 0</c2><c3>0, 0, 0</c3></rotation></pose><symmetry><x>twoFold</x><y>cylindrical</y><z>twoFold</z></symmetry><detectionScore>-1.0</detectionScore></element><element><id>27</id><category>plant</category><bounds><corner1>-3.8338622727306726, -0.7569007065227149, -1.0201416833845602</corner1><corner2>3.8338622727306726, 0.7569007065227149, 1.0201416833845602</corner2></bounds><pose><translation>-7.957448018885624, -3.0040171457987697, -0.7439860025802859</translation><rotation><c1>0, 0, 0</c1><c2>0, 0, 0</c2><c3>0, 0, 0</c3></rotation></pose><symmetry><x>twoFold</x><y>cylindrical</y><z>twoFold</z></symmetry><detectionScore>-1.0</detectionScore></element><element><id>28</id><category>floor_lamp</category><bounds><corner1>-4.534994583352191, -1.6308229233710065, -1.5938752295126846</corner1><corner2>4.534994583352191, 1.6308229233710065, 1.5938752295126846</corner2></bounds><pose><translation>-7.8629129708683765, -4.049391199617755, -0.5573260755934357</translation><rotation><c1>0, 0, 0</c1><c2>0, 0, 0</c2><c3>0, 0, 0</c3></rotation></pose><symmetry><x>twoFold</x><y>cylindrical</y><z>twoFold</z></symmetry><detectionScore>-1.0</detectionScore></element><element><id>29</id><category>chandelier</category><bounds><corner1>-1.4287320732188862, -1.3726765010854782, -0.26947346466626976</corner1><corner2>1.4287320732188862, 1.3726765010854782, 0.26947346466626976</corner2></bounds><pose><translation>-7.025292618834721, 4.55321528969054, 1.0240544456138658</translation><rotation><c1>0, 0, 0</c1><c2>0, 0, 0</c2><c3>0, 0, 0</c3></rotation></pose><symmetry><x>twoFold</x><y>cylindrical</y><z>twoFold</z></symmetry><detectionScore>-1.0</detectionScore></element><element><id>30</id><category>wall</category><bounds><corner1>-2.3180041709661667, -3.099576398764624, -1.4082039799704753</corner1><corner2>2.3180041709661667, 3.099576398764624, 1.4082039799704753</corner2></bounds><pose><translation>-7.312501321668954, 0.9897675576224785, -0.14854798364448396</translation><rotation><c1>0, 0, 0</c1><c2>0, 0, 0</c2><c3>0, 0, 0</c3></rotation></pose><symmetry><x>twoFold</x><y>cylindrical</y><z>twoFold</z></symmetry><detectionScore>-1.0</detectionScore></element><element><id>31</id><category>desk</category><bounds><corner1>-1.6290986563312817, -0.8785762856163193, -0.4969838625065399</corner1><corner2>1.6290986563312817, 0.8785762856163193, 0.4969838625065399</corner2></bounds><pose><translation>-4.595409199121023, 2.9932663406899866, -0.9184233048094337</translation><rotation><c1>0, 0, 0</c1><c2>0, 0, 0</c2><c3>0, 0, 0</c3></rotation></pose><symmetry><x>twoFold</x><y>cylindrical</y><z>twoFold</z></symmetry><detectionScore>-1.0</detectionScore></element><element><id>32</id><category>shelving</category><bounds><corner1>-1.6012591166779577, -2.925332375100637, -0.5912472955914125</corner1><corner2>1.6012591166779577, 2.925332375100637, 0.5912472955914125</corner2></bounds><pose><translation>-4.559516313773923, 2.913522969010881, -0.9864072719294387</translation><rotation><c1>0, 0, 0</c1><c2>0, 0, 0</c2><c3>0, 0, 0</c3></rotation></pose><symmetry><x>twoFold</x><y>cylindrical</y><z>twoFold</z></symmetry><detectionScore>-1.0</detectionScore></element><element><id>33</id><category>plant</category><bounds><corner1>-3.6684148292103096, -1.7659376514869094, -0.8022343146706763</corner1><corner2>3.6684148292103096, 1.7659376514869094, 0.8022343146706763</corner2></bounds><pose><translation>-7.972136066302643, -4.20976137927738, -0.6379712622869158</translation><rotation><c1>0, 0, 0</c1><c2>0, 0, 0</c2><c3>0, 0, 0</c3></rotation></pose><symmetry><x>twoFold</x><y>cylindrical</y><z>twoFold</z></symmetry><detectionScore>-1.0</detectionScore></element><element><id>34</id><category>chandelier</category><bounds><corner1>-1.6915266932335333, -0.7620015945344609, -0.4378053725760457</corner1><corner2>1.6915266932335333, 0.7620015945344609, 0.4378053725760457</corner2></bounds><pose><translation>-7.958283355624918, -4.268830924701685, 0.8406744145758273</translation><rotation><c1>0, 0, 0</c1><c2>0, 0, 0</c2><c3>0, 0, 0</c3></rotation></pose><symmetry><x>twoFold</x><y>cylindrical</y><z>twoFold</z></symmetry><detectionScore>-1.0</detectionScore></element><element><id>35</id><category>door</category><bounds><corner1>-0.2563681630838657, -0.45782179839394344, -1.0855982843954786</corner1><corner2>0.2563681630838657, 0.45782179839394344, 1.0855982843954786</corner2></bounds><pose><translation>7.524622882658584, 3.097895074163543, -0.36995534297995963</translation><rotation><c1>0, 0, 0</c1><c2>0, 0, 0</c2><c3>0, 0, 0</c3></rotation></pose><symmetry><x>twoFold</x><y>cylindrical</y><z>twoFold</z></symmetry><detectionScore>-1.0</detectionScore></element><element><id>36</id><category>plant</category><bounds><corner1>-1.2868339208655328, -0.7060578197005558, -0.8824641763633627</corner1><corner2>1.2868339208655328, 0.7060578197005558, 0.8824641763633627</corner2></bounds><pose><translation>-5.650554381326667, -3.150394477807515, -0.7323395749017627</translation><rotation><c1>0, 0, 0</c1><c2>0, 0, 0</c2><c3>0, 0, 0</c3></rotation></pose><symmetry><x>twoFold</x><y>cylindrical</y><z>twoFold</z></symmetry><detectionScore>-1.0</detectionScore></element><element><id>37</id><category>curtain</category><bounds><corner1>-0.17219846483172152, -2.0734451182375873, -1.427916011762443</corner1><corner2>0.17219846483172152, 2.0734451182375873, 1.427916011762443</corner2></bounds><pose><translation>-0.2270742064426911, 1.7420340869752498, -0.03497399134940408</translation><rotation><c1>0, 0, 0</c1><c2>0, 0, 0</c2><c3>0, 0, 0</c3></rotation></pose><symmetry><x>twoFold</x><y>cylindrical</y><z>twoFold</z></symmetry><detectionScore>-1.0</detectionScore></element><element><id>38</id><category>plant</category><bounds><corner1>-3.6046398826451087, -2.079251663793304, -1.4215671507222372</corner1><corner2>3.6046398826451087, 2.079251663793304, 1.4215671507222372</corner2></bounds><pose><translation>-7.8630411982191575, -4.538141941550315, -0.6319454484261472</translation><rotation><c1>0, 0, 0</c1><c2>0, 0, 0</c2><c3>0, 0, 0</c3></rotation></pose><symmetry><x>twoFold</x><y>cylindrical</y><z>twoFold</z></symmetry><detectionScore>-1.0</detectionScore></element><element><id>39</id><category>picture_frame</category><bounds><corner1>-0.5336396712076861, -0.12660903322751915, -1.4071085189547683</corner1><corner2>0.5336396712076861, 0.12660903322751915, 1.4071085189547683</corner2></bounds><pose><translation>0.8196336991748154, 3.67463613956838, -0.13288516932995045</translation><rotation><c1>0, 0, 0</c1><c2>0, 0, 0</c2><c3>0, 0, 0</c3></rotation></pose><symmetry><x>twoFold</x><y>cylindrical</y><z>twoFold</z></symmetry><detectionScore>-1.0</detectionScore></element><element><id>40</id><category>kitchen_cabinet</category><bounds><corner1>-1.5328353171989222, -0.12429832817417719, -0.5561403715339881</corner1><corner2>1.5328353171989222, 0.12429832817417719, 0.5561403715339881</corner2></bounds><pose><translation>-4.036485292266437, 6.082540252430032, -0.5501839393812957</translation><rotation><c1>0, 0, 0</c1><c2>0, 0, 0</c2><c3>0, 0, 0</c3></rotation></pose><symmetry><x>twoFold</x><y>cylindrical</y><z>twoFold</z></symmetry><detectionScore>-1.0</detectionScore></element><element><id>41</id><category>wall</category><bounds><corner1>-1.710804163061662, -0.7735546640983726, -1.2483527067670588</corner1><corner2>1.710804163061662, 0.7735546640983726, 1.2483527067670588</corner2></bounds><pose><translation>-3.3309042000182183, 6.023334767662572, -0.10240209468683462</translation><rotation><c1>0, 0, 0</c1><c2>0, 0, 0</c2><c3>0, 0, 0</c3></rotation></pose><symmetry><x>twoFold</x><y>cylindrical</y><z>twoFold</z></symmetry><detectionScore>-1.0</detectionScore></element><element><id>42</id><category>floor</category><bounds><corner1>-1.83880135922645, -4.503600023671461, -0.6255614873101112</corner1><corner2>1.83880135922645, 4.503600023671461, 0.6255614873101112</corner2></bounds><pose><translation>2.8313997064620735, 4.394919184355229, -1.117008209544008</translation><rotation><c1>0, 0, 0</c1><c2>0, 0, 0</c2><c3>0, 0, 0</c3></rotation></pose><symmetry><x>twoFold</x><y>cylindrical</y><z>twoFold</z></symmetry><detectionScore>-1.0</detectionScore></element><element><id>43</id><category>plant</category><bounds><corner1>-1.7937025872662407, -0.9304232772039076, -0.5456167025927182</corner1><corner2>1.7937025872662407, 0.9304232772039076, 0.5456167025927182</corner2></bounds><pose><translation>-8.05703701105237, -4.237664185518808, 0.02367938712244841</translation><rotation><c1>0, 0, 0</c1><c2>0, 0, 0</c2><c3>0, 0, 0</c3></rotation></pose><symmetry><x>twoFold</x><y>cylindrical</y><z>twoFold</z></symmetry><detectionScore>-1.0</detectionScore></element><element><id>44</id><category>plant</category><bounds><corner1>-3.427843419814245, -1.8429066608816789, -1.3181666006082726</corner1><corner2>3.427843419814245, 1.8429066608816789, 1.3181666006082726</corner2></bounds><pose><translation>-7.974152728078051, -4.291383335523816, -0.27176825540886324</translation><rotation><c1>0, 0, 0</c1><c2>0, 0, 0</c2><c3>0, 0, 0</c3></rotation></pose><symmetry><x>twoFold</x><y>cylindrical</y><z>twoFold</z></symmetry><detectionScore>-1.0</detectionScore></element><element><id>45</id><category>dresser</category><bounds><corner1>-0.4733510011992128, -0.7640937063638062, -0.4602183229392206</corner1><corner2>0.4733510011992128, 0.7640937063638062, 0.4602183229392206</corner2></bounds><pose><translation>3.999993220541047, 0.17949218663093697, -1.1760764666422587</translation><rotation><c1>0, 0, 0</c1><c2>0, 0, 0</c2><c3>0, 0, 0</c3></rotation></pose><symmetry><x>twoFold</x><y>cylindrical</y><z>twoFold</z></symmetry><detectionScore>-1.0</detectionScore></element><element><id>46</id><category>window</category><bounds><corner1>-0.7226804494844068, -0.10968461415677422, -1.2288848423502226</corner1><corner2>0.7226804494844068, 0.10968461415677422, 1.2288848423502226</corner2></bounds><pose><translation>0.7188973545255539, -1.5686845054492484, 0.1272082305830764</translation><rotation><c1>0, 0, 0</c1><c2>0, 0, 0</c2><c3>0, 0, 0</c3></rotation></pose><symmetry><x>twoFold</x><y>cylindrical</y><z>twoFold</z></symmetry><detectionScore>-1.0</detectionScore></element><element><id>47</id><category>wall</category><bounds><corner1>-3.302093178698957, -1.004267615957609, -1.0785342266023943</corner1><corner2>3.302093178698957, 1.004267615957609, 1.0785342266023943</corner2></bounds><pose><translation>-7.375987026912138, 4.931586575570106, 0.17312200581945453</translation><rotation><c1>0, 0, 0</c1><c2>0, 0, 0</c2><c3>0, 0, 0</c3></rotation></pose><symmetry><x>twoFold</x><y>cylindrical</y><z>twoFold</z></symmetry><detectionScore>-1.0</detectionScore></element><element><id>48</id><category>wall</category><bounds><corner1>-2.9826084967769244, -2.118336303920779, -1.2762465028783685</corner1><corner2>2.9826084967769244, 2.118336303920779, 1.2762465028783685</corner2></bounds><pose><translation>-7.274262418051946, 3.249987706070906, -0.0071318014040588525</translation><rotation><c1>0, 0, 0</c1><c2>0, 0, 0</c2><c3>0, 0, 0</c3></rotation></pose><symmetry><x>twoFold</x><y>cylindrical</y><z>twoFold</z></symmetry><detectionScore>-1.0</detectionScore></element><element><id>49</id><category>picture_frame</category><bounds><corner1>-0.5364811166682069, -0.07851063391415547, -0.5708250137853054</corner1><corner2>0.5364811166682069, 0.07851063391415547, 0.5708250137853054</corner2></bounds><pose><translation>4.601091985748624, 3.5219205170987955, 0.2206878525157757</translation><rotation><c1>0, 0, 0</c1><c2>0, 0, 0</c2><c3>0, 0, 0</c3></rotation></pose><symmetry><x>twoFold</x><y>cylindrical</y><z>twoFold</z></symmetry><detectionScore>-1.0</detectionScore></element><element><id>50</id><category>door</category><bounds><corner1>-3.5619949519182352, -0.3866667734681286, -1.276150499084823</corner1><corner2>3.5619949519182352, 0.3866667734681286, 1.276150499084823</corner2></bounds><pose><translation>-6.896037078249842, 5.553607048958525, -0.019406478829472714</translation><rotation><c1>0, 0, 0</c1><c2>0, 0, 0</c2><c3>0, 0, 0</c3></rotation></pose><symmetry><x>twoFold</x><y>cylindrical</y><z>twoFold</z></symmetry><detectionScore>-1.0</detectionScore></element><element><id>51</id><category>door</category><bounds><corner1>-1.5541414598606664, -1.5762125453565197, -1.540583195402657</corner1><corner2>1.5541414598606664, 1.5762125453565197, 1.540583195402657</corner2></bounds><pose><translation>-7.284428015967296, 1.1834893115585958, -0.3197923034971092</translation><rotation><c1>0, 0, 0</c1><c2>0, 0, 0</c2><c3>0, 0, 0</c3></rotation></pose><symmetry><x>twoFold</x><y>cylindrical</y><z>twoFold</z></symmetry><detectionScore>-1.0</detectionScore></element><element><id>52</id><category>chair</category><bounds><corner1>-0.5611072828511232, -0.5430087134716417, -0.8246124821730262</corner1><corner2>0.5611072828511232, 0.5430087134716417, 0.8246124821730262</corner2></bounds><pose><translation>-3.442455777809461, 2.819239962147905, -1.4660815761336186</translation><rotation><c1>0, 0, 0</c1><c2>0, 0, 0</c2><c3>0, 0, 0</c3></rotation></pose><symmetry><x>twoFold</x><y>cylindrical</y><z>twoFold</z></symmetry><detectionScore>-1.0</detectionScore></element><element><id>53</id><category>window</category><bounds><corner1>-1.206842432057667, -0.3368488255755273, -1.5794699885807717</corner1><corner2>1.206842432057667, 0.3368488255755273, 1.5794699885807717</corner2></bounds><pose><translation>3.1414246589208252, -1.3377024079628805, -0.20543769035032017</translation><rotation><c1>0, 0, 0</c1><c2>0, 0, 0</c2><c3>0, 0, 0</c3></rotation></pose><symmetry><x>twoFold</x><y>cylindrical</y><z>twoFold</z></symmetry><detectionScore>-1.0</detectionScore></element><element><id>54</id><category>kitchen_cabinet</category><bounds><corner1>-1.2838715613252614, -0.18433069594267604, -0.3835864097705612</corner1><corner2>1.2838715613252614, 0.18433069594267604, 0.3835864097705612</corner2></bounds><pose><translation>-4.273436056345571, 3.164128881634949, -0.8376920610442921</translation><rotation><c1>0, 0, 0</c1><c2>0, 0, 0</c2><c3>0, 0, 0</c3></rotation></pose><symmetry><x>twoFold</x><y>cylindrical</y><z>twoFold</z></symmetry><detectionScore>-1.0</detectionScore></element><element><id>55</id><category>curtain</category><bounds><corner1>-2.5300864367740417, -1.8954842198353616, -0.9569079112135745</corner1><corner2>2.5300864367740417, 1.8954842198353616, 0.9569079112135745</corner2></bounds><pose><translation>-8.002662117514067, -4.256416325158174, 0.07024878456234279</translation><rotation><c1>0, 0, 0</c1><c2>0, 0, 0</c2><c3>0, 0, 0</c3></rotation></pose><symmetry><x>twoFold</x><y>cylindrical</y><z>twoFold</z></symmetry><detectionScore>-1.0</detectionScore></element><element><id>56</id><category>chair</category><bounds><corner1>-0.9728009992121323, -1.1029284426839188, -0.4166990498754497</corner1><corner2>0.9728009992121323, 1.1029284426839188, 0.4166990498754497</corner2></bounds><pose><translation>-2.122532529574764, -4.405241972942431, -1.5814851323010748</translation><rotation><c1>0, 0, 0</c1><c2>0, 0, 0</c2><c3>0, 0, 0</c3></rotation></pose><symmetry><x>twoFold</x><y>cylindrical</y><z>twoFold</z></symmetry><detectionScore>-1.0</detectionScore></element></elements></scene>