<?xml version='1.0' encoding='utf-8'?>
<scene xmlns:sumo="https://www.sumochallenge.org"><version>2.0</version><categories><id>fb_categories_v1.0</id><url>https://sumochallenge.org/en/categories-1_0.json</url></categories><project_type>bounding_box</project_type><elements><element><id>11</id><category>window</category><bounds><corner1>-0.05978123, -0.66225069, -1.0151739 </corner1><corner2>0.05978123, 0.66225069, 1.0151739 </corner2></bounds><pose><translation>3.58920389, 0.05999599, 2.1099707 </translation><rotation><c1>1., 0., 0.</c1><c2>0., 1., 0.</c2><c3>0., 0., 1.</c3></rotation></pose><symmetry><x>none</x><y>none</y><z>none</z></symmetry><detectionScore>-1</detectionScore></element><element><id>7</id><category>kitchen_cabinet</category><bounds><corner1>-0.78757675, -0.48324906, -0.61409347</corner1><corner2>0.78757675, 0.48324906, 0.61409347</corner2></bounds><pose><translation> 2.69210161, -0.96939662, -1.67772938</translation><rotation><c1>1., 0., 0.</c1><c2>0., 1., 0.</c2><c3>0., 0., 1.</c3></rotation></pose><symmetry><x>none</x><y>none</y><z>none</z></symmetry><detectionScore>-1</detectionScore></element><element><id>5</id><category>armchair</category><bounds><corner1>-2.01488881, -0.12167562, -2.87293003</corner1><corner2>2.01488881, 0.12167562, 2.87293003</corner2></bounds><pose><translation> 1.04473714, -0.6812673 ,  2.18691622</translation><rotation><c1>1., 0., 0.</c1><c2>0., 1., 0.</c2><c3>0., 0., 1.</c3></rotation></pose><symmetry><x>none</x><y>none</y><z>none</z></symmetry><detectionScore>-1</detectionScore></element><element><id>3</id><category>hanging_kitchen_cabinet</category><bounds><corner1>-0.76985791, -0.53491642, -0.69183597</corner1><corner2>0.76985791, 0.53491642, 0.69183597</corner2></bounds><pose><translation> 2.76891714,  0.28285939, -1.81590271</translation><rotation><c1>1., 0., 0.</c1><c2>0., 1., 0.</c2><c3>0., 0., 1.</c3></rotation></pose><symmetry><x>none</x><y>none</y><z>none</z></symmetry><detectionScore>-1</detectionScore></element><element><id>9</id><category>refrigerator</category><bounds><corner1>-0.66919273, -0.91162257, -0.36699976</corner1><corner2>0.66919273, 0.91162257, 0.36699976</corner2></bounds><pose><translation> 2.86588451, -0.46086718,  0.00840091</translation><rotation><c1>1., 0., 0.</c1><c2>0., 1., 0.</c2><c3>0., 0., 1.</c3></rotation></pose><symmetry><x>none</x><y>none</y><z>none</z></symmetry><detectionScore>-1</detectionScore></element><element><id>10</id><category>chair</category><bounds><corner1>-0.38661835, -0.67696527, -4.68804673</corner1><corner2>0.38661835, 0.67696527, 4.68804673</corner2></bounds><pose><translation> 0.02091057, -1.34983434,  1.7660621 </translation><rotation><c1>1., 0., 0.</c1><c2>0., 1., 0.</c2><c3>0., 0., 1.</c3></rotation></pose><symmetry><x>none</x><y>none</y><z>none</z></symmetry><detectionScore>-1</detectionScore></element><element><id>4</id><category>chandelier</category><bounds><corner1>-0.81787617, -0.02013831, -0.20625177</corner1><corner2>0.81787617, 0.02013831, 0.20625177</corner2></bounds><pose><translation> 1.61301061,  1.18835006, -0.87893902</translation><rotation><c1>1., 0., 0.</c1><c2>0., 1., 0.</c2><c3>0., 0., 1.</c3></rotation></pose><symmetry><x>none</x><y>none</y><z>none</z></symmetry><detectionScore>-1</detectionScore></element><element><id>2</id><category>wall</category><bounds><corner1>-3.18142879, -1.23079522, -0.14615139</corner1><corner2>3.18142879, 1.23079522, 0.14615139</corner2></bounds><pose><translation>-0.11574552, -0.10084025,  7.92433679</translation><rotation><c1>1., 0., 0.</c1><c2>0., 1., 0.</c2><c3>0., 0., 1.</c3></rotation></pose><symmetry><x>none</x><y>none</y><z>none</z></symmetry><detectionScore>-1</detectionScore></element><element><id>1</id><category>plant</category><bounds><corner1>-0.07753575, -0.85961896, -0.32351472</corner1><corner2>0.07753575, 0.85961896, 0.32351472</corner2></bounds><pose><translation> 3.50817039, -0.81839498, -0.71083417</translation><rotation><c1>1., 0., 0.</c1><c2>0., 1., 0.</c2><c3>0., 0., 1.</c3></rotation></pose><symmetry><x>none</x><y>none</y><z>none</z></symmetry><detectionScore>-1</detectionScore></element><element><id>8</id><category>chandelier</category><bounds><corner1>-1.79397941, -0.02132116, -2.94736109</corner1><corner2>1.79397941, 0.02132116, 2.94736109</corner2></bounds><pose><translation>1.00595992, 1.18686632, 1.88002795</translation><rotation><c1>1., 0., 0.</c1><c2>0., 1., 0.</c2><c3>0., 0., 1.</c3></rotation></pose><symmetry><x>none</x><y>none</y><z>none</z></symmetry><detectionScore>-1</detectionScore></element></elements></scene>