<?xml version='1.0' encoding='utf-8'?>
<scene xmlns:sumo="https://www.sumochallenge.org"><version>2.0</version><categories><id>fb_categories_v1_0</id><url>https://sumochallenge.org/en/categories-1_0.json</url></categories><project_type>bounding_box</project_type><elements><element><id>0</id><category>window</category><bounds><corner1>-0.03291789071590723, -0.516854931665677, -0.8328769069085369</corner1><corner2>0.03291789071590723, 0.516854931665677, 0.8328769069085369</corner2></bounds><pose><translation>-0.7585127543848377, -3.1682782205687237, -0.0032276912173405336</translation><rotation><c1>0, 0, 0</c1><c2>0, 0, 0</c2><c3>0, 0, 0</c3></rotation></pose><symmetry><x>twoFold</x><y>cylindrical</y><z>twoFold</z></symmetry><detectionScore>-1.0</detectionScore></element><element><id>1</id><category>sink</category><bounds><corner1>-0.4654063425836721, -0.7745648744163012, -0.43160807334636775</corner1><corner2>0.4654063425836721, 0.7745648744163012, 0.43160807334636775</corner2></bounds><pose><translation>-1.0492889352249906, 1.5285081947315777, -0.8201445054716636</translation><rotation><c1>0, 0, 0</c1><c2>0, 0, 0</c2><c3>0, 0, 0</c3></rotation></pose><symmetry><x>twoFold</x><y>cylindrical</y><z>twoFold</z></symmetry><detectionScore>-1.0</detectionScore></element><element><id>2</id><category>arch</category><bounds><corner1>-0.6268427416562823, -1.2668160968566786, -1.3631562768416363</corner1><corner2>0.6268427416562823, 1.2668160968566786, 1.3631562768416363</corner2></bounds><pose><translation>-0.06194842622095849, -7.009521216927432, -0.3044249493799872</translation><rotation><c1>0, 0, 0</c1><c2>0, 0, 0</c2><c3>0, 0, 0</c3></rotation></pose><symmetry><x>twoFold</x><y>cylindrical</y><z>twoFold</z></symmetry><detectionScore>-1.0</detectionScore></element><element><id>3</id><category>whiteboard</category><bounds><corner1>-0.37359042152257826, -0.6245918612241633, -0.9063183216595281</corner1><corner2>0.37359042152257826, 0.6245918612241633, 0.9063183216595281</corner2></bounds><pose><translation>2.9561753080693687, 0.9255571916549562, -1.0583851098154822</translation><rotation><c1>0, 0, 0</c1><c2>0, 0, 0</c2><c3>0, 0, 0</c3></rotation></pose><symmetry><x>twoFold</x><y>cylindrical</y><z>twoFold</z></symmetry><detectionScore>-1.0</detectionScore></element><element><id>4</id><category>dresser</category><bounds><corner1>-0.1510452796515927, -2.1822431091946624, -0.3992556161473948</corner1><corner2>0.1510452796515927, 2.1822431091946624, 0.3992556161473948</corner2></bounds><pose><translation>-0.4088212177863494, 1.2534632403717976, -0.6046993731295723</translation><rotation><c1>0, 0, 0</c1><c2>0, 0, 0</c2><c3>0, 0, 0</c3></rotation></pose><symmetry><x>twoFold</x><y>cylindrical</y><z>twoFold</z></symmetry><detectionScore>-1.0</detectionScore></element><element><id>5</id><category>chandelier</category><bounds><corner1>-1.6684575713640126, -2.6576132206909575, -0.11025989212324827</corner1><corner2>1.6684575713640126, 2.6576132206909575, 0.11025989212324827</corner2></bounds><pose><translation>1.4303294205861197, 3.0346070608179216, 1.3259636840083249</translation><rotation><c1>0, 0, 0</c1><c2>0, 0, 0</c2><c3>0, 0, 0</c3></rotation></pose><symmetry><x>twoFold</x><y>cylindrical</y><z>twoFold</z></symmetry><detectionScore>-1.0</detectionScore></element><element><id>6</id><category>door</category><bounds><corner1>-0.05445122432584082, -1.9584226421085131, -1.0011374338748076</corner1><corner2>0.05445122432584082, 1.9584226421085131, 1.0011374338748076</corner2></bounds><pose><translation>0.7473117847765551, -5.092868733229531, -0.23081528292495387</translation><rotation><c1>0, 0, 0</c1><c2>0, 0, 0</c2><c3>0, 0, 0</c3></rotation></pose><symmetry><x>twoFold</x><y>cylindrical</y><z>twoFold</z></symmetry><detectionScore>-1.0</detectionScore></element><element><id>7</id><category>picture_frame</category><bounds><corner1>-0.05431710238403231, -1.3789459396654127, -0.5364433117846914</corner1><corner2>0.05431710238403231, 1.3789459396654127, 0.5364433117846914</corner2></bounds><pose><translation>-1.0975252544316256, 0.6470215998742332, 0.04705704189106252</translation><rotation><c1>0, 0, 0</c1><c2>0, 0, 0</c2><c3>0, 0, 0</c3></rotation></pose><symmetry><x>twoFold</x><y>cylindrical</y><z>twoFold</z></symmetry><detectionScore>-1.0</detectionScore></element><element><id>8</id><category>wall</category><bounds><corner1>-0.39734009291395195, -2.237877327776422, -0.8300146622424269</corner1><corner2>0.39734009291395195, 2.237877327776422, 0.8300146622424269</corner2></bounds><pose><translation>-0.665558829475735, 1.400428769923754, -0.0470611874580156</translation><rotation><c1>0, 0, 0</c1><c2>0, 0, 0</c2><c3>0, 0, 0</c3></rotation></pose><symmetry><x>twoFold</x><y>cylindrical</y><z>twoFold</z></symmetry><detectionScore>-1.0</detectionScore></element><element><id>9</id><category>mirror</category><bounds><corner1>-1.2808276901958924, -0.23054131443779613, -0.6310483071993671</corner1><corner2>1.2808276901958924, 0.23054131443779613, 0.6310483071993671</corner2></bounds><pose><translation>2.0422876871387197, -0.5396506429663608, -0.4638862310728498</translation><rotation><c1>0, 0, 0</c1><c2>0, 0, 0</c2><c3>0, 0, 0</c3></rotation></pose><symmetry><x>twoFold</x><y>cylindrical</y><z>twoFold</z></symmetry><detectionScore>-1.0</detectionScore></element><element><id>10</id><category>double_bed</category><bounds><corner1>-1.7791436039946795, -1.747392021097935, -0.6998124511346175</corner1><corner2>1.7791436039946795, 1.747392021097935, 0.6998124511346175</corner2></bounds><pose><translation>1.2929717191067511, 3.993658297462012, -0.935111994448205</translation><rotation><c1>0, 0, 0</c1><c2>0, 0, 0</c2><c3>0, 0, 0</c3></rotation></pose><symmetry><x>twoFold</x><y>cylindrical</y><z>twoFold</z></symmetry><detectionScore>-1.0</detectionScore></element><element><id>11</id><category>wall</category><bounds><corner1>-2.036536172541473, -0.2015832543990559, -1.385234088727293</corner1><corner2>2.036536172541473, 0.2015832543990559, 1.385234088727293</corner2></bounds><pose><translation>0.837305478773664, 5.559257877723585, -0.08342683074386309</translation><rotation><c1>0, 0, 0</c1><c2>0, 0, 0</c2><c3>0, 0, 0</c3></rotation></pose><symmetry><x>twoFold</x><y>cylindrical</y><z>twoFold</z></symmetry><detectionScore>-1.0</detectionScore></element><element><id>12</id><category>door</category><bounds><corner1>-0.07403152374364452, -0.5805601507035782, -0.7310127623789667</corner1><corner2>0.07403152374364452, 0.5805601507035782, 0.7310127623789667</corner2></bounds><pose><translation>-0.8014142905470203, -2.780479549668112, -0.1489307142867501</translation><rotation><c1>0, 0, 0</c1><c2>0, 0, 0</c2><c3>0, 0, 0</c3></rotation></pose><symmetry><x>twoFold</x><y>cylindrical</y><z>twoFold</z></symmetry><detectionScore>-1.0</detectionScore></element><element><id>13</id><category>chair</category><bounds><corner1>-0.9660171198381864, -0.3680599727282445, -0.36348675974972533</corner1><corner2>0.9660171198381864, 0.3680599727282445, 0.36348675974972533</corner2></bounds><pose><translation>2.380984398064498, 0.08618572065062508, -1.1454301951325285</translation><rotation><c1>0, 0, 0</c1><c2>0, 0, 0</c2><c3>0, 0, 0</c3></rotation></pose><symmetry><x>twoFold</x><y>cylindrical</y><z>twoFold</z></symmetry><detectionScore>-1.0</detectionScore></element><element><id>14</id><category>mirror</category><bounds><corner1>-0.03315440948164483, -0.5178815872283677, -0.8558778556002438</corner1><corner2>0.03315440948164483, 0.5178815872283677, 0.8558778556002438</corner2></bounds><pose><translation>-0.7589038816879857, -3.1690474008849727, 0.0031460779140457425</translation><rotation><c1>0, 0, 0</c1><c2>0, 0, 0</c2><c3>0, 0, 0</c3></rotation></pose><symmetry><x>twoFold</x><y>cylindrical</y><z>twoFold</z></symmetry><detectionScore>-1.0</detectionScore></element><element><id>15</id><category>wall</category><bounds><corner1>-0.12119471158518214, -2.1699244348275832, -1.388224354510932</corner1><corner2>0.12119471158518214, 2.1699244348275832, 1.388224354510932</corner2></bounds><pose><translation>-1.0991506968656177, 0.06458852324080538, -0.016468954469646094</translation><rotation><c1>0, 0, 0</c1><c2>0, 0, 0</c2><c3>0, 0, 0</c3></rotation></pose><symmetry><x>twoFold</x><y>cylindrical</y><z>twoFold</z></symmetry><detectionScore>-1.0</detectionScore></element><element><id>16</id><category>mirror</category><bounds><corner1>-0.5489375871274866, -0.2062014896203448, -0.5005995175210203</corner1><corner2>0.5489375871274866, 0.2062014896203448, 0.5005995175210203</corner2></bounds><pose><translation>-1.5540050054150687, 2.1167865406740023, 0.1922653736555745</translation><rotation><c1>0, 0, 0</c1><c2>0, 0, 0</c2><c3>0, 0, 0</c3></rotation></pose><symmetry><x>twoFold</x><y>cylindrical</y><z>twoFold</z></symmetry><detectionScore>-1.0</detectionScore></element><element><id>17</id><category>door</category><bounds><corner1>-0.2591334913120268, -2.646086053422511, -1.3792393779317917</corner1><corner2>0.2591334913120268, 2.646086053422511, 1.3792393779317917</corner2></bounds><pose><translation>-0.33229226854448707, 3.095694064774768, -0.2849436820246155</translation><rotation><c1>0, 0, 0</c1><c2>0, 0, 0</c2><c3>0, 0, 0</c3></rotation></pose><symmetry><x>twoFold</x><y>cylindrical</y><z>twoFold</z></symmetry><detectionScore>-1.0</detectionScore></element><element><id>18</id><category>wall</category><bounds><corner1>-0.7351051205066224, -1.0048443480018419, -1.3661541531335244</corner1><corner2>0.7351051205066224, 1.0048443480018419, 1.3661541531335244</corner2></bounds><pose><translation>0.01731110644622069, -5.929250855787392, -0.07739158677958412</translation><rotation><c1>0, 0, 0</c1><c2>0, 0, 0</c2><c3>0, 0, 0</c3></rotation></pose><symmetry><x>twoFold</x><y>cylindrical</y><z>twoFold</z></symmetry><detectionScore>-1.0</detectionScore></element><element><id>19</id><category>dressing_table</category><bounds><corner1>-1.5576082688554829, -0.4488938327387453, -0.8019512273674363</corner1><corner2>1.5576082688554829, 0.4488938327387453, 0.8019512273674363</corner2></bounds><pose><translation>1.7966661786551312, -0.49056282476504376, -0.8098993062747796</translation><rotation><c1>0, 0, 0</c1><c2>0, 0, 0</c2><c3>0, 0, 0</c3></rotation></pose><symmetry><x>twoFold</x><y>cylindrical</y><z>twoFold</z></symmetry><detectionScore>-1.0</detectionScore></element><element><id>20</id><category>wall</category><bounds><corner1>-0.6191389024743706, -1.9981010947973905, -0.9553611826675305</corner1><corner2>0.6191389024743706, 1.9981010947973905, 0.9553611826675305</corner2></bounds><pose><translation>-0.7348456066827481, -4.8242232630743915, -0.13735435536739782</translation><rotation><c1>0, 0, 0</c1><c2>0, 0, 0</c2><c3>0, 0, 0</c3></rotation></pose><symmetry><x>twoFold</x><y>cylindrical</y><z>twoFold</z></symmetry><detectionScore>-1.0</detectionScore></element><element><id>21</id><category>wall</category><bounds><corner1>-0.05961960503892172, -2.2331514376776096, -1.0614981598894222</corner1><corner2>0.05961960503892172, 2.2331514376776096, 1.0614981598894222</corner2></bounds><pose><translation>0.7432425614310102, -5.332823417618648, -0.14102133633617045</translation><rotation><c1>0, 0, 0</c1><c2>0, 0, 0</c2><c3>0, 0, 0</c3></rotation></pose><symmetry><x>twoFold</x><y>cylindrical</y><z>twoFold</z></symmetry><detectionScore>-1.0</detectionScore></element></elements></scene>