<?xml version='1.0' encoding='utf-8'?>
<scene xmlns:sumo="https://www.sumochallenge.org"><version>2.0</version><categories><id>fb_categories_v1_0</id><url>https://sumochallenge.org/en/categories-1_0.json</url></categories><project_type>bounding_box</project_type><elements><element><id>0</id><category>sofa</category><bounds><corner1>-4.014995636510959, -0.7980931223485408, -0.6614299672209228</corner1><corner2>4.014995636510959, 0.7980931223485408, 0.6614299672209228</corner2></bounds><pose><translation>5.777036053283859, 2.8476675237483287, -1.0760772744005564</translation><rotation><c1>0, 0, 0</c1><c2>0, 0, 0</c2><c3>0, 0, 0</c3></rotation></pose><symmetry><x>twoFold</x><y>cylindrical</y><z>twoFold</z></symmetry><detectionScore>-1.0</detectionScore></element><element><id>1</id><category>wall</category><bounds><corner1>-5.676679865908204, -3.9805360789226203, -1.1832684926301942</corner1><corner2>5.676679865908204, 3.9805360789226203, 1.1832684926301942</corner2></bounds><pose><translation>4.32487925111694, -12.0794862757761, -0.15569712598237243</translation><rotation><c1>0, 0, 0</c1><c2>0, 0, 0</c2><c3>0, 0, 0</c3></rotation></pose><symmetry><x>twoFold</x><y>cylindrical</y><z>twoFold</z></symmetry><detectionScore>-1.0</detectionScore></element><element><id>2</id><category>chair</category><bounds><corner1>-8.542611684908412, -1.125629438559631, -0.9333864933966016</corner1><corner2>8.542611684908412, 1.125629438559631, 0.9333864933966016</corner2></bounds><pose><translation>4.974709788413006, -3.0683627025865334, -1.5285792935129316</translation><rotation><c1>0, 0, 0</c1><c2>0, 0, 0</c2><c3>0, 0, 0</c3></rotation></pose><symmetry><x>twoFold</x><y>cylindrical</y><z>twoFold</z></symmetry><detectionScore>-1.0</detectionScore></element><element><id>3</id><category>gym_equipment</category><bounds><corner1>-8.120894364791837, -1.514696745163431, -0.9704480792931823</corner1><corner2>8.120894364791837, 1.514696745163431, 0.9704480792931823</corner2></bounds><pose><translation>5.513302511201414, -3.248965968404519, -1.5252223167972128</translation><rotation><c1>0, 0, 0</c1><c2>0, 0, 0</c2><c3>0, 0, 0</c3></rotation></pose><symmetry><x>twoFold</x><y>cylindrical</y><z>twoFold</z></symmetry><detectionScore>-1.0</detectionScore></element><element><id>4</id><category>game_table</category><bounds><corner1>-3.525730335187488, -1.685835612428857, -0.4286191410587994</corner1><corner2>3.525730335187488, 1.685835612428857, 0.4286191410587994</corner2></bounds><pose><translation>6.444046205407172, -8.890895450762848, -1.1191022216188247</translation><rotation><c1>0, 0, 0</c1><c2>0, 0, 0</c2><c3>0, 0, 0</c3></rotation></pose><symmetry><x>twoFold</x><y>cylindrical</y><z>twoFold</z></symmetry><detectionScore>-1.0</detectionScore></element><element><id>5</id><category>sofa</category><bounds><corner1>-0.8554343950863076, -1.6827831810949365, -0.5328535437459228</corner1><corner2>0.8554343950863076, 1.6827831810949365, 0.5328535437459228</corner2></bounds><pose><translation>-1.4357571061914136, -4.784542361139852, -0.9550564102975753</translation><rotation><c1>0, 0, 0</c1><c2>0, 0, 0</c2><c3>0, 0, 0</c3></rotation></pose><symmetry><x>twoFold</x><y>cylindrical</y><z>twoFold</z></symmetry><detectionScore>-1.0</detectionScore></element><element><id>6</id><category>workplace</category><bounds><corner1>-5.048951973483847, -2.536415493846391, -0.6142418248276804</corner1><corner2>5.048951973483847, 2.536415493846391, 0.6142418248276804</corner2></bounds><pose><translation>8.747228896632349, -1.9239222027139469, -0.7343297222278331</translation><rotation><c1>0, 0, 0</c1><c2>0, 0, 0</c2><c3>0, 0, 0</c3></rotation></pose><symmetry><x>twoFold</x><y>cylindrical</y><z>twoFold</z></symmetry><detectionScore>-1.0</detectionScore></element><element><id>7</id><category>wall</category><bounds><corner1>-0.33968313724451527, -6.484505377676934, -1.2031637748636752</corner1><corner2>0.33968313724451527, 6.484505377676934, 1.2031637748636752</corner2></bounds><pose><translation>13.501798096317383, -2.995900141857403, -0.17145703594875314</translation><rotation><c1>0, 0, 0</c1><c2>0, 0, 0</c2><c3>0, 0, 0</c3></rotation></pose><symmetry><x>twoFold</x><y>cylindrical</y><z>twoFold</z></symmetry><detectionScore>-1.0</detectionScore></element><element><id>8</id><category>loudspeaker</category><bounds><corner1>-0.08550274459754847, -0.22747976710550563, -0.5755967322725258</corner1><corner2>0.08550274459754847, 0.22747976710550563, 0.5755967322725258</corner2></bounds><pose><translation>-1.9547742488200033, -0.3124093958790589, -1.1909531815348575</translation><rotation><c1>0, 0, 0</c1><c2>0, 0, 0</c2><c3>0, 0, 0</c3></rotation></pose><symmetry><x>twoFold</x><y>cylindrical</y><z>twoFold</z></symmetry><detectionScore>-1.0</detectionScore></element><element><id>9</id><category>chair</category><bounds><corner1>-2.714832784665523, -1.8737507439017023, -0.2622942813568485</corner1><corner2>2.714832784665523, 1.8737507439017023, 0.2622942813568485</corner2></bounds><pose><translation>7.091204896651089, -9.315120547301776, -0.8971092296102262</translation><rotation><c1>0, 0, 0</c1><c2>0, 0, 0</c2><c3>0, 0, 0</c3></rotation></pose><symmetry><x>twoFold</x><y>cylindrical</y><z>twoFold</z></symmetry><detectionScore>-1.0</detectionScore></element><element><id>10</id><category>dining_table</category><bounds><corner1>-2.6275652762665676, -1.557071540472692, -0.478923261850843</corner1><corner2>2.6275652762665676, 1.557071540472692, 0.478923261850843</corner2></bounds><pose><translation>6.417240635701662, -8.771438996357094, -1.1694661622565248</translation><rotation><c1>0, 0, 0</c1><c2>0, 0, 0</c2><c3>0, 0, 0</c3></rotation></pose><symmetry><x>twoFold</x><y>cylindrical</y><z>twoFold</z></symmetry><detectionScore>-1.0</detectionScore></element><element><id>11</id><category>sofa</category><bounds><corner1>-2.024296656755274, -0.9478093310280271, -0.6190231137270908</corner1><corner2>2.024296656755274, 0.9478093310280271, 0.6190231137270908</corner2></bounds><pose><translation>4.012710869943038, 2.7468793856889198, -1.1681043612692212</translation><rotation><c1>0, 0, 0</c1><c2>0, 0, 0</c2><c3>0, 0, 0</c3></rotation></pose><symmetry><x>twoFold</x><y>cylindrical</y><z>twoFold</z></symmetry><detectionScore>-1.0</detectionScore></element><element><id>12</id><category>wall</category><bounds><corner1>-2.6931155800384143, -0.12681102053557547, -1.283599022638222</corner1><corner2>2.6931155800384143, 0.12681102053557547, 1.283599022638222</corner2></bounds><pose><translation>0.7720455074795936, 3.7729527010954387, -0.161213012548142</translation><rotation><c1>0, 0, 0</c1><c2>0, 0, 0</c2><c3>0, 0, 0</c3></rotation></pose><symmetry><x>twoFold</x><y>cylindrical</y><z>twoFold</z></symmetry><detectionScore>-1.0</detectionScore></element></elements></scene>