<?xml version='1.0' encoding='utf-8'?>
<scene xmlns:sumo="https://www.sumochallenge.org"><version>2.0</version><categories><id>fb_categories_v1.0</id><url>https://sumochallenge.org/en/categories-1_0.json</url></categories><project_type>bounding_box</project_type><elements><element><id>12</id><category>fishbowl</category><bounds><corner1>-0.15604323, -0.33806033, -0.25693119</corner1><corner2>0.15604323, 0.33806033, 0.25693119</corner2></bounds><pose><translation>-1.52503644, -0.90160547, -1.15658854</translation><rotation><c1>1., 0., 0.</c1><c2>0., 1., 0.</c2><c3>0., 0., 1.</c3></rotation></pose><symmetry><x>none</x><y>none</y><z>none</z></symmetry><detectionScore>-1</detectionScore></element><element><id>6</id><category>picture_frame</category><bounds><corner1>-0.46641985, -0.45063576, -0.04204779</corner1><corner2>0.46641985, 0.45063576, 0.04204779</corner2></bounds><pose><translation>-0.94785054,  0.566769  ,  1.98004925</translation><rotation><c1>1., 0., 0.</c1><c2>0., 1., 0.</c2><c3>0., 0., 1.</c3></rotation></pose><symmetry><x>none</x><y>none</y><z>none</z></symmetry><detectionScore>-1</detectionScore></element><element><id>7</id><category>picture_frame</category><bounds><corner1>-0.44231098, -0.4474967 , -0.03599365</corner1><corner2>0.44231098, 0.4474967 , 0.03599365</corner2></bounds><pose><translation>0.4579422 , 0.54525523, 1.96894709</translation><rotation><c1>1., 0., 0.</c1><c2>0., 1., 0.</c2><c3>0., 0., 1.</c3></rotation></pose><symmetry><x>none</x><y>none</y><z>none</z></symmetry><detectionScore>-1</detectionScore></element><element><id>2</id><category>ottoman</category><bounds><corner1>-0.44281043, -0.15033087, -0.07496757</corner1><corner2>0.44281043, 0.15033087, 0.07496757</corner2></bounds><pose><translation> 0.82724329, -1.08336579, -3.54292081</translation><rotation><c1>1., 0., 0.</c1><c2>0., 1., 0.</c2><c3>0., 0., 1.</c3></rotation></pose><symmetry><x>none</x><y>none</y><z>none</z></symmetry><detectionScore>-1</detectionScore></element><element><id>3</id><category>arch</category><bounds><corner1>-2.06977751, -1.29092269, -1.63878074</corner1><corner2>2.06977751, 1.29092269, 1.63878074</corner2></bounds><pose><translation>-5.47249696, -0.11384995, -1.93867512</translation><rotation><c1>1., 0., 0.</c1><c2>0., 1., 0.</c2><c3>0., 0., 1.</c3></rotation></pose><symmetry><x>none</x><y>none</y><z>none</z></symmetry><detectionScore>-1</detectionScore></element><element><id>9</id><category>door</category><bounds><corner1>-1.45410008, -1.15394921, -4.53461974</corner1><corner2>1.45410008, 1.15394921, 4.53461974</corner2></bounds><pose><translation>-1.45410008, -0.09161699, -4.53461974</translation><rotation><c1>1., 0., 0.</c1><c2>0., 1., 0.</c2><c3>0., 0., 1.</c3></rotation></pose><symmetry><x>none</x><y>none</y><z>none</z></symmetry><detectionScore>-1</detectionScore></element><element><id>13</id><category>sofa</category><bounds><corner1>-1.49996295, -0.35341306, -0.80561413</corner1><corner2>1.49996295, 0.35341306, 0.80561413</corner2></bounds><pose><translation>-2.92392563, -0.91344882, -1.03440284</translation><rotation><c1>1., 0., 0.</c1><c2>0., 1., 0.</c2><c3>0., 0., 1.</c3></rotation></pose><symmetry><x>none</x><y>none</y><z>none</z></symmetry><detectionScore>-1</detectionScore></element><element><id>4</id><category>armchair</category><bounds><corner1>-0.52447201, -0.32666447, -0.17982559</corner1><corner2>0.52447201, 0.32666447, 0.17982559</corner2></bounds><pose><translation>-1.82251443, -1.0060686 , -2.67888372</translation><rotation><c1>1., 0., 0.</c1><c2>0., 1., 0.</c2><c3>0., 0., 1.</c3></rotation></pose><symmetry><x>none</x><y>none</y><z>none</z></symmetry><detectionScore>-1</detectionScore></element><element><id>8</id><category>sofa</category><bounds><corner1>-0.67804941, -0.21467365, -1.19849587</corner1><corner2>0.67804941, 0.21467365, 1.19849587</corner2></bounds><pose><translation>-1.98607491, -0.83534199,  0.75029632</translation><rotation><c1>1., 0., 0.</c1><c2>0., 1., 0.</c2><c3>0., 0., 1.</c3></rotation></pose><symmetry><x>none</x><y>none</y><z>none</z></symmetry><detectionScore>-1</detectionScore></element><element><id>1</id><category>plant</category><bounds><corner1>-1.87148269, -1.07443142, -0.77733579</corner1><corner2>1.87148269, 1.07443142, 0.77733579</corner2></bounds><pose><translation>-5.32352961, -0.55765521,  0.23181824</translation><rotation><c1>1., 0., 0.</c1><c2>0., 1., 0.</c2><c3>0., 0., 1.</c3></rotation></pose><symmetry><x>none</x><y>none</y><z>none</z></symmetry><detectionScore>-1</detectionScore></element><element><id>10</id><category>xbox</category><bounds><corner1>-0.17128106, -0.35652747, -0.27812035</corner1><corner2>0.17128106, 0.35652747, 0.27812035</corner2></bounds><pose><translation> 1.11164473, -0.95954223, -1.95303824</translation><rotation><c1>1., 0., 0.</c1><c2>0., 1., 0.</c2><c3>0., 0., 1.</c3></rotation></pose><symmetry><x>none</x><y>none</y><z>none</z></symmetry><detectionScore>-1</detectionScore></element></elements></scene>