<?xml version='1.0' encoding='utf-8'?>
<scene xmlns:sumo="https://www.sumochallenge.org"><version>2.0</version><categories><id>fb_categories_v1_0</id><url>https://sumochallenge.org/en/categories-1_0.json</url></categories><project_type>bounding_box</project_type><elements><element><id>0</id><category>wall</category><bounds><corner1>-0.6640864297784244, -0.33278117756316616, -1.4987962973447102</corner1><corner2>0.6640864297784244, 0.33278117756316616, 1.4987962973447102</corner2></bounds><pose><translation>1.755154489241045, 0.6484483607866275, -0.03472602459221616</translation><rotation><c1>0, 0, 0</c1><c2>0, 0, 0</c2><c3>0, 0, 0</c3></rotation></pose><symmetry><x>twoFold</x><y>cylindrical</y><z>twoFold</z></symmetry><detectionScore>-1.0</detectionScore></element><element><id>1</id><category>towel_hanger</category><bounds><corner1>-0.16107666313972668, -0.06629966442604518, -0.4392000450344151</corner1><corner2>0.16107666313972668, 0.06629966442604518, 0.4392000450344151</corner2></bounds><pose><translation>-0.8526988542779831, 2.4937537927752196, -0.38257900965361846</translation><rotation><c1>0, 0, 0</c1><c2>0, 0, 0</c2><c3>0, 0, 0</c3></rotation></pose><symmetry><x>twoFold</x><y>cylindrical</y><z>twoFold</z></symmetry><detectionScore>-1.0</detectionScore></element><element><id>2</id><category>wall</category><bounds><corner1>-1.7910361163648212, -1.0542180395885885, -1.5837821774142316</corner1><corner2>1.7910361163648212, 1.0542180395885885, 1.5837821774142316</corner2></bounds><pose><translation>0.26892812863004273, -3.2025997893683216, -0.187251177213431</translation><rotation><c1>0, 0, 0</c1><c2>0, 0, 0</c2><c3>0, 0, 0</c3></rotation></pose><symmetry><x>twoFold</x><y>cylindrical</y><z>twoFold</z></symmetry><detectionScore>-1.0</detectionScore></element><element><id>3</id><category>wall</category><bounds><corner1>-0.07559791057533438, -0.15879950556695455, -1.6191527477295435</corner1><corner2>0.07559791057533438, 0.15879950556695455, 1.6191527477295435</corner2></bounds><pose><translation>2.376228876611878, 0.455820522052522, -0.15699954322815976</translation><rotation><c1>0, 0, 0</c1><c2>0, 0, 0</c2><c3>0, 0, 0</c3></rotation></pose><symmetry><x>twoFold</x><y>cylindrical</y><z>twoFold</z></symmetry><detectionScore>-1.0</detectionScore></element><element><id>4</id><category>trash_can</category><bounds><corner1>-0.18690918917288768, -0.07329583175035381, -0.4439394037500898</corner1><corner2>0.18690918917288768, 0.07329583175035381, 0.4439394037500898</corner2></bounds><pose><translation>-0.8764378433837547, 2.4815114795569744, -0.31243559213412686</translation><rotation><c1>0, 0, 0</c1><c2>0, 0, 0</c2><c3>0, 0, 0</c3></rotation></pose><symmetry><x>twoFold</x><y>cylindrical</y><z>twoFold</z></symmetry><detectionScore>-1.0</detectionScore></element><element><id>5</id><category>switch</category><bounds><corner1>-0.03589137380262697, -0.23216945492487495, -0.19187737389360088</corner1><corner2>0.03589137380262697, 0.23216945492487495, 0.19187737389360088</corner2></bounds><pose><translation>1.1612992088257033, 1.6537631315382706, -0.34334652630739454</translation><rotation><c1>0, 0, 0</c1><c2>0, 0, 0</c2><c3>0, 0, 0</c3></rotation></pose><symmetry><x>twoFold</x><y>cylindrical</y><z>twoFold</z></symmetry><detectionScore>-1.0</detectionScore></element><element><id>6</id><category>hanger</category><bounds><corner1>-0.2531438634097327, -1.0257495874075295, -0.9508512687358367</corner1><corner2>0.2531438634097327, 1.0257495874075295, 0.9508512687358367</corner2></bounds><pose><translation>-1.4196751825703495, -2.973905085082233, -0.640452298235321</translation><rotation><c1>0, 0, 0</c1><c2>0, 0, 0</c2><c3>0, 0, 0</c3></rotation></pose><symmetry><x>twoFold</x><y>cylindrical</y><z>twoFold</z></symmetry><detectionScore>-1.0</detectionScore></element><element><id>7</id><category>shelving</category><bounds><corner1>-0.2795499936610393, -1.0251532331224718, -1.0277828446148718</corner1><corner2>0.2795499936610393, 1.0251532331224718, 1.0277828446148718</corner2></bounds><pose><translation>-1.4482272136706509, -3.007529771636976, -0.6110668553170662</translation><rotation><c1>0, 0, 0</c1><c2>0, 0, 0</c2><c3>0, 0, 0</c3></rotation></pose><symmetry><x>twoFold</x><y>cylindrical</y><z>twoFold</z></symmetry><detectionScore>-1.0</detectionScore></element><element><id>8</id><category>picture_frame</category><bounds><corner1>-0.31096479230232826, -0.05927031700380292, -0.9247468728732515</corner1><corner2>0.31096479230232826, 0.05927031700380292, 0.9247468728732515</corner2></bounds><pose><translation>0.4453562620495873, 2.5371988475235523, -0.7927211973744241</translation><rotation><c1>0, 0, 0</c1><c2>0, 0, 0</c2><c3>0, 0, 0</c3></rotation></pose><symmetry><x>twoFold</x><y>cylindrical</y><z>twoFold</z></symmetry><detectionScore>-1.0</detectionScore></element><element><id>9</id><category>wall_lamp</category><bounds><corner1>-0.20641537739124904, -0.060840275932471766, -0.6077140544643983</corner1><corner2>0.20641537739124904, 0.060840275932471766, 0.6077140544643983</corner2></bounds><pose><translation>-0.9014606880101521, 2.4985135766656876, -0.27465771866298</translation><rotation><c1>0, 0, 0</c1><c2>0, 0, 0</c2><c3>0, 0, 0</c3></rotation></pose><symmetry><x>twoFold</x><y>cylindrical</y><z>twoFold</z></symmetry><detectionScore>-1.0</detectionScore></element><element><id>10</id><category>wall</category><bounds><corner1>-1.3990364200306131, -0.10054581862096335, -1.620965443103917</corner1><corner2>1.3990364200306131, 0.10054581862096335, 1.620965443103917</corner2></bounds><pose><translation>0.00717009013976619, 2.4829994285936605, -0.17605970364129753</translation><rotation><c1>0, 0, 0</c1><c2>0, 0, 0</c2><c3>0, 0, 0</c3></rotation></pose><symmetry><x>twoFold</x><y>cylindrical</y><z>twoFold</z></symmetry><detectionScore>-1.0</detectionScore></element><element><id>11</id><category>kitchen_cabinet</category><bounds><corner1>-0.07603675946278154, -0.4605073167639473, -0.3240567455007928</corner1><corner2>0.07603675946278154, 0.4605073167639473, 0.3240567455007928</corner2></bounds><pose><translation>-1.2210801832996494, -2.061949426809485, -1.0275499033523408</translation><rotation><c1>0, 0, 0</c1><c2>0, 0, 0</c2><c3>0, 0, 0</c3></rotation></pose><symmetry><x>twoFold</x><y>cylindrical</y><z>twoFold</z></symmetry><detectionScore>-1.0</detectionScore></element><element><id>12</id><category>mirror</category><bounds><corner1>-0.058607408291509566, -0.8282754084534691, -0.5281715784762159</corner1><corner2>0.058607408291509566, 0.8282754084534691, 0.5281715784762159</corner2></bounds><pose><translation>-1.8553765277382392, 0.19954792553324002, 0.23313092009372546</translation><rotation><c1>0, 0, 0</c1><c2>0, 0, 0</c2><c3>0, 0, 0</c3></rotation></pose><symmetry><x>twoFold</x><y>cylindrical</y><z>twoFold</z></symmetry><detectionScore>-1.0</detectionScore></element><element><id>13</id><category>door</category><bounds><corner1>-0.07771461617412045, -0.7423444335988509, -1.3941365971841004</corner1><corner2>0.07771461617412045, 0.7423444335988509, 1.3941365971841004</corner2></bounds><pose><translation>2.40758484642941, -0.7542083865502238, -0.4709562420917355</translation><rotation><c1>0, 0, 0</c1><c2>0, 0, 0</c2><c3>0, 0, 0</c3></rotation></pose><symmetry><x>twoFold</x><y>cylindrical</y><z>twoFold</z></symmetry><detectionScore>-1.0</detectionScore></element></elements></scene>