<?xml version='1.0' encoding='utf-8'?>
<scene xmlns:sumo="https://www.sumochallenge.org"><version>2.0</version><categories><id>fb_categories_v1.0</id><url>https://sumochallenge.org/en/categories-1_0.json</url></categories><project_type>bounding_box</project_type><elements><element><id>2</id><category>door</category><bounds><corner1>-1.57748201, -0.79383528, -2.1310391 </corner1><corner2>1.57748201, 0.79383528, 2.1310391 </corner2></bounds><pose><translation> 2.23703061e+00, -1.27099384e-03, -3.03004440e+00</translation><rotation><c1>1., 0., 0.</c1><c2>0., 1., 0.</c2><c3>0., 0., 1.</c3></rotation></pose><symmetry><x>twoFold</x><y>twoFold</y><z>twoFold</z></symmetry><detectionScore>0.8619953</detectionScore></element><element><id>4</id><category>wall</category><bounds><corner1>-2.07717165, -1.30441603, -3.24901307</corner1><corner2>2.07717165, 1.30441603, 3.24901307</corner2></bounds><pose><translation>-0.42760528, -0.06723737, -4.47103255</translation><rotation><c1>1., 0., 0.</c1><c2>0., 1., 0.</c2><c3>0., 0., 1.</c3></rotation></pose><symmetry><x>none</x><y>twoFold</y><z>none</z></symmetry><detectionScore>0.96376014</detectionScore></element><element><id>5</id><category>kitchen_cabinet</category><bounds><corner1>-0.24391777, -0.05101321, -0.47902721</corner1><corner2>0.24391777, 0.05101321, 0.47902721</corner2></bounds><pose><translation>-0.29484973, -0.4454094 ,  0.8380052 </translation><rotation><c1>1., 0., 0.</c1><c2>0., 1., 0.</c2><c3>0., 0., 1.</c3></rotation></pose><symmetry><x>none</x><y>none</y><z>none</z></symmetry><detectionScore>0.5378088</detectionScore></element><element><id>6</id><category>plant</category><bounds><corner1>-1.51523511, -0.60928102, -0.51298247</corner1><corner2>1.51523511, 0.60928102, 0.51298247</corner2></bounds><pose><translation> 0.76761323, -0.150017  , -1.40299444</translation><rotation><c1>1., 0., 0.</c1><c2>0., 1., 0.</c2><c3>0., 0., 1.</c3></rotation></pose><symmetry><x>none</x><y>cylindrical</y><z>none</z></symmetry><detectionScore>0.76880014</detectionScore></element><element><id>3</id><category>picture_frame</category><bounds><corner1>-0.0377365 , -0.59344124, -0.23902775</corner1><corner2>0.0377365 , 0.59344124, 0.23902775</corner2></bounds><pose><translation>-0.88578953,  0.5154879 , -1.24504494</translation><rotation><c1>1., 0., 0.</c1><c2>0., 1., 0.</c2><c3>0., 0., 1.</c3></rotation></pose><symmetry><x>none</x><y>fourFold</y><z>none</z></symmetry><detectionScore>0.9886291</detectionScore></element></elements></scene>