<?xml version='1.0' encoding='utf-8'?>
<scene xmlns:sumo="https://www.sumochallenge.org"><version>2.0</version><categories><id>fb_categories_v1.0</id><url>https://sumochallenge.org/en/categories-1_0.json</url></categories><project_type>bounding_box</project_type><elements><element><id>1</id><category>wall</category><bounds><corner1>-0.128134  , -1.25793498, -2.81336302</corner1><corner2>0.128134  , 1.25793498, 2.81336302</corner2></bounds><pose><translation> 6.74143932, -0.13714959,  0.57909093</translation><rotation><c1>1., 0., 0.</c1><c2>0., 1., 0.</c2><c3>0., 0., 1.</c3></rotation></pose><symmetry><x>none</x><y>twoFold</y><z>none</z></symmetry><detectionScore>0.97524107</detectionScore></element><element><id>5</id><category>hanging_kitchen_cabinet</category><bounds><corner1>-0.74493288, -0.5115793 , -0.69556086</corner1><corner2>0.74493288, 0.5115793 , 0.69556086</corner2></bounds><pose><translation>-2.75281858,  0.32147155, -1.66969895</translation><rotation><c1>1., 0., 0.</c1><c2>0., 1., 0.</c2><c3>0., 0., 1.</c3></rotation></pose><symmetry><x>none</x><y>none</y><z>twoFold</z></symmetry><detectionScore>0.9143511</detectionScore></element><element><id>10</id><category>chair</category><bounds><corner1>-1.23808268, -0.43457357, -0.99870941</corner1><corner2>1.23808268, 0.43457357, 0.99870941</corner2></bounds><pose><translation> 1.8671093 , -1.00274984,  0.97432555</translation><rotation><c1>1., 0., 0.</c1><c2>0., 1., 0.</c2><c3>0., 0., 1.</c3></rotation></pose><symmetry><x>none</x><y>none</y><z>none</z></symmetry><detectionScore>0.9875065</detectionScore></element><element><id>3</id><category>wall</category><bounds><corner1>-1.94301719, -1.09995617, -1.754244  </corner1><corner2>1.94301719, 1.09995617, 1.754244  </corner2></bounds><pose><translation>-2.67900446, -0.17547333,  0.05549317</translation><rotation><c1>1., 0., 0.</c1><c2>0., 1., 0.</c2><c3>0., 0., 1.</c3></rotation></pose><symmetry><x>none</x><y>twoFold</y><z>none</z></symmetry><detectionScore>0.9668422</detectionScore></element><element><id>2</id><category>window</category><bounds><corner1>-1.42199958, -1.03511991, -0.07299965</corner1><corner2>1.42199958, 1.03511991, 0.07299965</corner2></bounds><pose><translation> 1.69198086, -0.07478948,  4.46939584</translation><rotation><c1>1., 0., 0.</c1><c2>0., 1., 0.</c2><c3>0., 0., 1.</c3></rotation></pose><symmetry><x>none</x><y>twoFold</y><z>none</z></symmetry><detectionScore>0.983639</detectionScore></element><element><id>7</id><category>kitchen_cabinet</category><bounds><corner1>-2.15480956, -1.1851634 , -0.38114265</corner1><corner2>2.15480956, 1.1851634 , 0.38114265</corner2></bounds><pose><translation>-2.89879794, -0.53340961, -0.41525353</translation><rotation><c1>1., 0., 0.</c1><c2>0., 1., 0.</c2><c3>0., 0., 1.</c3></rotation></pose><symmetry><x>none</x><y>none</y><z>none</z></symmetry><detectionScore>0.9890583</detectionScore></element><element><id>9</id><category>chair</category><bounds><corner1>-4.22475998, -0.32559455, -2.28290213</corner1><corner2>4.22475998, 0.32559455, 2.28290213</corner2></bounds><pose><translation> 1.89309712, -0.82371616,  1.44774444</translation><rotation><c1>1., 0., 0.</c1><c2>0., 1., 0.</c2><c3>0., 0., 1.</c3></rotation></pose><symmetry><x>none</x><y>none</y><z>none</z></symmetry><detectionScore>0.61080027</detectionScore></element><element><id>6</id><category>kitchen_cabinet</category><bounds><corner1>-1.90798887, -0.6603549 , -0.85615455</corner1><corner2>1.90798887, 0.6603549 , 0.85615455</corner2></bounds><pose><translation>-2.64498883, -0.53079272,  0.38225138</translation><rotation><c1>1., 0., 0.</c1><c2>0., 1., 0.</c2><c3>0., 0., 1.</c3></rotation></pose><symmetry><x>none</x><y>none</y><z>none</z></symmetry><detectionScore>0.9137531</detectionScore></element></elements></scene>