<?xml version='1.0' encoding='utf-8'?>
<scene xmlns:sumo="https://www.sumochallenge.org"><version>2.0</version><categories><id>fb_categories_v1.0</id><url>https://sumochallenge.org/en/categories-1_0.json</url></categories><project_type>bounding_box</project_type><elements><element><id>3</id><category>chair</category><bounds><corner1>-1.33529457, -0.49003348, -1.06662435</corner1><corner2>1.33529457, 0.49003348, 1.06662435</corner2></bounds><pose><translation> 3.07489924, -1.00095981,  2.15787876</translation><rotation><c1>1., 0., 0.</c1><c2>0., 1., 0.</c2><c3>0., 0., 1.</c3></rotation></pose><symmetry><x>none</x><y>none</y><z>none</z></symmetry><detectionScore>-1</detectionScore></element><element><id>5</id><category>wall</category><bounds><corner1>-0.11733779, -1.16355643, -1.19412607</corner1><corner2>0.11733779, 1.16355643, 1.19412607</corner2></bounds><pose><translation> 4.35411775, -0.113155  ,  2.10833802</translation><rotation><c1>1., 0., 0.</c1><c2>0., 1., 0.</c2><c3>0., 0., 1.</c3></rotation></pose><symmetry><x>none</x><y>none</y><z>none</z></symmetry><detectionScore>-1</detectionScore></element><element><id>4</id><category>wall</category><bounds><corner1>-0.17773566, -1.28380715, -1.35008632</corner1><corner2>0.17773566, 1.28380715, 1.35008632</corner2></bounds><pose><translation>-2.50090268, -0.1779391 , -0.33171711</translation><rotation><c1>1., 0., 0.</c1><c2>0., 1., 0.</c2><c3>0., 0., 1.</c3></rotation></pose><symmetry><x>none</x><y>none</y><z>none</z></symmetry><detectionScore>-1</detectionScore></element><element><id>2</id><category>door</category><bounds><corner1>-0.28226988, -1.16113182, -0.62091746</corner1><corner2>0.28226988, 1.16113182, 0.62091746</corner2></bounds><pose><translation>-2.74517486, -0.47963678, -0.50667455</translation><rotation><c1>1., 0., 0.</c1><c2>0., 1., 0.</c2><c3>0., 0., 1.</c3></rotation></pose><symmetry><x>none</x><y>none</y><z>none</z></symmetry><detectionScore>-1</detectionScore></element><element><id>1</id><category>picture_frame</category><bounds><corner1>-0.2334265 , -0.7767798 , -0.02298407</corner1><corner2>0.2334265 , 0.7767798 , 0.02298407</corner2></bounds><pose><translation> 0.3157997 , -0.06360334,  1.00100695</translation><rotation><c1>1., 0., 0.</c1><c2>0., 1., 0.</c2><c3>0., 0., 1.</c3></rotation></pose><symmetry><x>none</x><y>none</y><z>none</z></symmetry><detectionScore>-1</detectionScore></element></elements></scene>