<?xml version='1.0' encoding='utf-8'?>
<scene xmlns:sumo="https://www.sumochallenge.org"><version>2.0</version><categories><id>fb_categories_v1.0</id><url>https://sumochallenge.org/en/categories-1_0.json</url></categories><project_type>bounding_box</project_type><elements><element><id>3</id><category>plant</category><bounds><corner1>-0.85562364, -1.2188066 , -0.91994205</corner1><corner2>0.85562364, 1.2188066 , 0.91994205</corner2></bounds><pose><translation>-3.36367801, -0.00455583, -4.45886587</translation><rotation><c1>1., 0., 0.</c1><c2>0., 1., 0.</c2><c3>0., 0., 1.</c3></rotation></pose><symmetry><x>none</x><y>none</y><z>none</z></symmetry><detectionScore>-1</detectionScore></element><element><id>5</id><category>wall</category><bounds><corner1>-2.34669787, -1.21793628, -1.40530334</corner1><corner2>2.34669787, 1.21793628, 1.40530334</corner2></bounds><pose><translation>-1.45001248, -0.03220779, -4.6494655 </translation><rotation><c1>1., 0., 0.</c1><c2>0., 1., 0.</c2><c3>0., 0., 1.</c3></rotation></pose><symmetry><x>none</x><y>none</y><z>none</z></symmetry><detectionScore>-1</detectionScore></element><element><id>4</id><category>candle</category><bounds><corner1>-0.23469597, -0.37151033, -0.29840553</corner1><corner2>0.23469597, 0.37151033, 0.29840553</corner2></bounds><pose><translation>-3.59699574, -0.51953917, -3.11034044</translation><rotation><c1>1., 0., 0.</c1><c2>0., 1., 0.</c2><c3>0., 0., 1.</c3></rotation></pose><symmetry><x>none</x><y>none</y><z>none</z></symmetry><detectionScore>-1</detectionScore></element><element><id>2</id><category>wall</category><bounds><corner1>-2.35674842, -1.23110138, -0.08616097</corner1><corner2>2.35674842, 1.23110138, 0.08616097</corner2></bounds><pose><translation>-1.37669986, -0.02548197,  5.21823174</translation><rotation><c1>1., 0., 0.</c1><c2>0., 1., 0.</c2><c3>0., 0., 1.</c3></rotation></pose><symmetry><x>none</x><y>none</y><z>none</z></symmetry><detectionScore>-1</detectionScore></element><element><id>1</id><category>television</category><bounds><corner1>-0.06346696, -0.34731489, -0.55688405</corner1><corner2>0.06346696, 0.34731489, 0.55688405</corner2></bounds><pose><translation>-3.77404706,  0.27627074, -2.12039433</translation><rotation><c1>1., 0., 0.</c1><c2>0., 1., 0.</c2><c3>0., 0., 1.</c3></rotation></pose><symmetry><x>none</x><y>none</y><z>none</z></symmetry><detectionScore>-1</detectionScore></element></elements></scene>