<?xml version='1.0' encoding='utf-8'?>
<scene xmlns:sumo="https://www.sumochallenge.org"><version>2.0</version><categories><id>fb_categories_v1.0</id><url>https://sumochallenge.org/en/categories-1_0.json</url></categories><project_type>bounding_box</project_type><elements><element><id>11</id><category>wall</category><bounds><corner1>-3.19186035, -0.5881832 , -0.55993986</corner1><corner2>3.19186035, 0.5881832 , 0.55993986</corner2></bounds><pose><translation> 1.62998782, -0.05468912,  0.22763297</translation><rotation><c1>1., 0., 0.</c1><c2>0., 1., 0.</c2><c3>0., 0., 1.</c3></rotation></pose><symmetry><x>none</x><y>none</y><z>none</z></symmetry><detectionScore>-1</detectionScore></element><element><id>6</id><category>window</category><bounds><corner1>-1.06504752, -0.64864789, -0.05211779</corner1><corner2>1.06504752, 0.64864789, 0.05211779</corner2></bounds><pose><translation>-1.91952366,  0.08168591,  3.1041208 </translation><rotation><c1>1., 0., 0.</c1><c2>0., 1., 0.</c2><c3>0., 0., 1.</c3></rotation></pose><symmetry><x>none</x><y>none</y><z>none</z></symmetry><detectionScore>-1</detectionScore></element><element><id>5</id><category>window</category><bounds><corner1>-0.27617992, -0.95410066, -1.10100632</corner1><corner2>0.27617992, 0.95410066, 1.10100632</corner2></bounds><pose><translation>-3.57512257,  0.1000624 ,  0.9863439 </translation><rotation><c1>1., 0., 0.</c1><c2>0., 1., 0.</c2><c3>0., 0., 1.</c3></rotation></pose><symmetry><x>none</x><y>none</y><z>none</z></symmetry><detectionScore>-1</detectionScore></element><element><id>3</id><category>wall</category><bounds><corner1>-3.08858305, -0.94701776, -0.58023586</corner1><corner2>3.08858305, 0.94701776, 0.58023586</corner2></bounds><pose><translation> 1.75894338, -0.03225144, -0.85108964</translation><rotation><c1>1., 0., 0.</c1><c2>0., 1., 0.</c2><c3>0., 0., 1.</c3></rotation></pose><symmetry><x>none</x><y>none</y><z>none</z></symmetry><detectionScore>-1</detectionScore></element><element><id>9</id><category>ottoman</category><bounds><corner1>-0.27131585, -0.05045541, -1.2209754 </corner1><corner2>0.27131585, 0.05045541, 1.2209754 </corner2></bounds><pose><translation>-1.14375999, -1.02302513,  1.80091484</translation><rotation><c1>1., 0., 0.</c1><c2>0., 1., 0.</c2><c3>0., 0., 1.</c3></rotation></pose><symmetry><x>none</x><y>none</y><z>none</z></symmetry><detectionScore>-1</detectionScore></element><element><id>10</id><category>rug</category><bounds><corner1>-0.69619341, -0.60662451, -0.72991565</corner1><corner2>0.69619341, 0.60662451, 0.72991565</corner2></bounds><pose><translation>-0.11752483, -1.22975449,  3.08216185</translation><rotation><c1>1., 0., 0.</c1><c2>0., 1., 0.</c2><c3>0., 0., 1.</c3></rotation></pose><symmetry><x>none</x><y>none</y><z>none</z></symmetry><detectionScore>-1</detectionScore></element><element><id>4</id><category>door</category><bounds><corner1>-2.95244586, -1.23442543, -0.5481087 </corner1><corner2>2.95244586, 1.23442543, 0.5481087 </corner2></bounds><pose><translation> 1.85999976, -0.50838855, -0.39929997</translation><rotation><c1>1., 0., 0.</c1><c2>0., 1., 0.</c2><c3>0., 0., 1.</c3></rotation></pose><symmetry><x>none</x><y>none</y><z>none</z></symmetry><detectionScore>-1</detectionScore></element><element><id>2</id><category>rug</category><bounds><corner1>-0.53330255, -0.09089372, -0.07233353</corner1><corner2>0.53330255, 0.09089372, 0.07233353</corner2></bounds><pose><translation>-0.38542921, -0.95212445,  3.07290387</translation><rotation><c1>1., 0., 0.</c1><c2>0., 1., 0.</c2><c3>0., 0., 1.</c3></rotation></pose><symmetry><x>none</x><y>none</y><z>none</z></symmetry><detectionScore>-1</detectionScore></element><element><id>1</id><category>door</category><bounds><corner1>-0.98800599, -1.09521733, -0.0895984 </corner1><corner2>0.98800599, 1.09521733, 0.0895984 </corner2></bounds><pose><translation>0.1780478 , 0.        , 3.06915689</translation><rotation><c1>1., 0., 0.</c1><c2>0., 1., 0.</c2><c3>0., 0., 1.</c3></rotation></pose><symmetry><x>none</x><y>none</y><z>none</z></symmetry><detectionScore>-1</detectionScore></element><element><id>8</id><category>single_bed</category><bounds><corner1>-1.06115222, -0.32571912, -1.25963301</corner1><corner2>1.06115222, 0.32571912, 1.25963301</corner2></bounds><pose><translation>-2.92711219, -0.96878447,  0.35361551</translation><rotation><c1>1., 0., 0.</c1><c2>0., 1., 0.</c2><c3>0., 0., 1.</c3></rotation></pose><symmetry><x>none</x><y>none</y><z>none</z></symmetry><detectionScore>-1</detectionScore></element></elements></scene>