<?xml version='1.0' encoding='utf-8'?>
<scene xmlns:sumo="https://www.sumochallenge.org"><version>2.0</version><categories><id>fb_categories_v1_0</id><url>https://sumochallenge.org/en/categories-1_0.json</url></categories><project_type>bounding_box</project_type><elements><element><id>0</id><category>door</category><bounds><corner1>-0.28056803937485775, -1.0892211360418986, -2.140617939882972</corner1><corner2>0.28056803937485775, 1.0892211360418986, 2.140617939882972</corner2></bounds><pose><translation>6.6024011059868, -0.22410734813535035, -3.692006406405154</translation><rotation><c1>1, 0, 0</c1><c2>0, 1, 0</c2><c3>0, 0, 1</c3></rotation></pose><symmetry><x>twoFold</x><y>cylindrical</y><z>twoFold</z></symmetry><detectionScore>-1.0</detectionScore></element><element><id>1</id><category>piano</category><bounds><corner1>-1.6848212955919166, -0.48936548761953225, -2.1169779734270158</corner1><corner2>1.6848212955919166, 0.48936548761953225, 2.1169779734270158</corner2></bounds><pose><translation>4.972706335035988, -0.5352979287943419, 8.43251084480157</translation><rotation><c1>1, 0, 0</c1><c2>0, 1, 0</c2><c3>0, 0, 1</c3></rotation></pose><symmetry><x>twoFold</x><y>cylindrical</y><z>twoFold</z></symmetry><detectionScore>-1.0</detectionScore></element><element><id>2</id><category>television</category><bounds><corner1>-1.7400976840480111, -0.5298498632621852, -0.12468224023273322</corner1><corner2>1.7400976840480111, 0.5298498632621852, 0.12468224023273322</corner2></bounds><pose><translation>3.4121479948498483, 0.878579393751071, 2.025407653276186</translation><rotation><c1>1, 0, 0</c1><c2>0, 1, 0</c2><c3>0, 0, 1</c3></rotation></pose><symmetry><x>twoFold</x><y>cylindrical</y><z>twoFold</z></symmetry><detectionScore>-1.0</detectionScore></element><element><id>3</id><category>kitchen_cabinet</category><bounds><corner1>-2.5844565417179624, -1.33841537960495, -2.9172204196704463</corner1><corner2>2.5844565417179624, 1.33841537960495, 2.9172204196704463</corner2></bounds><pose><translation>-3.982179485465995, -0.20691238983158233, -4.7500448994200095</translation><rotation><c1>1, 0, 0</c1><c2>0, 1, 0</c2><c3>0, 0, 1</c3></rotation></pose><symmetry><x>twoFold</x><y>cylindrical</y><z>twoFold</z></symmetry><detectionScore>-1.0</detectionScore></element><element><id>4</id><category>kitchen_cabinet</category><bounds><corner1>-2.5137876862234734, -1.5291256223782603, -3.7626418136375133</corner1><corner2>2.5137876862234734, 1.5291256223782603, 3.7626418136375133</corner2></bounds><pose><translation>-3.5591931821316556, -0.1975847195918484, -5.420255296539623</translation><rotation><c1>1, 0, 0</c1><c2>0, 1, 0</c2><c3>0, 0, 1</c3></rotation></pose><symmetry><x>twoFold</x><y>cylindrical</y><z>twoFold</z></symmetry><detectionScore>-1.0</detectionScore></element><element><id>5</id><category>door</category><bounds><corner1>-20.630580384995255, -1.2892201282620546, -1.8721338783082297</corner1><corner2>20.630580384995255, 1.2892201282620546, 1.8721338783082297</corner2></bounds><pose><translation>6.790767445275068, -0.248967642349277, 0.03703105878985346</translation><rotation><c1>1, 0, 0</c1><c2>0, 1, 0</c2><c3>0, 0, 1</c3></rotation></pose><symmetry><x>twoFold</x><y>cylindrical</y><z>twoFold</z></symmetry><detectionScore>-1.0</detectionScore></element><element><id>6</id><category>chandelier</category><bounds><corner1>-1.7818085750565726, -0.19340264011737163, -2.839516205285939</corner1><corner2>1.7818085750565726, 0.19340264011737163, 2.839516205285939</corner2></bounds><pose><translation>1.4118621877055728, 1.1846588107426683, -4.9559315129776165</translation><rotation><c1>1, 0, 0</c1><c2>0, 1, 0</c2><c3>0, 0, 1</c3></rotation></pose><symmetry><x>twoFold</x><y>cylindrical</y><z>twoFold</z></symmetry><detectionScore>-1.0</detectionScore></element><element><id>7</id><category>chair</category><bounds><corner1>-1.0348372069793355, -0.6728004718106277, -2.6240943434218496</corner1><corner2>1.0348372069793355, 0.6728004718106277, 2.6240943434218496</corner2></bounds><pose><translation>5.809890193334317, -0.7670011468979977, -4.407081883222007</translation><rotation><c1>1, 0, 0</c1><c2>0, 1, 0</c2><c3>0, 0, 1</c3></rotation></pose><symmetry><x>twoFold</x><y>cylindrical</y><z>twoFold</z></symmetry><detectionScore>-1.0</detectionScore></element><element><id>8</id><category>chandelier</category><bounds><corner1>-1.9275692468217542, -0.5389261822386338, -1.5228043416869264</corner1><corner2>1.9275692468217542, 0.5389261822386338, 1.5228043416869264</corner2></bounds><pose><translation>4.95786123397962, 0.8149309481846925, -2.9347218101689467</translation><rotation><c1>1, 0, 0</c1><c2>0, 1, 0</c2><c3>0, 0, 1</c3></rotation></pose><symmetry><x>twoFold</x><y>cylindrical</y><z>twoFold</z></symmetry><detectionScore>-1.0</detectionScore></element><element><id>9</id><category>water_dispenser</category><bounds><corner1>-0.5365503232590347, -0.9348314603116497, -3.7600726425110143</corner1><corner2>0.5365503232590347, 0.9348314603116497, 3.7600726425110143</corner2></bounds><pose><translation>6.2290623119688995, -0.7575076037589995, -5.547088425768578</translation><rotation><c1>1, 0, 0</c1><c2>0, 1, 0</c2><c3>0, 0, 1</c3></rotation></pose><symmetry><x>twoFold</x><y>cylindrical</y><z>twoFold</z></symmetry><detectionScore>-1.0</detectionScore></element><element><id>10</id><category>coffee_table</category><bounds><corner1>-0.13317739860736344, -0.35309527640902116, -0.5707026299808211</corner1><corner2>0.13317739860736344, 0.35309527640902116, 0.5707026299808211</corner2></bounds><pose><translation>-3.4890224873923095, -0.9305867834425278, -2.575202559376871</translation><rotation><c1>1, 0, 0</c1><c2>0, 1, 0</c2><c3>0, 0, 1</c3></rotation></pose><symmetry><x>twoFold</x><y>cylindrical</y><z>twoFold</z></symmetry><detectionScore>-1.0</detectionScore></element><element><id>11</id><category>kitchen_cabinet</category><bounds><corner1>-1.1740195554966975, -0.569459526659631, -0.28905604798755924</corner1><corner2>1.1740195554966975, 0.569459526659631, 0.28905604798755924</corner2></bounds><pose><translation>-2.5482670994626213, -0.9343279501226556, -6.072772908838507</translation><rotation><c1>1, 0, 0</c1><c2>0, 1, 0</c2><c3>0, 0, 1</c3></rotation></pose><symmetry><x>twoFold</x><y>cylindrical</y><z>twoFold</z></symmetry><detectionScore>-1.0</detectionScore></element><element><id>12</id><category>wall</category><bounds><corner1>-0.6431172409668968, -1.1729703273126248, -0.87206952907175</corner1><corner2>0.6431172409668968, 1.1729703273126248, 0.87206952907175</corner2></bounds><pose><translation>-4.435353853011075, -0.21510568991061704, 0.9995695293980136</translation><rotation><c1>1, 0, 0</c1><c2>0, 1, 0</c2><c3>0, 0, 1</c3></rotation></pose><symmetry><x>twoFold</x><y>cylindrical</y><z>twoFold</z></symmetry><detectionScore>-1.0</detectionScore></element><element><id>13</id><category>table_and_chair</category><bounds><corner1>-5.808890281789343, -0.29431674268564356, -8.656021705435977</corner1><corner2>5.808890281789343, 0.29431674268564356, 8.656021705435977</corner2></bounds><pose><translation>0.8551034790500872, -0.3338404373760583, 1.893467112792609</translation><rotation><c1>1, 0, 0</c1><c2>0, 1, 0</c2><c3>0, 0, 1</c3></rotation></pose><symmetry><x>twoFold</x><y>cylindrical</y><z>twoFold</z></symmetry><detectionScore>-1.0</detectionScore></element><element><id>14</id><category>range_oven</category><bounds><corner1>-1.1267791041266406, -0.5217131605531514, -0.22939028098845338</corner1><corner2>1.1267791041266406, 0.5217131605531514, 0.22939028098845338</corner2></bounds><pose><translation>-2.5010266480925645, -0.9821535734715332, -6.060259706492572</translation><rotation><c1>1, 0, 0</c1><c2>0, 1, 0</c2><c3>0, 0, 1</c3></rotation></pose><symmetry><x>twoFold</x><y>cylindrical</y><z>twoFold</z></symmetry><detectionScore>-1.0</detectionScore></element><element><id>15</id><category>wall</category><bounds><corner1>-3.3466419725207444, -1.3581993244167467, -4.538262000528133</corner1><corner2>3.3466419725207444, 1.3581993244167467, 4.538262000528133</corner2></bounds><pose><translation>2.7905596172818057, -0.15004607287028304, -6.3201445355807016</translation><rotation><c1>1, 0, 0</c1><c2>0, 1, 0</c2><c3>0, 0, 1</c3></rotation></pose><symmetry><x>twoFold</x><y>cylindrical</y><z>twoFold</z></symmetry><detectionScore>-1.0</detectionScore></element><element><id>16</id><category>kitchen_cabinet</category><bounds><corner1>-2.1170194594575324, -1.282933044041402, -3.390498627697783</corner1><corner2>2.1170194594575324, 1.282933044041402, 3.390498627697783</corner2></bounds><pose><translation>-3.3914636783800813, -0.39466313438530876, -6.231523414168716</translation><rotation><c1>1, 0, 0</c1><c2>0, 1, 0</c2><c3>0, 0, 1</c3></rotation></pose><symmetry><x>twoFold</x><y>cylindrical</y><z>twoFold</z></symmetry><detectionScore>-1.0</detectionScore></element><element><id>17</id><category>wall</category><bounds><corner1>-20.697583297887185, -1.3958993391327632, -3.6965604224084787</corner1><corner2>20.697583297887185, 1.3958993391327632, 3.6965604224084787</corner2></bounds><pose><translation>6.72376453238314, -0.08455501343096723, -1.7873954853103957</translation><rotation><c1>1, 0, 0</c1><c2>0, 1, 0</c2><c3>0, 0, 1</c3></rotation></pose><symmetry><x>twoFold</x><y>cylindrical</y><z>twoFold</z></symmetry><detectionScore>-1.0</detectionScore></element><element><id>18</id><category>window</category><bounds><corner1>-0.276220358869665, -1.2958783367127127, -1.749067003674531</corner1><corner2>0.276220358869665, 1.2958783367127127, 1.749067003674531</corner2></bounds><pose><translation>6.620925690593435, -0.20428041786389942, -3.2686880946950807</translation><rotation><c1>1, 0, 0</c1><c2>0, 1, 0</c2><c3>0, 0, 1</c3></rotation></pose><symmetry><x>twoFold</x><y>cylindrical</y><z>twoFold</z></symmetry><detectionScore>-1.0</detectionScore></element><element><id>19</id><category>kitchen_cabinet</category><bounds><corner1>-2.335353717728294, -1.5095074125146326, -3.408257139707957</corner1><corner2>2.335353717728294, 1.5095074125146326, 3.408257139707957</corner2></bounds><pose><translation>1.480759392175302, -0.17779488280582526, -5.624483448343969</translation><rotation><c1>1, 0, 0</c1><c2>0, 1, 0</c2><c3>0, 0, 1</c3></rotation></pose><symmetry><x>twoFold</x><y>cylindrical</y><z>twoFold</z></symmetry><detectionScore>-1.0</detectionScore></element><element><id>20</id><category>armchair</category><bounds><corner1>-0.5331152861686723, -0.6435300742222902, -0.7482379447576051</corner1><corner2>0.5331152861686723, 0.6435300742222902, 0.7482379447576051</corner2></bounds><pose><translation>6.124412344459232, -0.8016292353143353, 9.796803178175601</translation><rotation><c1>1, 0, 0</c1><c2>0, 1, 0</c2><c3>0, 0, 1</c3></rotation></pose><symmetry><x>twoFold</x><y>cylindrical</y><z>twoFold</z></symmetry><detectionScore>-1.0</detectionScore></element><element><id>21</id><category>chandelier</category><bounds><corner1>-1.0370851535546362, -0.14527733471478554, -1.0697870020944107</corner1><corner2>1.0370851535546362, 0.14527733471478554, 1.0697870020944107</corner2></bounds><pose><translation>-1.456711291020795, 1.3528392235985076, -2.7274004849965205</translation><rotation><c1>1, 0, 0</c1><c2>0, 1, 0</c2><c3>0, 0, 1</c3></rotation></pose><symmetry><x>twoFold</x><y>cylindrical</y><z>twoFold</z></symmetry><detectionScore>-1.0</detectionScore></element><element><id>22</id><category>trash_can</category><bounds><corner1>-0.19307283707311962, -0.5965579041131308, -0.850376002195238</corner1><corner2>0.19307283707311962, 0.5965579041131308, 0.850376002195238</corner2></bounds><pose><translation>-3.4744937237883398, -1.055677836705459, -1.9803062813973007</translation><rotation><c1>1, 0, 0</c1><c2>0, 1, 0</c2><c3>0, 0, 1</c3></rotation></pose><symmetry><x>twoFold</x><y>cylindrical</y><z>twoFold</z></symmetry><detectionScore>-1.0</detectionScore></element><element><id>23</id><category>wall</category><bounds><corner1>-4.509673437901982, -1.3965351831569324, -4.662775248717339</corner1><corner2>4.509673437901982, 1.3965351831569324, 4.662775248717339</corner2></bounds><pose><translation>0.11083878614820193, -0.08421822876367777, -6.573142627533768</translation><rotation><c1>1, 0, 0</c1><c2>0, 1, 0</c2><c3>0, 0, 1</c3></rotation></pose><symmetry><x>twoFold</x><y>cylindrical</y><z>twoFold</z></symmetry><detectionScore>-1.0</detectionScore></element><element><id>24</id><category>partition</category><bounds><corner1>-0.33845340793688106, -1.4758701544087576, -1.9625500718980595</corner1><corner2>0.33845340793688106, 1.4758701544087576, 1.9625500718980595</corner2></bounds><pose><translation>6.5469151669488905, -0.1688210773777483, -3.5139385384202413</translation><rotation><c1>1, 0, 0</c1><c2>0, 1, 0</c2><c3>0, 0, 1</c3></rotation></pose><symmetry><x>twoFold</x><y>cylindrical</y><z>twoFold</z></symmetry><detectionScore>-1.0</detectionScore></element><element><id>25</id><category>chair</category><bounds><corner1>-0.5289381666778943, -0.434884600397341, -1.1728244514945523</corner1><corner2>0.5289381666778943, 0.434884600397341, 1.1728244514945523</corner2></bounds><pose><translation>-3.88148694753366, -0.9444279587653964, -3.414225761825826</translation><rotation><c1>1, 0, 0</c1><c2>0, 1, 0</c2><c3>0, 0, 1</c3></rotation></pose><symmetry><x>twoFold</x><y>cylindrical</y><z>twoFold</z></symmetry><detectionScore>-1.0</detectionScore></element><element><id>26</id><category>wall</category><bounds><corner1>-5.93131652375348, -1.269401850380102, -8.620978909797524</corner1><corner2>5.93131652375348, 1.269401850380102, 8.620978909797524</corner2></bounds><pose><translation>0.7274613811559042, -0.0018866586172406915, 1.9317928147369015</translation><rotation><c1>1, 0, 0</c1><c2>0, 1, 0</c2><c3>0, 0, 1</c3></rotation></pose><symmetry><x>twoFold</x><y>cylindrical</y><z>twoFold</z></symmetry><detectionScore>-1.0</detectionScore></element><element><id>27</id><category>wall</category><bounds><corner1>-1.0647834263641833, -1.5198987561066628, -2.643143125759605</corner1><corner2>1.0647834263641833, 1.5198987561066628, 2.643143125759605</corner2></bounds><pose><translation>-4.425355932433772, -0.1644455900215283, -0.5767601942273788</translation><rotation><c1>1, 0, 0</c1><c2>0, 1, 0</c2><c3>0, 0, 1</c3></rotation></pose><symmetry><x>twoFold</x><y>cylindrical</y><z>twoFold</z></symmetry><detectionScore>-1.0</detectionScore></element><element><id>28</id><category>door</category><bounds><corner1>-0.6950087817406092, -1.5563795340279034, -1.1694322934049923</corner1><corner2>0.6950087817406092, 1.5563795340279034, 1.1694322934049923</corner2></bounds><pose><translation>-4.378131504869339, -0.5985148966258957, 0.5456403626286531</translation><rotation><c1>1, 0, 0</c1><c2>0, 1, 0</c2><c3>0, 0, 1</c3></rotation></pose><symmetry><x>twoFold</x><y>cylindrical</y><z>twoFold</z></symmetry><detectionScore>-1.0</detectionScore></element><element><id>29</id><category>kitchen_cabinet</category><bounds><corner1>-0.3867435974877953, -1.5128909141052498, -2.1932990946667443</corner1><corner2>0.3867435974877953, 1.5128909141052498, 2.1932990946667443</corner2></bounds><pose><translation>6.492133073920129, -0.2604703655232742, -3.7547361936494745</translation><rotation><c1>1, 0, 0</c1><c2>0, 1, 0</c2><c3>0, 0, 1</c3></rotation></pose><symmetry><x>twoFold</x><y>cylindrical</y><z>twoFold</z></symmetry><detectionScore>-1.0</detectionScore></element><element><id>30</id><category>plant</category><bounds><corner1>-0.9471992065233534, -0.4816517888786548, -0.8706711654470884</corner1><corner2>0.9471992065233534, 0.4816517888786548, 0.8706711654470884</corner2></bounds><pose><translation>-4.429609920190271, -0.7411028529726175, -1.0338125521007775</translation><rotation><c1>1, 0, 0</c1><c2>0, 1, 0</c2><c3>0, 0, 1</c3></rotation></pose><symmetry><x>twoFold</x><y>cylindrical</y><z>twoFold</z></symmetry><detectionScore>-1.0</detectionScore></element><element><id>31</id><category>kitchen_cabinet</category><bounds><corner1>-0.5433140303011998, -0.4676234395836218, -1.1806879226721105</corner1><corner2>0.5433140303011998, 0.4676234395836218, 1.1806879226721105</corner2></bounds><pose><translation>-3.8958628111569658, -0.8899737523207963, -3.2449439071388646</translation><rotation><c1>1, 0, 0</c1><c2>0, 1, 0</c2><c3>0, 0, 1</c3></rotation></pose><symmetry><x>twoFold</x><y>cylindrical</y><z>twoFold</z></symmetry><detectionScore>-1.0</detectionScore></element></elements></scene>