<?xml version='1.0' encoding='utf-8'?>
<scene xmlns:sumo="https://www.sumochallenge.org"><version>2.0</version><categories><id>fb_categories_v1.0</id><url>https://sumochallenge.org/en/categories-1_0.json</url></categories><project_type>bounding_box</project_type><elements><element><id>4</id><category>wall</category><bounds><corner1>-2.06979723, -1.19258427, -2.41652204</corner1><corner2>2.06979723, 1.19258427, 2.41652204</corner2></bounds><pose><translation>-0.40970763, -0.03662886, -5.34265404</translation><rotation><c1>1., 0., 0.</c1><c2>0., 1., 0.</c2><c3>0., 0., 1.</c3></rotation></pose><symmetry><x>none</x><y>twoFold</y><z>none</z></symmetry><detectionScore>0.93419087</detectionScore></element><element><id>3</id><category>car</category><bounds><corner1>-0.67988971, -0.28538444, -1.20304427</corner1><corner2>0.67988971, 0.28538444, 1.20304427</corner2></bounds><pose><translation>-2.10892626, -0.47118518,  0.75635442</translation><rotation><c1>1., 0., 0.</c1><c2>0., 1., 0.</c2><c3>0., 0., 1.</c3></rotation></pose><symmetry><x>none</x><y>none</y><z>none</z></symmetry><detectionScore>0.86635244</detectionScore></element><element><id>2</id><category>garage_door</category><bounds><corner1>-2.04698738, -1.42041471, -2.62157008</corner1><corner2>2.04698738, 1.42041471, 2.62157008</corner2></bounds><pose><translation>-2.04698738, -0.23229504,  1.18975094</translation><rotation><c1>1., 0., 0.</c1><c2>0., 1., 0.</c2><c3>0., 0., 1.</c3></rotation></pose><symmetry><x>none</x><y>none</y><z>none</z></symmetry><detectionScore>0.99031687</detectionScore></element><element><id>6</id><category>game_table</category><bounds><corner1>-0.8993301 , -0.31223827, -0.33020407</corner1><corner2>0.8993301 , 0.31223827, 0.33020407</corner2></bounds><pose><translation>-0.78458102, -0.96876179, -2.25410853</translation><rotation><c1>1., 0., 0.</c1><c2>0., 1., 0.</c2><c3>0., 0., 1.</c3></rotation></pose><symmetry><x>none</x><y>twoFold</y><z>none</z></symmetry><detectionScore>0.95895886</detectionScore></element><element><id>9</id><category>wall</category><bounds><corner1>-5.5445725 , -1.23611336, -2.64372596</corner1><corner2>5.5445725 , 1.23611336, 2.64372596</corner2></bounds><pose><translation>-7.54548712, -0.21956739,  0.91223747</translation><rotation><c1>1., 0., 0.</c1><c2>0., 1., 0.</c2><c3>0., 0., 1.</c3></rotation></pose><symmetry><x>none</x><y>twoFold</y><z>none</z></symmetry><detectionScore>0.97249675</detectionScore></element><element><id>8</id><category>wall</category><bounds><corner1>-1.21869722, -1.19803688, -0.99131918</corner1><corner2>1.21869722, 1.19803688, 0.99131918</corner2></bounds><pose><translation>-2.99776648, -0.00781384, -1.8044365 </translation><rotation><c1>1., 0., 0.</c1><c2>0., 1., 0.</c2><c3>0., 0., 1.</c3></rotation></pose><symmetry><x>none</x><y>twoFold</y><z>none</z></symmetry><detectionScore>0.9794057</detectionScore></element><element><id>7</id><category>door</category><bounds><corner1>-0.24803571, -1.13915859, -0.39746274</corner1><corner2>0.24803571, 1.13915859, 0.39746274</corner2></bounds><pose><translation> 2.16245209, -0.40495417, -3.77861697</translation><rotation><c1>1., 0., 0.</c1><c2>0., 1., 0.</c2><c3>0., 0., 1.</c3></rotation></pose><symmetry><x>twoFold</x><y>twoFold</y><z>twoFold</z></symmetry><detectionScore>0.9759597</detectionScore></element></elements></scene>