<?xml version='1.0' encoding='utf-8'?>
<scene xmlns:sumo="https://www.sumochallenge.org"><version>2.0</version><categories><id>fb_categories_v1.0</id><url>https://sumochallenge.org/en/categories-1_0.json</url></categories><project_type>bounding_box</project_type><elements><element><id>11</id><category>door</category><bounds><corner1>-0.77388674, -0.52184168, -0.03240631</corner1><corner2>0.77388674, 0.52184168, 0.03240631</corner2></bounds><pose><translation> 2.76506987e+00,  0.00000000e+00, -2.73652206e-03</translation><rotation><c1>1., 0., 0.</c1><c2>0., 1., 0.</c2><c3>0., 0., 1.</c3></rotation></pose><symmetry><x>none</x><y>none</y><z>none</z></symmetry><detectionScore>-1</detectionScore></element><element><id>6</id><category>desk</category><bounds><corner1>-1.3120291 , -0.41861136, -0.12325854</corner1><corner2>1.3120291 , 0.41861136, 0.12325854</corner2></bounds><pose><translation>-2.79505844, -0.77624972,  0.36355455</translation><rotation><c1>1., 0., 0.</c1><c2>0., 1., 0.</c2><c3>0., 0., 1.</c3></rotation></pose><symmetry><x>none</x><y>none</y><z>none</z></symmetry><detectionScore>-1</detectionScore></element><element><id>7</id><category>television</category><bounds><corner1>-0.72706641, -0.3149976 , -0.16981514</corner1><corner2>0.72706641, 0.3149976 , 0.16981514</corner2></bounds><pose><translation>-1.57405173, -0.64201356,  0.47164064</translation><rotation><c1>1., 0., 0.</c1><c2>0., 1., 0.</c2><c3>0., 0., 1.</c3></rotation></pose><symmetry><x>none</x><y>none</y><z>none</z></symmetry><detectionScore>-1</detectionScore></element><element><id>5</id><category>loudspeaker</category><bounds><corner1>-0.09100327, -0.06542117, -0.16643717</corner1><corner2>0.09100327, 0.06542117, 0.16643717</corner2></bounds><pose><translation>-0.78598976, -0.48057126,  0.480423  </translation><rotation><c1>1., 0., 0.</c1><c2>0., 1., 0.</c2><c3>0., 0., 1.</c3></rotation></pose><symmetry><x>none</x><y>none</y><z>none</z></symmetry><detectionScore>-1</detectionScore></element><element><id>3</id><category>armchair</category><bounds><corner1>-0.54574743, -0.41688102, -0.56297737</corner1><corner2>0.54574743, 0.41688102, 0.56297737</corner2></bounds><pose><translation>-0.25376362, -0.92505224, -1.47095527</translation><rotation><c1>1., 0., 0.</c1><c2>0., 1., 0.</c2><c3>0., 0., 1.</c3></rotation></pose><symmetry><x>none</x><y>none</y><z>none</z></symmetry><detectionScore>-1</detectionScore></element><element><id>9</id><category>door</category><bounds><corner1>-0.51079128, -1.26211412, -0.67984564</corner1><corner2>0.51079128, 1.26211412, 0.67984564</corner2></bounds><pose><translation>-4.18502084, -0.50431186, -1.12066298</translation><rotation><c1>1., 0., 0.</c1><c2>0., 1., 0.</c2><c3>0., 0., 1.</c3></rotation></pose><symmetry><x>none</x><y>none</y><z>none</z></symmetry><detectionScore>-1</detectionScore></element><element><id>12</id><category>plant</category><bounds><corner1>-1.05339157, -0.91556285, -0.92875065</corner1><corner2>1.05339157, 0.91556285, 0.92875065</corner2></bounds><pose><translation>-3.73834341, -0.56696166, -2.39701377</translation><rotation><c1>1., 0., 0.</c1><c2>0., 1., 0.</c2><c3>0., 0., 1.</c3></rotation></pose><symmetry><x>none</x><y>none</y><z>none</z></symmetry><detectionScore>-1</detectionScore></element><element><id>2</id><category>wall</category><bounds><corner1>-0.52230513, -0.9912165 , -0.38201552</corner1><corner2>0.52230513, 0.9912165 , 0.38201552</corner2></bounds><pose><translation> 0.28614598, -0.02522123, -0.90201499</translation><rotation><c1>1., 0., 0.</c1><c2>0., 1., 0.</c2><c3>0., 0., 1.</c3></rotation></pose><symmetry><x>none</x><y>none</y><z>none</z></symmetry><detectionScore>-1</detectionScore></element><element><id>1</id><category>wall</category><bounds><corner1>-1.18412755, -1.08404731, -1.74487433</corner1><corner2>1.18412755, 1.08404731, 1.74487433</corner2></bounds><pose><translation> 0.47945309, -0.07352278,  1.07897994</translation><rotation><c1>1., 0., 0.</c1><c2>0., 1., 0.</c2><c3>0., 0., 1.</c3></rotation></pose><symmetry><x>none</x><y>none</y><z>none</z></symmetry><detectionScore>-1</detectionScore></element><element><id>8</id><category>wall</category><bounds><corner1>-0.94889132, -1.20711727, -1.67796796</corner1><corner2>0.94889132, 1.20711727, 1.67796796</corner2></bounds><pose><translation>-4.21911951, -0.06209887, -1.26889521</translation><rotation><c1>1., 0., 0.</c1><c2>0., 1., 0.</c2><c3>0., 0., 1.</c3></rotation></pose><symmetry><x>none</x><y>none</y><z>none</z></symmetry><detectionScore>-1</detectionScore></element></elements></scene>