<?xml version='1.0' encoding='utf-8'?>
<scene xmlns:sumo="https://www.sumochallenge.org"><version>2.0</version><categories><id>fb_categories_v1.0</id><url>https://sumochallenge.org/en/categories-1_0.json</url></categories><project_type>bounding_box</project_type><elements><element><id>18</id><category>wall</category><bounds><corner1>-3.05453338, -0.3410461 , -0.37105657</corner1><corner2>3.05453338, 0.3410461 , 0.37105657</corner2></bounds><pose><translation> 0.48069221, -0.08680059, -1.81401576</translation><rotation><c1>1., 0., 0.</c1><c2>0., 1., 0.</c2><c3>0., 0., 1.</c3></rotation></pose><symmetry><x>none</x><y>twoFold</y><z>none</z></symmetry><detectionScore>0.7547083</detectionScore></element><element><id>5</id><category>sofa</category><bounds><corner1>-1.37042406, -0.46470076, -1.23507181</corner1><corner2>1.37042406, 0.46470076, 1.23507181</corner2></bounds><pose><translation> 5.10322104, -1.12557511, -0.82247703</translation><rotation><c1>1., 0., 0.</c1><c2>0., 1., 0.</c2><c3>0., 0., 1.</c3></rotation></pose><symmetry><x>none</x><y>none</y><z>none</z></symmetry><detectionScore>0.55330956</detectionScore></element><element><id>15</id><category>wall</category><bounds><corner1>-1.27041318, -1.28434252, -0.54140351</corner1><corner2>1.27041318, 1.28434252, 0.54140351</corner2></bounds><pose><translation> 4.57098498, -0.09468219, -1.60844911</translation><rotation><c1>1., 0., 0.</c1><c2>0., 1., 0.</c2><c3>0., 0., 1.</c3></rotation></pose><symmetry><x>none</x><y>twoFold</y><z>none</z></symmetry><detectionScore>0.7879562</detectionScore></element><element><id>10</id><category>picture_frame</category><bounds><corner1>-0.62412034, -0.5943723 , -0.06852168</corner1><corner2>0.62412034, 0.5943723 , 0.06852168</corner2></bounds><pose><translation>-4.60724747, -0.37223674,  3.16744324</translation><rotation><c1>1., 0., 0.</c1><c2>0., 1., 0.</c2><c3>0., 0., 1.</c3></rotation></pose><symmetry><x>none</x><y>fourFold</y><z>none</z></symmetry><detectionScore>0.9311705</detectionScore></element><element><id>11</id><category>wall</category><bounds><corner1>-0.38592124, -1.10504658, -1.0316907 </corner1><corner2>0.38592124, 1.10504658, 1.0316907 </corner2></bounds><pose><translation> 6.44513685, -0.00645183,  1.67076267</translation><rotation><c1>1., 0., 0.</c1><c2>0., 1., 0.</c2><c3>0., 0., 1.</c3></rotation></pose><symmetry><x>none</x><y>twoFold</y><z>none</z></symmetry><detectionScore>0.9562071</detectionScore></element><element><id>4</id><category>chandelier</category><bounds><corner1>-3.45231018, -0.02296957, -1.35901026</corner1><corner2>3.45231018, 0.02296957, 1.35901026</corner2></bounds><pose><translation>2.77989467, 1.18460692, 0.88102493</translation><rotation><c1>1., 0., 0.</c1><c2>0., 1., 0.</c2><c3>0., 0., 1.</c3></rotation></pose><symmetry><x>none</x><y>cylindrical</y><z>none</z></symmetry><detectionScore>0.9785816</detectionScore></element><element><id>6</id><category>window</category><bounds><corner1>-0.08807749, -0.73754096, -0.48761581</corner1><corner2>0.08807749, 0.73754096, 0.48761581</corner2></bounds><pose><translation> 3.49873725,  0.03329835, -4.39852755</translation><rotation><c1>1., 0., 0.</c1><c2>0., 1., 0.</c2><c3>0., 0., 1.</c3></rotation></pose><symmetry><x>none</x><y>twoFold</y><z>none</z></symmetry><detectionScore>0.87124336</detectionScore></element><element><id>19</id><category>table_and_chair</category><bounds><corner1>-0.73032389, -0.66694711, -2.23202056</corner1><corner2>0.73032389, 0.66694711, 2.23202056</corner2></bounds><pose><translation> 2.81395702, -0.98037963, -4.03000387</translation><rotation><c1>1., 0., 0.</c1><c2>0., 1., 0.</c2><c3>0., 0., 1.</c3></rotation></pose><symmetry><x>none</x><y>twoFold</y><z>none</z></symmetry><detectionScore>0.86072725</detectionScore></element><element><id>12</id><category>rug</category><bounds><corner1>-1.23793962, -0.02379877, -1.01200381</corner1><corner2>1.23793962, 0.02379877, 1.01200381</corner2></bounds><pose><translation> 2.89588447, -1.43494582,  0.64400012</translation><rotation><c1>1., 0., 0.</c1><c2>0., 1., 0.</c2><c3>0., 0., 1.</c3></rotation></pose><symmetry><x>none</x><y>twoFold</y><z>none</z></symmetry><detectionScore>0.73175794</detectionScore></element><element><id>2</id><category>wall</category><bounds><corner1>-5.6341912 , -1.13537969, -2.45138637</corner1><corner2>5.6341912 , 1.13537969, 2.45138637</corner2></bounds><pose><translation>-9.33316951, -0.06113546,  0.5777007 </translation><rotation><c1>1., 0., 0.</c1><c2>0., 1., 0.</c2><c3>0., 0., 1.</c3></rotation></pose><symmetry><x>none</x><y>twoFold</y><z>none</z></symmetry><detectionScore>0.9065053</detectionScore></element><element><id>1</id><category>floor_lamp</category><bounds><corner1>-0.54602515, -0.8226716 , -0.42978422</corner1><corner2>0.54602515, 0.8226716 , 0.42978422</corner2></bounds><pose><translation>-2.73200213, -0.55264074, -1.80216444</translation><rotation><c1>1., 0., 0.</c1><c2>0., 1., 0.</c2><c3>0., 0., 1.</c3></rotation></pose><symmetry><x>none</x><y>cylindrical</y><z>none</z></symmetry><detectionScore>0.9592075</detectionScore></element><element><id>17</id><category>arch</category><bounds><corner1>-2.06533989, -1.48601383, -0.32547068</corner1><corner2>2.06533989, 1.48601383, 0.32547068</corner2></bounds><pose><translation>-5.64644191, -0.29602402, -1.85094555</translation><rotation><c1>1., 0., 0.</c1><c2>0., 1., 0.</c2><c3>0., 0., 1.</c3></rotation></pose><symmetry><x>none</x><y>twoFold</y><z>none</z></symmetry><detectionScore>0.79454756</detectionScore></element><element><id>13</id><category>vase</category><bounds><corner1>-0.07700417, -0.3261506 , -0.78385307</corner1><corner2>0.07700417, 0.3261506 , 0.78385307</corner2></bounds><pose><translation>-1.17896579, -0.8604296 ,  0.41161041</translation><rotation><c1>1., 0., 0.</c1><c2>0., 1., 0.</c2><c3>0., 0., 1.</c3></rotation></pose><symmetry><x>none</x><y>cylindrical</y><z>none</z></symmetry><detectionScore>0.8080892</detectionScore></element><element><id>16</id><category>wall</category><bounds><corner1>-0.97386089, -1.2399217 , -0.19900972</corner1><corner2>0.97386089, 1.2399217 , 0.19900972</corner2></bounds><pose><translation> 4.86357065, -0.05103677,  3.00094819</translation><rotation><c1>1., 0., 0.</c1><c2>0., 1., 0.</c2><c3>0., 0., 1.</c3></rotation></pose><symmetry><x>none</x><y>twoFold</y><z>none</z></symmetry><detectionScore>0.83580095</detectionScore></element><element><id>9</id><category>floor_lamp</category><bounds><corner1>-0.5570567 , -1.06303772, -0.0843378 </corner1><corner2>0.5570567 , 1.06303772, 0.0843378 </corner2></bounds><pose><translation> 4.04332662, -0.64872099,  3.16013842</translation><rotation><c1>1., 0., 0.</c1><c2>0., 1., 0.</c2><c3>0., 0., 1.</c3></rotation></pose><symmetry><x>none</x><y>cylindrical</y><z>none</z></symmetry><detectionScore>0.8296364</detectionScore></element><element><id>8</id><category>sofa</category><bounds><corner1>-0.17892185, -0.44046615, -1.97308258</corner1><corner2>0.17892185, 0.44046615, 1.97308258</corner2></bounds><pose><translation>-3.07399781, -0.93567087,  0.78638963</translation><rotation><c1>1., 0., 0.</c1><c2>0., 1., 0.</c2><c3>0., 0., 1.</c3></rotation></pose><symmetry><x>none</x><y>none</y><z>none</z></symmetry><detectionScore>0.98684585</detectionScore></element><element><id>7</id><category>floor_lamp</category><bounds><corner1>-0.20269345, -1.06042444, -0.3619381 </corner1><corner2>0.20269345, 1.06042444, 0.3619381 </corner2></bounds><pose><translation>-0.04772619, -0.64156232, -1.79297246</translation><rotation><c1>1., 0., 0.</c1><c2>0., 1., 0.</c2><c3>0., 0., 1.</c3></rotation></pose><symmetry><x>none</x><y>cylindrical</y><z>none</z></symmetry><detectionScore>0.9824917</detectionScore></element><element><id>14</id><category>wall</category><bounds><corner1>-0.55000359, -1.14571378, -0.74467734</corner1><corner2>0.55000359, 1.14571378, 0.74467734</corner2></bounds><pose><translation> 6.06140974,  0.04256945, -0.84012286</translation><rotation><c1>1., 0., 0.</c1><c2>0., 1., 0.</c2><c3>0., 0., 1.</c3></rotation></pose><symmetry><x>none</x><y>twoFold</y><z>none</z></symmetry><detectionScore>0.91351986</detectionScore></element><element><id>20</id><category>ottoman</category><bounds><corner1>-0.90590803, -0.37722682, -0.55177367</corner1><corner2>0.90590803, 0.37722682, 0.55177367</corner2></bounds><pose><translation> 4.37920401, -1.15683264,  2.65622073</translation><rotation><c1>1., 0., 0.</c1><c2>0., 1., 0.</c2><c3>0., 0., 1.</c3></rotation></pose><symmetry><x>none</x><y>twoFold</y><z>none</z></symmetry><detectionScore>0.5563576</detectionScore></element></elements></scene>