<?xml version='1.0' encoding='utf-8'?>
<scene xmlns:sumo="https://www.sumochallenge.org"><version>2.0</version><categories><id>fb_categories_v1.0</id><url>https://sumochallenge.org/en/categories-1_0.json</url></categories><project_type>bounding_box</project_type><elements><element><id>6</id><category>shelving</category><bounds><corner1>-0.33627865, -1.01731029, -0.76802245</corner1><corner2>0.33627865, 1.01731029, 0.76802245</corner2></bounds><pose><translation>-1.15499368, -0.4769714 , -1.85106039</translation><rotation><c1>1., 0., 0.</c1><c2>0., 1., 0.</c2><c3>0., 0., 1.</c3></rotation></pose><symmetry><x>none</x><y>none</y><z>none</z></symmetry><detectionScore>-1</detectionScore></element><element><id>5</id><category>wall</category><bounds><corner1>-2.61549173, -1.22165919, -3.32356572</corner1><corner2>2.61549173, 1.22165919, 3.32356572</corner2></bounds><pose><translation> 4.47366359, -0.18582908,  0.        </translation><rotation><c1>1., 0., 0.</c1><c2>0., 1., 0.</c2><c3>0., 0., 1.</c3></rotation></pose><symmetry><x>none</x><y>none</y><z>none</z></symmetry><detectionScore>-1</detectionScore></element><element><id>3</id><category>shelving</category><bounds><corner1>-0.41496208, -0.69634441, -0.64865114</corner1><corner2>0.41496208, 0.69634441, 0.64865114</corner2></bounds><pose><translation>-1.23996181, -0.14850624,  0.01406172</translation><rotation><c1>1., 0., 0.</c1><c2>0., 1., 0.</c2><c3>0., 0., 1.</c3></rotation></pose><symmetry><x>none</x><y>none</y><z>none</z></symmetry><detectionScore>-1</detectionScore></element><element><id>4</id><category>desk</category><bounds><corner1>-0.5189184 , -0.67730915, -0.19118823</corner1><corner2>0.5189184 , 0.67730915, 0.19118823</corner2></bounds><pose><translation>-0.48882585, -0.94193343,  3.25507387</translation><rotation><c1>1., 0., 0.</c1><c2>0., 1., 0.</c2><c3>0., 0., 1.</c3></rotation></pose><symmetry><x>none</x><y>none</y><z>none</z></symmetry><detectionScore>-1</detectionScore></element><element><id>2</id><category>garage_door</category><bounds><corner1>-5.46585149, -1.38703499, -2.64659452</corner1><corner2>5.46585149, 1.38703499, 2.64659452</corner2></bounds><pose><translation> 1.31004867, -0.21622009,  0.75652869</translation><rotation><c1>1., 0., 0.</c1><c2>0., 1., 0.</c2><c3>0., 0., 1.</c3></rotation></pose><symmetry><x>none</x><y>none</y><z>none</z></symmetry><detectionScore>-1</detectionScore></element><element><id>1</id><category>car</category><bounds><corner1>-5.10073163, -0.15045746, -2.03660664</corner1><corner2>5.10073163, 0.15045746, 2.03660664</corner2></bounds><pose><translation> 1.55596819, -0.35125294,  0.14369314</translation><rotation><c1>1., 0., 0.</c1><c2>0., 1., 0.</c2><c3>0., 0., 1.</c3></rotation></pose><symmetry><x>none</x><y>none</y><z>none</z></symmetry><detectionScore>-1</detectionScore></element></elements></scene>