<?xml version='1.0' encoding='utf-8'?>
<scene xmlns:sumo="https://www.sumochallenge.org"><version>2.0</version><categories><id>fb_categories_v1.0</id><url>https://sumochallenge.org/en/categories-1_0.json</url></categories><project_type>bounding_box</project_type><elements><element><id>11</id><category>kitchen_cabinet</category><bounds><corner1>-1.33994426, -0.07961771, -0.04209822</corner1><corner2>1.33994426, 0.07961771, 0.04209822</corner2></bounds><pose><translation> 1.95108942, -0.73344229, -0.83377624</translation><rotation><c1>1., 0., 0.</c1><c2>0., 1., 0.</c2><c3>0., 0., 1.</c3></rotation></pose><symmetry><x>none</x><y>none</y><z>none</z></symmetry><detectionScore>-1</detectionScore></element><element><id>6</id><category>hanging_kitchen_cabinet</category><bounds><corner1>-0.53900538, -0.32406452, -0.02608969</corner1><corner2>0.53900538, 0.32406452, 0.02608969</corner2></bounds><pose><translation> 0.52196686,  0.29936639, -1.60105   </translation><rotation><c1>1., 0., 0.</c1><c2>0., 1., 0.</c2><c3>0., 0., 1.</c3></rotation></pose><symmetry><x>none</x><y>none</y><z>none</z></symmetry><detectionScore>-1</detectionScore></element><element><id>7</id><category>kitchen_cabinet</category><bounds><corner1>-1.46083582, -0.18455249, -0.43079954</corner1><corner2>1.46083582, 0.18455249, 0.43079954</corner2></bounds><pose><translation> 2.98497773, -0.79116888, -0.82411137</translation><rotation><c1>1., 0., 0.</c1><c2>0., 1., 0.</c2><c3>0., 0., 1.</c3></rotation></pose><symmetry><x>none</x><y>none</y><z>none</z></symmetry><detectionScore>-1</detectionScore></element><element><id>5</id><category>wall</category><bounds><corner1>-0.2638735 , -1.27521072, -1.12781425</corner1><corner2>0.2638735 , 1.27521072, 1.12781425</corner2></bounds><pose><translation>-7.37879022, -0.11999518,  4.3992114 </translation><rotation><c1>1., 0., 0.</c1><c2>0., 1., 0.</c2><c3>0., 0., 1.</c3></rotation></pose><symmetry><x>none</x><y>none</y><z>none</z></symmetry><detectionScore>-1</detectionScore></element><element><id>3</id><category>ottoman</category><bounds><corner1>-0.42574765, -0.15228054, -2.45485464</corner1><corner2>0.42574765, 0.15228054, 2.45485464</corner2></bounds><pose><translation>-0.8453677 , -0.69161731,  2.05809566</translation><rotation><c1>1., 0., 0.</c1><c2>0., 1., 0.</c2><c3>0., 0., 1.</c3></rotation></pose><symmetry><x>none</x><y>none</y><z>none</z></symmetry><detectionScore>-1</detectionScore></element><element><id>9</id><category>chair</category><bounds><corner1>-2.00612261, -0.18229516, -2.9766967 </corner1><corner2>2.00612261, 0.18229516, 2.9766967 </corner2></bounds><pose><translation> 0.82554531, -0.68911357,  1.41700319</translation><rotation><c1>1., 0., 0.</c1><c2>0., 1., 0.</c2><c3>0., 0., 1.</c3></rotation></pose><symmetry><x>none</x><y>none</y><z>none</z></symmetry><detectionScore>-1</detectionScore></element><element><id>10</id><category>wall</category><bounds><corner1>-0.78335338, -1.19695021, -1.99440665</corner1><corner2>0.78335338, 1.19695021, 1.99440665</corner2></bounds><pose><translation>-7.30062309, -0.04974406,  0.5433242 </translation><rotation><c1>1., 0., 0.</c1><c2>0., 1., 0.</c2><c3>0., 0., 1.</c3></rotation></pose><symmetry><x>none</x><y>none</y><z>none</z></symmetry><detectionScore>-1</detectionScore></element><element><id>2</id><category>television</category><bounds><corner1>-1.04301951, -0.81067294, -0.97489629</corner1><corner2>1.04301951, 0.81067294, 0.97489629</corner2></bounds><pose><translation> 2.13214651, -0.56024564,  4.35128647</translation><rotation><c1>1., 0., 0.</c1><c2>0., 1., 0.</c2><c3>0., 0., 1.</c3></rotation></pose><symmetry><x>none</x><y>none</y><z>none</z></symmetry><detectionScore>-1</detectionScore></element><element><id>1</id><category>wall</category><bounds><corner1>-0.10292574, -1.20294183, -2.02022557</corner1><corner2>0.10292574, 1.20294183, 2.02022557</corner2></bounds><pose><translation> 4.41860182, -0.07370103,  0.39044301</translation><rotation><c1>1., 0., 0.</c1><c2>0., 1., 0.</c2><c3>0., 0., 1.</c3></rotation></pose><symmetry><x>none</x><y>none</y><z>none</z></symmetry><detectionScore>-1</detectionScore></element><element><id>8</id><category>refrigerator</category><bounds><corner1>-0.75087543, -0.93198243, -0.08446759</corner1><corner2>0.75087543, 0.93198243, 0.08446759</corner2></bounds><pose><translation>-1.24205875, -0.43236348,  4.45659451</translation><rotation><c1>1., 0., 0.</c1><c2>0., 1., 0.</c2><c3>0., 0., 1.</c3></rotation></pose><symmetry><x>none</x><y>none</y><z>none</z></symmetry><detectionScore>-1</detectionScore></element></elements></scene>