<?xml version='1.0' encoding='utf-8'?>
<scene xmlns:sumo="https://www.sumochallenge.org"><version>2.0</version><categories><id>fb_categories_v1.0</id><url>https://sumochallenge.org/en/categories-1_0.json</url></categories><project_type>bounding_box</project_type><elements><element><id>7</id><category>ceiling_fan</category><bounds><corner1>-0.75529215, -0.02181517, -1.85833071</corner1><corner2>0.75529215, 0.02181517, 1.85833071</corner2></bounds><pose><translation>0.29563494, 1.29763918, 2.85513388</translation><rotation><c1>1., 0., 0.</c1><c2>0., 1., 0.</c2><c3>0., 0., 1.</c3></rotation></pose><symmetry><x>none</x><y>none</y><z>none</z></symmetry><detectionScore>-1</detectionScore></element><element><id>9</id><category>plant</category><bounds><corner1>-1.10903851, -0.76030988, -0.29418163</corner1><corner2>1.10903851, 0.76030988, 0.29418163</corner2></bounds><pose><translation>-2.33206547, -0.63679297, -0.49056922</translation><rotation><c1>1., 0., 0.</c1><c2>0., 1., 0.</c2><c3>0., 0., 1.</c3></rotation></pose><symmetry><x>none</x><y>none</y><z>none</z></symmetry><detectionScore>-1</detectionScore></element><element><id>5</id><category>plant</category><bounds><corner1>-0.06616021, -0.82065151, -0.71648156</corner1><corner2>0.06616021, 0.82065151, 0.71648156</corner2></bounds><pose><translation> 3.30910639, -0.71167805,  2.52086551</translation><rotation><c1>1., 0., 0.</c1><c2>0., 1., 0.</c2><c3>0., 0., 1.</c3></rotation></pose><symmetry><x>none</x><y>none</y><z>none</z></symmetry><detectionScore>-1</detectionScore></element><element><id>4</id><category>plant</category><bounds><corner1>-0.97086467, -1.03982341, -0.37391477</corner1><corner2>0.97086467, 1.03982341, 0.37391477</corner2></bounds><pose><translation> 2.25999458, -0.78355246, -0.54651212</translation><rotation><c1>1., 0., 0.</c1><c2>0., 1., 0.</c2><c3>0., 0., 1.</c3></rotation></pose><symmetry><x>none</x><y>none</y><z>none</z></symmetry><detectionScore>-1</detectionScore></element><element><id>11</id><category>armchair</category><bounds><corner1>-0.36100144, -0.2860668 , -0.76047563</corner1><corner2>0.36100144, 0.2860668 , 0.76047563</corner2></bounds><pose><translation>-1.44098379, -1.00057262,  0.08982174</translation><rotation><c1>1., 0., 0.</c1><c2>0., 1., 0.</c2><c3>0., 0., 1.</c3></rotation></pose><symmetry><x>none</x><y>none</y><z>none</z></symmetry><detectionScore>-1</detectionScore></element><element><id>10</id><category>kitchen_cabinet</category><bounds><corner1>-0.08927577, -0.45892188, -1.78267335</corner1><corner2>0.08927577, 0.45892188, 1.78267335</corner2></bounds><pose><translation>-2.02841229, -0.74362676,  4.01383825</translation><rotation><c1>1., 0., 0.</c1><c2>0., 1., 0.</c2><c3>0., 0., 1.</c3></rotation></pose><symmetry><x>none</x><y>none</y><z>none</z></symmetry><detectionScore>-1</detectionScore></element><element><id>6</id><category>washer</category><bounds><corner1>-0.0400068 , -0.41241287, -0.51597902</corner1><corner2>0.0400068 , 0.41241287, 0.51597902</corner2></bounds><pose><translation>-1.98389295, -0.86866167,  1.41555338</translation><rotation><c1>1., 0., 0.</c1><c2>0., 1., 0.</c2><c3>0., 0., 1.</c3></rotation></pose><symmetry><x>none</x><y>none</y><z>none</z></symmetry><detectionScore>-1</detectionScore></element><element><id>3</id><category>washer</category><bounds><corner1>-0.07383587, -0.39004204, -0.76108277</corner1><corner2>0.07383587, 0.39004204, 0.76108277</corner2></bounds><pose><translation>-1.97555796, -0.84194611,  2.68707765</translation><rotation><c1>1., 0., 0.</c1><c2>0., 1., 0.</c2><c3>0., 0., 1.</c3></rotation></pose><symmetry><x>none</x><y>none</y><z>none</z></symmetry><detectionScore>-1</detectionScore></element><element><id>2</id><category>vacuum_cleaner</category><bounds><corner1>-1.16377942, -0.71366814, -1.86462176</corner1><corner2>1.16377942, 0.71366814, 1.86462176</corner2></bounds><pose><translation> 2.16902421, -1.28955806,  4.78810525</translation><rotation><c1>1., 0., 0.</c1><c2>0., 1., 0.</c2><c3>0., 0., 1.</c3></rotation></pose><symmetry><x>none</x><y>none</y><z>none</z></symmetry><detectionScore>-1</detectionScore></element><element><id>12</id><category>gym_equipment</category><bounds><corner1>-0.26146061, -0.52340157, -0.33681893</corner1><corner2>0.26146061, 0.52340157, 0.33681893</corner2></bounds><pose><translation>-2.21449688, -0.9736663 ,  0.72218301</translation><rotation><c1>1., 0., 0.</c1><c2>0., 1., 0.</c2><c3>0., 0., 1.</c3></rotation></pose><symmetry><x>none</x><y>none</y><z>none</z></symmetry><detectionScore>-1</detectionScore></element><element><id>8</id><category>door</category><bounds><corner1>-0.24789902, -1.21538027, -0.80764611</corner1><corner2>0.24789902, 1.21538027, 0.80764611</corner2></bounds><pose><translation> 3.11791559, -0.29099744,  1.17924761</translation><rotation><c1>1., 0., 0.</c1><c2>0., 1., 0.</c2><c3>0., 0., 1.</c3></rotation></pose><symmetry><x>none</x><y>none</y><z>none</z></symmetry><detectionScore>-1</detectionScore></element><element><id>1</id><category>wall</category><bounds><corner1>-2.73893879, -1.26900638, -0.13228598</corner1><corner2>2.73893879, 1.26900638, 0.13228598</corner2></bounds><pose><translation> 0.25135278, -0.01776158,  6.57407622</translation><rotation><c1>1., 0., 0.</c1><c2>0., 1., 0.</c2><c3>0., 0., 1.</c3></rotation></pose><symmetry><x>none</x><y>none</y><z>none</z></symmetry><detectionScore>-1</detectionScore></element></elements></scene>