<?xml version='1.0' encoding='utf-8'?>
<scene xmlns:sumo="https://www.sumochallenge.org"><version>2.0</version><categories><id>fb_categories_v1_0</id><url>https://sumochallenge.org/en/categories-1_0.json</url></categories><project_type>bounding_box</project_type><elements><element><id>0</id><category>dining_table</category><bounds><corner1>-1.9876831141487714, -0.506676251766984, -1.122085673877288</corner1><corner2>1.9876831141487714, 0.506676251766984, 1.122085673877288</corner2></bounds><pose><translation>3.331342318141498, -1.1235446443508352, 0.34834521314375594</translation><rotation><c1>1, 0, 0</c1><c2>0, 1, 0</c2><c3>0, 0, 1</c3></rotation></pose><symmetry><x>twoFold</x><y>cylindrical</y><z>twoFold</z></symmetry><detectionScore>-1.0</detectionScore></element><element><id>1</id><category>curtain</category><bounds><corner1>-0.8850607201679866, -1.1743703040654012, -1.156163651857007</corner1><corner2>0.8850607201679866, 1.1743703040654012, 1.156163651857007</corner2></bounds><pose><translation>-0.8850607201679866, 0.009855261444020429, -1.156163651857007</translation><rotation><c1>1, 0, 0</c1><c2>0, 1, 0</c2><c3>0, 0, 1</c3></rotation></pose><symmetry><x>twoFold</x><y>cylindrical</y><z>twoFold</z></symmetry><detectionScore>-1.0</detectionScore></element><element><id>2</id><category>window</category><bounds><corner1>-1.2612046796665055, -1.1288862624759521, -0.12544628133902913</corner1><corner2>1.2612046796665055, 1.1288862624759521, 0.12544628133902913</corner2></bounds><pose><translation>-5.331744065925312, 0.18268726439095573, 2.309610309444208</translation><rotation><c1>1, 0, 0</c1><c2>0, 1, 0</c2><c3>0, 0, 1</c3></rotation></pose><symmetry><x>twoFold</x><y>cylindrical</y><z>twoFold</z></symmetry><detectionScore>-1.0</detectionScore></element><element><id>3</id><category>desk</category><bounds><corner1>-1.5406703390218703, -0.46532146242385086, -0.503128184105724</corner1><corner2>1.5406703390218703, 0.46532146242385086, 0.503128184105724</corner2></bounds><pose><translation>-0.12754516949900735, -0.734812321666847, -1.7709442752458806</translation><rotation><c1>1, 0, 0</c1><c2>0, 1, 0</c2><c3>0, 0, 1</c3></rotation></pose><symmetry><x>twoFold</x><y>cylindrical</y><z>twoFold</z></symmetry><detectionScore>-1.0</detectionScore></element><element><id>4</id><category>kitchen_cabinet</category><bounds><corner1>-0.3862602049476925, -0.6581138125993857, -0.051706661726017566</corner1><corner2>0.3862602049476925, 0.6581138125993857, 0.051706661726017566</corner2></bounds><pose><translation>-0.09854137506705839, -0.16730184352745414, 1.633212427141156</translation><rotation><c1>1, 0, 0</c1><c2>0, 1, 0</c2><c3>0, 0, 1</c3></rotation></pose><symmetry><x>twoFold</x><y>cylindrical</y><z>twoFold</z></symmetry><detectionScore>-1.0</detectionScore></element><element><id>5</id><category>plant</category><bounds><corner1>-2.1445038487194648, -1.2990309195802918, -1.4680214870734565</corner1><corner2>2.1445038487194648, 1.2990309195802918, 1.4680214870734565</corner2></bounds><pose><translation>-7.08796386318866, -0.11848154307605245, -4.456784339043034</translation><rotation><c1>1, 0, 0</c1><c2>0, 1, 0</c2><c3>0, 0, 1</c3></rotation></pose><symmetry><x>twoFold</x><y>cylindrical</y><z>twoFold</z></symmetry><detectionScore>-1.0</detectionScore></element><element><id>6</id><category>window</category><bounds><corner1>-0.13129127715617894, -0.7952165239585124, -0.8633348203550397</corner1><corner2>0.13129127715617894, 0.7952165239585124, 0.8633348203550397</corner2></bounds><pose><translation>5.2310776824034235, 0.04601760322440147, -2.6159903671628855</translation><rotation><c1>1, 0, 0</c1><c2>0, 1, 0</c2><c3>0, 0, 1</c3></rotation></pose><symmetry><x>twoFold</x><y>cylindrical</y><z>twoFold</z></symmetry><detectionScore>-1.0</detectionScore></element><element><id>7</id><category>hanging_kitchen_cabinet</category><bounds><corner1>-0.46034199868032066, -1.012461003752465, -0.07107098303627479</corner1><corner2>0.46034199868032066, 1.012461003752465, 0.07107098303627479</corner2></bounds><pose><translation>-0.3359915344916812, 0.40542202877247513, -1.6382739544949458</translation><rotation><c1>1, 0, 0</c1><c2>0, 1, 0</c2><c3>0, 0, 1</c3></rotation></pose><symmetry><x>twoFold</x><y>cylindrical</y><z>twoFold</z></symmetry><detectionScore>-1.0</detectionScore></element><element><id>8</id><category>plant</category><bounds><corner1>-0.8106021272025137, -0.43387906289554734, -0.08470184821109106</corner1><corner2>0.8106021272025137, 0.43387906289554734, 0.08470184821109106</corner2></bounds><pose><translation>-4.930927127675404, -0.9704019419708249, 2.3312163901004537</translation><rotation><c1>1, 0, 0</c1><c2>0, 1, 0</c2><c3>0, 0, 1</c3></rotation></pose><symmetry><x>twoFold</x><y>cylindrical</y><z>twoFold</z></symmetry><detectionScore>-1.0</detectionScore></element><element><id>9</id><category>kitchen_cabinet</category><bounds><corner1>-1.6894425484809872, -0.5269256261742503, -0.4702710906250487</corner1><corner2>1.6894425484809872, 0.5269256261742503, 0.4702710906250487</corner2></bounds><pose><translation>-0.13080657351893302, -0.7407050370910633, -1.7140977845408507</translation><rotation><c1>1, 0, 0</c1><c2>0, 1, 0</c2><c3>0, 0, 1</c3></rotation></pose><symmetry><x>twoFold</x><y>cylindrical</y><z>twoFold</z></symmetry><detectionScore>-1.0</detectionScore></element><element><id>10</id><category>shelving</category><bounds><corner1>-0.1473131010368547, -0.3135170567946983, -0.06568757503509226</corner1><corner2>0.1473131010368547, 0.3135170567946983, 0.06568757503509226</corner2></bounds><pose><translation>-0.8712701474454645, -0.5270050734170831, -1.1224197127289361</translation><rotation><c1>1, 0, 0</c1><c2>0, 1, 0</c2><c3>0, 0, 1</c3></rotation></pose><symmetry><x>twoFold</x><y>cylindrical</y><z>twoFold</z></symmetry><detectionScore>-1.0</detectionScore></element><element><id>11</id><category>wall</category><bounds><corner1>-4.711740255694564, -1.256072789870416, -0.13381609139087436</corner1><corner2>4.711740255694564, 1.256072789870416, 0.13381609139087436</corner2></bounds><pose><translation>2.5739884876913326, 0.03785717129856728, -3.601837082419199</translation><rotation><c1>1, 0, 0</c1><c2>0, 1, 0</c2><c3>0, 0, 1</c3></rotation></pose><symmetry><x>twoFold</x><y>cylindrical</y><z>twoFold</z></symmetry><detectionScore>-1.0</detectionScore></element><element><id>12</id><category>plant</category><bounds><corner1>-0.9348977192196597, -0.9586587423657251, -0.13273681087653078</corner1><corner2>0.9348977192196597, 0.9586587423657251, 0.13273681087653078</corner2></bounds><pose><translation>-4.591869340464887, -0.9143086485210348, 2.3268212259579375</translation><rotation><c1>1, 0, 0</c1><c2>0, 1, 0</c2><c3>0, 0, 1</c3></rotation></pose><symmetry><x>twoFold</x><y>cylindrical</y><z>twoFold</z></symmetry><detectionScore>-1.0</detectionScore></element><element><id>13</id><category>bottle</category><bounds><corner1>-0.8150498163442306, -0.4085765723162861, -0.08363214185801482</corner1><corner2>0.8150498163442306, 0.4085765723162861, 0.08363214185801482</corner2></bounds><pose><translation>-4.935374816817121, -0.9652495619573952, 2.33228609645353</translation><rotation><c1>1, 0, 0</c1><c2>0, 1, 0</c2><c3>0, 0, 1</c3></rotation></pose><symmetry><x>twoFold</x><y>cylindrical</y><z>twoFold</z></symmetry><detectionScore>-1.0</detectionScore></element><element><id>14</id><category>pet</category><bounds><corner1>-0.6394911821036215, -0.5474023233477425, -0.3662420789895289</corner1><corner2>0.6394911821036215, 0.5474023233477425, 0.3662420789895289</corner2></bounds><pose><translation>-3.128071134944198, -1.517084084454758, 2.149826372313597</translation><rotation><c1>1, 0, 0</c1><c2>0, 1, 0</c2><c3>0, 0, 1</c3></rotation></pose><symmetry><x>twoFold</x><y>cylindrical</y><z>twoFold</z></symmetry><detectionScore>-1.0</detectionScore></element><element><id>15</id><category>curtain</category><bounds><corner1>-3.5486556488738703, -1.0467722242904116, -2.7825260767731246</corner1><corner2>3.5486556488738703, 1.0467722242904116, 2.7825260767731246</corner2></bounds><pose><translation>-7.116395850184185, -0.06276923748926294, -4.240672682833424</translation><rotation><c1>1, 0, 0</c1><c2>0, 1, 0</c2><c3>0, 0, 1</c3></rotation></pose><symmetry><x>twoFold</x><y>cylindrical</y><z>twoFold</z></symmetry><detectionScore>-1.0</detectionScore></element><element><id>16</id><category>door</category><bounds><corner1>-3.504856605023731, -1.056589177238764, -2.7104288049318415</corner1><corner2>3.504856605023731, 1.056589177238764, 2.7104288049318415</corner2></bounds><pose><translation>-7.11586578317842, -0.18791593967185893, -4.21396040081074</translation><rotation><c1>1, 0, 0</c1><c2>0, 1, 0</c2><c3>0, 0, 1</c3></rotation></pose><symmetry><x>twoFold</x><y>cylindrical</y><z>twoFold</z></symmetry><detectionScore>-1.0</detectionScore></element><element><id>17</id><category>wall</category><bounds><corner1>-0.18913853186236818, -1.4632261798980857, -2.688249846431941</corner1><corner2>0.18913853186236818, 1.4632261798980857, 2.688249846431941</corner2></bounds><pose><translation>5.204039895758927, -0.12793718313173136, -1.3553162669679457</translation><rotation><c1>1, 0, 0</c1><c2>0, 1, 0</c2><c3>0, 0, 1</c3></rotation></pose><symmetry><x>twoFold</x><y>cylindrical</y><z>twoFold</z></symmetry><detectionScore>-1.0</detectionScore></element><element><id>18</id><category>armchair</category><bounds><corner1>-0.7188939253528632, -0.4333129854707007, -0.5293868318645845</corner1><corner2>0.7188939253528632, 0.4333129854707007, 0.5293868318645845</corner2></bounds><pose><translation>4.67252360426609, -0.8010449791434835, 0.470712027245614</translation><rotation><c1>1, 0, 0</c1><c2>0, 1, 0</c2><c3>0, 0, 1</c3></rotation></pose><symmetry><x>twoFold</x><y>cylindrical</y><z>twoFold</z></symmetry><detectionScore>-1.0</detectionScore></element><element><id>19</id><category>armchair</category><bounds><corner1>-2.163624437305019, -0.6791299394492194, -0.6875872167701974</corner1><corner2>2.163624437305019, 0.6791299394492194, 0.6875872167701974</corner2></bounds><pose><translation>3.140215951844644, -1.3204935964220055, 0.8499406543066795</translation><rotation><c1>1, 0, 0</c1><c2>0, 1, 0</c2><c3>0, 0, 1</c3></rotation></pose><symmetry><x>twoFold</x><y>cylindrical</y><z>twoFold</z></symmetry><detectionScore>-1.0</detectionScore></element><element><id>20</id><category>armchair</category><bounds><corner1>-2.1746219024454274, -0.8105452430441373, -0.6687778364806171</corner1><corner2>2.1746219024454274, 0.8105452430441373, 0.6687778364806171</corner2></bounds><pose><translation>3.134823363660131, -1.4749049788516841, -0.16856099387462756</translation><rotation><c1>1, 0, 0</c1><c2>0, 1, 0</c2><c3>0, 0, 1</c3></rotation></pose><symmetry><x>twoFold</x><y>cylindrical</y><z>twoFold</z></symmetry><detectionScore>-1.0</detectionScore></element><element><id>21</id><category>door</category><bounds><corner1>-0.8631042556626846, -1.254143804474967, -1.1657393866726062</corner1><corner2>0.8631042556626846, 1.254143804474967, 1.1657393866726062</corner2></bounds><pose><translation>-0.8631042556626846, -0.09697010461488066, -1.1657393866726062</translation><rotation><c1>1, 0, 0</c1><c2>0, 1, 0</c2><c3>0, 0, 1</c3></rotation></pose><symmetry><x>twoFold</x><y>cylindrical</y><z>twoFold</z></symmetry><detectionScore>-1.0</detectionScore></element><element><id>22</id><category>toy</category><bounds><corner1>-0.7259144861741582, -0.33650789733266584, -0.3186997181713376</corner1><corner2>0.7259144861741582, 0.33650789733266584, 0.3186997181713376</corner2></bounds><pose><translation>-3.29570203977145, -1.5069897146673579, 2.1766066254689003</translation><rotation><c1>1, 0, 0</c1><c2>0, 1, 0</c2><c3>0, 0, 1</c3></rotation></pose><symmetry><x>twoFold</x><y>cylindrical</y><z>twoFold</z></symmetry><detectionScore>-1.0</detectionScore></element><element><id>23</id><category>kitchen_cabinet</category><bounds><corner1>-1.4232091104860984, -0.2862002766897225, -0.8115179522937801</corner1><corner2>1.4232091104860984, 0.2862002766897225, 0.8115179522937801</corner2></bounds><pose><translation>0.7942377648015339, -0.8935656525543435, -2.0822974755218797</translation><rotation><c1>1, 0, 0</c1><c2>0, 1, 0</c2><c3>0, 0, 1</c3></rotation></pose><symmetry><x>twoFold</x><y>cylindrical</y><z>twoFold</z></symmetry><detectionScore>-1.0</detectionScore></element><element><id>24</id><category>column</category><bounds><corner1>-0.817517487141689, -0.6866370405790136, -1.875908547950104</corner1><corner2>0.817517487141689, 0.6866370405790136, 1.875908547950104</corner2></bounds><pose><translation>1.3238974025896166, -1.394939235010019, -3.56594947973822</translation><rotation><c1>1, 0, 0</c1><c2>0, 1, 0</c2><c3>0, 0, 1</c3></rotation></pose><symmetry><x>twoFold</x><y>cylindrical</y><z>twoFold</z></symmetry><detectionScore>-1.0</detectionScore></element><element><id>25</id><category>wall</category><bounds><corner1>-1.5551795598107, -1.4480595129469696, -2.5754852059657436</corner1><corner2>1.5551795598107, 1.4480595129469696, 2.5754852059657436</corner2></bounds><pose><translation>1.1749281244733767, -0.08532518813239852, -4.192440017350698</translation><rotation><c1>1, 0, 0</c1><c2>0, 1, 0</c2><c3>0, 0, 1</c3></rotation></pose><symmetry><x>twoFold</x><y>cylindrical</y><z>twoFold</z></symmetry><detectionScore>-1.0</detectionScore></element><element><id>26</id><category>television</category><bounds><corner1>-1.4127281560472902, -1.1309842320680752, -0.12820681037951553</corner1><corner2>1.4127281560472902, 1.1309842320680752, 0.12820681037951553</corner2></bounds><pose><translation>-5.483267542306097, 0.16651472946512924, 2.3039537274410615</translation><rotation><c1>1, 0, 0</c1><c2>0, 1, 0</c2><c3>0, 0, 1</c3></rotation></pose><symmetry><x>twoFold</x><y>cylindrical</y><z>twoFold</z></symmetry><detectionScore>-1.0</detectionScore></element><element><id>27</id><category>wall</category><bounds><corner1>-0.8382535069606982, -0.6964787710859898, -1.8774778836127466</corner1><corner2>0.8382535069606982, 0.6964787710859898, 1.8774778836127466</corner2></bounds><pose><translation>1.3370770230893574, -1.4116349903136396, -3.5675188154008626</translation><rotation><c1>1, 0, 0</c1><c2>0, 1, 0</c2><c3>0, 0, 1</c3></rotation></pose><symmetry><x>twoFold</x><y>cylindrical</y><z>twoFold</z></symmetry><detectionScore>-1.0</detectionScore></element><element><id>28</id><category>wall</category><bounds><corner1>-0.9886568341692924, -0.8559229970528776, -0.6411230531523573</corner1><corner2>0.9886568341692924, 0.8559229970528776, 0.6411230531523573</corner2></bounds><pose><translation>0.03591281403238112, 0.6378337087621889, 1.0660135872966863</translation><rotation><c1>1, 0, 0</c1><c2>0, 1, 0</c2><c3>0, 0, 1</c3></rotation></pose><symmetry><x>twoFold</x><y>cylindrical</y><z>twoFold</z></symmetry><detectionScore>-1.0</detectionScore></element><element><id>29</id><category>wall</category><bounds><corner1>-0.42384655278366173, -0.5489003018314526, -0.0424428411439397</corner1><corner2>0.42384655278366173, 0.5489003018314526, 0.0424428411439397</corner2></bounds><pose><translation>-0.17451568568230666, -0.05334913506808887, 1.642476247723234</translation><rotation><c1>1, 0, 0</c1><c2>0, 1, 0</c2><c3>0, 0, 1</c3></rotation></pose><symmetry><x>twoFold</x><y>cylindrical</y><z>twoFold</z></symmetry><detectionScore>-1.0</detectionScore></element><element><id>30</id><category>refrigerator</category><bounds><corner1>-4.421969019346801, -1.7907949185713192, -0.12773569407653396</corner1><corner2>4.421969019346801, 1.7907949185713192, 0.12773569407653396</corner2></bounds><pose><translation>2.337288218896396, -0.5116239832124723, -3.5802936396790224</translation><rotation><c1>1, 0, 0</c1><c2>0, 1, 0</c2><c3>0, 0, 1</c3></rotation></pose><symmetry><x>twoFold</x><y>cylindrical</y><z>twoFold</z></symmetry><detectionScore>-1.0</detectionScore></element><element><id>31</id><category>trash_can</category><bounds><corner1>-0.45995879532320405, -0.31424579962843013, -0.10709991007242481</corner1><corner2>0.45995879532320405, 0.31424579962843013, 0.10709991007242481</corner2></bounds><pose><translation>2.3661798442729967, -1.2701508243044328, -3.559657855674913</translation><rotation><c1>1, 0, 0</c1><c2>0, 1, 0</c2><c3>0, 0, 1</c3></rotation></pose><symmetry><x>twoFold</x><y>cylindrical</y><z>twoFold</z></symmetry><detectionScore>-1.0</detectionScore></element><element><id>32</id><category>window</category><bounds><corner1>-3.501981855863589, -0.8616957083868761, -2.711700905125664</corner1><corner2>3.501981855863589, 0.8616957083868761, 2.711700905125664</corner2></bounds><pose><translation>-7.130612328760526, 0.006977529180029078, -4.231898632540494</translation><rotation><c1>1, 0, 0</c1><c2>0, 1, 0</c2><c3>0, 0, 1</c3></rotation></pose><symmetry><x>twoFold</x><y>cylindrical</y><z>twoFold</z></symmetry><detectionScore>-1.0</detectionScore></element><element><id>33</id><category>chair</category><bounds><corner1>-2.2137860679418915, -0.7573270719250385, -0.6180708854032</corner1><corner2>2.2137860679418915, 0.7573270719250385, 0.6180708854032</corner2></bounds><pose><translation>3.0938368740810085, -1.4216868077325853, -0.20091997128081707</translation><rotation><c1>1, 0, 0</c1><c2>0, 1, 0</c2><c3>0, 0, 1</c3></rotation></pose><symmetry><x>twoFold</x><y>cylindrical</y><z>twoFold</z></symmetry><detectionScore>-1.0</detectionScore></element><element><id>34</id><category>ottoman</category><bounds><corner1>-0.7301368102119392, -0.3551127328235719, -0.31149290316573985</corner1><corner2>0.7301368102119392, 0.3551127328235719, 0.31149290316573985</corner2></bounds><pose><translation>-3.299924363809231, -1.510176030548122, 2.183813440474498</translation><rotation><c1>1, 0, 0</c1><c2>0, 1, 0</c2><c3>0, 0, 1</c3></rotation></pose><symmetry><x>twoFold</x><y>cylindrical</y><z>twoFold</z></symmetry><detectionScore>-1.0</detectionScore></element><element><id>35</id><category>chair</category><bounds><corner1>-0.4984371864455066, -0.5824782612540889, -0.29287844119780293</corner1><corner2>0.4984371864455066, 0.5824782612540889, 0.29287844119780293</corner2></bounds><pose><translation>2.4812134055400685, -1.6617855810412987, -0.9589692301384862</translation><rotation><c1>1, 0, 0</c1><c2>0, 1, 0</c2><c3>0, 0, 1</c3></rotation></pose><symmetry><x>twoFold</x><y>cylindrical</y><z>twoFold</z></symmetry><detectionScore>-1.0</detectionScore></element><element><id>36</id><category>table_and_chair</category><bounds><corner1>-2.085723788532617, -0.82284482983524, -1.0932806271515851</corner1><corner2>2.085723788532617, 0.82284482983524, 1.0932806271515851</corner2></bounds><pose><translation>3.2938189667298565, -1.2041154943421681, 0.4972194986434386</translation><rotation><c1>1, 0, 0</c1><c2>0, 1, 0</c2><c3>0, 0, 1</c3></rotation></pose><symmetry><x>twoFold</x><y>cylindrical</y><z>twoFold</z></symmetry><detectionScore>-1.0</detectionScore></element><element><id>37</id><category>dresser</category><bounds><corner1>-1.240032547040065, -0.4329329955902078, -0.34038190726199424</corner1><corner2>1.240032547040065, 0.4329329955902078, 0.34038190726199424</corner2></bounds><pose><translation>-0.2880108179639219, -0.7371497309274739, -1.5811132799245153</translation><rotation><c1>1, 0, 0</c1><c2>0, 1, 0</c2><c3>0, 0, 1</c3></rotation></pose><symmetry><x>twoFold</x><y>cylindrical</y><z>twoFold</z></symmetry><detectionScore>-1.0</detectionScore></element><element><id>38</id><category>chair</category><bounds><corner1>-1.367097455193639, -0.8444186699563975, -0.4672141872139186</corner1><corner2>1.367097455193639, 0.8444186699563975, 0.4672141872139186</corner2></bounds><pose><translation>2.079810409681609, -1.6883040170881711, -1.0354426203209068</translation><rotation><c1>1, 0, 0</c1><c2>0, 1, 0</c2><c3>0, 0, 1</c3></rotation></pose><symmetry><x>twoFold</x><y>cylindrical</y><z>twoFold</z></symmetry><detectionScore>-1.0</detectionScore></element><element><id>39</id><category>wall</category><bounds><corner1>-3.615611759283099, -1.3635177621472867, -4.141548968383556</corner1><corner2>3.615611759283099, 1.3635177621472867, 4.141548968383556</corner2></bounds><pose><translation>-7.131287877843215, -0.0555594784374818, -1.7967499935012479</translation><rotation><c1>1, 0, 0</c1><c2>0, 1, 0</c2><c3>0, 0, 1</c3></rotation></pose><symmetry><x>twoFold</x><y>cylindrical</y><z>twoFold</z></symmetry><detectionScore>-1.0</detectionScore></element><element><id>40</id><category>plant</category><bounds><corner1>-1.4399261344859702, -0.703153845897108, -0.2704500048479792</corner1><corner2>1.4399261344859702, 0.703153845897108, 0.2704500048479792</corner2></bounds><pose><translation>2.3417679072802957, -1.012083497300489, 1.3891377324912233</translation><rotation><c1>1, 0, 0</c1><c2>0, 1, 0</c2><c3>0, 0, 1</c3></rotation></pose><symmetry><x>twoFold</x><y>cylindrical</y><z>twoFold</z></symmetry><detectionScore>-1.0</detectionScore></element><element><id>41</id><category>pillow</category><bounds><corner1>-0.7043394044701863, -0.3324141250443444, -0.3129179395896511</corner1><corner2>0.7043394044701863, 0.3324141250443444, 0.3129179395896511</corner2></bounds><pose><translation>-3.2817231098349295, -1.5092158971910625, 2.1814529015684694</translation><rotation><c1>1, 0, 0</c1><c2>0, 1, 0</c2><c3>0, 0, 1</c3></rotation></pose><symmetry><x>twoFold</x><y>cylindrical</y><z>twoFold</z></symmetry><detectionScore>-1.0</detectionScore></element><element><id>42</id><category>wall</category><bounds><corner1>-0.6505395814603989, -1.3334783713950122, -0.3438450643641855</corner1><corner2>0.6505395814603989, 1.3334783713950122, 0.3438450643641855</corner2></bounds><pose><translation>-0.3721183152290562, 0.042817847132786954, -1.9294335533705227</translation><rotation><c1>1, 0, 0</c1><c2>0, 1, 0</c2><c3>0, 0, 1</c3></rotation></pose><symmetry><x>twoFold</x><y>cylindrical</y><z>twoFold</z></symmetry><detectionScore>-1.0</detectionScore></element><element><id>43</id><category>sofa</category><bounds><corner1>-0.7138567964553966, -0.8353228132833762, -1.062746275757492</corner1><corner2>0.7138567964553966, 0.8353228132833762, 1.062746275757492</corner2></bounds><pose><translation>-4.445324551875677, -1.1304877431554883, -1.1141692936504457</translation><rotation><c1>1, 0, 0</c1><c2>0, 1, 0</c2><c3>0, 0, 1</c3></rotation></pose><symmetry><x>twoFold</x><y>cylindrical</y><z>twoFold</z></symmetry><detectionScore>-1.0</detectionScore></element><element><id>44</id><category>ottoman</category><bounds><corner1>-0.2998767469585658, -0.34936356585715744, -1.3648125313261938</corner1><corner2>0.2998767469585658, 0.34936356585715744, 1.3648125313261938</corner2></bounds><pose><translation>-0.6534207285882185, -0.7782150346284749, 1.2242256220181922</translation><rotation><c1>1, 0, 0</c1><c2>0, 1, 0</c2><c3>0, 0, 1</c3></rotation></pose><symmetry><x>twoFold</x><y>cylindrical</y><z>twoFold</z></symmetry><detectionScore>-1.0</detectionScore></element><element><id>45</id><category>plant</category><bounds><corner1>-0.23727102439077363, -0.6671466422118195, -0.4707479233236819</corner1><corner2>0.23727102439077363, 0.6671466422118195, 0.4707479233236819</corner2></bounds><pose><translation>5.154875734478364, -0.692287883721208, 0.40634835161251687</translation><rotation><c1>1, 0, 0</c1><c2>0, 1, 0</c2><c3>0, 0, 1</c3></rotation></pose><symmetry><x>twoFold</x><y>cylindrical</y><z>twoFold</z></symmetry><detectionScore>-1.0</detectionScore></element><element><id>46</id><category>kitchen_cabinet</category><bounds><corner1>-0.6180053879614915, -0.7824019497086606, -0.1324088876960916</corner1><corner2>0.6180053879614915, 0.7824019497086606, 0.1324088876960916</corner2></bounds><pose><translation>2.2356246402719866, -0.7530586828298579, -3.58496683329858</translation><rotation><c1>1, 0, 0</c1><c2>0, 1, 0</c2><c3>0, 0, 1</c3></rotation></pose><symmetry><x>twoFold</x><y>cylindrical</y><z>twoFold</z></symmetry><detectionScore>-1.0</detectionScore></element><element><id>47</id><category>floor_lamp</category><bounds><corner1>-3.788548789065743, -1.3122169593167845, -3.419751404104936</corner1><corner2>3.788548789065743, 1.3122169593167845, 3.419751404104936</corner2></bounds><pose><translation>-5.331633786667266, -0.8448489236486758, -4.9299875208706405</translation><rotation><c1>1, 0, 0</c1><c2>0, 1, 0</c2><c3>0, 0, 1</c3></rotation></pose><symmetry><x>twoFold</x><y>cylindrical</y><z>twoFold</z></symmetry><detectionScore>-1.0</detectionScore></element><element><id>48</id><category>window</category><bounds><corner1>-0.8701720881250694, -1.0051969349327345, -1.1395645474286547</corner1><corner2>0.8701720881250694, 1.0051969349327345, 1.1395645474286547</corner2></bounds><pose><translation>-0.8701720881250694, 0.0033264810024092096, -1.1395645474286547</translation><rotation><c1>1, 0, 0</c1><c2>0, 1, 0</c2><c3>0, 0, 1</c3></rotation></pose><symmetry><x>twoFold</x><y>cylindrical</y><z>twoFold</z></symmetry><detectionScore>-1.0</detectionScore></element></elements></scene>