<?xml version='1.0' encoding='utf-8'?>
<scene xmlns:sumo="https://www.sumochallenge.org"><version>2.0</version><categories><id>fb_categories_v1_0</id><url>https://sumochallenge.org/en/categories-1_0.json</url></categories><project_type>bounding_box</project_type><elements><element><id>0</id><category>armchair</category><bounds><corner1>-0.42115681750962075, -2.8215101295559086, -0.10562302911998267</corner1><corner2>0.42115681750962075, 2.8215101295559086, 0.10562302911998267</corner2></bounds><pose><translation>-2.4654936194104, 3.593270909225129, -0.7474155045342411</translation><rotation><c1>0, 0, 0</c1><c2>0, 0, 0</c2><c3>0, 0, 0</c3></rotation></pose><symmetry><x>twoFold</x><y>cylindrical</y><z>twoFold</z></symmetry><detectionScore>-1.0</detectionScore></element><element><id>1</id><category>armchair</category><bounds><corner1>-0.5762953429497109, -4.618059635577856, -0.16295976762604525</corner1><corner2>0.5762953429497109, 4.618059635577856, 0.16295976762604525</corner2></bounds><pose><translation>-2.560270571161582, 3.4746958694024594, -0.7501045138366502</translation><rotation><c1>0, 0, 0</c1><c2>0, 0, 0</c2><c3>0, 0, 0</c3></rotation></pose><symmetry><x>twoFold</x><y>cylindrical</y><z>twoFold</z></symmetry><detectionScore>-1.0</detectionScore></element><element><id>2</id><category>armchair</category><bounds><corner1>-0.7167644564832278, -4.1847093467966685, -0.254026863987981</corner1><corner2>0.7167644564832278, 4.1847093467966685, 0.254026863987981</corner2></bounds><pose><translation>-0.4089624103181714, 1.8149542473101112, -1.0360325607040626</translation><rotation><c1>0, 0, 0</c1><c2>0, 0, 0</c2><c3>0, 0, 0</c3></rotation></pose><symmetry><x>twoFold</x><y>cylindrical</y><z>twoFold</z></symmetry><detectionScore>-1.0</detectionScore></element><element><id>3</id><category>armchair</category><bounds><corner1>-0.8528001930506379, -5.701474599558729, -0.22941270291045812</corner1><corner2>0.8528001930506379, 5.701474599558729, 0.22941270291045812</corner2></bounds><pose><translation>-1.5503593540089917, 2.3048419638992796, -0.8916890488287279</translation><rotation><c1>0, 0, 0</c1><c2>0, 0, 0</c2><c3>0, 0, 0</c3></rotation></pose><symmetry><x>twoFold</x><y>cylindrical</y><z>twoFold</z></symmetry><detectionScore>-1.0</detectionScore></element><element><id>4</id><category>sofa</category><bounds><corner1>-2.108603804783178, -1.350470835980896, -0.4071543929302248</corner1><corner2>2.108603804783178, 1.350470835980896, 0.4071543929302248</corner2></bounds><pose><translation>-3.5722673681261705, 1.248154586068041, -0.7033811431157527</translation><rotation><c1>0, 0, 0</c1><c2>0, 0, 0</c2><c3>0, 0, 0</c3></rotation></pose><symmetry><x>twoFold</x><y>cylindrical</y><z>twoFold</z></symmetry><detectionScore>-1.0</detectionScore></element><element><id>5</id><category>sofa</category><bounds><corner1>-1.1183591074287949, -4.095143101452272, -0.2635812611344338</corner1><corner2>1.1183591074287949, 4.095143101452272, 0.2635812611344338</corner2></bounds><pose><translation>-0.4168654511823191, 1.8573977197580591, -1.0479912019419368</translation><rotation><c1>0, 0, 0</c1><c2>0, 0, 0</c2><c3>0, 0, 0</c3></rotation></pose><symmetry><x>twoFold</x><y>cylindrical</y><z>twoFold</z></symmetry><detectionScore>-1.0</detectionScore></element><element><id>6</id><category>wall</category><bounds><corner1>-2.0771153325564375, -0.17706301202697983, -1.2942628223740675</corner1><corner2>2.0771153325564375, 0.17706301202697983, 1.2942628223740675</corner2></bounds><pose><translation>-6.338305355190003, 7.962769104525706, -0.038811393809721345</translation><rotation><c1>0, 0, 0</c1><c2>0, 0, 0</c2><c3>0, 0, 0</c3></rotation></pose><symmetry><x>twoFold</x><y>cylindrical</y><z>twoFold</z></symmetry><detectionScore>-1.0</detectionScore></element><element><id>7</id><category>person</category><bounds><corner1>-2.360654511396925, -1.3426470192136453, -0.503649455113255</corner1><corner2>2.360654511396925, 1.3426470192136453, 0.503649455113255</corner2></bounds><pose><translation>-3.9015649996060886, 1.759719331701496, -0.6903913743700387</translation><rotation><c1>0, 0, 0</c1><c2>0, 0, 0</c2><c3>0, 0, 0</c3></rotation></pose><symmetry><x>twoFold</x><y>cylindrical</y><z>twoFold</z></symmetry><detectionScore>-1.0</detectionScore></element><element><id>8</id><category>sofa</category><bounds><corner1>-0.14744264911572813, -0.8460203599606484, -0.35421798353152784</corner1><corner2>0.14744264911572813, 0.8460203599606484, 0.35421798353152784</corner2></bounds><pose><translation>-2.115734019680019, -1.170306700887406, -0.7783871010992343</translation><rotation><c1>0, 0, 0</c1><c2>0, 0, 0</c2><c3>0, 0, 0</c3></rotation></pose><symmetry><x>twoFold</x><y>cylindrical</y><z>twoFold</z></symmetry><detectionScore>-1.0</detectionScore></element><element><id>9</id><category>person</category><bounds><corner1>-0.9230973319392994, -5.650426281085904, -0.2649767943247182</corner1><corner2>0.9230973319392994, 5.650426281085904, 0.2649767943247182</corner2></bounds><pose><translation>-0.48669341935905813, 2.5245151136350823, -1.0454705306155094</translation><rotation><c1>0, 0, 0</c1><c2>0, 0, 0</c2><c3>0, 0, 0</c3></rotation></pose><symmetry><x>twoFold</x><y>cylindrical</y><z>twoFold</z></symmetry><detectionScore>-1.0</detectionScore></element><element><id>10</id><category>floor_lamp</category><bounds><corner1>-0.22068371207520987, -1.4579051454109304, -0.5754059733761443</corner1><corner2>0.22068371207520987, 1.4579051454109304, 0.5754059733761443</corner2></bounds><pose><translation>-1.6628455504241058, 0.17480178320545736, -0.8692268319787694</translation><rotation><c1>0, 0, 0</c1><c2>0, 0, 0</c2><c3>0, 0, 0</c3></rotation></pose><symmetry><x>twoFold</x><y>cylindrical</y><z>twoFold</z></symmetry><detectionScore>-1.0</detectionScore></element><element><id>11</id><category>chair</category><bounds><corner1>-0.10861254022415023, -0.1536889163923001, -0.16542619987664198</corner1><corner2>0.10861254022415023, 0.1536889163923001, 0.16542619987664198</corner2></bounds><pose><translation>-2.1299503905226893, -1.0511040194084897, -0.7844648666448225</translation><rotation><c1>0, 0, 0</c1><c2>0, 0, 0</c2><c3>0, 0, 0</c3></rotation></pose><symmetry><x>twoFold</x><y>cylindrical</y><z>twoFold</z></symmetry><detectionScore>-1.0</detectionScore></element><element><id>12</id><category>floor_lamp</category><bounds><corner1>-1.6231642712936805, -0.25426438246751104, -1.8833461933733375</corner1><corner2>1.6231642712936805, 0.25426438246751104, 1.8833461933733375</corner2></bounds><pose><translation>-2.8074340817115955, 7.956582967065016, -0.6083794690884432</translation><rotation><c1>0, 0, 0</c1><c2>0, 0, 0</c2><c3>0, 0, 0</c3></rotation></pose><symmetry><x>twoFold</x><y>cylindrical</y><z>twoFold</z></symmetry><detectionScore>-1.0</detectionScore></element><element><id>13</id><category>sofa</category><bounds><corner1>-0.7404375140944148, -4.5894066395796465, -0.19177782579718916</corner1><corner2>0.7404375140944148, 4.5894066395796465, 0.19177782579718916</corner2></bounds><pose><translation>-2.7329973466043667, 3.5070382180942983, -0.7476898989683178</translation><rotation><c1>0, 0, 0</c1><c2>0, 0, 0</c2><c3>0, 0, 0</c3></rotation></pose><symmetry><x>twoFold</x><y>cylindrical</y><z>twoFold</z></symmetry><detectionScore>-1.0</detectionScore></element><element><id>14</id><category>table_lamp</category><bounds><corner1>-0.27901060392345545, -0.8306680818130948, -0.5262051088253727</corner1><corner2>0.27901060392345545, 0.8306680818130948, 0.5262051088253727</corner2></bounds><pose><translation>-1.71982522146263, 0.13711354121484132, -0.8230087754889723</translation><rotation><c1>0, 0, 0</c1><c2>0, 0, 0</c2><c3>0, 0, 0</c3></rotation></pose><symmetry><x>twoFold</x><y>cylindrical</y><z>twoFold</z></symmetry><detectionScore>-1.0</detectionScore></element><element><id>15</id><category>wall</category><bounds><corner1>-4.03936475250254, -0.19329732829440438, -1.329086843206831</corner1><corner2>4.03936475250254, 0.19329732829440438, 1.329086843206831</corner2></bounds><pose><translation>-3.2733518012030727, 8.041464744672219, -0.05504190613271346</translation><rotation><c1>0, 0, 0</c1><c2>0, 0, 0</c2><c3>0, 0, 0</c3></rotation></pose><symmetry><x>twoFold</x><y>cylindrical</y><z>twoFold</z></symmetry><detectionScore>-1.0</detectionScore></element><element><id>16</id><category>wall</category><bounds><corner1>-5.212315152090076, -4.618985868525225, -1.3956953444161062</corner1><corner2>5.212315152090076, 4.618985868525225, 1.3956953444161062</corner2></bounds><pose><translation>-6.872054600171684, 0.8783797395972117, -0.127684461151109</translation><rotation><c1>0, 0, 0</c1><c2>0, 0, 0</c2><c3>0, 0, 0</c3></rotation></pose><symmetry><x>twoFold</x><y>cylindrical</y><z>twoFold</z></symmetry><detectionScore>-1.0</detectionScore></element><element><id>17</id><category>floor_lamp</category><bounds><corner1>-2.1275061497977896, -0.24738161581469598, -1.2004945516733527</corner1><corner2>2.1275061497977896, 0.24738161581469598, 1.2004945516733527</corner2></bounds><pose><translation>-4.11816016156993, 7.939917917644543, -0.6755064132715222</translation><rotation><c1>0, 0, 0</c1><c2>0, 0, 0</c2><c3>0, 0, 0</c3></rotation></pose><symmetry><x>twoFold</x><y>cylindrical</y><z>twoFold</z></symmetry><detectionScore>-1.0</detectionScore></element><element><id>18</id><category>person</category><bounds><corner1>-1.0194843915598752, -4.777382824319108, -0.20613056962337561</corner1><corner2>1.0194843915598752, 4.777382824319108, 0.20613056962337561</corner2></bounds><pose><translation>-2.0942895803426675, 3.3367410036869973, -0.8075762251003905</translation><rotation><c1>0, 0, 0</c1><c2>0, 0, 0</c2><c3>0, 0, 0</c3></rotation></pose><symmetry><x>twoFold</x><y>cylindrical</y><z>twoFold</z></symmetry><detectionScore>-1.0</detectionScore></element><element><id>19</id><category>armchair</category><bounds><corner1>-0.10861254022415023, -0.1536889163923001, -0.16542619987664198</corner1><corner2>0.10861254022415023, 0.1536889163923001, 0.16542619987664198</corner2></bounds><pose><translation>-2.1299503905226893, -1.0511040194084897, -0.7844648666448225</translation><rotation><c1>0, 0, 0</c1><c2>0, 0, 0</c2><c3>0, 0, 0</c3></rotation></pose><symmetry><x>twoFold</x><y>cylindrical</y><z>twoFold</z></symmetry><detectionScore>-1.0</detectionScore></element><element><id>20</id><category>armchair</category><bounds><corner1>-0.2679114021642417, -0.8231568167249603, -0.5565368262827529</corner1><corner2>0.2679114021642417, 0.8231568167249603, 0.5565368262827529</corner2></bounds><pose><translation>-1.7085451269512952, 0.16489681789027683, -0.8661278702719866</translation><rotation><c1>0, 0, 0</c1><c2>0, 0, 0</c2><c3>0, 0, 0</c3></rotation></pose><symmetry><x>twoFold</x><y>cylindrical</y><z>twoFold</z></symmetry><detectionScore>-1.0</detectionScore></element><element><id>21</id><category>shelving</category><bounds><corner1>-1.5964515771234788, -3.6206254407330736, -0.8315656362549272</corner1><corner2>1.5964515771234788, 3.6206254407330736, 0.8315656362549272</corner2></bounds><pose><translation>-3.718617858667274, 2.540879880349534, -0.5311758748375681</translation><rotation><c1>0, 0, 0</c1><c2>0, 0, 0</c2><c3>0, 0, 0</c3></rotation></pose><symmetry><x>twoFold</x><y>cylindrical</y><z>twoFold</z></symmetry><detectionScore>-1.0</detectionScore></element><element><id>22</id><category>armchair</category><bounds><corner1>-0.3414404402900335, -1.6520440403793266, -0.6631670240738858</corner1><corner2>0.3414404402900335, 1.6520440403793266, 0.6631670240738858</corner2></bounds><pose><translation>-1.7506000912864748, 0.5154056912164711, -1.0760194588387657</translation><rotation><c1>0, 0, 0</c1><c2>0, 0, 0</c2><c3>0, 0, 0</c3></rotation></pose><symmetry><x>twoFold</x><y>cylindrical</y><z>twoFold</z></symmetry><detectionScore>-1.0</detectionScore></element><element><id>23</id><category>armchair</category><bounds><corner1>-0.12740084787622896, -0.6271934699698376, -0.23891092977667772</corner1><corner2>0.12740084787622896, 0.6271934699698376, 0.23891092977667772</corner2></bounds><pose><translation>-2.0769203253573525, -1.0627577666452384, -0.8299959925826318</translation><rotation><c1>0, 0, 0</c1><c2>0, 0, 0</c2><c3>0, 0, 0</c3></rotation></pose><symmetry><x>twoFold</x><y>cylindrical</y><z>twoFold</z></symmetry><detectionScore>-1.0</detectionScore></element><element><id>24</id><category>sofa</category><bounds><corner1>-0.8869666811991452, -5.2725043010616, -0.23911967721276195</corner1><corner2>0.8869666811991452, 5.2725043010616, 0.23911967721276195</corner2></bounds><pose><translation>-1.5601999959997361, 2.7936466041238073, -0.9022836142869304</translation><rotation><c1>0, 0, 0</c1><c2>0, 0, 0</c2><c3>0, 0, 0</c3></rotation></pose><symmetry><x>twoFold</x><y>cylindrical</y><z>twoFold</z></symmetry><detectionScore>-1.0</detectionScore></element><element><id>25</id><category>wall</category><bounds><corner1>-1.9489085554617174, -2.506535362135869, -1.447366688330512</corner1><corner2>1.9489085554617174, 2.506535362135869, 1.447366688330512</corner2></bounds><pose><translation>-1.132912378839331, -4.419987268813456, -0.10904115313116716</translation><rotation><c1>0, 0, 0</c1><c2>0, 0, 0</c2><c3>0, 0, 0</c3></rotation></pose><symmetry><x>twoFold</x><y>cylindrical</y><z>twoFold</z></symmetry><detectionScore>-1.0</detectionScore></element><element><id>26</id><category>coffee_table</category><bounds><corner1>-1.1362665991754273, -4.822824703675803, -0.21212658017485897</corner1><corner2>1.1362665991754273, 4.822824703675803, 0.21212658017485897</corner2></bounds><pose><translation>-1.8984984740258746, 3.2320910244578207, -0.8704981373014118</translation><rotation><c1>0, 0, 0</c1><c2>0, 0, 0</c2><c3>0, 0, 0</c3></rotation></pose><symmetry><x>twoFold</x><y>cylindrical</y><z>twoFold</z></symmetry><detectionScore>-1.0</detectionScore></element><element><id>27</id><category>tv_stand</category><bounds><corner1>-1.697742789416878, -3.670301499842524, -1.0306130359765044</corner1><corner2>1.697742789416878, 3.670301499842524, 1.0306130359765044</corner2></bounds><pose><translation>-3.814139381467578, 2.890752626680256, -0.4889126722669364</translation><rotation><c1>0, 0, 0</c1><c2>0, 0, 0</c2><c3>0, 0, 0</c3></rotation></pose><symmetry><x>twoFold</x><y>cylindrical</y><z>twoFold</z></symmetry><detectionScore>-1.0</detectionScore></element><element><id>28</id><category>armchair</category><bounds><corner1>-0.6058518756086697, -0.5345740583183491, -0.5136396058959598</corner1><corner2>0.6058518756086697, 0.5345740583183491, 0.5136396058959598</corner2></bounds><pose><translation>-2.0649979188885457, -0.43199164416306035, -0.8160605777454073</translation><rotation><c1>0, 0, 0</c1><c2>0, 0, 0</c2><c3>0, 0, 0</c3></rotation></pose><symmetry><x>twoFold</x><y>cylindrical</y><z>twoFold</z></symmetry><detectionScore>-1.0</detectionScore></element></elements></scene>