<?xml version='1.0' encoding='utf-8'?>
<scene xmlns:sumo="https://www.sumochallenge.org"><version>2.0</version><categories><id>fb_categories_v1_0</id><url>https://sumochallenge.org/en/categories-1_0.json</url></categories><project_type>bounding_box</project_type><elements><element><id>0</id><category>ottoman</category><bounds><corner1>-0.1288197715838919, -1.180167658045796, -0.40381328398169214</corner1><corner2>0.1288197715838919, 1.180167658045796, 0.40381328398169214</corner2></bounds><pose><translation>-2.614132357244292, 1.7266715945344906, -1.338669157245208</translation><rotation><c1>0, 0, 0</c1><c2>0, 0, 0</c2><c3>0, 0, 0</c3></rotation></pose><symmetry><x>twoFold</x><y>cylindrical</y><z>twoFold</z></symmetry><detectionScore>-1.0</detectionScore></element><element><id>1</id><category>table_and_chair</category><bounds><corner1>-0.7802135121324749, -2.1187782999744855, -0.7337783705534945</corner1><corner2>0.7802135121324749, 2.1187782999744855, 0.7337783705534945</corner2></bounds><pose><translation>-1.1476999947341668, 3.7775509179945446, -1.2423907887780135</translation><rotation><c1>0, 0, 0</c1><c2>0, 0, 0</c2><c3>0, 0, 0</c3></rotation></pose><symmetry><x>twoFold</x><y>cylindrical</y><z>twoFold</z></symmetry><detectionScore>-1.0</detectionScore></element><element><id>2</id><category>chandelier</category><bounds><corner1>-1.1385823842348528, -0.4166280854685813, -0.042305804873951525</corner1><corner2>1.1385823842348528, 0.4166280854685813, 0.042305804873951525</corner2></bounds><pose><translation>-3.5211806680473474, 1.3998553734390058, 1.3509501554469536</translation><rotation><c1>0, 0, 0</c1><c2>0, 0, 0</c2><c3>0, 0, 0</c3></rotation></pose><symmetry><x>twoFold</x><y>cylindrical</y><z>twoFold</z></symmetry><detectionScore>-1.0</detectionScore></element><element><id>3</id><category>vase</category><bounds><corner1>-0.5428019477079582, -0.1719210348364354, -0.4496643419874139</corner1><corner2>0.5428019477079582, 0.1719210348364354, 0.4496643419874139</corner2></bounds><pose><translation>1.3841643552684824, 0.8230088535534366, -0.3954029658950888</translation><rotation><c1>0, 0, 0</c1><c2>0, 0, 0</c2><c3>0, 0, 0</c3></rotation></pose><symmetry><x>twoFold</x><y>cylindrical</y><z>twoFold</z></symmetry><detectionScore>-1.0</detectionScore></element><element><id>4</id><category>hanging_kitchen_cabinet</category><bounds><corner1>-1.273699087392146, -0.2502537194382124, -0.632235005816119</corner1><corner2>1.273699087392146, 0.2502537194382124, 0.632235005816119</corner2></bounds><pose><translation>-3.5103825201438763, -1.2580854306098295, 0.39454232452977694</translation><rotation><c1>0, 0, 0</c1><c2>0, 0, 0</c2><c3>0, 0, 0</c3></rotation></pose><symmetry><x>twoFold</x><y>cylindrical</y><z>twoFold</z></symmetry><detectionScore>-1.0</detectionScore></element><element><id>5</id><category>chandelier</category><bounds><corner1>-0.16154665285177083, -0.15323900550810324, -0.0319258055737508</corner1><corner2>0.16154665285177083, 0.15323900550810324, 0.0319258055737508</corner2></bounds><pose><translation>-2.099136573090586, -0.20361149136964046, 1.1207204908089574</translation><rotation><c1>0, 0, 0</c1><c2>0, 0, 0</c2><c3>0, 0, 0</c3></rotation></pose><symmetry><x>twoFold</x><y>cylindrical</y><z>twoFold</z></symmetry><detectionScore>-1.0</detectionScore></element><element><id>6</id><category>wall</category><bounds><corner1>-2.482969602145539, -1.7660509314587136, -1.4032827240258547</corner1><corner2>2.482969602145539, 1.7660509314587136, 1.4032827240258547</corner2></bounds><pose><translation>-5.012353334333612, 2.832892238189105, -0.1195708039611684</translation><rotation><c1>0, 0, 0</c1><c2>0, 0, 0</c2><c3>0, 0, 0</c3></rotation></pose><symmetry><x>twoFold</x><y>cylindrical</y><z>twoFold</z></symmetry><detectionScore>-1.0</detectionScore></element><element><id>7</id><category>mirror</category><bounds><corner1>-0.44473528249835326, -0.5209145253106899, -0.7278375757926804</corner1><corner2>0.44473528249835326, 0.5209145253106899, 0.7278375757926804</corner2></bounds><pose><translation>1.3028734743001538, -1.9501702213847816, 0.1411605275530361</translation><rotation><c1>0, 0, 0</c1><c2>0, 0, 0</c2><c3>0, 0, 0</c3></rotation></pose><symmetry><x>twoFold</x><y>cylindrical</y><z>twoFold</z></symmetry><detectionScore>-1.0</detectionScore></element><element><id>8</id><category>door</category><bounds><corner1>-0.08488498591287086, -0.7184583812292797, -1.2033211586294585</corner1><corner2>0.08488498591287086, 0.7184583812292797, 1.2033211586294585</corner2></bounds><pose><translation>1.9804316089653733, -0.44721618335947383, -0.1187379398363512</translation><rotation><c1>0, 0, 0</c1><c2>0, 0, 0</c2><c3>0, 0, 0</c3></rotation></pose><symmetry><x>twoFold</x><y>cylindrical</y><z>twoFold</z></symmetry><detectionScore>-1.0</detectionScore></element><element><id>9</id><category>television</category><bounds><corner1>-0.8179597938526872, -0.12848572838144268, -0.570157701582887</corner1><corner2>0.8179597938526872, 0.12848572838144268, 0.570157701582887</corner2></bounds><pose><translation>-3.5851865857717193, 4.621905470437472, 0.03166573364569794</translation><rotation><c1>0, 0, 0</c1><c2>0, 0, 0</c2><c3>0, 0, 0</c3></rotation></pose><symmetry><x>twoFold</x><y>cylindrical</y><z>twoFold</z></symmetry><detectionScore>-1.0</detectionScore></element><element><id>10</id><category>kitchen_cabinet</category><bounds><corner1>-0.875860398024245, -0.39913230416408774, -0.7037083265170214</corner1><corner2>0.875860398024245, 0.39913230416408774, 0.7037083265170214</corner2></bounds><pose><translation>-3.2092525056544385, -1.146310680739431, -1.0792450682424437</translation><rotation><c1>0, 0, 0</c1><c2>0, 0, 0</c2><c3>0, 0, 0</c3></rotation></pose><symmetry><x>twoFold</x><y>cylindrical</y><z>twoFold</z></symmetry><detectionScore>-1.0</detectionScore></element><element><id>11</id><category>armchair</category><bounds><corner1>-0.10658520061903864, -2.3568878143692182, -0.7257365963374159</corner1><corner2>0.10658520061903864, 2.3568878143692182, 0.7257365963374159</corner2></bounds><pose><translation>-2.5827322581442718, 1.4434921248940173, -1.261860933359362</translation><rotation><c1>0, 0, 0</c1><c2>0, 0, 0</c2><c3>0, 0, 0</c3></rotation></pose><symmetry><x>twoFold</x><y>cylindrical</y><z>twoFold</z></symmetry><detectionScore>-1.0</detectionScore></element><element><id>12</id><category>kitchen_cabinet</category><bounds><corner1>-0.5734268470237001, -0.18308271125249753, -0.3003768976679877</corner1><corner2>0.5734268470237001, 0.18308271125249753, 0.3003768976679877</corner2></bounds><pose><translation>-3.286354553345296, 4.324902427392173, -1.4791894512840145</translation><rotation><c1>0, 0, 0</c1><c2>0, 0, 0</c2><c3>0, 0, 0</c3></rotation></pose><symmetry><x>twoFold</x><y>cylindrical</y><z>twoFold</z></symmetry><detectionScore>-1.0</detectionScore></element><element><id>13</id><category>refrigerator</category><bounds><corner1>-0.4432726269467395, -0.12417870365195838, -0.9123338274503175</corner1><corner2>0.4432726269467395, 0.12417870365195838, 0.9123338274503175</corner2></bounds><pose><translation>-1.880871393175511, -1.2597800469419917, -0.3544818677961318</translation><rotation><c1>0, 0, 0</c1><c2>0, 0, 0</c2><c3>0, 0, 0</c3></rotation></pose><symmetry><x>twoFold</x><y>cylindrical</y><z>twoFold</z></symmetry><detectionScore>-1.0</detectionScore></element><element><id>14</id><category>wall</category><bounds><corner1>-1.3314225647633762, -0.1268043201409501, -1.2775997913813781</corner1><corner2>1.3314225647633762, 0.1268043201409501, 1.2775997913813781</corner2></bounds><pose><translation>-0.8731556351566889, 5.849617577655758, -0.017096945114489046</translation><rotation><c1>0, 0, 0</c1><c2>0, 0, 0</c2><c3>0, 0, 0</c3></rotation></pose><symmetry><x>twoFold</x><y>cylindrical</y><z>twoFold</z></symmetry><detectionScore>-1.0</detectionScore></element><element><id>15</id><category>window</category><bounds><corner1>-2.4866257607403495, -1.2324392772343726, -0.962488842450712</corner1><corner2>2.4866257607403495, 1.2324392772343726, 0.962488842450712</corner2></bounds><pose><translation>-5.069089264341608, 2.6672252458807013, 0.034635600742426935</translation><rotation><c1>0, 0, 0</c1><c2>0, 0, 0</c2><c3>0, 0, 0</c3></rotation></pose><symmetry><x>twoFold</x><y>cylindrical</y><z>twoFold</z></symmetry><detectionScore>-1.0</detectionScore></element><element><id>16</id><category>chandelier</category><bounds><corner1>-0.12728173379187946, -0.14738284122194045, -0.036137859111187165</corner1><corner2>0.12728173379187946, 0.14738284122194045, 0.036137859111187165</corner2></bounds><pose><translation>-1.1982855220506674, 1.6780426626800122, 1.476681513741369</translation><rotation><c1>0, 0, 0</c1><c2>0, 0, 0</c2><c3>0, 0, 0</c3></rotation></pose><symmetry><x>twoFold</x><y>cylindrical</y><z>twoFold</z></symmetry><detectionScore>-1.0</detectionScore></element><element><id>17</id><category>chandelier</category><bounds><corner1>-1.2707666953333154, -0.5006073484638198, -0.049958334091425805</corner1><corner2>1.2707666953333154, 0.5006073484638198, 0.049958334091425805</corner2></bounds><pose><translation>-3.796237010730306, 1.3317458120046597, 1.3307491248233891</translation><rotation><c1>0, 0, 0</c1><c2>0, 0, 0</c2><c3>0, 0, 0</c3></rotation></pose><symmetry><x>twoFold</x><y>cylindrical</y><z>twoFold</z></symmetry><detectionScore>-1.0</detectionScore></element><element><id>18</id><category>door</category><bounds><corner1>-1.1023922615100867, -0.08498023756946127, -0.9649202913428261</corner1><corner2>1.1023922615100867, 0.08498023756946127, 0.9649202913428261</corner2></bounds><pose><translation>-0.06627429882491795, -1.4481595799789306, -0.19797179088511402</translation><rotation><c1>0, 0, 0</c1><c2>0, 0, 0</c2><c3>0, 0, 0</c3></rotation></pose><symmetry><x>twoFold</x><y>cylindrical</y><z>twoFold</z></symmetry><detectionScore>-1.0</detectionScore></element><element><id>19</id><category>sofa</category><bounds><corner1>-0.12381825941592917, -2.546889409727123, -0.7672924576629947</corner1><corner2>0.12381825941592917, 2.546889409727123, 0.7672924576629947</corner2></bounds><pose><translation>-2.6049416489354984, 1.186116662833522, -1.2219519572156081</translation><rotation><c1>0, 0, 0</c1><c2>0, 0, 0</c2><c3>0, 0, 0</c3></rotation></pose><symmetry><x>twoFold</x><y>cylindrical</y><z>twoFold</z></symmetry><detectionScore>-1.0</detectionScore></element><element><id>20</id><category>wall</category><bounds><corner1>-2.3215539681527417, -1.1548059219247149, -1.07467599991236</corner1><corner2>2.3215539681527417, 1.1548059219247149, 1.07467599991236</corner2></bounds><pose><translation>-8.25709505654848, -0.40890557382073683, -0.12319321682414044</translation><rotation><c1>0, 0, 0</c1><c2>0, 0, 0</c2><c3>0, 0, 0</c3></rotation></pose><symmetry><x>twoFold</x><y>cylindrical</y><z>twoFold</z></symmetry><detectionScore>-1.0</detectionScore></element><element><id>21</id><category>armchair</category><bounds><corner1>-0.5674030302989865, -2.3489908276309235, -0.6584840619483544</corner1><corner2>0.5674030302989865, 2.3489908276309235, 0.6584840619483544</corner2></bounds><pose><translation>-1.3715562305696463, 3.5296164039163793, -1.1752283454366883</translation><rotation><c1>0, 0, 0</c1><c2>0, 0, 0</c2><c3>0, 0, 0</c3></rotation></pose><symmetry><x>twoFold</x><y>cylindrical</y><z>twoFold</z></symmetry><detectionScore>-1.0</detectionScore></element><element><id>22</id><category>wall</category><bounds><corner1>-1.4943232658270214, -0.08517471521868547, -1.1452832914865967</corner1><corner2>1.4943232658270214, 0.08517471521868547, 1.1452832914865967</corner2></bounds><pose><translation>0.28532474808956715, -1.4681406833261188, -0.021376068780326288</translation><rotation><c1>0, 0, 0</c1><c2>0, 0, 0</c2><c3>0, 0, 0</c3></rotation></pose><symmetry><x>twoFold</x><y>cylindrical</y><z>twoFold</z></symmetry><detectionScore>-1.0</detectionScore></element><element><id>23</id><category>chair</category><bounds><corner1>-0.530915438394153, -2.3771874784529468, -0.633244641780361</corner1><corner2>0.530915438394153, 2.3771874784529468, 0.633244641780361</corner2></bounds><pose><translation>-1.3707507619741106, 3.4962527184371783, -1.1685845103697465</translation><rotation><c1>0, 0, 0</c1><c2>0, 0, 0</c2><c3>0, 0, 0</c3></rotation></pose><symmetry><x>twoFold</x><y>cylindrical</y><z>twoFold</z></symmetry><detectionScore>-1.0</detectionScore></element><element><id>24</id><category>wall</category><bounds><corner1>-1.067574996178606, -2.6480643165103883, -1.5079746972474104</corner1><corner2>1.067574996178606, 2.6480643165103883, 1.5079746972474104</corner2></bounds><pose><translation>0.5603882583513389, 2.714934241837282, -0.031582626807275284</translation><rotation><c1>0, 0, 0</c1><c2>0, 0, 0</c2><c3>0, 0, 0</c3></rotation></pose><symmetry><x>twoFold</x><y>cylindrical</y><z>twoFold</z></symmetry><detectionScore>-1.0</detectionScore></element><element><id>25</id><category>curtain</category><bounds><corner1>-2.5085413607948155, -1.4953784426551282, -1.3330821741323375</corner1><corner2>2.5085413607948155, 1.4953784426551282, 1.3330821741323375</corner2></bounds><pose><translation>-5.038070047044302, 2.9566233538211906, -0.07546614043575248</translation><rotation><c1>0, 0, 0</c1><c2>0, 0, 0</c2><c3>0, 0, 0</c3></rotation></pose><symmetry><x>twoFold</x><y>cylindrical</y><z>twoFold</z></symmetry><detectionScore>-1.0</detectionScore></element><element><id>26</id><category>wall</category><bounds><corner1>-0.596138233047502, -0.4562129707164292, -1.1500665976951463</corner1><corner2>0.596138233047502, 0.4562129707164292, 1.1500665976951463</corner2></bounds><pose><translation>-2.6864699330422264, -1.1883245417952732, -0.0636926172502733</translation><rotation><c1>0, 0, 0</c1><c2>0, 0, 0</c2><c3>0, 0, 0</c3></rotation></pose><symmetry><x>twoFold</x><y>cylindrical</y><z>twoFold</z></symmetry><detectionScore>-1.0</detectionScore></element><element><id>27</id><category>kitchen_cabinet</category><bounds><corner1>-1.7945657777201598, -0.35853275226856685, -1.2012112190423971</corner1><corner2>1.7945657777201598, 0.35853275226856685, 1.2012112190423971</corner2></bounds><pose><translation>-4.5448939557772166, -1.328645729012651, -0.20799712598993841</translation><rotation><c1>0, 0, 0</c1><c2>0, 0, 0</c2><c3>0, 0, 0</c3></rotation></pose><symmetry><x>twoFold</x><y>cylindrical</y><z>twoFold</z></symmetry><detectionScore>-1.0</detectionScore></element><element><id>28</id><category>kitchen_cabinet</category><bounds><corner1>-0.49772256526569625, -0.1766175642891037, -0.6839570993351274</corner1><corner2>0.49772256526569625, 0.1766175642891037, 0.6839570993351274</corner2></bounds><pose><translation>-2.236196011897328, -1.2039818219745495, -0.767911006244774</translation><rotation><c1>0, 0, 0</c1><c2>0, 0, 0</c2><c3>0, 0, 0</c3></rotation></pose><symmetry><x>twoFold</x><y>cylindrical</y><z>twoFold</z></symmetry><detectionScore>-1.0</detectionScore></element><element><id>29</id><category>door</category><bounds><corner1>-0.9361547076913865, -3.82641617960146, -1.4945348839948702</corner1><corner2>0.9361547076913865, 3.82641617960146, 1.4945348839948702</corner2></bounds><pose><translation>0.6841795911141131, 1.371104370057895, -0.1316735668094319</translation><rotation><c1>0, 0, 0</c1><c2>0, 0, 0</c2><c3>0, 0, 0</c3></rotation></pose><symmetry><x>twoFold</x><y>cylindrical</y><z>twoFold</z></symmetry><detectionScore>-1.0</detectionScore></element><element><id>30</id><category>dining_table</category><bounds><corner1>-0.5916832033121665, -2.1778356971435486, -0.6015203323095448</corner1><corner2>0.5916832033121665, 2.1778356971435486, 0.6015203323095448</corner2></bounds><pose><translation>-1.0101421379212685, 3.6919010283131786, -1.1840981429782231</translation><rotation><c1>0, 0, 0</c1><c2>0, 0, 0</c2><c3>0, 0, 0</c3></rotation></pose><symmetry><x>twoFold</x><y>cylindrical</y><z>twoFold</z></symmetry><detectionScore>-1.0</detectionScore></element><element><id>31</id><category>chandelier</category><bounds><corner1>-1.7853303035515626, -0.5856627931315477, -0.3206257194500244</corner1><corner2>1.7853303035515626, 0.5856627931315477, 0.3206257194500244</corner2></bounds><pose><translation>-5.026489556808324, 1.574414872483128, 1.0238705634709395</translation><rotation><c1>0, 0, 0</c1><c2>0, 0, 0</c2><c3>0, 0, 0</c3></rotation></pose><symmetry><x>twoFold</x><y>cylindrical</y><z>twoFold</z></symmetry><detectionScore>-1.0</detectionScore></element></elements></scene>