<?xml version='1.0' encoding='utf-8'?>
<scene xmlns:sumo="https://www.sumochallenge.org"><version>2.0</version><categories><id>fb_categories_v1_0</id><url>https://sumochallenge.org/en/categories-1_0.json</url></categories><project_type>bounding_box</project_type><elements><element><id>0</id><category>wall</category><bounds><corner1>-3.293505648597157, -2.357963039846351, -13.409105037790031</corner1><corner2>3.293505648597157, 2.357963039846351, 13.409105037790031</corner2></bounds><pose><translation>-0.681022921850016, 0.048575010223841926, 6.328258777144954</translation><rotation><c1>1, 0, 0</c1><c2>0, 1, 0</c2><c3>0, 0, 1</c3></rotation></pose><symmetry><x>twoFold</x><y>cylindrical</y><z>twoFold</z></symmetry><detectionScore>-1.0</detectionScore></element><element><id>1</id><category>fireplace</category><bounds><corner1>-3.962628266709969, -1.0881401853023551, -2.685720961679464</corner1><corner2>3.962628266709969, 1.0881401853023551, 2.685720961679464</corner2></bounds><pose><translation>-7.203685426837006, -0.6281011550724407, -4.457734033983262</translation><rotation><c1>1, 0, 0</c1><c2>0, 1, 0</c2><c3>0, 0, 1</c3></rotation></pose><symmetry><x>twoFold</x><y>cylindrical</y><z>twoFold</z></symmetry><detectionScore>-1.0</detectionScore></element><element><id>2</id><category>window</category><bounds><corner1>-7.389615259216794, -1.1026101336598988, -1.7273361170789303</corner1><corner2>7.389615259216794, 1.1026101336598988, 1.7273361170789303</corner2></bounds><pose><translation>-7.389615259216794, 0.15540038533312941, -1.7273361170789303</translation><rotation><c1>1, 0, 0</c1><c2>0, 1, 0</c2><c3>0, 0, 1</c3></rotation></pose><symmetry><x>twoFold</x><y>cylindrical</y><z>twoFold</z></symmetry><detectionScore>-1.0</detectionScore></element><element><id>3</id><category>sofa</category><bounds><corner1>-0.4701517588924269, -0.3776127278530189, -1.9112734435825973</corner1><corner2>0.4701517588924269, 0.3776127278530189, 1.9112734435825973</corner2></bounds><pose><translation>-2.411806684092178, -0.8307077186964664, -4.63164012764269</translation><rotation><c1>1, 0, 0</c1><c2>0, 1, 0</c2><c3>0, 0, 1</c3></rotation></pose><symmetry><x>twoFold</x><y>cylindrical</y><z>twoFold</z></symmetry><detectionScore>-1.0</detectionScore></element><element><id>4</id><category>tv_stand</category><bounds><corner1>-4.058354726836942, -1.1334614233104339, -2.5844960694804255</corner1><corner2>4.058354726836942, 1.1334614233104339, 2.5844960694804255</corner2></bounds><pose><translation>-7.1706518037595695, -0.7897777340200329, -4.351384531138338</translation><rotation><c1>1, 0, 0</c1><c2>0, 1, 0</c2><c3>0, 0, 1</c3></rotation></pose><symmetry><x>twoFold</x><y>cylindrical</y><z>twoFold</z></symmetry><detectionScore>-1.0</detectionScore></element><element><id>5</id><category>ottoman</category><bounds><corner1>-1.3158081180265193, -0.4141209838834641, -0.5288470403014753</corner1><corner2>1.3158081180265193, 0.4141209838834641, 0.5288470403014753</corner2></bounds><pose><translation>0.38285816965447184, -1.499716933370623, -4.235519692139732</translation><rotation><c1>1, 0, 0</c1><c2>0, 1, 0</c2><c3>0, 0, 1</c3></rotation></pose><symmetry><x>twoFold</x><y>cylindrical</y><z>twoFold</z></symmetry><detectionScore>-1.0</detectionScore></element><element><id>6</id><category>wall</category><bounds><corner1>-9.599868492223546, -1.2770547137369361, -10.668470531764553</corner1><corner2>9.599868492223546, 1.2770547137369361, 10.668470531764553</corner2></bounds><pose><translation>0.0, 0.0, -10.668470531764553</translation><rotation><c1>1, 0, 0</c1><c2>0, 1, 0</c2><c3>0, 0, 1</c3></rotation></pose><symmetry><x>twoFold</x><y>cylindrical</y><z>twoFold</z></symmetry><detectionScore>-1.0</detectionScore></element><element><id>7</id><category>wall</category><bounds><corner1>-0.7450856320912549, -1.5847053386339849, -3.262090733717614</corner1><corner2>0.7450856320912549, 1.5847053386339849, 3.262090733717614</corner2></bounds><pose><translation>-1.6791656041578877, -0.17518210457585054, 3.263526373265042</translation><rotation><c1>1, 0, 0</c1><c2>0, 1, 0</c2><c3>0, 0, 1</c3></rotation></pose><symmetry><x>twoFold</x><y>cylindrical</y><z>twoFold</z></symmetry><detectionScore>-1.0</detectionScore></element><element><id>8</id><category>coffee_table</category><bounds><corner1>-3.87644783378639, -0.5261533614429673, -1.5505949444670042</corner1><corner2>3.87644783378639, 0.5261533614429673, 1.5505949444670042</corner2></bounds><pose><translation>4.327357221169306, -1.0544871335545298, 1.4737940037611448</translation><rotation><c1>1, 0, 0</c1><c2>0, 1, 0</c2><c3>0, 0, 1</c3></rotation></pose><symmetry><x>twoFold</x><y>cylindrical</y><z>twoFold</z></symmetry><detectionScore>-1.0</detectionScore></element><element><id>9</id><category>arch</category><bounds><corner1>-2.9166821879507205, -2.6029848118696517, -14.25521596862653</corner1><corner2>2.9166821879507205, 2.6029848118696517, 14.25521596862653</corner2></bounds><pose><translation>0.46212159222267246, -0.19644676179945905, 5.482147846308454</translation><rotation><c1>1, 0, 0</c1><c2>0, 1, 0</c2><c3>0, 0, 1</c3></rotation></pose><symmetry><x>twoFold</x><y>cylindrical</y><z>twoFold</z></symmetry><detectionScore>-1.0</detectionScore></element><element><id>10</id><category>table_lamp</category><bounds><corner1>-0.6352981419243784, -0.8299087647390542, -0.6363834004506049</corner1><corner2>0.6352981419243784, 0.8299087647390542, 0.6363834004506049</corner2></bounds><pose><translation>-2.194382883630021, -0.8583819494805516, 0.4266224795962078</translation><rotation><c1>1, 0, 0</c1><c2>0, 1, 0</c2><c3>0, 0, 1</c3></rotation></pose><symmetry><x>twoFold</x><y>cylindrical</y><z>twoFold</z></symmetry><detectionScore>-1.0</detectionScore></element><element><id>11</id><category>wall</category><bounds><corner1>-1.166746475340389, -1.3314507592085458, -3.2952497891483032</corner1><corner2>1.166746475340389, 1.3314507592085458, 3.2952497891483032</corner2></bounds><pose><translation>2.212057304833004, 0.009775327692957974, 3.3006802268816013</translation><rotation><c1>1, 0, 0</c1><c2>0, 1, 0</c2><c3>0, 0, 1</c3></rotation></pose><symmetry><x>twoFold</x><y>cylindrical</y><z>twoFold</z></symmetry><detectionScore>-1.0</detectionScore></element><element><id>12</id><category>chair</category><bounds><corner1>-4.216757458964447, -0.6594137493169339, -1.2723419783383907</corner1><corner2>4.216757458964447, 0.6594137493169339, 1.2723419783383907</corner2></bounds><pose><translation>3.9698492261293437, -1.0313569767560693, 1.9149608234359254</translation><rotation><c1>1, 0, 0</c1><c2>0, 1, 0</c2><c3>0, 0, 1</c3></rotation></pose><symmetry><x>twoFold</x><y>cylindrical</y><z>twoFold</z></symmetry><detectionScore>-1.0</detectionScore></element><element><id>13</id><category>floor_lamp</category><bounds><corner1>-0.6343017086962341, -0.9631062570464247, -0.6753032791147308</corner1><corner2>0.6343017086962341, 0.9631062570464247, 0.6753032791147308</corner2></bounds><pose><translation>-2.193386450401877, -0.928556830527078, 0.4496993603956375</translation><rotation><c1>1, 0, 0</c1><c2>0, 1, 0</c2><c3>0, 0, 1</c3></rotation></pose><symmetry><x>twoFold</x><y>cylindrical</y><z>twoFold</z></symmetry><detectionScore>-1.0</detectionScore></element><element><id>14</id><category>rug</category><bounds><corner1>-1.4333392152224338, -0.5145611381001032, -0.40552008923682026</corner1><corner2>1.4333392152224338, 0.5145611381001032, 0.40552008923682026</corner2></bounds><pose><translation>0.9620405135208864, -1.493692533288981, -4.326821326000538</translation><rotation><c1>1, 0, 0</c1><c2>0, 1, 0</c2><c3>0, 0, 1</c3></rotation></pose><symmetry><x>twoFold</x><y>cylindrical</y><z>twoFold</z></symmetry><detectionScore>-1.0</detectionScore></element><element><id>15</id><category>wall</category><bounds><corner1>-4.83913952738219, -1.2680745895579826, -1.6867436715960897</corner1><corner2>4.83913952738219, 1.2680745895579826, 1.6867436715960897</corner2></bounds><pose><translation>4.760728964841356, 0.01898648280675778, -6.391376040716861</translation><rotation><c1>1, 0, 0</c1><c2>0, 1, 0</c2><c3>0, 0, 1</c3></rotation></pose><symmetry><x>twoFold</x><y>cylindrical</y><z>twoFold</z></symmetry><detectionScore>-1.0</detectionScore></element><element><id>16</id><category>wall</category><bounds><corner1>-3.321561141646461, -1.260073658709519, -5.551188555485052</corner1><corner2>3.321561141646461, 1.260073658709519, 5.551188555485052</corner2></bounds><pose><translation>-5.423778048971171, 0.010425138365971172, -10.597167019087097</translation><rotation><c1>1, 0, 0</c1><c2>0, 1, 0</c2><c3>0, 0, 1</c3></rotation></pose><symmetry><x>twoFold</x><y>cylindrical</y><z>twoFold</z></symmetry><detectionScore>-1.0</detectionScore></element><element><id>17</id><category>door</category><bounds><corner1>-0.6068774779625847, -1.7767142239919862, -3.2436170015245067</corner1><corner2>0.6068774779625847, 1.7767142239919862, 3.2436170015245067</corner2></bounds><pose><translation>-1.5607940111643448, -0.4823067415020858, 3.2833412873948418</translation><rotation><c1>1, 0, 0</c1><c2>0, 1, 0</c2><c3>0, 0, 1</c3></rotation></pose><symmetry><x>twoFold</x><y>cylindrical</y><z>twoFold</z></symmetry><detectionScore>-1.0</detectionScore></element><element><id>18</id><category>dining_table</category><bounds><corner1>-4.081506185415785, -0.773147066723979, -1.4770427387019727</corner1><corner2>4.081506185415785, 0.773147066723979, 1.4770427387019727</corner2></bounds><pose><translation>4.120410242678076, -1.1840956945721623, 1.7247388250410693</translation><rotation><c1>1, 0, 0</c1><c2>0, 1, 0</c2><c3>0, 0, 1</c3></rotation></pose><symmetry><x>twoFold</x><y>cylindrical</y><z>twoFold</z></symmetry><detectionScore>-1.0</detectionScore></element><element><id>19</id><category>wall</category><bounds><corner1>-0.5748575165895711, -0.8534329910667091, -0.716439935897454</corner1><corner2>0.5748575165895711, 0.8534329910667091, 0.716439935897454</corner2></bounds><pose><translation>-2.2899557880504564, 0.02480489317543626, 0.40432408134246794</translation><rotation><c1>1, 0, 0</c1><c2>0, 1, 0</c2><c3>0, 0, 1</c3></rotation></pose><symmetry><x>twoFold</x><y>cylindrical</y><z>twoFold</z></symmetry><detectionScore>-1.0</detectionScore></element><element><id>20</id><category>kitchen_cabinet</category><bounds><corner1>-0.5824611858432114, -1.4381053723510497, -2.331668166577808</corner1><corner2>0.5824611858432114, 1.4381053723510497, 2.331668166577808</corner2></bounds><pose><translation>7.566248556968544, -0.27103771575259566, -5.213330500491561</translation><rotation><c1>1, 0, 0</c1><c2>0, 1, 0</c2><c3>0, 0, 1</c3></rotation></pose><symmetry><x>twoFold</x><y>cylindrical</y><z>twoFold</z></symmetry><detectionScore>-1.0</detectionScore></element><element><id>21</id><category>wall</category><bounds><corner1>-7.272975512057146, -1.2986352953765707, -1.9812755480536084</corner1><corner2>7.272975512057146, 1.2986352953765707, 1.9812755480536084</corner2></bounds><pose><translation>-7.272975512057146, 0.0, -1.9812755480536084</translation><rotation><c1>1, 0, 0</c1><c2>0, 1, 0</c2><c3>0, 0, 1</c3></rotation></pose><symmetry><x>twoFold</x><y>cylindrical</y><z>twoFold</z></symmetry><detectionScore>-1.0</detectionScore></element><element><id>22</id><category>sofa</category><bounds><corner1>-3.8796738930241794, -0.6746171662950188, -1.4230018664676118</corner1><corner2>3.8796738930241794, 0.6746171662950188, 1.4230018664676118</corner2></bounds><pose><translation>4.322947554169273, -0.9878720704727363, 1.7767025447597307</translation><rotation><c1>1, 0, 0</c1><c2>0, 1, 0</c2><c3>0, 0, 1</c3></rotation></pose><symmetry><x>twoFold</x><y>cylindrical</y><z>twoFold</z></symmetry><detectionScore>-1.0</detectionScore></element><element><id>23</id><category>sofa</category><bounds><corner1>-0.7172896195731546, -0.9440904567356362, -1.6039003137444876</corner1><corner2>0.7172896195731546, 0.9440904567356362, 1.6039003137444876</corner2></bounds><pose><translation>7.543295178364133, -0.9440904567356362, -1.6039003137444876</translation><rotation><c1>1, 0, 0</c1><c2>0, 1, 0</c2><c3>0, 0, 1</c3></rotation></pose><symmetry><x>twoFold</x><y>cylindrical</y><z>twoFold</z></symmetry><detectionScore>-1.0</detectionScore></element><element><id>24</id><category>window</category><bounds><corner1>-0.21892638543389964, -1.1198738518921951, -1.692286742549147</corner1><corner2>0.21892638543389964, 1.1198738518921951, 1.692286742549147</corner2></bounds><pose><translation>8.06009358874737, 0.023709926529120455, -1.692286742549147</translation><rotation><c1>1, 0, 0</c1><c2>0, 1, 0</c2><c3>0, 0, 1</c3></rotation></pose><symmetry><x>twoFold</x><y>cylindrical</y><z>twoFold</z></symmetry><detectionScore>-1.0</detectionScore></element><element><id>25</id><category>floor_lamp</category><bounds><corner1>-4.127054604143629, -1.3884402278177013, -3.1184940058358346</corner1><corner2>4.127054604143629, 1.3884402278177013, 3.1184940058358346</corner2></bounds><pose><translation>-7.089267041947095, -0.5786339311633424, -5.769211822439365</translation><rotation><c1>1, 0, 0</c1><c2>0, 1, 0</c2><c3>0, 0, 1</c3></rotation></pose><symmetry><x>twoFold</x><y>cylindrical</y><z>twoFold</z></symmetry><detectionScore>-1.0</detectionScore></element><element><id>26</id><category>armchair</category><bounds><corner1>-4.203477213074217, -0.7217249132459846, -1.3149736409389632</corner1><corner2>4.203477213074217, 0.7217249132459846, 1.3149736409389632</corner2></bounds><pose><translation>3.986626645366499, -1.1266946096812898, 1.8846292698595268</translation><rotation><c1>1, 0, 0</c1><c2>0, 1, 0</c2><c3>0, 0, 1</c3></rotation></pose><symmetry><x>twoFold</x><y>cylindrical</y><z>twoFold</z></symmetry><detectionScore>-1.0</detectionScore></element><element><id>27</id><category>sofa</category><bounds><corner1>-3.5669745794515824, -0.9981758941911526, -0.9821169873886517</corner1><corner2>3.5669745794515824, 0.9981758941911526, 0.9821169873886517</corner2></bounds><pose><translation>2.5367622491323094, -1.5121338001235909, -4.525561426784295</translation><rotation><c1>1, 0, 0</c1><c2>0, 1, 0</c2><c3>0, 0, 1</c3></rotation></pose><symmetry><x>twoFold</x><y>cylindrical</y><z>twoFold</z></symmetry><detectionScore>-1.0</detectionScore></element><element><id>28</id><category>door</category><bounds><corner1>-2.239400893380888, -1.271319877328719, -10.745842237166288</corner1><corner2>2.239400893380888, 1.271319877328719, 10.745842237166288</corner2></bounds><pose><translation>0.0, 0.0, -10.745842237166288</translation><rotation><c1>1, 0, 0</c1><c2>0, 1, 0</c2><c3>0, 0, 1</c3></rotation></pose><symmetry><x>twoFold</x><y>cylindrical</y><z>twoFold</z></symmetry><detectionScore>-1.0</detectionScore></element><element><id>29</id><category>ottoman</category><bounds><corner1>-2.6758031490653713, -0.2752043344620072, -0.41782387681150546</corner1><corner2>2.6758031490653713, 0.2752043344620072, 0.41782387681150546</corner2></bounds><pose><translation>2.4522501320255112, -1.3456134944430291, -4.55009841202027</translation><rotation><c1>1, 0, 0</c1><c2>0, 1, 0</c2><c3>0, 0, 1</c3></rotation></pose><symmetry><x>twoFold</x><y>cylindrical</y><z>twoFold</z></symmetry><detectionScore>-1.0</detectionScore></element><element><id>30</id><category>wall</category><bounds><corner1>-0.4753321901795555, -1.33622145348136, -2.9867917023723938</corner1><corner2>0.4753321901795555, 1.33622145348136, 2.9867917023723938</corner2></bounds><pose><translation>7.777664866335957, -0.03902684091369365, -4.752534191174006</translation><rotation><c1>1, 0, 0</c1><c2>0, 1, 0</c2><c3>0, 0, 1</c3></rotation></pose><symmetry><x>twoFold</x><y>cylindrical</y><z>twoFold</z></symmetry><detectionScore>-1.0</detectionScore></element><element><id>31</id><category>door</category><bounds><corner1>-2.1794001710129836, -2.4884546439757815, -13.294322655865878</corner1><corner2>2.1794001710129836, 2.4884546439757815, 13.294322655865878</corner2></bounds><pose><translation>0.43308255573415777, -0.08191659390558885, 6.4430411590691055</translation><rotation><c1>1, 0, 0</c1><c2>0, 1, 0</c2><c3>0, 0, 1</c3></rotation></pose><symmetry><x>twoFold</x><y>cylindrical</y><z>twoFold</z></symmetry><detectionScore>-1.0</detectionScore></element><element><id>32</id><category>wall</category><bounds><corner1>-0.6509781625139086, -1.6304461497973282, -1.1491487534904934</corner1><corner2>0.6509781625139086, 1.6304461497973282, 1.1491487534904934</corner2></bounds><pose><translation>-2.2100629042195514, -0.13814425319299573, 0.915672897602701</translation><rotation><c1>1, 0, 0</c1><c2>0, 1, 0</c2><c3>0, 0, 1</c3></rotation></pose><symmetry><x>twoFold</x><y>cylindrical</y><z>twoFold</z></symmetry><detectionScore>-1.0</detectionScore></element><element><id>33</id><category>sofa</category><bounds><corner1>-2.3932747832098924, -0.6223400992853605, -1.4393856322319032</corner1><corner2>2.3932747832098924, 0.6223400992853605, 1.4393856322319032</corner2></bounds><pose><translation>5.839731491025479, -1.0664095206279383, -2.370834933923966</translation><rotation><c1>1, 0, 0</c1><c2>0, 1, 0</c2><c3>0, 0, 1</c3></rotation></pose><symmetry><x>twoFold</x><y>cylindrical</y><z>twoFold</z></symmetry><detectionScore>-1.0</detectionScore></element><element><id>34</id><category>kitchen_cabinet</category><bounds><corner1>-0.9608727541381894, -0.4708635161578708, -0.20671312435684097</corner1><corner2>0.9608727541381894, 0.4708635161578708, 0.20671312435684097</corner2></bounds><pose><translation>7.164620561530685, -0.9992197087113137, -4.8787543664458815</translation><rotation><c1>1, 0, 0</c1><c2>0, 1, 0</c2><c3>0, 0, 1</c3></rotation></pose><symmetry><x>twoFold</x><y>cylindrical</y><z>twoFold</z></symmetry><detectionScore>-1.0</detectionScore></element><element><id>35</id><category>column</category><bounds><corner1>-4.153169993670968, -1.5242841245990322, -3.1568612161704794</corner1><corner2>4.153169993670968, 1.5242841245990322, 3.1568612161704794</corner2></bounds><pose><translation>-7.148812997926206, -0.3142498004379585, -5.80757903277401</translation><rotation><c1>1, 0, 0</c1><c2>0, 1, 0</c2><c3>0, 0, 1</c3></rotation></pose><symmetry><x>twoFold</x><y>cylindrical</y><z>twoFold</z></symmetry><detectionScore>-1.0</detectionScore></element><element><id>36</id><category>wall</category><bounds><corner1>-0.25903902293642744, -1.336016647286081, -4.0258020257886376</corner1><corner2>0.25903902293642744, 1.336016647286081, 4.0258020257886376</corner2></bounds><pose><translation>8.019980951244841, -0.039191644249756886, -0.9821371069966136</translation><rotation><c1>1, 0, 0</c1><c2>0, 1, 0</c2><c3>0, 0, 1</c3></rotation></pose><symmetry><x>twoFold</x><y>cylindrical</y><z>twoFold</z></symmetry><detectionScore>-1.0</detectionScore></element><element><id>37</id><category>wall</category><bounds><corner1>-2.291060156171068, -1.3389986095831983, -3.1582119501419754</corner1><corner2>2.291060156171068, 1.3389986095831983, 3.1582119501419754</corner2></bounds><pose><translation>-6.899986749925003, -0.08515155548346516, -9.685780852715325</translation><rotation><c1>1, 0, 0</c1><c2>0, 1, 0</c2><c3>0, 0, 1</c3></rotation></pose><symmetry><x>twoFold</x><y>cylindrical</y><z>twoFold</z></symmetry><detectionScore>-1.0</detectionScore></element><element><id>38</id><category>wall</category><bounds><corner1>-5.289155688598539, -1.1970738234910265, -6.542148567837979</corner1><corner2>5.289155688598539, 1.1970738234910265, 6.542148567837979</corner2></bounds><pose><translation>4.310712803625007, 0.030572613964837545, -10.650923920803956</translation><rotation><c1>1, 0, 0</c1><c2>0, 1, 0</c2><c3>0, 0, 1</c3></rotation></pose><symmetry><x>twoFold</x><y>cylindrical</y><z>twoFold</z></symmetry><detectionScore>-1.0</detectionScore></element><element><id>39</id><category>armchair</category><bounds><corner1>-4.67296354404657, -1.2935536954382432, -2.2090161609242767</corner1><corner2>4.67296354404657, 1.2935536954382432, 2.2090161609242767</corner2></bounds><pose><translation>-4.67296354404657, -1.2935536954382432, -2.2090161609242767</translation><rotation><c1>1, 0, 0</c1><c2>0, 1, 0</c2><c3>0, 0, 1</c3></rotation></pose><symmetry><x>twoFold</x><y>cylindrical</y><z>twoFold</z></symmetry><detectionScore>-1.0</detectionScore></element><element><id>40</id><category>plant</category><bounds><corner1>-3.811533676756882, -1.1974280985900905, -6.2847396239894255</corner1><corner2>3.811533676756882, 1.1974280985900905, 6.2847396239894255</corner2></bounds><pose><translation>-6.30716379745548, -0.5673130847863652, -10.595179851339006</translation><rotation><c1>1, 0, 0</c1><c2>0, 1, 0</c2><c3>0, 0, 1</c3></rotation></pose><symmetry><x>twoFold</x><y>cylindrical</y><z>twoFold</z></symmetry><detectionScore>-1.0</detectionScore></element><element><id>41</id><category>rug</category><bounds><corner1>-2.6614503142511623, -0.5341488016077761, -0.41315395529965304</corner1><corner2>2.6614503142511623, 0.5341488016077761, 0.41315395529965304</corner2></bounds><pose><translation>2.137611190851339, -1.4266770809877511, -4.545428490508417</translation><rotation><c1>1, 0, 0</c1><c2>0, 1, 0</c2><c3>0, 0, 1</c3></rotation></pose><symmetry><x>twoFold</x><y>cylindrical</y><z>twoFold</z></symmetry><detectionScore>-1.0</detectionScore></element><element><id>42</id><category>sofa</category><bounds><corner1>-2.475836568192134, -0.7008904413183338, -0.8073625179733885</corner1><corner2>2.475836568192134, 0.7008904413183338, 0.8073625179733885</corner2></bounds><pose><translation>0.4698816224836538, -1.4939202708512682, -4.58308220166996</translation><rotation><c1>1, 0, 0</c1><c2>0, 1, 0</c2><c3>0, 0, 1</c3></rotation></pose><symmetry><x>twoFold</x><y>cylindrical</y><z>twoFold</z></symmetry><detectionScore>-1.0</detectionScore></element></elements></scene>