<?xml version='1.0' encoding='utf-8'?>
<scene xmlns:sumo="https://www.sumochallenge.org"><version>2.0</version><categories><id>fb_categories_v1.0</id><url>https://sumochallenge.org/en/categories-1_0.json</url></categories><project_type>bounding_box</project_type><elements><element><id>4</id><category>chair</category><bounds><corner1>-3.45460164, -0.22623201, -0.95194616</corner1><corner2>3.45460164, 0.22623201, 0.95194616</corner2></bounds><pose><translation> 1.47701431, -0.59854891,  0.43085604</translation><rotation><c1>1., 0., 0.</c1><c2>0., 1., 0.</c2><c3>0., 0., 1.</c3></rotation></pose><symmetry><x>none</x><y>none</y><z>none</z></symmetry><detectionScore>0.50614434</detectionScore></element><element><id>3</id><category>picture_frame</category><bounds><corner1>-0.7220884 , -0.71628477, -0.01140367</corner1><corner2>0.7220884 , 0.71628477, 0.01140367</corner2></bounds><pose><translation> 0.94297833,  0.46510649, -0.61347965</translation><rotation><c1>1., 0., 0.</c1><c2>0., 1., 0.</c2><c3>0., 0., 1.</c3></rotation></pose><symmetry><x>none</x><y>fourFold</y><z>none</z></symmetry><detectionScore>0.62732893</detectionScore></element><element><id>2</id><category>kitchen_cabinet</category><bounds><corner1>-0.01599505, -0.61295905, -0.22349334</corner1><corner2>0.01599505, 0.61295905, 0.22349334</corner2></bounds><pose><translation>-0.94201193, -0.12629781, -0.41076558</translation><rotation><c1>1., 0., 0.</c1><c2>0., 1., 0.</c2><c3>0., 0., 1.</c3></rotation></pose><symmetry><x>none</x><y>none</y><z>none</z></symmetry><detectionScore>0.650293</detectionScore></element><element><id>6</id><category>wall</category><bounds><corner1>-3.7356273 , -1.32592614, -2.12120155</corner1><corner2>3.7356273 , 1.32592614, 2.12120155</corner2></bounds><pose><translation> 4.88053099, -0.04262492,  0.39982954</translation><rotation><c1>1., 0., 0.</c1><c2>0., 1., 0.</c2><c3>0., 0., 1.</c3></rotation></pose><symmetry><x>none</x><y>twoFold</y><z>none</z></symmetry><detectionScore>0.7347525</detectionScore></element><element><id>9</id><category>arch</category><bounds><corner1>-5.06277309, -1.28417259, -1.52843227</corner1><corner2>5.06277309, 1.28417259, 1.52843227</corner2></bounds><pose><translation> 3.45501039, -0.01627864,  1.27136087</translation><rotation><c1>1., 0., 0.</c1><c2>0., 1., 0.</c2><c3>0., 0., 1.</c3></rotation></pose><symmetry><x>none</x><y>twoFold</y><z>none</z></symmetry><detectionScore>0.97470266</detectionScore></element><element><id>8</id><category>wall</category><bounds><corner1>-1.46142746, -1.27228003, -0.52508302</corner1><corner2>1.46142746, 1.27228003, 0.52508302</corner2></bounds><pose><translation> 0.13261777, -0.01478459,  2.95005988</translation><rotation><c1>1., 0., 0.</c1><c2>0., 1., 0.</c2><c3>0., 0., 1.</c3></rotation></pose><symmetry><x>none</x><y>twoFold</y><z>none</z></symmetry><detectionScore>0.8974985</detectionScore></element><element><id>7</id><category>refrigerator</category><bounds><corner1>-0.46890275, -0.90274638, -0.06871444</corner1><corner2>0.46890275, 0.90274638, 0.06871444</corner2></bounds><pose><translation> 0.39409067, -0.41141499,  2.91310559</translation><rotation><c1>1., 0., 0.</c1><c2>0., 1., 0.</c2><c3>0., 0., 1.</c3></rotation></pose><symmetry><x>none</x><y>none</y><z>twoFold</z></symmetry><detectionScore>0.71781844</detectionScore></element></elements></scene>