<?xml version='1.0' encoding='utf-8'?>
<scene xmlns:sumo="https://www.sumochallenge.org"><version>2.0</version><categories><id>fb_categories_v1.0</id><url>https://sumochallenge.org/en/categories-1_0.json</url></categories><project_type>bounding_box</project_type><elements><element><id>6</id><category>wall</category><bounds><corner1>-3.05692127, -1.22506108, -0.09292771</corner1><corner2>3.05692127, 1.22506108, 0.09292771</corner2></bounds><pose><translation> 1.42322687, -0.12510363,  5.65623652</translation><rotation><c1>1., 0., 0.</c1><c2>0., 1., 0.</c2><c3>0., 0., 1.</c3></rotation></pose><symmetry><x>none</x><y>none</y><z>none</z></symmetry><detectionScore>-1</detectionScore></element><element><id>5</id><category>wall</category><bounds><corner1>-0.11080047, -1.16323537, -2.37614629</corner1><corner2>0.11080047, 1.16323537, 2.37614629</corner2></bounds><pose><translation> 4.85562458, -0.09625403,  1.00473158</translation><rotation><c1>1., 0., 0.</c1><c2>0., 1., 0.</c2><c3>0., 0., 1.</c3></rotation></pose><symmetry><x>none</x><y>none</y><z>none</z></symmetry><detectionScore>-1</detectionScore></element><element><id>3</id><category>chair</category><bounds><corner1>-3.09637845, -0.24531525, -2.1410582 </corner1><corner2>3.09637845, 0.24531525, 2.1410582 </corner2></bounds><pose><translation> 1.83706709, -0.70519092,  1.45874335</translation><rotation><c1>1., 0., 0.</c1><c2>0., 1., 0.</c2><c3>0., 0., 1.</c3></rotation></pose><symmetry><x>none</x><y>none</y><z>none</z></symmetry><detectionScore>-1</detectionScore></element><element><id>4</id><category>chair</category><bounds><corner1>-2.93248041, -0.16646035, -1.62255289</corner1><corner2>2.93248041, 0.16646035, 1.62255289</corner2></bounds><pose><translation> 1.94294794, -0.701907  ,  0.66394804</translation><rotation><c1>1., 0., 0.</c1><c2>0., 1., 0.</c2><c3>0., 0., 1.</c3></rotation></pose><symmetry><x>none</x><y>none</y><z>none</z></symmetry><detectionScore>-1</detectionScore></element><element><id>2</id><category>wall</category><bounds><corner1>-0.81742086, -1.38235082, -0.27697563</corner1><corner2>0.81742086, 1.38235082, 0.27697563</corner2></bounds><pose><translation> 3.48115783, -0.19285365, -1.12504428</translation><rotation><c1>1., 0., 0.</c1><c2>0., 1., 0.</c2><c3>0., 0., 1.</c3></rotation></pose><symmetry><x>none</x><y>none</y><z>none</z></symmetry><detectionScore>-1</detectionScore></element><element><id>1</id><category>chair</category><bounds><corner1>-3.0286617 , -0.46312091, -0.59425873</corner1><corner2>3.0286617 , 0.46312091, 0.59425873</corner2></bounds><pose><translation> 1.87494331, -0.93128572,  0.08930599</translation><rotation><c1>1., 0., 0.</c1><c2>0., 1., 0.</c2><c3>0., 0., 1.</c3></rotation></pose><symmetry><x>none</x><y>none</y><z>none</z></symmetry><detectionScore>-1</detectionScore></element></elements></scene>