<?xml version='1.0' encoding='utf-8'?>
<scene xmlns:sumo="https://www.sumochallenge.org"><version>2.0</version><categories><id>fb_categories_v1_0</id><url>https://sumochallenge.org/en/categories-1_0.json</url></categories><project_type>bounding_box</project_type><elements><element><id>0</id><category>office_chair</category><bounds><corner1>-1.006289330525103, -0.887289266460062, -0.5570058847052658</corner1><corner2>1.006289330525103, 0.887289266460062, 0.5570058847052658</corner2></bounds><pose><translation>2.1407047955647283, 0.5414148730038086, -1.0337159187480482</translation><rotation><c1>0, 0, 0</c1><c2>0, 0, 0</c2><c3>0, 0, 0</c3></rotation></pose><symmetry><x>twoFold</x><y>cylindrical</y><z>twoFold</z></symmetry><detectionScore>-1.0</detectionScore></element><element><id>1</id><category>washer</category><bounds><corner1>-0.40272634673881624, -0.526175898065208, -0.16045336128165366</corner1><corner2>0.40272634673881624, 0.526175898065208, 0.16045336128165366</corner2></bounds><pose><translation>0.006032634329716504, 1.1923808351933127, -0.6825140650170152</translation><rotation><c1>0, 0, 0</c1><c2>0, 0, 0</c2><c3>0, 0, 0</c3></rotation></pose><symmetry><x>twoFold</x><y>cylindrical</y><z>twoFold</z></symmetry><detectionScore>-1.0</detectionScore></element><element><id>2</id><category>television</category><bounds><corner1>-0.5182991536250632, -0.4838161125659377, -0.5042044390419865</corner1><corner2>0.5182991536250632, 0.4838161125659377, 0.5042044390419865</corner2></bounds><pose><translation>-2.8578690232886714, -1.9634388290663278, -0.3824116790880501</translation><rotation><c1>0, 0, 0</c1><c2>0, 0, 0</c2><c3>0, 0, 0</c3></rotation></pose><symmetry><x>twoFold</x><y>cylindrical</y><z>twoFold</z></symmetry><detectionScore>-1.0</detectionScore></element><element><id>3</id><category>rug</category><bounds><corner1>-0.21381086634969265, -0.0334090003634262, -0.10726522943119388</corner1><corner2>0.21381086634969265, 0.0334090003634262, 0.10726522943119388</corner2></bounds><pose><translation>-0.5382946607651045, -1.528085879986912, -0.7133527934955755</translation><rotation><c1>0, 0, 0</c1><c2>0, 0, 0</c2><c3>0, 0, 0</c3></rotation></pose><symmetry><x>twoFold</x><y>cylindrical</y><z>twoFold</z></symmetry><detectionScore>-1.0</detectionScore></element><element><id>4</id><category>office_chair</category><bounds><corner1>-0.1864089299225955, -0.4974530183877876, -0.2677191850479925</corner1><corner2>0.1864089299225955, 0.4974530183877876, 0.2677191850479925</corner2></bounds><pose><translation>-1.676518246012161, -0.3465130237039125, -0.8371785913058647</translation><rotation><c1>0, 0, 0</c1><c2>0, 0, 0</c2><c3>0, 0, 0</c3></rotation></pose><symmetry><x>twoFold</x><y>cylindrical</y><z>twoFold</z></symmetry><detectionScore>-1.0</detectionScore></element><element><id>5</id><category>wall</category><bounds><corner1>-1.5479578134731513, -1.4360543540245274, -1.0382200248281959</corner1><corner2>1.5479578134731513, 1.4360543540245274, 1.0382200248281959</corner2></bounds><pose><translation>-3.5725989995091565, -0.1704155668920628, -0.22790565615447955</translation><rotation><c1>0, 0, 0</c1><c2>0, 0, 0</c2><c3>0, 0, 0</c3></rotation></pose><symmetry><x>twoFold</x><y>cylindrical</y><z>twoFold</z></symmetry><detectionScore>-1.0</detectionScore></element><element><id>6</id><category>trash_can</category><bounds><corner1>-0.40392733938906683, -0.5226859294460664, -0.14325365622512642</corner1><corner2>0.40392733938906683, 0.5226859294460664, 0.14325365622512642</corner2></bounds><pose><translation>0.005712989438547184, 1.2016093104472576, -0.65411397493107</translation><rotation><c1>0, 0, 0</c1><c2>0, 0, 0</c2><c3>0, 0, 0</c3></rotation></pose><symmetry><x>twoFold</x><y>cylindrical</y><z>twoFold</z></symmetry><detectionScore>-1.0</detectionScore></element><element><id>7</id><category>dishwasher</category><bounds><corner1>-0.4056795364395253, -0.5306293911125841, -0.16523215865993823</corner1><corner2>0.4056795364395253, 0.5306293911125841, 0.16523215865993823</corner2></bounds><pose><translation>-0.0033484221791706464, 1.1899698502340543, -0.686519231273744</translation><rotation><c1>0, 0, 0</c1><c2>0, 0, 0</c2><c3>0, 0, 0</c3></rotation></pose><symmetry><x>twoFold</x><y>cylindrical</y><z>twoFold</z></symmetry><detectionScore>-1.0</detectionScore></element><element><id>8</id><category>wall</category><bounds><corner1>-0.692346181986039, -1.6472107966622342, -0.9530561532200119</corner1><corner2>0.692346181986039, 1.6472107966622342, 0.9530561532200119</corner2></bounds><pose><translation>1.4262326205893994, -3.8892335143748236, -0.16042853983046812</translation><rotation><c1>0, 0, 0</c1><c2>0, 0, 0</c2><c3>0, 0, 0</c3></rotation></pose><symmetry><x>twoFold</x><y>cylindrical</y><z>twoFold</z></symmetry><detectionScore>-1.0</detectionScore></element><element><id>9</id><category>window</category><bounds><corner1>-1.1981474444698614, -0.49883004752086535, -0.7270701471687797</corner1><corner2>1.1981474444698614, 0.49883004752086535, 0.7270701471687797</corner2></bounds><pose><translation>-3.5485625933213587, -2.254038208793636, 0.0034881323258231524</translation><rotation><c1>0, 0, 0</c1><c2>0, 0, 0</c2><c3>0, 0, 0</c3></rotation></pose><symmetry><x>twoFold</x><y>cylindrical</y><z>twoFold</z></symmetry><detectionScore>-1.0</detectionScore></element><element><id>10</id><category>column</category><bounds><corner1>-0.190449024037884, -0.1301138972431981, -1.0794150191948764</corner1><corner2>0.190449024037884, 0.1301138972431981, 1.0794150191948764</corner2></bounds><pose><translation>-0.46051915830725904, -1.5403703672710742, -0.11386968254777911</translation><rotation><c1>0, 0, 0</c1><c2>0, 0, 0</c2><c3>0, 0, 0</c3></rotation></pose><symmetry><x>twoFold</x><y>cylindrical</y><z>twoFold</z></symmetry><detectionScore>-1.0</detectionScore></element><element><id>11</id><category>shelving</category><bounds><corner1>-0.3529679092728504, -0.21120979326689682, -1.156146824380319</corner1><corner2>0.3529679092728504, 0.21120979326689682, 1.156146824380319</corner2></bounds><pose><translation>-2.1363752311853736, 1.2578945785732643, -0.3072720088348899</translation><rotation><c1>0, 0, 0</c1><c2>0, 0, 0</c2><c3>0, 0, 0</c3></rotation></pose><symmetry><x>twoFold</x><y>cylindrical</y><z>twoFold</z></symmetry><detectionScore>-1.0</detectionScore></element><element><id>12</id><category>desk</category><bounds><corner1>-1.2162955790096033, -0.7028674383573428, -0.21269854345544215</corner1><corner2>1.2162955790096033, 0.7028674383573428, 0.21269854345544215</corner2></bounds><pose><translation>1.9036886381245732, -0.4254392900519687, -0.8461796148064141</translation><rotation><c1>0, 0, 0</c1><c2>0, 0, 0</c2><c3>0, 0, 0</c3></rotation></pose><symmetry><x>twoFold</x><y>cylindrical</y><z>twoFold</z></symmetry><detectionScore>-1.0</detectionScore></element><element><id>13</id><category>dryer</category><bounds><corner1>-0.37761721794471076, -0.5307314035806756, -0.17948721227866637</corner1><corner2>0.37761721794471076, 0.5307314035806756, 0.17948721227866637</corner2></bounds><pose><translation>-0.01476770398674996, 1.1854020837172388, -0.7039466469390763</translation><rotation><c1>0, 0, 0</c1><c2>0, 0, 0</c2><c3>0, 0, 0</c3></rotation></pose><symmetry><x>twoFold</x><y>cylindrical</y><z>twoFold</z></symmetry><detectionScore>-1.0</detectionScore></element><element><id>14</id><category>door</category><bounds><corner1>-0.6343058068094074, -2.082174148888291, -1.0752476902581376</corner1><corner2>0.6343058068094074, 2.082174148888291, 1.0752476902581376</corner2></bounds><pose><translation>1.5952535762059032, -4.442866719782005, -0.3964644102432871</translation><rotation><c1>0, 0, 0</c1><c2>0, 0, 0</c2><c3>0, 0, 0</c3></rotation></pose><symmetry><x>twoFold</x><y>cylindrical</y><z>twoFold</z></symmetry><detectionScore>-1.0</detectionScore></element><element><id>15</id><category>microwave</category><bounds><corner1>-0.4053012845365102, -0.5260645617710202, -0.15279792166067185</corner1><corner2>0.4053012845365102, 0.5260645617710202, 0.15279792166067185</corner2></bounds><pose><translation>-0.0011626033466346109, 1.1930178140443493, -0.6753174135163778</translation><rotation><c1>0, 0, 0</c1><c2>0, 0, 0</c2><c3>0, 0, 0</c3></rotation></pose><symmetry><x>twoFold</x><y>cylindrical</y><z>twoFold</z></symmetry><detectionScore>-1.0</detectionScore></element><element><id>16</id><category>wall</category><bounds><corner1>-2.385575583354568, -2.5624752725534465, -0.9232937560567144</corner1><corner2>2.385575583354568, 2.5624752725534465, 0.9232937560567144</corner2></bounds><pose><translation>-0.40021270971367573, -4.098618968505068, -0.14732940259219085</translation><rotation><c1>0, 0, 0</c1><c2>0, 0, 0</c2><c3>0, 0, 0</c3></rotation></pose><symmetry><x>twoFold</x><y>cylindrical</y><z>twoFold</z></symmetry><detectionScore>-1.0</detectionScore></element><element><id>17</id><category>desk</category><bounds><corner1>-0.4846527290517586, -0.645107683166684, -0.25100981073031614</corner1><corner2>0.4846527290517586, 0.645107683166684, 0.25100981073031614</corner2></bounds><pose><translation>-1.8645877349979305, -1.0526585671164037, -0.7689366029375398</translation><rotation><c1>0, 0, 0</c1><c2>0, 0, 0</c2><c3>0, 0, 0</c3></rotation></pose><symmetry><x>twoFold</x><y>cylindrical</y><z>twoFold</z></symmetry><detectionScore>-1.0</detectionScore></element><element><id>18</id><category>window</category><bounds><corner1>-1.0103210296000524, -0.5567284721027901, -0.7042652167475473</corner1><corner2>1.0103210296000524, 0.5567284721027901, 0.7042652167475473</corner2></bounds><pose><translation>-3.6595611656378626, -0.0872718651628203, 0.0035414663199442916</translation><rotation><c1>0, 0, 0</c1><c2>0, 0, 0</c2><c3>0, 0, 0</c3></rotation></pose><symmetry><x>twoFold</x><y>cylindrical</y><z>twoFold</z></symmetry><detectionScore>-1.0</detectionScore></element><element><id>19</id><category>wall</category><bounds><corner1>-0.08160991742819368, -1.7674659981323142, -0.897101476898457</corner1><corner2>0.08160991742819368, 1.7674659981323142, 0.897101476898457</corner2></bounds><pose><translation>3.103027704794997, -0.316606948770734, -0.09435855010648284</translation><rotation><c1>0, 0, 0</c1><c2>0, 0, 0</c2><c3>0, 0, 0</c3></rotation></pose><symmetry><x>twoFold</x><y>cylindrical</y><z>twoFold</z></symmetry><detectionScore>-1.0</detectionScore></element><element><id>20</id><category>wall</category><bounds><corner1>-0.859629541010021, -0.08375028782186544, -1.0015408277727638</corner1><corner2>0.859629541010021, 0.08375028782186544, 1.0015408277727638</corner2></bounds><pose><translation>-0.28998858589336074, 1.6682998175916635, -0.09979251815049363</translation><rotation><c1>0, 0, 0</c1><c2>0, 0, 0</c2><c3>0, 0, 0</c3></rotation></pose><symmetry><x>twoFold</x><y>cylindrical</y><z>twoFold</z></symmetry><detectionScore>-1.0</detectionScore></element><element><id>21</id><category>floor</category><bounds><corner1>-1.1622691313570748, -2.526996173736544, -0.5324899464347519</corner1><corner2>1.1622691313570748, 2.526996173736544, 0.5324899464347519</corner2></bounds><pose><translation>0.9172944112004936, -4.223227576535272, -0.8220831434653879</translation><rotation><c1>0, 0, 0</c1><c2>0, 0, 0</c2><c3>0, 0, 0</c3></rotation></pose><symmetry><x>twoFold</x><y>cylindrical</y><z>twoFold</z></symmetry><detectionScore>-1.0</detectionScore></element><element><id>22</id><category>coffee_table</category><bounds><corner1>-1.2146556383656857, -0.689247065099252, -0.1382696828157911</corner1><corner2>1.2146556383656857, 0.689247065099252, 0.1382696828157911</corner2></bounds><pose><translation>1.902783237342041, -0.46832285633607074, -0.8487311395580102</translation><rotation><c1>0, 0, 0</c1><c2>0, 0, 0</c2><c3>0, 0, 0</c3></rotation></pose><symmetry><x>twoFold</x><y>cylindrical</y><z>twoFold</z></symmetry><detectionScore>-1.0</detectionScore></element><element><id>23</id><category>bookshelf</category><bounds><corner1>-1.3855689071003234, -2.4077424605120283, -0.9827453883057959</corner1><corner2>1.3855689071003234, 2.4077424605120283, 0.9827453883057959</corner2></bounds><pose><translation>-1.9572544730507972, -3.9335797218849424, -0.2789827953881727</translation><rotation><c1>0, 0, 0</c1><c2>0, 0, 0</c2><c3>0, 0, 0</c3></rotation></pose><symmetry><x>twoFold</x><y>cylindrical</y><z>twoFold</z></symmetry><detectionScore>-1.0</detectionScore></element><element><id>24</id><category>shelving</category><bounds><corner1>-1.6955473925463325, -2.4996402413763676, -0.7713326398424841</corner1><corner2>1.6955473925463325, 2.4996402413763676, 0.7713326398424841</corner2></bounds><pose><translation>-2.216275611719312, -4.0304566438299165, -0.06250852062883298</translation><rotation><c1>0, 0, 0</c1><c2>0, 0, 0</c2><c3>0, 0, 0</c3></rotation></pose><symmetry><x>twoFold</x><y>cylindrical</y><z>twoFold</z></symmetry><detectionScore>-1.0</detectionScore></element><element><id>25</id><category>chair</category><bounds><corner1>-0.20057538990147927, -0.938707561143944, -0.3451445019541407</corner1><corner2>0.20057538990147927, 0.938707561143944, 0.3451445019541407</corner2></bounds><pose><translation>2.9249943393639035, -1.4076474673696895, -0.9805088644825668</translation><rotation><c1>0, 0, 0</c1><c2>0, 0, 0</c2><c3>0, 0, 0</c3></rotation></pose><symmetry><x>twoFold</x><y>cylindrical</y><z>twoFold</z></symmetry><detectionScore>-1.0</detectionScore></element><element><id>26</id><category>stand</category><bounds><corner1>-0.8436649754607024, -0.27733331919782134, -0.5283439996217996</corner1><corner2>0.8436649754607024, 0.27733331919782134, 0.5283439996217996</corner2></bounds><pose><translation>-2.924278618164416, 1.1156260741408552, -1.1144564138395212</translation><rotation><c1>0, 0, 0</c1><c2>0, 0, 0</c2><c3>0, 0, 0</c3></rotation></pose><symmetry><x>twoFold</x><y>cylindrical</y><z>twoFold</z></symmetry><detectionScore>-1.0</detectionScore></element></elements></scene>