<?xml version='1.0' encoding='utf-8'?>
<scene xmlns:sumo="https://www.sumochallenge.org"><version>2.0</version><categories><id>fb_categories_v1.0</id><url>https://sumochallenge.org/en/categories-1_0.json</url></categories><project_type>bounding_box</project_type><elements><element><id>4</id><category>ceiling_fan</category><bounds><corner1>-0.60171473, -0.01996859, -2.18432036</corner1><corner2>0.60171473, 0.01996859, 2.18432036</corner2></bounds><pose><translation>-1.05421042,  1.18898487,  3.49299945</translation><rotation><c1>1., 0., 0.</c1><c2>0., 1., 0.</c2><c3>0., 0., 1.</c3></rotation></pose><symmetry><x>none</x><y>cylindrical</y><z>none</z></symmetry><detectionScore>0.96544015</detectionScore></element><element><id>1</id><category>picture_frame</category><bounds><corner1>-0.06329933, -0.68294707, -0.51584183</corner1><corner2>0.06329933, 0.68294707, 0.51584183</corner2></bounds><pose><translation>-3.16375509,  0.50264778, -5.15120314</translation><rotation><c1>1., 0., 0.</c1><c2>0., 1., 0.</c2><c3>0., 0., 1.</c3></rotation></pose><symmetry><x>none</x><y>fourFold</y><z>none</z></symmetry><detectionScore>0.6893257</detectionScore></element><element><id>5</id><category>double_bed</category><bounds><corner1>-1.00915087, -0.45786231, -4.08203888</corner1><corner2>1.00915087, 0.45786231, 4.08203888</corner2></bounds><pose><translation> 0.77608782, -0.89533151,  3.53413587</translation><rotation><c1>1., 0., 0.</c1><c2>0., 1., 0.</c2><c3>0., 0., 1.</c3></rotation></pose><symmetry><x>none</x><y>none</y><z>none</z></symmetry><detectionScore>0.9888918</detectionScore></element><element><id>10</id><category>wall</category><bounds><corner1>-2.34398817, -1.19509821, -0.16422414</corner1><corner2>2.34398817, 1.19509821, 0.16422414</corner2></bounds><pose><translation>-0.69262469, -0.07429749,  7.49812154</translation><rotation><c1>1., 0., 0.</c1><c2>0., 1., 0.</c2><c3>0., 0., 1.</c3></rotation></pose><symmetry><x>none</x><y>twoFold</y><z>none</z></symmetry><detectionScore>0.9447777</detectionScore></element><element><id>3</id><category>picture_frame</category><bounds><corner1>-0.05029112, -0.5526305 , -0.46093812</corner1><corner2>0.05029112, 0.5526305 , 0.46093812</corner2></bounds><pose><translation>-3.06520158,  0.47577423, -0.17659097</translation><rotation><c1>1., 0., 0.</c1><c2>0., 1., 0.</c2><c3>0., 0., 1.</c3></rotation></pose><symmetry><x>none</x><y>fourFold</y><z>none</z></symmetry><detectionScore>0.99476033</detectionScore></element><element><id>2</id><category>plant</category><bounds><corner1>-0.65798725, -0.44506342, -0.32496272</corner1><corner2>0.65798725, 0.44506342, 0.32496272</corner2></bounds><pose><translation>-2.57900956, -0.42936904, -1.1223561 </translation><rotation><c1>1., 0., 0.</c1><c2>0., 1., 0.</c2><c3>0., 0., 1.</c3></rotation></pose><symmetry><x>none</x><y>cylindrical</y><z>none</z></symmetry><detectionScore>0.949447</detectionScore></element><element><id>7</id><category>wall</category><bounds><corner1>-2.21660029, -1.13989736, -2.15514615</corner1><corner2>2.21660029, 1.13989736, 2.15514615</corner2></bounds><pose><translation>-0.78755918, -0.07470475, -6.88899977</translation><rotation><c1>1., 0., 0.</c1><c2>0., 1., 0.</c2><c3>0., 0., 1.</c3></rotation></pose><symmetry><x>none</x><y>twoFold</y><z>none</z></symmetry><detectionScore>0.98556364</detectionScore></element><element><id>9</id><category>desk</category><bounds><corner1>-0.60092015, -0.35583537, -0.56628187</corner1><corner2>0.60092015, 0.35583537, 0.56628187</corner2></bounds><pose><translation>-2.25192242, -0.83556104, -0.044955  </translation><rotation><c1>1., 0., 0.</c1><c2>0., 1., 0.</c2><c3>0., 0., 1.</c3></rotation></pose><symmetry><x>none</x><y>none</y><z>none</z></symmetry><detectionScore>0.5227562</detectionScore></element><element><id>8</id><category>door</category><bounds><corner1>-0.19110029, -0.95672254, -0.7237676 </corner1><corner2>0.19110029, 0.95672254, 0.7237676 </corner2></bounds><pose><translation>-3.04511239, -0.3609674 ,  1.97437359</translation><rotation><c1>1., 0., 0.</c1><c2>0., 1., 0.</c2><c3>0., 0., 1.</c3></rotation></pose><symmetry><x>twoFold</x><y>twoFold</y><z>twoFold</z></symmetry><detectionScore>0.72969973</detectionScore></element><element><id>6</id><category>picture_frame</category><bounds><corner1>-0.05994352, -0.54684414, -0.47984657</corner1><corner2>0.05994352, 0.54684414, 0.47984657</corner2></bounds><pose><translation>-3.07486575,  0.45795311, -2.03504463</translation><rotation><c1>1., 0., 0.</c1><c2>0., 1., 0.</c2><c3>0., 0., 1.</c3></rotation></pose><symmetry><x>none</x><y>fourFold</y><z>none</z></symmetry><detectionScore>0.99595225</detectionScore></element></elements></scene>