<?xml version='1.0' encoding='utf-8'?>
<scene xmlns:sumo="https://www.sumochallenge.org"><version>2.0</version><categories><id>fb_categories_v1_0</id><url>https://sumochallenge.org/en/categories-1_0.json</url></categories><project_type>bounding_box</project_type><elements><element><id>0</id><category>wall</category><bounds><corner1>-2.907823175603485, -1.635192155657557, -0.8413579561422564</corner1><corner2>2.907823175603485, 1.635192155657557, 0.8413579561422564</corner2></bounds><pose><translation>0.12371392526295558, -0.05981484496514064, -2.183118533133276</translation><rotation><c1>1, 0, 0</c1><c2>0, 1, 0</c2><c3>0, 0, 1</c3></rotation></pose><symmetry><x>twoFold</x><y>cylindrical</y><z>twoFold</z></symmetry><detectionScore>-1.0</detectionScore></element><element><id>1</id><category>door</category><bounds><corner1>-0.37555570396939675, -0.9772250124943186, -0.515875352123272</corner1><corner2>0.37555570396939675, 0.9772250124943186, 0.515875352123272</corner2></bounds><pose><translation>-1.030059891101831, -0.18210300666400978, -1.8589950545451825</translation><rotation><c1>1, 0, 0</c1><c2>0, 1, 0</c2><c3>0, 0, 1</c3></rotation></pose><symmetry><x>twoFold</x><y>cylindrical</y><z>twoFold</z></symmetry><detectionScore>-1.0</detectionScore></element><element><id>2</id><category>window</category><bounds><corner1>-0.47768597519490064, -0.903367074657113, -0.08580164126125656</corner1><corner2>0.47768597519490064, 0.903367074657113, 0.08580164126125656</corner2></bounds><pose><translation>-0.6930943218265156, 0.21132054117351842, 3.120734853654969</translation><rotation><c1>1, 0, 0</c1><c2>0, 1, 0</c2><c3>0, 0, 1</c3></rotation></pose><symmetry><x>twoFold</x><y>cylindrical</y><z>twoFold</z></symmetry><detectionScore>-1.0</detectionScore></element><element><id>3</id><category>wall</category><bounds><corner1>-1.8782881852253677, -1.5129192341803828, -0.20084242689566079</corner1><corner2>1.8782881852253677, 1.5129192341803828, 0.20084242689566079</corner2></bounds><pose><translation>1.1818211722938352, -0.020667808040891546, 4.14585594142315</translation><rotation><c1>1, 0, 0</c1><c2>0, 1, 0</c2><c3>0, 0, 1</c3></rotation></pose><symmetry><x>twoFold</x><y>cylindrical</y><z>twoFold</z></symmetry><detectionScore>-1.0</detectionScore></element><element><id>4</id><category>floor</category><bounds><corner1>-5.132330886488396, -1.0056209781882488, -2.0219171367882556</corner1><corner2>5.132330886488396, 1.0056209781882488, 2.0219171367882556</corner2></bounds><pose><translation>3.145917984369297, -1.0056209781882488, -0.5748463425077474</translation><rotation><c1>1, 0, 0</c1><c2>0, 1, 0</c2><c3>0, 0, 1</c3></rotation></pose><symmetry><x>twoFold</x><y>cylindrical</y><z>twoFold</z></symmetry><detectionScore>-1.0</detectionScore></element><element><id>5</id><category>wall</category><bounds><corner1>-0.7438612496720574, -0.926406802378828, -0.2018644127492042</corner1><corner2>0.7438612496720574, 0.926406802378828, 0.2018644127492042</corner2></bounds><pose><translation>-0.006580843008132436, -0.124108302481015, -2.2320329431010504</translation><rotation><c1>1, 0, 0</c1><c2>0, 1, 0</c2><c3>0, 0, 1</c3></rotation></pose><symmetry><x>twoFold</x><y>cylindrical</y><z>twoFold</z></symmetry><detectionScore>-1.0</detectionScore></element><element><id>6</id><category>door</category><bounds><corner1>-0.6103115185704013, -1.4435149830087526, -0.2515307428107887</corner1><corner2>0.6103115185704013, 1.4435149830087526, 0.2515307428107887</corner2></bounds><pose><translation>0.1530987760412424, -0.41303662235802596, -2.2074050728601047</translation><rotation><c1>1, 0, 0</c1><c2>0, 1, 0</c2><c3>0, 0, 1</c3></rotation></pose><symmetry><x>twoFold</x><y>cylindrical</y><z>twoFold</z></symmetry><detectionScore>-1.0</detectionScore></element><element><id>7</id><category>floor_lamp</category><bounds><corner1>-0.18049823203195914, -1.2543825504861623, -1.3474442058986107</corner1><corner2>0.18049823203195914, 1.2543825504861623, 1.3474442058986107</corner2></bounds><pose><translation>-0.9510584053845279, -0.5956507570571423, 1.5105620964730704</translation><rotation><c1>1, 0, 0</c1><c2>0, 1, 0</c2><c3>0, 0, 1</c3></rotation></pose><symmetry><x>twoFold</x><y>cylindrical</y><z>twoFold</z></symmetry><detectionScore>-1.0</detectionScore></element><element><id>8</id><category>armchair</category><bounds><corner1>-0.06693871392514295, -0.18040447654230013, -0.18178436807382892</corner1><corner2>0.06693871392514295, 0.18040447654230013, 0.18178436807382892</corner2></bounds><pose><translation>-1.5127157695834728, -0.2101303968429942, -1.02650182187602</translation><rotation><c1>1, 0, 0</c1><c2>0, 1, 0</c2><c3>0, 0, 1</c3></rotation></pose><symmetry><x>twoFold</x><y>cylindrical</y><z>twoFold</z></symmetry><detectionScore>-1.0</detectionScore></element><element><id>9</id><category>door</category><bounds><corner1>-5.034498806377734, -1.3266523334206706, -1.4334342378637426</corner1><corner2>5.034498806377734, 1.3266523334206706, 1.4334342378637426</corner2></bounds><pose><translation>3.2437500644799595, -0.43384889769689383, -1.4334342378637426</translation><rotation><c1>1, 0, 0</c1><c2>0, 1, 0</c2><c3>0, 0, 1</c3></rotation></pose><symmetry><x>twoFold</x><y>cylindrical</y><z>twoFold</z></symmetry><detectionScore>-1.0</detectionScore></element><element><id>10</id><category>floor_lamp</category><bounds><corner1>-0.23008137656182936, -0.3415799880128488, -1.3682604486601315</corner1><corner2>0.23008137656182936, 0.3415799880128488, 1.3682604486601315</corner2></bounds><pose><translation>-1.0556012810784148, 0.19979522295522328, 1.5513950918439203</translation><rotation><c1>1, 0, 0</c1><c2>0, 1, 0</c2><c3>0, 0, 1</c3></rotation></pose><symmetry><x>twoFold</x><y>cylindrical</y><z>twoFold</z></symmetry><detectionScore>-1.0</detectionScore></element><element><id>11</id><category>sofa</category><bounds><corner1>-0.7313931902833664, -0.7582309041839109, -2.388484567926857</corner1><corner2>0.7313931902833664, 0.7582309041839109, 2.388484567926857</corner2></bounds><pose><translation>-0.5841429754456723, -1.042381359644267, 1.8785460612113254</translation><rotation><c1>1, 0, 0</c1><c2>0, 1, 0</c2><c3>0, 0, 1</c3></rotation></pose><symmetry><x>twoFold</x><y>cylindrical</y><z>twoFold</z></symmetry><detectionScore>-1.0</detectionScore></element><element><id>12</id><category>wall</category><bounds><corner1>-0.35230103592205475, -1.5647643364608534, -0.8224834759741686</corner1><corner2>0.35230103592205475, 1.5647643364608534, 0.8224834759741686</corner2></bounds><pose><translation>-0.9471168273126396, -0.04317213509920205, -2.165603178396079</translation><rotation><c1>1, 0, 0</c1><c2>0, 1, 0</c2><c3>0, 0, 1</c3></rotation></pose><symmetry><x>twoFold</x><y>cylindrical</y><z>twoFold</z></symmetry><detectionScore>-1.0</detectionScore></element><element><id>13</id><category>partition</category><bounds><corner1>-0.5038260776836327, -1.454894568232382, -0.24387297727884039</corner1><corner2>0.5038260776836327, 1.454894568232382, 0.24387297727884039</corner2></bounds><pose><translation>0.0888863335730523, -0.3453231375754007, -2.2143281899614484</translation><rotation><c1>1, 0, 0</c1><c2>0, 1, 0</c2><c3>0, 0, 1</c3></rotation></pose><symmetry><x>twoFold</x><y>cylindrical</y><z>twoFold</z></symmetry><detectionScore>-1.0</detectionScore></element><element><id>14</id><category>sofa</category><bounds><corner1>-0.1920796638034803, -0.3665949196225038, -0.22910596673835948</corner1><corner2>0.1920796638034803, 0.3665949196225038, 0.22910596673835948</corner2></bounds><pose><translation>3.0861425427782856, -0.5582953271831197, -1.9926662056200968</translation><rotation><c1>1, 0, 0</c1><c2>0, 1, 0</c2><c3>0, 0, 1</c3></rotation></pose><symmetry><x>twoFold</x><y>cylindrical</y><z>twoFold</z></symmetry><detectionScore>-1.0</detectionScore></element><element><id>15</id><category>wall</category><bounds><corner1>-0.5998386295604039, -1.4929607679153154, -0.1379977437057689</corner1><corner2>0.5998386295604039, 1.4929607679153154, 0.1379977437057689</corner2></bounds><pose><translation>-0.6771790268110008, 0.05785085015986421, 3.0685387512104567</translation><rotation><c1>1, 0, 0</c1><c2>0, 1, 0</c2><c3>0, 0, 1</c3></rotation></pose><symmetry><x>twoFold</x><y>cylindrical</y><z>twoFold</z></symmetry><detectionScore>-1.0</detectionScore></element><element><id>16</id><category>ottoman</category><bounds><corner1>-1.0596233477918489, -0.7804114348977085, -1.0939632865972397</corner1><corner2>1.0596233477918489, 0.7804114348977085, 1.0939632865972397</corner2></bounds><pose><translation>0.9472311513512427, -1.2484450557281361, 2.6443511338089367</translation><rotation><c1>1, 0, 0</c1><c2>0, 1, 0</c2><c3>0, 0, 1</c3></rotation></pose><symmetry><x>twoFold</x><y>cylindrical</y><z>twoFold</z></symmetry><detectionScore>-1.0</detectionScore></element><element><id>17</id><category>chair</category><bounds><corner1>-0.9145418892488426, -0.2551961759842275, -1.112936846019759</corner1><corner2>0.9145418892488426, 0.2551961759842275, 1.112936846019759</corner2></bounds><pose><translation>-2.3546179930024236, -0.3475656882450408, -2.0846823431045487</translation><rotation><c1>1, 0, 0</c1><c2>0, 1, 0</c2><c3>0, 0, 1</c3></rotation></pose><symmetry><x>twoFold</x><y>cylindrical</y><z>twoFold</z></symmetry><detectionScore>-1.0</detectionScore></element><element><id>18</id><category>coffee_table</category><bounds><corner1>-1.0631743298013114, -0.7918049588823095, -1.0975211554365703</corner1><corner2>1.0631743298013114, 0.7918049588823095, 1.0975211554365703</corner2></bounds><pose><translation>0.94368016934178, -1.2497016555168048, 2.640793264969606</translation><rotation><c1>1, 0, 0</c1><c2>0, 1, 0</c2><c3>0, 0, 1</c3></rotation></pose><symmetry><x>twoFold</x><y>cylindrical</y><z>twoFold</z></symmetry><detectionScore>-1.0</detectionScore></element><element><id>19</id><category>window</category><bounds><corner1>-1.2527338673010189, -0.9077596201871712, -0.12394109500742001</corner1><corner2>1.2527338673010189, 0.9077596201871712, 0.12394109500742001</corner2></bounds><pose><translation>1.5500653337902566, 0.12020455635039773, 4.222757273311391</translation><rotation><c1>1, 0, 0</c1><c2>0, 1, 0</c2><c3>0, 0, 1</c3></rotation></pose><symmetry><x>twoFold</x><y>cylindrical</y><z>twoFold</z></symmetry><detectionScore>-1.0</detectionScore></element><element><id>20</id><category>wall</category><bounds><corner1>-4.9957216530269, -1.6647903072664427, -1.6582941610297237</corner1><corner2>4.9957216530269, 1.6647903072664427, 1.6582941610297237</corner2></bounds><pose><translation>3.1477437905388754, -0.13133795844937352, -1.6582941610297237</translation><rotation><c1>1, 0, 0</c1><c2>0, 1, 0</c2><c3>0, 0, 1</c3></rotation></pose><symmetry><x>twoFold</x><y>cylindrical</y><z>twoFold</z></symmetry><detectionScore>-1.0</detectionScore></element><element><id>21</id><category>stand</category><bounds><corner1>-0.2867788085259062, -0.4976229069878798, -0.5543181345019697</corner1><corner2>0.2867788085259062, 0.4976229069878798, 0.5543181345019697</corner2></bounds><pose><translation>2.957972481601584, -1.0606919684777059, -0.04975017546848255</translation><rotation><c1>1, 0, 0</c1><c2>0, 1, 0</c2><c3>0, 0, 1</c3></rotation></pose><symmetry><x>twoFold</x><y>cylindrical</y><z>twoFold</z></symmetry><detectionScore>-1.0</detectionScore></element><element><id>22</id><category>sofa</category><bounds><corner1>-2.2294453698806107, -0.4550488791767201, -0.9461906363294994</corner1><corner2>2.2294453698806107, 0.4550488791767201, 0.9461906363294994</corner2></bounds><pose><translation>0.9092336714014937, -0.6974905527559868, 3.3760880850698602</translation><rotation><c1>1, 0, 0</c1><c2>0, 1, 0</c2><c3>0, 0, 1</c3></rotation></pose><symmetry><x>twoFold</x><y>cylindrical</y><z>twoFold</z></symmetry><detectionScore>-1.0</detectionScore></element><element><id>23</id><category>wall</category><bounds><corner1>-0.3114182467353669, -0.6495181167508423, -0.44806314638685496</corner1><corner2>0.3114182467353669, 0.6495181167508423, 0.44806314638685496</corner2></bounds><pose><translation>-1.0852830204038164, 0.07491873994852069, -1.8452321129730331</translation><rotation><c1>1, 0, 0</c1><c2>0, 1, 0</c2><c3>0, 0, 1</c3></rotation></pose><symmetry><x>twoFold</x><y>cylindrical</y><z>twoFold</z></symmetry><detectionScore>-1.0</detectionScore></element></elements></scene>