<?xml version='1.0' encoding='utf-8'?>
<scene xmlns:sumo="https://www.sumochallenge.org"><version>2.0</version><categories><id>fb_categories_v1_0</id><url>https://sumochallenge.org/en/categories-1_0.json</url></categories><project_type>bounding_box</project_type><elements><element><id>0</id><category>desk</category><bounds><corner1>-1.7543759727790034, -0.4248030810171614, -0.7243692851616768</corner1><corner2>1.7543759727790034, 0.4248030810171614, 0.7243692851616768</corner2></bounds><pose><translation>1.64366537527443, -0.9041423789714452, 0.7408636425552659</translation><rotation><c1>1, 0, 0</c1><c2>0, 1, 0</c2><c3>0, 0, 1</c3></rotation></pose><symmetry><x>twoFold</x><y>cylindrical</y><z>twoFold</z></symmetry><detectionScore>-1.0</detectionScore></element><element><id>1</id><category>picture_frame</category><bounds><corner1>-0.21786550723180287, -0.8064645308995728, -0.4465580551152819</corner1><corner2>0.21786550723180287, 0.8064645308995728, 0.4465580551152819</corner2></bounds><pose><translation>-0.6781176439921358, -0.7173449575949093, -1.7013920031681473</translation><rotation><c1>1, 0, 0</c1><c2>0, 1, 0</c2><c3>0, 0, 1</c3></rotation></pose><symmetry><x>twoFold</x><y>cylindrical</y><z>twoFold</z></symmetry><detectionScore>-1.0</detectionScore></element><element><id>2</id><category>mirror</category><bounds><corner1>-0.2214727739683615, -0.877922049305738, -0.47937821731286623</corner1><corner2>0.2214727739683615, 0.877922049305738, 0.47937821731286623</corner2></bounds><pose><translation>-0.6817249107286945, -0.7332076445289275, -1.7300411365423634</translation><rotation><c1>1, 0, 0</c1><c2>0, 1, 0</c2><c3>0, 0, 1</c3></rotation></pose><symmetry><x>twoFold</x><y>cylindrical</y><z>twoFold</z></symmetry><detectionScore>-1.0</detectionScore></element><element><id>3</id><category>double_bed</category><bounds><corner1>-1.2433812368595958, -0.9255885626267387, -1.007300670779183</corner1><corner2>1.2433812368595958, 0.9255885626267387, 1.007300670779183</corner2></bounds><pose><translation>-0.2952907358581177, -1.1640881893008737, -2.3339147762359826</translation><rotation><c1>1, 0, 0</c1><c2>0, 1, 0</c2><c3>0, 0, 1</c3></rotation></pose><symmetry><x>twoFold</x><y>cylindrical</y><z>twoFold</z></symmetry><detectionScore>-1.0</detectionScore></element><element><id>4</id><category>office_chair</category><bounds><corner1>-4.006172168493478, -0.5611425199308036, -1.1020795724196273</corner1><corner2>4.006172168493478, 0.5611425199308036, 1.1020795724196273</corner2></bounds><pose><translation>1.6329960753564787, -1.0062792775261067, 0.15947116742092818</translation><rotation><c1>1, 0, 0</c1><c2>0, 1, 0</c2><c3>0, 0, 1</c3></rotation></pose><symmetry><x>twoFold</x><y>cylindrical</y><z>twoFold</z></symmetry><detectionScore>-1.0</detectionScore></element><element><id>5</id><category>single_bed</category><bounds><corner1>-1.3378050501436038, -0.8155683844902457, -1.3746512039680479</corner1><corner2>1.3378050501436038, 0.8155683844902457, 1.3746512039680479</corner2></bounds><pose><translation>1.0258649561902677, -1.4686821064186852, -3.641185804176753</translation><rotation><c1>1, 0, 0</c1><c2>0, 1, 0</c2><c3>0, 0, 1</c3></rotation></pose><symmetry><x>twoFold</x><y>cylindrical</y><z>twoFold</z></symmetry><detectionScore>-1.0</detectionScore></element><element><id>6</id><category>wall</category><bounds><corner1>-1.8126104363330233, -1.3674591530203157, -10.636328757927139</corner1><corner2>1.8126104363330233, 1.3674591530203157, 10.636328757927139</corner2></bounds><pose><translation>0.3864703043293153, -0.02260269443389433, 1.559966940072635</translation><rotation><c1>1, 0, 0</c1><c2>0, 1, 0</c2><c3>0, 0, 1</c3></rotation></pose><symmetry><x>twoFold</x><y>cylindrical</y><z>twoFold</z></symmetry><detectionScore>-1.0</detectionScore></element><element><id>7</id><category>chair</category><bounds><corner1>-0.45797154003541474, -0.7520291746405294, -0.71889236123168</corner1><corner2>0.45797154003541474, 0.7520291746405294, 0.71889236123168</corner2></bounds><pose><translation>2.4508630280543398, -1.211864366736319, -3.565506344872628</translation><rotation><c1>1, 0, 0</c1><c2>0, 1, 0</c2><c3>0, 0, 1</c3></rotation></pose><symmetry><x>twoFold</x><y>cylindrical</y><z>twoFold</z></symmetry><detectionScore>-1.0</detectionScore></element><element><id>8</id><category>coffee_table</category><bounds><corner1>-1.5933599746095097, -0.34155841362354566, -0.6486318906131487</corner1><corner2>1.5933599746095097, 0.34155841362354566, 0.6486318906131487</corner2></bounds><pose><translation>1.8047230591470076, -0.8857979150474887, 0.7989962110061866</translation><rotation><c1>1, 0, 0</c1><c2>0, 1, 0</c2><c3>0, 0, 1</c3></rotation></pose><symmetry><x>twoFold</x><y>cylindrical</y><z>twoFold</z></symmetry><detectionScore>-1.0</detectionScore></element><element><id>9</id><category>floor</category><bounds><corner1>-3.9843519489924866, -0.6154481678833983, -1.5515558356979509</corner1><corner2>3.9843519489924866, 0.6154481678833983, 1.5515558356979509</corner2></bounds><pose><translation>3.2669942422747473, -0.9822817552188163, -0.7658384950082321</translation><rotation><c1>1, 0, 0</c1><c2>0, 1, 0</c2><c3>0, 0, 1</c3></rotation></pose><symmetry><x>twoFold</x><y>cylindrical</y><z>twoFold</z></symmetry><detectionScore>-1.0</detectionScore></element><element><id>10</id><category>wall</category><bounds><corner1>-2.087195924352245, -1.5043682895476336, -1.4550281077516827</corner1><corner2>2.087195924352245, 1.5043682895476336, 1.4550281077516827</corner2></bounds><pose><translation>1.1159839259214441, -0.14327693797941612, -4.451639516918568</translation><rotation><c1>1, 0, 0</c1><c2>0, 1, 0</c2><c3>0, 0, 1</c3></rotation></pose><symmetry><x>twoFold</x><y>cylindrical</y><z>twoFold</z></symmetry><detectionScore>-1.0</detectionScore></element><element><id>11</id><category>person</category><bounds><corner1>-5.501955440098579, -0.8462408588306768, -1.0915609081971698</corner1><corner2>5.501955440098579, 0.8462408588306768, 1.0915609081971698</corner2></bounds><pose><translation>1.784316468854414, -0.8547316804025173, 0.2739138244378818</translation><rotation><c1>1, 0, 0</c1><c2>0, 1, 0</c2><c3>0, 0, 1</c3></rotation></pose><symmetry><x>twoFold</x><y>cylindrical</y><z>twoFold</z></symmetry><detectionScore>-1.0</detectionScore></element><element><id>12</id><category>door</category><bounds><corner1>-2.3128836440255336, -1.4536188240641117, -10.677921192146412</corner1><corner2>2.3128836440255336, 1.4536188240641117, 10.677921192146412</corner2></bounds><pose><translation>-0.11380290336319493, -0.03821149100332601, 1.518374505853363</translation><rotation><c1>1, 0, 0</c1><c2>0, 1, 0</c2><c3>0, 0, 1</c3></rotation></pose><symmetry><x>twoFold</x><y>cylindrical</y><z>twoFold</z></symmetry><detectionScore>-1.0</detectionScore></element><element><id>13</id><category>wall</category><bounds><corner1>-3.954598928598994, -1.2884655905319289, -0.831133851638997</corner1><corner2>3.954598928598994, 1.2884655905319289, 0.831133851638997</corner2></bounds><pose><translation>3.331672980353999, -0.01658124782072611, -1.4846049146216065</translation><rotation><c1>1, 0, 0</c1><c2>0, 1, 0</c2><c3>0, 0, 1</c3></rotation></pose><symmetry><x>twoFold</x><y>cylindrical</y><z>twoFold</z></symmetry><detectionScore>-1.0</detectionScore></element><element><id>14</id><category>wall</category><bounds><corner1>-3.979916765767902, -1.4794407499608517, -2.304625203492655</corner1><corner2>3.979916765767902, 1.4794407499608517, 2.304625203492655</corner2></bounds><pose><translation>3.306355143185091, -0.13253024603575153, -0.9553150053647</translation><rotation><c1>1, 0, 0</c1><c2>0, 1, 0</c2><c3>0, 0, 1</c3></rotation></pose><symmetry><x>twoFold</x><y>cylindrical</y><z>twoFold</z></symmetry><detectionScore>-1.0</detectionScore></element><element><id>15</id><category>whiteboard</category><bounds><corner1>-0.3217244732957159, -0.8619748984772186, -0.582156718564133</corner1><corner2>0.3217244732957159, 0.8619748984772186, 0.582156718564133</corner2></bounds><pose><translation>-0.6382606017735057, -0.9314358978889413, -1.8227194110810678</translation><rotation><c1>1, 0, 0</c1><c2>0, 1, 0</c2><c3>0, 0, 1</c3></rotation></pose><symmetry><x>twoFold</x><y>cylindrical</y><z>twoFold</z></symmetry><detectionScore>-1.0</detectionScore></element><element><id>16</id><category>door</category><bounds><corner1>-3.910210814182872, -1.7762381335422104, -0.6561431154583359</corner1><corner2>3.910210814182872, 1.7762381335422104, 0.6561431154583359</corner2></bounds><pose><translation>3.376061094770121, -0.4724199578835176, -0.6127059973815399</translation><rotation><c1>1, 0, 0</c1><c2>0, 1, 0</c2><c3>0, 0, 1</c3></rotation></pose><symmetry><x>twoFold</x><y>cylindrical</y><z>twoFold</z></symmetry><detectionScore>-1.0</detectionScore></element><element><id>17</id><category>single_bed</category><bounds><corner1>-1.1622415225874834, -0.8793812028560648, -0.9726941000972864</corner1><corner2>1.1622415225874834, 0.8793812028560648, 0.9726941000972864</corner2></bounds><pose><translation>-0.18220058899124633, -1.184095349693613, -2.4365944349406905</translation><rotation><c1>1, 0, 0</c1><c2>0, 1, 0</c2><c3>0, 0, 1</c3></rotation></pose><symmetry><x>twoFold</x><y>cylindrical</y><z>twoFold</z></symmetry><detectionScore>-1.0</detectionScore></element><element><id>18</id><category>floor_lamp</category><bounds><corner1>-0.23019087797511273, -0.8326100320568735, -0.5292416168515335</corner1><corner2>0.23019087797511273, 0.8326100320568735, 0.5292416168515335</corner2></bounds><pose><translation>-0.6655624602852103, -0.7879283358453041, -1.7807772241485742</translation><rotation><c1>1, 0, 0</c1><c2>0, 1, 0</c2><c3>0, 0, 1</c3></rotation></pose><symmetry><x>twoFold</x><y>cylindrical</y><z>twoFold</z></symmetry><detectionScore>-1.0</detectionScore></element><element><id>19</id><category>laptop</category><bounds><corner1>-1.5408142757031826, -0.28646170574863716, -0.4339774676301973</corner1><corner2>1.5408142757031826, 0.28646170574863716, 0.4339774676301973</corner2></bounds><pose><translation>1.8325089460935948, -0.8614582337387263, 0.990735650759395</translation><rotation><c1>1, 0, 0</c1><c2>0, 1, 0</c2><c3>0, 0, 1</c3></rotation></pose><symmetry><x>twoFold</x><y>cylindrical</y><z>twoFold</z></symmetry><detectionScore>-1.0</detectionScore></element><element><id>20</id><category>ottoman</category><bounds><corner1>-0.5297955320120509, -0.7967184943117704, -0.5617653688269124</corner1><corner2>0.5297955320120509, 0.7967184943117704, 0.5617653688269124</corner2></bounds><pose><translation>2.3776055052881313, -1.5383753989432376, -3.4367485502616053</translation><rotation><c1>1, 0, 0</c1><c2>0, 1, 0</c2><c3>0, 0, 1</c3></rotation></pose><symmetry><x>twoFold</x><y>cylindrical</y><z>twoFold</z></symmetry><detectionScore>-1.0</detectionScore></element><element><id>21</id><category>door</category><bounds><corner1>-2.0717300009480404, -0.9455750181314482, -10.968877919978244</corner1><corner2>2.0717300009480404, 0.9455750181314482, 10.968877919978244</corner2></bounds><pose><translation>0.12735073971429825, -0.11103365988040996, 1.2274177780215307</translation><rotation><c1>1, 0, 0</c1><c2>0, 1, 0</c2><c3>0, 0, 1</c3></rotation></pose><symmetry><x>twoFold</x><y>cylindrical</y><z>twoFold</z></symmetry><detectionScore>-1.0</detectionScore></element><element><id>22</id><category>toy</category><bounds><corner1>-1.3129187532710043, -1.3169797655808113, -1.8724841008042574</corner1><corner2>1.3129187532710043, 1.3169797655808113, 1.8724841008042574</corner2></bounds><pose><translation>1.3783642660133075, -1.4290288355918994, -4.13597995986753</translation><rotation><c1>1, 0, 0</c1><c2>0, 1, 0</c2><c3>0, 0, 1</c3></rotation></pose><symmetry><x>twoFold</x><y>cylindrical</y><z>twoFold</z></symmetry><detectionScore>-1.0</detectionScore></element></elements></scene>