<?xml version='1.0' encoding='utf-8'?>
<scene xmlns:sumo="https://www.sumochallenge.org"><version>2.0</version><categories><id>fb_categories_v1.0</id><url>https://sumochallenge.org/en/categories-1_0.json</url></categories><project_type>bounding_box</project_type><elements><element><id>25</id><category>curtain</category><bounds><corner1>-2.29735546, -0.52161978,  3.30318676</corner1><corner2>0.27468311, 1.30684971, 4.87422352</corner2></bounds><pose><translation>0., 0., 0.</translation><rotation><c1>1., 0., 0.</c1><c2>0., 1., 0.</c2><c3>0., 0., 1.</c3></rotation></pose><symmetry><x>none</x><y>none</y><z>none</z></symmetry><detectionScore>-1</detectionScore></element><element><id>24</id><category>wall</category><bounds><corner1>-5.00400897, -0.97015926, -7.9933742 </corner1><corner2> 0.0335694 ,  1.27127365, -1.36301449</corner2></bounds><pose><translation>0., 0., 0.</translation><rotation><c1>1., 0., 0.</c1><c2>0., 1., 0.</c2><c3>0., 0., 1.</c3></rotation></pose><symmetry><x>none</x><y>none</y><z>none</z></symmetry><detectionScore>-1</detectionScore></element><element><id>19</id><category>column</category><bounds><corner1>-5.09563038, -0.97223718, -7.86613716</corner1><corner2>-2.07038167,  1.27243163, -3.19213805</corner2></bounds><pose><translation>0., 0., 0.</translation><rotation><c1>1., 0., 0.</c1><c2>0., 1., 0.</c2><c3>0., 0., 1.</c3></rotation></pose><symmetry><x>none</x><y>none</y><z>none</z></symmetry><detectionScore>-1</detectionScore></element><element><id>17</id><category>sofa</category><bounds><corner1>-4.49990213, -1.34550351, -7.94688833</corner1><corner2>-0.23435081, -0.15570948, -1.36904778</corner2></bounds><pose><translation>0., 0., 0.</translation><rotation><c1>1., 0., 0.</c1><c2>0., 1., 0.</c2><c3>0., 0., 1.</c3></rotation></pose><symmetry><x>none</x><y>none</y><z>none</z></symmetry><detectionScore>-1</detectionScore></element><element><id>12</id><category>desk</category><bounds><corner1>-5.08812732, -1.35941165,  1.64061515</corner1><corner2>-2.21195528, -0.25351426,  3.99160287</corner2></bounds><pose><translation>0., 0., 0.</translation><rotation><c1>1., 0., 0.</c1><c2>0., 1., 0.</c2><c3>0., 0., 1.</c3></rotation></pose><symmetry><x>none</x><y>none</y><z>none</z></symmetry><detectionScore>-1</detectionScore></element><element><id>36</id><category>wall</category><bounds><corner1> 0.61200029, -1.12764549, -2.94768634</corner1><corner2>5.5855692 , 1.14505044, 0.21508995</corner2></bounds><pose><translation>0., 0., 0.</translation><rotation><c1>1., 0., 0.</c1><c2>0., 1., 0.</c2><c3>0., 0., 1.</c3></rotation></pose><symmetry><x>none</x><y>none</y><z>none</z></symmetry><detectionScore>-1</detectionScore></element><element><id>44</id><category>wall</category><bounds><corner1>-5.12889745, -1.33470659, -1.82437215</corner1><corner2>-1.99496726,  1.26900433,  3.757144  </corner2></bounds><pose><translation>0., 0., 0.</translation><rotation><c1>1., 0., 0.</c1><c2>0., 1., 0.</c2><c3>0., 0., 1.</c3></rotation></pose><symmetry><x>none</x><y>none</y><z>none</z></symmetry><detectionScore>-1</detectionScore></element><element><id>7</id><category>coffee_table</category><bounds><corner1>-3.6636216 , -1.36557783,  1.15197141</corner1><corner2>-0.42113206, -0.48083281,  4.58249529</corner2></bounds><pose><translation>0., 0., 0.</translation><rotation><c1>1., 0., 0.</c1><c2>0., 1., 0.</c2><c3>0., 0., 1.</c3></rotation></pose><symmetry><x>none</x><y>none</y><z>none</z></symmetry><detectionScore>-1</detectionScore></element><element><id>45</id><category>wall</category><bounds><corner1>-10.01202036,  -1.25796077,  -7.22261979</corner1><corner2>-1.71595661,  1.29444125, -0.76190421</corner2></bounds><pose><translation>0., 0., 0.</translation><rotation><c1>1., 0., 0.</c1><c2>0., 1., 0.</c2><c3>0., 0., 1.</c3></rotation></pose><symmetry><x>none</x><y>none</y><z>none</z></symmetry><detectionScore>-1</detectionScore></element><element><id>10</id><category>kitchen_cabinet</category><bounds><corner1> 0.80500976, -1.30748166, -2.10378029</corner1><corner2>5.60462408, 1.20845945, 0.01817117</corner2></bounds><pose><translation>0., 0., 0.</translation><rotation><c1>1., 0., 0.</c1><c2>0., 1., 0.</c2><c3>0., 0., 1.</c3></rotation></pose><symmetry><x>none</x><y>none</y><z>none</z></symmetry><detectionScore>-1</detectionScore></element><element><id>43</id><category>chair</category><bounds><corner1>-4.8115312 , -1.36871665, -1.72347848</corner1><corner2>-1.58504302, -0.43756338, -0.36209706</corner2></bounds><pose><translation>0., 0., 0.</translation><rotation><c1>1., 0., 0.</c1><c2>0., 1., 0.</c2><c3>0., 0., 1.</c3></rotation></pose><symmetry><x>none</x><y>none</y><z>none</z></symmetry><detectionScore>-1</detectionScore></element><element><id>26</id><category>person</category><bounds><corner1>-3.98381958, -1.05424604, -8.00606453</corner1><corner2>-0.24788108, -0.02277207, -1.36804813</corner2></bounds><pose><translation>0., 0., 0.</translation><rotation><c1>1., 0., 0.</c1><c2>0., 1., 0.</c2><c3>0., 0., 1.</c3></rotation></pose><symmetry><x>none</x><y>none</y><z>none</z></symmetry><detectionScore>-1</detectionScore></element><element><id>41</id><category>fireplace</category><bounds><corner1>-1.05860894, -0.58195467, -7.66998576</corner1><corner2> 0.30610829,  1.30216048, -1.36098921</corner2></bounds><pose><translation>0., 0., 0.</translation><rotation><c1>1., 0., 0.</c1><c2>0., 1., 0.</c2><c3>0., 0., 1.</c3></rotation></pose><symmetry><x>none</x><y>none</y><z>none</z></symmetry><detectionScore>-1</detectionScore></element><element><id>2</id><category>floor_lamp</category><bounds><corner1>-5.14448477, -1.36290535,  0.90652132</corner1><corner2>-2.68416327,  0.24421334,  2.24274086</corner2></bounds><pose><translation>0., 0., 0.</translation><rotation><c1>1., 0., 0.</c1><c2>0., 1., 0.</c2><c3>0., 0., 1.</c3></rotation></pose><symmetry><x>none</x><y>none</y><z>none</z></symmetry><detectionScore>-1</detectionScore></element><element><id>40</id><category>wall</category><bounds><corner1>-1.07327569, -0.36623096, -7.71324072</corner1><corner2> 0.30375117,  1.29038551, -1.36095994</corner2></bounds><pose><translation>0., 0., 0.</translation><rotation><c1>1., 0., 0.</c1><c2>0., 1., 0.</c2><c3>0., 0., 1.</c3></rotation></pose><symmetry><x>none</x><y>none</y><z>none</z></symmetry><detectionScore>-1</detectionScore></element><element><id>38</id><category>armchair</category><bounds><corner1>-5.05113978, -1.36411489, -4.33275163</corner1><corner2>-1.34698542, -0.47240899, -0.79822761</corner2></bounds><pose><translation>0., 0., 0.</translation><rotation><c1>1., 0., 0.</c1><c2>0., 1., 0.</c2><c3>0., 0., 1.</c3></rotation></pose><symmetry><x>none</x><y>none</y><z>none</z></symmetry><detectionScore>-1</detectionScore></element><element><id>48</id><category>picture_frame</category><bounds><corner1> 0.79101258, -0.52923947, -0.76260589</corner1><corner2> 0.90202338, -0.38904751, -0.6621838 </corner2></bounds><pose><translation>0., 0., 0.</translation><rotation><c1>1., 0., 0.</c1><c2>0., 1., 0.</c2><c3>0., 0., 1.</c3></rotation></pose><symmetry><x>none</x><y>none</y><z>none</z></symmetry><detectionScore>-1</detectionScore></element><element><id>31</id><category>armchair</category><bounds><corner1>-3.70675953, -1.36470079,  1.14996258</corner1><corner2>-0.41933274, -0.48184585,  4.73327327</corner2></bounds><pose><translation>0., 0., 0.</translation><rotation><c1>1., 0., 0.</c1><c2>0., 1., 0.</c2><c3>0., 0., 1.</c3></rotation></pose><symmetry><x>none</x><y>none</y><z>none</z></symmetry><detectionScore>-1</detectionScore></element><element><id>50</id><category>sofa</category><bounds><corner1>-5.04314895, -1.36780805,  0.06786617</corner1><corner2>-1.24598722, -0.48634371,  3.09119414</corner2></bounds><pose><translation>0., 0., 0.</translation><rotation><c1>1., 0., 0.</c1><c2>0., 1., 0.</c2><c3>0., 0., 1.</c3></rotation></pose><symmetry><x>none</x><y>none</y><z>none</z></symmetry><detectionScore>-1</detectionScore></element><element><id>52</id><category>window</category><bounds><corner1>-2.36465971, -1.12119854,  2.1600642 </corner1><corner2>0.3066543 , 1.29551376, 4.89006684</corner2></bounds><pose><translation>0., 0., 0.</translation><rotation><c1>1., 0., 0.</c1><c2>0., 1., 0.</c2><c3>0., 0., 1.</c3></rotation></pose><symmetry><x>none</x><y>none</y><z>none</z></symmetry><detectionScore>-1</detectionScore></element><element><id>1</id><category>chair</category><bounds><corner1>-5.00311295, -1.36583978, -4.25758191</corner1><corner2>-1.32802077, -0.54975158, -0.82614141</corner2></bounds><pose><translation>0., 0., 0.</translation><rotation><c1>1., 0., 0.</c1><c2>0., 1., 0.</c2><c3>0., 0., 1.</c3></rotation></pose><symmetry><x>none</x><y>none</y><z>none</z></symmetry><detectionScore>-1</detectionScore></element><element><id>27</id><category>chandelier</category><bounds><corner1>-5.061393  ,  0.51119336, -4.10479682</corner1><corner2>-1.78000177,  1.31774813, -1.14149581</corner2></bounds><pose><translation>0., 0., 0.</translation><rotation><c1>1., 0., 0.</c1><c2>0., 1., 0.</c2><c3>0., 0., 1.</c3></rotation></pose><symmetry><x>none</x><y>none</y><z>none</z></symmetry><detectionScore>-1</detectionScore></element><element><id>46</id><category>plant</category><bounds><corner1>-3.72569507, -1.35501072,  1.9341093 </corner1><corner2>-1.0399305 ,  1.29761325,  4.90148246</corner2></bounds><pose><translation>0., 0., 0.</translation><rotation><c1>1., 0., 0.</c1><c2>0., 1., 0.</c2><c3>0., 0., 1.</c3></rotation></pose><symmetry><x>none</x><y>none</y><z>none</z></symmetry><detectionScore>-1</detectionScore></element><element><id>51</id><category>wall</category><bounds><corner1>-2.42750537, -1.32527268,  1.60098518</corner1><corner2>0.30844885, 1.30564359, 4.88603954</corner2></bounds><pose><translation>0., 0., 0.</translation><rotation><c1>1., 0., 0.</c1><c2>0., 1., 0.</c2><c3>0., 0., 1.</c3></rotation></pose><symmetry><x>none</x><y>none</y><z>none</z></symmetry><detectionScore>-1</detectionScore></element><element><id>47</id><category>kitchen_cabinet</category><bounds><corner1> 0.9380115 , -1.33718194, -2.93872348</corner1><corner2> 5.63225145, -0.04922055, -0.59639425</corner2></bounds><pose><translation>0., 0., 0.</translation><rotation><c1>1., 0., 0.</c1><c2>0., 1., 0.</c2><c3>0., 0., 1.</c3></rotation></pose><symmetry><x>none</x><y>none</y><z>none</z></symmetry><detectionScore>-1</detectionScore></element><element><id>18</id><category>shelving</category><bounds><corner1>-5.08919152, -1.33134219,  1.69996817</corner1><corner2>-2.58379053, -0.43473941,  3.56027932</corner2></bounds><pose><translation>0., 0., 0.</translation><rotation><c1>1., 0., 0.</c1><c2>0., 1., 0.</c2><c3>0., 0., 1.</c3></rotation></pose><symmetry><x>none</x><y>none</y><z>none</z></symmetry><detectionScore>-1</detectionScore></element><element><id>21</id><category>shelving</category><bounds><corner1>-5.08466317, -1.36381102,  1.62938988</corner1><corner2>-2.50905909, -0.29717707,  3.2474116 </corner2></bounds><pose><translation>0., 0., 0.</translation><rotation><c1>1., 0., 0.</c1><c2>0., 1., 0.</c2><c3>0., 0., 1.</c3></rotation></pose><symmetry><x>none</x><y>none</y><z>none</z></symmetry><detectionScore>-1</detectionScore></element><element><id>9</id><category>curtain</category><bounds><corner1>-4.90132016, -1.00548484, -8.01152936</corner1><corner2>-0.23703548,  1.29365427, -1.37202469</corner2></bounds><pose><translation>0., 0., 0.</translation><rotation><c1>1., 0., 0.</c1><c2>0., 1., 0.</c2><c3>0., 0., 1.</c3></rotation></pose><symmetry><x>none</x><y>none</y><z>none</z></symmetry><detectionScore>-1</detectionScore></element><element><id>32</id><category>armchair</category><bounds><corner1>-5.05245327, -1.36361232, -2.43452652</corner1><corner2>-1.64502249, -0.38073142, -0.40861588</corner2></bounds><pose><translation>0., 0., 0.</translation><rotation><c1>1., 0., 0.</c1><c2>0., 1., 0.</c2><c3>0., 0., 1.</c3></rotation></pose><symmetry><x>none</x><y>none</y><z>none</z></symmetry><detectionScore>-1</detectionScore></element><element><id>6</id><category>door</category><bounds><corner1>-10.0663477 ,  -1.27530988,  -7.34963002</corner1><corner2>-1.76504372,  0.91513716, -0.90141376</corner2></bounds><pose><translation>0., 0., 0.</translation><rotation><c1>1., 0., 0.</c1><c2>0., 1., 0.</c2><c3>0., 0., 1.</c3></rotation></pose><symmetry><x>none</x><y>none</y><z>none</z></symmetry><detectionScore>-1</detectionScore></element><element><id>35</id><category>armchair</category><bounds><corner1>-5.11912948, -1.36590381,  0.1411988 </corner1><corner2>-1.25496013, -0.47853881,  2.56386474</corner2></bounds><pose><translation>0., 0., 0.</translation><rotation><c1>1., 0., 0.</c1><c2>0., 1., 0.</c2><c3>0., 0., 1.</c3></rotation></pose><symmetry><x>none</x><y>none</y><z>none</z></symmetry><detectionScore>-1</detectionScore></element><element><id>8</id><category>switch</category><bounds><corner1> 0.79198119, -0.53268893, -0.76273805</corner1><corner2> 0.90202105, -0.38579727, -0.6622171 </corner2></bounds><pose><translation>0., 0., 0.</translation><rotation><c1>1., 0., 0.</c1><c2>0., 1., 0.</c2><c3>0., 0., 1.</c3></rotation></pose><symmetry><x>none</x><y>none</y><z>none</z></symmetry><detectionScore>-1</detectionScore></element><element><id>53</id><category>kitchen_cabinet</category><bounds><corner1> 0.82298469, -1.35010546, -1.6858453 </corner1><corner2> 4.96340073e+00, -8.77842710e-02,  8.01769916e-04</corner2></bounds><pose><translation>0., 0., 0.</translation><rotation><c1>1., 0., 0.</c1><c2>0., 1., 0.</c2><c3>0., 0., 1.</c3></rotation></pose><symmetry><x>none</x><y>none</y><z>none</z></symmetry><detectionScore>-1</detectionScore></element><element><id>16</id><category>shelving</category><bounds><corner1>-5.08798316, -1.36312116,  1.63447581</corner1><corner2>-2.1199408 , -0.22162998,  3.92879992</corner2></bounds><pose><translation>0., 0., 0.</translation><rotation><c1>1., 0., 0.</c1><c2>0., 1., 0.</c2><c3>0., 0., 1.</c3></rotation></pose><symmetry><x>none</x><y>none</y><z>none</z></symmetry><detectionScore>-1</detectionScore></element><element><id>33</id><category>chair</category><bounds><corner1>-3.62582234, -1.36346698,  1.14499821</corner1><corner2>-0.474814  , -0.49849316,  4.53075808</corner2></bounds><pose><translation>0., 0., 0.</translation><rotation><c1>1., 0., 0.</c1><c2>0., 1., 0.</c2><c3>0., 0., 1.</c3></rotation></pose><symmetry><x>none</x><y>none</y><z>none</z></symmetry><detectionScore>-1</detectionScore></element><element><id>22</id><category>hanger</category><bounds><corner1>-5.14559357, -1.34381329,  1.51288333</corner1><corner2>-4.4505778 ,  0.09374112,  2.37794363</corner2></bounds><pose><translation>0., 0., 0.</translation><rotation><c1>1., 0., 0.</c1><c2>0., 1., 0.</c2><c3>0., 0., 1.</c3></rotation></pose><symmetry><x>none</x><y>none</y><z>none</z></symmetry><detectionScore>-1</detectionScore></element><element><id>23</id><category>armchair</category><bounds><corner1>-4.97559774, -1.3677322 ,  0.10759416</corner1><corner2>-1.24499902, -0.49078002,  2.97300261</corner2></bounds><pose><translation>0., 0., 0.</translation><rotation><c1>1., 0., 0.</c1><c2>0., 1., 0.</c2><c3>0., 0., 1.</c3></rotation></pose><symmetry><x>none</x><y>none</y><z>none</z></symmetry><detectionScore>-1</detectionScore></element><element><id>11</id><category>wall</category><bounds><corner1>-4.99843954,  1.22334113, -7.70446437</corner1><corner2>-1.21140071,  1.31841358, -2.98488854</corner2></bounds><pose><translation>0., 0., 0.</translation><rotation><c1>1., 0., 0.</c1><c2>0., 1., 0.</c2><c3>0., 0., 1.</c3></rotation></pose><symmetry><x>none</x><y>none</y><z>none</z></symmetry><detectionScore>-1</detectionScore></element><element><id>20</id><category>wall_lamp</category><bounds><corner1>-0.57942003,  0.20789777, -5.74656412</corner1><corner2> 0.30507373,  1.31572803, -1.54697537</corner2></bounds><pose><translation>0., 0., 0.</translation><rotation><c1>1., 0., 0.</c1><c2>0., 1., 0.</c2><c3>0., 0., 1.</c3></rotation></pose><symmetry><x>none</x><y>none</y><z>none</z></symmetry><detectionScore>-1</detectionScore></element><element><id>14</id><category>kitchen_cabinet</category><bounds><corner1> 0.2580703 , -1.04995659,  0.74200532</corner1><corner2>0.31031009, 0.89089752, 2.13900013</corner2></bounds><pose><translation>0., 0., 0.</translation><rotation><c1>1., 0., 0.</c1><c2>0., 1., 0.</c2><c3>0., 0., 1.</c3></rotation></pose><symmetry><x>none</x><y>none</y><z>none</z></symmetry><detectionScore>-1</detectionScore></element><element><id>34</id><category>hanging_kitchen_cabinet</category><bounds><corner1> 9.63006804e-01,  2.87995205e-03, -3.06060769e+00</corner1><corner2> 5.5881496 ,  0.86376801, -0.59436096</corner2></bounds><pose><translation>0., 0., 0.</translation><rotation><c1>1., 0., 0.</c1><c2>0., 1., 0.</c2><c3>0., 0., 1.</c3></rotation></pose><symmetry><x>none</x><y>none</y><z>none</z></symmetry><detectionScore>-1</detectionScore></element><element><id>39</id><category>curtain</category><bounds><corner1>-5.13297107, -1.31915218, -0.89888023</corner1><corner2>-2.31990043,  1.19547248,  3.88057877</corner2></bounds><pose><translation>0., 0., 0.</translation><rotation><c1>1., 0., 0.</c1><c2>0., 1., 0.</c2><c3>0., 0., 1.</c3></rotation></pose><symmetry><x>none</x><y>none</y><z>none</z></symmetry><detectionScore>-1</detectionScore></element><element><id>49</id><category>plant</category><bounds><corner1>-5.07479466, -0.92015747, -7.82049447</corner1><corner2>-2.11555303,  0.77067373, -3.25785844</corner2></bounds><pose><translation>0., 0., 0.</translation><rotation><c1>1., 0., 0.</c1><c2>0., 1., 0.</c2><c3>0., 0., 1.</c3></rotation></pose><symmetry><x>none</x><y>none</y><z>none</z></symmetry><detectionScore>-1</detectionScore></element><element><id>5</id><category>chandelier</category><bounds><corner1>-0.77330431,  0.22408987, -7.08602911</corner1><corner2> 0.30480882,  1.31647224, -1.54799253</corner2></bounds><pose><translation>0., 0., 0.</translation><rotation><c1>1., 0., 0.</c1><c2>0., 1., 0.</c2><c3>0., 0., 1.</c3></rotation></pose><symmetry><x>none</x><y>none</y><z>none</z></symmetry><detectionScore>-1</detectionScore></element><element><id>37</id><category>stairs</category><bounds><corner1>-2.32967416, -0.89988644, -7.91203794</corner1><corner2> 0.14628254,  1.31051782, -1.36195509</corner2></bounds><pose><translation>0., 0., 0.</translation><rotation><c1>1., 0., 0.</c1><c2>0., 1., 0.</c2><c3>0., 0., 1.</c3></rotation></pose><symmetry><x>none</x><y>none</y><z>none</z></symmetry><detectionScore>-1</detectionScore></element><element><id>29</id><category>window</category><bounds><corner1>-4.71233334, -0.95408922, -8.01392581</corner1><corner2>-0.2041252 ,  1.1744603 , -1.36803695</corner2></bounds><pose><translation>0., 0., 0.</translation><rotation><c1>1., 0., 0.</c1><c2>0., 1., 0.</c2><c3>0., 0., 1.</c3></rotation></pose><symmetry><x>none</x><y>none</y><z>none</z></symmetry><detectionScore>-1</detectionScore></element><element><id>30</id><category>window</category><bounds><corner1>-5.10719847, -1.14952872,  2.22212157</corner1><corner2>-3.78319868,  0.98839274,  3.975135  </corner2></bounds><pose><translation>0., 0., 0.</translation><rotation><c1>1., 0., 0.</c1><c2>0., 1., 0.</c2><c3>0., 0., 1.</c3></rotation></pose><symmetry><x>none</x><y>none</y><z>none</z></symmetry><detectionScore>-1</detectionScore></element><element><id>15</id><category>tv_stand</category><bounds><corner1>-5.10282523, -1.34996278,  1.66419851</corner1><corner2>-2.39387042,  0.7936702 ,  3.99918284</corner2></bounds><pose><translation>0., 0., 0.</translation><rotation><c1>1., 0., 0.</c1><c2>0., 1., 0.</c2><c3>0., 0., 1.</c3></rotation></pose><symmetry><x>none</x><y>none</y><z>none</z></symmetry><detectionScore>-1</detectionScore></element><element><id>4</id><category>window</category><bounds><corner1>-5.14160339, -1.17974436, -0.34844275</corner1><corner2>-2.50391685,  1.07670703,  2.60376649</corner2></bounds><pose><translation>0., 0., 0.</translation><rotation><c1>1., 0., 0.</c1><c2>0., 1., 0.</c2><c3>0., 0., 1.</c3></rotation></pose><symmetry><x>none</x><y>none</y><z>none</z></symmetry><detectionScore>-1</detectionScore></element><element><id>42</id><category>floor_lamp</category><bounds><corner1>-5.13547071, -1.36142583,  0.26355516</corner1><corner2>-1.29404303,  0.81625916,  2.73579059</corner2></bounds><pose><translation>0., 0., 0.</translation><rotation><c1>1., 0., 0.</c1><c2>0., 1., 0.</c2><c3>0., 0., 1.</c3></rotation></pose><symmetry><x>none</x><y>none</y><z>none</z></symmetry><detectionScore>-1</detectionScore></element><element><id>28</id><category>wall</category><bounds><corner1>-5.09538675, -0.97288349, -7.87142616</corner1><corner2>-2.06681981,  1.29413494, -3.19370383</corner2></bounds><pose><translation>0., 0., 0.</translation><rotation><c1>1., 0., 0.</c1><c2>0., 1., 0.</c2><c3>0., 0., 1.</c3></rotation></pose><symmetry><x>none</x><y>none</y><z>none</z></symmetry><detectionScore>-1</detectionScore></element><element><id>3</id><category>hanging_kitchen_cabinet</category><bounds><corner1> 0.87931732,  0.01153132, -1.74173717</corner1><corner2> 5.34336633,  0.95831199, -0.06796853</corner2></bounds><pose><translation>0., 0., 0.</translation><rotation><c1>1., 0., 0.</c1><c2>0., 1., 0.</c2><c3>0., 0., 1.</c3></rotation></pose><symmetry><x>none</x><y>none</y><z>none</z></symmetry><detectionScore>-1</detectionScore></element><element><id>13</id><category>chandelier</category><bounds><corner1>-5.04247017,  0.5124461 , -2.39058441</corner1><corner2>-1.95104725,  1.31763399, -1.0711414 </corner2></bounds><pose><translation>0., 0., 0.</translation><rotation><c1>1., 0., 0.</c1><c2>0., 1., 0.</c2><c3>0., 0., 1.</c3></rotation></pose><symmetry><x>none</x><y>none</y><z>none</z></symmetry><detectionScore>-1</detectionScore></element></elements></scene>