<?xml version='1.0' encoding='utf-8'?>
<scene xmlns:sumo="https://www.sumochallenge.org"><version>2.0</version><categories><id>fb_categories_v1.0</id><url>https://sumochallenge.org/en/categories-1_0.json</url></categories><project_type>bounding_box</project_type><elements><element><id>3</id><category>picture_frame</category><bounds><corner1>-0.05867216, -0.96733353, -1.01567358</corner1><corner2>0.05867216, 0.96733353, 1.01567358</corner2></bounds><pose><translation> 3.08718753,  0.06882124, -1.28064665</translation><rotation><c1>1., 0., 0.</c1><c2>0., 1., 0.</c2><c3>0., 0., 1.</c3></rotation></pose><symmetry><x>none</x><y>none</y><z>none</z></symmetry><detectionScore>-1</detectionScore></element><element><id>5</id><category>door</category><bounds><corner1>-3.92635402, -1.34939999, -1.3276533 </corner1><corner2>3.92635402, 1.34939999, 1.3276533 </corner2></bounds><pose><translation> 1.68600206, -0.21672474,  0.4604998 </translation><rotation><c1>1., 0., 0.</c1><c2>0., 1., 0.</c2><c3>0., 0., 1.</c3></rotation></pose><symmetry><x>none</x><y>none</y><z>none</z></symmetry><detectionScore>-1</detectionScore></element><element><id>4</id><category>plant</category><bounds><corner1>-0.62001984, -0.47069193, -0.75689428</corner1><corner2>0.62001984, 0.47069193, 0.75689428</corner2></bounds><pose><translation>-1.7020123 , -0.7811314 , -0.28790602</translation><rotation><c1>1., 0., 0.</c1><c2>0., 1., 0.</c2><c3>0., 0., 1.</c3></rotation></pose><symmetry><x>none</x><y>none</y><z>none</z></symmetry><detectionScore>-1</detectionScore></element><element><id>2</id><category>vase</category><bounds><corner1>-0.28501657, -0.25497174, -0.06997232</corner1><corner2>0.28501657, 0.25497174, 0.06997232</corner2></bounds><pose><translation> 0.39178028, -0.44136683, -1.11696742</translation><rotation><c1>1., 0., 0.</c1><c2>0., 1., 0.</c2><c3>0., 0., 1.</c3></rotation></pose><symmetry><x>none</x><y>none</y><z>none</z></symmetry><detectionScore>-1</detectionScore></element><element><id>1</id><category>picture_frame</category><bounds><corner1>-0.28992297, -0.07739757, -0.06904798</corner1><corner2>0.28992297, 0.07739757, 0.06904798</corner2></bounds><pose><translation> 0.88688817, -0.65548898, -1.1730194 </translation><rotation><c1>1., 0., 0.</c1><c2>0., 1., 0.</c2><c3>0., 0., 1.</c3></rotation></pose><symmetry><x>none</x><y>none</y><z>none</z></symmetry><detectionScore>-1</detectionScore></element></elements></scene>