<?xml version='1.0' encoding='utf-8'?>
<scene xmlns:sumo="https://www.sumochallenge.org"><version>2.0</version><categories><id>fb_categories_v1_0</id><url>https://sumochallenge.org/en/categories-1_0.json</url></categories><project_type>bounding_box</project_type><elements><element><id>0</id><category>desk</category><bounds><corner1>-0.9861176470535096, -0.4367673090092523, -0.567454913049748</corner1><corner2>0.9861176470535096, 0.4367673090092523, 0.567454913049748</corner2></bounds><pose><translation>-2.4519400647783702, -0.9746890909426109, -1.0358238375114286</translation><rotation><c1>1, 0, 0</c1><c2>0, 1, 0</c2><c3>0, 0, 1</c3></rotation></pose><symmetry><x>twoFold</x><y>cylindrical</y><z>twoFold</z></symmetry><detectionScore>-1.0</detectionScore></element><element><id>1</id><category>wall</category><bounds><corner1>-1.5439331023040885, -1.5960721080638698, -1.6862306813378738</corner1><corner2>1.5439331023040885, 1.5960721080638698, 1.6862306813378738</corner2></bounds><pose><translation>-3.0177214464847726, -0.16103375456796845, -0.5197456918743247</translation><rotation><c1>1, 0, 0</c1><c2>0, 1, 0</c2><c3>0, 0, 1</c3></rotation></pose><symmetry><x>twoFold</x><y>cylindrical</y><z>twoFold</z></symmetry><detectionScore>-1.0</detectionScore></element><element><id>2</id><category>picture_frame</category><bounds><corner1>-0.32260742388250296, -0.3256688003269448, -0.07843550863017912</corner1><corner2>0.32260742388250296, 0.3256688003269448, 0.07843550863017912</corner2></bounds><pose><translation>1.1247934060383857, 0.35999314732875587, -2.5065175366929173</translation><rotation><c1>1, 0, 0</c1><c2>0, 1, 0</c2><c3>0, 0, 1</c3></rotation></pose><symmetry><x>twoFold</x><y>cylindrical</y><z>twoFold</z></symmetry><detectionScore>-1.0</detectionScore></element><element><id>3</id><category>vase</category><bounds><corner1>-0.1490090142921524, -0.39644225915813613, -0.2890573428105423</corner1><corner2>0.1490090142921524, 0.39644225915813613, 0.2890573428105423</corner2></bounds><pose><translation>-1.0406137208021813, -0.5332534578895433, -2.4411993430355294</translation><rotation><c1>1, 0, 0</c1><c2>0, 1, 0</c2><c3>0, 0, 1</c3></rotation></pose><symmetry><x>twoFold</x><y>cylindrical</y><z>twoFold</z></symmetry><detectionScore>-1.0</detectionScore></element><element><id>4</id><category>rug</category><bounds><corner1>-0.8071696447877341, -0.20387137794626176, -0.5080400391124482</corner1><corner2>0.8071696447877341, 0.20387137794626176, 0.5080400391124482</corner2></bounds><pose><translation>1.9570308267360883, -1.3189592705774689, 0.05088270637810387</translation><rotation><c1>1, 0, 0</c1><c2>0, 1, 0</c2><c3>0, 0, 1</c3></rotation></pose><symmetry><x>twoFold</x><y>cylindrical</y><z>twoFold</z></symmetry><detectionScore>-1.0</detectionScore></element><element><id>5</id><category>picture_frame</category><bounds><corner1>-0.6216146788346162, -0.6457567650486863, -0.05927881558047421</corner1><corner2>0.6216146788346162, 0.6457567650486863, 0.05927881558047421</corner2></bounds><pose><translation>-0.02728728562531531, 0.057032287254286204, -2.533616777984775</translation><rotation><c1>1, 0, 0</c1><c2>0, 1, 0</c2><c3>0, 0, 1</c3></rotation></pose><symmetry><x>twoFold</x><y>cylindrical</y><z>twoFold</z></symmetry><detectionScore>-1.0</detectionScore></element><element><id>6</id><category>air_conditioner</category><bounds><corner1>-0.19716114130685547, -0.5904744106878207, -0.22714560095268155</corner1><corner2>0.19716114130685547, 0.5904744106878207, 0.22714560095268155</corner2></bounds><pose><translation>-2.2427590708472365, 0.7615803349746323, 0.9717376895669305</translation><rotation><c1>1, 0, 0</c1><c2>0, 1, 0</c2><c3>0, 0, 1</c3></rotation></pose><symmetry><x>twoFold</x><y>cylindrical</y><z>twoFold</z></symmetry><detectionScore>-1.0</detectionScore></element><element><id>7</id><category>door</category><bounds><corner1>-2.0901683385278025, -1.0948172253357682, -1.5205422710186145</corner1><corner2>2.0901683385278025, 1.0948172253357682, 1.5205422710186145</corner2></bounds><pose><translation>1.7744596179287102, -0.26614444855299174, 1.3590584426301349</translation><rotation><c1>1, 0, 0</c1><c2>0, 1, 0</c2><c3>0, 0, 1</c3></rotation></pose><symmetry><x>twoFold</x><y>cylindrical</y><z>twoFold</z></symmetry><detectionScore>-1.0</detectionScore></element><element><id>8</id><category>chair</category><bounds><corner1>-0.7243530457336087, -0.46131199081175533, -0.5950032663111012</corner1><corner2>0.7243530457336087, 0.46131199081175533, 0.5950032663111012</corner2></bounds><pose><translation>2.1996296732582996, -1.3426337684113219, 0.04499561856699658</translation><rotation><c1>1, 0, 0</c1><c2>0, 1, 0</c2><c3>0, 0, 1</c3></rotation></pose><symmetry><x>twoFold</x><y>cylindrical</y><z>twoFold</z></symmetry><detectionScore>-1.0</detectionScore></element><element><id>9</id><category>wall</category><bounds><corner1>-0.10826977227065404, -1.6086230890649733, -1.7889620959585981</corner1><corner2>0.10826977227065404, 1.6086230890649733, 1.7889620959585981</corner2></bounds><pose><translation>2.8588087743992667, -0.16532067773020043, -0.6238604784724748</translation><rotation><c1>1, 0, 0</c1><c2>0, 1, 0</c2><c3>0, 0, 1</c3></rotation></pose><symmetry><x>twoFold</x><y>cylindrical</y><z>twoFold</z></symmetry><detectionScore>-1.0</detectionScore></element><element><id>10</id><category>coffee_table</category><bounds><corner1>-1.2233378691061056, -0.208880028767353, -0.6400532869045471</corner1><corner2>1.2233378691061056, 0.208880028767353, 0.6400532869045471</corner2></bounds><pose><translation>1.6858040189865826, -1.1603338002235277, -0.9895858957983497</translation><rotation><c1>1, 0, 0</c1><c2>0, 1, 0</c2><c3>0, 0, 1</c3></rotation></pose><symmetry><x>twoFold</x><y>cylindrical</y><z>twoFold</z></symmetry><detectionScore>-1.0</detectionScore></element><element><id>11</id><category>computer</category><bounds><corner1>-0.9382254170847018, -0.3984994274106019, -0.9068427439441678</corner1><corner2>0.9382254170847018, 0.3984994274106019, 0.9068427439441678</corner2></bounds><pose><translation>-2.4904003601454474, -0.48703240584417423, -1.8858754386349146</translation><rotation><c1>1, 0, 0</c1><c2>0, 1, 0</c2><c3>0, 0, 1</c3></rotation></pose><symmetry><x>twoFold</x><y>cylindrical</y><z>twoFold</z></symmetry><detectionScore>-1.0</detectionScore></element><element><id>12</id><category>chessboard</category><bounds><corner1>-1.034934636220524, -0.17017796687241293, -0.6274262904959264</corner1><corner2>1.034934636220524, 0.17017796687241293, 0.6274262904959264</corner2></bounds><pose><translation>1.8675362100146997, -1.1216317383285876, -1.1411569665822516</translation><rotation><c1>1, 0, 0</c1><c2>0, 1, 0</c2><c3>0, 0, 1</c3></rotation></pose><symmetry><x>twoFold</x><y>cylindrical</y><z>twoFold</z></symmetry><detectionScore>-1.0</detectionScore></element><element><id>13</id><category>wall</category><bounds><corner1>-0.07123934496610129, -1.6066532746041864, -0.10666276086259074</corner1><corner2>0.07123934496610129, 1.6066532746041864, 0.10666276086259074</corner2></bounds><pose><translation>2.887363444667086, -0.1729977880187297, 0.6227147523696164</translation><rotation><c1>1, 0, 0</c1><c2>0, 1, 0</c2><c3>0, 0, 1</c3></rotation></pose><symmetry><x>twoFold</x><y>cylindrical</y><z>twoFold</z></symmetry><detectionScore>-1.0</detectionScore></element><element><id>14</id><category>window</category><bounds><corner1>-0.15703514475654723, -0.9031880817553442, -0.43775832560789985</corner1><corner2>0.15703514475654723, 0.9031880817553442, 0.43775832560789985</corner2></bounds><pose><translation>-3.120779790502301, 0.05199420866074665, 0.16824804996120502</translation><rotation><c1>1, 0, 0</c1><c2>0, 1, 0</c2><c3>0, 0, 1</c3></rotation></pose><symmetry><x>twoFold</x><y>cylindrical</y><z>twoFold</z></symmetry><detectionScore>-1.0</detectionScore></element></elements></scene>