<?xml version='1.0' encoding='utf-8'?>
<scene xmlns:sumo="https://www.sumochallenge.org"><version>2.0</version><categories><id>fb_categories_v1.0</id><url>https://sumochallenge.org/en/categories-1_0.json</url></categories><project_type>bounding_box</project_type><elements><element><id>15</id><category>chandelier</category><bounds><corner1>-0.18207365, -0.0226566 , -0.17213571</corner1><corner2>0.18207365, 0.0226566 , 0.17213571</corner2></bounds><pose><translation>-1.05567873,  1.18507008, -1.99907351</translation><rotation><c1>1., 0., 0.</c1><c2>0., 1., 0.</c2><c3>0., 0., 1.</c3></rotation></pose><symmetry><x>none</x><y>none</y><z>none</z></symmetry><detectionScore>-1</detectionScore></element><element><id>7</id><category>chair</category><bounds><corner1>-1.03613316, -0.46319924, -0.87466784</corner1><corner2>1.03613316, 0.46319924, 0.87466784</corner2></bounds><pose><translation> 1.39897441, -0.70826531,  0.77357373</translation><rotation><c1>1., 0., 0.</c1><c2>0., 1., 0.</c2><c3>0., 0., 1.</c3></rotation></pose><symmetry><x>none</x><y>none</y><z>none</z></symmetry><detectionScore>-1</detectionScore></element><element><id>4</id><category>door</category><bounds><corner1>-0.05597126, -1.04896888, -0.50421075</corner1><corner2>0.05597126, 1.04896888, 0.50421075</corner2></bounds><pose><translation>-1.61704276, -0.24611716, -0.4126598 </translation><rotation><c1>1., 0., 0.</c1><c2>0., 1., 0.</c2><c3>0., 0., 1.</c3></rotation></pose><symmetry><x>none</x><y>none</y><z>none</z></symmetry><detectionScore>-1</detectionScore></element><element><id>3</id><category>chandelier</category><bounds><corner1>-0.21291094, -0.02823024, -0.11106472</corner1><corner2>0.21291094, 0.02823024, 0.11106472</corner2></bounds><pose><translation>1.99908659, 1.17690097, 0.08927495</translation><rotation><c1>1., 0., 0.</c1><c2>0., 1., 0.</c2><c3>0., 0., 1.</c3></rotation></pose><symmetry><x>none</x><y>none</y><z>none</z></symmetry><detectionScore>-1</detectionScore></element><element><id>9</id><category>picture_frame</category><bounds><corner1>-0.17092768, -0.55367287, -0.43902892</corner1><corner2>0.17092768, 0.55367287, 0.43902892</corner2></bounds><pose><translation>-1.33609273, -0.94501734, -2.24913579</translation><rotation><c1>1., 0., 0.</c1><c2>0., 1., 0.</c2><c3>0., 0., 1.</c3></rotation></pose><symmetry><x>none</x><y>none</y><z>none</z></symmetry><detectionScore>-1</detectionScore></element><element><id>16</id><category>window</category><bounds><corner1>-0.04391232, -0.63643469, -0.41905509</corner1><corner2>0.04391232, 0.63643469, 0.41905509</corner2></bounds><pose><translation> 2.46017193,  0.03652503, -1.48985069</translation><rotation><c1>1., 0., 0.</c1><c2>0., 1., 0.</c2><c3>0., 0., 1.</c3></rotation></pose><symmetry><x>none</x><y>none</y><z>none</z></symmetry><detectionScore>-1</detectionScore></element><element><id>12</id><category>chandelier</category><bounds><corner1>-0.69697061, -0.02046784, -1.31016871</corner1><corner2>0.69697061, 0.02046784, 1.31016871</corner2></bounds><pose><translation>0.90168116, 1.1876036 , 1.72505323</translation><rotation><c1>1., 0., 0.</c1><c2>0., 1., 0.</c2><c3>0., 0., 1.</c3></rotation></pose><symmetry><x>none</x><y>none</y><z>none</z></symmetry><detectionScore>-1</detectionScore></element><element><id>11</id><category>chandelier</category><bounds><corner1>-0.85958665, -0.02504828, -0.58990451</corner1><corner2>0.85958665, 0.02504828, 0.58990451</corner2></bounds><pose><translation> 0.88686257,  1.18224377, -2.62199471</translation><rotation><c1>1., 0., 0.</c1><c2>0., 1., 0.</c2><c3>0., 0., 1.</c3></rotation></pose><symmetry><x>none</x><y>none</y><z>none</z></symmetry><detectionScore>-1</detectionScore></element><element><id>10</id><category>wall</category><bounds><corner1>-1.67252287, -1.22527095, -1.08077634</corner1><corner2>1.67252287, 1.22527095, 1.08077634</corner2></bounds><pose><translation> 0.48358328, -0.1745936 , -4.12986621</translation><rotation><c1>1., 0., 0.</c1><c2>0., 1., 0.</c2><c3>0., 0., 1.</c3></rotation></pose><symmetry><x>none</x><y>none</y><z>none</z></symmetry><detectionScore>-1</detectionScore></element><element><id>6</id><category>wall</category><bounds><corner1>-1.47514165, -1.19305668, -0.52280747</corner1><corner2>1.47514165, 1.19305668, 0.52280747</corner2></bounds><pose><translation> 0.61751479, -0.17808481,  3.37494374</translation><rotation><c1>1., 0., 0.</c1><c2>0., 1., 0.</c2><c3>0., 0., 1.</c3></rotation></pose><symmetry><x>none</x><y>none</y><z>none</z></symmetry><detectionScore>-1</detectionScore></element><element><id>13</id><category>coffee_table</category><bounds><corner1>-0.39504198, -0.50097921, -0.37469855</corner1><corner2>0.39504198, 0.50097921, 0.37469855</corner2></bounds><pose><translation> 2.03311352, -1.42744933, -0.11488242</translation><rotation><c1>1., 0., 0.</c1><c2>0., 1., 0.</c2><c3>0., 0., 1.</c3></rotation></pose><symmetry><x>none</x><y>none</y><z>none</z></symmetry><detectionScore>-1</detectionScore></element><element><id>2</id><category>television</category><bounds><corner1>-0.03085968, -0.59934018, -0.39702863</corner1><corner2>0.03085968, 0.59934018, 0.39702863</corner2></bounds><pose><translation>-1.5304651 ,  0.1990683 , -2.25310363</translation><rotation><c1>1., 0., 0.</c1><c2>0., 1., 0.</c2><c3>0., 0., 1.</c3></rotation></pose><symmetry><x>none</x><y>none</y><z>none</z></symmetry><detectionScore>-1</detectionScore></element><element><id>8</id><category>coffee_table</category><bounds><corner1>-0.84515861, -0.02105092, -0.32705873</corner1><corner2>0.84515861, 0.02105092, 0.32705873</corner2></bounds><pose><translation> 0.13581373, -0.9911462 , -1.8720817 </translation><rotation><c1>1., 0., 0.</c1><c2>0., 1., 0.</c2><c3>0., 0., 1.</c3></rotation></pose><symmetry><x>none</x><y>none</y><z>none</z></symmetry><detectionScore>-1</detectionScore></element><element><id>1</id><category>door</category><bounds><corner1>-0.62474803, -1.0751067 , -0.06464584</corner1><corner2>0.62474803, 1.0751067 , 0.06464584</corner2></bounds><pose><translation>-1.08904871, -0.37947609,  3.87237656</translation><rotation><c1>1., 0., 0.</c1><c2>0., 1., 0.</c2><c3>0., 0., 1.</c3></rotation></pose><symmetry><x>none</x><y>none</y><z>none</z></symmetry><detectionScore>-1</detectionScore></element><element><id>14</id><category>window</category><bounds><corner1>-0.06097536, -0.70993888, -0.45385225</corner1><corner2>0.06097536, 0.70993888, 0.45385225</corner2></bounds><pose><translation> 2.43597641,  0.02312051, -3.35883789</translation><rotation><c1>1., 0., 0.</c1><c2>0., 1., 0.</c2><c3>0., 0., 1.</c3></rotation></pose><symmetry><x>none</x><y>none</y><z>none</z></symmetry><detectionScore>-1</detectionScore></element></elements></scene>