<?xml version='1.0' encoding='utf-8'?>
<scene xmlns:sumo="https://www.sumochallenge.org"><version>2.0</version><categories><id>fb_categories_v1_0</id><url>https://sumochallenge.org/en/categories-1_0.json</url></categories><project_type>bounding_box</project_type><elements><element><id>0</id><category>door</category><bounds><corner1>-1.2543765336191255, -1.6117948788541114, -1.8633376173535816</corner1><corner2>1.2543765336191255, 1.6117948788541114, 1.8633376173535816</corner2></bounds><pose><translation>-5.224292390862878, -0.2868658598763352, -3.534433756934099</translation><rotation><c1>1, 0, 0</c1><c2>0, 1, 0</c2><c3>0, 0, 1</c3></rotation></pose><symmetry><x>twoFold</x><y>cylindrical</y><z>twoFold</z></symmetry><detectionScore>-1.0</detectionScore></element><element><id>1</id><category>wall</category><bounds><corner1>-1.6263867821929585, -1.4753421073869852, -0.41751719054129244</corner1><corner2>1.6263867821929585, 1.4753421073869852, 0.41751719054129244</corner2></bounds><pose><translation>0.32883038792417596, -0.12931008082077808, -1.8269820370773144</translation><rotation><c1>1, 0, 0</c1><c2>0, 1, 0</c2><c3>0, 0, 1</c3></rotation></pose><symmetry><x>twoFold</x><y>cylindrical</y><z>twoFold</z></symmetry><detectionScore>-1.0</detectionScore></element><element><id>2</id><category>window</category><bounds><corner1>-1.1430462895480864, -1.306470877451254, -0.15287824882900458</corner1><corner2>1.1430462895480864, 1.306470877451254, 0.15287824882900458</corner2></bounds><pose><translation>2.2211448463734134, 0.15737793491920923, 1.4868033856796716</translation><rotation><c1>1, 0, 0</c1><c2>0, 1, 0</c2><c3>0, 0, 1</c3></rotation></pose><symmetry><x>twoFold</x><y>cylindrical</y><z>twoFold</z></symmetry><detectionScore>-1.0</detectionScore></element><element><id>3</id><category>wall</category><bounds><corner1>-1.8686178777189881, -1.5705272690123862, -0.45630434165507716</corner1><corner2>1.8686178777189881, 1.5705272690123862, 0.45630434165507716</corner2></bounds><pose><translation>3.071647191465025, -0.16000004135007934, -1.5732084522113126</translation><rotation><c1>1, 0, 0</c1><c2>0, 1, 0</c2><c3>0, 0, 1</c3></rotation></pose><symmetry><x>twoFold</x><y>cylindrical</y><z>twoFold</z></symmetry><detectionScore>-1.0</detectionScore></element><element><id>4</id><category>tv_stand</category><bounds><corner1>-0.43183483517712506, -1.1909719052178303, -1.0764698842162128</corner1><corner2>0.43183483517712506, 1.1909719052178303, 1.0764698842162128</corner2></bounds><pose><translation>-4.134921515447695, -0.5139055873155126, -0.1298573124061699</translation><rotation><c1>1, 0, 0</c1><c2>0, 1, 0</c2><c3>0, 0, 1</c3></rotation></pose><symmetry><x>twoFold</x><y>cylindrical</y><z>twoFold</z></symmetry><detectionScore>-1.0</detectionScore></element><element><id>5</id><category>floor</category><bounds><corner1>-2.2432852834467636, -0.22495911119354772, -0.20991091270994455</corner1><corner2>2.2432852834467636, 0.22495911119354772, 0.20991091270994455</corner2></bounds><pose><translation>2.7936974512306674, -0.906367837901781, 1.3511309480410407</translation><rotation><c1>1, 0, 0</c1><c2>0, 1, 0</c2><c3>0, 0, 1</c3></rotation></pose><symmetry><x>twoFold</x><y>cylindrical</y><z>twoFold</z></symmetry><detectionScore>-1.0</detectionScore></element><element><id>6</id><category>window</category><bounds><corner1>-0.4107390748444666, -0.9945069674099659, -0.984748531161939</corner1><corner2>0.4107390748444666, 0.9945069674099659, 0.984748531161939</corner2></bounds><pose><translation>-4.142660204688349, -0.31950331652887254, -0.15377997028330656</translation><rotation><c1>1, 0, 0</c1><c2>0, 1, 0</c2><c3>0, 0, 1</c3></rotation></pose><symmetry><x>twoFold</x><y>cylindrical</y><z>twoFold</z></symmetry><detectionScore>-1.0</detectionScore></element><element><id>7</id><category>dining_table</category><bounds><corner1>-2.6034507868119867, -0.48792486823920656, -1.1597144422895425</corner1><corner2>2.6034507868119867, 0.48792486823920656, 1.1597144422895425</corner2></bounds><pose><translation>2.3096454295030853, -1.2813084034395341, 0.3705901159475079</translation><rotation><c1>1, 0, 0</c1><c2>0, 1, 0</c2><c3>0, 0, 1</c3></rotation></pose><symmetry><x>twoFold</x><y>cylindrical</y><z>twoFold</z></symmetry><detectionScore>-1.0</detectionScore></element><element><id>8</id><category>kitchen_cabinet</category><bounds><corner1>-0.5273218988786825, -0.4913025088702097, -0.16385379297533365</corner1><corner2>0.5273218988786825, 0.4913025088702097, 0.16385379297533365</corner2></bounds><pose><translation>-0.4024939075636258, -0.856754124606632, -1.5707898240425633</translation><rotation><c1>1, 0, 0</c1><c2>0, 1, 0</c2><c3>0, 0, 1</c3></rotation></pose><symmetry><x>twoFold</x><y>cylindrical</y><z>twoFold</z></symmetry><detectionScore>-1.0</detectionScore></element><element><id>9</id><category>rug</category><bounds><corner1>-2.2339802099691424, -0.22270703759250476, -0.2484596791210869</corner1><corner2>2.2339802099691424, 0.22270703759250476, 0.2484596791210869</corner2></bounds><pose><translation>2.8100621855294445, -0.9142265015369019, 1.3123716433176706</translation><rotation><c1>1, 0, 0</c1><c2>0, 1, 0</c2><c3>0, 0, 1</c3></rotation></pose><symmetry><x>twoFold</x><y>cylindrical</y><z>twoFold</z></symmetry><detectionScore>-1.0</detectionScore></element><element><id>10</id><category>dining_table</category><bounds><corner1>-1.590990030544781, -0.12106008705455684, -1.0045043045590938</corner1><corner2>1.590990030544781, 0.12106008705455684, 1.0045043045590938</corner2></bounds><pose><translation>2.2202734208914556, -0.9144436222548844, 0.5485975216227666</translation><rotation><c1>1, 0, 0</c1><c2>0, 1, 0</c2><c3>0, 0, 1</c3></rotation></pose><symmetry><x>twoFold</x><y>cylindrical</y><z>twoFold</z></symmetry><detectionScore>-1.0</detectionScore></element><element><id>11</id><category>wall</category><bounds><corner1>-0.21183460886261063, -1.5030558005093007, -1.5958982354209037</corner1><corner2>0.21183460886261063, 1.5030558005093007, 1.5958982354209037</corner2></bounds><pose><translation>4.869283515824514, -0.15318737140496572, -0.1899962766714249</translation><rotation><c1>1, 0, 0</c1><c2>0, 1, 0</c2><c3>0, 0, 1</c3></rotation></pose><symmetry><x>twoFold</x><y>cylindrical</y><z>twoFold</z></symmetry><detectionScore>-1.0</detectionScore></element><element><id>12</id><category>coffee_table</category><bounds><corner1>-2.3505131433643527, -0.11980113130338732, -0.9750143144461582</corner1><corner2>2.3505131433643527, 0.11980113130338732, 0.9750143144461582</corner2></bounds><pose><translation>2.2366659687807235, -0.9131846665037149, 0.5552902437908923</translation><rotation><c1>1, 0, 0</c1><c2>0, 1, 0</c2><c3>0, 0, 1</c3></rotation></pose><symmetry><x>twoFold</x><y>cylindrical</y><z>twoFold</z></symmetry><detectionScore>-1.0</detectionScore></element><element><id>13</id><category>rug</category><bounds><corner1>-1.5196879293306789, -0.1212756383656588, -0.9889063907975344</corner1><corner2>1.5196879293306789, 0.1212756383656588, 0.9889063907975344</corner2></bounds><pose><translation>2.26622059605938, -0.9146591735659864, 0.5823429742749135</translation><rotation><c1>1, 0, 0</c1><c2>0, 1, 0</c2><c3>0, 0, 1</c3></rotation></pose><symmetry><x>twoFold</x><y>cylindrical</y><z>twoFold</z></symmetry><detectionScore>-1.0</detectionScore></element><element><id>14</id><category>chandelier</category><bounds><corner1>-0.21690083217359968, -0.13746135654925173, -0.3129381050561856</corner1><corner2>0.21690083217359968, 0.13746135654925173, 0.3129381050561856</corner2></bounds><pose><translation>-2.58876674912076, 1.3320465376649286, -0.2038351011986304</translation><rotation><c1>1, 0, 0</c1><c2>0, 1, 0</c2><c3>0, 0, 1</c3></rotation></pose><symmetry><x>twoFold</x><y>cylindrical</y><z>twoFold</z></symmetry><detectionScore>-1.0</detectionScore></element><element><id>15</id><category>door</category><bounds><corner1>-0.43299545210885837, -1.1037436128850988, -1.0120577362551184</corner1><corner2>0.43299545210885837, 1.1037436128850988, 1.0120577362551184</corner2></bounds><pose><translation>-4.136896918221245, -0.4411378800885333, -0.13121465097906132</translation><rotation><c1>1, 0, 0</c1><c2>0, 1, 0</c2><c3>0, 0, 1</c3></rotation></pose><symmetry><x>twoFold</x><y>cylindrical</y><z>twoFold</z></symmetry><detectionScore>-1.0</detectionScore></element><element><id>16</id><category>kitchen_cabinet</category><bounds><corner1>-1.3552263583487942, -1.0722339291907734, -0.4958135684815934</corner1><corner2>1.3552263583487942, 1.0722339291907734, 0.4958135684815934</corner2></bounds><pose><translation>2.97468824194343, -0.7923378232857978, -1.4223095694786423</translation><rotation><c1>1, 0, 0</c1><c2>0, 1, 0</c2><c3>0, 0, 1</c3></rotation></pose><symmetry><x>twoFold</x><y>cylindrical</y><z>twoFold</z></symmetry><detectionScore>-1.0</detectionScore></element><element><id>17</id><category>wall</category><bounds><corner1>-0.09892866239634268, -1.3851157949642283, -0.27520255299271135</corner1><corner2>0.09892866239634268, 1.3851157949642283, 0.27520255299271135</corner2></bounds><pose><translation>-0.86454913648654, -0.07442536293639308, -1.6247013497369305</translation><rotation><c1>1, 0, 0</c1><c2>0, 1, 0</c2><c3>0, 0, 1</c3></rotation></pose><symmetry><x>twoFold</x><y>cylindrical</y><z>twoFold</z></symmetry><detectionScore>-1.0</detectionScore></element><element><id>18</id><category>hanging_kitchen_cabinet</category><bounds><corner1>-0.5391167964422158, -0.7578478453856508, -0.07869641020778384</corner1><corner2>0.5391167964422158, 0.7578478453856508, 0.07869641020778384</corner2></bounds><pose><translation>0.3390119527993819, 0.2955039512134738, -1.7868085862448668</translation><rotation><c1>1, 0, 0</c1><c2>0, 1, 0</c2><c3>0, 0, 1</c3></rotation></pose><symmetry><x>twoFold</x><y>cylindrical</y><z>twoFold</z></symmetry><detectionScore>-1.0</detectionScore></element><element><id>19</id><category>chair</category><bounds><corner1>-1.4652390370690695, -0.15113171554806681, -0.7674503713859139</corner1><corner2>1.4652390370690695, 0.15113171554806681, 0.7674503713859139</corner2></bounds><pose><translation>2.215835628321531, -0.9445152507483944, 0.7937313618893961</translation><rotation><c1>1, 0, 0</c1><c2>0, 1, 0</c2><c3>0, 0, 1</c3></rotation></pose><symmetry><x>twoFold</x><y>cylindrical</y><z>twoFold</z></symmetry><detectionScore>-1.0</detectionScore></element><element><id>20</id><category>hanging_kitchen_cabinet</category><bounds><corner1>-0.7238750115462251, -0.6568991497627794, -0.12437056086645581</corner1><corner2>0.7238750115462251, 0.6568991497627794, 0.12437056086645581</corner2></bounds><pose><translation>1.318724932027816, 0.2923365160410115, -1.7371384612667993</translation><rotation><c1>1, 0, 0</c1><c2>0, 1, 0</c2><c3>0, 0, 1</c3></rotation></pose><symmetry><x>twoFold</x><y>cylindrical</y><z>twoFold</z></symmetry><detectionScore>-1.0</detectionScore></element><element><id>21</id><category>coffee_machine</category><bounds><corner1>-0.5478121183893601, -0.33973000976027795, -0.18312829241634354</corner1><corner2>0.5478121183893601, 0.33973000976027795, 0.18312829241634354</corner2></bounds><pose><translation>0.5720139517400746, -0.6690200063820622, -1.7193366683975237</translation><rotation><c1>1, 0, 0</c1><c2>0, 1, 0</c2><c3>0, 0, 1</c3></rotation></pose><symmetry><x>twoFold</x><y>cylindrical</y><z>twoFold</z></symmetry><detectionScore>-1.0</detectionScore></element><element><id>22</id><category>chair</category><bounds><corner1>-2.465263151088115, -0.797048642291823, -0.5872946926258906</corner1><corner2>2.465263151088115, 0.797048642291823, 0.5872946926258906</corner2></bounds><pose><translation>2.4129395724240017, -1.6599570453009231, -0.030524615101912154</translation><rotation><c1>1, 0, 0</c1><c2>0, 1, 0</c2><c3>0, 0, 1</c3></rotation></pose><symmetry><x>twoFold</x><y>cylindrical</y><z>twoFold</z></symmetry><detectionScore>-1.0</detectionScore></element><element><id>23</id><category>chair</category><bounds><corner1>-2.8608583579662974, -0.48777621946921346, -0.9575681082176405</corner1><corner2>2.8608583579662974, 0.48777621946921346, 0.9575681082176405</corner2></bounds><pose><translation>2.181045528803057, -1.281159754669541, 0.5739860785715848</translation><rotation><c1>1, 0, 0</c1><c2>0, 1, 0</c2><c3>0, 0, 1</c3></rotation></pose><symmetry><x>twoFold</x><y>cylindrical</y><z>twoFold</z></symmetry><detectionScore>-1.0</detectionScore></element><element><id>24</id><category>ceiling</category><bounds><corner1>-0.26342693856524546, -0.23463494707218735, -1.8571399378347222</corner1><corner2>0.26342693856524546, 0.23463494707218735, 1.8571399378347222</corner2></bounds><pose><translation>-4.155699820747888, 1.1245940138513375, -3.2822607910565216</translation><rotation><c1>1, 0, 0</c1><c2>0, 1, 0</c2><c3>0, 0, 1</c3></rotation></pose><symmetry><x>twoFold</x><y>cylindrical</y><z>twoFold</z></symmetry><detectionScore>-1.0</detectionScore></element><element><id>25</id><category>coffee_table</category><bounds><corner1>-2.483333782594104, -0.49156142985766116, -1.0937633921543624</corner1><corner2>2.483333782594104, 0.49156142985766116, 1.0937633921543624</corner2></bounds><pose><translation>2.2792897988669827, -1.2849449650579887, 0.4636579989078325</translation><rotation><c1>1, 0, 0</c1><c2>0, 1, 0</c2><c3>0, 0, 1</c3></rotation></pose><symmetry><x>twoFold</x><y>cylindrical</y><z>twoFold</z></symmetry><detectionScore>-1.0</detectionScore></element><element><id>26</id><category>kitchen_cabinet</category><bounds><corner1>-0.9515736617936863, -0.3443766052610131, -0.11891881964033191</corner1><corner2>0.9515736617936863, 0.3443766052610131, 0.11891881964033191</corner2></bounds><pose><translation>0.5678921620013528, -0.9148456165118981, -1.5420287648247906</translation><rotation><c1>1, 0, 0</c1><c2>0, 1, 0</c2><c3>0, 0, 1</c3></rotation></pose><symmetry><x>twoFold</x><y>cylindrical</y><z>twoFold</z></symmetry><detectionScore>-1.0</detectionScore></element><element><id>27</id><category>door</category><bounds><corner1>-0.16035455586807779, -1.0508436017953673, -0.11494341946282183</corner1><corner2>0.16035455586807779, 1.0508436017953673, 0.11494341946282183</corner2></bounds><pose><translation>-0.9854243694187905, -0.19595097392234143, -1.464442216207041</translation><rotation><c1>1, 0, 0</c1><c2>0, 1, 0</c2><c3>0, 0, 1</c3></rotation></pose><symmetry><x>twoFold</x><y>cylindrical</y><z>twoFold</z></symmetry><detectionScore>-1.0</detectionScore></element><element><id>28</id><category>floor</category><bounds><corner1>-0.13802272691413808, -0.45241181849064527, -1.2809824014364373</corner1><corner2>0.13802272691413808, 0.45241181849064527, 1.2809824014364373</corner2></bounds><pose><translation>-3.838397839684831, -1.2084721826031617, 0.026074974993744598</translation><rotation><c1>1, 0, 0</c1><c2>0, 1, 0</c2><c3>0, 0, 1</c3></rotation></pose><symmetry><x>twoFold</x><y>cylindrical</y><z>twoFold</z></symmetry><detectionScore>-1.0</detectionScore></element><element><id>29</id><category>chandelier</category><bounds><corner1>-0.3998793786481527, -0.08283757660638646, -0.6390442048831281</corner1><corner2>0.3998793786481527, 0.08283757660638646, 0.6390442048831281</corner2></bounds><pose><translation>1.6095963379223028, 1.4771916521991173, -0.17767432979355285</translation><rotation><c1>1, 0, 0</c1><c2>0, 1, 0</c2><c3>0, 0, 1</c3></rotation></pose><symmetry><x>twoFold</x><y>cylindrical</y><z>twoFold</z></symmetry><detectionScore>-1.0</detectionScore></element><element><id>30</id><category>wall</category><bounds><corner1>-3.131591645963012, -1.453726943684953, -1.6022199508045336</corner1><corner2>3.131591645963012, 1.453726943684953, 1.6022199508045336</corner2></bounds><pose><translation>-4.162249037880304, -0.08714679021306491, -0.2665016952773568</translation><rotation><c1>1, 0, 0</c1><c2>0, 1, 0</c2><c3>0, 0, 1</c3></rotation></pose><symmetry><x>twoFold</x><y>cylindrical</y><z>twoFold</z></symmetry><detectionScore>-1.0</detectionScore></element><element><id>31</id><category>arch</category><bounds><corner1>-1.4517311539167892, -1.5897257675646588, -1.9582733883863546</corner1><corner2>1.4517311539167892, 1.5897257675646588, 1.9582733883863546</corner2></bounds><pose><translation>-5.3183888681599365, -0.26479674858688257, -3.696197169963106</translation><rotation><c1>1, 0, 0</c1><c2>0, 1, 0</c2><c3>0, 0, 1</c3></rotation></pose><symmetry><x>twoFold</x><y>cylindrical</y><z>twoFold</z></symmetry><detectionScore>-1.0</detectionScore></element><element><id>32</id><category>hanging_kitchen_cabinet</category><bounds><corner1>-0.599287427055325, -0.6993410578306865, -0.07298053116910896</corner1><corner2>0.599287427055325, 0.6993410578306865, 0.07298053116910896</corner2></bounds><pose><translation>0.8343934357567335, 0.2889852452344374, -1.7544562045224932</translation><rotation><c1>1, 0, 0</c1><c2>0, 1, 0</c2><c3>0, 0, 1</c3></rotation></pose><symmetry><x>twoFold</x><y>cylindrical</y><z>twoFold</z></symmetry><detectionScore>-1.0</detectionScore></element><element><id>33</id><category>refrigerator</category><bounds><corner1>-1.0243238635776386, -1.3486618960618195, -0.4224824040256423</corner1><corner2>1.0243238635776386, 1.3486618960618195, 0.4224824040256423</corner2></bounds><pose><translation>3.9444274020491408, -0.5207505749247469, -1.3137302705992868</translation><rotation><c1>1, 0, 0</c1><c2>0, 1, 0</c2><c3>0, 0, 1</c3></rotation></pose><symmetry><x>twoFold</x><y>cylindrical</y><z>twoFold</z></symmetry><detectionScore>-1.0</detectionScore></element><element><id>34</id><category>dishwasher</category><bounds><corner1>-1.0726676427444768, -0.43340223465555394, -0.2980367496081362</corner1><corner2>1.0726676427444768, 0.43340223465555394, 0.2980367496081362</corner2></bounds><pose><translation>2.6482686554272576, -1.0229909108893713, -1.3346365843174144</translation><rotation><c1>1, 0, 0</c1><c2>0, 1, 0</c2><c3>0, 0, 1</c3></rotation></pose><symmetry><x>twoFold</x><y>cylindrical</y><z>twoFold</z></symmetry><detectionScore>-1.0</detectionScore></element><element><id>35</id><category>wall</category><bounds><corner1>-0.557237086790157, -1.5034928009060373, -2.3136837036903044</corner1><corner2>0.557237086790157, 1.5034928009060373, 2.3136837036903044</corner2></bounds><pose><translation>-4.184645427572681, -0.12972148152176513, -3.287499609907083</translation><rotation><c1>1, 0, 0</c1><c2>0, 1, 0</c2><c3>0, 0, 1</c3></rotation></pose><symmetry><x>twoFold</x><y>cylindrical</y><z>twoFold</z></symmetry><detectionScore>-1.0</detectionScore></element><element><id>36</id><category>curtain</category><bounds><corner1>-1.5689400998777652, -1.1488797446691714, -0.16558444198603062</corner1><corner2>1.5689400998777652, 1.1488797446691714, 0.16558444198603062</corner2></bounds><pose><translation>2.2795033387447146, 0.33352118227051886, 1.4740971925226456</translation><rotation><c1>1, 0, 0</c1><c2>0, 1, 0</c2><c3>0, 0, 1</c3></rotation></pose><symmetry><x>twoFold</x><y>cylindrical</y><z>twoFold</z></symmetry><detectionScore>-1.0</detectionScore></element><element><id>37</id><category>hanging_kitchen_cabinet</category><bounds><corner1>-1.6126181038715304, -1.1470753804225078, -0.23120519116385174</corner1><corner2>1.6126181038715304, 1.1470753804225078, 0.23120519116385174</corner2></bounds><pose><translation>2.3413538546053356, 0.2144899788599762, -1.637716941688084</translation><rotation><c1>1, 0, 0</c1><c2>0, 1, 0</c2><c3>0, 0, 1</c3></rotation></pose><symmetry><x>twoFold</x><y>cylindrical</y><z>twoFold</z></symmetry><detectionScore>-1.0</detectionScore></element><element><id>38</id><category>dishwasher</category><bounds><corner1>-0.42685832985115824, -0.36375570114315003, -0.09317223496984073</corner1><corner2>0.42685832985115824, 0.36375570114315003, 0.09317223496984073</corner2></bounds><pose><translation>-0.3932250449569495, -0.9835652265077715, -1.487010617981996</translation><rotation><c1>1, 0, 0</c1><c2>0, 1, 0</c2><c3>0, 0, 1</c3></rotation></pose><symmetry><x>twoFold</x><y>cylindrical</y><z>twoFold</z></symmetry><detectionScore>-1.0</detectionScore></element><element><id>39</id><category>kitchen_cabinet</category><bounds><corner1>-1.074643110642897, -1.4490811620962276, -0.4294982726839076</corner1><corner2>1.074643110642897, 1.4490811620962276, 0.4294982726839076</corner2></bounds><pose><translation>3.8941081549838823, -0.4880562321105189, -1.329872869447372</translation><rotation><c1>1, 0, 0</c1><c2>0, 1, 0</c2><c3>0, 0, 1</c3></rotation></pose><symmetry><x>twoFold</x><y>cylindrical</y><z>twoFold</z></symmetry><detectionScore>-1.0</detectionScore></element></elements></scene>