<?xml version='1.0' encoding='utf-8'?>
<scene xmlns:sumo="https://www.sumochallenge.org"><version>2.0</version><categories><id>fb_categories_v1.0</id><url>https://sumochallenge.org/en/categories-1_0.json</url></categories><project_type>bounding_box</project_type><elements><element><id>3</id><category>wall</category><bounds><corner1>-1.7851369 , -1.15501923, -1.92356178</corner1><corner2>1.7851369 , 1.15501923, 1.92356178</corner2></bounds><pose><translation>-0.96617587, -0.00509705, -4.58371612</translation><rotation><c1>1., 0., 0.</c1><c2>0., 1., 0.</c2><c3>0., 0., 1.</c3></rotation></pose><symmetry><x>none</x><y>none</y><z>none</z></symmetry><detectionScore>-1</detectionScore></element><element><id>5</id><category>chair</category><bounds><corner1>-0.52577003, -0.65132896, -1.1689623 </corner1><corner2>0.52577003, 0.65132896, 1.1689623 </corner2></bounds><pose><translation>-0.87873891, -0.80416119, -1.60596806</translation><rotation><c1>1., 0., 0.</c1><c2>0., 1., 0.</c2><c3>0., 0., 1.</c3></rotation></pose><symmetry><x>none</x><y>none</y><z>none</z></symmetry><detectionScore>-1</detectionScore></element><element><id>4</id><category>kitchen_cabinet</category><bounds><corner1>-0.44128505, -0.45371712, -0.14932519</corner1><corner2>0.44128505, 0.45371712, 0.14932519</corner2></bounds><pose><translation> 0.73181168, -0.86536344, -3.49605255</translation><rotation><c1>1., 0., 0.</c1><c2>0., 1., 0.</c2><c3>0., 0., 1.</c3></rotation></pose><symmetry><x>none</x><y>none</y><z>none</z></symmetry><detectionScore>-1</detectionScore></element><element><id>2</id><category>range_hood</category><bounds><corner1>-0.41881225, -0.36269252, -0.63216072</corner1><corner2>0.41881225, 0.36269252, 0.63216072</corner2></bounds><pose><translation>-1.32427309,  0.89224475, -3.18423511</translation><rotation><c1>1., 0., 0.</c1><c2>0., 1., 0.</c2><c3>0., 0., 1.</c3></rotation></pose><symmetry><x>none</x><y>none</y><z>none</z></symmetry><detectionScore>-1</detectionScore></element><element><id>1</id><category>door</category><bounds><corner1>-0.32145132, -1.16654775, -1.35181292</corner1><corner2>0.32145132, 1.16654775, 1.35181292</corner2></bounds><pose><translation> 0.73362107, -0.33441004,  1.62199481</translation><rotation><c1>1., 0., 0.</c1><c2>0., 1., 0.</c2><c3>0., 0., 1.</c3></rotation></pose><symmetry><x>none</x><y>none</y><z>none</z></symmetry><detectionScore>-1</detectionScore></element></elements></scene>