<?xml version='1.0' encoding='utf-8'?>
<scene xmlns:sumo="https://www.sumochallenge.org"><version>2.0</version><categories><id>fb_categories_v1.0</id><url>https://sumochallenge.org/en/categories-1_0.json</url></categories><project_type>bounding_box</project_type><elements><element><id>4</id><category>wall</category><bounds><corner1>-2.96752294, -1.33298238, -1.70202368</corner1><corner2>2.96752294, 1.33298238, 1.70202368</corner2></bounds><pose><translation>-11.00869133,  -0.27094559,  -1.16319935</translation><rotation><c1>1., 0., 0.</c1><c2>0., 1., 0.</c2><c3>0., 0., 1.</c3></rotation></pose><symmetry><x>none</x><y>twoFold</y><z>none</z></symmetry><detectionScore>0.8263727</detectionScore></element><element><id>1</id><category>wall</category><bounds><corner1>-2.84370525, -1.27525126, -0.0754902 </corner1><corner2>2.84370525, 1.27525126, 0.0754902 </corner2></bounds><pose><translation>-5.73368677, -0.08582242,  4.4890839 </translation><rotation><c1>1., 0., 0.</c1><c2>0., 1., 0.</c2><c3>0., 0., 1.</c3></rotation></pose><symmetry><x>none</x><y>twoFold</y><z>none</z></symmetry><detectionScore>0.9275585</detectionScore></element><element><id>5</id><category>window</category><bounds><corner1>-0.43596814, -1.16780177, -0.56509052</corner1><corner2>0.43596814, 1.16780177, 0.56509052</corner2></bounds><pose><translation> 0.38898211, -0.17957643, -2.38312479</translation><rotation><c1>1., 0., 0.</c1><c2>0., 1., 0.</c2><c3>0., 0., 1.</c3></rotation></pose><symmetry><x>none</x><y>twoFold</y><z>none</z></symmetry><detectionScore>0.9861326</detectionScore></element><element><id>3</id><category>door</category><bounds><corner1>-0.58029157, -1.05213375, -0.28564174</corner1><corner2>0.58029157, 1.05213375, 0.28564174</corner2></bounds><pose><translation>-4.24144373, -0.41124651, -2.39084538</translation><rotation><c1>1., 0., 0.</c1><c2>0., 1., 0.</c2><c3>0., 0., 1.</c3></rotation></pose><symmetry><x>twoFold</x><y>twoFold</y><z>twoFold</z></symmetry><detectionScore>0.9562292</detectionScore></element><element><id>2</id><category>wall</category><bounds><corner1>-1.66593886, -1.16838491, -0.4257638 </corner1><corner2>1.66593886, 1.16838491, 0.4257638 </corner2></bounds><pose><translation>-1.1784304 , -0.02922453,  5.60357768</translation><rotation><c1>1., 0., 0.</c1><c2>0., 1., 0.</c2><c3>0., 0., 1.</c3></rotation></pose><symmetry><x>none</x><y>twoFold</y><z>none</z></symmetry><detectionScore>0.94326454</detectionScore></element><element><id>7</id><category>door</category><bounds><corner1>-1.80184174, -0.93944057, -0.18591266</corner1><corner2>1.80184174, 0.93944057, 0.18591266</corner2></bounds><pose><translation>-5.02703405, -0.35711466,  5.84283384</translation><rotation><c1>1., 0., 0.</c1><c2>0., 1., 0.</c2><c3>0., 0., 1.</c3></rotation></pose><symmetry><x>twoFold</x><y>twoFold</y><z>twoFold</z></symmetry><detectionScore>0.57821685</detectionScore></element><element><id>9</id><category>wall</category><bounds><corner1>-5.05606906, -1.18025719, -1.2330479 </corner1><corner2>5.05606906, 1.18025719, 1.2330479 </corner2></bounds><pose><translation>-7.93491023, -0.10168365,  1.6211449 </translation><rotation><c1>1., 0., 0.</c1><c2>0., 1., 0.</c2><c3>0., 0., 1.</c3></rotation></pose><symmetry><x>none</x><y>twoFold</y><z>none</z></symmetry><detectionScore>0.55857015</detectionScore></element><element><id>8</id><category>window</category><bounds><corner1>-0.24071044, -1.07730191, -0.55301752</corner1><corner2>0.24071044, 1.07730191, 0.55301752</corner2></bounds><pose><translation> 0.7460908 ,  0.11081665, -1.26402766</translation><rotation><c1>1., 0., 0.</c1><c2>0., 1., 0.</c2><c3>0., 0., 1.</c3></rotation></pose><symmetry><x>none</x><y>twoFold</y><z>none</z></symmetry><detectionScore>0.5377746</detectionScore></element><element><id>6</id><category>kitchen_cabinet</category><bounds><corner1>-0.14215319, -0.79680011, -0.27196361</corner1><corner2>0.14215319, 0.79680011, 0.27196361</corner2></bounds><pose><translation> 0.54102224, -0.37376213,  3.23716739</translation><rotation><c1>1., 0., 0.</c1><c2>0., 1., 0.</c2><c3>0., 0., 1.</c3></rotation></pose><symmetry><x>none</x><y>none</y><z>none</z></symmetry><detectionScore>0.6352808</detectionScore></element></elements></scene>