<?xml version='1.0' encoding='utf-8'?>
<scene xmlns:sumo="https://www.sumochallenge.org"><version>2.0</version><categories><id>fb_categories_v1_0</id><url>https://sumochallenge.org/en/categories-1_0.json</url></categories><project_type>bounding_box</project_type><elements><element><id>0</id><category>dining_table</category><bounds><corner1>-8.296234310301166, -1.3486507252436335, -28.506064154877848</corner1><corner2>8.296234310301166, 1.3486507252436335, 28.506064154877848</corner2></bounds><pose><translation>1.9679538229110856, -1.3486507252436335, 7.1137313206906985</translation><rotation><c1>1, 0, 0</c1><c2>0, 1, 0</c2><c3>0, 0, 1</c3></rotation></pose><symmetry><x>twoFold</x><y>cylindrical</y><z>twoFold</z></symmetry><detectionScore>-1.0</detectionScore></element><element><id>1</id><category>picture_frame</category><bounds><corner1>-3.7958879850487093, -1.4428163060290804, -1.9082831338352246</corner1><corner2>3.7958879850487093, 1.4428163060290804, 1.9082831338352246</corner2></bounds><pose><translation>1.0822186829097906, 0.3217759655338378, -5.967752294747901</translation><rotation><c1>1, 0, 0</c1><c2>0, 1, 0</c2><c3>0, 0, 1</c3></rotation></pose><symmetry><x>twoFold</x><y>cylindrical</y><z>twoFold</z></symmetry><detectionScore>-1.0</detectionScore></element><element><id>2</id><category>window</category><bounds><corner1>-0.6601249775414857, -1.5317090417269001, -0.8233028051833031</corner1><corner2>0.6601249775414857, 1.5317090417269001, 0.8233028051833031</corner2></bounds><pose><translation>7.050807577121172, -0.051571314025821026, 10.403815959008586</translation><rotation><c1>1, 0, 0</c1><c2>0, 1, 0</c2><c3>0, 0, 1</c3></rotation></pose><symmetry><x>twoFold</x><y>cylindrical</y><z>twoFold</z></symmetry><detectionScore>-1.0</detectionScore></element><element><id>3</id><category>dining_table</category><bounds><corner1>-7.231156546564354, -0.6858923781578392, -19.0406762300251</corner1><corner2>7.231156546564354, 0.6858923781578392, 19.0406762300251</corner2></bounds><pose><translation>3.0330315866478967, -1.1617414468009917, 5.761542720828771</translation><rotation><c1>1, 0, 0</c1><c2>0, 1, 0</c2><c3>0, 0, 1</c3></rotation></pose><symmetry><x>twoFold</x><y>cylindrical</y><z>twoFold</z></symmetry><detectionScore>-1.0</detectionScore></element><element><id>4</id><category>office_chair</category><bounds><corner1>-0.8114109365319442, -0.7372488208086768, -1.1499696347462431</corner1><corner2>0.8114109365319442, 0.7372488208086768, 1.1499696347462431</corner2></bounds><pose><translation>-2.3585003884907314, -0.7881847053007387, -4.2251864930988745</translation><rotation><c1>1, 0, 0</c1><c2>0, 1, 0</c2><c3>0, 0, 1</c3></rotation></pose><symmetry><x>twoFold</x><y>cylindrical</y><z>twoFold</z></symmetry><detectionScore>-1.0</detectionScore></element><element><id>5</id><category>partition</category><bounds><corner1>-8.319626795940108, -1.5594762141011493, -22.862071481085167</corner1><corner2>8.319626795940108, 1.5594762141011493, 22.862071481085167</corner2></bounds><pose><translation>2.474251611267325, -0.648075722209873, 12.757723994483378</translation><rotation><c1>1, 0, 0</c1><c2>0, 1, 0</c2><c3>0, 0, 1</c3></rotation></pose><symmetry><x>twoFold</x><y>cylindrical</y><z>twoFold</z></symmetry><detectionScore>-1.0</detectionScore></element><element><id>6</id><category>window</category><bounds><corner1>-6.896229687532401, -1.9087040071342445, -5.197046929064324</corner1><corner2>6.896229687532401, 1.9087040071342445, 5.197046929064324</corner2></bounds><pose><translation>13.5269846762418, -0.2271809712037976, 10.181819858667927</translation><rotation><c1>1, 0, 0</c1><c2>0, 1, 0</c2><c3>0, 0, 1</c3></rotation></pose><symmetry><x>twoFold</x><y>cylindrical</y><z>twoFold</z></symmetry><detectionScore>-1.0</detectionScore></element><element><id>7</id><category>coffee_machine</category><bounds><corner1>-0.6539081758398726, -0.7464498070427804, -0.4845988960186114</corner1><corner2>0.6539081758398726, 0.7464498070427804, 0.4845988960186114</corner2></bounds><pose><translation>-2.38988960763639, -0.7920017440821849, -3.544837485737269</translation><rotation><c1>1, 0, 0</c1><c2>0, 1, 0</c2><c3>0, 0, 1</c3></rotation></pose><symmetry><x>twoFold</x><y>cylindrical</y><z>twoFold</z></symmetry><detectionScore>-1.0</detectionScore></element><element><id>8</id><category>table_and_chair</category><bounds><corner1>-7.162354605684774, -0.7075378818853675, -18.906691168999853</corner1><corner2>7.162354605684774, 0.7075378818853675, 18.906691168999853</corner2></bounds><pose><translation>3.1018335275274764, -1.0875308440087943, 5.8955277818540175</translation><rotation><c1>1, 0, 0</c1><c2>0, 1, 0</c2><c3>0, 0, 1</c3></rotation></pose><symmetry><x>twoFold</x><y>cylindrical</y><z>twoFold</z></symmetry><detectionScore>-1.0</detectionScore></element><element><id>9</id><category>tv_stand</category><bounds><corner1>-3.149682464944867, -1.2605678287358097, -1.54569336281242</corner1><corner2>3.149682464944867, 1.2605678287358097, 1.54569336281242</corner2></bounds><pose><translation>1.7970247840345266, -0.5490039254424156, -5.594341680203926</translation><rotation><c1>1, 0, 0</c1><c2>0, 1, 0</c2><c3>0, 0, 1</c3></rotation></pose><symmetry><x>twoFold</x><y>cylindrical</y><z>twoFold</z></symmetry><detectionScore>-1.0</detectionScore></element><element><id>10</id><category>window</category><bounds><corner1>-8.312866694147965, -1.4650606614766124, -13.789533310408311</corner1><corner2>8.312866694147965, 1.4650606614766124, 13.789533310408311</corner2></bounds><pose><translation>2.481011713059468, -0.6477554183504304, 13.993118162870656</translation><rotation><c1>1, 0, 0</c1><c2>0, 1, 0</c2><c3>0, 0, 1</c3></rotation></pose><symmetry><x>twoFold</x><y>cylindrical</y><z>twoFold</z></symmetry><detectionScore>-1.0</detectionScore></element><element><id>11</id><category>window</category><bounds><corner1>-1.8002977980083987, -1.9307509741529405, -9.979336765684208</corner1><corner2>1.8002977980083987, 1.9307509741529405, 9.979336765684208</corner2></bounds><pose><translation>-2.629196962047417, -0.24850708749319625, 14.006891994624487</translation><rotation><c1>1, 0, 0</c1><c2>0, 1, 0</c2><c3>0, 0, 1</c3></rotation></pose><symmetry><x>twoFold</x><y>cylindrical</y><z>twoFold</z></symmetry><detectionScore>-1.0</detectionScore></element><element><id>12</id><category>shelving</category><bounds><corner1>-2.2807035703389826, -1.0513130188298025, -0.38397697102616934</corner1><corner2>2.2807035703389826, 1.0513130188298025, 0.38397697102616934</corner2></bounds><pose><translation>2.2424021291500993, -0.6281626888563814, -4.426321324208131</translation><rotation><c1>1, 0, 0</c1><c2>0, 1, 0</c2><c3>0, 0, 1</c3></rotation></pose><symmetry><x>twoFold</x><y>cylindrical</y><z>twoFold</z></symmetry><detectionScore>-1.0</detectionScore></element><element><id>13</id><category>wall</category><bounds><corner1>-4.86470720103346, -1.7340487029460256, -1.9386651346500798</corner1><corner2>4.86470720103346, 1.7340487029460256, 1.9386651346500798</corner2></bounds><pose><translation>1.193657215192843, 0.029194569565638033, -5.9519039934516975</translation><rotation><c1>1, 0, 0</c1><c2>0, 1, 0</c2><c3>0, 0, 1</c3></rotation></pose><symmetry><x>twoFold</x><y>cylindrical</y><z>twoFold</z></symmetry><detectionScore>-1.0</detectionScore></element><element><id>14</id><category>wall</category><bounds><corner1>-8.136812663788255, -1.8674247325610212, -7.691446858193693</corner1><corner2>8.136812663788255, 1.8674247325610212, 7.691446858193693</corner2></bounds><pose><translation>2.6570657434191776, -0.48614110082069883, 16.291226393668513</translation><rotation><c1>1, 0, 0</c1><c2>0, 1, 0</c2><c3>0, 0, 1</c3></rotation></pose><symmetry><x>twoFold</x><y>cylindrical</y><z>twoFold</z></symmetry><detectionScore>-1.0</detectionScore></element><element><id>15</id><category>partition</category><bounds><corner1>-14.511164618407403, -0.6073135006418475, -11.775960708952404</corner1><corner2>14.511164618407403, 0.6073135006418475, 11.775960708952404</corner2></bounds><pose><translation>4.557843766258912, -1.0854383080960406, 3.606096012849103</translation><rotation><c1>1, 0, 0</c1><c2>0, 1, 0</c2><c3>0, 0, 1</c3></rotation></pose><symmetry><x>twoFold</x><y>cylindrical</y><z>twoFold</z></symmetry><detectionScore>-1.0</detectionScore></element><element><id>16</id><category>chair</category><bounds><corner1>-8.22732163793429, -1.3490049532767951, -28.789759066359434</corner1><corner2>8.22732163793429, 1.3490049532767951, 28.789759066359434</corner2></bounds><pose><translation>2.0368664952779607, -1.3490049532767951, 6.830036409209112</translation><rotation><c1>1, 0, 0</c1><c2>0, 1, 0</c2><c3>0, 0, 1</c3></rotation></pose><symmetry><x>twoFold</x><y>cylindrical</y><z>twoFold</z></symmetry><detectionScore>-1.0</detectionScore></element><element><id>17</id><category>wall</category><bounds><corner1>-0.6542971410136431, -1.571142032276413, -0.8187368253281626</corner1><corner2>0.6542971410136431, 1.571142032276413, 0.8187368253281626</corner2></bounds><pose><translation>7.056635413649015, -0.0721254004439893, 10.408381938863727</translation><rotation><c1>1, 0, 0</c1><c2>0, 1, 0</c2><c3>0, 0, 1</c3></rotation></pose><symmetry><x>twoFold</x><y>cylindrical</y><z>twoFold</z></symmetry><detectionScore>-1.0</detectionScore></element><element><id>18</id><category>chair</category><bounds><corner1>-0.9396976727749127, -0.7707432711292863, -4.572361554313451</corner1><corner2>0.9396976727749127, 0.7707432711292863, 4.572361554313451</corner2></bounds><pose><translation>-2.306607652144029, -1.3180023231091655, 4.752201235474725</translation><rotation><c1>1, 0, 0</c1><c2>0, 1, 0</c2><c3>0, 0, 1</c3></rotation></pose><symmetry><x>twoFold</x><y>cylindrical</y><z>twoFold</z></symmetry><detectionScore>-1.0</detectionScore></element><element><id>19</id><category>chair</category><bounds><corner1>-1.5054677067692819, -0.5648775141840126, -1.5774287853004427</corner1><corner2>1.5054677067692819, 0.5648775141840126, 1.5774287853004427</corner2></bounds><pose><translation>-3.137198263348805, -0.9917289805678097, 4.380884199439969</translation><rotation><c1>1, 0, 0</c1><c2>0, 1, 0</c2><c3>0, 0, 1</c3></rotation></pose><symmetry><x>twoFold</x><y>cylindrical</y><z>twoFold</z></symmetry><detectionScore>-1.0</detectionScore></element><element><id>20</id><category>door</category><bounds><corner1>-3.461077164261029, -1.2437760125924342, -1.309901380645147</corner1><corner2>3.461077164261029, 1.2437760125924342, 1.309901380645147</corner2></bounds><pose><translation>-3.461077164261029, -0.3937075438266088, -1.309901380645147</translation><rotation><c1>1, 0, 0</c1><c2>0, 1, 0</c2><c3>0, 0, 1</c3></rotation></pose><symmetry><x>twoFold</x><y>cylindrical</y><z>twoFold</z></symmetry><detectionScore>-1.0</detectionScore></element><element><id>21</id><category>chair</category><bounds><corner1>-0.9106331927603417, -0.397396911711446, -1.0515738828206498</corner1><corner2>0.9106331927603417, 0.397396911711446, 1.0515738828206498</corner2></bounds><pose><translation>-3.178065904216715, -0.566022132082999, 4.392254305250372</translation><rotation><c1>1, 0, 0</c1><c2>0, 1, 0</c2><c3>0, 0, 1</c3></rotation></pose><symmetry><x>twoFold</x><y>cylindrical</y><z>twoFold</z></symmetry><detectionScore>-1.0</detectionScore></element><element><id>22</id><category>wall</category><bounds><corner1>-3.0555648204594696, -1.5432502440180245, -4.592070269718837</corner1><corner2>3.0555648204594696, 1.5432502440180245, 4.592070269718837</corner2></bounds><pose><translation>17.806362825342283, 0.1246913816675704, -0.8077777903135752</translation><rotation><c1>1, 0, 0</c1><c2>0, 1, 0</c2><c3>0, 0, 1</c3></rotation></pose><symmetry><x>twoFold</x><y>cylindrical</y><z>twoFold</z></symmetry><detectionScore>-1.0</detectionScore></element><element><id>23</id><category>plant</category><bounds><corner1>-6.839008230918874, -2.188071082832405, -18.122235274978763</corner1><corner2>6.839008230918874, 2.188071082832405, 18.122235274978763</corner2></bounds><pose><translation>4.0504034944862495, -0.32092419481198303, 6.556119418549258</translation><rotation><c1>1, 0, 0</c1><c2>0, 1, 0</c2><c3>0, 0, 1</c3></rotation></pose><symmetry><x>twoFold</x><y>cylindrical</y><z>twoFold</z></symmetry><detectionScore>-1.0</detectionScore></element><element><id>24</id><category>atm</category><bounds><corner1>-0.9802830869604218, -0.7743125390647558, -0.6433212372247614</corner1><corner2>0.9802830869604218, 0.7743125390647558, 0.6433212372247614</corner2></bounds><pose><translation>-2.385452909839858, -0.8329520424700207, -3.7051460926072224</translation><rotation><c1>1, 0, 0</c1><c2>0, 1, 0</c2><c3>0, 0, 1</c3></rotation></pose><symmetry><x>twoFold</x><y>cylindrical</y><z>twoFold</z></symmetry><detectionScore>-1.0</detectionScore></element><element><id>25</id><category>television</category><bounds><corner1>-2.1491320878282787, -1.2107778100330706, -0.17002257733343562</corner1><corner2>2.1491320878282787, 1.2107778100330706, 0.17002257733343562</corner2></bounds><pose><translation>7.3304048013197916, 0.16474834806657204, -5.833530223326937</translation><rotation><c1>1, 0, 0</c1><c2>0, 1, 0</c2><c3>0, 0, 1</c3></rotation></pose><symmetry><x>twoFold</x><y>cylindrical</y><z>twoFold</z></symmetry><detectionScore>-1.0</detectionScore></element><element><id>26</id><category>window</category><bounds><corner1>-1.6990956987963248, -1.8952467270282247, -6.393499922659606</corner1><corner2>1.6990956987963248, 1.8952467270282247, 6.393499922659606</corner2></bounds><pose><translation>-2.9949953071163544, -0.18074757028029542, 8.547527995403009</translation><rotation><c1>1, 0, 0</c1><c2>0, 1, 0</c2><c3>0, 0, 1</c3></rotation></pose><symmetry><x>twoFold</x><y>cylindrical</y><z>twoFold</z></symmetry><detectionScore>-1.0</detectionScore></element><element><id>27</id><category>plant</category><bounds><corner1>-3.498005925241658, -1.2379308337768626, -5.859276046790877</corner1><corner2>3.498005925241658, 1.2379308337768626, 5.859276046790877</corner2></bounds><pose><translation>3.464633278660244, -0.40733400266619674, 6.2176498097054695</translation><rotation><c1>1, 0, 0</c1><c2>0, 1, 0</c2><c3>0, 0, 1</c3></rotation></pose><symmetry><x>twoFold</x><y>cylindrical</y><z>twoFold</z></symmetry><detectionScore>-1.0</detectionScore></element><element><id>28</id><category>door</category><bounds><corner1>-4.669818159146688, -1.7602707032005223, -1.8683468370746574</corner1><corner2>4.669818159146688, 1.7602707032005223, 1.8683468370746574</corner2></bounds><pose><translation>11.765259570979135, -0.08142378612528806, -5.556965451346963</translation><rotation><c1>1, 0, 0</c1><c2>0, 1, 0</c2><c3>0, 0, 1</c3></rotation></pose><symmetry><x>twoFold</x><y>cylindrical</y><z>twoFold</z></symmetry><detectionScore>-1.0</detectionScore></element><element><id>29</id><category>plant</category><bounds><corner1>-3.757718909543514, -0.7292854785324212, -4.92828108683161</corner1><corner2>3.757718909543514, 0.7292854785324212, 4.92828108683161</corner2></bounds><pose><translation>3.9541052947479534, -0.7785456176638617, 6.170133270680723</translation><rotation><c1>1, 0, 0</c1><c2>0, 1, 0</c2><c3>0, 0, 1</c3></rotation></pose><symmetry><x>twoFold</x><y>cylindrical</y><z>twoFold</z></symmetry><detectionScore>-1.0</detectionScore></element><element><id>30</id><category>chair</category><bounds><corner1>-8.1859305270578, -0.49770764888076213, -1.6909972934916881</corner1><corner2>8.1859305270578, 0.49770764888076213, 1.6909972934916881</corner2></bounds><pose><translation>2.2821017029085344, -1.141640471420464, -0.0546117024549758</translation><rotation><c1>1, 0, 0</c1><c2>0, 1, 0</c2><c3>0, 0, 1</c3></rotation></pose><symmetry><x>twoFold</x><y>cylindrical</y><z>twoFold</z></symmetry><detectionScore>-1.0</detectionScore></element><element><id>31</id><category>dining_table</category><bounds><corner1>-1.1642184266847961, -0.7681695418590477, -5.790443838120958</corner1><corner2>1.1642184266847961, 0.7681695418590477, 5.790443838120958</corner2></bounds><pose><translation>-2.317758204787516, -1.323937433766621, 4.817832224114917</translation><rotation><c1>1, 0, 0</c1><c2>0, 1, 0</c2><c3>0, 0, 1</c3></rotation></pose><symmetry><x>twoFold</x><y>cylindrical</y><z>twoFold</z></symmetry><detectionScore>-1.0</detectionScore></element><element><id>32</id><category>chair</category><bounds><corner1>-6.65285018090311, -0.10665991618655946, -0.652684817196706</corner1><corner2>6.65285018090311, 0.10665991618655946, 0.652684817196706</corner2></bounds><pose><translation>2.1266034110646816, -0.7613832363871166, -1.1702227934031217</translation><rotation><c1>1, 0, 0</c1><c2>0, 1, 0</c2><c3>0, 0, 1</c3></rotation></pose><symmetry><x>twoFold</x><y>cylindrical</y><z>twoFold</z></symmetry><detectionScore>-1.0</detectionScore></element><element><id>33</id><category>wall</category><bounds><corner1>-6.364043217783493, -1.6772616323721223, -4.133918086439482</corner1><corner2>6.364043217783493, 1.6772616323721223, 4.133918086439482</corner2></bounds><pose><translation>11.783808397485465, 0.012054527396506264, -5.540673670984978</translation><rotation><c1>1, 0, 0</c1><c2>0, 1, 0</c2><c3>0, 0, 1</c3></rotation></pose><symmetry><x>twoFold</x><y>cylindrical</y><z>twoFold</z></symmetry><detectionScore>-1.0</detectionScore></element><element><id>34</id><category>window</category><bounds><corner1>-3.3184765379885235, -2.1282391110728636, -5.44020623412885</corner1><corner2>3.3184765379885235, 2.1282391110728636, 5.44020623412885</corner2></bounds><pose><translation>17.594125670723393, -0.29215141014189616, 4.903941025495068</translation><rotation><c1>1, 0, 0</c1><c2>0, 1, 0</c2><c3>0, 0, 1</c3></rotation></pose><symmetry><x>twoFold</x><y>cylindrical</y><z>twoFold</z></symmetry><detectionScore>-1.0</detectionScore></element><element><id>35</id><category>wall</category><bounds><corner1>-4.043521991753687, -1.9024333876557997, -5.786507356247468</corner1><corner2>4.043521991753687, 1.9024333876557997, 5.786507356247468</corner2></bounds><pose><translation>3.634104857834212, -0.15969366603451926, 6.290418500248879</translation><rotation><c1>1, 0, 0</c1><c2>0, 1, 0</c2><c3>0, 0, 1</c3></rotation></pose><symmetry><x>twoFold</x><y>cylindrical</y><z>twoFold</z></symmetry><detectionScore>-1.0</detectionScore></element><element><id>36</id><category>wall</category><bounds><corner1>-7.38659519562909, -0.13403949665033155, -17.267000809997164</corner1><corner2>7.38659519562909, 0.13403949665033155, 17.267000809997164</corner2></bounds><pose><translation>3.5028165297760343, 1.839626044131271, 6.667771824033513</translation><rotation><c1>1, 0, 0</c1><c2>0, 1, 0</c2><c3>0, 0, 1</c3></rotation></pose><symmetry><x>twoFold</x><y>cylindrical</y><z>twoFold</z></symmetry><detectionScore>-1.0</detectionScore></element><element><id>37</id><category>sofa</category><bounds><corner1>-15.929492085881076, -0.6273438911976634, -11.92656914792497</corner1><corner2>15.929492085881076, 0.6273438911976634, 11.92656914792497</corner2></bounds><pose><translation>4.609369687946689, -1.1054686986518565, 3.452297639807281</translation><rotation><c1>1, 0, 0</c1><c2>0, 1, 0</c2><c3>0, 0, 1</c3></rotation></pose><symmetry><x>twoFold</x><y>cylindrical</y><z>twoFold</z></symmetry><detectionScore>-1.0</detectionScore></element><element><id>38</id><category>window</category><bounds><corner1>-3.8126343732834718, -1.3872683329195552, -5.392233177387347</corner1><corner2>3.8126343732834718, 1.3872683329195552, 5.392233177387347</corner2></bounds><pose><translation>3.8453843147870828, -0.2747242997364065, 6.202334955771407</translation><rotation><c1>1, 0, 0</c1><c2>0, 1, 0</c2><c3>0, 0, 1</c3></rotation></pose><symmetry><x>twoFold</x><y>cylindrical</y><z>twoFold</z></symmetry><detectionScore>-1.0</detectionScore></element><element><id>39</id><category>chair</category><bounds><corner1>-0.5704524792746017, -0.8082848553363308, -0.8404512370900592</corner1><corner2>0.5704524792746017, 0.8082848553363308, 0.8404512370900592</corner2></bounds><pose><translation>-2.664102445982144, -1.4318959969868912, 1.0038065136078034</translation><rotation><c1>1, 0, 0</c1><c2>0, 1, 0</c2><c3>0, 0, 1</c3></rotation></pose><symmetry><x>twoFold</x><y>cylindrical</y><z>twoFold</z></symmetry><detectionScore>-1.0</detectionScore></element><element><id>40</id><category>partition</category><bounds><corner1>-7.291612336170532, -0.1418134461185505, -17.439715772241996</corner1><corner2>7.291612336170532, 0.1418134461185505, 17.439715772241996</corner2></bounds><pose><translation>3.597799389234591, 1.8506740748250778, 6.4950568617886795</translation><rotation><c1>1, 0, 0</c1><c2>0, 1, 0</c2><c3>0, 0, 1</c3></rotation></pose><symmetry><x>twoFold</x><y>cylindrical</y><z>twoFold</z></symmetry><detectionScore>-1.0</detectionScore></element><element><id>41</id><category>plant</category><bounds><corner1>-9.459730797474057, -2.510594459186525, -5.611472826716745</corner1><corner2>9.459730797474057, 2.510594459186525, 5.611472826716745</corner2></bounds><pose><translation>11.456624960319788, -0.6915996595855628, 6.371048713289324</translation><rotation><c1>1, 0, 0</c1><c2>0, 1, 0</c2><c3>0, 0, 1</c3></rotation></pose><symmetry><x>twoFold</x><y>cylindrical</y><z>twoFold</z></symmetry><detectionScore>-1.0</detectionScore></element></elements></scene>