<?xml version='1.0' encoding='utf-8'?>
<scene xmlns:sumo="https://www.sumochallenge.org"><version>2.0</version><categories><id>fb_categories_v1.0</id><url>https://sumochallenge.org/en/categories-1_0.json</url></categories><project_type>bounding_box</project_type><elements><element><id>4</id><category>wall</category><bounds><corner1>-0.04597514, -0.53206996, -0.3662767 </corner1><corner2>0.04597514, 0.53206996, 0.3662767 </corner2></bounds><pose><translation>-1.30197235, -0.03941552,  0.31850243</translation><rotation><c1>1., 0., 0.</c1><c2>0., 1., 0.</c2><c3>0., 0., 1.</c3></rotation></pose><symmetry><x>none</x><y>twoFold</y><z>none</z></symmetry><detectionScore>0.6047246</detectionScore></element><element><id>1</id><category>door</category><bounds><corner1>-0.26050421, -0.90798077, -1.71863427</corner1><corner2>0.26050421, 0.90798077, 1.71863427</corner2></bounds><pose><translation>-1.28425423, -0.30676056,  2.47605175</translation><rotation><c1>1., 0., 0.</c1><c2>0., 1., 0.</c2><c3>0., 0., 1.</c3></rotation></pose><symmetry><x>twoFold</x><y>twoFold</y><z>twoFold</z></symmetry><detectionScore>0.9885718</detectionScore></element><element><id>5</id><category>wall</category><bounds><corner1>-1.14178741, -1.23448316, -0.08719424</corner1><corner2>1.14178741, 1.23448316, 0.08719424</corner2></bounds><pose><translation> 0.17574885, -0.11207347,  4.18678894</translation><rotation><c1>1., 0., 0.</c1><c2>0., 1., 0.</c2><c3>0., 0., 1.</c3></rotation></pose><symmetry><x>none</x><y>twoFold</y><z>none</z></symmetry><detectionScore>0.97494555</detectionScore></element><element><id>10</id><category>floor_lamp</category><bounds><corner1>-0.25895147, -0.65425548, -0.42712365</corner1><corner2>0.25895147, 0.65425548, 0.42712365</corner2></bounds><pose><translation> 1.33602463, -0.62941157,  0.99502603</translation><rotation><c1>1., 0., 0.</c1><c2>0., 1., 0.</c2><c3>0., 0., 1.</c3></rotation></pose><symmetry><x>none</x><y>cylindrical</y><z>none</z></symmetry><detectionScore>0.8182002</detectionScore></element><element><id>3</id><category>door</category><bounds><corner1>-0.22706087, -1.35449882, -0.81637   </corner1><corner2>0.22706087, 1.35449882, 0.81637   </corner2></bounds><pose><translation>-1.48703052, -0.17858677, -0.33147313</translation><rotation><c1>1., 0., 0.</c1><c2>0., 1., 0.</c2><c3>0., 0., 1.</c3></rotation></pose><symmetry><x>twoFold</x><y>twoFold</y><z>twoFold</z></symmetry><detectionScore>0.9990976</detectionScore></element><element><id>2</id><category>floor_lamp</category><bounds><corner1>-0.08022771, -0.72130672, -0.47392649</corner1><corner2>0.08022771, 0.72130672, 0.47392649</corner2></bounds><pose><translation>-1.09389551, -0.60653574,  1.42397567</translation><rotation><c1>1., 0., 0.</c1><c2>0., 1., 0.</c2><c3>0., 0., 1.</c3></rotation></pose><symmetry><x>none</x><y>cylindrical</y><z>none</z></symmetry><detectionScore>0.89022905</detectionScore></element><element><id>7</id><category>window</category><bounds><corner1>-0.66796332, -1.16577236, -0.05003651</corner1><corner2>0.66796332, 1.16577236, 0.05003651</corner2></bounds><pose><translation>-0.02918518, -0.12392616, -2.71695305</translation><rotation><c1>1., 0., 0.</c1><c2>0., 1., 0.</c2><c3>0., 0., 1.</c3></rotation></pose><symmetry><x>none</x><y>twoFold</y><z>none</z></symmetry><detectionScore>0.99929047</detectionScore></element><element><id>9</id><category>door</category><bounds><corner1>-0.61221852, -1.27497723, -0.74302514</corner1><corner2>0.61221852, 1.27497723, 0.74302514</corner2></bounds><pose><translation> 1.58231327, -0.44937223,  3.47976617</translation><rotation><c1>1., 0., 0.</c1><c2>0., 1., 0.</c2><c3>0., 0., 1.</c3></rotation></pose><symmetry><x>twoFold</x><y>twoFold</y><z>twoFold</z></symmetry><detectionScore>0.9992269</detectionScore></element><element><id>8</id><category>vacuum_cleaner</category><bounds><corner1>-0.63982977, -0.54286542, -0.68495894</corner1><corner2>0.63982977, 0.54286542, 0.68495894</corner2></bounds><pose><translation>-1.26562742, -1.06331679, -2.23799194</translation><rotation><c1>1., 0., 0.</c1><c2>0., 1., 0.</c2><c3>0., 0., 1.</c3></rotation></pose><symmetry><x>none</x><y>cylindrical</y><z>none</z></symmetry><detectionScore>0.8183199</detectionScore></element><element><id>6</id><category>floor_lamp</category><bounds><corner1>-0.24007823, -0.73418982, -0.05095089</corner1><corner2>0.24007823, 0.73418982, 0.05095089</corner2></bounds><pose><translation> 1.34297629, -0.70361964, -2.37995163</translation><rotation><c1>1., 0., 0.</c1><c2>0., 1., 0.</c2><c3>0., 0., 1.</c3></rotation></pose><symmetry><x>none</x><y>cylindrical</y><z>none</z></symmetry><detectionScore>0.99878687</detectionScore></element></elements></scene>