<?xml version='1.0' encoding='utf-8'?>
<scene xmlns:sumo="https://www.sumochallenge.org"><version>2.0</version><categories><id>fb_categories_v1_0</id><url>https://sumochallenge.org/en/categories-1_0.json</url></categories><project_type>bounding_box</project_type><elements><element><id>0</id><category>kitchen_cabinet</category><bounds><corner1>-0.5948013781616868, -0.6544423345938932, -0.5139213627748875</corner1><corner2>0.5948013781616868, 0.6544423345938932, 0.5139213627748875</corner2></bounds><pose><translation>1.965808713768321, 0.7389301614428969, -1.2308489312045858</translation><rotation><c1>0, 0, 0</c1><c2>0, 0, 0</c2><c3>0, 0, 0</c3></rotation></pose><symmetry><x>twoFold</x><y>cylindrical</y><z>twoFold</z></symmetry><detectionScore>-1.0</detectionScore></element><element><id>1</id><category>window</category><bounds><corner1>-0.06979346949397902, -0.7165501486305872, -1.2823240568133287</corner1><corner2>0.06979346949397902, 0.7165501486305872, 1.2823240568133287</corner2></bounds><pose><translation>2.441480406039555, -3.8964301436856514, -0.25141128998838835</translation><rotation><c1>0, 0, 0</c1><c2>0, 0, 0</c2><c3>0, 0, 0</c3></rotation></pose><symmetry><x>twoFold</x><y>cylindrical</y><z>twoFold</z></symmetry><detectionScore>-1.0</detectionScore></element><element><id>2</id><category>mirror</category><bounds><corner1>-0.06400847475998406, -0.43547534411211575, -0.6328387849489494</corner1><corner2>0.06400847475998406, 0.43547534411211575, 0.6328387849489494</corner2></bounds><pose><translation>2.5778137957018807, 1.0927539492686154, -0.29735415706917756</translation><rotation><c1>0, 0, 0</c1><c2>0, 0, 0</c2><c3>0, 0, 0</c3></rotation></pose><symmetry><x>twoFold</x><y>cylindrical</y><z>twoFold</z></symmetry><detectionScore>-1.0</detectionScore></element><element><id>3</id><category>floor_lamp</category><bounds><corner1>-1.428165751508674, -1.999274375267298, -1.7213653383495708</corner1><corner2>1.428165751508674, 1.999274375267298, 1.7213653383495708</corner2></bounds><pose><translation>-3.1974128834520057, -6.4621052355055255, -0.4412180080200981</translation><rotation><c1>0, 0, 0</c1><c2>0, 0, 0</c2><c3>0, 0, 0</c3></rotation></pose><symmetry><x>twoFold</x><y>cylindrical</y><z>twoFold</z></symmetry><detectionScore>-1.0</detectionScore></element><element><id>4</id><category>vacuum_cleaner</category><bounds><corner1>-0.08898697839473568, -0.8472703184252238, -0.5205846235832884</corner1><corner2>0.08898697839473568, 0.8472703184252238, 0.5205846235832884</corner2></bounds><pose><translation>2.578988133772442, -1.2936824683260235, -1.1636156250830259</translation><rotation><c1>0, 0, 0</c1><c2>0, 0, 0</c2><c3>0, 0, 0</c3></rotation></pose><symmetry><x>twoFold</x><y>cylindrical</y><z>twoFold</z></symmetry><detectionScore>-1.0</detectionScore></element><element><id>5</id><category>window</category><bounds><corner1>-1.3710670295884362, -0.14292793577984408, -1.2572679404848228</corner1><corner2>1.3710670295884362, 0.14292793577984408, 1.2572679404848228</corner2></bounds><pose><translation>0.7655760968639714, -6.618115501234662, -0.2134193330630843</translation><rotation><c1>0, 0, 0</c1><c2>0, 0, 0</c2><c3>0, 0, 0</c3></rotation></pose><symmetry><x>twoFold</x><y>cylindrical</y><z>twoFold</z></symmetry><detectionScore>-1.0</detectionScore></element><element><id>6</id><category>chair</category><bounds><corner1>-0.4080318443336235, -0.5238531961650166, -0.567043512746187</corner1><corner2>0.4080318443336235, 0.5238531961650166, 0.567043512746187</corner2></bounds><pose><translation>-2.2686123966677987, -1.8240080596492436, -1.00349969877704</translation><rotation><c1>0, 0, 0</c1><c2>0, 0, 0</c2><c3>0, 0, 0</c3></rotation></pose><symmetry><x>twoFold</x><y>cylindrical</y><z>twoFold</z></symmetry><detectionScore>-1.0</detectionScore></element><element><id>7</id><category>chair</category><bounds><corner1>-0.04762520958480598, -0.0815925576177623, -0.49042489625914193</corner1><corner2>0.04762520958480598, 0.0815925576177623, 0.49042489625914193</corner2></bounds><pose><translation>-1.92647444748921, -1.378714953256223, -0.9104865902126846</translation><rotation><c1>0, 0, 0</c1><c2>0, 0, 0</c2><c3>0, 0, 0</c3></rotation></pose><symmetry><x>twoFold</x><y>cylindrical</y><z>twoFold</z></symmetry><detectionScore>-1.0</detectionScore></element><element><id>8</id><category>chair</category><bounds><corner1>-0.03178072921224362, -0.10084988288984009, -0.12090937206979163</corner1><corner2>0.03178072921224362, 0.10084988288984009, 0.12090937206979163</corner2></bounds><pose><translation>-1.926268868567164, -1.2694508398098634, -0.5589407907291793</translation><rotation><c1>0, 0, 0</c1><c2>0, 0, 0</c2><c3>0, 0, 0</c3></rotation></pose><symmetry><x>twoFold</x><y>cylindrical</y><z>twoFold</z></symmetry><detectionScore>-1.0</detectionScore></element><element><id>9</id><category>kitchen_cabinet</category><bounds><corner1>-0.5439934234711358, -0.6175446973512297, -0.4332011434075185</corner1><corner2>0.5439934234711358, 0.6175446973512297, 0.4332011434075185</corner2></bounds><pose><translation>0.7431329445350318, 2.004770579784911, -1.1998157099280728</translation><rotation><c1>0, 0, 0</c1><c2>0, 0, 0</c2><c3>0, 0, 0</c3></rotation></pose><symmetry><x>twoFold</x><y>cylindrical</y><z>twoFold</z></symmetry><detectionScore>-1.0</detectionScore></element><element><id>10</id><category>plant</category><bounds><corner1>-2.4945720794983224, -2.128877035077249, -0.7788491478066014</corner1><corner2>2.4945720794983224, 2.128877035077249, 0.7788491478066014</corner2></bounds><pose><translation>-4.361980970157488, -3.4405959494711107, -0.6656271234282419</translation><rotation><c1>0, 0, 0</c1><c2>0, 0, 0</c2><c3>0, 0, 0</c3></rotation></pose><symmetry><x>twoFold</x><y>cylindrical</y><z>twoFold</z></symmetry><detectionScore>-1.0</detectionScore></element><element><id>11</id><category>wall</category><bounds><corner1>-1.630448543942785, -0.37518212781146865, -1.641638362628672</corner1><corner2>1.630448543942785, 0.37518212781146865, 1.641638362628672</corner2></bounds><pose><translation>0.5825472240163189, 2.308421193671098, -0.2284978631029992</translation><rotation><c1>0, 0, 0</c1><c2>0, 0, 0</c2><c3>0, 0, 0</c3></rotation></pose><symmetry><x>twoFold</x><y>cylindrical</y><z>twoFold</z></symmetry><detectionScore>-1.0</detectionScore></element><element><id>12</id><category>wall</category><bounds><corner1>-3.317464371553771, -1.7931929490851122, -1.4820389293350034</corner1><corner2>3.317464371553771, 1.7931929490851122, 1.4820389293350034</corner2></bounds><pose><translation>-1.0015853596723885, -6.5655025373735185, -0.19977450910704458</translation><rotation><c1>0, 0, 0</c1><c2>0, 0, 0</c2><c3>0, 0, 0</c3></rotation></pose><symmetry><x>twoFold</x><y>cylindrical</y><z>twoFold</z></symmetry><detectionScore>-1.0</detectionScore></element><element><id>13</id><category>door</category><bounds><corner1>-0.11440620456088446, -1.1381960003740437, -1.2908997810951097</corner1><corner2>0.11440620456088446, 1.1381960003740437, 1.2908997810951097</corner2></bounds><pose><translation>2.3174245116942895, -5.800698801681102, -0.40027414066306205</translation><rotation><c1>0, 0, 0</c1><c2>0, 0, 0</c2><c3>0, 0, 0</c3></rotation></pose><symmetry><x>twoFold</x><y>cylindrical</y><z>twoFold</z></symmetry><detectionScore>-1.0</detectionScore></element><element><id>14</id><category>hanging_kitchen_cabinet</category><bounds><corner1>-0.3930383898004033, -0.3368801966978232, -0.3648634003758766</corner1><corner2>0.3930383898004033, 0.3368801966978232, 0.3648634003758766</corner2></bounds><pose><translation>0.753148009641653, 2.3000683758867746, 0.29849474156713074</translation><rotation><c1>0, 0, 0</c1><c2>0, 0, 0</c2><c3>0, 0, 0</c3></rotation></pose><symmetry><x>twoFold</x><y>cylindrical</y><z>twoFold</z></symmetry><detectionScore>-1.0</detectionScore></element><element><id>15</id><category>chair</category><bounds><corner1>-0.07219060334987915, -0.33087728188947674, -0.6039004287658413</corner1><corner2>0.07219060334987915, 0.33087728188947674, 0.6039004287658413</corner2></bounds><pose><translation>-1.9528458561608528, -1.2078692981978554, -1.036512983024891</translation><rotation><c1>0, 0, 0</c1><c2>0, 0, 0</c2><c3>0, 0, 0</c3></rotation></pose><symmetry><x>twoFold</x><y>cylindrical</y><z>twoFold</z></symmetry><detectionScore>-1.0</detectionScore></element><element><id>16</id><category>chair</category><bounds><corner1>-1.0039628236460372, -0.25621884681049745, -0.5326658400725124</corner1><corner2>1.0039628236460372, 0.25621884681049745, 0.5326658400725124</corner2></bounds><pose><translation>-2.94218268386124, -0.8967807005218305, -0.9505406250802134</translation><rotation><c1>0, 0, 0</c1><c2>0, 0, 0</c2><c3>0, 0, 0</c3></rotation></pose><symmetry><x>twoFold</x><y>cylindrical</y><z>twoFold</z></symmetry><detectionScore>-1.0</detectionScore></element><element><id>17</id><category>stairs</category><bounds><corner1>-1.8389655116590953, -1.3780575477709225, -0.9533387578939894</corner1><corner2>1.8389655116590953, 1.3780575477709225, 0.9533387578939894</corner2></bounds><pose><translation>-3.83767779969728, 1.0500389083872568, 0.5293719444497289</translation><rotation><c1>0, 0, 0</c1><c2>0, 0, 0</c2><c3>0, 0, 0</c3></rotation></pose><symmetry><x>twoFold</x><y>cylindrical</y><z>twoFold</z></symmetry><detectionScore>-1.0</detectionScore></element><element><id>18</id><category>refrigerator</category><bounds><corner1>-0.570942615914626, -0.40283014844134124, -1.1823584109571543</corner1><corner2>0.570942615914626, 0.40283014844134124, 1.1823584109571543</corner2></bounds><pose><translation>-1.0675518800635664, 2.0095022977070665, -0.5572549134667555</translation><rotation><c1>0, 0, 0</c1><c2>0, 0, 0</c2><c3>0, 0, 0</c3></rotation></pose><symmetry><x>twoFold</x><y>cylindrical</y><z>twoFold</z></symmetry><detectionScore>-1.0</detectionScore></element><element><id>19</id><category>wall</category><bounds><corner1>-0.6026397108772743, -0.07349489757272831, -1.6271817454802622</corner1><corner2>0.6026397108772743, 0.07349489757272831, 1.6271817454802622</corner2></bounds><pose><translation>-3.6197171981094898, 2.42349424211855, -0.27586767896100406</translation><rotation><c1>0, 0, 0</c1><c2>0, 0, 0</c2><c3>0, 0, 0</c3></rotation></pose><symmetry><x>twoFold</x><y>cylindrical</y><z>twoFold</z></symmetry><detectionScore>-1.0</detectionScore></element><element><id>20</id><category>hanging_kitchen_cabinet</category><bounds><corner1>-0.6709920909029317, -0.3234646017235847, -0.5177917649219064</corner1><corner2>0.6709920909029317, 0.3234646017235847, 0.5177917649219064</corner2></bounds><pose><translation>1.4604544288918222, 2.245975116270138, 0.3668054271068751</translation><rotation><c1>0, 0, 0</c1><c2>0, 0, 0</c2><c3>0, 0, 0</c3></rotation></pose><symmetry><x>twoFold</x><y>cylindrical</y><z>twoFold</z></symmetry><detectionScore>-1.0</detectionScore></element><element><id>21</id><category>plant</category><bounds><corner1>-0.07987079226490534, -0.7811541288581623, -1.126093675840959</corner1><corner2>0.07987079226490534, 0.7811541288581623, 1.126093675840959</corner2></bounds><pose><translation>2.4548253845293377, -3.590253804450315, -0.553848138327279</translation><rotation><c1>0, 0, 0</c1><c2>0, 0, 0</c2><c3>0, 0, 0</c3></rotation></pose><symmetry><x>twoFold</x><y>cylindrical</y><z>twoFold</z></symmetry><detectionScore>-1.0</detectionScore></element><element><id>22</id><category>wall</category><bounds><corner1>-1.4904107892944753, -1.2595841966053323, -1.4981323718715447</corner1><corner2>1.4904107892944753, 1.2595841966053323, 1.4981323718715447</corner2></bounds><pose><translation>-4.677097258303385, 1.1369805032414253, -0.1620529302120544</translation><rotation><c1>0, 0, 0</c1><c2>0, 0, 0</c2><c3>0, 0, 0</c3></rotation></pose><symmetry><x>twoFold</x><y>cylindrical</y><z>twoFold</z></symmetry><detectionScore>-1.0</detectionScore></element><element><id>23</id><category>wall</category><bounds><corner1>-2.731307278308472, -2.542770713241254, -1.4777564672907548</corner1><corner2>2.731307278308472, 2.542770713241254, 1.4777564672907548</corner2></bounds><pose><translation>-4.653406679315093, -1.0216466138526745, -0.18013805406830607</translation><rotation><c1>0, 0, 0</c1><c2>0, 0, 0</c2><c3>0, 0, 0</c3></rotation></pose><symmetry><x>twoFold</x><y>cylindrical</y><z>twoFold</z></symmetry><detectionScore>-1.0</detectionScore></element><element><id>24</id><category>kitchen_cabinet</category><bounds><corner1>-0.5142143544084863, -0.5634910484922653, -0.4864051390420938</corner1><corner2>0.5142143544084863, 0.5634910484922653, 0.4864051390420938</corner2></bounds><pose><translation>-0.07638212837616373, 2.0173801387008345, -1.2463936031253837</translation><rotation><c1>0, 0, 0</c1><c2>0, 0, 0</c2><c3>0, 0, 0</c3></rotation></pose><symmetry><x>twoFold</x><y>cylindrical</y><z>twoFold</z></symmetry><detectionScore>-1.0</detectionScore></element><element><id>25</id><category>floor_lamp</category><bounds><corner1>-0.6774058274935448, -0.8994225478136078, -2.0273282333474008</corner1><corner2>0.6774058274935448, 0.8994225478136078, 2.0273282333474008</corner2></bounds><pose><translation>-2.567677019046261, -1.7389502508546741, -0.6573429812496834</translation><rotation><c1>0, 0, 0</c1><c2>0, 0, 0</c2><c3>0, 0, 0</c3></rotation></pose><symmetry><x>twoFold</x><y>cylindrical</y><z>twoFold</z></symmetry><detectionScore>-1.0</detectionScore></element><element><id>26</id><category>chandelier</category><bounds><corner1>-0.724986804614911, -0.8239269086971306, -0.12695185316602786</corner1><corner2>0.724986804614911, 0.8239269086971306, 0.12695185316602786</corner2></bounds><pose><translation>-2.804223482588566, -1.728038721444995, 1.329147959002797</translation><rotation><c1>0, 0, 0</c1><c2>0, 0, 0</c2><c3>0, 0, 0</c3></rotation></pose><symmetry><x>twoFold</x><y>cylindrical</y><z>twoFold</z></symmetry><detectionScore>-1.0</detectionScore></element><element><id>27</id><category>ottoman</category><bounds><corner1>-0.8968544571957184, -1.706506055081776, -0.9178186991109037</corner1><corner2>0.8968544571957184, 1.706506055081776, 0.9178186991109037</corner2></bounds><pose><translation>-2.4731115139607756, -3.845825927356586, -1.5180484781244363</translation><rotation><c1>0, 0, 0</c1><c2>0, 0, 0</c2><c3>0, 0, 0</c3></rotation></pose><symmetry><x>twoFold</x><y>cylindrical</y><z>twoFold</z></symmetry><detectionScore>-1.0</detectionScore></element><element><id>28</id><category>dining_table</category><bounds><corner1>-0.35981547682442816, -0.47870702257623465, -0.634637555795422</corner1><corner2>0.35981547682442816, 0.47870702257623465, 0.634637555795422</corner2></bounds><pose><translation>-2.247753922485762, -1.1536934250012125, -1.1185669408621555</translation><rotation><c1>0, 0, 0</c1><c2>0, 0, 0</c2><c3>0, 0, 0</c3></rotation></pose><symmetry><x>twoFold</x><y>cylindrical</y><z>twoFold</z></symmetry><detectionScore>-1.0</detectionScore></element><element><id>29</id><category>armchair</category><bounds><corner1>-1.7872171768862137, -2.841261668245348, -0.5539063578579408</corner1><corner2>1.7872171768862137, 2.841261668245348, 0.5539063578579408</corner2></bounds><pose><translation>-3.6189888288898824, -4.774550032928946, -0.9618756709215928</translation><rotation><c1>0, 0, 0</c1><c2>0, 0, 0</c2><c3>0, 0, 0</c3></rotation></pose><symmetry><x>twoFold</x><y>cylindrical</y><z>twoFold</z></symmetry><detectionScore>-1.0</detectionScore></element><element><id>30</id><category>person</category><bounds><corner1>-1.7505636085442728, -2.9571499855345142, -0.7138671540896675</corner1><corner2>1.7505636085442728, 2.9571499855345142, 0.7138671540896675</corner2></bounds><pose><translation>-3.5862935315316022, -4.876528262240722, -0.8613380312443816</translation><rotation><c1>0, 0, 0</c1><c2>0, 0, 0</c2><c3>0, 0, 0</c3></rotation></pose><symmetry><x>twoFold</x><y>cylindrical</y><z>twoFold</z></symmetry><detectionScore>-1.0</detectionScore></element></elements></scene>