<?xml version='1.0' encoding='utf-8'?>
<scene xmlns:sumo="https://www.sumochallenge.org"><version>2.0</version><categories><id>fb_categories_v1.0</id><url>https://sumochallenge.org/en/categories-1_0.json</url></categories><project_type>bounding_box</project_type><elements><element><id>18</id><category>shelving</category><bounds><corner1>-0.20982021, -0.44978312, -0.36367063</corner1><corner2>0.20982021, 0.44978312, 0.36367063</corner2></bounds><pose><translation>-1.52086583,  0.37622007, -2.62079443</translation><rotation><c1>1., 0., 0.</c1><c2>0., 1., 0.</c2><c3>0., 0., 1.</c3></rotation></pose><symmetry><x>twoFold</x><y>twoFold</y><z>twoFold</z></symmetry><detectionScore>0.6763628</detectionScore></element><element><id>5</id><category>books</category><bounds><corner1>-0.15652373, -0.14038963, -0.01600848</corner1><corner2>0.15652373, 0.14038963, 0.01600848</corner2></bounds><pose><translation>0.7321779 , 0.68967192, 0.97099184</translation><rotation><c1>1., 0., 0.</c1><c2>0., 1., 0.</c2><c3>0., 0., 1.</c3></rotation></pose><symmetry><x>twoFold</x><y>twoFold</y><z>twoFold</z></symmetry><detectionScore>0.72679245</detectionScore></element><element><id>15</id><category>sofa</category><bounds><corner1>-1.66980447, -0.39081348, -0.55210218</corner1><corner2>1.66980447, 0.39081348, 0.55210218</corner2></bounds><pose><translation> 0.51190211, -0.9528502 , -1.84409259</translation><rotation><c1>1., 0., 0.</c1><c2>0., 1., 0.</c2><c3>0., 0., 1.</c3></rotation></pose><symmetry><x>none</x><y>none</y><z>none</z></symmetry><detectionScore>0.9785897</detectionScore></element><element><id>10</id><category>books</category><bounds><corner1>-0.07397293, -0.09709892, -0.01618629</corner1><corner2>0.07397293, 0.09709892, 0.01618629</corner2></bounds><pose><translation>1.13801463, 0.61975735, 0.97073377</translation><rotation><c1>1., 0., 0.</c1><c2>0., 1., 0.</c2><c3>0., 0., 1.</c3></rotation></pose><symmetry><x>twoFold</x><y>twoFold</y><z>twoFold</z></symmetry><detectionScore>0.6571035</detectionScore></element><element><id>11</id><category>books</category><bounds><corner1>-0.11409595, -0.16151836, -0.01603361</corner1><corner2>0.11409595, 0.16151836, 0.01603361</corner2></bounds><pose><translation>1.32493757, 0.99016177, 0.97089929</translation><rotation><c1>1., 0., 0.</c1><c2>0., 1., 0.</c2><c3>0., 0., 1.</c3></rotation></pose><symmetry><x>twoFold</x><y>twoFold</y><z>twoFold</z></symmetry><detectionScore>0.8835606</detectionScore></element><element><id>4</id><category>books</category><bounds><corner1>-0.23001882, -0.29972135, -0.16075573</corner1><corner2>0.23001882, 0.29972135, 0.16075573</corner2></bounds><pose><translation>1.21697296, 0.52160543, 0.97138363</translation><rotation><c1>1., 0., 0.</c1><c2>0., 1., 0.</c2><c3>0., 0., 1.</c3></rotation></pose><symmetry><x>twoFold</x><y>twoFold</y><z>twoFold</z></symmetry><detectionScore>0.64651644</detectionScore></element><element><id>6</id><category>chair</category><bounds><corner1>-1.5904667 , -0.29880685, -0.57540162</corner1><corner2>1.5904667 , 0.29880685, 0.57540162</corner2></bounds><pose><translation> 3.45631394, -0.76680521, -2.36868805</translation><rotation><c1>1., 0., 0.</c1><c2>0., 1., 0.</c2><c3>0., 0., 1.</c3></rotation></pose><symmetry><x>none</x><y>none</y><z>none</z></symmetry><detectionScore>0.5162463</detectionScore></element><element><id>3</id><category>wall</category><bounds><corner1>-0.50383823, -1.04036843, -0.79003748</corner1><corner2>0.50383823, 1.04036843, 0.79003748</corner2></bounds><pose><translation> 1.75574983,  0.02891687, -2.69408429</translation><rotation><c1>1., 0., 0.</c1><c2>0., 1., 0.</c2><c3>0., 0., 1.</c3></rotation></pose><symmetry><x>none</x><y>twoFold</y><z>none</z></symmetry><detectionScore>0.516594</detectionScore></element><element><id>19</id><category>office_chair</category><bounds><corner1>-0.52197435, -0.52267342, -0.57500554</corner1><corner2>0.52197435, 0.52267342, 0.57500554</corner2></bounds><pose><translation>-0.96659823, -0.88525078, -1.81099276</translation><rotation><c1>1., 0., 0.</c1><c2>0., 1., 0.</c2><c3>0., 0., 1.</c3></rotation></pose><symmetry><x>none</x><y>none</y><z>none</z></symmetry><detectionScore>0.863637</detectionScore></element><element><id>12</id><category>plant</category><bounds><corner1>-0.30902887, -0.82740415, -0.40105104</corner1><corner2>0.30902887, 0.82740415, 0.40105104</corner2></bounds><pose><translation>-1.64399676, -0.72084188, -0.63158775</translation><rotation><c1>1., 0., 0.</c1><c2>0., 1., 0.</c2><c3>0., 0., 1.</c3></rotation></pose><symmetry><x>none</x><y>cylindrical</y><z>none</z></symmetry><detectionScore>0.94613916</detectionScore></element><element><id>2</id><category>pedestal_fan</category><bounds><corner1>-0.2780722 , -0.55087831, -0.23893175</corner1><corner2>0.2780722 , 0.55087831, 0.23893175</corner2></bounds><pose><translation>-1.60603544, -0.85181912, -1.18103882</translation><rotation><c1>1., 0., 0.</c1><c2>0., 1., 0.</c2><c3>0., 0., 1.</c3></rotation></pose><symmetry><x>none</x><y>none</y><z>none</z></symmetry><detectionScore>0.5849191</detectionScore></element><element><id>1</id><category>heater</category><bounds><corner1>-0.24889823, -0.32844267, -0.44889986</corner1><corner2>0.24889823, 0.32844267, 0.44889986</corner2></bounds><pose><translation>-1.61993406, -0.98662408, -0.83336715</translation><rotation><c1>1., 0., 0.</c1><c2>0., 1., 0.</c2><c3>0., 0., 1.</c3></rotation></pose><symmetry><x>twoFold</x><y>twoFold</y><z>twoFold</z></symmetry><detectionScore>0.93372357</detectionScore></element><element><id>17</id><category>computer</category><bounds><corner1>-0.5380244 , -0.29653588, -0.53213247</corner1><corner2>0.5380244 , 0.29653588, 0.53213247</corner2></bounds><pose><translation>-1.45055885, -0.34804088, -2.16809711</translation><rotation><c1>1., 0., 0.</c1><c2>0., 1., 0.</c2><c3>0., 0., 1.</c3></rotation></pose><symmetry><x>none</x><y>none</y><z>none</z></symmetry><detectionScore>0.83977085</detectionScore></element><element><id>13</id><category>wall</category><bounds><corner1>-2.56317388, -0.96913927, -1.23270006</corner1><corner2>2.56317388, 0.96913927, 1.23270006</corner2></bounds><pose><translation> 3.62011048, -0.05260003,  0.03870864</translation><rotation><c1>1., 0., 0.</c1><c2>0., 1., 0.</c2><c3>0., 0., 1.</c3></rotation></pose><symmetry><x>none</x><y>twoFold</y><z>none</z></symmetry><detectionScore>0.667377</detectionScore></element><element><id>16</id><category>books</category><bounds><corner1>-0.19874426, -0.16139557, -0.2109627 </corner1><corner2>0.19874426, 0.16139557, 0.2109627 </corner2></bounds><pose><translation> 0.10151128, -0.24763293,  1.08799815</translation><rotation><c1>1., 0., 0.</c1><c2>0., 1., 0.</c2><c3>0., 0., 1.</c3></rotation></pose><symmetry><x>twoFold</x><y>twoFold</y><z>twoFold</z></symmetry><detectionScore>0.96554583</detectionScore></element><element><id>9</id><category>books</category><bounds><corner1>-0.06557417, -0.12037742, -0.01703022</corner1><corner2>0.06557417, 0.12037742, 0.01703022</corner2></bounds><pose><translation>0.71024828, 0.43111793, 0.97099339</translation><rotation><c1>1., 0., 0.</c1><c2>0., 1., 0.</c2><c3>0., 0., 1.</c3></rotation></pose><symmetry><x>twoFold</x><y>twoFold</y><z>twoFold</z></symmetry><detectionScore>0.63356227</detectionScore></element><element><id>8</id><category>books</category><bounds><corner1>-0.18333329, -0.14481206, -0.01801291</corner1><corner2>0.18333329, 0.14481206, 0.01801291</corner2></bounds><pose><translation>0.63167316, 0.44145497, 0.97100468</translation><rotation><c1>1., 0., 0.</c1><c2>0., 1., 0.</c2><c3>0., 0., 1.</c3></rotation></pose><symmetry><x>twoFold</x><y>twoFold</y><z>twoFold</z></symmetry><detectionScore>0.93166494</detectionScore></element><element><id>7</id><category>wall</category><bounds><corner1>-2.98409271, -1.161182  , -1.52628604</corner1><corner2>2.98409271, 1.161182  , 1.52628604</corner2></bounds><pose><translation> 3.12121786, -0.06397631, -0.80259772</translation><rotation><c1>1., 0., 0.</c1><c2>0., 1., 0.</c2><c3>0., 0., 1.</c3></rotation></pose><symmetry><x>none</x><y>twoFold</y><z>none</z></symmetry><detectionScore>0.87942666</detectionScore></element><element><id>14</id><category>wall</category><bounds><corner1>-2.02819276, -0.94367109, -0.70379983</corner1><corner2>2.02819276, 0.94367109, 0.70379983</corner2></bounds><pose><translation> 0.19730333,  0.01844237, -2.6808718 </translation><rotation><c1>1., 0., 0.</c1><c2>0., 1., 0.</c2><c3>0., 0., 1.</c3></rotation></pose><symmetry><x>none</x><y>twoFold</y><z>none</z></symmetry><detectionScore>0.7371818</detectionScore></element></elements></scene>