<?xml version='1.0' encoding='utf-8'?>
<scene xmlns:sumo="https://www.sumochallenge.org"><version>2.0</version><categories><id>fb_categories_v1.0</id><url>https://sumochallenge.org/en/categories-1_0.json</url></categories><project_type>bounding_box</project_type><elements><element><id>18</id><category>television</category><bounds><corner1>-0.15780126, -0.48284771, -0.95126122</corner1><corner2>0.15780126, 0.48284771, 0.95126122</corner2></bounds><pose><translation> 3.61131118, -0.55682153, -1.33492166</translation><rotation><c1>1., 0., 0.</c1><c2>0., 1., 0.</c2><c3>0., 0., 1.</c3></rotation></pose><symmetry><x>none</x><y>none</y><z>twoFold</z></symmetry><detectionScore>0.95298386</detectionScore></element><element><id>5</id><category>window</category><bounds><corner1>-1.18080309, -0.77096633, -0.36120338</corner1><corner2>1.18080309, 0.77096633, 0.36120338</corner2></bounds><pose><translation>-1.23153596,  0.31493139, -5.8415072 </translation><rotation><c1>1., 0., 0.</c1><c2>0., 1., 0.</c2><c3>0., 0., 1.</c3></rotation></pose><symmetry><x>none</x><y>twoFold</y><z>none</z></symmetry><detectionScore>0.9362202</detectionScore></element><element><id>15</id><category>ceiling_fan</category><bounds><corner1>-1.24243091, -0.01991003, -0.38302308</corner1><corner2>1.24243091, 0.01991003, 0.38302308</corner2></bounds><pose><translation> 0.83799986,  1.18901375, -1.84998563</translation><rotation><c1>1., 0., 0.</c1><c2>0., 1., 0.</c2><c3>0., 0., 1.</c3></rotation></pose><symmetry><x>none</x><y>cylindrical</y><z>none</z></symmetry><detectionScore>0.83651304</detectionScore></element><element><id>10</id><category>chair</category><bounds><corner1>-0.52105269, -0.24140564, -0.73899127</corner1><corner2>0.52105269, 0.24140564, 0.73899127</corner2></bounds><pose><translation>-1.3370503 , -0.80537755,  0.63829864</translation><rotation><c1>1., 0., 0.</c1><c2>0., 1., 0.</c2><c3>0., 0., 1.</c3></rotation></pose><symmetry><x>none</x><y>none</y><z>none</z></symmetry><detectionScore>0.97791153</detectionScore></element><element><id>11</id><category>plant</category><bounds><corner1>-0.66686399, -0.67500411, -0.66812466</corner1><corner2>0.66686399, 0.67500411, 0.66812466</corner2></bounds><pose><translation>-3.31820824, -1.05524396, -4.9759227 </translation><rotation><c1>1., 0., 0.</c1><c2>0., 1., 0.</c2><c3>0., 0., 1.</c3></rotation></pose><symmetry><x>none</x><y>cylindrical</y><z>none</z></symmetry><detectionScore>0.93867224</detectionScore></element><element><id>4</id><category>plant</category><bounds><corner1>-0.42277364, -0.83661263, -0.31244737</corner1><corner2>0.42277364, 0.83661263, 0.31244737</corner2></bounds><pose><translation> 3.43992666, -0.81785   ,  1.94657639</translation><rotation><c1>1., 0., 0.</c1><c2>0., 1., 0.</c2><c3>0., 0., 1.</c3></rotation></pose><symmetry><x>none</x><y>cylindrical</y><z>none</z></symmetry><detectionScore>0.9755821</detectionScore></element><element><id>6</id><category>plant</category><bounds><corner1>-0.38288882, -0.83009325, -0.32933978</corner1><corner2>0.38288882, 0.83009325, 0.32933978</corner2></bounds><pose><translation>-2.48888635, -0.83633686,  1.94496781</translation><rotation><c1>1., 0., 0.</c1><c2>0., 1., 0.</c2><c3>0., 0., 1.</c3></rotation></pose><symmetry><x>none</x><y>cylindrical</y><z>none</z></symmetry><detectionScore>0.7223005</detectionScore></element><element><id>3</id><category>armchair</category><bounds><corner1>-1.13242335, -0.52190121, -0.77335875</corner1><corner2>1.13242335, 0.52190121, 0.77335875</corner2></bounds><pose><translation> 2.71184837, -1.17165786,  0.63727412</translation><rotation><c1>1., 0., 0.</c1><c2>0., 1., 0.</c2><c3>0., 0., 1.</c3></rotation></pose><symmetry><x>none</x><y>none</y><z>none</z></symmetry><detectionScore>0.991912</detectionScore></element><element><id>12</id><category>chair</category><bounds><corner1>-0.50700965, -0.18628661, -0.47963352</corner1><corner2>0.50700965, 0.18628661, 0.47963352</corner2></bounds><pose><translation>-1.32001999, -0.76830573, -0.69980901</translation><rotation><c1>1., 0., 0.</c1><c2>0., 1., 0.</c2><c3>0., 0., 1.</c3></rotation></pose><symmetry><x>none</x><y>none</y><z>none</z></symmetry><detectionScore>0.9417061</detectionScore></element><element><id>2</id><category>plant</category><bounds><corner1>-2.67136297, -0.82315191, -4.6079333 </corner1><corner2>2.67136297, 0.82315191, 4.6079333 </corner2></bounds><pose><translation>-2.67136297, -0.82315191, -4.6079333 </translation><rotation><c1>1., 0., 0.</c1><c2>0., 1., 0.</c2><c3>0., 0., 1.</c3></rotation></pose><symmetry><x>none</x><y>cylindrical</y><z>none</z></symmetry><detectionScore>0.5241044</detectionScore></element><element><id>1</id><category>picture_frame</category><bounds><corner1>-0.56206604, -0.55702331, -0.07166845</corner1><corner2>0.56206604, 0.55702331, 0.07166845</corner2></bounds><pose><translation>2.71709403, 0.0585054 , 2.17299279</translation><rotation><c1>1., 0., 0.</c1><c2>0., 1., 0.</c2><c3>0., 0., 1.</c3></rotation></pose><symmetry><x>none</x><y>fourFold</y><z>none</z></symmetry><detectionScore>0.99782395</detectionScore></element><element><id>13</id><category>wall</category><bounds><corner1>-2.73585329, -1.20126576, -2.81720922</corner1><corner2>2.73585329, 1.20126576, 2.81720922</corner2></bounds><pose><translation> 0.58779215, -0.15320745, -5.78330737</translation><rotation><c1>1., 0., 0.</c1><c2>0., 1., 0.</c2><c3>0., 0., 1.</c3></rotation></pose><symmetry><x>none</x><y>twoFold</y><z>none</z></symmetry><detectionScore>0.98530036</detectionScore></element><element><id>16</id><category>window</category><bounds><corner1>-0.07564467, -1.01628059, -1.16665229</corner1><corner2>0.07564467, 1.01628059, 1.16665229</corner2></bounds><pose><translation>3.84307416, 0.03391831, 0.86661376</translation><rotation><c1>1., 0., 0.</c1><c2>0., 1., 0.</c2><c3>0., 0., 1.</c3></rotation></pose><symmetry><x>none</x><y>twoFold</y><z>none</z></symmetry><detectionScore>0.9973857</detectionScore></element><element><id>9</id><category>arch</category><bounds><corner1>-2.66949428, -1.46967104, -3.49532198</corner1><corner2>2.66949428, 1.46967104, 3.49532198</corner2></bounds><pose><translation>-2.66949428, -0.27917083, -3.49532198</translation><rotation><c1>1., 0., 0.</c1><c2>0., 1., 0.</c2><c3>0., 0., 1.</c3></rotation></pose><symmetry><x>none</x><y>twoFold</y><z>none</z></symmetry><detectionScore>0.9406407</detectionScore></element><element><id>8</id><category>clock</category><bounds><corner1>-0.15145919, -0.15715145, -0.06779407</corner1><corner2>0.15145919, 0.15715145, 0.06779407</corner2></bounds><pose><translation>0.94009053, 0.69152563, 2.19307627</translation><rotation><c1>1., 0., 0.</c1><c2>0., 1., 0.</c2><c3>0., 0., 1.</c3></rotation></pose><symmetry><x>none</x><y>none</y><z>cylindrical</z></symmetry><detectionScore>0.9858489</detectionScore></element><element><id>7</id><category>dining_table</category><bounds><corner1>-0.39403096, -0.03160948, -0.93793731</corner1><corner2>0.39403096, 0.03160948, 0.93793731</corner2></bounds><pose><translation>-1.23301863, -0.69113323, -0.02748791</translation><rotation><c1>1., 0., 0.</c1><c2>0., 1., 0.</c2><c3>0., 0., 1.</c3></rotation></pose><symmetry><x>none</x><y>twoFold</y><z>none</z></symmetry><detectionScore>0.61566955</detectionScore></element><element><id>17</id><category>picture_frame</category><bounds><corner1>-0.04299642, -0.47293433, -0.44522979</corner1><corner2>0.04299642, 0.47293433, 0.44522979</corner2></bounds><pose><translation>-2.62505983,  0.04883538,  0.13123573</translation><rotation><c1>1., 0., 0.</c1><c2>0., 1., 0.</c2><c3>0., 0., 1.</c3></rotation></pose><symmetry><x>none</x><y>fourFold</y><z>none</z></symmetry><detectionScore>0.9992889</detectionScore></element></elements></scene>