<?xml version='1.0' encoding='utf-8'?>
<scene xmlns:sumo="https://www.sumochallenge.org"><version>2.0</version><categories><id>fb_categories_v1_0</id><url>https://sumochallenge.org/en/categories-1_0.json</url></categories><project_type>bounding_box</project_type><elements><element><id>0</id><category>chair</category><bounds><corner1>-0.49314589901028394, -0.47926895642905776, -0.39850892314616093</corner1><corner2>0.49314589901028394, 0.47926895642905776, 0.39850892314616093</corner2></bounds><pose><translation>-1.551451230470875, -2.1499027617311417, -1.0262503131184726</translation><rotation><c1>0, 0, 0</c1><c2>0, 0, 0</c2><c3>0, 0, 0</c3></rotation></pose><symmetry><x>twoFold</x><y>cylindrical</y><z>twoFold</z></symmetry><detectionScore>-1.0</detectionScore></element><element><id>1</id><category>fireplace</category><bounds><corner1>-0.042612383436989365, -0.3958889376947795, -1.5405199731075885</corner1><corner2>0.042612383436989365, 0.3958889376947795, 1.5405199731075885</corner2></bounds><pose><translation>-1.88451513792261, -0.030776245055800035, -0.11224368903494936</translation><rotation><c1>0, 0, 0</c1><c2>0, 0, 0</c2><c3>0, 0, 0</c3></rotation></pose><symmetry><x>twoFold</x><y>cylindrical</y><z>twoFold</z></symmetry><detectionScore>-1.0</detectionScore></element><element><id>2</id><category>wall</category><bounds><corner1>-4.452927561800404, -2.883386499726939, -1.3428109620899875</corner1><corner2>4.452927561800404, 2.883386499726939, 1.3428109620899875</corner2></bounds><pose><translation>-8.062025861854863, -5.2188080954101395, 0.024207238426554624</translation><rotation><c1>0, 0, 0</c1><c2>0, 0, 0</c2><c3>0, 0, 0</c3></rotation></pose><symmetry><x>twoFold</x><y>cylindrical</y><z>twoFold</z></symmetry><detectionScore>-1.0</detectionScore></element><element><id>3</id><category>floor_lamp</category><bounds><corner1>-1.099010908838507, -3.5344527205718936, -1.5007931248732052</corner1><corner2>1.099010908838507, 3.5344527205718936, 1.5007931248732052</corner2></bounds><pose><translation>1.8760694315621684, -5.284185751657256, -0.6074920313675314</translation><rotation><c1>0, 0, 0</c1><c2>0, 0, 0</c2><c3>0, 0, 0</c3></rotation></pose><symmetry><x>twoFold</x><y>cylindrical</y><z>twoFold</z></symmetry><detectionScore>-1.0</detectionScore></element><element><id>4</id><category>curtain</category><bounds><corner1>-6.321181058293224, -2.9278047578054576, -1.2517906504546201</corner1><corner2>6.321181058293224, 2.9278047578054576, 1.2517906504546201</corner2></bounds><pose><translation>-8.182975876502717, -3.2489615825931155, 0.11943452304839791</translation><rotation><c1>0, 0, 0</c1><c2>0, 0, 0</c2><c3>0, 0, 0</c3></rotation></pose><symmetry><x>twoFold</x><y>cylindrical</y><z>twoFold</z></symmetry><detectionScore>-1.0</detectionScore></element><element><id>5</id><category>tv_stand</category><bounds><corner1>-1.2213839517845804, -2.1138182650978905, -1.2803593439375534</corner1><corner2>1.2213839517845804, 2.1138182650978905, 1.2803593439375534</corner2></bounds><pose><translation>3.104730948961379, -4.892435083434291, -0.4187704501997559</translation><rotation><c1>0, 0, 0</c1><c2>0, 0, 0</c2><c3>0, 0, 0</c3></rotation></pose><symmetry><x>twoFold</x><y>cylindrical</y><z>twoFold</z></symmetry><detectionScore>-1.0</detectionScore></element><element><id>6</id><category>column</category><bounds><corner1>-4.4392824888087885, -2.8879911968380942, -1.3334178719052665</corner1><corner2>4.4392824888087885, 2.8879911968380942, 1.3334178719052665</corner2></bounds><pose><translation>-8.046983608253319, -5.227567204079144, 0.0077466161695134315</translation><rotation><c1>0, 0, 0</c1><c2>0, 0, 0</c2><c3>0, 0, 0</c3></rotation></pose><symmetry><x>twoFold</x><y>cylindrical</y><z>twoFold</z></symmetry><detectionScore>-1.0</detectionScore></element><element><id>7</id><category>wall</category><bounds><corner1>-5.944863403500743, -2.2112387087226075, -1.389614275190059</corner1><corner2>5.944863403500743, 2.2112387087226075, 1.389614275190059</corner2></bounds><pose><translation>-7.802195099376213, -2.165801218519925, -0.04253885054713853</translation><rotation><c1>0, 0, 0</c1><c2>0, 0, 0</c2><c3>0, 0, 0</c3></rotation></pose><symmetry><x>twoFold</x><y>cylindrical</y><z>twoFold</z></symmetry><detectionScore>-1.0</detectionScore></element><element><id>8</id><category>sofa</category><bounds><corner1>-2.568493560732296, -0.4210252438253441, -0.46657313340660433</corner1><corner2>2.568493560732296, 0.4210252438253441, 0.46657313340660433</corner2></bounds><pose><translation>0.7825083056502332, -2.0362553277900535, -1.0973011885472885</translation><rotation><c1>0, 0, 0</c1><c2>0, 0, 0</c2><c3>0, 0, 0</c3></rotation></pose><symmetry><x>twoFold</x><y>cylindrical</y><z>twoFold</z></symmetry><detectionScore>-1.0</detectionScore></element><element><id>9</id><category>coffee_table</category><bounds><corner1>-3.2459445992405795, -0.6688424079835952, -0.301278352250971</corner1><corner2>3.2459445992405795, 0.6688424079835952, 0.301278352250971</corner2></bounds><pose><translation>1.7590912503588176, -1.2399463043721444, -0.9418048550546689</translation><rotation><c1>0, 0, 0</c1><c2>0, 0, 0</c2><c3>0, 0, 0</c3></rotation></pose><symmetry><x>twoFold</x><y>cylindrical</y><z>twoFold</z></symmetry><detectionScore>-1.0</detectionScore></element><element><id>10</id><category>window</category><bounds><corner1>-1.5689924923636482, -2.4551881759500587, -1.1964059774609794</corner1><corner2>1.5689924923636482, 2.4551881759500587, 1.1964059774609794</corner2></bounds><pose><translation>1.2646018556403056, -5.446525613799258, -0.014888267562074738</translation><rotation><c1>0, 0, 0</c1><c2>0, 0, 0</c2><c3>0, 0, 0</c3></rotation></pose><symmetry><x>twoFold</x><y>cylindrical</y><z>twoFold</z></symmetry><detectionScore>-1.0</detectionScore></element><element><id>11</id><category>kitchen_cabinet</category><bounds><corner1>-1.0587120909109196, -0.06039028565597532, -1.246185283658197</corner1><corner2>1.0587120909109196, 0.06039028565597532, 1.246185283658197</corner2></bounds><pose><translation>1.5494671225777106, 0.4296624361415946, -0.12554672038981718</translation><rotation><c1>0, 0, 0</c1><c2>0, 0, 0</c2><c3>0, 0, 0</c3></rotation></pose><symmetry><x>twoFold</x><y>cylindrical</y><z>twoFold</z></symmetry><detectionScore>-1.0</detectionScore></element><element><id>12</id><category>wall</category><bounds><corner1>-0.8216354129780639, -1.0134377282613267, -1.3532288536970138</corner1><corner2>0.8216354129780639, 1.0134377282613267, 1.3532288536970138</corner2></bounds><pose><translation>4.508492910270024, -0.6228350413836735, 0.10761995453271696</translation><rotation><c1>0, 0, 0</c1><c2>0, 0, 0</c2><c3>0, 0, 0</c3></rotation></pose><symmetry><x>twoFold</x><y>cylindrical</y><z>twoFold</z></symmetry><detectionScore>-1.0</detectionScore></element><element><id>13</id><category>shelving</category><bounds><corner1>-1.3585553787896996, -2.2030749232884763, -0.6793466775339445</corner1><corner2>1.3585553787896996, 2.2030749232884763, 0.6793466775339445</corner2></bounds><pose><translation>2.886435833747393, -4.696452024863819, -0.9228076981937043</translation><rotation><c1>0, 0, 0</c1><c2>0, 0, 0</c2><c3>0, 0, 0</c3></rotation></pose><symmetry><x>twoFold</x><y>cylindrical</y><z>twoFold</z></symmetry><detectionScore>-1.0</detectionScore></element><element><id>14</id><category>wall</category><bounds><corner1>-0.03249583850780979, -0.3907647073561496, -1.4448874368131075</corner1><corner2>0.03249583850780979, 0.3907647073561496, 1.4448874368131075</corner2></bounds><pose><translation>-1.8838700842260236, -0.03578758675336539, -0.06414331554512129</translation><rotation><c1>0, 0, 0</c1><c2>0, 0, 0</c2><c3>0, 0, 0</c3></rotation></pose><symmetry><x>twoFold</x><y>cylindrical</y><z>twoFold</z></symmetry><detectionScore>-1.0</detectionScore></element><element><id>15</id><category>chandelier</category><bounds><corner1>-0.5695047880615685, -0.5829049156876467, -0.0859940202998839</corner1><corner2>0.5695047880615685, 0.5829049156876467, 0.0859940202998839</corner2></bounds><pose><translation>-1.9430545668202566, -2.750834455802027, 1.4554617878187255</translation><rotation><c1>0, 0, 0</c1><c2>0, 0, 0</c2><c3>0, 0, 0</c3></rotation></pose><symmetry><x>twoFold</x><y>cylindrical</y><z>twoFold</z></symmetry><detectionScore>-1.0</detectionScore></element><element><id>16</id><category>wall</category><bounds><corner1>-2.8960254019389655, -2.8457795954709586, -1.3996973869389084</corner1><corner2>2.8960254019389655, 2.8457795954709586, 1.3996973869389084</corner2></bounds><pose><translation>1.1657412465484693, -5.318756187128349, -0.005162149265299698</translation><rotation><c1>0, 0, 0</c1><c2>0, 0, 0</c2><c3>0, 0, 0</c3></rotation></pose><symmetry><x>twoFold</x><y>cylindrical</y><z>twoFold</z></symmetry><detectionScore>-1.0</detectionScore></element><element><id>17</id><category>wall</category><bounds><corner1>-1.3901181587272566, -3.0465208391410674, -1.5285074694772536</corner1><corner2>1.3901181587272566, 3.0465208391410674, 1.5285074694772536</corner2></bounds><pose><translation>-2.3065275620805354, -5.1600056523638935, -0.11080188616371554</translation><rotation><c1>0, 0, 0</c1><c2>0, 0, 0</c2><c3>0, 0, 0</c3></rotation></pose><symmetry><x>twoFold</x><y>cylindrical</y><z>twoFold</z></symmetry><detectionScore>-1.0</detectionScore></element><element><id>18</id><category>kitchen_cabinet</category><bounds><corner1>-0.2966711182652384, -4.599675456443449, -1.3820303880859008</corner1><corner2>0.2966711182652384, 4.599675456443449, 1.3820303880859008</corner2></bounds><pose><translation>-0.2673625015280504, 1.4825450912927254, -0.06453243730515608</translation><rotation><c1>0, 0, 0</c1><c2>0, 0, 0</c2><c3>0, 0, 0</c3></rotation></pose><symmetry><x>twoFold</x><y>cylindrical</y><z>twoFold</z></symmetry><detectionScore>-1.0</detectionScore></element><element><id>19</id><category>wall</category><bounds><corner1>-1.2379521078163513, -4.693259703369494, -1.2604562319460553</corner1><corner2>1.2379521078163513, 4.693259703369494, 1.2604562319460553</corner2></bounds><pose><translation>-0.858904554114093, 1.361804018376679, -0.016164324862128036</translation><rotation><c1>0, 0, 0</c1><c2>0, 0, 0</c2><c3>0, 0, 0</c3></rotation></pose><symmetry><x>twoFold</x><y>cylindrical</y><z>twoFold</z></symmetry><detectionScore>-1.0</detectionScore></element><element><id>20</id><category>switch</category><bounds><corner1>-0.07240699800642292, -0.04499564065675554, -0.08178934647981662</corner1><corner2>0.07240699800642292, 0.04499564065675554, 0.08178934647981662</corner2></bounds><pose><translation>-1.0238354903885845, 1.2199745851591504, -0.629119770009969</translation><rotation><c1>0, 0, 0</c1><c2>0, 0, 0</c2><c3>0, 0, 0</c3></rotation></pose><symmetry><x>twoFold</x><y>cylindrical</y><z>twoFold</z></symmetry><detectionScore>-1.0</detectionScore></element><element><id>21</id><category>shelving</category><bounds><corner1>-0.6771924195563499, -1.7176515883212997, -0.694709828151085</corner1><corner2>0.6771924195563499, 1.7176515883212997, 0.694709828151085</corner2></bounds><pose><translation>2.8366730328882035, -4.628722690901102, -1.02075186137716</translation><rotation><c1>0, 0, 0</c1><c2>0, 0, 0</c2><c3>0, 0, 0</c3></rotation></pose><symmetry><x>twoFold</x><y>cylindrical</y><z>twoFold</z></symmetry><detectionScore>-1.0</detectionScore></element><element><id>22</id><category>hanging_kitchen_cabinet</category><bounds><corner1>-1.6916965096832473, -0.3574521140704041, -0.5686300741208408</corner1><corner2>1.6916965096832473, 0.3574521140704041, 0.5686300741208408</corner2></bounds><pose><translation>-2.542116998861214, 5.682917235139531, 0.36871542155827697</translation><rotation><c1>0, 0, 0</c1><c2>0, 0, 0</c2><c3>0, 0, 0</c3></rotation></pose><symmetry><x>twoFold</x><y>cylindrical</y><z>twoFold</z></symmetry><detectionScore>-1.0</detectionScore></element><element><id>23</id><category>shelving</category><bounds><corner1>-0.6796833531802013, -1.706322106242133, -0.4350040140206326</corner1><corner2>0.6796833531802013, 1.706322106242133, 0.4350040140206326</corner2></bounds><pose><translation>3.164399022889232, -4.693352440191417, -0.9134926688041504</translation><rotation><c1>0, 0, 0</c1><c2>0, 0, 0</c2><c3>0, 0, 0</c3></rotation></pose><symmetry><x>twoFold</x><y>cylindrical</y><z>twoFold</z></symmetry><detectionScore>-1.0</detectionScore></element><element><id>24</id><category>hanger</category><bounds><corner1>-0.4263114699057935, -0.5904105072649681, -0.8066023069042183</corner1><corner2>0.4263114699057935, 0.5904105072649681, 0.8066023069042183</corner2></bounds><pose><translation>2.1623897616165406, -5.505297939124034, -0.7042665124661394</translation><rotation><c1>0, 0, 0</c1><c2>0, 0, 0</c2><c3>0, 0, 0</c3></rotation></pose><symmetry><x>twoFold</x><y>cylindrical</y><z>twoFold</z></symmetry><detectionScore>-1.0</detectionScore></element><element><id>25</id><category>stairs</category><bounds><corner1>-0.048980675054649536, -0.4216670886624512, -1.32359626572228</corner1><corner2>0.048980675054649536, 0.4216670886624512, 1.32359626572228</corner2></bounds><pose><translation>-1.9051925746168779, -0.24945904001419686, 0.09402781389455485</translation><rotation><c1>0, 0, 0</c1><c2>0, 0, 0</c2><c3>0, 0, 0</c3></rotation></pose><symmetry><x>twoFold</x><y>cylindrical</y><z>twoFold</z></symmetry><detectionScore>-1.0</detectionScore></element><element><id>26</id><category>curtain</category><bounds><corner1>-2.4092401283463882, -2.5191399778668333, -1.3277551992524577</corner1><corner2>2.4092401283463882, 2.5191399778668333, 1.3277551992524577</corner2></bounds><pose><translation>1.78214926867933, -5.323354576863755, -0.01630589764494462</translation><rotation><c1>0, 0, 0</c1><c2>0, 0, 0</c2><c3>0, 0, 0</c3></rotation></pose><symmetry><x>twoFold</x><y>cylindrical</y><z>twoFold</z></symmetry><detectionScore>-1.0</detectionScore></element><element><id>27</id><category>desk</category><bounds><corner1>-1.3429859399727517, -2.2305119967959075, -0.6367501412476442</corner1><corner2>1.3429859399727517, 2.2305119967959075, 0.6367501412476442</corner2></bounds><pose><translation>2.9724618103437503, -4.818533520006797, -0.9149317557201383</translation><rotation><c1>0, 0, 0</c1><c2>0, 0, 0</c2><c3>0, 0, 0</c3></rotation></pose><symmetry><x>twoFold</x><y>cylindrical</y><z>twoFold</z></symmetry><detectionScore>-1.0</detectionScore></element><element><id>28</id><category>wall_lamp</category><bounds><corner1>-1.004046901227659, -0.3656868968320792, -0.8342977436163865</corner1><corner2>1.004046901227659, 0.3656868968320792, 0.8342977436163865</corner2></bounds><pose><translation>-3.02258786381541, -0.02225711693630872, 0.6700196030255441</translation><rotation><c1>0, 0, 0</c1><c2>0, 0, 0</c2><c3>0, 0, 0</c3></rotation></pose><symmetry><x>twoFold</x><y>cylindrical</y><z>twoFold</z></symmetry><detectionScore>-1.0</detectionScore></element><element><id>29</id><category>picture_frame</category><bounds><corner1>-0.07236763152628434, -0.045421240275077324, -0.07719461924248738</corner1><corner2>0.07236763152628434, 0.045421240275077324, 0.07719461924248738</corner2></bounds><pose><translation>-1.0234121485297107, 1.2194396326672101, -0.6290013475577054</translation><rotation><c1>0, 0, 0</c1><c2>0, 0, 0</c2><c3>0, 0, 0</c3></rotation></pose><symmetry><x>twoFold</x><y>cylindrical</y><z>twoFold</z></symmetry><detectionScore>-1.0</detectionScore></element><element><id>30</id><category>window</category><bounds><corner1>-0.6915006097459306, -1.1793681591327865, -1.3091770077382</corner1><corner2>0.6915006097459306, 1.1793681591327865, 1.3091770077382</corner2></bounds><pose><translation>4.644286285233849, -0.8216845465262527, 0.12660453951453618</translation><rotation><c1>0, 0, 0</c1><c2>0, 0, 0</c2><c3>0, 0, 0</c3></rotation></pose><symmetry><x>twoFold</x><y>cylindrical</y><z>twoFold</z></symmetry><detectionScore>-1.0</detectionScore></element><element><id>31</id><category>chandelier</category><bounds><corner1>-0.45571040523058315, -1.206923361164323, -0.07049296342398725</corner1><corner2>0.45571040523058315, 1.206923361164323, 0.07049296342398725</corner2></bounds><pose><translation>-1.6880425829745835, -3.5675314291132447, 1.4316927134563717</translation><rotation><c1>0, 0, 0</c1><c2>0, 0, 0</c2><c3>0, 0, 0</c3></rotation></pose><symmetry><x>twoFold</x><y>cylindrical</y><z>twoFold</z></symmetry><detectionScore>-1.0</detectionScore></element><element><id>32</id><category>hanging_kitchen_cabinet</category><bounds><corner1>-1.0730453626017147, -0.16104239483190685, -0.7981126134751504</corner1><corner2>1.0730453626017147, 0.16104239483190685, 0.7981126134751504</corner2></bounds><pose><translation>-1.1787505547575883, 5.664823477401963, 0.24685974600363658</translation><rotation><c1>0, 0, 0</c1><c2>0, 0, 0</c2><c3>0, 0, 0</c3></rotation></pose><symmetry><x>twoFold</x><y>cylindrical</y><z>twoFold</z></symmetry><detectionScore>-1.0</detectionScore></element><element><id>33</id><category>armchair</category><bounds><corner1>-2.421029514047053, -0.20949493564149968, -0.5798169140482866</corner1><corner2>2.421029514047053, 0.20949493564149968, 0.5798169140482866</corner2></bounds><pose><translation>0.8271430082113271, -1.807777857452978, -1.2214782284383081</translation><rotation><c1>0, 0, 0</c1><c2>0, 0, 0</c2><c3>0, 0, 0</c3></rotation></pose><symmetry><x>twoFold</x><y>cylindrical</y><z>twoFold</z></symmetry><detectionScore>-1.0</detectionScore></element><element><id>34</id><category>door</category><bounds><corner1>-1.7248954118435533, -2.9665933011410432, -1.3942667844152818</corner1><corner2>1.7248954118435533, 2.9665933011410432, 1.3942667844152818</corner2></bounds><pose><translation>-2.829828908460735, -5.131736073569895, -0.40818828256673734</translation><rotation><c1>0, 0, 0</c1><c2>0, 0, 0</c2><c3>0, 0, 0</c3></rotation></pose><symmetry><x>twoFold</x><y>cylindrical</y><z>twoFold</z></symmetry><detectionScore>-1.0</detectionScore></element><element><id>35</id><category>armchair</category><bounds><corner1>-0.5647059666104259, -1.1857718062302811, -0.33552853671991656</corner1><corner2>0.5647059666104259, 1.1857718062302811, 0.33552853671991656</corner2></bounds><pose><translation>-1.0412303809998702, -3.257176049426131, -0.7920100398181362</translation><rotation><c1>0, 0, 0</c1><c2>0, 0, 0</c2><c3>0, 0, 0</c3></rotation></pose><symmetry><x>twoFold</x><y>cylindrical</y><z>twoFold</z></symmetry><detectionScore>-1.0</detectionScore></element><element><id>36</id><category>chair</category><bounds><corner1>-3.333292724892411, -0.5239705874702875, -0.3267617815474767</corner1><corner2>3.333292724892411, 0.5239705874702875, 0.3267617815474767</corner2></bounds><pose><translation>1.60561015617285, -1.1628344037343132, -1.0053150682297793</translation><rotation><c1>0, 0, 0</c1><c2>0, 0, 0</c2><c3>0, 0, 0</c3></rotation></pose><symmetry><x>twoFold</x><y>cylindrical</y><z>twoFold</z></symmetry><detectionScore>-1.0</detectionScore></element><element><id>37</id><category>armchair</category><bounds><corner1>-3.433587974917444, -0.6621384136621901, -0.3108047579039931</corner1><corner2>3.433587974917444, 0.6621384136621901, 0.3108047579039931</corner2></bounds><pose><translation>1.7419124377035953, -1.2302476628934689, -0.9537761573597082</translation><rotation><c1>0, 0, 0</c1><c2>0, 0, 0</c2><c3>0, 0, 0</c3></rotation></pose><symmetry><x>twoFold</x><y>cylindrical</y><z>twoFold</z></symmetry><detectionScore>-1.0</detectionScore></element><element><id>38</id><category>armchair</category><bounds><corner1>-0.6451120661681036, -0.632705720353816, -0.21034963061978784</corner1><corner2>0.6451120661681036, 0.632705720353816, 0.21034963061978784</corner2></bounds><pose><translation>-1.667658986028575, -2.3609358615099327, -0.7493315563244076</translation><rotation><c1>0, 0, 0</c1><c2>0, 0, 0</c2><c3>0, 0, 0</c3></rotation></pose><symmetry><x>twoFold</x><y>cylindrical</y><z>twoFold</z></symmetry><detectionScore>-1.0</detectionScore></element><element><id>39</id><category>sofa</category><bounds><corner1>-1.8076708359877307, -1.2844800367987774, -0.70010410873588</corner1><corner2>1.8076708359877307, 1.2844800367987774, 0.70010410873588</corner2></bounds><pose><translation>-3.6548712463172706, -1.6001350110867572, -0.9108868839478492</translation><rotation><c1>0, 0, 0</c1><c2>0, 0, 0</c2><c3>0, 0, 0</c3></rotation></pose><symmetry><x>twoFold</x><y>cylindrical</y><z>twoFold</z></symmetry><detectionScore>-1.0</detectionScore></element><element><id>40</id><category>curtain</category><bounds><corner1>-0.6363701704480418, -1.292870100341399, -0.9357250335291634</corner1><corner2>0.6363701704480418, 1.292870100341399, 0.9357250335291634</corner2></bounds><pose><translation>4.686189746968973, -0.9825419833739681, 0.5187670713635029</translation><rotation><c1>0, 0, 0</c1><c2>0, 0, 0</c2><c3>0, 0, 0</c3></rotation></pose><symmetry><x>twoFold</x><y>cylindrical</y><z>twoFold</z></symmetry><detectionScore>-1.0</detectionScore></element><element><id>41</id><category>armchair</category><bounds><corner1>-2.0018014743491546, -1.5035875785447923, -0.3215164560774868</corner1><corner2>2.0018014743491546, 1.5035875785447923, 0.3215164560774868</corner2></bounds><pose><translation>0.7866243921845317, -3.199561811031825, -0.9124066782147157</translation><rotation><c1>0, 0, 0</c1><c2>0, 0, 0</c2><c3>0, 0, 0</c3></rotation></pose><symmetry><x>twoFold</x><y>cylindrical</y><z>twoFold</z></symmetry><detectionScore>-1.0</detectionScore></element><element><id>42</id><category>chair</category><bounds><corner1>-0.5344543837011746, -0.4474986846693869, -0.6878360069639692</corner1><corner2>0.5344543837011746, 0.4474986846693869, 0.6878360069639692</corner2></bounds><pose><translation>-0.9738836843991772, -2.450091113135657, -1.231485137427497</translation><rotation><c1>0, 0, 0</c1><c2>0, 0, 0</c2><c3>0, 0, 0</c3></rotation></pose><symmetry><x>twoFold</x><y>cylindrical</y><z>twoFold</z></symmetry><detectionScore>-1.0</detectionScore></element><element><id>43</id><category>window</category><bounds><corner1>-6.326989525232568, -2.7425045949946125, -1.1728037626483396</corner1><corner2>6.326989525232568, 2.7425045949946125, 1.1728037626483396</corner2></bounds><pose><translation>-8.186216756918045, -3.019303425024954, 0.07159302963462996</translation><rotation><c1>0, 0, 0</c1><c2>0, 0, 0</c2><c3>0, 0, 0</c3></rotation></pose><symmetry><x>twoFold</x><y>cylindrical</y><z>twoFold</z></symmetry><detectionScore>-1.0</detectionScore></element><element><id>44</id><category>kitchen_cabinet</category><bounds><corner1>-0.24853955289898122, -3.971703806525412, -0.34010064982433547</corner1><corner2>0.24853955289898122, 3.971703806525412, 0.34010064982433547</corner2></bounds><pose><translation>-0.24981366807839886, 1.4595865447607799, -0.4764486447688543</translation><rotation><c1>0, 0, 0</c1><c2>0, 0, 0</c2><c3>0, 0, 0</c3></rotation></pose><symmetry><x>twoFold</x><y>cylindrical</y><z>twoFold</z></symmetry><detectionScore>-1.0</detectionScore></element><element><id>45</id><category>floor_lamp</category><bounds><corner1>-0.43775337291374106, -2.34710067640539, -1.0406564194706236</corner1><corner2>0.43775337291374106, 2.34710067640539, 1.0406564194706236</corner2></bounds><pose><translation>2.0059470834906805, -5.487113672618769, -0.7703118084314</translation><rotation><c1>0, 0, 0</c1><c2>0, 0, 0</c2><c3>0, 0, 0</c3></rotation></pose><symmetry><x>twoFold</x><y>cylindrical</y><z>twoFold</z></symmetry><detectionScore>-1.0</detectionScore></element><element><id>46</id><category>window</category><bounds><corner1>-1.1193894832229692, -0.8116288386318509, -1.1253665470688974</corner1><corner2>1.1193894832229692, 0.8116288386318509, 1.1253665470688974</corner2></bounds><pose><translation>3.1792529031449392, -4.98024939562961, -0.053170652105814634</translation><rotation><c1>0, 0, 0</c1><c2>0, 0, 0</c2><c3>0, 0, 0</c3></rotation></pose><symmetry><x>twoFold</x><y>cylindrical</y><z>twoFold</z></symmetry><detectionScore>-1.0</detectionScore></element><element><id>47</id><category>kitchen_cabinet</category><bounds><corner1>-1.0787041214243898, -0.7311590186568226, -0.5649675316934568</corner1><corner2>1.0787041214243898, 0.7311590186568226, 0.5649675316934568</corner2></bounds><pose><translation>-1.9296915305398166, 5.365232596501607, -0.6354664032459264</translation><rotation><c1>0, 0, 0</c1><c2>0, 0, 0</c2><c3>0, 0, 0</c3></rotation></pose><symmetry><x>twoFold</x><y>cylindrical</y><z>twoFold</z></symmetry><detectionScore>-1.0</detectionScore></element><element><id>48</id><category>person</category><bounds><corner1>-2.115657813051043, -1.386529825103278, -0.674432298951034</corner1><corner2>2.115657813051043, 1.386529825103278, 0.674432298951034</corner2></bounds><pose><translation>-3.9683886739493976, -1.7214952067096545, -0.6988034005944154</translation><rotation><c1>0, 0, 0</c1><c2>0, 0, 0</c2><c3>0, 0, 0</c3></rotation></pose><symmetry><x>twoFold</x><y>cylindrical</y><z>twoFold</z></symmetry><detectionScore>-1.0</detectionScore></element><element><id>49</id><category>wall</category><bounds><corner1>-1.3817734309525376, -1.2790585313656755, -0.0651566785206914</corner1><corner2>1.3817734309525376, 1.2790585313656755, 0.0651566785206914</corner2></bounds><pose><translation>-4.772887505380488, -2.657626612906777, 1.4194859431378761</translation><rotation><c1>0, 0, 0</c1><c2>0, 0, 0</c2><c3>0, 0, 0</c3></rotation></pose><symmetry><x>twoFold</x><y>cylindrical</y><z>twoFold</z></symmetry><detectionScore>-1.0</detectionScore></element><element><id>50</id><category>plant</category><bounds><corner1>-0.8470692697812323, -1.3563634620963876, -1.6171319233256463</corner1><corner2>0.8470692697812323, 1.3563634620963876, 1.6171319233256463</corner2></bounds><pose><translation>4.498592274185219, -2.5808290111223764, -0.19475959032562323</translation><rotation><c1>0, 0, 0</c1><c2>0, 0, 0</c2><c3>0, 0, 0</c3></rotation></pose><symmetry><x>twoFold</x><y>cylindrical</y><z>twoFold</z></symmetry><detectionScore>-1.0</detectionScore></element><element><id>51</id><category>plant</category><bounds><corner1>-2.86568318051162, -2.50866297131573, -0.9902966122594414</corner1><corner2>2.86568318051162, 2.50866297131573, 0.9902966122594414</corner2></bounds><pose><translation>-6.520933483352858, -4.890343914546378, -0.17780144691203834</translation><rotation><c1>0, 0, 0</c1><c2>0, 0, 0</c2><c3>0, 0, 0</c3></rotation></pose><symmetry><x>twoFold</x><y>cylindrical</y><z>twoFold</z></symmetry><detectionScore>-1.0</detectionScore></element><element><id>52</id><category>chandelier</category><bounds><corner1>-1.272388001992788, -0.3765086746232198, -0.8054861541133866</corner1><corner2>1.272388001992788, 0.3765086746232198, 0.8054861541133866</corner2></bounds><pose><translation>-3.2919303229264725, -0.03355409615503872, 0.7056560463031938</translation><rotation><c1>0, 0, 0</c1><c2>0, 0, 0</c2><c3>0, 0, 0</c3></rotation></pose><symmetry><x>twoFold</x><y>cylindrical</y><z>twoFold</z></symmetry><detectionScore>-1.0</detectionScore></element></elements></scene>