<?xml version='1.0' encoding='utf-8'?>
<scene xmlns:sumo="https://www.sumochallenge.org"><version>2.0</version><categories><id>fb_categories_v1_0</id><url>https://sumochallenge.org/en/categories-1_0.json</url></categories><project_type>bounding_box</project_type><elements><element><id>0</id><category>computer</category><bounds><corner1>-0.22252756118014672, -0.5750324870201712, -0.4810926993070077</corner1><corner2>0.22252756118014672, 0.5750324870201712, 0.4810926993070077</corner2></bounds><pose><translation>-1.6946088436044573, 0.792146327377594, -0.6099423209144759</translation><rotation><c1>0, 0, 0</c1><c2>0, 0, 0</c2><c3>0, 0, 0</c3></rotation></pose><symmetry><x>twoFold</x><y>cylindrical</y><z>twoFold</z></symmetry><detectionScore>-1.0</detectionScore></element><element><id>1</id><category>sofa</category><bounds><corner1>-0.9051286002435042, -0.9126420247761078, -0.5548845551010128</corner1><corner2>0.9051286002435042, 0.9126420247761078, 0.5548845551010128</corner2></bounds><pose><translation>0.9800504915696542, 2.8456019349073727, -1.2304031016287764</translation><rotation><c1>0, 0, 0</c1><c2>0, 0, 0</c2><c3>0, 0, 0</c3></rotation></pose><symmetry><x>twoFold</x><y>cylindrical</y><z>twoFold</z></symmetry><detectionScore>-1.0</detectionScore></element><element><id>2</id><category>door</category><bounds><corner1>-1.8032655182062682, -0.0, -0.8473524916827558</corner1><corner2>1.8032655182062682, 0.0, 0.8473524916827558</corner2></bounds><pose><translation>0.0, 0.0, 0.0</translation><rotation><c1>0, 0, 0</c1><c2>0, 0, 0</c2><c3>0, 0, 0</c3></rotation></pose><symmetry><x>twoFold</x><y>cylindrical</y><z>twoFold</z></symmetry><detectionScore>-1.0</detectionScore></element><element><id>3</id><category>wall</category><bounds><corner1>-0.6056579351123662, -0.48216426702243176, -1.3188070841885826</corner1><corner2>0.6056579351123662, 0.48216426702243176, 1.3188070841885826</corner2></bounds><pose><translation>-1.2869598497313282, 2.108404105454739, 0.14634214393548048</translation><rotation><c1>0, 0, 0</c1><c2>0, 0, 0</c2><c3>0, 0, 0</c3></rotation></pose><symmetry><x>twoFold</x><y>cylindrical</y><z>twoFold</z></symmetry><detectionScore>-1.0</detectionScore></element><element><id>4</id><category>wall</category><bounds><corner1>-0.19341228067945293, -0.5186384725562541, -1.562045016015282</corner1><corner2>0.19341228067945293, 0.5186384725562541, 1.562045016015282</corner2></bounds><pose><translation>2.051969324936993, -1.3563033669325515, -0.09954551775642201</translation><rotation><c1>0, 0, 0</c1><c2>0, 0, 0</c2><c3>0, 0, 0</c3></rotation></pose><symmetry><x>twoFold</x><y>cylindrical</y><z>twoFold</z></symmetry><detectionScore>-1.0</detectionScore></element><element><id>5</id><category>window</category><bounds><corner1>-0.34175612602032346, -1.1033994505577542, -0.919849524275195</corner1><corner2>0.34175612602032346, 1.1033994505577542, 0.919849524275195</corner2></bounds><pose><translation>-1.9219972760306154, 0.24796268492204165, 0.04964341681879614</translation><rotation><c1>0, 0, 0</c1><c2>0, 0, 0</c2><c3>0, 0, 0</c3></rotation></pose><symmetry><x>twoFold</x><y>cylindrical</y><z>twoFold</z></symmetry><detectionScore>-1.0</detectionScore></element><element><id>6</id><category>kitchen_cabinet</category><bounds><corner1>-0.5467736507859313, -0.7556466150140209, -0.34676569276330316</corner1><corner2>0.5467736507859313, 0.7556466150140209, 0.34676569276330316</corner2></bounds><pose><translation>3.2957578585129275, 0.13615280472813684, -1.020865207838638</translation><rotation><c1>0, 0, 0</c1><c2>0, 0, 0</c2><c3>0, 0, 0</c3></rotation></pose><symmetry><x>twoFold</x><y>cylindrical</y><z>twoFold</z></symmetry><detectionScore>-1.0</detectionScore></element><element><id>7</id><category>sofa</category><bounds><corner1>-1.5919496748152226, -1.2689749241205233, -0.5896274112043504</corner1><corner2>1.5919496748152226, 1.2689749241205233, 0.5896274112043504</corner2></bounds><pose><translation>-0.08704160937755213, 2.2662565421676457, -1.3428121393998986</translation><rotation><c1>0, 0, 0</c1><c2>0, 0, 0</c2><c3>0, 0, 0</c3></rotation></pose><symmetry><x>twoFold</x><y>cylindrical</y><z>twoFold</z></symmetry><detectionScore>-1.0</detectionScore></element><element><id>8</id><category>wall</category><bounds><corner1>-1.3697484836813514, -0.3739714129608908, -1.5066886538848814</corner1><corner2>1.3697484836813514, 0.3739714129608908, 1.5066886538848814</corner2></bounds><pose><translation>2.288077477640896, -0.8312931231102054, -0.025658021670975188</translation><rotation><c1>0, 0, 0</c1><c2>0, 0, 0</c2><c3>0, 0, 0</c3></rotation></pose><symmetry><x>twoFold</x><y>cylindrical</y><z>twoFold</z></symmetry><detectionScore>-1.0</detectionScore></element><element><id>9</id><category>coffee_table</category><bounds><corner1>-1.0183627363035812, -0.6646094990205733, -0.45758934986987976</corner1><corner2>1.0183627363035812, 0.6646094990205733, 0.45758934986987976</corner2></bounds><pose><translation>1.6432592131948256, 3.0988576312172706, -1.1973923362833718</translation><rotation><c1>0, 0, 0</c1><c2>0, 0, 0</c2><c3>0, 0, 0</c3></rotation></pose><symmetry><x>twoFold</x><y>cylindrical</y><z>twoFold</z></symmetry><detectionScore>-1.0</detectionScore></element><element><id>10</id><category>kitchen_cabinet</category><bounds><corner1>-0.9876857635639333, -0.3921748000287108, -0.5435475650635598</corner1><corner2>0.9876857635639333, 0.3921748000287108, 0.5435475650635598</corner2></bounds><pose><translation>2.1600439697388616, -0.49780207935360965, -1.1876113605582976</translation><rotation><c1>0, 0, 0</c1><c2>0, 0, 0</c2><c3>0, 0, 0</c3></rotation></pose><symmetry><x>twoFold</x><y>cylindrical</y><z>twoFold</z></symmetry><detectionScore>-1.0</detectionScore></element><element><id>11</id><category>wall</category><bounds><corner1>-1.9499740082330592, -0.7486473218619736, -1.447110195893628</corner1><corner2>1.9499740082330592, 0.7486473218619736, 1.447110195893628</corner2></bounds><pose><translation>0.17979260438835662, 3.0414551986219145, -0.07270135990459944</translation><rotation><c1>0, 0, 0</c1><c2>0, 0, 0</c2><c3>0, 0, 0</c3></rotation></pose><symmetry><x>twoFold</x><y>cylindrical</y><z>twoFold</z></symmetry><detectionScore>-1.0</detectionScore></element><element><id>12</id><category>wall</category><bounds><corner1>-0.4924142297957377, -1.3787417671147963, -1.4563753966355037</corner1><corner2>0.4924142297957377, 1.3787417671147963, 1.4563753966355037</corner2></bounds><pose><translation>3.377404399634884, 0.7414528941123645, -0.10527432436311088</translation><rotation><c1>0, 0, 0</c1><c2>0, 0, 0</c2><c3>0, 0, 0</c3></rotation></pose><symmetry><x>twoFold</x><y>cylindrical</y><z>twoFold</z></symmetry><detectionScore>-1.0</detectionScore></element><element><id>13</id><category>plant</category><bounds><corner1>-0.5880448649240606, -1.9807341304404336, -0.6876896912252205</corner1><corner2>0.5880448649240606, 1.9807341304404336, 0.6876896912252205</corner2></bounds><pose><translation>0.35460861478845673, -1.9807341304404336, 0.7943975826923001</translation><rotation><c1>0, 0, 0</c1><c2>0, 0, 0</c2><c3>0, 0, 0</c3></rotation></pose><symmetry><x>twoFold</x><y>cylindrical</y><z>twoFold</z></symmetry><detectionScore>-1.0</detectionScore></element><element><id>14</id><category>wall</category><bounds><corner1>-0.5005132052594945, -0.3721098903422968, -1.3492444843448608</corner1><corner2>0.5005132052594945, 0.3721098903422968, 1.3492444843448608</corner2></bounds><pose><translation>2.182492925298801, 3.4603219345088774, 0.003327062663285393</translation><rotation><c1>0, 0, 0</c1><c2>0, 0, 0</c2><c3>0, 0, 0</c3></rotation></pose><symmetry><x>twoFold</x><y>cylindrical</y><z>twoFold</z></symmetry><detectionScore>-1.0</detectionScore></element><element><id>15</id><category>books</category><bounds><corner1>-0.2989116397308704, -0.15303842904129805, -0.20169413766114525</corner1><corner2>0.2989116397308704, 0.15303842904129805, 0.20169413766114525</corner2></bounds><pose><translation>-1.4597747122093336, -1.7440289467464234, 0.10631621951569413</translation><rotation><c1>0, 0, 0</c1><c2>0, 0, 0</c2><c3>0, 0, 0</c3></rotation></pose><symmetry><x>twoFold</x><y>cylindrical</y><z>twoFold</z></symmetry><detectionScore>-1.0</detectionScore></element><element><id>16</id><category>dining_table</category><bounds><corner1>-0.9377218940647614, -0.7103133217207689, -0.6725420628213483</corner1><corner2>0.9377218940647614, 0.7103133217207689, 0.6725420628213483</corner2></bounds><pose><translation>1.798215282533193, 3.057940020005562, -1.3879385058386076</translation><rotation><c1>0, 0, 0</c1><c2>0, 0, 0</c2><c3>0, 0, 0</c3></rotation></pose><symmetry><x>twoFold</x><y>cylindrical</y><z>twoFold</z></symmetry><detectionScore>-1.0</detectionScore></element><element><id>17</id><category>curtain</category><bounds><corner1>-0.8787410663637365, -1.3572154958825524, -1.3726757358125639</corner1><corner2>0.8787410663637365, 1.3572154958825524, 1.3726757358125639</corner2></bounds><pose><translation>-1.8772498660730086, 0.2607176895504892, -0.09359154742472359</translation><rotation><c1>0, 0, 0</c1><c2>0, 0, 0</c2><c3>0, 0, 0</c3></rotation></pose><symmetry><x>twoFold</x><y>cylindrical</y><z>twoFold</z></symmetry><detectionScore>-1.0</detectionScore></element><element><id>18</id><category>candle</category><bounds><corner1>-0.1826983700611083, -0.3625241078652801, -0.4303069892759551</corner1><corner2>0.1826983700611083, 0.3625241078652801, 0.4303069892759551</corner2></bounds><pose><translation>-0.2207921163049365, -2.0444782487425552, 0.8214787390130799</translation><rotation><c1>0, 0, 0</c1><c2>0, 0, 0</c2><c3>0, 0, 0</c3></rotation></pose><symmetry><x>twoFold</x><y>cylindrical</y><z>twoFold</z></symmetry><detectionScore>-1.0</detectionScore></element><element><id>19</id><category>chair</category><bounds><corner1>-0.35516095915461365, -0.44357758643790124, -0.6907286246005913</corner1><corner2>0.35516095915461365, 0.44357758643790124, 0.6907286246005913</corner2></bounds><pose><translation>2.5959277745601, 3.07375237858309, -1.1647724934336532</translation><rotation><c1>0, 0, 0</c1><c2>0, 0, 0</c2><c3>0, 0, 0</c3></rotation></pose><symmetry><x>twoFold</x><y>cylindrical</y><z>twoFold</z></symmetry><detectionScore>-1.0</detectionScore></element><element><id>20</id><category>television</category><bounds><corner1>-0.6980744193987782, -0.09148503309467682, -0.4684515662899371</corner1><corner2>0.6980744193987782, 0.09148503309467682, 0.4684515662899371</corner2></bounds><pose><translation>-0.04544739410339924, -1.8325391018995305, -0.8674970123433522</translation><rotation><c1>0, 0, 0</c1><c2>0, 0, 0</c2><c3>0, 0, 0</c3></rotation></pose><symmetry><x>twoFold</x><y>cylindrical</y><z>twoFold</z></symmetry><detectionScore>-1.0</detectionScore></element><element><id>21</id><category>office_chair</category><bounds><corner1>-0.6587719775346085, -0.6827244859192386, -0.5035540304222389</corner1><corner2>0.6587719775346085, 0.6827244859192386, 0.5035540304222389</corner2></bounds><pose><translation>-1.622704764250327, 0.766546932625333, -0.7918556425014627</translation><rotation><c1>0, 0, 0</c1><c2>0, 0, 0</c2><c3>0, 0, 0</c3></rotation></pose><symmetry><x>twoFold</x><y>cylindrical</y><z>twoFold</z></symmetry><detectionScore>-1.0</detectionScore></element><element><id>22</id><category>trash_can</category><bounds><corner1>-0.22759902839647195, -0.6187360398038013, -0.3335196161979659</corner1><corner2>0.22759902839647195, 0.6187360398038013, 0.3335196161979659</corner2></bounds><pose><translation>3.0818054275612603, 1.8007028100151374, -1.3197409980720822</translation><rotation><c1>0, 0, 0</c1><c2>0, 0, 0</c2><c3>0, 0, 0</c3></rotation></pose><symmetry><x>twoFold</x><y>cylindrical</y><z>twoFold</z></symmetry><detectionScore>-1.0</detectionScore></element><element><id>23</id><category>shelving</category><bounds><corner1>-1.1775850926553826, -2.0572239257920506, -0.3401422470857624</corner1><corner2>1.1775850926553826, 2.0572239257920506, 0.3401422470857624</corner2></bounds><pose><translation>-0.30901180341506185, -2.0572239257920506, 0.0</translation><rotation><c1>0, 0, 0</c1><c2>0, 0, 0</c2><c3>0, 0, 0</c3></rotation></pose><symmetry><x>twoFold</x><y>cylindrical</y><z>twoFold</z></symmetry><detectionScore>-1.0</detectionScore></element><element><id>24</id><category>vase</category><bounds><corner1>-0.20299901960535094, -0.13407546452875252, -0.35891294432014065</corner1><corner2>0.20299901960535094, 0.13407546452875252, 0.35891294432014065</corner2></bounds><pose><translation>-0.9257454746546477, -1.785194254097335, -0.9421149124730394</translation><rotation><c1>0, 0, 0</c1><c2>0, 0, 0</c2><c3>0, 0, 0</c3></rotation></pose><symmetry><x>twoFold</x><y>cylindrical</y><z>twoFold</z></symmetry><detectionScore>-1.0</detectionScore></element><element><id>25</id><category>chair</category><bounds><corner1>-0.6064831151549737, -0.38246806229487795, -0.44482018371017207</corner1><corner2>0.6064831151549737, 0.38246806229487795, 0.44482018371017207</corner2></bounds><pose><translation>1.064987255020794, 3.3084306824722716, -1.0451782702727026</translation><rotation><c1>0, 0, 0</c1><c2>0, 0, 0</c2><c3>0, 0, 0</c3></rotation></pose><symmetry><x>twoFold</x><y>cylindrical</y><z>twoFold</z></symmetry><detectionScore>-1.0</detectionScore></element><element><id>26</id><category>tv_stand</category><bounds><corner1>-0.9945147450427172, -1.831618002097827, -0.8121513181602373</corner1><corner2>0.9945147450427172, 1.831618002097827, 0.8121513181602373</corner2></bounds><pose><translation>-0.12644814961800438, -1.831618002097827, -0.7081513235339401</translation><rotation><c1>0, 0, 0</c1><c2>0, 0, 0</c2><c3>0, 0, 0</c3></rotation></pose><symmetry><x>twoFold</x><y>cylindrical</y><z>twoFold</z></symmetry><detectionScore>-1.0</detectionScore></element><element><id>27</id><category>tv_stand</category><bounds><corner1>-0.9713671444959168, -1.68674732433956, -1.2816444735761454</corner1><corner2>0.9713671444959168, 1.68674732433956, 1.2816444735761454</corner2></bounds><pose><translation>-0.10509434894479261, -1.68674732433956, -1.2816444735761454</translation><rotation><c1>0, 0, 0</c1><c2>0, 0, 0</c2><c3>0, 0, 0</c3></rotation></pose><symmetry><x>twoFold</x><y>cylindrical</y><z>twoFold</z></symmetry><detectionScore>-1.0</detectionScore></element><element><id>28</id><category>kitchen_cabinet</category><bounds><corner1>-0.41860918851002227, -0.5559561240709578, -0.3756621690674681</corner1><corner2>0.41860918851002227, 0.5559561240709578, 0.3756621690674681</corner2></bounds><pose><translation>3.2921914567167962, 1.0609766962075804, -1.1059345728061205</translation><rotation><c1>0, 0, 0</c1><c2>0, 0, 0</c2><c3>0, 0, 0</c3></rotation></pose><symmetry><x>twoFold</x><y>cylindrical</y><z>twoFold</z></symmetry><detectionScore>-1.0</detectionScore></element><element><id>29</id><category>refrigerator</category><bounds><corner1>-0.5359166874624832, -0.5979429751145333, -1.1540449090587837</corner1><corner2>0.5359166874624832, 0.5979429751145333, 1.1540449090587837</corner2></bounds><pose><translation>3.09421091036843, 1.8319296794246482, -0.5386009306373456</translation><rotation><c1>0, 0, 0</c1><c2>0, 0, 0</c2><c3>0, 0, 0</c3></rotation></pose><symmetry><x>twoFold</x><y>cylindrical</y><z>twoFold</z></symmetry><detectionScore>-1.0</detectionScore></element><element><id>30</id><category>pedestal_fan</category><bounds><corner1>-0.33711211212163295, -0.3312172465075199, -0.7046852056396015</corner1><corner2>0.33711211212163295, 0.3312172465075199, 0.7046852056396015</corner2></bounds><pose><translation>-1.8718913051732782, -0.04552936819269502, -1.1994424828166712</translation><rotation><c1>0, 0, 0</c1><c2>0, 0, 0</c2><c3>0, 0, 0</c3></rotation></pose><symmetry><x>twoFold</x><y>cylindrical</y><z>twoFold</z></symmetry><detectionScore>-1.0</detectionScore></element></elements></scene>