<?xml version='1.0' encoding='utf-8'?>
<scene xmlns:sumo="https://www.sumochallenge.org"><version>2.0</version><categories><id>fb_categories_v1.0</id><url>https://sumochallenge.org/en/categories-1_0.json</url></categories><project_type>bounding_box</project_type><elements><element><id>5</id><category>plant</category><bounds><corner1>-0.71593463, -1.35197673, -0.90982457</corner1><corner2>0.71593463, 1.35197673, 0.90982457</corner2></bounds><pose><translation>-2.33040352, -0.08278907,  3.93605056</translation><rotation><c1>1., 0., 0.</c1><c2>0., 1., 0.</c2><c3>0., 0., 1.</c3></rotation></pose><symmetry><x>none</x><y>cylindrical</y><z>none</z></symmetry><detectionScore>0.7190417</detectionScore></element><element><id>15</id><category>floor_lamp</category><bounds><corner1>-1.01134964, -0.86543442, -0.36650273</corner1><corner2>1.01134964, 0.86543442, 0.36650273</corner2></bounds><pose><translation>-5.03135107, -0.66814106,  1.83972608</translation><rotation><c1>1., 0., 0.</c1><c2>0., 1., 0.</c2><c3>0., 0., 1.</c3></rotation></pose><symmetry><x>none</x><y>cylindrical</y><z>none</z></symmetry><detectionScore>0.71111584</detectionScore></element><element><id>10</id><category>window</category><bounds><corner1>-1.0430341 , -1.10180713, -0.64867591</corner1><corner2>1.0430341 , 1.10180713, 0.64867591</corner2></bounds><pose><translation>-0.74135087,  0.13821822,  4.17114226</translation><rotation><c1>1., 0., 0.</c1><c2>0., 1., 0.</c2><c3>0., 0., 1.</c3></rotation></pose><symmetry><x>none</x><y>twoFold</y><z>none</z></symmetry><detectionScore>0.85844046</detectionScore></element><element><id>11</id><category>chandelier</category><bounds><corner1>-0.30586414, -0.76635114, -1.14883514</corner1><corner2>0.30586414, 0.76635114, 1.14883514</corner2></bounds><pose><translation>-0.02408121,  0.542574  , -2.71281526</translation><rotation><c1>1., 0., 0.</c1><c2>0., 1., 0.</c2><c3>0., 0., 1.</c3></rotation></pose><symmetry><x>none</x><y>cylindrical</y><z>none</z></symmetry><detectionScore>0.57803553</detectionScore></element><element><id>4</id><category>hanging_kitchen_cabinet</category><bounds><corner1>-0.10933013, -0.45867223, -1.75520499</corner1><corner2>0.10933013, 0.45867223, 1.75520499</corner2></bounds><pose><translation> 5.23837724,  0.36629331, -2.35594201</translation><rotation><c1>1., 0., 0.</c1><c2>0., 1., 0.</c2><c3>0., 0., 1.</c3></rotation></pose><symmetry><x>none</x><y>none</y><z>twoFold</z></symmetry><detectionScore>0.58708775</detectionScore></element><element><id>3</id><category>hanging_kitchen_cabinet</category><bounds><corner1>-0.13850106, -0.72116868, -1.00253925</corner1><corner2>0.13850106, 0.72116868, 1.00253925</corner2></bounds><pose><translation> 5.18642423,  0.18005868, -1.07840824</translation><rotation><c1>1., 0., 0.</c1><c2>0., 1., 0.</c2><c3>0., 0., 1.</c3></rotation></pose><symmetry><x>none</x><y>none</y><z>twoFold</z></symmetry><detectionScore>0.71170443</detectionScore></element><element><id>12</id><category>window</category><bounds><corner1>-0.75536709, -0.97507991, -1.30364372</corner1><corner2>0.75536709, 0.97507991, 1.30364372</corner2></bounds><pose><translation>-4.97135399,  0.03446425,  1.16869672</translation><rotation><c1>1., 0., 0.</c1><c2>0., 1., 0.</c2><c3>0., 0., 1.</c3></rotation></pose><symmetry><x>none</x><y>twoFold</y><z>none</z></symmetry><detectionScore>0.8475067</detectionScore></element><element><id>2</id><category>chair</category><bounds><corner1>-0.32098064, -0.40366748, -0.37663311</corner1><corner2>0.32098064, 0.40366748, 0.37663311</corner2></bounds><pose><translation>-2.01391882, -0.98900273, -0.80189138</translation><rotation><c1>1., 0., 0.</c1><c2>0., 1., 0.</c2><c3>0., 0., 1.</c3></rotation></pose><symmetry><x>none</x><y>none</y><z>none</z></symmetry><detectionScore>0.9345764</detectionScore></element><element><id>13</id><category>wall</category><bounds><corner1>-4.54342945, -0.87627022, -0.3494281 </corner1><corner2>4.54342945, 0.87627022, 0.3494281 </corner2></bounds><pose><translation> 0.89700312, -0.00332763, -0.15408807</translation><rotation><c1>1., 0., 0.</c1><c2>0., 1., 0.</c2><c3>0., 0., 1.</c3></rotation></pose><symmetry><x>none</x><y>twoFold</y><z>none</z></symmetry><detectionScore>0.55018467</detectionScore></element><element><id>9</id><category>curtain</category><bounds><corner1>-2.76131762, -1.07637243, -6.35145797</corner1><corner2>2.76131762, 1.07637243, 6.35145797</corner2></bounds><pose><translation>-3.02814842,  0.15840213, -7.73842948</translation><rotation><c1>1., 0., 0.</c1><c2>0., 1., 0.</c2><c3>0., 0., 1.</c3></rotation></pose><symmetry><x>none</x><y>twoFold</y><z>none</z></symmetry><detectionScore>0.6892149</detectionScore></element><element><id>8</id><category>chandelier</category><bounds><corner1>-0.57203737, -0.02530984, -0.51381886</corner1><corner2>0.57203737, 0.02530984, 0.51381886</corner2></bounds><pose><translation>-2.39196203,  1.28804371, -1.68601554</translation><rotation><c1>1., 0., 0.</c1><c2>0., 1., 0.</c2><c3>0., 0., 1.</c3></rotation></pose><symmetry><x>none</x><y>cylindrical</y><z>none</z></symmetry><detectionScore>0.6743639</detectionScore></element><element><id>14</id><category>door</category><bounds><corner1>-2.81083889, -1.12540916, -1.45995765</corner1><corner2>2.81083889, 1.12540916, 1.45995765</corner2></bounds><pose><translation>-4.67982774, -0.31514207, -2.54769319</translation><rotation><c1>1., 0., 0.</c1><c2>0., 1., 0.</c2><c3>0., 0., 1.</c3></rotation></pose><symmetry><x>twoFold</x><y>twoFold</y><z>twoFold</z></symmetry><detectionScore>0.94544774</detectionScore></element></elements></scene>