<?xml version='1.0' encoding='utf-8'?>
<scene xmlns:sumo="https://www.sumochallenge.org"><version>2.0</version><categories><id>fb_categories_v1.0</id><url>https://sumochallenge.org/en/categories-1_0.json</url></categories><project_type>bounding_box</project_type><elements><element><id>7</id><category>fish_tank</category><bounds><corner1>-0.31417264, -0.80019903, -0.19895839</corner1><corner2>0.31417264, 0.80019903, 0.19895839</corner2></bounds><pose><translation>-0.43745902, -0.82825623,  1.84199352</translation><rotation><c1>1., 0., 0.</c1><c2>0., 1., 0.</c2><c3>0., 0., 1.</c3></rotation></pose><symmetry><x>none</x><y>none</y><z>none</z></symmetry><detectionScore>-1</detectionScore></element><element><id>5</id><category>door</category><bounds><corner1>-0.95764513, -1.2608473 , -3.2813062 </corner1><corner2>0.95764513, 1.2608473 , 3.2813062 </corner2></bounds><pose><translation> 3.46951912, -0.38014442,  5.2442781 </translation><rotation><c1>1., 0., 0.</c1><c2>0., 1., 0.</c2><c3>0., 0., 1.</c3></rotation></pose><symmetry><x>none</x><y>none</y><z>none</z></symmetry><detectionScore>-1</detectionScore></element><element><id>3</id><category>picture_frame</category><bounds><corner1>-0.02700669, -0.08543745, -0.08848933</corner1><corner2>0.02700669, 0.08543745, 0.08848933</corner2></bounds><pose><translation>-0.68299701,  0.14919498,  0.00997565</translation><rotation><c1>1., 0., 0.</c1><c2>0., 1., 0.</c2><c3>0., 0., 1.</c3></rotation></pose><symmetry><x>none</x><y>none</y><z>none</z></symmetry><detectionScore>-1</detectionScore></element><element><id>9</id><category>wall</category><bounds><corner1>-1.61245795, -1.25114839, -0.21338651</corner1><corner2>1.61245795, 1.25114839, 0.21338651</corner2></bounds><pose><translation> 1.19685751, -0.12632833,  6.80958566</translation><rotation><c1>1., 0., 0.</c1><c2>0., 1., 0.</c2><c3>0., 0., 1.</c3></rotation></pose><symmetry><x>none</x><y>none</y><z>none</z></symmetry><detectionScore>-1</detectionScore></element><element><id>10</id><category>window</category><bounds><corner1>-0.12187961, -0.92675682, -1.37953753</corner1><corner2>0.12187961, 0.92675682, 1.37953753</corner2></bounds><pose><translation>3.92821133, 0.10474743, 0.49426317</translation><rotation><c1>1., 0., 0.</c1><c2>0., 1., 0.</c2><c3>0., 0., 1.</c3></rotation></pose><symmetry><x>none</x><y>none</y><z>none</z></symmetry><detectionScore>-1</detectionScore></element><element><id>4</id><category>wall</category><bounds><corner1>-1.18639558, -0.85279376, -1.20895909</corner1><corner2>1.18639558, 0.85279376, 1.20895909</corner2></bounds><pose><translation> 0.63287846, -0.02271158, -2.32798037</translation><rotation><c1>1., 0., 0.</c1><c2>0., 1., 0.</c2><c3>0., 0., 1.</c3></rotation></pose><symmetry><x>none</x><y>none</y><z>none</z></symmetry><detectionScore>-1</detectionScore></element><element><id>2</id><category>kitchen_cabinet</category><bounds><corner1>-0.47995815, -0.47822937, -0.1786509 </corner1><corner2>0.47995815, 0.47822937, 0.1786509 </corner2></bounds><pose><translation> 1.47703702, -0.17102634, -1.18699484</translation><rotation><c1>1., 0., 0.</c1><c2>0., 1., 0.</c2><c3>0., 0., 1.</c3></rotation></pose><symmetry><x>none</x><y>none</y><z>none</z></symmetry><detectionScore>-1</detectionScore></element><element><id>1</id><category>rug</category><bounds><corner1>-1.66840896, -0.26407704, -0.97110522</corner1><corner2>1.66840896, 0.26407704, 0.97110522</corner2></bounds><pose><translation> 1.20050035, -1.43222748,  2.89193849</translation><rotation><c1>1., 0., 0.</c1><c2>0., 1., 0.</c2><c3>0., 0., 1.</c3></rotation></pose><symmetry><x>none</x><y>none</y><z>none</z></symmetry><detectionScore>-1</detectionScore></element><element><id>8</id><category>chandelier</category><bounds><corner1>-2.05526751, -0.02906408, -1.68313045</corner1><corner2>2.05526751, 0.02906408, 1.68313045</corner2></bounds><pose><translation>1.63399435, 1.17749728, 0.89144229</translation><rotation><c1>1., 0., 0.</c1><c2>0., 1., 0.</c2><c3>0., 0., 1.</c3></rotation></pose><symmetry><x>none</x><y>none</y><z>none</z></symmetry><detectionScore>-1</detectionScore></element></elements></scene>