<?xml version='1.0' encoding='utf-8'?>
<scene xmlns:sumo="https://www.sumochallenge.org"><version>2.0</version><categories><id>fb_categories_v1.0</id><url>https://sumochallenge.org/en/categories-1_0.json</url></categories><project_type>bounding_box</project_type><elements><element><id>2</id><category>sofa</category><bounds><corner1>-0.1498866 , -0.36150146, -2.45578355</corner1><corner2>0.1498866 , 0.36150146, 2.45578355</corner2></bounds><pose><translation>-4.34797034, -1.00670192,  1.77819944</translation><rotation><c1>1., 0., 0.</c1><c2>0., 1., 0.</c2><c3>0., 0., 1.</c3></rotation></pose><symmetry><x>none</x><y>none</y><z>none</z></symmetry><detectionScore>0.9862866</detectionScore></element><element><id>4</id><category>wall</category><bounds><corner1>-4.16385531, -1.14024275, -2.60326022</corner1><corner2>4.16385531, 1.14024275, 2.60326022</corner2></bounds><pose><translation>-9.11947477e+00,  8.90370767e-03,  1.61441543e+00</translation><rotation><c1>1., 0., 0.</c1><c2>0., 1., 0.</c2><c3>0., 0., 1.</c3></rotation></pose><symmetry><x>none</x><y>twoFold</y><z>none</z></symmetry><detectionScore>0.9478258</detectionScore></element><element><id>1</id><category>sofa</category><bounds><corner1>-0.61497125, -0.41727072, -1.09031089</corner1><corner2>0.61497125, 0.41727072, 1.09031089</corner2></bounds><pose><translation>-1.86892715, -0.84250297, -0.35691559</translation><rotation><c1>1., 0., 0.</c1><c2>0., 1., 0.</c2><c3>0., 0., 1.</c3></rotation></pose><symmetry><x>none</x><y>none</y><z>none</z></symmetry><detectionScore>0.93054074</detectionScore></element><element><id>5</id><category>television</category><bounds><corner1>-0.01762707, -0.51556206, -0.84293805</corner1><corner2>0.01762707, 0.51556206, 0.84293805</corner2></bounds><pose><translation>0.5226555 , 0.41946079, 1.02000919</translation><rotation><c1>1., 0., 0.</c1><c2>0., 1., 0.</c2><c3>0., 0., 1.</c3></rotation></pose><symmetry><x>none</x><y>none</y><z>twoFold</z></symmetry><detectionScore>0.84515595</detectionScore></element><element><id>3</id><category>door</category><bounds><corner1>-1.42812605, -0.88561477, -0.33273099</corner1><corner2>1.42812605, 0.88561477, 0.33273099</corner2></bounds><pose><translation>-3.68504735, -0.13301528, -0.75511067</translation><rotation><c1>1., 0., 0.</c1><c2>0., 1., 0.</c2><c3>0., 0., 1.</c3></rotation></pose><symmetry><x>twoFold</x><y>twoFold</y><z>twoFold</z></symmetry><detectionScore>0.68959236</detectionScore></element></elements></scene>