<?xml version='1.0' encoding='utf-8'?>
<scene xmlns:sumo="https://www.sumochallenge.org"><version>2.0</version><categories><id>fb_categories_v1.0</id><url>https://sumochallenge.org/en/categories-1_0.json</url></categories><project_type>bounding_box</project_type><elements><element><id>6</id><category>chair</category><bounds><corner1>-0.44809581, -0.74064066, -0.38894442</corner1><corner2>0.44809581, 0.74064066, 0.38894442</corner2></bounds><pose><translation>-2.02603378, -1.42512467, -0.85398485</translation><rotation><c1>1., 0., 0.</c1><c2>0., 1., 0.</c2><c3>0., 0., 1.</c3></rotation></pose><symmetry><x>none</x><y>none</y><z>none</z></symmetry><detectionScore>-1</detectionScore></element><element><id>7</id><category>chair</category><bounds><corner1>-0.19006646, -0.82447443, -1.5269367 </corner1><corner2>0.19006646, 0.82447443, 1.5269367 </corner2></bounds><pose><translation> 0.44116671, -1.21932888,  1.81999287</translation><rotation><c1>1., 0., 0.</c1><c2>0., 1., 0.</c2><c3>0., 0., 1.</c3></rotation></pose><symmetry><x>none</x><y>none</y><z>none</z></symmetry><detectionScore>-1</detectionScore></element><element><id>3</id><category>wall</category><bounds><corner1>-1.61873319, -1.12019619, -0.15004217</corner1><corner2>1.61873319, 1.12019619, 0.15004217</corner2></bounds><pose><translation>-0.60504268, -0.03297883,  4.20052255</translation><rotation><c1>1., 0., 0.</c1><c2>0., 1., 0.</c2><c3>0., 0., 1.</c3></rotation></pose><symmetry><x>none</x><y>none</y><z>none</z></symmetry><detectionScore>-1</detectionScore></element><element><id>5</id><category>wall</category><bounds><corner1>-0.88621555, -1.1631662 , -1.79717538</corner1><corner2>0.88621555, 1.1631662 , 1.79717538</corner2></bounds><pose><translation>-3.44031914e+00, -3.38175278e-03, -1.77329988e-01</translation><rotation><c1>1., 0., 0.</c1><c2>0., 1., 0.</c2><c3>0., 0., 1.</c3></rotation></pose><symmetry><x>none</x><y>none</y><z>none</z></symmetry><detectionScore>-1</detectionScore></element><element><id>9</id><category>heater</category><bounds><corner1>-0.90876944, -0.31081964, -0.12482122</corner1><corner2>0.90876944, 0.31081964, 0.12482122</corner2></bounds><pose><translation>-2.33626483, -1.09308864,  4.19865601</translation><rotation><c1>1., 0., 0.</c1><c2>0., 1., 0.</c2><c3>0., 0., 1.</c3></rotation></pose><symmetry><x>none</x><y>none</y><z>none</z></symmetry><detectionScore>-1</detectionScore></element><element><id>4</id><category>door</category><bounds><corner1>-0.34503495, -1.11961036, -0.57518209</corner1><corner2>0.34503495, 1.11961036, 0.57518209</corner2></bounds><pose><translation>-3.29405614, -0.43743723,  0.83563558</translation><rotation><c1>1., 0., 0.</c1><c2>0., 1., 0.</c2><c3>0., 0., 1.</c3></rotation></pose><symmetry><x>none</x><y>none</y><z>none</z></symmetry><detectionScore>-1</detectionScore></element><element><id>2</id><category>door</category><bounds><corner1>-0.96360291, -1.25481658, -0.06682609</corner1><corner2>0.96360291, 1.25481658, 0.06682609</corner2></bounds><pose><translation>-0.45294657, -0.10212055, -2.45398425</translation><rotation><c1>1., 0., 0.</c1><c2>0., 1., 0.</c2><c3>0., 0., 1.</c3></rotation></pose><symmetry><x>none</x><y>none</y><z>none</z></symmetry><detectionScore>-1</detectionScore></element><element><id>8</id><category>kitchen_cabinet</category><bounds><corner1>-0.16929119, -0.43929492, -0.90589482</corner1><corner2>0.16929119, 0.43929492, 0.90589482</corner2></bounds><pose><translation> 0.59536906, -0.75441143,  1.45695686</translation><rotation><c1>1., 0., 0.</c1><c2>0., 1., 0.</c2><c3>0., 0., 1.</c3></rotation></pose><symmetry><x>none</x><y>none</y><z>none</z></symmetry><detectionScore>-1</detectionScore></element></elements></scene>