<?xml version='1.0' encoding='utf-8'?>
<scene xmlns:sumo="https://www.sumochallenge.org"><version>2.0</version><categories><id>fb_categories_v1.0</id><url>https://sumochallenge.org/en/categories-1_0.json</url></categories><project_type>bounding_box</project_type><elements><element><id>3</id><category>chandelier</category><bounds><corner1>-0.26810522, -0.02505622, -0.54521202</corner1><corner2>0.26810522, 0.02505622, 0.54521202</corner2></bounds><pose><translation>-1.84508477,  1.18207343,  0.48687467</translation><rotation><c1>1., 0., 0.</c1><c2>0., 1., 0.</c2><c3>0., 0., 1.</c3></rotation></pose><symmetry><x>none</x><y>none</y><z>none</z></symmetry><detectionScore>-1</detectionScore></element><element><id>5</id><category>single_bed</category><bounds><corner1>-0.32199749, -0.38683105, -0.55907314</corner1><corner2>0.32199749, 0.38683105, 0.55907314</corner2></bounds><pose><translation>-1.46303992, -0.7879897 , -0.46944795</translation><rotation><c1>1., 0., 0.</c1><c2>0., 1., 0.</c2><c3>0., 0., 1.</c3></rotation></pose><symmetry><x>none</x><y>none</y><z>none</z></symmetry><detectionScore>-1</detectionScore></element><element><id>4</id><category>chandelier</category><bounds><corner1>-0.54696459, -0.03762257, -0.24556256</corner1><corner2>0.54696459, 0.03762257, 0.24556256</corner2></bounds><pose><translation> 1.67897182,  1.16951797, -0.30701955</translation><rotation><c1>1., 0., 0.</c1><c2>0., 1., 0.</c2><c3>0., 0., 1.</c3></rotation></pose><symmetry><x>none</x><y>none</y><z>none</z></symmetry><detectionScore>-1</detectionScore></element><element><id>2</id><category>chair</category><bounds><corner1>-1.56129084, -1.33013608, -2.50751178</corner1><corner2>1.56129084, 1.33013608, 2.50751178</corner2></bounds><pose><translation> 4.56656156, -1.37155122, -2.67246294</translation><rotation><c1>1., 0., 0.</c1><c2>0., 1., 0.</c2><c3>0., 0., 1.</c3></rotation></pose><symmetry><x>none</x><y>none</y><z>none</z></symmetry><detectionScore>-1</detectionScore></element><element><id>1</id><category>wall</category><bounds><corner1>-0.79820412, -1.1535055 , -1.30663216</corner1><corner2>0.79820412, 1.1535055 , 1.30663216</corner2></bounds><pose><translation>-4.25001027, -0.03775932,  0.87983267</translation><rotation><c1>1., 0., 0.</c1><c2>0., 1., 0.</c2><c3>0., 0., 1.</c3></rotation></pose><symmetry><x>none</x><y>none</y><z>none</z></symmetry><detectionScore>-1</detectionScore></element></elements></scene>