<?xml version='1.0' encoding='utf-8'?>
<scene xmlns:sumo="https://www.sumochallenge.org"><version>2.0</version><categories><id>fb_categories_v1.0</id><url>https://sumochallenge.org/en/categories-1_0.json</url></categories><project_type>bounding_box</project_type><elements><element><id>3</id><category>mirror</category><bounds><corner1>-0.0935203 , -0.61566588, -0.56881665</corner1><corner2>0.0935203 , 0.61566588, 0.56881665</corner2></bounds><pose><translation>3.79112017, 0.21396374, 2.4966159 </translation><rotation><c1>1., 0., 0.</c1><c2>0., 1., 0.</c2><c3>0., 0., 1.</c3></rotation></pose><symmetry><x>none</x><y>none</y><z>none</z></symmetry><detectionScore>-1</detectionScore></element><element><id>2</id><category>ceiling_fan</category><bounds><corner1>-1.46619033, -0.01970886, -1.90371184</corner1><corner2>1.46619033, 0.01970886, 1.90371184</corner2></bounds><pose><translation>0.97159083, 1.19917325, 2.38486382</translation><rotation><c1>1., 0., 0.</c1><c2>0., 1., 0.</c2><c3>0., 0., 1.</c3></rotation></pose><symmetry><x>none</x><y>none</y><z>none</z></symmetry><detectionScore>-1</detectionScore></element><element><id>1</id><category>books</category><bounds><corner1>-0.1376435 , -0.21518679, -0.04698061</corner1><corner2>0.1376435 , 0.21518679, 0.04698061</corner2></bounds><pose><translation>-0.23737529, -0.90276273,  1.08900622</translation><rotation><c1>1., 0., 0.</c1><c2>0., 1., 0.</c2><c3>0., 0., 1.</c3></rotation></pose><symmetry><x>none</x><y>none</y><z>none</z></symmetry><detectionScore>-1</detectionScore></element></elements></scene>