<?xml version='1.0' encoding='utf-8'?>
<scene xmlns:sumo="https://www.sumochallenge.org"><version>2.0</version><categories><id>fb_categories_v1_0</id><url>https://sumochallenge.org/en/categories-1_0.json</url></categories><project_type>bounding_box</project_type><elements><element><id>0</id><category>mirror</category><bounds><corner1>-0.19390348199183471, -1.8204946206804304, -0.991369618325763</corner1><corner2>0.19390348199183471, 1.8204946206804304, 0.991369618325763</corner2></bounds><pose><translation>-0.7250851350133284, 1.6359653890447918, 0.2725601677113763</translation><rotation><c1>0, 0, 0</c1><c2>0, 0, 0</c2><c3>0, 0, 0</c3></rotation></pose><symmetry><x>twoFold</x><y>cylindrical</y><z>twoFold</z></symmetry><detectionScore>-1.0</detectionScore></element><element><id>1</id><category>door</category><bounds><corner1>-0.3799368599837162, -0.7812139131456015, -1.3584253210721597</corner1><corner2>0.3799368599837162, 0.7812139131456015, 1.3584253210721597</corner2></bounds><pose><translation>-0.885258227038402, -3.7936671001389692, -0.07939014512383784</translation><rotation><c1>0, 0, 0</c1><c2>0, 0, 0</c2><c3>0, 0, 0</c3></rotation></pose><symmetry><x>twoFold</x><y>cylindrical</y><z>twoFold</z></symmetry><detectionScore>-1.0</detectionScore></element><element><id>2</id><category>knife_rack</category><bounds><corner1>-2.814559231793128, -3.9112923473384384, -0.4477571231573435</corner1><corner2>2.814559231793128, 3.9112923473384384, 0.4477571231573435</corner2></bounds><pose><translation>1.678202114672013, 2.3455730436819575, -1.2003616469160816</translation><rotation><c1>0, 0, 0</c1><c2>0, 0, 0</c2><c3>0, 0, 0</c3></rotation></pose><symmetry><x>twoFold</x><y>cylindrical</y><z>twoFold</z></symmetry><detectionScore>-1.0</detectionScore></element><element><id>3</id><category>loudspeaker</category><bounds><corner1>-0.6407871903311957, -0.3146821396975068, -0.5695316253012438</corner1><corner2>0.6407871903311957, 0.3146821396975068, 0.5695316253012438</corner2></bounds><pose><translation>4.102819838253947, -2.901642324246904, -1.0991192502285143</translation><rotation><c1>0, 0, 0</c1><c2>0, 0, 0</c2><c3>0, 0, 0</c3></rotation></pose><symmetry><x>twoFold</x><y>cylindrical</y><z>twoFold</z></symmetry><detectionScore>-1.0</detectionScore></element><element><id>4</id><category>picture_frame</category><bounds><corner1>-0.2008510572086618, -1.9925078493637958, -0.9144690338749911</corner1><corner2>0.2008510572086618, 1.9925078493637958, 0.9144690338749911</corner2></bounds><pose><translation>-0.7329953901354472, 1.6426423717373788, 0.20783346913716427</translation><rotation><c1>0, 0, 0</c1><c2>0, 0, 0</c2><c3>0, 0, 0</c3></rotation></pose><symmetry><x>twoFold</x><y>cylindrical</y><z>twoFold</z></symmetry><detectionScore>-1.0</detectionScore></element><element><id>5</id><category>curtain</category><bounds><corner1>-0.2603699964861743, -1.919386472666069, -1.2562586178439341</corner1><corner2>0.2603699964861743, 1.919386472666069, 1.2562586178439341</corner2></bounds><pose><translation>-0.7935514294751205, 1.6978113228553153, 0.05470991237848097</translation><rotation><c1>0, 0, 0</c1><c2>0, 0, 0</c2><c3>0, 0, 0</c3></rotation></pose><symmetry><x>twoFold</x><y>cylindrical</y><z>twoFold</z></symmetry><detectionScore>-1.0</detectionScore></element><element><id>6</id><category>hanger</category><bounds><corner1>-0.4421041191405341, -0.6473433435339517, -1.3376488886462916</corner1><corner2>0.4421041191405341, 0.6473433435339517, 1.3376488886462916</corner2></bounds><pose><translation>-0.8777832429314721, -3.640317055101426, -0.7082612128637442</translation><rotation><c1>0, 0, 0</c1><c2>0, 0, 0</c2><c3>0, 0, 0</c3></rotation></pose><symmetry><x>twoFold</x><y>cylindrical</y><z>twoFold</z></symmetry><detectionScore>-1.0</detectionScore></element><element><id>7</id><category>table_lamp</category><bounds><corner1>-2.843878091538124, -3.89698702339936, -0.440746725567535</corner1><corner2>2.843878091538124, 3.89698702339936, 0.440746725567535</corner2></bounds><pose><translation>1.61819263244944, 2.2877500251459937, -1.19046159235232</translation><rotation><c1>0, 0, 0</c1><c2>0, 0, 0</c2><c3>0, 0, 0</c3></rotation></pose><symmetry><x>twoFold</x><y>cylindrical</y><z>twoFold</z></symmetry><detectionScore>-1.0</detectionScore></element><element><id>8</id><category>wall</category><bounds><corner1>-1.2621046896390413, -2.3505167714071575, -1.449608049025155</corner1><corner2>1.2621046896390413, 2.3505167714071575, 1.449608049025155</corner2></bounds><pose><translation>-0.43540779328364887, 7.174383429817828, -0.16146787797452586</translation><rotation><c1>0, 0, 0</c1><c2>0, 0, 0</c2><c3>0, 0, 0</c3></rotation></pose><symmetry><x>twoFold</x><y>cylindrical</y><z>twoFold</z></symmetry><detectionScore>-1.0</detectionScore></element><element><id>9</id><category>books</category><bounds><corner1>-0.20191937316304998, -1.813652390029983, -0.917087747108696</corner1><corner2>0.20191937316304998, 1.813652390029983, 0.917087747108696</corner2></bounds><pose><translation>-0.7330673953158516, 1.6401661913614973, 0.2772288600511783</translation><rotation><c1>0, 0, 0</c1><c2>0, 0, 0</c2><c3>0, 0, 0</c3></rotation></pose><symmetry><x>twoFold</x><y>cylindrical</y><z>twoFold</z></symmetry><detectionScore>-1.0</detectionScore></element><element><id>10</id><category>sofa</category><bounds><corner1>-2.239116687839487, -4.536867510645449, -0.5991268516856039</corner1><corner2>2.239116687839487, 4.536867510645449, 0.5991268516856039</corner2></bounds><pose><translation>2.2354121704243015, 5.05366518459987, -1.0721606211456103</translation><rotation><c1>0, 0, 0</c1><c2>0, 0, 0</c2><c3>0, 0, 0</c3></rotation></pose><symmetry><x>twoFold</x><y>cylindrical</y><z>twoFold</z></symmetry><detectionScore>-1.0</detectionScore></element><element><id>11</id><category>sofa</category><bounds><corner1>-2.77609833422618, -1.067220216802767, -0.3536129649819404</corner1><corner2>2.77609833422618, 1.067220216802767, 0.3536129649819404</corner2></bounds><pose><translation>1.9352519451744707, -0.2901437963014862, -0.9195795903780963</translation><rotation><c1>0, 0, 0</c1><c2>0, 0, 0</c2><c3>0, 0, 0</c3></rotation></pose><symmetry><x>twoFold</x><y>cylindrical</y><z>twoFold</z></symmetry><detectionScore>-1.0</detectionScore></element><element><id>12</id><category>whiteboard</category><bounds><corner1>-0.5662278000711147, -0.6344067348390148, -1.1702257573605288</corner1><corner2>0.5662278000711147, 0.6344067348390148, 1.1702257573605288</corner2></bounds><pose><translation>-0.851269639639823, -3.520970914424449, -1.0275068526980968</translation><rotation><c1>0, 0, 0</c1><c2>0, 0, 0</c2><c3>0, 0, 0</c3></rotation></pose><symmetry><x>twoFold</x><y>cylindrical</y><z>twoFold</z></symmetry><detectionScore>-1.0</detectionScore></element><element><id>13</id><category>door</category><bounds><corner1>-1.1028334870537946, -0.8032312479570285, -1.3144869887668589</corner1><corner2>1.1028334870537946, 0.8032312479570285, 1.3144869887668589</corner2></bounds><pose><translation>2.9115772396609985, -7.383616102848268, -0.383853445706328</translation><rotation><c1>0, 0, 0</c1><c2>0, 0, 0</c2><c3>0, 0, 0</c3></rotation></pose><symmetry><x>twoFold</x><y>cylindrical</y><z>twoFold</z></symmetry><detectionScore>-1.0</detectionScore></element><element><id>14</id><category>curtain</category><bounds><corner1>-0.22219323521551537, -1.581108029866039, -1.3423366686864509</corner1><corner2>0.22219323521551537, 1.581108029866039, 1.3423366686864509</corner2></bounds><pose><translation>4.5153465230174055, -0.30140338770826547, -0.1413756280418001</translation><rotation><c1>0, 0, 0</c1><c2>0, 0, 0</c2><c3>0, 0, 0</c3></rotation></pose><symmetry><x>twoFold</x><y>cylindrical</y><z>twoFold</z></symmetry><detectionScore>-1.0</detectionScore></element><element><id>15</id><category>wall</category><bounds><corner1>-0.324039118971097, -4.165305633407435, -1.4005424020592283</corner1><corner2>0.324039118971097, 4.165305633407435, 1.4005424020592283</corner2></bounds><pose><translation>-0.7990324368511652, 3.3380393232549554, -0.08890661762598209</translation><rotation><c1>0, 0, 0</c1><c2>0, 0, 0</c2><c3>0, 0, 0</c3></rotation></pose><symmetry><x>twoFold</x><y>cylindrical</y><z>twoFold</z></symmetry><detectionScore>-1.0</detectionScore></element><element><id>16</id><category>wall</category><bounds><corner1>-2.8767055910616603, -2.0259558115763223, -1.3403314026100606</corner1><corner2>2.8767055910616603, 2.0259558115763223, 1.3403314026100606</corner2></bounds><pose><translation>1.6296489520349464, -7.38385595859935, -0.09453159016594179</translation><rotation><c1>0, 0, 0</c1><c2>0, 0, 0</c2><c3>0, 0, 0</c3></rotation></pose><symmetry><x>twoFold</x><y>cylindrical</y><z>twoFold</z></symmetry><detectionScore>-1.0</detectionScore></element><element><id>17</id><category>vacuum_cleaner</category><bounds><corner1>-0.49303442869206066, -0.6460024952087808, -1.1074331613055546</corner1><corner2>0.49303442869206066, 0.6460024952087808, 1.1074331613055546</corner2></bounds><pose><translation>-0.5806104856147086, -3.59762629852725, -1.5033641047589215</translation><rotation><c1>0, 0, 0</c1><c2>0, 0, 0</c2><c3>0, 0, 0</c3></rotation></pose><symmetry><x>twoFold</x><y>cylindrical</y><z>twoFold</z></symmetry><detectionScore>-1.0</detectionScore></element><element><id>18</id><category>vase</category><bounds><corner1>-2.7956796500359538, -3.834722621253353, -0.43965654161711554</corner1><corner2>2.7956796500359538, 3.834722621253353, 0.43965654161711554</corner2></bounds><pose><translation>1.626442514688841, 2.2937103482151047, -1.188452442673769</translation><rotation><c1>0, 0, 0</c1><c2>0, 0, 0</c2><c3>0, 0, 0</c3></rotation></pose><symmetry><x>twoFold</x><y>cylindrical</y><z>twoFold</z></symmetry><detectionScore>-1.0</detectionScore></element><element><id>19</id><category>coffee_table</category><bounds><corner1>-0.9157786268256514, -2.292920117783332, -0.35099832121028207</corner1><corner2>0.9157786268256514, 2.292920117783332, 0.35099832121028207</corner2></bounds><pose><translation>0.7092625901073175, 4.433676973617693, -1.404108092795436</translation><rotation><c1>0, 0, 0</c1><c2>0, 0, 0</c2><c3>0, 0, 0</c3></rotation></pose><symmetry><x>twoFold</x><y>cylindrical</y><z>twoFold</z></symmetry><detectionScore>-1.0</detectionScore></element><element><id>20</id><category>wall</category><bounds><corner1>-0.37308119009797525, -0.9951587509504676, -1.2556915784463234</corner1><corner2>0.37308119009797525, 0.9951587509504676, 1.2556915784463234</corner2></bounds><pose><translation>-0.9152074284726066, -3.1698998106349534, 0.029028084193772577</translation><rotation><c1>0, 0, 0</c1><c2>0, 0, 0</c2><c3>0, 0, 0</c3></rotation></pose><symmetry><x>twoFold</x><y>cylindrical</y><z>twoFold</z></symmetry><detectionScore>-1.0</detectionScore></element><element><id>21</id><category>window</category><bounds><corner1>-0.16072528027166744, -1.4163015677330573, -1.2223174312605307</corner1><corner2>0.16072528027166744, 1.4163015677330573, 1.2223174312605307</corner2></bounds><pose><translation>4.521469392119419, -0.29529467088797756, -0.3048877585100016</translation><rotation><c1>0, 0, 0</c1><c2>0, 0, 0</c2><c3>0, 0, 0</c3></rotation></pose><symmetry><x>twoFold</x><y>cylindrical</y><z>twoFold</z></symmetry><detectionScore>-1.0</detectionScore></element><element><id>22</id><category>coffee_table</category><bounds><corner1>-2.265976651745883, -2.9105689959311194, -0.44812094718819606</corner1><corner2>2.265976651745883, 2.9105689959311194, 0.44812094718819606</corner2></bounds><pose><translation>1.4897833229567508, 2.4319422504074764, -1.1995246772952293</translation><rotation><c1>0, 0, 0</c1><c2>0, 0, 0</c2><c3>0, 0, 0</c3></rotation></pose><symmetry><x>twoFold</x><y>cylindrical</y><z>twoFold</z></symmetry><detectionScore>-1.0</detectionScore></element><element><id>23</id><category>shoes_cabinet</category><bounds><corner1>-0.2592787535503973, -0.6134267082510485, -0.37157824979147613</corner1><corner2>0.2592787535503973, 0.6134267082510485, 0.37157824979147613</corner2></bounds><pose><translation>4.388067257283651, -5.94039607491488, -1.4677062947019215</translation><rotation><c1>0, 0, 0</c1><c2>0, 0, 0</c2><c3>0, 0, 0</c3></rotation></pose><symmetry><x>twoFold</x><y>cylindrical</y><z>twoFold</z></symmetry><detectionScore>-1.0</detectionScore></element><element><id>24</id><category>wall</category><bounds><corner1>-1.6330998458528803, -0.6087930183857679, -1.328986299823752</corner1><corner2>1.6330998458528803, 0.6087930183857679, 1.328986299823752</corner2></bounds><pose><translation>2.5171933173515906, 9.211837780205713, -0.08334945703153068</translation><rotation><c1>0, 0, 0</c1><c2>0, 0, 0</c2><c3>0, 0, 0</c3></rotation></pose><symmetry><x>twoFold</x><y>cylindrical</y><z>twoFold</z></symmetry><detectionScore>-1.0</detectionScore></element><element><id>25</id><category>rug</category><bounds><corner1>-0.660563280829429, -0.486799257984432, -0.04348455426042319</corner1><corner2>0.660563280829429, 0.486799257984432, 0.04348455426042319</corner2></bounds><pose><translation>0.10556979132428355, 3.310829292588249, -1.6584373815875437</translation><rotation><c1>0, 0, 0</c1><c2>0, 0, 0</c2><c3>0, 0, 0</c3></rotation></pose><symmetry><x>twoFold</x><y>cylindrical</y><z>twoFold</z></symmetry><detectionScore>-1.0</detectionScore></element><element><id>26</id><category>armchair</category><bounds><corner1>-2.672457654200772, -1.3183251750193423, -0.34077448591295056</corner1><corner2>2.672457654200772, 1.3183251750193423, 0.34077448591295056</corner2></bounds><pose><translation>2.0418921812192754, -0.3705149996134981, -0.9105793037482267</translation><rotation><c1>0, 0, 0</c1><c2>0, 0, 0</c2><c3>0, 0, 0</c3></rotation></pose><symmetry><x>twoFold</x><y>cylindrical</y><z>twoFold</z></symmetry><detectionScore>-1.0</detectionScore></element><element><id>27</id><category>coffee_table</category><bounds><corner1>-1.559892141723308, -1.73762601620921, -0.5891025271646779</corner1><corner2>1.559892141723308, 1.73762601620921, 0.5891025271646779</corner2></bounds><pose><translation>1.3860752738503523, 2.126312562765603, -1.476636474113193</translation><rotation><c1>0, 0, 0</c1><c2>0, 0, 0</c2><c3>0, 0, 0</c3></rotation></pose><symmetry><x>twoFold</x><y>cylindrical</y><z>twoFold</z></symmetry><detectionScore>-1.0</detectionScore></element><element><id>28</id><category>gym_equipment</category><bounds><corner1>-0.708527063386474, -0.8752124211834471, -1.1136658034772002</corner1><corner2>0.708527063386474, 0.8752124211834471, 1.1136658034772002</corner2></bounds><pose><translation>-0.8576951262229312, -3.4521006649794437, -1.049037487116105</translation><rotation><c1>0, 0, 0</c1><c2>0, 0, 0</c2><c3>0, 0, 0</c3></rotation></pose><symmetry><x>twoFold</x><y>cylindrical</y><z>twoFold</z></symmetry><detectionScore>-1.0</detectionScore></element><element><id>29</id><category>door</category><bounds><corner1>-0.34841295380447357, -3.294323870422536, -1.6921943320193167</corner1><corner2>0.34841295380447357, 3.294323870422536, 1.6921943320193167</corner2></bounds><pose><translation>-0.854026290407439, 3.144160563708997, -0.3887014867677481</translation><rotation><c1>0, 0, 0</c1><c2>0, 0, 0</c2><c3>0, 0, 0</c3></rotation></pose><symmetry><x>twoFold</x><y>cylindrical</y><z>twoFold</z></symmetry><detectionScore>-1.0</detectionScore></element><element><id>30</id><category>floor_lamp</category><bounds><corner1>-0.3764206825319858, -1.6760592320640693, -1.5230779635482121</corner1><corner2>0.3764206825319858, 1.6760592320640693, 1.5230779635482121</corner2></bounds><pose><translation>-0.9101380983343811, 1.8457343674582174, -0.6696343392068836</translation><rotation><c1>0, 0, 0</c1><c2>0, 0, 0</c2><c3>0, 0, 0</c3></rotation></pose><symmetry><x>twoFold</x><y>cylindrical</y><z>twoFold</z></symmetry><detectionScore>-1.0</detectionScore></element><element><id>31</id><category>hanger</category><bounds><corner1>-0.40675139187128106, -0.3040056648610996, -0.7338039106284833</corner1><corner2>0.40675139187128106, 0.3040056648610996, 0.7338039106284833</corner2></bounds><pose><translation>3.812613752617188, -7.336965826855775, -0.46873486634632344</translation><rotation><c1>0, 0, 0</c1><c2>0, 0, 0</c2><c3>0, 0, 0</c3></rotation></pose><symmetry><x>twoFold</x><y>cylindrical</y><z>twoFold</z></symmetry><detectionScore>-1.0</detectionScore></element><element><id>32</id><category>wall</category><bounds><corner1>-0.31638968797015643, -1.4063496191576244, -1.3884748237755251</corner1><corner2>0.31638968797015643, 1.4063496191576244, 1.3884748237755251</corner2></bounds><pose><translation>4.262492933273396, 7.489897533367746, -0.1131206438530287</translation><rotation><c1>0, 0, 0</c1><c2>0, 0, 0</c2><c3>0, 0, 0</c3></rotation></pose><symmetry><x>twoFold</x><y>cylindrical</y><z>twoFold</z></symmetry><detectionScore>-1.0</detectionScore></element><element><id>33</id><category>shoes_cabinet</category><bounds><corner1>-0.4087160429011316, -0.800757603356602, -0.4933219984346048</corner1><corner2>0.4087160429011316, 0.800757603356602, 0.4933219984346048</corner2></bounds><pose><translation>4.234886663432451, -6.3458958782212855, -1.357813255791981</translation><rotation><c1>0, 0, 0</c1><c2>0, 0, 0</c2><c3>0, 0, 0</c3></rotation></pose><symmetry><x>twoFold</x><y>cylindrical</y><z>twoFold</z></symmetry><detectionScore>-1.0</detectionScore></element><element><id>34</id><category>wall</category><bounds><corner1>-0.5407840324344835, -0.6408109128326971, -1.5611980713372096</corner1><corner2>0.5407840324344835, 0.6408109128326971, 1.5611980713372096</corner2></bounds><pose><translation>-0.9122783244670855, -2.5542784638993483, -0.071062435604628</translation><rotation><c1>0, 0, 0</c1><c2>0, 0, 0</c2><c3>0, 0, 0</c3></rotation></pose><symmetry><x>twoFold</x><y>cylindrical</y><z>twoFold</z></symmetry><detectionScore>-1.0</detectionScore></element><element><id>35</id><category>wall</category><bounds><corner1>-0.23259277320295624, -1.5414980001608305, -1.5157581533690656</corner1><corner2>0.23259277320295624, 1.5414980001608305, 1.5157581533690656</corner2></bounds><pose><translation>4.5379366266543215, -0.5458287409104222, -0.25495598436896844</translation><rotation><c1>0, 0, 0</c1><c2>0, 0, 0</c2><c3>0, 0, 0</c3></rotation></pose><symmetry><x>twoFold</x><y>cylindrical</y><z>twoFold</z></symmetry><detectionScore>-1.0</detectionScore></element><element><id>36</id><category>curtain</category><bounds><corner1>-1.2000633562673535, -0.5800194938212453, -1.277985772465105</corner1><corner2>1.2000633562673535, 0.5800194938212453, 1.277985772465105</corner2></bounds><pose><translation>2.689965464524512, 9.238800144856882, -0.1421579633842197</translation><rotation><c1>0, 0, 0</c1><c2>0, 0, 0</c2><c3>0, 0, 0</c3></rotation></pose><symmetry><x>twoFold</x><y>cylindrical</y><z>twoFold</z></symmetry><detectionScore>-1.0</detectionScore></element><element><id>37</id><category>rug</category><bounds><corner1>-0.9684626045130997, -2.074540837905528, -0.47444893013269374</corner1><corner2>0.9684626045130997, 2.074540837905528, 0.47444893013269374</corner2></bounds><pose><translation>0.6965193394608298, 4.418882676670576, -1.5724918557944672</translation><rotation><c1>0, 0, 0</c1><c2>0, 0, 0</c2><c3>0, 0, 0</c3></rotation></pose><symmetry><x>twoFold</x><y>cylindrical</y><z>twoFold</z></symmetry><detectionScore>-1.0</detectionScore></element><element><id>38</id><category>pet</category><bounds><corner1>-2.8524940199041966, -4.144919123630125, -0.45115018908053517</corner1><corner2>2.8524940199041966, 4.144919123630125, 0.45115018908053517</corner2></bounds><pose><translation>1.6820297736360377, 2.335326830188729, -1.2046832755991503</translation><rotation><c1>0, 0, 0</c1><c2>0, 0, 0</c2><c3>0, 0, 0</c3></rotation></pose><symmetry><x>twoFold</x><y>cylindrical</y><z>twoFold</z></symmetry><detectionScore>-1.0</detectionScore></element></elements></scene>