<?xml version='1.0' encoding='utf-8'?>
<scene xmlns:sumo="https://www.sumochallenge.org"><version>2.0</version><categories><id>fb_categories_v1_0</id><url>https://sumochallenge.org/en/categories-1_0.json</url></categories><project_type>bounding_box</project_type><elements><element><id>0</id><category>ceiling_fan</category><bounds><corner1>-0.5094096711601713, -0.3447284271592741, -0.051092456127563635</corner1><corner2>0.5094096711601713, 0.3447284271592741, 0.051092456127563635</corner2></bounds><pose><translation>-1.2297965987059913, 2.176926451709523, 1.5572986148400743</translation><rotation><c1>0, 0, 0</c1><c2>0, 0, 0</c2><c3>0, 0, 0</c3></rotation></pose><symmetry><x>twoFold</x><y>cylindrical</y><z>twoFold</z></symmetry><detectionScore>-1.0</detectionScore></element><element><id>1</id><category>window</category><bounds><corner1>-0.8051575079809741, -0.06347654258255542, -0.8010539250239618</corner1><corner2>0.8051575079809741, 0.06347654258255542, 0.8010539250239618</corner2></bounds><pose><translation>0.12369470885269986, 3.392129728984749, 0.22385173937677036</translation><rotation><c1>0, 0, 0</c1><c2>0, 0, 0</c2><c3>0, 0, 0</c3></rotation></pose><symmetry><x>twoFold</x><y>cylindrical</y><z>twoFold</z></symmetry><detectionScore>-1.0</detectionScore></element><element><id>2</id><category>wall</category><bounds><corner1>-1.9125019497312126, -0.12887069926395078, -1.4289160468530657</corner1><corner2>1.9125019497312126, 0.12887069926395078, 1.4289160468530657</corner2></bounds><pose><translation>-0.7177044108770865, 3.309257472115438, 0.02968989866108756</translation><rotation><c1>0, 0, 0</c1><c2>0, 0, 0</c2><c3>0, 0, 0</c3></rotation></pose><symmetry><x>twoFold</x><y>cylindrical</y><z>twoFold</z></symmetry><detectionScore>-1.0</detectionScore></element><element><id>3</id><category>door</category><bounds><corner1>-1.013678735482682, -0.12483468727111591, -1.04714393663854</corner1><corner2>1.013678735482682, 0.12483468727111591, 1.04714393663854</corner2></bounds><pose><translation>0.07011543777908921, -1.6475624079411817, 0.0608490164879404</translation><rotation><c1>0, 0, 0</c1><c2>0, 0, 0</c2><c3>0, 0, 0</c3></rotation></pose><symmetry><x>twoFold</x><y>cylindrical</y><z>twoFold</z></symmetry><detectionScore>-1.0</detectionScore></element><element><id>4</id><category>iron</category><bounds><corner1>-0.3413471144441047, -0.5096290892431732, -0.22479588181222954</corner1><corner2>0.3413471144441047, 0.5096290892431732, 0.22479588181222954</corner2></bounds><pose><translation>0.8419418961608769, 2.3778796629269072, -1.5912500172848003</translation><rotation><c1>0, 0, 0</c1><c2>0, 0, 0</c2><c3>0, 0, 0</c3></rotation></pose><symmetry><x>twoFold</x><y>cylindrical</y><z>twoFold</z></symmetry><detectionScore>-1.0</detectionScore></element><element><id>5</id><category>ironing_board</category><bounds><corner1>-0.22957628957377607, -1.0763112032934141, -0.8008074938341043</corner1><corner2>0.22957628957377607, 1.0763112032934141, 0.8008074938341043</corner2></bounds><pose><translation>1.0401497536819013, 2.2541512387542353, -1.2718575412574706</translation><rotation><c1>0, 0, 0</c1><c2>0, 0, 0</c2><c3>0, 0, 0</c3></rotation></pose><symmetry><x>twoFold</x><y>cylindrical</y><z>twoFold</z></symmetry><detectionScore>-1.0</detectionScore></element><element><id>6</id><category>wall</category><bounds><corner1>-0.761455124362774, -0.16139066782615719, -0.5008696477863804</corner1><corner2>0.761455124362774, 0.16139066782615719, 0.5008696477863804</corner2></bounds><pose><translation>0.5519620470982559, -1.6797900938474253, 0.008272928824290838</translation><rotation><c1>0, 0, 0</c1><c2>0, 0, 0</c2><c3>0, 0, 0</c3></rotation></pose><symmetry><x>twoFold</x><y>cylindrical</y><z>twoFold</z></symmetry><detectionScore>-1.0</detectionScore></element><element><id>7</id><category>wall</category><bounds><corner1>-0.021888204235831488, -0.010363775891838067, -0.41841524057766044</corner1><corner2>0.021888204235831488, 0.010363775891838067, 0.41841524057766044</corner2></bounds><pose><translation>1.4838326639289579, 0.16950356113707157, -0.007192314097188759</translation><rotation><c1>0, 0, 0</c1><c2>0, 0, 0</c2><c3>0, 0, 0</c3></rotation></pose><symmetry><x>twoFold</x><y>cylindrical</y><z>twoFold</z></symmetry><detectionScore>-1.0</detectionScore></element><element><id>8</id><category>window</category><bounds><corner1>-0.9021356938600313, -0.13711634391768635, -0.9242980627422641</corner1><corner2>0.9021356938600313, 0.13711634391768635, 0.9242980627422641</corner2></bounds><pose><translation>0.19588918579177522, -1.6592137143067023, 0.21385262515245967</translation><rotation><c1>0, 0, 0</c1><c2>0, 0, 0</c2><c3>0, 0, 0</c3></rotation></pose><symmetry><x>twoFold</x><y>cylindrical</y><z>twoFold</z></symmetry><detectionScore>-1.0</detectionScore></element><element><id>9</id><category>wall</category><bounds><corner1>-0.403291753140964, -0.09877145717574187, -0.19172910050056202</corner1><corner2>0.403291753140964, 0.09877145717574187, 0.19172910050056202</corner2></bounds><pose><translation>-0.7359848709749213, -1.6542053884378067, 0.0016161150833293241</translation><rotation><c1>0, 0, 0</c1><c2>0, 0, 0</c2><c3>0, 0, 0</c3></rotation></pose><symmetry><x>twoFold</x><y>cylindrical</y><z>twoFold</z></symmetry><detectionScore>-1.0</detectionScore></element><element><id>10</id><category>window</category><bounds><corner1>-0.8575830046670805, -0.08481855062946808, -0.7943137733249677</corner1><corner2>0.8575830046670805, 0.08481855062946808, 0.7943137733249677</corner2></bounds><pose><translation>-1.8880402125052926, 3.329503388502509, 0.2138435052252274</translation><rotation><c1>0, 0, 0</c1><c2>0, 0, 0</c2><c3>0, 0, 0</c3></rotation></pose><symmetry><x>twoFold</x><y>cylindrical</y><z>twoFold</z></symmetry><detectionScore>-1.0</detectionScore></element><element><id>11</id><category>person</category><bounds><corner1>-0.8270776900905012, -0.1739468098138902, -0.9726248397174202</corner1><corner2>0.8270776900905012, 0.1739468098138902, 0.9726248397174202</corner2></bounds><pose><translation>-2.09708476175206, -1.010481198024986, -0.4594690219900241</translation><rotation><c1>0, 0, 0</c1><c2>0, 0, 0</c2><c3>0, 0, 0</c3></rotation></pose><symmetry><x>twoFold</x><y>cylindrical</y><z>twoFold</z></symmetry><detectionScore>-1.0</detectionScore></element><element><id>12</id><category>wall</category><bounds><corner1>-0.6088709071743637, -0.04273456114265528, -0.1942936064591722</corner1><corner2>0.6088709071743637, 0.04273456114265528, 0.1942936064591722</corner2></bounds><pose><translation>0.11831012250637656, -1.701660354121265, 0.011726264411331334</translation><rotation><c1>0, 0, 0</c1><c2>0, 0, 0</c2><c3>0, 0, 0</c3></rotation></pose><symmetry><x>twoFold</x><y>cylindrical</y><z>twoFold</z></symmetry><detectionScore>-1.0</detectionScore></element><element><id>13</id><category>wall</category><bounds><corner1>-0.022895804576707146, -0.013218321314028808, -0.43128929903741564</corner1><corner2>0.022895804576707146, 0.013218321314028808, 0.43128929903741564</corner2></bounds><pose><translation>1.482059415432567, 0.2011627368204667, 0.007233698384358583</translation><rotation><c1>0, 0, 0</c1><c2>0, 0, 0</c2><c3>0, 0, 0</c3></rotation></pose><symmetry><x>twoFold</x><y>cylindrical</y><z>twoFold</z></symmetry><detectionScore>-1.0</detectionScore></element><element><id>14</id><category>wall</category><bounds><corner1>-0.022245914152866364, -0.008379572510504751, -0.44350160893618745</corner1><corner2>0.022245914152866364, 0.008379572510504751, 0.44350160893618745</corner2></bounds><pose><translation>1.4796100073941219, 0.25295939177153237, 0.004321136631412512</translation><rotation><c1>0, 0, 0</c1><c2>0, 0, 0</c2><c3>0, 0, 0</c3></rotation></pose><symmetry><x>twoFold</x><y>cylindrical</y><z>twoFold</z></symmetry><detectionScore>-1.0</detectionScore></element></elements></scene>