<?xml version='1.0' encoding='utf-8'?>
<scene xmlns:sumo="https://www.sumochallenge.org"><version>2.0</version><categories><id>fb_categories_v1.0</id><url>https://sumochallenge.org/en/categories-1_0.json</url></categories><project_type>bounding_box</project_type><elements><element><id>3</id><category>curtain</category><bounds><corner1>-24.68808505,  -0.67879333,  -7.74511283</corner1><corner2>24.68808505,  0.67879333,  7.74511283</corner2></bounds><pose><translation>9.0719201 , 0.5233608 , 1.86417097</translation><rotation><c1>1., 0., 0.</c1><c2>0., 1., 0.</c2><c3>0., 0., 1.</c3></rotation></pose><symmetry><x>none</x><y>none</y><z>none</z></symmetry><detectionScore>-1</detectionScore></element><element><id>4</id><category>sofa</category><bounds><corner1>-6.35736453, -0.50880194, -3.11837659</corner1><corner2>6.35736453, 0.50880194, 3.11837659</corner2></bounds><pose><translation> 6.17016049, -1.05484026,  4.466682  </translation><rotation><c1>1., 0., 0.</c1><c2>0., 1., 0.</c2><c3>0., 0., 1.</c3></rotation></pose><symmetry><x>none</x><y>none</y><z>none</z></symmetry><detectionScore>-1</detectionScore></element><element><id>2</id><category>rug</category><bounds><corner1>-0.83983179, -0.02507173, -0.35711222</corner1><corner2>0.83983179, 0.02507173, 0.35711222</corner2></bounds><pose><translation> 1.39835152, -1.43887515, -2.264111  </translation><rotation><c1>1., 0., 0.</c1><c2>0., 1., 0.</c2><c3>0., 0., 1.</c3></rotation></pose><symmetry><x>none</x><y>none</y><z>none</z></symmetry><detectionScore>-1</detectionScore></element><element><id>1</id><category>gym_equipment</category><bounds><corner1>-6.96690287, -0.63716636, -3.18513128</corner1><corner2>6.96690287, 0.63716636, 3.18513128</corner2></bounds><pose><translation> 4.33948624, -1.44280665,  1.740049  </translation><rotation><c1>1., 0., 0.</c1><c2>0., 1., 0.</c2><c3>0., 0., 1.</c3></rotation></pose><symmetry><x>none</x><y>none</y><z>none</z></symmetry><detectionScore>-1</detectionScore></element></elements></scene>