<?xml version='1.0' encoding='utf-8'?>
<scene xmlns:sumo="https://www.sumochallenge.org"><version>2.0</version><categories><id>fb_categories_v1_0</id><url>https://sumochallenge.org/en/categories-1_0.json</url></categories><project_type>bounding_box</project_type><elements><element><id>0</id><category>coffee_machine</category><bounds><corner1>-0.179841194046225, -0.3931402925856632, -0.7554124815942647</corner1><corner2>0.179841194046225, 0.3931402925856632, 0.7554124815942647</corner2></bounds><pose><translation>-3.1278310510516163, -1.2060900644970494, -0.9943132392338808</translation><rotation><c1>0, 0, 0</c1><c2>0, 0, 0</c2><c3>0, 0, 0</c3></rotation></pose><symmetry><x>twoFold</x><y>cylindrical</y><z>twoFold</z></symmetry><detectionScore>-1.0</detectionScore></element><element><id>1</id><category>wall</category><bounds><corner1>-1.1544043273187152, -2.5819673241873033, -1.5144983074640799</corner1><corner2>1.1544043273187152, 2.5819673241873033, 1.5144983074640799</corner2></bounds><pose><translation>-3.818706453065995, -0.29010472855992286, -0.17472872456612398</translation><rotation><c1>0, 0, 0</c1><c2>0, 0, 0</c2><c3>0, 0, 0</c3></rotation></pose><symmetry><x>twoFold</x><y>cylindrical</y><z>twoFold</z></symmetry><detectionScore>-1.0</detectionScore></element><element><id>2</id><category>toy</category><bounds><corner1>-0.762916555950899, -0.7343665312936714, -0.46166590302384924</corner1><corner2>0.762916555950899, 0.7343665312936714, 0.46166590302384924</corner2></bounds><pose><translation>-2.3563385796819922, 1.6569266986529887, -1.273010308320831</translation><rotation><c1>0, 0, 0</c1><c2>0, 0, 0</c2><c3>0, 0, 0</c3></rotation></pose><symmetry><x>twoFold</x><y>cylindrical</y><z>twoFold</z></symmetry><detectionScore>-1.0</detectionScore></element><element><id>3</id><category>toy</category><bounds><corner1>-0.8740264474962749, -0.5305412882531546, -0.27216415319356224</corner1><corner2>0.8740264474962749, 0.5305412882531546, 0.27216415319356224</corner2></bounds><pose><translation>-0.03014154007587077, 1.9999631382541376, -1.0730531077294003</translation><rotation><c1>0, 0, 0</c1><c2>0, 0, 0</c2><c3>0, 0, 0</c3></rotation></pose><symmetry><x>twoFold</x><y>cylindrical</y><z>twoFold</z></symmetry><detectionScore>-1.0</detectionScore></element><element><id>4</id><category>toy</category><bounds><corner1>-0.6817905305003619, -0.0824561325598725, -0.29261560005004095</corner1><corner2>0.6817905305003619, 0.0824561325598725, 0.29261560005004095</corner2></bounds><pose><translation>-0.11772891282227951, 2.438875572948241, -1.1021416666765154</translation><rotation><c1>0, 0, 0</c1><c2>0, 0, 0</c2><c3>0, 0, 0</c3></rotation></pose><symmetry><x>twoFold</x><y>cylindrical</y><z>twoFold</z></symmetry><detectionScore>-1.0</detectionScore></element><element><id>5</id><category>toy</category><bounds><corner1>-0.3119491432161585, -0.4645738323601236, -0.17294947377160552</corner1><corner2>0.3119491432161585, 0.4645738323601236, 0.17294947377160552</corner2></bounds><pose><translation>0.07088074435211723, 2.076407387237373, -0.9280936574523141</translation><rotation><c1>0, 0, 0</c1><c2>0, 0, 0</c2><c3>0, 0, 0</c3></rotation></pose><symmetry><x>twoFold</x><y>cylindrical</y><z>twoFold</z></symmetry><detectionScore>-1.0</detectionScore></element><element><id>6</id><category>toy</category><bounds><corner1>-0.5412600055239073, -0.2841316142644028, -0.4218853626790273</corner1><corner2>0.5412600055239073, 0.2841316142644028, 0.4218853626790273</corner2></bounds><pose><translation>0.6586543222809921, 2.2190655890274162, -1.4328695316490916</translation><rotation><c1>0, 0, 0</c1><c2>0, 0, 0</c2><c3>0, 0, 0</c3></rotation></pose><symmetry><x>twoFold</x><y>cylindrical</y><z>twoFold</z></symmetry><detectionScore>-1.0</detectionScore></element><element><id>7</id><category>toy</category><bounds><corner1>-0.23402035936820265, -0.5822870481388143, -0.14462020433901945</corner1><corner2>0.23402035936820265, 0.5822870481388143, 0.14462020433901945</corner2></bounds><pose><translation>-2.1704042326491644, 1.801302144281686, -1.291852612489304</translation><rotation><c1>0, 0, 0</c1><c2>0, 0, 0</c2><c3>0, 0, 0</c3></rotation></pose><symmetry><x>twoFold</x><y>cylindrical</y><z>twoFold</z></symmetry><detectionScore>-1.0</detectionScore></element><element><id>8</id><category>toy</category><bounds><corner1>-0.7059508543053884, -0.7049171258442963, -0.14222457560912705</corner1><corner2>0.7059508543053884, 0.7049171258442963, 0.14222457560912705</corner2></bounds><pose><translation>-0.03403675180642626, 1.7972921475815795, -1.0147579299700022</translation><rotation><c1>0, 0, 0</c1><c2>0, 0, 0</c2><c3>0, 0, 0</c3></rotation></pose><symmetry><x>twoFold</x><y>cylindrical</y><z>twoFold</z></symmetry><detectionScore>-1.0</detectionScore></element><element><id>9</id><category>gym_equipment</category><bounds><corner1>-0.37767974273042126, -0.5843996556633793, -1.0297883152086014</corner1><corner2>0.37767974273042126, 0.5843996556633793, 1.0297883152086014</corner2></bounds><pose><translation>-3.1586276939774365, -1.293206227237098, -0.9892697138051275</translation><rotation><c1>0, 0, 0</c1><c2>0, 0, 0</c2><c3>0, 0, 0</c3></rotation></pose><symmetry><x>twoFold</x><y>cylindrical</y><z>twoFold</z></symmetry><detectionScore>-1.0</detectionScore></element><element><id>10</id><category>toy</category><bounds><corner1>-0.3758332762435027, -0.6680514755912952, -0.20945191292170917</corner1><corner2>0.3758332762435027, 0.6680514755912952, 0.20945191292170917</corner2></bounds><pose><translation>-1.0056236615240535, 1.83508818215933, -0.9858667284509904</translation><rotation><c1>0, 0, 0</c1><c2>0, 0, 0</c2><c3>0, 0, 0</c3></rotation></pose><symmetry><x>twoFold</x><y>cylindrical</y><z>twoFold</z></symmetry><detectionScore>-1.0</detectionScore></element><element><id>11</id><category>fireplace</category><bounds><corner1>-1.9015781765709199, -2.3762882669425793, -0.6446111387128596</corner1><corner2>1.9015781765709199, 2.3762882669425793, 0.6446111387128596</corner2></bounds><pose><translation>-3.147534641082358, -4.637884601116744, -0.9719150263281588</translation><rotation><c1>0, 0, 0</c1><c2>0, 0, 0</c2><c3>0, 0, 0</c3></rotation></pose><symmetry><x>twoFold</x><y>cylindrical</y><z>twoFold</z></symmetry><detectionScore>-1.0</detectionScore></element><element><id>12</id><category>toy</category><bounds><corner1>-0.6044599426390898, -0.091161535201282, -0.36071781447242013</corner1><corner2>0.6044599426390898, 0.091161535201282, 0.36071781447242013</corner2></bounds><pose><translation>0.4562031962523319, 2.4244658819531155, -1.1803665336728397</translation><rotation><c1>0, 0, 0</c1><c2>0, 0, 0</c2><c3>0, 0, 0</c3></rotation></pose><symmetry><x>twoFold</x><y>cylindrical</y><z>twoFold</z></symmetry><detectionScore>-1.0</detectionScore></element><element><id>13</id><category>atm</category><bounds><corner1>-0.2211794508959728, -0.5937088031492814, -0.7870840032342137</corner1><corner2>0.2211794508959728, 0.5937088031492814, 0.7870840032342137</corner2></bounds><pose><translation>-3.1508470895618093, -1.2306601337362644, -1.1381637735319552</translation><rotation><c1>0, 0, 0</c1><c2>0, 0, 0</c2><c3>0, 0, 0</c3></rotation></pose><symmetry><x>twoFold</x><y>cylindrical</y><z>twoFold</z></symmetry><detectionScore>-1.0</detectionScore></element><element><id>14</id><category>desk</category><bounds><corner1>-1.8826527745167219, -2.3086720358437964, -0.623902060637893</corner1><corner2>1.8826527745167219, 2.3086720358437964, 0.623902060637893</corner2></bounds><pose><translation>-3.132631552194019, -4.729180614320356, -1.0033906313791903</translation><rotation><c1>0, 0, 0</c1><c2>0, 0, 0</c2><c3>0, 0, 0</c3></rotation></pose><symmetry><x>twoFold</x><y>cylindrical</y><z>twoFold</z></symmetry><detectionScore>-1.0</detectionScore></element><element><id>15</id><category>toy</category><bounds><corner1>-0.5658177478847763, -0.7500615831611839, -0.7284336194156769</corner1><corner2>0.5658177478847763, 0.7500615831611839, 0.7284336194156769</corner2></bounds><pose><translation>-2.7059134577715938, 1.6058189377907253, -1.118739984498907</translation><rotation><c1>0, 0, 0</c1><c2>0, 0, 0</c2><c3>0, 0, 0</c3></rotation></pose><symmetry><x>twoFold</x><y>cylindrical</y><z>twoFold</z></symmetry><detectionScore>-1.0</detectionScore></element><element><id>16</id><category>piano</category><bounds><corner1>-2.1215407008135774, -4.387115354680979, -0.5222870455301175</corner1><corner2>2.1215407008135774, 4.387115354680979, 0.5222870455301175</corner2></bounds><pose><translation>-2.9630657067306982, -7.2345131585315094, -0.8198741334215909</translation><rotation><c1>0, 0, 0</c1><c2>0, 0, 0</c2><c3>0, 0, 0</c3></rotation></pose><symmetry><x>twoFold</x><y>cylindrical</y><z>twoFold</z></symmetry><detectionScore>-1.0</detectionScore></element><element><id>17</id><category>coffee_machine</category><bounds><corner1>-1.8784770226529877, -2.302185180556423, -0.6879824413104059</corner1><corner2>1.8784770226529877, 2.302185180556423, 0.6879824413104059</corner2></bounds><pose><translation>-3.201479068858097, -4.654539749571858, -0.9053417027039667</translation><rotation><c1>0, 0, 0</c1><c2>0, 0, 0</c2><c3>0, 0, 0</c3></rotation></pose><symmetry><x>twoFold</x><y>cylindrical</y><z>twoFold</z></symmetry><detectionScore>-1.0</detectionScore></element><element><id>18</id><category>plant</category><bounds><corner1>-0.2729721224980406, -0.2413081825600023, -1.0846732579923306</corner1><corner2>0.2729721224980406, 0.2413081825600023, 1.0846732579923306</corner2></bounds><pose><translation>1.7168711779027248, 2.2471333481588758, -0.92729332448672</translation><rotation><c1>0, 0, 0</c1><c2>0, 0, 0</c2><c3>0, 0, 0</c3></rotation></pose><symmetry><x>twoFold</x><y>cylindrical</y><z>twoFold</z></symmetry><detectionScore>-1.0</detectionScore></element><element><id>19</id><category>plant</category><bounds><corner1>-1.0717012752378117, -0.587826773108675, -1.0073162981917219</corner1><corner2>1.0717012752378117, 0.587826773108675, 1.0073162981917219</corner2></bounds><pose><translation>-3.4224345922219777, 1.7544260331413355, -0.809989958442267</translation><rotation><c1>0, 0, 0</c1><c2>0, 0, 0</c2><c3>0, 0, 0</c3></rotation></pose><symmetry><x>twoFold</x><y>cylindrical</y><z>twoFold</z></symmetry><detectionScore>-1.0</detectionScore></element><element><id>20</id><category>computer</category><bounds><corner1>-1.9240821115866935, -2.455987870750977, -0.653657911110497</corner1><corner2>1.9240821115866935, 2.455987870750977, 0.653657911110497</corner2></bounds><pose><translation>-3.1576736994163106, -4.598457780534593, -0.9254167025903759</translation><rotation><c1>0, 0, 0</c1><c2>0, 0, 0</c2><c3>0, 0, 0</c3></rotation></pose><symmetry><x>twoFold</x><y>cylindrical</y><z>twoFold</z></symmetry><detectionScore>-1.0</detectionScore></element><element><id>21</id><category>armchair</category><bounds><corner1>-0.4215806245069984, -0.7686218057695402, -0.23407683700378323</corner1><corner2>0.4215806245069984, 0.7686218057695402, 0.23407683700378323</corner2></bounds><pose><translation>-1.0327023731727139, 1.7213050247893984, -1.0173485882843523</translation><rotation><c1>0, 0, 0</c1><c2>0, 0, 0</c2><c3>0, 0, 0</c3></rotation></pose><symmetry><x>twoFold</x><y>cylindrical</y><z>twoFold</z></symmetry><detectionScore>-1.0</detectionScore></element><element><id>22</id><category>atm</category><bounds><corner1>-1.9862609654883017, -2.451070549526826, -0.7050698374575279</corner1><corner2>1.9862609654883017, 2.451070549526826, 0.7050698374575279</corner2></bounds><pose><translation>-3.223708815960431, -4.618557520271962, -0.8837044711397363</translation><rotation><c1>0, 0, 0</c1><c2>0, 0, 0</c2><c3>0, 0, 0</c3></rotation></pose><symmetry><x>twoFold</x><y>cylindrical</y><z>twoFold</z></symmetry><detectionScore>-1.0</detectionScore></element><element><id>23</id><category>desk</category><bounds><corner1>-2.146365691463857, -4.2386891349798645, -0.4468018827809424</corner1><corner2>2.146365691463857, 4.2386891349798645, 0.4468018827809424</corner2></bounds><pose><translation>-3.0046788567242633, -7.234494275805121, -0.8264052812876811</translation><rotation><c1>0, 0, 0</c1><c2>0, 0, 0</c2><c3>0, 0, 0</c3></rotation></pose><symmetry><x>twoFold</x><y>cylindrical</y><z>twoFold</z></symmetry><detectionScore>-1.0</detectionScore></element><element><id>24</id><category>stereo_set</category><bounds><corner1>-0.37050318115001746, -0.41810113886057465, -0.6219954526821851</corner1><corner2>0.37050318115001746, 0.41810113886057465, 0.6219954526821851</corner2></bounds><pose><translation>-3.2547012931446693, -4.852870124164741, -0.7760143150420173</translation><rotation><c1>0, 0, 0</c1><c2>0, 0, 0</c2><c3>0, 0, 0</c3></rotation></pose><symmetry><x>twoFold</x><y>cylindrical</y><z>twoFold</z></symmetry><detectionScore>-1.0</detectionScore></element><element><id>25</id><category>toy</category><bounds><corner1>-0.15293438190836806, -0.5683516853139787, -0.17865539419053023</corner1><corner2>0.15293438190836806, 0.5683516853139787, 0.17865539419053023</corner2></bounds><pose><translation>-1.0064730726815052, 1.9344976217913308, -0.9046253057575536</translation><rotation><c1>0, 0, 0</c1><c2>0, 0, 0</c2><c3>0, 0, 0</c3></rotation></pose><symmetry><x>twoFold</x><y>cylindrical</y><z>twoFold</z></symmetry><detectionScore>-1.0</detectionScore></element><element><id>26</id><category>office_chair</category><bounds><corner1>-0.34854543546327665, -4.181798244594969, -0.5669604324478341</corner1><corner2>0.34854543546327665, 4.181798244594969, 0.5669604324478341</corner2></bounds><pose><translation>1.4295916466376604, -6.798683574107618, -1.1138600211587277</translation><rotation><c1>0, 0, 0</c1><c2>0, 0, 0</c2><c3>0, 0, 0</c3></rotation></pose><symmetry><x>twoFold</x><y>cylindrical</y><z>twoFold</z></symmetry><detectionScore>-1.0</detectionScore></element><element><id>27</id><category>pillow</category><bounds><corner1>-0.3511486975174969, -0.6509427980910165, -0.1336717279643388</corner1><corner2>0.3511486975174969, 0.6509427980910165, 0.1336717279643388</corner2></bounds><pose><translation>-1.2153173704364018, 1.782505188325394, -0.95074928199913</translation><rotation><c1>0, 0, 0</c1><c2>0, 0, 0</c2><c3>0, 0, 0</c3></rotation></pose><symmetry><x>twoFold</x><y>cylindrical</y><z>twoFold</z></symmetry><detectionScore>-1.0</detectionScore></element><element><id>28</id><category>wall</category><bounds><corner1>-2.5878796377663535, -7.018438318154981, -1.485977207220104</corner1><corner2>2.5878796377663535, 7.018438318154981, 1.485977207220104</corner2></bounds><pose><translation>-0.9125810211797619, -15.170602004711126, -0.28441307736372173</translation><rotation><c1>0, 0, 0</c1><c2>0, 0, 0</c2><c3>0, 0, 0</c3></rotation></pose><symmetry><x>twoFold</x><y>cylindrical</y><z>twoFold</z></symmetry><detectionScore>-1.0</detectionScore></element><element><id>29</id><category>office_chair</category><bounds><corner1>-1.8952301281838375, -3.5037231330245677, -0.6567525575669912</corner1><corner2>1.8952301281838375, 3.5037231330245677, 0.6567525575669912</corner2></bounds><pose><translation>-3.1138067348537906, -6.166349222876986, -0.9502213009256374</translation><rotation><c1>0, 0, 0</c1><c2>0, 0, 0</c2><c3>0, 0, 0</c3></rotation></pose><symmetry><x>twoFold</x><y>cylindrical</y><z>twoFold</z></symmetry><detectionScore>-1.0</detectionScore></element></elements></scene>