<?xml version='1.0' encoding='utf-8'?>
<scene xmlns:sumo="https://www.sumochallenge.org"><version>2.0</version><categories><id>fb_categories_v1_0</id><url>https://sumochallenge.org/en/categories-1_0.json</url></categories><project_type>bounding_box</project_type><elements><element><id>0</id><category>window</category><bounds><corner1>-0.05712086920762549, -0.7507499580663838, -0.13491505077530164</corner1><corner2>0.05712086920762549, 0.7507499580663838, 0.13491505077530164</corner2></bounds><pose><translation>-1.963114855691187, 0.005919317452918295, -1.595075683915371</translation><rotation><c1>1, 0, 0</c1><c2>0, 1, 0</c2><c3>0, 0, 1</c3></rotation></pose><symmetry><x>twoFold</x><y>cylindrical</y><z>twoFold</z></symmetry><detectionScore>-1.0</detectionScore></element><element><id>1</id><category>wall</category><bounds><corner1>-2.180011236493984, -1.4978482966783793, -5.336718576204653</corner1><corner2>2.180011236493984, 1.4978482966783793, 5.336718576204653</corner2></bounds><pose><translation>0.20389839487529873, -0.1375243521231253, 4.246584855251667</translation><rotation><c1>1, 0, 0</c1><c2>0, 1, 0</c2><c3>0, 0, 1</c3></rotation></pose><symmetry><x>twoFold</x><y>cylindrical</y><z>twoFold</z></symmetry><detectionScore>-1.0</detectionScore></element><element><id>2</id><category>vase</category><bounds><corner1>-1.130055736126792, -0.404009268117661, -1.4268750581728855</corner1><corner2>1.130055736126792, 0.404009268117661, 1.4268750581728855</corner2></bounds><pose><translation>2.011930803380569, -0.6252235958154589, 2.8250414119215024</translation><rotation><c1>1, 0, 0</c1><c2>0, 1, 0</c2><c3>0, 0, 1</c3></rotation></pose><symmetry><x>twoFold</x><y>cylindrical</y><z>twoFold</z></symmetry><detectionScore>-1.0</detectionScore></element><element><id>3</id><category>armchair</category><bounds><corner1>-2.5232065017941085, -0.2655543777250641, -1.881045433561134</corner1><corner2>2.5232065017941085, 0.2655543777250641, 1.881045433561134</corner2></bounds><pose><translation>2.6219448124746494, -0.828231268877009, 2.307923614055495</translation><rotation><c1>1, 0, 0</c1><c2>0, 1, 0</c2><c3>0, 0, 1</c3></rotation></pose><symmetry><x>twoFold</x><y>cylindrical</y><z>twoFold</z></symmetry><detectionScore>-1.0</detectionScore></element><element><id>4</id><category>wall</category><bounds><corner1>-0.6655267255312811, -1.3816860742935366, -2.9170273205688666</corner1><corner2>0.6655267255312811, 1.3816860742935366, 2.9170273205688666</corner2></bounds><pose><translation>8.755112919731832, -0.09794015238189997, 1.1236299802340468</translation><rotation><c1>1, 0, 0</c1><c2>0, 1, 0</c2><c3>0, 0, 1</c3></rotation></pose><symmetry><x>twoFold</x><y>cylindrical</y><z>twoFold</z></symmetry><detectionScore>-1.0</detectionScore></element><element><id>5</id><category>curtain</category><bounds><corner1>-0.0814180852995754, -1.2754372838958579, -0.1265219218753597</corner1><corner2>0.0814180852995754, 1.2754372838958579, 0.1265219218753597</corner2></bounds><pose><translation>-1.985664116741383, -0.0019350156941081828, -1.5599345106934184</translation><rotation><c1>1, 0, 0</c1><c2>0, 1, 0</c2><c3>0, 0, 1</c3></rotation></pose><symmetry><x>twoFold</x><y>cylindrical</y><z>twoFold</z></symmetry><detectionScore>-1.0</detectionScore></element><element><id>6</id><category>trash_can</category><bounds><corner1>-0.46992934631870087, -0.7394989323156341, -0.3922913678278215</corner1><corner2>0.46992934631870087, 0.7394989323156341, 0.3922913678278215</corner2></bounds><pose><translation>2.28659976910295, -1.1051724498934696, -1.222967358124464</translation><rotation><c1>1, 0, 0</c1><c2>0, 1, 0</c2><c3>0, 0, 1</c3></rotation></pose><symmetry><x>twoFold</x><y>cylindrical</y><z>twoFold</z></symmetry><detectionScore>-1.0</detectionScore></element><element><id>7</id><category>wall</category><bounds><corner1>-5.353395479593066, -1.3588137498921538, -0.3454118025353379</corner1><corner2>5.353395479593066, 1.3588137498921538, 0.3454118025353379</corner2></bounds><pose><translation>3.6552482260319517, -0.048015973820475864, -1.0723016342179652</translation><rotation><c1>1, 0, 0</c1><c2>0, 1, 0</c2><c3>0, 0, 1</c3></rotation></pose><symmetry><x>twoFold</x><y>cylindrical</y><z>twoFold</z></symmetry><detectionScore>-1.0</detectionScore></element><element><id>8</id><category>wall</category><bounds><corner1>-0.2790428466676085, -1.2884935842050502, -0.6684767464651573</corner1><corner2>0.2790428466676085, 1.2884935842050502, 0.6684767464651573</corner2></bounds><pose><translation>-2.182669387918416, -0.014991316003300689, -1.2878044462686555</translation><rotation><c1>1, 0, 0</c1><c2>0, 1, 0</c2><c3>0, 0, 1</c3></rotation></pose><symmetry><x>twoFold</x><y>cylindrical</y><z>twoFold</z></symmetry><detectionScore>-1.0</detectionScore></element><element><id>9</id><category>armchair</category><bounds><corner1>-3.3231589594092603, -0.5826499510438033, -0.8152208590813639</corner1><corner2>3.3231589594092603, 0.5826499510438033, 0.8152208590813639</corner2></bounds><pose><translation>2.2548786648953283, -1.2267790821619948, 0.4489965322541005</translation><rotation><c1>1, 0, 0</c1><c2>0, 1, 0</c2><c3>0, 0, 1</c3></rotation></pose><symmetry><x>twoFold</x><y>cylindrical</y><z>twoFold</z></symmetry><detectionScore>-1.0</detectionScore></element><element><id>10</id><category>door</category><bounds><corner1>-1.0917209322717203, -1.8366395980782073, -5.262172938506352</corner1><corner2>1.0917209322717203, 1.8366395980782073, 5.262172938506352</corner2></bounds><pose><translation>-1.3319723300228943, -0.5745530797092665, 4.321130492949968</translation><rotation><c1>1, 0, 0</c1><c2>0, 1, 0</c2><c3>0, 0, 1</c3></rotation></pose><symmetry><x>twoFold</x><y>cylindrical</y><z>twoFold</z></symmetry><detectionScore>-1.0</detectionScore></element><element><id>11</id><category>door</category><bounds><corner1>-3.578937586202186, -1.151720957904598, -4.462931379050143</corner1><corner2>3.578937586202186, 1.151720957904598, 4.462931379050143</corner2></bounds><pose><translation>-4.393386702253148, -0.1949081156674995, -6.0447220406747</translation><rotation><c1>1, 0, 0</c1><c2>0, 1, 0</c2><c3>0, 0, 1</c3></rotation></pose><symmetry><x>twoFold</x><y>cylindrical</y><z>twoFold</z></symmetry><detectionScore>-1.0</detectionScore></element><element><id>12</id><category>door</category><bounds><corner1>-4.617954078928753, -1.4332759786379143, -3.006147788033477</corner1><corner2>4.617954078928753, 1.4332759786379143, 3.006147788033477</corner2></bounds><pose><translation>4.724356836039314, -0.5535766962939237, 3.5522208741606613</translation><rotation><c1>1, 0, 0</c1><c2>0, 1, 0</c2><c3>0, 0, 1</c3></rotation></pose><symmetry><x>twoFold</x><y>cylindrical</y><z>twoFold</z></symmetry><detectionScore>-1.0</detectionScore></element><element><id>13</id><category>wall</category><bounds><corner1>-4.234786890019386, -1.4895601863179198, -2.774142584094268</corner1><corner2>4.234786890019386, 1.4895601863179198, 2.774142584094268</corner2></bounds><pose><translation>5.107524024948681, -0.16981359503174046, 3.7842260780998704</translation><rotation><c1>1, 0, 0</c1><c2>0, 1, 0</c2><c3>0, 0, 1</c3></rotation></pose><symmetry><x>twoFold</x><y>cylindrical</y><z>twoFold</z></symmetry><detectionScore>-1.0</detectionScore></element><element><id>14</id><category>trash_can</category><bounds><corner1>-0.3563668016761019, -0.23641934628336325, -0.23367463373377628</corner1><corner2>0.3563668016761019, 0.23641934628336325, 0.23367463373377628</corner2></bounds><pose><translation>1.9221883325368183, -1.6771485958165953, -1.2185768573459252</translation><rotation><c1>1, 0, 0</c1><c2>0, 1, 0</c2><c3>0, 0, 1</c3></rotation></pose><symmetry><x>twoFold</x><y>cylindrical</y><z>twoFold</z></symmetry><detectionScore>-1.0</detectionScore></element><element><id>15</id><category>wall</category><bounds><corner1>-1.4207702068813308, -1.567485261471257, -5.327163943291634</corner1><corner2>1.4207702068813308, 1.567485261471257, 5.327163943291634</corner2></bounds><pose><translation>-1.7096042663348376, -0.20443646177554375, 4.256139488164687</translation><rotation><c1>1, 0, 0</c1><c2>0, 1, 0</c2><c3>0, 0, 1</c3></rotation></pose><symmetry><x>twoFold</x><y>cylindrical</y><z>twoFold</z></symmetry><detectionScore>-1.0</detectionScore></element><element><id>16</id><category>switch</category><bounds><corner1>-0.06274467496478264, -0.08216653571491783, -0.0674189225220283</corner1><corner2>0.06274467496478264, 0.08216653571491783, 0.0674189225220283</corner2></bounds><pose><translation>-0.6841284518337312, -0.8133540428367928, -1.6301205826412144</translation><rotation><c1>1, 0, 0</c1><c2>0, 1, 0</c2><c3>0, 0, 1</c3></rotation></pose><symmetry><x>twoFold</x><y>cylindrical</y><z>twoFold</z></symmetry><detectionScore>-1.0</detectionScore></element><element><id>17</id><category>curtain</category><bounds><corner1>-3.574457892043056, -1.2401767775383066, -4.378286661724725</corner1><corner2>3.574457892043056, 1.2401767775383066, 4.378286661724725</corner2></bounds><pose><translation>-4.311811125511807, -0.09575816407288577, -5.962247172408574</translation><rotation><c1>1, 0, 0</c1><c2>0, 1, 0</c2><c3>0, 0, 1</c3></rotation></pose><symmetry><x>twoFold</x><y>cylindrical</y><z>twoFold</z></symmetry><detectionScore>-1.0</detectionScore></element><element><id>18</id><category>floor_lamp</category><bounds><corner1>-2.6456372700491126, -1.262216770391301, -1.0477099837928439</corner1><corner2>2.6456372700491126, 1.262216770391301, 1.0477099837928439</corner2></bounds><pose><translation>4.507661874508858, -0.797238316665265, 3.4874625687015186</translation><rotation><c1>1, 0, 0</c1><c2>0, 1, 0</c2><c3>0, 0, 1</c3></rotation></pose><symmetry><x>twoFold</x><y>cylindrical</y><z>twoFold</z></symmetry><detectionScore>-1.0</detectionScore></element><element><id>19</id><category>chair</category><bounds><corner1>-5.814192873552026, -0.48134643325857496, -3.3583666537605525</corner1><corner2>5.814192873552026, 0.48134643325857496, 3.3583666537605525</corner2></bounds><pose><translation>2.9494605165908223, -0.8603613449091754, 1.1628233808152197</translation><rotation><c1>1, 0, 0</c1><c2>0, 1, 0</c2><c3>0, 0, 1</c3></rotation></pose><symmetry><x>twoFold</x><y>cylindrical</y><z>twoFold</z></symmetry><detectionScore>-1.0</detectionScore></element><element><id>20</id><category>wall</category><bounds><corner1>-0.6013041386062432, -1.3307437957317, -0.12672951232619223</corner1><corner2>0.6013041386062432, 1.3307437957317, 0.12672951232619223</corner2></bounds><pose><translation>-0.8704315234927726, -0.04176676561411246, -1.7106900230100412</translation><rotation><c1>1, 0, 0</c1><c2>0, 1, 0</c2><c3>0, 0, 1</c3></rotation></pose><symmetry><x>twoFold</x><y>cylindrical</y><z>twoFold</z></symmetry><detectionScore>-1.0</detectionScore></element><element><id>21</id><category>chair</category><bounds><corner1>-5.332876369753695, -0.22670328477055823, -2.9939652988805627</corner1><corner2>5.332876369753695, 0.22670328477055823, 2.9939652988805627</corner2></bounds><pose><translation>2.312814397361716, -0.8592731467764604, 1.5272247356952096</translation><rotation><c1>1, 0, 0</c1><c2>0, 1, 0</c2><c3>0, 0, 1</c3></rotation></pose><symmetry><x>twoFold</x><y>cylindrical</y><z>twoFold</z></symmetry><detectionScore>-1.0</detectionScore></element><element><id>22</id><category>refrigerator</category><bounds><corner1>-1.8455300925103009, -1.0377388506547667, -0.4216018978292382</corner1><corner2>1.8455300925103009, 1.0377388506547667, 0.4216018978292382</corner2></bounds><pose><translation>2.368245444181862, -0.8163186942426761, -1.2127770403362732</translation><rotation><c1>1, 0, 0</c1><c2>0, 1, 0</c2><c3>0, 0, 1</c3></rotation></pose><symmetry><x>twoFold</x><y>cylindrical</y><z>twoFold</z></symmetry><detectionScore>-1.0</detectionScore></element><element><id>23</id><category>refrigerator</category><bounds><corner1>-3.1501089427960838, -1.0780310438422847, -0.32799698928878884</corner1><corner2>3.1501089427960838, 1.0780310438422847, 0.32799698928878884</corner2></bounds><pose><translation>2.712407436921803, -0.7243904785004313, -0.9949190219714398</translation><rotation><c1>1, 0, 0</c1><c2>0, 1, 0</c2><c3>0, 0, 1</c3></rotation></pose><symmetry><x>twoFold</x><y>cylindrical</y><z>twoFold</z></symmetry><detectionScore>-1.0</detectionScore></element><element><id>24</id><category>floor</category><bounds><corner1>-1.1907906066315763, -0.6265369320112906, -5.308013477451718</corner1><corner2>1.1907906066315763, 0.6265369320112906, 5.308013477451718</corner2></bounds><pose><translation>-1.0092834292404658, -1.1348822761666189, 4.270501295687572</translation><rotation><c1>1, 0, 0</c1><c2>0, 1, 0</c2><c3>0, 0, 1</c3></rotation></pose><symmetry><x>twoFold</x><y>cylindrical</y><z>twoFold</z></symmetry><detectionScore>-1.0</detectionScore></element><element><id>25</id><category>wall</category><bounds><corner1>-4.094387349318148, -1.638750992917296, -0.6480775680733114</corner1><corner2>4.094387349318148, 1.638750992917296, 0.6480775680733114</corner2></bounds><pose><translation>2.7250380112251458, -0.16806707023528636, -1.1099326607258548</translation><rotation><c1>1, 0, 0</c1><c2>0, 1, 0</c2><c3>0, 0, 1</c3></rotation></pose><symmetry><x>twoFold</x><y>cylindrical</y><z>twoFold</z></symmetry><detectionScore>-1.0</detectionScore></element><element><id>26</id><category>refrigerator</category><bounds><corner1>-4.7877650826223235, -1.429302540781387, -3.0340966893206986</corner1><corner2>4.7877650826223235, 1.429302540781387, 3.0340966893206986</corner2></bounds><pose><translation>4.5545458323457435, -0.6413727082692133, 3.5242719728734397</translation><rotation><c1>1, 0, 0</c1><c2>0, 1, 0</c2><c3>0, 0, 1</c3></rotation></pose><symmetry><x>twoFold</x><y>cylindrical</y><z>twoFold</z></symmetry><detectionScore>-1.0</detectionScore></element><element><id>27</id><category>armchair</category><bounds><corner1>-1.3206497006601268, -0.6721846318516911, -2.8443043415633618</corner1><corner2>1.3206497006601268, 0.6721846318516911, 2.8443043415633618</corner2></bounds><pose><translation>0.05009872776319313, -1.3328240494425956, 2.0326764096727823</translation><rotation><c1>1, 0, 0</c1><c2>0, 1, 0</c2><c3>0, 0, 1</c3></rotation></pose><symmetry><x>twoFold</x><y>cylindrical</y><z>twoFold</z></symmetry><detectionScore>-1.0</detectionScore></element><element><id>28</id><category>chandelier</category><bounds><corner1>-2.9984490578666683, -0.11632783894211873, -2.4868859460453168</corner1><corner2>2.9984490578666683, 0.11632783894211873, 2.4868859460453168</corner2></bounds><pose><translation>2.2082985874749927, 1.3773245810537906, 1.6983000017889702</translation><rotation><c1>1, 0, 0</c1><c2>0, 1, 0</c2><c3>0, 0, 1</c3></rotation></pose><symmetry><x>twoFold</x><y>cylindrical</y><z>twoFold</z></symmetry><detectionScore>-1.0</detectionScore></element><element><id>29</id><category>vase</category><bounds><corner1>-2.1571497461520392, -0.5447946745894418, -2.6947627552176447</corner1><corner2>2.1571497461520392, 0.5447946745894418, 2.6947627552176447</corner2></bounds><pose><translation>0.9962620891756482, -0.6804783267720703, 1.5975133489633262</translation><rotation><c1>1, 0, 0</c1><c2>0, 1, 0</c2><c3>0, 0, 1</c3></rotation></pose><symmetry><x>twoFold</x><y>cylindrical</y><z>twoFold</z></symmetry><detectionScore>-1.0</detectionScore></element><element><id>30</id><category>kitchen_cabinet</category><bounds><corner1>-3.1240047377465903, -0.8242061106576524, -0.1628276341952034</corner1><corner2>3.1240047377465903, 0.8242061106576524, 0.1628276341952034</corner2></bounds><pose><translation>2.7385116419712965, -0.5848422000986874, -0.8889600231403124</translation><rotation><c1>1, 0, 0</c1><c2>0, 1, 0</c2><c3>0, 0, 1</c3></rotation></pose><symmetry><x>twoFold</x><y>cylindrical</y><z>twoFold</z></symmetry><detectionScore>-1.0</detectionScore></element><element><id>31</id><category>water_dispenser</category><bounds><corner1>-0.4609988540495227, -0.9727458107800475, -0.3787811250925456</corner1><corner2>0.4609988540495227, 0.9727458107800475, 0.3787811250925456</corner2></bounds><pose><translation>2.2995596018920876, -0.9749244072598606, -1.2200642765023146</translation><rotation><c1>1, 0, 0</c1><c2>0, 1, 0</c2><c3>0, 0, 1</c3></rotation></pose><symmetry><x>twoFold</x><y>cylindrical</y><z>twoFold</z></symmetry><detectionScore>-1.0</detectionScore></element></elements></scene>