<?xml version='1.0' encoding='utf-8'?>
<scene xmlns:sumo="https://www.sumochallenge.org"><version>2.0</version><categories><id>fb_categories_v1_0</id><url>https://sumochallenge.org/en/categories-1_0.json</url></categories><project_type>bounding_box</project_type><elements><element><id>0</id><category>wall</category><bounds><corner1>-1.724847607031574, -1.4849067687927526, -1.5655005517516645</corner1><corner2>1.724847607031574, 1.4849067687927526, 1.5655005517516645</corner2></bounds><pose><translation>-0.6875332699992497, -0.12857843857742843, -4.799875073168394</translation><rotation><c1>1, 0, 0</c1><c2>0, 1, 0</c2><c3>0, 0, 1</c3></rotation></pose><symmetry><x>twoFold</x><y>cylindrical</y><z>twoFold</z></symmetry><detectionScore>-1.0</detectionScore></element><element><id>1</id><category>hanger</category><bounds><corner1>-0.7428609345049189, -1.0554932341100622, -0.5726289107542897</corner1><corner2>0.7428609345049189, 1.0554932341100622, 0.5726289107542897</corner2></bounds><pose><translation>-1.8348905769249337, -0.9440448048382547, -3.140623789451837</translation><rotation><c1>1, 0, 0</c1><c2>0, 1, 0</c2><c3>0, 0, 1</c3></rotation></pose><symmetry><x>twoFold</x><y>cylindrical</y><z>twoFold</z></symmetry><detectionScore>-1.0</detectionScore></element><element><id>2</id><category>tv_stand</category><bounds><corner1>-1.3616705327800074, -0.2532215257130137, -0.6981884183801643</corner1><corner2>1.3616705327800074, 0.2532215257130137, 0.6981884183801643</corner2></bounds><pose><translation>0.8638254454064246, -1.5583016868924264, -3.747936186364765</translation><rotation><c1>1, 0, 0</c1><c2>0, 1, 0</c2><c3>0, 0, 1</c3></rotation></pose><symmetry><x>twoFold</x><y>cylindrical</y><z>twoFold</z></symmetry><detectionScore>-1.0</detectionScore></element><element><id>3</id><category>coffee_table</category><bounds><corner1>-1.4097911256283249, -0.2540153789601636, -0.674743940104634</corner1><corner2>1.4097911256283249, 0.2540153789601636, 0.674743940104634</corner2></bounds><pose><translation>0.8157048525581069, -1.5784660907273367, -3.658148991895456</translation><rotation><c1>1, 0, 0</c1><c2>0, 1, 0</c2><c3>0, 0, 1</c3></rotation></pose><symmetry><x>twoFold</x><y>cylindrical</y><z>twoFold</z></symmetry><detectionScore>-1.0</detectionScore></element><element><id>4</id><category>window</category><bounds><corner1>-1.3999210228436223, -0.928417752073382, -0.08959196875251818</corner1><corner2>1.3999210228436223, 0.928417752073382, 0.08959196875251818</corner2></bounds><pose><translation>0.149646094895852, 0.08244119446585463, 1.9543989765807241</translation><rotation><c1>1, 0, 0</c1><c2>0, 1, 0</c2><c3>0, 0, 1</c3></rotation></pose><symmetry><x>twoFold</x><y>cylindrical</y><z>twoFold</z></symmetry><detectionScore>-1.0</detectionScore></element><element><id>5</id><category>window</category><bounds><corner1>-0.8707216947267158, -0.9707675485843364, -0.6846902451938197</corner1><corner2>0.8707216947267158, 0.9707675485843364, 0.6846902451938197</corner2></bounds><pose><translation>2.3831121101682537, 0.06340036773735326, -4.990789356066851</translation><rotation><c1>1, 0, 0</c1><c2>0, 1, 0</c2><c3>0, 0, 1</c3></rotation></pose><symmetry><x>twoFold</x><y>cylindrical</y><z>twoFold</z></symmetry><detectionScore>-1.0</detectionScore></element><element><id>6</id><category>wall</category><bounds><corner1>-1.1085979585387347, -1.51198292176927, -0.851482996907408</corner1><corner2>1.1085979585387347, 1.51198292176927, 0.851482996907408</corner2></bounds><pose><translation>2.4254342182709783, -0.1684385929019675, -4.879516141001638</translation><rotation><c1>1, 0, 0</c1><c2>0, 1, 0</c2><c3>0, 0, 1</c3></rotation></pose><symmetry><x>twoFold</x><y>cylindrical</y><z>twoFold</z></symmetry><detectionScore>-1.0</detectionScore></element><element><id>7</id><category>wall</category><bounds><corner1>-0.15714806668003112, -1.5922043319743235, -1.5695369936685357</corner1><corner2>0.15714806668003112, 1.5922043319743235, 1.5695369936685357</corner2></bounds><pose><translation>-2.0687562454745563, -0.08179470182222488, 0.08893565213152244</translation><rotation><c1>1, 0, 0</c1><c2>0, 1, 0</c2><c3>0, 0, 1</c3></rotation></pose><symmetry><x>twoFold</x><y>cylindrical</y><z>twoFold</z></symmetry><detectionScore>-1.0</detectionScore></element><element><id>8</id><category>wall</category><bounds><corner1>-0.36784719406752986, -1.506278286160195, -1.378114105470949</corner1><corner2>0.36784719406752986, 1.506278286160195, 1.378114105470949</corner2></bounds><pose><translation>3.7918228903518574, -0.13052469446555365, -2.3719839404808396</translation><rotation><c1>1, 0, 0</c1><c2>0, 1, 0</c2><c3>0, 0, 1</c3></rotation></pose><symmetry><x>twoFold</x><y>cylindrical</y><z>twoFold</z></symmetry><detectionScore>-1.0</detectionScore></element><element><id>9</id><category>window</category><bounds><corner1>-1.125600502444466, -0.9882419588031908, -0.7443084302998981</corner1><corner2>1.125600502444466, 0.9882419588031908, 0.7443084302998981</corner2></bounds><pose><translation>-0.5266327521995281, 0.06350067570831565, -5.025461160476666</translation><rotation><c1>1, 0, 0</c1><c2>0, 1, 0</c2><c3>0, 0, 1</c3></rotation></pose><symmetry><x>twoFold</x><y>cylindrical</y><z>twoFold</z></symmetry><detectionScore>-1.0</detectionScore></element><element><id>10</id><category>wall</category><bounds><corner1>-0.20221811773381404, -1.4078978251909318, -1.2782418995435771</corner1><corner2>0.20221811773381404, 1.4078978251909318, 1.2782418995435771</corner2></bounds><pose><translation>7.304288922630819, -0.10749204109485169, 0.3074609226234963</translation><rotation><c1>1, 0, 0</c1><c2>0, 1, 0</c2><c3>0, 0, 1</c3></rotation></pose><symmetry><x>twoFold</x><y>cylindrical</y><z>twoFold</z></symmetry><detectionScore>-1.0</detectionScore></element><element><id>11</id><category>shoes_cabinet</category><bounds><corner1>-0.7449494555089529, -0.7498022216558358, -0.44999056493403167</corner1><corner2>0.7449494555089529, 0.7498022216558358, 0.44999056493403167</corner2></bounds><pose><translation>-1.7537890459345078, -1.4062670272823115, -3.079774181994497</translation><rotation><c1>1, 0, 0</c1><c2>0, 1, 0</c2><c3>0, 0, 1</c3></rotation></pose><symmetry><x>twoFold</x><y>cylindrical</y><z>twoFold</z></symmetry><detectionScore>-1.0</detectionScore></element><element><id>12</id><category>window</category><bounds><corner1>-0.19625023990953117, -0.9286060722414923, -1.3954357437802278</corner1><corner2>0.19625023990953117, 0.9286060722414923, 1.3954357437802278</corner2></bounds><pose><translation>-2.1456560030893126, 0.06112821734836501, 0.09569496175965934</translation><rotation><c1>1, 0, 0</c1><c2>0, 1, 0</c2><c3>0, 0, 1</c3></rotation></pose><symmetry><x>twoFold</x><y>cylindrical</y><z>twoFold</z></symmetry><detectionScore>-1.0</detectionScore></element><element><id>13</id><category>mirror</category><bounds><corner1>-0.17956915469707968, -0.9180281017361899, -0.3769374895556781</corner1><corner2>0.17956915469707968, 0.9180281017361899, 0.3769374895556781</corner2></bounds><pose><translation>-2.13610840766895, 0.023080084680860615, 1.0235391930495863</translation><rotation><c1>1, 0, 0</c1><c2>0, 1, 0</c2><c3>0, 0, 1</c3></rotation></pose><symmetry><x>twoFold</x><y>cylindrical</y><z>twoFold</z></symmetry><detectionScore>-1.0</detectionScore></element><element><id>14</id><category>window</category><bounds><corner1>-0.1144828943456071, -0.8289115676086759, -0.8896309680513506</corner1><corner2>0.1144828943456071, 0.8289115676086759, 0.8896309680513506</corner2></bounds><pose><translation>3.8132555741036103, 0.08576096756344687, -2.621798391562177</translation><rotation><c1>1, 0, 0</c1><c2>0, 1, 0</c2><c3>0, 0, 1</c3></rotation></pose><symmetry><x>twoFold</x><y>cylindrical</y><z>twoFold</z></symmetry><detectionScore>-1.0</detectionScore></element><element><id>15</id><category>wall</category><bounds><corner1>-2.9078784293604167, -1.612970490444134, -0.5970766621621036</corner1><corner2>2.9078784293604167, 1.612970490444134, 0.5970766621621036</corner2></bounds><pose><translation>4.52757060754769, -0.2479684820323316, -1.08632355788002</translation><rotation><c1>1, 0, 0</c1><c2>0, 1, 0</c2><c3>0, 0, 1</c3></rotation></pose><symmetry><x>twoFold</x><y>cylindrical</y><z>twoFold</z></symmetry><detectionScore>-1.0</detectionScore></element></elements></scene>