<?xml version='1.0' encoding='utf-8'?>
<scene xmlns:sumo="https://www.sumochallenge.org"><version>2.0</version><categories><id>fb_categories_v1.0</id><url>https://sumochallenge.org/en/categories-1_0.json</url></categories><project_type>bounding_box</project_type><elements><element><id>7</id><category>coffee_table</category><bounds><corner1>-1.30365997, -0.43853245, -1.30422662</corner1><corner2>1.30365997, 0.43853245, 1.30422662</corner2></bounds><pose><translation> 1.49383358, -1.43303019,  2.52289048</translation><rotation><c1>1., 0., 0.</c1><c2>0., 1., 0.</c2><c3>0., 0., 1.</c3></rotation></pose><symmetry><x>none</x><y>none</y><z>none</z></symmetry><detectionScore>-1</detectionScore></element><element><id>9</id><category>kitchen_cabinet</category><bounds><corner1>-0.36783528, -0.55496755, -1.09401023</corner1><corner2>0.36783528, 0.55496755, 1.09401023</corner2></bounds><pose><translation>-0.67789809, -0.53044187, -2.21798114</translation><rotation><c1>1., 0., 0.</c1><c2>0., 1., 0.</c2><c3>0., 0., 1.</c3></rotation></pose><symmetry><x>none</x><y>none</y><z>none</z></symmetry><detectionScore>-1</detectionScore></element><element><id>5</id><category>door</category><bounds><corner1>-2.79287375, -1.17757318, -1.41014407</corner1><corner2>2.79287375, 1.17757318, 1.41014407</corner2></bounds><pose><translation> 5.38414942, -0.44965561,  4.76306509</translation><rotation><c1>1., 0., 0.</c1><c2>0., 1., 0.</c2><c3>0., 0., 1.</c3></rotation></pose><symmetry><x>none</x><y>none</y><z>none</z></symmetry><detectionScore>-1</detectionScore></element><element><id>4</id><category>kitchen_cabinet</category><bounds><corner1>-0.51341462, -1.15707163, -0.32575803</corner1><corner2>0.51341462, 1.15707163, 0.32575803</corner2></bounds><pose><translation> 0.53997826, -0.43584877, -2.51784619</translation><rotation><c1>1., 0., 0.</c1><c2>0., 1., 0.</c2><c3>0., 0., 1.</c3></rotation></pose><symmetry><x>none</x><y>none</y><z>none</z></symmetry><detectionScore>-1</detectionScore></element><element><id>11</id><category>kitchen_cabinet</category><bounds><corner1>-0.66370034, -1.09986842, -0.31115339</corner1><corner2>0.66370034, 1.09986842, 0.31115339</corner2></bounds><pose><translation> 1.39785536, -0.41178205, -2.50902796</translation><rotation><c1>1., 0., 0.</c1><c2>0., 1., 0.</c2><c3>0., 0., 1.</c3></rotation></pose><symmetry><x>none</x><y>none</y><z>none</z></symmetry><detectionScore>-1</detectionScore></element><element><id>10</id><category>window</category><bounds><corner1>-0.14298605, -0.60621265, -0.57364626</corner1><corner2>0.14298605, 0.60621265, 0.57364626</corner2></bounds><pose><translation>-1.06897843,  0.06607543, -0.23598203</translation><rotation><c1>1., 0., 0.</c1><c2>0., 1., 0.</c2><c3>0., 0., 1.</c3></rotation></pose><symmetry><x>none</x><y>none</y><z>none</z></symmetry><detectionScore>-1</detectionScore></element><element><id>6</id><category>chandelier</category><bounds><corner1>-2.82154175, -0.02276441, -2.04108887</corner1><corner2>2.82154175, 0.02276441, 2.04108887</corner2></bounds><pose><translation>2.54005391, 1.18493896, 1.68915815</translation><rotation><c1>1., 0., 0.</c1><c2>0., 1., 0.</c2><c3>0., 0., 1.</c3></rotation></pose><symmetry><x>none</x><y>none</y><z>none</z></symmetry><detectionScore>-1</detectionScore></element><element><id>13</id><category>kitchen_cabinet</category><bounds><corner1>-0.31098752, -1.15059796, -1.2609458 </corner1><corner2>0.31098752, 1.15059796, 1.2609458 </corner2></bounds><pose><translation>-0.23039293, -0.44293608, -2.50091559</translation><rotation><c1>1., 0., 0.</c1><c2>0., 1., 0.</c2><c3>0., 0., 1.</c3></rotation></pose><symmetry><x>none</x><y>none</y><z>none</z></symmetry><detectionScore>-1</detectionScore></element><element><id>3</id><category>sofa</category><bounds><corner1>-0.67588998, -0.39681359, -2.71943041</corner1><corner2>0.67588998, 0.39681359, 2.71943041</corner2></bounds><pose><translation>-0.36014557, -0.9369779 ,  1.4120141 </translation><rotation><c1>1., 0., 0.</c1><c2>0., 1., 0.</c2><c3>0., 0., 1.</c3></rotation></pose><symmetry><x>none</x><y>none</y><z>none</z></symmetry><detectionScore>-1</detectionScore></element><element><id>2</id><category>wall</category><bounds><corner1>-1.28106843, -1.14178033, -4.35628275</corner1><corner2>1.28106843, 1.14178033, 4.35628275</corner2></bounds><pose><translation> 5.39567338, -0.02577808,  1.02292817</translation><rotation><c1>1., 0., 0.</c1><c2>0., 1., 0.</c2><c3>0., 0., 1.</c3></rotation></pose><symmetry><x>none</x><y>none</y><z>none</z></symmetry><detectionScore>-1</detectionScore></element><element><id>12</id><category>table_and_chair</category><bounds><corner1>-1.76118813, -0.61163205, -0.85616764</corner1><corner2>1.76118813, 0.61163205, 0.85616764</corner2></bounds><pose><translation> 3.66451616, -1.15160656, -1.32731093</translation><rotation><c1>1., 0., 0.</c1><c2>0., 1., 0.</c2><c3>0., 0., 1.</c3></rotation></pose><symmetry><x>none</x><y>none</y><z>none</z></symmetry><detectionScore>-1</detectionScore></element><element><id>8</id><category>door</category><bounds><corner1>-2.27164716, -1.06473125, -1.63998177</corner1><corner2>2.27164716, 1.06473125, 1.63998177</corner2></bounds><pose><translation>0.95001341, 0.        , 4.73821315</translation><rotation><c1>1., 0., 0.</c1><c2>0., 1., 0.</c2><c3>0., 0., 1.</c3></rotation></pose><symmetry><x>none</x><y>none</y><z>none</z></symmetry><detectionScore>-1</detectionScore></element><element><id>1</id><category>plant</category><bounds><corner1>-0.84103481, -0.89524786, -0.75658854</corner1><corner2>0.84103481, 0.89524786, 0.75658854</corner2></bounds><pose><translation> 4.58867708, -0.52758053, -2.02769598</translation><rotation><c1>1., 0., 0.</c1><c2>0., 1., 0.</c2><c3>0., 0., 1.</c3></rotation></pose><symmetry><x>none</x><y>none</y><z>none</z></symmetry><detectionScore>-1</detectionScore></element></elements></scene>