<?xml version='1.0' encoding='utf-8'?>
<scene xmlns:sumo="https://www.sumochallenge.org"><version>2.0</version><categories><id>fb_categories_v1.0</id><url>https://sumochallenge.org/en/categories-1_0.json</url></categories><project_type>bounding_box</project_type><elements><element><id>2</id><category>wall</category><bounds><corner1>-0.58405001, -1.21236993, -1.72873322</corner1><corner2>0.58405001, 1.21236993, 1.72873322</corner2></bounds><pose><translation>-4.31529081, -0.13123654, -0.40873947</translation><rotation><c1>1., 0., 0.</c1><c2>0., 1., 0.</c2><c3>0., 0., 1.</c3></rotation></pose><symmetry><x>none</x><y>twoFold</y><z>none</z></symmetry><detectionScore>0.99099755</detectionScore></element><element><id>4</id><category>heater</category><bounds><corner1>-0.24714306, -0.41187246, -0.32535617</corner1><corner2>0.24714306, 0.41187246, 0.32535617</corner2></bounds><pose><translation>-3.04418395, -1.0131337 , -2.08346009</translation><rotation><c1>1., 0., 0.</c1><c2>0., 1., 0.</c2><c3>0., 0., 1.</c3></rotation></pose><symmetry><x>twoFold</x><y>twoFold</y><z>twoFold</z></symmetry><detectionScore>0.50860286</detectionScore></element><element><id>1</id><category>dresser</category><bounds><corner1>-0.17492575, -0.47194214, -0.30246096</corner1><corner2>0.17492575, 0.47194214, 0.30246096</corner2></bounds><pose><translation>-2.05294327, -0.97865508,  1.24913126</translation><rotation><c1>1., 0., 0.</c1><c2>0., 1., 0.</c2><c3>0., 0., 1.</c3></rotation></pose><symmetry><x>none</x><y>none</y><z>none</z></symmetry><detectionScore>0.98448044</detectionScore></element><element><id>5</id><category>door</category><bounds><corner1>-1.97603114, -0.53991524, -0.24585516</corner1><corner2>1.97603114, 0.53991524, 0.24585516</corner2></bounds><pose><translation> 1.06402219, -0.139104  , -0.31599334</translation><rotation><c1>1., 0., 0.</c1><c2>0., 1., 0.</c2><c3>0., 0., 1.</c3></rotation></pose><symmetry><x>twoFold</x><y>twoFold</y><z>twoFold</z></symmetry><detectionScore>0.774808</detectionScore></element><element><id>3</id><category>stand</category><bounds><corner1>-0.46009566, -0.57241423, -0.1849994 </corner1><corner2>0.46009566, 0.57241423, 0.1849994 </corner2></bounds><pose><translation>-1.66010959, -1.03438707, -2.34105265</translation><rotation><c1>1., 0., 0.</c1><c2>0., 1., 0.</c2><c3>0., 0., 1.</c3></rotation></pose><symmetry><x>none</x><y>none</y><z>none</z></symmetry><detectionScore>0.65719056</detectionScore></element></elements></scene>