<?xml version='1.0' encoding='utf-8'?>
<scene xmlns:sumo="https://www.sumochallenge.org"><version>2.0</version><categories><id>fb_categories_v1.0</id><url>https://sumochallenge.org/en/categories-1_0.json</url></categories><project_type>bounding_box</project_type><elements><element><id>4</id><category>wall</category><bounds><corner1>-0.47699573, -0.46607063, -0.01529164</corner1><corner2>0.47699573, 0.46607063, 0.01529164</corner2></bounds><pose><translation>-1.4809632 , -0.05484501, -0.87015651</translation><rotation><c1>1., 0., 0.</c1><c2>0., 1., 0.</c2><c3>0., 0., 1.</c3></rotation></pose><symmetry><x>none</x><y>twoFold</y><z>none</z></symmetry><detectionScore>0.6508991</detectionScore></element><element><id>1</id><category>wall</category><bounds><corner1>-2.30573458, -1.27499665, -2.53802413</corner1><corner2>2.30573458, 1.27499665, 2.53802413</corner2></bounds><pose><translation>-1.78763292, -0.12670103, -6.91719186</translation><rotation><c1>1., 0., 0.</c1><c2>0., 1., 0.</c2><c3>0., 0., 1.</c3></rotation></pose><symmetry><x>none</x><y>twoFold</y><z>none</z></symmetry><detectionScore>0.87249994</detectionScore></element><element><id>3</id><category>armchair</category><bounds><corner1>-0.29349001, -0.45046127, -0.75687649</corner1><corner2>0.29349001, 0.45046127, 0.75687649</corner2></bounds><pose><translation>-1.07137379, -1.01271951, -2.05187426</translation><rotation><c1>1., 0., 0.</c1><c2>0., 1., 0.</c2><c3>0., 0., 1.</c3></rotation></pose><symmetry><x>none</x><y>none</y><z>none</z></symmetry><detectionScore>0.58137995</detectionScore></element><element><id>2</id><category>window</category><bounds><corner1>-0.06323155, -0.87526911, -0.32905474</corner1><corner2>0.06323155, 0.87526911, 0.32905474</corner2></bounds><pose><translation> 0.84236987,  0.01834328, -1.95005272</translation><rotation><c1>1., 0., 0.</c1><c2>0., 1., 0.</c2><c3>0., 0., 1.</c3></rotation></pose><symmetry><x>none</x><y>twoFold</y><z>none</z></symmetry><detectionScore>0.8183807</detectionScore></element><element><id>7</id><category>wall</category><bounds><corner1>-2.27486887, -1.27981324, -1.01203161</corner1><corner2>2.27486887, 1.27981324, 1.01203161</corner2></bounds><pose><translation>-3.73481591, -0.23242989,  0.27293996</translation><rotation><c1>1., 0., 0.</c1><c2>0., 1., 0.</c2><c3>0., 0., 1.</c3></rotation></pose><symmetry><x>none</x><y>twoFold</y><z>none</z></symmetry><detectionScore>0.98358005</detectionScore></element><element><id>8</id><category>wall_lamp</category><bounds><corner1>-0.24455064, -0.28034405, -0.07801097</corner1><corner2>0.24455064, 0.28034405, 0.07801097</corner2></bounds><pose><translation>0.04203184, 0.49144243, 1.25698183</translation><rotation><c1>1., 0., 0.</c1><c2>0., 1., 0.</c2><c3>0., 0., 1.</c3></rotation></pose><symmetry><x>none</x><y>none</y><z>none</z></symmetry><detectionScore>0.720448</detectionScore></element><element><id>6</id><category>hanger</category><bounds><corner1>-0.28369442, -0.0796266 , -0.04199395</corner1><corner2>0.28369442, 0.0796266 , 0.04199395</corner2></bounds><pose><translation>0.65003189, 0.62176522, 1.29797666</translation><rotation><c1>1., 0., 0.</c1><c2>0., 1., 0.</c2><c3>0., 0., 1.</c3></rotation></pose><symmetry><x>none</x><y>none</y><z>none</z></symmetry><detectionScore>0.5725143</detectionScore></element></elements></scene>