<?xml version='1.0' encoding='utf-8'?>
<scene xmlns:sumo="https://www.sumochallenge.org"><version>2.0</version><categories><id>fb_categories_v1.0</id><url>https://sumochallenge.org/en/categories-1_0.json</url></categories><project_type>bounding_box</project_type><elements><element><id>4</id><category>armchair</category><bounds><corner1>-1.82125704, -0.48517246, -1.91743608</corner1><corner2>1.82125704, 0.48517246, 1.91743608</corner2></bounds><pose><translation> 2.35079213, -0.68903365,  3.6891081 </translation><rotation><c1>1., 0., 0.</c1><c2>0., 1., 0.</c2><c3>0., 0., 1.</c3></rotation></pose><symmetry><x>none</x><y>none</y><z>none</z></symmetry><detectionScore>0.62823266</detectionScore></element><element><id>1</id><category>picture_frame</category><bounds><corner1>-0.30100467, -0.55831554, -0.80433124</corner1><corner2>0.30100467, 0.55831554, 0.80433124</corner2></bounds><pose><translation>-1.372874  ,  0.22953782,  2.53092327</translation><rotation><c1>1., 0., 0.</c1><c2>0., 1., 0.</c2><c3>0., 0., 1.</c3></rotation></pose><symmetry><x>none</x><y>fourFold</y><z>none</z></symmetry><detectionScore>0.7427908</detectionScore></element><element><id>5</id><category>picture_frame</category><bounds><corner1>-0.23703414, -0.23552163, -0.05077454</corner1><corner2>0.23703414, 0.23552163, 0.05077454</corner2></bounds><pose><translation>-1.80949308,  0.38660666, -2.78084442</translation><rotation><c1>1., 0., 0.</c1><c2>0., 1., 0.</c2><c3>0., 0., 1.</c3></rotation></pose><symmetry><x>none</x><y>fourFold</y><z>none</z></symmetry><detectionScore>0.9944772</detectionScore></element><element><id>3</id><category>office_chair</category><bounds><corner1>-0.42121694, -0.47831953, -2.45130405</corner1><corner2>0.42121694, 0.47831953, 2.45130405</corner2></bounds><pose><translation>-0.34981474, -0.97505359,  3.09405841</translation><rotation><c1>1., 0., 0.</c1><c2>0., 1., 0.</c2><c3>0., 0., 1.</c3></rotation></pose><symmetry><x>none</x><y>none</y><z>none</z></symmetry><detectionScore>0.93630946</detectionScore></element><element><id>2</id><category>shelving</category><bounds><corner1>-1.68186535, -0.89976431, -0.03030124</corner1><corner2>1.68186535, 0.89976431, 0.03030124</corner2></bounds><pose><translation> 1.34295742, -0.1182144 , -0.27234907</translation><rotation><c1>1., 0., 0.</c1><c2>0., 1., 0.</c2><c3>0., 0., 1.</c3></rotation></pose><symmetry><x>twoFold</x><y>twoFold</y><z>twoFold</z></symmetry><detectionScore>0.7324351</detectionScore></element><element><id>7</id><category>wall</category><bounds><corner1>-3.08968944, -1.14645775, -0.25903416</corner1><corner2>3.08968944, 1.14645775, 0.25903416</corner2></bounds><pose><translation>0.79445902, 0.03759881, 5.51742776</translation><rotation><c1>1., 0., 0.</c1><c2>0., 1., 0.</c2><c3>0., 0., 1.</c3></rotation></pose><symmetry><x>none</x><y>twoFold</y><z>none</z></symmetry><detectionScore>0.96278775</detectionScore></element><element><id>8</id><category>vase</category><bounds><corner1>-0.11689369, -0.44058908, -0.49290368</corner1><corner2>0.11689369, 0.44058908, 0.49290368</corner2></bounds><pose><translation>-1.1714525 ,  0.16310699,  1.53001259</translation><rotation><c1>1., 0., 0.</c1><c2>0., 1., 0.</c2><c3>0., 0., 1.</c3></rotation></pose><symmetry><x>none</x><y>cylindrical</y><z>none</z></symmetry><detectionScore>0.5136476</detectionScore></element><element><id>6</id><category>chandelier</category><bounds><corner1>-0.54620901, -0.02612718, -0.62835225</corner1><corner2>0.54620901, 0.02612718, 0.62835225</corner2></bounds><pose><translation>1.30376959, 1.28900832, 2.54184947</translation><rotation><c1>1., 0., 0.</c1><c2>0., 1., 0.</c2><c3>0., 0., 1.</c3></rotation></pose><symmetry><x>none</x><y>cylindrical</y><z>none</z></symmetry><detectionScore>0.9870877</detectionScore></element></elements></scene>