<?xml version='1.0' encoding='utf-8'?>
<scene xmlns:sumo="https://www.sumochallenge.org"><version>2.0</version><categories><id>fb_categories_v1_0</id><url>https://sumochallenge.org/en/categories-1_0.json</url></categories><project_type>bounding_box</project_type><elements><element><id>0</id><category>door</category><bounds><corner1>-2.2814517927081726, -1.5753106028725452, -1.0253224590233188</corner1><corner2>2.2814517927081726, 1.5753106028725452, 1.0253224590233188</corner2></bounds><pose><translation>4.011989867351732, -0.399309967998728, -1.647060983483231</translation><rotation><c1>1, 0, 0</c1><c2>0, 1, 0</c2><c3>0, 0, 1</c3></rotation></pose><symmetry><x>twoFold</x><y>cylindrical</y><z>twoFold</z></symmetry><detectionScore>-1.0</detectionScore></element><element><id>1</id><category>dining_table</category><bounds><corner1>-3.9901612051678312, -0.7015736520967503, -0.9825755868271643</corner1><corner2>3.9901612051678312, 0.7015736520967503, 0.9825755868271643</corner2></bounds><pose><translation>2.291495528916253, -1.2648059496741042, -0.997296261623362</translation><rotation><c1>1, 0, 0</c1><c2>0, 1, 0</c2><c3>0, 0, 1</c3></rotation></pose><symmetry><x>twoFold</x><y>cylindrical</y><z>twoFold</z></symmetry><detectionScore>-1.0</detectionScore></element><element><id>2</id><category>refrigerator</category><bounds><corner1>-0.4029598768541215, -1.7481156049834379, -2.0424717019157765</corner1><corner2>0.4029598768541215, 1.7481156049834379, 2.0424717019157765</corner2></bounds><pose><translation>-1.080986317139653, -0.4150846164945679, 2.11082803281437</translation><rotation><c1>1, 0, 0</c1><c2>0, 1, 0</c2><c3>0, 0, 1</c3></rotation></pose><symmetry><x>twoFold</x><y>cylindrical</y><z>twoFold</z></symmetry><detectionScore>-1.0</detectionScore></element><element><id>3</id><category>curtain</category><bounds><corner1>-1.4347301891785897, -1.2498579239279102, -0.1465679548846115</corner1><corner2>1.4347301891785897, 1.2498579239279102, 0.1465679548846115</corner2></bounds><pose><translation>0.41477335324181186, -0.020165682724659854, 4.091290982219732</translation><rotation><c1>1, 0, 0</c1><c2>0, 1, 0</c2><c3>0, 0, 1</c3></rotation></pose><symmetry><x>twoFold</x><y>cylindrical</y><z>twoFold</z></symmetry><detectionScore>-1.0</detectionScore></element><element><id>4</id><category>wall</category><bounds><corner1>-2.9505171441408695, -1.485654088815848, -1.0731543120628462</corner1><corner2>2.9505171441408695, 1.485654088815848, 1.0731543120628462</corner2></bounds><pose><translation>4.086748457859415, -0.14184014093193184, -1.6557989189494111</translation><rotation><c1>1, 0, 0</c1><c2>0, 1, 0</c2><c3>0, 0, 1</c3></rotation></pose><symmetry><x>twoFold</x><y>cylindrical</y><z>twoFold</z></symmetry><detectionScore>-1.0</detectionScore></element><element><id>5</id><category>window</category><bounds><corner1>-1.2188694867022392, -0.7406639626509043, -0.10482117558209403</corner1><corner2>1.2188694867022392, 0.7406639626509043, 0.10482117558209403</corner2></bounds><pose><translation>0.42424968678711544, 0.16585051721417596, 4.1330377615222496</translation><rotation><c1>1, 0, 0</c1><c2>0, 1, 0</c2><c3>0, 0, 1</c3></rotation></pose><symmetry><x>twoFold</x><y>cylindrical</y><z>twoFold</z></symmetry><detectionScore>-1.0</detectionScore></element><element><id>6</id><category>curtain</category><bounds><corner1>-1.575112455159311, -1.4337442375407743, -0.1529180326832953</corner1><corner2>1.575112455159311, 1.4337442375407743, 0.1529180326832953</corner2></bounds><pose><translation>5.20896030050849, -0.11738964575077328, 3.902853307288255</translation><rotation><c1>1, 0, 0</c1><c2>0, 1, 0</c2><c3>0, 0, 1</c3></rotation></pose><symmetry><x>twoFold</x><y>cylindrical</y><z>twoFold</z></symmetry><detectionScore>-1.0</detectionScore></element><element><id>7</id><category>kitchen_cabinet</category><bounds><corner1>-0.6865086146798997, -0.4883614494006071, -1.500105902367007</corner1><corner2>0.6865086146798997, 0.4883614494006071, 1.500105902367007</corner2></bounds><pose><translation>-0.7887157971787152, -0.8296109481018002, 2.7207066976500207</translation><rotation><c1>1, 0, 0</c1><c2>0, 1, 0</c2><c3>0, 0, 1</c3></rotation></pose><symmetry><x>twoFold</x><y>cylindrical</y><z>twoFold</z></symmetry><detectionScore>-1.0</detectionScore></element><element><id>8</id><category>floor_lamp</category><bounds><corner1>-2.251854465245251, -1.498027568046008, -0.9066573108172216</corner1><corner2>2.251854465245251, 1.498027568046008, 0.9066573108172216</corner2></bounds><pose><translation>3.9712203559342374, -0.5084874015678159, -1.4938757677541998</translation><rotation><c1>1, 0, 0</c1><c2>0, 1, 0</c2><c3>0, 0, 1</c3></rotation></pose><symmetry><x>twoFold</x><y>cylindrical</y><z>twoFold</z></symmetry><detectionScore>-1.0</detectionScore></element><element><id>9</id><category>wall</category><bounds><corner1>-7.096512995458915, -1.4549039247965219, -1.7842590254157384</corner1><corner2>7.096512995458915, 1.4549039247965219, 1.7842590254157384</corner2></bounds><pose><translation>6.896434424686983, -0.1550747232738368, 3.499373131545516</translation><rotation><c1>1, 0, 0</c1><c2>0, 1, 0</c2><c3>0, 0, 1</c3></rotation></pose><symmetry><x>twoFold</x><y>cylindrical</y><z>twoFold</z></symmetry><detectionScore>-1.0</detectionScore></element><element><id>10</id><category>wall</category><bounds><corner1>-1.2097087132626188, -1.4307725345028102, -0.17129427829952304</corner1><corner2>1.2097087132626188, 1.4307725345028102, 0.17129427829952304</corner2></bounds><pose><translation>5.865654394876407, -0.11970233191349926, 3.866249712873889</translation><rotation><c1>1, 0, 0</c1><c2>0, 1, 0</c2><c3>0, 0, 1</c3></rotation></pose><symmetry><x>twoFold</x><y>cylindrical</y><z>twoFold</z></symmetry><detectionScore>-1.0</detectionScore></element><element><id>11</id><category>wall</category><bounds><corner1>-2.3462981611258726, -1.485572492190253, -0.2123986683654051</corner1><corner2>2.3462981611258726, 1.485572492190253, 0.2123986683654051</corner2></bounds><pose><translation>0.463719427098624, -0.10843071251687364, 4.0254602687389385</translation><rotation><c1>1, 0, 0</c1><c2>0, 1, 0</c2><c3>0, 0, 1</c3></rotation></pose><symmetry><x>twoFold</x><y>cylindrical</y><z>twoFold</z></symmetry><detectionScore>-1.0</detectionScore></element><element><id>12</id><category>wall</category><bounds><corner1>-14.034026767674629, -1.409737037640494, -3.564391825037257</corner1><corner2>14.034026767674629, 1.409737037640494, 3.564391825037257</corner2></bounds><pose><translation>6.9575294209644305, -0.10225761155401902, 1.7192403319239977</translation><rotation><c1>1, 0, 0</c1><c2>0, 1, 0</c2><c3>0, 0, 1</c3></rotation></pose><symmetry><x>twoFold</x><y>cylindrical</y><z>twoFold</z></symmetry><detectionScore>-1.0</detectionScore></element><element><id>13</id><category>window</category><bounds><corner1>-2.03495243540328, -1.3389486266446233, -0.7691294194264732</corner1><corner2>2.03495243540328, 1.3389486266446233, 0.7691294194264732</corner2></bounds><pose><translation>4.188122385776208, -0.027005556727154167, -1.6755286567819825</translation><rotation><c1>1, 0, 0</c1><c2>0, 1, 0</c2><c3>0, 0, 1</c3></rotation></pose><symmetry><x>twoFold</x><y>cylindrical</y><z>twoFold</z></symmetry><detectionScore>-1.0</detectionScore></element><element><id>14</id><category>floor_lamp</category><bounds><corner1>-0.5690749158673032, -0.84435861529771, -0.45922236262779914</corner1><corner2>0.5690749158673032, 0.84435861529771, 0.45922236262779914</corner2></bounds><pose><translation>1.186473504742436, -0.8238609693598109, -1.7888098802936563</translation><rotation><c1>1, 0, 0</c1><c2>0, 1, 0</c2><c3>0, 0, 1</c3></rotation></pose><symmetry><x>twoFold</x><y>cylindrical</y><z>twoFold</z></symmetry><detectionScore>-1.0</detectionScore></element><element><id>15</id><category>door</category><bounds><corner1>-0.5080739211899585, -1.284289284330551, -0.7442716209083571</corner1><corner2>0.5080739211899585, 1.284289284330551, 0.7442716209083571</corner2></bounds><pose><translation>3.386779989041365, -0.42516352884901065, 4.048583460317508</translation><rotation><c1>1, 0, 0</c1><c2>0, 1, 0</c2><c3>0, 0, 1</c3></rotation></pose><symmetry><x>twoFold</x><y>cylindrical</y><z>twoFold</z></symmetry><detectionScore>-1.0</detectionScore></element><element><id>16</id><category>curtain</category><bounds><corner1>-1.6567316165023986, -1.664259936545391, -0.5695662187640775</corner1><corner2>1.6567316165023986, 1.664259936545391, 0.5695662187640775</corner2></bounds><pose><translation>-0.029743420044124138, -0.14416270869032388, -1.9076947323639957</translation><rotation><c1>1, 0, 0</c1><c2>0, 1, 0</c2><c3>0, 0, 1</c3></rotation></pose><symmetry><x>twoFold</x><y>cylindrical</y><z>twoFold</z></symmetry><detectionScore>-1.0</detectionScore></element><element><id>17</id><category>wall</category><bounds><corner1>-1.862091455951314, -1.6217488425674287, -0.5689082364718432</corner1><corner2>1.862091455951314, 1.6217488425674287, 0.5689082364718432</corner2></bounds><pose><translation>0.04118220682753028, -0.09138366798570852, -1.8917438829130915</translation><rotation><c1>1, 0, 0</c1><c2>0, 1, 0</c2><c3>0, 0, 1</c3></rotation></pose><symmetry><x>twoFold</x><y>cylindrical</y><z>twoFold</z></symmetry><detectionScore>-1.0</detectionScore></element><element><id>18</id><category>wall</category><bounds><corner1>-1.2528249046586497, -1.5161792940660483, -0.7654445224877149</corner1><corner2>1.2528249046586497, 1.5161792940660483, 0.7654445224877149</corner2></bounds><pose><translation>2.616378145512022, -0.1734165184664019, 4.027410558738151</translation><rotation><c1>1, 0, 0</c1><c2>0, 1, 0</c2><c3>0, 0, 1</c3></rotation></pose><symmetry><x>twoFold</x><y>cylindrical</y><z>twoFold</z></symmetry><detectionScore>-1.0</detectionScore></element><element><id>19</id><category>desk</category><bounds><corner1>-4.211905913644735, -0.6064665727940833, -0.9869838556044344</corner1><corner2>4.211905913644735, 0.6064665727940833, 0.9869838556044344</corner2></bounds><pose><translation>2.3464320792704263, -1.1454205527767853, -1.0382501894939098</translation><rotation><c1>1, 0, 0</c1><c2>0, 1, 0</c2><c3>0, 0, 1</c3></rotation></pose><symmetry><x>twoFold</x><y>cylindrical</y><z>twoFold</z></symmetry><detectionScore>-1.0</detectionScore></element><element><id>20</id><category>chair</category><bounds><corner1>-2.4188510564227106, -0.3490729113058073, -0.7331191005702311</corner1><corner2>2.4188510564227106, 0.3490729113058073, 0.7331191005702311</corner2></bounds><pose><translation>2.579878582607662, -0.8885796890719402, -1.2471587839250184</translation><rotation><c1>1, 0, 0</c1><c2>0, 1, 0</c2><c3>0, 0, 1</c3></rotation></pose><symmetry><x>twoFold</x><y>cylindrical</y><z>twoFold</z></symmetry><detectionScore>-1.0</detectionScore></element><element><id>21</id><category>window</category><bounds><corner1>-1.3091582543570168, -0.984456392322863, -0.540298029346459</corner1><corner2>1.3091582543570168, 0.984456392322863, 0.540298029346459</corner2></bounds><pose><translation>0.006101799539626524, 0.1119252008222477, -1.973193721786576</translation><rotation><c1>1, 0, 0</c1><c2>0, 1, 0</c2><c3>0, 0, 1</c3></rotation></pose><symmetry><x>twoFold</x><y>cylindrical</y><z>twoFold</z></symmetry><detectionScore>-1.0</detectionScore></element><element><id>22</id><category>chair</category><bounds><corner1>-1.7365459295170411, -0.5035113972302592, -0.4487581341100451</corner1><corner2>1.7365459295170411, 0.5035113972302592, 0.4487581341100451</corner2></bounds><pose><translation>2.194152405258272, -1.351423034142702, -0.638956058276318</translation><rotation><c1>1, 0, 0</c1><c2>0, 1, 0</c2><c3>0, 0, 1</c3></rotation></pose><symmetry><x>twoFold</x><y>cylindrical</y><z>twoFold</z></symmetry><detectionScore>-1.0</detectionScore></element><element><id>23</id><category>curtain</category><bounds><corner1>-2.2817853522031832, -1.4555978801244756, -0.9753801509915249</corner1><corner2>2.2817853522031832, 1.4555978801244756, 0.9753801509915249</corner2></bounds><pose><translation>4.13534096794199, -0.1325803062392549, -1.6657437848580703</translation><rotation><c1>1, 0, 0</c1><c2>0, 1, 0</c2><c3>0, 0, 1</c3></rotation></pose><symmetry><x>twoFold</x><y>cylindrical</y><z>twoFold</z></symmetry><detectionScore>-1.0</detectionScore></element><element><id>24</id><category>chair</category><bounds><corner1>-1.3869997797494475, -0.5067127692982752, -0.43528872509824357</corner1><corner2>1.3869997797494475, 0.5067127692982752, 0.43528872509824357</corner2></bounds><pose><translation>2.0775268175743458, -1.256954913697728, -1.4841309356334145</translation><rotation><c1>1, 0, 0</c1><c2>0, 1, 0</c2><c3>0, 0, 1</c3></rotation></pose><symmetry><x>twoFold</x><y>cylindrical</y><z>twoFold</z></symmetry><detectionScore>-1.0</detectionScore></element><element><id>25</id><category>wall</category><bounds><corner1>-0.272046514792218, -0.34214164052449836, -0.46356861499283253</corner1><corner2>0.272046514792218, 0.34214164052449836, 0.46356861499283253</corner2></bounds><pose><translation>-1.8377753248385955, -0.05419692911171718, -0.8829756466267038</translation><rotation><c1>1, 0, 0</c1><c2>0, 1, 0</c2><c3>0, 0, 1</c3></rotation></pose><symmetry><x>twoFold</x><y>cylindrical</y><z>twoFold</z></symmetry><detectionScore>-1.0</detectionScore></element><element><id>26</id><category>door</category><bounds><corner1>-10.10545732130498, -1.4775719151190114, -2.2213435906718084</corner1><corner2>10.10545732130498, 1.4775719151190114, 2.2213435906718084</corner2></bounds><pose><translation>10.886098867334079, -0.20983712730304835, 3.062288566289446</translation><rotation><c1>1, 0, 0</c1><c2>0, 1, 0</c2><c3>0, 0, 1</c3></rotation></pose><symmetry><x>twoFold</x><y>cylindrical</y><z>twoFold</z></symmetry><detectionScore>-1.0</detectionScore></element><element><id>27</id><category>arch</category><bounds><corner1>-13.898808965761557, -1.4863691929907943, -2.438574651984879</corner1><corner2>13.898808965761557, 1.4863691929907943, 2.438574651984879</corner2></bounds><pose><translation>7.092747222877503, -0.18256934420379015, 2.8450575049763756</translation><rotation><c1>1, 0, 0</c1><c2>0, 1, 0</c2><c3>0, 0, 1</c3></rotation></pose><symmetry><x>twoFold</x><y>cylindrical</y><z>twoFold</z></symmetry><detectionScore>-1.0</detectionScore></element><element><id>28</id><category>kitchen_cabinet</category><bounds><corner1>-1.0538867417029008, -0.505697870950232, -0.6802917295783724</corner1><corner2>1.0538867417029008, 0.505697870950232, 0.6802917295783724</corner2></bounds><pose><translation>1.6309222907844099, -1.1605548242721748, 3.457730915520014</translation><rotation><c1>1, 0, 0</c1><c2>0, 1, 0</c2><c3>0, 0, 1</c3></rotation></pose><symmetry><x>twoFold</x><y>cylindrical</y><z>twoFold</z></symmetry><detectionScore>-1.0</detectionScore></element><element><id>29</id><category>door</category><bounds><corner1>-0.20831014530973557, -0.3902841719406374, -0.38728278241999575</corner1><corner2>0.20831014530973557, 0.3902841719406374, 0.38728278241999575</corner2></bounds><pose><translation>-1.8780275278044394, -0.10999809156492597, -0.7842684080173391</translation><rotation><c1>1, 0, 0</c1><c2>0, 1, 0</c2><c3>0, 0, 1</c3></rotation></pose><symmetry><x>twoFold</x><y>cylindrical</y><z>twoFold</z></symmetry><detectionScore>-1.0</detectionScore></element><element><id>30</id><category>window</category><bounds><corner1>-1.316392370996601, -1.0226922347876484, -0.12886428342599476</corner1><corner2>1.316392370996601, 1.0226922347876484, 0.12886428342599476</corner2></bounds><pose><translation>5.119260374796045, 0.06505409070906046, 3.9269070565455557</translation><rotation><c1>1, 0, 0</c1><c2>0, 1, 0</c2><c3>0, 0, 1</c3></rotation></pose><symmetry><x>twoFold</x><y>cylindrical</y><z>twoFold</z></symmetry><detectionScore>-1.0</detectionScore></element></elements></scene>