<?xml version='1.0' encoding='utf-8'?>
<scene xmlns:sumo="https://www.sumochallenge.org"><version>2.0</version><categories><id>fb_categories_v1.0</id><url>https://sumochallenge.org/en/categories-1_0.json</url></categories><project_type>bounding_box</project_type><elements><element><id>12</id><category>coffee_table</category><bounds><corner1>-0.11542832, -0.3280535 , -0.64000874</corner1><corner2>0.11542832, 0.3280535 , 0.64000874</corner2></bounds><pose><translation> 3.17790841, -1.17913694, -2.10939339</translation><rotation><c1>1., 0., 0.</c1><c2>0., 1., 0.</c2><c3>0., 0., 1.</c3></rotation></pose><symmetry><x>none</x><y>none</y><z>none</z></symmetry><detectionScore>-1</detectionScore></element><element><id>11</id><category>air_conditioner</category><bounds><corner1>-1.45902873, -0.92396727, -0.20451917</corner1><corner2>1.45902873, 0.92396727, 0.20451917</corner2></bounds><pose><translation> 1.81800679,  0.36827415, -0.66019791</translation><rotation><c1>1., 0., 0.</c1><c2>0., 1., 0.</c2><c3>0., 0., 1.</c3></rotation></pose><symmetry><x>none</x><y>none</y><z>none</z></symmetry><detectionScore>-1</detectionScore></element><element><id>7</id><category>ceiling_fan</category><bounds><corner1>-0.76020503, -0.02184157, -0.6000999 </corner1><corner2>0.76020503, 0.02184157, 0.6000999 </corner2></bounds><pose><translation> 0.28248309,  1.29456161, -3.0499931 </translation><rotation><c1>1., 0., 0.</c1><c2>0., 1., 0.</c2><c3>0., 0., 1.</c3></rotation></pose><symmetry><x>none</x><y>none</y><z>none</z></symmetry><detectionScore>-1</detectionScore></element><element><id>5</id><category>kitchen_cabinet</category><bounds><corner1>-1.23610714, -0.56268831, -0.93543925</corner1><corner2>1.23610714, 0.56268831, 0.93543925</corner2></bounds><pose><translation>-2.10510846, -0.81025172, -1.26707086</translation><rotation><c1>1., 0., 0.</c1><c2>0., 1., 0.</c2><c3>0., 0., 1.</c3></rotation></pose><symmetry><x>none</x><y>none</y><z>none</z></symmetry><detectionScore>-1</detectionScore></element><element><id>3</id><category>door</category><bounds><corner1>-1.92876465, -1.26633525, -1.58303809</corner1><corner2>1.92876465, 1.26633525, 1.58303809</corner2></bounds><pose><translation> 3.25083961, -0.35668494, -4.8966828 </translation><rotation><c1>1., 0., 0.</c1><c2>0., 1., 0.</c2><c3>0., 0., 1.</c3></rotation></pose><symmetry><x>none</x><y>none</y><z>none</z></symmetry><detectionScore>-1</detectionScore></element><element><id>9</id><category>shelving</category><bounds><corner1>-2.02882378, -0.86076352, -0.25540897</corner1><corner2>2.02882378, 0.86076352, 0.25540897</corner2></bounds><pose><translation> 1.19199136, -0.12413958,  0.50881637</translation><rotation><c1>1., 0., 0.</c1><c2>0., 1., 0.</c2><c3>0., 0., 1.</c3></rotation></pose><symmetry><x>none</x><y>none</y><z>none</z></symmetry><detectionScore>-1</detectionScore></element><element><id>10</id><category>shelving</category><bounds><corner1>-0.27298354, -0.87507096, -0.06525684</corner1><corner2>0.27298354, 0.87507096, 0.06525684</corner2></bounds><pose><translation>-1.46301683, -0.25064177,  0.84818196</translation><rotation><c1>1., 0., 0.</c1><c2>0., 1., 0.</c2><c3>0., 0., 1.</c3></rotation></pose><symmetry><x>none</x><y>none</y><z>none</z></symmetry><detectionScore>-1</detectionScore></element><element><id>4</id><category>wall</category><bounds><corner1>-2.38748631, -1.29975789, -0.74459246</corner1><corner2>2.38748631, 1.29975789, 0.74459246</corner2></bounds><pose><translation> 0.55503904, -0.0189486 , -6.48186322</translation><rotation><c1>1., 0., 0.</c1><c2>0., 1., 0.</c2><c3>0., 0., 1.</c3></rotation></pose><symmetry><x>none</x><y>none</y><z>none</z></symmetry><detectionScore>-1</detectionScore></element><element><id>2</id><category>refrigerator</category><bounds><corner1>-0.01501475, -0.37543163, -0.14120593</corner1><corner2>0.01501475, 0.37543163, 0.14120593</corner2></bounds><pose><translation>-0.87000027, -0.01617986, -0.1933297 </translation><rotation><c1>1., 0., 0.</c1><c2>0., 1., 0.</c2><c3>0., 0., 1.</c3></rotation></pose><symmetry><x>none</x><y>none</y><z>none</z></symmetry><detectionScore>-1</detectionScore></element><element><id>1</id><category>washer</category><bounds><corner1>-0.18156733, -0.40143363, -0.56178515</corner1><corner2>0.18156733, 0.40143363, 0.56178515</corner2></bounds><pose><translation>-2.04733741, -0.85613256, -3.19884105</translation><rotation><c1>1., 0., 0.</c1><c2>0., 1., 0.</c2><c3>0., 0., 1.</c3></rotation></pose><symmetry><x>none</x><y>none</y><z>none</z></symmetry><detectionScore>-1</detectionScore></element><element><id>8</id><category>heater</category><bounds><corner1>-1.67884393, -0.72448011, -0.39636777</corner1><corner2>1.67884393, 0.72448011, 0.39636777</corner2></bounds><pose><translation>-2.55284786, -1.02129991,  0.23648264</translation><rotation><c1>1., 0., 0.</c1><c2>0., 1., 0.</c2><c3>0., 0., 1.</c3></rotation></pose><symmetry><x>none</x><y>none</y><z>none</z></symmetry><detectionScore>-1</detectionScore></element></elements></scene>