<?xml version='1.0' encoding='utf-8'?>
<scene xmlns:sumo="https://www.sumochallenge.org"><version>2.0</version><categories><id>fb_categories_v1.0</id><url>https://sumochallenge.org/en/categories-1_0.json</url></categories><project_type>bounding_box</project_type><elements><element><id>5</id><category>plant</category><bounds><corner1>-0.30003682, -0.30992193, -0.01396579</corner1><corner2>0.30003682, 0.30992193, 0.01396579</corner2></bounds><pose><translation> 1.17802216, -0.55038772,  0.8164071 </translation><rotation><c1>1., 0., 0.</c1><c2>0., 1., 0.</c2><c3>0., 0., 1.</c3></rotation></pose><symmetry><x>none</x><y>cylindrical</y><z>none</z></symmetry><detectionScore>0.6797106</detectionScore></element><element><id>10</id><category>kitchen_cabinet</category><bounds><corner1>-1.21349757, -0.90456169, -1.78638489</corner1><corner2>1.21349757, 0.90456169, 1.78638489</corner2></bounds><pose><translation>-2.76259173, -0.65046613, -3.66538542</translation><rotation><c1>1., 0., 0.</c1><c2>0., 1., 0.</c2><c3>0., 0., 1.</c3></rotation></pose><symmetry><x>none</x><y>none</y><z>none</z></symmetry><detectionScore>0.6335103</detectionScore></element><element><id>11</id><category>wall</category><bounds><corner1>-3.08904539, -1.31184568, -0.59334582</corner1><corner2>3.08904539, 1.31184568, 0.59334582</corner2></bounds><pose><translation>-6.83688138e-01, -3.81632710e-03, -4.17121592e+00</translation><rotation><c1>1., 0., 0.</c1><c2>0., 1., 0.</c2><c3>0., 0., 1.</c3></rotation></pose><symmetry><x>none</x><y>twoFold</y><z>none</z></symmetry><detectionScore>0.5493328</detectionScore></element><element><id>4</id><category>chair</category><bounds><corner1>-0.33611714, -0.56731075, -0.53107792</corner1><corner2>0.33611714, 0.56731075, 0.53107792</corner2></bounds><pose><translation>-1.37105629, -1.42665188, -2.26314431</translation><rotation><c1>1., 0., 0.</c1><c2>0., 1., 0.</c2><c3>0., 0., 1.</c3></rotation></pose><symmetry><x>none</x><y>none</y><z>none</z></symmetry><detectionScore>0.89386505</detectionScore></element><element><id>6</id><category>chair</category><bounds><corner1>-0.33500438, -0.40837917, -0.54409308</corner1><corner2>0.33500438, 0.40837917, 0.54409308</corner2></bounds><pose><translation>-1.39275249, -1.26205118, -2.20903374</translation><rotation><c1>1., 0., 0.</c1><c2>0., 1., 0.</c2><c3>0., 0., 1.</c3></rotation></pose><symmetry><x>none</x><y>none</y><z>none</z></symmetry><detectionScore>0.5584208</detectionScore></element><element><id>3</id><category>chandelier</category><bounds><corner1>-1.38746315, -0.03183784, -0.7279698 </corner1><corner2>1.38746315, 0.03183784, 0.7279698 </corner2></bounds><pose><translation> 0.70726046,  1.47916466, -1.99700211</translation><rotation><c1>1., 0., 0.</c1><c2>0., 1., 0.</c2><c3>0., 0., 1.</c3></rotation></pose><symmetry><x>none</x><y>cylindrical</y><z>none</z></symmetry><detectionScore>0.99515426</detectionScore></element><element><id>12</id><category>wall</category><bounds><corner1>-3.59431236, -1.19724068, -0.81218841</corner1><corner2>3.59431236, 1.19724068, 0.81218841</corner2></bounds><pose><translation> 2.34100641, -0.02314354,  0.76558007</translation><rotation><c1>1., 0., 0.</c1><c2>0., 1., 0.</c2><c3>0., 0., 1.</c3></rotation></pose><symmetry><x>none</x><y>twoFold</y><z>none</z></symmetry><detectionScore>0.68762875</detectionScore></element><element><id>2</id><category>plant</category><bounds><corner1>-11.03737505,  -1.79732388,  -0.55931094</corner1><corner2>11.03737505,  1.79732388,  0.55931094</corner2></bounds><pose><translation> 5.65769261, -0.74270532,  0.54816942</translation><rotation><c1>1., 0., 0.</c1><c2>0., 1., 0.</c2><c3>0., 0., 1.</c3></rotation></pose><symmetry><x>none</x><y>cylindrical</y><z>none</z></symmetry><detectionScore>0.9469601</detectionScore></element><element><id>1</id><category>refrigerator</category><bounds><corner1>-0.06239419, -0.82327469, -0.37551117</corner1><corner2>0.06239419, 0.82327469, 0.37551117</corner2></bounds><pose><translation>-3.49120338, -0.6113769 ,  0.39204778</translation><rotation><c1>1., 0., 0.</c1><c2>0., 1., 0.</c2><c3>0., 0., 1.</c3></rotation></pose><symmetry><x>none</x><y>none</y><z>twoFold</z></symmetry><detectionScore>0.9779953</detectionScore></element><element><id>13</id><category>wall</category><bounds><corner1>-2.61581184, -1.38744467, -1.99305659</corner1><corner2>2.61581184, 1.38744467, 1.99305659</corner2></bounds><pose><translation>-5.35787363, -0.04610847, -1.56108461</translation><rotation><c1>1., 0., 0.</c1><c2>0., 1., 0.</c2><c3>0., 0., 1.</c3></rotation></pose><symmetry><x>none</x><y>twoFold</y><z>none</z></symmetry><detectionScore>0.97320694</detectionScore></element><element><id>9</id><category>shelving</category><bounds><corner1>-0.91755161, -0.55589859, -0.55685774</corner1><corner2>0.91755161, 0.55589859, 0.55685774</corner2></bounds><pose><translation> 1.31205519, -1.07339294, -4.17807249</translation><rotation><c1>1., 0., 0.</c1><c2>0., 1., 0.</c2><c3>0., 0., 1.</c3></rotation></pose><symmetry><x>twoFold</x><y>twoFold</y><z>twoFold</z></symmetry><detectionScore>0.98441887</detectionScore></element><element><id>8</id><category>chair</category><bounds><corner1>-0.3278399 , -0.40977538, -0.26114864</corner1><corner2>0.3278399 , 0.40977538, 0.26114864</corner2></bounds><pose><translation>-1.39642648, -1.26747508, -1.70907439</translation><rotation><c1>1., 0., 0.</c1><c2>0., 1., 0.</c2><c3>0., 0., 1.</c3></rotation></pose><symmetry><x>none</x><y>none</y><z>none</z></symmetry><detectionScore>0.95098764</detectionScore></element><element><id>7</id><category>kitchen_cabinet</category><bounds><corner1>-0.68244886, -0.98613029, -1.56901123</corner1><corner2>0.68244886, 0.98613029, 1.56901123</corner2></bounds><pose><translation>-2.01408498, -0.66159069, -3.63405922</translation><rotation><c1>1., 0., 0.</c1><c2>0., 1., 0.</c2><c3>0., 0., 1.</c3></rotation></pose><symmetry><x>none</x><y>none</y><z>none</z></symmetry><detectionScore>0.86992234</detectionScore></element></elements></scene>