<?xml version='1.0' encoding='utf-8'?>
<scene xmlns:sumo="https://www.sumochallenge.org"><version>2.0</version><categories><id>fb_categories_v1_0</id><url>https://sumochallenge.org/en/categories-1_0.json</url></categories><project_type>bounding_box</project_type><elements><element><id>0</id><category>window</category><bounds><corner1>-0.19135991566719834, -1.1570240012648503, -1.26810088355883</corner1><corner2>0.19135991566719834, 1.1570240012648503, 1.26810088355883</corner2></bounds><pose><translation>4.083810080390305, -1.4684649128377651, -0.0039722730210651315</translation><rotation><c1>0, 0, 0</c1><c2>0, 0, 0</c2><c3>0, 0, 0</c3></rotation></pose><symmetry><x>twoFold</x><y>cylindrical</y><z>twoFold</z></symmetry><detectionScore>-1.0</detectionScore></element><element><id>1</id><category>chair</category><bounds><corner1>-1.913735848047903, -0.2635149027049445, -0.8405568651456861</corner1><corner2>1.913735848047903, 0.2635149027049445, 0.8405568651456861</corner2></bounds><pose><translation>2.0899262197984285, 0.12742257988752262, -1.6090172544940784</translation><rotation><c1>0, 0, 0</c1><c2>0, 0, 0</c2><c3>0, 0, 0</c3></rotation></pose><symmetry><x>twoFold</x><y>cylindrical</y><z>twoFold</z></symmetry><detectionScore>-1.0</detectionScore></element><element><id>2</id><category>wall</category><bounds><corner1>-0.05158263160939103, -0.04032821675785003, -0.15466900372134673</corner1><corner2>0.05158263160939103, 0.04032821675785003, 0.15466900372134673</corner2></bounds><pose><translation>1.6301707870232331, -2.5800539194927214, -0.45143664215150686</translation><rotation><c1>0, 0, 0</c1><c2>0, 0, 0</c2><c3>0, 0, 0</c3></rotation></pose><symmetry><x>twoFold</x><y>cylindrical</y><z>twoFold</z></symmetry><detectionScore>-1.0</detectionScore></element><element><id>3</id><category>hanging_kitchen_cabinet</category><bounds><corner1>-0.875840835971553, -0.10534750131505666, -0.854557891186223</corner1><corner2>0.875840835971553, 0.10534750131505666, 0.854557891186223</corner2></bounds><pose><translation>-0.2713510243801329, 3.5637701738524337, 0.22993448001864109</translation><rotation><c1>0, 0, 0</c1><c2>0, 0, 0</c2><c3>0, 0, 0</c3></rotation></pose><symmetry><x>twoFold</x><y>cylindrical</y><z>twoFold</z></symmetry><detectionScore>-1.0</detectionScore></element><element><id>4</id><category>floor_lamp</category><bounds><corner1>-0.3324974145153119, -0.4827214920778937, -0.7178459092645473</corner1><corner2>0.3324974145153119, 0.4827214920778937, 0.7178459092645473</corner2></bounds><pose><translation>-1.851425645674822, 3.1132423058844534, -0.898635314117136</translation><rotation><c1>0, 0, 0</c1><c2>0, 0, 0</c2><c3>0, 0, 0</c3></rotation></pose><symmetry><x>twoFold</x><y>cylindrical</y><z>twoFold</z></symmetry><detectionScore>-1.0</detectionScore></element><element><id>5</id><category>door</category><bounds><corner1>-0.21717566295300372, -1.1592213678586722, -1.3723208510866736</corner1><corner2>0.21717566295300372, 1.1592213678586722, 1.3723208510866736</corner2></bounds><pose><translation>4.055603706361415, -1.4726338904540746, -0.07873541423077625</translation><rotation><c1>0, 0, 0</c1><c2>0, 0, 0</c2><c3>0, 0, 0</c3></rotation></pose><symmetry><x>twoFold</x><y>cylindrical</y><z>twoFold</z></symmetry><detectionScore>-1.0</detectionScore></element><element><id>6</id><category>chair</category><bounds><corner1>-0.552352279069364, -0.7071117583762266, -0.2999077350022261</corner1><corner2>0.552352279069364, 0.7071117583762266, 0.2999077350022261</corner2></bounds><pose><translation>3.701566505855106, -0.6522068629914783, -0.960211726818249</translation><rotation><c1>0, 0, 0</c1><c2>0, 0, 0</c2><c3>0, 0, 0</c3></rotation></pose><symmetry><x>twoFold</x><y>cylindrical</y><z>twoFold</z></symmetry><detectionScore>-1.0</detectionScore></element><element><id>7</id><category>table_and_chair</category><bounds><corner1>-1.2033000208724796, -0.8102702715492107, -0.6380918374649237</corner1><corner2>1.2033000208724796, 0.8102702715492107, 0.6380918374649237</corner2></bounds><pose><translation>-0.0863615132496452, -4.113551016666124, -1.262939736609781</translation><rotation><c1>0, 0, 0</c1><c2>0, 0, 0</c2><c3>0, 0, 0</c3></rotation></pose><symmetry><x>twoFold</x><y>cylindrical</y><z>twoFold</z></symmetry><detectionScore>-1.0</detectionScore></element><element><id>8</id><category>chair</category><bounds><corner1>-1.4681673474807537, -0.5347242936188483, -0.7748617742981916</corner1><corner2>1.4681673474807537, 0.5347242936188483, 0.7748617742981916</corner2></bounds><pose><translation>2.322728032756253, -1.6667356557190187, -1.4774504814907636</translation><rotation><c1>0, 0, 0</c1><c2>0, 0, 0</c2><c3>0, 0, 0</c3></rotation></pose><symmetry><x>twoFold</x><y>cylindrical</y><z>twoFold</z></symmetry><detectionScore>-1.0</detectionScore></element><element><id>9</id><category>coffee_table</category><bounds><corner1>-1.4384842662762551, -0.6258964923760236, -0.6104548014950599</corner1><corner2>1.4384842662762551, 0.6258964923760236, 0.6104548014950599</corner2></bounds><pose><translation>2.6207405541167574, -1.4068588902401653, -1.3193529507226138</translation><rotation><c1>0, 0, 0</c1><c2>0, 0, 0</c2><c3>0, 0, 0</c3></rotation></pose><symmetry><x>twoFold</x><y>cylindrical</y><z>twoFold</z></symmetry><detectionScore>-1.0</detectionScore></element><element><id>10</id><category>wall</category><bounds><corner1>-0.2528994541649858, -1.560677625803943, -1.3926749984009081</corner1><corner2>0.2528994541649858, 1.560677625803943, 1.3926749984009081</corner2></bounds><pose><translation>4.013439643277548, -1.3009259550934409, -0.10198150448081714</translation><rotation><c1>0, 0, 0</c1><c2>0, 0, 0</c2><c3>0, 0, 0</c3></rotation></pose><symmetry><x>twoFold</x><y>cylindrical</y><z>twoFold</z></symmetry><detectionScore>-1.0</detectionScore></element><element><id>11</id><category>chair</category><bounds><corner1>-1.312874056836534, -0.4134166148725458, -0.5449155724371205</corner1><corner2>1.312874056836534, 0.4134166148725458, 0.5449155724371205</corner2></bounds><pose><translation>2.6830076716554396, -1.4222046496601275, -1.2392871974877702</translation><rotation><c1>0, 0, 0</c1><c2>0, 0, 0</c2><c3>0, 0, 0</c3></rotation></pose><symmetry><x>twoFold</x><y>cylindrical</y><z>twoFold</z></symmetry><detectionScore>-1.0</detectionScore></element><element><id>12</id><category>kitchen_cabinet</category><bounds><corner1>-1.4127563564359442, -2.2433319987025198, -1.5940526113613578</corner1><corner2>1.4127563564359442, 2.2433319987025198, 1.5940526113613578</corner2></bounds><pose><translation>-0.2870247433670696, -4.880477634184945, -0.23662897648825704</translation><rotation><c1>0, 0, 0</c1><c2>0, 0, 0</c2><c3>0, 0, 0</c3></rotation></pose><symmetry><x>twoFold</x><y>cylindrical</y><z>twoFold</z></symmetry><detectionScore>-1.0</detectionScore></element><element><id>13</id><category>wall</category><bounds><corner1>-0.04699137590452529, -0.04102177804625562, -0.13027066081907712</corner1><corner2>0.04699137590452529, 0.04102177804625562, 0.13027066081907712</corner2></bounds><pose><translation>1.6272999916620616, -2.5759289779823566, -0.5999247678370887</translation><rotation><c1>0, 0, 0</c1><c2>0, 0, 0</c2><c3>0, 0, 0</c3></rotation></pose><symmetry><x>twoFold</x><y>cylindrical</y><z>twoFold</z></symmetry><detectionScore>-1.0</detectionScore></element><element><id>14</id><category>kitchen_cabinet</category><bounds><corner1>-1.2379484428087346, -0.06761498245832653, -0.4770580347370941</corner1><corner2>1.2379484428087346, 0.06761498245832653, 0.4770580347370941</corner2></bounds><pose><translation>1.562210545345504, -2.582632652495427, -0.7369475336334474</translation><rotation><c1>0, 0, 0</c1><c2>0, 0, 0</c2><c3>0, 0, 0</c3></rotation></pose><symmetry><x>twoFold</x><y>cylindrical</y><z>twoFold</z></symmetry><detectionScore>-1.0</detectionScore></element><element><id>15</id><category>armchair</category><bounds><corner1>-1.4909987175321162, -0.585581081799795, -0.7851387855525034</corner1><corner2>1.4909987175321162, 0.585581081799795, 0.7851387855525034</corner2></bounds><pose><translation>2.355794685863287, -1.5611207833387062, -1.4927908572181972</translation><rotation><c1>0, 0, 0</c1><c2>0, 0, 0</c2><c3>0, 0, 0</c3></rotation></pose><symmetry><x>twoFold</x><y>cylindrical</y><z>twoFold</z></symmetry><detectionScore>-1.0</detectionScore></element><element><id>16</id><category>picture_frame</category><bounds><corner1>-0.08019967254558802, -0.7849369264330472, -0.4069112068185659</corner1><corner2>0.08019967254558802, 0.7849369264330472, 0.4069112068185659</corner2></bounds><pose><translation>-2.75406487966932, 1.5152165971684526, 0.35417259803203177</translation><rotation><c1>0, 0, 0</c1><c2>0, 0, 0</c2><c3>0, 0, 0</c3></rotation></pose><symmetry><x>twoFold</x><y>cylindrical</y><z>twoFold</z></symmetry><detectionScore>-1.0</detectionScore></element><element><id>17</id><category>glass</category><bounds><corner1>-0.2611653665137821, -0.0922001206047991, -0.3635275015840081</corner1><corner2>0.2611653665137821, 0.0922001206047991, 0.3635275015840081</corner2></bounds><pose><translation>-2.096790209317494, 3.51796589666446, -0.11451848074381939</translation><rotation><c1>0, 0, 0</c1><c2>0, 0, 0</c2><c3>0, 0, 0</c3></rotation></pose><symmetry><x>twoFold</x><y>cylindrical</y><z>twoFold</z></symmetry><detectionScore>-1.0</detectionScore></element><element><id>18</id><category>wall</category><bounds><corner1>-1.6770303571383387, -0.8018340556521052, -1.4191534483282318</corner1><corner2>1.6770303571383387, 0.8018340556521052, 1.4191534483282318</corner2></bounds><pose><translation>-3.8945023518995545, -0.07331130644210553, -0.07154672369329293</translation><rotation><c1>0, 0, 0</c1><c2>0, 0, 0</c2><c3>0, 0, 0</c3></rotation></pose><symmetry><x>twoFold</x><y>cylindrical</y><z>twoFold</z></symmetry><detectionScore>-1.0</detectionScore></element><element><id>19</id><category>wall</category><bounds><corner1>-0.48931049761691847, -0.4666160615658844, -1.6331821023098398</corner1><corner2>0.48931049761691847, 0.4666160615658844, 1.6331821023098398</corner2></bounds><pose><translation>-2.5988690067652476, -1.2233235842594352, -0.17319117982136858</translation><rotation><c1>0, 0, 0</c1><c2>0, 0, 0</c2><c3>0, 0, 0</c3></rotation></pose><symmetry><x>twoFold</x><y>cylindrical</y><z>twoFold</z></symmetry><detectionScore>-1.0</detectionScore></element><element><id>20</id><category>dining_table</category><bounds><corner1>-1.3691241573701225, -0.9316506324750836, -0.5619437700120774</corner1><corner2>1.3691241573701225, 0.9316506324750836, 0.5619437700120774</corner2></bounds><pose><translation>2.7582563578117334, -1.3814505389267948, -1.2523273080646247</translation><rotation><c1>0, 0, 0</c1><c2>0, 0, 0</c2><c3>0, 0, 0</c3></rotation></pose><symmetry><x>twoFold</x><y>cylindrical</y><z>twoFold</z></symmetry><detectionScore>-1.0</detectionScore></element><element><id>21</id><category>wall</category><bounds><corner1>-2.0140965856363535, -2.918912233501223, -1.4138806833046298</corner1><corner2>2.0140965856363535, 2.918912233501223, 1.4138806833046298</corner2></bounds><pose><translation>-0.2014953123476069, -5.517650862683788, -0.11110040441256737</translation><rotation><c1>0, 0, 0</c1><c2>0, 0, 0</c2><c3>0, 0, 0</c3></rotation></pose><symmetry><x>twoFold</x><y>cylindrical</y><z>twoFold</z></symmetry><detectionScore>-1.0</detectionScore></element><element><id>22</id><category>dining_table</category><bounds><corner1>-1.1218977217270583, -0.7988647915932225, -0.5440505255032595</corner1><corner2>1.1218977217270583, 0.7988647915932225, 0.5440505255032595</corner2></bounds><pose><translation>-0.11937759259117117, -4.1434179221810705, -1.2060915850291085</translation><rotation><c1>0, 0, 0</c1><c2>0, 0, 0</c2><c3>0, 0, 0</c3></rotation></pose><symmetry><x>twoFold</x><y>cylindrical</y><z>twoFold</z></symmetry><detectionScore>-1.0</detectionScore></element><element><id>23</id><category>column</category><bounds><corner1>-0.3683520716164621, -0.29066500004777207, -1.5507145950283368</corner1><corner2>0.3683520716164621, 0.29066500004777207, 1.5507145950283368</corner2></bounds><pose><translation>-2.0798201873282474, -1.287118590870327, -0.06283729693640674</translation><rotation><c1>0, 0, 0</c1><c2>0, 0, 0</c2><c3>0, 0, 0</c3></rotation></pose><symmetry><x>twoFold</x><y>cylindrical</y><z>twoFold</z></symmetry><detectionScore>-1.0</detectionScore></element><element><id>24</id><category>door</category><bounds><corner1>-1.5199722072033337, -0.5388319264119641, -1.2854256965908952</corner1><corner2>1.5199722072033337, 0.5388319264119641, 1.2854256965908952</corner2></bounds><pose><translation>-3.920535422943047, -0.11253392908559826, -0.4183566386990849</translation><rotation><c1>0, 0, 0</c1><c2>0, 0, 0</c2><c3>0, 0, 0</c3></rotation></pose><symmetry><x>twoFold</x><y>cylindrical</y><z>twoFold</z></symmetry><detectionScore>-1.0</detectionScore></element><element><id>25</id><category>table_lamp</category><bounds><corner1>-0.39021337244436166, -1.4266357894312462, -0.27930784492363636</corner1><corner2>0.39021337244436166, 1.4266357894312462, 0.27930784492363636</corner2></bounds><pose><translation>-0.5617538788785144, 1.952430112659835, -1.4142345874320632</translation><rotation><c1>0, 0, 0</c1><c2>0, 0, 0</c2><c3>0, 0, 0</c3></rotation></pose><symmetry><x>twoFold</x><y>cylindrical</y><z>twoFold</z></symmetry><detectionScore>-1.0</detectionScore></element><element><id>26</id><category>curtain</category><bounds><corner1>-0.21949458604996863, -1.3383227690510169, -1.4008847058969145</corner1><corner2>0.21949458604996863, 1.3383227690510169, 1.4008847058969145</corner2></bounds><pose><translation>4.050815948311047, -1.4304863314575154, -0.09468913717183639</translation><rotation><c1>0, 0, 0</c1><c2>0, 0, 0</c2><c3>0, 0, 0</c3></rotation></pose><symmetry><x>twoFold</x><y>cylindrical</y><z>twoFold</z></symmetry><detectionScore>-1.0</detectionScore></element><element><id>27</id><category>chandelier</category><bounds><corner1>-0.5632658973691842, -0.7462683247906456, -0.06317156684633596</corner1><corner2>0.5632658973691842, 0.7462683247906456, 0.06317156684633596</corner2></bounds><pose><translation>3.6526110484545034, -1.8774155386226177, 1.3489734460970355</translation><rotation><c1>0, 0, 0</c1><c2>0, 0, 0</c2><c3>0, 0, 0</c3></rotation></pose><symmetry><x>twoFold</x><y>cylindrical</y><z>twoFold</z></symmetry><detectionScore>-1.0</detectionScore></element><element><id>28</id><category>kitchen_cabinet</category><bounds><corner1>-1.033109664258504, -0.819488435902584, -0.44947258363929676</corner1><corner2>1.033109664258504, 0.819488435902584, 0.44947258363929676</corner2></bounds><pose><translation>-0.012169541404191901, -4.182215743203869, -1.0564671485765404</translation><rotation><c1>0, 0, 0</c1><c2>0, 0, 0</c2><c3>0, 0, 0</c3></rotation></pose><symmetry><x>twoFold</x><y>cylindrical</y><z>twoFold</z></symmetry><detectionScore>-1.0</detectionScore></element><element><id>29</id><category>wall</category><bounds><corner1>-2.429974675558518, -0.2619519751416113, -1.4608284248082104</corner1><corner2>2.429974675558518, 0.2619519751416113, 1.4608284248082104</corner2></bounds><pose><translation>-0.2502102654891805, 3.3861834816344394, -0.08166421845386246</translation><rotation><c1>0, 0, 0</c1><c2>0, 0, 0</c2><c3>0, 0, 0</c3></rotation></pose><symmetry><x>twoFold</x><y>cylindrical</y><z>twoFold</z></symmetry><detectionScore>-1.0</detectionScore></element><element><id>30</id><category>wall</category><bounds><corner1>-0.22840720915045332, -1.198325358313184, -0.8253743795592334</corner1><corner2>0.22840720915045332, 1.198325358313184, 0.8253743795592334</corner2></bounds><pose><translation>-1.0941616284526503, -2.5874223358091397, -0.06941506008304407</translation><rotation><c1>0, 0, 0</c1><c2>0, 0, 0</c2><c3>0, 0, 0</c3></rotation></pose><symmetry><x>twoFold</x><y>cylindrical</y><z>twoFold</z></symmetry><detectionScore>-1.0</detectionScore></element><element><id>31</id><category>picture_frame</category><bounds><corner1>-0.8571567096418582, -0.09831380914046095, -0.8380049761955521</corner1><corner2>0.8571567096418582, 0.09831380914046095, 0.8380049761955521</corner2></bounds><pose><translation>-0.26479351345438473, 3.5715339243588424, 0.17265021859160828</translation><rotation><c1>0, 0, 0</c1><c2>0, 0, 0</c2><c3>0, 0, 0</c3></rotation></pose><symmetry><x>twoFold</x><y>cylindrical</y><z>twoFold</z></symmetry><detectionScore>-1.0</detectionScore></element><element><id>32</id><category>coffee_table</category><bounds><corner1>-0.7935400406314534, -1.382256899425351, -0.2638212129340425</corner1><corner2>0.7935400406314534, 1.382256899425351, 0.2638212129340425</corner2></bounds><pose><translation>-0.42966996543152913, 1.9839717248171418, -1.4266772893582256</translation><rotation><c1>0, 0, 0</c1><c2>0, 0, 0</c2><c3>0, 0, 0</c3></rotation></pose><symmetry><x>twoFold</x><y>cylindrical</y><z>twoFold</z></symmetry><detectionScore>-1.0</detectionScore></element><element><id>33</id><category>motorcycle</category><bounds><corner1>-0.4913155164781502, -0.9799504930469916, -0.432149871476802</corner1><corner2>0.4913155164781502, 0.9799504930469916, 0.432149871476802</corner2></bounds><pose><translation>-2.207444436092816, 1.1487379809229343, -0.8915037958196108</translation><rotation><c1>0, 0, 0</c1><c2>0, 0, 0</c2><c3>0, 0, 0</c3></rotation></pose><symmetry><x>twoFold</x><y>cylindrical</y><z>twoFold</z></symmetry><detectionScore>-1.0</detectionScore></element><element><id>34</id><category>wall</category><bounds><corner1>-1.16821406838674, -0.08671424421312324, -1.5568803371387832</corner1><corner2>1.16821406838674, 0.08671424421312324, 1.5568803371387832</corner2></bounds><pose><translation>1.5184893817110046, -2.5792618583243208, -0.14068981550239054</translation><rotation><c1>0, 0, 0</c1><c2>0, 0, 0</c2><c3>0, 0, 0</c3></rotation></pose><symmetry><x>twoFold</x><y>cylindrical</y><z>twoFold</z></symmetry><detectionScore>-1.0</detectionScore></element><element><id>35</id><category>kitchen_set</category><bounds><corner1>-1.6773766138969195, -2.2458013169484485, -1.654978618100697</corner1><corner2>1.6773766138969195, 2.2458013169484485, 1.654978618100697</corner2></bounds><pose><translation>-0.3656767761259121, -4.840720231865594, -0.32130658426901415</translation><rotation><c1>0, 0, 0</c1><c2>0, 0, 0</c2><c3>0, 0, 0</c3></rotation></pose><symmetry><x>twoFold</x><y>cylindrical</y><z>twoFold</z></symmetry><detectionScore>-1.0</detectionScore></element><element><id>36</id><category>television</category><bounds><corner1>-0.8168040844496821, -0.09778530340270475, -0.7842554883164858</corner1><corner2>0.8168040844496821, 0.09778530340270475, 0.7842554883164858</corner2></bounds><pose><translation>-0.27575710108301454, 3.5727204423845094, 0.16139203167783217</translation><rotation><c1>0, 0, 0</c1><c2>0, 0, 0</c2><c3>0, 0, 0</c3></rotation></pose><symmetry><x>twoFold</x><y>cylindrical</y><z>twoFold</z></symmetry><detectionScore>-1.0</detectionScore></element><element><id>37</id><category>wall</category><bounds><corner1>-0.10187078087508739, -0.04239624923593199, -0.17307358045713067</corner1><corner2>0.10187078087508739, 0.04239624923593199, 0.17307358045713067</corner2></bounds><pose><translation>1.6519347962519149, -2.5747428020847543, -0.5911346144377049</translation><rotation><c1>0, 0, 0</c1><c2>0, 0, 0</c2><c3>0, 0, 0</c3></rotation></pose><symmetry><x>twoFold</x><y>cylindrical</y><z>twoFold</z></symmetry><detectionScore>-1.0</detectionScore></element><element><id>38</id><category>shelving</category><bounds><corner1>-0.49046734783527257, -0.21439329633603466, -1.0824107541468833</corner1><corner2>0.49046734783527257, 0.21439329633603466, 1.0824107541468833</corner2></bounds><pose><translation>-1.924259611021211, 3.408010062840159, -0.07332118163167162</translation><rotation><c1>0, 0, 0</c1><c2>0, 0, 0</c2><c3>0, 0, 0</c3></rotation></pose><symmetry><x>twoFold</x><y>cylindrical</y><z>twoFold</z></symmetry><detectionScore>-1.0</detectionScore></element><element><id>39</id><category>shelving</category><bounds><corner1>-0.5347193050782526, -0.23799859514330857, -1.2577316967052519</corner1><corner2>0.5347193050782526, 0.23799859514330857, 1.2577316967052519</corner2></bounds><pose><translation>1.342632425868513, 3.406343804723149, -0.3409365897807787</translation><rotation><c1>0, 0, 0</c1><c2>0, 0, 0</c2><c3>0, 0, 0</c3></rotation></pose><symmetry><x>twoFold</x><y>cylindrical</y><z>twoFold</z></symmetry><detectionScore>-1.0</detectionScore></element><element><id>40</id><category>coffee_table</category><bounds><corner1>-1.8026339603816375, -0.2936734326775762, -0.6423385927567266</corner1><corner2>1.8026339603816375, 0.2936734326775762, 0.6423385927567266</corner2></bounds><pose><translation>2.1223102965280254, 0.13840515580970755, -1.4886071559364795</translation><rotation><c1>0, 0, 0</c1><c2>0, 0, 0</c2><c3>0, 0, 0</c3></rotation></pose><symmetry><x>twoFold</x><y>cylindrical</y><z>twoFold</z></symmetry><detectionScore>-1.0</detectionScore></element><element><id>41</id><category>floor</category><bounds><corner1>-0.04699137590452529, -0.04102177804625562, -0.13027066081907712</corner1><corner2>0.04699137590452529, 0.04102177804625562, 0.13027066081907712</corner2></bounds><pose><translation>1.6272999916620616, -2.5759289779823566, -0.5999247678370887</translation><rotation><c1>0, 0, 0</c1><c2>0, 0, 0</c2><c3>0, 0, 0</c3></rotation></pose><symmetry><x>twoFold</x><y>cylindrical</y><z>twoFold</z></symmetry><detectionScore>-1.0</detectionScore></element><element><id>42</id><category>kitchen_cabinet</category><bounds><corner1>-0.6333158699532633, -0.07882498394773352, -1.0173275428826094</corner1><corner2>0.6333158699532633, 0.07882498394773352, 1.0173275428826094</corner2></bounds><pose><translation>1.234814475601711, -2.6152363782541235, -0.7331106583451865</translation><rotation><c1>0, 0, 0</c1><c2>0, 0, 0</c2><c3>0, 0, 0</c3></rotation></pose><symmetry><x>twoFold</x><y>cylindrical</y><z>twoFold</z></symmetry><detectionScore>-1.0</detectionScore></element></elements></scene>