<?xml version='1.0' encoding='utf-8'?>
<scene xmlns:sumo="https://www.sumochallenge.org"><version>2.0</version><categories><id>fb_categories_v1.0</id><url>https://sumochallenge.org/en/categories-1_0.json</url></categories><project_type>bounding_box</project_type><elements><element><id>5</id><category>chair</category><bounds><corner1>-0.48197449, -0.46844537, -0.21381833</corner1><corner2>0.48197449, 0.46844537, 0.21381833</corner2></bounds><pose><translation>-1.79592148, -0.97348293,  0.92745114</translation><rotation><c1>1., 0., 0.</c1><c2>0., 1., 0.</c2><c3>0., 0., 1.</c3></rotation></pose><symmetry><x>none</x><y>none</y><z>none</z></symmetry><detectionScore>0.51468545</detectionScore></element><element><id>10</id><category>chandelier</category><bounds><corner1>-1.31109899, -0.02368605, -0.90492257</corner1><corner2>1.31109899, 0.02368605, 0.90492257</corner2></bounds><pose><translation> 0.29758854,  1.18407806, -1.90193703</translation><rotation><c1>1., 0., 0.</c1><c2>0., 1., 0.</c2><c3>0., 0., 1.</c3></rotation></pose><symmetry><x>none</x><y>cylindrical</y><z>none</z></symmetry><detectionScore>0.9875087</detectionScore></element><element><id>11</id><category>desk</category><bounds><corner1>-0.6598878 , -0.91884728, -1.0284386 </corner1><corner2>0.6598878 , 0.91884728, 1.0284386 </corner2></bounds><pose><translation> 1.26332581, -1.38681381, -2.92148702</translation><rotation><c1>1., 0., 0.</c1><c2>0., 1., 0.</c2><c3>0., 0., 1.</c3></rotation></pose><symmetry><x>none</x><y>none</y><z>none</z></symmetry><detectionScore>0.78624094</detectionScore></element><element><id>2</id><category>wall</category><bounds><corner1>-4.10774695, -1.17431136, -4.58652272</corner1><corner2>4.10774695, 1.17431136, 4.58652272</corner2></bounds><pose><translation>-10.96297926,  -0.04292426,  -4.01879997</translation><rotation><c1>1., 0., 0.</c1><c2>0., 1., 0.</c2><c3>0., 0., 1.</c3></rotation></pose><symmetry><x>none</x><y>twoFold</y><z>none</z></symmetry><detectionScore>0.9204481</detectionScore></element><element><id>6</id><category>water_dispenser</category><bounds><corner1>-0.3502095 , -0.56730674, -0.3345672 </corner1><corner2>0.3502095 , 0.56730674, 0.3345672 </corner2></bounds><pose><translation>-5.86704522, -0.5149982 , -7.49924847</translation><rotation><c1>1., 0., 0.</c1><c2>0., 1., 0.</c2><c3>0., 0., 1.</c3></rotation></pose><symmetry><x>none</x><y>fourFold</y><z>none</z></symmetry><detectionScore>0.6780226</detectionScore></element><element><id>3</id><category>gym_equipment</category><bounds><corner1>-0.04100228, -0.58510979, -0.31643876</corner1><corner2>0.04100228, 0.58510979, 0.31643876</corner2></bounds><pose><translation> 1.90597987, -0.89250968, -0.37408241</translation><rotation><c1>1., 0., 0.</c1><c2>0., 1., 0.</c2><c3>0., 0., 1.</c3></rotation></pose><symmetry><x>none</x><y>fourFold</y><z>none</z></symmetry><detectionScore>0.927373</detectionScore></element><element><id>12</id><category>water_dispenser</category><bounds><corner1>-0.76155684, -0.63934996, -0.63802607</corner1><corner2>0.76155684, 0.63934996, 0.63802607</corner2></bounds><pose><translation>-5.52519482, -0.74604414, -7.27306917</translation><rotation><c1>1., 0., 0.</c1><c2>0., 1., 0.</c2><c3>0., 0., 1.</c3></rotation></pose><symmetry><x>none</x><y>fourFold</y><z>none</z></symmetry><detectionScore>0.7164726</detectionScore></element><element><id>1</id><category>game_table</category><bounds><corner1>-0.58224477, -0.4350014 , -1.13344456</corner1><corner2>0.58224477, 0.4350014 , 1.13344456</corner2></bounds><pose><translation>-4.64130395, -1.09756619, -2.99021357</translation><rotation><c1>1., 0., 0.</c1><c2>0., 1., 0.</c2><c3>0., 0., 1.</c3></rotation></pose><symmetry><x>none</x><y>twoFold</y><z>none</z></symmetry><detectionScore>0.91730565</detectionScore></element><element><id>13</id><category>wall</category><bounds><corner1>-3.79940765, -1.23638638, -2.10065818</corner1><corner2>3.79940765, 1.23638638, 2.10065818</corner2></bounds><pose><translation>-2.43766483, -0.0972544 , -7.60652348</translation><rotation><c1>1., 0., 0.</c1><c2>0., 1., 0.</c2><c3>0., 0., 1.</c3></rotation></pose><symmetry><x>none</x><y>twoFold</y><z>none</z></symmetry><detectionScore>0.5094089</detectionScore></element><element><id>9</id><category>door</category><bounds><corner1>-0.99910679, -1.50116557, -0.05135887</corner1><corner2>0.99910679, 1.50116557, 0.05135887</corner2></bounds><pose><translation>-3.82828217, -0.36851543,  1.07019046</translation><rotation><c1>1., 0., 0.</c1><c2>0., 1., 0.</c2><c3>0., 0., 1.</c3></rotation></pose><symmetry><x>twoFold</x><y>twoFold</y><z>twoFold</z></symmetry><detectionScore>0.7301302</detectionScore></element><element><id>8</id><category>trash_can</category><bounds><corner1>-0.45512246, -0.47161808, -0.16741139</corner1><corner2>0.45512246, 0.47161808, 0.16741139</corner2></bounds><pose><translation>-4.30169963, -0.93899137, -6.77016286</translation><rotation><c1>1., 0., 0.</c1><c2>0., 1., 0.</c2><c3>0., 0., 1.</c3></rotation></pose><symmetry><x>none</x><y>cylindrical</y><z>none</z></symmetry><detectionScore>0.88204527</detectionScore></element><element><id>7</id><category>office_chair</category><bounds><corner1>-0.65499748, -0.79237575, -0.71865431</corner1><corner2>0.65499748, 0.79237575, 0.71865431</corner2></bounds><pose><translation> 0.14402404, -1.40042023, -3.6087343 </translation><rotation><c1>1., 0., 0.</c1><c2>0., 1., 0.</c2><c3>0., 0., 1.</c3></rotation></pose><symmetry><x>none</x><y>none</y><z>none</z></symmetry><detectionScore>0.7465668</detectionScore></element><element><id>14</id><category>chandelier</category><bounds><corner1>-1.34685072, -0.02459413, -1.11319154</corner1><corner2>1.34685072, 0.02459413, 1.11319154</corner2></bounds><pose><translation>-5.65745913,  1.18184648, -4.16823133</translation><rotation><c1>1., 0., 0.</c1><c2>0., 1., 0.</c2><c3>0., 0., 1.</c3></rotation></pose><symmetry><x>none</x><y>cylindrical</y><z>none</z></symmetry><detectionScore>0.93291974</detectionScore></element></elements></scene>