<?xml version='1.0' encoding='utf-8'?>
<scene xmlns:sumo="https://www.sumochallenge.org"><version>2.0</version><categories><id>fb_categories_v1.0</id><url>https://sumochallenge.org/en/categories-1_0.json</url></categories><project_type>bounding_box</project_type><elements><element><id>4</id><category>window</category><bounds><corner1>-0.38112283, -0.66047085, -0.08265065</corner1><corner2>0.38112283, 0.66047085, 0.08265065</corner2></bounds><pose><translation>-1.24184576,  0.04887598, -2.91286831</translation><rotation><c1>1., 0., 0.</c1><c2>0., 1., 0.</c2><c3>0., 0., 1.</c3></rotation></pose><symmetry><x>none</x><y>twoFold</y><z>none</z></symmetry><detectionScore>0.9967616</detectionScore></element><element><id>1</id><category>plant</category><bounds><corner1>-0.42756878, -0.54680735, -0.26898331</corner1><corner2>0.42756878, 0.54680735, 0.26898331</corner2></bounds><pose><translation>-1.92481366, -1.06352623,  2.63177277</translation><rotation><c1>1., 0., 0.</c1><c2>0., 1., 0.</c2><c3>0., 0., 1.</c3></rotation></pose><symmetry><x>none</x><y>cylindrical</y><z>none</z></symmetry><detectionScore>0.9668214</detectionScore></element><element><id>13</id><category>wall</category><bounds><corner1>-1.14245944, -1.20253482, -1.87379259</corner1><corner2>1.14245944, 1.20253482, 1.87379259</corner2></bounds><pose><translation>-1.28476841, -0.16693411, -2.857794  </translation><rotation><c1>1., 0., 0.</c1><c2>0., 1., 0.</c2><c3>0., 0., 1.</c3></rotation></pose><symmetry><x>none</x><y>twoFold</y><z>none</z></symmetry><detectionScore>0.8314773</detectionScore></element><element><id>11</id><category>floor_lamp</category><bounds><corner1>-4.43992428, -1.99863985, -1.49356393</corner1><corner2>4.43992428, 1.99863985, 1.49356393</corner2></bounds><pose><translation> 4.77683653, -0.80966576,  1.4235556 </translation><rotation><c1>1., 0., 0.</c1><c2>0., 1., 0.</c2><c3>0., 0., 1.</c3></rotation></pose><symmetry><x>none</x><y>cylindrical</y><z>none</z></symmetry><detectionScore>0.6684993</detectionScore></element><element><id>3</id><category>office_chair</category><bounds><corner1>-1.18814168, -0.62155981, -0.33215047</corner1><corner2>1.18814168, 0.62155981, 0.33215047</corner2></bounds><pose><translation> 1.06264817, -1.0350087 , -1.85108951</translation><rotation><c1>1., 0., 0.</c1><c2>0., 1., 0.</c2><c3>0., 0., 1.</c3></rotation></pose><symmetry><x>none</x><y>none</y><z>none</z></symmetry><detectionScore>0.9926044</detectionScore></element><element><id>2</id><category>chair</category><bounds><corner1>-3.13368419, -0.83290765, -2.0045086 </corner1><corner2>3.13368419, 0.83290765, 2.0045086 </corner2></bounds><pose><translation> 2.5550786 , -1.41016872,  1.61001489</translation><rotation><c1>1., 0., 0.</c1><c2>0., 1., 0.</c2><c3>0., 0., 1.</c3></rotation></pose><symmetry><x>none</x><y>none</y><z>none</z></symmetry><detectionScore>0.7906484</detectionScore></element><element><id>7</id><category>wall</category><bounds><corner1>-1.01664942, -1.1479515 , -0.0901719 </corner1><corner2>1.01664942, 1.1479515 , 0.0901719 </corner2></bounds><pose><translation>-1.11159734, -0.100379  ,  2.84777631</translation><rotation><c1>1., 0., 0.</c1><c2>0., 1., 0.</c2><c3>0., 0., 1.</c3></rotation></pose><symmetry><x>none</x><y>twoFold</y><z>none</z></symmetry><detectionScore>0.8066029</detectionScore></element><element><id>9</id><category>plant</category><bounds><corner1>-0.6892132 , -0.87307943, -0.10869596</corner1><corner2>0.6892132 , 0.87307943, 0.10869596</corner2></bounds><pose><translation> 0.37640638, -1.16389423,  2.81514562</translation><rotation><c1>1., 0., 0.</c1><c2>0., 1., 0.</c2><c3>0., 0., 1.</c3></rotation></pose><symmetry><x>none</x><y>cylindrical</y><z>none</z></symmetry><detectionScore>0.99556327</detectionScore></element><element><id>8</id><category>partition</category><bounds><corner1>-2.11646498, -1.35972382, -0.93982421</corner1><corner2>2.11646498, 1.35972382, 0.93982421</corner2></bounds><pose><translation> 3.77483968, -0.18403883, -2.31357875</translation><rotation><c1>1., 0., 0.</c1><c2>0., 1., 0.</c2><c3>0., 0., 1.</c3></rotation></pose><symmetry><x>twoFold</x><y>twoFold</y><z>twoFold</z></symmetry><detectionScore>0.71110743</detectionScore></element><element><id>6</id><category>stairs</category><bounds><corner1>-6.11352238, -0.55308517, -2.30964756</corner1><corner2>6.11352238, 0.55308517, 2.30964756</corner2></bounds><pose><translation> 3.05877594,  0.65203492, -0.00815074</translation><rotation><c1>1., 0., 0.</c1><c2>0., 1., 0.</c2><c3>0., 0., 1.</c3></rotation></pose><symmetry><x>none</x><y>none</y><z>none</z></symmetry><detectionScore>0.9319819</detectionScore></element><element><id>12</id><category>window</category><bounds><corner1>-0.01996929, -0.60803108, -0.91344226</corner1><corner2>0.01996929, 0.60803108, 0.91344226</corner2></bounds><pose><translation>-0.89198263,  0.05248815,  0.22409508</translation><rotation><c1>1., 0., 0.</c1><c2>0., 1., 0.</c2><c3>0., 0., 1.</c3></rotation></pose><symmetry><x>none</x><y>twoFold</y><z>none</z></symmetry><detectionScore>0.79582</detectionScore></element></elements></scene>