<?xml version='1.0' encoding='utf-8'?>
<scene xmlns:sumo="https://www.sumochallenge.org"><version>2.0</version><categories><id>fb_categories_v1.0</id><url>https://sumochallenge.org/en/categories-1_0.json</url></categories><project_type>bounding_box</project_type><elements><element><id>15</id><category>armchair</category><bounds><corner1>-0.55805843, -0.38100633, -0.75211949</corner1><corner2>0.55805843, 0.38100633, 0.75211949</corner2></bounds><pose><translation>-1.79207841, -0.99176573,  0.12307668</translation><rotation><c1>1., 0., 0.</c1><c2>0., 1., 0.</c2><c3>0., 0., 1.</c3></rotation></pose><symmetry><x>none</x><y>none</y><z>none</z></symmetry><detectionScore>-1</detectionScore></element><element><id>7</id><category>armchair</category><bounds><corner1>-0.71978762, -0.54165294, -1.64316498</corner1><corner2>0.71978762, 0.54165294, 1.64316498</corner2></bounds><pose><translation>-2.31505771, -1.07347654,  3.20327747</translation><rotation><c1>1., 0., 0.</c1><c2>0., 1., 0.</c2><c3>0., 0., 1.</c3></rotation></pose><symmetry><x>none</x><y>none</y><z>none</z></symmetry><detectionScore>-1</detectionScore></element><element><id>9</id><category>chair</category><bounds><corner1>-2.13789989, -0.22488962, -0.84992341</corner1><corner2>2.13789989, 0.22488962, 0.84992341</corner2></bounds><pose><translation> 4.10405924, -0.68536824, -1.4340026 </translation><rotation><c1>1., 0., 0.</c1><c2>0., 1., 0.</c2><c3>0., 0., 1.</c3></rotation></pose><symmetry><x>none</x><y>none</y><z>none</z></symmetry><detectionScore>-1</detectionScore></element><element><id>5</id><category>wall</category><bounds><corner1>-0.25706369, -1.28476176, -1.72661032</corner1><corner2>0.25706369, 1.28476176, 1.72661032</corner2></bounds><pose><translation> 9.3039798 , -0.11693423, -0.81160687</translation><rotation><c1>1., 0., 0.</c1><c2>0., 1., 0.</c2><c3>0., 0., 1.</c3></rotation></pose><symmetry><x>none</x><y>none</y><z>none</z></symmetry><detectionScore>-1</detectionScore></element><element><id>16</id><category>chandelier</category><bounds><corner1>-0.64511508, -0.14645433, -0.42481686</corner1><corner2>0.64511508, 0.14645433, 0.42481686</corner2></bounds><pose><translation> 7.59626054,  1.05572727, -3.49418544</translation><rotation><c1>1., 0., 0.</c1><c2>0., 1., 0.</c2><c3>0., 0., 1.</c3></rotation></pose><symmetry><x>none</x><y>none</y><z>none</z></symmetry><detectionScore>-1</detectionScore></element><element><id>4</id><category>wall</category><bounds><corner1>-0.4939282 , -1.35975798, -0.3573707 </corner1><corner2>0.4939282 , 1.35975798, 0.3573707 </corner2></bounds><pose><translation> 3.13781338, -0.17080369,  1.76535508</translation><rotation><c1>1., 0., 0.</c1><c2>0., 1., 0.</c2><c3>0., 0., 1.</c3></rotation></pose><symmetry><x>none</x><y>none</y><z>none</z></symmetry><detectionScore>-1</detectionScore></element><element><id>11</id><category>floor_lamp</category><bounds><corner1>-0.32723631, -0.83143785, -0.11943331</corner1><corner2>0.32723631, 0.83143785, 0.11943331</corner2></bounds><pose><translation> 2.50819379, -0.68414789,  4.79437971</translation><rotation><c1>1., 0., 0.</c1><c2>0., 1., 0.</c2><c3>0., 0., 1.</c3></rotation></pose><symmetry><x>none</x><y>none</y><z>none</z></symmetry><detectionScore>-1</detectionScore></element><element><id>10</id><category>coffee_table</category><bounds><corner1>-0.46723739, -0.25711896, -1.59595525</corner1><corner2>0.46723739, 0.25711896, 1.59595525</corner2></bounds><pose><translation>-0.33940168, -1.2858273 ,  2.26301096</translation><rotation><c1>1., 0., 0.</c1><c2>0., 1., 0.</c2><c3>0., 0., 1.</c3></rotation></pose><symmetry><x>none</x><y>none</y><z>none</z></symmetry><detectionScore>-1</detectionScore></element><element><id>6</id><category>sofa</category><bounds><corner1>-1.69997087, -0.43764349, -1.01573347</corner1><corner2>1.69997087, 0.43764349, 1.01573347</corner2></bounds><pose><translation> 0.43466052, -1.02790961,  3.85394741</translation><rotation><c1>1., 0., 0.</c1><c2>0., 1., 0.</c2><c3>0., 0., 1.</c3></rotation></pose><symmetry><x>none</x><y>none</y><z>none</z></symmetry><detectionScore>-1</detectionScore></element><element><id>13</id><category>wall</category><bounds><corner1>-2.91181564, -1.21990925, -0.88106437</corner1><corner2>2.91181564, 1.21990925, 0.88106437</corner2></bounds><pose><translation> 0.1416634 , -0.058177  , -3.50304832</translation><rotation><c1>1., 0., 0.</c1><c2>0., 1., 0.</c2><c3>0., 0., 1.</c3></rotation></pose><symmetry><x>none</x><y>none</y><z>none</z></symmetry><detectionScore>-1</detectionScore></element><element><id>3</id><category>television</category><bounds><corner1>-0.04874608, -0.40002514, -0.55686211</corner1><corner2>0.04874608, 0.40002514, 0.55686211</corner2></bounds><pose><translation>-2.80790476,  0.375682  ,  0.78022901</translation><rotation><c1>1., 0., 0.</c1><c2>0., 1., 0.</c2><c3>0., 0., 1.</c3></rotation></pose><symmetry><x>none</x><y>none</y><z>none</z></symmetry><detectionScore>-1</detectionScore></element><element><id>2</id><category>chandelier</category><bounds><corner1>-0.30368029, -0.0363902 , -0.2899744 </corner1><corner2>0.30368029, 0.0363902 , 0.2899744 </corner2></bounds><pose><translation>-0.28249244,  1.1699845 , -1.34695669</translation><rotation><c1>1., 0., 0.</c1><c2>0., 1., 0.</c2><c3>0., 0., 1.</c3></rotation></pose><symmetry><x>none</x><y>none</y><z>none</z></symmetry><detectionScore>-1</detectionScore></element><element><id>12</id><category>picture_frame</category><bounds><corner1>-0.21269027, -0.93244774, -0.18608383</corner1><corner2>0.21269027, 0.93244774, 0.18608383</corner2></bounds><pose><translation>3.09302678, 0.00903207, 1.84917255</translation><rotation><c1>1., 0., 0.</c1><c2>0., 1., 0.</c2><c3>0., 0., 1.</c3></rotation></pose><symmetry><x>none</x><y>none</y><z>none</z></symmetry><detectionScore>-1</detectionScore></element><element><id>8</id><category>wall</category><bounds><corner1>-2.49939658, -1.20988057, -0.09710569</corner1><corner2>2.49939658, 1.20988057, 0.09710569</corner2></bounds><pose><translation> 0.05257066, -0.11887913,  4.84437013</translation><rotation><c1>1., 0., 0.</c1><c2>0., 1., 0.</c2><c3>0., 0., 1.</c3></rotation></pose><symmetry><x>none</x><y>none</y><z>none</z></symmetry><detectionScore>-1</detectionScore></element><element><id>1</id><category>floor_lamp</category><bounds><corner1>-0.77344307, -0.87933017, -1.45557582</corner1><corner2>0.77344307, 0.87933017, 1.45557582</corner2></bounds><pose><translation> 1.72716137, -0.82747492, -3.47469342</translation><rotation><c1>1., 0., 0.</c1><c2>0., 1., 0.</c2><c3>0., 0., 1.</c3></rotation></pose><symmetry><x>none</x><y>none</y><z>none</z></symmetry><detectionScore>-1</detectionScore></element><element><id>14</id><category>sofa</category><bounds><corner1>-1.07518856, -0.43886711, -0.21094702</corner1><corner2>1.07518856, 0.43886711, 0.21094702</corner2></bounds><pose><translation>-0.24524439, -1.06370047, -2.60885551</translation><rotation><c1>1., 0., 0.</c1><c2>0., 1., 0.</c2><c3>0., 0., 1.</c3></rotation></pose><symmetry><x>none</x><y>none</y><z>none</z></symmetry><detectionScore>-1</detectionScore></element></elements></scene>