<?xml version='1.0' encoding='utf-8'?>
<scene xmlns:sumo="https://www.sumochallenge.org"><version>2.0</version><categories><id>fb_categories_v1.0</id><url>https://sumochallenge.org/en/categories-1_0.json</url></categories><project_type>bounding_box</project_type><elements><element><id>2</id><category>wall</category><bounds><corner1>-0.39371679, -0.70153546, -5.51719691</corner1><corner2>0.39371679, 0.70153546, 5.51719691</corner2></bounds><pose><translation>-0.38373649, -0.04146112,  1.49199405</translation><rotation><c1>1., 0., 0.</c1><c2>0., 1., 0.</c2><c3>0., 0., 1.</c3></rotation></pose><symmetry><x>none</x><y>twoFold</y><z>none</z></symmetry><detectionScore>0.6593417</detectionScore></element><element><id>4</id><category>towel_rack</category><bounds><corner1>-0.26347403, -0.21854072, -0.14415507</corner1><corner2>0.26347403, 0.21854072, 0.14415507</corner2></bounds><pose><translation>-1.53570636, -0.33810465, -2.14808837</translation><rotation><c1>1., 0., 0.</c1><c2>0., 1., 0.</c2><c3>0., 0., 1.</c3></rotation></pose><symmetry><x>none</x><y>none</y><z>twoFold</z></symmetry><detectionScore>0.99734604</detectionScore></element><element><id>1</id><category>wall</category><bounds><corner1>-0.36804235, -1.25172407, -1.6596108 </corner1><corner2>0.36804235, 1.25172407, 1.6596108 </corner2></bounds><pose><translation>-3.3678057 , -0.20287338, -0.28373602</translation><rotation><c1>1., 0., 0.</c1><c2>0., 1., 0.</c2><c3>0., 0., 1.</c3></rotation></pose><symmetry><x>none</x><y>twoFold</y><z>none</z></symmetry><detectionScore>0.97435343</detectionScore></element><element><id>5</id><category>chandelier</category><bounds><corner1>-0.59603219, -0.02075159, -0.27496752</corner1><corner2>0.59603219, 0.02075159, 0.27496752</corner2></bounds><pose><translation>-1.69404721,  1.18725419, -0.5651854 </translation><rotation><c1>1., 0., 0.</c1><c2>0., 1., 0.</c2><c3>0., 0., 1.</c3></rotation></pose><symmetry><x>none</x><y>cylindrical</y><z>none</z></symmetry><detectionScore>0.97694767</detectionScore></element><element><id>3</id><category>mirror</category><bounds><corner1>-0.02099218, -0.39442626, -0.40015824</corner1><corner2>0.02099218, 0.39442626, 0.40015824</corner2></bounds><pose><translation>1.16103436, 0.54325091, 0.13824805</translation><rotation><c1>1., 0., 0.</c1><c2>0., 1., 0.</c2><c3>0., 0., 1.</c3></rotation></pose><symmetry><x>none</x><y>none</y><z>twoFold</z></symmetry><detectionScore>0.9653545</detectionScore></element></elements></scene>