<?xml version='1.0' encoding='utf-8'?>
<scene xmlns:sumo="https://www.sumochallenge.org"><version>2.0</version><categories><id>fb_categories_v1.0</id><url>https://sumochallenge.org/en/categories-1_0.json</url></categories><project_type>bounding_box</project_type><elements><element><id>11</id><category>wall</category><bounds><corner1>-2.2697243 , -1.15158451, -5.49776777</corner1><corner2>2.2697243 , 1.15158451, 5.49776777</corner2></bounds><pose><translation> 0.91799958, -0.0583035 , -6.52176727</translation><rotation><c1>1., 0., 0.</c1><c2>0., 1., 0.</c2><c3>0., 0., 1.</c3></rotation></pose><symmetry><x>none</x><y>none</y><z>none</z></symmetry><detectionScore>-1</detectionScore></element><element><id>6</id><category>kitchen_cabinet</category><bounds><corner1>-0.46277989, -0.386243  , -0.33065622</corner1><corner2>0.46277989, 0.386243  , 0.33065622</corner2></bounds><pose><translation> 2.51308256, -0.9525992 ,  1.01955485</translation><rotation><c1>1., 0., 0.</c1><c2>0., 1., 0.</c2><c3>0., 0., 1.</c3></rotation></pose><symmetry><x>none</x><y>none</y><z>none</z></symmetry><detectionScore>-1</detectionScore></element><element><id>7</id><category>picture_frame</category><bounds><corner1>-0.05785349, -0.47413285, -0.43967237</corner1><corner2>0.05785349, 0.47413285, 0.43967237</corner2></bounds><pose><translation>-3.57007363,  0.0313611 , -1.91655163</translation><rotation><c1>1., 0., 0.</c1><c2>0., 1., 0.</c2><c3>0., 0., 1.</c3></rotation></pose><symmetry><x>none</x><y>none</y><z>none</z></symmetry><detectionScore>-1</detectionScore></element><element><id>5</id><category>wall</category><bounds><corner1>-2.98289737, -1.22999629, -1.32642741</corner1><corner2>2.98289737, 1.22999629, 1.32642741</corner2></bounds><pose><translation>-3.60190188e+00, -1.52400471e-01, -3.53810396e-03</translation><rotation><c1>1., 0., 0.</c1><c2>0., 1., 0.</c2><c3>0., 0., 1.</c3></rotation></pose><symmetry><x>none</x><y>none</y><z>none</z></symmetry><detectionScore>-1</detectionScore></element><element><id>3</id><category>person</category><bounds><corner1>-0.55921648, -0.56578703, -1.05701497</corner1><corner2>0.55921648, 0.56578703, 1.05701497</corner2></bounds><pose><translation>-0.78143187, -0.6894381 , -2.16203867</translation><rotation><c1>1., 0., 0.</c1><c2>0., 1., 0.</c2><c3>0., 0., 1.</c3></rotation></pose><symmetry><x>none</x><y>none</y><z>none</z></symmetry><detectionScore>-1</detectionScore></element><element><id>9</id><category>refrigerator</category><bounds><corner1>-0.64849021, -0.9650753 , -0.18018388</corner1><corner2>0.64849021, 0.9650753 , 0.18018388</corner2></bounds><pose><translation> 2.81819684, -0.49577665, -2.02644264</translation><rotation><c1>1., 0., 0.</c1><c2>0., 1., 0.</c2><c3>0., 0., 1.</c3></rotation></pose><symmetry><x>none</x><y>none</y><z>none</z></symmetry><detectionScore>-1</detectionScore></element><element><id>10</id><category>kitchen_cabinet</category><bounds><corner1>-0.46071498, -0.0322875 , -0.51899966</corner1><corner2>0.46071498, 0.0322875 , 0.51899966</corner2></bounds><pose><translation> 0.29920892, -0.68150332,  1.03103304</translation><rotation><c1>1., 0., 0.</c1><c2>0., 1., 0.</c2><c3>0., 0., 1.</c3></rotation></pose><symmetry><x>none</x><y>none</y><z>none</z></symmetry><detectionScore>-1</detectionScore></element><element><id>4</id><category>person</category><bounds><corner1>-1.0285319 , -0.52989917, -0.10399326</corner1><corner2>1.0285319 , 0.52989917, 0.10399326</corner2></bounds><pose><translation> 0.01516146, -0.55391048, -1.04198979</translation><rotation><c1>1., 0., 0.</c1><c2>0., 1., 0.</c2><c3>0., 0., 1.</c3></rotation></pose><symmetry><x>none</x><y>none</y><z>none</z></symmetry><detectionScore>-1</detectionScore></element><element><id>2</id><category>wall</category><bounds><corner1>-1.23558133, -1.1568999 , -2.91912573</corner1><corner2>1.23558133, 1.1568999 , 2.91912573</corner2></bounds><pose><translation>-2.1076498 , -0.0671274 , -3.97014098</translation><rotation><c1>1., 0., 0.</c1><c2>0., 1., 0.</c2><c3>0., 0., 1.</c3></rotation></pose><symmetry><x>none</x><y>none</y><z>none</z></symmetry><detectionScore>-1</detectionScore></element><element><id>1</id><category>door</category><bounds><corner1>-0.10197515, -1.21240983, -4.2233473 </corner1><corner2>0.10197515, 1.21240983, 4.2233473 </corner2></bounds><pose><translation> 3.48940365, -0.0275768 , -5.28131774</translation><rotation><c1>1., 0., 0.</c1><c2>0., 1., 0.</c2><c3>0., 0., 1.</c3></rotation></pose><symmetry><x>none</x><y>none</y><z>none</z></symmetry><detectionScore>-1</detectionScore></element><element><id>8</id><category>person</category><bounds><corner1>-2.71075225, -0.44212874, -1.20292195</corner1><corner2>2.71075225, 0.44212874, 1.20292195</corner2></bounds><pose><translation> 0.78292962, -0.6287848 , -2.2359314 </translation><rotation><c1>1., 0., 0.</c1><c2>0., 1., 0.</c2><c3>0., 0., 1.</c3></rotation></pose><symmetry><x>none</x><y>none</y><z>none</z></symmetry><detectionScore>-1</detectionScore></element></elements></scene>