<?xml version='1.0' encoding='utf-8'?>
<scene xmlns:sumo="https://www.sumochallenge.org"><version>2.0</version><categories><id>fb_categories_v1.0</id><url>https://sumochallenge.org/en/categories-1_0.json</url></categories><project_type>bounding_box</project_type><elements><element><id>7</id><category>column</category><bounds><corner1>-1.13708441, -1.20065831, -0.08016142</corner1><corner2>1.13708441, 1.20065831, 0.08016142</corner2></bounds><pose><translation> 1.84392946, -0.01374769, -0.91830758</translation><rotation><c1>1., 0., 0.</c1><c2>0., 1., 0.</c2><c3>0., 0., 1.</c3></rotation></pose><symmetry><x>none</x><y>none</y><z>none</z></symmetry><detectionScore>-1</detectionScore></element><element><id>4</id><category>door</category><bounds><corner1>-0.03909387, -1.07252616, -0.71259479</corner1><corner2>0.03909387, 1.07252616, 0.71259479</corner2></bounds><pose><translation> 2.0619953 , -0.19597152, -0.07425053</translation><rotation><c1>1., 0., 0.</c1><c2>0., 1., 0.</c2><c3>0., 0., 1.</c3></rotation></pose><symmetry><x>none</x><y>none</y><z>none</z></symmetry><detectionScore>-1</detectionScore></element><element><id>2</id><category>chandelier</category><bounds><corner1>-0.32651766, -0.02711689, -2.97287777</corner1><corner2>0.32651766, 0.02711689, 2.97287777</corner2></bounds><pose><translation>-0.45311767,  1.17940353,  3.77225557</translation><rotation><c1>1., 0., 0.</c1><c2>0., 1., 0.</c2><c3>0., 0., 1.</c3></rotation></pose><symmetry><x>none</x><y>none</y><z>none</z></symmetry><detectionScore>-1</detectionScore></element><element><id>5</id><category>chandelier</category><bounds><corner1>-0.68400224, -0.03514319, -0.17586828</corner1><corner2>0.68400224, 0.03514319, 0.17586828</corner2></bounds><pose><translation> 1.36896771,  1.16936914, -0.06354559</translation><rotation><c1>1., 0., 0.</c1><c2>0., 1., 0.</c2><c3>0., 0., 1.</c3></rotation></pose><symmetry><x>none</x><y>none</y><z>none</z></symmetry><detectionScore>-1</detectionScore></element><element><id>12</id><category>wall</category><bounds><corner1>-2.24854143, -1.19966819, -0.43796625</corner1><corner2>2.24854143, 1.19966819, 0.43796625</corner2></bounds><pose><translation>-0.37703551, -0.10152126,  6.53682832</translation><rotation><c1>1., 0., 0.</c1><c2>0., 1., 0.</c2><c3>0., 0., 1.</c3></rotation></pose><symmetry><x>none</x><y>none</y><z>none</z></symmetry><detectionScore>-1</detectionScore></element><element><id>11</id><category>chair</category><bounds><corner1>-0.53212111, -0.7795882 , -1.42401288</corner1><corner2>0.53212111, 0.7795882 , 1.42401288</corner2></bounds><pose><translation> 0.85214767, -1.08493902, -2.40303991</translation><rotation><c1>1., 0., 0.</c1><c2>0., 1., 0.</c2><c3>0., 0., 1.</c3></rotation></pose><symmetry><x>none</x><y>none</y><z>none</z></symmetry><detectionScore>-1</detectionScore></element><element><id>10</id><category>chandelier</category><bounds><corner1>-0.85860667, -0.3770437 , -1.65409742</corner1><corner2>0.85860667, 0.3770437 , 1.65409742</corner2></bounds><pose><translation> 1.30886688,  0.82639835, -2.66011919</translation><rotation><c1>1., 0., 0.</c1><c2>0., 1., 0.</c2><c3>0., 0., 1.</c3></rotation></pose><symmetry><x>none</x><y>none</y><z>none</z></symmetry><detectionScore>-1</detectionScore></element><element><id>6</id><category>television</category><bounds><corner1>-0.29395719, -0.36919786, -0.62083876</corner1><corner2>0.29395719, 0.36919786, 0.62083876</corner2></bounds><pose><translation>-2.61353804,  0.82295802,  3.17016662</translation><rotation><c1>1., 0., 0.</c1><c2>0., 1., 0.</c2><c3>0., 0., 1.</c3></rotation></pose><symmetry><x>none</x><y>none</y><z>none</z></symmetry><detectionScore>-1</detectionScore></element><element><id>13</id><category>wall</category><bounds><corner1>-0.7200894 , -1.14012205, -0.59971927</corner1><corner2>0.7200894 , 1.14012205, 0.59971927</corner2></bounds><pose><translation>-2.93521535, -0.00851321,  0.21016311</translation><rotation><c1>1., 0., 0.</c1><c2>0., 1., 0.</c2><c3>0., 0., 1.</c3></rotation></pose><symmetry><x>none</x><y>none</y><z>none</z></symmetry><detectionScore>-1</detectionScore></element><element><id>3</id><category>wall</category><bounds><corner1>-2.243699  , -1.22720429, -2.95382296</corner1><corner2>2.243699  , 1.22720429, 2.95382296</corner2></bounds><pose><translation>-0.24039009, -0.09815879, -3.96281617</translation><rotation><c1>1., 0., 0.</c1><c2>0., 1., 0.</c2><c3>0., 0., 1.</c3></rotation></pose><symmetry><x>none</x><y>none</y><z>none</z></symmetry><detectionScore>-1</detectionScore></element><element><id>8</id><category>chair</category><bounds><corner1>-0.33510495, -0.29862184, -0.27900585</corner1><corner2>0.33510495, 0.29862184, 0.27900585</corner2></bounds><pose><translation>-1.51606457, -0.82145604, -0.51005977</translation><rotation><c1>1., 0., 0.</c1><c2>0., 1., 0.</c2><c3>0., 0., 1.</c3></rotation></pose><symmetry><x>none</x><y>none</y><z>none</z></symmetry><detectionScore>-1</detectionScore></element><element><id>1</id><category>column</category><bounds><corner1>-0.24203814, -1.31387101, -0.52834677</corner1><corner2>0.24203814, 1.31387101, 0.52834677</corner2></bounds><pose><translation>-2.45999427, -0.12336026,  0.90862802</translation><rotation><c1>1., 0., 0.</c1><c2>0., 1., 0.</c2><c3>0., 0., 1.</c3></rotation></pose><symmetry><x>none</x><y>none</y><z>none</z></symmetry><detectionScore>-1</detectionScore></element></elements></scene>