<?xml version='1.0' encoding='utf-8'?>
<scene xmlns:sumo="https://www.sumochallenge.org"><version>2.0</version><categories><id>fb_categories_v1.0</id><url>https://sumochallenge.org/en/categories-1_0.json</url></categories><project_type>bounding_box</project_type><elements><element><id>7</id><category>door</category><bounds><corner1>-0.07012743, -1.09470185, -0.56189295</corner1><corner2>0.07012743, 1.09470185, 0.56189295</corner2></bounds><pose><translation> 3.6057713 , -0.43568789, -0.23717158</translation><rotation><c1>1., 0., 0.</c1><c2>0., 1., 0.</c2><c3>0., 0., 1.</c3></rotation></pose><symmetry><x>none</x><y>none</y><z>none</z></symmetry><detectionScore>-1</detectionScore></element><element><id>4</id><category>chandelier</category><bounds><corner1>-1.27970976, -0.02812055, -0.95222695</corner1><corner2>1.27970976, 0.02812055, 0.95222695</corner2></bounds><pose><translation>2.40218328, 1.17849659, 1.04715699</translation><rotation><c1>1., 0., 0.</c1><c2>0., 1., 0.</c2><c3>0., 0., 1.</c3></rotation></pose><symmetry><x>none</x><y>none</y><z>none</z></symmetry><detectionScore>-1</detectionScore></element><element><id>9</id><category>refrigerator</category><bounds><corner1>-0.02803593, -0.92066963, -0.42823378</corner1><corner2>0.02803593, 0.92066963, 0.42823378</corner2></bounds><pose><translation>-1.56601279, -0.438639  ,  0.14607037</translation><rotation><c1>1., 0., 0.</c1><c2>0., 1., 0.</c2><c3>0., 0., 1.</c3></rotation></pose><symmetry><x>none</x><y>none</y><z>none</z></symmetry><detectionScore>-1</detectionScore></element><element><id>5</id><category>wall</category><bounds><corner1>-1.26977572, -1.19280274, -0.72091493</corner1><corner2>1.26977572, 1.19280274, 0.72091493</corner2></bounds><pose><translation>-0.79372397, -0.18925289, -2.46394194</translation><rotation><c1>1., 0., 0.</c1><c2>0., 1., 0.</c2><c3>0., 0., 1.</c3></rotation></pose><symmetry><x>none</x><y>none</y><z>none</z></symmetry><detectionScore>-1</detectionScore></element><element><id>12</id><category>kitchen_cabinet</category><bounds><corner1>-0.05399101, -0.39122138, -0.27194303</corner1><corner2>0.05399101, 0.39122138, 0.27194303</corner2></bounds><pose><translation>-1.60493343, -0.90979456, -0.28594406</translation><rotation><c1>1., 0., 0.</c1><c2>0., 1., 0.</c2><c3>0., 0., 1.</c3></rotation></pose><symmetry><x>none</x><y>none</y><z>none</z></symmetry><detectionScore>-1</detectionScore></element><element><id>11</id><category>door</category><bounds><corner1>-0.49673061, -1.00901644, -0.04786755</corner1><corner2>0.49673061, 1.00901644, 0.04786755</corner2></bounds><pose><translation> 0.24779274, -0.44844556,  2.35402647</translation><rotation><c1>1., 0., 0.</c1><c2>0., 1., 0.</c2><c3>0., 0., 1.</c3></rotation></pose><symmetry><x>none</x><y>none</y><z>none</z></symmetry><detectionScore>-1</detectionScore></element><element><id>10</id><category>chair</category><bounds><corner1>-0.33899796, -0.29630579, -0.67343882</corner1><corner2>0.33899796, 0.29630579, 0.67343882</corner2></bounds><pose><translation>-1.48602047, -0.97049392,  0.94575401</translation><rotation><c1>1., 0., 0.</c1><c2>0., 1., 0.</c2><c3>0., 0., 1.</c3></rotation></pose><symmetry><x>none</x><y>none</y><z>none</z></symmetry><detectionScore>-1</detectionScore></element><element><id>6</id><category>window</category><bounds><corner1>-0.05504222, -0.65324088, -0.58247433</corner1><corner2>0.05504222, 0.65324088, 0.58247433</corner2></bounds><pose><translation>-2.17104294,  0.03564437,  1.36424109</translation><rotation><c1>1., 0., 0.</c1><c2>0., 1., 0.</c2><c3>0., 0., 1.</c3></rotation></pose><symmetry><x>none</x><y>none</y><z>none</z></symmetry><detectionScore>-1</detectionScore></element><element><id>14</id><category>chair</category><bounds><corner1>-0.27690161, -0.30894033, -0.70187028</corner1><corner2>0.27690161, 0.30894033, 0.70187028</corner2></bounds><pose><translation>-0.96660447, -0.98428569,  1.56400958</translation><rotation><c1>1., 0., 0.</c1><c2>0., 1., 0.</c2><c3>0., 0., 1.</c3></rotation></pose><symmetry><x>none</x><y>none</y><z>none</z></symmetry><detectionScore>-1</detectionScore></element><element><id>2</id><category>window</category><bounds><corner1>-0.58138539, -0.61829626, -0.07475264</corner1><corner2>0.58138539, 0.61829626, 0.07475264</corner2></bounds><pose><translation>-1.51025699e+00, -2.13079710e-03,  2.21909678e+00</translation><rotation><c1>1., 0., 0.</c1><c2>0., 1., 0.</c2><c3>0., 0., 1.</c3></rotation></pose><symmetry><x>none</x><y>none</y><z>none</z></symmetry><detectionScore>-1</detectionScore></element><element><id>8</id><category>table_lamp</category><bounds><corner1>-0.70139344, -0.48937922, -0.27119125</corner1><corner2>0.70139344, 0.48937922, 0.27119125</corner2></bounds><pose><translation> 1.21012917, -0.54825829,  2.02991068</translation><rotation><c1>1., 0., 0.</c1><c2>0., 1., 0.</c2><c3>0., 0., 1.</c3></rotation></pose><symmetry><x>none</x><y>none</y><z>none</z></symmetry><detectionScore>-1</detectionScore></element><element><id>1</id><category>wall</category><bounds><corner1>-0.08996334, -1.27512321, -1.61850541</corner1><corner2>0.08996334, 1.27512321, 1.61850541</corner2></bounds><pose><translation> 3.6080499 , -0.16348002,  0.53039202</translation><rotation><c1>1., 0., 0.</c1><c2>0., 1., 0.</c2><c3>0., 0., 1.</c3></rotation></pose><symmetry><x>none</x><y>none</y><z>none</z></symmetry><detectionScore>-1</detectionScore></element></elements></scene>