<?xml version='1.0' encoding='utf-8'?>
<scene xmlns:sumo="https://www.sumochallenge.org"><version>2.0</version><categories><id>fb_categories_v1_0</id><url>https://sumochallenge.org/en/categories-1_0.json</url></categories><project_type>bounding_box</project_type><elements><element><id>0</id><category>plant</category><bounds><corner1>-0.02983209076461879, -0.16410160345518304, -0.36838931192271784</corner1><corner2>0.02983209076461879, 0.16410160345518304, 0.36838931192271784</corner2></bounds><pose><translation>-1.4844858050676517, 0.35630474679322527, -0.10191651980458569</translation><rotation><c1>0, 0, 0</c1><c2>0, 0, 0</c2><c3>0, 0, 0</c3></rotation></pose><symmetry><x>twoFold</x><y>cylindrical</y><z>twoFold</z></symmetry><detectionScore>-1.0</detectionScore></element><element><id>1</id><category>gym_equipment</category><bounds><corner1>-0.25708268589027305, -0.9033586488304599, -0.9502120480602223</corner1><corner2>0.25708268589027305, 0.9033586488304599, 0.9502120480602223</corner2></bounds><pose><translation>4.277552304834263, 2.6242392801986307, -1.103053340730138</translation><rotation><c1>0, 0, 0</c1><c2>0, 0, 0</c2><c3>0, 0, 0</c3></rotation></pose><symmetry><x>twoFold</x><y>cylindrical</y><z>twoFold</z></symmetry><detectionScore>-1.0</detectionScore></element><element><id>2</id><category>chair</category><bounds><corner1>-0.052170893317522005, -0.2269279882014868, -0.3670064475232834</corner1><corner2>0.052170893317522005, 0.2269279882014868, 0.3670064475232834</corner2></bounds><pose><translation>-1.4480447766394549, 0.4237638219097835, -0.5980715182859372</translation><rotation><c1>0, 0, 0</c1><c2>0, 0, 0</c2><c3>0, 0, 0</c3></rotation></pose><symmetry><x>twoFold</x><y>cylindrical</y><z>twoFold</z></symmetry><detectionScore>-1.0</detectionScore></element><element><id>3</id><category>chair</category><bounds><corner1>-0.0217943772512057, -0.07663980559381228, -0.11617065575892757</corner1><corner2>0.0217943772512057, 0.07663980559381228, 0.11617065575892757</corner2></bounds><pose><translation>-1.489294472821466, 0.23741232710435228, -0.27772506479615056</translation><rotation><c1>0, 0, 0</c1><c2>0, 0, 0</c2><c3>0, 0, 0</c3></rotation></pose><symmetry><x>twoFold</x><y>cylindrical</y><z>twoFold</z></symmetry><detectionScore>-1.0</detectionScore></element><element><id>4</id><category>chair</category><bounds><corner1>-2.0121737431412363, -1.6535291055346746, -0.5380939810161138</corner1><corner2>2.0121737431412363, 1.6535291055346746, 0.5380939810161138</corner2></bounds><pose><translation>1.7651171943902841, 2.3114836046805767, -1.1785854592353933</translation><rotation><c1>0, 0, 0</c1><c2>0, 0, 0</c2><c3>0, 0, 0</c3></rotation></pose><symmetry><x>twoFold</x><y>cylindrical</y><z>twoFold</z></symmetry><detectionScore>-1.0</detectionScore></element><element><id>5</id><category>floor</category><bounds><corner1>-2.660605819026328, -0.857648214784323, -0.3548833087907195</corner1><corner2>2.660605819026328, 0.857648214784323, 0.3548833087907195</corner2></bounds><pose><translation>4.49749494407704, 2.0981616673065875, -1.1130171358931702</translation><rotation><c1>0, 0, 0</c1><c2>0, 0, 0</c2><c3>0, 0, 0</c3></rotation></pose><symmetry><x>twoFold</x><y>cylindrical</y><z>twoFold</z></symmetry><detectionScore>-1.0</detectionScore></element><element><id>6</id><category>chair</category><bounds><corner1>-0.5037461427325343, -0.6785325114466767, -0.6575545801575672</corner1><corner2>0.5037461427325343, 0.6785325114466767, 0.6575545801575672</corner2></bounds><pose><translation>1.226011906394823, 2.0936538391002184, -1.5385755866816808</translation><rotation><c1>0, 0, 0</c1><c2>0, 0, 0</c2><c3>0, 0, 0</c3></rotation></pose><symmetry><x>twoFold</x><y>cylindrical</y><z>twoFold</z></symmetry><detectionScore>-1.0</detectionScore></element><element><id>7</id><category>stand</category><bounds><corner1>-0.643080807749532, -0.2559556334154347, -0.10275578834761623</corner1><corner2>0.643080807749532, 0.2559556334154347, 0.10275578834761623</corner2></bounds><pose><translation>0.5811985467316394, -1.5665297214286809, -0.8436102401481829</translation><rotation><c1>0, 0, 0</c1><c2>0, 0, 0</c2><c3>0, 0, 0</c3></rotation></pose><symmetry><x>twoFold</x><y>cylindrical</y><z>twoFold</z></symmetry><detectionScore>-1.0</detectionScore></element><element><id>8</id><category>table_lamp</category><bounds><corner1>-0.32283351350781864, -0.1658526677206149, -0.35970272263606634</corner1><corner2>0.32283351350781864, 0.1658526677206149, 0.35970272263606634</corner2></bounds><pose><translation>0.3481670524222883, -1.6401013629575936, -0.6741897974868678</translation><rotation><c1>0, 0, 0</c1><c2>0, 0, 0</c2><c3>0, 0, 0</c3></rotation></pose><symmetry><x>twoFold</x><y>cylindrical</y><z>twoFold</z></symmetry><detectionScore>-1.0</detectionScore></element><element><id>9</id><category>books</category><bounds><corner1>-0.16250491924731947, -0.5093679463295033, -0.19704157641060782</corner1><corner2>0.16250491924731947, 0.5093679463295033, 0.19704157641060782</corner2></bounds><pose><translation>-0.9237590640871991, 1.7073217963532459, -0.7168913064999027</translation><rotation><c1>0, 0, 0</c1><c2>0, 0, 0</c2><c3>0, 0, 0</c3></rotation></pose><symmetry><x>twoFold</x><y>cylindrical</y><z>twoFold</z></symmetry><detectionScore>-1.0</detectionScore></element><element><id>10</id><category>stand</category><bounds><corner1>-1.5847937427663483, -0.5439604067956767, -0.509766281676845</corner1><corner2>1.5847937427663483, 0.5439604067956767, 0.509766281676845</corner2></bounds><pose><translation>2.413359523716527, -1.204965885388292, -1.1367425282592674</translation><rotation><c1>0, 0, 0</c1><c2>0, 0, 0</c2><c3>0, 0, 0</c3></rotation></pose><symmetry><x>twoFold</x><y>cylindrical</y><z>twoFold</z></symmetry><detectionScore>-1.0</detectionScore></element><element><id>11</id><category>rug</category><bounds><corner1>-0.4856358274883863, -0.3922232261627079, -0.2505728047218484</corner1><corner2>0.4856358274883863, 0.3922232261627079, 0.2505728047218484</corner2></bounds><pose><translation>1.7242261736259785, -0.04954693840590488, -1.2388844108649675</translation><rotation><c1>0, 0, 0</c1><c2>0, 0, 0</c2><c3>0, 0, 0</c3></rotation></pose><symmetry><x>twoFold</x><y>cylindrical</y><z>twoFold</z></symmetry><detectionScore>-1.0</detectionScore></element><element><id>12</id><category>dining_table</category><bounds><corner1>-0.05316507551227034, -0.3896868331173297, -0.2894852545555516</corner1><corner2>0.05316507551227034, 0.3896868331173297, 0.2894852545555516</corner2></bounds><pose><translation>-1.4414828159330262, 0.4207182818334814, -0.6371357766919881</translation><rotation><c1>0, 0, 0</c1><c2>0, 0, 0</c2><c3>0, 0, 0</c3></rotation></pose><symmetry><x>twoFold</x><y>cylindrical</y><z>twoFold</z></symmetry><detectionScore>-1.0</detectionScore></element><element><id>13</id><category>person</category><bounds><corner1>-1.989615717385782, -1.6493398507308408, -0.9448107490599592</corner1><corner2>1.989615717385782, 1.6493398507308408, 0.9448107490599592</corner2></bounds><pose><translation>1.8599653596251486, 2.3907769309995395, -1.055310058767743</translation><rotation><c1>0, 0, 0</c1><c2>0, 0, 0</c2><c3>0, 0, 0</c3></rotation></pose><symmetry><x>twoFold</x><y>cylindrical</y><z>twoFold</z></symmetry><detectionScore>-1.0</detectionScore></element><element><id>14</id><category>computer</category><bounds><corner1>-1.1118812019402688, -0.5765390897558107, -0.5863433929684463</corner1><corner2>1.1118812019402688, 0.5765390897558107, 0.5863433929684463</corner2></bounds><pose><translation>0.9764660333629535, 3.5239383333551486, -0.8655872145906981</translation><rotation><c1>0, 0, 0</c1><c2>0, 0, 0</c2><c3>0, 0, 0</c3></rotation></pose><symmetry><x>twoFold</x><y>cylindrical</y><z>twoFold</z></symmetry><detectionScore>-1.0</detectionScore></element><element><id>15</id><category>door</category><bounds><corner1>-5.583676908810165, -2.2299027650351486, -1.438272648904103</corner1><corner2>5.583676908810165, 2.2299027650351486, 1.438272648904103</corner2></bounds><pose><translation>4.764848618723526, 1.4320181002185364, -0.4694257758929853</translation><rotation><c1>0, 0, 0</c1><c2>0, 0, 0</c2><c3>0, 0, 0</c3></rotation></pose><symmetry><x>twoFold</x><y>cylindrical</y><z>twoFold</z></symmetry><detectionScore>-1.0</detectionScore></element><element><id>16</id><category>wall</category><bounds><corner1>-1.5900516446038275, -0.9030934521106362, -1.6318800380624434</corner1><corner2>1.5900516446038275, 0.9030934521106362, 1.6318800380624434</corner2></bounds><pose><translation>2.486360598537703, -1.612587418013911, -0.1865469747229401</translation><rotation><c1>0, 0, 0</c1><c2>0, 0, 0</c2><c3>0, 0, 0</c3></rotation></pose><symmetry><x>twoFold</x><y>cylindrical</y><z>twoFold</z></symmetry><detectionScore>-1.0</detectionScore></element><element><id>17</id><category>wall</category><bounds><corner1>-0.6862297408529714, -1.6299354127576589, -1.5506339490748933</corner1><corner2>0.6862297408529714, 1.6299354127576589, 1.5506339490748933</corner2></bounds><pose><translation>-1.1268343456823553, 2.089745737133345, -0.08685307163862337</translation><rotation><c1>0, 0, 0</c1><c2>0, 0, 0</c2><c3>0, 0, 0</c3></rotation></pose><symmetry><x>twoFold</x><y>cylindrical</y><z>twoFold</z></symmetry><detectionScore>-1.0</detectionScore></element><element><id>18</id><category>television</category><bounds><corner1>-1.0933446912282474, -0.0910119451189515, -0.5805310021412</corner1><corner2>1.0933446912282474, 0.0910119451189515, 0.5805310021412</corner2></bounds><pose><translation>1.8266025197633902, 3.998396005129949, 0.09184881113223359</translation><rotation><c1>0, 0, 0</c1><c2>0, 0, 0</c2><c3>0, 0, 0</c3></rotation></pose><symmetry><x>twoFold</x><y>cylindrical</y><z>twoFold</z></symmetry><detectionScore>-1.0</detectionScore></element><element><id>19</id><category>laptop</category><bounds><corner1>-1.4887893604288513, -0.28484775710291194, -0.2536057485640745</corner1><corner2>1.4887893604288513, 0.28484775710291194, 0.2536057485640745</corner2></bounds><pose><translation>1.6765920317407899, -0.0932987856976879, -1.2383467259865306</translation><rotation><c1>0, 0, 0</c1><c2>0, 0, 0</c2><c3>0, 0, 0</c3></rotation></pose><symmetry><x>twoFold</x><y>cylindrical</y><z>twoFold</z></symmetry><detectionScore>-1.0</detectionScore></element><element><id>20</id><category>armchair</category><bounds><corner1>-2.041054008147725, -1.6536514261692554, -0.5316093761637988</corner1><corner2>2.041054008147725, 1.6536514261692554, 0.5316093761637988</corner2></bounds><pose><translation>1.762867829116263, 2.325037450096904, -1.1728741507562144</translation><rotation><c1>0, 0, 0</c1><c2>0, 0, 0</c2><c3>0, 0, 0</c3></rotation></pose><symmetry><x>twoFold</x><y>cylindrical</y><z>twoFold</z></symmetry><detectionScore>-1.0</detectionScore></element><element><id>21</id><category>wall</category><bounds><corner1>-5.7424807220551255, -1.7911684575183247, -1.0419090337354908</corner1><corner2>5.7424807220551255, 1.7911684575183247, 1.0419090337354908</corner2></bounds><pose><translation>4.532852702642812, 1.7900002065263954, -0.06681330828054147</translation><rotation><c1>0, 0, 0</c1><c2>0, 0, 0</c2><c3>0, 0, 0</c3></rotation></pose><symmetry><x>twoFold</x><y>cylindrical</y><z>twoFold</z></symmetry><detectionScore>-1.0</detectionScore></element><element><id>22</id><category>plant</category><bounds><corner1>-0.06783880181400481, -0.4686902302944498, -0.46856473953866523</corner1><corner2>0.06783880181400481, 0.4686902302944498, 0.46856473953866523</corner2></bounds><pose><translation>-1.4299195352339509, -0.5028450875954813, -0.6438828175206366</translation><rotation><c1>0, 0, 0</c1><c2>0, 0, 0</c2><c3>0, 0, 0</c3></rotation></pose><symmetry><x>twoFold</x><y>cylindrical</y><z>twoFold</z></symmetry><detectionScore>-1.0</detectionScore></element><element><id>23</id><category>wall</category><bounds><corner1>-2.5757440874030406, -2.419033068043916, -1.4040467032652906</corner1><corner2>2.5757440874030406, 2.419033068043916, 1.4040467032652906</corner2></bounds><pose><translation>4.485135658324879, 1.4902232030854572, -0.07533516769723798</translation><rotation><c1>0, 0, 0</c1><c2>0, 0, 0</c2><c3>0, 0, 0</c3></rotation></pose><symmetry><x>twoFold</x><y>cylindrical</y><z>twoFold</z></symmetry><detectionScore>-1.0</detectionScore></element><element><id>24</id><category>rug</category><bounds><corner1>-2.901054559627454, -0.8171790101132776, -0.34931400608153207</corner1><corner2>2.901054559627454, 0.8171790101132776, 0.34931400608153207</corner2></bounds><pose><translation>4.4948185937310985, 2.121047813052274, -1.1064953160502424</translation><rotation><c1>0, 0, 0</c1><c2>0, 0, 0</c2><c3>0, 0, 0</c3></rotation></pose><symmetry><x>twoFold</x><y>cylindrical</y><z>twoFold</z></symmetry><detectionScore>-1.0</detectionScore></element></elements></scene>