<?xml version='1.0' encoding='utf-8'?>
<scene xmlns:sumo="https://www.sumochallenge.org"><version>2.0</version><categories><id>fb_categories_v1.0</id><url>https://sumochallenge.org/en/categories-1_0.json</url></categories><project_type>bounding_box</project_type><elements><element><id>4</id><category>mirror</category><bounds><corner1>-0.33100527, -0.51828255, -0.03215757</corner1><corner2>0.33100527, 0.51828255, 0.03215757</corner2></bounds><pose><translation>-0.51889761,  0.26408345, -1.8910802 </translation><rotation><c1>1., 0., 0.</c1><c2>0., 1., 0.</c2><c3>0., 0., 1.</c3></rotation></pose><symmetry><x>none</x><y>none</y><z>twoFold</z></symmetry><detectionScore>0.99235463</detectionScore></element><element><id>1</id><category>door</category><bounds><corner1>-0.095928  , -1.18817067, -0.67266701</corner1><corner2>0.095928  , 1.18817067, 0.67266701</corner2></bounds><pose><translation>-2.50208597, -0.25017096, -1.3061609 </translation><rotation><c1>1., 0., 0.</c1><c2>0., 1., 0.</c2><c3>0., 0., 1.</c3></rotation></pose><symmetry><x>twoFold</x><y>twoFold</y><z>twoFold</z></symmetry><detectionScore>0.87435424</detectionScore></element><element><id>5</id><category>plant</category><bounds><corner1>-0.41182775, -0.33758428, -0.42791966</corner1><corner2>0.41182775, 0.33758428, 0.42791966</corner2></bounds><pose><translation> 1.00386188, -0.27442305, -1.85697616</translation><rotation><c1>1., 0., 0.</c1><c2>0., 1., 0.</c2><c3>0., 0., 1.</c3></rotation></pose><symmetry><x>none</x><y>cylindrical</y><z>none</z></symmetry><detectionScore>0.7435514</detectionScore></element><element><id>3</id><category>mirror</category><bounds><corner1>-0.31792265, -0.48874124, -0.03303327</corner1><corner2>0.31792265, 0.48874124, 0.03303327</corner2></bounds><pose><translation> 0.44999992,  0.26333778, -1.93105337</translation><rotation><c1>1., 0., 0.</c1><c2>0., 1., 0.</c2><c3>0., 0., 1.</c3></rotation></pose><symmetry><x>none</x><y>none</y><z>twoFold</z></symmetry><detectionScore>0.9896945</detectionScore></element><element><id>2</id><category>wall</category><bounds><corner1>-0.84987524, -1.19029572, -1.71348919</corner1><corner2>0.84987524, 1.19029572, 1.71348919</corner2></bounds><pose><translation>-2.48393325, -0.10827885,  0.14529639</translation><rotation><c1>1., 0., 0.</c1><c2>0., 1., 0.</c2><c3>0., 0., 1.</c3></rotation></pose><symmetry><x>none</x><y>twoFold</y><z>none</z></symmetry><detectionScore>0.9494127</detectionScore></element><element><id>6</id><category>picture_frame</category><bounds><corner1>-0.46090923, -0.5048083 , -0.03689269</corner1><corner2>0.46090923, 0.5048083 , 0.03689269</corner2></bounds><pose><translation>-0.99657407,  0.27880909,  1.93506377</translation><rotation><c1>1., 0., 0.</c1><c2>0., 1., 0.</c2><c3>0., 0., 1.</c3></rotation></pose><symmetry><x>none</x><y>fourFold</y><z>none</z></symmetry><detectionScore>0.99675024</detectionScore></element></elements></scene>