<?xml version='1.0' encoding='utf-8'?>
<scene xmlns:sumo="https://www.sumochallenge.org"><version>2.0</version><categories><id>fb_categories_v1_0</id><url>https://sumochallenge.org/en/categories-1_0.json</url></categories><project_type>bounding_box</project_type><elements><element><id>0</id><category>coffee_table</category><bounds><corner1>-0.14175385304385157, -0.5824622299850701, -0.6444968323737382</corner1><corner2>0.14175385304385157, 0.5824622299850701, 0.6444968323737382</corner2></bounds><pose><translation>-2.2174833984115576, -1.3788331097685544, 0.4923923460654046</translation><rotation><c1>1, 0, 0</c1><c2>0, 1, 0</c2><c3>0, 0, 1</c3></rotation></pose><symmetry><x>twoFold</x><y>cylindrical</y><z>twoFold</z></symmetry><detectionScore>-1.0</detectionScore></element><element><id>1</id><category>window</category><bounds><corner1>-0.0926547811218521, -1.6869448020487905, -3.117944619681153</corner1><corner2>0.0926547811218521, 1.6869448020487905, 3.117944619681153</corner2></bounds><pose><translation>1.6283613720245669, -0.2909839709335436, 3.7586120882267426</translation><rotation><c1>1, 0, 0</c1><c2>0, 1, 0</c2><c3>0, 0, 1</c3></rotation></pose><symmetry><x>twoFold</x><y>cylindrical</y><z>twoFold</z></symmetry><detectionScore>-1.0</detectionScore></element><element><id>2</id><category>television</category><bounds><corner1>-0.47850324627344465, -0.32797863379044334, -0.20831177044757387</corner1><corner2>0.47850324627344465, 0.32797863379044334, 0.20831177044757387</corner2></bounds><pose><translation>1.3016503201248015, 0.7806198203529444, -1.782496359517905</translation><rotation><c1>1, 0, 0</c1><c2>0, 1, 0</c2><c3>0, 0, 1</c3></rotation></pose><symmetry><x>twoFold</x><y>cylindrical</y><z>twoFold</z></symmetry><detectionScore>-1.0</detectionScore></element><element><id>3</id><category>wall</category><bounds><corner1>-1.092744202844881, -1.4179254572778426, -0.18996955744665933</corner1><corner2>1.092744202844881, 1.4179254572778426, 0.18996955744665933</corner2></bounds><pose><translation>-0.4771525572481866, -0.0684155489002382, -2.0368174475670195</translation><rotation><c1>1, 0, 0</c1><c2>0, 1, 0</c2><c3>0, 0, 1</c3></rotation></pose><symmetry><x>twoFold</x><y>cylindrical</y><z>twoFold</z></symmetry><detectionScore>-1.0</detectionScore></element><element><id>4</id><category>tv_stand</category><bounds><corner1>-0.12834946049546492, -0.5657719148276679, -0.6306719248273736</corner1><corner2>0.12834946049546492, 0.5657719148276679, 0.6306719248273736</corner2></bounds><pose><translation>-2.2229956791786507, -1.3020155208462454, 0.48567146564854297</translation><rotation><c1>1, 0, 0</c1><c2>0, 1, 0</c2><c3>0, 0, 1</c3></rotation></pose><symmetry><x>twoFold</x><y>cylindrical</y><z>twoFold</z></symmetry><detectionScore>-1.0</detectionScore></element><element><id>5</id><category>plant</category><bounds><corner1>-0.5895458328139795, -0.9563699950652352, -0.7888097934657514</corner1><corner2>0.5895458328139795, 0.9563699950652352, 0.7888097934657514</corner2></bounds><pose><translation>-2.45915918912775, -1.134768721255351, 1.5621860080300376</translation><rotation><c1>1, 0, 0</c1><c2>0, 1, 0</c2><c3>0, 0, 1</c3></rotation></pose><symmetry><x>twoFold</x><y>cylindrical</y><z>twoFold</z></symmetry><detectionScore>-1.0</detectionScore></element><element><id>6</id><category>desk</category><bounds><corner1>-0.4190017174808085, -0.641684693314159, -0.7467635273947539</corner1><corner2>0.4190017174808085, 0.641684693314159, 0.7467635273947539</corner2></bounds><pose><translation>-2.1561569144010857, -1.160651160638586, -0.9088539611825357</translation><rotation><c1>1, 0, 0</c1><c2>0, 1, 0</c2><c3>0, 0, 1</c3></rotation></pose><symmetry><x>twoFold</x><y>cylindrical</y><z>twoFold</z></symmetry><detectionScore>-1.0</detectionScore></element><element><id>7</id><category>stand</category><bounds><corner1>-0.7523436961203495, -0.27623978576480634, -2.2861826004570798</corner1><corner2>0.7523436961203495, 0.27623978576480634, 2.2861826004570798</corner2></bounds><pose><translation>-1.683880841642272, -1.2076797494104348, 2.60637131506125</translation><rotation><c1>1, 0, 0</c1><c2>0, 1, 0</c2><c3>0, 0, 1</c3></rotation></pose><symmetry><x>twoFold</x><y>cylindrical</y><z>twoFold</z></symmetry><detectionScore>-1.0</detectionScore></element><element><id>8</id><category>floor_lamp</category><bounds><corner1>-0.17427475548501636, -1.3576112142969994, -0.571819159755113</corner1><corner2>0.17427475548501636, 1.3576112142969994, 0.571819159755113</corner2></bounds><pose><translation>-2.2500043008527224, -0.7252736173457345, 0.5231765670936526</translation><rotation><c1>1, 0, 0</c1><c2>0, 1, 0</c2><c3>0, 0, 1</c3></rotation></pose><symmetry><x>twoFold</x><y>cylindrical</y><z>twoFold</z></symmetry><detectionScore>-1.0</detectionScore></element><element><id>9</id><category>door</category><bounds><corner1>-0.9946910694035429, -1.8047272389855133, -0.39601536635597356</corner1><corner2>0.9946910694035429, 1.8047272389855133, 0.39601536635597356</corner2></bounds><pose><translation>-0.4187308405673247, -0.4059589875618371, -2.187847442754201</translation><rotation><c1>1, 0, 0</c1><c2>0, 1, 0</c2><c3>0, 0, 1</c3></rotation></pose><symmetry><x>twoFold</x><y>cylindrical</y><z>twoFold</z></symmetry><detectionScore>-1.0</detectionScore></element><element><id>10</id><category>wall</category><bounds><corner1>-0.46794241746037146, -1.37482452300328, -2.698205288591099</corner1><corner2>0.46794241746037146, 1.37482452300328, 2.698205288591099</corner2></bounds><pose><translation>-2.153240616257292, -0.06642818529641775, 4.442558949058147</translation><rotation><c1>1, 0, 0</c1><c2>0, 1, 0</c2><c3>0, 0, 1</c3></rotation></pose><symmetry><x>twoFold</x><y>cylindrical</y><z>twoFold</z></symmetry><detectionScore>-1.0</detectionScore></element><element><id>11</id><category>shelving</category><bounds><corner1>-0.43110492414013013, -0.30032078053004774, -0.25625216833265907</corner1><corner2>0.43110492414013013, 0.30032078053004774, 0.25625216833265907</corner2></bounds><pose><translation>1.36338258701992, -0.21836400606790773, -1.8501854079005593</translation><rotation><c1>1, 0, 0</c1><c2>0, 1, 0</c2><c3>0, 0, 1</c3></rotation></pose><symmetry><x>twoFold</x><y>cylindrical</y><z>twoFold</z></symmetry><detectionScore>-1.0</detectionScore></element><element><id>12</id><category>range_hood</category><bounds><corner1>-0.14717095855428974, -0.5958299835072023, -0.6102675146342567</corner1><corner2>0.14717095855428974, 0.5958299835072023, 0.6102675146342567</corner2></bounds><pose><translation>-2.303376994530936, 0.306469312681038, 0.5800969225789887</translation><rotation><c1>1, 0, 0</c1><c2>0, 1, 0</c2><c3>0, 0, 1</c3></rotation></pose><symmetry><x>twoFold</x><y>cylindrical</y><z>twoFold</z></symmetry><detectionScore>-1.0</detectionScore></element><element><id>13</id><category>computer</category><bounds><corner1>-0.6816489531645142, -0.3918992353069105, -0.437967225685405</corner1><corner2>0.6816489531645142, 0.3918992353069105, 0.437967225685405</corner2></bounds><pose><translation>-2.4599917783568266, -0.4916565823368218, -1.0979030197733028</translation><rotation><c1>1, 0, 0</c1><c2>0, 1, 0</c2><c3>0, 0, 1</c3></rotation></pose><symmetry><x>twoFold</x><y>cylindrical</y><z>twoFold</z></symmetry><detectionScore>-1.0</detectionScore></element><element><id>14</id><category>picture_frame</category><bounds><corner1>-0.4812812031412934, -0.33403629139527624, -0.2052261789097778</corner1><corner2>0.4812812031412934, 0.33403629139527624, 0.2052261789097778</corner2></bounds><pose><translation>1.3031491061008391, 0.80079417707426, -1.778761216788438</translation><rotation><c1>1, 0, 0</c1><c2>0, 1, 0</c2><c3>0, 0, 1</c3></rotation></pose><symmetry><x>twoFold</x><y>cylindrical</y><z>twoFold</z></symmetry><detectionScore>-1.0</detectionScore></element><element><id>15</id><category>shelving</category><bounds><corner1>-0.17657394918745117, -1.2754565827370832, -0.5489229613032605</corner1><corner2>0.17657394918745117, 1.2754565827370832, 0.5489229613032605</corner2></bounds><pose><translation>-2.271220167870637, -0.5360378264546835, 0.5031037186656755</translation><rotation><c1>1, 0, 0</c1><c2>0, 1, 0</c2><c3>0, 0, 1</c3></rotation></pose><symmetry><x>twoFold</x><y>cylindrical</y><z>twoFold</z></symmetry><detectionScore>-1.0</detectionScore></element><element><id>16</id><category>shelving</category><bounds><corner1>-0.8774628652234078, -1.3975832331922646, -1.1102621400099677</corner1><corner2>0.8774628652234078, 1.3975832331922646, 1.1102621400099677</corner2></bounds><pose><translation>-2.1055297596560174, -0.3560944718592186, 4.093380275204553</translation><rotation><c1>1, 0, 0</c1><c2>0, 1, 0</c2><c3>0, 0, 1</c3></rotation></pose><symmetry><x>twoFold</x><y>cylindrical</y><z>twoFold</z></symmetry><detectionScore>-1.0</detectionScore></element><element><id>17</id><category>wall</category><bounds><corner1>-1.3784341302917211, -1.371326965218468, -0.349207769489146</corner1><corner2>1.3784341302917211, 1.371326965218468, 0.349207769489146</corner2></bounds><pose><translation>0.39505635556609153, 0.02744128620520823, -1.924487790182717</translation><rotation><c1>1, 0, 0</c1><c2>0, 1, 0</c2><c3>0, 0, 1</c3></rotation></pose><symmetry><x>twoFold</x><y>cylindrical</y><z>twoFold</z></symmetry><detectionScore>-1.0</detectionScore></element><element><id>18</id><category>office_chair</category><bounds><corner1>-0.26005573554863326, -0.5853842512955966, -0.467652053098649</corner1><corner2>0.26005573554863326, 0.5853842512955966, 0.467652053098649</corner2></bounds><pose><translation>-1.9972109324689105, -1.1043507186200237, -1.0888314884525059</translation><rotation><c1>1, 0, 0</c1><c2>0, 1, 0</c2><c3>0, 0, 1</c3></rotation></pose><symmetry><x>twoFold</x><y>cylindrical</y><z>twoFold</z></symmetry><detectionScore>-1.0</detectionScore></element><element><id>19</id><category>window</category><bounds><corner1>-0.1258526792703598, -0.6836369764461301, -0.7411028183570965</corner1><corner2>0.1258526792703598, 0.6836369764461301, 0.7411028183570965</corner2></bounds><pose><translation>1.8493225403410132, -1.0553443432428995, -0.9764728457599767</translation><rotation><c1>1, 0, 0</c1><c2>0, 1, 0</c2><c3>0, 0, 1</c3></rotation></pose><symmetry><x>twoFold</x><y>cylindrical</y><z>twoFold</z></symmetry><detectionScore>-1.0</detectionScore></element><element><id>20</id><category>fireplace</category><bounds><corner1>-0.16651452218123275, -0.7866182305310758, -0.5889223268328547</corner1><corner2>0.16651452218123275, 0.7866182305310758, 0.5889223268328547</corner2></bounds><pose><translation>-2.2611607408644185, -0.9994949403547997, 0.5047215729201757</translation><rotation><c1>1, 0, 0</c1><c2>0, 1, 0</c2><c3>0, 0, 1</c3></rotation></pose><symmetry><x>twoFold</x><y>cylindrical</y><z>twoFold</z></symmetry><detectionScore>-1.0</detectionScore></element><element><id>21</id><category>wall</category><bounds><corner1>-0.12283493067415385, -1.792056252255688, -3.6760156272204916</corner1><corner2>0.12283493067415385, 1.792056252255688, 3.6760156272204916</corner2></bounds><pose><translation>1.6080409446091577, -0.35323484213961587, 3.4726130637185153</translation><rotation><c1>1, 0, 0</c1><c2>0, 1, 0</c2><c3>0, 0, 1</c3></rotation></pose><symmetry><x>twoFold</x><y>cylindrical</y><z>twoFold</z></symmetry><detectionScore>-1.0</detectionScore></element><element><id>22</id><category>wall_lamp</category><bounds><corner1>-0.1177790190500081, -0.21533580722837042, -0.1919356927504814</corner1><corner2>0.1177790190500081, 0.21533580722837042, 0.1919356927504814</corner2></bounds><pose><translation>-1.1714148938030278, 0.8510116136263688, -1.8625285017450242</translation><rotation><c1>1, 0, 0</c1><c2>0, 1, 0</c2><c3>0, 0, 1</c3></rotation></pose><symmetry><x>twoFold</x><y>cylindrical</y><z>twoFold</z></symmetry><detectionScore>-1.0</detectionScore></element><element><id>23</id><category>window</category><bounds><corner1>-0.10970187351027838, -1.5649591252730628, -1.1461763582318742</corner1><corner2>0.10970187351027838, 1.5649591252730628, 1.1461763582318742</corner2></bounds><pose><translation>1.8822579634236003, -0.09200931545534134, -0.605248320907753</translation><rotation><c1>1, 0, 0</c1><c2>0, 1, 0</c2><c3>0, 0, 1</c3></rotation></pose><symmetry><x>twoFold</x><y>cylindrical</y><z>twoFold</z></symmetry><detectionScore>-1.0</detectionScore></element><element><id>24</id><category>stand</category><bounds><corner1>-0.1247170781407192, -0.5615405350621668, -0.6122794357837958</corner1><corner2>0.1247170781407192, 0.5615405350621668, 0.6122794357837958</corner2></bounds><pose><translation>-2.21174602186721, -1.3651447289723455, 0.4922859273278032</translation><rotation><c1>1, 0, 0</c1><c2>0, 1, 0</c2><c3>0, 0, 1</c3></rotation></pose><symmetry><x>twoFold</x><y>cylindrical</y><z>twoFold</z></symmetry><detectionScore>-1.0</detectionScore></element><element><id>25</id><category>wall</category><bounds><corner1>-2.2646003184562344, -1.3914919065499325, -0.4250896386894665</corner1><corner2>2.2646003184562344, 1.3914919065499325, 0.4250896386894665</corner2></bounds><pose><translation>-0.7357432058433022, -0.08333213154400185, 6.73143522415112</translation><rotation><c1>1, 0, 0</c1><c2>0, 1, 0</c2><c3>0, 0, 1</c3></rotation></pose><symmetry><x>twoFold</x><y>cylindrical</y><z>twoFold</z></symmetry><detectionScore>-1.0</detectionScore></element></elements></scene>