<?xml version='1.0' encoding='utf-8'?>
<scene xmlns:sumo="https://www.sumochallenge.org"><version>2.0</version><categories><id>fb_categories_v1_0</id><url>https://sumochallenge.org/en/categories-1_0.json</url></categories><project_type>bounding_box</project_type><elements><element><id>0</id><category>door</category><bounds><corner1>-1.104444790380301, -1.6080727926725755, -0.10121385875365485</corner1><corner2>1.104444790380301, 1.6080727926725755, 0.10121385875365485</corner2></bounds><pose><translation>-2.91470178288502, -0.22741741125220327, 1.2924528135761473</translation><rotation><c1>1, 0, 0</c1><c2>0, 1, 0</c2><c3>0, 0, 1</c3></rotation></pose><symmetry><x>twoFold</x><y>cylindrical</y><z>twoFold</z></symmetry><detectionScore>-1.0</detectionScore></element><element><id>1</id><category>pedestal_fan</category><bounds><corner1>-0.35510815411583385, -1.0364907663433747, -1.2164060767613225</corner1><corner2>0.35510815411583385, 1.0364907663433747, 1.2164060767613225</corner2></bounds><pose><translation>1.9327008435081132, -1.2627547659244305, -2.652043250919226</translation><rotation><c1>1, 0, 0</c1><c2>0, 1, 0</c2><c3>0, 0, 1</c3></rotation></pose><symmetry><x>twoFold</x><y>cylindrical</y><z>twoFold</z></symmetry><detectionScore>-1.0</detectionScore></element><element><id>2</id><category>armchair</category><bounds><corner1>-0.9223814128034196, -0.778953966586788, -0.7182459630590075</corner1><corner2>0.9223814128034196, 0.778953966586788, 0.7182459630590075</corner2></bounds><pose><translation>-2.3304043392518072, -1.285935467334288, 0.7722029039880391</translation><rotation><c1>1, 0, 0</c1><c2>0, 1, 0</c2><c3>0, 0, 1</c3></rotation></pose><symmetry><x>twoFold</x><y>cylindrical</y><z>twoFold</z></symmetry><detectionScore>-1.0</detectionScore></element><element><id>3</id><category>trash_can</category><bounds><corner1>-0.9122788392877892, -0.606099609079513, -0.6673810788614745</corner1><corner2>0.9122788392877892, 0.606099609079513, 0.6673810788614745</corner2></bounds><pose><translation>-5.808583586572983, -0.8780915379504479, -7.635935938367751</translation><rotation><c1>1, 0, 0</c1><c2>0, 1, 0</c2><c3>0, 0, 1</c3></rotation></pose><symmetry><x>twoFold</x><y>cylindrical</y><z>twoFold</z></symmetry><detectionScore>-1.0</detectionScore></element><element><id>4</id><category>door</category><bounds><corner1>-1.8926993709488524, -1.7954198243702884, -0.12052208630509531</corner1><corner2>1.8926993709488524, 1.7954198243702884, 0.12052208630509531</corner2></bounds><pose><translation>-4.369778889099858, -0.4587402111012395, 1.1941948434134573</translation><rotation><c1>1, 0, 0</c1><c2>0, 1, 0</c2><c3>0, 0, 1</c3></rotation></pose><symmetry><x>twoFold</x><y>cylindrical</y><z>twoFold</z></symmetry><detectionScore>-1.0</detectionScore></element><element><id>5</id><category>wall</category><bounds><corner1>-6.636280556457619, -1.4910378046065973, -4.8769420095249965</corner1><corner2>6.636280556457619, 1.4910378046065973, 4.8769420095249965</corner2></bounds><pose><translation>-11.440026118723289, -0.0783647576909745, -3.7938531194543645</translation><rotation><c1>1, 0, 0</c1><c2>0, 1, 0</c2><c3>0, 0, 1</c3></rotation></pose><symmetry><x>twoFold</x><y>cylindrical</y><z>twoFold</z></symmetry><detectionScore>-1.0</detectionScore></element><element><id>6</id><category>desk</category><bounds><corner1>-0.8070579346948197, -1.2900292411489998, -1.7795962493911215</corner1><corner2>0.8070579346948197, 1.2900292411489998, 1.7795962493911215</corner2></bounds><pose><translation>1.441835637093722, -1.5565049797321497, -3.3405247993317757</translation><rotation><c1>1, 0, 0</c1><c2>0, 1, 0</c2><c3>0, 0, 1</c3></rotation></pose><symmetry><x>twoFold</x><y>cylindrical</y><z>twoFold</z></symmetry><detectionScore>-1.0</detectionScore></element><element><id>7</id><category>stairs</category><bounds><corner1>-5.820347060218158, -0.8867197612207364, -2.2131727104272008</corner1><corner2>5.820347060218158, 0.8867197612207364, 2.2131727104272008</corner2></bounds><pose><translation>-11.478729785331408, 0.5259532856948864, -2.629147829839744</translation><rotation><c1>1, 0, 0</c1><c2>0, 1, 0</c2><c3>0, 0, 1</c3></rotation></pose><symmetry><x>twoFold</x><y>cylindrical</y><z>twoFold</z></symmetry><detectionScore>-1.0</detectionScore></element><element><id>8</id><category>water_dispenser</category><bounds><corner1>-0.48559462114079377, -0.6917135636037541, -0.44067565392185326</corner1><corner2>0.48559462114079377, 0.6917135636037541, 0.44067565392185326</corner2></bounds><pose><translation>-6.205089606226795, -0.5717752262206536, -7.90617100915863</translation><rotation><c1>1, 0, 0</c1><c2>0, 1, 0</c2><c3>0, 0, 1</c3></rotation></pose><symmetry><x>twoFold</x><y>cylindrical</y><z>twoFold</z></symmetry><detectionScore>-1.0</detectionScore></element><element><id>9</id><category>gym_equipment</category><bounds><corner1>-0.12327312286187997, -0.8333394754537811, -0.48746565551462695</corner1><corner2>0.12327312286187997, 0.8333394754537811, 0.48746565551462695</corner2></bounds><pose><translation>2.3259911489780136, -1.0826836986759598, -0.4935247449801105</translation><rotation><c1>1, 0, 0</c1><c2>0, 1, 0</c2><c3>0, 0, 1</c3></rotation></pose><symmetry><x>twoFold</x><y>cylindrical</y><z>twoFold</z></symmetry><detectionScore>-1.0</detectionScore></element><element><id>10</id><category>wall</category><bounds><corner1>-0.12818026335760413, -1.4073167455931057, -2.108016293951747</corner1><corner2>0.12818026335760413, 1.4073167455931057, 2.108016293951747</corner2></bounds><pose><translation>2.0799058494939873, -0.06558150968818674, -4.481228366454109</translation><rotation><c1>1, 0, 0</c1><c2>0, 1, 0</c2><c3>0, 0, 1</c3></rotation></pose><symmetry><x>twoFold</x><y>cylindrical</y><z>twoFold</z></symmetry><detectionScore>-1.0</detectionScore></element><element><id>11</id><category>wall</category><bounds><corner1>-4.502726266088242, -1.3971783894582452, -4.648551853160665</corner1><corner2>4.502726266088242, 1.3971783894582452, 4.648551853160665</corner2></bounds><pose><translation>-2.418519859754575, -0.10305006493394354, -8.04851313773826</translation><rotation><c1>1, 0, 0</c1><c2>0, 1, 0</c2><c3>0, 0, 1</c3></rotation></pose><symmetry><x>twoFold</x><y>cylindrical</y><z>twoFold</z></symmetry><detectionScore>-1.0</detectionScore></element><element><id>12</id><category>chandelier</category><bounds><corner1>-1.880673773186297, -0.15321179943261276, -1.4418054774049436</corner1><corner2>1.880673773186297, 0.15321179943261276, 1.4418054774049436</corner2></bounds><pose><translation>0.3419512969986429, 1.3716987789500448, -2.4131615245886295</translation><rotation><c1>1, 0, 0</c1><c2>0, 1, 0</c2><c3>0, 0, 1</c3></rotation></pose><symmetry><x>twoFold</x><y>cylindrical</y><z>twoFold</z></symmetry><detectionScore>-1.0</detectionScore></element><element><id>13</id><category>chair</category><bounds><corner1>-0.6535166472706038, -0.7934420622445203, -0.3578239026473351</corner1><corner2>0.6535166472706038, 0.7934420622445203, 0.3578239026473351</corner2></bounds><pose><translation>-2.1694317771259155, -1.2311607221246224, 1.1248394945202385</translation><rotation><c1>1, 0, 0</c1><c2>0, 1, 0</c2><c3>0, 0, 1</c3></rotation></pose><symmetry><x>twoFold</x><y>cylindrical</y><z>twoFold</z></symmetry><detectionScore>-1.0</detectionScore></element><element><id>14</id><category>wall</category><bounds><corner1>-1.6227178326922562, -1.6752780526060724, -0.16137474580325284</corner1><corner2>1.6227178326922562, 1.6752780526060724, 0.16137474580325284</corner2></bounds><pose><translation>-3.4823564986351254, -0.22583533276725448, 1.1801630712349167</translation><rotation><c1>1, 0, 0</c1><c2>0, 1, 0</c2><c3>0, 0, 1</c3></rotation></pose><symmetry><x>twoFold</x><y>cylindrical</y><z>twoFold</z></symmetry><detectionScore>-1.0</detectionScore></element><element><id>15</id><category>game_table</category><bounds><corner1>-0.9035638042838388, -0.7008500952169596, -1.910569445248843</corner1><corner2>0.9035638042838388, 0.7008500952169596, 1.910569445248843</corner2></bounds><pose><translation>-5.124628556240576, -1.2245714942559909, -3.300738913423856</translation><rotation><c1>1, 0, 0</c1><c2>0, 1, 0</c2><c3>0, 0, 1</c3></rotation></pose><symmetry><x>twoFold</x><y>cylindrical</y><z>twoFold</z></symmetry><detectionScore>-1.0</detectionScore></element><element><id>16</id><category>water_dispenser</category><bounds><corner1>-0.8969944263160778, -0.7389504979725938, -0.707404494377438</corner1><corner2>0.8969944263160778, 0.7389504979725938, 0.707404494377438</corner2></bounds><pose><translation>-5.824846487079334, -0.7775913495540548, -7.675959353883715</translation><rotation><c1>1, 0, 0</c1><c2>0, 1, 0</c2><c3>0, 0, 1</c3></rotation></pose><symmetry><x>twoFold</x><y>cylindrical</y><z>twoFold</z></symmetry><detectionScore>-1.0</detectionScore></element><element><id>17</id><category>wall</category><bounds><corner1>-4.969605203503221, -1.3437952861875164, -4.27308431441007</corner1><corner2>4.969605203503221, 1.3437952861875164, 4.27308431441007</corner2></bounds><pose><translation>-9.589208652692136, -0.07447242281919712, -7.183324186544951</translation><rotation><c1>1, 0, 0</c1><c2>0, 1, 0</c2><c3>0, 0, 1</c3></rotation></pose><symmetry><x>twoFold</x><y>cylindrical</y><z>twoFold</z></symmetry><detectionScore>-1.0</detectionScore></element><element><id>18</id><category>chandelier</category><bounds><corner1>-1.4482299503668363, -0.08264127224421314, -1.6215103709566727</corner1><corner2>1.4482299503668363, 0.08264127224421314, 1.6215103709566727</corner2></bounds><pose><translation>-5.948064227057082, 1.2452839426450373, -4.387574144519208</translation><rotation><c1>1, 0, 0</c1><c2>0, 1, 0</c2><c3>0, 0, 1</c3></rotation></pose><symmetry><x>twoFold</x><y>cylindrical</y><z>twoFold</z></symmetry><detectionScore>-1.0</detectionScore></element><element><id>19</id><category>office_chair</category><bounds><corner1>-1.0838425829847818, -1.0805784716843285, -1.0015443246301845</corner1><corner2>1.0838425829847818, 1.0805784716843285, 1.0015443246301845</corner2></bounds><pose><translation>0.14954863782296304, -1.5386785993303056, -4.238043689828015</translation><rotation><c1>1, 0, 0</c1><c2>0, 1, 0</c2><c3>0, 0, 1</c3></rotation></pose><symmetry><x>twoFold</x><y>cylindrical</y><z>twoFold</z></symmetry><detectionScore>-1.0</detectionScore></element><element><id>20</id><category>trash_can</category><bounds><corner1>-1.0651393799496525, -0.5831171076034474, -0.3441008682858504</corner1><corner2>1.0651393799496525, 0.5831171076034474, 0.3441008682858504</corner2></bounds><pose><translation>-4.580871398777502, -1.0071592803558365, -7.219700383174934</translation><rotation><c1>1, 0, 0</c1><c2>0, 1, 0</c2><c3>0, 0, 1</c3></rotation></pose><symmetry><x>twoFold</x><y>cylindrical</y><z>twoFold</z></symmetry><detectionScore>-1.0</detectionScore></element><element><id>21</id><category>workplace</category><bounds><corner1>-2.9639941007017008, -0.9348938407245986, -4.1144531247848875</corner1><corner2>2.9639941007017008, 0.9348938407245986, 4.1144531247848875</corner2></bounds><pose><translation>-1.5313643058560469, -0.8457583714935825, -7.411979261102766</translation><rotation><c1>1, 0, 0</c1><c2>0, 1, 0</c2><c3>0, 0, 1</c3></rotation></pose><symmetry><x>twoFold</x><y>cylindrical</y><z>twoFold</z></symmetry><detectionScore>-1.0</detectionScore></element><element><id>22</id><category>plant</category><bounds><corner1>-0.5350863386880866, -1.0330776032385351, -0.22671099093252023</corner1><corner2>0.5350863386880866, 1.0330776032385351, 0.22671099093252023</corner2></bounds><pose><translation>1.9024016142857376, -0.7511109245801857, 1.2552968752712224</translation><rotation><c1>1, 0, 0</c1><c2>0, 1, 0</c2><c3>0, 0, 1</c3></rotation></pose><symmetry><x>twoFold</x><y>cylindrical</y><z>twoFold</z></symmetry><detectionScore>-1.0</detectionScore></element></elements></scene>