<?xml version='1.0' encoding='utf-8'?>
<scene xmlns:sumo="https://www.sumochallenge.org"><version>2.0</version><categories><id>fb_categories_v1.0</id><url>https://sumochallenge.org/en/categories-1_0.json</url></categories><project_type>bounding_box</project_type><elements><element><id>7</id><category>wall</category><bounds><corner1>-0.03295035, -1.15438652, -0.19590977</corner1><corner2>0.03295035, 1.15438652, 0.19590977</corner2></bounds><pose><translation> 1.95804291, -0.04400228, -0.5848136 </translation><rotation><c1>1., 0., 0.</c1><c2>0., 1., 0.</c2><c3>0., 0., 1.</c3></rotation></pose><symmetry><x>none</x><y>none</y><z>none</z></symmetry><detectionScore>-1</detectionScore></element><element><id>9</id><category>chandelier</category><bounds><corner1>-0.54393501, -0.0335917 , -0.54976658</corner1><corner2>0.54393501, 0.0335917 , 0.54976658</corner2></bounds><pose><translation>-2.36987675,  1.17299927, -1.00509136</translation><rotation><c1>1., 0., 0.</c1><c2>0., 1., 0.</c2><c3>0., 0., 1.</c3></rotation></pose><symmetry><x>none</x><y>none</y><z>none</z></symmetry><detectionScore>-1</detectionScore></element><element><id>5</id><category>shower</category><bounds><corner1>-0.31561935, -1.06671416, -0.13204607</corner1><corner2>0.31561935, 1.06671416, 0.13204607</corner2></bounds><pose><translation>-0.15946504, -0.27146942,  1.84396156</translation><rotation><c1>1., 0., 0.</c1><c2>0., 1., 0.</c2><c3>0., 0., 1.</c3></rotation></pose><symmetry><x>none</x><y>none</y><z>none</z></symmetry><detectionScore>-1</detectionScore></element><element><id>4</id><category>wall</category><bounds><corner1>-2.71489064, -0.99926925, -1.22203415</corner1><corner2>2.71489064, 0.99926925, 1.22203415</corner2></bounds><pose><translation>-3.23489627, -0.0837907 , -0.05751485</translation><rotation><c1>1., 0., 0.</c1><c2>0., 1., 0.</c2><c3>0., 0., 1.</c3></rotation></pose><symmetry><x>none</x><y>none</y><z>none</z></symmetry><detectionScore>-1</detectionScore></element><element><id>11</id><category>towel_rack</category><bounds><corner1>-0.09531324, -0.73889154, -0.74707377</corner1><corner2>0.09531324, 0.73889154, 0.74707377</corner2></bounds><pose><translation>-0.53932964,  0.17039354,  1.05298795</translation><rotation><c1>1., 0., 0.</c1><c2>0., 1., 0.</c2><c3>0., 0., 1.</c3></rotation></pose><symmetry><x>none</x><y>none</y><z>none</z></symmetry><detectionScore>-1</detectionScore></element><element><id>10</id><category>toilet</category><bounds><corner1>-0.25904743, -0.29396004, -0.23684892</corner1><corner2>0.25904743, 0.29396004, 0.23684892</corner2></bounds><pose><translation> 1.72204424, -0.88830748, -0.36710273</translation><rotation><c1>1., 0., 0.</c1><c2>0., 1., 0.</c2><c3>0., 0., 1.</c3></rotation></pose><symmetry><x>none</x><y>none</y><z>none</z></symmetry><detectionScore>-1</detectionScore></element><element><id>6</id><category>picture_frame</category><bounds><corner1>-3.87266248, -0.42757216, -0.30271174</corner1><corner2>3.87266248, 0.42757216, 0.30271174</corner2></bounds><pose><translation>-4.49866699,  0.03117959,  1.10956932</translation><rotation><c1>1., 0., 0.</c1><c2>0., 1., 0.</c2><c3>0., 0., 1.</c3></rotation></pose><symmetry><x>none</x><y>none</y><z>none</z></symmetry><detectionScore>-1</detectionScore></element><element><id>13</id><category>mirror</category><bounds><corner1>-0.30374412, -0.89114963, -0.09716339</corner1><corner2>0.30374412, 0.89114963, 0.09716339</corner2></bounds><pose><translation> 0.87012127, -0.55416268,  2.81681799</translation><rotation><c1>1., 0., 0.</c1><c2>0., 1., 0.</c2><c3>0., 0., 1.</c3></rotation></pose><symmetry><x>none</x><y>none</y><z>none</z></symmetry><detectionScore>-1</detectionScore></element><element><id>3</id><category>wall</category><bounds><corner1>-0.03611612, -1.16311821, -0.05534045</corner1><corner2>0.03611612, 1.16311821, 0.05534045</corner2></bounds><pose><translation> 1.95298742, -0.07078483, -0.7306387 </translation><rotation><c1>1., 0., 0.</c1><c2>0., 1., 0.</c2><c3>0., 0., 1.</c3></rotation></pose><symmetry><x>none</x><y>none</y><z>none</z></symmetry><detectionScore>-1</detectionScore></element><element><id>2</id><category>coffee_table</category><bounds><corner1>-0.2549607 , -0.10901281, -0.39252502</corner1><corner2>0.2549607 , 0.10901281, 0.39252502</corner2></bounds><pose><translation>-1.97199986, -1.1802516 , -0.88675851</translation><rotation><c1>1., 0., 0.</c1><c2>0., 1., 0.</c2><c3>0., 0., 1.</c3></rotation></pose><symmetry><x>none</x><y>none</y><z>none</z></symmetry><detectionScore>-1</detectionScore></element><element><id>8</id><category>wall</category><bounds><corner1>-1.07959678, -1.24132455, -0.08685956</corner1><corner2>1.07959678, 1.24132455, 0.08685956</corner2></bounds><pose><translation> 0.82666518, -0.13315838,  2.85193424</translation><rotation><c1>1., 0., 0.</c1><c2>0., 1., 0.</c2><c3>0., 0., 1.</c3></rotation></pose><symmetry><x>none</x><y>none</y><z>none</z></symmetry><detectionScore>-1</detectionScore></element><element><id>1</id><category>sink</category><bounds><corner1>-0.56414799, -0.28455513, -0.81691103</corner1><corner2>0.56414799, 0.28455513, 0.81691103</corner2></bounds><pose><translation> 1.40495241, -0.84575634,  0.91615475</translation><rotation><c1>1., 0., 0.</c1><c2>0., 1., 0.</c2><c3>0., 0., 1.</c3></rotation></pose><symmetry><x>none</x><y>none</y><z>none</z></symmetry><detectionScore>-1</detectionScore></element></elements></scene>