<?xml version='1.0' encoding='utf-8'?>
<scene xmlns:sumo="https://www.sumochallenge.org"><version>2.0</version><categories><id>fb_categories_v1_0</id><url>https://sumochallenge.org/en/categories-1_0.json</url></categories><project_type>bounding_box</project_type><elements><element><id>3</id><category>wall</category><bounds><corner1>-2.16086517, -1.18829504, -0.06857801</corner1><corner2>2.16086517, 1.18829504, 0.06857801</corner2></bounds><pose><translation> 0.967601  , -0.05968337,  3.56976825</translation><rotation><c1>1., 0., 0.</c1><c2>0., 1., 0.</c2><c3>0., 0., 1.</c3></rotation></pose><symmetry><x>none</x><y>twoFold</y><z>none</z></symmetry><detectionScore>0.98313314</detectionScore></element><element><id>1</id><category>curtain</category><bounds><corner1>-0.28762365, -1.3319425 , -0.45770226</corner1><corner2>0.28762365, 1.3319425 , 0.45770226</corner2></bounds><pose><translation>-1.32161935, -0.14275345,  2.66517484</translation><rotation><c1>1., 0., 0.</c1><c2>0., 1., 0.</c2><c3>0., 0., 1.</c3></rotation></pose><symmetry><x>none</x><y>twoFold</y><z>none</z></symmetry><detectionScore>0.6211723</detectionScore></element><element><id>6</id><category>door</category><bounds><corner1>-0.64969001, -1.17743692, -0.05949527</corner1><corner2>0.64969001, 1.17743692, 0.05949527</corner2></bounds><pose><translation>-0.68103997, -0.26053998,  3.60218149</translation><rotation><c1>1., 0., 0.</c1><c2>0., 1., 0.</c2><c3>0., 0., 1.</c3></rotation></pose><symmetry><x>twoFold</x><y>twoFold</y><z>twoFold</z></symmetry><detectionScore>0.98561376</detectionScore></element><element><id>5</id><category>television</category><bounds><corner1>-0.61793599, -0.32911932, -0.27218687</corner1><corner2>0.61793599, 0.32911932, 0.27218687</corner2></bounds><pose><translation> 1.41691219, -0.20994967,  3.30983408</translation><rotation><c1>1., 0., 0.</c1><c2>0., 1., 0.</c2><c3>0., 0., 1.</c3></rotation></pose><symmetry><x>none</x><y>none</y><z>twoFold</z></symmetry><detectionScore>0.9914391</detectionScore></element><element><id>8</id><category>picture_frame</category><bounds><corner1>-0.21884895, -0.65362206, -0.15894487</corner1><corner2>0.21884895, 0.65362206, 0.15894487</corner2></bounds><pose><translation> 0.01769589, -0.1110741 , -1.17496389</translation><rotation><c1>1., 0., 0.</c1><c2>0., 1., 0.</c2><c3>0., 0., 1.</c3></rotation></pose><symmetry><x>none</x><y>fourFold</y><z>none</z></symmetry><detectionScore>0.5695155</detectionScore></element><element><id>7</id><category>books</category><bounds><corner1>-0.13921924, -0.0890647 , -0.05961109</corner1><corner2>0.13921924, 0.0890647 , 0.05961109</corner2></bounds><pose><translation> 2.05835711, -0.89499892,  3.19327812</translation><rotation><c1>1., 0., 0.</c1><c2>0., 1., 0.</c2><c3>0., 0., 1.</c3></rotation></pose><symmetry><x>twoFold</x><y>twoFold</y><z>twoFold</z></symmetry><detectionScore>0.9552974</detectionScore></element><element><id>4</id><category>shelving</category><bounds><corner1>-0.88025595, -0.4192239 , -0.35515062</corner1><corner2>0.88025595, 0.4192239 , 0.35515062</corner2></bounds><pose><translation> 1.55864275, -1.07517054,  3.22410595</translation><rotation><c1>1., 0., 0.</c1><c2>0., 1., 0.</c2><c3>0., 0., 1.</c3></rotation></pose><symmetry><x>twoFold</x><y>twoFold</y><z>twoFold</z></symmetry><detectionScore>0.6702831</detectionScore></element><element><id>9</id><category>wall</category><bounds><corner1>-0.12017765, -1.11240225, -1.648921  </corner1><corner2>0.12017765, 1.11240225, 1.648921  </corner2></bounds><pose><translation>3.1258614 , 0.05829945, 0.37684914</translation><rotation><c1>1., 0., 0.</c1><c2>0., 1., 0.</c2><c3>0., 0., 1.</c3></rotation></pose><symmetry><x>none</x><y>twoFold</y><z>none</z></symmetry><detectionScore>0.5826554</detectionScore></element></elements></scene>