<?xml version='1.0' encoding='utf-8'?>
<scene xmlns:sumo="https://www.sumochallenge.org"><version>2.0</version><categories><id>fb_categories_v1.0</id><url>https://sumochallenge.org/en/categories-1_0.json</url></categories><project_type>bounding_box</project_type><elements><element><id>5</id><category>chair</category><bounds><corner1>-0.41106359, -0.47048126, -0.41984416</corner1><corner2>0.41106359, 0.47048126, 0.41984416</corner2></bounds><pose><translation>-1.89708613, -1.0026715 ,  0.5604883 </translation><rotation><c1>1., 0., 0.</c1><c2>0., 1., 0.</c2><c3>0., 0., 1.</c3></rotation></pose><symmetry><x>none</x><y>none</y><z>none</z></symmetry><detectionScore>0.9801122</detectionScore></element><element><id>15</id><category>kitchen_cabinet</category><bounds><corner1>-0.27588594, -1.09478514, -0.14800322</corner1><corner2>0.27588594, 1.09478514, 0.14800322</corner2></bounds><pose><translation>-0.43868054, -0.10645479, -1.01298939</translation><rotation><c1>1., 0., 0.</c1><c2>0., 1., 0.</c2><c3>0., 0., 1.</c3></rotation></pose><symmetry><x>none</x><y>none</y><z>none</z></symmetry><detectionScore>0.7211033</detectionScore></element><element><id>11</id><category>chair</category><bounds><corner1>-0.39409669, -0.44063458, -0.44648143</corner1><corner2>0.39409669, 0.44063458, 0.44648143</corner2></bounds><pose><translation>-1.78306845, -0.98879982, -1.07776553</translation><rotation><c1>1., 0., 0.</c1><c2>0., 1., 0.</c2><c3>0., 0., 1.</c3></rotation></pose><symmetry><x>none</x><y>none</y><z>none</z></symmetry><detectionScore>0.8729656</detectionScore></element><element><id>4</id><category>window</category><bounds><corner1>-0.10085335, -0.64001202, -0.86656496</corner1><corner2>0.10085335, 0.64001202, 0.86656496</corner2></bounds><pose><translation>-2.37489623,  0.11628045, -1.48359516</translation><rotation><c1>1., 0., 0.</c1><c2>0., 1., 0.</c2><c3>0., 0., 1.</c3></rotation></pose><symmetry><x>none</x><y>twoFold</y><z>none</z></symmetry><detectionScore>0.5698911</detectionScore></element><element><id>3</id><category>office_chair</category><bounds><corner1>-0.53820863, -0.58377073, -0.81227929</corner1><corner2>0.53820863, 0.58377073, 0.81227929</corner2></bounds><pose><translation> 2.16292787, -1.07335739,  1.22879947</translation><rotation><c1>1., 0., 0.</c1><c2>0., 1., 0.</c2><c3>0., 0., 1.</c3></rotation></pose><symmetry><x>none</x><y>none</y><z>none</z></symmetry><detectionScore>0.99741876</detectionScore></element><element><id>12</id><category>chair</category><bounds><corner1>-0.12604714, -0.21154235, -0.30407166</corner1><corner2>0.12604714, 0.21154235, 0.30407166</corner2></bounds><pose><translation>-1.19803689, -0.73393827, -0.23579155</translation><rotation><c1>1., 0., 0.</c1><c2>0., 1., 0.</c2><c3>0., 0., 1.</c3></rotation></pose><symmetry><x>none</x><y>none</y><z>none</z></symmetry><detectionScore>0.88834393</detectionScore></element><element><id>2</id><category>loudspeaker</category><bounds><corner1>-0.10450635, -0.53776134, -0.37871951</corner1><corner2>0.10450635, 0.53776134, 0.37871951</corner2></bounds><pose><translation>-1.06947346, -0.85620598,  2.43806025</translation><rotation><c1>1., 0., 0.</c1><c2>0., 1., 0.</c2><c3>0., 0., 1.</c3></rotation></pose><symmetry><x>none</x><y>fourFold</y><z>none</z></symmetry><detectionScore>0.5428045</detectionScore></element><element><id>1</id><category>pedestal_fan</category><bounds><corner1>-1.07579044, -0.62612253, -0.06772256</corner1><corner2>1.07579044, 0.62612253, 0.06772256</corner2></bounds><pose><translation>-1.60506698, -0.98626521,  2.760098  </translation><rotation><c1>1., 0., 0.</c1><c2>0., 1., 0.</c2><c3>0., 0., 1.</c3></rotation></pose><symmetry><x>none</x><y>none</y><z>none</z></symmetry><detectionScore>0.94580305</detectionScore></element><element><id>13</id><category>loudspeaker</category><bounds><corner1>-0.42761467, -0.5930814 , -0.35619414</corner1><corner2>0.42761467, 0.5930814 , 0.35619414</corner2></bounds><pose><translation> 1.02893577, -0.94530534,  2.45891932</translation><rotation><c1>1., 0., 0.</c1><c2>0., 1., 0.</c2><c3>0., 0., 1.</c3></rotation></pose><symmetry><x>none</x><y>fourFold</y><z>none</z></symmetry><detectionScore>0.58841574</detectionScore></element><element><id>9</id><category>wall</category><bounds><corner1>-2.08700719, -1.15381292, -0.06913712</corner1><corner2>2.08700719, 1.15381292, 0.06913712</corner2></bounds><pose><translation> 0.08347877, -0.20324277,  2.7588502 </translation><rotation><c1>1., 0., 0.</c1><c2>0., 1., 0.</c2><c3>0., 0., 1.</c3></rotation></pose><symmetry><x>none</x><y>twoFold</y><z>none</z></symmetry><detectionScore>0.93849593</detectionScore></element><element><id>8</id><category>desk</category><bounds><corner1>-1.01587408, -0.34180826, -0.46929511</corner1><corner2>1.01587408, 0.34180826, 0.46929511</corner2></bounds><pose><translation> 1.65601971, -0.98667947,  0.26805242</translation><rotation><c1>1., 0., 0.</c1><c2>0., 1., 0.</c2><c3>0., 0., 1.</c3></rotation></pose><symmetry><x>none</x><y>none</y><z>none</z></symmetry><detectionScore>0.56535167</detectionScore></element><element><id>6</id><category>wall</category><bounds><corner1>-1.62993207, -0.875655  , -0.        </corner1><corner2> 1.62993207,  0.875655  , -0.        </corner2></bounds><pose><translation>0., 0., 0.</translation><rotation><c1>1., 0., 0.</c1><c2>0., 1., 0.</c2><c3>0., 0., 1.</c3></rotation></pose><symmetry><x>none</x><y>twoFold</y><z>none</z></symmetry><detectionScore>0.56673026</detectionScore></element><element><id>14</id><category>tv_stand</category><bounds><corner1>-0.8059918 , -0.72899505, -0.31110486</corner1><corner2>0.8059918 , 0.72899505, 0.31110486</corner2></bounds><pose><translation>-0.11737853, -0.77484669,  2.49506487</translation><rotation><c1>1., 0., 0.</c1><c2>0., 1., 0.</c2><c3>0., 0., 1.</c3></rotation></pose><symmetry><x>none</x><y>none</y><z>none</z></symmetry><detectionScore>0.99828076</detectionScore></element></elements></scene>