<?xml version='1.0' encoding='utf-8'?>
<scene xmlns:sumo="https://www.sumochallenge.org"><version>2.0</version><categories><id>fb_categories_v1_0</id><url>https://sumochallenge.org/en/categories-1_0.json</url></categories><project_type>bounding_box</project_type><elements><element><id>0</id><category>ceiling_fan</category><bounds><corner1>-0.41714848753909406, -0.07110344984330674, -0.5513504205005483</corner1><corner2>0.41714848753909406, 0.07110344984330674, 0.5513504205005483</corner2></bounds><pose><translation>2.167815347740967, 1.5564787934820117, -1.2074686160371602</translation><rotation><c1>1, 0, 0</c1><c2>0, 1, 0</c2><c3>0, 0, 1</c3></rotation></pose><symmetry><x>twoFold</x><y>cylindrical</y><z>twoFold</z></symmetry><detectionScore>-1.0</detectionScore></element><element><id>1</id><category>window</category><bounds><corner1>-0.0772922112393859, -0.8425946533191032, -0.8448733199755205</corner1><corner2>0.0772922112393859, 0.8425946533191032, 0.8448733199755205</corner2></bounds><pose><translation>3.3901604483716743, 0.2226104820435745, 0.12273353480500832</translation><rotation><c1>1, 0, 0</c1><c2>0, 1, 0</c2><c3>0, 0, 1</c3></rotation></pose><symmetry><x>twoFold</x><y>cylindrical</y><z>twoFold</z></symmetry><detectionScore>-1.0</detectionScore></element><element><id>2</id><category>wall</category><bounds><corner1>-0.16219433424916074, -1.5098686516834792, -1.881299527863914</corner1><corner2>0.16219433424916074, 1.5098686516834792, 1.881299527863914</corner2></bounds><pose><translation>3.3052583253618995, 0.02288146973707678, -0.6556544177030865</translation><rotation><c1>1, 0, 0</c1><c2>0, 1, 0</c2><c3>0, 0, 1</c3></rotation></pose><symmetry><x>twoFold</x><y>cylindrical</y><z>twoFold</z></symmetry><detectionScore>-1.0</detectionScore></element><element><id>3</id><category>door</category><bounds><corner1>-0.18196349976868342, -1.095400821081225, -1.0689887792454071</corner1><corner2>0.18196349976868342, 1.095400821081225, 1.0689887792454071</corner2></bounds><pose><translation>-1.6422894217449329, 0.050881552478711026, 0.06019009430813302</translation><rotation><c1>1, 0, 0</c1><c2>0, 1, 0</c2><c3>0, 0, 1</c3></rotation></pose><symmetry><x>twoFold</x><y>cylindrical</y><z>twoFold</z></symmetry><detectionScore>-1.0</detectionScore></element><element><id>4</id><category>iron</category><bounds><corner1>-0.5830234464302877, -0.3109887990151212, -0.35957067836579704</corner1><corner2>0.5830234464302877, 0.3109887990151212, 0.35957067836579704</corner2></bounds><pose><translation>2.3757098532399565, -1.5909818008556422, 0.841820958401281</translation><rotation><c1>1, 0, 0</c1><c2>0, 1, 0</c2><c3>0, 0, 1</c3></rotation></pose><symmetry><x>twoFold</x><y>cylindrical</y><z>twoFold</z></symmetry><detectionScore>-1.0</detectionScore></element><element><id>5</id><category>ironing_board</category><bounds><corner1>-1.1476442955838424, -0.8817730094331513, -0.2674862139747276</corner1><corner2>1.1476442955838424, 0.8817730094331513, 0.2674862139747276</corner2></bounds><pose><translation>2.231896563807008, -1.2570743344522275, 1.0285966784650769</translation><rotation><c1>1, 0, 0</c1><c2>0, 1, 0</c2><c3>0, 0, 1</c3></rotation></pose><symmetry><x>twoFold</x><y>cylindrical</y><z>twoFold</z></symmetry><detectionScore>-1.0</detectionScore></element><element><id>6</id><category>wall</category><bounds><corner1>-0.2026913757323836, -0.533898231427718, -0.8090526129444999</corner1><corner2>0.2026913757323836, 0.533898231427718, 0.8090526129444999</corner2></bounds><pose><translation>-1.6801392893905491, 0.00824149511467088, 0.5324559733992371</translation><rotation><c1>1, 0, 0</c1><c2>0, 1, 0</c2><c3>0, 0, 1</c3></rotation></pose><symmetry><x>twoFold</x><y>cylindrical</y><z>twoFold</z></symmetry><detectionScore>-1.0</detectionScore></element><element><id>7</id><category>wall</category><bounds><corner1>-0.011751165119286006, -0.43443885503208135, -0.02509691977710027</corner1><corner2>0.011751165119286006, 0.43443885503208135, 0.02509691977710027</corner2></bounds><pose><translation>0.16942328208066584, -0.007303084542329806, 1.4835806071222</translation><rotation><c1>1, 0, 0</c1><c2>0, 1, 0</c2><c3>0, 0, 1</c3></rotation></pose><symmetry><x>twoFold</x><y>cylindrical</y><z>twoFold</z></symmetry><detectionScore>-1.0</detectionScore></element><element><id>8</id><category>window</category><bounds><corner1>-0.19527319887839423, -0.9928702310879508, -0.9647666355273213</corner1><corner2>0.19527319887839423, 0.9928702310879508, 0.9647666355273213</corner2></bounds><pose><translation>-1.6555991208546437, 0.19803007117470597, 0.1874254107604495</translation><rotation><c1>1, 0, 0</c1><c2>0, 1, 0</c2><c3>0, 0, 1</c3></rotation></pose><symmetry><x>twoFold</x><y>cylindrical</y><z>twoFold</z></symmetry><detectionScore>-1.0</detectionScore></element><element><id>9</id><category>wall</category><bounds><corner1>-0.1154104541866654, -0.20589385095541002, -0.4087228581583908</corner1><corner2>0.1154104541866654, 0.20589385095541002, 0.4087228581583908</corner2></bounds><pose><translation>-1.6565725234100028, 0.001618065869459847, -0.7263813462457104</translation><rotation><c1>1, 0, 0</c1><c2>0, 1, 0</c2><c3>0, 0, 1</c3></rotation></pose><symmetry><x>twoFold</x><y>cylindrical</y><z>twoFold</z></symmetry><detectionScore>-1.0</detectionScore></element><element><id>10</id><category>window</category><bounds><corner1>-0.11046626808075599, -0.8473243149037318, -0.890173173757478</corner1><corner2>0.11046626808075599, 0.8473243149037318, 0.890173173757478</corner2></bounds><pose><translation>3.3272614950748913, 0.21133589999292968, -1.8790991876324137</translation><rotation><c1>1, 0, 0</c1><c2>0, 1, 0</c2><c3>0, 0, 1</c3></rotation></pose><symmetry><x>twoFold</x><y>cylindrical</y><z>twoFold</z></symmetry><detectionScore>-1.0</detectionScore></element><element><id>11</id><category>person</category><bounds><corner1>-0.22702580721389465, -1.0496460774328282, -0.8563490713136659</corner1><corner2>0.22702580721389465, 1.0496460774328282, 0.8563490713136659</corner2></bounds><pose><translation>-1.0132464861353567, -0.4554988299528142, -2.101284762168835</translation><rotation><c1>1, 0, 0</c1><c2>0, 1, 0</c2><c3>0, 0, 1</c3></rotation></pose><symmetry><x>twoFold</x><y>cylindrical</y><z>twoFold</z></symmetry><detectionScore>-1.0</detectionScore></element><element><id>12</id><category>wall</category><bounds><corner1>-0.06980804646632444, -0.20048406986091039, -0.6438200567867814</corner1><corner2>0.06980804646632444, 0.20048406986091039, 0.6438200567867814</corner2></bounds><pose><translation>-1.701306731123866, 0.014966163309888208, 0.1105692426054234</translation><rotation><c1>1, 0, 0</c1><c2>0, 1, 0</c2><c3>0, 0, 1</c3></rotation></pose><symmetry><x>twoFold</x><y>cylindrical</y><z>twoFold</z></symmetry><detectionScore>-1.0</detectionScore></element><element><id>13</id><category>wall</category><bounds><corner1>-0.015034296106209988, -0.4464409268491624, -0.02705324231182482</corner1><corner2>0.015034296106209988, 0.4464409268491624, 0.02705324231182482</corner2></bounds><pose><translation>0.20114371354960195, 0.010173881588028674, 1.481676409726162</translation><rotation><c1>1, 0, 0</c1><c2>0, 1, 0</c2><c3>0, 0, 1</c3></rotation></pose><symmetry><x>twoFold</x><y>cylindrical</y><z>twoFold</z></symmetry><detectionScore>-1.0</detectionScore></element><element><id>14</id><category>wall</category><bounds><corner1>-0.009953144041473294, -0.4596127812720853, -0.025288262963380825</corner1><corner2>0.009953144041473294, 0.4596127812720853, 0.025288262963380825</corner2></bounds><pose><translation>0.2529376969500414, 0.004346223855907222, 1.479319511121202</translation><rotation><c1>1, 0, 0</c1><c2>0, 1, 0</c2><c3>0, 0, 1</c3></rotation></pose><symmetry><x>twoFold</x><y>cylindrical</y><z>twoFold</z></symmetry><detectionScore>-1.0</detectionScore></element></elements></scene>