<?xml version='1.0' encoding='utf-8'?>
<scene xmlns:sumo="https://www.sumochallenge.org"><version>2.0</version><categories><id>fb_categories_v1_0</id><url>https://sumochallenge.org/en/categories-1_0.json</url></categories><project_type>bounding_box</project_type><elements><element><id>0</id><category>window</category><bounds><corner1>-1.2390774766854675, -1.315484666428448, -0.22538106291730475</corner1><corner2>1.2390774766854675, 1.315484666428448, 0.22538106291730475</corner2></bounds><pose><translation>-1.4580371712367928, 0.012187184647538879, 4.07969959140686</translation><rotation><c1>1, 0, 0</c1><c2>0, 1, 0</c2><c3>0, 0, 1</c3></rotation></pose><symmetry><x>twoFold</x><y>cylindrical</y><z>twoFold</z></symmetry><detectionScore>-1.0</detectionScore></element><element><id>1</id><category>chair</category><bounds><corner1>-0.3220126071991022, -0.8655419683809498, -2.038928593512338</corner1><corner2>0.3220126071991022, 0.8655419683809498, 2.038928593512338</corner2></bounds><pose><translation>0.1269119786017757, -1.575973214511235, 2.086996691766959</translation><rotation><c1>1, 0, 0</c1><c2>0, 1, 0</c2><c3>0, 0, 1</c3></rotation></pose><symmetry><x>twoFold</x><y>cylindrical</y><z>twoFold</z></symmetry><detectionScore>-1.0</detectionScore></element><element><id>2</id><category>wall</category><bounds><corner1>-0.04618462211428209, -0.16069574445099322, -0.06409572695252685</corner1><corner2>0.04618462211428209, 0.16069574445099322, 0.06409572695252685</corner2></bounds><pose><translation>-2.5800539194927214, -0.4513278241061925, 1.6302531583462823</translation><rotation><c1>1, 0, 0</c1><c2>0, 1, 0</c2><c3>0, 0, 1</c3></rotation></pose><symmetry><x>twoFold</x><y>cylindrical</y><z>twoFold</z></symmetry><detectionScore>-1.0</detectionScore></element><element><id>3</id><category>hanging_kitchen_cabinet</category><bounds><corner1>-0.12487444230990441, -0.8968204105220519, -0.9073233906649019</corner1><corner2>0.12487444230990441, 0.8968204105220519, 0.9073233906649019</corner2></bounds><pose><translation>3.5610588179918143, 0.2312575707469488, -0.2679950022335804</translation><rotation><c1>1, 0, 0</c1><c2>0, 1, 0</c2><c3>0, 0, 1</c3></rotation></pose><symmetry><x>twoFold</x><y>cylindrical</y><z>twoFold</z></symmetry><detectionScore>-1.0</detectionScore></element><element><id>4</id><category>floor_lamp</category><bounds><corner1>-0.5116440752078457, -0.7400780858491498, -0.3553252221423946</corner1><corner2>0.5116440752078457, 0.7400780858491498, 0.3553252221423946</corner2></bounds><pose><translation>3.1137648579624564, -0.8971674664666782, -1.8515083928218952</translation><rotation><c1>1, 0, 0</c1><c2>0, 1, 0</c2><c3>0, 0, 1</c3></rotation></pose><symmetry><x>twoFold</x><y>cylindrical</y><z>twoFold</z></symmetry><detectionScore>-1.0</detectionScore></element><element><id>5</id><category>door</category><bounds><corner1>-1.2356714022970088, -1.4540541150297772, -0.2500414625771441</corner1><corner2>1.2356714022970088, 1.4540541150297772, 0.2500414625771441</corner2></bounds><pose><translation>-1.454631096848334, -0.07709213869063232, 4.055039191747021</translation><rotation><c1>1, 0, 0</c1><c2>0, 1, 0</c2><c3>0, 0, 1</c3></rotation></pose><symmetry><x>twoFold</x><y>cylindrical</y><z>twoFold</z></symmetry><detectionScore>-1.0</detectionScore></element><element><id>6</id><category>chair</category><bounds><corner1>-0.7531778748879037, -0.6046157619807243, -0.514409312946825</corner1><corner2>0.7531778748879037, 0.6046157619807243, 0.514409312946825</corner2></bounds><pose><translation>-0.6429320120828224, -0.9501507392969855, 3.7813589133794303</translation><rotation><c1>1, 0, 0</c1><c2>0, 1, 0</c2><c3>0, 0, 1</c3></rotation></pose><symmetry><x>twoFold</x><y>cylindrical</y><z>twoFold</z></symmetry><detectionScore>-1.0</detectionScore></element><element><id>7</id><category>table_and_chair</category><bounds><corner1>-0.899846696051946, -0.6965367909317883, -1.2773414129727882</corner1><corner2>0.899846696051946, 0.6965367909317883, 1.2773414129727882</corner2></bounds><pose><translation>-4.134000518397582, -1.2614192772346986, -0.09284544543509302</translation><rotation><c1>1, 0, 0</c1><c2>0, 1, 0</c2><c3>0, 0, 1</c3></rotation></pose><symmetry><x>twoFold</x><y>cylindrical</y><z>twoFold</z></symmetry><detectionScore>-1.0</detectionScore></element><element><id>8</id><category>chair</category><bounds><corner1>-0.6878457601645844, -0.8023352660267735, -1.7986652774011986</corner1><corner2>0.6878457601645844, 0.8023352660267735, 1.7986652774011986</corner2></bounds><pose><translation>-1.6661765028440543, -1.4508681871399371, 2.3229507549799573</translation><rotation><c1>1, 0, 0</c1><c2>0, 1, 0</c2><c3>0, 0, 1</c3></rotation></pose><symmetry><x>twoFold</x><y>cylindrical</y><z>twoFold</z></symmetry><detectionScore>-1.0</detectionScore></element><element><id>9</id><category>coffee_table</category><bounds><corner1>-0.7523680839768697, -0.6630353978751314, -1.6486021603145828</corner1><corner2>0.7523680839768697, 0.6630353978751314, 1.6486021603145828</corner2></bounds><pose><translation>-1.4125983446313803, -1.3367578496302548, 2.613448127200336</translation><rotation><c1>1, 0, 0</c1><c2>0, 1, 0</c2><c3>0, 0, 1</c3></rotation></pose><symmetry><x>twoFold</x><y>cylindrical</y><z>twoFold</z></symmetry><detectionScore>-1.0</detectionScore></element><element><id>10</id><category>wall</category><bounds><corner1>-1.5636348294447158, -1.4949640833602018, -0.2913465529152557</corner1><corner2>1.5636348294447158, 1.4949640833602018, 0.2913465529152557</corner2></bounds><pose><translation>-1.267354201826395, -0.11650928649125847, 4.013734101408909</translation><rotation><c1>1, 0, 0</c1><c2>0, 1, 0</c2><c3>0, 0, 1</c3></rotation></pose><symmetry><x>twoFold</x><y>cylindrical</y><z>twoFold</z></symmetry><detectionScore>-1.0</detectionScore></element><element><id>11</id><category>chair</category><bounds><corner1>-0.5239632490568552, -0.586140125635504, -1.5301650940587783</corner1><corner2>0.5239632490568552, 0.586140125635504, 1.5301650940587783</corner2></bounds><pose><translation>-1.425013244936337, -1.244751200200183, 2.676148385505502</translation><rotation><c1>1, 0, 0</c1><c2>0, 1, 0</c2><c3>0, 0, 1</c3></rotation></pose><symmetry><x>twoFold</x><y>cylindrical</y><z>twoFold</z></symmetry><detectionScore>-1.0</detectionScore></element><element><id>12</id><category>kitchen_cabinet</category><bounds><corner1>-2.316809254885969, -1.5770487618058056, -1.5789159712997927</corner1><corner2>2.316809254885969, 1.5770487618058056, 1.5789159712997927</corner2></bounds><pose><translation>-4.876600431320312, -0.18793786504975513, -0.29425349516188887</translation><rotation><c1>1, 0, 0</c1><c2>0, 1, 0</c2><c3>0, 0, 1</c3></rotation></pose><symmetry><x>twoFold</x><y>cylindrical</y><z>twoFold</z></symmetry><detectionScore>-1.0</detectionScore></element><element><id>13</id><category>wall</category><bounds><corner1>-0.04591478171829122, -0.13763211752394722, -0.052753799787289335</corner1><corner2>0.04591478171829122, 0.13763211752394722, 0.052753799787289335</corner2></bounds><pose><translation>-2.5760143383169773, -0.5987775550048062, 1.627371643074547</translation><rotation><c1>1, 0, 0</c1><c2>0, 1, 0</c2><c3>0, 0, 1</c3></rotation></pose><symmetry><x>twoFold</x><y>cylindrical</y><z>twoFold</z></symmetry><detectionScore>-1.0</detectionScore></element><element><id>14</id><category>kitchen_cabinet</category><bounds><corner1>-0.09685209250133653, -0.5089114086797017, -1.29027399768086</corner1><corner2>0.09685209250133653, 0.5089114086797017, 1.29027399768086</corner2></bounds><pose><translation>-2.584461380070499, -0.7469733870102278, 1.5825635199493158</translation><rotation><c1>1, 0, 0</c1><c2>0, 1, 0</c2><c3>0, 0, 1</c3></rotation></pose><symmetry><x>twoFold</x><y>cylindrical</y><z>twoFold</z></symmetry><detectionScore>-1.0</detectionScore></element><element><id>15</id><category>armchair</category><bounds><corner1>-0.7397261246232444, -0.8087549985699659, -1.8437185226690977</corner1><corner2>0.7397261246232444, 0.8087549985699659, 1.8437185226690977</corner2></bounds><pose><translation>-1.5689761070210542, -1.467366073134645, 2.3553496460131567</translation><rotation><c1>1, 0, 0</c1><c2>0, 1, 0</c2><c3>0, 0, 1</c3></rotation></pose><symmetry><x>twoFold</x><y>cylindrical</y><z>twoFold</z></symmetry><detectionScore>-1.0</detectionScore></element><element><id>16</id><category>picture_frame</category><bounds><corner1>-0.8541080158572159, -0.45454580998744704, -0.1040601056348387</corner1><corner2>0.8541080158572159, 0.45454580998744704, 0.1040601056348387</corner2></bounds><pose><translation>1.5099465163499624, 0.3526407015634098, -2.7545835536727585</translation><rotation><c1>1, 0, 0</c1><c2>0, 1, 0</c2><c3>0, 0, 1</c3></rotation></pose><symmetry><x>twoFold</x><y>cylindrical</y><z>twoFold</z></symmetry><detectionScore>-1.0</detectionScore></element><element><id>17</id><category>glass</category><bounds><corner1>-0.10548418213370958, -0.39100312123817826, -0.3214722601325264</corner1><corner2>0.10548418213370958, 0.39100312123817826, 0.3214722601325264</corner2></bounds><pose><translation>3.5199247510365925, -0.12625843504256476, -2.0984199153540426</translation><rotation><c1>1, 0, 0</c1><c2>0, 1, 0</c2><c3>0, 0, 1</c3></rotation></pose><symmetry><x>twoFold</x><y>cylindrical</y><z>twoFold</z></symmetry><detectionScore>-1.0</detectionScore></element><element><id>18</id><category>wall</category><bounds><corner1>-0.8623652596539808, -1.4636953768055307, -1.9528686544171128</corner1><corner2>0.8623652596539808, 1.4636953768055307, 1.9528686544171128</corner2></bounds><pose><translation>-0.08084965866154809, -0.07969038283983372, -3.8920108634311137</translation><rotation><c1>1, 0, 0</c1><c2>0, 1, 0</c2><c3>0, 0, 1</c3></rotation></pose><symmetry><x>twoFold</x><y>cylindrical</y><z>twoFold</z></symmetry><detectionScore>-1.0</detectionScore></element><element><id>19</id><category>wall</category><bounds><corner1>-0.5848971225611103, -1.6629675045424153, -0.553074683299279</corner1><corner2>0.5848971225611103, 1.6629675045424153, 0.553074683299279</corner2></bounds><pose><translation>-1.2221433374139474, -0.16973018675985768, -2.5802022296660674</translation><rotation><c1>1, 0, 0</c1><c2>0, 1, 0</c2><c3>0, 0, 1</c3></rotation></pose><symmetry><x>twoFold</x><y>cylindrical</y><z>twoFold</z></symmetry><detectionScore>-1.0</detectionScore></element><element><id>20</id><category>dining_table</category><bounds><corner1>-1.021396621925696, -0.6523536202067913, -1.531535867676753</corner1><corner2>1.021396621925696, 0.6523536202067913, 1.531535867676753</corner2></bounds><pose><translation>-1.3786941009340523, -1.2410750272798614, 2.7582385506981413</translation><rotation><c1>1, 0, 0</c1><c2>0, 1, 0</c2><c3>0, 0, 1</c3></rotation></pose><symmetry><x>twoFold</x><y>cylindrical</y><z>twoFold</z></symmetry><detectionScore>-1.0</detectionScore></element><element><id>21</id><category>wall</category><bounds><corner1>-2.939990454920624, -1.4198567993932834, -2.108633557571783</corner1><corner2>2.939990454920624, 1.4198567993932834, 2.108633557571783</corner2></bounds><pose><translation>-5.508611818174441, -0.09024247681661542, -0.2202803938477852</translation><rotation><c1>1, 0, 0</c1><c2>0, 1, 0</c2><c3>0, 0, 1</c3></rotation></pose><symmetry><x>twoFold</x><y>cylindrical</y><z>twoFold</z></symmetry><detectionScore>-1.0</detectionScore></element><element><id>22</id><category>dining_table</category><bounds><corner1>-0.8981989117845495, -0.6273125021505959, -1.218625499618979</corner1><corner2>0.8981989117845495, 0.6273125021505959, 1.218625499618979</corner2></bounds><pose><translation>-4.146937037311875, -1.207308031811744, -0.13350813246576695</translation><rotation><c1>1, 0, 0</c1><c2>0, 1, 0</c2><c3>0, 0, 1</c3></rotation></pose><symmetry><x>twoFold</x><y>cylindrical</y><z>twoFold</z></symmetry><detectionScore>-1.0</detectionScore></element><element><id>23</id><category>column</category><bounds><corner1>-0.4508535892328326, -2.0280114465918424, -0.4241658115886813</corner1><corner2>0.4508535892328326, 2.0280114465918424, 0.4241658115886813</corner2></bounds><pose><translation>-1.2849772499751009, -0.04442466349371044, -2.0772308139744156</translation><rotation><c1>1, 0, 0</c1><c2>0, 1, 0</c2><c3>0, 0, 1</c3></rotation></pose><symmetry><x>twoFold</x><y>cylindrical</y><z>twoFold</z></symmetry><detectionScore>-1.0</detectionScore></element><element><id>24</id><category>door</category><bounds><corner1>-0.568628113136793, -1.3382632594422958, -1.945033557234028</corner1><corner2>0.568628113136793, 1.3382632594422958, 1.945033557234028</corner2></bounds><pose><translation>-0.11161218690072476, -0.4095742325956032, -3.9173163167863496</translation><rotation><c1>1, 0, 0</c1><c2>0, 1, 0</c2><c3>0, 0, 1</c3></rotation></pose><symmetry><x>twoFold</x><y>cylindrical</y><z>twoFold</z></symmetry><detectionScore>-1.0</detectionScore></element><element><id>25</id><category>table_lamp</category><bounds><corner1>-1.4726392098549987, -0.35543602474591385, -0.442422882710075</corner1><corner2>1.4726392098549987, 0.35543602474591385, 0.442422882710075</corner2></bounds><pose><translation>1.952995427372144, -1.4167947613728769, -0.5740931965012052</translation><rotation><c1>1, 0, 0</c1><c2>0, 1, 0</c2><c3>0, 0, 1</c3></rotation></pose><symmetry><x>twoFold</x><y>cylindrical</y><z>twoFold</z></symmetry><detectionScore>-1.0</detectionScore></element><element><id>26</id><category>curtain</category><bounds><corner1>-1.3725697540182438, -1.4790190988484595, -0.2544219453787173</corner1><corner2>1.3725697540182438, 1.4790190988484595, 0.2544219453787173</corner2></bounds><pose><translation>-1.4045394664352795, -0.10046691913303912, 4.0506587089454476</translation><rotation><c1>1, 0, 0</c1><c2>0, 1, 0</c2><c3>0, 0, 1</c3></rotation></pose><symmetry><x>twoFold</x><y>cylindrical</y><z>twoFold</z></symmetry><detectionScore>-1.0</detectionScore></element><element><id>27</id><category>chandelier</category><bounds><corner1>-0.8623417985076955, -0.08350038454828979, -0.6200902518783904</corner1><corner2>0.8623417985076955, 0.08350038454828979, 0.6200902518783904</corner2></bounds><pose><translation>-1.8661819509554627, 1.3488486556530175, 3.6474036344172873</translation><rotation><c1>1, 0, 0</c1><c2>0, 1, 0</c2><c3>0, 0, 1</c3></rotation></pose><symmetry><x>twoFold</x><y>cylindrical</y><z>twoFold</z></symmetry><detectionScore>-1.0</detectionScore></element><element><id>28</id><category>kitchen_cabinet</category><bounds><corner1>-0.8949554224421958, -0.4879940499939861, -1.130502626362672</corner1><corner2>0.8949554224421958, 0.4879940499939861, 1.130502626362672</corner2></bounds><pose><translation>-4.186199658895711, -1.0528765362968964, -0.02052789532948151</translation><rotation><c1>1, 0, 0</c1><c2>0, 1, 0</c2><c3>0, 0, 1</c3></rotation></pose><symmetry><x>twoFold</x><y>cylindrical</y><z>twoFold</z></symmetry><detectionScore>-1.0</detectionScore></element><element><id>29</id><category>wall</category><bounds><corner1>-0.30473889996563, -1.503988499025895, -2.4686785172673127</corner1><corner2>0.30473889996563, 1.503988499025895, 2.4686785172673127</corner2></bounds><pose><translation>3.3811943603360888, -0.08441078501973888, -0.21487700949472643</translation><rotation><c1>1, 0, 0</c1><c2>0, 1, 0</c2><c3>0, 0, 1</c3></rotation></pose><symmetry><x>twoFold</x><y>cylindrical</y><z>twoFold</z></symmetry><detectionScore>-1.0</detectionScore></element><element><id>30</id><category>wall</category><bounds><corner1>-1.2217988971858607, -1.4192745823352717, -0.25449964197417996</corner1><corner2>1.2217988971858607, 1.4192745823352717, 0.25449964197417996</corner2></bounds><pose><translation>-2.590297506003601, -0.07249659746711987, -1.102563413736073</translation><rotation><c1>1, 0, 0</c1><c2>0, 1, 0</c2><c3>0, 0, 1</c3></rotation></pose><symmetry><x>twoFold</x><y>cylindrical</y><z>twoFold</z></symmetry><detectionScore>-1.0</detectionScore></element><element><id>31</id><category>picture_frame</category><bounds><corner1>-0.1166219918572442, -0.8652312771910732, -0.8810865624868982</corner1><corner2>0.1166219918572442, 0.8652312771910732, 0.8810865624868982</corner2></bounds><pose><translation>3.5693112684444745, 0.16964246686714204, -0.25527447310364154</translation><rotation><c1>1, 0, 0</c1><c2>0, 1, 0</c2><c3>0, 0, 1</c3></rotation></pose><symmetry><x>twoFold</x><y>cylindrical</y><z>twoFold</z></symmetry><detectionScore>-1.0</detectionScore></element><element><id>32</id><category>coffee_table</category><bounds><corner1>-1.4253447417069096, -0.4293143854689143, -1.0209417271934083</corner1><corner2>1.4253447417069096, 0.4293143854689143, 1.0209417271934083</corner2></bounds><pose><translation>2.0000958357973397, -1.429475806904088, -0.4456548201418506</translation><rotation><c1>1, 0, 0</c1><c2>0, 1, 0</c2><c3>0, 0, 1</c3></rotation></pose><symmetry><x>twoFold</x><y>cylindrical</y><z>twoFold</z></symmetry><detectionScore>-1.0</detectionScore></element><element><id>33</id><category>motorcycle</category><bounds><corner1>-1.3342037941825904, -0.467968734896372, -0.5254271198071816</corner1><corner2>1.3342037941825904, 0.467968734896372, 0.5254271198071816</corner2></bounds><pose><translation>1.1230872187400447, -0.8915994346413515, -2.207160058988312</translation><rotation><c1>1, 0, 0</c1><c2>0, 1, 0</c2><c3>0, 0, 1</c3></rotation></pose><symmetry><x>twoFold</x><y>cylindrical</y><z>twoFold</z></symmetry><detectionScore>-1.0</detectionScore></element><element><id>34</id><category>wall</category><bounds><corner1>-0.18320508469251395, -1.570452547611769, -1.2467331115208666</corner1><corner2>0.18320508469251395, 1.570452547611769, 1.2467331115208666</corner2></bounds><pose><translation>-2.5807303500601035, -0.10992547631835557, 1.5252441031037351</translation><rotation><c1>1, 0, 0</c1><c2>0, 1, 0</c2><c3>0, 0, 1</c3></rotation></pose><symmetry><x>twoFold</x><y>cylindrical</y><z>twoFold</z></symmetry><detectionScore>-1.0</detectionScore></element><element><id>35</id><category>kitchen_set</category><bounds><corner1>-2.294069181818822, -1.6393834801990874, -1.8622018321862819</corner1><corner2>2.294069181818822, 1.6393834801990874, 1.8622018321862819</corner2></bounds><pose><translation>-4.8467745273097185, -0.274079772953528, -0.3689968772023135</translation><rotation><c1>1, 0, 0</c1><c2>0, 1, 0</c2><c3>0, 0, 1</c3></rotation></pose><symmetry><x>twoFold</x><y>cylindrical</y><z>twoFold</z></symmetry><detectionScore>-1.0</detectionScore></element><element><id>36</id><category>television</category><bounds><corner1>-0.11259976294687357, -0.8287532672357982, -0.840971037861449</corner1><corner2>0.11259976294687357, 0.8287532672357982, 0.840971037861449</corner2></bounds><pose><translation>3.573333497354845, 0.15579580575017588, -0.269223859239601</translation><rotation><c1>1, 0, 0</c1><c2>0, 1, 0</c2><c3>0, 0, 1</c3></rotation></pose><symmetry><x>twoFold</x><y>cylindrical</y><z>twoFold</z></symmetry><detectionScore>-1.0</detectionScore></element><element><id>37</id><category>wall</category><bounds><corner1>-0.050072699934450515, -0.18139928242549314, -0.11887598948115552</corner1><corner2>0.050072699934450515, 0.18139928242549314, 0.11887598948115552</corner2></bounds><pose><translation>-2.5750054557049915, -0.5904394034774177, 1.6516637072236235</translation><rotation><c1>1, 0, 0</c1><c2>0, 1, 0</c2><c3>0, 0, 1</c3></rotation></pose><symmetry><x>twoFold</x><y>cylindrical</y><z>twoFold</z></symmetry><detectionScore>-1.0</detectionScore></element><element><id>38</id><category>shelving</category><bounds><corner1>-0.2516876074131842, -1.1483382912200768, -0.5400969317971875</corner1><corner2>0.2516876074131842, 1.1483382912200768, 0.5400969317971875</corner2></bounds><pose><translation>3.395981761751952, -0.0860182351169328, -1.91861389336954</translation><rotation><c1>1, 0, 0</c1><c2>0, 1, 0</c2><c3>0, 0, 1</c3></rotation></pose><symmetry><x>twoFold</x><y>cylindrical</y><z>twoFold</z></symmetry><detectionScore>-1.0</detectionScore></element><element><id>39</id><category>shelving</category><bounds><corner1>-0.2674974930432472, -1.3243107784816073, -0.6035333388067503</corner1><corner2>0.2674974930432472, 1.3243107784816073, 0.6035333388067503</corner2></bounds><pose><translation>3.4020648779962936, -0.3433515011803767, 1.329310546896024</translation><rotation><c1>1, 0, 0</c1><c2>0, 1, 0</c2><c3>0, 0, 1</c3></rotation></pose><symmetry><x>twoFold</x><y>cylindrical</y><z>twoFold</z></symmetry><detectionScore>-1.0</detectionScore></element><element><id>40</id><category>coffee_table</category><bounds><corner1>-0.36084527055669824, -0.7099818371881145, -2.061980274251074</corner1><corner2>0.36084527055669824, 0.7099818371881145, 2.061980274251074</corner2></bounds><pose><translation>0.14131502927497866, -1.491759130132531, 2.119636725388754</translation><rotation><c1>1, 0, 0</c1><c2>0, 1, 0</c2><c3>0, 0, 1</c3></rotation></pose><symmetry><x>twoFold</x><y>cylindrical</y><z>twoFold</z></symmetry><detectionScore>-1.0</detectionScore></element><element><id>41</id><category>floor</category><bounds><corner1>-0.04591478171829122, -0.13763211752394722, -0.052753799787289335</corner1><corner2>0.04591478171829122, 0.13763211752394722, 0.052753799787289335</corner2></bounds><pose><translation>-2.5760143383169773, -0.5987775550048062, 1.627371643074547</translation><rotation><c1>1, 0, 0</c1><c2>0, 1, 0</c2><c3>0, 0, 1</c3></rotation></pose><symmetry><x>twoFold</x><y>cylindrical</y><z>twoFold</z></symmetry><detectionScore>-1.0</detectionScore></element><element><id>42</id><category>kitchen_cabinet</category><bounds><corner1>-0.11462696558409169, -1.1880341863186312, -0.6683192988377118</corner1><corner2>0.11462696558409169, 1.1880341863186312, 0.6683192988377118</corner2></bounds><pose><translation>-2.6196875899071315, -0.7295878444479574, 1.2461325695185415</translation><rotation><c1>1, 0, 0</c1><c2>0, 1, 0</c2><c3>0, 0, 1</c3></rotation></pose><symmetry><x>twoFold</x><y>cylindrical</y><z>twoFold</z></symmetry><detectionScore>-1.0</detectionScore></element></elements></scene>