<?xml version='1.0' encoding='utf-8'?>
<scene xmlns:sumo="https://www.sumochallenge.org"><version>2.0</version><categories><id>fb_categories_v1.0</id><url>https://sumochallenge.org/en/categories-1_0.json</url></categories><project_type>bounding_box</project_type><elements><element><id>4</id><category>window</category><bounds><corner1>-1.02771199, -0.61037748, -0.08313509</corner1><corner2>1.02771199, 0.61037748, 0.08313509</corner2></bounds><pose><translation>-2.80773822,  0.12148161,  4.93863962</translation><rotation><c1>1., 0., 0.</c1><c2>0., 1., 0.</c2><c3>0., 0., 1.</c3></rotation></pose><symmetry><x>none</x><y>twoFold</y><z>none</z></symmetry><detectionScore>0.9975732</detectionScore></element><element><id>1</id><category>sofa</category><bounds><corner1>-1.45805288, -0.50514623, -0.9664184 </corner1><corner2>1.45805288, 0.50514623, 0.9664184 </corner2></bounds><pose><translation>-2.44390868, -0.95423695,  3.92809771</translation><rotation><c1>1., 0., 0.</c1><c2>0., 1., 0.</c2><c3>0., 0., 1.</c3></rotation></pose><symmetry><x>none</x><y>none</y><z>none</z></symmetry><detectionScore>0.9155364</detectionScore></element><element><id>5</id><category>wall</category><bounds><corner1>-0.9823072 , -1.26085204, -5.28449472</corner1><corner2>0.9823072 , 1.26085204, 5.28449472</corner2></bounds><pose><translation>-8.91248845, -0.11139714, -1.4606731 </translation><rotation><c1>1., 0., 0.</c1><c2>0., 1., 0.</c2><c3>0., 0., 1.</c3></rotation></pose><symmetry><x>none</x><y>twoFold</y><z>none</z></symmetry><detectionScore>0.917354</detectionScore></element><element><id>10</id><category>window</category><bounds><corner1>-0.06948187, -0.6583917 , -1.02843418</corner1><corner2>0.06948187, 0.6583917 , 1.02843418</corner2></bounds><pose><translation> 4.03501096,  0.09204785, -1.59028751</translation><rotation><c1>1., 0., 0.</c1><c2>0., 1., 0.</c2><c3>0., 0., 1.</c3></rotation></pose><symmetry><x>none</x><y>twoFold</y><z>none</z></symmetry><detectionScore>0.9998209</detectionScore></element><element><id>3</id><category>bunker_bed</category><bounds><corner1>-0.54605389, -0.90981935, -0.17110514</corner1><corner2>0.54605389, 0.90981935, 0.17110514</corner2></bounds><pose><translation> 3.180319  , -0.65247478, -6.352375  </translation><rotation><c1>1., 0., 0.</c1><c2>0., 1., 0.</c2><c3>0., 0., 1.</c3></rotation></pose><symmetry><x>none</x><y>none</y><z>none</z></symmetry><detectionScore>0.9700538</detectionScore></element><element><id>2</id><category>arch</category><bounds><corner1>-4.22456797, -1.16426129, -8.08064053</corner1><corner2>4.22456797, 1.16426129, 8.08064053</corner2></bounds><pose><translation>-4.22456797, -0.03963806, -8.08064053</translation><rotation><c1>1., 0., 0.</c1><c2>0., 1., 0.</c2><c3>0., 0., 1.</c3></rotation></pose><symmetry><x>none</x><y>twoFold</y><z>none</z></symmetry><detectionScore>0.6513332</detectionScore></element><element><id>7</id><category>sofa</category><bounds><corner1>-0.68766961, -0.38603951, -1.09865502</corner1><corner2>0.68766961, 0.38603951, 1.09865502</corner2></bounds><pose><translation> 3.29191693, -0.98409477, -1.60594566</translation><rotation><c1>1., 0., 0.</c1><c2>0., 1., 0.</c2><c3>0., 0., 1.</c3></rotation></pose><symmetry><x>none</x><y>none</y><z>none</z></symmetry><detectionScore>0.9984485</detectionScore></element><element><id>9</id><category>wall</category><bounds><corner1>-4.78001818, -1.27370206, -0.82559948</corner1><corner2>4.78001818, 1.27370206, 0.82559948</corner2></bounds><pose><translation>-1.70405095, -0.14959375, -8.0891989 </translation><rotation><c1>1., 0., 0.</c1><c2>0., 1., 0.</c2><c3>0., 0., 1.</c3></rotation></pose><symmetry><x>none</x><y>twoFold</y><z>none</z></symmetry><detectionScore>0.7012286</detectionScore></element><element><id>8</id><category>wall</category><bounds><corner1>-3.52997538, -1.20297632, -0.10142113</corner1><corner2>3.52997538, 1.20297632, 0.10142113</corner2></bounds><pose><translation>-0.19486696, -0.08037296,  4.8591831 </translation><rotation><c1>1., 0., 0.</c1><c2>0., 1., 0.</c2><c3>0., 0., 1.</c3></rotation></pose><symmetry><x>none</x><y>twoFold</y><z>none</z></symmetry><detectionScore>0.6221432</detectionScore></element><element><id>6</id><category>bunker_bed</category><bounds><corner1>-0.16702436, -0.90870425, -0.79202139</corner1><corner2>0.16702436, 0.90870425, 0.79202139</corner2></bounds><pose><translation>-7.06309554, -0.5877215 ,  4.01883633</translation><rotation><c1>1., 0., 0.</c1><c2>0., 1., 0.</c2><c3>0., 0., 1.</c3></rotation></pose><symmetry><x>none</x><y>none</y><z>none</z></symmetry><detectionScore>0.9753863</detectionScore></element></elements></scene>