<?xml version='1.0' encoding='utf-8'?>
<scene xmlns:sumo="https://www.sumochallenge.org"><version>2.0</version><categories><id>fb_categories_v1.0</id><url>https://sumochallenge.org/en/categories-1_0.json</url></categories><project_type>bounding_box</project_type><elements><element><id>2</id><category>wall</category><bounds><corner1>-1.74178065, -1.27855129, -0.07430287</corner1><corner2>1.74178065, 1.27855129, 0.07430287</corner2></bounds><pose><translation>-0.77827297, -0.14834407,  3.68382735</translation><rotation><c1>1., 0., 0.</c1><c2>0., 1., 0.</c2><c3>0., 0., 1.</c3></rotation></pose><symmetry><x>none</x><y>twoFold</y><z>none</z></symmetry><detectionScore>0.99096745</detectionScore></element><element><id>1</id><category>shelving</category><bounds><corner1>-0.52225031, -0.24831032, -0.24557656</corner1><corner2>0.52225031, 0.24831032, 0.24557656</corner2></bounds><pose><translation>-0.86766589,  0.25994565,  3.45370422</translation><rotation><c1>1., 0., 0.</c1><c2>0., 1., 0.</c2><c3>0., 0., 1.</c3></rotation></pose><symmetry><x>twoFold</x><y>twoFold</y><z>twoFold</z></symmetry><detectionScore>0.6713475</detectionScore></element></elements></scene>