<?xml version='1.0' encoding='utf-8'?>
<scene xmlns:sumo="https://www.sumochallenge.org"><version>2.0</version><categories><id>fb_categories_v1_0</id><url>https://sumochallenge.org/en/categories-1_0.json</url></categories><project_type>bounding_box</project_type><elements><element><id>0</id><category>wall</category><bounds><corner1>-4.781678761956509, -1.3044950459092202, -0.6308327084958891</corner1><corner2>4.781678761956509, 1.3044950459092202, 0.6308327084958891</corner2></bounds><pose><translation>4.173831949178397, 0.005196757351925028, -0.9454248331310093</translation><rotation><c1>1, 0, 0</c1><c2>0, 1, 0</c2><c3>0, 0, 1</c3></rotation></pose><symmetry><x>twoFold</x><y>cylindrical</y><z>twoFold</z></symmetry><detectionScore>-1.0</detectionScore></element><element><id>1</id><category>desk</category><bounds><corner1>-1.573959818603699, -0.4283125066116833, -1.6566683662689758</corner1><corner2>1.573959818603699, 0.4283125066116833, 1.6566683662689758</corner2></bounds><pose><translation>3.322988576680932, -0.841678313389711, 2.280402182782873</translation><rotation><c1>1, 0, 0</c1><c2>0, 1, 0</c2><c3>0, 0, 1</c3></rotation></pose><symmetry><x>twoFold</x><y>cylindrical</y><z>twoFold</z></symmetry><detectionScore>-1.0</detectionScore></element><element><id>2</id><category>door</category><bounds><corner1>-0.3602185227360475, -1.8550908655630736, -0.7192834162133832</corner1><corner2>0.3602185227360475, 1.8550908655630736, 0.7192834162133832</corner2></bounds><pose><translation>-3.204279251153873, -0.5251854574560277, -0.5200452616854231</translation><rotation><c1>1, 0, 0</c1><c2>0, 1, 0</c2><c3>0, 0, 1</c3></rotation></pose><symmetry><x>twoFold</x><y>cylindrical</y><z>twoFold</z></symmetry><detectionScore>-1.0</detectionScore></element><element><id>3</id><category>curtain</category><bounds><corner1>-0.4917345274805724, -0.6200984430588978, -0.14502024279734527</corner1><corner2>0.4917345274805724, 0.6200984430588978, 0.14502024279734527</corner2></bounds><pose><translation>-0.3672477795416677, 0.07468886208240945, -2.0612570329616284</translation><rotation><c1>1, 0, 0</c1><c2>0, 1, 0</c2><c3>0, 0, 1</c3></rotation></pose><symmetry><x>twoFold</x><y>cylindrical</y><z>twoFold</z></symmetry><detectionScore>-1.0</detectionScore></element><element><id>4</id><category>chair</category><bounds><corner1>-1.4494296046105282, -0.726798615427326, -1.5329879320318374</corner1><corner2>1.4494296046105282, 0.726798615427326, 1.5329879320318374</corner2></bounds><pose><translation>3.481060006852566, -1.0962796245047834, 2.417650598248984</translation><rotation><c1>1, 0, 0</c1><c2>0, 1, 0</c2><c3>0, 0, 1</c3></rotation></pose><symmetry><x>twoFold</x><y>cylindrical</y><z>twoFold</z></symmetry><detectionScore>-1.0</detectionScore></element><element><id>5</id><category>wall</category><bounds><corner1>-0.24878707534299727, -1.5892234488193449, -0.5592443142130517</corner1><corner2>0.24878707534299727, 1.5892234488193449, 0.5592443142130517</corner2></bounds><pose><translation>-3.0670998143650614, -0.2600024182425087, -0.741477100892347</translation><rotation><c1>1, 0, 0</c1><c2>0, 1, 0</c2><c3>0, 0, 1</c3></rotation></pose><symmetry><x>twoFold</x><y>cylindrical</y><z>twoFold</z></symmetry><detectionScore>-1.0</detectionScore></element><element><id>6</id><category>plant</category><bounds><corner1>-3.802481802282831, -1.4734601242423662, -1.8818134501153199</corner1><corner2>3.802481802282831, 1.4734601242423662, 1.8818134501153199</corner2></bounds><pose><translation>1.0492840367036451, 0.09870740801362195, -1.8818134501153199</translation><rotation><c1>1, 0, 0</c1><c2>0, 1, 0</c2><c3>0, 0, 1</c3></rotation></pose><symmetry><x>twoFold</x><y>cylindrical</y><z>twoFold</z></symmetry><detectionScore>-1.0</detectionScore></element><element><id>7</id><category>coffee_table</category><bounds><corner1>-1.660902836945309, -0.4255387202583065, -2.376759308737582</corner1><corner2>1.660902836945309, 0.4255387202583065, 2.376759308737582</corner2></bounds><pose><translation>1.3085865750460843, -0.7697457982367221, 1.6484164522771703</translation><rotation><c1>1, 0, 0</c1><c2>0, 1, 0</c2><c3>0, 0, 1</c3></rotation></pose><symmetry><x>twoFold</x><y>cylindrical</y><z>twoFold</z></symmetry><detectionScore>-1.0</detectionScore></element><element><id>8</id><category>plant</category><bounds><corner1>-8.320116445101686, -1.1487869121698455, -0.9706620340083414</corner1><corner2>8.320116445101686, 1.1487869121698455, 0.9706620340083414</corner2></bounds><pose><translation>4.819821225150769, 0.17146837385802424, -1.0801265814105696</translation><rotation><c1>1, 0, 0</c1><c2>0, 1, 0</c2><c3>0, 0, 1</c3></rotation></pose><symmetry><x>twoFold</x><y>cylindrical</y><z>twoFold</z></symmetry><detectionScore>-1.0</detectionScore></element><element><id>9</id><category>plant</category><bounds><corner1>-0.33066437911178703, -0.4397085238053248, -0.08150822712873484</corner1><corner2>0.33066437911178703, 0.4397085238053248, 0.08150822712873484</corner2></bounds><pose><translation>-0.7487270944573987, -0.3920110207647816, -2.0560460045289206</translation><rotation><c1>1, 0, 0</c1><c2>0, 1, 0</c2><c3>0, 0, 1</c3></rotation></pose><symmetry><x>twoFold</x><y>cylindrical</y><z>twoFold</z></symmetry><detectionScore>-1.0</detectionScore></element><element><id>10</id><category>kitchen_cabinet</category><bounds><corner1>-1.5688506345411577, -0.4309582286444534, -1.6241369691811784</corner1><corner2>1.5688506345411577, 0.4309582286444534, 1.6241369691811784</corner2></bounds><pose><translation>3.328097760743473, -0.824640853213931, 2.3194943959691225</translation><rotation><c1>1, 0, 0</c1><c2>0, 1, 0</c2><c3>0, 0, 1</c3></rotation></pose><symmetry><x>twoFold</x><y>cylindrical</y><z>twoFold</z></symmetry><detectionScore>-1.0</detectionScore></element><element><id>11</id><category>plant</category><bounds><corner1>-0.25319810735710085, -0.29013243520410853, -0.0815727588344779</corner1><corner2>0.25319810735710085, 0.29013243520410853, 0.0815727588344779</corner2></bounds><pose><translation>-0.5666440047264449, -0.6140785556948594, -2.0619358852010783</translation><rotation><c1>1, 0, 0</c1><c2>0, 1, 0</c2><c3>0, 0, 1</c3></rotation></pose><symmetry><x>twoFold</x><y>cylindrical</y><z>twoFold</z></symmetry><detectionScore>-1.0</detectionScore></element><element><id>12</id><category>plant</category><bounds><corner1>-3.987823971070175, -0.8861611560151987, -1.942879066570729</corner1><corner2>3.987823971070175, 0.8861611560151987, 1.942879066570729</corner2></bounds><pose><translation>0.863941867916301, -0.14497386059735262, -1.942879066570729</translation><rotation><c1>1, 0, 0</c1><c2>0, 1, 0</c2><c3>0, 0, 1</c3></rotation></pose><symmetry><x>twoFold</x><y>cylindrical</y><z>twoFold</z></symmetry><detectionScore>-1.0</detectionScore></element><element><id>13</id><category>picture_frame</category><bounds><corner1>-0.18631386208584289, -0.730221749201858, -0.16756839317847705</corner1><corner2>0.18631386208584289, 0.730221749201858, 0.16756839317847705</corner2></bounds><pose><translation>2.5905545579623905, 0.1182178893447907, 3.899795647387061</translation><rotation><c1>1, 0, 0</c1><c2>0, 1, 0</c2><c3>0, 0, 1</c3></rotation></pose><symmetry><x>twoFold</x><y>cylindrical</y><z>twoFold</z></symmetry><detectionScore>-1.0</detectionScore></element><element><id>14</id><category>wall</category><bounds><corner1>-3.0420087272727496, -1.2694076006675603, -1.2636057198690454</corner1><corner2>3.0420087272727496, 1.2694076006675603, 1.2636057198690454</corner2></bounds><pose><translation>10.097928942979706, 0.009675113156896101, 0.09892475926957771</translation><rotation><c1>1, 0, 0</c1><c2>0, 1, 0</c2><c3>0, 0, 1</c3></rotation></pose><symmetry><x>twoFold</x><y>cylindrical</y><z>twoFold</z></symmetry><detectionScore>-1.0</detectionScore></element><element><id>15</id><category>wall</category><bounds><corner1>-0.3904811384676754, -1.6651320572618296, -1.574891816050786</corner1><corner2>0.3904811384676754, 1.6651320572618296, 1.574891816050786</corner2></bounds><pose><translation>-2.956126906730031, -0.23023023074952156, -0.30906025172668194</translation><rotation><c1>1, 0, 0</c1><c2>0, 1, 0</c2><c3>0, 0, 1</c3></rotation></pose><symmetry><x>twoFold</x><y>cylindrical</y><z>twoFold</z></symmetry><detectionScore>-1.0</detectionScore></element><element><id>16</id><category>door</category><bounds><corner1>-2.916711639901024, -1.3145523598019841, -1.1320337949650268</corner1><corner2>2.916711639901024, 1.3145523598019841, 1.1320337949650268</corner2></bounds><pose><translation>10.223226030351432, -0.023865880236896377, 0.23049668417359626</translation><rotation><c1>1, 0, 0</c1><c2>0, 1, 0</c2><c3>0, 0, 1</c3></rotation></pose><symmetry><x>twoFold</x><y>cylindrical</y><z>twoFold</z></symmetry><detectionScore>-1.0</detectionScore></element><element><id>17</id><category>wall</category><bounds><corner1>-1.1195311170791626, -0.5378860326322275, -0.12016422104223312</corner1><corner2>1.1195311170791626, 0.5378860326322275, 0.12016422104223312</corner2></bounds><pose><translation>-0.6403467538187326, -0.029760389762646115, -2.027576581023139</translation><rotation><c1>1, 0, 0</c1><c2>0, 1, 0</c2><c3>0, 0, 1</c3></rotation></pose><symmetry><x>twoFold</x><y>cylindrical</y><z>twoFold</z></symmetry><detectionScore>-1.0</detectionScore></element><element><id>18</id><category>wall</category><bounds><corner1>-0.5349534624960932, -1.7482320249017107, -0.5504265455204501</corner1><corner2>0.5349534624960932, 1.7482320249017107, 0.5504265455204501</corner2></bounds><pose><translation>-2.937269939626949, -0.32657275253780593, -1.230533982130273</translation><rotation><c1>1, 0, 0</c1><c2>0, 1, 0</c2><c3>0, 0, 1</c3></rotation></pose><symmetry><x>twoFold</x><y>cylindrical</y><z>twoFold</z></symmetry><detectionScore>-1.0</detectionScore></element><element><id>19</id><category>fence</category><bounds><corner1>-2.9016043938741074, -0.36067203003379417, -0.40226037379070567</corner1><corner2>2.9016043938741074, 0.36067203003379417, 0.40226037379070567</corner2></bounds><pose><translation>1.4452246266538504, -0.5109619691918154, -1.0591832262925376</translation><rotation><c1>1, 0, 0</c1><c2>0, 1, 0</c2><c3>0, 0, 1</c3></rotation></pose><symmetry><x>twoFold</x><y>cylindrical</y><z>twoFold</z></symmetry><detectionScore>-1.0</detectionScore></element><element><id>20</id><category>wall</category><bounds><corner1>-0.4328670422934193, -1.6812244438945294, -0.12874835200542356</corner1><corner2>0.4328670422934193, 1.6812244438945294, 0.12874835200542356</corner2></bounds><pose><translation>-2.1218703612719705, -0.22233685379556775, 1.2736877552803845</translation><rotation><c1>1, 0, 0</c1><c2>0, 1, 0</c2><c3>0, 0, 1</c3></rotation></pose><symmetry><x>twoFold</x><y>cylindrical</y><z>twoFold</z></symmetry><detectionScore>-1.0</detectionScore></element><element><id>21</id><category>picture_frame</category><bounds><corner1>-0.3841812844194439, -1.22764675799787, -0.09547611186576699</corner1><corner2>0.3841812844194439, 1.22764675799787, 0.09547611186576699</corner2></bounds><pose><translation>0.44703686516208685, -0.09375842942579352, 1.4386383043113342</translation><rotation><c1>1, 0, 0</c1><c2>0, 1, 0</c2><c3>0, 0, 1</c3></rotation></pose><symmetry><x>twoFold</x><y>cylindrical</y><z>twoFold</z></symmetry><detectionScore>-1.0</detectionScore></element><element><id>22</id><category>chair</category><bounds><corner1>-1.8917256093132995, -0.3966773907913486, -2.594355622657629</corner1><corner2>1.8917256093132995, 0.3966773907913486, 2.594355622657629</corner2></bounds><pose><translation>0.8373183552828013, -0.7474255086923799, 1.4308201383571233</translation><rotation><c1>1, 0, 0</c1><c2>0, 1, 0</c2><c3>0, 0, 1</c3></rotation></pose><symmetry><x>twoFold</x><y>cylindrical</y><z>twoFold</z></symmetry><detectionScore>-1.0</detectionScore></element><element><id>23</id><category>door</category><bounds><corner1>-5.141259509399797, -1.62080856335363, -1.98697488948435</corner1><corner2>5.141259509399797, 1.62080856335363, 1.98697488948435</corner2></bounds><pose><translation>-0.2894936704133208, -0.04864103109764197, -1.98697488948435</translation><rotation><c1>1, 0, 0</c1><c2>0, 1, 0</c2><c3>0, 0, 1</c3></rotation></pose><symmetry><x>twoFold</x><y>cylindrical</y><z>twoFold</z></symmetry><detectionScore>-1.0</detectionScore></element><element><id>24</id><category>picture_frame</category><bounds><corner1>-0.19754250648727822, -0.8675323637447302, -1.039852479394399</corner1><corner2>0.19754250648727822, 0.8675323637447302, 1.039852479394399</corner2></bounds><pose><translation>4.782440578718206, 0.1912134707006049, 2.428055744513524</translation><rotation><c1>1, 0, 0</c1><c2>0, 1, 0</c2><c3>0, 0, 1</c3></rotation></pose><symmetry><x>twoFold</x><y>cylindrical</y><z>twoFold</z></symmetry><detectionScore>-1.0</detectionScore></element><element><id>25</id><category>wall</category><bounds><corner1>-0.18460673591654686, -1.5349858207141214, -1.634061610331846</corner1><corner2>0.18460673591654686, 1.5349858207141214, 1.634061610331846</corner2></bounds><pose><translation>4.804388809753463, -0.20147090315603614, 2.2748810261838304</translation><rotation><c1>1, 0, 0</c1><c2>0, 1, 0</c2><c3>0, 0, 1</c3></rotation></pose><symmetry><x>twoFold</x><y>cylindrical</y><z>twoFold</z></symmetry><detectionScore>-1.0</detectionScore></element><element><id>26</id><category>chair</category><bounds><corner1>-1.3789149945804562, -0.45092485528144116, -2.3389578844328325</corner1><corner2>1.3789149945804562, 0.45092485528144116, 2.3389578844328325</corner2></bounds><pose><translation>1.3501289700156445, -0.8147539004419491, 1.6862178765819202</translation><rotation><c1>1, 0, 0</c1><c2>0, 1, 0</c2><c3>0, 0, 1</c3></rotation></pose><symmetry><x>twoFold</x><y>cylindrical</y><z>twoFold</z></symmetry><detectionScore>-1.0</detectionScore></element><element><id>27</id><category>plant</category><bounds><corner1>-6.767388308055182, -1.5086660024767986, -0.7315231305523285</corner1><corner2>6.767388308055182, 1.5086660024767986, 0.7315231305523285</corner2></bounds><pose><translation>3.77360524279073, -0.15854399547486275, -0.96425826366947</translation><rotation><c1>1, 0, 0</c1><c2>0, 1, 0</c2><c3>0, 0, 1</c3></rotation></pose><symmetry><x>twoFold</x><y>cylindrical</y><z>twoFold</z></symmetry><detectionScore>-1.0</detectionScore></element><element><id>28</id><category>curtain</category><bounds><corner1>-0.9052370516671775, -1.631794010167854, -0.27420927397141925</corner1><corner2>0.9052370516671775, 1.631794010167854, 0.27420927397141925</corner2></bounds><pose><translation>-0.1421419456582404, -0.09345685122907797, -1.9873167962696072</translation><rotation><c1>1, 0, 0</c1><c2>0, 1, 0</c2><c3>0, 0, 1</c3></rotation></pose><symmetry><x>twoFold</x><y>cylindrical</y><z>twoFold</z></symmetry><detectionScore>-1.0</detectionScore></element><element><id>29</id><category>plant</category><bounds><corner1>-3.0199272997977014, -0.3703654892673187, -0.4140995267307428</corner1><corner2>3.0199272997977014, 0.3703654892673187, 0.4140995267307428</corner2></bounds><pose><translation>1.448971792308999, -0.5161050326504323, -1.0628308423446085</translation><rotation><c1>1, 0, 0</c1><c2>0, 1, 0</c2><c3>0, 0, 1</c3></rotation></pose><symmetry><x>twoFold</x><y>cylindrical</y><z>twoFold</z></symmetry><detectionScore>-1.0</detectionScore></element><element><id>30</id><category>door</category><bounds><corner1>-0.6309174135626977, -0.8182495766271021, -0.17388645265464397</corner1><corner2>0.6309174135626977, 0.8182495766271021, 0.17388645265464397</corner2></bounds><pose><translation>-0.10140734693613539, -0.13334640038147344, -2.0380457265179204</translation><rotation><c1>1, 0, 0</c1><c2>0, 1, 0</c2><c3>0, 0, 1</c3></rotation></pose><symmetry><x>twoFold</x><y>cylindrical</y><z>twoFold</z></symmetry><detectionScore>-1.0</detectionScore></element><element><id>31</id><category>dining_table</category><bounds><corner1>-2.421014883713579, -0.4929009617000349, -2.4031937901057114</corner1><corner2>2.421014883713579, 0.4929009617000349, 2.4031937901057114</corner2></bounds><pose><translation>1.265668257566793, -0.7878452427261268, 1.640125522754978</translation><rotation><c1>1, 0, 0</c1><c2>0, 1, 0</c2><c3>0, 0, 1</c3></rotation></pose><symmetry><x>twoFold</x><y>cylindrical</y><z>twoFold</z></symmetry><detectionScore>-1.0</detectionScore></element><element><id>32</id><category>chandelier</category><bounds><corner1>-0.9671430039114823, -0.16914096710354154, -0.7205054055974358</corner1><corner2>0.9671430039114823, 0.16914096710354154, 0.7205054055974358</corner2></bounds><pose><translation>3.9353923537039956, 1.2161180718402893, 3.1838035444960426</translation><rotation><c1>1, 0, 0</c1><c2>0, 1, 0</c2><c3>0, 0, 1</c3></rotation></pose><symmetry><x>twoFold</x><y>cylindrical</y><z>twoFold</z></symmetry><detectionScore>-1.0</detectionScore></element></elements></scene>