<?xml version='1.0' encoding='utf-8'?>
<scene xmlns:sumo="https://www.sumochallenge.org"><version>2.0</version><categories><id>fb_categories_v1_0</id><url>https://sumochallenge.org/en/categories-1_0.json</url></categories><project_type>bounding_box</project_type><elements><element><id>0</id><category>wall</category><bounds><corner1>-2.385565538173862, -1.4649633622117537, -1.4051472348881615</corner1><corner2>2.385565538173862, 1.4649633622117537, 1.4051472348881615</corner2></bounds><pose><translation>0.4566507763779893, -3.105860734814342, -0.08737083875523716</translation><rotation><c1>0, 0, 0</c1><c2>0, 0, 0</c2><c3>0, 0, 0</c3></rotation></pose><symmetry><x>twoFold</x><y>cylindrical</y><z>twoFold</z></symmetry><detectionScore>-1.0</detectionScore></element><element><id>1</id><category>window</category><bounds><corner1>-1.1242338727455774, -0.09358440731601547, -0.7989905189342164</corner1><corner2>1.1242338727455774, 0.09358440731601547, 0.7989905189342164</corner2></bounds><pose><translation>1.5420563961928955, 4.313437097650685, 0.07255894665903045</translation><rotation><c1>0, 0, 0</c1><c2>0, 0, 0</c2><c3>0, 0, 0</c3></rotation></pose><symmetry><x>twoFold</x><y>cylindrical</y><z>twoFold</z></symmetry><detectionScore>-1.0</detectionScore></element><element><id>2</id><category>hanger</category><bounds><corner1>-0.3304320842357571, -0.17344132505808485, -1.22296040565179</corner1><corner2>0.3304320842357571, 0.17344132505808485, 1.22296040565179</corner2></bounds><pose><translation>-2.0356185753953646, 4.124033440181632, -0.5883005781634445</translation><rotation><c1>0, 0, 0</c1><c2>0, 0, 0</c2><c3>0, 0, 0</c3></rotation></pose><symmetry><x>twoFold</x><y>cylindrical</y><z>twoFold</z></symmetry><detectionScore>-1.0</detectionScore></element><element><id>3</id><category>chandelier</category><bounds><corner1>-0.8172729814385271, -0.08931504903259446, -0.8245421873998142</corner1><corner2>0.8172729814385271, 0.08931504903259446, 0.8245421873998142</corner2></bounds><pose><translation>0.0631910672623939, -1.7109407026690686, 0.5594708507815889</translation><rotation><c1>0, 0, 0</c1><c2>0, 0, 0</c2><c3>0, 0, 0</c3></rotation></pose><symmetry><x>twoFold</x><y>cylindrical</y><z>twoFold</z></symmetry><detectionScore>-1.0</detectionScore></element><element><id>4</id><category>desk</category><bounds><corner1>-0.6749057404828916, -1.777740357584668, -0.8753606232504118</corner1><corner2>0.6749057404828916, 1.777740357584668, 0.8753606232504118</corner2></bounds><pose><translation>0.9663898481099268, -3.3908162230639665, -1.3210277860557642</translation><rotation><c1>0, 0, 0</c1><c2>0, 0, 0</c2><c3>0, 0, 0</c3></rotation></pose><symmetry><x>twoFold</x><y>cylindrical</y><z>twoFold</z></symmetry><detectionScore>-1.0</detectionScore></element><element><id>5</id><category>stand</category><bounds><corner1>-0.5260615135225999, -0.5365405096180571, -0.30134163874670916</corner1><corner2>0.5260615135225999, 0.5365405096180571, 0.30134163874670916</corner2></bounds><pose><translation>2.44931911106557, 1.4156585036388813, -1.3124076385518089</translation><rotation><c1>0, 0, 0</c1><c2>0, 0, 0</c2><c3>0, 0, 0</c3></rotation></pose><symmetry><x>twoFold</x><y>cylindrical</y><z>twoFold</z></symmetry><detectionScore>-1.0</detectionScore></element><element><id>6</id><category>dining_table</category><bounds><corner1>-0.6852280468305618, -1.8030549392740018, -0.8747027499232202</corner1><corner2>0.6852280468305618, 1.8030549392740018, 0.8747027499232202</corner2></bounds><pose><translation>0.9507823909390838, -3.416140750775067, -1.3095911242564076</translation><rotation><c1>0, 0, 0</c1><c2>0, 0, 0</c2><c3>0, 0, 0</c3></rotation></pose><symmetry><x>twoFold</x><y>cylindrical</y><z>twoFold</z></symmetry><detectionScore>-1.0</detectionScore></element><element><id>7</id><category>loudspeaker</category><bounds><corner1>-0.08003552683750992, -0.6136249719423588, -0.38341188062527576</corner1><corner2>0.08003552683750992, 0.6136249719423588, 0.38341188062527576</corner2></bounds><pose><translation>-1.850969205739986, 2.8201201933072118, -1.148653605664638</translation><rotation><c1>0, 0, 0</c1><c2>0, 0, 0</c2><c3>0, 0, 0</c3></rotation></pose><symmetry><x>twoFold</x><y>cylindrical</y><z>twoFold</z></symmetry><detectionScore>-1.0</detectionScore></element><element><id>8</id><category>door</category><bounds><corner1>-0.5463423810182597, -1.5533695525680322, -1.4748656753054916</corner1><corner2>0.5463423810182597, 1.5533695525680322, 1.4748656753054916</corner2></bounds><pose><translation>-2.3730769024701472, -0.035182034722791945, -0.2752673103885955</translation><rotation><c1>0, 0, 0</c1><c2>0, 0, 0</c2><c3>0, 0, 0</c3></rotation></pose><symmetry><x>twoFold</x><y>cylindrical</y><z>twoFold</z></symmetry><detectionScore>-1.0</detectionScore></element><element><id>9</id><category>xbox</category><bounds><corner1>-0.24569515466485248, -1.06841440938866, -0.24372136708329528</corner1><corner2>0.24569515466485248, 1.06841440938866, 0.24372136708329528</corner2></bounds><pose><translation>-2.025503020685333, 2.8551408215229315, -0.90584481674965</translation><rotation><c1>0, 0, 0</c1><c2>0, 0, 0</c2><c3>0, 0, 0</c3></rotation></pose><symmetry><x>twoFold</x><y>cylindrical</y><z>twoFold</z></symmetry><detectionScore>-1.0</detectionScore></element><element><id>10</id><category>office_chair</category><bounds><corner1>-0.9291788583298985, -0.6602486533556755, -0.6159831157476574</corner1><corner2>0.9291788583298985, 0.6602486533556755, 0.6159831157476574</corner2></bounds><pose><translation>2.153443232739872, 0.08720101008343734, -1.2032805384201044</translation><rotation><c1>0, 0, 0</c1><c2>0, 0, 0</c2><c3>0, 0, 0</c3></rotation></pose><symmetry><x>twoFold</x><y>cylindrical</y><z>twoFold</z></symmetry><detectionScore>-1.0</detectionScore></element><element><id>11</id><category>desk</category><bounds><corner1>-0.573236025483093, -0.8407444442013936, -0.5087400725130767</corner1><corner2>0.573236025483093, 0.8407444442013936, 0.5087400725130767</corner2></bounds><pose><translation>2.5018120972165874, -0.14117480669804094, -1.0926375456104116</translation><rotation><c1>0, 0, 0</c1><c2>0, 0, 0</c2><c3>0, 0, 0</c3></rotation></pose><symmetry><x>twoFold</x><y>cylindrical</y><z>twoFold</z></symmetry><detectionScore>-1.0</detectionScore></element><element><id>12</id><category>chandelier</category><bounds><corner1>-1.2324353763798943, -2.2278984220177636, -0.09162752482408498</corner1><corner2>1.2324353763798943, 2.2278984220177636, 0.09162752482408498</corner2></bounds><pose><translation>0.27903754447140305, 2.069037813629376, 1.4297688702814215</translation><rotation><c1>0, 0, 0</c1><c2>0, 0, 0</c2><c3>0, 0, 0</c3></rotation></pose><symmetry><x>twoFold</x><y>cylindrical</y><z>twoFold</z></symmetry><detectionScore>-1.0</detectionScore></element><element><id>13</id><category>wall</category><bounds><corner1>-2.6525206104352255, -0.14852147430014373, -1.5011601146649478</corner1><corner2>2.6525206104352255, 0.14852147430014373, 1.5011601146649478</corner2></bounds><pose><translation>0.17343095987402188, 4.233311485742495, -0.1796865048035432</translation><rotation><c1>0, 0, 0</c1><c2>0, 0, 0</c2><c3>0, 0, 0</c3></rotation></pose><symmetry><x>twoFold</x><y>cylindrical</y><z>twoFold</z></symmetry><detectionScore>-1.0</detectionScore></element><element><id>14</id><category>stereo_set</category><bounds><corner1>-0.12559626881788533, -1.1813632116739363, -0.3652695638430242</corner1><corner2>0.12559626881788533, 1.1813632116739363, 0.3652695638430242</corner2></bounds><pose><translation>-1.8626732809009512, 2.7024345040672424, -1.0465944635805091</translation><rotation><c1>0, 0, 0</c1><c2>0, 0, 0</c2><c3>0, 0, 0</c3></rotation></pose><symmetry><x>twoFold</x><y>cylindrical</y><z>twoFold</z></symmetry><detectionScore>-1.0</detectionScore></element><element><id>15</id><category>wall</category><bounds><corner1>-0.41348834943351487, -1.445655228437471, -1.1774067137163866</corner1><corner2>0.41348834943351487, 1.445655228437471, 1.1774067137163866</corner2></bounds><pose><translation>-2.2637378769712315, -0.6351386306970612, 0.002286064454323041</translation><rotation><c1>0, 0, 0</c1><c2>0, 0, 0</c2><c3>0, 0, 0</c3></rotation></pose><symmetry><x>twoFold</x><y>cylindrical</y><z>twoFold</z></symmetry><detectionScore>-1.0</detectionScore></element><element><id>16</id><category>table_lamp</category><bounds><corner1>-0.2477920103587894, -0.3975517686327865, -0.3081877651177556</corner1><corner2>0.2477920103587894, 0.3975517686327865, 0.3081877651177556</corner2></bounds><pose><translation>2.8121022340556276, 1.5156236699914434, -0.9619775067378635</translation><rotation><c1>0, 0, 0</c1><c2>0, 0, 0</c2><c3>0, 0, 0</c3></rotation></pose><symmetry><x>twoFold</x><y>cylindrical</y><z>twoFold</z></symmetry><detectionScore>-1.0</detectionScore></element></elements></scene>