<?xml version='1.0' encoding='utf-8'?>
<scene xmlns:sumo="https://www.sumochallenge.org"><version>2.0</version><categories><id>fb_categories_v1_0</id><url>https://sumochallenge.org/en/categories-1_0.json</url></categories><project_type>bounding_box</project_type><elements><element><id>0</id><category>candle</category><bounds><corner1>-0.16914617642224683, -0.4356096379650145, -0.3370872800941611</corner1><corner2>0.16914617642224683, 0.4356096379650145, 0.3370872800941611</corner2></bounds><pose><translation>1.321639325780661, -2.8385416835519335, -0.5945270889588399</translation><rotation><c1>0, 0, 0</c1><c2>0, 0, 0</c2><c3>0, 0, 0</c3></rotation></pose><symmetry><x>twoFold</x><y>cylindrical</y><z>twoFold</z></symmetry><detectionScore>-1.0</detectionScore></element><element><id>1</id><category>chandelier</category><bounds><corner1>-0.4408501948220124, -2.9599449982141994, -0.11990935786367074</corner1><corner2>0.4408501948220124, 2.9599449982141994, 0.11990935786367074</corner2></bounds><pose><translation>-0.04093005810581665, 2.950123828563318, 1.3557997885680724</translation><rotation><c1>0, 0, 0</c1><c2>0, 0, 0</c2><c3>0, 0, 0</c3></rotation></pose><symmetry><x>twoFold</x><y>cylindrical</y><z>twoFold</z></symmetry><detectionScore>-1.0</detectionScore></element><element><id>2</id><category>bottle</category><bounds><corner1>-0.1733524245853506, -0.4505283853210367, -0.3357035607573382</corner1><corner2>0.1733524245853506, 0.4505283853210367, 0.3357035607573382</corner2></bounds><pose><translation>1.3171637911691128, -2.836224997364716, -0.6042749813243463</translation><rotation><c1>0, 0, 0</c1><c2>0, 0, 0</c2><c3>0, 0, 0</c3></rotation></pose><symmetry><x>twoFold</x><y>cylindrical</y><z>twoFold</z></symmetry><detectionScore>-1.0</detectionScore></element><element><id>3</id><category>kitchen_cabinet</category><bounds><corner1>-5.456455105476353, -4.318870231388694, -0.6127653004228963</corner1><corner2>5.456455105476353, 4.318870231388694, 0.6127653004228963</corner2></bounds><pose><translation>-7.7821404306912, -5.864552451083419, -1.01987764553891</translation><rotation><c1>0, 0, 0</c1><c2>0, 0, 0</c2><c3>0, 0, 0</c3></rotation></pose><symmetry><x>twoFold</x><y>cylindrical</y><z>twoFold</z></symmetry><detectionScore>-1.0</detectionScore></element><element><id>4</id><category>kitchen_cabinet</category><bounds><corner1>-0.5136888113205549, -0.058125053265791315, -0.47641599003422086</corner1><corner2>0.5136888113205549, 0.058125053265791315, 0.47641599003422086</corner2></bounds><pose><translation>-0.2014354622303059, -2.2733201494645696, -1.2072828577215113</translation><rotation><c1>0, 0, 0</c1><c2>0, 0, 0</c2><c3>0, 0, 0</c3></rotation></pose><symmetry><x>twoFold</x><y>cylindrical</y><z>twoFold</z></symmetry><detectionScore>-1.0</detectionScore></element><element><id>5</id><category>wall</category><bounds><corner1>-6.102142566296849, -3.475892039028779, -1.2829738504342145</corner1><corner2>6.102142566296849, 3.475892039028779, 1.2829738504342145</corner2></bounds><pose><translation>-9.00085992831435, 1.9930291036842136, -0.025865131488124467</translation><rotation><c1>0, 0, 0</c1><c2>0, 0, 0</c2><c3>0, 0, 0</c3></rotation></pose><symmetry><x>twoFold</x><y>cylindrical</y><z>twoFold</z></symmetry><detectionScore>-1.0</detectionScore></element><element><id>6</id><category>partition</category><bounds><corner1>-6.080142937901102, -3.053497380046645, -1.4365942572121584</corner1><corner2>6.080142937901102, 3.053497380046645, 1.4365942572121584</corner2></bounds><pose><translation>-8.97672537023672, 2.451536465288463, -0.18420615793167613</translation><rotation><c1>0, 0, 0</c1><c2>0, 0, 0</c2><c3>0, 0, 0</c3></rotation></pose><symmetry><x>twoFold</x><y>cylindrical</y><z>twoFold</z></symmetry><detectionScore>-1.0</detectionScore></element><element><id>7</id><category>hanging_kitchen_cabinet</category><bounds><corner1>-0.22950445703102185, -0.03968634923597936, -0.34240682117491794</corner1><corner2>0.22950445703102185, 0.03968634923597936, 0.34240682117491794</corner2></bounds><pose><translation>1.2809682725926639, -2.4471813674985325, 0.2178539624285315</translation><rotation><c1>0, 0, 0</c1><c2>0, 0, 0</c2><c3>0, 0, 0</c3></rotation></pose><symmetry><x>twoFold</x><y>cylindrical</y><z>twoFold</z></symmetry><detectionScore>-1.0</detectionScore></element><element><id>8</id><category>kitchen_cabinet</category><bounds><corner1>-0.6029333117149673, -0.9499955329418421, -1.6546327936336125</corner1><corner2>0.6029333117149673, 0.9499955329418421, 1.6546327936336125</corner2></bounds><pose><translation>2.261716999062224, 3.344085189913323, -0.33371413317102816</translation><rotation><c1>0, 0, 0</c1><c2>0, 0, 0</c2><c3>0, 0, 0</c3></rotation></pose><symmetry><x>twoFold</x><y>cylindrical</y><z>twoFold</z></symmetry><detectionScore>-1.0</detectionScore></element><element><id>9</id><category>kitchen_cabinet</category><bounds><corner1>-0.5261030902776477, -0.06312463664996582, -0.4144409044434939</corner1><corner2>0.5261030902776477, 0.06312463664996582, 0.4144409044434939</corner2></bounds><pose><translation>-1.1116244410443321, -2.2321843881658245, -1.170445498905403</translation><rotation><c1>0, 0, 0</c1><c2>0, 0, 0</c2><c3>0, 0, 0</c3></rotation></pose><symmetry><x>twoFold</x><y>cylindrical</y><z>twoFold</z></symmetry><detectionScore>-1.0</detectionScore></element><element><id>10</id><category>hanging_kitchen_cabinet</category><bounds><corner1>-0.5180003196091809, -0.0447562288265404, -0.41293176910530544</corner1><corner2>0.5180003196091809, 0.0447562288265404, 0.41293176910530544</corner2></bounds><pose><translation>-0.14453434390653147, -2.4939432384561484, 0.3684593336028668</translation><rotation><c1>0, 0, 0</c1><c2>0, 0, 0</c2><c3>0, 0, 0</c3></rotation></pose><symmetry><x>twoFold</x><y>cylindrical</y><z>twoFold</z></symmetry><detectionScore>-1.0</detectionScore></element><element><id>11</id><category>hanging_kitchen_cabinet</category><bounds><corner1>-0.06942016139584828, -0.5723533371806419, -0.4088458916437635</corner1><corner2>0.06942016139584828, 0.5723533371806419, 0.4088458916437635</corner2></bounds><pose><translation>2.574766780037878, -0.9955416459531965, 0.34775053482830875</translation><rotation><c1>0, 0, 0</c1><c2>0, 0, 0</c2><c3>0, 0, 0</c3></rotation></pose><symmetry><x>twoFold</x><y>cylindrical</y><z>twoFold</z></symmetry><detectionScore>-1.0</detectionScore></element><element><id>12</id><category>window</category><bounds><corner1>-0.7717273603526409, -0.1125387221436327, -1.2807569381156751</corner1><corner2>0.7717273603526409, 0.1125387221436327, 1.2807569381156751</corner2></bounds><pose><translation>0.7229032793701464, 5.909754705580413, -0.20250898792946034</translation><rotation><c1>0, 0, 0</c1><c2>0, 0, 0</c2><c3>0, 0, 0</c3></rotation></pose><symmetry><x>twoFold</x><y>cylindrical</y><z>twoFold</z></symmetry><detectionScore>-1.0</detectionScore></element><element><id>13</id><category>kitchen_cabinet</category><bounds><corner1>-0.5775290831852473, -0.47693327655571394, -0.46122688055695527</corner1><corner2>0.5775290831852473, 0.47693327655571394, 0.46122688055695527</corner2></bounds><pose><translation>2.347253191214967, -1.689706163712128, -1.1381415456712725</translation><rotation><c1>0, 0, 0</c1><c2>0, 0, 0</c2><c3>0, 0, 0</c3></rotation></pose><symmetry><x>twoFold</x><y>cylindrical</y><z>twoFold</z></symmetry><detectionScore>-1.0</detectionScore></element><element><id>14</id><category>chandelier</category><bounds><corner1>-5.840712516902931, -1.0775558445142446, -0.42587703246660324</corner1><corner2>5.840712516902931, 1.0775558445142446, 0.42587703246660324</corner2></bounds><pose><translation>-8.44084093967, 4.655525277343097, 0.8576877350960577</translation><rotation><c1>0, 0, 0</c1><c2>0, 0, 0</c2><c3>0, 0, 0</c3></rotation></pose><symmetry><x>twoFold</x><y>cylindrical</y><z>twoFold</z></symmetry><detectionScore>-1.0</detectionScore></element><element><id>15</id><category>kitchen_cabinet</category><bounds><corner1>-0.5994871961781425, -0.43546870870178, -0.4430069026188742</corner1><corner2>0.5994871961781425, 0.43546870870178, 0.4430069026188742</corner2></bounds><pose><translation>2.413931841028918, 0.2698221873099572, -1.1934228636598274</translation><rotation><c1>0, 0, 0</c1><c2>0, 0, 0</c2><c3>0, 0, 0</c3></rotation></pose><symmetry><x>twoFold</x><y>cylindrical</y><z>twoFold</z></symmetry><detectionScore>-1.0</detectionScore></element><element><id>16</id><category>window</category><bounds><corner1>-0.7205527365977793, -0.11238732566621223, -1.3078137835683405</corner1><corner2>0.7205527365977793, 0.11238732566621223, 1.3078137835683405</corner2></bounds><pose><translation>-2.3274588134666816, 5.882680638620533, -0.2590246438920867</translation><rotation><c1>0, 0, 0</c1><c2>0, 0, 0</c2><c3>0, 0, 0</c3></rotation></pose><symmetry><x>twoFold</x><y>cylindrical</y><z>twoFold</z></symmetry><detectionScore>-1.0</detectionScore></element><element><id>17</id><category>chandelier</category><bounds><corner1>-0.8433000061530307, -2.430139369497952, -0.08682900504851165</corner1><corner2>0.8433000061530307, 2.430139369497952, 0.08682900504851165</corner2></bounds><pose><translation>-3.409191757834318, 1.1868803387399784, 1.3422039224207227</translation><rotation><c1>0, 0, 0</c1><c2>0, 0, 0</c2><c3>0, 0, 0</c3></rotation></pose><symmetry><x>twoFold</x><y>cylindrical</y><z>twoFold</z></symmetry><detectionScore>-1.0</detectionScore></element><element><id>18</id><category>door</category><bounds><corner1>-0.7969585441346969, -0.116716643967405, -1.2765255563331979</corner1><corner2>0.7969585441346969, 0.116716643967405, 1.2765255563331979</corner2></bounds><pose><translation>-2.3640076481302095, 5.877453953961226, -0.15556639582328796</translation><rotation><c1>0, 0, 0</c1><c2>0, 0, 0</c2><c3>0, 0, 0</c3></rotation></pose><symmetry><x>twoFold</x><y>cylindrical</y><z>twoFold</z></symmetry><detectionScore>-1.0</detectionScore></element><element><id>19</id><category>kitchen_cabinet</category><bounds><corner1>-0.06278780342001022, -0.5423390189295213, -0.40128560718280293</corner1><corner2>0.06278780342001022, 0.5423390189295213, 0.40128560718280293</corner2></bounds><pose><translation>-2.4052552572731813, -0.964355774224251, -1.1866893668329674</translation><rotation><c1>0, 0, 0</c1><c2>0, 0, 0</c2><c3>0, 0, 0</c3></rotation></pose><symmetry><x>twoFold</x><y>cylindrical</y><z>twoFold</z></symmetry><detectionScore>-1.0</detectionScore></element><element><id>20</id><category>hanging_kitchen_cabinet</category><bounds><corner1>-0.442589831920436, -0.6499144670142933, -0.5654876775916561</corner1><corner2>0.442589831920436, 0.6499144670142933, 0.5654876775916561</corner2></bounds><pose><translation>2.586994132039177, 1.0508054267564833, 0.32292838020076786</translation><rotation><c1>0, 0, 0</c1><c2>0, 0, 0</c2><c3>0, 0, 0</c3></rotation></pose><symmetry><x>twoFold</x><y>cylindrical</y><z>twoFold</z></symmetry><detectionScore>-1.0</detectionScore></element><element><id>21</id><category>wall</category><bounds><corner1>-5.537566521970426, -3.611354481009422, -1.334823787058354</corner1><corner2>5.537566521970426, 3.611354481009422, 1.334823787058354</corner2></bounds><pose><translation>-14.236913185073107, -1.5084602315736713, -0.10011923278571226</translation><rotation><c1>0, 0, 0</c1><c2>0, 0, 0</c2><c3>0, 0, 0</c3></rotation></pose><symmetry><x>twoFold</x><y>cylindrical</y><z>twoFold</z></symmetry><detectionScore>-1.0</detectionScore></element><element><id>22</id><category>wall</category><bounds><corner1>-0.3460684798176339, -0.3238525331928108, -0.4667281587857113</corner1><corner2>0.3460684798176339, 0.3238525331928108, 0.4667281587857113</corner2></bounds><pose><translation>-2.871242826879223, -1.7358316219968826, -0.05252224206456443</translation><rotation><c1>0, 0, 0</c1><c2>0, 0, 0</c2><c3>0, 0, 0</c3></rotation></pose><symmetry><x>twoFold</x><y>cylindrical</y><z>twoFold</z></symmetry><detectionScore>-1.0</detectionScore></element><element><id>23</id><category>kitchen_cabinet</category><bounds><corner1>-0.5689778493444817, -0.6491218567030266, -0.4138847714169881</corner1><corner2>0.5689778493444817, 0.6491218567030266, 0.4138847714169881</corner2></bounds><pose><translation>2.3923428395675113, 1.1107134446161298, -1.1849828847248016</translation><rotation><c1>0, 0, 0</c1><c2>0, 0, 0</c2><c3>0, 0, 0</c3></rotation></pose><symmetry><x>twoFold</x><y>cylindrical</y><z>twoFold</z></symmetry><detectionScore>-1.0</detectionScore></element><element><id>24</id><category>hanging_kitchen_cabinet</category><bounds><corner1>-0.588576249558544, -0.0647846347768084, -0.42028032689434436</corner1><corner2>0.588576249558544, 0.0647846347768084, 0.42028032689434436</corner2></bounds><pose><translation>0.9989563512021715, -2.461770053633476, 0.3298065163838029</translation><rotation><c1>0, 0, 0</c1><c2>0, 0, 0</c2><c3>0, 0, 0</c3></rotation></pose><symmetry><x>twoFold</x><y>cylindrical</y><z>twoFold</z></symmetry><detectionScore>-1.0</detectionScore></element><element><id>25</id><category>hanging_kitchen_cabinet</category><bounds><corner1>-0.547283604135199, -0.07111332878849908, -0.5349251301533835</corner1><corner2>0.547283604135199, 0.07111332878849908, 0.5349251301533835</corner2></bounds><pose><translation>-1.138188414534552, -2.4621972687852733, 0.34773838124027945</translation><rotation><c1>0, 0, 0</c1><c2>0, 0, 0</c2><c3>0, 0, 0</c3></rotation></pose><symmetry><x>twoFold</x><y>cylindrical</y><z>twoFold</z></symmetry><detectionScore>-1.0</detectionScore></element><element><id>26</id><category>chandelier</category><bounds><corner1>-0.8791104458735517, -0.5136926499064546, -0.09189783186035605</corner1><corner2>0.8791104458735517, 0.5136926499064546, 0.09189783186035605</corner2></bounds><pose><translation>-3.4282123118401016, -0.973392620225913, 1.3437097997288188</translation><rotation><c1>0, 0, 0</c1><c2>0, 0, 0</c2><c3>0, 0, 0</c3></rotation></pose><symmetry><x>twoFold</x><y>cylindrical</y><z>twoFold</z></symmetry><detectionScore>-1.0</detectionScore></element><element><id>27</id><category>wall</category><bounds><corner1>-0.4545350408882598, -2.3134193715966407, -1.6724049416310873</corner1><corner2>0.4545350408882598, 2.3134193715966407, 1.6724049416310873</corner2></bounds><pose><translation>2.5885819658361724, -0.39224321728778466, -0.2794854131936044</translation><rotation><c1>0, 0, 0</c1><c2>0, 0, 0</c2><c3>0, 0, 0</c3></rotation></pose><symmetry><x>twoFold</x><y>cylindrical</y><z>twoFold</z></symmetry><detectionScore>-1.0</detectionScore></element><element><id>28</id><category>plant</category><bounds><corner1>-0.18299595031431326, -0.4486388434337436, -0.3133006618861401</corner1><corner2>0.18299595031431326, 0.4486388434337436, 0.3133006618861401</corner2></bounds><pose><translation>1.3184733451472554, -2.8319592118607693, -0.6258793405195241</translation><rotation><c1>0, 0, 0</c1><c2>0, 0, 0</c2><c3>0, 0, 0</c3></rotation></pose><symmetry><x>twoFold</x><y>cylindrical</y><z>twoFold</z></symmetry><detectionScore>-1.0</detectionScore></element><element><id>29</id><category>hanging_kitchen_cabinet</category><bounds><corner1>-0.4076091587130275, -0.5542102168374938, -0.5586630393694358</corner1><corner2>0.4076091587130275, 0.5542102168374938, 0.5586630393694358</corner2></bounds><pose><translation>2.6153137173529206, 0.14570072887713204, 0.36394942115201123</translation><rotation><c1>0, 0, 0</c1><c2>0, 0, 0</c2><c3>0, 0, 0</c3></rotation></pose><symmetry><x>twoFold</x><y>cylindrical</y><z>twoFold</z></symmetry><detectionScore>-1.0</detectionScore></element><element><id>30</id><category>kitchen_cabinet</category><bounds><corner1>-0.46998116236722076, -0.05233124035494452, -0.28323895385187736</corner1><corner2>0.46998116236722076, 0.05233124035494452, 0.28323895385187736</corner2></bounds><pose><translation>1.5615248945977025, -2.247810300678483, -1.0017843738293075</translation><rotation><c1>0, 0, 0</c1><c2>0, 0, 0</c2><c3>0, 0, 0</c3></rotation></pose><symmetry><x>twoFold</x><y>cylindrical</y><z>twoFold</z></symmetry><detectionScore>-1.0</detectionScore></element><element><id>31</id><category>shelving</category><bounds><corner1>-3.3023667808495283, -1.9516027549346875, -1.6947121383213224</corner1><corner2>3.3023667808495283, 1.9516027549346875, 1.6947121383213224</corner2></bounds><pose><translation>-8.694662763315703, 3.749772747770047, -0.45328691330856097</translation><rotation><c1>0, 0, 0</c1><c2>0, 0, 0</c2><c3>0, 0, 0</c3></rotation></pose><symmetry><x>twoFold</x><y>cylindrical</y><z>twoFold</z></symmetry><detectionScore>-1.0</detectionScore></element><element><id>32</id><category>door</category><bounds><corner1>-3.399375478921991, -2.9180538867221824, -1.5636116574026877</corner1><corner2>3.399375478921991, 2.9180538867221824, 1.5636116574026877</corner2></bounds><pose><translation>-8.94048173296183, 2.6067322104134103, -0.3199872681164301</translation><rotation><c1>0, 0, 0</c1><c2>0, 0, 0</c2><c3>0, 0, 0</c3></rotation></pose><symmetry><x>twoFold</x><y>cylindrical</y><z>twoFold</z></symmetry><detectionScore>-1.0</detectionScore></element><element><id>33</id><category>shelving</category><bounds><corner1>-5.468576486036726, -2.932818222477808, -1.6252071917889124</corner1><corner2>5.468576486036726, 2.932818222477808, 1.6252071917889124</corner2></bounds><pose><translation>-8.922354167973618, 2.5856856082217545, -0.38250401349961377</translation><rotation><c1>0, 0, 0</c1><c2>0, 0, 0</c2><c3>0, 0, 0</c3></rotation></pose><symmetry><x>twoFold</x><y>cylindrical</y><z>twoFold</z></symmetry><detectionScore>-1.0</detectionScore></element><element><id>34</id><category>chandelier</category><bounds><corner1>-0.2644393690300132, -0.6323104007473663, -0.05489956756416148</corner1><corner2>0.2644393690300132, 0.6323104007473663, 0.05489956756416148</corner2></bounds><pose><translation>-0.06078098319417877, 2.0354469753806743, 1.4597092979601531</translation><rotation><c1>0, 0, 0</c1><c2>0, 0, 0</c2><c3>0, 0, 0</c3></rotation></pose><symmetry><x>twoFold</x><y>cylindrical</y><z>twoFold</z></symmetry><detectionScore>-1.0</detectionScore></element><element><id>35</id><category>kitchen_cabinet</category><bounds><corner1>-4.549837493330607, -2.2623364426353723, -1.3768642011308352</corner1><corner2>4.549837493330607, 2.2623364426353723, 1.3768642011308352</corner2></bounds><pose><translation>-7.166311379051194, 3.4144777952273335, -0.07653282681800683</translation><rotation><c1>0, 0, 0</c1><c2>0, 0, 0</c2><c3>0, 0, 0</c3></rotation></pose><symmetry><x>twoFold</x><y>cylindrical</y><z>twoFold</z></symmetry><detectionScore>-1.0</detectionScore></element><element><id>36</id><category>kitchen_cabinet</category><bounds><corner1>-0.058897269880362924, -0.7921157670057224, -0.5006632775480121</corner1><corner2>0.058897269880362924, 0.7921157670057224, 0.5006632775480121</corner2></bounds><pose><translation>-2.427840041118658, -0.08683004355272797, -1.1832623137790605</translation><rotation><c1>0, 0, 0</c1><c2>0, 0, 0</c2><c3>0, 0, 0</c3></rotation></pose><symmetry><x>twoFold</x><y>cylindrical</y><z>twoFold</z></symmetry><detectionScore>-1.0</detectionScore></element><element><id>37</id><category>chair</category><bounds><corner1>-0.6360736394309696, -0.13145371452111076, -0.24974501488585532</corner1><corner2>0.6360736394309696, 0.13145371452111076, 0.24974501488585532</corner2></bounds><pose><translation>1.8540769093366913, -2.3287558152683774, -0.7995875439002407</translation><rotation><c1>0, 0, 0</c1><c2>0, 0, 0</c2><c3>0, 0, 0</c3></rotation></pose><symmetry><x>twoFold</x><y>cylindrical</y><z>twoFold</z></symmetry><detectionScore>-1.0</detectionScore></element><element><id>38</id><category>kitchen_cabinet</category><bounds><corner1>-0.5532082090097643, -0.5137417381041429, -0.4208746469448482</corner1><corner2>0.5532082090097643, 0.5137417381041429, 0.4208746469448482</corner2></bounds><pose><translation>2.388205528396335, -0.9927564050427574, -1.1817503036785268</translation><rotation><c1>0, 0, 0</c1><c2>0, 0, 0</c2><c3>0, 0, 0</c3></rotation></pose><symmetry><x>twoFold</x><y>cylindrical</y><z>twoFold</z></symmetry><detectionScore>-1.0</detectionScore></element><element><id>39</id><category>kitchen_cabinet</category><bounds><corner1>-0.06063248196487203, -2.081211599965981, -0.40606246776335764</corner1><corner2>0.06063248196487203, 2.081211599965981, 0.40606246776335764</corner2></bounds><pose><translation>-2.406646595110515, 0.8982645089750877, -1.196664755455226</translation><rotation><c1>0, 0, 0</c1><c2>0, 0, 0</c2><c3>0, 0, 0</c3></rotation></pose><symmetry><x>twoFold</x><y>cylindrical</y><z>twoFold</z></symmetry><detectionScore>-1.0</detectionScore></element><element><id>40</id><category>wall</category><bounds><corner1>-0.3426643282398434, -0.8737906395031285, -1.338173109169296</corner1><corner2>0.3426643282398434, 0.8737906395031285, 1.338173109169296</corner2></bounds><pose><translation>-2.674148251704125, -2.112631523418276, -0.012532032166770542</translation><rotation><c1>0, 0, 0</c1><c2>0, 0, 0</c2><c3>0, 0, 0</c3></rotation></pose><symmetry><x>twoFold</x><y>cylindrical</y><z>twoFold</z></symmetry><detectionScore>-1.0</detectionScore></element><element><id>41</id><category>chair</category><bounds><corner1>-0.5565118110265006, -1.5482248064005475, -0.5694874143422041</corner1><corner2>0.5565118110265006, 1.5482248064005475, 0.5694874143422041</corner2></bounds><pose><translation>-5.670431118094971, 4.192222963184217, -1.1972264825377683</translation><rotation><c1>0, 0, 0</c1><c2>0, 0, 0</c2><c3>0, 0, 0</c3></rotation></pose><symmetry><x>twoFold</x><y>cylindrical</y><z>twoFold</z></symmetry><detectionScore>-1.0</detectionScore></element><element><id>42</id><category>hanging_kitchen_cabinet</category><bounds><corner1>-0.05193451955044637, -0.14031801034376779, -0.37700116518834953</corner1><corner2>0.05193451955044637, 0.14031801034376779, 0.37700116518834953</corner2></bounds><pose><translation>-2.5670431135452505, -1.5511674332230014, 0.30701924354812055</translation><rotation><c1>0, 0, 0</c1><c2>0, 0, 0</c2><c3>0, 0, 0</c3></rotation></pose><symmetry><x>twoFold</x><y>cylindrical</y><z>twoFold</z></symmetry><detectionScore>-1.0</detectionScore></element><element><id>43</id><category>kitchen_cabinet</category><bounds><corner1>-0.6112593132860993, -0.37193801708106927, -0.43701856932703365</corner1><corner2>0.6112593132860993, 0.37193801708106927, 0.43701856932703365</corner2></bounds><pose><translation>2.414755556771992, -0.286809236831093, -1.1648603757335252</translation><rotation><c1>0, 0, 0</c1><c2>0, 0, 0</c2><c3>0, 0, 0</c3></rotation></pose><symmetry><x>twoFold</x><y>cylindrical</y><z>twoFold</z></symmetry><detectionScore>-1.0</detectionScore></element><element><id>44</id><category>wall</category><bounds><corner1>-3.489840473915468, -0.1535193441206424, -1.4157298665319513</corner1><corner2>3.489840473915468, 0.1535193441206424, 1.4157298665319513</corner2></bounds><pose><translation>-1.4901701873771152, 5.842444528027924, -0.21016050128308095</translation><rotation><c1>0, 0, 0</c1><c2>0, 0, 0</c2><c3>0, 0, 0</c3></rotation></pose><symmetry><x>twoFold</x><y>cylindrical</y><z>twoFold</z></symmetry><detectionScore>-1.0</detectionScore></element><element><id>45</id><category>chair</category><bounds><corner1>-0.29221249831272944, -2.2499014861393025, -0.32664033386672775</corner1><corner2>0.29221249831272944, 2.2499014861393025, 0.32664033386672775</corner2></bounds><pose><translation>-2.6808098161175513, 0.6159181336268624, -0.9631405268690457</translation><rotation><c1>0, 0, 0</c1><c2>0, 0, 0</c2><c3>0, 0, 0</c3></rotation></pose><symmetry><x>twoFold</x><y>cylindrical</y><z>twoFold</z></symmetry><detectionScore>-1.0</detectionScore></element><element><id>46</id><category>window</category><bounds><corner1>-0.0835790868371098, -0.6491009130875045, -0.826530055734207</corner1><corner2>0.0835790868371098, 0.6491009130875045, 0.826530055734207</corner2></bounds><pose><translation>2.9671522724318047, 2.172873906458835, 0.06187363120938649</translation><rotation><c1>0, 0, 0</c1><c2>0, 0, 0</c2><c3>0, 0, 0</c3></rotation></pose><symmetry><x>twoFold</x><y>cylindrical</y><z>twoFold</z></symmetry><detectionScore>-1.0</detectionScore></element><element><id>47</id><category>chair</category><bounds><corner1>-0.08433422883788744, -0.789173674154778, -0.37369885466610264</corner1><corner2>0.08433422883788744, 0.789173674154778, 0.37369885466610264</corner2></bounds><pose><translation>-2.4748827157054136, -0.4158289334040639, -1.008681053139765</translation><rotation><c1>0, 0, 0</c1><c2>0, 0, 0</c2><c3>0, 0, 0</c3></rotation></pose><symmetry><x>twoFold</x><y>cylindrical</y><z>twoFold</z></symmetry><detectionScore>-1.0</detectionScore></element><element><id>48</id><category>dining_table</category><bounds><corner1>-3.0256628840118642, -2.1738386074486704, -0.5117820131599264</corner1><corner2>3.0256628840118642, 2.1738386074486704, 0.5117820131599264</corner2></bounds><pose><translation>-5.78253464864914, 3.5157721769205827, -1.139598984846071</translation><rotation><c1>0, 0, 0</c1><c2>0, 0, 0</c2><c3>0, 0, 0</c3></rotation></pose><symmetry><x>twoFold</x><y>cylindrical</y><z>twoFold</z></symmetry><detectionScore>-1.0</detectionScore></element><element><id>49</id><category>kitchen_cabinet</category><bounds><corner1>-0.8134715328964603, -0.07080086830277565, -0.4500150778961719</corner1><corner2>0.8134715328964603, 0.07080086830277565, 0.4500150778961719</corner2></bounds><pose><translation>1.029418644009829, -2.267704962212366, -1.1795194012771344</translation><rotation><c1>0, 0, 0</c1><c2>0, 0, 0</c2><c3>0, 0, 0</c3></rotation></pose><symmetry><x>twoFold</x><y>cylindrical</y><z>twoFold</z></symmetry><detectionScore>-1.0</detectionScore></element><element><id>50</id><category>kitchen_cabinet</category><bounds><corner1>-0.27138943552378914, -1.8142162296673252, -1.6066659175694424</corner1><corner2>0.27138943552378914, 1.8142162296673252, 1.6066659175694424</corner2></bounds><pose><translation>2.0450533551848364, 4.079589879657316, -0.30378616837897754</translation><rotation><c1>0, 0, 0</c1><c2>0, 0, 0</c2><c3>0, 0, 0</c3></rotation></pose><symmetry><x>twoFold</x><y>cylindrical</y><z>twoFold</z></symmetry><detectionScore>-1.0</detectionScore></element></elements></scene>