<?xml version='1.0' encoding='utf-8'?>
<scene xmlns:sumo="https://www.sumochallenge.org"><version>2.0</version><categories><id>fb_categories_v1.0</id><url>https://sumochallenge.org/en/categories-1_0.json</url></categories><project_type>bounding_box</project_type><elements><element><id>4</id><category>picture_frame</category><bounds><corner1>-0.68808763, -0.73147112, -0.04134589</corner1><corner2>0.68808763, 0.73147112, 0.04134589</corner2></bounds><pose><translation>1.50901424, 0.36182779, 1.01809308</translation><rotation><c1>1., 0., 0.</c1><c2>0., 1., 0.</c2><c3>0., 0., 1.</c3></rotation></pose><symmetry><x>none</x><y>fourFold</y><z>none</z></symmetry><detectionScore>0.9717784</detectionScore></element><element><id>1</id><category>door</category><bounds><corner1>-1.51031479, -1.00714387, -1.3406694 </corner1><corner2>1.51031479, 1.00714387, 1.3406694 </corner2></bounds><pose><translation> 3.73246449, -0.37598779, -3.40981628</translation><rotation><c1>1., 0., 0.</c1><c2>0., 1., 0.</c2><c3>0., 0., 1.</c3></rotation></pose><symmetry><x>twoFold</x><y>twoFold</y><z>twoFold</z></symmetry><detectionScore>0.6463578</detectionScore></element><element><id>5</id><category>plant</category><bounds><corner1>-2.03699018, -0.9342549 , -1.45817133</corner1><corner2>2.03699018, 0.9342549 , 1.45817133</corner2></bounds><pose><translation>-2.03699018, -0.64111341, -1.45817133</translation><rotation><c1>1., 0., 0.</c1><c2>0., 1., 0.</c2><c3>0., 0., 1.</c3></rotation></pose><symmetry><x>none</x><y>cylindrical</y><z>none</z></symmetry><detectionScore>0.5086717</detectionScore></element><element><id>11</id><category>tv_stand</category><bounds><corner1>-0.57450064, -0.33850741, -0.08375877</corner1><corner2>0.57450064, 0.33850741, 0.08375877</corner2></bounds><pose><translation> 2.03425928, -0.99302324, -3.22173125</translation><rotation><c1>1., 0., 0.</c1><c2>0., 1., 0.</c2><c3>0., 0., 1.</c3></rotation></pose><symmetry><x>none</x><y>none</y><z>none</z></symmetry><detectionScore>0.5832754</detectionScore></element><element><id>10</id><category>table_lamp</category><bounds><corner1>-0.37353487, -0.08142411, -0.28399712</corner1><corner2>0.37353487, 0.08142411, 0.28399712</corner2></bounds><pose><translation> 0.48799433, -0.40520244,  0.7759831 </translation><rotation><c1>1., 0., 0.</c1><c2>0., 1., 0.</c2><c3>0., 0., 1.</c3></rotation></pose><symmetry><x>none</x><y>cylindrical</y><z>none</z></symmetry><detectionScore>0.5165998</detectionScore></element><element><id>3</id><category>armchair</category><bounds><corner1>-0.6928002 , -0.83248406, -1.80402069</corner1><corner2>0.6928002 , 0.83248406, 1.80402069</corner2></bounds><pose><translation> 0.62489632, -0.96757312, -2.30801613</translation><rotation><c1>1., 0., 0.</c1><c2>0., 1., 0.</c2><c3>0., 0., 1.</c3></rotation></pose><symmetry><x>none</x><y>none</y><z>none</z></symmetry><detectionScore>0.84150183</detectionScore></element><element><id>2</id><category>wall</category><bounds><corner1>-1.18657667, -1.1493125 , -2.68590586</corner1><corner2>1.18657667, 1.1493125 , 2.68590586</corner2></bounds><pose><translation> 1.22425963, -0.15731483, -3.19890884</translation><rotation><c1>1., 0., 0.</c1><c2>0., 1., 0.</c2><c3>0., 0., 1.</c3></rotation></pose><symmetry><x>none</x><y>twoFold</y><z>none</z></symmetry><detectionScore>0.7280745</detectionScore></element><element><id>7</id><category>wall</category><bounds><corner1>-0.0479438 , -0.55859588, -0.07999852</corner1><corner2>0.0479438 , 0.55859588, 0.07999852</corner2></bounds><pose><translation>-0.11333369, -0.02506321, -0.43700008</translation><rotation><c1>1., 0., 0.</c1><c2>0., 1., 0.</c2><c3>0., 0., 1.</c3></rotation></pose><symmetry><x>none</x><y>twoFold</y><z>none</z></symmetry><detectionScore>0.6224414</detectionScore></element><element><id>9</id><category>wall</category><bounds><corner1>-1.29253734, -1.1419133 , -1.4239783 </corner1><corner2>1.29253734, 1.1419133 , 1.4239783 </corner2></bounds><pose><translation> 3.60762524, -0.0517531 , -1.12994644</translation><rotation><c1>1., 0., 0.</c1><c2>0., 1., 0.</c2><c3>0., 0., 1.</c3></rotation></pose><symmetry><x>none</x><y>twoFold</y><z>none</z></symmetry><detectionScore>0.65058285</detectionScore></element><element><id>8</id><category>chair</category><bounds><corner1>-0.60539141, -0.5648744 , -1.01599342</corner1><corner2>0.60539141, 0.5648744 , 1.01599342</corner2></bounds><pose><translation>-0.76620018, -0.70987091, -1.37899208</translation><rotation><c1>1., 0., 0.</c1><c2>0., 1., 0.</c2><c3>0., 0., 1.</c3></rotation></pose><symmetry><x>none</x><y>none</y><z>none</z></symmetry><detectionScore>0.76068044</detectionScore></element><element><id>6</id><category>dressing_table</category><bounds><corner1>-0.11163442, -0.64272017, -0.62396854</corner1><corner2>0.11163442, 0.64272017, 0.62396854</corner2></bounds><pose><translation> 3.52323855, -0.66724053, -1.55612376</translation><rotation><c1>1., 0., 0.</c1><c2>0., 1., 0.</c2><c3>0., 0., 1.</c3></rotation></pose><symmetry><x>none</x><y>none</y><z>none</z></symmetry><detectionScore>0.741546</detectionScore></element></elements></scene>