<?xml version='1.0' encoding='utf-8'?>
<scene xmlns:sumo="https://www.sumochallenge.org"><version>2.0</version><categories><id>fb_categories_v1_0</id><url>https://sumochallenge.org/en/categories-1_0.json</url></categories><project_type>bounding_box</project_type><elements><element><id>0</id><category>floor</category><bounds><corner1>-1.6983130765151118, -0.6490730725225979, -1.337096366301557</corner1><corner2>1.6983130765151118, 0.6490730725225979, 1.337096366301557</corner2></bounds><pose><translation>-4.553271841365246, -1.0785955916948127, -0.31605315741651707</translation><rotation><c1>1, 0, 0</c1><c2>0, 1, 0</c2><c3>0, 0, 1</c3></rotation></pose><symmetry><x>twoFold</x><y>cylindrical</y><z>twoFold</z></symmetry><detectionScore>-1.0</detectionScore></element><element><id>1</id><category>chandelier</category><bounds><corner1>-0.05771044189446872, -0.3125727443476656, -0.12382526012982109</corner1><corner2>0.05771044189446872, 0.3125727443476656, 0.12382526012982109</corner2></bounds><pose><translation>2.8380418268515974, 0.5401535775794697, -1.4129960636362504</translation><rotation><c1>1, 0, 0</c1><c2>0, 1, 0</c2><c3>0, 0, 1</c3></rotation></pose><symmetry><x>twoFold</x><y>cylindrical</y><z>twoFold</z></symmetry><detectionScore>-1.0</detectionScore></element><element><id>2</id><category>window</category><bounds><corner1>-1.3303973390306374, -1.441852768578317, -0.8728836365838708</corner1><corner2>1.3303973390306374, 1.441852768578317, 0.8728836365838708</corner2></bounds><pose><translation>-4.613973439731607, -0.10393441498143363, -0.3311838667922291</translation><rotation><c1>1, 0, 0</c1><c2>0, 1, 0</c2><c3>0, 0, 1</c3></rotation></pose><symmetry><x>twoFold</x><y>cylindrical</y><z>twoFold</z></symmetry><detectionScore>-1.0</detectionScore></element><element><id>3</id><category>ceiling_fan</category><bounds><corner1>-0.7759180737323712, -0.08391261901854752, -0.4538824812695325</corner1><corner2>0.7759180737323712, 0.08391261901854752, 0.4538824812695325</corner2></bounds><pose><translation>-1.9978668141414053, 1.453807452532299, -0.7142464524506709</translation><rotation><c1>1, 0, 0</c1><c2>0, 1, 0</c2><c3>0, 0, 1</c3></rotation></pose><symmetry><x>twoFold</x><y>cylindrical</y><z>twoFold</z></symmetry><detectionScore>-1.0</detectionScore></element><element><id>4</id><category>wall</category><bounds><corner1>-1.0539062155223, -1.5511806437808608, -0.3255761731514024</corner1><corner2>1.0539062155223, 1.5511806437808608, 0.3255761731514024</corner2></bounds><pose><translation>-2.172561343841946, -0.03945164005040235, 1.3145625511695027</translation><rotation><c1>1, 0, 0</c1><c2>0, 1, 0</c2><c3>0, 0, 1</c3></rotation></pose><symmetry><x>twoFold</x><y>cylindrical</y><z>twoFold</z></symmetry><detectionScore>-1.0</detectionScore></element><element><id>5</id><category>wall</category><bounds><corner1>-5.736015511424759, -1.4903018031104855, -1.0515890130406222</corner1><corner2>5.736015511424759, 1.4903018031104855, 1.0515890130406222</corner2></bounds><pose><translation>2.8260175389592956, -0.05190262071948082, -1.3425207850997127</translation><rotation><c1>1, 0, 0</c1><c2>0, 1, 0</c2><c3>0, 0, 1</c3></rotation></pose><symmetry><x>twoFold</x><y>cylindrical</y><z>twoFold</z></symmetry><detectionScore>-1.0</detectionScore></element><element><id>6</id><category>wall_lamp</category><bounds><corner1>-0.15853682253974954, -0.2978297632010419, -0.09017374005842282</corner1><corner2>0.15853682253974954, 0.2978297632010419, 0.09017374005842282</corner2></bounds><pose><translation>-0.9139337445151269, 0.4994827368968074, 1.6777038549150656</translation><rotation><c1>1, 0, 0</c1><c2>0, 1, 0</c2><c3>0, 0, 1</c3></rotation></pose><symmetry><x>twoFold</x><y>cylindrical</y><z>twoFold</z></symmetry><detectionScore>-1.0</detectionScore></element><element><id>7</id><category>door</category><bounds><corner1>-7.097515126579982, -1.595997688140693, -0.35399915274852833</corner1><corner2>7.097515126579982, 1.595997688140693, 0.35399915274852833</corner2></bounds><pose><translation>1.4645179238040722, -0.286485903241286, -0.31265966646229043</translation><rotation><c1>1, 0, 0</c1><c2>0, 1, 0</c2><c3>0, 0, 1</c3></rotation></pose><symmetry><x>twoFold</x><y>cylindrical</y><z>twoFold</z></symmetry><detectionScore>-1.0</detectionScore></element><element><id>8</id><category>door</category><bounds><corner1>-0.81776289214698, -1.5507146202210882, -0.4970200928718971</corner1><corner2>0.81776289214698, 1.5507146202210882, 0.4970200928718971</corner2></bounds><pose><translation>-3.198598543225598, -0.2818691662853214, -1.686742314500088</translation><rotation><c1>1, 0, 0</c1><c2>0, 1, 0</c2><c3>0, 0, 1</c3></rotation></pose><symmetry><x>twoFold</x><y>cylindrical</y><z>twoFold</z></symmetry><detectionScore>-1.0</detectionScore></element><element><id>9</id><category>wall</category><bounds><corner1>-1.1066736820439202, -1.5073168706721174, -0.4701883047758686</corner1><corner2>1.1066736820439202, 1.5073168706721174, 0.4701883047758686</corner2></bounds><pose><translation>-3.7061134368622244, -0.15488350528405684, -1.6679371235836715</translation><rotation><c1>1, 0, 0</c1><c2>0, 1, 0</c2><c3>0, 0, 1</c3></rotation></pose><symmetry><x>twoFold</x><y>cylindrical</y><z>twoFold</z></symmetry><detectionScore>-1.0</detectionScore></element><element><id>10</id><category>partition</category><bounds><corner1>-0.9302289267746846, -1.53035077960385, -0.44269352170927423</corner1><corner2>0.9302289267746846, 1.53035077960385, 0.44269352170927423</corner2></bounds><pose><translation>-3.4667386161303444, -0.27663962223704947, -1.6705130518802715</translation><rotation><c1>1, 0, 0</c1><c2>0, 1, 0</c2><c3>0, 0, 1</c3></rotation></pose><symmetry><x>twoFold</x><y>cylindrical</y><z>twoFold</z></symmetry><detectionScore>-1.0</detectionScore></element><element><id>11</id><category>wall</category><bounds><corner1>-2.025579718683257, -1.5075027220955968, -1.857642898213447</corner1><corner2>2.025579718683257, 1.5075027220955968, 1.857642898213447</corner2></bounds><pose><translation>-4.562470241891509, -0.1511293364924802, -0.3863615365018731</translation><rotation><c1>1, 0, 0</c1><c2>0, 1, 0</c2><c3>0, 0, 1</c3></rotation></pose><symmetry><x>twoFold</x><y>cylindrical</y><z>twoFold</z></symmetry><detectionScore>-1.0</detectionScore></element><element><id>12</id><category>wall</category><bounds><corner1>-1.8269808138013104, -0.8456703502532011, -0.8746670458643819</corner1><corner2>1.8269808138013104, 0.8456703502532011, 0.8746670458643819</corner2></bounds><pose><translation>1.0913784939153321, -0.018735523477248568, 0.07933829383895882</translation><rotation><c1>1, 0, 0</c1><c2>0, 1, 0</c2><c3>0, 0, 1</c3></rotation></pose><symmetry><x>twoFold</x><y>cylindrical</y><z>twoFold</z></symmetry><detectionScore>-1.0</detectionScore></element><element><id>13</id><category>chandelier</category><bounds><corner1>-0.7921693204400424, -0.08335658184774375, -0.4379280111024916</corner1><corner2>0.7921693204400424, 0.08335658184774375, 0.4379280111024916</corner2></bounds><pose><translation>-2.017886615073281, 1.4514465442721594, -0.7225423595012361</translation><rotation><c1>1, 0, 0</c1><c2>0, 1, 0</c2><c3>0, 0, 1</c3></rotation></pose><symmetry><x>twoFold</x><y>cylindrical</y><z>twoFold</z></symmetry><detectionScore>-1.0</detectionScore></element><element><id>14</id><category>mirror</category><bounds><corner1>-0.4942108949378192, -0.8089281423265574, -0.10034215928254508</corner1><corner2>0.4942108949378192, 0.8089281423265574, 0.10034215928254508</corner2></bounds><pose><translation>-2.662683146305124, 0.321036985341146, 1.4981002780074009</translation><rotation><c1>1, 0, 0</c1><c2>0, 1, 0</c2><c3>0, 0, 1</c3></rotation></pose><symmetry><x>twoFold</x><y>cylindrical</y><z>twoFold</z></symmetry><detectionScore>-1.0</detectionScore></element><element><id>15</id><category>wall</category><bounds><corner1>-2.071981402251609, -1.465982580438981, -0.6145933933237022</corner1><corner2>2.071981402251609, 1.465982580438981, 0.6145933933237022</corner2></bounds><pose><translation>0.8463779054650338, -0.004302651580827581, 0.3394119463796385</translation><rotation><c1>1, 0, 0</c1><c2>0, 1, 0</c2><c3>0, 0, 1</c3></rotation></pose><symmetry><x>twoFold</x><y>cylindrical</y><z>twoFold</z></symmetry><detectionScore>-1.0</detectionScore></element><element><id>16</id><category>chandelier</category><bounds><corner1>-0.8508163944854714, -0.07653530055128033, -0.45219537761694123</corner1><corner2>0.8508163944854714, 0.07653530055128033, 0.45219537761694123</corner2></bounds><pose><translation>-3.9476369075481097, 1.3355876901239063, -0.5049146297541717</translation><rotation><c1>1, 0, 0</c1><c2>0, 1, 0</c2><c3>0, 0, 1</c3></rotation></pose><symmetry><x>twoFold</x><y>cylindrical</y><z>twoFold</z></symmetry><detectionScore>-1.0</detectionScore></element><element><id>17</id><category>floor_lamp</category><bounds><corner1>-0.09314464503746575, -0.24786774988426852, -0.1453351530206124</corner1><corner2>0.09314464503746575, 0.24786774988426852, 0.1453351530206124</corner2></bounds><pose><translation>-0.27522779586344015, -0.38003825338769653, 1.6649955934910106</translation><rotation><c1>1, 0, 0</c1><c2>0, 1, 0</c2><c3>0, 0, 1</c3></rotation></pose><symmetry><x>twoFold</x><y>cylindrical</y><z>twoFold</z></symmetry><detectionScore>-1.0</detectionScore></element><element><id>18</id><category>hanger</category><bounds><corner1>-0.17854659699890796, -0.31623284418646935, -0.05729685442913102</corner1><corner2>0.17854659699890796, 0.31623284418646935, 0.05729685442913102</corner2></bounds><pose><translation>-0.3358418120302528, -0.3589471784627993, 1.7559253568094058</translation><rotation><c1>1, 0, 0</c1><c2>0, 1, 0</c2><c3>0, 0, 1</c3></rotation></pose><symmetry><x>twoFold</x><y>cylindrical</y><z>twoFold</z></symmetry><detectionScore>-1.0</detectionScore></element><element><id>19</id><category>hanging_kitchen_cabinet</category><bounds><corner1>-0.5711418921456494, -0.590339118084922, -0.10962462697006092</corner1><corner2>0.5711418921456494, 0.590339118084922, 0.10962462697006092</corner2></bounds><pose><translation>-0.08059695318778277, 0.6783489829505489, -1.501186274692556</translation><rotation><c1>1, 0, 0</c1><c2>0, 1, 0</c2><c3>0, 0, 1</c3></rotation></pose><symmetry><x>twoFold</x><y>cylindrical</y><z>twoFold</z></symmetry><detectionScore>-1.0</detectionScore></element><element><id>20</id><category>chair</category><bounds><corner1>-0.6153325539041887, -0.5508121689471039, -0.7795077011837142</corner1><corner2>0.6153325539041887, 0.5508121689471039, 0.7795077011837142</corner2></bounds><pose><translation>-4.276763921833773, -1.465681892437534, -0.6188097673303655</translation><rotation><c1>1, 0, 0</c1><c2>0, 1, 0</c2><c3>0, 0, 1</c3></rotation></pose><symmetry><x>twoFold</x><y>cylindrical</y><z>twoFold</z></symmetry><detectionScore>-1.0</detectionScore></element><element><id>21</id><category>wall_lamp</category><bounds><corner1>-0.17235588186972373, -0.32911796740093113, -0.05809346269500937</corner1><corner2>0.17235588186972373, 0.32911796740093113, 0.05809346269500937</corner2></bounds><pose><translation>-0.3296510969010686, -0.364978251458274, 1.7551287485435274</translation><rotation><c1>1, 0, 0</c1><c2>0, 1, 0</c2><c3>0, 0, 1</c3></rotation></pose><symmetry><x>twoFold</x><y>cylindrical</y><z>twoFold</z></symmetry><detectionScore>-1.0</detectionScore></element><element><id>22</id><category>ceiling</category><bounds><corner1>-0.058833941966188075, -0.3116553579843806, -0.12842054558483618</corner1><corner2>0.058833941966188075, 0.3116553579843806, 0.12842054558483618</corner2></bounds><pose><translation>2.836918326779878, 0.5294712504471674, -1.407231155789732</translation><rotation><c1>1, 0, 0</c1><c2>0, 1, 0</c2><c3>0, 0, 1</c3></rotation></pose><symmetry><x>twoFold</x><y>cylindrical</y><z>twoFold</z></symmetry><detectionScore>-1.0</detectionScore></element><element><id>23</id><category>wall</category><bounds><corner1>-7.487520811769883, -1.511261137193595, -0.8841045194638014</corner1><corner2>7.487520811769883, 1.511261137193595, 0.8841045194638014</corner2></bounds><pose><translation>1.0745122386141706, -0.010218563686915589, 0.06990082023953939</translation><rotation><c1>1, 0, 0</c1><c2>0, 1, 0</c2><c3>0, 0, 1</c3></rotation></pose><symmetry><x>twoFold</x><y>cylindrical</y><z>twoFold</z></symmetry><detectionScore>-1.0</detectionScore></element><element><id>24</id><category>kitchen_cabinet</category><bounds><corner1>-0.5855443906518997, -1.643084058340349, -0.13041100184386956</corner1><corner2>0.5855443906518997, 1.643084058340349, 0.13041100184386956</corner2></bounds><pose><translation>-0.08154159947716065, -0.12404706864070099, -1.513463195499145</translation><rotation><c1>1, 0, 0</c1><c2>0, 1, 0</c2><c3>0, 0, 1</c3></rotation></pose><symmetry><x>twoFold</x><y>cylindrical</y><z>twoFold</z></symmetry><detectionScore>-1.0</detectionScore></element><element><id>25</id><category>wall</category><bounds><corner1>-0.5564042970011767, -0.6418993787875282, -0.7960812969954388</corner1><corner2>0.5564042970011767, 0.6418993787875282, 0.7960812969954388</corner2></bounds><pose><translation>-3.1455457605616517, -1.6377366603032106, -1.4482661421566005</translation><rotation><c1>1, 0, 0</c1><c2>0, 1, 0</c2><c3>0, 0, 1</c3></rotation></pose><symmetry><x>twoFold</x><y>cylindrical</y><z>twoFold</z></symmetry><detectionScore>-1.0</detectionScore></element><element><id>26</id><category>kitchen_cabinet</category><bounds><corner1>-0.8544885682346752, -0.5077081455278627, -0.6676544812440538</corner1><corner2>0.8544885682346752, 0.5077081455278627, 0.6676544812440538</corner2></bounds><pose><translation>-2.2098618414802655, -0.7144822497458587, 0.9123416490718662</translation><rotation><c1>1, 0, 0</c1><c2>0, 1, 0</c2><c3>0, 0, 1</c3></rotation></pose><symmetry><x>twoFold</x><y>cylindrical</y><z>twoFold</z></symmetry><detectionScore>-1.0</detectionScore></element></elements></scene>