<?xml version='1.0' encoding='utf-8'?>
<scene xmlns:sumo="https://www.sumochallenge.org"><version>2.0</version><categories><id>fb_categories_v1_0</id><url>https://sumochallenge.org/en/categories-1_0.json</url></categories><project_type>bounding_box</project_type><elements><element><id>0</id><category>wall</category><bounds><corner1>-2.824388090790482, -1.4767212203021247, -4.9613353768402035</corner1><corner2>2.824388090790482, 1.4767212203021247, 4.9613353768402035</corner2></bounds><pose><translation>-1.3688097862251942, -0.12949928766428756, -4.9613353768402035</translation><rotation><c1>1, 0, 0</c1><c2>0, 1, 0</c2><c3>0, 0, 1</c3></rotation></pose><symmetry><x>twoFold</x><y>cylindrical</y><z>twoFold</z></symmetry><detectionScore>-1.0</detectionScore></element><element><id>1</id><category>coffee_table</category><bounds><corner1>-0.29805677652620965, -0.5588493387678249, -0.5054610307862246</corner1><corner2>0.29805677652620965, 0.5588493387678249, 0.5054610307862246</corner2></bounds><pose><translation>1.303708142025705, -1.277235948183765, -2.06642622981775</translation><rotation><c1>1, 0, 0</c1><c2>0, 1, 0</c2><c3>0, 0, 1</c3></rotation></pose><symmetry><x>twoFold</x><y>cylindrical</y><z>twoFold</z></symmetry><detectionScore>-1.0</detectionScore></element><element><id>2</id><category>fireplace</category><bounds><corner1>-2.2732476699988475, -0.7269290502442454, -0.4557285586749764</corner1><corner2>2.2732476699988475, 0.7269290502442454, 0.4557285586749764</corner2></bounds><pose><translation>-4.144698920746798, -0.7814926124652346, 1.8527678862248116</translation><rotation><c1>1, 0, 0</c1><c2>0, 1, 0</c2><c3>0, 0, 1</c3></rotation></pose><symmetry><x>twoFold</x><y>cylindrical</y><z>twoFold</z></symmetry><detectionScore>-1.0</detectionScore></element><element><id>3</id><category>vase</category><bounds><corner1>-0.3287724501675111, -0.4171015125752071, -0.5644412870680846</corner1><corner2>0.3287724501675111, 0.4171015125752071, 0.5644412870680846</corner2></bounds><pose><translation>-1.947585978346716, -1.0585190057362377, -1.5477220817369752</translation><rotation><c1>1, 0, 0</c1><c2>0, 1, 0</c2><c3>0, 0, 1</c3></rotation></pose><symmetry><x>twoFold</x><y>cylindrical</y><z>twoFold</z></symmetry><detectionScore>-1.0</detectionScore></element><element><id>4</id><category>piano</category><bounds><corner1>-2.2892778154635867, -0.7293143971159346, -0.4285781777011346</corner1><corner2>2.2892778154635867, 0.7293143971159346, 0.4285781777011346</corner2></bounds><pose><translation>-4.163139598972281, -0.7576226487814041, 1.8799182671986534</translation><rotation><c1>1, 0, 0</c1><c2>0, 1, 0</c2><c3>0, 0, 1</c3></rotation></pose><symmetry><x>twoFold</x><y>cylindrical</y><z>twoFold</z></symmetry><detectionScore>-1.0</detectionScore></element><element><id>5</id><category>door</category><bounds><corner1>-1.7457046492871107, -1.471097928995941, -4.983337712710033</corner1><corner2>1.7457046492871107, 1.471097928995941, 4.983337712710033</corner2></bounds><pose><translation>-1.7457046492871107, -0.13385632893829133, -4.983337712710033</translation><rotation><c1>1, 0, 0</c1><c2>0, 1, 0</c2><c3>0, 0, 1</c3></rotation></pose><symmetry><x>twoFold</x><y>cylindrical</y><z>twoFold</z></symmetry><detectionScore>-1.0</detectionScore></element><element><id>6</id><category>armchair</category><bounds><corner1>-0.9905511881927236, -0.5674117184174292, -1.276814372004358</corner1><corner2>0.9905511881927236, 0.5674117184174292, 1.276814372004358</corner2></bounds><pose><translation>-2.096961474270741, -1.1716199597442285, -3.1668514611016128</translation><rotation><c1>1, 0, 0</c1><c2>0, 1, 0</c2><c3>0, 0, 1</c3></rotation></pose><symmetry><x>twoFold</x><y>cylindrical</y><z>twoFold</z></symmetry><detectionScore>-1.0</detectionScore></element><element><id>7</id><category>fishbowl</category><bounds><corner1>-0.23252088893260403, -0.4357186787845162, -0.5250163000047191</corner1><corner2>0.23252088893260403, 0.4357186787845162, 0.5250163000047191</corner2></bounds><pose><translation>-1.8953148224316922, -1.0921808009836291, -1.4454123393755403</translation><rotation><c1>1, 0, 0</c1><c2>0, 1, 0</c2><c3>0, 0, 1</c3></rotation></pose><symmetry><x>twoFold</x><y>cylindrical</y><z>twoFold</z></symmetry><detectionScore>-1.0</detectionScore></element><element><id>8</id><category>wall</category><bounds><corner1>-1.7761154650864646, -1.6003313843051368, -0.1339975239603639</corner1><corner2>1.7761154650864646, 1.6003313843051368, 0.1339975239603639</corner2></bounds><pose><translation>-0.20711493607991766, -0.11025597390015167, 2.4520582185792916</translation><rotation><c1>1, 0, 0</c1><c2>0, 1, 0</c2><c3>0, 0, 1</c3></rotation></pose><symmetry><x>twoFold</x><y>cylindrical</y><z>twoFold</z></symmetry><detectionScore>-1.0</detectionScore></element><element><id>9</id><category>picture_frame</category><bounds><corner1>-0.606480283089119, -0.6072496516855118, -0.08399991840965759</corner1><corner2>0.606480283089119, 0.6072496516855118, 0.08399991840965759</corner2></bounds><pose><translation>0.563334365793014, 0.6726853253733297, 2.4319607814556377</translation><rotation><c1>1, 0, 0</c1><c2>0, 1, 0</c2><c3>0, 0, 1</c3></rotation></pose><symmetry><x>twoFold</x><y>cylindrical</y><z>twoFold</z></symmetry><detectionScore>-1.0</detectionScore></element><element><id>10</id><category>armchair</category><bounds><corner1>-0.2918066328002846, -0.45175881294071785, -1.3993530226018112</corner1><corner2>0.2918066328002846, 0.45175881294071785, 1.3993530226018112</corner2></bounds><pose><translation>-1.9147762659677956, -1.109904328599291, 0.8891273853950773</translation><rotation><c1>1, 0, 0</c1><c2>0, 1, 0</c2><c3>0, 0, 1</c3></rotation></pose><symmetry><x>twoFold</x><y>cylindrical</y><z>twoFold</z></symmetry><detectionScore>-1.0</detectionScore></element><element><id>11</id><category>sofa</category><bounds><corner1>-0.8309626976515194, -0.4107453667833736, -1.3565568124278804</corner1><corner2>0.8309626976515194, 0.4107453667833736, 1.3565568124278804</corner2></bounds><pose><translation>-2.4678205814281093, -1.0661237120407001, 0.9359561213863996</translation><rotation><c1>1, 0, 0</c1><c2>0, 1, 0</c2><c3>0, 0, 1</c3></rotation></pose><symmetry><x>twoFold</x><y>cylindrical</y><z>twoFold</z></symmetry><detectionScore>-1.0</detectionScore></element><element><id>12</id><category>ottoman</category><bounds><corner1>-0.515522433348778, -0.40704186748975635, -0.1470217308095707</corner1><corner2>0.515522433348778, 0.40704186748975635, 0.1470217308095707</corner2></bounds><pose><translation>0.9475671954133336, -1.2256194223775485, -4.014332411144775</translation><rotation><c1>1, 0, 0</c1><c2>0, 1, 0</c2><c3>0, 0, 1</c3></rotation></pose><symmetry><x>twoFold</x><y>cylindrical</y><z>twoFold</z></symmetry><detectionScore>-1.0</detectionScore></element><element><id>13</id><category>plant</category><bounds><corner1>-2.0153671048361197, -1.1774157757448145, -1.965252087256458</corner1><corner2>2.0153671048361197, 1.1774157757448145, 1.965252087256458</corner2></bounds><pose><translation>-5.103548844683835, -0.5568397368298972, -4.202077224497736</translation><rotation><c1>1, 0, 0</c1><c2>0, 1, 0</c2><c3>0, 0, 1</c3></rotation></pose><symmetry><x>twoFold</x><y>cylindrical</y><z>twoFold</z></symmetry><detectionScore>-1.0</detectionScore></element><element><id>14</id><category>picture_frame</category><bounds><corner1>-1.0741461945064414, -0.7313115144640773, -0.10713271599207808</corner1><corner2>1.0741461945064414, 0.7313115144640773, 0.10713271599207808</corner2></bounds><pose><translation>-4.05369351723953, 0.6107930189193992, 2.248161406566725</translation><rotation><c1>1, 0, 0</c1><c2>0, 1, 0</c2><c3>0, 0, 1</c3></rotation></pose><symmetry><x>twoFold</x><y>cylindrical</y><z>twoFold</z></symmetry><detectionScore>-1.0</detectionScore></element><element><id>15</id><category>sofa</category><bounds><corner1>-0.9694433077484328, -0.5735109435858532, -1.244246884546781</corner1><corner2>0.9694433077484328, 0.5735109435858532, 1.244246884546781</corner2></bounds><pose><translation>-2.081504973326053, -1.1777191849126525, -3.1182793975678895</translation><rotation><c1>1, 0, 0</c1><c2>0, 1, 0</c2><c3>0, 0, 1</c3></rotation></pose><symmetry><x>twoFold</x><y>cylindrical</y><z>twoFold</z></symmetry><detectionScore>-1.0</detectionScore></element><element><id>16</id><category>plant</category><bounds><corner1>-2.6525053115129467, -1.3177873751261742, -1.026784419538855</corner1><corner2>2.6525053115129467, 1.3177873751261742, 1.026784419538855</corner2></bounds><pose><translation>-5.84550093985299, -0.6146360136437862, 0.2144898596285391</translation><rotation><c1>1, 0, 0</c1><c2>0, 1, 0</c2><c3>0, 0, 1</c3></rotation></pose><symmetry><x>twoFold</x><y>cylindrical</y><z>twoFold</z></symmetry><detectionScore>-1.0</detectionScore></element><element><id>17</id><category>wall</category><bounds><corner1>-2.1428123603399616, -1.4138348638142704, -2.9842347300254763</corner1><corner2>2.1428123603399616, 1.4138348638142704, 2.9842347300254763</corner2></bounds><pose><translation>-5.922396091094641, -0.1351779551584115, -3.8160637276156426</translation><rotation><c1>1, 0, 0</c1><c2>0, 1, 0</c2><c3>0, 0, 1</c3></rotation></pose><symmetry><x>twoFold</x><y>cylindrical</y><z>twoFold</z></symmetry><detectionScore>-1.0</detectionScore></element><element><id>18</id><category>wall</category><bounds><corner1>-2.744228416618028, -1.5008243380827204, -3.6203071047715083</corner1><corner2>2.744228416618028, 1.5008243380827204, 3.6203071047715083</corner2></bounds><pose><translation>-5.858346768751732, -0.1694778593173198, -1.3494175368953265</translation><rotation><c1>1, 0, 0</c1><c2>0, 1, 0</c2><c3>0, 0, 1</c3></rotation></pose><symmetry><x>twoFold</x><y>cylindrical</y><z>twoFold</z></symmetry><detectionScore>-1.0</detectionScore></element><element><id>19</id><category>picture_frame</category><bounds><corner1>-0.6191591202905992, -0.6596209092387875, -0.16209623423515662</corner1><corner2>0.6191591202905992, 0.6596209092387875, 0.16209623423515662</corner2></bounds><pose><translation>-1.156149820903602, 0.6907128233108963, 2.4110888675797697</translation><rotation><c1>1, 0, 0</c1><c2>0, 1, 0</c2><c3>0, 0, 1</c3></rotation></pose><symmetry><x>twoFold</x><y>cylindrical</y><z>twoFold</z></symmetry><detectionScore>-1.0</detectionScore></element><element><id>20</id><category>arch</category><bounds><corner1>-2.6231336237076186, -1.5265618331455473, -2.0695874597241075</corner1><corner2>2.6231336237076186, 1.5265618331455473, 2.0695874597241075</corner2></bounds><pose><translation>-5.94331301351543, -0.20295540843330795, -2.230365541821454</translation><rotation><c1>1, 0, 0</c1><c2>0, 1, 0</c2><c3>0, 0, 1</c3></rotation></pose><symmetry><x>twoFold</x><y>cylindrical</y><z>twoFold</z></symmetry><detectionScore>-1.0</detectionScore></element><element><id>21</id><category>tv_stand</category><bounds><corner1>-0.29805677652620965, -0.5588493387678249, -0.5054610307862246</corner1><corner2>0.29805677652620965, 0.5588493387678249, 0.5054610307862246</corner2></bounds><pose><translation>1.303708142025705, -1.277235948183765, -2.06642622981775</translation><rotation><c1>1, 0, 0</c1><c2>0, 1, 0</c2><c3>0, 0, 1</c3></rotation></pose><symmetry><x>twoFold</x><y>cylindrical</y><z>twoFold</z></symmetry><detectionScore>-1.0</detectionScore></element><element><id>22</id><category>xbox</category><bounds><corner1>-0.19479620611627047, -0.5450042769687423, -0.3808684315506752</corner1><corner2>0.19479620611627047, 0.5450042769687423, 0.3808684315506752</corner2></bounds><pose><translation>1.3695477561802498, -1.1532495696430862, -2.3406182028695985</translation><rotation><c1>1, 0, 0</c1><c2>0, 1, 0</c2><c3>0, 0, 1</c3></rotation></pose><symmetry><x>twoFold</x><y>cylindrical</y><z>twoFold</z></symmetry><detectionScore>-1.0</detectionScore></element><element><id>23</id><category>sofa</category><bounds><corner1>-1.774290555223282, -0.523217680022194, -1.2136897313082917</corner1><corner2>1.774290555223282, 0.523217680022194, 1.2136897313082917</corner2></bounds><pose><translation>-3.4665930832034104, -1.075232737867667, -1.3041703407315117</translation><rotation><c1>1, 0, 0</c1><c2>0, 1, 0</c2><c3>0, 0, 1</c3></rotation></pose><symmetry><x>twoFold</x><y>cylindrical</y><z>twoFold</z></symmetry><detectionScore>-1.0</detectionScore></element></elements></scene>