<?xml version='1.0' encoding='utf-8'?>
<scene xmlns:sumo="https://www.sumochallenge.org"><version>2.0</version><categories><id>fb_categories_v1.0</id><url>https://sumochallenge.org/en/categories-1_0.json</url></categories><project_type>bounding_box</project_type><elements><element><id>10</id><category>window</category><bounds><corner1>-2.44454647, -0.67613222, -2.28704066</corner1><corner2>2.44454647, 0.67613222, 2.28704066</corner2></bounds><pose><translation> 1.9150116 , -0.00619855, -2.53604202</translation><rotation><c1>1., 0., 0.</c1><c2>0., 1., 0.</c2><c3>0., 0., 1.</c3></rotation></pose><symmetry><x>none</x><y>twoFold</y><z>none</z></symmetry><detectionScore>0.6973997</detectionScore></element><element><id>11</id><category>door</category><bounds><corner1>-0.02154439, -0.53562543, -2.22753864</corner1><corner2>0.02154439, 0.53562543, 2.22753864</corner2></bounds><pose><translation> 0.00379201,  0.0096596 , -2.52507648</translation><rotation><c1>1., 0., 0.</c1><c2>0., 1., 0.</c2><c3>0., 0., 1.</c3></rotation></pose><symmetry><x>twoFold</x><y>twoFold</y><z>twoFold</z></symmetry><detectionScore>0.6939802</detectionScore></element><element><id>4</id><category>door</category><bounds><corner1>-1.5880835 , -1.03866437, -0.87336333</corner1><corner2>1.5880835 , 1.03866437, 0.87336333</corner2></bounds><pose><translation>-4.38397332, -0.39409027, -2.48576061</translation><rotation><c1>1., 0., 0.</c1><c2>0., 1., 0.</c2><c3>0., 0., 1.</c3></rotation></pose><symmetry><x>twoFold</x><y>twoFold</y><z>twoFold</z></symmetry><detectionScore>0.9707808</detectionScore></element><element><id>6</id><category>door</category><bounds><corner1>-5.50746372, -0.79155294, -0.96675022</corner1><corner2>5.50746372, 0.79155294, 0.96675022</corner2></bounds><pose><translation>-5.50746372, -0.06140085,  0.06007303</translation><rotation><c1>1., 0., 0.</c1><c2>0., 1., 0.</c2><c3>0., 0., 1.</c3></rotation></pose><symmetry><x>twoFold</x><y>twoFold</y><z>twoFold</z></symmetry><detectionScore>0.5955315</detectionScore></element><element><id>3</id><category>ceiling_fan</category><bounds><corner1>-0.77500291, -0.01992347, -0.575564  </corner1><corner2>0.77500291, 0.01992347, 0.575564  </corner2></bounds><pose><translation>-3.09385237,  1.188526  , -0.11254526</translation><rotation><c1>1., 0., 0.</c1><c2>0., 1., 0.</c2><c3>0., 0., 1.</c3></rotation></pose><symmetry><x>none</x><y>cylindrical</y><z>none</z></symmetry><detectionScore>0.98490494</detectionScore></element><element><id>12</id><category>wall</category><bounds><corner1>-5.1614191 , -1.06789873, -1.09491847</corner1><corner2>5.1614191 , 1.06789873, 1.09491847</corner2></bounds><pose><translation>-5.43392212, -0.01019204, -0.20931422</translation><rotation><c1>1., 0., 0.</c1><c2>0., 1., 0.</c2><c3>0., 0., 1.</c3></rotation></pose><symmetry><x>none</x><y>twoFold</y><z>none</z></symmetry><detectionScore>0.9144067</detectionScore></element><element><id>2</id><category>shelving</category><bounds><corner1>-0.08869713, -0.73027584, -0.74698528</corner1><corner2>0.08869713, 0.73027584, 0.74698528</corner2></bounds><pose><translation> 4.24105862,  0.22170357, -2.68241501</translation><rotation><c1>1., 0., 0.</c1><c2>0., 1., 0.</c2><c3>0., 0., 1.</c3></rotation></pose><symmetry><x>twoFold</x><y>twoFold</y><z>twoFold</z></symmetry><detectionScore>0.9684789</detectionScore></element><element><id>1</id><category>wall</category><bounds><corner1>-1.02280866, -1.17137289, -0.65201568</corner1><corner2>1.02280866, 1.17137289, 0.65201568</corner2></bounds><pose><translation> 4.25475899, -0.07091455,  1.87402713</translation><rotation><c1>1., 0., 0.</c1><c2>0., 1., 0.</c2><c3>0., 0., 1.</c3></rotation></pose><symmetry><x>none</x><y>twoFold</y><z>none</z></symmetry><detectionScore>0.9279071</detectionScore></element><element><id>13</id><category>armchair</category><bounds><corner1>-1.70357024, -0.57133129, -0.66395376</corner1><corner2>1.70357024, 0.57133129, 0.66395376</corner2></bounds><pose><translation> 3.26571432, -1.08457981,  1.84388073</translation><rotation><c1>1., 0., 0.</c1><c2>0., 1., 0.</c2><c3>0., 0., 1.</c3></rotation></pose><symmetry><x>none</x><y>none</y><z>none</z></symmetry><detectionScore>0.997129</detectionScore></element><element><id>9</id><category>armchair</category><bounds><corner1>-0.97819237, -0.5079741 , -0.52301178</corner1><corner2>0.97819237, 0.5079741 , 0.52301178</corner2></bounds><pose><translation> 0.87616315, -1.02283258,  1.98991994</translation><rotation><c1>1., 0., 0.</c1><c2>0., 1., 0.</c2><c3>0., 0., 1.</c3></rotation></pose><symmetry><x>none</x><y>none</y><z>none</z></symmetry><detectionScore>0.98482287</detectionScore></element><element><id>8</id><category>ceiling_fan</category><bounds><corner1>-1.8255906, -0.0200175, -0.7126537</corner1><corner2>1.8255906, 0.0200175, 0.7126537</corner2></bounds><pose><translation> 2.41707075,  1.1884503 , -0.24526054</translation><rotation><c1>1., 0., 0.</c1><c2>0., 1., 0.</c2><c3>0., 0., 1.</c3></rotation></pose><symmetry><x>none</x><y>cylindrical</y><z>none</z></symmetry><detectionScore>0.97963434</detectionScore></element><element><id>7</id><category>fireplace</category><bounds><corner1>-0.47615461, -1.3055951 , -1.0644694 </corner1><corner2>0.47615461, 1.3055951 , 1.0644694 </corner2></bounds><pose><translation> 3.82072013, -0.12071794, -0.28776094</translation><rotation><c1>1., 0., 0.</c1><c2>0., 1., 0.</c2><c3>0., 0., 1.</c3></rotation></pose><symmetry><x>none</x><y>none</y><z>none</z></symmetry><detectionScore>0.9894343</detectionScore></element></elements></scene>