<?xml version='1.0' encoding='utf-8'?>
<scene xmlns:sumo="https://www.sumochallenge.org"><version>2.0</version><categories><id>fb_categories_v1.0</id><url>https://sumochallenge.org/en/categories-1_0.json</url></categories><project_type>bounding_box</project_type><elements><element><id>7</id><category>wall</category><bounds><corner1>-1.13913325, -1.3061031 , -1.58329489</corner1><corner2>1.13913325, 1.3061031 , 1.58329489</corner2></bounds><pose><translation>-4.26424962, -0.16926637, -0.49146114</translation><rotation><c1>1., 0., 0.</c1><c2>0., 1., 0.</c2><c3>0., 0., 1.</c3></rotation></pose><symmetry><x>none</x><y>none</y><z>none</z></symmetry><detectionScore>-1</detectionScore></element><element><id>4</id><category>window</category><bounds><corner1>-4.3282039 , -0.6677974 , -1.65252675</corner1><corner2>4.3282039 , 0.6677974 , 1.65252675</corner2></bounds><pose><translation>-4.3282039 ,  0.0552106 , -1.65252675</translation><rotation><c1>1., 0., 0.</c1><c2>0., 1., 0.</c2><c3>0., 0., 1.</c3></rotation></pose><symmetry><x>none</x><y>none</y><z>none</z></symmetry><detectionScore>-1</detectionScore></element><element><id>3</id><category>chair</category><bounds><corner1>-3.13887253, -0.39107753, -0.33452596</corner1><corner2>3.13887253, 0.39107753, 0.33452596</corner2></bounds><pose><translation> 4.31015459, -0.99924365, -0.54814445</translation><rotation><c1>1., 0., 0.</c1><c2>0., 1., 0.</c2><c3>0., 0., 1.</c3></rotation></pose><symmetry><x>none</x><y>none</y><z>none</z></symmetry><detectionScore>-1</detectionScore></element><element><id>12</id><category>dining_table</category><bounds><corner1>-4.35906089, -0.64794289, -0.79252816</corner1><corner2>4.35906089, 0.64794289, 0.79252816</corner2></bounds><pose><translation> 4.39341755, -1.25866101, -1.24348117</translation><rotation><c1>1., 0., 0.</c1><c2>0., 1., 0.</c2><c3>0., 0., 1.</c3></rotation></pose><symmetry><x>none</x><y>none</y><z>none</z></symmetry><detectionScore>-1</detectionScore></element><element><id>11</id><category>chair</category><bounds><corner1>-2.69713823, -0.77137996, -0.43506871</corner1><corner2>2.69713823, 0.77137996, 0.43506871</corner2></bounds><pose><translation> 3.88981067, -1.43205152, -1.63779798</translation><rotation><c1>1., 0., 0.</c1><c2>0., 1., 0.</c2><c3>0., 0., 1.</c3></rotation></pose><symmetry><x>none</x><y>none</y><z>none</z></symmetry><detectionScore>-1</detectionScore></element><element><id>10</id><category>wall</category><bounds><corner1>-2.62856283, -0.89138851, -2.54952379</corner1><corner2>2.62856283, 0.89138851, 2.54952379</corner2></bounds><pose><translation> 3.86509687, -0.02689418,  1.46462327</translation><rotation><c1>1., 0., 0.</c1><c2>0., 1., 0.</c2><c3>0., 0., 1.</c3></rotation></pose><symmetry><x>none</x><y>none</y><z>none</z></symmetry><detectionScore>-1</detectionScore></element><element><id>6</id><category>stairs</category><bounds><corner1>-3.31554494, -0.65369821, -1.57537334</corner1><corner2>3.31554494, 0.65369821, 1.57537334</corner2></bounds><pose><translation> 7.53171997,  0.54870692, -1.32164392</translation><rotation><c1>1., 0., 0.</c1><c2>0., 1., 0.</c2><c3>0., 0., 1.</c3></rotation></pose><symmetry><x>none</x><y>none</y><z>none</z></symmetry><detectionScore>-1</detectionScore></element><element><id>13</id><category>hanging_kitchen_cabinet</category><bounds><corner1>-0.37207198, -0.40331064, -0.12699168</corner1><corner2>0.37207198, 0.40331064, 0.12699168</corner2></bounds><pose><translation> 0.01927598,  0.42200294, -2.70805211</translation><rotation><c1>1., 0., 0.</c1><c2>0., 1., 0.</c2><c3>0., 0., 1.</c3></rotation></pose><symmetry><x>none</x><y>none</y><z>none</z></symmetry><detectionScore>-1</detectionScore></element><element><id>2</id><category>range_oven</category><bounds><corner1>-0.05875466, -0.37961353, -0.42276006</corner1><corner2>0.05875466, 0.37961353, 0.42276006</corner2></bounds><pose><translation>-3.49105414, -1.0033581 , -0.21143527</translation><rotation><c1>1., 0., 0.</c1><c2>0., 1., 0.</c2><c3>0., 0., 1.</c3></rotation></pose><symmetry><x>none</x><y>none</y><z>none</z></symmetry><detectionScore>-1</detectionScore></element><element><id>8</id><category>kitchen_cabinet</category><bounds><corner1>-0.74787959, -0.35675653, -0.21010585</corner1><corner2>0.74787959, 0.35675653, 0.21010585</corner2></bounds><pose><translation> 0.2643015 , -0.90704648, -1.6700464 </translation><rotation><c1>1., 0., 0.</c1><c2>0., 1., 0.</c2><c3>0., 0., 1.</c3></rotation></pose><symmetry><x>none</x><y>none</y><z>none</z></symmetry><detectionScore>-1</detectionScore></element><element><id>1</id><category>ceiling_fan</category><bounds><corner1>-0.54414285, -0.01959462, -0.67039813</corner1><corner2>0.54414285, 0.01959462, 0.67039813</corner2></bounds><pose><translation>-2.15611595,  1.18922893, -0.94973761</translation><rotation><c1>1., 0., 0.</c1><c2>0., 1., 0.</c2><c3>0., 0., 1.</c3></rotation></pose><symmetry><x>none</x><y>none</y><z>none</z></symmetry><detectionScore>-1</detectionScore></element><element><id>14</id><category>trash_can</category><bounds><corner1>-0.15559326, -0.18366785, -0.11213054</corner1><corner2>0.15559326, 0.18366785, 0.11213054</corner2></bounds><pose><translation> 1.8309533 , -1.32699497, -2.2710117 </translation><rotation><c1>1., 0., 0.</c1><c2>0., 1., 0.</c2><c3>0., 0., 1.</c3></rotation></pose><symmetry><x>none</x><y>none</y><z>none</z></symmetry><detectionScore>-1</detectionScore></element></elements></scene>