<?xml version='1.0' encoding='utf-8'?>
<scene xmlns:sumo="https://www.sumochallenge.org"><version>2.0</version><categories><id>fb_categories_v1_0</id><url>https://sumochallenge.org/en/categories-1_0.json</url></categories><project_type>bounding_box</project_type><elements><element><id>0</id><category>sofa</category><bounds><corner1>-0.6912285009201876, -0.08938878057463118, -0.5237006592211914</corner1><corner2>0.6912285009201876, 0.08938878057463118, 0.5237006592211914</corner2></bounds><pose><translation>-1.2262789480437224, -2.15121422159599, -1.3021019406638823</translation><rotation><c1>0, 0, 0</c1><c2>0, 0, 0</c2><c3>0, 0, 0</c3></rotation></pose><symmetry><x>twoFold</x><y>cylindrical</y><z>twoFold</z></symmetry><detectionScore>-1.0</detectionScore></element><element><id>1</id><category>pedestal_fan</category><bounds><corner1>-0.3166156186553665, -0.17000609892661211, -1.0308501032757373</corner1><corner2>0.3166156186553665, 0.17000609892661211, 1.0308501032757373</corner2></bounds><pose><translation>-0.33171085375128034, 2.8020466103168142, -1.2011472758470507</translation><rotation><c1>0, 0, 0</c1><c2>0, 0, 0</c2><c3>0, 0, 0</c3></rotation></pose><symmetry><x>twoFold</x><y>cylindrical</y><z>twoFold</z></symmetry><detectionScore>-1.0</detectionScore></element><element><id>2</id><category>door</category><bounds><corner1>-0.9763795930671318, -2.0290549502200417, -0.9611328625018344</corner1><corner2>0.9763795930671318, 2.0290549502200417, 0.9611328625018344</corner2></bounds><pose><translation>-0.9763795930671318, 2.7361000390065557, 0.0</translation><rotation><c1>0, 0, 0</c1><c2>0, 0, 0</c2><c3>0, 0, 0</c3></rotation></pose><symmetry><x>twoFold</x><y>cylindrical</y><z>twoFold</z></symmetry><detectionScore>-1.0</detectionScore></element><element><id>3</id><category>floor</category><bounds><corner1>-0.13113552668508266, -0.927125124493358, -0.4054448909040278</corner1><corner2>0.13113552668508266, 0.927125124493358, 0.4054448909040278</corner2></bounds><pose><translation>-4.00212602106813, 0.3251922870794152, -1.3340239588420721</translation><rotation><c1>0, 0, 0</c1><c2>0, 0, 0</c2><c3>0, 0, 0</c3></rotation></pose><symmetry><x>twoFold</x><y>cylindrical</y><z>twoFold</z></symmetry><detectionScore>-1.0</detectionScore></element><element><id>4</id><category>window</category><bounds><corner1>-0.42880739588412475, -0.06126162896637499, -0.8199569302571456</corner1><corner2>0.42880739588412475, 0.06126162896637499, 0.8199569302571456</corner2></bounds><pose><translation>-0.31443463032081265, 2.9244877128051643, 0.08304708899692569</translation><rotation><c1>0, 0, 0</c1><c2>0, 0, 0</c2><c3>0, 0, 0</c3></rotation></pose><symmetry><x>twoFold</x><y>cylindrical</y><z>twoFold</z></symmetry><detectionScore>-1.0</detectionScore></element><element><id>5</id><category>television</category><bounds><corner1>-0.1626717152258199, -0.5142548058322549, -0.547906536114838</corner1><corner2>0.1626717152258199, 0.5142548058322549, 0.547906536114838</corner2></bounds><pose><translation>-3.7279102835217515, -4.422849138752759, 0.7522983991785702</translation><rotation><c1>0, 0, 0</c1><c2>0, 0, 0</c2><c3>0, 0, 0</c3></rotation></pose><symmetry><x>twoFold</x><y>cylindrical</y><z>twoFold</z></symmetry><detectionScore>-1.0</detectionScore></element><element><id>6</id><category>kitchen_cabinet</category><bounds><corner1>-0.938156139357694, -0.6074267774548663, -0.26368235591102596</corner1><corner2>0.938156139357694, 0.6074267774548663, 0.26368235591102596</corner2></bounds><pose><translation>3.3320143017234245, 1.9889676979661097, -0.9573996983646929</translation><rotation><c1>0, 0, 0</c1><c2>0, 0, 0</c2><c3>0, 0, 0</c3></rotation></pose><symmetry><x>twoFold</x><y>cylindrical</y><z>twoFold</z></symmetry><detectionScore>-1.0</detectionScore></element><element><id>7</id><category>kitchen_cabinet</category><bounds><corner1>-0.9305236303875226, -0.7659356248121347, -1.0995313658937402</corner1><corner2>0.9305236303875226, 0.7659356248121347, 1.0995313658937402</corner2></bounds><pose><translation>4.0237241572038265, 1.9774971729523667, -0.7288915246703449</translation><rotation><c1>0, 0, 0</c1><c2>0, 0, 0</c2><c3>0, 0, 0</c3></rotation></pose><symmetry><x>twoFold</x><y>cylindrical</y><z>twoFold</z></symmetry><detectionScore>-1.0</detectionScore></element><element><id>8</id><category>wall</category><bounds><corner1>-0.44409628645922483, -0.8216830144203683, -1.5108598110989704</corner1><corner2>0.44409628645922483, 0.8216830144203683, 1.5108598110989704</corner2></bounds><pose><translation>-4.000168888594005, -1.5243795929577195, -0.1483048365676403</translation><rotation><c1>0, 0, 0</c1><c2>0, 0, 0</c2><c3>0, 0, 0</c3></rotation></pose><symmetry><x>twoFold</x><y>cylindrical</y><z>twoFold</z></symmetry><detectionScore>-1.0</detectionScore></element><element><id>9</id><category>hanging_kitchen_cabinet</category><bounds><corner1>-0.48557948404720674, -0.22336982629073265, -0.5127905553417855</corner1><corner2>0.48557948404720674, 0.22336982629073265, 0.5127905553417855</corner2></bounds><pose><translation>3.1633061460535234, 2.4696995962583053, 0.27722805722711363</translation><rotation><c1>0, 0, 0</c1><c2>0, 0, 0</c2><c3>0, 0, 0</c3></rotation></pose><symmetry><x>twoFold</x><y>cylindrical</y><z>twoFold</z></symmetry><detectionScore>-1.0</detectionScore></element><element><id>10</id><category>refrigerator</category><bounds><corner1>-0.9849489797524851, -0.5741900629838175, -1.1300729850205538</corner1><corner2>0.9849489797524851, 0.5741900629838175, 1.1300729850205538</corner2></bounds><pose><translation>1.3649500749218584, 2.176331542084111, -0.7181466409925306</translation><rotation><c1>0, 0, 0</c1><c2>0, 0, 0</c2><c3>0, 0, 0</c3></rotation></pose><symmetry><x>twoFold</x><y>cylindrical</y><z>twoFold</z></symmetry><detectionScore>-1.0</detectionScore></element><element><id>11</id><category>window</category><bounds><corner1>-0.5059204860950564, -0.11311688318841462, -0.8509093815814851</corner1><corner2>0.5059204860950564, 0.11311688318841462, 0.8509093815814851</corner2></bounds><pose><translation>3.8674200371004, 2.659040473918783, 0.07367616072787639</translation><rotation><c1>0, 0, 0</c1><c2>0, 0, 0</c2><c3>0, 0, 0</c3></rotation></pose><symmetry><x>twoFold</x><y>cylindrical</y><z>twoFold</z></symmetry><detectionScore>-1.0</detectionScore></element><element><id>12</id><category>kitchen_cabinet</category><bounds><corner1>-1.9325532716049922, -1.7488736156014983, -1.5452264205936068</corner1><corner2>1.9325532716049922, 1.7488736156014983, 1.5452264205936068</corner2></bounds><pose><translation>3.0699989517898505, 0.4601364030880579, -0.12022026343246348</translation><rotation><c1>0, 0, 0</c1><c2>0, 0, 0</c2><c3>0, 0, 0</c3></rotation></pose><symmetry><x>twoFold</x><y>cylindrical</y><z>twoFold</z></symmetry><detectionScore>-1.0</detectionScore></element><element><id>13</id><category>gym_equipment</category><bounds><corner1>-1.7868863888864155, -6.980595280293183, -1.5809709028529544</corner1><corner2>1.7868863888864155, 6.980595280293183, 1.5809709028529544</corner2></bounds><pose><translation>-0.3163628090595172, -6.980595280293183, -0.670509789433176</translation><rotation><c1>0, 0, 0</c1><c2>0, 0, 0</c2><c3>0, 0, 0</c3></rotation></pose><symmetry><x>twoFold</x><y>cylindrical</y><z>twoFold</z></symmetry><detectionScore>-1.0</detectionScore></element><element><id>14</id><category>dining_table</category><bounds><corner1>-1.7674613338578151, -0.8366181207151082, -0.5884093180495952</corner1><corner2>1.7674613338578151, 0.8366181207151082, 0.5884093180495952</corner2></bounds><pose><translation>3.0135545934874095, -3.9331055869694103, -1.0257165735827705</translation><rotation><c1>0, 0, 0</c1><c2>0, 0, 0</c2><c3>0, 0, 0</c3></rotation></pose><symmetry><x>twoFold</x><y>cylindrical</y><z>twoFold</z></symmetry><detectionScore>-1.0</detectionScore></element><element><id>15</id><category>wall</category><bounds><corner1>-1.129023858149384, -0.5311058940654483, -1.2317554795432064</corner1><corner2>1.129023858149384, 0.5311058940654483, 1.2317554795432064</corner2></bounds><pose><translation>-3.862215327342603, -2.292030257767135, -0.10880137222492264</translation><rotation><c1>0, 0, 0</c1><c2>0, 0, 0</c2><c3>0, 0, 0</c3></rotation></pose><symmetry><x>twoFold</x><y>cylindrical</y><z>twoFold</z></symmetry><detectionScore>-1.0</detectionScore></element><element><id>16</id><category>sofa</category><bounds><corner1>-1.1767672041615451, -1.0011985929468405, -0.6810073784716735</corner1><corner2>1.1767672041615451, 1.0011985929468405, 0.6810073784716735</corner2></bounds><pose><translation>0.08787014318940242, -4.049919849373072, -1.1840537637685635</translation><rotation><c1>0, 0, 0</c1><c2>0, 0, 0</c2><c3>0, 0, 0</c3></rotation></pose><symmetry><x>twoFold</x><y>cylindrical</y><z>twoFold</z></symmetry><detectionScore>-1.0</detectionScore></element><element><id>17</id><category>chandelier</category><bounds><corner1>-0.9278496306933102, -1.3423472195851005, -0.06069652986047336</corner1><corner2>0.9278496306933102, 1.3423472195851005, 0.06069652986047336</corner2></bounds><pose><translation>3.948578585477491, -5.0709362730319265, 1.2628160159919004</translation><rotation><c1>0, 0, 0</c1><c2>0, 0, 0</c2><c3>0, 0, 0</c3></rotation></pose><symmetry><x>twoFold</x><y>cylindrical</y><z>twoFold</z></symmetry><detectionScore>-1.0</detectionScore></element><element><id>18</id><category>floor_lamp</category><bounds><corner1>-1.2667938704416484, -6.077119337895361, -1.7130829876825526</corner1><corner2>1.2667938704416484, 6.077119337895361, 1.7130829876825526</corner2></bounds><pose><translation>-0.6047375384792727, -6.077119337895361, -0.7135417518083704</translation><rotation><c1>0, 0, 0</c1><c2>0, 0, 0</c2><c3>0, 0, 0</c3></rotation></pose><symmetry><x>twoFold</x><y>cylindrical</y><z>twoFold</z></symmetry><detectionScore>-1.0</detectionScore></element><element><id>19</id><category>door</category><bounds><corner1>-0.4955883026888267, -0.12699298949369053, -1.36671136366253</corner1><corner2>0.4955883026888267, 0.12699298949369053, 1.36671136366253</corner2></bounds><pose><translation>-0.3720781569783191, 2.853890296276434, -0.4365284636140404</translation><rotation><c1>0, 0, 0</c1><c2>0, 0, 0</c2><c3>0, 0, 0</c3></rotation></pose><symmetry><x>twoFold</x><y>cylindrical</y><z>twoFold</z></symmetry><detectionScore>-1.0</detectionScore></element><element><id>20</id><category>chair</category><bounds><corner1>-1.7902814263707159, -0.457735217895737, -0.6126504002026978</corner1><corner2>1.7902814263707159, 0.457735217895737, 0.6126504002026978</corner2></bounds><pose><translation>2.6941434868826057, -3.973992450942743, -1.0300504214406763</translation><rotation><c1>0, 0, 0</c1><c2>0, 0, 0</c2><c3>0, 0, 0</c3></rotation></pose><symmetry><x>twoFold</x><y>cylindrical</y><z>twoFold</z></symmetry><detectionScore>-1.0</detectionScore></element><element><id>21</id><category>chair</category><bounds><corner1>-1.5762092263373928, -0.6465873730280753, -0.6120945942149275</corner1><corner2>1.5762092263373928, 0.6465873730280753, 0.6120945942149275</corner2></bounds><pose><translation>3.009094507080717, -3.786692021376539, -1.1710711476060252</translation><rotation><c1>0, 0, 0</c1><c2>0, 0, 0</c2><c3>0, 0, 0</c3></rotation></pose><symmetry><x>twoFold</x><y>cylindrical</y><z>twoFold</z></symmetry><detectionScore>-1.0</detectionScore></element><element><id>22</id><category>window</category><bounds><corner1>-1.5018682956900204, -2.8436816646260237, -1.281801055042762</corner1><corner2>1.5018682956900204, 2.8436816646260237, 1.281801055042762</corner2></bounds><pose><translation>2.2647735097625525, -7.044031247195639, -0.16886283973943783</translation><rotation><c1>0, 0, 0</c1><c2>0, 0, 0</c2><c3>0, 0, 0</c3></rotation></pose><symmetry><x>twoFold</x><y>cylindrical</y><z>twoFold</z></symmetry><detectionScore>-1.0</detectionScore></element><element><id>23</id><category>tv_stand</category><bounds><corner1>-0.9470931218033212, -0.7146192693948898, -0.2799746312090713</corner1><corner2>0.9470931218033212, 0.7146192693948898, 0.2799746312090713</corner2></bounds><pose><translation>-2.1632558329027027, -2.8151368461942448, -1.0501625604175917</translation><rotation><c1>0, 0, 0</c1><c2>0, 0, 0</c2><c3>0, 0, 0</c3></rotation></pose><symmetry><x>twoFold</x><y>cylindrical</y><z>twoFold</z></symmetry><detectionScore>-1.0</detectionScore></element><element><id>24</id><category>chair</category><bounds><corner1>-1.8101131841337197, -1.1147055186356134, -0.46716809103661494</corner1><corner2>1.8101131841337197, 1.1147055186356134, 0.46716809103661494</corner2></bounds><pose><translation>2.649435285654796, -4.696970870004288, -0.8497331333252127</translation><rotation><c1>0, 0, 0</c1><c2>0, 0, 0</c2><c3>0, 0, 0</c3></rotation></pose><symmetry><x>twoFold</x><y>cylindrical</y><z>twoFold</z></symmetry><detectionScore>-1.0</detectionScore></element><element><id>25</id><category>wall</category><bounds><corner1>-0.3848818628492201, -2.1651445176955875, -1.4891995059127052</corner1><corner2>0.3848818628492201, 2.1651445176955875, 1.4891995059127052</corner2></bounds><pose><translation>-3.9499897362900986, 0.4554474213152227, -0.14212205329054017</translation><rotation><c1>0, 0, 0</c1><c2>0, 0, 0</c2><c3>0, 0, 0</c3></rotation></pose><symmetry><x>twoFold</x><y>cylindrical</y><z>twoFold</z></symmetry><detectionScore>-1.0</detectionScore></element><element><id>26</id><category>door</category><bounds><corner1>-0.4146393741027965, -0.7614606620347704, -1.2685068437980933</corner1><corner2>0.4146393741027965, 0.7614606620347704, 1.2685068437980933</corner2></bounds><pose><translation>-4.282424690545301, -1.4365081256862278, -0.44290988867978304</translation><rotation><c1>0, 0, 0</c1><c2>0, 0, 0</c2><c3>0, 0, 0</c3></rotation></pose><symmetry><x>twoFold</x><y>cylindrical</y><z>twoFold</z></symmetry><detectionScore>-1.0</detectionScore></element><element><id>27</id><category>window</category><bounds><corner1>-0.10042959750284552, -0.7797230657735938, -0.7394745852733967</corner1><corner2>0.10042959750284552, 0.7797230657735938, 0.7394745852733967</corner2></bounds><pose><translation>4.971856798407835, -2.9475440525946786, 0.06321931291556024</translation><rotation><c1>0, 0, 0</c1><c2>0, 0, 0</c2><c3>0, 0, 0</c3></rotation></pose><symmetry><x>twoFold</x><y>cylindrical</y><z>twoFold</z></symmetry><detectionScore>-1.0</detectionScore></element><element><id>28</id><category>armchair</category><bounds><corner1>-1.5873838508811415, -0.7055564047036418, -0.6603469336439292</corner1><corner2>1.5873838508811415, 0.7055564047036418, 0.6603469336439292</corner2></bounds><pose><translation>3.0428222330869543, -3.848720081174356, -1.0550588066063966</translation><rotation><c1>0, 0, 0</c1><c2>0, 0, 0</c2><c3>0, 0, 0</c3></rotation></pose><symmetry><x>twoFold</x><y>cylindrical</y><z>twoFold</z></symmetry><detectionScore>-1.0</detectionScore></element><element><id>29</id><category>kitchen_cabinet</category><bounds><corner1>-1.4705418134991066, -0.6593875881523452, -0.44032132911816135</corner1><corner2>1.4705418134991066, 0.6593875881523452, 0.44032132911816135</corner2></bounds><pose><translation>2.790257938987557, 2.013365429230432, -0.9710967458514048</translation><rotation><c1>0, 0, 0</c1><c2>0, 0, 0</c2><c3>0, 0, 0</c3></rotation></pose><symmetry><x>twoFold</x><y>cylindrical</y><z>twoFold</z></symmetry><detectionScore>-1.0</detectionScore></element><element><id>30</id><category>hanger</category><bounds><corner1>-0.3255569483255012, -0.17225966341300092, -1.0955271248635732</corner1><corner2>0.3255569483255012, 0.17225966341300092, 1.0955271248635732</corner2></bounds><pose><translation>-0.32267868579588643, 2.800491961194552, -1.223231857885208</translation><rotation><c1>0, 0, 0</c1><c2>0, 0, 0</c2><c3>0, 0, 0</c3></rotation></pose><symmetry><x>twoFold</x><y>cylindrical</y><z>twoFold</z></symmetry><detectionScore>-1.0</detectionScore></element><element><id>31</id><category>wall</category><bounds><corner1>-3.899549956640744, -4.052761239103402, -1.397968398909664</corner1><corner2>3.899549956640744, 4.052761239103402, 1.397968398909664</corner2></bounds><pose><translation>0.8766426091986919, -7.031098630554182, -0.12939157005200574</translation><rotation><c1>0, 0, 0</c1><c2>0, 0, 0</c2><c3>0, 0, 0</c3></rotation></pose><symmetry><x>twoFold</x><y>cylindrical</y><z>twoFold</z></symmetry><detectionScore>-1.0</detectionScore></element><element><id>32</id><category>desk</category><bounds><corner1>-1.6249951450808657, -0.8109817365091065, -0.3763466521386429</corner1><corner2>1.6249951450808657, 0.8109817365091065, 0.3763466521386429</corner2></bounds><pose><translation>3.1292804366435103, -4.120795854000402, -0.7312668994438157</translation><rotation><c1>0, 0, 0</c1><c2>0, 0, 0</c2><c3>0, 0, 0</c3></rotation></pose><symmetry><x>twoFold</x><y>cylindrical</y><z>twoFold</z></symmetry><detectionScore>-1.0</detectionScore></element><element><id>33</id><category>floor_lamp</category><bounds><corner1>-0.3489534839054551, -0.1602465698987836, -1.2912699024020413</corner1><corner2>0.3489534839054551, 0.1602465698987836, 1.2912699024020413</corner2></bounds><pose><translation>-0.3232218446299775, 2.8219063336474486, -0.9661121572962239</translation><rotation><c1>0, 0, 0</c1><c2>0, 0, 0</c2><c3>0, 0, 0</c3></rotation></pose><symmetry><x>twoFold</x><y>cylindrical</y><z>twoFold</z></symmetry><detectionScore>-1.0</detectionScore></element><element><id>34</id><category>plant</category><bounds><corner1>-0.5398360273790841, -0.3095900789678834, -0.5974790095818859</corner1><corner2>0.5398360273790841, 0.3095900789678834, 0.5974790095818859</corner2></bounds><pose><translation>-3.823323576628069, 2.409219413844755, -0.6767287352779889</translation><rotation><c1>0, 0, 0</c1><c2>0, 0, 0</c2><c3>0, 0, 0</c3></rotation></pose><symmetry><x>twoFold</x><y>cylindrical</y><z>twoFold</z></symmetry><detectionScore>-1.0</detectionScore></element><element><id>35</id><category>dishwasher</category><bounds><corner1>-1.3129857387956871, -0.6194209923857164, -0.3405104934438188</corner1><corner2>1.3129857387956871, 0.6194209923857164, 0.3405104934438188</corner2></bounds><pose><translation>2.866930163732331, 1.9900107877263717, -0.9658418086715367</translation><rotation><c1>0, 0, 0</c1><c2>0, 0, 0</c2><c3>0, 0, 0</c3></rotation></pose><symmetry><x>twoFold</x><y>cylindrical</y><z>twoFold</z></symmetry><detectionScore>-1.0</detectionScore></element><element><id>36</id><category>wall</category><bounds><corner1>-0.1587753434270498, -2.9972760940072147, -1.5088256450559552</corner1><corner2>0.1587753434270498, 2.9972760940072147, 1.5088256450559552</corner2></bounds><pose><translation>4.873646860606432, -0.5441555733618255, -0.20743748008599067</translation><rotation><c1>0, 0, 0</c1><c2>0, 0, 0</c2><c3>0, 0, 0</c3></rotation></pose><symmetry><x>twoFold</x><y>cylindrical</y><z>twoFold</z></symmetry><detectionScore>-1.0</detectionScore></element><element><id>37</id><category>piano</category><bounds><corner1>-1.4941283647011008, -0.912944574437565, -0.5324635610138322</corner1><corner2>1.4941283647011008, 0.912944574437565, 0.5324635610138322</corner2></bounds><pose><translation>3.264652233963331, -4.244325231396496, -0.7193016764271862</translation><rotation><c1>0, 0, 0</c1><c2>0, 0, 0</c2><c3>0, 0, 0</c3></rotation></pose><symmetry><x>twoFold</x><y>cylindrical</y><z>twoFold</z></symmetry><detectionScore>-1.0</detectionScore></element><element><id>38</id><category>door</category><bounds><corner1>-0.30349787292685315, -0.6454330452508275, -1.6387188323943298</corner1><corner2>0.30349787292685315, 0.6454330452508275, 1.6387188323943298</corner2></bounds><pose><translation>-4.140492030041692, 0.08172734537553228, -0.48206333416110825</translation><rotation><c1>0, 0, 0</c1><c2>0, 0, 0</c2><c3>0, 0, 0</c3></rotation></pose><symmetry><x>twoFold</x><y>cylindrical</y><z>twoFold</z></symmetry><detectionScore>-1.0</detectionScore></element><element><id>39</id><category>coffee_table</category><bounds><corner1>-0.6254153544582703, -0.07782375245412876, -0.42403954648765096</corner1><corner2>0.6254153544582703, 0.07782375245412876, 0.42403954648765096</corner2></bounds><pose><translation>-1.2375103588986007, -2.1472884679010287, -1.1995666917673224</translation><rotation><c1>0, 0, 0</c1><c2>0, 0, 0</c2><c3>0, 0, 0</c3></rotation></pose><symmetry><x>twoFold</x><y>cylindrical</y><z>twoFold</z></symmetry><detectionScore>-1.0</detectionScore></element><element><id>40</id><category>wall</category><bounds><corner1>-3.1943528454082637, -7.061590286758034, -1.3757522151023045</corner1><corner2>3.1943528454082637, 7.061590286758034, 1.3757522151023045</corner2></bounds><pose><translation>-3.1943528454082637, -7.061590286758034, -0.16722940219317808</translation><rotation><c1>0, 0, 0</c1><c2>0, 0, 0</c2><c3>0, 0, 0</c3></rotation></pose><symmetry><x>twoFold</x><y>cylindrical</y><z>twoFold</z></symmetry><detectionScore>-1.0</detectionScore></element><element><id>41</id><category>armchair</category><bounds><corner1>-0.6503514182447759, -0.08231344400805174, -0.503464371846248</corner1><corner2>0.6503514182447759, 0.08231344400805174, 0.503464371846248</corner2></bounds><pose><translation>-1.259159951476774, -2.146487966530382, -1.2809880841614734</translation><rotation><c1>0, 0, 0</c1><c2>0, 0, 0</c2><c3>0, 0, 0</c3></rotation></pose><symmetry><x>twoFold</x><y>cylindrical</y><z>twoFold</z></symmetry><detectionScore>-1.0</detectionScore></element><element><id>42</id><category>armchair</category><bounds><corner1>-1.3976978889241494, -0.8050369586767814, -0.3570676629037651</corner1><corner2>1.3976978889241494, 0.8050369586767814, 0.3570676629037651</corner2></bounds><pose><translation>3.1589621028437804, -4.229988306706498, -0.729176065967025</translation><rotation><c1>0, 0, 0</c1><c2>0, 0, 0</c2><c3>0, 0, 0</c3></rotation></pose><symmetry><x>twoFold</x><y>cylindrical</y><z>twoFold</z></symmetry><detectionScore>-1.0</detectionScore></element><element><id>43</id><category>television</category><bounds><corner1>-0.25417620019702136, -0.5535340542540022, -0.4985684478371337</corner1><corner2>0.25417620019702136, 0.5535340542540022, 0.4985684478371337</corner2></bounds><pose><translation>-3.4060133932478043, -4.81627517365277, -0.7772849389585029</translation><rotation><c1>0, 0, 0</c1><c2>0, 0, 0</c2><c3>0, 0, 0</c3></rotation></pose><symmetry><x>twoFold</x><y>cylindrical</y><z>twoFold</z></symmetry><detectionScore>-1.0</detectionScore></element><element><id>44</id><category>loudspeaker</category><bounds><corner1>-0.37643875263610216, -0.20372332880439803, -0.3285390334910432</corner1><corner2>0.37643875263610216, 0.20372332880439803, 0.3285390334910432</corner2></bounds><pose><translation>-2.5334794241730494, -2.2467303955595384, -0.8399072064541369</translation><rotation><c1>0, 0, 0</c1><c2>0, 0, 0</c2><c3>0, 0, 0</c3></rotation></pose><symmetry><x>twoFold</x><y>cylindrical</y><z>twoFold</z></symmetry><detectionScore>-1.0</detectionScore></element><element><id>45</id><category>kitchen_cabinet</category><bounds><corner1>-0.6413594524663768, -0.8652396571706991, -0.4369645446430274</corner1><corner2>0.6413594524663768, 0.8652396571706991, 0.4369645446430274</corner2></bounds><pose><translation>4.355519612875933, -0.5755955960391195, -0.793404165910487</translation><rotation><c1>0, 0, 0</c1><c2>0, 0, 0</c2><c3>0, 0, 0</c3></rotation></pose><symmetry><x>twoFold</x><y>cylindrical</y><z>twoFold</z></symmetry><detectionScore>-1.0</detectionScore></element><element><id>46</id><category>picture_frame</category><bounds><corner1>-0.19502756767913043, -0.49625739121644186, -0.5425455152995315</corner1><corner2>0.19502756767913043, 0.49625739121644186, 0.5425455152995315</corner2></bounds><pose><translation>-3.7274960214501753, -4.432656741924578, 0.7605476949458179</translation><rotation><c1>0, 0, 0</c1><c2>0, 0, 0</c2><c3>0, 0, 0</c3></rotation></pose><symmetry><x>twoFold</x><y>cylindrical</y><z>twoFold</z></symmetry><detectionScore>-1.0</detectionScore></element></elements></scene>