<?xml version='1.0' encoding='utf-8'?>
<scene xmlns:sumo="https://www.sumochallenge.org"><version>2.0</version><categories><id>fb_categories_v1_0</id><url>https://sumochallenge.org/en/categories-1_0.json</url></categories><project_type>bounding_box</project_type><elements><element><id>0</id><category>window</category><bounds><corner1>-0.3848337028436013, -1.3301332179059837, -1.988294069017992</corner1><corner2>0.3848337028436013, 1.3301332179059837, 1.988294069017992</corner2></bounds><pose><translation>0.9822322199425388, 0.04244805590478454, 2.245835820430095</translation><rotation><c1>1, 0, 0</c1><c2>0, 1, 0</c2><c3>0, 0, 1</c3></rotation></pose><symmetry><x>twoFold</x><y>cylindrical</y><z>twoFold</z></symmetry><detectionScore>-1.0</detectionScore></element><element><id>1</id><category>floor_lamp</category><bounds><corner1>-2.444459690961571, -1.6788243332004247, -2.156480287138762</corner1><corner2>2.444459690961571, 1.6788243332004247, 2.156480287138762</corner2></bounds><pose><translation>-5.653154445367699, -0.3705704068113925, 2.527293998784992</translation><rotation><c1>1, 0, 0</c1><c2>0, 1, 0</c2><c3>0, 0, 1</c3></rotation></pose><symmetry><x>twoFold</x><y>cylindrical</y><z>twoFold</z></symmetry><detectionScore>-1.0</detectionScore></element><element><id>2</id><category>fish_tank</category><bounds><corner1>-0.9596315419398873, -0.7896968604607061, -0.3241458728883906</corner1><corner2>0.9596315419398873, 0.7896968604607061, 0.3241458728883906</corner2></bounds><pose><translation>-2.9527378789546375, -0.8636303788217672, 4.530585163252329</translation><rotation><c1>1, 0, 0</c1><c2>0, 1, 0</c2><c3>0, 0, 1</c3></rotation></pose><symmetry><x>twoFold</x><y>cylindrical</y><z>twoFold</z></symmetry><detectionScore>-1.0</detectionScore></element><element><id>3</id><category>wall</category><bounds><corner1>-1.7019195983815276, -0.9602422845515888, -2.3998969030778974</corner1><corner2>1.7019195983815276, 0.9602422845515888, 2.3998969030778974</corner2></bounds><pose><translation>-0.43352948189121954, -0.06297229225211293, -4.114910783120413</translation><rotation><c1>1, 0, 0</c1><c2>0, 1, 0</c2><c3>0, 0, 1</c3></rotation></pose><symmetry><x>twoFold</x><y>cylindrical</y><z>twoFold</z></symmetry><detectionScore>-1.0</detectionScore></element><element><id>4</id><category>window</category><bounds><corner1>-2.7436404961979073, -0.9732918669511279, -0.11674349239693083</corner1><corner2>2.7436404961979073, 0.9732918669511279, 0.11674349239693083</corner2></bounds><pose><translation>-5.910582377127456, -0.19046154235761462, 4.665463170892129</translation><rotation><c1>1, 0, 0</c1><c2>0, 1, 0</c2><c3>0, 0, 1</c3></rotation></pose><symmetry><x>twoFold</x><y>cylindrical</y><z>twoFold</z></symmetry><detectionScore>-1.0</detectionScore></element><element><id>5</id><category>table_and_chair</category><bounds><corner1>-0.6717577696438091, -0.822259755491707, -4.956659217674233</corner1><corner2>0.6717577696438091, 0.822259755491707, 4.956659217674233</corner2></bounds><pose><translation>-3.6505120832472966, -1.374602138972659, 1.8325574280660142</translation><rotation><c1>1, 0, 0</c1><c2>0, 1, 0</c2><c3>0, 0, 1</c3></rotation></pose><symmetry><x>twoFold</x><y>cylindrical</y><z>twoFold</z></symmetry><detectionScore>-1.0</detectionScore></element><element><id>6</id><category>armchair</category><bounds><corner1>-1.0440835544658031, -0.45679621542685755, -1.956146662944342</corner1><corner2>1.0440835544658031, 0.45679621542685755, 1.956146662944342</corner2></bounds><pose><translation>-4.23545703948465, -0.8923507459765454, 2.8064390855876034</translation><rotation><c1>1, 0, 0</c1><c2>0, 1, 0</c2><c3>0, 0, 1</c3></rotation></pose><symmetry><x>twoFold</x><y>cylindrical</y><z>twoFold</z></symmetry><detectionScore>-1.0</detectionScore></element><element><id>7</id><category>dresser</category><bounds><corner1>-1.55404001062543, -0.6801317474147092, -0.47520383135436806</corner1><corner2>1.55404001062543, 0.6801317474147092, 0.47520383135436806</corner2></bounds><pose><translation>-3.0101877676745854, -1.0311662258957808, 4.379527204786352</translation><rotation><c1>1, 0, 0</c1><c2>0, 1, 0</c2><c3>0, 0, 1</c3></rotation></pose><symmetry><x>twoFold</x><y>cylindrical</y><z>twoFold</z></symmetry><detectionScore>-1.0</detectionScore></element><element><id>8</id><category>armchair</category><bounds><corner1>-1.1430980156802366, -0.8116246751838189, -3.5073607284434476</corner1><corner2>1.1430980156802366, 0.8116246751838189, 3.5073607284434476</corner2></bounds><pose><translation>-1.0716418116902673, -1.6058788312662526, 2.5162732177511393</translation><rotation><c1>1, 0, 0</c1><c2>0, 1, 0</c2><c3>0, 0, 1</c3></rotation></pose><symmetry><x>twoFold</x><y>cylindrical</y><z>twoFold</z></symmetry><detectionScore>-1.0</detectionScore></element><element><id>9</id><category>door</category><bounds><corner1>-0.4791116991412677, -1.5084823755922228, -0.350498527870748</corner1><corner2>0.4791116991412677, 1.5084823755922228, 0.350498527870748</corner2></bounds><pose><translation>0.8421334896032159, -0.12477277695947596, -1.8871699072096821</translation><rotation><c1>1, 0, 0</c1><c2>0, 1, 0</c2><c3>0, 0, 1</c3></rotation></pose><symmetry><x>twoFold</x><y>cylindrical</y><z>twoFold</z></symmetry><detectionScore>-1.0</detectionScore></element><element><id>10</id><category>wall</category><bounds><corner1>-3.7108615699820815, -1.4000842754251508, -3.3194449603394256</corner1><corner2>3.7108615699820815, 1.4000842754251508, 3.3194449603394256</corner2></bounds><pose><translation>-6.91955632438821, -0.17879786495344735, 1.2278482608674033</translation><rotation><c1>1, 0, 0</c1><c2>0, 1, 0</c2><c3>0, 0, 1</c3></rotation></pose><symmetry><x>twoFold</x><y>cylindrical</y><z>twoFold</z></symmetry><detectionScore>-1.0</detectionScore></element><element><id>11</id><category>picture_frame</category><bounds><corner1>-0.38641417988655746, -1.3019629011772016, -1.9251613965030652</corner1><corner2>0.38641417988655746, 1.3019629011772016, 1.9251613965030652</corner2></bounds><pose><translation>0.9790756580651176, 0.0467281584791335, 2.254443999949684</translation><rotation><c1>1, 0, 0</c1><c2>0, 1, 0</c2><c3>0, 0, 1</c3></rotation></pose><symmetry><x>twoFold</x><y>cylindrical</y><z>twoFold</z></symmetry><detectionScore>-1.0</detectionScore></element><element><id>12</id><category>chandelier</category><bounds><corner1>-0.26841178518742337, -0.1280191622447846, -0.45525362450885276</corner1><corner2>0.26841178518742337, 0.1280191622447846, 0.45525362450885276</corner2></bounds><pose><translation>-0.3165807634232366, 1.4003312511080965, -2.2603987947859494</translation><rotation><c1>1, 0, 0</c1><c2>0, 1, 0</c2><c3>0, 0, 1</c3></rotation></pose><symmetry><x>twoFold</x><y>cylindrical</y><z>twoFold</z></symmetry><detectionScore>-1.0</detectionScore></element><element><id>13</id><category>plant</category><bounds><corner1>-0.3290910316619282, -0.8555653940836219, -0.29051114265069145</corner1><corner2>0.3290910316619282, 0.8555653940836219, 0.29051114265069145</corner2></bounds><pose><translation>1.0517715849395286, -0.26448312068510366, -1.7514012791402964</translation><rotation><c1>1, 0, 0</c1><c2>0, 1, 0</c2><c3>0, 0, 1</c3></rotation></pose><symmetry><x>twoFold</x><y>cylindrical</y><z>twoFold</z></symmetry><detectionScore>-1.0</detectionScore></element><element><id>14</id><category>arch</category><bounds><corner1>-1.2959064355123928, -1.532574147818522, -1.7623140833190138</corner1><corner2>1.2959064355123928, 1.532574147818522, 1.7623140833190138</corner2></bounds><pose><translation>-1.1665683810932874, -0.39077500667982396, 5.94934314073037</translation><rotation><c1>1, 0, 0</c1><c2>0, 1, 0</c2><c3>0, 0, 1</c3></rotation></pose><symmetry><x>twoFold</x><y>cylindrical</y><z>twoFold</z></symmetry><detectionScore>-1.0</detectionScore></element><element><id>15</id><category>plant</category><bounds><corner1>-2.0610469358373527, -1.3952850319022305, -3.045914176599765</corner1><corner2>2.0610469358373527, 1.3952850319022305, 3.045914176599765</corner2></bounds><pose><translation>-2.706293269095205, -0.5107604599750503, -4.871702952700262</translation><rotation><c1>1, 0, 0</c1><c2>0, 1, 0</c2><c3>0, 0, 1</c3></rotation></pose><symmetry><x>twoFold</x><y>cylindrical</y><z>twoFold</z></symmetry><detectionScore>-1.0</detectionScore></element><element><id>16</id><category>piano</category><bounds><corner1>-1.0158782748066526, -0.7427816750352015, -0.29507510784346724</corner1><corner2>1.0158782748066526, 0.7427816750352015, 0.29507510784346724</corner2></bounds><pose><translation>-3.000504199224131, -0.8515989414875957, 4.565945540659608</translation><rotation><c1>1, 0, 0</c1><c2>0, 1, 0</c2><c3>0, 0, 1</c3></rotation></pose><symmetry><x>twoFold</x><y>cylindrical</y><z>twoFold</z></symmetry><detectionScore>-1.0</detectionScore></element><element><id>17</id><category>fireplace</category><bounds><corner1>-0.7439113666450767, -0.7953011082626534, -0.2395403155138549</corner1><corner2>0.7439113666450767, 0.7953011082626534, 0.2395403155138549</corner2></bounds><pose><translation>-2.9413681775716083, -0.7621423867698771, 4.617901385046471</translation><rotation><c1>1, 0, 0</c1><c2>0, 1, 0</c2><c3>0, 0, 1</c3></rotation></pose><symmetry><x>twoFold</x><y>cylindrical</y><z>twoFold</z></symmetry><detectionScore>-1.0</detectionScore></element><element><id>18</id><category>plant</category><bounds><corner1>-0.5601489440960927, -0.8563400549049077, -0.425910403317038</corner1><corner2>0.5601489440960927, 0.8563400549049077, 0.425910403317038</corner2></bounds><pose><translation>0.6810453669916174, -0.5355193623127181, -1.9752265516160232</translation><rotation><c1>1, 0, 0</c1><c2>0, 1, 0</c2><c3>0, 0, 1</c3></rotation></pose><symmetry><x>twoFold</x><y>cylindrical</y><z>twoFold</z></symmetry><detectionScore>-1.0</detectionScore></element><element><id>19</id><category>stand</category><bounds><corner1>-0.5519621651238952, -0.45835482659724947, -0.09399366819778154</corner1><corner2>0.5519621651238952, 0.45835482659724947, 0.09399366819778154</corner2></bounds><pose><translation>-0.7959514594410516, -1.03336813977276, -1.7032339279182462</translation><rotation><c1>1, 0, 0</c1><c2>0, 1, 0</c2><c3>0, 0, 1</c3></rotation></pose><symmetry><x>twoFold</x><y>cylindrical</y><z>twoFold</z></symmetry><detectionScore>-1.0</detectionScore></element><element><id>20</id><category>door</category><bounds><corner1>-0.6600205787795299, -1.7868594989469502, -0.6476074865699263</corner1><corner2>0.6600205787795299, 1.7868594989469502, 0.6476074865699263</corner2></bounds><pose><translation>-4.059411218600095, -0.47081043249689325, -1.578990617061857</translation><rotation><c1>1, 0, 0</c1><c2>0, 1, 0</c2><c3>0, 0, 1</c3></rotation></pose><symmetry><x>twoFold</x><y>cylindrical</y><z>twoFold</z></symmetry><detectionScore>-1.0</detectionScore></element><element><id>21</id><category>wall</category><bounds><corner1>-0.7182181949554565, -1.603522973869775, -0.7997791108184445</corner1><corner2>0.7182181949554565, 1.603522973869775, 0.7997791108184445</corner2></bounds><pose><translation>-4.113027312080883, -0.22239691356560015, -1.5613211752545373</translation><rotation><c1>1, 0, 0</c1><c2>0, 1, 0</c2><c3>0, 0, 1</c3></rotation></pose><symmetry><x>twoFold</x><y>cylindrical</y><z>twoFold</z></symmetry><detectionScore>-1.0</detectionScore></element><element><id>22</id><category>desk</category><bounds><corner1>-1.4275730501464443, -0.5825810707468797, -0.10862768128837197</corner1><corner2>1.4275730501464443, 0.5825810707468797, 0.10862768128837197</corner2></bounds><pose><translation>-0.15503147222909375, -0.9966577436281472, -1.7134748667722166</translation><rotation><c1>1, 0, 0</c1><c2>0, 1, 0</c2><c3>0, 0, 1</c3></rotation></pose><symmetry><x>twoFold</x><y>cylindrical</y><z>twoFold</z></symmetry><detectionScore>-1.0</detectionScore></element><element><id>23</id><category>wall</category><bounds><corner1>-0.891557209865405, -1.0968097791761238, -2.940382949051057</corner1><corner2>0.891557209865405, 1.0968097791761238, 2.940382949051057</corner2></bounds><pose><translation>-2.6240856140892563, -0.11612272966114895, 4.735885257394478</translation><rotation><c1>1, 0, 0</c1><c2>0, 1, 0</c2><c3>0, 0, 1</c3></rotation></pose><symmetry><x>twoFold</x><y>cylindrical</y><z>twoFold</z></symmetry><detectionScore>-1.0</detectionScore></element><element><id>24</id><category>wall</category><bounds><corner1>-2.8406910229027824, -1.4220795484039064, -2.922018646368917</corner1><corner2>2.8406910229027824, 1.4220795484039064, 2.922018646368917</corner2></bounds><pose><translation>-1.6619325564422465, -0.11062505223775983, 4.789638577680467</translation><rotation><c1>1, 0, 0</c1><c2>0, 1, 0</c2><c3>0, 0, 1</c3></rotation></pose><symmetry><x>twoFold</x><y>cylindrical</y><z>twoFold</z></symmetry><detectionScore>-1.0</detectionScore></element><element><id>25</id><category>floor</category><bounds><corner1>-0.11631781018063503, -0.4364453145671843, -0.7159075240427988</corner1><corner2>0.11631781018063503, 0.4364453145671843, 0.7159075240427988</corner2></bounds><pose><translation>-3.48645565200143, -1.1682574310782718, -1.7945786517047686</translation><rotation><c1>1, 0, 0</c1><c2>0, 1, 0</c2><c3>0, 0, 1</c3></rotation></pose><symmetry><x>twoFold</x><y>cylindrical</y><z>twoFold</z></symmetry><detectionScore>-1.0</detectionScore></element><element><id>26</id><category>chandelier</category><bounds><corner1>-0.42615067453904687, -0.14912382685076175, -0.7060977070721854</corner1><corner2>0.42615067453904687, 0.14912382685076175, 0.7060977070721854</corner2></bounds><pose><translation>0.8950945142054367, 1.3585697387621787, -2.3731194898121886</translation><rotation><c1>1, 0, 0</c1><c2>0, 1, 0</c2><c3>0, 0, 1</c3></rotation></pose><symmetry><x>twoFold</x><y>cylindrical</y><z>twoFold</z></symmetry><detectionScore>-1.0</detectionScore></element><element><id>27</id><category>wall</category><bounds><corner1>-3.1024784980192743, -1.486453113558761, -2.0870079870941733</corner1><corner2>3.1024784980192743, 1.486453113558761, 2.0870079870941733</corner2></bounds><pose><translation>-6.3111732524254025, -0.17819918716972907, 2.600061463274929</translation><rotation><c1>1, 0, 0</c1><c2>0, 1, 0</c2><c3>0, 0, 1</c3></rotation></pose><symmetry><x>twoFold</x><y>cylindrical</y><z>twoFold</z></symmetry><detectionScore>-1.0</detectionScore></element><element><id>28</id><category>kitchen_cabinet</category><bounds><corner1>-2.90801917840197, -1.514967543276901, -2.1088370721877734</corner1><corner2>2.90801917840197, 1.514967543276901, 2.1088370721877734</corner2></bounds><pose><translation>-6.116713932808098, -0.2016914651513995, 2.5782323781813288</translation><rotation><c1>1, 0, 0</c1><c2>0, 1, 0</c2><c3>0, 0, 1</c3></rotation></pose><symmetry><x>twoFold</x><y>cylindrical</y><z>twoFold</z></symmetry><detectionScore>-1.0</detectionScore></element><element><id>29</id><category>chair</category><bounds><corner1>-1.1091132873686957, -0.4493947119721803, -2.0505270906021766</corner1><corner2>1.1091132873686957, 0.4493947119721803, 2.0505270906021766</corner2></bounds><pose><translation>-4.317808041774824, -0.802608009162454, 2.631503027051863</translation><rotation><c1>1, 0, 0</c1><c2>0, 1, 0</c2><c3>0, 0, 1</c3></rotation></pose><symmetry><x>twoFold</x><y>cylindrical</y><z>twoFold</z></symmetry><detectionScore>-1.0</detectionScore></element><element><id>30</id><category>door</category><bounds><corner1>-2.882453588731805, -1.1308342118654444, -2.0227539178157468</corner1><corner2>2.882453588731805, 1.1308342118654444, 2.0227539178157468</corner2></bounds><pose><translation>-6.049395469661354, -0.38967638537778726, 4.711690925784305</translation><rotation><c1>1, 0, 0</c1><c2>0, 1, 0</c2><c3>0, 0, 1</c3></rotation></pose><symmetry><x>twoFold</x><y>cylindrical</y><z>twoFold</z></symmetry><detectionScore>-1.0</detectionScore></element><element><id>31</id><category>chandelier</category><bounds><corner1>-1.3757671013552448, -0.08759964518303853, -2.3519672857769707</corner1><corner2>1.3757671013552448, 0.08759964518303853, 2.3519672857769707</corner2></bounds><pose><translation>-4.8538480427046, 1.280503797917998, 2.2760793878175725</translation><rotation><c1>1, 0, 0</c1><c2>0, 1, 0</c2><c3>0, 0, 1</c3></rotation></pose><symmetry><x>twoFold</x><y>cylindrical</y><z>twoFold</z></symmetry><detectionScore>-1.0</detectionScore></element><element><id>32</id><category>tv_stand</category><bounds><corner1>-0.8736267413541094, -0.7546717697752063, -0.270322659868822</corner1><corner2>0.8736267413541094, 0.7546717697752063, 0.270322659868822</corner2></bounds><pose><translation>-2.9314868990962304, -0.7954212376803461, 4.590697988634253</translation><rotation><c1>1, 0, 0</c1><c2>0, 1, 0</c2><c3>0, 0, 1</c3></rotation></pose><symmetry><x>twoFold</x><y>cylindrical</y><z>twoFold</z></symmetry><detectionScore>-1.0</detectionScore></element><element><id>33</id><category>fireplace</category><bounds><corner1>-0.4250462115627647, -0.7883167485030773, -0.7108813537253535</corner1><corner2>0.4250462115627647, 0.7883167485030773, 0.7108813537253535</corner2></bounds><pose><translation>0.7445080993125981, -1.083349890015309, 4.177726510444653</translation><rotation><c1>1, 0, 0</c1><c2>0, 1, 0</c2><c3>0, 0, 1</c3></rotation></pose><symmetry><x>twoFold</x><y>cylindrical</y><z>twoFold</z></symmetry><detectionScore>-1.0</detectionScore></element><element><id>34</id><category>dresser</category><bounds><corner1>-1.2777818098278964, -0.6151574962788358, -0.21340818584438814</corner1><corner2>1.2777818098278964, 0.6151574962788358, 0.21340818584438814</corner2></bounds><pose><translation>0.09403392422903006, -1.0000922714219016, -1.7043262449992438</translation><rotation><c1>1, 0, 0</c1><c2>0, 1, 0</c2><c3>0, 0, 1</c3></rotation></pose><symmetry><x>twoFold</x><y>cylindrical</y><z>twoFold</z></symmetry><detectionScore>-1.0</detectionScore></element><element><id>35</id><category>chandelier</category><bounds><corner1>-0.4297596677653245, -0.1275735475703883, -0.46429059703301623</corner1><corner2>0.4297596677653245, 0.1275735475703883, 0.46429059703301623</corner2></bounds><pose><translation>-1.1260198874582776, 1.3868319967985459, -2.238093368784154</translation><rotation><c1>1, 0, 0</c1><c2>0, 1, 0</c2><c3>0, 0, 1</c3></rotation></pose><symmetry><x>twoFold</x><y>cylindrical</y><z>twoFold</z></symmetry><detectionScore>-1.0</detectionScore></element><element><id>36</id><category>wall</category><bounds><corner1>-0.15292308408103894, -1.5314908528849238, -0.7019151257309386</corner1><corner2>0.15292308408103894, 1.5314908528849238, 0.7019151257309386</corner2></bounds><pose><translation>-3.477691251238315, -0.14537762048840042, -1.8803846145623657</translation><rotation><c1>1, 0, 0</c1><c2>0, 1, 0</c2><c3>0, 0, 1</c3></rotation></pose><symmetry><x>twoFold</x><y>cylindrical</y><z>twoFold</z></symmetry><detectionScore>-1.0</detectionScore></element><element><id>37</id><category>wall</category><bounds><corner1>-3.337394137463599, -1.4202220924348843, -2.0745030259400012</corner1><corner2>3.337394137463599, 1.4202220924348843, 2.0745030259400012</corner2></bounds><pose><translation>-6.504336018393148, -0.12260787165087819, 4.598554214207452</translation><rotation><c1>1, 0, 0</c1><c2>0, 1, 0</c2><c3>0, 0, 1</c3></rotation></pose><symmetry><x>twoFold</x><y>cylindrical</y><z>twoFold</z></symmetry><detectionScore>-1.0</detectionScore></element><element><id>38</id><category>desk</category><bounds><corner1>-0.9577272424437606, -0.7244346080577477, -0.3129967069330082</corner1><corner2>0.9577272424437606, 0.7244346080577477, 0.3129967069330082</corner2></bounds><pose><translation>-2.942353166861239, -0.8670533707557154, 4.548023941570067</translation><rotation><c1>1, 0, 0</c1><c2>0, 1, 0</c2><c3>0, 0, 1</c3></rotation></pose><symmetry><x>twoFold</x><y>cylindrical</y><z>twoFold</z></symmetry><detectionScore>-1.0</detectionScore></element><element><id>39</id><category>kitchen_set</category><bounds><corner1>-3.68463781213845, -1.6524281198243433, -3.095702830913205</corner1><corner2>3.68463781213845, 1.6524281198243433, 3.095702830913205</corner2></bounds><pose><translation>-6.893332566544578, -0.34683651484074174, 1.5782535984761672</translation><rotation><c1>1, 0, 0</c1><c2>0, 1, 0</c2><c3>0, 0, 1</c3></rotation></pose><symmetry><x>twoFold</x><y>cylindrical</y><z>twoFold</z></symmetry><detectionScore>-1.0</detectionScore></element></elements></scene>