<?xml version='1.0' encoding='utf-8'?>
<scene xmlns:sumo="https://www.sumochallenge.org"><version>2.0</version><categories><id>fb_categories_v1.0</id><url>https://sumochallenge.org/en/categories-1_0.json</url></categories><project_type>bounding_box</project_type><elements><element><id>3</id><category>window</category><bounds><corner1>-0.57814245, -1.05986223, -0.13794327</corner1><corner2>0.57814245, 1.05986223, 0.13794327</corner2></bounds><pose><translation>-0.32671478, -0.39068404, -3.21603009</translation><rotation><c1>1., 0., 0.</c1><c2>0., 1., 0.</c2><c3>0., 0., 1.</c3></rotation></pose><symmetry><x>none</x><y>none</y><z>none</z></symmetry><detectionScore>-1</detectionScore></element><element><id>5</id><category>mirror</category><bounds><corner1>-0.04590374, -0.539842  , -0.54994217</corner1><corner2>0.04590374, 0.539842  , 0.54994217</corner2></bounds><pose><translation>-1.70096327,  0.47593299, -0.39136342</translation><rotation><c1>1., 0., 0.</c1><c2>0., 1., 0.</c2><c3>0., 0., 1.</c3></rotation></pose><symmetry><x>none</x><y>none</y><z>none</z></symmetry><detectionScore>-1</detectionScore></element><element><id>2</id><category>door</category><bounds><corner1>-0.05891377, -0.90851081, -0.57747214</corner1><corner2>0.05891377, 0.90851081, 0.57747214</corner2></bounds><pose><translation> 2.22994029, -0.28917765,  0.91451793</translation><rotation><c1>1., 0., 0.</c1><c2>0., 1., 0.</c2><c3>0., 0., 1.</c3></rotation></pose><symmetry><x>none</x><y>none</y><z>none</z></symmetry><detectionScore>-1</detectionScore></element><element><id>1</id><category>partition</category><bounds><corner1>-0.0128719 , -0.07872403, -0.34700868</corner1><corner2>0.0128719 , 0.07872403, 0.34700868</corner2></bounds><pose><translation> 0.40876432,  1.12211047, -2.42407831</translation><rotation><c1>1., 0., 0.</c1><c2>0., 1., 0.</c2><c3>0., 0., 1.</c3></rotation></pose><symmetry><x>none</x><y>none</y><z>none</z></symmetry><detectionScore>-1</detectionScore></element></elements></scene>