<?xml version='1.0' encoding='utf-8'?>
<scene xmlns:sumo="https://www.sumochallenge.org"><version>2.0</version><categories><id>fb_categories_v1.0</id><url>https://sumochallenge.org/en/categories-1_0.json</url></categories><project_type>bounding_box</project_type><elements><element><id>7</id><category>office_chair</category><bounds><corner1>-1.05815545, -0.4444832 , -0.77185884</corner1><corner2>1.05815545, 0.4444832 , 0.77185884</corner2></bounds><pose><translation> 1.021902  , -1.12482249, -3.81683096</translation><rotation><c1>1., 0., 0.</c1><c2>0., 1., 0.</c2><c3>0., 0., 1.</c3></rotation></pose><symmetry><x>none</x><y>none</y><z>none</z></symmetry><detectionScore>-1</detectionScore></element><element><id>9</id><category>chandelier</category><bounds><corner1>-0.41198448, -0.02302022, -0.43478363</corner1><corner2>0.41198448, 0.02302022, 0.43478363</corner2></bounds><pose><translation>-2.31998938,  1.18500944, -1.77737561</translation><rotation><c1>1., 0., 0.</c1><c2>0., 1., 0.</c2><c3>0., 0., 1.</c3></rotation></pose><symmetry><x>none</x><y>none</y><z>none</z></symmetry><detectionScore>-1</detectionScore></element><element><id>5</id><category>door</category><bounds><corner1>-0.62863848, -1.26880695, -0.34570568</corner1><corner2>0.62863848, 1.26880695, 0.34570568</corner2></bounds><pose><translation>-0.98495895, -0.525471  ,  2.96424527</translation><rotation><c1>1., 0., 0.</c1><c2>0., 1., 0.</c2><c3>0., 0., 1.</c3></rotation></pose><symmetry><x>none</x><y>none</y><z>none</z></symmetry><detectionScore>-1</detectionScore></element><element><id>4</id><category>window</category><bounds><corner1>-0.98225988, -0.66366743, -0.05512115</corner1><corner2>0.98225988, 0.66366743, 0.05512115</corner2></bounds><pose><translation>2.14821058, 0.0621047 , 3.31822275</translation><rotation><c1>1., 0., 0.</c1><c2>0., 1., 0.</c2><c3>0., 0., 1.</c3></rotation></pose><symmetry><x>none</x><y>none</y><z>none</z></symmetry><detectionScore>-1</detectionScore></element><element><id>11</id><category>window</category><bounds><corner1>-1.19453392, -0.68750111, -0.12173031</corner1><corner2>1.19453392, 0.68750111, 0.12173031</corner2></bounds><pose><translation>-3.69041931e+00, -6.72328501e-03, -6.92042993e+00</translation><rotation><c1>1., 0., 0.</c1><c2>0., 1., 0.</c2><c3>0., 0., 1.</c3></rotation></pose><symmetry><x>none</x><y>none</y><z>none</z></symmetry><detectionScore>-1</detectionScore></element><element><id>10</id><category>wall</category><bounds><corner1>-5.31042945, -1.17448027, -4.28270791</corner1><corner2>5.31042945, 1.17448027, 4.28270791</corner2></bounds><pose><translation>-8.71749751, -0.04265901, -1.77337557</translation><rotation><c1>1., 0., 0.</c1><c2>0., 1., 0.</c2><c3>0., 0., 1.</c3></rotation></pose><symmetry><x>none</x><y>none</y><z>none</z></symmetry><detectionScore>-1</detectionScore></element><element><id>6</id><category>door</category><bounds><corner1>-0.05603171, -1.06393463, -0.9188714 </corner1><corner2>0.05603171, 1.06393463, 0.9188714 </corner2></bounds><pose><translation> 3.29799177, -0.13705495, -1.86313199</translation><rotation><c1>1., 0., 0.</c1><c2>0., 1., 0.</c2><c3>0., 0., 1.</c3></rotation></pose><symmetry><x>none</x><y>none</y><z>none</z></symmetry><detectionScore>-1</detectionScore></element><element><id>3</id><category>door</category><bounds><corner1>-0.8706061 , -1.22720714, -0.59742718</corner1><corner2>0.8706061 , 1.22720714, 0.59742718</corner2></bounds><pose><translation> 0.18376985, -0.45569889,  3.0608278 </translation><rotation><c1>1., 0., 0.</c1><c2>0., 1., 0.</c2><c3>0., 0., 1.</c3></rotation></pose><symmetry><x>none</x><y>none</y><z>none</z></symmetry><detectionScore>-1</detectionScore></element><element><id>2</id><category>stairs</category><bounds><corner1>-1.49772155, -0.48892792, -2.36672873</corner1><corner2>1.49772155, 0.48892792, 2.36672873</corner2></bounds><pose><translation>-3.32370955,  0.71539194,  0.89778997</translation><rotation><c1>1., 0., 0.</c1><c2>0., 1., 0.</c2><c3>0., 0., 1.</c3></rotation></pose><symmetry><x>none</x><y>none</y><z>none</z></symmetry><detectionScore>-1</detectionScore></element><element><id>12</id><category>sofa</category><bounds><corner1>-0.57510708, -0.43163838, -0.957037  </corner1><corner2>0.57510708, 0.43163838, 0.957037  </corner2></bounds><pose><translation>-4.43353613, -1.01184663, -1.95221475</translation><rotation><c1>1., 0., 0.</c1><c2>0., 1., 0.</c2><c3>0., 0., 1.</c3></rotation></pose><symmetry><x>none</x><y>none</y><z>none</z></symmetry><detectionScore>-1</detectionScore></element><element><id>8</id><category>fireplace</category><bounds><corner1>-1.4945322 , -1.2201658 , -1.85976111</corner1><corner2>1.4945322 , 1.2201658 , 1.85976111</corner2></bounds><pose><translation>-7.54549553, -0.19213059, -5.93404088</translation><rotation><c1>1., 0., 0.</c1><c2>0., 1., 0.</c2><c3>0., 0., 1.</c3></rotation></pose><symmetry><x>none</x><y>none</y><z>none</z></symmetry><detectionScore>-1</detectionScore></element><element><id>1</id><category>window</category><bounds><corner1>-0.7990574 , -0.72775981, -0.05759903</corner1><corner2>0.7990574 , 0.72775981, 0.05759903</corner2></bounds><pose><translation>-4.78859199,  0.07361269,  3.31440417</translation><rotation><c1>1., 0., 0.</c1><c2>0., 1., 0.</c2><c3>0., 0., 1.</c3></rotation></pose><symmetry><x>none</x><y>none</y><z>none</z></symmetry><detectionScore>-1</detectionScore></element></elements></scene>