<?xml version='1.0' encoding='utf-8'?>
<scene xmlns:sumo="https://www.sumochallenge.org"><version>2.0</version><categories><id>fb_categories_v1_0</id><url>https://sumochallenge.org/en/categories-1_0.json</url></categories><project_type>bounding_box</project_type><elements><element><id>0</id><category>wall</category><bounds><corner1>-0.015960274883264625, -0.47031942155001033, -0.0354759593574161</corner1><corner2>0.015960274883264625, 0.47031942155001033, 0.0354759593574161</corner2></bounds><pose><translation>-0.23022784659650203, 0.004739537039236988, -1.6041975337823775</translation><rotation><c1>1, 0, 0</c1><c2>0, 1, 0</c2><c3>0, 0, 1</c3></rotation></pose><symmetry><x>twoFold</x><y>cylindrical</y><z>twoFold</z></symmetry><detectionScore>-1.0</detectionScore></element><element><id>1</id><category>wall_lamp</category><bounds><corner1>-0.2611560757885374, -0.13610503482700076, -0.3096038072285132</corner1><corner2>0.2611560757885374, 0.13610503482700076, 0.3096038072285132</corner2></bounds><pose><translation>-1.8827705135174369, 1.3004121805809268, -1.36409484666739</translation><rotation><c1>1, 0, 0</c1><c2>0, 1, 0</c2><c3>0, 0, 1</c3></rotation></pose><symmetry><x>twoFold</x><y>cylindrical</y><z>twoFold</z></symmetry><detectionScore>-1.0</detectionScore></element><element><id>2</id><category>chandelier</category><bounds><corner1>-1.5785085026454575, -0.17193716508060097, -5.30278453057921</corner1><corner2>1.5785085026454575, 0.17193716508060097, 5.30278453057921</corner2></bounds><pose><translation>0.6268740078772025, 1.1455789400854128, 4.690893132056571</translation><rotation><c1>1, 0, 0</c1><c2>0, 1, 0</c2><c3>0, 0, 1</c3></rotation></pose><symmetry><x>twoFold</x><y>cylindrical</y><z>twoFold</z></symmetry><detectionScore>-1.0</detectionScore></element><element><id>3</id><category>wall</category><bounds><corner1>-0.014762777740396582, -0.49899378910521436, -0.03708781899978031</corner1><corner2>0.014762777740396582, 0.49899378910521436, 0.03708781899978031</corner2></bounds><pose><translation>-0.26443081401328794, -0.0015652894452224612, -1.6025488608257126</translation><rotation><c1>1, 0, 0</c1><c2>0, 1, 0</c2><c3>0, 0, 1</c3></rotation></pose><symmetry><x>twoFold</x><y>cylindrical</y><z>twoFold</z></symmetry><detectionScore>-1.0</detectionScore></element><element><id>4</id><category>window</category><bounds><corner1>-0.08776126887377234, -1.112286335265282, -1.1164168778347885</corner1><corner2>0.08776126887377234, 1.112286335265282, 1.1164168778347885</corner2></bounds><pose><translation>1.249395037411808, 0.14368902984102871, 3.3013473160104163</translation><rotation><c1>1, 0, 0</c1><c2>0, 1, 0</c2><c3>0, 0, 1</c3></rotation></pose><symmetry><x>twoFold</x><y>cylindrical</y><z>twoFold</z></symmetry><detectionScore>-1.0</detectionScore></element><element><id>5</id><category>motorcycle</category><bounds><corner1>-1.9370084355920336, -1.1915446371373115, -6.891952322390964</corner1><corner2>1.9370084355920336, 1.1915446371373115, 6.891952322390964</corner2></bounds><pose><translation>0.26888853361414883, -1.1915446371373115, 3.1907729891355356</translation><rotation><c1>1, 0, 0</c1><c2>0, 1, 0</c2><c3>0, 0, 1</c3></rotation></pose><symmetry><x>twoFold</x><y>cylindrical</y><z>twoFold</z></symmetry><detectionScore>-1.0</detectionScore></element><element><id>6</id><category>wall</category><bounds><corner1>-2.2145321382622085, -1.3094368557348417, -6.652521744263584</corner1><corner2>2.2145321382622085, 1.3094368557348417, 6.652521744263584</corner2></bounds><pose><translation>0.0, 0.0, 3.430203567262914</translation><rotation><c1>1, 0, 0</c1><c2>0, 1, 0</c2><c3>0, 0, 1</c3></rotation></pose><symmetry><x>twoFold</x><y>cylindrical</y><z>twoFold</z></symmetry><detectionScore>-1.0</detectionScore></element><element><id>7</id><category>garage_door</category><bounds><corner1>-2.2152880721362957, -1.306751310501149, -7.0981982189422945</corner1><corner2>2.2152880721362957, 1.306751310501149, 7.0981982189422945</corner2></bounds><pose><translation>-2.2152880721362957, 0.0, 2.962503819717546</translation><rotation><c1>1, 0, 0</c1><c2>0, 1, 0</c2><c3>0, 0, 1</c3></rotation></pose><symmetry><x>twoFold</x><y>cylindrical</y><z>twoFold</z></symmetry><detectionScore>-1.0</detectionScore></element><element><id>8</id><category>window</category><bounds><corner1>-0.08204222248588411, -1.033240219442832, -0.3224197389518917</corner1><corner2>0.08204222248588411, 1.033240219442832, 0.3224197389518917</corner2></bounds><pose><translation>1.5558996966611516, 0.05137061309517154, -0.42822747874255124</translation><rotation><c1>1, 0, 0</c1><c2>0, 1, 0</c2><c3>0, 0, 1</c3></rotation></pose><symmetry><x>twoFold</x><y>cylindrical</y><z>twoFold</z></symmetry><detectionScore>-1.0</detectionScore></element><element><id>9</id><category>window</category><bounds><corner1>-0.08931626928122327, -1.0570545422257729, -0.27327946391426017</corner1><corner2>0.08931626928122327, 1.0570545422257729, 0.27327946391426017</corner2></bounds><pose><translation>1.5122073678217909, 0.0764389874600937, 0.857856330982613</translation><rotation><c1>1, 0, 0</c1><c2>0, 1, 0</c2><c3>0, 0, 1</c3></rotation></pose><symmetry><x>twoFold</x><y>cylindrical</y><z>twoFold</z></symmetry><detectionScore>-1.0</detectionScore></element><element><id>10</id><category>window</category><bounds><corner1>-0.08126927498444192, -1.175016571329895, -0.34767588082082224</corner1><corner2>0.08126927498444192, 1.175016571329895, 0.34767588082082224</corner2></bounds><pose><translation>1.3575936175157874, 0.10060939258768473, 2.033951598786698</translation><rotation><c1>1, 0, 0</c1><c2>0, 1, 0</c2><c3>0, 0, 1</c3></rotation></pose><symmetry><x>twoFold</x><y>cylindrical</y><z>twoFold</z></symmetry><detectionScore>-1.0</detectionScore></element><element><id>11</id><category>garage_door</category><bounds><corner1>-2.4947840498237093, -1.3094368557348417, -5.683355025108613</corner1><corner2>2.4947840498237093, 1.3094368557348417, 5.683355025108613</corner2></bounds><pose><translation>-0.28025191156150075, 0.0, 4.399370286417886</translation><rotation><c1>1, 0, 0</c1><c2>0, 1, 0</c2><c3>0, 0, 1</c3></rotation></pose><symmetry><x>twoFold</x><y>cylindrical</y><z>twoFold</z></symmetry><detectionScore>-1.0</detectionScore></element><element><id>12</id><category>wall</category><bounds><corner1>-2.697253984779281, -1.4559867773866975, -2.562995512297272</corner1><corner2>2.697253984779281, 1.4559867773866975, 2.562995512297272</corner2></bounds><pose><translation>-4.601769487425667, -0.15759862032003497, 0.9880712266788348</translation><rotation><c1>1, 0, 0</c1><c2>0, 1, 0</c2><c3>0, 0, 1</c3></rotation></pose><symmetry><x>twoFold</x><y>cylindrical</y><z>twoFold</z></symmetry><detectionScore>-1.0</detectionScore></element><element><id>13</id><category>chandelier</category><bounds><corner1>-0.13390630899851974, -0.389011593102234, -0.5351521170151486</corner1><corner2>0.13390630899851974, 0.389011593102234, 0.5351521170151486</corner2></bounds><pose><translation>1.4245196505795867, 1.0077555092403319, 0.213770595753365</translation><rotation><c1>1, 0, 0</c1><c2>0, 1, 0</c2><c3>0, 0, 1</c3></rotation></pose><symmetry><x>twoFold</x><y>cylindrical</y><z>twoFold</z></symmetry><detectionScore>-1.0</detectionScore></element></elements></scene>