<?xml version='1.0' encoding='utf-8'?>
<scene xmlns:sumo="https://www.sumochallenge.org"><version>2.0</version><categories><id>fb_categories_v1.0</id><url>https://sumochallenge.org/en/categories-1_0.json</url></categories><project_type>bounding_box</project_type><elements><element><id>4</id><category>wall</category><bounds><corner1>-2.54296807, -1.38692164, -0.96849816</corner1><corner2>2.54296807, 1.38692164, 0.96849816</corner2></bounds><pose><translation>-0.11371587,  0.09028338, -5.4126646 </translation><rotation><c1>1., 0., 0.</c1><c2>0., 1., 0.</c2><c3>0., 0., 1.</c3></rotation></pose><symmetry><x>none</x><y>twoFold</y><z>none</z></symmetry><detectionScore>0.55989474</detectionScore></element><element><id>1</id><category>plant</category><bounds><corner1>-0.71422436, -0.19282379, -0.11395037</corner1><corner2>0.71422436, 0.19282379, 0.11395037</corner2></bounds><pose><translation> 0.70558893, -0.97644918, -1.26696201</translation><rotation><c1>1., 0., 0.</c1><c2>0., 1., 0.</c2><c3>0., 0., 1.</c3></rotation></pose><symmetry><x>none</x><y>cylindrical</y><z>none</z></symmetry><detectionScore>0.74937326</detectionScore></element><element><id>5</id><category>office_chair</category><bounds><corner1>-0.47019783, -0.66193559, -0.38810983</corner1><corner2>0.47019783, 0.66193559, 0.38810983</corner2></bounds><pose><translation>-2.34611493, -1.43434921, -0.57782763</translation><rotation><c1>1., 0., 0.</c1><c2>0., 1., 0.</c2><c3>0., 0., 1.</c3></rotation></pose><symmetry><x>none</x><y>none</y><z>none</z></symmetry><detectionScore>0.57417923</detectionScore></element><element><id>10</id><category>window</category><bounds><corner1>-0.10024904, -1.21092574, -1.99488948</corner1><corner2>0.10024904, 1.21092574, 1.99488948</corner2></bounds><pose><translation>-5.8970869 ,  2.50163533, -1.66426738</translation><rotation><c1>1., 0., 0.</c1><c2>0., 1., 0.</c2><c3>0., 0., 1.</c3></rotation></pose><symmetry><x>none</x><y>twoFold</y><z>none</z></symmetry><detectionScore>0.9122853</detectionScore></element><element><id>3</id><category>picture_frame</category><bounds><corner1>-0.04825137, -0.46312065, -0.4716309 </corner1><corner2>0.04825137, 0.46312065, 0.4716309 </corner2></bounds><pose><translation> 2.66993612,  0.21503064, -0.03897888</translation><rotation><c1>1., 0., 0.</c1><c2>0., 1., 0.</c2><c3>0., 0., 1.</c3></rotation></pose><symmetry><x>none</x><y>fourFold</y><z>none</z></symmetry><detectionScore>0.9954259</detectionScore></element><element><id>2</id><category>picture_frame</category><bounds><corner1>-1.36815714, -0.68628498, -0.08928551</corner1><corner2>1.36815714, 0.68628498, 0.08928551</corner2></bounds><pose><translation> 0.047281  ,  2.51867315, -5.38476178</translation><rotation><c1>1., 0., 0.</c1><c2>0., 1., 0.</c2><c3>0., 0., 1.</c3></rotation></pose><symmetry><x>none</x><y>fourFold</y><z>none</z></symmetry><detectionScore>0.9521371</detectionScore></element><element><id>7</id><category>window</category><bounds><corner1>-2.23465554, -1.12646178, -1.83227019</corner1><corner2>2.23465554, 1.12646178, 1.83227019</corner2></bounds><pose><translation>-5.82597193, -0.02873687, -1.62743334</translation><rotation><c1>1., 0., 0.</c1><c2>0., 1., 0.</c2><c3>0., 0., 1.</c3></rotation></pose><symmetry><x>none</x><y>twoFold</y><z>none</z></symmetry><detectionScore>0.8593303</detectionScore></element><element><id>9</id><category>plant</category><bounds><corner1>-3.16290191, -1.72013146, -0.98384125</corner1><corner2>3.16290191, 1.72013146, 0.98384125</corner2></bounds><pose><translation>-5.87184592,  0.66153723, -2.90648801</translation><rotation><c1>1., 0., 0.</c1><c2>0., 1., 0.</c2><c3>0., 0., 1.</c3></rotation></pose><symmetry><x>none</x><y>cylindrical</y><z>none</z></symmetry><detectionScore>0.533192</detectionScore></element><element><id>8</id><category>wall</category><bounds><corner1>-1.44039137, -1.23430187, -2.5530915 </corner1><corner2>1.44039137, 1.23430187, 2.5530915 </corner2></bounds><pose><translation> 2.69513986,  0.01586129, -5.40926761</translation><rotation><c1>1., 0., 0.</c1><c2>0., 1., 0.</c2><c3>0., 0., 1.</c3></rotation></pose><symmetry><x>none</x><y>twoFold</y><z>none</z></symmetry><detectionScore>0.64671314</detectionScore></element><element><id>6</id><category>picture_frame</category><bounds><corner1>-0.04803107, -0.48405851, -0.45705974</corner1><corner2>0.04803107, 0.48405851, 0.45705974</corner2></bounds><pose><translation> 2.6728347 ,  0.23353479, -1.26604233</translation><rotation><c1>1., 0., 0.</c1><c2>0., 1., 0.</c2><c3>0., 0., 1.</c3></rotation></pose><symmetry><x>none</x><y>fourFold</y><z>none</z></symmetry><detectionScore>0.99950826</detectionScore></element></elements></scene>