<?xml version='1.0' encoding='utf-8'?>
<scene xmlns:sumo="https://www.sumochallenge.org"><version>2.0</version><categories><id>fb_categories_v1.0</id><url>https://sumochallenge.org/en/categories-1_0.json</url></categories><project_type>bounding_box</project_type><elements><element><id>6</id><category>shelving</category><bounds><corner1>-0.19537281, -0.89268468, -0.33425345</corner1><corner2>0.19537281, 0.89268468, 0.33425345</corner2></bounds><pose><translation>-1.90905929,  0.13663563, -3.12113783</translation><rotation><c1>1., 0., 0.</c1><c2>0., 1., 0.</c2><c3>0., 0., 1.</c3></rotation></pose><symmetry><x>none</x><y>none</y><z>none</z></symmetry><detectionScore>-1</detectionScore></element><element><id>5</id><category>door</category><bounds><corner1>-0.26988251, -1.18716316, -0.50172495</corner1><corner2>0.26988251, 1.18716316, 0.50172495</corner2></bounds><pose><translation> 2.99914087, -0.43215757, -0.42421661</translation><rotation><c1>1., 0., 0.</c1><c2>0., 1., 0.</c2><c3>0., 0., 1.</c3></rotation></pose><symmetry><x>none</x><y>none</y><z>none</z></symmetry><detectionScore>-1</detectionScore></element><element><id>3</id><category>wall</category><bounds><corner1>-0.06631154, -1.30434146, -1.36273842</corner1><corner2>0.06631154, 1.30434146, 1.36273842</corner2></bounds><pose><translation> 3.19497581, -0.13382849,  0.12844921</translation><rotation><c1>1., 0., 0.</c1><c2>0., 1., 0.</c2><c3>0., 0., 1.</c3></rotation></pose><symmetry><x>none</x><y>none</y><z>none</z></symmetry><detectionScore>-1</detectionScore></element><element><id>2</id><category>picture_frame</category><bounds><corner1>-0.47743705, -0.45343527, -0.03308677</corner1><corner2>0.47743705, 0.45343527, 0.03308677</corner2></bounds><pose><translation> 0.3649339 ,  0.04931781, -2.02003381</translation><rotation><c1>1., 0., 0.</c1><c2>0., 1., 0.</c2><c3>0., 0., 1.</c3></rotation></pose><symmetry><x>none</x><y>none</y><z>none</z></symmetry><detectionScore>-1</detectionScore></element><element><id>1</id><category>shelving</category><bounds><corner1>-0.26006084, -0.59024966, -0.20683723</corner1><corner2>0.26006084, 0.59024966, 0.20683723</corner2></bounds><pose><translation> 1.30587888,  0.12723091, -2.07193079</translation><rotation><c1>1., 0., 0.</c1><c2>0., 1., 0.</c2><c3>0., 0., 1.</c3></rotation></pose><symmetry><x>none</x><y>none</y><z>none</z></symmetry><detectionScore>-1</detectionScore></element><element><id>8</id><category>door</category><bounds><corner1>-0.70672953, -1.11209587, -5.86412459</corner1><corner2>0.70672953, 1.11209587, 5.86412459</corner2></bounds><pose><translation>-0.54488207, -0.27170638,  3.5739831 </translation><rotation><c1>1., 0., 0.</c1><c2>0., 1., 0.</c2><c3>0., 0., 1.</c3></rotation></pose><symmetry><x>none</x><y>none</y><z>none</z></symmetry><detectionScore>-1</detectionScore></element></elements></scene>