<?xml version='1.0' encoding='utf-8'?>
<scene xmlns:sumo="https://www.sumochallenge.org"><version>2.0</version><categories><id>fb_categories_v1.0</id><url>https://sumochallenge.org/en/categories-1_0.json</url></categories><project_type>bounding_box</project_type><elements><element><id>5</id><category>plant</category><bounds><corner1>-0.88665615, -1.0848872 , -0.40436704</corner1><corner2>0.88665615, 1.0848872 , 0.40436704</corner2></bounds><pose><translation> 4.82600467, -0.56103597,  0.37775784</translation><rotation><c1>1., 0., 0.</c1><c2>0., 1., 0.</c2><c3>0., 0., 1.</c3></rotation></pose><symmetry><x>none</x><y>cylindrical</y><z>none</z></symmetry><detectionScore>0.99689996</detectionScore></element><element><id>10</id><category>wall</category><bounds><corner1>-5.24928605, -1.06146744, -1.52153976</corner1><corner2>5.24928605, 1.06146744, 1.52153976</corner2></bounds><pose><translation>-6.18230491, -0.06818851,  1.50627149</translation><rotation><c1>1., 0., 0.</c1><c2>0., 1., 0.</c2><c3>0., 0., 1.</c3></rotation></pose><symmetry><x>none</x><y>twoFold</y><z>none</z></symmetry><detectionScore>0.88572955</detectionScore></element><element><id>11</id><category>wall</category><bounds><corner1>-6.65708876, -1.23138911, -4.06142971</corner1><corner2>6.65708876, 1.23138911, 4.06142971</corner2></bounds><pose><translation>-12.97540645,  -0.11544406,  -2.98129215</translation><rotation><c1>1., 0., 0.</c1><c2>0., 1., 0.</c2><c3>0., 0., 1.</c3></rotation></pose><symmetry><x>none</x><y>twoFold</y><z>none</z></symmetry><detectionScore>0.87127376</detectionScore></element><element><id>4</id><category>wall</category><bounds><corner1>-3.25081015, -1.14995756, -0.20935007</corner1><corner2>3.25081015, 1.14995756, 0.20935007</corner2></bounds><pose><translation> 1.69376614, -0.05902809,  6.77611321</translation><rotation><c1>1., 0., 0.</c1><c2>0., 1., 0.</c2><c3>0., 0., 1.</c3></rotation></pose><symmetry><x>none</x><y>twoFold</y><z>none</z></symmetry><detectionScore>0.8798773</detectionScore></element><element><id>6</id><category>window</category><bounds><corner1>-0.10219742, -0.90953164, -1.03951601</corner1><corner2>0.10219742, 0.90953164, 1.03951601</corner2></bounds><pose><translation> 5.71715659, -0.01680294, -1.51626678</translation><rotation><c1>1., 0., 0.</c1><c2>0., 1., 0.</c2><c3>0., 0., 1.</c3></rotation></pose><symmetry><x>none</x><y>twoFold</y><z>none</z></symmetry><detectionScore>0.9859844</detectionScore></element><element><id>3</id><category>chandelier</category><bounds><corner1>-1.41179799, -0.49656128, -1.41859072</corner1><corner2>1.41179799, 0.49656128, 1.41859072</corner2></bounds><pose><translation> 1.89565413,  0.7021373 , -7.50873303</translation><rotation><c1>1., 0., 0.</c1><c2>0., 1., 0.</c2><c3>0., 0., 1.</c3></rotation></pose><symmetry><x>none</x><y>cylindrical</y><z>none</z></symmetry><detectionScore>0.5930136</detectionScore></element><element><id>12</id><category>door</category><bounds><corner1>-5.47319492, -1.08910118, -7.87019719</corner1><corner2>5.47319492, 1.08910118, 7.87019719</corner2></bounds><pose><translation>-5.47319492, -0.03885562, -7.87019719</translation><rotation><c1>1., 0., 0.</c1><c2>0., 1., 0.</c2><c3>0., 0., 1.</c3></rotation></pose><symmetry><x>twoFold</x><y>twoFold</y><z>twoFold</z></symmetry><detectionScore>0.9556817</detectionScore></element><element><id>2</id><category>chair</category><bounds><corner1>-1.57188325, -0.426585  , -3.02305573</corner1><corner2>1.57188325, 0.426585  , 3.02305573</corner2></bounds><pose><translation> 2.12516424, -0.98571977,  3.85775399</translation><rotation><c1>1., 0., 0.</c1><c2>0., 1., 0.</c2><c3>0., 0., 1.</c3></rotation></pose><symmetry><x>none</x><y>none</y><z>none</z></symmetry><detectionScore>0.51197654</detectionScore></element><element><id>1</id><category>picture_frame</category><bounds><corner1>-3.00130397, -1.1151596 , -2.97297031</corner1><corner2>3.00130397, 1.1151596 , 2.97297031</corner2></bounds><pose><translation> 2.03274603,  0.06962517, -7.68048276</translation><rotation><c1>1., 0., 0.</c1><c2>0., 1., 0.</c2><c3>0., 0., 1.</c3></rotation></pose><symmetry><x>none</x><y>fourFold</y><z>none</z></symmetry><detectionScore>0.76545155</detectionScore></element><element><id>9</id><category>kitchen_cabinet</category><bounds><corner1>-0.33862297, -1.21866828, -0.06766356</corner1><corner2>0.33862297, 1.21866828, 0.06766356</corner2></bounds><pose><translation>-0.98762449, -0.26118704, -3.08880185</translation><rotation><c1>1., 0., 0.</c1><c2>0., 1., 0.</c2><c3>0., 0., 1.</c3></rotation></pose><symmetry><x>none</x><y>none</y><z>none</z></symmetry><detectionScore>0.7341442</detectionScore></element><element><id>8</id><category>dining_table</category><bounds><corner1>-1.28050513, -0.46124917, -1.6399561 </corner1><corner2>1.28050513, 0.46124917, 1.6399561 </corner2></bounds><pose><translation> 1.97986158, -1.0285233 ,  3.63100613</translation><rotation><c1>1., 0., 0.</c1><c2>0., 1., 0.</c2><c3>0., 0., 1.</c3></rotation></pose><symmetry><x>none</x><y>twoFold</y><z>none</z></symmetry><detectionScore>0.97070205</detectionScore></element><element><id>7</id><category>stairs</category><bounds><corner1>-5.11574058, -0.97279047, -2.20899405</corner1><corner2>5.11574058, 0.97279047, 2.20899405</corner2></bounds><pose><translation>-12.34583316,   0.22724094,  -5.58523784</translation><rotation><c1>1., 0., 0.</c1><c2>0., 1., 0.</c2><c3>0., 0., 1.</c3></rotation></pose><symmetry><x>none</x><y>none</y><z>none</z></symmetry><detectionScore>0.79566795</detectionScore></element></elements></scene>