<?xml version='1.0' encoding='utf-8'?>
<scene xmlns:sumo="https://www.sumochallenge.org"><version>2.0</version><categories><id>fb_categories_v1_0</id><url>https://sumochallenge.org/en/categories-1_0.json</url></categories><project_type>bounding_box</project_type><elements><element><id>0</id><category>kitchen_cabinet</category><bounds><corner1>-0.40569397510286276, -0.20231631308060216, -0.5608640681287536</corner1><corner2>0.40569397510286276, 0.20231631308060216, 0.5608640681287536</corner2></bounds><pose><translation>-0.43655532257821966, -0.6662837293483267, 1.2618890412050907</translation><rotation><c1>1, 0, 0</c1><c2>0, 1, 0</c2><c3>0, 0, 1</c3></rotation></pose><symmetry><x>twoFold</x><y>cylindrical</y><z>twoFold</z></symmetry><detectionScore>-1.0</detectionScore></element><element><id>1</id><category>wall</category><bounds><corner1>-1.9110926636578376, -1.3614603640024796, -2.4751117814988572</corner1><corner2>1.9110926636578376, 1.3614603640024796, 2.4751117814988572</corner2></bounds><pose><translation>2.510510179701009, 0.09526153500632652, -3.618551215185722</translation><rotation><c1>1, 0, 0</c1><c2>0, 1, 0</c2><c3>0, 0, 1</c3></rotation></pose><symmetry><x>twoFold</x><y>cylindrical</y><z>twoFold</z></symmetry><detectionScore>-1.0</detectionScore></element><element><id>2</id><category>pan</category><bounds><corner1>-0.36461209320265847, -0.15842598821005116, -0.5146221010814547</corner1><corner2>0.36461209320265847, 0.15842598821005116, 0.5146221010814547</corner2></bounds><pose><translation>-0.7670865139900346, -0.6488932342633398, 1.2295169791181595</translation><rotation><c1>1, 0, 0</c1><c2>0, 1, 0</c2><c3>0, 0, 1</c3></rotation></pose><symmetry><x>twoFold</x><y>cylindrical</y><z>twoFold</z></symmetry><detectionScore>-1.0</detectionScore></element><element><id>3</id><category>chandelier</category><bounds><corner1>-0.6360470769423272, -0.10064445662635002, -0.19678958948281933</corner1><corner2>0.6360470769423272, 0.10064445662635002, 0.19678958948281933</corner2></bounds><pose><translation>2.0540277650846988, 1.5151348172737815, 1.1666102240112073</translation><rotation><c1>1, 0, 0</c1><c2>0, 1, 0</c2><c3>0, 0, 1</c3></rotation></pose><symmetry><x>twoFold</x><y>cylindrical</y><z>twoFold</z></symmetry><detectionScore>-1.0</detectionScore></element><element><id>4</id><category>chair</category><bounds><corner1>-3.4722168737523855, -0.07338069095324523, -0.34959486041062915</corner1><corner2>3.4722168737523855, 0.07338069095324523, 0.34959486041062915</corner2></bounds><pose><translation>1.2112441662240758, -0.32999770199966333, -1.4678455560327024</translation><rotation><c1>1, 0, 0</c1><c2>0, 1, 0</c2><c3>0, 0, 1</c3></rotation></pose><symmetry><x>twoFold</x><y>cylindrical</y><z>twoFold</z></symmetry><detectionScore>-1.0</detectionScore></element><element><id>5</id><category>chair</category><bounds><corner1>-1.098598469149735, -0.39503139827450695, -0.26183034125151994</corner1><corner2>1.098598469149735, 0.39503139827450695, 0.26183034125151994</corner2></bounds><pose><translation>0.7038997046816179, -0.6666548086507016, -1.2924926422639678</translation><rotation><c1>1, 0, 0</c1><c2>0, 1, 0</c2><c3>0, 0, 1</c3></rotation></pose><symmetry><x>twoFold</x><y>cylindrical</y><z>twoFold</z></symmetry><detectionScore>-1.0</detectionScore></element><element><id>6</id><category>chandelier</category><bounds><corner1>-0.41257932010658527, -0.07640201070007646, -0.2719165808062234</corner1><corner2>0.41257932010658527, 0.07640201070007646, 0.2719165808062234</corner2></bounds><pose><translation>-0.971115874208253, 1.5861983744967965, -1.7691702486552061</translation><rotation><c1>1, 0, 0</c1><c2>0, 1, 0</c2><c3>0, 0, 1</c3></rotation></pose><symmetry><x>twoFold</x><y>cylindrical</y><z>twoFold</z></symmetry><detectionScore>-1.0</detectionScore></element><element><id>7</id><category>chair</category><bounds><corner1>-0.35190925071996304, -0.7309425929192969, -0.6024290020953591</corner1><corner2>0.35190925071996304, 0.7309425929192969, 0.6024290020953591</corner2></bounds><pose><translation>2.424050509756763, -0.9621996407350384, -1.2348748982617626</translation><rotation><c1>1, 0, 0</c1><c2>0, 1, 0</c2><c3>0, 0, 1</c3></rotation></pose><symmetry><x>twoFold</x><y>cylindrical</y><z>twoFold</z></symmetry><detectionScore>-1.0</detectionScore></element><element><id>8</id><category>window</category><bounds><corner1>-1.546551530124899, -1.2808347549152206, -2.2489359819990815</corner1><corner2>1.546551530124899, 1.2808347549152206, 2.2489359819990815</corner2></bounds><pose><translation>2.534058182830712, 0.10571846484395431, -3.580623994485518</translation><rotation><c1>1, 0, 0</c1><c2>0, 1, 0</c2><c3>0, 0, 1</c3></rotation></pose><symmetry><x>twoFold</x><y>cylindrical</y><z>twoFold</z></symmetry><detectionScore>-1.0</detectionScore></element><element><id>9</id><category>wall</category><bounds><corner1>-1.2889176509981204, -1.110829202477771, -0.45442935566374776</corner1><corner2>1.2889176509981204, 1.110829202477771, 0.45442935566374776</corner2></bounds><pose><translation>-0.08920603692890283, 0.0454278451737306, 1.3905700992126466</translation><rotation><c1>1, 0, 0</c1><c2>0, 1, 0</c2><c3>0, 0, 1</c3></rotation></pose><symmetry><x>twoFold</x><y>cylindrical</y><z>twoFold</z></symmetry><detectionScore>-1.0</detectionScore></element><element><id>10</id><category>plant</category><bounds><corner1>-1.5465374058226726, -0.9271259691923668, -0.8239469468271798</corner1><corner2>1.5465374058226726, 0.9271259691923668, 0.8239469468271798</corner2></bounds><pose><translation>1.0891621418839899, -0.23913608958709995, -1.9738341692231594</translation><rotation><c1>1, 0, 0</c1><c2>0, 1, 0</c2><c3>0, 0, 1</c3></rotation></pose><symmetry><x>twoFold</x><y>cylindrical</y><z>twoFold</z></symmetry><detectionScore>-1.0</detectionScore></element><element><id>11</id><category>plant</category><bounds><corner1>-1.1882587107368012, -0.84505483499391, -2.6973665703360243</corner1><corner2>1.1882587107368012, 0.84505483499391, 2.6973665703360243</corner2></bounds><pose><translation>1.4241183198813032, 0.6892568978668934, -4.3098427440226175</translation><rotation><c1>1, 0, 0</c1><c2>0, 1, 0</c2><c3>0, 0, 1</c3></rotation></pose><symmetry><x>twoFold</x><y>cylindrical</y><z>twoFold</z></symmetry><detectionScore>-1.0</detectionScore></element><element><id>12</id><category>wall</category><bounds><corner1>-0.35406822272478855, -1.3526962548118497, -1.9029013795578413</corner1><corner2>0.35406822272478855, 1.3526962548118497, 1.9029013795578413</corner2></bounds><pose><translation>-1.210451398704705, -0.024147680083844165, -3.201701159645572</translation><rotation><c1>1, 0, 0</c1><c2>0, 1, 0</c2><c3>0, 0, 1</c3></rotation></pose><symmetry><x>twoFold</x><y>cylindrical</y><z>twoFold</z></symmetry><detectionScore>-1.0</detectionScore></element><element><id>13</id><category>window</category><bounds><corner1>-0.1382499435180362, -0.950169019976014, -0.6577120060153647</corner1><corner2>0.1382499435180362, 0.950169019976014, 0.6577120060153647</corner2></bounds><pose><translation>2.663792474699129, 0.5569306034670369, -1.585193095163259</translation><rotation><c1>1, 0, 0</c1><c2>0, 1, 0</c2><c3>0, 0, 1</c3></rotation></pose><symmetry><x>twoFold</x><y>cylindrical</y><z>twoFold</z></symmetry><detectionScore>-1.0</detectionScore></element><element><id>14</id><category>chandelier</category><bounds><corner1>-0.29613743236297996, -0.055284109800914694, -0.2621136135346737</corner1><corner2>0.29613743236297996, 0.055284109800914694, 0.2621136135346737</corner2></bounds><pose><translation>2.2346711226043747, 1.5690426046268322, 0.42826378267914317</translation><rotation><c1>1, 0, 0</c1><c2>0, 1, 0</c2><c3>0, 0, 1</c3></rotation></pose><symmetry><x>twoFold</x><y>cylindrical</y><z>twoFold</z></symmetry><detectionScore>-1.0</detectionScore></element><element><id>15</id><category>chandelier</category><bounds><corner1>-0.16441002876680694, -0.046107814671348946, -0.3644674140286759</corner1><corner2>0.16441002876680694, 0.046107814671348946, 0.3644674140286759</corner2></bounds><pose><translation>0.05673614890580006, 1.6061238732171879, -2.0091073426437864</translation><rotation><c1>1, 0, 0</c1><c2>0, 1, 0</c2><c3>0, 0, 1</c3></rotation></pose><symmetry><x>twoFold</x><y>cylindrical</y><z>twoFold</z></symmetry><detectionScore>-1.0</detectionScore></element><element><id>16</id><category>picture_frame</category><bounds><corner1>-0.1438761748220161, -0.9297134205251515, -0.3960788160148849</corner1><corner2>0.1438761748220161, 0.9297134205251515, 0.3960788160148849</corner2></bounds><pose><translation>-1.153150706577301, 0.6839221303783519, -1.6377194880328632</translation><rotation><c1>1, 0, 0</c1><c2>0, 1, 0</c2><c3>0, 0, 1</c3></rotation></pose><symmetry><x>twoFold</x><y>cylindrical</y><z>twoFold</z></symmetry><detectionScore>-1.0</detectionScore></element><element><id>17</id><category>wall</category><bounds><corner1>-2.7973902824339874, -1.5329354275918163, -3.839468553998281</corner1><corner2>2.7973902824339874, 1.5329354275918163, 3.839468553998281</corner2></bounds><pose><translation>-0.2922147764660243, -0.06442328111117884, -4.934021213685963</translation><rotation><c1>1, 0, 0</c1><c2>0, 1, 0</c2><c3>0, 0, 1</c3></rotation></pose><symmetry><x>twoFold</x><y>cylindrical</y><z>twoFold</z></symmetry><detectionScore>-1.0</detectionScore></element><element><id>18</id><category>chandelier</category><bounds><corner1>-0.20745914698662243, -0.05575191235510202, -0.2951999144100239</corner1><corner2>0.20745914698662243, 0.05575191235510202, 0.2951999144100239</corner2></bounds><pose><translation>0.004909771679261883, 1.6164966633744362, -1.8058228532001503</translation><rotation><c1>1, 0, 0</c1><c2>0, 1, 0</c2><c3>0, 0, 1</c3></rotation></pose><symmetry><x>twoFold</x><y>cylindrical</y><z>twoFold</z></symmetry><detectionScore>-1.0</detectionScore></element><element><id>19</id><category>kitchen_cabinet</category><bounds><corner1>-0.5825834954064226, -1.787469557059269, -0.43766902308911615</corner1><corner2>0.5825834954064226, 1.787469557059269, 0.43766902308911615</corner2></bounds><pose><translation>2.1436326048967462, -0.20508038955152633, -0.5622849913359991</translation><rotation><c1>1, 0, 0</c1><c2>0, 1, 0</c2><c3>0, 0, 1</c3></rotation></pose><symmetry><x>twoFold</x><y>cylindrical</y><z>twoFold</z></symmetry><detectionScore>-1.0</detectionScore></element><element><id>20</id><category>kitchen_cabinet</category><bounds><corner1>-0.807884617788613, -0.13670961701051232, -0.575687494763375</corner1><corner2>0.807884617788613, 0.13670961701051232, 0.575687494763375</corner2></bounds><pose><translation>0.31688707683175665, -0.6725320774412052, 1.2459882146042136</translation><rotation><c1>1, 0, 0</c1><c2>0, 1, 0</c2><c3>0, 0, 1</c3></rotation></pose><symmetry><x>twoFold</x><y>cylindrical</y><z>twoFold</z></symmetry><detectionScore>-1.0</detectionScore></element><element><id>21</id><category>chandelier</category><bounds><corner1>-0.3039027739277058, -0.05792337514593249, -0.20907561255544238</corner1><corner2>0.3039027739277058, 0.05792337514593249, 0.20907561255544238</corner2></bounds><pose><translation>2.154523193993607, 1.5448051644224527, -1.2076182278039187</translation><rotation><c1>1, 0, 0</c1><c2>0, 1, 0</c2><c3>0, 0, 1</c3></rotation></pose><symmetry><x>twoFold</x><y>cylindrical</y><z>twoFold</z></symmetry><detectionScore>-1.0</detectionScore></element><element><id>22</id><category>chair</category><bounds><corner1>-0.23278117136127374, -0.7051479624387303, -0.4432757998408099</corner1><corner2>0.23278117136127374, 0.7051479624387303, 0.4432757998408099</corner2></bounds><pose><translation>-1.1650940648397403, -0.9006327954481486, -2.0316566749140597</translation><rotation><c1>1, 0, 0</c1><c2>0, 1, 0</c2><c3>0, 0, 1</c3></rotation></pose><symmetry><x>twoFold</x><y>cylindrical</y><z>twoFold</z></symmetry><detectionScore>-1.0</detectionScore></element><element><id>23</id><category>coffee_table</category><bounds><corner1>-0.7600002859936061, -1.1278712483772035, -1.1972374197197935</corner1><corner2>0.7600002859936061, 1.1278712483772035, 1.1972374197197935</corner2></bounds><pose><translation>-0.12472096108484092, -1.61353005301279, -2.3963041998338346</translation><rotation><c1>1, 0, 0</c1><c2>0, 1, 0</c2><c3>0, 0, 1</c3></rotation></pose><symmetry><x>twoFold</x><y>cylindrical</y><z>twoFold</z></symmetry><detectionScore>-1.0</detectionScore></element><element><id>24</id><category>arch</category><bounds><corner1>-1.6709315668170763, -1.5061957877329313, -3.8473265994374244</corner1><corner2>1.6709315668170763, 1.5061957877329313, 3.8473265994374244</corner2></bounds><pose><translation>-0.15225172027815226, -0.13258668682695432, -4.9998306325175195</translation><rotation><c1>1, 0, 0</c1><c2>0, 1, 0</c2><c3>0, 0, 1</c3></rotation></pose><symmetry><x>twoFold</x><y>cylindrical</y><z>twoFold</z></symmetry><detectionScore>-1.0</detectionScore></element><element><id>25</id><category>chandelier</category><bounds><corner1>-0.3956656211200329, -0.4114211145780464, -1.784638142752184</corner1><corner2>0.3956656211200329, 0.4114211145780464, 1.784638142752184</corner2></bounds><pose><translation>2.2140979497287057, 1.1134658497205854, -3.39745936517645</translation><rotation><c1>1, 0, 0</c1><c2>0, 1, 0</c2><c3>0, 0, 1</c3></rotation></pose><symmetry><x>twoFold</x><y>cylindrical</y><z>twoFold</z></symmetry><detectionScore>-1.0</detectionScore></element><element><id>26</id><category>hanging_kitchen_cabinet</category><bounds><corner1>-0.556935400717375, -1.070298057712534, -0.6120295348595053</corner1><corner2>0.556935400717375, 1.070298057712534, 0.6120295348595053</corner2></bounds><pose><translation>2.1696318216599617, 0.3924123025683155, 0.17335124708456143</translation><rotation><c1>1, 0, 0</c1><c2>0, 1, 0</c2><c3>0, 0, 1</c3></rotation></pose><symmetry><x>twoFold</x><y>cylindrical</y><z>twoFold</z></symmetry><detectionScore>-1.0</detectionScore></element><element><id>27</id><category>door</category><bounds><corner1>-1.705639953329219, -1.5259801177211578, -3.83241030961618</corner1><corner2>1.705639953329219, 1.5259801177211578, 3.83241030961618</corner2></bounds><pose><translation>-0.2756695200368861, -0.11285629875293497, -4.997867921587482</translation><rotation><c1>1, 0, 0</c1><c2>0, 1, 0</c2><c3>0, 0, 1</c3></rotation></pose><symmetry><x>twoFold</x><y>cylindrical</y><z>twoFold</z></symmetry><detectionScore>-1.0</detectionScore></element><element><id>28</id><category>coffee_table</category><bounds><corner1>-0.5248055368091129, -1.1384895645610829, -0.971497166456861</corner1><corner2>0.5248055368091129, 1.1384895645610829, 0.971497166456861</corner2></bounds><pose><translation>0.3490660953441315, -1.5906708234368279, -2.055680409321869</translation><rotation><c1>1, 0, 0</c1><c2>0, 1, 0</c2><c3>0, 0, 1</c3></rotation></pose><symmetry><x>twoFold</x><y>cylindrical</y><z>twoFold</z></symmetry><detectionScore>-1.0</detectionScore></element><element><id>29</id><category>food_processor</category><bounds><corner1>-0.5268020179897324, -0.29964314256968483, -0.21749682870428422</corner1><corner2>0.5268020179897324, 0.29964314256968483, 0.21749682870428422</corner2></bounds><pose><translation>2.265931724553063, -0.019770552922355186, -1.3748758464514437</translation><rotation><c1>1, 0, 0</c1><c2>0, 1, 0</c2><c3>0, 0, 1</c3></rotation></pose><symmetry><x>twoFold</x><y>cylindrical</y><z>twoFold</z></symmetry><detectionScore>-1.0</detectionScore></element><element><id>30</id><category>door</category><bounds><corner1>-1.8126953299217425, -1.183342972974026, -2.3822112229277668</corner1><corner2>1.8126953299217425, 1.183342972974026, 2.3822112229277668</corner2></bounds><pose><translation>2.5166069746715043, -0.04922899602763253, -3.521226107363882</translation><rotation><c1>1, 0, 0</c1><c2>0, 1, 0</c2><c3>0, 0, 1</c3></rotation></pose><symmetry><x>twoFold</x><y>cylindrical</y><z>twoFold</z></symmetry><detectionScore>-1.0</detectionScore></element><element><id>31</id><category>dining_table</category><bounds><corner1>-0.17791542446829434, -0.5411509076531107, -0.5200792804561345</corner1><corner2>0.17791542446829434, 0.5411509076531107, 0.5200792804561345</corner2></bounds><pose><translation>-1.1856330795694483, -0.7358640823473754, -2.051769811009662</translation><rotation><c1>1, 0, 0</c1><c2>0, 1, 0</c2><c3>0, 0, 1</c3></rotation></pose><symmetry><x>twoFold</x><y>cylindrical</y><z>twoFold</z></symmetry><detectionScore>-1.0</detectionScore></element></elements></scene>