<?xml version='1.0' encoding='utf-8'?>
<scene xmlns:sumo="https://www.sumochallenge.org"><version>2.0</version><categories><id>fb_categories_v1_0</id><url>https://sumochallenge.org/en/categories-1_0.json</url></categories><project_type>bounding_box</project_type><elements><element><id>0</id><category>picture_frame</category><bounds><corner1>-0.0702704172343338, -1.3652273801447983, -0.667635417672116</corner1><corner2>0.0702704172343338, 1.3652273801447983, 0.667635417672116</corner2></bounds><pose><translation>1.4918743497487288, 4.131838044767133, 0.21113344089464953</translation><rotation><c1>0, 0, 0</c1><c2>0, 0, 0</c2><c3>0, 0, 0</c3></rotation></pose><symmetry><x>twoFold</x><y>cylindrical</y><z>twoFold</z></symmetry><detectionScore>-1.0</detectionScore></element><element><id>1</id><category>door</category><bounds><corner1>-0.12187119905137145, -1.3339052335153694, -1.0041591485969654</corner1><corner2>0.12187119905137145, 1.3339052335153694, 1.0041591485969654</corner2></bounds><pose><translation>-3.934855867162164, 7.141081494909467, -0.18798975315019859</translation><rotation><c1>0, 0, 0</c1><c2>0, 0, 0</c2><c3>0, 0, 0</c3></rotation></pose><symmetry><x>twoFold</x><y>cylindrical</y><z>twoFold</z></symmetry><detectionScore>-1.0</detectionScore></element><element><id>2</id><category>window</category><bounds><corner1>-0.06971774893487659, -0.3551862013911329, -0.6816536065684069</corner1><corner2>0.06971774893487659, 0.3551862013911329, 0.6816536065684069</corner2></bounds><pose><translation>-3.9358788054400184, 5.744217399620952, 0.1313271840844859</translation><rotation><c1>0, 0, 0</c1><c2>0, 0, 0</c2><c3>0, 0, 0</c3></rotation></pose><symmetry><x>twoFold</x><y>cylindrical</y><z>twoFold</z></symmetry><detectionScore>-1.0</detectionScore></element><element><id>3</id><category>window</category><bounds><corner1>-0.07110656484415245, -1.3976443758690715, -0.6558830764169545</corner1><corner2>0.07110656484415245, 1.3976443758690715, 0.6558830764169545</corner2></bounds><pose><translation>1.492436721758436, 4.097494577987806, 0.18413867985616783</translation><rotation><c1>0, 0, 0</c1><c2>0, 0, 0</c2><c3>0, 0, 0</c3></rotation></pose><symmetry><x>twoFold</x><y>cylindrical</y><z>twoFold</z></symmetry><detectionScore>-1.0</detectionScore></element><element><id>4</id><category>kitchen_cabinet</category><bounds><corner1>-0.0916935793980822, -1.4053965698852506, -0.4840642975633265</corner1><corner2>0.0916935793980822, 1.4053965698852506, 0.4840642975633265</corner2></bounds><pose><translation>-3.919912230785585, 6.74915678897358, -0.6852173090850073</translation><rotation><c1>0, 0, 0</c1><c2>0, 0, 0</c2><c3>0, 0, 0</c3></rotation></pose><symmetry><x>twoFold</x><y>cylindrical</y><z>twoFold</z></symmetry><detectionScore>-1.0</detectionScore></element><element><id>5</id><category>kitchen_cabinet</category><bounds><corner1>-0.12104904769262514, -0.7484498806249231, -0.6623942565755571</corner1><corner2>0.12104904769262514, 0.7484498806249231, 0.6623942565755571</corner2></bounds><pose><translation>-3.9189207253398974, 8.157531346524493, -0.5898706940145002</translation><rotation><c1>0, 0, 0</c1><c2>0, 0, 0</c2><c3>0, 0, 0</c3></rotation></pose><symmetry><x>twoFold</x><y>cylindrical</y><z>twoFold</z></symmetry><detectionScore>-1.0</detectionScore></element><element><id>6</id><category>plant</category><bounds><corner1>-0.6434040992548469, -0.7103502804823569, -0.8515704552268535</corner1><corner2>0.6434040992548469, 0.7103502804823569, 0.8515704552268535</corner2></bounds><pose><translation>-3.845881560272879, -1.584922007298848, -1.1714076815506589</translation><rotation><c1>0, 0, 0</c1><c2>0, 0, 0</c2><c3>0, 0, 0</c3></rotation></pose><symmetry><x>twoFold</x><y>cylindrical</y><z>twoFold</z></symmetry><detectionScore>-1.0</detectionScore></element><element><id>7</id><category>chandelier</category><bounds><corner1>-0.7945490054098852, -0.7830249628048245, -0.04882996095418424</corner1><corner2>0.7945490054098852, 0.7830249628048245, 0.04882996095418424</corner2></bounds><pose><translation>-2.641290272886063, 2.4570621875197824, 1.3655212782433819</translation><rotation><c1>0, 0, 0</c1><c2>0, 0, 0</c2><c3>0, 0, 0</c3></rotation></pose><symmetry><x>twoFold</x><y>cylindrical</y><z>twoFold</z></symmetry><detectionScore>-1.0</detectionScore></element><element><id>8</id><category>door</category><bounds><corner1>-1.1741919856451215, -2.3648982970475294, -1.4475483466967705</corner1><corner2>1.1741919856451215, 2.3648982970475294, 1.4475483466967705</corner2></bounds><pose><translation>0.25180863651030994, -2.3648982970475294, -0.5849020974558463</translation><rotation><c1>0, 0, 0</c1><c2>0, 0, 0</c2><c3>0, 0, 0</c3></rotation></pose><symmetry><x>twoFold</x><y>cylindrical</y><z>twoFold</z></symmetry><detectionScore>-1.0</detectionScore></element><element><id>9</id><category>kitchen_cabinet</category><bounds><corner1>-0.551133647258411, -1.22883535753453, -0.6427051595674204</corner1><corner2>0.551133647258411, 1.22883535753453, 0.6427051595674204</corner2></bounds><pose><translation>-3.868138112204143, 8.561061469751767, -1.0330717819057786</translation><rotation><c1>0, 0, 0</c1><c2>0, 0, 0</c2><c3>0, 0, 0</c3></rotation></pose><symmetry><x>twoFold</x><y>cylindrical</y><z>twoFold</z></symmetry><detectionScore>-1.0</detectionScore></element><element><id>10</id><category>fireplace</category><bounds><corner1>-0.18102876824907543, -1.9258125701928943, -0.8832880807842729</corner1><corner2>0.18102876824907543, 1.9258125701928943, 0.8832880807842729</corner2></bounds><pose><translation>1.394719075901248, 3.681498763331259, -0.9305210414364491</translation><rotation><c1>0, 0, 0</c1><c2>0, 0, 0</c2><c3>0, 0, 0</c3></rotation></pose><symmetry><x>twoFold</x><y>cylindrical</y><z>twoFold</z></symmetry><detectionScore>-1.0</detectionScore></element><element><id>11</id><category>wall</category><bounds><corner1>-1.0142207438273378, -2.502064318344697, -1.3617116417371642</corner1><corner2>1.0142207438273378, 2.502064318344697, 1.3617116417371642</corner2></bounds><pose><translation>-3.89276353570968, 7.908903612477912, -0.08576009893539474</translation><rotation><c1>0, 0, 0</c1><c2>0, 0, 0</c2><c3>0, 0, 0</c3></rotation></pose><symmetry><x>twoFold</x><y>cylindrical</y><z>twoFold</z></symmetry><detectionScore>-1.0</detectionScore></element><element><id>12</id><category>wall</category><bounds><corner1>-0.0915074867864849, -1.7456837362797657, -1.388063731157434</corner1><corner2>0.0915074867864849, 1.7456837362797657, 1.388063731157434</corner2></bounds><pose><translation>1.4853562259107886, 3.920139642973238, -0.12308495926207522</translation><rotation><c1>0, 0, 0</c1><c2>0, 0, 0</c2><c3>0, 0, 0</c3></rotation></pose><symmetry><x>twoFold</x><y>cylindrical</y><z>twoFold</z></symmetry><detectionScore>-1.0</detectionScore></element><element><id>13</id><category>wall</category><bounds><corner1>-1.4452528532147613, -2.1898563170206344, -1.599497040276451</corner1><corner2>1.4452528532147613, 2.1898563170206344, 1.599497040276451</corner2></bounds><pose><translation>0.20277306864755085, -2.1898563170206344, -0.1679638659053021</translation><rotation><c1>0, 0, 0</c1><c2>0, 0, 0</c2><c3>0, 0, 0</c3></rotation></pose><symmetry><x>twoFold</x><y>cylindrical</y><z>twoFold</z></symmetry><detectionScore>-1.0</detectionScore></element><element><id>14</id><category>wall</category><bounds><corner1>-1.3297665798606784, -2.75561555669041, -1.372123651166275</corner1><corner2>1.3297665798606784, 2.75561555669041, 1.372123651166275</corner2></bounds><pose><translation>-4.080981845873689, 1.0715535819066409, -0.020274929213038473</translation><rotation><c1>0, 0, 0</c1><c2>0, 0, 0</c2><c3>0, 0, 0</c3></rotation></pose><symmetry><x>twoFold</x><y>cylindrical</y><z>twoFold</z></symmetry><detectionScore>-1.0</detectionScore></element><element><id>15</id><category>television</category><bounds><corner1>-0.07699431745893959, -1.4604751290030196, -0.6971454718090029</corner1><corner2>0.07699431745893959, 1.4604751290030196, 0.6971454718090029</corner2></bounds><pose><translation>1.4926058537481892, 4.127571201281011, 0.24596619714800988</translation><rotation><c1>0, 0, 0</c1><c2>0, 0, 0</c2><c3>0, 0, 0</c3></rotation></pose><symmetry><x>twoFold</x><y>cylindrical</y><z>twoFold</z></symmetry><detectionScore>-1.0</detectionScore></element><element><id>16</id><category>chair</category><bounds><corner1>-0.08982460160026573, -1.3950264454711414, -0.502278366758641</corner1><corner2>0.08982460160026573, 1.3950264454711414, 0.502278366758641</corner2></bounds><pose><translation>-3.9179684864676485, 6.759526913387689, -0.7043813053381205</translation><rotation><c1>0, 0, 0</c1><c2>0, 0, 0</c2><c3>0, 0, 0</c3></rotation></pose><symmetry><x>twoFold</x><y>cylindrical</y><z>twoFold</z></symmetry><detectionScore>-1.0</detectionScore></element><element><id>17</id><category>wall</category><bounds><corner1>-0.09862431526155557, -0.6778401616754852, -0.9500449529739569</corner1><corner2>0.09862431526155557, 0.6778401616754852, 0.9500449529739569</corner2></bounds><pose><translation>-3.932052872073537, 6.56551282809912, -0.019467448624203784</translation><rotation><c1>0, 0, 0</c1><c2>0, 0, 0</c2><c3>0, 0, 0</c3></rotation></pose><symmetry><x>twoFold</x><y>cylindrical</y><z>twoFold</z></symmetry><detectionScore>-1.0</detectionScore></element><element><id>18</id><category>wall</category><bounds><corner1>-3.038932501611994, -0.20826106686279822, -1.3008001424659235</corner1><corner2>3.038932501611994, 0.20826106686279822, 1.3008001424659235</corner2></bounds><pose><translation>-0.38041598427656126, 10.637117462874862, -0.05262221374738633</translation><rotation><c1>0, 0, 0</c1><c2>0, 0, 0</c2><c3>0, 0, 0</c3></rotation></pose><symmetry><x>twoFold</x><y>cylindrical</y><z>twoFold</z></symmetry><detectionScore>-1.0</detectionScore></element><element><id>19</id><category>window</category><bounds><corner1>-0.12194191149642375, -1.9672996578967714, -0.6925898284759577</corner1><corner2>0.12194191149642375, 1.9672996578967714, 0.6925898284759577</corner2></bounds><pose><translation>-3.937043192162347, 6.788910269996056, 0.18185423884439356</translation><rotation><c1>0, 0, 0</c1><c2>0, 0, 0</c2><c3>0, 0, 0</c3></rotation></pose><symmetry><x>twoFold</x><y>cylindrical</y><z>twoFold</z></symmetry><detectionScore>-1.0</detectionScore></element><element><id>20</id><category>armchair</category><bounds><corner1>-1.7058465723173957, -4.1201494262522775, -0.6731596452318944</corner1><corner2>1.7058465723173957, 4.1201494262522775, 0.6731596452318944</corner2></bounds><pose><translation>-0.1310215830156256, 2.694054467548225, -1.3066604554491676</translation><rotation><c1>0, 0, 0</c1><c2>0, 0, 0</c2><c3>0, 0, 0</c3></rotation></pose><symmetry><x>twoFold</x><y>cylindrical</y><z>twoFold</z></symmetry><detectionScore>-1.0</detectionScore></element><element><id>21</id><category>sofa</category><bounds><corner1>-1.911661719063349, -6.8995719101353155, -0.8422104425017103</corner1><corner2>1.911661719063349, 6.8995719101353155, 0.8422104425017103</corner2></bounds><pose><translation>-0.42222543124221606, 3.4078033076285417, -1.4221679186260874</translation><rotation><c1>0, 0, 0</c1><c2>0, 0, 0</c2><c3>0, 0, 0</c3></rotation></pose><symmetry><x>twoFold</x><y>cylindrical</y><z>twoFold</z></symmetry><detectionScore>-1.0</detectionScore></element><element><id>22</id><category>sofa</category><bounds><corner1>-0.4225186105989511, -1.1820552946291754, -0.8229571543180529</corner1><corner2>0.4225186105989511, 1.1820552946291754, 0.8229571543180529</corner2></bounds><pose><translation>-2.5278858279159317, 0.606996308202524, -1.1460871049629846</translation><rotation><c1>0, 0, 0</c1><c2>0, 0, 0</c2><c3>0, 0, 0</c3></rotation></pose><symmetry><x>twoFold</x><y>cylindrical</y><z>twoFold</z></symmetry><detectionScore>-1.0</detectionScore></element></elements></scene>