<?xml version='1.0' encoding='utf-8'?>
<scene xmlns:sumo="https://www.sumochallenge.org"><version>2.0</version><categories><id>fb_categories_v1.0</id><url>https://sumochallenge.org/en/categories-1_0.json</url></categories><project_type>bounding_box</project_type><elements><element><id>4</id><category>floor_lamp</category><bounds><corner1>-0.0641164 , -0.82317384, -0.56487342</corner1><corner2>0.0641164 , 0.82317384, 0.56487342</corner2></bounds><pose><translation> 3.48023555, -0.80780745,  2.51700028</translation><rotation><c1>1., 0., 0.</c1><c2>0., 1., 0.</c2><c3>0., 0., 1.</c3></rotation></pose><symmetry><x>none</x><y>cylindrical</y><z>none</z></symmetry><detectionScore>0.99502194</detectionScore></element><element><id>1</id><category>plant</category><bounds><corner1>-0.44914031, -0.70082236, -1.01379778</corner1><corner2>0.44914031, 0.70082236, 1.01379778</corner2></bounds><pose><translation>-2.35641297, -0.93238573,  3.92182525</translation><rotation><c1>1., 0., 0.</c1><c2>0., 1., 0.</c2><c3>0., 0., 1.</c3></rotation></pose><symmetry><x>none</x><y>cylindrical</y><z>none</z></symmetry><detectionScore>0.99343854</detectionScore></element><element><id>5</id><category>shelving</category><bounds><corner1>-0.05593015, -1.05387521, -0.13046468</corner1><corner2>0.05593015, 1.05387521, 0.13046468</corner2></bounds><pose><translation>-1.6449691 , -0.39683707, -0.84568704</translation><rotation><c1>1., 0., 0.</c1><c2>0., 1., 0.</c2><c3>0., 0., 1.</c3></rotation></pose><symmetry><x>twoFold</x><y>twoFold</y><z>twoFold</z></symmetry><detectionScore>0.9255034</detectionScore></element><element><id>10</id><category>chandelier</category><bounds><corner1>-0.9232046 , -0.03565755, -2.33719552</corner1><corner2>0.9232046 , 0.03565755, 2.33719552</corner2></bounds><pose><translation>0.2305207 , 1.17112008, 1.92898295</translation><rotation><c1>1., 0., 0.</c1><c2>0., 1., 0.</c2><c3>0., 0., 1.</c3></rotation></pose><symmetry><x>none</x><y>cylindrical</y><z>none</z></symmetry><detectionScore>0.98712033</detectionScore></element><element><id>3</id><category>wall</category><bounds><corner1>-2.89391609, -1.19555794, -0.30282591</corner1><corner2>2.89391609, 1.19555794, 0.30282591</corner2></bounds><pose><translation> 0.31805178, -0.10256492,  4.91537108</translation><rotation><c1>1., 0., 0.</c1><c2>0., 1., 0.</c2><c3>0., 0., 1.</c3></rotation></pose><symmetry><x>none</x><y>twoFold</y><z>none</z></symmetry><detectionScore>0.98020774</detectionScore></element><element><id>2</id><category>armchair</category><bounds><corner1>-1.02786103, -0.15996065, -2.41862865</corner1><corner2>1.02786103, 0.15996065, 2.41862865</corner2></bounds><pose><translation> 0.42052118, -0.80389342,  1.24701473</translation><rotation><c1>1., 0., 0.</c1><c2>0., 1., 0.</c2><c3>0., 0., 1.</c3></rotation></pose><symmetry><x>none</x><y>none</y><z>none</z></symmetry><detectionScore>0.76479834</detectionScore></element><element><id>7</id><category>arch</category><bounds><corner1>-0.11973949, -1.26492341, -2.37036764</corner1><corner2>0.11973949, 1.26492341, 2.37036764</corner2></bounds><pose><translation>-2.67490412, -0.07975014,  1.41620412</translation><rotation><c1>1., 0., 0.</c1><c2>0., 1., 0.</c2><c3>0., 0., 1.</c3></rotation></pose><symmetry><x>none</x><y>twoFold</y><z>none</z></symmetry><detectionScore>0.96105707</detectionScore></element><element><id>9</id><category>loudspeaker</category><bounds><corner1>-0.98014886, -0.34455228, -0.51325698</corner1><corner2>0.98014886, 0.34455228, 0.51325698</corner2></bounds><pose><translation> 2.2380321 , -0.83897638, -0.86049978</translation><rotation><c1>1., 0., 0.</c1><c2>0., 1., 0.</c2><c3>0., 0., 1.</c3></rotation></pose><symmetry><x>none</x><y>fourFold</y><z>none</z></symmetry><detectionScore>0.9948645</detectionScore></element><element><id>11</id><category>window</category><bounds><corner1>-0.82548096, -0.63142693, -0.03697292</corner1><corner2>0.82548096, 0.63142693, 0.03697292</corner2></bounds><pose><translation> 0.02425734,  0.10141858, -1.08496886</translation><rotation><c1>1., 0., 0.</c1><c2>0., 1., 0.</c2><c3>0., 0., 1.</c3></rotation></pose><symmetry><x>none</x><y>twoFold</y><z>none</z></symmetry><detectionScore>0.76187813</detectionScore></element><element><id>6</id><category>wall</category><bounds><corner1>-5.06366693, -1.07970292, -2.61544333</corner1><corner2>5.06366693, 1.07970292, 2.61544333</corner2></bounds><pose><translation>-7.69758268, -0.14493597,  1.83441163</translation><rotation><c1>1., 0., 0.</c1><c2>0., 1., 0.</c2><c3>0., 0., 1.</c3></rotation></pose><symmetry><x>none</x><y>twoFold</y><z>none</z></symmetry><detectionScore>0.9012567</detectionScore></element></elements></scene>