<?xml version='1.0' encoding='utf-8'?>
<scene xmlns:sumo="https://www.sumochallenge.org"><version>2.0</version><categories><id>fb_categories_v1.0</id><url>https://sumochallenge.org/en/categories-1_0.json</url></categories><project_type>bounding_box</project_type><elements><element><id>12</id><category>kitchen_cabinet</category><bounds><corner1>-0.33377927, -1.1707335 , -0.85278397</corner1><corner2>0.33377927, 1.1707335 , 0.85278397</corner2></bounds><pose><translation>-1.19319966, -0.3670933 ,  2.2741336 </translation><rotation><c1>1., 0., 0.</c1><c2>0., 1., 0.</c2><c3>0., 0., 1.</c3></rotation></pose><symmetry><x>none</x><y>none</y><z>none</z></symmetry><detectionScore>-1</detectionScore></element><element><id>11</id><category>wall</category><bounds><corner1>-0.11534629, -1.28854367, -1.61136474</corner1><corner2>0.11534629, 1.28854367, 1.61136474</corner2></bounds><pose><translation> 5.4327484 , -0.24914919,  1.51686713</translation><rotation><c1>1., 0., 0.</c1><c2>0., 1., 0.</c2><c3>0., 0., 1.</c3></rotation></pose><symmetry><x>none</x><y>none</y><z>none</z></symmetry><detectionScore>-1</detectionScore></element><element><id>7</id><category>kitchen_cabinet</category><bounds><corner1>-0.49757555, -1.09065323, -0.33777481</corner1><corner2>0.49757555, 1.09065323, 0.33777481</corner2></bounds><pose><translation>-0.598272  , -0.36382693,  2.80804773</translation><rotation><c1>1., 0., 0.</c1><c2>0., 1., 0.</c2><c3>0., 0., 1.</c3></rotation></pose><symmetry><x>none</x><y>none</y><z>none</z></symmetry><detectionScore>-1</detectionScore></element><element><id>5</id><category>stairs</category><bounds><corner1>-2.34242344, -0.50395034, -1.39068461</corner1><corner2>2.34242344, 0.50395034, 1.39068461</corner2></bounds><pose><translation> 3.1678833 ,  0.69982817, -0.03216219</translation><rotation><c1>1., 0., 0.</c1><c2>0., 1., 0.</c2><c3>0., 0., 1.</c3></rotation></pose><symmetry><x>none</x><y>none</y><z>none</z></symmetry><detectionScore>-1</detectionScore></element><element><id>3</id><category>chair</category><bounds><corner1>-0.47285417, -0.07358958, -1.60682981</corner1><corner2>0.47285417, 0.07358958, 1.60682981</corner2></bounds><pose><translation> 0.46160343, -0.65825353,  1.30901029</translation><rotation><c1>1., 0., 0.</c1><c2>0., 1., 0.</c2><c3>0., 0., 1.</c3></rotation></pose><symmetry><x>none</x><y>none</y><z>none</z></symmetry><detectionScore>-1</detectionScore></element><element><id>9</id><category>plant</category><bounds><corner1>-1.74186313, -0.14034139, -1.86682984</corner1><corner2>1.74186313, 0.14034139, 1.86682984</corner2></bounds><pose><translation> 0.89042714, -0.64963401,  1.16104082</translation><rotation><c1>1., 0., 0.</c1><c2>0., 1., 0.</c2><c3>0., 0., 1.</c3></rotation></pose><symmetry><x>none</x><y>none</y><z>none</z></symmetry><detectionScore>-1</detectionScore></element><element><id>13</id><category>chandelier</category><bounds><corner1>-0.64734607, -0.02741756, -0.1910295 </corner1><corner2>0.64734607, 0.02741756, 0.1910295 </corner2></bounds><pose><translation> 0.45168564,  1.17989882, -1.56804359</translation><rotation><c1>1., 0., 0.</c1><c2>0., 1., 0.</c2><c3>0., 0., 1.</c3></rotation></pose><symmetry><x>none</x><y>none</y><z>none</z></symmetry><detectionScore>-1</detectionScore></element><element><id>4</id><category>wall</category><bounds><corner1>-1.84859081, -1.11226172, -0.49201763</corner1><corner2>1.84859081, 1.11226172, 0.49201763</corner2></bounds><pose><translation> 0.5820955 , -0.1334482 , -3.28309362</translation><rotation><c1>1., 0., 0.</c1><c2>0., 1., 0.</c2><c3>0., 0., 1.</c3></rotation></pose><symmetry><x>none</x><y>none</y><z>none</z></symmetry><detectionScore>-1</detectionScore></element><element><id>2</id><category>coffee_table</category><bounds><corner1>-0.90054605, -0.02829532, -0.26896025</corner1><corner2>0.90054605, 0.02829532, 0.26896025</corner2></bounds><pose><translation> 0.531911  , -0.99216048, -1.71294109</translation><rotation><c1>1., 0., 0.</c1><c2>0., 1., 0.</c2><c3>0., 0., 1.</c3></rotation></pose><symmetry><x>none</x><y>none</y><z>none</z></symmetry><detectionScore>-1</detectionScore></element><element><id>1</id><category>kitchen_cabinet</category><bounds><corner1>-0.31603404, -1.10301544, -0.34736458</corner1><corner2>0.31603404, 1.10301544, 0.34736458</corner2></bounds><pose><translation>-1.30103099, -0.03519657,  0.41988191</translation><rotation><c1>1., 0., 0.</c1><c2>0., 1., 0.</c2><c3>0., 0., 1.</c3></rotation></pose><symmetry><x>none</x><y>none</y><z>none</z></symmetry><detectionScore>-1</detectionScore></element><element><id>8</id><category>television</category><bounds><corner1>-0.0491634 , -0.28925434, -0.46644553</corner1><corner2>0.0491634 , 0.28925434, 0.46644553</corner2></bounds><pose><translation> 2.55781105, -0.80432216, -2.04137236</translation><rotation><c1>1., 0., 0.</c1><c2>0., 1., 0.</c2><c3>0., 0., 1.</c3></rotation></pose><symmetry><x>none</x><y>none</y><z>none</z></symmetry><detectionScore>-1</detectionScore></element></elements></scene>