<?xml version='1.0' encoding='utf-8'?>
<scene xmlns:sumo="https://www.sumochallenge.org"><version>2.0</version><categories><id>fb_categories_v1_0</id><url>https://sumochallenge.org/en/categories-1_0.json</url></categories><project_type>bounding_box</project_type><elements><element><id>0</id><category>wall</category><bounds><corner1>-1.1279016127376238, -0.1167770775897159, -1.4657426040171126</corner1><corner2>1.1279016127376238, 0.1167770775897159, 1.4657426040171126</corner2></bounds><pose><translation>-5.007468648082103, 3.3573017831937024, -0.13438921202736379</translation><rotation><c1>0, 0, 0</c1><c2>0, 0, 0</c2><c3>0, 0, 0</c3></rotation></pose><symmetry><x>twoFold</x><y>cylindrical</y><z>twoFold</z></symmetry><detectionScore>-1.0</detectionScore></element><element><id>1</id><category>sofa</category><bounds><corner1>-2.914807240896311, -1.2504776139824552, -0.7673172355282718</corner1><corner2>2.914807240896311, 1.2504776139824552, 0.7673172355282718</corner2></bounds><pose><translation>-6.794520178572139, -3.8876418779068223, -1.0627069841211825</translation><rotation><c1>0, 0, 0</c1><c2>0, 0, 0</c2><c3>0, 0, 0</c3></rotation></pose><symmetry><x>twoFold</x><y>cylindrical</y><z>twoFold</z></symmetry><detectionScore>-1.0</detectionScore></element><element><id>2</id><category>wall</category><bounds><corner1>-2.505202858846525, -3.002049046149092, -1.5026796880335405</corner1><corner2>2.505202858846525, 3.002049046149092, 1.5026796880335405</corner2></bounds><pose><translation>-1.0215667731272953, -5.748690669799576, -0.23412260757223297</translation><rotation><c1>0, 0, 0</c1><c2>0, 0, 0</c2><c3>0, 0, 0</c3></rotation></pose><symmetry><x>twoFold</x><y>cylindrical</y><z>twoFold</z></symmetry><detectionScore>-1.0</detectionScore></element><element><id>3</id><category>rug</category><bounds><corner1>-1.156411955882948, -2.5045129228382748, -0.47821712630478774</corner1><corner2>1.156411955882948, 2.5045129228382748, 0.47821712630478774</corner2></bounds><pose><translation>-2.546487002840785, 3.724801008049502, -1.2857811987005558</translation><rotation><c1>0, 0, 0</c1><c2>0, 0, 0</c2><c3>0, 0, 0</c3></rotation></pose><symmetry><x>twoFold</x><y>cylindrical</y><z>twoFold</z></symmetry><detectionScore>-1.0</detectionScore></element><element><id>4</id><category>refrigerator</category><bounds><corner1>-1.7540068528164277, -2.824471869313686, -1.0905049981602608</corner1><corner2>1.7540068528164277, 2.824471869313686, 1.0905049981602608</corner2></bounds><pose><translation>-2.960010383282292, -5.123698650480884, -0.6453261091397084</translation><rotation><c1>0, 0, 0</c1><c2>0, 0, 0</c2><c3>0, 0, 0</c3></rotation></pose><symmetry><x>twoFold</x><y>cylindrical</y><z>twoFold</z></symmetry><detectionScore>-1.0</detectionScore></element><element><id>5</id><category>wall</category><bounds><corner1>-0.8768341907518817, -2.556161438975102, -1.286010411873092</corner1><corner2>0.8768341907518817, 2.556161438975102, 1.286010411873092</corner2></bounds><pose><translation>-2.8019805273035834, 4.055542151040301, -0.00587182788911382</translation><rotation><c1>0, 0, 0</c1><c2>0, 0, 0</c2><c3>0, 0, 0</c3></rotation></pose><symmetry><x>twoFold</x><y>cylindrical</y><z>twoFold</z></symmetry><detectionScore>-1.0</detectionScore></element><element><id>6</id><category>wall</category><bounds><corner1>-9.075469254052106, -4.297019709781081, -1.317435436139427</corner1><corner2>9.075469254052106, 4.297019709781081, 1.317435436139427</corner2></bounds><pose><translation>-9.075469254052106, -1.231643412111969, -0.08334698674355638</translation><rotation><c1>0, 0, 0</c1><c2>0, 0, 0</c2><c3>0, 0, 0</c3></rotation></pose><symmetry><x>twoFold</x><y>cylindrical</y><z>twoFold</z></symmetry><detectionScore>-1.0</detectionScore></element><element><id>7</id><category>toilet</category><bounds><corner1>-1.109519659960811, -0.5157321581084764, -0.41894538025388195</corner1><corner2>1.109519659960811, 0.5157321581084764, 0.41894538025388195</corner2></bounds><pose><translation>-3.6319129703983717, 5.341788529973506, -0.789069931453515</translation><rotation><c1>0, 0, 0</c1><c2>0, 0, 0</c2><c3>0, 0, 0</c3></rotation></pose><symmetry><x>twoFold</x><y>cylindrical</y><z>twoFold</z></symmetry><detectionScore>-1.0</detectionScore></element><element><id>8</id><category>gym_equipment</category><bounds><corner1>-0.21428710768798132, -2.258410907706046, -0.34005577106281276</corner1><corner2>0.21428710768798132, 2.258410907706046, 0.34005577106281276</corner2></bounds><pose><translation>-2.7443371637180456, 3.5531387042773988, -0.4245090564291517</translation><rotation><c1>0, 0, 0</c1><c2>0, 0, 0</c2><c3>0, 0, 0</c3></rotation></pose><symmetry><x>twoFold</x><y>cylindrical</y><z>twoFold</z></symmetry><detectionScore>-1.0</detectionScore></element><element><id>9</id><category>wall</category><bounds><corner1>-2.097053708833158, -2.6904334320420036, -1.4684633537552647</corner1><corner2>2.097053708833158, 2.6904334320420036, 1.4684633537552647</corner2></bounds><pose><translation>-0.3786115859200981, 3.574298498814284, -0.12074820855525077</translation><rotation><c1>0, 0, 0</c1><c2>0, 0, 0</c2><c3>0, 0, 0</c3></rotation></pose><symmetry><x>twoFold</x><y>cylindrical</y><z>twoFold</z></symmetry><detectionScore>-1.0</detectionScore></element><element><id>10</id><category>table_and_chair</category><bounds><corner1>-0.9265884941385423, -1.7978682519956235, -0.7333827786715478</corner1><corner2>0.9265884941385423, 1.7978682519956235, 0.7333827786715478</corner2></bounds><pose><translation>-6.266096365031249, 0.4431080281626205, -1.353955662905073</translation><rotation><c1>0, 0, 0</c1><c2>0, 0, 0</c2><c3>0, 0, 0</c3></rotation></pose><symmetry><x>twoFold</x><y>cylindrical</y><z>twoFold</z></symmetry><detectionScore>-1.0</detectionScore></element><element><id>11</id><category>door</category><bounds><corner1>-0.30945612079562546, -2.1302462547512833, -0.8105382755504684</corner1><corner2>0.30945612079562546, 2.1302462547512833, 0.8105382755504684</corner2></bounds><pose><translation>-2.8447045534787128, 3.505051482335228, -0.23567980379345768</translation><rotation><c1>0, 0, 0</c1><c2>0, 0, 0</c2><c3>0, 0, 0</c3></rotation></pose><symmetry><x>twoFold</x><y>cylindrical</y><z>twoFold</z></symmetry><detectionScore>-1.0</detectionScore></element><element><id>12</id><category>switch</category><bounds><corner1>-0.8705208368449211, -0.042712824988053955, -0.10196512283644904</corner1><corner2>0.8705208368449211, 0.042712824988053955, 0.10196512283644904</corner2></bounds><pose><translation>1.8736452810394193, -1.1085391570257863, -0.4801339790101634</translation><rotation><c1>0, 0, 0</c1><c2>0, 0, 0</c2><c3>0, 0, 0</c3></rotation></pose><symmetry><x>twoFold</x><y>cylindrical</y><z>twoFold</z></symmetry><detectionScore>-1.0</detectionScore></element><element><id>13</id><category>shoes_cabinet</category><bounds><corner1>-0.06867723701557638, -0.8254850762673104, -0.15418666453382102</corner1><corner2>0.06867723701557638, 0.8254850762673104, 0.15418666453382102</corner2></bounds><pose><translation>1.853512791985804, -0.21623887111730725, -1.3818720151366546</translation><rotation><c1>0, 0, 0</c1><c2>0, 0, 0</c2><c3>0, 0, 0</c3></rotation></pose><symmetry><x>twoFold</x><y>cylindrical</y><z>twoFold</z></symmetry><detectionScore>-1.0</detectionScore></element><element><id>14</id><category>door</category><bounds><corner1>-9.112013005970201, -1.7572613954049374, -0.9494640069671931</corner1><corner2>9.112013005970201, 1.7572613954049374, 0.9494640069671931</corner2></bounds><pose><translation>-9.112013005970201, -1.7572613954049374, -0.2377835396278954</translation><rotation><c1>0, 0, 0</c1><c2>0, 0, 0</c2><c3>0, 0, 0</c3></rotation></pose><symmetry><x>twoFold</x><y>cylindrical</y><z>twoFold</z></symmetry><detectionScore>-1.0</detectionScore></element><element><id>15</id><category>wall</category><bounds><corner1>-0.07724089440576698, -0.2766811405321299, -1.341254793698783</corner1><corner2>0.07724089440576698, 0.2766811405321299, 1.341254793698783</corner2></bounds><pose><translation>-3.916578755798004, -2.9845479966988764, -0.09711350144043857</translation><rotation><c1>0, 0, 0</c1><c2>0, 0, 0</c2><c3>0, 0, 0</c3></rotation></pose><symmetry><x>twoFold</x><y>cylindrical</y><z>twoFold</z></symmetry><detectionScore>-1.0</detectionScore></element><element><id>16</id><category>wall</category><bounds><corner1>-4.962118862089677, -2.261556316559541, -1.3086957108420674</corner1><corner2>4.962118862089677, 2.261556316559541, 1.3086957108420674</corner2></bounds><pose><translation>-9.002292394563154, -5.015906602474661, -0.06164169623936488</translation><rotation><c1>0, 0, 0</c1><c2>0, 0, 0</c2><c3>0, 0, 0</c3></rotation></pose><symmetry><x>twoFold</x><y>cylindrical</y><z>twoFold</z></symmetry><detectionScore>-1.0</detectionScore></element><element><id>17</id><category>table_and_chair</category><bounds><corner1>-1.0992038369180541, -0.44795346368997846, -0.6408232820075486</corner1><corner2>1.0992038369180541, 0.44795346368997846, 0.6408232820075486</corner2></bounds><pose><translation>-1.7066750526468457, -2.699093342046399, -1.2854887512678084</translation><rotation><c1>0, 0, 0</c1><c2>0, 0, 0</c2><c3>0, 0, 0</c3></rotation></pose><symmetry><x>twoFold</x><y>cylindrical</y><z>twoFold</z></symmetry><detectionScore>-1.0</detectionScore></element><element><id>18</id><category>ironing_board</category><bounds><corner1>-0.4185102851608604, -1.0579620031889547, -0.9820896243394337</corner1><corner2>0.4185102851608604, 1.0579620031889547, 0.9820896243394337</corner2></bounds><pose><translation>1.425591284546411, 2.531616672288554, -1.5462635738102035</translation><rotation><c1>0, 0, 0</c1><c2>0, 0, 0</c2><c3>0, 0, 0</c3></rotation></pose><symmetry><x>twoFold</x><y>cylindrical</y><z>twoFold</z></symmetry><detectionScore>-1.0</detectionScore></element><element><id>19</id><category>washer</category><bounds><corner1>-0.4633810901921801, -0.6525336333166103, -0.4885310322847718</corner1><corner2>0.4633810901921801, 0.6525336333166103, 0.4885310322847718</corner2></bounds><pose><translation>-0.03718768647864364, 2.9658230240542522, -1.10135618602996</translation><rotation><c1>0, 0, 0</c1><c2>0, 0, 0</c2><c3>0, 0, 0</c3></rotation></pose><symmetry><x>twoFold</x><y>cylindrical</y><z>twoFold</z></symmetry><detectionScore>-1.0</detectionScore></element><element><id>20</id><category>sofa</category><bounds><corner1>-0.4109438371479728, -0.25696987958707007, -0.5443833469330477</corner1><corner2>0.4109438371479728, 0.25696987958707007, 0.5443833469330477</corner2></bounds><pose><translation>-6.646097397595824, -3.9369193803243245, -0.9886003481233763</translation><rotation><c1>0, 0, 0</c1><c2>0, 0, 0</c2><c3>0, 0, 0</c3></rotation></pose><symmetry><x>twoFold</x><y>cylindrical</y><z>twoFold</z></symmetry><detectionScore>-1.0</detectionScore></element><element><id>21</id><category>window</category><bounds><corner1>-0.06745181301966863, -0.7143715211851855, -0.8400356962477199</corner1><corner2>0.06745181301966863, 0.7143715211851855, 0.8400356962477199</corner2></bounds><pose><translation>1.6758855093405165, -4.709156858971422, 0.019973900257218163</translation><rotation><c1>0, 0, 0</c1><c2>0, 0, 0</c2><c3>0, 0, 0</c3></rotation></pose><symmetry><x>twoFold</x><y>cylindrical</y><z>twoFold</z></symmetry><detectionScore>-1.0</detectionScore></element><element><id>22</id><category>door</category><bounds><corner1>-1.013043468160845, -2.7546043813944845, -1.6758219631231959</corner1><corner2>1.013043468160845, 2.7546043813944845, 1.6758219631231959</corner2></bounds><pose><translation>-2.4979601003951655, 3.808175582407654, -0.4142337960286088</translation><rotation><c1>0, 0, 0</c1><c2>0, 0, 0</c2><c3>0, 0, 0</c3></rotation></pose><symmetry><x>twoFold</x><y>cylindrical</y><z>twoFold</z></symmetry><detectionScore>-1.0</detectionScore></element><element><id>23</id><category>chair</category><bounds><corner1>-0.3498931242680088, -0.8780521826864405, -0.8656092162644986</corner1><corner2>0.3498931242680088, 0.8780521826864405, 0.8656092162644986</corner2></bounds><pose><translation>1.4514771745317725, 2.718752311673728, -1.3756864617931455</translation><rotation><c1>0, 0, 0</c1><c2>0, 0, 0</c2><c3>0, 0, 0</c3></rotation></pose><symmetry><x>twoFold</x><y>cylindrical</y><z>twoFold</z></symmetry><detectionScore>-1.0</detectionScore></element><element><id>24</id><category>plant</category><bounds><corner1>-0.24702147162505472, -2.2467991333392745, -0.4329537046038311</corner1><corner2>0.24702147162505472, 2.2467991333392745, 0.4329537046038311</corner2></bounds><pose><translation>-2.7793375960955196, 3.5289126154444577, -0.2798023115588399</translation><rotation><c1>0, 0, 0</c1><c2>0, 0, 0</c2><c3>0, 0, 0</c3></rotation></pose><symmetry><x>twoFold</x><y>cylindrical</y><z>twoFold</z></symmetry><detectionScore>-1.0</detectionScore></element><element><id>25</id><category>wall</category><bounds><corner1>-5.01947518098943, -3.0023590048603803, -1.3450899019528253</corner1><corner2>5.01947518098943, 3.0023590048603803, 1.3450899019528253</corner2></bounds><pose><translation>-8.915454582556492, -5.701121403173476, -0.09734997221483091</translation><rotation><c1>0, 0, 0</c1><c2>0, 0, 0</c2><c3>0, 0, 0</c3></rotation></pose><symmetry><x>twoFold</x><y>cylindrical</y><z>twoFold</z></symmetry><detectionScore>-1.0</detectionScore></element></elements></scene>