<?xml version='1.0' encoding='utf-8'?>
<scene xmlns:sumo="https://www.sumochallenge.org"><version>2.0</version><categories><id>fb_categories_v1_0</id><url>https://sumochallenge.org/en/categories-1_0.json</url></categories><project_type>bounding_box</project_type><elements><element><id>0</id><category>wall</category><bounds><corner1>-1.6018230874923884, -0.6216386839235593, -1.411413415209947</corner1><corner2>1.6018230874923884, 0.6216386839235593, 1.411413415209947</corner2></bounds><pose><translation>-0.24668693867619204, 1.949621134686829, -0.013278362624971778</translation><rotation><c1>0, 0, 0</c1><c2>0, 0, 0</c2><c3>0, 0, 0</c3></rotation></pose><symmetry><x>twoFold</x><y>cylindrical</y><z>twoFold</z></symmetry><detectionScore>-1.0</detectionScore></element><element><id>1</id><category>chandelier</category><bounds><corner1>-0.43872647537833864, -0.41620089296322743, -0.09756221897680462</corner1><corner2>0.43872647537833864, 0.41620089296322743, 0.09756221897680462</corner2></bounds><pose><translation>-1.9781261669328274, -0.6952487403860762, 1.4078142799517512</translation><rotation><c1>0, 0, 0</c1><c2>0, 0, 0</c2><c3>0, 0, 0</c3></rotation></pose><symmetry><x>twoFold</x><y>cylindrical</y><z>twoFold</z></symmetry><detectionScore>-1.0</detectionScore></element><element><id>2</id><category>wall</category><bounds><corner1>-0.6547899670565569, -0.19605368539940482, -0.41815153083962403</corner1><corner2>0.6547899670565569, 0.19605368539940482, 0.41815153083962403</corner2></bounds><pose><translation>-1.929578178316364, -3.3419299397770956, 0.03572765756492868</translation><rotation><c1>0, 0, 0</c1><c2>0, 0, 0</c2><c3>0, 0, 0</c3></rotation></pose><symmetry><x>twoFold</x><y>cylindrical</y><z>twoFold</z></symmetry><detectionScore>-1.0</detectionScore></element><element><id>3</id><category>wall</category><bounds><corner1>-4.860077960569414, -2.4551078188327233, -0.8100465428970873</corner1><corner2>4.860077960569414, 2.4551078188327233, 0.8100465428970873</corner2></bounds><pose><translation>1.6224164620606787, -0.18913766799443232, -0.02657204116312769</translation><rotation><c1>0, 0, 0</c1><c2>0, 0, 0</c2><c3>0, 0, 0</c3></rotation></pose><symmetry><x>twoFold</x><y>cylindrical</y><z>twoFold</z></symmetry><detectionScore>-1.0</detectionScore></element><element><id>4</id><category>door</category><bounds><corner1>-0.4060507453215165, -0.9906472689568186, -1.0598150931332486</corner1><corner2>0.4060507453215165, 0.9906472689568186, 1.0598150931332486</corner2></bounds><pose><translation>-2.473008899429164, 1.7457334722825584, -0.31457561705826487</translation><rotation><c1>0, 0, 0</c1><c2>0, 0, 0</c2><c3>0, 0, 0</c3></rotation></pose><symmetry><x>twoFold</x><y>cylindrical</y><z>twoFold</z></symmetry><detectionScore>-1.0</detectionScore></element><element><id>5</id><category>door</category><bounds><corner1>-4.28388247227803, -1.7864787151497699, -1.14057538484796</corner1><corner2>4.28388247227803, 1.7864787151497699, 1.14057538484796</corner2></bounds><pose><translation>1.6454016492394434, 0.560358029875009, -0.03646261692944487</translation><rotation><c1>0, 0, 0</c1><c2>0, 0, 0</c2><c3>0, 0, 0</c3></rotation></pose><symmetry><x>twoFold</x><y>cylindrical</y><z>twoFold</z></symmetry><detectionScore>-1.0</detectionScore></element><element><id>6</id><category>desk</category><bounds><corner1>-0.34863673744822976, -0.4197505180892447, -0.5379883585472358</corner1><corner2>0.34863673744822976, 0.4197505180892447, 0.5379883585472358</corner2></bounds><pose><translation>1.0911684270923747, -1.6868429108059926, -0.860263909442248</translation><rotation><c1>0, 0, 0</c1><c2>0, 0, 0</c2><c3>0, 0, 0</c3></rotation></pose><symmetry><x>twoFold</x><y>cylindrical</y><z>twoFold</z></symmetry><detectionScore>-1.0</detectionScore></element><element><id>7</id><category>television</category><bounds><corner1>-0.5419065598076165, -0.06797845482675902, -0.3712735895821757</corner1><corner2>0.5419065598076165, 0.06797845482675902, 0.3712735895821757</corner2></bounds><pose><translation>-1.176221444652176, -3.3454727877312145, 0.6465752881264815</translation><rotation><c1>0, 0, 0</c1><c2>0, 0, 0</c2><c3>0, 0, 0</c3></rotation></pose><symmetry><x>twoFold</x><y>cylindrical</y><z>twoFold</z></symmetry><detectionScore>-1.0</detectionScore></element><element><id>8</id><category>window</category><bounds><corner1>-0.12176720762733684, -1.1975331360201156, -0.8342421212670116</corner1><corner2>0.12176720762733684, 1.1975331360201156, 0.8342421212670116</corner2></bounds><pose><translation>-4.410835261131982, -0.5449153259176658, 0.05694254347776341</translation><rotation><c1>0, 0, 0</c1><c2>0, 0, 0</c2><c3>0, 0, 0</c3></rotation></pose><symmetry><x>twoFold</x><y>cylindrical</y><z>twoFold</z></symmetry><detectionScore>-1.0</detectionScore></element><element><id>9</id><category>computer</category><bounds><corner1>-0.3150077051830926, -0.3375439223227472, -0.5196200399743223</corner1><corner2>0.3150077051830926, 0.3375439223227472, 0.5196200399743223</corner2></bounds><pose><translation>1.1279178255731634, -1.7594026439174317, -0.6450144543197942</translation><rotation><c1>0, 0, 0</c1><c2>0, 0, 0</c2><c3>0, 0, 0</c3></rotation></pose><symmetry><x>twoFold</x><y>cylindrical</y><z>twoFold</z></symmetry><detectionScore>-1.0</detectionScore></element><element><id>10</id><category>wall</category><bounds><corner1>-0.8310874137438358, -2.77342563669005, -1.452671102258369</corner1><corner2>0.8310874137438358, 2.77342563669005, 1.452671102258369</corner2></bounds><pose><translation>-4.337480160320632, -0.579652290393004, -0.14967212968974952</translation><rotation><c1>0, 0, 0</c1><c2>0, 0, 0</c2><c3>0, 0, 0</c3></rotation></pose><symmetry><x>twoFold</x><y>cylindrical</y><z>twoFold</z></symmetry><detectionScore>-1.0</detectionScore></element><element><id>11</id><category>shelving</category><bounds><corner1>-0.24789717462176153, -0.7583141745858437, -1.0151043604135928</corner1><corner2>0.24789717462176153, 0.7583141745858437, 1.0151043604135928</corner2></bounds><pose><translation>1.0912328393964286, -2.5948274294190985, -0.42013150447406933</translation><rotation><c1>0, 0, 0</c1><c2>0, 0, 0</c2><c3>0, 0, 0</c3></rotation></pose><symmetry><x>twoFold</x><y>cylindrical</y><z>twoFold</z></symmetry><detectionScore>-1.0</detectionScore></element></elements></scene>