<?xml version='1.0' encoding='utf-8'?>
<scene xmlns:sumo="https://www.sumochallenge.org"><version>2.0</version><categories><id>fb_categories_v1.0</id><url>https://sumochallenge.org/en/categories-1_0.json</url></categories><project_type>bounding_box</project_type><elements><element><id>5</id><category>wall</category><bounds><corner1>-1.03804241, -0.89123389, -8.65959156</corner1><corner2>1.03804241, 0.89123389, 8.65959156</corner2></bounds><pose><translation>-1.29252585, -0.07368937,  4.44550675</translation><rotation><c1>1., 0., 0.</c1><c2>0., 1., 0.</c2><c3>0., 0., 1.</c3></rotation></pose><symmetry><x>none</x><y>twoFold</y><z>none</z></symmetry><detectionScore>0.88253814</detectionScore></element><element><id>10</id><category>window</category><bounds><corner1>-2.03344977, -0.87688864, -3.26547132</corner1><corner2>2.03344977, 0.87688864, 3.26547132</corner2></bounds><pose><translation> 2.40791033,  0.15245615, -5.74654876</translation><rotation><c1>1., 0., 0.</c1><c2>0., 1., 0.</c2><c3>0., 0., 1.</c3></rotation></pose><symmetry><x>none</x><y>twoFold</y><z>none</z></symmetry><detectionScore>0.8972291</detectionScore></element><element><id>3</id><category>chandelier</category><bounds><corner1>-1.9037454 , -0.02487731, -0.98653649</corner1><corner2>1.9037454 , 0.02487731, 0.98653649</corner2></bounds><pose><translation>2.7221164 , 1.1960392 , 1.06850377</translation><rotation><c1>1., 0., 0.</c1><c2>0., 1., 0.</c2><c3>0., 0., 1.</c3></rotation></pose><symmetry><x>none</x><y>cylindrical</y><z>none</z></symmetry><detectionScore>0.98092127</detectionScore></element><element><id>4</id><category>chair</category><bounds><corner1>-2.37357985, -0.42446673, -0.40090759</corner1><corner2>2.37357985, 0.42446673, 0.40090759</corner2></bounds><pose><translation> 2.06704598, -1.11914765,  0.18046641</translation><rotation><c1>1., 0., 0.</c1><c2>0., 1., 0.</c2><c3>0., 0., 1.</c3></rotation></pose><symmetry><x>none</x><y>none</y><z>none</z></symmetry><detectionScore>0.9173625</detectionScore></element><element><id>19</id><category>wall</category><bounds><corner1>-0.80179953, -1.24869017, -2.25737929</corner1><corner2>0.80179953, 1.24869017, 2.25737929</corner2></bounds><pose><translation>-5.16924647, -0.11627135,  1.67902182</translation><rotation><c1>1., 0., 0.</c1><c2>0., 1., 0.</c2><c3>0., 0., 1.</c3></rotation></pose><symmetry><x>none</x><y>twoFold</y><z>none</z></symmetry><detectionScore>0.988531</detectionScore></element><element><id>12</id><category>kitchen_cabinet</category><bounds><corner1>-1.62601177, -0.32716165, -2.67547348</corner1><corner2>1.62601177, 0.32716165, 2.67547348</corner2></bounds><pose><translation> 2.70743034, -0.66970436, -5.03243704</translation><rotation><c1>1., 0., 0.</c1><c2>0., 1., 0.</c2><c3>0., 0., 1.</c3></rotation></pose><symmetry><x>none</x><y>none</y><z>none</z></symmetry><detectionScore>0.6485335</detectionScore></element><element><id>2</id><category>window</category><bounds><corner1>-0.09575541, -1.14284067, -1.07788073</corner1><corner2>0.09575541, 1.14284067, 1.07788073</corner2></bounds><pose><translation> 4.99722375, -0.07408706, -2.18006407</translation><rotation><c1>1., 0., 0.</c1><c2>0., 1., 0.</c2><c3>0., 0., 1.</c3></rotation></pose><symmetry><x>none</x><y>twoFold</y><z>none</z></symmetry><detectionScore>0.9777198</detectionScore></element><element><id>1</id><category>chair</category><bounds><corner1>-3.46775378, -0.02187378, -2.64801253</corner1><corner2>3.46775378, 0.02187378, 2.64801253</corner2></bounds><pose><translation> 2.07496374, -0.70925872,  1.35585399</translation><rotation><c1>1., 0., 0.</c1><c2>0., 1., 0.</c2><c3>0., 0., 1.</c3></rotation></pose><symmetry><x>none</x><y>none</y><z>none</z></symmetry><detectionScore>0.790317</detectionScore></element><element><id>13</id><category>door</category><bounds><corner1>-1.99666627, -0.94725667, -1.38961634</corner1><corner2>1.99666627, 0.94725667, 1.38961634</corner2></bounds><pose><translation> 4.67742935, -0.35277965,  1.13143803</translation><rotation><c1>1., 0., 0.</c1><c2>0., 1., 0.</c2><c3>0., 0., 1.</c3></rotation></pose><symmetry><x>twoFold</x><y>twoFold</y><z>twoFold</z></symmetry><detectionScore>0.9732132</detectionScore></element><element><id>14</id><category>door</category><bounds><corner1>-5.20772502, -1.27046788, -2.91257799</corner1><corner2>5.20772502, 1.27046788, 2.91257799</corner2></bounds><pose><translation> 4.9400915 , -0.48293802,  3.73066577</translation><rotation><c1>1., 0., 0.</c1><c2>0., 1., 0.</c2><c3>0., 0., 1.</c3></rotation></pose><symmetry><x>twoFold</x><y>twoFold</y><z>twoFold</z></symmetry><detectionScore>0.9842157</detectionScore></element><element><id>8</id><category>window</category><bounds><corner1>-0.65658545, -1.10439958, -0.07161416</corner1><corner2>0.65658545, 1.10439958, 0.07161416</corner2></bounds><pose><translation> 2.30077903, -0.17599734,  4.41799732</translation><rotation><c1>1., 0., 0.</c1><c2>0., 1., 0.</c2><c3>0., 0., 1.</c3></rotation></pose><symmetry><x>none</x><y>twoFold</y><z>none</z></symmetry><detectionScore>0.99369353</detectionScore></element><element><id>7</id><category>floor_lamp</category><bounds><corner1>-0.60765685, -1.60759851, -1.19469392</corner1><corner2>0.60765685, 1.60759851, 1.19469392</corner2></bounds><pose><translation>-1.38865221, -0.41921886,  3.26414624</translation><rotation><c1>1., 0., 0.</c1><c2>0., 1., 0.</c2><c3>0., 0., 1.</c3></rotation></pose><symmetry><x>none</x><y>cylindrical</y><z>none</z></symmetry><detectionScore>0.8239185</detectionScore></element><element><id>17</id><category>floor</category><bounds><corner1>-0.84476501, -0.76558719, -4.30177902</corner1><corner2>0.84476501, 0.76558719, 4.30177902</corner2></bounds><pose><translation>-0.13077117, -1.44264318,  4.91531141</translation><rotation><c1>1., 0., 0.</c1><c2>0., 1., 0.</c2><c3>0., 0., 1.</c3></rotation></pose><symmetry><x>twoFold</x><y>cylindrical</y><z>twoFold</z></symmetry><detectionScore>0.8286851</detectionScore></element></elements></scene>