<?xml version='1.0' encoding='utf-8'?>
<scene xmlns:sumo="https://www.sumochallenge.org"><version>2.0</version><categories><id>fb_categories_v1_0</id><url>https://sumochallenge.org/en/categories-1_0.json</url></categories><project_type>bounding_box</project_type><elements><element><id>0</id><category>window</category><bounds><corner1>-0.1374217310188538, -3.4570492964076767, -1.2555362716171918</corner1><corner2>0.1374217310188538, 3.4570492964076767, 1.2555362716171918</corner2></bounds><pose><translation>-1.0036203067193885, 0.775611109464366, 0.029282083658659433</translation><rotation><c1>0, 0, 0</c1><c2>0, 0, 0</c2><c3>0, 0, 0</c3></rotation></pose><symmetry><x>twoFold</x><y>cylindrical</y><z>twoFold</z></symmetry><detectionScore>-1.0</detectionScore></element><element><id>1</id><category>armchair</category><bounds><corner1>-1.183219746680965, -1.2003968517963473, -1.3467104866649076</corner1><corner2>1.183219746680965, 1.2003968517963473, 1.3467104866649076</corner2></bounds><pose><translation>0.7381493222138489, 3.1543443257880184, -1.3467104866649076</translation><rotation><c1>0, 0, 0</c1><c2>0, 0, 0</c2><c3>0, 0, 0</c3></rotation></pose><symmetry><x>twoFold</x><y>cylindrical</y><z>twoFold</z></symmetry><detectionScore>-1.0</detectionScore></element><element><id>2</id><category>game_table</category><bounds><corner1>-3.2997669559420117, -1.8238977723448149, -0.90787384091761</corner1><corner2>3.2997669559420117, 1.8238977723448149, 0.90787384091761</corner2></bounds><pose><translation>-4.207300569884293, 1.605168760707882, -1.0745527190523023</translation><rotation><c1>0, 0, 0</c1><c2>0, 0, 0</c2><c3>0, 0, 0</c3></rotation></pose><symmetry><x>twoFold</x><y>cylindrical</y><z>twoFold</z></symmetry><detectionScore>-1.0</detectionScore></element><element><id>3</id><category>rug</category><bounds><corner1>-1.44095545842747, -2.1229847826322876, -0.9450834223844133</corner1><corner2>1.44095545842747, 2.1229847826322876, 0.9450834223844133</corner2></bounds><pose><translation>-2.3262104551640013, 0.845233925939979, -1.2766016035181535</translation><rotation><c1>0, 0, 0</c1><c2>0, 0, 0</c2><c3>0, 0, 0</c3></rotation></pose><symmetry><x>twoFold</x><y>cylindrical</y><z>twoFold</z></symmetry><detectionScore>-1.0</detectionScore></element><element><id>4</id><category>chandelier</category><bounds><corner1>-0.7477734322497185, -1.9130433733764187, -0.09637206431217926</corner1><corner2>0.7477734322497185, 1.9130433733764187, 0.09637206431217926</corner2></bounds><pose><translation>-2.4874877489596017, 1.1661068052458647, 1.39194162353016</translation><rotation><c1>0, 0, 0</c1><c2>0, 0, 0</c2><c3>0, 0, 0</c3></rotation></pose><symmetry><x>twoFold</x><y>cylindrical</y><z>twoFold</z></symmetry><detectionScore>-1.0</detectionScore></element><element><id>5</id><category>wall</category><bounds><corner1>-2.3597451212515352, -1.4593640953645213, -1.5198925148878781</corner1><corner2>2.3597451212515352, 1.4593640953645213, 1.5198925148878781</corner2></bounds><pose><translation>0.1754841017575602, -3.100597243753691, -0.16615294016104618</translation><rotation><c1>0, 0, 0</c1><c2>0, 0, 0</c2><c3>0, 0, 0</c3></rotation></pose><symmetry><x>twoFold</x><y>cylindrical</y><z>twoFold</z></symmetry><detectionScore>-1.0</detectionScore></element><element><id>6</id><category>dining_table</category><bounds><corner1>-2.3480325828528446, -2.2554918209269856, -1.0353163004319734</corner1><corner2>2.3480325828528446, 2.2554918209269856, 1.0353163004319734</corner2></bounds><pose><translation>-3.237036319813769, 1.1234022806734405, -1.249648360925554</translation><rotation><c1>0, 0, 0</c1><c2>0, 0, 0</c2><c3>0, 0, 0</c3></rotation></pose><symmetry><x>twoFold</x><y>cylindrical</y><z>twoFold</z></symmetry><detectionScore>-1.0</detectionScore></element><element><id>7</id><category>wall</category><bounds><corner1>-5.11191576293434, -2.953234188635369, -1.2744286757248333</corner1><corner2>5.11191576293434, 2.953234188635369, 1.2744286757248333</corner2></bounds><pose><translation>-5.11191576293434, -2.953234188635369, -0.005202461474128627</translation><rotation><c1>0, 0, 0</c1><c2>0, 0, 0</c2><c3>0, 0, 0</c3></rotation></pose><symmetry><x>twoFold</x><y>cylindrical</y><z>twoFold</z></symmetry><detectionScore>-1.0</detectionScore></element><element><id>8</id><category>picture_frame</category><bounds><corner1>-0.08036757301754527, -0.6644051549582475, -0.720412980655943</corner1><corner2>0.08036757301754527, 0.6644051549582475, 0.720412980655943</corner2></bounds><pose><translation>2.4870506108328216, 3.1074915194632764, 0.0669430286936667</translation><rotation><c1>0, 0, 0</c1><c2>0, 0, 0</c2><c3>0, 0, 0</c3></rotation></pose><symmetry><x>twoFold</x><y>cylindrical</y><z>twoFold</z></symmetry><detectionScore>-1.0</detectionScore></element><element><id>9</id><category>window</category><bounds><corner1>-1.4243947193913433, -0.11180052572087185, -1.2354266097035582</corner1><corner2>1.4243947193913433, 0.11180052572087185, 1.2354266097035582</corner2></bounds><pose><translation>0.9343494511424116, 4.312413766371239, 0.021243811233284886</translation><rotation><c1>0, 0, 0</c1><c2>0, 0, 0</c2><c3>0, 0, 0</c3></rotation></pose><symmetry><x>twoFold</x><y>cylindrical</y><z>twoFold</z></symmetry><detectionScore>-1.0</detectionScore></element><element><id>10</id><category>chessboard</category><bounds><corner1>-0.8044645003318215, -0.31393771971488493, -0.059816458747056545</corner1><corner2>0.8044645003318215, 0.31393771971488493, 0.059816458747056545</corner2></bounds><pose><translation>-0.06937787171823803, -1.8479419518784905, -0.9032505617719158</translation><rotation><c1>0, 0, 0</c1><c2>0, 0, 0</c2><c3>0, 0, 0</c3></rotation></pose><symmetry><x>twoFold</x><y>cylindrical</y><z>twoFold</z></symmetry><detectionScore>-1.0</detectionScore></element><element><id>11</id><category>wall</category><bounds><corner1>-3.13560519200169, -0.16271204015850405, -1.3915583872982127</corner1><corner2>3.13560519200169, 0.16271204015850405, 1.3915583872982127</corner2></bounds><pose><translation>-0.6434608296318984, 4.241296999115852, -0.0647662655024329</translation><rotation><c1>0, 0, 0</c1><c2>0, 0, 0</c2><c3>0, 0, 0</c3></rotation></pose><symmetry><x>twoFold</x><y>cylindrical</y><z>twoFold</z></symmetry><detectionScore>-1.0</detectionScore></element><element><id>12</id><category>coffee_table</category><bounds><corner1>-2.321176839104228, -2.1029728501040483, -1.0281293934227556</corner1><corner2>2.321176839104228, 2.1029728501040483, 1.0281293934227556</corner2></bounds><pose><translation>-3.2370863210962924, 1.286340356390625, -1.2706602670419627</translation><rotation><c1>0, 0, 0</c1><c2>0, 0, 0</c2><c3>0, 0, 0</c3></rotation></pose><symmetry><x>twoFold</x><y>cylindrical</y><z>twoFold</z></symmetry><detectionScore>-1.0</detectionScore></element><element><id>13</id><category>wall</category><bounds><corner1>-2.8803852423560086, -3.3389239431772157, -1.381640300599427</corner1><corner2>2.8803852423560086, 3.3389239431772157, 1.381640300599427</corner2></bounds><pose><translation>-6.252912904374073, 0.5618102145346391, -0.15308815296451228</translation><rotation><c1>0, 0, 0</c1><c2>0, 0, 0</c2><c3>0, 0, 0</c3></rotation></pose><symmetry><x>twoFold</x><y>cylindrical</y><z>twoFold</z></symmetry><detectionScore>-1.0</detectionScore></element><element><id>14</id><category>plant</category><bounds><corner1>-0.6997042820551593, -0.7162187188156532, -0.7751619257219654</corner1><corner2>0.6997042820551593, 0.7162187188156532, 0.7751619257219654</corner2></bounds><pose><translation>-5.390119392989568, -3.598302208199042, -1.11728638714979</translation><rotation><c1>0, 0, 0</c1><c2>0, 0, 0</c2><c3>0, 0, 0</c3></rotation></pose><symmetry><x>twoFold</x><y>cylindrical</y><z>twoFold</z></symmetry><detectionScore>-1.0</detectionScore></element><element><id>15</id><category>window</category><bounds><corner1>-0.42968291520194146, -1.3601111403470696, -0.913070669044872</corner1><corner2>0.42968291520194146, 1.3601111403470696, 0.913070669044872</corner2></bounds><pose><translation>-6.318826853558473, -1.3169878902965373, 0.33064549635776275</translation><rotation><c1>0, 0, 0</c1><c2>0, 0, 0</c2><c3>0, 0, 0</c3></rotation></pose><symmetry><x>twoFold</x><y>cylindrical</y><z>twoFold</z></symmetry><detectionScore>-1.0</detectionScore></element><element><id>16</id><category>sofa</category><bounds><corner1>-2.032937580190959, -2.289809388479928, -1.0145987971997932</corner1><corner2>2.032937580190959, 2.289809388479928, 1.0145987971997932</corner2></bounds><pose><translation>-2.9725728861647904, 1.0624835336856238, -1.265117129834063</translation><rotation><c1>0, 0, 0</c1><c2>0, 0, 0</c2><c3>0, 0, 0</c3></rotation></pose><symmetry><x>twoFold</x><y>cylindrical</y><z>twoFold</z></symmetry><detectionScore>-1.0</detectionScore></element><element><id>17</id><category>plant</category><bounds><corner1>-5.0719051614954225, -2.946713260602103, -0.9427021079618014</corner1><corner2>5.0719051614954225, 2.946713260602103, 0.9427021079618014</corner2></bounds><pose><translation>-5.0719051614954225, -2.946713260602103, -0.9427021079618014</translation><rotation><c1>0, 0, 0</c1><c2>0, 0, 0</c2><c3>0, 0, 0</c3></rotation></pose><symmetry><x>twoFold</x><y>cylindrical</y><z>twoFold</z></symmetry><detectionScore>-1.0</detectionScore></element><element><id>18</id><category>picture_frame</category><bounds><corner1>-0.5741119899793705, -0.051006517849113475, -0.6132680214779375</corner1><corner2>0.5741119899793705, 0.051006517849113475, 0.6132680214779375</corner2></bounds><pose><translation>0.15006176043560304, -3.1195649345270504, 0.05753828913950059</translation><rotation><c1>0, 0, 0</c1><c2>0, 0, 0</c2><c3>0, 0, 0</c3></rotation></pose><symmetry><x>twoFold</x><y>cylindrical</y><z>twoFold</z></symmetry><detectionScore>-1.0</detectionScore></element><element><id>19</id><category>ottoman</category><bounds><corner1>-0.86980649101178, -0.2872024485515019, -0.06117578484986974</corner1><corner2>0.86980649101178, 0.2872024485515019, 0.06117578484986974</corner2></bounds><pose><translation>-0.05790011110391452, -1.7962168826627165, -0.9078173949078538</translation><rotation><c1>0, 0, 0</c1><c2>0, 0, 0</c2><c3>0, 0, 0</c3></rotation></pose><symmetry><x>twoFold</x><y>cylindrical</y><z>twoFold</z></symmetry><detectionScore>-1.0</detectionScore></element><element><id>20</id><category>plant</category><bounds><corner1>-0.40595172039515504, -1.2758754216905193, -1.0505726594475484</corner1><corner2>0.40595172039515504, 1.2758754216905193, 1.0505726594475484</corner2></bounds><pose><translation>2.244748982979435, -2.8261466994838607, -0.9803734069876185</translation><rotation><c1>0, 0, 0</c1><c2>0, 0, 0</c2><c3>0, 0, 0</c3></rotation></pose><symmetry><x>twoFold</x><y>cylindrical</y><z>twoFold</z></symmetry><detectionScore>-1.0</detectionScore></element><element><id>21</id><category>dining_table</category><bounds><corner1>-1.365532742103012, -0.5000504298601203, -0.2514955178394467</corner1><corner2>1.365532742103012, 0.5000504298601203, 0.2514955178394467</corner2></bounds><pose><translation>-0.04404104539887908, -1.691020193247326, -0.981047265413943</translation><rotation><c1>0, 0, 0</c1><c2>0, 0, 0</c2><c3>0, 0, 0</c3></rotation></pose><symmetry><x>twoFold</x><y>cylindrical</y><z>twoFold</z></symmetry><detectionScore>-1.0</detectionScore></element><element><id>22</id><category>plant</category><bounds><corner1>-0.3240804368908332, -0.4531056790490844, -1.0021242890509316</corner1><corner2>0.3240804368908332, 0.4531056790490844, 1.0021242890509316</corner2></bounds><pose><translation>2.214576745827652, 3.8879020831239073, -0.9056591508649106</translation><rotation><c1>0, 0, 0</c1><c2>0, 0, 0</c2><c3>0, 0, 0</c3></rotation></pose><symmetry><x>twoFold</x><y>cylindrical</y><z>twoFold</z></symmetry><detectionScore>-1.0</detectionScore></element><element><id>23</id><category>television</category><bounds><corner1>-0.8476556539882939, -0.22139482979258496, -0.5235171596221551</corner1><corner2>0.8476556539882939, 0.22139482979258496, 0.5235171596221551</corner2></bounds><pose><translation>-1.4808092645809152, 4.058852496078822, -0.6176766524558169</translation><rotation><c1>0, 0, 0</c1><c2>0, 0, 0</c2><c3>0, 0, 0</c3></rotation></pose><symmetry><x>twoFold</x><y>cylindrical</y><z>twoFold</z></symmetry><detectionScore>-1.0</detectionScore></element><element><id>24</id><category>armchair</category><bounds><corner1>-1.6464039305643805, -2.4049462482311004, -0.9594931736019489</corner1><corner2>1.6464039305643805, 2.4049462482311004, 0.9594931736019489</corner2></bounds><pose><translation>-2.599225661057833, 0.9308859265674678, -1.290477875133808</translation><rotation><c1>0, 0, 0</c1><c2>0, 0, 0</c2><c3>0, 0, 0</c3></rotation></pose><symmetry><x>twoFold</x><y>cylindrical</y><z>twoFold</z></symmetry><detectionScore>-1.0</detectionScore></element><element><id>25</id><category>coffee_table</category><bounds><corner1>-1.0878489268019849, -0.34537556765339383, -0.10183399773023671</corner1><corner2>1.0878489268019849, 0.34537556765339383, 0.10183399773023671</corner2></bounds><pose><translation>-0.04824939900929467, -1.6251204013707135, -0.9554580302708335</translation><rotation><c1>0, 0, 0</c1><c2>0, 0, 0</c2><c3>0, 0, 0</c3></rotation></pose><symmetry><x>twoFold</x><y>cylindrical</y><z>twoFold</z></symmetry><detectionScore>-1.0</detectionScore></element><element><id>26</id><category>clock</category><bounds><corner1>-0.07884794405933437, -0.19325591066029424, -0.197853248483561</corner1><corner2>0.07884794405933437, 0.19325591066029424, 0.197853248483561</corner2></bounds><pose><translation>2.6382885873638737, 1.1269280104008628, 0.8300416987412426</translation><rotation><c1>0, 0, 0</c1><c2>0, 0, 0</c2><c3>0, 0, 0</c3></rotation></pose><symmetry><x>twoFold</x><y>cylindrical</y><z>twoFold</z></symmetry><detectionScore>-1.0</detectionScore></element><element><id>27</id><category>chair</category><bounds><corner1>-0.6386334228185666, -0.5769934855114653, -0.38302393730244144</corner1><corner2>0.6386334228185666, 0.5769934855114653, 0.38302393730244144</corner2></bounds><pose><translation>-0.9041157417595873, -1.7368370883431266, -1.0024764969978532</translation><rotation><c1>0, 0, 0</c1><c2>0, 0, 0</c2><c3>0, 0, 0</c3></rotation></pose><symmetry><x>twoFold</x><y>cylindrical</y><z>twoFold</z></symmetry><detectionScore>-1.0</detectionScore></element><element><id>28</id><category>chair</category><bounds><corner1>-0.9692604183864222, -0.5985528979875401, -0.3995522846110193</corner1><corner2>0.9692604183864222, 0.5985528979875401, 0.3995522846110193</corner2></bounds><pose><translation>0.8282410238609468, -1.7623896377367907, -1.021257458678642</translation><rotation><c1>0, 0, 0</c1><c2>0, 0, 0</c2><c3>0, 0, 0</c3></rotation></pose><symmetry><x>twoFold</x><y>cylindrical</y><z>twoFold</z></symmetry><detectionScore>-1.0</detectionScore></element><element><id>29</id><category>toy</category><bounds><corner1>-1.0945610047446612, -0.6049144741858064, -0.9372898327777605</corner1><corner2>1.0945610047446612, 0.6049144741858064, 0.9372898327777605</corner2></bounds><pose><translation>2.62683957456952, -1.3711444760266567, -1.0792657779082369</translation><rotation><c1>0, 0, 0</c1><c2>0, 0, 0</c2><c3>0, 0, 0</c3></rotation></pose><symmetry><x>twoFold</x><y>cylindrical</y><z>twoFold</z></symmetry><detectionScore>-1.0</detectionScore></element><element><id>30</id><category>ceiling_fan</category><bounds><corner1>-0.5027782386747968, -1.7351342441832085, -0.0840160387151756</corner1><corner2>0.5027782386747968, 1.7351342441832085, 0.0840160387151756</corner2></bounds><pose><translation>-2.257002010263915, 1.0141580998612232, 1.4207721965148774</translation><rotation><c1>0, 0, 0</c1><c2>0, 0, 0</c2><c3>0, 0, 0</c3></rotation></pose><symmetry><x>twoFold</x><y>cylindrical</y><z>twoFold</z></symmetry><detectionScore>-1.0</detectionScore></element><element><id>31</id><category>arch</category><bounds><corner1>-4.469979685076486, -2.9978603295838058, -1.5661809924302625</corner1><corner2>4.469979685076486, 2.9978603295838058, 1.5661809924302625</corner2></bounds><pose><translation>-4.469979685076486, -2.9978603295838058, -0.2619786395698206</translation><rotation><c1>0, 0, 0</c1><c2>0, 0, 0</c2><c3>0, 0, 0</c3></rotation></pose><symmetry><x>twoFold</x><y>cylindrical</y><z>twoFold</z></symmetry><detectionScore>-1.0</detectionScore></element></elements></scene>