<?xml version='1.0' encoding='utf-8'?>
<scene xmlns:sumo="https://www.sumochallenge.org"><version>2.0</version><categories><id>fb_categories_v1.0</id><url>https://sumochallenge.org/en/categories-1_0.json</url></categories><project_type>bounding_box</project_type><elements><element><id>2</id><category>plant</category><bounds><corner1>-0.58813639, -1.18843044, -0.62097171</corner1><corner2>0.58813639, 1.18843044, 0.62097171</corner2></bounds><pose><translation>-3.86124825, -0.67852503, -1.55380909</translation><rotation><c1>1., 0., 0.</c1><c2>0., 1., 0.</c2><c3>0., 0., 1.</c3></rotation></pose><symmetry><x>none</x><y>cylindrical</y><z>none</z></symmetry><detectionScore>0.9968875</detectionScore></element><element><id>4</id><category>wall</category><bounds><corner1>-0.952394  , -1.21830264, -2.21261821</corner1><corner2>0.952394  , 1.21830264, 2.21261821</corner2></bounds><pose><translation>-4.32028766, -0.12153311, -1.4848365 </translation><rotation><c1>1., 0., 0.</c1><c2>0., 1., 0.</c2><c3>0., 0., 1.</c3></rotation></pose><symmetry><x>none</x><y>twoFold</y><z>none</z></symmetry><detectionScore>0.9756541</detectionScore></element><element><id>1</id><category>chandelier</category><bounds><corner1>-0.27733423, -0.0261761 , -0.21586042</corner1><corner2>0.27733423, 0.0261761 , 0.21586042</corner2></bounds><pose><translation>-0.6881145 ,  1.18168499, -1.96889843</translation><rotation><c1>1., 0., 0.</c1><c2>0., 1., 0.</c2><c3>0., 0., 1.</c3></rotation></pose><symmetry><x>none</x><y>cylindrical</y><z>none</z></symmetry><detectionScore>0.70734966</detectionScore></element><element><id>5</id><category>toilet</category><bounds><corner1>-0.30570106, -0.45465325, -0.31227826</corner1><corner2>0.30570106, 0.45465325, 0.31227826</corner2></bounds><pose><translation>-3.37781329, -1.12015063,  0.43133667</translation><rotation><c1>1., 0., 0.</c1><c2>0., 1., 0.</c2><c3>0., 0., 1.</c3></rotation></pose><symmetry><x>none</x><y>none</y><z>none</z></symmetry><detectionScore>0.9703591</detectionScore></element><element><id>3</id><category>curtain</category><bounds><corner1>-0.69832125, -1.09924196, -0.82131611</corner1><corner2>0.69832125, 1.09924196, 0.82131611</corner2></bounds><pose><translation>-4.37360881, -0.10146723, -0.52914484</translation><rotation><c1>1., 0., 0.</c1><c2>0., 1., 0.</c2><c3>0., 0., 1.</c3></rotation></pose><symmetry><x>none</x><y>twoFold</y><z>none</z></symmetry><detectionScore>0.64877355</detectionScore></element></elements></scene>