<?xml version='1.0' encoding='utf-8'?>
<scene xmlns:sumo="https://www.sumochallenge.org"><version>2.0</version><categories><id>fb_categories_v1.0</id><url>https://sumochallenge.org/en/categories-1_0.json</url></categories><project_type>bounding_box</project_type><elements><element><id>7</id><category>motorcycle</category><bounds><corner1>-3.28195376, -0.72671907, -0.92600473</corner1><corner2>3.28195376, 0.72671907, 0.92600473</corner2></bounds><pose><translation>-3.28195376, -0.72671907, -0.04225288</translation><rotation><c1>1., 0., 0.</c1><c2>0., 1., 0.</c2><c3>0., 0., 1.</c3></rotation></pose><symmetry><x>none</x><y>none</y><z>none</z></symmetry><detectionScore>-1</detectionScore></element><element><id>9</id><category>wall</category><bounds><corner1>-0.03197591, -1.15716813, -0.19391592</corner1><corner2>0.03197591, 1.15716813, 0.19391592</corner2></bounds><pose><translation> 1.73897441, -0.06661009, -0.11050973</translation><rotation><c1>1., 0., 0.</c1><c2>0., 1., 0.</c2><c3>0., 0., 1.</c3></rotation></pose><symmetry><x>none</x><y>none</y><z>none</z></symmetry><detectionScore>-1</detectionScore></element><element><id>5</id><category>motorcycle</category><bounds><corner1>-2.16604253, -0.94982101, -1.34145159</corner1><corner2>2.16604253, 0.94982101, 1.34145159</corner2></bounds><pose><translation>-2.16604253, -0.94982101,  0.37826458</translation><rotation><c1>1., 0., 0.</c1><c2>0., 1., 0.</c2><c3>0., 0., 1.</c3></rotation></pose><symmetry><x>none</x><y>none</y><z>none</z></symmetry><detectionScore>-1</detectionScore></element><element><id>12</id><category>wall</category><bounds><corner1>-1.9851582 , -1.31521187, -0.52437604</corner1><corner2>1.9851582 , 1.31521187, 0.52437604</corner2></bounds><pose><translation>-3.25917231, -0.26781992, -1.22492555</translation><rotation><c1>1., 0., 0.</c1><c2>0., 1., 0.</c2><c3>0., 0., 1.</c3></rotation></pose><symmetry><x>none</x><y>none</y><z>none</z></symmetry><detectionScore>-1</detectionScore></element><element><id>11</id><category>wall</category><bounds><corner1>-0.65199423, -1.25776497, -0.06236382</corner1><corner2>0.65199423, 1.25776497, 0.06236382</corner2></bounds><pose><translation>-2.09206442, -0.16110711, -3.2300875 </translation><rotation><c1>1., 0., 0.</c1><c2>0., 1., 0.</c2><c3>0., 0., 1.</c3></rotation></pose><symmetry><x>none</x><y>none</y><z>none</z></symmetry><detectionScore>-1</detectionScore></element><element><id>10</id><category>plant</category><bounds><corner1>-0.62041486, -0.65603866, -1.77415198</corner1><corner2>0.62041486, 0.65603866, 1.77415198</corner2></bounds><pose><translation> 4.25390912, -0.8240107 , -3.03745184</translation><rotation><c1>1., 0., 0.</c1><c2>0., 1., 0.</c2><c3>0., 0., 1.</c3></rotation></pose><symmetry><x>none</x><y>none</y><z>none</z></symmetry><detectionScore>-1</detectionScore></element><element><id>6</id><category>wall</category><bounds><corner1>-1.83765231, -1.18182838, -1.10535806</corner1><corner2>1.83765231, 1.18182838, 1.10535806</corner2></bounds><pose><translation> 3.06193852, -0.09902109, -1.07246085</translation><rotation><c1>1., 0., 0.</c1><c2>0., 1., 0.</c2><c3>0., 0., 1.</c3></rotation></pose><symmetry><x>none</x><y>none</y><z>none</z></symmetry><detectionScore>-1</detectionScore></element><element><id>13</id><category>wall</category><bounds><corner1>-0.70003614, -1.38049558, -0.55700212</corner1><corner2>0.70003614, 1.38049558, 0.55700212</corner2></bounds><pose><translation> 4.12656519, -0.19136759, -3.2370962 </translation><rotation><c1>1., 0., 0.</c1><c2>0., 1., 0.</c2><c3>0., 0., 1.</c3></rotation></pose><symmetry><x>none</x><y>none</y><z>none</z></symmetry><detectionScore>-1</detectionScore></element><element><id>3</id><category>door</category><bounds><corner1>-0.42567808, -0.65416098, -0.72416932</corner1><corner2>0.42567808, 0.65416098, 0.72416932</corner2></bounds><pose><translation> 0.80215708, -0.08402694,  1.78895727</translation><rotation><c1>1., 0., 0.</c1><c2>0., 1., 0.</c2><c3>0., 0., 1.</c3></rotation></pose><symmetry><x>none</x><y>none</y><z>none</z></symmetry><detectionScore>-1</detectionScore></element><element><id>2</id><category>door</category><bounds><corner1>-1.87982522, -1.32674953, -1.62832691</corner1><corner2>1.87982522, 1.32674953, 1.62832691</corner2></bounds><pose><translation>-3.29278217, -0.61902978, -2.54902708</translation><rotation><c1>1., 0., 0.</c1><c2>0., 1., 0.</c2><c3>0., 0., 1.</c3></rotation></pose><symmetry><x>none</x><y>none</y><z>none</z></symmetry><detectionScore>-1</detectionScore></element><element><id>8</id><category>wall</category><bounds><corner1>-1.00398164, -1.07876277, -0.47510847</corner1><corner2>1.00398164, 1.07876277, 0.47510847</corner2></bounds><pose><translation> 0.17222384, -0.08936286, -3.20792264</translation><rotation><c1>1., 0., 0.</c1><c2>0., 1., 0.</c2><c3>0., 0., 1.</c3></rotation></pose><symmetry><x>none</x><y>none</y><z>none</z></symmetry><detectionScore>-1</detectionScore></element><element><id>1</id><category>garage_door</category><bounds><corner1>-2.48191613, -0.95186338, -1.72163068</corner1><corner2>2.48191613, 0.95186338, 1.72163068</corner2></bounds><pose><translation>-2.48191613,  0.        ,  0.        </translation><rotation><c1>1., 0., 0.</c1><c2>0., 1., 0.</c2><c3>0., 0., 1.</c3></rotation></pose><symmetry><x>none</x><y>none</y><z>none</z></symmetry><detectionScore>-1</detectionScore></element><element><id>14</id><category>person</category><bounds><corner1>-2.27400169, -0.77140712, -0.31684362</corner1><corner2>2.27400169, 0.77140712, 0.31684362</corner2></bounds><pose><translation> 2.5840563 , -0.86875866, -1.13531318</translation><rotation><c1>1., 0., 0.</c1><c2>0., 1., 0.</c2><c3>0., 0., 1.</c3></rotation></pose><symmetry><x>none</x><y>none</y><z>none</z></symmetry><detectionScore>-1</detectionScore></element></elements></scene>