<?xml version='1.0' encoding='utf-8'?>
<scene xmlns:sumo="https://www.sumochallenge.org"><version>2.0</version><categories><id>fb_categories_v1_0</id><url>https://sumochallenge.org/en/categories-1_0.json</url></categories><project_type>bounding_box</project_type><elements><element><id>0</id><category>computer</category><bounds><corner1>-0.8719829460892259, -0.20227228751800452, -0.3595241980840098</corner1><corner2>0.8719829460892259, 0.20227228751800452, 0.3595241980840098</corner2></bounds><pose><translation>1.6739418333910392, 1.2960378895686946, -0.6878704054107759</translation><rotation><c1>0, 0, 0</c1><c2>0, 0, 0</c2><c3>0, 0, 0</c3></rotation></pose><symmetry><x>twoFold</x><y>cylindrical</y><z>twoFold</z></symmetry><detectionScore>-1.0</detectionScore></element><element><id>1</id><category>mirror</category><bounds><corner1>-0.5270045605645239, -0.047939557422724155, -1.056344125053382</corner1><corner2>0.5270045605645239, 0.047939557422724155, 1.056344125053382</corner2></bounds><pose><translation>-0.0015995977091325865, 1.6304532458609977, -0.4240989841374527</translation><rotation><c1>0, 0, 0</c1><c2>0, 0, 0</c2><c3>0, 0, 0</c3></rotation></pose><symmetry><x>twoFold</x><y>cylindrical</y><z>twoFold</z></symmetry><detectionScore>-1.0</detectionScore></element><element><id>2</id><category>chandelier</category><bounds><corner1>-0.6561393422089163, -0.1858899807261054, -0.06573684919240574</corner1><corner2>0.6561393422089163, 0.1858899807261054, 0.06573684919240574</corner2></bounds><pose><translation>2.140950067557336, -0.09121489487565154, 1.4648779305264399</translation><rotation><c1>0, 0, 0</c1><c2>0, 0, 0</c2><c3>0, 0, 0</c3></rotation></pose><symmetry><x>twoFold</x><y>cylindrical</y><z>twoFold</z></symmetry><detectionScore>-1.0</detectionScore></element><element><id>3</id><category>hanger</category><bounds><corner1>-0.6627205151609827, -0.18983956940207425, -0.860265855666253</corner1><corner2>0.6627205151609827, 0.18983956940207425, 0.860265855666253</corner2></bounds><pose><translation>-2.3531615190476796, -1.325240675090172, -0.8217652190472767</translation><rotation><c1>0, 0, 0</c1><c2>0, 0, 0</c2><c3>0, 0, 0</c3></rotation></pose><symmetry><x>twoFold</x><y>cylindrical</y><z>twoFold</z></symmetry><detectionScore>-1.0</detectionScore></element><element><id>4</id><category>pedestal_fan</category><bounds><corner1>-0.7344688513540294, -0.19506742037670088, -0.85582076348529</corner1><corner2>0.7344688513540294, 0.19506742037670088, 0.85582076348529</corner2></bounds><pose><translation>-2.4527520611792886, -1.3252887654415741, -0.8539202706945029</translation><rotation><c1>0, 0, 0</c1><c2>0, 0, 0</c2><c3>0, 0, 0</c3></rotation></pose><symmetry><x>twoFold</x><y>cylindrical</y><z>twoFold</z></symmetry><detectionScore>-1.0</detectionScore></element><element><id>5</id><category>floor_lamp</category><bounds><corner1>-0.40295804017175185, -0.1823825798735903, -0.7928035893852072</corner1><corner2>0.40295804017175185, 0.1823825798735903, 0.7928035893852072</corner2></bounds><pose><translation>-2.009394263719961, -1.3255224810355166, -0.8437292882717887</translation><rotation><c1>0, 0, 0</c1><c2>0, 0, 0</c2><c3>0, 0, 0</c3></rotation></pose><symmetry><x>twoFold</x><y>cylindrical</y><z>twoFold</z></symmetry><detectionScore>-1.0</detectionScore></element><element><id>6</id><category>xbox</category><bounds><corner1>-0.2942738305795445, -0.21650999210097388, -0.1523983531083103</corner1><corner2>0.2942738305795445, 0.21650999210097388, 0.1523983531083103</corner2></bounds><pose><translation>1.1636913688635557, 1.3146911479379924, -0.8415517756634621</translation><rotation><c1>0, 0, 0</c1><c2>0, 0, 0</c2><c3>0, 0, 0</c3></rotation></pose><symmetry><x>twoFold</x><y>cylindrical</y><z>twoFold</z></symmetry><detectionScore>-1.0</detectionScore></element><element><id>7</id><category>toy</category><bounds><corner1>-0.4889721067737547, -0.281420999635261, -0.837222249597225</corner1><corner2>0.4889721067737547, 0.281420999635261, 0.837222249597225</corner2></bounds><pose><translation>-2.0457729067003285, -1.3225501789953498, -0.7743929362349118</translation><rotation><c1>0, 0, 0</c1><c2>0, 0, 0</c2><c3>0, 0, 0</c3></rotation></pose><symmetry><x>twoFold</x><y>cylindrical</y><z>twoFold</z></symmetry><detectionScore>-1.0</detectionScore></element><element><id>8</id><category>door</category><bounds><corner1>-0.4477006589834951, -0.591446821483244, -1.3770050926575483</corner1><corner2>0.4477006589834951, 0.591446821483244, 1.3770050926575483</corner2></bounds><pose><translation>-3.1226195054383337, -0.986147083884648, -0.5615988480477407</translation><rotation><c1>0, 0, 0</c1><c2>0, 0, 0</c2><c3>0, 0, 0</c3></rotation></pose><symmetry><x>twoFold</x><y>cylindrical</y><z>twoFold</z></symmetry><detectionScore>-1.0</detectionScore></element><element><id>9</id><category>chandelier</category><bounds><corner1>-0.48305801913276203, -0.1562010825351885, -0.07271453894465307</corner1><corner2>0.48305801913276203, 0.1562010825351885, 0.07271453894465307</corner2></bounds><pose><translation>-2.090113445438345, -0.05177429374067288, 1.468474875141008</translation><rotation><c1>0, 0, 0</c1><c2>0, 0, 0</c2><c3>0, 0, 0</c3></rotation></pose><symmetry><x>twoFold</x><y>cylindrical</y><z>twoFold</z></symmetry><detectionScore>-1.0</detectionScore></element><element><id>10</id><category>office_chair</category><bounds><corner1>-0.5184013628853656, -0.6292575900263437, -0.6642501863266967</corner1><corner2>0.5184013628853656, 0.6292575900263437, 0.6642501863266967</corner2></bounds><pose><translation>2.33570316002206, 0.6524430668335732, -1.3964481163938969</translation><rotation><c1>0, 0, 0</c1><c2>0, 0, 0</c2><c3>0, 0, 0</c3></rotation></pose><symmetry><x>twoFold</x><y>cylindrical</y><z>twoFold</z></symmetry><detectionScore>-1.0</detectionScore></element><element><id>11</id><category>clock</category><bounds><corner1>-0.33476020216197266, -0.046890323322715366, -0.3768970961657109</corner1><corner2>0.33476020216197266, 0.046890323322715366, 0.3768970961657109</corner2></bounds><pose><translation>2.0474478837926777, 1.4787676557917486, 0.6162877744925398</translation><rotation><c1>0, 0, 0</c1><c2>0, 0, 0</c2><c3>0, 0, 0</c3></rotation></pose><symmetry><x>twoFold</x><y>cylindrical</y><z>twoFold</z></symmetry><detectionScore>-1.0</detectionScore></element><element><id>12</id><category>laptop</category><bounds><corner1>-0.7187509998913473, -0.22036215608128673, -0.33275481556909886</corner1><corner2>0.7187509998913473, 0.22036215608128673, 0.33275481556909886</corner2></bounds><pose><translation>1.7174598979413565, 1.2770181777232947, -0.7280804108366026</translation><rotation><c1>0, 0, 0</c1><c2>0, 0, 0</c2><c3>0, 0, 0</c3></rotation></pose><symmetry><x>twoFold</x><y>cylindrical</y><z>twoFold</z></symmetry><detectionScore>-1.0</detectionScore></element><element><id>13</id><category>whiteboard</category><bounds><corner1>-0.4037240255097321, -0.15394721668346678, -0.7519612021892803</corner1><corner2>0.4037240255097321, 0.15394721668346678, 0.7519612021892803</corner2></bounds><pose><translation>-2.0116001363093594, -1.327233888339907, -0.8271948021859604</translation><rotation><c1>0, 0, 0</c1><c2>0, 0, 0</c2><c3>0, 0, 0</c3></rotation></pose><symmetry><x>twoFold</x><y>cylindrical</y><z>twoFold</z></symmetry><detectionScore>-1.0</detectionScore></element><element><id>14</id><category>shelving</category><bounds><corner1>-0.5964665662709714, -0.2508224829594887, -0.643395438087764</corner1><corner2>0.5964665662709714, 0.2508224829594887, 0.643395438087764</corner2></bounds><pose><translation>-0.14405960280860772, -1.739894471460286, -0.34133681994647447</translation><rotation><c1>0, 0, 0</c1><c2>0, 0, 0</c2><c3>0, 0, 0</c3></rotation></pose><symmetry><x>twoFold</x><y>cylindrical</y><z>twoFold</z></symmetry><detectionScore>-1.0</detectionScore></element><element><id>15</id><category>books</category><bounds><corner1>-0.3658846354623866, -0.1713016435900987, -0.2613520988295994</corner1><corner2>0.3658846354623866, 0.1713016435900987, 0.2613520988295994</corner2></bounds><pose><translation>-2.0275394812344425, 1.2775476985464977, -0.38024860130204374</translation><rotation><c1>0, 0, 0</c1><c2>0, 0, 0</c2><c3>0, 0, 0</c3></rotation></pose><symmetry><x>twoFold</x><y>cylindrical</y><z>twoFold</z></symmetry><detectionScore>-1.0</detectionScore></element><element><id>16</id><category>wall</category><bounds><corner1>-0.9308949772532165, -1.6082578558597556, -1.5627150358851267</corner1><corner2>0.9308949772532165, 1.6082578558597556, 1.5627150358851267</corner2></bounds><pose><translation>-3.128384139416231, -0.22041695840664044, -0.1757605570502231</translation><rotation><c1>0, 0, 0</c1><c2>0, 0, 0</c2><c3>0, 0, 0</c3></rotation></pose><symmetry><x>twoFold</x><y>cylindrical</y><z>twoFold</z></symmetry><detectionScore>-1.0</detectionScore></element><element><id>17</id><category>window</category><bounds><corner1>-0.0628171765601353, -0.9046063779849806, -1.442213183622125</corner1><corner2>0.0628171765601353, 0.9046063779849806, 1.442213183622125</corner2></bounds><pose><translation>2.8361242998345286, -0.19939760913039248, -0.15375119242439825</translation><rotation><c1>0, 0, 0</c1><c2>0, 0, 0</c2><c3>0, 0, 0</c3></rotation></pose><symmetry><x>twoFold</x><y>cylindrical</y><z>twoFold</z></symmetry><detectionScore>-1.0</detectionScore></element><element><id>18</id><category>wall</category><bounds><corner1>-0.10474927201443318, -1.6245961739056796, -1.5362861247461639</corner1><corner2>0.10474927201443318, 1.6245961739056796, 1.5362861247461639</corner2></bounds><pose><translation>2.7878022297395937, -0.2513495001241538, -0.1426085661134134</translation><rotation><c1>0, 0, 0</c1><c2>0, 0, 0</c2><c3>0, 0, 0</c3></rotation></pose><symmetry><x>twoFold</x><y>cylindrical</y><z>twoFold</z></symmetry><detectionScore>-1.0</detectionScore></element><element><id>19</id><category>dresser</category><bounds><corner1>-0.56337207540595, -0.06564626025019749, -0.396212066353046</corner1><corner2>0.56337207540595, 0.06564626025019749, 0.396212066353046</corner2></bounds><pose><translation>-0.13583821129036383, -1.4944566355084554, -0.8678097568001732</translation><rotation><c1>0, 0, 0</c1><c2>0, 0, 0</c2><c3>0, 0, 0</c3></rotation></pose><symmetry><x>twoFold</x><y>cylindrical</y><z>twoFold</z></symmetry><detectionScore>-1.0</detectionScore></element></elements></scene>