<?xml version='1.0' encoding='utf-8'?>
<scene xmlns:sumo="https://www.sumochallenge.org"><version>2.0</version><categories><id>fb_categories_v1.0</id><url>https://sumochallenge.org/en/categories-1_0.json</url></categories><project_type>bounding_box</project_type><elements><element><id>5</id><category>window</category><bounds><corner1>-0.73722158, -0.68452406, -0.06129691</corner1><corner2>0.73722158, 0.68452406, 0.06129691</corner2></bounds><pose><translation>-2.46871538,  0.05403763,  3.64056468</translation><rotation><c1>1., 0., 0.</c1><c2>0., 1., 0.</c2><c3>0., 0., 1.</c3></rotation></pose><symmetry><x>none</x><y>twoFold</y><z>none</z></symmetry><detectionScore>0.99971217</detectionScore></element><element><id>10</id><category>washer</category><bounds><corner1>-0.37709387, -0.40206127, -0.60657233</corner1><corner2>0.37709387, 0.40206127, 0.60657233</corner2></bounds><pose><translation>-1.02707869, -0.9662234 ,  2.96015737</translation><rotation><c1>1., 0., 0.</c1><c2>0., 1., 0.</c2><c3>0., 0., 1.</c3></rotation></pose><symmetry><x>none</x><y>none</y><z>none</z></symmetry><detectionScore>0.92233163</detectionScore></element><element><id>11</id><category>microwave</category><bounds><corner1>-0.25206734, -0.14959307, -0.21418542</corner1><corner2>0.25206734, 0.14959307, 0.21418542</corner2></bounds><pose><translation> 1.43499148, -0.49657176, -1.10279931</translation><rotation><c1>1., 0., 0.</c1><c2>0., 1., 0.</c2><c3>0., 0., 1.</c3></rotation></pose><symmetry><x>none</x><y>none</y><z>none</z></symmetry><detectionScore>0.9808833</detectionScore></element><element><id>4</id><category>kitchen_cabinet</category><bounds><corner1>-0.48969331, -1.02061324, -0.45879873</corner1><corner2>0.48969331, 1.02061324, 0.45879873</corner2></bounds><pose><translation> 1.44239568, -0.35397471,  3.12601224</translation><rotation><c1>1., 0., 0.</c1><c2>0., 1., 0.</c2><c3>0., 0., 1.</c3></rotation></pose><symmetry><x>none</x><y>none</y><z>none</z></symmetry><detectionScore>0.87091327</detectionScore></element><element><id>6</id><category>door</category><bounds><corner1>-1.21229206, -1.26129703, -0.47399486</corner1><corner2>1.21229206, 1.26129703, 0.47399486</corner2></bounds><pose><translation> 0.93400597, -0.23834451, -1.90796097</translation><rotation><c1>1., 0., 0.</c1><c2>0., 1., 0.</c2><c3>0., 0., 1.</c3></rotation></pose><symmetry><x>twoFold</x><y>twoFold</y><z>twoFold</z></symmetry><detectionScore>0.98026305</detectionScore></element><element><id>3</id><category>chandelier</category><bounds><corner1>-0.30705028, -0.02556756, -1.38699476</corner1><corner2>0.30705028, 0.02556756, 1.38699476</corner2></bounds><pose><translation>-0.81745652,  1.18148546,  2.20301749</translation><rotation><c1>1., 0., 0.</c1><c2>0., 1., 0.</c2><c3>0., 0., 1.</c3></rotation></pose><symmetry><x>none</x><y>cylindrical</y><z>none</z></symmetry><detectionScore>0.9949404</detectionScore></element><element><id>12</id><category>refrigerator</category><bounds><corner1>-0.0659321 , -0.85508591, -0.39593532</corner1><corner2>0.0659321 , 0.85508591, 0.39593532</corner2></bounds><pose><translation> 1.50202347, -0.5801119 ,  0.53760545</translation><rotation><c1>1., 0., 0.</c1><c2>0., 1., 0.</c2><c3>0., 0., 1.</c3></rotation></pose><symmetry><x>none</x><y>none</y><z>twoFold</z></symmetry><detectionScore>0.9985845</detectionScore></element><element><id>2</id><category>kitchen_cabinet</category><bounds><corner1>-0.4834089 , -1.07205349, -0.31986843</corner1><corner2>0.4834089 , 1.07205349, 0.31986843</corner2></bounds><pose><translation> 0.54898792, -0.42953951,  3.28424946</translation><rotation><c1>1., 0., 0.</c1><c2>0., 1., 0.</c2><c3>0., 0., 1.</c3></rotation></pose><symmetry><x>none</x><y>none</y><z>none</z></symmetry><detectionScore>0.9789585</detectionScore></element><element><id>13</id><category>kitchen_cabinet</category><bounds><corner1>-0.42834901, -1.11314697, -0.85107582</corner1><corner2>0.42834901, 1.11314697, 0.85107582</corner2></bounds><pose><translation> 1.67316115, -0.42883102,  2.69305686</translation><rotation><c1>1., 0., 0.</c1><c2>0., 1., 0.</c2><c3>0., 0., 1.</c3></rotation></pose><symmetry><x>none</x><y>none</y><z>none</z></symmetry><detectionScore>0.9898145</detectionScore></element><element><id>9</id><category>window</category><bounds><corner1>-0.04113221, -0.64719684, -0.64830463</corner1><corner2>0.04113221, 0.64719684, 0.64830463</corner2></bounds><pose><translation> 2.19193   ,  0.07147902, -0.68847507</translation><rotation><c1>1., 0., 0.</c1><c2>0., 1., 0.</c2><c3>0., 0., 1.</c3></rotation></pose><symmetry><x>none</x><y>twoFold</y><z>none</z></symmetry><detectionScore>0.99934274</detectionScore></element><element><id>8</id><category>table_and_chair</category><bounds><corner1>-0.37893632, -0.78989605, -1.38094069</corner1><corner2>0.37893632, 0.78989605, 1.38094069</corner2></bounds><pose><translation>-2.01593126, -1.35644187,  0.62037086</translation><rotation><c1>1., 0., 0.</c1><c2>0., 1., 0.</c2><c3>0., 0., 1.</c3></rotation></pose><symmetry><x>none</x><y>twoFold</y><z>none</z></symmetry><detectionScore>0.8671096</detectionScore></element><element><id>7</id><category>wall</category><bounds><corner1>-1.96978089, -1.2427545 , -0.112658  </corner1><corner2>1.96978089, 1.2427545 , 0.112658  </corner2></bounds><pose><translation>-0.3912916 , -0.17341256,  3.54097534</translation><rotation><c1>1., 0., 0.</c1><c2>0., 1., 0.</c2><c3>0., 0., 1.</c3></rotation></pose><symmetry><x>none</x><y>twoFold</y><z>none</z></symmetry><detectionScore>0.91625965</detectionScore></element></elements></scene>