<?xml version='1.0' encoding='utf-8'?>
<scene xmlns:sumo="https://www.sumochallenge.org"><version>2.0</version><categories><id>fb_categories_v1.0</id><url>https://sumochallenge.org/en/categories-1_0.json</url></categories><project_type>bounding_box</project_type><elements><element><id>1</id><category>fireplace</category><bounds><corner1>-1.17704045, -0.74582608, -0.15252376</corner1><corner2>1.17704045, 0.74582608, 0.15252376</corner2></bounds><pose><translation> 3.22673995, -0.84938716,  1.20841309</translation><rotation><c1>1., 0., 0.</c1><c2>0., 1., 0.</c2><c3>0., 0., 1.</c3></rotation></pose><symmetry><x>none</x><y>none</y><z>none</z></symmetry><detectionScore>0.8053119</detectionScore></element><element><id>5</id><category>door</category><bounds><corner1>-1.24414256, -0.8439881 , -0.09524249</corner1><corner2>1.24414256, 0.8439881 , 0.09524249</corner2></bounds><pose><translation> 6.6495419 , -0.16631668, -3.69663242</translation><rotation><c1>1., 0., 0.</c1><c2>0., 1., 0.</c2><c3>0., 0., 1.</c3></rotation></pose><symmetry><x>twoFold</x><y>twoFold</y><z>twoFold</z></symmetry><detectionScore>0.6219863</detectionScore></element><element><id>3</id><category>door</category><bounds><corner1>-0.28808576, -1.108166  , -0.72454959</corner1><corner2>0.28808576, 1.108166  , 0.72454959</corner2></bounds><pose><translation>-1.9660431 , -0.5082423 ,  0.34232447</translation><rotation><c1>1., 0., 0.</c1><c2>0., 1., 0.</c2><c3>0., 0., 1.</c3></rotation></pose><symmetry><x>twoFold</x><y>twoFold</y><z>twoFold</z></symmetry><detectionScore>0.966123</detectionScore></element><element><id>2</id><category>plant</category><bounds><corner1>-0.54666947, -0.68426553, -0.55531736</corner1><corner2>0.54666947, 0.68426553, 0.55531736</corner2></bounds><pose><translation>-1.39839661, -1.01799314, -3.40827392</translation><rotation><c1>1., 0., 0.</c1><c2>0., 1., 0.</c2><c3>0., 0., 1.</c3></rotation></pose><symmetry><x>none</x><y>cylindrical</y><z>none</z></symmetry><detectionScore>0.9982755</detectionScore></element><element><id>8</id><category>wall</category><bounds><corner1>-0.17503938, -1.1721994 , -2.74835857</corner1><corner2>0.17503938, 1.1721994 , 2.74835857</corner2></bounds><pose><translation>10.14717431, -0.04990191, -0.48575391</translation><rotation><c1>1., 0., 0.</c1><c2>0., 1., 0.</c2><c3>0., 0., 1.</c3></rotation></pose><symmetry><x>none</x><y>twoFold</y><z>none</z></symmetry><detectionScore>0.9627784</detectionScore></element><element><id>6</id><category>armchair</category><bounds><corner1>-3.10733757, -0.63307911, -1.4852767 </corner1><corner2>3.10733757, 0.63307911, 1.4852767 </corner2></bounds><pose><translation> 2.2140255 , -1.06916207, -0.14616954</translation><rotation><c1>1., 0., 0.</c1><c2>0., 1., 0.</c2><c3>0., 0., 1.</c3></rotation></pose><symmetry><x>none</x><y>none</y><z>none</z></symmetry><detectionScore>0.71782213</detectionScore></element></elements></scene>