<?xml version='1.0' encoding='utf-8'?>
<scene xmlns:sumo="https://www.sumochallenge.org"><version>2.0</version><categories><id>fb_categories_v1.0</id><url>https://sumochallenge.org/en/categories-1_0.json</url></categories><project_type>bounding_box</project_type><elements><element><id>5</id><category>window</category><bounds><corner1>-0.87078639, -1.03136589, -0.17428282</corner1><corner2>0.87078639, 1.03136589, 0.17428282</corner2></bounds><pose><translation>4.23349637, 0.17595016, 8.67683212</translation><rotation><c1>1., 0., 0.</c1><c2>0., 1., 0.</c2><c3>0., 0., 1.</c3></rotation></pose><symmetry><x>none</x><y>twoFold</y><z>none</z></symmetry><detectionScore>0.7162329</detectionScore></element><element><id>15</id><category>refrigerator</category><bounds><corner1>-0.4496068 , -0.90896575, -0.47382448</corner1><corner2>0.4496068 , 0.90896575, 0.47382448</corner2></bounds><pose><translation> 4.56907663, -0.36665921,  5.23336035</translation><rotation><c1>1., 0., 0.</c1><c2>0., 1., 0.</c2><c3>0., 0., 1.</c3></rotation></pose><symmetry><x>none</x><y>none</y><z>twoFold</z></symmetry><detectionScore>0.6500409</detectionScore></element><element><id>10</id><category>shelving</category><bounds><corner1>-0.71971198, -0.53855873, -2.87436183</corner1><corner2>0.71971198, 0.53855873, 2.87436183</corner2></bounds><pose><translation>-1.56426029, -0.70904611,  2.76303041</translation><rotation><c1>1., 0., 0.</c1><c2>0., 1., 0.</c2><c3>0., 0., 1.</c3></rotation></pose><symmetry><x>twoFold</x><y>twoFold</y><z>twoFold</z></symmetry><detectionScore>0.5742136</detectionScore></element><element><id>11</id><category>ottoman</category><bounds><corner1>-0.50061142, -0.19121611, -1.39790904</corner1><corner2>0.50061142, 0.19121611, 1.39790904</corner2></bounds><pose><translation> 0.49804754, -1.15270605,  1.91694687</translation><rotation><c1>1., 0., 0.</c1><c2>0., 1., 0.</c2><c3>0., 0., 1.</c3></rotation></pose><symmetry><x>none</x><y>twoFold</y><z>none</z></symmetry><detectionScore>0.9926691</detectionScore></element><element><id>4</id><category>wall</category><bounds><corner1>-0.81090774, -1.34060405, -1.786077  </corner1><corner2>0.81090774, 1.34060405, 1.786077  </corner2></bounds><pose><translation>-2.21092376, -0.09284664, -0.27416804</translation><rotation><c1>1., 0., 0.</c1><c2>0., 1., 0.</c2><c3>0., 0., 1.</c3></rotation></pose><symmetry><x>none</x><y>twoFold</y><z>none</z></symmetry><detectionScore>0.798524</detectionScore></element><element><id>6</id><category>wall</category><bounds><corner1>-0.10856401, -1.21213542, -2.91991252</corner1><corner2>0.10856401, 1.21213542, 2.91991252</corner2></bounds><pose><translation> 5.01414428, -0.01479618,  0.50217537</translation><rotation><c1>1., 0., 0.</c1><c2>0., 1., 0.</c2><c3>0., 0., 1.</c3></rotation></pose><symmetry><x>none</x><y>twoFold</y><z>none</z></symmetry><detectionScore>0.5127303</detectionScore></element><element><id>3</id><category>kitchen_cabinet</category><bounds><corner1>-0.03598319, -0.67271201, -0.28912779</corner1><corner2>0.03598319, 0.67271201, 0.28912779</corner2></bounds><pose><translation>-1.67306505, -0.6482201 ,  0.40610346</translation><rotation><c1>1., 0., 0.</c1><c2>0., 1., 0.</c2><c3>0., 0., 1.</c3></rotation></pose><symmetry><x>none</x><y>none</y><z>none</z></symmetry><detectionScore>0.98409927</detectionScore></element><element><id>12</id><category>kitchen_cabinet</category><bounds><corner1>-0.38140565, -0.48117894, -1.24562779</corner1><corner2>0.38140565, 0.48117894, 1.24562779</corner2></bounds><pose><translation>-1.68340521, -0.44504335,  2.37107086</translation><rotation><c1>1., 0., 0.</c1><c2>0., 1., 0.</c2><c3>0., 0., 1.</c3></rotation></pose><symmetry><x>none</x><y>none</y><z>none</z></symmetry><detectionScore>0.70790964</detectionScore></element><element><id>2</id><category>kitchen_cabinet</category><bounds><corner1>-0.32467244, -0.39895164, -0.02803706</corner1><corner2>0.32467244, 0.39895164, 0.02803706</corner2></bounds><pose><translation>-0.10218686, -0.87967591, -1.52402889</translation><rotation><c1>1., 0., 0.</c1><c2>0., 1., 0.</c2><c3>0., 0., 1.</c3></rotation></pose><symmetry><x>none</x><y>none</y><z>none</z></symmetry><detectionScore>0.9714822</detectionScore></element><element><id>1</id><category>wall</category><bounds><corner1>-3.39131399, -1.19192768, -0.15276079</corner1><corner2>3.39131399, 1.19192768, 0.15276079</corner2></bounds><pose><translation>1.24774102, 0.05866909, 8.67724252</translation><rotation><c1>1., 0., 0.</c1><c2>0., 1., 0.</c2><c3>0., 0., 1.</c3></rotation></pose><symmetry><x>none</x><y>twoFold</y><z>none</z></symmetry><detectionScore>0.9633242</detectionScore></element><element><id>17</id><category>fireplace</category><bounds><corner1>-0.31444891, -0.44816531, -0.47799208</corner1><corner2>0.31444891, 0.44816531, 0.47799208</corner2></bounds><pose><translation> 4.70119226, -0.8815809 ,  3.60504526</translation><rotation><c1>1., 0., 0.</c1><c2>0., 1., 0.</c2><c3>0., 0., 1.</c3></rotation></pose><symmetry><x>none</x><y>none</y><z>none</z></symmetry><detectionScore>0.62130904</detectionScore></element><element><id>13</id><category>utensil_holder</category><bounds><corner1>-0.44912867, -0.22411132, -0.29062249</corner1><corner2>0.44912867, 0.22411132, 0.29062249</corner2></bounds><pose><translation>-2.20409156, -0.28743491,  1.15921989</translation><rotation><c1>1., 0., 0.</c1><c2>0., 1., 0.</c2><c3>0., 0., 1.</c3></rotation></pose><symmetry><x>none</x><y>cylindrical</y><z>none</z></symmetry><detectionScore>0.943427</detectionScore></element><element><id>16</id><category>door</category><bounds><corner1>-2.47428704, -1.10246876, -1.02893295</corner1><corner2>2.47428704, 1.10246876, 1.02893295</corner2></bounds><pose><translation> 4.88605374, -0.35898103,  2.0377101 </translation><rotation><c1>1., 0., 0.</c1><c2>0., 1., 0.</c2><c3>0., 0., 1.</c3></rotation></pose><symmetry><x>twoFold</x><y>twoFold</y><z>twoFold</z></symmetry><detectionScore>0.9983779</detectionScore></element><element><id>9</id><category>kitchen_cabinet</category><bounds><corner1>-0.36694905, -1.06254097, -0.3251377 </corner1><corner2>0.36694905, 1.06254097, 0.3251377 </corner2></bounds><pose><translation>-2.01989847, -0.56353503, -1.18595186</translation><rotation><c1>1., 0., 0.</c1><c2>0., 1., 0.</c2><c3>0., 0., 1.</c3></rotation></pose><symmetry><x>none</x><y>none</y><z>none</z></symmetry><detectionScore>0.75052404</detectionScore></element><element><id>8</id><category>kitchen_cabinet</category><bounds><corner1>-0.36912192, -0.34452102, -0.02792811</corner1><corner2>0.36912192, 0.34452102, 0.02792811</corner2></bounds><pose><translation> 0.42762273, -0.83041046, -1.5239779 </translation><rotation><c1>1., 0., 0.</c1><c2>0., 1., 0.</c2><c3>0., 0., 1.</c3></rotation></pose><symmetry><x>none</x><y>none</y><z>none</z></symmetry><detectionScore>0.9544722</detectionScore></element><element><id>7</id><category>window</category><bounds><corner1>-0.10559201, -1.09987628, -1.49977718</corner1><corner2>0.10559201, 1.09987628, 1.49977718</corner2></bounds><pose><translation>5.03762645, 0.18609342, 7.15137764</translation><rotation><c1>1., 0., 0.</c1><c2>0., 1., 0.</c2><c3>0., 0., 1.</c3></rotation></pose><symmetry><x>none</x><y>twoFold</y><z>none</z></symmetry><detectionScore>0.9933749</detectionScore></element><element><id>14</id><category>hanging_kitchen_cabinet</category><bounds><corner1>-0.03507455, -0.28751313, -0.28207812</corner1><corner2>0.03507455, 0.28751313, 0.28207812</corner2></bounds><pose><translation>-1.94701425,  0.35354615, -0.40497775</translation><rotation><c1>1., 0., 0.</c1><c2>0., 1., 0.</c2><c3>0., 0., 1.</c3></rotation></pose><symmetry><x>none</x><y>none</y><z>twoFold</z></symmetry><detectionScore>0.99043053</detectionScore></element></elements></scene>