<?xml version='1.0' encoding='utf-8'?>
<scene xmlns:sumo="https://www.sumochallenge.org"><version>2.0</version><categories><id>fb_categories_v1_0</id><url>https://sumochallenge.org/en/categories-1_0.json</url></categories><project_type>bounding_box</project_type><elements><element><id>0</id><category>rug</category><bounds><corner1>-0.8772335549947585, -1.2715669420515945, -0.3809299358491596</corner1><corner2>0.8772335549947585, 1.2715669420515945, 0.3809299358491596</corner2></bounds><pose><translation>1.267611024150661, 2.2962586692997933, -1.6300081061776175</translation><rotation><c1>0, 0, 0</c1><c2>0, 0, 0</c2><c3>0, 0, 0</c3></rotation></pose><symmetry><x>twoFold</x><y>cylindrical</y><z>twoFold</z></symmetry><detectionScore>-1.0</detectionScore></element><element><id>1</id><category>wall</category><bounds><corner1>-2.1101460647919867, -0.10089748182014446, -1.479960841541939</corner1><corner2>2.1101460647919867, 0.10089748182014446, 1.479960841541939</corner2></bounds><pose><translation>-0.04917603700873281, 4.4642415007854215, -0.14386788482424478</translation><rotation><c1>0, 0, 0</c1><c2>0, 0, 0</c2><c3>0, 0, 0</c3></rotation></pose><symmetry><x>twoFold</x><y>cylindrical</y><z>twoFold</z></symmetry><detectionScore>-1.0</detectionScore></element><element><id>2</id><category>ottoman</category><bounds><corner1>-0.5758136299882985, -1.1498091572766307, -0.2691794562036627</corner1><corner2>0.5758136299882985, 1.1498091572766307, 0.2691794562036627</corner2></bounds><pose><translation>1.5787004829695963, 2.3446952541184642, -1.4850866530318219</translation><rotation><c1>0, 0, 0</c1><c2>0, 0, 0</c2><c3>0, 0, 0</c3></rotation></pose><symmetry><x>twoFold</x><y>cylindrical</y><z>twoFold</z></symmetry><detectionScore>-1.0</detectionScore></element><element><id>3</id><category>floor</category><bounds><corner1>-1.0511549701433074, -0.13155937960496367, -0.46591444742892196</corner1><corner2>1.0511549701433074, 0.13155937960496367, 0.46591444742892196</corner2></bounds><pose><translation>-1.4034123791671123, 4.423176587433904, -1.1340725517047388</translation><rotation><c1>0, 0, 0</c1><c2>0, 0, 0</c2><c3>0, 0, 0</c3></rotation></pose><symmetry><x>twoFold</x><y>cylindrical</y><z>twoFold</z></symmetry><detectionScore>-1.0</detectionScore></element><element><id>4</id><category>desk</category><bounds><corner1>-1.0828894189389984, -0.3111822729461986, -0.6304202204831253</corner1><corner2>1.0828894189389984, 0.3111822729461986, 0.6304202204831253</corner2></bounds><pose><translation>-1.8000395067638792, -3.7877510734417337, -1.1731369251490615</translation><rotation><c1>0, 0, 0</c1><c2>0, 0, 0</c2><c3>0, 0, 0</c3></rotation></pose><symmetry><x>twoFold</x><y>cylindrical</y><z>twoFold</z></symmetry><detectionScore>-1.0</detectionScore></element><element><id>5</id><category>window</category><bounds><corner1>-1.3868415264526304, -1.1502124220603678, -0.8307718413270418</corner1><corner2>1.3868415264526304, 1.1502124220603678, 0.8307718413270418</corner2></bounds><pose><translation>-0.3734134247226065, -5.011399403136235, 0.13350217963337385</translation><rotation><c1>0, 0, 0</c1><c2>0, 0, 0</c2><c3>0, 0, 0</c3></rotation></pose><symmetry><x>twoFold</x><y>cylindrical</y><z>twoFold</z></symmetry><detectionScore>-1.0</detectionScore></element><element><id>6</id><category>dresser</category><bounds><corner1>-0.07254643390107329, -0.5402867853255984, -0.6226461363075309</corner1><corner2>0.07254643390107329, 0.5402867853255984, 0.6226461363075309</corner2></bounds><pose><translation>-2.0116304004499383, -0.06903552950745237, -0.8289515262297913</translation><rotation><c1>0, 0, 0</c1><c2>0, 0, 0</c2><c3>0, 0, 0</c3></rotation></pose><symmetry><x>twoFold</x><y>cylindrical</y><z>twoFold</z></symmetry><detectionScore>-1.0</detectionScore></element><element><id>7</id><category>curtain</category><bounds><corner1>-0.1388232662701392, -0.7218887079025513, -0.5548153848169866</corner1><corner2>0.1388232662701392, 0.7218887079025513, 0.5548153848169866</corner2></bounds><pose><translation>2.1949258395414613, -1.0333722299577837, 0.5713689155925559</translation><rotation><c1>0, 0, 0</c1><c2>0, 0, 0</c2><c3>0, 0, 0</c3></rotation></pose><symmetry><x>twoFold</x><y>cylindrical</y><z>twoFold</z></symmetry><detectionScore>-1.0</detectionScore></element><element><id>8</id><category>wall</category><bounds><corner1>-0.7980480876463175, -0.13079234410866913, -1.1776114634929977</corner1><corner2>0.7980480876463175, 0.13079234410866913, 1.1776114634929977</corner2></bounds><pose><translation>-1.534672501347472, 4.427488970117012, -0.06579890070916572</translation><rotation><c1>0, 0, 0</c1><c2>0, 0, 0</c2><c3>0, 0, 0</c3></rotation></pose><symmetry><x>twoFold</x><y>cylindrical</y><z>twoFold</z></symmetry><detectionScore>-1.0</detectionScore></element><element><id>9</id><category>tv_stand</category><bounds><corner1>-1.1235111068694064, -2.0308949341162856, -0.5088709234745296</corner1><corner2>1.1235111068694064, 2.0308949341162856, 0.5088709234745296</corner2></bounds><pose><translation>0.31154627835199655, 2.266737775422115, -1.385720357302676</translation><rotation><c1>0, 0, 0</c1><c2>0, 0, 0</c2><c3>0, 0, 0</c3></rotation></pose><symmetry><x>twoFold</x><y>cylindrical</y><z>twoFold</z></symmetry><detectionScore>-1.0</detectionScore></element><element><id>10</id><category>single_bed</category><bounds><corner1>-0.8561563954504825, -0.9350163659857125, -0.5453342712008001</corner1><corner2>0.8561563954504825, 0.9350163659857125, 0.5453342712008001</corner2></bounds><pose><translation>1.241006739749304, -3.9331413096183034, -1.079137546260398</translation><rotation><c1>0, 0, 0</c1><c2>0, 0, 0</c2><c3>0, 0, 0</c3></rotation></pose><symmetry><x>twoFold</x><y>cylindrical</y><z>twoFold</z></symmetry><detectionScore>-1.0</detectionScore></element><element><id>11</id><category>rug</category><bounds><corner1>-0.7128776307094022, -0.6089680712922196, -0.055158128595397926</corner1><corner2>0.7128776307094022, 0.6089680712922196, 0.055158128595397926</corner2></bounds><pose><translation>-1.4265352904298623, 3.4478224844932446, -1.6515698428945245</translation><rotation><c1>0, 0, 0</c1><c2>0, 0, 0</c2><c3>0, 0, 0</c3></rotation></pose><symmetry><x>twoFold</x><y>cylindrical</y><z>twoFold</z></symmetry><detectionScore>-1.0</detectionScore></element><element><id>12</id><category>wall</category><bounds><corner1>-0.0816300737657989, -0.6895807766755921, -1.6562686882714241</corner1><corner2>0.0816300737657989, 0.6895807766755921, 1.6562686882714241</corner2></bounds><pose><translation>2.0893653309241254, -3.180699092604126, -0.31807313208899435</translation><rotation><c1>0, 0, 0</c1><c2>0, 0, 0</c2><c3>0, 0, 0</c3></rotation></pose><symmetry><x>twoFold</x><y>cylindrical</y><z>twoFold</z></symmetry><detectionScore>-1.0</detectionScore></element><element><id>13</id><category>wall</category><bounds><corner1>-2.0225502926924377, -1.2954092338068883, -1.4764851260863439</corner1><corner2>2.0225502926924377, 1.2954092338068883, 1.4764851260863439</corner2></bounds><pose><translation>-0.04311478314343781, -4.940315727095458, -0.17452062886034264</translation><rotation><c1>0, 0, 0</c1><c2>0, 0, 0</c2><c3>0, 0, 0</c3></rotation></pose><symmetry><x>twoFold</x><y>cylindrical</y><z>twoFold</z></symmetry><detectionScore>-1.0</detectionScore></element><element><id>14</id><category>shelving</category><bounds><corner1>-0.22365061027154853, -0.7429567207306996, -0.5490414303880652</corner1><corner2>0.22365061027154853, 0.7429567207306996, 0.5490414303880652</corner2></bounds><pose><translation>-2.219290009681809, -0.0924580132678269, -0.12096959381766809</translation><rotation><c1>0, 0, 0</c1><c2>0, 0, 0</c2><c3>0, 0, 0</c3></rotation></pose><symmetry><x>twoFold</x><y>cylindrical</y><z>twoFold</z></symmetry><detectionScore>-1.0</detectionScore></element><element><id>15</id><category>bunker_bed</category><bounds><corner1>-0.8198473191085967, -0.8697120815923451, -1.3288104745876579</corner1><corner2>0.8198473191085967, 0.8697120815923451, 1.3288104745876579</corner2></bounds><pose><translation>1.2678884019307626, -3.968942249140956, -0.7254100622894236</translation><rotation><c1>0, 0, 0</c1><c2>0, 0, 0</c2><c3>0, 0, 0</c3></rotation></pose><symmetry><x>twoFold</x><y>cylindrical</y><z>twoFold</z></symmetry><detectionScore>-1.0</detectionScore></element><element><id>16</id><category>window</category><bounds><corner1>-0.16268748990085413, -0.8388299533701794, -0.917693885467463</corner1><corner2>0.16268748990085413, 0.8388299533701794, 0.917693885467463</corner2></bounds><pose><translation>2.217368736579852, -1.3605434134273993, 0.18679536746833197</translation><rotation><c1>0, 0, 0</c1><c2>0, 0, 0</c2><c3>0, 0, 0</c3></rotation></pose><symmetry><x>twoFold</x><y>cylindrical</y><z>twoFold</z></symmetry><detectionScore>-1.0</detectionScore></element><element><id>17</id><category>stand</category><bounds><corner1>-0.41053592262026495, -0.16433460221564022, -0.40751805095952764</corner1><corner2>0.41053592262026495, 0.16433460221564022, 0.40751805095952764</corner2></bounds><pose><translation>1.697257971168184, -3.100738188730822, -1.351316777271145</translation><rotation><c1>0, 0, 0</c1><c2>0, 0, 0</c2><c3>0, 0, 0</c3></rotation></pose><symmetry><x>twoFold</x><y>cylindrical</y><z>twoFold</z></symmetry><detectionScore>-1.0</detectionScore></element><element><id>18</id><category>door</category><bounds><corner1>-0.4762422836776863, -0.21527401349395703, -1.228607500373418</corner1><corner2>0.4762422836776863, 0.21527401349395703, 1.228607500373418</corner2></bounds><pose><translation>-1.620114580390074, 4.327282107502809, -0.4638037550308276</translation><rotation><c1>0, 0, 0</c1><c2>0, 0, 0</c2><c3>0, 0, 0</c3></rotation></pose><symmetry><x>twoFold</x><y>cylindrical</y><z>twoFold</z></symmetry><detectionScore>-1.0</detectionScore></element><element><id>19</id><category>rug</category><bounds><corner1>-0.8094373614146269, -0.4330187830211476, -0.39902708549998334</corner1><corner2>0.8094373614146269, 0.4330187830211476, 0.39902708549998334</corner2></bounds><pose><translation>-1.1846768112189694, -3.80326761217645, -1.6181193613698193</translation><rotation><c1>0, 0, 0</c1><c2>0, 0, 0</c2><c3>0, 0, 0</c3></rotation></pose><symmetry><x>twoFold</x><y>cylindrical</y><z>twoFold</z></symmetry><detectionScore>-1.0</detectionScore></element><element><id>20</id><category>sink</category><bounds><corner1>-0.4857744919945304, -0.34576325031935173, -0.3136260225533633</corner1><corner2>0.4857744919945304, 0.34576325031935173, 0.3136260225533633</corner2></bounds><pose><translation>-2.260861508396983, 4.163821173968803, -0.5184924733566612</translation><rotation><c1>0, 0, 0</c1><c2>0, 0, 0</c2><c3>0, 0, 0</c3></rotation></pose><symmetry><x>twoFold</x><y>cylindrical</y><z>twoFold</z></symmetry><detectionScore>-1.0</detectionScore></element></elements></scene>