<?xml version='1.0' encoding='utf-8'?>
<scene xmlns:sumo="https://www.sumochallenge.org"><version>2.0</version><categories><id>fb_categories_v1.0</id><url>https://sumochallenge.org/en/categories-1_0.json</url></categories><project_type>bounding_box</project_type><elements><element><id>4</id><category>loudspeaker</category><bounds><corner1>-0.1549441 , -0.16803041, -0.12226808</corner1><corner2>0.1549441 , 0.16803041, 0.12226808</corner2></bounds><pose><translation>-1.62895534, -0.56232597, -0.37366853</translation><rotation><c1>1., 0., 0.</c1><c2>0., 1., 0.</c2><c3>0., 0., 1.</c3></rotation></pose><symmetry><x>none</x><y>fourFold</y><z>none</z></symmetry><detectionScore>0.6109897</detectionScore></element><element><id>1</id><category>wall</category><bounds><corner1>-2.4121236 , -0.94995363, -1.96466623</corner1><corner2>2.4121236 , 0.94995363, 1.96466623</corner2></bounds><pose><translation> 0.90004066, -0.07123528, -4.24771673</translation><rotation><c1>1., 0., 0.</c1><c2>0., 1., 0.</c2><c3>0., 0., 1.</c3></rotation></pose><symmetry><x>none</x><y>twoFold</y><z>none</z></symmetry><detectionScore>0.9773882</detectionScore></element><element><id>5</id><category>picture_frame</category><bounds><corner1>-0.05775213, -0.37427715, -0.36476081</corner1><corner2>0.05775213, 0.37427715, 0.36476081</corner2></bounds><pose><translation> 3.4339819 ,  0.35784877, -1.20350842</translation><rotation><c1>1., 0., 0.</c1><c2>0., 1., 0.</c2><c3>0., 0., 1.</c3></rotation></pose><symmetry><x>none</x><y>fourFold</y><z>none</z></symmetry><detectionScore>0.8188342</detectionScore></element><element><id>11</id><category>desk</category><bounds><corner1>-0.69339034, -0.43337826, -1.83484123</corner1><corner2>0.69339034, 0.43337826, 1.83484123</corner2></bounds><pose><translation>-0.33598929, -0.85554072, -3.49181307</translation><rotation><c1>1., 0., 0.</c1><c2>0., 1., 0.</c2><c3>0., 0., 1.</c3></rotation></pose><symmetry><x>none</x><y>none</y><z>none</z></symmetry><detectionScore>0.7162834</detectionScore></element><element><id>10</id><category>picture_frame</category><bounds><corner1>-0.05662618, -0.36082208, -0.30911355</corner1><corner2>0.05662618, 0.36082208, 0.30911355</corner2></bounds><pose><translation> 3.44395968,  0.33970705, -2.98341491</translation><rotation><c1>1., 0., 0.</c1><c2>0., 1., 0.</c2><c3>0., 0., 1.</c3></rotation></pose><symmetry><x>none</x><y>fourFold</y><z>none</z></symmetry><detectionScore>0.856406</detectionScore></element><element><id>3</id><category>door</category><bounds><corner1>-0.55894639, -0.94410785, -0.1394321 </corner1><corner2>0.55894639, 0.94410785, 0.1394321 </corner2></bounds><pose><translation>-2.1169644 , -0.44902735,  0.96654683</translation><rotation><c1>1., 0., 0.</c1><c2>0., 1., 0.</c2><c3>0., 0., 1.</c3></rotation></pose><symmetry><x>twoFold</x><y>twoFold</y><z>twoFold</z></symmetry><detectionScore>0.9985384</detectionScore></element><element><id>2</id><category>office_chair</category><bounds><corner1>-0.25216847, -0.4919974 , -0.16098573</corner1><corner2>0.25216847, 0.4919974 , 0.16098573</corner2></bounds><pose><translation>-0.73074681, -0.94444701, -1.59893609</translation><rotation><c1>1., 0., 0.</c1><c2>0., 1., 0.</c2><c3>0., 0., 1.</c3></rotation></pose><symmetry><x>none</x><y>none</y><z>none</z></symmetry><detectionScore>0.8828545</detectionScore></element><element><id>9</id><category>gym_equipment</category><bounds><corner1>-0.98552067, -0.33159908, -1.60403565</corner1><corner2>0.98552067, 0.33159908, 1.60403565</corner2></bounds><pose><translation> 2.48964764, -0.66582812, -3.16610664</translation><rotation><c1>1., 0., 0.</c1><c2>0., 1., 0.</c2><c3>0., 0., 1.</c3></rotation></pose><symmetry><x>none</x><y>fourFold</y><z>none</z></symmetry><detectionScore>0.58744276</detectionScore></element><element><id>8</id><category>chandelier</category><bounds><corner1>-0.18647579, -0.01565886, -0.60503375</corner1><corner2>0.18647579, 0.01565886, 0.60503375</corner2></bounds><pose><translation>-0.23897122,  0.93929115, -1.83407328</translation><rotation><c1>1., 0., 0.</c1><c2>0., 1., 0.</c2><c3>0., 0., 1.</c3></rotation></pose><symmetry><x>none</x><y>cylindrical</y><z>none</z></symmetry><detectionScore>0.78804845</detectionScore></element><element><id>7</id><category>picture_frame</category><bounds><corner1>-0.47597018, -0.52884293, -0.02691048</corner1><corner2>0.47597018, 0.52884293, 0.02691048</corner2></bounds><pose><translation>1.61205921, 0.40293973, 1.07833753</translation><rotation><c1>1., 0., 0.</c1><c2>0., 1., 0.</c2><c3>0., 0., 1.</c3></rotation></pose><symmetry><x>none</x><y>fourFold</y><z>none</z></symmetry><detectionScore>0.99295855</detectionScore></element></elements></scene>