<?xml version='1.0' encoding='utf-8'?>
<scene xmlns:sumo="https://www.sumochallenge.org"><version>2.0</version><categories><id>fb_categories_v1.0</id><url>https://sumochallenge.org/en/categories-1_0.json</url></categories><project_type>bounding_box</project_type><elements><element><id>4</id><category>chandelier</category><bounds><corner1>-0.3012359 , -0.02488746, -0.45795261</corner1><corner2>0.3012359 , 0.02488746, 0.45795261</corner2></bounds><pose><translation>-0.54248604,  1.18249599, -1.59896975</translation><rotation><c1>1., 0., 0.</c1><c2>0., 1., 0.</c2><c3>0., 0., 1.</c3></rotation></pose><symmetry><x>none</x><y>cylindrical</y><z>none</z></symmetry><detectionScore>0.9964858</detectionScore></element><element><id>1</id><category>wall</category><bounds><corner1>-2.25955774, -1.21615236, -0.07373223</corner1><corner2>2.25955774, 1.21615236, 0.07373223</corner2></bounds><pose><translation>-0.46997699, -0.14200017, -3.87267053</translation><rotation><c1>1., 0., 0.</c1><c2>0., 1., 0.</c2><c3>0., 0., 1.</c3></rotation></pose><symmetry><x>none</x><y>twoFold</y><z>none</z></symmetry><detectionScore>0.9821302</detectionScore></element><element><id>5</id><category>computer</category><bounds><corner1>-0.23392223, -0.37102598, -0.25418102</corner1><corner2>0.23392223, 0.37102598, 0.25418102</corner2></bounds><pose><translation>-1.36895862, -0.48606227,  0.86464993</translation><rotation><c1>1., 0., 0.</c1><c2>0., 1., 0.</c2><c3>0., 0., 1.</c3></rotation></pose><symmetry><x>none</x><y>none</y><z>none</z></symmetry><detectionScore>0.93469477</detectionScore></element><element><id>3</id><category>wall</category><bounds><corner1>-2.23070745, -0.3066948 , -4.28468498</corner1><corner2>2.23070745, 0.3066948 , 4.28468498</corner2></bounds><pose><translation>-0.16442512, -0.01950778,  1.14497864</translation><rotation><c1>1., 0., 0.</c1><c2>0., 1., 0.</c2><c3>0., 0., 1.</c3></rotation></pose><symmetry><x>none</x><y>twoFold</y><z>none</z></symmetry><detectionScore>0.6045848</detectionScore></element><element><id>2</id><category>window</category><bounds><corner1>-0.9868606 , -0.68966389, -0.08366131</corner1><corner2>0.9868606 , 0.68966389, 0.08366131</corner2></bounds><pose><translation>-0.4782726 ,  0.05002902, -3.92599546</translation><rotation><c1>1., 0., 0.</c1><c2>0., 1., 0.</c2><c3>0., 0., 1.</c3></rotation></pose><symmetry><x>none</x><y>twoFold</y><z>none</z></symmetry><detectionScore>0.99966633</detectionScore></element><element><id>7</id><category>shelving</category><bounds><corner1>-0.64502143, -0.7032907 , -0.20194683</corner1><corner2>0.64502143, 0.7032907 , 0.20194683</corner2></bounds><pose><translation>-2.12904498, -0.29638126,  0.90820402</translation><rotation><c1>1., 0., 0.</c1><c2>0., 1., 0.</c2><c3>0., 0., 1.</c3></rotation></pose><symmetry><x>twoFold</x><y>twoFold</y><z>twoFold</z></symmetry><detectionScore>0.5325857</detectionScore></element><element><id>8</id><category>television</category><bounds><corner1>-0.0493043 , -0.30053155, -0.43649731</corner1><corner2>0.0493043 , 0.30053155, 0.43649731</corner2></bounds><pose><translation>-2.88312659,  0.55870041, -1.01400227</translation><rotation><c1>1., 0., 0.</c1><c2>0., 1., 0.</c2><c3>0., 0., 1.</c3></rotation></pose><symmetry><x>none</x><y>none</y><z>twoFold</z></symmetry><detectionScore>0.999022</detectionScore></element><element><id>6</id><category>door</category><bounds><corner1>-1.70530492, -0.78148943, -3.20601646</corner1><corner2>1.70530492, 0.78148943, 3.20601646</corner2></bounds><pose><translation> 0.37198233, -0.00349806,  1.18598602</translation><rotation><c1>1., 0., 0.</c1><c2>0., 1., 0.</c2><c3>0., 0., 1.</c3></rotation></pose><symmetry><x>twoFold</x><y>twoFold</y><z>twoFold</z></symmetry><detectionScore>0.96980596</detectionScore></element></elements></scene>