<?xml version='1.0' encoding='utf-8'?>
<scene xmlns:sumo="https://www.sumochallenge.org"><version>2.0</version><categories><id>fb_categories_v1.0</id><url>https://sumochallenge.org/en/categories-1_0.json</url></categories><project_type>bounding_box</project_type><elements><element><id>4</id><category>chair</category><bounds><corner1>-1.60509023, -0.11556847, -2.41588359</corner1><corner2>1.60509023, 0.11556847, 2.41588359</corner2></bounds><pose><translation> 3.3863355 , -0.65580766,  5.18054152</translation><rotation><c1>1., 0., 0.</c1><c2>0., 1., 0.</c2><c3>0., 0., 1.</c3></rotation></pose><symmetry><x>none</x><y>none</y><z>none</z></symmetry><detectionScore>0.736543</detectionScore></element><element><id>1</id><category>chandelier</category><bounds><corner1>-1.85320595, -0.02233783, -0.6921394 </corner1><corner2>1.85320595, 0.02233783, 0.6921394 </corner2></bounds><pose><translation>2.10102173, 1.18572637, 0.45480668</translation><rotation><c1>1., 0., 0.</c1><c2>0., 1., 0.</c2><c3>0., 0., 1.</c3></rotation></pose><symmetry><x>none</x><y>cylindrical</y><z>none</z></symmetry><detectionScore>0.9194398</detectionScore></element><element><id>5</id><category>wall</category><bounds><corner1>-0.09258039, -1.21329323, -2.17323643</corner1><corner2>0.09258039, 1.21329323, 2.17323643</corner2></bounds><pose><translation> 4.05486172, -0.16354472,  0.662239  </translation><rotation><c1>1., 0., 0.</c1><c2>0., 1., 0.</c2><c3>0., 0., 1.</c3></rotation></pose><symmetry><x>none</x><y>twoFold</y><z>none</z></symmetry><detectionScore>0.977132</detectionScore></element><element><id>3</id><category>wall</category><bounds><corner1>-0.69248569, -1.36571567, -0.08237521</corner1><corner2>0.69248569, 1.36571567, 0.08237521</corner2></bounds><pose><translation>-0.21741142, -0.19658275,  4.60733888</translation><rotation><c1>1., 0., 0.</c1><c2>0., 1., 0.</c2><c3>0., 0., 1.</c3></rotation></pose><symmetry><x>none</x><y>twoFold</y><z>none</z></symmetry><detectionScore>0.7686312</detectionScore></element><element><id>2</id><category>window</category><bounds><corner1>-0.72608052, -1.02467613, -0.12501087</corner1><corner2>0.72608052, 1.02467613, 0.12501087</corner2></bounds><pose><translation> 0.04137309,  0.14736954, -1.84804448</translation><rotation><c1>1., 0., 0.</c1><c2>0., 1., 0.</c2><c3>0., 0., 1.</c3></rotation></pose><symmetry><x>none</x><y>twoFold</y><z>none</z></symmetry><detectionScore>0.6022795</detectionScore></element><element><id>7</id><category>window</category><bounds><corner1>-0.21634082, -1.08023602, -1.72719468</corner1><corner2>0.21634082, 1.08023602, 1.72719468</corner2></bounds><pose><translation>-0.75479656,  0.11060854,  1.72502783</translation><rotation><c1>1., 0., 0.</c1><c2>0., 1., 0.</c2><c3>0., 0., 1.</c3></rotation></pose><symmetry><x>none</x><y>twoFold</y><z>none</z></symmetry><detectionScore>0.87276</detectionScore></element><element><id>8</id><category>window</category><bounds><corner1>-1.11344799, -0.96906013, -0.44827526</corner1><corner2>1.11344799, 0.96906013, 0.44827526</corner2></bounds><pose><translation> 2.93150031,  0.22060392, -1.82511102</translation><rotation><c1>1., 0., 0.</c1><c2>0., 1., 0.</c2><c3>0., 0., 1.</c3></rotation></pose><symmetry><x>none</x><y>twoFold</y><z>none</z></symmetry><detectionScore>0.9349685</detectionScore></element><element><id>6</id><category>sofa</category><bounds><corner1>-0.59246593, -0.44144991, -2.56132601</corner1><corner2>0.59246593, 0.44144991, 2.56132601</corner2></bounds><pose><translation> 3.30470144, -0.99233092,  0.6274701 </translation><rotation><c1>1., 0., 0.</c1><c2>0., 1., 0.</c2><c3>0., 0., 1.</c3></rotation></pose><symmetry><x>none</x><y>none</y><z>none</z></symmetry><detectionScore>0.8653718</detectionScore></element></elements></scene>