<?xml version='1.0' encoding='utf-8'?>
<scene xmlns:sumo="https://www.sumochallenge.org"><version>2.0</version><categories><id>fb_categories_v1_0</id><url>https://sumochallenge.org/en/categories-1_0.json</url></categories><project_type>bounding_box</project_type><elements><element><id>0</id><category>wall</category><bounds><corner1>-3.1960472423851556, -2.4399247783500817, -1.4280386716926332</corner1><corner2>3.1960472423851556, 2.4399247783500817, 1.4280386716926332</corner2></bounds><pose><translation>0.8056731031765976, 5.478505015303073, -0.026627233744873705</translation><rotation><c1>0, 0, 0</c1><c2>0, 0, 0</c2><c3>0, 0, 0</c3></rotation></pose><symmetry><x>twoFold</x><y>cylindrical</y><z>twoFold</z></symmetry><detectionScore>-1.0</detectionScore></element><element><id>1</id><category>wall</category><bounds><corner1>-0.17945509905855417, -3.818425940544879, -1.3591260161618284</corner1><corner2>0.17945509905855417, 3.818425940544879, 1.3591260161618284</corner2></bounds><pose><translation>9.157075531514682, 1.313333480567685, 0.00883659394567394</translation><rotation><c1>0, 0, 0</c1><c2>0, 0, 0</c2><c3>0, 0, 0</c3></rotation></pose><symmetry><x>twoFold</x><y>cylindrical</y><z>twoFold</z></symmetry><detectionScore>-1.0</detectionScore></element><element><id>2</id><category>ottoman</category><bounds><corner1>-1.5154205852784068, -0.647715153461447, -0.2517221977606974</corner1><corner2>1.5154205852784068, 0.647715153461447, 0.2517221977606974</corner2></bounds><pose><translation>2.3443420844102754, 0.6098728225557911, -1.409614128200005</translation><rotation><c1>0, 0, 0</c1><c2>0, 0, 0</c2><c3>0, 0, 0</c3></rotation></pose><symmetry><x>twoFold</x><y>cylindrical</y><z>twoFold</z></symmetry><detectionScore>-1.0</detectionScore></element><element><id>3</id><category>trash_can</category><bounds><corner1>-0.46551180235054623, -0.4830810053082004, -0.9470223367135842</corner1><corner2>0.46551180235054623, 0.4830810053082004, 0.9470223367135842</corner2></bounds><pose><translation>5.5885902070432225, 4.938714520493673, -0.2921394237991191</translation><rotation><c1>0, 0, 0</c1><c2>0, 0, 0</c2><c3>0, 0, 0</c3></rotation></pose><symmetry><x>twoFold</x><y>cylindrical</y><z>twoFold</z></symmetry><detectionScore>-1.0</detectionScore></element><element><id>4</id><category>kitchen_cabinet</category><bounds><corner1>-0.06575056122595457, -0.5550168337806468, -0.487174824951894</corner1><corner2>0.06575056122595457, 0.5550168337806468, 0.487174824951894</corner2></bounds><pose><translation>-1.947139918859008, 0.5362636923859684, -1.039567237985722</translation><rotation><c1>0, 0, 0</c1><c2>0, 0, 0</c2><c3>0, 0, 0</c3></rotation></pose><symmetry><x>twoFold</x><y>cylindrical</y><z>twoFold</z></symmetry><detectionScore>-1.0</detectionScore></element><element><id>5</id><category>kitchen_cabinet</category><bounds><corner1>-0.39658715552574664, -0.12076007344835604, -0.9191234297221987</corner1><corner2>0.39658715552574664, 0.12076007344835604, 0.9191234297221987</corner2></bounds><pose><translation>0.5131486348213564, -2.1249965800935726, -0.8200992350323701</translation><rotation><c1>0, 0, 0</c1><c2>0, 0, 0</c2><c3>0, 0, 0</c3></rotation></pose><symmetry><x>twoFold</x><y>cylindrical</y><z>twoFold</z></symmetry><detectionScore>-1.0</detectionScore></element><element><id>6</id><category>refrigerator</category><bounds><corner1>-0.5678676295823273, -0.5232294646529727, -1.04480284069838</corner1><corner2>0.5678676295823273, 0.5232294646529727, 1.04480284069838</corner2></bounds><pose><translation>5.603808923963365, 4.885787043770418, -0.3884879389063881</translation><rotation><c1>0, 0, 0</c1><c2>0, 0, 0</c2><c3>0, 0, 0</c3></rotation></pose><symmetry><x>twoFold</x><y>cylindrical</y><z>twoFold</z></symmetry><detectionScore>-1.0</detectionScore></element><element><id>7</id><category>kitchen_cabinet</category><bounds><corner1>-2.77807077467072, -0.989484681289887, -0.493978566745999</corner1><corner2>2.77807077467072, 0.989484681289887, 0.493978566745999</corner2></bounds><pose><translation>3.331986879807758, -1.9360171757696403, -0.6948456866494702</translation><rotation><c1>0, 0, 0</c1><c2>0, 0, 0</c2><c3>0, 0, 0</c3></rotation></pose><symmetry><x>twoFold</x><y>cylindrical</y><z>twoFold</z></symmetry><detectionScore>-1.0</detectionScore></element><element><id>8</id><category>wall</category><bounds><corner1>-2.3610090998391504, -7.762264379426768, -0.840596071552822</corner1><corner2>2.3610090998391504, 7.762264379426768, 0.840596071552822</corner2></bounds><pose><translation>3.495104722167488, 5.415598751920009, -0.06810971045199901</translation><rotation><c1>0, 0, 0</c1><c2>0, 0, 0</c2><c3>0, 0, 0</c3></rotation></pose><symmetry><x>twoFold</x><y>cylindrical</y><z>twoFold</z></symmetry><detectionScore>-1.0</detectionScore></element><element><id>9</id><category>floor_lamp</category><bounds><corner1>-0.5430846502505053, -0.5273903074890667, -1.1113759795699047</corner1><corner2>0.5430846502505053, 0.5273903074890667, 1.1113759795699047</corner2></bounds><pose><translation>5.586662858455483, 4.876550198881592, -0.5482205283599426</translation><rotation><c1>0, 0, 0</c1><c2>0, 0, 0</c2><c3>0, 0, 0</c3></rotation></pose><symmetry><x>twoFold</x><y>cylindrical</y><z>twoFold</z></symmetry><detectionScore>-1.0</detectionScore></element><element><id>10</id><category>utensil_holder</category><bounds><corner1>-0.3407513863884495, -0.513897351696198, -0.3084641133188339</corner1><corner2>0.3407513863884495, 0.513897351696198, 0.3084641133188339</corner2></bounds><pose><translation>1.402723940209997, -2.632693498734545, -0.36246861493400867</translation><rotation><c1>0, 0, 0</c1><c2>0, 0, 0</c2><c3>0, 0, 0</c3></rotation></pose><symmetry><x>twoFold</x><y>cylindrical</y><z>twoFold</z></symmetry><detectionScore>-1.0</detectionScore></element><element><id>11</id><category>window</category><bounds><corner1>-0.22769277643920205, -0.9950983242422318, -1.2102420836125887</corner1><corner2>0.22769277643920205, 0.9950983242422318, 1.2102420836125887</corner2></bounds><pose><translation>9.120604063674607, 4.421611318628958, 0.14694883992369842</translation><rotation><c1>0, 0, 0</c1><c2>0, 0, 0</c2><c3>0, 0, 0</c3></rotation></pose><symmetry><x>twoFold</x><y>cylindrical</y><z>twoFold</z></symmetry><detectionScore>-1.0</detectionScore></element><element><id>12</id><category>range_oven</category><bounds><corner1>-0.069934293592395, -0.8110765133076976, -0.3723701750238302</corner1><corner2>0.069934293592395, 0.8110765133076976, 0.3723701750238302</corner2></bounds><pose><translation>-1.8453419062208845, 1.3245940468026758, -0.9727908925326838</translation><rotation><c1>0, 0, 0</c1><c2>0, 0, 0</c2><c3>0, 0, 0</c3></rotation></pose><symmetry><x>twoFold</x><y>cylindrical</y><z>twoFold</z></symmetry><detectionScore>-1.0</detectionScore></element><element><id>13</id><category>kitchen_cabinet</category><bounds><corner1>-0.07491099869005646, -0.4384241317190567, -0.5541293467278116</corner1><corner2>0.07491099869005646, 0.4384241317190567, 0.5541293467278116</corner2></bounds><pose><translation>-1.9517521178003254, -0.12229661024567315, -1.111532459198838</translation><rotation><c1>0, 0, 0</c1><c2>0, 0, 0</c2><c3>0, 0, 0</c3></rotation></pose><symmetry><x>twoFold</x><y>cylindrical</y><z>twoFold</z></symmetry><detectionScore>-1.0</detectionScore></element><element><id>14</id><category>wall</category><bounds><corner1>-2.19201780443192, -0.2556869835301585, -1.3990725537473307</corner1><corner2>2.19201780443192, 0.2556869835301585, 1.3990725537473307</corner2></bounds><pose><translation>7.0153923950529276, 5.187508715050151, -0.005446400060002966</translation><rotation><c1>0, 0, 0</c1><c2>0, 0, 0</c2><c3>0, 0, 0</c3></rotation></pose><symmetry><x>twoFold</x><y>cylindrical</y><z>twoFold</z></symmetry><detectionScore>-1.0</detectionScore></element><element><id>15</id><category>chair</category><bounds><corner1>-2.0884215806949573, -0.7292188643084979, -0.6657727505546465</corner1><corner2>2.0884215806949573, 0.7292188643084979, 0.6657727505546465</corner2></bounds><pose><translation>2.088379208133449, -1.6024565991534612, -1.2098095177468455</translation><rotation><c1>0, 0, 0</c1><c2>0, 0, 0</c2><c3>0, 0, 0</c3></rotation></pose><symmetry><x>twoFold</x><y>cylindrical</y><z>twoFold</z></symmetry><detectionScore>-1.0</detectionScore></element><element><id>16</id><category>kitchen_cabinet</category><bounds><corner1>-2.7020888407623476, -0.7115269622805416, -1.4505396011701397</corner1><corner2>2.7020888407623476, 0.7115269622805416, 1.4505396011701397</corner2></bounds><pose><translation>6.584944789700034, -1.8346516963970265, -0.29968436685363736</translation><rotation><c1>0, 0, 0</c1><c2>0, 0, 0</c2><c3>0, 0, 0</c3></rotation></pose><symmetry><x>twoFold</x><y>cylindrical</y><z>twoFold</z></symmetry><detectionScore>-1.0</detectionScore></element><element><id>17</id><category>window</category><bounds><corner1>-1.6019185120299877, -0.14946466881170206, -1.1885667152108974</corner1><corner2>1.6019185120299877, 0.14946466881170206, 1.1885667152108974</corner2></bounds><pose><translation>7.577234331156619, 5.308032756111531, 0.18848550541996334</translation><rotation><c1>0, 0, 0</c1><c2>0, 0, 0</c2><c3>0, 0, 0</c3></rotation></pose><symmetry><x>twoFold</x><y>cylindrical</y><z>twoFold</z></symmetry><detectionScore>-1.0</detectionScore></element><element><id>18</id><category>kitchen_cabinet</category><bounds><corner1>-0.5325229709706701, -0.4784826840584202, -1.37004805614131</corner1><corner2>0.5325229709706701, 0.4784826840584202, 1.37004805614131</corner2></bounds><pose><translation>-1.4592495314646974, -2.467562672236187, -0.6766905546616566</translation><rotation><c1>0, 0, 0</c1><c2>0, 0, 0</c2><c3>0, 0, 0</c3></rotation></pose><symmetry><x>twoFold</x><y>cylindrical</y><z>twoFold</z></symmetry><detectionScore>-1.0</detectionScore></element><element><id>19</id><category>wall</category><bounds><corner1>-2.1656185772352226, -0.9076788856319282, -1.6102196084083908</corner1><corner2>2.1656185772352226, 0.9076788856319282, 1.6102196084083908</corner2></bounds><pose><translation>-0.29277887461675917, -2.6134614891201244, -0.0733068429426886</translation><rotation><c1>0, 0, 0</c1><c2>0, 0, 0</c2><c3>0, 0, 0</c3></rotation></pose><symmetry><x>twoFold</x><y>cylindrical</y><z>twoFold</z></symmetry><detectionScore>-1.0</detectionScore></element><element><id>20</id><category>sofa</category><bounds><corner1>-4.8682916659397435, -0.7457694040590085, -0.6535498206328966</corner1><corner2>4.8682916659397435, 0.7457694040590085, 0.6535498206328966</corner2></bounds><pose><translation>3.0703365509990115, -0.7548639003546317, -1.25207752969555</translation><rotation><c1>0, 0, 0</c1><c2>0, 0, 0</c2><c3>0, 0, 0</c3></rotation></pose><symmetry><x>twoFold</x><y>cylindrical</y><z>twoFold</z></symmetry><detectionScore>-1.0</detectionScore></element><element><id>21</id><category>kitchen_cabinet</category><bounds><corner1>-1.7834864696523889, -0.5760767783668437, -0.6316127592684433</corner1><corner2>1.7834864696523889, 0.5760767783668437, 0.6316127592684433</corner2></bounds><pose><translation>2.753111296101249, -1.9411200661695633, -0.5367203907910494</translation><rotation><c1>0, 0, 0</c1><c2>0, 0, 0</c2><c3>0, 0, 0</c3></rotation></pose><symmetry><x>twoFold</x><y>cylindrical</y><z>twoFold</z></symmetry><detectionScore>-1.0</detectionScore></element><element><id>22</id><category>hanging_kitchen_cabinet</category><bounds><corner1>-0.38027030585627014, -0.05374918918031968, -0.482151257838307</corner1><corner2>0.38027030585627014, 0.05374918918031968, 0.482151257838307</corner2></bounds><pose><translation>-0.5005661198816016, -2.425644820997323, 0.4362670414264979</translation><rotation><c1>0, 0, 0</c1><c2>0, 0, 0</c2><c3>0, 0, 0</c3></rotation></pose><symmetry><x>twoFold</x><y>cylindrical</y><z>twoFold</z></symmetry><detectionScore>-1.0</detectionScore></element><element><id>23</id><category>door</category><bounds><corner1>-3.514884925040864, -7.784121621820297, -1.313793036419605</corner1><corner2>3.514884925040864, 7.784121621820297, 1.313793036419605</corner2></bounds><pose><translation>2.2653164401691397, 5.375565581327498, -0.4206000766713466</translation><rotation><c1>0, 0, 0</c1><c2>0, 0, 0</c2><c3>0, 0, 0</c3></rotation></pose><symmetry><x>twoFold</x><y>cylindrical</y><z>twoFold</z></symmetry><detectionScore>-1.0</detectionScore></element><element><id>24</id><category>dresser</category><bounds><corner1>-0.7362698898748712, -0.35323572777051737, -0.5046633535885611</corner1><corner2>0.7362698898748712, 0.35323572777051737, 0.5046633535885611</corner2></bounds><pose><translation>3.911603162552131, 5.08937721208374, -0.9560567152713044</translation><rotation><c1>0, 0, 0</c1><c2>0, 0, 0</c2><c3>0, 0, 0</c3></rotation></pose><symmetry><x>twoFold</x><y>cylindrical</y><z>twoFold</z></symmetry><detectionScore>-1.0</detectionScore></element><element><id>25</id><category>shelving</category><bounds><corner1>-2.8970172272790315, -1.0004757705881289, -0.614765891771724</corner1><corner2>2.8970172272790315, 1.0004757705881289, 0.614765891771724</corner2></bounds><pose><translation>3.264286337166151, -1.866391790110169, -0.7321098325839585</translation><rotation><c1>0, 0, 0</c1><c2>0, 0, 0</c2><c3>0, 0, 0</c3></rotation></pose><symmetry><x>twoFold</x><y>cylindrical</y><z>twoFold</z></symmetry><detectionScore>-1.0</detectionScore></element><element><id>26</id><category>fireplace</category><bounds><corner1>-0.752429860509344, -0.37799392061749426, -0.4988850273397538</corner1><corner2>0.752429860509344, 0.37799392061749426, 0.4988850273397538</corner2></bounds><pose><translation>3.894126944812565, 5.092127496803997, -0.9502783890224972</translation><rotation><c1>0, 0, 0</c1><c2>0, 0, 0</c2><c3>0, 0, 0</c3></rotation></pose><symmetry><x>twoFold</x><y>cylindrical</y><z>twoFold</z></symmetry><detectionScore>-1.0</detectionScore></element><element><id>27</id><category>ottoman</category><bounds><corner1>-0.43892233153322824, -0.3122086830876605, -0.03206292977832015</corner1><corner2>0.43892233153322824, 0.3122086830876605, 0.03206292977832015</corner2></bounds><pose><translation>1.9408061819587856, -1.1687582991969339, -1.2190249612525514</translation><rotation><c1>0, 0, 0</c1><c2>0, 0, 0</c2><c3>0, 0, 0</c3></rotation></pose><symmetry><x>twoFold</x><y>cylindrical</y><z>twoFold</z></symmetry><detectionScore>-1.0</detectionScore></element><element><id>28</id><category>ottoman</category><bounds><corner1>-1.24776288364819, -0.308839392076696, -0.10379045843379497</corner1><corner2>1.24776288364819, 0.308839392076696, 0.10379045843379497</corner2></bounds><pose><translation>1.8618896826809657, -0.27309639700955596, -1.3109075292155061</translation><rotation><c1>0, 0, 0</c1><c2>0, 0, 0</c2><c3>0, 0, 0</c3></rotation></pose><symmetry><x>twoFold</x><y>cylindrical</y><z>twoFold</z></symmetry><detectionScore>-1.0</detectionScore></element></elements></scene>