<?xml version='1.0' encoding='utf-8'?>
<scene xmlns:sumo="https://www.sumochallenge.org"><version>2.0</version><categories><id>fb_categories_v1.0</id><url>https://sumochallenge.org/en/categories-1_0.json</url></categories><project_type>bounding_box</project_type><elements><element><id>6</id><category>window</category><bounds><corner1>-0.04826991, -0.65328259, -0.68206924</corner1><corner2>0.04826991, 0.65328259, 0.68206924</corner2></bounds><pose><translation> 2.90282691,  0.18421646, -1.63011932</translation><rotation><c1>1., 0., 0.</c1><c2>0., 1., 0.</c2><c3>0., 0., 1.</c3></rotation></pose><symmetry><x>none</x><y>none</y><z>none</z></symmetry><detectionScore>-1</detectionScore></element><element><id>5</id><category>wall</category><bounds><corner1>-0.07796726, -1.12922998, -1.62011865</corner1><corner2>0.07796726, 1.12922998, 1.62011865</corner2></bounds><pose><translation> 2.85914643,  0.0412412 , -0.62979788</translation><rotation><c1>1., 0., 0.</c1><c2>0., 1., 0.</c2><c3>0., 0., 1.</c3></rotation></pose><symmetry><x>none</x><y>none</y><z>none</z></symmetry><detectionScore>-1</detectionScore></element><element><id>3</id><category>window</category><bounds><corner1>-0.0480849 , -0.64706572, -0.65331306</corner1><corner2>0.0480849 , 0.64706572, 0.65331306</corner2></bounds><pose><translation>2.90399711, 0.19032893, 0.10522521</translation><rotation><c1>1., 0., 0.</c1><c2>0., 1., 0.</c2><c3>0., 0., 1.</c3></rotation></pose><symmetry><x>none</x><y>none</y><z>none</z></symmetry><detectionScore>-1</detectionScore></element><element><id>4</id><category>window</category><bounds><corner1>-0.06502852, -0.68072551, -0.66239873</corner1><corner2>0.06502852, 0.68072551, 0.66239873</corner2></bounds><pose><translation>-1.21099451,  0.14904733,  0.13375238</translation><rotation><c1>1., 0., 0.</c1><c2>0., 1., 0.</c2><c3>0., 0., 1.</c3></rotation></pose><symmetry><x>none</x><y>none</y><z>none</z></symmetry><detectionScore>-1</detectionScore></element><element><id>2</id><category>ironing_board</category><bounds><corner1>-1.00110804, -0.58921114, -0.14311822</corner1><corner2>1.00110804, 0.58921114, 0.14311822</corner2></bounds><pose><translation> 1.84398177, -1.04755757,  0.86180197</translation><rotation><c1>1., 0., 0.</c1><c2>0., 1., 0.</c2><c3>0., 0., 1.</c3></rotation></pose><symmetry><x>none</x><y>none</y><z>none</z></symmetry><detectionScore>-1</detectionScore></element><element><id>1</id><category>iron</category><bounds><corner1>-0.43510952, -0.15095481, -0.29781636</corner1><corner2>0.43510952, 0.15095481, 0.29781636</corner2></bounds><pose><translation> 1.97488127, -1.33328524,  0.69290114</translation><rotation><c1>1., 0., 0.</c1><c2>0., 1., 0.</c2><c3>0., 0., 1.</c3></rotation></pose><symmetry><x>none</x><y>none</y><z>none</z></symmetry><detectionScore>-1</detectionScore></element></elements></scene>