<?xml version='1.0' encoding='utf-8'?>
<scene xmlns:sumo="https://www.sumochallenge.org"><version>2.0</version><categories><id>fb_categories_v1.0</id><url>https://sumochallenge.org/en/categories-1_0.json</url></categories><project_type>bounding_box</project_type><elements><element><id>3</id><category>plant</category><bounds><corner1>-5.32010354, -0.60052307, -4.10975336</corner1><corner2>5.32010354, 0.60052307, 4.10975336</corner2></bounds><pose><translation> 1.47211174,  1.15950771, -7.83998372</translation><rotation><c1>1., 0., 0.</c1><c2>0., 1., 0.</c2><c3>0., 0., 1.</c3></rotation></pose><symmetry><x>none</x><y>none</y><z>none</z></symmetry><detectionScore>-1</detectionScore></element><element><id>5</id><category>motorcycle</category><bounds><corner1>-6.83986264, -0.38148386, -0.3586735 </corner1><corner2>6.83986264, 0.38148386, 0.3586735 </corner2></bounds><pose><translation>-6.83986264, -0.38148386, -0.3586735 </translation><rotation><c1>1., 0., 0.</c1><c2>0., 1., 0.</c2><c3>0., 0., 1.</c3></rotation></pose><symmetry><x>none</x><y>none</y><z>none</z></symmetry><detectionScore>-1</detectionScore></element><element><id>4</id><category>door</category><bounds><corner1>-0.0862235 , -1.46094648, -0.96181294</corner1><corner2>0.0862235 , 1.46094648, 0.96181294</corner2></bounds><pose><translation>-2.04715009, -0.375518  , -3.63266094</translation><rotation><c1>1., 0., 0.</c1><c2>0., 1., 0.</c2><c3>0., 0., 1.</c3></rotation></pose><symmetry><x>none</x><y>none</y><z>none</z></symmetry><detectionScore>-1</detectionScore></element><element><id>2</id><category>car</category><bounds><corner1>-4.97451185, -0.60444227, -1.3094627 </corner1><corner2>4.97451185, 0.60444227, 1.3094627 </corner2></bounds><pose><translation> 2.39409052, -0.93149745, -0.4967156 </translation><rotation><c1>1., 0., 0.</c1><c2>0., 1., 0.</c2><c3>0., 0., 1.</c3></rotation></pose><symmetry><x>none</x><y>none</y><z>none</z></symmetry><detectionScore>-1</detectionScore></element><element><id>1</id><category>plant</category><bounds><corner1>-5.65713946, -2.04570919, -7.93346531</corner1><corner2>5.65713946, 2.04570919, 7.93346531</corner2></bounds><pose><translation> 2.51401005, -0.3359609 , -7.93346531</translation><rotation><c1>1., 0., 0.</c1><c2>0., 1., 0.</c2><c3>0., 0., 1.</c3></rotation></pose><symmetry><x>none</x><y>none</y><z>none</z></symmetry><detectionScore>-1</detectionScore></element></elements></scene>