<?xml version='1.0' encoding='utf-8'?>
<scene xmlns:sumo="https://www.sumochallenge.org"><version>2.0</version><categories><id>fb_categories_v1_0</id><url>https://sumochallenge.org/en/categories-1_0.json</url></categories><project_type>bounding_box</project_type><elements><element><id>0</id><category>door</category><bounds><corner1>-0.627087342593146, -1.5931451828010126, -0.7025209525096163</corner1><corner2>0.627087342593146, 1.5931451828010126, 0.7025209525096163</corner2></bounds><pose><translation>-2.1403378627365277, -0.43864848732594397, -2.8574228505573007</translation><rotation><c1>1, 0, 0</c1><c2>0, 1, 0</c2><c3>0, 0, 1</c3></rotation></pose><symmetry><x>twoFold</x><y>cylindrical</y><z>twoFold</z></symmetry><detectionScore>-1.0</detectionScore></element><element><id>1</id><category>curtain</category><bounds><corner1>-4.641603720987673, -0.985130401984649, -1.250276706924492</corner1><corner2>4.641603720987673, 0.985130401984649, 1.250276706924492</corner2></bounds><pose><translation>-5.477276750884291, 0.28912115259225374, -0.9069843375608835</translation><rotation><c1>1, 0, 0</c1><c2>0, 1, 0</c2><c3>0, 0, 1</c3></rotation></pose><symmetry><x>twoFold</x><y>cylindrical</y><z>twoFold</z></symmetry><detectionScore>-1.0</detectionScore></element><element><id>2</id><category>wall</category><bounds><corner1>-1.327442560465995, -1.3607078755906112, -2.333328349864254</corner1><corner2>1.327442560465995, 1.3607078755906112, 2.333328349864254</corner2></bounds><pose><translation>-3.3351869902382782, -0.22782282812830926, -5.256810752565687</translation><rotation><c1>1, 0, 0</c1><c2>0, 1, 0</c2><c3>0, 0, 1</c3></rotation></pose><symmetry><x>twoFold</x><y>cylindrical</y><z>twoFold</z></symmetry><detectionScore>-1.0</detectionScore></element><element><id>3</id><category>floor</category><bounds><corner1>-0.9035444439921573, -0.4202703138367432, -0.49588858472262265</corner1><corner2>0.9035444439921573, 0.4202703138367432, 0.49588858472262265</corner2></bounds><pose><translation>-1.315197413812376, -1.023788783224478, -4.275857132694783</translation><rotation><c1>1, 0, 0</c1><c2>0, 1, 0</c2><c3>0, 0, 1</c3></rotation></pose><symmetry><x>twoFold</x><y>cylindrical</y><z>twoFold</z></symmetry><detectionScore>-1.0</detectionScore></element><element><id>4</id><category>sofa</category><bounds><corner1>-1.4432471519245706, -0.9283349121867429, -1.2000144596630513</corner1><corner2>1.4432471519245706, 0.9283349121867429, 1.2000144596630513</corner2></bounds><pose><translation>-2.177607204583861, -1.104297030604498, -1.264267818373925</translation><rotation><c1>1, 0, 0</c1><c2>0, 1, 0</c2><c3>0, 0, 1</c3></rotation></pose><symmetry><x>twoFold</x><y>cylindrical</y><z>twoFold</z></symmetry><detectionScore>-1.0</detectionScore></element><element><id>5</id><category>shelving</category><bounds><corner1>-0.4262381803126285, -0.5580860269629099, -0.8244223062325355</corner1><corner2>0.4262381803126285, 0.5580860269629099, 0.8244223062325355</corner2></bounds><pose><translation>2.634731185126503, 0.8831205502298708, -0.43908840657520337</translation><rotation><c1>1, 0, 0</c1><c2>0, 1, 0</c2><c3>0, 0, 1</c3></rotation></pose><symmetry><x>twoFold</x><y>cylindrical</y><z>twoFold</z></symmetry><detectionScore>-1.0</detectionScore></element><element><id>6</id><category>armchair</category><bounds><corner1>-0.8159052249113583, -0.6748182879992337, -0.7157890141162067</corner1><corner2>0.8159052249113583, 0.6748182879992337, 0.7157890141162067</corner2></bounds><pose><translation>-1.5233371136200873, -0.9256960225399006, 0.7636661026519886</translation><rotation><c1>1, 0, 0</c1><c2>0, 1, 0</c2><c3>0, 0, 1</c3></rotation></pose><symmetry><x>twoFold</x><y>cylindrical</y><z>twoFold</z></symmetry><detectionScore>-1.0</detectionScore></element><element><id>7</id><category>door</category><bounds><corner1>-0.8225004975551298, -1.4045098806979657, -1.262787746770269</corner1><corner2>0.8225004975551298, 1.4045098806979657, 1.262787746770269</corner2></bounds><pose><translation>-3.7931158253160784, -0.4693880136385843, -6.307414771027668</translation><rotation><c1>1, 0, 0</c1><c2>0, 1, 0</c2><c3>0, 0, 1</c3></rotation></pose><symmetry><x>twoFold</x><y>cylindrical</y><z>twoFold</z></symmetry><detectionScore>-1.0</detectionScore></element><element><id>8</id><category>chair</category><bounds><corner1>-0.8559041238136779, -0.6900849650317914, -0.7022579521865765</corner1><corner2>0.8559041238136779, 0.6900849650317914, 0.7022579521865765</corner2></bounds><pose><translation>-1.5507399176829217, -0.9319143703388024, 0.7615467608774064</translation><rotation><c1>1, 0, 0</c1><c2>0, 1, 0</c2><c3>0, 0, 1</c3></rotation></pose><symmetry><x>twoFold</x><y>cylindrical</y><z>twoFold</z></symmetry><detectionScore>-1.0</detectionScore></element><element><id>9</id><category>hanging_kitchen_cabinet</category><bounds><corner1>-0.8156341329444894, -0.8728802078706918, -0.37073908382180587</corner1><corner2>0.8156341329444894, 0.8728802078706918, 0.37073908382180587</corner2></bounds><pose><translation>2.218908948543105, 0.5228068349422238, -1.4726749107964603</translation><rotation><c1>1, 0, 0</c1><c2>0, 1, 0</c2><c3>0, 0, 1</c3></rotation></pose><symmetry><x>twoFold</x><y>cylindrical</y><z>twoFold</z></symmetry><detectionScore>-1.0</detectionScore></element><element><id>10</id><category>kitchen_cabinet</category><bounds><corner1>-0.705011336646844, -0.764168402883133, -0.859179836074676</corner1><corner2>0.705011336646844, 0.764168402883133, 0.859179836074676</corner2></bounds><pose><translation>2.361913749587178, -1.093511998242129, -0.7606031422469386</translation><rotation><c1>1, 0, 0</c1><c2>0, 1, 0</c2><c3>0, 0, 1</c3></rotation></pose><symmetry><x>twoFold</x><y>cylindrical</y><z>twoFold</z></symmetry><detectionScore>-1.0</detectionScore></element><element><id>11</id><category>person</category><bounds><corner1>-0.5242501368596231, -0.4918993761023305, -1.074065952052499</corner1><corner2>0.5242501368596231, 0.4918993761023305, 1.074065952052499</corner2></bounds><pose><translation>-2.6071110361377405, -0.9952441620228696, -1.5160736488713682</translation><rotation><c1>1, 0, 0</c1><c2>0, 1, 0</c2><c3>0, 0, 1</c3></rotation></pose><symmetry><x>twoFold</x><y>cylindrical</y><z>twoFold</z></symmetry><detectionScore>-1.0</detectionScore></element><element><id>12</id><category>wall</category><bounds><corner1>-1.0014598015099236, -1.461793895963679, -2.647199965393472</corner1><corner2>1.0014598015099236, 1.461793895963679, 2.647199965393472</corner2></bounds><pose><translation>-0.69876496431211, -0.10367849306327193, -4.256162674685304</translation><rotation><c1>1, 0, 0</c1><c2>0, 1, 0</c2><c3>0, 0, 1</c3></rotation></pose><symmetry><x>twoFold</x><y>cylindrical</y><z>twoFold</z></symmetry><detectionScore>-1.0</detectionScore></element><element><id>13</id><category>window</category><bounds><corner1>-4.646598385126077, -1.0073169892797136, -1.2140321685194972</corner1><corner2>4.646598385126077, 1.0073169892797136, 1.2140321685194972</corner2></bounds><pose><translation>-5.478950359778002, 0.21138194924497755, -0.9173636044596607</translation><rotation><c1>1, 0, 0</c1><c2>0, 1, 0</c2><c3>0, 0, 1</c3></rotation></pose><symmetry><x>twoFold</x><y>cylindrical</y><z>twoFold</z></symmetry><detectionScore>-1.0</detectionScore></element><element><id>14</id><category>shelving</category><bounds><corner1>-4.621380189644926, -1.292318074112707, -0.9838875139538479</corner1><corner2>4.621380189644926, 1.292318074112707, 0.9838875139538479</corner2></bounds><pose><translation>-5.438280184351254, -0.15606006801710648, -0.9846852678549283</translation><rotation><c1>1, 0, 0</c1><c2>0, 1, 0</c2><c3>0, 0, 1</c3></rotation></pose><symmetry><x>twoFold</x><y>cylindrical</y><z>twoFold</z></symmetry><detectionScore>-1.0</detectionScore></element><element><id>15</id><category>wall</category><bounds><corner1>-0.8286885209955739, -1.5965565287049057, -0.6799779295434432</corner1><corner2>0.8286885209955739, 1.5965565287049057, 0.6799779295434432</corner2></bounds><pose><translation>-2.065174828801237, -0.17821047311702234, -3.116424973491535</translation><rotation><c1>1, 0, 0</c1><c2>0, 1, 0</c2><c3>0, 0, 1</c3></rotation></pose><symmetry><x>twoFold</x><y>cylindrical</y><z>twoFold</z></symmetry><detectionScore>-1.0</detectionScore></element><element><id>16</id><category>window</category><bounds><corner1>-0.17841258493017298, -1.101259577787149, -0.6834074973510775</corner1><corner2>0.17841258493017298, 1.101259577787149, 0.6834074973510775</corner2></bounds><pose><translation>-2.141647101154793, -0.06630379002340207, -4.07446642689672</translation><rotation><c1>1, 0, 0</c1><c2>0, 1, 0</c2><c3>0, 0, 1</c3></rotation></pose><symmetry><x>twoFold</x><y>cylindrical</y><z>twoFold</z></symmetry><detectionScore>-1.0</detectionScore></element><element><id>17</id><category>table_lamp</category><bounds><corner1>-0.7230448876735389, -0.5365389552806367, -0.42387253900409516</corner1><corner2>0.7230448876735389, 0.5365389552806367, 0.42387253900409516</corner2></bounds><pose><translation>-2.0053103487551707, -0.910653342928194, 1.038029462443519</translation><rotation><c1>1, 0, 0</c1><c2>0, 1, 0</c2><c3>0, 0, 1</c3></rotation></pose><symmetry><x>twoFold</x><y>cylindrical</y><z>twoFold</z></symmetry><detectionScore>-1.0</detectionScore></element><element><id>18</id><category>wall</category><bounds><corner1>-4.610778125210417, -1.3431759406284351, -1.546040543406543</corner1><corner2>4.610778125210417, 1.3431759406284351, 1.546040543406543</corner2></bounds><pose><translation>-5.414882368346408, -0.016997422512537663, -0.5587265472711201</translation><rotation><c1>1, 0, 0</c1><c2>0, 1, 0</c2><c3>0, 0, 1</c3></rotation></pose><symmetry><x>twoFold</x><y>cylindrical</y><z>twoFold</z></symmetry><detectionScore>-1.0</detectionScore></element><element><id>19</id><category>door</category><bounds><corner1>-0.5730550805191532, -1.1888514226988396, -0.14363645134588676</corner1><corner2>0.5730550805191532, 1.1888514226988396, 0.14363645134588676</corner2></bounds><pose><translation>-2.214289044492294, -0.30800114868018397, 1.3205770856243162</translation><rotation><c1>1, 0, 0</c1><c2>0, 1, 0</c2><c3>0, 0, 1</c3></rotation></pose><symmetry><x>twoFold</x><y>cylindrical</y><z>twoFold</z></symmetry><detectionScore>-1.0</detectionScore></element><element><id>20</id><category>range_hood</category><bounds><corner1>-0.36854753689674347, -0.6615000761323504, -0.604257586854224</corner1><corner2>0.36854753689674347, 0.6615000761323504, 0.604257586854224</corner2></bounds><pose><translation>2.701101563198451, 0.8142176012936782, 0.6995677980614096</translation><rotation><c1>1, 0, 0</c1><c2>0, 1, 0</c2><c3>0, 0, 1</c3></rotation></pose><symmetry><x>twoFold</x><y>cylindrical</y><z>twoFold</z></symmetry><detectionScore>-1.0</detectionScore></element><element><id>21</id><category>shelving</category><bounds><corner1>-0.5191092267858672, -0.3309610699789802, -0.9990356038127819</corner1><corner2>0.5191092267858672, 0.3309610699789802, 0.9990356038127819</corner2></bounds><pose><translation>-3.2299696992245948, 1.0882137525824964, -2.1963112084606022</translation><rotation><c1>1, 0, 0</c1><c2>0, 1, 0</c2><c3>0, 0, 1</c3></rotation></pose><symmetry><x>twoFold</x><y>cylindrical</y><z>twoFold</z></symmetry><detectionScore>-1.0</detectionScore></element><element><id>22</id><category>mirror</category><bounds><corner1>-0.7769257748504992, -0.9141008832909725, -0.5241220891046696</corner1><corner2>0.7769257748504992, 0.9141008832909725, 0.5241220891046696</corner2></bounds><pose><translation>-3.7133814658341313, 0.15836753292651085, -2.5834379974225468</translation><rotation><c1>1, 0, 0</c1><c2>0, 1, 0</c2><c3>0, 0, 1</c3></rotation></pose><symmetry><x>twoFold</x><y>cylindrical</y><z>twoFold</z></symmetry><detectionScore>-1.0</detectionScore></element><element><id>23</id><category>hanging_kitchen_cabinet</category><bounds><corner1>-0.347236194074668, -0.7156103370671086, -0.7646047793129882</corner1><corner2>0.347236194074668, 0.7156103370671086, 0.7646047793129882</corner2></bounds><pose><translation>2.638308971026371, 0.6865713389881053, -0.45109243500944696</translation><rotation><c1>1, 0, 0</c1><c2>0, 1, 0</c2><c3>0, 0, 1</c3></rotation></pose><symmetry><x>twoFold</x><y>cylindrical</y><z>twoFold</z></symmetry><detectionScore>-1.0</detectionScore></element><element><id>24</id><category>chandelier</category><bounds><corner1>-0.5993960370708069, -0.9106787113692228, -0.6211253153172669</corner1><corner2>0.5993960370708069, 0.9106787113692228, 0.6211253153172669</corner2></bounds><pose><translation>-1.5897094930316393, 0.5091029559183841, 0.8632926934567997</translation><rotation><c1>1, 0, 0</c1><c2>0, 1, 0</c2><c3>0, 0, 1</c3></rotation></pose><symmetry><x>twoFold</x><y>cylindrical</y><z>twoFold</z></symmetry><detectionScore>-1.0</detectionScore></element><element><id>25</id><category>plant</category><bounds><corner1>-0.6425177200817924, -0.5168362001913198, -0.46727258668167293</corner1><corner2>0.6425177200817924, 0.5168362001913198, 0.46727258668167293</corner2></bounds><pose><translation>-1.720753896082603, -1.0913820005488923, -4.247241134653834</translation><rotation><c1>1, 0, 0</c1><c2>0, 1, 0</c2><c3>0, 0, 1</c3></rotation></pose><symmetry><x>twoFold</x><y>cylindrical</y><z>twoFold</z></symmetry><detectionScore>-1.0</detectionScore></element><element><id>26</id><category>wall</category><bounds><corner1>-1.766081699545708, -1.1688983196419465, -0.1354068229092067</corner1><corner2>1.766081699545708, 1.1688983196419465, 0.1354068229092067</corner2></bounds><pose><translation>-2.5746741562771134, -0.07990849784783763, 1.3116356303682843</translation><rotation><c1>1, 0, 0</c1><c2>0, 1, 0</c2><c3>0, 0, 1</c3></rotation></pose><symmetry><x>twoFold</x><y>cylindrical</y><z>twoFold</z></symmetry><detectionScore>-1.0</detectionScore></element><element><id>27</id><category>plant</category><bounds><corner1>-1.2133587997953241, -0.7410655968411612, -0.5429325438812163</corner1><corner2>1.2133587997953241, 0.7410655968411612, 0.5429325438812163</corner2></bounds><pose><translation>-2.0051451755884373, -0.22506405185702627, 0.8314555829983106</translation><rotation><c1>1, 0, 0</c1><c2>0, 1, 0</c2><c3>0, 0, 1</c3></rotation></pose><symmetry><x>twoFold</x><y>cylindrical</y><z>twoFold</z></symmetry><detectionScore>-1.0</detectionScore></element><element><id>28</id><category>door</category><bounds><corner1>-0.9828297374256056, -1.4724063775150058, -1.6103009115713434</corner1><corner2>0.9828297374256056, 1.4724063775150058, 1.6103009115713434</corner2></bounds><pose><translation>-2.757373906112849, -0.3711820496680499, -4.933269767376654</translation><rotation><c1>1, 0, 0</c1><c2>0, 1, 0</c2><c3>0, 0, 1</c3></rotation></pose><symmetry><x>twoFold</x><y>cylindrical</y><z>twoFold</z></symmetry><detectionScore>-1.0</detectionScore></element><element><id>29</id><category>picture_frame</category><bounds><corner1>-0.7809306734400692, -0.8475699595862798, -0.524138546065104</corner1><corner2>0.7809306734400692, 0.8475699595862798, 0.524138546065104</corner2></bounds><pose><translation>-3.7216666193890733, 0.15836753292651085, -2.583454454382981</translation><rotation><c1>1, 0, 0</c1><c2>0, 1, 0</c2><c3>0, 0, 1</c3></rotation></pose><symmetry><x>twoFold</x><y>cylindrical</y><z>twoFold</z></symmetry><detectionScore>-1.0</detectionScore></element><element><id>30</id><category>wall</category><bounds><corner1>-0.484476530609137, -1.6008638840651948, -1.430920575299643</corner1><corner2>0.484476530609137, 1.6008638840651948, 1.430920575299643</corner2></bounds><pose><translation>2.587878663458646, -0.1415492375668717, -0.06923244798270982</translation><rotation><c1>1, 0, 0</c1><c2>0, 1, 0</c2><c3>0, 0, 1</c3></rotation></pose><symmetry><x>twoFold</x><y>cylindrical</y><z>twoFold</z></symmetry><detectionScore>-1.0</detectionScore></element><element><id>31</id><category>door</category><bounds><corner1>-1.6814847827122796, -1.3469030438896183, -0.7375028619236703</corner1><corner2>1.6814847827122796, 1.3469030438896183, 0.7375028619236703</corner2></bounds><pose><translation>-2.4767401246926317, -0.12078081888412115, 0.6264898390428422</translation><rotation><c1>1, 0, 0</c1><c2>0, 1, 0</c2><c3>0, 0, 1</c3></rotation></pose><symmetry><x>twoFold</x><y>cylindrical</y><z>twoFold</z></symmetry><detectionScore>-1.0</detectionScore></element><element><id>32</id><category>kitchen_cabinet</category><bounds><corner1>-1.7233892703212013, -0.49308935884898, -0.6285051062779035</corner1><corner2>1.7233892703212013, 0.49308935884898, 0.6285051062779035</corner2></bounds><pose><translation>1.3098080271048602, -0.7195518224645694, 0.7249495361264959</translation><rotation><c1>1, 0, 0</c1><c2>0, 1, 0</c2><c3>0, 0, 1</c3></rotation></pose><symmetry><x>twoFold</x><y>cylindrical</y><z>twoFold</z></symmetry><detectionScore>-1.0</detectionScore></element><element><id>33</id><category>range_oven</category><bounds><corner1>-0.7863270565269844, -0.6939345131296657, -0.6789784512143461</corner1><corner2>0.7863270565269844, 0.6939345131296657, 0.6789784512143461</corner2></bounds><pose><translation>2.2612190626214153, -1.089159145388217, 0.635445650486984</translation><rotation><c1>1, 0, 0</c1><c2>0, 1, 0</c2><c3>0, 0, 1</c3></rotation></pose><symmetry><x>twoFold</x><y>cylindrical</y><z>twoFold</z></symmetry><detectionScore>-1.0</detectionScore></element><element><id>34</id><category>door</category><bounds><corner1>-1.3258246209225404, -1.461529327839698, -2.360154937104819</corner1><corner2>1.3258246209225404, 1.461529327839698, 2.360154937104819</corner2></bounds><pose><translation>-3.3416055218973977, -0.339455651692276, -5.256782123794211</translation><rotation><c1>1, 0, 0</c1><c2>0, 1, 0</c2><c3>0, 0, 1</c3></rotation></pose><symmetry><x>twoFold</x><y>cylindrical</y><z>twoFold</z></symmetry><detectionScore>-1.0</detectionScore></element><element><id>35</id><category>picture_frame</category><bounds><corner1>-0.6581476267619424, -0.6903379411161485, -0.12778783076753553</corner1><corner2>0.6581476267619424, 0.6903379411161485, 0.12778783076753553</corner2></bounds><pose><translation>-2.1978219032988906, -0.006739305682480221, 1.3453600970850232</translation><rotation><c1>1, 0, 0</c1><c2>0, 1, 0</c2><c3>0, 0, 1</c3></rotation></pose><symmetry><x>twoFold</x><y>cylindrical</y><z>twoFold</z></symmetry><detectionScore>-1.0</detectionScore></element><element><id>36</id><category>wall</category><bounds><corner1>-2.8446607598153952, -1.3749467628691547, -0.8593523630932679</corner1><corner2>2.8446607598153952, 1.3749467628691547, 0.8593523630932679</corner2></bounds><pose><translation>-3.6434996800460495, -0.019295575658847063, 0.4685344808273323</translation><rotation><c1>1, 0, 0</c1><c2>0, 1, 0</c2><c3>0, 0, 1</c3></rotation></pose><symmetry><x>twoFold</x><y>cylindrical</y><z>twoFold</z></symmetry><detectionScore>-1.0</detectionScore></element></elements></scene>