<?xml version='1.0' encoding='utf-8'?>
<scene xmlns:sumo="https://www.sumochallenge.org"><version>2.0</version><categories><id>fb_categories_v1_0</id><url>https://sumochallenge.org/en/categories-1_0.json</url></categories><project_type>bounding_box</project_type><elements><element><id>0</id><category>door</category><bounds><corner1>-0.5387141935039976, -0.44615075947504845, -1.54584989273583</corner1><corner2>0.5387141935039976, 0.44615075947504845, 1.54584989273583</corner2></bounds><pose><translation>0.01858953269245259, -3.8259612019086067, -0.4233369249057734</translation><rotation><c1>0, 0, 0</c1><c2>0, 0, 0</c2><c3>0, 0, 0</c3></rotation></pose><symmetry><x>twoFold</x><y>cylindrical</y><z>twoFold</z></symmetry><detectionScore>-1.0</detectionScore></element><element><id>1</id><category>shower</category><bounds><corner1>-0.5433786496080341, -0.7654381501241376, -1.5243724369468399</corner1><corner2>0.5433786496080341, 0.7654381501241376, 1.5243724369468399</corner2></bounds><pose><translation>-0.033990841726354346, -3.821145207343476, -0.48217486970494444</translation><rotation><c1>0, 0, 0</c1><c2>0, 0, 0</c2><c3>0, 0, 0</c3></rotation></pose><symmetry><x>twoFold</x><y>cylindrical</y><z>twoFold</z></symmetry><detectionScore>-1.0</detectionScore></element><element><id>2</id><category>dressing_table</category><bounds><corner1>-0.1499978753257385, -1.1606685145833229, -0.9699167751251403</corner1><corner2>0.1499978753257385, 1.1606685145833229, 0.9699167751251403</corner2></bounds><pose><translation>3.7225741717095504, -1.6278107990091304, -0.766490893166353</translation><rotation><c1>0, 0, 0</c1><c2>0, 0, 0</c2><c3>0, 0, 0</c3></rotation></pose><symmetry><x>twoFold</x><y>cylindrical</y><z>twoFold</z></symmetry><detectionScore>-1.0</detectionScore></element><element><id>3</id><category>window</category><bounds><corner1>-0.08922973982369342, -0.84314912255727, -0.6583263598478525</corner1><corner2>0.08922973982369342, 0.84314912255727, 0.6583263598478525</corner2></bounds><pose><translation>3.766860179661973, -1.440469322702905, 0.3484894824948056</translation><rotation><c1>0, 0, 0</c1><c2>0, 0, 0</c2><c3>0, 0, 0</c3></rotation></pose><symmetry><x>twoFold</x><y>cylindrical</y><z>twoFold</z></symmetry><detectionScore>-1.0</detectionScore></element><element><id>4</id><category>sink</category><bounds><corner1>-0.33118618282677303, -0.962948377182026, -0.7811180459697609</corner1><corner2>0.33118618282677303, 0.962948377182026, 0.7811180459697609</corner2></bounds><pose><translation>3.536384272892954, -1.7107867012940128, -1.072631264150408</translation><rotation><c1>0, 0, 0</c1><c2>0, 0, 0</c2><c3>0, 0, 0</c3></rotation></pose><symmetry><x>twoFold</x><y>cylindrical</y><z>twoFold</z></symmetry><detectionScore>-1.0</detectionScore></element><element><id>5</id><category>double_bed</category><bounds><corner1>-0.18223501396717667, -1.2518519585518577, -0.7229260628954941</corner1><corner2>0.18223501396717667, 1.2518519585518577, 0.7229260628954941</corner2></bounds><pose><translation>3.6939900801313788, -1.667290674935315, -0.9669919209539618</translation><rotation><c1>0, 0, 0</c1><c2>0, 0, 0</c2><c3>0, 0, 0</c3></rotation></pose><symmetry><x>twoFold</x><y>cylindrical</y><z>twoFold</z></symmetry><detectionScore>-1.0</detectionScore></element><element><id>6</id><category>coffee_table</category><bounds><corner1>-0.37118814268376177, -0.9618707592571443, -0.6134145566344922</corner1><corner2>0.37118814268376177, 0.9618707592571443, 0.6134145566344922</corner2></bounds><pose><translation>3.4897967391629523, -1.6864927082524788, -1.2827682941767606</translation><rotation><c1>0, 0, 0</c1><c2>0, 0, 0</c2><c3>0, 0, 0</c3></rotation></pose><symmetry><x>twoFold</x><y>cylindrical</y><z>twoFold</z></symmetry><detectionScore>-1.0</detectionScore></element><element><id>7</id><category>wall</category><bounds><corner1>-2.130125535242674, -3.089985866468043, -1.438167061632045</corner1><corner2>2.130125535242674, 3.089985866468043, 1.438167061632045</corner2></bounds><pose><translation>1.5656125228975213, -4.689616786049491, -0.12349457151069125</translation><rotation><c1>0, 0, 0</c1><c2>0, 0, 0</c2><c3>0, 0, 0</c3></rotation></pose><symmetry><x>twoFold</x><y>cylindrical</y><z>twoFold</z></symmetry><detectionScore>-1.0</detectionScore></element><element><id>8</id><category>toilet</category><bounds><corner1>-1.3430660747511745, -1.902411015236062, -0.8726737243715819</corner1><corner2>1.3430660747511745, 1.902411015236062, 0.8726737243715819</corner2></bounds><pose><translation>2.400212141377497, -3.2700292644047604, -1.1783415355798463</translation><rotation><c1>0, 0, 0</c1><c2>0, 0, 0</c2><c3>0, 0, 0</c3></rotation></pose><symmetry><x>twoFold</x><y>cylindrical</y><z>twoFold</z></symmetry><detectionScore>-1.0</detectionScore></element><element><id>9</id><category>picture_frame</category><bounds><corner1>-0.08345994138701984, -0.8220156470009645, -0.6531829245659984</corner1><corner2>0.08345994138701984, 0.8220156470009645, 0.6531829245659984</corner2></bounds><pose><translation>3.766962470310408, -1.4416115944500851, 0.38260008972036097</translation><rotation><c1>0, 0, 0</c1><c2>0, 0, 0</c2><c3>0, 0, 0</c3></rotation></pose><symmetry><x>twoFold</x><y>cylindrical</y><z>twoFold</z></symmetry><detectionScore>-1.0</detectionScore></element><element><id>10</id><category>mirror</category><bounds><corner1>-0.08132283002022644, -0.8236116075757456, -0.6597834827143829</corner1><corner2>0.08132283002022644, 0.8236116075757456, 0.6597834827143829</corner2></bounds><pose><translation>3.7664115504151527, -1.457370267854055, 0.3758438586974298</translation><rotation><c1>0, 0, 0</c1><c2>0, 0, 0</c2><c3>0, 0, 0</c3></rotation></pose><symmetry><x>twoFold</x><y>cylindrical</y><z>twoFold</z></symmetry><detectionScore>-1.0</detectionScore></element><element><id>11</id><category>wall</category><bounds><corner1>-0.6757183923179294, -0.0713852579793599, -1.5736293805215307</corner1><corner2>0.6757183923179294, 0.0713852579793599, 1.5736293805215307</corner2></bounds><pose><translation>-1.186811505118068, -2.884017197484893, -0.2445865652243061</translation><rotation><c1>0, 0, 0</c1><c2>0, 0, 0</c2><c3>0, 0, 0</c3></rotation></pose><symmetry><x>twoFold</x><y>cylindrical</y><z>twoFold</z></symmetry><detectionScore>-1.0</detectionScore></element><element><id>12</id><category>bathtub</category><bounds><corner1>-0.2534815020995218, -1.2010606431847308, -0.7429850352126782</corner1><corner2>0.2534815020995218, 1.2010606431847308, 0.7429850352126782</corner2></bounds><pose><translation>3.621510326976035, -1.6399190417259435, -1.016473140682356</translation><rotation><c1>0, 0, 0</c1><c2>0, 0, 0</c2><c3>0, 0, 0</c3></rotation></pose><symmetry><x>twoFold</x><y>cylindrical</y><z>twoFold</z></symmetry><detectionScore>-1.0</detectionScore></element><element><id>13</id><category>wall</category><bounds><corner1>-0.16304858980395398, -2.709688050272459, -1.4595348242347017</corner1><corner2>0.16304858980395398, 2.709688050272459, 1.4595348242347017</corner2></bounds><pose><translation>3.7869502942948117, -0.8752208960529837, -0.11793033258046007</translation><rotation><c1>0, 0, 0</c1><c2>0, 0, 0</c2><c3>0, 0, 0</c3></rotation></pose><symmetry><x>twoFold</x><y>cylindrical</y><z>twoFold</z></symmetry><detectionScore>-1.0</detectionScore></element><element><id>14</id><category>computer</category><bounds><corner1>-1.0273642446365399, -0.13696154912397973, -0.5544483702566126</corner1><corner2>1.0273642446365399, 0.13696154912397973, 0.5544483702566126</corner2></bounds><pose><translation>2.411069185503463, 1.8743000213661014, -0.46074574489547643</translation><rotation><c1>0, 0, 0</c1><c2>0, 0, 0</c2><c3>0, 0, 0</c3></rotation></pose><symmetry><x>twoFold</x><y>cylindrical</y><z>twoFold</z></symmetry><detectionScore>-1.0</detectionScore></element><element><id>15</id><category>door</category><bounds><corner1>-0.12026419263567911, -0.7990818860534366, -1.3648488467954267</corner1><corner2>0.12026419263567911, 0.7990818860534366, 1.3648488467954267</corner2></bounds><pose><translation>-2.0634878414622495, -0.9577717772308011, -0.4535591692208601</translation><rotation><c1>0, 0, 0</c1><c2>0, 0, 0</c2><c3>0, 0, 0</c3></rotation></pose><symmetry><x>twoFold</x><y>cylindrical</y><z>twoFold</z></symmetry><detectionScore>-1.0</detectionScore></element><element><id>16</id><category>dressing_table</category><bounds><corner1>-1.2903593506587638, -0.1413725002463162, -0.7985534967957754</corner1><corner2>1.2903593506587638, 0.1413725002463162, 0.7985534967957754</corner2></bounds><pose><translation>2.4985732003715713, 1.8585434349675136, -0.8053062380857636</translation><rotation><c1>0, 0, 0</c1><c2>0, 0, 0</c2><c3>0, 0, 0</c3></rotation></pose><symmetry><x>twoFold</x><y>cylindrical</y><z>twoFold</z></symmetry><detectionScore>-1.0</detectionScore></element><element><id>17</id><category>stand</category><bounds><corner1>-0.4048129756637566, -0.8346778073951939, -0.6452351083954135</corner1><corner2>0.4048129756637566, 0.8346778073951939, 0.6452351083954135</corner2></bounds><pose><translation>3.443633380448352, -1.8788015524236763, -1.2394088655494295</translation><rotation><c1>0, 0, 0</c1><c2>0, 0, 0</c2><c3>0, 0, 0</c3></rotation></pose><symmetry><x>twoFold</x><y>cylindrical</y><z>twoFold</z></symmetry><detectionScore>-1.0</detectionScore></element><element><id>18</id><category>window</category><bounds><corner1>-0.0921285524973463, -0.7481506706280161, -1.057050376835482</corner1><corner2>0.0921285524973463, 0.7481506706280161, 1.057050376835482</corner2></bounds><pose><translation>3.88361775065853, 0.880682688219568, 0.050402765749573086</translation><rotation><c1>0, 0, 0</c1><c2>0, 0, 0</c2><c3>0, 0, 0</c3></rotation></pose><symmetry><x>twoFold</x><y>cylindrical</y><z>twoFold</z></symmetry><detectionScore>-1.0</detectionScore></element><element><id>19</id><category>wall_lamp</category><bounds><corner1>-0.1908299508868052, -0.2768082667365961, -0.10958114317705847</corner1><corner2>0.1908299508868052, 0.2768082667365961, 0.10958114317705847</corner2></bounds><pose><translation>-1.967016312945242, 1.5851883029596716, -0.8052750284427228</translation><rotation><c1>0, 0, 0</c1><c2>0, 0, 0</c2><c3>0, 0, 0</c3></rotation></pose><symmetry><x>twoFold</x><y>cylindrical</y><z>twoFold</z></symmetry><detectionScore>-1.0</detectionScore></element><element><id>20</id><category>switch</category><bounds><corner1>-0.11242682174506147, -0.26354435731009307, -0.09142855334540789</corner1><corner2>0.11242682174506147, 0.26354435731009307, 0.09142855334540789</corner2></bounds><pose><translation>-1.8857832988348195, 1.5692836210104393, -0.838654752051752</translation><rotation><c1>0, 0, 0</c1><c2>0, 0, 0</c2><c3>0, 0, 0</c3></rotation></pose><symmetry><x>twoFold</x><y>cylindrical</y><z>twoFold</z></symmetry><detectionScore>-1.0</detectionScore></element></elements></scene>