<?xml version='1.0' encoding='utf-8'?>
<scene xmlns:sumo="https://www.sumochallenge.org"><version>2.0</version><categories><id>fb_categories_v1.0</id><url>https://sumochallenge.org/en/categories-1_0.json</url></categories><project_type>bounding_box</project_type><elements><element><id>4</id><category>plant</category><bounds><corner1>-0.83488955, -0.56165211, -0.4420853 </corner1><corner2>0.83488955, 0.56165211, 0.4420853 </corner2></bounds><pose><translation> 1.55801296, -0.61327785, -1.0194661 </translation><rotation><c1>1., 0., 0.</c1><c2>0., 1., 0.</c2><c3>0., 0., 1.</c3></rotation></pose><symmetry><x>none</x><y>cylindrical</y><z>none</z></symmetry><detectionScore>0.9883526</detectionScore></element><element><id>1</id><category>stand</category><bounds><corner1>-0.46620992, -0.02131   , -0.45360181</corner1><corner2>0.46620992, 0.02131   , 0.45360181</corner2></bounds><pose><translation>-2.37513171, -0.90867109, -1.87850912</translation><rotation><c1>1., 0., 0.</c1><c2>0., 1., 0.</c2><c3>0., 0., 1.</c3></rotation></pose><symmetry><x>none</x><y>none</y><z>none</z></symmetry><detectionScore>0.90389913</detectionScore></element><element><id>5</id><category>mirror</category><bounds><corner1>-0.43283539, -0.88012024, -0.052047  </corner1><corner2>0.43283539, 0.88012024, 0.052047  </corner2></bounds><pose><translation>-0.06212046, -0.48218943, -3.02882401</translation><rotation><c1>1., 0., 0.</c1><c2>0., 1., 0.</c2><c3>0., 0., 1.</c3></rotation></pose><symmetry><x>none</x><y>none</y><z>twoFold</z></symmetry><detectionScore>0.9782462</detectionScore></element><element><id>3</id><category>door</category><bounds><corner1>-0.84940733, -0.99828501, -1.82576954</corner1><corner2>0.84940733, 0.99828501, 1.82576954</corner2></bounds><pose><translation> 1.2376588 , -0.30062937, -3.0437437 </translation><rotation><c1>1., 0., 0.</c1><c2>0., 1., 0.</c2><c3>0., 0., 1.</c3></rotation></pose><symmetry><x>twoFold</x><y>twoFold</y><z>twoFold</z></symmetry><detectionScore>0.9790005</detectionScore></element><element><id>2</id><category>sofa</category><bounds><corner1>-0.8262021 , -0.38830346, -0.71468951</corner1><corner2>0.8262021 , 0.38830346, 0.71468951</corner2></bounds><pose><translation>-0.73418964, -1.02125488,  2.42105626</translation><rotation><c1>1., 0., 0.</c1><c2>0., 1., 0.</c2><c3>0., 0., 1.</c3></rotation></pose><symmetry><x>none</x><y>none</y><z>none</z></symmetry><detectionScore>0.9099687</detectionScore></element><element><id>7</id><category>chandelier</category><bounds><corner1>-0.31581933, -0.11613823, -0.15495682</corner1><corner2>0.31581933, 0.11613823, 0.15495682</corner2></bounds><pose><translation> 0.18518625,  1.08864997, -1.33495273</translation><rotation><c1>1., 0., 0.</c1><c2>0., 1., 0.</c2><c3>0., 0., 1.</c3></rotation></pose><symmetry><x>none</x><y>cylindrical</y><z>none</z></symmetry><detectionScore>0.9926973</detectionScore></element><element><id>8</id><category>hanging_kitchen_cabinet</category><bounds><corner1>-0.08221358, -0.76559888, -0.20301645</corner1><corner2>0.08221358, 0.76559888, 0.20301645</corner2></bounds><pose><translation>-0.39726911,  0.40718585, -1.05802382</translation><rotation><c1>1., 0., 0.</c1><c2>0., 1., 0.</c2><c3>0., 0., 1.</c3></rotation></pose><symmetry><x>none</x><y>none</y><z>twoFold</z></symmetry><detectionScore>0.5049849</detectionScore></element><element><id>6</id><category>shelving</category><bounds><corner1>-0.30297699, -0.70102962, -0.69750692</corner1><corner2>0.30297699, 0.70102962, 0.69750692</corner2></bounds><pose><translation> 2.10398199, -0.73189557, -0.31627527</translation><rotation><c1>1., 0., 0.</c1><c2>0., 1., 0.</c2><c3>0., 0., 1.</c3></rotation></pose><symmetry><x>twoFold</x><y>twoFold</y><z>twoFold</z></symmetry><detectionScore>0.9801396</detectionScore></element></elements></scene>