<?xml version='1.0' encoding='utf-8'?>
<scene xmlns:sumo="https://www.sumochallenge.org"><version>2.0</version><categories><id>fb_categories_v1.0</id><url>https://sumochallenge.org/en/categories-1_0.json</url></categories><project_type>bounding_box</project_type><elements><element><id>18</id><category>wall</category><bounds><corner1>-0.6358733 , -0.97220425, -5.67492042</corner1><corner2>0.6358733 , 0.97220425, 5.67492042</corner2></bounds><pose><translation>-0.34094156, -0.01836164,  1.14400499</translation><rotation><c1>1., 0., 0.</c1><c2>0., 1., 0.</c2><c3>0., 0., 1.</c3></rotation></pose><symmetry><x>none</x><y>twoFold</y><z>none</z></symmetry><detectionScore>0.88217795</detectionScore></element><element><id>5</id><category>wall</category><bounds><corner1>-1.60268888, -1.21782123, -4.01203918</corner1><corner2>1.60268888, 1.21782123, 4.01203918</corner2></bounds><pose><translation>-1.23219554, -0.05469011, -5.09303056</translation><rotation><c1>1., 0., 0.</c1><c2>0., 1., 0.</c2><c3>0., 0., 1.</c3></rotation></pose><symmetry><x>none</x><y>twoFold</y><z>none</z></symmetry><detectionScore>0.6619698</detectionScore></element><element><id>15</id><category>kitchen_cabinet</category><bounds><corner1>-0.31697359, -1.23590226, -0.53315684</corner1><corner2>0.31697359, 1.23590226, 0.53315684</corner2></bounds><pose><translation> 2.19497568, -0.39126451, -0.57323268</translation><rotation><c1>1., 0., 0.</c1><c2>0., 1., 0.</c2><c3>0., 0., 1.</c3></rotation></pose><symmetry><x>none</x><y>none</y><z>none</z></symmetry><detectionScore>0.98928386</detectionScore></element><element><id>10</id><category>plant</category><bounds><corner1>-0.15096767, -0.24422896, -0.21798087</corner1><corner2>0.15096767, 0.24422896, 0.21798087</corner2></bounds><pose><translation> 0.19230881, -0.23792634,  1.02501992</translation><rotation><c1>1., 0., 0.</c1><c2>0., 1., 0.</c2><c3>0., 0., 1.</c3></rotation></pose><symmetry><x>none</x><y>cylindrical</y><z>none</z></symmetry><detectionScore>0.53501093</detectionScore></element><element><id>11</id><category>kitchen_cabinet</category><bounds><corner1>-0.57947986, -1.04218726, -0.61559557</corner1><corner2>0.57947986, 1.04218726, 0.61559557</corner2></bounds><pose><translation> 1.91287608, -0.21354112, -3.0777878 </translation><rotation><c1>1., 0., 0.</c1><c2>0., 1., 0.</c2><c3>0., 0., 1.</c3></rotation></pose><symmetry><x>none</x><y>none</y><z>none</z></symmetry><detectionScore>0.9907849</detectionScore></element><element><id>4</id><category>wall</category><bounds><corner1>-1.01919159, -1.23940564, -0.74743284</corner1><corner2>1.01919159, 1.23940564, 0.74743284</corner2></bounds><pose><translation>-0.16277675, -0.044529  , -6.44359002</translation><rotation><c1>1., 0., 0.</c1><c2>0., 1., 0.</c2><c3>0., 0., 1.</c3></rotation></pose><symmetry><x>none</x><y>twoFold</y><z>none</z></symmetry><detectionScore>0.9233683</detectionScore></element><element><id>6</id><category>plant</category><bounds><corner1>-0.09404537, -0.46265676, -0.47598235</corner1><corner2>0.09404537, 0.46265676, 0.47598235</corner2></bounds><pose><translation>-0.92783252, -0.9428104 , -1.54094642</translation><rotation><c1>1., 0., 0.</c1><c2>0., 1., 0.</c2><c3>0., 0., 1.</c3></rotation></pose><symmetry><x>none</x><y>cylindrical</y><z>none</z></symmetry><detectionScore>0.63707787</detectionScore></element><element><id>3</id><category>refrigerator</category><bounds><corner1>-0.92996159, -0.99453597, -0.43590693</corner1><corner2>0.92996159, 0.99453597, 0.43590693</corner2></bounds><pose><translation>-2.51591133, -0.51630549, -0.41528935</translation><rotation><c1>1., 0., 0.</c1><c2>0., 1., 0.</c2><c3>0., 0., 1.</c3></rotation></pose><symmetry><x>none</x><y>none</y><z>twoFold</z></symmetry><detectionScore>0.9582104</detectionScore></element><element><id>19</id><category>kitchen_cabinet</category><bounds><corner1>-0.30886897, -1.09658254, -0.43821622</corner1><corner2>0.30886897, 1.09658254, 0.43821622</corner2></bounds><pose><translation> 2.20802808, -0.28972754, -1.1845486 </translation><rotation><c1>1., 0., 0.</c1><c2>0., 1., 0.</c2><c3>0., 0., 1.</c3></rotation></pose><symmetry><x>none</x><y>none</y><z>none</z></symmetry><detectionScore>0.9557269</detectionScore></element><element><id>12</id><category>plant</category><bounds><corner1>-0.50083731, -1.00594543, -3.11093456</corner1><corner2>0.50083731, 1.00594543, 3.11093456</corner2></bounds><pose><translation>-0.44800746, -1.06696768,  3.71010387</translation><rotation><c1>1., 0., 0.</c1><c2>0., 1., 0.</c2><c3>0., 0., 1.</c3></rotation></pose><symmetry><x>none</x><y>cylindrical</y><z>none</z></symmetry><detectionScore>0.85791415</detectionScore></element><element><id>1</id><category>kitchen_cabinet</category><bounds><corner1>-1.01184538, -1.54428327, -0.29557435</corner1><corner2>1.01184538, 1.54428327, 0.29557435</corner2></bounds><pose><translation> 1.4790194 , -0.42736971,  0.23650637</translation><rotation><c1>1., 0., 0.</c1><c2>0., 1., 0.</c2><c3>0., 0., 1.</c3></rotation></pose><symmetry><x>none</x><y>none</y><z>none</z></symmetry><detectionScore>0.98910844</detectionScore></element><element><id>17</id><category>refrigerator</category><bounds><corner1>-0.02601071, -0.8045203 , -0.27881115</corner1><corner2>0.02601071, 0.8045203 , 0.27881115</corner2></bounds><pose><translation>-1.59304105, -0.43917917,  0.21304446</translation><rotation><c1>1., 0., 0.</c1><c2>0., 1., 0.</c2><c3>0., 0., 1.</c3></rotation></pose><symmetry><x>none</x><y>none</y><z>twoFold</z></symmetry><detectionScore>0.98071873</detectionScore></element><element><id>13</id><category>wall</category><bounds><corner1>-0.89120003, -1.22140669, -1.20430596</corner1><corner2>0.89120003, 1.22140669, 1.20430596</corner2></bounds><pose><translation>-4.2449407 , -0.02978733, -2.72304285</translation><rotation><c1>1., 0., 0.</c1><c2>0., 1., 0.</c2><c3>0., 0., 1.</c3></rotation></pose><symmetry><x>none</x><y>twoFold</y><z>none</z></symmetry><detectionScore>0.9757672</detectionScore></element><element><id>16</id><category>kitchen_cabinet</category><bounds><corner1>-0.68710164, -0.90921785, -0.69813327</corner1><corner2>0.68710164, 0.90921785, 0.69813327</corner2></bounds><pose><translation>-3.11610765, -0.48720355, -1.15685684</translation><rotation><c1>1., 0., 0.</c1><c2>0., 1., 0.</c2><c3>0., 0., 1.</c3></rotation></pose><symmetry><x>none</x><y>none</y><z>none</z></symmetry><detectionScore>0.74302447</detectionScore></element><element><id>9</id><category>dining_table</category><bounds><corner1>-0.88667542, -0.43517273, -0.92585271</corner1><corner2>0.88667542, 0.43517273, 0.92585271</corner2></bounds><pose><translation>-1.92040696, -0.91936566, -4.46163122</translation><rotation><c1>1., 0., 0.</c1><c2>0., 1., 0.</c2><c3>0., 0., 1.</c3></rotation></pose><symmetry><x>none</x><y>twoFold</y><z>none</z></symmetry><detectionScore>0.61466914</detectionScore></element><element><id>8</id><category>wall</category><bounds><corner1>-0.46985461, -1.23696001, -1.88292048</corner1><corner2>0.46985461, 1.23696001, 1.88292048</corner2></bounds><pose><translation> 1.49905295,  0.04479188, -4.99763909</translation><rotation><c1>1., 0., 0.</c1><c2>0., 1., 0.</c2><c3>0., 0., 1.</c3></rotation></pose><symmetry><x>none</x><y>twoFold</y><z>none</z></symmetry><detectionScore>0.9689181</detectionScore></element><element><id>7</id><category>sofa</category><bounds><corner1>-0.8938571 , -0.65632987, -1.27319884</corner1><corner2>0.8938571 , 0.65632987, 1.27319884</corner2></bounds><pose><translation>-1.33406168, -0.77108532,  5.37749149</translation><rotation><c1>1., 0., 0.</c1><c2>0., 1., 0.</c2><c3>0., 0., 1.</c3></rotation></pose><symmetry><x>none</x><y>none</y><z>none</z></symmetry><detectionScore>0.6989189</detectionScore></element><element><id>14</id><category>wall</category><bounds><corner1>-0.16615774, -1.35226389, -0.24333911</corner1><corner2>0.16615774, 1.35226389, 0.24333911</corner2></bounds><pose><translation>-3.00492646, -0.05756212, -4.51191352</translation><rotation><c1>1., 0., 0.</c1><c2>0., 1., 0.</c2><c3>0., 0., 1.</c3></rotation></pose><symmetry><x>none</x><y>twoFold</y><z>none</z></symmetry><detectionScore>0.8603651</detectionScore></element></elements></scene>