<?xml version='1.0' encoding='utf-8'?>
<scene xmlns:sumo="https://www.sumochallenge.org"><version>2.0</version><categories><id>fb_categories_v1.0</id><url>https://sumochallenge.org/en/categories-1_0.json</url></categories><project_type>bounding_box</project_type><elements><element><id>6</id><category>door</category><bounds><corner1>-0.21819972, -1.0955136 , -1.68411065</corner1><corner2>0.21819972, 1.0955136 , 1.68411065</corner2></bounds><pose><translation> 3.19830248, -0.34096147,  5.55378774</translation><rotation><c1>1., 0., 0.</c1><c2>0., 1., 0.</c2><c3>0., 0., 1.</c3></rotation></pose><symmetry><x>none</x><y>none</y><z>none</z></symmetry><detectionScore>-1</detectionScore></element><element><id>7</id><category>fence</category><bounds><corner1>-0.21770781, -0.09428608, -1.41304272</corner1><corner2>0.21770781, 0.09428608, 1.41304272</corner2></bounds><pose><translation>-0.1773499 ,  0.        , -1.41304272</translation><rotation><c1>1., 0., 0.</c1><c2>0., 1., 0.</c2><c3>0., 0., 1.</c3></rotation></pose><symmetry><x>none</x><y>none</y><z>none</z></symmetry><detectionScore>-1</detectionScore></element><element><id>5</id><category>table_and_chair</category><bounds><corner1>-0.98345633, -0.73305897, -8.11212507</corner1><corner2>0.98345633, 0.73305897, 8.11212507</corner2></bounds><pose><translation>-0.08299097, -1.35941139,  3.99079529</translation><rotation><c1>1., 0., 0.</c1><c2>0., 1., 0.</c2><c3>0., 0., 1.</c3></rotation></pose><symmetry><x>none</x><y>none</y><z>none</z></symmetry><detectionScore>-1</detectionScore></element><element><id>3</id><category>ottoman</category><bounds><corner1>-0.69900741, -0.0287189 , -0.16765433</corner1><corner2>0.69900741, 0.0287189 , 0.16765433</corner2></bounds><pose><translation> 1.7479553 , -1.05318976, -0.52329723</translation><rotation><c1>1., 0., 0.</c1><c2>0., 1., 0.</c2><c3>0., 0., 1.</c3></rotation></pose><symmetry><x>none</x><y>none</y><z>none</z></symmetry><detectionScore>-1</detectionScore></element><element><id>4</id><category>plant</category><bounds><corner1>-1.08130855, -1.03233037, -3.05784032</corner1><corner2>1.08130855, 1.03233037, 3.05784032</corner2></bounds><pose><translation>-2.71416398, -0.63231867,  4.13462576</translation><rotation><c1>1., 0., 0.</c1><c2>0., 1., 0.</c2><c3>0., 0., 1.</c3></rotation></pose><symmetry><x>none</x><y>none</y><z>none</z></symmetry><detectionScore>-1</detectionScore></element><element><id>2</id><category>wall</category><bounds><corner1>-2.73405844, -1.1480504 , -0.43176541</corner1><corner2>2.73405844, 1.1480504 , 0.43176541</corner2></bounds><pose><translation> 3.37219125e-01, -1.24101050e-02,  1.25161016e+01</translation><rotation><c1>1., 0., 0.</c1><c2>0., 1., 0.</c2><c3>0., 0., 1.</c3></rotation></pose><symmetry><x>none</x><y>none</y><z>none</z></symmetry><detectionScore>-1</detectionScore></element><element><id>1</id><category>tv_stand</category><bounds><corner1>-0.30742999, -0.9557567 , -1.15812656</corner1><corner2>0.30742999, 0.9557567 , 1.15812656</corner2></bounds><pose><translation> 3.10682088, -0.5163364 ,  0.32916002</translation><rotation><c1>1., 0., 0.</c1><c2>0., 1., 0.</c2><c3>0., 0., 1.</c3></rotation></pose><symmetry><x>none</x><y>none</y><z>none</z></symmetry><detectionScore>-1</detectionScore></element></elements></scene>