<?xml version='1.0' encoding='utf-8'?>
<scene xmlns:sumo="https://www.sumochallenge.org"><version>2.0</version><categories><id>fb_categories_v1_0</id><url>https://sumochallenge.org/en/categories-1_0.json</url></categories><project_type>bounding_box</project_type><elements><element><id>0</id><category>dresser</category><bounds><corner1>-1.6666943765169029, -0.3423746874483954, -0.6555235149485248</corner1><corner2>1.6666943765169029, 0.3423746874483954, 0.6555235149485248</corner2></bounds><pose><translation>-2.943274958540751, -0.9141755722808387, -1.0662465330507591</translation><rotation><c1>1, 0, 0</c1><c2>0, 1, 0</c2><c3>0, 0, 1</c3></rotation></pose><symmetry><x>twoFold</x><y>cylindrical</y><z>twoFold</z></symmetry><detectionScore>-1.0</detectionScore></element><element><id>1</id><category>coffee_table</category><bounds><corner1>-0.18791986838066776, -0.29595573778160156, -0.24877882551795216</corner1><corner2>0.18791986838066776, 0.29595573778160156, 0.24877882551795216</corner2></bounds><pose><translation>-2.0521843859268047, -1.3631627095807382, 1.1011318727274373</translation><rotation><c1>1, 0, 0</c1><c2>0, 1, 0</c2><c3>0, 0, 1</c3></rotation></pose><symmetry><x>twoFold</x><y>cylindrical</y><z>twoFold</z></symmetry><detectionScore>-1.0</detectionScore></element><element><id>2</id><category>coffee_table</category><bounds><corner1>-0.528410668629694, -0.26308183560205034, -3.842238151256867</corner1><corner2>0.528410668629694, 0.26308183560205034, 3.842238151256867</corner2></bounds><pose><translation>-0.5583286187416359, -0.9701699869213004, 1.6055930828471117</translation><rotation><c1>1, 0, 0</c1><c2>0, 1, 0</c2><c3>0, 0, 1</c3></rotation></pose><symmetry><x>twoFold</x><y>cylindrical</y><z>twoFold</z></symmetry><detectionScore>-1.0</detectionScore></element><element><id>3</id><category>chandelier</category><bounds><corner1>-0.6698098151287533, -0.20322972822090546, -0.30985309157405183</corner1><corner2>0.6698098151287533, 0.20322972822090546, 0.30985309157405183</corner2></bounds><pose><translation>1.2653764563536525, 1.2479160444843016, -2.047326246073217</translation><rotation><c1>1, 0, 0</c1><c2>0, 1, 0</c2><c3>0, 0, 1</c3></rotation></pose><symmetry><x>twoFold</x><y>cylindrical</y><z>twoFold</z></symmetry><detectionScore>-1.0</detectionScore></element><element><id>4</id><category>floor_lamp</category><bounds><corner1>-1.027877415111918, -0.8353145993374665, -0.7844467841062643</corner1><corner2>1.027877415111918, 0.8353145993374665, 0.7844467841062643</corner2></bounds><pose><translation>-2.861103686050093, -0.7706238566867633, 1.7132595818654126</translation><rotation><c1>1, 0, 0</c1><c2>0, 1, 0</c2><c3>0, 0, 1</c3></rotation></pose><symmetry><x>twoFold</x><y>cylindrical</y><z>twoFold</z></symmetry><detectionScore>-1.0</detectionScore></element><element><id>5</id><category>window</category><bounds><corner1>-0.8856318232264505, -1.2222533636757078, -0.25765218780818433</corner1><corner2>0.8856318232264505, 1.2222533636757078, 0.25765218780818433</corner2></bounds><pose><translation>-0.35570198549526855, 0.03575875259705771, 5.223910908306382</translation><rotation><c1>1, 0, 0</c1><c2>0, 1, 0</c2><c3>0, 0, 1</c3></rotation></pose><symmetry><x>twoFold</x><y>cylindrical</y><z>twoFold</z></symmetry><detectionScore>-1.0</detectionScore></element><element><id>6</id><category>curtain</category><bounds><corner1>-0.9263736881193373, -1.331152163559892, -0.2567694770675377</corner1><corner2>0.9263736881193373, 1.331152163559892, 0.2567694770675377</corner2></bounds><pose><translation>-0.43924259266384363, 0.005110927649919489, 5.224793619047029</translation><rotation><c1>1, 0, 0</c1><c2>0, 1, 0</c2><c3>0, 0, 1</c3></rotation></pose><symmetry><x>twoFold</x><y>cylindrical</y><z>twoFold</z></symmetry><detectionScore>-1.0</detectionScore></element><element><id>7</id><category>floor_lamp</category><bounds><corner1>-1.026984272166433, -1.119534049091223, -0.6724681331317033</corner1><corner2>1.026984272166433, 1.119534049091223, 0.6724681331317033</corner2></bounds><pose><translation>-2.601700700435852, -0.7263159383172039, 4.737629760215209</translation><rotation><c1>1, 0, 0</c1><c2>0, 1, 0</c2><c3>0, 0, 1</c3></rotation></pose><symmetry><x>twoFold</x><y>cylindrical</y><z>twoFold</z></symmetry><detectionScore>-1.0</detectionScore></element><element><id>8</id><category>tv_stand</category><bounds><corner1>-0.19885026206200307, -1.0735609623053863, -1.5334704084898454</corner1><corner2>0.19885026206200307, 1.0735609623053863, 1.5334704084898454</corner2></bounds><pose><translation>0.8947011428142096, -0.5690559932767134, 3.9478240747094504</translation><rotation><c1>1, 0, 0</c1><c2>0, 1, 0</c2><c3>0, 0, 1</c3></rotation></pose><symmetry><x>twoFold</x><y>cylindrical</y><z>twoFold</z></symmetry><detectionScore>-1.0</detectionScore></element><element><id>9</id><category>tv_stand</category><bounds><corner1>-0.30108404956979795, -0.7043749449943901, -2.087020192817177</corner1><corner2>0.30108404956979795, 0.7043749449943901, 2.087020192817177</corner2></bounds><pose><translation>0.8183475840417043, -1.1893339891962895, 2.8687192770227607</translation><rotation><c1>1, 0, 0</c1><c2>0, 1, 0</c2><c3>0, 0, 1</c3></rotation></pose><symmetry><x>twoFold</x><y>cylindrical</y><z>twoFold</z></symmetry><detectionScore>-1.0</detectionScore></element><element><id>10</id><category>kitchen_cabinet</category><bounds><corner1>-1.6460909020171333, -0.3176269214251394, -0.6277189971039349</corner1><corner2>1.6460909020171333, 0.3176269214251394, 0.6277189971039349</corner2></bounds><pose><translation>-2.914639002012839, -0.9258816959898035, -1.0425244758798087</translation><rotation><c1>1, 0, 0</c1><c2>0, 1, 0</c2><c3>0, 0, 1</c3></rotation></pose><symmetry><x>twoFold</x><y>cylindrical</y><z>twoFold</z></symmetry><detectionScore>-1.0</detectionScore></element><element><id>11</id><category>chandelier</category><bounds><corner1>-1.0072569054590093, -0.14220242328998967, -0.9764180566352254</corner1><corner2>1.0072569054590093, 0.14220242328998967, 0.9764180566352254</corner2></bounds><pose><translation>-1.789265479887365, 1.342280660014845, -2.8653473475511966</translation><rotation><c1>1, 0, 0</c1><c2>0, 1, 0</c2><c3>0, 0, 1</c3></rotation></pose><symmetry><x>twoFold</x><y>cylindrical</y><z>twoFold</z></symmetry><detectionScore>-1.0</detectionScore></element><element><id>12</id><category>door</category><bounds><corner1>-0.12160960821676281, -1.149796971372419, -1.1642944431184192</corner1><corner2>0.12160960821676281, 1.149796971372419, 1.1642944431184192</corner2></bounds><pose><translation>0.9675146781500592, -0.19385068945040332, 4.22928661920222</translation><rotation><c1>1, 0, 0</c1><c2>0, 1, 0</c2><c3>0, 0, 1</c3></rotation></pose><symmetry><x>twoFold</x><y>cylindrical</y><z>twoFold</z></symmetry><detectionScore>-1.0</detectionScore></element><element><id>13</id><category>chandelier</category><bounds><corner1>-0.9737932457935661, -0.258709591914823, -0.7221406853023278</corner1><corner2>0.9737932457935661, 0.258709591914823, 0.7221406853023278</corner2></bounds><pose><translation>1.179482783514644, 1.1564135485732607, -2.9681458547239155</translation><rotation><c1>1, 0, 0</c1><c2>0, 1, 0</c2><c3>0, 0, 1</c3></rotation></pose><symmetry><x>twoFold</x><y>cylindrical</y><z>twoFold</z></symmetry><detectionScore>-1.0</detectionScore></element><element><id>14</id><category>table_lamp</category><bounds><corner1>-1.0294986945072988, -0.6471565704839485, -0.7204344390612936</corner1><corner2>1.0294986945072988, 0.6471565704839485, 0.7204344390612936</corner2></bounds><pose><translation>-2.990314581510886, -0.6504280890616908, 1.78923093509096</translation><rotation><c1>1, 0, 0</c1><c2>0, 1, 0</c2><c3>0, 0, 1</c3></rotation></pose><symmetry><x>twoFold</x><y>cylindrical</y><z>twoFold</z></symmetry><detectionScore>-1.0</detectionScore></element><element><id>15</id><category>chair</category><bounds><corner1>-0.5754705812064236, -0.3308396635781568, -0.7473363744690023</corner1><corner2>0.5754705812064236, 0.3308396635781568, 0.7473363744690023</corner2></bounds><pose><translation>-2.4156999615260544, -0.7612835324486086, -1.7510574664790295</translation><rotation><c1>1, 0, 0</c1><c2>0, 1, 0</c2><c3>0, 0, 1</c3></rotation></pose><symmetry><x>twoFold</x><y>cylindrical</y><z>twoFold</z></symmetry><detectionScore>-1.0</detectionScore></element><element><id>16</id><category>chandelier</category><bounds><corner1>-0.4869703098450928, -0.04721203395565854, -0.6412545833232879</corner1><corner2>0.4869703098450928, 0.04721203395565854, 0.6412545833232879</corner2></bounds><pose><translation>1.683586916759351, 1.3722890071625249, -2.82914944376859</translation><rotation><c1>1, 0, 0</c1><c2>0, 1, 0</c2><c3>0, 0, 1</c3></rotation></pose><symmetry><x>twoFold</x><y>cylindrical</y><z>twoFold</z></symmetry><detectionScore>-1.0</detectionScore></element><element><id>17</id><category>kitchen_cabinet</category><bounds><corner1>-0.8142153832999468, -0.6137898406291511, -0.46322488681872054</corner1><corner2>0.8142153832999468, 0.6137898406291511, 0.46322488681872054</corner2></bounds><pose><translation>1.7852110167695159, -1.225914122170661, -3.204154029817248</translation><rotation><c1>1, 0, 0</c1><c2>0, 1, 0</c2><c3>0, 0, 1</c3></rotation></pose><symmetry><x>twoFold</x><y>cylindrical</y><z>twoFold</z></symmetry><detectionScore>-1.0</detectionScore></element><element><id>18</id><category>armchair</category><bounds><corner1>-0.9574164993073546, -0.3078527260319376, -3.861277420036032</corner1><corner2>0.9574164993073546, 0.3078527260319376, 3.861277420036032</corner2></bounds><pose><translation>-0.4551378429217951, -1.0149408773511877, 1.5865538140679467</translation><rotation><c1>1, 0, 0</c1><c2>0, 1, 0</c2><c3>0, 0, 1</c3></rotation></pose><symmetry><x>twoFold</x><y>cylindrical</y><z>twoFold</z></symmetry><detectionScore>-1.0</detectionScore></element><element><id>19</id><category>wall</category><bounds><corner1>-1.748653363233708, -1.3862048170941623, -0.2921944807813057</corner1><corner2>1.748653363233708, 1.3862048170941623, 0.2921944807813057</corner2></bounds><pose><translation>-1.1388225127555271, -0.03556199950367633, 5.189368615333261</translation><rotation><c1>1, 0, 0</c1><c2>0, 1, 0</c2><c3>0, 0, 1</c3></rotation></pose><symmetry><x>twoFold</x><y>cylindrical</y><z>twoFold</z></symmetry><detectionScore>-1.0</detectionScore></element><element><id>20</id><category>chair</category><bounds><corner1>-0.5314310913257649, -0.44273041873118557, -0.47063957767454284</corner1><corner2>0.5314310913257649, 0.44273041873118557, 0.47063957767454284</corner2></bounds><pose><translation>-1.7310649517872814, -1.0860683510321072, -0.8813625957767771</translation><rotation><c1>1, 0, 0</c1><c2>0, 1, 0</c2><c3>0, 0, 1</c3></rotation></pose><symmetry><x>twoFold</x><y>cylindrical</y><z>twoFold</z></symmetry><detectionScore>-1.0</detectionScore></element><element><id>21</id><category>wall</category><bounds><corner1>-1.8840478367498306, -1.5101202132001108, -2.2956763620240874</corner1><corner2>1.8840478367498306, 1.5101202132001108, 2.2956763620240874</corner2></bounds><pose><translation>-0.8324737180020547, -0.13374074092829785, -3.8992486959430144</translation><rotation><c1>1, 0, 0</c1><c2>0, 1, 0</c2><c3>0, 0, 1</c3></rotation></pose><symmetry><x>twoFold</x><y>cylindrical</y><z>twoFold</z></symmetry><detectionScore>-1.0</detectionScore></element><element><id>22</id><category>wall</category><bounds><corner1>-4.05836442382083, -1.3608154842956321, -0.7091427181609191</corner1><corner2>4.05836442382083, 1.3608154842956321, 0.7091427181609191</corner2></bounds><pose><translation>1.408858422728671, -0.04742423325641467, -0.1063163263114894</translation><rotation><c1>1, 0, 0</c1><c2>0, 1, 0</c2><c3>0, 0, 1</c3></rotation></pose><symmetry><x>twoFold</x><y>cylindrical</y><z>twoFold</z></symmetry><detectionScore>-1.0</detectionScore></element><element><id>23</id><category>wall</category><bounds><corner1>-0.512184450016892, -0.4743593197704776, -2.1891427239151655</corner1><corner2>0.512184450016892, 0.4743593197704776, 2.1891427239151655</corner2></bounds><pose><translation>0.5989044959741656, 1.0131806031427892, 2.4727614512378215</translation><rotation><c1>1, 0, 0</c1><c2>0, 1, 0</c2><c3>0, 0, 1</c3></rotation></pose><symmetry><x>twoFold</x><y>cylindrical</y><z>twoFold</z></symmetry><detectionScore>-1.0</detectionScore></element><element><id>24</id><category>ottoman</category><bounds><corner1>-0.1847426995708501, -0.2926220339985883, -0.24297557063954356</corner1><corner2>0.1847426995708501, 0.2926220339985883, 0.24297557063954356</corner2></bounds><pose><translation>-2.049007217116987, -1.359829005797725, 1.106935127605846</translation><rotation><c1>1, 0, 0</c1><c2>0, 1, 0</c2><c3>0, 0, 1</c3></rotation></pose><symmetry><x>twoFold</x><y>cylindrical</y><z>twoFold</z></symmetry><detectionScore>-1.0</detectionScore></element><element><id>25</id><category>plant</category><bounds><corner1>-0.6122598557070535, -1.0528632396892348, -0.44124114960540123</corner1><corner2>0.6122598557070535, 1.0528632396892348, 0.44124114960540123</corner2></bounds><pose><translation>-3.44767981046747, -0.9591318254328927, 0.20648232014141849</translation><rotation><c1>1, 0, 0</c1><c2>0, 1, 0</c2><c3>0, 0, 1</c3></rotation></pose><symmetry><x>twoFold</x><y>cylindrical</y><z>twoFold</z></symmetry><detectionScore>-1.0</detectionScore></element><element><id>26</id><category>curtain</category><bounds><corner1>-1.1610638052352726, -1.3637714189580852, -0.29997078839890445</corner1><corner2>1.1610638052352726, 1.3637714189580852, 0.29997078839890445</corner2></bounds><pose><translation>-2.182096301165955, -0.03535219570612923, 5.16840950120824</translation><rotation><c1>1, 0, 0</c1><c2>0, 1, 0</c2><c3>0, 0, 1</c3></rotation></pose><symmetry><x>twoFold</x><y>cylindrical</y><z>twoFold</z></symmetry><detectionScore>-1.0</detectionScore></element><element><id>27</id><category>window</category><bounds><corner1>-1.2289055272907248, -1.2785396863353804, -0.18645333725864788</corner1><corner2>1.2289055272907248, 1.2785396863353804, 0.18645333725864788</corner2></bounds><pose><translation>-2.2936264531620956, -0.0959426966867465, 5.165595914100802</translation><rotation><c1>1, 0, 0</c1><c2>0, 1, 0</c2><c3>0, 0, 1</c3></rotation></pose><symmetry><x>twoFold</x><y>cylindrical</y><z>twoFold</z></symmetry><detectionScore>-1.0</detectionScore></element><element><id>28</id><category>chair</category><bounds><corner1>-0.5606768881807832, -0.5254343306506128, -0.6511220600552268</corner1><corner2>0.5606768881807832, 0.5254343306506128, 0.6511220600552268</corner2></bounds><pose><translation>-1.2904740133270587, -0.8720536968260907, -2.0930132621895963</translation><rotation><c1>1, 0, 0</c1><c2>0, 1, 0</c2><c3>0, 0, 1</c3></rotation></pose><symmetry><x>twoFold</x><y>cylindrical</y><z>twoFold</z></symmetry><detectionScore>-1.0</detectionScore></element><element><id>29</id><category>sofa</category><bounds><corner1>-0.831790582745108, -0.2689444720139619, -3.8201921921978808</corner1><corner2>0.831790582745108, 0.2689444720139619, 3.8201921921978808</corner2></bounds><pose><translation>-0.5462289832716946, -0.976032623333212, 1.63265343633442</translation><rotation><c1>1, 0, 0</c1><c2>0, 1, 0</c2><c3>0, 0, 1</c3></rotation></pose><symmetry><x>twoFold</x><y>cylindrical</y><z>twoFold</z></symmetry><detectionScore>-1.0</detectionScore></element><element><id>30</id><category>chair</category><bounds><corner1>-0.5664221700248503, -0.7237497294946245, -0.7665651257304325</corner1><corner2>0.5664221700248503, 0.7237497294946245, 0.7665651257304325</corner2></bounds><pose><translation>-0.7036330350239558, -1.1616732774002514, -2.0935759896182344</translation><rotation><c1>1, 0, 0</c1><c2>0, 1, 0</c2><c3>0, 0, 1</c3></rotation></pose><symmetry><x>twoFold</x><y>cylindrical</y><z>twoFold</z></symmetry><detectionScore>-1.0</detectionScore></element><element><id>31</id><category>plant</category><bounds><corner1>-0.7240354254243273, -0.5962090696502831, -0.30995337214957</corner1><corner2>0.7240354254243273, 0.5962090696502831, 0.30995337214957</corner2></bounds><pose><translation>1.5367716700891887, -1.336974846922723, -2.9846197286648612</translation><rotation><c1>1, 0, 0</c1><c2>0, 1, 0</c2><c3>0, 0, 1</c3></rotation></pose><symmetry><x>twoFold</x><y>cylindrical</y><z>twoFold</z></symmetry><detectionScore>-1.0</detectionScore></element><element><id>32</id><category>window</category><bounds><corner1>-1.0103890704867968, -1.129158814270198, -2.1402517674008923</corner1><corner2>1.0103890704867968, 1.129158814270198, 2.1402517674008923</corner2></bounds><pose><translation>2.0390661951675533, 0.058276681618823704, -3.5096488133252577</translation><rotation><c1>1, 0, 0</c1><c2>0, 1, 0</c2><c3>0, 0, 1</c3></rotation></pose><symmetry><x>twoFold</x><y>cylindrical</y><z>twoFold</z></symmetry><detectionScore>-1.0</detectionScore></element><element><id>33</id><category>chandelier</category><bounds><corner1>-0.6878768568584508, -0.06125512725432447, -1.0350929366159893</corner1><corner2>0.6878768568584508, 0.06125512725432447, 1.0350929366159893</corner2></bounds><pose><translation>1.7900335769481501, 1.3420448568575782, -3.2629080035087292</translation><rotation><c1>1, 0, 0</c1><c2>0, 1, 0</c2><c3>0, 0, 1</c3></rotation></pose><symmetry><x>twoFold</x><y>cylindrical</y><z>twoFold</z></symmetry><detectionScore>-1.0</detectionScore></element><element><id>34</id><category>door</category><bounds><corner1>-4.494466041541656, -1.9728919296958836, -0.915957543394311</corner1><corner2>4.494466041541656, 1.9728919296958836, 0.915957543394311</corner2></bounds><pose><translation>2.9251007843445205, -0.5883344251674522, 1.2390293135919324</translation><rotation><c1>1, 0, 0</c1><c2>0, 1, 0</c2><c3>0, 0, 1</c3></rotation></pose><symmetry><x>twoFold</x><y>cylindrical</y><z>twoFold</z></symmetry><detectionScore>-1.0</detectionScore></element><element><id>35</id><category>wall</category><bounds><corner1>-0.20547324837011716, -1.268064765137633, -0.922801884290422</corner1><corner2>0.20547324837011716, 1.268064765137633, 0.922801884290422</corner2></bounds><pose><translation>0.8718236285369669, 0.01357242598598701, 4.5587612118241445</translation><rotation><c1>1, 0, 0</c1><c2>0, 1, 0</c2><c3>0, 0, 1</c3></rotation></pose><symmetry><x>twoFold</x><y>cylindrical</y><z>twoFold</z></symmetry><detectionScore>-1.0</detectionScore></element><element><id>36</id><category>picture_frame</category><bounds><corner1>-0.7315173241418329, -1.005391895507209, -1.994977815385938</corner1><corner2>0.7315173241418329, 1.005391895507209, 1.994977815385938</corner2></bounds><pose><translation>-1.1919210728642495, -0.19393571835271303, -3.8843095974769204</translation><rotation><c1>1, 0, 0</c1><c2>0, 1, 0</c2><c3>0, 0, 1</c3></rotation></pose><symmetry><x>twoFold</x><y>cylindrical</y><z>twoFold</z></symmetry><detectionScore>-1.0</detectionScore></element><element><id>37</id><category>wall</category><bounds><corner1>-1.787109515610027, -1.4241641307660429, -1.9503015481284824</corner1><corner2>1.787109515610027, 1.4241641307660429, 1.9503015481284824</corner2></bounds><pose><translation>1.2623457500443231, -0.041767960344289014, -3.2540946208466797</translation><rotation><c1>1, 0, 0</c1><c2>0, 1, 0</c2><c3>0, 0, 1</c3></rotation></pose><symmetry><x>twoFold</x><y>cylindrical</y><z>twoFold</z></symmetry><detectionScore>-1.0</detectionScore></element><element><id>38</id><category>vase</category><bounds><corner1>-0.2633241400816524, -0.43302687236183024, -0.1500195004785314</corner1><corner2>0.2633241400816524, 0.43302687236183024, 0.1500195004785314</corner2></bounds><pose><translation>-1.3828102529867292, -0.6062175589795867, -2.19787128645388</translation><rotation><c1>1, 0, 0</c1><c2>0, 1, 0</c2><c3>0, 0, 1</c3></rotation></pose><symmetry><x>twoFold</x><y>cylindrical</y><z>twoFold</z></symmetry><detectionScore>-1.0</detectionScore></element></elements></scene>