<?xml version='1.0' encoding='utf-8'?>
<scene xmlns:sumo="https://www.sumochallenge.org"><version>2.0</version><categories><id>fb_categories_v1.0</id><url>https://sumochallenge.org/en/categories-1_0.json</url></categories><project_type>bounding_box</project_type><elements><element><id>4</id><category>plant</category><bounds><corner1>-3.4241498 , -1.76785684, -0.95816224</corner1><corner2>3.4241498 , 1.76785684, 0.95816224</corner2></bounds><pose><translation> 3.7591617 , -0.16860255,  1.82092589</translation><rotation><c1>1., 0., 0.</c1><c2>0., 1., 0.</c2><c3>0., 0., 1.</c3></rotation></pose><symmetry><x>none</x><y>cylindrical</y><z>none</z></symmetry><detectionScore>0.56329066</detectionScore></element><element><id>1</id><category>plant</category><bounds><corner1>-4.48193121, -0.95609727, -0.35999708</corner1><corner2>4.48193121, 0.95609727, 0.35999708</corner2></bounds><pose><translation> 5.0335378 , -0.22162948,  1.6673125 </translation><rotation><c1>1., 0., 0.</c1><c2>0., 1., 0.</c2><c3>0., 0., 1.</c3></rotation></pose><symmetry><x>none</x><y>cylindrical</y><z>none</z></symmetry><detectionScore>0.70277935</detectionScore></element><element><id>5</id><category>plant</category><bounds><corner1>-0.78710153, -1.30273688, -0.60162055</corner1><corner2>0.78710153, 1.30273688, 0.60162055</corner2></bounds><pose><translation>-5.74471506, -0.45403912, -4.35053769</translation><rotation><c1>1., 0., 0.</c1><c2>0., 1., 0.</c2><c3>0., 0., 1.</c3></rotation></pose><symmetry><x>none</x><y>cylindrical</y><z>none</z></symmetry><detectionScore>0.7722024</detectionScore></element><element><id>3</id><category>plant</category><bounds><corner1>-0.45001271, -1.86541188, -0.60342402</corner1><corner2>0.45001271, 1.86541188, 0.60342402</corner2></bounds><pose><translation>-2.79798194, -0.2667239 ,  1.71044177</translation><rotation><c1>1., 0., 0.</c1><c2>0., 1., 0.</c2><c3>0., 0., 1.</c3></rotation></pose><symmetry><x>none</x><y>cylindrical</y><z>none</z></symmetry><detectionScore>0.9154161</detectionScore></element><element><id>2</id><category>sofa</category><bounds><corner1>-0.95695639, -0.28080159, -0.80719948</corner1><corner2>0.95695639, 0.28080159, 0.80719948</corner2></bounds><pose><translation> 0.32265604, -0.93423364,  1.98593427</translation><rotation><c1>1., 0., 0.</c1><c2>0., 1., 0.</c2><c3>0., 0., 1.</c3></rotation></pose><symmetry><x>none</x><y>none</y><z>none</z></symmetry><detectionScore>0.964896</detectionScore></element><element><id>7</id><category>window</category><bounds><corner1>-0.20947076, -1.1191999 , -2.25666309</corner1><corner2>0.20947076, 1.1191999 , 2.25666309</corner2></bounds><pose><translation>-10.76114781,   0.17735511,  -3.94989024</translation><rotation><c1>1., 0., 0.</c1><c2>0., 1., 0.</c2><c3>0., 0., 1.</c3></rotation></pose><symmetry><x>none</x><y>twoFold</y><z>none</z></symmetry><detectionScore>0.80334955</detectionScore></element><element><id>8</id><category>window</category><bounds><corner1>-0.15558983, -1.29175208, -1.88210549</corner1><corner2>0.15558983, 1.29175208, 1.88210549</corner2></bounds><pose><translation> 9.49819773e+00,  9.28048180e-03, -3.41186182e+00</translation><rotation><c1>1., 0., 0.</c1><c2>0., 1., 0.</c2><c3>0., 0., 1.</c3></rotation></pose><symmetry><x>none</x><y>twoFold</y><z>none</z></symmetry><detectionScore>0.99105996</detectionScore></element><element><id>6</id><category>plant</category><bounds><corner1>-1.76822313, -1.76072249, -0.64463769</corner1><corner2>1.76822313, 1.76072249, 0.64463769</corner2></bounds><pose><translation>-4.73522038, -0.17114569,  1.63326359</translation><rotation><c1>1., 0., 0.</c1><c2>0., 1., 0.</c2><c3>0., 0., 1.</c3></rotation></pose><symmetry><x>none</x><y>cylindrical</y><z>none</z></symmetry><detectionScore>0.6820715</detectionScore></element></elements></scene>