<?xml version='1.0' encoding='utf-8'?>
<scene xmlns:sumo="https://www.sumochallenge.org"><version>2.0</version><categories><id>fb_categories_v1.0</id><url>https://sumochallenge.org/en/categories-1_0.json</url></categories><project_type>bounding_box</project_type><elements><element><id>4</id><category>wall</category><bounds><corner1>-0.08365702, -1.16807504, -1.23383396</corner1><corner2>0.08365702, 1.16807504, 1.23383396</corner2></bounds><pose><translation> 3.31814393, -0.08258579, -0.59022637</translation><rotation><c1>1., 0., 0.</c1><c2>0., 1., 0.</c2><c3>0., 0., 1.</c3></rotation></pose><symmetry><x>none</x><y>twoFold</y><z>none</z></symmetry><detectionScore>0.94514626</detectionScore></element><element><id>1</id><category>wall_lamp</category><bounds><corner1>-0.13464308, -0.14805019, -0.15595961</corner1><corner2>0.13464308, 0.14805019, 0.15595961</corner2></bounds><pose><translation> 0.80691952,  0.69406372, -1.6569331 </translation><rotation><c1>1., 0., 0.</c1><c2>0., 1., 0.</c2><c3>0., 0., 1.</c3></rotation></pose><symmetry><x>none</x><y>none</y><z>none</z></symmetry><detectionScore>0.975064</detectionScore></element><element><id>5</id><category>window</category><bounds><corner1>-0.05520605, -0.66302167, -0.65743029</corner1><corner2>0.05520605, 0.66302167, 0.65743029</corner2></bounds><pose><translation> 3.37470088,  0.06901093, -0.93268593</translation><rotation><c1>1., 0., 0.</c1><c2>0., 1., 0.</c2><c3>0., 0., 1.</c3></rotation></pose><symmetry><x>none</x><y>twoFold</y><z>none</z></symmetry><detectionScore>0.827644</detectionScore></element><element><id>3</id><category>wall</category><bounds><corner1>-3.38153754, -1.20827847, -1.80720993</corner1><corner2>3.38153754, 1.20827847, 1.80720993</corner2></bounds><pose><translation>-5.01646464, -0.10338354, -1.21669092</translation><rotation><c1>1., 0., 0.</c1><c2>0., 1., 0.</c2><c3>0., 0., 1.</c3></rotation></pose><symmetry><x>none</x><y>twoFold</y><z>none</z></symmetry><detectionScore>0.81690025</detectionScore></element><element><id>2</id><category>door</category><bounds><corner1>-0.33850891, -1.18880296, -3.26607278</corner1><corner2>0.33850891, 1.18880296, 3.26607278</corner2></bounds><pose><translation>8.45595905e-03, 9.67282668e-04, 1.04702394e+00</translation><rotation><c1>1., 0., 0.</c1><c2>0., 1., 0.</c2><c3>0., 0., 1.</c3></rotation></pose><symmetry><x>twoFold</x><y>twoFold</y><z>twoFold</z></symmetry><detectionScore>0.94632363</detectionScore></element><element><id>7</id><category>wall</category><bounds><corner1>-0.28637489, -0.92932655, -3.14774749</corner1><corner2>0.28637489, 0.92932655, 3.14774749</corner2></bounds><pose><translation> 0.01283716, -0.03742747,  1.21701947</translation><rotation><c1>1., 0., 0.</c1><c2>0., 1., 0.</c2><c3>0., 0., 1.</c3></rotation></pose><symmetry><x>none</x><y>twoFold</y><z>none</z></symmetry><detectionScore>0.64058733</detectionScore></element><element><id>6</id><category>ottoman</category><bounds><corner1>-0.68989001, -0.4538727 , -0.20276097</corner1><corner2>0.68989001, 0.4538727 , 0.20276097</corner2></bounds><pose><translation>-2.32690546, -1.08244072, -1.2175152 </translation><rotation><c1>1., 0., 0.</c1><c2>0., 1., 0.</c2><c3>0., 0., 1.</c3></rotation></pose><symmetry><x>none</x><y>twoFold</y><z>none</z></symmetry><detectionScore>0.98085207</detectionScore></element></elements></scene>