<?xml version='1.0' encoding='utf-8'?>
<scene xmlns:sumo="https://www.sumochallenge.org"><version>2.0</version><categories><id>fb_categories_v1.0</id><url>https://sumochallenge.org/en/categories-1_0.json</url></categories><project_type>bounding_box</project_type><elements><element><id>1</id><category>loudspeaker</category><bounds><corner1>-0.6249064 , -0.47531094, -1.12892636</corner1><corner2>0.6249064 , 0.47531094, 1.12892636</corner2></bounds><pose><translation>-1.79747935, -0.93785975, -3.08588092</translation><rotation><c1>1., 0., 0.</c1><c2>0., 1., 0.</c2><c3>0., 0., 1.</c3></rotation></pose><symmetry><x>none</x><y>fourFold</y><z>none</z></symmetry><detectionScore>0.9851938</detectionScore></element><element><id>5</id><category>tv_stand</category><bounds><corner1>-0.30303872, -0.36992936, -0.65030001</corner1><corner2>0.30303872, 0.36992936, 0.65030001</corner2></bounds><pose><translation> 2.5288734 , -1.33817511,  0.36309927</translation><rotation><c1>1., 0., 0.</c1><c2>0., 1., 0.</c2><c3>0., 0., 1.</c3></rotation></pose><symmetry><x>none</x><y>none</y><z>none</z></symmetry><detectionScore>0.77730525</detectionScore></element><element><id>3</id><category>tv_stand</category><bounds><corner1>-0.19172622, -0.76063176, -0.82730083</corner1><corner2>0.19172622, 0.76063176, 0.82730083</corner2></bounds><pose><translation> 2.69412557, -0.69122686,  0.26896739</translation><rotation><c1>1., 0., 0.</c1><c2>0., 1., 0.</c2><c3>0., 0., 1.</c3></rotation></pose><symmetry><x>none</x><y>none</y><z>none</z></symmetry><detectionScore>0.9988814</detectionScore></element><element><id>4</id><category>heater</category><bounds><corner1>-0.68616375, -0.40605566, -0.10886236</corner1><corner2>0.68616375, 0.40605566, 0.10886236</corner2></bounds><pose><translation> 2.1210106 , -1.02096587,  1.40678863</translation><rotation><c1>1., 0., 0.</c1><c2>0., 1., 0.</c2><c3>0., 0., 1.</c3></rotation></pose><symmetry><x>twoFold</x><y>twoFold</y><z>twoFold</z></symmetry><detectionScore>0.9971209</detectionScore></element><element><id>7</id><category>door</category><bounds><corner1>-0.5872472 , -1.27134992, -0.4750049 </corner1><corner2>0.5872472 , 1.27134992, 0.4750049 </corner2></bounds><pose><translation>-0.59732745, -0.46189716, -3.35614636</translation><rotation><c1>1., 0., 0.</c1><c2>0., 1., 0.</c2><c3>0., 0., 1.</c3></rotation></pose><symmetry><x>twoFold</x><y>twoFold</y><z>twoFold</z></symmetry><detectionScore>0.9992379</detectionScore></element><element><id>6</id><category>pedestal_fan</category><bounds><corner1>-0.28304913, -0.54746268, -0.04404504</corner1><corner2>0.28304913, 0.54746268, 0.04404504</corner2></bounds><pose><translation> 0.19311634, -0.94682116,  1.4969856 </translation><rotation><c1>1., 0., 0.</c1><c2>0., 1., 0.</c2><c3>0., 0., 1.</c3></rotation></pose><symmetry><x>none</x><y>none</y><z>none</z></symmetry><detectionScore>0.6957192</detectionScore></element></elements></scene>