<?xml version='1.0' encoding='utf-8'?>
<scene xmlns:sumo="https://www.sumochallenge.org"><version>2.0</version><categories><id>fb_categories_v1_0</id><url>https://sumochallenge.org/en/categories-1_0.json</url></categories><project_type>bounding_box</project_type><elements><element><id>0</id><category>chair</category><bounds><corner1>-0.7848237660740439, -0.3270832054971388, -0.4916716408931867</corner1><corner2>0.7848237660740439, 0.3270832054971388, 0.4916716408931867</corner2></bounds><pose><translation>0.2164393728619086, -0.8228711927103997, -3.094535449641802</translation><rotation><c1>1, 0, 0</c1><c2>0, 1, 0</c2><c3>0, 0, 1</c3></rotation></pose><symmetry><x>twoFold</x><y>cylindrical</y><z>twoFold</z></symmetry><detectionScore>-1.0</detectionScore></element><element><id>1</id><category>wall</category><bounds><corner1>-1.6690173007825382, -0.9155553086198334, -0.4712037100967428</corner1><corner2>1.6690173007825382, 0.9155553086198334, 0.4712037100967428</corner2></bounds><pose><translation>-0.184375894327059, -0.2919885672433235, 2.441768646032272</translation><rotation><c1>1, 0, 0</c1><c2>0, 1, 0</c2><c3>0, 0, 1</c3></rotation></pose><symmetry><x>twoFold</x><y>cylindrical</y><z>twoFold</z></symmetry><detectionScore>-1.0</detectionScore></element><element><id>2</id><category>dresser</category><bounds><corner1>-0.62992329391593, -0.43642821422691425, -0.6702435853564293</corner1><corner2>0.62992329391593, 0.43642821422691425, 0.6702435853564293</corner2></bounds><pose><translation>-0.696306219075587, -0.8616870891724011, 2.230842252375212</translation><rotation><c1>1, 0, 0</c1><c2>0, 1, 0</c2><c3>0, 0, 1</c3></rotation></pose><symmetry><x>twoFold</x><y>cylindrical</y><z>twoFold</z></symmetry><detectionScore>-1.0</detectionScore></element><element><id>3</id><category>chandelier</category><bounds><corner1>-0.09451974677126329, -0.8417088939189796, -0.8041079552336616</corner1><corner2>0.09451974677126329, 0.8417088939189796, 0.8041079552336616</corner2></bounds><pose><translation>1.4177009648417382, 0.9146727574608995, -2.784457166672287</translation><rotation><c1>1, 0, 0</c1><c2>0, 1, 0</c2><c3>0, 0, 1</c3></rotation></pose><symmetry><x>twoFold</x><y>cylindrical</y><z>twoFold</z></symmetry><detectionScore>-1.0</detectionScore></element><element><id>4</id><category>wall</category><bounds><corner1>-0.29570175544516997, -1.5227799575624688, -0.5207299518042774</corner1><corner2>0.29570175544516997, 1.5227799575624688, 0.5207299518042774</corner2></bounds><pose><translation>-1.3022284702217177, 0.33854719334368766, 0.350350738425561</translation><rotation><c1>1, 0, 0</c1><c2>0, 1, 0</c2><c3>0, 0, 1</c3></rotation></pose><symmetry><x>twoFold</x><y>cylindrical</y><z>twoFold</z></symmetry><detectionScore>-1.0</detectionScore></element><element><id>5</id><category>range_oven</category><bounds><corner1>-0.7836086979192948, -0.2905426779560748, -0.7316978131954937</corner1><corner2>0.7836086979192948, 0.2905426779560748, 0.7316978131954937</corner2></bounds><pose><translation>0.3982852228583741, -0.9133278950834622, 2.1673890242523135</translation><rotation><c1>1, 0, 0</c1><c2>0, 1, 0</c2><c3>0, 0, 1</c3></rotation></pose><symmetry><x>twoFold</x><y>cylindrical</y><z>twoFold</z></symmetry><detectionScore>-1.0</detectionScore></element><element><id>6</id><category>window</category><bounds><corner1>-0.32415598686057756, -0.3239931368236291, -1.1451418715823303</corner1><corner2>0.32415598686057756, 0.3239931368236291, 1.1451418715823303</corner2></bounds><pose><translation>-0.39653787228333054, 0.3186227260366428, 1.767019451336126</translation><rotation><c1>1, 0, 0</c1><c2>0, 1, 0</c2><c3>0, 0, 1</c3></rotation></pose><symmetry><x>twoFold</x><y>cylindrical</y><z>twoFold</z></symmetry><detectionScore>-1.0</detectionScore></element><element><id>7</id><category>wall</category><bounds><corner1>-0.3324900204914608, -0.5228917356172408, -0.35648730533926276</corner1><corner2>0.3324900204914608, 0.5228917356172408, 0.35648730533926276</corner2></bounds><pose><translation>-1.3219134046157985, -0.7380859185319453, 2.193422283389367</translation><rotation><c1>1, 0, 0</c1><c2>0, 1, 0</c2><c3>0, 0, 1</c3></rotation></pose><symmetry><x>twoFold</x><y>cylindrical</y><z>twoFold</z></symmetry><detectionScore>-1.0</detectionScore></element><element><id>8</id><category>chair</category><bounds><corner1>-0.5212348241659935, -0.49423817883020527, -0.27944351275903223</corner1><corner2>0.5212348241659935, 0.49423817883020527, 0.27944351275903223</corner2></bounds><pose><translation>-1.4267194043819147, -1.1408983827680201, 2.1510573728949494</translation><rotation><c1>1, 0, 0</c1><c2>0, 1, 0</c2><c3>0, 0, 1</c3></rotation></pose><symmetry><x>twoFold</x><y>cylindrical</y><z>twoFold</z></symmetry><detectionScore>-1.0</detectionScore></element><element><id>9</id><category>plant</category><bounds><corner1>-0.16501636854104906, -0.7195463140903822, -0.970417754492105</corner1><corner2>0.16501636854104906, 0.7195463140903822, 0.970417754492105</corner2></bounds><pose><translation>-1.0927263568465553, 0.32533816060796067, 0.8317363765159075</translation><rotation><c1>1, 0, 0</c1><c2>0, 1, 0</c2><c3>0, 0, 1</c3></rotation></pose><symmetry><x>twoFold</x><y>cylindrical</y><z>twoFold</z></symmetry><detectionScore>-1.0</detectionScore></element><element><id>10</id><category>chair</category><bounds><corner1>-0.07434543436584717, -0.42048070832685325, -0.2373876747080863</corner1><corner2>0.07434543436584717, 0.42048070832685325, 0.2373876747080863</corner2></bounds><pose><translation>1.4122853390514478, -0.8419196897634673, -2.6762573963900276</translation><rotation><c1>1, 0, 0</c1><c2>0, 1, 0</c2><c3>0, 0, 1</c3></rotation></pose><symmetry><x>twoFold</x><y>cylindrical</y><z>twoFold</z></symmetry><detectionScore>-1.0</detectionScore></element><element><id>11</id><category>hanging_kitchen_cabinet</category><bounds><corner1>-0.39639517194964724, -1.069894474165467, -0.41008149783428793</corner1><corner2>0.39639517194964724, 1.069894474165467, 0.41008149783428793</corner2></bounds><pose><translation>1.1273860212918747, 0.6955534162403295, 2.492245849299622</translation><rotation><c1>1, 0, 0</c1><c2>0, 1, 0</c2><c3>0, 0, 1</c3></rotation></pose><symmetry><x>twoFold</x><y>cylindrical</y><z>twoFold</z></symmetry><detectionScore>-1.0</detectionScore></element><element><id>12</id><category>chair</category><bounds><corner1>-0.54201460270455, -0.502410082261177, -0.7840945775441859</corner1><corner2>0.54201460270455, 0.502410082261177, 0.7840945775441859</corner2></bounds><pose><translation>-0.3658812544481175, -1.0063203465240034, -3.4223967572055343</translation><rotation><c1>1, 0, 0</c1><c2>0, 1, 0</c2><c3>0, 0, 1</c3></rotation></pose><symmetry><x>twoFold</x><y>cylindrical</y><z>twoFold</z></symmetry><detectionScore>-1.0</detectionScore></element><element><id>13</id><category>kitchen_cabinet</category><bounds><corner1>-0.3656236335561336, -0.4556547937484053, -0.6854879837292236</corner1><corner2>0.3656236335561336, 0.4556547937484053, 0.6854879837292236</corner2></bounds><pose><translation>1.15302585336248, -0.8026262764906376, 2.1960250411862305</translation><rotation><c1>1, 0, 0</c1><c2>0, 1, 0</c2><c3>0, 0, 1</c3></rotation></pose><symmetry><x>twoFold</x><y>cylindrical</y><z>twoFold</z></symmetry><detectionScore>-1.0</detectionScore></element><element><id>14</id><category>coffee_table</category><bounds><corner1>-0.8645523605564083, -0.3941481026543916, -0.3613770094176223</corner1><corner2>0.8645523605564083, 0.3941481026543916, 0.3613770094176223</corner2></bounds><pose><translation>0.5817204901805213, -0.922493536991549, -2.9110632910772387</translation><rotation><c1>1, 0, 0</c1><c2>0, 1, 0</c2><c3>0, 0, 1</c3></rotation></pose><symmetry><x>twoFold</x><y>cylindrical</y><z>twoFold</z></symmetry><detectionScore>-1.0</detectionScore></element><element><id>15</id><category>window</category><bounds><corner1>-1.3449060282996028, -1.5518251569578858, -3.1333712940246907</corner1><corner2>1.3449060282996028, 1.5518251569578858, 3.1333712940246907</corner2></bounds><pose><translation>0.04061014262562259, -0.022857716527426453, -4.471615536429418</translation><rotation><c1>1, 0, 0</c1><c2>0, 1, 0</c2><c3>0, 0, 1</c3></rotation></pose><symmetry><x>twoFold</x><y>cylindrical</y><z>twoFold</z></symmetry><detectionScore>-1.0</detectionScore></element><element><id>16</id><category>dresser</category><bounds><corner1>-0.3823055143573655, -0.44290826926491456, -0.6914280103349704</corner1><corner2>0.3823055143573655, 0.44290826926491456, 0.6914280103349704</corner2></bounds><pose><translation>1.1368748111748792, -0.8255189041524231, 2.19121427241043</translation><rotation><c1>1, 0, 0</c1><c2>0, 1, 0</c2><c3>0, 0, 1</c3></rotation></pose><symmetry><x>twoFold</x><y>cylindrical</y><z>twoFold</z></symmetry><detectionScore>-1.0</detectionScore></element><element><id>17</id><category>chandelier</category><bounds><corner1>-0.07805106368205506, -0.3016635787871824, -0.21947452680634788</corner1><corner2>0.07805106368205506, 0.3016635787871824, 0.21947452680634788</corner2></bounds><pose><translation>1.633732867483123, 0.4930561859084166, -0.695990064138245</translation><rotation><c1>1, 0, 0</c1><c2>0, 1, 0</c2><c3>0, 0, 1</c3></rotation></pose><symmetry><x>twoFold</x><y>cylindrical</y><z>twoFold</z></symmetry><detectionScore>-1.0</detectionScore></element><element><id>18</id><category>stand</category><bounds><corner1>-0.374470050090727, -0.4354628869282181, -0.6880997961820614</corner1><corner2>0.374470050090727, 0.4354628869282181, 0.6880997961820614</corner2></bounds><pose><translation>1.1424192970037803, -0.8345453229967802, 2.191890062008223</translation><rotation><c1>1, 0, 0</c1><c2>0, 1, 0</c2><c3>0, 0, 1</c3></rotation></pose><symmetry><x>twoFold</x><y>cylindrical</y><z>twoFold</z></symmetry><detectionScore>-1.0</detectionScore></element><element><id>19</id><category>wall</category><bounds><corner1>-1.3625037867821272, -1.6859207839338064, -2.697736001419446</corner1><corner2>1.3625037867821272, 1.6859207839338064, 2.697736001419446</corner2></bounds><pose><translation>0.043251920813380425, -0.013676627463757043, -3.9355431049441076</translation><rotation><c1>1, 0, 0</c1><c2>0, 1, 0</c2><c3>0, 0, 1</c3></rotation></pose><symmetry><x>twoFold</x><y>cylindrical</y><z>twoFold</z></symmetry><detectionScore>-1.0</detectionScore></element><element><id>20</id><category>dining_table</category><bounds><corner1>-0.8720524828779724, -0.40111318332982293, -0.38208218120221993</corner1><corner2>0.8720524828779724, 0.40111318332982293, 0.38208218120221993</corner2></bounds><pose><translation>0.5803439305946897, -0.9294586176669803, -2.9135672658469933</translation><rotation><c1>1, 0, 0</c1><c2>0, 1, 0</c2><c3>0, 0, 1</c3></rotation></pose><symmetry><x>twoFold</x><y>cylindrical</y><z>twoFold</z></symmetry><detectionScore>-1.0</detectionScore></element><element><id>21</id><category>coffee_table</category><bounds><corner1>-0.07927033470059563, -0.3929940537617618, -0.3063777259595586</corner1><corner2>0.07927033470059563, 0.3929940537617618, 0.3063777259595586</corner2></bounds><pose><translation>1.413556696339964, -0.8367571858427053, -2.6789063338610997</translation><rotation><c1>1, 0, 0</c1><c2>0, 1, 0</c2><c3>0, 0, 1</c3></rotation></pose><symmetry><x>twoFold</x><y>cylindrical</y><z>twoFold</z></symmetry><detectionScore>-1.0</detectionScore></element><element><id>22</id><category>wall</category><bounds><corner1>-0.0995917767617216, -1.5077432168366542, -1.3695414037676366</corner1><corner2>0.0995917767617216, 1.5077432168366542, 1.3695414037676366</corner2></bounds><pose><translation>1.3637145323489706, 0.22713096144483128, -3.2746882305628127</translation><rotation><c1>1, 0, 0</c1><c2>0, 1, 0</c2><c3>0, 0, 1</c3></rotation></pose><symmetry><x>twoFold</x><y>cylindrical</y><z>twoFold</z></symmetry><detectionScore>-1.0</detectionScore></element><element><id>23</id><category>kitchen_cabinet</category><bounds><corner1>-0.5772811411523439, -1.0301976867537066, -0.6788839746372668</corner1><corner2>0.5772811411523439, 1.0301976867537066, 0.6788839746372668</corner2></bounds><pose><translation>-0.6669066104853469, -0.5714821667685106, 2.2332773482811894</translation><rotation><c1>1, 0, 0</c1><c2>0, 1, 0</c2><c3>0, 0, 1</c3></rotation></pose><symmetry><x>twoFold</x><y>cylindrical</y><z>twoFold</z></symmetry><detectionScore>-1.0</detectionScore></element><element><id>24</id><category>wall</category><bounds><corner1>-0.28668811208331135, -0.38008067388068034, -0.4947093834568952</corner1><corner2>0.28668811208331135, 0.38008067388068034, 0.4947093834568952</corner2></bounds><pose><translation>-1.8036106391905755, -1.225669821319645, 0.815946613014318</translation><rotation><c1>1, 0, 0</c1><c2>0, 1, 0</c2><c3>0, 0, 1</c3></rotation></pose><symmetry><x>twoFold</x><y>cylindrical</y><z>twoFold</z></symmetry><detectionScore>-1.0</detectionScore></element><element><id>25</id><category>kitchen_cabinet</category><bounds><corner1>-1.5679529929740648, -1.9012272789048181, -0.723411463584152</corner1><corner2>1.5679529929740648, 1.9012272789048181, 0.723411463584152</corner2></bounds><pose><translation>-0.09501971455192022, -0.23379541597697062, 2.1895608925448626</translation><rotation><c1>1, 0, 0</c1><c2>0, 1, 0</c2><c3>0, 0, 1</c3></rotation></pose><symmetry><x>twoFold</x><y>cylindrical</y><z>twoFold</z></symmetry><detectionScore>-1.0</detectionScore></element><element><id>26</id><category>window</category><bounds><corner1>-1.0092660940472937, -0.4736302283430699, -0.22922521067202672</corner1><corner2>1.0092660940472937, 0.4736302283430699, 0.22922521067202672</corner2></bounds><pose><translation>-1.9637740133672148, 0.9653577466678168, 1.2746965631412053</translation><rotation><c1>1, 0, 0</c1><c2>0, 1, 0</c2><c3>0, 0, 1</c3></rotation></pose><symmetry><x>twoFold</x><y>cylindrical</y><z>twoFold</z></symmetry><detectionScore>-1.0</detectionScore></element><element><id>27</id><category>desk</category><bounds><corner1>-0.8938272188119902, -0.42287703048238257, -0.40308723579120453</corner1><corner2>0.8938272188119902, 0.42287703048238257, 0.40308723579120453</corner2></bounds><pose><translation>0.5595073396617527, -0.95122246481954, -2.909687025347641</translation><rotation><c1>1, 0, 0</c1><c2>0, 1, 0</c2><c3>0, 0, 1</c3></rotation></pose><symmetry><x>twoFold</x><y>cylindrical</y><z>twoFold</z></symmetry><detectionScore>-1.0</detectionScore></element></elements></scene>