<?xml version='1.0' encoding='utf-8'?>
<scene xmlns:sumo="https://www.sumochallenge.org"><version>2.0</version><categories><id>fb_categories_v1.0</id><url>https://sumochallenge.org/en/categories-1_0.json</url></categories><project_type>bounding_box</project_type><elements><element><id>3</id><category>partition</category><bounds><corner1>-0.77048664, -0.79899279, -0.06418238</corner1><corner2>0.77048664, 0.79899279, 0.06418238</corner2></bounds><pose><translation>-0.3204822 , -0.04985425,  2.42897392</translation><rotation><c1>1., 0., 0.</c1><c2>0., 1., 0.</c2><c3>0., 0., 1.</c3></rotation></pose><symmetry><x>none</x><y>none</y><z>none</z></symmetry><detectionScore>-1</detectionScore></element><element><id>4</id><category>wall</category><bounds><corner1>-3.4881068 , -1.06196042, -2.97035187</corner1><corner2>3.4881068 , 1.06196042, 2.97035187</corner2></bounds><pose><translation>-7.70423654, -0.05244198,  1.352656  </translation><rotation><c1>1., 0., 0.</c1><c2>0., 1., 0.</c2><c3>0., 0., 1.</c3></rotation></pose><symmetry><x>none</x><y>none</y><z>none</z></symmetry><detectionScore>-1</detectionScore></element><element><id>2</id><category>shelving</category><bounds><corner1>-4.40079682, -0.9080155 , -1.22634356</corner1><corner2>4.40079682, 0.9080155 , 1.22634356</corner2></bounds><pose><translation>-8.42086716, -0.40399523,  3.31424344</translation><rotation><c1>1., 0., 0.</c1><c2>0., 1., 0.</c2><c3>0., 0., 1.</c3></rotation></pose><symmetry><x>none</x><y>none</y><z>none</z></symmetry><detectionScore>-1</detectionScore></element><element><id>1</id><category>atm</category><bounds><corner1>-0.2422178 , -0.64646358, -0.35478141</corner1><corner2>0.2422178 , 0.64646358, 0.35478141</corner2></bounds><pose><translation>-2.82711086, -0.93513921, -1.12656627</translation><rotation><c1>1., 0., 0.</c1><c2>0., 1., 0.</c2><c3>0., 0., 1.</c3></rotation></pose><symmetry><x>none</x><y>none</y><z>none</z></symmetry><detectionScore>-1</detectionScore></element></elements></scene>