<?xml version='1.0' encoding='utf-8'?>
<scene xmlns:sumo="https://www.sumochallenge.org"><version>2.0</version><categories><id>fb_categories_v1_0</id><url>https://sumochallenge.org/en/categories-1_0.json</url></categories><project_type>bounding_box</project_type><elements><element><id>0</id><category>wall</category><bounds><corner1>-1.8922145835220658, -2.106016486816327, -7.87821984398944</corner1><corner2>1.8922145835220658, 2.106016486816327, 7.87821984398944</corner2></bounds><pose><translation>-2.528458124488462, -0.2054676054643041, 4.615303508566267</translation><rotation><c1>1, 0, 0</c1><c2>0, 1, 0</c2><c3>0, 0, 1</c3></rotation></pose><symmetry><x>twoFold</x><y>cylindrical</y><z>twoFold</z></symmetry><detectionScore>-1.0</detectionScore></element><element><id>1</id><category>partition</category><bounds><corner1>-7.417445211856828, -1.742907170489596, -5.851787960105693</corner1><corner2>7.417445211856828, 1.742907170489596, 5.851787960105693</corner2></bounds><pose><translation>2.3410106744124075, -0.32978866708208704, 0.39019309995910256</translation><rotation><c1>1, 0, 0</c1><c2>0, 1, 0</c2><c3>0, 0, 1</c3></rotation></pose><symmetry><x>twoFold</x><y>cylindrical</y><z>twoFold</z></symmetry><detectionScore>-1.0</detectionScore></element><element><id>2</id><category>wall</category><bounds><corner1>-0.5241656750780537, -0.7253164378971316, -0.338131366239569</corner1><corner2>0.5241656750780537, 0.7253164378971316, 0.338131366239569</corner2></bounds><pose><translation>-2.0831404589140687, 0.06370299709501981, -0.8000535825595207</translation><rotation><c1>1, 0, 0</c1><c2>0, 1, 0</c2><c3>0, 0, 1</c3></rotation></pose><symmetry><x>twoFold</x><y>cylindrical</y><z>twoFold</z></symmetry><detectionScore>-1.0</detectionScore></element><element><id>3</id><category>tv_stand</category><bounds><corner1>-0.34219408464220846, -0.39779924063490246, -1.1630181328439968</corner1><corner2>0.34219408464220846, 0.39779924063490246, 1.1630181328439968</corner2></bounds><pose><translation>-2.4314331363704675, -1.4028068744814735, 1.5049551797061569</translation><rotation><c1>1, 0, 0</c1><c2>0, 1, 0</c2><c3>0, 0, 1</c3></rotation></pose><symmetry><x>twoFold</x><y>cylindrical</y><z>twoFold</z></symmetry><detectionScore>-1.0</detectionScore></element><element><id>4</id><category>plant</category><bounds><corner1>-0.9240600566599364, -1.8840662419107486, -7.187306785070722</corner1><corner2>0.9240600566599364, 1.8840662419107486, 7.187306785070722</corner2></bounds><pose><translation>-2.554910158108985, 0.016482639441274257, 5.306216567484985</translation><rotation><c1>1, 0, 0</c1><c2>0, 1, 0</c2><c3>0, 0, 1</c3></rotation></pose><symmetry><x>twoFold</x><y>cylindrical</y><z>twoFold</z></symmetry><detectionScore>-1.0</detectionScore></element><element><id>5</id><category>person</category><bounds><corner1>-3.0016563840881028, -0.7532735913235562, -6.811342664039385</corner1><corner2>3.0016563840881028, 0.7532735913235562, 6.811342664039385</corner2></bounds><pose><translation>1.3903500825374224, -0.8372002644741455, 2.521341801486754</translation><rotation><c1>1, 0, 0</c1><c2>0, 1, 0</c2><c3>0, 0, 1</c3></rotation></pose><symmetry><x>twoFold</x><y>cylindrical</y><z>twoFold</z></symmetry><detectionScore>-1.0</detectionScore></element><element><id>6</id><category>door</category><bounds><corner1>-7.447749278210034, -1.6481602711589116, -5.350735412878967</corner1><corner2>7.447749278210034, 1.6481602711589116, 5.350735412878967</corner2></bounds><pose><translation>2.310706608059202, -0.3693350313077138, 0.8912456471858281</translation><rotation><c1>1, 0, 0</c1><c2>0, 1, 0</c2><c3>0, 0, 1</c3></rotation></pose><symmetry><x>twoFold</x><y>cylindrical</y><z>twoFold</z></symmetry><detectionScore>-1.0</detectionScore></element><element><id>7</id><category>coffee_table</category><bounds><corner1>-0.09209664095242642, -0.23469232929916817, -0.11933514058186212</corner1><corner2>0.09209664095242642, 0.23469232929916817, 0.11933514058186212</corner2></bounds><pose><translation>1.3198028979658565, -0.7473283652090708, 2.066908526482184</translation><rotation><c1>1, 0, 0</c1><c2>0, 1, 0</c2><c3>0, 0, 1</c3></rotation></pose><symmetry><x>twoFold</x><y>cylindrical</y><z>twoFold</z></symmetry><detectionScore>-1.0</detectionScore></element><element><id>8</id><category>person</category><bounds><corner1>-8.236046466783078, -0.6140241890521932, -5.419422555662554</corner1><corner2>8.236046466783078, 0.6140241890521932, 5.419422555662554</corner2></bounds><pose><translation>1.5184672388947875, -0.721517524297412, 0.8200368947466268</translation><rotation><c1>1, 0, 0</c1><c2>0, 1, 0</c2><c3>0, 0, 1</c3></rotation></pose><symmetry><x>twoFold</x><y>cylindrical</y><z>twoFold</z></symmetry><detectionScore>-1.0</detectionScore></element><element><id>9</id><category>fireplace</category><bounds><corner1>-1.2171562825374134, -0.9511249319404784, -4.842193387861884</corner1><corner2>1.2171562825374134, 0.9511249319404784, 4.842193387861884</corner2></bounds><pose><translation>-1.2171562825374134, 0.0, -4.842193387861884</translation><rotation><c1>1, 0, 0</c1><c2>0, 1, 0</c2><c3>0, 0, 1</c3></rotation></pose><symmetry><x>twoFold</x><y>cylindrical</y><z>twoFold</z></symmetry><detectionScore>-1.0</detectionScore></element><element><id>10</id><category>television</category><bounds><corner1>-0.15410357495182936, -0.48097375789187913, -0.9861946282968059</corner1><corner2>0.15410357495182936, 0.48097375789187913, 0.9861946282968059</corner2></bounds><pose><translation>-2.5213679947705594, -0.7315192287935358, 1.3677562040778724</translation><rotation><c1>1, 0, 0</c1><c2>0, 1, 0</c2><c3>0, 0, 1</c3></rotation></pose><symmetry><x>twoFold</x><y>cylindrical</y><z>twoFold</z></symmetry><detectionScore>-1.0</detectionScore></element><element><id>11</id><category>wall</category><bounds><corner1>-2.3706941061880955, -1.3421843680629666, -5.197941978631042</corner1><corner2>2.3706941061880955, 1.3421843680629666, 5.197941978631042</corner2></bounds><pose><translation>2.1765369836093806, -0.04763565572689886, 4.041609590382573</translation><rotation><c1>1, 0, 0</c1><c2>0, 1, 0</c2><c3>0, 0, 1</c3></rotation></pose><symmetry><x>twoFold</x><y>cylindrical</y><z>twoFold</z></symmetry><detectionScore>-1.0</detectionScore></element><element><id>12</id><category>shelving</category><bounds><corner1>-0.5076846182538493, -1.6473786060873383, -0.4497540158245631</corner1><corner2>0.5076846182538493, 1.6473786060873383, 0.4497540158245631</corner2></bounds><pose><translation>-2.481426806972979, -0.5636499204704496, -0.5269510923166157</translation><rotation><c1>1, 0, 0</c1><c2>0, 1, 0</c2><c3>0, 0, 1</c3></rotation></pose><symmetry><x>twoFold</x><y>cylindrical</y><z>twoFold</z></symmetry><detectionScore>-1.0</detectionScore></element><element><id>13</id><category>sofa</category><bounds><corner1>-0.8828644009579087, -0.648073197891966, -6.17933036644607</corner1><corner2>0.8828644009579087, 0.648073197891966, 6.17933036644607</corner2></bounds><pose><translation>-0.5665616518568971, -1.2560661896999183, 3.0961236898989415</translation><rotation><c1>1, 0, 0</c1><c2>0, 1, 0</c2><c3>0, 0, 1</c3></rotation></pose><symmetry><x>twoFold</x><y>cylindrical</y><z>twoFold</z></symmetry><detectionScore>-1.0</detectionScore></element><element><id>14</id><category>column</category><bounds><corner1>-0.062270868775197386, -0.8981605325025539, -0.28776035140967604</corner1><corner2>0.062270868775197386, 0.8981605325025539, 0.28776035140967604</corner2></bounds><pose><translation>2.1568218773634418, -0.24415459569391945, 3.031291136944201</translation><rotation><c1>1, 0, 0</c1><c2>0, 1, 0</c2><c3>0, 0, 1</c3></rotation></pose><symmetry><x>twoFold</x><y>cylindrical</y><z>twoFold</z></symmetry><detectionScore>-1.0</detectionScore></element><element><id>15</id><category>hanger</category><bounds><corner1>-1.7300366684038702, -1.1510617878357294, -0.08434086390079809</corner1><corner2>1.7300366684038702, 1.1510617878357294, 0.08434086390079809</corner2></bounds><pose><translation>0.6282888849510658, -0.25344667610328553, -1.0795355323695934</translation><rotation><c1>1, 0, 0</c1><c2>0, 1, 0</c2><c3>0, 0, 1</c3></rotation></pose><symmetry><x>twoFold</x><y>cylindrical</y><z>twoFold</z></symmetry><detectionScore>-1.0</detectionScore></element><element><id>16</id><category>sofa</category><bounds><corner1>-2.6274412257040134, -0.4633971403818294, -5.584487234351609</corner1><corner2>2.6274412257040134, 0.4633971403818294, 5.584487234351609</corner2></bounds><pose><translation>1.2582552044586635, -0.9007620104613866, 2.3936291457088585</translation><rotation><c1>1, 0, 0</c1><c2>0, 1, 0</c2><c3>0, 0, 1</c3></rotation></pose><symmetry><x>twoFold</x><y>cylindrical</y><z>twoFold</z></symmetry><detectionScore>-1.0</detectionScore></element><element><id>17</id><category>door</category><bounds><corner1>-1.2662028847039601, -1.6816407261245183, -0.5097096671266657</corner1><corner2>1.2662028847039601, 1.6816407261245183, 0.5097096671266657</corner2></bounds><pose><translation>2.357462415045022, -0.24219814415323557, -0.42218922227555206</translation><rotation><c1>1, 0, 0</c1><c2>0, 1, 0</c2><c3>0, 0, 1</c3></rotation></pose><symmetry><x>twoFold</x><y>cylindrical</y><z>twoFold</z></symmetry><detectionScore>-1.0</detectionScore></element><element><id>18</id><category>stairs</category><bounds><corner1>-1.2480550778392847, -1.2540484734141235, -1.0183654428153792</corner1><corner2>1.2480550778392847, 1.2540484734141235, 1.0183654428153792</corner2></bounds><pose><translation>2.3756102219096973, 0.22540024274214446, -0.01628918561467475</translation><rotation><c1>1, 0, 0</c1><c2>0, 1, 0</c2><c3>0, 0, 1</c3></rotation></pose><symmetry><x>twoFold</x><y>cylindrical</y><z>twoFold</z></symmetry><detectionScore>-1.0</detectionScore></element><element><id>19</id><category>armchair</category><bounds><corner1>-2.158173708619349, -0.6141974084947546, -4.675153946060297</corner1><corner2>2.158173708619349, 0.6141974084947546, 4.675153946060297</corner2></bounds><pose><translation>1.032376471026272, -1.0933171967144122, 1.978093966605734</translation><rotation><c1>1, 0, 0</c1><c2>0, 1, 0</c2><c3>0, 0, 1</c3></rotation></pose><symmetry><x>twoFold</x><y>cylindrical</y><z>twoFold</z></symmetry><detectionScore>-1.0</detectionScore></element><element><id>20</id><category>curtain</category><bounds><corner1>-1.933077069922359, -1.3674648811772216, -0.29037973032480835</corner1><corner2>1.933077069922359, 1.3674648811772216, 0.29037973032480835</corner2></bounds><pose><translation>2.614154019875117, -0.08395373628932593, 9.051330325232135</translation><rotation><c1>1, 0, 0</c1><c2>0, 1, 0</c2><c3>0, 0, 1</c3></rotation></pose><symmetry><x>twoFold</x><y>cylindrical</y><z>twoFold</z></symmetry><detectionScore>-1.0</detectionScore></element><element><id>21</id><category>wall</category><bounds><corner1>-1.2890920387416975, -1.5915492299653116, -0.33271554803396963</corner1><corner2>1.2890920387416975, 1.5915492299653116, 0.33271554803396963</corner2></bounds><pose><translation>2.3291440065208744, -0.0844003708048258, -0.6714225495244958</translation><rotation><c1>1, 0, 0</c1><c2>0, 1, 0</c2><c3>0, 0, 1</c3></rotation></pose><symmetry><x>twoFold</x><y>cylindrical</y><z>twoFold</z></symmetry><detectionScore>-1.0</detectionScore></element><element><id>22</id><category>wall</category><bounds><corner1>-2.6331660229394904, -1.4208650838895351, -0.3114681548190674</corner1><corner2>2.6331660229394904, 1.4208650838895351, 0.3114681548190674</corner2></bounds><pose><translation>-0.1683901726737882, -0.13244268171188195, 9.030241900737876</translation><rotation><c1>1, 0, 0</c1><c2>0, 1, 0</c2><c3>0, 0, 1</c3></rotation></pose><symmetry><x>twoFold</x><y>cylindrical</y><z>twoFold</z></symmetry><detectionScore>-1.0</detectionScore></element><element><id>23</id><category>wall</category><bounds><corner1>-0.8814784709952155, -1.3837302891684704, -1.0779013054480437</corner1><corner2>0.8814784709952155, 1.3837302891684704, 1.0779013054480437</corner2></bounds><pose><translation>-0.8814784709952155, 0.0, -1.0779013054480437</translation><rotation><c1>1, 0, 0</c1><c2>0, 1, 0</c2><c3>0, 0, 1</c3></rotation></pose><symmetry><x>twoFold</x><y>cylindrical</y><z>twoFold</z></symmetry><detectionScore>-1.0</detectionScore></element><element><id>24</id><category>door</category><bounds><corner1>-0.8326034617091862, -2.32823255975851, -7.075580723750456</corner1><corner2>0.8326034617091862, 2.32823255975851, 7.075580723750456</corner2></bounds><pose><translation>-2.554578344332893, -0.4276836784064874, 5.417942628805251</translation><rotation><c1>1, 0, 0</c1><c2>0, 1, 0</c2><c3>0, 0, 1</c3></rotation></pose><symmetry><x>twoFold</x><y>cylindrical</y><z>twoFold</z></symmetry><detectionScore>-1.0</detectionScore></element><element><id>25</id><category>chandelier</category><bounds><corner1>-0.4436900222566752, -0.17207935763523308, -2.346987279061654</corner1><corner2>0.4436900222566752, 0.17207935763523308, 2.346987279061654</corner2></bounds><pose><translation>-0.6231115369586537, 1.3464160843974708, 1.9688038091240552</translation><rotation><c1>1, 0, 0</c1><c2>0, 1, 0</c2><c3>0, 0, 1</c3></rotation></pose><symmetry><x>twoFold</x><y>cylindrical</y><z>twoFold</z></symmetry><detectionScore>-1.0</detectionScore></element><element><id>26</id><category>fence</category><bounds><corner1>-1.0455416518053386, -0.693186673185086, -4.838529623270329</corner1><corner2>1.0455416518053386, 0.693186673185086, 4.838529623270329</corner2></bounds><pose><translation>-1.0455416518053386, 0.0, -4.838529623270329</translation><rotation><c1>1, 0, 0</c1><c2>0, 1, 0</c2><c3>0, 0, 1</c3></rotation></pose><symmetry><x>twoFold</x><y>cylindrical</y><z>twoFold</z></symmetry><detectionScore>-1.0</detectionScore></element><element><id>27</id><category>wall</category><bounds><corner1>-7.399511396248926, -1.2950745284997498, -5.510049003594295</corner1><corner2>7.399511396248926, 1.2950745284997498, 5.510049003594295</corner2></bounds><pose><translation>2.3589444900203094, -0.020767127588830054, 0.7319320564704994</translation><rotation><c1>1, 0, 0</c1><c2>0, 1, 0</c2><c3>0, 0, 1</c3></rotation></pose><symmetry><x>twoFold</x><y>cylindrical</y><z>twoFold</z></symmetry><detectionScore>-1.0</detectionScore></element><element><id>28</id><category>person</category><bounds><corner1>-3.2654004601502775, -0.9064262718567033, -7.243649556337612</corner1><corner2>3.2654004601502775, 0.9064262718567033, 7.243649556337612</corner2></bounds><pose><translation>1.126606006475248, -1.0938457132778991, 2.036315935051659</translation><rotation><c1>1, 0, 0</c1><c2>0, 1, 0</c2><c3>0, 0, 1</c3></rotation></pose><symmetry><x>twoFold</x><y>cylindrical</y><z>twoFold</z></symmetry><detectionScore>-1.0</detectionScore></element><element><id>29</id><category>fence</category><bounds><corner1>-1.8496964408922565, -0.5596192494912746, -0.0</corner1><corner2>1.8496964408922565, 0.5596192494912746, 0.0</corner2></bounds><pose><translation>0.0, 0.0, 0.0</translation><rotation><c1>1, 0, 0</c1><c2>0, 1, 0</c2><c3>0, 0, 1</c3></rotation></pose><symmetry><x>twoFold</x><y>cylindrical</y><z>twoFold</z></symmetry><detectionScore>-1.0</detectionScore></element><element><id>30</id><category>armchair</category><bounds><corner1>-1.0225530850771498, -0.6497809481156691, -6.112866401665565</corner1><corner2>1.0225530850771498, 0.6497809481156691, 6.112866401665565</corner2></bounds><pose><translation>-0.5459737474131993, -1.265696441486247, 3.146957422775063</translation><rotation><c1>1, 0, 0</c1><c2>0, 1, 0</c2><c3>0, 0, 1</c3></rotation></pose><symmetry><x>twoFold</x><y>cylindrical</y><z>twoFold</z></symmetry><detectionScore>-1.0</detectionScore></element><element><id>31</id><category>fence</category><bounds><corner1>-1.7014216625847416, -0.9757984647650222, -1.0901598851600636</corner1><corner2>1.7014216625847416, 0.9757984647650222, 1.0901598851600636</corner2></bounds><pose><translation>0.6569038907701943, -0.1778400574685663, -1.0901598851600636</translation><rotation><c1>1, 0, 0</c1><c2>0, 1, 0</c2><c3>0, 0, 1</c3></rotation></pose><symmetry><x>twoFold</x><y>cylindrical</y><z>twoFold</z></symmetry><detectionScore>-1.0</detectionScore></element><element><id>32</id><category>fence</category><bounds><corner1>-1.8460641127386226, -0.4388942786395995, -1.1345039388849485</corner1><corner2>1.8460641127386226, 0.4388942786395995, 1.1345039388849485</corner2></bounds><pose><translation>0.5122614406163133, -0.031993938658361615, -1.1345039388849485</translation><rotation><c1>1, 0, 0</c1><c2>0, 1, 0</c2><c3>0, 0, 1</c3></rotation></pose><symmetry><x>twoFold</x><y>cylindrical</y><z>twoFold</z></symmetry><detectionScore>-1.0</detectionScore></element><element><id>33</id><category>wall</category><bounds><corner1>-0.36547773669779327, -0.5267097294869697, -0.15596036391925439</corner1><corner2>0.36547773669779327, 0.5267097294869697, 0.15596036391925439</corner2></bounds><pose><translation>-1.4644873771286948, 0.027322826593814294, -0.9326887168516378</translation><rotation><c1>1, 0, 0</c1><c2>0, 1, 0</c2><c3>0, 0, 1</c3></rotation></pose><symmetry><x>twoFold</x><y>cylindrical</y><z>twoFold</z></symmetry><detectionScore>-1.0</detectionScore></element><element><id>34</id><category>desk</category><bounds><corner1>-0.09209664095242642, -0.23469232929916817, -0.11933514058186212</corner1><corner2>0.09209664095242642, 0.23469232929916817, 0.11933514058186212</corner2></bounds><pose><translation>1.3198028979658565, -0.7473283652090708, 2.066908526482184</translation><rotation><c1>1, 0, 0</c1><c2>0, 1, 0</c2><c3>0, 0, 1</c3></rotation></pose><symmetry><x>twoFold</x><y>cylindrical</y><z>twoFold</z></symmetry><detectionScore>-1.0</detectionScore></element><element><id>35</id><category>chair</category><bounds><corner1>-0.09434622160855577, -0.24676232326581704, -0.120515505600165</corner1><corner2>0.09434622160855577, 0.24676232326581704, 0.120515505600165</corner2></bounds><pose><translation>1.3190830309972692, -0.7523525926595319, 2.065728161463881</translation><rotation><c1>1, 0, 0</c1><c2>0, 1, 0</c2><c3>0, 0, 1</c3></rotation></pose><symmetry><x>twoFold</x><y>cylindrical</y><z>twoFold</z></symmetry><detectionScore>-1.0</detectionScore></element><element><id>36</id><category>wall</category><bounds><corner1>-2.211640475435436, -1.331757219171973, -0.3499130775618866</corner1><corner2>2.211640475435436, 1.331757219171973, 0.3499130775618866</corner2></bounds><pose><translation>2.33559061436204, -0.044835698257546706, 8.991796977995056</translation><rotation><c1>1, 0, 0</c1><c2>0, 1, 0</c2><c3>0, 0, 1</c3></rotation></pose><symmetry><x>twoFold</x><y>cylindrical</y><z>twoFold</z></symmetry><detectionScore>-1.0</detectionScore></element><element><id>37</id><category>door</category><bounds><corner1>-0.3265900232626764, -0.639790492082925, -0.10740032720417536</corner1><corner2>0.3265900232626764, 0.639790492082925, 0.10740032720417536</corner2></bounds><pose><translation>-1.3403840718138085, -0.11757196727656907, -0.948989620689811</translation><rotation><c1>1, 0, 0</c1><c2>0, 1, 0</c2><c3>0, 0, 1</c3></rotation></pose><symmetry><x>twoFold</x><y>cylindrical</y><z>twoFold</z></symmetry><detectionScore>-1.0</detectionScore></element><element><id>38</id><category>coffee_table</category><bounds><corner1>-0.3758572450384541, -0.1606065672042889, -1.4210148807008156</corner1><corner2>0.3758572450384541, 0.1606065672042889, 1.4210148807008156</corner2></bounds><pose><translation>-0.509611375119591, -1.3467751672669657, 1.9484549262985473</translation><rotation><c1>1, 0, 0</c1><c2>0, 1, 0</c2><c3>0, 0, 1</c3></rotation></pose><symmetry><x>twoFold</x><y>cylindrical</y><z>twoFold</z></symmetry><detectionScore>-1.0</detectionScore></element></elements></scene>