<?xml version='1.0' encoding='utf-8'?>
<scene xmlns:sumo="https://www.sumochallenge.org"><version>2.0</version><categories><id>fb_categories_v1.0</id><url>https://sumochallenge.org/en/categories-1_0.json</url></categories><project_type>bounding_box</project_type><elements><element><id>7</id><category>floor_lamp</category><bounds><corner1>-0.080577  , -0.72573815, -0.71280464</corner1><corner2>0.080577  , 0.72573815, 0.71280464</corner2></bounds><pose><translation>-1.45002766, -0.60470371, -3.17278451</translation><rotation><c1>1., 0., 0.</c1><c2>0., 1., 0.</c2><c3>0., 0., 1.</c3></rotation></pose><symmetry><x>none</x><y>none</y><z>none</z></symmetry><detectionScore>-1</detectionScore></element><element><id>9</id><category>shoes_cabinet</category><bounds><corner1>-0.82153949, -0.07998905, -0.48187355</corner1><corner2>0.82153949, 0.07998905, 0.48187355</corner2></bounds><pose><translation> 0.50484919, -1.10943679,  1.45701084</translation><rotation><c1>1., 0., 0.</c1><c2>0., 1., 0.</c2><c3>0., 0., 1.</c3></rotation></pose><symmetry><x>none</x><y>none</y><z>none</z></symmetry><detectionScore>-1</detectionScore></element><element><id>5</id><category>shelving</category><bounds><corner1>-0.38552008, -1.04782613, -0.21328377</corner1><corner2>0.38552008, 1.04782613, 0.21328377</corner2></bounds><pose><translation> 4.28985972, -0.42750746,  1.29464097</translation><rotation><c1>1., 0., 0.</c1><c2>0., 1., 0.</c2><c3>0., 0., 1.</c3></rotation></pose><symmetry><x>none</x><y>none</y><z>none</z></symmetry><detectionScore>-1</detectionScore></element><element><id>4</id><category>double_bed</category><bounds><corner1>-1.61956025, -0.44795121, -0.13509539</corner1><corner2>1.61956025, 0.44795121, 0.13509539</corner2></bounds><pose><translation> 0.13569016, -0.97541162, -1.60705936</translation><rotation><c1>1., 0., 0.</c1><c2>0., 1., 0.</c2><c3>0., 0., 1.</c3></rotation></pose><symmetry><x>none</x><y>none</y><z>none</z></symmetry><detectionScore>-1</detectionScore></element><element><id>11</id><category>window</category><bounds><corner1>-0.7683202 , -1.07700008, -0.83814871</corner1><corner2>0.7683202 , 1.07700008, 0.83814871</corner2></bounds><pose><translation> 2.04013546, -0.06120014, -3.73200673</translation><rotation><c1>1., 0., 0.</c1><c2>0., 1., 0.</c2><c3>0., 0., 1.</c3></rotation></pose><symmetry><x>none</x><y>none</y><z>none</z></symmetry><detectionScore>-1</detectionScore></element><element><id>10</id><category>door</category><bounds><corner1>-0.37207762, -0.94529544, -0.8918554 </corner1><corner2>0.37207762, 0.94529544, 0.8918554 </corner2></bounds><pose><translation> 4.34085659, -0.33086212, -2.44262122</translation><rotation><c1>1., 0., 0.</c1><c2>0., 1., 0.</c2><c3>0., 0., 1.</c3></rotation></pose><symmetry><x>none</x><y>none</y><z>none</z></symmetry><detectionScore>-1</detectionScore></element><element><id>6</id><category>floor_lamp</category><bounds><corner1>-0.32260615, -0.71587868, -0.04002224</corner1><corner2>0.32260615, 0.71587868, 0.04002224</corner2></bounds><pose><translation>-0.22308647, -0.60893528,  1.50798797</translation><rotation><c1>1., 0., 0.</c1><c2>0., 1., 0.</c2><c3>0., 0., 1.</c3></rotation></pose><symmetry><x>none</x><y>none</y><z>none</z></symmetry><detectionScore>-1</detectionScore></element><element><id>13</id><category>window</category><bounds><corner1>-0.63021878, -1.12512945, -1.42676654</corner1><corner2>0.63021878, 1.12512945, 1.42676654</corner2></bounds><pose><translation>-0.60461797, -0.14217178, -3.73381455</translation><rotation><c1>1., 0., 0.</c1><c2>0., 1., 0.</c2><c3>0., 0., 1.</c3></rotation></pose><symmetry><x>none</x><y>none</y><z>none</z></symmetry><detectionScore>-1</detectionScore></element><element><id>3</id><category>floor_lamp</category><bounds><corner1>-0.48313391, -0.79231055, -1.4301726 </corner1><corner2>0.48313391, 0.79231055, 1.4301726 </corner2></bounds><pose><translation> 4.23838301, -0.65997764, -3.15880165</translation><rotation><c1>1., 0., 0.</c1><c2>0., 1., 0.</c2><c3>0., 0., 1.</c3></rotation></pose><symmetry><x>none</x><y>none</y><z>none</z></symmetry><detectionScore>-1</detectionScore></element><element><id>2</id><category>dresser</category><bounds><corner1>-0.28392285, -0.45885479, -0.07757423</corner1><corner2>0.28392285, 0.45885479, 0.07757423</corner2></bounds><pose><translation>-1.42564606, -0.98632382, -2.03549315</translation><rotation><c1>1., 0., 0.</c1><c2>0., 1., 0.</c2><c3>0., 0., 1.</c3></rotation></pose><symmetry><x>none</x><y>none</y><z>none</z></symmetry><detectionScore>-1</detectionScore></element><element><id>12</id><category>shelving</category><bounds><corner1>-1.09622494, -0.80095404, -0.22742529</corner1><corner2>1.09622494, 0.80095404, 0.22742529</corner2></bounds><pose><translation> 2.02294607, -0.7198735 ,  1.28753677</translation><rotation><c1>1., 0., 0.</c1><c2>0., 1., 0.</c2><c3>0., 0., 1.</c3></rotation></pose><symmetry><x>none</x><y>none</y><z>none</z></symmetry><detectionScore>-1</detectionScore></element><element><id>8</id><category>wall</category><bounds><corner1>-0.0946635 , -1.17767901, -2.39488709</corner1><corner2>0.0946635 , 1.17767901, 2.39488709</corner2></bounds><pose><translation> 4.64754726, -0.05751315, -1.06354314</translation><rotation><c1>1., 0., 0.</c1><c2>0., 1., 0.</c2><c3>0., 0., 1.</c3></rotation></pose><symmetry><x>none</x><y>none</y><z>none</z></symmetry><detectionScore>-1</detectionScore></element><element><id>1</id><category>wall</category><bounds><corner1>-2.38564409, -1.22882599, -1.31982295</corner1><corner2>2.38564409, 1.22882599, 1.31982295</corner2></bounds><pose><translation> 0.81169069, -0.10660998, -3.70197163</translation><rotation><c1>1., 0., 0.</c1><c2>0., 1., 0.</c2><c3>0., 0., 1.</c3></rotation></pose><symmetry><x>none</x><y>none</y><z>none</z></symmetry><detectionScore>-1</detectionScore></element></elements></scene>