<?xml version='1.0' encoding='utf-8'?>
<scene xmlns:sumo="https://www.sumochallenge.org"><version>2.0</version><categories><id>fb_categories_v1_0</id><url>https://sumochallenge.org/en/categories-1_0.json</url></categories><project_type>bounding_box</project_type><elements><element><id>0</id><category>shelving</category><bounds><corner1>-2.009029675464641, -1.5190549514790526, -1.642230855992627</corner1><corner2>2.009029675464641, 1.5190549514790526, 1.642230855992627</corner2></bounds><pose><translation>-5.823421294695556, -0.2157458193067912, -3.7582638384276117</translation><rotation><c1>1, 0, 0</c1><c2>0, 1, 0</c2><c3>0, 0, 1</c3></rotation></pose><symmetry><x>twoFold</x><y>cylindrical</y><z>twoFold</z></symmetry><detectionScore>-1.0</detectionScore></element><element><id>1</id><category>chair</category><bounds><corner1>-0.4853357714812523, -0.3542272266203996, -1.1353386719659415</corner1><corner2>0.4853357714812523, 0.3542272266203996, 1.1353386719659415</corner2></bounds><pose><translation>-4.3291882288102554, -0.9261279302706091, -1.8042449354952244</translation><rotation><c1>1, 0, 0</c1><c2>0, 1, 0</c2><c3>0, 0, 1</c3></rotation></pose><symmetry><x>twoFold</x><y>cylindrical</y><z>twoFold</z></symmetry><detectionScore>-1.0</detectionScore></element><element><id>2</id><category>shelving</category><bounds><corner1>-1.8779861795825776, -1.4637122590574554, -1.0886692270617813</corner1><corner2>1.8779861795825776, 1.4637122590574554, 1.0886692270617813</corner2></bounds><pose><translation>-5.827373453628991, -0.12634396575864973, 0.9029485589509688</translation><rotation><c1>1, 0, 0</c1><c2>0, 1, 0</c2><c3>0, 0, 1</c3></rotation></pose><symmetry><x>twoFold</x><y>cylindrical</y><z>twoFold</z></symmetry><detectionScore>-1.0</detectionScore></element><element><id>3</id><category>fish_tank</category><bounds><corner1>-0.2678960571810679, -0.816198983380251, -0.8855508552600111</corner1><corner2>0.2678960571810679, 0.816198983380251, 0.8855508552600111</corner2></bounds><pose><translation>-1.1960418078656136, -0.818769181295658, 2.9600138721378637</translation><rotation><c1>1, 0, 0</c1><c2>0, 1, 0</c2><c3>0, 0, 1</c3></rotation></pose><symmetry><x>twoFold</x><y>cylindrical</y><z>twoFold</z></symmetry><detectionScore>-1.0</detectionScore></element><element><id>4</id><category>door</category><bounds><corner1>-1.9877913495264505, -1.64066233604947, -4.1082464669284</corner1><corner2>1.9877913495264505, 1.64066233604947, 4.1082464669284</corner2></bounds><pose><translation>0.40293561915139225, 0.0, 3.7883473675407506</translation><rotation><c1>1, 0, 0</c1><c2>0, 1, 0</c2><c3>0, 0, 1</c3></rotation></pose><symmetry><x>twoFold</x><y>cylindrical</y><z>twoFold</z></symmetry><detectionScore>-1.0</detectionScore></element><element><id>5</id><category>shelving</category><bounds><corner1>-2.7065182865424946, -1.388473832850082, -1.2146114944114081</corner1><corner2>2.7065182865424946, 1.388473832850082, 1.2146114944114081</corner2></bounds><pose><translation>-5.857800321756196, -0.0633737141941193, -2.2480918366407407</translation><rotation><c1>1, 0, 0</c1><c2>0, 1, 0</c2><c3>0, 0, 1</c3></rotation></pose><symmetry><x>twoFold</x><y>cylindrical</y><z>twoFold</z></symmetry><detectionScore>-1.0</detectionScore></element><element><id>6</id><category>sofa</category><bounds><corner1>-0.5938998312358716, -0.4798340369191706, -0.8407062666670657</corner1><corner2>0.5938998312358716, 0.4798340369191706, 0.8407062666670657</corner2></bounds><pose><translation>2.0206419314166406, -1.25925579272928, 0.6186014847847501</translation><rotation><c1>1, 0, 0</c1><c2>0, 1, 0</c2><c3>0, 0, 1</c3></rotation></pose><symmetry><x>twoFold</x><y>cylindrical</y><z>twoFold</z></symmetry><detectionScore>-1.0</detectionScore></element><element><id>7</id><category>sofa</category><bounds><corner1>-0.45393045918154673, -0.41897881870836207, -0.6997316315668286</corner1><corner2>0.45393045918154673, 0.41897881870836207, 0.6997316315668286</corner2></bounds><pose><translation>2.160075275277985, -1.182440835913378, -0.7729550026752474</translation><rotation><c1>1, 0, 0</c1><c2>0, 1, 0</c2><c3>0, 0, 1</c3></rotation></pose><symmetry><x>twoFold</x><y>cylindrical</y><z>twoFold</z></symmetry><detectionScore>-1.0</detectionScore></element><element><id>8</id><category>wall</category><bounds><corner1>-1.1421272627277643, -1.3567787790052637, -2.4871270041940186</corner1><corner2>1.1421272627277643, 1.3567787790052637, 2.4871270041940186</corner2></bounds><pose><translation>-4.0847025613686725, -0.06099122670896536, -6.7110557731252545</translation><rotation><c1>1, 0, 0</c1><c2>0, 1, 0</c2><c3>0, 0, 1</c3></rotation></pose><symmetry><x>twoFold</x><y>cylindrical</y><z>twoFold</z></symmetry><detectionScore>-1.0</detectionScore></element><element><id>9</id><category>chandelier</category><bounds><corner1>-0.8264318436900986, -0.09179075741007381, -0.8369073124456192</corner1><corner2>0.8264318436900986, 0.09179075741007381, 0.8369073124456192</corner2></bounds><pose><translation>-3.6725758067197094, 1.326420244050324, -1.6700082757353023</translation><rotation><c1>1, 0, 0</c1><c2>0, 1, 0</c2><c3>0, 0, 1</c3></rotation></pose><symmetry><x>twoFold</x><y>cylindrical</y><z>twoFold</z></symmetry><detectionScore>-1.0</detectionScore></element><element><id>10</id><category>desk</category><bounds><corner1>-0.2742233185724635, -0.7414523352417393, -0.8191963356460805</corner1><corner2>0.2742233185724635, 0.7414523352417393, 0.8191963356460805</corner2></bounds><pose><translation>-1.19490725472298, -0.7544080189434506, 3.0298275765161824</translation><rotation><c1>1, 0, 0</c1><c2>0, 1, 0</c2><c3>0, 0, 1</c3></rotation></pose><symmetry><x>twoFold</x><y>cylindrical</y><z>twoFold</z></symmetry><detectionScore>-1.0</detectionScore></element><element><id>11</id><category>shelving</category><bounds><corner1>-1.1592277613015383, -1.514185928309332, -1.1267840461800254</corner1><corner2>1.1592277613015383, 1.514185928309332, 1.1267840461800254</corner2></bounds><pose><translation>-4.3693443340984714, -0.18879195869766094, -0.7014287722513552</translation><rotation><c1>1, 0, 0</c1><c2>0, 1, 0</c2><c3>0, 0, 1</c3></rotation></pose><symmetry><x>twoFold</x><y>cylindrical</y><z>twoFold</z></symmetry><detectionScore>-1.0</detectionScore></element><element><id>12</id><category>desk</category><bounds><corner1>-0.48484517559583384, -0.31382234559122146, -1.0377215745279638</corner1><corner2>0.48484517559583384, 0.31382234559122146, 1.0377215745279638</corner2></bounds><pose><translation>-4.272515742572757, -0.8823817720619169, -3.1831939515535956</translation><rotation><c1>1, 0, 0</c1><c2>0, 1, 0</c2><c3>0, 0, 1</c3></rotation></pose><symmetry><x>twoFold</x><y>cylindrical</y><z>twoFold</z></symmetry><detectionScore>-1.0</detectionScore></element><element><id>13</id><category>shelving</category><bounds><corner1>-0.8782217089531961, -1.1885406399129896, -0.7972102254363049</corner1><corner2>0.8782217089531961, 1.1885406399129896, 0.7972102254363049</corner2></bounds><pose><translation>-4.061387612866526, 0.12895690569635246, -4.6958325479344385</translation><rotation><c1>1, 0, 0</c1><c2>0, 1, 0</c2><c3>0, 0, 1</c3></rotation></pose><symmetry><x>twoFold</x><y>cylindrical</y><z>twoFold</z></symmetry><detectionScore>-1.0</detectionScore></element><element><id>14</id><category>office_chair</category><bounds><corner1>-0.5862451219066025, -0.48150718986485447, -1.5884832224502512</corner1><corner2>0.5862451219066025, 0.48150718986485447, 1.5884832224502512</corner2></bounds><pose><translation>-1.7510866374352687, -0.8394428648803197, 2.1962915801943867</translation><rotation><c1>1, 0, 0</c1><c2>0, 1, 0</c2><c3>0, 0, 1</c3></rotation></pose><symmetry><x>twoFold</x><y>cylindrical</y><z>twoFold</z></symmetry><detectionScore>-1.0</detectionScore></element><element><id>15</id><category>chair</category><bounds><corner1>-0.5791518711275057, -0.49348470313003845, -0.6114345512983094</corner1><corner2>0.5791518711275057, 0.49348470313003845, 0.6114345512983094</corner2></bounds><pose><translation>2.034853863332026, -1.2580154333256302, -0.7375103197535477</translation><rotation><c1>1, 0, 0</c1><c2>0, 1, 0</c2><c3>0, 0, 1</c3></rotation></pose><symmetry><x>twoFold</x><y>cylindrical</y><z>twoFold</z></symmetry><detectionScore>-1.0</detectionScore></element><element><id>16</id><category>kitchen_cabinet</category><bounds><corner1>-0.4700392779153395, -0.375141429618042, -0.9233312787190617</corner1><corner2>0.4700392779153395, 0.375141429618042, 0.9233312787190617</corner2></bounds><pose><translation>-4.2954007729249835, -0.9453792178622701, -2.5404374076671092</translation><rotation><c1>1, 0, 0</c1><c2>0, 1, 0</c2><c3>0, 0, 1</c3></rotation></pose><symmetry><x>twoFold</x><y>cylindrical</y><z>twoFold</z></symmetry><detectionScore>-1.0</detectionScore></element><element><id>17</id><category>wall</category><bounds><corner1>-2.9353333077069754, -1.2870481929680113, -4.431619643453304</corner1><corner2>2.9353333077069754, 1.2870481929680113, 4.431619643453304</corner2></bounds><pose><translation>-3.605821010594514, 0.012044613859052684, -6.785552616542582</translation><rotation><c1>1, 0, 0</c1><c2>0, 1, 0</c2><c3>0, 0, 1</c3></rotation></pose><symmetry><x>twoFold</x><y>cylindrical</y><z>twoFold</z></symmetry><detectionScore>-1.0</detectionScore></element><element><id>18</id><category>shelving</category><bounds><corner1>-2.0204850336738396, -1.464719168080832, -1.874452695378884</corner1><corner2>2.0204850336738396, 1.464719168080832, 1.874452695378884</corner2></bounds><pose><translation>-5.808155600650763, -0.16490231431120295, -4.697845470932372</translation><rotation><c1>1, 0, 0</c1><c2>0, 1, 0</c2><c3>0, 0, 1</c3></rotation></pose><symmetry><x>twoFold</x><y>cylindrical</y><z>twoFold</z></symmetry><detectionScore>-1.0</detectionScore></element><element><id>19</id><category>air_conditioner</category><bounds><corner1>-0.6849579839824123, -0.38035604549771196, -1.5871062687018918</corner1><corner2>0.6849579839824123, 0.38035604549771196, 1.5871062687018918</corner2></bounds><pose><translation>1.9011474161888882, 1.1375671654935022, -0.5416630835258484</translation><rotation><c1>1, 0, 0</c1><c2>0, 1, 0</c2><c3>0, 0, 1</c3></rotation></pose><symmetry><x>twoFold</x><y>cylindrical</y><z>twoFold</z></symmetry><detectionScore>-1.0</detectionScore></element><element><id>20</id><category>picture_frame</category><bounds><corner1>-1.702282662456727, -1.0603050589278231, -2.5753065329451434</corner1><corner2>1.702282662456727, 1.0603050589278231, 2.5753065329451434</corner2></bounds><pose><translation>-4.646024506025157, -0.16812212718075356, -6.841971329152961</translation><rotation><c1>1, 0, 0</c1><c2>0, 1, 0</c2><c3>0, 0, 1</c3></rotation></pose><symmetry><x>twoFold</x><y>cylindrical</y><z>twoFold</z></symmetry><detectionScore>-1.0</detectionScore></element><element><id>21</id><category>floor_lamp</category><bounds><corner1>-0.43743603907142337, -0.898703229814166, -1.0167788807179399</corner1><corner2>0.43743603907142337, 0.898703229814166, 1.0167788807179399</corner2></bounds><pose><translation>-1.1996945723817687, -0.9116589135158772, 2.8258146505510116</translation><rotation><c1>1, 0, 0</c1><c2>0, 1, 0</c2><c3>0, 0, 1</c3></rotation></pose><symmetry><x>twoFold</x><y>cylindrical</y><z>twoFold</z></symmetry><detectionScore>-1.0</detectionScore></element><element><id>22</id><category>window</category><bounds><corner1>-1.7574739611303842, -1.324858209401819, -2.605870958145182</corner1><corner2>1.7574739611303842, 1.324858209401819, 2.605870958145182</corner2></bounds><pose><translation>-4.700049259771292, -0.11449653356323493, -6.872535754353</translation><rotation><c1>1, 0, 0</c1><c2>0, 1, 0</c2><c3>0, 0, 1</c3></rotation></pose><symmetry><x>twoFold</x><y>cylindrical</y><z>twoFold</z></symmetry><detectionScore>-1.0</detectionScore></element><element><id>23</id><category>chandelier</category><bounds><corner1>-0.6315446243634395, -0.08148639692226389, -1.8468394153094554</corner1><corner2>0.6315446243634395, 0.08148639692226389, 1.8468394153094554</corner2></bounds><pose><translation>-3.809960638459351, 1.313383599159326, 1.767209872937193</translation><rotation><c1>1, 0, 0</c1><c2>0, 1, 0</c2><c3>0, 0, 1</c3></rotation></pose><symmetry><x>twoFold</x><y>cylindrical</y><z>twoFold</z></symmetry><detectionScore>-1.0</detectionScore></element><element><id>24</id><category>chandelier</category><bounds><corner1>-1.0289312980779366, -0.24561070614843694, -0.652190366194926</corner1><corner2>1.0289312980779366, 0.24561070614843694, 0.652190366194926</corner2></bounds><pose><translation>-3.8448743936819185, 1.0845035620016672, -4.9188551624027435</translation><rotation><c1>1, 0, 0</c1><c2>0, 1, 0</c2><c3>0, 0, 1</c3></rotation></pose><symmetry><x>twoFold</x><y>cylindrical</y><z>twoFold</z></symmetry><detectionScore>-1.0</detectionScore></element><element><id>25</id><category>hanger</category><bounds><corner1>-0.35621941165034765, -0.8270468873783144, -0.9548276430516602</corner1><corner2>0.35621941165034765, 0.8270468873783144, 0.9548276430516602</corner2></bounds><pose><translation>-1.1949625021586439, -0.860519886126446, 2.887765888217291</translation><rotation><c1>1, 0, 0</c1><c2>0, 1, 0</c2><c3>0, 0, 1</c3></rotation></pose><symmetry><x>twoFold</x><y>cylindrical</y><z>twoFold</z></symmetry><detectionScore>-1.0</detectionScore></element><element><id>26</id><category>wall</category><bounds><corner1>-2.8588403465066583, -1.344593515467774, -2.284064482449671</corner1><corner2>2.8588403465066583, 1.344593515467774, 2.284064482449671</corner2></bounds><pose><translation>-6.042686009195597, -0.02893278185302926, 1.337208744496256</translation><rotation><c1>1, 0, 0</c1><c2>0, 1, 0</c2><c3>0, 0, 1</c3></rotation></pose><symmetry><x>twoFold</x><y>cylindrical</y><z>twoFold</z></symmetry><detectionScore>-1.0</detectionScore></element><element><id>27</id><category>armchair</category><bounds><corner1>-0.4946620203372931, -0.46254239550691345, -0.6984208421787454</corner1><corner2>0.4946620203372931, 0.46254239550691345, 0.6984208421787454</corner2></bounds><pose><translation>2.1193437141222384, -1.2260044127119294, -0.7521358821769538</translation><rotation><c1>1, 0, 0</c1><c2>0, 1, 0</c2><c3>0, 0, 1</c3></rotation></pose><symmetry><x>twoFold</x><y>cylindrical</y><z>twoFold</z></symmetry><detectionScore>-1.0</detectionScore></element><element><id>28</id><category>armchair</category><bounds><corner1>-0.4505895653288099, -0.48213134014742687, -0.9389425181568195</corner1><corner2>0.4505895653288099, 0.48213134014742687, 0.9389425181568195</corner2></bounds><pose><translation>2.167577088163589, -1.2208833535330716, 0.6354825901954818</translation><rotation><c1>1, 0, 0</c1><c2>0, 1, 0</c2><c3>0, 0, 1</c3></rotation></pose><symmetry><x>twoFold</x><y>cylindrical</y><z>twoFold</z></symmetry><detectionScore>-1.0</detectionScore></element><element><id>29</id><category>stand</category><bounds><corner1>-0.333701487200753, -0.6244393957728328, -0.9276697226327766</corner1><corner2>0.333701487200753, 0.6244393957728328, 0.9276697226327766</corner2></bounds><pose><translation>-1.190057351864222, -0.8829644403654325, 2.9164365717971146</translation><rotation><c1>1, 0, 0</c1><c2>0, 1, 0</c2><c3>0, 0, 1</c3></rotation></pose><symmetry><x>twoFold</x><y>cylindrical</y><z>twoFold</z></symmetry><detectionScore>-1.0</detectionScore></element><element><id>30</id><category>wall</category><bounds><corner1>-1.7719753534385752, -1.26771734820517, -0.1017276382036747</corner1><corner2>1.7719753534385752, 1.26771734820517, 0.1017276382036747</corner2></bounds><pose><translation>-5.066767643765519, 0.04327239110530151, 3.55690176787796</translation><rotation><c1>1, 0, 0</c1><c2>0, 1, 0</c2><c3>0, 0, 1</c3></rotation></pose><symmetry><x>twoFold</x><y>cylindrical</y><z>twoFold</z></symmetry><detectionScore>-1.0</detectionScore></element><element><id>31</id><category>chair</category><bounds><corner1>-0.4227834026329744, -0.3243217102230518, -1.5812801292069918</corner1><corner2>0.4227834026329744, 0.3243217102230518, 1.5812801292069918</corner2></bounds><pose><translation>-1.5684766864822302, -0.8503751899529802, 2.202476459949145</translation><rotation><c1>1, 0, 0</c1><c2>0, 1, 0</c2><c3>0, 0, 1</c3></rotation></pose><symmetry><x>twoFold</x><y>cylindrical</y><z>twoFold</z></symmetry><detectionScore>-1.0</detectionScore></element><element><id>32</id><category>wall</category><bounds><corner1>-2.3819079212537124, -1.64066233604947, -4.116396225982031</corner1><corner2>2.3819079212537124, 1.64066233604947, 4.116396225982031</corner2></bounds><pose><translation>0.0, 0.0, 3.780197608487119</translation><rotation><c1>1, 0, 0</c1><c2>0, 1, 0</c2><c3>0, 0, 1</c3></rotation></pose><symmetry><x>twoFold</x><y>cylindrical</y><z>twoFold</z></symmetry><detectionScore>-1.0</detectionScore></element><element><id>33</id><category>partition</category><bounds><corner1>-0.6836127537158111, -0.8176159402908012, -0.32218151852715327</corner1><corner2>0.6836127537158111, 0.8176159402908012, 0.32218151852715327</corner2></bounds><pose><translation>0.21448436748734037, -0.09688364846953354, -2.4489962239148095</translation><rotation><c1>1, 0, 0</c1><c2>0, 1, 0</c2><c3>0, 0, 1</c3></rotation></pose><symmetry><x>twoFold</x><y>cylindrical</y><z>twoFold</z></symmetry><detectionScore>-1.0</detectionScore></element><element><id>34</id><category>wall</category><bounds><corner1>-1.4647197555067182, -1.3383707203197959, -0.3408495208129185</corner1><corner2>1.4647197555067182, 1.3383707203197959, 0.3408495208129185</corner2></bounds><pose><translation>-0.6333937847582649, -0.03492453122418568, -2.482557151667487</translation><rotation><c1>1, 0, 0</c1><c2>0, 1, 0</c2><c3>0, 0, 1</c3></rotation></pose><symmetry><x>twoFold</x><y>cylindrical</y><z>twoFold</z></symmetry><detectionScore>-1.0</detectionScore></element><element><id>35</id><category>stairs</category><bounds><corner1>-0.610702213025815, -1.2276962737364916, -0.3265685208235616</corner1><corner2>0.610702213025815, 1.2276962737364916, 0.3265685208235616</corner2></bounds><pose><translation>-0.5392939864076671, 0.1400317168282422, -2.466820870880155</translation><rotation><c1>1, 0, 0</c1><c2>0, 1, 0</c2><c3>0, 0, 1</c3></rotation></pose><symmetry><x>twoFold</x><y>cylindrical</y><z>twoFold</z></symmetry><detectionScore>-1.0</detectionScore></element><element><id>36</id><category>shelving</category><bounds><corner1>-0.3539065099629608, -0.8269249292540737, -0.9239991352908632</corner1><corner2>0.3539065099629608, 0.8269249292540737, 0.9239991352908632</corner2></bounds><pose><translation>-1.1933307327266893, -0.8503108011960621, 2.9215655921070116</translation><rotation><c1>1, 0, 0</c1><c2>0, 1, 0</c2><c3>0, 0, 1</c3></rotation></pose><symmetry><x>twoFold</x><y>cylindrical</y><z>twoFold</z></symmetry><detectionScore>-1.0</detectionScore></element><element><id>37</id><category>wall</category><bounds><corner1>-2.6825436260481093, -1.3265608852135815, -2.010202108562079</corner1><corner2>2.6825436260481093, 1.3265608852135815, 2.010202108562079</corner2></bounds><pose><translation>-5.8347375518082485, -0.005961512199024394, -1.1257223988226241</translation><rotation><c1>1, 0, 0</c1><c2>0, 1, 0</c2><c3>0, 0, 1</c3></rotation></pose><symmetry><x>twoFold</x><y>cylindrical</y><z>twoFold</z></symmetry><detectionScore>-1.0</detectionScore></element><element><id>38</id><category>window</category><bounds><corner1>-0.8267435940711103, -1.329987597269296, -0.3139650566576657</corner1><corner2>0.8267435940711103, 1.329987597269296, 0.3139650566576657</corner2></bounds><pose><translation>-0.4998863088506771, -0.046562139567473126, -2.473631919382897</translation><rotation><c1>1, 0, 0</c1><c2>0, 1, 0</c2><c3>0, 0, 1</c3></rotation></pose><symmetry><x>twoFold</x><y>cylindrical</y><z>twoFold</z></symmetry><detectionScore>-1.0</detectionScore></element><element><id>39</id><category>door</category><bounds><corner1>-0.5554294947614222, -1.3772747060341395, -0.33178889538696277</corner1><corner2>0.5554294947614222, 1.3772747060341395, 0.33178889538696277</corner2></bounds><pose><translation>-0.8873290757923022, -0.09384924833231656, -2.491455758112194</translation><rotation><c1>1, 0, 0</c1><c2>0, 1, 0</c2><c3>0, 0, 1</c3></rotation></pose><symmetry><x>twoFold</x><y>cylindrical</y><z>twoFold</z></symmetry><detectionScore>-1.0</detectionScore></element><element><id>40</id><category>chair</category><bounds><corner1>-0.5410513925881237, -0.51080448878893, -0.8965632829442761</corner1><corner2>0.5410513925881237, 0.51080448878893, 0.8965632829442761</corner2></bounds><pose><translation>2.076014154022945, -1.2601272465934923, 0.6207331549074137</translation><rotation><c1>1, 0, 0</c1><c2>0, 1, 0</c2><c3>0, 0, 1</c3></rotation></pose><symmetry><x>twoFold</x><y>cylindrical</y><z>twoFold</z></symmetry><detectionScore>-1.0</detectionScore></element><element><id>41</id><category>chandelier</category><bounds><corner1>-0.3403266928722748, -0.05463644190052763, -0.5211330973628341</corner1><corner2>0.3403266928722748, 0.05463644190052763, 0.5211330973628341</corner2></bounds><pose><translation>-3.1257823263223736, 1.363320036989225, -1.6551438801014042</translation><rotation><c1>1, 0, 0</c1><c2>0, 1, 0</c2><c3>0, 0, 1</c3></rotation></pose><symmetry><x>twoFold</x><y>cylindrical</y><z>twoFold</z></symmetry><detectionScore>-1.0</detectionScore></element><element><id>42</id><category>wall</category><bounds><corner1>-2.9698508799879404, -1.3726711465623367, -0.43932669493826815</corner1><corner2>2.9698508799879404, 1.3726711465623367, 0.43932669493826815</corner2></bounds><pose><translation>-6.150241243558226, -0.06645330580315759, 3.1882978388971366</translation><rotation><c1>1, 0, 0</c1><c2>0, 1, 0</c2><c3>0, 0, 1</c3></rotation></pose><symmetry><x>twoFold</x><y>cylindrical</y><z>twoFold</z></symmetry><detectionScore>-1.0</detectionScore></element><element><id>43</id><category>kitchen_cabinet</category><bounds><corner1>-0.4898893302117848, -0.240036195208279, -0.9827739515441078</corner1><corner2>0.4898893302117848, 0.240036195208279, 0.9827739515441078</corner2></bounds><pose><translation>-4.279810659642297, -0.8057356949187798, -3.4560412249451957</translation><rotation><c1>1, 0, 0</c1><c2>0, 1, 0</c2><c3>0, 0, 1</c3></rotation></pose><symmetry><x>twoFold</x><y>cylindrical</y><z>twoFold</z></symmetry><detectionScore>-1.0</detectionScore></element></elements></scene>