<?xml version='1.0' encoding='utf-8'?>
<scene xmlns:sumo="https://www.sumochallenge.org"><version>2.0</version><categories><id>fb_categories_v1.0</id><url>https://sumochallenge.org/en/categories-1_0.json</url></categories><project_type>bounding_box</project_type><elements><element><id>4</id><category>wall</category><bounds><corner1>-1.57114911, -1.10352714, -2.97795536</corner1><corner2>1.57114911, 1.10352714, 2.97795536</corner2></bounds><pose><translation>-2.85717351, -0.06906542,  0.47291386</translation><rotation><c1>1., 0., 0.</c1><c2>0., 1., 0.</c2><c3>0., 0., 1.</c3></rotation></pose><symmetry><x>none</x><y>twoFold</y><z>none</z></symmetry><detectionScore>0.9628439</detectionScore></element><element><id>5</id><category>table_and_chair</category><bounds><corner1>-0.55984154, -0.66603775, -2.17083693</corner1><corner2>0.55984154, 0.66603775, 2.17083693</corner2></bounds><pose><translation>-2.99575779, -1.3322451 ,  1.41393585</translation><rotation><c1>1., 0., 0.</c1><c2>0., 1., 0.</c2><c3>0., 0., 1.</c3></rotation></pose><symmetry><x>none</x><y>twoFold</y><z>none</z></symmetry><detectionScore>0.98497045</detectionScore></element><element><id>3</id><category>refrigerator</category><bounds><corner1>-0.29344521, -0.86946136, -1.42192945</corner1><corner2>0.29344521, 0.86946136, 1.42192945</corner2></bounds><pose><translation> 1.10528434, -0.36766106,  2.44308769</translation><rotation><c1>1., 0., 0.</c1><c2>0., 1., 0.</c2><c3>0., 0., 1.</c3></rotation></pose><symmetry><x>none</x><y>none</y><z>twoFold</z></symmetry><detectionScore>0.6162707</detectionScore></element><element><id>2</id><category>kettle</category><bounds><corner1>-0.52398351, -0.15172615, -0.43106107</corner1><corner2>0.52398351, 0.15172615, 0.43106107</corner2></bounds><pose><translation> 1.14602311, -0.68480918,  0.62808843</translation><rotation><c1>1., 0., 0.</c1><c2>0., 1., 0.</c2><c3>0., 0., 1.</c3></rotation></pose><symmetry><x>none</x><y>cylindrical</y><z>none</z></symmetry><detectionScore>0.75552756</detectionScore></element><element><id>7</id><category>utensil_holder</category><bounds><corner1>-0.15899914, -0.27893207, -0.44057598</corner1><corner2>0.15899914, 0.27893207, 0.44057598</corner2></bounds><pose><translation> 1.53401155, -0.53155919,  1.19373377</translation><rotation><c1>1., 0., 0.</c1><c2>0., 1., 0.</c2><c3>0., 0., 1.</c3></rotation></pose><symmetry><x>none</x><y>cylindrical</y><z>none</z></symmetry><detectionScore>0.751096</detectionScore></element><element><id>9</id><category>wall</category><bounds><corner1>-1.1995847 , -1.23886039, -1.29075447</corner1><corner2>1.1995847 , 1.23886039, 1.29075447</corner2></bounds><pose><translation> 0.04935149, -0.15395261,  2.62616158</translation><rotation><c1>1., 0., 0.</c1><c2>0., 1., 0.</c2><c3>0., 0., 1.</c3></rotation></pose><symmetry><x>none</x><y>twoFold</y><z>none</z></symmetry><detectionScore>0.9527594</detectionScore></element><element><id>8</id><category>hanging_kitchen_cabinet</category><bounds><corner1>-0.37507345, -0.42771321, -0.05003265</corner1><corner2>0.37507345, 0.42771321, 0.05003265</corner2></bounds><pose><translation> 0.20502613,  0.44898833, -1.22701115</translation><rotation><c1>1., 0., 0.</c1><c2>0., 1., 0.</c2><c3>0., 0., 1.</c3></rotation></pose><symmetry><x>none</x><y>none</y><z>twoFold</z></symmetry><detectionScore>0.96678257</detectionScore></element><element><id>6</id><category>table_and_chair</category><bounds><corner1>-2.42256158, -0.28720382, -1.28456785</corner1><corner2>2.42256158, 0.28720382, 1.28456785</corner2></bounds><pose><translation>-4.89959974, -0.68938385,  2.66070721</translation><rotation><c1>1., 0., 0.</c1><c2>0., 1., 0.</c2><c3>0., 0., 1.</c3></rotation></pose><symmetry><x>none</x><y>twoFold</y><z>none</z></symmetry><detectionScore>0.60584074</detectionScore></element></elements></scene>