<?xml version='1.0' encoding='utf-8'?>
<scene xmlns:sumo="https://www.sumochallenge.org"><version>2.0</version><categories><id>fb_categories_v1.0</id><url>https://sumochallenge.org/en/categories-1_0.json</url></categories><project_type>bounding_box</project_type><elements><element><id>7</id><category>chandelier</category><bounds><corner1>-2.16304143, -0.03208364, -0.51992748</corner1><corner2>2.16304143, 0.03208364, 0.51992748</corner2></bounds><pose><translation> 2.89276974,  1.17436702, -1.29150294</translation><rotation><c1>1., 0., 0.</c1><c2>0., 1., 0.</c2><c3>0., 0., 1.</c3></rotation></pose><symmetry><x>none</x><y>none</y><z>none</z></symmetry><detectionScore>-1</detectionScore></element><element><id>9</id><category>door</category><bounds><corner1>-2.42503321, -1.07410121, -0.9908235 </corner1><corner2>2.42503321, 1.07410121, 0.9908235 </corner2></bounds><pose><translation>-4.9620508 , -0.37758894, -0.9433448 </translation><rotation><c1>1., 0., 0.</c1><c2>0., 1., 0.</c2><c3>0., 0., 1.</c3></rotation></pose><symmetry><x>none</x><y>none</y><z>none</z></symmetry><detectionScore>-1</detectionScore></element><element><id>5</id><category>wall</category><bounds><corner1>-2.92905304, -0.99680632, -2.51308448</corner1><corner2>2.92905304, 0.99680632, 2.51308448</corner2></bounds><pose><translation> 1.74387558, -0.06487289,  3.94785992</translation><rotation><c1>1., 0., 0.</c1><c2>0., 1., 0.</c2><c3>0., 0., 1.</c3></rotation></pose><symmetry><x>none</x><y>none</y><z>none</z></symmetry><detectionScore>-1</detectionScore></element><element><id>4</id><category>wall</category><bounds><corner1>-3.93070651, -1.20879725, -3.45404809</corner1><corner2>3.93070651, 1.20879725, 3.45404809</corner2></bounds><pose><translation>-5.31773165, -0.17221461, -1.47289576</translation><rotation><c1>1., 0., 0.</c1><c2>0., 1., 0.</c2><c3>0., 0., 1.</c3></rotation></pose><symmetry><x>none</x><y>none</y><z>none</z></symmetry><detectionScore>-1</detectionScore></element><element><id>11</id><category>wall</category><bounds><corner1>-5.68675901, -1.21581006, -3.19394016</corner1><corner2>5.68675901, 1.21581006, 3.19394016</corner2></bounds><pose><translation> 5.01854575, -0.07477463,  0.11326815</translation><rotation><c1>1., 0., 0.</c1><c2>0., 1., 0.</c2><c3>0., 0., 1.</c3></rotation></pose><symmetry><x>none</x><y>none</y><z>none</z></symmetry><detectionScore>-1</detectionScore></element><element><id>10</id><category>plant</category><bounds><corner1>-0.72911326, -0.42301618, -0.47113786</corner1><corner2>0.72911326, 0.42301618, 0.47113786</corner2></bounds><pose><translation>-4.96391488, -1.1012385 , -3.7078139 </translation><rotation><c1>1., 0., 0.</c1><c2>0., 1., 0.</c2><c3>0., 0., 1.</c3></rotation></pose><symmetry><x>none</x><y>none</y><z>none</z></symmetry><detectionScore>-1</detectionScore></element><element><id>6</id><category>chandelier</category><bounds><corner1>-1.34329381, -0.038887  , -1.13711325</corner1><corner2>1.34329381, 0.038887  , 1.13711325</corner2></bounds><pose><translation>2.85742555, 1.16663393, 5.29328633</translation><rotation><c1>1., 0., 0.</c1><c2>0., 1., 0.</c2><c3>0., 0., 1.</c3></rotation></pose><symmetry><x>none</x><y>none</y><z>none</z></symmetry><detectionScore>-1</detectionScore></element><element><id>13</id><category>chandelier</category><bounds><corner1>-1.01682605, -0.02790225, -0.57273667</corner1><corner2>1.01682605, 0.02790225, 0.57273667</corner2></bounds><pose><translation>-2.37584764,  1.17857798, -0.72535691</translation><rotation><c1>1., 0., 0.</c1><c2>0., 1., 0.</c2><c3>0., 0., 1.</c3></rotation></pose><symmetry><x>none</x><y>none</y><z>none</z></symmetry><detectionScore>-1</detectionScore></element><element><id>3</id><category>person</category><bounds><corner1>-2.02823281, -0.63735707, -2.66797875</corner1><corner2>2.02823281, 0.63735707, 2.66797875</corner2></bounds><pose><translation> 3.00462981, -0.64358564,  3.72823875</translation><rotation><c1>1., 0., 0.</c1><c2>0., 1., 0.</c2><c3>0., 0., 1.</c3></rotation></pose><symmetry><x>none</x><y>none</y><z>none</z></symmetry><detectionScore>-1</detectionScore></element><element><id>2</id><category>plant</category><bounds><corner1>-1.01472699, -0.98819065, -3.15003507</corner1><corner2>1.01472699, 0.98819065, 3.15003507</corner2></bounds><pose><translation> 0.46104773, -1.26210201,  2.60899254</translation><rotation><c1>1., 0., 0.</c1><c2>0., 1., 0.</c2><c3>0., 0., 1.</c3></rotation></pose><symmetry><x>none</x><y>none</y><z>none</z></symmetry><detectionScore>-1</detectionScore></element><element><id>8</id><category>person</category><bounds><corner1>-0.28799433, -1.46347318, -0.52438922</corner1><corner2>0.28799433, 1.46347318, 0.52438922</corner2></bounds><pose><translation>-2.78499977, -0.91575685, -0.03396408</translation><rotation><c1>1., 0., 0.</c1><c2>0., 1., 0.</c2><c3>0., 0., 1.</c3></rotation></pose><symmetry><x>none</x><y>none</y><z>none</z></symmetry><detectionScore>-1</detectionScore></element><element><id>1</id><category>arch</category><bounds><corner1>-5.74689946, -1.14520868, -1.6415636 </corner1><corner2>5.74689946, 1.14520868, 1.6415636 </corner2></bounds><pose><translation> 5.08612452, -0.02515505,  1.97843136</translation><rotation><c1>1., 0., 0.</c1><c2>0., 1., 0.</c2><c3>0., 0., 1.</c3></rotation></pose><symmetry><x>none</x><y>none</y><z>none</z></symmetry><detectionScore>-1</detectionScore></element><element><id>14</id><category>person</category><bounds><corner1>-2.39312913, -0.64750111, -2.6706229 </corner1><corner2>2.39312913, 0.64750111, 2.6706229 </corner2></bounds><pose><translation> 1.87075237, -0.71326123,  3.75769091</translation><rotation><c1>1., 0., 0.</c1><c2>0., 1., 0.</c2><c3>0., 0., 1.</c3></rotation></pose><symmetry><x>none</x><y>none</y><z>none</z></symmetry><detectionScore>-1</detectionScore></element></elements></scene>