<?xml version='1.0' encoding='utf-8'?>
<scene xmlns:sumo="https://www.sumochallenge.org"><version>2.0</version><categories><id>fb_categories_v1.0</id><url>https://sumochallenge.org/en/categories-1_0.json</url></categories><project_type>bounding_box</project_type><elements><element><id>11</id><category>plant</category><bounds><corner1>-0.72103539, -0.45738536, -0.22259   </corner1><corner2>0.72103539, 0.45738536, 0.22259   </corner2></bounds><pose><translation> 2.74102615, -0.70085782,  1.42362379</translation><rotation><c1>1., 0., 0.</c1><c2>0., 1., 0.</c2><c3>0., 0., 1.</c3></rotation></pose><symmetry><x>none</x><y>none</y><z>none</z></symmetry><detectionScore>-1</detectionScore></element><element><id>6</id><category>books</category><bounds><corner1>-0.32025573, -0.19466531, -0.2079424 </corner1><corner2>0.32025573, 0.19466531, 0.2079424 </corner2></bounds><pose><translation> 1.14724939, -0.38777975,  1.38506167</translation><rotation><c1>1., 0., 0.</c1><c2>0., 1., 0.</c2><c3>0., 0., 1.</c3></rotation></pose><symmetry><x>none</x><y>none</y><z>none</z></symmetry><detectionScore>-1</detectionScore></element><element><id>5</id><category>stand</category><bounds><corner1>-0.32388472, -0.07992647, -0.12196092</corner1><corner2>0.32388472, 0.07992647, 0.12196092</corner2></bounds><pose><translation> 1.02558169, -1.07171828, -1.56401009</translation><rotation><c1>1., 0., 0.</c1><c2>0., 1., 0.</c2><c3>0., 0., 1.</c3></rotation></pose><symmetry><x>none</x><y>none</y><z>none</z></symmetry><detectionScore>-1</detectionScore></element><element><id>3</id><category>vase</category><bounds><corner1>-0.09203202, -0.2832306 , -0.11287104</corner1><corner2>0.09203202, 0.2832306 , 0.11287104</corner2></bounds><pose><translation>-1.45400314, -0.29291004, -0.12732944</translation><rotation><c1>1., 0., 0.</c1><c2>0., 1., 0.</c2><c3>0., 0., 1.</c3></rotation></pose><symmetry><x>none</x><y>none</y><z>none</z></symmetry><detectionScore>-1</detectionScore></element><element><id>9</id><category>television</category><bounds><corner1>-0.64801856, -0.57022181, -0.07639901</corner1><corner2>0.64801856, 0.57022181, 0.07639901</corner2></bounds><pose><translation>2.10397548, 0.59855479, 1.57331905</translation><rotation><c1>1., 0., 0.</c1><c2>0., 1., 0.</c2><c3>0., 0., 1.</c3></rotation></pose><symmetry><x>none</x><y>none</y><z>none</z></symmetry><detectionScore>-1</detectionScore></element><element><id>10</id><category>curtain</category><bounds><corner1>-0.09405237, -1.0534875 , -0.73465817</corner1><corner2>0.09405237, 1.0534875 , 0.73465817</corner2></bounds><pose><translation> 3.37291945, -0.08316062, -0.22964151</translation><rotation><c1>1., 0., 0.</c1><c2>0., 1., 0.</c2><c3>0., 0., 1.</c3></rotation></pose><symmetry><x>none</x><y>none</y><z>none</z></symmetry><detectionScore>-1</detectionScore></element><element><id>4</id><category>dresser</category><bounds><corner1>-0.02194348, -0.23166265, -0.48525511</corner1><corner2>0.02194348, 0.23166265, 0.48525511</corner2></bounds><pose><translation>-1.24198875, -0.76703433,  0.1315524 </translation><rotation><c1>1., 0., 0.</c1><c2>0., 1., 0.</c2><c3>0., 0., 1.</c3></rotation></pose><symmetry><x>none</x><y>none</y><z>none</z></symmetry><detectionScore>-1</detectionScore></element><element><id>2</id><category>wall</category><bounds><corner1>-0.21900592, -0.51415525, -0.42831299</corner1><corner2>0.21900592, 0.51415525, 0.42831299</corner2></bounds><pose><translation>-1.64299090e+00, -1.60545223e-03, -2.34634435e-01</translation><rotation><c1>1., 0., 0.</c1><c2>0., 1., 0.</c2><c3>0., 0., 1.</c3></rotation></pose><symmetry><x>none</x><y>none</y><z>none</z></symmetry><detectionScore>-1</detectionScore></element><element><id>1</id><category>dressing_table</category><bounds><corner1>-0.79494949, -0.63473986, -0.06108786</corner1><corner2>0.79494949, 0.63473986, 0.06108786</corner2></bounds><pose><translation> 0.17512805, -0.63894114,  1.59097037</translation><rotation><c1>1., 0., 0.</c1><c2>0., 1., 0.</c2><c3>0., 0., 1.</c3></rotation></pose><symmetry><x>none</x><y>none</y><z>none</z></symmetry><detectionScore>-1</detectionScore></element><element><id>8</id><category>vase</category><bounds><corner1>-0.10304503, -0.13662916, -0.06691999</corner1><corner2>0.10304503, 0.13662916, 0.06691999</corner2></bounds><pose><translation>-1.48202962, -0.13501589, -0.08782949</translation><rotation><c1>1., 0., 0.</c1><c2>0., 1., 0.</c2><c3>0., 0., 1.</c3></rotation></pose><symmetry><x>none</x><y>none</y><z>none</z></symmetry><detectionScore>-1</detectionScore></element></elements></scene>