<?xml version='1.0' encoding='utf-8'?>
<scene xmlns:sumo="https://www.sumochallenge.org"><version>2.0</version><categories><id>fb_categories_v1.0</id><url>https://sumochallenge.org/en/categories-1_0.json</url></categories><project_type>bounding_box</project_type><elements><element><id>4</id><category>sofa</category><bounds><corner1>-0.8180656 , -0.37168199, -1.32257237</corner1><corner2>0.8180656 , 0.37168199, 1.32257237</corner2></bounds><pose><translation> 3.72932508, -0.97866626,  1.91262914</translation><rotation><c1>1., 0., 0.</c1><c2>0., 1., 0.</c2><c3>0., 0., 1.</c3></rotation></pose><symmetry><x>none</x><y>none</y><z>none</z></symmetry><detectionScore>0.7537933</detectionScore></element><element><id>1</id><category>wall</category><bounds><corner1>-0.12771136, -1.22386755, -1.84833816</corner1><corner2>0.12771136, 1.22386755, 1.84833816</corner2></bounds><pose><translation> 4.83832675, -0.07094211,  2.4400853 </translation><rotation><c1>1., 0., 0.</c1><c2>0., 1., 0.</c2><c3>0., 0., 1.</c3></rotation></pose><symmetry><x>none</x><y>twoFold</y><z>none</z></symmetry><detectionScore>0.7392122</detectionScore></element><element><id>5</id><category>chair</category><bounds><corner1>-0.479235  , -0.66736947, -0.47269215</corner1><corner2>0.479235  , 0.66736947, 0.47269215</corner2></bounds><pose><translation>-1.98184298, -1.38348122, -3.04290998</translation><rotation><c1>1., 0., 0.</c1><c2>0., 1., 0.</c2><c3>0., 0., 1.</c3></rotation></pose><symmetry><x>none</x><y>none</y><z>none</z></symmetry><detectionScore>0.95095694</detectionScore></element><element><id>11</id><category>window</category><bounds><corner1>-0.92624185, -1.2804013 , -0.07415423</corner1><corner2>0.92624185, 1.2804013 , 0.07415423</corner2></bounds><pose><translation>1.22679309, 2.544032  , 4.6754374 </translation><rotation><c1>1., 0., 0.</c1><c2>0., 1., 0.</c2><c3>0., 0., 1.</c3></rotation></pose><symmetry><x>none</x><y>twoFold</y><z>none</z></symmetry><detectionScore>0.96954733</detectionScore></element><element><id>10</id><category>window</category><bounds><corner1>-0.77866531, -1.21371137, -1.79262198</corner1><corner2>0.77866531, 1.21371137, 1.79262198</corner2></bounds><pose><translation>-2.57271765, -0.10306185, -4.58246957</translation><rotation><c1>1., 0., 0.</c1><c2>0., 1., 0.</c2><c3>0., 0., 1.</c3></rotation></pose><symmetry><x>none</x><y>twoFold</y><z>none</z></symmetry><detectionScore>0.91890043</detectionScore></element><element><id>3</id><category>window</category><bounds><corner1>-0.08236613, -3.19054717, -4.06162898</corner1><corner2>0.08236613, 3.19054717, 4.06162898</corner2></bounds><pose><translation>-0.34106262,  0.43026322,  0.67800898</translation><rotation><c1>1., 0., 0.</c1><c2>0., 1., 0.</c2><c3>0., 0., 1.</c3></rotation></pose><symmetry><x>none</x><y>twoFold</y><z>none</z></symmetry><detectionScore>0.6964574</detectionScore></element><element><id>2</id><category>window</category><bounds><corner1>-0.75359671, -1.21248568, -0.07557346</corner1><corner2>0.75359671, 1.21248568, 0.07557346</corner2></bounds><pose><translation>-0.55891579,  2.60378064,  4.67453842</translation><rotation><c1>1., 0., 0.</c1><c2>0., 1., 0.</c2><c3>0., 0., 1.</c3></rotation></pose><symmetry><x>none</x><y>twoFold</y><z>none</z></symmetry><detectionScore>0.9471092</detectionScore></element><element><id>7</id><category>arch</category><bounds><corner1>-2.71084212, -1.45151306, -1.34868855</corner1><corner2>2.71084212, 1.45151306, 1.34868855</corner2></bounds><pose><translation> 6.42933689, -0.25623664, -0.64304051</translation><rotation><c1>1., 0., 0.</c1><c2>0., 1., 0.</c2><c3>0., 0., 1.</c3></rotation></pose><symmetry><x>none</x><y>twoFold</y><z>none</z></symmetry><detectionScore>0.5187551</detectionScore></element><element><id>8</id><category>computer</category><bounds><corner1>-0.58867572, -0.2544618 , -0.11001894</corner1><corner2>0.58867572, 0.2544618 , 0.11001894</corner2></bounds><pose><translation> 0.71351394, -0.44312568, -1.19299402</translation><rotation><c1>1., 0., 0.</c1><c2>0., 1., 0.</c2><c3>0., 0., 1.</c3></rotation></pose><symmetry><x>none</x><y>none</y><z>none</z></symmetry><detectionScore>0.555954</detectionScore></element><element><id>6</id><category>chair</category><bounds><corner1>-1.22345908, -1.06267892, -1.81148838</corner1><corner2>1.22345908, 1.06267892, 1.81148838</corner2></bounds><pose><translation> 1.1820284 , -1.21297276,  2.8569325 </translation><rotation><c1>1., 0., 0.</c1><c2>0., 1., 0.</c2><c3>0., 0., 1.</c3></rotation></pose><symmetry><x>none</x><y>none</y><z>none</z></symmetry><detectionScore>0.5036923</detectionScore></element><element><id>12</id><category>wall</category><bounds><corner1>-0.04814426, -0.31376281, -0.02198672</corner1><corner2>0.04814426, 0.31376281, 0.02198672</corner2></bounds><pose><translation>-0.14028127,  0.31497508, -0.86000562</translation><rotation><c1>1., 0., 0.</c1><c2>0., 1., 0.</c2><c3>0., 0., 1.</c3></rotation></pose><symmetry><x>none</x><y>twoFold</y><z>none</z></symmetry><detectionScore>0.5120756</detectionScore></element></elements></scene>