<?xml version='1.0' encoding='utf-8'?>
<scene xmlns:sumo="https://www.sumochallenge.org"><version>2.0</version><categories><id>fb_categories_v1_0</id><url>https://sumochallenge.org/en/categories-1_0.json</url></categories><project_type>bounding_box</project_type><elements><element><id>0</id><category>plant</category><bounds><corner1>-0.5191338296271818, -0.38714383830086885, -0.07973935433119417</corner1><corner2>0.5191338296271818, 0.38714383830086885, 0.07973935433119417</corner2></bounds><pose><translation>-0.014612031198530981, -0.8971619025598342, 1.6411994831830907</translation><rotation><c1>1, 0, 0</c1><c2>0, 1, 0</c2><c3>0, 0, 1</c3></rotation></pose><symmetry><x>twoFold</x><y>cylindrical</y><z>twoFold</z></symmetry><detectionScore>-1.0</detectionScore></element><element><id>1</id><category>wall</category><bounds><corner1>-2.3653959473950046, -1.7156154155036736, -0.14233354834870937</corner1><corner2>2.3653959473950046, 1.7156154155036736, 0.14233354834870937</corner2></bounds><pose><translation>3.0127450212015896, -0.2625648373819731, 1.3228716759500374</translation><rotation><c1>1, 0, 0</c1><c2>0, 1, 0</c2><c3>0, 0, 1</c3></rotation></pose><symmetry><x>twoFold</x><y>cylindrical</y><z>twoFold</z></symmetry><detectionScore>-1.0</detectionScore></element><element><id>2</id><category>sink</category><bounds><corner1>-0.37658062477949805, -1.6001387916342495, -1.5041718358165184</corner1><corner2>0.37658062477949805, 1.6001387916342495, 1.5041718358165184</corner2></bounds><pose><translation>5.225129925713784, -0.27196766516085474, -2.3156408630473906</translation><rotation><c1>1, 0, 0</c1><c2>0, 1, 0</c2><c3>0, 0, 1</c3></rotation></pose><symmetry><x>twoFold</x><y>cylindrical</y><z>twoFold</z></symmetry><detectionScore>-1.0</detectionScore></element><element><id>3</id><category>wall</category><bounds><corner1>-0.7267337359973453, -1.4454311651835554, -0.32543489823736227</corner1><corner2>0.7267337359973453, 1.4454311651835554, 0.32543489823736227</corner2></bounds><pose><translation>-1.4680907999049229, -0.10389432114093432, -5.059519873979139</translation><rotation><c1>1, 0, 0</c1><c2>0, 1, 0</c2><c3>0, 0, 1</c3></rotation></pose><symmetry><x>twoFold</x><y>cylindrical</y><z>twoFold</z></symmetry><detectionScore>-1.0</detectionScore></element><element><id>4</id><category>window</category><bounds><corner1>-0.5332618588087105, -0.7983064520177879, -0.09746236210908177</corner1><corner2>0.5332618588087105, 0.7983064520177879, 0.09746236210908177</corner2></bounds><pose><translation>-0.9874395903442443, 0.021012407380823793, 1.6316910331012604</translation><rotation><c1>1, 0, 0</c1><c2>0, 1, 0</c2><c3>0, 0, 1</c3></rotation></pose><symmetry><x>twoFold</x><y>cylindrical</y><z>twoFold</z></symmetry><detectionScore>-1.0</detectionScore></element><element><id>5</id><category>picture_frame</category><bounds><corner1>-0.06660346564333386, -0.6623023847689582, -0.6343684423557999</corner1><corner2>0.06660346564333386, 0.6623023847689582, 0.6343684423557999</corner2></bounds><pose><translation>-2.3721379599416896, 0.0580227483408362, 0.1786091334419818</translation><rotation><c1>1, 0, 0</c1><c2>0, 1, 0</c2><c3>0, 0, 1</c3></rotation></pose><symmetry><x>twoFold</x><y>cylindrical</y><z>twoFold</z></symmetry><detectionScore>-1.0</detectionScore></element><element><id>6</id><category>ceiling</category><bounds><corner1>-1.9820936188439613, -0.3603162774278412, -3.406011225545101</corner1><corner2>1.9820936188439613, 0.3603162774278412, 3.406011225545101</corner2></bounds><pose><translation>3.3681183925218927, 0.968340727775088, -5.027668800406716</translation><rotation><c1>1, 0, 0</c1><c2>0, 1, 0</c2><c3>0, 0, 1</c3></rotation></pose><symmetry><x>twoFold</x><y>cylindrical</y><z>twoFold</z></symmetry><detectionScore>-1.0</detectionScore></element><element><id>7</id><category>hanging_kitchen_cabinet</category><bounds><corner1>-0.5232185649610707, -0.3124631764562439, -0.13959130052026558</corner1><corner2>0.5232185649610707, 0.3124631764562439, 0.13959130052026558</corner2></bounds><pose><translation>0.010861613655689752, 0.997918042311183, 1.5713159476368956</translation><rotation><c1>1, 0, 0</c1><c2>0, 1, 0</c2><c3>0, 0, 1</c3></rotation></pose><symmetry><x>twoFold</x><y>cylindrical</y><z>twoFold</z></symmetry><detectionScore>-1.0</detectionScore></element><element><id>8</id><category>window</category><bounds><corner1>-1.6816675138288044, -1.370583553947429, -0.1265568857607029</corner1><corner2>1.6816675138288044, 1.370583553947429, 0.1265568857607029</corner2></bounds><pose><translation>3.6462934698808303, -0.010990078391976169, 1.3386483385380439</translation><rotation><c1>1, 0, 0</c1><c2>0, 1, 0</c2><c3>0, 0, 1</c3></rotation></pose><symmetry><x>twoFold</x><y>cylindrical</y><z>twoFold</z></symmetry><detectionScore>-1.0</detectionScore></element><element><id>9</id><category>door</category><bounds><corner1>-1.750553261904233, -1.3235068978993898, -0.11604359936526043</corner1><corner2>1.750553261904233, 1.3235068978993898, 0.11604359936526043</corner2></bounds><pose><translation>2.925326033332325, -0.2758517803019371, 1.3491616249334863</translation><rotation><c1>1, 0, 0</c1><c2>0, 1, 0</c2><c3>0, 0, 1</c3></rotation></pose><symmetry><x>twoFold</x><y>cylindrical</y><z>twoFold</z></symmetry><detectionScore>-1.0</detectionScore></element><element><id>10</id><category>wall</category><bounds><corner1>-1.4061697900708618, -0.6314552018407429, -0.09112395140725504</corner1><corner2>1.4061697900708618, 0.6314552018407429, 0.09112395140725504</corner2></bounds><pose><translation>2.5448892601907036, -0.11903346660852013, 1.3538928256847669</translation><rotation><c1>1, 0, 0</c1><c2>0, 1, 0</c2><c3>0, 0, 1</c3></rotation></pose><symmetry><x>twoFold</x><y>cylindrical</y><z>twoFold</z></symmetry><detectionScore>-1.0</detectionScore></element><element><id>11</id><category>chair</category><bounds><corner1>-3.625169287312434, -0.41469254964200963, -0.4062016006322182</corner1><corner2>3.625169287312434, 0.41469254964200963, 0.4062016006322182</corner2></bounds><pose><translation>1.9895471086100687, -0.963233854826599, -0.5282498766852546</translation><rotation><c1>1, 0, 0</c1><c2>0, 1, 0</c2><c3>0, 0, 1</c3></rotation></pose><symmetry><x>twoFold</x><y>cylindrical</y><z>twoFold</z></symmetry><detectionScore>-1.0</detectionScore></element><element><id>12</id><category>kitchen_cabinet</category><bounds><corner1>-2.024343651340293, -1.3987933296972377, -2.730837906703762</corner1><corner2>2.024343651340293, 1.3987933296972377, 2.730837906703762</corner2></bounds><pose><translation>3.3297087222779673, -0.1040092299386701, -5.369626573535986</translation><rotation><c1>1, 0, 0</c1><c2>0, 1, 0</c2><c3>0, 0, 1</c3></rotation></pose><symmetry><x>twoFold</x><y>cylindrical</y><z>twoFold</z></symmetry><detectionScore>-1.0</detectionScore></element><element><id>13</id><category>picture_frame</category><bounds><corner1>-0.47401842270650046, -0.38366303022039433, -0.07910358710783516</corner1><corner2>0.47401842270650046, 0.38366303022039433, 0.07910358710783516</corner2></bounds><pose><translation>-0.021213054997158046, -0.8295843831468362, 1.6599403826114654</translation><rotation><c1>1, 0, 0</c1><c2>0, 1, 0</c2><c3>0, 0, 1</c3></rotation></pose><symmetry><x>twoFold</x><y>cylindrical</y><z>twoFold</z></symmetry><detectionScore>-1.0</detectionScore></element><element><id>14</id><category>wall</category><bounds><corner1>-0.20152671320821636, -1.4812446253465403, -2.6681768618919746</corner1><corner2>0.20152671320821636, 1.4812446253465403, 2.6681768618919746</corner2></bounds><pose><translation>5.429000381486687, -0.14273746370304177, -1.2998580330573077</translation><rotation><c1>1, 0, 0</c1><c2>0, 1, 0</c2><c3>0, 0, 1</c3></rotation></pose><symmetry><x>twoFold</x><y>cylindrical</y><z>twoFold</z></symmetry><detectionScore>-1.0</detectionScore></element><element><id>15</id><category>wall</category><bounds><corner1>-0.9199591920883057, -1.3888912545924927, -5.084226485273943</corner1><corner2>0.9199591920883057, 1.3888912545924927, 5.084226485273943</corner2></bounds><pose><translation>4.4340931815299545, -0.11594200567551737, -10.041783007235622</translation><rotation><c1>1, 0, 0</c1><c2>0, 1, 0</c2><c3>0, 0, 1</c3></rotation></pose><symmetry><x>twoFold</x><y>cylindrical</y><z>twoFold</z></symmetry><detectionScore>-1.0</detectionScore></element><element><id>16</id><category>chair</category><bounds><corner1>-2.8491153264930205, -0.324782252190826, -0.6461431984580901</corner1><corner2>2.8491153264930205, 0.324782252190826, 0.6461431984580901</corner2></bounds><pose><translation>1.3157864081232162, -0.889390064934368, -2.0372715117357827</translation><rotation><c1>1, 0, 0</c1><c2>0, 1, 0</c2><c3>0, 0, 1</c3></rotation></pose><symmetry><x>twoFold</x><y>cylindrical</y><z>twoFold</z></symmetry><detectionScore>-1.0</detectionScore></element><element><id>17</id><category>chair</category><bounds><corner1>-0.5551140772848551, -0.17952142506588054, -0.3469754049338811</corner1><corner2>0.5551140772848551, 0.17952142506588054, 0.3469754049338811</corner2></bounds><pose><translation>0.8469334812199738, -0.9461042494813608, -1.63486215564386</translation><rotation><c1>1, 0, 0</c1><c2>0, 1, 0</c2><c3>0, 0, 1</c3></rotation></pose><symmetry><x>twoFold</x><y>cylindrical</y><z>twoFold</z></symmetry><detectionScore>-1.0</detectionScore></element><element><id>18</id><category>wall</category><bounds><corner1>-2.0440951699751264, -1.4040319062444981, -3.220138458903504</corner1><corner2>2.0440951699751264, 1.4040319062444981, 3.220138458903504</corner2></bounds><pose><translation>3.3099572036431337, -0.10486053248623393, -5.048019283652089</translation><rotation><c1>1, 0, 0</c1><c2>0, 1, 0</c2><c3>0, 0, 1</c3></rotation></pose><symmetry><x>twoFold</x><y>cylindrical</y><z>twoFold</z></symmetry><detectionScore>-1.0</detectionScore></element><element><id>19</id><category>picture_frame</category><bounds><corner1>-3.404311053791792, -1.1890354241921757, -3.157959293462268</corner1><corner2>3.404311053791792, 1.1890354241921757, 3.157959293462268</corner2></bounds><pose><translation>1.7876545823131131, 0.06849799116433297, -13.847134224737559</translation><rotation><c1>1, 0, 0</c1><c2>0, 1, 0</c2><c3>0, 0, 1</c3></rotation></pose><symmetry><x>twoFold</x><y>cylindrical</y><z>twoFold</z></symmetry><detectionScore>-1.0</detectionScore></element><element><id>20</id><category>chair</category><bounds><corner1>-2.5957947227492197, -0.472672287690054, -0.557078687384913</corner1><corner2>2.5957947227492197, 0.472672287690054, 0.557078687384913</corner2></bounds><pose><translation>0.8269817853106365, -1.0450869575794202, -1.7796767217796718</translation><rotation><c1>1, 0, 0</c1><c2>0, 1, 0</c2><c3>0, 0, 1</c3></rotation></pose><symmetry><x>twoFold</x><y>cylindrical</y><z>twoFold</z></symmetry><detectionScore>-1.0</detectionScore></element><element><id>21</id><category>chandelier</category><bounds><corner1>-1.0562323145180996, -0.6807063695067653, -0.09545700362666931</corner1><corner2>1.0562323145180996, 0.6807063695067653, 0.09545700362666931</corner2></bounds><pose><translation>2.910484670117622, 0.6920894712194995, 1.3470116283066427</translation><rotation><c1>1, 0, 0</c1><c2>0, 1, 0</c2><c3>0, 0, 1</c3></rotation></pose><symmetry><x>twoFold</x><y>cylindrical</y><z>twoFold</z></symmetry><detectionScore>-1.0</detectionScore></element><element><id>22</id><category>wall</category><bounds><corner1>-4.256417145119868, -1.2783337601215925, -8.496085509632866</corner1><corner2>4.256417145119868, 1.2783337601215925, 8.496085509632866</corner2></bounds><pose><translation>1.0567102174000818, -0.013674723687037349, -13.478906669111637</translation><rotation><c1>1, 0, 0</c1><c2>0, 1, 0</c2><c3>0, 0, 1</c3></rotation></pose><symmetry><x>twoFold</x><y>cylindrical</y><z>twoFold</z></symmetry><detectionScore>-1.0</detectionScore></element><element><id>23</id><category>window</category><bounds><corner1>-1.4052814492346437, -0.674268828691724, -0.09111647431547065</corner1><corner2>1.4052814492346437, 0.674268828691724, 0.09111647431547065</corner2></bounds><pose><translation>2.5457776010269217, -0.09878069645049276, 1.3539003027765513</translation><rotation><c1>1, 0, 0</c1><c2>0, 1, 0</c2><c3>0, 0, 1</c3></rotation></pose><symmetry><x>twoFold</x><y>cylindrical</y><z>twoFold</z></symmetry><detectionScore>-1.0</detectionScore></element><element><id>24</id><category>mirror</category><bounds><corner1>-0.1760599971396033, -0.9061026695669318, -1.5657572541201585</corner1><corner2>0.1760599971396033, 0.9061026695669318, 1.5657572541201585</corner2></bounds><pose><translation>5.409780025778056, 0.4171318186180958, -2.7607260008651284</translation><rotation><c1>1, 0, 0</c1><c2>0, 1, 0</c2><c3>0, 0, 1</c3></rotation></pose><symmetry><x>twoFold</x><y>cylindrical</y><z>twoFold</z></symmetry><detectionScore>-1.0</detectionScore></element><element><id>25</id><category>kitchen_cabinet</category><bounds><corner1>-2.4662914900508253, -0.3943128023988061, -0.9266650366238016</corner1><corner2>2.4662914900508253, 0.3943128023988061, 0.9266650366238016</corner2></bounds><pose><translation>3.127136341866168, -0.832458519658539, -1.7191622143740735</translation><rotation><c1>1, 0, 0</c1><c2>0, 1, 0</c2><c3>0, 0, 1</c3></rotation></pose><symmetry><x>twoFold</x><y>cylindrical</y><z>twoFold</z></symmetry><detectionScore>-1.0</detectionScore></element><element><id>26</id><category>picture_frame</category><bounds><corner1>-0.06495205138594695, -0.6939981610274439, -0.5194984944144649</corner1><corner2>0.06495205138594695, 0.6939981610274439, 0.5194984944144649</corner2></bounds><pose><translation>-2.118229109938118, 0.035889664440679085, -4.064087940439041</translation><rotation><c1>1, 0, 0</c1><c2>0, 1, 0</c2><c3>0, 0, 1</c3></rotation></pose><symmetry><x>twoFold</x><y>cylindrical</y><z>twoFold</z></symmetry><detectionScore>-1.0</detectionScore></element><element><id>27</id><category>window</category><bounds><corner1>-0.4976516467268373, -0.7534166761551702, -0.05517231867164196</corner1><corner2>0.4976516467268373, 0.7534166761551702, 0.05517231867164196</corner2></bounds><pose><translation>-0.008381468907058777, 0.015148700171716533, 1.7028296700152892</translation><rotation><c1>1, 0, 0</c1><c2>0, 1, 0</c2><c3>0, 0, 1</c3></rotation></pose><symmetry><x>twoFold</x><y>cylindrical</y><z>twoFold</z></symmetry><detectionScore>-1.0</detectionScore></element></elements></scene>