<?xml version='1.0' encoding='utf-8'?>
<scene xmlns:sumo="https://www.sumochallenge.org"><version>2.0</version><categories><id>fb_categories_v1.0</id><url>https://sumochallenge.org/en/categories-1_0.json</url></categories><project_type>bounding_box</project_type><elements><element><id>6</id><category>motorcycle</category><bounds><corner1>-1.79986494, -0.46717096, -1.10901805</corner1><corner2>1.79986494, 0.46717096, 1.10901805</corner2></bounds><pose><translation>-0.09716747, -0.86566889, -2.34697237</translation><rotation><c1>1., 0., 0.</c1><c2>0., 1., 0.</c2><c3>0., 0., 1.</c3></rotation></pose><symmetry><x>none</x><y>none</y><z>none</z></symmetry><detectionScore>-1</detectionScore></element><element><id>7</id><category>wall</category><bounds><corner1>-0.32680528, -1.21739452, -1.72905513</corner1><corner2>0.32680528, 1.21739452, 1.72905513</corner2></bounds><pose><translation>11.415448  , -0.03427285, -0.82996937</translation><rotation><c1>1., 0., 0.</c1><c2>0., 1., 0.</c2><c3>0., 0., 1.</c3></rotation></pose><symmetry><x>none</x><y>none</y><z>none</z></symmetry><detectionScore>-1</detectionScore></element><element><id>3</id><category>window</category><bounds><corner1>-0.30895666, -0.43686255, -0.01870636</corner1><corner2>0.30895666, 0.43686255, 0.01870636</corner2></bounds><pose><translation>-1.51198583,  0.09407185,  0.95990584</translation><rotation><c1>1., 0., 0.</c1><c2>0., 1., 0.</c2><c3>0., 0., 1.</c3></rotation></pose><symmetry><x>none</x><y>none</y><z>none</z></symmetry><detectionScore>-1</detectionScore></element><element><id>5</id><category>window</category><bounds><corner1>-1.27205816, -0.80665773, -0.03098954</corner1><corner2>1.27205816, 0.80665773, 0.03098954</corner2></bounds><pose><translation>2.15502715, 0.13386263, 0.94385104</translation><rotation><c1>1., 0., 0.</c1><c2>0., 1., 0.</c2><c3>0., 0., 1.</c3></rotation></pose><symmetry><x>none</x><y>none</y><z>none</z></symmetry><detectionScore>-1</detectionScore></element><element><id>4</id><category>wall</category><bounds><corner1>-4.95835113, -0.9447235 , -1.67392759</corner1><corner2>4.95835113, 0.9447235 , 1.67392759</corner2></bounds><pose><translation>-4.95835113,  0.        , -0.94695088</translation><rotation><c1>1., 0., 0.</c1><c2>0., 1., 0.</c2><c3>0., 0., 1.</c3></rotation></pose><symmetry><x>none</x><y>none</y><z>none</z></symmetry><detectionScore>-1</detectionScore></element><element><id>1</id><category>towel_rack</category><bounds><corner1>-0.16192318, -0.29723598, -0.01601275</corner1><corner2>0.16192318, 0.29723598, 0.01601275</corner2></bounds><pose><translation>-0.71452585,  0.12922981,  0.96401131</translation><rotation><c1>1., 0., 0.</c1><c2>0., 1., 0.</c2><c3>0., 0., 1.</c3></rotation></pose><symmetry><x>none</x><y>none</y><z>none</z></symmetry><detectionScore>-1</detectionScore></element></elements></scene>