<?xml version='1.0' encoding='utf-8'?>
<scene xmlns:sumo="https://www.sumochallenge.org"><version>2.0</version><categories><id>fb_categories_v1_0</id><url>https://sumochallenge.org/en/categories-1_0.json</url></categories><project_type>bounding_box</project_type><elements><element><id>0</id><category>plant</category><bounds><corner1>-0.2373040801425776, -0.09822189625917765, -0.19479570524510625</corner1><corner2>0.2373040801425776, 0.09822189625917765, 0.19479570524510625</corner2></bounds><pose><translation>-0.5951075043194232, -2.425645402155322, -0.561130359747811</translation><rotation><c1>0, 0, 0</c1><c2>0, 0, 0</c2><c3>0, 0, 0</c3></rotation></pose><symmetry><x>twoFold</x><y>cylindrical</y><z>twoFold</z></symmetry><detectionScore>-1.0</detectionScore></element><element><id>1</id><category>wall</category><bounds><corner1>-1.3578278869400355, -0.0879138042254457, -1.478992610721725</corner1><corner2>1.3578278869400355, 0.0879138042254457, 1.478992610721725</corner2></bounds><pose><translation>0.38707889196530426, 3.3035303137148615, -0.1581445183007067</translation><rotation><c1>0, 0, 0</c1><c2>0, 0, 0</c2><c3>0, 0, 0</c3></rotation></pose><symmetry><x>twoFold</x><y>cylindrical</y><z>twoFold</z></symmetry><detectionScore>-1.0</detectionScore></element><element><id>2</id><category>door</category><bounds><corner1>-0.5474362258054395, -0.6846618172656961, -1.7417432697859594</corner1><corner2>0.5474362258054395, 0.6846618172656961, 1.7417432697859594</corner2></bounds><pose><translation>-3.8716616949818072, -0.6501586995562442, -0.4973803572646102</translation><rotation><c1>0, 0, 0</c1><c2>0, 0, 0</c2><c3>0, 0, 0</c3></rotation></pose><symmetry><x>twoFold</x><y>cylindrical</y><z>twoFold</z></symmetry><detectionScore>-1.0</detectionScore></element><element><id>3</id><category>pedestal_fan</category><bounds><corner1>-0.1347731085175088, -0.3774519278522266, -0.6945249201535771</corner1><corner2>0.1347731085175088, 0.3774519278522266, 0.6945249201535771</corner2></bounds><pose><translation>1.8826186190232814, 0.25777245746593114, -1.1950398624194436</translation><rotation><c1>0, 0, 0</c1><c2>0, 0, 0</c2><c3>0, 0, 0</c3></rotation></pose><symmetry><x>twoFold</x><y>cylindrical</y><z>twoFold</z></symmetry><detectionScore>-1.0</detectionScore></element><element><id>4</id><category>shelving</category><bounds><corner1>-0.11145010075302342, -1.7034468710214132, -1.085727042082366</corner1><corner2>0.11145010075302342, 1.7034468710214132, 1.085727042082366</corner2></bounds><pose><translation>-0.7519399788868122, 1.4351395903214432, -0.24013830183015183</translation><rotation><c1>0, 0, 0</c1><c2>0, 0, 0</c2><c3>0, 0, 0</c3></rotation></pose><symmetry><x>twoFold</x><y>cylindrical</y><z>twoFold</z></symmetry><detectionScore>-1.0</detectionScore></element><element><id>5</id><category>toy</category><bounds><corner1>-0.1174375985842473, -0.46965140587303117, -0.6085342413879196</corner1><corner2>0.1174375985842473, 0.46965140587303117, 0.6085342413879196</corner2></bounds><pose><translation>1.8995586185111732, 0.24284773164731205, -1.0910434243341673</translation><rotation><c1>0, 0, 0</c1><c2>0, 0, 0</c2><c3>0, 0, 0</c3></rotation></pose><symmetry><x>twoFold</x><y>cylindrical</y><z>twoFold</z></symmetry><detectionScore>-1.0</detectionScore></element><element><id>6</id><category>fence</category><bounds><corner1>-0.04459576249294983, -0.15325891958412952, -0.2088755006841674</corner1><corner2>0.04459576249294983, 0.15325891958412952, 0.2088755006841674</corner2></bounds><pose><translation>1.9690724049612336, 0.6434348128131802, -0.39327571225453917</translation><rotation><c1>0, 0, 0</c1><c2>0, 0, 0</c2><c3>0, 0, 0</c3></rotation></pose><symmetry><x>twoFold</x><y>cylindrical</y><z>twoFold</z></symmetry><detectionScore>-1.0</detectionScore></element><element><id>7</id><category>fence</category><bounds><corner1>-0.0641631518157626, -0.5627686055224806, -0.44371339500706974</corner1><corner2>0.0641631518157626, 0.5627686055224806, 0.44371339500706974</corner2></bounds><pose><translation>1.9761413764467852, -0.6967082905116532, -0.06418606764063148</translation><rotation><c1>0, 0, 0</c1><c2>0, 0, 0</c2><c3>0, 0, 0</c3></rotation></pose><symmetry><x>twoFold</x><y>cylindrical</y><z>twoFold</z></symmetry><detectionScore>-1.0</detectionScore></element><element><id>8</id><category>door</category><bounds><corner1>-1.4167278672039347, -0.2623701878267387, -1.473915622135355</corner1><corner2>1.4167278672039347, 0.2623701878267387, 1.473915622135355</corner2></bounds><pose><translation>-3.941086251911526, 0.16832383859033614, -0.21237091498262145</translation><rotation><c1>0, 0, 0</c1><c2>0, 0, 0</c2><c3>0, 0, 0</c3></rotation></pose><symmetry><x>twoFold</x><y>cylindrical</y><z>twoFold</z></symmetry><detectionScore>-1.0</detectionScore></element><element><id>9</id><category>tv_stand</category><bounds><corner1>-1.0688158182628462, -0.21102055346692605, -0.9680935525855228</corner1><corner2>1.0688158182628462, 0.21102055346692605, 0.9680935525855228</corner2></bounds><pose><translation>0.3044042573992556, 3.178964232011809, -0.8153027403014936</translation><rotation><c1>0, 0, 0</c1><c2>0, 0, 0</c2><c3>0, 0, 0</c3></rotation></pose><symmetry><x>twoFold</x><y>cylindrical</y><z>twoFold</z></symmetry><detectionScore>-1.0</detectionScore></element><element><id>10</id><category>pet</category><bounds><corner1>-0.19798232955995643, -0.0912012945071754, -0.15486684957926095</corner1><corner2>0.19798232955995643, 0.0912012945071754, 0.15486684957926095</corner2></bounds><pose><translation>-0.6381106779591215, -2.4239497924045814, -0.5605294189310235</translation><rotation><c1>0, 0, 0</c1><c2>0, 0, 0</c2><c3>0, 0, 0</c3></rotation></pose><symmetry><x>twoFold</x><y>cylindrical</y><z>twoFold</z></symmetry><detectionScore>-1.0</detectionScore></element><element><id>11</id><category>tv_stand</category><bounds><corner1>-0.9184818456220555, -0.35547420619544434, -0.42158131580809677</corner1><corner2>0.9184818456220555, 0.35547420619544434, 0.42158131580809677</corner2></bounds><pose><translation>0.39046819423053536, 2.959425070322362, -1.5277653047363098</translation><rotation><c1>0, 0, 0</c1><c2>0, 0, 0</c2><c3>0, 0, 0</c3></rotation></pose><symmetry><x>twoFold</x><y>cylindrical</y><z>twoFold</z></symmetry><detectionScore>-1.0</detectionScore></element><element><id>12</id><category>loudspeaker</category><bounds><corner1>-1.2301263290054374, -0.7209749228396081, -0.6381841641840446</corner1><corner2>1.2301263290054374, 0.7209749228396081, 0.6381841641840446</corner2></bounds><pose><translation>-3.5133628542795314, -2.0327664796218645, -1.106865082709601</translation><rotation><c1>0, 0, 0</c1><c2>0, 0, 0</c2><c3>0, 0, 0</c3></rotation></pose><symmetry><x>twoFold</x><y>cylindrical</y><z>twoFold</z></symmetry><detectionScore>-1.0</detectionScore></element><element><id>13</id><category>heater</category><bounds><corner1>-0.15298344879535697, -0.770403040552087, -0.5654842378110545</corner1><corner2>0.15298344879535697, 0.770403040552087, 0.5654842378110545</corner2></bounds><pose><translation>1.6663564302149263, 2.5192675722153353, -1.2211438201270866</translation><rotation><c1>0, 0, 0</c1><c2>0, 0, 0</c2><c3>0, 0, 0</c3></rotation></pose><symmetry><x>twoFold</x><y>cylindrical</y><z>twoFold</z></symmetry><detectionScore>-1.0</detectionScore></element><element><id>14</id><category>plant</category><bounds><corner1>-0.6359851172722952, -0.6054031130170885, -1.1442563256807101</corner1><corner2>0.6359851172722952, 0.6054031130170885, 1.1442563256807101</corner2></bounds><pose><translation>-3.52962568329868, -2.3973107384938404, 0.19848504102930772</translation><rotation><c1>0, 0, 0</c1><c2>0, 0, 0</c2><c3>0, 0, 0</c3></rotation></pose><symmetry><x>twoFold</x><y>cylindrical</y><z>twoFold</z></symmetry><detectionScore>-1.0</detectionScore></element><element><id>15</id><category>wall</category><bounds><corner1>-1.1203685233509093, -1.4527090009410137, -1.483210234591548</corner1><corner2>1.1203685233509093, 1.4527090009410137, 1.483210234591548</corner2></bounds><pose><translation>-3.89295665188934, -1.0364147761195452, -0.12390967762889862</translation><rotation><c1>0, 0, 0</c1><c2>0, 0, 0</c2><c3>0, 0, 0</c3></rotation></pose><symmetry><x>twoFold</x><y>cylindrical</y><z>twoFold</z></symmetry><detectionScore>-1.0</detectionScore></element><element><id>16</id><category>wall</category><bounds><corner1>-1.8454312652754552, -0.8905074387145233, -1.5586683452298649</corner1><corner2>1.8454312652754552, 0.8905074387145233, 1.5586683452298649</corner2></bounds><pose><translation>-0.11150262243552149, -2.552234328563498, -0.16301936491488953</translation><rotation><c1>0, 0, 0</c1><c2>0, 0, 0</c2><c3>0, 0, 0</c3></rotation></pose><symmetry><x>twoFold</x><y>cylindrical</y><z>twoFold</z></symmetry><detectionScore>-1.0</detectionScore></element><element><id>17</id><category>wall</category><bounds><corner1>-0.4844282111624385, -0.10016309632151205, -1.4565495859381934</corner1><corner2>0.4844282111624385, 0.10016309632151205, 1.4565495859381934</corner2></bounds><pose><translation>-1.7834934587755944, 0.47895302755326924, -0.0017015120979234572</translation><rotation><c1>0, 0, 0</c1><c2>0, 0, 0</c2><c3>0, 0, 0</c3></rotation></pose><symmetry><x>twoFold</x><y>cylindrical</y><z>twoFold</z></symmetry><detectionScore>-1.0</detectionScore></element><element><id>18</id><category>floor</category><bounds><corner1>-0.5717162350407028, -0.8555889577947037, -0.4639206418535221</corner1><corner2>0.5717162350407028, 0.8555889577947037, 0.4639206418535221</corner2></bounds><pose><translation>-3.902845513191851, -0.5684479958300901, -1.0790382761194204</translation><rotation><c1>0, 0, 0</c1><c2>0, 0, 0</c2><c3>0, 0, 0</c3></rotation></pose><symmetry><x>twoFold</x><y>cylindrical</y><z>twoFold</z></symmetry><detectionScore>-1.0</detectionScore></element><element><id>19</id><category>wall</category><bounds><corner1>-1.4309147005658844, -0.2759236460179393, -1.2973411312927012</corner1><corner2>1.4309147005658844, 0.2759236460179393, 1.2973411312927012</corner2></bounds><pose><translation>-3.9411515694000823, 0.15109878025341913, -0.034769172255739784</translation><rotation><c1>0, 0, 0</c1><c2>0, 0, 0</c2><c3>0, 0, 0</c3></rotation></pose><symmetry><x>twoFold</x><y>cylindrical</y><z>twoFold</z></symmetry><detectionScore>-1.0</detectionScore></element><element><id>20</id><category>plant</category><bounds><corner1>-1.6566554641616618, -0.39921088528187254, -0.6406603152531334</corner1><corner2>1.6566554641616618, 0.39921088528187254, 0.6406603152531334</corner2></bounds><pose><translation>1.9403632344226205, -1.0752632199820116, -0.34131013115088127</translation><rotation><c1>0, 0, 0</c1><c2>0, 0, 0</c2><c3>0, 0, 0</c3></rotation></pose><symmetry><x>twoFold</x><y>cylindrical</y><z>twoFold</z></symmetry><detectionScore>-1.0</detectionScore></element><element><id>21</id><category>plant</category><bounds><corner1>-2.2366606237297684, -0.490164641252807, -0.420166178991184</corner1><corner2>2.2366606237297684, 0.490164641252807, 0.420166178991184</corner2></bounds><pose><translation>1.8456308129584298, -1.0649789554242122, -1.038525754278224</translation><rotation><c1>0, 0, 0</c1><c2>0, 0, 0</c2><c3>0, 0, 0</c3></rotation></pose><symmetry><x>twoFold</x><y>cylindrical</y><z>twoFold</z></symmetry><detectionScore>-1.0</detectionScore></element></elements></scene>