<?xml version='1.0' encoding='utf-8'?>
<scene xmlns:sumo="https://www.sumochallenge.org"><version>2.0</version><categories><id>fb_categories_v1_0</id><url>https://sumochallenge.org/en/categories-1_0.json</url></categories><project_type>bounding_box</project_type><elements><element><id>0</id><category>chandelier</category><bounds><corner1>-0.38868790110616613, -0.04911662644796255, -0.36347383839874037</corner1><corner2>0.38868790110616613, 0.04911662644796255, 0.36347383839874037</corner2></bounds><pose><translation>2.7007069922828384, 1.401658445866627, -1.1620176832098665</translation><rotation><c1>1, 0, 0</c1><c2>0, 1, 0</c2><c3>0, 0, 1</c3></rotation></pose><symmetry><x>twoFold</x><y>cylindrical</y><z>twoFold</z></symmetry><detectionScore>-1.0</detectionScore></element><element><id>1</id><category>table_and_chair</category><bounds><corner1>-1.3202726407245216, -0.5839460646707906, -1.1884771499383744</corner1><corner2>1.3202726407245216, 0.5839460646707906, 1.1884771499383744</corner2></bounds><pose><translation>3.8987822753621213, -0.81271559173914, -1.4754717041921266</translation><rotation><c1>1, 0, 0</c1><c2>0, 1, 0</c2><c3>0, 0, 1</c3></rotation></pose><symmetry><x>twoFold</x><y>cylindrical</y><z>twoFold</z></symmetry><detectionScore>-1.0</detectionScore></element><element><id>2</id><category>window</category><bounds><corner1>-0.6650588737280665, -1.2233341555792152, -0.61694000052538</corner1><corner2>0.6650588737280665, 1.2233341555792152, 0.61694000052538</corner2></bounds><pose><translation>-2.331882413324206, -0.20377787766887534, -1.5076590955187494</translation><rotation><c1>1, 0, 0</c1><c2>0, 1, 0</c2><c3>0, 0, 1</c3></rotation></pose><symmetry><x>twoFold</x><y>cylindrical</y><z>twoFold</z></symmetry><detectionScore>-1.0</detectionScore></element><element><id>3</id><category>dresser</category><bounds><corner1>-0.785110385657309, -0.6023251956537014, -0.10122784369055604</corner1><corner2>0.785110385657309, 0.6023251956537014, 0.10122784369055604</corner2></bounds><pose><translation>0.27899424257917754, -1.1758343483968798, -2.033470909742817</translation><rotation><c1>1, 0, 0</c1><c2>0, 1, 0</c2><c3>0, 0, 1</c3></rotation></pose><symmetry><x>twoFold</x><y>cylindrical</y><z>twoFold</z></symmetry><detectionScore>-1.0</detectionScore></element><element><id>4</id><category>wall</category><bounds><corner1>-0.7652174559595635, -1.5492723976510476, -0.7214151987418506</corner1><corner2>0.7652174559595635, 1.5492723976510476, 0.7214151987418506</corner2></bounds><pose><translation>-2.3223232017151814, -0.107845288428525, -1.4406642395059202</translation><rotation><c1>1, 0, 0</c1><c2>0, 1, 0</c2><c3>0, 0, 1</c3></rotation></pose><symmetry><x>twoFold</x><y>cylindrical</y><z>twoFold</z></symmetry><detectionScore>-1.0</detectionScore></element><element><id>5</id><category>wall</category><bounds><corner1>-2.0269931740584326, -1.5620003215546274, -1.0344395790474745</corner1><corner2>2.0269931740584326, 1.5620003215546274, 1.0344395790474745</corner2></bounds><pose><translation>-0.388274406893514, -0.09232625561473257, -2.458373600005791</translation><rotation><c1>1, 0, 0</c1><c2>0, 1, 0</c2><c3>0, 0, 1</c3></rotation></pose><symmetry><x>twoFold</x><y>cylindrical</y><z>twoFold</z></symmetry><detectionScore>-1.0</detectionScore></element><element><id>6</id><category>wall</category><bounds><corner1>-1.5417108799932175, -1.3740950940479981, -1.3302770283103325</corner1><corner2>1.5417108799932175, 1.3740950940479981, 1.3302770283103325</corner2></bounds><pose><translation>3.5706938884446218, 0.018922186939794295, -2.276673607246304</translation><rotation><c1>1, 0, 0</c1><c2>0, 1, 0</c2><c3>0, 0, 1</c3></rotation></pose><symmetry><x>twoFold</x><y>cylindrical</y><z>twoFold</z></symmetry><detectionScore>-1.0</detectionScore></element><element><id>7</id><category>table_lamp</category><bounds><corner1>-0.5730131781669393, -0.5905347657380405, -0.3894539949272744</corner1><corner2>0.5730131781669393, 0.5905347657380405, 0.3894539949272744</corner2></bounds><pose><translation>0.6076354459822847, -0.3902689908127615, -2.4004501660728534</translation><rotation><c1>1, 0, 0</c1><c2>0, 1, 0</c2><c3>0, 0, 1</c3></rotation></pose><symmetry><x>twoFold</x><y>cylindrical</y><z>twoFold</z></symmetry><detectionScore>-1.0</detectionScore></element><element><id>8</id><category>wall</category><bounds><corner1>-0.14806686123622637, -1.3895944687486554, -1.6966936111154807</corner1><corner2>0.14806686123622637, 1.3895944687486554, 1.6966936111154807</corner2></bounds><pose><translation>5.075003603741537, -0.044894708045074984, -0.6393036396655877</translation><rotation><c1>1, 0, 0</c1><c2>0, 1, 0</c2><c3>0, 0, 1</c3></rotation></pose><symmetry><x>twoFold</x><y>cylindrical</y><z>twoFold</z></symmetry><detectionScore>-1.0</detectionScore></element><element><id>9</id><category>wall</category><bounds><corner1>-0.32412708199110485, -1.7158210709939925, -1.6967106931816973</corner1><corner2>0.32412708199110485, 1.7158210709939925, 1.6967106931816973</corner2></bounds><pose><translation>-2.322349585385438, -0.2413076028354952, 0.9947397143440967</translation><rotation><c1>1, 0, 0</c1><c2>0, 1, 0</c2><c3>0, 0, 1</c3></rotation></pose><symmetry><x>twoFold</x><y>cylindrical</y><z>twoFold</z></symmetry><detectionScore>-1.0</detectionScore></element><element><id>10</id><category>wall</category><bounds><corner1>-0.9306227890279486, -1.771104610037166, -3.097529137082046</corner1><corner2>0.9306227890279486, 1.771104610037166, 3.097529137082046</corner2></bounds><pose><translation>-2.3556466761740302, -0.34525873193838685, -0.19359184069478041</translation><rotation><c1>1, 0, 0</c1><c2>0, 1, 0</c2><c3>0, 0, 1</c3></rotation></pose><symmetry><x>twoFold</x><y>cylindrical</y><z>twoFold</z></symmetry><detectionScore>-1.0</detectionScore></element><element><id>11</id><category>picture_frame</category><bounds><corner1>-1.130956209147827, -1.2244852410901719, -0.9849561697930398</corner1><corner2>1.130956209147827, 1.2244852410901719, 0.9849561697930398</corner2></bounds><pose><translation>3.6653968197332314, 0.16111880575791027, -2.291444341101954</translation><rotation><c1>1, 0, 0</c1><c2>0, 1, 0</c2><c3>0, 0, 1</c3></rotation></pose><symmetry><x>twoFold</x><y>cylindrical</y><z>twoFold</z></symmetry><detectionScore>-1.0</detectionScore></element><element><id>12</id><category>window</category><bounds><corner1>-0.15232198096702154, -1.6433083224378537, -1.700672370833928</corner1><corner2>0.15232198096702154, 1.6433083224378537, 1.700672370833928</corner2></bounds><pose><translation>-2.342238788868151, -0.2877768981965189, 1.2714096237287307</translation><rotation><c1>1, 0, 0</c1><c2>0, 1, 0</c2><c3>0, 0, 1</c3></rotation></pose><symmetry><x>twoFold</x><y>cylindrical</y><z>twoFold</z></symmetry><detectionScore>-1.0</detectionScore></element><element><id>13</id><category>dressing_table</category><bounds><corner1>-0.5957061068935374, -1.1661017559253626, -1.126499359268202</corner1><corner2>0.5957061068935374, 1.1661017559253626, 1.126499359268202</corner2></bounds><pose><translation>4.626142093485844, -0.6208509610917133, -1.2573037048457225</translation><rotation><c1>1, 0, 0</c1><c2>0, 1, 0</c2><c3>0, 0, 1</c3></rotation></pose><symmetry><x>twoFold</x><y>cylindrical</y><z>twoFold</z></symmetry><detectionScore>-1.0</detectionScore></element><element><id>14</id><category>floor_lamp</category><bounds><corner1>-0.5672658643745202, -1.1850781498975298, -0.13914679425514764</corner1><corner2>0.5672658643745202, 1.1850781498975298, 0.13914679425514764</corner2></bounds><pose><translation>0.5949197756255954, -0.7931259476048639, -2.081330137395004</translation><rotation><c1>1, 0, 0</c1><c2>0, 1, 0</c2><c3>0, 0, 1</c3></rotation></pose><symmetry><x>twoFold</x><y>cylindrical</y><z>twoFold</z></symmetry><detectionScore>-1.0</detectionScore></element><element><id>15</id><category>floor_lamp</category><bounds><corner1>-1.082181183153355, -1.279656576645019, -1.0497402489422711</corner1><corner2>1.082181183153355, 1.279656576645019, 1.0497402489422711</corner2></bounds><pose><translation>4.125009812526294, -0.6770880619331299, -1.4710300920986603</translation><rotation><c1>1, 0, 0</c1><c2>0, 1, 0</c2><c3>0, 0, 1</c3></rotation></pose><symmetry><x>twoFold</x><y>cylindrical</y><z>twoFold</z></symmetry><detectionScore>-1.0</detectionScore></element><element><id>16</id><category>column</category><bounds><corner1>-0.19722467891173867, -0.15142406397588437, -1.5607534820518778</corner1><corner2>0.19722467891173867, 0.15142406397588437, 1.5607534820518778</corner2></bounds><pose><translation>-2.22344199543031, -1.7108263169951068, 1.2742278660984414</translation><rotation><c1>1, 0, 0</c1><c2>0, 1, 0</c2><c3>0, 0, 1</c3></rotation></pose><symmetry><x>twoFold</x><y>cylindrical</y><z>twoFold</z></symmetry><detectionScore>-1.0</detectionScore></element><element><id>17</id><category>chandelier</category><bounds><corner1>-0.6611443932238926, -0.07238860781152967, -0.3611406349328723</corner1><corner2>0.6611443932238926, 0.07238860781152967, 0.3611406349328723</corner2></bounds><pose><translation>-1.422465045489351, 1.4451091855369085, 1.8299740625035228</translation><rotation><c1>1, 0, 0</c1><c2>0, 1, 0</c2><c3>0, 0, 1</c3></rotation></pose><symmetry><x>twoFold</x><y>cylindrical</y><z>twoFold</z></symmetry><detectionScore>-1.0</detectionScore></element><element><id>18</id><category>dresser</category><bounds><corner1>-0.7495281881507523, -0.42803355722195513, -0.7962639066065835</corner1><corner2>0.7495281881507523, 0.42803355722195513, 0.7962639066065835</corner2></bounds><pose><translation>-0.7630058522599706, -1.0266998785709978, -2.01715239814945</translation><rotation><c1>1, 0, 0</c1><c2>0, 1, 0</c2><c3>0, 0, 1</c3></rotation></pose><symmetry><x>twoFold</x><y>cylindrical</y><z>twoFold</z></symmetry><detectionScore>-1.0</detectionScore></element><element><id>19</id><category>armchair</category><bounds><corner1>-0.7560492355840323, -0.6227397641338172, -0.7125308135124662</corner1><corner2>0.7560492355840323, 0.6227397641338172, 0.7125308135124662</corner2></bounds><pose><translation>4.461247682240077, -1.1324481300119833, 0.34794133869400734</translation><rotation><c1>1, 0, 0</c1><c2>0, 1, 0</c2><c3>0, 0, 1</c3></rotation></pose><symmetry><x>twoFold</x><y>cylindrical</y><z>twoFold</z></symmetry><detectionScore>-1.0</detectionScore></element><element><id>20</id><category>stand</category><bounds><corner1>-0.6908892985149028, -0.42278182950572885, -0.8020848904467206</corner1><corner2>0.6908892985149028, 0.42278182950572885, 0.8020848904467206</corner2></bounds><pose><translation>-0.7811317695238446, -1.0395936376953197, -2.0132535643129432</translation><rotation><c1>1, 0, 0</c1><c2>0, 1, 0</c2><c3>0, 0, 1</c3></rotation></pose><symmetry><x>twoFold</x><y>cylindrical</y><z>twoFold</z></symmetry><detectionScore>-1.0</detectionScore></element><element><id>21</id><category>stand</category><bounds><corner1>-0.7593530357806308, -0.6002131760797876, -0.09942020673365382</corner1><corner2>0.7593530357806308, 0.6002131760797876, 0.09942020673365382</corner2></bounds><pose><translation>0.29414973831772623, -1.1984092134963085, -2.0316632727859147</translation><rotation><c1>1, 0, 0</c1><c2>0, 1, 0</c2><c3>0, 0, 1</c3></rotation></pose><symmetry><x>twoFold</x><y>cylindrical</y><z>twoFold</z></symmetry><detectionScore>-1.0</detectionScore></element><element><id>22</id><category>chair</category><bounds><corner1>-2.3815524614472277, -0.30145868409172394, -0.6848753350964631</corner1><corner2>2.3815524614472277, 0.30145868409172394, 0.6848753350964631</corner2></bounds><pose><translation>2.338691044606732, -0.9068448626553989, -1.044097154121962</translation><rotation><c1>1, 0, 0</c1><c2>0, 1, 0</c2><c3>0, 0, 1</c3></rotation></pose><symmetry><x>twoFold</x><y>cylindrical</y><z>twoFold</z></symmetry><detectionScore>-1.0</detectionScore></element><element><id>23</id><category>window</category><bounds><corner1>-0.32276693879492324, -0.93078399733004, -0.8910888789901021</corner1><corner2>0.32276693879492324, 0.93078399733004, 0.8910888789901021</corner2></bounds><pose><translation>-2.4068976283600465, -0.1298927333629694, -0.41291367803117035</translation><rotation><c1>1, 0, 0</c1><c2>0, 1, 0</c2><c3>0, 0, 1</c3></rotation></pose><symmetry><x>twoFold</x><y>cylindrical</y><z>twoFold</z></symmetry><detectionScore>-1.0</detectionScore></element><element><id>24</id><category>plant</category><bounds><corner1>-0.5171055674658516, -0.5316466759642973, -0.34729850821521024</corner1><corner2>0.5171055674658516, 0.5316466759642973, 0.34729850821521024</corner2></bounds><pose><translation>-0.6743396585954489, -0.5630455021263345, -2.3363648325809256</translation><rotation><c1>1, 0, 0</c1><c2>0, 1, 0</c2><c3>0, 0, 1</c3></rotation></pose><symmetry><x>twoFold</x><y>cylindrical</y><z>twoFold</z></symmetry><detectionScore>-1.0</detectionScore></element></elements></scene>