<?xml version='1.0' encoding='utf-8'?>
<scene xmlns:sumo="https://www.sumochallenge.org"><version>2.0</version><categories><id>fb_categories_v1.0</id><url>https://sumochallenge.org/en/categories-1_0.json</url></categories><project_type>bounding_box</project_type><elements><element><id>6</id><category>coffee_table</category><bounds><corner1>-0.53281281, -0.45420718, -0.59366206</corner1><corner2>0.53281281, 0.45420718, 0.59366206</corner2></bounds><pose><translation>-3.00900184, -1.41867964, -1.45017804</translation><rotation><c1>1., 0., 0.</c1><c2>0., 1., 0.</c2><c3>0., 0., 1.</c3></rotation></pose><symmetry><x>none</x><y>none</y><z>none</z></symmetry><detectionScore>-1</detectionScore></element><element><id>4</id><category>fireplace</category><bounds><corner1>-0.99494905, -1.22047756, -2.64060025</corner1><corner2>0.99494905, 1.22047756, 2.64060025</corner2></bounds><pose><translation>-2.91563844, -0.09515091, -5.9235689 </translation><rotation><c1>1., 0., 0.</c1><c2>0., 1., 0.</c2><c3>0., 0., 1.</c3></rotation></pose><symmetry><x>none</x><y>none</y><z>none</z></symmetry><detectionScore>-1</detectionScore></element><element><id>5</id><category>wall</category><bounds><corner1>-1.88598215, -1.20356248, -2.82418276</corner1><corner2>1.88598215, 1.20356248, 2.82418276</corner2></bounds><pose><translation>-6.559459  , -0.01921478, -2.31821943</translation><rotation><c1>1., 0., 0.</c1><c2>0., 1., 0.</c2><c3>0., 0., 1.</c3></rotation></pose><symmetry><x>none</x><y>none</y><z>none</z></symmetry><detectionScore>-1</detectionScore></element><element><id>1</id><category>door</category><bounds><corner1>-3.12348078, -1.14592624, -3.14783913</corner1><corner2>3.12348078, 1.14592624, 3.14783913</corner2></bounds><pose><translation>-5.66824277, -0.4210175 , -6.35673892</translation><rotation><c1>1., 0., 0.</c1><c2>0., 1., 0.</c2><c3>0., 0., 1.</c3></rotation></pose><symmetry><x>none</x><y>none</y><z>none</z></symmetry><detectionScore>-1</detectionScore></element><element><id>8</id><category>window</category><bounds><corner1>-0.90377336, -1.23122331, -0.01822762</corner1><corner2>0.90377336, 1.23122331, 0.01822762</corner2></bounds><pose><translation>-4.09802364, -0.04250709,  0.73359365</translation><rotation><c1>1., 0., 0.</c1><c2>0., 1., 0.</c2><c3>0., 0., 1.</c3></rotation></pose><symmetry><x>none</x><y>none</y><z>none</z></symmetry><detectionScore>-1</detectionScore></element></elements></scene>