<?xml version='1.0' encoding='utf-8'?>
<scene xmlns:sumo="https://www.sumochallenge.org"><version>2.0</version><categories><id>fb_categories_v1_0</id><url>https://sumochallenge.org/en/categories-1_0.json</url></categories><project_type>bounding_box</project_type><elements><element><id>0</id><category>floor_lamp</category><bounds><corner1>-0.12037137429765665, -1.1967760991592613, -0.255619332967728</corner1><corner2>0.12037137429765665, 1.1967760991592613, 0.255619332967728</corner2></bounds><pose><translation>-1.93841120964837, -0.8632693162448385, -1.0255131637896011</translation><rotation><c1>1, 0, 0</c1><c2>0, 1, 0</c2><c3>0, 0, 1</c3></rotation></pose><symmetry><x>twoFold</x><y>cylindrical</y><z>twoFold</z></symmetry><detectionScore>-1.0</detectionScore></element><element><id>1</id><category>shower</category><bounds><corner1>-0.9613487875725877, -1.4387098844535582, -0.24883604957719374</corner1><corner2>0.9613487875725877, 1.4387098844535582, 0.24883604957719374</corner2></bounds><pose><translation>0.16689842295834095, -0.4540681944535264, 4.435519379688203</translation><rotation><c1>1, 0, 0</c1><c2>0, 1, 0</c2><c3>0, 0, 1</c3></rotation></pose><symmetry><x>twoFold</x><y>cylindrical</y><z>twoFold</z></symmetry><detectionScore>-1.0</detectionScore></element><element><id>2</id><category>window</category><bounds><corner1>-0.2759039720654597, -0.8379685569358488, -1.15774589483505</corner1><corner2>0.2759039720654597, 0.8379685569358488, 1.15774589483505</corner2></bounds><pose><translation>-4.297431854618518, 0.08825156234443948, 1.4855268578844874</translation><rotation><c1>1, 0, 0</c1><c2>0, 1, 0</c2><c3>0, 0, 1</c3></rotation></pose><symmetry><x>twoFold</x><y>cylindrical</y><z>twoFold</z></symmetry><detectionScore>-1.0</detectionScore></element><element><id>3</id><category>window</category><bounds><corner1>-1.4222344009929326, -0.9264551443522689, -0.7171862408244134</corner1><corner2>1.4222344009929326, 0.9264551443522689, 0.7171862408244134</corner2></bounds><pose><translation>-0.5275679443189759, 0.06569950792757664, -2.017951801621009</translation><rotation><c1>1, 0, 0</c1><c2>0, 1, 0</c2><c3>0, 0, 1</c3></rotation></pose><symmetry><x>twoFold</x><y>cylindrical</y><z>twoFold</z></symmetry><detectionScore>-1.0</detectionScore></element><element><id>4</id><category>window</category><bounds><corner1>-0.10662622847902714, -0.8473967411724267, -0.8539656539807745</corner1><corner2>0.10662622847902714, 0.8473967411724267, 0.8539656539807745</corner2></bounds><pose><translation>3.708935955829792, 0.06895275663763724, 1.4939419017964508</translation><rotation><c1>1, 0, 0</c1><c2>0, 1, 0</c2><c3>0, 0, 1</c3></rotation></pose><symmetry><x>twoFold</x><y>cylindrical</y><z>twoFold</z></symmetry><detectionScore>-1.0</detectionScore></element><element><id>5</id><category>wall</category><bounds><corner1>-1.5227659327997078, -1.547054712399787, -2.596166338900118</corner1><corner2>1.5227659327997078, 1.547054712399787, 2.596166338900118</corner2></bounds><pose><translation>-4.243254800047462, -0.17916114637890276, 0.8457496777359811</translation><rotation><c1>1, 0, 0</c1><c2>0, 1, 0</c2><c3>0, 0, 1</c3></rotation></pose><symmetry><x>twoFold</x><y>cylindrical</y><z>twoFold</z></symmetry><detectionScore>-1.0</detectionScore></element><element><id>6</id><category>wall</category><bounds><corner1>-0.16890336265343775, -1.5737697188715414, -2.7169747693857382</corner1><corner2>0.16890336265343775, 1.5737697188715414, 2.7169747693857382</corner2></bounds><pose><translation>3.6466588216553815, -0.1828042877189461, 0.8211489731150685</translation><rotation><c1>1, 0, 0</c1><c2>0, 1, 0</c2><c3>0, 0, 1</c3></rotation></pose><symmetry><x>twoFold</x><y>cylindrical</y><z>twoFold</z></symmetry><detectionScore>-1.0</detectionScore></element><element><id>7</id><category>washer</category><bounds><corner1>-1.0498922897251277, -0.5783079714661608, -0.48044703102035213</corner1><corner2>1.0498922897251277, 0.5783079714661608, 0.48044703102035213</corner2></bounds><pose><translation>2.6818701509102096, -1.0580321121606355, -1.2507162829838956</translation><rotation><c1>1, 0, 0</c1><c2>0, 1, 0</c2><c3>0, 0, 1</c3></rotation></pose><symmetry><x>twoFold</x><y>cylindrical</y><z>twoFold</z></symmetry><detectionScore>-1.0</detectionScore></element><element><id>8</id><category>bathtub</category><bounds><corner1>-1.5570781959071591, -0.4409825854321565, -0.9610803729956019</corner1><corner2>1.5570781959071591, 0.4409825854321565, 0.9610803729956019</corner2></bounds><pose><translation>2.0559536650351538, -0.8598967946187834, 3.6168755113287587</translation><rotation><c1>1, 0, 0</c1><c2>0, 1, 0</c2><c3>0, 0, 1</c3></rotation></pose><symmetry><x>twoFold</x><y>cylindrical</y><z>twoFold</z></symmetry><detectionScore>-1.0</detectionScore></element><element><id>9</id><category>wall</category><bounds><corner1>-3.7728858856498375, -1.472284431288612, -0.2236737297488922</corner1><corner2>3.7728858856498375, 1.472284431288612, 0.2236737297488922</corner2></bounds><pose><translation>-0.5444481576952477, -0.10944966092180859, 4.460681699516504</translation><rotation><c1>1, 0, 0</c1><c2>0, 1, 0</c2><c3>0, 0, 1</c3></rotation></pose><symmetry><x>twoFold</x><y>cylindrical</y><z>twoFold</z></symmetry><detectionScore>-1.0</detectionScore></element><element><id>10</id><category>gym_equipment</category><bounds><corner1>-1.0037124748277673, -1.272044851992769, -1.554848339505075</corner1><corner2>1.0037124748277673, 1.272044851992769, 1.554848339505075</corner2></bounds><pose><translation>-1.5242882988923583, -0.95444767902159, 3.0422033058020426</translation><rotation><c1>1, 0, 0</c1><c2>0, 1, 0</c2><c3>0, 0, 1</c3></rotation></pose><symmetry><x>twoFold</x><y>cylindrical</y><z>twoFold</z></symmetry><detectionScore>-1.0</detectionScore></element><element><id>11</id><category>rug</category><bounds><corner1>-0.5027472624434934, -0.42580759577409366, -1.518765685544075</corner1><corner2>0.5027472624434934, 0.42580759577409366, 1.518765685544075</corner2></bounds><pose><translation>-2.5856287287367463, -1.6771263274885044, 1.5389355784839287</translation><rotation><c1>1, 0, 0</c1><c2>0, 1, 0</c2><c3>0, 0, 1</c3></rotation></pose><symmetry><x>twoFold</x><y>cylindrical</y><z>twoFold</z></symmetry><detectionScore>-1.0</detectionScore></element><element><id>12</id><category>air_conditioner</category><bounds><corner1>-0.5050616145456677, -0.3671605494072545, -0.09189705452283148</corner1><corner2>0.5050616145456677, 0.3671605494072545, 0.09189705452283148</corner2></bounds><pose><translation>-0.24308560198457715, 0.8058764244707521, -1.7857184169849407</translation><rotation><c1>1, 0, 0</c1><c2>0, 1, 0</c2><c3>0, 0, 1</c3></rotation></pose><symmetry><x>twoFold</x><y>cylindrical</y><z>twoFold</z></symmetry><detectionScore>-1.0</detectionScore></element><element><id>13</id><category>wall</category><bounds><corner1>-0.6841027307321466, -1.5194288515703775, -0.3178441513347803</corner1><corner2>0.6841027307321466, 1.5194288515703775, 0.3178441513347803</corner2></bounds><pose><translation>-4.219231085409886, -0.162175694576236, 2.3268547763605762</translation><rotation><c1>1, 0, 0</c1><c2>0, 1, 0</c2><c3>0, 0, 1</c3></rotation></pose><symmetry><x>twoFold</x><y>cylindrical</y><z>twoFold</z></symmetry><detectionScore>-1.0</detectionScore></element><element><id>14</id><category>single_bed</category><bounds><corner1>-0.4363837177077954, -0.8445891484067826, -1.7781810935856674</corner1><corner2>0.4363837177077954, 0.8445891484067826, 1.7781810935856674</corner2></bounds><pose><translation>-2.2731810438482882, -1.2566120630052628, -0.4159139028530561</translation><rotation><c1>1, 0, 0</c1><c2>0, 1, 0</c2><c3>0, 0, 1</c3></rotation></pose><symmetry><x>twoFold</x><y>cylindrical</y><z>twoFold</z></symmetry><detectionScore>-1.0</detectionScore></element><element><id>15</id><category>kitchen_cabinet</category><bounds><corner1>-0.928648040312797, -0.21206780745345644, -0.13334885222905823</corner1><corner2>0.928648040312797, 0.21206780745345644, 0.13334885222905823</corner2></bounds><pose><translation>0.8121856628208426, -0.9321993130783498, -1.3683763370138482</translation><rotation><c1>1, 0, 0</c1><c2>0, 1, 0</c2><c3>0, 0, 1</c3></rotation></pose><symmetry><x>twoFold</x><y>cylindrical</y><z>twoFold</z></symmetry><detectionScore>-1.0</detectionScore></element><element><id>16</id><category>vacuum_cleaner</category><bounds><corner1>-1.9858893254870353, -0.9084073987280545, -0.7092367216877987</corner1><corner2>1.9858893254870353, 0.9084073987280545, 0.7092367216877987</corner2></bounds><pose><translation>-4.000166934946708, -1.1357993302503067, -0.8821045545064068</translation><rotation><c1>1, 0, 0</c1><c2>0, 1, 0</c2><c3>0, 0, 1</c3></rotation></pose><symmetry><x>twoFold</x><y>cylindrical</y><z>twoFold</z></symmetry><detectionScore>-1.0</detectionScore></element></elements></scene>