<?xml version='1.0' encoding='utf-8'?>
<scene xmlns:sumo="https://www.sumochallenge.org"><version>2.0</version><categories><id>fb_categories_v1.0</id><url>https://sumochallenge.org/en/categories-1_0.json</url></categories><project_type>bounding_box</project_type><elements><element><id>4</id><category>single_bed</category><bounds><corner1>-0.12384322, -0.33043019, -1.04836545</corner1><corner2>0.12384322, 0.33043019, 1.04836545</corner2></bounds><pose><translation>-2.24696357, -0.99794159, -0.51109803</translation><rotation><c1>1., 0., 0.</c1><c2>0., 1., 0.</c2><c3>0., 0., 1.</c3></rotation></pose><symmetry><x>none</x><y>none</y><z>none</z></symmetry><detectionScore>0.99506795</detectionScore></element><element><id>1</id><category>wall</category><bounds><corner1>-0.53333773, -1.21550858, -0.03792726</corner1><corner2>0.53333773, 1.21550858, 0.03792726</corner2></bounds><pose><translation>-0.28975382, -0.11919989,  1.97301667</translation><rotation><c1>1., 0., 0.</c1><c2>0., 1., 0.</c2><c3>0., 0., 1.</c3></rotation></pose><symmetry><x>none</x><y>twoFold</y><z>none</z></symmetry><detectionScore>0.64043826</detectionScore></element><element><id>5</id><category>plant</category><bounds><corner1>-0.36380182, -0.75518374, -0.38967248</corner1><corner2>0.36380182, 0.75518374, 0.38967248</corner2></bounds><pose><translation>-3.18850676, -0.77561894,  4.0460402 </translation><rotation><c1>1., 0., 0.</c1><c2>0., 1., 0.</c2><c3>0., 0., 1.</c3></rotation></pose><symmetry><x>none</x><y>cylindrical</y><z>none</z></symmetry><detectionScore>0.99498653</detectionScore></element><element><id>3</id><category>mirror</category><bounds><corner1>-0.07801205, -0.80533928, -0.34216973</corner1><corner2>0.07801205, 0.80533928, 0.34216973</corner2></bounds><pose><translation>-3.20716034, -0.50417709,  1.12335455</translation><rotation><c1>1., 0., 0.</c1><c2>0., 1., 0.</c2><c3>0., 0., 1.</c3></rotation></pose><symmetry><x>none</x><y>none</y><z>twoFold</z></symmetry><detectionScore>0.99766016</detectionScore></element><element><id>2</id><category>ceiling_fan</category><bounds><corner1>-0.37993728, -0.01974277, -0.90084954</corner1><corner2>0.37993728, 0.01974277, 0.90084954</corner2></bounds><pose><translation>-1.84498853,  1.18897626, -0.26749679</translation><rotation><c1>1., 0., 0.</c1><c2>0., 1., 0.</c2><c3>0., 0., 1.</c3></rotation></pose><symmetry><x>none</x><y>cylindrical</y><z>none</z></symmetry><detectionScore>0.90421104</detectionScore></element><element><id>7</id><category>dressing_table</category><bounds><corner1>-0.51829285, -0.5832061 , -0.40095355</corner1><corner2>0.51829285, 0.5832061 , 0.40095355</corner2></bounds><pose><translation>-0.66559149, -0.61205876, -1.51295722</translation><rotation><c1>1., 0., 0.</c1><c2>0., 1., 0.</c2><c3>0., 0., 1.</c3></rotation></pose><symmetry><x>none</x><y>none</y><z>none</z></symmetry><detectionScore>0.65404993</detectionScore></element><element><id>8</id><category>wall</category><bounds><corner1>-0.44152534, -1.02345937, -2.44507232</corner1><corner2>0.44152534, 1.02345937, 2.44507232</corner2></bounds><pose><translation>-0.95179788, -0.09345298,  1.99798962</translation><rotation><c1>1., 0., 0.</c1><c2>0., 1., 0.</c2><c3>0., 0., 1.</c3></rotation></pose><symmetry><x>none</x><y>twoFold</y><z>none</z></symmetry><detectionScore>0.88658184</detectionScore></element><element><id>6</id><category>wall</category><bounds><corner1>-0.67015586, -1.14001084, -1.99997877</corner1><corner2>0.67015586, 1.14001084, 1.99997877</corner2></bounds><pose><translation>-3.28209953, -0.08609989,  0.6310727 </translation><rotation><c1>1., 0., 0.</c1><c2>0., 1., 0.</c2><c3>0., 0., 1.</c3></rotation></pose><symmetry><x>none</x><y>twoFold</y><z>none</z></symmetry><detectionScore>0.7844871</detectionScore></element></elements></scene>