<?xml version='1.0' encoding='utf-8'?>
<scene xmlns:sumo="https://www.sumochallenge.org"><version>2.0</version><categories><id>fb_categories_v1.0</id><url>https://sumochallenge.org/en/categories-1_0.json</url></categories><project_type>bounding_box</project_type><elements><element><id>5</id><category>door</category><bounds><corner1>-2.48051696, -0.88333204, -4.40154603</corner1><corner2>2.48051696, 0.88333204, 4.40154603</corner2></bounds><pose><translation> 3.8637376 , -0.33885663,  5.92335274</translation><rotation><c1>1., 0., 0.</c1><c2>0., 1., 0.</c2><c3>0., 0., 1.</c3></rotation></pose><symmetry><x>twoFold</x><y>twoFold</y><z>twoFold</z></symmetry><detectionScore>0.9738574</detectionScore></element><element><id>10</id><category>wall</category><bounds><corner1>-2.7980442 , -1.32067958, -0.33882586</corner1><corner2>2.7980442 , 1.32067958, 0.33882586</corner2></bounds><pose><translation> 6.74197325, -0.14319531,  5.85204551</translation><rotation><c1>1., 0., 0.</c1><c2>0., 1., 0.</c2><c3>0., 0., 1.</c3></rotation></pose><symmetry><x>none</x><y>twoFold</y><z>none</z></symmetry><detectionScore>0.5029923</detectionScore></element><element><id>11</id><category>chandelier</category><bounds><corner1>-0.14980229, -0.31123171, -0.09962089</corner1><corner2>0.14980229, 0.31123171, 0.09962089</corner2></bounds><pose><translation>3.44685032, 0.87818363, 5.9059847 </translation><rotation><c1>1., 0., 0.</c1><c2>0., 1., 0.</c2><c3>0., 0., 1.</c3></rotation></pose><symmetry><x>none</x><y>cylindrical</y><z>none</z></symmetry><detectionScore>0.71235806</detectionScore></element><element><id>4</id><category>window</category><bounds><corner1>-2.21394197, -1.23360768, -1.49895129</corner1><corner2>2.21394197, 1.23360768, 1.49895129</corner2></bounds><pose><translation> 0.64435306, -0.19391352, -3.04789233</translation><rotation><c1>1., 0., 0.</c1><c2>0., 1., 0.</c2><c3>0., 0., 1.</c3></rotation></pose><symmetry><x>none</x><y>twoFold</y><z>none</z></symmetry><detectionScore>0.8561604</detectionScore></element><element><id>6</id><category>window</category><bounds><corner1>-6.15753734, -0.78052201, -0.77914087</corner1><corner2>6.15753734, 0.78052201, 0.77914087</corner2></bounds><pose><translation> 3.96562089,  0.05361989, -3.26219216</translation><rotation><c1>1., 0., 0.</c1><c2>0., 1., 0.</c2><c3>0., 0., 1.</c3></rotation></pose><symmetry><x>none</x><y>twoFold</y><z>none</z></symmetry><detectionScore>0.89586055</detectionScore></element><element><id>3</id><category>window</category><bounds><corner1>-1.40970136, -0.92486856, -0.13247837</corner1><corner2>1.40970136, 0.92486856, 0.13247837</corner2></bounds><pose><translation>1.03584204, 0.0638012 , 5.93367979</translation><rotation><c1>1., 0., 0.</c1><c2>0., 1., 0.</c2><c3>0., 0., 1.</c3></rotation></pose><symmetry><x>none</x><y>twoFold</y><z>none</z></symmetry><detectionScore>0.9478742</detectionScore></element><element><id>12</id><category>kitchen_cabinet</category><bounds><corner1>-0.51930688, -0.48197115, -1.19600822</corner1><corner2>0.51930688, 0.48197115, 1.19600822</corner2></bounds><pose><translation> 1.9731741 , -0.69434789, -2.78801228</translation><rotation><c1>1., 0., 0.</c1><c2>0., 1., 0.</c2><c3>0., 0., 1.</c3></rotation></pose><symmetry><x>none</x><y>none</y><z>none</z></symmetry><detectionScore>0.72340524</detectionScore></element><element><id>2</id><category>chandelier</category><bounds><corner1>-1.27221606, -0.29041896, -1.77034208</corner1><corner2>1.27221606, 0.29041896, 1.77034208</corner2></bounds><pose><translation>3.40085968, 0.71484288, 5.92187099</translation><rotation><c1>1., 0., 0.</c1><c2>0., 1., 0.</c2><c3>0., 0., 1.</c3></rotation></pose><symmetry><x>none</x><y>cylindrical</y><z>none</z></symmetry><detectionScore>0.91017365</detectionScore></element><element><id>1</id><category>wall</category><bounds><corner1>-3.4163559 , -1.11679438, -0.535605  </corner1><corner2>3.4163559 , 1.11679438, 0.535605  </corner2></bounds><pose><translation> 0.91253952, -0.028688  ,  5.8944485 </translation><rotation><c1>1., 0., 0.</c1><c2>0., 1., 0.</c2><c3>0., 0., 1.</c3></rotation></pose><symmetry><x>none</x><y>twoFold</y><z>none</z></symmetry><detectionScore>0.6305448</detectionScore></element><element><id>9</id><category>wall</category><bounds><corner1>-0.70577128, -1.29616438, -4.95685689</corner1><corner2>0.70577128, 1.29616438, 4.95685689</corner2></bounds><pose><translation> 9.43862926, -0.11364386,  0.58822552</translation><rotation><c1>1., 0., 0.</c1><c2>0., 1., 0.</c2><c3>0., 0., 1.</c3></rotation></pose><symmetry><x>none</x><y>twoFold</y><z>none</z></symmetry><detectionScore>0.8882088</detectionScore></element><element><id>8</id><category>table_and_chair</category><bounds><corner1>-3.00109074, -0.73288822, -2.77989451</corner1><corner2>3.00109074, 0.73288822, 2.77989451</corner2></bounds><pose><translation> 0.81695796, -1.13104445,  3.18712296</translation><rotation><c1>1., 0., 0.</c1><c2>0., 1., 0.</c2><c3>0., 0., 1.</c3></rotation></pose><symmetry><x>none</x><y>twoFold</y><z>none</z></symmetry><detectionScore>0.8916819</detectionScore></element><element><id>7</id><category>chandelier</category><bounds><corner1>-0.16456358, -0.27432882, -0.10214546</corner1><corner2>0.16456358, 0.27432882, 0.10214546</corner2></bounds><pose><translation>3.78332923, 0.91959019, 5.91472423</translation><rotation><c1>1., 0., 0.</c1><c2>0., 1., 0.</c2><c3>0., 0., 1.</c3></rotation></pose><symmetry><x>none</x><y>cylindrical</y><z>none</z></symmetry><detectionScore>0.7926111</detectionScore></element></elements></scene>