<?xml version='1.0' encoding='utf-8'?>
<scene xmlns:sumo="https://www.sumochallenge.org"><version>2.0</version><categories><id>fb_categories_v1.0</id><url>https://sumochallenge.org/en/categories-1_0.json</url></categories><project_type>bounding_box</project_type><elements><element><id>15</id><category>wall</category><bounds><corner1>-1.37815488, -1.07300012, -0.0639124 </corner1><corner2>1.37815488, 1.07300012, 0.0639124 </corner2></bounds><pose><translation> 1.97198771, -0.05158684, -0.1862558 </translation><rotation><c1>1., 0., 0.</c1><c2>0., 1., 0.</c2><c3>0., 0., 1.</c3></rotation></pose><symmetry><x>none</x><y>none</y><z>none</z></symmetry><detectionScore>-1</detectionScore></element><element><id>7</id><category>wall</category><bounds><corner1>-0.12194149, -1.24578428, -0.81636408</corner1><corner2>0.12194149, 1.24578428, 0.81636408</corner2></bounds><pose><translation> 3.23917164, -0.1270126 ,  0.67709928</translation><rotation><c1>1., 0., 0.</c1><c2>0., 1., 0.</c2><c3>0., 0., 1.</c3></rotation></pose><symmetry><x>none</x><y>none</y><z>none</z></symmetry><detectionScore>-1</detectionScore></element><element><id>4</id><category>picture_frame</category><bounds><corner1>-0.05937165, -0.46061939, -0.46016912</corner1><corner2>0.05937165, 0.46061939, 0.46016912</corner2></bounds><pose><translation>3.2199175 , 0.20015662, 4.20645006</translation><rotation><c1>1., 0., 0.</c1><c2>0., 1., 0.</c2><c3>0., 0., 1.</c3></rotation></pose><symmetry><x>none</x><y>none</y><z>none</z></symmetry><detectionScore>-1</detectionScore></element><element><id>9</id><category>door</category><bounds><corner1>-1.31241044, -1.22861979, -0.13432968</corner1><corner2>1.31241044, 1.22861979, 0.13432968</corner2></bounds><pose><translation> 1.14569852, -0.31295017, -6.79174962</translation><rotation><c1>1., 0., 0.</c1><c2>0., 1., 0.</c2><c3>0., 0., 1.</c3></rotation></pose><symmetry><x>none</x><y>none</y><z>none</z></symmetry><detectionScore>-1</detectionScore></element><element><id>5</id><category>wall</category><bounds><corner1>-0.35479792, -1.30249175, -0.05534796</corner1><corner2>0.35479792, 1.30249175, 0.05534796</corner2></bounds><pose><translation> 3.72108317, -0.12030634,  2.90784291</translation><rotation><c1>1., 0., 0.</c1><c2>0., 1., 0.</c2><c3>0., 0., 1.</c3></rotation></pose><symmetry><x>none</x><y>none</y><z>none</z></symmetry><detectionScore>-1</detectionScore></element><element><id>16</id><category>wall</category><bounds><corner1>-4.61004107, -1.3531815 , -1.87235783</corner1><corner2>4.61004107, 1.3531815 , 1.87235783</corner2></bounds><pose><translation> 4.04221339, -0.1823368 ,  2.69305076</translation><rotation><c1>1., 0., 0.</c1><c2>0., 1., 0.</c2><c3>0., 0., 1.</c3></rotation></pose><symmetry><x>none</x><y>none</y><z>none</z></symmetry><detectionScore>-1</detectionScore></element><element><id>12</id><category>chair</category><bounds><corner1>-0.48828705, -0.62798562, -0.53760442</corner1><corner2>0.48828705, 0.62798562, 0.53760442</corner2></bounds><pose><translation> 2.53209159, -1.32678103, -3.09379893</translation><rotation><c1>1., 0., 0.</c1><c2>0., 1., 0.</c2><c3>0., 0., 1.</c3></rotation></pose><symmetry><x>none</x><y>none</y><z>none</z></symmetry><detectionScore>-1</detectionScore></element><element><id>2</id><category>plant</category><bounds><corner1>-2.40188267, -1.37916278, -0.56297825</corner1><corner2>2.40188267, 1.37916278, 0.56297825</corner2></bounds><pose><translation> 3.31789654, -0.57442299, -1.54203271</translation><rotation><c1>1., 0., 0.</c1><c2>0., 1., 0.</c2><c3>0., 0., 1.</c3></rotation></pose><symmetry><x>none</x><y>none</y><z>none</z></symmetry><detectionScore>-1</detectionScore></element><element><id>10</id><category>wall</category><bounds><corner1>-2.65420033, -1.15610649, -2.62467987</corner1><corner2>2.65420033, 1.15610649, 2.62467987</corner2></bounds><pose><translation>-3.64811562, -0.06704748, -7.51505092</translation><rotation><c1>1., 0., 0.</c1><c2>0., 1., 0.</c2><c3>0., 0., 1.</c3></rotation></pose><symmetry><x>none</x><y>none</y><z>none</z></symmetry><detectionScore>-1</detectionScore></element><element><id>17</id><category>plant</category><bounds><corner1>-0.62339917, -0.86371984, -3.57734377</corner1><corner2>0.62339917, 0.86371984, 3.57734377</corner2></bounds><pose><translation>-2.83004036, -0.69008434, -7.50394479</translation><rotation><c1>1., 0., 0.</c1><c2>0., 1., 0.</c2><c3>0., 0., 1.</c3></rotation></pose><symmetry><x>none</x><y>none</y><z>none</z></symmetry><detectionScore>-1</detectionScore></element><element><id>6</id><category>wall</category><bounds><corner1>-1.23177702, -1.16407168, -0.0978716 </corner1><corner2>1.23177702, 1.16407168, 0.0978716 </corner2></bounds><pose><translation> 0.09403504, -0.07213603,  3.94788127</translation><rotation><c1>1., 0., 0.</c1><c2>0., 1., 0.</c2><c3>0., 0., 1.</c3></rotation></pose><symmetry><x>none</x><y>none</y><z>none</z></symmetry><detectionScore>-1</detectionScore></element><element><id>14</id><category>wall</category><bounds><corner1>-5.67265654, -1.14880447, -2.95608857</corner1><corner2>5.67265654, 1.14880447, 2.95608857</corner2></bounds><pose><translation>-6.7376432 , -0.07712042, -2.99738824</translation><rotation><c1>1., 0., 0.</c1><c2>0., 1., 0.</c2><c3>0., 0., 1.</c3></rotation></pose><symmetry><x>none</x><y>none</y><z>none</z></symmetry><detectionScore>-1</detectionScore></element><element><id>3</id><category>wall</category><bounds><corner1>-2.42115301, -0.76603458, -3.28682338</corner1><corner2>2.42115301, 0.76603458, 3.28682338</corner2></bounds><pose><translation> 0.79981572, -0.02637923,  3.97037671</translation><rotation><c1>1., 0., 0.</c1><c2>0., 1., 0.</c2><c3>0., 0., 1.</c3></rotation></pose><symmetry><x>none</x><y>none</y><z>none</z></symmetry><detectionScore>-1</detectionScore></element><element><id>8</id><category>plant</category><bounds><corner1>-1.72941811, -0.67977919, -3.5330791 </corner1><corner2>1.72941811, 0.67977919, 3.5330791 </corner2></bounds><pose><translation>-3.96991921, -0.58290404, -7.52512673</translation><rotation><c1>1., 0., 0.</c1><c2>0., 1., 0.</c2><c3>0., 0., 1.</c3></rotation></pose><symmetry><x>none</x><y>none</y><z>none</z></symmetry><detectionScore>-1</detectionScore></element></elements></scene>