<?xml version='1.0' encoding='utf-8'?>
<scene xmlns:sumo="https://www.sumochallenge.org"><version>2.0</version><categories><id>fb_categories_v1.0</id><url>https://sumochallenge.org/en/categories-1_0.json</url></categories><project_type>bounding_box</project_type><elements><element><id>5</id><category>chair</category><bounds><corner1>-0.46714573, -0.66342167, -1.30415572</corner1><corner2>0.46714573, 0.66342167, 1.30415572</corner2></bounds><pose><translation>-2.38310547, -1.41006468,  0.61259946</translation><rotation><c1>1., 0., 0.</c1><c2>0., 1., 0.</c2><c3>0., 0., 1.</c3></rotation></pose><symmetry><x>none</x><y>none</y><z>none</z></symmetry><detectionScore>0.64204174</detectionScore></element><element><id>15</id><category>chair</category><bounds><corner1>-1.49296284, -0.32303058, -0.53947579</corner1><corner2>1.49296284, 0.32303058, 0.53947579</corner2></bounds><pose><translation> 1.57293614, -0.96648759,  0.52295911</translation><rotation><c1>1., 0., 0.</c1><c2>0., 1., 0.</c2><c3>0., 0., 1.</c3></rotation></pose><symmetry><x>none</x><y>none</y><z>none</z></symmetry><detectionScore>0.9851887</detectionScore></element><element><id>10</id><category>wall</category><bounds><corner1>-0.81613291, -1.20768933, -0.06602726</corner1><corner2>0.81613291, 1.20768933, 0.06602726</corner2></bounds><pose><translation> 1.66174749, -0.08716428,  3.30412711</translation><rotation><c1>1., 0., 0.</c1><c2>0., 1., 0.</c2><c3>0., 0., 1.</c3></rotation></pose><symmetry><x>none</x><y>twoFold</y><z>none</z></symmetry><detectionScore>0.6473094</detectionScore></element><element><id>11</id><category>wall</category><bounds><corner1>-2.60851795, -1.17603838, -1.71985001</corner1><corner2>2.60851795, 1.17603838, 1.71985001</corner2></bounds><pose><translation>-1.15865861e+01,  1.14492440e-02,  1.25809205e+00</translation><rotation><c1>1., 0., 0.</c1><c2>0., 1., 0.</c2><c3>0., 0., 1.</c3></rotation></pose><symmetry><x>none</x><y>twoFold</y><z>none</z></symmetry><detectionScore>0.87432516</detectionScore></element><element><id>4</id><category>dresser</category><bounds><corner1>-1.18533216, -0.36873231, -0.43364243</corner1><corner2>1.18533216, 0.36873231, 0.43364243</corner2></bounds><pose><translation>-0.84898304, -1.01896411,  4.77939478</translation><rotation><c1>1., 0., 0.</c1><c2>0., 1., 0.</c2><c3>0., 0., 1.</c3></rotation></pose><symmetry><x>none</x><y>none</y><z>none</z></symmetry><detectionScore>0.91137516</detectionScore></element><element><id>6</id><category>chair</category><bounds><corner1>-3.54152571, -0.10811574, -1.81271222</corner1><corner2>3.54152571, 0.10811574, 1.81271222</corner2></bounds><pose><translation> 1.82103388, -0.7048583 ,  1.15834771</translation><rotation><c1>1., 0., 0.</c1><c2>0., 1., 0.</c2><c3>0., 0., 1.</c3></rotation></pose><symmetry><x>none</x><y>none</y><z>none</z></symmetry><detectionScore>0.64796925</detectionScore></element><element><id>3</id><category>wall</category><bounds><corner1>-2.56108401, -1.29081705, -2.60281713</corner1><corner2>2.56108401, 1.29081705, 2.60281713</corner2></bounds><pose><translation> 1.20345261, -0.14030207, -4.53679164</translation><rotation><c1>1., 0., 0.</c1><c2>0., 1., 0.</c2><c3>0., 0., 1.</c3></rotation></pose><symmetry><x>none</x><y>twoFold</y><z>none</z></symmetry><detectionScore>0.6922619</detectionScore></element><element><id>12</id><category>kitchen_cabinet</category><bounds><corner1>-0.66601581, -0.44533798, -1.36248466</corner1><corner2>0.66601581, 0.44533798, 1.36248466</corner2></bounds><pose><translation> 0.94564815, -0.90978821, -3.9116588 </translation><rotation><c1>1., 0., 0.</c1><c2>0., 1., 0.</c2><c3>0., 0., 1.</c3></rotation></pose><symmetry><x>none</x><y>none</y><z>none</z></symmetry><detectionScore>0.58912456</detectionScore></element><element><id>2</id><category>door</category><bounds><corner1>-0.70763152, -1.01954968, -0.08743422</corner1><corner2>0.70763152, 1.01954968, 0.08743422</corner2></bounds><pose><translation>-3.28990816, -0.35447753,  5.27723348</translation><rotation><c1>1., 0., 0.</c1><c2>0., 1., 0.</c2><c3>0., 0., 1.</c3></rotation></pose><symmetry><x>twoFold</x><y>twoFold</y><z>twoFold</z></symmetry><detectionScore>0.98647237</detectionScore></element><element><id>1</id><category>window</category><bounds><corner1>-1.76575044, -0.52562385, -0.1322137 </corner1><corner2>1.76575044, 0.52562385, 0.1322137 </corner2></bounds><pose><translation> 1.79634183,  0.25381129, -4.59436478</translation><rotation><c1>1., 0., 0.</c1><c2>0., 1., 0.</c2><c3>0., 0., 1.</c3></rotation></pose><symmetry><x>none</x><y>twoFold</y><z>none</z></symmetry><detectionScore>0.94542634</detectionScore></element><element><id>13</id><category>chandelier</category><bounds><corner1>-1.91282087, -0.02697294, -1.61435565</corner1><corner2>1.91282087, 0.02697294, 1.61435565</corner2></bounds><pose><translation>3.59060453, 1.17961391, 1.70695443</translation><rotation><c1>1., 0., 0.</c1><c2>0., 1., 0.</c2><c3>0., 0., 1.</c3></rotation></pose><symmetry><x>none</x><y>cylindrical</y><z>none</z></symmetry><detectionScore>0.9521679</detectionScore></element><element><id>16</id><category>wall</category><bounds><corner1>-0.09967404, -1.21766052, -1.81885956</corner1><corner2>0.09967404, 1.21766052, 1.81885956</corner2></bounds><pose><translation> 5.45665882, -0.14491177,  1.05498846</translation><rotation><c1>1., 0., 0.</c1><c2>0., 1., 0.</c2><c3>0., 0., 1.</c3></rotation></pose><symmetry><x>none</x><y>twoFold</y><z>none</z></symmetry><detectionScore>0.96585387</detectionScore></element><element><id>9</id><category>table_lamp</category><bounds><corner1>-0.45309868, -0.40331602, -0.09442956</corner1><corner2>0.45309868, 0.40331602, 0.09442956</corner2></bounds><pose><translation> 2.14708093, -0.42341866,  3.27030428</translation><rotation><c1>1., 0., 0.</c1><c2>0., 1., 0.</c2><c3>0., 0., 1.</c3></rotation></pose><symmetry><x>none</x><y>cylindrical</y><z>none</z></symmetry><detectionScore>0.61870486</detectionScore></element><element><id>8</id><category>chair</category><bounds><corner1>-2.7449344 , -0.50997467, -0.60023292</corner1><corner2>2.7449344 , 0.50997467, 0.60023292</corner2></bounds><pose><translation> 2.75184786, -0.98671069,  0.23620946</translation><rotation><c1>1., 0., 0.</c1><c2>0., 1., 0.</c2><c3>0., 0., 1.</c3></rotation></pose><symmetry><x>none</x><y>none</y><z>none</z></symmetry><detectionScore>0.5942864</detectionScore></element><element><id>7</id><category>door</category><bounds><corner1>-0.3749879 , -0.87901982, -0.02838397</corner1><corner2>0.3749879 , 0.87901982, 0.02838397</corner2></bounds><pose><translation>-1.25196618, -0.2232234 , -0.6896328 </translation><rotation><c1>1., 0., 0.</c1><c2>0., 1., 0.</c2><c3>0., 0., 1.</c3></rotation></pose><symmetry><x>twoFold</x><y>twoFold</y><z>twoFold</z></symmetry><detectionScore>0.9335912</detectionScore></element><element><id>14</id><category>wall</category><bounds><corner1>-2.91574492, -1.11119599, -0.8615341 </corner1><corner2>2.91574492, 1.11119599, 0.8615341 </corner2></bounds><pose><translation>-7.12435846, -0.10576848,  4.39043886</translation><rotation><c1>1., 0., 0.</c1><c2>0., 1., 0.</c2><c3>0., 0., 1.</c3></rotation></pose><symmetry><x>none</x><y>twoFold</y><z>none</z></symmetry><detectionScore>0.8817852</detectionScore></element></elements></scene>