<?xml version='1.0' encoding='utf-8'?>
<scene xmlns:sumo="https://www.sumochallenge.org"><version>2.0</version><categories><id>fb_categories_v1.0</id><url>https://sumochallenge.org/en/categories-1_0.json</url></categories><project_type>bounding_box</project_type><elements><element><id>5</id><category>armchair</category><bounds><corner1>-0.42518645, -0.55520826, -7.4685844 </corner1><corner2>0.42518645, 0.55520826, 7.4685844 </corner2></bounds><pose><translation>-0.38462202, -1.04655403,  3.08495591</translation><rotation><c1>1., 0., 0.</c1><c2>0., 1., 0.</c2><c3>0., 0., 1.</c3></rotation></pose><symmetry><x>none</x><y>none</y><z>none</z></symmetry><detectionScore>0.96681523</detectionScore></element><element><id>10</id><category>door</category><bounds><corner1>-0.43748092, -1.1881883 , -1.04450819</corner1><corner2>0.43748092, 1.1881883 , 1.04450819</corner2></bounds><pose><translation>-4.67239015, -0.54308165, -0.034361  </translation><rotation><c1>1., 0., 0.</c1><c2>0., 1., 0.</c2><c3>0., 0., 1.</c3></rotation></pose><symmetry><x>twoFold</x><y>twoFold</y><z>twoFold</z></symmetry><detectionScore>0.99984527</detectionScore></element><element><id>11</id><category>kitchen_cabinet</category><bounds><corner1>-1.15086486, -0.38634747, -0.59898308</corner1><corner2>1.15086486, 0.38634747, 0.59898308</corner2></bounds><pose><translation> 2.72881751, -0.94617886,  2.01130566</translation><rotation><c1>1., 0., 0.</c1><c2>0., 1., 0.</c2><c3>0., 0., 1.</c3></rotation></pose><symmetry><x>none</x><y>none</y><z>none</z></symmetry><detectionScore>0.61787164</detectionScore></element><element><id>4</id><category>wall</category><bounds><corner1>-5.06361387, -1.18065426, -0.32326374</corner1><corner2>5.06361387, 1.18065426, 0.32326374</corner2></bounds><pose><translation> 1.51440566, -0.16357544, 15.48849898</translation><rotation><c1>1., 0., 0.</c1><c2>0., 1., 0.</c2><c3>0., 0., 1.</c3></rotation></pose><symmetry><x>none</x><y>twoFold</y><z>none</z></symmetry><detectionScore>0.93218845</detectionScore></element><element><id>6</id><category>chair</category><bounds><corner1>-1.93140018, -0.22815915, -2.26034834</corner1><corner2>1.93140018, 0.22815915, 2.26034834</corner2></bounds><pose><translation> 5.01736863, -0.83543702,  5.28386184</translation><rotation><c1>1., 0., 0.</c1><c2>0., 1., 0.</c2><c3>0., 0., 1.</c3></rotation></pose><symmetry><x>none</x><y>none</y><z>none</z></symmetry><detectionScore>0.5185622</detectionScore></element><element><id>3</id><category>kitchen_cabinet</category><bounds><corner1>-0.31125511, -0.3903786 , -0.5710842 </corner1><corner2>0.31125511, 0.3903786 , 0.5710842 </corner2></bounds><pose><translation> 2.71679163, -0.95043592,  1.01012809</translation><rotation><c1>1., 0., 0.</c1><c2>0., 1., 0.</c2><c3>0., 0., 1.</c3></rotation></pose><symmetry><x>none</x><y>none</y><z>none</z></symmetry><detectionScore>0.8783147</detectionScore></element><element><id>12</id><category>wall</category><bounds><corner1>-0.45717287, -1.20313489, -2.28186633</corner1><corner2>0.45717287, 1.20313489, 2.28186633</corner2></bounds><pose><translation>-4.82129432, -0.10991009,  0.09849618</translation><rotation><c1>1., 0., 0.</c1><c2>0., 1., 0.</c2><c3>0., 0., 1.</c3></rotation></pose><symmetry><x>none</x><y>twoFold</y><z>none</z></symmetry><detectionScore>0.55304766</detectionScore></element><element><id>2</id><category>door</category><bounds><corner1>-2.55663885, -0.9638648 , -2.36166912</corner1><corner2>2.55663885, 0.9638648 , 2.36166912</corner2></bounds><pose><translation>-4.63127774, -0.33021694,  8.05885119</translation><rotation><c1>1., 0., 0.</c1><c2>0., 1., 0.</c2><c3>0., 0., 1.</c3></rotation></pose><symmetry><x>twoFold</x><y>twoFold</y><z>twoFold</z></symmetry><detectionScore>0.9904551</detectionScore></element><element><id>1</id><category>ironing_board</category><bounds><corner1>-0.89950782, -0.63107897, -0.47479697</corner1><corner2>0.89950782, 0.63107897, 0.47479697</corner2></bounds><pose><translation> 0.44063078, -1.29863331, -2.32284755</translation><rotation><c1>1., 0., 0.</c1><c2>0., 1., 0.</c2><c3>0., 0., 1.</c3></rotation></pose><symmetry><x>none</x><y>twoFold</y><z>none</z></symmetry><detectionScore>0.9909252</detectionScore></element><element><id>13</id><category>kitchen_cabinet</category><bounds><corner1>-2.99586681, -1.60536243, -1.21920763</corner1><corner2>2.99586681, 1.60536243, 1.21920763</corner2></bounds><pose><translation> 4.35305969, -0.4067434 , -0.06593746</translation><rotation><c1>1., 0., 0.</c1><c2>0., 1., 0.</c2><c3>0., 0., 1.</c3></rotation></pose><symmetry><x>none</x><y>none</y><z>none</z></symmetry><detectionScore>0.99245477</detectionScore></element><element><id>9</id><category>chair</category><bounds><corner1>-3.46703354, -0.35725017, -4.8776818 </corner1><corner2>3.46703354, 0.35725017, 4.8776818 </corner2></bounds><pose><translation> 3.83785873, -1.02523194,  5.48072601</translation><rotation><c1>1., 0., 0.</c1><c2>0., 1., 0.</c2><c3>0., 0., 1.</c3></rotation></pose><symmetry><x>none</x><y>none</y><z>none</z></symmetry><detectionScore>0.7462655</detectionScore></element><element><id>8</id><category>washer</category><bounds><corner1>-0.36805183, -0.41390574, -0.03496619</corner1><corner2>0.36805183, 0.41390574, 0.03496619</corner2></bounds><pose><translation>-0.98355651, -0.97832909, -1.79102368</translation><rotation><c1>1., 0., 0.</c1><c2>0., 1., 0.</c2><c3>0., 0., 1.</c3></rotation></pose><symmetry><x>none</x><y>none</y><z>none</z></symmetry><detectionScore>0.9973393</detectionScore></element><element><id>7</id><category>armchair</category><bounds><corner1>-0.87162712, -0.58301257, -6.65824603</corner1><corner2>0.87162712, 0.58301257, 6.65824603</corner2></bounds><pose><translation>-1.74297744, -1.11477335,  4.45939331</translation><rotation><c1>1., 0., 0.</c1><c2>0., 1., 0.</c2><c3>0., 0., 1.</c3></rotation></pose><symmetry><x>none</x><y>none</y><z>none</z></symmetry><detectionScore>0.81235135</detectionScore></element></elements></scene>