<?xml version='1.0' encoding='utf-8'?>
<scene xmlns:sumo="https://www.sumochallenge.org"><version>2.0</version><categories><id>fb_categories_v1.0</id><url>https://sumochallenge.org/en/categories-1_0.json</url></categories><project_type>bounding_box</project_type><elements><element><id>7</id><category>wall</category><bounds><corner1>-0.07982227, -1.21690261, -2.79368755</corner1><corner2>0.07982227, 1.21690261, 2.79368755</corner2></bounds><pose><translation> 3.44588493, -0.11108197, -0.01689435</translation><rotation><c1>1., 0., 0.</c1><c2>0., 1., 0.</c2><c3>0., 0., 1.</c3></rotation></pose><symmetry><x>none</x><y>none</y><z>none</z></symmetry><detectionScore>-1</detectionScore></element><element><id>5</id><category>floor_lamp</category><bounds><corner1>-1.30884397, -0.72512877, -1.41622432</corner1><corner2>1.30884397, 0.72512877, 1.41622432</corner2></bounds><pose><translation> 2.2069916 , -0.83810643,  1.58912306</translation><rotation><c1>1., 0., 0.</c1><c2>0., 1., 0.</c2><c3>0., 0., 1.</c3></rotation></pose><symmetry><x>none</x><y>none</y><z>none</z></symmetry><detectionScore>-1</detectionScore></element><element><id>3</id><category>coffee_table</category><bounds><corner1>-0.39690989, -0.02536257, -0.56419036</corner1><corner2>0.39690989, 0.02536257, 0.56419036</corner2></bounds><pose><translation>-1.73695509, -1.05568203, -0.62638416</translation><rotation><c1>1., 0., 0.</c1><c2>0., 1., 0.</c2><c3>0., 0., 1.</c3></rotation></pose><symmetry><x>none</x><y>none</y><z>none</z></symmetry><detectionScore>-1</detectionScore></element><element><id>9</id><category>window</category><bounds><corner1>-0.58838518, -1.10721721, -0.08406426</corner1><corner2>0.58838518, 1.10721721, 0.08406426</corner2></bounds><pose><translation> 1.67735082, -0.1792148 , -2.73213826</translation><rotation><c1>1., 0., 0.</c1><c2>0., 1., 0.</c2><c3>0., 0., 1.</c3></rotation></pose><symmetry><x>none</x><y>none</y><z>none</z></symmetry><detectionScore>-1</detectionScore></element><element><id>4</id><category>arch</category><bounds><corner1>-2.81862389, -1.20583396, -4.223527  </corner1><corner2>2.81862389, 1.20583396, 4.223527  </corner2></bounds><pose><translation>-8.27685986, -0.19739832,  8.87989021</translation><rotation><c1>1., 0., 0.</c1><c2>0., 1., 0.</c2><c3>0., 0., 1.</c3></rotation></pose><symmetry><x>none</x><y>none</y><z>none</z></symmetry><detectionScore>-1</detectionScore></element><element><id>2</id><category>wall</category><bounds><corner1>-0.35764397, -1.06420136, -5.96862454</corner1><corner2>0.35764397, 1.06420136, 5.96862454</corner2></bounds><pose><translation>-7.7712487 , -0.03732529,  2.1729529 </translation><rotation><c1>1., 0., 0.</c1><c2>0., 1., 0.</c2><c3>0., 0., 1.</c3></rotation></pose><symmetry><x>none</x><y>none</y><z>none</z></symmetry><detectionScore>-1</detectionScore></element><element><id>1</id><category>television</category><bounds><corner1>-0.09969543, -0.61651602, -1.26432904</corner1><corner2>0.09969543, 0.61651602, 1.26432904</corner2></bounds><pose><translation> 3.34901688, -0.12240897, -0.44348732</translation><rotation><c1>1., 0., 0.</c1><c2>0., 1., 0.</c2><c3>0., 0., 1.</c3></rotation></pose><symmetry><x>none</x><y>none</y><z>none</z></symmetry><detectionScore>-1</detectionScore></element><element><id>8</id><category>picture_frame</category><bounds><corner1>-6.37921189, -1.10001797, -2.05014383</corner1><corner2>6.37921189, 1.10001797, 2.05014383</corner2></bounds><pose><translation>-7.59218989,  0.06706713, -0.12721559</translation><rotation><c1>1., 0., 0.</c1><c2>0., 1., 0.</c2><c3>0., 0., 1.</c3></rotation></pose><symmetry><x>none</x><y>none</y><z>none</z></symmetry><detectionScore>-1</detectionScore></element></elements></scene>