<?xml version='1.0' encoding='utf-8'?>
<scene xmlns:sumo="https://www.sumochallenge.org"><version>2.0</version><categories><id>fb_categories_v1_0</id><url>https://sumochallenge.org/en/categories-1_0.json</url></categories><project_type>bounding_box</project_type><elements><element><id>0</id><category>wall</category><bounds><corner1>-9.854346971893172, -1.9622978338371448, -1.3669690327304849</corner1><corner2>9.854346971893172, 1.9622978338371448, 1.3669690327304849</corner2></bounds><pose><translation>-9.854346971893172, 1.0310053067553013, -0.12460326074753661</translation><rotation><c1>0, 0, 0</c1><c2>0, 0, 0</c2><c3>0, 0, 0</c3></rotation></pose><symmetry><x>twoFold</x><y>cylindrical</y><z>twoFold</z></symmetry><detectionScore>-1.0</detectionScore></element><element><id>1</id><category>stereo_set</category><bounds><corner1>-0.37659465667275616, -0.7486522576084211, -0.3377348160357063</corner1><corner2>0.37659465667275616, 0.7486522576084211, 0.3377348160357063</corner2></bounds><pose><translation>0.825754797200062, 2.0410977572228477, -0.9889117395335653</translation><rotation><c1>0, 0, 0</c1><c2>0, 0, 0</c2><c3>0, 0, 0</c3></rotation></pose><symmetry><x>twoFold</x><y>cylindrical</y><z>twoFold</z></symmetry><detectionScore>-1.0</detectionScore></element><element><id>2</id><category>curtain</category><bounds><corner1>-9.871643838537025, -1.1944071410522288, -1.379813372357556</corner1><corner2>9.871643838537025, 1.1944071410522288, 1.379813372357556</corner2></bounds><pose><translation>-9.871643838537025, 1.781384906758, -0.12479518041251585</translation><rotation><c1>0, 0, 0</c1><c2>0, 0, 0</c2><c3>0, 0, 0</c3></rotation></pose><symmetry><x>twoFold</x><y>cylindrical</y><z>twoFold</z></symmetry><detectionScore>-1.0</detectionScore></element><element><id>3</id><category>wall</category><bounds><corner1>-2.716445703817197, -2.329460149847252, -1.4265478344487048</corner1><corner2>2.716445703817197, 2.329460149847252, 1.4265478344487048</corner2></bounds><pose><translation>-5.428013605075325, -2.927614142321252, -0.1135573541431956</translation><rotation><c1>0, 0, 0</c1><c2>0, 0, 0</c2><c3>0, 0, 0</c3></rotation></pose><symmetry><x>twoFold</x><y>cylindrical</y><z>twoFold</z></symmetry><detectionScore>-1.0</detectionScore></element><element><id>4</id><category>window</category><bounds><corner1>-0.05849806844725869, -0.6076012716734513, -1.4188506692668545</corner1><corner2>0.05849806844725869, 0.6076012716734513, 1.4188506692668545</corner2></bounds><pose><translation>1.215792887963595, -2.3313557154889857, 0.0461747501907077</translation><rotation><c1>0, 0, 0</c1><c2>0, 0, 0</c2><c3>0, 0, 0</c3></rotation></pose><symmetry><x>twoFold</x><y>cylindrical</y><z>twoFold</z></symmetry><detectionScore>-1.0</detectionScore></element><element><id>5</id><category>sofa</category><bounds><corner1>-2.100619973192221, -1.3902046014116558, -0.3670468168509503</corner1><corner2>2.100619973192221, 1.3902046014116558, 0.3670468168509503</corner2></bounds><pose><translation>-4.509878768693888, -1.5228392148480616, -0.8422913781723044</translation><rotation><c1>0, 0, 0</c1><c2>0, 0, 0</c2><c3>0, 0, 0</c3></rotation></pose><symmetry><x>twoFold</x><y>cylindrical</y><z>twoFold</z></symmetry><detectionScore>-1.0</detectionScore></element><element><id>6</id><category>door</category><bounds><corner1>-9.859037974692283, -1.0895582582709604, -1.4227219250921712</corner1><corner2>9.859037974692283, 1.0895582582709604, 1.4227219250921712</corner2></bounds><pose><translation>-9.859037974692283, 1.944614905463514, -0.16410662804215903</translation><rotation><c1>0, 0, 0</c1><c2>0, 0, 0</c2><c3>0, 0, 0</c3></rotation></pose><symmetry><x>twoFold</x><y>cylindrical</y><z>twoFold</z></symmetry><detectionScore>-1.0</detectionScore></element><element><id>7</id><category>loudspeaker</category><bounds><corner1>-0.37878314153222303, -0.6882338754103308, -0.435250994143605</corner1><corner2>0.37878314153222303, 0.6882338754103308, 0.435250994143605</corner2></bounds><pose><translation>0.774750229213279, 2.5924539823645443, -1.0133018156863411</translation><rotation><c1>0, 0, 0</c1><c2>0, 0, 0</c2><c3>0, 0, 0</c3></rotation></pose><symmetry><x>twoFold</x><y>cylindrical</y><z>twoFold</z></symmetry><detectionScore>-1.0</detectionScore></element><element><id>8</id><category>wall</category><bounds><corner1>-3.217616071249418, -0.902999273429892, -1.2932083551072486</corner1><corner2>3.217616071249418, 0.902999273429892, 1.2932083551072486</corner2></bounds><pose><translation>-6.417312728374849, 3.031183873400918, 0.009344868426854074</translation><rotation><c1>0, 0, 0</c1><c2>0, 0, 0</c2><c3>0, 0, 0</c3></rotation></pose><symmetry><x>twoFold</x><y>cylindrical</y><z>twoFold</z></symmetry><detectionScore>-1.0</detectionScore></element><element><id>9</id><category>tv_stand</category><bounds><corner1>-0.35368405246125467, -0.9981667828716976, -0.3775873167747368</corner1><corner2>0.35368405246125467, 0.9981667828716976, 0.3775873167747368</corner2></bounds><pose><translation>0.8246254638486207, 1.770318274771784, -1.026665990811642</translation><rotation><c1>0, 0, 0</c1><c2>0, 0, 0</c2><c3>0, 0, 0</c3></rotation></pose><symmetry><x>twoFold</x><y>cylindrical</y><z>twoFold</z></symmetry><detectionScore>-1.0</detectionScore></element><element><id>10</id><category>door</category><bounds><corner1>-3.574311516348078, -0.9216743054761656, -1.4144182782519563</corner1><corner2>3.574311516348078, 0.9216743054761656, 1.4144182782519563</corner2></bounds><pose><translation>-6.795287652731484, 3.0313849576371323, -0.12857335927378472</translation><rotation><c1>0, 0, 0</c1><c2>0, 0, 0</c2><c3>0, 0, 0</c3></rotation></pose><symmetry><x>twoFold</x><y>cylindrical</y><z>twoFold</z></symmetry><detectionScore>-1.0</detectionScore></element><element><id>11</id><category>loudspeaker</category><bounds><corner1>-0.3276869083019611, -0.8390030839616704, -0.245071281089154</corner1><corner2>0.3276869083019611, 0.8390030839616704, 0.245071281089154</corner2></bounds><pose><translation>0.968193007197542, 1.3405726296334284, -0.8136009341730294</translation><rotation><c1>0, 0, 0</c1><c2>0, 0, 0</c2><c3>0, 0, 0</c3></rotation></pose><symmetry><x>twoFold</x><y>cylindrical</y><z>twoFold</z></symmetry><detectionScore>-1.0</detectionScore></element><element><id>12</id><category>loudspeaker</category><bounds><corner1>-0.3728829964985545, -0.9456740362269089, -0.3514227338676199</corner1><corner2>0.3728829964985545, 0.9456740362269089, 0.3514227338676199</corner2></bounds><pose><translation>0.8277152890126209, 1.806520667264138, -1.001547311093938</translation><rotation><c1>0, 0, 0</c1><c2>0, 0, 0</c2><c3>0, 0, 0</c3></rotation></pose><symmetry><x>twoFold</x><y>cylindrical</y><z>twoFold</z></symmetry><detectionScore>-1.0</detectionScore></element><element><id>13</id><category>wall</category><bounds><corner1>-0.8917598614556792, -5.888537547969657, -1.0925585641977313</corner1><corner2>0.8917598614556792, 5.888537547969657, 1.0925585641977313</corner2></bounds><pose><translation>-4.605566940744801, 3.139144569845761, -0.034560267987155446</translation><rotation><c1>0, 0, 0</c1><c2>0, 0, 0</c2><c3>0, 0, 0</c3></rotation></pose><symmetry><x>twoFold</x><y>cylindrical</y><z>twoFold</z></symmetry><detectionScore>-1.0</detectionScore></element><element><id>14</id><category>wall</category><bounds><corner1>-2.7211577979909656, -1.158254655274011, -1.3694533736287244</corner1><corner2>2.7211577979909656, 1.158254655274011, 1.3694533736287244</corner2></bounds><pose><translation>-7.388959565735602, -1.6163760256142812, -0.09313314456362429</translation><rotation><c1>0, 0, 0</c1><c2>0, 0, 0</c2><c3>0, 0, 0</c3></rotation></pose><symmetry><x>twoFold</x><y>cylindrical</y><z>twoFold</z></symmetry><detectionScore>-1.0</detectionScore></element></elements></scene>