<?xml version='1.0' encoding='utf-8'?>
<scene xmlns:sumo="https://www.sumochallenge.org"><version>2.0</version><categories><id>fb_categories_v1.0</id><url>https://sumochallenge.org/en/categories-1_0.json</url></categories><project_type>bounding_box</project_type><elements><element><id>4</id><category>wall</category><bounds><corner1>-1.33171547, -1.21144291, -2.68962497</corner1><corner2>1.33171547, 1.21144291, 2.68962497</corner2></bounds><pose><translation>-4.08382717, -0.08525672,  0.1421303 </translation><rotation><c1>1., 0., 0.</c1><c2>0., 1., 0.</c2><c3>0., 0., 1.</c3></rotation></pose><symmetry><x>none</x><y>twoFold</y><z>none</z></symmetry><detectionScore>0.9955189</detectionScore></element><element><id>1</id><category>plant</category><bounds><corner1>-0.18915154, -0.70783048, -0.4922558 </corner1><corner2>0.18915154, 0.70783048, 0.4922558 </corner2></bounds><pose><translation> 1.15968501, -0.8352134 , -2.39615361</translation><rotation><c1>1., 0., 0.</c1><c2>0., 1., 0.</c2><c3>0., 0., 1.</c3></rotation></pose><symmetry><x>none</x><y>cylindrical</y><z>none</z></symmetry><detectionScore>0.99759287</detectionScore></element><element><id>5</id><category>stand</category><bounds><corner1>-0.5868684 , -0.06019404, -1.16282043</corner1><corner2>0.5868684 , 0.06019404, 1.16282043</corner2></bounds><pose><translation>-2.60289913, -0.86261383,  1.31172768</translation><rotation><c1>1., 0., 0.</c1><c2>0., 1., 0.</c2><c3>0., 0., 1.</c3></rotation></pose><symmetry><x>none</x><y>none</y><z>none</z></symmetry><detectionScore>0.8596363</detectionScore></element><element><id>3</id><category>double_bed</category><bounds><corner1>-0.12280586, -0.43798644, -2.04699438</corner1><corner2>0.12280586, 0.43798644, 2.04699438</corner2></bounds><pose><translation>-2.03387608, -0.95114395,  0.64114574</translation><rotation><c1>1., 0., 0.</c1><c2>0., 1., 0.</c2><c3>0., 0., 1.</c3></rotation></pose><symmetry><x>none</x><y>none</y><z>none</z></symmetry><detectionScore>0.9972608</detectionScore></element><element><id>2</id><category>dressing_table</category><bounds><corner1>-0.73666059, -0.75168364, -0.39913197</corner1><corner2>0.73666059, 0.75168364, 0.39913197</corner2></bounds><pose><translation>-0.41211528, -0.83657334, -2.63101851</translation><rotation><c1>1., 0., 0.</c1><c2>0., 1., 0.</c2><c3>0., 0., 1.</c3></rotation></pose><symmetry><x>none</x><y>none</y><z>none</z></symmetry><detectionScore>0.95194113</detectionScore></element><element><id>7</id><category>sofa</category><bounds><corner1>-0.76576359, -0.37142089, -1.09381253</corner1><corner2>0.76576359, 0.37142089, 1.09381253</corner2></bounds><pose><translation> 0.56517847, -1.03783119,  1.92509529</translation><rotation><c1>1., 0., 0.</c1><c2>0., 1., 0.</c2><c3>0., 0., 1.</c3></rotation></pose><symmetry><x>none</x><y>none</y><z>none</z></symmetry><detectionScore>0.9952603</detectionScore></element><element><id>8</id><category>door</category><bounds><corner1>-0.47661145, -1.03955015, -0.31102535</corner1><corner2>0.47661145, 1.03955015, 0.31102535</corner2></bounds><pose><translation>-1.48964101, -0.32270529, -2.48013666</translation><rotation><c1>1., 0., 0.</c1><c2>0., 1., 0.</c2><c3>0., 0., 1.</c3></rotation></pose><symmetry><x>twoFold</x><y>twoFold</y><z>twoFold</z></symmetry><detectionScore>0.9883739</detectionScore></element><element><id>6</id><category>plant</category><bounds><corner1>-0.4503437 , -0.64910008, -0.12713829</corner1><corner2>0.4503437 , 0.64910008, 0.12713829</corner2></bounds><pose><translation>-0.97371319, -0.7227915 ,  2.93214001</translation><rotation><c1>1., 0., 0.</c1><c2>0., 1., 0.</c2><c3>0., 0., 1.</c3></rotation></pose><symmetry><x>none</x><y>cylindrical</y><z>none</z></symmetry><detectionScore>0.98974633</detectionScore></element></elements></scene>