<?xml version='1.0' encoding='utf-8'?>
<scene xmlns:sumo="https://www.sumochallenge.org"><version>2.0</version><categories><id>fb_categories_v1.0</id><url>https://sumochallenge.org/en/categories-1_0.json</url></categories><project_type>bounding_box</project_type><elements><element><id>7</id><category>plant</category><bounds><corner1>-0.23706132, -0.33500605, -0.34746636</corner1><corner2>0.23706132, 0.33500605, 0.34746636</corner2></bounds><pose><translation> 2.32311406, -1.21009298,  1.49713719</translation><rotation><c1>1., 0., 0.</c1><c2>0., 1., 0.</c2><c3>0., 0., 1.</c3></rotation></pose><symmetry><x>none</x><y>none</y><z>none</z></symmetry><detectionScore>-1</detectionScore></element><element><id>9</id><category>fireplace</category><bounds><corner1>-0.4660365 , -0.52860634, -0.14698521</corner1><corner2>0.4660365 , 0.52860634, 0.14698521</corner2></bounds><pose><translation> 1.57113019, -0.98391282, -2.31497634</translation><rotation><c1>1., 0., 0.</c1><c2>0., 1., 0.</c2><c3>0., 0., 1.</c3></rotation></pose><symmetry><x>none</x><y>none</y><z>none</z></symmetry><detectionScore>-1</detectionScore></element><element><id>5</id><category>armchair</category><bounds><corner1>-0.34943428, -0.30296746, -1.13425671</corner1><corner2>0.34943428, 0.30296746, 1.13425671</corner2></bounds><pose><translation>-1.2521077 , -1.02938305,  2.89712673</translation><rotation><c1>1., 0., 0.</c1><c2>0., 1., 0.</c2><c3>0., 0., 1.</c3></rotation></pose><symmetry><x>none</x><y>none</y><z>none</z></symmetry><detectionScore>-1</detectionScore></element><element><id>4</id><category>wall</category><bounds><corner1>-1.84372919, -1.118448  , -0.04714134</corner1><corner2>1.84372919, 1.118448  , 0.04714134</corner2></bounds><pose><translation> 0.09784388, -0.10986441, -2.20811271</translation><rotation><c1>1., 0., 0.</c1><c2>0., 1., 0.</c2><c3>0., 0., 1.</c3></rotation></pose><symmetry><x>none</x><y>none</y><z>none</z></symmetry><detectionScore>-1</detectionScore></element><element><id>11</id><category>window</category><bounds><corner1>-0.0477701 , -1.17349653, -1.23676638</corner1><corner2>0.0477701 , 1.17349653, 1.23676638</corner2></bounds><pose><translation> 2.5310923 , -0.14155033, -0.40833422</translation><rotation><c1>1., 0., 0.</c1><c2>0., 1., 0.</c2><c3>0., 0., 1.</c3></rotation></pose><symmetry><x>none</x><y>none</y><z>none</z></symmetry><detectionScore>-1</detectionScore></element><element><id>10</id><category>television</category><bounds><corner1>-0.53476439, -0.33655726, -0.04198641</corner1><corner2>0.53476439, 0.33655726, 0.04198641</corner2></bounds><pose><translation> 1.53123457,  0.1976802 , -2.48012586</translation><rotation><c1>1., 0., 0.</c1><c2>0., 1., 0.</c2><c3>0., 0., 1.</c3></rotation></pose><symmetry><x>none</x><y>none</y><z>none</z></symmetry><detectionScore>-1</detectionScore></element><element><id>6</id><category>door</category><bounds><corner1>-0.23511484, -1.32739601, -0.51758099</corner1><corner2>0.23511484, 1.32739601, 0.51758099</corner2></bounds><pose><translation>-2.38109402, -0.13236435,  0.29178658</translation><rotation><c1>1., 0., 0.</c1><c2>0., 1., 0.</c2><c3>0., 0., 1.</c3></rotation></pose><symmetry><x>none</x><y>none</y><z>none</z></symmetry><detectionScore>-1</detectionScore></element><element><id>3</id><category>wall</category><bounds><corner1>-2.14074938, -1.20356487, -0.07723121</corner1><corner2>2.14074938, 1.20356487, 0.07723121</corner2></bounds><pose><translation> 0.13346105, -0.07318339,  3.99689529</translation><rotation><c1>1., 0., 0.</c1><c2>0., 1., 0.</c2><c3>0., 0., 1.</c3></rotation></pose><symmetry><x>none</x><y>none</y><z>none</z></symmetry><detectionScore>-1</detectionScore></element><element><id>2</id><category>shelving</category><bounds><corner1>-0.53554428, -0.88108484, -1.10677945</corner1><corner2>0.53554428, 0.88108484, 1.10677945</corner2></bounds><pose><translation>-2.10131889, -0.35444262,  2.90711341</translation><rotation><c1>1., 0., 0.</c1><c2>0., 1., 0.</c2><c3>0., 0., 1.</c3></rotation></pose><symmetry><x>none</x><y>none</y><z>none</z></symmetry><detectionScore>-1</detectionScore></element><element><id>12</id><category>door</category><bounds><corner1>-0.46027936, -0.90750212, -0.05401064</corner1><corner2>0.46027936, 0.90750212, 0.05401064</corner2></bounds><pose><translation>-1.3610198 , -0.37957113, -2.21894171</translation><rotation><c1>1., 0., 0.</c1><c2>0., 1., 0.</c2><c3>0., 0., 1.</c3></rotation></pose><symmetry><x>none</x><y>none</y><z>none</z></symmetry><detectionScore>-1</detectionScore></element><element><id>8</id><category>loudspeaker</category><bounds><corner1>-0.24532761, -0.58325456, -0.05884938</corner1><corner2>0.24532761, 0.58325456, 0.05884938</corner2></bounds><pose><translation> 0.80827804, -0.86603468, -2.22787923</translation><rotation><c1>1., 0., 0.</c1><c2>0., 1., 0.</c2><c3>0., 0., 1.</c3></rotation></pose><symmetry><x>none</x><y>none</y><z>none</z></symmetry><detectionScore>-1</detectionScore></element><element><id>1</id><category>books</category><bounds><corner1>-0.20000334, -0.19604942, -0.32607926</corner1><corner2>0.20000334, 0.19604942, 0.32607926</corner2></bounds><pose><translation>2.32619504, 0.56856744, 2.99793933</translation><rotation><c1>1., 0., 0.</c1><c2>0., 1., 0.</c2><c3>0., 0., 1.</c3></rotation></pose><symmetry><x>none</x><y>none</y><z>none</z></symmetry><detectionScore>-1</detectionScore></element></elements></scene>