<?xml version='1.0' encoding='utf-8'?>
<scene xmlns:sumo="https://www.sumochallenge.org"><version>2.0</version><categories><id>fb_categories_v1_0</id><url>https://sumochallenge.org/en/categories-1_0.json</url></categories><project_type>bounding_box</project_type><elements><element><id>0</id><category>desk</category><bounds><corner1>-4.370624397100805, -0.2927006963325909, -3.716196280246481</corner1><corner2>4.370624397100805, 0.2927006963325909, 3.716196280246481</corner2></bounds><pose><translation>2.3794910949259283, -0.796988552876388, 1.4691894249776432</translation><rotation><c1>1, 0, 0</c1><c2>0, 1, 0</c2><c3>0, 0, 1</c3></rotation></pose><symmetry><x>twoFold</x><y>cylindrical</y><z>twoFold</z></symmetry><detectionScore>-1.0</detectionScore></element><element><id>1</id><category>partition</category><bounds><corner1>-3.0532472320508104, -1.5211200745047915, -4.3734461418375625</corner1><corner2>3.0532472320508104, 1.5211200745047915, 4.3734461418375625</corner2></bounds><pose><translation>1.004896123654244, -0.22273224022824747, 3.7274982532990117</translation><rotation><c1>1, 0, 0</c1><c2>0, 1, 0</c2><c3>0, 0, 1</c3></rotation></pose><symmetry><x>twoFold</x><y>cylindrical</y><z>twoFold</z></symmetry><detectionScore>-1.0</detectionScore></element><element><id>2</id><category>wall</category><bounds><corner1>-0.3852151724158207, -1.5936276257824278, -0.16736627830735573</corner1><corner2>0.3852151724158207, 1.5936276257824278, 0.16736627830735573</corner2></bounds><pose><translation>0.49016294438250874, -0.19338371898615056, 3.6736506568289284</translation><rotation><c1>1, 0, 0</c1><c2>0, 1, 0</c2><c3>0, 0, 1</c3></rotation></pose><symmetry><x>twoFold</x><y>cylindrical</y><z>twoFold</z></symmetry><detectionScore>-1.0</detectionScore></element><element><id>3</id><category>chair</category><bounds><corner1>-3.6627513399360123, -1.1653293512650262, -0.5111968269022809</corner1><corner2>3.6627513399360123, 1.1653293512650262, 0.5111968269022809</corner2></bounds><pose><translation>2.263023617400479, -1.673437083585988, -0.8170127408112381</translation><rotation><c1>1, 0, 0</c1><c2>0, 1, 0</c2><c3>0, 0, 1</c3></rotation></pose><symmetry><x>twoFold</x><y>cylindrical</y><z>twoFold</z></symmetry><detectionScore>-1.0</detectionScore></element><element><id>4</id><category>wall</category><bounds><corner1>-0.16650419879510991, -1.4670026269254117, -2.889287692892813</corner1><corner2>0.16650419879510991, 1.4670026269254117, 2.889287692892813</corner2></bounds><pose><translation>6.616780809845692, -0.15939845591686502, 0.66401543440798</translation><rotation><c1>1, 0, 0</c1><c2>0, 1, 0</c2><c3>0, 0, 1</c3></rotation></pose><symmetry><x>twoFold</x><y>cylindrical</y><z>twoFold</z></symmetry><detectionScore>-1.0</detectionScore></element><element><id>5</id><category>kitchen_cabinet</category><bounds><corner1>-0.0908220532488826, -0.2696927332853132, -0.84495949613368</corner1><corner2>0.0908220532488826, 0.2696927332853132, 0.84495949613368</corner2></bounds><pose><translation>-1.83179762439408, -1.0649981173015044, 0.7271950777886323</translation><rotation><c1>1, 0, 0</c1><c2>0, 1, 0</c2><c3>0, 0, 1</c3></rotation></pose><symmetry><x>twoFold</x><y>cylindrical</y><z>twoFold</z></symmetry><detectionScore>-1.0</detectionScore></element><element><id>6</id><category>chair</category><bounds><corner1>-3.877939342386131, -0.052023472946149174, -0.8706702703676844</corner1><corner2>3.877939342386131, 0.052023472946149174, 0.8706702703676844</corner2></bounds><pose><translation>1.668534301290522, -0.5599173167696897, 0.7665190860816634</translation><rotation><c1>1, 0, 0</c1><c2>0, 1, 0</c2><c3>0, 0, 1</c3></rotation></pose><symmetry><x>twoFold</x><y>cylindrical</y><z>twoFold</z></symmetry><detectionScore>-1.0</detectionScore></element><element><id>7</id><category>chair</category><bounds><corner1>-2.0586297443897723, -1.019763059644425, -1.1106592215686772</corner1><corner2>2.0586297443897723, 1.019763059644425, 1.1106592215686772</corner2></bounds><pose><translation>2.247922912977082, -1.524050916188222, 0.9841827743983348</translation><rotation><c1>1, 0, 0</c1><c2>0, 1, 0</c2><c3>0, 0, 1</c3></rotation></pose><symmetry><x>twoFold</x><y>cylindrical</y><z>twoFold</z></symmetry><detectionScore>-1.0</detectionScore></element><element><id>8</id><category>column</category><bounds><corner1>-0.5257667957205558, -1.6681946783372936, -0.19915207741546825</corner1><corner2>0.5257667957205558, 1.6681946783372936, 0.19915207741546825</corner2></bounds><pose><translation>0.741216720403387, -0.15324372553205456, -2.055927469741856</translation><rotation><c1>1, 0, 0</c1><c2>0, 1, 0</c2><c3>0, 0, 1</c3></rotation></pose><symmetry><x>twoFold</x><y>cylindrical</y><z>twoFold</z></symmetry><detectionScore>-1.0</detectionScore></element><element><id>9</id><category>armchair</category><bounds><corner1>-4.29821270788549, -0.7606482084219022, -3.8546215528097747</corner1><corner2>4.29821270788549, 0.7606482084219022, 3.8546215528097747</corner2></bounds><pose><translation>2.3809850250572837, -1.2649360649656993, 1.3327966896938825</translation><rotation><c1>1, 0, 0</c1><c2>0, 1, 0</c2><c3>0, 0, 1</c3></rotation></pose><symmetry><x>twoFold</x><y>cylindrical</y><z>twoFold</z></symmetry><detectionScore>-1.0</detectionScore></element><element><id>10</id><category>wall</category><bounds><corner1>-5.503204747561677, -1.3701291575823202, -4.321394862920141</corner1><corner2>5.503204747561677, 1.3701291575823202, 4.321394862920141</corner2></bounds><pose><translation>0.6908975930805705, -0.11414268375472983, 3.779549532216433</translation><rotation><c1>1, 0, 0</c1><c2>0, 1, 0</c2><c3>0, 0, 1</c3></rotation></pose><symmetry><x>twoFold</x><y>cylindrical</y><z>twoFold</z></symmetry><detectionScore>-1.0</detectionScore></element><element><id>11</id><category>wall</category><bounds><corner1>-0.516844386652545, -1.6779524724455739, -1.3104190926939174</corner1><corner2>0.516844386652545, 1.6779524724455739, 1.3104190926939174</corner2></bounds><pose><translation>-2.891540077522653, -0.28708515171105914, -2.0841577189458405</translation><rotation><c1>1, 0, 0</c1><c2>0, 1, 0</c2><c3>0, 0, 1</c3></rotation></pose><symmetry><x>twoFold</x><y>cylindrical</y><z>twoFold</z></symmetry><detectionScore>-1.0</detectionScore></element><element><id>12</id><category>window</category><bounds><corner1>-1.2623048633711071, -0.8732517785878405, -0.09912916597046806</corner1><corner2>1.2623048633711071, 0.8732517785878405, 0.09912916597046806</corner2></bounds><pose><translation>-0.8244091776218104, 0.07692457652714513, 3.7420407623549314</translation><rotation><c1>1, 0, 0</c1><c2>0, 1, 0</c2><c3>0, 0, 1</c3></rotation></pose><symmetry><x>twoFold</x><y>cylindrical</y><z>twoFold</z></symmetry><detectionScore>-1.0</detectionScore></element><element><id>13</id><category>partition</category><bounds><corner1>-2.8192469051556075, -1.5277277934166784, -0.28860231654796564</corner1><corner2>2.8192469051556075, 1.5277277934166784, 0.28860231654796564</corner2></bounds><pose><translation>3.785383688730026, -0.23909105634462427, 7.812342078588609</translation><rotation><c1>1, 0, 0</c1><c2>0, 1, 0</c2><c3>0, 0, 1</c3></rotation></pose><symmetry><x>twoFold</x><y>cylindrical</y><z>twoFold</z></symmetry><detectionScore>-1.0</detectionScore></element><element><id>14</id><category>stairs</category><bounds><corner1>-2.0285002756217807, -0.977823864702541, -2.7390620445285254</corner1><corner2>2.0285002756217807, 0.977823864702541, 2.7390620445285254</corner2></bounds><pose><translation>4.754784733019021, 0.4778097002606528, -0.07123505876984204</translation><rotation><c1>1, 0, 0</c1><c2>0, 1, 0</c2><c3>0, 0, 1</c3></rotation></pose><symmetry><x>twoFold</x><y>cylindrical</y><z>twoFold</z></symmetry><detectionScore>-1.0</detectionScore></element><element><id>15</id><category>dining_table</category><bounds><corner1>-3.9374106044687487, -0.0681550931058601, -3.0236741972670544</corner1><corner2>3.9374106044687487, 0.0681550931058601, 3.0236741972670544</corner2></bounds><pose><translation>1.7482517739732888, -0.5737617845901594, 0.8251099308308879</translation><rotation><c1>1, 0, 0</c1><c2>0, 1, 0</c2><c3>0, 0, 1</c3></rotation></pose><symmetry><x>twoFold</x><y>cylindrical</y><z>twoFold</z></symmetry><detectionScore>-1.0</detectionScore></element><element><id>16</id><category>kitchen_cabinet</category><bounds><corner1>-0.07174091971289731, -0.3242532753635924, -0.32130349880936426</corner1><corner2>0.07174091971289731, 0.3242532753635924, 0.32130349880936426</corner2></bounds><pose><translation>-1.8311327440892922, -1.027180922632759, -0.15069792379176314</translation><rotation><c1>1, 0, 0</c1><c2>0, 1, 0</c2><c3>0, 0, 1</c3></rotation></pose><symmetry><x>twoFold</x><y>cylindrical</y><z>twoFold</z></symmetry><detectionScore>-1.0</detectionScore></element><element><id>17</id><category>stand</category><bounds><corner1>-0.081926167452955, -0.4318906641346085, -0.32793105034994874</corner1><corner2>0.081926167452955, 0.4318906641346085, 0.32793105034994874</corner2></bounds><pose><translation>-1.83648352883698, -0.9998103849941667, -0.1566999905612306</translation><rotation><c1>1, 0, 0</c1><c2>0, 1, 0</c2><c3>0, 0, 1</c3></rotation></pose><symmetry><x>twoFold</x><y>cylindrical</y><z>twoFold</z></symmetry><detectionScore>-1.0</detectionScore></element><element><id>18</id><category>partition</category><bounds><corner1>-0.8737616804413255, -1.160124474850853, -0.2503507985185003</corner1><corner2>0.8737616804413255, 1.160124474850853, 0.2503507985185003</corner2></bounds><pose><translation>3.8381117365700517, -0.27065794827668554, 7.8355766367629585</translation><rotation><c1>1, 0, 0</c1><c2>0, 1, 0</c2><c3>0, 0, 1</c3></rotation></pose><symmetry><x>twoFold</x><y>cylindrical</y><z>twoFold</z></symmetry><detectionScore>-1.0</detectionScore></element><element><id>19</id><category>dining_table</category><bounds><corner1>-3.0211051385388488, -0.37216328055769676, -0.6516433441333107</corner1><corner2>3.0211051385388488, 0.37216328055769676, 0.6516433441333107</corner2></bounds><pose><translation>3.75466006534339, -0.8644665023696542, -0.7436739219132177</translation><rotation><c1>1, 0, 0</c1><c2>0, 1, 0</c2><c3>0, 0, 1</c3></rotation></pose><symmetry><x>twoFold</x><y>cylindrical</y><z>twoFold</z></symmetry><detectionScore>-1.0</detectionScore></element><element><id>20</id><category>wall</category><bounds><corner1>-0.7626068729822049, -1.545440389013126, -0.43179827031637935</corner1><corner2>0.7626068729822049, 1.545440389013126, 0.43179827031637935</corner2></bounds><pose><translation>-2.5415879899894662, -0.0780381032833932, -0.5666662993785037</translation><rotation><c1>1, 0, 0</c1><c2>0, 1, 0</c2><c3>0, 0, 1</c3></rotation></pose><symmetry><x>twoFold</x><y>cylindrical</y><z>twoFold</z></symmetry><detectionScore>-1.0</detectionScore></element><element><id>21</id><category>dining_table</category><bounds><corner1>-4.082565839615405, -0.6591244474570885, -4.25796114009489</corner1><corner2>4.082565839615405, 0.6591244474570885, 4.25796114009489</corner2></bounds><pose><translation>2.6643317374210715, -1.1634123040008857, 1.361057723083063</translation><rotation><c1>1, 0, 0</c1><c2>0, 1, 0</c2><c3>0, 0, 1</c3></rotation></pose><symmetry><x>twoFold</x><y>cylindrical</y><z>twoFold</z></symmetry><detectionScore>-1.0</detectionScore></element><element><id>22</id><category>wall</category><bounds><corner1>-1.6312305057996712, -1.5732614287544255, -0.16315147459866708</corner1><corner2>1.6312305057996712, 1.5732614287544255, 0.16315147459866708</corner2></bounds><pose><translation>-0.8067036957273861, -0.17714779242000306, 3.6780184537267324</translation><rotation><c1>1, 0, 0</c1><c2>0, 1, 0</c2><c3>0, 0, 1</c3></rotation></pose><symmetry><x>twoFold</x><y>cylindrical</y><z>twoFold</z></symmetry><detectionScore>-1.0</detectionScore></element><element><id>23</id><category>column</category><bounds><corner1>-1.8985169900726482, -1.5269819378947769, -4.845767085527479</corner1><corner2>1.8985169900726482, 1.5269819378947769, 4.845767085527479</corner2></bounds><pose><translation>0.8124638248441997, -0.11160363867529068, 3.255177309609095</translation><rotation><c1>1, 0, 0</c1><c2>0, 1, 0</c2><c3>0, 0, 1</c3></rotation></pose><symmetry><x>twoFold</x><y>cylindrical</y><z>twoFold</z></symmetry><detectionScore>-1.0</detectionScore></element><element><id>24</id><category>kitchen_cabinet</category><bounds><corner1>-0.9691243921596244, -0.5788348268656468, -1.008820080715949</corner1><corner2>0.9691243921596244, 0.5788348268656468, 1.008820080715949</corner2></bounds><pose><translation>-1.6413444023516066, -1.1273972643558632, 2.7376041335339516</translation><rotation><c1>1, 0, 0</c1><c2>0, 1, 0</c2><c3>0, 0, 1</c3></rotation></pose><symmetry><x>twoFold</x><y>cylindrical</y><z>twoFold</z></symmetry><detectionScore>-1.0</detectionScore></element><element><id>25</id><category>door</category><bounds><corner1>-0.31332689812966885, -1.7015662311017574, -1.28448770990074</corner1><corner2>0.31332689812966885, 1.7015662311017574, 1.28448770990074</corner2></bounds><pose><translation>-2.613273173548785, -0.6344773946557228, -1.997563405554393</translation><rotation><c1>1, 0, 0</c1><c2>0, 1, 0</c2><c3>0, 0, 1</c3></rotation></pose><symmetry><x>twoFold</x><y>cylindrical</y><z>twoFold</z></symmetry><detectionScore>-1.0</detectionScore></element><element><id>26</id><category>partition</category><bounds><corner1>-0.9704506636572363, -0.5052532309409903, -0.467312608065102</corner1><corner2>0.9704506636572363, 0.5052532309409903, 0.467312608065102</corner2></bounds><pose><translation>4.175205773814484, 0.7840167095279384, 7.604483169386532</translation><rotation><c1>1, 0, 0</c1><c2>0, 1, 0</c2><c3>0, 0, 1</c3></rotation></pose><symmetry><x>twoFold</x><y>cylindrical</y><z>twoFold</z></symmetry><detectionScore>-1.0</detectionScore></element><element><id>27</id><category>armchair</category><bounds><corner1>-3.6243038389421183, -0.29302720762826673, -3.3294931059891804</corner1><corner2>3.6243038389421183, 0.29302720762826673, 3.3294931059891804</corner2></bounds><pose><translation>3.102502346805459, -0.798633899112566, 1.7054878882228826</translation><rotation><c1>1, 0, 0</c1><c2>0, 1, 0</c2><c3>0, 0, 1</c3></rotation></pose><symmetry><x>twoFold</x><y>cylindrical</y><z>twoFold</z></symmetry><detectionScore>-1.0</detectionScore></element><element><id>28</id><category>armchair</category><bounds><corner1>-2.9011691912229063, -0.6204548304487408, -1.7551180517241702</corner1><corner2>2.9011691912229063, 0.6204548304487408, 1.7551180517241702</corner2></bounds><pose><translation>3.8778538007816, -1.127719697369744, 0.7294000806604023</translation><rotation><c1>1, 0, 0</c1><c2>0, 1, 0</c2><c3>0, 0, 1</c3></rotation></pose><symmetry><x>twoFold</x><y>cylindrical</y><z>twoFold</z></symmetry><detectionScore>-1.0</detectionScore></element></elements></scene>