<?xml version='1.0' encoding='utf-8'?>
<scene xmlns:sumo="https://www.sumochallenge.org"><version>2.0</version><categories><id>fb_categories_v1.0</id><url>https://sumochallenge.org/en/categories-1_0.json</url></categories><project_type>bounding_box</project_type><elements><element><id>3</id><category>door</category><bounds><corner1>-5.1350248 , -1.25101398, -0.80267473</corner1><corner2>5.1350248 , 1.25101398, 0.80267473</corner2></bounds><pose><translation> 4.23272085, -0.33089384, -1.55370575</translation><rotation><c1>1., 0., 0.</c1><c2>0., 1., 0.</c2><c3>0., 0., 1.</c3></rotation></pose><symmetry><x>none</x><y>none</y><z>none</z></symmetry><detectionScore>-1</detectionScore></element><element><id>5</id><category>wall</category><bounds><corner1>-0.81668201, -1.25776082, -2.43199961</corner1><corner2>0.81668201, 1.25776082, 2.43199961</corner2></bounds><pose><translation> 4.26236933, -0.07000565, -1.33736807</translation><rotation><c1>1., 0., 0.</c1><c2>0., 1., 0.</c2><c3>0., 0., 1.</c3></rotation></pose><symmetry><x>none</x><y>none</y><z>none</z></symmetry><detectionScore>-1</detectionScore></element><element><id>4</id><category>person</category><bounds><corner1>-2.32174286, -0.28254144, -0.94390016</corner1><corner2>2.32174286, 0.28254144, 0.94390016</corner2></bounds><pose><translation> 1.9930209 , -0.7880996 ,  0.43070831</translation><rotation><c1>1., 0., 0.</c1><c2>0., 1., 0.</c2><c3>0., 0., 1.</c3></rotation></pose><symmetry><x>none</x><y>none</y><z>none</z></symmetry><detectionScore>-1</detectionScore></element><element><id>2</id><category>dressing_table</category><bounds><corner1>-1.44242477, -0.63315001, -0.31084647</corner1><corner2>1.44242477, 0.63315001, 0.31084647</corner2></bounds><pose><translation> 2.83284226, -0.59506307,  1.07263127</translation><rotation><c1>1., 0., 0.</c1><c2>0., 1., 0.</c2><c3>0., 0., 1.</c3></rotation></pose><symmetry><x>none</x><y>none</y><z>none</z></symmetry><detectionScore>-1</detectionScore></element><element><id>1</id><category>bookshelf</category><bounds><corner1>-0.38698793, -0.77531986, -0.27421831</corner1><corner2>0.38698793, 0.77531986, 0.27421831</corner2></bounds><pose><translation> 1.23119954, -0.65380271, -3.38919723</translation><rotation><c1>1., 0., 0.</c1><c2>0., 1., 0.</c2><c3>0., 0., 1.</c3></rotation></pose><symmetry><x>none</x><y>none</y><z>none</z></symmetry><detectionScore>-1</detectionScore></element></elements></scene>