<?xml version='1.0' encoding='utf-8'?>
<scene xmlns:sumo="https://www.sumochallenge.org"><version>2.0</version><categories><id>fb_categories_v1.0</id><url>https://sumochallenge.org/en/categories-1_0.json</url></categories><project_type>bounding_box</project_type><elements><element><id>6</id><category>sofa</category><bounds><corner1>-6.10246771, -0.3547004 , -0.65645569</corner1><corner2>6.10246771, 0.3547004 , 0.65645569</corner2></bounds><pose><translation> 2.45116365, -0.84522238, -0.83231768</translation><rotation><c1>1., 0., 0.</c1><c2>0., 1., 0.</c2><c3>0., 0., 1.</c3></rotation></pose><symmetry><x>none</x><y>none</y><z>none</z></symmetry><detectionScore>-1</detectionScore></element><element><id>7</id><category>picture_frame</category><bounds><corner1>-0.86445487, -0.90718414, -0.05987368</corner1><corner2>0.86445487, 0.90718414, 0.05987368</corner2></bounds><pose><translation>-0.16384988,  0.01046764,  3.57298085</translation><rotation><c1>1., 0., 0.</c1><c2>0., 1., 0.</c2><c3>0., 0., 1.</c3></rotation></pose><symmetry><x>none</x><y>none</y><z>none</z></symmetry><detectionScore>-1</detectionScore></element><element><id>5</id><category>chair</category><bounds><corner1>-1.94907145, -0.41367407, -0.62594333</corner1><corner2>1.94907145, 0.41367407, 0.62594333</corner2></bounds><pose><translation> 2.98509628, -0.90605921, -3.62818221</translation><rotation><c1>1., 0., 0.</c1><c2>0., 1., 0.</c2><c3>0., 0., 1.</c3></rotation></pose><symmetry><x>none</x><y>none</y><z>none</z></symmetry><detectionScore>-1</detectionScore></element><element><id>3</id><category>chair</category><bounds><corner1>-3.89669842, -0.50859811, -0.18075655</corner1><corner2>3.89669842, 0.50859811, 0.18075655</corner2></bounds><pose><translation> 4.74871555, -1.03936035, -3.21534596</translation><rotation><c1>1., 0., 0.</c1><c2>0., 1., 0.</c2><c3>0., 0., 1.</c3></rotation></pose><symmetry><x>none</x><y>none</y><z>none</z></symmetry><detectionScore>-1</detectionScore></element><element><id>9</id><category>chair</category><bounds><corner1>-1.992549  , -0.28906151, -0.32795007</corner1><corner2>1.992549  , 0.28906151, 0.32795007</corner2></bounds><pose><translation> 4.21385689, -0.76117737, -3.363575  </translation><rotation><c1>1., 0., 0.</c1><c2>0., 1., 0.</c2><c3>0., 0., 1.</c3></rotation></pose><symmetry><x>none</x><y>none</y><z>none</z></symmetry><detectionScore>-1</detectionScore></element><element><id>10</id><category>picture_frame</category><bounds><corner1>-0.16905725, -1.16061383, -2.04350428</corner1><corner2>0.16905725, 1.16061383, 2.04350428</corner2></bounds><pose><translation>8.32580889, 0.02440272, 1.35237108</translation><rotation><c1>1., 0., 0.</c1><c2>0., 1., 0.</c2><c3>0., 0., 1.</c3></rotation></pose><symmetry><x>none</x><y>none</y><z>none</z></symmetry><detectionScore>-1</detectionScore></element><element><id>4</id><category>wall</category><bounds><corner1>-3.43758396, -1.15490888, -1.8585558 </corner1><corner2>3.43758396, 1.15490888, 1.8585558 </corner2></bounds><pose><translation> 0.78073085,  0.02244007, -4.60151488</translation><rotation><c1>1., 0., 0.</c1><c2>0., 1., 0.</c2><c3>0., 0., 1.</c3></rotation></pose><symmetry><x>none</x><y>none</y><z>none</z></symmetry><detectionScore>-1</detectionScore></element><element><id>2</id><category>coffee_table</category><bounds><corner1>-3.7683768 , -0.11121432, -2.57575282</corner1><corner2>3.7683768 , 0.11121432, 2.57575282</corner2></bounds><pose><translation> 1.1229721 , -0.57234933,  0.61562457</translation><rotation><c1>1., 0., 0.</c1><c2>0., 1., 0.</c2><c3>0., 0., 1.</c3></rotation></pose><symmetry><x>none</x><y>none</y><z>none</z></symmetry><detectionScore>-1</detectionScore></element><element><id>1</id><category>window</category><bounds><corner1>-0.07767196, -1.20269633, -0.55404617</corner1><corner2>0.07767196, 1.20269633, 0.55404617</corner2></bounds><pose><translation>-1.25575257,  0.04685938, -2.97493182</translation><rotation><c1>1., 0., 0.</c1><c2>0., 1., 0.</c2><c3>0., 0., 1.</c3></rotation></pose><symmetry><x>none</x><y>none</y><z>none</z></symmetry><detectionScore>-1</detectionScore></element><element><id>8</id><category>picture_frame</category><bounds><corner1>-0.16402638, -1.12777079, -2.04816754</corner1><corner2>0.16402638, 1.12777079, 2.04816754</corner2></bounds><pose><translation> 8.55575458e+00, -8.46238324e-03, -4.82222778e+00</translation><rotation><c1>1., 0., 0.</c1><c2>0., 1., 0.</c2><c3>0., 0., 1.</c3></rotation></pose><symmetry><x>none</x><y>none</y><z>none</z></symmetry><detectionScore>-1</detectionScore></element></elements></scene>