<?xml version='1.0' encoding='utf-8'?>
<scene xmlns:sumo="https://www.sumochallenge.org"><version>2.0</version><categories><id>fb_categories_v1.0</id><url>https://sumochallenge.org/en/categories-1_0.json</url></categories><project_type>bounding_box</project_type><elements><element><id>25</id><category>workplace</category><bounds><corner1>  1.97820162,  -1.4516875 , -12.00008221</corner1><corner2> 6.1405254 , -0.2017412 , -4.15349398</corner2></bounds><pose><translation>0., 0., 0.</translation><rotation><c1>1., 0., 0.</c1><c2>0., 1., 0.</c2><c3>0., 0., 1.</c3></rotation></pose><symmetry><x>none</x><y>none</y><z>none</z></symmetry><detectionScore>-1</detectionScore></element><element><id>24</id><category>chair</category><bounds><corner1> 1.9578463 , -1.03605916, -9.10740079</corner1><corner2> 4.82656127, -0.42983053, -4.13109166</corner2></bounds><pose><translation>0., 0., 0.</translation><rotation><c1>1., 0., 0.</c1><c2>0., 1., 0.</c2><c3>0., 0., 1.</c3></rotation></pose><symmetry><x>none</x><y>none</y><z>none</z></symmetry><detectionScore>-1</detectionScore></element><element><id>19</id><category>desk</category><bounds><corner1> 0.22365903, -1.06996782,  1.02599077</corner1><corner2> 3.01118847, -0.32178247,  4.32456189</corner2></bounds><pose><translation>0., 0., 0.</translation><rotation><c1>1., 0., 0.</c1><c2>0., 1., 0.</c2><c3>0., 0., 1.</c3></rotation></pose><symmetry><x>none</x><y>none</y><z>none</z></symmetry><detectionScore>-1</detectionScore></element><element><id>17</id><category>chair</category><bounds><corner1>-0.67327868, -1.47570283,  1.27003541</corner1><corner2> 0.31083379, -0.68935491,  3.26575645</corner2></bounds><pose><translation>0., 0., 0.</translation><rotation><c1>1., 0., 0.</c1><c2>0., 1., 0.</c2><c3>0., 0., 1.</c3></rotation></pose><symmetry><x>none</x><y>none</y><z>none</z></symmetry><detectionScore>-1</detectionScore></element><element><id>12</id><category>desk</category><bounds><corner1>-5.01911504, -1.45914479, -2.39691546</corner1><corner2>-2.63803558, -0.54673204, -1.33418797</corner2></bounds><pose><translation>0., 0., 0.</translation><rotation><c1>1., 0., 0.</c1><c2>0., 1., 0.</c2><c3>0., 0., 1.</c3></rotation></pose><symmetry><x>none</x><y>none</y><z>none</z></symmetry><detectionScore>-1</detectionScore></element><element><id>36</id><category>window</category><bounds><corner1>-8.63857004, -0.74362893,  2.47734933</corner1><corner2>-4.35774949,  1.19779865,  4.46199791</corner2></bounds><pose><translation>0., 0., 0.</translation><rotation><c1>1., 0., 0.</c1><c2>0., 1., 0.</c2><c3>0., 0., 1.</c3></rotation></pose><symmetry><x>none</x><y>none</y><z>none</z></symmetry><detectionScore>-1</detectionScore></element><element><id>56</id><category>column</category><bounds><corner1>-4.59096498, -1.45126504,  2.92451285</corner1><corner2>-3.17879329,  1.18917804,  4.02326779</corner2></bounds><pose><translation>0., 0., 0.</translation><rotation><c1>1., 0., 0.</c1><c2>0., 1., 0.</c2><c3>0., 0., 1.</c3></rotation></pose><symmetry><x>none</x><y>none</y><z>none</z></symmetry><detectionScore>-1</detectionScore></element><element><id>44</id><category>computer</category><bounds><corner1> -4.58789937,  -1.45101049, -10.01408288</corner1><corner2>-1.23705404, -0.19863563, -2.14000413</corner2></bounds><pose><translation>0., 0., 0.</translation><rotation><c1>1., 0., 0.</c1><c2>0., 1., 0.</c2><c3>0., 0., 1.</c3></rotation></pose><symmetry><x>none</x><y>none</y><z>none</z></symmetry><detectionScore>-1</detectionScore></element><element><id>7</id><category>laptop</category><bounds><corner1>-0.79849612, -1.38804869,  2.19304473</corner1><corner2> 0.5660693 , -0.68116452,  4.39929208</corner2></bounds><pose><translation>0., 0., 0.</translation><rotation><c1>1., 0., 0.</c1><c2>0., 1., 0.</c2><c3>0., 0., 1.</c3></rotation></pose><symmetry><x>none</x><y>none</y><z>none</z></symmetry><detectionScore>-1</detectionScore></element><element><id>45</id><category>desk</category><bounds><corner1> -4.47086505,  -1.46716306, -10.11236191</corner1><corner2> 0.11062323, -0.29674095, -1.80991403</corner2></bounds><pose><translation>0., 0., 0.</translation><rotation><c1>1., 0., 0.</c1><c2>0., 1., 0.</c2><c3>0., 0., 1.</c3></rotation></pose><symmetry><x>none</x><y>none</y><z>none</z></symmetry><detectionScore>-1</detectionScore></element><element><id>10</id><category>desk</category><bounds><corner1>-1.51016271, -1.47255528, -2.94219199</corner1><corner2> 0.17103633, -0.57333826, -1.30800135</corner2></bounds><pose><translation>0., 0., 0.</translation><rotation><c1>1., 0., 0.</c1><c2>0., 1., 0.</c2><c3>0., 0., 1.</c3></rotation></pose><symmetry><x>none</x><y>none</y><z>none</z></symmetry><detectionScore>-1</detectionScore></element><element><id>43</id><category>desk</category><bounds><corner1>-5.56537696, -1.47348216, -1.51348621</corner1><corner2>-3.80185883, -0.64988284, -0.06383127</corner2></bounds><pose><translation>0., 0., 0.</translation><rotation><c1>1., 0., 0.</c1><c2>0., 1., 0.</c2><c3>0., 0., 1.</c3></rotation></pose><symmetry><x>none</x><y>none</y><z>none</z></symmetry><detectionScore>-1</detectionScore></element><element><id>26</id><category>wall</category><bounds><corner1> -5.30864225,  -1.43932711, -16.22544642</corner1><corner2>-0.3227762 ,  1.1963492 , -2.12995212</corner2></bounds><pose><translation>0., 0., 0.</translation><rotation><c1>1., 0., 0.</c1><c2>0., 1., 0.</c2><c3>0., 0., 1.</c3></rotation></pose><symmetry><x>none</x><y>none</y><z>none</z></symmetry><detectionScore>-1</detectionScore></element><element><id>63</id><category>chair</category><bounds><corner1>-4.56776431, -1.47508323, -2.39881282</corner1><corner2>-2.53984655, -0.69676643, -1.31190415</corner2></bounds><pose><translation>0., 0., 0.</translation><rotation><c1>1., 0., 0.</c1><c2>0., 1., 0.</c2><c3>0., 0., 1.</c3></rotation></pose><symmetry><x>none</x><y>none</y><z>none</z></symmetry><detectionScore>-1</detectionScore></element><element><id>61</id><category>desk</category><bounds><corner1>-4.61085661, -1.46666339, -2.69357243</corner1><corner2>-2.53183976, -0.51355171, -1.35657241</corner2></bounds><pose><translation>0., 0., 0.</translation><rotation><c1>1., 0., 0.</c1><c2>0., 1., 0.</c2><c3>0., 0., 1.</c3></rotation></pose><symmetry><x>none</x><y>none</y><z>none</z></symmetry><detectionScore>-1</detectionScore></element><element><id>41</id><category>floor_lamp</category><bounds><corner1> 0.35131842, -0.71136664,  1.58681601</corner1><corner2>1.62640002, 1.19092848, 4.35722352</corner2></bounds><pose><translation>0., 0., 0.</translation><rotation><c1>1., 0., 0.</c1><c2>0., 1., 0.</c2><c3>0., 0., 1.</c3></rotation></pose><symmetry><x>none</x><y>none</y><z>none</z></symmetry><detectionScore>-1</detectionScore></element><element><id>64</id><category>kitchen_cabinet</category><bounds><corner1>-4.65954574, -1.46490475, -2.88142853</corner1><corner2>-2.54030357, -0.4967069 , -1.35532205</corner2></bounds><pose><translation>0., 0., 0.</translation><rotation><c1>1., 0., 0.</c1><c2>0., 1., 0.</c2><c3>0., 0., 1.</c3></rotation></pose><symmetry><x>none</x><y>none</y><z>none</z></symmetry><detectionScore>-1</detectionScore></element><element><id>2</id><category>desk</category><bounds><corner1> 2.79053453, -1.22944916, -7.67786524</corner1><corner2> 5.95002244, -0.43901178, -4.12719279</corner2></bounds><pose><translation>0., 0., 0.</translation><rotation><c1>1., 0., 0.</c1><c2>0., 1., 0.</c2><c3>0., 0., 1.</c3></rotation></pose><symmetry><x>none</x><y>none</y><z>none</z></symmetry><detectionScore>-1</detectionScore></element><element><id>55</id><category>wall</category><bounds><corner1>-10.03588318,  -1.06397598,  -6.1068925 </corner1><corner2>-3.89141156,  1.19577632,  2.99460398</corner2></bounds><pose><translation>0., 0., 0.</translation><rotation><c1>1., 0., 0.</c1><c2>0., 1., 0.</c2><c3>0., 0., 1.</c3></rotation></pose><symmetry><x>none</x><y>none</y><z>none</z></symmetry><detectionScore>-1</detectionScore></element><element><id>40</id><category>wall</category><bounds><corner1> 0.51769821, -0.9728789 ,  1.25898218</corner1><corner2>3.46798126, 1.19144556, 4.40448521</corner2></bounds><pose><translation>0., 0., 0.</translation><rotation><c1>1., 0., 0.</c1><c2>0., 1., 0.</c2><c3>0., 0., 1.</c3></rotation></pose><symmetry><x>none</x><y>none</y><z>none</z></symmetry><detectionScore>-1</detectionScore></element><element><id>38</id><category>computer</category><bounds><corner1> -0.89491223,  -1.46350052, -10.58823417</corner1><corner2> 0.03418131, -0.19731515, -1.83902011</corner2></bounds><pose><translation>0., 0., 0.</translation><rotation><c1>1., 0., 0.</c1><c2>0., 1., 0.</c2><c3>0., 0., 1.</c3></rotation></pose><symmetry><x>none</x><y>none</y><z>none</z></symmetry><detectionScore>-1</detectionScore></element><element><id>48</id><category>office_chair</category><bounds><corner1> 2.12863233, -1.0507833 , -9.30027404</corner1><corner2> 6.03572936, -0.33861362, -4.1335352 </corner2></bounds><pose><translation>0., 0., 0.</translation><rotation><c1>1., 0., 0.</c1><c2>0., 1., 0.</c2><c3>0., 0., 1.</c3></rotation></pose><symmetry><x>none</x><y>none</y><z>none</z></symmetry><detectionScore>-1</detectionScore></element><element><id>31</id><category>chair</category><bounds><corner1>-0.76396478, -1.47486634,  1.04400206</corner1><corner2> 0.38664783, -0.69038659,  4.32579041</corner2></bounds><pose><translation>0., 0., 0.</translation><rotation><c1>1., 0., 0.</c1><c2>0., 1., 0.</c2><c3>0., 0., 1.</c3></rotation></pose><symmetry><x>none</x><y>none</y><z>none</z></symmetry><detectionScore>-1</detectionScore></element><element><id>54</id><category>floor_lamp</category><bounds><corner1>-4.63980628, -1.46176306,  2.87377062</corner1><corner2>-3.17291344,  1.10400172,  4.0466501 </corner2></bounds><pose><translation>0., 0., 0.</translation><rotation><c1>1., 0., 0.</c1><c2>0., 1., 0.</c2><c3>0., 0., 1.</c3></rotation></pose><symmetry><x>none</x><y>none</y><z>none</z></symmetry><detectionScore>-1</detectionScore></element><element><id>77</id><category>desk</category><bounds><corner1> -4.55881814,  -1.45835635, -10.00790533</corner1><corner2>-0.89570772, -0.29019723, -1.9543031 </corner2></bounds><pose><translation>0., 0., 0.</translation><rotation><c1>1., 0., 0.</c1><c2>0., 1., 0.</c2><c3>0., 0., 1.</c3></rotation></pose><symmetry><x>none</x><y>none</y><z>none</z></symmetry><detectionScore>-1</detectionScore></element><element><id>58</id><category>chair</category><bounds><corner1>-5.1223273 , -1.47479495,  2.59905712</corner1><corner2>-3.75554132, -0.71832303,  3.43158699</corner2></bounds><pose><translation>0., 0., 0.</translation><rotation><c1>1., 0., 0.</c1><c2>0., 1., 0.</c2><c3>0., 0., 1.</c3></rotation></pose><symmetry><x>none</x><y>none</y><z>none</z></symmetry><detectionScore>-1</detectionScore></element><element><id>72</id><category>rug</category><bounds><corner1>-1.00117714, -1.47479154, -2.43433195</corner1><corner2> 0.11780316, -0.78739872, -1.31900795</corner2></bounds><pose><translation>0., 0., 0.</translation><rotation><c1>1., 0., 0.</c1><c2>0., 1., 0.</c2><c3>0., 0., 1.</c3></rotation></pose><symmetry><x>none</x><y>none</y><z>none</z></symmetry><detectionScore>-1</detectionScore></element><element><id>74</id><category>window</category><bounds><corner1> 3.42829175, -0.80818202, -4.91495861</corner1><corner2> 7.66521892,  1.1857245 , -1.2222515 </corner2></bounds><pose><translation>0., 0., 0.</translation><rotation><c1>1., 0., 0.</c1><c2>0., 1., 0.</c2><c3>0., 0., 1.</c3></rotation></pose><symmetry><x>none</x><y>none</y><z>none</z></symmetry><detectionScore>-1</detectionScore></element><element><id>50</id><category>wall</category><bounds><corner1> 3.4221151 , -1.27990572, -1.62986293</corner1><corner2>3.55619573, 1.18803939, 1.37763876</corner2></bounds><pose><translation>0., 0., 0.</translation><rotation><c1>1., 0., 0.</c1><c2>0., 1., 0.</c2><c3>0., 0., 1.</c3></rotation></pose><symmetry><x>none</x><y>none</y><z>none</z></symmetry><detectionScore>-1</detectionScore></element><element><id>60</id><category>computer</category><bounds><corner1>-9.33734141, -0.92461529, -6.46968516</corner1><corner2>-2.47389566, -0.18902438, -1.84793888</corner2></bounds><pose><translation>0., 0., 0.</translation><rotation><c1>1., 0., 0.</c1><c2>0., 1., 0.</c2><c3>0., 0., 1.</c3></rotation></pose><symmetry><x>none</x><y>none</y><z>none</z></symmetry><detectionScore>-1</detectionScore></element><element><id>52</id><category>computer</category><bounds><corner1> 0.37710038, -0.95334001,  1.19996413</corner1><corner2> 2.98857135, -0.1909151 ,  4.37859372</corner2></bounds><pose><translation>0., 0., 0.</translation><rotation><c1>1., 0., 0.</c1><c2>0., 1., 0.</c2><c3>0., 0., 1.</c3></rotation></pose><symmetry><x>none</x><y>none</y><z>none</z></symmetry><detectionScore>-1</detectionScore></element><element><id>59</id><category>workplace</category><bounds><corner1>-9.92282569, -1.46022607, -0.51047307</corner1><corner2>-2.41690017, -0.07562912,  4.32863633</corner2></bounds><pose><translation>0., 0., 0.</translation><rotation><c1>1., 0., 0.</c1><c2>0., 1., 0.</c2><c3>0., 0., 1.</c3></rotation></pose><symmetry><x>none</x><y>none</y><z>none</z></symmetry><detectionScore>-1</detectionScore></element><element><id>69</id><category>chair</category><bounds><corner1>-5.30252877, -1.47289562,  0.55217137</corner1><corner2>-1.08598621, -0.68731735,  3.43078999</corner2></bounds><pose><translation>0., 0., 0.</translation><rotation><c1>1., 0., 0.</c1><c2>0., 1., 0.</c2><c3>0., 0., 1.</c3></rotation></pose><symmetry><x>none</x><y>none</y><z>none</z></symmetry><detectionScore>-1</detectionScore></element><element><id>1</id><category>chair</category><bounds><corner1>-2.60529864, -1.47581425,  2.97241192</corner1><corner2>-1.54015589, -0.72216957,  4.32861937</corner2></bounds><pose><translation>0., 0., 0.</translation><rotation><c1>1., 0., 0.</c1><c2>0., 1., 0.</c2><c3>0., 0., 1.</c3></rotation></pose><symmetry><x>none</x><y>none</y><z>none</z></symmetry><detectionScore>-1</detectionScore></element><element><id>27</id><category>desk</category><bounds><corner1>-9.56959281, -1.07919702, -5.90442912</corner1><corner2>-2.29513637, -0.30436438, -1.81366722</corner2></bounds><pose><translation>0., 0., 0.</translation><rotation><c1>1., 0., 0.</c1><c2>0., 1., 0.</c2><c3>0., 0., 1.</c3></rotation></pose><symmetry><x>none</x><y>none</y><z>none</z></symmetry><detectionScore>-1</detectionScore></element><element><id>57</id><category>partition</category><bounds><corner1>  0.94616467,  -1.07820004, -12.84415399</corner1><corner2> 6.76874851,  0.80438483, -4.5675911 </corner2></bounds><pose><translation>0., 0., 0.</translation><rotation><c1>1., 0., 0.</c1><c2>0., 1., 0.</c2><c3>0., 0., 1.</c3></rotation></pose><symmetry><x>none</x><y>none</y><z>none</z></symmetry><detectionScore>-1</detectionScore></element><element><id>46</id><category>desk</category><bounds><corner1>-2.72520306, -1.4724146 ,  2.98585335</corner1><corner2>-1.08339395, -0.68740709,  4.35361734</corner2></bounds><pose><translation>0., 0., 0.</translation><rotation><c1>1., 0., 0.</c1><c2>0., 1., 0.</c2><c3>0., 0., 1.</c3></rotation></pose><symmetry><x>none</x><y>none</y><z>none</z></symmetry><detectionScore>-1</detectionScore></element><element><id>51</id><category>computer</category><bounds><corner1> 2.90216026, -1.00532573, -8.6748285 </corner1><corner2> 6.1739901 , -0.19114078, -4.17996195</corner2></bounds><pose><translation>0., 0., 0.</translation><rotation><c1>1., 0., 0.</c1><c2>0., 1., 0.</c2><c3>0., 0., 1.</c3></rotation></pose><symmetry><x>none</x><y>none</y><z>none</z></symmetry><detectionScore>-1</detectionScore></element><element><id>47</id><category>window</category><bounds><corner1>-3.26186407, -0.84605809,  3.4369363 </corner1><corner2>0.55246766, 1.13399204, 4.46591364</corner2></bounds><pose><translation>0., 0., 0.</translation><rotation><c1>1., 0., 0.</c1><c2>0., 1., 0.</c2><c3>0., 0., 1.</c3></rotation></pose><symmetry><x>none</x><y>none</y><z>none</z></symmetry><detectionScore>-1</detectionScore></element><element><id>18</id><category>chair</category><bounds><corner1>-0.96495396, -1.47557425, -2.91494008</corner1><corner2>-0.06093796, -0.71387433, -1.30100179</corner2></bounds><pose><translation>0., 0., 0.</translation><rotation><c1>1., 0., 0.</c1><c2>0., 1., 0.</c2><c3>0., 0., 1.</c3></rotation></pose><symmetry><x>none</x><y>none</y><z>none</z></symmetry><detectionScore>-1</detectionScore></element><element><id>21</id><category>chair</category><bounds><corner1>-0.70427689, -1.47210951,  1.77046227</corner1><corner2> 0.37656262, -0.68905466,  4.39193384</corner2></bounds><pose><translation>0., 0., 0.</translation><rotation><c1>1., 0., 0.</c1><c2>0., 1., 0.</c2><c3>0., 0., 1.</c3></rotation></pose><symmetry><x>none</x><y>none</y><z>none</z></symmetry><detectionScore>-1</detectionScore></element><element><id>9</id><category>chair</category><bounds><corner1> 2.36634586, -1.0432469 , -7.7391289 </corner1><corner2> 5.95899176, -0.45160344, -4.12847722</corner2></bounds><pose><translation>0., 0., 0.</translation><rotation><c1>1., 0., 0.</c1><c2>0., 1., 0.</c2><c3>0., 0., 1.</c3></rotation></pose><symmetry><x>none</x><y>none</y><z>none</z></symmetry><detectionScore>-1</detectionScore></element><element><id>32</id><category>column</category><bounds><corner1> 0.39321408, -0.71174633,  1.71402002</corner1><corner2>1.54586461, 1.19367011, 4.32536885</corner2></bounds><pose><translation>0., 0., 0.</translation><rotation><c1>1., 0., 0.</c1><c2>0., 1., 0.</c2><c3>0., 0., 1.</c3></rotation></pose><symmetry><x>none</x><y>none</y><z>none</z></symmetry><detectionScore>-1</detectionScore></element><element><id>6</id><category>partition</category><bounds><corner1>-10.03438126,  -1.05140102,  -5.82462332</corner1><corner2>-3.75382175,  1.1455256 ,  3.36136169</corner2></bounds><pose><translation>0., 0., 0.</translation><rotation><c1>1., 0., 0.</c1><c2>0., 1., 0.</c2><c3>0., 0., 1.</c3></rotation></pose><symmetry><x>none</x><y>none</y><z>none</z></symmetry><detectionScore>-1</detectionScore></element><element><id>35</id><category>computer</category><bounds><corner1>-8.33722139, -0.75658114,  2.3961224 </corner1><corner2>-4.29887413,  0.03718367,  4.44305808</corner2></bounds><pose><translation>0., 0., 0.</translation><rotation><c1>1., 0., 0.</c1><c2>0., 1., 0.</c2><c3>0., 0., 1.</c3></rotation></pose><symmetry><x>none</x><y>none</y><z>none</z></symmetry><detectionScore>-1</detectionScore></element><element><id>8</id><category>wall</category><bounds><corner1>-9.89723979, -0.94174615, -6.52856025</corner1><corner2>-2.49698851,  1.19725998, -2.16073825</corner2></bounds><pose><translation>0., 0., 0.</translation><rotation><c1>1., 0., 0.</c1><c2>0., 1., 0.</c2><c3>0., 0., 1.</c3></rotation></pose><symmetry><x>none</x><y>none</y><z>none</z></symmetry><detectionScore>-1</detectionScore></element><element><id>53</id><category>chair</category><bounds><corner1> 1.05404004, -1.26972035,  0.88015336</corner1><corner2> 3.53739706, -0.47060884,  2.87534274</corner2></bounds><pose><translation>0., 0., 0.</translation><rotation><c1>1., 0., 0.</c1><c2>0., 1., 0.</c2><c3>0., 0., 1.</c3></rotation></pose><symmetry><x>none</x><y>none</y><z>none</z></symmetry><detectionScore>-1</detectionScore></element><element><id>62</id><category>wall</category><bounds><corner1> 5.22881693, -1.43295849, -5.15967   </corner1><corner2> 7.61253265,  1.20667489, -3.54868366</corner2></bounds><pose><translation>0., 0., 0.</translation><rotation><c1>1., 0., 0.</c1><c2>0., 1., 0.</c2><c3>0., 0., 1.</c3></rotation></pose><symmetry><x>none</x><y>none</y><z>none</z></symmetry><detectionScore>-1</detectionScore></element><element><id>16</id><category>armchair</category><bounds><corner1>  1.95049777,  -1.45157999, -10.39569332</corner1><corner2> 5.02113162, -0.34135992, -4.13572867</corner2></bounds><pose><translation>0., 0., 0.</translation><rotation><c1>1., 0., 0.</c1><c2>0., 1., 0.</c2><c3>0., 0., 1.</c3></rotation></pose><symmetry><x>none</x><y>none</y><z>none</z></symmetry><detectionScore>-1</detectionScore></element><element><id>73</id><category>wall</category><bounds><corner1> 3.42807549, -1.24996302, -5.10982415</corner1><corner2> 7.65424121,  1.19338429, -0.99731044</corner2></bounds><pose><translation>0., 0., 0.</translation><rotation><c1>1., 0., 0.</c1><c2>0., 1., 0.</c2><c3>0., 0., 1.</c3></rotation></pose><symmetry><x>none</x><y>none</y><z>none</z></symmetry><detectionScore>-1</detectionScore></element><element><id>33</id><category>office_chair</category><bounds><corner1>-8.28439218, -1.21698793, -5.55462848</corner1><corner2>-2.13200485, -0.23032891, -1.80949292</corner2></bounds><pose><translation>0., 0., 0.</translation><rotation><c1>1., 0., 0.</c1><c2>0., 1., 0.</c2><c3>0., 0., 1.</c3></rotation></pose><symmetry><x>none</x><y>none</y><z>none</z></symmetry><detectionScore>-1</detectionScore></element><element><id>22</id><category>office_chair</category><bounds><corner1>-0.70551433, -1.47362946,  0.943454  </corner1><corner2> 0.58733326, -0.68601981,  4.35829644</corner2></bounds><pose><translation>0., 0., 0.</translation><rotation><c1>1., 0., 0.</c1><c2>0., 1., 0.</c2><c3>0., 0., 1.</c3></rotation></pose><symmetry><x>none</x><y>none</y><z>none</z></symmetry><detectionScore>-1</detectionScore></element><element><id>23</id><category>armchair</category><bounds><corner1> 2.09753742, -1.04410128, -9.35224907</corner1><corner2> 6.06223685, -0.3391954 , -4.13438412</corner2></bounds><pose><translation>0., 0., 0.</translation><rotation><c1>1., 0., 0.</c1><c2>0., 1., 0.</c2><c3>0., 0., 1.</c3></rotation></pose><symmetry><x>none</x><y>none</y><z>none</z></symmetry><detectionScore>-1</detectionScore></element><element><id>11</id><category>wall</category><bounds><corner1>  2.68977646,  -0.92481851, -10.06893607</corner1><corner2> 6.20434689,  1.19720945, -4.16693776</corner2></bounds><pose><translation>0., 0., 0.</translation><rotation><c1>1., 0., 0.</c1><c2>0., 1., 0.</c2><c3>0., 0., 1.</c3></rotation></pose><symmetry><x>none</x><y>none</y><z>none</z></symmetry><detectionScore>-1</detectionScore></element><element><id>20</id><category>armchair</category><bounds><corner1>-0.76887691, -1.47359261,  0.93597398</corner1><corner2> 0.59217989, -0.68625848,  4.3544526 </corner2></bounds><pose><translation>0., 0., 0.</translation><rotation><c1>1., 0., 0.</c1><c2>0., 1., 0.</c2><c3>0., 0., 1.</c3></rotation></pose><symmetry><x>none</x><y>none</y><z>none</z></symmetry><detectionScore>-1</detectionScore></element><element><id>65</id><category>chair</category><bounds><corner1>-5.1647964 , -1.47325707, -2.13155237</corner1><corner2>-3.73685764, -0.70263894, -1.20332288</corner2></bounds><pose><translation>0., 0., 0.</translation><rotation><c1>1., 0., 0.</c1><c2>0., 1., 0.</c2><c3>0., 0., 1.</c3></rotation></pose><symmetry><x>none</x><y>none</y><z>none</z></symmetry><detectionScore>-1</detectionScore></element><element><id>14</id><category>window</category><bounds><corner1>-4.08480102, -0.7048692 ,  0.        </corner1><corner2>0.        , 1.03070722, 4.46238473</corner2></bounds><pose><translation>0., 0., 0.</translation><rotation><c1>1., 0., 0.</c1><c2>0., 1., 0.</c2><c3>0., 0., 1.</c3></rotation></pose><symmetry><x>none</x><y>none</y><z>none</z></symmetry><detectionScore>-1</detectionScore></element><element><id>34</id><category>computer</category><bounds><corner1>-4.63366411, -1.23027654, -8.13630193</corner1><corner2>-1.18713089, -0.18815148, -1.98192005</corner2></bounds><pose><translation>0., 0., 0.</translation><rotation><c1>1., 0., 0.</c1><c2>0., 1., 0.</c2><c3>0., 0., 1.</c3></rotation></pose><symmetry><x>none</x><y>none</y><z>none</z></symmetry><detectionScore>-1</detectionScore></element><element><id>39</id><category>office_chair</category><bounds><corner1>-4.55578906, -1.38999584, -8.71376161</corner1><corner2>-1.08025167, -0.19368294, -2.02196591</corner2></bounds><pose><translation>0., 0., 0.</translation><rotation><c1>1., 0., 0.</c1><c2>0., 1., 0.</c2><c3>0., 0., 1.</c3></rotation></pose><symmetry><x>none</x><y>none</y><z>none</z></symmetry><detectionScore>-1</detectionScore></element><element><id>49</id><category>computer</category><bounds><corner1>  2.08845752,  -1.04299622, -10.56019961</corner1><corner2> 6.09865416, -0.21469938, -4.14441034</corner2></bounds><pose><translation>0., 0., 0.</translation><rotation><c1>1., 0., 0.</c1><c2>0., 1., 0.</c2><c3>0., 0., 1.</c3></rotation></pose><symmetry><x>none</x><y>none</y><z>none</z></symmetry><detectionScore>-1</detectionScore></element><element><id>5</id><category>wall</category><bounds><corner1> -0.92924311,  -1.02140701, -12.87689   </corner1><corner2> 6.80924584,  1.09886819, -4.55556071</corner2></bounds><pose><translation>0., 0., 0.</translation><rotation><c1>1., 0., 0.</c1><c2>0., 1., 0.</c2><c3>0., 0., 1.</c3></rotation></pose><symmetry><x>none</x><y>none</y><z>none</z></symmetry><detectionScore>-1</detectionScore></element><element><id>68</id><category>desk</category><bounds><corner1> 1.9474281 , -1.46302632, -7.64073687</corner1><corner2> 5.84359029, -0.5057735 , -4.1291581 </corner2></bounds><pose><translation>0., 0., 0.</translation><rotation><c1>1., 0., 0.</c1><c2>0., 1., 0.</c2><c3>0., 0., 1.</c3></rotation></pose><symmetry><x>none</x><y>none</y><z>none</z></symmetry><detectionScore>-1</detectionScore></element><element><id>37</id><category>desk</category><bounds><corner1> 2.0665057 , -1.05110272, -9.26753272</corner1><corner2> 5.72670519, -0.39134416, -4.13242718</corner2></bounds><pose><translation>0., 0., 0.</translation><rotation><c1>1., 0., 0.</c1><c2>0., 1., 0.</c2><c3>0., 0., 1.</c3></rotation></pose><symmetry><x>none</x><y>none</y><z>none</z></symmetry><detectionScore>-1</detectionScore></element><element><id>29</id><category>wall</category><bounds><corner1>-4.00096682, -1.28821838,  2.52397436</corner1><corner2>0.7152197 , 1.1942187 , 4.46128506</corner2></bounds><pose><translation>0., 0., 0.</translation><rotation><c1>1., 0., 0.</c1><c2>0., 1., 0.</c2><c3>0., 0., 1.</c3></rotation></pose><symmetry><x>none</x><y>none</y><z>none</z></symmetry><detectionScore>-1</detectionScore></element><element><id>30</id><category>kitchen_cabinet</category><bounds><corner1>-5.11278709, -1.45725969, -2.38577461</corner1><corner2>-2.64207015, -0.52887272, -1.33418671</corner2></bounds><pose><translation>0., 0., 0.</translation><rotation><c1>1., 0., 0.</c1><c2>0., 1., 0.</c2><c3>0., 0., 1.</c3></rotation></pose><symmetry><x>none</x><y>none</y><z>none</z></symmetry><detectionScore>-1</detectionScore></element><element><id>76</id><category>desk</category><bounds><corner1>-2.00940824, -1.47401461,  2.6689865 </corner1><corner2>-0.17769078, -0.69074689,  4.37908705</corner2></bounds><pose><translation>0., 0., 0.</translation><rotation><c1>1., 0., 0.</c1><c2>0., 1., 0.</c2><c3>0., 0., 1.</c3></rotation></pose><symmetry><x>none</x><y>none</y><z>none</z></symmetry><detectionScore>-1</detectionScore></element><element><id>15</id><category>office_chair</category><bounds><corner1> 0.24668224, -0.71569137,  0.90997959</corner1><corner2> 2.63060371, -0.22112539,  4.2456379 </corner2></bounds><pose><translation>0., 0., 0.</translation><rotation><c1>1., 0., 0.</c1><c2>0., 1., 0.</c2><c3>0., 0., 1.</c3></rotation></pose><symmetry><x>none</x><y>none</y><z>none</z></symmetry><detectionScore>-1</detectionScore></element><element><id>4</id><category>chair</category><bounds><corner1>-0.61467894, -1.47566498,  1.48502291</corner1><corner2> 0.3375945 , -0.68856461,  3.49629278</corner2></bounds><pose><translation>0., 0., 0.</translation><rotation><c1>1., 0., 0.</c1><c2>0., 1., 0.</c2><c3>0., 0., 1.</c3></rotation></pose><symmetry><x>none</x><y>none</y><z>none</z></symmetry><detectionScore>-1</detectionScore></element><element><id>71</id><category>person</category><bounds><corner1>  2.09132725,  -1.03041272, -10.53672708</corner1><corner2> 6.0997296 , -0.20111607, -4.13799976</corner2></bounds><pose><translation>0., 0., 0.</translation><rotation><c1>1., 0., 0.</c1><c2>0., 1., 0.</c2><c3>0., 0., 1.</c3></rotation></pose><symmetry><x>none</x><y>none</y><z>none</z></symmetry><detectionScore>-1</detectionScore></element><element><id>75</id><category>wall</category><bounds><corner1>-9.18308831, -1.45071431,  1.91451392</corner1><corner2>-3.79783025,  1.20395591,  4.44050524</corner2></bounds><pose><translation>0., 0., 0.</translation><rotation><c1>1., 0., 0.</c1><c2>0., 1., 0.</c2><c3>0., 0., 1.</c3></rotation></pose><symmetry><x>none</x><y>none</y><z>none</z></symmetry><detectionScore>-1</detectionScore></element><element><id>70</id><category>workplace</category><bounds><corner1>-9.8822355 , -1.4728732 , -3.69957714</corner1><corner2>-3.77334081, -0.22913969,  0.53599252</corner2></bounds><pose><translation>0., 0., 0.</translation><rotation><c1>1., 0., 0.</c1><c2>0., 1., 0.</c2><c3>0., 0., 1.</c3></rotation></pose><symmetry><x>none</x><y>none</y><z>none</z></symmetry><detectionScore>-1</detectionScore></element><element><id>67</id><category>coffee_table</category><bounds><corner1>-0.98482736, -1.4751008 , -2.90216099</corner1><corner2> 0.054612  , -0.70866681, -1.29802897</corner2></bounds><pose><translation>0., 0., 0.</translation><rotation><c1>1., 0., 0.</c1><c2>0., 1., 0.</c2><c3>0., 0., 1.</c3></rotation></pose><symmetry><x>none</x><y>none</y><z>none</z></symmetry><detectionScore>-1</detectionScore></element><element><id>42</id><category>wall</category><bounds><corner1> 5.79981292, -1.38186092, -5.16445644</corner1><corner2> 7.32014145,  1.20106557, -4.23458289</corner2></bounds><pose><translation>0., 0., 0.</translation><rotation><c1>1., 0., 0.</c1><c2>0., 1., 0.</c2><c3>0., 0., 1.</c3></rotation></pose><symmetry><x>none</x><y>none</y><z>none</z></symmetry><detectionScore>-1</detectionScore></element><element><id>66</id><category>desk</category><bounds><corner1>-0.60279059, -1.47115459,  0.91400269</corner1><corner2> 0.67712705, -0.57672866,  4.33581049</corner2></bounds><pose><translation>0., 0., 0.</translation><rotation><c1>1., 0., 0.</c1><c2>0., 1., 0.</c2><c3>0., 0., 1.</c3></rotation></pose><symmetry><x>none</x><y>none</y><z>none</z></symmetry><detectionScore>-1</detectionScore></element><element><id>28</id><category>desk</category><bounds><corner1>-5.48020571, -1.47218916,  0.77866685</corner1><corner2>-1.8540621 , -0.66547783,  3.48060525</corner2></bounds><pose><translation>0., 0., 0.</translation><rotation><c1>1., 0., 0.</c1><c2>0., 1., 0.</c2><c3>0., 0., 1.</c3></rotation></pose><symmetry><x>none</x><y>none</y><z>none</z></symmetry><detectionScore>-1</detectionScore></element><element><id>3</id><category>dining_table</category><bounds><corner1>-0.96635445, -1.47536896, -2.93913577</corner1><corner2> 0.09025935, -0.70876702, -1.29803902</corner2></bounds><pose><translation>0., 0., 0.</translation><rotation><c1>1., 0., 0.</c1><c2>0., 1., 0.</c2><c3>0., 0., 1.</c3></rotation></pose><symmetry><x>none</x><y>none</y><z>none</z></symmetry><detectionScore>-1</detectionScore></element><element><id>13</id><category>wall</category><bounds><corner1> -5.20495427,  -1.45033518, -12.42690507</corner1><corner2>-1.29497828,  1.19637442, -2.14897899</corner2></bounds><pose><translation>0., 0., 0.</translation><rotation><c1>1., 0., 0.</c1><c2>0., 1., 0.</c2><c3>0., 0., 1.</c3></rotation></pose><symmetry><x>none</x><y>none</y><z>none</z></symmetry><detectionScore>-1</detectionScore></element></elements></scene>