<?xml version='1.0' encoding='utf-8'?>
<scene xmlns:sumo="https://www.sumochallenge.org"><version>2.0</version><categories><id>fb_categories_v1.0</id><url>https://sumochallenge.org/en/categories-1_0.json</url></categories><project_type>bounding_box</project_type><elements><element><id>4</id><category>door</category><bounds><corner1>-0.94351976, -1.20126046, -1.32389821</corner1><corner2>0.94351976, 1.20126046, 1.32389821</corner2></bounds><pose><translation> 1.52668681,  0.20203597, -2.79682203</translation><rotation><c1>1., 0., 0.</c1><c2>0., 1., 0.</c2><c3>0., 0., 1.</c3></rotation></pose><symmetry><x>twoFold</x><y>twoFold</y><z>twoFold</z></symmetry><detectionScore>0.55690163</detectionScore></element><element><id>1</id><category>window</category><bounds><corner1>-1.04428934, -1.32953907, -0.07709908</corner1><corner2>1.04428934, 1.32953907, 0.07709908</corner2></bounds><pose><translation>0.55503937, 0.32793355, 3.69599758</translation><rotation><c1>1., 0., 0.</c1><c2>0., 1., 0.</c2><c3>0., 0., 1.</c3></rotation></pose><symmetry><x>none</x><y>twoFold</y><z>none</z></symmetry><detectionScore>0.9488362</detectionScore></element><element><id>5</id><category>door</category><bounds><corner1>-0.98009364, -1.33985548, -0.20398756</corner1><corner2>0.98009364, 1.33985548, 0.20398756</corner2></bounds><pose><translation>-0.46821794,  0.16667951, -2.79679974</translation><rotation><c1>1., 0., 0.</c1><c2>0., 1., 0.</c2><c3>0., 0., 1.</c3></rotation></pose><symmetry><x>twoFold</x><y>twoFold</y><z>twoFold</z></symmetry><detectionScore>0.9474799</detectionScore></element><element><id>3</id><category>window</category><bounds><corner1>-1.34511361, -1.4242774 , -0.08777088</corner1><corner2>1.34511361, 1.4242774 , 0.08777088</corner2></bounds><pose><translation>5.07262674, 0.31930359, 3.69286069</translation><rotation><c1>1., 0., 0.</c1><c2>0., 1., 0.</c2><c3>0., 0., 1.</c3></rotation></pose><symmetry><x>none</x><y>twoFold</y><z>none</z></symmetry><detectionScore>0.73328555</detectionScore></element><element><id>2</id><category>wall</category><bounds><corner1>-2.82942753, -1.47934489, -2.92399796</corner1><corner2>2.82942753, 1.47934489, 2.92399796</corner2></bounds><pose><translation>6.75758128, 0.29183707, 0.43362699</translation><rotation><c1>1., 0., 0.</c1><c2>0., 1., 0.</c2><c3>0., 0., 1.</c3></rotation></pose><symmetry><x>none</x><y>twoFold</y><z>none</z></symmetry><detectionScore>0.9840366</detectionScore></element><element><id>7</id><category>television</category><bounds><corner1>-0.02000963, -0.33736669, -0.6181244 </corner1><corner2>0.02000963, 0.33736669, 0.6181244 </corner2></bounds><pose><translation>-1.06202896, -0.58486981,  0.16136036</translation><rotation><c1>1., 0., 0.</c1><c2>0., 1., 0.</c2><c3>0., 0., 1.</c3></rotation></pose><symmetry><x>none</x><y>none</y><z>twoFold</z></symmetry><detectionScore>0.99695396</detectionScore></element><element><id>8</id><category>door</category><bounds><corner1>-2.03348533, -1.26507121, -1.33245299</corner1><corner2>2.03348533, 1.26507121, 1.33245299</corner2></bounds><pose><translation> 4.57804964, -0.00462971, -2.80002218</translation><rotation><c1>1., 0., 0.</c1><c2>0., 1., 0.</c2><c3>0., 0., 1.</c3></rotation></pose><symmetry><x>twoFold</x><y>twoFold</y><z>twoFold</z></symmetry><detectionScore>0.50129426</detectionScore></element><element><id>6</id><category>dining_table</category><bounds><corner1>-1.69133434, -0.44294683, -1.35355193</corner1><corner2>1.69133434, 0.44294683, 1.35355193</corner2></bounds><pose><translation> 4.23237497, -0.98341872,  0.68032497</translation><rotation><c1>1., 0., 0.</c1><c2>0., 1., 0.</c2><c3>0., 0., 1.</c3></rotation></pose><symmetry><x>none</x><y>twoFold</y><z>none</z></symmetry><detectionScore>0.80923826</detectionScore></element></elements></scene>