<?xml version='1.0' encoding='utf-8'?>
<scene xmlns:sumo="https://www.sumochallenge.org"><version>2.0</version><categories><id>fb_categories_v1.0</id><url>https://sumochallenge.org/en/categories-1_0.json</url></categories><project_type>bounding_box</project_type><elements><element><id>18</id><category>wall</category><bounds><corner1>-4.0569368 , -1.14437435, -0.60249374</corner1><corner2>4.0569368 , 1.14437435, 0.60249374</corner2></bounds><pose><translation> 3.55368026,  0.02391183, -1.65216593</translation><rotation><c1>1., 0., 0.</c1><c2>0., 1., 0.</c2><c3>0., 0., 1.</c3></rotation></pose><symmetry><x>none</x><y>twoFold</y><z>none</z></symmetry><detectionScore>0.6608299</detectionScore></element><element><id>5</id><category>chair</category><bounds><corner1>-0.43924008, -0.55292728, -0.75645055</corner1><corner2>0.43924008, 0.55292728, 0.75645055</corner2></bounds><pose><translation>-2.10626474, -1.33395328,  3.53134477</translation><rotation><c1>1., 0., 0.</c1><c2>0., 1., 0.</c2><c3>0., 0., 1.</c3></rotation></pose><symmetry><x>none</x><y>none</y><z>none</z></symmetry><detectionScore>0.86519927</detectionScore></element><element><id>15</id><category>computer</category><bounds><corner1>-0.36662472, -0.30597048, -0.26184993</corner1><corner2>0.36662472, 0.30597048, 0.26184993</corner2></bounds><pose><translation>-0.38487029, -0.53136592, -2.1549498 </translation><rotation><c1>1., 0., 0.</c1><c2>0., 1., 0.</c2><c3>0., 0., 1.</c3></rotation></pose><symmetry><x>none</x><y>none</y><z>none</z></symmetry><detectionScore>0.92803496</detectionScore></element><element><id>10</id><category>column</category><bounds><corner1>-0.36581271, -1.11015697, -0.71884773</corner1><corner2>0.36581271, 1.11015697, 0.71884773</corner2></bounds><pose><translation>0.82363674, 0.05657709, 3.42086952</translation><rotation><c1>1., 0., 0.</c1><c2>0., 1., 0.</c2><c3>0., 0., 1.</c3></rotation></pose><symmetry><x>twoFold</x><y>fourFold</y><z>twoFold</z></symmetry><detectionScore>0.82257426</detectionScore></element><element><id>11</id><category>chair</category><bounds><corner1>-2.00266743, -0.05548641, -1.74228207</corner1><corner2>2.00266743, 0.05548641, 1.74228207</corner2></bounds><pose><translation> 1.49594054, -0.7424986 ,  0.96181198</translation><rotation><c1>1., 0., 0.</c1><c2>0., 1., 0.</c2><c3>0., 0., 1.</c3></rotation></pose><symmetry><x>none</x><y>none</y><z>none</z></symmetry><detectionScore>0.6631494</detectionScore></element><element><id>4</id><category>wall</category><bounds><corner1>-1.85228732, -1.06477758, -0.14047317</corner1><corner2>1.85228732, 1.06477758, 0.14047317</corner2></bounds><pose><translation>1.46095616, 0.08008196, 4.24592169</translation><rotation><c1>1., 0., 0.</c1><c2>0., 1., 0.</c2><c3>0., 0., 1.</c3></rotation></pose><symmetry><x>none</x><y>twoFold</y><z>none</z></symmetry><detectionScore>0.71460915</detectionScore></element><element><id>6</id><category>computer</category><bounds><corner1>-0.33193875, -0.29055143, -0.22569737</corner1><corner2>0.33193875, 0.29055143, 0.22569737</corner2></bounds><pose><translation>-2.8330213 , -0.50883653, -2.20100443</translation><rotation><c1>1., 0., 0.</c1><c2>0., 1., 0.</c2><c3>0., 0., 1.</c3></rotation></pose><symmetry><x>none</x><y>none</y><z>none</z></symmetry><detectionScore>0.8495833</detectionScore></element><element><id>3</id><category>desk</category><bounds><corner1>-0.78318626, -0.36026714, -0.65373944</corner1><corner2>0.78318626, 0.36026714, 0.65373944</corner2></bounds><pose><translation>-4.64349131, -1.05134552, -0.77596312</translation><rotation><c1>1., 0., 0.</c1><c2>0., 1., 0.</c2><c3>0., 0., 1.</c3></rotation></pose><symmetry><x>none</x><y>none</y><z>none</z></symmetry><detectionScore>0.63167214</detectionScore></element><element><id>19</id><category>chair</category><bounds><corner1>-0.63033322, -0.66061335, -0.46962052</corner1><corner2>0.63033322, 0.66061335, 0.46962052</corner2></bounds><pose><translation>-3.23752656, -1.38004544, -1.83311775</translation><rotation><c1>1., 0., 0.</c1><c2>0., 1., 0.</c2><c3>0., 0., 1.</c3></rotation></pose><symmetry><x>none</x><y>none</y><z>none</z></symmetry><detectionScore>0.75411093</detectionScore></element><element><id>12</id><category>wall</category><bounds><corner1>-3.14113566, -1.24318867, -5.40016462</corner1><corner2>3.14113566, 1.24318867, 5.40016462</corner2></bounds><pose><translation>-4.49794028, -0.06494742, -7.57205664</translation><rotation><c1>1., 0., 0.</c1><c2>0., 1., 0.</c2><c3>0., 0., 1.</c3></rotation></pose><symmetry><x>none</x><y>twoFold</y><z>none</z></symmetry><detectionScore>0.90351593</detectionScore></element><element><id>1</id><category>desk</category><bounds><corner1>-0.64794721, -0.35013938, -0.67814166</corner1><corner2>0.64794721, 0.35013938, 0.67814166</corner2></bounds><pose><translation>-0.52291895, -1.03370874, -2.02010044</translation><rotation><c1>1., 0., 0.</c1><c2>0., 1., 0.</c2><c3>0., 0., 1.</c3></rotation></pose><symmetry><x>none</x><y>none</y><z>none</z></symmetry><detectionScore>0.8514355</detectionScore></element><element><id>17</id><category>chair</category><bounds><corner1>-0.34361151, -0.34444611, -2.15158388</corner1><corner2>0.34361151, 0.34444611, 2.15158388</corner2></bounds><pose><translation>-0.0157407 , -1.04231725,  1.79910573</translation><rotation><c1>1., 0., 0.</c1><c2>0., 1., 0.</c2><c3>0., 0., 1.</c3></rotation></pose><symmetry><x>none</x><y>none</y><z>none</z></symmetry><detectionScore>0.99026525</detectionScore></element><element><id>13</id><category>column</category><bounds><corner1>-0.75129171, -1.21157325, -0.43281493</corner1><corner2>0.75129171, 1.21157325, 0.43281493</corner2></bounds><pose><translation>-4.17210848, -0.09652223,  3.53193139</translation><rotation><c1>1., 0., 0.</c1><c2>0., 1., 0.</c2><c3>0., 0., 1.</c3></rotation></pose><symmetry><x>twoFold</x><y>fourFold</y><z>twoFold</z></symmetry><detectionScore>0.6848018</detectionScore></element><element><id>16</id><category>window</category><bounds><corner1>-1.76616147, -0.95299163, -0.08941441</corner1><corner2>1.76616147, 0.95299163, 0.08941441</corner2></bounds><pose><translation>-1.35164841,  0.10666527,  4.35526735</translation><rotation><c1>1., 0., 0.</c1><c2>0., 1., 0.</c2><c3>0., 0., 1.</c3></rotation></pose><symmetry><x>none</x><y>twoFold</y><z>none</z></symmetry><detectionScore>0.9630629</detectionScore></element><element><id>9</id><category>computer</category><bounds><corner1>-0.40061727, -0.29813128, -0.15807337</corner1><corner2>0.40061727, 0.29813128, 0.15807337</corner2></bounds><pose><translation>-1.68562031, -0.50948294, -2.18805048</translation><rotation><c1>1., 0., 0.</c1><c2>0., 1., 0.</c2><c3>0., 0., 1.</c3></rotation></pose><symmetry><x>none</x><y>none</y><z>none</z></symmetry><detectionScore>0.9739327</detectionScore></element><element><id>8</id><category>chair</category><bounds><corner1>-0.44305003, -0.53612144, -0.34664167</corner1><corner2>0.44305003, 0.53612144, 0.34664167</corner2></bounds><pose><translation>-4.23010831, -1.30500664,  3.06064674</translation><rotation><c1>1., 0., 0.</c1><c2>0., 1., 0.</c2><c3>0., 0., 1.</c3></rotation></pose><symmetry><x>none</x><y>none</y><z>none</z></symmetry><detectionScore>0.88719565</detectionScore></element><element><id>7</id><category>window</category><bounds><corner1>-1.70920662, -1.06366806, -0.1163718 </corner1><corner2>1.70920662, 1.06366806, 0.1163718 </corner2></bounds><pose><translation>-6.24021487,  0.12194717,  4.31712164</translation><rotation><c1>1., 0., 0.</c1><c2>0., 1., 0.</c2><c3>0., 0., 1.</c3></rotation></pose><symmetry><x>none</x><y>twoFold</y><z>none</z></symmetry><detectionScore>0.7261094</detectionScore></element><element><id>14</id><category>chair</category><bounds><corner1>-0.68773822, -0.33405067, -0.31960868</corner1><corner2>0.68773822, 0.33405067, 0.31960868</corner2></bounds><pose><translation>-4.52350427, -1.08603971, -1.62876764</translation><rotation><c1>1., 0., 0.</c1><c2>0., 1., 0.</c2><c3>0., 0., 1.</c3></rotation></pose><symmetry><x>none</x><y>none</y><z>none</z></symmetry><detectionScore>0.5393013</detectionScore></element><element><id>20</id><category>computer</category><bounds><corner1>-2.06371899, -0.44954258, -2.57027749</corner1><corner2>2.06371899, 0.44954258, 2.57027749</corner2></bounds><pose><translation> 0.75353076, -0.67513378,  1.75793385</translation><rotation><c1>1., 0., 0.</c1><c2>0., 1., 0.</c2><c3>0., 0., 1.</c3></rotation></pose><symmetry><x>none</x><y>none</y><z>none</z></symmetry><detectionScore>0.9806795</detectionScore></element></elements></scene>